window_idx,history_start,history_end,history_length,n_series,trend_strength,trend_linearity,seasonal_strength,seasonal_correlation,residual_autocorr_lag1,spectral_entropy
0,3478,7478,4000,1,0.9961376176261093,0.0006366537905310617,0.5467089573157796,0.49878083403611423,0.9522183432531788,4387.558561366822
1,2758,6758,4000,1,0.9981563145355721,0.0008792957764135039,0.5064019809131166,0.44039416076310356,0.9544482954040933,4943.948709576466
2,2038,6038,4000,1,0.9987935345082178,0.0011341580416589397,0.48574359027348335,0.3469881297635063,0.9005024216792386,5351.190372957998
3,1318,5318,4000,1,0.9993039627665936,0.0011594910798244835,0.4658205830377953,0.3006741882747502,0.944684816626463,5748.084304384638
4,598,4598,4000,1,0.9992436160432634,0.0011164250408127133,0.44946710484059293,0.3306969330847374,0.9412946762863234,5577.7537340924455
5,0,3878,3878,1,0.9988951173253163,0.0009159241390004929,0.32515786798121005,0.35584446011787224,0.9378751938105414,4979.671017590369
6,0,3158,3158,1,0.997821867940672,0.0007987166762102953,0.26004431006443807,0.28492165339594644,0.9279176139585771,2588.733875762022
