window_idx,history_start,history_end,history_length,n_series,trend_strength,trend_linearity,seasonal_strength,seasonal_correlation,residual_autocorr_lag1,spectral_entropy
0,3478,7478,4000,1,0.995390509273169,0.0006381449120111755,0.4796870484397032,0.4796950218077076,0.9299676282864773,4374.409179345641
1,2758,6758,4000,1,0.9974961279433645,0.0008772704724811637,0.41653912860269593,0.4210730161285884,0.9212714043677325,4931.655014494887
2,2038,6038,4000,1,0.9982948069088271,0.0011324708291022248,0.3885508315935282,0.43018679014455924,0.9324417471357929,5349.523693535328
3,1318,5318,4000,1,0.9988042968482326,0.0011621139193048568,0.31479393795126775,0.40341978573320425,0.9417537595031361,5749.182424801471
4,598,4598,4000,1,0.9988017842113932,0.001118751651020648,0.3225884844168325,0.4116659537705405,0.9411327106067124,5580.238582882495
5,0,3878,3878,1,0.9984218079625736,0.000919671429634088,0.2621842976171508,0.3919603919174971,0.9428967680058346,4980.796414990862
6,0,3158,3158,1,0.9964883118798673,0.000805354852910888,0.15061119872938455,0.31191217424510614,0.9383686577984337,2588.491717370111
