window_idx,history_start,history_end,history_length,n_series,trend_strength,trend_linearity,seasonal_strength,seasonal_correlation,residual_autocorr_lag1,spectral_entropy
0,4064,8064,4000,1,0.9548362984939343,-0.014235310897737666,0.05647301511418423,0.041590667561723645,0.12677718887863398,23828.9741875553
1,3344,7344,4000,1,0.9150702163362195,-0.0012906748173137095,0.11328168310026243,0.027668927856749907,0.05370475037965176,24649.336353065868
2,2624,6624,4000,1,0.7877700944171393,0.013462007449428761,0.06483040345084334,0.03562434768966163,0.03104944529123039,24909.890986824772
3,1904,5904,4000,1,0.5965813179516197,0.005956310256757706,0.15676466694081825,0.03467035641361406,0.006924269810999147,25371.235638314196
4,1184,5184,4000,1,0.15798359188465438,0.0008807339832677129,0.23729446257692333,0.03336881414472679,-0.011850957778532996,25448.035362605195
5,464,4464,4000,1,0.1663317453830735,0.0006661374221230522,0.22338910763425768,0.0317627527873212,0.006690956914855895,25389.079303059458
6,0,3744,3744,1,0.16495979414555006,-3.96121073611057e-05,0.22138347042576512,0.026683237474932817,-0.0019097332559353181,23637.73718527147
7,0,3024,3024,1,0.19308985076812668,-0.0005107135661221419,0.21916623241327593,0.03991590595377648,0.00779502818601659,18701.53739017267
