window_idx,history_start,history_end,history_length,n_series,trend_strength,trend_linearity,seasonal_strength,seasonal_correlation,residual_autocorr_lag1,spectral_entropy
0,3478,7478,4000,1,0.9956139387814261,0.0006383391312735766,0.5819456867298713,0.5143197857774405,0.9366258523916675,4376.601081781434
1,2758,6758,4000,1,0.9977628261760653,0.0008819320482759054,0.529695791127494,0.4770532419217612,0.937981221451506,4937.95895632829
2,2038,6038,4000,1,0.9984661317655383,0.0011314221570444712,0.48829567088115344,0.4724212942155064,0.8932850852403393,5346.11641283935
3,1318,5318,4000,1,0.9990313845602424,0.0011550845120971744,0.4512584532013738,0.42187525605056775,0.9321241470724267,5750.368503136887
4,598,4598,4000,1,0.9990232388806998,0.0011168810610274638,0.4472477047158424,0.48906960254649073,0.9264089635569369,5582.551729084424
5,0,3878,3878,1,0.9990568603936538,0.0009189113871252188,0.5075357996215597,0.46666259829450485,0.9153718485080818,4957.261845239516
6,0,3158,3158,1,0.9980899151370736,0.0008014580839418038,0.44645829609215193,0.41471616617659124,0.9182472513656164,2586.8338916589046
