window_idx,history_start,history_end,history_length,n_series,trend_strength,trend_linearity,seasonal_strength,seasonal_correlation,residual_autocorr_lag1,spectral_entropy
0,4064,8064,4000,1,0.9584382789019824,-0.014924507337024322,0.0631730818414381,0.05740405844519027,0.27349013218897444,23387.484234670723
1,3344,7344,4000,1,0.9294878857466933,-0.002470145669167151,0.10421364424586066,0.043132571699469734,0.11605263552435645,24266.538375313525
2,2624,6624,4000,1,0.8311667884928362,0.013795314398179206,0.06944828270544334,0.03310591622788856,0.05411994773868636,24512.78341531982
3,1904,5904,4000,1,0.6569012929255937,0.005809795371201896,0.08592342563564648,0.03913683603684232,0.015617460732527528,24919.58603541177
4,1184,5184,4000,1,0.20511656504804865,0.0007083752028739126,0.1280639643887571,0.02191949702846096,-0.010440938348489177,25041.418094402976
5,464,4464,4000,1,0.20196928999621855,0.0004758708066686866,0.11321966828424723,0.01814253717072105,0.003747402560754023,25017.66262620253
6,0,3744,3744,1,0.2068258754183384,-0.0003128911971762148,0.11912473415438529,0.0200182889335631,0.010479697078862872,23263.861952892465
7,0,3024,3024,1,0.2306082321909233,-5.5546468001137735e-05,0.11937190573849732,0.04450123131571387,0.016283612927528578,18388.5715528974
