window_idx,history_start,history_end,history_length,n_series,trend_strength,trend_linearity,seasonal_strength,seasonal_correlation,residual_autocorr_lag1,spectral_entropy
0,4064,8064,4000,1,0.9218736064021166,-0.010826390986880582,0.03413265217317196,0.05521550727416158,0.40967450592119103,24040.937100569867
1,3344,7344,4000,1,0.8943570732700606,-0.0007118139944437521,0.07697742341298885,0.03730823814007549,0.23546868565559856,24512.559194112448
2,2624,6624,4000,1,0.7754303092116523,0.011218820147357889,0.05977231558302987,0.028622750493523533,0.12552468144860493,24789.352218976826
3,1904,5904,4000,1,0.6049989830324243,0.005639537727027664,0.08941421942151584,0.033647606678560524,0.019545662446202407,24977.838346810415
4,1184,5184,4000,1,0.03339724828661206,0.0002462788128058836,0.15666844774664979,0.0441671662281611,-0.014714784877189281,25023.922399030518
5,464,4464,4000,1,0.017704455590682455,3.355223666708204e-05,0.14754425282661954,0.037256044757418776,0.011640758195939054,25022.682450556804
6,0,3744,3744,1,0.010769591028275238,-8.869019532044452e-05,0.1267211751754711,0.037010108471897604,0.0016726992240955621,23282.213020515752
7,0,3024,3024,1,0.013614486033959539,-1.6359495180326726e-05,0.13836239314428722,0.04080752163408413,-0.0012285545783359442,18509.296072225516
