window_idx,history_start,history_end,history_length,n_series,trend_strength,trend_linearity,seasonal_strength,seasonal_correlation,residual_autocorr_lag1,spectral_entropy
0,13233,17233,4000,1,0.9137646519159417,0.0002876616928864316,0.0053165298084031365,0.029460172113893457,0.9931716866256276,105.49970613727055
1,12513,16513,4000,1,0.9419246637787763,0.00046632118706971113,0.0,0.008870240562374999,0.9938891815999954,1233.735501738557
2,11793,15793,4000,1,0.9473744683255246,0.0004302189161015086,0.008585698024153432,0.05850652616470954,0.9921105798263405,1865.106096929229
3,11073,15073,4000,1,0.9274759797667743,0.0003015749675379936,0.0,0.12299100321168113,0.9889092704751845,1932.6379415064246
4,10353,14353,4000,1,0.8323191717087096,0.0001352239067136012,0.03291863243654347,0.14310298839166827,0.9851368632062304,-1295.2473246256206
5,9633,13633,4000,1,0.8960176631538697,0.00012247413983874778,0.08751727804817455,0.20818815261385681,0.9756811355390526,-1957.617562445937
6,8913,12913,4000,1,0.8711103084304068,0.00010194121561735514,0.06449067757681115,0.2747375836147556,0.9783667096484319,-2868.557337968415
7,8193,12193,4000,1,0.8879130395365635,0.00010262250546203603,0.12906174542092574,0.18844095249039736,0.9860354406528054,-2546.54732380512
8,7473,11473,4000,1,0.9379320289584295,7.030539534622135e-05,0.18456621504653914,0.22188157988508833,0.9580275249921696,-3766.7633353667266
9,6753,10753,4000,1,0.8585254373217126,2.8350552930250944e-05,0.09411942266221973,0.25978788627447436,0.9732397491395031,-4754.5496422433935
10,6033,10033,4000,1,0.8333426143411973,-1.9872164195581152e-05,0.06512192575992848,0.22281315945149344,0.9756062845775813,-4779.446216943352
11,5313,9313,4000,1,0.8565985759283861,-7.298037243508583e-05,0.021727953859932092,0.17901646127658905,0.9761653987404864,-4015.492057136771
12,4593,8593,4000,1,0.8181494203561144,-8.618669977180808e-05,0.019622220208932895,0.07107813722627979,0.9857213017828939,-3310.483615718715
13,3873,7873,4000,1,0.7730993252363377,-6.204592030632092e-05,0.0,0.06459859803936784,0.9853342728673125,-3681.5979722892525
14,3153,7153,4000,1,0.6995997260572735,3.261739540263539e-06,0.0,0.0622212380534002,0.9894075793563254,-2844.8167401791416
