{
  "model": "visiontspp",
  "dataset": "current_velocity_5T",
  "method": "BM",
  "ratio": 0.3,
  "term": "long",
  "imputation_method": "linear",
  "n_windows": 20,
  "period": 288,
  "inject_range": {
    "dataset_name": "current_velocity_5T",
    "term": "long",
    "frequency": "5T",
    "prediction_length": 720,
    "windows": 20,
    "max_context": 4000,
    "start_index": 8086,
    "end_index": 25766,
    "injection_length": 17680,
    "total_length": 26486
  },
  "summary": {
    "mean": {
      "trend_strength": 0.25677863962489467,
      "trend_linearity": -1.2027768482054985e-06,
      "seasonal_strength": 0.937396911454033,
      "seasonal_correlation": 0.09493361694240143,
      "residual_autocorr_lag1": 0.976324367031028,
      "spectral_entropy": -1948.1326597913144
    },
    "std": {
      "trend_strength": 0.10531222488631134,
      "trend_linearity": 2.007951562086675e-05,
      "seasonal_strength": 0.010767858836004854,
      "seasonal_correlation": 0.04087931617167742,
      "residual_autocorr_lag1": 0.010105706778366532,
      "spectral_entropy": 461.9501367201979
    },
    "min": {
      "trend_strength": 0.0538122062351295,
      "trend_linearity": -3.294353793932385e-05,
      "seasonal_strength": 0.9125035252642346,
      "seasonal_correlation": 0.04066003146798782,
      "residual_autocorr_lag1": 0.9613920360881884,
      "spectral_entropy": -2484.3122478998575
    },
    "max": {
      "trend_strength": 0.4332721123452341,
      "trend_linearity": 4.284160769052175e-05,
      "seasonal_strength": 0.9534440144094994,
      "seasonal_correlation": 0.2044004369634562,
      "residual_autocorr_lag1": 0.9889821846962041,
      "spectral_entropy": -1145.53441950562
    }
  }
}