window_idx,history_start,history_end,history_length,n_series,trend_strength,trend_linearity,seasonal_strength,seasonal_correlation,residual_autocorr_lag1,spectral_entropy
0,867,4867,4000,1,0.45648422087765483,-0.0002077608979500325,0.5074633605977534,0.5715525019258539,0.722930624467599,20414.43834700383
1,147,4147,4000,1,0.47782213315752975,-0.001454860608241556,0.48278893877808504,0.5162666821518862,0.7217908808455473,20237.082945229507
2,0,3427,3427,1,0.37740944241665697,-0.0008452995573428166,0.4483747165610765,0.49034596765006067,0.7497738152522633,16948.37418561313
3,0,2707,2707,1,0.34118991270141297,-0.0017638728493257474,0.3828171009647824,0.42634538269346484,0.7546091829405722,13105.870291458186
4,0,1987,1987,1,0.45370398542319323,-0.0038889916146251768,0.48290934193365376,0.6267024443109455,0.7391129603435128,9317.085091039185
