window_idx,history_start,history_end,history_length,n_series,trend_strength,trend_linearity,seasonal_strength,seasonal_correlation,residual_autocorr_lag1,spectral_entropy
0,13233,17233,4000,1,0.8847758989528434,0.0002846354655266883,0.0,0.08127660171588691,0.9875117625788247,1466.0935361479808
1,12513,16513,4000,1,0.9249132189275507,0.00046339499635618164,0.0,0.09311121042424803,0.9880011483393422,1994.4312325947205
2,11793,15793,4000,1,0.9392511235012853,0.0004235678089709848,0.003894793503512628,0.09292094875357214,0.9829292807842273,2080.953257673042
3,11073,15073,4000,1,0.8802134533040316,0.00029333846250970147,0.009685071258710876,0.11317295771714966,0.9858667191631802,2059.79102562905
4,10353,14353,4000,1,0.8469722754274503,0.0001354163355506376,0.032496720800536893,0.0777828157455981,0.9921681980365515,-1391.6367783485584
5,9633,13633,4000,1,0.9058422652788518,0.00012377614181998347,0.034344711060116495,0.12108393011627683,0.9828411621517571,-1952.2654997201887
6,8913,12913,4000,1,0.8953941097431442,0.00010830127416011462,0.010251937743411044,0.1081040839758378,0.9845319607737276,-2716.4783448783287
7,8193,12193,4000,1,0.9025375773106349,0.00010867792769806315,0.041070569057327866,0.08399007675668083,0.9854197062815957,-2457.32318062934
8,7473,11473,4000,1,0.9391143258150444,7.021880538292888e-05,0.16220136781373784,0.0909311797308028,0.9669030864153672,-3274.023448465027
9,6753,10753,4000,1,0.8930807011850196,3.359281016820043e-05,0.2085516694289028,0.0838237881519382,0.9645933572925486,-4210.097442116685
10,6033,10033,4000,1,0.8724982605574914,-1.6199482935070046e-05,0.1794418463719597,0.12112146716499261,0.9669876926768967,-4386.212463459551
11,5313,9313,4000,1,0.8505242521910391,-6.78009442031557e-05,0.05963209660010227,0.18947273499150116,0.9684742303405262,-3694.725568567191
12,4593,8593,4000,1,0.8271148494001427,-8.50833524735887e-05,0.06796293197707248,0.09301415767375638,0.9831517467981549,-2953.24040095243
13,3873,7873,4000,1,0.7840582916468041,-6.523429231890689e-05,0.04546200465538297,0.1009515346574663,0.9846908391918041,-3315.901704228644
14,3153,7153,4000,1,0.7104047922967576,4.793878096051271e-07,0.0,0.12524175311824662,0.988052915617276,-2706.333347227942
