window_idx,history_start,history_end,history_length,n_series,trend_strength,trend_linearity,seasonal_strength,seasonal_correlation,residual_autocorr_lag1,spectral_entropy
0,13233,17233,4000,1,0.9171792207138494,0.000287026616426302,0.013257742348237955,0.040623297220300524,0.9939142076632174,2.6270579743277267
1,12513,16513,4000,1,0.942535134003322,0.0004654090570677793,0.0,0.017559837182990538,0.9939292789212173,1230.544627973093
2,11793,15793,4000,1,0.9547262485128108,0.0004310720074876493,0.020397998158623754,0.05322963046217694,0.9919972923950561,1858.3352060839825
3,11073,15073,4000,1,0.9279491006306357,0.0003011409716735673,0.0036815902949586254,0.11803243750784653,0.9921302167149672,1931.4199542414544
4,10353,14353,4000,1,0.8384525684010353,0.00013563816855476402,0.057673967198670795,0.11963734228162823,0.9914329124664869,-1462.2277862377784
5,9633,13633,4000,1,0.9030063116591153,0.00012581549222576876,0.09417271297870011,0.15631729521367724,0.9809444114247052,-1972.0162580088372
6,8913,12913,4000,1,0.8776585406462033,0.00010326088289165347,0.08065702074435654,0.21640400499123186,0.9815131745492961,-2904.4528585610624
7,8193,12193,4000,1,0.8873747885407488,0.00010262568578331245,0.12395830419733511,0.14444195732695203,0.9844228429100421,-2563.0550075213932
8,7473,11473,4000,1,0.935848957896903,7.031179297805769e-05,0.16938558346207888,0.1759863931381689,0.9537475664416648,-3815.220046700715
9,6753,10753,4000,1,0.8574537744262316,2.7927557956154507e-05,0.09761695255511027,0.22224970901734906,0.9721077001220687,-4928.412447644787
10,6033,10033,4000,1,0.8291043458314216,-2.0018312327620476e-05,0.057311948021823045,0.20312014256444164,0.9751404336283961,-4987.179429761631
11,5313,9313,4000,1,0.852403620170817,-7.417444118250203e-05,0.025758983922073098,0.15908932916853105,0.980452829048674,-4284.645612265106
12,4593,8593,4000,1,0.8183080272474239,-8.69669765142709e-05,0.01787876806616384,0.06997923195557886,0.9867864747317455,-3433.33839262984
13,3873,7873,4000,1,0.7761117065204131,-6.21073104724652e-05,0.0,0.06078282558827019,0.9873594497010512,-3810.1356800104804
14,3153,7153,4000,1,0.7055043478185277,3.860165069561713e-06,0.0,0.03947044648643788,0.9900178190090394,-2925.07332112149
