window_idx,history_start,history_end,history_length,n_series,trend_strength,trend_linearity,seasonal_strength,seasonal_correlation,residual_autocorr_lag1,spectral_entropy
0,867,4867,4000,1,0.6351499192446706,-0.00063909469966415,0.5941687438155101,0.6466933726026451,0.7168775096246711,20544.06583320986
1,147,4147,4000,1,0.6405773680840323,-0.0023069216428127184,0.56389262433411,0.651820416873798,0.7239793043206553,20344.653293401523
2,0,3427,3427,1,0.617921682431358,-0.002478191982286229,0.5859454027338596,0.6658960461862484,0.753969380007523,17054.68266176607
3,0,2707,2707,1,0.5949149188534509,-0.002801883346364725,0.5706537665212932,0.6419341938386196,0.7494702657430821,13217.856453038854
4,0,1987,1987,1,0.6131861050475595,-0.005565188023875437,0.534648883428265,0.6210143601020143,0.7571986336870589,9313.453557670146
