window_idx,history_start,history_end,history_length,n_series,trend_strength,trend_linearity,seasonal_strength,seasonal_correlation,residual_autocorr_lag1,spectral_entropy
0,12039,16039,4000,1,0.6000188472966184,0.0020699572896049697,0.5615134886174662,0.7383692254517702,0.8412983617096652,20082.510079965185
1,11319,15319,4000,1,0.6466296681794357,0.003429469311268384,0.5371768804331785,0.6705819154919868,0.8258086842446798,20404.70374819838
2,10599,14599,4000,1,0.6762584270412879,0.0031898687782125,0.5454546790176991,0.6128485254886481,0.8126010057994684,20347.28123676742
3,9879,13879,4000,1,0.6473247661191202,0.00017439003161702623,0.5398413472648372,0.6812428776152997,0.8015011275574128,20397.486742790345
4,9159,13159,4000,1,0.5437614496854765,-0.003064987933357,0.4901352489781303,0.7234669082149714,0.8039914639450889,20451.646150262037
5,8439,12439,4000,1,0.6047670138368075,-0.00226674864834171,0.5401949650770814,0.7198960247950075,0.7818967714832702,20108.890892649495
6,7719,11719,4000,1,0.48299806535391976,-0.0004014716021586001,0.42145888285978483,0.6618950229955695,0.838202730315862,19828.471815972647
7,6999,10999,4000,1,0.47787032349080993,-4.854549245218966e-05,0.4169988881950243,0.6630721134718136,0.843382602704635,19850.298541922304
8,6279,10279,4000,1,0.4522945521659457,9.98768315240536e-06,0.4454937889720294,0.727183634267724,0.8568431156404696,19889.635645353497
9,5559,9559,4000,1,0.4807458479290916,0.00011097220228654108,0.3985341109933418,0.5884506798266523,0.8319150869225002,19824.843324924135
10,4839,8839,4000,1,0.5105618914992187,0.0015816136771865308,0.40813872560418674,0.5997286599249998,0.8182842953437917,20164.566072360423
11,4119,8119,4000,1,0.626763981590295,0.00046213445092231246,0.5245804128017832,0.6072898925659312,0.7747631481480022,20209.03589130083
12,3399,7399,4000,1,0.5890164681227277,-0.0003896897129665935,0.523184818314222,0.6252492860957709,0.8070010520253136,20291.06315107474
13,2679,6679,4000,1,0.5915657231638767,-0.0009016386494076438,0.5385178623506323,0.6284336615513565,0.7851187105102846,20115.857799418132
