window_idx,history_start,history_end,history_length,n_series,trend_strength,trend_linearity,seasonal_strength,seasonal_correlation,residual_autocorr_lag1,spectral_entropy
0,867,4867,4000,1,0.6204533312827706,-0.0003944629633279393,0.6747637449057757,0.7424148389652805,0.6468214088668229,20625.864547223624
1,147,4147,4000,1,0.618945347809996,-0.0018490298542745162,0.6615015273122005,0.7439674582939045,0.6594364610624289,20488.77855183997
2,0,3427,3427,1,0.5958449008547133,-0.001761167318322409,0.6723314011758486,0.7536796300919977,0.6856371490224826,17166.487870315315
3,0,2707,2707,1,0.5898616279929767,-0.002811562694364734,0.6402928958933848,0.7320338121070015,0.688758276835727,13331.33759475216
4,0,1987,1987,1,0.6121398083865586,-0.006066608655326407,0.6155108036899193,0.7351924343100167,0.6935233431645108,9467.947138984715
