window_idx,history_start,history_end,history_length,n_series,trend_strength,trend_linearity,seasonal_strength,seasonal_correlation,residual_autocorr_lag1,spectral_entropy
0,12700,16700,4000,1,0.8740835663589073,0.005503160801405393,0.440321246281447,0.7906616989758907,0.9087099384442332,16429.476517698222
1,11980,15980,4000,1,0.8165054512024895,0.0024987528573801876,0.4090270750747538,0.7423095352117455,0.9017130702141923,16360.55529877701
2,11260,15260,4000,1,0.7920599619453425,-0.0014447004425086297,0.44156843071850616,0.7131764083695554,0.9163279137804639,16243.367550776986
3,10540,14540,4000,1,0.8327361544294747,-0.004295941793243154,0.3542825845029757,0.6721205815245386,0.901868672966769,16296.472731800415
4,9820,13820,4000,1,0.8971383405909023,-0.0063469330329649675,0.4323096160411263,0.6838661865850227,0.8931414120968891,16127.632775621418
5,9100,13100,4000,1,0.9205193897444712,-0.007912164359612235,0.4729599152411099,0.7078101793374971,0.8817029607250274,16078.494759905134
6,8380,12380,4000,1,0.8954094495083967,-0.005390525189857125,0.4723739731543132,0.7634512702042003,0.8606757289341399,15726.2165797161
7,7660,11660,4000,1,0.8321781485778192,-0.002597152985144753,0.3949124975081252,0.7254012650928988,0.8762219364670716,16075.309603626854
8,6940,10940,4000,1,0.8064558880973163,0.000991759315268182,0.4315815878575153,0.7717314813981808,0.880693311666786,16274.437226860475
9,6220,10220,4000,1,0.876043314819038,0.005242565900019588,0.4828685446837604,0.8058608482336772,0.8877643668613009,16326.896718084141
10,5500,9500,4000,1,0.9096241708323907,0.006949878367591075,0.5267114912517622,0.7994596233063532,0.8718111484270222,16361.352131294336
11,4780,8780,4000,1,0.8794490315954152,0.005897004600303063,0.4584043011190895,0.7747499562575237,0.8864980667883736,16789.41780602497
12,4060,8060,4000,1,0.8740446061624756,0.004900411314975726,0.4771697237874343,0.7910122523976146,0.8906713907376257,16963.721517306614
13,3340,7340,4000,1,0.8430804960721034,0.002620852047828747,0.48836833096988064,0.7563206706581865,0.8924394816091006,16260.882954726785
14,2620,6620,4000,1,0.789761374372683,-0.0005643721355423938,0.43793865293970824,0.7282889389010881,0.8927091443153569,15849.567058409877
