window_idx,history_start,history_end,history_length,n_series,trend_strength,trend_linearity,seasonal_strength,seasonal_correlation,residual_autocorr_lag1,spectral_entropy
0,12700,16700,4000,1,0.816876992496291,0.001502166948932912,0.03512525413072487,0.12490081731082525,0.8615547655176947,15472.077426482847
1,11980,15980,4000,1,0.8027042979944695,0.0005610761460430585,0.03676722169176616,0.227663920324693,0.8624485602016463,15654.037390049869
2,11260,15260,4000,1,0.816303923732133,-0.0007245772033472432,0.058619378494912056,0.2916952097595524,0.8545144485204786,15516.375138876565
3,10540,14540,4000,1,0.8281908957789847,-0.001865666638861564,0.04364107388823868,0.21082008221307452,0.8525301664153866,15483.201447786894
4,9820,13820,4000,1,0.8691201575353582,-0.0027193388316092597,0.0758798552227885,0.2637515216141327,0.8393263655769292,15263.808957784571
5,9100,13100,4000,1,0.8951558235427536,-0.003193272828958548,0.1422504214659347,0.47128518837501476,0.8301725201913923,15125.286742839227
6,8380,12380,4000,1,0.9017815381459002,-0.003007588049133533,0.20410692775462536,0.44124988101560203,0.8031959210336631,14947.970220414982
7,7660,11660,4000,1,0.8511322728707544,-0.0017815417242288952,0.22311195040824605,0.43915975088390125,0.7991106554114819,15046.367406535366
8,6940,10940,4000,1,0.8105763495099413,-0.00056110865677584,0.25921218583812566,0.4620043115548748,0.7810264105109928,15144.754828397286
9,6220,10220,4000,1,0.8425842442399066,0.0016054537246133367,0.23493946547391542,0.5008365979333778,0.7999175653541678,15340.37076746321
10,5500,9500,4000,1,0.8726385392529155,0.0029884052937335513,0.22855621582728236,0.44853593211278026,0.809664180820083,15495.060071110238
11,4780,8780,4000,1,0.862061125267098,0.0027177034184801573,0.2174741653171267,0.4173416975559546,0.8230517851057849,15410.47833258042
12,4060,8060,4000,1,0.8528904226566731,0.0021737480101410786,0.2107085335795158,0.3058174317338511,0.8133065920851283,15622.090042468146
13,3340,7340,4000,1,0.7948114329521675,0.0005156761601520418,0.14264096523272896,0.27084438448023307,0.8321915389585989,15559.106600393405
14,2620,6620,4000,1,0.7954621487400565,-0.0014022506704894342,0.11602670820696759,0.29846150824082956,0.8308620389586855,15551.17051020557
