window_idx,history_start,history_end,history_length,n_series,trend_strength,trend_linearity,seasonal_strength,seasonal_correlation,residual_autocorr_lag1,spectral_entropy
0,12700,16700,4000,1,0.9209680157366539,0.0023664245768237934,0.12136724885391836,0.17514514685005256,0.8515777936103989,13167.431102167708
1,11980,15980,4000,1,0.8898020496179553,0.0009712547946388328,0.1235484806731516,0.20252097112971276,0.8549555476745103,12971.58112202165
2,11260,15260,4000,1,0.9222099146298384,-0.0008562710751964562,0.19819059512348558,0.23246700691661237,0.8144775640838569,12793.66306120246
3,10540,14540,4000,1,0.9543497469888537,-0.003090885616823726,0.19364855383871793,0.22236874587832986,0.8259098174005184,13030.408990750473
4,9820,13820,4000,1,0.9576701310581134,-0.0038360433454853187,0.21049451823415888,0.2892380802242875,0.8223687188686537,13710.44075088095
5,9100,13100,4000,1,0.9684286274730862,-0.004545629035917938,0.2955819457797523,0.4902480189791787,0.7933508551015054,14077.793825113782
6,8380,12380,4000,1,0.9572737422114991,-0.004031424126436968,0.3006996015500655,0.4577928235478203,0.7769874305150851,14392.762225612318
7,7660,11660,4000,1,0.9262942945490802,-0.0026422555794809372,0.32385517439173495,0.4757041567191,0.7892678763848258,14608.710006770089
8,6940,10940,4000,1,0.8495310765731952,-0.0009039160506154437,0.31808401773789086,0.5220319093482015,0.7884690682819432,14904.938610627632
9,6220,10220,4000,1,0.8886566033423389,0.0016264787422765818,0.29511905170520103,0.4729361517113741,0.7980932986891706,15032.24123832742
10,5500,9500,4000,1,0.9179270114707169,0.0035873478006389166,0.2867284357427943,0.4304693551486347,0.800892641793378,15141.812174383991
11,4780,8780,4000,1,0.9189971356189673,0.003881958979647531,0.2578142559567286,0.4187005072882868,0.8127603290692625,15096.987549657471
12,4060,8060,4000,1,0.9102134457335146,0.0032225002756564322,0.23901834662648835,0.3615943863798041,0.8147309968969215,15073.138469105
13,3340,7340,4000,1,0.8695553287426404,0.0009576622011207053,0.15152855780459407,0.3440248075784748,0.8539799046972334,14977.106638339645
14,2620,6620,4000,1,0.8491545416965305,-0.0017842500813970567,0.11279360448266995,0.36093923946781703,0.8515564874501224,15033.726380971433
