window_idx,history_start,history_end,history_length,n_series,trend_strength,trend_linearity,seasonal_strength,seasonal_correlation,residual_autocorr_lag1,spectral_entropy
0,12700,16700,4000,1,0.9028022485780142,0.0020813094601454737,0.1587416038205649,0.28026666972143177,0.8188812322764207,14512.463144664916
1,11980,15980,4000,1,0.8848666693525168,0.0011451843365129987,0.16239491436296005,0.340141101194668,0.8287363133498206,14300.880696121869
2,11260,15260,4000,1,0.9001922484732285,-0.0003988551777292944,0.21664151202656745,0.4024135635866528,0.8231950983624332,14127.753563246157
3,10540,14540,4000,1,0.9225780760235947,-0.0024313138262520326,0.22249472047743002,0.3780033621210473,0.81645888672249,14145.663706470172
4,9820,13820,4000,1,0.942772570675577,-0.0033833675754670984,0.26211899463861044,0.458831767054399,0.7944411561191103,14363.120028268753
5,9100,13100,4000,1,0.9560737387631592,-0.004273728823861516,0.30967987559277654,0.6560127011743833,0.78966452902903,14605.752197114143
6,8380,12380,4000,1,0.9469349741097981,-0.0038988529277174683,0.3000676916589654,0.5897428749640424,0.7704141380770493,14683.517129330161
7,7660,11660,4000,1,0.8944863498538512,-0.00254168403783479,0.23400997982202731,0.5979905436561609,0.8034742364866483,15009.669279973417
8,6940,10940,4000,1,0.815914332253908,-0.0008342279891379195,0.2632233371027006,0.6165490519170025,0.7838023309257113,15312.610145383278
9,6220,10220,4000,1,0.8585552011558182,0.0017559374301912801,0.26601599715335966,0.5584251166393481,0.7905889943567667,15411.151314281838
10,5500,9500,4000,1,0.8958269473369335,0.0034592587931216584,0.26647855855740454,0.5424274494513825,0.7870915552782654,15373.701649325125
11,4780,8780,4000,1,0.8874532514149011,0.0032792449531263597,0.2543828443189349,0.5684610851074255,0.7969546162046669,15498.922560310628
12,4060,8060,4000,1,0.8883791149911304,0.0026921963458803504,0.26783718550612734,0.4804266491748748,0.7997990645792892,15397.872167618467
13,3340,7340,4000,1,0.8777808060493175,0.0011893888390914343,0.25292196832415814,0.45572504274895176,0.792314779878236,15266.03709491566
14,2620,6620,4000,1,0.8535685412138388,-0.0013693192312260174,0.15929942693799337,0.41198741214927426,0.8006385217260192,15218.121912212495
