{
  "model": "visiontspp",
  "dataset": "ETTh2",
  "method": "BM",
  "ratio": 0.2,
  "term": "long",
  "imputation_method": "linear",
  "n_windows": 15,
  "period": 24,
  "inject_range": {
    "dataset_name": "ETTh2",
    "term": "long",
    "frequency": "H",
    "prediction_length": 720,
    "windows": 15,
    "max_context": 4000,
    "start_index": 2620,
    "end_index": 16700,
    "injection_length": 14080,
    "total_length": 17420
  },
  "summary": {
    "mean": {
      "trend_strength": 0.9063168242688469,
      "trend_linearity": 0.0005009425293878103,
      "seasonal_strength": 0.5556623303200933,
      "seasonal_correlation": 0.763792325864198,
      "residual_autocorr_lag1": 0.905495878525249,
      "spectral_entropy": 14318.281929341758
    },
    "std": {
      "trend_strength": 0.044460761098135085,
      "trend_linearity": 0.0058004475206871456,
      "seasonal_strength": 0.04227276348420208,
      "seasonal_correlation": 0.024190342384659343,
      "residual_autocorr_lag1": 0.018175820946542697,
      "spectral_entropy": 861.8235444610835
    },
    "min": {
      "trend_strength": 0.8077070029815385,
      "trend_linearity": -0.009282876637804667,
      "seasonal_strength": 0.4872627749069097,
      "seasonal_correlation": 0.726482484592889,
      "residual_autocorr_lag1": 0.8447749141605895,
      "spectral_entropy": 12694.092300265676
    },
    "max": {
      "trend_strength": 0.9586954184764406,
      "trend_linearity": 0.007904213932095411,
      "seasonal_strength": 0.6483212153171578,
      "seasonal_correlation": 0.8171783578485884,
      "residual_autocorr_lag1": 0.92285435532709,
      "spectral_entropy": 15705.368294231608
    }
  }
}