{
  "model": "visiontspp",
  "dataset": "exchange_rate",
  "method": "BM",
  "ratio": 0.2,
  "term": "long",
  "imputation_method": "mean",
  "n_windows": 11,
  "period": 7,
  "inject_range": {
    "dataset_name": "exchange_rate",
    "term": "long",
    "frequency": "D",
    "prediction_length": 450,
    "windows": 11,
    "max_context": 4000,
    "start_index": 0,
    "end_index": 7138,
    "injection_length": 7138,
    "total_length": 7588
  },
  "summary": {
    "mean": {
      "trend_strength": 0.9781332045407617,
      "trend_linearity": 1.9924235457501513e-05,
      "seasonal_strength": 0.05811153485040488,
      "seasonal_correlation": 0.006314377450258046,
      "residual_autocorr_lag1": 0.7066602658951747,
      "spectral_entropy": -2829.48562716811
    },
    "std": {
      "trend_strength": 0.009165295988401474,
      "trend_linearity": 3.627070344292133e-05,
      "seasonal_strength": 0.045001726611309925,
      "seasonal_correlation": 0.004333515639854851,
      "residual_autocorr_lag1": 0.0367342779596025,
      "spectral_entropy": 409.73135259381326
    },
    "min": {
      "trend_strength": 0.9538124962231489,
      "trend_linearity": -4.427914003547255e-05,
      "seasonal_strength": 0.0,
      "seasonal_correlation": -0.000129287692179086,
      "residual_autocorr_lag1": 0.6206071983643335,
      "spectral_entropy": -3227.0132531175664
    },
    "max": {
      "trend_strength": 0.9886416840500711,
      "trend_linearity": 7.316725784315994e-05,
      "seasonal_strength": 0.1552793750777285,
      "seasonal_correlation": 0.013717782370362525,
      "residual_autocorr_lag1": 0.7615097385484466,
      "spectral_entropy": -1994.3780072218194
    }
  }
}