{
  "model": "visiontspp",
  "dataset": "exchange_rate",
  "method": "BM",
  "ratio": 0.1,
  "term": "long",
  "imputation_method": "forward",
  "n_windows": 11,
  "period": 7,
  "inject_range": {
    "dataset_name": "exchange_rate",
    "term": "long",
    "frequency": "D",
    "prediction_length": 450,
    "windows": 11,
    "max_context": 4000,
    "start_index": 0,
    "end_index": 7138,
    "injection_length": 7138,
    "total_length": 7588
  },
  "summary": {
    "mean": {
      "trend_strength": 0.9964077886547031,
      "trend_linearity": 2.7095593829567968e-05,
      "seasonal_strength": 0.0,
      "seasonal_correlation": 0.005953044718295109,
      "residual_autocorr_lag1": 0.633039093325826,
      "spectral_entropy": -5032.104416277755
    },
    "std": {
      "trend_strength": 0.0012323746226706152,
      "trend_linearity": 4.56352413332716e-05,
      "seasonal_strength": 0.0,
      "seasonal_correlation": 0.003726942471194675,
      "residual_autocorr_lag1": 0.019642787593645378,
      "spectral_entropy": 1028.7155097590908
    },
    "min": {
      "trend_strength": 0.9927910902369135,
      "trend_linearity": -4.749577260395393e-05,
      "seasonal_strength": 0.0,
      "seasonal_correlation": 0.0015041255694300064,
      "residual_autocorr_lag1": 0.5919660838138411,
      "spectral_entropy": -6202.252600930711
    },
    "max": {
      "trend_strength": 0.9978786803585692,
      "trend_linearity": 9.434532260426447e-05,
      "seasonal_strength": 0.0,
      "seasonal_correlation": 0.014029859793741176,
      "residual_autocorr_lag1": 0.6711738661732813,
      "spectral_entropy": -2794.8099778846413
    }
  }
}