{
  "model": "visiontspp",
  "dataset": "exchange_rate",
  "method": "BM",
  "ratio": 0.1,
  "term": "long",
  "imputation_method": "linear",
  "n_windows": 11,
  "period": 7,
  "inject_range": {
    "dataset_name": "exchange_rate",
    "term": "long",
    "frequency": "D",
    "prediction_length": 450,
    "windows": 11,
    "max_context": 4000,
    "start_index": 0,
    "end_index": 7138,
    "injection_length": 7138,
    "total_length": 7588
  },
  "summary": {
    "mean": {
      "trend_strength": 0.9968390127777603,
      "trend_linearity": 2.6978470186708844e-05,
      "seasonal_strength": 0.0,
      "seasonal_correlation": 0.008010438005492044,
      "residual_autocorr_lag1": 0.6276293931201913,
      "spectral_entropy": -5244.280493775624
    },
    "std": {
      "trend_strength": 0.0011034203820941431,
      "trend_linearity": 4.550954203493735e-05,
      "seasonal_strength": 0.0,
      "seasonal_correlation": 0.004260669660292021,
      "residual_autocorr_lag1": 0.02411183278959817,
      "spectral_entropy": 1106.2206877146516
    },
    "min": {
      "trend_strength": 0.993667678453227,
      "trend_linearity": -4.8128158204725074e-05,
      "seasonal_strength": 0.0,
      "seasonal_correlation": 0.0027144058655505115,
      "residual_autocorr_lag1": 0.5905687319123345,
      "spectral_entropy": -6517.695446082067
    },
    "max": {
      "trend_strength": 0.9979959524103812,
      "trend_linearity": 9.378135535815035e-05,
      "seasonal_strength": 0.0,
      "seasonal_correlation": 0.01787587313584509,
      "residual_autocorr_lag1": 0.6605124731583856,
      "spectral_entropy": -2881.0001547931174
    }
  }
}