window_idx,history_start,history_end,history_length,n_series,trend_strength,trend_linearity,seasonal_strength,seasonal_correlation,residual_autocorr_lag1,spectral_entropy
0,4044,8044,4000,1,0.965854679347387,0.0006961623780916441,0.056622440897672766,0.44529044680861873,0.9435536804741529,3892.5949443547097
1,3324,7324,4000,1,0.9581863225778099,0.0005252174410166756,0.0772432451534324,0.5124373929242995,0.9428967094889742,4494.273743138262
2,2604,6604,4000,1,0.8985662514442734,1.8457539488748036e-06,0.05253655812441027,0.5396024411779987,0.9384346191769534,5386.538679294942
3,1884,5884,4000,1,0.9173941511648102,-0.00038024972180866615,0.06997698649875095,0.583084133892599,0.9448912220357049,4855.921840303377
4,1164,5164,4000,1,0.9361399760085762,-0.0005127220177785855,0.08095130065822498,0.5763571767470257,0.944583684497222,5631.337592981636
5,444,4444,4000,1,0.9580481956060689,-0.0007780088227422528,0.06471630857004185,0.5097410108747468,0.9483644173439696,6014.959601281005
6,0,3724,3724,1,0.9534510324325134,-0.0007402677948329634,0.059548933679641425,0.36891953222243457,0.9444524906370604,4449.8870492196875
7,0,3004,3004,1,0.9543386881539812,-0.000764767695114182,0.08258520470331365,0.40100568296435063,0.9528559852863463,2696.458767660031
