window_idx,history_start,history_end,history_length,n_series,trend_strength,trend_linearity,seasonal_strength,seasonal_correlation,residual_autocorr_lag1,spectral_entropy
0,4044,8044,4000,1,0.965182538914461,0.0006840947211159121,0.058242375512537636,0.37344501080624665,0.9432233853222484,3908.854787161023
1,3324,7324,4000,1,0.9563062594909613,0.0004877521415199209,0.07206123819638222,0.429932417324846,0.9432448228706397,3516.481179429703
2,2604,6604,4000,1,0.8923961224239509,6.0742068514196794e-05,0.06670903478297252,0.4512332789929399,0.9339362749170471,5932.513728088303
3,1884,5884,4000,1,0.9233331368580628,-0.00034034065890023376,0.09095528469559544,0.5506356252621872,0.9469544032916318,4874.190901184211
4,1164,5164,4000,1,0.9403532930823644,-0.0005157327493460721,0.08616385090334544,0.6028040637726882,0.9501955723820892,5428.861947507743
5,444,4444,4000,1,0.9632760066017306,-0.0008176618868838966,0.08148200487489521,0.5004972938312924,0.9489041911361177,6039.405407929024
6,0,3724,3724,1,0.9605920531640589,-0.0008468961280180146,0.06752226006321194,0.40325573568298895,0.9487261303307205,4347.76818829291
7,0,3004,3004,1,0.9574019029128715,-0.0008628810567129106,0.07478935425471267,0.42971083394416343,0.9544278471075935,2628.9867297078194
