window_idx,history_start,history_end,history_length,n_series,trend_strength,trend_linearity,seasonal_strength,seasonal_correlation,residual_autocorr_lag1,spectral_entropy
0,4044,8044,4000,1,0.9567909224246847,0.0006866129211100603,0.055368225686761585,0.4010337107973733,0.9177781110846077,5500.4143403069265
1,3324,7324,4000,1,0.9448732762408875,0.0004953476130450499,0.06388303787789285,0.41444077163199444,0.9044118024836647,6156.350359031038
2,2604,6604,4000,1,0.8887187641510759,2.6346801242210477e-05,0.09581565461303587,0.38067078542263594,0.9218145267909081,5855.988233900962
3,1884,5884,4000,1,0.9197321710133128,-0.00036825414281230277,0.10546754306179085,0.46668195372110166,0.9142680105183446,6149.1877868895335
4,1164,5164,4000,1,0.9322618527360491,-0.0005485800533436225,0.06862325506263978,0.4150513356002662,0.9160279245452632,6642.778988404004
5,444,4444,4000,1,0.9573768332711524,-0.0008406733125819605,0.06538426052932567,0.3363549874892705,0.9183291673359721,6920.559489641976
6,0,3724,3724,1,0.950749403779658,-0.0007952635352235847,0.05296999508674438,0.2719361727614002,0.9114340320876955,5828.780700025006
7,0,3004,3004,1,0.9453410615902804,-0.0008229508700230692,0.06641900478208229,0.29189235765678945,0.904517643964007,4298.748845372118
