window_idx,history_start,history_end,history_length,n_series,trend_strength,trend_linearity,seasonal_strength,seasonal_correlation,residual_autocorr_lag1,spectral_entropy
0,4044,8044,4000,1,0.9407691081490055,0.0006701162931564731,0.0,0.5428786750571647,0.9282094680911351,5025.23287023489
1,3324,7324,4000,1,0.9299541043340676,0.0004978174679416918,0.0,0.5184412683819507,0.9009882967448972,5503.0196792993665
2,2604,6604,4000,1,0.833993672935883,5.7323977915984085e-05,0.013281752355317145,0.5242517263499306,0.8901830289877275,6549.947614947956
3,1884,5884,4000,1,0.913133822089343,-0.0003084474023248303,0.12641835000194723,0.6011861902725891,0.9410257748667299,4596.735819762669
4,1164,5164,4000,1,0.9352318086721221,-0.0005022928338684984,0.11326952111969923,0.6607058025701037,0.9444993509225011,5309.8411852228055
5,444,4444,4000,1,0.9599310076097347,-0.0008151768008902426,0.10141305109511822,0.5272139669160131,0.9452588852855767,5881.844239145194
6,0,3724,3724,1,0.9572319886296856,-0.0008405315849998429,0.08339479656880311,0.4524217255647074,0.9441647993535471,4076.0057630884776
7,0,3004,3004,1,0.9537056500646006,-0.0009155869987049664,0.09346488521826879,0.48492853800646835,0.9465006049699725,3085.9848042672097
