window_idx,history_start,history_end,history_length,n_series,trend_strength,trend_linearity,seasonal_strength,seasonal_correlation,residual_autocorr_lag1,spectral_entropy
0,4044,8044,4000,1,0.9544950908593932,0.0007174926918806112,0.03715206014585193,0.3666635852180416,0.9248604166920736,5536.545355450269
1,3324,7324,4000,1,0.9400729459223878,0.000648364925839073,0.04852325831851245,0.42997202782752014,0.933091483663459,6153.372457535993
2,2604,6604,4000,1,0.8672783510657344,8.631779912609359e-05,0.07412901886701717,0.44195682954352594,0.9431999526867851,6771.818095254028
3,1884,5884,4000,1,0.8926748172701188,-0.00035039589209675696,0.09279142185709721,0.4920156463197369,0.9222837011963652,6103.803630089437
4,1164,5164,4000,1,0.905665159951758,-0.00047926021527892247,0.07000710148804346,0.4594884579680461,0.9347986740874178,6614.726275345042
5,444,4444,4000,1,0.94187940871664,-0.0007808187663741851,0.07231630684913715,0.45325897943796395,0.9356648085891156,6904.483348856259
6,0,3724,3724,1,0.9397102845752275,-0.0008218540013850657,0.05862198441544608,0.37132796038972865,0.9311696098058555,5832.384344467091
7,0,3004,3004,1,0.9386867084705178,-0.0008024922931385138,0.06193787551048413,0.3745945651363551,0.9231193343276463,4268.965525274005
