window_idx,history_start,history_end,history_length,n_series,trend_strength,trend_linearity,seasonal_strength,seasonal_correlation,residual_autocorr_lag1,spectral_entropy
0,0,1557,1557,1,0.5088021958562015,17.696270557339435,0.7356176248760846,0.8218168534890781,0.1062149233857948,20931.969580649864
1,0,1107,1107,1,0.5401498670802993,19.439203984337706,0.7441687809789062,0.8231197525588301,0.1003227952376392,14538.817788424632
2,0,657,657,1,0.48875972269498213,-24.116493701913083,0.6899743138541102,0.7645493743923526,0.16365519270328976,8410.187248049118
