window_idx,history_start,history_end,history_length,n_series,trend_strength,trend_linearity,seasonal_strength,seasonal_correlation,residual_autocorr_lag1,spectral_entropy
0,0,1557,1557,1,0.3816502540581026,5.689198233106291,0.5902918508137398,0.5862954025572663,0.07260786300253211,19862.93976992166
1,0,1107,1107,1,0.3963318297377626,7.545851059790015,0.5800012940073975,0.5959928891569329,0.05730907548425505,13858.055638387617
2,0,657,657,1,0.3942460936384936,7.32542957435349,0.557372117566032,0.5767715673431231,0.12472956494747367,7950.577445845325
