window_idx,history_start,history_end,history_length,n_series,trend_strength,trend_linearity,seasonal_strength,seasonal_correlation,residual_autocorr_lag1,spectral_entropy
0,14265,18265,4000,1,0.9005436523403396,0.0010186028221375492,0.4879511880885793,0.6646584043497472,0.9555650599113232,11507.239801703292
1,13545,17545,4000,1,0.8885456780564258,0.00048332593244096846,0.48940529720924963,0.6764068014697538,0.9487887772785775,11192.616897730419
2,12825,16825,4000,1,0.8672340528843834,0.001641515946133446,0.4903089867746765,0.6852737471567694,0.9447115404242151,11506.309141791618
3,12105,16105,4000,1,0.8176380745775791,0.0002455768791779852,0.5270467101877782,0.7387765587798069,0.9426644190889959,10916.617426128469
4,11385,15385,4000,1,0.7301047731312964,-0.0012486004702606354,0.5170507420177014,0.7656645024169191,0.9388402252636145,10070.020163952295
5,10665,14665,4000,1,0.7642223605902272,-0.0013137642504555305,0.4818224943283874,0.6402688287156637,0.9564089413010608,11649.159908912745
6,9945,13945,4000,1,0.8663289677740534,-0.0024554147818354783,0.5164183053360902,0.6637449145715888,0.931484662962495,9997.013254413941
7,9225,13225,4000,1,0.8992541869848873,-0.002792485310873984,0.5517575984215812,0.6963617151339546,0.9433632785428012,11553.824887777637
8,8505,12505,4000,1,0.9293633011886585,-0.003653557690579793,0.5683993399503153,0.7142867415498632,0.9352516418382535,11619.614954187953
9,7785,11785,4000,1,0.9381527807151845,-0.004014467199231677,0.5853629818508451,0.7273266833815312,0.9426136895178739,11592.466175467847
10,7065,11065,4000,1,0.9180633388862122,-0.0029651740266134195,0.59986571474775,0.7653416931436601,0.9225623789890389,11392.926849535765
11,6345,10345,4000,1,0.9363838644834557,-0.003144402832510984,0.6304933750441,0.8153910841989304,0.9184949642774719,11762.96541596232
12,5625,9625,4000,1,0.9185688885782654,-0.0025492091985153693,0.6028119454460805,0.7968385651604358,0.9206710665445649,11265.560217915227
13,4905,8905,4000,1,0.9134548770624338,-0.0022754608164433,0.6021810768488425,0.8260993934072491,0.9106494695131081,10668.716945741271
14,4185,8185,4000,1,0.9328941008976229,-0.0024563933184041276,0.6019377500665855,0.8005680844546912,0.9239562065673268,10342.429252751932
15,3465,7465,4000,1,0.9532691088717952,-0.0030277811726969936,0.6242307664645115,0.8201208465417954,0.9280391764781412,11327.379245953507
