{
  "model": "sundial",
  "dataset": "azure2019_U_5T",
  "method": "BM",
  "ratio": 0.1,
  "term": "long",
  "imputation_method": "backward",
  "n_windows": 1,
  "period": 288,
  "inject_range": {
    "dataset_name": "azure2019_U_5T",
    "term": "long",
    "frequency": "5T",
    "prediction_length": 720,
    "windows": 2,
    "max_context": 2880,
    "start_index": 0,
    "end_index": 1286,
    "injection_length": 1286,
    "total_length": 2006
  },
  "summary": {
    "mean": {
      "trend_strength": 0.12468457460944349,
      "trend_linearity": 0.01673664342795599,
      "seasonal_strength": 0.23069577113157658,
      "seasonal_correlation": 0.6320017519399108,
      "residual_autocorr_lag1": 0.3160904385530644,
      "spectral_entropy": 8573.55980946864
    },
    "std": {
      "trend_strength": 0.0,
      "trend_linearity": 0.0,
      "seasonal_strength": 0.0,
      "seasonal_correlation": 0.0,
      "residual_autocorr_lag1": 0.0,
      "spectral_entropy": 0.0
    },
    "min": {
      "trend_strength": 0.12468457460944349,
      "trend_linearity": 0.01673664342795599,
      "seasonal_strength": 0.23069577113157658,
      "seasonal_correlation": 0.6320017519399108,
      "residual_autocorr_lag1": 0.3160904385530644,
      "spectral_entropy": 8573.55980946864
    },
    "max": {
      "trend_strength": 0.12468457460944349,
      "trend_linearity": 0.01673664342795599,
      "seasonal_strength": 0.23069577113157658,
      "seasonal_correlation": 0.6320017519399108,
      "residual_autocorr_lag1": 0.3160904385530644,
      "spectral_entropy": 8573.55980946864
    }
  }
}