{
  "model": "sundial",
  "dataset": "Coastal_T_S_H",
  "method": "BM",
  "ratio": 0.1,
  "term": "long",
  "imputation_method": "mean",
  "n_windows": 8,
  "period": 24,
  "inject_range": {
    "dataset_name": "Coastal_T_S_H",
    "term": "long",
    "frequency": "H",
    "prediction_length": 720,
    "windows": 8,
    "max_context": 2880,
    "start_index": 144,
    "end_index": 8064,
    "injection_length": 7920,
    "total_length": 8784
  },
  "summary": {
    "mean": {
      "trend_strength": 0.4363427892824276,
      "trend_linearity": -0.001095043568896798,
      "seasonal_strength": 0.14704405027314907,
      "seasonal_correlation": 0.042851917230682594,
      "residual_autocorr_lag1": 0.11282119334942886,
      "spectral_entropy": 17381.63014358715
    },
    "std": {
      "trend_strength": 0.4124431729483645,
      "trend_linearity": 0.01327354120863337,
      "seasonal_strength": 0.07892659059366001,
      "seasonal_correlation": 0.00961311030786175,
      "residual_autocorr_lag1": 0.20344089042538324,
      "spectral_entropy": 622.16183194221
    },
    "min": {
      "trend_strength": 0.020734679319308946,
      "trend_linearity": -0.030104491663245338,
      "seasonal_strength": 0.014777983287249108,
      "seasonal_correlation": 0.02499102406243873,
      "residual_autocorr_lag1": -0.03319915305215398,
      "spectral_entropy": 15890.602223958245
    },
    "max": {
      "trend_strength": 0.9640825212444553,
      "trend_linearity": 0.01870633630780369,
      "seasonal_strength": 0.22204134476722714,
      "seasonal_correlation": 0.055129591717099455,
      "residual_autocorr_lag1": 0.5659079077583523,
      "spectral_entropy": 17791.061661369527
    }
  }
}