window_idx,history_start,history_end,history_length,n_series,trend_strength,trend_linearity,seasonal_strength,seasonal_correlation,residual_autocorr_lag1,spectral_entropy
0,4598,7478,2880,1,0.7336113621022026,0.00040081183170852393,0.2719853886024429,0.0684074370364444,0.9304009245543127,5172.314484918545
1,3878,6758,2880,1,0.30381705298812567,0.0002884527734561686,0.0,0.07767266925836151,0.9538061557127749,4629.326525588611
2,3158,6038,2880,1,0.6710247843140795,0.0008648233179525755,0.001770746900031983,0.277492304875714,0.9513496068857263,4594.898345925772
3,2438,5318,2880,1,0.6923930036435828,0.0009269339780824078,0.06393407343671853,0.38511222571180603,0.9510699457124578,4826.907308041513
4,1718,4598,2880,1,0.5919821292528785,0.0010971807690749085,0.0,0.3418457374056897,0.963704207588602,5144.348218071194
5,998,3878,2880,1,0.4699046032446016,0.0009102241876504176,0.003059258560742184,0.2110720708095978,0.9616256922927591,5706.286223901216
6,278,3158,2880,1,0.5661074848060805,0.0006016844594828635,0.2541197311726462,0.0749066255176124,0.9476859851238214,6304.1706544142835
