window_idx,history_start,history_end,history_length,n_series,trend_strength,trend_linearity,seasonal_strength,seasonal_correlation,residual_autocorr_lag1,spectral_entropy
0,5184,8064,2880,1,0.9784813815250748,-0.03467753387817479,0.0,0.05689656424970481,0.45103988429209346,15418.827093716773
1,4464,7344,2880,1,0.933005280348077,-0.009254549148820226,0.0,0.046590928983036205,0.28191497101034996,16791.476097830826
2,3744,6624,2880,1,0.845281613885539,0.021249031952915703,0.11795646171534435,0.03180352001007731,0.07053620261575444,17307.289541189617
3,3024,5904,2880,1,0.651229512174738,0.00999990511705602,0.15352248341507724,0.04383246058937766,0.011858692898037138,17772.25451783013
4,2304,5184,2880,1,0.07949141821273054,0.000653304271796363,0.22470989033344135,0.0482092449854414,-0.03128636819483347,17799.073516130935
5,1584,4464,2880,1,0.09952054004635236,0.0003762598213677679,0.23221190461650665,0.0472159251736178,-0.016838981200250548,17832.254130949244
6,864,3744,2880,1,0.08949050568558681,-0.0004073153948549381,0.23326246797855643,0.02421581166641749,-0.025628488452013227,17797.854258499472
7,144,3024,2880,1,0.10763517996969518,-0.00013369289113246652,0.22767531981734757,0.04073159203393172,-0.002718450672895282,17745.32465953307
