window_idx,history_start,history_end,history_length,n_series,trend_strength,trend_linearity,seasonal_strength,seasonal_correlation,residual_autocorr_lag1,spectral_entropy
0,5184,8064,2880,1,0.977810981828089,-0.03481670159632615,0.0,0.1170339371140211,0.2213442298546362,15547.871564168348
1,4464,7344,2880,1,0.936829464871835,-0.010032590361299326,0.0,0.05103262149465834,0.10413784851360706,16879.312778355696
2,3744,6624,2880,1,0.8333984572579807,0.02115592568711533,0.10668005227487676,0.034174215718639614,0.046544115625680935,17394.677618727867
3,3024,5904,2880,1,0.6423038178098143,0.010128427918732042,0.17336009410093645,0.031456795039172446,-0.010499478675064225,17883.227762788098
4,2304,5184,2880,1,0.05214963319208599,0.00017103146296000324,0.24903836176170813,0.037745930342498374,-0.0468729338801793,17879.525324508344
5,1584,4464,2880,1,0.04590118302513313,0.00012332890186482378,0.2522960853905998,0.02901255063342471,-0.037757807989864584,17894.91011520689
6,864,3744,2880,1,0.03480766946190006,-0.0003709009816244846,0.24981640819797624,0.01518794932196684,-0.049693803479539715,17841.514124588597
7,144,3024,2880,1,0.03036753551811444,2.9725416215675604e-05,0.24664310204056195,0.032711121747358074,-0.025592709085566438,17823.70264482684
