{
  "model": "sundial",
  "dataset": "Coastal_T_S_20T",
  "method": "clean",
  "ratio": null,
  "term": "long",
  "imputation_method": null,
  "n_windows": 7,
  "period": 72,
  "inject_range": {
    "dataset_name": "Coastal_T_S_20T",
    "term": "long",
    "frequency": "20T",
    "prediction_length": 720,
    "windows": 7,
    "max_context": 2880,
    "start_index": 278,
    "end_index": 7478,
    "injection_length": 7200,
    "total_length": 8198
  },
  "summary": {
    "mean": {
      "trend_strength": 0.9963488149885109,
      "trend_linearity": 0.0009163753594130094,
      "seasonal_strength": 0.6146404921715788,
      "seasonal_correlation": 0.5382734572537939,
      "residual_autocorr_lag1": 0.9164186795679042,
      "spectral_entropy": 2637.7350901653263
    },
    "std": {
      "trend_strength": 0.003063336889294625,
      "trend_linearity": 0.00029650311520802226,
      "seasonal_strength": 0.08489426703412817,
      "seasonal_correlation": 0.06267737939577424,
      "residual_autocorr_lag1": 0.009075598480379471,
      "spectral_entropy": 808.4531897691511
    },
    "min": {
      "trend_strength": 0.9912352509046625,
      "trend_linearity": 0.0004864163622447652,
      "seasonal_strength": 0.45186226837023824,
      "seasonal_correlation": 0.4058536915535041,
      "residual_autocorr_lag1": 0.9024563799236147,
      "spectral_entropy": 1203.0944657269026
    },
    "max": {
      "trend_strength": 0.9988932868243591,
      "trend_linearity": 0.0012767243893026118,
      "seasonal_strength": 0.7275049092954409,
      "seasonal_correlation": 0.606787515196847,
      "residual_autocorr_lag1": 0.9283860546082349,
      "spectral_entropy": 3381.038248503365
    }
  }
}