window_idx,history_start,history_end,history_length,n_series,trend_strength,trend_linearity,seasonal_strength,seasonal_correlation,residual_autocorr_lag1,spectral_entropy
0,5184,8064,2880,1,0.9831991956096724,-0.03425293190626556,0.0,0.12993333998826223,0.4827976435616157,15063.441859479139
1,4464,7344,2880,1,0.9366214880424378,-0.010675607479333821,0.029325316643591504,0.08205477119275899,0.43470270294562857,16529.17900235375
2,3744,6624,2880,1,0.8645853094388174,0.021057004847122498,0.07407133421927248,0.03570728164812381,0.10540971390054563,16962.57974449327
3,3024,5904,2880,1,0.6899072314728967,0.010825264776482251,0.07134143479316235,0.016610619372250782,0.04235280279686562,17512.60561676244
4,2304,5184,2880,1,0.16975376811117437,0.001214928182667034,0.11117387361016873,0.05189828227001292,0.0013748585602566584,17563.098779275828
5,1584,4464,2880,1,0.24020725048175484,-0.0009593542694681459,0.113644695893243,0.04330957409988414,0.030327732811366744,17578.81665879752
6,864,3744,2880,1,0.25457604508455334,-0.0030187534578967347,0.10859851762272466,0.01769629664217745,0.02988000503163225,17573.713970378194
7,144,3024,2880,1,0.2568671897787401,-0.0016577374263285875,0.10647697900875686,0.045180292186228814,0.06946064186828281,17483.679180129897
