{
  "model": "sundial",
  "dataset": "Coastal_T_S_15T",
  "method": "clean",
  "ratio": null,
  "term": "long",
  "imputation_method": null,
  "n_windows": 20,
  "period": 96,
  "inject_range": {
    "dataset_name": "Coastal_T_S_15T",
    "term": "long",
    "frequency": "15T",
    "prediction_length": 720,
    "windows": 20,
    "max_context": 2880,
    "start_index": 5854,
    "end_index": 22414,
    "injection_length": 16560,
    "total_length": 23134
  },
  "summary": {
    "mean": {
      "trend_strength": 0.3137812864953507,
      "trend_linearity": -1.2743779688874205e-06,
      "seasonal_strength": 0.12424588913059167,
      "seasonal_correlation": 0.15389523541653213,
      "residual_autocorr_lag1": 0.09985065429985837,
      "spectral_entropy": 2230.5898415916618
    },
    "std": {
      "trend_strength": 0.11782467893682315,
      "trend_linearity": 2.331476361741815e-05,
      "seasonal_strength": 0.08162880675839851,
      "seasonal_correlation": 0.027363506518630423,
      "residual_autocorr_lag1": 0.04570368527843744,
      "spectral_entropy": 603.9311022896884
    },
    "min": {
      "trend_strength": 0.14444310616902856,
      "trend_linearity": -4.1325750522232146e-05,
      "seasonal_strength": 0.0,
      "seasonal_correlation": 0.09930043310211058,
      "residual_autocorr_lag1": 0.030010541420690668,
      "spectral_entropy": 710.1331734137675
    },
    "max": {
      "trend_strength": 0.6190569342564907,
      "trend_linearity": 3.7282982323888444e-05,
      "seasonal_strength": 0.3096409492197594,
      "seasonal_correlation": 0.20309991220065066,
      "residual_autocorr_lag1": 0.20717783373207566,
      "spectral_entropy": 3105.789064433753
    }
  }
}