window_idx,history_start,history_end,history_length,n_series,trend_strength,trend_linearity,seasonal_strength,seasonal_correlation,residual_autocorr_lag1,spectral_entropy
0,4598,7478,2880,1,0.3579139993393524,0.0006401744109876134,0.0,0.14266116857874583,0.956389530331122,4819.0671107428725
1,3878,6758,2880,1,0.4541305232013314,0.0005224520385479472,0.0,0.14614342356767734,0.9579834128268196,4235.7336626987935
2,3158,6038,2880,1,0.758268267194124,0.0008599920012079956,0.0,0.16728333430576572,0.9460084260299243,4465.917142728071
3,2438,5318,2880,1,0.82334300192517,0.001132313132100568,0.0,0.3678263218295412,0.9461167972501848,4200.323377601493
4,1718,4598,2880,1,0.8370826112709332,0.0010461925658950373,0.17125342518854625,0.5421162116061563,0.9638689482618351,4550.887354222646
5,998,3878,2880,1,0.6114758812909197,0.0009523080442258194,0.0,0.48200741825093046,0.9555540985773329,5073.263982673112
6,278,3158,2880,1,0.42369474884678193,0.0006770544016423722,0.030270610894230332,0.3643900213806679,0.9614966928895627,5652.297250961492
