window_idx,history_start,history_end,history_length,n_series,trend_strength,trend_linearity,seasonal_strength,seasonal_correlation,residual_autocorr_lag1,spectral_entropy
0,5184,8064,2880,1,0.9810539434328185,-0.03563212543375341,0.0,0.11133191309473307,0.2721610519871808,15141.923258904906
1,4464,7344,2880,1,0.9497624255886444,-0.008732683779374728,0.0,0.0677133212185502,0.18219858166233951,16594.243920647627
2,3744,6624,2880,1,0.85850056243024,0.021392433173833922,0.10417586627585196,0.03602382853697272,0.0918269593648431,17161.883112975105
3,3024,5904,2880,1,0.6761918682236555,0.009079716384021585,0.09975538465093714,0.03695035801963323,0.0685557102070071,17538.329822147432
4,2304,5184,2880,1,0.2599796014936573,0.0002651278097790755,0.17201892827797238,0.05986634735082255,0.03394886492421895,17663.691000207786
5,1584,4464,2880,1,0.23579740854627607,0.00029021289768827986,0.1446080331340962,0.043076599873152654,0.052522873884281465,17539.06649629934
6,864,3744,2880,1,0.23166973900729082,-1.0734759484268725e-05,0.144748450151856,0.030776465445646342,0.037443713165777985,17621.5363475334
7,144,3024,2880,1,0.22971294720213598,-6.660561335128396e-05,0.14046769848133278,0.03885617579683251,0.03442246357891423,17646.000538642977
