window_idx,history_start,history_end,history_length,n_series,trend_strength,trend_linearity,seasonal_strength,seasonal_correlation,residual_autocorr_lag1,spectral_entropy
0,1987,4867,2880,1,0.6542424235897798,-0.0007131777745834118,0.6075707027887935,0.6958867150280255,0.6846720165803535,14404.58063686049
1,1267,4147,2880,1,0.6275276796303892,-0.0010645460015887365,0.5872435630169365,0.7088054389815277,0.6874920329068235,14335.327632710403
2,547,3427,2880,1,0.6126984611603872,-0.0004039362018492082,0.5822984632061223,0.6549837785941661,0.7427580966214398,14172.256136973027
3,0,2707,2707,1,0.618692343547699,-0.002469917282158466,0.5783873472624025,0.6468166981681281,0.7572543150545228,13237.16887941147
4,0,1987,1987,1,0.642220858141024,-0.0053893034723142596,0.5427482832284845,0.626886340147193,0.7698231572178464,9342.590592482882
