window_idx,history_start,history_end,history_length,n_series,trend_strength,trend_linearity,seasonal_strength,seasonal_correlation,residual_autocorr_lag1,spectral_entropy
0,1987,4867,2880,1,0.609048760500885,-0.0002796230186937303,0.6221182692319107,0.6953282330084908,0.6748210575673521,14374.48527008481
1,1267,4147,2880,1,0.5393805895010383,-0.0013433366180606132,0.5782123780161414,0.7032439696704047,0.6811601252714999,14357.41573725114
2,547,3427,2880,1,0.45759665301971375,-0.0005047829374411193,0.5992282662581613,0.6429752524199156,0.7268419663427318,14148.416767320847
3,0,2707,2707,1,0.5219692432223273,-0.002653234284886966,0.5895031801780939,0.6222974290555284,0.7486834494291419,13232.152696353824
4,0,1987,1987,1,0.5358740047148272,-0.00522577878570282,0.5657897830285321,0.5837456449481901,0.7593161014557667,9335.828584396455
