window_idx,history_start,history_end,history_length,n_series,trend_strength,trend_linearity,seasonal_strength,seasonal_correlation,residual_autocorr_lag1,spectral_entropy
0,13159,16039,2880,1,0.5685599326380094,-0.001704555723532706,0.6411432737520517,0.8065286058243356,0.8558618166639275,13335.065767317976
1,12439,15319,2880,1,0.7469622185581044,0.0038809918972241295,0.6203393090057114,0.6912343194949345,0.8109776133754115,13546.394150466162
2,11719,14599,2880,1,0.7861185070837986,0.00888878462165166,0.6262606241584555,0.7027289037450124,0.7846191705447487,14109.368744286108
3,10999,13879,2880,1,0.7148477295307942,0.002406770423941506,0.6195872132824383,0.7331244617928283,0.7667690963750902,14173.82855689204
4,10279,13159,2880,1,0.6922145998625082,-0.005197915698071381,0.5335395432831394,0.6770377904275584,0.7471515756686867,14156.704095248391
5,9559,12439,2880,1,0.7008833056971062,-0.005229447624271468,0.5701953767639434,0.6998249186059329,0.6987020807267327,14030.696351737015
6,8839,11719,2880,1,0.5565335879992215,-3.106137960070405e-05,0.6087394263876651,0.7413388730637887,0.761083668428773,13469.848114348932
7,8119,10999,2880,1,0.6065525617571754,0.0012385469812354831,0.5842436307905461,0.793504354455603,0.7853173845821115,13304.230322423879
8,7399,10279,2880,1,0.6286165292105164,-0.0001985240057622917,0.5978488142997269,0.7468920093072112,0.803956452449057,13201.814111417676
9,6679,9559,2880,1,0.5945375259480622,-0.0009910113392477844,0.5425083152441187,0.7188691200255573,0.7905801537633689,13477.969825567621
10,5959,8839,2880,1,0.526821630637819,-0.0007155863709818029,0.4576024813963592,0.6177636396313897,0.8194320572524176,13556.506931058782
11,5239,8119,2880,1,0.5046312368464358,0.0010862415745568062,0.43062894763189996,0.5876558947220962,0.8031455743978176,13547.371129497755
12,4519,7399,2880,1,0.500693023401644,0.0018968610499603706,0.4327513727779233,0.6350450146592964,0.7840803686026347,13871.373650247915
13,3799,6679,2880,1,0.5207761988211643,0.0010496163242382066,0.44446591696152327,0.6706957882406956,0.8064923523627084,13830.013646840136
