window_idx,history_start,history_end,history_length,n_series,trend_strength,trend_linearity,seasonal_strength,seasonal_correlation,residual_autocorr_lag1,spectral_entropy
0,14353,17233,2880,1,0.7466240415887893,5.574550946458072e-06,0.015841840971352772,0.1868003992485969,0.9954073462585069,-1031.2669322404554
1,13633,16513,2880,1,0.9039324493748526,0.0005015284885889989,0.0,0.037591497797412686,0.9950453468925812,199.6261476584276
2,12913,15793,2880,1,0.9347462778201542,0.0005872723924504959,0.0,0.01792755835440156,0.9931956324115716,1236.1366628834737
3,12193,15073,2880,1,0.9210038982784069,0.0004439409526815934,0.0023043628987015063,0.028855730125021708,0.994102043074546,1001.4450581040563
4,11473,14353,2880,1,0.739484874295065,0.00014303287851850566,0.018776475163900463,0.032280649306902005,0.993503464661168,-1665.707991306014
5,10753,13633,2880,1,0.8532370398908036,0.00014186716544731058,0.0,0.13614088157349058,0.9777355542902567,-2043.5173258046902
6,10033,12913,2880,1,0.770517498636128,9.88503296735027e-05,0.0,0.09497278993497084,0.9747370603599579,-2918.5273640970127
7,9313,12193,2880,1,0.8035019320207301,0.00011125341728337414,0.0,0.07920012317927015,0.9761815564333017,-2777.811132322707
8,8593,11473,2880,1,0.9414328786880959,9.479178219081712e-05,0.21919781131691574,0.10685487691551326,0.9691653479901002,-3453.0094552388305
9,7873,10753,2880,1,0.9021628746100068,6.930980012351426e-05,0.1270553114419588,0.08684620159066371,0.9703761869366326,-4565.9944030593115
10,7153,10033,2880,1,0.8621826019258843,3.6968431409465865e-05,0.0804830131904104,0.05022788004562694,0.9569121764328447,-4386.907520466452
11,6433,9313,2880,1,0.858608671262702,-4.302356420953056e-05,0.1023201722747723,0.08888741487918692,0.9804059035070394,-4423.5813522383505
12,5713,8593,2880,1,0.8609269904264084,-8.535434994124616e-05,0.08417154023790097,0.14619453805628427,0.9857678771683763,-2563.520646033421
13,4993,7873,2880,1,0.8430742381180553,-8.99325605608305e-05,0.023601036157824717,0.14908922214809725,0.9831249942543113,-3558.457830875348
14,4273,7153,2880,1,0.7002258977240532,-6.727908871744889e-05,0.0,0.13366727469871667,0.9762659463234353,-3405.021034067521
