window_idx,history_start,history_end,history_length,n_series,trend_strength,trend_linearity,seasonal_strength,seasonal_correlation,residual_autocorr_lag1,spectral_entropy
0,13159,16039,2880,1,0.21215910744050903,-0.00173681743323482,0.4860512518642507,0.6554448206329405,0.8407083820314264,13637.715286043898
1,12439,15319,2880,1,0.45634311464111,0.0023473689904148862,0.502675202797062,0.5732080894241464,0.8010349753810285,14009.854221449437
2,11719,14599,2880,1,0.6108063886617542,0.006232116053626312,0.5417011520212984,0.630462703046746,0.7651985571790483,14304.270283322741
3,10999,13879,2880,1,0.5657593208450206,0.0024157088936712194,0.5603333035785687,0.6771687823324147,0.7334609955293552,14338.333676615428
4,10279,13159,2880,1,0.6079820355642396,-0.0036920751228872997,0.5611516106386711,0.6123192504576024,0.6775479892086533,14325.067486581504
5,9559,12439,2880,1,0.6276129074209156,-0.0046029661113774385,0.5356827107419266,0.6591782761502538,0.6882555570129468,14095.448706468815
6,8839,11719,2880,1,0.40388651434113076,-0.0001822766224563288,0.5681184486768205,0.6310934912053128,0.7590267764448698,13522.62554428187
7,8119,10999,2880,1,0.3792800299396367,0.0010033859454782444,0.5143436438383389,0.6657616579209389,0.7669937552495835,13532.298567234724
8,7399,10279,2880,1,0.2975172037722531,0.00034130683089665344,0.5260209345247748,0.6323024677563599,0.796148469763207,13405.381649985502
9,6679,9559,2880,1,0.3574823411128988,-0.0006730271813915456,0.49631099247160815,0.6359411311177823,0.7902264692492109,13640.863271864953
10,5959,8839,2880,1,0.30871273995540116,-0.0007494043614240046,0.4754848486812673,0.574269886456269,0.802031893724829,13703.816431084808
11,5239,8119,2880,1,0.31049151754596827,0.000652709671274803,0.45798823670310373,0.5298184086243998,0.7890370396874128,13629.98448195773
12,4519,7399,2880,1,0.3757902230203847,0.001804616357325613,0.46610174135302285,0.5605985355759772,0.7843997666058007,13967.375237741428
13,3799,6679,2880,1,0.34397985599269776,0.0004906919355144075,0.49135969539858937,0.5855754680619407,0.7987713218071795,13961.404040961617
