window_idx,history_start,history_end,history_length,n_series,trend_strength,trend_linearity,seasonal_strength,seasonal_correlation,residual_autocorr_lag1,spectral_entropy
0,1987,4867,2880,1,0.6651234633976137,-0.0005267376456112627,0.6092935583257074,0.6568845696432337,0.7002173287044724,14340.45827442947
1,1267,4147,2880,1,0.6289453577416988,-0.0020040879260788402,0.5729909288921334,0.6844719181583943,0.6969821029086437,14294.887170716967
2,547,3427,2880,1,0.5547051854503717,-0.001525026186224321,0.5528749545113845,0.6396041765800481,0.7554424301927978,14096.187592652299
3,0,2707,2707,1,0.5949149188534509,-0.002801883346364726,0.5706537665212932,0.6419341938386197,0.7494702657430821,13217.85645303885
4,0,1987,1987,1,0.6131861050475595,-0.005565188023875437,0.534648883428265,0.6210143601020143,0.7571986336870589,9313.453557670146
