window_idx,history_start,history_end,history_length,n_series,trend_strength,trend_linearity,seasonal_strength,seasonal_correlation,residual_autocorr_lag1,spectral_entropy
0,1987,4867,2880,1,0.7173770203149277,-0.001106598847634778,0.674701898089906,0.7376565718110775,0.6363902837235765,14392.73221099321
1,1267,4147,2880,1,0.6423865066454568,-0.0009018734813245706,0.6798150737226563,0.786818681079726,0.6313313046965295,14418.278520427462
2,547,3427,2880,1,0.5567848349175574,0.0011479157042235631,0.6297073853078339,0.73328192537331,0.7131750548128875,14277.807512630843
3,0,2707,2707,1,0.5970242227517354,-0.0023787697854186626,0.6087969367222398,0.7288080829710998,0.7329033303764557,13325.267572253873
4,0,1987,1987,1,0.6147091156231557,-0.006500171698621881,0.5742478935572234,0.7295177706296361,0.746858408435388,9473.080718080924
