window_idx,history_start,history_end,history_length,n_series,trend_strength,trend_linearity,seasonal_strength,seasonal_correlation,residual_autocorr_lag1,spectral_entropy
0,13159,16039,2880,1,0.4610428937499049,-0.0012423898881154388,0.7101489066475601,0.8372549810761793,0.7603681069184475,13794.472976773384
1,12439,15319,2880,1,0.6463859425975378,0.0036956480281165522,0.7096642747874276,0.7629712972610512,0.7221273919523425,14085.034155416823
2,11719,14599,2880,1,0.724788740040933,0.007637919957859399,0.6983233462899652,0.7852093817001854,0.7223319307360406,14436.92807357615
3,10999,13879,2880,1,0.6251967166125774,0.0020641449108436305,0.6754898596480557,0.7440810733675708,0.718257443311164,14444.110574268641
4,10279,13159,2880,1,0.6101016772222236,-0.003974082151243684,0.6236083569251326,0.7410384342342168,0.693371279096387,14493.438703572787
5,9559,12439,2880,1,0.6343890955857981,-0.004469989137053836,0.5726549452787351,0.7458337622234866,0.6612027845786237,14184.784184868297
6,8839,11719,2880,1,0.4757985611815281,-0.0006507600199711767,0.5997146848488839,0.7683733084981045,0.7020709932512493,13864.748618587684
7,8119,10999,2880,1,0.5665423109710458,0.0007281762895013698,0.6767066990266399,0.809263388558474,0.675073553398584,13813.417728736506
8,7399,10279,2880,1,0.5129334369906511,-0.00016938846241934465,0.6785947006738916,0.7947164778742758,0.7206990211626538,13749.081520285668
9,6679,9559,2880,1,0.4969063782312061,-0.0002892890035221644,0.6371439828480441,0.7617940694680477,0.740367914566619,13903.391256190993
10,5959,8839,2880,1,0.43656540417854905,-0.00042387580547944604,0.6078884785057943,0.6938318567235346,0.7811951425644442,13935.589163836
11,5239,8119,2880,1,0.41694592167380284,0.000842835049390103,0.5530701108746785,0.6606610641209429,0.7774899914153818,13931.205945365698
12,4519,7399,2880,1,0.45415001430678636,0.0020318283425293086,0.5609226946206065,0.7161194064198845,0.7612726842450601,14247.528513147885
13,3799,6679,2880,1,0.46203585399281555,0.0007508962072588815,0.5706610844237328,0.7128195130628276,0.7549240229553768,14145.201613494566
