window_idx,history_start,history_end,history_length,n_series,trend_strength,trend_linearity,seasonal_strength,seasonal_correlation,residual_autocorr_lag1,spectral_entropy
0,1987,4867,2880,1,0.6678896173700857,-0.0004660889552655823,0.687388094151589,0.7329798797687574,0.6350816438692054,14383.381861783306
1,1267,4147,2880,1,0.6282124219048248,-0.0009772039361531388,0.67979762290032,0.7874675521653456,0.6305261160787577,14408.229237320915
2,547,3427,2880,1,0.5346579989311002,0.00029861090273547235,0.6469117924783825,0.7251112788624343,0.6823386560040053,14258.109995666759
3,0,2707,2707,1,0.6030448422387518,-0.0026609500098553293,0.6361506978971121,0.7248888150834073,0.6968644169888178,13318.991692982807
4,0,1987,1987,1,0.620289719757614,-0.006293455934805388,0.6056975864597953,0.7194501805344802,0.7059752843780703,9446.836809103785
