window_idx,history_start,history_end,history_length,n_series,trend_strength,trend_linearity,seasonal_strength,seasonal_correlation,residual_autocorr_lag1,spectral_entropy
0,13820,16700,2880,1,0.9337250695073783,0.0030943913428795643,0.2896393034957009,0.3627181067546191,0.7674777172052801,9311.83051655635
1,13100,15980,2880,1,0.926645769748138,0.0025154824148720086,0.24473847249490654,0.23264200483264447,0.7922996455418023,8957.14480130132
2,12380,15260,2880,1,0.9100079769735939,0.0011517449547377918,0.2880785999669667,0.2865631325735493,0.7742307829743507,8934.87055059372
3,11660,14540,2880,1,0.9177071230306627,-0.0019313334808677065,0.3100539165483137,0.3450997591902006,0.7762449267468563,8845.312210645096
4,10940,13820,2880,1,0.9292284168275342,-0.003197966938452972,0.2918239139459847,0.43287968414847783,0.7654028213801347,9299.076165692117
5,10220,13100,2880,1,0.9340831622493697,-0.003867710821777472,0.32459591029348034,0.6379693338720844,0.7797673997895588,9394.453417173434
6,9500,12380,2880,1,0.9112806784507917,-0.004201684868018336,0.24253607162080648,0.6080370960596381,0.8053494516039494,9899.177531514957
7,8780,11660,2880,1,0.9294443016421662,-0.004964145381499834,0.2647789796263378,0.5598415494294208,0.7704081751223029,10198.947495498198
8,8060,10940,2880,1,0.8646031448903109,-0.002397657735813546,0.25449470435959,0.5718631589885769,0.7798671690804625,10369.789868421172
9,7340,10220,2880,1,0.7686287710526484,0.0002419485876527721,0.26194553156355205,0.6060353342125876,0.7867910886750258,10423.173304155
10,6620,9500,2880,1,0.8362104970856897,0.002790285314445103,0.33892209342023416,0.6112088765235689,0.7709504072685461,10539.393854956244
11,5900,8780,2880,1,0.8792919509671334,0.003947115408416524,0.29915231100377804,0.5931694187761052,0.7805448807267393,10533.57012292083
12,5180,8060,2880,1,0.9030689377188562,0.004671696255851361,0.3065985524294721,0.5654361964461486,0.797797407994084,10615.534813358085
13,4460,7340,2880,1,0.8893764504588298,0.0033192441186569435,0.320589066426093,0.5026384917481715,0.7874820878067168,10388.699475513182
14,3740,6620,2880,1,0.7368549032592595,0.0003566513447273528,0.05977020754796669,0.4682787485238179,0.7953942988821998,10301.06298901834
