window_idx,history_start,history_end,history_length,n_series,trend_strength,trend_linearity,seasonal_strength,seasonal_correlation,residual_autocorr_lag1,spectral_entropy
0,13820,16700,2880,1,0.8822644497644138,0.0026321035513359797,0.16400902238137938,0.35963210192116507,0.8237297174417029,10061.407370001049
1,13100,15980,2880,1,0.8924983442891443,0.0027918207043170474,0.13063595211386492,0.2344992370608595,0.8373875180152373,9963.856617853628
2,12380,15260,2880,1,0.8830398102510237,0.0016503799457065601,0.1522040957694304,0.2786821536736131,0.8312850919033729,9867.419790406597
3,11660,14540,2880,1,0.8782410734220476,-0.0015908434619799976,0.16777129186049855,0.3329948094304788,0.8174211499625064,9560.90003790948
4,10940,13820,2880,1,0.9138427343797936,-0.002841422195430419,0.2418129972886972,0.4292902302319999,0.7869919237525594,9694.131635015981
5,10220,13100,2880,1,0.9164425390918879,-0.0034116204594960564,0.2968084849345567,0.6411022712324994,0.7821660385834146,9652.537223848685
6,9500,12380,2880,1,0.9076811307802207,-0.0038658840336935744,0.2572104581351041,0.6405526018673288,0.7954388713091959,9931.694379299863
7,8780,11660,2880,1,0.9327082772058459,-0.0049166763447107,0.2794143343073886,0.5601675320251551,0.7548704718382452,10239.632131033512
8,8060,10940,2880,1,0.8706353382866907,-0.0023121368396954514,0.25323720685907614,0.5514487840239628,0.7659506117445992,10475.07050931566
9,7340,10220,2880,1,0.7729221588300978,0.00038031920899599694,0.22739911963164217,0.5716255434099424,0.7905082457250819,10547.462743273843
10,6620,9500,2880,1,0.8060897235080088,0.0025585384690983166,0.2974530935448353,0.5658828545234122,0.7878381771908495,10701.10974351534
11,5900,8780,2880,1,0.8512652411254698,0.0034267965494561726,0.26757696588072666,0.5702668923787959,0.7902108748406638,10702.426641199323
12,5180,8060,2880,1,0.8770349833632195,0.003919120983569634,0.271732295498639,0.5821000202095818,0.8130206998615165,10615.723803195116
13,4460,7340,2880,1,0.8825343460558002,0.003262200142782095,0.3111926974447732,0.4907591891776968,0.784743123297247,10487.695682587666
14,3740,6620,2880,1,0.7556650787423362,0.00035382843768791574,0.09046758169470892,0.41383613093583943,0.7823974657763657,10430.133707062163
