window_idx,history_start,history_end,history_length,n_series,trend_strength,trend_linearity,seasonal_strength,seasonal_correlation,residual_autocorr_lag1,spectral_entropy
0,13820,16700,2880,1,0.9112955665708712,0.00941723602811037,0.34461720365127935,0.46582147737150914,0.9084583040584814,10583.493018584852
1,13100,15980,2880,1,0.8977998509744226,0.007551181466398099,0.3467383056095321,0.5214908879120451,0.8791866503036218,9590.364286792417
2,12380,15260,2880,1,0.861258891501762,0.0028729849267876313,0.45365519990035874,0.5602187982211193,0.9002644303252691,8581.056406334956
3,11660,14540,2880,1,0.8743599201326552,-0.004446789531788902,0.4703461393274656,0.6186498474890723,0.8879095550698829,8383.37832173171
4,10940,13820,2880,1,0.9230952052009532,-0.0073681381903891495,0.5538736400294832,0.7249026284877649,0.8884090946077088,9834.846329819326
5,10220,13100,2880,1,0.9283970555578656,-0.008561629554531307,0.5437774293204066,0.7007718018749535,0.8947099380969653,9364.869382037828
6,9500,12380,2880,1,0.9187645187175768,-0.00848039696468267,0.5115542693018373,0.6843451202367076,0.9298591423363984,9732.935576273821
7,8780,11660,2880,1,0.921403645574998,-0.007828446342634687,0.4773597010482964,0.6629511166151599,0.9319274057841191,9446.186535809598
8,8060,10940,2880,1,0.8671138994686933,-0.0009837894949319276,0.4829448620258172,0.6870331146290061,0.9247728570042363,9777.466900561823
9,7340,10220,2880,1,0.8319888643849295,0.0036093235318332734,0.4736151820350185,0.7178396607904483,0.9001013504812067,10735.097025472405
10,6620,9500,2880,1,0.890622105543472,0.007401961632418508,0.4409847988984069,0.7133800911087871,0.9020090984595712,10745.66645709236
11,5900,8780,2880,1,0.8678260403678338,0.007262684427570897,0.39146098885411584,0.5767535185865278,0.8755019464400491,10789.382388216905
12,5180,8060,2880,1,0.9003144778741168,0.00902040012212643,0.4519254088248378,0.5745763663933199,0.869705514970109,11252.096597691836
13,4460,7340,2880,1,0.8859858927528113,0.006537280268700244,0.480172855712398,0.5303707297788973,0.901646551428235,9755.788051502172
14,3740,6620,2880,1,0.7896991563812075,0.0021728831661189476,0.5506271651352899,0.5921507195985897,0.906062562373541,9597.187388204997
