window_idx,history_start,history_end,history_length,n_series,trend_strength,trend_linearity,seasonal_strength,seasonal_correlation,residual_autocorr_lag1,spectral_entropy
0,13820,16700,2880,1,0.9256797773843184,0.003186027720857428,0.16696526430161784,0.22042467221114243,0.8152967676522103,9222.048468939021
1,13100,15980,2880,1,0.9114225794887365,0.0024057510486730264,0.1382472817893562,0.14019530309838202,0.8025524504228666,9068.80550710171
2,12380,15260,2880,1,0.8840945384263221,0.0010951470755640052,0.12558528704124405,0.152066608813966,0.8191970231157655,8711.559338977773
3,11660,14540,2880,1,0.9120266929121995,-0.0019286686131683452,0.15195642924835095,0.16926461893403716,0.8418164226219085,8503.969510330113
4,10940,13820,2880,1,0.9377271410079098,-0.003255917202764551,0.17305158015767141,0.22861162827320844,0.8275432621470084,9044.236238124993
5,10220,13100,2880,1,0.940459330622891,-0.003765541838153385,0.22169888341981858,0.40840965293271514,0.8168077564941889,9106.584312369898
6,9500,12380,2880,1,0.9302284882248131,-0.003994294359403593,0.22925958163543314,0.4548649714938383,0.7954079027039312,9660.717983364753
7,8780,11660,2880,1,0.9447511740249451,-0.005016744207529794,0.26413663650761665,0.437499163707413,0.7491558359345412,10009.94023400085
8,8060,10940,2880,1,0.8862810958826826,-0.002277702331620082,0.24433338998468634,0.4725899022277405,0.7647641983892921,10052.805616278249
9,7340,10220,2880,1,0.7965873588410044,5.315279042980943e-07,0.3107954442630475,0.5585839414221032,0.7862203226868858,10260.04815172447
10,6620,9500,2880,1,0.8131490353863418,0.0021913049110769,0.3238050817602316,0.5388708867705057,0.8103721598009122,10355.535941901362
11,5900,8780,2880,1,0.8810270730305453,0.0035421765615120298,0.2762467017994258,0.4067714167296554,0.8259406185048502,10337.11247702223
12,5180,8060,2880,1,0.9049203482241966,0.004809784536419622,0.27884689363799753,0.4594449209028334,0.8104074330727612,10486.800969500015
13,4460,7340,2880,1,0.8800394753820889,0.003461965535276405,0.1896857030875876,0.304252142123738,0.8168818151364683,10267.648998794311
14,3740,6620,2880,1,0.7639846370242056,4.7965636875235254e-05,0.11808080071414595,0.2944022035530431,0.8288575774485015,10179.751321368587
