window_idx,history_start,history_end,history_length,n_series,trend_strength,trend_linearity,seasonal_strength,seasonal_correlation,residual_autocorr_lag1,spectral_entropy
0,13820,16700,2880,1,0.9258037656560066,0.003111627785741719,0.2782419005141046,0.32830825852249407,0.7788621520094369,9393.874442888831
1,13100,15980,2880,1,0.9171328831717438,0.0025305183827064232,0.2373660486521305,0.19756783965630897,0.7995877254649624,9071.857897368962
2,12380,15260,2880,1,0.9084610988907311,0.0011165121272025656,0.2955828526187869,0.2538951414067118,0.775852665875396,8987.61220469431
3,11660,14540,2880,1,0.9164561611958137,-0.001998727244402685,0.2841570642914747,0.32774816485781505,0.7736808747921194,8903.254390784921
4,10940,13820,2880,1,0.9296418034779532,-0.00319911577526126,0.29674414879919575,0.4219129181837586,0.7678760277087351,9354.872992708506
5,10220,13100,2880,1,0.9352541281567126,-0.003860930321593973,0.33368716532422615,0.6486512447181847,0.7783913415347802,9415.658100954159
6,9500,12380,2880,1,0.9117798953361999,-0.004141466524064486,0.24772556520519562,0.6228502410924718,0.8039008496389781,9917.798225267776
7,8780,11660,2880,1,0.9304938521824933,-0.004945079907226306,0.27080266675225606,0.5608850345133497,0.7684739935816038,10206.081297623357
8,8060,10940,2880,1,0.8660299836757424,-0.0023280132359989624,0.2583911002631627,0.5725079624001276,0.7780972313238029,10367.971473308324
9,7340,10220,2880,1,0.7694876408949242,0.00029993456654861615,0.2591079782653898,0.5926122423529259,0.7939229157121642,10462.504906801161
10,6620,9500,2880,1,0.8328363929802493,0.0028303230159864297,0.3115038978562179,0.58621016229427,0.7906262934806766,10613.25791293045
11,5900,8780,2880,1,0.8733355496328239,0.0038924929952023598,0.2885459271825521,0.5915969773368631,0.7977889589132928,10583.631619557014
12,5180,8060,2880,1,0.8923825975119326,0.00447166728507778,0.28794831383733543,0.534755203331417,0.8127419083161237,10582.957639492932
13,4460,7340,2880,1,0.8826749668464916,0.003280942372257815,0.3196413826705645,0.47133831529491427,0.7823788012643441,10489.819961538902
14,3740,6620,2880,1,0.7284035972920276,0.000494772092047578,0.06012820432084798,0.4249124700535921,0.8021525737378318,10366.098247150323
