{
  "model": "sundial",
  "dataset": "ETTm2",
  "method": "BM",
  "ratio": 0.1,
  "term": "long",
  "imputation_method": "mean",
  "n_windows": 20,
  "period": 1440,
  "inject_range": {
    "dataset_name": "ETTm2",
    "term": "long",
    "frequency": "T",
    "prediction_length": 720,
    "windows": 20,
    "max_context": 2880,
    "start_index": 52400,
    "end_index": 68960,
    "injection_length": 16560,
    "total_length": 69680
  },
  "summary": {
    "mean": {
      "trend_strength": 0.48744924450518734,
      "trend_linearity": 0.001570699181722766,
      "seasonal_strength": 0.9418979683351134,
      "seasonal_correlation": 0.3580963608090158,
      "residual_autocorr_lag1": 0.13936514812736475,
      "spectral_entropy": 9739.228289290877
    },
    "std": {
      "trend_strength": 0.3586825697811863,
      "trend_linearity": 0.002110103152569226,
      "seasonal_strength": 0.0388338674316721,
      "seasonal_correlation": 0.17213163846987736,
      "residual_autocorr_lag1": 0.10656316719402742,
      "spectral_entropy": 1060.1387741919061
    },
    "min": {
      "trend_strength": 0.0,
      "trend_linearity": -0.0030450514196002846,
      "seasonal_strength": 0.8433675563379199,
      "seasonal_correlation": 0.050580074785057806,
      "residual_autocorr_lag1": -0.0006810728109028982,
      "spectral_entropy": 8034.840693548282
    },
    "max": {
      "trend_strength": 0.95897402876499,
      "trend_linearity": 0.0058213994754040994,
      "seasonal_strength": 0.9877236439287845,
      "seasonal_correlation": 0.7437814780380269,
      "residual_autocorr_lag1": 0.3250757857891327,
      "spectral_entropy": 11618.57485822531
    }
  }
}