{
  "model": "sundial",
  "dataset": "exchange_rate",
  "method": "BM",
  "ratio": 0.1,
  "term": "long",
  "imputation_method": "backward",
  "n_windows": 11,
  "period": 7,
  "inject_range": {
    "dataset_name": "exchange_rate",
    "term": "long",
    "frequency": "D",
    "prediction_length": 450,
    "windows": 11,
    "max_context": 2880,
    "start_index": 0,
    "end_index": 7138,
    "injection_length": 7138,
    "total_length": 7588
  },
  "summary": {
    "mean": {
      "trend_strength": 0.9949733857995546,
      "trend_linearity": 3.41863442245564e-05,
      "seasonal_strength": 0.0,
      "seasonal_correlation": 0.00836963861964066,
      "residual_autocorr_lag1": 0.6108954645224508,
      "spectral_entropy": -4149.590908004731
    },
    "std": {
      "trend_strength": 0.0029158964481132647,
      "trend_linearity": 5.353645287671118e-05,
      "seasonal_strength": 0.0,
      "seasonal_correlation": 0.004779254814098806,
      "residual_autocorr_lag1": 0.02202091362982239,
      "spectral_entropy": 716.8182659932032
    },
    "min": {
      "trend_strength": 0.9898515272541416,
      "trend_linearity": -5.4508232398399563e-05,
      "seasonal_strength": 0.0,
      "seasonal_correlation": 0.0013127762140523692,
      "residual_autocorr_lag1": 0.5838467974479622,
      "spectral_entropy": -5203.9503087391695
    },
    "max": {
      "trend_strength": 0.9980461209456315,
      "trend_linearity": 0.00010338538201903431,
      "seasonal_strength": 0.0,
      "seasonal_correlation": 0.01782358159740211,
      "residual_autocorr_lag1": 0.6546393058327477,
      "spectral_entropy": -2596.766676408123
    }
  }
}