window_idx,history_start,history_end,history_length,n_series,trend_strength,trend_linearity,seasonal_strength,seasonal_correlation,residual_autocorr_lag1,spectral_entropy
0,5164,8044,2880,1,0.9450411158302273,0.0007685796648473486,0.06728054227307201,0.4867782060993181,0.9419566470417978,3534.09839987579
1,4444,7324,2880,1,0.950909898685525,0.000920856452754901,0.06792759992173869,0.485802820019919,0.9345797968366379,4138.854746085417
2,3724,6604,2880,1,0.9108884057389187,0.00037755130551695245,0.10276302767787604,0.5207914773988838,0.9237358607267047,3402.455898215217
3,3004,5884,2880,1,0.9017869116178514,-0.00017154262017056627,0.14732462953557746,0.5316450077713928,0.9350430184268642,2561.7526789379303
4,2284,5164,2880,1,0.9265653045018762,-0.0004533002939782976,0.14332095815058632,0.6521641688151351,0.8896992687270321,3391.613740987832
5,1564,4444,2880,1,0.9326661185157119,-0.0006237772572753546,0.11643938510387852,0.6053464752356852,0.9166267440459471,3157.51165265515
6,844,3724,2880,1,0.9496592181444138,-0.0007695741844469471,0.1157550580189598,0.5739394056439583,0.9374563665796191,3017.9877802248334
7,124,3004,2880,1,0.9575566725378428,-0.0008955528817410761,0.10399203413168856,0.44604415606606046,0.9313556468991953,2959.493842816625
