window_idx,history_start,history_end,history_length,n_series,trend_strength,trend_linearity,seasonal_strength,seasonal_correlation,residual_autocorr_lag1,spectral_entropy
0,5164,8044,2880,1,0.9589733977871596,0.0007968085646543447,0.06534800302749089,0.3745721917539301,0.9616202501331925,1908.6165620006013
1,4444,7324,2880,1,0.9613835637800542,0.0008942563557429731,0.08391231386238351,0.5066373695136825,0.9536446989377496,3567.453986858529
2,3724,6604,2880,1,0.9181041928167238,0.00033639246006660225,0.08761943697202157,0.5526181687908802,0.9525955980796865,2035.2472239546785
3,3004,5884,2880,1,0.9114700539014082,-0.0001694150899794651,0.12252974292252183,0.5797447532729695,0.9595258180550185,2192.9703164425227
4,2284,5164,2880,1,0.9298438570168852,-0.00044375116222905006,0.11701836079119854,0.6097070671949717,0.9570798079645427,3061.960405941645
5,1564,4444,2880,1,0.943212209908376,-0.0006487381022883068,0.1219602119627724,0.6341088329248352,0.9635844377890226,2155.9129312948735
6,844,3724,2880,1,0.9535303408290818,-0.0007789533510092886,0.10623352365801875,0.5134635342297437,0.9657485160226769,1728.3547441595235
7,124,3004,2880,1,0.9636619061427876,-0.0008910310023550944,0.09739483920521463,0.47404365581699515,0.9654102113233831,1112.6441619373531
