window_idx,history_start,history_end,history_length,n_series,trend_strength,trend_linearity,seasonal_strength,seasonal_correlation,residual_autocorr_lag1,spectral_entropy
0,5164,8044,2880,1,0.9624176678598556,0.0007808743061802448,0.09494405774510661,0.29008500758674405,0.973210700289292,1563.8754000872564
1,4444,7324,2880,1,0.9661081401318059,0.0009315205014843026,0.09593959053991441,0.45330123966433666,0.9653550385591151,3649.5667602647827
2,3724,6604,2880,1,0.9228049713107307,0.00036066729519367366,0.10495560964314832,0.4422769093647337,0.9557497816935681,1586.9430044781943
3,3004,5884,2880,1,0.915379421292646,-0.00015160701160463354,0.14078697243182736,0.3899619707056153,0.9531733913307765,2177.287378957837
4,2284,5164,2880,1,0.9341136472638223,-0.0004269837012149627,0.15836920898218387,0.4437133928447387,0.9639057257850173,2729.2362370148776
5,1564,4444,2880,1,0.9445178459977202,-0.0006678161569803296,0.12507903818729693,0.39890461829826895,0.9652176867347978,1721.2400226684151
6,844,3724,2880,1,0.9541421056575307,-0.0008033715770212886,0.0883512603503267,0.3903868337095297,0.9501257122763928,1822.3887847851852
7,124,3004,2880,1,0.9614237304356493,-0.0008866136733912727,0.05581297020326492,0.26921083482390284,0.9649583262038397,1063.778401246818
