{
  "model": "sundial",
  "dataset": "OpenElectricity_NEM_5T",
  "method": "BM",
  "ratio": 0.3,
  "term": "long",
  "imputation_method": "mean",
  "n_windows": 20,
  "period": 288,
  "inject_range": {
    "dataset_name": "OpenElectricity_NEM_5T",
    "term": "long",
    "frequency": "5T",
    "prediction_length": 720,
    "windows": 20,
    "max_context": 2880,
    "start_index": 26208,
    "end_index": 42768,
    "injection_length": 16560,
    "total_length": 43488
  },
  "summary": {
    "mean": {
      "trend_strength": 0.12621066901469127,
      "trend_linearity": -0.005585726045431738,
      "seasonal_strength": 0.6131758757374164,
      "seasonal_correlation": 0.8268732409067929,
      "residual_autocorr_lag1": 0.936045988178744,
      "spectral_entropy": 24451.513757478773
    },
    "std": {
      "trend_strength": 0.0986754884285787,
      "trend_linearity": 0.1958917844137016,
      "seasonal_strength": 0.10158278546163006,
      "seasonal_correlation": 0.062456405793694846,
      "residual_autocorr_lag1": 0.017345302400812307,
      "spectral_entropy": 234.2359894097826
    },
    "min": {
      "trend_strength": 0.0,
      "trend_linearity": -0.32787410867819655,
      "seasonal_strength": 0.3990977779838131,
      "seasonal_correlation": 0.702418311676141,
      "residual_autocorr_lag1": 0.8999718761898274,
      "spectral_entropy": 24147.191052556132
    },
    "max": {
      "trend_strength": 0.3395470080519003,
      "trend_linearity": 0.31629649031500645,
      "seasonal_strength": 0.7987772469048453,
      "seasonal_correlation": 0.9366501015685861,
      "residual_autocorr_lag1": 0.9674193983146093,
      "spectral_entropy": 24830.894852948677
    }
  }
}