{
  "model": "sundial",
  "dataset": "OpenElectricity_NEM_5T",
  "method": "BM",
  "ratio": 0.2,
  "term": "long",
  "imputation_method": "linear",
  "n_windows": 20,
  "period": 288,
  "inject_range": {
    "dataset_name": "OpenElectricity_NEM_5T",
    "term": "long",
    "frequency": "5T",
    "prediction_length": 720,
    "windows": 20,
    "max_context": 2880,
    "start_index": 26208,
    "end_index": 42768,
    "injection_length": 16560,
    "total_length": 43488
  },
  "summary": {
    "mean": {
      "trend_strength": 0.35382330339155826,
      "trend_linearity": -0.01705224508726906,
      "seasonal_strength": 0.9049441981684042,
      "seasonal_correlation": 0.9663747953660501,
      "residual_autocorr_lag1": 0.9452579136889208,
      "spectral_entropy": 21561.33254589062
    },
    "std": {
      "trend_strength": 0.12056284737110409,
      "trend_linearity": 0.13495901247042819,
      "seasonal_strength": 0.015228731950262643,
      "seasonal_correlation": 0.025499118972592723,
      "residual_autocorr_lag1": 0.023275330678939218,
      "spectral_entropy": 221.99041559549232
    },
    "min": {
      "trend_strength": 0.11374362285863104,
      "trend_linearity": -0.27191374467143525,
      "seasonal_strength": 0.8663346587740298,
      "seasonal_correlation": 0.8683918409726615,
      "residual_autocorr_lag1": 0.8979879810839642,
      "spectral_entropy": 21310.547821568383
    },
    "max": {
      "trend_strength": 0.5118844331646695,
      "trend_linearity": 0.24078752352682176,
      "seasonal_strength": 0.9359708225473515,
      "seasonal_correlation": 0.9841099848688379,
      "residual_autocorr_lag1": 0.9847432530732347,
      "spectral_entropy": 22404.604497541113
    }
  }
}