window_idx,history_start,history_end,history_length,n_series,trend_strength,trend_linearity,seasonal_strength,seasonal_correlation,residual_autocorr_lag1,spectral_entropy
0,0,1677,1677,1,0.26571520743767996,-0.7194892298510107,0.1018900746287531,0.030156145943819858,-0.018774474538248632,20056.740388802664
1,0,1227,1227,1,0.30848006858678045,-0.48552606359258393,0.11444250461724703,0.03226755994076586,-0.0031151256882839297,14520.290184568956
2,0,777,777,1,0.4297638044194708,4.390346395086184,0.09240423821296695,0.07668965006645138,-0.026730896562683275,8962.569476820496
