window_idx,history_start,history_end,history_length,n_series,trend_strength,trend_linearity,seasonal_strength,seasonal_correlation,residual_autocorr_lag1,spectral_entropy
0,0,1557,1557,1,0.45981640015650493,6.737862840045795,0.6589248669197789,0.7175908375661162,0.0385267833927442,19966.33495502126
1,0,1107,1107,1,0.47412670046397143,4.651319724997998,0.6317234405932661,0.7014081819696577,0.05659096375328655,13865.599285295304
2,0,657,657,1,0.5275263452881735,1.5724192879152101,0.6025558335724932,0.7148324985659898,0.06627567269817417,7978.27291783323
