window_idx,history_start,history_end,history_length,n_series,trend_strength,trend_linearity,seasonal_strength,seasonal_correlation,residual_autocorr_lag1,spectral_entropy
0,0,1557,1557,1,0.27321477351239476,3.3959592698979226,0.5983359693695902,0.5421069753061734,0.06311168958415052,19826.37821558947
1,0,1107,1107,1,0.273490447017116,2.9557434660843813,0.5793539670928247,0.5370647843997637,0.04689971916323226,13837.188829718878
2,0,657,657,1,0.29448212809679153,-4.610544386844987,0.5820529754787571,0.5507329238314156,0.09722750020826063,7940.491642512554
