date,OT
2016-07-01 02:00:00,0.0121
2016-07-01 03:00:00,0.0136
2016-07-01 04:00:00,0.0107
2016-07-01 05:00:00,0.0071
2016-07-01 06:00:00,0.0039
2016-07-01 07:00:00,0.0035
2016-07-01 08:00:00,0.0052
2016-07-01 09:00:00,0.0074
2016-07-01 10:00:00,0.0099
2016-07-01 11:00:00,0.0118
2016-07-01 12:00:00,0.0162
2016-07-01 13:00:00,0.02
2016-07-01 14:00:00,0.0277
2016-07-01 15:00:00,0.0302
2016-07-01 16:00:00,0.0296
2016-07-01 17:00:00,0.0311
2016-07-01 18:00:00,0.0297
2016-07-01 19:00:00,0.0277
2016-07-01 20:00:00,0.0293
2016-07-01 21:00:00,0.0236
2016-07-01 22:00:00,0.0199
2016-07-01 23:00:00,0.0149
2016-07-02 00:00:00,0.0138
2016-07-02 01:00:00,0.0092
2016-07-02 02:00:00,0.0057
2016-07-02 03:00:00,0.0035
2016-07-02 04:00:00,0.0029
2016-07-02 05:00:00,0.0034
2016-07-02 06:00:00,0.0045
2016-07-02 07:00:00,0.0083
2016-07-02 08:00:00,0.0143
2016-07-02 09:00:00,0.021
2016-07-02 10:00:00,0.028
2016-07-02 11:00:00,0.029
2016-07-02 12:00:00,0.0328
2016-07-02 13:00:00,0.0403
2016-07-02 14:00:00,0.0451
2016-07-02 15:00:00,0.0497
2016-07-02 16:00:00,0.0478
2016-07-02 17:00:00,0.0478
2016-07-02 18:00:00,0.049
2016-07-02 19:00:00,0.0483
2016-07-02 20:00:00,0.0309
2016-07-02 21:00:00,0.0442
2016-07-02 22:00:00,0.027
2016-07-02 23:00:00,0.023
2016-07-03 00:00:00,0.0194
2016-07-03 01:00:00,0.0152
2016-07-03 02:00:00,0.0094
2016-07-03 03:00:00,0.0059
2016-07-03 04:00:00,0.0041
2016-07-03 05:00:00,0.0035
2016-07-03 06:00:00,0.0043
2016-07-03 07:00:00,0.005
2016-07-03 08:00:00,0.008
2016-07-03 09:00:00,0.0154
2016-07-03 10:00:00,0.0248
2016-07-03 11:00:00,0.0261
2016-07-03 12:00:00,0.0308
2016-07-03 13:00:00,0.0368
2016-07-03 14:00:00,0.034
2016-07-03 15:00:00,0.033
2016-07-03 16:00:00,0.0424
2016-07-03 17:00:00,0.0467
2016-07-03 18:00:00,0.0449
2016-07-03 19:00:00,0.0458
2016-07-03 20:00:00,0.0428
2016-07-03 21:00:00,0.0334
2016-07-03 22:00:00,0.0266
2016-07-03 23:00:00,0.0219
2016-07-04 00:00:00,0.0185
2016-07-04 01:00:00,0.0135
2016-07-04 02:00:00,0.0084
2016-07-04 03:00:00,0.0057
2016-07-04 04:00:00,0.0044
2016-07-04 05:00:00,0.0033
2016-07-04 06:00:00,0.0023
2016-07-04 07:00:00,0.0033
2016-07-04 08:00:00,0.0056
2016-07-04 09:00:00,0.0095
2016-07-04 10:00:00,0.0157
2016-07-04 11:00:00,0.0201
2016-07-04 12:00:00,0.0257
2016-07-04 13:00:00,0.0301
2016-07-04 14:00:00,0.0292
2016-07-04 15:00:00,0.0341
2016-07-04 16:00:00,0.0386
2016-07-04 17:00:00,0.0383
2016-07-04 18:00:00,0.0377
2016-07-04 19:00:00,0.0411
2016-07-04 20:00:00,0.0353
2016-07-04 21:00:00,0.0271
2016-07-04 22:00:00,0.021
2016-07-04 23:00:00,0.0152
2016-07-05 00:00:00,0.01
2016-07-05 01:00:00,0.0075
2016-07-05 02:00:00,0.0055
2016-07-05 03:00:00,0.0038
2016-07-05 04:00:00,0.0036
2016-07-05 05:00:00,0.0032
2016-07-05 06:00:00,0.0056
2016-07-05 07:00:00,0.0123
2016-07-05 08:00:00,0.022
2016-07-05 09:00:00,0.0351
2016-07-05 10:00:00,0.0377
2016-07-05 11:00:00,0.0308
2016-07-05 12:00:00,0.0333
2016-07-05 13:00:00,0.0406
2016-07-05 14:00:00,0.0479
2016-07-05 15:00:00,0.0465
2016-07-05 16:00:00,0.0537
2016-07-05 17:00:00,0.0497
2016-07-05 18:00:00,0.051
2016-07-05 19:00:00,0.0525
2016-07-05 20:00:00,0.045
2016-07-05 21:00:00,0.0391
2016-07-05 22:00:00,0.0274
2016-07-05 23:00:00,0.0181
2016-07-06 00:00:00,0.013
2016-07-06 01:00:00,0.0109
2016-07-06 02:00:00,0.0069
2016-07-06 03:00:00,0.0049
2016-07-06 04:00:00,0.0036
2016-07-06 05:00:00,0.0035
2016-07-06 06:00:00,0.007
2016-07-06 07:00:00,0.0129
2016-07-06 08:00:00,0.025
2016-07-06 09:00:00,0.0357
2016-07-06 10:00:00,0.0411
2016-07-06 11:00:00,0.0313
2016-07-06 12:00:00,0.0342
2016-07-06 13:00:00,0.0415
2016-07-06 14:00:00,0.0479
2016-07-06 15:00:00,0.0477
2016-07-06 16:00:00,0.0475
2016-07-06 17:00:00,0.0536
2016-07-06 18:00:00,0.0508
2016-07-06 19:00:00,0.05
2016-07-06 20:00:00,0.0493
2016-07-06 21:00:00,0.0415
2016-07-06 22:00:00,0.0298
2016-07-06 23:00:00,0.0206
2016-07-07 00:00:00,0.0154
2016-07-07 01:00:00,0.0108
2016-07-07 02:00:00,0.0069
2016-07-07 03:00:00,0.0035
2016-07-07 04:00:00,0.0032
2016-07-07 05:00:00,0.0035
2016-07-07 06:00:00,0.0067
2016-07-07 07:00:00,0.0145
2016-07-07 08:00:00,0.0248
2016-07-07 09:00:00,0.0362
2016-07-07 10:00:00,0.0403
2016-07-07 11:00:00,0.0365
2016-07-07 12:00:00,0.0358
2016-07-07 13:00:00,0.0424
2016-07-07 14:00:00,0.0482
2016-07-07 15:00:00,0.0485
2016-07-07 16:00:00,0.0485
2016-07-07 17:00:00,0.0524
2016-07-07 18:00:00,0.0524
2016-07-07 19:00:00,0.0506
2016-07-07 20:00:00,0.05
2016-07-07 21:00:00,0.0416
2016-07-07 22:00:00,0.0305
2016-07-07 23:00:00,0.0237
2016-07-08 00:00:00,0.014
2016-07-08 01:00:00,0.011
2016-07-08 02:00:00,0.0081
2016-07-08 03:00:00,0.0042
2016-07-08 04:00:00,0.0038
2016-07-08 05:00:00,0.0039
2016-07-08 06:00:00,0.0068
2016-07-08 07:00:00,0.0131
2016-07-08 08:00:00,0.0244
2016-07-08 09:00:00,0.0383
2016-07-08 10:00:00,0.0409
2016-07-08 11:00:00,0.0354
2016-07-08 12:00:00,0.0345
2016-07-08 13:00:00,0.0422
2016-07-08 14:00:00,0.0454
2016-07-08 15:00:00,0.0522
2016-07-08 16:00:00,0.0504
2016-07-08 17:00:00,0.0572
2016-07-08 18:00:00,0.0511
2016-07-08 19:00:00,0.0489
2016-07-08 20:00:00,0.0502
2016-07-08 21:00:00,0.0403
2016-07-08 22:00:00,0.0294
2016-07-08 23:00:00,0.0218
2016-07-09 00:00:00,0.0155
2016-07-09 01:00:00,0.01
2016-07-09 02:00:00,0.0068
2016-07-09 03:00:00,0.005
2016-07-09 04:00:00,0.0036
2016-07-09 05:00:00,0.0039
2016-07-09 06:00:00,0.0072
2016-07-09 07:00:00,0.0138
2016-07-09 08:00:00,0.0239
2016-07-09 09:00:00,0.0363
2016-07-09 10:00:00,0.0388
2016-07-09 11:00:00,0.037
2016-07-09 12:00:00,0.0387
2016-07-09 13:00:00,0.0451
2016-07-09 14:00:00,0.0469
2016-07-09 15:00:00,0.0526
2016-07-09 16:00:00,0.0518
2016-07-09 17:00:00,0.0535
2016-07-09 18:00:00,0.0519
2016-07-09 19:00:00,0.0528
2016-07-09 20:00:00,0.05
2016-07-09 21:00:00,0.0418
2016-07-09 22:00:00,0.041460396039603956
2016-07-09 23:00:00,0.04112079207920792
2016-07-10 00:00:00,0.04078118811881188
2016-07-10 01:00:00,0.04044158415841584
2016-07-10 02:00:00,0.0401019801980198
2016-07-10 03:00:00,0.039762376237623756
2016-07-10 04:00:00,0.03942277227722772
2016-07-10 05:00:00,0.03908316831683168
2016-07-10 06:00:00,0.03874356435643564
2016-07-10 07:00:00,0.038403960396039605
2016-07-10 08:00:00,0.038064356435643563
2016-07-10 09:00:00,0.03772475247524752
2016-07-10 10:00:00,0.03738514851485148
2016-07-10 11:00:00,0.03704554455445544
2016-07-10 12:00:00,0.036705940594059405
2016-07-10 13:00:00,0.036366336633663364
2016-07-10 14:00:00,0.03602673267326732
2016-07-10 15:00:00,0.03568712871287129
2016-07-10 16:00:00,0.03534752475247525
2016-07-10 17:00:00,0.035007920792079206
2016-07-10 18:00:00,0.034668316831683164
2016-07-10 19:00:00,0.03432871287128712
2016-07-10 20:00:00,0.03398910891089109
2016-07-10 21:00:00,0.03364950495049505
2016-07-10 22:00:00,0.033309900990099006
2016-07-10 23:00:00,0.03297029702970297
2016-07-11 00:00:00,0.03263069306930693
2016-07-11 01:00:00,0.03229108910891089
2016-07-11 02:00:00,0.03195148514851485
2016-07-11 03:00:00,0.03161188118811881
2016-07-11 04:00:00,0.03127227722772277
2016-07-11 05:00:00,0.03093267326732673
2016-07-11 06:00:00,0.03059306930693069
2016-07-11 07:00:00,0.030253465346534652
2016-07-11 08:00:00,0.029913861386138614
2016-07-11 09:00:00,0.029574257425742573
2016-07-11 10:00:00,0.02923465346534653
2016-07-11 11:00:00,0.028895049504950494
2016-07-11 12:00:00,0.028555445544554456
2016-07-11 13:00:00,0.028215841584158415
2016-07-11 14:00:00,0.027876237623762373
2016-07-11 15:00:00,0.027536633663366335
2016-07-11 16:00:00,0.027197029702970298
2016-07-11 17:00:00,0.026857425742574256
2016-07-11 18:00:00,0.026517821782178215
2016-07-11 19:00:00,0.026178217821782177
2016-07-11 20:00:00,0.02583861386138614
2016-07-11 21:00:00,0.025499009900990098
2016-07-11 22:00:00,0.025159405940594057
2016-07-11 23:00:00,0.02481980198019802
2016-07-12 00:00:00,0.02448019801980198
2016-07-12 01:00:00,0.02414059405940594
2016-07-12 02:00:00,0.0238009900990099
2016-07-12 03:00:00,0.02346138613861386
2016-07-12 04:00:00,0.023121782178217823
2016-07-12 05:00:00,0.02278217821782178
2016-07-12 06:00:00,0.02244257425742574
2016-07-12 07:00:00,0.022102970297029702
2016-07-12 08:00:00,0.021763366336633665
2016-07-12 09:00:00,0.021423762376237623
2016-07-12 10:00:00,0.021084158415841582
2016-07-12 11:00:00,0.020744554455445544
2016-07-12 12:00:00,0.020404950495049506
2016-07-12 13:00:00,0.020065346534653465
2016-07-12 14:00:00,0.019725742574257424
2016-07-12 15:00:00,0.019386138613861386
2016-07-12 16:00:00,0.019046534653465348
2016-07-12 17:00:00,0.018706930693069307
2016-07-12 18:00:00,0.018367326732673266
2016-07-12 19:00:00,0.018027722772277228
2016-07-12 20:00:00,0.01768811881188119
2016-07-12 21:00:00,0.01734851485148515
2016-07-12 22:00:00,0.017008910891089107
2016-07-12 23:00:00,0.01666930693069307
2016-07-13 00:00:00,0.01632970297029703
2016-07-13 01:00:00,0.01599009900990099
2016-07-13 02:00:00,0.01565049504950495
2016-07-13 03:00:00,0.015310891089108911
2016-07-13 04:00:00,0.014971287128712873
2016-07-13 05:00:00,0.014631683168316832
2016-07-13 06:00:00,0.014292079207920791
2016-07-13 07:00:00,0.013952475247524753
2016-07-13 08:00:00,0.013612871287128715
2016-07-13 09:00:00,0.013273267326732674
2016-07-13 10:00:00,0.012933663366336633
2016-07-13 11:00:00,0.012594059405940595
2016-07-13 12:00:00,0.012254455445544557
2016-07-13 13:00:00,0.011914851485148516
2016-07-13 14:00:00,0.011575247524752474
2016-07-13 15:00:00,0.011235643564356437
2016-07-13 16:00:00,0.010896039603960399
2016-07-13 17:00:00,0.010556435643564357
2016-07-13 18:00:00,0.010216831683168316
2016-07-13 19:00:00,0.009877227722772282
2016-07-13 20:00:00,0.00953762376237624
2016-07-13 21:00:00,0.0091980198019802
2016-07-13 22:00:00,0.008858415841584158
2016-07-13 23:00:00,0.008518811881188117
2016-07-14 00:00:00,0.008179207920792082
2016-07-14 01:00:00,0.007839603960396041
2016-07-14 02:00:00,0.0075
2016-07-14 03:00:00,0.0042
2016-07-14 04:00:00,0.0032
2016-07-14 05:00:00,0.0035
2016-07-14 06:00:00,0.0088
2016-07-14 07:00:00,0.0154
2016-07-14 08:00:00,0.0284
2016-07-14 09:00:00,0.0395
2016-07-14 10:00:00,0.0418
2016-07-14 11:00:00,0.033
2016-07-14 12:00:00,0.03304653465346535
2016-07-14 13:00:00,0.03309306930693069
2016-07-14 14:00:00,0.033139603960396044
2016-07-14 15:00:00,0.03318613861386139
2016-07-14 16:00:00,0.033232673267326734
2016-07-14 17:00:00,0.03327920792079208
2016-07-14 18:00:00,0.033325742574257425
2016-07-14 19:00:00,0.03337227722772278
2016-07-14 20:00:00,0.03341881188118812
2016-07-14 21:00:00,0.03346534653465347
2016-07-14 22:00:00,0.03351188118811881
2016-07-14 23:00:00,0.03355841584158416
2016-07-15 00:00:00,0.0336049504950495
2016-07-15 01:00:00,0.033651485148514855
2016-07-15 02:00:00,0.0336980198019802
2016-07-15 03:00:00,0.033744554455445545
2016-07-15 04:00:00,0.03379108910891089
2016-07-15 05:00:00,0.033837623762376236
2016-07-15 06:00:00,0.03388415841584159
2016-07-15 07:00:00,0.03393069306930693
2016-07-15 08:00:00,0.03397722772277228
2016-07-15 09:00:00,0.03402376237623762
2016-07-15 10:00:00,0.03407029702970297
2016-07-15 11:00:00,0.03411683168316832
2016-07-15 12:00:00,0.034163366336633666
2016-07-15 13:00:00,0.03420990099009901
2016-07-15 14:00:00,0.034256435643564356
2016-07-15 15:00:00,0.0343029702970297
2016-07-15 16:00:00,0.03434950495049505
2016-07-15 17:00:00,0.0343960396039604
2016-07-15 18:00:00,0.034442574257425744
2016-07-15 19:00:00,0.03448910891089109
2016-07-15 20:00:00,0.034535643564356434
2016-07-15 21:00:00,0.03458217821782178
2016-07-15 22:00:00,0.03462871287128713
2016-07-15 23:00:00,0.03467524752475248
2016-07-16 00:00:00,0.03472178217821782
2016-07-16 01:00:00,0.03476831683168317
2016-07-16 02:00:00,0.03481485148514851
2016-07-16 03:00:00,0.034861386138613865
2016-07-16 04:00:00,0.03490792079207921
2016-07-16 05:00:00,0.034954455445544555
2016-07-16 06:00:00,0.0350009900990099
2016-07-16 07:00:00,0.035047524752475245
2016-07-16 08:00:00,0.0350940594059406
2016-07-16 09:00:00,0.03514059405940594
2016-07-16 10:00:00,0.03518712871287129
2016-07-16 11:00:00,0.03523366336633663
2016-07-16 12:00:00,0.03528019801980198
2016-07-16 13:00:00,0.03532673267326732
2016-07-16 14:00:00,0.035373267326732676
2016-07-16 15:00:00,0.03541980198019802
2016-07-16 16:00:00,0.035466336633663366
2016-07-16 17:00:00,0.03551287128712871
2016-07-16 18:00:00,0.035559405940594056
2016-07-16 19:00:00,0.03560594059405941
2016-07-16 20:00:00,0.035652475247524754
2016-07-16 21:00:00,0.0356990099009901
2016-07-16 22:00:00,0.035745544554455444
2016-07-16 23:00:00,0.03579207920792079
2016-07-17 00:00:00,0.035838613861386134
2016-07-17 01:00:00,0.035885148514851486
2016-07-17 02:00:00,0.03593168316831683
2016-07-17 03:00:00,0.03597821782178218
2016-07-17 04:00:00,0.03602475247524752
2016-07-17 05:00:00,0.03607128712871287
2016-07-17 06:00:00,0.03611782178217822
2016-07-17 07:00:00,0.036164356435643565
2016-07-17 08:00:00,0.03621089108910891
2016-07-17 09:00:00,0.036257425742574255
2016-07-17 10:00:00,0.0363039603960396
2016-07-17 11:00:00,0.03635049504950495
2016-07-17 12:00:00,0.0363970297029703
2016-07-17 13:00:00,0.03644356435643564
2016-07-17 14:00:00,0.03649009900990099
2016-07-17 15:00:00,0.03653663366336633
2016-07-17 16:00:00,0.036583168316831685
2016-07-17 17:00:00,0.03662970297029703
2016-07-17 18:00:00,0.036676237623762376
2016-07-17 19:00:00,0.03672277227722772
2016-07-17 20:00:00,0.036769306930693066
2016-07-17 21:00:00,0.03681584158415841
2016-07-17 22:00:00,0.03686237623762376
2016-07-17 23:00:00,0.03690891089108911
2016-07-18 00:00:00,0.036955445544554454
2016-07-18 01:00:00,0.0370019801980198
2016-07-18 02:00:00,0.037048514851485144
2016-07-18 03:00:00,0.037095049504950496
2016-07-18 04:00:00,0.03714158415841584
2016-07-18 05:00:00,0.037188118811881186
2016-07-18 06:00:00,0.03723465346534653
2016-07-18 07:00:00,0.03728118811881188
2016-07-18 08:00:00,0.03732772277227722
2016-07-18 09:00:00,0.037374257425742574
2016-07-18 10:00:00,0.03742079207920792
2016-07-18 11:00:00,0.037467326732673265
2016-07-18 12:00:00,0.03751386138613861
2016-07-18 13:00:00,0.037560396039603955
2016-07-18 14:00:00,0.03760693069306931
2016-07-18 15:00:00,0.03765346534653465
2016-07-18 16:00:00,0.0377
2016-07-18 17:00:00,0.0354
2016-07-18 18:00:00,0.0393
2016-07-18 19:00:00,0.0363
2016-07-18 20:00:00,0.0361
2016-07-18 21:00:00,0.0277
2016-07-18 22:00:00,0.0226
2016-07-18 23:00:00,0.0172
2016-07-19 00:00:00,0.0126
2016-07-19 01:00:00,0.01
2016-07-19 02:00:00,0.0069
2016-07-19 03:00:00,0.0044
2016-07-19 04:00:00,0.0036
2016-07-19 05:00:00,0.0022
2016-07-19 06:00:00,0.004
2016-07-19 07:00:00,0.0083
2016-07-19 08:00:00,0.0154
2016-07-19 09:00:00,0.0199
2016-07-19 10:00:00,0.0269
2016-07-19 11:00:00,0.0311
2016-07-19 12:00:00,0.0348
2016-07-19 13:00:00,0.0411
2016-07-19 14:00:00,0.044
2016-07-19 15:00:00,0.0478
2016-07-19 16:00:00,0.0493
2016-07-19 17:00:00,0.0508
2016-07-19 18:00:00,0.0471
2016-07-19 19:00:00,0.0485
2016-07-19 20:00:00,0.0444
2016-07-19 21:00:00,0.031
2016-07-19 22:00:00,0.0234
2016-07-19 23:00:00,0.0181
2016-07-20 00:00:00,0.0128
2016-07-20 01:00:00,0.0092
2016-07-20 02:00:00,0.0066
2016-07-20 03:00:00,0.0033
2016-07-20 04:00:00,0.003
2016-07-20 05:00:00,0.003
2016-07-20 06:00:00,0.0061
2016-07-20 07:00:00,0.0135
2016-07-20 08:00:00,0.0248
2016-07-20 09:00:00,0.0363
2016-07-20 10:00:00,0.0399
2016-07-20 11:00:00,0.0357
2016-07-20 12:00:00,0.0372
2016-07-20 13:00:00,0.0392
2016-07-20 14:00:00,0.0452
2016-07-20 15:00:00,0.0472
2016-07-20 16:00:00,0.0483
2016-07-20 17:00:00,0.053
2016-07-20 18:00:00,0.0505
2016-07-20 19:00:00,0.0532
2016-07-20 20:00:00,0.0499
2016-07-20 21:00:00,0.0401
2016-07-20 22:00:00,0.0315
2016-07-20 23:00:00,0.0256
2016-07-21 00:00:00,0.0176
2016-07-21 01:00:00,0.0094
2016-07-21 02:00:00,0.0057
2016-07-21 03:00:00,0.0047
2016-07-21 04:00:00,0.0034
2016-07-21 05:00:00,0.0037
2016-07-21 06:00:00,0.0061
2016-07-21 07:00:00,0.0146
2016-07-21 08:00:00,0.0268
2016-07-21 09:00:00,0.0349
2016-07-21 10:00:00,0.0383
2016-07-21 11:00:00,0.019
2016-07-21 12:00:00,0.03
2016-07-21 13:00:00,0.0421
2016-07-21 14:00:00,0.0482
2016-07-21 15:00:00,0.0482
2016-07-21 16:00:00,0.0414
2016-07-21 17:00:00,0.0515
2016-07-21 18:00:00,0.0514
2016-07-21 19:00:00,0.0549
2016-07-21 20:00:00,0.0493
2016-07-21 21:00:00,0.0438
2016-07-21 22:00:00,0.0349
2016-07-21 23:00:00,0.0262
2016-07-22 00:00:00,0.016
2016-07-22 01:00:00,0.0106
2016-07-22 02:00:00,0.0078
2016-07-22 03:00:00,0.0042
2016-07-22 04:00:00,0.0038
2016-07-22 05:00:00,0.0035
2016-07-22 06:00:00,0.0066
2016-07-22 07:00:00,0.0136
2016-07-22 08:00:00,0.0257
2016-07-22 09:00:00,0.041
2016-07-22 10:00:00,0.038
2016-07-22 11:00:00,0.0374
2016-07-22 12:00:00,0.0356
2016-07-22 13:00:00,0.0423
2016-07-22 14:00:00,0.0475
2016-07-22 15:00:00,0.047
2016-07-22 16:00:00,0.0443
2016-07-22 17:00:00,0.0543
2016-07-22 18:00:00,0.0534
2016-07-22 19:00:00,0.0508
2016-07-22 20:00:00,0.0514
2016-07-22 21:00:00,0.0415
2016-07-22 22:00:00,0.0348
2016-07-22 23:00:00,0.0263
2016-07-23 00:00:00,0.0186
2016-07-23 01:00:00,0.0118
2016-07-23 02:00:00,0.0076
2016-07-23 03:00:00,0.0051
2016-07-23 04:00:00,0.004
2016-07-23 05:00:00,0.003
2016-07-23 06:00:00,0.0057
2016-07-23 07:00:00,0.0125
2016-07-23 08:00:00,0.0244
2016-07-23 09:00:00,0.0363
2016-07-23 10:00:00,0.0406
2016-07-23 11:00:00,0.0343
2016-07-23 12:00:00,0.0396
2016-07-23 13:00:00,0.0453
2016-07-23 14:00:00,0.0471
2016-07-23 15:00:00,0.0512
2016-07-23 16:00:00,0.0519
2016-07-23 17:00:00,0.0535
2016-07-23 18:00:00,0.05
2016-07-23 19:00:00,0.0499
2016-07-23 20:00:00,0.0514
2016-07-23 21:00:00,0.0436
2016-07-23 22:00:00,0.0362
2016-07-23 23:00:00,0.0272
2016-07-24 00:00:00,0.0207
2016-07-24 01:00:00,0.020524752475247526
2016-07-24 02:00:00,0.020349504950495048
2016-07-24 03:00:00,0.020174257425742574
2016-07-24 04:00:00,0.0199990099009901
2016-07-24 05:00:00,0.019823762376237623
2016-07-24 06:00:00,0.01964851485148515
2016-07-24 07:00:00,0.01947326732673267
2016-07-24 08:00:00,0.019298019801980197
2016-07-24 09:00:00,0.019122772277227723
2016-07-24 10:00:00,0.018947524752475246
2016-07-24 11:00:00,0.01877227722772277
2016-07-24 12:00:00,0.018597029702970298
2016-07-24 13:00:00,0.01842178217821782
2016-07-24 14:00:00,0.018246534653465346
2016-07-24 15:00:00,0.018071287128712872
2016-07-24 16:00:00,0.017896039603960395
2016-07-24 17:00:00,0.01772079207920792
2016-07-24 18:00:00,0.017545544554455443
2016-07-24 19:00:00,0.01737029702970297
2016-07-24 20:00:00,0.017195049504950495
2016-07-24 21:00:00,0.01701980198019802
2016-07-24 22:00:00,0.016844554455445544
2016-07-24 23:00:00,0.01666930693069307
2016-07-25 00:00:00,0.016494059405940592
2016-07-25 01:00:00,0.016318811881188118
2016-07-25 02:00:00,0.016143564356435644
2016-07-25 03:00:00,0.015968316831683167
2016-07-25 04:00:00,0.015793069306930693
2016-07-25 05:00:00,0.015617821782178217
2016-07-25 06:00:00,0.015442574257425741
2016-07-25 07:00:00,0.015267326732673267
2016-07-25 08:00:00,0.015092079207920791
2016-07-25 09:00:00,0.014916831683168316
2016-07-25 10:00:00,0.014741584158415841
2016-07-25 11:00:00,0.014566336633663366
2016-07-25 12:00:00,0.01439108910891089
2016-07-25 13:00:00,0.014215841584158416
2016-07-25 14:00:00,0.014040594059405938
2016-07-25 15:00:00,0.013865346534653464
2016-07-25 16:00:00,0.013690099009900989
2016-07-25 17:00:00,0.013514851485148513
2016-07-25 18:00:00,0.013339603960396039
2016-07-25 19:00:00,0.013164356435643563
2016-07-25 20:00:00,0.012989108910891087
2016-07-25 21:00:00,0.012813861386138613
2016-07-25 22:00:00,0.012638613861386138
2016-07-25 23:00:00,0.012463366336633662
2016-07-26 00:00:00,0.012288118811881188
2016-07-26 01:00:00,0.012112871287128712
2016-07-26 02:00:00,0.011937623762376236
2016-07-26 03:00:00,0.01176237623762376
2016-07-26 04:00:00,0.011587128712871287
2016-07-26 05:00:00,0.011411881188118811
2016-07-26 06:00:00,0.011236633663366335
2016-07-26 07:00:00,0.01106138613861386
2016-07-26 08:00:00,0.010886138613861385
2016-07-26 09:00:00,0.01071089108910891
2016-07-26 10:00:00,0.010535643564356434
2016-07-26 11:00:00,0.01036039603960396
2016-07-26 12:00:00,0.010185148514851484
2016-07-26 13:00:00,0.010009900990099008
2016-07-26 14:00:00,0.009834653465346533
2016-07-26 15:00:00,0.009659405940594059
2016-07-26 16:00:00,0.009484158415841583
2016-07-26 17:00:00,0.009308910891089107
2016-07-26 18:00:00,0.009133663366336633
2016-07-26 19:00:00,0.008958415841584157
2016-07-26 20:00:00,0.008783168316831682
2016-07-26 21:00:00,0.008607920792079206
2016-07-26 22:00:00,0.008432673267326732
2016-07-26 23:00:00,0.008257425742574256
2016-07-27 00:00:00,0.00808217821782178
2016-07-27 01:00:00,0.007906930693069306
2016-07-27 02:00:00,0.007731683168316831
2016-07-27 03:00:00,0.007556435643564355
2016-07-27 04:00:00,0.007381188118811879
2016-07-27 05:00:00,0.007205940594059405
2016-07-27 06:00:00,0.007030693069306929
2016-07-27 07:00:00,0.0068554455445544536
2016-07-27 08:00:00,0.006680198019801978
2016-07-27 09:00:00,0.006504950495049504
2016-07-27 10:00:00,0.006329702970297028
2016-07-27 11:00:00,0.006154455445544552
2016-07-27 12:00:00,0.005979207920792078
2016-07-27 13:00:00,0.0058039603960396025
2016-07-27 14:00:00,0.005628712871287127
2016-07-27 15:00:00,0.005453465346534651
2016-07-27 16:00:00,0.005278217821782177
2016-07-27 17:00:00,0.005102970297029701
2016-07-27 18:00:00,0.004927722772277227
2016-07-27 19:00:00,0.00475247524752475
2016-07-27 20:00:00,0.004577227722772276
2016-07-27 21:00:00,0.004401980198019802
2016-07-27 22:00:00,0.004226732673267324
2016-07-27 23:00:00,0.00405148514851485
2016-07-28 00:00:00,0.003876237623762376
2016-07-28 01:00:00,0.0037009900990098987
2016-07-28 02:00:00,0.0035257425742574247
2016-07-28 03:00:00,0.0033504950495049472
2016-07-28 04:00:00,0.003175247524752473
2016-07-28 05:00:00,0.003
2016-07-28 06:00:00,0.0062
2016-07-28 07:00:00,0.0138
2016-07-28 08:00:00,0.0241
2016-07-28 09:00:00,0.0344
2016-07-28 10:00:00,0.0417
2016-07-28 11:00:00,0.0352
2016-07-28 12:00:00,0.035
2016-07-28 13:00:00,0.0429
2016-07-28 14:00:00,0.0504
2016-07-28 15:00:00,0.0476
2016-07-28 16:00:00,0.0496
2016-07-28 17:00:00,0.0533
2016-07-28 18:00:00,0.0508
2016-07-28 19:00:00,0.05047128712871287
2016-07-28 20:00:00,0.05014257425742574
2016-07-28 21:00:00,0.049813861386138615
2016-07-28 22:00:00,0.04948514851485148
2016-07-28 23:00:00,0.04915643564356435
2016-07-29 00:00:00,0.048827722772277225
2016-07-29 01:00:00,0.0484990099009901
2016-07-29 02:00:00,0.04817029702970297
2016-07-29 03:00:00,0.04784158415841584
2016-07-29 04:00:00,0.04751287128712871
2016-07-29 05:00:00,0.04718415841584158
2016-07-29 06:00:00,0.04685544554455445
2016-07-29 07:00:00,0.046526732673267325
2016-07-29 08:00:00,0.0461980198019802
2016-07-29 09:00:00,0.04586930693069307
2016-07-29 10:00:00,0.04554059405940594
2016-07-29 11:00:00,0.04521188118811881
2016-07-29 12:00:00,0.04488316831683168
2016-07-29 13:00:00,0.04455445544554455
2016-07-29 14:00:00,0.044225742574257425
2016-07-29 15:00:00,0.0438970297029703
2016-07-29 16:00:00,0.04356831683168317
2016-07-29 17:00:00,0.04323960396039604
2016-07-29 18:00:00,0.04291089108910891
2016-07-29 19:00:00,0.04258217821782178
2016-07-29 20:00:00,0.04225346534653465
2016-07-29 21:00:00,0.041924752475247525
2016-07-29 22:00:00,0.0415960396039604
2016-07-29 23:00:00,0.04126732673267327
2016-07-30 00:00:00,0.04093861386138614
2016-07-30 01:00:00,0.04060990099009901
2016-07-30 02:00:00,0.04028118811881188
2016-07-30 03:00:00,0.03995247524752475
2016-07-30 04:00:00,0.039623762376237624
2016-07-30 05:00:00,0.0392950495049505
2016-07-30 06:00:00,0.03896633663366337
2016-07-30 07:00:00,0.03863762376237624
2016-07-30 08:00:00,0.03830891089108911
2016-07-30 09:00:00,0.03798019801980198
2016-07-30 10:00:00,0.03765148514851485
2016-07-30 11:00:00,0.037322772277227724
2016-07-30 12:00:00,0.036994059405940596
2016-07-30 13:00:00,0.03666534653465346
2016-07-30 14:00:00,0.03633663366336634
2016-07-30 15:00:00,0.03600792079207921
2016-07-30 16:00:00,0.03567920792079208
2016-07-30 17:00:00,0.03535049504950495
2016-07-30 18:00:00,0.035021782178217824
2016-07-30 19:00:00,0.034693069306930696
2016-07-30 20:00:00,0.03436435643564356
2016-07-30 21:00:00,0.03403564356435644
2016-07-30 22:00:00,0.033706930693069306
2016-07-30 23:00:00,0.03337821782178218
2016-07-31 00:00:00,0.03304950495049505
2016-07-31 01:00:00,0.032720792079207923
2016-07-31 02:00:00,0.032392079207920796
2016-07-31 03:00:00,0.03206336633663366
2016-07-31 04:00:00,0.03173465346534654
2016-07-31 05:00:00,0.031405940594059406
2016-07-31 06:00:00,0.03107722772277228
2016-07-31 07:00:00,0.03074851485148515
2016-07-31 08:00:00,0.030419801980198023
2016-07-31 09:00:00,0.030091089108910892
2016-07-31 10:00:00,0.029762376237623765
2016-07-31 11:00:00,0.029433663366336637
2016-07-31 12:00:00,0.029104950495049506
2016-07-31 13:00:00,0.028776237623762378
2016-07-31 14:00:00,0.02844752475247525
2016-07-31 15:00:00,0.028118811881188123
2016-07-31 16:00:00,0.027790099009900992
2016-07-31 17:00:00,0.027461386138613864
2016-07-31 18:00:00,0.027132673267326737
2016-07-31 19:00:00,0.026803960396039606
2016-07-31 20:00:00,0.026475247524752478
2016-07-31 21:00:00,0.02614653465346535
2016-07-31 22:00:00,0.02581782178217822
2016-07-31 23:00:00,0.02548910891089109
2016-08-01 00:00:00,0.025160396039603964
2016-08-01 01:00:00,0.024831683168316836
2016-08-01 02:00:00,0.024502970297029705
2016-08-01 03:00:00,0.024174257425742578
2016-08-01 04:00:00,0.02384554455445545
2016-08-01 05:00:00,0.02351683168316832
2016-08-01 06:00:00,0.02318811881188119
2016-08-01 07:00:00,0.022859405940594064
2016-08-01 08:00:00,0.022530693069306933
2016-08-01 09:00:00,0.022201980198019805
2016-08-01 10:00:00,0.021873267326732677
2016-08-01 11:00:00,0.02154455445544555
2016-08-01 12:00:00,0.02121584158415842
2016-08-01 13:00:00,0.02088712871287129
2016-08-01 14:00:00,0.020558415841584163
2016-08-01 15:00:00,0.020229702970297032
2016-08-01 16:00:00,0.019900990099009905
2016-08-01 17:00:00,0.019572277227722777
2016-08-01 18:00:00,0.01924356435643565
2016-08-01 19:00:00,0.018914851485148522
2016-08-01 20:00:00,0.018586138613861387
2016-08-01 21:00:00,0.01825742574257426
2016-08-01 22:00:00,0.017928712871287132
2016-08-01 23:00:00,0.0176
2016-08-02 00:00:00,0.011
2016-08-02 01:00:00,0.0076
2016-08-02 02:00:00,0.005
2016-08-02 03:00:00,0.0035
2016-08-02 04:00:00,0.0028
2016-08-02 05:00:00,0.0031
2016-08-02 06:00:00,0.0058
2016-08-02 07:00:00,0.0147
2016-08-02 08:00:00,0.0236
2016-08-02 09:00:00,0.0334
2016-08-02 10:00:00,0.0383
2016-08-02 11:00:00,0.0321
2016-08-02 12:00:00,0.0373
2016-08-02 13:00:00,0.043
2016-08-02 14:00:00,0.0453
2016-08-02 15:00:00,0.0511
2016-08-02 16:00:00,0.0479
2016-08-02 17:00:00,0.0521
2016-08-02 18:00:00,0.0517
2016-08-02 19:00:00,0.0522
2016-08-02 20:00:00,0.0452
2016-08-02 21:00:00,0.0373
2016-08-02 22:00:00,0.0255
2016-08-02 23:00:00,0.0204
2016-08-03 00:00:00,0.0155
2016-08-03 01:00:00,0.0095
2016-08-03 02:00:00,0.0057
2016-08-03 03:00:00,0.0046
2016-08-03 04:00:00,0.0039
2016-08-03 05:00:00,0.0036
2016-08-03 06:00:00,0.007
2016-08-03 07:00:00,0.0127
2016-08-03 08:00:00,0.0237
2016-08-03 09:00:00,0.037
2016-08-03 10:00:00,0.0425
2016-08-03 11:00:00,0.0344
2016-08-03 12:00:00,0.0353
2016-08-03 13:00:00,0.0442
2016-08-03 14:00:00,0.0472
2016-08-03 15:00:00,0.0486
2016-08-03 16:00:00,0.0474
2016-08-03 17:00:00,0.0538
2016-08-03 18:00:00,0.0502
2016-08-03 19:00:00,0.05
2016-08-03 20:00:00,0.0504
2016-08-03 21:00:00,0.0418
2016-08-03 22:00:00,0.034
2016-08-03 23:00:00,0.0256
2016-08-04 00:00:00,0.0152
2016-08-04 01:00:00,0.01
2016-08-04 02:00:00,0.0065
2016-08-04 03:00:00,0.0049
2016-08-04 04:00:00,0.0033
2016-08-04 05:00:00,0.004
2016-08-04 06:00:00,0.0061
2016-08-04 07:00:00,0.0129
2016-08-04 08:00:00,0.0238
2016-08-04 09:00:00,0.0311
2016-08-04 10:00:00,0.0351
2016-08-04 11:00:00,0.0296
2016-08-04 12:00:00,0.0279
2016-08-04 13:00:00,0.0425
2016-08-04 14:00:00,0.0467
2016-08-04 15:00:00,0.0472
2016-08-04 16:00:00,0.0503
2016-08-04 17:00:00,0.0525
2016-08-04 18:00:00,0.0471
2016-08-04 19:00:00,0.0489
2016-08-04 20:00:00,0.0512
2016-08-04 21:00:00,0.0429
2016-08-04 22:00:00,0.0335
2016-08-04 23:00:00,0.0265
2016-08-05 00:00:00,0.0156
2016-08-05 01:00:00,0.0111
2016-08-05 02:00:00,0.0074
2016-08-05 03:00:00,0.0038
2016-08-05 04:00:00,0.0039
2016-08-05 05:00:00,0.0036
2016-08-05 06:00:00,0.0084
2016-08-05 07:00:00,0.0153
2016-08-05 08:00:00,0.0236
2016-08-05 09:00:00,0.038
2016-08-05 10:00:00,0.0411
2016-08-05 11:00:00,0.0318
2016-08-05 12:00:00,0.0387
2016-08-05 13:00:00,0.0441
2016-08-05 14:00:00,0.0482
2016-08-05 15:00:00,0.0517
2016-08-05 16:00:00,0.048
2016-08-05 17:00:00,0.0544
2016-08-05 18:00:00,0.0492
2016-08-05 19:00:00,0.0531
2016-08-05 20:00:00,0.0497
2016-08-05 21:00:00,0.0397
2016-08-05 22:00:00,0.0348
2016-08-05 23:00:00,0.0262
2016-08-06 00:00:00,0.0173
2016-08-06 01:00:00,0.0105
2016-08-06 02:00:00,0.0067
2016-08-06 03:00:00,0.0042
2016-08-06 04:00:00,0.0042
2016-08-06 05:00:00,0.0037
2016-08-06 06:00:00,0.0053
2016-08-06 07:00:00,0.013
2016-08-06 08:00:00,0.0229
2016-08-06 09:00:00,0.0335
2016-08-06 10:00:00,0.0406
2016-08-06 11:00:00,0.0365
2016-08-06 12:00:00,0.0425
2016-08-06 13:00:00,0.0491
2016-08-06 14:00:00,0.0487
2016-08-06 15:00:00,0.0505
2016-08-06 16:00:00,0.053
2016-08-06 17:00:00,0.0587
2016-08-06 18:00:00,0.0516
2016-08-06 19:00:00,0.0483
2016-08-06 20:00:00,0.0501
2016-08-06 21:00:00,0.0419
2016-08-06 22:00:00,0.0355
2016-08-06 23:00:00,0.0249
2016-08-07 00:00:00,0.0202
2016-08-07 01:00:00,0.0134
2016-08-07 02:00:00,0.0088
2016-08-07 03:00:00,0.006
2016-08-07 04:00:00,0.0043
2016-08-07 05:00:00,0.0043
2016-08-07 06:00:00,0.0037
2016-08-07 07:00:00,0.0053
2016-08-07 08:00:00,0.0103
2016-08-07 09:00:00,0.016
2016-08-07 10:00:00,0.0238
2016-08-07 11:00:00,0.0302
2016-08-07 12:00:00,0.0389
2016-08-07 13:00:00,0.0454
2016-08-07 14:00:00,0.0481
2016-08-07 15:00:00,0.044
2016-08-07 16:00:00,0.0465
2016-08-07 17:00:00,0.0406
2016-08-07 18:00:00,0.049
2016-08-07 19:00:00,0.044
2016-08-07 20:00:00,0.0409
2016-08-07 21:00:00,0.0373
2016-08-07 22:00:00,0.0282
2016-08-07 23:00:00,0.0238
2016-08-08 00:00:00,0.0195
2016-08-08 01:00:00,0.0154
2016-08-08 02:00:00,0.0095
2016-08-08 03:00:00,0.0053
2016-08-08 04:00:00,0.0055
2016-08-08 05:00:00,0.0039
2016-08-08 06:00:00,0.0025
2016-08-08 07:00:00,0.004
2016-08-08 08:00:00,0.0056
2016-08-08 09:00:00,0.0111
2016-08-08 10:00:00,0.0146
2016-08-08 11:00:00,0.0194
2016-08-08 12:00:00,0.0247
2016-08-08 13:00:00,0.0319
2016-08-08 14:00:00,0.0384
2016-08-08 15:00:00,0.0376
2016-08-08 16:00:00,0.0383
2016-08-08 17:00:00,0.0402
2016-08-08 18:00:00,0.0378
2016-08-08 19:00:00,0.0385
2016-08-08 20:00:00,0.0352
2016-08-08 21:00:00,0.0305
2016-08-08 22:00:00,0.0219
2016-08-08 23:00:00,0.0148
2016-08-09 00:00:00,0.0103
2016-08-09 01:00:00,0.0085
2016-08-09 02:00:00,0.0055
2016-08-09 03:00:00,0.0036
2016-08-09 04:00:00,0.0031
2016-08-09 05:00:00,0.0034
2016-08-09 06:00:00,0.0058
2016-08-09 07:00:00,0.012
2016-08-09 08:00:00,0.0218
2016-08-09 09:00:00,0.0289
2016-08-09 10:00:00,0.0372
2016-08-09 11:00:00,0.0313
2016-08-09 12:00:00,0.0388
2016-08-09 13:00:00,0.0434
2016-08-09 14:00:00,0.0464
2016-08-09 15:00:00,0.0472
2016-08-09 16:00:00,0.0459
2016-08-09 17:00:00,0.0525
2016-08-09 18:00:00,0.0485
2016-08-09 19:00:00,0.0503
2016-08-09 20:00:00,0.0511
2016-08-09 21:00:00,0.042
2016-08-09 22:00:00,0.0294
2016-08-09 23:00:00,0.0229
2016-08-10 00:00:00,0.014
2016-08-10 01:00:00,0.0084
2016-08-10 02:00:00,0.0064
2016-08-10 03:00:00,0.0047
2016-08-10 04:00:00,0.0033
2016-08-10 05:00:00,0.0034
2016-08-10 06:00:00,0.0061
2016-08-10 07:00:00,0.0127
2016-08-10 08:00:00,0.0226
2016-08-10 09:00:00,0.0363
2016-08-10 10:00:00,0.042
2016-08-10 11:00:00,0.036
2016-08-10 12:00:00,0.0356
2016-08-10 13:00:00,0.0422
2016-08-10 14:00:00,0.0466
2016-08-10 15:00:00,0.0476
2016-08-10 16:00:00,0.0484
2016-08-10 17:00:00,0.0555
2016-08-10 18:00:00,0.0515
2016-08-10 19:00:00,0.051
2016-08-10 20:00:00,0.0517
2016-08-10 21:00:00,0.0429
2016-08-10 22:00:00,0.0328
2016-08-10 23:00:00,0.0274
2016-08-11 00:00:00,0.018
2016-08-11 01:00:00,0.0104
2016-08-11 02:00:00,0.0075
2016-08-11 03:00:00,0.004
2016-08-11 04:00:00,0.0032
2016-08-11 05:00:00,0.0042
2016-08-11 06:00:00,0.0058
2016-08-11 07:00:00,0.0144
2016-08-11 08:00:00,0.0241
2016-08-11 09:00:00,0.0381
2016-08-11 10:00:00,0.0413
2016-08-11 11:00:00,0.0378
2016-08-11 12:00:00,0.0369
2016-08-11 13:00:00,0.0423
2016-08-11 14:00:00,0.0514
2016-08-11 15:00:00,0.0516
2016-08-11 16:00:00,0.0481
2016-08-11 17:00:00,0.0553
2016-08-11 18:00:00,0.0531
2016-08-11 19:00:00,0.054
2016-08-11 20:00:00,0.0503
2016-08-11 21:00:00,0.0425
2016-08-11 22:00:00,0.0343
2016-08-11 23:00:00,0.0283
2016-08-12 00:00:00,0.0166
2016-08-12 01:00:00,0.01
2016-08-12 02:00:00,0.0072
2016-08-12 03:00:00,0.0045
2016-08-12 04:00:00,0.0034
2016-08-12 05:00:00,0.0047
2016-08-12 06:00:00,0.0068
2016-08-12 07:00:00,0.0129
2016-08-12 08:00:00,0.0243
2016-08-12 09:00:00,0.0368
2016-08-12 10:00:00,0.0429
2016-08-12 11:00:00,0.0358
2016-08-12 12:00:00,0.0384
2016-08-12 13:00:00,0.0433
2016-08-12 14:00:00,0.0473
2016-08-12 15:00:00,0.0501
2016-08-12 16:00:00,0.0501
2016-08-12 17:00:00,0.052
2016-08-12 18:00:00,0.0498
2016-08-12 19:00:00,0.0535
2016-08-12 20:00:00,0.0516
2016-08-12 21:00:00,0.0427
2016-08-12 22:00:00,0.0275
2016-08-12 23:00:00,0.0204
2016-08-13 00:00:00,0.0136
2016-08-13 01:00:00,0.0089
2016-08-13 02:00:00,0.0059
2016-08-13 03:00:00,0.0032
2016-08-13 04:00:00,0.0026
2016-08-13 05:00:00,0.0032
2016-08-13 06:00:00,0.0049
2016-08-13 07:00:00,0.0097
2016-08-13 08:00:00,0.0239
2016-08-13 09:00:00,0.0362
2016-08-13 10:00:00,0.0381
2016-08-13 11:00:00,0.0379
2016-08-13 12:00:00,0.0393
2016-08-13 13:00:00,0.0459
2016-08-13 14:00:00,0.0494
2016-08-13 15:00:00,0.0505
2016-08-13 16:00:00,0.0546
2016-08-13 17:00:00,0.0537
2016-08-13 18:00:00,0.0507
2016-08-13 19:00:00,0.0518
2016-08-13 20:00:00,0.051
2016-08-13 21:00:00,0.0416
2016-08-13 22:00:00,0.0282
2016-08-13 23:00:00,0.0261
2016-08-14 00:00:00,0.0198
2016-08-14 01:00:00,0.0131
2016-08-14 02:00:00,0.0088
2016-08-14 03:00:00,0.0053
2016-08-14 04:00:00,0.0037
2016-08-14 05:00:00,0.0036
2016-08-14 06:00:00,0.0029
2016-08-14 07:00:00,0.0051
2016-08-14 08:00:00,0.0097
2016-08-14 09:00:00,0.0154
2016-08-14 10:00:00,0.0239
2016-08-14 11:00:00,0.0295
2016-08-14 12:00:00,0.0348
2016-08-14 13:00:00,0.0419
2016-08-14 14:00:00,0.044
2016-08-14 15:00:00,0.0416
2016-08-14 16:00:00,0.0466
2016-08-14 17:00:00,0.0458
2016-08-14 18:00:00,0.0458
2016-08-14 19:00:00,0.0458
2016-08-14 20:00:00,0.042
2016-08-14 21:00:00,0.0376
2016-08-14 22:00:00,0.0276
2016-08-14 23:00:00,0.0237
2016-08-15 00:00:00,0.0203
2016-08-15 01:00:00,0.0159
2016-08-15 02:00:00,0.0102
2016-08-15 03:00:00,0.0061
2016-08-15 04:00:00,0.0047
2016-08-15 05:00:00,0.0035
2016-08-15 06:00:00,0.0028
2016-08-15 07:00:00,0.003
2016-08-15 08:00:00,0.0047
2016-08-15 09:00:00,0.0099
2016-08-15 10:00:00,0.0134
2016-08-15 11:00:00,0.0189
2016-08-15 12:00:00,0.0259
2016-08-15 13:00:00,0.0335
2016-08-15 14:00:00,0.0381
2016-08-15 15:00:00,0.0381
2016-08-15 16:00:00,0.0404
2016-08-15 17:00:00,0.0378
2016-08-15 18:00:00,0.0354
2016-08-15 19:00:00,0.0318
2016-08-15 20:00:00,0.0302
2016-08-15 21:00:00,0.026
2016-08-15 22:00:00,0.0217
2016-08-15 23:00:00,0.0152
2016-08-16 00:00:00,0.01
2016-08-16 01:00:00,0.0075
2016-08-16 02:00:00,0.0049
2016-08-16 03:00:00,0.003
2016-08-16 04:00:00,0.0027
2016-08-16 05:00:00,0.0026
2016-08-16 06:00:00,0.0046
2016-08-16 07:00:00,0.0109
2016-08-16 08:00:00,0.022
2016-08-16 09:00:00,0.0303
2016-08-16 10:00:00,0.0369
2016-08-16 11:00:00,0.0321
2016-08-16 12:00:00,0.0371
2016-08-16 13:00:00,0.0424
2016-08-16 14:00:00,0.0461
2016-08-16 15:00:00,0.049
2016-08-16 16:00:00,0.0481
2016-08-16 17:00:00,0.0537
2016-08-16 18:00:00,0.0503
2016-08-16 19:00:00,0.0498
2016-08-16 20:00:00,0.0467
2016-08-16 21:00:00,0.0378
2016-08-16 22:00:00,0.0257
2016-08-16 23:00:00,0.0199
2016-08-17 00:00:00,0.0139
2016-08-17 01:00:00,0.0087
2016-08-17 02:00:00,0.006
2016-08-17 03:00:00,0.0043
2016-08-17 04:00:00,0.0033
2016-08-17 05:00:00,0.0033
2016-08-17 06:00:00,0.0061
2016-08-17 07:00:00,0.013
2016-08-17 08:00:00,0.0234
2016-08-17 09:00:00,0.0387
2016-08-17 10:00:00,0.0398
2016-08-17 11:00:00,0.0366
2016-08-17 12:00:00,0.0374
2016-08-17 13:00:00,0.042
2016-08-17 14:00:00,0.0452
2016-08-17 15:00:00,0.0447
2016-08-17 16:00:00,0.0367
2016-08-17 17:00:00,0.0543
2016-08-17 18:00:00,0.051
2016-08-17 19:00:00,0.0497
2016-08-17 20:00:00,0.0457
2016-08-17 21:00:00,0.0405
2016-08-17 22:00:00,0.0325
2016-08-17 23:00:00,0.0256
2016-08-18 00:00:00,0.0162
2016-08-18 01:00:00,0.01
2016-08-18 02:00:00,0.0067
2016-08-18 03:00:00,0.0046
2016-08-18 04:00:00,0.0033
2016-08-18 05:00:00,0.0037
2016-08-18 06:00:00,0.0059
2016-08-18 07:00:00,0.0126
2016-08-18 08:00:00,0.0235
2016-08-18 09:00:00,0.0363
2016-08-18 10:00:00,0.0397
2016-08-18 11:00:00,0.0364
2016-08-18 12:00:00,0.0368
2016-08-18 13:00:00,0.0431
2016-08-18 14:00:00,0.0484
2016-08-18 15:00:00,0.0462
2016-08-18 16:00:00,0.0465
2016-08-18 17:00:00,0.0518
2016-08-18 18:00:00,0.0522
2016-08-18 19:00:00,0.0518
2016-08-18 20:00:00,0.0496
2016-08-18 21:00:00,0.041
2016-08-18 22:00:00,0.035
2016-08-18 23:00:00,0.0305
2016-08-19 00:00:00,0.0155
2016-08-19 01:00:00,0.0098
2016-08-19 02:00:00,0.007
2016-08-19 03:00:00,0.0043
2016-08-19 04:00:00,0.0038
2016-08-19 05:00:00,0.0043
2016-08-19 06:00:00,0.0064
2016-08-19 07:00:00,0.0156
2016-08-19 08:00:00,0.0242
2016-08-19 09:00:00,0.0383
2016-08-19 10:00:00,0.0393
2016-08-19 11:00:00,0.0345
2016-08-19 12:00:00,0.0382
2016-08-19 13:00:00,0.0433
2016-08-19 14:00:00,0.039
2016-08-19 15:00:00,0.0477
2016-08-19 16:00:00,0.0464
2016-08-19 17:00:00,0.0486
2016-08-19 18:00:00,0.0511
2016-08-19 19:00:00,0.0503
2016-08-19 20:00:00,0.0453
2016-08-19 21:00:00,0.0411
2016-08-19 22:00:00,0.0331
2016-08-19 23:00:00,0.0259
2016-08-20 00:00:00,0.0166
2016-08-20 01:00:00,0.0103
2016-08-20 02:00:00,0.0068
2016-08-20 03:00:00,0.0041
2016-08-20 04:00:00,0.0035
2016-08-20 05:00:00,0.0032
2016-08-20 06:00:00,0.0094
2016-08-20 07:00:00,0.0144
2016-08-20 08:00:00,0.0246
2016-08-20 09:00:00,0.0343
2016-08-20 10:00:00,0.0426
2016-08-20 11:00:00,0.0389
2016-08-20 12:00:00,0.0411
2016-08-20 13:00:00,0.0469
2016-08-20 14:00:00,0.0518
2016-08-20 15:00:00,0.0494
2016-08-20 16:00:00,0.0498
2016-08-20 17:00:00,0.0513
2016-08-20 18:00:00,0.0486
2016-08-20 19:00:00,0.0514
2016-08-20 20:00:00,0.0495
2016-08-20 21:00:00,0.034
2016-08-20 22:00:00,0.0361
2016-08-20 23:00:00,0.0294
2016-08-21 00:00:00,0.02914158415841584
2016-08-21 01:00:00,0.028883168316831683
2016-08-21 02:00:00,0.028624752475247525
2016-08-21 03:00:00,0.028366336633663364
2016-08-21 04:00:00,0.028107920792079206
2016-08-21 05:00:00,0.027849504950495048
2016-08-21 06:00:00,0.02759108910891089
2016-08-21 07:00:00,0.027332673267326732
2016-08-21 08:00:00,0.027074257425742574
2016-08-21 09:00:00,0.026815841584158416
2016-08-21 10:00:00,0.026557425742574258
2016-08-21 11:00:00,0.0262990099009901
2016-08-21 12:00:00,0.02604059405940594
2016-08-21 13:00:00,0.02578217821782178
2016-08-21 14:00:00,0.025523762376237623
2016-08-21 15:00:00,0.025265346534653465
2016-08-21 16:00:00,0.025006930693069307
2016-08-21 17:00:00,0.02474851485148515
2016-08-21 18:00:00,0.02449009900990099
2016-08-21 19:00:00,0.02423168316831683
2016-08-21 20:00:00,0.023973267326732675
2016-08-21 21:00:00,0.023714851485148514
2016-08-21 22:00:00,0.023456435643564356
2016-08-21 23:00:00,0.023198019801980198
2016-08-22 00:00:00,0.02293960396039604
2016-08-22 01:00:00,0.022681188118811882
2016-08-22 02:00:00,0.02242277227722772
2016-08-22 03:00:00,0.022164356435643566
2016-08-22 04:00:00,0.021905940594059405
2016-08-22 05:00:00,0.021647524752475247
2016-08-22 06:00:00,0.02138910891089109
2016-08-22 07:00:00,0.02113069306930693
2016-08-22 08:00:00,0.020872277227722773
2016-08-22 09:00:00,0.020613861386138615
2016-08-22 10:00:00,0.020355445544554457
2016-08-22 11:00:00,0.020097029702970295
2016-08-22 12:00:00,0.01983861386138614
2016-08-22 13:00:00,0.01958019801980198
2016-08-22 14:00:00,0.01932178217821782
2016-08-22 15:00:00,0.019063366336633664
2016-08-22 16:00:00,0.018804950495049506
2016-08-22 17:00:00,0.018546534653465348
2016-08-22 18:00:00,0.018288118811881186
2016-08-22 19:00:00,0.018029702970297032
2016-08-22 20:00:00,0.01777128712871287
2016-08-22 21:00:00,0.017512871287128712
2016-08-22 22:00:00,0.017254455445544555
2016-08-22 23:00:00,0.016996039603960397
2016-08-23 00:00:00,0.01673762376237624
2016-08-23 01:00:00,0.01647920792079208
2016-08-23 02:00:00,0.016220792079207923
2016-08-23 03:00:00,0.01596237623762376
2016-08-23 04:00:00,0.015703960396039607
2016-08-23 05:00:00,0.015445544554455445
2016-08-23 06:00:00,0.015187128712871287
2016-08-23 07:00:00,0.01492871287128713
2016-08-23 08:00:00,0.014670297029702972
2016-08-23 09:00:00,0.014411881188118814
2016-08-23 10:00:00,0.014153465346534654
2016-08-23 11:00:00,0.013895049504950496
2016-08-23 12:00:00,0.013636633663366336
2016-08-23 13:00:00,0.013378217821782178
2016-08-23 14:00:00,0.01311980198019802
2016-08-23 15:00:00,0.012861386138613862
2016-08-23 16:00:00,0.012602970297029704
2016-08-23 17:00:00,0.012344554455445546
2016-08-23 18:00:00,0.012086138613861389
2016-08-23 19:00:00,0.01182772277227723
2016-08-23 20:00:00,0.01156930693069307
2016-08-23 21:00:00,0.011310891089108911
2016-08-23 22:00:00,0.011052475247524753
2016-08-23 23:00:00,0.010794059405940595
2016-08-24 00:00:00,0.010535643564356437
2016-08-24 01:00:00,0.01027722772277228
2016-08-24 02:00:00,0.010018811881188121
2016-08-24 03:00:00,0.00976039603960396
2016-08-24 04:00:00,0.009501980198019802
2016-08-24 05:00:00,0.009243564356435644
2016-08-24 06:00:00,0.008985148514851486
2016-08-24 07:00:00,0.008726732673267328
2016-08-24 08:00:00,0.00846831683168317
2016-08-24 09:00:00,0.008209900990099012
2016-08-24 10:00:00,0.007951485148514854
2016-08-24 11:00:00,0.007693069306930696
2016-08-24 12:00:00,0.007434653465346535
2016-08-24 13:00:00,0.007176237623762377
2016-08-24 14:00:00,0.006917821782178219
2016-08-24 15:00:00,0.006659405940594061
2016-08-24 16:00:00,0.006400990099009903
2016-08-24 17:00:00,0.006142574257425745
2016-08-24 18:00:00,0.005884158415841587
2016-08-24 19:00:00,0.005625742574257426
2016-08-24 20:00:00,0.005367326732673268
2016-08-24 21:00:00,0.00510891089108911
2016-08-24 22:00:00,0.004850495049504952
2016-08-24 23:00:00,0.004592079207920794
2016-08-25 00:00:00,0.004333663366336636
2016-08-25 01:00:00,0.004075247524752478
2016-08-25 02:00:00,0.0038168316831683202
2016-08-25 03:00:00,0.0035584158415841623
2016-08-25 04:00:00,0.0033
2016-08-25 05:00:00,0.0038
2016-08-25 06:00:00,0.0073
2016-08-25 07:00:00,0.0143
2016-08-25 08:00:00,0.0236
2016-08-25 09:00:00,0.0359
2016-08-25 10:00:00,0.0431
2016-08-25 11:00:00,0.0351
2016-08-25 12:00:00,0.0397
2016-08-25 13:00:00,0.0447
2016-08-25 14:00:00,0.0525
2016-08-25 15:00:00,0.048
2016-08-25 16:00:00,0.0479
2016-08-25 17:00:00,0.0512
2016-08-25 18:00:00,0.0495
2016-08-25 19:00:00,0.0508
2016-08-25 20:00:00,0.0455
2016-08-25 21:00:00,0.0428
2016-08-25 22:00:00,0.0342
2016-08-25 23:00:00,0.0296
2016-08-26 00:00:00,0.0174
2016-08-26 01:00:00,0.0097
2016-08-26 02:00:00,0.0077
2016-08-26 03:00:00,0.0045
2016-08-26 04:00:00,0.0039
2016-08-26 05:00:00,0.0049
2016-08-26 06:00:00,0.0072
2016-08-26 07:00:00,0.0141
2016-08-26 08:00:00,0.026
2016-08-26 09:00:00,0.0392
2016-08-26 10:00:00,0.0426
2016-08-26 11:00:00,0.0376
2016-08-26 12:00:00,0.0352
2016-08-26 13:00:00,0.0428
2016-08-26 14:00:00,0.0506
2016-08-26 15:00:00,0.0493
2016-08-26 16:00:00,0.045
2016-08-26 17:00:00,0.0561
2016-08-26 18:00:00,0.0433
2016-08-26 19:00:00,0.0362
2016-08-26 20:00:00,0.0354
2016-08-26 21:00:00,0.03
2016-08-26 22:00:00,0.0259
2016-08-26 23:00:00,0.0196
2016-08-27 00:00:00,0.0115
2016-08-27 01:00:00,0.0078
2016-08-27 02:00:00,0.0056
2016-08-27 03:00:00,0.0037
2016-08-27 04:00:00,0.002
2016-08-27 05:00:00,0.0034
2016-08-27 06:00:00,0.007
2016-08-27 07:00:00,0.0129
2016-08-27 08:00:00,0.0251
2016-08-27 09:00:00,0.0372
2016-08-27 10:00:00,0.0428
2016-08-27 11:00:00,0.0376
2016-08-27 12:00:00,0.0435
2016-08-27 13:00:00,0.0479
2016-08-27 14:00:00,0.0523
2016-08-27 15:00:00,0.0521
2016-08-27 16:00:00,0.0497
2016-08-27 17:00:00,0.0554
2016-08-27 18:00:00,0.0522
2016-08-27 19:00:00,0.0509
2016-08-27 20:00:00,0.0482
2016-08-27 21:00:00,0.0424
2016-08-27 22:00:00,0.0378
2016-08-27 23:00:00,0.0285
2016-08-28 00:00:00,0.0208
2016-08-28 01:00:00,0.0147
2016-08-28 02:00:00,0.0101
2016-08-28 03:00:00,0.0061
2016-08-28 04:00:00,0.0042
2016-08-28 05:00:00,0.0046
2016-08-28 06:00:00,0.0034
2016-08-28 07:00:00,0.0059
2016-08-28 08:00:00,0.011
2016-08-28 09:00:00,0.0171
2016-08-28 10:00:00,0.017415841584158417
2016-08-28 11:00:00,0.01773168316831683
2016-08-28 12:00:00,0.018047524752475248
2016-08-28 13:00:00,0.018363366336633664
2016-08-28 14:00:00,0.01867920792079208
2016-08-28 15:00:00,0.018995049504950495
2016-08-28 16:00:00,0.01931089108910891
2016-08-28 17:00:00,0.019626732673267328
2016-08-28 18:00:00,0.019942574257425745
2016-08-28 19:00:00,0.02025841584158416
2016-08-28 20:00:00,0.020574257425742575
2016-08-28 21:00:00,0.020890099009900992
2016-08-28 22:00:00,0.021205940594059405
2016-08-28 23:00:00,0.021521782178217822
2016-08-29 00:00:00,0.02183762376237624
2016-08-29 01:00:00,0.022153465346534652
2016-08-29 02:00:00,0.02246930693069307
2016-08-29 03:00:00,0.022785148514851486
2016-08-29 04:00:00,0.023100990099009903
2016-08-29 05:00:00,0.02341683168316832
2016-08-29 06:00:00,0.023732673267326733
2016-08-29 07:00:00,0.02404851485148515
2016-08-29 08:00:00,0.024364356435643567
2016-08-29 09:00:00,0.02468019801980198
2016-08-29 10:00:00,0.024996039603960397
2016-08-29 11:00:00,0.025311881188118814
2016-08-29 12:00:00,0.025627722772277227
2016-08-29 13:00:00,0.025943564356435644
2016-08-29 14:00:00,0.02625940594059406
2016-08-29 15:00:00,0.026575247524752474
2016-08-29 16:00:00,0.026891089108910894
2016-08-29 17:00:00,0.027206930693069308
2016-08-29 18:00:00,0.02752277227722772
2016-08-29 19:00:00,0.02783861386138614
2016-08-29 20:00:00,0.028154455445544554
2016-08-29 21:00:00,0.02847029702970297
2016-08-29 22:00:00,0.028786138613861388
2016-08-29 23:00:00,0.0291019801980198
2016-08-30 00:00:00,0.02941782178217822
2016-08-30 01:00:00,0.029733663366336635
2016-08-30 02:00:00,0.03004950495049505
2016-08-30 03:00:00,0.030365346534653465
2016-08-30 04:00:00,0.030681188118811882
2016-08-30 05:00:00,0.030997029702970295
2016-08-30 06:00:00,0.031312871287128716
2016-08-30 07:00:00,0.03162871287128713
2016-08-30 08:00:00,0.03194455445544554
2016-08-30 09:00:00,0.03226039603960396
2016-08-30 10:00:00,0.032576237623762376
2016-08-30 11:00:00,0.032892079207920796
2016-08-30 12:00:00,0.03320792079207921
2016-08-30 13:00:00,0.03352376237623762
2016-08-30 14:00:00,0.033839603960396036
2016-08-30 15:00:00,0.03415544554455446
2016-08-30 16:00:00,0.03447128712871288
2016-08-30 17:00:00,0.03478712871287129
2016-08-30 18:00:00,0.035102970297029704
2016-08-30 19:00:00,0.03541881188118812
2016-08-30 20:00:00,0.03573465346534653
2016-08-30 21:00:00,0.03605049504950495
2016-08-30 22:00:00,0.03636633663366337
2016-08-30 23:00:00,0.036682178217821784
2016-08-31 00:00:00,0.0369980198019802
2016-08-31 01:00:00,0.03731386138613861
2016-08-31 02:00:00,0.03762970297029703
2016-08-31 03:00:00,0.037945544554455445
2016-08-31 04:00:00,0.038261386138613865
2016-08-31 05:00:00,0.03857722772277228
2016-08-31 06:00:00,0.03889306930693069
2016-08-31 07:00:00,0.039208910891089105
2016-08-31 08:00:00,0.039524752475247525
2016-08-31 09:00:00,0.039840594059405945
2016-08-31 10:00:00,0.04015643564356436
2016-08-31 11:00:00,0.04047227722772277
2016-08-31 12:00:00,0.040788118811881185
2016-08-31 13:00:00,0.041103960396039606
2016-08-31 14:00:00,0.04141980198019802
2016-08-31 15:00:00,0.04173564356435644
2016-08-31 16:00:00,0.04205148514851485
2016-08-31 17:00:00,0.042367326732673266
2016-08-31 18:00:00,0.04268316831683168
2016-08-31 19:00:00,0.0429990099009901
2016-08-31 20:00:00,0.04331485148514852
2016-08-31 21:00:00,0.04363069306930693
2016-08-31 22:00:00,0.04394653465346535
2016-08-31 23:00:00,0.04426237623762376
2016-09-01 00:00:00,0.04457821782178218
2016-09-01 01:00:00,0.044894059405940594
2016-09-01 02:00:00,0.045209900990099014
2016-09-01 03:00:00,0.04552574257425743
2016-09-01 04:00:00,0.04584158415841584
2016-09-01 05:00:00,0.046157425742574254
2016-09-01 06:00:00,0.046473267326732674
2016-09-01 07:00:00,0.046789108910891095
2016-09-01 08:00:00,0.04710495049504951
2016-09-01 09:00:00,0.04742079207920792
2016-09-01 10:00:00,0.047736633663366335
2016-09-01 11:00:00,0.04805247524752475
2016-09-01 12:00:00,0.048368316831683175
2016-09-01 13:00:00,0.04868415841584159
2016-09-01 14:00:00,0.049
2016-09-01 15:00:00,0.0461
2016-09-01 16:00:00,0.047
2016-09-01 17:00:00,0.0528
2016-09-01 18:00:00,0.05
2016-09-01 19:00:00,0.0515
2016-09-01 20:00:00,0.0493
2016-09-01 21:00:00,0.0421
2016-09-01 22:00:00,0.0344
2016-09-01 23:00:00,0.0285
2016-09-02 00:00:00,0.0161
2016-09-02 01:00:00,0.0102
2016-09-02 02:00:00,0.007
2016-09-02 03:00:00,0.0042
2016-09-02 04:00:00,0.0037
2016-09-02 05:00:00,0.0042
2016-09-02 06:00:00,0.0071
2016-09-02 07:00:00,0.0148
2016-09-02 08:00:00,0.0269
2016-09-02 09:00:00,0.0369
2016-09-02 10:00:00,0.0408
2016-09-02 11:00:00,0.0381
2016-09-02 12:00:00,0.0372
2016-09-02 13:00:00,0.0438
2016-09-02 14:00:00,0.0491
2016-09-02 15:00:00,0.046
2016-09-02 16:00:00,0.0264
2016-09-02 17:00:00,0.0545
2016-09-02 18:00:00,0.0549
2016-09-02 19:00:00,0.0513
2016-09-02 20:00:00,0.0489
2016-09-02 21:00:00,0.0435
2016-09-02 22:00:00,0.0366
2016-09-02 23:00:00,0.0263
2016-09-03 00:00:00,0.016
2016-09-03 01:00:00,0.01
2016-09-03 02:00:00,0.0063
2016-09-03 03:00:00,0.0041
2016-09-03 04:00:00,0.0033
2016-09-03 05:00:00,0.0037
2016-09-03 06:00:00,0.0062
2016-09-03 07:00:00,0.0144
2016-09-03 08:00:00,0.0255
2016-09-03 09:00:00,0.036
2016-09-03 10:00:00,0.0399
2016-09-03 11:00:00,0.0388
2016-09-03 12:00:00,0.0416
2016-09-03 13:00:00,0.0482
2016-09-03 14:00:00,0.0506
2016-09-03 15:00:00,0.0516
2016-09-03 16:00:00,0.0489
2016-09-03 17:00:00,0.0555
2016-09-03 18:00:00,0.0527
2016-09-03 19:00:00,0.0503
2016-09-03 20:00:00,0.0473
2016-09-03 21:00:00,0.0441
2016-09-03 22:00:00,0.0369
2016-09-03 23:00:00,0.0286
2016-09-04 00:00:00,0.021
2016-09-04 01:00:00,0.0156
2016-09-04 02:00:00,0.0087
2016-09-04 03:00:00,0.0052
2016-09-04 04:00:00,0.0034
2016-09-04 05:00:00,0.0051
2016-09-04 06:00:00,0.0058
2016-09-04 07:00:00,0.0074
2016-09-04 08:00:00,0.0133
2016-09-04 09:00:00,0.0216
2016-09-04 10:00:00,0.0291
2016-09-04 11:00:00,0.0365
2016-09-04 12:00:00,0.0418
2016-09-04 13:00:00,0.0446
2016-09-04 14:00:00,0.0475
2016-09-04 15:00:00,0.048
2016-09-04 16:00:00,0.0455
2016-09-04 17:00:00,0.0469
2016-09-04 18:00:00,0.0477
2016-09-04 19:00:00,0.0456
2016-09-04 20:00:00,0.0459
2016-09-04 21:00:00,0.0381
2016-09-04 22:00:00,0.029
2016-09-04 23:00:00,0.0257
2016-09-05 00:00:00,0.0226
2016-09-05 01:00:00,0.0159
2016-09-05 02:00:00,0.0094
2016-09-05 03:00:00,0.0058
2016-09-05 04:00:00,0.0047
2016-09-05 05:00:00,0.0001
2016-09-05 06:00:00,0.004
2016-09-05 07:00:00,0.0075
2016-09-05 08:00:00,0.0111
2016-09-05 09:00:00,0.0174
2016-09-05 10:00:00,0.0224
2016-09-05 11:00:00,0.0294
2016-09-05 12:00:00,0.0348
2016-09-05 13:00:00,0.0409
2016-09-05 14:00:00,0.0449
2016-09-05 15:00:00,0.0425
2016-09-05 16:00:00,0.0408
2016-09-05 17:00:00,0.0422
2016-09-05 18:00:00,0.0422
2016-09-05 19:00:00,0.0382
2016-09-05 20:00:00,0.0351
2016-09-05 21:00:00,0.027
2016-09-05 22:00:00,0.0185
2016-09-05 23:00:00,0.0133
2016-09-06 00:00:00,0.0089
2016-09-06 01:00:00,0.0063
2016-09-06 02:00:00,0.003
2016-09-06 03:00:00,0.0028
2016-09-06 04:00:00,0.0033
2016-09-06 05:00:00,0.0062
2016-09-06 06:00:00,0.0133
2016-09-06 07:00:00,0.0226
2016-09-06 08:00:00,0.0335
2016-09-06 09:00:00,0.0391
2016-09-06 10:00:00,0.0345
2016-09-06 11:00:00,0.0376
2016-09-06 12:00:00,0.0448
2016-09-06 13:00:00,0.0461
2016-09-06 14:00:00,0.0481
2016-09-06 15:00:00,0.0475
2016-09-06 16:00:00,0.0503
2016-09-06 17:00:00,0.0488
2016-09-06 18:00:00,0.037
2016-09-06 19:00:00,0.0477
2016-09-06 20:00:00,0.0416
2016-09-06 21:00:00,0.0331
2016-09-06 22:00:00,0.0251
2016-09-06 23:00:00,0.0153
2016-09-07 00:00:00,0.0096
2016-09-07 01:00:00,0.007
2016-09-07 02:00:00,0.0046
2016-09-07 03:00:00,0.0033
2016-09-07 04:00:00,0.0046
2016-09-07 05:00:00,0.0069
2016-09-07 06:00:00,0.0136
2016-09-07 07:00:00,0.0236
2016-09-07 08:00:00,0.0352
2016-09-07 09:00:00,0.0419
2016-09-07 10:00:00,0.0339
2016-09-07 11:00:00,0.0406
2016-09-07 12:00:00,0.0442
2016-09-07 13:00:00,0.0468
2016-09-07 14:00:00,0.0472
2016-09-07 15:00:00,0.0499
2016-09-07 16:00:00,0.053
2016-09-07 17:00:00,0.0523
2016-09-07 18:00:00,0.0525
2016-09-07 19:00:00,0.0461
2016-09-07 20:00:00,0.0409
2016-09-07 21:00:00,0.0337
2016-09-07 22:00:00,0.0242
2016-09-07 23:00:00,0.0161
2016-09-08 00:00:00,0.0104
2016-09-08 01:00:00,0.0079
2016-09-08 02:00:00,0.0045
2016-09-08 03:00:00,0.0032
2016-09-08 04:00:00,0.0038
2016-09-08 05:00:00,0.0072
2016-09-08 06:00:00,0.0146
2016-09-08 07:00:00,0.0235
2016-09-08 08:00:00,0.0373
2016-09-08 09:00:00,0.0413
2016-09-08 10:00:00,0.0384
2016-09-08 11:00:00,0.0372
2016-09-08 12:00:00,0.0427
2016-09-08 13:00:00,0.0493
2016-09-08 14:00:00,0.0483
2016-09-08 15:00:00,0.0488
2016-09-08 16:00:00,0.0517
2016-09-08 17:00:00,0.0459
2016-09-08 18:00:00,0.0406
2016-09-08 19:00:00,0.0472
2016-09-08 20:00:00,0.0434
2016-09-08 21:00:00,0.038
2016-09-08 22:00:00,0.0291
2016-09-08 23:00:00,0.0172
2016-09-09 00:00:00,0.011
2016-09-09 01:00:00,0.0073
2016-09-09 02:00:00,0.0049
2016-09-09 03:00:00,0.0034
2016-09-09 04:00:00,0.0038
2016-09-09 05:00:00,0.007
2016-09-09 06:00:00,0.0135
2016-09-09 07:00:00,0.0245
2016-09-09 08:00:00,0.0392
2016-09-09 09:00:00,0.0432
2016-09-09 10:00:00,0.0359
2016-09-09 11:00:00,0.0381
2016-09-09 12:00:00,0.0439
2016-09-09 13:00:00,0.0507
2016-09-09 14:00:00,0.0514
2016-09-09 15:00:00,0.0487
2016-09-09 16:00:00,0.0581
2016-09-09 17:00:00,0.0544
2016-09-09 18:00:00,0.0544
2016-09-09 19:00:00,0.0514
2016-09-09 20:00:00,0.0404
2016-09-09 21:00:00,0.0352
2016-09-09 22:00:00,0.0283
2016-09-09 23:00:00,0.0179
2016-09-10 00:00:00,0.0103
2016-09-10 01:00:00,0.0077
2016-09-10 02:00:00,0.0052
2016-09-10 03:00:00,0.0041
2016-09-10 04:00:00,0.0038
2016-09-10 05:00:00,0.0074
2016-09-10 06:00:00,0.0139
2016-09-10 07:00:00,0.0216
2016-09-10 08:00:00,0.0373
2016-09-10 09:00:00,0.0408
2016-09-10 10:00:00,0.0351
2016-09-10 11:00:00,0.0412
2016-09-10 12:00:00,0.0479
2016-09-10 13:00:00,0.0533
2016-09-10 14:00:00,0.0533
2016-09-10 15:00:00,0.0544
2016-09-10 16:00:00,0.0521
2016-09-10 17:00:00,0.0497
2016-09-10 18:00:00,0.0526
2016-09-10 19:00:00,0.0474
2016-09-10 20:00:00,0.0422
2016-09-10 21:00:00,0.0366
2016-09-10 22:00:00,0.0307
2016-09-10 23:00:00,0.0236
2016-09-11 00:00:00,0.0167
2016-09-11 01:00:00,0.0104
2016-09-11 02:00:00,0.007
2016-09-11 03:00:00,0.0042
2016-09-11 04:00:00,0.0047
2016-09-11 05:00:00,0.0052
2016-09-11 06:00:00,0.0057
2016-09-11 07:00:00,0.0121
2016-09-11 08:00:00,0.0195
2016-09-11 09:00:00,0.0283
2016-09-11 10:00:00,0.0314
2016-09-11 11:00:00,0.0402
2016-09-11 12:00:00,0.0406
2016-09-11 13:00:00,0.0458
2016-09-11 14:00:00,0.0488
2016-09-11 15:00:00,0.0435
2016-09-11 16:00:00,0.0444
2016-09-11 17:00:00,0.0441
2016-09-11 18:00:00,0.0438
2016-09-11 19:00:00,0.0425
2016-09-11 20:00:00,0.0386
2016-09-11 21:00:00,0.0326
2016-09-11 22:00:00,0.0293
2016-09-11 23:00:00,0.0235
2016-09-12 00:00:00,0.0171
2016-09-12 01:00:00,0.0101
2016-09-12 02:00:00,0.0068
2016-09-12 03:00:00,0.0047
2016-09-12 04:00:00,0.0042
2016-09-12 05:00:00,0.0027
2016-09-12 06:00:00,0.0035
2016-09-12 07:00:00,0.0078
2016-09-12 08:00:00,0.0124
2016-09-12 09:00:00,0.0179
2016-09-12 10:00:00,0.0232
2016-09-12 11:00:00,0.0309
2016-09-12 12:00:00,0.0344
2016-09-12 13:00:00,0.0392
2016-09-12 14:00:00,0.0432
2016-09-12 15:00:00,0.0402
2016-09-12 16:00:00,0.0394
2016-09-12 17:00:00,0.0395
2016-09-12 18:00:00,0.0371
2016-09-12 19:00:00,0.0344
2016-09-12 20:00:00,0.03
2016-09-12 21:00:00,0.026
2016-09-12 22:00:00,0.019
2016-09-12 23:00:00,0.013
2016-09-13 00:00:00,0.0086
2016-09-13 01:00:00,0.0067
2016-09-13 02:00:00,0.0031
2016-09-13 03:00:00,0.0028
2016-09-13 04:00:00,0.004
2016-09-13 05:00:00,0.0064
2016-09-13 06:00:00,0.0121
2016-09-13 07:00:00,0.0232
2016-09-13 08:00:00,0.0329
2016-09-13 09:00:00,0.0401
2016-09-13 10:00:00,0.0342
2016-09-13 11:00:00,0.0338
2016-09-13 12:00:00,0.0425
2016-09-13 13:00:00,0.0487
2016-09-13 14:00:00,0.0465
2016-09-13 15:00:00,0.0453
2016-09-13 16:00:00,0.0506
2016-09-13 17:00:00,0.052
2016-09-13 18:00:00,0.0508
2016-09-13 19:00:00,0.0439
2016-09-13 20:00:00,0.035
2016-09-13 21:00:00,0.0305
2016-09-13 22:00:00,0.0244
2016-09-13 23:00:00,0.0164
2016-09-14 00:00:00,0.0103
2016-09-14 01:00:00,0.0074
2016-09-14 02:00:00,0.0042
2016-09-14 03:00:00,0.0032
2016-09-14 04:00:00,0.0042
2016-09-14 05:00:00,0.0063
2016-09-14 06:00:00,0.0126
2016-09-14 07:00:00,0.0237
2016-09-14 08:00:00,0.0314
2016-09-14 09:00:00,0.0402
2016-09-14 10:00:00,0.0336
2016-09-14 11:00:00,0.0277
2016-09-14 12:00:00,0.0113
2016-09-14 13:00:00,0.0467
2016-09-14 14:00:00,0.0435
2016-09-14 15:00:00,0.0471
2016-09-14 16:00:00,0.0573
2016-09-14 17:00:00,0.0488
2016-09-14 18:00:00,0.0489
2016-09-14 19:00:00,0.0432
2016-09-14 20:00:00,0.0415
2016-09-14 21:00:00,0.0376
2016-09-14 22:00:00,0.0278
2016-09-14 23:00:00,0.0173
2016-09-15 00:00:00,0.0113
2016-09-15 01:00:00,0.0071
2016-09-15 02:00:00,0.0045
2016-09-15 03:00:00,0.0037
2016-09-15 04:00:00,0.0036
2016-09-15 05:00:00,0.0064
2016-09-15 06:00:00,0.0142
2016-09-15 07:00:00,0.0244
2016-09-15 08:00:00,0.0338
2016-09-15 09:00:00,0.0346
2016-09-15 10:00:00,0.0387
2016-09-15 11:00:00,0.0343
2016-09-15 12:00:00,0.0438
2016-09-15 13:00:00,0.0478
2016-09-15 14:00:00,0.0477
2016-09-15 15:00:00,0.0505
2016-09-15 16:00:00,0.0504
2016-09-15 17:00:00,0.0477
2016-09-15 18:00:00,0.0462
2016-09-15 19:00:00,0.0429
2016-09-15 20:00:00,0.0399
2016-09-15 21:00:00,0.0365
2016-09-15 22:00:00,0.0292
2016-09-15 23:00:00,0.0189
2016-09-16 00:00:00,0.0112
2016-09-16 01:00:00,0.0071
2016-09-16 02:00:00,0.0038
2016-09-16 03:00:00,0.0045
2016-09-16 04:00:00,0.004
2016-09-16 05:00:00,0.0068
2016-09-16 06:00:00,0.0137
2016-09-16 07:00:00,0.0256
2016-09-16 08:00:00,0.0336
2016-09-16 09:00:00,0.039
2016-09-16 10:00:00,0.0381
2016-09-16 11:00:00,0.0374
2016-09-16 12:00:00,0.0416
2016-09-16 13:00:00,0.0454
2016-09-16 14:00:00,0.049
2016-09-16 15:00:00,0.0469
2016-09-16 16:00:00,0.0526
2016-09-16 17:00:00,0.0511
2016-09-16 18:00:00,0.0485
2016-09-16 19:00:00,0.0434
2016-09-16 20:00:00,0.0445
2016-09-16 21:00:00,0.0362
2016-09-16 22:00:00,0.0281
2016-09-16 23:00:00,0.0196
2016-09-17 00:00:00,0.0109
2016-09-17 01:00:00,0.007
2016-09-17 02:00:00,0.0054
2016-09-17 03:00:00,0.0043
2016-09-17 04:00:00,0.005
2016-09-17 05:00:00,0.0077
2016-09-17 06:00:00,0.0126
2016-09-17 07:00:00,0.0236
2016-09-17 08:00:00,0.0305
2016-09-17 09:00:00,0.039
2016-09-17 10:00:00,0.0373
2016-09-17 11:00:00,0.0415
2016-09-17 12:00:00,0.0472
2016-09-17 13:00:00,0.0504
2016-09-17 14:00:00,0.0504
2016-09-17 15:00:00,0.0499
2016-09-17 16:00:00,0.056
2016-09-17 17:00:00,0.0545
2016-09-17 18:00:00,0.0505
2016-09-17 19:00:00,0.0458
2016-09-17 20:00:00,0.0422
2016-09-17 21:00:00,0.0336
2016-09-17 22:00:00,0.0286
2016-09-17 23:00:00,0.0232
2016-09-18 00:00:00,0.0168
2016-09-18 01:00:00,0.0089
2016-09-18 02:00:00,0.0067
2016-09-18 03:00:00,0.0038
2016-09-18 04:00:00,0.0044
2016-09-18 05:00:00,0.0045
2016-09-18 06:00:00,0.0071
2016-09-18 07:00:00,0.0116
2016-09-18 08:00:00,0.0208
2016-09-18 09:00:00,0.0275
2016-09-18 10:00:00,0.0286
2016-09-18 11:00:00,0.0363
2016-09-18 12:00:00,0.0415
2016-09-18 13:00:00,0.0442
2016-09-18 14:00:00,0.0466
2016-09-18 15:00:00,0.0416
2016-09-18 16:00:00,0.044
2016-09-18 17:00:00,0.04
2016-09-18 18:00:00,0.0426
2016-09-18 19:00:00,0.0402
2016-09-18 20:00:00,0.031
2016-09-18 21:00:00,0.0322
2016-09-18 22:00:00,0.0256
2016-09-18 23:00:00,0.0208
2016-09-19 00:00:00,0.0158
2016-09-19 01:00:00,0.0108
2016-09-19 02:00:00,0.006
2016-09-19 03:00:00,0.0049
2016-09-19 04:00:00,0.0041
2016-09-19 05:00:00,0.0023
2016-09-19 06:00:00,0.0041
2016-09-19 07:00:00,0.0067
2016-09-19 08:00:00,0.0124
2016-09-19 09:00:00,0.0162
2016-09-19 10:00:00,0.023
2016-09-19 11:00:00,0.0313
2016-09-19 12:00:00,0.0339
2016-09-19 13:00:00,0.0393
2016-09-19 14:00:00,0.0437
2016-09-19 15:00:00,0.0399
2016-09-19 16:00:00,0.0408
2016-09-19 17:00:00,0.0383
2016-09-19 18:00:00,0.037
2016-09-19 19:00:00,0.0353
2016-09-19 20:00:00,0.0308
2016-09-19 21:00:00,0.0232
2016-09-19 22:00:00,0.0186
2016-09-19 23:00:00,0.012
2016-09-20 00:00:00,0.0078
2016-09-20 01:00:00,0.0062
2016-09-20 02:00:00,0.0032
2016-09-20 03:00:00,0.0027
2016-09-20 04:00:00,0.0047
2016-09-20 05:00:00,0.0066
2016-09-20 06:00:00,0.0126
2016-09-20 07:00:00,0.0218
2016-09-20 08:00:00,0.0309
2016-09-20 09:00:00,0.0378
2016-09-20 10:00:00,0.0352
2016-09-20 11:00:00,0.0338
2016-09-20 12:00:00,0.0415
2016-09-20 13:00:00,0.0485
2016-09-20 14:00:00,0.0482
2016-09-20 15:00:00,0.0433
2016-09-20 16:00:00,0.0532
2016-09-20 17:00:00,0.05
2016-09-20 18:00:00,0.0491
2016-09-20 19:00:00,0.0432
2016-09-20 20:00:00,0.0388
2016-09-20 21:00:00,0.0315
2016-09-20 22:00:00,0.0256
2016-09-20 23:00:00,0.016
2016-09-21 00:00:00,0.0091
2016-09-21 01:00:00,0.0064
2016-09-21 02:00:00,0.0039
2016-09-21 03:00:00,0.0038
2016-09-21 04:00:00,0.0046
2016-09-21 05:00:00,0.0069
2016-09-21 06:00:00,0.0125
2016-09-21 07:00:00,0.0261
2016-09-21 08:00:00,0.0333
2016-09-21 09:00:00,0.0368
2016-09-21 10:00:00,0.0359
2016-09-21 11:00:00,0.0351
2016-09-21 12:00:00,0.042
2016-09-21 13:00:00,0.0495
2016-09-21 14:00:00,0.0453
2016-09-21 15:00:00,0.0471
2016-09-21 16:00:00,0.0563
2016-09-21 17:00:00,0.0509
2016-09-21 18:00:00,0.0508
2016-09-21 19:00:00,0.0426
2016-09-21 20:00:00,0.0408
2016-09-21 21:00:00,0.0338
2016-09-21 22:00:00,0.0269
2016-09-21 23:00:00,0.0131
2016-09-22 00:00:00,0.0
2016-09-22 01:00:00,0.0
2016-09-22 02:00:00,0.0
2016-09-22 03:00:00,0.0
2016-09-22 04:00:00,0.0
2016-09-22 05:00:00,0.0
2016-09-22 06:00:00,0.0099
2016-09-22 07:00:00,0.0253
2016-09-22 08:00:00,0.0327
2016-09-22 09:00:00,0.0398
2016-09-22 10:00:00,0.0338
2016-09-22 11:00:00,0.0379
2016-09-22 12:00:00,0.0467
2016-09-22 13:00:00,0.0439
2016-09-22 14:00:00,0.0408
2016-09-22 15:00:00,0.0456
2016-09-22 16:00:00,0.0564
2016-09-22 17:00:00,0.0473
2016-09-22 18:00:00,0.048
2016-09-22 19:00:00,0.044
2016-09-22 20:00:00,0.0407
2016-09-22 21:00:00,0.0357
2016-09-22 22:00:00,0.0313
2016-09-22 23:00:00,0.0176
2016-09-23 00:00:00,0.011
2016-09-23 01:00:00,0.0077
2016-09-23 02:00:00,0.0044
2016-09-23 03:00:00,0.0043
2016-09-23 04:00:00,0.0049
2016-09-23 05:00:00,0.0066
2016-09-23 06:00:00,0.0143
2016-09-23 07:00:00,0.0252
2016-09-23 08:00:00,0.0324
2016-09-23 09:00:00,0.0416
2016-09-23 10:00:00,0.0368
2016-09-23 11:00:00,0.0373
2016-09-23 12:00:00,0.0443
2016-09-23 13:00:00,0.0478
2016-09-23 14:00:00,0.0465
2016-09-23 15:00:00,0.0489
2016-09-23 16:00:00,0.0548
2016-09-23 17:00:00,0.053
2016-09-23 18:00:00,0.0482
2016-09-23 19:00:00,0.0457
2016-09-23 20:00:00,0.0406
2016-09-23 21:00:00,0.0368
2016-09-23 22:00:00,0.0316
2016-09-23 23:00:00,0.0208
2016-09-24 00:00:00,0.0129
2016-09-24 01:00:00,0.0089
2016-09-24 02:00:00,0.0049
2016-09-24 03:00:00,0.0043
2016-09-24 04:00:00,0.0049
2016-09-24 05:00:00,0.0072
2016-09-24 06:00:00,0.0137
2016-09-24 07:00:00,0.0246
2016-09-24 08:00:00,0.0321
2016-09-24 09:00:00,0.0419
2016-09-24 10:00:00,0.0359
2016-09-24 11:00:00,0.0404
2016-09-24 12:00:00,0.0447
2016-09-24 13:00:00,0.0472
2016-09-24 14:00:00,0.0499
2016-09-24 15:00:00,0.0469
2016-09-24 16:00:00,0.0531
2016-09-24 17:00:00,0.0511
2016-09-24 18:00:00,0.0491
2016-09-24 19:00:00,0.0447
2016-09-24 20:00:00,0.0453
2016-09-24 21:00:00,0.0387
2016-09-24 22:00:00,0.0306
2016-09-24 23:00:00,0.0207
2016-09-25 00:00:00,0.0174
2016-09-25 01:00:00,0.0113
2016-09-25 02:00:00,0.0077
2016-09-25 03:00:00,0.0048
2016-09-25 04:00:00,0.0043
2016-09-25 05:00:00,0.0049
2016-09-25 06:00:00,0.0071
2016-09-25 07:00:00,0.012
2016-09-25 08:00:00,0.0211
2016-09-25 09:00:00,0.0293
2016-09-25 10:00:00,0.033
2016-09-25 11:00:00,0.0375
2016-09-25 12:00:00,0.0456
2016-09-25 13:00:00,0.0459
2016-09-25 14:00:00,0.045
2016-09-25 15:00:00,0.0442
2016-09-25 16:00:00,0.0434
2016-09-25 17:00:00,0.0451
2016-09-25 18:00:00,0.0399
2016-09-25 19:00:00,0.0397
2016-09-25 20:00:00,0.0375
2016-09-25 21:00:00,0.0334
2016-09-25 22:00:00,0.0296
2016-09-25 23:00:00,0.022
2016-09-26 00:00:00,0.0161
2016-09-26 01:00:00,0.0111
2016-09-26 02:00:00,0.0067
2016-09-26 03:00:00,0.0047
2016-09-26 04:00:00,0.0032
2016-09-26 05:00:00,0.0027
2016-09-26 06:00:00,0.0045
2016-09-26 07:00:00,0.0073
2016-09-26 08:00:00,0.0117
2016-09-26 09:00:00,0.0168
2016-09-26 10:00:00,0.0229
2016-09-26 11:00:00,0.0306
2016-09-26 12:00:00,0.0334
2016-09-26 13:00:00,0.0412
2016-09-26 14:00:00,0.032
2016-09-26 15:00:00,0.0422
2016-09-26 16:00:00,0.0428
2016-09-26 17:00:00,0.0394
2016-09-26 18:00:00,0.0365
2016-09-26 19:00:00,0.0338
2016-09-26 20:00:00,0.0315
2016-09-26 21:00:00,0.0264
2016-09-26 22:00:00,0.0201
2016-09-26 23:00:00,0.0129
2016-09-27 00:00:00,0.0121
2016-09-27 01:00:00,0.0067
2016-09-27 02:00:00,0.004
2016-09-27 03:00:00,0.0033
2016-09-27 04:00:00,0.0033
2016-09-27 05:00:00,0.006
2016-09-27 06:00:00,0.0132
2016-09-27 07:00:00,0.0242
2016-09-27 08:00:00,0.0365
2016-09-27 09:00:00,0.0426
2016-09-27 10:00:00,0.033
2016-09-27 11:00:00,0.0374
2016-09-27 12:00:00,0.0408
2016-09-27 13:00:00,0.0432
2016-09-27 14:00:00,0.0458
2016-09-27 15:00:00,0.047
2016-09-27 16:00:00,0.0509
2016-09-27 17:00:00,0.0496
2016-09-27 18:00:00,0.04940792079207921
2016-09-27 19:00:00,0.04921584158415841
2016-09-27 20:00:00,0.04902376237623762
2016-09-27 21:00:00,0.04883168316831683
2016-09-27 22:00:00,0.04863960396039604
2016-09-27 23:00:00,0.04844752475247525
2016-09-28 00:00:00,0.04825544554455445
2016-09-28 01:00:00,0.04806336633663366
2016-09-28 02:00:00,0.04787128712871287
2016-09-28 03:00:00,0.047679207920792076
2016-09-28 04:00:00,0.047487128712871286
2016-09-28 05:00:00,0.0472950495049505
2016-09-28 06:00:00,0.0471029702970297
2016-09-28 07:00:00,0.04691089108910891
2016-09-28 08:00:00,0.046718811881188115
2016-09-28 09:00:00,0.046526732673267325
2016-09-28 10:00:00,0.046334653465346536
2016-09-28 11:00:00,0.04614257425742574
2016-09-28 12:00:00,0.04595049504950495
2016-09-28 13:00:00,0.04575841584158416
2016-09-28 14:00:00,0.045566336633663364
2016-09-28 15:00:00,0.045374257425742574
2016-09-28 16:00:00,0.04518217821782178
2016-09-28 17:00:00,0.04499009900990099
2016-09-28 18:00:00,0.0447980198019802
2016-09-28 19:00:00,0.0446059405940594
2016-09-28 20:00:00,0.04441386138613861
2016-09-28 21:00:00,0.044221782178217824
2016-09-28 22:00:00,0.04402970297029703
2016-09-28 23:00:00,0.04383762376237624
2016-09-29 00:00:00,0.04364554455445545
2016-09-29 01:00:00,0.04345346534653465
2016-09-29 02:00:00,0.04326138613861386
2016-09-29 03:00:00,0.043069306930693066
2016-09-29 04:00:00,0.042877227722772276
2016-09-29 05:00:00,0.04268514851485149
2016-09-29 06:00:00,0.04249306930693069
2016-09-29 07:00:00,0.0423009900990099
2016-09-29 08:00:00,0.042108910891089105
2016-09-29 09:00:00,0.041916831683168315
2016-09-29 10:00:00,0.041724752475247526
2016-09-29 11:00:00,0.041532673267326736
2016-09-29 12:00:00,0.04134059405940594
2016-09-29 13:00:00,0.04114851485148515
2016-09-29 14:00:00,0.040956435643564354
2016-09-29 15:00:00,0.040764356435643564
2016-09-29 16:00:00,0.040572277227722775
2016-09-29 17:00:00,0.04038019801980198
2016-09-29 18:00:00,0.04018811881188119
2016-09-29 19:00:00,0.03999603960396039
2016-09-29 20:00:00,0.0398039603960396
2016-09-29 21:00:00,0.039611881188118814
2016-09-29 22:00:00,0.03941980198019802
2016-09-29 23:00:00,0.03922772277227723
2016-09-30 00:00:00,0.03903564356435643
2016-09-30 01:00:00,0.03884356435643564
2016-09-30 02:00:00,0.03865148514851485
2016-09-30 03:00:00,0.03845940594059406
2016-09-30 04:00:00,0.03826732673267327
2016-09-30 05:00:00,0.03807524752475248
2016-09-30 06:00:00,0.03788316831683168
2016-09-30 07:00:00,0.03769108910891089
2016-09-30 08:00:00,0.0374990099009901
2016-09-30 09:00:00,0.037306930693069305
2016-09-30 10:00:00,0.037114851485148516
2016-09-30 11:00:00,0.03692277227722772
2016-09-30 12:00:00,0.03673069306930693
2016-09-30 13:00:00,0.03653861386138614
2016-09-30 14:00:00,0.03634653465346535
2016-09-30 15:00:00,0.036154455445544555
2016-09-30 16:00:00,0.035962376237623765
2016-09-30 17:00:00,0.03577029702970297
2016-09-30 18:00:00,0.03557821782178218
2016-09-30 19:00:00,0.03538613861386139
2016-09-30 20:00:00,0.03519405940594059
2016-09-30 21:00:00,0.035001980198019804
2016-09-30 22:00:00,0.03480990099009901
2016-09-30 23:00:00,0.03461782178217822
2016-10-01 00:00:00,0.03442574257425743
2016-10-01 01:00:00,0.03423366336633663
2016-10-01 02:00:00,0.03404158415841584
2016-10-01 03:00:00,0.033849504950495046
2016-10-01 04:00:00,0.03365742574257426
2016-10-01 05:00:00,0.03346534653465347
2016-10-01 06:00:00,0.03327326732673268
2016-10-01 07:00:00,0.03308118811881188
2016-10-01 08:00:00,0.032889108910891085
2016-10-01 09:00:00,0.032697029702970296
2016-10-01 10:00:00,0.032504950495049506
2016-10-01 11:00:00,0.03231287128712872
2016-10-01 12:00:00,0.03212079207920792
2016-10-01 13:00:00,0.03192871287128713
2016-10-01 14:00:00,0.031736633663366334
2016-10-01 15:00:00,0.031544554455445545
2016-10-01 16:00:00,0.031352475247524755
2016-10-01 17:00:00,0.031160396039603962
2016-10-01 18:00:00,0.03096831683168317
2016-10-01 19:00:00,0.030776237623762377
2016-10-01 20:00:00,0.030584158415841587
2016-10-01 21:00:00,0.030392079207920794
2016-10-01 22:00:00,0.0302
2016-10-01 23:00:00,0.0233
2016-10-02 00:00:00,0.0172
2016-10-02 01:00:00,0.0119
2016-10-02 02:00:00,0.007
2016-10-02 03:00:00,0.005
2016-10-02 04:00:00,0.0052
2016-10-02 05:00:00,0.0049
2016-10-02 06:00:00,0.007
2016-10-02 07:00:00,0.0132
2016-10-02 08:00:00,0.0188
2016-10-02 09:00:00,0.0276
2016-10-02 10:00:00,0.0307
2016-10-02 11:00:00,0.0382
2016-10-02 12:00:00,0.0457
2016-10-02 13:00:00,0.0446
2016-10-02 14:00:00,0.0483
2016-10-02 15:00:00,0.0427
2016-10-02 16:00:00,0.044
2016-10-02 17:00:00,0.0446
2016-10-02 18:00:00,0.0446
2016-10-02 19:00:00,0.0399
2016-10-02 20:00:00,0.0391
2016-10-02 21:00:00,0.0307
2016-10-02 22:00:00,0.0248
2016-10-02 23:00:00,0.0219
2016-10-03 00:00:00,0.0178
2016-10-03 01:00:00,0.0093
2016-10-03 02:00:00,0.0067
2016-10-03 03:00:00,0.0043
2016-10-03 04:00:00,0.0037
2016-10-03 05:00:00,0.0024
2016-10-03 06:00:00,0.0049
2016-10-03 07:00:00,0.0061
2016-10-03 08:00:00,0.0109
2016-10-03 09:00:00,0.0164
2016-10-03 10:00:00,0.0211
2016-10-03 11:00:00,0.0315
2016-10-03 12:00:00,0.035
2016-10-03 13:00:00,0.1296
2016-10-03 14:00:00,0.043
2016-10-03 15:00:00,0.0398
2016-10-03 16:00:00,0.0363
2016-10-03 17:00:00,0.0314
2016-10-03 18:00:00,0.0297
2016-10-03 19:00:00,0.0279
2016-10-03 20:00:00,0.0283
2016-10-03 21:00:00,0.0264
2016-10-03 22:00:00,0.0202
2016-10-03 23:00:00,0.0132
2016-10-04 00:00:00,0.0083
2016-10-04 01:00:00,0.0052
2016-10-04 02:00:00,0.0032
2016-10-04 03:00:00,0.0027
2016-10-04 04:00:00,0.0039
2016-10-04 05:00:00,0.007
2016-10-04 06:00:00,0.013
2016-10-04 07:00:00,0.0234
2016-10-04 08:00:00,0.0292
2016-10-04 09:00:00,0.0312
2016-10-04 10:00:00,0.0355
2016-10-04 11:00:00,0.0384
2016-10-04 12:00:00,0.0419
2016-10-04 13:00:00,0.0464
2016-10-04 14:00:00,0.0453
2016-10-04 15:00:00,0.0505
2016-10-04 16:00:00,0.0538
2016-10-04 17:00:00,0.0523
2016-10-04 18:00:00,0.0499
2016-10-04 19:00:00,0.0457
2016-10-04 20:00:00,0.026
2016-10-04 21:00:00,0.0296
2016-10-04 22:00:00,0.0231
2016-10-04 23:00:00,0.018
2016-10-05 00:00:00,0.0122
2016-10-05 01:00:00,0.0077
2016-10-05 02:00:00,0.0047
2016-10-05 03:00:00,0.0034
2016-10-05 04:00:00,0.0041
2016-10-05 05:00:00,0.0069
2016-10-05 06:00:00,0.0136
2016-10-05 07:00:00,0.0242
2016-10-05 08:00:00,0.035
2016-10-05 09:00:00,0.0365
2016-10-05 10:00:00,0.0313
2016-10-05 11:00:00,0.0364
2016-10-05 12:00:00,0.041
2016-10-05 13:00:00,0.0484
2016-10-05 14:00:00,0.0498
2016-10-05 15:00:00,0.0508
2016-10-05 16:00:00,0.0531
2016-10-05 17:00:00,0.0455
2016-10-05 18:00:00,0.049
2016-10-05 19:00:00,0.045
2016-10-05 20:00:00,0.0403
2016-10-05 21:00:00,0.0312
2016-10-05 22:00:00,0.0245
2016-10-05 23:00:00,0.017
2016-10-06 00:00:00,0.0105
2016-10-06 01:00:00,0.0083
2016-10-06 02:00:00,0.0037
2016-10-06 03:00:00,0.0035
2016-10-06 04:00:00,0.0032
2016-10-06 05:00:00,0.0059
2016-10-06 06:00:00,0.0122
2016-10-06 07:00:00,0.0231
2016-10-06 08:00:00,0.0359
2016-10-06 09:00:00,0.037
2016-10-06 10:00:00,0.0325
2016-10-06 11:00:00,0.0355
2016-10-06 12:00:00,0.0435
2016-10-06 13:00:00,0.0501
2016-10-06 14:00:00,0.0453
2016-10-06 15:00:00,0.0454
2016-10-06 16:00:00,0.0509
2016-10-06 17:00:00,0.0501
2016-10-06 18:00:00,0.0507
2016-10-06 19:00:00,0.0419
2016-10-06 20:00:00,0.0417
2016-10-06 21:00:00,0.0348
2016-10-06 22:00:00,0.0284
2016-10-06 23:00:00,0.0176
2016-10-07 00:00:00,0.0121
2016-10-07 01:00:00,0.0074
2016-10-07 02:00:00,0.0048
2016-10-07 03:00:00,0.0036
2016-10-07 04:00:00,0.0045
2016-10-07 05:00:00,0.0071
2016-10-07 06:00:00,0.0149
2016-10-07 07:00:00,0.0271
2016-10-07 08:00:00,0.0375
2016-10-07 09:00:00,0.0378
2016-10-07 10:00:00,0.034
2016-10-07 11:00:00,0.037
2016-10-07 12:00:00,0.0464
2016-10-07 13:00:00,0.0503
2016-10-07 14:00:00,0.0488
2016-10-07 15:00:00,0.0513
2016-10-07 16:00:00,0.0505
2016-10-07 17:00:00,0.0506
2016-10-07 18:00:00,0.0507
2016-10-07 19:00:00,0.0497
2016-10-07 20:00:00,0.0419
2016-10-07 21:00:00,0.0348
2016-10-07 22:00:00,0.0293
2016-10-07 23:00:00,0.0177
2016-10-08 00:00:00,0.0131
2016-10-08 01:00:00,0.0076
2016-10-08 02:00:00,0.0055
2016-10-08 03:00:00,0.0047
2016-10-08 04:00:00,0.0037
2016-10-08 05:00:00,0.0074
2016-10-08 06:00:00,0.0136
2016-10-08 07:00:00,0.025
2016-10-08 08:00:00,0.037
2016-10-08 09:00:00,0.0364
2016-10-08 10:00:00,0.0343
2016-10-08 11:00:00,0.0392
2016-10-08 12:00:00,0.0457
2016-10-08 13:00:00,0.0522
2016-10-08 14:00:00,0.0516
2016-10-08 15:00:00,0.052
2016-10-08 16:00:00,0.0536
2016-10-08 17:00:00,0.0397
2016-10-08 18:00:00,0.0543
2016-10-08 19:00:00,0.0456
2016-10-08 20:00:00,0.0347
2016-10-08 21:00:00,0.0405
2016-10-08 22:00:00,0.0296
2016-10-08 23:00:00,0.0251
2016-10-09 00:00:00,0.0166
2016-10-09 01:00:00,0.0105
2016-10-09 02:00:00,0.0065
2016-10-09 03:00:00,0.0056
2016-10-09 04:00:00,0.005
2016-10-09 05:00:00,0.0051
2016-10-09 06:00:00,0.0073
2016-10-09 07:00:00,0.0146
2016-10-09 08:00:00,0.0246
2016-10-09 09:00:00,0.0291
2016-10-09 10:00:00,0.0317
2016-10-09 11:00:00,0.0402
2016-10-09 12:00:00,0.045
2016-10-09 13:00:00,0.0494
2016-10-09 14:00:00,0.0471
2016-10-09 15:00:00,0.0448
2016-10-09 16:00:00,0.0461
2016-10-09 17:00:00,0.0456
2016-10-09 18:00:00,0.0456
2016-10-09 19:00:00,0.0409
2016-10-09 20:00:00,0.0345
2016-10-09 21:00:00,0.0328
2016-10-09 22:00:00,0.0277
2016-10-09 23:00:00,0.0237
2016-10-10 00:00:00,0.0183
2016-10-10 01:00:00,0.0112
2016-10-10 02:00:00,0.0068
2016-10-10 03:00:00,0.0048
2016-10-10 04:00:00,0.0035
2016-10-10 05:00:00,0.0026
2016-10-10 06:00:00,0.0045
2016-10-10 07:00:00,0.0101
2016-10-10 08:00:00,0.0141
2016-10-10 09:00:00,0.014425742574257425
2016-10-10 10:00:00,0.014751485148514851
2016-10-10 11:00:00,0.015077227722772276
2016-10-10 12:00:00,0.015402970297029703
2016-10-10 13:00:00,0.015728712871287128
2016-10-10 14:00:00,0.016054455445544555
2016-10-10 15:00:00,0.016380198019801978
2016-10-10 16:00:00,0.016705940594059405
2016-10-10 17:00:00,0.01703168316831683
2016-10-10 18:00:00,0.01735742574257426
2016-10-10 19:00:00,0.01768316831683168
2016-10-10 20:00:00,0.018008910891089108
2016-10-10 21:00:00,0.018334653465346535
2016-10-10 22:00:00,0.01866039603960396
2016-10-10 23:00:00,0.018986138613861385
2016-10-11 00:00:00,0.01931188118811881
2016-10-11 01:00:00,0.01963762376237624
2016-10-11 02:00:00,0.01996336633663366
2016-10-11 03:00:00,0.02028910891089109
2016-10-11 04:00:00,0.020614851485148515
2016-10-11 05:00:00,0.02094059405940594
2016-10-11 06:00:00,0.021266336633663365
2016-10-11 07:00:00,0.021592079207920792
2016-10-11 08:00:00,0.021917821782178215
2016-10-11 09:00:00,0.022243564356435645
2016-10-11 10:00:00,0.02256930693069307
2016-10-11 11:00:00,0.022895049504950495
2016-10-11 12:00:00,0.023220792079207922
2016-10-11 13:00:00,0.023546534653465345
2016-10-11 14:00:00,0.023872277227722772
2016-10-11 15:00:00,0.0241980198019802
2016-10-11 16:00:00,0.024523762376237622
2016-10-11 17:00:00,0.02484950495049505
2016-10-11 18:00:00,0.025175247524752475
2016-10-11 19:00:00,0.0255009900990099
2016-10-11 20:00:00,0.02582673267326733
2016-10-11 21:00:00,0.026152475247524752
2016-10-11 22:00:00,0.02647821782178218
2016-10-11 23:00:00,0.026803960396039606
2016-10-12 00:00:00,0.02712970297029703
2016-10-12 01:00:00,0.027455445544554456
2016-10-12 02:00:00,0.027781188118811882
2016-10-12 03:00:00,0.028106930693069306
2016-10-12 04:00:00,0.028432673267326732
2016-10-12 05:00:00,0.02875841584158416
2016-10-12 06:00:00,0.029084158415841582
2016-10-12 07:00:00,0.029409900990099012
2016-10-12 08:00:00,0.029735643564356436
2016-10-12 09:00:00,0.03006138613861386
2016-10-12 10:00:00,0.03038712871287129
2016-10-12 11:00:00,0.030712871287128712
2016-10-12 12:00:00,0.031038613861386136
2016-10-12 13:00:00,0.031364356435643566
2016-10-12 14:00:00,0.03169009900990099
2016-10-12 15:00:00,0.03201584158415842
2016-10-12 16:00:00,0.03234158415841584
2016-10-12 17:00:00,0.032667326732673266
2016-10-12 18:00:00,0.032993069306930696
2016-10-12 19:00:00,0.03331881188118812
2016-10-12 20:00:00,0.03364455445544554
2016-10-12 21:00:00,0.03397029702970297
2016-10-12 22:00:00,0.034296039603960396
2016-10-12 23:00:00,0.03462178217821782
2016-10-13 00:00:00,0.03494752475247525
2016-10-13 01:00:00,0.03527326732673267
2016-10-13 02:00:00,0.035599009900990096
2016-10-13 03:00:00,0.035924752475247526
2016-10-13 04:00:00,0.03625049504950495
2016-10-13 05:00:00,0.03657623762376238
2016-10-13 06:00:00,0.0369019801980198
2016-10-13 07:00:00,0.037227722772277226
2016-10-13 08:00:00,0.037553465346534656
2016-10-13 09:00:00,0.03787920792079208
2016-10-13 10:00:00,0.0382049504950495
2016-10-13 11:00:00,0.03853069306930693
2016-10-13 12:00:00,0.038856435643564356
2016-10-13 13:00:00,0.03918217821782178
2016-10-13 14:00:00,0.03950792079207921
2016-10-13 15:00:00,0.03983366336633663
2016-10-13 16:00:00,0.04015940594059406
2016-10-13 17:00:00,0.040485148514851486
2016-10-13 18:00:00,0.04081089108910891
2016-10-13 19:00:00,0.04113663366336634
2016-10-13 20:00:00,0.04146237623762376
2016-10-13 21:00:00,0.041788118811881186
2016-10-13 22:00:00,0.04211386138613862
2016-10-13 23:00:00,0.04243960396039604
2016-10-14 00:00:00,0.04276534653465346
2016-10-14 01:00:00,0.04309108910891089
2016-10-14 02:00:00,0.04341683168316832
2016-10-14 03:00:00,0.04374257425742574
2016-10-14 04:00:00,0.04406831683168317
2016-10-14 05:00:00,0.04439405940594059
2016-10-14 06:00:00,0.04471980198019802
2016-10-14 07:00:00,0.04504554455445545
2016-10-14 08:00:00,0.04537128712871287
2016-10-14 09:00:00,0.0456970297029703
2016-10-14 10:00:00,0.04602277227722772
2016-10-14 11:00:00,0.046348514851485154
2016-10-14 12:00:00,0.04667425742574258
2016-10-14 13:00:00,0.047
2016-10-14 14:00:00,0.0486
2016-10-14 15:00:00,0.0485
2016-10-14 16:00:00,0.0583
2016-10-14 17:00:00,0.05
2016-10-14 18:00:00,0.0497
2016-10-14 19:00:00,0.0445
2016-10-14 20:00:00,0.0422
2016-10-14 21:00:00,0.0365
2016-10-14 22:00:00,0.0265
2016-10-14 23:00:00,0.0184
2016-10-15 00:00:00,0.013
2016-10-15 01:00:00,0.0091
2016-10-15 02:00:00,0.005
2016-10-15 03:00:00,0.0051
2016-10-15 04:00:00,0.0045
2016-10-15 05:00:00,0.0068
2016-10-15 06:00:00,0.0124
2016-10-15 07:00:00,0.0264
2016-10-15 08:00:00,0.0367
2016-10-15 09:00:00,0.0443
2016-10-15 10:00:00,0.0368
2016-10-15 11:00:00,0.0384
2016-10-15 12:00:00,0.0455
2016-10-15 13:00:00,0.0482
2016-10-15 14:00:00,0.048
2016-10-15 15:00:00,0.0469
2016-10-15 16:00:00,0.0517
2016-10-15 17:00:00,0.0513
2016-10-15 18:00:00,0.0502
2016-10-15 19:00:00,0.0477
2016-10-15 20:00:00,0.0432
2016-10-15 21:00:00,0.0355
2016-10-15 22:00:00,0.0328
2016-10-15 23:00:00,0.0236
2016-10-16 00:00:00,0.0188
2016-10-16 01:00:00,0.0129
2016-10-16 02:00:00,0.0066
2016-10-16 03:00:00,0.0052
2016-10-16 04:00:00,0.0057
2016-10-16 05:00:00,0.0046
2016-10-16 06:00:00,0.0063
2016-10-16 07:00:00,0.0133
2016-10-16 08:00:00,0.0229
2016-10-16 09:00:00,0.0316
2016-10-16 10:00:00,0.0334
2016-10-16 11:00:00,0.0375
2016-10-16 12:00:00,0.0431
2016-10-16 13:00:00,0.045
2016-10-16 14:00:00,0.0433
2016-10-16 15:00:00,0.0415
2016-10-16 16:00:00,0.0426
2016-10-16 17:00:00,0.0434
2016-10-16 18:00:00,0.0435
2016-10-16 19:00:00,0.0403
2016-10-16 20:00:00,0.0319
2016-10-16 21:00:00,0.032
2016-10-16 22:00:00,0.0273
2016-10-16 23:00:00,0.0234
2016-10-17 00:00:00,0.0166
2016-10-17 01:00:00,0.0117
2016-10-17 02:00:00,0.0066
2016-10-17 03:00:00,0.0046
2016-10-17 04:00:00,0.0038
2016-10-17 05:00:00,0.0028
2016-10-17 06:00:00,0.0052
2016-10-17 07:00:00,0.0077
2016-10-17 08:00:00,0.0136
2016-10-17 09:00:00,0.0189
2016-10-17 10:00:00,0.0256
2016-10-17 11:00:00,0.0308
2016-10-17 12:00:00,0.0344
2016-10-17 13:00:00,0.0323
2016-10-17 14:00:00,0.0284
2016-10-17 15:00:00,0.0287
2016-10-17 16:00:00,0.0298
2016-10-17 17:00:00,0.028
2016-10-17 18:00:00,0.0278
2016-10-17 19:00:00,0.023
2016-10-17 20:00:00,0.0208
2016-10-17 21:00:00,0.0191
2016-10-17 22:00:00,0.0127
2016-10-17 23:00:00,0.0088
2016-10-18 00:00:00,0.0063
2016-10-18 01:00:00,0.0039
2016-10-18 02:00:00,0.0031
2016-10-18 03:00:00,0.0017
2016-10-18 04:00:00,0.0021
2016-10-18 05:00:00,0.0059
2016-10-18 06:00:00,0.0137
2016-10-18 07:00:00,0.0231
2016-10-18 08:00:00,0.0375
2016-10-18 09:00:00,0.0422
2016-10-18 10:00:00,0.0334
2016-10-18 11:00:00,0.0359
2016-10-18 12:00:00,0.0412
2016-10-18 13:00:00,0.0421
2016-10-18 14:00:00,0.0431
2016-10-18 15:00:00,0.0453
2016-10-18 16:00:00,0.0523
2016-10-18 17:00:00,0.0476
2016-10-18 18:00:00,0.0455
2016-10-18 19:00:00,0.045
2016-10-18 20:00:00,0.037
2016-10-18 21:00:00,0.031
2016-10-18 22:00:00,0.0216
2016-10-18 23:00:00,0.0163
2016-10-19 00:00:00,0.0116
2016-10-19 01:00:00,0.0066
2016-10-19 02:00:00,0.0042
2016-10-19 03:00:00,0.0032
2016-10-19 04:00:00,0.0039
2016-10-19 05:00:00,0.0062
2016-10-19 06:00:00,0.0137
2016-10-19 07:00:00,0.0266
2016-10-19 08:00:00,0.0361
2016-10-19 09:00:00,0.0424
2016-10-19 10:00:00,0.0349
2016-10-19 11:00:00,0.037
2016-10-19 12:00:00,0.0422
2016-10-19 13:00:00,0.0448
2016-10-19 14:00:00,0.0514
2016-10-19 15:00:00,0.0473
2016-10-19 16:00:00,0.0565
2016-10-19 17:00:00,0.0506
2016-10-19 18:00:00,0.0506
2016-10-19 19:00:00,0.0461
2016-10-19 20:00:00,0.0425
2016-10-19 21:00:00,0.0336
2016-10-19 22:00:00,0.0272
2016-10-19 23:00:00,0.0175
2016-10-20 00:00:00,0.0104
2016-10-20 01:00:00,0.0078
2016-10-20 02:00:00,0.0039
2016-10-20 03:00:00,0.0037
2016-10-20 04:00:00,0.0039
2016-10-20 05:00:00,0.0069
2016-10-20 06:00:00,0.0141
2016-10-20 07:00:00,0.0254
2016-10-20 08:00:00,0.0381
2016-10-20 09:00:00,0.0428
2016-10-20 10:00:00,0.0336
2016-10-20 11:00:00,0.0381
2016-10-20 12:00:00,0.0424
2016-10-20 13:00:00,0.0502
2016-10-20 14:00:00,0.0463
2016-10-20 15:00:00,0.049
2016-10-20 16:00:00,0.0536
2016-10-20 17:00:00,0.0507
2016-10-20 18:00:00,0.05038613861386139
2016-10-20 19:00:00,0.050072277227722777
2016-10-20 20:00:00,0.04975841584158416
2016-10-20 21:00:00,0.049444554455445544
2016-10-20 22:00:00,0.04913069306930693
2016-10-20 23:00:00,0.04881683168316832
2016-10-21 00:00:00,0.048502970297029706
2016-10-21 01:00:00,0.04818910891089109
2016-10-21 02:00:00,0.04787524752475247
2016-10-21 03:00:00,0.04756138613861386
2016-10-21 04:00:00,0.04724752475247525
2016-10-21 05:00:00,0.046933663366336635
2016-10-21 06:00:00,0.04661980198019802
2016-10-21 07:00:00,0.04630594059405941
2016-10-21 08:00:00,0.04599207920792079
2016-10-21 09:00:00,0.04567821782178218
2016-10-21 10:00:00,0.045364356435643564
2016-10-21 11:00:00,0.04505049504950495
2016-10-21 12:00:00,0.04473663366336634
2016-10-21 13:00:00,0.044422772277227726
2016-10-21 14:00:00,0.044108910891089106
2016-10-21 15:00:00,0.043795049504950494
2016-10-21 16:00:00,0.04348118811881188
2016-10-21 17:00:00,0.04316732673267327
2016-10-21 18:00:00,0.042853465346534655
2016-10-21 19:00:00,0.042539603960396036
2016-10-21 20:00:00,0.04222574257425742
2016-10-21 21:00:00,0.04191188118811881
2016-10-21 22:00:00,0.0415980198019802
2016-10-21 23:00:00,0.041284158415841585
2016-10-22 00:00:00,0.04097029702970297
2016-10-22 01:00:00,0.04065643564356436
2016-10-22 02:00:00,0.04034257425742574
2016-10-22 03:00:00,0.04002871287128713
2016-10-22 04:00:00,0.039714851485148514
2016-10-22 05:00:00,0.0394009900990099
2016-10-22 06:00:00,0.03908712871287129
2016-10-22 07:00:00,0.03877326732673267
2016-10-22 08:00:00,0.038459405940594056
2016-10-22 09:00:00,0.03814554455445544
2016-10-22 10:00:00,0.03783168316831683
2016-10-22 11:00:00,0.03751782178217822
2016-10-22 12:00:00,0.0372039603960396
2016-10-22 13:00:00,0.03689009900990099
2016-10-22 14:00:00,0.03657623762376237
2016-10-22 15:00:00,0.03626237623762376
2016-10-22 16:00:00,0.03594851485148515
2016-10-22 17:00:00,0.035634653465346534
2016-10-22 18:00:00,0.03532079207920792
2016-10-22 19:00:00,0.0350069306930693
2016-10-22 20:00:00,0.03469306930693069
2016-10-22 21:00:00,0.034379207920792076
2016-10-22 22:00:00,0.034065346534653464
2016-10-22 23:00:00,0.03375148514851485
2016-10-23 00:00:00,0.03343762376237623
2016-10-23 01:00:00,0.033123762376237625
2016-10-23 02:00:00,0.032809900990099006
2016-10-23 03:00:00,0.03249603960396039
2016-10-23 04:00:00,0.03218217821782178
2016-10-23 05:00:00,0.03186831683168316
2016-10-23 06:00:00,0.031554455445544555
2016-10-23 07:00:00,0.03124059405940594
2016-10-23 08:00:00,0.030926732673267322
2016-10-23 09:00:00,0.03061287128712871
2016-10-23 10:00:00,0.030299009900990097
2016-10-23 11:00:00,0.02998514851485148
2016-10-23 12:00:00,0.029671287128712868
2016-10-23 13:00:00,0.029357425742574255
2016-10-23 14:00:00,0.02904356435643564
2016-10-23 15:00:00,0.028729702970297026
2016-10-23 16:00:00,0.028415841584158413
2016-10-23 17:00:00,0.028101980198019797
2016-10-23 18:00:00,0.027788118811881184
2016-10-23 19:00:00,0.02747425742574257
2016-10-23 20:00:00,0.027160396039603955
2016-10-23 21:00:00,0.026846534653465343
2016-10-23 22:00:00,0.02653267326732673
2016-10-23 23:00:00,0.026218811881188114
2016-10-24 00:00:00,0.0259049504950495
2016-10-24 01:00:00,0.025591089108910885
2016-10-24 02:00:00,0.025277227722772272
2016-10-24 03:00:00,0.02496336633663366
2016-10-24 04:00:00,0.024649504950495043
2016-10-24 05:00:00,0.02433564356435643
2016-10-24 06:00:00,0.024021782178217817
2016-10-24 07:00:00,0.0237079207920792
2016-10-24 08:00:00,0.02339405940594059
2016-10-24 09:00:00,0.023080198019801976
2016-10-24 10:00:00,0.02276633663366336
2016-10-24 11:00:00,0.022452475247524747
2016-10-24 12:00:00,0.022138613861386134
2016-10-24 13:00:00,0.021824752475247518
2016-10-24 14:00:00,0.021510891089108905
2016-10-24 15:00:00,0.021197029702970292
2016-10-24 16:00:00,0.020883168316831676
2016-10-24 17:00:00,0.020569306930693063
2016-10-24 18:00:00,0.02025544554455445
2016-10-24 19:00:00,0.019941584158415834
2016-10-24 20:00:00,0.01962772277227722
2016-10-24 21:00:00,0.01931386138613861
2016-10-24 22:00:00,0.019
2016-10-24 23:00:00,0.0122
2016-10-25 00:00:00,0.0081
2016-10-25 01:00:00,0.0052
2016-10-25 02:00:00,0.0034
2016-10-25 03:00:00,0.0028
2016-10-25 04:00:00,0.003
2016-10-25 05:00:00,0.0064
2016-10-25 06:00:00,0.0135
2016-10-25 07:00:00,0.0234
2016-10-25 08:00:00,0.0358
2016-10-25 09:00:00,0.0396
2016-10-25 10:00:00,0.0334
2016-10-25 11:00:00,0.037
2016-10-25 12:00:00,0.0416
2016-10-25 13:00:00,0.0437
2016-10-25 14:00:00,0.0443
2016-10-25 15:00:00,0.0471
2016-10-25 16:00:00,0.0524
2016-10-25 17:00:00,0.0494
2016-10-25 18:00:00,0.0475
2016-10-25 19:00:00,0.0442
2016-10-25 20:00:00,0.037
2016-10-25 21:00:00,0.0298
2016-10-25 22:00:00,0.0229
2016-10-25 23:00:00,0.0167
2016-10-26 00:00:00,0.0112
2016-10-26 01:00:00,0.0069
2016-10-26 02:00:00,0.0045
2016-10-26 03:00:00,0.0032
2016-10-26 04:00:00,0.0039
2016-10-26 05:00:00,0.0064
2016-10-26 06:00:00,0.0135
2016-10-26 07:00:00,0.0254
2016-10-26 08:00:00,0.0367
2016-10-26 09:00:00,0.0408
2016-10-26 10:00:00,0.0343
2016-10-26 11:00:00,0.0364
2016-10-26 12:00:00,0.0423
2016-10-26 13:00:00,0.0463
2016-10-26 14:00:00,0.04628019801980198
2016-10-26 15:00:00,0.04626039603960396
2016-10-26 16:00:00,0.04624059405940594
2016-10-26 17:00:00,0.04622079207920792
2016-10-26 18:00:00,0.0462009900990099
2016-10-26 19:00:00,0.04618118811881188
2016-10-26 20:00:00,0.04616138613861386
2016-10-26 21:00:00,0.04614158415841584
2016-10-26 22:00:00,0.04612178217821782
2016-10-26 23:00:00,0.0461019801980198
2016-10-27 00:00:00,0.04608217821782178
2016-10-27 01:00:00,0.04606237623762376
2016-10-27 02:00:00,0.04604257425742574
2016-10-27 03:00:00,0.04602277227722772
2016-10-27 04:00:00,0.046002970297029704
2016-10-27 05:00:00,0.045983168316831684
2016-10-27 06:00:00,0.045963366336633664
2016-10-27 07:00:00,0.045943564356435644
2016-10-27 08:00:00,0.045923762376237624
2016-10-27 09:00:00,0.045903960396039604
2016-10-27 10:00:00,0.045884158415841585
2016-10-27 11:00:00,0.045864356435643565
2016-10-27 12:00:00,0.045844554455445545
2016-10-27 13:00:00,0.045824752475247525
2016-10-27 14:00:00,0.045804950495049505
2016-10-27 15:00:00,0.045785148514851486
2016-10-27 16:00:00,0.045765346534653466
2016-10-27 17:00:00,0.045745544554455446
2016-10-27 18:00:00,0.045725742574257426
2016-10-27 19:00:00,0.045705940594059406
2016-10-27 20:00:00,0.045686138613861386
2016-10-27 21:00:00,0.04566633663366337
2016-10-27 22:00:00,0.04564653465346535
2016-10-27 23:00:00,0.04562673267326733
2016-10-28 00:00:00,0.04560693069306931
2016-10-28 01:00:00,0.04558712871287129
2016-10-28 02:00:00,0.04556732673267327
2016-10-28 03:00:00,0.04554752475247525
2016-10-28 04:00:00,0.04552772277227723
2016-10-28 05:00:00,0.04550792079207921
2016-10-28 06:00:00,0.04548811881188119
2016-10-28 07:00:00,0.04546831683168317
2016-10-28 08:00:00,0.04544851485148515
2016-10-28 09:00:00,0.04542871287128713
2016-10-28 10:00:00,0.04540891089108911
2016-10-28 11:00:00,0.04538910891089109
2016-10-28 12:00:00,0.04536930693069307
2016-10-28 13:00:00,0.04534950495049505
2016-10-28 14:00:00,0.04532970297029703
2016-10-28 15:00:00,0.04530990099009901
2016-10-28 16:00:00,0.04529009900990099
2016-10-28 17:00:00,0.04527029702970297
2016-10-28 18:00:00,0.04525049504950495
2016-10-28 19:00:00,0.04523069306930693
2016-10-28 20:00:00,0.04521089108910891
2016-10-28 21:00:00,0.04519108910891089
2016-10-28 22:00:00,0.04517128712871287
2016-10-28 23:00:00,0.04515148514851485
2016-10-29 00:00:00,0.04513168316831683
2016-10-29 01:00:00,0.04511188118811881
2016-10-29 02:00:00,0.04509207920792079
2016-10-29 03:00:00,0.04507227722772277
2016-10-29 04:00:00,0.04505247524752475
2016-10-29 05:00:00,0.04503267326732673
2016-10-29 06:00:00,0.04501287128712871
2016-10-29 07:00:00,0.04499306930693069
2016-10-29 08:00:00,0.04497326732673267
2016-10-29 09:00:00,0.04495346534653465
2016-10-29 10:00:00,0.04493366336633663
2016-10-29 11:00:00,0.044913861386138614
2016-10-29 12:00:00,0.044894059405940594
2016-10-29 13:00:00,0.044874257425742574
2016-10-29 14:00:00,0.044854455445544554
2016-10-29 15:00:00,0.044834653465346534
2016-10-29 16:00:00,0.044814851485148514
2016-10-29 17:00:00,0.044795049504950495
2016-10-29 18:00:00,0.044775247524752475
2016-10-29 19:00:00,0.044755445544554455
2016-10-29 20:00:00,0.044735643564356435
2016-10-29 21:00:00,0.044715841584158415
2016-10-29 22:00:00,0.044696039603960395
2016-10-29 23:00:00,0.044676237623762376
2016-10-30 00:00:00,0.044656435643564356
2016-10-30 01:00:00,0.044636633663366336
2016-10-30 02:00:00,0.044616831683168316
2016-10-30 03:00:00,0.044597029702970296
2016-10-30 04:00:00,0.04457722772277228
2016-10-30 05:00:00,0.04455742574257426
2016-10-30 06:00:00,0.04453762376237624
2016-10-30 07:00:00,0.04451782178217822
2016-10-30 08:00:00,0.0444980198019802
2016-10-30 09:00:00,0.04447821782178218
2016-10-30 10:00:00,0.04445841584158416
2016-10-30 11:00:00,0.04443861386138614
2016-10-30 12:00:00,0.04441881188118812
2016-10-30 13:00:00,0.0443990099009901
2016-10-30 14:00:00,0.04437920792079208
2016-10-30 15:00:00,0.04435940594059406
2016-10-30 16:00:00,0.04433960396039604
2016-10-30 17:00:00,0.04431980198019802
2016-10-30 18:00:00,0.0443
2016-10-30 19:00:00,0.0421
2016-10-30 20:00:00,0.0338
2016-10-30 21:00:00,0.0242
2016-10-30 22:00:00,0.0167
2016-10-30 23:00:00,0.0318
2016-10-31 00:00:00,0.0239
2016-10-31 01:00:00,0.0137
2016-10-31 02:00:00,0.0077
2016-10-31 03:00:00,0.0047
2016-10-31 04:00:00,0.003
2016-10-31 05:00:00,0.003
2016-10-31 06:00:00,0.0044
2016-10-31 07:00:00,0.0077
2016-10-31 08:00:00,0.0125
2016-10-31 09:00:00,0.0187
2016-10-31 10:00:00,0.024
2016-10-31 11:00:00,0.0325
2016-10-31 12:00:00,0.0358
2016-10-31 13:00:00,0.0393
2016-10-31 14:00:00,0.0405
2016-10-31 15:00:00,0.0372
2016-10-31 16:00:00,0.0394
2016-10-31 17:00:00,0.0389
2016-10-31 18:00:00,0.0374
2016-10-31 19:00:00,0.034
2016-10-31 20:00:00,0.031
2016-10-31 21:00:00,0.0249
2016-10-31 22:00:00,0.0192
2016-10-31 23:00:00,0.0118
2016-11-01 00:00:00,0.0081
2016-11-01 01:00:00,0.0053
2016-11-01 02:00:00,0.0027
2016-11-01 03:00:00,0.0034
2016-11-01 04:00:00,0.0041
2016-11-01 05:00:00,0.0064
2016-11-01 06:00:00,0.0102
2016-11-01 07:00:00,0.0163
2016-11-01 08:00:00,0.0344
2016-11-01 09:00:00,0.0406
2016-11-01 10:00:00,0.0337
2016-11-01 11:00:00,0.0391
2016-11-01 12:00:00,0.0418
2016-11-01 13:00:00,0.0472
2016-11-01 14:00:00,0.0454
2016-11-01 15:00:00,0.0459
2016-11-01 16:00:00,0.0542
2016-11-01 17:00:00,0.0475
2016-11-01 18:00:00,0.0497
2016-11-01 19:00:00,0.0453
2016-11-01 20:00:00,0.038
2016-11-01 21:00:00,0.03
2016-11-01 22:00:00,0.0248
2016-11-01 23:00:00,0.0163
2016-11-02 00:00:00,0.0094
2016-11-02 01:00:00,0.0051
2016-11-02 02:00:00,0.0031
2016-11-02 03:00:00,0.0027
2016-11-02 04:00:00,0.0037
2016-11-02 05:00:00,0.0062
2016-11-02 06:00:00,0.0135
2016-11-02 07:00:00,0.0244
2016-11-02 08:00:00,0.0373
2016-11-02 09:00:00,0.039
2016-11-02 10:00:00,0.0362
2016-11-02 11:00:00,0.0403
2016-11-02 12:00:00,0.0433
2016-11-02 13:00:00,0.0463
2016-11-02 14:00:00,0.0461
2016-11-02 15:00:00,0.0481
2016-11-02 16:00:00,0.0552
2016-11-02 17:00:00,0.0523
2016-11-02 18:00:00,0.0504
2016-11-02 19:00:00,0.0466
2016-11-02 20:00:00,0.0425
2016-11-02 21:00:00,0.0314
2016-11-02 22:00:00,0.027
2016-11-02 23:00:00,0.0189
2016-11-03 00:00:00,0.012
2016-11-03 01:00:00,0.007
2016-11-03 02:00:00,0.0043
2016-11-03 03:00:00,0.0037
2016-11-03 04:00:00,0.0047
2016-11-03 05:00:00,0.0068
2016-11-03 06:00:00,0.0147
2016-11-03 07:00:00,0.0248
2016-11-03 08:00:00,0.0379
2016-11-03 09:00:00,0.0415
2016-11-03 10:00:00,0.0347
2016-11-03 11:00:00,0.0372
2016-11-03 12:00:00,0.043
2016-11-03 13:00:00,0.0487
2016-11-03 14:00:00,0.0488
2016-11-03 15:00:00,0.0475
2016-11-03 16:00:00,0.0515
2016-11-03 17:00:00,0.051
2016-11-03 18:00:00,0.0501
2016-11-03 19:00:00,0.0426
2016-11-03 20:00:00,0.04
2016-11-03 21:00:00,0.0358
2016-11-03 22:00:00,0.0292
2016-11-03 23:00:00,0.0153
2016-11-04 00:00:00,0.0117
2016-11-04 01:00:00,0.008
2016-11-04 02:00:00,0.0053
2016-11-04 03:00:00,0.004
2016-11-04 04:00:00,0.0048
2016-11-04 05:00:00,0.0071
2016-11-04 06:00:00,0.0147
2016-11-04 07:00:00,0.0269
2016-11-04 08:00:00,0.0374
2016-11-04 09:00:00,0.0436
2016-11-04 10:00:00,0.0373
2016-11-04 11:00:00,0.0371
2016-11-04 12:00:00,0.0447
2016-11-04 13:00:00,0.0479
2016-11-04 14:00:00,0.0481
2016-11-04 15:00:00,0.0514
2016-11-04 16:00:00,0.0586
2016-11-04 17:00:00,0.0522
2016-11-04 18:00:00,0.0527
2016-11-04 19:00:00,0.0515
2016-11-04 20:00:00,0.0413
2016-11-04 21:00:00,0.0347
2016-11-04 22:00:00,0.0278
2016-11-04 23:00:00,0.0187
2016-11-05 00:00:00,0.0131
2016-11-05 01:00:00,0.0075
2016-11-05 02:00:00,0.0055
2016-11-05 03:00:00,0.0042
2016-11-05 04:00:00,0.004
2016-11-05 05:00:00,0.0079
2016-11-05 06:00:00,0.015
2016-11-05 07:00:00,0.0261
2016-11-05 08:00:00,0.0371
2016-11-05 09:00:00,0.0435
2016-11-05 10:00:00,0.0383
2016-11-05 11:00:00,0.0444
2016-11-05 12:00:00,0.0464
2016-11-05 13:00:00,0.0553
2016-11-05 14:00:00,0.0516
2016-11-05 15:00:00,0.0522
2016-11-05 16:00:00,0.0553
2016-11-05 17:00:00,0.0525
2016-11-05 18:00:00,0.0507
2016-11-05 19:00:00,0.0478
2016-11-05 20:00:00,0.0436
2016-11-05 21:00:00,0.0345
2016-11-05 22:00:00,0.0311
2016-11-05 23:00:00,0.024
2016-11-06 00:00:00,0.0181
2016-11-06 01:00:00,0.0124
2016-11-06 02:00:00,0.0062
2016-11-06 03:00:00,0.005
2016-11-06 04:00:00,0.0045
2016-11-06 05:00:00,0.005
2016-11-06 06:00:00,0.0077
2016-11-06 07:00:00,0.0154
2016-11-06 08:00:00,0.0234
2016-11-06 09:00:00,0.0295
2016-11-06 10:00:00,0.034
2016-11-06 11:00:00,0.0355
2016-11-06 12:00:00,0.035
2016-11-06 13:00:00,0.0419
2016-11-06 14:00:00,0.0406
2016-11-06 15:00:00,0.0393
2016-11-06 16:00:00,0.0413
2016-11-06 17:00:00,0.0406
2016-11-06 18:00:00,0.0407
2016-11-06 19:00:00,0.0379
2016-11-06 20:00:00,0.0321
2016-11-06 21:00:00,0.031
2016-11-06 22:00:00,0.0317
2016-11-06 23:00:00,0.0254
2016-11-07 00:00:00,0.019
2016-11-07 01:00:00,0.012
2016-11-07 02:00:00,0.0062
2016-11-07 03:00:00,0.0039
2016-11-07 04:00:00,0.0041
2016-11-07 05:00:00,0.0026
2016-11-07 06:00:00,0.0041
2016-11-07 07:00:00,0.0074
2016-11-07 08:00:00,0.0118
2016-11-07 09:00:00,0.0191
2016-11-07 10:00:00,0.0278
2016-11-07 11:00:00,0.0345
2016-11-07 12:00:00,0.0359
2016-11-07 13:00:00,0.0426
2016-11-07 14:00:00,0.0433
2016-11-07 15:00:00,0.0394
2016-11-07 16:00:00,0.0386
2016-11-07 17:00:00,0.0374
2016-11-07 18:00:00,0.0376
2016-11-07 19:00:00,0.0354
2016-11-07 20:00:00,0.0333
2016-11-07 21:00:00,0.0298
2016-11-07 22:00:00,0.0242
2016-11-07 23:00:00,0.0141
2016-11-08 00:00:00,0.0087
2016-11-08 01:00:00,0.0059
2016-11-08 02:00:00,0.0031
2016-11-08 03:00:00,0.003
2016-11-08 04:00:00,0.0036
2016-11-08 05:00:00,0.0057
2016-11-08 06:00:00,0.0133
2016-11-08 07:00:00,0.0239
2016-11-08 08:00:00,0.036
2016-11-08 09:00:00,0.0399
2016-11-08 10:00:00,0.033
2016-11-08 11:00:00,0.0374
2016-11-08 12:00:00,0.0405
2016-11-08 13:00:00,0.0464
2016-11-08 14:00:00,0.0491
2016-11-08 15:00:00,0.0504
2016-11-08 16:00:00,0.0486
2016-11-08 17:00:00,0.0545
2016-11-08 18:00:00,0.0491
2016-11-08 19:00:00,0.0474
2016-11-08 20:00:00,0.0378
2016-11-08 21:00:00,0.0285
2016-11-08 22:00:00,0.0245
2016-11-08 23:00:00,0.0171
2016-11-09 00:00:00,0.0106
2016-11-09 01:00:00,0.0072
2016-11-09 02:00:00,0.0049
2016-11-09 03:00:00,0.0033
2016-11-09 04:00:00,0.0044
2016-11-09 05:00:00,0.0069
2016-11-09 06:00:00,0.0136
2016-11-09 07:00:00,0.0246
2016-11-09 08:00:00,0.036
2016-11-09 09:00:00,0.0413
2016-11-09 10:00:00,0.0329
2016-11-09 11:00:00,0.0386
2016-11-09 12:00:00,0.0459
2016-11-09 13:00:00,0.0481
2016-11-09 14:00:00,0.0475
2016-11-09 15:00:00,0.051
2016-11-09 16:00:00,0.0512
2016-11-09 17:00:00,0.0495
2016-11-09 18:00:00,0.0493
2016-11-09 19:00:00,0.0491
2016-11-09 20:00:00,0.0419
2016-11-09 21:00:00,0.0305
2016-11-09 22:00:00,0.0262
2016-11-09 23:00:00,0.0192
2016-11-10 00:00:00,0.0103
2016-11-10 01:00:00,0.0077
2016-11-10 02:00:00,0.0045
2016-11-10 03:00:00,0.0037
2016-11-10 04:00:00,0.0043
2016-11-10 05:00:00,0.0075
2016-11-10 06:00:00,0.0154
2016-11-10 07:00:00,0.0275
2016-11-10 08:00:00,0.0365
2016-11-10 09:00:00,0.0404
2016-11-10 10:00:00,0.0366
2016-11-10 11:00:00,0.0392
2016-11-10 12:00:00,0.0459
2016-11-10 13:00:00,0.0488
2016-11-10 14:00:00,0.0473
2016-11-10 15:00:00,0.049
2016-11-10 16:00:00,0.0488
2016-11-10 17:00:00,0.0491
2016-11-10 18:00:00,0.0495
2016-11-10 19:00:00,0.0457
2016-11-10 20:00:00,0.0441
2016-11-10 21:00:00,0.0339
2016-11-10 22:00:00,0.0278
2016-11-10 23:00:00,0.018
2016-11-11 00:00:00,0.0124
2016-11-11 01:00:00,0.0081
2016-11-11 02:00:00,0.0052
2016-11-11 03:00:00,0.0038
2016-11-11 04:00:00,0.0049
2016-11-11 05:00:00,0.0074
2016-11-11 06:00:00,0.0144
2016-11-11 07:00:00,0.0257
2016-11-11 08:00:00,0.0374
2016-11-11 09:00:00,0.0425
2016-11-11 10:00:00,0.0361
2016-11-11 11:00:00,0.0369
2016-11-11 12:00:00,0.045
2016-11-11 13:00:00,0.0477
2016-11-11 14:00:00,0.0473
2016-11-11 15:00:00,0.0501
2016-11-11 16:00:00,0.052
2016-11-11 17:00:00,0.0542
2016-11-11 18:00:00,0.0505
2016-11-11 19:00:00,0.051
2016-11-11 20:00:00,0.0403
2016-11-11 21:00:00,0.0311
2016-11-11 22:00:00,0.0248
2016-11-11 23:00:00,0.0176
2016-11-12 00:00:00,0.0111
2016-11-12 01:00:00,0.0073
2016-11-12 02:00:00,0.0057
2016-11-12 03:00:00,0.004
2016-11-12 04:00:00,0.0046
2016-11-12 05:00:00,0.0066
2016-11-12 06:00:00,0.0132
2016-11-12 07:00:00,0.0262
2016-11-12 08:00:00,0.0365
2016-11-12 09:00:00,0.0424
2016-11-12 10:00:00,0.0371
2016-11-12 11:00:00,0.0426
2016-11-12 12:00:00,0.0476
2016-11-12 13:00:00,0.0497
2016-11-12 14:00:00,0.0557
2016-11-12 15:00:00,0.0511
2016-11-12 16:00:00,0.0549
2016-11-12 17:00:00,0.0504
2016-11-12 18:00:00,0.0518
2016-11-12 19:00:00,0.048
2016-11-12 20:00:00,0.0424
2016-11-12 21:00:00,0.0352
2016-11-12 22:00:00,0.0306
2016-11-12 23:00:00,0.0207
2016-11-13 00:00:00,0.0168
2016-11-13 01:00:00,0.0099
2016-11-13 02:00:00,0.0069
2016-11-13 03:00:00,0.0043
2016-11-13 04:00:00,0.0044
2016-11-13 05:00:00,0.004
2016-11-13 06:00:00,0.0077
2016-11-13 07:00:00,0.014
2016-11-13 08:00:00,0.0218
2016-11-13 09:00:00,0.035
2016-11-13 10:00:00,0.0381
2016-11-13 11:00:00,0.0424
2016-11-13 12:00:00,0.0471
2016-11-13 13:00:00,0.0495
2016-11-13 14:00:00,0.0496
2016-11-13 15:00:00,0.0466
2016-11-13 16:00:00,0.0467
2016-11-13 17:00:00,0.0464
2016-11-13 18:00:00,0.0432
2016-11-13 19:00:00,0.0399
2016-11-13 20:00:00,0.0324
2016-11-13 21:00:00,0.0302
2016-11-13 22:00:00,0.0295
2016-11-13 23:00:00,0.0235
2016-11-14 00:00:00,0.0194
2016-11-14 01:00:00,0.0118
2016-11-14 02:00:00,0.0073
2016-11-14 03:00:00,0.0046
2016-11-14 04:00:00,0.0035
2016-11-14 05:00:00,0.0031
2016-11-14 06:00:00,0.0044
2016-11-14 07:00:00,0.0082
2016-11-14 08:00:00,0.0123
2016-11-14 09:00:00,0.0207
2016-11-14 10:00:00,0.028
2016-11-14 11:00:00,0.0404
2016-11-14 12:00:00,0.0451
2016-11-14 13:00:00,0.0477
2016-11-14 14:00:00,0.0465
2016-11-14 15:00:00,0.0395
2016-11-14 16:00:00,0.0417
2016-11-14 17:00:00,0.0398
2016-11-14 18:00:00,0.0431
2016-11-14 19:00:00,0.0358
2016-11-14 20:00:00,0.0285
2016-11-14 21:00:00,0.0236
2016-11-14 22:00:00,0.0194
2016-11-14 23:00:00,0.0121
2016-11-15 00:00:00,0.008
2016-11-15 01:00:00,0.0059
2016-11-15 02:00:00,0.0033
2016-11-15 03:00:00,0.0028
2016-11-15 04:00:00,0.0039
2016-11-15 05:00:00,0.0071
2016-11-15 06:00:00,0.0133
2016-11-15 07:00:00,0.0243
2016-11-15 08:00:00,0.0364
2016-11-15 09:00:00,0.0406
2016-11-15 10:00:00,0.0331
2016-11-15 11:00:00,0.037
2016-11-15 12:00:00,0.0442
2016-11-15 13:00:00,0.0465
2016-11-15 14:00:00,0.0495
2016-11-15 15:00:00,0.0471
2016-11-15 16:00:00,0.047040594059405944
2016-11-15 17:00:00,0.046981188118811884
2016-11-15 18:00:00,0.046921782178217825
2016-11-15 19:00:00,0.046862376237623765
2016-11-15 20:00:00,0.046802970297029706
2016-11-15 21:00:00,0.046743564356435646
2016-11-15 22:00:00,0.04668415841584159
2016-11-15 23:00:00,0.04662475247524753
2016-11-16 00:00:00,0.04656534653465347
2016-11-16 01:00:00,0.04650594059405941
2016-11-16 02:00:00,0.04644653465346535
2016-11-16 03:00:00,0.04638712871287129
2016-11-16 04:00:00,0.04632772277227723
2016-11-16 05:00:00,0.04626831683168317
2016-11-16 06:00:00,0.04620891089108911
2016-11-16 07:00:00,0.04614950495049505
2016-11-16 08:00:00,0.04609009900990099
2016-11-16 09:00:00,0.04603069306930693
2016-11-16 10:00:00,0.04597128712871287
2016-11-16 11:00:00,0.045911881188118814
2016-11-16 12:00:00,0.045852475247524754
2016-11-16 13:00:00,0.045793069306930695
2016-11-16 14:00:00,0.045733663366336635
2016-11-16 15:00:00,0.045674257425742576
2016-11-16 16:00:00,0.045614851485148517
2016-11-16 17:00:00,0.04555544554455446
2016-11-16 18:00:00,0.0454960396039604
2016-11-16 19:00:00,0.04543663366336634
2016-11-16 20:00:00,0.04537722772277228
2016-11-16 21:00:00,0.04531782178217822
2016-11-16 22:00:00,0.04525841584158416
2016-11-16 23:00:00,0.0451990099009901
2016-11-17 00:00:00,0.04513960396039604
2016-11-17 01:00:00,0.04508019801980198
2016-11-17 02:00:00,0.04502079207920792
2016-11-17 03:00:00,0.04496138613861386
2016-11-17 04:00:00,0.0449019801980198
2016-11-17 05:00:00,0.044842574257425744
2016-11-17 06:00:00,0.044783168316831684
2016-11-17 07:00:00,0.044723762376237625
2016-11-17 08:00:00,0.044664356435643565
2016-11-17 09:00:00,0.044604950495049506
2016-11-17 10:00:00,0.044545544554455446
2016-11-17 11:00:00,0.04448613861386139
2016-11-17 12:00:00,0.04442673267326733
2016-11-17 13:00:00,0.04436732673267327
2016-11-17 14:00:00,0.04430792079207921
2016-11-17 15:00:00,0.04424851485148515
2016-11-17 16:00:00,0.04418910891089109
2016-11-17 17:00:00,0.04412970297029703
2016-11-17 18:00:00,0.04407029702970297
2016-11-17 19:00:00,0.04401089108910891
2016-11-17 20:00:00,0.04395148514851485
2016-11-17 21:00:00,0.04389207920792079
2016-11-17 22:00:00,0.04383267326732673
2016-11-17 23:00:00,0.04377326732673267
2016-11-18 00:00:00,0.043713861386138614
2016-11-18 01:00:00,0.043654455445544554
2016-11-18 02:00:00,0.043595049504950495
2016-11-18 03:00:00,0.043535643564356435
2016-11-18 04:00:00,0.043476237623762376
2016-11-18 05:00:00,0.04341683168316832
2016-11-18 06:00:00,0.04335742574257426
2016-11-18 07:00:00,0.0432980198019802
2016-11-18 08:00:00,0.04323861386138614
2016-11-18 09:00:00,0.04317920792079208
2016-11-18 10:00:00,0.04311980198019802
2016-11-18 11:00:00,0.04306039603960396
2016-11-18 12:00:00,0.0430009900990099
2016-11-18 13:00:00,0.04294158415841584
2016-11-18 14:00:00,0.04288217821782178
2016-11-18 15:00:00,0.04282277227722772
2016-11-18 16:00:00,0.04276336633663366
2016-11-18 17:00:00,0.0427039603960396
2016-11-18 18:00:00,0.042644554455445544
2016-11-18 19:00:00,0.042585148514851484
2016-11-18 20:00:00,0.042525742574257425
2016-11-18 21:00:00,0.042466336633663365
2016-11-18 22:00:00,0.042406930693069306
2016-11-18 23:00:00,0.042347524752475246
2016-11-19 00:00:00,0.04228811881188119
2016-11-19 01:00:00,0.04222871287128713
2016-11-19 02:00:00,0.04216930693069307
2016-11-19 03:00:00,0.04210990099009901
2016-11-19 04:00:00,0.04205049504950495
2016-11-19 05:00:00,0.04199108910891089
2016-11-19 06:00:00,0.04193168316831683
2016-11-19 07:00:00,0.04187227722772277
2016-11-19 08:00:00,0.04181287128712871
2016-11-19 09:00:00,0.04175346534653465
2016-11-19 10:00:00,0.04169405940594059
2016-11-19 11:00:00,0.04163465346534653
2016-11-19 12:00:00,0.04157524752475247
2016-11-19 13:00:00,0.041515841584158414
2016-11-19 14:00:00,0.041456435643564354
2016-11-19 15:00:00,0.041397029702970295
2016-11-19 16:00:00,0.041337623762376235
2016-11-19 17:00:00,0.041278217821782176
2016-11-19 18:00:00,0.04121881188118812
2016-11-19 19:00:00,0.04115940594059406
2016-11-19 20:00:00,0.0411
2016-11-19 21:00:00,0.0339
2016-11-19 22:00:00,0.0312
2016-11-19 23:00:00,0.0239
2016-11-20 00:00:00,0.0161
2016-11-20 01:00:00,0.011
2016-11-20 02:00:00,0.0069
2016-11-20 03:00:00,0.0049
2016-11-20 04:00:00,0.0039
2016-11-20 05:00:00,0.0049
2016-11-20 06:00:00,0.0069
2016-11-20 07:00:00,0.0124
2016-11-20 08:00:00,0.023
2016-11-20 09:00:00,0.0341
2016-11-20 10:00:00,0.0429
2016-11-20 11:00:00,0.0491
2016-11-20 12:00:00,0.0512
2016-11-20 13:00:00,0.0464
2016-11-20 14:00:00,0.0457
2016-11-20 15:00:00,0.0461
2016-11-20 16:00:00,0.043
2016-11-20 17:00:00,0.0413
2016-11-20 18:00:00,0.0404
2016-11-20 19:00:00,0.0373
2016-11-20 20:00:00,0.0299
2016-11-20 21:00:00,0.0266
2016-11-20 22:00:00,0.0267
2016-11-20 23:00:00,0.0227
2016-11-21 00:00:00,0.0158
2016-11-21 01:00:00,0.0112
2016-11-21 02:00:00,0.0074
2016-11-21 03:00:00,0.0051
2016-11-21 04:00:00,0.0034
2016-11-21 05:00:00,0.0033
2016-11-21 06:00:00,0.0046
2016-11-21 07:00:00,0.0068
2016-11-21 08:00:00,0.0142
2016-11-21 09:00:00,0.0212
2016-11-21 10:00:00,0.0306
2016-11-21 11:00:00,0.0405
2016-11-21 12:00:00,0.0427
2016-11-21 13:00:00,0.0468
2016-11-21 14:00:00,0.044
2016-11-21 15:00:00,0.0431
2016-11-21 16:00:00,0.0392
2016-11-21 17:00:00,0.0371
2016-11-21 18:00:00,0.0348
2016-11-21 19:00:00,0.0316
2016-11-21 20:00:00,0.0294
2016-11-21 21:00:00,0.026
2016-11-21 22:00:00,0.02579108910891089
2016-11-21 23:00:00,0.025582178217821782
2016-11-22 00:00:00,0.025373267326732674
2016-11-22 01:00:00,0.02516435643564356
2016-11-22 02:00:00,0.024955445544554453
2016-11-22 03:00:00,0.024746534653465345
2016-11-22 04:00:00,0.024537623762376237
2016-11-22 05:00:00,0.024328712871287128
2016-11-22 06:00:00,0.02411980198019802
2016-11-22 07:00:00,0.02391089108910891
2016-11-22 08:00:00,0.0237019801980198
2016-11-22 09:00:00,0.02349306930693069
2016-11-22 10:00:00,0.023284158415841583
2016-11-22 11:00:00,0.023075247524752474
2016-11-22 12:00:00,0.022866336633663366
2016-11-22 13:00:00,0.022657425742574257
2016-11-22 14:00:00,0.02244851485148515
2016-11-22 15:00:00,0.022239603960396037
2016-11-22 16:00:00,0.02203069306930693
2016-11-22 17:00:00,0.02182178217821782
2016-11-22 18:00:00,0.021612871287128712
2016-11-22 19:00:00,0.021403960396039604
2016-11-22 20:00:00,0.02119504950495049
2016-11-22 21:00:00,0.020986138613861387
2016-11-22 22:00:00,0.020777227722772275
2016-11-22 23:00:00,0.020568316831683166
2016-11-23 00:00:00,0.020359405940594058
2016-11-23 01:00:00,0.02015049504950495
2016-11-23 02:00:00,0.01994158415841584
2016-11-23 03:00:00,0.01973267326732673
2016-11-23 04:00:00,0.019523762376237624
2016-11-23 05:00:00,0.019314851485148513
2016-11-23 06:00:00,0.019105940594059404
2016-11-23 07:00:00,0.018897029702970296
2016-11-23 08:00:00,0.018688118811881187
2016-11-23 09:00:00,0.01847920792079208
2016-11-23 10:00:00,0.018270297029702967
2016-11-23 11:00:00,0.018061386138613862
2016-11-23 12:00:00,0.01785247524752475
2016-11-23 13:00:00,0.017643564356435642
2016-11-23 14:00:00,0.017434653465346533
2016-11-23 15:00:00,0.017225742574257425
2016-11-23 16:00:00,0.017016831683168317
2016-11-23 17:00:00,0.016807920792079205
2016-11-23 18:00:00,0.0165990099009901
2016-11-23 19:00:00,0.016390099009900988
2016-11-23 20:00:00,0.01618118811881188
2016-11-23 21:00:00,0.01597227722772277
2016-11-23 22:00:00,0.01576336633663366
2016-11-23 23:00:00,0.015554455445544553
2016-11-24 00:00:00,0.015345544554455444
2016-11-24 01:00:00,0.015136633663366336
2016-11-24 02:00:00,0.014927722772277226
2016-11-24 03:00:00,0.014718811881188117
2016-11-24 04:00:00,0.014509900990099009
2016-11-24 05:00:00,0.014300990099009899
2016-11-24 06:00:00,0.01409207920792079
2016-11-24 07:00:00,0.013883168316831682
2016-11-24 08:00:00,0.013674257425742572
2016-11-24 09:00:00,0.013465346534653463
2016-11-24 10:00:00,0.013256435643564355
2016-11-24 11:00:00,0.013047524752475247
2016-11-24 12:00:00,0.012838613861386136
2016-11-24 13:00:00,0.012629702970297028
2016-11-24 14:00:00,0.01242079207920792
2016-11-24 15:00:00,0.01221188118811881
2016-11-24 16:00:00,0.012002970297029701
2016-11-24 17:00:00,0.011794059405940593
2016-11-24 18:00:00,0.011585148514851484
2016-11-24 19:00:00,0.011376237623762374
2016-11-24 20:00:00,0.011167326732673266
2016-11-24 21:00:00,0.010958415841584157
2016-11-24 22:00:00,0.010749504950495047
2016-11-24 23:00:00,0.010540594059405939
2016-11-25 00:00:00,0.01033168316831683
2016-11-25 01:00:00,0.010122772277227722
2016-11-25 02:00:00,0.009913861386138614
2016-11-25 03:00:00,0.009704950495049502
2016-11-25 04:00:00,0.009496039603960393
2016-11-25 05:00:00,0.009287128712871285
2016-11-25 06:00:00,0.009078217821782177
2016-11-25 07:00:00,0.008869306930693068
2016-11-25 08:00:00,0.00866039603960396
2016-11-25 09:00:00,0.008451485148514851
2016-11-25 10:00:00,0.00824257425742574
2016-11-25 11:00:00,0.008033663366336631
2016-11-25 12:00:00,0.007824752475247523
2016-11-25 13:00:00,0.007615841584158414
2016-11-25 14:00:00,0.007406930693069306
2016-11-25 15:00:00,0.0071980198019801975
2016-11-25 16:00:00,0.006989108910891086
2016-11-25 17:00:00,0.006780198019801977
2016-11-25 18:00:00,0.006571287128712869
2016-11-25 19:00:00,0.00636237623762376
2016-11-25 20:00:00,0.006153465346534652
2016-11-25 21:00:00,0.005944554455445544
2016-11-25 22:00:00,0.005735643564356435
2016-11-25 23:00:00,0.005526732673267323
2016-11-26 00:00:00,0.005317821782178215
2016-11-26 01:00:00,0.0051089108910891065
2016-11-26 02:00:00,0.0049
2016-11-26 03:00:00,0.0042
2016-11-26 04:00:00,0.0044
2016-11-26 05:00:00,0.0077
2016-11-26 06:00:00,0.0159
2016-11-26 07:00:00,0.0264
2016-11-26 08:00:00,0.0347
2016-11-26 09:00:00,0.0432
2016-11-26 10:00:00,0.0394
2016-11-26 11:00:00,0.04
2016-11-26 12:00:00,0.047
2016-11-26 13:00:00,0.0478
2016-11-26 14:00:00,0.05
2016-11-26 15:00:00,0.052
2016-11-26 16:00:00,0.0542
2016-11-26 17:00:00,0.0494
2016-11-26 18:00:00,0.0471
2016-11-26 19:00:00,0.0446
2016-11-26 20:00:00,0.0409
2016-11-26 21:00:00,0.0371
2016-11-26 22:00:00,0.0325
2016-11-26 23:00:00,0.0261
2016-11-27 00:00:00,0.019
2016-11-27 01:00:00,0.0122
2016-11-27 02:00:00,0.0078
2016-11-27 03:00:00,0.0049
2016-11-27 04:00:00,0.0045
2016-11-27 05:00:00,0.0058
2016-11-27 06:00:00,0.0078
2016-11-27 07:00:00,0.0135
2016-11-27 08:00:00,0.0216
2016-11-27 09:00:00,0.0294
2016-11-27 10:00:00,0.0356
2016-11-27 11:00:00,0.0424
2016-11-27 12:00:00,0.0439
2016-11-27 13:00:00,0.0473
2016-11-27 14:00:00,0.046
2016-11-27 15:00:00,0.0454
2016-11-27 16:00:00,0.0447
2016-11-27 17:00:00,0.0427
2016-11-27 18:00:00,0.043
2016-11-27 19:00:00,0.0407
2016-11-27 20:00:00,0.0353
2016-11-27 21:00:00,0.0289
2016-11-27 22:00:00,0.0294
2016-11-27 23:00:00,0.0238
2016-11-28 00:00:00,0.021
2016-11-28 01:00:00,0.0117
2016-11-28 02:00:00,0.0067
2016-11-28 03:00:00,0.0045
2016-11-28 04:00:00,0.0041
2016-11-28 05:00:00,0.0033
2016-11-28 06:00:00,0.0057
2016-11-28 07:00:00,0.0068
2016-11-28 08:00:00,0.0122
2016-11-28 09:00:00,0.0199
2016-11-28 10:00:00,0.0252
2016-11-28 11:00:00,0.0318
2016-11-28 12:00:00,0.0389
2016-11-28 13:00:00,0.0419
2016-11-28 14:00:00,0.0446
2016-11-28 15:00:00,0.0405
2016-11-28 16:00:00,0.0403
2016-11-28 17:00:00,0.0389
2016-11-28 18:00:00,0.0387
2016-11-28 19:00:00,0.0355
2016-11-28 20:00:00,0.0299
2016-11-28 21:00:00,0.0249
2016-11-28 22:00:00,0.0197
2016-11-28 23:00:00,0.0147
2016-11-29 00:00:00,0.0094
2016-11-29 01:00:00,0.0076
2016-11-29 02:00:00,0.0034
2016-11-29 03:00:00,0.0031
2016-11-29 04:00:00,0.0054
2016-11-29 05:00:00,0.0072
2016-11-29 06:00:00,0.0138
2016-11-29 07:00:00,0.0226
2016-11-29 08:00:00,0.0378
2016-11-29 09:00:00,0.0405
2016-11-29 10:00:00,0.0341
2016-11-29 11:00:00,0.0357
2016-11-29 12:00:00,0.0425
2016-11-29 13:00:00,0.0484
2016-11-29 14:00:00,0.0454
2016-11-29 15:00:00,0.0461
2016-11-29 16:00:00,0.0488
2016-11-29 17:00:00,0.0483
2016-11-29 18:00:00,0.048
2016-11-29 19:00:00,0.0442
2016-11-29 20:00:00,0.0368
2016-11-29 21:00:00,0.0319
2016-11-29 22:00:00,0.0245
2016-11-29 23:00:00,0.0153
2016-11-30 00:00:00,0.0121
2016-11-30 01:00:00,0.0082
2016-11-30 02:00:00,0.0044
2016-11-30 03:00:00,0.004
2016-11-30 04:00:00,0.0045
2016-11-30 05:00:00,0.0077
2016-11-30 06:00:00,0.016
2016-11-30 07:00:00,0.0267
2016-11-30 08:00:00,0.0371
2016-11-30 09:00:00,0.0394
2016-11-30 10:00:00,0.0342
2016-11-30 11:00:00,0.0408
2016-11-30 12:00:00,0.0423
2016-11-30 13:00:00,0.0469
2016-11-30 14:00:00,0.0477
2016-11-30 15:00:00,0.0471
2016-11-30 16:00:00,0.0504
2016-11-30 17:00:00,0.0493
2016-11-30 18:00:00,0.0504
2016-11-30 19:00:00,0.045
2016-11-30 20:00:00,0.0403
2016-11-30 21:00:00,0.0336
2016-11-30 22:00:00,0.0241
2016-11-30 23:00:00,0.0174
2016-12-01 00:00:00,0.0129
2016-12-01 01:00:00,0.0088
2016-12-01 02:00:00,0.0047
2016-12-01 03:00:00,0.0037
2016-12-01 04:00:00,0.0042
2016-12-01 05:00:00,0.008
2016-12-01 06:00:00,0.0146
2016-12-01 07:00:00,0.0263
2016-12-01 08:00:00,0.0378
2016-12-01 09:00:00,0.0428
2016-12-01 10:00:00,0.0367
2016-12-01 11:00:00,0.0369
2016-12-01 12:00:00,0.043
2016-12-01 13:00:00,0.0514
2016-12-01 14:00:00,0.0499
2016-12-01 15:00:00,0.0507
2016-12-01 16:00:00,0.0552
2016-12-01 17:00:00,0.0523
2016-12-01 18:00:00,0.0515
2016-12-01 19:00:00,0.0445
2016-12-01 20:00:00,0.0411
2016-12-01 21:00:00,0.037
2016-12-01 22:00:00,0.0323
2016-12-01 23:00:00,0.0188
2016-12-02 00:00:00,0.0115
2016-12-02 01:00:00,0.0065
2016-12-02 02:00:00,0.0051
2016-12-02 03:00:00,0.0035
2016-12-02 04:00:00,0.0038
2016-12-02 05:00:00,0.0087
2016-12-02 06:00:00,0.0162
2016-12-02 07:00:00,0.025
2016-12-02 08:00:00,0.0382
2016-12-02 09:00:00,0.0398
2016-12-02 10:00:00,0.0365
2016-12-02 11:00:00,0.0389
2016-12-02 12:00:00,0.0445
2016-12-02 13:00:00,0.0514
2016-12-02 14:00:00,0.0464
2016-12-02 15:00:00,0.0449
2016-12-02 16:00:00,0.0562
2016-12-02 17:00:00,0.05
2016-12-02 18:00:00,0.0494
2016-12-02 19:00:00,0.0451
2016-12-02 20:00:00,0.0284
2016-12-02 21:00:00,0.0213
2016-12-02 22:00:00,0.0231
2016-12-02 23:00:00,0.0136
2016-12-03 00:00:00,0.0093
2016-12-03 01:00:00,0.0062
2016-12-03 02:00:00,0.004
2016-12-03 03:00:00,0.0034
2016-12-03 04:00:00,0.0053
2016-12-03 05:00:00,0.008
2016-12-03 06:00:00,0.0155
2016-12-03 07:00:00,0.0279
2016-12-03 08:00:00,0.0337
2016-12-03 09:00:00,0.0417
2016-12-03 10:00:00,0.0401
2016-12-03 11:00:00,0.0423
2016-12-03 12:00:00,0.0457
2016-12-03 13:00:00,0.0488
2016-12-03 14:00:00,0.0523
2016-12-03 15:00:00,0.0518
2016-12-03 16:00:00,0.052
2016-12-03 17:00:00,0.0507
2016-12-03 18:00:00,0.0483
2016-12-03 19:00:00,0.0444
2016-12-03 20:00:00,0.0416
2016-12-03 21:00:00,0.0388
2016-12-03 22:00:00,0.0306
2016-12-03 23:00:00,0.0274
2016-12-04 00:00:00,0.018
2016-12-04 01:00:00,0.012
2016-12-04 02:00:00,0.0066
2016-12-04 03:00:00,0.0052
2016-12-04 04:00:00,0.004
2016-12-04 05:00:00,0.0041
2016-12-04 06:00:00,0.0088
2016-12-04 07:00:00,0.0129
2016-12-04 08:00:00,0.0201
2016-12-04 09:00:00,0.028
2016-12-04 10:00:00,0.0361
2016-12-04 11:00:00,0.0396
2016-12-04 12:00:00,0.0437
2016-12-04 13:00:00,0.0467
2016-12-04 14:00:00,0.0452
2016-12-04 15:00:00,0.0441
2016-12-04 16:00:00,0.0437
2016-12-04 17:00:00,0.0418
2016-12-04 18:00:00,0.0399
2016-12-04 19:00:00,0.0414
2016-12-04 20:00:00,0.036
2016-12-04 21:00:00,0.0303
2016-12-04 22:00:00,0.0273
2016-12-04 23:00:00,0.0229
2016-12-05 00:00:00,0.0175
2016-12-05 01:00:00,0.0114
2016-12-05 02:00:00,0.0057
2016-12-05 03:00:00,0.0048
2016-12-05 04:00:00,0.003
2016-12-05 05:00:00,0.0029
2016-12-05 06:00:00,0.0048
2016-12-05 07:00:00,0.0074
2016-12-05 08:00:00,0.0114
2016-12-05 09:00:00,0.0184
2016-12-05 10:00:00,0.0255
2016-12-05 11:00:00,0.0326
2016-12-05 12:00:00,0.0365
2016-12-05 13:00:00,0.0427
2016-12-05 14:00:00,0.0448
2016-12-05 15:00:00,0.0373
2016-12-05 16:00:00,0.04
2016-12-05 17:00:00,0.0397
2016-12-05 18:00:00,0.033
2016-12-05 19:00:00,0.0301
2016-12-05 20:00:00,0.0231
2016-12-05 21:00:00,0.0241
2016-12-05 22:00:00,0.0234
2016-12-05 23:00:00,0.0169
2016-12-06 00:00:00,0.0119
2016-12-06 01:00:00,0.0075
2016-12-06 02:00:00,0.0044
2016-12-06 03:00:00,0.0036
2016-12-06 04:00:00,0.0038
2016-12-06 05:00:00,0.0082
2016-12-06 06:00:00,0.015
2016-12-06 07:00:00,0.0247
2016-12-06 08:00:00,0.0311
2016-12-06 09:00:00,0.0366
2016-12-06 10:00:00,0.0313
2016-12-06 11:00:00,0.0355
2016-12-06 12:00:00,0.0423
2016-12-06 13:00:00,0.046
2016-12-06 14:00:00,0.0443
2016-12-06 15:00:00,0.0442
2016-12-06 16:00:00,0.0486
2016-12-06 17:00:00,0.0456
2016-12-06 18:00:00,0.0473
2016-12-06 19:00:00,0.0411
2016-12-06 20:00:00,0.0364
2016-12-06 21:00:00,0.0318
2016-12-06 22:00:00,0.0255
2016-12-06 23:00:00,0.0182
2016-12-07 00:00:00,0.0075
2016-12-07 01:00:00,0.0076
2016-12-07 02:00:00,0.005
2016-12-07 03:00:00,0.0037
2016-12-07 04:00:00,0.0044
2016-12-07 05:00:00,0.0079
2016-12-07 06:00:00,0.0144
2016-12-07 07:00:00,0.0253
2016-12-07 08:00:00,0.0337
2016-12-07 09:00:00,0.0382
2016-12-07 10:00:00,0.0364
2016-12-07 11:00:00,0.0368
2016-12-07 12:00:00,0.042
2016-12-07 13:00:00,0.0457
2016-12-07 14:00:00,0.0469
2016-12-07 15:00:00,0.0474
2016-12-07 16:00:00,0.0511
2016-12-07 17:00:00,0.0486
2016-12-07 18:00:00,0.0508
2016-12-07 19:00:00,0.0439
2016-12-07 20:00:00,0.0382
2016-12-07 21:00:00,0.0276
2016-12-07 22:00:00,0.027
2016-12-07 23:00:00,0.0175
2016-12-08 00:00:00,0.0117
2016-12-08 01:00:00,0.0079
2016-12-08 02:00:00,0.0046
2016-12-08 03:00:00,0.0027
2016-12-08 04:00:00,0.0033
2016-12-08 05:00:00,0.0089
2016-12-08 06:00:00,0.0147
2016-12-08 07:00:00,0.0254
2016-12-08 08:00:00,0.0317
2016-12-08 09:00:00,0.0382
2016-12-08 10:00:00,0.036
2016-12-08 11:00:00,0.038
2016-12-08 12:00:00,0.047
2016-12-08 13:00:00,0.049
2016-12-08 14:00:00,0.0469
2016-12-08 15:00:00,0.0477
2016-12-08 16:00:00,0.0482
2016-12-08 17:00:00,0.0471
2016-12-08 18:00:00,0.0522
2016-12-08 19:00:00,0.0437
2016-12-08 20:00:00,0.0389
2016-12-08 21:00:00,0.031
2016-12-08 22:00:00,0.0287
2016-12-08 23:00:00,0.0211
2016-12-09 00:00:00,0.0128
2016-12-09 01:00:00,0.0094
2016-12-09 02:00:00,0.0057
2016-12-09 03:00:00,0.0044
2016-12-09 04:00:00,0.0052
2016-12-09 05:00:00,0.0081
2016-12-09 06:00:00,0.016
2016-12-09 07:00:00,0.0252
2016-12-09 08:00:00,0.0322
2016-12-09 09:00:00,0.0374
2016-12-09 10:00:00,0.0371
2016-12-09 11:00:00,0.0376
2016-12-09 12:00:00,0.0446
2016-12-09 13:00:00,0.0481
2016-12-09 14:00:00,0.0496
2016-12-09 15:00:00,0.0459
2016-12-09 16:00:00,0.0489
2016-12-09 17:00:00,0.0501
2016-12-09 18:00:00,0.05
2016-12-09 19:00:00,0.0439
2016-12-09 20:00:00,0.0382
2016-12-09 21:00:00,0.0325
2016-12-09 22:00:00,0.0311
2016-12-09 23:00:00,0.0207
2016-12-10 00:00:00,0.0133
2016-12-10 01:00:00,0.0085
2016-12-10 02:00:00,0.0044
2016-12-10 03:00:00,0.0053
2016-12-10 04:00:00,0.0046
2016-12-10 05:00:00,0.0085
2016-12-10 06:00:00,0.0158
2016-12-10 07:00:00,0.0244
2016-12-10 08:00:00,0.0323
2016-12-10 09:00:00,0.0358
2016-12-10 10:00:00,0.0353
2016-12-10 11:00:00,0.0403
2016-12-10 12:00:00,0.0462
2016-12-10 13:00:00,0.0519
2016-12-10 14:00:00,0.0489
2016-12-10 15:00:00,0.0482
2016-12-10 16:00:00,0.0507
2016-12-10 17:00:00,0.0455
2016-12-10 18:00:00,0.0483
2016-12-10 19:00:00,0.0433
2016-12-10 20:00:00,0.0422
2016-12-10 21:00:00,0.0399
2016-12-10 22:00:00,0.0317
2016-12-10 23:00:00,0.0241
2016-12-11 00:00:00,0.0199
2016-12-11 01:00:00,0.0128
2016-12-11 02:00:00,0.0073
2016-12-11 03:00:00,0.0054
2016-12-11 04:00:00,0.0042
2016-12-11 05:00:00,0.0061
2016-12-11 06:00:00,0.0082
2016-12-11 07:00:00,0.0144
2016-12-11 08:00:00,0.0233
2016-12-11 09:00:00,0.0285
2016-12-11 10:00:00,0.0324
2016-12-11 11:00:00,0.0393
2016-12-11 12:00:00,0.0441
2016-12-11 13:00:00,0.0478
2016-12-11 14:00:00,0.0435
2016-12-11 15:00:00,0.043
2016-12-11 16:00:00,0.0436
2016-12-11 17:00:00,0.0466
2016-12-11 18:00:00,0.0426
2016-12-11 19:00:00,0.0389
2016-12-11 20:00:00,0.0339
2016-12-11 21:00:00,0.0332
2016-12-11 22:00:00,0.0285
2016-12-11 23:00:00,0.027
2016-12-12 00:00:00,0.0171
2016-12-12 01:00:00,0.0112
2016-12-12 02:00:00,0.0061
2016-12-12 03:00:00,0.0051
2016-12-12 04:00:00,0.0032
2016-12-12 05:00:00,0.003
2016-12-12 06:00:00,0.0044
2016-12-12 07:00:00,0.008
2016-12-12 08:00:00,0.0151
2016-12-12 09:00:00,0.0168
2016-12-12 10:00:00,0.0275
2016-12-12 11:00:00,0.031
2016-12-12 12:00:00,0.0365
2016-12-12 13:00:00,0.0423
2016-12-12 14:00:00,0.0377
2016-12-12 15:00:00,0.0396
2016-12-12 16:00:00,0.0389
2016-12-12 17:00:00,0.0381
2016-12-12 18:00:00,0.0328
2016-12-12 19:00:00,0.0292
2016-12-12 20:00:00,0.0232
2016-12-12 21:00:00,0.0274
2016-12-12 22:00:00,0.0214
2016-12-12 23:00:00,0.0175
2016-12-13 00:00:00,0.0145
2016-12-13 01:00:00,0.0073
2016-12-13 02:00:00,0.0041
2016-12-13 03:00:00,0.0031
2016-12-13 04:00:00,0.0045
2016-12-13 05:00:00,0.0072
2016-12-13 06:00:00,0.0131
2016-12-13 07:00:00,0.0236
2016-12-13 08:00:00,0.0341
2016-12-13 09:00:00,0.0344
2016-12-13 10:00:00,0.0347
2016-12-13 11:00:00,0.0375
2016-12-13 12:00:00,0.0417
2016-12-13 13:00:00,0.0454
2016-12-13 14:00:00,0.0463
2016-12-13 15:00:00,0.0461
2016-12-13 16:00:00,0.0506
2016-12-13 17:00:00,0.0456
2016-12-13 18:00:00,0.0478
2016-12-13 19:00:00,0.0449
2016-12-13 20:00:00,0.0383
2016-12-13 21:00:00,0.0312
2016-12-13 22:00:00,0.0259
2016-12-13 23:00:00,0.0174
2016-12-14 00:00:00,0.0123
2016-12-14 01:00:00,0.0075
2016-12-14 02:00:00,0.0044
2016-12-14 03:00:00,0.0035
2016-12-14 04:00:00,0.0041
2016-12-14 05:00:00,0.0082
2016-12-14 06:00:00,0.015
2016-12-14 07:00:00,0.0252
2016-12-14 08:00:00,0.0328
2016-12-14 09:00:00,0.0389
2016-12-14 10:00:00,0.0332
2016-12-14 11:00:00,0.0366
2016-12-14 12:00:00,0.0429
2016-12-14 13:00:00,0.0467
2016-12-14 14:00:00,0.0442
2016-12-14 15:00:00,0.0499
2016-12-14 16:00:00,0.0492
2016-12-14 17:00:00,0.0502
2016-12-14 18:00:00,0.0451
2016-12-14 19:00:00,0.0432
2016-12-14 20:00:00,0.0265
2016-12-14 21:00:00,0.0172
2016-12-14 22:00:00,0.0189
2016-12-14 23:00:00,0.015
2016-12-15 00:00:00,0.0088
2016-12-15 01:00:00,0.0083
2016-12-15 02:00:00,0.0053
2016-12-15 03:00:00,0.0046
2016-12-15 04:00:00,0.0042
2016-12-15 05:00:00,0.0085
2016-12-15 06:00:00,0.0149
2016-12-15 07:00:00,0.0241
2016-12-15 08:00:00,0.0317
2016-12-15 09:00:00,0.0381
2016-12-15 10:00:00,0.0373
2016-12-15 11:00:00,0.0374
2016-12-15 12:00:00,0.0426
2016-12-15 13:00:00,0.048
2016-12-15 14:00:00,0.0467
2016-12-15 15:00:00,0.0468
2016-12-15 16:00:00,0.0496
2016-12-15 17:00:00,0.0483
2016-12-15 18:00:00,0.0448
2016-12-15 19:00:00,0.045
2016-12-15 20:00:00,0.0399
2016-12-15 21:00:00,0.0343
2016-12-15 22:00:00,0.0305
2016-12-15 23:00:00,0.0204
2016-12-16 00:00:00,0.0119
2016-12-16 01:00:00,0.0019
2016-12-16 02:00:00,0.0
2016-12-16 03:00:00,0.0
2016-12-16 04:00:00,0.0
2016-12-16 05:00:00,0.0018
2016-12-16 06:00:00,0.0148
2016-12-16 07:00:00,0.0266
2016-12-16 08:00:00,0.036
2016-12-16 09:00:00,0.0374
2016-12-16 10:00:00,0.0372
2016-12-16 11:00:00,0.0382
2016-12-16 12:00:00,0.0418
2016-12-16 13:00:00,0.0505
2016-12-16 14:00:00,0.0486
2016-12-16 15:00:00,0.0498
2016-12-16 16:00:00,0.0516
2016-12-16 17:00:00,0.0505
2016-12-16 18:00:00,0.0501
2016-12-16 19:00:00,0.0459
2016-12-16 20:00:00,0.0419
2016-12-16 21:00:00,0.0376
2016-12-16 22:00:00,0.0285
2016-12-16 23:00:00,0.0217
2016-12-17 00:00:00,0.0142
2016-12-17 01:00:00,0.0073
2016-12-17 02:00:00,0.0
2016-12-17 03:00:00,0.00024851485148514853
2016-12-17 04:00:00,0.0004970297029702971
2016-12-17 05:00:00,0.0007455445544554456
2016-12-17 06:00:00,0.0009940594059405941
2016-12-17 07:00:00,0.0012425742574257426
2016-12-17 08:00:00,0.0014910891089108913
2016-12-17 09:00:00,0.0017396039603960398
2016-12-17 10:00:00,0.0019881188118811882
2016-12-17 11:00:00,0.0022366336633663367
2016-12-17 12:00:00,0.002485148514851485
2016-12-17 13:00:00,0.0027336633663366337
2016-12-17 14:00:00,0.0029821782178217826
2016-12-17 15:00:00,0.003230693069306931
2016-12-17 16:00:00,0.0034792079207920795
2016-12-17 17:00:00,0.003727722772277228
2016-12-17 18:00:00,0.0039762376237623765
2016-12-17 19:00:00,0.004224752475247525
2016-12-17 20:00:00,0.004473267326732673
2016-12-17 21:00:00,0.004721782178217822
2016-12-17 22:00:00,0.00497029702970297
2016-12-17 23:00:00,0.005218811881188119
2016-12-18 00:00:00,0.005467326732673267
2016-12-18 01:00:00,0.005715841584158416
2016-12-18 02:00:00,0.005964356435643565
2016-12-18 03:00:00,0.006212871287128713
2016-12-18 04:00:00,0.006461386138613862
2016-12-18 05:00:00,0.00670990099009901
2016-12-18 06:00:00,0.006958415841584159
2016-12-18 07:00:00,0.007206930693069307
2016-12-18 08:00:00,0.007455445544554456
2016-12-18 09:00:00,0.007703960396039604
2016-12-18 10:00:00,0.007952475247524753
2016-12-18 11:00:00,0.008200990099009901
2016-12-18 12:00:00,0.00844950495049505
2016-12-18 13:00:00,0.008698019801980199
2016-12-18 14:00:00,0.008946534653465347
2016-12-18 15:00:00,0.009195049504950495
2016-12-18 16:00:00,0.009443564356435645
2016-12-18 17:00:00,0.009692079207920793
2016-12-18 18:00:00,0.00994059405940594
2016-12-18 19:00:00,0.01018910891089109
2016-12-18 20:00:00,0.010437623762376239
2016-12-18 21:00:00,0.010686138613861387
2016-12-18 22:00:00,0.010934653465346535
2016-12-18 23:00:00,0.011183168316831684
2016-12-19 00:00:00,0.011431683168316832
2016-12-19 01:00:00,0.01168019801980198
2016-12-19 02:00:00,0.01192871287128713
2016-12-19 03:00:00,0.012177227722772278
2016-12-19 04:00:00,0.012425742574257426
2016-12-19 05:00:00,0.012674257425742574
2016-12-19 06:00:00,0.012922772277227724
2016-12-19 07:00:00,0.013171287128712872
2016-12-19 08:00:00,0.01341980198019802
2016-12-19 09:00:00,0.013668316831683168
2016-12-19 10:00:00,0.013916831683168318
2016-12-19 11:00:00,0.014165346534653466
2016-12-19 12:00:00,0.014413861386138614
2016-12-19 13:00:00,0.014662376237623764
2016-12-19 14:00:00,0.014910891089108912
2016-12-19 15:00:00,0.01515940594059406
2016-12-19 16:00:00,0.015407920792079208
2016-12-19 17:00:00,0.015656435643564358
2016-12-19 18:00:00,0.015904950495049506
2016-12-19 19:00:00,0.016153465346534654
2016-12-19 20:00:00,0.016401980198019802
2016-12-19 21:00:00,0.01665049504950495
2016-12-19 22:00:00,0.0168990099009901
2016-12-19 23:00:00,0.01714752475247525
2016-12-20 00:00:00,0.017396039603960398
2016-12-20 01:00:00,0.017644554455445546
2016-12-20 02:00:00,0.017893069306930694
2016-12-20 03:00:00,0.018141584158415842
2016-12-20 04:00:00,0.01839009900990099
2016-12-20 05:00:00,0.01863861386138614
2016-12-20 06:00:00,0.01888712871287129
2016-12-20 07:00:00,0.019135643564356437
2016-12-20 08:00:00,0.019384158415841585
2016-12-20 09:00:00,0.019632673267326733
2016-12-20 10:00:00,0.01988118811881188
2016-12-20 11:00:00,0.02012970297029703
2016-12-20 12:00:00,0.02037821782178218
2016-12-20 13:00:00,0.02062673267326733
2016-12-20 14:00:00,0.020875247524752477
2016-12-20 15:00:00,0.021123762376237625
2016-12-20 16:00:00,0.021372277227722773
2016-12-20 17:00:00,0.02162079207920792
2016-12-20 18:00:00,0.02186930693069307
2016-12-20 19:00:00,0.02211782178217822
2016-12-20 20:00:00,0.02236633663366337
2016-12-20 21:00:00,0.022614851485148517
2016-12-20 22:00:00,0.022863366336633665
2016-12-20 23:00:00,0.023111881188118813
2016-12-21 00:00:00,0.02336039603960396
2016-12-21 01:00:00,0.02360891089108911
2016-12-21 02:00:00,0.02385742574257426
2016-12-21 03:00:00,0.02410594059405941
2016-12-21 04:00:00,0.024354455445544557
2016-12-21 05:00:00,0.024602970297029705
2016-12-21 06:00:00,0.024851485148514853
2016-12-21 07:00:00,0.0251
2016-12-21 08:00:00,0.0324
2016-12-21 09:00:00,0.0401
2016-12-21 10:00:00,0.0369
2016-12-21 11:00:00,0.0371
2016-12-21 12:00:00,0.0444
2016-12-21 13:00:00,0.0454
2016-12-21 14:00:00,0.0466
2016-12-21 15:00:00,0.0476
2016-12-21 16:00:00,0.0487
2016-12-21 17:00:00,0.0493
2016-12-21 18:00:00,0.0487
2016-12-21 19:00:00,0.0449
2016-12-21 20:00:00,0.0396
2016-12-21 21:00:00,0.0328
2016-12-21 22:00:00,0.0274
2016-12-21 23:00:00,0.0176
2016-12-22 00:00:00,0.0132
2016-12-22 01:00:00,0.0016
2016-12-22 02:00:00,0.0
2016-12-22 03:00:00,0.0
2016-12-22 04:00:00,0.0
2016-12-22 05:00:00,0.003
2016-12-22 06:00:00,0.0165
2016-12-22 07:00:00,0.0264
2016-12-22 08:00:00,0.0332
2016-12-22 09:00:00,0.0383
2016-12-22 10:00:00,0.0366
2016-12-22 11:00:00,0.036
2016-12-22 12:00:00,0.0411
2016-12-22 13:00:00,0.0463
2016-12-22 14:00:00,0.0448
2016-12-22 15:00:00,0.0441
2016-12-22 16:00:00,0.0438
2016-12-22 17:00:00,0.0329
2016-12-22 18:00:00,0.0322
2016-12-22 19:00:00,0.0314
2016-12-22 20:00:00,0.0285
2016-12-22 21:00:00,0.0268
2016-12-22 22:00:00,0.0292
2016-12-22 23:00:00,0.0194
2016-12-23 00:00:00,0.014
2016-12-23 01:00:00,0.0022
2016-12-23 02:00:00,0.0
2016-12-23 03:00:00,0.0
2016-12-23 04:00:00,0.0
2016-12-23 05:00:00,0.0021
2016-12-23 06:00:00,0.0165
2016-12-23 07:00:00,0.0254
2016-12-23 08:00:00,0.032
2016-12-23 09:00:00,0.0391
2016-12-23 10:00:00,0.0381
2016-12-23 11:00:00,0.0344
2016-12-23 12:00:00,0.0434
2016-12-23 13:00:00,0.0476
2016-12-23 14:00:00,0.047
2016-12-23 15:00:00,0.0469
2016-12-23 16:00:00,0.0499
2016-12-23 17:00:00,0.0487
2016-12-23 18:00:00,0.0486
2016-12-23 19:00:00,0.0433
2016-12-23 20:00:00,0.0359
2016-12-23 21:00:00,0.0359
2016-12-23 22:00:00,0.0349
2016-12-23 23:00:00,0.0223
2016-12-24 00:00:00,0.0144
2016-12-24 01:00:00,0.0082
2016-12-24 02:00:00,0.0
2016-12-24 03:00:00,0.0
2016-12-24 04:00:00,0.0
2016-12-24 05:00:00,0.0011
2016-12-24 06:00:00,0.0173
2016-12-24 07:00:00,0.0249
2016-12-24 08:00:00,0.0349
2016-12-24 09:00:00,0.037
2016-12-24 10:00:00,0.0374
2016-12-24 11:00:00,0.0422
2016-12-24 12:00:00,0.0419
2016-12-24 13:00:00,0.0493
2016-12-24 14:00:00,0.0462
2016-12-24 15:00:00,0.0496
2016-12-24 16:00:00,0.0462
2016-12-24 17:00:00,0.0483
2016-12-24 18:00:00,0.0499
2016-12-24 19:00:00,0.0429
2016-12-24 20:00:00,0.0397
2016-12-24 21:00:00,0.0362
2016-12-24 22:00:00,0.0323
2016-12-24 23:00:00,0.0253
2016-12-25 00:00:00,0.0189
2016-12-25 01:00:00,0.0142
2016-12-25 02:00:00,0.007
2016-12-25 03:00:00,0.005
2016-12-25 04:00:00,0.0045
2016-12-25 05:00:00,0.0049
2016-12-25 06:00:00,0.0076
2016-12-25 07:00:00,0.0128
2016-12-25 08:00:00,0.0221
2016-12-25 09:00:00,0.025
2016-12-25 10:00:00,0.0327
2016-12-25 11:00:00,0.0382
2016-12-25 12:00:00,0.0389
2016-12-25 13:00:00,0.043
2016-12-25 14:00:00,0.0449
2016-12-25 15:00:00,0.0418
2016-12-25 16:00:00,0.0427
2016-12-25 17:00:00,0.0419
2016-12-25 18:00:00,0.0407
2016-12-25 19:00:00,0.0378
2016-12-25 20:00:00,0.0337
2016-12-25 21:00:00,0.0293
2016-12-25 22:00:00,0.0269
2016-12-25 23:00:00,0.0237
2016-12-26 00:00:00,0.0185
2016-12-26 01:00:00,0.0128
2016-12-26 02:00:00,0.0067
2016-12-26 03:00:00,0.0047
2016-12-26 04:00:00,0.0034
2016-12-26 05:00:00,0.0035
2016-12-26 06:00:00,0.0054
2016-12-26 07:00:00,0.0086
2016-12-26 08:00:00,0.0143
2016-12-26 09:00:00,0.0189
2016-12-26 10:00:00,0.0237
2016-12-26 11:00:00,0.029
2016-12-26 12:00:00,0.034
2016-12-26 13:00:00,0.0389
2016-12-26 14:00:00,0.0391
2016-12-26 15:00:00,0.0396
2016-12-26 16:00:00,0.0392
2016-12-26 17:00:00,0.0375
2016-12-26 18:00:00,0.0365
2016-12-26 19:00:00,0.0349
2016-12-26 20:00:00,0.0295
2016-12-26 21:00:00,0.0262
2016-12-26 22:00:00,0.0219
2016-12-26 23:00:00,0.0161
2016-12-27 00:00:00,0.01
2016-12-27 01:00:00,0.0
2016-12-27 02:00:00,0.0
2016-12-27 03:00:00,0.0
2016-12-27 04:00:00,0.0
2016-12-27 05:00:00,0.0047
2016-12-27 06:00:00,0.014
2016-12-27 07:00:00,0.0244
2016-12-27 08:00:00,0.0324
2016-12-27 09:00:00,0.0352
2016-12-27 10:00:00,0.0328
2016-12-27 11:00:00,0.0379
2016-12-27 12:00:00,0.0425
2016-12-27 13:00:00,0.0462
2016-12-27 14:00:00,0.043
2016-12-27 15:00:00,0.0496
2016-12-27 16:00:00,0.046
2016-12-27 17:00:00,0.0487
2016-12-27 18:00:00,0.0443
2016-12-27 19:00:00,0.0462
2016-12-27 20:00:00,0.036
2016-12-27 21:00:00,0.0285
2016-12-27 22:00:00,0.0264
2016-12-27 23:00:00,0.0173
2016-12-28 00:00:00,0.0106
2016-12-28 01:00:00,0.007
2016-12-28 02:00:00,0.0042
2016-12-28 03:00:00,0.0041
2016-12-28 04:00:00,0.0034
2016-12-28 05:00:00,0.0073
2016-12-28 06:00:00,0.014
2016-12-28 07:00:00,0.0245
2016-12-28 08:00:00,0.034
2016-12-28 09:00:00,0.0368
2016-12-28 10:00:00,0.0353
2016-12-28 11:00:00,0.0386
2016-12-28 12:00:00,0.0412
2016-12-28 13:00:00,0.0457
2016-12-28 14:00:00,0.0431
2016-12-28 15:00:00,0.0161
2016-12-28 16:00:00,0.0535
2016-12-28 17:00:00,0.0484
2016-12-28 18:00:00,0.0471
2016-12-28 19:00:00,0.0438
2016-12-28 20:00:00,0.0406
2016-12-28 21:00:00,0.0328
2016-12-28 22:00:00,0.0248
2016-12-28 23:00:00,0.0205
2016-12-29 00:00:00,0.0145
2016-12-29 01:00:00,0.0095
2016-12-29 02:00:00,0.0058
2016-12-29 03:00:00,0.0035
2016-12-29 04:00:00,0.0033
2016-12-29 05:00:00,0.0057
2016-12-29 06:00:00,0.0109
2016-12-29 07:00:00,0.0199
2016-12-29 08:00:00,0.0256
2016-12-29 09:00:00,0.0264
2016-12-29 10:00:00,0.0298
2016-12-29 11:00:00,0.0323
2016-12-29 12:00:00,0.0342
2016-12-29 13:00:00,0.0471
2016-12-29 14:00:00,0.0478
2016-12-29 15:00:00,0.0503
2016-12-29 16:00:00,0.0488
2016-12-29 17:00:00,0.0473
2016-12-29 18:00:00,0.0478
2016-12-29 19:00:00,0.0437
2016-12-29 20:00:00,0.0417
2016-12-29 21:00:00,0.0351
2016-12-29 22:00:00,0.0322
2016-12-29 23:00:00,0.0189
2016-12-30 00:00:00,0.0122
2016-12-30 01:00:00,0.0088
2016-12-30 02:00:00,0.0051
2016-12-30 03:00:00,0.0036
2016-12-30 04:00:00,0.0049
2016-12-30 05:00:00,0.0071
2016-12-30 06:00:00,0.0156
2016-12-30 07:00:00,0.0261
2016-12-30 08:00:00,0.0325
2016-12-30 09:00:00,0.0358
2016-12-30 10:00:00,0.0362
2016-12-30 11:00:00,0.0378
2016-12-30 12:00:00,0.0442
2016-12-30 13:00:00,0.0465
2016-12-30 14:00:00,0.0491
2016-12-30 15:00:00,0.0494
2016-12-30 16:00:00,0.0494
2016-12-30 17:00:00,0.0504
2016-12-30 18:00:00,0.0509
2016-12-30 19:00:00,0.0473
2016-12-30 20:00:00,0.0416
2016-12-30 21:00:00,0.0364
2016-12-30 22:00:00,0.029
2016-12-30 23:00:00,0.0229
2016-12-31 00:00:00,0.0155
2016-12-31 01:00:00,0.0096
2016-12-31 02:00:00,0.006
2016-12-31 03:00:00,0.0048
2016-12-31 04:00:00,0.0049
2016-12-31 05:00:00,0.0064
2016-12-31 06:00:00,0.0109
2016-12-31 07:00:00,0.0166
2016-12-31 08:00:00,0.0251
2016-12-31 09:00:00,0.0301
2016-12-31 10:00:00,0.034
2016-12-31 11:00:00,0.0409
2016-12-31 12:00:00,0.0444
2016-12-31 13:00:00,0.044
2016-12-31 14:00:00,0.0311
2016-12-31 15:00:00,0.0342
2016-12-31 16:00:00,0.0316
2016-12-31 17:00:00,0.0408
2016-12-31 18:00:00,0.0295
2016-12-31 19:00:00,0.0323
2016-12-31 20:00:00,0.0355
2016-12-31 21:00:00,0.0301
2016-12-31 22:00:00,0.0278
2016-12-31 23:00:00,0.023
2017-01-01 00:00:00,0.0192
2017-01-01 01:00:00,0.0111
2017-01-01 02:00:00,0.0079
2017-01-01 03:00:00,0.0044
2017-01-01 04:00:00,0.0037
2017-01-01 05:00:00,0.0032
2017-01-01 06:00:00,0.006
2017-01-01 07:00:00,0.0094
2017-01-01 08:00:00,0.0141
2017-01-01 09:00:00,0.0163
2017-01-01 10:00:00,0.0225
2017-01-01 11:00:00,0.0277
2017-01-01 12:00:00,0.0319
2017-01-01 13:00:00,0.0353
2017-01-01 14:00:00,0.0345
2017-01-01 15:00:00,0.032
2017-01-01 16:00:00,0.0325
2017-01-01 17:00:00,0.031
2017-01-01 18:00:00,0.0252
2017-01-01 19:00:00,0.0225
2017-01-01 20:00:00,0.0207
2017-01-01 21:00:00,0.0169
2017-01-01 22:00:00,0.0139
2017-01-01 23:00:00,0.0267
2017-01-02 00:00:00,0.0193
2017-01-02 01:00:00,0.0129
2017-01-02 02:00:00,0.007
2017-01-02 03:00:00,0.0039
2017-01-02 04:00:00,0.0032
2017-01-02 05:00:00,0.0031
2017-01-02 06:00:00,0.0048
2017-01-02 07:00:00,0.0062
2017-01-02 08:00:00,0.0108
2017-01-02 09:00:00,0.0148
2017-01-02 10:00:00,0.0196
2017-01-02 11:00:00,0.0256
2017-01-02 12:00:00,0.0324
2017-01-02 13:00:00,0.0351
2017-01-02 14:00:00,0.0384
2017-01-02 15:00:00,0.0359
2017-01-02 16:00:00,0.0353
2017-01-02 17:00:00,0.0334
2017-01-02 18:00:00,0.0316
2017-01-02 19:00:00,0.0309
2017-01-02 20:00:00,0.0261
2017-01-02 21:00:00,0.0215
2017-01-02 22:00:00,0.0192
2017-01-02 23:00:00,0.013
2017-01-03 00:00:00,0.0099
2017-01-03 01:00:00,0.0067
2017-01-03 02:00:00,0.0038
2017-01-03 03:00:00,0.0031
2017-01-03 04:00:00,0.004
2017-01-03 05:00:00,0.007
2017-01-03 06:00:00,0.0134
2017-01-03 07:00:00,0.0241
2017-01-03 08:00:00,0.0279
2017-01-03 09:00:00,0.0348
2017-01-03 10:00:00,0.0328
2017-01-03 11:00:00,0.0369
2017-01-03 12:00:00,0.0401
2017-01-03 13:00:00,0.0452
2017-01-03 14:00:00,0.046
2017-01-03 15:00:00,0.0487
2017-01-03 16:00:00,0.0482
2017-01-03 17:00:00,0.0486
2017-01-03 18:00:00,0.0452
2017-01-03 19:00:00,0.0429
2017-01-03 20:00:00,0.0355
2017-01-03 21:00:00,0.0291
2017-01-03 22:00:00,0.025
2017-01-03 23:00:00,0.0171
2017-01-04 00:00:00,0.016968316831683167
2017-01-04 01:00:00,0.016836633663366338
2017-01-04 02:00:00,0.016704950495049505
2017-01-04 03:00:00,0.016573267326732675
2017-01-04 04:00:00,0.01644158415841584
2017-01-04 05:00:00,0.016309900990099012
2017-01-04 06:00:00,0.01617821782178218
2017-01-04 07:00:00,0.016046534653465346
2017-01-04 08:00:00,0.015914851485148516
2017-01-04 09:00:00,0.015783168316831683
2017-01-04 10:00:00,0.015651485148514853
2017-01-04 11:00:00,0.01551980198019802
2017-01-04 12:00:00,0.015388118811881188
2017-01-04 13:00:00,0.015256435643564357
2017-01-04 14:00:00,0.015124752475247525
2017-01-04 15:00:00,0.014993069306930694
2017-01-04 16:00:00,0.01486138613861386
2017-01-04 17:00:00,0.014729702970297031
2017-01-04 18:00:00,0.014598019801980198
2017-01-04 19:00:00,0.014466336633663366
2017-01-04 20:00:00,0.014334653465346535
2017-01-04 21:00:00,0.014202970297029703
2017-01-04 22:00:00,0.014071287128712872
2017-01-04 23:00:00,0.013939603960396039
2017-01-05 00:00:00,0.013807920792079209
2017-01-05 01:00:00,0.013676237623762376
2017-01-05 02:00:00,0.013544554455445544
2017-01-05 03:00:00,0.013412871287128713
2017-01-05 04:00:00,0.013281188118811882
2017-01-05 05:00:00,0.01314950495049505
2017-01-05 06:00:00,0.013017821782178217
2017-01-05 07:00:00,0.012886138613861387
2017-01-05 08:00:00,0.012754455445544554
2017-01-05 09:00:00,0.012622772277227723
2017-01-05 10:00:00,0.012491089108910891
2017-01-05 11:00:00,0.01235940594059406
2017-01-05 12:00:00,0.012227722772277228
2017-01-05 13:00:00,0.012096039603960395
2017-01-05 14:00:00,0.011964356435643565
2017-01-05 15:00:00,0.011832673267326732
2017-01-05 16:00:00,0.0117009900990099
2017-01-05 17:00:00,0.01156930693069307
2017-01-05 18:00:00,0.011437623762376238
2017-01-05 19:00:00,0.011305940594059406
2017-01-05 20:00:00,0.011174257425742573
2017-01-05 21:00:00,0.011042574257425743
2017-01-05 22:00:00,0.01091089108910891
2017-01-05 23:00:00,0.010779207920792079
2017-01-06 00:00:00,0.010647524752475247
2017-01-06 01:00:00,0.010515841584158416
2017-01-06 02:00:00,0.010384158415841584
2017-01-06 03:00:00,0.010252475247524751
2017-01-06 04:00:00,0.010120792079207921
2017-01-06 05:00:00,0.009989108910891088
2017-01-06 06:00:00,0.009857425742574259
2017-01-06 07:00:00,0.009725742574257425
2017-01-06 08:00:00,0.009594059405940594
2017-01-06 09:00:00,0.009462376237623762
2017-01-06 10:00:00,0.00933069306930693
2017-01-06 11:00:00,0.0091990099009901
2017-01-06 12:00:00,0.009067326732673266
2017-01-06 13:00:00,0.008935643564356435
2017-01-06 14:00:00,0.008803960396039603
2017-01-06 15:00:00,0.008672277227722772
2017-01-06 16:00:00,0.00854059405940594
2017-01-06 17:00:00,0.008408910891089109
2017-01-06 18:00:00,0.008277227722772278
2017-01-06 19:00:00,0.008145544554455444
2017-01-06 20:00:00,0.008013861386138613
2017-01-06 21:00:00,0.007882178217821782
2017-01-06 22:00:00,0.00775049504950495
2017-01-06 23:00:00,0.007618811881188119
2017-01-07 00:00:00,0.007487128712871287
2017-01-07 01:00:00,0.007355445544554456
2017-01-07 02:00:00,0.0072237623762376225
2017-01-07 03:00:00,0.007092079207920791
2017-01-07 04:00:00,0.00696039603960396
2017-01-07 05:00:00,0.006828712871287128
2017-01-07 06:00:00,0.006697029702970297
2017-01-07 07:00:00,0.006565346534653465
2017-01-07 08:00:00,0.006433663366336634
2017-01-07 09:00:00,0.006301980198019801
2017-01-07 10:00:00,0.006170297029702969
2017-01-07 11:00:00,0.006038613861386138
2017-01-07 12:00:00,0.005906930693069306
2017-01-07 13:00:00,0.005775247524752475
2017-01-07 14:00:00,0.005643564356435643
2017-01-07 15:00:00,0.005511881188118812
2017-01-07 16:00:00,0.005380198019801979
2017-01-07 17:00:00,0.005248514851485147
2017-01-07 18:00:00,0.005116831683168316
2017-01-07 19:00:00,0.004985148514851484
2017-01-07 20:00:00,0.004853465346534653
2017-01-07 21:00:00,0.0047217821782178215
2017-01-07 22:00:00,0.00459009900990099
2017-01-07 23:00:00,0.004458415841584157
2017-01-08 00:00:00,0.004326732673267325
2017-01-08 01:00:00,0.004195049504950494
2017-01-08 02:00:00,0.0040633663366336625
2017-01-08 03:00:00,0.003931683168316831
2017-01-08 04:00:00,0.0038
2017-01-08 05:00:00,0.0055
2017-01-08 06:00:00,0.0091
2017-01-08 07:00:00,0.0142
2017-01-08 08:00:00,0.0219
2017-01-08 09:00:00,0.0285
2017-01-08 10:00:00,0.0315
2017-01-08 11:00:00,0.0399
2017-01-08 12:00:00,0.0426
2017-01-08 13:00:00,0.0461
2017-01-08 14:00:00,0.0428
2017-01-08 15:00:00,0.0451
2017-01-08 16:00:00,0.0453
2017-01-08 17:00:00,0.0444
2017-01-08 18:00:00,0.0415
2017-01-08 19:00:00,0.0373
2017-01-08 20:00:00,0.034
2017-01-08 21:00:00,0.0305
2017-01-08 22:00:00,0.0286
2017-01-08 23:00:00,0.0234
2017-01-09 00:00:00,0.0184
2017-01-09 01:00:00,0.0133
2017-01-09 02:00:00,0.0069
2017-01-09 03:00:00,0.0049
2017-01-09 04:00:00,0.003
2017-01-09 05:00:00,0.0026
2017-01-09 06:00:00,0.0049
2017-01-09 07:00:00,0.0076
2017-01-09 08:00:00,0.0129
2017-01-09 09:00:00,0.0152
2017-01-09 10:00:00,0.0166
2017-01-09 11:00:00,0.0237
2017-01-09 12:00:00,0.0296
2017-01-09 13:00:00,0.0343
2017-01-09 14:00:00,0.0338
2017-01-09 15:00:00,0.0344
2017-01-09 16:00:00,0.0374
2017-01-09 17:00:00,0.0417
2017-01-09 18:00:00,0.0393
2017-01-09 19:00:00,0.0322
2017-01-09 20:00:00,0.0286
2017-01-09 21:00:00,0.0254
2017-01-09 22:00:00,0.0214
2017-01-09 23:00:00,0.015
2017-01-10 00:00:00,0.0106
2017-01-10 01:00:00,0.0067
2017-01-10 02:00:00,0.0037
2017-01-10 03:00:00,0.0035
2017-01-10 04:00:00,0.0041
2017-01-10 05:00:00,0.0076
2017-01-10 06:00:00,0.0158
2017-01-10 07:00:00,0.0261
2017-01-10 08:00:00,0.0334
2017-01-10 09:00:00,0.0378
2017-01-10 10:00:00,0.0337
2017-01-10 11:00:00,0.033
2017-01-10 12:00:00,0.0422
2017-01-10 13:00:00,0.045
2017-01-10 14:00:00,0.0464
2017-01-10 15:00:00,0.0452
2017-01-10 16:00:00,0.0486
2017-01-10 17:00:00,0.0502
2017-01-10 18:00:00,0.0503
2017-01-10 19:00:00,0.0439
2017-01-10 20:00:00,0.037
2017-01-10 21:00:00,0.03
2017-01-10 22:00:00,0.0261
2017-01-10 23:00:00,0.0185
2017-01-11 00:00:00,0.0125
2017-01-11 01:00:00,0.0078
2017-01-11 02:00:00,0.0041
2017-01-11 03:00:00,0.0038
2017-01-11 04:00:00,0.0037
2017-01-11 05:00:00,0.0085
2017-01-11 06:00:00,0.0156
2017-01-11 07:00:00,0.0281
2017-01-11 08:00:00,0.0334
2017-01-11 09:00:00,0.0369
2017-01-11 10:00:00,0.0364
2017-01-11 11:00:00,0.0401
2017-01-11 12:00:00,0.0444
2017-01-11 13:00:00,0.045
2017-01-11 14:00:00,0.0441
2017-01-11 15:00:00,0.0455
2017-01-11 16:00:00,0.0538
2017-01-11 17:00:00,0.0479
2017-01-11 18:00:00,0.051
2017-01-11 19:00:00,0.0479
2017-01-11 20:00:00,0.04
2017-01-11 21:00:00,0.0367
2017-01-11 22:00:00,0.0285
2017-01-11 23:00:00,0.0176
2017-01-12 00:00:00,0.0121
2017-01-12 01:00:00,0.0091
2017-01-12 02:00:00,0.0062
2017-01-12 03:00:00,0.0046
2017-01-12 04:00:00,0.0047
2017-01-12 05:00:00,0.0081
2017-01-12 06:00:00,0.017
2017-01-12 07:00:00,0.0276
2017-01-12 08:00:00,0.0345
2017-01-12 09:00:00,0.0387
2017-01-12 10:00:00,0.0377
2017-01-12 11:00:00,0.0376
2017-01-12 12:00:00,0.0424
2017-01-12 13:00:00,0.0477
2017-01-12 14:00:00,0.0458
2017-01-12 15:00:00,0.0489
2017-01-12 16:00:00,0.0511
2017-01-12 17:00:00,0.0493
2017-01-12 18:00:00,0.0499
2017-01-12 19:00:00,0.0463
2017-01-12 20:00:00,0.0393
2017-01-12 21:00:00,0.0355
2017-01-12 22:00:00,0.0321
2017-01-12 23:00:00,0.0213
2017-01-13 00:00:00,0.0166
2017-01-13 01:00:00,0.0103
2017-01-13 02:00:00,0.0059
2017-01-13 03:00:00,0.0042
2017-01-13 04:00:00,0.0048
2017-01-13 05:00:00,0.008
2017-01-13 06:00:00,0.0181
2017-01-13 07:00:00,0.027
2017-01-13 08:00:00,0.0334
2017-01-13 09:00:00,0.0391
2017-01-13 10:00:00,0.0383
2017-01-13 11:00:00,0.0384
2017-01-13 12:00:00,0.038479207920792076
2017-01-13 13:00:00,0.038558415841584155
2017-01-13 14:00:00,0.038637623762376234
2017-01-13 15:00:00,0.038716831683168314
2017-01-13 16:00:00,0.03879603960396039
2017-01-13 17:00:00,0.03887524752475247
2017-01-13 18:00:00,0.03895445544554455
2017-01-13 19:00:00,0.03903366336633663
2017-01-13 20:00:00,0.03911287128712871
2017-01-13 21:00:00,0.03919207920792079
2017-01-13 22:00:00,0.03927128712871287
2017-01-13 23:00:00,0.03935049504950495
2017-01-14 00:00:00,0.03942970297029703
2017-01-14 01:00:00,0.03950891089108911
2017-01-14 02:00:00,0.039588118811881186
2017-01-14 03:00:00,0.039667326732673265
2017-01-14 04:00:00,0.039746534653465344
2017-01-14 05:00:00,0.039825742574257424
2017-01-14 06:00:00,0.0399049504950495
2017-01-14 07:00:00,0.03998415841584158
2017-01-14 08:00:00,0.04006336633663366
2017-01-14 09:00:00,0.04014257425742574
2017-01-14 10:00:00,0.04022178217821782
2017-01-14 11:00:00,0.0403009900990099
2017-01-14 12:00:00,0.04038019801980198
2017-01-14 13:00:00,0.04045940594059406
2017-01-14 14:00:00,0.04053861386138614
2017-01-14 15:00:00,0.040617821782178216
2017-01-14 16:00:00,0.040697029702970296
2017-01-14 17:00:00,0.040776237623762375
2017-01-14 18:00:00,0.040855445544554454
2017-01-14 19:00:00,0.040934653465346534
2017-01-14 20:00:00,0.04101386138613861
2017-01-14 21:00:00,0.04109306930693069
2017-01-14 22:00:00,0.04117227722772277
2017-01-14 23:00:00,0.04125148514851485
2017-01-15 00:00:00,0.04133069306930693
2017-01-15 01:00:00,0.04140990099009901
2017-01-15 02:00:00,0.04148910891089109
2017-01-15 03:00:00,0.04156831683168317
2017-01-15 04:00:00,0.04164752475247525
2017-01-15 05:00:00,0.041726732673267326
2017-01-15 06:00:00,0.041805940594059406
2017-01-15 07:00:00,0.041885148514851485
2017-01-15 08:00:00,0.041964356435643564
2017-01-15 09:00:00,0.04204356435643564
2017-01-15 10:00:00,0.04212277227722772
2017-01-15 11:00:00,0.042201980198019795
2017-01-15 12:00:00,0.042281188118811874
2017-01-15 13:00:00,0.042360396039603954
2017-01-15 14:00:00,0.04243960396039603
2017-01-15 15:00:00,0.04251881188118811
2017-01-15 16:00:00,0.04259801980198019
2017-01-15 17:00:00,0.04267722772277227
2017-01-15 18:00:00,0.04275643564356435
2017-01-15 19:00:00,0.04283564356435643
2017-01-15 20:00:00,0.04291485148514851
2017-01-15 21:00:00,0.04299405940594059
2017-01-15 22:00:00,0.04307326732673267
2017-01-15 23:00:00,0.043152475247524746
2017-01-16 00:00:00,0.043231683168316826
2017-01-16 01:00:00,0.043310891089108905
2017-01-16 02:00:00,0.043390099009900984
2017-01-16 03:00:00,0.043469306930693064
2017-01-16 04:00:00,0.04354851485148514
2017-01-16 05:00:00,0.04362772277227722
2017-01-16 06:00:00,0.0437069306930693
2017-01-16 07:00:00,0.04378613861386138
2017-01-16 08:00:00,0.04386534653465346
2017-01-16 09:00:00,0.04394455445544554
2017-01-16 10:00:00,0.04402376237623762
2017-01-16 11:00:00,0.0441029702970297
2017-01-16 12:00:00,0.04418217821782178
2017-01-16 13:00:00,0.044261386138613856
2017-01-16 14:00:00,0.044340594059405936
2017-01-16 15:00:00,0.044419801980198015
2017-01-16 16:00:00,0.044499009900990094
2017-01-16 17:00:00,0.04457821782178217
2017-01-16 18:00:00,0.04465742574257425
2017-01-16 19:00:00,0.04473663366336633
2017-01-16 20:00:00,0.04481584158415841
2017-01-16 21:00:00,0.04489504950495049
2017-01-16 22:00:00,0.04497425742574257
2017-01-16 23:00:00,0.04505346534653465
2017-01-17 00:00:00,0.04513267326732673
2017-01-17 01:00:00,0.04521188118811881
2017-01-17 02:00:00,0.04529108910891089
2017-01-17 03:00:00,0.045370297029702966
2017-01-17 04:00:00,0.045449504950495045
2017-01-17 05:00:00,0.045528712871287125
2017-01-17 06:00:00,0.045607920792079204
2017-01-17 07:00:00,0.04568712871287128
2017-01-17 08:00:00,0.04576633663366336
2017-01-17 09:00:00,0.04584554455445544
2017-01-17 10:00:00,0.04592475247524752
2017-01-17 11:00:00,0.0460039603960396
2017-01-17 12:00:00,0.04608316831683168
2017-01-17 13:00:00,0.04616237623762376
2017-01-17 14:00:00,0.04624158415841584
2017-01-17 15:00:00,0.04632079207920792
2017-01-17 16:00:00,0.0464
2017-01-17 17:00:00,0.0524
2017-01-17 18:00:00,0.0495
2017-01-17 19:00:00,0.0452
2017-01-17 20:00:00,0.0396
2017-01-17 21:00:00,0.0308
2017-01-17 22:00:00,0.0258
2017-01-17 23:00:00,0.0164
2017-01-18 00:00:00,0.012
2017-01-18 01:00:00,0.0075
2017-01-18 02:00:00,0.0046
2017-01-18 03:00:00,0.0039
2017-01-18 04:00:00,0.0052
2017-01-18 05:00:00,0.0079
2017-01-18 06:00:00,0.0145
2017-01-18 07:00:00,0.0269
2017-01-18 08:00:00,0.035
2017-01-18 09:00:00,0.0365
2017-01-18 10:00:00,0.0361
2017-01-18 11:00:00,0.0383
2017-01-18 12:00:00,0.0413
2017-01-18 13:00:00,0.0465
2017-01-18 14:00:00,0.0443
2017-01-18 15:00:00,0.0485
2017-01-18 16:00:00,0.0441
2017-01-18 17:00:00,0.0399
2017-01-18 18:00:00,0.0512
2017-01-18 19:00:00,0.0463
2017-01-18 20:00:00,0.0406
2017-01-18 21:00:00,0.0366
2017-01-18 22:00:00,0.0281
2017-01-18 23:00:00,0.0233
2017-01-19 00:00:00,0.0158
2017-01-19 01:00:00,0.0091
2017-01-19 02:00:00,0.0054
2017-01-19 03:00:00,0.0035
2017-01-19 04:00:00,0.0038
2017-01-19 05:00:00,0.008
2017-01-19 06:00:00,0.0155
2017-01-19 07:00:00,0.0254
2017-01-19 08:00:00,0.0328
2017-01-19 09:00:00,0.0385
2017-01-19 10:00:00,0.0356
2017-01-19 11:00:00,0.0376
2017-01-19 12:00:00,0.0454
2017-01-19 13:00:00,0.0467
2017-01-19 14:00:00,0.0446
2017-01-19 15:00:00,0.0463
2017-01-19 16:00:00,0.0517
2017-01-19 17:00:00,0.0481
2017-01-19 18:00:00,0.0499
2017-01-19 19:00:00,0.049557425742574254
2017-01-19 20:00:00,0.049214851485148516
2017-01-19 21:00:00,0.04887227722772277
2017-01-19 22:00:00,0.04852970297029703
2017-01-19 23:00:00,0.048187128712871286
2017-01-20 00:00:00,0.04784455445544555
2017-01-20 01:00:00,0.0475019801980198
2017-01-20 02:00:00,0.04715940594059406
2017-01-20 03:00:00,0.04681683168316832
2017-01-20 04:00:00,0.04647425742574257
2017-01-20 05:00:00,0.04613168316831683
2017-01-20 06:00:00,0.04578910891089109
2017-01-20 07:00:00,0.04544653465346535
2017-01-20 08:00:00,0.0451039603960396
2017-01-20 09:00:00,0.044761386138613864
2017-01-20 10:00:00,0.04441881188118812
2017-01-20 11:00:00,0.04407623762376238
2017-01-20 12:00:00,0.043733663366336634
2017-01-20 13:00:00,0.04339108910891089
2017-01-20 14:00:00,0.04304851485148515
2017-01-20 15:00:00,0.042705940594059404
2017-01-20 16:00:00,0.042363366336633665
2017-01-20 17:00:00,0.04202079207920792
2017-01-20 18:00:00,0.04167821782178218
2017-01-20 19:00:00,0.041335643564356435
2017-01-20 20:00:00,0.040993069306930696
2017-01-20 21:00:00,0.04065049504950495
2017-01-20 22:00:00,0.040307920792079205
2017-01-20 23:00:00,0.039965346534653466
2017-01-21 00:00:00,0.03962277227722772
2017-01-21 01:00:00,0.03928019801980198
2017-01-21 02:00:00,0.038937623762376236
2017-01-21 03:00:00,0.0385950495049505
2017-01-21 04:00:00,0.03825247524752475
2017-01-21 05:00:00,0.03790990099009901
2017-01-21 06:00:00,0.03756732673267327
2017-01-21 07:00:00,0.03722475247524752
2017-01-21 08:00:00,0.03688217821782178
2017-01-21 09:00:00,0.03653960396039604
2017-01-21 10:00:00,0.0361970297029703
2017-01-21 11:00:00,0.03585445544554455
2017-01-21 12:00:00,0.035511881188118814
2017-01-21 13:00:00,0.03516930693069307
2017-01-21 14:00:00,0.03482673267326733
2017-01-21 15:00:00,0.034484158415841584
2017-01-21 16:00:00,0.03414158415841584
2017-01-21 17:00:00,0.0337990099009901
2017-01-21 18:00:00,0.03345643564356436
2017-01-21 19:00:00,0.033113861386138616
2017-01-21 20:00:00,0.03277128712871287
2017-01-21 21:00:00,0.032428712871287124
2017-01-21 22:00:00,0.032086138613861385
2017-01-21 23:00:00,0.03174356435643565
2017-01-22 00:00:00,0.0314009900990099
2017-01-22 01:00:00,0.03105841584158416
2017-01-22 02:00:00,0.030715841584158417
2017-01-22 03:00:00,0.030373267326732675
2017-01-22 04:00:00,0.030030693069306932
2017-01-22 05:00:00,0.02968811881188119
2017-01-22 06:00:00,0.029345544554455445
2017-01-22 07:00:00,0.029002970297029702
2017-01-22 08:00:00,0.02866039603960396
2017-01-22 09:00:00,0.028317821782178218
2017-01-22 10:00:00,0.027975247524752476
2017-01-22 11:00:00,0.027632673267326734
2017-01-22 12:00:00,0.02729009900990099
2017-01-22 13:00:00,0.02694752475247525
2017-01-22 14:00:00,0.026604950495049507
2017-01-22 15:00:00,0.02626237623762376
2017-01-22 16:00:00,0.02591980198019802
2017-01-22 17:00:00,0.025577227722772277
2017-01-22 18:00:00,0.025234653465346535
2017-01-22 19:00:00,0.024892079207920793
2017-01-22 20:00:00,0.02454950495049505
2017-01-22 21:00:00,0.02420693069306931
2017-01-22 22:00:00,0.023864356435643566
2017-01-22 23:00:00,0.023521782178217824
2017-01-23 00:00:00,0.02317920792079208
2017-01-23 01:00:00,0.022836633663366336
2017-01-23 02:00:00,0.022494059405940594
2017-01-23 03:00:00,0.02215148514851485
2017-01-23 04:00:00,0.02180891089108911
2017-01-23 05:00:00,0.021466336633663367
2017-01-23 06:00:00,0.021123762376237625
2017-01-23 07:00:00,0.020781188118811883
2017-01-23 08:00:00,0.02043861386138614
2017-01-23 09:00:00,0.020096039603960395
2017-01-23 10:00:00,0.019753465346534653
2017-01-23 11:00:00,0.01941089108910891
2017-01-23 12:00:00,0.01906831683168317
2017-01-23 13:00:00,0.018725742574257426
2017-01-23 14:00:00,0.018383168316831684
2017-01-23 15:00:00,0.01804059405940594
2017-01-23 16:00:00,0.0176980198019802
2017-01-23 17:00:00,0.017355445544554454
2017-01-23 18:00:00,0.017012871287128715
2017-01-23 19:00:00,0.01667029702970297
2017-01-23 20:00:00,0.01632772277227723
2017-01-23 21:00:00,0.015985148514851485
2017-01-23 22:00:00,0.015642574257425747
2017-01-23 23:00:00,0.0153
2017-01-24 00:00:00,0.0117
2017-01-24 01:00:00,0.0069
2017-01-24 02:00:00,0.0041
2017-01-24 03:00:00,0.0035
2017-01-24 04:00:00,0.0034
2017-01-24 05:00:00,0.0072
2017-01-24 06:00:00,0.0137
2017-01-24 07:00:00,0.0246
2017-01-24 08:00:00,0.0361
2017-01-24 09:00:00,0.0322
2017-01-24 10:00:00,0.0339
2017-01-24 11:00:00,0.0381
2017-01-24 12:00:00,0.0448
2017-01-24 13:00:00,0.0449
2017-01-24 14:00:00,0.04493663366336634
2017-01-24 15:00:00,0.04497326732673267
2017-01-24 16:00:00,0.045009900990099015
2017-01-24 17:00:00,0.04504653465346535
2017-01-24 18:00:00,0.045083168316831686
2017-01-24 19:00:00,0.04511980198019802
2017-01-24 20:00:00,0.045156435643564356
2017-01-24 21:00:00,0.0451930693069307
2017-01-24 22:00:00,0.045229702970297034
2017-01-24 23:00:00,0.04526633663366337
2017-01-25 00:00:00,0.045302970297029704
2017-01-25 01:00:00,0.04533960396039604
2017-01-25 02:00:00,0.045376237623762375
2017-01-25 03:00:00,0.04541287128712872
2017-01-25 04:00:00,0.04544950495049505
2017-01-25 05:00:00,0.04548613861386139
2017-01-25 06:00:00,0.04552277227722772
2017-01-25 07:00:00,0.04555940594059406
2017-01-25 08:00:00,0.0455960396039604
2017-01-25 09:00:00,0.045632673267326736
2017-01-25 10:00:00,0.04566930693069307
2017-01-25 11:00:00,0.045705940594059406
2017-01-25 12:00:00,0.04574257425742574
2017-01-25 13:00:00,0.045779207920792084
2017-01-25 14:00:00,0.04581584158415842
2017-01-25 15:00:00,0.045852475247524754
2017-01-25 16:00:00,0.04588910891089109
2017-01-25 17:00:00,0.045925742574257425
2017-01-25 18:00:00,0.04596237623762376
2017-01-25 19:00:00,0.0459990099009901
2017-01-25 20:00:00,0.04603564356435644
2017-01-25 21:00:00,0.04607227722772277
2017-01-25 22:00:00,0.04610891089108911
2017-01-25 23:00:00,0.046145544554455444
2017-01-26 00:00:00,0.046182178217821786
2017-01-26 01:00:00,0.04621881188118812
2017-01-26 02:00:00,0.046255445544554456
2017-01-26 03:00:00,0.04629207920792079
2017-01-26 04:00:00,0.04632871287128713
2017-01-26 05:00:00,0.04636534653465347
2017-01-26 06:00:00,0.046401980198019804
2017-01-26 07:00:00,0.04643861386138614
2017-01-26 08:00:00,0.046475247524752475
2017-01-26 09:00:00,0.04651188118811881
2017-01-26 10:00:00,0.046548514851485145
2017-01-26 11:00:00,0.04658514851485149
2017-01-26 12:00:00,0.04662178217821782
2017-01-26 13:00:00,0.04665841584158416
2017-01-26 14:00:00,0.046695049504950494
2017-01-26 15:00:00,0.04673168316831683
2017-01-26 16:00:00,0.04676831683168317
2017-01-26 17:00:00,0.046804950495049506
2017-01-26 18:00:00,0.04684158415841584
2017-01-26 19:00:00,0.04687821782178218
2017-01-26 20:00:00,0.04691485148514851
2017-01-26 21:00:00,0.046951485148514854
2017-01-26 22:00:00,0.04698811881188119
2017-01-26 23:00:00,0.047024752475247525
2017-01-27 00:00:00,0.04706138613861386
2017-01-27 01:00:00,0.047098019801980195
2017-01-27 02:00:00,0.04713465346534654
2017-01-27 03:00:00,0.04717128712871287
2017-01-27 04:00:00,0.04720792079207921
2017-01-27 05:00:00,0.047244554455445543
2017-01-27 06:00:00,0.04728118811881188
2017-01-27 07:00:00,0.047317821782178214
2017-01-27 08:00:00,0.047354455445544556
2017-01-27 09:00:00,0.04739108910891089
2017-01-27 10:00:00,0.04742772277227723
2017-01-27 11:00:00,0.04746435643564356
2017-01-27 12:00:00,0.0475009900990099
2017-01-27 13:00:00,0.04753762376237624
2017-01-27 14:00:00,0.047574257425742575
2017-01-27 15:00:00,0.04761089108910891
2017-01-27 16:00:00,0.047647524752475245
2017-01-27 17:00:00,0.04768415841584158
2017-01-27 18:00:00,0.047720792079207916
2017-01-27 19:00:00,0.04775742574257426
2017-01-27 20:00:00,0.047794059405940593
2017-01-27 21:00:00,0.04783069306930693
2017-01-27 22:00:00,0.047867326732673264
2017-01-27 23:00:00,0.0479039603960396
2017-01-28 00:00:00,0.04794059405940594
2017-01-28 01:00:00,0.04797722772277228
2017-01-28 02:00:00,0.04801386138613861
2017-01-28 03:00:00,0.04805049504950495
2017-01-28 04:00:00,0.04808712871287128
2017-01-28 05:00:00,0.048123762376237625
2017-01-28 06:00:00,0.04816039603960396
2017-01-28 07:00:00,0.048197029702970295
2017-01-28 08:00:00,0.04823366336633663
2017-01-28 09:00:00,0.048270297029702966
2017-01-28 10:00:00,0.04830693069306931
2017-01-28 11:00:00,0.048343564356435643
2017-01-28 12:00:00,0.04838019801980198
2017-01-28 13:00:00,0.048416831683168314
2017-01-28 14:00:00,0.04845346534653465
2017-01-28 15:00:00,0.04849009900990099
2017-01-28 16:00:00,0.04852673267326733
2017-01-28 17:00:00,0.04856336633663366
2017-01-28 18:00:00,0.0486
2017-01-28 19:00:00,0.0471
2017-01-28 20:00:00,0.0421
2017-01-28 21:00:00,0.0364
2017-01-28 22:00:00,0.0341
2017-01-28 23:00:00,0.0234
2017-01-29 00:00:00,0.0191
2017-01-29 01:00:00,0.0132
2017-01-29 02:00:00,0.0073
2017-01-29 03:00:00,0.0049
2017-01-29 04:00:00,0.0047
2017-01-29 05:00:00,0.0055
2017-01-29 06:00:00,0.0083
2017-01-29 07:00:00,0.0145
2017-01-29 08:00:00,0.0209
2017-01-29 09:00:00,0.0259
2017-01-29 10:00:00,0.032
2017-01-29 11:00:00,0.0371
2017-01-29 12:00:00,0.0427
2017-01-29 13:00:00,0.0435
2017-01-29 14:00:00,0.0446
2017-01-29 15:00:00,0.0417
2017-01-29 16:00:00,0.0421
2017-01-29 17:00:00,0.0436
2017-01-29 18:00:00,0.0414
2017-01-29 19:00:00,0.0412
2017-01-29 20:00:00,0.0331
2017-01-29 21:00:00,0.0302
2017-01-29 22:00:00,0.0282
2017-01-29 23:00:00,0.0234
2017-01-30 00:00:00,0.0191
2017-01-30 01:00:00,0.0117
2017-01-30 02:00:00,0.0073
2017-01-30 03:00:00,0.0046
2017-01-30 04:00:00,0.0048
2017-01-30 05:00:00,0.0031
2017-01-30 06:00:00,0.0059
2017-01-30 07:00:00,0.007
2017-01-30 08:00:00,0.0114
2017-01-30 09:00:00,0.0167
2017-01-30 10:00:00,0.023
2017-01-30 11:00:00,0.0294
2017-01-30 12:00:00,0.0349
2017-01-30 13:00:00,0.0413
2017-01-30 14:00:00,0.0397
2017-01-30 15:00:00,0.0399
2017-01-30 16:00:00,0.0374
2017-01-30 17:00:00,0.0368
2017-01-30 18:00:00,0.0376
2017-01-30 19:00:00,0.0342
2017-01-30 20:00:00,0.0314
2017-01-30 21:00:00,0.028
2017-01-30 22:00:00,0.0221
2017-01-30 23:00:00,0.0156
2017-01-31 00:00:00,0.0101
2017-01-31 01:00:00,0.0071
2017-01-31 02:00:00,0.0046
2017-01-31 03:00:00,0.003
2017-01-31 04:00:00,0.004
2017-01-31 05:00:00,0.0072
2017-01-31 06:00:00,0.0144
2017-01-31 07:00:00,0.0254
2017-01-31 08:00:00,0.0337
2017-01-31 09:00:00,0.0336
2017-01-31 10:00:00,0.0329
2017-01-31 11:00:00,0.0347
2017-01-31 12:00:00,0.0407
2017-01-31 13:00:00,0.0438
2017-01-31 14:00:00,0.046
2017-01-31 15:00:00,0.0479
2017-01-31 16:00:00,0.0515
2017-01-31 17:00:00,0.0478
2017-01-31 18:00:00,0.0484
2017-01-31 19:00:00,0.0443
2017-01-31 20:00:00,0.0398
2017-01-31 21:00:00,0.0302
2017-01-31 22:00:00,0.0239
2017-01-31 23:00:00,0.0166
2017-02-01 00:00:00,0.0122
2017-02-01 01:00:00,0.0085
2017-02-01 02:00:00,0.0057
2017-02-01 03:00:00,0.0038
2017-02-01 04:00:00,0.0045
2017-02-01 05:00:00,0.0079
2017-02-01 06:00:00,0.0156
2017-02-01 07:00:00,0.0262
2017-02-01 08:00:00,0.0372
2017-02-01 09:00:00,0.0332
2017-02-01 10:00:00,0.0333
2017-02-01 11:00:00,0.0363
2017-02-01 12:00:00,0.0432
2017-02-01 13:00:00,0.0469
2017-02-01 14:00:00,0.0489
2017-02-01 15:00:00,0.0524
2017-02-01 16:00:00,0.0539
2017-02-01 17:00:00,0.0487
2017-02-01 18:00:00,0.0494
2017-02-01 19:00:00,0.0445
2017-02-01 20:00:00,0.0412
2017-02-01 21:00:00,0.0327
2017-02-01 22:00:00,0.0274
2017-02-01 23:00:00,0.0188
2017-02-02 00:00:00,0.0149
2017-02-02 01:00:00,0.0083
2017-02-02 02:00:00,0.0053
2017-02-02 03:00:00,0.0039
2017-02-02 04:00:00,0.0042
2017-02-02 05:00:00,0.009
2017-02-02 06:00:00,0.0148
2017-02-02 07:00:00,0.0263
2017-02-02 08:00:00,0.0361
2017-02-02 09:00:00,0.0354
2017-02-02 10:00:00,0.0384
2017-02-02 11:00:00,0.0368
2017-02-02 12:00:00,0.0427
2017-02-02 13:00:00,0.0475
2017-02-02 14:00:00,0.046
2017-02-02 15:00:00,0.0489
2017-02-02 16:00:00,0.0513
2017-02-02 17:00:00,0.0512
2017-02-02 18:00:00,0.0513
2017-02-02 19:00:00,0.0451
2017-02-02 20:00:00,0.0408
2017-02-02 21:00:00,0.0363
2017-02-02 22:00:00,0.0287
2017-02-02 23:00:00,0.0194
2017-02-03 00:00:00,0.0128
2017-02-03 01:00:00,0.0097
2017-02-03 02:00:00,0.0051
2017-02-03 03:00:00,0.0038
2017-02-03 04:00:00,0.0045
2017-02-03 05:00:00,0.0088
2017-02-03 06:00:00,0.0165
2017-02-03 07:00:00,0.0255
2017-02-03 08:00:00,0.037
2017-02-03 09:00:00,0.0324
2017-02-03 10:00:00,0.0373
2017-02-03 11:00:00,0.0375
2017-02-03 12:00:00,0.0449
2017-02-03 13:00:00,0.0472
2017-02-03 14:00:00,0.0479
2017-02-03 15:00:00,0.051
2017-02-03 16:00:00,0.0505
2017-02-03 17:00:00,0.0509
2017-02-03 18:00:00,0.0529
2017-02-03 19:00:00,0.0424
2017-02-03 20:00:00,0.0425
2017-02-03 21:00:00,0.0346
2017-02-03 22:00:00,0.0266
2017-02-03 23:00:00,0.0183
2017-02-04 00:00:00,0.0138
2017-02-04 01:00:00,0.0066
2017-02-04 02:00:00,0.0048
2017-02-04 03:00:00,0.0043
2017-02-04 04:00:00,0.0045
2017-02-04 05:00:00,0.0082
2017-02-04 06:00:00,0.0158
2017-02-04 07:00:00,0.0242
2017-02-04 08:00:00,0.0359
2017-02-04 09:00:00,0.0336
2017-02-04 10:00:00,0.0356
2017-02-04 11:00:00,0.0384
2017-02-04 12:00:00,0.0422
2017-02-04 13:00:00,0.0471
2017-02-04 14:00:00,0.0478
2017-02-04 15:00:00,0.0517
2017-02-04 16:00:00,0.0484
2017-02-04 17:00:00,0.0512
2017-02-04 18:00:00,0.0479
2017-02-04 19:00:00,0.0496
2017-02-04 20:00:00,0.0423
2017-02-04 21:00:00,0.0395
2017-02-04 22:00:00,0.0331
2017-02-04 23:00:00,0.0253
2017-02-05 00:00:00,0.0211
2017-02-05 01:00:00,0.0129
2017-02-05 02:00:00,0.0082
2017-02-05 03:00:00,0.0056
2017-02-05 04:00:00,0.0041
2017-02-05 05:00:00,0.0059
2017-02-05 06:00:00,0.0084
2017-02-05 07:00:00,0.0145
2017-02-05 08:00:00,0.0204
2017-02-05 09:00:00,0.0254
2017-02-05 10:00:00,0.026
2017-02-05 11:00:00,0.0382
2017-02-05 12:00:00,0.0428
2017-02-05 13:00:00,0.0439
2017-02-05 14:00:00,0.0452
2017-02-05 15:00:00,0.0442
2017-02-05 16:00:00,0.0426
2017-02-05 17:00:00,0.0452
2017-02-05 18:00:00,0.0415
2017-02-05 19:00:00,0.0403
2017-02-05 20:00:00,0.0326
2017-02-05 21:00:00,0.0288
2017-02-05 22:00:00,0.0275
2017-02-05 23:00:00,0.0249
2017-02-06 00:00:00,0.0192
2017-02-06 01:00:00,0.0118
2017-02-06 02:00:00,0.0069
2017-02-06 03:00:00,0.005
2017-02-06 04:00:00,0.0047
2017-02-06 05:00:00,0.0032
2017-02-06 06:00:00,0.004
2017-02-06 07:00:00,0.0073
2017-02-06 08:00:00,0.0128
2017-02-06 09:00:00,0.0181
2017-02-06 10:00:00,0.024
2017-02-06 11:00:00,0.0333
2017-02-06 12:00:00,0.0353
2017-02-06 13:00:00,0.0388
2017-02-06 14:00:00,0.0396
2017-02-06 15:00:00,0.0395
2017-02-06 16:00:00,0.0394
2017-02-06 17:00:00,0.0391
2017-02-06 18:00:00,0.0385
2017-02-06 19:00:00,0.0348
2017-02-06 20:00:00,0.0271
2017-02-06 21:00:00,0.0162
2017-02-06 22:00:00,0.0173
2017-02-06 23:00:00,0.0103
2017-02-07 00:00:00,0.0065
2017-02-07 01:00:00,0.0072
2017-02-07 02:00:00,0.0054
2017-02-07 03:00:00,0.0029
2017-02-07 04:00:00,0.0032
2017-02-07 05:00:00,0.0069
2017-02-07 06:00:00,0.014
2017-02-07 07:00:00,0.0246
2017-02-07 08:00:00,0.0345
2017-02-07 09:00:00,0.0337
2017-02-07 10:00:00,0.0319
2017-02-07 11:00:00,0.0369
2017-02-07 12:00:00,0.0443
2017-02-07 13:00:00,0.0505
2017-02-07 14:00:00,0.0511
2017-02-07 15:00:00,0.0484
2017-02-07 16:00:00,0.0535
2017-02-07 17:00:00,0.0525
2017-02-07 18:00:00,0.0514
2017-02-07 19:00:00,0.0468
2017-02-07 20:00:00,0.0422
2017-02-07 21:00:00,0.0315
2017-02-07 22:00:00,0.0243
2017-02-07 23:00:00,0.0167
2017-02-08 00:00:00,0.0108
2017-02-08 01:00:00,0.0072
2017-02-08 02:00:00,0.005
2017-02-08 03:00:00,0.0042
2017-02-08 04:00:00,0.0044
2017-02-08 05:00:00,0.0081
2017-02-08 06:00:00,0.0171
2017-02-08 07:00:00,0.0257
2017-02-08 08:00:00,0.0373
2017-02-08 09:00:00,0.0374
2017-02-08 10:00:00,0.0352
2017-02-08 11:00:00,0.0361
2017-02-08 12:00:00,0.0406
2017-02-08 13:00:00,0.047
2017-02-08 14:00:00,0.0459
2017-02-08 15:00:00,0.051
2017-02-08 16:00:00,0.0564
2017-02-08 17:00:00,0.0495
2017-02-08 18:00:00,0.0508
2017-02-08 19:00:00,0.0455
2017-02-08 20:00:00,0.0422
2017-02-08 21:00:00,0.0328
2017-02-08 22:00:00,0.0267
2017-02-08 23:00:00,0.0181
2017-02-09 00:00:00,0.0128
2017-02-09 01:00:00,0.0099
2017-02-09 02:00:00,0.0057
2017-02-09 03:00:00,0.0049
2017-02-09 04:00:00,0.0042
2017-02-09 05:00:00,0.0091
2017-02-09 06:00:00,0.0153
2017-02-09 07:00:00,0.0259
2017-02-09 08:00:00,0.0374
2017-02-09 09:00:00,0.0398
2017-02-09 10:00:00,0.0343
2017-02-09 11:00:00,0.0402
2017-02-09 12:00:00,0.0443
2017-02-09 13:00:00,0.0466
2017-02-09 14:00:00,0.0479
2017-02-09 15:00:00,0.0444
2017-02-09 16:00:00,0.0512
2017-02-09 17:00:00,0.0504
2017-02-09 18:00:00,0.0498
2017-02-09 19:00:00,0.0496
2017-02-09 20:00:00,0.0436
2017-02-09 21:00:00,0.0399
2017-02-09 22:00:00,0.0316
2017-02-09 23:00:00,0.0183
2017-02-10 00:00:00,0.0131
2017-02-10 01:00:00,0.0098
2017-02-10 02:00:00,0.0055
2017-02-10 03:00:00,0.0046
2017-02-10 04:00:00,0.0039
2017-02-10 05:00:00,0.0087
2017-02-10 06:00:00,0.0157
2017-02-10 07:00:00,0.0271
2017-02-10 08:00:00,0.0349
2017-02-10 09:00:00,0.0374
2017-02-10 10:00:00,0.0331
2017-02-10 11:00:00,0.0372
2017-02-10 12:00:00,0.0429
2017-02-10 13:00:00,0.0467
2017-02-10 14:00:00,0.0477
2017-02-10 15:00:00,0.0481
2017-02-10 16:00:00,0.0516
2017-02-10 17:00:00,0.0512
2017-02-10 18:00:00,0.0509
2017-02-10 19:00:00,0.0436
2017-02-10 20:00:00,0.0389
2017-02-10 21:00:00,0.0376
2017-02-10 22:00:00,0.0282
2017-02-10 23:00:00,0.0194
2017-02-11 00:00:00,0.0165
2017-02-11 01:00:00,0.0091
2017-02-11 02:00:00,0.0067
2017-02-11 03:00:00,0.0048
2017-02-11 04:00:00,0.0057
2017-02-11 05:00:00,0.0079
2017-02-11 06:00:00,0.0163
2017-02-11 07:00:00,0.0255
2017-02-11 08:00:00,0.0394
2017-02-11 09:00:00,0.0297
2017-02-11 10:00:00,0.0234
2017-02-11 11:00:00,0.024
2017-02-11 12:00:00,0.0365
2017-02-11 13:00:00,0.0178
2017-02-11 14:00:00,0.0081
2017-02-11 15:00:00,0.0473
2017-02-11 16:00:00,0.0556
2017-02-11 17:00:00,0.0502
2017-02-11 18:00:00,0.0506
2017-02-11 19:00:00,0.0446
2017-02-11 20:00:00,0.0428
2017-02-11 21:00:00,0.0369
2017-02-11 22:00:00,0.0315
2017-02-11 23:00:00,0.0259
2017-02-12 00:00:00,0.0211
2017-02-12 01:00:00,0.0178
2017-02-12 02:00:00,0.0096
2017-02-12 03:00:00,0.0067
2017-02-12 04:00:00,0.0053
2017-02-12 05:00:00,0.0064
2017-02-12 06:00:00,0.0084
2017-02-12 07:00:00,0.0152
2017-02-12 08:00:00,0.021
2017-02-12 09:00:00,0.0292
2017-02-12 10:00:00,0.0325
2017-02-12 11:00:00,0.039
2017-02-12 12:00:00,0.0446
2017-02-12 13:00:00,0.0469
2017-02-12 14:00:00,0.045
2017-02-12 15:00:00,0.0433
2017-02-12 16:00:00,0.0442
2017-02-12 17:00:00,0.0422
2017-02-12 18:00:00,0.041
2017-02-12 19:00:00,0.0391
2017-02-12 20:00:00,0.033
2017-02-12 21:00:00,0.0313
2017-02-12 22:00:00,0.0323
2017-02-12 23:00:00,0.0247
2017-02-13 00:00:00,0.0182
2017-02-13 01:00:00,0.0132
2017-02-13 02:00:00,0.0077
2017-02-13 03:00:00,0.0052
2017-02-13 04:00:00,0.0046
2017-02-13 05:00:00,0.0031
2017-02-13 06:00:00,0.004
2017-02-13 07:00:00,0.0085
2017-02-13 08:00:00,0.0124
2017-02-13 09:00:00,0.0179
2017-02-13 10:00:00,0.0238
2017-02-13 11:00:00,0.0308
2017-02-13 12:00:00,0.036
2017-02-13 13:00:00,0.041
2017-02-13 14:00:00,0.0408
2017-02-13 15:00:00,0.0397
2017-02-13 16:00:00,0.0381
2017-02-13 17:00:00,0.0385
2017-02-13 18:00:00,0.037
2017-02-13 19:00:00,0.034
2017-02-13 20:00:00,0.0297
2017-02-13 21:00:00,0.0251
2017-02-13 22:00:00,0.021
2017-02-13 23:00:00,0.0139
2017-02-14 00:00:00,0.0097
2017-02-14 01:00:00,0.007
2017-02-14 02:00:00,0.0047
2017-02-14 03:00:00,0.0029
2017-02-14 04:00:00,0.0036
2017-02-14 05:00:00,0.0067
2017-02-14 06:00:00,0.0142
2017-02-14 07:00:00,0.0256
2017-02-14 08:00:00,0.0364
2017-02-14 09:00:00,0.0374
2017-02-14 10:00:00,0.0335
2017-02-14 11:00:00,0.0371
2017-02-14 12:00:00,0.0437
2017-02-14 13:00:00,0.0473
2017-02-14 14:00:00,0.0471
2017-02-14 15:00:00,0.0479
2017-02-14 16:00:00,0.0529
2017-02-14 17:00:00,0.0485
2017-02-14 18:00:00,0.0505
2017-02-14 19:00:00,0.0428
2017-02-14 20:00:00,0.0394
2017-02-14 21:00:00,0.0327
2017-02-14 22:00:00,0.0271
2017-02-14 23:00:00,0.0165
2017-02-15 00:00:00,0.0113
2017-02-15 01:00:00,0.0081
2017-02-15 02:00:00,0.0046
2017-02-15 03:00:00,0.0033
2017-02-15 04:00:00,0.0039
2017-02-15 05:00:00,0.0079
2017-02-15 06:00:00,0.0155
2017-02-15 07:00:00,0.0262
2017-02-15 08:00:00,0.0377
2017-02-15 09:00:00,0.0389
2017-02-15 10:00:00,0.0378
2017-02-15 11:00:00,0.0344
2017-02-15 12:00:00,0.0463
2017-02-15 13:00:00,0.0443
2017-02-15 14:00:00,0.0483
2017-02-15 15:00:00,0.0499
2017-02-15 16:00:00,0.0533
2017-02-15 17:00:00,0.0463
2017-02-15 18:00:00,0.047
2017-02-15 19:00:00,0.0477
2017-02-15 20:00:00,0.0449
2017-02-15 21:00:00,0.0365
2017-02-15 22:00:00,0.0306
2017-02-15 23:00:00,0.0194
2017-02-16 00:00:00,0.0139
2017-02-16 01:00:00,0.0081
2017-02-16 02:00:00,0.0063
2017-02-16 03:00:00,0.0036
2017-02-16 04:00:00,0.0043
2017-02-16 05:00:00,0.0084
2017-02-16 06:00:00,0.0169
2017-02-16 07:00:00,0.0238
2017-02-16 08:00:00,0.0371
2017-02-16 09:00:00,0.0373
2017-02-16 10:00:00,0.0379
2017-02-16 11:00:00,0.0369
2017-02-16 12:00:00,0.0429
2017-02-16 13:00:00,0.0497
2017-02-16 14:00:00,0.0458
2017-02-16 15:00:00,0.0471
2017-02-16 16:00:00,0.0507
2017-02-16 17:00:00,0.0502
2017-02-16 18:00:00,0.0489
2017-02-16 19:00:00,0.0486
2017-02-16 20:00:00,0.0341
2017-02-16 21:00:00,0.0405
2017-02-16 22:00:00,0.0341
2017-02-16 23:00:00,0.0193
2017-02-17 00:00:00,0.0122
2017-02-17 01:00:00,0.0084
2017-02-17 02:00:00,0.0055
2017-02-17 03:00:00,0.0041
2017-02-17 04:00:00,0.0042
2017-02-17 05:00:00,0.0085
2017-02-17 06:00:00,0.016
2017-02-17 07:00:00,0.0257
2017-02-17 08:00:00,0.0381
2017-02-17 09:00:00,0.0414
2017-02-17 10:00:00,0.0363
2017-02-17 11:00:00,0.0202
2017-02-17 12:00:00,0.0363
2017-02-17 13:00:00,0.0468
2017-02-17 14:00:00,0.0482
2017-02-17 15:00:00,0.0515
2017-02-17 16:00:00,0.0531
2017-02-17 17:00:00,0.0504
2017-02-17 18:00:00,0.0509
2017-02-17 19:00:00,0.0474
2017-02-17 20:00:00,0.0455
2017-02-17 21:00:00,0.0381
2017-02-17 22:00:00,0.03
2017-02-17 23:00:00,0.0202
2017-02-18 00:00:00,0.0135
2017-02-18 01:00:00,0.0084
2017-02-18 02:00:00,0.005
2017-02-18 03:00:00,0.0046
2017-02-18 04:00:00,0.0048
2017-02-18 05:00:00,0.008
2017-02-18 06:00:00,0.0145
2017-02-18 07:00:00,0.0248
2017-02-18 08:00:00,0.0361
2017-02-18 09:00:00,0.0403
2017-02-18 10:00:00,0.0357
2017-02-18 11:00:00,0.041
2017-02-18 12:00:00,0.0457
2017-02-18 13:00:00,0.0414
2017-02-18 14:00:00,0.0527
2017-02-18 15:00:00,0.0531
2017-02-18 16:00:00,0.053
2017-02-18 17:00:00,0.0508
2017-02-18 18:00:00,0.0396
2017-02-18 19:00:00,0.0427
2017-02-18 20:00:00,0.0444
2017-02-18 21:00:00,0.0367
2017-02-18 22:00:00,0.0318
2017-02-18 23:00:00,0.0233
2017-02-19 00:00:00,0.0184
2017-02-19 01:00:00,0.0137
2017-02-19 02:00:00,0.0075
2017-02-19 03:00:00,0.0049
2017-02-19 04:00:00,0.0049
2017-02-19 05:00:00,0.0062
2017-02-19 06:00:00,0.0082
2017-02-19 07:00:00,0.0142
2017-02-19 08:00:00,0.0212
2017-02-19 09:00:00,0.0285
2017-02-19 10:00:00,0.0321
2017-02-19 11:00:00,0.0384
2017-02-19 12:00:00,0.0424
2017-02-19 13:00:00,0.0436
2017-02-19 14:00:00,0.0425
2017-02-19 15:00:00,0.0433
2017-02-19 16:00:00,0.0443
2017-02-19 17:00:00,0.041
2017-02-19 18:00:00,0.0394
2017-02-19 19:00:00,0.0393
2017-02-19 20:00:00,0.0373
2017-02-19 21:00:00,0.0333
2017-02-19 22:00:00,0.0288
2017-02-19 23:00:00,0.0228
2017-02-20 00:00:00,0.0186
2017-02-20 01:00:00,0.012
2017-02-20 02:00:00,0.007
2017-02-20 03:00:00,0.006
2017-02-20 04:00:00,0.0041
2017-02-20 05:00:00,0.0031
2017-02-20 06:00:00,0.0047
2017-02-20 07:00:00,0.0077
2017-02-20 08:00:00,0.0121
2017-02-20 09:00:00,0.0164
2017-02-20 10:00:00,0.0235
2017-02-20 11:00:00,0.0304
2017-02-20 12:00:00,0.0357
2017-02-20 13:00:00,0.0441
2017-02-20 14:00:00,0.0446
2017-02-20 15:00:00,0.0403
2017-02-20 16:00:00,0.0412
2017-02-20 17:00:00,0.0382
2017-02-20 18:00:00,0.0381
2017-02-20 19:00:00,0.0316
2017-02-20 20:00:00,0.0298
2017-02-20 21:00:00,0.0266
2017-02-20 22:00:00,0.0205
2017-02-20 23:00:00,0.0147
2017-02-21 00:00:00,0.0093
2017-02-21 01:00:00,0.0079
2017-02-21 02:00:00,0.0033
2017-02-21 03:00:00,0.0028
2017-02-21 04:00:00,0.0037
2017-02-21 05:00:00,0.007
2017-02-21 06:00:00,0.0149
2017-02-21 07:00:00,0.023
2017-02-21 08:00:00,0.036
2017-02-21 09:00:00,0.0394
2017-02-21 10:00:00,0.0349
2017-02-21 11:00:00,0.0352
2017-02-21 12:00:00,0.0437
2017-02-21 13:00:00,0.0472
2017-02-21 14:00:00,0.0476
2017-02-21 15:00:00,0.0485
2017-02-21 16:00:00,0.0531
2017-02-21 17:00:00,0.0488
2017-02-21 18:00:00,0.0473
2017-02-21 19:00:00,0.0434
2017-02-21 20:00:00,0.0381
2017-02-21 21:00:00,0.033
2017-02-21 22:00:00,0.0268
2017-02-21 23:00:00,0.0163
2017-02-22 00:00:00,0.01
2017-02-22 01:00:00,0.0082
2017-02-22 02:00:00,0.0054
2017-02-22 03:00:00,0.0039
2017-02-22 04:00:00,0.0044
2017-02-22 05:00:00,0.0076
2017-02-22 06:00:00,0.0152
2017-02-22 07:00:00,0.0241
2017-02-22 08:00:00,0.0368
2017-02-22 09:00:00,0.0426
2017-02-22 10:00:00,0.0372
2017-02-22 11:00:00,0.0359
2017-02-22 12:00:00,0.0438
2017-02-22 13:00:00,0.0477
2017-02-22 14:00:00,0.0471
2017-02-22 15:00:00,0.0512
2017-02-22 16:00:00,0.0481
2017-02-22 17:00:00,0.0491
2017-02-22 18:00:00,0.0517
2017-02-22 19:00:00,0.0455
2017-02-22 20:00:00,0.0433
2017-02-22 21:00:00,0.0389
2017-02-22 22:00:00,0.0298
2017-02-22 23:00:00,0.0192
2017-02-23 00:00:00,0.0106
2017-02-23 01:00:00,0.0085
2017-02-23 02:00:00,0.0058
2017-02-23 03:00:00,0.0036
2017-02-23 04:00:00,0.0038
2017-02-23 05:00:00,0.0087
2017-02-23 06:00:00,0.0163
2017-02-23 07:00:00,0.027
2017-02-23 08:00:00,0.0356
2017-02-23 09:00:00,0.0423
2017-02-23 10:00:00,0.0342
2017-02-23 11:00:00,0.034
2017-02-23 12:00:00,0.043
2017-02-23 13:00:00,0.05
2017-02-23 14:00:00,0.0495
2017-02-23 15:00:00,0.0478
2017-02-23 16:00:00,0.0491
2017-02-23 17:00:00,0.0496
2017-02-23 18:00:00,0.0682
2017-02-23 19:00:00,0.0452
2017-02-23 20:00:00,0.0427
2017-02-23 21:00:00,0.038
2017-02-23 22:00:00,0.0293
2017-02-23 23:00:00,0.0168
2017-02-24 00:00:00,0.0101
2017-02-24 01:00:00,0.0069
2017-02-24 02:00:00,0.0042
2017-02-24 03:00:00,0.0027
2017-02-24 04:00:00,0.0017
2017-02-24 05:00:00,0.0044
2017-02-24 06:00:00,0.0128
2017-02-24 07:00:00,0.026
2017-02-24 08:00:00,0.0364
2017-02-24 09:00:00,0.0419
2017-02-24 10:00:00,0.0393
2017-02-24 11:00:00,0.0363
2017-02-24 12:00:00,0.0469
2017-02-24 13:00:00,0.048
2017-02-24 14:00:00,0.05
2017-02-24 15:00:00,0.0517
2017-02-24 16:00:00,0.0538
2017-02-24 17:00:00,0.0485
2017-02-24 18:00:00,0.0464
2017-02-24 19:00:00,0.0444
2017-02-24 20:00:00,0.0429
2017-02-24 21:00:00,0.039
2017-02-24 22:00:00,0.0318
2017-02-24 23:00:00,0.0198
2017-02-25 00:00:00,0.0134
2017-02-25 01:00:00,0.0091
2017-02-25 02:00:00,0.0054
2017-02-25 03:00:00,0.0046
2017-02-25 04:00:00,0.0051
2017-02-25 05:00:00,0.0074
2017-02-25 06:00:00,0.0159
2017-02-25 07:00:00,0.0285
2017-02-25 08:00:00,0.0359
2017-02-25 09:00:00,0.043
2017-02-25 10:00:00,0.038
2017-02-25 11:00:00,0.0424
2017-02-25 12:00:00,0.0471
2017-02-25 13:00:00,0.051
2017-02-25 14:00:00,0.0533
2017-02-25 15:00:00,0.0512
2017-02-25 16:00:00,0.052
2017-02-25 17:00:00,0.0496
2017-02-25 18:00:00,0.0521
2017-02-25 19:00:00,0.0491
2017-02-25 20:00:00,0.0424
2017-02-25 21:00:00,0.0374
2017-02-25 22:00:00,0.0324
2017-02-25 23:00:00,0.024
2017-02-26 00:00:00,0.0176
2017-02-26 01:00:00,0.014
2017-02-26 02:00:00,0.008
2017-02-26 03:00:00,0.0058
2017-02-26 04:00:00,0.0049
2017-02-26 05:00:00,0.0053
2017-02-26 06:00:00,0.0076
2017-02-26 07:00:00,0.0139
2017-02-26 08:00:00,0.0218
2017-02-26 09:00:00,0.0306
2017-02-26 10:00:00,0.0269
2017-02-26 11:00:00,0.0372
2017-02-26 12:00:00,0.0445
2017-02-26 13:00:00,0.0511
2017-02-26 14:00:00,0.0512
2017-02-26 15:00:00,0.0402
2017-02-26 16:00:00,0.0449
2017-02-26 17:00:00,0.0417
2017-02-26 18:00:00,0.0389
2017-02-26 19:00:00,0.0459
2017-02-26 20:00:00,0.036
2017-02-26 21:00:00,0.033
2017-02-26 22:00:00,0.0232
2017-02-26 23:00:00,0.0273
2017-02-27 00:00:00,0.0199
2017-02-27 01:00:00,0.0121
2017-02-27 02:00:00,0.0072
2017-02-27 03:00:00,0.0052
2017-02-27 04:00:00,0.0044
2017-02-27 05:00:00,0.0031
2017-02-27 06:00:00,0.0045
2017-02-27 07:00:00,0.0075
2017-02-27 08:00:00,0.0123
2017-02-27 09:00:00,0.0173
2017-02-27 10:00:00,0.0235
2017-02-27 11:00:00,0.0305
2017-02-27 12:00:00,0.0353
2017-02-27 13:00:00,0.0417
2017-02-27 14:00:00,0.0409
2017-02-27 15:00:00,0.0399
2017-02-27 16:00:00,0.0398
2017-02-27 17:00:00,0.038
2017-02-27 18:00:00,0.0383
2017-02-27 19:00:00,0.0334
2017-02-27 20:00:00,0.0296
2017-02-27 21:00:00,0.0244
2017-02-27 22:00:00,0.0205
2017-02-27 23:00:00,0.0134
2017-02-28 00:00:00,0.0092
2017-02-28 01:00:00,0.0074
2017-02-28 02:00:00,0.0046
2017-02-28 03:00:00,0.0029
2017-02-28 04:00:00,0.0034
2017-02-28 05:00:00,0.0066
2017-02-28 06:00:00,0.006913861386138614
2017-02-28 07:00:00,0.007227722772277227
2017-02-28 08:00:00,0.007541584158415842
2017-02-28 09:00:00,0.007855445544554456
2017-02-28 10:00:00,0.008169306930693069
2017-02-28 11:00:00,0.008483168316831683
2017-02-28 12:00:00,0.008797029702970298
2017-02-28 13:00:00,0.00911089108910891
2017-02-28 14:00:00,0.009424752475247523
2017-02-28 15:00:00,0.009738613861386138
2017-02-28 16:00:00,0.010052475247524752
2017-02-28 17:00:00,0.010366336633663365
2017-02-28 18:00:00,0.01068019801980198
2017-02-28 19:00:00,0.010994059405940594
2017-02-28 20:00:00,0.011307920792079207
2017-02-28 21:00:00,0.011621782178217821
2017-02-28 22:00:00,0.011935643564356436
2017-02-28 23:00:00,0.012249504950495049
2017-03-01 00:00:00,0.012563366336633663
2017-03-01 01:00:00,0.012877227722772278
2017-03-01 02:00:00,0.01319108910891089
2017-03-01 03:00:00,0.013504950495049505
2017-03-01 04:00:00,0.01381881188118812
2017-03-01 05:00:00,0.014132673267326732
2017-03-01 06:00:00,0.014446534653465347
2017-03-01 07:00:00,0.01476039603960396
2017-03-01 08:00:00,0.015074257425742574
2017-03-01 09:00:00,0.015388118811881188
2017-03-01 10:00:00,0.0157019801980198
2017-03-01 11:00:00,0.016015841584158415
2017-03-01 12:00:00,0.016329702970297028
2017-03-01 13:00:00,0.016643564356435644
2017-03-01 14:00:00,0.016957425742574257
2017-03-01 15:00:00,0.01727128712871287
2017-03-01 16:00:00,0.017585148514851483
2017-03-01 17:00:00,0.017899009900990095
2017-03-01 18:00:00,0.01821287128712871
2017-03-01 19:00:00,0.018526732673267328
2017-03-01 20:00:00,0.01884059405940594
2017-03-01 21:00:00,0.019154455445544553
2017-03-01 22:00:00,0.019468316831683166
2017-03-01 23:00:00,0.01978217821782178
2017-03-02 00:00:00,0.020096039603960395
2017-03-02 01:00:00,0.02040990099009901
2017-03-02 02:00:00,0.020723762376237624
2017-03-02 03:00:00,0.021037623762376237
2017-03-02 04:00:00,0.02135148514851485
2017-03-02 05:00:00,0.021665346534653462
2017-03-02 06:00:00,0.02197920792079208
2017-03-02 07:00:00,0.022293069306930695
2017-03-02 08:00:00,0.022606930693069308
2017-03-02 09:00:00,0.02292079207920792
2017-03-02 10:00:00,0.023234653465346533
2017-03-02 11:00:00,0.023548514851485146
2017-03-02 12:00:00,0.02386237623762376
2017-03-02 13:00:00,0.02417623762376238
2017-03-02 14:00:00,0.02449009900990099
2017-03-02 15:00:00,0.024803960396039604
2017-03-02 16:00:00,0.025117821782178217
2017-03-02 17:00:00,0.02543168316831683
2017-03-02 18:00:00,0.025745544554455442
2017-03-02 19:00:00,0.026059405940594055
2017-03-02 20:00:00,0.026373267326732674
2017-03-02 21:00:00,0.026687128712871287
2017-03-02 22:00:00,0.0270009900990099
2017-03-02 23:00:00,0.027314851485148513
2017-03-03 00:00:00,0.027628712871287125
2017-03-03 01:00:00,0.027942574257425738
2017-03-03 02:00:00,0.028256435643564358
2017-03-03 03:00:00,0.02857029702970297
2017-03-03 04:00:00,0.028884158415841583
2017-03-03 05:00:00,0.029198019801980196
2017-03-03 06:00:00,0.02951188118811881
2017-03-03 07:00:00,0.02982574257425742
2017-03-03 08:00:00,0.030139603960396034
2017-03-03 09:00:00,0.030453465346534654
2017-03-03 10:00:00,0.030767326732673267
2017-03-03 11:00:00,0.03108118811881188
2017-03-03 12:00:00,0.03139504950495049
2017-03-03 13:00:00,0.031708910891089105
2017-03-03 14:00:00,0.03202277227722772
2017-03-03 15:00:00,0.03233663366336634
2017-03-03 16:00:00,0.03265049504950495
2017-03-03 17:00:00,0.03296435643564356
2017-03-03 18:00:00,0.033278217821782176
2017-03-03 19:00:00,0.03359207920792079
2017-03-03 20:00:00,0.0339059405940594
2017-03-03 21:00:00,0.03421980198019802
2017-03-03 22:00:00,0.034533663366336634
2017-03-03 23:00:00,0.03484752475247525
2017-03-04 00:00:00,0.03516138613861386
2017-03-04 01:00:00,0.03547524752475247
2017-03-04 02:00:00,0.035789108910891085
2017-03-04 03:00:00,0.0361029702970297
2017-03-04 04:00:00,0.03641683168316832
2017-03-04 05:00:00,0.03673069306930693
2017-03-04 06:00:00,0.03704455445544554
2017-03-04 07:00:00,0.037358415841584156
2017-03-04 08:00:00,0.03767227722772277
2017-03-04 09:00:00,0.03798613861386139
2017-03-04 10:00:00,0.0383
2017-03-04 11:00:00,0.0435
2017-03-04 12:00:00,0.0474
2017-03-04 13:00:00,0.0517
2017-03-04 14:00:00,0.0546
2017-03-04 15:00:00,0.0559
2017-03-04 16:00:00,0.0498
2017-03-04 17:00:00,0.0485
2017-03-04 18:00:00,0.0483
2017-03-04 19:00:00,0.0468
2017-03-04 20:00:00,0.0425
2017-03-04 21:00:00,0.0345
2017-03-04 22:00:00,0.0294
2017-03-04 23:00:00,0.0246
2017-03-05 00:00:00,0.0175
2017-03-05 01:00:00,0.0109
2017-03-05 02:00:00,0.0067
2017-03-05 03:00:00,0.0062
2017-03-05 04:00:00,0.0049
2017-03-05 05:00:00,0.0043
2017-03-05 06:00:00,0.0078
2017-03-05 07:00:00,0.0126
2017-03-05 08:00:00,0.0198
2017-03-05 09:00:00,0.0276
2017-03-05 10:00:00,0.0317
2017-03-05 11:00:00,0.0388
2017-03-05 12:00:00,0.0433
2017-03-05 13:00:00,0.0429
2017-03-05 14:00:00,0.0431
2017-03-05 15:00:00,0.0411
2017-03-05 16:00:00,0.0445
2017-03-05 17:00:00,0.045
2017-03-05 18:00:00,0.0405
2017-03-05 19:00:00,0.0394
2017-03-05 20:00:00,0.0376
2017-03-05 21:00:00,0.0263
2017-03-05 22:00:00,0.0197
2017-03-05 23:00:00,0.0219
2017-03-06 00:00:00,0.0163
2017-03-06 01:00:00,0.0117
2017-03-06 02:00:00,0.0071
2017-03-06 03:00:00,0.0043
2017-03-06 04:00:00,0.0039
2017-03-06 05:00:00,0.0036
2017-03-06 06:00:00,0.0048
2017-03-06 07:00:00,0.0072
2017-03-06 08:00:00,0.0118
2017-03-06 09:00:00,0.0173
2017-03-06 10:00:00,0.0234
2017-03-06 11:00:00,0.0303
2017-03-06 12:00:00,0.035
2017-03-06 13:00:00,0.0383
2017-03-06 14:00:00,0.0395
2017-03-06 15:00:00,0.04
2017-03-06 16:00:00,0.0389
2017-03-06 17:00:00,0.0361
2017-03-06 18:00:00,0.0374
2017-03-06 19:00:00,0.0314
2017-03-06 20:00:00,0.0293
2017-03-06 21:00:00,0.0289
2017-03-06 22:00:00,0.0206
2017-03-06 23:00:00,0.0166
2017-03-07 00:00:00,0.0116
2017-03-07 01:00:00,0.0081
2017-03-07 02:00:00,0.0064
2017-03-07 03:00:00,0.0033
2017-03-07 04:00:00,0.0022
2017-03-07 05:00:00,0.0039
2017-03-07 06:00:00,0.0062
2017-03-07 07:00:00,0.0078
2017-03-07 08:00:00,0.0109
2017-03-07 09:00:00,0.016
2017-03-07 10:00:00,0.016373267326732673
2017-03-07 11:00:00,0.016746534653465348
2017-03-07 12:00:00,0.01711980198019802
2017-03-07 13:00:00,0.017493069306930693
2017-03-07 14:00:00,0.01786633663366337
2017-03-07 15:00:00,0.01823960396039604
2017-03-07 16:00:00,0.018612871287128713
2017-03-07 17:00:00,0.018986138613861385
2017-03-07 18:00:00,0.01935940594059406
2017-03-07 19:00:00,0.019732673267326733
2017-03-07 20:00:00,0.020105940594059405
2017-03-07 21:00:00,0.02047920792079208
2017-03-07 22:00:00,0.020852475247524753
2017-03-07 23:00:00,0.021225742574257425
2017-03-08 00:00:00,0.021599009900990097
2017-03-08 01:00:00,0.021972277227722773
2017-03-08 02:00:00,0.022345544554455445
2017-03-08 03:00:00,0.022718811881188117
2017-03-08 04:00:00,0.023092079207920793
2017-03-08 05:00:00,0.023465346534653465
2017-03-08 06:00:00,0.023838613861386138
2017-03-08 07:00:00,0.02421188118811881
2017-03-08 08:00:00,0.024585148514851485
2017-03-08 09:00:00,0.024958415841584158
2017-03-08 10:00:00,0.025331683168316833
2017-03-08 11:00:00,0.025704950495049506
2017-03-08 12:00:00,0.026078217821782178
2017-03-08 13:00:00,0.02645148514851485
2017-03-08 14:00:00,0.026824752475247522
2017-03-08 15:00:00,0.027198019801980198
2017-03-08 16:00:00,0.02757128712871287
2017-03-08 17:00:00,0.027944554455445546
2017-03-08 18:00:00,0.028317821782178218
2017-03-08 19:00:00,0.02869108910891089
2017-03-08 20:00:00,0.029064356435643562
2017-03-08 21:00:00,0.029437623762376235
2017-03-08 22:00:00,0.02981089108910891
2017-03-08 23:00:00,0.030184158415841586
2017-03-09 00:00:00,0.030557425742574258
2017-03-09 01:00:00,0.03093069306930693
2017-03-09 02:00:00,0.0313039603960396
2017-03-09 03:00:00,0.031677227722772275
2017-03-09 04:00:00,0.032050495049504954
2017-03-09 05:00:00,0.03242376237623762
2017-03-09 06:00:00,0.0327970297029703
2017-03-09 07:00:00,0.03317029702970297
2017-03-09 08:00:00,0.03354356435643564
2017-03-09 09:00:00,0.033916831683168315
2017-03-09 10:00:00,0.03429009900990099
2017-03-09 11:00:00,0.034663366336633666
2017-03-09 12:00:00,0.03503663366336633
2017-03-09 13:00:00,0.03540990099009901
2017-03-09 14:00:00,0.03578316831683168
2017-03-09 15:00:00,0.036156435643564355
2017-03-09 16:00:00,0.03652970297029703
2017-03-09 17:00:00,0.0369029702970297
2017-03-09 18:00:00,0.03727623762376238
2017-03-09 19:00:00,0.037649504950495044
2017-03-09 20:00:00,0.03802277227722772
2017-03-09 21:00:00,0.038396039603960395
2017-03-09 22:00:00,0.03876930693069307
2017-03-09 23:00:00,0.03914257425742574
2017-03-10 00:00:00,0.03951584158415841
2017-03-10 01:00:00,0.03988910891089109
2017-03-10 02:00:00,0.040262376237623757
2017-03-10 03:00:00,0.040635643564356436
2017-03-10 04:00:00,0.04100891089108911
2017-03-10 05:00:00,0.04138217821782178
2017-03-10 06:00:00,0.04175544554455445
2017-03-10 07:00:00,0.042128712871287124
2017-03-10 08:00:00,0.042501980198019804
2017-03-10 09:00:00,0.04287524752475247
2017-03-10 10:00:00,0.04324851485148515
2017-03-10 11:00:00,0.04362178217821782
2017-03-10 12:00:00,0.04399504950495049
2017-03-10 13:00:00,0.04436831683168317
2017-03-10 14:00:00,0.04474158415841584
2017-03-10 15:00:00,0.045114851485148516
2017-03-10 16:00:00,0.04548811881188118
2017-03-10 17:00:00,0.04586138613861386
2017-03-10 18:00:00,0.04623465346534653
2017-03-10 19:00:00,0.046607920792079205
2017-03-10 20:00:00,0.046981188118811884
2017-03-10 21:00:00,0.04735445544554455
2017-03-10 22:00:00,0.04772772277227723
2017-03-10 23:00:00,0.0481009900990099
2017-03-11 00:00:00,0.04847425742574257
2017-03-11 01:00:00,0.048847524752475245
2017-03-11 02:00:00,0.04922079207920792
2017-03-11 03:00:00,0.04959405940594059
2017-03-11 04:00:00,0.04996732673267327
2017-03-11 05:00:00,0.05034059405940594
2017-03-11 06:00:00,0.05071386138613861
2017-03-11 07:00:00,0.051087128712871285
2017-03-11 08:00:00,0.05146039603960396
2017-03-11 09:00:00,0.05183366336633663
2017-03-11 10:00:00,0.0522069306930693
2017-03-11 11:00:00,0.05258019801980198
2017-03-11 12:00:00,0.05295346534653465
2017-03-11 13:00:00,0.053326732673267326
2017-03-11 14:00:00,0.0537
2017-03-11 15:00:00,0.0537
2017-03-11 16:00:00,0.0553
2017-03-11 17:00:00,0.0551
2017-03-11 18:00:00,0.0501
2017-03-11 19:00:00,0.0462
2017-03-11 20:00:00,0.0429
2017-03-11 21:00:00,0.0376
2017-03-11 22:00:00,0.0286
2017-03-11 23:00:00,0.0281
2017-03-12 00:00:00,0.0202
2017-03-12 01:00:00,0.0132
2017-03-12 02:00:00,0.0071
2017-03-12 03:00:00,0.0045
2017-03-12 04:00:00,0.0049
2017-03-12 05:00:00,0.0049
2017-03-12 06:00:00,0.0096
2017-03-12 07:00:00,0.0155
2017-03-12 08:00:00,0.0226
2017-03-12 09:00:00,0.0289
2017-03-12 10:00:00,0.0337
2017-03-12 11:00:00,0.0405
2017-03-12 12:00:00,0.0423
2017-03-12 13:00:00,0.0428
2017-03-12 14:00:00,0.0478
2017-03-12 15:00:00,0.0453
2017-03-12 16:00:00,0.0505
2017-03-12 17:00:00,0.0491
2017-03-12 18:00:00,0.0449
2017-03-12 19:00:00,0.0407
2017-03-12 20:00:00,0.0372
2017-03-12 21:00:00,0.0327
2017-03-12 22:00:00,0.0273
2017-03-12 23:00:00,0.0222
2017-03-13 00:00:00,0.0182
2017-03-13 01:00:00,0.0123
2017-03-13 02:00:00,0.0061
2017-03-13 03:00:00,0.0047
2017-03-13 04:00:00,0.0034
2017-03-13 05:00:00,0.0033
2017-03-13 06:00:00,0.005
2017-03-13 07:00:00,0.0085
2017-03-13 08:00:00,0.0141
2017-03-13 09:00:00,0.0176
2017-03-13 10:00:00,0.0231
2017-03-13 11:00:00,0.0298
2017-03-13 12:00:00,0.0333
2017-03-13 13:00:00,0.0404
2017-03-13 14:00:00,0.0401
2017-03-13 15:00:00,0.0385
2017-03-13 16:00:00,0.0382
2017-03-13 17:00:00,0.039
2017-03-13 18:00:00,0.0398
2017-03-13 19:00:00,0.0392
2017-03-13 20:00:00,0.0334
2017-03-13 21:00:00,0.028
2017-03-13 22:00:00,0.0207
2017-03-13 23:00:00,0.0168
2017-03-14 00:00:00,0.0095
2017-03-14 01:00:00,0.0054
2017-03-14 02:00:00,0.0034
2017-03-14 03:00:00,0.0034
2017-03-14 04:00:00,0.0038
2017-03-14 05:00:00,0.0079
2017-03-14 06:00:00,0.0169
2017-03-14 07:00:00,0.0255
2017-03-14 08:00:00,0.036
2017-03-14 09:00:00,0.0397
2017-03-14 10:00:00,0.0342
2017-03-14 11:00:00,0.0383
2017-03-14 12:00:00,0.0399
2017-03-14 13:00:00,0.0479
2017-03-14 14:00:00,0.0492
2017-03-14 15:00:00,0.049
2017-03-14 16:00:00,0.0563
2017-03-14 17:00:00,0.0504
2017-03-14 18:00:00,0.0528
2017-03-14 19:00:00,0.0463
2017-03-14 20:00:00,0.04
2017-03-14 21:00:00,0.0299
2017-03-14 22:00:00,0.0234
2017-03-14 23:00:00,0.0167
2017-03-15 00:00:00,0.0112
2017-03-15 01:00:00,0.0098
2017-03-15 02:00:00,0.0049
2017-03-15 03:00:00,0.0038
2017-03-15 04:00:00,0.0046
2017-03-15 05:00:00,0.0073
2017-03-15 06:00:00,0.0165
2017-03-15 07:00:00,0.027
2017-03-15 08:00:00,0.0367
2017-03-15 09:00:00,0.0414
2017-03-15 10:00:00,0.0363
2017-03-15 11:00:00,0.0381
2017-03-15 12:00:00,0.0444
2017-03-15 13:00:00,0.0461
2017-03-15 14:00:00,0.0408
2017-03-15 15:00:00,0.0484
2017-03-15 16:00:00,0.0567
2017-03-15 17:00:00,0.0535
2017-03-15 18:00:00,0.0527
2017-03-15 19:00:00,0.0498
2017-03-15 20:00:00,0.0449
2017-03-15 21:00:00,0.0389
2017-03-15 22:00:00,0.0295
2017-03-15 23:00:00,0.0171
2017-03-16 00:00:00,0.0115
2017-03-16 01:00:00,0.0092
2017-03-16 02:00:00,0.006
2017-03-16 03:00:00,0.0039
2017-03-16 04:00:00,0.0044
2017-03-16 05:00:00,0.0082
2017-03-16 06:00:00,0.0166
2017-03-16 07:00:00,0.0266
2017-03-16 08:00:00,0.0394
2017-03-16 09:00:00,0.0447
2017-03-16 10:00:00,0.0377
2017-03-16 11:00:00,0.0376
2017-03-16 12:00:00,0.0453
2017-03-16 13:00:00,0.0498
2017-03-16 14:00:00,0.0509
2017-03-16 15:00:00,0.0513
2017-03-16 16:00:00,0.0543
2017-03-16 17:00:00,0.0548
2017-03-16 18:00:00,0.0529
2017-03-16 19:00:00,0.0486
2017-03-16 20:00:00,0.0441
2017-03-16 21:00:00,0.041
2017-03-16 22:00:00,0.0307
2017-03-16 23:00:00,0.0173
2017-03-17 00:00:00,0.0111
2017-03-17 01:00:00,0.0097
2017-03-17 02:00:00,0.0052
2017-03-17 03:00:00,0.0041
2017-03-17 04:00:00,0.0042
2017-03-17 05:00:00,0.0087
2017-03-17 06:00:00,0.0152
2017-03-17 07:00:00,0.0271
2017-03-17 08:00:00,0.0381
2017-03-17 09:00:00,0.0413
2017-03-17 10:00:00,0.0362
2017-03-17 11:00:00,0.0376
2017-03-17 12:00:00,0.0432
2017-03-17 13:00:00,0.0492
2017-03-17 14:00:00,0.0501
2017-03-17 15:00:00,0.0489
2017-03-17 16:00:00,0.0534
2017-03-17 17:00:00,0.0525
2017-03-17 18:00:00,0.0515
2017-03-17 19:00:00,0.0483
2017-03-17 20:00:00,0.0469
2017-03-17 21:00:00,0.0396
2017-03-17 22:00:00,0.0324
2017-03-17 23:00:00,0.02
2017-03-18 00:00:00,0.0139
2017-03-18 01:00:00,0.0103
2017-03-18 02:00:00,0.0056
2017-03-18 03:00:00,0.0045
2017-03-18 04:00:00,0.0045
2017-03-18 05:00:00,0.0085
2017-03-18 06:00:00,0.0138
2017-03-18 07:00:00,0.0266
2017-03-18 08:00:00,0.0394
2017-03-18 09:00:00,0.042
2017-03-18 10:00:00,0.0367
2017-03-18 11:00:00,0.0396
2017-03-18 12:00:00,0.0463
2017-03-18 13:00:00,0.0545
2017-03-18 14:00:00,0.0513
2017-03-18 15:00:00,0.0447
2017-03-18 16:00:00,0.0506
2017-03-18 17:00:00,0.049
2017-03-18 18:00:00,0.0512
2017-03-18 19:00:00,0.0477
2017-03-18 20:00:00,0.0427
2017-03-18 21:00:00,0.0382
2017-03-18 22:00:00,0.0321
2017-03-18 23:00:00,0.03
2017-03-19 00:00:00,0.0193
2017-03-19 01:00:00,0.0142
2017-03-19 02:00:00,0.0069
2017-03-19 03:00:00,0.0044
2017-03-19 04:00:00,0.0047
2017-03-19 05:00:00,0.0057
2017-03-19 06:00:00,0.0086
2017-03-19 07:00:00,0.0136
2017-03-19 08:00:00,0.024
2017-03-19 09:00:00,0.0328
2017-03-19 10:00:00,0.0335
2017-03-19 11:00:00,0.0389
2017-03-19 12:00:00,0.0476
2017-03-19 13:00:00,0.048
2017-03-19 14:00:00,0.0476
2017-03-19 15:00:00,0.0451
2017-03-19 16:00:00,0.0439
2017-03-19 17:00:00,0.0467
2017-03-19 18:00:00,0.0444
2017-03-19 19:00:00,0.0432
2017-03-19 20:00:00,0.0409
2017-03-19 21:00:00,0.0335
2017-03-19 22:00:00,0.0293
2017-03-19 23:00:00,0.0241
2017-03-20 00:00:00,0.02
2017-03-20 01:00:00,0.0145
2017-03-20 02:00:00,0.008
2017-03-20 03:00:00,0.0051
2017-03-20 04:00:00,0.0037
2017-03-20 05:00:00,0.0038
2017-03-20 06:00:00,0.0052
2017-03-20 07:00:00,0.008
2017-03-20 08:00:00,0.0129
2017-03-20 09:00:00,0.0178
2017-03-20 10:00:00,0.0239
2017-03-20 11:00:00,0.0302
2017-03-20 12:00:00,0.0327
2017-03-20 13:00:00,0.0376
2017-03-20 14:00:00,0.0388
2017-03-20 15:00:00,0.0382
2017-03-20 16:00:00,0.0393
2017-03-20 17:00:00,0.0361
2017-03-20 18:00:00,0.0402
2017-03-20 19:00:00,0.0374
2017-03-20 20:00:00,0.0334
2017-03-20 21:00:00,0.0264
2017-03-20 22:00:00,0.0189
2017-03-20 23:00:00,0.0136
2017-03-21 00:00:00,0.0109
2017-03-21 01:00:00,0.0071
2017-03-21 02:00:00,0.0035
2017-03-21 03:00:00,0.0027
2017-03-21 04:00:00,0.0033
2017-03-21 05:00:00,0.0071
2017-03-21 06:00:00,0.017
2017-03-21 07:00:00,0.0257
2017-03-21 08:00:00,0.0374
2017-03-21 09:00:00,0.0419
2017-03-21 10:00:00,0.0366
2017-03-21 11:00:00,0.0359
2017-03-21 12:00:00,0.0419
2017-03-21 13:00:00,0.0467
2017-03-21 14:00:00,0.0476
2017-03-21 15:00:00,0.0467
2017-03-21 16:00:00,0.0544
2017-03-21 17:00:00,0.0478
2017-03-21 18:00:00,0.0433
2017-03-21 19:00:00,0.0384
2017-03-21 20:00:00,0.0391
2017-03-21 21:00:00,0.0396
2017-03-21 22:00:00,0.0257
2017-03-21 23:00:00,0.0173
2017-03-22 00:00:00,0.0091
2017-03-22 01:00:00,0.0069
2017-03-22 02:00:00,0.0054
2017-03-22 03:00:00,0.0038
2017-03-22 04:00:00,0.0048
2017-03-22 05:00:00,0.0096
2017-03-22 06:00:00,0.015
2017-03-22 07:00:00,0.0252
2017-03-22 08:00:00,0.0349
2017-03-22 09:00:00,0.0422
2017-03-22 10:00:00,0.0348
2017-03-22 11:00:00,0.0398
2017-03-22 12:00:00,0.0419
2017-03-22 13:00:00,0.049
2017-03-22 14:00:00,0.0475
2017-03-22 15:00:00,0.0449
2017-03-22 16:00:00,0.0542
2017-03-22 17:00:00,0.0507
2017-03-22 18:00:00,0.05045346534653466
2017-03-22 19:00:00,0.05020693069306931
2017-03-22 20:00:00,0.04996039603960396
2017-03-22 21:00:00,0.04971386138613862
2017-03-22 22:00:00,0.04946732673267327
2017-03-22 23:00:00,0.049220792079207924
2017-03-23 00:00:00,0.04897425742574257
2017-03-23 01:00:00,0.04872772277227723
2017-03-23 02:00:00,0.048481188118811885
2017-03-23 03:00:00,0.048234653465346534
2017-03-23 04:00:00,0.04798811881188119
2017-03-23 05:00:00,0.04774158415841584
2017-03-23 06:00:00,0.047495049504950496
2017-03-23 07:00:00,0.04724851485148515
2017-03-23 08:00:00,0.0470019801980198
2017-03-23 09:00:00,0.04675544554455446
2017-03-23 10:00:00,0.04650891089108911
2017-03-23 11:00:00,0.04626237623762376
2017-03-23 12:00:00,0.04601584158415842
2017-03-23 13:00:00,0.045769306930693074
2017-03-23 14:00:00,0.04552277227722772
2017-03-23 15:00:00,0.04527623762376238
2017-03-23 16:00:00,0.04502970297029703
2017-03-23 17:00:00,0.044783168316831684
2017-03-23 18:00:00,0.04453663366336634
2017-03-23 19:00:00,0.04429009900990099
2017-03-23 20:00:00,0.044043564356435645
2017-03-23 21:00:00,0.043797029702970294
2017-03-23 22:00:00,0.04355049504950495
2017-03-23 23:00:00,0.043303960396039606
2017-03-24 00:00:00,0.043057425742574255
2017-03-24 01:00:00,0.04281089108910891
2017-03-24 02:00:00,0.04256435643564356
2017-03-24 03:00:00,0.04231782178217822
2017-03-24 04:00:00,0.04207128712871287
2017-03-24 05:00:00,0.04182475247524753
2017-03-24 06:00:00,0.04157821782178218
2017-03-24 07:00:00,0.041331683168316834
2017-03-24 08:00:00,0.04108514851485148
2017-03-24 09:00:00,0.04083861386138614
2017-03-24 10:00:00,0.040592079207920795
2017-03-24 11:00:00,0.040345544554455444
2017-03-24 12:00:00,0.0400990099009901
2017-03-24 13:00:00,0.03985247524752475
2017-03-24 14:00:00,0.039605940594059405
2017-03-24 15:00:00,0.03935940594059406
2017-03-24 16:00:00,0.03911287128712872
2017-03-24 17:00:00,0.038866336633663366
2017-03-24 18:00:00,0.038619801980198015
2017-03-24 19:00:00,0.03837326732673267
2017-03-24 20:00:00,0.03812673267326733
2017-03-24 21:00:00,0.03788019801980198
2017-03-24 22:00:00,0.03763366336633663
2017-03-24 23:00:00,0.03738712871287129
2017-03-25 00:00:00,0.03714059405940594
2017-03-25 01:00:00,0.036894059405940594
2017-03-25 02:00:00,0.03664752475247525
2017-03-25 03:00:00,0.0364009900990099
2017-03-25 04:00:00,0.036154455445544555
2017-03-25 05:00:00,0.035907920792079204
2017-03-25 06:00:00,0.03566138613861386
2017-03-25 07:00:00,0.035414851485148516
2017-03-25 08:00:00,0.03516831683168317
2017-03-25 09:00:00,0.03492178217821782
2017-03-25 10:00:00,0.03467524752475247
2017-03-25 11:00:00,0.034428712871287126
2017-03-25 12:00:00,0.03418217821782178
2017-03-25 13:00:00,0.03393564356435644
2017-03-25 14:00:00,0.03368910891089109
2017-03-25 15:00:00,0.03344257425742574
2017-03-25 16:00:00,0.03319603960396039
2017-03-25 17:00:00,0.03294950495049505
2017-03-25 18:00:00,0.032702970297029704
2017-03-25 19:00:00,0.03245643564356435
2017-03-25 20:00:00,0.03220990099009901
2017-03-25 21:00:00,0.03196336633663366
2017-03-25 22:00:00,0.031716831683168314
2017-03-25 23:00:00,0.03147029702970297
2017-03-26 00:00:00,0.031223762376237623
2017-03-26 01:00:00,0.030977227722772276
2017-03-26 02:00:00,0.030730693069306928
2017-03-26 03:00:00,0.03048415841584158
2017-03-26 04:00:00,0.030237623762376237
2017-03-26 05:00:00,0.02999108910891089
2017-03-26 06:00:00,0.029744554455445542
2017-03-26 07:00:00,0.029498019801980198
2017-03-26 08:00:00,0.02925148514851485
2017-03-26 09:00:00,0.029004950495049503
2017-03-26 10:00:00,0.028758415841584156
2017-03-26 11:00:00,0.028511881188118808
2017-03-26 12:00:00,0.028265346534653464
2017-03-26 13:00:00,0.028018811881188117
2017-03-26 14:00:00,0.02777227722772277
2017-03-26 15:00:00,0.027525742574257425
2017-03-26 16:00:00,0.027279207920792078
2017-03-26 17:00:00,0.02703267326732673
2017-03-26 18:00:00,0.026786138613861383
2017-03-26 19:00:00,0.026539603960396035
2017-03-26 20:00:00,0.02629306930693069
2017-03-26 21:00:00,0.026046534653465344
2017-03-26 22:00:00,0.0258
2017-03-26 23:00:00,0.0233
2017-03-27 00:00:00,0.0181
2017-03-27 01:00:00,0.0126
2017-03-27 02:00:00,0.007
2017-03-27 03:00:00,0.0047
2017-03-27 04:00:00,0.0035
2017-03-27 05:00:00,0.0037
2017-03-27 06:00:00,0.0049
2017-03-27 07:00:00,0.0079
2017-03-27 08:00:00,0.0129
2017-03-27 09:00:00,0.0172
2017-03-27 10:00:00,0.0237
2017-03-27 11:00:00,0.0297
2017-03-27 12:00:00,0.0336
2017-03-27 13:00:00,0.038
2017-03-27 14:00:00,0.0397
2017-03-27 15:00:00,0.0383
2017-03-27 16:00:00,0.0387
2017-03-27 17:00:00,0.0369
2017-03-27 18:00:00,0.0391
2017-03-27 19:00:00,0.0366
2017-03-27 20:00:00,0.0324
2017-03-27 21:00:00,0.0278
2017-03-27 22:00:00,0.0199
2017-03-27 23:00:00,0.0162
2017-03-28 00:00:00,0.0108
2017-03-28 01:00:00,0.007
2017-03-28 02:00:00,0.0037
2017-03-28 03:00:00,0.0031
2017-03-28 04:00:00,0.0031
2017-03-28 05:00:00,0.0066
2017-03-28 06:00:00,0.0152
2017-03-28 07:00:00,0.0225
2017-03-28 08:00:00,0.0329
2017-03-28 09:00:00,0.0369
2017-03-28 10:00:00,0.0313
2017-03-28 11:00:00,0.0333
2017-03-28 12:00:00,0.0386
2017-03-28 13:00:00,0.0434
2017-03-28 14:00:00,0.0453
2017-03-28 15:00:00,0.0452
2017-03-28 16:00:00,0.0515
2017-03-28 17:00:00,0.0475
2017-03-28 18:00:00,0.0479
2017-03-28 19:00:00,0.0461
2017-03-28 20:00:00,0.0418
2017-03-28 21:00:00,0.032
2017-03-28 22:00:00,0.0239
2017-03-28 23:00:00,0.0154
2017-03-29 00:00:00,0.0103
2017-03-29 01:00:00,0.0066
2017-03-29 02:00:00,0.0057
2017-03-29 03:00:00,0.0039
2017-03-29 04:00:00,0.0043
2017-03-29 05:00:00,0.0084
2017-03-29 06:00:00,0.0159
2017-03-29 07:00:00,0.0238
2017-03-29 08:00:00,0.0327
2017-03-29 09:00:00,0.0389
2017-03-29 10:00:00,0.0373
2017-03-29 11:00:00,0.0371
2017-03-29 12:00:00,0.0396
2017-03-29 13:00:00,0.0453
2017-03-29 14:00:00,0.0455
2017-03-29 15:00:00,0.0451
2017-03-29 16:00:00,0.0559
2017-03-29 17:00:00,0.0509
2017-03-29 18:00:00,0.0512
2017-03-29 19:00:00,0.043
2017-03-29 20:00:00,0.0455
2017-03-29 21:00:00,0.0348
2017-03-29 22:00:00,0.0269
2017-03-29 23:00:00,0.0175
2017-03-30 00:00:00,0.0119
2017-03-30 01:00:00,0.0083
2017-03-30 02:00:00,0.0064
2017-03-30 03:00:00,0.0047
2017-03-30 04:00:00,0.0045
2017-03-30 05:00:00,0.0083
2017-03-30 06:00:00,0.0165
2017-03-30 07:00:00,0.0258
2017-03-30 08:00:00,0.0313
2017-03-30 09:00:00,0.0419
2017-03-30 10:00:00,0.0343
2017-03-30 11:00:00,0.0376
2017-03-30 12:00:00,0.0412
2017-03-30 13:00:00,0.0456
2017-03-30 14:00:00,0.0492
2017-03-30 15:00:00,0.0512
2017-03-30 16:00:00,0.0555
2017-03-30 17:00:00,0.0549
2017-03-30 18:00:00,0.0518
2017-03-30 19:00:00,0.0473
2017-03-30 20:00:00,0.0424
2017-03-30 21:00:00,0.042045544554455444
2017-03-30 22:00:00,0.041691089108910895
2017-03-30 23:00:00,0.04133663366336634
2017-03-31 00:00:00,0.04098217821782178
2017-03-31 01:00:00,0.040627722772277226
2017-03-31 02:00:00,0.04027326732673267
2017-03-31 03:00:00,0.03991881188118812
2017-03-31 04:00:00,0.039564356435643565
2017-03-31 05:00:00,0.03920990099009901
2017-03-31 06:00:00,0.03885544554455446
2017-03-31 07:00:00,0.0385009900990099
2017-03-31 08:00:00,0.03814653465346535
2017-03-31 09:00:00,0.03779207920792079
2017-03-31 10:00:00,0.037437623762376235
2017-03-31 11:00:00,0.037083168316831686
2017-03-31 12:00:00,0.03672871287128713
2017-03-31 13:00:00,0.03637425742574257
2017-03-31 14:00:00,0.036019801980198024
2017-03-31 15:00:00,0.03566534653465347
2017-03-31 16:00:00,0.03531089108910891
2017-03-31 17:00:00,0.034956435643564356
2017-03-31 18:00:00,0.0346019801980198
2017-03-31 19:00:00,0.03424752475247525
2017-03-31 20:00:00,0.033893069306930694
2017-03-31 21:00:00,0.03353861386138614
2017-03-31 22:00:00,0.03318415841584159
2017-03-31 23:00:00,0.03282970297029703
2017-04-01 00:00:00,0.032475247524752476
2017-04-01 01:00:00,0.03212079207920792
2017-04-01 02:00:00,0.031766336633663364
2017-04-01 03:00:00,0.031411881188118815
2017-04-01 04:00:00,0.03105742574257426
2017-04-01 05:00:00,0.030702970297029702
2017-04-01 06:00:00,0.03034851485148515
2017-04-01 07:00:00,0.029994059405940597
2017-04-01 08:00:00,0.02963960396039604
2017-04-01 09:00:00,0.029285148514851485
2017-04-01 10:00:00,0.028930693069306932
2017-04-01 11:00:00,0.02857623762376238
2017-04-01 12:00:00,0.028221782178217823
2017-04-01 13:00:00,0.027867326732673267
2017-04-01 14:00:00,0.027512871287128714
2017-04-01 15:00:00,0.02715841584158416
2017-04-01 16:00:00,0.026803960396039606
2017-04-01 17:00:00,0.02644950495049505
2017-04-01 18:00:00,0.026095049504950497
2017-04-01 19:00:00,0.025740594059405944
2017-04-01 20:00:00,0.025386138613861388
2017-04-01 21:00:00,0.02503168316831683
2017-04-01 22:00:00,0.02467722772277228
2017-04-01 23:00:00,0.024322772277227726
2017-04-02 00:00:00,0.02396831683168317
2017-04-02 01:00:00,0.023613861386138614
2017-04-02 02:00:00,0.02325940594059406
2017-04-02 03:00:00,0.02290495049504951
2017-04-02 04:00:00,0.022550495049504952
2017-04-02 05:00:00,0.022196039603960396
2017-04-02 06:00:00,0.021841584158415844
2017-04-02 07:00:00,0.02148712871287129
2017-04-02 08:00:00,0.021132673267326735
2017-04-02 09:00:00,0.02077821782178218
2017-04-02 10:00:00,0.020423762376237626
2017-04-02 11:00:00,0.020069306930693073
2017-04-02 12:00:00,0.019714851485148517
2017-04-02 13:00:00,0.01936039603960396
2017-04-02 14:00:00,0.019005940594059408
2017-04-02 15:00:00,0.018651485148514856
2017-04-02 16:00:00,0.0182970297029703
2017-04-02 17:00:00,0.017942574257425743
2017-04-02 18:00:00,0.01758811881188119
2017-04-02 19:00:00,0.017233663366336638
2017-04-02 20:00:00,0.01687920792079208
2017-04-02 21:00:00,0.016524752475247526
2017-04-02 22:00:00,0.016170297029702973
2017-04-02 23:00:00,0.01581584158415842
2017-04-03 00:00:00,0.015461386138613864
2017-04-03 01:00:00,0.015106930693069308
2017-04-03 02:00:00,0.014752475247524755
2017-04-03 03:00:00,0.014398019801980202
2017-04-03 04:00:00,0.014043564356435646
2017-04-03 05:00:00,0.01368910891089109
2017-04-03 06:00:00,0.013334653465346537
2017-04-03 07:00:00,0.012980198019801985
2017-04-03 08:00:00,0.012625742574257429
2017-04-03 09:00:00,0.012271287128712872
2017-04-03 10:00:00,0.01191683168316832
2017-04-03 11:00:00,0.011562376237623767
2017-04-03 12:00:00,0.011207920792079211
2017-04-03 13:00:00,0.010853465346534655
2017-04-03 14:00:00,0.010499009900990099
2017-04-03 15:00:00,0.01014455445544555
2017-04-03 16:00:00,0.009790099009900993
2017-04-03 17:00:00,0.009435643564356437
2017-04-03 18:00:00,0.009081188118811888
2017-04-03 19:00:00,0.008726732673267332
2017-04-03 20:00:00,0.008372277227722776
2017-04-03 21:00:00,0.00801782178217822
2017-04-03 22:00:00,0.007663366336633663
2017-04-03 23:00:00,0.007308910891089114
2017-04-04 00:00:00,0.006954455445544558
2017-04-04 01:00:00,0.0066
2017-04-04 02:00:00,0.0024
2017-04-04 03:00:00,0.0027
2017-04-04 04:00:00,0.0039
2017-04-04 05:00:00,0.0092
2017-04-04 06:00:00,0.0148
2017-04-04 07:00:00,0.0243
2017-04-04 08:00:00,0.0314
2017-04-04 09:00:00,0.0385
2017-04-04 10:00:00,0.0331
2017-04-04 11:00:00,0.0379
2017-04-04 12:00:00,0.0401
2017-04-04 13:00:00,0.0479
2017-04-04 14:00:00,0.0451
2017-04-04 15:00:00,0.0493
2017-04-04 16:00:00,0.052
2017-04-04 17:00:00,0.0496
2017-04-04 18:00:00,0.0514
2017-04-04 19:00:00,0.0474
2017-04-04 20:00:00,0.041
2017-04-04 21:00:00,0.0318
2017-04-04 22:00:00,0.0237
2017-04-04 23:00:00,0.0161
2017-04-05 00:00:00,0.009
2017-04-05 01:00:00,0.0068
2017-04-05 02:00:00,0.0046
2017-04-05 03:00:00,0.004
2017-04-05 04:00:00,0.004
2017-04-05 05:00:00,0.0096
2017-04-05 06:00:00,0.0155
2017-04-05 07:00:00,0.0253
2017-04-05 08:00:00,0.0317
2017-04-05 09:00:00,0.0391
2017-04-05 10:00:00,0.0363
2017-04-05 11:00:00,0.0355
2017-04-05 12:00:00,0.0411
2017-04-05 13:00:00,0.0469
2017-04-05 14:00:00,0.048
2017-04-05 15:00:00,0.0469
2017-04-05 16:00:00,0.0519
2017-04-05 17:00:00,0.05
2017-04-05 18:00:00,0.0499
2017-04-05 19:00:00,0.0474
2017-04-05 20:00:00,0.0432
2017-04-05 21:00:00,0.0365
2017-04-05 22:00:00,0.0288
2017-04-05 23:00:00,0.0166
2017-04-06 00:00:00,0.0114
2017-04-06 01:00:00,0.008
2017-04-06 02:00:00,0.0051
2017-04-06 03:00:00,0.0042
2017-04-06 04:00:00,0.0041
2017-04-06 05:00:00,0.0094
2017-04-06 06:00:00,0.0167
2017-04-06 07:00:00,0.0267
2017-04-06 08:00:00,0.031
2017-04-06 09:00:00,0.0392
2017-04-06 10:00:00,0.0374
2017-04-06 11:00:00,0.0353
2017-04-06 12:00:00,0.0434
2017-04-06 13:00:00,0.0456
2017-04-06 14:00:00,0.0469
2017-04-06 15:00:00,0.0512
2017-04-06 16:00:00,0.0536
2017-04-06 17:00:00,0.0498
2017-04-06 18:00:00,0.0505
2017-04-06 19:00:00,0.0475
2017-04-06 20:00:00,0.0426
2017-04-06 21:00:00,0.0357
2017-04-06 22:00:00,0.0288
2017-04-06 23:00:00,0.0173
2017-04-07 00:00:00,0.0107
2017-04-07 01:00:00,0.0083
2017-04-07 02:00:00,0.0051
2017-04-07 03:00:00,0.0043
2017-04-07 04:00:00,0.0046
2017-04-07 05:00:00,0.0074
2017-04-07 06:00:00,0.0169
2017-04-07 07:00:00,0.0249
2017-04-07 08:00:00,0.0313
2017-04-07 09:00:00,0.0406
2017-04-07 10:00:00,0.0374
2017-04-07 11:00:00,0.0383
2017-04-07 12:00:00,0.0393
2017-04-07 13:00:00,0.0491
2017-04-07 14:00:00,0.0477
2017-04-07 15:00:00,0.0489
2017-04-07 16:00:00,0.0541
2017-04-07 17:00:00,0.0528
2017-04-07 18:00:00,0.0508
2017-04-07 19:00:00,0.0474
2017-04-07 20:00:00,0.0445
2017-04-07 21:00:00,0.0387
2017-04-07 22:00:00,0.0322
2017-04-07 23:00:00,0.0186
2017-04-08 00:00:00,0.0124
2017-04-08 01:00:00,0.0079
2017-04-08 02:00:00,0.0051
2017-04-08 03:00:00,0.0039
2017-04-08 04:00:00,0.0049
2017-04-08 05:00:00,0.008
2017-04-08 06:00:00,0.0149
2017-04-08 07:00:00,0.0263
2017-04-08 08:00:00,0.0304
2017-04-08 09:00:00,0.0445
2017-04-08 10:00:00,0.0378
2017-04-08 11:00:00,0.0372
2017-04-08 12:00:00,0.0433
2017-04-08 13:00:00,0.0473
2017-04-08 14:00:00,0.0505
2017-04-08 15:00:00,0.0495
2017-04-08 16:00:00,0.0505
2017-04-08 17:00:00,0.0534
2017-04-08 18:00:00,0.05
2017-04-08 19:00:00,0.0471
2017-04-08 20:00:00,0.0457
2017-04-08 21:00:00,0.0335
2017-04-08 22:00:00,0.027
2017-04-08 23:00:00,0.0214
2017-04-09 00:00:00,0.0154
2017-04-09 01:00:00,0.0089
2017-04-09 02:00:00,0.0065
2017-04-09 03:00:00,0.005
2017-04-09 04:00:00,0.0049
2017-04-09 05:00:00,0.0055
2017-04-09 06:00:00,0.0087
2017-04-09 07:00:00,0.0134
2017-04-09 08:00:00,0.021
2017-04-09 09:00:00,0.0302
2017-04-09 10:00:00,0.0365
2017-04-09 11:00:00,0.0382
2017-04-09 12:00:00,0.0448
2017-04-09 13:00:00,0.0468
2017-04-09 14:00:00,0.0488
2017-04-09 15:00:00,0.0449
2017-04-09 16:00:00,0.0457
2017-04-09 17:00:00,0.0443
2017-04-09 18:00:00,0.0421
2017-04-09 19:00:00,0.0401
2017-04-09 20:00:00,0.0373
2017-04-09 21:00:00,0.0303
2017-04-09 22:00:00,0.0253
2017-04-09 23:00:00,0.0238
2017-04-10 00:00:00,0.0194
2017-04-10 01:00:00,0.012
2017-04-10 02:00:00,0.0077
2017-04-10 03:00:00,0.0056
2017-04-10 04:00:00,0.0038
2017-04-10 05:00:00,0.0033
2017-04-10 06:00:00,0.0048
2017-04-10 07:00:00,0.0084
2017-04-10 08:00:00,0.0119
2017-04-10 09:00:00,0.018
2017-04-10 10:00:00,0.0249
2017-04-10 11:00:00,0.0301
2017-04-10 12:00:00,0.0332
2017-04-10 13:00:00,0.039
2017-04-10 14:00:00,0.0409
2017-04-10 15:00:00,0.0359
2017-04-10 16:00:00,0.0358
2017-04-10 17:00:00,0.0361
2017-04-10 18:00:00,0.038
2017-04-10 19:00:00,0.0361
2017-04-10 20:00:00,0.0337
2017-04-10 21:00:00,0.0241
2017-04-10 22:00:00,0.019
2017-04-10 23:00:00,0.0129
2017-04-11 00:00:00,0.0097
2017-04-11 01:00:00,0.0072
2017-04-11 02:00:00,0.0035
2017-04-11 03:00:00,0.0029
2017-04-11 04:00:00,0.0043
2017-04-11 05:00:00,0.0071
2017-04-11 06:00:00,0.0152
2017-04-11 07:00:00,0.0228
2017-04-11 08:00:00,0.0349
2017-04-11 09:00:00,0.0366
2017-04-11 10:00:00,0.0335
2017-04-11 11:00:00,0.036
2017-04-11 12:00:00,0.0436
2017-04-11 13:00:00,0.0453
2017-04-11 14:00:00,0.0498
2017-04-11 15:00:00,0.05
2017-04-11 16:00:00,0.0522
2017-04-11 17:00:00,0.0475
2017-04-11 18:00:00,0.0479
2017-04-11 19:00:00,0.0463
2017-04-11 20:00:00,0.0315
2017-04-11 21:00:00,0.0372
2017-04-11 22:00:00,0.024
2017-04-11 23:00:00,0.0153
2017-04-12 00:00:00,0.0092
2017-04-12 01:00:00,0.0063
2017-04-12 02:00:00,0.0052
2017-04-12 03:00:00,0.0026
2017-04-12 04:00:00,0.0049
2017-04-12 05:00:00,0.0091
2017-04-12 06:00:00,0.0169
2017-04-12 07:00:00,0.0264
2017-04-12 08:00:00,0.0358
2017-04-12 09:00:00,0.0417
2017-04-12 10:00:00,0.0375
2017-04-12 11:00:00,0.0354
2017-04-12 12:00:00,0.0442
2017-04-12 13:00:00,0.0478
2017-04-12 14:00:00,0.0451
2017-04-12 15:00:00,0.0456
2017-04-12 16:00:00,0.0525
2017-04-12 17:00:00,0.0488
2017-04-12 18:00:00,0.0499
2017-04-12 19:00:00,0.0477
2017-04-12 20:00:00,0.0413
2017-04-12 21:00:00,0.0326
2017-04-12 22:00:00,0.0282
2017-04-12 23:00:00,0.0169
2017-04-13 00:00:00,0.0107
2017-04-13 01:00:00,0.0077
2017-04-13 02:00:00,0.0047
2017-04-13 03:00:00,0.0044
2017-04-13 04:00:00,0.0048
2017-04-13 05:00:00,0.0082
2017-04-13 06:00:00,0.0171
2017-04-13 07:00:00,0.028
2017-04-13 08:00:00,0.0373
2017-04-13 09:00:00,0.0391
2017-04-13 10:00:00,0.032
2017-04-13 11:00:00,0.0346
2017-04-13 12:00:00,0.0401
2017-04-13 13:00:00,0.0488
2017-04-13 14:00:00,0.0448
2017-04-13 15:00:00,0.0484
2017-04-13 16:00:00,0.0495
2017-04-13 17:00:00,0.0463
2017-04-13 18:00:00,0.0466
2017-04-13 19:00:00,0.0392
2017-04-13 20:00:00,0.0449
2017-04-13 21:00:00,0.0013
2017-04-13 22:00:00,0.0
2017-04-13 23:00:00,0.0
2017-04-14 00:00:00,0.0
2017-04-14 01:00:00,0.0075
2017-04-14 02:00:00,0.0049
2017-04-14 03:00:00,0.0048
2017-04-14 04:00:00,0.0055
2017-04-14 05:00:00,0.0091
2017-04-14 06:00:00,0.0153
2017-04-14 07:00:00,0.0256
2017-04-14 08:00:00,0.0362
2017-04-14 09:00:00,0.0423
2017-04-14 10:00:00,0.0372
2017-04-14 11:00:00,0.0378
2017-04-14 12:00:00,0.0435
2017-04-14 13:00:00,0.0499
2017-04-14 14:00:00,0.0405
2017-04-14 15:00:00,0.0523
2017-04-14 16:00:00,0.0563
2017-04-14 17:00:00,0.0524
2017-04-14 18:00:00,0.05211980198019802
2017-04-14 19:00:00,0.05183960396039604
2017-04-14 20:00:00,0.051559405940594064
2017-04-14 21:00:00,0.05127920792079208
2017-04-14 22:00:00,0.0509990099009901
2017-04-14 23:00:00,0.05071881188118812
2017-04-15 00:00:00,0.05043861386138614
2017-04-15 01:00:00,0.05015841584158416
2017-04-15 02:00:00,0.04987821782178218
2017-04-15 03:00:00,0.0495980198019802
2017-04-15 04:00:00,0.04931782178217822
2017-04-15 05:00:00,0.04903762376237624
2017-04-15 06:00:00,0.04875742574257426
2017-04-15 07:00:00,0.04847722772277228
2017-04-15 08:00:00,0.048197029702970295
2017-04-15 09:00:00,0.04791683168316832
2017-04-15 10:00:00,0.04763663366336634
2017-04-15 11:00:00,0.04735643564356436
2017-04-15 12:00:00,0.04707623762376238
2017-04-15 13:00:00,0.0467960396039604
2017-04-15 14:00:00,0.04651584158415842
2017-04-15 15:00:00,0.046235643564356436
2017-04-15 16:00:00,0.045955445544554455
2017-04-15 17:00:00,0.04567524752475248
2017-04-15 18:00:00,0.0453950495049505
2017-04-15 19:00:00,0.045114851485148516
2017-04-15 20:00:00,0.044834653465346534
2017-04-15 21:00:00,0.04455445544554455
2017-04-15 22:00:00,0.04427425742574258
2017-04-15 23:00:00,0.043994059405940596
2017-04-16 00:00:00,0.043713861386138614
2017-04-16 01:00:00,0.04343366336633664
2017-04-16 02:00:00,0.04315346534653466
2017-04-16 03:00:00,0.042873267326732675
2017-04-16 04:00:00,0.04259306930693069
2017-04-16 05:00:00,0.04231287128712871
2017-04-16 06:00:00,0.04203267326732674
2017-04-16 07:00:00,0.041752475247524755
2017-04-16 08:00:00,0.04147227722772277
2017-04-16 09:00:00,0.0411920792079208
2017-04-16 10:00:00,0.04091188118811881
2017-04-16 11:00:00,0.040631683168316834
2017-04-16 12:00:00,0.04035148514851485
2017-04-16 13:00:00,0.04007128712871287
2017-04-16 14:00:00,0.039791089108910896
2017-04-16 15:00:00,0.039510891089108914
2017-04-16 16:00:00,0.03923069306930693
2017-04-16 17:00:00,0.03895049504950495
2017-04-16 18:00:00,0.03867029702970297
2017-04-16 19:00:00,0.038390099009900994
2017-04-16 20:00:00,0.03810990099009901
2017-04-16 21:00:00,0.03782970297029703
2017-04-16 22:00:00,0.037549504950495055
2017-04-16 23:00:00,0.03726930693069307
2017-04-17 00:00:00,0.03698910891089109
2017-04-17 01:00:00,0.03670891089108911
2017-04-17 02:00:00,0.03642871287128713
2017-04-17 03:00:00,0.03614851485148515
2017-04-17 04:00:00,0.03586831683168317
2017-04-17 05:00:00,0.03558811881188119
2017-04-17 06:00:00,0.035307920792079214
2017-04-17 07:00:00,0.035027722772277226
2017-04-17 08:00:00,0.03474752475247525
2017-04-17 09:00:00,0.03446732673267327
2017-04-17 10:00:00,0.03418712871287129
2017-04-17 11:00:00,0.03390693069306931
2017-04-17 12:00:00,0.03362673267326732
2017-04-17 13:00:00,0.03334653465346535
2017-04-17 14:00:00,0.03306633663366337
2017-04-17 15:00:00,0.032786138613861385
2017-04-17 16:00:00,0.03250594059405941
2017-04-17 17:00:00,0.03222574257425743
2017-04-17 18:00:00,0.031945544554455446
2017-04-17 19:00:00,0.03166534653465347
2017-04-17 20:00:00,0.03138514851485148
2017-04-17 21:00:00,0.031104950495049508
2017-04-17 22:00:00,0.030824752475247526
2017-04-17 23:00:00,0.030544554455445547
2017-04-18 00:00:00,0.030264356435643566
2017-04-18 01:00:00,0.029984158415841587
2017-04-18 02:00:00,0.029703960396039605
2017-04-18 03:00:00,0.029423762376237624
2017-04-18 04:00:00,0.029143564356435645
2017-04-18 05:00:00,0.028863366336633663
2017-04-18 06:00:00,0.028583168316831685
2017-04-18 07:00:00,0.028302970297029703
2017-04-18 08:00:00,0.028022772277227725
2017-04-18 09:00:00,0.027742574257425743
2017-04-18 10:00:00,0.027462376237623765
2017-04-18 11:00:00,0.027182178217821783
2017-04-18 12:00:00,0.026901980198019804
2017-04-18 13:00:00,0.026621782178217823
2017-04-18 14:00:00,0.026341584158415844
2017-04-18 15:00:00,0.026061386138613862
2017-04-18 16:00:00,0.025781188118811884
2017-04-18 17:00:00,0.025500990099009902
2017-04-18 18:00:00,0.02522079207920792
2017-04-18 19:00:00,0.024940594059405942
2017-04-18 20:00:00,0.02466039603960396
2017-04-18 21:00:00,0.02438019801980198
2017-04-18 22:00:00,0.0241
2017-04-18 23:00:00,0.0149
2017-04-19 00:00:00,0.0094
2017-04-19 01:00:00,0.006
2017-04-19 02:00:00,0.0055
2017-04-19 03:00:00,0.0042
2017-04-19 04:00:00,0.005
2017-04-19 05:00:00,0.0072
2017-04-19 06:00:00,0.0145
2017-04-19 07:00:00,0.0259
2017-04-19 08:00:00,0.0367
2017-04-19 09:00:00,0.0392
2017-04-19 10:00:00,0.0341
2017-04-19 11:00:00,0.0357
2017-04-19 12:00:00,0.0427
2017-04-19 13:00:00,0.0471
2017-04-19 14:00:00,0.0479
2017-04-19 15:00:00,0.0466
2017-04-19 16:00:00,0.0539
2017-04-19 17:00:00,0.0509
2017-04-19 18:00:00,0.048
2017-04-19 19:00:00,0.0469
2017-04-19 20:00:00,0.0442
2017-04-19 21:00:00,0.0349
2017-04-19 22:00:00,0.0275
2017-04-19 23:00:00,0.018
2017-04-20 00:00:00,0.0101
2017-04-20 01:00:00,0.0082
2017-04-20 02:00:00,0.0051
2017-04-20 03:00:00,0.0039
2017-04-20 04:00:00,0.0047
2017-04-20 05:00:00,0.0077
2017-04-20 06:00:00,0.0167
2017-04-20 07:00:00,0.0267
2017-04-20 08:00:00,0.0381
2017-04-20 09:00:00,0.0419
2017-04-20 10:00:00,0.0361
2017-04-20 11:00:00,0.037
2017-04-20 12:00:00,0.0426
2017-04-20 13:00:00,0.0496
2017-04-20 14:00:00,0.0517
2017-04-20 15:00:00,0.0474
2017-04-20 16:00:00,0.0529
2017-04-20 17:00:00,0.0509
2017-04-20 18:00:00,0.0523
2017-04-20 19:00:00,0.0491
2017-04-20 20:00:00,0.0437
2017-04-20 21:00:00,0.038
2017-04-20 22:00:00,0.0283
2017-04-20 23:00:00,0.0172
2017-04-21 00:00:00,0.0104
2017-04-21 01:00:00,0.0083
2017-04-21 02:00:00,0.0052
2017-04-21 03:00:00,0.0043
2017-04-21 04:00:00,0.005
2017-04-21 05:00:00,0.0083
2017-04-21 06:00:00,0.0176
2017-04-21 07:00:00,0.0273
2017-04-21 08:00:00,0.0371
2017-04-21 09:00:00,0.0415
2017-04-21 10:00:00,0.0365
2017-04-21 11:00:00,0.033
2017-04-21 12:00:00,0.0456
2017-04-21 13:00:00,0.0485
2017-04-21 14:00:00,0.0492
2017-04-21 15:00:00,0.0511
2017-04-21 16:00:00,0.0554
2017-04-21 17:00:00,0.0526
2017-04-21 18:00:00,0.0522
2017-04-21 19:00:00,0.05
2017-04-21 20:00:00,0.0472
2017-04-21 21:00:00,0.0371
2017-04-21 22:00:00,0.027
2017-04-21 23:00:00,0.0177
2017-04-22 00:00:00,0.0128
2017-04-22 01:00:00,0.0079
2017-04-22 02:00:00,0.0062
2017-04-22 03:00:00,0.0045
2017-04-22 04:00:00,0.0046
2017-04-22 05:00:00,0.0079
2017-04-22 06:00:00,0.0152
2017-04-22 07:00:00,0.0269
2017-04-22 08:00:00,0.0374
2017-04-22 09:00:00,0.0436
2017-04-22 10:00:00,0.0376
2017-04-22 11:00:00,0.0414
2017-04-22 12:00:00,0.0459
2017-04-22 13:00:00,0.0474
2017-04-22 14:00:00,0.0513
2017-04-22 15:00:00,0.0533
2017-04-22 16:00:00,0.0576
2017-04-22 17:00:00,0.0549
2017-04-22 18:00:00,0.0552
2017-04-22 19:00:00,0.0505
2017-04-22 20:00:00,0.0445
2017-04-22 21:00:00,0.0365
2017-04-22 22:00:00,0.0284
2017-04-22 23:00:00,0.026
2017-04-23 00:00:00,0.018
2017-04-23 01:00:00,0.0126
2017-04-23 02:00:00,0.0079
2017-04-23 03:00:00,0.0056
2017-04-23 04:00:00,0.0046
2017-04-23 05:00:00,0.0062
2017-04-23 06:00:00,0.0086
2017-04-23 07:00:00,0.0169
2017-04-23 08:00:00,0.0229
2017-04-23 09:00:00,0.0326
2017-04-23 10:00:00,0.0366
2017-04-23 11:00:00,0.041
2017-04-23 12:00:00,0.0445
2017-04-23 13:00:00,0.0492
2017-04-23 14:00:00,0.0485
2017-04-23 15:00:00,0.0496
2017-04-23 16:00:00,0.0509
2017-04-23 17:00:00,0.0492
2017-04-23 18:00:00,0.0488
2017-04-23 19:00:00,0.0465
2017-04-23 20:00:00,0.0398
2017-04-23 21:00:00,0.0317
2017-04-23 22:00:00,0.0261
2017-04-23 23:00:00,0.0219
2017-04-24 00:00:00,0.0171
2017-04-24 01:00:00,0.0143
2017-04-24 02:00:00,0.009
2017-04-24 03:00:00,0.0049
2017-04-24 04:00:00,0.0042
2017-04-24 05:00:00,0.0036
2017-04-24 06:00:00,0.0054
2017-04-24 07:00:00,0.0089
2017-04-24 08:00:00,0.0141
2017-04-24 09:00:00,0.0199
2017-04-24 10:00:00,0.0278
2017-04-24 11:00:00,0.0316
2017-04-24 12:00:00,0.0394
2017-04-24 13:00:00,0.0407
2017-04-24 14:00:00,0.0413
2017-04-24 15:00:00,0.0438
2017-04-24 16:00:00,0.044
2017-04-24 17:00:00,0.042
2017-04-24 18:00:00,0.0399
2017-04-24 19:00:00,0.038
2017-04-24 20:00:00,0.0353
2017-04-24 21:00:00,0.027
2017-04-24 22:00:00,0.0217
2017-04-24 23:00:00,0.0134
2017-04-25 00:00:00,0.0089
2017-04-25 01:00:00,0.0057
2017-04-25 02:00:00,0.0034
2017-04-25 03:00:00,0.0037
2017-04-25 04:00:00,0.0042
2017-04-25 05:00:00,0.0075
2017-04-25 06:00:00,0.0153
2017-04-25 07:00:00,0.0241
2017-04-25 08:00:00,0.0356
2017-04-25 09:00:00,0.0421
2017-04-25 10:00:00,0.0365
2017-04-25 11:00:00,0.0367
2017-04-25 12:00:00,0.0429
2017-04-25 13:00:00,0.0437
2017-04-25 14:00:00,0.0491
2017-04-25 15:00:00,0.0507
2017-04-25 16:00:00,0.052
2017-04-25 17:00:00,0.0532
2017-04-25 18:00:00,0.0526
2017-04-25 19:00:00,0.0462
2017-04-25 20:00:00,0.0383
2017-04-25 21:00:00,0.0311
2017-04-25 22:00:00,0.022
2017-04-25 23:00:00,0.0144
2017-04-26 00:00:00,0.0093
2017-04-26 01:00:00,0.0067
2017-04-26 02:00:00,0.0047
2017-04-26 03:00:00,0.004
2017-04-26 04:00:00,0.0046
2017-04-26 05:00:00,0.0082
2017-04-26 06:00:00,0.0158
2017-04-26 07:00:00,0.0272
2017-04-26 08:00:00,0.038
2017-04-26 09:00:00,0.0431
2017-04-26 10:00:00,0.0374
2017-04-26 11:00:00,0.0363
2017-04-26 12:00:00,0.044
2017-04-26 13:00:00,0.049
2017-04-26 14:00:00,0.0478
2017-04-26 15:00:00,0.0477
2017-04-26 16:00:00,0.0566
2017-04-26 17:00:00,0.0542
2017-04-26 18:00:00,0.0537
2017-04-26 19:00:00,0.0501
2017-04-26 20:00:00,0.0454
2017-04-26 21:00:00,0.0341
2017-04-26 22:00:00,0.026
2017-04-26 23:00:00,0.0181
2017-04-27 00:00:00,0.0118
2017-04-27 01:00:00,0.0078
2017-04-27 02:00:00,0.005
2017-04-27 03:00:00,0.0042
2017-04-27 04:00:00,0.0044
2017-04-27 05:00:00,0.0083
2017-04-27 06:00:00,0.0161
2017-04-27 07:00:00,0.0281
2017-04-27 08:00:00,0.0367
2017-04-27 09:00:00,0.0455
2017-04-27 10:00:00,0.0368
2017-04-27 11:00:00,0.0374
2017-04-27 12:00:00,0.0451
2017-04-27 13:00:00,0.0499
2017-04-27 14:00:00,0.0474
2017-04-27 15:00:00,0.0494
2017-04-27 16:00:00,0.0535
2017-04-27 17:00:00,0.0507
2017-04-27 18:00:00,0.0541
2017-04-27 19:00:00,0.0493
2017-04-27 20:00:00,0.0429
2017-04-27 21:00:00,0.0359
2017-04-27 22:00:00,0.0254
2017-04-27 23:00:00,0.0176
2017-04-28 00:00:00,0.0111
2017-04-28 01:00:00,0.0089
2017-04-28 02:00:00,0.0045
2017-04-28 03:00:00,0.0042
2017-04-28 04:00:00,0.0046
2017-04-28 05:00:00,0.0079
2017-04-28 06:00:00,0.0156
2017-04-28 07:00:00,0.0262
2017-04-28 08:00:00,0.0357
2017-04-28 09:00:00,0.0442
2017-04-28 10:00:00,0.0374
2017-04-28 11:00:00,0.038
2017-04-28 12:00:00,0.0392
2017-04-28 13:00:00,0.0465
2017-04-28 14:00:00,0.0468
2017-04-28 15:00:00,0.0521
2017-04-28 16:00:00,0.054
2017-04-28 17:00:00,0.0513
2017-04-28 18:00:00,0.0507
2017-04-28 19:00:00,0.0491
2017-04-28 20:00:00,0.0453
2017-04-28 21:00:00,0.0388
2017-04-28 22:00:00,0.0307
2017-04-28 23:00:00,0.0176
2017-04-29 00:00:00,0.0131
2017-04-29 01:00:00,0.0094
2017-04-29 02:00:00,0.0065
2017-04-29 03:00:00,0.0049
2017-04-29 04:00:00,0.0053
2017-04-29 05:00:00,0.0081
2017-04-29 06:00:00,0.0143
2017-04-29 07:00:00,0.0267
2017-04-29 08:00:00,0.035
2017-04-29 09:00:00,0.043
2017-04-29 10:00:00,0.0393
2017-04-29 11:00:00,0.0396
2017-04-29 12:00:00,0.0476
2017-04-29 13:00:00,0.0507
2017-04-29 14:00:00,0.0538
2017-04-29 15:00:00,0.0514
2017-04-29 16:00:00,0.055
2017-04-29 17:00:00,0.053
2017-04-29 18:00:00,0.0523
2017-04-29 19:00:00,0.0494
2017-04-29 20:00:00,0.0459
2017-04-29 21:00:00,0.039
2017-04-29 22:00:00,0.0292
2017-04-29 23:00:00,0.0234
2017-04-30 00:00:00,0.0175
2017-04-30 01:00:00,0.0132
2017-04-30 02:00:00,0.0097
2017-04-30 03:00:00,0.0057
2017-04-30 04:00:00,0.006
2017-04-30 05:00:00,0.007
2017-04-30 06:00:00,0.0097
2017-04-30 07:00:00,0.0144
2017-04-30 08:00:00,0.0214
2017-04-30 09:00:00,0.0287
2017-04-30 10:00:00,0.0329
2017-04-30 11:00:00,0.0384
2017-04-30 12:00:00,0.0442
2017-04-30 13:00:00,0.0475
2017-04-30 14:00:00,0.0474
2017-04-30 15:00:00,0.0468
2017-04-30 16:00:00,0.0461
2017-04-30 17:00:00,0.0481
2017-04-30 18:00:00,0.0438
2017-04-30 19:00:00,0.0457
2017-04-30 20:00:00,0.0347
2017-04-30 21:00:00,0.0251
2017-04-30 22:00:00,0.0237
2017-04-30 23:00:00,0.0176
2017-05-01 00:00:00,0.0146
2017-05-01 01:00:00,0.0107
2017-05-01 02:00:00,0.0087
2017-05-01 03:00:00,0.0
2017-05-01 04:00:00,0.0044
2017-05-01 05:00:00,0.0033
2017-05-01 06:00:00,0.0039
2017-05-01 07:00:00,0.0054
2017-05-01 08:00:00,0.0083
2017-05-01 09:00:00,0.0153
2017-05-01 10:00:00,0.0214
2017-05-01 11:00:00,0.0286
2017-05-01 12:00:00,0.0325
2017-05-01 13:00:00,0.0367
2017-05-01 14:00:00,0.0405
2017-05-01 15:00:00,0.0424
2017-05-01 16:00:00,0.0382
2017-05-01 17:00:00,0.0364
2017-05-01 18:00:00,0.0384
2017-05-01 19:00:00,0.0409
2017-05-01 20:00:00,0.0377
2017-05-01 21:00:00,0.0274
2017-05-01 22:00:00,0.0217
2017-05-01 23:00:00,0.0153
2017-05-02 00:00:00,0.0113
2017-05-02 01:00:00,0.0084
2017-05-02 02:00:00,0.0065
2017-05-02 03:00:00,0.0036
2017-05-02 04:00:00,0.0023
2017-05-02 05:00:00,0.0042
2017-05-02 06:00:00,0.0083
2017-05-02 07:00:00,0.0144
2017-05-02 08:00:00,0.0239
2017-05-02 09:00:00,0.0368
2017-05-02 10:00:00,0.0427
2017-05-02 11:00:00,0.0336
2017-05-02 12:00:00,0.0354
2017-05-02 13:00:00,0.0424
2017-05-02 14:00:00,0.0406
2017-05-02 15:00:00,0.0441
2017-05-02 16:00:00,0.052
2017-05-02 17:00:00,0.0522
2017-05-02 18:00:00,0.0485
2017-05-02 19:00:00,0.0482
2017-05-02 20:00:00,0.0481
2017-05-02 21:00:00,0.0342
2017-05-02 22:00:00,0.0266
2017-05-02 23:00:00,0.0193
2017-05-03 00:00:00,0.0139
2017-05-03 01:00:00,0.0092
2017-05-03 02:00:00,0.0064
2017-05-03 03:00:00,0.0044
2017-05-03 04:00:00,0.0027
2017-05-03 05:00:00,0.0038
2017-05-03 06:00:00,0.0078
2017-05-03 07:00:00,0.0147
2017-05-03 08:00:00,0.0265
2017-05-03 09:00:00,0.0369
2017-05-03 10:00:00,0.0409
2017-05-03 11:00:00,0.0338
2017-05-03 12:00:00,0.0377
2017-05-03 13:00:00,0.046
2017-05-03 14:00:00,0.0475
2017-05-03 15:00:00,0.0493
2017-05-03 16:00:00,0.045
2017-05-03 17:00:00,0.0524
2017-05-03 18:00:00,0.0508
2017-05-03 19:00:00,0.0515
2017-05-03 20:00:00,0.0491
2017-05-03 21:00:00,0.0421
2017-05-03 22:00:00,0.0354
2017-05-03 23:00:00,0.025
2017-05-04 00:00:00,0.0164
2017-05-04 01:00:00,0.0106
2017-05-04 02:00:00,0.0063
2017-05-04 03:00:00,0.0051
2017-05-04 04:00:00,0.0039
2017-05-04 05:00:00,0.004
2017-05-04 06:00:00,0.0083
2017-05-04 07:00:00,0.0156
2017-05-04 08:00:00,0.0273
2017-05-04 09:00:00,0.0367
2017-05-04 10:00:00,0.0431
2017-05-04 11:00:00,0.0376
2017-05-04 12:00:00,0.0367
2017-05-04 13:00:00,0.0427
2017-05-04 14:00:00,0.0492
2017-05-04 15:00:00,0.0466
2017-05-04 16:00:00,0.0461
2017-05-04 17:00:00,0.053
2017-05-04 18:00:00,0.0519
2017-05-04 19:00:00,0.0543
2017-05-04 20:00:00,0.0496
2017-05-04 21:00:00,0.042
2017-05-04 22:00:00,0.0359
2017-05-04 23:00:00,0.0264
2017-05-05 00:00:00,0.017
2017-05-05 01:00:00,0.0116
2017-05-05 02:00:00,0.0078
2017-05-05 03:00:00,0.0048
2017-05-05 04:00:00,0.004
2017-05-05 05:00:00,0.0044
2017-05-05 06:00:00,0.0085
2017-05-05 07:00:00,0.016
2017-05-05 08:00:00,0.0257
2017-05-05 09:00:00,0.0393
2017-05-05 10:00:00,0.0443
2017-05-05 11:00:00,0.0383
2017-05-05 12:00:00,0.0405
2017-05-05 13:00:00,0.0422
2017-05-05 14:00:00,0.0503
2017-05-05 15:00:00,0.0488
2017-05-05 16:00:00,0.0527
2017-05-05 17:00:00,0.0559
2017-05-05 18:00:00,0.0535
2017-05-05 19:00:00,0.0563
2017-05-05 20:00:00,0.0491
2017-05-05 21:00:00,0.0411
2017-05-05 22:00:00,0.0318
2017-05-05 23:00:00,0.0293
2017-05-06 00:00:00,0.0172
2017-05-06 01:00:00,0.0113
2017-05-06 02:00:00,0.0082
2017-05-06 03:00:00,0.0055
2017-05-06 04:00:00,0.0043
2017-05-06 05:00:00,0.005
2017-05-06 06:00:00,0.0086
2017-05-06 07:00:00,0.0159
2017-05-06 08:00:00,0.0292
2017-05-06 09:00:00,0.0392
2017-05-06 10:00:00,0.0434
2017-05-06 11:00:00,0.0396
2017-05-06 12:00:00,0.0428
2017-05-06 13:00:00,0.0454
2017-05-06 14:00:00,0.0475
2017-05-06 15:00:00,0.0517
2017-05-06 16:00:00,0.0522
2017-05-06 17:00:00,0.0546
2017-05-06 18:00:00,0.0541
2017-05-06 19:00:00,0.0572
2017-05-06 20:00:00,0.0483
2017-05-06 21:00:00,0.0414
2017-05-06 22:00:00,0.0359
2017-05-06 23:00:00,0.0288
2017-05-07 00:00:00,0.0213
2017-05-07 01:00:00,0.0166
2017-05-07 02:00:00,0.0126
2017-05-07 03:00:00,0.0072
2017-05-07 04:00:00,0.0048
2017-05-07 05:00:00,0.0052
2017-05-07 06:00:00,0.0054
2017-05-07 07:00:00,0.0082
2017-05-07 08:00:00,0.0153
2017-05-07 09:00:00,0.025
2017-05-07 10:00:00,0.0308
2017-05-07 11:00:00,0.0381
2017-05-07 12:00:00,0.0397
2017-05-07 13:00:00,0.0467
2017-05-07 14:00:00,0.0459
2017-05-07 15:00:00,0.0495
2017-05-07 16:00:00,0.0439
2017-05-07 17:00:00,0.0481
2017-05-07 18:00:00,0.0477
2017-05-07 19:00:00,0.0491
2017-05-07 20:00:00,0.0462
2017-05-07 21:00:00,0.0374
2017-05-07 22:00:00,0.0291
2017-05-07 23:00:00,0.0249
2017-05-08 00:00:00,0.0186
2017-05-08 01:00:00,0.0157
2017-05-08 02:00:00,0.0106
2017-05-08 03:00:00,0.0073
2017-05-08 04:00:00,0.0041
2017-05-08 05:00:00,0.0032
2017-05-08 06:00:00,0.0029
2017-05-08 07:00:00,0.0049
2017-05-08 08:00:00,0.008
2017-05-08 09:00:00,0.0149
2017-05-08 10:00:00,0.0188
2017-05-08 11:00:00,0.0246
2017-05-08 12:00:00,0.03
2017-05-08 13:00:00,0.0359
2017-05-08 14:00:00,0.0399
2017-05-08 15:00:00,0.0408
2017-05-08 16:00:00,0.0377
2017-05-08 17:00:00,0.0388
2017-05-08 18:00:00,0.0379
2017-05-08 19:00:00,0.0406
2017-05-08 20:00:00,0.0363
2017-05-08 21:00:00,0.0282
2017-05-08 22:00:00,0.022
2017-05-08 23:00:00,0.0157
2017-05-09 00:00:00,0.0116
2017-05-09 01:00:00,0.008
2017-05-09 02:00:00,0.0058
2017-05-09 03:00:00,0.0028
2017-05-09 04:00:00,0.0026
2017-05-09 05:00:00,0.0043
2017-05-09 06:00:00,0.0071
2017-05-09 07:00:00,0.0138
2017-05-09 08:00:00,0.0255
2017-05-09 09:00:00,0.0349
2017-05-09 10:00:00,0.0399
2017-05-09 11:00:00,0.0375
2017-05-09 12:00:00,0.0359
2017-05-09 13:00:00,0.039
2017-05-09 14:00:00,0.0426
2017-05-09 15:00:00,0.0411
2017-05-09 16:00:00,0.0444
2017-05-09 17:00:00,0.0527
2017-05-09 18:00:00,0.0446
2017-05-09 19:00:00,0.0525
2017-05-09 20:00:00,0.0438
2017-05-09 21:00:00,0.0336
2017-05-09 22:00:00,0.0222
2017-05-09 23:00:00,0.0184
2017-05-10 00:00:00,0.0126
2017-05-10 01:00:00,0.0093
2017-05-10 02:00:00,0.0064
2017-05-10 03:00:00,0.0039
2017-05-10 04:00:00,0.0034
2017-05-10 05:00:00,0.004
2017-05-10 06:00:00,0.008
2017-05-10 07:00:00,0.0137
2017-05-10 08:00:00,0.0259
2017-05-10 09:00:00,0.0375
2017-05-10 10:00:00,0.0414
2017-05-10 11:00:00,0.0359
2017-05-10 12:00:00,0.0388
2017-05-10 13:00:00,0.0446
2017-05-10 14:00:00,0.046
2017-05-10 15:00:00,0.0503
2017-05-10 16:00:00,0.0533
2017-05-10 17:00:00,0.0548
2017-05-10 18:00:00,0.0522
2017-05-10 19:00:00,0.0555
2017-05-10 20:00:00,0.0502
2017-05-10 21:00:00,0.0446
2017-05-10 22:00:00,0.034
2017-05-10 23:00:00,0.0268
2017-05-11 00:00:00,0.0178
2017-05-11 01:00:00,0.0106
2017-05-11 02:00:00,0.0083
2017-05-11 03:00:00,0.0046
2017-05-11 04:00:00,0.0043
2017-05-11 05:00:00,0.0044
2017-05-11 06:00:00,0.0078
2017-05-11 07:00:00,0.0148
2017-05-11 08:00:00,0.0246
2017-05-11 09:00:00,0.0319
2017-05-11 10:00:00,0.0367
2017-05-11 11:00:00,0.0388
2017-05-11 12:00:00,0.0417
2017-05-11 13:00:00,0.0478
2017-05-11 14:00:00,0.05
2017-05-11 15:00:00,0.0487
2017-05-11 16:00:00,0.0515
2017-05-11 17:00:00,0.0557
2017-05-11 18:00:00,0.0535
2017-05-11 19:00:00,0.0527
2017-05-11 20:00:00,0.0474
2017-05-11 21:00:00,0.0393
2017-05-11 22:00:00,0.0303
2017-05-11 23:00:00,0.0269
2017-05-12 00:00:00,0.0157
2017-05-12 01:00:00,0.0103
2017-05-12 02:00:00,0.0083
2017-05-12 03:00:00,0.0037
2017-05-12 04:00:00,0.0034
2017-05-12 05:00:00,0.0045
2017-05-12 06:00:00,0.0089
2017-05-12 07:00:00,0.0145
2017-05-12 08:00:00,0.0285
2017-05-12 09:00:00,0.0388
2017-05-12 10:00:00,0.0443
2017-05-12 11:00:00,0.0398
2017-05-12 12:00:00,0.0405
2017-05-12 13:00:00,0.0444
2017-05-12 14:00:00,0.0494
2017-05-12 15:00:00,0.0486
2017-05-12 16:00:00,0.0509
2017-05-12 17:00:00,0.0556
2017-05-12 18:00:00,0.0534
2017-05-12 19:00:00,0.0543
2017-05-12 20:00:00,0.0492
2017-05-12 21:00:00,0.0434
2017-05-12 22:00:00,0.0377
2017-05-12 23:00:00,0.0282
2017-05-13 00:00:00,0.0177
2017-05-13 01:00:00,0.0124
2017-05-13 02:00:00,0.0073
2017-05-13 03:00:00,0.0049
2017-05-13 04:00:00,0.0025
2017-05-13 05:00:00,0.0044
2017-05-13 06:00:00,0.0086
2017-05-13 07:00:00,0.0147
2017-05-13 08:00:00,0.0271
2017-05-13 09:00:00,0.0404
2017-05-13 10:00:00,0.0429
2017-05-13 11:00:00,0.0393
2017-05-13 12:00:00,0.0375
2017-05-13 13:00:00,0.0471
2017-05-13 14:00:00,0.0523
2017-05-13 15:00:00,0.0533
2017-05-13 16:00:00,0.0551
2017-05-13 17:00:00,0.0585
2017-05-13 18:00:00,0.0549
2017-05-13 19:00:00,0.0561
2017-05-13 20:00:00,0.0495
2017-05-13 21:00:00,0.0426
2017-05-13 22:00:00,0.0351
2017-05-13 23:00:00,0.0276
2017-05-14 00:00:00,0.0221
2017-05-14 01:00:00,0.0166
2017-05-14 02:00:00,0.0115
2017-05-14 03:00:00,0.0082
2017-05-14 04:00:00,0.0059
2017-05-14 05:00:00,0.0053
2017-05-14 06:00:00,0.0058
2017-05-14 07:00:00,0.008
2017-05-14 08:00:00,0.0129
2017-05-14 09:00:00,0.0232
2017-05-14 10:00:00,0.0306
2017-05-14 11:00:00,0.0339
2017-05-14 12:00:00,0.0355
2017-05-14 13:00:00,0.039
2017-05-14 14:00:00,0.0452
2017-05-14 15:00:00,0.0447
2017-05-14 16:00:00,0.0427
2017-05-14 17:00:00,0.0432
2017-05-14 18:00:00,0.0437
2017-05-14 19:00:00,0.0453
2017-05-14 20:00:00,0.045
2017-05-14 21:00:00,0.0371
2017-05-14 22:00:00,0.0287
2017-05-14 23:00:00,0.0239
2017-05-15 00:00:00,0.021
2017-05-15 01:00:00,0.0169
2017-05-15 02:00:00,0.0107
2017-05-15 03:00:00,0.007
2017-05-15 04:00:00,0.0049
2017-05-15 05:00:00,0.0042
2017-05-15 06:00:00,0.0035
2017-05-15 07:00:00,0.0045
2017-05-15 08:00:00,0.0072
2017-05-15 09:00:00,0.0133
2017-05-15 10:00:00,0.0172
2017-05-15 11:00:00,0.0237
2017-05-15 12:00:00,0.0296
2017-05-15 13:00:00,0.0358
2017-05-15 14:00:00,0.0393
2017-05-15 15:00:00,0.0413
2017-05-15 16:00:00,0.0387
2017-05-15 17:00:00,0.03872970297029703
2017-05-15 18:00:00,0.03875940594059406
2017-05-15 19:00:00,0.03878910891089109
2017-05-15 20:00:00,0.03881881188118812
2017-05-15 21:00:00,0.03884851485148515
2017-05-15 22:00:00,0.03887821782178218
2017-05-15 23:00:00,0.038907920792079206
2017-05-16 00:00:00,0.038937623762376236
2017-05-16 01:00:00,0.038967326732673266
2017-05-16 02:00:00,0.038997029702970296
2017-05-16 03:00:00,0.039026732673267325
2017-05-16 04:00:00,0.039056435643564355
2017-05-16 05:00:00,0.039086138613861385
2017-05-16 06:00:00,0.039115841584158415
2017-05-16 07:00:00,0.039145544554455444
2017-05-16 08:00:00,0.039175247524752474
2017-05-16 09:00:00,0.039204950495049504
2017-05-16 10:00:00,0.03923465346534653
2017-05-16 11:00:00,0.03926435643564356
2017-05-16 12:00:00,0.03929405940594059
2017-05-16 13:00:00,0.03932376237623762
2017-05-16 14:00:00,0.03935346534653465
2017-05-16 15:00:00,0.03938316831683168
2017-05-16 16:00:00,0.03941287128712871
2017-05-16 17:00:00,0.03944257425742574
2017-05-16 18:00:00,0.03947227722772277
2017-05-16 19:00:00,0.0395019801980198
2017-05-16 20:00:00,0.03953168316831683
2017-05-16 21:00:00,0.03956138613861386
2017-05-16 22:00:00,0.03959108910891089
2017-05-16 23:00:00,0.03962079207920792
2017-05-17 00:00:00,0.03965049504950495
2017-05-17 01:00:00,0.03968019801980198
2017-05-17 02:00:00,0.03970990099009901
2017-05-17 03:00:00,0.03973960396039604
2017-05-17 04:00:00,0.03976930693069307
2017-05-17 05:00:00,0.0397990099009901
2017-05-17 06:00:00,0.03982871287128713
2017-05-17 07:00:00,0.03985841584158416
2017-05-17 08:00:00,0.03988811881188119
2017-05-17 09:00:00,0.03991782178217822
2017-05-17 10:00:00,0.03994752475247525
2017-05-17 11:00:00,0.03997722772277228
2017-05-17 12:00:00,0.040006930693069306
2017-05-17 13:00:00,0.040036633663366336
2017-05-17 14:00:00,0.040066336633663366
2017-05-17 15:00:00,0.040096039603960396
2017-05-17 16:00:00,0.040125742574257425
2017-05-17 17:00:00,0.040155445544554455
2017-05-17 18:00:00,0.040185148514851485
2017-05-17 19:00:00,0.040214851485148514
2017-05-17 20:00:00,0.040244554455445544
2017-05-17 21:00:00,0.040274257425742574
2017-05-17 22:00:00,0.040303960396039604
2017-05-17 23:00:00,0.04033366336633663
2017-05-18 00:00:00,0.04036336633663366
2017-05-18 01:00:00,0.04039306930693069
2017-05-18 02:00:00,0.04042277227722772
2017-05-18 03:00:00,0.04045247524752475
2017-05-18 04:00:00,0.04048217821782178
2017-05-18 05:00:00,0.04051188118811881
2017-05-18 06:00:00,0.04054158415841584
2017-05-18 07:00:00,0.04057128712871287
2017-05-18 08:00:00,0.0406009900990099
2017-05-18 09:00:00,0.04063069306930693
2017-05-18 10:00:00,0.04066039603960396
2017-05-18 11:00:00,0.04069009900990099
2017-05-18 12:00:00,0.04071980198019802
2017-05-18 13:00:00,0.04074950495049505
2017-05-18 14:00:00,0.04077920792079208
2017-05-18 15:00:00,0.04080891089108911
2017-05-18 16:00:00,0.04083861386138614
2017-05-18 17:00:00,0.04086831683168317
2017-05-18 18:00:00,0.0408980198019802
2017-05-18 19:00:00,0.04092772277227723
2017-05-18 20:00:00,0.04095742574257426
2017-05-18 21:00:00,0.04098712871287129
2017-05-18 22:00:00,0.04101683168316832
2017-05-18 23:00:00,0.04104653465346535
2017-05-19 00:00:00,0.04107623762376238
2017-05-19 01:00:00,0.041105940594059406
2017-05-19 02:00:00,0.041135643564356436
2017-05-19 03:00:00,0.041165346534653466
2017-05-19 04:00:00,0.041195049504950496
2017-05-19 05:00:00,0.041224752475247525
2017-05-19 06:00:00,0.041254455445544555
2017-05-19 07:00:00,0.041284158415841585
2017-05-19 08:00:00,0.041313861386138614
2017-05-19 09:00:00,0.041343564356435644
2017-05-19 10:00:00,0.041373267326732674
2017-05-19 11:00:00,0.041402970297029704
2017-05-19 12:00:00,0.04143267326732673
2017-05-19 13:00:00,0.04146237623762376
2017-05-19 14:00:00,0.04149207920792079
2017-05-19 15:00:00,0.04152178217821782
2017-05-19 16:00:00,0.04155148514851485
2017-05-19 17:00:00,0.04158118811881188
2017-05-19 18:00:00,0.04161089108910891
2017-05-19 19:00:00,0.04164059405940594
2017-05-19 20:00:00,0.04167029702970297
2017-05-19 21:00:00,0.0417
2017-05-19 22:00:00,0.036
2017-05-19 23:00:00,0.0283
2017-05-20 00:00:00,0.0182
2017-05-20 01:00:00,0.0113
2017-05-20 02:00:00,0.009
2017-05-20 03:00:00,0.0054
2017-05-20 04:00:00,0.0036
2017-05-20 05:00:00,0.0052
2017-05-20 06:00:00,0.008
2017-05-20 07:00:00,0.016
2017-05-20 08:00:00,0.0266
2017-05-20 09:00:00,0.0376
2017-05-20 10:00:00,0.0431
2017-05-20 11:00:00,0.0379
2017-05-20 12:00:00,0.0394
2017-05-20 13:00:00,0.0432
2017-05-20 14:00:00,0.0506
2017-05-20 15:00:00,0.0522
2017-05-20 16:00:00,0.0508
2017-05-20 17:00:00,0.0543
2017-05-20 18:00:00,0.0551
2017-05-20 19:00:00,0.0527
2017-05-20 20:00:00,0.0506
2017-05-20 21:00:00,0.046
2017-05-20 22:00:00,0.0373
2017-05-20 23:00:00,0.0307
2017-05-21 00:00:00,0.0212
2017-05-21 01:00:00,0.0158
2017-05-21 02:00:00,0.0097
2017-05-21 03:00:00,0.0074
2017-05-21 04:00:00,0.0036
2017-05-21 05:00:00,0.0045
2017-05-21 06:00:00,0.0066
2017-05-21 07:00:00,0.0089
2017-05-21 08:00:00,0.0143
2017-05-21 09:00:00,0.0226
2017-05-21 10:00:00,0.029
2017-05-21 11:00:00,0.0338
2017-05-21 12:00:00,0.0398
2017-05-21 13:00:00,0.0434
2017-05-21 14:00:00,0.0467
2017-05-21 15:00:00,0.0484
2017-05-21 16:00:00,0.046
2017-05-21 17:00:00,0.0505
2017-05-21 18:00:00,0.0492
2017-05-21 19:00:00,0.0479
2017-05-21 20:00:00,0.0436
2017-05-21 21:00:00,0.0348
2017-05-21 22:00:00,0.0249
2017-05-21 23:00:00,0.0225
2017-05-22 00:00:00,0.0202
2017-05-22 01:00:00,0.0165
2017-05-22 02:00:00,0.0116
2017-05-22 03:00:00,0.0076
2017-05-22 04:00:00,0.0049
2017-05-22 05:00:00,0.0042
2017-05-22 06:00:00,0.003
2017-05-22 07:00:00,0.0052
2017-05-22 08:00:00,0.0086
2017-05-22 09:00:00,0.0133
2017-05-22 10:00:00,0.0192
2017-05-22 11:00:00,0.0256
2017-05-22 12:00:00,0.0331
2017-05-22 13:00:00,0.035
2017-05-22 14:00:00,0.0419
2017-05-22 15:00:00,0.0396
2017-05-22 16:00:00,0.0422
2017-05-22 17:00:00,0.0407
2017-05-22 18:00:00,0.0406
2017-05-22 19:00:00,0.0406
2017-05-22 20:00:00,0.0358
2017-05-22 21:00:00,0.0295
2017-05-22 22:00:00,0.0241
2017-05-22 23:00:00,0.0168
2017-05-23 00:00:00,0.0137
2017-05-23 01:00:00,0.0093
2017-05-23 02:00:00,0.0057
2017-05-23 03:00:00,0.0033
2017-05-23 04:00:00,0.003
2017-05-23 05:00:00,0.0043
2017-05-23 06:00:00,0.0076
2017-05-23 07:00:00,0.0161
2017-05-23 08:00:00,0.0237
2017-05-23 09:00:00,0.0337
2017-05-23 10:00:00,0.04
2017-05-23 11:00:00,0.035
2017-05-23 12:00:00,0.0401
2017-05-23 13:00:00,0.0448
2017-05-23 14:00:00,0.0442
2017-05-23 15:00:00,0.0498
2017-05-23 16:00:00,0.0544
2017-05-23 17:00:00,0.0517
2017-05-23 18:00:00,0.0567
2017-05-23 19:00:00,0.0518
2017-05-23 20:00:00,0.0492
2017-05-23 21:00:00,0.043
2017-05-23 22:00:00,0.0334
2017-05-23 23:00:00,0.0225
2017-05-24 00:00:00,0.0155
2017-05-24 01:00:00,0.0098
2017-05-24 02:00:00,0.0073
2017-05-24 03:00:00,0.0047
2017-05-24 04:00:00,0.0047
2017-05-24 05:00:00,0.0045
2017-05-24 06:00:00,0.008
2017-05-24 07:00:00,0.014
2017-05-24 08:00:00,0.0236
2017-05-24 09:00:00,0.0349
2017-05-24 10:00:00,0.0399
2017-05-24 11:00:00,0.0411
2017-05-24 12:00:00,0.0451
2017-05-24 13:00:00,0.0487
2017-05-24 14:00:00,0.0525
2017-05-24 15:00:00,0.0502
2017-05-24 16:00:00,0.0512
2017-05-24 17:00:00,0.0559
2017-05-24 18:00:00,0.0552
2017-05-24 19:00:00,0.0531
2017-05-24 20:00:00,0.0512
2017-05-24 21:00:00,0.0454
2017-05-24 22:00:00,0.0346
2017-05-24 23:00:00,0.0282
2017-05-25 00:00:00,0.0178
2017-05-25 01:00:00,0.0121
2017-05-25 02:00:00,0.0079
2017-05-25 03:00:00,0.0056
2017-05-25 04:00:00,0.0046
2017-05-25 05:00:00,0.0046
2017-05-25 06:00:00,0.0075
2017-05-25 07:00:00,0.0139
2017-05-25 08:00:00,0.0223
2017-05-25 09:00:00,0.0315
2017-05-25 10:00:00,0.0374
2017-05-25 11:00:00,0.0389
2017-05-25 12:00:00,0.0445
2017-05-25 13:00:00,0.0484
2017-05-25 14:00:00,0.0545
2017-05-25 15:00:00,0.0557
2017-05-25 16:00:00,0.0538
2017-05-25 17:00:00,0.0602
2017-05-25 18:00:00,0.0536
2017-05-25 19:00:00,0.0524
2017-05-25 20:00:00,0.0499
2017-05-25 21:00:00,0.0466
2017-05-25 22:00:00,0.0364
2017-05-25 23:00:00,0.0271
2017-05-26 00:00:00,0.0195
2017-05-26 01:00:00,0.0134
2017-05-26 02:00:00,0.0089
2017-05-26 03:00:00,0.0069
2017-05-26 04:00:00,0.0045
2017-05-26 05:00:00,0.0047
2017-05-26 06:00:00,0.0041
2017-05-26 07:00:00,0.0058
2017-05-26 08:00:00,0.0077
2017-05-26 09:00:00,0.0121
2017-05-26 10:00:00,0.0144
2017-05-26 11:00:00,0.0195
2017-05-26 12:00:00,0.0242
2017-05-26 13:00:00,0.0329
2017-05-26 14:00:00,0.04
2017-05-26 15:00:00,0.0433
2017-05-26 16:00:00,0.0409
2017-05-26 17:00:00,0.038
2017-05-26 18:00:00,0.0342
2017-05-26 19:00:00,0.0322
2017-05-26 20:00:00,0.0333
2017-05-26 21:00:00,0.0328
2017-05-26 22:00:00,0.0353
2017-05-26 23:00:00,0.032
2017-05-27 00:00:00,0.0236
2017-05-27 01:00:00,0.0166
2017-05-27 02:00:00,0.0106
2017-05-27 03:00:00,0.0066
2017-05-27 04:00:00,0.0048
2017-05-27 05:00:00,0.0036
2017-05-27 06:00:00,0.0045
2017-05-27 07:00:00,0.007
2017-05-27 08:00:00,0.0129
2017-05-27 09:00:00,0.0175
2017-05-27 10:00:00,0.0246
2017-05-27 11:00:00,0.0286
2017-05-27 12:00:00,0.0356
2017-05-27 13:00:00,0.0417
2017-05-27 14:00:00,0.0415
2017-05-27 15:00:00,0.0442
2017-05-27 16:00:00,0.0451
2017-05-27 17:00:00,0.045
2017-05-27 18:00:00,0.0477
2017-05-27 19:00:00,0.0419
2017-05-27 20:00:00,0.0426
2017-05-27 21:00:00,0.0343
2017-05-27 22:00:00,0.0273
2017-05-27 23:00:00,0.0227
2017-05-28 00:00:00,0.0176
2017-05-28 01:00:00,0.0143
2017-05-28 02:00:00,0.0108
2017-05-28 03:00:00,0.0064
2017-05-28 04:00:00,0.0041
2017-05-28 05:00:00,0.0039
2017-05-28 06:00:00,0.0039
2017-05-28 07:00:00,0.0056
2017-05-28 08:00:00,0.0103
2017-05-28 09:00:00,0.0152
2017-05-28 10:00:00,0.0229
2017-05-28 11:00:00,0.0277
2017-05-28 12:00:00,0.0327
2017-05-28 13:00:00,0.0379
2017-05-28 14:00:00,0.0415
2017-05-28 15:00:00,0.0427
2017-05-28 16:00:00,0.0427
2017-05-28 17:00:00,0.0443
2017-05-28 18:00:00,0.0454
2017-05-28 19:00:00,0.0445
2017-05-28 20:00:00,0.0403
2017-05-28 21:00:00,0.034
2017-05-28 22:00:00,0.0266
2017-05-28 23:00:00,0.0235
2017-05-29 00:00:00,0.0218
2017-05-29 01:00:00,0.0158
2017-05-29 02:00:00,0.0102
2017-05-29 03:00:00,0.0062
2017-05-29 04:00:00,0.0046
2017-05-29 05:00:00,0.0041
2017-05-29 06:00:00,0.0037
2017-05-29 07:00:00,0.0055
2017-05-29 08:00:00,0.0074
2017-05-29 09:00:00,0.012
2017-05-29 10:00:00,0.0167
2017-05-29 11:00:00,0.0218
2017-05-29 12:00:00,0.0295
2017-05-29 13:00:00,0.0333
2017-05-29 14:00:00,0.0355
2017-05-29 15:00:00,0.0413
2017-05-29 16:00:00,0.0396
2017-05-29 17:00:00,0.0376
2017-05-29 18:00:00,0.0423
2017-05-29 19:00:00,0.0352
2017-05-29 20:00:00,0.0349
2017-05-29 21:00:00,0.0297
2017-05-29 22:00:00,0.0206
2017-05-29 23:00:00,0.0151
2017-05-30 00:00:00,0.012
2017-05-30 01:00:00,0.0089
2017-05-30 02:00:00,0.0051
2017-05-30 03:00:00,0.0039
2017-05-30 04:00:00,0.0025
2017-05-30 05:00:00,0.0037
2017-05-30 06:00:00,0.0068
2017-05-30 07:00:00,0.0143
2017-05-30 08:00:00,0.0248
2017-05-30 09:00:00,0.0381
2017-05-30 10:00:00,0.0425
2017-05-30 11:00:00,0.0343
2017-05-30 12:00:00,0.0381
2017-05-30 13:00:00,0.0408
2017-05-30 14:00:00,0.047
2017-05-30 15:00:00,0.0496
2017-05-30 16:00:00,0.0533
2017-05-30 17:00:00,0.053184158415841586
2017-05-30 18:00:00,0.05306831683168317
2017-05-30 19:00:00,0.05295247524752475
2017-05-30 20:00:00,0.052836633663366335
2017-05-30 21:00:00,0.05272079207920792
2017-05-30 22:00:00,0.052604950495049506
2017-05-30 23:00:00,0.05248910891089109
2017-05-31 00:00:00,0.05237326732673267
2017-05-31 01:00:00,0.052257425742574255
2017-05-31 02:00:00,0.05214158415841584
2017-05-31 03:00:00,0.052025742574257426
2017-05-31 04:00:00,0.05190990099009901
2017-05-31 05:00:00,0.0517940594059406
2017-05-31 06:00:00,0.051678217821782176
2017-05-31 07:00:00,0.05156237623762376
2017-05-31 08:00:00,0.051446534653465346
2017-05-31 09:00:00,0.05133069306930693
2017-05-31 10:00:00,0.05121485148514852
2017-05-31 11:00:00,0.051099009900990096
2017-05-31 12:00:00,0.05098316831683168
2017-05-31 13:00:00,0.05086732673267327
2017-05-31 14:00:00,0.05075148514851485
2017-05-31 15:00:00,0.05063564356435644
2017-05-31 16:00:00,0.05051980198019802
2017-05-31 17:00:00,0.0504039603960396
2017-05-31 18:00:00,0.05028811881188119
2017-05-31 19:00:00,0.05017227722772277
2017-05-31 20:00:00,0.05005643564356436
2017-05-31 21:00:00,0.04994059405940594
2017-05-31 22:00:00,0.04982475247524752
2017-05-31 23:00:00,0.04970891089108911
2017-06-01 00:00:00,0.04959306930693069
2017-06-01 01:00:00,0.04947722772277228
2017-06-01 02:00:00,0.049361386138613864
2017-06-01 03:00:00,0.04924554455445544
2017-06-01 04:00:00,0.04912970297029703
2017-06-01 05:00:00,0.04901386138613861
2017-06-01 06:00:00,0.0488980198019802
2017-06-01 07:00:00,0.048782178217821784
2017-06-01 08:00:00,0.04866633663366336
2017-06-01 09:00:00,0.04855049504950495
2017-06-01 10:00:00,0.04843465346534653
2017-06-01 11:00:00,0.04831881188118812
2017-06-01 12:00:00,0.048202970297029704
2017-06-01 13:00:00,0.04808712871287128
2017-06-01 14:00:00,0.04797128712871287
2017-06-01 15:00:00,0.047855445544554454
2017-06-01 16:00:00,0.04773960396039604
2017-06-01 17:00:00,0.047623762376237624
2017-06-01 18:00:00,0.04750792079207921
2017-06-01 19:00:00,0.047392079207920795
2017-06-01 20:00:00,0.047276237623762374
2017-06-01 21:00:00,0.04716039603960396
2017-06-01 22:00:00,0.047044554455445545
2017-06-01 23:00:00,0.04692871287128713
2017-06-02 00:00:00,0.046812871287128716
2017-06-02 01:00:00,0.046697029702970294
2017-06-02 02:00:00,0.04658118811881188
2017-06-02 03:00:00,0.046465346534653465
2017-06-02 04:00:00,0.04634950495049505
2017-06-02 05:00:00,0.046233663366336636
2017-06-02 06:00:00,0.046117821782178214
2017-06-02 07:00:00,0.0460019801980198
2017-06-02 08:00:00,0.045886138613861385
2017-06-02 09:00:00,0.04577029702970297
2017-06-02 10:00:00,0.045654455445544556
2017-06-02 11:00:00,0.045538613861386135
2017-06-02 12:00:00,0.04542277227722772
2017-06-02 13:00:00,0.045306930693069306
2017-06-02 14:00:00,0.04519108910891089
2017-06-02 15:00:00,0.045075247524752476
2017-06-02 16:00:00,0.044959405940594055
2017-06-02 17:00:00,0.04484356435643564
2017-06-02 18:00:00,0.044727722772277226
2017-06-02 19:00:00,0.04461188118811881
2017-06-02 20:00:00,0.0444960396039604
2017-06-02 21:00:00,0.044380198019801975
2017-06-02 22:00:00,0.04426435643564357
2017-06-02 23:00:00,0.044148514851485146
2017-06-03 00:00:00,0.04403267326732673
2017-06-03 01:00:00,0.04391683168316832
2017-06-03 02:00:00,0.043800990099009895
2017-06-03 03:00:00,0.04368514851485149
2017-06-03 04:00:00,0.043569306930693066
2017-06-03 05:00:00,0.04345346534653465
2017-06-03 06:00:00,0.04333762376237624
2017-06-03 07:00:00,0.04322178217821782
2017-06-03 08:00:00,0.04310594059405941
2017-06-03 09:00:00,0.04299009900990099
2017-06-03 10:00:00,0.04287425742574257
2017-06-03 11:00:00,0.04275841584158416
2017-06-03 12:00:00,0.04264257425742574
2017-06-03 13:00:00,0.04252673267326733
2017-06-03 14:00:00,0.04241089108910891
2017-06-03 15:00:00,0.04229504950495049
2017-06-03 16:00:00,0.04217920792079208
2017-06-03 17:00:00,0.04206336633663366
2017-06-03 18:00:00,0.04194752475247525
2017-06-03 19:00:00,0.04183168316831683
2017-06-03 20:00:00,0.04171584158415841
2017-06-03 21:00:00,0.0416
2017-06-03 22:00:00,0.0343
2017-06-03 23:00:00,0.0274
2017-06-04 00:00:00,0.0202
2017-06-04 01:00:00,0.0158
2017-06-04 02:00:00,0.011
2017-06-04 03:00:00,0.0072
2017-06-04 04:00:00,0.0044
2017-06-04 05:00:00,0.0045
2017-06-04 06:00:00,0.0051
2017-06-04 07:00:00,0.0074
2017-06-04 08:00:00,0.0131
2017-06-04 09:00:00,0.022
2017-06-04 10:00:00,0.0289
2017-06-04 11:00:00,0.0334
2017-06-04 12:00:00,0.0374
2017-06-04 13:00:00,0.0414
2017-06-04 14:00:00,0.0452
2017-06-04 15:00:00,0.0459
2017-06-04 16:00:00,0.0438
2017-06-04 17:00:00,0.0464
2017-06-04 18:00:00,0.0467
2017-06-04 19:00:00,0.0465
2017-06-04 20:00:00,0.0438
2017-06-04 21:00:00,0.0361
2017-06-04 22:00:00,0.0276
2017-06-04 23:00:00,0.0233
2017-06-05 00:00:00,0.0203
2017-06-05 01:00:00,0.016
2017-06-05 02:00:00,0.0106
2017-06-05 03:00:00,0.0069
2017-06-05 04:00:00,0.0045
2017-06-05 05:00:00,0.004
2017-06-05 06:00:00,0.0032
2017-06-05 07:00:00,0.0049
2017-06-05 08:00:00,0.0078
2017-06-05 09:00:00,0.0133
2017-06-05 10:00:00,0.018
2017-06-05 11:00:00,0.024
2017-06-05 12:00:00,0.0302
2017-06-05 13:00:00,0.0347
2017-06-05 14:00:00,0.0384
2017-06-05 15:00:00,0.0407
2017-06-05 16:00:00,0.0396
2017-06-05 17:00:00,0.0372
2017-06-05 18:00:00,0.0391
2017-06-05 19:00:00,0.0399
2017-06-05 20:00:00,0.0357
2017-06-05 21:00:00,0.029
2017-06-05 22:00:00,0.0218
2017-06-05 23:00:00,0.0156
2017-06-06 00:00:00,0.0121
2017-06-06 01:00:00,0.0085
2017-06-06 02:00:00,0.0058
2017-06-06 03:00:00,0.0033
2017-06-06 04:00:00,0.0026
2017-06-06 05:00:00,0.004
2017-06-06 06:00:00,0.0071
2017-06-06 07:00:00,0.0147
2017-06-06 08:00:00,0.025
2017-06-06 09:00:00,0.0353
2017-06-06 10:00:00,0.0408
2017-06-06 11:00:00,0.0348
2017-06-06 12:00:00,0.0373
2017-06-06 13:00:00,0.0408
2017-06-06 14:00:00,0.0463
2017-06-06 15:00:00,0.0508
2017-06-06 16:00:00,0.0486
2017-06-06 17:00:00,0.0593
2017-06-06 18:00:00,0.0534
2017-06-06 19:00:00,0.0521
2017-06-06 20:00:00,0.0471
2017-06-06 21:00:00,0.043
2017-06-06 22:00:00,0.0297
2017-06-06 23:00:00,0.0227
2017-06-07 00:00:00,0.0149
2017-06-07 01:00:00,0.0099
2017-06-07 02:00:00,0.0066
2017-06-07 03:00:00,0.0052
2017-06-07 04:00:00,0.0037
2017-06-07 05:00:00,0.0048
2017-06-07 06:00:00,0.0081
2017-06-07 07:00:00,0.012
2017-06-07 08:00:00,0.0208
2017-06-07 09:00:00,0.0277
2017-06-07 10:00:00,0.0471
2017-06-07 11:00:00,0.0407
2017-06-07 12:00:00,0.0371
2017-06-07 13:00:00,0.0453
2017-06-07 14:00:00,0.0523
2017-06-07 15:00:00,0.0507
2017-06-07 16:00:00,0.052
2017-06-07 17:00:00,0.0572
2017-06-07 18:00:00,0.0557
2017-06-07 19:00:00,0.0517
2017-06-07 20:00:00,0.0528
2017-06-07 21:00:00,0.0467
2017-06-07 22:00:00,0.0336
2017-06-07 23:00:00,0.0276
2017-06-08 00:00:00,0.0183
2017-06-08 01:00:00,0.0119
2017-06-08 02:00:00,0.0077
2017-06-08 03:00:00,0.0054
2017-06-08 04:00:00,0.0037
2017-06-08 05:00:00,0.0043
2017-06-08 06:00:00,0.0077
2017-06-08 07:00:00,0.0164
2017-06-08 08:00:00,0.0272
2017-06-08 09:00:00,0.0401
2017-06-08 10:00:00,0.0486
2017-06-08 11:00:00,0.0391
2017-06-08 12:00:00,0.0388
2017-06-08 13:00:00,0.0452
2017-06-08 14:00:00,0.0509
2017-06-08 15:00:00,0.0522
2017-06-08 16:00:00,0.0545
2017-06-08 17:00:00,0.0567
2017-06-08 18:00:00,0.0549
2017-06-08 19:00:00,0.0554
2017-06-08 20:00:00,0.0517
2017-06-08 21:00:00,0.0455
2017-06-08 22:00:00,0.0375
2017-06-08 23:00:00,0.0297
2017-06-09 00:00:00,0.0179
2017-06-09 01:00:00,0.0118
2017-06-09 02:00:00,0.009
2017-06-09 03:00:00,0.0052
2017-06-09 04:00:00,0.0051
2017-06-09 05:00:00,0.0049
2017-06-09 06:00:00,0.0076
2017-06-09 07:00:00,0.0146
2017-06-09 08:00:00,0.0248
2017-06-09 09:00:00,0.0394
2017-06-09 10:00:00,0.0439
2017-06-09 11:00:00,0.0351
2017-06-09 12:00:00,0.0378
2017-06-09 13:00:00,0.043
2017-06-09 14:00:00,0.0493
2017-06-09 15:00:00,0.0486
2017-06-09 16:00:00,0.0523
2017-06-09 17:00:00,0.0599
2017-06-09 18:00:00,0.0518
2017-06-09 19:00:00,0.0512
2017-06-09 20:00:00,0.0477
2017-06-09 21:00:00,0.0482
2017-06-09 22:00:00,0.035
2017-06-09 23:00:00,0.0275
2017-06-10 00:00:00,0.0197
2017-06-10 01:00:00,0.0136
2017-06-10 02:00:00,0.0104
2017-06-10 03:00:00,0.0055
2017-06-10 04:00:00,0.0041
2017-06-10 05:00:00,0.0049
2017-06-10 06:00:00,0.0081
2017-06-10 07:00:00,0.0135
2017-06-10 08:00:00,0.0267
2017-06-10 09:00:00,0.0395
2017-06-10 10:00:00,0.0437
2017-06-10 11:00:00,0.0366
2017-06-10 12:00:00,0.0407
2017-06-10 13:00:00,0.0469
2017-06-10 14:00:00,0.0524
2017-06-10 15:00:00,0.0545
2017-06-10 16:00:00,0.0533
2017-06-10 17:00:00,0.0548
2017-06-10 18:00:00,0.0547
2017-06-10 19:00:00,0.0571
2017-06-10 20:00:00,0.0534
2017-06-10 21:00:00,0.0437
2017-06-10 22:00:00,0.0358
2017-06-10 23:00:00,0.0307
2017-06-11 00:00:00,0.0225
2017-06-11 01:00:00,0.0165
2017-06-11 02:00:00,0.0146
2017-06-11 03:00:00,0.0083
2017-06-11 04:00:00,0.0049
2017-06-11 05:00:00,0.0058
2017-06-11 06:00:00,0.0056
2017-06-11 07:00:00,0.008
2017-06-11 08:00:00,0.012
2017-06-11 09:00:00,0.02
2017-06-11 10:00:00,0.0239
2017-06-11 11:00:00,0.034
2017-06-11 12:00:00,0.0375
2017-06-11 13:00:00,0.0426
2017-06-11 14:00:00,0.0466
2017-06-11 15:00:00,0.0494
2017-06-11 16:00:00,0.0489
2017-06-11 17:00:00,0.0494
2017-06-11 18:00:00,0.05
2017-06-11 19:00:00,0.0513
2017-06-11 20:00:00,0.0497
2017-06-11 21:00:00,0.0376
2017-06-11 22:00:00,0.0266
2017-06-11 23:00:00,0.0277
2017-06-12 00:00:00,0.0241
2017-06-12 01:00:00,0.0179
2017-06-12 02:00:00,0.0128
2017-06-12 03:00:00,0.0073
2017-06-12 04:00:00,0.0054
2017-06-12 05:00:00,0.0047
2017-06-12 06:00:00,0.0031
2017-06-12 07:00:00,0.0047
2017-06-12 08:00:00,0.0076
2017-06-12 09:00:00,0.01
2017-06-12 10:00:00,0.018
2017-06-12 11:00:00,0.0219
2017-06-12 12:00:00,0.028
2017-06-12 13:00:00,0.0341
2017-06-12 14:00:00,0.0384
2017-06-12 15:00:00,0.0406
2017-06-12 16:00:00,0.0386
2017-06-12 17:00:00,0.0396
2017-06-12 18:00:00,0.0448
2017-06-12 19:00:00,0.0467
2017-06-12 20:00:00,0.0381
2017-06-12 21:00:00,0.0281
2017-06-12 22:00:00,0.0242
2017-06-12 23:00:00,0.0184
2017-06-13 00:00:00,0.0133
2017-06-13 01:00:00,0.009
2017-06-13 02:00:00,0.0053
2017-06-13 03:00:00,0.0035
2017-06-13 04:00:00,0.0034
2017-06-13 05:00:00,0.004
2017-06-13 06:00:00,0.0076
2017-06-13 07:00:00,0.0146
2017-06-13 08:00:00,0.026
2017-06-13 09:00:00,0.0361
2017-06-13 10:00:00,0.0403
2017-06-13 11:00:00,0.0349
2017-06-13 12:00:00,0.0374
2017-06-13 13:00:00,0.0444
2017-06-13 14:00:00,0.0475
2017-06-13 15:00:00,0.048
2017-06-13 16:00:00,0.0524
2017-06-13 17:00:00,0.0555
2017-06-13 18:00:00,0.0559
2017-06-13 19:00:00,0.0537
2017-06-13 20:00:00,0.0517
2017-06-13 21:00:00,0.044
2017-06-13 22:00:00,0.0325
2017-06-13 23:00:00,0.0226
2017-06-14 00:00:00,0.0158
2017-06-14 01:00:00,0.0105
2017-06-14 02:00:00,0.0075
2017-06-14 03:00:00,0.0048
2017-06-14 04:00:00,0.0035
2017-06-14 05:00:00,0.0043
2017-06-14 06:00:00,0.0091
2017-06-14 07:00:00,0.0137
2017-06-14 08:00:00,0.0253
2017-06-14 09:00:00,0.0379
2017-06-14 10:00:00,0.0423
2017-06-14 11:00:00,0.0347
2017-06-14 12:00:00,0.0435
2017-06-14 13:00:00,0.0462
2017-06-14 14:00:00,0.0515
2017-06-14 15:00:00,0.0483
2017-06-14 16:00:00,0.0532
2017-06-14 17:00:00,0.056
2017-06-14 18:00:00,0.0574
2017-06-14 19:00:00,0.0546
2017-06-14 20:00:00,0.0515
2017-06-14 21:00:00,0.046
2017-06-14 22:00:00,0.0374
2017-06-14 23:00:00,0.0287
2017-06-15 00:00:00,0.022
2017-06-15 01:00:00,0.0126
2017-06-15 02:00:00,0.0084
2017-06-15 03:00:00,0.0057
2017-06-15 04:00:00,0.0044
2017-06-15 05:00:00,0.0041
2017-06-15 06:00:00,0.0082
2017-06-15 07:00:00,0.0163
2017-06-15 08:00:00,0.0263
2017-06-15 09:00:00,0.0384
2017-06-15 10:00:00,0.043
2017-06-15 11:00:00,0.0383
2017-06-15 12:00:00,0.0404
2017-06-15 13:00:00,0.0451
2017-06-15 14:00:00,0.0499
2017-06-15 15:00:00,0.0504
2017-06-15 16:00:00,0.0526
2017-06-15 17:00:00,0.0567
2017-06-15 18:00:00,0.0558
2017-06-15 19:00:00,0.0561
2017-06-15 20:00:00,0.0519
2017-06-15 21:00:00,0.0452
2017-06-15 22:00:00,0.0396
2017-06-15 23:00:00,0.0302
2017-06-16 00:00:00,0.02
2017-06-16 01:00:00,0.0132
2017-06-16 02:00:00,0.0094
2017-06-16 03:00:00,0.0059
2017-06-16 04:00:00,0.0042
2017-06-16 05:00:00,0.0047
2017-06-16 06:00:00,0.0081
2017-06-16 07:00:00,0.0162
2017-06-16 08:00:00,0.0282
2017-06-16 09:00:00,0.0416
2017-06-16 10:00:00,0.0437
2017-06-16 11:00:00,0.0377
2017-06-16 12:00:00,0.0405
2017-06-16 13:00:00,0.0478
2017-06-16 14:00:00,0.0505
2017-06-16 15:00:00,0.0526
2017-06-16 16:00:00,0.0545
2017-06-16 17:00:00,0.0589
2017-06-16 18:00:00,0.0576
2017-06-16 19:00:00,0.0577
2017-06-16 20:00:00,0.0547
2017-06-16 21:00:00,0.0481
2017-06-16 22:00:00,0.0405
2017-06-16 23:00:00,0.033
2017-06-17 00:00:00,0.0223
2017-06-17 01:00:00,0.0145
2017-06-17 02:00:00,0.0108
2017-06-17 03:00:00,0.0062
2017-06-17 04:00:00,0.0059
2017-06-17 05:00:00,0.0051
2017-06-17 06:00:00,0.0082
2017-06-17 07:00:00,0.0159
2017-06-17 08:00:00,0.0251
2017-06-17 09:00:00,0.0376
2017-06-17 10:00:00,0.0439
2017-06-17 11:00:00,0.0418
2017-06-17 12:00:00,0.0433
2017-06-17 13:00:00,0.0507
2017-06-17 14:00:00,0.0581
2017-06-17 15:00:00,0.0594
2017-06-17 16:00:00,0.0548
2017-06-17 17:00:00,0.0471
2017-06-17 18:00:00,0.0597
2017-06-17 19:00:00,0.0574
2017-06-17 20:00:00,0.0523
2017-06-17 21:00:00,0.045
2017-06-17 22:00:00,0.0406
2017-06-17 23:00:00,0.0329
2017-06-18 00:00:00,0.0242
2017-06-18 01:00:00,0.0185
2017-06-18 02:00:00,0.0146
2017-06-18 03:00:00,0.0088
2017-06-18 04:00:00,0.0061
2017-06-18 05:00:00,0.0052
2017-06-18 06:00:00,0.0049
2017-06-18 07:00:00,0.0069
2017-06-18 08:00:00,0.0125
2017-06-18 09:00:00,0.0189
2017-06-18 10:00:00,0.0261
2017-06-18 11:00:00,0.034
2017-06-18 12:00:00,0.0413
2017-06-18 13:00:00,0.0465
2017-06-18 14:00:00,0.0561
2017-06-18 15:00:00,0.05
2017-06-18 16:00:00,0.0488
2017-06-18 17:00:00,0.0479
2017-06-18 18:00:00,0.0508
2017-06-18 19:00:00,0.0525
2017-06-18 20:00:00,0.0487
2017-06-18 21:00:00,0.0369
2017-06-18 22:00:00,0.026
2017-06-18 23:00:00,0.0247
2017-06-19 00:00:00,0.0225
2017-06-19 01:00:00,0.0169
2017-06-19 02:00:00,0.0113
2017-06-19 03:00:00,0.0069
2017-06-19 04:00:00,0.005
2017-06-19 05:00:00,0.0042
2017-06-19 06:00:00,0.003
2017-06-19 07:00:00,0.0049
2017-06-19 08:00:00,0.0078
2017-06-19 09:00:00,0.0116
2017-06-19 10:00:00,0.0176
2017-06-19 11:00:00,0.0228
2017-06-19 12:00:00,0.0298
2017-06-19 13:00:00,0.029996039603960398
2017-06-19 14:00:00,0.030192079207920792
2017-06-19 15:00:00,0.03038811881188119
2017-06-19 16:00:00,0.030584158415841584
2017-06-19 17:00:00,0.03078019801980198
2017-06-19 18:00:00,0.030976237623762375
2017-06-19 19:00:00,0.031172277227722773
2017-06-19 20:00:00,0.03136831683168317
2017-06-19 21:00:00,0.031564356435643565
2017-06-19 22:00:00,0.03176039603960396
2017-06-19 23:00:00,0.03195643564356436
2017-06-20 00:00:00,0.03215247524752475
2017-06-20 01:00:00,0.03234851485148515
2017-06-20 02:00:00,0.032544554455445546
2017-06-20 03:00:00,0.03274059405940594
2017-06-20 04:00:00,0.032936633663366334
2017-06-20 05:00:00,0.03313267326732673
2017-06-20 06:00:00,0.03332871287128713
2017-06-20 07:00:00,0.03352475247524753
2017-06-20 08:00:00,0.03372079207920792
2017-06-20 09:00:00,0.033916831683168315
2017-06-20 10:00:00,0.03411287128712871
2017-06-20 11:00:00,0.03430891089108911
2017-06-20 12:00:00,0.03450495049504951
2017-06-20 13:00:00,0.0347009900990099
2017-06-20 14:00:00,0.034897029702970296
2017-06-20 15:00:00,0.035093069306930694
2017-06-20 16:00:00,0.03528910891089109
2017-06-20 17:00:00,0.03548514851485148
2017-06-20 18:00:00,0.03568118811881188
2017-06-20 19:00:00,0.03587722772277228
2017-06-20 20:00:00,0.036073267326732675
2017-06-20 21:00:00,0.036269306930693065
2017-06-20 22:00:00,0.03646534653465346
2017-06-20 23:00:00,0.03666138613861386
2017-06-21 00:00:00,0.03685742574257426
2017-06-21 01:00:00,0.037053465346534656
2017-06-21 02:00:00,0.037249504950495047
2017-06-21 03:00:00,0.037445544554455444
2017-06-21 04:00:00,0.03764158415841584
2017-06-21 05:00:00,0.03783762376237624
2017-06-21 06:00:00,0.03803366336633664
2017-06-21 07:00:00,0.03822970297029703
2017-06-21 08:00:00,0.038425742574257425
2017-06-21 09:00:00,0.03862178217821782
2017-06-21 10:00:00,0.03881782178217821
2017-06-21 11:00:00,0.03901386138613861
2017-06-21 12:00:00,0.03920990099009901
2017-06-21 13:00:00,0.039405940594059406
2017-06-21 14:00:00,0.039601980198019804
2017-06-21 15:00:00,0.039798019801980195
2017-06-21 16:00:00,0.03999405940594059
2017-06-21 17:00:00,0.04019009900990099
2017-06-21 18:00:00,0.04038613861386139
2017-06-21 19:00:00,0.040582178217821785
2017-06-21 20:00:00,0.040778217821782176
2017-06-21 21:00:00,0.04097425742574257
2017-06-21 22:00:00,0.04117029702970297
2017-06-21 23:00:00,0.04136633663366337
2017-06-22 00:00:00,0.041562376237623766
2017-06-22 01:00:00,0.04175841584158416
2017-06-22 02:00:00,0.041954455445544554
2017-06-22 03:00:00,0.04215049504950495
2017-06-22 04:00:00,0.04234653465346534
2017-06-22 05:00:00,0.04254257425742574
2017-06-22 06:00:00,0.04273861386138614
2017-06-22 07:00:00,0.042934653465346535
2017-06-22 08:00:00,0.04313069306930693
2017-06-22 09:00:00,0.043326732673267324
2017-06-22 10:00:00,0.04352277227722772
2017-06-22 11:00:00,0.04371881188118812
2017-06-22 12:00:00,0.043914851485148516
2017-06-22 13:00:00,0.044110891089108914
2017-06-22 14:00:00,0.044306930693069305
2017-06-22 15:00:00,0.0445029702970297
2017-06-22 16:00:00,0.0446990099009901
2017-06-22 17:00:00,0.04489504950495049
2017-06-22 18:00:00,0.04509108910891089
2017-06-22 19:00:00,0.045287128712871286
2017-06-22 20:00:00,0.04548316831683168
2017-06-22 21:00:00,0.04567920792079208
2017-06-22 22:00:00,0.04587524752475247
2017-06-22 23:00:00,0.04607128712871287
2017-06-23 00:00:00,0.04626732673267327
2017-06-23 01:00:00,0.04646336633663366
2017-06-23 02:00:00,0.04665940594059406
2017-06-23 03:00:00,0.04685544554455445
2017-06-23 04:00:00,0.04705148514851485
2017-06-23 05:00:00,0.04724752475247525
2017-06-23 06:00:00,0.04744356435643564
2017-06-23 07:00:00,0.04763960396039604
2017-06-23 08:00:00,0.047835643564356434
2017-06-23 09:00:00,0.04803168316831683
2017-06-23 10:00:00,0.04822772277227723
2017-06-23 11:00:00,0.04842376237623762
2017-06-23 12:00:00,0.04861980198019802
2017-06-23 13:00:00,0.048815841584158415
2017-06-23 14:00:00,0.04901188118811881
2017-06-23 15:00:00,0.04920792079207921
2017-06-23 16:00:00,0.0494039603960396
2017-06-23 17:00:00,0.0496
2017-06-23 18:00:00,0.0482
2017-06-23 19:00:00,0.0474
2017-06-23 20:00:00,0.0364
2017-06-23 21:00:00,0.034
2017-06-23 22:00:00,0.0288
2017-06-23 23:00:00,0.0275
2017-06-24 00:00:00,0.0252
2017-06-24 01:00:00,0.02
2017-06-24 02:00:00,0.0136
2017-06-24 03:00:00,0.0095
2017-06-24 04:00:00,0.0049
2017-06-24 05:00:00,0.0031
2017-06-24 06:00:00,0.002
2017-06-24 07:00:00,0.0032
2017-06-24 08:00:00,0.0035
2017-06-24 09:00:00,0.0063
2017-06-24 10:00:00,0.0111
2017-06-24 11:00:00,0.0165
2017-06-24 12:00:00,0.0205
2017-06-24 13:00:00,0.0245
2017-06-24 14:00:00,0.0324
2017-06-24 15:00:00,0.0376
2017-06-24 16:00:00,0.0363
2017-06-24 17:00:00,0.0344
2017-06-24 18:00:00,0.0294
2017-06-24 19:00:00,0.0287
2017-06-24 20:00:00,0.028
2017-06-24 21:00:00,0.0264
2017-06-24 22:00:00,0.027
2017-06-24 23:00:00,0.0246
2017-06-25 00:00:00,0.0198
2017-06-25 01:00:00,0.0136
2017-06-25 02:00:00,0.008
2017-06-25 03:00:00,0.0047
2017-06-25 04:00:00,0.0032
2017-06-25 05:00:00,0.0032
2017-06-25 06:00:00,0.0033
2017-06-25 07:00:00,0.0052
2017-06-25 08:00:00,0.0093
2017-06-25 09:00:00,0.0127
2017-06-25 10:00:00,0.0178
2017-06-25 11:00:00,0.0252
2017-06-25 12:00:00,0.0304
2017-06-25 13:00:00,0.0379
2017-06-25 14:00:00,0.0433
2017-06-25 15:00:00,0.0458
2017-06-25 16:00:00,0.0467
2017-06-25 17:00:00,0.0456
2017-06-25 18:00:00,0.0463
2017-06-25 19:00:00,0.0438
2017-06-25 20:00:00,0.0427
2017-06-25 21:00:00,0.0329
2017-06-25 22:00:00,0.0271
2017-06-25 23:00:00,0.021
2017-06-26 00:00:00,0.0198
2017-06-26 01:00:00,0.0157
2017-06-26 02:00:00,0.0116
2017-06-26 03:00:00,0.006
2017-06-26 04:00:00,0.0056
2017-06-26 05:00:00,0.0043
2017-06-26 06:00:00,0.0035
2017-06-26 07:00:00,0.0052
2017-06-26 08:00:00,0.0064
2017-06-26 09:00:00,0.0093
2017-06-26 10:00:00,0.0156
2017-06-26 11:00:00,0.0208
2017-06-26 12:00:00,0.0289
2017-06-26 13:00:00,0.026
2017-06-26 14:00:00,0.0241
2017-06-26 15:00:00,0.039
2017-06-26 16:00:00,0.0391
2017-06-26 17:00:00,0.0437
2017-06-26 18:00:00,0.045
2017-06-26 19:00:00,0.0412
2017-06-26 20:00:00,0.0373
2017-06-26 21:00:00,0.0285
2017-06-26 22:00:00,0.0225
2017-06-26 23:00:00,0.0172
2017-06-27 00:00:00,0.0145
2017-06-27 01:00:00,0.0102
2017-06-27 02:00:00,0.0062
2017-06-27 03:00:00,0.0043
2017-06-27 04:00:00,0.0038
2017-06-27 05:00:00,0.0047
2017-06-27 06:00:00,0.0075
2017-06-27 07:00:00,0.0146
2017-06-27 08:00:00,0.0206
2017-06-27 09:00:00,0.0272
2017-06-27 10:00:00,0.0311
2017-06-27 11:00:00,0.0327
2017-06-27 12:00:00,0.0353
2017-06-27 13:00:00,0.0424
2017-06-27 14:00:00,0.0464
2017-06-27 15:00:00,0.0478
2017-06-27 16:00:00,0.0493
2017-06-27 17:00:00,0.0502
2017-06-27 18:00:00,0.0527
2017-06-27 19:00:00,0.0498
2017-06-27 20:00:00,0.0499
2017-06-27 21:00:00,0.04
2017-06-27 22:00:00,0.0285
2017-06-27 23:00:00,0.021
2017-06-28 00:00:00,0.0158
2017-06-28 01:00:00,0.0111
2017-06-28 02:00:00,0.008
2017-06-28 03:00:00,0.0052
2017-06-28 04:00:00,0.0038
2017-06-28 05:00:00,0.0039
2017-06-28 06:00:00,0.0072
2017-06-28 07:00:00,0.013
2017-06-28 08:00:00,0.0228
2017-06-28 09:00:00,0.0274
2017-06-28 10:00:00,0.0332
2017-06-28 11:00:00,0.0355
2017-06-28 12:00:00,0.0369
2017-06-28 13:00:00,0.0443
2017-06-28 14:00:00,0.047
2017-06-28 15:00:00,0.0487
2017-06-28 16:00:00,0.0529
2017-06-28 17:00:00,0.0547
2017-06-28 18:00:00,0.0552
2017-06-28 19:00:00,0.0517
2017-06-28 20:00:00,0.0478
2017-06-28 21:00:00,0.044
2017-06-28 22:00:00,0.0331
2017-06-28 23:00:00,0.0234
2017-06-29 00:00:00,0.0177
2017-06-29 01:00:00,0.0126
2017-06-29 02:00:00,0.009
2017-06-29 03:00:00,0.0054
2017-06-29 04:00:00,0.0041
2017-06-29 05:00:00,0.0041
2017-06-29 06:00:00,0.0074
2017-06-29 07:00:00,0.0127
2017-06-29 08:00:00,0.0211
2017-06-29 09:00:00,0.0282
2017-06-29 10:00:00,0.0336
2017-06-29 11:00:00,0.0336
2017-06-29 12:00:00,0.039
2017-06-29 13:00:00,0.0453
2017-06-29 14:00:00,0.0475
2017-06-29 15:00:00,0.0491
2017-06-29 16:00:00,0.0513
2017-06-29 17:00:00,0.0529
2017-06-29 18:00:00,0.0568
2017-06-29 19:00:00,0.0527
2017-06-29 20:00:00,0.0482
2017-06-29 21:00:00,0.0428
2017-06-29 22:00:00,0.0355
2017-06-29 23:00:00,0.0264
2017-06-30 00:00:00,0.0181
2017-06-30 01:00:00,0.0146
2017-06-30 02:00:00,0.0093
2017-06-30 03:00:00,0.0064
2017-06-30 04:00:00,0.0044
2017-06-30 05:00:00,0.0042
2017-06-30 06:00:00,0.0064
2017-06-30 07:00:00,0.0111
2017-06-30 08:00:00,0.0175
2017-06-30 09:00:00,0.0236
2017-06-30 10:00:00,0.029
2017-06-30 11:00:00,0.031
2017-06-30 12:00:00,0.0425
2017-06-30 13:00:00,0.0482
2017-06-30 14:00:00,0.0523
2017-06-30 15:00:00,0.0523
2017-06-30 16:00:00,0.0513
2017-06-30 17:00:00,0.0507
2017-06-30 18:00:00,0.0493
2017-06-30 19:00:00,0.0431
2017-06-30 20:00:00,0.0453
2017-06-30 21:00:00,0.0349
2017-06-30 22:00:00,0.0264
2017-06-30 23:00:00,0.0196
2017-07-01 00:00:00,0.0129
2017-07-01 01:00:00,0.0123
2017-07-01 02:00:00,0.0136
2017-07-01 03:00:00,0.0146
2017-07-01 04:00:00,0.0118
2017-07-01 05:00:00,0.0061
2017-07-01 06:00:00,0.0058
2017-07-01 07:00:00,0.008
2017-07-01 08:00:00,0.0053
2017-07-01 09:00:00,0.0089
2017-07-01 10:00:00,0.0108
2017-07-01 11:00:00,0.0144
2017-07-01 12:00:00,0.02
2017-07-01 13:00:00,0.025
2017-07-01 14:00:00,0.031
2017-07-01 15:00:00,0.032
2017-07-01 16:00:00,0.0341
2017-07-01 17:00:00,0.0316
2017-07-01 18:00:00,0.0323
2017-07-01 19:00:00,0.0336
2017-07-01 20:00:00,0.0316
2017-07-01 21:00:00,0.0269
2017-07-01 22:00:00,0.0207
2017-07-01 23:00:00,0.018
2017-07-02 00:00:00,0.0138
2017-07-02 01:00:00,0.0103
2017-07-02 02:00:00,0.008
2017-07-02 03:00:00,0.0044
2017-07-02 04:00:00,0.0037
2017-07-02 05:00:00,0.0031
2017-07-02 06:00:00,0.0035
2017-07-02 07:00:00,0.0053
2017-07-02 08:00:00,0.0091
2017-07-02 09:00:00,0.0124
2017-07-02 10:00:00,0.0194
2017-07-02 11:00:00,0.0248
2017-07-02 12:00:00,0.0315
2017-07-02 13:00:00,0.0363
2017-07-02 14:00:00,0.043
2017-07-02 15:00:00,0.0461
2017-07-02 16:00:00,0.0464
2017-07-02 17:00:00,0.0475
2017-07-02 18:00:00,0.0448
2017-07-02 19:00:00,0.034
2017-07-02 20:00:00,0.0442
2017-07-02 21:00:00,0.0309
2017-07-02 22:00:00,0.0256
2017-07-02 23:00:00,0.0225
2017-07-03 00:00:00,0.0185
2017-07-03 01:00:00,0.0142
2017-07-03 02:00:00,0.0095
2017-07-03 03:00:00,0.0065
2017-07-03 04:00:00,0.0044
2017-07-03 05:00:00,0.0035
2017-07-03 06:00:00,0.0032
2017-07-03 07:00:00,0.005
2017-07-03 08:00:00,0.007
2017-07-03 09:00:00,0.0091
2017-07-03 10:00:00,0.0109
2017-07-03 11:00:00,0.0161
2017-07-03 12:00:00,0.019
2017-07-03 13:00:00,0.0327
2017-07-03 14:00:00,0.0394
2017-07-03 15:00:00,0.0389
2017-07-03 16:00:00,0.0406
2017-07-03 17:00:00,0.0405
2017-07-03 18:00:00,0.0403
2017-07-03 19:00:00,0.0376
2017-07-03 20:00:00,0.0357
2017-07-03 21:00:00,0.0268
2017-07-03 22:00:00,0.0207
2017-07-03 23:00:00,0.0161
2017-07-04 00:00:00,0.0116
2017-07-04 01:00:00,0.008
2017-07-04 02:00:00,0.0066
2017-07-04 03:00:00,0.0038
2017-07-04 04:00:00,0.0034
2017-07-04 05:00:00,0.0042
2017-07-04 06:00:00,0.0077
2017-07-04 07:00:00,0.0143
2017-07-04 08:00:00,0.0237
2017-07-04 09:00:00,0.0356
2017-07-04 10:00:00,0.0411
2017-07-04 11:00:00,0.0311
2017-07-04 12:00:00,0.0346
2017-07-04 13:00:00,0.0389
2017-07-04 14:00:00,0.0451
2017-07-04 15:00:00,0.0473
2017-07-04 16:00:00,0.0513
2017-07-04 17:00:00,0.0538
2017-07-04 18:00:00,0.0523
2017-07-04 19:00:00,0.052065346534653466
2017-07-04 20:00:00,0.05183069306930693
2017-07-04 21:00:00,0.05159603960396039
2017-07-04 22:00:00,0.05136138613861386
2017-07-04 23:00:00,0.051126732673267325
2017-07-05 00:00:00,0.05089207920792079
2017-07-05 01:00:00,0.05065742574257426
2017-07-05 02:00:00,0.050422772277227725
2017-07-05 03:00:00,0.05018811881188119
2017-07-05 04:00:00,0.04995346534653465
2017-07-05 05:00:00,0.04971881188118812
2017-07-05 06:00:00,0.049484158415841584
2017-07-05 07:00:00,0.04924950495049505
2017-07-05 08:00:00,0.04901485148514852
2017-07-05 09:00:00,0.048780198019801976
2017-07-05 10:00:00,0.04854554455445544
2017-07-05 11:00:00,0.04831089108910891
2017-07-05 12:00:00,0.048076237623762376
2017-07-05 13:00:00,0.04784158415841584
2017-07-05 14:00:00,0.04760693069306931
2017-07-05 15:00:00,0.047372277227722775
2017-07-05 16:00:00,0.047137623762376235
2017-07-05 17:00:00,0.0469029702970297
2017-07-05 18:00:00,0.04666831683168317
2017-07-05 19:00:00,0.046433663366336635
2017-07-05 20:00:00,0.0461990099009901
2017-07-05 21:00:00,0.04596435643564356
2017-07-05 22:00:00,0.04572970297029703
2017-07-05 23:00:00,0.045495049504950494
2017-07-06 00:00:00,0.04526039603960396
2017-07-06 01:00:00,0.04502574257425743
2017-07-06 02:00:00,0.04479108910891089
2017-07-06 03:00:00,0.04455643564356436
2017-07-06 04:00:00,0.04432178217821782
2017-07-06 05:00:00,0.044087128712871286
2017-07-06 06:00:00,0.04385247524752475
2017-07-06 07:00:00,0.04361782178217822
2017-07-06 08:00:00,0.043383168316831686
2017-07-06 09:00:00,0.043148514851485145
2017-07-06 10:00:00,0.04291386138613861
2017-07-06 11:00:00,0.04267920792079208
2017-07-06 12:00:00,0.042444554455445545
2017-07-06 13:00:00,0.04220990099009901
2017-07-06 14:00:00,0.04197524752475247
2017-07-06 15:00:00,0.041740594059405944
2017-07-06 16:00:00,0.041505940594059404
2017-07-06 17:00:00,0.04127128712871287
2017-07-06 18:00:00,0.04103663366336634
2017-07-06 19:00:00,0.040801980198019804
2017-07-06 20:00:00,0.04056732673267327
2017-07-06 21:00:00,0.04033267326732673
2017-07-06 22:00:00,0.040098019801980196
2017-07-06 23:00:00,0.03986336633663366
2017-07-07 00:00:00,0.03962871287128713
2017-07-07 01:00:00,0.039394059405940596
2017-07-07 02:00:00,0.039159405940594055
2017-07-07 03:00:00,0.03892475247524753
2017-07-07 04:00:00,0.03869009900990099
2017-07-07 05:00:00,0.038455445544554455
2017-07-07 06:00:00,0.03822079207920792
2017-07-07 07:00:00,0.03798613861386139
2017-07-07 08:00:00,0.037751485148514854
2017-07-07 09:00:00,0.037516831683168314
2017-07-07 10:00:00,0.03728217821782178
2017-07-07 11:00:00,0.03704752475247525
2017-07-07 12:00:00,0.036812871287128714
2017-07-07 13:00:00,0.03657821782178218
2017-07-07 14:00:00,0.03634356435643564
2017-07-07 15:00:00,0.03610891089108911
2017-07-07 16:00:00,0.03587425742574257
2017-07-07 17:00:00,0.03563960396039604
2017-07-07 18:00:00,0.035404950495049506
2017-07-07 19:00:00,0.035170297029702965
2017-07-07 20:00:00,0.03493564356435644
2017-07-07 21:00:00,0.0347009900990099
2017-07-07 22:00:00,0.034466336633663365
2017-07-07 23:00:00,0.03423168316831683
2017-07-08 00:00:00,0.0339970297029703
2017-07-08 01:00:00,0.033762376237623765
2017-07-08 02:00:00,0.033527722772277224
2017-07-08 03:00:00,0.0332930693069307
2017-07-08 04:00:00,0.03305841584158416
2017-07-08 05:00:00,0.032823762376237624
2017-07-08 06:00:00,0.03258910891089109
2017-07-08 07:00:00,0.03235445544554455
2017-07-08 08:00:00,0.03211980198019802
2017-07-08 09:00:00,0.03188514851485148
2017-07-08 10:00:00,0.03165049504950495
2017-07-08 11:00:00,0.031415841584158416
2017-07-08 12:00:00,0.031181188118811883
2017-07-08 13:00:00,0.030946534653465346
2017-07-08 14:00:00,0.030711881188118812
2017-07-08 15:00:00,0.03047722772277228
2017-07-08 16:00:00,0.03024257425742574
2017-07-08 17:00:00,0.030007920792079208
2017-07-08 18:00:00,0.029773267326732675
2017-07-08 19:00:00,0.029538613861386138
2017-07-08 20:00:00,0.029303960396039604
2017-07-08 21:00:00,0.02906930693069307
2017-07-08 22:00:00,0.028834653465346534
2017-07-08 23:00:00,0.0286
2017-07-09 00:00:00,0.0229
2017-07-09 01:00:00,0.0158
2017-07-09 02:00:00,0.0114
2017-07-09 03:00:00,0.0066
2017-07-09 04:00:00,0.0045
2017-07-09 05:00:00,0.0038
2017-07-09 06:00:00,0.0037
2017-07-09 07:00:00,0.0067
2017-07-09 08:00:00,0.0118
2017-07-09 09:00:00,0.0176
2017-07-09 10:00:00,0.0262
2017-07-09 11:00:00,0.0303
2017-07-09 12:00:00,0.0358
2017-07-09 13:00:00,0.0395
2017-07-09 14:00:00,0.0446
2017-07-09 15:00:00,0.0477
2017-07-09 16:00:00,0.0462
2017-07-09 17:00:00,0.0461
2017-07-09 18:00:00,0.0475
2017-07-09 19:00:00,0.0474
2017-07-09 20:00:00,0.0438
2017-07-09 21:00:00,0.0352
2017-07-09 22:00:00,0.0247
2017-07-09 23:00:00,0.0215
2017-07-10 00:00:00,0.0201
2017-07-10 01:00:00,0.0135
2017-07-10 02:00:00,0.0107
2017-07-10 03:00:00,0.0067
2017-07-10 04:00:00,0.0051
2017-07-10 05:00:00,0.0038
2017-07-10 06:00:00,0.0033
2017-07-10 07:00:00,0.0041
2017-07-10 08:00:00,0.0073
2017-07-10 09:00:00,0.0105
2017-07-10 10:00:00,0.0163
2017-07-10 11:00:00,0.0207
2017-07-10 12:00:00,0.0289
2017-07-10 13:00:00,0.0329
2017-07-10 14:00:00,0.0387
2017-07-10 15:00:00,0.0385
2017-07-10 16:00:00,0.0414
2017-07-10 17:00:00,0.0409
2017-07-10 18:00:00,0.04083861386138614
2017-07-10 19:00:00,0.04077722772277228
2017-07-10 20:00:00,0.04071584158415841
2017-07-10 21:00:00,0.04065445544554455
2017-07-10 22:00:00,0.04059306930693069
2017-07-10 23:00:00,0.04053168316831683
2017-07-11 00:00:00,0.04047029702970297
2017-07-11 01:00:00,0.04040891089108911
2017-07-11 02:00:00,0.040347524752475245
2017-07-11 03:00:00,0.040286138613861384
2017-07-11 04:00:00,0.040224752475247524
2017-07-11 05:00:00,0.040163366336633664
2017-07-11 06:00:00,0.040101980198019804
2017-07-11 07:00:00,0.04004059405940594
2017-07-11 08:00:00,0.03997920792079208
2017-07-11 09:00:00,0.03991782178217822
2017-07-11 10:00:00,0.03985643564356436
2017-07-11 11:00:00,0.0397950495049505
2017-07-11 12:00:00,0.03973366336633663
2017-07-11 13:00:00,0.03967227722772277
2017-07-11 14:00:00,0.03961089108910891
2017-07-11 15:00:00,0.03954950495049505
2017-07-11 16:00:00,0.03948811881188119
2017-07-11 17:00:00,0.03942673267326732
2017-07-11 18:00:00,0.03936534653465346
2017-07-11 19:00:00,0.0393039603960396
2017-07-11 20:00:00,0.03924257425742574
2017-07-11 21:00:00,0.03918118811881188
2017-07-11 22:00:00,0.03911980198019802
2017-07-11 23:00:00,0.039058415841584156
2017-07-12 00:00:00,0.038997029702970296
2017-07-12 01:00:00,0.038935643564356436
2017-07-12 02:00:00,0.038874257425742575
2017-07-12 03:00:00,0.038812871287128715
2017-07-12 04:00:00,0.03875148514851485
2017-07-12 05:00:00,0.03869009900990099
2017-07-12 06:00:00,0.03862871287128713
2017-07-12 07:00:00,0.03856732673267327
2017-07-12 08:00:00,0.03850594059405941
2017-07-12 09:00:00,0.03844455445544555
2017-07-12 10:00:00,0.03838316831683168
2017-07-12 11:00:00,0.03832178217821782
2017-07-12 12:00:00,0.03826039603960396
2017-07-12 13:00:00,0.0381990099009901
2017-07-12 14:00:00,0.03813762376237624
2017-07-12 15:00:00,0.038076237623762374
2017-07-12 16:00:00,0.038014851485148514
2017-07-12 17:00:00,0.037953465346534654
2017-07-12 18:00:00,0.037892079207920794
2017-07-12 19:00:00,0.037830693069306934
2017-07-12 20:00:00,0.03776930693069307
2017-07-12 21:00:00,0.03770792079207921
2017-07-12 22:00:00,0.03764653465346535
2017-07-12 23:00:00,0.03758514851485149
2017-07-13 00:00:00,0.03752376237623763
2017-07-13 01:00:00,0.03746237623762376
2017-07-13 02:00:00,0.0374009900990099
2017-07-13 03:00:00,0.03733960396039604
2017-07-13 04:00:00,0.03727821782178218
2017-07-13 05:00:00,0.03721683168316832
2017-07-13 06:00:00,0.03715544554455446
2017-07-13 07:00:00,0.03709405940594059
2017-07-13 08:00:00,0.03703267326732673
2017-07-13 09:00:00,0.03697128712871287
2017-07-13 10:00:00,0.03690990099009901
2017-07-13 11:00:00,0.03684851485148515
2017-07-13 12:00:00,0.03678712871287129
2017-07-13 13:00:00,0.036725742574257425
2017-07-13 14:00:00,0.036664356435643565
2017-07-13 15:00:00,0.036602970297029705
2017-07-13 16:00:00,0.036541584158415845
2017-07-13 17:00:00,0.036480198019801985
2017-07-13 18:00:00,0.03641881188118812
2017-07-13 19:00:00,0.03635742574257426
2017-07-13 20:00:00,0.0362960396039604
2017-07-13 21:00:00,0.03623465346534654
2017-07-13 22:00:00,0.03617326732673268
2017-07-13 23:00:00,0.03611188118811881
2017-07-14 00:00:00,0.03605049504950495
2017-07-14 01:00:00,0.03598910891089109
2017-07-14 02:00:00,0.03592772277227723
2017-07-14 03:00:00,0.03586633663366337
2017-07-14 04:00:00,0.0358049504950495
2017-07-14 05:00:00,0.03574356435643564
2017-07-14 06:00:00,0.03568217821782178
2017-07-14 07:00:00,0.03562079207920792
2017-07-14 08:00:00,0.03555940594059406
2017-07-14 09:00:00,0.035498019801980196
2017-07-14 10:00:00,0.035436633663366336
2017-07-14 11:00:00,0.035375247524752476
2017-07-14 12:00:00,0.035313861386138616
2017-07-14 13:00:00,0.035252475247524756
2017-07-14 14:00:00,0.03519108910891089
2017-07-14 15:00:00,0.03512970297029703
2017-07-14 16:00:00,0.03506831683168317
2017-07-14 17:00:00,0.03500693069306931
2017-07-14 18:00:00,0.03494554455445545
2017-07-14 19:00:00,0.03488415841584159
2017-07-14 20:00:00,0.03482277227722773
2017-07-14 21:00:00,0.03476138613861386
2017-07-14 22:00:00,0.0347
2017-07-14 23:00:00,0.0252
2017-07-15 00:00:00,0.0182
2017-07-15 01:00:00,0.0125
2017-07-15 02:00:00,0.0087
2017-07-15 03:00:00,0.0062
2017-07-15 04:00:00,0.0046
2017-07-15 05:00:00,0.0047
2017-07-15 06:00:00,0.007
2017-07-15 07:00:00,0.0133
2017-07-15 08:00:00,0.0257
2017-07-15 09:00:00,0.0359
2017-07-15 10:00:00,0.0401
2017-07-15 11:00:00,0.0363
2017-07-15 12:00:00,0.0392
2017-07-15 13:00:00,0.0464
2017-07-15 14:00:00,0.0516
2017-07-15 15:00:00,0.05
2017-07-15 16:00:00,0.0536
2017-07-15 17:00:00,0.0553
2017-07-15 18:00:00,0.0544
2017-07-15 19:00:00,0.0549
2017-07-15 20:00:00,0.0552
2017-07-15 21:00:00,0.0432
2017-07-15 22:00:00,0.0363
2017-07-15 23:00:00,0.0312
2017-07-16 00:00:00,0.0226
2017-07-16 01:00:00,0.0169
2017-07-16 02:00:00,0.0118
2017-07-16 03:00:00,0.0084
2017-07-16 04:00:00,0.0057
2017-07-16 05:00:00,0.0047
2017-07-16 06:00:00,0.0042
2017-07-16 07:00:00,0.0079
2017-07-16 08:00:00,0.0124
2017-07-16 09:00:00,0.0161
2017-07-16 10:00:00,0.0256
2017-07-16 11:00:00,0.0295
2017-07-16 12:00:00,0.0349
2017-07-16 13:00:00,0.0438
2017-07-16 14:00:00,0.0475
2017-07-16 15:00:00,0.0457
2017-07-16 16:00:00,0.0484
2017-07-16 17:00:00,0.0451
2017-07-16 18:00:00,0.0456
2017-07-16 19:00:00,0.0452
2017-07-16 20:00:00,0.0427
2017-07-16 21:00:00,0.0368
2017-07-16 22:00:00,0.025
2017-07-16 23:00:00,0.0252
2017-07-17 00:00:00,0.0212
2017-07-17 01:00:00,0.0167
2017-07-17 02:00:00,0.0098
2017-07-17 03:00:00,0.0063
2017-07-17 04:00:00,0.0043
2017-07-17 05:00:00,0.0041
2017-07-17 06:00:00,0.0029
2017-07-17 07:00:00,0.0041
2017-07-17 08:00:00,0.007
2017-07-17 09:00:00,0.0105
2017-07-17 10:00:00,0.016
2017-07-17 11:00:00,0.0222
2017-07-17 12:00:00,0.0278
2017-07-17 13:00:00,0.0321
2017-07-17 14:00:00,0.0387
2017-07-17 15:00:00,0.0405
2017-07-17 16:00:00,0.0403
2017-07-17 17:00:00,0.041
2017-07-17 18:00:00,0.0385
2017-07-17 19:00:00,0.0408
2017-07-17 20:00:00,0.026
2017-07-17 21:00:00,0.0273
2017-07-17 22:00:00,0.0224
2017-07-17 23:00:00,0.0171
2017-07-18 00:00:00,0.0126
2017-07-18 01:00:00,0.0098
2017-07-18 02:00:00,0.0064
2017-07-18 03:00:00,0.0037
2017-07-18 04:00:00,0.0026
2017-07-18 05:00:00,0.0044
2017-07-18 06:00:00,0.006
2017-07-18 07:00:00,0.01
2017-07-18 08:00:00,0.019
2017-07-18 09:00:00,0.0227
2017-07-18 10:00:00,0.028
2017-07-18 11:00:00,0.0291
2017-07-18 12:00:00,0.0339
2017-07-18 13:00:00,0.0437
2017-07-18 14:00:00,0.0441
2017-07-18 15:00:00,0.0477
2017-07-18 16:00:00,0.0521
2017-07-18 17:00:00,0.0528
2017-07-18 18:00:00,0.0509
2017-07-18 19:00:00,0.0484
2017-07-18 20:00:00,0.0406
2017-07-18 21:00:00,0.033
2017-07-18 22:00:00,0.0249
2017-07-18 23:00:00,0.0207
2017-07-19 00:00:00,0.0122
2017-07-19 01:00:00,0.0091
2017-07-19 02:00:00,0.007
2017-07-19 03:00:00,0.0046
2017-07-19 04:00:00,0.0039
2017-07-19 05:00:00,0.0034
2017-07-19 06:00:00,0.008
2017-07-19 07:00:00,0.0143
2017-07-19 08:00:00,0.0244
2017-07-19 09:00:00,0.0349
2017-07-19 10:00:00,0.045
2017-07-19 11:00:00,0.0362
2017-07-19 12:00:00,0.0354
2017-07-19 13:00:00,0.0396
2017-07-19 14:00:00,0.0412
2017-07-19 15:00:00,0.0462
2017-07-19 16:00:00,0.0491
2017-07-19 17:00:00,0.0529
2017-07-19 18:00:00,0.0535
2017-07-19 19:00:00,0.0526
2017-07-19 20:00:00,0.0473
2017-07-19 21:00:00,0.0411
2017-07-19 22:00:00,0.0307
2017-07-19 23:00:00,0.0247
2017-07-20 00:00:00,0.0156
2017-07-20 01:00:00,0.0097
2017-07-20 02:00:00,0.0073
2017-07-20 03:00:00,0.0047
2017-07-20 04:00:00,0.0037
2017-07-20 05:00:00,0.0045
2017-07-20 06:00:00,0.0072
2017-07-20 07:00:00,0.0145
2017-07-20 08:00:00,0.0274
2017-07-20 09:00:00,0.037
2017-07-20 10:00:00,0.0416
2017-07-20 11:00:00,0.0362
2017-07-20 12:00:00,0.0373
2017-07-20 13:00:00,0.0437
2017-07-20 14:00:00,0.0496
2017-07-20 15:00:00,0.0502
2017-07-20 16:00:00,0.0524
2017-07-20 17:00:00,0.054
2017-07-20 18:00:00,0.0543
2017-07-20 19:00:00,0.0514
2017-07-20 20:00:00,0.0498
2017-07-20 21:00:00,0.0466
2017-07-20 22:00:00,0.0355
2017-07-20 23:00:00,0.0276
2017-07-21 00:00:00,0.0189
2017-07-21 01:00:00,0.0137
2017-07-21 02:00:00,0.0093
2017-07-21 03:00:00,0.006
2017-07-21 04:00:00,0.0042
2017-07-21 05:00:00,0.0043
2017-07-21 06:00:00,0.007
2017-07-21 07:00:00,0.0124
2017-07-21 08:00:00,0.0201
2017-07-21 09:00:00,0.0304
2017-07-21 10:00:00,0.0346
2017-07-21 11:00:00,0.0338
2017-07-21 12:00:00,0.0395
2017-07-21 13:00:00,0.0438
2017-07-21 14:00:00,0.0497
2017-07-21 15:00:00,0.0508
2017-07-21 16:00:00,0.0494
2017-07-21 17:00:00,0.0528
2017-07-21 18:00:00,0.0515
2017-07-21 19:00:00,0.0512
2017-07-21 20:00:00,0.0512
2017-07-21 21:00:00,0.0439
2017-07-21 22:00:00,0.0362
2017-07-21 23:00:00,0.03587623762376238
2017-07-22 00:00:00,0.03555247524752476
2017-07-22 01:00:00,0.035228712871287135
2017-07-22 02:00:00,0.034904950495049505
2017-07-22 03:00:00,0.03458118811881188
2017-07-22 04:00:00,0.03425742574257426
2017-07-22 05:00:00,0.03393366336633664
2017-07-22 06:00:00,0.033609900990099015
2017-07-22 07:00:00,0.03328613861386139
2017-07-22 08:00:00,0.03296237623762376
2017-07-22 09:00:00,0.03263861386138614
2017-07-22 10:00:00,0.03231485148514852
2017-07-22 11:00:00,0.031991089108910895
2017-07-22 12:00:00,0.03166732673267327
2017-07-22 13:00:00,0.03134356435643565
2017-07-22 14:00:00,0.031019801980198023
2017-07-22 15:00:00,0.0306960396039604
2017-07-22 16:00:00,0.030372277227722774
2017-07-22 17:00:00,0.03004851485148515
2017-07-22 18:00:00,0.02972475247524753
2017-07-22 19:00:00,0.029400990099009906
2017-07-22 20:00:00,0.02907722772277228
2017-07-22 21:00:00,0.028753465346534657
2017-07-22 22:00:00,0.02842970297029703
2017-07-22 23:00:00,0.02810594059405941
2017-07-23 00:00:00,0.027782178217821786
2017-07-23 01:00:00,0.027458415841584163
2017-07-23 02:00:00,0.027134653465346537
2017-07-23 03:00:00,0.026810891089108915
2017-07-23 04:00:00,0.02648712871287129
2017-07-23 05:00:00,0.026163366336633666
2017-07-23 06:00:00,0.025839603960396043
2017-07-23 07:00:00,0.02551584158415842
2017-07-23 08:00:00,0.025192079207920798
2017-07-23 09:00:00,0.02486831683168317
2017-07-23 10:00:00,0.02454455445544555
2017-07-23 11:00:00,0.024220792079207923
2017-07-23 12:00:00,0.0238970297029703
2017-07-23 13:00:00,0.023573267326732678
2017-07-23 14:00:00,0.023249504950495055
2017-07-23 15:00:00,0.02292574257425743
2017-07-23 16:00:00,0.022601980198019806
2017-07-23 17:00:00,0.02227821782178218
2017-07-23 18:00:00,0.021954455445544557
2017-07-23 19:00:00,0.021630693069306935
2017-07-23 20:00:00,0.021306930693069312
2017-07-23 21:00:00,0.02098316831683169
2017-07-23 22:00:00,0.020659405940594063
2017-07-23 23:00:00,0.02033564356435644
2017-07-24 00:00:00,0.020011881188118814
2017-07-24 01:00:00,0.01968811881188119
2017-07-24 02:00:00,0.01936435643564357
2017-07-24 03:00:00,0.019040594059405943
2017-07-24 04:00:00,0.01871683168316832
2017-07-24 05:00:00,0.018393069306930698
2017-07-24 06:00:00,0.01806930693069307
2017-07-24 07:00:00,0.01774554455445545
2017-07-24 08:00:00,0.017421782178217826
2017-07-24 09:00:00,0.017098019801980203
2017-07-24 10:00:00,0.016774257425742577
2017-07-24 11:00:00,0.016450495049504955
2017-07-24 12:00:00,0.016126732673267332
2017-07-24 13:00:00,0.015802970297029706
2017-07-24 14:00:00,0.015479207920792083
2017-07-24 15:00:00,0.01515544554455446
2017-07-24 16:00:00,0.014831683168316834
2017-07-24 17:00:00,0.014507920792079212
2017-07-24 18:00:00,0.014184158415841589
2017-07-24 19:00:00,0.013860396039603963
2017-07-24 20:00:00,0.01353663366336634
2017-07-24 21:00:00,0.013212871287128718
2017-07-24 22:00:00,0.012889108910891095
2017-07-24 23:00:00,0.012565346534653469
2017-07-25 00:00:00,0.012241584158415846
2017-07-25 01:00:00,0.011917821782178224
2017-07-25 02:00:00,0.011594059405940597
2017-07-25 03:00:00,0.011270297029702975
2017-07-25 04:00:00,0.010946534653465352
2017-07-25 05:00:00,0.010622772277227726
2017-07-25 06:00:00,0.010299009900990103
2017-07-25 07:00:00,0.00997524752475248
2017-07-25 08:00:00,0.009651485148514855
2017-07-25 09:00:00,0.009327722772277232
2017-07-25 10:00:00,0.00900396039603961
2017-07-25 11:00:00,0.008680198019801983
2017-07-25 12:00:00,0.00835643564356436
2017-07-25 13:00:00,0.008032673267326738
2017-07-25 14:00:00,0.007708910891089112
2017-07-25 15:00:00,0.007385148514851489
2017-07-25 16:00:00,0.007061386138613866
2017-07-25 17:00:00,0.006737623762376244
2017-07-25 18:00:00,0.0064138613861386175
2017-07-25 19:00:00,0.006090099009900995
2017-07-25 20:00:00,0.005766336633663372
2017-07-25 21:00:00,0.005442574257425746
2017-07-25 22:00:00,0.005118811881188123
2017-07-25 23:00:00,0.004795049504950501
2017-07-26 00:00:00,0.004471287128712878
2017-07-26 01:00:00,0.004147524752475255
2017-07-26 02:00:00,0.0038237623762376258
2017-07-26 03:00:00,0.0035
2017-07-26 04:00:00,0.003
2017-07-26 05:00:00,0.0032
2017-07-26 06:00:00,0.0061
2017-07-26 07:00:00,0.0119
2017-07-26 08:00:00,0.0249
2017-07-26 09:00:00,0.0354
2017-07-26 10:00:00,0.0457
2017-07-26 11:00:00,0.0348
2017-07-26 12:00:00,0.0368
2017-07-26 13:00:00,0.0419
2017-07-26 14:00:00,0.0458
2017-07-26 15:00:00,0.0473
2017-07-26 16:00:00,0.0482
2017-07-26 17:00:00,0.0554
2017-07-26 18:00:00,0.0535
2017-07-26 19:00:00,0.0531
2017-07-26 20:00:00,0.0484
2017-07-26 21:00:00,0.0443
2017-07-26 22:00:00,0.0403
2017-07-26 23:00:00,0.0263
2017-07-27 00:00:00,0.0161
2017-07-27 01:00:00,0.0105
2017-07-27 02:00:00,0.008
2017-07-27 03:00:00,0.0059
2017-07-27 04:00:00,0.0043
2017-07-27 05:00:00,0.0043
2017-07-27 06:00:00,0.0078
2017-07-27 07:00:00,0.0146
2017-07-27 08:00:00,0.0274
2017-07-27 09:00:00,0.0355
2017-07-27 10:00:00,0.043
2017-07-27 11:00:00,0.0368
2017-07-27 12:00:00,0.0368
2017-07-27 13:00:00,0.0429
2017-07-27 14:00:00,0.0464
2017-07-27 15:00:00,0.0485
2017-07-27 16:00:00,0.0504
2017-07-27 17:00:00,0.0554
2017-07-27 18:00:00,0.0517
2017-07-27 19:00:00,0.0577
2017-07-27 20:00:00,0.0517
2017-07-27 21:00:00,0.0458
2017-07-27 22:00:00,0.0358
2017-07-27 23:00:00,0.0278
2017-07-28 00:00:00,0.019
2017-07-28 01:00:00,0.0115
2017-07-28 02:00:00,0.0083
2017-07-28 03:00:00,0.005
2017-07-28 04:00:00,0.0037
2017-07-28 05:00:00,0.0038
2017-07-28 06:00:00,0.0068
2017-07-28 07:00:00,0.0143
2017-07-28 08:00:00,0.0303
2017-07-28 09:00:00,0.038
2017-07-28 10:00:00,0.0424
2017-07-28 11:00:00,0.0375
2017-07-28 12:00:00,0.0371
2017-07-28 13:00:00,0.0424
2017-07-28 14:00:00,0.0469
2017-07-28 15:00:00,0.0493
2017-07-28 16:00:00,0.0518
2017-07-28 17:00:00,0.0595
2017-07-28 18:00:00,0.055
2017-07-28 19:00:00,0.0558
2017-07-28 20:00:00,0.0505
2017-07-28 21:00:00,0.0421
2017-07-28 22:00:00,0.0372
2017-07-28 23:00:00,0.0279
2017-07-29 00:00:00,0.0184
2017-07-29 01:00:00,0.0114
2017-07-29 02:00:00,0.0067
2017-07-29 03:00:00,0.0047
2017-07-29 04:00:00,0.004
2017-07-29 05:00:00,0.0048
2017-07-29 06:00:00,0.0078
2017-07-29 07:00:00,0.0139
2017-07-29 08:00:00,0.0239
2017-07-29 09:00:00,0.0371
2017-07-29 10:00:00,0.0441
2017-07-29 11:00:00,0.036
2017-07-29 12:00:00,0.0411
2017-07-29 13:00:00,0.0423
2017-07-29 14:00:00,0.0512
2017-07-29 15:00:00,0.0475
2017-07-29 16:00:00,0.0517
2017-07-29 17:00:00,0.0573
2017-07-29 18:00:00,0.0543
2017-07-29 19:00:00,0.0575
2017-07-29 20:00:00,0.0497
2017-07-29 21:00:00,0.0447
2017-07-29 22:00:00,0.04
2017-07-29 23:00:00,0.0329
2017-07-30 00:00:00,0.0217
2017-07-30 01:00:00,0.0158
2017-07-30 02:00:00,0.0106
2017-07-30 03:00:00,0.0068
2017-07-30 04:00:00,0.0046
2017-07-30 05:00:00,0.0039
2017-07-30 06:00:00,0.0041
2017-07-30 07:00:00,0.0063
2017-07-30 08:00:00,0.0118
2017-07-30 09:00:00,0.0174
2017-07-30 10:00:00,0.0241
2017-07-30 11:00:00,0.0319
2017-07-30 12:00:00,0.0368
2017-07-30 13:00:00,0.0439
2017-07-30 14:00:00,0.0448
2017-07-30 15:00:00,0.0463
2017-07-30 16:00:00,0.047
2017-07-30 17:00:00,0.047
2017-07-30 18:00:00,0.0446
2017-07-30 19:00:00,0.0427
2017-07-30 20:00:00,0.0386
2017-07-30 21:00:00,0.0289
2017-07-30 22:00:00,0.0256
2017-07-30 23:00:00,0.0241
2017-07-31 00:00:00,0.0189
2017-07-31 01:00:00,0.0159
2017-07-31 02:00:00,0.0099
2017-07-31 03:00:00,0.0064
2017-07-31 04:00:00,0.0044
2017-07-31 05:00:00,0.0036
2017-07-31 06:00:00,0.0038
2017-07-31 07:00:00,0.0041
2017-07-31 08:00:00,0.0078
2017-07-31 09:00:00,0.0125
2017-07-31 10:00:00,0.0175
2017-07-31 11:00:00,0.0216
2017-07-31 12:00:00,0.0301
2017-07-31 13:00:00,0.0346
2017-07-31 14:00:00,0.043
2017-07-31 15:00:00,0.0441
2017-07-31 16:00:00,0.044
2017-07-31 17:00:00,0.0456
2017-07-31 18:00:00,0.0411
2017-07-31 19:00:00,0.0416
2017-07-31 20:00:00,0.0379
2017-07-31 21:00:00,0.0308
2017-07-31 22:00:00,0.0217
2017-07-31 23:00:00,0.0174
2017-08-01 00:00:00,0.0117
2017-08-01 01:00:00,0.008
2017-08-01 02:00:00,0.0057
2017-08-01 03:00:00,0.0035
2017-08-01 04:00:00,0.0033
2017-08-01 05:00:00,0.0033
2017-08-01 06:00:00,0.0078
2017-08-01 07:00:00,0.0144
2017-08-01 08:00:00,0.0234
2017-08-01 09:00:00,0.0348
2017-08-01 10:00:00,0.0419
2017-08-01 11:00:00,0.0335
2017-08-01 12:00:00,0.0345
2017-08-01 13:00:00,0.0408
2017-08-01 14:00:00,0.0461
2017-08-01 15:00:00,0.0482
2017-08-01 16:00:00,0.0494
2017-08-01 17:00:00,0.0561
2017-08-01 18:00:00,0.0526
2017-08-01 19:00:00,0.0561
2017-08-01 20:00:00,0.0517
2017-08-01 21:00:00,0.0424
2017-08-01 22:00:00,0.0309
2017-08-01 23:00:00,0.0246
2017-08-02 00:00:00,0.0155
2017-08-02 01:00:00,0.01
2017-08-02 02:00:00,0.0063
2017-08-02 03:00:00,0.0048
2017-08-02 04:00:00,0.0036
2017-08-02 05:00:00,0.0035
2017-08-02 06:00:00,0.0082
2017-08-02 07:00:00,0.0143
2017-08-02 08:00:00,0.0264
2017-08-02 09:00:00,0.0375
2017-08-02 10:00:00,0.0446
2017-08-02 11:00:00,0.0351
2017-08-02 12:00:00,0.0377
2017-08-02 13:00:00,0.045
2017-08-02 14:00:00,0.0388
2017-08-02 15:00:00,0.0463
2017-08-02 16:00:00,0.0545
2017-08-02 17:00:00,0.0521
2017-08-02 18:00:00,0.0463
2017-08-02 19:00:00,0.0546
2017-08-02 20:00:00,0.0535
2017-08-02 21:00:00,0.0469
2017-08-02 22:00:00,0.034
2017-08-02 23:00:00,0.0291
2017-08-03 00:00:00,0.0172
2017-08-03 01:00:00,0.0106
2017-08-03 02:00:00,0.0078
2017-08-03 03:00:00,0.0048
2017-08-03 04:00:00,0.0038
2017-08-03 05:00:00,0.0039
2017-08-03 06:00:00,0.0087
2017-08-03 07:00:00,0.0155
2017-08-03 08:00:00,0.0241
2017-08-03 09:00:00,0.0378
2017-08-03 10:00:00,0.0434
2017-08-03 11:00:00,0.035
2017-08-03 12:00:00,0.0371
2017-08-03 13:00:00,0.0432
2017-08-03 14:00:00,0.0504
2017-08-03 15:00:00,0.0493
2017-08-03 16:00:00,0.0518
2017-08-03 17:00:00,0.0577
2017-08-03 18:00:00,0.0562
2017-08-03 19:00:00,0.0572
2017-08-03 20:00:00,0.0496
2017-08-03 21:00:00,0.0436
2017-08-03 22:00:00,0.0354
2017-08-03 23:00:00,0.0313
2017-08-04 00:00:00,0.0178
2017-08-04 01:00:00,0.0115
2017-08-04 02:00:00,0.0079
2017-08-04 03:00:00,0.005
2017-08-04 04:00:00,0.0047
2017-08-04 05:00:00,0.0035
2017-08-04 06:00:00,0.0076
2017-08-04 07:00:00,0.0128
2017-08-04 08:00:00,0.0267
2017-08-04 09:00:00,0.0372
2017-08-04 10:00:00,0.0424
2017-08-04 11:00:00,0.0358
2017-08-04 12:00:00,0.0388
2017-08-04 13:00:00,0.0425
2017-08-04 14:00:00,0.048
2017-08-04 15:00:00,0.051
2017-08-04 16:00:00,0.0534
2017-08-04 17:00:00,0.0598
2017-08-04 18:00:00,0.0555
2017-08-04 19:00:00,0.0579
2017-08-04 20:00:00,0.0482
2017-08-04 21:00:00,0.046
2017-08-04 22:00:00,0.035
2017-08-04 23:00:00,0.0291
2017-08-05 00:00:00,0.0201
2017-08-05 01:00:00,0.0123
2017-08-05 02:00:00,0.0089
2017-08-05 03:00:00,0.0058
2017-08-05 04:00:00,0.0043
2017-08-05 05:00:00,0.004
2017-08-05 06:00:00,0.0075
2017-08-05 07:00:00,0.0132
2017-08-05 08:00:00,0.0267
2017-08-05 09:00:00,0.0372
2017-08-05 10:00:00,0.0444
2017-08-05 11:00:00,0.04
2017-08-05 12:00:00,0.0404
2017-08-05 13:00:00,0.047
2017-08-05 14:00:00,0.0536
2017-08-05 15:00:00,0.0531
2017-08-05 16:00:00,0.0559
2017-08-05 17:00:00,0.0547
2017-08-05 18:00:00,0.0523
2017-08-05 19:00:00,0.0553
2017-08-05 20:00:00,0.0509
2017-08-05 21:00:00,0.0464
2017-08-05 22:00:00,0.0376
2017-08-05 23:00:00,0.0311
2017-08-06 00:00:00,0.0221
2017-08-06 01:00:00,0.014
2017-08-06 02:00:00,0.0115
2017-08-06 03:00:00,0.0069
2017-08-06 04:00:00,0.0047
2017-08-06 05:00:00,0.0053
2017-08-06 06:00:00,0.0049
2017-08-06 07:00:00,0.0069
2017-08-06 08:00:00,0.012
2017-08-06 09:00:00,0.0198
2017-08-06 10:00:00,0.028
2017-08-06 11:00:00,0.0318
2017-08-06 12:00:00,0.0383
2017-08-06 13:00:00,0.0437
2017-08-06 14:00:00,0.0468
2017-08-06 15:00:00,0.047
2017-08-06 16:00:00,0.0475
2017-08-06 17:00:00,0.0462
2017-08-06 18:00:00,0.0473
2017-08-06 19:00:00,0.0453
2017-08-06 20:00:00,0.046
2017-08-06 21:00:00,0.0377
2017-08-06 22:00:00,0.0273
2017-08-06 23:00:00,0.0261
2017-08-07 00:00:00,0.023
2017-08-07 01:00:00,0.0167
2017-08-07 02:00:00,0.0128
2017-08-07 03:00:00,0.0086
2017-08-07 04:00:00,0.0058
2017-08-07 05:00:00,0.0048
2017-08-07 06:00:00,0.0036
2017-08-07 07:00:00,0.0046
2017-08-07 08:00:00,0.0073
2017-08-07 09:00:00,0.0125
2017-08-07 10:00:00,0.0162
2017-08-07 11:00:00,0.0234
2017-08-07 12:00:00,0.0303
2017-08-07 13:00:00,0.0357
2017-08-07 14:00:00,0.0413
2017-08-07 15:00:00,0.0439
2017-08-07 16:00:00,0.0444
2017-08-07 17:00:00,0.0374
2017-08-07 18:00:00,0.0281
2017-08-07 19:00:00,0.0227
2017-08-07 20:00:00,0.0244
2017-08-07 21:00:00,0.0252
2017-08-07 22:00:00,0.0347
2017-08-07 23:00:00,0.0208
2017-08-08 00:00:00,0.0128
2017-08-08 01:00:00,0.0084
2017-08-08 02:00:00,0.0054
2017-08-08 03:00:00,0.0035
2017-08-08 04:00:00,0.0027
2017-08-08 05:00:00,0.004
2017-08-08 06:00:00,0.0082
2017-08-08 07:00:00,0.0135
2017-08-08 08:00:00,0.0241
2017-08-08 09:00:00,0.0358
2017-08-08 10:00:00,0.044
2017-08-08 11:00:00,0.0339
2017-08-08 12:00:00,0.0378
2017-08-08 13:00:00,0.0435
2017-08-08 14:00:00,0.0473
2017-08-08 15:00:00,0.0467
2017-08-08 16:00:00,0.0506
2017-08-08 17:00:00,0.0525
2017-08-08 18:00:00,0.0516
2017-08-08 19:00:00,0.0532
2017-08-08 20:00:00,0.0488
2017-08-08 21:00:00,0.0418
2017-08-08 22:00:00,0.0305
2017-08-08 23:00:00,0.026
2017-08-09 00:00:00,0.015
2017-08-09 01:00:00,0.0107
2017-08-09 02:00:00,0.0066
2017-08-09 03:00:00,0.0049
2017-08-09 04:00:00,0.0038
2017-08-09 05:00:00,0.0041
2017-08-09 06:00:00,0.0086
2017-08-09 07:00:00,0.0124
2017-08-09 08:00:00,0.0258
2017-08-09 09:00:00,0.0386
2017-08-09 10:00:00,0.0437
2017-08-09 11:00:00,0.0353
2017-08-09 12:00:00,0.0367
2017-08-09 13:00:00,0.046
2017-08-09 14:00:00,0.0465
2017-08-09 15:00:00,0.049
2017-08-09 16:00:00,0.0519
2017-08-09 17:00:00,0.0582
2017-08-09 18:00:00,0.0525
2017-08-09 19:00:00,0.0537
2017-08-09 20:00:00,0.049
2017-08-09 21:00:00,0.0419
2017-08-09 22:00:00,0.0341
2017-08-09 23:00:00,0.0284
2017-08-10 00:00:00,0.017
2017-08-10 01:00:00,0.0104
2017-08-10 02:00:00,0.009
2017-08-10 03:00:00,0.0051
2017-08-10 04:00:00,0.0034
2017-08-10 05:00:00,0.0053
2017-08-10 06:00:00,0.0074
2017-08-10 07:00:00,0.0144
2017-08-10 08:00:00,0.0283
2017-08-10 09:00:00,0.0366
2017-08-10 10:00:00,0.0456
2017-08-10 11:00:00,0.0376
2017-08-10 12:00:00,0.0369
2017-08-10 13:00:00,0.0444
2017-08-10 14:00:00,0.0462
2017-08-10 15:00:00,0.0501
2017-08-10 16:00:00,0.0477
2017-08-10 17:00:00,0.0571
2017-08-10 18:00:00,0.0578
2017-08-10 19:00:00,0.055
2017-08-10 20:00:00,0.0529
2017-08-10 21:00:00,0.0439
2017-08-10 22:00:00,0.0347
2017-08-10 23:00:00,0.036
2017-08-11 00:00:00,0.0158
2017-08-11 01:00:00,0.0117
2017-08-11 02:00:00,0.0089
2017-08-11 03:00:00,0.005
2017-08-11 04:00:00,0.004
2017-08-11 05:00:00,0.0045
2017-08-11 06:00:00,0.0089
2017-08-11 07:00:00,0.0147
2017-08-11 08:00:00,0.0277
2017-08-11 09:00:00,0.0397
2017-08-11 10:00:00,0.0401
2017-08-11 11:00:00,0.0371
2017-08-11 12:00:00,0.0383
2017-08-11 13:00:00,0.0449
2017-08-11 14:00:00,0.0503
2017-08-11 15:00:00,0.0485
2017-08-11 16:00:00,0.0538
2017-08-11 17:00:00,0.0568
2017-08-11 18:00:00,0.0558
2017-08-11 19:00:00,0.056
2017-08-11 20:00:00,0.0516
2017-08-11 21:00:00,0.0416
2017-08-11 22:00:00,0.0384
2017-08-11 23:00:00,0.0318
2017-08-12 00:00:00,0.0201
2017-08-12 01:00:00,0.0101
2017-08-12 02:00:00,0.0088
2017-08-12 03:00:00,0.0051
2017-08-12 04:00:00,0.0028
2017-08-12 05:00:00,0.0068
2017-08-12 06:00:00,0.0076
2017-08-12 07:00:00,0.0135
2017-08-12 08:00:00,0.0193
2017-08-12 09:00:00,0.0365
2017-08-12 10:00:00,0.0413
2017-08-12 11:00:00,0.0395
2017-08-12 12:00:00,0.0445
2017-08-12 13:00:00,0.047
2017-08-12 14:00:00,0.0535
2017-08-12 15:00:00,0.0545
2017-08-12 16:00:00,0.0534
2017-08-12 17:00:00,0.0563
2017-08-12 18:00:00,0.0513
2017-08-12 19:00:00,0.056
2017-08-12 20:00:00,0.0471
2017-08-12 21:00:00,0.0466
2017-08-12 22:00:00,0.0371
2017-08-12 23:00:00,0.0322
2017-08-13 00:00:00,0.0212
2017-08-13 01:00:00,0.0153
2017-08-13 02:00:00,0.0104
2017-08-13 03:00:00,0.0065
2017-08-13 04:00:00,0.0047
2017-08-13 05:00:00,0.0047
2017-08-13 06:00:00,0.0044
2017-08-13 07:00:00,0.0074
2017-08-13 08:00:00,0.0125
2017-08-13 09:00:00,0.0198
2017-08-13 10:00:00,0.0301
2017-08-13 11:00:00,0.0341
2017-08-13 12:00:00,0.0403
2017-08-13 13:00:00,0.0446
2017-08-13 14:00:00,0.0472
2017-08-13 15:00:00,0.0475
2017-08-13 16:00:00,0.0453
2017-08-13 17:00:00,0.0486
2017-08-13 18:00:00,0.0483
2017-08-13 19:00:00,0.0478
2017-08-13 20:00:00,0.0427
2017-08-13 21:00:00,0.0358
2017-08-13 22:00:00,0.0263
2017-08-13 23:00:00,0.025
2017-08-14 00:00:00,0.0212
2017-08-14 01:00:00,0.0161
2017-08-14 02:00:00,0.0105
2017-08-14 03:00:00,0.0068
2017-08-14 04:00:00,0.0045
2017-08-14 05:00:00,0.0041
2017-08-14 06:00:00,0.0033
2017-08-14 07:00:00,0.0042
2017-08-14 08:00:00,0.0073
2017-08-14 09:00:00,0.012
2017-08-14 10:00:00,0.0162
2017-08-14 11:00:00,0.0219
2017-08-14 12:00:00,0.0301
2017-08-14 13:00:00,0.0339
2017-08-14 14:00:00,0.0397
2017-08-14 15:00:00,0.0433
2017-08-14 16:00:00,0.0421
2017-08-14 17:00:00,0.0404
2017-08-14 18:00:00,0.0371
2017-08-14 19:00:00,0.0377
2017-08-14 20:00:00,0.0312
2017-08-14 21:00:00,0.0287
2017-08-14 22:00:00,0.0237
2017-08-14 23:00:00,0.0183
2017-08-15 00:00:00,0.0129
2017-08-15 01:00:00,0.0085
2017-08-15 02:00:00,0.0055
2017-08-15 03:00:00,0.0034
2017-08-15 04:00:00,0.0028
2017-08-15 05:00:00,0.0039
2017-08-15 06:00:00,0.0072
2017-08-15 07:00:00,0.0134
2017-08-15 08:00:00,0.0229
2017-08-15 09:00:00,0.0344
2017-08-15 10:00:00,0.0404
2017-08-15 11:00:00,0.0327
2017-08-15 12:00:00,0.0351
2017-08-15 13:00:00,0.0419
2017-08-15 14:00:00,0.0456
2017-08-15 15:00:00,0.047
2017-08-15 16:00:00,0.0505
2017-08-15 17:00:00,0.0535
2017-08-15 18:00:00,0.0518
2017-08-15 19:00:00,0.0519
2017-08-15 20:00:00,0.0483
2017-08-15 21:00:00,0.0404
2017-08-15 22:00:00,0.0283
2017-08-15 23:00:00,0.0235
2017-08-16 00:00:00,0.015
2017-08-16 01:00:00,0.0098
2017-08-16 02:00:00,0.0064
2017-08-16 03:00:00,0.0042
2017-08-16 04:00:00,0.0036
2017-08-16 05:00:00,0.0035
2017-08-16 06:00:00,0.0076
2017-08-16 07:00:00,0.0133
2017-08-16 08:00:00,0.0252
2017-08-16 09:00:00,0.0371
2017-08-16 10:00:00,0.0444
2017-08-16 11:00:00,0.0351
2017-08-16 12:00:00,0.0366
2017-08-16 13:00:00,0.0429
2017-08-16 14:00:00,0.0432
2017-08-16 15:00:00,0.0473
2017-08-16 16:00:00,0.0508
2017-08-16 17:00:00,0.055
2017-08-16 18:00:00,0.0512
2017-08-16 19:00:00,0.0536
2017-08-16 20:00:00,0.0493
2017-08-16 21:00:00,0.0436
2017-08-16 22:00:00,0.0347
2017-08-16 23:00:00,0.0274
2017-08-17 00:00:00,0.0162
2017-08-17 01:00:00,0.0103
2017-08-17 02:00:00,0.008
2017-08-17 03:00:00,0.0048
2017-08-17 04:00:00,0.0036
2017-08-17 05:00:00,0.0044
2017-08-17 06:00:00,0.0073
2017-08-17 07:00:00,0.0146
2017-08-17 08:00:00,0.0275
2017-08-17 09:00:00,0.0364
2017-08-17 10:00:00,0.0441
2017-08-17 11:00:00,0.0365
2017-08-17 12:00:00,0.0363
2017-08-17 13:00:00,0.0438
2017-08-17 14:00:00,0.0482
2017-08-17 15:00:00,0.0505
2017-08-17 16:00:00,0.0494
2017-08-17 17:00:00,0.0568
2017-08-17 18:00:00,0.0554
2017-08-17 19:00:00,0.0565
2017-08-17 20:00:00,0.052
2017-08-17 21:00:00,0.0442
2017-08-17 22:00:00,0.0358
2017-08-17 23:00:00,0.0305
2017-08-18 00:00:00,0.0172
2017-08-18 01:00:00,0.0117
2017-08-18 02:00:00,0.0086
2017-08-18 03:00:00,0.0044
2017-08-18 04:00:00,0.0038
2017-08-18 05:00:00,0.0043
2017-08-18 06:00:00,0.0087
2017-08-18 07:00:00,0.0133
2017-08-18 08:00:00,0.0275
2017-08-18 09:00:00,0.0386
2017-08-18 10:00:00,0.0446
2017-08-18 11:00:00,0.0381
2017-08-18 12:00:00,0.0413
2017-08-18 13:00:00,0.0471
2017-08-18 14:00:00,0.0505
2017-08-18 15:00:00,0.052
2017-08-18 16:00:00,0.0558
2017-08-18 17:00:00,0.0577
2017-08-18 18:00:00,0.0529
2017-08-18 19:00:00,0.0542
2017-08-18 20:00:00,0.0538
2017-08-18 21:00:00,0.0451
2017-08-18 22:00:00,0.037
2017-08-18 23:00:00,0.0276
2017-08-19 00:00:00,0.0179
2017-08-19 01:00:00,0.0124
2017-08-19 02:00:00,0.0096
2017-08-19 03:00:00,0.006
2017-08-19 04:00:00,0.0043
2017-08-19 05:00:00,0.0048
2017-08-19 06:00:00,0.0086
2017-08-19 07:00:00,0.015
2017-08-19 08:00:00,0.0272
2017-08-19 09:00:00,0.0388
2017-08-19 10:00:00,0.0418
2017-08-19 11:00:00,0.0399
2017-08-19 12:00:00,0.0419
2017-08-19 13:00:00,0.0482
2017-08-19 14:00:00,0.0537
2017-08-19 15:00:00,0.0554
2017-08-19 16:00:00,0.059
2017-08-19 17:00:00,0.0556
2017-08-19 18:00:00,0.0527
2017-08-19 19:00:00,0.0517
2017-08-19 20:00:00,0.0491
2017-08-19 21:00:00,0.0445
2017-08-19 22:00:00,0.0373
2017-08-19 23:00:00,0.0309
2017-08-20 00:00:00,0.0215
2017-08-20 01:00:00,0.0158
2017-08-20 02:00:00,0.0109
2017-08-20 03:00:00,0.0066
2017-08-20 04:00:00,0.0046
2017-08-20 05:00:00,0.0044
2017-08-20 06:00:00,0.0044
2017-08-20 07:00:00,0.0066
2017-08-20 08:00:00,0.0115
2017-08-20 09:00:00,0.0185
2017-08-20 10:00:00,0.027
2017-08-20 11:00:00,0.0324
2017-08-20 12:00:00,0.0376
2017-08-20 13:00:00,0.0439
2017-08-20 14:00:00,0.0461
2017-08-20 15:00:00,0.0467
2017-08-20 16:00:00,0.0462
2017-08-20 17:00:00,0.0469
2017-08-20 18:00:00,0.047
2017-08-20 19:00:00,0.0446
2017-08-20 20:00:00,0.0428
2017-08-20 21:00:00,0.035
2017-08-20 22:00:00,0.0272
2017-08-20 23:00:00,0.0252
2017-08-21 00:00:00,0.0214
2017-08-21 01:00:00,0.0159
2017-08-21 02:00:00,0.0107
2017-08-21 03:00:00,0.0069
2017-08-21 04:00:00,0.0046
2017-08-21 05:00:00,0.0042
2017-08-21 06:00:00,0.0033
2017-08-21 07:00:00,0.0041
2017-08-21 08:00:00,0.0073
2017-08-21 09:00:00,0.0125
2017-08-21 10:00:00,0.0164
2017-08-21 11:00:00,0.0216
2017-08-21 12:00:00,0.0308
2017-08-21 13:00:00,0.0353
2017-08-21 14:00:00,0.0408
2017-08-21 15:00:00,0.0434
2017-08-21 16:00:00,0.0427
2017-08-21 17:00:00,0.04
2017-08-21 18:00:00,0.0359
2017-08-21 19:00:00,0.0357
2017-08-21 20:00:00,0.0352
2017-08-21 21:00:00,0.0296
2017-08-21 22:00:00,0.0245
2017-08-21 23:00:00,0.0182
2017-08-22 00:00:00,0.0122
2017-08-22 01:00:00,0.0082
2017-08-22 02:00:00,0.0055
2017-08-22 03:00:00,0.0036
2017-08-22 04:00:00,0.0029
2017-08-22 05:00:00,0.0036
2017-08-22 06:00:00,0.0074
2017-08-22 07:00:00,0.0139
2017-08-22 08:00:00,0.0239
2017-08-22 09:00:00,0.0366
2017-08-22 10:00:00,0.0424
2017-08-22 11:00:00,0.0336
2017-08-22 12:00:00,0.0363
2017-08-22 13:00:00,0.041
2017-08-22 14:00:00,0.0459
2017-08-22 15:00:00,0.0465
2017-08-22 16:00:00,0.0497
2017-08-22 17:00:00,0.0541
2017-08-22 18:00:00,0.0521
2017-08-22 19:00:00,0.0528
2017-08-22 20:00:00,0.0508
2017-08-22 21:00:00,0.0423
2017-08-22 22:00:00,0.0294
2017-08-22 23:00:00,0.0246
2017-08-23 00:00:00,0.0155
2017-08-23 01:00:00,0.0101
2017-08-23 02:00:00,0.0076
2017-08-23 03:00:00,0.0051
2017-08-23 04:00:00,0.0037
2017-08-23 05:00:00,0.0037
2017-08-23 06:00:00,0.0088
2017-08-23 07:00:00,0.0134
2017-08-23 08:00:00,0.0261
2017-08-23 09:00:00,0.0369
2017-08-23 10:00:00,0.0438
2017-08-23 11:00:00,0.0364
2017-08-23 12:00:00,0.0391
2017-08-23 13:00:00,0.0448
2017-08-23 14:00:00,0.0485
2017-08-23 15:00:00,0.0491
2017-08-23 16:00:00,0.0501
2017-08-23 17:00:00,0.0565
2017-08-23 18:00:00,0.0511
2017-08-23 19:00:00,0.0558
2017-08-23 20:00:00,0.0495
2017-08-23 21:00:00,0.0489
2017-08-23 22:00:00,0.0387
2017-08-23 23:00:00,0.0325
2017-08-24 00:00:00,0.017
2017-08-24 01:00:00,0.0099
2017-08-24 02:00:00,0.0077
2017-08-24 03:00:00,0.0042
2017-08-24 04:00:00,0.0046
2017-08-24 05:00:00,0.0042
2017-08-24 06:00:00,0.0092
2017-08-24 07:00:00,0.0146
2017-08-24 08:00:00,0.0261
2017-08-24 09:00:00,0.0372
2017-08-24 10:00:00,0.0357
2017-08-24 11:00:00,0.0369
2017-08-24 12:00:00,0.0373
2017-08-24 13:00:00,0.0473
2017-08-24 14:00:00,0.0507
2017-08-24 15:00:00,0.0526
2017-08-24 16:00:00,0.0508
2017-08-24 17:00:00,0.0562
2017-08-24 18:00:00,0.0537
2017-08-24 19:00:00,0.05
2017-08-24 20:00:00,0.0493
2017-08-24 21:00:00,0.047
2017-08-24 22:00:00,0.0377
2017-08-24 23:00:00,0.0326
2017-08-25 00:00:00,0.0171
2017-08-25 01:00:00,0.0102
2017-08-25 02:00:00,0.0083
2017-08-25 03:00:00,0.0049
2017-08-25 04:00:00,0.0038
2017-08-25 05:00:00,0.0038
2017-08-25 06:00:00,0.0085
2017-08-25 07:00:00,0.0144
2017-08-25 08:00:00,0.0287
2017-08-25 09:00:00,0.0387
2017-08-25 10:00:00,0.0454
2017-08-25 11:00:00,0.0388
2017-08-25 12:00:00,0.0384
2017-08-25 13:00:00,0.0459
2017-08-25 14:00:00,0.0505
2017-08-25 15:00:00,0.0529
2017-08-25 16:00:00,0.0507
2017-08-25 17:00:00,0.0551
2017-08-25 18:00:00,0.0558
2017-08-25 19:00:00,0.0538
2017-08-25 20:00:00,0.0491
2017-08-25 21:00:00,0.0462
2017-08-25 22:00:00,0.0382
2017-08-25 23:00:00,0.031
2017-08-26 00:00:00,0.0195
2017-08-26 01:00:00,0.013
2017-08-26 02:00:00,0.0088
2017-08-26 03:00:00,0.0058
2017-08-26 04:00:00,0.0042
2017-08-26 05:00:00,0.0047
2017-08-26 06:00:00,0.0088
2017-08-26 07:00:00,0.009104950495049505
2017-08-26 08:00:00,0.00940990099009901
2017-08-26 09:00:00,0.009714851485148515
2017-08-26 10:00:00,0.01001980198019802
2017-08-26 11:00:00,0.010324752475247525
2017-08-26 12:00:00,0.01062970297029703
2017-08-26 13:00:00,0.010934653465346535
2017-08-26 14:00:00,0.011239603960396041
2017-08-26 15:00:00,0.011544554455445544
2017-08-26 16:00:00,0.011849504950495051
2017-08-26 17:00:00,0.012154455445544556
2017-08-26 18:00:00,0.01245940594059406
2017-08-26 19:00:00,0.012764356435643566
2017-08-26 20:00:00,0.01306930693069307
2017-08-26 21:00:00,0.013374257425742575
2017-08-26 22:00:00,0.01367920792079208
2017-08-26 23:00:00,0.013984158415841585
2017-08-27 00:00:00,0.01428910891089109
2017-08-27 01:00:00,0.014594059405940595
2017-08-27 02:00:00,0.0148990099009901
2017-08-27 03:00:00,0.015203960396039606
2017-08-27 04:00:00,0.01550891089108911
2017-08-27 05:00:00,0.015813861386138616
2017-08-27 06:00:00,0.01611881188118812
2017-08-27 07:00:00,0.016423762376237626
2017-08-27 08:00:00,0.016728712871287132
2017-08-27 09:00:00,0.017033663366336636
2017-08-27 10:00:00,0.01733861386138614
2017-08-27 11:00:00,0.017643564356435645
2017-08-27 12:00:00,0.017948514851485152
2017-08-27 13:00:00,0.018253465346534655
2017-08-27 14:00:00,0.018558415841584158
2017-08-27 15:00:00,0.018863366336633665
2017-08-27 16:00:00,0.01916831683168317
2017-08-27 17:00:00,0.019473267326732675
2017-08-27 18:00:00,0.019778217821782178
2017-08-27 19:00:00,0.020083168316831684
2017-08-27 20:00:00,0.02038811881188119
2017-08-27 21:00:00,0.020693069306930694
2017-08-27 22:00:00,0.020998019801980197
2017-08-27 23:00:00,0.021302970297029704
2017-08-28 00:00:00,0.02160792079207921
2017-08-28 01:00:00,0.021912871287128717
2017-08-28 02:00:00,0.02221782178217822
2017-08-28 03:00:00,0.022522772277227723
2017-08-28 04:00:00,0.02282772277227723
2017-08-28 05:00:00,0.023132673267326737
2017-08-28 06:00:00,0.02343762376237624
2017-08-28 07:00:00,0.023742574257425743
2017-08-28 08:00:00,0.02404752475247525
2017-08-28 09:00:00,0.024352475247524756
2017-08-28 10:00:00,0.024657425742574263
2017-08-28 11:00:00,0.024962376237623762
2017-08-28 12:00:00,0.02526732673267327
2017-08-28 13:00:00,0.025572277227722776
2017-08-28 14:00:00,0.025877227722772282
2017-08-28 15:00:00,0.026182178217821782
2017-08-28 16:00:00,0.02648712871287129
2017-08-28 17:00:00,0.026792079207920795
2017-08-28 18:00:00,0.0270970297029703
2017-08-28 19:00:00,0.0274019801980198
2017-08-28 20:00:00,0.027706930693069308
2017-08-28 21:00:00,0.028011881188118815
2017-08-28 22:00:00,0.02831683168316832
2017-08-28 23:00:00,0.028621782178217828
2017-08-29 00:00:00,0.028926732673267327
2017-08-29 01:00:00,0.029231683168316834
2017-08-29 02:00:00,0.02953663366336634
2017-08-29 03:00:00,0.029841584158415847
2017-08-29 04:00:00,0.030146534653465347
2017-08-29 05:00:00,0.030451485148514854
2017-08-29 06:00:00,0.03075643564356436
2017-08-29 07:00:00,0.031061386138613867
2017-08-29 08:00:00,0.031366336633663366
2017-08-29 09:00:00,0.03167128712871287
2017-08-29 10:00:00,0.03197623762376238
2017-08-29 11:00:00,0.032281188118811886
2017-08-29 12:00:00,0.032586138613861386
2017-08-29 13:00:00,0.03289108910891089
2017-08-29 14:00:00,0.0331960396039604
2017-08-29 15:00:00,0.033500990099009906
2017-08-29 16:00:00,0.03380594059405941
2017-08-29 17:00:00,0.03411089108910891
2017-08-29 18:00:00,0.03441584158415842
2017-08-29 19:00:00,0.034720792079207925
2017-08-29 20:00:00,0.03502574257425743
2017-08-29 21:00:00,0.03533069306930693
2017-08-29 22:00:00,0.03563564356435644
2017-08-29 23:00:00,0.035940594059405945
2017-08-30 00:00:00,0.03624554455445545
2017-08-30 01:00:00,0.03655049504950495
2017-08-30 02:00:00,0.03685544554455446
2017-08-30 03:00:00,0.037160396039603964
2017-08-30 04:00:00,0.03746534653465347
2017-08-30 05:00:00,0.03777029702970297
2017-08-30 06:00:00,0.03807524752475248
2017-08-30 07:00:00,0.038380198019801984
2017-08-30 08:00:00,0.03868514851485149
2017-08-30 09:00:00,0.038990099009901
2017-08-30 10:00:00,0.0392950495049505
2017-08-30 11:00:00,0.0396
2017-08-30 12:00:00,0.0414
2017-08-30 13:00:00,0.0362
2017-08-30 14:00:00,0.0342
2017-08-30 15:00:00,0.0567
2017-08-30 16:00:00,0.0524
2017-08-30 17:00:00,0.0597
2017-08-30 18:00:00,0.0525
2017-08-30 19:00:00,0.0545
2017-08-30 20:00:00,0.0508
2017-08-30 21:00:00,0.0454
2017-08-30 22:00:00,0.0358
2017-08-30 23:00:00,0.0287
2017-08-31 00:00:00,0.0174
2017-08-31 01:00:00,0.0118
2017-08-31 02:00:00,0.0076
2017-08-31 03:00:00,0.0046
2017-08-31 04:00:00,0.0037
2017-08-31 05:00:00,0.004
2017-08-31 06:00:00,0.0084
2017-08-31 07:00:00,0.0171
2017-08-31 08:00:00,0.0287
2017-08-31 09:00:00,0.0387
2017-08-31 10:00:00,0.0486
2017-08-31 11:00:00,0.0383
2017-08-31 12:00:00,0.0427
2017-08-31 13:00:00,0.0504
2017-08-31 14:00:00,0.0512
2017-08-31 15:00:00,0.0528
2017-08-31 16:00:00,0.0554
2017-08-31 17:00:00,0.0603
2017-08-31 18:00:00,0.0581
2017-08-31 19:00:00,0.0574
2017-08-31 20:00:00,0.0528
2017-08-31 21:00:00,0.0485
2017-08-31 22:00:00,0.0384
2017-08-31 23:00:00,0.0343
2017-09-01 00:00:00,0.0166
2017-09-01 01:00:00,0.011
2017-09-01 02:00:00,0.0083
2017-09-01 03:00:00,0.0049
2017-09-01 04:00:00,0.0046
2017-09-01 05:00:00,0.0035
2017-09-01 06:00:00,0.0082
2017-09-01 07:00:00,0.0172
2017-09-01 08:00:00,0.0291
2017-09-01 09:00:00,0.0401
2017-09-01 10:00:00,0.0488
2017-09-01 11:00:00,0.0397
2017-09-01 12:00:00,0.0432
2017-09-01 13:00:00,0.0478
2017-09-01 14:00:00,0.0523
2017-09-01 15:00:00,0.057
2017-09-01 16:00:00,0.0551
2017-09-01 17:00:00,0.0591
2017-09-01 18:00:00,0.0572
2017-09-01 19:00:00,0.0525
2017-09-01 20:00:00,0.0508
2017-09-01 21:00:00,0.0414
2017-09-01 22:00:00,0.0369
2017-09-01 23:00:00,0.0275
2017-09-02 00:00:00,0.0187
2017-09-02 01:00:00,0.0126
2017-09-02 02:00:00,0.0085
2017-09-02 03:00:00,0.0047
2017-09-02 04:00:00,0.0046
2017-09-02 05:00:00,0.0051
2017-09-02 06:00:00,0.0086
2017-09-02 07:00:00,0.0166
2017-09-02 08:00:00,0.0275
2017-09-02 09:00:00,0.0391
2017-09-02 10:00:00,0.0444
2017-09-02 11:00:00,0.0397
2017-09-02 12:00:00,0.0433
2017-09-02 13:00:00,0.0536
2017-09-02 14:00:00,0.0552
2017-09-02 15:00:00,0.0571
2017-09-02 16:00:00,0.0545
2017-09-02 17:00:00,0.0623
2017-09-02 18:00:00,0.0538
2017-09-02 19:00:00,0.0461
2017-09-02 20:00:00,0.046
2017-09-02 21:00:00,0.0518
2017-09-02 22:00:00,0.039
2017-09-02 23:00:00,0.0281
2017-09-03 00:00:00,0.023
2017-09-03 01:00:00,0.0148
2017-09-03 02:00:00,0.0126
2017-09-03 03:00:00,0.0065
2017-09-03 04:00:00,0.0053
2017-09-03 05:00:00,0.005
2017-09-03 06:00:00,0.0041
2017-09-03 07:00:00,0.0063
2017-09-03 08:00:00,0.0118
2017-09-03 09:00:00,0.019
2017-09-03 10:00:00,0.0273
2017-09-03 11:00:00,0.0356
2017-09-03 12:00:00,0.043
2017-09-03 13:00:00,0.0487
2017-09-03 14:00:00,0.0517
2017-09-03 15:00:00,0.052
2017-09-03 16:00:00,0.0503
2017-09-03 17:00:00,0.0491
2017-09-03 18:00:00,0.0484
2017-09-03 19:00:00,0.0452
2017-09-03 20:00:00,0.0455
2017-09-03 21:00:00,0.034
2017-09-03 22:00:00,0.0284
2017-09-03 23:00:00,0.0246
2017-09-04 00:00:00,0.025
2017-09-04 01:00:00,0.0177
2017-09-04 02:00:00,0.0113
2017-09-04 03:00:00,0.0062
2017-09-04 04:00:00,0.0046
2017-09-04 05:00:00,0.0032
2017-09-04 06:00:00,0.0021
2017-09-04 07:00:00,0.0035
2017-09-04 08:00:00,0.0069
2017-09-04 09:00:00,0.0126
2017-09-04 10:00:00,0.0181
2017-09-04 11:00:00,0.0255
2017-09-04 12:00:00,0.0367
2017-09-04 13:00:00,0.0388
2017-09-04 14:00:00,0.0447
2017-09-04 15:00:00,0.0461
2017-09-04 16:00:00,0.0443
2017-09-04 17:00:00,0.0413
2017-09-04 18:00:00,0.0486
2017-09-04 19:00:00,0.039
2017-09-04 20:00:00,0.0414
2017-09-04 21:00:00,0.0304
2017-09-04 22:00:00,0.0249
2017-09-04 23:00:00,0.0205
2017-09-05 00:00:00,0.0126
2017-09-05 01:00:00,0.009
2017-09-05 02:00:00,0.0064
2017-09-05 03:00:00,0.0038
2017-09-05 04:00:00,0.0031
2017-09-05 05:00:00,0.0042
2017-09-05 06:00:00,0.0071
2017-09-05 07:00:00,0.0141
2017-09-05 08:00:00,0.0249
2017-09-05 09:00:00,0.0396
2017-09-05 10:00:00,0.0442
2017-09-05 11:00:00,0.0344
2017-09-05 12:00:00,0.0395
2017-09-05 13:00:00,0.0433
2017-09-05 14:00:00,0.0512
2017-09-05 15:00:00,0.0517
2017-09-05 16:00:00,0.0521
2017-09-05 17:00:00,0.0611
2017-09-05 18:00:00,0.0564
2017-09-05 19:00:00,0.0387
2017-09-05 20:00:00,0.0275
2017-09-05 21:00:00,0.0402
2017-09-05 22:00:00,0.0296
2017-09-05 23:00:00,0.0254
2017-09-06 00:00:00,0.0158
2017-09-06 01:00:00,0.0098
2017-09-06 02:00:00,0.0069
2017-09-06 03:00:00,0.0043
2017-09-06 04:00:00,0.0041
2017-09-06 05:00:00,0.004
2017-09-06 06:00:00,0.0091
2017-09-06 07:00:00,0.0157
2017-09-06 08:00:00,0.0285
2017-09-06 09:00:00,0.0391
2017-09-06 10:00:00,0.0442
2017-09-06 11:00:00,0.0356
2017-09-06 12:00:00,0.0396
2017-09-06 13:00:00,0.0472
2017-09-06 14:00:00,0.0524
2017-09-06 15:00:00,0.0576
2017-09-06 16:00:00,0.0553
2017-09-06 17:00:00,0.0646
2017-09-06 18:00:00,0.0609
2017-09-06 19:00:00,0.0569
2017-09-06 20:00:00,0.0531
2017-09-06 21:00:00,0.0438
2017-09-06 22:00:00,0.0346
2017-09-06 23:00:00,0.0268
2017-09-07 00:00:00,0.0166
2017-09-07 01:00:00,0.0119
2017-09-07 02:00:00,0.004
2017-09-07 03:00:00,0.0044
2017-09-07 04:00:00,0.0037
2017-09-07 05:00:00,0.0049
2017-09-07 06:00:00,0.005056435643564356
2017-09-07 07:00:00,0.005212871287128712
2017-09-07 08:00:00,0.005369306930693069
2017-09-07 09:00:00,0.005525742574257426
2017-09-07 10:00:00,0.005682178217821782
2017-09-07 11:00:00,0.005838613861386139
2017-09-07 12:00:00,0.005995049504950495
2017-09-07 13:00:00,0.006151485148514851
2017-09-07 14:00:00,0.006307920792079208
2017-09-07 15:00:00,0.006464356435643564
2017-09-07 16:00:00,0.006620792079207921
2017-09-07 17:00:00,0.006777227722772277
2017-09-07 18:00:00,0.006933663366336633
2017-09-07 19:00:00,0.0070900990099009905
2017-09-07 20:00:00,0.007246534653465347
2017-09-07 21:00:00,0.007402970297029703
2017-09-07 22:00:00,0.007559405940594059
2017-09-07 23:00:00,0.007715841584158415
2017-09-08 00:00:00,0.007872277227722772
2017-09-08 01:00:00,0.00802871287128713
2017-09-08 02:00:00,0.008185148514851484
2017-09-08 03:00:00,0.008341584158415842
2017-09-08 04:00:00,0.008498019801980198
2017-09-08 05:00:00,0.008654455445544555
2017-09-08 06:00:00,0.00881089108910891
2017-09-08 07:00:00,0.008967326732673267
2017-09-08 08:00:00,0.009123762376237625
2017-09-08 09:00:00,0.00928019801980198
2017-09-08 10:00:00,0.009436633663366337
2017-09-08 11:00:00,0.009593069306930694
2017-09-08 12:00:00,0.00974950495049505
2017-09-08 13:00:00,0.009905940594059406
2017-09-08 14:00:00,0.010062376237623762
2017-09-08 15:00:00,0.010218811881188119
2017-09-08 16:00:00,0.010375247524752475
2017-09-08 17:00:00,0.010531683168316833
2017-09-08 18:00:00,0.010688118811881187
2017-09-08 19:00:00,0.010844554455445545
2017-09-08 20:00:00,0.011000990099009901
2017-09-08 21:00:00,0.011157425742574258
2017-09-08 22:00:00,0.011313861386138614
2017-09-08 23:00:00,0.01147029702970297
2017-09-09 00:00:00,0.011626732673267328
2017-09-09 01:00:00,0.011783168316831683
2017-09-09 02:00:00,0.01193960396039604
2017-09-09 03:00:00,0.012096039603960397
2017-09-09 04:00:00,0.012252475247524753
2017-09-09 05:00:00,0.01240891089108911
2017-09-09 06:00:00,0.012565346534653465
2017-09-09 07:00:00,0.012721782178217822
2017-09-09 08:00:00,0.012878217821782178
2017-09-09 09:00:00,0.013034653465346534
2017-09-09 10:00:00,0.013191089108910892
2017-09-09 11:00:00,0.013347524752475248
2017-09-09 12:00:00,0.013503960396039605
2017-09-09 13:00:00,0.01366039603960396
2017-09-09 14:00:00,0.013816831683168317
2017-09-09 15:00:00,0.013973267326732673
2017-09-09 16:00:00,0.01412970297029703
2017-09-09 17:00:00,0.014286138613861387
2017-09-09 18:00:00,0.014442574257425744
2017-09-09 19:00:00,0.0145990099009901
2017-09-09 20:00:00,0.014755445544554456
2017-09-09 21:00:00,0.014911881188118812
2017-09-09 22:00:00,0.015068316831683169
2017-09-09 23:00:00,0.015224752475247525
2017-09-10 00:00:00,0.015381188118811881
2017-09-10 01:00:00,0.015537623762376237
2017-09-10 02:00:00,0.015694059405940597
2017-09-10 03:00:00,0.01585049504950495
2017-09-10 04:00:00,0.016006930693069306
2017-09-10 05:00:00,0.016163366336633664
2017-09-10 06:00:00,0.016319801980198022
2017-09-10 07:00:00,0.016476237623762376
2017-09-10 08:00:00,0.01663267326732673
2017-09-10 09:00:00,0.01678910891089109
2017-09-10 10:00:00,0.016945544554455447
2017-09-10 11:00:00,0.017101980198019805
2017-09-10 12:00:00,0.01725841584158416
2017-09-10 13:00:00,0.017414851485148514
2017-09-10 14:00:00,0.01757128712871287
2017-09-10 15:00:00,0.01772772277227723
2017-09-10 16:00:00,0.017884158415841584
2017-09-10 17:00:00,0.01804059405940594
2017-09-10 18:00:00,0.018197029702970297
2017-09-10 19:00:00,0.018353465346534655
2017-09-10 20:00:00,0.018509900990099012
2017-09-10 21:00:00,0.018666336633663367
2017-09-10 22:00:00,0.01882277227722772
2017-09-10 23:00:00,0.01897920792079208
2017-09-11 00:00:00,0.019135643564356437
2017-09-11 01:00:00,0.019292079207920795
2017-09-11 02:00:00,0.01944851485148515
2017-09-11 03:00:00,0.019604950495049504
2017-09-11 04:00:00,0.019761386138613862
2017-09-11 05:00:00,0.01991782178217822
2017-09-11 06:00:00,0.020074257425742575
2017-09-11 07:00:00,0.02023069306930693
2017-09-11 08:00:00,0.020387128712871287
2017-09-11 09:00:00,0.020543564356435645
2017-09-11 10:00:00,0.0207
2017-09-11 11:00:00,0.0275
2017-09-11 12:00:00,0.0357
2017-09-11 13:00:00,0.0416
2017-09-11 14:00:00,0.0439
2017-09-11 15:00:00,0.0452
2017-09-11 16:00:00,0.0405
2017-09-11 17:00:00,0.0455
2017-09-11 18:00:00,0.0415
2017-09-11 19:00:00,0.0381
2017-09-11 20:00:00,0.0349
2017-09-11 21:00:00,0.0269
2017-09-11 22:00:00,0.0205
2017-09-11 23:00:00,0.0147
2017-09-12 00:00:00,0.0097
2017-09-12 01:00:00,0.0066
2017-09-12 02:00:00,0.0049
2017-09-12 03:00:00,0.003
2017-09-12 04:00:00,0.0041
2017-09-12 05:00:00,0.0075
2017-09-12 06:00:00,0.0147
2017-09-12 07:00:00,0.0233
2017-09-12 08:00:00,0.031
2017-09-12 09:00:00,0.0418
2017-09-12 10:00:00,0.0372
2017-09-12 11:00:00,0.0402
2017-09-12 12:00:00,0.0448
2017-09-12 13:00:00,0.0516
2017-09-12 14:00:00,0.0483
2017-09-12 15:00:00,0.05
2017-09-12 16:00:00,0.0551
2017-09-12 17:00:00,0.0536
2017-09-12 18:00:00,0.0532
2017-09-12 19:00:00,0.0494
2017-09-12 20:00:00,0.0426
2017-09-12 21:00:00,0.0321
2017-09-12 22:00:00,0.0263
2017-09-12 23:00:00,0.0173
2017-09-13 00:00:00,0.0116
2017-09-13 01:00:00,0.0091
2017-09-13 02:00:00,0.0045
2017-09-13 03:00:00,0.0038
2017-09-13 04:00:00,0.0035
2017-09-13 05:00:00,0.0079
2017-09-13 06:00:00,0.0143
2017-09-13 07:00:00,0.0265
2017-09-13 08:00:00,0.0343
2017-09-13 09:00:00,0.0472
2017-09-13 10:00:00,0.0363
2017-09-13 11:00:00,0.0393
2017-09-13 12:00:00,0.0442
2017-09-13 13:00:00,0.0491
2017-09-13 14:00:00,0.0512
2017-09-13 15:00:00,0.0538
2017-09-13 16:00:00,0.0641
2017-09-13 17:00:00,0.0599
2017-09-13 18:00:00,0.056
2017-09-13 19:00:00,0.0482
2017-09-13 20:00:00,0.0466
2017-09-13 21:00:00,0.0387
2017-09-13 22:00:00,0.0325
2017-09-13 23:00:00,0.0193
2017-09-14 00:00:00,0.0127
2017-09-14 01:00:00,0.0086
2017-09-14 02:00:00,0.0051
2017-09-14 03:00:00,0.0039
2017-09-14 04:00:00,0.0039
2017-09-14 05:00:00,0.0084
2017-09-14 06:00:00,0.0147
2017-09-14 07:00:00,0.0273
2017-09-14 08:00:00,0.0312
2017-09-14 09:00:00,0.0474
2017-09-14 10:00:00,0.0397
2017-09-14 11:00:00,0.0407
2017-09-14 12:00:00,0.0479
2017-09-14 13:00:00,0.0524
2017-09-14 14:00:00,0.0586
2017-09-14 15:00:00,0.054
2017-09-14 16:00:00,0.063
2017-09-14 17:00:00,0.0581
2017-09-14 18:00:00,0.0586
2017-09-14 19:00:00,0.0534
2017-09-14 20:00:00,0.0485
2017-09-14 21:00:00,0.0425
2017-09-14 22:00:00,0.0333
2017-09-14 23:00:00,0.0185
2017-09-15 00:00:00,0.0141
2017-09-15 01:00:00,0.0093
2017-09-15 02:00:00,0.0061
2017-09-15 03:00:00,0.0037
2017-09-15 04:00:00,0.0047
2017-09-15 05:00:00,0.0083
2017-09-15 06:00:00,0.0155
2017-09-15 07:00:00,0.029
2017-09-15 08:00:00,0.0348
2017-09-15 09:00:00,0.0418
2017-09-15 10:00:00,0.0376
2017-09-15 11:00:00,0.0413
2017-09-15 12:00:00,0.0483
2017-09-15 13:00:00,0.0499
2017-09-15 14:00:00,0.0528
2017-09-15 15:00:00,0.0598
2017-09-15 16:00:00,0.0604
2017-09-15 17:00:00,0.0555
2017-09-15 18:00:00,0.0511
2017-09-15 19:00:00,0.0486
2017-09-15 20:00:00,0.0476
2017-09-15 21:00:00,0.0439
2017-09-15 22:00:00,0.0319
2017-09-15 23:00:00,0.0216
2017-09-16 00:00:00,0.0139
2017-09-16 01:00:00,0.013
2017-09-16 02:00:00,0.0088
2017-09-16 03:00:00,0.006
2017-09-16 04:00:00,0.006296039603960396
2017-09-16 05:00:00,0.006592079207920792
2017-09-16 06:00:00,0.0068881188118811885
2017-09-16 07:00:00,0.007184158415841585
2017-09-16 08:00:00,0.007480198019801981
2017-09-16 09:00:00,0.007776237623762377
2017-09-16 10:00:00,0.008072277227722772
2017-09-16 11:00:00,0.00836831683168317
2017-09-16 12:00:00,0.008664356435643564
2017-09-16 13:00:00,0.008960396039603961
2017-09-16 14:00:00,0.009256435643564357
2017-09-16 15:00:00,0.009552475247524752
2017-09-16 16:00:00,0.009848514851485149
2017-09-16 17:00:00,0.010144554455445546
2017-09-16 18:00:00,0.010440594059405941
2017-09-16 19:00:00,0.010736633663366336
2017-09-16 20:00:00,0.011032673267326733
2017-09-16 21:00:00,0.01132871287128713
2017-09-16 22:00:00,0.011624752475247526
2017-09-16 23:00:00,0.011920792079207921
2017-09-17 00:00:00,0.012216831683168318
2017-09-17 01:00:00,0.012512871287128715
2017-09-17 02:00:00,0.01280891089108911
2017-09-17 03:00:00,0.013104950495049505
2017-09-17 04:00:00,0.013400990099009902
2017-09-17 05:00:00,0.013697029702970298
2017-09-17 06:00:00,0.013993069306930695
2017-09-17 07:00:00,0.01428910891089109
2017-09-17 08:00:00,0.014585148514851487
2017-09-17 09:00:00,0.014881188118811882
2017-09-17 10:00:00,0.01517722772277228
2017-09-17 11:00:00,0.015473267326732675
2017-09-17 12:00:00,0.015769306930693068
2017-09-17 13:00:00,0.01606534653465347
2017-09-17 14:00:00,0.016361386138613862
2017-09-17 15:00:00,0.01665742574257426
2017-09-17 16:00:00,0.016953465346534656
2017-09-17 17:00:00,0.01724950495049505
2017-09-17 18:00:00,0.017545544554455447
2017-09-17 19:00:00,0.017841584158415844
2017-09-17 20:00:00,0.018137623762376237
2017-09-17 21:00:00,0.018433663366336638
2017-09-17 22:00:00,0.01872970297029703
2017-09-17 23:00:00,0.019025742574257428
2017-09-18 00:00:00,0.019321782178217825
2017-09-18 01:00:00,0.01961782178217822
2017-09-18 02:00:00,0.019913861386138616
2017-09-18 03:00:00,0.020209900990099013
2017-09-18 04:00:00,0.020505940594059406
2017-09-18 05:00:00,0.020801980198019803
2017-09-18 06:00:00,0.0210980198019802
2017-09-18 07:00:00,0.021394059405940594
2017-09-18 08:00:00,0.021690099009900994
2017-09-18 09:00:00,0.021986138613861388
2017-09-18 10:00:00,0.02228217821782178
2017-09-18 11:00:00,0.02257821782178218
2017-09-18 12:00:00,0.022874257425742575
2017-09-18 13:00:00,0.023170297029702976
2017-09-18 14:00:00,0.02346633663366337
2017-09-18 15:00:00,0.023762376237623763
2017-09-18 16:00:00,0.024058415841584163
2017-09-18 17:00:00,0.024354455445544557
2017-09-18 18:00:00,0.02465049504950495
2017-09-18 19:00:00,0.02494653465346535
2017-09-18 20:00:00,0.025242574257425744
2017-09-18 21:00:00,0.025538613861386138
2017-09-18 22:00:00,0.025834653465346538
2017-09-18 23:00:00,0.02613069306930693
2017-09-19 00:00:00,0.026426732673267332
2017-09-19 01:00:00,0.026722772277227726
2017-09-19 02:00:00,0.02701881188118812
2017-09-19 03:00:00,0.02731485148514852
2017-09-19 04:00:00,0.027610891089108913
2017-09-19 05:00:00,0.027906930693069307
2017-09-19 06:00:00,0.028202970297029707
2017-09-19 07:00:00,0.0284990099009901
2017-09-19 08:00:00,0.0287950495049505
2017-09-19 09:00:00,0.029091089108910895
2017-09-19 10:00:00,0.029387128712871288
2017-09-19 11:00:00,0.02968316831683169
2017-09-19 12:00:00,0.029979207920792082
2017-09-19 13:00:00,0.030275247524752476
2017-09-19 14:00:00,0.030571287128712876
2017-09-19 15:00:00,0.03086732673267327
2017-09-19 16:00:00,0.031163366336633663
2017-09-19 17:00:00,0.031459405940594064
2017-09-19 18:00:00,0.03175544554455446
2017-09-19 19:00:00,0.03205148514851486
2017-09-19 20:00:00,0.03234752475247525
2017-09-19 21:00:00,0.032643564356435645
2017-09-19 22:00:00,0.032939603960396045
2017-09-19 23:00:00,0.03323564356435644
2017-09-20 00:00:00,0.03353168316831683
2017-09-20 01:00:00,0.03382772277227723
2017-09-20 02:00:00,0.034123762376237626
2017-09-20 03:00:00,0.03441980198019802
2017-09-20 04:00:00,0.03471584158415842
2017-09-20 05:00:00,0.035011881188118814
2017-09-20 06:00:00,0.035307920792079214
2017-09-20 07:00:00,0.03560396039603961
2017-09-20 08:00:00,0.0359
2017-09-20 09:00:00,0.0455
2017-09-20 10:00:00,0.0398
2017-09-20 11:00:00,0.0392
2017-09-20 12:00:00,0.0475
2017-09-20 13:00:00,0.0484
2017-09-20 14:00:00,0.0521
2017-09-20 15:00:00,0.0589
2017-09-20 16:00:00,0.0636
2017-09-20 17:00:00,0.0547
2017-09-20 18:00:00,0.057
2017-09-20 19:00:00,0.0538
2017-09-20 20:00:00,0.0483
2017-09-20 21:00:00,0.0369
2017-09-20 22:00:00,0.0283
2017-09-20 23:00:00,0.018
2017-09-21 00:00:00,0.0123
2017-09-21 01:00:00,0.0095
2017-09-21 02:00:00,0.0057
2017-09-21 03:00:00,0.0038
2017-09-21 04:00:00,0.0041
2017-09-21 05:00:00,0.0088
2017-09-21 06:00:00,0.0161
2017-09-21 07:00:00,0.03
2017-09-21 08:00:00,0.0348
2017-09-21 09:00:00,0.0469
2017-09-21 10:00:00,0.0371
2017-09-21 11:00:00,0.0363
2017-09-21 12:00:00,0.0348
2017-09-21 13:00:00,0.0374
2017-09-21 14:00:00,0.0464
2017-09-21 15:00:00,0.0459
2017-09-21 16:00:00,0.0587
2017-09-21 17:00:00,0.0587
2017-09-21 18:00:00,0.0583
2017-09-21 19:00:00,0.0522
2017-09-21 20:00:00,0.0479
2017-09-21 21:00:00,0.0392
2017-09-21 22:00:00,0.0314
2017-09-21 23:00:00,0.0209
2017-09-22 00:00:00,0.0129
2017-09-22 01:00:00,0.0093
2017-09-22 02:00:00,0.0063
2017-09-22 03:00:00,0.0034
2017-09-22 04:00:00,0.0051
2017-09-22 05:00:00,0.0092
2017-09-22 06:00:00,0.0148
2017-09-22 07:00:00,0.012
2017-09-22 08:00:00,0.0123
2017-09-22 09:00:00,0.0409
2017-09-22 10:00:00,0.0415
2017-09-22 11:00:00,0.041
2017-09-22 12:00:00,0.0465
2017-09-22 13:00:00,0.051
2017-09-22 14:00:00,0.0533
2017-09-22 15:00:00,0.0559
2017-09-22 16:00:00,0.0561
2017-09-22 17:00:00,0.056
2017-09-22 18:00:00,0.0577
2017-09-22 19:00:00,0.054
2017-09-22 20:00:00,0.0487
2017-09-22 21:00:00,0.0407
2017-09-22 22:00:00,0.0329
2017-09-22 23:00:00,0.0228
2017-09-23 00:00:00,0.0149
2017-09-23 01:00:00,0.01
2017-09-23 02:00:00,0.0069
2017-09-23 03:00:00,0.0046
2017-09-23 04:00:00,0.0049
2017-09-23 05:00:00,0.0088
2017-09-23 06:00:00,0.0153
2017-09-23 07:00:00,0.0263
2017-09-23 08:00:00,0.0331
2017-09-23 09:00:00,0.0402
2017-09-23 10:00:00,0.0426
2017-09-23 11:00:00,0.0459
2017-09-23 12:00:00,0.0516
2017-09-23 13:00:00,0.0553
2017-09-23 14:00:00,0.0584
2017-09-23 15:00:00,0.0568
2017-09-23 16:00:00,0.0602
2017-09-23 17:00:00,0.0583
2017-09-23 18:00:00,0.0586
2017-09-23 19:00:00,0.0476
2017-09-23 20:00:00,0.0504
2017-09-23 21:00:00,0.0447
2017-09-23 22:00:00,0.0346
2017-09-23 23:00:00,0.0269
2017-09-24 00:00:00,0.0193
2017-09-24 01:00:00,0.0127
2017-09-24 02:00:00,0.008
2017-09-24 03:00:00,0.0058
2017-09-24 04:00:00,0.0051
2017-09-24 05:00:00,0.0055
2017-09-24 06:00:00,0.0073
2017-09-24 07:00:00,0.0124
2017-09-24 08:00:00,0.0205
2017-09-24 09:00:00,0.0278
2017-09-24 10:00:00,0.0377
2017-09-24 11:00:00,0.0421
2017-09-24 12:00:00,0.0522
2017-09-24 13:00:00,0.0515
2017-09-24 14:00:00,0.0553
2017-09-24 15:00:00,0.0534
2017-09-24 16:00:00,0.0511
2017-09-24 17:00:00,0.0526
2017-09-24 18:00:00,0.0516
2017-09-24 19:00:00,0.0493
2017-09-24 20:00:00,0.0443
2017-09-24 21:00:00,0.0381
2017-09-24 22:00:00,0.0335
2017-09-24 23:00:00,0.0275
2017-09-25 00:00:00,0.0193
2017-09-25 01:00:00,0.0117
2017-09-25 02:00:00,0.0075
2017-09-25 03:00:00,0.0059
2017-09-25 04:00:00,0.0039
2017-09-25 05:00:00,0.0036
2017-09-25 06:00:00,0.0046
2017-09-25 07:00:00,0.0071
2017-09-25 08:00:00,0.0128
2017-09-25 09:00:00,0.0202
2017-09-25 10:00:00,0.0254
2017-09-25 11:00:00,0.0353
2017-09-25 12:00:00,0.0425
2017-09-25 13:00:00,0.0529
2017-09-25 14:00:00,0.0491
2017-09-25 15:00:00,0.046
2017-09-25 16:00:00,0.0428
2017-09-25 17:00:00,0.0358
2017-09-25 18:00:00,0.036
2017-09-25 19:00:00,0.034
2017-09-25 20:00:00,0.0339
2017-09-25 21:00:00,0.0328
2017-09-25 22:00:00,0.0243
2017-09-25 23:00:00,0.0147
2017-09-26 00:00:00,0.0105
2017-09-26 01:00:00,0.0067
2017-09-26 02:00:00,0.0041
2017-09-26 03:00:00,0.0035
2017-09-26 04:00:00,0.0039
2017-09-26 05:00:00,0.0073
2017-09-26 06:00:00,0.0163
2017-09-26 07:00:00,0.0264
2017-09-26 08:00:00,0.0372
2017-09-26 09:00:00,0.0405
2017-09-26 10:00:00,0.0397
2017-09-26 11:00:00,0.0436
2017-09-26 12:00:00,0.0479
2017-09-26 13:00:00,0.0548
2017-09-26 14:00:00,0.0555
2017-09-26 15:00:00,0.0575
2017-09-26 16:00:00,0.0588
2017-09-26 17:00:00,0.0581
2017-09-26 18:00:00,0.059
2017-09-26 19:00:00,0.0505
2017-09-26 20:00:00,0.0457
2017-09-26 21:00:00,0.0357
2017-09-26 22:00:00,0.0268
2017-09-26 23:00:00,0.0165
2017-09-27 00:00:00,0.011
2017-09-27 01:00:00,0.0084
2017-09-27 02:00:00,0.0048
2017-09-27 03:00:00,0.0039
2017-09-27 04:00:00,0.0043
2017-09-27 05:00:00,0.0079
2017-09-27 06:00:00,0.0149
2017-09-27 07:00:00,0.0269
2017-09-27 08:00:00,0.0416
2017-09-27 09:00:00,0.0421
2017-09-27 10:00:00,0.0402
2017-09-27 11:00:00,0.043
2017-09-27 12:00:00,0.0476
2017-09-27 13:00:00,0.0543
2017-09-27 14:00:00,0.0535
2017-09-27 15:00:00,0.0559
2017-09-27 16:00:00,0.0602
2017-09-27 17:00:00,0.0576
2017-09-27 18:00:00,0.0584
2017-09-27 19:00:00,0.0528
2017-09-27 20:00:00,0.0469
2017-09-27 21:00:00,0.0377
2017-09-27 22:00:00,0.0271
2017-09-27 23:00:00,0.021
2017-09-28 00:00:00,0.0137
2017-09-28 01:00:00,0.0094
2017-09-28 02:00:00,0.0052
2017-09-28 03:00:00,0.0034
2017-09-28 04:00:00,0.0047
2017-09-28 05:00:00,0.0082
2017-09-28 06:00:00,0.0167
2017-09-28 07:00:00,0.0278
2017-09-28 08:00:00,0.0397
2017-09-28 09:00:00,0.0471
2017-09-28 10:00:00,0.0407
2017-09-28 11:00:00,0.0456
2017-09-28 12:00:00,0.0532
2017-09-28 13:00:00,0.0561
2017-09-28 14:00:00,0.0544
2017-09-28 15:00:00,0.0544
2017-09-28 16:00:00,0.0598
2017-09-28 17:00:00,0.0556
2017-09-28 18:00:00,0.0584
2017-09-28 19:00:00,0.0517
2017-09-28 20:00:00,0.0463
2017-09-28 21:00:00,0.0407
2017-09-28 22:00:00,0.032
2017-09-28 23:00:00,0.0194
2017-09-29 00:00:00,0.0112
2017-09-29 01:00:00,0.0097
2017-09-29 02:00:00,0.0054
2017-09-29 03:00:00,0.0045
2017-09-29 04:00:00,0.0045
2017-09-29 05:00:00,0.0087
2017-09-29 06:00:00,0.0161
2017-09-29 07:00:00,0.0302
2017-09-29 08:00:00,0.0435
2017-09-29 09:00:00,0.0431
2017-09-29 10:00:00,0.0415
2017-09-29 11:00:00,0.0426
2017-09-29 12:00:00,0.0475
2017-09-29 13:00:00,0.0515
2017-09-29 14:00:00,0.0555
2017-09-29 15:00:00,0.0545
2017-09-29 16:00:00,0.0567
2017-09-29 17:00:00,0.0535
2017-09-29 18:00:00,0.0567
2017-09-29 19:00:00,0.0538
2017-09-29 20:00:00,0.0487
2017-09-29 21:00:00,0.0388
2017-09-29 22:00:00,0.03
2017-09-29 23:00:00,0.0206
2017-09-30 00:00:00,0.0152
2017-09-30 01:00:00,0.0103
2017-09-30 02:00:00,0.0063
2017-09-30 03:00:00,0.0042
2017-09-30 04:00:00,0.0051
2017-09-30 05:00:00,0.0093
2017-09-30 06:00:00,0.0165
2017-09-30 07:00:00,0.0284
2017-09-30 08:00:00,0.0411
2017-09-30 09:00:00,0.044
2017-09-30 10:00:00,0.0422
2017-09-30 11:00:00,0.0455
2017-09-30 12:00:00,0.0549
2017-09-30 13:00:00,0.0614
2017-09-30 14:00:00,0.0638
2017-09-30 15:00:00,0.0649
2017-09-30 16:00:00,0.0601
2017-09-30 17:00:00,0.0568
2017-09-30 18:00:00,0.059
2017-09-30 19:00:00,0.0559
2017-09-30 20:00:00,0.0467
2017-09-30 21:00:00,0.0433
2017-09-30 22:00:00,0.0332
2017-09-30 23:00:00,0.0245
2017-10-01 00:00:00,0.0199
2017-10-01 01:00:00,0.0132
2017-10-01 02:00:00,0.0071
2017-10-01 03:00:00,0.0055
2017-10-01 04:00:00,0.0049
2017-10-01 05:00:00,0.0041
2017-10-01 06:00:00,0.0071
2017-10-01 07:00:00,0.016
2017-10-01 08:00:00,0.0231
2017-10-01 09:00:00,0.0332
2017-10-01 10:00:00,0.0377
2017-10-01 11:00:00,0.0433
2017-10-01 12:00:00,0.0505
2017-10-01 13:00:00,0.0543
2017-10-01 14:00:00,0.0521
2017-10-01 15:00:00,0.0508
2017-10-01 16:00:00,0.0455
2017-10-01 17:00:00,0.0522
2017-10-01 18:00:00,0.0501
2017-10-01 19:00:00,0.0477
2017-10-01 20:00:00,0.0422
2017-10-01 21:00:00,0.0372
2017-10-01 22:00:00,0.0288
2017-10-01 23:00:00,0.0253
2017-10-02 00:00:00,0.0195
2017-10-02 01:00:00,0.0127
2017-10-02 02:00:00,0.0073
2017-10-02 03:00:00,0.0048
2017-10-02 04:00:00,0.0035
2017-10-02 05:00:00,0.0033
2017-10-02 06:00:00,0.0043
2017-10-02 07:00:00,0.0084
2017-10-02 08:00:00,0.0146
2017-10-02 09:00:00,0.0205
2017-10-02 10:00:00,0.0258
2017-10-02 11:00:00,0.0352
2017-10-02 12:00:00,0.0403
2017-10-02 13:00:00,0.0487
2017-10-02 14:00:00,0.0508
2017-10-02 15:00:00,0.0479
2017-10-02 16:00:00,0.0491
2017-10-02 17:00:00,0.0486
2017-10-02 18:00:00,0.0423
2017-10-02 19:00:00,0.0371
2017-10-02 20:00:00,0.0348
2017-10-02 21:00:00,0.0322
2017-10-02 22:00:00,0.0242
2017-10-02 23:00:00,0.0163
2017-10-03 00:00:00,0.0097
2017-10-03 01:00:00,0.0066
2017-10-03 02:00:00,0.0038
2017-10-03 03:00:00,0.0033
2017-10-03 04:00:00,0.0046
2017-10-03 05:00:00,0.0079
2017-10-03 06:00:00,0.0163
2017-10-03 07:00:00,0.0275
2017-10-03 08:00:00,0.0424
2017-10-03 09:00:00,0.047
2017-10-03 10:00:00,0.0393
2017-10-03 11:00:00,0.0419
2017-10-03 12:00:00,0.0506
2017-10-03 13:00:00,0.0542
2017-10-03 14:00:00,0.0552
2017-10-03 15:00:00,0.055
2017-10-03 16:00:00,0.0595
2017-10-03 17:00:00,0.0568
2017-10-03 18:00:00,0.0563
2017-10-03 19:00:00,0.0534
2017-10-03 20:00:00,0.0449
2017-10-03 21:00:00,0.0339
2017-10-03 22:00:00,0.0278
2017-10-03 23:00:00,0.0183
2017-10-04 00:00:00,0.0135
2017-10-04 01:00:00,0.0078
2017-10-04 02:00:00,0.005
2017-10-04 03:00:00,0.0035
2017-10-04 04:00:00,0.0045
2017-10-04 05:00:00,0.0081
2017-10-04 06:00:00,0.0171
2017-10-04 07:00:00,0.0282
2017-10-04 08:00:00,0.042
2017-10-04 09:00:00,0.0495
2017-10-04 10:00:00,0.0422
2017-10-04 11:00:00,0.0437
2017-10-04 12:00:00,0.0479
2017-10-04 13:00:00,0.0509
2017-10-04 14:00:00,0.0553
2017-10-04 15:00:00,0.0556
2017-10-04 16:00:00,0.0627
2017-10-04 17:00:00,0.0582
2017-10-04 18:00:00,0.0574
2017-10-04 19:00:00,0.0521
2017-10-04 20:00:00,0.047
2017-10-04 21:00:00,0.0367
2017-10-04 22:00:00,0.0288
2017-10-04 23:00:00,0.0182
2017-10-05 00:00:00,0.0126
2017-10-05 01:00:00,0.0083
2017-10-05 02:00:00,0.0049
2017-10-05 03:00:00,0.0037
2017-10-05 04:00:00,0.0044
2017-10-05 05:00:00,0.0085
2017-10-05 06:00:00,0.0156
2017-10-05 07:00:00,0.0283
2017-10-05 08:00:00,0.0363
2017-10-05 09:00:00,0.0472
2017-10-05 10:00:00,0.042
2017-10-05 11:00:00,0.0438
2017-10-05 12:00:00,0.0494
2017-10-05 13:00:00,0.0583
2017-10-05 14:00:00,0.0539
2017-10-05 15:00:00,0.0543
2017-10-05 16:00:00,0.0607
2017-10-05 17:00:00,0.0584
2017-10-05 18:00:00,0.0597
2017-10-05 19:00:00,0.0526
2017-10-05 20:00:00,0.0466
2017-10-05 21:00:00,0.0407
2017-10-05 22:00:00,0.031
2017-10-05 23:00:00,0.0197
2017-10-06 00:00:00,0.0126
2017-10-06 01:00:00,0.0095
2017-10-06 02:00:00,0.0048
2017-10-06 03:00:00,0.0047
2017-10-06 04:00:00,0.0039
2017-10-06 05:00:00,0.0089
2017-10-06 06:00:00,0.0171
2017-10-06 07:00:00,0.0306
2017-10-06 08:00:00,0.0435
2017-10-06 09:00:00,0.0491
2017-10-06 10:00:00,0.0411
2017-10-06 11:00:00,0.0407
2017-10-06 12:00:00,0.0498
2017-10-06 13:00:00,0.0568
2017-10-06 14:00:00,0.0581
2017-10-06 15:00:00,0.0603
2017-10-06 16:00:00,0.0567
2017-10-06 17:00:00,0.0601
2017-10-06 18:00:00,0.0599
2017-10-06 19:00:00,0.0555
2017-10-06 20:00:00,0.0467
2017-10-06 21:00:00,0.036
2017-10-06 22:00:00,0.0297
2017-10-06 23:00:00,0.0209
2017-10-07 00:00:00,0.02073366336633663
2017-10-07 01:00:00,0.020567326732673266
2017-10-07 02:00:00,0.0204009900990099
2017-10-07 03:00:00,0.020234653465346534
2017-10-07 04:00:00,0.020068316831683166
2017-10-07 05:00:00,0.0199019801980198
2017-10-07 06:00:00,0.019735643564356434
2017-10-07 07:00:00,0.01956930693069307
2017-10-07 08:00:00,0.0194029702970297
2017-10-07 09:00:00,0.019236633663366334
2017-10-07 10:00:00,0.01907029702970297
2017-10-07 11:00:00,0.0189039603960396
2017-10-07 12:00:00,0.018737623762376237
2017-10-07 13:00:00,0.01857128712871287
2017-10-07 14:00:00,0.018404950495049505
2017-10-07 15:00:00,0.018238613861386137
2017-10-07 16:00:00,0.018072277227722772
2017-10-07 17:00:00,0.017905940594059404
2017-10-07 18:00:00,0.01773960396039604
2017-10-07 19:00:00,0.017573267326732672
2017-10-07 20:00:00,0.017406930693069304
2017-10-07 21:00:00,0.01724059405940594
2017-10-07 22:00:00,0.017074257425742572
2017-10-07 23:00:00,0.016907920792079208
2017-10-08 00:00:00,0.01674158415841584
2017-10-08 01:00:00,0.016575247524752472
2017-10-08 02:00:00,0.016408910891089108
2017-10-08 03:00:00,0.016242574257425743
2017-10-08 04:00:00,0.016076237623762375
2017-10-08 05:00:00,0.015909900990099007
2017-10-08 06:00:00,0.015743564356435643
2017-10-08 07:00:00,0.015577227722772275
2017-10-08 08:00:00,0.01541089108910891
2017-10-08 09:00:00,0.015244554455445543
2017-10-08 10:00:00,0.015078217821782177
2017-10-08 11:00:00,0.01491188118811881
2017-10-08 12:00:00,0.014745544554455444
2017-10-08 13:00:00,0.014579207920792078
2017-10-08 14:00:00,0.01441287128712871
2017-10-08 15:00:00,0.014246534653465346
2017-10-08 16:00:00,0.014080198019801978
2017-10-08 17:00:00,0.013913861386138614
2017-10-08 18:00:00,0.013747524752475246
2017-10-08 19:00:00,0.01358118811881188
2017-10-08 20:00:00,0.013414851485148514
2017-10-08 21:00:00,0.013248514851485147
2017-10-08 22:00:00,0.013082178217821781
2017-10-08 23:00:00,0.012915841584158415
2017-10-09 00:00:00,0.012749504950495049
2017-10-09 01:00:00,0.012583168316831683
2017-10-09 02:00:00,0.012416831683168315
2017-10-09 03:00:00,0.012250495049504949
2017-10-09 04:00:00,0.012084158415841583
2017-10-09 05:00:00,0.011917821782178217
2017-10-09 06:00:00,0.01175148514851485
2017-10-09 07:00:00,0.011585148514851484
2017-10-09 08:00:00,0.011418811881188118
2017-10-09 09:00:00,0.011252475247524752
2017-10-09 10:00:00,0.011086138613861386
2017-10-09 11:00:00,0.010919801980198018
2017-10-09 12:00:00,0.010753465346534652
2017-10-09 13:00:00,0.010587128712871286
2017-10-09 14:00:00,0.01042079207920792
2017-10-09 15:00:00,0.010254455445544554
2017-10-09 16:00:00,0.010088118811881187
2017-10-09 17:00:00,0.009921782178217821
2017-10-09 18:00:00,0.009755445544554455
2017-10-09 19:00:00,0.009589108910891089
2017-10-09 20:00:00,0.009422772277227721
2017-10-09 21:00:00,0.009256435643564355
2017-10-09 22:00:00,0.009090099009900989
2017-10-09 23:00:00,0.008923762376237623
2017-10-10 00:00:00,0.008757425742574257
2017-10-10 01:00:00,0.00859108910891089
2017-10-10 02:00:00,0.008424752475247524
2017-10-10 03:00:00,0.008258415841584158
2017-10-10 04:00:00,0.008092079207920792
2017-10-10 05:00:00,0.007925742574257424
2017-10-10 06:00:00,0.007759405940594058
2017-10-10 07:00:00,0.007593069306930692
2017-10-10 08:00:00,0.007426732673267326
2017-10-10 09:00:00,0.0072603960396039596
2017-10-10 10:00:00,0.007094059405940593
2017-10-10 11:00:00,0.006927722772277227
2017-10-10 12:00:00,0.006761386138613861
2017-10-10 13:00:00,0.006595049504950495
2017-10-10 14:00:00,0.006428712871287127
2017-10-10 15:00:00,0.006262376237623761
2017-10-10 16:00:00,0.006096039603960395
2017-10-10 17:00:00,0.005929702970297029
2017-10-10 18:00:00,0.005763366336633663
2017-10-10 19:00:00,0.0055970297029702964
2017-10-10 20:00:00,0.00543069306930693
2017-10-10 21:00:00,0.005264356435643564
2017-10-10 22:00:00,0.005098019801980196
2017-10-10 23:00:00,0.004931683168316832
2017-10-11 00:00:00,0.004765346534653464
2017-10-11 01:00:00,0.0045990099009901
2017-10-11 02:00:00,0.004432673267326732
2017-10-11 03:00:00,0.004266336633663367
2017-10-11 04:00:00,0.0041
2017-10-11 05:00:00,0.0077
2017-10-11 06:00:00,0.0156
2017-10-11 07:00:00,0.0295
2017-10-11 08:00:00,0.0425
2017-10-11 09:00:00,0.0493
2017-10-11 10:00:00,0.0385
2017-10-11 11:00:00,0.0409
2017-10-11 12:00:00,0.0477
2017-10-11 13:00:00,0.0539
2017-10-11 14:00:00,0.0557
2017-10-11 15:00:00,0.0589
2017-10-11 16:00:00,0.0651
2017-10-11 17:00:00,0.0591
2017-10-11 18:00:00,0.0608
2017-10-11 19:00:00,0.0541
2017-10-11 20:00:00,0.0477
2017-10-11 21:00:00,0.0392
2017-10-11 22:00:00,0.031
2017-10-11 23:00:00,0.0184
2017-10-12 00:00:00,0.0117
2017-10-12 01:00:00,0.009
2017-10-12 02:00:00,0.0054
2017-10-12 03:00:00,0.0038
2017-10-12 04:00:00,0.0047
2017-10-12 05:00:00,0.0096
2017-10-12 06:00:00,0.0166
2017-10-12 07:00:00,0.0294
2017-10-12 08:00:00,0.0436
2017-10-12 09:00:00,0.0492
2017-10-12 10:00:00,0.0413
2017-10-12 11:00:00,0.044
2017-10-12 12:00:00,0.0518
2017-10-12 13:00:00,0.0562
2017-10-12 14:00:00,0.0551
2017-10-12 15:00:00,0.0561
2017-10-12 16:00:00,0.0643
2017-10-12 17:00:00,0.0601
2017-10-12 18:00:00,0.0498
2017-10-12 19:00:00,0.0507
2017-10-12 20:00:00,0.0505
2017-10-12 21:00:00,0.0359
2017-10-12 22:00:00,0.0294
2017-10-12 23:00:00,0.02914158415841584
2017-10-13 00:00:00,0.028883168316831683
2017-10-13 01:00:00,0.028624752475247525
2017-10-13 02:00:00,0.028366336633663364
2017-10-13 03:00:00,0.028107920792079206
2017-10-13 04:00:00,0.027849504950495048
2017-10-13 05:00:00,0.02759108910891089
2017-10-13 06:00:00,0.027332673267326732
2017-10-13 07:00:00,0.027074257425742574
2017-10-13 08:00:00,0.026815841584158416
2017-10-13 09:00:00,0.026557425742574258
2017-10-13 10:00:00,0.0262990099009901
2017-10-13 11:00:00,0.02604059405940594
2017-10-13 12:00:00,0.02578217821782178
2017-10-13 13:00:00,0.025523762376237623
2017-10-13 14:00:00,0.025265346534653465
2017-10-13 15:00:00,0.025006930693069307
2017-10-13 16:00:00,0.02474851485148515
2017-10-13 17:00:00,0.02449009900990099
2017-10-13 18:00:00,0.02423168316831683
2017-10-13 19:00:00,0.023973267326732675
2017-10-13 20:00:00,0.023714851485148514
2017-10-13 21:00:00,0.023456435643564356
2017-10-13 22:00:00,0.023198019801980198
2017-10-13 23:00:00,0.02293960396039604
2017-10-14 00:00:00,0.022681188118811882
2017-10-14 01:00:00,0.02242277227722772
2017-10-14 02:00:00,0.022164356435643566
2017-10-14 03:00:00,0.021905940594059405
2017-10-14 04:00:00,0.021647524752475247
2017-10-14 05:00:00,0.02138910891089109
2017-10-14 06:00:00,0.02113069306930693
2017-10-14 07:00:00,0.020872277227722773
2017-10-14 08:00:00,0.020613861386138615
2017-10-14 09:00:00,0.020355445544554457
2017-10-14 10:00:00,0.020097029702970295
2017-10-14 11:00:00,0.01983861386138614
2017-10-14 12:00:00,0.01958019801980198
2017-10-14 13:00:00,0.01932178217821782
2017-10-14 14:00:00,0.019063366336633664
2017-10-14 15:00:00,0.018804950495049506
2017-10-14 16:00:00,0.018546534653465348
2017-10-14 17:00:00,0.018288118811881186
2017-10-14 18:00:00,0.018029702970297032
2017-10-14 19:00:00,0.01777128712871287
2017-10-14 20:00:00,0.017512871287128712
2017-10-14 21:00:00,0.017254455445544555
2017-10-14 22:00:00,0.016996039603960397
2017-10-14 23:00:00,0.01673762376237624
2017-10-15 00:00:00,0.01647920792079208
2017-10-15 01:00:00,0.016220792079207923
2017-10-15 02:00:00,0.01596237623762376
2017-10-15 03:00:00,0.015703960396039607
2017-10-15 04:00:00,0.015445544554455445
2017-10-15 05:00:00,0.015187128712871287
2017-10-15 06:00:00,0.01492871287128713
2017-10-15 07:00:00,0.014670297029702972
2017-10-15 08:00:00,0.014411881188118814
2017-10-15 09:00:00,0.014153465346534654
2017-10-15 10:00:00,0.013895049504950496
2017-10-15 11:00:00,0.013636633663366336
2017-10-15 12:00:00,0.013378217821782178
2017-10-15 13:00:00,0.01311980198019802
2017-10-15 14:00:00,0.012861386138613862
2017-10-15 15:00:00,0.012602970297029704
2017-10-15 16:00:00,0.012344554455445546
2017-10-15 17:00:00,0.012086138613861389
2017-10-15 18:00:00,0.01182772277227723
2017-10-15 19:00:00,0.01156930693069307
2017-10-15 20:00:00,0.011310891089108911
2017-10-15 21:00:00,0.011052475247524753
2017-10-15 22:00:00,0.010794059405940595
2017-10-15 23:00:00,0.010535643564356437
2017-10-16 00:00:00,0.01027722772277228
2017-10-16 01:00:00,0.010018811881188121
2017-10-16 02:00:00,0.00976039603960396
2017-10-16 03:00:00,0.009501980198019802
2017-10-16 04:00:00,0.009243564356435644
2017-10-16 05:00:00,0.008985148514851486
2017-10-16 06:00:00,0.008726732673267328
2017-10-16 07:00:00,0.00846831683168317
2017-10-16 08:00:00,0.008209900990099012
2017-10-16 09:00:00,0.007951485148514854
2017-10-16 10:00:00,0.007693069306930696
2017-10-16 11:00:00,0.007434653465346535
2017-10-16 12:00:00,0.007176237623762377
2017-10-16 13:00:00,0.006917821782178219
2017-10-16 14:00:00,0.006659405940594061
2017-10-16 15:00:00,0.006400990099009903
2017-10-16 16:00:00,0.006142574257425745
2017-10-16 17:00:00,0.005884158415841587
2017-10-16 18:00:00,0.005625742574257426
2017-10-16 19:00:00,0.005367326732673268
2017-10-16 20:00:00,0.00510891089108911
2017-10-16 21:00:00,0.004850495049504952
2017-10-16 22:00:00,0.004592079207920794
2017-10-16 23:00:00,0.004333663366336636
2017-10-17 00:00:00,0.004075247524752478
2017-10-17 01:00:00,0.0038168316831683202
2017-10-17 02:00:00,0.0035584158415841623
2017-10-17 03:00:00,0.0033
2017-10-17 04:00:00,0.0044
2017-10-17 05:00:00,0.0076
2017-10-17 06:00:00,0.0157
2017-10-17 07:00:00,0.0272
2017-10-17 08:00:00,0.0394
2017-10-17 09:00:00,0.045
2017-10-17 10:00:00,0.0384
2017-10-17 11:00:00,0.0416
2017-10-17 12:00:00,0.0487
2017-10-17 13:00:00,0.0518
2017-10-17 14:00:00,0.0532
2017-10-17 15:00:00,0.0552
2017-10-17 16:00:00,0.0622
2017-10-17 17:00:00,0.0538
2017-10-17 18:00:00,0.059
2017-10-17 19:00:00,0.0534
2017-10-17 20:00:00,0.0438
2017-10-17 21:00:00,0.0352
2017-10-17 22:00:00,0.0259
2017-10-17 23:00:00,0.0171
2017-10-18 00:00:00,0.0141
2017-10-18 01:00:00,0.0128
2017-10-18 02:00:00,0.0074
2017-10-18 03:00:00,0.0051
2017-10-18 04:00:00,0.0051
2017-10-18 05:00:00,0.0096
2017-10-18 06:00:00,0.0194
2017-10-18 07:00:00,0.0325
2017-10-18 08:00:00,0.0454
2017-10-18 09:00:00,0.0511
2017-10-18 10:00:00,0.0421
2017-10-18 11:00:00,0.0401
2017-10-18 12:00:00,0.0479
2017-10-18 13:00:00,0.0519
2017-10-18 14:00:00,0.0545
2017-10-18 15:00:00,0.0613
2017-10-18 16:00:00,0.0612
2017-10-18 17:00:00,0.0596
2017-10-18 18:00:00,0.0603
2017-10-18 19:00:00,0.0543
2017-10-18 20:00:00,0.0454
2017-10-18 21:00:00,0.0391
2017-10-18 22:00:00,0.0308
2017-10-18 23:00:00,0.0193
2017-10-19 00:00:00,0.0126
2017-10-19 01:00:00,0.0089
2017-10-19 02:00:00,0.0057
2017-10-19 03:00:00,0.0049
2017-10-19 04:00:00,0.0043
2017-10-19 05:00:00,0.009
2017-10-19 06:00:00,0.0181
2017-10-19 07:00:00,0.0294
2017-10-19 08:00:00,0.0444
2017-10-19 09:00:00,0.0497
2017-10-19 10:00:00,0.0444
2017-10-19 11:00:00,0.0464
2017-10-19 12:00:00,0.0468
2017-10-19 13:00:00,0.053
2017-10-19 14:00:00,0.0548
2017-10-19 15:00:00,0.0548
2017-10-19 16:00:00,0.0615
2017-10-19 17:00:00,0.0581
2017-10-19 18:00:00,0.0587
2017-10-19 19:00:00,0.0545
2017-10-19 20:00:00,0.0473
2017-10-19 21:00:00,0.0414
2017-10-19 22:00:00,0.0324
2017-10-19 23:00:00,0.0208
2017-10-20 00:00:00,0.0118
2017-10-20 01:00:00,0.0093
2017-10-20 02:00:00,0.0052
2017-10-20 03:00:00,0.0045
2017-10-20 04:00:00,0.006
2017-10-20 05:00:00,0.009
2017-10-20 06:00:00,0.0176
2017-10-20 07:00:00,0.0301
2017-10-20 08:00:00,0.0429
2017-10-20 09:00:00,0.0502
2017-10-20 10:00:00,0.0433
2017-10-20 11:00:00,0.0413
2017-10-20 12:00:00,0.0491
2017-10-20 13:00:00,0.0555
2017-10-20 14:00:00,0.0561
2017-10-20 15:00:00,0.0596
2017-10-20 16:00:00,0.0633
2017-10-20 17:00:00,0.0569
2017-10-20 18:00:00,0.0609
2017-10-20 19:00:00,0.0584
2017-10-20 20:00:00,0.0474
2017-10-20 21:00:00,0.0341
2017-10-20 22:00:00,0.0359
2017-10-20 23:00:00,0.022
2017-10-21 00:00:00,0.0145
2017-10-21 01:00:00,0.0084
2017-10-21 02:00:00,0.0057
2017-10-21 03:00:00,0.0043
2017-10-21 04:00:00,0.0052
2017-10-21 05:00:00,0.0087
2017-10-21 06:00:00,0.0165
2017-10-21 07:00:00,0.029
2017-10-21 08:00:00,0.0418
2017-10-21 09:00:00,0.054
2017-10-21 10:00:00,0.042
2017-10-21 11:00:00,0.0478
2017-10-21 12:00:00,0.0564
2017-10-21 13:00:00,0.0599
2017-10-21 14:00:00,0.0609
2017-10-21 15:00:00,0.0585
2017-10-21 16:00:00,0.062
2017-10-21 17:00:00,0.0608
2017-10-21 18:00:00,0.0612
2017-10-21 19:00:00,0.0557
2017-10-21 20:00:00,0.0433
2017-10-21 21:00:00,0.0379
2017-10-21 22:00:00,0.0333
2017-10-21 23:00:00,0.0205
2017-10-22 00:00:00,0.0114
2017-10-22 01:00:00,0.0103
2017-10-22 02:00:00,0.0052
2017-10-22 03:00:00,0.0033
2017-10-22 04:00:00,0.0037
2017-10-22 05:00:00,0.0045
2017-10-22 06:00:00,0.0077
2017-10-22 07:00:00,0.0142
2017-10-22 08:00:00,0.024
2017-10-22 09:00:00,0.0307
2017-10-22 10:00:00,0.0374
2017-10-22 11:00:00,0.043
2017-10-22 12:00:00,0.0485
2017-10-22 13:00:00,0.0548
2017-10-22 14:00:00,0.0548
2017-10-22 15:00:00,0.053
2017-10-22 16:00:00,0.0539
2017-10-22 17:00:00,0.0534
2017-10-22 18:00:00,0.05317524752475248
2017-10-22 19:00:00,0.052950495049504956
2017-10-22 20:00:00,0.052725742574257425
2017-10-22 21:00:00,0.0525009900990099
2017-10-22 22:00:00,0.05227623762376238
2017-10-22 23:00:00,0.052051485148514855
2017-10-23 00:00:00,0.05182673267326733
2017-10-23 01:00:00,0.05160198019801981
2017-10-23 02:00:00,0.05137722772277228
2017-10-23 03:00:00,0.051152475247524753
2017-10-23 04:00:00,0.05092772277227723
2017-10-23 05:00:00,0.050702970297029706
2017-10-23 06:00:00,0.05047821782178218
2017-10-23 07:00:00,0.05025346534653466
2017-10-23 08:00:00,0.05002871287128713
2017-10-23 09:00:00,0.049803960396039605
2017-10-23 10:00:00,0.04957920792079208
2017-10-23 11:00:00,0.04935445544554456
2017-10-23 12:00:00,0.049129702970297034
2017-10-23 13:00:00,0.048904950495049504
2017-10-23 14:00:00,0.04868019801980198
2017-10-23 15:00:00,0.04845544554455446
2017-10-23 16:00:00,0.04823069306930693
2017-10-23 17:00:00,0.04800594059405941
2017-10-23 18:00:00,0.047781188118811886
2017-10-23 19:00:00,0.04755643564356436
2017-10-23 20:00:00,0.04733168316831683
2017-10-23 21:00:00,0.04710693069306931
2017-10-23 22:00:00,0.046882178217821785
2017-10-23 23:00:00,0.04665742574257426
2017-10-24 00:00:00,0.04643267326732674
2017-10-24 01:00:00,0.04620792079207921
2017-10-24 02:00:00,0.045983168316831684
2017-10-24 03:00:00,0.04575841584158416
2017-10-24 04:00:00,0.04553366336633664
2017-10-24 05:00:00,0.04530891089108911
2017-10-24 06:00:00,0.04508415841584159
2017-10-24 07:00:00,0.044859405940594066
2017-10-24 08:00:00,0.044634653465346535
2017-10-24 09:00:00,0.04440990099009901
2017-10-24 10:00:00,0.04418514851485149
2017-10-24 11:00:00,0.043960396039603965
2017-10-24 12:00:00,0.04373564356435644
2017-10-24 13:00:00,0.04351089108910891
2017-10-24 14:00:00,0.04328613861386139
2017-10-24 15:00:00,0.043061386138613864
2017-10-24 16:00:00,0.04283663366336634
2017-10-24 17:00:00,0.042611881188118816
2017-10-24 18:00:00,0.042387128712871286
2017-10-24 19:00:00,0.04216237623762377
2017-10-24 20:00:00,0.04193762376237624
2017-10-24 21:00:00,0.041712871287128715
2017-10-24 22:00:00,0.04148811881188119
2017-10-24 23:00:00,0.04126336633663367
2017-10-25 00:00:00,0.041038613861386145
2017-10-25 01:00:00,0.040813861386138614
2017-10-25 02:00:00,0.04058910891089109
2017-10-25 03:00:00,0.04036435643564357
2017-10-25 04:00:00,0.04013960396039604
2017-10-25 05:00:00,0.03991485148514852
2017-10-25 06:00:00,0.03969009900990099
2017-10-25 07:00:00,0.039465346534653466
2017-10-25 08:00:00,0.03924059405940594
2017-10-25 09:00:00,0.03901584158415842
2017-10-25 10:00:00,0.038791089108910895
2017-10-25 11:00:00,0.03856633663366337
2017-10-25 12:00:00,0.03834158415841585
2017-10-25 13:00:00,0.03811683168316832
2017-10-25 14:00:00,0.037892079207920794
2017-10-25 15:00:00,0.03766732673267327
2017-10-25 16:00:00,0.03744257425742575
2017-10-25 17:00:00,0.03721782178217822
2017-10-25 18:00:00,0.03699306930693069
2017-10-25 19:00:00,0.036768316831683176
2017-10-25 20:00:00,0.036543564356435645
2017-10-25 21:00:00,0.03631881188118812
2017-10-25 22:00:00,0.0360940594059406
2017-10-25 23:00:00,0.03586930693069307
2017-10-26 00:00:00,0.03564455445544555
2017-10-26 01:00:00,0.03541980198019802
2017-10-26 02:00:00,0.0351950495049505
2017-10-26 03:00:00,0.034970297029702974
2017-10-26 04:00:00,0.03474554455445544
2017-10-26 05:00:00,0.034520792079207926
2017-10-26 06:00:00,0.034296039603960396
2017-10-26 07:00:00,0.03407128712871287
2017-10-26 08:00:00,0.03384653465346535
2017-10-26 09:00:00,0.033621782178217825
2017-10-26 10:00:00,0.0333970297029703
2017-10-26 11:00:00,0.03317227722772277
2017-10-26 12:00:00,0.032947524752475255
2017-10-26 13:00:00,0.032722772277227724
2017-10-26 14:00:00,0.0324980198019802
2017-10-26 15:00:00,0.03227326732673268
2017-10-26 16:00:00,0.032048514851485146
2017-10-26 17:00:00,0.03182376237623763
2017-10-26 18:00:00,0.0315990099009901
2017-10-26 19:00:00,0.031374257425742576
2017-10-26 20:00:00,0.031149504950495052
2017-10-26 21:00:00,0.03092475247524753
2017-10-26 22:00:00,0.0307
2017-10-26 23:00:00,0.0192
2017-10-27 00:00:00,0.0124
2017-10-27 01:00:00,0.0087
2017-10-27 02:00:00,0.0059
2017-10-27 03:00:00,0.0046
2017-10-27 04:00:00,0.0046
2017-10-27 05:00:00,0.0092
2017-10-27 06:00:00,0.018
2017-10-27 07:00:00,0.0312
2017-10-27 08:00:00,0.0404
2017-10-27 09:00:00,0.0482
2017-10-27 10:00:00,0.0416
2017-10-27 11:00:00,0.0417
2017-10-27 12:00:00,0.0502
2017-10-27 13:00:00,0.0561
2017-10-27 14:00:00,0.0572
2017-10-27 15:00:00,0.0595
2017-10-27 16:00:00,0.0511
2017-10-27 17:00:00,0.0433
2017-10-27 18:00:00,0.0465
2017-10-27 19:00:00,0.0547
2017-10-27 20:00:00,0.0501
2017-10-27 21:00:00,0.04
2017-10-27 22:00:00,0.033
2017-10-27 23:00:00,0.0214
2017-10-28 00:00:00,0.0186
2017-10-28 01:00:00,0.0137
2017-10-28 02:00:00,0.0068
2017-10-28 03:00:00,0.0072
2017-10-28 04:00:00,0.0057
2017-10-28 05:00:00,0.0104
2017-10-28 06:00:00,0.0187
2017-10-28 07:00:00,0.0318
2017-10-28 08:00:00,0.0444
2017-10-28 09:00:00,0.05
2017-10-28 10:00:00,0.0447
2017-10-28 11:00:00,0.0439
2017-10-28 12:00:00,0.0536
2017-10-28 13:00:00,0.058
2017-10-28 14:00:00,0.0653
2017-10-28 15:00:00,0.0601
2017-10-28 16:00:00,0.0659
2017-10-28 17:00:00,0.0598
2017-10-28 18:00:00,0.0599
2017-10-28 19:00:00,0.0572
2017-10-28 20:00:00,0.0485
2017-10-28 21:00:00,0.0429
2017-10-28 22:00:00,0.036
2017-10-28 23:00:00,0.0277
2017-10-29 00:00:00,0.0216
2017-10-29 01:00:00,0.0204
2017-10-29 02:00:00,0.0126
2017-10-29 03:00:00,0.0078
2017-10-29 04:00:00,0.0072
2017-10-29 05:00:00,0.0066
2017-10-29 06:00:00,0.01
2017-10-29 07:00:00,0.0158
2017-10-29 08:00:00,0.0257
2017-10-29 09:00:00,0.0339
2017-10-29 10:00:00,0.0361
2017-10-29 11:00:00,0.0497
2017-10-29 12:00:00,0.0449
2017-10-29 13:00:00,0.0454
2017-10-29 14:00:00,0.0548
2017-10-29 15:00:00,0.0545
2017-10-29 16:00:00,0.0535
2017-10-29 17:00:00,0.052
2017-10-29 18:00:00,0.052
2017-10-29 19:00:00,0.0482
2017-10-29 20:00:00,0.0406
2017-10-29 21:00:00,0.0352
2017-10-29 22:00:00,0.0302
2017-10-29 23:00:00,0.0266
2017-10-30 00:00:00,0.0179
2017-10-30 01:00:00,0.0139
2017-10-30 02:00:00,0.008
2017-10-30 03:00:00,0.0057
2017-10-30 04:00:00,0.0043
2017-10-30 05:00:00,0.0037
2017-10-30 06:00:00,0.0051
2017-10-30 07:00:00,0.0104
2017-10-30 08:00:00,0.0165
2017-10-30 09:00:00,0.0232
2017-10-30 10:00:00,0.0303
2017-10-30 11:00:00,0.0385
2017-10-30 12:00:00,0.0461
2017-10-30 13:00:00,0.0455
2017-10-30 14:00:00,0.0476
2017-10-30 15:00:00,0.0449
2017-10-30 16:00:00,0.0495
2017-10-30 17:00:00,0.0433
2017-10-30 18:00:00,0.0457
2017-10-30 19:00:00,0.037
2017-10-30 20:00:00,0.0343
2017-10-30 21:00:00,0.0302
2017-10-30 22:00:00,0.0227
2017-10-30 23:00:00,0.0164
2017-10-31 00:00:00,0.016
2017-10-31 01:00:00,0.0094
2017-10-31 02:00:00,0.0046
2017-10-31 03:00:00,0.0029
2017-10-31 04:00:00,0.0051
2017-10-31 05:00:00,0.0075
2017-10-31 06:00:00,0.0175
2017-10-31 07:00:00,0.028
2017-10-31 08:00:00,0.0442
2017-10-31 09:00:00,0.0506
2017-10-31 10:00:00,0.0399
2017-10-31 11:00:00,0.0411
2017-10-31 12:00:00,0.0497
2017-10-31 13:00:00,0.0345
2017-10-31 14:00:00,0.0539
2017-10-31 15:00:00,0.0592
2017-10-31 16:00:00,0.0645
2017-10-31 17:00:00,0.0611
2017-10-31 18:00:00,0.061
2017-10-31 19:00:00,0.0553
2017-10-31 20:00:00,0.0543
2017-10-31 21:00:00,0.0419
2017-10-31 22:00:00,0.0339
2017-10-31 23:00:00,0.0202
2017-11-01 00:00:00,0.0124
2017-11-01 01:00:00,0.0071
2017-11-01 02:00:00,0.0054
2017-11-01 03:00:00,0.0032
2017-11-01 04:00:00,0.005
2017-11-01 05:00:00,0.0092
2017-11-01 06:00:00,0.0172
2017-11-01 07:00:00,0.0296
2017-11-01 08:00:00,0.0415
2017-11-01 09:00:00,0.0471
2017-11-01 10:00:00,0.0431
2017-11-01 11:00:00,0.0421
2017-11-01 12:00:00,0.0473
2017-11-01 13:00:00,0.0567
2017-11-01 14:00:00,0.0576
2017-11-01 15:00:00,0.0596
2017-11-01 16:00:00,0.0586
2017-11-01 17:00:00,0.0568
2017-11-01 18:00:00,0.062
2017-11-01 19:00:00,0.0549
2017-11-01 20:00:00,0.046
2017-11-01 21:00:00,0.0347
2017-11-01 22:00:00,0.0299
2017-11-01 23:00:00,0.0202
2017-11-02 00:00:00,0.0131
2017-11-02 01:00:00,0.0101
2017-11-02 02:00:00,0.0052
2017-11-02 03:00:00,0.0042
2017-11-02 04:00:00,0.0045
2017-11-02 05:00:00,0.0094
2017-11-02 06:00:00,0.0189
2017-11-02 07:00:00,0.03
2017-11-02 08:00:00,0.0444
2017-11-02 09:00:00,0.0476
2017-11-02 10:00:00,0.0428
2017-11-02 11:00:00,0.0411
2017-11-02 12:00:00,0.0489
2017-11-02 13:00:00,0.0561
2017-11-02 14:00:00,0.0532
2017-11-02 15:00:00,0.057
2017-11-02 16:00:00,0.0615
2017-11-02 17:00:00,0.0505
2017-11-02 18:00:00,0.1573
2017-11-02 19:00:00,0.0698
2017-11-02 20:00:00,0.0441
2017-11-02 21:00:00,0.0391
2017-11-02 22:00:00,0.0303
2017-11-02 23:00:00,0.0196
2017-11-03 00:00:00,0.0125
2017-11-03 01:00:00,0.0083
2017-11-03 02:00:00,0.0057
2017-11-03 03:00:00,0.0038
2017-11-03 04:00:00,0.0051
2017-11-03 05:00:00,0.0082
2017-11-03 06:00:00,0.0164
2017-11-03 07:00:00,0.0326
2017-11-03 08:00:00,0.0431
2017-11-03 09:00:00,0.0475
2017-11-03 10:00:00,0.0436
2017-11-03 11:00:00,0.0461
2017-11-03 12:00:00,0.0501
2017-11-03 13:00:00,0.0557
2017-11-03 14:00:00,0.05572178217821782
2017-11-03 15:00:00,0.05574356435643564
2017-11-03 16:00:00,0.05576534653465347
2017-11-03 17:00:00,0.05578712871287129
2017-11-03 18:00:00,0.05580891089108911
2017-11-03 19:00:00,0.05583069306930693
2017-11-03 20:00:00,0.05585247524752475
2017-11-03 21:00:00,0.05587425742574258
2017-11-03 22:00:00,0.0558960396039604
2017-11-03 23:00:00,0.05591782178217822
2017-11-04 00:00:00,0.05593960396039604
2017-11-04 01:00:00,0.05596138613861386
2017-11-04 02:00:00,0.055983168316831686
2017-11-04 03:00:00,0.056004950495049506
2017-11-04 04:00:00,0.05602673267326733
2017-11-04 05:00:00,0.05604851485148515
2017-11-04 06:00:00,0.05607029702970297
2017-11-04 07:00:00,0.056092079207920795
2017-11-04 08:00:00,0.056113861386138615
2017-11-04 09:00:00,0.056135643564356436
2017-11-04 10:00:00,0.056157425742574256
2017-11-04 11:00:00,0.056179207920792076
2017-11-04 12:00:00,0.056200990099009904
2017-11-04 13:00:00,0.056222772277227724
2017-11-04 14:00:00,0.056244554455445545
2017-11-04 15:00:00,0.056266336633663365
2017-11-04 16:00:00,0.056288118811881185
2017-11-04 17:00:00,0.05630990099009901
2017-11-04 18:00:00,0.05633168316831683
2017-11-04 19:00:00,0.056353465346534654
2017-11-04 20:00:00,0.056375247524752474
2017-11-04 21:00:00,0.056397029702970294
2017-11-04 22:00:00,0.05641881188118812
2017-11-04 23:00:00,0.05644059405940594
2017-11-05 00:00:00,0.05646237623762376
2017-11-05 01:00:00,0.05648415841584158
2017-11-05 02:00:00,0.0565059405940594
2017-11-05 03:00:00,0.05652772277227723
2017-11-05 04:00:00,0.05654950495049505
2017-11-05 05:00:00,0.05657128712871287
2017-11-05 06:00:00,0.05659306930693069
2017-11-05 07:00:00,0.05661485148514851
2017-11-05 08:00:00,0.05663663366336634
2017-11-05 09:00:00,0.05665841584158416
2017-11-05 10:00:00,0.05668019801980198
2017-11-05 11:00:00,0.0567019801980198
2017-11-05 12:00:00,0.05672376237623762
2017-11-05 13:00:00,0.05674554455445545
2017-11-05 14:00:00,0.05676732673267327
2017-11-05 15:00:00,0.05678910891089109
2017-11-05 16:00:00,0.05681089108910891
2017-11-05 17:00:00,0.05683267326732673
2017-11-05 18:00:00,0.05685445544554456
2017-11-05 19:00:00,0.05687623762376238
2017-11-05 20:00:00,0.0568980198019802
2017-11-05 21:00:00,0.05691980198019802
2017-11-05 22:00:00,0.05694158415841584
2017-11-05 23:00:00,0.05696336633663367
2017-11-06 00:00:00,0.05698514851485149
2017-11-06 01:00:00,0.05700693069306931
2017-11-06 02:00:00,0.05702871287128713
2017-11-06 03:00:00,0.05705049504950495
2017-11-06 04:00:00,0.057072277227722776
2017-11-06 05:00:00,0.057094059405940596
2017-11-06 06:00:00,0.05711584158415842
2017-11-06 07:00:00,0.05713762376237624
2017-11-06 08:00:00,0.05715940594059406
2017-11-06 09:00:00,0.05718118811881188
2017-11-06 10:00:00,0.057202970297029705
2017-11-06 11:00:00,0.057224752475247526
2017-11-06 12:00:00,0.057246534653465346
2017-11-06 13:00:00,0.057268316831683166
2017-11-06 14:00:00,0.05729009900990099
2017-11-06 15:00:00,0.057311881188118814
2017-11-06 16:00:00,0.057333663366336635
2017-11-06 17:00:00,0.057355445544554455
2017-11-06 18:00:00,0.057377227722772275
2017-11-06 19:00:00,0.057399009900990096
2017-11-06 20:00:00,0.05742079207920792
2017-11-06 21:00:00,0.057442574257425744
2017-11-06 22:00:00,0.057464356435643564
2017-11-06 23:00:00,0.057486138613861384
2017-11-07 00:00:00,0.057507920792079205
2017-11-07 01:00:00,0.05752970297029703
2017-11-07 02:00:00,0.05755148514851485
2017-11-07 03:00:00,0.05757326732673267
2017-11-07 04:00:00,0.05759504950495049
2017-11-07 05:00:00,0.057616831683168314
2017-11-07 06:00:00,0.05763861386138614
2017-11-07 07:00:00,0.05766039603960396
2017-11-07 08:00:00,0.05768217821782178
2017-11-07 09:00:00,0.0577039603960396
2017-11-07 10:00:00,0.05772574257425742
2017-11-07 11:00:00,0.05774752475247525
2017-11-07 12:00:00,0.05776930693069307
2017-11-07 13:00:00,0.05779108910891089
2017-11-07 14:00:00,0.05781287128712871
2017-11-07 15:00:00,0.05783465346534653
2017-11-07 16:00:00,0.05785643564356436
2017-11-07 17:00:00,0.05787821782178218
2017-11-07 18:00:00,0.0579
2017-11-07 19:00:00,0.0372
2017-11-07 20:00:00,0.0524
2017-11-07 21:00:00,0.0342
2017-11-07 22:00:00,0.026
2017-11-07 23:00:00,0.0174
2017-11-08 00:00:00,0.0136
2017-11-08 01:00:00,0.0088
2017-11-08 02:00:00,0.0047
2017-11-08 03:00:00,0.0037
2017-11-08 04:00:00,0.0048
2017-11-08 05:00:00,0.0093
2017-11-08 06:00:00,0.0192
2017-11-08 07:00:00,0.0306
2017-11-08 08:00:00,0.0434
2017-11-08 09:00:00,0.0482
2017-11-08 10:00:00,0.0414
2017-11-08 11:00:00,0.0458
2017-11-08 12:00:00,0.0495
2017-11-08 13:00:00,0.0552
2017-11-08 14:00:00,0.0585
2017-11-08 15:00:00,0.059
2017-11-08 16:00:00,0.0613
2017-11-08 17:00:00,0.0608
2017-11-08 18:00:00,0.0586
2017-11-08 19:00:00,0.0547
2017-11-08 20:00:00,0.0475
2017-11-08 21:00:00,0.0376
2017-11-08 22:00:00,0.0274
2017-11-08 23:00:00,0.0164
2017-11-09 00:00:00,0.0129
2017-11-09 01:00:00,0.01
2017-11-09 02:00:00,0.006
2017-11-09 03:00:00,0.0034
2017-11-09 04:00:00,0.0058
2017-11-09 05:00:00,0.0099
2017-11-09 06:00:00,0.0178
2017-11-09 07:00:00,0.0298
2017-11-09 08:00:00,0.0438
2017-11-09 09:00:00,0.0508
2017-11-09 10:00:00,0.0424
2017-11-09 11:00:00,0.0442
2017-11-09 12:00:00,0.0483
2017-11-09 13:00:00,0.0569
2017-11-09 14:00:00,0.0562
2017-11-09 15:00:00,0.0564
2017-11-09 16:00:00,0.0585
2017-11-09 17:00:00,0.0584
2017-11-09 18:00:00,0.0579
2017-11-09 19:00:00,0.0503
2017-11-09 20:00:00,0.0439
2017-11-09 21:00:00,0.0393
2017-11-09 22:00:00,0.0296
2017-11-09 23:00:00,0.019
2017-11-10 00:00:00,0.0141
2017-11-10 01:00:00,0.0102
2017-11-10 02:00:00,0.0053
2017-11-10 03:00:00,0.005
2017-11-10 04:00:00,0.0052
2017-11-10 05:00:00,0.0095
2017-11-10 06:00:00,0.0189
2017-11-10 07:00:00,0.0297
2017-11-10 08:00:00,0.0441
2017-11-10 09:00:00,0.0517
2017-11-10 10:00:00,0.0428
2017-11-10 11:00:00,0.0432
2017-11-10 12:00:00,0.0503
2017-11-10 13:00:00,0.0537
2017-11-10 14:00:00,0.0597
2017-11-10 15:00:00,0.0573
2017-11-10 16:00:00,0.0656
2017-11-10 17:00:00,0.0595
2017-11-10 18:00:00,0.0567
2017-11-10 19:00:00,0.0542
2017-11-10 20:00:00,0.0481
2017-11-10 21:00:00,0.038
2017-11-10 22:00:00,0.0337
2017-11-10 23:00:00,0.0202
2017-11-11 00:00:00,0.0124
2017-11-11 01:00:00,0.009
2017-11-11 02:00:00,0.0062
2017-11-11 03:00:00,0.0049
2017-11-11 04:00:00,0.0053
2017-11-11 05:00:00,0.01
2017-11-11 06:00:00,0.0172
2017-11-11 07:00:00,0.0298
2017-11-11 08:00:00,0.0427
2017-11-11 09:00:00,0.0499
2017-11-11 10:00:00,0.0423
2017-11-11 11:00:00,0.0477
2017-11-11 12:00:00,0.0554
2017-11-11 13:00:00,0.0584
2017-11-11 14:00:00,0.0627
2017-11-11 15:00:00,0.0589
2017-11-11 16:00:00,0.0601
2017-11-11 17:00:00,0.0595
2017-11-11 18:00:00,0.0579
2017-11-11 19:00:00,0.0543
2017-11-11 20:00:00,0.0495
2017-11-11 21:00:00,0.0431
2017-11-11 22:00:00,0.0328
2017-11-11 23:00:00,0.0279
2017-11-12 00:00:00,0.0199
2017-11-12 01:00:00,0.0115
2017-11-12 02:00:00,0.0078
2017-11-12 03:00:00,0.0048
2017-11-12 04:00:00,0.0053
2017-11-12 05:00:00,0.0058
2017-11-12 06:00:00,0.0093
2017-11-12 07:00:00,0.0186
2017-11-12 08:00:00,0.0245
2017-11-12 09:00:00,0.0337
2017-11-12 10:00:00,0.0454
2017-11-12 11:00:00,0.0542
2017-11-12 12:00:00,0.0562
2017-11-12 13:00:00,0.0571
2017-11-12 14:00:00,0.0546
2017-11-12 15:00:00,0.0553
2017-11-12 16:00:00,0.0526
2017-11-12 17:00:00,0.0536
2017-11-12 18:00:00,0.05340990099009901
2017-11-12 19:00:00,0.053219801980198024
2017-11-12 20:00:00,0.05302970297029703
2017-11-12 21:00:00,0.05283960396039604
2017-11-12 22:00:00,0.05264950495049505
2017-11-12 23:00:00,0.05245940594059406
2017-11-13 00:00:00,0.05226930693069307
2017-11-13 01:00:00,0.052079207920792084
2017-11-13 02:00:00,0.05188910891089109
2017-11-13 03:00:00,0.0516990099009901
2017-11-13 04:00:00,0.05150891089108911
2017-11-13 05:00:00,0.05131881188118812
2017-11-13 06:00:00,0.05112871287128713
2017-11-13 07:00:00,0.05093861386138614
2017-11-13 08:00:00,0.05074851485148515
2017-11-13 09:00:00,0.05055841584158416
2017-11-13 10:00:00,0.05036831683168317
2017-11-13 11:00:00,0.05017821782178218
2017-11-13 12:00:00,0.04998811881188119
2017-11-13 13:00:00,0.049798019801980196
2017-11-13 14:00:00,0.04960792079207921
2017-11-13 15:00:00,0.04941782178217822
2017-11-13 16:00:00,0.04922772277227723
2017-11-13 17:00:00,0.04903762376237624
2017-11-13 18:00:00,0.04884752475247525
2017-11-13 19:00:00,0.048657425742574256
2017-11-13 20:00:00,0.04846732673267327
2017-11-13 21:00:00,0.04827722772277228
2017-11-13 22:00:00,0.04808712871287129
2017-11-13 23:00:00,0.0478970297029703
2017-11-14 00:00:00,0.047706930693069305
2017-11-14 01:00:00,0.047516831683168316
2017-11-14 02:00:00,0.04732673267326733
2017-11-14 03:00:00,0.04713663366336634
2017-11-14 04:00:00,0.04694653465346535
2017-11-14 05:00:00,0.046756435643564354
2017-11-14 06:00:00,0.046566336633663365
2017-11-14 07:00:00,0.046376237623762376
2017-11-14 08:00:00,0.04618613861386139
2017-11-14 09:00:00,0.0459960396039604
2017-11-14 10:00:00,0.04580594059405941
2017-11-14 11:00:00,0.04561584158415842
2017-11-14 12:00:00,0.045425742574257424
2017-11-14 13:00:00,0.045235643564356436
2017-11-14 14:00:00,0.04504554455445545
2017-11-14 15:00:00,0.04485544554455446
2017-11-14 16:00:00,0.04466534653465347
2017-11-14 17:00:00,0.04447524752475247
2017-11-14 18:00:00,0.044285148514851484
2017-11-14 19:00:00,0.044095049504950495
2017-11-14 20:00:00,0.043904950495049506
2017-11-14 21:00:00,0.04371485148514852
2017-11-14 22:00:00,0.04352475247524752
2017-11-14 23:00:00,0.04333465346534653
2017-11-15 00:00:00,0.043144554455445544
2017-11-15 01:00:00,0.042954455445544555
2017-11-15 02:00:00,0.042764356435643566
2017-11-15 03:00:00,0.04257425742574257
2017-11-15 04:00:00,0.04238415841584159
2017-11-15 05:00:00,0.04219405940594059
2017-11-15 06:00:00,0.042003960396039604
2017-11-15 07:00:00,0.041813861386138615
2017-11-15 08:00:00,0.041623762376237626
2017-11-15 09:00:00,0.04143366336633664
2017-11-15 10:00:00,0.04124356435643564
2017-11-15 11:00:00,0.04105346534653465
2017-11-15 12:00:00,0.040863366336633664
2017-11-15 13:00:00,0.040673267326732675
2017-11-15 14:00:00,0.040483168316831686
2017-11-15 15:00:00,0.04029306930693069
2017-11-15 16:00:00,0.0401029702970297
2017-11-15 17:00:00,0.03991287128712871
2017-11-15 18:00:00,0.03972277227722772
2017-11-15 19:00:00,0.039532673267326734
2017-11-15 20:00:00,0.03934257425742574
2017-11-15 21:00:00,0.03915247524752475
2017-11-15 22:00:00,0.03896237623762376
2017-11-15 23:00:00,0.03877227722772277
2017-11-16 00:00:00,0.03858217821782178
2017-11-16 01:00:00,0.03839207920792079
2017-11-16 02:00:00,0.038201980198019805
2017-11-16 03:00:00,0.03801188118811881
2017-11-16 04:00:00,0.03782178217821782
2017-11-16 05:00:00,0.03763168316831683
2017-11-16 06:00:00,0.037441584158415836
2017-11-16 07:00:00,0.037251485148514854
2017-11-16 08:00:00,0.03706138613861386
2017-11-16 09:00:00,0.03687128712871287
2017-11-16 10:00:00,0.03668118811881188
2017-11-16 11:00:00,0.03649108910891089
2017-11-16 12:00:00,0.0363009900990099
2017-11-16 13:00:00,0.03611089108910891
2017-11-16 14:00:00,0.035920792079207925
2017-11-16 15:00:00,0.03573069306930693
2017-11-16 16:00:00,0.03554059405940594
2017-11-16 17:00:00,0.03535049504950495
2017-11-16 18:00:00,0.035160396039603956
2017-11-16 19:00:00,0.034970297029702974
2017-11-16 20:00:00,0.03478019801980198
2017-11-16 21:00:00,0.03459009900990099
2017-11-16 22:00:00,0.0344
2017-11-16 23:00:00,0.0216
2017-11-17 00:00:00,0.013
2017-11-17 01:00:00,0.0087
2017-11-17 02:00:00,0.0052
2017-11-17 03:00:00,0.003
2017-11-17 04:00:00,0.0044
2017-11-17 05:00:00,0.0106
2017-11-17 06:00:00,0.0196
2017-11-17 07:00:00,0.0334
2017-11-17 08:00:00,0.0445
2017-11-17 09:00:00,0.0525
2017-11-17 10:00:00,0.0412
2017-11-17 11:00:00,0.0458
2017-11-17 12:00:00,0.0553
2017-11-17 13:00:00,0.0591
2017-11-17 14:00:00,0.0551
2017-11-17 15:00:00,0.0613
2017-11-17 16:00:00,0.0645
2017-11-17 17:00:00,0.0624
2017-11-17 18:00:00,0.0629
2017-11-17 19:00:00,0.0541
2017-11-17 20:00:00,0.0492
2017-11-17 21:00:00,0.0387
2017-11-17 22:00:00,0.033
2017-11-17 23:00:00,0.0225
2017-11-18 00:00:00,0.0153
2017-11-18 01:00:00,0.009
2017-11-18 02:00:00,0.0059
2017-11-18 03:00:00,0.0039
2017-11-18 04:00:00,0.0052
2017-11-18 05:00:00,0.0097
2017-11-18 06:00:00,0.018
2017-11-18 07:00:00,0.0303
2017-11-18 08:00:00,0.047
2017-11-18 09:00:00,0.0516
2017-11-18 10:00:00,0.0454
2017-11-18 11:00:00,0.0444
2017-11-18 12:00:00,0.0555
2017-11-18 13:00:00,0.059
2017-11-18 14:00:00,0.0621
2017-11-18 15:00:00,0.0641
2017-11-18 16:00:00,0.0665
2017-11-18 17:00:00,0.0645
2017-11-18 18:00:00,0.0602
2017-11-18 19:00:00,0.0553
2017-11-18 20:00:00,0.0503
2017-11-18 21:00:00,0.0418
2017-11-18 22:00:00,0.0356
2017-11-18 23:00:00,0.0276
2017-11-19 00:00:00,0.0209
2017-11-19 01:00:00,0.0145
2017-11-19 02:00:00,0.0077
2017-11-19 03:00:00,0.0049
2017-11-19 04:00:00,0.0052
2017-11-19 05:00:00,0.0055
2017-11-19 06:00:00,0.0086
2017-11-19 07:00:00,0.0175
2017-11-19 08:00:00,0.0255
2017-11-19 09:00:00,0.0364
2017-11-19 10:00:00,0.0461
2017-11-19 11:00:00,0.0506
2017-11-19 12:00:00,0.0563
2017-11-19 13:00:00,0.0587
2017-11-19 14:00:00,0.0574
2017-11-19 15:00:00,0.056
2017-11-19 16:00:00,0.0532
2017-11-19 17:00:00,0.0536
2017-11-19 18:00:00,0.0515
2017-11-19 19:00:00,0.0478
2017-11-19 20:00:00,0.0358
2017-11-19 21:00:00,0.0344
2017-11-19 22:00:00,0.0323
2017-11-19 23:00:00,0.0267
2017-11-20 00:00:00,0.0212
2017-11-20 01:00:00,0.0124
2017-11-20 02:00:00,0.0087
2017-11-20 03:00:00,0.0058
2017-11-20 04:00:00,0.0044
2017-11-20 05:00:00,0.0036
2017-11-20 06:00:00,0.0053
2017-11-20 07:00:00,0.0093
2017-11-20 08:00:00,0.0153
2017-11-20 09:00:00,0.0263
2017-11-20 10:00:00,0.0367
2017-11-20 11:00:00,0.0455
2017-11-20 12:00:00,0.0502
2017-11-20 13:00:00,0.054
2017-11-20 14:00:00,0.0522
2017-11-20 15:00:00,0.0464
2017-11-20 16:00:00,0.0483
2017-11-20 17:00:00,0.0464
2017-11-20 18:00:00,0.0446
2017-11-20 19:00:00,0.0376
2017-11-20 20:00:00,0.0344
2017-11-20 21:00:00,0.0314
2017-11-20 22:00:00,0.0241
2017-11-20 23:00:00,0.0162
2017-11-21 00:00:00,0.01
2017-11-21 01:00:00,0.0073
2017-11-21 02:00:00,0.0041
2017-11-21 03:00:00,0.004
2017-11-21 04:00:00,0.0048
2017-11-21 05:00:00,0.0084
2017-11-21 06:00:00,0.0173
2017-11-21 07:00:00,0.0317
2017-11-21 08:00:00,0.0433
2017-11-21 09:00:00,0.0465
2017-11-21 10:00:00,0.0394
2017-11-21 11:00:00,0.0403
2017-11-21 12:00:00,0.0476
2017-11-21 13:00:00,0.0511
2017-11-21 14:00:00,0.0496
2017-11-21 15:00:00,0.0539
2017-11-21 16:00:00,0.0536
2017-11-21 17:00:00,0.0558
2017-11-21 18:00:00,0.0505
2017-11-21 19:00:00,0.0477
2017-11-21 20:00:00,0.0478
2017-11-21 21:00:00,0.0334
2017-11-21 22:00:00,0.0248
2017-11-21 23:00:00,0.0182
2017-11-22 00:00:00,0.0119
2017-11-22 01:00:00,0.0082
2017-11-22 02:00:00,0.0049
2017-11-22 03:00:00,0.0035
2017-11-22 04:00:00,0.0049
2017-11-22 05:00:00,0.0089
2017-11-22 06:00:00,0.0181
2017-11-22 07:00:00,0.0295
2017-11-22 08:00:00,0.0441
2017-11-22 09:00:00,0.0494
2017-11-22 10:00:00,0.0429
2017-11-22 11:00:00,0.0459
2017-11-22 12:00:00,0.04597227722772278
2017-11-22 13:00:00,0.04604455445544555
2017-11-22 14:00:00,0.04611683168316832
2017-11-22 15:00:00,0.04618910891089109
2017-11-22 16:00:00,0.046261386138613865
2017-11-22 17:00:00,0.04633366336633664
2017-11-22 18:00:00,0.046405940594059406
2017-11-22 19:00:00,0.04647821782178218
2017-11-22 20:00:00,0.04655049504950495
2017-11-22 21:00:00,0.04662277227722773
2017-11-22 22:00:00,0.0466950495049505
2017-11-22 23:00:00,0.04676732673267327
2017-11-23 00:00:00,0.04683960396039604
2017-11-23 01:00:00,0.046911881188118815
2017-11-23 02:00:00,0.04698415841584159
2017-11-23 03:00:00,0.04705643564356436
2017-11-23 04:00:00,0.04712871287128713
2017-11-23 05:00:00,0.0472009900990099
2017-11-23 06:00:00,0.047273267326732676
2017-11-23 07:00:00,0.04734554455445545
2017-11-23 08:00:00,0.04741782178217822
2017-11-23 09:00:00,0.04749009900990099
2017-11-23 10:00:00,0.047562376237623764
2017-11-23 11:00:00,0.04763465346534654
2017-11-23 12:00:00,0.04770693069306931
2017-11-23 13:00:00,0.04777920792079208
2017-11-23 14:00:00,0.04785148514851485
2017-11-23 15:00:00,0.047923762376237626
2017-11-23 16:00:00,0.0479960396039604
2017-11-23 17:00:00,0.04806831683168317
2017-11-23 18:00:00,0.04814059405940594
2017-11-23 19:00:00,0.048212871287128714
2017-11-23 20:00:00,0.04828514851485149
2017-11-23 21:00:00,0.04835742574257426
2017-11-23 22:00:00,0.04842970297029703
2017-11-23 23:00:00,0.0485019801980198
2017-11-24 00:00:00,0.048574257425742576
2017-11-24 01:00:00,0.04864653465346535
2017-11-24 02:00:00,0.04871881188118812
2017-11-24 03:00:00,0.04879108910891089
2017-11-24 04:00:00,0.048863366336633664
2017-11-24 05:00:00,0.04893564356435644
2017-11-24 06:00:00,0.04900792079207921
2017-11-24 07:00:00,0.04908019801980198
2017-11-24 08:00:00,0.04915247524752475
2017-11-24 09:00:00,0.049224752475247525
2017-11-24 10:00:00,0.0492970297029703
2017-11-24 11:00:00,0.049369306930693066
2017-11-24 12:00:00,0.04944158415841584
2017-11-24 13:00:00,0.04951386138613861
2017-11-24 14:00:00,0.04958613861386139
2017-11-24 15:00:00,0.04965841584158416
2017-11-24 16:00:00,0.04973069306930693
2017-11-24 17:00:00,0.0498029702970297
2017-11-24 18:00:00,0.049875247524752475
2017-11-24 19:00:00,0.04994752475247525
2017-11-24 20:00:00,0.05001980198019802
2017-11-24 21:00:00,0.05009207920792079
2017-11-24 22:00:00,0.05016435643564356
2017-11-24 23:00:00,0.05023663366336634
2017-11-25 00:00:00,0.05030891089108911
2017-11-25 01:00:00,0.050381188118811884
2017-11-25 02:00:00,0.05045346534653465
2017-11-25 03:00:00,0.050525742574257425
2017-11-25 04:00:00,0.0505980198019802
2017-11-25 05:00:00,0.050670297029702965
2017-11-25 06:00:00,0.05074257425742574
2017-11-25 07:00:00,0.05081485148514851
2017-11-25 08:00:00,0.050887128712871287
2017-11-25 09:00:00,0.05095940594059406
2017-11-25 10:00:00,0.05103168316831683
2017-11-25 11:00:00,0.0511039603960396
2017-11-25 12:00:00,0.051176237623762375
2017-11-25 13:00:00,0.05124851485148515
2017-11-25 14:00:00,0.05132079207920792
2017-11-25 15:00:00,0.05139306930693069
2017-11-25 16:00:00,0.05146534653465346
2017-11-25 17:00:00,0.051537623762376236
2017-11-25 18:00:00,0.05160990099009901
2017-11-25 19:00:00,0.051682178217821784
2017-11-25 20:00:00,0.05175445544554455
2017-11-25 21:00:00,0.051826732673267324
2017-11-25 22:00:00,0.0518990099009901
2017-11-25 23:00:00,0.05197128712871287
2017-11-26 00:00:00,0.05204356435643564
2017-11-26 01:00:00,0.05211584158415841
2017-11-26 02:00:00,0.052188118811881186
2017-11-26 03:00:00,0.05226039603960396
2017-11-26 04:00:00,0.052332673267326726
2017-11-26 05:00:00,0.0524049504950495
2017-11-26 06:00:00,0.052477227722772274
2017-11-26 07:00:00,0.05254950495049505
2017-11-26 08:00:00,0.05262178217821782
2017-11-26 09:00:00,0.05269405940594059
2017-11-26 10:00:00,0.05276633663366336
2017-11-26 11:00:00,0.052838613861386136
2017-11-26 12:00:00,0.05291089108910891
2017-11-26 13:00:00,0.05298316831683168
2017-11-26 14:00:00,0.05305544554455445
2017-11-26 15:00:00,0.053127722772277224
2017-11-26 16:00:00,0.0532
2017-11-26 17:00:00,0.049
2017-11-26 18:00:00,0.0495
2017-11-26 19:00:00,0.0419
2017-11-26 20:00:00,0.0333
2017-11-26 21:00:00,0.0268
2017-11-26 22:00:00,0.0335
2017-11-26 23:00:00,0.0256
2017-11-27 00:00:00,0.0182
2017-11-27 01:00:00,0.0131
2017-11-27 02:00:00,0.0081
2017-11-27 03:00:00,0.0058
2017-11-27 04:00:00,0.0046
2017-11-27 05:00:00,0.0029
2017-11-27 06:00:00,0.005
2017-11-27 07:00:00,0.01
2017-11-27 08:00:00,0.0185
2017-11-27 09:00:00,0.0247
2017-11-27 10:00:00,0.0362
2017-11-27 11:00:00,0.0472
2017-11-27 12:00:00,0.0483
2017-11-27 13:00:00,0.0516
2017-11-27 14:00:00,0.048
2017-11-27 15:00:00,0.0436
2017-11-27 16:00:00,0.04
2017-11-27 17:00:00,0.0399
2017-11-27 18:00:00,0.0416
2017-11-27 19:00:00,0.0364
2017-11-27 20:00:00,0.0344
2017-11-27 21:00:00,0.0296
2017-11-27 22:00:00,0.0299
2017-11-27 23:00:00,0.0216
2017-11-28 00:00:00,0.015
2017-11-28 01:00:00,0.0102
2017-11-28 02:00:00,0.0054
2017-11-28 03:00:00,0.0042
2017-11-28 04:00:00,0.0037
2017-11-28 05:00:00,0.0041
2017-11-28 06:00:00,0.0064
2017-11-28 07:00:00,0.0107
2017-11-28 08:00:00,0.0163
2017-11-28 09:00:00,0.0225
2017-11-28 10:00:00,0.0327
2017-11-28 11:00:00,0.0394
2017-11-28 12:00:00,0.0508
2017-11-28 13:00:00,0.0483
2017-11-28 14:00:00,0.0458
2017-11-28 15:00:00,0.0433
2017-11-28 16:00:00,0.0404
2017-11-28 17:00:00,0.0405
2017-11-28 18:00:00,0.0363
2017-11-28 19:00:00,0.0298
2017-11-28 20:00:00,0.028
2017-11-28 21:00:00,0.0241
2017-11-28 22:00:00,0.027
2017-11-28 23:00:00,0.0173
2017-11-29 00:00:00,0.0113
2017-11-29 01:00:00,0.0077
2017-11-29 02:00:00,0.0039
2017-11-29 03:00:00,0.0029
2017-11-29 04:00:00,0.0053
2017-11-29 05:00:00,0.009
2017-11-29 06:00:00,0.0174
2017-11-29 07:00:00,0.0304
2017-11-29 08:00:00,0.0433
2017-11-29 09:00:00,0.0495
2017-11-29 10:00:00,0.0425
2017-11-29 11:00:00,0.045
2017-11-29 12:00:00,0.0504
2017-11-29 13:00:00,0.0567
2017-11-29 14:00:00,0.0572
2017-11-29 15:00:00,0.0582
2017-11-29 16:00:00,0.0623
2017-11-29 17:00:00,0.0554
2017-11-29 18:00:00,0.055155445544554454
2017-11-29 19:00:00,0.05491089108910891
2017-11-29 20:00:00,0.05466633663366337
2017-11-29 21:00:00,0.05442178217821782
2017-11-29 22:00:00,0.054177227722772274
2017-11-29 23:00:00,0.05393267326732673
2017-11-30 00:00:00,0.05368811881188119
2017-11-30 01:00:00,0.053443564356435644
2017-11-30 02:00:00,0.053199009900990094
2017-11-30 03:00:00,0.05295445544554455
2017-11-30 04:00:00,0.05270990099009901
2017-11-30 05:00:00,0.05246534653465346
2017-11-30 06:00:00,0.05222079207920792
2017-11-30 07:00:00,0.05197623762376238
2017-11-30 08:00:00,0.05173168316831683
2017-11-30 09:00:00,0.05148712871287128
2017-11-30 10:00:00,0.05124257425742574
2017-11-30 11:00:00,0.050998019801980196
2017-11-30 12:00:00,0.05075346534653465
2017-11-30 13:00:00,0.05050891089108911
2017-11-30 14:00:00,0.05026435643564356
2017-11-30 15:00:00,0.050019801980198016
2017-11-30 16:00:00,0.04977524752475247
2017-11-30 17:00:00,0.04953069306930693
2017-11-30 18:00:00,0.049286138613861386
2017-11-30 19:00:00,0.04904158415841584
2017-11-30 20:00:00,0.0487970297029703
2017-11-30 21:00:00,0.04855247524752475
2017-11-30 22:00:00,0.048307920792079205
2017-11-30 23:00:00,0.04806336633663366
2017-12-01 00:00:00,0.04781881188118812
2017-12-01 01:00:00,0.047574257425742575
2017-12-01 02:00:00,0.047329702970297025
2017-12-01 03:00:00,0.04708514851485149
2017-12-01 04:00:00,0.04684059405940594
2017-12-01 05:00:00,0.046596039603960394
2017-12-01 06:00:00,0.04635148514851485
2017-12-01 07:00:00,0.04610693069306931
2017-12-01 08:00:00,0.045862376237623764
2017-12-01 09:00:00,0.045617821782178214
2017-12-01 10:00:00,0.04537326732673267
2017-12-01 11:00:00,0.04512871287128713
2017-12-01 12:00:00,0.044884158415841584
2017-12-01 13:00:00,0.04463960396039604
2017-12-01 14:00:00,0.04439504950495049
2017-12-01 15:00:00,0.044150495049504954
2017-12-01 16:00:00,0.0439059405940594
2017-12-01 17:00:00,0.04366138613861386
2017-12-01 18:00:00,0.04341683168316832
2017-12-01 19:00:00,0.04317227722772277
2017-12-01 20:00:00,0.04292772277227723
2017-12-01 21:00:00,0.04268316831683168
2017-12-01 22:00:00,0.042438613861386136
2017-12-01 23:00:00,0.04219405940594059
2017-12-02 00:00:00,0.04194950495049505
2017-12-02 01:00:00,0.041704950495049506
2017-12-02 02:00:00,0.04146039603960396
2017-12-02 03:00:00,0.04121584158415842
2017-12-02 04:00:00,0.04097128712871287
2017-12-02 05:00:00,0.040726732673267325
2017-12-02 06:00:00,0.04048217821782178
2017-12-02 07:00:00,0.04023762376237624
2017-12-02 08:00:00,0.039993069306930695
2017-12-02 09:00:00,0.039748514851485145
2017-12-02 10:00:00,0.03950396039603961
2017-12-02 11:00:00,0.03925940594059406
2017-12-02 12:00:00,0.039014851485148515
2017-12-02 13:00:00,0.03877029702970297
2017-12-02 14:00:00,0.03852574257425742
2017-12-02 15:00:00,0.038281188118811885
2017-12-02 16:00:00,0.038036633663366334
2017-12-02 17:00:00,0.03779207920792079
2017-12-02 18:00:00,0.03754752475247525
2017-12-02 19:00:00,0.037302970297029704
2017-12-02 20:00:00,0.03705841584158416
2017-12-02 21:00:00,0.03681386138613861
2017-12-02 22:00:00,0.036569306930693074
2017-12-02 23:00:00,0.036324752475247524
2017-12-03 00:00:00,0.03608019801980198
2017-12-03 01:00:00,0.03583564356435644
2017-12-03 02:00:00,0.03559108910891089
2017-12-03 03:00:00,0.03534653465346535
2017-12-03 04:00:00,0.0351019801980198
2017-12-03 05:00:00,0.034857425742574256
2017-12-03 06:00:00,0.03461287128712871
2017-12-03 07:00:00,0.03436831683168317
2017-12-03 08:00:00,0.034123762376237626
2017-12-03 09:00:00,0.033879207920792076
2017-12-03 10:00:00,0.03363465346534654
2017-12-03 11:00:00,0.03339009900990099
2017-12-03 12:00:00,0.033145544554455446
2017-12-03 13:00:00,0.0329009900990099
2017-12-03 14:00:00,0.03265643564356435
2017-12-03 15:00:00,0.032411881188118816
2017-12-03 16:00:00,0.032167326732673265
2017-12-03 17:00:00,0.03192277227722772
2017-12-03 18:00:00,0.03167821782178218
2017-12-03 19:00:00,0.031433663366336635
2017-12-03 20:00:00,0.031189108910891092
2017-12-03 21:00:00,0.030944554455445545
2017-12-03 22:00:00,0.0307
2017-12-03 23:00:00,0.0258
2017-12-04 00:00:00,0.0185
2017-12-04 01:00:00,0.0123
2017-12-04 02:00:00,0.0082
2017-12-04 03:00:00,0.0054
2017-12-04 04:00:00,0.0046
2017-12-04 05:00:00,0.0037
2017-12-04 06:00:00,0.0054
2017-12-04 07:00:00,0.0089
2017-12-04 08:00:00,0.015
2017-12-04 09:00:00,0.0226
2017-12-04 10:00:00,0.0259
2017-12-04 11:00:00,0.025
2017-12-04 12:00:00,0.0267
2017-12-04 13:00:00,0.0281
2017-12-04 14:00:00,0.0296
2017-12-04 15:00:00,0.0273
2017-12-04 16:00:00,0.0283
2017-12-04 17:00:00,0.0368
2017-12-04 18:00:00,0.0407
2017-12-04 19:00:00,0.0364
2017-12-04 20:00:00,0.0309
2017-12-04 21:00:00,0.0315
2017-12-04 22:00:00,0.0263
2017-12-04 23:00:00,0.0196
2017-12-05 00:00:00,0.0131
2017-12-05 01:00:00,0.0068
2017-12-05 02:00:00,0.0053
2017-12-05 03:00:00,0.0041
2017-12-05 04:00:00,0.0051
2017-12-05 05:00:00,0.0094
2017-12-05 06:00:00,0.0188
2017-12-05 07:00:00,0.0314
2017-12-05 08:00:00,0.0402
2017-12-05 09:00:00,0.0452
2017-12-05 10:00:00,0.0425
2017-12-05 11:00:00,0.0432
2017-12-05 12:00:00,0.0483
2017-12-05 13:00:00,0.0518
2017-12-05 14:00:00,0.0541
2017-12-05 15:00:00,0.0527
2017-12-05 16:00:00,0.0614
2017-12-05 17:00:00,0.0597
2017-12-05 18:00:00,0.0582
2017-12-05 19:00:00,0.0509
2017-12-05 20:00:00,0.0477
2017-12-05 21:00:00,0.0351
2017-12-05 22:00:00,0.0268
2017-12-05 23:00:00,0.0185
2017-12-06 00:00:00,0.0113
2017-12-06 01:00:00,0.0092
2017-12-06 02:00:00,0.0049
2017-12-06 03:00:00,0.0037
2017-12-06 04:00:00,0.0057
2017-12-06 05:00:00,0.0104
2017-12-06 06:00:00,0.0178
2017-12-06 07:00:00,0.0294
2017-12-06 08:00:00,0.0388
2017-12-06 09:00:00,0.0455
2017-12-06 10:00:00,0.0432
2017-12-06 11:00:00,0.043
2017-12-06 12:00:00,0.0496
2017-12-06 13:00:00,0.053
2017-12-06 14:00:00,0.0564
2017-12-06 15:00:00,0.0589
2017-12-06 16:00:00,0.0656
2017-12-06 17:00:00,0.0607
2017-12-06 18:00:00,0.0603
2017-12-06 19:00:00,0.0541
2017-12-06 20:00:00,0.0563
2017-12-06 21:00:00,0.047
2017-12-06 22:00:00,0.0353
2017-12-06 23:00:00,0.0222
2017-12-07 00:00:00,0.0147
2017-12-07 01:00:00,0.0137
2017-12-07 02:00:00,0.0077
2017-12-07 03:00:00,0.0063
2017-12-07 04:00:00,0.0059
2017-12-07 05:00:00,0.0098
2017-12-07 06:00:00,0.0191
2017-12-07 07:00:00,0.0308
2017-12-07 08:00:00,0.0401
2017-12-07 09:00:00,0.0474
2017-12-07 10:00:00,0.0445
2017-12-07 11:00:00,0.0438
2017-12-07 12:00:00,0.0482
2017-12-07 13:00:00,0.0527
2017-12-07 14:00:00,0.0574
2017-12-07 15:00:00,0.0648
2017-12-07 16:00:00,0.0678
2017-12-07 17:00:00,0.0618
2017-12-07 18:00:00,0.0649
2017-12-07 19:00:00,0.0519
2017-12-07 20:00:00,0.0459
2017-12-07 21:00:00,0.0349
2017-12-07 22:00:00,0.0361
2017-12-07 23:00:00,0.0208
2017-12-08 00:00:00,0.0132
2017-12-08 01:00:00,0.0108
2017-12-08 02:00:00,0.0062
2017-12-08 03:00:00,0.0043
2017-12-08 04:00:00,0.0057
2017-12-08 05:00:00,0.0102
2017-12-08 06:00:00,0.0181
2017-12-08 07:00:00,0.0325
2017-12-08 08:00:00,0.0412
2017-12-08 09:00:00,0.048
2017-12-08 10:00:00,0.0453
2017-12-08 11:00:00,0.0447
2017-12-08 12:00:00,0.0492
2017-12-08 13:00:00,0.0566
2017-12-08 14:00:00,0.0568
2017-12-08 15:00:00,0.0662
2017-12-08 16:00:00,0.0673
2017-12-08 17:00:00,0.0643
2017-12-08 18:00:00,0.0613
2017-12-08 19:00:00,0.0558
2017-12-08 20:00:00,0.0506
2017-12-08 21:00:00,0.0386
2017-12-08 22:00:00,0.0326
2017-12-08 23:00:00,0.0224
2017-12-09 00:00:00,0.0156
2017-12-09 01:00:00,0.0105
2017-12-09 02:00:00,0.0067
2017-12-09 03:00:00,0.0048
2017-12-09 04:00:00,0.0054
2017-12-09 05:00:00,0.0101
2017-12-09 06:00:00,0.0183
2017-12-09 07:00:00,0.0333
2017-12-09 08:00:00,0.04
2017-12-09 09:00:00,0.0462
2017-12-09 10:00:00,0.0417
2017-12-09 11:00:00,0.0469
2017-12-09 12:00:00,0.0572
2017-12-09 13:00:00,0.0632
2017-12-09 14:00:00,0.086
2017-12-09 15:00:00,0.0715
2017-12-09 16:00:00,0.0682
2017-12-09 17:00:00,0.0643
2017-12-09 18:00:00,0.0704
2017-12-09 19:00:00,0.0455
2017-12-09 20:00:00,0.0296
2017-12-09 21:00:00,0.0253
2017-12-09 22:00:00,0.0426
2017-12-09 23:00:00,0.0281
2017-12-10 00:00:00,0.0239
2017-12-10 01:00:00,0.0162
2017-12-10 02:00:00,0.0088
2017-12-10 03:00:00,0.0057
2017-12-10 04:00:00,0.0058
2017-12-10 05:00:00,0.0065
2017-12-10 06:00:00,0.0083
2017-12-10 07:00:00,0.0167
2017-12-10 08:00:00,0.0234
2017-12-10 09:00:00,0.0333
2017-12-10 10:00:00,0.0391
2017-12-10 11:00:00,0.0461
2017-12-10 12:00:00,0.0529
2017-12-10 13:00:00,0.0547
2017-12-10 14:00:00,0.0576
2017-12-10 15:00:00,0.0594
2017-12-10 16:00:00,0.0576
2017-12-10 17:00:00,0.0551
2017-12-10 18:00:00,0.0483
2017-12-10 19:00:00,0.0437
2017-12-10 20:00:00,0.0405
2017-12-10 21:00:00,0.0325
2017-12-10 22:00:00,0.0339
2017-12-10 23:00:00,0.0313
2017-12-11 00:00:00,0.0231
2017-12-11 01:00:00,0.0142
2017-12-11 02:00:00,0.0085
2017-12-11 03:00:00,0.0057
2017-12-11 04:00:00,0.0048
2017-12-11 05:00:00,0.0041
2017-12-11 06:00:00,0.0046
2017-12-11 07:00:00,0.009
2017-12-11 08:00:00,0.0146
2017-12-11 09:00:00,0.0205
2017-12-11 10:00:00,0.0286
2017-12-11 11:00:00,0.0377
2017-12-11 12:00:00,0.0419
2017-12-11 13:00:00,0.0488
2017-12-11 14:00:00,0.0484
2017-12-11 15:00:00,0.0462
2017-12-11 16:00:00,0.0446
2017-12-11 17:00:00,0.0439
2017-12-11 18:00:00,0.0404
2017-12-11 19:00:00,0.0368
2017-12-11 20:00:00,0.0347
2017-12-11 21:00:00,0.0291
2017-12-11 22:00:00,0.0276
2017-12-11 23:00:00,0.0215
2017-12-12 00:00:00,0.0153
2017-12-12 01:00:00,0.0097
2017-12-12 02:00:00,0.005
2017-12-12 03:00:00,0.0038
2017-12-12 04:00:00,0.0051
2017-12-12 05:00:00,0.0092
2017-12-12 06:00:00,0.0177
2017-12-12 07:00:00,0.0302
2017-12-12 08:00:00,0.0401
2017-12-12 09:00:00,0.0457
2017-12-12 10:00:00,0.0425
2017-12-12 11:00:00,0.0422
2017-12-12 12:00:00,0.0535
2017-12-12 13:00:00,0.055
2017-12-12 14:00:00,0.0544
2017-12-12 15:00:00,0.0619
2017-12-12 16:00:00,0.0695
2017-12-12 17:00:00,0.0593
2017-12-12 18:00:00,0.062
2017-12-12 19:00:00,0.0573
2017-12-12 20:00:00,0.0397
2017-12-12 21:00:00,0.0277
2017-12-12 22:00:00,0.0302
2017-12-12 23:00:00,0.0205
2017-12-13 00:00:00,0.0146
2017-12-13 01:00:00,0.0093
2017-12-13 02:00:00,0.0052
2017-12-13 03:00:00,0.0048
2017-12-13 04:00:00,0.0058
2017-12-13 05:00:00,0.0105
2017-12-13 06:00:00,0.0188
2017-12-13 07:00:00,0.0317
2017-12-13 08:00:00,0.0389
2017-12-13 09:00:00,0.047
2017-12-13 10:00:00,0.0411
2017-12-13 11:00:00,0.0438
2017-12-13 12:00:00,0.0503
2017-12-13 13:00:00,0.056
2017-12-13 14:00:00,0.0547
2017-12-13 15:00:00,0.066
2017-12-13 16:00:00,0.0677
2017-12-13 17:00:00,0.0589
2017-12-13 18:00:00,0.0385
2017-12-13 19:00:00,0.051
2017-12-13 20:00:00,0.0495
2017-12-13 21:00:00,0.0388
2017-12-13 22:00:00,0.0328
2017-12-13 23:00:00,0.0226
2017-12-14 00:00:00,0.0162
2017-12-14 01:00:00,0.0104
2017-12-14 02:00:00,0.0059
2017-12-14 03:00:00,0.0051
2017-12-14 04:00:00,0.0053
2017-12-14 05:00:00,0.0101
2017-12-14 06:00:00,0.017
2017-12-14 07:00:00,0.0311
2017-12-14 08:00:00,0.0414
2017-12-14 09:00:00,0.0491
2017-12-14 10:00:00,0.0393
2017-12-14 11:00:00,0.0462
2017-12-14 12:00:00,0.053
2017-12-14 13:00:00,0.0571
2017-12-14 14:00:00,0.057
2017-12-14 15:00:00,0.0632
2017-12-14 16:00:00,0.068
2017-12-14 17:00:00,0.0659
2017-12-14 18:00:00,0.0663
2017-12-14 19:00:00,0.0582
2017-12-14 20:00:00,0.0489
2017-12-14 21:00:00,0.0396
2017-12-14 22:00:00,0.0352
2017-12-14 23:00:00,0.0227
2017-12-15 00:00:00,0.015
2017-12-15 01:00:00,0.0089
2017-12-15 02:00:00,0.0062
2017-12-15 03:00:00,0.0052
2017-12-15 04:00:00,0.0049
2017-12-15 05:00:00,0.0098
2017-12-15 06:00:00,0.0165
2017-12-15 07:00:00,0.0311
2017-12-15 08:00:00,0.0407
2017-12-15 09:00:00,0.0492
2017-12-15 10:00:00,0.0439
2017-12-15 11:00:00,0.0433
2017-12-15 12:00:00,0.0514
2017-12-15 13:00:00,0.0568
2017-12-15 14:00:00,0.0634
2017-12-15 15:00:00,0.0652
2017-12-15 16:00:00,0.0665
2017-12-15 17:00:00,0.0676
2017-12-15 18:00:00,0.0692
2017-12-15 19:00:00,0.05
2017-12-15 20:00:00,0.0401
2017-12-15 21:00:00,0.0381
2017-12-15 22:00:00,0.034
2017-12-15 23:00:00,0.0241
2017-12-16 00:00:00,0.0168
2017-12-16 01:00:00,0.0095
2017-12-16 02:00:00,0.006
2017-12-16 03:00:00,0.0044
2017-12-16 04:00:00,0.0068
2017-12-16 05:00:00,0.0094
2017-12-16 06:00:00,0.0176
2017-12-16 07:00:00,0.0309
2017-12-16 08:00:00,0.0417
2017-12-16 09:00:00,0.0458
2017-12-16 10:00:00,0.0435
2017-12-16 11:00:00,0.0513
2017-12-16 12:00:00,0.0568
2017-12-16 13:00:00,0.0629
2017-12-16 14:00:00,0.061
2017-12-16 15:00:00,0.073
2017-12-16 16:00:00,0.0754
2017-12-16 17:00:00,0.0723
2017-12-16 18:00:00,0.0682
2017-12-16 19:00:00,0.0629
2017-12-16 20:00:00,0.0529
2017-12-16 21:00:00,0.0445
2017-12-16 22:00:00,0.0349
2017-12-16 23:00:00,0.0283
2017-12-17 00:00:00,0.0218
2017-12-17 01:00:00,0.0191
2017-12-17 02:00:00,0.0128
2017-12-17 03:00:00,0.0073
2017-12-17 04:00:00,0.0068
2017-12-17 05:00:00,0.007
2017-12-17 06:00:00,0.0103
2017-12-17 07:00:00,0.0167
2017-12-17 08:00:00,0.0278
2017-12-17 09:00:00,0.0341
2017-12-17 10:00:00,0.0403
2017-12-17 11:00:00,0.0463
2017-12-17 12:00:00,0.0518
2017-12-17 13:00:00,0.0589
2017-12-17 14:00:00,0.0569
2017-12-17 15:00:00,0.0543
2017-12-17 16:00:00,0.0572
2017-12-17 17:00:00,0.0555
2017-12-17 18:00:00,0.0547
2017-12-17 19:00:00,0.0492
2017-12-17 20:00:00,0.0403
2017-12-17 21:00:00,0.0347
2017-12-17 22:00:00,0.0352
2017-12-17 23:00:00,0.0304
2017-12-18 00:00:00,0.030155445544554457
2017-12-18 01:00:00,0.02991089108910891
2017-12-18 02:00:00,0.029666336633663366
2017-12-18 03:00:00,0.029421782178217823
2017-12-18 04:00:00,0.029177227722772276
2017-12-18 05:00:00,0.028932673267326733
2017-12-18 06:00:00,0.02868811881188119
2017-12-18 07:00:00,0.028443564356435642
2017-12-18 08:00:00,0.0281990099009901
2017-12-18 09:00:00,0.027954455445544556
2017-12-18 10:00:00,0.02770990099009901
2017-12-18 11:00:00,0.027465346534653465
2017-12-18 12:00:00,0.02722079207920792
2017-12-18 13:00:00,0.026976237623762375
2017-12-18 14:00:00,0.026731683168316832
2017-12-18 15:00:00,0.02648712871287129
2017-12-18 16:00:00,0.02624257425742574
2017-12-18 17:00:00,0.025998019801980198
2017-12-18 18:00:00,0.02575346534653465
2017-12-18 19:00:00,0.025508910891089108
2017-12-18 20:00:00,0.025264356435643565
2017-12-18 21:00:00,0.02501980198019802
2017-12-18 22:00:00,0.024775247524752474
2017-12-18 23:00:00,0.02453069306930693
2017-12-19 00:00:00,0.024286138613861384
2017-12-19 01:00:00,0.02404158415841584
2017-12-19 02:00:00,0.023797029702970297
2017-12-19 03:00:00,0.023552475247524754
2017-12-19 04:00:00,0.023307920792079207
2017-12-19 05:00:00,0.023063366336633664
2017-12-19 06:00:00,0.022818811881188117
2017-12-19 07:00:00,0.022574257425742573
2017-12-19 08:00:00,0.02232970297029703
2017-12-19 09:00:00,0.022085148514851487
2017-12-19 10:00:00,0.02184059405940594
2017-12-19 11:00:00,0.021596039603960393
2017-12-19 12:00:00,0.02135148514851485
2017-12-19 13:00:00,0.021106930693069306
2017-12-19 14:00:00,0.020862376237623763
2017-12-19 15:00:00,0.020617821782178216
2017-12-19 16:00:00,0.020373267326732673
2017-12-19 17:00:00,0.020128712871287126
2017-12-19 18:00:00,0.019884158415841582
2017-12-19 19:00:00,0.01963960396039604
2017-12-19 20:00:00,0.019395049504950496
2017-12-19 21:00:00,0.01915049504950495
2017-12-19 22:00:00,0.018905940594059405
2017-12-19 23:00:00,0.01866138613861386
2017-12-20 00:00:00,0.018416831683168315
2017-12-20 01:00:00,0.018172277227722772
2017-12-20 02:00:00,0.01792772277227723
2017-12-20 03:00:00,0.01768316831683168
2017-12-20 04:00:00,0.017438613861386138
2017-12-20 05:00:00,0.01719405940594059
2017-12-20 06:00:00,0.016949504950495048
2017-12-20 07:00:00,0.016704950495049505
2017-12-20 08:00:00,0.01646039603960396
2017-12-20 09:00:00,0.016215841584158414
2017-12-20 10:00:00,0.015971287128712867
2017-12-20 11:00:00,0.015726732673267324
2017-12-20 12:00:00,0.01548217821782178
2017-12-20 13:00:00,0.015237623762376236
2017-12-20 14:00:00,0.014993069306930692
2017-12-20 15:00:00,0.014748514851485147
2017-12-20 16:00:00,0.014503960396039604
2017-12-20 17:00:00,0.014259405940594057
2017-12-20 18:00:00,0.014014851485148513
2017-12-20 19:00:00,0.01377029702970297
2017-12-20 20:00:00,0.013525742574257423
2017-12-20 21:00:00,0.01328118811881188
2017-12-20 22:00:00,0.013036633663366336
2017-12-20 23:00:00,0.01279207920792079
2017-12-21 00:00:00,0.012547524752475246
2017-12-21 01:00:00,0.012302970297029703
2017-12-21 02:00:00,0.012058415841584156
2017-12-21 03:00:00,0.011813861386138613
2017-12-21 04:00:00,0.01156930693069307
2017-12-21 05:00:00,0.011324752475247522
2017-12-21 06:00:00,0.011080198019801979
2017-12-21 07:00:00,0.010835643564356432
2017-12-21 08:00:00,0.010591089108910889
2017-12-21 09:00:00,0.010346534653465345
2017-12-21 10:00:00,0.010101980198019798
2017-12-21 11:00:00,0.009857425742574255
2017-12-21 12:00:00,0.009612871287128712
2017-12-21 13:00:00,0.009368316831683165
2017-12-21 14:00:00,0.009123762376237621
2017-12-21 15:00:00,0.008879207920792078
2017-12-21 16:00:00,0.008634653465346531
2017-12-21 17:00:00,0.008390099009900988
2017-12-21 18:00:00,0.008145544554455444
2017-12-21 19:00:00,0.007900990099009898
2017-12-21 20:00:00,0.007656435643564354
2017-12-21 21:00:00,0.007411881188118811
2017-12-21 22:00:00,0.007167326732673264
2017-12-21 23:00:00,0.006922772277227721
2017-12-22 00:00:00,0.006678217821782177
2017-12-22 01:00:00,0.00643366336633663
2017-12-22 02:00:00,0.006189108910891087
2017-12-22 03:00:00,0.005944554455445544
2017-12-22 04:00:00,0.0057
2017-12-22 05:00:00,0.0102
2017-12-22 06:00:00,0.019
2017-12-22 07:00:00,0.0311
2017-12-22 08:00:00,0.0445
2017-12-22 09:00:00,0.0454
2017-12-22 10:00:00,0.0443
2017-12-22 11:00:00,0.0451
2017-12-22 12:00:00,0.0518
2017-12-22 13:00:00,0.0559
2017-12-22 14:00:00,0.057
2017-12-22 15:00:00,0.0713
2017-12-22 16:00:00,0.0704
2017-12-22 17:00:00,0.0684
2017-12-22 18:00:00,0.0683
2017-12-22 19:00:00,0.0596
2017-12-22 20:00:00,0.0522
2017-12-22 21:00:00,0.0431
2017-12-22 22:00:00,0.0329
2017-12-22 23:00:00,0.0226
2017-12-23 00:00:00,0.0147
2017-12-23 01:00:00,0.0123
2017-12-23 02:00:00,0.0063
2017-12-23 03:00:00,0.0047
2017-12-23 04:00:00,0.006
2017-12-23 05:00:00,0.0096
2017-12-23 06:00:00,0.0191
2017-12-23 07:00:00,0.0336
2017-12-23 08:00:00,0.0392
2017-12-23 09:00:00,0.0456
2017-12-23 10:00:00,0.0441
2017-12-23 11:00:00,0.0491
2017-12-23 12:00:00,0.0552
2017-12-23 13:00:00,0.0604
2017-12-23 14:00:00,0.0621
2017-12-23 15:00:00,0.0738
2017-12-23 16:00:00,0.0713
2017-12-23 17:00:00,0.0674
2017-12-23 18:00:00,0.0651
2017-12-23 19:00:00,0.0632
2017-12-23 20:00:00,0.0522
2017-12-23 21:00:00,0.0436
2017-12-23 22:00:00,0.0354
2017-12-23 23:00:00,0.0277
2017-12-24 00:00:00,0.0215
2017-12-24 01:00:00,0.0153
2017-12-24 02:00:00,0.0093
2017-12-24 03:00:00,0.0064
2017-12-24 04:00:00,0.0056
2017-12-24 05:00:00,0.0053
2017-12-24 06:00:00,0.0091
2017-12-24 07:00:00,0.017
2017-12-24 08:00:00,0.0266
2017-12-24 09:00:00,0.0353
2017-12-24 10:00:00,0.0425
2017-12-24 11:00:00,0.0466
2017-12-24 12:00:00,0.0496
2017-12-24 13:00:00,0.0516
2017-12-24 14:00:00,0.0532
2017-12-24 15:00:00,0.0525
2017-12-24 16:00:00,0.052
2017-12-24 17:00:00,0.0505
2017-12-24 18:00:00,0.052
2017-12-24 19:00:00,0.0458
2017-12-24 20:00:00,0.0385
2017-12-24 21:00:00,0.0352
2017-12-24 22:00:00,0.0342
2017-12-24 23:00:00,0.0288
2017-12-25 00:00:00,0.0234
2017-12-25 01:00:00,0.0154
2017-12-25 02:00:00,0.0095
2017-12-25 03:00:00,0.0055
2017-12-25 04:00:00,0.0042
2017-12-25 05:00:00,0.0037
2017-12-25 06:00:00,0.0055
2017-12-25 07:00:00,0.0096
2017-12-25 08:00:00,0.0184
2017-12-25 09:00:00,0.0234
2017-12-25 10:00:00,0.0306
2017-12-25 11:00:00,0.0369
2017-12-25 12:00:00,0.0428
2017-12-25 13:00:00,0.048
2017-12-25 14:00:00,0.0481
2017-12-25 15:00:00,0.0436
2017-12-25 16:00:00,0.0422
2017-12-25 17:00:00,0.0424
2017-12-25 18:00:00,0.0426
2017-12-25 19:00:00,0.0391
2017-12-25 20:00:00,0.0352
2017-12-25 21:00:00,0.0292
2017-12-25 22:00:00,0.026
2017-12-25 23:00:00,0.0214
2017-12-26 00:00:00,0.0143
2017-12-26 01:00:00,0.0093
2017-12-26 02:00:00,0.0043
2017-12-26 03:00:00,0.0042
2017-12-26 04:00:00,0.0053
2017-12-26 05:00:00,0.0088
2017-12-26 06:00:00,0.0108
2017-12-26 07:00:00,0.0163
2017-12-26 08:00:00,0.0335
2017-12-26 09:00:00,0.0424
2017-12-26 10:00:00,0.0407
2017-12-26 11:00:00,0.0431
2017-12-26 12:00:00,0.0516
2017-12-26 13:00:00,0.0526
2017-12-26 14:00:00,0.0532
2017-12-26 15:00:00,0.0524
2017-12-26 16:00:00,0.063
2017-12-26 17:00:00,0.0651
2017-12-26 18:00:00,0.0641
2017-12-26 19:00:00,0.054
2017-12-26 20:00:00,0.0452
2017-12-26 21:00:00,0.0336
2017-12-26 22:00:00,0.029
2017-12-26 23:00:00,0.0203
2017-12-27 00:00:00,0.0137
2017-12-27 01:00:00,0.0083
2017-12-27 02:00:00,0.0057
2017-12-27 03:00:00,0.0046
2017-12-27 04:00:00,0.006
2017-12-27 05:00:00,0.0086
2017-12-27 06:00:00,0.0189
2017-12-27 07:00:00,0.0316
2017-12-27 08:00:00,0.0403
2017-12-27 09:00:00,0.0453
2017-12-27 10:00:00,0.0438
2017-12-27 11:00:00,0.0401
2017-12-27 12:00:00,0.0504
2017-12-27 13:00:00,0.0553
2017-12-27 14:00:00,0.0541
2017-12-27 15:00:00,0.0652
2017-12-27 16:00:00,0.0657
2017-12-27 17:00:00,0.0641
2017-12-27 18:00:00,0.0674
2017-12-27 19:00:00,0.0555
2017-12-27 20:00:00,0.0496
2017-12-27 21:00:00,0.0424
2017-12-27 22:00:00,0.0318
2017-12-27 23:00:00,0.0231
2017-12-28 00:00:00,0.0141
2017-12-28 01:00:00,0.0103
2017-12-28 02:00:00,0.0066
2017-12-28 03:00:00,0.0055
2017-12-28 04:00:00,0.0067
2017-12-28 05:00:00,0.0109
2017-12-28 06:00:00,0.0211
2017-12-28 07:00:00,0.0297
2017-12-28 08:00:00,0.0411
2017-12-28 09:00:00,0.0475
2017-12-28 10:00:00,0.0415
2017-12-28 11:00:00,0.0438
2017-12-28 12:00:00,0.0532
2017-12-28 13:00:00,0.0545
2017-12-28 14:00:00,0.0576
2017-12-28 15:00:00,0.0633
2017-12-28 16:00:00,0.0661
2017-12-28 17:00:00,0.0654
2017-12-28 18:00:00,0.0687
2017-12-28 19:00:00,0.06
2017-12-28 20:00:00,0.051
2017-12-28 21:00:00,0.0397
2017-12-28 22:00:00,0.0335
2017-12-28 23:00:00,0.0238
2017-12-29 00:00:00,0.0149
2017-12-29 01:00:00,0.0108
2017-12-29 02:00:00,0.0064
2017-12-29 03:00:00,0.0043
2017-12-29 04:00:00,0.0057
2017-12-29 05:00:00,0.0101
2017-12-29 06:00:00,0.0208
2017-12-29 07:00:00,0.0299
2017-12-29 08:00:00,0.0409
2017-12-29 09:00:00,0.0461
2017-12-29 10:00:00,0.0432
2017-12-29 11:00:00,0.0432
2017-12-29 12:00:00,0.0499
2017-12-29 13:00:00,0.0581
2017-12-29 14:00:00,0.0577
2017-12-29 15:00:00,0.0712
2017-12-29 16:00:00,0.0724
2017-12-29 17:00:00,0.0664
2017-12-29 18:00:00,0.0688
2017-12-29 19:00:00,0.0597
2017-12-29 20:00:00,0.0507
2017-12-29 21:00:00,0.0416
2017-12-29 22:00:00,0.0352
2017-12-29 23:00:00,0.0238
2017-12-30 00:00:00,0.0186
2017-12-30 01:00:00,0.0129
2017-12-30 02:00:00,0.0068
2017-12-30 03:00:00,0.0062
2017-12-30 04:00:00,0.0071
2017-12-30 05:00:00,0.007425742574257426
2017-12-30 06:00:00,0.007751485148514852
2017-12-30 07:00:00,0.008077227722772277
2017-12-30 08:00:00,0.008402970297029704
2017-12-30 09:00:00,0.008728712871287129
2017-12-30 10:00:00,0.009054455445544556
2017-12-30 11:00:00,0.00938019801980198
2017-12-30 12:00:00,0.009705940594059406
2017-12-30 13:00:00,0.010031683168316832
2017-12-30 14:00:00,0.010357425742574259
2017-12-30 15:00:00,0.010683168316831684
2017-12-30 16:00:00,0.011008910891089109
2017-12-30 17:00:00,0.011334653465346536
2017-12-30 18:00:00,0.01166039603960396
2017-12-30 19:00:00,0.011986138613861386
2017-12-30 20:00:00,0.012311881188118812
2017-12-30 21:00:00,0.01263762376237624
2017-12-30 22:00:00,0.012963366336633664
2017-12-30 23:00:00,0.013289108910891089
2017-12-31 00:00:00,0.013614851485148516
2017-12-31 01:00:00,0.01394059405940594
2017-12-31 02:00:00,0.014266336633663366
2017-12-31 03:00:00,0.014592079207920793
2017-12-31 04:00:00,0.014917821782178218
2017-12-31 05:00:00,0.015243564356435644
2017-12-31 06:00:00,0.01556930693069307
2017-12-31 07:00:00,0.015895049504950496
2017-12-31 08:00:00,0.016220792079207923
2017-12-31 09:00:00,0.016546534653465346
2017-12-31 10:00:00,0.016872277227722773
2017-12-31 11:00:00,0.0171980198019802
2017-12-31 12:00:00,0.017523762376237623
2017-12-31 13:00:00,0.01784950495049505
2017-12-31 14:00:00,0.018175247524752476
2017-12-31 15:00:00,0.0185009900990099
2017-12-31 16:00:00,0.01882673267326733
2017-12-31 17:00:00,0.019152475247524753
2017-12-31 18:00:00,0.01947821782178218
2017-12-31 19:00:00,0.019803960396039606
2017-12-31 20:00:00,0.02012970297029703
2017-12-31 21:00:00,0.020455445544554456
2017-12-31 22:00:00,0.020781188118811883
2017-12-31 23:00:00,0.021106930693069306
2018-01-01 00:00:00,0.021432673267326733
2018-01-01 01:00:00,0.02175841584158416
2018-01-01 02:00:00,0.022084158415841583
2018-01-01 03:00:00,0.022409900990099013
2018-01-01 04:00:00,0.022735643564356436
2018-01-01 05:00:00,0.02306138613861386
2018-01-01 06:00:00,0.02338712871287129
2018-01-01 07:00:00,0.023712871287128713
2018-01-01 08:00:00,0.024038613861386136
2018-01-01 09:00:00,0.024364356435643567
2018-01-01 10:00:00,0.02469009900990099
2018-01-01 11:00:00,0.02501584158415842
2018-01-01 12:00:00,0.025341584158415843
2018-01-01 13:00:00,0.025667326732673267
2018-01-01 14:00:00,0.025993069306930697
2018-01-01 15:00:00,0.02631881188118812
2018-01-01 16:00:00,0.026644554455445543
2018-01-01 17:00:00,0.026970297029702973
2018-01-01 18:00:00,0.027296039603960397
2018-01-01 19:00:00,0.02762178217821782
2018-01-01 20:00:00,0.02794752475247525
2018-01-01 21:00:00,0.028273267326732673
2018-01-01 22:00:00,0.028599009900990097
2018-01-01 23:00:00,0.028924752475247527
2018-01-02 00:00:00,0.02925049504950495
2018-01-02 01:00:00,0.02957623762376238
2018-01-02 02:00:00,0.029901980198019804
2018-01-02 03:00:00,0.030227722772277227
2018-01-02 04:00:00,0.030553465346534657
2018-01-02 05:00:00,0.03087920792079208
2018-01-02 06:00:00,0.031204950495049504
2018-01-02 07:00:00,0.031530693069306934
2018-01-02 08:00:00,0.03185643564356436
2018-01-02 09:00:00,0.03218217821782178
2018-01-02 10:00:00,0.03250792079207921
2018-01-02 11:00:00,0.032833663366336634
2018-01-02 12:00:00,0.033159405940594064
2018-01-02 13:00:00,0.03348514851485149
2018-01-02 14:00:00,0.03381089108910891
2018-01-02 15:00:00,0.03413663366336634
2018-01-02 16:00:00,0.034462376237623764
2018-01-02 17:00:00,0.03478811881188119
2018-01-02 18:00:00,0.03511386138613862
2018-01-02 19:00:00,0.03543960396039604
2018-01-02 20:00:00,0.035765346534653464
2018-01-02 21:00:00,0.036091089108910894
2018-01-02 22:00:00,0.03641683168316832
2018-01-02 23:00:00,0.03674257425742574
2018-01-03 00:00:00,0.03706831683168317
2018-01-03 01:00:00,0.037394059405940594
2018-01-03 02:00:00,0.037719801980198024
2018-01-03 03:00:00,0.03804554455445545
2018-01-03 04:00:00,0.03837128712871287
2018-01-03 05:00:00,0.0386970297029703
2018-01-03 06:00:00,0.039022772277227724
2018-01-03 07:00:00,0.039348514851485154
2018-01-03 08:00:00,0.03967425742574258
2018-01-03 09:00:00,0.04
2018-01-03 10:00:00,0.0425
2018-01-03 11:00:00,0.0424
2018-01-03 12:00:00,0.0503
2018-01-03 13:00:00,0.0539
2018-01-03 14:00:00,0.0562
2018-01-03 15:00:00,0.0677
2018-01-03 16:00:00,0.073
2018-01-03 17:00:00,0.067
2018-01-03 18:00:00,0.0691
2018-01-03 19:00:00,0.0592
2018-01-03 20:00:00,0.045
2018-01-03 21:00:00,0.0353
2018-01-03 22:00:00,0.0278
2018-01-03 23:00:00,0.0183
2018-01-04 00:00:00,0.0082
2018-01-04 01:00:00,0.0071
2018-01-04 02:00:00,0.0058
2018-01-04 03:00:00,0.0039
2018-01-04 04:00:00,0.0056
2018-01-04 05:00:00,0.0108
2018-01-04 06:00:00,0.0167
2018-01-04 07:00:00,0.0314
2018-01-04 08:00:00,0.0382
2018-01-04 09:00:00,0.0453
2018-01-04 10:00:00,0.0442
2018-01-04 11:00:00,0.0441
2018-01-04 12:00:00,0.0529
2018-01-04 13:00:00,0.0545
2018-01-04 14:00:00,0.0544
2018-01-04 15:00:00,0.0652
2018-01-04 16:00:00,0.0648
2018-01-04 17:00:00,0.0704
2018-01-04 18:00:00,0.0696
2018-01-04 19:00:00,0.057
2018-01-04 20:00:00,0.0507
2018-01-04 21:00:00,0.0396
2018-01-04 22:00:00,0.0314
2018-01-04 23:00:00,0.0202
2018-01-05 00:00:00,0.0181
2018-01-05 01:00:00,0.01
2018-01-05 02:00:00,0.006
2018-01-05 03:00:00,0.0044
2018-01-05 04:00:00,0.0045
2018-01-05 05:00:00,0.0095
2018-01-05 06:00:00,0.0178
2018-01-05 07:00:00,0.0297
2018-01-05 08:00:00,0.04
2018-01-05 09:00:00,0.0433
2018-01-05 10:00:00,0.0441
2018-01-05 11:00:00,0.0435
2018-01-05 12:00:00,0.052
2018-01-05 13:00:00,0.0567
2018-01-05 14:00:00,0.0598
2018-01-05 15:00:00,0.0689
2018-01-05 16:00:00,0.0703
2018-01-05 17:00:00,0.0667
2018-01-05 18:00:00,0.0686
2018-01-05 19:00:00,0.0609
2018-01-05 20:00:00,0.051
2018-01-05 21:00:00,0.0408
2018-01-05 22:00:00,0.0343
2018-01-05 23:00:00,0.0225
2018-01-06 00:00:00,0.0136
2018-01-06 01:00:00,0.0097
2018-01-06 02:00:00,0.0067
2018-01-06 03:00:00,0.0047
2018-01-06 04:00:00,0.0063
2018-01-06 05:00:00,0.0092
2018-01-06 06:00:00,0.0196
2018-01-06 07:00:00,0.0311
2018-01-06 08:00:00,0.038
2018-01-06 09:00:00,0.0415
2018-01-06 10:00:00,0.0464
2018-01-06 11:00:00,0.0469
2018-01-06 12:00:00,0.0548
2018-01-06 13:00:00,0.0627
2018-01-06 14:00:00,0.0587
2018-01-06 15:00:00,0.076
2018-01-06 16:00:00,0.0704
2018-01-06 17:00:00,0.0675
2018-01-06 18:00:00,0.0673
2018-01-06 19:00:00,0.0616
2018-01-06 20:00:00,0.0515
2018-01-06 21:00:00,0.0424
2018-01-06 22:00:00,0.0339
2018-01-06 23:00:00,0.0267
2018-01-07 00:00:00,0.0206
2018-01-07 01:00:00,0.0129
2018-01-07 02:00:00,0.009
2018-01-07 03:00:00,0.0053
2018-01-07 04:00:00,0.0056
2018-01-07 05:00:00,0.0061
2018-01-07 06:00:00,0.0091
2018-01-07 07:00:00,0.0155
2018-01-07 08:00:00,0.024
2018-01-07 09:00:00,0.0317
2018-01-07 10:00:00,0.0368
2018-01-07 11:00:00,0.0449
2018-01-07 12:00:00,0.0498
2018-01-07 13:00:00,0.0559
2018-01-07 14:00:00,0.0573
2018-01-07 15:00:00,0.0567
2018-01-07 16:00:00,0.0569
2018-01-07 17:00:00,0.0573
2018-01-07 18:00:00,0.0491
2018-01-07 19:00:00,0.0489
2018-01-07 20:00:00,0.0385
2018-01-07 21:00:00,0.0335
2018-01-07 22:00:00,0.0315
2018-01-07 23:00:00,0.0278
2018-01-08 00:00:00,0.0235
2018-01-08 01:00:00,0.0147
2018-01-08 02:00:00,0.0079
2018-01-08 03:00:00,0.0058
2018-01-08 04:00:00,0.0052
2018-01-08 05:00:00,0.0041
2018-01-08 06:00:00,0.0057
2018-01-08 07:00:00,0.0088
2018-01-08 08:00:00,0.0145
2018-01-08 09:00:00,0.0204
2018-01-08 10:00:00,0.0295
2018-01-08 11:00:00,0.0357
2018-01-08 12:00:00,0.0445
2018-01-08 13:00:00,0.0478
2018-01-08 14:00:00,0.0504
2018-01-08 15:00:00,0.0466
2018-01-08 16:00:00,0.0476
2018-01-08 17:00:00,0.0468
2018-01-08 18:00:00,0.0426
2018-01-08 19:00:00,0.0399
2018-01-08 20:00:00,0.0319
2018-01-08 21:00:00,0.0284
2018-01-08 22:00:00,0.0257
2018-01-08 23:00:00,0.0193
2018-01-09 00:00:00,0.0132
2018-01-09 01:00:00,0.0081
2018-01-09 02:00:00,0.0043
2018-01-09 03:00:00,0.0039
2018-01-09 04:00:00,0.0049
2018-01-09 05:00:00,0.0096
2018-01-09 06:00:00,0.0191
2018-01-09 07:00:00,0.0289
2018-01-09 08:00:00,0.0364
2018-01-09 09:00:00,0.0442
2018-01-09 10:00:00,0.0454
2018-01-09 11:00:00,0.0423
2018-01-09 12:00:00,0.0501
2018-01-09 13:00:00,0.0528
2018-01-09 14:00:00,0.0545
2018-01-09 15:00:00,0.0637
2018-01-09 16:00:00,0.065
2018-01-09 17:00:00,0.0646
2018-01-09 18:00:00,0.0678
2018-01-09 19:00:00,0.0585
2018-01-09 20:00:00,0.044
2018-01-09 21:00:00,0.0335
2018-01-09 22:00:00,0.0281
2018-01-09 23:00:00,0.027876237623762377
2018-01-10 00:00:00,0.027652475247524753
2018-01-10 01:00:00,0.02742871287128713
2018-01-10 02:00:00,0.027204950495049503
2018-01-10 03:00:00,0.02698118811881188
2018-01-10 04:00:00,0.026757425742574257
2018-01-10 05:00:00,0.026533663366336634
2018-01-10 06:00:00,0.02630990099009901
2018-01-10 07:00:00,0.026086138613861387
2018-01-10 08:00:00,0.02586237623762376
2018-01-10 09:00:00,0.025638613861386137
2018-01-10 10:00:00,0.025414851485148514
2018-01-10 11:00:00,0.02519108910891089
2018-01-10 12:00:00,0.024967326732673267
2018-01-10 13:00:00,0.024743564356435644
2018-01-10 14:00:00,0.02451980198019802
2018-01-10 15:00:00,0.024296039603960394
2018-01-10 16:00:00,0.02407227722772277
2018-01-10 17:00:00,0.023848514851485147
2018-01-10 18:00:00,0.023624752475247524
2018-01-10 19:00:00,0.0234009900990099
2018-01-10 20:00:00,0.023177227722772278
2018-01-10 21:00:00,0.022953465346534654
2018-01-10 22:00:00,0.022729702970297028
2018-01-10 23:00:00,0.022505940594059404
2018-01-11 00:00:00,0.02228217821782178
2018-01-11 01:00:00,0.022058415841584158
2018-01-11 02:00:00,0.021834653465346535
2018-01-11 03:00:00,0.02161089108910891
2018-01-11 04:00:00,0.021387128712871288
2018-01-11 05:00:00,0.02116336633663366
2018-01-11 06:00:00,0.020939603960396038
2018-01-11 07:00:00,0.020715841584158415
2018-01-11 08:00:00,0.02049207920792079
2018-01-11 09:00:00,0.02026831683168317
2018-01-11 10:00:00,0.02004455445544554
2018-01-11 11:00:00,0.019820792079207922
2018-01-11 12:00:00,0.019597029702970295
2018-01-11 13:00:00,0.019373267326732672
2018-01-11 14:00:00,0.01914950495049505
2018-01-11 15:00:00,0.018925742574257425
2018-01-11 16:00:00,0.018701980198019802
2018-01-11 17:00:00,0.018478217821782175
2018-01-11 18:00:00,0.018254455445544555
2018-01-11 19:00:00,0.01803069306930693
2018-01-11 20:00:00,0.017806930693069305
2018-01-11 21:00:00,0.017583168316831682
2018-01-11 22:00:00,0.01735940594059406
2018-01-11 23:00:00,0.017135643564356436
2018-01-12 00:00:00,0.01691188118811881
2018-01-12 01:00:00,0.01668811881188119
2018-01-12 02:00:00,0.016464356435643562
2018-01-12 03:00:00,0.01624059405940594
2018-01-12 04:00:00,0.016016831683168316
2018-01-12 05:00:00,0.015793069306930693
2018-01-12 06:00:00,0.015569306930693068
2018-01-12 07:00:00,0.015345544554455444
2018-01-12 08:00:00,0.015121782178217821
2018-01-12 09:00:00,0.014898019801980196
2018-01-12 10:00:00,0.014674257425742573
2018-01-12 11:00:00,0.01445049504950495
2018-01-12 12:00:00,0.014226732673267326
2018-01-12 13:00:00,0.014002970297029701
2018-01-12 14:00:00,0.013779207920792078
2018-01-12 15:00:00,0.013555445544554455
2018-01-12 16:00:00,0.01333168316831683
2018-01-12 17:00:00,0.013107920792079206
2018-01-12 18:00:00,0.012884158415841583
2018-01-12 19:00:00,0.01266039603960396
2018-01-12 20:00:00,0.012436633663366337
2018-01-12 21:00:00,0.01221287128712871
2018-01-12 22:00:00,0.011989108910891087
2018-01-12 23:00:00,0.011765346534653463
2018-01-13 00:00:00,0.01154158415841584
2018-01-13 01:00:00,0.011317821782178217
2018-01-13 02:00:00,0.011094059405940594
2018-01-13 03:00:00,0.01087029702970297
2018-01-13 04:00:00,0.010646534653465344
2018-01-13 05:00:00,0.01042277227722772
2018-01-13 06:00:00,0.010199009900990097
2018-01-13 07:00:00,0.009975247524752474
2018-01-13 08:00:00,0.00975148514851485
2018-01-13 09:00:00,0.009527722772277227
2018-01-13 10:00:00,0.009303960396039604
2018-01-13 11:00:00,0.009080198019801977
2018-01-13 12:00:00,0.008856435643564354
2018-01-13 13:00:00,0.00863267326732673
2018-01-13 14:00:00,0.008408910891089107
2018-01-13 15:00:00,0.008185148514851484
2018-01-13 16:00:00,0.00796138613861386
2018-01-13 17:00:00,0.007737623762376234
2018-01-13 18:00:00,0.007513861386138611
2018-01-13 19:00:00,0.0072900990099009876
2018-01-13 20:00:00,0.007066336633663364
2018-01-13 21:00:00,0.006842574257425741
2018-01-13 22:00:00,0.006618811881188118
2018-01-13 23:00:00,0.0063950495049504945
2018-01-14 00:00:00,0.006171287128712868
2018-01-14 01:00:00,0.0059475247524752445
2018-01-14 02:00:00,0.005723762376237621
2018-01-14 03:00:00,0.0055
2018-01-14 04:00:00,0.0049
2018-01-14 05:00:00,0.0059
2018-01-14 06:00:00,0.0079
2018-01-14 07:00:00,0.0172
2018-01-14 08:00:00,0.0286
2018-01-14 09:00:00,0.037
2018-01-14 10:00:00,0.039
2018-01-14 11:00:00,0.0428
2018-01-14 12:00:00,0.0501
2018-01-14 13:00:00,0.0541
2018-01-14 14:00:00,0.0533
2018-01-14 15:00:00,0.0536
2018-01-14 16:00:00,0.0538
2018-01-14 17:00:00,0.0517
2018-01-14 18:00:00,0.052
2018-01-14 19:00:00,0.0539
2018-01-14 20:00:00,0.0415
2018-01-14 21:00:00,0.0353
2018-01-14 22:00:00,0.0345
2018-01-14 23:00:00,0.0276
2018-01-15 00:00:00,0.0239
2018-01-15 01:00:00,0.0148
2018-01-15 02:00:00,0.0091
2018-01-15 03:00:00,0.0057
2018-01-15 04:00:00,0.0053
2018-01-15 05:00:00,0.0041
2018-01-15 06:00:00,0.0055
2018-01-15 07:00:00,0.0092
2018-01-15 08:00:00,0.0156
2018-01-15 09:00:00,0.0226
2018-01-15 10:00:00,0.03
2018-01-15 11:00:00,0.0377
2018-01-15 12:00:00,0.0435
2018-01-15 13:00:00,0.0501
2018-01-15 14:00:00,0.0496
2018-01-15 15:00:00,0.0466
2018-01-15 16:00:00,0.0464
2018-01-15 17:00:00,0.0451
2018-01-15 18:00:00,0.0446
2018-01-15 19:00:00,0.0391
2018-01-15 20:00:00,0.0352
2018-01-15 21:00:00,0.0311
2018-01-15 22:00:00,0.0272
2018-01-15 23:00:00,0.0192
2018-01-16 00:00:00,0.0126
2018-01-16 01:00:00,0.0085
2018-01-16 02:00:00,0.0044
2018-01-16 03:00:00,0.0038
2018-01-16 04:00:00,0.0053
2018-01-16 05:00:00,0.0105
2018-01-16 06:00:00,0.0172
2018-01-16 07:00:00,0.0306
2018-01-16 08:00:00,0.0389
2018-01-16 09:00:00,0.0474
2018-01-16 10:00:00,0.0403
2018-01-16 11:00:00,0.0408
2018-01-16 12:00:00,0.0493
2018-01-16 13:00:00,0.052
2018-01-16 14:00:00,0.0549
2018-01-16 15:00:00,0.0613
2018-01-16 16:00:00,0.0677
2018-01-16 17:00:00,0.0648
2018-01-16 18:00:00,0.0669
2018-01-16 19:00:00,0.0598
2018-01-16 20:00:00,0.0455
2018-01-16 21:00:00,0.0348
2018-01-16 22:00:00,0.0276
2018-01-16 23:00:00,0.0192
2018-01-17 00:00:00,0.014
2018-01-17 01:00:00,0.0093
2018-01-17 02:00:00,0.0045
2018-01-17 03:00:00,0.0044
2018-01-17 04:00:00,0.0061
2018-01-17 05:00:00,0.0101
2018-01-17 06:00:00,0.0176
2018-01-17 07:00:00,0.0294
2018-01-17 08:00:00,0.0411
2018-01-17 09:00:00,0.0453
2018-01-17 10:00:00,0.0401
2018-01-17 11:00:00,0.0436
2018-01-17 12:00:00,0.0499
2018-01-17 13:00:00,0.0555
2018-01-17 14:00:00,0.0574
2018-01-17 15:00:00,0.0644
2018-01-17 16:00:00,0.0671
2018-01-17 17:00:00,0.0669
2018-01-17 18:00:00,0.0686
2018-01-17 19:00:00,0.0591
2018-01-17 20:00:00,0.0487
2018-01-17 21:00:00,0.0391
2018-01-17 22:00:00,0.033
2018-01-17 23:00:00,0.0223
2018-01-18 00:00:00,0.0158
2018-01-18 01:00:00,0.0102
2018-01-18 02:00:00,0.0063
2018-01-18 03:00:00,0.0053
2018-01-18 04:00:00,0.0056
2018-01-18 05:00:00,0.0111
2018-01-18 06:00:00,0.0173
2018-01-18 07:00:00,0.0315
2018-01-18 08:00:00,0.04
2018-01-18 09:00:00,0.0452
2018-01-18 10:00:00,0.0451
2018-01-18 11:00:00,0.0434
2018-01-18 12:00:00,0.0515
2018-01-18 13:00:00,0.056
2018-01-18 14:00:00,0.0549
2018-01-18 15:00:00,0.0673
2018-01-18 16:00:00,0.0685
2018-01-18 17:00:00,0.0692
2018-01-18 18:00:00,0.0709
2018-01-18 19:00:00,0.0603
2018-01-18 20:00:00,0.0514
2018-01-18 21:00:00,0.0401
2018-01-18 22:00:00,0.0378
2018-01-18 23:00:00,0.0212
2018-01-19 00:00:00,0.0163
2018-01-19 01:00:00,0.0102
2018-01-19 02:00:00,0.0064
2018-01-19 03:00:00,0.0049
2018-01-19 04:00:00,0.0062
2018-01-19 05:00:00,0.0116
2018-01-19 06:00:00,0.0197
2018-01-19 07:00:00,0.0309
2018-01-19 08:00:00,0.0399
2018-01-19 09:00:00,0.0453
2018-01-19 10:00:00,0.0458
2018-01-19 11:00:00,0.046
2018-01-19 12:00:00,0.0513
2018-01-19 13:00:00,0.0553
2018-01-19 14:00:00,0.0582
2018-01-19 15:00:00,0.0643
2018-01-19 16:00:00,0.0698
2018-01-19 17:00:00,0.0708
2018-01-19 18:00:00,0.0711
2018-01-19 19:00:00,0.0618
2018-01-19 20:00:00,0.05
2018-01-19 21:00:00,0.0399
2018-01-19 22:00:00,0.0348
2018-01-19 23:00:00,0.025
2018-01-20 00:00:00,0.0156
2018-01-20 01:00:00,0.0108
2018-01-20 02:00:00,0.0074
2018-01-20 03:00:00,0.0051
2018-01-20 04:00:00,0.0058
2018-01-20 05:00:00,0.01
2018-01-20 06:00:00,0.0191
2018-01-20 07:00:00,0.0324
2018-01-20 08:00:00,0.0386
2018-01-20 09:00:00,0.0436
2018-01-20 10:00:00,0.044
2018-01-20 11:00:00,0.0478
2018-01-20 12:00:00,0.0562
2018-01-20 13:00:00,0.0603
2018-01-20 14:00:00,0.0615
2018-01-20 15:00:00,0.0705
2018-01-20 16:00:00,0.0703
2018-01-20 17:00:00,0.0702
2018-01-20 18:00:00,0.0708
2018-01-20 19:00:00,0.0643
2018-01-20 20:00:00,0.0527
2018-01-20 21:00:00,0.0423
2018-01-20 22:00:00,0.0376
2018-01-20 23:00:00,0.0304
2018-01-21 00:00:00,0.0213
2018-01-21 01:00:00,0.0151
2018-01-21 02:00:00,0.0094
2018-01-21 03:00:00,0.0059
2018-01-21 04:00:00,0.0061
2018-01-21 05:00:00,0.0066
2018-01-21 06:00:00,0.0098
2018-01-21 07:00:00,0.015
2018-01-21 08:00:00,0.0223
2018-01-21 09:00:00,0.0309
2018-01-21 10:00:00,0.0384
2018-01-21 11:00:00,0.0432
2018-01-21 12:00:00,0.05
2018-01-21 13:00:00,0.054
2018-01-21 14:00:00,0.0541
2018-01-21 15:00:00,0.0535
2018-01-21 16:00:00,0.0533
2018-01-21 17:00:00,0.0537
2018-01-21 18:00:00,0.0353
2018-01-21 19:00:00,0.0271
2018-01-21 20:00:00,0.0197
2018-01-21 21:00:00,0.0203
2018-01-21 22:00:00,0.0196
2018-01-21 23:00:00,0.0175
2018-01-22 00:00:00,0.0131
2018-01-22 01:00:00,0.0102
2018-01-22 02:00:00,0.0059
2018-01-22 03:00:00,0.0032
2018-01-22 04:00:00,0.0042
2018-01-22 05:00:00,0.004
2018-01-22 06:00:00,0.0062
2018-01-22 07:00:00,0.0082
2018-01-22 08:00:00,0.0146
2018-01-22 09:00:00,0.0236
2018-01-22 10:00:00,0.0284
2018-01-22 11:00:00,0.035
2018-01-22 12:00:00,0.0428
2018-01-22 13:00:00,0.0449
2018-01-22 14:00:00,0.0464
2018-01-22 15:00:00,0.0421
2018-01-22 16:00:00,0.0444
2018-01-22 17:00:00,0.0433
2018-01-22 18:00:00,0.041
2018-01-22 19:00:00,0.0376
2018-01-22 20:00:00,0.0328
2018-01-22 21:00:00,0.0308
2018-01-22 22:00:00,0.0272
2018-01-22 23:00:00,0.0194
2018-01-23 00:00:00,0.0144
2018-01-23 01:00:00,0.0081
2018-01-23 02:00:00,0.0054
2018-01-23 03:00:00,0.0053
2018-01-23 04:00:00,0.0063
2018-01-23 05:00:00,0.0089
2018-01-23 06:00:00,0.0185
2018-01-23 07:00:00,0.0266
2018-01-23 08:00:00,0.0397
2018-01-23 09:00:00,0.0423
2018-01-23 10:00:00,0.0392
2018-01-23 11:00:00,0.0442
2018-01-23 12:00:00,0.0484
2018-01-23 13:00:00,0.053
2018-01-23 14:00:00,0.0529
2018-01-23 15:00:00,0.0598
2018-01-23 16:00:00,0.0657
2018-01-23 17:00:00,0.0675
2018-01-23 18:00:00,0.0665
2018-01-23 19:00:00,0.0508
2018-01-23 20:00:00,0.0503
2018-01-23 21:00:00,0.0335
2018-01-23 22:00:00,0.0304
2018-01-23 23:00:00,0.0192
2018-01-24 00:00:00,0.0141
2018-01-24 01:00:00,0.0097
2018-01-24 02:00:00,0.0056
2018-01-24 03:00:00,0.0046
2018-01-24 04:00:00,0.0071
2018-01-24 05:00:00,0.0096
2018-01-24 06:00:00,0.0193
2018-01-24 07:00:00,0.0291
2018-01-24 08:00:00,0.0398
2018-01-24 09:00:00,0.0418
2018-01-24 10:00:00,0.0408
2018-01-24 11:00:00,0.0442
2018-01-24 12:00:00,0.0525
2018-01-24 13:00:00,0.056
2018-01-24 14:00:00,0.0582
2018-01-24 15:00:00,0.0647
2018-01-24 16:00:00,0.0692
2018-01-24 17:00:00,0.0704
2018-01-24 18:00:00,0.0666
2018-01-24 19:00:00,0.0601
2018-01-24 20:00:00,0.0467
2018-01-24 21:00:00,0.0414
2018-01-24 22:00:00,0.0318
2018-01-24 23:00:00,0.0236
2018-01-25 00:00:00,0.0152
2018-01-25 01:00:00,0.0106
2018-01-25 02:00:00,0.0072
2018-01-25 03:00:00,0.0059
2018-01-25 04:00:00,0.005978217821782178
2018-01-25 05:00:00,0.006056435643564356
2018-01-25 06:00:00,0.006134653465346534
2018-01-25 07:00:00,0.006212871287128713
2018-01-25 08:00:00,0.006291089108910891
2018-01-25 09:00:00,0.006369306930693069
2018-01-25 10:00:00,0.0064475247524752475
2018-01-25 11:00:00,0.006525742574257426
2018-01-25 12:00:00,0.006603960396039604
2018-01-25 13:00:00,0.006682178217821782
2018-01-25 14:00:00,0.00676039603960396
2018-01-25 15:00:00,0.006838613861386138
2018-01-25 16:00:00,0.006916831683168317
2018-01-25 17:00:00,0.006995049504950495
2018-01-25 18:00:00,0.007073267326732673
2018-01-25 19:00:00,0.007151485148514851
2018-01-25 20:00:00,0.0072297029702970295
2018-01-25 21:00:00,0.007307920792079208
2018-01-25 22:00:00,0.007386138613861386
2018-01-25 23:00:00,0.007464356435643565
2018-01-26 00:00:00,0.007542574257425742
2018-01-26 01:00:00,0.007620792079207921
2018-01-26 02:00:00,0.007699009900990099
2018-01-26 03:00:00,0.007777227722772277
2018-01-26 04:00:00,0.007855445544554456
2018-01-26 05:00:00,0.007933663366336633
2018-01-26 06:00:00,0.008011881188118812
2018-01-26 07:00:00,0.00809009900990099
2018-01-26 08:00:00,0.008168316831683169
2018-01-26 09:00:00,0.008246534653465348
2018-01-26 10:00:00,0.008324752475247525
2018-01-26 11:00:00,0.008402970297029702
2018-01-26 12:00:00,0.008481188118811881
2018-01-26 13:00:00,0.00855940594059406
2018-01-26 14:00:00,0.008637623762376237
2018-01-26 15:00:00,0.008715841584158416
2018-01-26 16:00:00,0.008794059405940594
2018-01-26 17:00:00,0.008872277227722773
2018-01-26 18:00:00,0.008950495049504952
2018-01-26 19:00:00,0.009028712871287129
2018-01-26 20:00:00,0.009106930693069306
2018-01-26 21:00:00,0.009185148514851485
2018-01-26 22:00:00,0.009263366336633664
2018-01-26 23:00:00,0.009341584158415841
2018-01-27 00:00:00,0.00941980198019802
2018-01-27 01:00:00,0.009498019801980197
2018-01-27 02:00:00,0.009576237623762376
2018-01-27 03:00:00,0.009654455445544555
2018-01-27 04:00:00,0.009732673267326733
2018-01-27 05:00:00,0.00981089108910891
2018-01-27 06:00:00,0.009889108910891089
2018-01-27 07:00:00,0.009967326732673268
2018-01-27 08:00:00,0.010045544554455447
2018-01-27 09:00:00,0.010123762376237624
2018-01-27 10:00:00,0.010201980198019801
2018-01-27 11:00:00,0.01028019801980198
2018-01-27 12:00:00,0.01035841584158416
2018-01-27 13:00:00,0.010436633663366337
2018-01-27 14:00:00,0.010514851485148514
2018-01-27 15:00:00,0.010593069306930693
2018-01-27 16:00:00,0.010671287128712872
2018-01-27 17:00:00,0.01074950495049505
2018-01-27 18:00:00,0.010827722772277228
2018-01-27 19:00:00,0.010905940594059405
2018-01-27 20:00:00,0.010984158415841584
2018-01-27 21:00:00,0.011062376237623763
2018-01-27 22:00:00,0.01114059405940594
2018-01-27 23:00:00,0.011218811881188118
2018-01-28 00:00:00,0.011297029702970297
2018-01-28 01:00:00,0.011375247524752476
2018-01-28 02:00:00,0.011453465346534655
2018-01-28 03:00:00,0.011531683168316832
2018-01-28 04:00:00,0.011609900990099009
2018-01-28 05:00:00,0.011688118811881188
2018-01-28 06:00:00,0.011766336633663367
2018-01-28 07:00:00,0.011844554455445546
2018-01-28 08:00:00,0.011922772277227723
2018-01-28 09:00:00,0.0120009900990099
2018-01-28 10:00:00,0.01207920792079208
2018-01-28 11:00:00,0.012157425742574259
2018-01-28 12:00:00,0.012235643564356436
2018-01-28 13:00:00,0.012313861386138613
2018-01-28 14:00:00,0.012392079207920792
2018-01-28 15:00:00,0.012470297029702971
2018-01-28 16:00:00,0.01254851485148515
2018-01-28 17:00:00,0.012626732673267327
2018-01-28 18:00:00,0.012704950495049504
2018-01-28 19:00:00,0.012783168316831683
2018-01-28 20:00:00,0.012861386138613862
2018-01-28 21:00:00,0.01293960396039604
2018-01-28 22:00:00,0.013017821782178217
2018-01-28 23:00:00,0.013096039603960396
2018-01-29 00:00:00,0.013174257425742575
2018-01-29 01:00:00,0.013252475247524754
2018-01-29 02:00:00,0.013330693069306931
2018-01-29 03:00:00,0.013408910891089108
2018-01-29 04:00:00,0.013487128712871287
2018-01-29 05:00:00,0.013565346534653466
2018-01-29 06:00:00,0.013643564356435644
2018-01-29 07:00:00,0.01372178217821782
2018-01-29 08:00:00,0.0138
2018-01-29 09:00:00,0.0209
2018-01-29 10:00:00,0.0282
2018-01-29 11:00:00,0.0356
2018-01-29 12:00:00,0.0419
2018-01-29 13:00:00,0.0505
2018-01-29 14:00:00,0.0514
2018-01-29 15:00:00,0.0488
2018-01-29 16:00:00,0.05
2018-01-29 17:00:00,0.0478
2018-01-29 18:00:00,0.0474
2018-01-29 19:00:00,0.0426
2018-01-29 20:00:00,0.0379
2018-01-29 21:00:00,0.0325
2018-01-29 22:00:00,0.0269
2018-01-29 23:00:00,0.0194
2018-01-30 00:00:00,0.0158
2018-01-30 01:00:00,0.0106
2018-01-30 02:00:00,0.0059
2018-01-30 03:00:00,0.0052
2018-01-30 04:00:00,0.0049
2018-01-30 05:00:00,0.0095
2018-01-30 06:00:00,0.0197
2018-01-30 07:00:00,0.0286
2018-01-30 08:00:00,0.0373
2018-01-30 09:00:00,0.0403
2018-01-30 10:00:00,0.0372
2018-01-30 11:00:00,0.0426
2018-01-30 12:00:00,0.0481
2018-01-30 13:00:00,0.0503
2018-01-30 14:00:00,0.0605
2018-01-30 15:00:00,0.0649
2018-01-30 16:00:00,0.0658
2018-01-30 17:00:00,0.0679
2018-01-30 18:00:00,0.0671
2018-01-30 19:00:00,0.0578
2018-01-30 20:00:00,0.0475
2018-01-30 21:00:00,0.0348
2018-01-30 22:00:00,0.0276
2018-01-30 23:00:00,0.0202
2018-01-31 00:00:00,0.0125
2018-01-31 01:00:00,0.0095
2018-01-31 02:00:00,0.0048
2018-01-31 03:00:00,0.0046
2018-01-31 04:00:00,0.0066
2018-01-31 05:00:00,0.0099
2018-01-31 06:00:00,0.0172
2018-01-31 07:00:00,0.0305
2018-01-31 08:00:00,0.0458
2018-01-31 09:00:00,0.0454
2018-01-31 10:00:00,0.0438
2018-01-31 11:00:00,0.0421
2018-01-31 12:00:00,0.0497
2018-01-31 13:00:00,0.0547
2018-01-31 14:00:00,0.0569
2018-01-31 15:00:00,0.0618
2018-01-31 16:00:00,0.0651
2018-01-31 17:00:00,0.0705
2018-01-31 18:00:00,0.0694
2018-01-31 19:00:00,0.0569
2018-01-31 20:00:00,0.0531
2018-01-31 21:00:00,0.0374
2018-01-31 22:00:00,0.0297
2018-01-31 23:00:00,0.0206
2018-02-01 00:00:00,0.0143
2018-02-01 01:00:00,0.009
2018-02-01 02:00:00,0.0061
2018-02-01 03:00:00,0.0052
2018-02-01 04:00:00,0.0057
2018-02-01 05:00:00,0.0103
2018-02-01 06:00:00,0.0175
2018-02-01 07:00:00,0.0295
2018-02-01 08:00:00,0.0441
2018-02-01 09:00:00,0.0455
2018-02-01 10:00:00,0.0408
2018-02-01 11:00:00,0.0462
2018-02-01 12:00:00,0.0515
2018-02-01 13:00:00,0.0583
2018-02-01 14:00:00,0.0556
2018-02-01 15:00:00,0.0569
2018-02-01 16:00:00,0.0572
2018-02-01 17:00:00,0.0656
2018-02-01 18:00:00,0.0619
2018-02-01 19:00:00,0.0581
2018-02-01 20:00:00,0.0555
2018-02-01 21:00:00,0.0419
2018-02-01 22:00:00,0.0332
2018-02-01 23:00:00,0.0204
2018-02-02 00:00:00,0.013
2018-02-02 01:00:00,0.0101
2018-02-02 02:00:00,0.0058
2018-02-02 03:00:00,0.0052
2018-02-02 04:00:00,0.0068
2018-02-02 05:00:00,0.0097
2018-02-02 06:00:00,0.0193
2018-02-02 07:00:00,0.0308
2018-02-02 08:00:00,0.0436
2018-02-02 09:00:00,0.0439
2018-02-02 10:00:00,0.0407
2018-02-02 11:00:00,0.0452
2018-02-02 12:00:00,0.0503
2018-02-02 13:00:00,0.0562
2018-02-02 14:00:00,0.0597
2018-02-02 15:00:00,0.0676
2018-02-02 16:00:00,0.0664
2018-02-02 17:00:00,0.0715
2018-02-02 18:00:00,0.0725
2018-02-02 19:00:00,0.0596
2018-02-02 20:00:00,0.05914059405940594
2018-02-02 21:00:00,0.05868118811881188
2018-02-02 22:00:00,0.05822178217821782
2018-02-02 23:00:00,0.057762376237623765
2018-02-03 00:00:00,0.0573029702970297
2018-02-03 01:00:00,0.056843564356435644
2018-02-03 02:00:00,0.05638415841584159
2018-02-03 03:00:00,0.05592475247524752
2018-02-03 04:00:00,0.055465346534653466
2018-02-03 05:00:00,0.05500594059405941
2018-02-03 06:00:00,0.054546534653465345
2018-02-03 07:00:00,0.05408712871287129
2018-02-03 08:00:00,0.05362772277227723
2018-02-03 09:00:00,0.05316831683168317
2018-02-03 10:00:00,0.05270891089108911
2018-02-03 11:00:00,0.05224950495049505
2018-02-03 12:00:00,0.05179009900990099
2018-02-03 13:00:00,0.05133069306930693
2018-02-03 14:00:00,0.050871287128712875
2018-02-03 15:00:00,0.05041188118811881
2018-02-03 16:00:00,0.049952475247524754
2018-02-03 17:00:00,0.04949306930693069
2018-02-03 18:00:00,0.04903366336633663
2018-02-03 19:00:00,0.048574257425742576
2018-02-03 20:00:00,0.04811485148514852
2018-02-03 21:00:00,0.047655445544554455
2018-02-03 22:00:00,0.0471960396039604
2018-02-03 23:00:00,0.046736633663366334
2018-02-04 00:00:00,0.04627722772277228
2018-02-04 01:00:00,0.04581782178217822
2018-02-04 02:00:00,0.04535841584158416
2018-02-04 03:00:00,0.0448990099009901
2018-02-04 04:00:00,0.04443960396039604
2018-02-04 05:00:00,0.04398019801980198
2018-02-04 06:00:00,0.04352079207920792
2018-02-04 07:00:00,0.043061386138613864
2018-02-04 08:00:00,0.042601980198019807
2018-02-04 09:00:00,0.04214257425742574
2018-02-04 10:00:00,0.041683168316831685
2018-02-04 11:00:00,0.04122376237623762
2018-02-04 12:00:00,0.040764356435643564
2018-02-04 13:00:00,0.04030495049504951
2018-02-04 14:00:00,0.03984554455445545
2018-02-04 15:00:00,0.039386138613861386
2018-02-04 16:00:00,0.03892673267326733
2018-02-04 17:00:00,0.038467326732673265
2018-02-04 18:00:00,0.03800792079207921
2018-02-04 19:00:00,0.03754851485148515
2018-02-04 20:00:00,0.037089108910891094
2018-02-04 21:00:00,0.03662970297029703
2018-02-04 22:00:00,0.03617029702970297
2018-02-04 23:00:00,0.03571089108910891
2018-02-05 00:00:00,0.03525148514851485
2018-02-05 01:00:00,0.034792079207920795
2018-02-05 02:00:00,0.03433267326732674
2018-02-05 03:00:00,0.033873267326732674
2018-02-05 04:00:00,0.03341386138613862
2018-02-05 05:00:00,0.03295445544554455
2018-02-05 06:00:00,0.032495049504950496
2018-02-05 07:00:00,0.03203564356435644
2018-02-05 08:00:00,0.03157623762376238
2018-02-05 09:00:00,0.031116831683168318
2018-02-05 10:00:00,0.03065742574257426
2018-02-05 11:00:00,0.0301980198019802
2018-02-05 12:00:00,0.02973861386138614
2018-02-05 13:00:00,0.029279207920792083
2018-02-05 14:00:00,0.028819801980198023
2018-02-05 15:00:00,0.028360396039603962
2018-02-05 16:00:00,0.027900990099009905
2018-02-05 17:00:00,0.02744158415841584
2018-02-05 18:00:00,0.026982178217821784
2018-02-05 19:00:00,0.026522772277227727
2018-02-05 20:00:00,0.026063366336633663
2018-02-05 21:00:00,0.025603960396039606
2018-02-05 22:00:00,0.02514455445544555
2018-02-05 23:00:00,0.024685148514851485
2018-02-06 00:00:00,0.024225742574257428
2018-02-06 01:00:00,0.02376633663366337
2018-02-06 02:00:00,0.023306930693069307
2018-02-06 03:00:00,0.02284752475247525
2018-02-06 04:00:00,0.022388118811881193
2018-02-06 05:00:00,0.02192871287128713
2018-02-06 06:00:00,0.02146930693069307
2018-02-06 07:00:00,0.021009900990099015
2018-02-06 08:00:00,0.02055049504950495
2018-02-06 09:00:00,0.020091089108910894
2018-02-06 10:00:00,0.019631683168316837
2018-02-06 11:00:00,0.019172277227722773
2018-02-06 12:00:00,0.018712871287128716
2018-02-06 13:00:00,0.01825346534653466
2018-02-06 14:00:00,0.017794059405940595
2018-02-06 15:00:00,0.017334653465346538
2018-02-06 16:00:00,0.01687524752475248
2018-02-06 17:00:00,0.016415841584158417
2018-02-06 18:00:00,0.01595643564356436
2018-02-06 19:00:00,0.015497029702970302
2018-02-06 20:00:00,0.015037623762376238
2018-02-06 21:00:00,0.014578217821782181
2018-02-06 22:00:00,0.014118811881188124
2018-02-06 23:00:00,0.01365940594059406
2018-02-07 00:00:00,0.0132
2018-02-07 01:00:00,0.008
2018-02-07 02:00:00,0.0048
2018-02-07 03:00:00,0.0049
2018-02-07 04:00:00,0.0058
2018-02-07 05:00:00,0.0074
2018-02-07 06:00:00,0.0158
2018-02-07 07:00:00,0.0286
2018-02-07 08:00:00,0.0411
2018-02-07 09:00:00,0.0444
2018-02-07 10:00:00,0.0386
2018-02-07 11:00:00,0.0411
2018-02-07 12:00:00,0.0533
2018-02-07 13:00:00,0.0537
2018-02-07 14:00:00,0.05369009900990099
2018-02-07 15:00:00,0.05368019801980198
2018-02-07 16:00:00,0.05367029702970297
2018-02-07 17:00:00,0.05366039603960396
2018-02-07 18:00:00,0.05365049504950495
2018-02-07 19:00:00,0.05364059405940594
2018-02-07 20:00:00,0.05363069306930693
2018-02-07 21:00:00,0.05362079207920792
2018-02-07 22:00:00,0.05361089108910891
2018-02-07 23:00:00,0.0536009900990099
2018-02-08 00:00:00,0.05359108910891089
2018-02-08 01:00:00,0.05358118811881188
2018-02-08 02:00:00,0.05357128712871287
2018-02-08 03:00:00,0.05356138613861386
2018-02-08 04:00:00,0.05355148514851485
2018-02-08 05:00:00,0.05354158415841584
2018-02-08 06:00:00,0.05353168316831683
2018-02-08 07:00:00,0.05352178217821782
2018-02-08 08:00:00,0.05351188118811881
2018-02-08 09:00:00,0.0535019801980198
2018-02-08 10:00:00,0.05349207920792079
2018-02-08 11:00:00,0.05348217821782178
2018-02-08 12:00:00,0.05347227722772277
2018-02-08 13:00:00,0.05346237623762376
2018-02-08 14:00:00,0.05345247524752475
2018-02-08 15:00:00,0.05344257425742574
2018-02-08 16:00:00,0.05343267326732673
2018-02-08 17:00:00,0.05342277227722772
2018-02-08 18:00:00,0.05341287128712871
2018-02-08 19:00:00,0.0534029702970297
2018-02-08 20:00:00,0.05339306930693069
2018-02-08 21:00:00,0.05338316831683168
2018-02-08 22:00:00,0.05337326732673267
2018-02-08 23:00:00,0.05336336633663366
2018-02-09 00:00:00,0.05335346534653465
2018-02-09 01:00:00,0.05334356435643564
2018-02-09 02:00:00,0.05333366336633663
2018-02-09 03:00:00,0.05332376237623762
2018-02-09 04:00:00,0.05331386138613861
2018-02-09 05:00:00,0.0533039603960396
2018-02-09 06:00:00,0.05329405940594059
2018-02-09 07:00:00,0.05328415841584158
2018-02-09 08:00:00,0.05327425742574257
2018-02-09 09:00:00,0.05326435643564356
2018-02-09 10:00:00,0.05325445544554455
2018-02-09 11:00:00,0.05324455445544554
2018-02-09 12:00:00,0.05323465346534653
2018-02-09 13:00:00,0.05322475247524752
2018-02-09 14:00:00,0.05321485148514851
2018-02-09 15:00:00,0.0532049504950495
2018-02-09 16:00:00,0.05319504950495049
2018-02-09 17:00:00,0.05318514851485148
2018-02-09 18:00:00,0.05317524752475247
2018-02-09 19:00:00,0.05316534653465346
2018-02-09 20:00:00,0.05315544554455445
2018-02-09 21:00:00,0.05314554455445544
2018-02-09 22:00:00,0.05313564356435643
2018-02-09 23:00:00,0.05312574257425742
2018-02-10 00:00:00,0.05311584158415841
2018-02-10 01:00:00,0.0531059405940594
2018-02-10 02:00:00,0.05309603960396039
2018-02-10 03:00:00,0.05308613861386138
2018-02-10 04:00:00,0.05307623762376237
2018-02-10 05:00:00,0.053066336633663364
2018-02-10 06:00:00,0.053056435643564354
2018-02-10 07:00:00,0.053046534653465344
2018-02-10 08:00:00,0.053036633663366334
2018-02-10 09:00:00,0.053026732673267324
2018-02-10 10:00:00,0.053016831683168314
2018-02-10 11:00:00,0.053006930693069304
2018-02-10 12:00:00,0.052997029702970294
2018-02-10 13:00:00,0.052987128712871284
2018-02-10 14:00:00,0.052977227722772274
2018-02-10 15:00:00,0.052967326732673264
2018-02-10 16:00:00,0.052957425742574255
2018-02-10 17:00:00,0.052947524752475245
2018-02-10 18:00:00,0.052937623762376235
2018-02-10 19:00:00,0.052927722772277225
2018-02-10 20:00:00,0.052917821782178215
2018-02-10 21:00:00,0.052907920792079205
2018-02-10 22:00:00,0.052898019801980195
2018-02-10 23:00:00,0.052888118811881185
2018-02-11 00:00:00,0.052878217821782175
2018-02-11 01:00:00,0.052868316831683165
2018-02-11 02:00:00,0.052858415841584155
2018-02-11 03:00:00,0.052848514851485145
2018-02-11 04:00:00,0.052838613861386136
2018-02-11 05:00:00,0.052828712871287126
2018-02-11 06:00:00,0.052818811881188116
2018-02-11 07:00:00,0.052808910891089106
2018-02-11 08:00:00,0.052799009900990096
2018-02-11 09:00:00,0.052789108910891086
2018-02-11 10:00:00,0.052779207920792076
2018-02-11 11:00:00,0.052769306930693066
2018-02-11 12:00:00,0.052759405940594056
2018-02-11 13:00:00,0.052749504950495046
2018-02-11 14:00:00,0.052739603960396036
2018-02-11 15:00:00,0.05272970297029703
2018-02-11 16:00:00,0.05271980198019802
2018-02-11 17:00:00,0.05270990099009901
2018-02-11 18:00:00,0.0527
2018-02-11 19:00:00,0.0504
2018-02-11 20:00:00,0.0434
2018-02-11 21:00:00,0.0398
2018-02-11 22:00:00,0.0347
2018-02-11 23:00:00,0.0306
2018-02-12 00:00:00,0.0294
2018-02-12 01:00:00,0.016
2018-02-12 02:00:00,0.0088
2018-02-12 03:00:00,0.0058
2018-02-12 04:00:00,0.0048
2018-02-12 05:00:00,0.0039
2018-02-12 06:00:00,0.0051
2018-02-12 07:00:00,0.0089
2018-02-12 08:00:00,0.0149
2018-02-12 09:00:00,0.0217
2018-02-12 10:00:00,0.0293
2018-02-12 11:00:00,0.0389
2018-02-12 12:00:00,0.0464
2018-02-12 13:00:00,0.0472
2018-02-12 14:00:00,0.0497
2018-02-12 15:00:00,0.048
2018-02-12 16:00:00,0.0452
2018-02-12 17:00:00,0.0471
2018-02-12 18:00:00,0.0458
2018-02-12 19:00:00,0.0419
2018-02-12 20:00:00,0.036
2018-02-12 21:00:00,0.0349
2018-02-12 22:00:00,0.0242
2018-02-12 23:00:00,0.0179
2018-02-13 00:00:00,0.0134
2018-02-13 01:00:00,0.0076
2018-02-13 02:00:00,0.0047
2018-02-13 03:00:00,0.0037
2018-02-13 04:00:00,0.0057
2018-02-13 05:00:00,0.0086
2018-02-13 06:00:00,0.0184
2018-02-13 07:00:00,0.0296
2018-02-13 08:00:00,0.0408
2018-02-13 09:00:00,0.0447
2018-02-13 10:00:00,0.0423
2018-02-13 11:00:00,0.0432
2018-02-13 12:00:00,0.0529
2018-02-13 13:00:00,0.0558
2018-02-13 14:00:00,0.0593
2018-02-13 15:00:00,0.0703
2018-02-13 16:00:00,0.0698
2018-02-13 17:00:00,0.0705
2018-02-13 18:00:00,0.0721
2018-02-13 19:00:00,0.0602
2018-02-13 20:00:00,0.0501
2018-02-13 21:00:00,0.0384
2018-02-13 22:00:00,0.0317
2018-02-13 23:00:00,0.0178
2018-02-14 00:00:00,0.0133
2018-02-14 01:00:00,0.0088
2018-02-14 02:00:00,0.0057
2018-02-14 03:00:00,0.0048
2018-02-14 04:00:00,0.0052
2018-02-14 05:00:00,0.0099
2018-02-14 06:00:00,0.0186
2018-02-14 07:00:00,0.0293
2018-02-14 08:00:00,0.0449
2018-02-14 09:00:00,0.0467
2018-02-14 10:00:00,0.0427
2018-02-14 11:00:00,0.0464
2018-02-14 12:00:00,0.0542
2018-02-14 13:00:00,0.0579
2018-02-14 14:00:00,0.0597
2018-02-14 15:00:00,0.0721
2018-02-14 16:00:00,0.0689
2018-02-14 17:00:00,0.0748
2018-02-14 18:00:00,0.0751
2018-02-14 19:00:00,0.0644
2018-02-14 20:00:00,0.0521
2018-02-14 21:00:00,0.0409
2018-02-14 22:00:00,0.0332
2018-02-14 23:00:00,0.0202
2018-02-15 00:00:00,0.0145
2018-02-15 01:00:00,0.0101
2018-02-15 02:00:00,0.0051
2018-02-15 03:00:00,0.0044
2018-02-15 04:00:00,0.0061
2018-02-15 05:00:00,0.0104
2018-02-15 06:00:00,0.0182
2018-02-15 07:00:00,0.0319
2018-02-15 08:00:00,0.0462
2018-02-15 09:00:00,0.046
2018-02-15 10:00:00,0.0432
2018-02-15 11:00:00,0.0475
2018-02-15 12:00:00,0.0545
2018-02-15 13:00:00,0.0613
2018-02-15 14:00:00,0.0584
2018-02-15 15:00:00,0.0654
2018-02-15 16:00:00,0.0716
2018-02-15 17:00:00,0.0704
2018-02-15 18:00:00,0.077
2018-02-15 19:00:00,0.0676
2018-02-15 20:00:00,0.0512
2018-02-15 21:00:00,0.0442
2018-02-15 22:00:00,0.0343
2018-02-15 23:00:00,0.0223
2018-02-16 00:00:00,0.0134
2018-02-16 01:00:00,0.013358415841584158
2018-02-16 02:00:00,0.013316831683168317
2018-02-16 03:00:00,0.013275247524752476
2018-02-16 04:00:00,0.013233663366336634
2018-02-16 05:00:00,0.013192079207920792
2018-02-16 06:00:00,0.01315049504950495
2018-02-16 07:00:00,0.01310891089108911
2018-02-16 08:00:00,0.013067326732673268
2018-02-16 09:00:00,0.013025742574257426
2018-02-16 10:00:00,0.012984158415841584
2018-02-16 11:00:00,0.012942574257425742
2018-02-16 12:00:00,0.012900990099009902
2018-02-16 13:00:00,0.01285940594059406
2018-02-16 14:00:00,0.012817821782178218
2018-02-16 15:00:00,0.012776237623762376
2018-02-16 16:00:00,0.012734653465346534
2018-02-16 17:00:00,0.012693069306930694
2018-02-16 18:00:00,0.012651485148514852
2018-02-16 19:00:00,0.01260990099009901
2018-02-16 20:00:00,0.012568316831683168
2018-02-16 21:00:00,0.012526732673267328
2018-02-16 22:00:00,0.012485148514851486
2018-02-16 23:00:00,0.012443564356435644
2018-02-17 00:00:00,0.012401980198019802
2018-02-17 01:00:00,0.012360396039603962
2018-02-17 02:00:00,0.01231881188118812
2018-02-17 03:00:00,0.012277227722772278
2018-02-17 04:00:00,0.012235643564356436
2018-02-17 05:00:00,0.012194059405940594
2018-02-17 06:00:00,0.012152475247524754
2018-02-17 07:00:00,0.012110891089108912
2018-02-17 08:00:00,0.01206930693069307
2018-02-17 09:00:00,0.012027722772277228
2018-02-17 10:00:00,0.011986138613861386
2018-02-17 11:00:00,0.011944554455445545
2018-02-17 12:00:00,0.011902970297029703
2018-02-17 13:00:00,0.011861386138613862
2018-02-17 14:00:00,0.01181980198019802
2018-02-17 15:00:00,0.011778217821782178
2018-02-17 16:00:00,0.011736633663366337
2018-02-17 17:00:00,0.011695049504950495
2018-02-17 18:00:00,0.011653465346534653
2018-02-17 19:00:00,0.011611881188118811
2018-02-17 20:00:00,0.011570297029702971
2018-02-17 21:00:00,0.01152871287128713
2018-02-17 22:00:00,0.011487128712871287
2018-02-17 23:00:00,0.011445544554455445
2018-02-18 00:00:00,0.011403960396039605
2018-02-18 01:00:00,0.011362376237623763
2018-02-18 02:00:00,0.011320792079207921
2018-02-18 03:00:00,0.01127920792079208
2018-02-18 04:00:00,0.011237623762376237
2018-02-18 05:00:00,0.011196039603960397
2018-02-18 06:00:00,0.011154455445544555
2018-02-18 07:00:00,0.011112871287128713
2018-02-18 08:00:00,0.011071287128712871
2018-02-18 09:00:00,0.011029702970297029
2018-02-18 10:00:00,0.010988118811881189
2018-02-18 11:00:00,0.010946534653465347
2018-02-18 12:00:00,0.010904950495049505
2018-02-18 13:00:00,0.010863366336633663
2018-02-18 14:00:00,0.010821782178217821
2018-02-18 15:00:00,0.01078019801980198
2018-02-18 16:00:00,0.010738613861386139
2018-02-18 17:00:00,0.010697029702970297
2018-02-18 18:00:00,0.010655445544554457
2018-02-18 19:00:00,0.010613861386138615
2018-02-18 20:00:00,0.010572277227722773
2018-02-18 21:00:00,0.01053069306930693
2018-02-18 22:00:00,0.010489108910891089
2018-02-18 23:00:00,0.010447524752475248
2018-02-19 00:00:00,0.010405940594059407
2018-02-19 01:00:00,0.010364356435643565
2018-02-19 02:00:00,0.010322772277227723
2018-02-19 03:00:00,0.01028118811881188
2018-02-19 04:00:00,0.01023960396039604
2018-02-19 05:00:00,0.010198019801980198
2018-02-19 06:00:00,0.010156435643564356
2018-02-19 07:00:00,0.010114851485148514
2018-02-19 08:00:00,0.010073267326732672
2018-02-19 09:00:00,0.010031683168316832
2018-02-19 10:00:00,0.00999009900990099
2018-02-19 11:00:00,0.009948514851485148
2018-02-19 12:00:00,0.009906930693069308
2018-02-19 13:00:00,0.009865346534653464
2018-02-19 14:00:00,0.009823762376237624
2018-02-19 15:00:00,0.009782178217821782
2018-02-19 16:00:00,0.00974059405940594
2018-02-19 17:00:00,0.0096990099009901
2018-02-19 18:00:00,0.009657425742574258
2018-02-19 19:00:00,0.009615841584158416
2018-02-19 20:00:00,0.009574257425742574
2018-02-19 21:00:00,0.009532673267326732
2018-02-19 22:00:00,0.009491089108910892
2018-02-19 23:00:00,0.00944950495049505
2018-02-20 00:00:00,0.009407920792079208
2018-02-20 01:00:00,0.009366336633663366
2018-02-20 02:00:00,0.009324752475247524
2018-02-20 03:00:00,0.009283168316831684
2018-02-20 04:00:00,0.009241584158415842
2018-02-20 05:00:00,0.0092
2018-02-20 06:00:00,0.0182
2018-02-20 07:00:00,0.0307
2018-02-20 08:00:00,0.0456
2018-02-20 09:00:00,0.0494
2018-02-20 10:00:00,0.0396
2018-02-20 11:00:00,0.0458
2018-02-20 12:00:00,0.0541
2018-02-20 13:00:00,0.0549
2018-02-20 14:00:00,0.0571
2018-02-20 15:00:00,0.0677
2018-02-20 16:00:00,0.0723
2018-02-20 17:00:00,0.0696
2018-02-20 18:00:00,0.0703
2018-02-20 19:00:00,0.0595
2018-02-20 20:00:00,0.0503
2018-02-20 21:00:00,0.039
2018-02-20 22:00:00,0.0281
2018-02-20 23:00:00,0.0186
2018-02-21 00:00:00,0.0114
2018-02-21 01:00:00,0.0078
2018-02-21 02:00:00,0.0043
2018-02-21 03:00:00,0.0048
2018-02-21 04:00:00,0.0053
2018-02-21 05:00:00,0.0095
2018-02-21 06:00:00,0.0176
2018-02-21 07:00:00,0.0293
2018-02-21 08:00:00,0.0458
2018-02-21 09:00:00,0.0541
2018-02-21 10:00:00,0.0432
2018-02-21 11:00:00,0.0453
2018-02-21 12:00:00,0.0523
2018-02-21 13:00:00,0.0585
2018-02-21 14:00:00,0.0594
2018-02-21 15:00:00,0.0674
2018-02-21 16:00:00,0.0762
2018-02-21 17:00:00,0.0708
2018-02-21 18:00:00,0.0696
2018-02-21 19:00:00,0.0641
2018-02-21 20:00:00,0.0569
2018-02-21 21:00:00,0.0445
2018-02-21 22:00:00,0.0297
2018-02-21 23:00:00,0.0218
2018-02-22 00:00:00,0.0118
2018-02-22 01:00:00,0.0087
2018-02-22 02:00:00,0.0044
2018-02-22 03:00:00,0.0047
2018-02-22 04:00:00,0.0052
2018-02-22 05:00:00,0.0097
2018-02-22 06:00:00,0.0181
2018-02-22 07:00:00,0.0325
2018-02-22 08:00:00,0.0438
2018-02-22 09:00:00,0.0536
2018-02-22 10:00:00,0.0438
2018-02-22 11:00:00,0.0462
2018-02-22 12:00:00,0.0522
2018-02-22 13:00:00,0.0592
2018-02-22 14:00:00,0.0608
2018-02-22 15:00:00,0.0689
2018-02-22 16:00:00,0.0725
2018-02-22 17:00:00,0.0712
2018-02-22 18:00:00,0.0731
2018-02-22 19:00:00,0.0637
2018-02-22 20:00:00,0.0475
2018-02-22 21:00:00,0.0388
2018-02-22 22:00:00,0.031
2018-02-22 23:00:00,0.0198
2018-02-23 00:00:00,0.0128
2018-02-23 01:00:00,0.0092
2018-02-23 02:00:00,0.0061
2018-02-23 03:00:00,0.0046
2018-02-23 04:00:00,0.0048
2018-02-23 05:00:00,0.0106
2018-02-23 06:00:00,0.0198
2018-02-23 07:00:00,0.0318
2018-02-23 08:00:00,0.045
2018-02-23 09:00:00,0.0484
2018-02-23 10:00:00,0.0429
2018-02-23 11:00:00,0.0483
2018-02-23 12:00:00,0.0508
2018-02-23 13:00:00,0.0578
2018-02-23 14:00:00,0.0619
2018-02-23 15:00:00,0.0709
2018-02-23 16:00:00,0.0734
2018-02-23 17:00:00,0.0689
2018-02-23 18:00:00,0.074
2018-02-23 19:00:00,0.0608
2018-02-23 20:00:00,0.0539
2018-02-23 21:00:00,0.052
2018-02-23 22:00:00,0.0364
2018-02-23 23:00:00,0.0215
2018-02-24 00:00:00,0.0144
2018-02-24 01:00:00,0.0104
2018-02-24 02:00:00,0.0059
2018-02-24 03:00:00,0.0045
2018-02-24 04:00:00,0.0059
2018-02-24 05:00:00,0.0097
2018-02-24 06:00:00,0.0184
2018-02-24 07:00:00,0.0318
2018-02-24 08:00:00,0.0457
2018-02-24 09:00:00,0.0518
2018-02-24 10:00:00,0.0462
2018-02-24 11:00:00,0.0486
2018-02-24 12:00:00,0.0547
2018-02-24 13:00:00,0.0612
2018-02-24 14:00:00,0.0661
2018-02-24 15:00:00,0.0727
2018-02-24 16:00:00,0.0736
2018-02-24 17:00:00,0.0718
2018-02-24 18:00:00,0.0714
2018-02-24 19:00:00,0.0646
2018-02-24 20:00:00,0.0518
2018-02-24 21:00:00,0.0472
2018-02-24 22:00:00,0.0393
2018-02-24 23:00:00,0.0299
2018-02-25 00:00:00,0.0226
2018-02-25 01:00:00,0.0128
2018-02-25 02:00:00,0.0067
2018-02-25 03:00:00,0.0063
2018-02-25 04:00:00,0.0057
2018-02-25 05:00:00,0.0066
2018-02-25 06:00:00,0.0092
2018-02-25 07:00:00,0.0142
2018-02-25 08:00:00,0.0254
2018-02-25 09:00:00,0.0342
2018-02-25 10:00:00,0.0415
2018-02-25 11:00:00,0.0458
2018-02-25 12:00:00,0.0509
2018-02-25 13:00:00,0.0545
2018-02-25 14:00:00,0.0693
2018-02-25 15:00:00,0.0554
2018-02-25 16:00:00,0.0567
2018-02-25 17:00:00,0.0566
2018-02-25 18:00:00,0.0519
2018-02-25 19:00:00,0.049
2018-02-25 20:00:00,0.0385
2018-02-25 21:00:00,0.0408
2018-02-25 22:00:00,0.036
2018-02-25 23:00:00,0.0313
2018-02-26 00:00:00,0.0222
2018-02-26 01:00:00,0.0129
2018-02-26 02:00:00,0.0077
2018-02-26 03:00:00,0.0052
2018-02-26 04:00:00,0.0057
2018-02-26 05:00:00,0.0041
2018-02-26 06:00:00,0.0048
2018-02-26 07:00:00,0.0077
2018-02-26 08:00:00,0.0154
2018-02-26 09:00:00,0.0218
2018-02-26 10:00:00,0.0285
2018-02-26 11:00:00,0.0403
2018-02-26 12:00:00,0.0453
2018-02-26 13:00:00,0.0513
2018-02-26 14:00:00,0.054
2018-02-26 15:00:00,0.0483
2018-02-26 16:00:00,0.0496
2018-02-26 17:00:00,0.0465
2018-02-26 18:00:00,0.0449
2018-02-26 19:00:00,0.0408
2018-02-26 20:00:00,0.0364
2018-02-26 21:00:00,0.0316
2018-02-26 22:00:00,0.0247
2018-02-26 23:00:00,0.0178
2018-02-27 00:00:00,0.0128
2018-02-27 01:00:00,0.0086
2018-02-27 02:00:00,0.0042
2018-02-27 03:00:00,0.0044
2018-02-27 04:00:00,0.0051
2018-02-27 05:00:00,0.0093
2018-02-27 06:00:00,0.0189
2018-02-27 07:00:00,0.0297
2018-02-27 08:00:00,0.0417
2018-02-27 09:00:00,0.0505
2018-02-27 10:00:00,0.0412
2018-02-27 11:00:00,0.0457
2018-02-27 12:00:00,0.0494
2018-02-27 13:00:00,0.0534
2018-02-27 14:00:00,0.0547
2018-02-27 15:00:00,0.0619
2018-02-27 16:00:00,0.069
2018-02-27 17:00:00,0.0718
2018-02-27 18:00:00,0.0719
2018-02-27 19:00:00,0.062
2018-02-27 20:00:00,0.0492
2018-02-27 21:00:00,0.0377
2018-02-27 22:00:00,0.0288
2018-02-27 23:00:00,0.0177
2018-02-28 00:00:00,0.0109
2018-02-28 01:00:00,0.0078
2018-02-28 02:00:00,0.0041
2018-02-28 03:00:00,0.004
2018-02-28 04:00:00,0.0059
2018-02-28 05:00:00,0.0105
2018-02-28 06:00:00,0.0195
2018-02-28 07:00:00,0.0324
2018-02-28 08:00:00,0.0441
2018-02-28 09:00:00,0.0485
2018-02-28 10:00:00,0.0396
2018-02-28 11:00:00,0.0446
2018-02-28 12:00:00,0.0503
2018-02-28 13:00:00,0.0549
2018-02-28 14:00:00,0.0601
2018-02-28 15:00:00,0.0689
2018-02-28 16:00:00,0.0715
2018-02-28 17:00:00,0.0724
2018-02-28 18:00:00,0.0729
2018-02-28 19:00:00,0.0612
2018-02-28 20:00:00,0.0554
2018-02-28 21:00:00,0.0427
2018-02-28 22:00:00,0.0305
2018-02-28 23:00:00,0.0202
2018-03-01 00:00:00,0.0125
2018-03-01 01:00:00,0.0077
2018-03-01 02:00:00,0.0049
2018-03-01 03:00:00,0.0043
2018-03-01 04:00:00,0.0051
2018-03-01 05:00:00,0.0104
2018-03-01 06:00:00,0.0198
2018-03-01 07:00:00,0.0325
2018-03-01 08:00:00,0.0439
2018-03-01 09:00:00,0.0563
2018-03-01 10:00:00,0.0455
2018-03-01 11:00:00,0.0489
2018-03-01 12:00:00,0.0498
2018-03-01 13:00:00,0.0598
2018-03-01 14:00:00,0.0595
2018-03-01 15:00:00,0.07
2018-03-01 16:00:00,0.0722
2018-03-01 17:00:00,0.0747
2018-03-01 18:00:00,0.0705
2018-03-01 19:00:00,0.0631
2018-03-01 20:00:00,0.0545
2018-03-01 21:00:00,0.0437
2018-03-01 22:00:00,0.0332
2018-03-01 23:00:00,0.0209
2018-03-02 00:00:00,0.0118
2018-03-02 01:00:00,0.0086
2018-03-02 02:00:00,0.0045
2018-03-02 03:00:00,0.0044
2018-03-02 04:00:00,0.0044
2018-03-02 05:00:00,0.0125
2018-03-02 06:00:00,0.02
2018-03-02 07:00:00,0.0292
2018-03-02 08:00:00,0.0425
2018-03-02 09:00:00,0.0504
2018-03-02 10:00:00,0.0438
2018-03-02 11:00:00,0.0483
2018-03-02 12:00:00,0.0515
2018-03-02 13:00:00,0.0582
2018-03-02 14:00:00,0.0616
2018-03-02 15:00:00,0.0693
2018-03-02 16:00:00,0.0708
2018-03-02 17:00:00,0.066
2018-03-02 18:00:00,0.0685
2018-03-02 19:00:00,0.065
2018-03-02 20:00:00,0.0549
2018-03-02 21:00:00,0.0476
2018-03-02 22:00:00,0.0374
2018-03-02 23:00:00,0.0241
2018-03-03 00:00:00,0.0168
2018-03-03 01:00:00,0.0097
2018-03-03 02:00:00,0.0066
2018-03-03 03:00:00,0.0047
2018-03-03 04:00:00,0.0063
2018-03-03 05:00:00,0.0096
2018-03-03 06:00:00,0.0188
2018-03-03 07:00:00,0.0306
2018-03-03 08:00:00,0.0415
2018-03-03 09:00:00,0.0498
2018-03-03 10:00:00,0.0467
2018-03-03 11:00:00,0.0508
2018-03-03 12:00:00,0.0592
2018-03-03 13:00:00,0.0634
2018-03-03 14:00:00,0.0723
2018-03-03 15:00:00,0.074
2018-03-03 16:00:00,0.0736
2018-03-03 17:00:00,0.0731
2018-03-03 18:00:00,0.0708
2018-03-03 19:00:00,0.0611
2018-03-03 20:00:00,0.0548
2018-03-03 21:00:00,0.0471
2018-03-03 22:00:00,0.0355
2018-03-03 23:00:00,0.0288
2018-03-04 00:00:00,0.0199
2018-03-04 01:00:00,0.0146
2018-03-04 02:00:00,0.0079
2018-03-04 03:00:00,0.0066
2018-03-04 04:00:00,0.0014
2018-03-04 05:00:00,0.0053
2018-03-04 06:00:00,0.009
2018-03-04 07:00:00,0.0132
2018-03-04 08:00:00,0.0228
2018-03-04 09:00:00,0.0306
2018-03-04 10:00:00,0.0391
2018-03-04 11:00:00,0.0446
2018-03-04 12:00:00,0.052
2018-03-04 13:00:00,0.0526
2018-03-04 14:00:00,0.0573
2018-03-04 15:00:00,0.0544
2018-03-04 16:00:00,0.0539
2018-03-04 17:00:00,0.0553
2018-03-04 18:00:00,0.0515
2018-03-04 19:00:00,0.0498
2018-03-04 20:00:00,0.0402
2018-03-04 21:00:00,0.0359
2018-03-04 22:00:00,0.032
2018-03-04 23:00:00,0.0243
2018-03-05 00:00:00,0.016
2018-03-05 01:00:00,0.012
2018-03-05 02:00:00,0.0072
2018-03-05 03:00:00,0.0053
2018-03-05 04:00:00,0.0041
2018-03-05 05:00:00,0.0032
2018-03-05 06:00:00,0.0047
2018-03-05 07:00:00,0.0077
2018-03-05 08:00:00,0.0144
2018-03-05 09:00:00,0.0204
2018-03-05 10:00:00,0.0275
2018-03-05 11:00:00,0.038
2018-03-05 12:00:00,0.041
2018-03-05 13:00:00,0.0483
2018-03-05 14:00:00,0.0477
2018-03-05 15:00:00,0.0477
2018-03-05 16:00:00,0.046
2018-03-05 17:00:00,0.0454
2018-03-05 18:00:00,0.0413
2018-03-05 19:00:00,0.0377
2018-03-05 20:00:00,0.0373
2018-03-05 21:00:00,0.0331
2018-03-05 22:00:00,0.0276
2018-03-05 23:00:00,0.0223
2018-03-06 00:00:00,0.0159
2018-03-06 01:00:00,0.0122
2018-03-06 02:00:00,0.0065
2018-03-06 03:00:00,0.0042
2018-03-06 04:00:00,0.0041
2018-03-06 05:00:00,0.005
2018-03-06 06:00:00,0.0063
2018-03-06 07:00:00,0.0097
2018-03-06 08:00:00,0.0138
2018-03-06 09:00:00,0.0213
2018-03-06 10:00:00,0.0265
2018-03-06 11:00:00,0.0312
2018-03-06 12:00:00,0.0413
2018-03-06 13:00:00,0.0451
2018-03-06 14:00:00,0.0462
2018-03-06 15:00:00,0.0465
2018-03-06 16:00:00,0.0431
2018-03-06 17:00:00,0.0435
2018-03-06 18:00:00,0.0401
2018-03-06 19:00:00,0.036
2018-03-06 20:00:00,0.0336
2018-03-06 21:00:00,0.0323
2018-03-06 22:00:00,0.0247
2018-03-06 23:00:00,0.015
2018-03-07 00:00:00,0.0099
2018-03-07 01:00:00,0.0061
2018-03-07 02:00:00,0.004
2018-03-07 03:00:00,0.0033
2018-03-07 04:00:00,0.0044
2018-03-07 05:00:00,0.0099
2018-03-07 06:00:00,0.0191
2018-03-07 07:00:00,0.0334
2018-03-07 08:00:00,0.0448
2018-03-07 09:00:00,0.0527
2018-03-07 10:00:00,0.0427
2018-03-07 11:00:00,0.0456
2018-03-07 12:00:00,0.0528
2018-03-07 13:00:00,0.0579
2018-03-07 14:00:00,0.0588
2018-03-07 15:00:00,0.0692
2018-03-07 16:00:00,0.0755
2018-03-07 17:00:00,0.0696
2018-03-07 18:00:00,0.0714
2018-03-07 19:00:00,0.061
2018-03-07 20:00:00,0.0524
2018-03-07 21:00:00,0.0431
2018-03-07 22:00:00,0.0308
2018-03-07 23:00:00,0.0198
2018-03-08 00:00:00,0.0118
2018-03-08 01:00:00,0.0077
2018-03-08 02:00:00,0.0054
2018-03-08 03:00:00,0.0051
2018-03-08 04:00:00,0.0055
2018-03-08 05:00:00,0.0097
2018-03-08 06:00:00,0.0185
2018-03-08 07:00:00,0.0299
2018-03-08 08:00:00,0.0434
2018-03-08 09:00:00,0.0499
2018-03-08 10:00:00,0.042
2018-03-08 11:00:00,0.0441
2018-03-08 12:00:00,0.0505
2018-03-08 13:00:00,0.0578
2018-03-08 14:00:00,0.0615
2018-03-08 15:00:00,0.0678
2018-03-08 16:00:00,0.06751188118811881
2018-03-08 17:00:00,0.06722376237623762
2018-03-08 18:00:00,0.06693564356435644
2018-03-08 19:00:00,0.06664752475247525
2018-03-08 20:00:00,0.06635940594059406
2018-03-08 21:00:00,0.06607128712871287
2018-03-08 22:00:00,0.06578316831683169
2018-03-08 23:00:00,0.0654950495049505
2018-03-09 00:00:00,0.0652069306930693
2018-03-09 01:00:00,0.06491881188118812
2018-03-09 02:00:00,0.06463069306930692
2018-03-09 03:00:00,0.06434257425742575
2018-03-09 04:00:00,0.06405445544554456
2018-03-09 05:00:00,0.06376633663366336
2018-03-09 06:00:00,0.06347821782178217
2018-03-09 07:00:00,0.063190099009901
2018-03-09 08:00:00,0.0629019801980198
2018-03-09 09:00:00,0.06261386138613861
2018-03-09 10:00:00,0.06232574257425742
2018-03-09 11:00:00,0.06203762376237624
2018-03-09 12:00:00,0.06174950495049505
2018-03-09 13:00:00,0.06146138613861386
2018-03-09 14:00:00,0.06117326732673267
2018-03-09 15:00:00,0.06088514851485148
2018-03-09 16:00:00,0.0605970297029703
2018-03-09 17:00:00,0.060308910891089106
2018-03-09 18:00:00,0.06002079207920792
2018-03-09 19:00:00,0.05973267326732673
2018-03-09 20:00:00,0.059444554455445546
2018-03-09 21:00:00,0.059156435643564355
2018-03-09 22:00:00,0.05886831683168317
2018-03-09 23:00:00,0.05858019801980198
2018-03-10 00:00:00,0.05829207920792079
2018-03-10 01:00:00,0.058003960396039604
2018-03-10 02:00:00,0.05771584158415841
2018-03-10 03:00:00,0.05742772277227723
2018-03-10 04:00:00,0.05713960396039604
2018-03-10 05:00:00,0.056851485148514846
2018-03-10 06:00:00,0.05656336633663366
2018-03-10 07:00:00,0.05627524752475248
2018-03-10 08:00:00,0.05598712871287129
2018-03-10 09:00:00,0.055699009900990096
2018-03-10 10:00:00,0.05541089108910891
2018-03-10 11:00:00,0.05512277227722772
2018-03-10 12:00:00,0.054834653465346536
2018-03-10 13:00:00,0.054546534653465345
2018-03-10 14:00:00,0.054258415841584154
2018-03-10 15:00:00,0.05397029702970297
2018-03-10 16:00:00,0.053682178217821785
2018-03-10 17:00:00,0.053394059405940594
2018-03-10 18:00:00,0.0531059405940594
2018-03-10 19:00:00,0.05281782178217822
2018-03-10 20:00:00,0.05252970297029703
2018-03-10 21:00:00,0.052241584158415844
2018-03-10 22:00:00,0.05195346534653465
2018-03-10 23:00:00,0.05166534653465346
2018-03-11 00:00:00,0.05137722772277228
2018-03-11 01:00:00,0.05108910891089109
2018-03-11 02:00:00,0.0508009900990099
2018-03-11 03:00:00,0.05051287128712871
2018-03-11 04:00:00,0.05022475247524752
2018-03-11 05:00:00,0.049936633663366335
2018-03-11 06:00:00,0.04964851485148515
2018-03-11 07:00:00,0.04936039603960396
2018-03-11 08:00:00,0.04907227722772277
2018-03-11 09:00:00,0.048784158415841584
2018-03-11 10:00:00,0.0484960396039604
2018-03-11 11:00:00,0.04820792079207921
2018-03-11 12:00:00,0.04791980198019802
2018-03-11 13:00:00,0.04763168316831683
2018-03-11 14:00:00,0.04734356435643564
2018-03-11 15:00:00,0.04705544554455446
2018-03-11 16:00:00,0.04676732673267327
2018-03-11 17:00:00,0.046479207920792076
2018-03-11 18:00:00,0.04619108910891089
2018-03-11 19:00:00,0.0459029702970297
2018-03-11 20:00:00,0.045614851485148517
2018-03-11 21:00:00,0.045326732673267325
2018-03-11 22:00:00,0.045038613861386134
2018-03-11 23:00:00,0.04475049504950495
2018-03-12 00:00:00,0.044462376237623766
2018-03-12 01:00:00,0.044174257425742575
2018-03-12 02:00:00,0.043886138613861383
2018-03-12 03:00:00,0.0435980198019802
2018-03-12 04:00:00,0.04330990099009901
2018-03-12 05:00:00,0.043021782178217824
2018-03-12 06:00:00,0.04273366336633663
2018-03-12 07:00:00,0.04244554455445544
2018-03-12 08:00:00,0.04215742574257426
2018-03-12 09:00:00,0.04186930693069307
2018-03-12 10:00:00,0.04158118811881188
2018-03-12 11:00:00,0.04129306930693069
2018-03-12 12:00:00,0.0410049504950495
2018-03-12 13:00:00,0.040716831683168316
2018-03-12 14:00:00,0.04042871287128713
2018-03-12 15:00:00,0.04014059405940594
2018-03-12 16:00:00,0.03985247524752475
2018-03-12 17:00:00,0.039564356435643565
2018-03-12 18:00:00,0.03927623762376238
2018-03-12 19:00:00,0.03898811881188119
2018-03-12 20:00:00,0.0387
2018-03-12 21:00:00,0.0311
2018-03-12 22:00:00,0.0248
2018-03-12 23:00:00,0.0163
2018-03-13 00:00:00,0.01
2018-03-13 01:00:00,0.0069
2018-03-13 02:00:00,0.0038
2018-03-13 03:00:00,0.0036
2018-03-13 04:00:00,0.005
2018-03-13 05:00:00,0.0088
2018-03-13 06:00:00,0.0193
2018-03-13 07:00:00,0.0297
2018-03-13 08:00:00,0.0431
2018-03-13 09:00:00,0.0497
2018-03-13 10:00:00,0.0408
2018-03-13 11:00:00,0.0437
2018-03-13 12:00:00,0.0494
2018-03-13 13:00:00,0.0533
2018-03-13 14:00:00,0.0559
2018-03-13 15:00:00,0.0658
2018-03-13 16:00:00,0.0696
2018-03-13 17:00:00,0.0714
2018-03-13 18:00:00,0.0712
2018-03-13 19:00:00,0.0598
2018-03-13 20:00:00,0.0517
2018-03-13 21:00:00,0.0328
2018-03-13 22:00:00,0.0258
2018-03-13 23:00:00,0.0178
2018-03-14 00:00:00,0.0124
2018-03-14 01:00:00,0.0088
2018-03-14 02:00:00,0.0048
2018-03-14 03:00:00,0.0036
2018-03-14 04:00:00,0.0057
2018-03-14 05:00:00,0.0102
2018-03-14 06:00:00,0.0188
2018-03-14 07:00:00,0.0318
2018-03-14 08:00:00,0.0455
2018-03-14 09:00:00,0.0545
2018-03-14 10:00:00,0.0413
2018-03-14 11:00:00,0.0458
2018-03-14 12:00:00,0.0515
2018-03-14 13:00:00,0.0525
2018-03-14 14:00:00,0.0624
2018-03-14 15:00:00,0.0724
2018-03-14 16:00:00,0.0737
2018-03-14 17:00:00,0.074
2018-03-14 18:00:00,0.0734
2018-03-14 19:00:00,0.0635
2018-03-14 20:00:00,0.0569
2018-03-14 21:00:00,0.0417
2018-03-14 22:00:00,0.0314
2018-03-14 23:00:00,0.0191
2018-03-15 00:00:00,0.0128
2018-03-15 01:00:00,0.0089
2018-03-15 02:00:00,0.0064
2018-03-15 03:00:00,0.0052
2018-03-15 04:00:00,0.0054
2018-03-15 05:00:00,0.0099
2018-03-15 06:00:00,0.0182
2018-03-15 07:00:00,0.0313
2018-03-15 08:00:00,0.0454
2018-03-15 09:00:00,0.0515
2018-03-15 10:00:00,0.0449
2018-03-15 11:00:00,0.0467
2018-03-15 12:00:00,0.0513
2018-03-15 13:00:00,0.0552
2018-03-15 14:00:00,0.0611
2018-03-15 15:00:00,0.0668
2018-03-15 16:00:00,0.0709
2018-03-15 17:00:00,0.0712
2018-03-15 18:00:00,0.0728
2018-03-15 19:00:00,0.0637
2018-03-15 20:00:00,0.0552
2018-03-15 21:00:00,0.0426
2018-03-15 22:00:00,0.0334
2018-03-15 23:00:00,0.0199
2018-03-16 00:00:00,0.0117
2018-03-16 01:00:00,0.0089
2018-03-16 02:00:00,0.006
2018-03-16 03:00:00,0.0042
2018-03-16 04:00:00,0.0069
2018-03-16 05:00:00,0.0109
2018-03-16 06:00:00,0.0216
2018-03-16 07:00:00,0.0321
2018-03-16 08:00:00,0.0452
2018-03-16 09:00:00,0.0517
2018-03-16 10:00:00,0.0449
2018-03-16 11:00:00,0.0463
2018-03-16 12:00:00,0.0514
2018-03-16 13:00:00,0.0584
2018-03-16 14:00:00,0.0616
2018-03-16 15:00:00,0.0689
2018-03-16 16:00:00,0.0704
2018-03-16 17:00:00,0.0721
2018-03-16 18:00:00,0.071
2018-03-16 19:00:00,0.0597
2018-03-16 20:00:00,0.0459
2018-03-16 21:00:00,0.0367
2018-03-16 22:00:00,0.0291
2018-03-16 23:00:00,0.0168
2018-03-17 00:00:00,0.0153
2018-03-17 01:00:00,0.0109
2018-03-17 02:00:00,0.0058
2018-03-17 03:00:00,0.0055
2018-03-17 04:00:00,0.005
2018-03-17 05:00:00,0.0093
2018-03-17 06:00:00,0.0191
2018-03-17 07:00:00,0.0321
2018-03-17 08:00:00,0.0459
2018-03-17 09:00:00,0.0497
2018-03-17 10:00:00,0.0443
2018-03-17 11:00:00,0.0504
2018-03-17 12:00:00,0.0566
2018-03-17 13:00:00,0.063
2018-03-17 14:00:00,0.0671
2018-03-17 15:00:00,0.0761
2018-03-17 16:00:00,0.0684
2018-03-17 17:00:00,0.0714
2018-03-17 18:00:00,0.0723
2018-03-17 19:00:00,0.0639
2018-03-17 20:00:00,0.0559
2018-03-17 21:00:00,0.0456
2018-03-17 22:00:00,0.0375
2018-03-17 23:00:00,0.0306
2018-03-18 00:00:00,0.0205
2018-03-18 01:00:00,0.0146
2018-03-18 02:00:00,0.0086
2018-03-18 03:00:00,0.0062
2018-03-18 04:00:00,0.006
2018-03-18 05:00:00,0.005
2018-03-18 06:00:00,0.0089
2018-03-18 07:00:00,0.0149
2018-03-18 08:00:00,0.0264
2018-03-18 09:00:00,0.0324
2018-03-18 10:00:00,0.0378
2018-03-18 11:00:00,0.0466
2018-03-18 12:00:00,0.055
2018-03-18 13:00:00,0.0576
2018-03-18 14:00:00,0.0598
2018-03-18 15:00:00,0.0595
2018-03-18 16:00:00,0.0582
2018-03-18 17:00:00,0.0623
2018-03-18 18:00:00,0.0549
2018-03-18 19:00:00,0.0501
2018-03-18 20:00:00,0.0452
2018-03-18 21:00:00,0.0383
2018-03-18 22:00:00,0.032
2018-03-18 23:00:00,0.0266
2018-03-19 00:00:00,0.023
2018-03-19 01:00:00,0.0155
2018-03-19 02:00:00,0.0093
2018-03-19 03:00:00,0.0065
2018-03-19 04:00:00,0.0046
2018-03-19 05:00:00,0.0041
2018-03-19 06:00:00,0.0055
2018-03-19 07:00:00,0.0084
2018-03-19 08:00:00,0.0144
2018-03-19 09:00:00,0.0221
2018-03-19 10:00:00,0.0308
2018-03-19 11:00:00,0.0345
2018-03-19 12:00:00,0.0409
2018-03-19 13:00:00,0.0452
2018-03-19 14:00:00,0.0475
2018-03-19 15:00:00,0.0459
2018-03-19 16:00:00,0.0456
2018-03-19 17:00:00,0.0468
2018-03-19 18:00:00,0.0487
2018-03-19 19:00:00,0.0434
2018-03-19 20:00:00,0.0415
2018-03-19 21:00:00,0.0334
2018-03-19 22:00:00,0.0254
2018-03-19 23:00:00,0.0162
2018-03-20 00:00:00,0.0119
2018-03-20 01:00:00,0.0067
2018-03-20 02:00:00,0.0044
2018-03-20 03:00:00,0.0037
2018-03-20 04:00:00,0.005
2018-03-20 05:00:00,0.0096
2018-03-20 06:00:00,0.0185
2018-03-20 07:00:00,0.0281
2018-03-20 08:00:00,0.0449
2018-03-20 09:00:00,0.0494
2018-03-20 10:00:00,0.0418
2018-03-20 11:00:00,0.0423
2018-03-20 12:00:00,0.0492
2018-03-20 13:00:00,0.0561
2018-03-20 14:00:00,0.0548
2018-03-20 15:00:00,0.0638
2018-03-20 16:00:00,0.0674
2018-03-20 17:00:00,0.0698
2018-03-20 18:00:00,0.0686
2018-03-20 19:00:00,0.0626
2018-03-20 20:00:00,0.0504
2018-03-20 21:00:00,0.0372
2018-03-20 22:00:00,0.0277
2018-03-20 23:00:00,0.0177
2018-03-21 00:00:00,0.0112
2018-03-21 01:00:00,0.0072
2018-03-21 02:00:00,0.0052
2018-03-21 03:00:00,0.005
2018-03-21 04:00:00,0.0063
2018-03-21 05:00:00,0.0098
2018-03-21 06:00:00,0.0194
2018-03-21 07:00:00,0.029
2018-03-21 08:00:00,0.0456
2018-03-21 09:00:00,0.0507
2018-03-21 10:00:00,0.0427
2018-03-21 11:00:00,0.0429
2018-03-21 12:00:00,0.0489
2018-03-21 13:00:00,0.0516
2018-03-21 14:00:00,0.0555
2018-03-21 15:00:00,0.0685
2018-03-21 16:00:00,0.0709
2018-03-21 17:00:00,0.0699
2018-03-21 18:00:00,0.073
2018-03-21 19:00:00,0.061
2018-03-21 20:00:00,0.0561
2018-03-21 21:00:00,0.042
2018-03-21 22:00:00,0.0298
2018-03-21 23:00:00,0.0191
2018-03-22 00:00:00,0.0126
2018-03-22 01:00:00,0.0092
2018-03-22 02:00:00,0.0052
2018-03-22 03:00:00,0.0044
2018-03-22 04:00:00,0.0058
2018-03-22 05:00:00,0.0107
2018-03-22 06:00:00,0.0201
2018-03-22 07:00:00,0.0316
2018-03-22 08:00:00,0.047
2018-03-22 09:00:00,0.0502
2018-03-22 10:00:00,0.0417
2018-03-22 11:00:00,0.045
2018-03-22 12:00:00,0.0529
2018-03-22 13:00:00,0.0548
2018-03-22 14:00:00,0.0597
2018-03-22 15:00:00,0.0665
2018-03-22 16:00:00,0.0732
2018-03-22 17:00:00,0.0733
2018-03-22 18:00:00,0.069
2018-03-22 19:00:00,0.0684
2018-03-22 20:00:00,0.0585
2018-03-22 21:00:00,0.0495
2018-03-22 22:00:00,0.034
2018-03-22 23:00:00,0.0189
2018-03-23 00:00:00,0.0125
2018-03-23 01:00:00,0.0086
2018-03-23 02:00:00,0.0051
2018-03-23 03:00:00,0.0048
2018-03-23 04:00:00,0.0058
2018-03-23 05:00:00,0.0111
2018-03-23 06:00:00,0.0196
2018-03-23 07:00:00,0.0314
2018-03-23 08:00:00,0.0407
2018-03-23 09:00:00,0.0521
2018-03-23 10:00:00,0.0467
2018-03-23 11:00:00,0.0453
2018-03-23 12:00:00,0.0504
2018-03-23 13:00:00,0.0565
2018-03-23 14:00:00,0.0601
2018-03-23 15:00:00,0.0665
2018-03-23 16:00:00,0.0728
2018-03-23 17:00:00,0.0771
2018-03-23 18:00:00,0.0781
2018-03-23 19:00:00,0.0652
2018-03-23 20:00:00,0.0575
2018-03-23 21:00:00,0.0467
2018-03-23 22:00:00,0.0308
2018-03-23 23:00:00,0.021
2018-03-24 00:00:00,0.0146
2018-03-24 01:00:00,0.0102
2018-03-24 02:00:00,0.0064
2018-03-24 03:00:00,0.0046
2018-03-24 04:00:00,0.0062
2018-03-24 05:00:00,0.0108
2018-03-24 06:00:00,0.0181
2018-03-24 07:00:00,0.0327
2018-03-24 08:00:00,0.0451
2018-03-24 09:00:00,0.0498
2018-03-24 10:00:00,0.0432
2018-03-24 11:00:00,0.0457
2018-03-24 12:00:00,0.0562
2018-03-24 13:00:00,0.0553
2018-03-24 14:00:00,0.0695
2018-03-24 15:00:00,0.0684
2018-03-24 16:00:00,0.071
2018-03-24 17:00:00,0.0738
2018-03-24 18:00:00,0.0785
2018-03-24 19:00:00,0.068
2018-03-24 20:00:00,0.0549
2018-03-24 21:00:00,0.0473
2018-03-24 22:00:00,0.0336
2018-03-24 23:00:00,0.0276
2018-03-25 00:00:00,0.0202
2018-03-25 01:00:00,0.0138
2018-03-25 02:00:00,0.008
2018-03-25 03:00:00,0.0059
2018-03-25 04:00:00,0.0055
2018-03-25 05:00:00,0.0053
2018-03-25 06:00:00,0.0082
2018-03-25 07:00:00,0.0152
2018-03-25 08:00:00,0.0243
2018-03-25 09:00:00,0.034
2018-03-25 10:00:00,0.0404
2018-03-25 11:00:00,0.0467
2018-03-25 12:00:00,0.0506
2018-03-25 13:00:00,0.0591
2018-03-25 14:00:00,0.0581
2018-03-25 15:00:00,0.0607
2018-03-25 16:00:00,0.0582
2018-03-25 17:00:00,0.0606
2018-03-25 18:00:00,0.057
2018-03-25 19:00:00,0.0502
2018-03-25 20:00:00,0.0436
2018-03-25 21:00:00,0.0377
2018-03-25 22:00:00,0.0327
2018-03-25 23:00:00,0.0259
2018-03-26 00:00:00,0.0204
2018-03-26 01:00:00,0.0132
2018-03-26 02:00:00,0.0088
2018-03-26 03:00:00,0.0063
2018-03-26 04:00:00,0.0053
2018-03-26 05:00:00,0.0036
2018-03-26 06:00:00,0.0045
2018-03-26 07:00:00,0.008
2018-03-26 08:00:00,0.0149
2018-03-26 09:00:00,0.0218
2018-03-26 10:00:00,0.0306
2018-03-26 11:00:00,0.0359
2018-03-26 12:00:00,0.0423
2018-03-26 13:00:00,0.0459
2018-03-26 14:00:00,0.0501
2018-03-26 15:00:00,0.0467
2018-03-26 16:00:00,0.0467
2018-03-26 17:00:00,0.0447
2018-03-26 18:00:00,0.048
2018-03-26 19:00:00,0.0439
2018-03-26 20:00:00,0.0396
2018-03-26 21:00:00,0.0329
2018-03-26 22:00:00,0.0211
2018-03-26 23:00:00,0.015
2018-03-27 00:00:00,0.014903960396039603
2018-03-27 01:00:00,0.014807920792079207
2018-03-27 02:00:00,0.014711881188118812
2018-03-27 03:00:00,0.014615841584158415
2018-03-27 04:00:00,0.014519801980198019
2018-03-27 05:00:00,0.014423762376237624
2018-03-27 06:00:00,0.014327722772277228
2018-03-27 07:00:00,0.014231683168316831
2018-03-27 08:00:00,0.014135643564356435
2018-03-27 09:00:00,0.014039603960396038
2018-03-27 10:00:00,0.013943564356435643
2018-03-27 11:00:00,0.013847524752475247
2018-03-27 12:00:00,0.01375148514851485
2018-03-27 13:00:00,0.013655445544554456
2018-03-27 14:00:00,0.01355940594059406
2018-03-27 15:00:00,0.013463366336633663
2018-03-27 16:00:00,0.013367326732673266
2018-03-27 17:00:00,0.01327128712871287
2018-03-27 18:00:00,0.013175247524752475
2018-03-27 19:00:00,0.013079207920792079
2018-03-27 20:00:00,0.012983168316831682
2018-03-27 21:00:00,0.012887128712871287
2018-03-27 22:00:00,0.012791089108910891
2018-03-27 23:00:00,0.012695049504950495
2018-03-28 00:00:00,0.012599009900990098
2018-03-28 01:00:00,0.012502970297029702
2018-03-28 02:00:00,0.012406930693069307
2018-03-28 03:00:00,0.01231089108910891
2018-03-28 04:00:00,0.012214851485148514
2018-03-28 05:00:00,0.01211881188118812
2018-03-28 06:00:00,0.012022772277227723
2018-03-28 07:00:00,0.011926732673267326
2018-03-28 08:00:00,0.01183069306930693
2018-03-28 09:00:00,0.011734653465346533
2018-03-28 10:00:00,0.011638613861386139
2018-03-28 11:00:00,0.011542574257425742
2018-03-28 12:00:00,0.011446534653465346
2018-03-28 13:00:00,0.01135049504950495
2018-03-28 14:00:00,0.011254455445544554
2018-03-28 15:00:00,0.011158415841584158
2018-03-28 16:00:00,0.011062376237623761
2018-03-28 17:00:00,0.010966336633663365
2018-03-28 18:00:00,0.01087029702970297
2018-03-28 19:00:00,0.010774257425742574
2018-03-28 20:00:00,0.010678217821782177
2018-03-28 21:00:00,0.010582178217821783
2018-03-28 22:00:00,0.010486138613861386
2018-03-28 23:00:00,0.01039009900990099
2018-03-29 00:00:00,0.010294059405940593
2018-03-29 01:00:00,0.010198019801980197
2018-03-29 02:00:00,0.010101980198019802
2018-03-29 03:00:00,0.010005940594059405
2018-03-29 04:00:00,0.009909900990099009
2018-03-29 05:00:00,0.009813861386138614
2018-03-29 06:00:00,0.009717821782178218
2018-03-29 07:00:00,0.009621782178217821
2018-03-29 08:00:00,0.009525742574257425
2018-03-29 09:00:00,0.009429702970297028
2018-03-29 10:00:00,0.009333663366336634
2018-03-29 11:00:00,0.009237623762376237
2018-03-29 12:00:00,0.00914158415841584
2018-03-29 13:00:00,0.009045544554455446
2018-03-29 14:00:00,0.00894950495049505
2018-03-29 15:00:00,0.008853465346534653
2018-03-29 16:00:00,0.008757425742574257
2018-03-29 17:00:00,0.00866138613861386
2018-03-29 18:00:00,0.008565346534653465
2018-03-29 19:00:00,0.008469306930693069
2018-03-29 20:00:00,0.008373267326732672
2018-03-29 21:00:00,0.008277227722772278
2018-03-29 22:00:00,0.008181188118811881
2018-03-29 23:00:00,0.008085148514851485
2018-03-30 00:00:00,0.007989108910891088
2018-03-30 01:00:00,0.007893069306930692
2018-03-30 02:00:00,0.007797029702970297
2018-03-30 03:00:00,0.0077009900990099005
2018-03-30 04:00:00,0.007604950495049504
2018-03-30 05:00:00,0.0075089108910891085
2018-03-30 06:00:00,0.007412871287128713
2018-03-30 07:00:00,0.007316831683168316
2018-03-30 08:00:00,0.00722079207920792
2018-03-30 09:00:00,0.0071247524752475234
2018-03-30 10:00:00,0.007028712871287129
2018-03-30 11:00:00,0.006932673267326732
2018-03-30 12:00:00,0.006836633663366336
2018-03-30 13:00:00,0.006740594059405941
2018-03-30 14:00:00,0.0066445544554455446
2018-03-30 15:00:00,0.006548514851485148
2018-03-30 16:00:00,0.006452475247524752
2018-03-30 17:00:00,0.006356435643564355
2018-03-30 18:00:00,0.00626039603960396
2018-03-30 19:00:00,0.006164356435643564
2018-03-30 20:00:00,0.0060683168316831675
2018-03-30 21:00:00,0.005972277227722773
2018-03-30 22:00:00,0.005876237623762376
2018-03-30 23:00:00,0.00578019801980198
2018-03-31 00:00:00,0.005684158415841583
2018-03-31 01:00:00,0.005588118811881187
2018-03-31 02:00:00,0.005492079207920792
2018-03-31 03:00:00,0.005396039603960396
2018-03-31 04:00:00,0.0053
2018-03-31 05:00:00,0.0083
2018-03-31 06:00:00,0.0161
2018-03-31 07:00:00,0.028
2018-03-31 08:00:00,0.0432
2018-03-31 09:00:00,0.0535
2018-03-31 10:00:00,0.0463
2018-03-31 11:00:00,0.0501
2018-03-31 12:00:00,0.0591
2018-03-31 13:00:00,0.0677
2018-03-31 14:00:00,0.0674
2018-03-31 15:00:00,0.1254
2018-03-31 16:00:00,0.109
2018-03-31 17:00:00,0.1064
2018-03-31 18:00:00,0.0753
2018-03-31 19:00:00,0.07
2018-03-31 20:00:00,0.06
2018-03-31 21:00:00,0.0422
2018-03-31 22:00:00,0.0342
2018-03-31 23:00:00,0.0272
2018-04-01 00:00:00,0.0191
2018-04-01 01:00:00,0.0138
2018-04-01 02:00:00,0.0092
2018-04-01 03:00:00,0.0058
2018-04-01 04:00:00,0.0061
2018-04-01 05:00:00,0.0058
2018-04-01 06:00:00,0.0072
2018-04-01 07:00:00,0.0134
2018-04-01 08:00:00,0.0257
2018-04-01 09:00:00,0.0347
2018-04-01 10:00:00,0.0403
2018-04-01 11:00:00,0.0435
2018-04-01 12:00:00,0.0518
2018-04-01 13:00:00,0.0566
2018-04-01 14:00:00,0.0584
2018-04-01 15:00:00,0.0577
2018-04-01 16:00:00,0.0605
2018-04-01 17:00:00,0.0599
2018-04-01 18:00:00,0.0531
2018-04-01 19:00:00,0.0503
2018-04-01 20:00:00,0.0457
2018-04-01 21:00:00,0.0392
2018-04-01 22:00:00,0.0316
2018-04-01 23:00:00,0.0238
2018-04-02 00:00:00,0.0186
2018-04-02 01:00:00,0.0128
2018-04-02 02:00:00,0.0084
2018-04-02 03:00:00,0.0057
2018-04-02 04:00:00,0.0043
2018-04-02 05:00:00,0.0041
2018-04-02 06:00:00,0.0048
2018-04-02 07:00:00,0.0087
2018-04-02 08:00:00,0.0127
2018-04-02 09:00:00,0.0214
2018-04-02 10:00:00,0.0293
2018-04-02 11:00:00,0.0366
2018-04-02 12:00:00,0.0423
2018-04-02 13:00:00,0.0442
2018-04-02 14:00:00,0.0523
2018-04-02 15:00:00,0.0473
2018-04-02 16:00:00,0.0446
2018-04-02 17:00:00,0.0496
2018-04-02 18:00:00,0.0463
2018-04-02 19:00:00,0.0436
2018-04-02 20:00:00,0.0376
2018-04-02 21:00:00,0.0294
2018-04-02 22:00:00,0.0225
2018-04-02 23:00:00,0.0166
2018-04-03 00:00:00,0.0106
2018-04-03 01:00:00,0.0066
2018-04-03 02:00:00,0.0033
2018-04-03 03:00:00,0.0035
2018-04-03 04:00:00,0.005
2018-04-03 05:00:00,0.0087
2018-04-03 06:00:00,0.0173
2018-04-03 07:00:00,0.0278
2018-04-03 08:00:00,0.0384
2018-04-03 09:00:00,0.0485
2018-04-03 10:00:00,0.043
2018-04-03 11:00:00,0.0421
2018-04-03 12:00:00,0.0513
2018-04-03 13:00:00,0.0549
2018-04-03 14:00:00,0.0541
2018-04-03 15:00:00,0.0642
2018-04-03 16:00:00,0.0681
2018-04-03 17:00:00,0.0655
2018-04-03 18:00:00,0.0769
2018-04-03 19:00:00,0.0635
2018-04-03 20:00:00,0.0507
2018-04-03 21:00:00,0.0346
2018-04-03 22:00:00,0.0272
2018-04-03 23:00:00,0.0165
2018-04-04 00:00:00,0.0105
2018-04-04 01:00:00,0.007
2018-04-04 02:00:00,0.005
2018-04-04 03:00:00,0.0038
2018-04-04 04:00:00,0.0058
2018-04-04 05:00:00,0.0105
2018-04-04 06:00:00,0.018
2018-04-04 07:00:00,0.0314
2018-04-04 08:00:00,0.0402
2018-04-04 09:00:00,0.0469
2018-04-04 10:00:00,0.0407
2018-04-04 11:00:00,0.0416
2018-04-04 12:00:00,0.0454
2018-04-04 13:00:00,0.0556
2018-04-04 14:00:00,0.058
2018-04-04 15:00:00,0.0666
2018-04-04 16:00:00,0.0727
2018-04-04 17:00:00,0.0716
2018-04-04 18:00:00,0.0723
2018-04-04 19:00:00,0.0595
2018-04-04 20:00:00,0.0527
2018-04-04 21:00:00,0.0408
2018-04-04 22:00:00,0.0313
2018-04-04 23:00:00,0.0196
2018-04-05 00:00:00,0.0124
2018-04-05 01:00:00,0.0082
2018-04-05 02:00:00,0.0048
2018-04-05 03:00:00,0.0045
2018-04-05 04:00:00,0.0061
2018-04-05 05:00:00,0.0101
2018-04-05 06:00:00,0.0183
2018-04-05 07:00:00,0.0331
2018-04-05 08:00:00,0.0391
2018-04-05 09:00:00,0.0522
2018-04-05 10:00:00,0.0437
2018-04-05 11:00:00,0.0414
2018-04-05 12:00:00,0.048
2018-04-05 13:00:00,0.0551
2018-04-05 14:00:00,0.0623
2018-04-05 15:00:00,0.0611
2018-04-05 16:00:00,0.0675
2018-04-05 17:00:00,0.0648
2018-04-05 18:00:00,0.0717
2018-04-05 19:00:00,0.0625
2018-04-05 20:00:00,0.0537
2018-04-05 21:00:00,0.0431
2018-04-05 22:00:00,0.0316
2018-04-05 23:00:00,0.0196
2018-04-06 00:00:00,0.0121
2018-04-06 01:00:00,0.0086
2018-04-06 02:00:00,0.0054
2018-04-06 03:00:00,0.0042
2018-04-06 04:00:00,0.0055
2018-04-06 05:00:00,0.0088
2018-04-06 06:00:00,0.0205
2018-04-06 07:00:00,0.0314
2018-04-06 08:00:00,0.0393
2018-04-06 09:00:00,0.0507
2018-04-06 10:00:00,0.0464
2018-04-06 11:00:00,0.0459
2018-04-06 12:00:00,0.0485
2018-04-06 13:00:00,0.0589
2018-04-06 14:00:00,0.0581
2018-04-06 15:00:00,0.0683
2018-04-06 16:00:00,0.068
2018-04-06 17:00:00,0.0711
2018-04-06 18:00:00,0.0727
2018-04-06 19:00:00,0.064
2018-04-06 20:00:00,0.0533
2018-04-06 21:00:00,0.0433
2018-04-06 22:00:00,0.0333
2018-04-06 23:00:00,0.02
2018-04-07 00:00:00,0.014
2018-04-07 01:00:00,0.0091
2018-04-07 02:00:00,0.0049
2018-04-07 03:00:00,0.0049
2018-04-07 04:00:00,0.0061
2018-04-07 05:00:00,0.0103
2018-04-07 06:00:00,0.0172
2018-04-07 07:00:00,0.0303
2018-04-07 08:00:00,0.0373
2018-04-07 09:00:00,0.0434
2018-04-07 10:00:00,0.0423
2018-04-07 11:00:00,0.0442
2018-04-07 12:00:00,0.0531
2018-04-07 13:00:00,0.0565
2018-04-07 14:00:00,0.065
2018-04-07 15:00:00,0.0698
2018-04-07 16:00:00,0.0729
2018-04-07 17:00:00,0.0744
2018-04-07 18:00:00,0.0716
2018-04-07 19:00:00,0.0633
2018-04-07 20:00:00,0.0551
2018-04-07 21:00:00,0.0403
2018-04-07 22:00:00,0.0352
2018-04-07 23:00:00,0.0277
2018-04-08 00:00:00,0.0184
2018-04-08 01:00:00,0.013
2018-04-08 02:00:00,0.0078
2018-04-08 03:00:00,0.006
2018-04-08 04:00:00,0.0053
2018-04-08 05:00:00,0.0057
2018-04-08 06:00:00,0.0099
2018-04-08 07:00:00,0.0163
2018-04-08 08:00:00,0.0223
2018-04-08 09:00:00,0.0323
2018-04-08 10:00:00,0.0374
2018-04-08 11:00:00,0.0489
2018-04-08 12:00:00,0.0524
2018-04-08 13:00:00,0.0571
2018-04-08 14:00:00,0.0561
2018-04-08 15:00:00,0.0571
2018-04-08 16:00:00,0.0584
2018-04-08 17:00:00,0.059
2018-04-08 18:00:00,0.0537
2018-04-08 19:00:00,0.0491
2018-04-08 20:00:00,0.044
2018-04-08 21:00:00,0.0363
2018-04-08 22:00:00,0.0304
2018-04-08 23:00:00,0.024
2018-04-09 00:00:00,0.0201
2018-04-09 01:00:00,0.013
2018-04-09 02:00:00,0.0076
2018-04-09 03:00:00,0.0057
2018-04-09 04:00:00,0.0042
2018-04-09 05:00:00,0.0039
2018-04-09 06:00:00,0.0049
2018-04-09 07:00:00,0.0097
2018-04-09 08:00:00,0.0145
2018-04-09 09:00:00,0.0225
2018-04-09 10:00:00,0.0292
2018-04-09 11:00:00,0.0344
2018-04-09 12:00:00,0.041
2018-04-09 13:00:00,0.0453
2018-04-09 14:00:00,0.0495
2018-04-09 15:00:00,0.0456
2018-04-09 16:00:00,0.0466
2018-04-09 17:00:00,0.044
2018-04-09 18:00:00,0.0455
2018-04-09 19:00:00,0.0344
2018-04-09 20:00:00,0.0353
2018-04-09 21:00:00,0.0262
2018-04-09 22:00:00,0.0211
2018-04-09 23:00:00,0.0132
2018-04-10 00:00:00,0.0099
2018-04-10 01:00:00,0.0059
2018-04-10 02:00:00,0.0039
2018-04-10 03:00:00,0.0028
2018-04-10 04:00:00,0.0045
2018-04-10 05:00:00,0.0083
2018-04-10 06:00:00,0.0146
2018-04-10 07:00:00,0.0227
2018-04-10 08:00:00,0.0358
2018-04-10 09:00:00,0.043
2018-04-10 10:00:00,0.0402
2018-04-10 11:00:00,0.0443
2018-04-10 12:00:00,0.0489
2018-04-10 13:00:00,0.0546
2018-04-10 14:00:00,0.0556
2018-04-10 15:00:00,0.065
2018-04-10 16:00:00,0.0709
2018-04-10 17:00:00,0.069
2018-04-10 18:00:00,0.0694
2018-04-10 19:00:00,0.0595
2018-04-10 20:00:00,0.0458
2018-04-10 21:00:00,0.0365
2018-04-10 22:00:00,0.0267
2018-04-10 23:00:00,0.0172
2018-04-11 00:00:00,0.0105
2018-04-11 01:00:00,0.0076
2018-04-11 02:00:00,0.006
2018-04-11 03:00:00,0.0044
2018-04-11 04:00:00,0.0053
2018-04-11 05:00:00,0.0104
2018-04-11 06:00:00,0.019
2018-04-11 07:00:00,0.0302
2018-04-11 08:00:00,0.038
2018-04-11 09:00:00,0.0501
2018-04-11 10:00:00,0.0421
2018-04-11 11:00:00,0.0442
2018-04-11 12:00:00,0.0495
2018-04-11 13:00:00,0.0528
2018-04-11 14:00:00,0.056
2018-04-11 15:00:00,0.0654
2018-04-11 16:00:00,0.075
2018-04-11 17:00:00,0.0719
2018-04-11 18:00:00,0.074
2018-04-11 19:00:00,0.0618
2018-04-11 20:00:00,0.055
2018-04-11 21:00:00,0.04
2018-04-11 22:00:00,0.0295
2018-04-11 23:00:00,0.0208
2018-04-12 00:00:00,0.0126
2018-04-12 01:00:00,0.0084
2018-04-12 02:00:00,0.0046
2018-04-12 03:00:00,0.0043
2018-04-12 04:00:00,0.0063
2018-04-12 05:00:00,0.0097
2018-04-12 06:00:00,0.0199
2018-04-12 07:00:00,0.0323
2018-04-12 08:00:00,0.0399
2018-04-12 09:00:00,0.0509
2018-04-12 10:00:00,0.0412
2018-04-12 11:00:00,0.045
2018-04-12 12:00:00,0.0515
2018-04-12 13:00:00,0.0552
2018-04-12 14:00:00,0.0593
2018-04-12 15:00:00,0.0693
2018-04-12 16:00:00,0.0741
2018-04-12 17:00:00,0.0793
2018-04-12 18:00:00,0.0702
2018-04-12 19:00:00,0.0669
2018-04-12 20:00:00,0.0525
2018-04-12 21:00:00,0.0414
2018-04-12 22:00:00,0.0332
2018-04-12 23:00:00,0.0205
2018-04-13 00:00:00,0.0124
2018-04-13 01:00:00,0.0087
2018-04-13 02:00:00,0.0058
2018-04-13 03:00:00,0.0041
2018-04-13 04:00:00,0.0054
2018-04-13 05:00:00,0.0103
2018-04-13 06:00:00,0.0195
2018-04-13 07:00:00,0.0321
2018-04-13 08:00:00,0.0402
2018-04-13 09:00:00,0.0482
2018-04-13 10:00:00,0.0431
2018-04-13 11:00:00,0.0458
2018-04-13 12:00:00,0.0491
2018-04-13 13:00:00,0.0583
2018-04-13 14:00:00,0.0606
2018-04-13 15:00:00,0.0674
2018-04-13 16:00:00,0.075
2018-04-13 17:00:00,0.075
2018-04-13 18:00:00,0.0748
2018-04-13 19:00:00,0.0657
2018-04-13 20:00:00,0.0558
2018-04-13 21:00:00,0.0453
2018-04-13 22:00:00,0.0331
2018-04-13 23:00:00,0.0219
2018-04-14 00:00:00,0.0128
2018-04-14 01:00:00,0.0092
2018-04-14 02:00:00,0.0065
2018-04-14 03:00:00,0.0047
2018-04-14 04:00:00,0.0057
2018-04-14 05:00:00,0.0085
2018-04-14 06:00:00,0.016
2018-04-14 07:00:00,0.0294
2018-04-14 08:00:00,0.0384
2018-04-14 09:00:00,0.0506
2018-04-14 10:00:00,0.0421
2018-04-14 11:00:00,0.0459
2018-04-14 12:00:00,0.0563
2018-04-14 13:00:00,0.0579
2018-04-14 14:00:00,0.0554
2018-04-14 15:00:00,0.0634
2018-04-14 16:00:00,0.0764
2018-04-14 17:00:00,0.0774
2018-04-14 18:00:00,0.0811
2018-04-14 19:00:00,0.0688
2018-04-14 20:00:00,0.0506
2018-04-14 21:00:00,0.0371
2018-04-14 22:00:00,0.033
2018-04-14 23:00:00,0.0267
2018-04-15 00:00:00,0.0196
2018-04-15 01:00:00,0.0122
2018-04-15 02:00:00,0.0078
2018-04-15 03:00:00,0.0066
2018-04-15 04:00:00,0.0053
2018-04-15 05:00:00,0.0061
2018-04-15 06:00:00,0.0099
2018-04-15 07:00:00,0.0146
2018-04-15 08:00:00,0.0252
2018-04-15 09:00:00,0.0306
2018-04-15 10:00:00,0.037
2018-04-15 11:00:00,0.0438
2018-04-15 12:00:00,0.0519
2018-04-15 13:00:00,0.055
2018-04-15 14:00:00,0.058
2018-04-15 15:00:00,0.0609
2018-04-15 16:00:00,0.0596
2018-04-15 17:00:00,0.0581
2018-04-15 18:00:00,0.0551
2018-04-15 19:00:00,0.0522
2018-04-15 20:00:00,0.0407
2018-04-15 21:00:00,0.0358
2018-04-15 22:00:00,0.03
2018-04-15 23:00:00,0.0247
2018-04-16 00:00:00,0.0186
2018-04-16 01:00:00,0.0126
2018-04-16 02:00:00,0.0079
2018-04-16 03:00:00,0.0062
2018-04-16 04:00:00,0.0044
2018-04-16 05:00:00,0.0039
2018-04-16 06:00:00,0.0046
2018-04-16 07:00:00,0.0074
2018-04-16 08:00:00,0.013
2018-04-16 09:00:00,0.0194
2018-04-16 10:00:00,0.0263
2018-04-16 11:00:00,0.0347
2018-04-16 12:00:00,0.0396
2018-04-16 13:00:00,0.047
2018-04-16 14:00:00,0.0466
2018-04-16 15:00:00,0.0428
2018-04-16 16:00:00,0.0417
2018-04-16 17:00:00,0.0448
2018-04-16 18:00:00,0.046
2018-04-16 19:00:00,0.0438
2018-04-16 20:00:00,0.0368
2018-04-16 21:00:00,0.0255
2018-04-16 22:00:00,0.0201
2018-04-16 23:00:00,0.014
2018-04-17 00:00:00,0.0098
2018-04-17 01:00:00,0.0072
2018-04-17 02:00:00,0.0037
2018-04-17 03:00:00,0.0039
2018-04-17 04:00:00,0.0051
2018-04-17 05:00:00,0.0083
2018-04-17 06:00:00,0.017
2018-04-17 07:00:00,0.0312
2018-04-17 08:00:00,0.0447
2018-04-17 09:00:00,0.05
2018-04-17 10:00:00,0.0394
2018-04-17 11:00:00,0.0412
2018-04-17 12:00:00,0.049
2018-04-17 13:00:00,0.0545
2018-04-17 14:00:00,0.0575
2018-04-17 15:00:00,0.0661
2018-04-17 16:00:00,0.0695
2018-04-17 17:00:00,0.0735
2018-04-17 18:00:00,0.0739
2018-04-17 19:00:00,0.0661
2018-04-17 20:00:00,0.0516
2018-04-17 21:00:00,0.0324
2018-04-17 22:00:00,0.0278
2018-04-17 23:00:00,0.0164
2018-04-18 00:00:00,0.0102
2018-04-18 01:00:00,0.008
2018-04-18 02:00:00,0.005
2018-04-18 03:00:00,0.004
2018-04-18 04:00:00,0.0052
2018-04-18 05:00:00,0.0085
2018-04-18 06:00:00,0.0181
2018-04-18 07:00:00,0.0322
2018-04-18 08:00:00,0.0454
2018-04-18 09:00:00,0.0492
2018-04-18 10:00:00,0.0416
2018-04-18 11:00:00,0.0409
2018-04-18 12:00:00,0.0579
2018-04-18 13:00:00,0.0547
2018-04-18 14:00:00,0.0551
2018-04-18 15:00:00,0.0682
2018-04-18 16:00:00,0.0708
2018-04-18 17:00:00,0.0773
2018-04-18 18:00:00,0.0764
2018-04-18 19:00:00,0.0666
2018-04-18 20:00:00,0.0553
2018-04-18 21:00:00,0.0392
2018-04-18 22:00:00,0.0294
2018-04-18 23:00:00,0.0181
2018-04-19 00:00:00,0.0122
2018-04-19 01:00:00,0.0073
2018-04-19 02:00:00,0.0056
2018-04-19 03:00:00,0.0045
2018-04-19 04:00:00,0.0056
2018-04-19 05:00:00,0.0108
2018-04-19 06:00:00,0.0188
2018-04-19 07:00:00,0.0342
2018-04-19 08:00:00,0.046
2018-04-19 09:00:00,0.0518
2018-04-19 10:00:00,0.044
2018-04-19 11:00:00,0.0452
2018-04-19 12:00:00,0.0507
2018-04-19 13:00:00,0.0592
2018-04-19 14:00:00,0.0618
2018-04-19 15:00:00,0.066
2018-04-19 16:00:00,0.0744
2018-04-19 17:00:00,0.0742
2018-04-19 18:00:00,0.076
2018-04-19 19:00:00,0.0683
2018-04-19 20:00:00,0.0534
2018-04-19 21:00:00,0.0444
2018-04-19 22:00:00,0.0305
2018-04-19 23:00:00,0.018
2018-04-20 00:00:00,0.0126
2018-04-20 01:00:00,0.0081
2018-04-20 02:00:00,0.0057
2018-04-20 03:00:00,0.0045
2018-04-20 04:00:00,0.006
2018-04-20 05:00:00,0.01
2018-04-20 06:00:00,0.0191
2018-04-20 07:00:00,0.0324
2018-04-20 08:00:00,0.0454
2018-04-20 09:00:00,0.0521
2018-04-20 10:00:00,0.0449
2018-04-20 11:00:00,0.0424
2018-04-20 12:00:00,0.0498
2018-04-20 13:00:00,0.0552
2018-04-20 14:00:00,0.0625
2018-04-20 15:00:00,0.0734
2018-04-20 16:00:00,0.0759
2018-04-20 17:00:00,0.0761
2018-04-20 18:00:00,0.0747
2018-04-20 19:00:00,0.0586
2018-04-20 20:00:00,0.0625
2018-04-20 21:00:00,0.0478
2018-04-20 22:00:00,0.0338
2018-04-20 23:00:00,0.0201
2018-04-21 00:00:00,0.015
2018-04-21 01:00:00,0.0103
2018-04-21 02:00:00,0.0058
2018-04-21 03:00:00,0.0049
2018-04-21 04:00:00,0.0059
2018-04-21 05:00:00,0.0089
2018-04-21 06:00:00,0.0184
2018-04-21 07:00:00,0.0322
2018-04-21 08:00:00,0.0455
2018-04-21 09:00:00,0.0513
2018-04-21 10:00:00,0.0431
2018-04-21 11:00:00,0.0452
2018-04-21 12:00:00,0.0563
2018-04-21 13:00:00,0.0611
2018-04-21 14:00:00,0.067
2018-04-21 15:00:00,0.0743
2018-04-21 16:00:00,0.2174
2018-04-21 17:00:00,0.1329
2018-04-21 18:00:00,0.0732
2018-04-21 19:00:00,0.0671
2018-04-21 20:00:00,0.0604
2018-04-21 21:00:00,0.0431
2018-04-21 22:00:00,0.0346
2018-04-21 23:00:00,0.0288
2018-04-22 00:00:00,0.0221
2018-04-22 01:00:00,0.0137
2018-04-22 02:00:00,0.0097
2018-04-22 03:00:00,0.0067
2018-04-22 04:00:00,0.0055
2018-04-22 05:00:00,0.0052
2018-04-22 06:00:00,0.0087
2018-04-22 07:00:00,0.015
2018-04-22 08:00:00,0.0247
2018-04-22 09:00:00,0.0346
2018-04-22 10:00:00,0.0396
2018-04-22 11:00:00,0.0484
2018-04-22 12:00:00,0.0531
2018-04-22 13:00:00,0.0573
2018-04-22 14:00:00,0.0564
2018-04-22 15:00:00,0.0588
2018-04-22 16:00:00,0.0576
2018-04-22 17:00:00,0.0623
2018-04-22 18:00:00,0.0592
2018-04-22 19:00:00,0.0541
2018-04-22 20:00:00,0.0476
2018-04-22 21:00:00,0.0371
2018-04-22 22:00:00,0.0303
2018-04-22 23:00:00,0.0322
2018-04-23 00:00:00,0.021
2018-04-23 01:00:00,0.0158
2018-04-23 02:00:00,0.0096
2018-04-23 03:00:00,0.0066
2018-04-23 04:00:00,0.005
2018-04-23 05:00:00,0.0039
2018-04-23 06:00:00,0.0058
2018-04-23 07:00:00,0.0075
2018-04-23 08:00:00,0.0139
2018-04-23 09:00:00,0.0226
2018-04-23 10:00:00,0.0304
2018-04-23 11:00:00,0.0384
2018-04-23 12:00:00,0.0416
2018-04-23 13:00:00,0.0517
2018-04-23 14:00:00,0.0526
2018-04-23 15:00:00,0.0463
2018-04-23 16:00:00,0.0486
2018-04-23 17:00:00,0.0508
2018-04-23 18:00:00,0.0491
2018-04-23 19:00:00,0.0463
2018-04-23 20:00:00,0.0413
2018-04-23 21:00:00,0.0294
2018-04-23 22:00:00,0.0196
2018-04-23 23:00:00,0.0143
2018-04-24 00:00:00,0.0094
2018-04-24 01:00:00,0.007
2018-04-24 02:00:00,0.0048
2018-04-24 03:00:00,0.0039
2018-04-24 04:00:00,0.0047
2018-04-24 05:00:00,0.0096
2018-04-24 06:00:00,0.0184
2018-04-24 07:00:00,0.0312
2018-04-24 08:00:00,0.0443
2018-04-24 09:00:00,0.0493
2018-04-24 10:00:00,0.0426
2018-04-24 11:00:00,0.0421
2018-04-24 12:00:00,0.0502
2018-04-24 13:00:00,0.0554
2018-04-24 14:00:00,0.0591
2018-04-24 15:00:00,0.0684
2018-04-24 16:00:00,0.0756
2018-04-24 17:00:00,0.0743
2018-04-24 18:00:00,0.0743
2018-04-24 19:00:00,0.0693
2018-04-24 20:00:00,0.0496
2018-04-24 21:00:00,0.0283
2018-04-24 22:00:00,0.02
2018-04-24 23:00:00,0.0127
2018-04-25 00:00:00,0.008
2018-04-25 01:00:00,0.0059
2018-04-25 02:00:00,0.0044
2018-04-25 03:00:00,0.0029
2018-04-25 04:00:00,0.0037
2018-04-25 05:00:00,0.0069
2018-04-25 06:00:00,0.0171
2018-04-25 07:00:00,0.0315
2018-04-25 08:00:00,0.0452
2018-04-25 09:00:00,0.0527
2018-04-25 10:00:00,0.044
2018-04-25 11:00:00,0.0467
2018-04-25 12:00:00,0.0504
2018-04-25 13:00:00,0.0569
2018-04-25 14:00:00,0.0552
2018-04-25 15:00:00,0.0701
2018-04-25 16:00:00,0.074
2018-04-25 17:00:00,0.0752
2018-04-25 18:00:00,0.0776
2018-04-25 19:00:00,0.0667
2018-04-25 20:00:00,0.0537
2018-04-25 21:00:00,0.0361
2018-04-25 22:00:00,0.0292
2018-04-25 23:00:00,0.0196
2018-04-26 00:00:00,0.0118
2018-04-26 01:00:00,0.0085
2018-04-26 02:00:00,0.005
2018-04-26 03:00:00,0.0041
2018-04-26 04:00:00,0.0063
2018-04-26 05:00:00,0.01
2018-04-26 06:00:00,0.0192
2018-04-26 07:00:00,0.0337
2018-04-26 08:00:00,0.0461
2018-04-26 09:00:00,0.0486
2018-04-26 10:00:00,0.0394
2018-04-26 11:00:00,0.0423
2018-04-26 12:00:00,0.0446
2018-04-26 13:00:00,0.0584
2018-04-26 14:00:00,0.0607
2018-04-26 15:00:00,0.0704
2018-04-26 16:00:00,0.0734
2018-04-26 17:00:00,0.0776
2018-04-26 18:00:00,0.0851
2018-04-26 19:00:00,0.0777
2018-04-26 20:00:00,0.06
2018-04-26 21:00:00,0.046
2018-04-26 22:00:00,0.0303
2018-04-26 23:00:00,0.0153
2018-04-27 00:00:00,0.01
2018-04-27 01:00:00,0.0065
2018-04-27 02:00:00,0.0038
2018-04-27 03:00:00,0.0033
2018-04-27 04:00:00,0.0039
2018-04-27 05:00:00,0.0076
2018-04-27 06:00:00,0.0141
2018-04-27 07:00:00,0.0255
2018-04-27 08:00:00,0.0365
2018-04-27 09:00:00,0.0382
2018-04-27 10:00:00,0.0336
2018-04-27 11:00:00,0.0338
2018-04-27 12:00:00,0.0384
2018-04-27 13:00:00,0.0425
2018-04-27 14:00:00,0.0494
2018-04-27 15:00:00,0.0578
2018-04-27 16:00:00,0.0566
2018-04-27 17:00:00,0.0625
2018-04-27 18:00:00,0.0657
2018-04-27 19:00:00,0.054
2018-04-27 20:00:00,0.0447
2018-04-27 21:00:00,0.034
2018-04-27 22:00:00,0.0308
2018-04-27 23:00:00,0.0223
2018-04-28 00:00:00,0.0144
2018-04-28 01:00:00,0.0093
2018-04-28 02:00:00,0.0056
2018-04-28 03:00:00,0.0043
2018-04-28 04:00:00,0.006
2018-04-28 05:00:00,0.0079
2018-04-28 06:00:00,0.0154
2018-04-28 07:00:00,0.0291
2018-04-28 08:00:00,0.0452
2018-04-28 09:00:00,0.0487
2018-04-28 10:00:00,0.041
2018-04-28 11:00:00,0.048
2018-04-28 12:00:00,0.0498
2018-04-28 13:00:00,0.0572
2018-04-28 14:00:00,0.0635
2018-04-28 15:00:00,0.0717
2018-04-28 16:00:00,0.077
2018-04-28 17:00:00,0.0733
2018-04-28 18:00:00,0.0724
2018-04-28 19:00:00,0.0672
2018-04-28 20:00:00,0.0528
2018-04-28 21:00:00,0.0382
2018-04-28 22:00:00,0.0354
2018-04-28 23:00:00,0.0301
2018-04-29 00:00:00,0.0188
2018-04-29 01:00:00,0.0129
2018-04-29 02:00:00,0.0074
2018-04-29 03:00:00,0.0057
2018-04-29 04:00:00,0.0055
2018-04-29 05:00:00,0.0033
2018-04-29 06:00:00,0.0061
2018-04-29 07:00:00,0.0157
2018-04-29 08:00:00,0.0226
2018-04-29 09:00:00,0.0304
2018-04-29 10:00:00,0.0353
2018-04-29 11:00:00,0.0472
2018-04-29 12:00:00,0.0533
2018-04-29 13:00:00,0.0589
2018-04-29 14:00:00,0.0622
2018-04-29 15:00:00,0.0552
2018-04-29 16:00:00,0.0593
2018-04-29 17:00:00,0.0604
2018-04-29 18:00:00,0.0558
2018-04-29 19:00:00,0.054
2018-04-29 20:00:00,0.0465
2018-04-29 21:00:00,0.0363
2018-04-29 22:00:00,0.0304
2018-04-29 23:00:00,0.0215
2018-04-30 00:00:00,0.0104
2018-04-30 01:00:00,0.0044
2018-04-30 02:00:00,0.0029
2018-04-30 03:00:00,0.0031
2018-04-30 04:00:00,0.0064
2018-04-30 05:00:00,0.0044
2018-04-30 06:00:00,0.0056
2018-04-30 07:00:00,0.0076
2018-04-30 08:00:00,0.0139
2018-04-30 09:00:00,0.0208
2018-04-30 10:00:00,0.0302
2018-04-30 11:00:00,0.0347
2018-04-30 12:00:00,0.0427
2018-04-30 13:00:00,0.048
2018-04-30 14:00:00,0.0441
2018-04-30 15:00:00,0.047
2018-04-30 16:00:00,0.0468
2018-04-30 17:00:00,0.0476
2018-04-30 18:00:00,0.046
2018-04-30 19:00:00,0.0404
2018-04-30 20:00:00,0.0356
2018-04-30 21:00:00,0.0268
2018-04-30 22:00:00,0.0224
2018-04-30 23:00:00,0.014
2018-05-01 00:00:00,0.0091
2018-05-01 01:00:00,0.0066
2018-05-01 02:00:00,0.0045
2018-05-01 03:00:00,0.0037
2018-05-01 04:00:00,0.0053
2018-05-01 05:00:00,0.0085
2018-05-01 06:00:00,0.0166
2018-05-01 07:00:00,0.0315
2018-05-01 08:00:00,0.0444
2018-05-01 09:00:00,0.0459
2018-05-01 10:00:00,0.0393
2018-05-01 11:00:00,0.0417
2018-05-01 12:00:00,0.0514
2018-05-01 13:00:00,0.0513
2018-05-01 14:00:00,0.0627
2018-05-01 15:00:00,0.071
2018-05-01 16:00:00,0.0698
2018-05-01 17:00:00,0.066
2018-05-01 18:00:00,0.0852
2018-05-01 19:00:00,0.0645
2018-05-01 20:00:00,0.0434
2018-05-01 21:00:00,0.0295
2018-05-01 22:00:00,0.0255
2018-05-01 23:00:00,0.0165
2018-05-02 00:00:00,0.01
2018-05-02 01:00:00,0.0075
2018-05-02 02:00:00,0.0048
2018-05-02 03:00:00,0.005
2018-05-02 04:00:00,0.0053
2018-05-02 05:00:00,0.0087
2018-05-02 06:00:00,0.0181
2018-05-02 07:00:00,0.0293
2018-05-02 08:00:00,0.0336
2018-05-02 09:00:00,0.0419
2018-05-02 10:00:00,0.0346
2018-05-02 11:00:00,0.0348
2018-05-02 12:00:00,0.0401
2018-05-02 13:00:00,0.0447
2018-05-02 14:00:00,0.0548
2018-05-02 15:00:00,0.0682
2018-05-02 16:00:00,0.0734
2018-05-02 17:00:00,0.0734
2018-05-02 18:00:00,0.0744
2018-05-02 19:00:00,0.07
2018-05-02 20:00:00,0.0516
2018-05-02 21:00:00,0.0423
2018-05-02 22:00:00,0.0299
2018-05-02 23:00:00,0.0194
2018-05-03 00:00:00,0.0111
2018-05-03 01:00:00,0.0086
2018-05-03 02:00:00,0.0051
2018-05-03 03:00:00,0.0036
2018-05-03 04:00:00,0.006
2018-05-03 05:00:00,0.0099
2018-05-03 06:00:00,0.0179
2018-05-03 07:00:00,0.0331
2018-05-03 08:00:00,0.046
2018-05-03 09:00:00,0.0526
2018-05-03 10:00:00,0.0432
2018-05-03 11:00:00,0.0454
2018-05-03 12:00:00,0.0479
2018-05-03 13:00:00,0.0572
2018-05-03 14:00:00,0.0587
2018-05-03 15:00:00,0.0649
2018-05-03 16:00:00,0.0728
2018-05-03 17:00:00,0.0748
2018-05-03 18:00:00,0.0781
2018-05-03 19:00:00,0.067
2018-05-03 20:00:00,0.0522
2018-05-03 21:00:00,0.0445
2018-05-03 22:00:00,0.0316
2018-05-03 23:00:00,0.0183
2018-05-04 00:00:00,0.0124
2018-05-04 01:00:00,0.0092
2018-05-04 02:00:00,0.0062
2018-05-04 03:00:00,0.0047
2018-05-04 04:00:00,0.0064
2018-05-04 05:00:00,0.0096
2018-05-04 06:00:00,0.0176
2018-05-04 07:00:00,0.0339
2018-05-04 08:00:00,0.0474
2018-05-04 09:00:00,0.0522
2018-05-04 10:00:00,0.0443
2018-05-04 11:00:00,0.0445
2018-05-04 12:00:00,0.0514
2018-05-04 13:00:00,0.0582
2018-05-04 14:00:00,0.0607
2018-05-04 15:00:00,0.0665
2018-05-04 16:00:00,0.0747
2018-05-04 17:00:00,0.07445247524752475
2018-05-04 18:00:00,0.07420495049504951
2018-05-04 19:00:00,0.07395742574257426
2018-05-04 20:00:00,0.07370990099009901
2018-05-04 21:00:00,0.07346237623762376
2018-05-04 22:00:00,0.07321485148514852
2018-05-04 23:00:00,0.07296732673267327
2018-05-05 00:00:00,0.07271980198019802
2018-05-05 01:00:00,0.07247227722772277
2018-05-05 02:00:00,0.07222475247524753
2018-05-05 03:00:00,0.07197722772277228
2018-05-05 04:00:00,0.07172970297029703
2018-05-05 05:00:00,0.07148217821782178
2018-05-05 06:00:00,0.07123465346534653
2018-05-05 07:00:00,0.07098712871287129
2018-05-05 08:00:00,0.07073960396039604
2018-05-05 09:00:00,0.07049207920792079
2018-05-05 10:00:00,0.07024455445544554
2018-05-05 11:00:00,0.0699970297029703
2018-05-05 12:00:00,0.06974950495049505
2018-05-05 13:00:00,0.0695019801980198
2018-05-05 14:00:00,0.06925445544554455
2018-05-05 15:00:00,0.0690069306930693
2018-05-05 16:00:00,0.06875940594059406
2018-05-05 17:00:00,0.06851188118811881
2018-05-05 18:00:00,0.06826435643564356
2018-05-05 19:00:00,0.06801683168316831
2018-05-05 20:00:00,0.06776930693069307
2018-05-05 21:00:00,0.06752178217821782
2018-05-05 22:00:00,0.06727425742574258
2018-05-05 23:00:00,0.06702673267326734
2018-05-06 00:00:00,0.06677920792079209
2018-05-06 01:00:00,0.06653168316831684
2018-05-06 02:00:00,0.0662841584158416
2018-05-06 03:00:00,0.06603663366336635
2018-05-06 04:00:00,0.0657891089108911
2018-05-06 05:00:00,0.06554158415841585
2018-05-06 06:00:00,0.0652940594059406
2018-05-06 07:00:00,0.06504653465346535
2018-05-06 08:00:00,0.0647990099009901
2018-05-06 09:00:00,0.06455148514851486
2018-05-06 10:00:00,0.06430396039603961
2018-05-06 11:00:00,0.06405643564356436
2018-05-06 12:00:00,0.06380891089108912
2018-05-06 13:00:00,0.06356138613861387
2018-05-06 14:00:00,0.06331386138613862
2018-05-06 15:00:00,0.06306633663366337
2018-05-06 16:00:00,0.06281881188118812
2018-05-06 17:00:00,0.06257128712871288
2018-05-06 18:00:00,0.06232376237623763
2018-05-06 19:00:00,0.06207623762376238
2018-05-06 20:00:00,0.061828712871287134
2018-05-06 21:00:00,0.061581188118811886
2018-05-06 22:00:00,0.06133366336633664
2018-05-06 23:00:00,0.06108613861386139
2018-05-07 00:00:00,0.06083861386138614
2018-05-07 01:00:00,0.060591089108910895
2018-05-07 02:00:00,0.06034356435643565
2018-05-07 03:00:00,0.0600960396039604
2018-05-07 04:00:00,0.05984851485148515
2018-05-07 05:00:00,0.059600990099009904
2018-05-07 06:00:00,0.059353465346534656
2018-05-07 07:00:00,0.05910594059405941
2018-05-07 08:00:00,0.05885841584158416
2018-05-07 09:00:00,0.05861089108910891
2018-05-07 10:00:00,0.058363366336633665
2018-05-07 11:00:00,0.05811584158415842
2018-05-07 12:00:00,0.05786831683168317
2018-05-07 13:00:00,0.05762079207920792
2018-05-07 14:00:00,0.057373267326732674
2018-05-07 15:00:00,0.057125742574257427
2018-05-07 16:00:00,0.05687821782178218
2018-05-07 17:00:00,0.05663069306930693
2018-05-07 18:00:00,0.05638316831683168
2018-05-07 19:00:00,0.056135643564356436
2018-05-07 20:00:00,0.05588811881188119
2018-05-07 21:00:00,0.05564059405940594
2018-05-07 22:00:00,0.05539306930693069
2018-05-07 23:00:00,0.055145544554455445
2018-05-08 00:00:00,0.0548980198019802
2018-05-08 01:00:00,0.05465049504950495
2018-05-08 02:00:00,0.0544029702970297
2018-05-08 03:00:00,0.054155445544554454
2018-05-08 04:00:00,0.053907920792079206
2018-05-08 05:00:00,0.05366039603960396
2018-05-08 06:00:00,0.05341287128712871
2018-05-08 07:00:00,0.05316534653465346
2018-05-08 08:00:00,0.05291782178217822
2018-05-08 09:00:00,0.052670297029702974
2018-05-08 10:00:00,0.052422772277227726
2018-05-08 11:00:00,0.05217524752475248
2018-05-08 12:00:00,0.05192772277227723
2018-05-08 13:00:00,0.05168019801980198
2018-05-08 14:00:00,0.051432673267326735
2018-05-08 15:00:00,0.05118514851485149
2018-05-08 16:00:00,0.05093762376237624
2018-05-08 17:00:00,0.05069009900990099
2018-05-08 18:00:00,0.050442574257425744
2018-05-08 19:00:00,0.0501950495049505
2018-05-08 20:00:00,0.04994752475247525
2018-05-08 21:00:00,0.0497
2018-05-08 22:00:00,0.0316
2018-05-08 23:00:00,0.0252
2018-05-09 00:00:00,0.0159
2018-05-09 01:00:00,0.0103
2018-05-09 02:00:00,0.007
2018-05-09 03:00:00,0.0045
2018-05-09 04:00:00,0.0037
2018-05-09 05:00:00,0.005
2018-05-09 06:00:00,0.0105
2018-05-09 07:00:00,0.0191
2018-05-09 08:00:00,0.0322
2018-05-09 09:00:00,0.0473
2018-05-09 10:00:00,0.0522
2018-05-09 11:00:00,0.0437
2018-05-09 12:00:00,0.0468
2018-05-09 13:00:00,0.0512
2018-05-09 14:00:00,0.0575
2018-05-09 15:00:00,0.0608
2018-05-09 16:00:00,0.069
2018-05-09 17:00:00,0.0718
2018-05-09 18:00:00,0.0716
2018-05-09 19:00:00,0.07116435643564356
2018-05-09 20:00:00,0.07072871287128712
2018-05-09 21:00:00,0.07029306930693069
2018-05-09 22:00:00,0.06985742574257425
2018-05-09 23:00:00,0.06942178217821782
2018-05-10 00:00:00,0.06898613861386138
2018-05-10 01:00:00,0.06855049504950494
2018-05-10 02:00:00,0.06811485148514851
2018-05-10 03:00:00,0.06767920792079207
2018-05-10 04:00:00,0.06724356435643564
2018-05-10 05:00:00,0.0668079207920792
2018-05-10 06:00:00,0.06637227722772276
2018-05-10 07:00:00,0.06593663366336633
2018-05-10 08:00:00,0.06550099009900989
2018-05-10 09:00:00,0.06506534653465346
2018-05-10 10:00:00,0.06462970297029702
2018-05-10 11:00:00,0.06419405940594058
2018-05-10 12:00:00,0.06375841584158415
2018-05-10 13:00:00,0.06332277227722773
2018-05-10 14:00:00,0.06288712871287129
2018-05-10 15:00:00,0.06245148514851485
2018-05-10 16:00:00,0.06201584158415842
2018-05-10 17:00:00,0.06158019801980198
2018-05-10 18:00:00,0.061144554455445546
2018-05-10 19:00:00,0.06070891089108911
2018-05-10 20:00:00,0.060273267326732674
2018-05-10 21:00:00,0.05983762376237624
2018-05-10 22:00:00,0.0594019801980198
2018-05-10 23:00:00,0.058966336633663366
2018-05-11 00:00:00,0.05853069306930693
2018-05-11 01:00:00,0.058095049504950494
2018-05-11 02:00:00,0.05765940594059406
2018-05-11 03:00:00,0.05722376237623762
2018-05-11 04:00:00,0.056788118811881186
2018-05-11 05:00:00,0.05635247524752475
2018-05-11 06:00:00,0.055916831683168314
2018-05-11 07:00:00,0.05548118811881188
2018-05-11 08:00:00,0.05504554455445544
2018-05-11 09:00:00,0.054609900990099006
2018-05-11 10:00:00,0.05417425742574257
2018-05-11 11:00:00,0.053738613861386134
2018-05-11 12:00:00,0.0533029702970297
2018-05-11 13:00:00,0.05286732673267326
2018-05-11 14:00:00,0.05243168316831683
2018-05-11 15:00:00,0.051996039603960396
2018-05-11 16:00:00,0.05156039603960396
2018-05-11 17:00:00,0.051124752475247524
2018-05-11 18:00:00,0.05068910891089109
2018-05-11 19:00:00,0.05025346534653465
2018-05-11 20:00:00,0.049817821782178216
2018-05-11 21:00:00,0.04938217821782178
2018-05-11 22:00:00,0.048946534653465344
2018-05-11 23:00:00,0.048510891089108915
2018-05-12 00:00:00,0.04807524752475248
2018-05-12 01:00:00,0.04763960396039604
2018-05-12 02:00:00,0.04720396039603961
2018-05-12 03:00:00,0.04676831683168317
2018-05-12 04:00:00,0.046332673267326735
2018-05-12 05:00:00,0.0458970297029703
2018-05-12 06:00:00,0.04546138613861386
2018-05-12 07:00:00,0.04502574257425743
2018-05-12 08:00:00,0.04459009900990099
2018-05-12 09:00:00,0.044154455445544555
2018-05-12 10:00:00,0.04371881188118812
2018-05-12 11:00:00,0.04328316831683168
2018-05-12 12:00:00,0.04284752475247525
2018-05-12 13:00:00,0.04241188118811881
2018-05-12 14:00:00,0.041976237623762375
2018-05-12 15:00:00,0.04154059405940594
2018-05-12 16:00:00,0.0411049504950495
2018-05-12 17:00:00,0.04066930693069307
2018-05-12 18:00:00,0.04023366336633663
2018-05-12 19:00:00,0.0397980198019802
2018-05-12 20:00:00,0.039362376237623765
2018-05-12 21:00:00,0.03892673267326733
2018-05-12 22:00:00,0.03849108910891089
2018-05-12 23:00:00,0.03805544554455446
2018-05-13 00:00:00,0.03761980198019802
2018-05-13 01:00:00,0.037184158415841585
2018-05-13 02:00:00,0.03674851485148515
2018-05-13 03:00:00,0.03631287128712871
2018-05-13 04:00:00,0.03587722772277228
2018-05-13 05:00:00,0.03544158415841584
2018-05-13 06:00:00,0.035005940594059405
2018-05-13 07:00:00,0.03457029702970297
2018-05-13 08:00:00,0.03413465346534653
2018-05-13 09:00:00,0.0336990099009901
2018-05-13 10:00:00,0.03326336633663367
2018-05-13 11:00:00,0.03282772277227723
2018-05-13 12:00:00,0.032392079207920796
2018-05-13 13:00:00,0.03195643564356436
2018-05-13 14:00:00,0.031520792079207924
2018-05-13 15:00:00,0.031085148514851488
2018-05-13 16:00:00,0.030649504950495052
2018-05-13 17:00:00,0.030213861386138616
2018-05-13 18:00:00,0.02977821782178218
2018-05-13 19:00:00,0.029342574257425744
2018-05-13 20:00:00,0.028906930693069308
2018-05-13 21:00:00,0.02847128712871287
2018-05-13 22:00:00,0.028035643564356436
2018-05-13 23:00:00,0.0276
2018-05-14 00:00:00,0.0229
2018-05-14 01:00:00,0.0181
2018-05-14 02:00:00,0.009
2018-05-14 03:00:00,0.0057
2018-05-14 04:00:00,0.0042
2018-05-14 05:00:00,0.0035
2018-05-14 06:00:00,0.0024
2018-05-14 07:00:00,0.0036
2018-05-14 08:00:00,0.0072
2018-05-14 09:00:00,0.0129
2018-05-14 10:00:00,0.018
2018-05-14 11:00:00,0.0248
2018-05-14 12:00:00,0.0355
2018-05-14 13:00:00,0.0418
2018-05-14 14:00:00,0.0496
2018-05-14 15:00:00,0.0525
2018-05-14 16:00:00,0.052
2018-05-14 17:00:00,0.0486
2018-05-14 18:00:00,0.0437
2018-05-14 19:00:00,0.0338
2018-05-14 20:00:00,0.0447
2018-05-14 21:00:00,0.0361
2018-05-14 22:00:00,0.0273
2018-05-14 23:00:00,0.0213
2018-05-15 00:00:00,0.0132
2018-05-15 01:00:00,0.0093
2018-05-15 02:00:00,0.006
2018-05-15 03:00:00,0.0046
2018-05-15 04:00:00,0.0035
2018-05-15 05:00:00,0.005
2018-05-15 06:00:00,0.0095
2018-05-15 07:00:00,0.0174
2018-05-15 08:00:00,0.0305
2018-05-15 09:00:00,0.0461
2018-05-15 10:00:00,0.0508
2018-05-15 11:00:00,0.0461
2018-05-15 12:00:00,0.0428
2018-05-15 13:00:00,0.0499
2018-05-15 14:00:00,0.0548
2018-05-15 15:00:00,0.061
2018-05-15 16:00:00,0.0688
2018-05-15 17:00:00,0.0744
2018-05-15 18:00:00,0.0743
2018-05-15 19:00:00,0.0786
2018-05-15 20:00:00,0.066
2018-05-15 21:00:00,0.0506
2018-05-15 22:00:00,0.0317
2018-05-15 23:00:00,0.0254
2018-05-16 00:00:00,0.0168
2018-05-16 01:00:00,0.0103
2018-05-16 02:00:00,0.0073
2018-05-16 03:00:00,0.0043
2018-05-16 04:00:00,0.0035
2018-05-16 05:00:00,0.0058
2018-05-16 06:00:00,0.0103
2018-05-16 07:00:00,0.0173
2018-05-16 08:00:00,0.0308
2018-05-16 09:00:00,0.0455
2018-05-16 10:00:00,0.0545
2018-05-16 11:00:00,0.045
2018-05-16 12:00:00,0.0471
2018-05-16 13:00:00,0.0498
2018-05-16 14:00:00,0.0564
2018-05-16 15:00:00,0.0596
2018-05-16 16:00:00,0.0687
2018-05-16 17:00:00,0.0792
2018-05-16 18:00:00,0.0777
2018-05-16 19:00:00,0.0823
2018-05-16 20:00:00,0.0663
2018-05-16 21:00:00,0.0546
2018-05-16 22:00:00,0.0393
2018-05-16 23:00:00,0.0293
2018-05-17 00:00:00,0.0187
2018-05-17 01:00:00,0.0114
2018-05-17 02:00:00,0.0085
2018-05-17 03:00:00,0.0044
2018-05-17 04:00:00,0.0034
2018-05-17 05:00:00,0.0055
2018-05-17 06:00:00,0.0102
2018-05-17 07:00:00,0.0195
2018-05-17 08:00:00,0.0333
2018-05-17 09:00:00,0.0467
2018-05-17 10:00:00,0.0539
2018-05-17 11:00:00,0.0479
2018-05-17 12:00:00,0.0463
2018-05-17 13:00:00,0.0545
2018-05-17 14:00:00,0.0571
2018-05-17 15:00:00,0.061
2018-05-17 16:00:00,0.0706
2018-05-17 17:00:00,0.0767
2018-05-17 18:00:00,0.0776
2018-05-17 19:00:00,0.0835
2018-05-17 20:00:00,0.0677
2018-05-17 21:00:00,0.0539
2018-05-17 22:00:00,0.042
2018-05-17 23:00:00,0.0307
2018-05-18 00:00:00,0.019
2018-05-18 01:00:00,0.0108
2018-05-18 02:00:00,0.0091
2018-05-18 03:00:00,0.0043
2018-05-18 04:00:00,0.004
2018-05-18 05:00:00,0.0055
2018-05-18 06:00:00,0.0115
2018-05-18 07:00:00,0.0187
2018-05-18 08:00:00,0.0322
2018-05-18 09:00:00,0.0492
2018-05-18 10:00:00,0.0563
2018-05-18 11:00:00,0.0459
2018-05-18 12:00:00,0.0497
2018-05-18 13:00:00,0.054
2018-05-18 14:00:00,0.0594
2018-05-18 15:00:00,0.0643
2018-05-18 16:00:00,0.074
2018-05-18 17:00:00,0.0873
2018-05-18 18:00:00,0.0802
2018-05-18 19:00:00,0.0832
2018-05-18 20:00:00,0.071
2018-05-18 21:00:00,0.0545
2018-05-18 22:00:00,0.0403
2018-05-18 23:00:00,0.0308
2018-05-19 00:00:00,0.0222
2018-05-19 01:00:00,0.0142
2018-05-19 02:00:00,0.0093
2018-05-19 03:00:00,0.0053
2018-05-19 04:00:00,0.0051
2018-05-19 05:00:00,0.0043
2018-05-19 06:00:00,0.0099
2018-05-19 07:00:00,0.0182
2018-05-19 08:00:00,0.0303
2018-05-19 09:00:00,0.0357
2018-05-19 10:00:00,0.0499
2018-05-19 11:00:00,0.0471
2018-05-19 12:00:00,0.0508
2018-05-19 13:00:00,0.0594
2018-05-19 14:00:00,0.0649
2018-05-19 15:00:00,0.0651
2018-05-19 16:00:00,0.0781
2018-05-19 17:00:00,0.0818
2018-05-19 18:00:00,0.0748
2018-05-19 19:00:00,0.0839
2018-05-19 20:00:00,0.0699
2018-05-19 21:00:00,0.0552
2018-05-19 22:00:00,0.0448
2018-05-19 23:00:00,0.0341
2018-05-20 00:00:00,0.0272
2018-05-20 01:00:00,0.0191
2018-05-20 02:00:00,0.012
2018-05-20 03:00:00,0.0083
2018-05-20 04:00:00,0.0061
2018-05-20 05:00:00,0.0049
2018-05-20 06:00:00,0.0065
2018-05-20 07:00:00,0.0085
2018-05-20 08:00:00,0.0165
2018-05-20 09:00:00,0.0258
2018-05-20 10:00:00,0.0349
2018-05-20 11:00:00,0.0414
2018-05-20 12:00:00,0.0486
2018-05-20 13:00:00,0.059
2018-05-20 14:00:00,0.059160396039603956
2018-05-20 15:00:00,0.059320792079207915
2018-05-20 16:00:00,0.05948118811881188
2018-05-20 17:00:00,0.05964158415841584
2018-05-20 18:00:00,0.0598019801980198
2018-05-20 19:00:00,0.05996237623762376
2018-05-20 20:00:00,0.06012277227722772
2018-05-20 21:00:00,0.060283168316831684
2018-05-20 22:00:00,0.06044356435643564
2018-05-20 23:00:00,0.0606039603960396
2018-05-21 00:00:00,0.06076435643564356
2018-05-21 01:00:00,0.06092475247524752
2018-05-21 02:00:00,0.06108514851485148
2018-05-21 03:00:00,0.061245544554455446
2018-05-21 04:00:00,0.061405940594059405
2018-05-21 05:00:00,0.061566336633663364
2018-05-21 06:00:00,0.06172673267326732
2018-05-21 07:00:00,0.06188712871287128
2018-05-21 08:00:00,0.06204752475247525
2018-05-21 09:00:00,0.06220792079207921
2018-05-21 10:00:00,0.06236831683168317
2018-05-21 11:00:00,0.06252871287128713
2018-05-21 12:00:00,0.06268910891089109
2018-05-21 13:00:00,0.06284950495049504
2018-05-21 14:00:00,0.06300990099009901
2018-05-21 15:00:00,0.06317029702970296
2018-05-21 16:00:00,0.06333069306930693
2018-05-21 17:00:00,0.0634910891089109
2018-05-21 18:00:00,0.06365148514851485
2018-05-21 19:00:00,0.06381188118811881
2018-05-21 20:00:00,0.06397227722772277
2018-05-21 21:00:00,0.06413267326732673
2018-05-21 22:00:00,0.0642930693069307
2018-05-21 23:00:00,0.06445346534653465
2018-05-22 00:00:00,0.06461386138613862
2018-05-22 01:00:00,0.06477425742574257
2018-05-22 02:00:00,0.06493465346534653
2018-05-22 03:00:00,0.0650950495049505
2018-05-22 04:00:00,0.06525544554455445
2018-05-22 05:00:00,0.06541584158415842
2018-05-22 06:00:00,0.06557623762376237
2018-05-22 07:00:00,0.06573663366336634
2018-05-22 08:00:00,0.06589702970297029
2018-05-22 09:00:00,0.06605742574257426
2018-05-22 10:00:00,0.06621782178217822
2018-05-22 11:00:00,0.06637821782178217
2018-05-22 12:00:00,0.06653861386138614
2018-05-22 13:00:00,0.06669900990099009
2018-05-22 14:00:00,0.06685940594059406
2018-05-22 15:00:00,0.06701980198019802
2018-05-22 16:00:00,0.06718019801980198
2018-05-22 17:00:00,0.06734059405940594
2018-05-22 18:00:00,0.0675009900990099
2018-05-22 19:00:00,0.06766138613861386
2018-05-22 20:00:00,0.06782178217821783
2018-05-22 21:00:00,0.06798217821782178
2018-05-22 22:00:00,0.06814257425742574
2018-05-22 23:00:00,0.0683029702970297
2018-05-23 00:00:00,0.06846336633663366
2018-05-23 01:00:00,0.06862376237623763
2018-05-23 02:00:00,0.06878415841584158
2018-05-23 03:00:00,0.06894455445544555
2018-05-23 04:00:00,0.0691049504950495
2018-05-23 05:00:00,0.06926534653465347
2018-05-23 06:00:00,0.06942574257425743
2018-05-23 07:00:00,0.06958613861386138
2018-05-23 08:00:00,0.06974653465346535
2018-05-23 09:00:00,0.0699069306930693
2018-05-23 10:00:00,0.07006732673267327
2018-05-23 11:00:00,0.07022772277227723
2018-05-23 12:00:00,0.07038811881188119
2018-05-23 13:00:00,0.07054851485148515
2018-05-23 14:00:00,0.0707089108910891
2018-05-23 15:00:00,0.07086930693069307
2018-05-23 16:00:00,0.07102970297029704
2018-05-23 17:00:00,0.07119009900990099
2018-05-23 18:00:00,0.07135049504950496
2018-05-23 19:00:00,0.07151089108910891
2018-05-23 20:00:00,0.07167128712871287
2018-05-23 21:00:00,0.07183168316831684
2018-05-23 22:00:00,0.07199207920792079
2018-05-23 23:00:00,0.07215247524752476
2018-05-24 00:00:00,0.07231287128712871
2018-05-24 01:00:00,0.07247326732673268
2018-05-24 02:00:00,0.07263366336633664
2018-05-24 03:00:00,0.0727940594059406
2018-05-24 04:00:00,0.07295445544554456
2018-05-24 05:00:00,0.07311485148514851
2018-05-24 06:00:00,0.07327524752475248
2018-05-24 07:00:00,0.07343564356435645
2018-05-24 08:00:00,0.0735960396039604
2018-05-24 09:00:00,0.07375643564356436
2018-05-24 10:00:00,0.07391683168316832
2018-05-24 11:00:00,0.07407722772277228
2018-05-24 12:00:00,0.07423762376237623
2018-05-24 13:00:00,0.0743980198019802
2018-05-24 14:00:00,0.07455841584158417
2018-05-24 15:00:00,0.07471881188118812
2018-05-24 16:00:00,0.07487920792079208
2018-05-24 17:00:00,0.07503960396039605
2018-05-24 18:00:00,0.0752
2018-05-24 19:00:00,0.0731
2018-05-24 20:00:00,0.0718
2018-05-24 21:00:00,0.0578
2018-05-24 22:00:00,0.0387
2018-05-24 23:00:00,0.0323
2018-05-25 00:00:00,0.0243
2018-05-25 01:00:00,0.0172
2018-05-25 02:00:00,0.0128
2018-05-25 03:00:00,0.0073
2018-05-25 04:00:00,0.0058
2018-05-25 05:00:00,0.0055
2018-05-25 06:00:00,0.0047
2018-05-25 07:00:00,0.0068
2018-05-25 08:00:00,0.0088
2018-05-25 09:00:00,0.0151
2018-05-25 10:00:00,0.0167
2018-05-25 11:00:00,0.024
2018-05-25 12:00:00,0.0317
2018-05-25 13:00:00,0.0406
2018-05-25 14:00:00,0.0508
2018-05-25 15:00:00,0.0542
2018-05-25 16:00:00,0.0527
2018-05-25 17:00:00,0.0503
2018-05-25 18:00:00,0.0395
2018-05-25 19:00:00,0.0408
2018-05-25 20:00:00,0.0397
2018-05-25 21:00:00,0.0398
2018-05-25 22:00:00,0.041
2018-05-25 23:00:00,0.0366
2018-05-26 00:00:00,0.0285
2018-05-26 01:00:00,0.0222
2018-05-26 02:00:00,0.0143
2018-05-26 03:00:00,0.0088
2018-05-26 04:00:00,0.0052
2018-05-26 05:00:00,0.0046
2018-05-26 06:00:00,0.006
2018-05-26 07:00:00,0.0088
2018-05-26 08:00:00,0.0144
2018-05-26 09:00:00,0.0213
2018-05-26 10:00:00,0.0313
2018-05-26 11:00:00,0.0356
2018-05-26 12:00:00,0.0419
2018-05-26 13:00:00,0.0492
2018-05-26 14:00:00,0.0556
2018-05-26 15:00:00,0.055
2018-05-26 16:00:00,0.0567
2018-05-26 17:00:00,0.0589
2018-05-26 18:00:00,0.0596
2018-05-26 19:00:00,0.0536
2018-05-26 20:00:00,0.0512
2018-05-26 21:00:00,0.0388
2018-05-26 22:00:00,0.0322
2018-05-26 23:00:00,0.0294
2018-05-27 00:00:00,0.0214
2018-05-27 01:00:00,0.0162
2018-05-27 02:00:00,0.0116
2018-05-27 03:00:00,0.0064
2018-05-27 04:00:00,0.0059
2018-05-27 05:00:00,0.005
2018-05-27 06:00:00,0.0046
2018-05-27 07:00:00,0.0064
2018-05-27 08:00:00,0.01
2018-05-27 09:00:00,0.0166
2018-05-27 10:00:00,0.0226
2018-05-27 11:00:00,0.0311
2018-05-27 12:00:00,0.0383
2018-05-27 13:00:00,0.0456
2018-05-27 14:00:00,0.0487
2018-05-27 15:00:00,0.0523
2018-05-27 16:00:00,0.0492
2018-05-27 17:00:00,0.0534
2018-05-27 18:00:00,0.0542
2018-05-27 19:00:00,0.054
2018-05-27 20:00:00,0.0442
2018-05-27 21:00:00,0.0369
2018-05-27 22:00:00,0.0278
2018-05-27 23:00:00,0.0242
2018-05-28 00:00:00,0.0222
2018-05-28 01:00:00,0.017
2018-05-28 02:00:00,0.0119
2018-05-28 03:00:00,0.0075
2018-05-28 04:00:00,0.0057
2018-05-28 05:00:00,0.0042
2018-05-28 06:00:00,0.0038
2018-05-28 07:00:00,0.0062
2018-05-28 08:00:00,0.0093
2018-05-28 09:00:00,0.0138
2018-05-28 10:00:00,0.0193
2018-05-28 11:00:00,0.0288
2018-05-28 12:00:00,0.0351
2018-05-28 13:00:00,0.0416
2018-05-28 14:00:00,0.0493
2018-05-28 15:00:00,0.0506
2018-05-28 16:00:00,0.0498
2018-05-28 17:00:00,0.0491
2018-05-28 18:00:00,0.0498
2018-05-28 19:00:00,0.0485
2018-05-28 20:00:00,0.0418
2018-05-28 21:00:00,0.0349
2018-05-28 22:00:00,0.0255
2018-05-28 23:00:00,0.0204
2018-05-29 00:00:00,0.014
2018-05-29 01:00:00,0.0096
2018-05-29 02:00:00,0.0063
2018-05-29 03:00:00,0.0043
2018-05-29 04:00:00,0.0036
2018-05-29 05:00:00,0.0049
2018-05-29 06:00:00,0.0096
2018-05-29 07:00:00,0.0193
2018-05-29 08:00:00,0.0305
2018-05-29 09:00:00,0.0451
2018-05-29 10:00:00,0.0504
2018-05-29 11:00:00,0.042
2018-05-29 12:00:00,0.0426
2018-05-29 13:00:00,0.0506
2018-05-29 14:00:00,0.0538
2018-05-29 15:00:00,0.0595
2018-05-29 16:00:00,0.0691
2018-05-29 17:00:00,0.0721
2018-05-29 18:00:00,0.0761
2018-05-29 19:00:00,0.0825
2018-05-29 20:00:00,0.0694
2018-05-29 21:00:00,0.0505
2018-05-29 22:00:00,0.0333
2018-05-29 23:00:00,0.0251
2018-05-30 00:00:00,0.0167
2018-05-30 01:00:00,0.0102
2018-05-30 02:00:00,0.0085
2018-05-30 03:00:00,0.0045
2018-05-30 04:00:00,0.004
2018-05-30 05:00:00,0.0054
2018-05-30 06:00:00,0.0095
2018-05-30 07:00:00,0.0174
2018-05-30 08:00:00,0.0306
2018-05-30 09:00:00,0.0418
2018-05-30 10:00:00,0.0488
2018-05-30 11:00:00,0.0428
2018-05-30 12:00:00,0.0454
2018-05-30 13:00:00,0.0528
2018-05-30 14:00:00,0.0558
2018-05-30 15:00:00,0.0592
2018-05-30 16:00:00,0.0708
2018-05-30 17:00:00,0.0807
2018-05-30 18:00:00,0.0826
2018-05-30 19:00:00,0.0831
2018-05-30 20:00:00,0.069
2018-05-30 21:00:00,0.054
2018-05-30 22:00:00,0.042
2018-05-30 23:00:00,0.0305
2018-05-31 00:00:00,0.0198
2018-05-31 01:00:00,0.0128
2018-05-31 02:00:00,0.0082
2018-05-31 03:00:00,0.005
2018-05-31 04:00:00,0.0039
2018-05-31 05:00:00,0.0065
2018-05-31 06:00:00,0.0105
2018-05-31 07:00:00,0.0171
2018-05-31 08:00:00,0.0325
2018-05-31 09:00:00,0.0475
2018-05-31 10:00:00,0.0536
2018-05-31 11:00:00,0.0431
2018-05-31 12:00:00,0.0467
2018-05-31 13:00:00,0.0529
2018-05-31 14:00:00,0.0589
2018-05-31 15:00:00,0.0628
2018-05-31 16:00:00,0.0708
2018-05-31 17:00:00,0.0787
2018-05-31 18:00:00,0.0814
2018-05-31 19:00:00,0.083
2018-05-31 20:00:00,0.0676
2018-05-31 21:00:00,0.0558
2018-05-31 22:00:00,0.0428
2018-05-31 23:00:00,0.032
2018-06-01 00:00:00,0.0179
2018-06-01 01:00:00,0.0114
2018-06-01 02:00:00,0.0083
2018-06-01 03:00:00,0.0043
2018-06-01 04:00:00,0.0044
2018-06-01 05:00:00,0.0052
2018-06-01 06:00:00,0.0093
2018-06-01 07:00:00,0.0187
2018-06-01 08:00:00,0.0326
2018-06-01 09:00:00,0.0438
2018-06-01 10:00:00,0.053
2018-06-01 11:00:00,0.045
2018-06-01 12:00:00,0.0473
2018-06-01 13:00:00,0.0568
2018-06-01 14:00:00,0.0586
2018-06-01 15:00:00,0.0632
2018-06-01 16:00:00,0.072
2018-06-01 17:00:00,0.0796
2018-06-01 18:00:00,0.0809
2018-06-01 19:00:00,0.0849
2018-06-01 20:00:00,0.0681
2018-06-01 21:00:00,0.0549
2018-06-01 22:00:00,0.0413
2018-06-01 23:00:00,0.0299
2018-06-02 00:00:00,0.0206
2018-06-02 01:00:00,0.014
2018-06-02 02:00:00,0.0104
2018-06-02 03:00:00,0.0054
2018-06-02 04:00:00,0.0046
2018-06-02 05:00:00,0.0064
2018-06-02 06:00:00,0.0095
2018-06-02 07:00:00,0.0169
2018-06-02 08:00:00,0.0324
2018-06-02 09:00:00,0.047
2018-06-02 10:00:00,0.0526
2018-06-02 11:00:00,0.0464
2018-06-02 12:00:00,0.0485
2018-06-02 13:00:00,0.046
2018-06-02 14:00:00,0.0571
2018-06-02 15:00:00,0.0694
2018-06-02 16:00:00,0.0762
2018-06-02 17:00:00,0.076
2018-06-02 18:00:00,0.0751
2018-06-02 19:00:00,0.0847
2018-06-02 20:00:00,0.068
2018-06-02 21:00:00,0.0542
2018-06-02 22:00:00,0.0402
2018-06-02 23:00:00,0.034
2018-06-03 00:00:00,0.0269
2018-06-03 01:00:00,0.0203
2018-06-03 02:00:00,0.0132
2018-06-03 03:00:00,0.009
2018-06-03 04:00:00,0.0061
2018-06-03 05:00:00,0.0049
2018-06-03 06:00:00,0.0059
2018-06-03 07:00:00,0.0084
2018-06-03 08:00:00,0.0159
2018-06-03 09:00:00,0.0246
2018-06-03 10:00:00,0.0342
2018-06-03 11:00:00,0.0404
2018-06-03 12:00:00,0.048
2018-06-03 13:00:00,0.0567
2018-06-03 14:00:00,0.0578
2018-06-03 15:00:00,0.0621
2018-06-03 16:00:00,0.0597
2018-06-03 17:00:00,0.0635
2018-06-03 18:00:00,0.0637
2018-06-03 19:00:00,0.0667
2018-06-03 20:00:00,0.0561
2018-06-03 21:00:00,0.0431
2018-06-03 22:00:00,0.0347
2018-06-03 23:00:00,0.032
2018-06-04 00:00:00,0.0263
2018-06-04 01:00:00,0.02
2018-06-04 02:00:00,0.0139
2018-06-04 03:00:00,0.0077
2018-06-04 04:00:00,0.0056
2018-06-04 05:00:00,0.0047
2018-06-04 06:00:00,0.0037
2018-06-04 07:00:00,0.0052
2018-06-04 08:00:00,0.0087
2018-06-04 09:00:00,0.0148
2018-06-04 10:00:00,0.0235
2018-06-04 11:00:00,0.0308
2018-06-04 12:00:00,0.0364
2018-06-04 13:00:00,0.0457
2018-06-04 14:00:00,0.0487
2018-06-04 15:00:00,0.053
2018-06-04 16:00:00,0.0515
2018-06-04 17:00:00,0.0491
2018-06-04 18:00:00,0.0548
2018-06-04 19:00:00,0.0547
2018-06-04 20:00:00,0.0466
2018-06-04 21:00:00,0.0339
2018-06-04 22:00:00,0.0299
2018-06-04 23:00:00,0.0217
2018-06-05 00:00:00,0.0146
2018-06-05 01:00:00,0.0087
2018-06-05 02:00:00,0.0066
2018-06-05 03:00:00,0.0042
2018-06-05 04:00:00,0.0028
2018-06-05 05:00:00,0.0049
2018-06-05 06:00:00,0.0099
2018-06-05 07:00:00,0.0175
2018-06-05 08:00:00,0.0307
2018-06-05 09:00:00,0.043
2018-06-05 10:00:00,0.0485
2018-06-05 11:00:00,0.0417
2018-06-05 12:00:00,0.0437
2018-06-05 13:00:00,0.0559
2018-06-05 14:00:00,0.0591
2018-06-05 15:00:00,0.0615
2018-06-05 16:00:00,0.0715
2018-06-05 17:00:00,0.0762
2018-06-05 18:00:00,0.0804
2018-06-05 19:00:00,0.0645
2018-06-05 20:00:00,0.0853
2018-06-05 21:00:00,0.0527
2018-06-05 22:00:00,0.0334
2018-06-05 23:00:00,0.0273
2018-06-06 00:00:00,0.0181
2018-06-06 01:00:00,0.0101
2018-06-06 02:00:00,0.0083
2018-06-06 03:00:00,0.0046
2018-06-06 04:00:00,0.0039
2018-06-06 05:00:00,0.0052
2018-06-06 06:00:00,0.0102
2018-06-06 07:00:00,0.0185
2018-06-06 08:00:00,0.032
2018-06-06 09:00:00,0.0459
2018-06-06 10:00:00,0.0523
2018-06-06 11:00:00,0.0437
2018-06-06 12:00:00,0.0478
2018-06-06 13:00:00,0.0537
2018-06-06 14:00:00,0.0577
2018-06-06 15:00:00,0.065
2018-06-06 16:00:00,0.0711
2018-06-06 17:00:00,0.0745
2018-06-06 18:00:00,0.0759
2018-06-06 19:00:00,0.0836
2018-06-06 20:00:00,0.0737
2018-06-06 21:00:00,0.057
2018-06-06 22:00:00,0.0432
2018-06-06 23:00:00,0.0294
2018-06-07 00:00:00,0.0197
2018-06-07 01:00:00,0.0122
2018-06-07 02:00:00,0.0086
2018-06-07 03:00:00,0.0048
2018-06-07 04:00:00,0.0046
2018-06-07 05:00:00,0.0064
2018-06-07 06:00:00,0.0109
2018-06-07 07:00:00,0.0199
2018-06-07 08:00:00,0.0311
2018-06-07 09:00:00,0.0483
2018-06-07 10:00:00,0.0543
2018-06-07 11:00:00,0.0453
2018-06-07 12:00:00,0.0476
2018-06-07 13:00:00,0.0537
2018-06-07 14:00:00,0.0615
2018-06-07 15:00:00,0.0663
2018-06-07 16:00:00,0.0744
2018-06-07 17:00:00,0.081
2018-06-07 18:00:00,0.0876
2018-06-07 19:00:00,0.0858
2018-06-07 20:00:00,0.0678
2018-06-07 21:00:00,0.0558
2018-06-07 22:00:00,0.0426
2018-06-07 23:00:00,0.0337
2018-06-08 00:00:00,0.021
2018-06-08 01:00:00,0.0151
2018-06-08 02:00:00,0.0097
2018-06-08 03:00:00,0.0057
2018-06-08 04:00:00,0.0044
2018-06-08 05:00:00,0.0062
2018-06-08 06:00:00,0.0095
2018-06-08 07:00:00,0.0162
2018-06-08 08:00:00,0.032
2018-06-08 09:00:00,0.0473
2018-06-08 10:00:00,0.0552
2018-06-08 11:00:00,0.0498
2018-06-08 12:00:00,0.0478
2018-06-08 13:00:00,0.0522
2018-06-08 14:00:00,0.0594
2018-06-08 15:00:00,0.064
2018-06-08 16:00:00,0.07
2018-06-08 17:00:00,0.0757
2018-06-08 18:00:00,0.0755
2018-06-08 19:00:00,0.077
2018-06-08 20:00:00,0.0636
2018-06-08 21:00:00,0.0516
2018-06-08 22:00:00,0.0442
2018-06-08 23:00:00,0.0327
2018-06-09 00:00:00,0.0213
2018-06-09 01:00:00,0.015
2018-06-09 02:00:00,0.0088
2018-06-09 03:00:00,0.006
2018-06-09 04:00:00,0.0054
2018-06-09 05:00:00,0.0062
2018-06-09 06:00:00,0.009
2018-06-09 07:00:00,0.0151
2018-06-09 08:00:00,0.0274
2018-06-09 09:00:00,0.0438
2018-06-09 10:00:00,0.0504
2018-06-09 11:00:00,0.044
2018-06-09 12:00:00,0.0506
2018-06-09 13:00:00,0.0598
2018-06-09 14:00:00,0.062
2018-06-09 15:00:00,0.0688
2018-06-09 16:00:00,0.0735
2018-06-09 17:00:00,0.0868
2018-06-09 18:00:00,0.078
2018-06-09 19:00:00,0.0837
2018-06-09 20:00:00,0.0605
2018-06-09 21:00:00,0.0372
2018-06-09 22:00:00,0.0285
2018-06-09 23:00:00,0.0252
2018-06-10 00:00:00,0.029
2018-06-10 01:00:00,0.0199
2018-06-10 02:00:00,0.0153
2018-06-10 03:00:00,0.0087
2018-06-10 04:00:00,0.0058
2018-06-10 05:00:00,0.0052
2018-06-10 06:00:00,0.0055
2018-06-10 07:00:00,0.0084
2018-06-10 08:00:00,0.0138
2018-06-10 09:00:00,0.0216
2018-06-10 10:00:00,0.0296
2018-06-10 11:00:00,0.0384
2018-06-10 12:00:00,0.0518
2018-06-10 13:00:00,0.0617
2018-06-10 14:00:00,0.0661
2018-06-10 15:00:00,0.0657
2018-06-10 16:00:00,0.0679
2018-06-10 17:00:00,0.0676
2018-06-10 18:00:00,0.064
2018-06-10 19:00:00,0.0644
2018-06-10 20:00:00,0.0522
2018-06-10 21:00:00,0.0399
2018-06-10 22:00:00,0.0343
2018-06-10 23:00:00,0.0317
2018-06-11 00:00:00,0.0267
2018-06-11 01:00:00,0.0208
2018-06-11 02:00:00,0.0137
2018-06-11 03:00:00,0.0091
2018-06-11 04:00:00,0.0066
2018-06-11 05:00:00,0.0046
2018-06-11 06:00:00,0.004
2018-06-11 07:00:00,0.0052
2018-06-11 08:00:00,0.0087
2018-06-11 09:00:00,0.014
2018-06-11 10:00:00,0.0215
2018-06-11 11:00:00,0.0292
2018-06-11 12:00:00,0.0378
2018-06-11 13:00:00,0.0445
2018-06-11 14:00:00,0.0504
2018-06-11 15:00:00,0.0537
2018-06-11 16:00:00,0.0528
2018-06-11 17:00:00,0.0535
2018-06-11 18:00:00,0.0566
2018-06-11 19:00:00,0.0558
2018-06-11 20:00:00,0.0489
2018-06-11 21:00:00,0.0346
2018-06-11 22:00:00,0.0276
2018-06-11 23:00:00,0.0219
2018-06-12 00:00:00,0.0142
2018-06-12 01:00:00,0.0102
2018-06-12 02:00:00,0.0082
2018-06-12 03:00:00,0.004
2018-06-12 04:00:00,0.0041
2018-06-12 05:00:00,0.0051
2018-06-12 06:00:00,0.0091
2018-06-12 07:00:00,0.0164
2018-06-12 08:00:00,0.0296
2018-06-12 09:00:00,0.0475
2018-06-12 10:00:00,0.0507
2018-06-12 11:00:00,0.0425
2018-06-12 12:00:00,0.0475
2018-06-12 13:00:00,0.0526
2018-06-12 14:00:00,0.0577
2018-06-12 15:00:00,0.0593
2018-06-12 16:00:00,0.0753
2018-06-12 17:00:00,0.0794
2018-06-12 18:00:00,0.0789
2018-06-12 19:00:00,0.0814
2018-06-12 20:00:00,0.0677
2018-06-12 21:00:00,0.0491
2018-06-12 22:00:00,0.0388
2018-06-12 23:00:00,0.0253
2018-06-13 00:00:00,0.0175
2018-06-13 01:00:00,0.0118
2018-06-13 02:00:00,0.0079
2018-06-13 03:00:00,0.0058
2018-06-13 04:00:00,0.0045
2018-06-13 05:00:00,0.0056
2018-06-13 06:00:00,0.0101
2018-06-13 07:00:00,0.0173
2018-06-13 08:00:00,0.031
2018-06-13 09:00:00,0.0471
2018-06-13 10:00:00,0.0555
2018-06-13 11:00:00,0.0463
2018-06-13 12:00:00,0.0505
2018-06-13 13:00:00,0.0585
2018-06-13 14:00:00,0.057
2018-06-13 15:00:00,0.0627
2018-06-13 16:00:00,0.0774
2018-06-13 17:00:00,0.0788
2018-06-13 18:00:00,0.0807
2018-06-13 19:00:00,0.0797
2018-06-13 20:00:00,0.0691
2018-06-13 21:00:00,0.055
2018-06-13 22:00:00,0.0421
2018-06-13 23:00:00,0.0314
2018-06-14 00:00:00,0.02
2018-06-14 01:00:00,0.0127
2018-06-14 02:00:00,0.0087
2018-06-14 03:00:00,0.0064
2018-06-14 04:00:00,0.0037
2018-06-14 05:00:00,0.006
2018-06-14 06:00:00,0.0104
2018-06-14 07:00:00,0.0168
2018-06-14 08:00:00,0.0311
2018-06-14 09:00:00,0.0502
2018-06-14 10:00:00,0.0524
2018-06-14 11:00:00,0.0449
2018-06-14 12:00:00,0.0485
2018-06-14 13:00:00,0.0556
2018-06-14 14:00:00,0.0648
2018-06-14 15:00:00,0.064
2018-06-14 16:00:00,0.0702
2018-06-14 17:00:00,0.0791
2018-06-14 18:00:00,0.0803
2018-06-14 19:00:00,0.0854
2018-06-14 20:00:00,0.0665
2018-06-14 21:00:00,0.055
2018-06-14 22:00:00,0.0448
2018-06-14 23:00:00,0.0324
2018-06-15 00:00:00,0.0221
2018-06-15 01:00:00,0.0134
2018-06-15 02:00:00,0.0097
2018-06-15 03:00:00,0.0067
2018-06-15 04:00:00,0.0041
2018-06-15 05:00:00,0.0065
2018-06-15 06:00:00,0.0101
2018-06-15 07:00:00,0.0164
2018-06-15 08:00:00,0.0283
2018-06-15 09:00:00,0.0463
2018-06-15 10:00:00,0.0507
2018-06-15 11:00:00,0.0467
2018-06-15 12:00:00,0.0484
2018-06-15 13:00:00,0.056
2018-06-15 14:00:00,0.0592
2018-06-15 15:00:00,0.0646
2018-06-15 16:00:00,0.0758
2018-06-15 17:00:00,0.0821
2018-06-15 18:00:00,0.0841
2018-06-15 19:00:00,0.0851
2018-06-15 20:00:00,0.0729
2018-06-15 21:00:00,0.056
2018-06-15 22:00:00,0.0502
2018-06-15 23:00:00,0.0325
2018-06-16 00:00:00,0.0239
2018-06-16 01:00:00,0.0161
2018-06-16 02:00:00,0.0107
2018-06-16 03:00:00,0.0056
2018-06-16 04:00:00,0.0055
2018-06-16 05:00:00,0.0061
2018-06-16 06:00:00,0.0075
2018-06-16 07:00:00,0.0153
2018-06-16 08:00:00,0.0301
2018-06-16 09:00:00,0.0467
2018-06-16 10:00:00,0.0481
2018-06-16 11:00:00,0.0403
2018-06-16 12:00:00,0.0436
2018-06-16 13:00:00,0.0551
2018-06-16 14:00:00,0.0579
2018-06-16 15:00:00,0.0642
2018-06-16 16:00:00,0.0731
2018-06-16 17:00:00,0.0973
2018-06-16 18:00:00,0.082
2018-06-16 19:00:00,0.0855
2018-06-16 20:00:00,0.073
2018-06-16 21:00:00,0.0581
2018-06-16 22:00:00,0.0528
2018-06-16 23:00:00,0.0394
2018-06-17 00:00:00,0.0293
2018-06-17 01:00:00,0.0213
2018-06-17 02:00:00,0.0141
2018-06-17 03:00:00,0.01
2018-06-17 04:00:00,0.0072
2018-06-17 05:00:00,0.0053
2018-06-17 06:00:00,0.006
2018-06-17 07:00:00,0.008
2018-06-17 08:00:00,0.0147
2018-06-17 09:00:00,0.0248
2018-06-17 10:00:00,0.033
2018-06-17 11:00:00,0.0398
2018-06-17 12:00:00,0.0489
2018-06-17 13:00:00,0.0581
2018-06-17 14:00:00,0.0621
2018-06-17 15:00:00,0.0643
2018-06-17 16:00:00,0.0653
2018-06-17 17:00:00,0.0678
2018-06-17 18:00:00,0.0792
2018-06-17 19:00:00,0.0732
2018-06-17 20:00:00,0.0645
2018-06-17 21:00:00,0.0491
2018-06-17 22:00:00,0.0412
2018-06-17 23:00:00,0.0336
2018-06-18 00:00:00,0.0319
2018-06-18 01:00:00,0.0243
2018-06-18 02:00:00,0.0167
2018-06-18 03:00:00,0.0099
2018-06-18 04:00:00,0.0071
2018-06-18 05:00:00,0.0049
2018-06-18 06:00:00,0.0038
2018-06-18 07:00:00,0.0051
2018-06-18 08:00:00,0.0075
2018-06-18 09:00:00,0.0145
2018-06-18 10:00:00,0.0224
2018-06-18 11:00:00,0.0326
2018-06-18 12:00:00,0.0419
2018-06-18 13:00:00,0.0483
2018-06-18 14:00:00,0.0553
2018-06-18 15:00:00,0.0595
2018-06-18 16:00:00,0.0551
2018-06-18 17:00:00,0.0554
2018-06-18 18:00:00,0.0603
2018-06-18 19:00:00,0.0645
2018-06-18 20:00:00,0.054
2018-06-18 21:00:00,0.0396
2018-06-18 22:00:00,0.0319
2018-06-18 23:00:00,0.0263
2018-06-19 00:00:00,0.0187
2018-06-19 01:00:00,0.0126
2018-06-19 02:00:00,0.0095
2018-06-19 03:00:00,0.0041
2018-06-19 04:00:00,0.0044
2018-06-19 05:00:00,0.0061
2018-06-19 06:00:00,0.0079
2018-06-19 07:00:00,0.0172
2018-06-19 08:00:00,0.0316
2018-06-19 09:00:00,0.051
2018-06-19 10:00:00,0.0536
2018-06-19 11:00:00,0.0499
2018-06-19 12:00:00,0.0553
2018-06-19 13:00:00,0.0622
2018-06-19 14:00:00,0.0646
2018-06-19 15:00:00,0.0651
2018-06-19 16:00:00,0.0757
2018-06-19 17:00:00,0.0828
2018-06-19 18:00:00,0.0808
2018-06-19 19:00:00,0.0874
2018-06-19 20:00:00,0.0726
2018-06-19 21:00:00,0.0563
2018-06-19 22:00:00,0.0414
2018-06-19 23:00:00,0.0294
2018-06-20 00:00:00,0.0194
2018-06-20 01:00:00,0.0124
2018-06-20 02:00:00,0.0093
2018-06-20 03:00:00,0.0066
2018-06-20 04:00:00,0.0047
2018-06-20 05:00:00,0.0063
2018-06-20 06:00:00,0.0102
2018-06-20 07:00:00,0.017
2018-06-20 08:00:00,0.0311
2018-06-20 09:00:00,0.0476
2018-06-20 10:00:00,0.0513
2018-06-20 11:00:00,0.047
2018-06-20 12:00:00,0.0501
2018-06-20 13:00:00,0.0556
2018-06-20 14:00:00,0.0623
2018-06-20 15:00:00,0.0664
2018-06-20 16:00:00,0.0751
2018-06-20 17:00:00,0.0803
2018-06-20 18:00:00,0.0817
2018-06-20 19:00:00,0.0895
2018-06-20 20:00:00,0.0717
2018-06-20 21:00:00,0.0611
2018-06-20 22:00:00,0.0447
2018-06-20 23:00:00,0.0322
2018-06-21 00:00:00,0.0222
2018-06-21 01:00:00,0.0161
2018-06-21 02:00:00,0.0094
2018-06-21 03:00:00,0.0072
2018-06-21 04:00:00,0.0056
2018-06-21 05:00:00,0.0058
2018-06-21 06:00:00,0.0104
2018-06-21 07:00:00,0.0177
2018-06-21 08:00:00,0.0319
2018-06-21 09:00:00,0.0457
2018-06-21 10:00:00,0.0502
2018-06-21 11:00:00,0.0466
2018-06-21 12:00:00,0.0484
2018-06-21 13:00:00,0.0597
2018-06-21 14:00:00,0.0652
2018-06-21 15:00:00,0.0677
2018-06-21 16:00:00,0.0765
2018-06-21 17:00:00,0.0854
2018-06-21 18:00:00,0.0849
2018-06-21 19:00:00,0.0875
2018-06-21 20:00:00,0.0758
2018-06-21 21:00:00,0.0587
2018-06-21 22:00:00,0.0433
2018-06-21 23:00:00,0.0375
2018-06-22 00:00:00,0.0238
2018-06-22 01:00:00,0.0176
2018-06-22 02:00:00,0.0095
2018-06-22 03:00:00,0.0075
2018-06-22 04:00:00,0.0062
2018-06-22 05:00:00,0.0056
2018-06-22 06:00:00,0.0107
2018-06-22 07:00:00,0.0161
2018-06-22 08:00:00,0.0321
2018-06-22 09:00:00,0.0431
2018-06-22 10:00:00,0.0494
2018-06-22 11:00:00,0.0474
2018-06-22 12:00:00,0.0565
2018-06-22 13:00:00,0.0648
2018-06-22 14:00:00,0.0714
2018-06-22 15:00:00,0.07
2018-06-22 16:00:00,0.0772
2018-06-22 17:00:00,0.081
2018-06-22 18:00:00,0.0713
2018-06-22 19:00:00,0.0767
2018-06-22 20:00:00,0.0771
2018-06-22 21:00:00,0.0654
2018-06-22 22:00:00,0.0521
2018-06-22 23:00:00,0.0393
2018-06-23 00:00:00,0.026
2018-06-23 01:00:00,0.0192
2018-06-23 02:00:00,0.0128
2018-06-23 03:00:00,0.0079
2018-06-23 04:00:00,0.006
2018-06-23 05:00:00,0.0057
2018-06-23 06:00:00,0.0083
2018-06-23 07:00:00,0.0137
2018-06-23 08:00:00,0.0283
2018-06-23 09:00:00,0.0353
2018-06-23 10:00:00,0.0395
2018-06-23 11:00:00,0.0484
2018-06-23 12:00:00,0.0571
2018-06-23 13:00:00,0.07
2018-06-23 14:00:00,0.1323
2018-06-23 15:00:00,0.0802
2018-06-23 16:00:00,0.1171
2018-06-23 17:00:00,0.1387
2018-06-23 18:00:00,0.0819
2018-06-23 19:00:00,0.0757
2018-06-23 20:00:00,0.0622
2018-06-23 21:00:00,0.0525
2018-06-23 22:00:00,0.0474
2018-06-23 23:00:00,0.0381
2018-06-24 00:00:00,0.029
2018-06-24 01:00:00,0.0221
2018-06-24 02:00:00,0.0148
2018-06-24 03:00:00,0.009
2018-06-24 04:00:00,0.006
2018-06-24 05:00:00,0.0054
2018-06-24 06:00:00,0.006
2018-06-24 07:00:00,0.0064
2018-06-24 08:00:00,0.011
2018-06-24 09:00:00,0.0182
2018-06-24 10:00:00,0.028
2018-06-24 11:00:00,0.0391
2018-06-24 12:00:00,0.0479
2018-06-24 13:00:00,0.0536
2018-06-24 14:00:00,0.0602
2018-06-24 15:00:00,0.0613
2018-06-24 16:00:00,0.0583
2018-06-24 17:00:00,0.0594
2018-06-24 18:00:00,0.0564
2018-06-24 19:00:00,0.0599
2018-06-24 20:00:00,0.0512
2018-06-24 21:00:00,0.0413
2018-06-24 22:00:00,0.0358
2018-06-24 23:00:00,0.0318
2018-06-25 00:00:00,0.0277
2018-06-25 01:00:00,0.0185
2018-06-25 02:00:00,0.0144
2018-06-25 03:00:00,0.0103
2018-06-25 04:00:00,0.0059
2018-06-25 05:00:00,0.0031
2018-06-25 06:00:00,0.0021
2018-06-25 07:00:00,0.0026
2018-06-25 08:00:00,0.0042
2018-06-25 09:00:00,0.008
2018-06-25 10:00:00,0.0138
2018-06-25 11:00:00,0.0214
2018-06-25 12:00:00,0.0258
2018-06-25 13:00:00,0.041
2018-06-25 14:00:00,0.0465
2018-06-25 15:00:00,0.0455
2018-06-25 16:00:00,0.0453
2018-06-25 17:00:00,0.0436
2018-06-25 18:00:00,0.037
2018-06-25 19:00:00,0.0328
2018-06-25 20:00:00,0.0319
2018-06-25 21:00:00,0.0315
2018-06-25 22:00:00,0.0334
2018-06-25 23:00:00,0.0306
2018-06-26 00:00:00,0.0218
2018-06-26 01:00:00,0.0137
2018-06-26 02:00:00,0.0085
2018-06-26 03:00:00,0.0042
2018-06-26 04:00:00,0.0031
2018-06-26 05:00:00,0.0034
2018-06-26 06:00:00,0.0053
2018-06-26 07:00:00,0.0079
2018-06-26 08:00:00,0.0102
2018-06-26 09:00:00,0.0174
2018-06-26 10:00:00,0.0245
2018-06-26 11:00:00,0.0282
2018-06-26 12:00:00,0.0376
2018-06-26 13:00:00,0.0444
2018-06-26 14:00:00,0.0509
2018-06-26 15:00:00,0.0524
2018-06-26 16:00:00,0.0543
2018-06-26 17:00:00,0.0533
2018-06-26 18:00:00,0.0504
2018-06-26 19:00:00,0.052
2018-06-26 20:00:00,0.0473
2018-06-26 21:00:00,0.0363
2018-06-26 22:00:00,0.0305
2018-06-26 23:00:00,0.0239
2018-06-27 00:00:00,0.0175
2018-06-27 01:00:00,0.0106
2018-06-27 02:00:00,0.008
2018-06-27 03:00:00,0.0046
2018-06-27 04:00:00,0.0033
2018-06-27 05:00:00,0.0057
2018-06-27 06:00:00,0.0081
2018-06-27 07:00:00,0.0127
2018-06-27 08:00:00,0.0254
2018-06-27 09:00:00,0.0307
2018-06-27 10:00:00,0.0407
2018-06-27 11:00:00,0.0394
2018-06-27 12:00:00,0.0429
2018-06-27 13:00:00,0.0497
2018-06-27 14:00:00,0.0566
2018-06-27 15:00:00,0.0566
2018-06-27 16:00:00,0.0665
2018-06-27 17:00:00,0.0759
2018-06-27 18:00:00,0.0744
2018-06-27 19:00:00,0.0792
2018-06-27 20:00:00,0.064
2018-06-27 21:00:00,0.0475
2018-06-27 22:00:00,0.0344
2018-06-27 23:00:00,0.0266
2018-06-28 00:00:00,0.0183
2018-06-28 01:00:00,0.0127
2018-06-28 02:00:00,0.009
2018-06-28 03:00:00,0.0053
2018-06-28 04:00:00,0.0047
2018-06-28 05:00:00,0.0053
2018-06-28 06:00:00,0.009
2018-06-28 07:00:00,0.0142
2018-06-28 08:00:00,0.0253
2018-06-28 09:00:00,0.0328
2018-06-28 10:00:00,0.0408
2018-06-28 11:00:00,0.0409
2018-06-28 12:00:00,0.0429
2018-06-28 13:00:00,0.0542
2018-06-28 14:00:00,0.0573
2018-06-28 15:00:00,0.0624
2018-06-28 16:00:00,0.0663
2018-06-28 17:00:00,0.0689
2018-06-28 18:00:00,0.0704
2018-06-28 19:00:00,0.0757
2018-06-28 20:00:00,0.0634
2018-06-28 21:00:00,0.0484
2018-06-28 22:00:00,0.036
2018-06-28 23:00:00,0.0282
2018-06-29 00:00:00,0.0193
2018-06-29 01:00:00,0.0138
2018-06-29 02:00:00,0.0092
2018-06-29 03:00:00,0.007
2018-06-29 04:00:00,0.0046
2018-06-29 05:00:00,0.0061
2018-06-29 06:00:00,0.0085
2018-06-29 07:00:00,0.0162
2018-06-29 08:00:00,0.0197
2018-06-29 09:00:00,0.0352
2018-06-29 10:00:00,0.0406
2018-06-29 11:00:00,0.044
2018-06-29 12:00:00,0.0463
2018-06-29 13:00:00,0.0517
2018-06-29 14:00:00,0.0603
2018-06-29 15:00:00,0.0652
2018-06-29 16:00:00,0.0698
2018-06-29 17:00:00,0.0713
2018-06-29 18:00:00,0.0752
2018-06-29 19:00:00,0.0794
2018-06-29 20:00:00,0.0684
2018-06-29 21:00:00,0.0486
2018-06-29 22:00:00,0.038
2018-06-29 23:00:00,0.0294
2018-06-30 00:00:00,0.0204
2018-06-30 01:00:00,0.0154
2018-06-30 02:00:00,0.0092
2018-06-30 03:00:00,0.0056
2018-06-30 04:00:00,0.0056
2018-06-30 05:00:00,0.0056
2018-06-30 06:00:00,0.0086
2018-06-30 07:00:00,0.0138
2018-06-30 08:00:00,0.0246
2018-06-30 09:00:00,0.031
2018-06-30 10:00:00,0.0402
2018-06-30 11:00:00,0.0409
2018-06-30 12:00:00,0.0496
2018-06-30 13:00:00,0.059
2018-06-30 14:00:00,0.0647
2018-06-30 15:00:00,0.0684
2018-06-30 16:00:00,0.0767
2018-06-30 17:00:00,0.0712
2018-06-30 18:00:00,0.0723
2018-06-30 19:00:00,0.0756
2018-06-30 20:00:00,0.0646
2018-06-30 21:00:00,0.0469
2018-06-30 22:00:00,0.0383
2018-06-30 23:00:00,0.0307
2018-07-01 00:00:00,0.0252
2018-07-01 01:00:00,0.0192
2018-07-01 02:00:00,0.0125
2018-07-01 03:00:00,0.0073
2018-07-01 04:00:00,0.0057
2018-07-01 05:00:00,0.0054
2018-07-01 06:00:00,0.0047
2018-07-01 07:00:00,0.0079
2018-07-01 08:00:00,0.0138
2018-07-01 09:00:00,0.0224
2018-07-01 10:00:00,0.0313
2018-07-01 11:00:00,0.0392
2018-07-01 12:00:00,0.0493
2018-07-01 13:00:00,0.0572
2018-07-01 14:00:00,0.0611
2018-07-01 15:00:00,0.0628
2018-07-01 16:00:00,0.0625
2018-07-01 17:00:00,0.0651
2018-07-01 18:00:00,0.0644
2018-07-01 19:00:00,0.0658
2018-07-01 20:00:00,0.0552
2018-07-01 21:00:00,0.0429
2018-07-01 22:00:00,0.0363
2018-07-01 23:00:00,0.0325
2018-07-02 00:00:00,0.0279
2018-07-02 01:00:00,0.0208
