metric,value
eval_data,datasets\Impute\MCAR_025\zero\ETTm2_MCAR_025_short.csv
clean_data,datasets\ori\ETTm2.csv
freq,T
term,short
prediction_length,48
windows,20
MSE[mean],109.8154052734375
MSE[0.5],82.409912109375
MAE[0.5],8.465150960286458
MASE[0.5],1.4207793659238326
MAPE[0.5],0.22441364924112955
sMAPE[0.5],0.2553402000469404
MSIS,10.799898333662993
RMSE[mean],10.479284578321055
NRMSE[mean],0.2822238618774008
ND[0.5],0.2279800283627757
mean_weighted_sum_quantile_loss,0.1845000728600531
