metric,value
eval_data,datasets\Impute\MCAR_025\zero\ETTm2_MCAR_025_long.csv
clean_data,datasets\ori\ETTm2.csv
freq,T
term,long
prediction_length,720
windows,10
MSE[mean],121.39649305555555
MSE[0.5],120.28763020833334
MAE[0.5],9.737805989583334
MASE[0.5],1.6276889663479355
MAPE[0.5],0.28012337578667534
sMAPE[0.5],0.3344691183587331
MSIS,10.045414056912362
RMSE[mean],11.018007671786926
NRMSE[mean],0.3328404698381297
ND[0.5],0.29416715047901354
mean_weighted_sum_quantile_loss,0.23092480741971627
