metric,value
model,kairos50m
eval_data,data\datasets\ori\ETTh1.csv
clean_data,data\datasets\ori\ETTh1.csv
freq,H
term,short
prediction_length,48
windows,20
MSE[mean],2.7679850260416665
MSE[0.5],2.7679850260416665
MAE[0.5],1.1520037333170572
MASE[0.5],0.5312635212286516
MAPE[0.5],0.14751825332641602
sMAPE[0.5],0.12714702337519918
MSIS,3.9478190119527095
RMSE[mean],1.6637262473260637
NRMSE[mean],0.17816527216387296
ND[0.5],0.12336588366632054
mean_weighted_sum_quantile_loss,0.09808142144364172
