metric,value
model,kairos50m
eval_data,data\datasets\ori\ETTm2.csv
clean_data,data\datasets\ori\ETTm2.csv
freq,15T
term,long
prediction_length,720
windows,20
MSE[mean],39.07314236111111
MSE[0.5],39.07314236111111
MAE[0.5],4.771996527777778
MASE[0.5],1.574790261860256
MAPE[0.5],0.4439832899305556
sMAPE[0.5],0.2505858043022687
MSIS,22.210545905913207
RMSE[mean],6.250851330907744
NRMSE[mean],0.24640151315111186
ND[0.5],0.1881067238605311
mean_weighted_sum_quantile_loss,0.1604960778960876
