metric,value
model,kairos50m
eval_data,data\datasets\ori\ETTm1.csv
clean_data,data\datasets\ori\ETTm1.csv
freq,15T
term,long
prediction_length,720
windows,20
MSE[mean],9.081157769097222
MSE[0.5],9.081157769097222
MAE[0.5],2.2870000542534723
MASE[0.5],1.0331021974355266
MAPE[0.5],0.43972509211148886
sMAPE[0.5],0.4592273655299144
MSIS,21.294633099165605
RMSE[mean],3.013495938125224
NRMSE[mean],0.4002210115294283
ND[0.5],0.3037354268513194
mean_weighted_sum_quantile_loss,0.27308918952008177
