metric,value
model,chronos2
eval_data,data\datasets\Imputed\BM\BM_020\ETTm2_BM_020_medium_backward.csv
clean_data,data\datasets\ori\ETTm2.csv
freq,T
term,medium
prediction_length,480
windows,20
MSE[mean],45.79985026041667
MSE[0.5],45.79985026041667
MAE[0.5],5.143946126302083
MASE[0.5],0.862863593750869
MAPE[0.5],0.18350873311360677
sMAPE[0.5],0.17339539845784505
MSIS,5.788491137218842
RMSE[mean],6.767558663241617
NRMSE[mean],0.217775932678428
ND[0.5],0.1655290660999518
mean_weighted_sum_quantile_loss,0.1308216209433282
