metric,value
model,chronos2
eval_data,data\datasets\Imputed\BM\BM_030\ETTm1_BM_030_long_forward.csv
clean_data,data\datasets\ori\ETTm1.csv
freq,T
term,long
prediction_length,720
windows,20
MSE[mean],9.053191189236111
MSE[0.5],9.053191189236111
MAE[0.5],2.2946055772569443
MASE[0.5],0.6113183089700635
MAPE[0.5],0.43725377153284034
sMAPE[0.5],0.4113221232096354
MSIS,4.974151424752047
RMSE[mean],3.008852138147721
NRMSE[mean],0.3996042705871814
ND[0.5],0.3047455128684101
mean_weighted_sum_quantile_loss,0.24219969345757977
