metric,value
model,chronos2
eval_data,data\datasets\Imputed\BM\BM_020\Coastal_T_S_15T_BM_020_long_linear.csv
clean_data,data\datasets\ori\Coastal_T_S_15T.csv
freq,15T
term,long
prediction_length,720
windows,20
MSE[mean],0.005424389309353299
MSE[0.5],0.005424389309353299
MAE[0.5],0.058064664204915364
MASE[0.5],1.0232284145214336
MAPE[0.5],0.0016365329424540202
sMAPE[0.5],0.0016361353132459853
MSIS,7.038347329141639
RMSE[mean],0.07365045355836784
NRMSE[mean],0.002075025350742083
ND[0.5],0.0016359118564292494
mean_weighted_sum_quantile_loss,0.001247208923101228
