metric,value
model,chronos2
eval_data,data\datasets\Imputed\BM\BM_010\ETTh2_BM_010_long_linear.csv
clean_data,data\datasets\ori\ETTh2.csv
freq,H
term,long
prediction_length,720
windows,15
MSE[mean],41.71070601851852
MSE[0.5],41.71070601851852
MAE[0.5],5.139556929976852
MASE[0.5],1.7188518252832765
MAPE[0.5],0.37530287000868057
sMAPE[0.5],0.2399088767722801
MSIS,10.78327025407195
RMSE[mean],6.458382616299419
NRMSE[mean],0.23585095603368914
ND[0.5],0.18768931596981975
mean_weighted_sum_quantile_loss,0.1441682440826344
