metric,value
model,chronos2
eval_data,data\datasets\Imputed\BM\BM_020\electricity_BM_020_long_linear.csv
clean_data,data\datasets\ori\electricity.csv
freq,H
term,long
prediction_length,720
windows,20
MSE[mean],121175.69777777778
MSE[0.5],121175.69777777778
MAE[0.5],251.54163194444445
MASE[0.5],0.8633182991449316
MAPE[0.5],0.07450169302935533
sMAPE[0.5],0.07335816277398004
MSIS,5.830063437448342
RMSE[mean],348.10299880606857
NRMSE[mean],0.10499665662661029
ND[0.5],0.07587130948929817
mean_weighted_sum_quantile_loss,0.0586078438188259
