metric,value
model,chronos2
eval_data,data\datasets\Imputed\BM\BM_030\exchange_rate_BM_030_short_linear.csv
clean_data,data\datasets\ori\exchange_rate.csv
freq,D
term,short
prediction_length,30
windows,20
MSE[mean],0.00015414540966351826
MSE[0.5],0.00015414540966351826
MAE[0.5],0.009886354605356851
MASE[0.5],3.1139115966692454
MAPE[0.5],0.014416996637980144
sMAPE[0.5],0.014382282892862955
MSIS,42.402301975419036
RMSE[mean],0.012415530985967465
NRMSE[mean],0.018081438241512225
ND[0.5],0.014398055985885028
mean_weighted_sum_quantile_loss,0.012194487109978986
