metric,value
model,chronos2
eval_data,data\datasets\Imputed\BM\BM_010\exchange_rate_BM_010_long_mean.csv
clean_data,data\datasets\ori\exchange_rate.csv
freq,D
term,long
prediction_length,450
windows,11
MSE[mean],0.0077088727854719066
MSE[0.5],0.0077088727854719066
MAE[0.5],0.06509202128708964
MASE[0.5],23.084563789051316
MAPE[0.5],0.09549603086529355
sMAPE[0.5],0.09823875966698233
MSIS,143.87351730705745
RMSE[mean],0.08780018670522237
NRMSE[mean],0.12695408802713914
ND[0.5],0.09411936933676325
mean_weighted_sum_quantile_loss,0.07411968976472665
