metric,value
model,chronos2
eval_data,data\datasets\Imputed\BM\BM_010\Coastal_T_S_5T_BM_010_long_mean.csv
clean_data,data\datasets\ori\Coastal_T_S_5T.csv
freq,5T
term,long
prediction_length,720
windows,20
MSE[mean],767.3954861111112
MSE[0.5],767.3954861111112
MAE[0.5],11.866784939236112
MASE[0.5],0.39982799992545415
MAPE[0.5],0.2649808078342014
sMAPE[0.5],0.24943294949001737
MSIS,2.9275959528113313
RMSE[mean],27.70190401598979
NRMSE[mean],1.0189688393270926
ND[0.5],0.4365001073246842
mean_weighted_sum_quantile_loss,0.3081170675593118
