metric,value
model,chronos2
eval_data,data\datasets\Imputed\BM\BM_010\ETTm2_BM_010_medium_mean.csv
clean_data,data\datasets\ori\ETTm2.csv
freq,T
term,medium
prediction_length,480
windows,20
MSE[mean],57.548756510416666
MSE[0.5],57.548756510416666
MAE[0.5],5.775699055989583
MASE[0.5],0.9686343789146166
MAPE[0.5],0.19521060943603516
sMAPE[0.5],0.195645751953125
MSIS,10.5892611773698
RMSE[mean],7.586089671920354
NRMSE[mean],0.24411576402845916
ND[0.5],0.18585849216496717
mean_weighted_sum_quantile_loss,0.15075755285268158
