metric,value
model,chronos2
eval_data,data\datasets\Imputed\BM\BM_020\ETTh2_BM_020_short_mean.csv
clean_data,data\datasets\ori\ETTh2.csv
freq,H
term,short
prediction_length,48
windows,20
MSE[mean],96.775341796875
MSE[0.5],96.775341796875
MAE[0.5],7.853644816080729
MASE[0.5],2.5486888474900846
MAPE[0.5],0.20876242319742838
sMAPE[0.5],0.23841333389282227
MSIS,53.67027108409734
RMSE[mean],9.837445898040558
NRMSE[mean],0.2794506053328968
ND[0.5],0.2230971149087054
mean_weighted_sum_quantile_loss,0.1969254465843711
