metric,value
eval_data,datasets\Impute\MCAR_020\zero\ETTm2_MCAR_020_medium.csv
clean_data,datasets\ori\ETTm2.csv
freq,T
term,medium
prediction_length,480
windows,15
MSE[mean],92.98989583333334
MSE[0.5],91.28519097222222
MAE[0.5],8.19325466579861
MASE[0.5],1.3694831363817597
MAPE[0.5],0.2344358656141493
sMAPE[0.5],0.2724974222250823
MSIS,8.757134438322336
RMSE[mean],9.64312687012534
NRMSE[mean],0.29130701064765796
ND[0.5],0.247508153352518
mean_weighted_sum_quantile_loss,0.19392148119420682
