metric,value
eval_data,datasets\Impute\MCAR_020\zero\ETTm2_MCAR_020_short.csv
clean_data,datasets\ori\ETTm2.csv
freq,T
term,short
prediction_length,48
windows,20
MSE[mean],86.90659993489584
MSE[0.5],61.936275227864584
MAE[0.5],6.920683797200521
MASE[0.5],1.161612700928957
MAPE[0.5],0.18156854311625162
sMAPE[0.5],0.2005624643121783
MSIS,10.700538134453184
RMSE[mean],9.322370939567671
NRMSE[mean],0.25106633079335344
ND[0.5],0.18638506221301757
mean_weighted_sum_quantile_loss,0.15238975089582157
