metric,value
eval_data,datasets\Impute\MCAR_020\zero\ETTm1_MCAR_020_short.csv
clean_data,datasets\ori\ETTm1.csv
freq,T
term,short
prediction_length,48
windows,20
MSE[mean],4.332045491536459
MSE[0.5],3.447215270996094
MAE[0.5],1.5219126383463542
MASE[0.5],0.4179364773476159
MAPE[0.5],0.18817389806111653
sMAPE[0.5],0.19405423568576133
MSIS,3.601204583014483
RMSE[mean],2.081356646885982
NRMSE[mean],0.24308770769013757
ND[0.5],0.1777486117594392
mean_weighted_sum_quantile_loss,0.14451767890446798
