{
  "success": true,
  "dataset": "electricity",
  "method": "BM",
  "ratio": 0.3,
  "term": "short",
  "impute_method": "mean",
  "inject_range": {
    "dataset_name": "electricity",
    "term": "short",
    "frequency": "H",
    "prediction_length": 48,
    "windows": 20,
    "max_context": 2880,
    "start_index": 22464,
    "end_index": 26256,
    "injection_length": 3792,
    "total_length": 26304
  },
  "period": 24,
  "n_windows": 20,
  "summary": {
    "mean": {
      "trend_strength": 0.6150816618543528,
      "trend_linearity": -0.17257430113421013,
      "seasonal_strength": 0.6749332313709877,
      "seasonal_correlation": 0.7000885638588441,
      "residual_autocorr_lag1": 0.7398092049226384,
      "spectral_entropy": 24721.11677817909
    },
    "std": {
      "trend_strength": 0.08881835373034391,
      "trend_linearity": 0.058830766177234387,
      "seasonal_strength": 0.06825925058147199,
      "seasonal_correlation": 0.15634588294478435,
      "residual_autocorr_lag1": 0.014484159065458725,
      "spectral_entropy": 47.63675007687324
    },
    "min": {
      "trend_strength": 0.4419111148824354,
      "trend_linearity": -0.25304148782742925,
      "seasonal_strength": 0.550111288501544,
      "seasonal_correlation": 0.47103854827745645,
      "residual_autocorr_lag1": 0.7211552116208926,
      "spectral_entropy": 24577.710195726548
    },
    "max": {
      "trend_strength": 0.7156724183251074,
      "trend_linearity": -0.06351796167047158,
      "seasonal_strength": 0.7554344453756936,
      "seasonal_correlation": 0.9289594699927541,
      "residual_autocorr_lag1": 0.7692546894711716,
      "spectral_entropy": 24777.540493413522
    }
  },
  "window_results": [
    {
      "window_idx": 0,
      "history_start": 23376,
      "history_end": 26256,
      "history_length": 2880,
      "metrics": {
        "trend_strength": 0.4509798373124623,
        "trend_linearity": -0.06539395079272488,
        "seasonal_strength": 0.5621237870298801,
        "seasonal_correlation": 0.47103854827745645,
        "residual_autocorr_lag1": 0.7363589220426598,
        "spectral_entropy": 24577.710195726548
      },
      "n_series": 1
    },
    {
      "window_idx": 1,
      "history_start": 23328,
      "history_end": 26208,
      "history_length": 2880,
      "metrics": {
        "trend_strength": 0.4419111148824354,
        "trend_linearity": -0.06351796167047158,
        "seasonal_strength": 0.550111288501544,
        "seasonal_correlation": 0.47554966530727383,
        "residual_autocorr_lag1": 0.7251067651989339,
        "spectral_entropy": 24656.66434956732
      },
      "n_series": 1
    },
    {
      "window_idx": 2,
      "history_start": 23280,
      "history_end": 26160,
      "history_length": 2880,
      "metrics": {
        "trend_strength": 0.48444600277012206,
        "trend_linearity": -0.09011810747019092,
        "seasonal_strength": 0.579844449102545,
        "seasonal_correlation": 0.5222589576895155,
        "residual_autocorr_lag1": 0.722650067144823,
        "spectral_entropy": 24708.013582792148
      },
      "n_series": 1
    },
    {
      "window_idx": 3,
      "history_start": 23232,
      "history_end": 26112,
      "history_length": 2880,
      "metrics": {
        "trend_strength": 0.524221966346065,
        "trend_linearity": -0.11384112472433677,
        "seasonal_strength": 0.5966946496634437,
        "seasonal_correlation": 0.5349836040453804,
        "residual_autocorr_lag1": 0.725979486593701,
        "spectral_entropy": 24703.480434907076
      },
      "n_series": 1
    },
    {
      "window_idx": 4,
      "history_start": 23184,
      "history_end": 26064,
      "history_length": 2880,
      "metrics": {
        "trend_strength": 0.5330666052087425,
        "trend_linearity": -0.1077087762258726,
        "seasonal_strength": 0.599533483048901,
        "seasonal_correlation": 0.543068811586176,
        "residual_autocorr_lag1": 0.7211552116208926,
        "spectral_entropy": 24728.43031410253
      },
      "n_series": 1
    },
    {
      "window_idx": 5,
      "history_start": 23136,
      "history_end": 26016,
      "history_length": 2880,
      "metrics": {
        "trend_strength": 0.546137514320148,
        "trend_linearity": -0.13005925407644045,
        "seasonal_strength": 0.6131142335051971,
        "seasonal_correlation": 0.5471683410385081,
        "residual_autocorr_lag1": 0.7297034694048232,
        "spectral_entropy": 24712.18994001507
      },
      "n_series": 1
    },
    {
      "window_idx": 6,
      "history_start": 23088,
      "history_end": 25968,
      "history_length": 2880,
      "metrics": {
        "trend_strength": 0.5708226208591083,
        "trend_linearity": -0.1457812131699135,
        "seasonal_strength": 0.6343226192691265,
        "seasonal_correlation": 0.5817050843351943,
        "residual_autocorr_lag1": 0.7319683442887163,
        "spectral_entropy": 24708.761414315413
      },
      "n_series": 1
    },
    {
      "window_idx": 7,
      "history_start": 23040,
      "history_end": 25920,
      "history_length": 2880,
      "metrics": {
        "trend_strength": 0.5989895320014259,
        "trend_linearity": -0.16342019075678493,
        "seasonal_strength": 0.6588676083666423,
        "seasonal_correlation": 0.6122941681022509,
        "residual_autocorr_lag1": 0.7368572110467567,
        "spectral_entropy": 24724.08976275642
      },
      "n_series": 1
    },
    {
      "window_idx": 8,
      "history_start": 22992,
      "history_end": 25872,
      "history_length": 2880,
      "metrics": {
        "trend_strength": 0.6166604060504208,
        "trend_linearity": -0.1727140213794504,
        "seasonal_strength": 0.6759166764454949,
        "seasonal_correlation": 0.6370823169552541,
        "residual_autocorr_lag1": 0.7258453341375922,
        "spectral_entropy": 24687.861533057752
      },
      "n_series": 1
    },
    {
      "window_idx": 9,
      "history_start": 22944,
      "history_end": 25824,
      "history_length": 2880,
      "metrics": {
        "trend_strength": 0.6398896618843504,
        "trend_linearity": -0.18161546438479081,
        "seasonal_strength": 0.6968600166878941,
        "seasonal_correlation": 0.6753551494075961,
        "residual_autocorr_lag1": 0.7248642861270799,
        "spectral_entropy": 24699.80298157499
      },
      "n_series": 1
    },
    {
      "window_idx": 10,
      "history_start": 22896,
      "history_end": 25776,
      "history_length": 2880,
      "metrics": {
        "trend_strength": 0.6433994735221849,
        "trend_linearity": -0.18693494261677793,
        "seasonal_strength": 0.6969331823140761,
        "seasonal_correlation": 0.7082885619991756,
        "residual_autocorr_lag1": 0.7348243742311797,
        "spectral_entropy": 24687.065867661273
      },
      "n_series": 1
    },
    {
      "window_idx": 11,
      "history_start": 22848,
      "history_end": 25728,
      "history_length": 2880,
      "metrics": {
        "trend_strength": 0.6519946230366567,
        "trend_linearity": -0.18436272506321424,
        "seasonal_strength": 0.706404582895364,
        "seasonal_correlation": 0.7310819771179071,
        "residual_autocorr_lag1": 0.7311171498960385,
        "spectral_entropy": 24699.680987092936
      },
      "n_series": 1
    },
    {
      "window_idx": 12,
      "history_start": 22800,
      "history_end": 25680,
      "history_length": 2880,
      "metrics": {
        "trend_strength": 0.6681446770166455,
        "trend_linearity": -0.20751309036944288,
        "seasonal_strength": 0.7122583002695243,
        "seasonal_correlation": 0.7873291047557917,
        "residual_autocorr_lag1": 0.7535125604776307,
        "spectral_entropy": 24762.910521749574
      },
      "n_series": 1
    },
    {
      "window_idx": 13,
      "history_start": 22752,
      "history_end": 25632,
      "history_length": 2880,
      "metrics": {
        "trend_strength": 0.6911806936124012,