{
  "success": true,
  "dataset": "electricity",
  "method": "BM",
  "ratio": 0.1,
  "term": "long",
  "impute_method": "backward",
  "inject_range": {
    "dataset_name": "electricity",
    "term": "long",
    "frequency": "H",
    "prediction_length": 720,
    "windows": 20,
    "max_context": 2880,
    "start_index": 9024,
    "end_index": 25584,
    "injection_length": 16560,
    "total_length": 26304
  },
  "period": 24,
  "n_windows": 20,
  "summary": {
    "mean": {
      "trend_strength": 0.6812810694567909,
      "trend_linearity": 0.009164103070751934,
      "seasonal_strength": 0.6457872288730373,
      "seasonal_correlation": 0.8265933123907807,
      "residual_autocorr_lag1": 0.785017165514767,
      "spectral_entropy": 24501.24100826403
    },
    "std": {
      "trend_strength": 0.07223151872756631,
      "trend_linearity": 0.20415950192509236,
      "seasonal_strength": 0.08407310694279697,
      "seasonal_correlation": 0.13675203779417167,
      "residual_autocorr_lag1": 0.04825596044940567,
      "spectral_entropy": 326.2677402956474
    },
    "min": {
      "trend_strength": 0.5408100916192102,
      "trend_linearity": -0.3867170336104608,
      "seasonal_strength": 0.4859986511814949,
      "seasonal_correlation": 0.3501444578518193,
      "residual_autocorr_lag1": 0.6606186319996473,
      "spectral_entropy": 23721.146280554764
    },
    "max": {
      "trend_strength": 0.7898991930100218,
      "trend_linearity": 0.28868713403750657,
      "seasonal_strength": 0.7851243619342451,
      "seasonal_correlation": 0.9472901050710746,
      "residual_autocorr_lag1": 0.8611125154969695,
      "spectral_entropy": 25088.105203036677
    }
  },
  "window_results": [
    {
      "window_idx": 0,
      "history_start": 22704,
      "history_end": 25584,
      "history_length": 2880,
      "metrics": {
        "trend_strength": 0.7898991930100218,
        "trend_linearity": -0.2926326175197567,
        "seasonal_strength": 0.5757044273234114,
        "seasonal_correlation": 0.3501444578518193,
        "residual_autocorr_lag1": 0.8077421425975818,
        "spectral_entropy": 24210.047250417156
      },
      "n_series": 1
    },
    {
      "window_idx": 1,
      "history_start": 21984,
      "history_end": 24864,
      "history_length": 2880,
      "metrics": {
        "trend_strength": 0.7304647966228839,
        "trend_linearity": -0.1657272451910926,
        "seasonal_strength": 0.6635550538686144,
        "seasonal_correlation": 0.5801234660625104,
        "residual_autocorr_lag1": 0.8125814847530324,
        "spectral_entropy": 24417.456557566024
      },
      "n_series": 1
    },
    {
      "window_idx": 2,
      "history_start": 21264,
      "history_end": 24144,
      "history_length": 2880,
      "metrics": {
        "trend_strength": 0.6128998404239536,
        "trend_linearity": -0.027894449603839612,
        "seasonal_strength": 0.7268954075522734,
        "seasonal_correlation": 0.908726078520913,
        "residual_autocorr_lag1": 0.8123714209557444,
        "spectral_entropy": 24426.8082341544
      },
      "n_series": 1
    },
    {
      "window_idx": 3,
      "history_start": 20544,
      "history_end": 23424,
      "history_length": 2880,
      "metrics": {
        "trend_strength": 0.690600997871199,
        "trend_linearity": 0.24674062719509493,
        "seasonal_strength": 0.7725057311437689,
        "seasonal_correlation": 0.9448985476675698,
        "residual_autocorr_lag1": 0.8211197056556886,
        "spectral_entropy": 24197.13447187388
      },
      "n_series": 1
    },
    {
      "window_idx": 4,
      "history_start": 19824,
      "history_end": 22704,
      "history_length": 2880,
      "metrics": {
        "trend_strength": 0.7087613807547668,
        "trend_linearity": 0.2396468856910139,
        "seasonal_strength": 0.7851243619342451,
        "seasonal_correlation": 0.9472901050710746,
        "residual_autocorr_lag1": 0.8124110611728231,
        "spectral_entropy": 24080.43809743459
      },
      "n_series": 1
    },
    {
      "window_idx": 5,
      "history_start": 19104,
      "history_end": 21984,
      "history_length": 2880,
      "metrics": {
        "trend_strength": 0.6812924531142373,
        "trend_linearity": 0.16761384674932436,
        "seasonal_strength": 0.7629861651432066,
        "seasonal_correlation": 0.9255899943189841,
        "residual_autocorr_lag1": 0.7784629509943095,
        "spectral_entropy": 24529.4292974399
      },
      "n_series": 1
    },
    {
      "window_idx": 6,
      "history_start": 18384,
      "history_end": 21264,
      "history_length": 2880,
      "metrics": {
        "trend_strength": 0.6000352961665512,
        "trend_linearity": 0.06756399193893955,
        "seasonal_strength": 0.7274409083041016,
        "seasonal_correlation": 0.8845031054282296,
        "residual_autocorr_lag1": 0.7675095861688079,
        "spectral_entropy": 24540.138618804172
      },
      "n_series": 1
    },
    {
      "window_idx": 7,
      "history_start": 17664,
      "history_end": 20544,
      "history_length": 2880,
      "metrics": {
        "trend_strength": 0.578567756420614,
        "trend_linearity": 0.049140193565806393,
        "seasonal_strength": 0.6579031667021695,
        "seasonal_correlation": 0.8562290741203398,
        "residual_autocorr_lag1": 0.7296492829990325,
        "spectral_entropy": 24401.772371639792
      },
      "n_series": 1
    },
    {
      "window_idx": 8,
      "history_start": 16944,
      "history_end": 19824,
      "history_length": 2880,
      "metrics": {
        "trend_strength": 0.5656046541079868,
        "trend_linearity": 0.026910642200241128,
        "seasonal_strength": 0.5005767530792512,
        "seasonal_correlation": 0.77691171238726,
        "residual_autocorr_lag1": 0.6606186319996473,
        "spectral_entropy": 24376.381994364077
      },
      "n_series": 1
    },
    {
      "window_idx": 9,
      "history_start": 16224,
      "history_end": 19104,
      "history_length": 2880,
      "metrics": {
        "trend_strength": 0.5408100916192102,
        "trend_linearity": -0.014801706954707762,
        "seasonal_strength": 0.4859986511814949,
        "seasonal_correlation": 0.7890303633085316,
        "residual_autocorr_lag1": 0.7821931531011215,
        "spectral_entropy": 23721.146280554764
      },
      "n_series": 1
    },
    {
      "window_idx": 10,
      "history_start": 15504,
      "history_end": 18384,
      "history_length": 2880,
      "metrics": {
        "trend_strength": 0.6000035032545891,
        "trend_linearity": -0.10224570703633734,
        "seasonal_strength": 0.5341841265692058,
        "seasonal_correlation": 0.7731201922214986,
        "residual_autocorr_lag1": 0.7419869131435604,
        "spectral_entropy": 24316.76345282027
      },
      "n_series": 1
    },
    {
      "window_idx": 11,
      "history_start": 14784,
      "history_end": 17664,
      "history_length": 2880,
      "metrics": {
        "trend_strength": 0.6820995562754285,
        "trend_linearity": -0.26963145280821516,
        "seasonal_strength": 0.5454336095830081,
        "seasonal_correlation": 0.7555402042209077,
        "residual_autocorr_lag1": 0.7598767929836105,
        "spectral_entropy": 24973.231703725385
      },
      "n_series": 1
    },
    {
      "window_idx": 12,
      "history_start": 14064,
      "history_end": 16944,
      "history_length": 2880,
      "metrics": {
        "trend_strength": 0.7454826112202437,
        "trend_linearity": -0.3867170336104608,
        "seasonal_strength": 0.6255949118092425,
        "seasonal_correlation": 0.8627491483067921,
        "residual_autocorr_lag1": 0.7823475543721939,
        "spectral_entropy": 25031.506528209487
      },
      "n_series": 1
    },
    {
      "window_idx": 13,
      "history_start": 13344,
      "history_end": 16224,
      "history_length": 2880,
      "metrics": {
        "trend_strength": 0.7153996337267943,