{
  "success": true,
  "dataset": "electricity",
  "method": "BM",
  "ratio": 0.1,
  "term": "short",
  "impute_method": "linear",
  "inject_range": {
    "dataset_name": "electricity",
    "term": "short",
    "frequency": "H",
    "prediction_length": 48,
    "windows": 20,
    "max_context": 2880,
    "start_index": 22464,
    "end_index": 26256,
    "injection_length": 3792,
    "total_length": 26304
  },
  "period": 24,
  "n_windows": 20,
  "summary": {
    "mean": {
      "trend_strength": 0.7457742589543306,
      "trend_linearity": -0.2804291453952591,
      "seasonal_strength": 0.7416147760313877,
      "seasonal_correlation": 0.9207930489982223,
      "residual_autocorr_lag1": 0.7340841766188173,
      "spectral_entropy": 24632.54200155709
    },
    "std": {
      "trend_strength": 0.01697068198202179,
      "trend_linearity": 0.017320068046254668,
      "seasonal_strength": 0.02307909266302594,
      "seasonal_correlation": 0.02585633898793481,
      "residual_autocorr_lag1": 0.009314631172721818,
      "spectral_entropy": 53.31400117817084
    },
    "min": {
      "trend_strength": 0.7027131432096209,
      "trend_linearity": -0.30547478592594585,
      "seasonal_strength": 0.6909006378847339,
      "seasonal_correlation": 0.8334882604502319,
      "residual_autocorr_lag1": 0.7216803406832035,
      "spectral_entropy": 24496.46692387767
    },
    "max": {
      "trend_strength": 0.7657686715142031,
      "trend_linearity": -0.24136443979407038,
      "seasonal_strength": 0.7712104065281229,
      "seasonal_correlation": 0.9396484540466805,
      "residual_autocorr_lag1": 0.7631469318032834,
      "spectral_entropy": 24719.18817208195
    }
  },
  "window_results": [
    {
      "window_idx": 0,
      "history_start": 23376,
      "history_end": 26256,
      "history_length": 2880,
      "metrics": {
        "trend_strength": 0.714003406171916,
        "trend_linearity": -0.259190510530992,
        "seasonal_strength": 0.6918597025767972,
        "seasonal_correlation": 0.8334882604502319,
        "residual_autocorr_lag1": 0.7425302693298794,
        "spectral_entropy": 24496.46692387767
      },
      "n_series": 1
    },
    {
      "window_idx": 1,
      "history_start": 23328,
      "history_end": 26208,
      "history_length": 2880,
      "metrics": {
        "trend_strength": 0.7027131432096209,
        "trend_linearity": -0.24136443979407038,
        "seasonal_strength": 0.6909006378847339,
        "seasonal_correlation": 0.8706840672892954,
        "residual_autocorr_lag1": 0.7341640551167655,
        "spectral_entropy": 24568.538509452155
      },
      "n_series": 1
    },
    {
      "window_idx": 2,
      "history_start": 23280,
      "history_end": 26160,
      "history_length": 2880,
      "metrics": {
        "trend_strength": 0.7198752069359311,
        "trend_linearity": -0.2544374734601571,
        "seasonal_strength": 0.7068290048792092,
        "seasonal_correlation": 0.910686569137645,
        "residual_autocorr_lag1": 0.73361767252486,
        "spectral_entropy": 24543.650489465872
      },
      "n_series": 1
    },
    {
      "window_idx": 3,
      "history_start": 23232,
      "history_end": 26112,
      "history_length": 2880,
      "metrics": {
        "trend_strength": 0.7363871283737946,
        "trend_linearity": -0.27045556709927115,
        "seasonal_strength": 0.7180940870352025,
        "seasonal_correlation": 0.9160931018470224,
        "residual_autocorr_lag1": 0.7308188703356343,
        "spectral_entropy": 24581.713641039067
      },
      "n_series": 1
    },
    {
      "window_idx": 4,
      "history_start": 23184,
      "history_end": 26064,
      "history_length": 2880,
      "metrics": {
        "trend_strength": 0.7461141693277784,
        "trend_linearity": -0.26372617875626847,
        "seasonal_strength": 0.7286557279181826,
        "seasonal_correlation": 0.9125100033461208,
        "residual_autocorr_lag1": 0.7232707765145666,
        "spectral_entropy": 24616.9740775581
      },
      "n_series": 1
    },
    {
      "window_idx": 5,
      "history_start": 23136,
      "history_end": 26016,
      "history_length": 2880,
      "metrics": {
        "trend_strength": 0.7396988362955497,
        "trend_linearity": -0.2662727620729953,
        "seasonal_strength": 0.729038138905638,
        "seasonal_correlation": 0.9296911665643037,
        "residual_autocorr_lag1": 0.7216803406832035,
        "spectral_entropy": 24620.667932266984
      },
      "n_series": 1
    },
    {
      "window_idx": 6,
      "history_start": 23088,
      "history_end": 25968,
      "history_length": 2880,
      "metrics": {
        "trend_strength": 0.7497156331447592,
        "trend_linearity": -0.2828614020326799,
        "seasonal_strength": 0.7367919291228138,
        "seasonal_correlation": 0.9322635087000065,
        "residual_autocorr_lag1": 0.724477359941393,
        "spectral_entropy": 24639.384729084697
      },
      "n_series": 1
    },
    {
      "window_idx": 7,
      "history_start": 23040,
      "history_end": 25920,
      "history_length": 2880,
      "metrics": {
        "trend_strength": 0.7635973283789355,
        "trend_linearity": -0.2965051194886177,
        "seasonal_strength": 0.7486642592362542,
        "seasonal_correlation": 0.9327890108827372,
        "residual_autocorr_lag1": 0.7297252414700066,
        "spectral_entropy": 24593.347515288002
      },
      "n_series": 1
    },
    {
      "window_idx": 8,
      "history_start": 22992,
      "history_end": 25872,
      "history_length": 2880,
      "metrics": {
        "trend_strength": 0.7580620132511522,
        "trend_linearity": -0.29260787030130014,
        "seasonal_strength": 0.7479937759818779,
        "seasonal_correlation": 0.9318902859772278,
        "residual_autocorr_lag1": 0.7301229537643111,
        "spectral_entropy": 24621.019498338566
      },
      "n_series": 1
    },
    {
      "window_idx": 9,
      "history_start": 22944,
      "history_end": 25824,
      "history_length": 2880,
      "metrics": {
        "trend_strength": 0.7578568753092685,
        "trend_linearity": -0.29418418709929434,
        "seasonal_strength": 0.7490367792875166,
        "seasonal_correlation": 0.9301278048326435,
        "residual_autocorr_lag1": 0.7275274534670128,
        "spectral_entropy": 24626.530393451743
      },
      "n_series": 1
    },
    {
      "window_idx": 10,
      "history_start": 22896,
      "history_end": 25776,
      "history_length": 2880,
      "metrics": {
        "trend_strength": 0.7596335533473042,
        "trend_linearity": -0.30547478592594585,
        "seasonal_strength": 0.7475313149488862,
        "seasonal_correlation": 0.8983141206899988,
        "residual_autocorr_lag1": 0.7236623485659756,
        "spectral_entropy": 24654.944110336455
      },
      "n_series": 1
    },
    {
      "window_idx": 11,
      "history_start": 22848,
      "history_end": 25728,
      "history_length": 2880,
      "metrics": {
        "trend_strength": 0.7568128909257787,
        "trend_linearity": -0.286372320521622,
        "seasonal_strength": 0.7532745596188017,
        "seasonal_correlation": 0.9311815587517768,
        "residual_autocorr_lag1": 0.7330451264933687,
        "spectral_entropy": 24646.249762969917
      },
      "n_series": 1
    },
    {
      "window_idx": 12,
      "history_start": 22800,
      "history_end": 25680,
      "history_length": 2880,
      "metrics": {
        "trend_strength": 0.7492700163146888,
        "trend_linearity": -0.2906028646827174,
        "seasonal_strength": 0.7500280778816423,
        "seasonal_correlation": 0.9293987034682821,
        "residual_autocorr_lag1": 0.7355226488686505,
        "spectral_entropy": 24719.18817208195
      },
      "n_series": 1
    },
    {
      "window_idx": 13,
      "history_start": 22752,
      "history_end": 25632,
      "history_length": 2880,
      "metrics": {
        "trend_strength": 0.764468015758701,