{
  "success": true,
  "dataset": "ETTh2",
  "method": "BM",
  "ratio": 0.3,
  "term": "medium",
  "impute_method": "forward",
  "inject_range": {
    "dataset_name": "ETTh2",
    "term": "medium",
    "frequency": "H",
    "prediction_length": 480,
    "windows": 20,
    "max_context": 2880,
    "start_index": 4940,
    "end_index": 16940,
    "injection_length": 12000,
    "total_length": 17420
  },
  "period": 24,
  "n_windows": 20,
  "summary": {
    "mean": {
      "trend_strength": 0.903543029778581,
      "trend_linearity": 0.0008985191608833591,
      "seasonal_strength": 0.5227738759219999,
      "seasonal_correlation": 0.6325959069709804,
      "residual_autocorr_lag1": 0.8685855509408034,
      "spectral_entropy": 10535.461936226395
    },
    "std": {
      "trend_strength": 0.05304577967105146,
      "trend_linearity": 0.007083600923313318,
      "seasonal_strength": 0.22430043564135582,
      "seasonal_correlation": 0.35226814453903443,
      "residual_autocorr_lag1": 0.040290954793021534,
      "spectral_entropy": 701.7702397852265
    },
    "min": {
      "trend_strength": 0.7716623418387778,
      "trend_linearity": -0.009104040812222982,
      "seasonal_strength": 0.01143106524300841,
      "seasonal_correlation": 0.02193871789394031,
      "residual_autocorr_lag1": 0.7634049521499209,
      "spectral_entropy": 9440.85816213164
    },
    "max": {
      "trend_strength": 0.9780846874676217,
      "trend_linearity": 0.010595776870040747,
      "seasonal_strength": 0.7038491258368107,
      "seasonal_correlation": 0.9101996122200674,
      "residual_autocorr_lag1": 0.9199823375762366,
      "spectral_entropy": 11484.661262064083
    }
  },
  "window_results": [
    {
      "window_idx": 0,
      "history_start": 14060,
      "history_end": 16940,
      "history_length": 2880,
      "metrics": {
        "trend_strength": 0.9780846874676217,
        "trend_linearity": 0.009311001763933046,
        "seasonal_strength": 0.02588094427520138,
        "seasonal_correlation": 0.02193871789394031,
        "residual_autocorr_lag1": 0.7634049521499209,
        "spectral_entropy": 10760.78783397797
      },
      "n_series": 1
    },
    {
      "window_idx": 1,
      "history_start": 13580,
      "history_end": 16460,
      "history_length": 2880,
      "metrics": {
        "trend_strength": 0.9771532904909449,
        "trend_linearity": 0.010595776870040747,
        "seasonal_strength": 0.01143106524300841,
        "seasonal_correlation": 0.03302306386278489,
        "residual_autocorr_lag1": 0.7929969866844968,
        "spectral_entropy": 11260.829766750925
      },
      "n_series": 1
    },
    {
      "window_idx": 2,
      "history_start": 13100,
      "history_end": 15980,
      "history_length": 2880,
      "metrics": {
        "trend_strength": 0.9597497432298503,
        "trend_linearity": 0.00783310842778744,
        "seasonal_strength": 0.026318562358539466,
        "seasonal_correlation": 0.029599031449495085,
        "residual_autocorr_lag1": 0.8213225616206015,
        "spectral_entropy": 10746.118035206006
      },
      "n_series": 1
    },
    {
      "window_idx": 3,
      "history_start": 12620,
      "history_end": 15500,
      "history_length": 2880,
      "metrics": {
        "trend_strength": 0.9529314277787925,
        "trend_linearity": 0.005102235413176936,
        "seasonal_strength": 0.3574790948876133,
        "seasonal_correlation": 0.0738288785496855,
        "residual_autocorr_lag1": 0.8420433034920389,
        "spectral_entropy": 10301.338069399251
      },
      "n_series": 1
    },
    {
      "window_idx": 4,
      "history_start": 12140,
      "history_end": 15020,
      "history_length": 2880,
      "metrics": {
        "trend_strength": 0.8995863103515652,
        "trend_linearity": 0.0004830320865134885,
        "seasonal_strength": 0.5023476137437395,
        "seasonal_correlation": 0.1633401085282748,
        "residual_autocorr_lag1": 0.8739027005933917,
        "spectral_entropy": 9815.461295176634
      },
      "n_series": 1
    },
    {
      "window_idx": 5,
      "history_start": 11660,
      "history_end": 14540,
      "history_length": 2880,
      "metrics": {
        "trend_strength": 0.8963858196598659,
        "trend_linearity": -0.004488005238302878,
        "seasonal_strength": 0.591752100867102,
        "seasonal_correlation": 0.3719407879564665,
        "residual_autocorr_lag1": 0.9022027824879933,
        "spectral_entropy": 9440.85816213164
      },
      "n_series": 1
    },
    {
      "window_idx": 6,
      "history_start": 11180,
      "history_end": 14060,
      "history_length": 2880,
      "metrics": {
        "trend_strength": 0.9244106076066545,
        "trend_linearity": -0.006994926537408735,
        "seasonal_strength": 0.668926200132421,
        "seasonal_correlation": 0.5963640228528329,
        "residual_autocorr_lag1": 0.8923018946505052,
        "spectral_entropy": 10069.560303682225
      },
      "n_series": 1
    },
    {
      "window_idx": 7,
      "history_start": 10700,
      "history_end": 13580,
      "history_length": 2880,
      "metrics": {
        "trend_strength": 0.9258410544905766,
        "trend_linearity": -0.007644997608219728,
        "seasonal_strength": 0.6752007383868824,
        "seasonal_correlation": 0.7310478040381432,
        "residual_autocorr_lag1": 0.9137362219058113,
        "spectral_entropy": 9622.859058434544
      },
      "n_series": 1
    },
    {
      "window_idx": 8,
      "history_start": 10220,
      "history_end": 13100,
      "history_length": 2880,
      "metrics": {
        "trend_strength": 0.9329502323416515,
        "trend_linearity": -0.00846601742041232,
        "seasonal_strength": 0.7038491258368107,
        "seasonal_correlation": 0.8384210192041347,
        "residual_autocorr_lag1": 0.9124033301380733,
        "spectral_entropy": 9541.090845729088
      },
      "n_series": 1
    },
    {
      "window_idx": 9,
      "history_start": 9740,
      "history_end": 12620,
      "history_length": 2880,
      "metrics": {
        "trend_strength": 0.9350005567655455,
        "trend_linearity": -0.009039505946694226,
        "seasonal_strength": 0.6833416181199449,
        "seasonal_correlation": 0.8705127135832534,
        "residual_autocorr_lag1": 0.9051865826655409,
        "spectral_entropy": 10606.784438188339
      },
      "n_series": 1
    },
    {
      "window_idx": 10,
      "history_start": 9260,
      "history_end": 12140,
      "history_length": 2880,
      "metrics": {
        "trend_strength": 0.9273785616972577,
        "trend_linearity": -0.009104040812222982,
        "seasonal_strength": 0.6465396458594836,
        "seasonal_correlation": 0.8882366050703979,
        "residual_autocorr_lag1": 0.9199823375762366,
        "spectral_entropy": 10697.034751881481
      },
      "n_series": 1
    },
    {
      "window_idx": 11,
      "history_start": 8780,
      "history_end": 11660,
      "history_length": 2880,
      "metrics": {
        "trend_strength": 0.9237335500006733,
        "trend_linearity": -0.00779617019347543,
        "seasonal_strength": 0.6609155971566721,
        "seasonal_correlation": 0.8825353518643174,
        "residual_autocorr_lag1": 0.8895456892816287,
        "spectral_entropy": 9649.96624360561
      },
      "n_series": 1
    },
    {
      "window_idx": 12,
      "history_start": 8300,
      "history_end": 11180,
      "history_length": 2880,
      "metrics": {
        "trend_strength": 0.8807111320049499,
        "trend_linearity": -0.0032345037909321333,
        "seasonal_strength": 0.645579314577023,
        "seasonal_correlation": 0.8663960382174984,
        "residual_autocorr_lag1": 0.8954774651194254,
        "spectral_entropy": 9623.277257142712
      },
      "n_series": 1
    },
    {
      "window_idx": 13,
      "history_start": 7820,
      "history_end": 10700,
      "history_length": 2880,
      "metrics": {
        "trend_strength": 0.7716623418387778,