{
  "success": true,
  "dataset": "ETTh1",
  "method": "BM",
  "ratio": 0.3,
  "term": "short",
  "impute_method": "forward",
  "inject_range": {
    "dataset_name": "ETTh1",
    "term": "short",
    "frequency": "H",
    "prediction_length": 48,
    "windows": 20,
    "max_context": 2880,
    "start_index": 13580,
    "end_index": 17372,
    "injection_length": 3792,
    "total_length": 17420
  },
  "period": 24,
  "n_windows": 20,
  "summary": {
    "mean": {
      "trend_strength": 0.9123902193729497,
      "trend_linearity": 0.0027750466687539014,
      "seasonal_strength": 0.17141682962052673,
      "seasonal_correlation": 0.3260967104282577,
      "residual_autocorr_lag1": 0.7951053965055416,
      "spectral_entropy": 9309.326702661585
    },
    "std": {
      "trend_strength": 0.014547950480605814,
      "trend_linearity": 0.000481660427657582,
      "seasonal_strength": 0.02806056790554005,
      "seasonal_correlation": 0.05806670708002726,
      "residual_autocorr_lag1": 0.003742871622457362,
      "spectral_entropy": 81.65567059426215
    },
    "min": {
      "trend_strength": 0.8900949308905599,
      "trend_linearity": 0.00175924489826954,
      "seasonal_strength": 0.14025879187308488,
      "seasonal_correlation": 0.23106375158538014,
      "residual_autocorr_lag1": 0.7886997049733573,
      "spectral_entropy": 9147.686186415542
    },
    "max": {
      "trend_strength": 0.9366692147334386,
      "trend_linearity": 0.003481061225709144,
      "seasonal_strength": 0.2285367007761978,
      "seasonal_correlation": 0.41232792036701577,
      "residual_autocorr_lag1": 0.8018354508830933,
      "spectral_entropy": 9499.111557491724
    }
  },
  "window_results": [
    {
      "window_idx": 0,
      "history_start": 14492,
      "history_end": 17372,
      "history_length": 2880,
      "metrics": {
        "trend_strength": 0.8927485368832867,
        "trend_linearity": 0.00175924489826954,
        "seasonal_strength": 0.14702714325788258,
        "seasonal_correlation": 0.25335189085094395,
        "residual_autocorr_lag1": 0.7970665568276593,
        "spectral_entropy": 9147.686186415542
      },
      "n_series": 1
    },
    {
      "window_idx": 1,
      "history_start": 14444,
      "history_end": 17324,
      "history_length": 2880,
      "metrics": {
        "trend_strength": 0.8900949308905599,
        "trend_linearity": 0.0019994645526533977,
        "seasonal_strength": 0.15214238980432038,
        "seasonal_correlation": 0.2624452843886223,
        "residual_autocorr_lag1": 0.7951447252092403,
        "spectral_entropy": 9172.700143990478
      },
      "n_series": 1
    },
    {
      "window_idx": 2,
      "history_start": 14396,
      "history_end": 17276,
      "history_length": 2880,
      "metrics": {
        "trend_strength": 0.8951547170326364,
        "trend_linearity": 0.0021588577786161613,
        "seasonal_strength": 0.14909127674658784,
        "seasonal_correlation": 0.23106375158538014,
        "residual_autocorr_lag1": 0.7992690758189286,
        "spectral_entropy": 9259.046814270947
      },
      "n_series": 1
    },
    {
      "window_idx": 3,
      "history_start": 14348,
      "history_end": 17228,
      "history_length": 2880,
      "metrics": {
        "trend_strength": 0.8983291371445186,
        "trend_linearity": 0.0022993047145027836,
        "seasonal_strength": 0.14142906595587834,
        "seasonal_correlation": 0.2631389371548688,
        "residual_autocorr_lag1": 0.7956397358747724,
        "spectral_entropy": 9224.525213328629
      },
      "n_series": 1
    },
    {
      "window_idx": 4,
      "history_start": 14300,
      "history_end": 17180,
      "history_length": 2880,
      "metrics": {
        "trend_strength": 0.9012476150268344,
        "trend_linearity": 0.002417063007873461,
        "seasonal_strength": 0.1434905728284005,
        "seasonal_correlation": 0.2575351506365677,
        "residual_autocorr_lag1": 0.8001754856678926,
        "spectral_entropy": 9232.455713065268
      },
      "n_series": 1
    },
    {
      "window_idx": 5,
      "history_start": 14252,
      "history_end": 17132,
      "history_length": 2880,
      "metrics": {
        "trend_strength": 0.9014307036543908,
        "trend_linearity": 0.0024929669972712097,
        "seasonal_strength": 0.14025879187308488,
        "seasonal_correlation": 0.2741178189491413,
        "residual_autocorr_lag1": 0.797664366213137,
        "spectral_entropy": 9233.361036255055
      },
      "n_series": 1
    },
    {
      "window_idx": 6,
      "history_start": 14204,
      "history_end": 17084,
      "history_length": 2880,
      "metrics": {
        "trend_strength": 0.9023517918944767,
        "trend_linearity": 0.002535357249397587,
        "seasonal_strength": 0.1468262586784005,
        "seasonal_correlation": 0.2820205201542218,
        "residual_autocorr_lag1": 0.8018354508830933,
        "spectral_entropy": 9307.712295291316
      },
      "n_series": 1
    },
    {
      "window_idx": 7,
      "history_start": 14156,
      "history_end": 17036,
      "history_length": 2880,
      "metrics": {
        "trend_strength": 0.9076419607015824,
        "trend_linearity": 0.002688449490974361,
        "seasonal_strength": 0.15665073778634842,
        "seasonal_correlation": 0.3055158944043181,
        "residual_autocorr_lag1": 0.7990877820718472,
        "spectral_entropy": 9261.606310962947
      },
      "n_series": 1
    },
    {
      "window_idx": 8,
      "history_start": 14108,
      "history_end": 16988,
      "history_length": 2880,
      "metrics": {
        "trend_strength": 0.9068890069632906,
        "trend_linearity": 0.0027764785370183475,
        "seasonal_strength": 0.14719938504081387,
        "seasonal_correlation": 0.31012960270523177,
        "residual_autocorr_lag1": 0.7972327174694005,
        "spectral_entropy": 9332.748339274993
      },
      "n_series": 1
    },
    {
      "window_idx": 9,
      "history_start": 14060,
      "history_end": 16940,
      "history_length": 2880,
      "metrics": {
        "trend_strength": 0.9085292886777684,
        "trend_linearity": 0.0028046101824142126,
        "seasonal_strength": 0.15765009194413848,
        "seasonal_correlation": 0.34673245391147595,
        "residual_autocorr_lag1": 0.7979427140891313,
        "spectral_entropy": 9340.08453606872
      },
      "n_series": 1
    },
    {
      "window_idx": 10,
      "history_start": 14012,
      "history_end": 16892,
      "history_length": 2880,
      "metrics": {
        "trend_strength": 0.9100959429932788,
        "trend_linearity": 0.0028051049932514564,
        "seasonal_strength": 0.16222224996290513,
        "seasonal_correlation": 0.2983995684224465,
        "residual_autocorr_lag1": 0.796092005193842,
        "spectral_entropy": 9374.73862115091
      },
      "n_series": 1
    },
    {
      "window_idx": 11,
      "history_start": 13964,
      "history_end": 16844,
      "history_length": 2880,
      "metrics": {
        "trend_strength": 0.911592854999275,
        "trend_linearity": 0.0028545235325977344,
        "seasonal_strength": 0.16717125650013476,
        "seasonal_correlation": 0.3257169980280786,
        "residual_autocorr_lag1": 0.7955028590278799,
        "spectral_entropy": 9350.264745053115
      },
      "n_series": 1
    },
    {
      "window_idx": 12,
      "history_start": 13916,
      "history_end": 16796,
      "history_length": 2880,
      "metrics": {
        "trend_strength": 0.9136718777668023,
        "trend_linearity": 0.0028854908757716467,
        "seasonal_strength": 0.17651723725348267,
        "seasonal_correlation": 0.3598285397946364,
        "residual_autocorr_lag1": 0.7938132110411994,
        "spectral_entropy": 9374.775871012516
      },
      "n_series": 1
    },
    {
      "window_idx": 13,
      "history_start": 13868,
      "history_end": 16748,
      "history_length": 2880,
      "metrics": {
        "trend_strength": 0.917290905294823,