{
  "success": true,
  "dataset": "ETTh2",
  "method": "BM",
  "ratio": 0.1,
  "term": "medium",
  "impute_method": "mean",
  "inject_range": {
    "dataset_name": "ETTh2",
    "term": "medium",
    "frequency": "H",
    "prediction_length": 480,
    "windows": 20,
    "max_context": 2880,
    "start_index": 4940,
    "end_index": 16940,
    "injection_length": 12000,
    "total_length": 17420
  },
  "period": 24,
  "n_windows": 20,
  "summary": {
    "mean": {
      "trend_strength": 0.8826683858120614,
      "trend_linearity": 0.0006624078219681226,
      "seasonal_strength": 0.6238165439331885,
      "seasonal_correlation": 0.8458091672290655,
      "residual_autocorr_lag1": 0.8854995429665534,
      "spectral_entropy": 10665.100416905983
    },
    "std": {
      "trend_strength": 0.042377640129031995,
      "trend_linearity": 0.006708899073771754,
      "seasonal_strength": 0.06859023756389711,
      "seasonal_correlation": 0.11867200616193799,
      "residual_autocorr_lag1": 0.02744991538144789,
      "spectral_entropy": 731.6553615243952
    },
    "min": {
      "trend_strength": 0.7860446769913831,
      "trend_linearity": -0.009119754801145857,
      "seasonal_strength": 0.48479040148762176,
      "seasonal_correlation": 0.40375438078841713,
      "residual_autocorr_lag1": 0.8176770512998762,
      "spectral_entropy": 9101.494561595255
    },
    "max": {
      "trend_strength": 0.9399625771380948,
      "trend_linearity": 0.008642848618760345,
      "seasonal_strength": 0.7440819187337079,
      "seasonal_correlation": 0.9236599719876615,
      "residual_autocorr_lag1": 0.9261165353731488,
      "spectral_entropy": 11599.973575874854
    }
  },
  "window_results": [
    {
      "window_idx": 0,
      "history_start": 14060,
      "history_end": 16940,
      "history_length": 2880,
      "metrics": {
        "trend_strength": 0.8414805066532771,
        "trend_linearity": 0.005169048291778996,
        "seasonal_strength": 0.48479040148762176,
        "seasonal_correlation": 0.40375438078841713,
        "residual_autocorr_lag1": 0.8176770512998762,
        "spectral_entropy": 11599.973575874854
      },
      "n_series": 1
    },
    {
      "window_idx": 1,
      "history_start": 13580,
      "history_end": 16460,
      "history_length": 2880,
      "metrics": {
        "trend_strength": 0.8912853196401795,
        "trend_linearity": 0.007930076726790471,
        "seasonal_strength": 0.4949861112806725,
        "seasonal_correlation": 0.6381010240928618,
        "residual_autocorr_lag1": 0.8699632976734558,
        "spectral_entropy": 11424.38263253178
      },
      "n_series": 1
    },
    {
      "window_idx": 2,
      "history_start": 13100,
      "history_end": 15980,
      "history_length": 2880,
      "metrics": {
        "trend_strength": 0.9001420808657765,
        "trend_linearity": 0.007587083678253021,
        "seasonal_strength": 0.5489780067810492,
        "seasonal_correlation": 0.7721341049922239,
        "residual_autocorr_lag1": 0.8873826679683651,
        "spectral_entropy": 10933.7435437199
      },
      "n_series": 1
    },
    {
      "window_idx": 3,
      "history_start": 12620,
      "history_end": 15500,
      "history_length": 2880,
      "metrics": {
        "trend_strength": 0.886210558724897,
        "trend_linearity": 0.005758567870543627,
        "seasonal_strength": 0.5848817338651298,
        "seasonal_correlation": 0.8377078482705345,
        "residual_autocorr_lag1": 0.8919873287246961,
        "spectral_entropy": 10541.31635030813
      },
      "n_series": 1
    },
    {
      "window_idx": 4,
      "history_start": 12140,
      "history_end": 15020,
      "history_length": 2880,
      "metrics": {
        "trend_strength": 0.8388298659861917,
        "trend_linearity": 0.0014023246707510924,
        "seasonal_strength": 0.6219102267190797,
        "seasonal_correlation": 0.8619360155239384,
        "residual_autocorr_lag1": 0.896464186537464,
        "spectral_entropy": 10373.414202114294
      },
      "n_series": 1
    },
    {
      "window_idx": 5,
      "history_start": 11660,
      "history_end": 14540,
      "history_length": 2880,
      "metrics": {
        "trend_strength": 0.8617803509811549,
        "trend_linearity": -0.0035980547537970576,
        "seasonal_strength": 0.6429804513549764,
        "seasonal_correlation": 0.8791648637644518,
        "residual_autocorr_lag1": 0.9125960046998549,
        "spectral_entropy": 10164.201212896012
      },
      "n_series": 1
    },
    {
      "window_idx": 6,
      "history_start": 11180,
      "history_end": 14060,
      "history_length": 2880,
      "metrics": {
        "trend_strength": 0.897020080095239,
        "trend_linearity": -0.006596076757344469,
        "seasonal_strength": 0.6535859097660024,
        "seasonal_correlation": 0.8783538369098487,
        "residual_autocorr_lag1": 0.9033128718969328,
        "spectral_entropy": 10582.51764386712
      },
      "n_series": 1
    },
    {
      "window_idx": 7,
      "history_start": 10700,
      "history_end": 13580,
      "history_length": 2880,
      "metrics": {
        "trend_strength": 0.9362215215525594,
        "trend_linearity": -0.007773513776621216,
        "seasonal_strength": 0.7440819187337079,
        "seasonal_correlation": 0.8956950974934138,
        "residual_autocorr_lag1": 0.9184440538971688,
        "spectral_entropy": 9311.771237943372
      },
      "n_series": 1
    },
    {
      "window_idx": 8,
      "history_start": 10220,
      "history_end": 13100,
      "history_length": 2880,
      "metrics": {
        "trend_strength": 0.9399625771380948,
        "trend_linearity": -0.008726188257600628,
        "seasonal_strength": 0.7402413396608728,
        "seasonal_correlation": 0.9021772061538468,
        "residual_autocorr_lag1": 0.9219665270604088,
        "spectral_entropy": 9101.494561595255
      },
      "n_series": 1
    },
    {
      "window_idx": 9,
      "history_start": 9740,
      "history_end": 12620,
      "history_length": 2880,
      "metrics": {
        "trend_strength": 0.9339460220658132,
        "trend_linearity": -0.008870738476220429,
        "seasonal_strength": 0.6806457400923527,
        "seasonal_correlation": 0.8636778099876468,
        "residual_autocorr_lag1": 0.9060843343383898,
        "spectral_entropy": 10625.152641778674
      },
      "n_series": 1
    },
    {
      "window_idx": 10,
      "history_start": 9260,
      "history_end": 12140,
      "history_length": 2880,
      "metrics": {
        "trend_strength": 0.9297225843360428,
        "trend_linearity": -0.009119754801145857,
        "seasonal_strength": 0.6596329281620287,
        "seasonal_correlation": 0.8942233447978931,
        "residual_autocorr_lag1": 0.9261165353731488,
        "spectral_entropy": 10722.573569016236
      },
      "n_series": 1
    },
    {
      "window_idx": 11,
      "history_start": 8780,
      "history_end": 11660,
      "history_length": 2880,
      "metrics": {
        "trend_strength": 0.9262163353900992,
        "trend_linearity": -0.00786447424689499,
        "seasonal_strength": 0.6713370745947089,
        "seasonal_correlation": 0.8911977907619475,
        "residual_autocorr_lag1": 0.8953548872497544,
        "spectral_entropy": 9703.410150457868
      },
      "n_series": 1
    },
    {
      "window_idx": 12,
      "history_start": 8300,
      "history_end": 11180,
      "history_length": 2880,
      "metrics": {
        "trend_strength": 0.8872771865957128,
        "trend_linearity": -0.003352050233722748,
        "seasonal_strength": 0.6576435973417907,
        "seasonal_correlation": 0.873731512342456,
        "residual_autocorr_lag1": 0.9026113690344884,
        "spectral_entropy": 9656.260541070691
      },
      "n_series": 1
    },
    {
      "window_idx": 13,
      "history_start": 7820,
      "history_end": 10700,
      "history_length": 2880,
      "metrics": {
        "trend_strength": 0.7860446769913831,