{
  "success": true,
  "dataset": "ETTh1",
  "method": "BM",
  "ratio": 0.1,
  "term": "short",
  "impute_method": "backward",
  "inject_range": {
    "dataset_name": "ETTh1",
    "term": "short",
    "frequency": "H",
    "prediction_length": 48,
    "windows": 20,
    "max_context": 2880,
    "start_index": 13580,
    "end_index": 17372,
    "injection_length": 3792,
    "total_length": 17420
  },
  "period": 24,
  "n_windows": 20,
  "summary": {
    "mean": {
      "trend_strength": 0.9164446704619632,
      "trend_linearity": 0.002706991930943359,
      "seasonal_strength": 0.30990152551921957,
      "seasonal_correlation": 0.5418696804242753,
      "residual_autocorr_lag1": 0.7839544899972059,
      "spectral_entropy": 9329.12505928617
    },
    "std": {
      "trend_strength": 0.012905318417378062,
      "trend_linearity": 0.0005104752954120877,
      "seasonal_strength": 0.00670009439621399,
      "seasonal_correlation": 0.022197970862911306,
      "residual_autocorr_lag1": 0.003947359846828839,
      "spectral_entropy": 57.28652426575633
    },
    "min": {
      "trend_strength": 0.8960346689224288,
      "trend_linearity": 0.0017011238896559372,
      "seasonal_strength": 0.290253930476434,
      "seasonal_correlation": 0.4904448005629784,
      "residual_autocorr_lag1": 0.7747614621565176,
      "spectral_entropy": 9251.667796978529
    },
    "max": {
      "trend_strength": 0.9371798627627571,
      "trend_linearity": 0.003489089088517485,
      "seasonal_strength": 0.3192149733409434,
      "seasonal_correlation": 0.570070778172672,
      "residual_autocorr_lag1": 0.7891795676861831,
      "spectral_entropy": 9419.719741596062
    }
  },
  "window_results": [
    {
      "window_idx": 0,
      "history_start": 14492,
      "history_end": 17372,
      "history_length": 2880,
      "metrics": {
        "trend_strength": 0.8960346689224288,
        "trend_linearity": 0.0017011238896559372,
        "seasonal_strength": 0.3078839358161706,
        "seasonal_correlation": 0.5027608242444207,
        "residual_autocorr_lag1": 0.7791085092249339,
        "spectral_entropy": 9265.052992705983
      },
      "n_series": 1
    },
    {
      "window_idx": 1,
      "history_start": 14444,
      "history_end": 17324,
      "history_length": 2880,
      "metrics": {
        "trend_strength": 0.8973813997597924,
        "trend_linearity": 0.001789654243063904,
        "seasonal_strength": 0.31036167163640027,
        "seasonal_correlation": 0.5603093252301533,
        "residual_autocorr_lag1": 0.7770169582287949,
        "spectral_entropy": 9256.229858122686
      },
      "n_series": 1
    },
    {
      "window_idx": 2,
      "history_start": 14396,
      "history_end": 17276,
      "history_length": 2880,
      "metrics": {
        "trend_strength": 0.8987221710215326,
        "trend_linearity": 0.0020974011365644347,
        "seasonal_strength": 0.3077526246119213,
        "seasonal_correlation": 0.5243881277111625,
        "residual_autocorr_lag1": 0.7792590145256191,
        "spectral_entropy": 9251.667796978529
      },
      "n_series": 1
    },
    {
      "window_idx": 3,
      "history_start": 14348,
      "history_end": 17228,
      "history_length": 2880,
      "metrics": {
        "trend_strength": 0.9061754390272682,
        "trend_linearity": 0.0023258942586690794,
        "seasonal_strength": 0.3116574854648627,
        "seasonal_correlation": 0.562202830988245,
        "residual_autocorr_lag1": 0.7800652279416542,
        "spectral_entropy": 9319.03530466534
      },
      "n_series": 1
    },
    {
      "window_idx": 4,
      "history_start": 14300,
      "history_end": 17180,
      "history_length": 2880,
      "metrics": {
        "trend_strength": 0.9079632351011833,
        "trend_linearity": 0.0023806628614104074,
        "seasonal_strength": 0.31754038351040614,
        "seasonal_correlation": 0.566856127446967,
        "residual_autocorr_lag1": 0.7891219004612722,
        "spectral_entropy": 9280.401076395456
      },
      "n_series": 1
    },
    {
      "window_idx": 5,
      "history_start": 14252,
      "history_end": 17132,
      "history_length": 2880,
      "metrics": {
        "trend_strength": 0.9069862539114694,
        "trend_linearity": 0.00244392395772297,
        "seasonal_strength": 0.3031018578354179,
        "seasonal_correlation": 0.5457795936426435,
        "residual_autocorr_lag1": 0.7861200390150519,
        "spectral_entropy": 9271.375556328843
      },
      "n_series": 1
    },
    {
      "window_idx": 6,
      "history_start": 14204,
      "history_end": 17084,
      "history_length": 2880,
      "metrics": {
        "trend_strength": 0.9095703585647327,
        "trend_linearity": 0.00247907684398553,
        "seasonal_strength": 0.3192149733409434,
        "seasonal_correlation": 0.5690223439332921,
        "residual_autocorr_lag1": 0.7877092367196229,
        "spectral_entropy": 9325.423745528737
      },
      "n_series": 1
    },
    {
      "window_idx": 7,
      "history_start": 14156,
      "history_end": 17036,
      "history_length": 2880,
      "metrics": {
        "trend_strength": 0.9107039438868849,
        "trend_linearity": 0.0025073634257948628,
        "seasonal_strength": 0.31544830810357405,
        "seasonal_correlation": 0.5545914922300426,
        "residual_autocorr_lag1": 0.7880793241583267,
        "spectral_entropy": 9330.34208214354
      },
      "n_series": 1
    },
    {
      "window_idx": 8,
      "history_start": 14108,
      "history_end": 16988,
      "history_length": 2880,
      "metrics": {
        "trend_strength": 0.9110520361494847,
        "trend_linearity": 0.002581515918292429,
        "seasonal_strength": 0.31171167321452564,
        "seasonal_correlation": 0.5692734890456526,
        "residual_autocorr_lag1": 0.7891795676861831,
        "spectral_entropy": 9320.557850139117
      },
      "n_series": 1
    },
    {
      "window_idx": 9,
      "history_start": 14060,
      "history_end": 16940,
      "history_length": 2880,
      "metrics": {
        "trend_strength": 0.9130660934748758,
        "trend_linearity": 0.002642835033461602,
        "seasonal_strength": 0.31583243852832,
        "seasonal_correlation": 0.570070778172672,
        "residual_autocorr_lag1": 0.7853756018402351,
        "spectral_entropy": 9375.467377217805
      },
      "n_series": 1
    },
    {
      "window_idx": 10,
      "history_start": 14012,
      "history_end": 16892,
      "history_length": 2880,
      "metrics": {
        "trend_strength": 0.9152837353284792,
        "trend_linearity": 0.0026958464490162387,
        "seasonal_strength": 0.3125961474801726,
        "seasonal_correlation": 0.553854533236084,
        "residual_autocorr_lag1": 0.7853681967617537,
        "spectral_entropy": 9359.000571157021
      },
      "n_series": 1
    },
    {
      "window_idx": 11,
      "history_start": 13964,
      "history_end": 16844,
      "history_length": 2880,
      "metrics": {
        "trend_strength": 0.9177099053483835,
        "trend_linearity": 0.0027827324772068313,
        "seasonal_strength": 0.30915625637283994,
        "seasonal_correlation": 0.555747627888781,
        "residual_autocorr_lag1": 0.7844109125902955,
        "spectral_entropy": 9378.834813617344
      },
      "n_series": 1
    },
    {
      "window_idx": 12,
      "history_start": 13916,
      "history_end": 16796,
      "history_length": 2880,
      "metrics": {
        "trend_strength": 0.9185044422525409,
        "trend_linearity": 0.002831008754872962,
        "seasonal_strength": 0.30365231449873,
        "seasonal_correlation": 0.5376301778244735,
        "residual_autocorr_lag1": 0.7838871189439734,
        "spectral_entropy": 9394.452952026568
      },
      "n_series": 1
    },
    {
      "window_idx": 13,
      "history_start": 13868,
      "history_end": 16748,
      "history_length": 2880,
      "metrics": {
        "trend_strength": 0.920785986385583,