{
  "success": true,
  "dataset": "ETTh1",
  "method": "BM",
  "ratio": 0.1,
  "term": "short",
  "impute_method": "linear",
  "inject_range": {
    "dataset_name": "ETTh1",
    "term": "short",
    "frequency": "H",
    "prediction_length": 48,
    "windows": 20,
    "max_context": 2880,
    "start_index": 13580,
    "end_index": 17372,
    "injection_length": 3792,
    "total_length": 17420
  },
  "period": 24,
  "n_windows": 20,
  "summary": {
    "mean": {
      "trend_strength": 0.9198823617023985,
      "trend_linearity": 0.002778362886693462,
      "seasonal_strength": 0.3062417733030872,
      "seasonal_correlation": 0.5446378616401942,
      "residual_autocorr_lag1": 0.7805954726228812,
      "spectral_entropy": 9316.88656300552
    },
    "std": {
      "trend_strength": 0.013083237759403628,
      "trend_linearity": 0.0005357907677376722,
      "seasonal_strength": 0.008851676280154444,
      "seasonal_correlation": 0.03544196310350385,
      "residual_autocorr_lag1": 0.0028987359486965657,
      "spectral_entropy": 62.87138528794728
    },
    "min": {
      "trend_strength": 0.8966702597483405,
      "trend_linearity": 0.0017050930946737688,
      "seasonal_strength": 0.28696968925300803,
      "seasonal_correlation": 0.47725628121112057,
      "residual_autocorr_lag1": 0.772189632022487,
      "spectral_entropy": 9215.217551563963
    },
    "max": {
      "trend_strength": 0.9400227851040344,
      "trend_linearity": 0.003590903029485893,
      "seasonal_strength": 0.3194625333616531,
      "seasonal_correlation": 0.6269470168543854,
      "residual_autocorr_lag1": 0.7851828130386069,
      "spectral_entropy": 9430.712408140422
    }
  },
  "window_results": [
    {
      "window_idx": 0,
      "history_start": 14492,
      "history_end": 17372,
      "history_length": 2880,
      "metrics": {
        "trend_strength": 0.8966702597483405,
        "trend_linearity": 0.0017050930946737688,
        "seasonal_strength": 0.28696968925300803,
        "seasonal_correlation": 0.5982670146429161,
        "residual_autocorr_lag1": 0.7780111255571618,
        "spectral_entropy": 9218.368055307137
      },
      "n_series": 1
    },
    {
      "window_idx": 1,
      "history_start": 14444,
      "history_end": 17324,
      "history_length": 2880,
      "metrics": {
        "trend_strength": 0.8990135011062286,
        "trend_linearity": 0.0018648776802153645,
        "seasonal_strength": 0.298920889212419,
        "seasonal_correlation": 0.6269470168543854,
        "residual_autocorr_lag1": 0.7794712946782941,
        "spectral_entropy": 9215.217551563963
      },
      "n_series": 1
    },
    {
      "window_idx": 2,
      "history_start": 14396,
      "history_end": 17276,
      "history_length": 2880,
      "metrics": {
        "trend_strength": 0.9006662118548184,
        "trend_linearity": 0.002127985015718691,
        "seasonal_strength": 0.2939841338380288,
        "seasonal_correlation": 0.5855113370085695,
        "residual_autocorr_lag1": 0.7804683942696546,
        "spectral_entropy": 9291.971195455775
      },
      "n_series": 1
    },
    {
      "window_idx": 3,
      "history_start": 14348,
      "history_end": 17228,
      "history_length": 2880,
      "metrics": {
        "trend_strength": 0.9089538757163945,
        "trend_linearity": 0.0023236152167416054,
        "seasonal_strength": 0.30385187242923306,
        "seasonal_correlation": 0.5606231259393439,
        "residual_autocorr_lag1": 0.7754300150295106,
        "spectral_entropy": 9300.076812225156
      },
      "n_series": 1
    },
    {
      "window_idx": 4,
      "history_start": 14300,
      "history_end": 17180,
      "history_length": 2880,
      "metrics": {
        "trend_strength": 0.911482563728867,
        "trend_linearity": 0.0024127249516522472,
        "seasonal_strength": 0.3087948812517375,
        "seasonal_correlation": 0.5636244869195167,
        "residual_autocorr_lag1": 0.7827722716543165,
        "spectral_entropy": 9244.011209675396
      },
      "n_series": 1
    },
    {
      "window_idx": 5,
      "history_start": 14252,
      "history_end": 17132,
      "history_length": 2880,
      "metrics": {
        "trend_strength": 0.9110295742267641,
        "trend_linearity": 0.0024904244297852696,
        "seasonal_strength": 0.29973631956686986,
        "seasonal_correlation": 0.5444853481209383,
        "residual_autocorr_lag1": 0.7801490624441721,
        "spectral_entropy": 9262.443342302395
      },
      "n_series": 1
    },
    {
      "window_idx": 6,
      "history_start": 14204,
      "history_end": 17084,
      "history_length": 2880,
      "metrics": {
        "trend_strength": 0.9138307831865887,
        "trend_linearity": 0.002513967257830444,
        "seasonal_strength": 0.3194625333616531,
        "seasonal_correlation": 0.5743593121553997,
        "residual_autocorr_lag1": 0.7832876019969508,
        "spectral_entropy": 9321.825836008982
      },
      "n_series": 1
    },
    {
      "window_idx": 7,
      "history_start": 14156,
      "history_end": 17036,
      "history_length": 2880,
      "metrics": {
        "trend_strength": 0.9151559810925844,
        "trend_linearity": 0.0025739507643683717,
        "seasonal_strength": 0.31271383319249824,
        "seasonal_correlation": 0.5384941830846217,
        "residual_autocorr_lag1": 0.7828579864312325,
        "spectral_entropy": 9311.28533019685
      },
      "n_series": 1
    },
    {
      "window_idx": 8,
      "history_start": 14108,
      "history_end": 16988,
      "history_length": 2880,
      "metrics": {
        "trend_strength": 0.9163995120622893,
        "trend_linearity": 0.0026699186755523557,
        "seasonal_strength": 0.31370180058583763,
        "seasonal_correlation": 0.5646565922614382,
        "residual_autocorr_lag1": 0.7851828130386069,
        "spectral_entropy": 9307.13403685582
      },
      "n_series": 1
    },
    {
      "window_idx": 9,
      "history_start": 14060,
      "history_end": 16940,
      "history_length": 2880,
      "metrics": {
        "trend_strength": 0.9179469055665564,
        "trend_linearity": 0.0027312684836239987,
        "seasonal_strength": 0.3170798170425406,
        "seasonal_correlation": 0.5643844940017657,
        "residual_autocorr_lag1": 0.7818663418188091,
        "spectral_entropy": 9375.291844598876
      },
      "n_series": 1
    },
    {
      "window_idx": 10,
      "history_start": 14012,
      "history_end": 16892,
      "history_length": 2880,
      "metrics": {
        "trend_strength": 0.919866628864507,
        "trend_linearity": 0.00278645229596872,
        "seasonal_strength": 0.31268670597290893,
        "seasonal_correlation": 0.5434336448420136,
        "residual_autocorr_lag1": 0.7819383696661879,
        "spectral_entropy": 9340.071768797803
      },
      "n_series": 1
    },
    {
      "window_idx": 11,
      "history_start": 13964,
      "history_end": 16844,
      "history_length": 2880,
      "metrics": {
        "trend_strength": 0.922247772768899,
        "trend_linearity": 0.0028746143178416715,
        "seasonal_strength": 0.3100548879739069,
        "seasonal_correlation": 0.5462485109468567,
        "residual_autocorr_lag1": 0.7810155389423856,
        "spectral_entropy": 9352.645003514326
      },
      "n_series": 1
    },
    {
      "window_idx": 12,
      "history_start": 13916,
      "history_end": 16796,
      "history_length": 2880,
      "metrics": {
        "trend_strength": 0.9228937633365981,
        "trend_linearity": 0.002924517464012043,
        "seasonal_strength": 0.3040526582651406,
        "seasonal_correlation": 0.5280378710296355,
        "residual_autocorr_lag1": 0.7804905962620554,
        "spectral_entropy": 9381.769987159445
      },
      "n_series": 1
    },
    {
      "window_idx": 13,
      "history_start": 13868,
      "history_end": 16748,
      "history_length": 2880,
      "metrics": {
        "trend_strength": 0.9249608509757163,