{
  "success": true,
  "dataset": "ETTm2",
  "method": "BM",
  "ratio": 0.3,
  "term": "medium",
  "impute_method": "backward",
  "inject_range": {
    "dataset_name": "ETTm2",
    "term": "medium",
    "frequency": "T",
    "prediction_length": 480,
    "windows": 20,
    "max_context": 2880,
    "start_index": 57200,
    "end_index": 69200,
    "injection_length": 12000,
    "total_length": 69680
  },
  "period": 1440,
  "n_windows": 20,
  "summary": {
    "mean": {
      "trend_strength": 0.5087980618502561,
      "trend_linearity": 0.002017128363360102,
      "seasonal_strength": 0.9326111678234963,
      "seasonal_correlation": 0.3597556775595657,
      "residual_autocorr_lag1": 0.1586811857805051,
      "spectral_entropy": 7849.181784843995
    },
    "std": {
      "trend_strength": 0.35339224254125506,
      "trend_linearity": 0.0017353507631227962,
      "seasonal_strength": 0.04519741870489818,
      "seasonal_correlation": 0.21829047454209968,
      "residual_autocorr_lag1": 0.09864415249571003,
      "spectral_entropy": 1156.3642613675288
    },
    "min": {
      "trend_strength": 0.0,
      "trend_linearity": -0.0012583481142254957,
      "seasonal_strength": 0.8386984914427311,
      "seasonal_correlation": -0.016119657545200117,
      "residual_autocorr_lag1": 0.007608357469418413,
      "spectral_entropy": 6144.2447708542
    },
    "max": {
      "trend_strength": 0.9476049713139785,
      "trend_linearity": 0.005138391204976227,
      "seasonal_strength": 0.9849690974096018,
      "seasonal_correlation": 0.7035580065565351,
      "residual_autocorr_lag1": 0.4020405116025225,
      "spectral_entropy": 9777.76686508549
    }
  },
  "window_results": [
    {
      "window_idx": 0,
      "history_start": 66320,
      "history_end": 69200,
      "history_length": 2880,
      "metrics": {
        "trend_strength": 0.7662437132079171,
        "trend_linearity": 0.002919451537572792,
        "seasonal_strength": 0.9241145470437856,
        "seasonal_correlation": 0.3885439244373583,
        "residual_autocorr_lag1": 0.162858006344626,
        "spectral_entropy": 9777.76686508549
      },
      "n_series": 1
    },
    {
      "window_idx": 1,
      "history_start": 65840,
      "history_end": 68720,
      "history_length": 2880,
      "metrics": {
        "trend_strength": 0.7649749841831004,
        "trend_linearity": 0.0029402995519978705,
        "seasonal_strength": 0.932134789019593,
        "seasonal_correlation": 0.28618893945149126,
        "residual_autocorr_lag1": 0.2933384256793097,
        "spectral_entropy": 9454.773695336518
      },
      "n_series": 1
    },
    {
      "window_idx": 2,
      "history_start": 65360,
      "history_end": 68240,
      "history_length": 2880,
      "metrics": {
        "trend_strength": 0.0,
        "trend_linearity": 0.0007477861153034689,
        "seasonal_strength": 0.8467417412044351,
        "seasonal_correlation": 0.17159407235901336,
        "residual_autocorr_lag1": 0.24135115625359277,
        "spectral_entropy": 9544.130586969439
      },
      "n_series": 1
    },
    {
      "window_idx": 3,
      "history_start": 64880,
      "history_end": 67760,
      "history_length": 2880,
      "metrics": {
        "trend_strength": 0.0,
        "trend_linearity": -0.00021072789780990185,
        "seasonal_strength": 0.9174091574649156,
        "seasonal_correlation": 0.15509812856065078,
        "residual_autocorr_lag1": 0.20355922977059313,
        "spectral_entropy": 9352.599340880392
      },
      "n_series": 1
    },
    {
      "window_idx": 4,
      "history_start": 64400,
      "history_end": 67280,
      "history_length": 2880,
      "metrics": {
        "trend_strength": 0.08232932264322623,
        "trend_linearity": -0.0010097875214805257,
        "seasonal_strength": 0.9162325192100795,
        "seasonal_correlation": 0.3672135227472571,
        "residual_autocorr_lag1": 0.1868184009568899,
        "spectral_entropy": 9247.46319961248
      },
      "n_series": 1
    },
    {
      "window_idx": 5,
      "history_start": 63920,
      "history_end": 66800,
      "history_length": 2880,
      "metrics": {
        "trend_strength": 0.4004444980572486,
        "trend_linearity": 0.0015795831247734434,
        "seasonal_strength": 0.9194400132210431,
        "seasonal_correlation": 0.5833326567680825,
        "residual_autocorr_lag1": 0.20271649934336208,
        "spectral_entropy": 9192.968487673836
      },
      "n_series": 1
    },
    {
      "window_idx": 6,
      "history_start": 63440,
      "history_end": 66320,
      "history_length": 2880,
      "metrics": {
        "trend_strength": 0.8174244572982141,
        "trend_linearity": 0.0021461937313337056,
        "seasonal_strength": 0.9838869974603077,
        "seasonal_correlation": 0.5055422119481388,
        "residual_autocorr_lag1": 0.06564580509963673,
        "spectral_entropy": 8060.681422713849
      },
      "n_series": 1
    },
    {
      "window_idx": 7,
      "history_start": 62960,
      "history_end": 65840,
      "history_length": 2880,
      "metrics": {
        "trend_strength": 0.39544392239959403,
        "trend_linearity": 0.0018067849391389262,
        "seasonal_strength": 0.9484769513310769,
        "seasonal_correlation": 0.5339799376372381,
        "residual_autocorr_lag1": 0.17615177563907247,
        "spectral_entropy": 8012.5875390376605
      },
      "n_series": 1
    },
    {
      "window_idx": 8,
      "history_start": 62480,
      "history_end": 65360,
      "history_length": 2880,
      "metrics": {
        "trend_strength": 0.5747572637462097,
        "trend_linearity": 0.0026831735032472747,
        "seasonal_strength": 0.8386984914427311,
        "seasonal_correlation": 0.23813067709595717,
        "residual_autocorr_lag1": 0.2653841057845654,
        "spectral_entropy": 7334.276772709498
      },
      "n_series": 1
    },
    {
      "window_idx": 9,
      "history_start": 62000,
      "history_end": 64880,
      "history_length": 2880,
      "metrics": {
        "trend_strength": 0.5920368879582008,
        "trend_linearity": 0.0025560937986476738,
        "seasonal_strength": 0.9299124831115068,
        "seasonal_correlation": 0.08023482159365432,
        "residual_autocorr_lag1": 0.24108520590490523,
        "spectral_entropy": 7439.209895336706
      },
      "n_series": 1
    },
    {
      "window_idx": 10,
      "history_start": 61520,
      "history_end": 64400,
      "history_length": 2880,
      "metrics": {
        "trend_strength": 0.8856046448576576,
        "trend_linearity": 0.005138391204976227,
        "seasonal_strength": 0.9533527746555286,
        "seasonal_correlation": 0.004430201480569434,
        "residual_autocorr_lag1": 0.07697067289255005,
        "spectral_entropy": 7161.707352796401
      },
      "n_series": 1
    },
    {
      "window_idx": 11,
      "history_start": 61040,
      "history_end": 63920,
      "history_length": 2880,
      "metrics": {
        "trend_strength": 0.0,
        "trend_linearity": 0.0004034032304329473,
        "seasonal_strength": 0.9009711973533772,
        "seasonal_correlation": -0.016119657545200117,
        "residual_autocorr_lag1": 0.15891753486365362,
        "spectral_entropy": 6508.741234279239
      },
      "n_series": 1
    },
    {
      "window_idx": 12,
      "history_start": 60560,
      "history_end": 63440,
      "history_length": 2880,
      "metrics": {
        "trend_strength": 0.026936824192295594,
        "trend_linearity": 0.00040279878670540975,
        "seasonal_strength": 0.966321711723081,
        "seasonal_correlation": 0.044589925507083725,
        "residual_autocorr_lag1": 0.10315025879877654,
        "spectral_entropy": 6952.114198276516
      },
      "n_series": 1
    },
    {
      "window_idx": 13,
      "history_start": 60080,
      "history_end": 62960,
      "history_length": 2880,
      "metrics": {
        "trend_strength": 0.0,
        "trend_linearity": -0.0012583481142254957,