{
  "success": true,
  "dataset": "ETTm1",
  "method": "BM",
  "ratio": 0.2,
  "term": "long",
  "impute_method": "forward",
  "inject_range": {
    "dataset_name": "ETTm1",
    "term": "long",
    "frequency": "T",
    "prediction_length": 720,
    "windows": 20,
    "max_context": 2880,
    "start_index": 52400,
    "end_index": 68960,
    "injection_length": 16560,
    "total_length": 69680
  },
  "period": 1440,
  "n_windows": 20,
  "summary": {
    "mean": {
      "trend_strength": 0.5277221133470229,
      "trend_linearity": 0.0005028687611007458,
      "seasonal_strength": 0.9145082097584533,
      "seasonal_correlation": 0.26152878911032096,
      "residual_autocorr_lag1": 0.12880815133772056,
      "spectral_entropy": 7239.035557423075
    },
    "std": {
      "trend_strength": 0.3669474216032529,
      "trend_linearity": 0.0010949926264783138,
      "seasonal_strength": 0.0850117579550905,
      "seasonal_correlation": 0.26437471787609945,
      "residual_autocorr_lag1": 0.15413092851658078,
      "spectral_entropy": 438.3665271905531
    },
    "min": {
      "trend_strength": 0.0,
      "trend_linearity": -0.001469448623966721,
      "seasonal_strength": 0.7032492990949621,
      "seasonal_correlation": -0.31840685497792254,
      "residual_autocorr_lag1": -0.0011757790235588576,
      "spectral_entropy": 5791.843008824007
    },
    "max": {
      "trend_strength": 0.9801477665360189,
      "trend_linearity": 0.002418585133004953,
      "seasonal_strength": 0.9921246893138957,
      "seasonal_correlation": 0.6403487069788218,
      "residual_autocorr_lag1": 0.5763749360486677,
      "spectral_entropy": 7723.236652694495
    }
  },
  "window_results": [
    {
      "window_idx": 0,
      "history_start": 66080,
      "history_end": 68960,
      "history_length": 2880,
      "metrics": {
        "trend_strength": 0.5817948605330292,
        "trend_linearity": 0.0005436065826893538,
        "seasonal_strength": 0.9110954741740389,
        "seasonal_correlation": 0.32587445518870567,
        "residual_autocorr_lag1": 0.0942246695551698,
        "spectral_entropy": 5791.843008824007
      },
      "n_series": 1
    },
    {
      "window_idx": 1,
      "history_start": 65360,
      "history_end": 68240,
      "history_length": 2880,
      "metrics": {
        "trend_strength": 0.05510840060844069,
        "trend_linearity": -0.00010837141932490762,
        "seasonal_strength": 0.8899391620606529,
        "seasonal_correlation": 0.2936685293512609,
        "residual_autocorr_lag1": 0.20037858910422512,
        "spectral_entropy": 6668.434589025051
      },
      "n_series": 1
    },
    {
      "window_idx": 2,
      "history_start": 64640,
      "history_end": 67520,
      "history_length": 2880,
      "metrics": {
        "trend_strength": 0.6477650765408607,
        "trend_linearity": -0.001179648939716416,
        "seasonal_strength": 0.918330842687647,
        "seasonal_correlation": 0.5882287745846644,
        "residual_autocorr_lag1": 0.14620778520806182,
        "spectral_entropy": 7180.050128855584
      },
      "n_series": 1
    },
    {
      "window_idx": 3,
      "history_start": 63920,
      "history_end": 66800,
      "history_length": 2880,
      "metrics": {
        "trend_strength": 0.026009300451418027,
        "trend_linearity": -0.00023794315170128547,
        "seasonal_strength": 0.9343807523262722,
        "seasonal_correlation": 0.4974749540192552,
        "residual_autocorr_lag1": 0.0615533651095116,
        "spectral_entropy": 7582.111982034187
      },
      "n_series": 1
    },
    {
      "window_idx": 4,
      "history_start": 63200,
      "history_end": 66080,
      "history_length": 2880,
      "metrics": {
        "trend_strength": 0.3790767714858513,
        "trend_linearity": 0.00042694210169209233,
        "seasonal_strength": 0.9691288440683414,
        "seasonal_correlation": 0.4862794798465825,
        "residual_autocorr_lag1": 0.014015937464633348,
        "spectral_entropy": 7723.236652694495
      },
      "n_series": 1
    },
    {
      "window_idx": 5,
      "history_start": 62480,
      "history_end": 65360,
      "history_length": 2880,
      "metrics": {
        "trend_strength": 0.848758395415176,
        "trend_linearity": 0.001665363897488258,
        "seasonal_strength": 0.9310538225071862,
        "seasonal_correlation": 0.09847517368813759,
        "residual_autocorr_lag1": 0.0019182555427218332,
        "spectral_entropy": 7696.0488966620815
      },
      "n_series": 1
    },
    {
      "window_idx": 6,
      "history_start": 61760,
      "history_end": 64640,
      "history_length": 2880,
      "metrics": {
        "trend_strength": 0.9744830485898895,
        "trend_linearity": 0.002418585133004953,
        "seasonal_strength": 0.9813668041521371,
        "seasonal_correlation": -0.31840685497792254,
        "residual_autocorr_lag1": 0.03954797719040486,
        "spectral_entropy": 7553.545486068005
      },
      "n_series": 1
    },
    {
      "window_idx": 7,
      "history_start": 61040,
      "history_end": 63920,
      "history_length": 2880,
      "metrics": {
        "trend_strength": 0.08481952547439287,
        "trend_linearity": 0.0006302630178990729,
        "seasonal_strength": 0.8919866012508844,
        "seasonal_correlation": -0.11481466438245712,
        "residual_autocorr_lag1": 0.22787182572162623,
        "spectral_entropy": 7055.12459415141
      },
      "n_series": 1
    },
    {
      "window_idx": 8,
      "history_start": 60320,
      "history_end": 63200,
      "history_length": 2880,
      "metrics": {
        "trend_strength": 0.5914059064603304,
        "trend_linearity": -0.001142177547603567,
        "seasonal_strength": 0.8466867988583688,
        "seasonal_correlation": 0.6403487069788218,
        "residual_autocorr_lag1": 0.5763749360486677,
        "spectral_entropy": 7147.188097397902
      },
      "n_series": 1
    },
    {
      "window_idx": 9,
      "history_start": 59600,
      "history_end": 62480,
      "history_length": 2880,
      "metrics": {
        "trend_strength": 0.0,
        "trend_linearity": -0.0007329199577344159,
        "seasonal_strength": 0.7680547035119291,
        "seasonal_correlation": 0.4168175617873831,
        "residual_autocorr_lag1": 0.35762028228650466,
        "spectral_entropy": 7506.604979495885
      },
      "n_series": 1
    },
    {
      "window_idx": 10,
      "history_start": 58880,
      "history_end": 61760,
      "history_length": 2880,
      "metrics": {
        "trend_strength": 0.9801477665360189,
        "trend_linearity": 0.002232231021575332,
        "seasonal_strength": 0.9921246893138957,
        "seasonal_correlation": 0.48470087900702385,
        "residual_autocorr_lag1": -3.069393161783861e-05,
        "spectral_entropy": 7384.007553318183
      },
      "n_series": 1
    },
    {
      "window_idx": 11,
      "history_start": 58160,
      "history_end": 61040,
      "history_length": 2880,
      "metrics": {
        "trend_strength": 0.9609175715048084,
        "trend_linearity": 0.0020066861922807253,
        "seasonal_strength": 0.9845363258276377,
        "seasonal_correlation": 0.4183777855883455,
        "residual_autocorr_lag1": 0.03489155703775715,
        "spectral_entropy": 7620.532324366783
      },
      "n_series": 1
    },
    {
      "window_idx": 12,
      "history_start": 57440,
      "history_end": 60320,
      "history_length": 2880,
      "metrics": {
        "trend_strength": 0.9275351997588039,
        "trend_linearity": 0.0011126860834642972,
        "seasonal_strength": 0.9896126604118892,
        "seasonal_correlation": 0.47771012350147435,
        "residual_autocorr_lag1": -0.0011406157522405853,
        "spectral_entropy": 7488.5762660240225
      },
      "n_series": 1
    },
    {
      "window_idx": 13,
      "history_start": 56720,
      "history_end": 59600,
      "history_length": 2880,
      "metrics": {
        "trend_strength": 0.7673548266161243,