{
  "success": true,
  "dataset": "ETTm1",
  "method": "BM",
  "ratio": 0.3,
  "term": "long",
  "impute_method": "mean",
  "inject_range": {
    "dataset_name": "ETTm1",
    "term": "long",
    "frequency": "T",
    "prediction_length": 720,
    "windows": 20,
    "max_context": 2880,
    "start_index": 52400,
    "end_index": 68960,
    "injection_length": 16560,
    "total_length": 69680
  },
  "period": 1440,
  "n_windows": 20,
  "summary": {
    "mean": {
      "trend_strength": 0.4718960756671324,
      "trend_linearity": 0.0007540828626977933,
      "seasonal_strength": 0.9191401193441185,
      "seasonal_correlation": 0.09217680489368486,
      "residual_autocorr_lag1": 0.12109031021190364,
      "spectral_entropy": 7638.72234258856
    },
    "std": {
      "trend_strength": 0.38746796300314057,
      "trend_linearity": 0.0012270787942081746,
      "seasonal_strength": 0.0811079989490729,
      "seasonal_correlation": 0.2533705153261465,
      "residual_autocorr_lag1": 0.1602910331024882,
      "spectral_entropy": 636.0329278068967
    },
    "min": {
      "trend_strength": 0.0,
      "trend_linearity": -0.001469448623966721,
      "seasonal_strength": 0.7032492990949621,
      "seasonal_correlation": -0.43311739644998587,
      "residual_autocorr_lag1": -0.003630238401631524,
      "spectral_entropy": 6652.0298554578585
    },
    "max": {
      "trend_strength": 0.9876897922945392,
      "trend_linearity": 0.0036779529075593896,
      "seasonal_strength": 0.9971635175877386,
      "seasonal_correlation": 0.6453301235960273,
      "residual_autocorr_lag1": 0.5531390878443994,
      "spectral_entropy": 8703.435897389245
    }
  },
  "window_results": [
    {
      "window_idx": 0,
      "history_start": 66080,
      "history_end": 68960,
      "history_length": 2880,
      "metrics": {
        "trend_strength": 0.0008991606037379585,
        "trend_linearity": 3.2415698141322155e-06,
        "seasonal_strength": 0.8512917011486355,
        "seasonal_correlation": 0.019111827668679037,
        "residual_autocorr_lag1": -0.0005526324091268752,
        "spectral_entropy": 6652.0298554578585
      },
      "n_series": 1
    },
    {
      "window_idx": 1,
      "history_start": 65360,
      "history_end": 68240,
      "history_length": 2880,
      "metrics": {
        "trend_strength": 0.03736266914036779,
        "trend_linearity": -8.263646123717188e-06,
        "seasonal_strength": 0.9971635175877386,
        "seasonal_correlation": -0.006860071988272178,
        "residual_autocorr_lag1": 0.0005108651716871193,
        "spectral_entropy": 6723.62992261149
      },
      "n_series": 1
    },
    {
      "window_idx": 2,
      "history_start": 64640,
      "history_end": 67520,
      "history_length": 2880,
      "metrics": {
        "trend_strength": 0.013138014543558785,
        "trend_linearity": -2.8624356950902768e-05,
        "seasonal_strength": 0.878442878710656,
        "seasonal_correlation": 0.13764077918609313,
        "residual_autocorr_lag1": -0.003630238401631524,
        "spectral_entropy": 6680.777794037795
      },
      "n_series": 1
    },
    {
      "window_idx": 3,
      "history_start": 63920,
      "history_end": 66800,
      "history_length": 2880,
      "metrics": {
        "trend_strength": 0.1793111001412392,
        "trend_linearity": 5.781705944271736e-05,
        "seasonal_strength": 0.9671486255935651,
        "seasonal_correlation": -0.02053577865410047,
        "residual_autocorr_lag1": 0.3940385245160696,
        "spectral_entropy": 7741.23194804165
      },
      "n_series": 1
    },
    {
      "window_idx": 4,
      "history_start": 63200,
      "history_end": 66080,
      "history_length": 2880,
      "metrics": {
        "trend_strength": 0.9191497132811999,
        "trend_linearity": 0.0016160724222917086,
        "seasonal_strength": 0.9466556332078596,
        "seasonal_correlation": -0.3930466165443118,
        "residual_autocorr_lag1": 0.17213686004699597,
        "spectral_entropy": 8209.726944782686
      },
      "n_series": 1
    },
    {
      "window_idx": 5,
      "history_start": 62480,
      "history_end": 65360,
      "history_length": 2880,
      "metrics": {
        "trend_strength": 0.9848999382313314,
        "trend_linearity": 0.0036779529075593896,
        "seasonal_strength": 0.964049385869039,
        "seasonal_correlation": 0.2086423821542858,
        "residual_autocorr_lag1": -0.0004127290267101363,
        "spectral_entropy": 8131.940048477365
      },
      "n_series": 1
    },
    {
      "window_idx": 6,
      "history_start": 61760,
      "history_end": 64640,
      "history_length": 2880,
      "metrics": {
        "trend_strength": 0.9876897922945392,
        "trend_linearity": 0.0028557388685520324,
        "seasonal_strength": 0.9891692430304729,
        "seasonal_correlation": -0.43311739644998587,
        "residual_autocorr_lag1": -0.0021992424881837787,
        "spectral_entropy": 8147.285941930624
      },
      "n_series": 1
    },
    {
      "window_idx": 7,
      "history_start": 61040,
      "history_end": 63920,
      "history_length": 2880,
      "metrics": {
        "trend_strength": 0.13142980726248876,
        "trend_linearity": 0.0006051642809132398,
        "seasonal_strength": 0.924327407459028,
        "seasonal_correlation": -0.07783851582835655,
        "residual_autocorr_lag1": 0.15952491844446606,
        "spectral_entropy": 7422.594321706087
      },
      "n_series": 1
    },
    {
      "window_idx": 8,
      "history_start": 60320,
      "history_end": 63200,
      "history_length": 2880,
      "metrics": {
        "trend_strength": 0.4756668742620559,
        "trend_linearity": -0.0009856867875847764,
        "seasonal_strength": 0.8308272986211874,
        "seasonal_correlation": 0.6453301235960273,
        "residual_autocorr_lag1": 0.5531390878443994,
        "spectral_entropy": 7429.25638882752
      },
      "n_series": 1
    },
    {
      "window_idx": 9,
      "history_start": 59600,
      "history_end": 62480,
      "history_length": 2880,
      "metrics": {
        "trend_strength": 0.017414043584504713,
        "trend_linearity": -0.0005071737624034356,
        "seasonal_strength": 0.8745351582082657,
        "seasonal_correlation": 0.33418869441732096,
        "residual_autocorr_lag1": 0.2032601570403462,
        "spectral_entropy": 7623.413260319048
      },
      "n_series": 1
    },
    {
      "window_idx": 10,
      "history_start": 58880,
      "history_end": 61760,
      "history_length": 2880,
      "metrics": {
        "trend_strength": 0.9801477665360189,
        "trend_linearity": 0.002232231021575332,
        "seasonal_strength": 0.9921246893138957,
        "seasonal_correlation": 0.48470087900702385,
        "residual_autocorr_lag1": -3.069393161783861e-05,
        "spectral_entropy": 7384.007553318183
      },
      "n_series": 1
    },
    {
      "window_idx": 11,
      "history_start": 58160,
      "history_end": 61040,
      "history_length": 2880,
      "metrics": {
        "trend_strength": 0.8937638789530541,
        "trend_linearity": 0.0017404150958716352,
        "seasonal_strength": 0.9713499964298992,
        "seasonal_correlation": 0.2005495066856341,
        "residual_autocorr_lag1": 0.01809587473514089,
        "spectral_entropy": 8277.11165736771
      },
      "n_series": 1
    },
    {
      "window_idx": 12,
      "history_start": 57440,
      "history_end": 60320,
      "history_length": 2880,
      "metrics": {
        "trend_strength": 0.352474528441744,
        "trend_linearity": 0.0006080713371818015,
        "seasonal_strength": 0.9538929331094567,
        "seasonal_correlation": 0.09725441222722712,
        "residual_autocorr_lag1": -0.00021134148040052473,
        "spectral_entropy": 8589.688969733223
      },
      "n_series": 1
    },
    {
      "window_idx": 13,
      "history_start": 56720,
      "history_end": 59600,
      "history_length": 2880,