{
  "success": true,
  "dataset": "ETTm1",
  "method": "BM",
  "ratio": 0.1,
  "term": "short",
  "impute_method": "backward",
  "inject_range": {
    "dataset_name": "ETTm1",
    "term": "short",
    "frequency": "T",
    "prediction_length": 48,
    "windows": 20,
    "max_context": 2880,
    "start_index": 65840,
    "end_index": 69632,
    "injection_length": 3792,
    "total_length": 69680
  },
  "period": 1440,
  "n_windows": 20,
  "summary": {
    "mean": {
      "trend_strength": 0.44363420718501273,
      "trend_linearity": -6.203749202296617e-05,
      "seasonal_strength": 0.933099771042502,
      "seasonal_correlation": 0.3722996101970805,
      "residual_autocorr_lag1": 0.14723495597257755,
      "spectral_entropy": 6928.987777605263
    },
    "std": {
      "trend_strength": 0.23551192845298147,
      "trend_linearity": 0.0004905487750071379,
      "seasonal_strength": 0.026955630363261027,
      "seasonal_correlation": 0.11258957010277267,
      "residual_autocorr_lag1": 0.06873997041307818,
      "spectral_entropy": 136.03185541139197
    },
    "min": {
      "trend_strength": 0.0,
      "trend_linearity": -0.0007267236161225068,
      "seasonal_strength": 0.8867387986170967,
      "seasonal_correlation": 0.17209939465577398,
      "residual_autocorr_lag1": 0.04429868468127683,
      "spectral_entropy": 6670.071924250506
    },
    "max": {
      "trend_strength": 0.7839531941434563,
      "trend_linearity": 0.0006448720530699404,
      "seasonal_strength": 0.9802951488182116,
      "seasonal_correlation": 0.587544458396982,
      "residual_autocorr_lag1": 0.3262192488282295,
      "spectral_entropy": 7231.864444962148
    }
  },
  "window_results": [
    {
      "window_idx": 0,
      "history_start": 66752,
      "history_end": 69632,
      "history_length": 2880,
      "metrics": {
        "trend_strength": 0.3534294439410617,
        "trend_linearity": -0.00041544411072231413,
        "seasonal_strength": 0.9413467015596216,
        "seasonal_correlation": 0.1844685106621294,
        "residual_autocorr_lag1": 0.2432819199424166,
        "spectral_entropy": 6670.071924250506
      },
      "n_series": 1
    },
    {
      "window_idx": 1,
      "history_start": 66704,
      "history_end": 69584,
      "history_length": 2880,
      "metrics": {
        "trend_strength": 0.5020465105526003,
        "trend_linearity": -0.000463028996715838,
        "seasonal_strength": 0.955346170980478,
        "seasonal_correlation": 0.1773758938373963,
        "residual_autocorr_lag1": 0.0763314446416622,
        "spectral_entropy": 6683.344614448272
      },
      "n_series": 1
    },
    {
      "window_idx": 2,
      "history_start": 66656,
      "history_end": 69536,
      "history_length": 2880,
      "metrics": {
        "trend_strength": 0.7498196141984972,
        "trend_linearity": -0.0005014001430466316,
        "seasonal_strength": 0.9802951488182116,
        "seasonal_correlation": 0.17209939465577398,
        "residual_autocorr_lag1": 0.07485268017805034,
        "spectral_entropy": 6804.697986994314
      },
      "n_series": 1
    },
    {
      "window_idx": 3,
      "history_start": 66608,
      "history_end": 69488,
      "history_length": 2880,
      "metrics": {
        "trend_strength": 0.502317173624316,
        "trend_linearity": -0.0005959630691960515,
        "seasonal_strength": 0.9339325426791505,
        "seasonal_correlation": 0.32971621280702873,
        "residual_autocorr_lag1": 0.14004514887552927,
        "spectral_entropy": 6782.752837570528
      },
      "n_series": 1
    },
    {
      "window_idx": 4,
      "history_start": 66560,
      "history_end": 69440,
      "history_length": 2880,
      "metrics": {
        "trend_strength": 0.7839531941434563,
        "trend_linearity": -0.0006886342624471918,
        "seasonal_strength": 0.9701567899861298,
        "seasonal_correlation": 0.37630521431758107,
        "residual_autocorr_lag1": 0.1142235273964116,
        "spectral_entropy": 6889.990145123646
      },
      "n_series": 1
    },
    {
      "window_idx": 5,
      "history_start": 66512,
      "history_end": 69392,
      "history_length": 2880,
      "metrics": {
        "trend_strength": 0.7500567533840259,
        "trend_linearity": -0.0007267236161225068,
        "seasonal_strength": 0.963070620295488,
        "seasonal_correlation": 0.4092304204246551,
        "residual_autocorr_lag1": 0.15930140095864403,
        "spectral_entropy": 6944.571452406538
      },
      "n_series": 1
    },
    {
      "window_idx": 6,
      "history_start": 66464,
      "history_end": 69344,
      "history_length": 2880,
      "metrics": {
        "trend_strength": 0.7145516628610331,
        "trend_linearity": -0.0006274609391623885,
        "seasonal_strength": 0.9637980852324973,
        "seasonal_correlation": 0.4127289949506177,
        "residual_autocorr_lag1": 0.04429868468127683,
        "spectral_entropy": 6951.751967298682
      },
      "n_series": 1
    },
    {
      "window_idx": 7,
      "history_start": 66416,
      "history_end": 69296,
      "history_length": 2880,
      "metrics": {
        "trend_strength": 0.485276235494311,
        "trend_linearity": -0.0005025120354779519,
        "seasonal_strength": 0.9409879628524505,
        "seasonal_correlation": 0.46150860314250414,
        "residual_autocorr_lag1": 0.141421607355749,
        "spectral_entropy": 7037.600456762474
      },
      "n_series": 1
    },
    {
      "window_idx": 8,
      "history_start": 66368,
      "history_end": 69248,
      "history_length": 2880,
      "metrics": {
        "trend_strength": 0.3947362178942929,
        "trend_linearity": -0.000324415997151963,
        "seasonal_strength": 0.9635194540973054,
        "seasonal_correlation": 0.587544458396982,
        "residual_autocorr_lag1": 0.07763653183297466,
        "spectral_entropy": 7017.708690753758
      },
      "n_series": 1
    },
    {
      "window_idx": 9,
      "history_start": 66320,
      "history_end": 69200,
      "history_length": 2880,
      "metrics": {
        "trend_strength": 0.11647710912560716,
        "trend_linearity": -0.00019987250752979196,
        "seasonal_strength": 0.9511974581957354,
        "seasonal_correlation": 0.5629470522820763,
        "residual_autocorr_lag1": 0.12216344376603232,
        "spectral_entropy": 6842.764342200341
      },
      "n_series": 1
    },
    {
      "window_idx": 10,
      "history_start": 66272,
      "history_end": 69152,
      "history_length": 2880,
      "metrics": {
        "trend_strength": 0.0,
        "trend_linearity": -5.5745060577159577e-05,
        "seasonal_strength": 0.9018573677491803,
        "seasonal_correlation": 0.49140233408089423,
        "residual_autocorr_lag1": 0.22517650383793106,
        "spectral_entropy": 6933.837230282087
      },
      "n_series": 1
    },
    {
      "window_idx": 11,
      "history_start": 66224,
      "history_end": 69104,
      "history_length": 2880,
      "metrics": {
        "trend_strength": 0.0019038391489769602,
        "trend_linearity": 4.9037477816316475e-06,
        "seasonal_strength": 0.9283034355881904,
        "seasonal_correlation": 0.4578720316615915,
        "residual_autocorr_lag1": 0.3262192488282295,
        "spectral_entropy": 6978.280771549151
      },
      "n_series": 1
    },
    {
      "window_idx": 12,
      "history_start": 66176,
      "history_end": 69056,
      "history_length": 2880,
      "metrics": {
        "trend_strength": 0.08047181276639548,
        "trend_linearity": 0.00011566024828264465,
        "seasonal_strength": 0.9143559871376475,
        "seasonal_correlation": 0.422255327265819,
        "residual_autocorr_lag1": 0.2185839314949449,
        "spectral_entropy": 6983.883002430959
      },
      "n_series": 1
    },
    {
      "window_idx": 13,
      "history_start": 66128,
      "history_end": 69008,
      "history_length": 2880,
      "metrics": {
        "trend_strength": 0.2913768840957629,