{
  "success": true,
  "dataset": "ETTm2",
  "method": "BM",
  "ratio": 0.2,
  "term": "short",
  "impute_method": "backward",
  "inject_range": {
    "dataset_name": "ETTm2",
    "term": "short",
    "frequency": "T",
    "prediction_length": 48,
    "windows": 20,
    "max_context": 2880,
    "start_index": 65840,
    "end_index": 69632,
    "injection_length": 3792,
    "total_length": 69680
  },
  "period": 1440,
  "n_windows": 20,
  "summary": {
    "mean": {
      "trend_strength": 0.8041287176508376,
      "trend_linearity": 0.002810325133757689,
      "seasonal_strength": 0.9564178815354335,
      "seasonal_correlation": 0.4074518769881729,
      "residual_autocorr_lag1": 0.11510562412988164,
      "spectral_entropy": 8152.83383460812
    },
    "std": {
      "trend_strength": 0.1489027063652264,
      "trend_linearity": 0.0009598732811546565,
      "seasonal_strength": 0.016472214931514302,
      "seasonal_correlation": 0.16106012801494057,
      "residual_autocorr_lag1": 0.06329481785377276,
      "spectral_entropy": 689.8131078629868
    },
    "min": {
      "trend_strength": 0.48667757145120505,
      "trend_linearity": 0.001299442127887589,
      "seasonal_strength": 0.9321511793296505,
      "seasonal_correlation": 0.12332732970970238,
      "residual_autocorr_lag1": -0.0001866523545703614,
      "spectral_entropy": 6543.7707027235465
    },
    "max": {
      "trend_strength": 0.9962847557811898,
      "trend_linearity": 0.00405675622942037,
      "seasonal_strength": 0.9980041524195896,
      "seasonal_correlation": 0.6107573779360022,
      "residual_autocorr_lag1": 0.27002675107192176,
      "spectral_entropy": 9306.306524109448
    }
  },
  "window_results": [
    {
      "window_idx": 0,
      "history_start": 66752,
      "history_end": 69632,
      "history_length": 2880,
      "metrics": {
        "trend_strength": 0.6923440763414332,
        "trend_linearity": 0.002039905828109636,
        "seasonal_strength": 0.9433292966085991,
        "seasonal_correlation": 0.16150444689271828,
        "residual_autocorr_lag1": 0.18094454712161281,
        "spectral_entropy": 8955.36141008715
      },
      "n_series": 1
    },
    {
      "window_idx": 1,
      "history_start": 66704,
      "history_end": 69584,
      "history_length": 2880,
      "metrics": {
        "trend_strength": 0.6795053225199459,
        "trend_linearity": 0.0017817003999304102,
        "seasonal_strength": 0.9533371788835114,
        "seasonal_correlation": 0.18183088588430518,
        "residual_autocorr_lag1": 0.11879332452697743,
        "spectral_entropy": 8862.384074235073
      },
      "n_series": 1
    },
    {
      "window_idx": 2,
      "history_start": 66656,
      "history_end": 69536,
      "history_length": 2880,
      "metrics": {
        "trend_strength": 0.9111319674450766,
        "trend_linearity": 0.0017967863917281706,
        "seasonal_strength": 0.9915147266753883,
        "seasonal_correlation": 0.12332732970970238,
        "residual_autocorr_lag1": -4.061265433781654e-06,
        "spectral_entropy": 9306.306524109448
      },
      "n_series": 1
    },
    {
      "window_idx": 3,
      "history_start": 66608,
      "history_end": 69488,
      "history_length": 2880,
      "metrics": {
        "trend_strength": 0.6203163536126954,
        "trend_linearity": 0.0015852331484046218,
        "seasonal_strength": 0.9522138988517457,
        "seasonal_correlation": 0.2195575850257351,
        "residual_autocorr_lag1": 0.1431063603981446,
        "spectral_entropy": 8667.567598932139
      },
      "n_series": 1
    },
    {
      "window_idx": 4,
      "history_start": 66560,
      "history_end": 69440,
      "history_length": 2880,
      "metrics": {
        "trend_strength": 0.48667757145120505,
        "trend_linearity": 0.001299442127887589,
        "seasonal_strength": 0.9411928992444191,
        "seasonal_correlation": 0.2454278370020953,
        "residual_autocorr_lag1": 0.10117714434884975,
        "spectral_entropy": 8749.82972696277
      },
      "n_series": 1
    },
    {
      "window_idx": 5,
      "history_start": 66512,
      "history_end": 69392,
      "history_length": 2880,
      "metrics": {
        "trend_strength": 0.5066137929402399,
        "trend_linearity": 0.0014075350887318894,
        "seasonal_strength": 0.9357011337049179,
        "seasonal_correlation": 0.25486399385628294,
        "residual_autocorr_lag1": 0.09723596914363715,
        "spectral_entropy": 8515.647354744151
      },
      "n_series": 1
    },
    {
      "window_idx": 6,
      "history_start": 66464,
      "history_end": 69344,
      "history_length": 2880,
      "metrics": {
        "trend_strength": 0.6614703602911679,
        "trend_linearity": 0.0016733481805102973,
        "seasonal_strength": 0.9533904174830299,
        "seasonal_correlation": 0.27352304488767437,
        "residual_autocorr_lag1": 0.11379916735001551,
        "spectral_entropy": 8610.663231349316
      },
      "n_series": 1
    },
    {
      "window_idx": 7,
      "history_start": 66416,
      "history_end": 69296,
      "history_length": 2880,
      "metrics": {
        "trend_strength": 0.6772525848151173,
        "trend_linearity": 0.002121868443885134,
        "seasonal_strength": 0.9321511793296505,
        "seasonal_correlation": 0.30923982799847327,
        "residual_autocorr_lag1": 0.13899629648382933,
        "spectral_entropy": 8267.947158996169
      },
      "n_series": 1
    },
    {
      "window_idx": 8,
      "history_start": 66368,
      "history_end": 69248,
      "history_length": 2880,
      "metrics": {
        "trend_strength": 0.8462274189620351,
        "trend_linearity": 0.0026467626822215466,
        "seasonal_strength": 0.9602772864785989,
        "seasonal_correlation": 0.4767048495285828,
        "residual_autocorr_lag1": 0.15774407445734664,
        "spectral_entropy": 8262.393254196188
      },
      "n_series": 1
    },
    {
      "window_idx": 9,
      "history_start": 66320,
      "history_end": 69200,
      "history_length": 2880,
      "metrics": {
        "trend_strength": 0.8420087109218062,
        "trend_linearity": 0.003049895061271252,
        "seasonal_strength": 0.9476925596512505,
        "seasonal_correlation": 0.49006071684526187,
        "residual_autocorr_lag1": 0.27002675107192176,
        "spectral_entropy": 8219.667517125783
      },
      "n_series": 1
    },
    {
      "window_idx": 10,
      "history_start": 66272,
      "history_end": 69152,
      "history_length": 2880,
      "metrics": {
        "trend_strength": 0.880279300045618,
        "trend_linearity": 0.0033767035358680335,
        "seasonal_strength": 0.9517678886423377,
        "seasonal_correlation": 0.4709246543317248,
        "residual_autocorr_lag1": 0.1191625458305322,
        "spectral_entropy": 8458.619160950246
      },
      "n_series": 1
    },
    {
      "window_idx": 11,
      "history_start": 66224,
      "history_end": 69104,
      "history_length": 2880,
      "metrics": {
        "trend_strength": 0.854344283469095,
        "trend_linearity": 0.003273782970103514,
        "seasonal_strength": 0.9424161713842835,
        "seasonal_correlation": 0.49668254309260784,
        "residual_autocorr_lag1": 0.09360268450093943,
        "spectral_entropy": 7822.476853180942
      },
      "n_series": 1
    },
    {
      "window_idx": 12,
      "history_start": 66176,
      "history_end": 69056,
      "history_length": 2880,
      "metrics": {
        "trend_strength": 0.8891597284541335,
        "trend_linearity": 0.0035308447554386136,
        "seasonal_strength": 0.9500814731258013,
        "seasonal_correlation": 0.5091626639446579,
        "residual_autocorr_lag1": 0.18153698760426368,
        "spectral_entropy": 8126.674739566596
      },
      "n_series": 1
    },
    {
      "window_idx": 13,
      "history_start": 66128,
      "history_end": 69008,
      "history_length": 2880,