{
  "success": true,
  "dataset": "ETTm1",
  "method": "BM",
  "ratio": 0.2,
  "term": "short",
  "impute_method": "forward",
  "inject_range": {
    "dataset_name": "ETTm1",
    "term": "short",
    "frequency": "T",
    "prediction_length": 48,
    "windows": 20,
    "max_context": 2880,
    "start_index": 65840,
    "end_index": 69632,
    "injection_length": 3792,
    "total_length": 69680
  },
  "period": 1440,
  "n_windows": 20,
  "summary": {
    "mean": {
      "trend_strength": 0.480192823253507,
      "trend_linearity": -0.00017231802277637478,
      "seasonal_strength": 0.9402941841006381,
      "seasonal_correlation": 0.32137381095154643,
      "residual_autocorr_lag1": 0.12223752140422099,
      "spectral_entropy": 7044.831028143168
    },
    "std": {
      "trend_strength": 0.23656700098563377,
      "trend_linearity": 0.0005565366019778451,
      "seasonal_strength": 0.024234528900138424,
      "seasonal_correlation": 0.09737215533674837,
      "residual_autocorr_lag1": 0.062118200538193266,
      "spectral_entropy": 115.03228849392468
    },
    "min": {
      "trend_strength": 0.0,
      "trend_linearity": -0.0009177875629699487,
      "seasonal_strength": 0.8715865226973301,
      "seasonal_correlation": 0.10045022849229493,
      "residual_autocorr_lag1": -0.00040317567618648596,
      "spectral_entropy": 6856.656976346725
    },
    "max": {
      "trend_strength": 0.9013965782585595,
      "trend_linearity": 0.0006223777549101096,
      "seasonal_strength": 0.9900127162378107,
      "seasonal_correlation": 0.5318584142584099,
      "residual_autocorr_lag1": 0.23776527111117254,
      "spectral_entropy": 7280.999015635293
    }
  },
  "window_results": [
    {
      "window_idx": 0,
      "history_start": 66752,
      "history_end": 69632,
      "history_length": 2880,
      "metrics": {
        "trend_strength": 0.5359274511763157,
        "trend_linearity": -0.0006100160302042775,
        "seasonal_strength": 0.9452915158764224,
        "seasonal_correlation": 0.13478589747479922,
        "residual_autocorr_lag1": 0.14274290062827005,
        "spectral_entropy": 6856.656976346725
      },
      "n_series": 1
    },
    {
      "window_idx": 1,
      "history_start": 66704,
      "history_end": 69584,
      "history_length": 2880,
      "metrics": {
        "trend_strength": 0.9013965782585595,
        "trend_linearity": -0.0006529531086899282,
        "seasonal_strength": 0.9900127162378107,
        "seasonal_correlation": 0.10045022849229493,
        "residual_autocorr_lag1": 0.009240950071073947,
        "spectral_entropy": 6919.204586088178
      },
      "n_series": 1
    },
    {
      "window_idx": 2,
      "history_start": 66656,
      "history_end": 69536,
      "history_length": 2880,
      "metrics": {
        "trend_strength": 0.6198823504098625,
        "trend_linearity": -0.0007408254663445827,
        "seasonal_strength": 0.9402144144418609,
        "seasonal_correlation": 0.20437996927501076,
        "residual_autocorr_lag1": 0.11666660036725782,
        "spectral_entropy": 6897.088549070386
      },
      "n_series": 1
    },
    {
      "window_idx": 3,
      "history_start": 66608,
      "history_end": 69488,
      "history_length": 2880,
      "metrics": {
        "trend_strength": 0.6372515059071423,
        "trend_linearity": -0.00081414663506399,
        "seasonal_strength": 0.9358051531092939,
        "seasonal_correlation": 0.3114358793176011,
        "residual_autocorr_lag1": 0.12796796539931315,
        "spectral_entropy": 7010.634737043039
      },
      "n_series": 1
    },
    {
      "window_idx": 4,
      "history_start": 66560,
      "history_end": 69440,
      "history_length": 2880,
      "metrics": {
        "trend_strength": 0.6642948201840055,
        "trend_linearity": -0.0009177875629699487,
        "seasonal_strength": 0.9283285426937395,
        "seasonal_correlation": 0.35814723524945774,
        "residual_autocorr_lag1": 0.09931443834748871,
        "spectral_entropy": 7079.293929781394
      },
      "n_series": 1
    },
    {
      "window_idx": 5,
      "history_start": 66512,
      "history_end": 69392,
      "history_length": 2880,
      "metrics": {
        "trend_strength": 0.6939569007990247,
        "trend_linearity": -0.0008937843628859479,
        "seasonal_strength": 0.9387282906601843,
        "seasonal_correlation": 0.3441546506876067,
        "residual_autocorr_lag1": 0.12340473233875295,
        "spectral_entropy": 7098.3228601768415
      },
      "n_series": 1
    },
    {
      "window_idx": 6,
      "history_start": 66464,
      "history_end": 69344,
      "history_length": 2880,
      "metrics": {
        "trend_strength": 0.6936813618106293,
        "trend_linearity": -0.000815783670258356,
        "seasonal_strength": 0.9489695606979779,
        "seasonal_correlation": 0.3323928268065966,
        "residual_autocorr_lag1": 0.12496786256527694,
        "spectral_entropy": 7148.130960784614
      },
      "n_series": 1
    },
    {
      "window_idx": 7,
      "history_start": 66416,
      "history_end": 69296,
      "history_length": 2880,
      "metrics": {
        "trend_strength": 0.6201862051559727,
        "trend_linearity": -0.0005978325308386132,
        "seasonal_strength": 0.9541169970719126,
        "seasonal_correlation": 0.3709497350584846,
        "residual_autocorr_lag1": 0.21335433733185236,
        "spectral_entropy": 7280.999015635293
      },
      "n_series": 1
    },
    {
      "window_idx": 8,
      "history_start": 66368,
      "history_end": 69248,
      "history_length": 2880,
      "metrics": {
        "trend_strength": 0.44499899508840246,
        "trend_linearity": -0.000411104341332985,
        "seasonal_strength": 0.9523474443235356,
        "seasonal_correlation": 0.5318584142584099,
        "residual_autocorr_lag1": 0.1312964157409963,
        "spectral_entropy": 6951.557074030712
      },
      "n_series": 1
    },
    {
      "window_idx": 9,
      "history_start": 66320,
      "history_end": 69200,
      "history_length": 2880,
      "metrics": {
        "trend_strength": 0.26733965530992776,
        "trend_linearity": -0.0003010680792607462,
        "seasonal_strength": 0.9534772622410244,
        "seasonal_correlation": 0.4849514300432787,
        "residual_autocorr_lag1": 0.05024901040675484,
        "spectral_entropy": 6951.068644810787
      },
      "n_series": 1
    },
    {
      "window_idx": 10,
      "history_start": 66272,
      "history_end": 69152,
      "history_length": 2880,
      "metrics": {
        "trend_strength": 0.041566876875069325,
        "trend_linearity": -0.00010765213375006847,
        "seasonal_strength": 0.9655854540038595,
        "seasonal_correlation": 0.3740131441651213,
        "residual_autocorr_lag1": 0.15119203986822635,
        "spectral_entropy": 6998.664952148326
      },
      "n_series": 1
    },
    {
      "window_idx": 11,
      "history_start": 66224,
      "history_end": 69104,
      "history_length": 2880,
      "metrics": {
        "trend_strength": 0.0,
        "trend_linearity": -9.99050010565035e-05,
        "seasonal_strength": 0.9606664983481072,
        "seasonal_correlation": 0.3682391085597746,
        "residual_autocorr_lag1": 0.09427341251272243,
        "spectral_entropy": 6994.053059411393
      },
      "n_series": 1
    },
    {
      "window_idx": 12,
      "history_start": 66176,
      "history_end": 69056,
      "history_length": 2880,
      "metrics": {
        "trend_strength": 0.01510670229332478,
        "trend_linearity": 2.291891302492103e-05,
        "seasonal_strength": 0.9241936427141965,
        "seasonal_correlation": 0.3788272819908926,
        "residual_autocorr_lag1": 0.20591203694570112,
        "spectral_entropy": 7010.8274875603365
      },
      "n_series": 1
    },
    {
      "window_idx": 13,
      "history_start": 66128,
      "history_end": 69008,
      "history_length": 2880,