{
  "success": true,
  "dataset": "ETTm1",
  "method": "BM",
  "ratio": 0.3,
  "term": "medium",
  "impute_method": "linear",
  "inject_range": {
    "dataset_name": "ETTm1",
    "term": "medium",
    "frequency": "T",
    "prediction_length": 480,
    "windows": 20,
    "max_context": 2880,
    "start_index": 57200,
    "end_index": 69200,
    "injection_length": 12000,
    "total_length": 69680
  },
  "period": 1440,
  "n_windows": 20,
  "summary": {
    "mean": {
      "trend_strength": 0.5249024651625757,
      "trend_linearity": 0.0005415912191869901,
      "seasonal_strength": 0.9363756175331727,
      "seasonal_correlation": 0.3217728304713498,
      "residual_autocorr_lag1": 0.13352997147308246,
      "spectral_entropy": 6653.23276169599
    },
    "std": {
      "trend_strength": 0.3761304399711022,
      "trend_linearity": 0.0011066746554963527,
      "seasonal_strength": 0.06559284533607761,
      "seasonal_correlation": 0.2725980263794968,
      "residual_autocorr_lag1": 0.14917238726441892,
      "spectral_entropy": 1498.433308230231
    },
    "min": {
      "trend_strength": 0.0,
      "trend_linearity": -0.001572242781061582,
      "seasonal_strength": 0.6948422734984162,
      "seasonal_correlation": -0.21143142580440055,
      "residual_autocorr_lag1": -0.0004937364083858162,
      "spectral_entropy": 1754.949561801205
    },
    "max": {
      "trend_strength": 0.9784864992371289,
      "trend_linearity": 0.002407995857255655,
      "seasonal_strength": 0.9955794247536205,
      "seasonal_correlation": 0.7321838458304465,
      "residual_autocorr_lag1": 0.6090109905614044,
      "spectral_entropy": 7670.375240984833
    }
  },
  "window_results": [
    {
      "window_idx": 0,
      "history_start": 66320,
      "history_end": 69200,
      "history_length": 2880,
      "metrics": {
        "trend_strength": 0.1285172888875623,
        "trend_linearity": -0.00016778652095911212,
        "seasonal_strength": 0.9689776452426189,
        "seasonal_correlation": 0.5829168329426774,
        "residual_autocorr_lag1": 0.06407497862587568,
        "spectral_entropy": 1754.949561801205
      },
      "n_series": 1
    },
    {
      "window_idx": 1,
      "history_start": 65840,
      "history_end": 68720,
      "history_length": 2880,
      "metrics": {
        "trend_strength": 0.47784217665844786,
        "trend_linearity": 0.0004859271388238439,
        "seasonal_strength": 0.9181710982434051,
        "seasonal_correlation": 0.3838820157970539,
        "residual_autocorr_lag1": 0.049387036098697476,
        "spectral_entropy": 4760.60441765032
      },
      "n_series": 1
    },
    {
      "window_idx": 2,
      "history_start": 65360,
      "history_end": 68240,
      "history_length": 2880,
      "metrics": {
        "trend_strength": 0.10239402227845384,
        "trend_linearity": -0.00018739813613270396,
        "seasonal_strength": 0.9028642688508708,
        "seasonal_correlation": 0.4062088706383591,
        "residual_autocorr_lag1": 0.1877113931603627,
        "spectral_entropy": 3963.110170181565
      },
      "n_series": 1
    },
    {
      "window_idx": 3,
      "history_start": 64880,
      "history_end": 67760,
      "history_length": 2880,
      "metrics": {
        "trend_strength": 0.38943243600978783,
        "trend_linearity": -0.0005469448153474581,
        "seasonal_strength": 0.9416439681014063,
        "seasonal_correlation": 0.3785744764322582,
        "residual_autocorr_lag1": 0.058978043628831814,
        "spectral_entropy": 5358.216271283105
      },
      "n_series": 1
    },
    {
      "window_idx": 4,
      "history_start": 64400,
      "history_end": 67280,
      "history_length": 2880,
      "metrics": {
        "trend_strength": 0.7439187048290766,
        "trend_linearity": -0.001572242781061582,
        "seasonal_strength": 0.9302258924506516,
        "seasonal_correlation": 0.6454521482797255,
        "residual_autocorr_lag1": 0.16573641438230932,
        "spectral_entropy": 6638.362707678911
      },
      "n_series": 1
    },
    {
      "window_idx": 5,
      "history_start": 63920,
      "history_end": 66800,
      "history_length": 2880,
      "metrics": {
        "trend_strength": 0.0,
        "trend_linearity": -0.0001864581962897212,
        "seasonal_strength": 0.9341411617739955,
        "seasonal_correlation": 0.5213251695101234,
        "residual_autocorr_lag1": 0.16942164033266796,
        "spectral_entropy": 7084.9612053612445
      },
      "n_series": 1
    },
    {
      "window_idx": 6,
      "history_start": 63440,
      "history_end": 66320,
      "history_length": 2880,
      "metrics": {
        "trend_strength": 0.22569918623783292,
        "trend_linearity": 0.00026614568016367746,
        "seasonal_strength": 0.9725642142272223,
        "seasonal_correlation": 0.438393255179598,
        "residual_autocorr_lag1": 0.06353664182435195,
        "spectral_entropy": 7273.196006514107
      },
      "n_series": 1
    },
    {
      "window_idx": 7,
      "history_start": 62960,
      "history_end": 65840,
      "history_length": 2880,
      "metrics": {
        "trend_strength": 0.8687140591914424,
        "trend_linearity": 0.0009260138861838439,
        "seasonal_strength": 0.9853242005125177,
        "seasonal_correlation": 0.591940217444798,
        "residual_autocorr_lag1": 0.0040784599771943085,
        "spectral_entropy": 7507.737972390363
      },
      "n_series": 1
    },
    {
      "window_idx": 8,
      "history_start": 62480,
      "history_end": 65360,
      "history_length": 2880,
      "metrics": {
        "trend_strength": 0.8591547788748968,
        "trend_linearity": 0.0016330681670444422,
        "seasonal_strength": 0.939486671991041,
        "seasonal_correlation": 0.04716033963024739,
        "residual_autocorr_lag1": 0.05531207449016426,
        "spectral_entropy": 7648.542378375429
      },
      "n_series": 1
    },
    {
      "window_idx": 9,
      "history_start": 62000,
      "history_end": 64880,
      "history_length": 2880,
      "metrics": {
        "trend_strength": 0.9471739721142826,
        "trend_linearity": 0.001463778639907038,
        "seasonal_strength": 0.9850656780811317,
        "seasonal_correlation": -0.17580724261622888,
        "residual_autocorr_lag1": -0.0004937364083858162,
        "spectral_entropy": 7465.717938395297
      },
      "n_series": 1
    },
    {
      "window_idx": 10,
      "history_start": 61520,
      "history_end": 64400,
      "history_length": 2880,
      "metrics": {
        "trend_strength": 0.9784864992371289,
        "trend_linearity": 0.002407995857255655,
        "seasonal_strength": 0.9874030351197667,
        "seasonal_correlation": -0.21143142580440055,
        "residual_autocorr_lag1": 0.04039657699750594,
        "spectral_entropy": 7244.450747012831
      },
      "n_series": 1
    },
    {
      "window_idx": 11,
      "history_start": 61040,
      "history_end": 63920,
      "history_length": 2880,
      "metrics": {
        "trend_strength": 0.1591186125364168,
        "trend_linearity": 0.0006811707119688947,
        "seasonal_strength": 0.9127794470527842,
        "seasonal_correlation": -0.12294278926890016,
        "residual_autocorr_lag1": 0.2478715261467169,
        "spectral_entropy": 7018.036567748922
      },
      "n_series": 1
    },
    {
      "window_idx": 12,
      "history_start": 60560,
      "history_end": 63440,
      "history_length": 2880,
      "metrics": {
        "trend_strength": 0.0,
        "trend_linearity": 0.00015048606400888808,
        "seasonal_strength": 0.918073274030629,
        "seasonal_correlation": -0.08328073125119381,
        "residual_autocorr_lag1": 0.37942868659518936,
        "spectral_entropy": 7004.867149719874
      },
      "n_series": 1
    },
    {
      "window_idx": 13,
      "history_start": 60080,
      "history_end": 62960,
      "history_length": 2880,
      "metrics": {
        "trend_strength": 0.23769157660653506,