{
  "success": true,
  "dataset": "ETTm1",
  "method": "BM",
  "ratio": 0.3,
  "term": "short",
  "impute_method": "linear",
  "inject_range": {
    "dataset_name": "ETTm1",
    "term": "short",
    "frequency": "T",
    "prediction_length": 48,
    "windows": 20,
    "max_context": 2880,
    "start_index": 65840,
    "end_index": 69632,
    "injection_length": 3792,
    "total_length": 69680
  },
  "period": 1440,
  "n_windows": 20,
  "summary": {
    "mean": {
      "trend_strength": 0.4868010582218109,
      "trend_linearity": -9.414527600560993e-05,
      "seasonal_strength": 0.93177327946556,
      "seasonal_correlation": 0.3212272012362757,
      "residual_autocorr_lag1": 0.1248872367602818,
      "spectral_entropy": 6574.008243019106
    },
    "std": {
      "trend_strength": 0.2728040090675492,
      "trend_linearity": 0.0005257571066515989,
      "seasonal_strength": 0.03179357252831017,
      "seasonal_correlation": 0.12006245375922901,
      "residual_autocorr_lag1": 0.06833094064213607,
      "spectral_entropy": 365.25974412974716
    },
    "min": {
      "trend_strength": 0.0,
      "trend_linearity": -0.0008012241367531735,
      "seasonal_strength": 0.8866505901894249,
      "seasonal_correlation": 0.09662769998648783,
      "residual_autocorr_lag1": -0.0006825816586894624,
      "spectral_entropy": 5872.353017372288
    },
    "max": {
      "trend_strength": 0.9267226074853084,
      "trend_linearity": 0.0006709543295101736,
      "seasonal_strength": 0.9926112776656079,
      "seasonal_correlation": 0.5416893130106392,
      "residual_autocorr_lag1": 0.27601022941126657,
      "spectral_entropy": 7212.308959665348
    }
  },
  "window_results": [
    {
      "window_idx": 0,
      "history_start": 66752,
      "history_end": 69632,
      "history_length": 2880,
      "metrics": {
        "trend_strength": 0.4288129571300059,
        "trend_linearity": -0.0005272642529629551,
        "seasonal_strength": 0.9249016734631923,
        "seasonal_correlation": 0.13212274431665677,
        "residual_autocorr_lag1": 0.1258743743575244,
        "spectral_entropy": 5872.353017372288
      },
      "n_series": 1
    },
    {
      "window_idx": 1,
      "history_start": 66704,
      "history_end": 69584,
      "history_length": 2880,
      "metrics": {
        "trend_strength": 0.765277027422542,
        "trend_linearity": -0.000563787493138618,
        "seasonal_strength": 0.9754753256868246,
        "seasonal_correlation": 0.09662769998648783,
        "residual_autocorr_lag1": 0.045694381581420654,
        "spectral_entropy": 5952.561589939571
      },
      "n_series": 1
    },
    {
      "window_idx": 2,
      "history_start": 66656,
      "history_end": 69536,
      "history_length": 2880,
      "metrics": {
        "trend_strength": 0.6183410371610307,
        "trend_linearity": -0.0006054100610499018,
        "seasonal_strength": 0.94968917197652,
        "seasonal_correlation": 0.151459223735521,
        "residual_autocorr_lag1": 0.09336320975132953,
        "spectral_entropy": 5980.048069316807
      },
      "n_series": 1
    },
    {
      "window_idx": 3,
      "history_start": 66608,
      "history_end": 69488,
      "history_length": 2880,
      "metrics": {
        "trend_strength": 0.5948744568350723,
        "trend_linearity": -0.0006806169097434338,
        "seasonal_strength": 0.9364964844830231,
        "seasonal_correlation": 0.2492177474086193,
        "residual_autocorr_lag1": 0.18774777279213645,
        "spectral_entropy": 6252.629185057493
      },
      "n_series": 1
    },
    {
      "window_idx": 4,
      "history_start": 66560,
      "history_end": 69440,
      "history_length": 2880,
      "metrics": {
        "trend_strength": 0.6172714750451724,
        "trend_linearity": -0.0008012241367531735,
        "seasonal_strength": 0.9205222012466183,
        "seasonal_correlation": 0.3670538178664163,
        "residual_autocorr_lag1": 0.07699713225231665,
        "spectral_entropy": 6299.904572010715
      },
      "n_series": 1
    },
    {
      "window_idx": 5,
      "history_start": 66512,
      "history_end": 69392,
      "history_length": 2880,
      "metrics": {
        "trend_strength": 0.8376883642598445,
        "trend_linearity": -0.0007379720188165842,
        "seasonal_strength": 0.9752520707490617,
        "seasonal_correlation": 0.29502624896916785,
        "residual_autocorr_lag1": 0.03185290301886655,
        "spectral_entropy": 6410.229649288143
      },
      "n_series": 1
    },
    {
      "window_idx": 6,
      "history_start": 66464,
      "history_end": 69344,
      "history_length": 2880,
      "metrics": {
        "trend_strength": 0.647290846449408,
        "trend_linearity": -0.0007095428182524438,
        "seasonal_strength": 0.9415727527082078,
        "seasonal_correlation": 0.34813307197258264,
        "residual_autocorr_lag1": 0.1958014850564964,
        "spectral_entropy": 6477.55972205991
      },
      "n_series": 1
    },
    {
      "window_idx": 7,
      "history_start": 66416,
      "history_end": 69296,
      "history_length": 2880,
      "metrics": {
        "trend_strength": 0.8497477613956685,
        "trend_linearity": -0.0005348018829796129,
        "seasonal_strength": 0.9876572247536974,
        "seasonal_correlation": 0.2954139187370822,
        "residual_autocorr_lag1": 0.08357532782290912,
        "spectral_entropy": 6615.389787085382
      },
      "n_series": 1
    },
    {
      "window_idx": 8,
      "history_start": 66368,
      "history_end": 69248,
      "history_length": 2880,
      "metrics": {
        "trend_strength": 0.3753650266247973,
        "trend_linearity": -0.0003462474533559594,
        "seasonal_strength": 0.9553595317331901,
        "seasonal_correlation": 0.5416893130106392,
        "residual_autocorr_lag1": 0.12020955975558054,
        "spectral_entropy": 6547.702731712221
      },
      "n_series": 1
    },
    {
      "window_idx": 9,
      "history_start": 66320,
      "history_end": 69200,
      "history_length": 2880,
      "metrics": {
        "trend_strength": 0.1169970837064761,
        "trend_linearity": -0.0001994179374534992,
        "seasonal_strength": 0.9322485995997213,
        "seasonal_correlation": 0.5386085796309911,
        "residual_autocorr_lag1": 0.25788054928003146,
        "spectral_entropy": 6455.440692496242
      },
      "n_series": 1
    },
    {
      "window_idx": 10,
      "history_start": 66272,
      "history_end": 69152,
      "history_length": 2880,
      "metrics": {
        "trend_strength": 0.0,
        "trend_linearity": -4.857036856066718e-05,
        "seasonal_strength": 0.9073292076038489,
        "seasonal_correlation": 0.44598020379051767,
        "residual_autocorr_lag1": 0.1301731205686659,
        "spectral_entropy": 6617.158676986586
      },
      "n_series": 1
    },
    {
      "window_idx": 11,
      "history_start": 66224,
      "history_end": 69104,
      "history_length": 2880,
      "metrics": {
        "trend_strength": 0.0,
        "trend_linearity": -5.700192793323248e-06,
        "seasonal_strength": 0.9229009053128088,
        "seasonal_correlation": 0.4322145699012033,
        "residual_autocorr_lag1": 0.27601022941126657,
        "spectral_entropy": 6657.190507288964
      },
      "n_series": 1
    },
    {
      "window_idx": 12,
      "history_start": 66176,
      "history_end": 69056,
      "history_length": 2880,
      "metrics": {
        "trend_strength": 0.07182194874360048,
        "trend_linearity": 0.00012175176159602441,
        "seasonal_strength": 0.8895471806139967,
        "seasonal_correlation": 0.42954414396891094,
        "residual_autocorr_lag1": 0.11311735038972845,
        "spectral_entropy": 6688.862081857294
      },
      "n_series": 1
    },
    {
      "window_idx": 13,
      "history_start": 66128,
      "history_end": 69008,
      "history_length": 2880,
      "metrics": {
        "trend_strength": 0.26619472290006563,