{
  "success": true,
  "dataset": "ETTm1",
  "method": "BM",
  "ratio": 0.1,
  "term": "medium",
  "impute_method": "backward",
  "inject_range": {
    "dataset_name": "ETTm1",
    "term": "medium",
    "frequency": "T",
    "prediction_length": 480,
    "windows": 20,
    "max_context": 2880,
    "start_index": 57200,
    "end_index": 69200,
    "injection_length": 12000,
    "total_length": 69680
  },
  "period": 1440,
  "n_windows": 20,
  "summary": {
    "mean": {
      "trend_strength": 0.5126261319719674,
      "trend_linearity": 0.0005390846919221907,
      "seasonal_strength": 0.9421743389329285,
      "seasonal_correlation": 0.2898027017364214,
      "residual_autocorr_lag1": 0.10819629477755413,
      "spectral_entropy": 7540.909822325373
    },
    "std": {
      "trend_strength": 0.38387062252008797,
      "trend_linearity": 0.0010799387316263451,
      "seasonal_strength": 0.05061635296010458,
      "seasonal_correlation": 0.24454293081235126,
      "residual_autocorr_lag1": 0.12667968606671853,
      "spectral_entropy": 312.3494436056836
    },
    "min": {
      "trend_strength": 0.0,
      "trend_linearity": -0.0014156164494697155,
      "seasonal_strength": 0.7680547035119291,
      "seasonal_correlation": -0.2168945545027154,
      "residual_autocorr_lag1": -0.0007957479256093304,
      "spectral_entropy": 7054.074231197905
    },
    "max": {
      "trend_strength": 0.9729399450443106,
      "trend_linearity": 0.0023948919941628568,
      "seasonal_strength": 0.9940373749017891,
      "seasonal_correlation": 0.6614577063268251,
      "residual_autocorr_lag1": 0.5163766024849428,
      "spectral_entropy": 8098.937775109642
    }
  },
  "window_results": [
    {
      "window_idx": 0,
      "history_start": 66320,
      "history_end": 69200,
      "history_length": 2880,
      "metrics": {
        "trend_strength": 0.19704492891780256,
        "trend_linearity": -0.0002149078521985064,
        "seasonal_strength": 0.9645684608691913,
        "seasonal_correlation": 0.3879036314843648,
        "residual_autocorr_lag1": 0.0743855288098763,
        "spectral_entropy": 7085.157160186076
      },
      "n_series": 1
    },
    {
      "window_idx": 1,
      "history_start": 65840,
      "history_end": 68720,
      "history_length": 2880,
      "metrics": {
        "trend_strength": 0.3732587364317643,
        "trend_linearity": 0.0004975662434167892,
        "seasonal_strength": 0.8958331499272854,
        "seasonal_correlation": 0.24246563882352554,
        "residual_autocorr_lag1": 0.16464509760260723,
        "spectral_entropy": 7332.329568093455
      },
      "n_series": 1
    },
    {
      "window_idx": 2,
      "history_start": 65360,
      "history_end": 68240,
      "history_length": 2880,
      "metrics": {
        "trend_strength": 0.12114588254222391,
        "trend_linearity": -0.00025153530976227995,
        "seasonal_strength": 0.9056522691126405,
        "seasonal_correlation": 0.2690432359136553,
        "residual_autocorr_lag1": 0.14790510150758074,
        "spectral_entropy": 7537.902005884005
      },
      "n_series": 1
    },
    {
      "window_idx": 3,
      "history_start": 64880,
      "history_end": 67760,
      "history_length": 2880,
      "metrics": {
        "trend_strength": 0.19461613339197692,
        "trend_linearity": -0.0002852263661888894,
        "seasonal_strength": 0.9581257680156031,
        "seasonal_correlation": 0.316381329337947,
        "residual_autocorr_lag1": 0.014913968667915783,
        "spectral_entropy": 7711.0902354812415
      },
      "n_series": 1
    },
    {
      "window_idx": 4,
      "history_start": 64400,
      "history_end": 67280,
      "history_length": 2880,
      "metrics": {
        "trend_strength": 0.7291543926098992,
        "trend_linearity": -0.0013844708066915285,
        "seasonal_strength": 0.9374943142196019,
        "seasonal_correlation": 0.5635599839825234,
        "residual_autocorr_lag1": 0.06646029713496285,
        "spectral_entropy": 7945.824455747915
      },
      "n_series": 1
    },
    {
      "window_idx": 5,
      "history_start": 63920,
      "history_end": 66800,
      "history_length": 2880,
      "metrics": {
        "trend_strength": 0.0,
        "trend_linearity": -0.00014892535917541473,
        "seasonal_strength": 0.9400935770268789,
        "seasonal_correlation": 0.5131459418485079,
        "residual_autocorr_lag1": 0.08965618776661995,
        "spectral_entropy": 8098.937775109642
      },
      "n_series": 1
    },
    {
      "window_idx": 6,
      "history_start": 63440,
      "history_end": 66320,
      "history_length": 2880,
      "metrics": {
        "trend_strength": 0.03503081860747681,
        "trend_linearity": 5.863579032774528e-05,
        "seasonal_strength": 0.9801287297452658,
        "seasonal_correlation": 0.44925957273280115,
        "residual_autocorr_lag1": 0.029843204308187366,
        "spectral_entropy": 8050.301134048009
      },
      "n_series": 1
    },
    {
      "window_idx": 7,
      "history_start": 62960,
      "history_end": 65840,
      "history_length": 2880,
      "metrics": {
        "trend_strength": 0.7422323411047271,
        "trend_linearity": 0.0008002441372442829,
        "seasonal_strength": 0.9766473351554024,
        "seasonal_correlation": 0.6614577063268251,
        "residual_autocorr_lag1": 0.0804000343096393,
        "spectral_entropy": 7984.63108192142
      },
      "n_series": 1
    },
    {
      "window_idx": 8,
      "history_start": 62480,
      "history_end": 65360,
      "history_length": 2880,
      "metrics": {
        "trend_strength": 0.8608975008003786,
        "trend_linearity": 0.0015892377548964818,
        "seasonal_strength": 0.944946269150316,
        "seasonal_correlation": 0.08280095153232558,
        "residual_autocorr_lag1": 0.05182609760374154,
        "spectral_entropy": 7736.300737773694
      },
      "n_series": 1
    },
    {
      "window_idx": 9,
      "history_start": 62000,
      "history_end": 64880,
      "history_length": 2880,
      "metrics": {
        "trend_strength": 0.8442214164017923,
        "trend_linearity": 0.001566874965597638,
        "seasonal_strength": 0.9479083124149642,
        "seasonal_correlation": -0.11538608509578645,
        "residual_autocorr_lag1": 0.07652177741533206,
        "spectral_entropy": 7495.031196575568
      },
      "n_series": 1
    },
    {
      "window_idx": 10,
      "history_start": 61520,
      "history_end": 64400,
      "history_length": 2880,
      "metrics": {
        "trend_strength": 0.9535616530599192,
        "trend_linearity": 0.0023948919941628568,
        "seasonal_strength": 0.9720355076973769,
        "seasonal_correlation": -0.2168945545027154,
        "residual_autocorr_lag1": -7.113187859504175e-06,
        "spectral_entropy": 7263.285302759228
      },
      "n_series": 1
    },
    {
      "window_idx": 11,
      "history_start": 61040,
      "history_end": 63920,
      "history_length": 2880,
      "metrics": {
        "trend_strength": 0.08481952547439287,
        "trend_linearity": 0.0006302630178990729,
        "seasonal_strength": 0.8919866012508844,
        "seasonal_correlation": -0.11481466438245712,
        "residual_autocorr_lag1": 0.22787182572162623,
        "spectral_entropy": 7055.12459415141
      },
      "n_series": 1
    },
    {
      "window_idx": 12,
      "history_start": 60560,
      "history_end": 63440,
      "history_length": 2880,
      "metrics": {
        "trend_strength": 0.0,
        "trend_linearity": 9.840396004283191e-05,
        "seasonal_strength": 0.9101392610395366,
        "seasonal_correlation": -0.09170564301000754,
        "residual_autocorr_lag1": 0.5163766024849428,
        "spectral_entropy": 7054.074231197905
      },
      "n_series": 1
    },
    {
      "window_idx": 13,
      "history_start": 60080,
      "history_end": 62960,
      "history_length": 2880,
      "metrics": {
        "trend_strength": 0.6546511479713208,