{
  "success": true,
  "dataset": "ETTm1",
  "method": "BM",
  "ratio": 0.2,
  "term": "medium",
  "impute_method": "forward",
  "inject_range": {
    "dataset_name": "ETTm1",
    "term": "medium",
    "frequency": "T",
    "prediction_length": 480,
    "windows": 20,
    "max_context": 2880,
    "start_index": 57200,
    "end_index": 69200,
    "injection_length": 12000,
    "total_length": 69680
  },
  "period": 1440,
  "n_windows": 20,
  "summary": {
    "mean": {
      "trend_strength": 0.5124055259755818,
      "trend_linearity": 0.0005483245544292749,
      "seasonal_strength": 0.9316297644410889,
      "seasonal_correlation": 0.31354377042743814,
      "residual_autocorr_lag1": 0.14228067031845115,
      "spectral_entropy": 7497.375350305944
    },
    "std": {
      "trend_strength": 0.3825811553750607,
      "trend_linearity": 0.0011216648514980694,
      "seasonal_strength": 0.07426798870074651,
      "seasonal_correlation": 0.26720475049926967,
      "residual_autocorr_lag1": 0.15650367043690178,
      "spectral_entropy": 306.2785925239623
    },
    "min": {
      "trend_strength": 0.0,
      "trend_linearity": -0.0015489006464050653,
      "seasonal_strength": 0.6911162919858729,
      "seasonal_correlation": -0.2309671408333014,
      "residual_autocorr_lag1": -3.8118234092311883e-05,
      "spectral_entropy": 6934.040811100673
    },
    "max": {
      "trend_strength": 0.9748713343409227,
      "trend_linearity": 0.0024166175903488365,
      "seasonal_strength": 0.9955794247536205,
      "seasonal_correlation": 0.7423621275507476,
      "residual_autocorr_lag1": 0.5903149716284046,
      "spectral_entropy": 8002.6160773058755
    }
  },
  "window_results": [
    {
      "window_idx": 0,
      "history_start": 66320,
      "history_end": 69200,
      "history_length": 2880,
      "metrics": {
        "trend_strength": 0.11978632624058105,
        "trend_linearity": -0.0001977392354147593,
        "seasonal_strength": 0.960059677471122,
        "seasonal_correlation": 0.48943223119876794,
        "residual_autocorr_lag1": 0.14595640693643586,
        "spectral_entropy": 6934.040811100673
      },
      "n_series": 1
    },
    {
      "window_idx": 1,
      "history_start": 65840,
      "history_end": 68720,
      "history_length": 2880,
      "metrics": {
        "trend_strength": 0.46193329764899693,
        "trend_linearity": 0.0005415287693735757,
        "seasonal_strength": 0.898392318873794,
        "seasonal_correlation": 0.334186915508636,
        "residual_autocorr_lag1": 0.1482237845580602,
        "spectral_entropy": 7145.037480102062
      },
      "n_series": 1
    },
    {
      "window_idx": 2,
      "history_start": 65360,
      "history_end": 68240,
      "history_length": 2880,
      "metrics": {
        "trend_strength": 0.06120761894007953,
        "trend_linearity": -0.00012235072759920058,
        "seasonal_strength": 0.908601002748999,
        "seasonal_correlation": 0.3514094806421357,
        "residual_autocorr_lag1": 0.1039542112669092,
        "spectral_entropy": 7570.096776289465
      },
      "n_series": 1
    },
    {
      "window_idx": 3,
      "history_start": 64880,
      "history_end": 67760,
      "history_length": 2880,
      "metrics": {
        "trend_strength": 0.3350850494470663,
        "trend_linearity": -0.0003833081874367764,
        "seasonal_strength": 0.9627340993782377,
        "seasonal_correlation": 0.36291411483021363,
        "residual_autocorr_lag1": 0.05864629984351571,
        "spectral_entropy": 7609.016739811589
      },
      "n_series": 1
    },
    {
      "window_idx": 4,
      "history_start": 64400,
      "history_end": 67280,
      "history_length": 2880,
      "metrics": {
        "trend_strength": 0.8039657939298833,
        "trend_linearity": -0.0015249994813618655,
        "seasonal_strength": 0.951603476494407,
        "seasonal_correlation": 0.5928911403750988,
        "residual_autocorr_lag1": 0.0929456366715754,
        "spectral_entropy": 7856.017690182817
      },
      "n_series": 1
    },
    {
      "window_idx": 5,
      "history_start": 63920,
      "history_end": 66800,
      "history_length": 2880,
      "metrics": {
        "trend_strength": 0.03289862106171182,
        "trend_linearity": -0.0002695019733296298,
        "seasonal_strength": 0.9325041193476263,
        "seasonal_correlation": 0.5122549032689443,
        "residual_autocorr_lag1": 0.07303251441404258,
        "spectral_entropy": 8002.6160773058755
      },
      "n_series": 1
    },
    {
      "window_idx": 6,
      "history_start": 63440,
      "history_end": 66320,
      "history_length": 2880,
      "metrics": {
        "trend_strength": 0.1831732961053456,
        "trend_linearity": 0.0001625413740017891,
        "seasonal_strength": 0.9886960422114877,
        "seasonal_correlation": 0.41603115120445766,
        "residual_autocorr_lag1": 0.0008484133672243285,
        "spectral_entropy": 7982.980271379524
      },
      "n_series": 1
    },
    {
      "window_idx": 7,
      "history_start": 62960,
      "history_end": 65840,
      "history_length": 2880,
      "metrics": {
        "trend_strength": 0.7833546036458029,
        "trend_linearity": 0.0008756710230000041,
        "seasonal_strength": 0.9757532700137121,
        "seasonal_correlation": 0.651432765477665,
        "residual_autocorr_lag1": 0.15510894710746526,
        "spectral_entropy": 7953.003504770961
      },
      "n_series": 1
    },
    {
      "window_idx": 8,
      "history_start": 62480,
      "history_end": 65360,
      "history_length": 2880,
      "metrics": {
        "trend_strength": 0.9010023893877748,
        "trend_linearity": 0.001722393934103007,
        "seasonal_strength": 0.9571372195297232,
        "seasonal_correlation": 0.053420324987336835,
        "residual_autocorr_lag1": 0.0578925093703009,
        "spectral_entropy": 7691.685834433154
      },
      "n_series": 1
    },
    {
      "window_idx": 9,
      "history_start": 62000,
      "history_end": 64880,
      "history_length": 2880,
      "metrics": {
        "trend_strength": 0.8634032840358512,
        "trend_linearity": 0.0016063341143185556,
        "seasonal_strength": 0.9537193315823731,
        "seasonal_correlation": -0.146789887894399,
        "residual_autocorr_lag1": 0.03934227267496052,
        "spectral_entropy": 7486.9651367177
      },
      "n_series": 1
    },
    {
      "window_idx": 10,
      "history_start": 61520,
      "history_end": 64400,
      "history_length": 2880,
      "metrics": {
        "trend_strength": 0.9612669141074408,
        "trend_linearity": 0.0024166175903488365,
        "seasonal_strength": 0.9769685868744343,
        "seasonal_correlation": -0.2309671408333014,
        "residual_autocorr_lag1": 0.05684770422312476,
        "spectral_entropy": 7263.078820492201
      },
      "n_series": 1
    },
    {
      "window_idx": 11,
      "history_start": 61040,
      "history_end": 63920,
      "history_length": 2880,
      "metrics": {
        "trend_strength": 0.0843467625576767,
        "trend_linearity": 0.0006130193076682278,
        "seasonal_strength": 0.9081548529430045,
        "seasonal_correlation": -0.11651572437701485,
        "residual_autocorr_lag1": 0.28043556669279046,
        "spectral_entropy": 7059.954093229666
      },
      "n_series": 1
    },
    {
      "window_idx": 12,
      "history_start": 60560,
      "history_end": 63440,
      "history_length": 2880,
      "metrics": {
        "trend_strength": 0.0,
        "trend_linearity": 0.00011750714565228514,
        "seasonal_strength": 0.904477557868421,
        "seasonal_correlation": -0.08126391597943994,
        "residual_autocorr_lag1": 0.4643014197849897,
        "spectral_entropy": 7070.45122575481
      },
      "n_series": 1
    },
    {
      "window_idx": 13,
      "history_start": 60080,
      "history_end": 62960,
      "history_length": 2880,
      "metrics": {
        "trend_strength": 0.24795731116907793,