{
  "success": true,
  "dataset": "ETTm1",
  "method": "BM",
  "ratio": 0.2,
  "term": "medium",
  "impute_method": "mean",
  "inject_range": {
    "dataset_name": "ETTm1",
    "term": "medium",
    "frequency": "T",
    "prediction_length": 480,
    "windows": 20,
    "max_context": 2880,
    "start_index": 57200,
    "end_index": 69200,
    "injection_length": 12000,
    "total_length": 69680
  },
  "period": 1440,
  "n_windows": 20,
  "summary": {
    "mean": {
      "trend_strength": 0.6056331389319003,
      "trend_linearity": 0.0009052713098520442,
      "seasonal_strength": 0.9332345370916372,
      "seasonal_correlation": 0.23099183982375965,
      "residual_autocorr_lag1": 0.1313427208694565,
      "spectral_entropy": 7978.773907184384
    },
    "std": {
      "trend_strength": 0.3643749835372051,
      "trend_linearity": 0.001048245067553464,
      "seasonal_strength": 0.0640492273984718,
      "seasonal_correlation": 0.2851005982101043,
      "residual_autocorr_lag1": 0.13083916376089888,
      "spectral_entropy": 372.0177056680206
    },
    "min": {
      "trend_strength": 0.0,
      "trend_linearity": -0.0011520760918551467,
      "seasonal_strength": 0.7499991903891376,
      "seasonal_correlation": -0.3177064681577161,
      "residual_autocorr_lag1": -0.0002519089413819789,
      "spectral_entropy": 7382.759379013213
    },
    "max": {
      "trend_strength": 0.9748713343409227,
      "trend_linearity": 0.002373516080860271,
      "seasonal_strength": 0.9955794247536205,
      "seasonal_correlation": 0.6346091932023292,
      "residual_autocorr_lag1": 0.5421869142477029,
      "spectral_entropy": 8574.18018840361
    }
  },
  "window_results": [
    {
      "window_idx": 0,
      "history_start": 66320,
      "history_end": 69200,
      "history_length": 2880,
      "metrics": {
        "trend_strength": 0.8205053111932665,
        "trend_linearity": 0.0010623000873996114,
        "seasonal_strength": 0.9042084919743132,
        "seasonal_correlation": -0.3177064681577161,
        "residual_autocorr_lag1": 0.046760818209123076,
        "spectral_entropy": 8257.020182917493
      },
      "n_series": 1
    },
    {
      "window_idx": 1,
      "history_start": 65840,
      "history_end": 68720,
      "history_length": 2880,
      "metrics": {
        "trend_strength": 0.9649488290898179,
        "trend_linearity": 0.002373516080860271,
        "seasonal_strength": 0.954137744010164,
        "seasonal_correlation": -0.283472563955141,
        "residual_autocorr_lag1": 0.13114998519872392,
        "spectral_entropy": 8224.549620172866
      },
      "n_series": 1
    },
    {
      "window_idx": 2,
      "history_start": 65360,
      "history_end": 68240,
      "history_length": 2880,
      "metrics": {
        "trend_strength": 0.7983309629224308,
        "trend_linearity": 0.0019693115997438727,
        "seasonal_strength": 0.922717705852255,
        "seasonal_correlation": 0.2855330531925737,
        "residual_autocorr_lag1": 0.06279750131248345,
        "spectral_entropy": 8574.18018840361
      },
      "n_series": 1
    },
    {
      "window_idx": 3,
      "history_start": 64880,
      "history_end": 67760,
      "history_length": 2880,
      "metrics": {
        "trend_strength": 0.6902322907339278,
        "trend_linearity": 0.0010624755846071188,
        "seasonal_strength": 0.9606817330195214,
        "seasonal_correlation": 0.16805943004362026,
        "residual_autocorr_lag1": 0.11267043952665183,
        "spectral_entropy": 8514.743734133974
      },
      "n_series": 1
    },
    {
      "window_idx": 4,
      "history_start": 64400,
      "history_end": 67280,
      "history_length": 2880,
      "metrics": {
        "trend_strength": 0.5147929896924197,
        "trend_linearity": -0.0009263845025787882,
        "seasonal_strength": 0.9278640120305511,
        "seasonal_correlation": 0.5806156950842518,
        "residual_autocorr_lag1": 0.25452224338854956,
        "spectral_entropy": 8449.716879386986
      },
      "n_series": 1
    },
    {
      "window_idx": 5,
      "history_start": 63920,
      "history_end": 66800,
      "history_length": 2880,
      "metrics": {
        "trend_strength": 0.05044833886725275,
        "trend_linearity": -0.0002838581268143597,
        "seasonal_strength": 0.9289017375069444,
        "seasonal_correlation": 0.38496402105999916,
        "residual_autocorr_lag1": 0.15577063527572232,
        "spectral_entropy": 8238.842383971285
      },
      "n_series": 1
    },
    {
      "window_idx": 6,
      "history_start": 63440,
      "history_end": 66320,
      "history_length": 2880,
      "metrics": {
        "trend_strength": 0.0,
        "trend_linearity": -8.389917104689567e-05,
        "seasonal_strength": 0.958177286049709,
        "seasonal_correlation": 0.3369671234363785,
        "residual_autocorr_lag1": 0.09666834953252824,
        "spectral_entropy": 8155.560417787732
      },
      "n_series": 1
    },
    {
      "window_idx": 7,
      "history_start": 62960,
      "history_end": 65840,
      "history_length": 2880,
      "metrics": {
        "trend_strength": 0.8123806700650047,
        "trend_linearity": 0.0009427572573748545,
        "seasonal_strength": 0.9759585102074163,
        "seasonal_correlation": 0.6346091932023292,
        "residual_autocorr_lag1": 0.15281082221678846,
        "spectral_entropy": 8126.676007896108
      },
      "n_series": 1
    },
    {
      "window_idx": 8,
      "history_start": 62480,
      "history_end": 65360,
      "history_length": 2880,
      "metrics": {
        "trend_strength": 0.8298917574353727,
        "trend_linearity": 0.0015871229390530851,
        "seasonal_strength": 0.9340477214755196,
        "seasonal_correlation": 0.25662804792485727,
        "residual_autocorr_lag1": 0.06937865510970118,
        "spectral_entropy": 8349.002173535033
      },
      "n_series": 1
    },
    {
      "window_idx": 9,
      "history_start": 62000,
      "history_end": 64880,
      "history_length": 2880,
      "metrics": {
        "trend_strength": 0.7864718819003982,
        "trend_linearity": 0.0014533706362480287,
        "seasonal_strength": 0.9343853669334806,
        "seasonal_correlation": 0.04908732388722759,
        "residual_autocorr_lag1": 0.02247432319555373,
        "spectral_entropy": 8192.737126643318
      },
      "n_series": 1
    },
    {
      "window_idx": 10,
      "history_start": 61520,
      "history_end": 64400,
      "history_length": 2880,
      "metrics": {
        "trend_strength": 0.969003693980832,
        "trend_linearity": 0.002201112995583347,
        "seasonal_strength": 0.9854681683754767,
        "seasonal_correlation": -0.14658329149582425,
        "residual_autocorr_lag1": -0.0002519089413819789,
        "spectral_entropy": 7937.737036195394
      },
      "n_series": 1
    },
    {
      "window_idx": 11,
      "history_start": 61040,
      "history_end": 63920,
      "history_length": 2880,
      "metrics": {
        "trend_strength": 0.24034169954890283,
        "trend_linearity": 0.0007883693248854822,
        "seasonal_strength": 0.898465094429927,
        "seasonal_correlation": -0.09914332944796138,
        "residual_autocorr_lag1": 0.22464282345231984,
        "spectral_entropy": 7820.615420647144
      },
      "n_series": 1
    },
    {
      "window_idx": 12,
      "history_start": 60560,
      "history_end": 63440,
      "history_length": 2880,
      "metrics": {
        "trend_strength": 0.0,
        "trend_linearity": 0.00015362950191388813,
        "seasonal_strength": 0.9670005380797623,
        "seasonal_correlation": -0.15951552179442158,
        "residual_autocorr_lag1": 0.17751006783544013,
        "spectral_entropy": 7786.443723695569
      },
      "n_series": 1
    },
    {
      "window_idx": 13,
      "history_start": 60080,
      "history_end": 62960,
      "history_length": 2880,
      "metrics": {
        "trend_strength": 0.2265851019740348,