{
  "success": true,
  "dataset": "exchange_rate",
  "method": "BM",
  "ratio": 0.2,
  "term": "short",
  "impute_method": "mean",
  "inject_range": {
    "dataset_name": "exchange_rate",
    "term": "short",
    "frequency": "D",
    "prediction_length": 30,
    "windows": 20,
    "max_context": 2880,
    "start_index": 4108,
    "end_index": 7558,
    "injection_length": 3450,
    "total_length": 7588
  },
  "period": 7,
  "n_windows": 20,
  "summary": {
    "mean": {
      "trend_strength": 0.9527688398086142,
      "trend_linearity": 2.3301534825474604e-05,
      "seasonal_strength": 0.001981483714907606,
      "seasonal_correlation": 0.011327986441138329,
      "residual_autocorr_lag1": 0.757335903601659,
      "spectral_entropy": -2386.335627671002
    },
    "std": {
      "trend_strength": 0.0019186426562873451,
      "trend_linearity": 1.4298053506620066e-05,
      "seasonal_strength": 0.004048578062327964,
      "seasonal_correlation": 0.0016958237327247309,
      "residual_autocorr_lag1": 0.01078718376363202,
      "spectral_entropy": 52.31547254486721
    },
    "min": {
      "trend_strength": 0.9488539124437642,
      "trend_linearity": 2.7290906967808924e-06,
      "seasonal_strength": 0.0,
      "seasonal_correlation": 0.008267584687962765,
      "residual_autocorr_lag1": 0.7332149385436186,
      "spectral_entropy": -2482.177011600902
    },
    "max": {
      "trend_strength": 0.9568501975164463,
      "trend_linearity": 5.124665524141734e-05,
      "seasonal_strength": 0.015359415955378153,
      "seasonal_correlation": 0.014692433942164632,
      "residual_autocorr_lag1": 0.7702885172745674,
      "spectral_entropy": -2271.1359627917786
    }
  },
  "window_results": [
    {
      "window_idx": 0,
      "history_start": 4678,
      "history_end": 7558,
      "history_length": 2880,
      "metrics": {
        "trend_strength": 0.955843893932065,
        "trend_linearity": 2.7290906967808924e-06,
        "seasonal_strength": 0.0,
        "seasonal_correlation": 0.010514508170125333,
        "residual_autocorr_lag1": 0.7702885172745674,
        "spectral_entropy": -2482.177011600902
      },
      "n_series": 1
    },
    {
      "window_idx": 1,
      "history_start": 4648,
      "history_end": 7528,
      "history_length": 2880,
      "metrics": {
        "trend_strength": 0.9535691907533225,
        "trend_linearity": 5.786948504194215e-06,
        "seasonal_strength": 0.002294210546965436,
        "seasonal_correlation": 0.011141847462594986,
        "residual_autocorr_lag1": 0.7544303415953442,
        "spectral_entropy": -2406.2629804605963
      },
      "n_series": 1
    },
    {
      "window_idx": 2,
      "history_start": 4618,
      "history_end": 7498,
      "history_length": 2880,
      "metrics": {
        "trend_strength": 0.9488539124437642,
        "trend_linearity": 9.269992471714558e-06,
        "seasonal_strength": 0.0,
        "seasonal_correlation": 0.008338493916397101,
        "residual_autocorr_lag1": 0.7383756409171787,
        "spectral_entropy": -2277.7011872452786
      },
      "n_series": 1
    },
    {
      "window_idx": 3,
      "history_start": 4588,
      "history_end": 7468,
      "history_length": 2880,
      "metrics": {
        "trend_strength": 0.9512424502617198,
        "trend_linearity": 9.714992802789973e-06,
        "seasonal_strength": 0.009433276458492568,
        "seasonal_correlation": 0.010636995466365583,
        "residual_autocorr_lag1": 0.7439132495911353,
        "spectral_entropy": -2310.8033232975636
      },
      "n_series": 1
    },
    {
      "window_idx": 4,
      "history_start": 4558,
      "history_end": 7438,
      "history_length": 2880,
      "metrics": {
        "trend_strength": 0.9542610610230872,
        "trend_linearity": 1.070992709267068e-05,
        "seasonal_strength": 0.0,
        "seasonal_correlation": 0.012084922322198982,
        "residual_autocorr_lag1": 0.7524763587398443,
        "spectral_entropy": -2381.284948177459
      },
      "n_series": 1
    },
    {
      "window_idx": 5,
      "history_start": 4528,
      "history_end": 7408,
      "history_length": 2880,
      "metrics": {
        "trend_strength": 0.953006506532297,
        "trend_linearity": 1.2012333336985775e-05,
        "seasonal_strength": 0.0,
        "seasonal_correlation": 0.010393481821623621,
        "residual_autocorr_lag1": 0.7630296874998086,
        "spectral_entropy": -2332.085023013859
      },
      "n_series": 1
    },
    {
      "window_idx": 6,
      "history_start": 4498,
      "history_end": 7378,
      "history_length": 2880,
      "metrics": {
        "trend_strength": 0.9568501975164463,
        "trend_linearity": 1.385802748961698e-05,
        "seasonal_strength": 0.015359415955378153,
        "seasonal_correlation": 0.013533147548684406,
        "residual_autocorr_lag1": 0.7646020964791796,
        "spectral_entropy": -2360.3116825000498
      },
      "n_series": 1
    },
    {
      "window_idx": 7,
      "history_start": 4468,
      "history_end": 7348,
      "history_length": 2880,
      "metrics": {
        "trend_strength": 0.9526862050361202,
        "trend_linearity": 1.5423748339353363e-05,
        "seasonal_strength": 0.0,
        "seasonal_correlation": 0.011250015424947043,
        "residual_autocorr_lag1": 0.7597421888326866,
        "spectral_entropy": -2271.1359627917786
      },
      "n_series": 1
    },
    {
      "window_idx": 8,
      "history_start": 4438,
      "history_end": 7318,
      "history_length": 2880,
      "metrics": {
        "trend_strength": 0.952992490751019,
        "trend_linearity": 1.618725158197852e-05,
        "seasonal_strength": 0.0,
        "seasonal_correlation": 0.014692433942164632,
        "residual_autocorr_lag1": 0.7617446981931801,
        "spectral_entropy": -2409.452377999501
      },
      "n_series": 1
    },
    {
      "window_idx": 9,
      "history_start": 4408,
      "history_end": 7288,
      "history_length": 2880,
      "metrics": {
        "trend_strength": 0.9524893826882503,
        "trend_linearity": 1.793136838767671e-05,
        "seasonal_strength": 0.0,
        "seasonal_correlation": 0.012100831957735548,
        "residual_autocorr_lag1": 0.7617183841982063,
        "spectral_entropy": -2406.437153149591
      },
      "n_series": 1
    },
    {
      "window_idx": 10,
      "history_start": 4378,
      "history_end": 7258,
      "history_length": 2880,
      "metrics": {
        "trend_strength": 0.9525774415049492,
        "trend_linearity": 2.050586290728036e-05,
        "seasonal_strength": 0.0,
        "seasonal_correlation": 0.008829301292461744,
        "residual_autocorr_lag1": 0.7598352375735112,
        "spectral_entropy": -2408.522073857339
      },
      "n_series": 1
    },
    {
      "window_idx": 11,
      "history_start": 4348,
      "history_end": 7228,
      "history_length": 2880,
      "metrics": {
        "trend_strength": 0.9517614135878084,
        "trend_linearity": 2.3338613559379653e-05,
        "seasonal_strength": 0.006817618026801919,
        "seasonal_correlation": 0.01032930262748024,
        "residual_autocorr_lag1": 0.7374598147353129,
        "spectral_entropy": -2413.2899479001267
      },
      "n_series": 1
    },
    {
      "window_idx": 12,
      "history_start": 4318,
      "history_end": 7198,
      "history_length": 2880,
      "metrics": {
        "trend_strength": 0.9498330147800949,
        "trend_linearity": 2.6256593099594367e-05,
        "seasonal_strength": 0.0002823761064775221,
        "seasonal_correlation": 0.008267584687962765,
        "residual_autocorr_lag1": 0.7639652404028565,
        "spectral_entropy": -2416.0739459105857
      },
      "n_series": 1
    },
    {
      "window_idx": 13,
      "history_start": 4288,
      "history_end": 7168,
      "history_length": 2880,
      "metrics": {
        "trend_strength": 0.9538319184277738,
        "trend_linearity": 2.926981844599379e-05,
        "seasonal_strength": 0.0,