{
  "success": true,
  "dataset": "national_illness",
  "method": "BM",
  "ratio": 0.1,
  "term": "short",
  "impute_method": "mean",
  "inject_range": {
    "dataset_name": "national_illness",
    "term": "short",
    "frequency": "W",
    "prediction_length": 8,
    "windows": 20,
    "max_context": 2880,
    "start_index": 0,
    "end_index": 958,
    "injection_length": 958,
    "total_length": 966
  },
  "period": 52,
  "n_windows": 20,
  "summary": {
    "mean": {
      "trend_strength": 0.9649175402167887,
      "trend_linearity": 997.9971999348327,
      "seasonal_strength": 0.8174106407861876,
      "seasonal_correlation": 0.9175656725787789,
      "residual_autocorr_lag1": 0.760209372804286,
      "spectral_entropy": 12419.27540881368
    },
    "std": {
      "trend_strength": 0.011185490691246738,
      "trend_linearity": 73.49497205514886,
      "seasonal_strength": 0.07244423845731705,
      "seasonal_correlation": 0.004315527654148107,
      "residual_autocorr_lag1": 0.0480355525417495,
      "spectral_entropy": 761.838801557335
    },
    "min": {
      "trend_strength": 0.9423845849842085,
      "trend_linearity": 902.4618041880784,
      "seasonal_strength": 0.6984335067789224,
      "seasonal_correlation": 0.906927519369932,
      "residual_autocorr_lag1": 0.670624041319599,
      "spectral_entropy": 11211.379139392608
    },
    "max": {
      "trend_strength": 0.9787745765732719,
      "trend_linearity": 1113.0522654059139,
      "seasonal_strength": 0.8691955104034264,
      "seasonal_correlation": 0.9210905150108754,
      "residual_autocorr_lag1": 0.8447282981566292,
      "spectral_entropy": 13648.869109707291
    }
  },
  "window_results": [
    {
      "window_idx": 0,
      "history_start": 0,
      "history_end": 958,
      "history_length": 958,
      "metrics": {
        "trend_strength": 0.9568394472346777,
        "trend_linearity": 1113.0522654059139,
        "seasonal_strength": 0.714553300604621,
        "seasonal_correlation": 0.906927519369932,
        "residual_autocorr_lag1": 0.831068168780713,
        "spectral_entropy": 13648.869109707291
      },
      "n_series": 1
    },
    {
      "window_idx": 1,
      "history_start": 0,
      "history_end": 950,
      "history_length": 950,
      "metrics": {
        "trend_strength": 0.9537817975192272,
        "trend_linearity": 1112.3571350035288,
        "seasonal_strength": 0.7081506937107811,
        "seasonal_correlation": 0.9095889342391882,
        "residual_autocorr_lag1": 0.8447282981566292,
        "spectral_entropy": 13584.382260885031
      },
      "n_series": 1
    },
    {
      "window_idx": 2,
      "history_start": 0,
      "history_end": 942,
      "history_length": 942,
      "metrics": {
        "trend_strength": 0.9491494084615775,
        "trend_linearity": 1104.8329749076536,
        "seasonal_strength": 0.6984335067789224,
        "seasonal_correlation": 0.908397260874137,
        "residual_autocorr_lag1": 0.8289646528982035,
        "spectral_entropy": 13486.608025617106
      },
      "n_series": 1
    },
    {
      "window_idx": 3,
      "history_start": 0,
      "history_end": 934,
      "history_length": 934,
      "metrics": {
        "trend_strength": 0.9463640197216089,
        "trend_linearity": 1087.4297966706831,
        "seasonal_strength": 0.6988330921497852,
        "seasonal_correlation": 0.9162352938071223,
        "residual_autocorr_lag1": 0.8273563450183783,
        "spectral_entropy": 13228.937945633148
      },
      "n_series": 1
    },
    {
      "window_idx": 4,
      "history_start": 0,
      "history_end": 926,
      "history_length": 926,
      "metrics": {
        "trend_strength": 0.9423845849842085,
        "trend_linearity": 1068.8368837177386,
        "seasonal_strength": 0.7004785298659546,
        "seasonal_correlation": 0.9161621022689808,
        "residual_autocorr_lag1": 0.8242160734430357,
        "spectral_entropy": 13084.26198655191
      },
      "n_series": 1
    },
    {
      "window_idx": 5,
      "history_start": 0,
      "history_end": 918,
      "history_length": 918,
      "metrics": {
        "trend_strength": 0.947652564095425,
        "trend_linearity": 1055.5780668069044,
        "seasonal_strength": 0.7221593719830339,
        "seasonal_correlation": 0.9168816146451993,
        "residual_autocorr_lag1": 0.7706078829724773,
        "spectral_entropy": 12779.902613397051
      },
      "n_series": 1
    },
    {
      "window_idx": 6,
      "history_start": 0,
      "history_end": 910,
      "history_length": 910,
      "metrics": {
        "trend_strength": 0.9787745765732719,
        "trend_linearity": 1048.0759108840405,
        "seasonal_strength": 0.8648354877948297,
        "seasonal_correlation": 0.9203811190652623,
        "residual_autocorr_lag1": 0.6708904377995916,
        "spectral_entropy": 12955.575433296428
      },
      "n_series": 1
    },
    {
      "window_idx": 7,
      "history_start": 0,
      "history_end": 902,
      "history_length": 902,
      "metrics": {
        "trend_strength": 0.9769678272115797,
        "trend_linearity": 1030.3790846524741,
        "seasonal_strength": 0.8603659086108941,
        "seasonal_correlation": 0.9200309135290434,
        "residual_autocorr_lag1": 0.670624041319599,
        "spectral_entropy": 12857.2407248573
      },
      "n_series": 1
    },
    {
      "window_idx": 8,
      "history_start": 0,
      "history_end": 894,
      "history_length": 894,
      "metrics": {
        "trend_strength": 0.9771432354139852,
        "trend_linearity": 1014.941043982223,
        "seasonal_strength": 0.8687979184999389,
        "seasonal_correlation": 0.9188991525797733,
        "residual_autocorr_lag1": 0.7342589752812202,
        "spectral_entropy": 12683.579327230313
      },
      "n_series": 1
    },
    {
      "window_idx": 9,
      "history_start": 0,
      "history_end": 886,
      "history_length": 886,
      "metrics": {
        "trend_strength": 0.9761085840382661,
        "trend_linearity": 1000.1590127357549,
        "seasonal_strength": 0.8691955104034264,
        "seasonal_correlation": 0.9142639218772644,
        "residual_autocorr_lag1": 0.7227784531416409,
        "spectral_entropy": 12438.711483214578
      },
      "n_series": 1
    },
    {
      "window_idx": 10,
      "history_start": 0,
      "history_end": 878,
      "history_length": 878,
      "metrics": {
        "trend_strength": 0.9750340237839268,
        "trend_linearity": 984.0506759176468,
        "seasonal_strength": 0.8689094967138055,
        "seasonal_correlation": 0.9210905150108754,
        "residual_autocorr_lag1": 0.7369529179012861,
        "spectral_entropy": 12271.18056542127
      },
      "n_series": 1
    },
    {
      "window_idx": 11,
      "history_start": 0,
      "history_end": 870,
      "history_length": 870,
      "metrics": {
        "trend_strength": 0.9735345269791105,
        "trend_linearity": 968.272278024684,
        "seasonal_strength": 0.8666424831898809,
        "seasonal_correlation": 0.920965446996226,
        "residual_autocorr_lag1": 0.7382087835252119,
        "spectral_entropy": 12176.582974063593
      },
      "n_series": 1
    },
    {
      "window_idx": 12,
      "history_start": 0,
      "history_end": 862,
      "history_length": 862,
      "metrics": {
        "trend_strength": 0.972026421097936,
        "trend_linearity": 952.3760087205239,
        "seasonal_strength": 0.8675439896584742,
        "seasonal_correlation": 0.9208891045062674,
        "residual_autocorr_lag1": 0.7498141494944742,
        "spectral_entropy": 12157.163825386497
      },
      "n_series": 1
    },
    {
      "window_idx": 13,
      "history_start": 0,
      "history_end": 854,
      "history_length": 854,
      "metrics": {
        "trend_strength": 0.9708094704694925,
        "trend_linearity": 937.2953404512108,
        "seasonal_strength": 0.8679536997145031,
        "seasonal_correlation": 0.9198739320538611,