{
  "success": true,
  "dataset": "traffic",
  "method": "BM",
  "ratio": 0.1,
  "term": "short",
  "impute_method": "forward",
  "inject_range": {
    "dataset_name": "traffic",
    "term": "short",
    "frequency": "H",
    "prediction_length": 48,
    "windows": 20,
    "max_context": 2880,
    "start_index": 13704,
    "end_index": 17496,
    "injection_length": 3792,
    "total_length": 17544
  },
  "period": 24,
  "n_windows": 20,
  "summary": {
    "mean": {
      "trend_strength": 0.33292040845848037,
      "trend_linearity": 3.219937455146537e-07,
      "seasonal_strength": 0.8235578141381806,
      "seasonal_correlation": 0.9436056303148994,
      "residual_autocorr_lag1": 0.7895230381409821,
      "spectral_entropy": -4538.459481281242
    },
    "std": {
      "trend_strength": 0.043298421234399635,
      "trend_linearity": 5.726682875339692e-07,
      "seasonal_strength": 0.042819801597361325,
      "seasonal_correlation": 0.017000110402536576,
      "residual_autocorr_lag1": 0.01574072118966506,
      "spectral_entropy": 123.0248386646928
    },
    "min": {
      "trend_strength": 0.2675911525832292,
      "trend_linearity": -5.601422653996571e-07,
      "seasonal_strength": 0.763916076811229,
      "seasonal_correlation": 0.9072646571788081,
      "residual_autocorr_lag1": 0.7636366037079139,
      "spectral_entropy": -4731.654591229615
    },
    "max": {
      "trend_strength": 0.46534919583962153,
      "trend_linearity": 1.3094302736877888e-06,
      "seasonal_strength": 0.8885154948521152,
      "seasonal_correlation": 0.9677555961668087,
      "residual_autocorr_lag1": 0.8243137826408339,
      "spectral_entropy": -4341.289489796658
    }
  },
  "window_results": [
    {
      "window_idx": 0,
      "history_start": 14616,
      "history_end": 17496,
      "history_length": 2880,
      "metrics": {
        "trend_strength": 0.33541846966665456,
        "trend_linearity": 8.525640156322766e-07,
        "seasonal_strength": 0.763916076811229,
        "seasonal_correlation": 0.9072646571788081,
        "residual_autocorr_lag1": 0.7819895529813388,
        "spectral_entropy": -4345.817763222741
      },
      "n_series": 1
    },
    {
      "window_idx": 1,
      "history_start": 14568,
      "history_end": 17448,
      "history_length": 2880,
      "metrics": {
        "trend_strength": 0.3424712277427411,
        "trend_linearity": 1.3094302736877888e-06,
        "seasonal_strength": 0.772008141407266,
        "seasonal_correlation": 0.9104630653344505,
        "residual_autocorr_lag1": 0.782535312074582,
        "spectral_entropy": -4345.154299123532
      },
      "n_series": 1
    },
    {
      "window_idx": 2,
      "history_start": 14520,
      "history_end": 17400,
      "history_length": 2880,
      "metrics": {
        "trend_strength": 0.3439032742676139,
        "trend_linearity": 1.0545070778053907e-06,
        "seasonal_strength": 0.7756752754190813,
        "seasonal_correlation": 0.9310283390822616,
        "residual_autocorr_lag1": 0.7781670566966463,
        "spectral_entropy": -4341.289489796658
      },
      "n_series": 1
    },
    {
      "window_idx": 3,
      "history_start": 14472,
      "history_end": 17352,
      "history_length": 2880,
      "metrics": {
        "trend_strength": 0.3382489142777245,
        "trend_linearity": 1.0548055434080445e-06,
        "seasonal_strength": 0.777588063810286,
        "seasonal_correlation": 0.9372362415810702,
        "residual_autocorr_lag1": 0.7770783144956344,
        "spectral_entropy": -4350.588248313567
      },
      "n_series": 1
    },
    {
      "window_idx": 4,
      "history_start": 14424,
      "history_end": 17304,
      "history_length": 2880,
      "metrics": {
        "trend_strength": 0.35571378362574757,
        "trend_linearity": 1.2051362964974407e-06,
        "seasonal_strength": 0.7834867144873917,
        "seasonal_correlation": 0.9221520173565181,
        "residual_autocorr_lag1": 0.764239782663431,
        "spectral_entropy": -4494.835901439307
      },
      "n_series": 1
    },
    {
      "window_idx": 5,
      "history_start": 14376,
      "history_end": 17256,
      "history_length": 2880,
      "metrics": {
        "trend_strength": 0.3245123424448918,
        "trend_linearity": 4.534021759896968e-07,
        "seasonal_strength": 0.7855833809919398,
        "seasonal_correlation": 0.9372129668953026,
        "residual_autocorr_lag1": 0.7636366037079139,
        "spectral_entropy": -4478.941742203982
      },
      "n_series": 1
    },
    {
      "window_idx": 6,
      "history_start": 14328,
      "history_end": 17208,
      "history_length": 2880,
      "metrics": {
        "trend_strength": 0.3391800997941703,
        "trend_linearity": 7.77121783690967e-07,
        "seasonal_strength": 0.7920722840042129,
        "seasonal_correlation": 0.9448622703272874,
        "residual_autocorr_lag1": 0.7861305969405653,
        "spectral_entropy": -4496.792986852679
      },
      "n_series": 1
    },
    {
      "window_idx": 7,
      "history_start": 14280,
      "history_end": 17160,
      "history_length": 2880,
      "metrics": {
        "trend_strength": 0.3386427088035472,
        "trend_linearity": 1.3573173437514346e-07,
        "seasonal_strength": 0.8033379829440432,
        "seasonal_correlation": 0.9418150166534573,
        "residual_autocorr_lag1": 0.7878733630229362,
        "spectral_entropy": -4490.567951472565
      },
      "n_series": 1
    },
    {
      "window_idx": 8,
      "history_start": 14232,
      "history_end": 17112,
      "history_length": 2880,
      "metrics": {
        "trend_strength": 0.3432346720172469,
        "trend_linearity": 1.9466779680933913e-08,
        "seasonal_strength": 0.8147897453038921,
        "seasonal_correlation": 0.9502714290152631,
        "residual_autocorr_lag1": 0.7838541676528624,
        "spectral_entropy": -4556.7144946103235
      },
      "n_series": 1
    },
    {
      "window_idx": 9,
      "history_start": 14184,
      "history_end": 17064,
      "history_length": 2880,
      "metrics": {
        "trend_strength": 0.3497929918196615,
        "trend_linearity": 2.7651024691962614e-08,
        "seasonal_strength": 0.8158380115478099,
        "seasonal_correlation": 0.9477131790660002,
        "residual_autocorr_lag1": 0.7833146157412838,
        "spectral_entropy": -4548.921080112531
      },
      "n_series": 1
    },
    {
      "window_idx": 10,
      "history_start": 14136,
      "history_end": 17016,
      "history_length": 2880,
      "metrics": {
        "trend_strength": 0.3428324308390108,
        "trend_linearity": -4.054988905219558e-08,
        "seasonal_strength": 0.8142101585370376,
        "seasonal_correlation": 0.9529640137242396,
        "residual_autocorr_lag1": 0.7892594104251478,
        "spectral_entropy": -4543.498741613534
      },
      "n_series": 1
    },
    {
      "window_idx": 11,
      "history_start": 14088,
      "history_end": 16968,
      "history_length": 2880,
      "metrics": {
        "trend_strength": 0.3437144158311086,
        "trend_linearity": -8.707615647445178e-08,
        "seasonal_strength": 0.8099084457719717,
        "seasonal_correlation": 0.9277864813912551,
        "residual_autocorr_lag1": 0.770595525380031,
        "spectral_entropy": -4568.8221593666085
      },
      "n_series": 1
    },
    {
      "window_idx": 12,
      "history_start": 14040,
      "history_end": 16920,
      "history_length": 2880,
      "metrics": {
        "trend_strength": 0.3515706404116583,
        "trend_linearity": 1.934775578993431e-08,
        "seasonal_strength": 0.8310429212679732,
        "seasonal_correlation": 0.943494559190485,
        "residual_autocorr_lag1": 0.818031577923459,
        "spectral_entropy": -4581.473476553767
      },
      "n_series": 1
    },
    {
      "window_idx": 13,
      "history_start": 13992,
      "history_end": 16872,
      "history_length": 2880,