{
  "success": true,
  "dataset": "weather",
  "method": "BM",
  "ratio": 0.1,
  "term": "long",
  "impute_method": "linear",
  "inject_range": {
    "dataset_name": "weather",
    "term": "long",
    "frequency": "10T",
    "prediction_length": 720,
    "windows": 20,
    "max_context": 2880,
    "start_index": 35416,
    "end_index": 51976,
    "injection_length": 16560,
    "total_length": 52696
  },
  "period": 144,
  "n_windows": 20,
  "summary": {
    "mean": {
      "trend_strength": 0.5297413888639284,
      "trend_linearity": 0.0006191878093445636,
      "seasonal_strength": 0.457864741818918,
      "seasonal_correlation": 0.7965029409052626,
      "residual_autocorr_lag1": 0.9173206155301716,
      "spectral_entropy": 13178.244595180364
    },
    "std": {
      "trend_strength": 0.19951307909424537,
      "trend_linearity": 0.006622519362822056,
      "seasonal_strength": 0.2097843931204925,
      "seasonal_correlation": 0.11198395237796711,
      "residual_autocorr_lag1": 0.026882138678253134,
      "spectral_entropy": 779.9357105577932
    },
    "min": {
      "trend_strength": 0.17339396750134084,
      "trend_linearity": -0.010916234667443025,
      "seasonal_strength": 0.09064200750506957,
      "seasonal_correlation": 0.4660852158921231,
      "residual_autocorr_lag1": 0.8636576302563217,
      "spectral_entropy": 12090.040677575695
    },
    "max": {
      "trend_strength": 0.812079121486915,
      "trend_linearity": 0.016899601161223157,
      "seasonal_strength": 0.7965884920252666,
      "seasonal_correlation": 0.9570678523416204,
      "residual_autocorr_lag1": 0.9565705500978968,
      "spectral_entropy": 14419.123519822828
    }
  },
  "window_results": [
    {
      "window_idx": 0,
      "history_start": 49096,
      "history_end": 51976,
      "history_length": 2880,
      "metrics": {
        "trend_strength": 0.6558421415353992,
        "trend_linearity": -0.010916234667443025,
        "seasonal_strength": 0.15926925850675766,
        "seasonal_correlation": 0.7498401803151178,
        "residual_autocorr_lag1": 0.9492918616374438,
        "spectral_entropy": 12286.615971495921
      },
      "n_series": 1
    },
    {
      "window_idx": 1,
      "history_start": 48376,
      "history_end": 51256,
      "history_length": 2880,
      "metrics": {
        "trend_strength": 0.4726763771542538,
        "trend_linearity": -0.0036309706543566295,
        "seasonal_strength": 0.10175530223452023,
        "seasonal_correlation": 0.4660852158921231,
        "residual_autocorr_lag1": 0.8718307660049656,
        "spectral_entropy": 12402.202768253483
      },
      "n_series": 1
    },
    {
      "window_idx": 2,
      "history_start": 47656,
      "history_end": 50536,
      "history_length": 2880,
      "metrics": {
        "trend_strength": 0.45777380465306083,
        "trend_linearity": 0.0003422845712824725,
        "seasonal_strength": 0.09064200750506957,
        "seasonal_correlation": 0.6745514884812744,
        "residual_autocorr_lag1": 0.9300412448309845,
        "spectral_entropy": 12948.900055594251
      },
      "n_series": 1
    },
    {
      "window_idx": 3,
      "history_start": 46936,
      "history_end": 49816,
      "history_length": 2880,
      "metrics": {
        "trend_strength": 0.5843377321535889,
        "trend_linearity": 0.006240455329541351,
        "seasonal_strength": 0.2316289435998884,
        "seasonal_correlation": 0.6987462678094268,
        "residual_autocorr_lag1": 0.9565705500978968,
        "spectral_entropy": 13030.895058820346
      },
      "n_series": 1
    },
    {
      "window_idx": 4,
      "history_start": 46216,
      "history_end": 49096,
      "history_length": 2880,
      "metrics": {
        "trend_strength": 0.7332066502791779,
        "trend_linearity": 0.009387002500047226,
        "seasonal_strength": 0.36346097869430993,
        "seasonal_correlation": 0.758716203246134,
        "residual_autocorr_lag1": 0.9430358085693948,
        "spectral_entropy": 13118.407191120074
      },
      "n_series": 1
    },
    {
      "window_idx": 5,
      "history_start": 45496,
      "history_end": 48376,
      "history_length": 2880,
      "metrics": {
        "trend_strength": 0.7045978231805801,
        "trend_linearity": 0.004596770501773072,
        "seasonal_strength": 0.44333205592056757,
        "seasonal_correlation": 0.8112589276000122,
        "residual_autocorr_lag1": 0.944744503277986,
        "spectral_entropy": 12458.882957300413
      },
      "n_series": 1
    },
    {
      "window_idx": 6,
      "history_start": 44776,
      "history_end": 47656,
      "history_length": 2880,
      "metrics": {
        "trend_strength": 0.7560984463216595,
        "trend_linearity": -0.009925273959423232,
        "seasonal_strength": 0.31784576689223487,
        "seasonal_correlation": 0.861930137402016,
        "residual_autocorr_lag1": 0.8636576302563217,
        "spectral_entropy": 14114.34885757889
      },
      "n_series": 1
    },
    {
      "window_idx": 7,
      "history_start": 44056,
      "history_end": 46936,
      "history_length": 2880,
      "metrics": {
        "trend_strength": 0.7928054350366494,
        "trend_linearity": -0.004117892406459625,
        "seasonal_strength": 0.4257999390408773,
        "seasonal_correlation": 0.7988194042572316,
        "residual_autocorr_lag1": 0.8953869136777429,
        "spectral_entropy": 14136.45435568991
      },
      "n_series": 1
    },
    {
      "window_idx": 8,
      "history_start": 43336,
      "history_end": 46216,
      "history_length": 2880,
      "metrics": {
        "trend_strength": 0.812079121486915,
        "trend_linearity": 0.010131761026068614,
        "seasonal_strength": 0.4114924429320439,
        "seasonal_correlation": 0.7409211447188594,
        "residual_autocorr_lag1": 0.8796571430381722,
        "spectral_entropy": 14132.055825744557
      },
      "n_series": 1
    },
    {
      "window_idx": 9,
      "history_start": 42616,
      "history_end": 45496,
      "history_length": 2880,
      "metrics": {
        "trend_strength": 0.8087522366079738,
        "trend_linearity": 0.016899601161223157,
        "seasonal_strength": 0.4249108838290099,
        "seasonal_correlation": 0.7493156031866087,
        "residual_autocorr_lag1": 0.9416000817943277,
        "spectral_entropy": 14419.123519822828
      },
      "n_series": 1
    },
    {
      "window_idx": 10,
      "history_start": 41896,
      "history_end": 44776,
      "history_length": 2880,
      "metrics": {
        "trend_strength": 0.5398577437206905,
        "trend_linearity": 0.003819049890114582,
        "seasonal_strength": 0.5316218739123717,
        "seasonal_correlation": 0.805068907369684,
        "residual_autocorr_lag1": 0.9216145857529373,
        "spectral_entropy": 12429.073470531554
      },
      "n_series": 1
    },
    {
      "window_idx": 11,
      "history_start": 41176,
      "history_end": 44056,
      "history_length": 2880,
      "metrics": {
        "trend_strength": 0.34975617352278665,
        "trend_linearity": -9.021134872671085e-05,
        "seasonal_strength": 0.3926856819549245,
        "seasonal_correlation": 0.7260701545090108,
        "residual_autocorr_lag1": 0.904254783910843,
        "spectral_entropy": 12258.7756878475
      },
      "n_series": 1
    },
    {
      "window_idx": 12,
      "history_start": 40456,
      "history_end": 43336,
      "history_length": 2880,
      "metrics": {
        "trend_strength": 0.27029171351908576,
        "trend_linearity": 0.0025235956826000177,
        "seasonal_strength": 0.4486786233968971,
        "seasonal_correlation": 0.8016181340005735,
        "residual_autocorr_lag1": 0.9446589843660655,
        "spectral_entropy": 12355.603011739477
      },
      "n_series": 1
    },
    {
      "window_idx": 13,
      "history_start": 39736,
      "history_end": 42616,
      "history_length": 2880,