{
  "success": true,
  "dataset": "weather",
  "method": "BM",
  "ratio": 0.2,
  "term": "medium",
  "impute_method": "linear",
  "inject_range": {
    "dataset_name": "weather",
    "term": "medium",
    "frequency": "10T",
    "prediction_length": 480,
    "windows": 20,
    "max_context": 2880,
    "start_index": 40216,
    "end_index": 52216,
    "injection_length": 12000,
    "total_length": 52696
  },
  "period": 144,
  "n_windows": 20,
  "summary": {
    "mean": {
      "trend_strength": 0.6046539548516718,
      "trend_linearity": 0.0014226864934024073,
      "seasonal_strength": 0.32372507394645966,
      "seasonal_correlation": 0.7146581888894759,
      "residual_autocorr_lag1": 0.9193334695476161,
      "spectral_entropy": 12884.531324282538
    },
    "std": {
      "trend_strength": 0.18338827930620616,
      "trend_linearity": 0.007576559589794719,
      "seasonal_strength": 0.15627667085727184,
      "seasonal_correlation": 0.1182470277325136,
      "residual_autocorr_lag1": 0.03308374879848933,
      "spectral_entropy": 947.4632807728009
    },
    "min": {
      "trend_strength": 0.22881334480714866,
      "trend_linearity": -0.013225706383658008,
      "seasonal_strength": 0.0340603539305806,
      "seasonal_correlation": 0.3480253337849772,
      "residual_autocorr_lag1": 0.8476671726997862,
      "spectral_entropy": 10883.456696529574
    },
    "max": {
      "trend_strength": 0.8137600899955586,
      "trend_linearity": 0.01677685126190524,
      "seasonal_strength": 0.5707125026016417,
      "seasonal_correlation": 0.8448414353886263,
      "residual_autocorr_lag1": 0.9701712504574964,
      "spectral_entropy": 14422.357909010007
    }
  },
  "window_results": [
    {
      "window_idx": 0,
      "history_start": 49336,
      "history_end": 52216,
      "history_length": 2880,
      "metrics": {
        "trend_strength": 0.8015511958170918,
        "trend_linearity": -0.013225706383658008,
        "seasonal_strength": 0.25245094056845774,
        "seasonal_correlation": 0.6113943495832859,
        "residual_autocorr_lag1": 0.9634009932252531,
        "spectral_entropy": 10883.456696529574
      },
      "n_series": 1
    },
    {
      "window_idx": 1,
      "history_start": 48856,
      "history_end": 51736,
      "history_length": 2880,
      "metrics": {
        "trend_strength": 0.58494182800487,
        "trend_linearity": -0.008549539724061639,
        "seasonal_strength": 0.0340603539305806,
        "seasonal_correlation": 0.4882826681914969,
        "residual_autocorr_lag1": 0.9215422134461506,
        "spectral_entropy": 11834.407115952592
      },
      "n_series": 1
    },
    {
      "window_idx": 2,
      "history_start": 48376,
      "history_end": 51256,
      "history_length": 2880,
      "metrics": {
        "trend_strength": 0.4696060257856495,
        "trend_linearity": -0.004065348450981169,
        "seasonal_strength": 0.07409694020614332,
        "seasonal_correlation": 0.3480253337849772,
        "residual_autocorr_lag1": 0.8794689107917801,
        "spectral_entropy": 12249.240811243362
      },
      "n_series": 1
    },
    {
      "window_idx": 3,
      "history_start": 47896,
      "history_end": 50776,
      "history_length": 2880,
      "metrics": {
        "trend_strength": 0.41964421677164,
        "trend_linearity": 0.0033577705382634242,
        "seasonal_strength": 0.051158869277569075,
        "seasonal_correlation": 0.6678480448050054,
        "residual_autocorr_lag1": 0.9429330856880161,
        "spectral_entropy": 12416.121680100357
      },
      "n_series": 1
    },
    {
      "window_idx": 4,
      "history_start": 47416,
      "history_end": 50296,
      "history_length": 2880,
      "metrics": {
        "trend_strength": 0.4634741130715133,
        "trend_linearity": 0.0010415868933483403,
        "seasonal_strength": 0.1163324077687844,
        "seasonal_correlation": 0.660452650379554,
        "residual_autocorr_lag1": 0.9455170932089287,
        "spectral_entropy": 12834.290684358544
      },
      "n_series": 1
    },
    {
      "window_idx": 5,
      "history_start": 46936,
      "history_end": 49816,
      "history_length": 2880,
      "metrics": {
        "trend_strength": 0.5752262745298768,
        "trend_linearity": 0.00623742760076092,
        "seasonal_strength": 0.21923403638308459,
        "seasonal_correlation": 0.6961040455023745,
        "residual_autocorr_lag1": 0.9537413836655901,
        "spectral_entropy": 12934.772580653414
      },
      "n_series": 1
    },
    {
      "window_idx": 6,
      "history_start": 46456,
      "history_end": 49336,
      "history_length": 2880,
      "metrics": {
        "trend_strength": 0.6154385783132885,
        "trend_linearity": 0.00554447907778091,
        "seasonal_strength": 0.28252521848887313,
        "seasonal_correlation": 0.7568032540234604,
        "residual_autocorr_lag1": 0.9701712504574964,
        "spectral_entropy": 12639.233707322182
      },
      "n_series": 1
    },
    {
      "window_idx": 7,
      "history_start": 45976,
      "history_end": 48856,
      "history_length": 2880,
      "metrics": {
        "trend_strength": 0.7321571228807133,
        "trend_linearity": 0.008195923181097112,
        "seasonal_strength": 0.38332402493696494,
        "seasonal_correlation": 0.7446155630931838,
        "residual_autocorr_lag1": 0.9660784888939445,
        "spectral_entropy": 12337.950344805991
      },
      "n_series": 1
    },
    {
      "window_idx": 8,
      "history_start": 45496,
      "history_end": 48376,
      "history_length": 2880,
      "metrics": {
        "trend_strength": 0.720541089362043,
        "trend_linearity": 0.004660050022902228,
        "seasonal_strength": 0.45416630356173826,
        "seasonal_correlation": 0.7993589245907438,
        "residual_autocorr_lag1": 0.9467973525587389,
        "spectral_entropy": 12357.720704621976
      },
      "n_series": 1
    },
    {
      "window_idx": 9,
      "history_start": 45016,
      "history_end": 47896,
      "history_length": 2880,
      "metrics": {
        "trend_strength": 0.769134206787053,
        "trend_linearity": -0.0068437774641088,
        "seasonal_strength": 0.20673663035337664,
        "seasonal_correlation": 0.7239776315000367,
        "residual_autocorr_lag1": 0.8476671726997862,
        "spectral_entropy": 14081.076230377894
      },
      "n_series": 1
    },
    {
      "window_idx": 10,
      "history_start": 44536,
      "history_end": 47416,
      "history_length": 2880,
      "metrics": {
        "trend_strength": 0.7732258674274219,
        "trend_linearity": -0.011460630406278925,
        "seasonal_strength": 0.443934569638771,
        "seasonal_correlation": 0.8448414353886263,
        "residual_autocorr_lag1": 0.8937774736208025,
        "spectral_entropy": 14178.601860479721
      },
      "n_series": 1
    },
    {
      "window_idx": 11,
      "history_start": 44056,
      "history_end": 46936,
      "history_length": 2880,
      "metrics": {
        "trend_strength": 0.7977703179110671,
        "trend_linearity": -0.0041192726101607294,
        "seasonal_strength": 0.4364316649789125,
        "seasonal_correlation": 0.7979245434319586,
        "residual_autocorr_lag1": 0.8955211529148339,
        "spectral_entropy": 14141.830301831054
      },
      "n_series": 1
    },
    {
      "window_idx": 12,
      "history_start": 43576,
      "history_end": 46456,
      "history_length": 2880,
      "metrics": {
        "trend_strength": 0.8117035588620145,
        "trend_linearity": 0.004665276264830452,
        "seasonal_strength": 0.4131508388325632,
        "seasonal_correlation": 0.8317593750685679,
        "residual_autocorr_lag1": 0.8920179805797008,
        "spectral_entropy": 14126.194500139474
      },
      "n_series": 1
    },
    {
      "window_idx": 13,
      "history_start": 43096,
      "history_end": 45976,
      "history_length": 2880,