{
  "success": true,
  "dataset": "weather",
  "method": "BM",
  "ratio": 0.3,
  "term": "short",
  "impute_method": "backward",
  "inject_range": {
    "dataset_name": "weather",
    "term": "short",
    "frequency": "10T",
    "prediction_length": 48,
    "windows": 20,
    "max_context": 2880,
    "start_index": 48856,
    "end_index": 52648,
    "injection_length": 3792,
    "total_length": 52696
  },
  "period": 144,
  "n_windows": 20,
  "summary": {
    "mean": {
      "trend_strength": 0.7006831333672465,
      "trend_linearity": -0.010840481368211632,
      "seasonal_strength": 0.20638849586702163,
      "seasonal_correlation": 0.5313449811832265,
      "residual_autocorr_lag1": 0.9502299051010809,
      "spectral_entropy": 11946.456400365512
    },
    "std": {
      "trend_strength": 0.056333524852169005,
      "trend_linearity": 0.0015537345133517422,
      "seasonal_strength": 0.06168947994163437,
      "seasonal_correlation": 0.09910111985212623,
      "residual_autocorr_lag1": 0.009054671753973393,
      "spectral_entropy": 447.4960646439222
    },
    "min": {
      "trend_strength": 0.598643395406441,
      "trend_linearity": -0.013914516649855567,
      "seasonal_strength": 0.00028392959296963394,
      "seasonal_correlation": 0.37225198358137757,
      "residual_autocorr_lag1": 0.9254192278055156,
      "spectral_entropy": 11175.470583542326
    },
    "max": {
      "trend_strength": 0.7802414828105708,
      "trend_linearity": -0.008599358776347673,
      "seasonal_strength": 0.29056996465544815,
      "seasonal_correlation": 0.6895861513553594,
      "residual_autocorr_lag1": 0.9627547085259418,
      "spectral_entropy": 12683.105001757807
    }
  },
  "window_results": [
    {
      "window_idx": 0,
      "history_start": 49768,
      "history_end": 52648,
      "history_length": 2880,
      "metrics": {
        "trend_strength": 0.7024465017167711,
        "trend_linearity": -0.00864407436581309,
        "seasonal_strength": 0.23599172756986142,
        "seasonal_correlation": 0.37225198358137757,
        "residual_autocorr_lag1": 0.9538136418273884,
        "spectral_entropy": 11175.470583542326
      },
      "n_series": 1
    },
    {
      "window_idx": 1,
      "history_start": 49720,
      "history_end": 52600,
      "history_length": 2880,
      "metrics": {
        "trend_strength": 0.6935662893911427,
        "trend_linearity": -0.00934560900900045,
        "seasonal_strength": 0.20442023298097178,
        "seasonal_correlation": 0.40501606112056143,
        "residual_autocorr_lag1": 0.9577908176290918,
        "spectral_entropy": 11548.982831383399
      },
      "n_series": 1
    },
    {
      "window_idx": 2,
      "history_start": 49672,
      "history_end": 52552,
      "history_length": 2880,
      "metrics": {
        "trend_strength": 0.6969501288545034,
        "trend_linearity": -0.010056100146958081,
        "seasonal_strength": 0.20577293838573563,
        "seasonal_correlation": 0.3930993475183165,
        "residual_autocorr_lag1": 0.9604547504282348,
        "spectral_entropy": 11437.31143224535
      },
      "n_series": 1
    },
    {
      "window_idx": 3,
      "history_start": 49624,
      "history_end": 52504,
      "history_length": 2880,
      "metrics": {
        "trend_strength": 0.7085676037930503,
        "trend_linearity": -0.010512183712197238,
        "seasonal_strength": 0.20887418288331272,
        "seasonal_correlation": 0.4093453394972134,
        "residual_autocorr_lag1": 0.9588048681123118,
        "spectral_entropy": 11366.877469990495
      },
      "n_series": 1
    },
    {
      "window_idx": 4,
      "history_start": 49576,
      "history_end": 52456,
      "history_length": 2880,
      "metrics": {
        "trend_strength": 0.7328950970520451,
        "trend_linearity": -0.010942193023395753,
        "seasonal_strength": 0.2248299293178282,
        "seasonal_correlation": 0.4171954260048228,
        "residual_autocorr_lag1": 0.9585372295555528,
        "spectral_entropy": 11614.224390848147
      },
      "n_series": 1
    },
    {
      "window_idx": 5,
      "history_start": 49528,
      "history_end": 52408,
      "history_length": 2880,
      "metrics": {
        "trend_strength": 0.7479947780598587,
        "trend_linearity": -0.010406633941227284,
        "seasonal_strength": 0.2341544289465738,
        "seasonal_correlation": 0.4158061873555339,
        "residual_autocorr_lag1": 0.9575679402166117,
        "spectral_entropy": 11252.561154823725
      },
      "n_series": 1
    },
    {
      "window_idx": 6,
      "history_start": 49480,
      "history_end": 52360,
      "history_length": 2880,
      "metrics": {
        "trend_strength": 0.7769443003664178,
        "trend_linearity": -0.010368203665453208,
        "seasonal_strength": 0.29056996465544815,
        "seasonal_correlation": 0.4579335572988785,
        "residual_autocorr_lag1": 0.9528588505677045,
        "spectral_entropy": 11431.354511194284
      },
      "n_series": 1
    },
    {
      "window_idx": 7,
      "history_start": 49432,
      "history_end": 52312,
      "history_length": 2880,
      "metrics": {
        "trend_strength": 0.7480901308647727,
        "trend_linearity": -0.010104482873001044,
        "seasonal_strength": 0.2506835840793302,
        "seasonal_correlation": 0.5318406421888084,
        "residual_autocorr_lag1": 0.9475981278194711,
        "spectral_entropy": 12261.494196448853
      },
      "n_series": 1
    },
    {
      "window_idx": 8,
      "history_start": 49384,
      "history_end": 52264,
      "history_length": 2880,
      "metrics": {
        "trend_strength": 0.7787470543130959,
        "trend_linearity": -0.01286555174743137,
        "seasonal_strength": 0.22651157008816036,
        "seasonal_correlation": 0.5287311840409216,
        "residual_autocorr_lag1": 0.945274800010025,
        "spectral_entropy": 12126.252717864656
      },
      "n_series": 1
    },
    {
      "window_idx": 9,
      "history_start": 49336,
      "history_end": 52216,
      "history_length": 2880,
      "metrics": {
        "trend_strength": 0.7802414828105708,
        "trend_linearity": -0.013914516649855567,
        "seasonal_strength": 0.28634286450111934,
        "seasonal_correlation": 0.5116161909792001,
        "residual_autocorr_lag1": 0.9523436192447213,
        "spectral_entropy": 11907.96427062224
      },
      "n_series": 1
    },
    {
      "window_idx": 10,
      "history_start": 49288,
      "history_end": 52168,
      "history_length": 2880,
      "metrics": {
        "trend_strength": 0.7444998392151493,
        "trend_linearity": -0.01307042706984054,
        "seasonal_strength": 0.21436835581741986,
        "seasonal_correlation": 0.6301015995303889,
        "residual_autocorr_lag1": 0.93734344574504,
        "spectral_entropy": 12062.815075108841
      },
      "n_series": 1
    },
    {
      "window_idx": 11,
      "history_start": 49240,
      "history_end": 52120,
      "history_length": 2880,
      "metrics": {
        "trend_strength": 0.7076300992535276,
        "trend_linearity": -0.010922701639439878,
        "seasonal_strength": 0.1712913872318106,
        "seasonal_correlation": 0.5770294234777901,
        "residual_autocorr_lag1": 0.9515543486598579,
        "spectral_entropy": 11958.80101504685
      },
      "n_series": 1
    },
    {
      "window_idx": 12,
      "history_start": 49192,
      "history_end": 52072,
      "history_length": 2880,
      "metrics": {
        "trend_strength": 0.7068114876393479,
        "trend_linearity": -0.009865997097725423,
        "seasonal_strength": 0.2310272961189619,
        "seasonal_correlation": 0.6531088768685495,
        "residual_autocorr_lag1": 0.9627547085259418,
        "spectral_entropy": 11960.658276876655
      },
      "n_series": 1
    },
    {
      "window_idx": 13,
      "history_start": 49144,
      "history_end": 52024,
      "history_length": 2880,