{
  "success": true,
  "dataset": "weather",
  "method": "BM",
  "ratio": 0.2,
  "term": "long",
  "impute_method": "backward",
  "inject_range": {
    "dataset_name": "weather",
    "term": "long",
    "frequency": "10T",
    "prediction_length": 720,
    "windows": 20,
    "max_context": 2880,
    "start_index": 35416,
    "end_index": 51976,
    "injection_length": 16560,
    "total_length": 52696
  },
  "period": 144,
  "n_windows": 20,
  "summary": {
    "mean": {
      "trend_strength": 0.534732424552295,
      "trend_linearity": 0.0007517763044685043,
      "seasonal_strength": 0.45247307640211537,
      "seasonal_correlation": 0.7756378197266928,
      "residual_autocorr_lag1": 0.9290218883008279,
      "spectral_entropy": 13119.74925750543
    },
    "std": {
      "trend_strength": 0.201511222585449,
      "trend_linearity": 0.006658115448485063,
      "seasonal_strength": 0.22131133393309374,
      "seasonal_correlation": 0.1446835655769304,
      "residual_autocorr_lag1": 0.02626170482734326,
      "spectral_entropy": 714.4435055379715
    },
    "min": {
      "trend_strength": 0.17339396750134084,
      "trend_linearity": -0.010051677289380404,
      "seasonal_strength": 0.027554525706043553,
      "seasonal_correlation": 0.38478455208373996,
      "residual_autocorr_lag1": 0.8898498713419475,
      "spectral_entropy": 12090.040677575695
    },
    "max": {
      "trend_strength": 0.8178930881291034,
      "trend_linearity": 0.016967443795512935,
      "seasonal_strength": 0.7965884920252666,
      "seasonal_correlation": 0.9570678523416204,
      "residual_autocorr_lag1": 0.9734231217475374,
      "spectral_entropy": 14296.103279211937
    }
  },
  "window_results": [
    {
      "window_idx": 0,
      "history_start": 49096,
      "history_end": 51976,
      "history_length": 2880,
      "metrics": {
        "trend_strength": 0.5548756733806677,
        "trend_linearity": -0.008738848416670067,
        "seasonal_strength": 0.027554525706043553,
        "seasonal_correlation": 0.7169960677631626,
        "residual_autocorr_lag1": 0.9734231217475374,
        "spectral_entropy": 12533.572753165157
      },
      "n_series": 1
    },
    {
      "window_idx": 1,
      "history_start": 48376,
      "history_end": 51256,
      "history_length": 2880,
      "metrics": {
        "trend_strength": 0.4980234260598052,
        "trend_linearity": -0.004485498947002809,
        "seasonal_strength": 0.07920508128692239,
        "seasonal_correlation": 0.38478455208373996,
        "residual_autocorr_lag1": 0.9687888780933548,
        "spectral_entropy": 12346.491595425723
      },
      "n_series": 1
    },
    {
      "window_idx": 2,
      "history_start": 47656,
      "history_end": 50536,
      "history_length": 2880,
      "metrics": {
        "trend_strength": 0.512114156620695,
        "trend_linearity": -0.00045586820594026187,
        "seasonal_strength": 0.08531195855191953,
        "seasonal_correlation": 0.4981956636272723,
        "residual_autocorr_lag1": 0.9576558379423037,
        "spectral_entropy": 12840.633922422789
      },
      "n_series": 1
    },
    {
      "window_idx": 3,
      "history_start": 46936,
      "history_end": 49816,
      "history_length": 2880,
      "metrics": {
        "trend_strength": 0.6443264361446979,
        "trend_linearity": 0.006475039981540852,
        "seasonal_strength": 0.25401166206757886,
        "seasonal_correlation": 0.5686517036585005,
        "residual_autocorr_lag1": 0.9695163948364482,
        "spectral_entropy": 12953.617651278018
      },
      "n_series": 1
    },
    {
      "window_idx": 4,
      "history_start": 46216,
      "history_end": 49096,
      "history_length": 2880,
      "metrics": {
        "trend_strength": 0.7638760099778573,
        "trend_linearity": 0.011347166880078375,
        "seasonal_strength": 0.350869036241685,
        "seasonal_correlation": 0.7494852353606463,
        "residual_autocorr_lag1": 0.9617450405059977,
        "spectral_entropy": 12866.001021901353
      },
      "n_series": 1
    },
    {
      "window_idx": 5,
      "history_start": 45496,
      "history_end": 48376,
      "history_length": 2880,
      "metrics": {
        "trend_strength": 0.7050980157738806,
        "trend_linearity": 0.0045412255037346775,
        "seasonal_strength": 0.44730312054643706,
        "seasonal_correlation": 0.7952878978295844,
        "residual_autocorr_lag1": 0.9426873601287754,
        "spectral_entropy": 12493.053367499819
      },
      "n_series": 1
    },
    {
      "window_idx": 6,
      "history_start": 44776,
      "history_end": 47656,
      "history_length": 2880,
      "metrics": {
        "trend_strength": 0.7722258031500266,
        "trend_linearity": -0.010051677289380404,
        "seasonal_strength": 0.3588750421268444,
        "seasonal_correlation": 0.8436204712445785,
        "residual_autocorr_lag1": 0.9118771734039426,
        "spectral_entropy": 13915.774621382436
      },
      "n_series": 1
    },
    {
      "window_idx": 7,
      "history_start": 44056,
      "history_end": 46936,
      "history_length": 2880,
      "metrics": {
        "trend_strength": 0.799861410854396,
        "trend_linearity": -0.004117097829831226,
        "seasonal_strength": 0.43474146062392716,
        "seasonal_correlation": 0.8066104095654767,
        "residual_autocorr_lag1": 0.9098742650833107,
        "spectral_entropy": 13888.508538160699
      },
      "n_series": 1
    },
    {
      "window_idx": 8,
      "history_start": 43336,
      "history_end": 46216,
      "history_length": 2880,
      "metrics": {
        "trend_strength": 0.8178930881291034,
        "trend_linearity": 0.010177387832690125,
        "seasonal_strength": 0.4106965459126575,
        "seasonal_correlation": 0.75255163952949,
        "residual_autocorr_lag1": 0.8898498713419475,
        "spectral_entropy": 13874.006592746184
      },
      "n_series": 1
    },
    {
      "window_idx": 9,
      "history_start": 42616,
      "history_end": 45496,
      "history_length": 2880,
      "metrics": {
        "trend_strength": 0.8096964620854616,
        "trend_linearity": 0.016967443795512935,
        "seasonal_strength": 0.41373583775521006,
        "seasonal_correlation": 0.7766985086749565,
        "residual_autocorr_lag1": 0.9244240155147448,
        "spectral_entropy": 14166.31974393977
      },
      "n_series": 1
    },
    {
      "window_idx": 10,
      "history_start": 41896,
      "history_end": 44776,
      "history_length": 2880,
      "metrics": {
        "trend_strength": 0.5398577437206905,
        "trend_linearity": 0.003819049890114582,
        "seasonal_strength": 0.5316218739123717,
        "seasonal_correlation": 0.805068907369684,
        "residual_autocorr_lag1": 0.9216145857529373,
        "spectral_entropy": 12429.073470531554
      },
      "n_series": 1
    },
    {
      "window_idx": 11,
      "history_start": 41176,
      "history_end": 44056,
      "history_length": 2880,
      "metrics": {
        "trend_strength": 0.34975617352278665,
        "trend_linearity": -9.021134872671085e-05,
        "seasonal_strength": 0.3926856819549245,
        "seasonal_correlation": 0.7260701545090108,
        "residual_autocorr_lag1": 0.904254783910843,
        "spectral_entropy": 12258.7756878475
      },
      "n_series": 1
    },
    {
      "window_idx": 12,
      "history_start": 40456,
      "history_end": 43336,
      "history_length": 2880,
      "metrics": {
        "trend_strength": 0.27029171351908576,
        "trend_linearity": 0.0025235956826000177,
        "seasonal_strength": 0.4486786233968971,
        "seasonal_correlation": 0.8016181340005735,
        "residual_autocorr_lag1": 0.9446589843660655,
        "spectral_entropy": 12355.603011739477
      },
      "n_series": 1
    },
    {
      "window_idx": 13,
      "history_start": 39736,
      "history_end": 42616,
      "history_length": 2880,