metric,value
eval_data,datasets\ori\electricity.csv
clean_data,datasets/ori/electricity.csv
freq,H
term,medium
prediction_length,480
windows,6
MSE[mean],54704.71111111111
MSE[0.5],54338.9
MAE[0.5],176.24917534722223
MASE[0.5],0.6087443996791002
MAPE[0.5],0.05485401153564453
sMAPE[0.5],0.05337463111092223
MSIS,10.193530494364353
RMSE[mean],233.89038268195446
NRMSE[mean],0.07265936116736063
ND[0.5],0.05475279633202009
mean_weighted_sum_quantile_loss,0.0473644887114429
