metric,value
eval_data,datasets\ori\ETTh2.csv
clean_data,datasets/ori/ETTh2.csv
freq,H
term,medium
prediction_length,480
windows,4
MSE[mean],36.939029947916666
MSE[0.5],37.34457194010417
MAE[0.5],4.817864990234375
MASE[0.5],1.5715698356234082
MAPE[0.5],0.14744181632995607
sMAPE[0.5],0.15879426938823973
MSIS,14.87507708996851
RMSE[mean],6.077748756564117
NRMSE[mean],0.18541619521759284
ND[0.5],0.14698044149924858
mean_weighted_sum_quantile_loss,0.12144095829240903
