metric,value
eval_data,datasets/ori/ETTh2.csv
clean_data,datasets/ori/ETTh2.csv
freq,H
term,short
prediction_length,48
windows,20
MSE[mean],7.991671825590588
MSE[0.5],7.811498151506696
MAE[0.5],1.8002867562430245
MASE[0.5],0.7687947588690289
MAPE[0.5],0.11115155966746976
sMAPE[0.5],0.1296794232868013
MSIS,10.559972794417007
RMSE[mean],2.826954514241534
NRMSE[mean],0.14370481904659735
ND[0.5],0.0915154033199225
mean_weighted_sum_quantile_loss,0.07813488130163086
