metric,value
eval_data,datasets\ori\ETTh2.csv
clean_data,datasets\ori\ETTh2.csv
freq,H
term,long
prediction_length,720
windows,3
MSE[mean],52.81490162037037
MSE[0.5],53.65224609375
MAE[0.5],5.770282208478009
MASE[0.5],1.8925972484611542
MAPE[0.5],0.18206462153682001
sMAPE[0.5],0.2061319387695331
MSIS,19.942125522470086
RMSE[mean],7.267386161500596
NRMSE[mean],0.22671564777274766
ND[0.5],0.18001152541707352
mean_weighted_sum_quantile_loss,0.14926692233834774
