metric,value
eval_data,datasets/ori/ETTh1.csv
clean_data,datasets/ori/ETTh1.csv
freq,H
term,short
prediction_length,48
windows,20
MSE[mean],6.278901327224005
MSE[0.5],6.263889766874767
MAE[0.5],1.2842107954479398
MASE[0.5],0.8282635987552575
MAPE[0.5],0.43337269644791937
sMAPE[0.5],0.27954802967253184
MSIS,10.32011259081997
RMSE[mean],2.505773598556742
NRMSE[mean],0.46663926975234493
ND[0.5],0.23915296583101686
mean_weighted_sum_quantile_loss,0.19968239470927976
