metric,value
eval_data,datasets\ori\ETTh1.csv
clean_data,datasets\ori\ETTh1.csv
freq,H
term,medium
prediction_length,480
windows,4
MSE[mean],8.042811075846354
MSE[0.5],7.973012288411458
MAE[0.5],2.187964375813802
MASE[0.5],0.9979131475264761
MAPE[0.5],0.25107959111531575
sMAPE[0.5],0.23786768520082885
MSIS,10.14487542277135
RMSE[mean],2.835985027436914
NRMSE[mean],0.297412430336104
ND[0.5],0.22945389210595013
mean_weighted_sum_quantile_loss,0.1870403918374034
