metric,value
eval_data,datasets\ori\ETTh2.csv
clean_data,datasets/ori/ETTh2.csv
freq,H
term,short
prediction_length,48
windows,20
MSE[mean],16.402351888020835
MSE[0.5],16.112771606445314
MAE[0.5],2.9579381306966144
MASE[0.5],0.9598502353077824
MAPE[0.5],0.08479631741841634
sMAPE[0.5],0.08351088162400275
MSIS,11.783230415702857
RMSE[mean],4.049981714529195
NRMSE[mean],0.11504712233668038
ND[0.5],0.08402563121847202
mean_weighted_sum_quantile_loss,0.07026126887938722
