metric,value
eval_data,datasets\ori\ETTm1.csv
clean_data,datasets/ori/ETTm1.csv
freq,T
term,long
prediction_length,720
windows,10
MSE[mean],6.610885959201389
MSE[0.5],6.622656792534722
MAE[0.5],1.9435804578993054
MASE[0.5],0.5228963548357343
MAPE[0.5],0.22892283121744791
sMAPE[0.5],0.20954217817631093
MSIS,5.32845503756885
RMSE[mean],2.571164319758928
NRMSE[mean],0.26742467230393835
ND[0.5],0.20215019439084042
mean_weighted_sum_quantile_loss,0.16552554302880848
