metric,value
eval_data,datasets/ori/ETTm2.csv
clean_data,datasets/ori/ETTm2.csv
freq,T
term,medium
prediction_length,480
windows,15
MSE[mean],12.084433283730158
MSE[0.5],11.923701636904761
MAE[0.5],2.1766205512152776
MASE[0.5],0.4575694651563732
MAPE[0.5],0.13940040368349008
sMAPE[0.5],0.16607073465983072
MSIS,5.191092654552552
RMSE[mean],3.4762671479232083
NRMSE[mean],0.18525655963054552
ND[0.5],0.11599604339389841
mean_weighted_sum_quantile_loss,0.09637574851862966
