metric,value
eval_data,datasets\ori\ETTm1.csv
clean_data,datasets\ori\ETTm1.csv
freq,T
term,short
prediction_length,48
windows,20
MSE[mean],1.9318572998046875
MSE[0.5],1.9445470174153645
MAE[0.5],0.8227634429931641
MASE[0.5],0.22593629978408683
MAPE[0.5],0.1236892541249593
sMAPE[0.5],0.10126931583824167
MSIS,3.4097680824078602
RMSE[mean],1.389912695029687
NRMSE[mean],0.16233195374261902
ND[0.5],0.09609293997147898
mean_weighted_sum_quantile_loss,0.08283676058973202
