metric,value
eval_data,datasets\ori\traffic.csv
clean_data,datasets/ori/traffic.csv
freq,H
term,medium
prediction_length,480
windows,4
MSE[mean],5.528505425900221e-05
MSE[0.5],5.556693455825249e-05
MAE[0.5],0.0044048011302948
MASE[0.5],0.9289355587126287
MAPE[0.5],0.1746793093937272
sMAPE[0.5],0.1546200618755997
MSIS,15.358962353080312
RMSE[mean],0.00743539200439373
NRMSE[mean],0.19878569150198006
ND[0.5],0.11776264628642819
mean_weighted_sum_quantile_loss,0.10150948414563185
