metric,value
eval_data,datasets\ori\traffic.csv
clean_data,datasets\ori\traffic.csv
freq,H
term,long
prediction_length,720
windows,3
MSE[mean],5.709467524731601e-05
MSE[0.5],5.730700299695686e-05
MAE[0.5],0.004561563774391457
MASE[0.5],0.9649473090827363
MAPE[0.5],0.1836016090891327
sMAPE[0.5],0.16299395308113412
MSIS,15.38488198891433
RMSE[mean],0.007556101855276701
NRMSE[mean],0.20261442551731002
ND[0.5],0.12231685613971281
mean_weighted_sum_quantile_loss,0.1052459870588347
