metric,value
eval_data,datasets\ori\traffic.csv
clean_data,datasets\ori\traffic.csv
freq,H
term,medium
prediction_length,480
windows,4
MSE[mean],5.493312298009793e-05
MSE[0.5],5.5060978047549726e-05
MAE[0.5],0.004368867973486582
MASE[0.5],0.9213216431415888
MAPE[0.5],0.17291636663280843
sMAPE[0.5],0.15317968990519434
MSIS,15.539904477111303
RMSE[mean],0.007411688267871088
NRMSE[mean],0.19815197055585512
ND[0.5],0.11680197098918096
mean_weighted_sum_quantile_loss,0.10099360373585986
