metric,value
eval_data,datasets\ori\weather.csv
clean_data,datasets\ori\weather.csv
freq,10T
term,medium
prediction_length,480
windows,11
MSE[mean],202.11605113636364
MSE[0.5],195.3253077651515
MAE[0.5],10.546012369791667
MASE[0.5],0.34829187004802564
MAPE[0.5],0.02372322082519531
sMAPE[0.5],0.02375502811599949
MSIS,3.8950203121449816
RMSE[mean],14.216752482067191
NRMSE[mean],0.03225136748376158
ND[0.5],0.023924121971981516
mean_weighted_sum_quantile_loss,0.019943105281390445
