metric,value
eval_data,datasets/ori/weather.csv
clean_data,datasets/ori/weather.csv
freq,10T
term,long
prediction_length,720
windows,8
MSE[mean],1523.8968078290343
MSE[0.5],1550.5454442584326
MAE[0.5],11.004142446366567
MASE[0.5],0.6835566625823601
MAPE[0.5],1.005972688200011
sMAPE[0.5],0.661099545665519
MSIS,8.687995790320644
RMSE[mean],39.037120895745296
NRMSE[mean],0.23887483575820379
ND[0.5],0.06733623431286881
mean_weighted_sum_quantile_loss,0.05600774449053476
