{
  "success": true,
  "dataset": "traffic",
  "term": "long",
  "inject_range": {
    "dataset_name": "traffic",
    "term": "long",
    "frequency": "H",
    "prediction_length": 720,
    "windows": 15,
    "max_context": 2880,
    "start_index": 3864,
    "end_index": 16824,
    "injection_length": 12960,
    "total_length": 17544
  },
  "period": 24,
  "n_windows": 15,
  "summary": {
    "mean": {
      "trend_strength": 0.3377678550611398,
      "trend_linearity": 7.172106904255618e-07,
      "seasonal_strength": 0.9313351034012519,
      "seasonal_correlation": 0.9745778333673075,
      "residual_autocorr_lag1": 0.6672324854084778,
      "spectral_entropy": -5884.105566025838
    },
    "std": {
      "trend_strength": 0.04489599279231533,
      "trend_linearity": 7.410883146818786e-07,
      "seasonal_strength": 0.006559119908314164,
      "seasonal_correlation": 0.009140760126319557,
      "residual_autocorr_lag1": 0.06018967130535047,
      "spectral_entropy": 541.212481953613
    },
    "min": {
      "trend_strength": 0.2474029440068043,
      "trend_linearity": -4.1152636386826173e-07,
      "seasonal_strength": 0.9212036670586519,
      "seasonal_correlation": 0.9569442951957948,
      "residual_autocorr_lag1": 0.5591366715657538,
      "spectral_entropy": -6472.037813110666
    },
    "max": {
      "trend_strength": 0.40440002565714306,
      "trend_linearity": 2.1858881175342462e-06,
      "seasonal_strength": 0.9402537581907897,
      "seasonal_correlation": 0.9877527725343435,
      "residual_autocorr_lag1": 0.7581745398061275,
      "spectral_entropy": -4834.076065181994
    }
  },
  "window_results": [
    {
      "window_idx": 0,
      "history_start": 13944,
      "history_end": 16824,
      "history_length": 2880,
      "metrics": {
        "trend_strength": 0.2608142310308299,
        "trend_linearity": -1.7098757433919862e-07,
        "seasonal_strength": 0.9213647451950215,
        "seasonal_correlation": 0.9682533399231277,
        "residual_autocorr_lag1": 0.7581745398061275,
        "spectral_entropy": -4834.076065181994
      },
      "n_series": 1
    },
    {
      "window_idx": 1,
      "history_start": 13224,
      "history_end": 16104,
      "history_length": 2880,
      "metrics": {
        "trend_strength": 0.2474029440068043,
        "trend_linearity": 4.3609181842705634e-07,
        "seasonal_strength": 0.9212036670586519,
        "seasonal_correlation": 0.9829375283878647,
        "residual_autocorr_lag1": 0.7405225411693656,
        "spectral_entropy": -5026.300581112355
      },
      "n_series": 1
    },
    {
      "window_idx": 2,
      "history_start": 12504,
      "history_end": 15384,
      "history_length": 2880,
      "metrics": {
        "trend_strength": 0.31624894153795835,
        "trend_linearity": 9.873927923238334e-07,
        "seasonal_strength": 0.9229223836818349,
        "seasonal_correlation": 0.9832716300286494,
        "residual_autocorr_lag1": 0.7383560630537684,
        "spectral_entropy": -6005.253087621975
      },
      "n_series": 1
    },
    {
      "window_idx": 3,
      "history_start": 11784,
      "history_end": 14664,
      "history_length": 2880,
      "metrics": {
        "trend_strength": 0.31426605173757316,
        "trend_linearity": 1.4625830344326397e-06,
        "seasonal_strength": 0.9295212553415703,
        "seasonal_correlation": 0.9805738772578337,
        "residual_autocorr_lag1": 0.6965810993894306,
        "spectral_entropy": -6068.2426097977095
      },
      "n_series": 1
    },
    {
      "window_idx": 4,
      "history_start": 11064,
      "history_end": 13944,
      "history_length": 2880,
      "metrics": {
        "trend_strength": 0.29449559986580576,
        "trend_linearity": 7.46345925627896e-07,
        "seasonal_strength": 0.9234960298592143,
        "seasonal_correlation": 0.9828244277648837,
        "residual_autocorr_lag1": 0.619909710906856,
        "spectral_entropy": -5311.257122803685
      },
      "n_series": 1
    },
    {
      "window_idx": 5,
      "history_start": 10344,
      "history_end": 13224,
      "history_length": 2880,
      "metrics": {
        "trend_strength": 0.31949999601843637,
        "trend_linearity": 7.596045801943023e-07,
        "seasonal_strength": 0.9275971501730105,
        "seasonal_correlation": 0.9762871127361176,
        "residual_autocorr_lag1": 0.5821653386262352,
        "spectral_entropy": -5372.283086091364
      },
      "n_series": 1
    },
    {
      "window_idx": 6,
      "history_start": 9624,
      "history_end": 12504,
      "history_length": 2880,
      "metrics": {
        "trend_strength": 0.34173856070594066,
        "trend_linearity": 1.928433721440228e-06,
        "seasonal_strength": 0.9300208540766245,
        "seasonal_correlation": 0.9666632747184553,
        "residual_autocorr_lag1": 0.5591366715657538,
        "spectral_entropy": -5542.266185032371
      },
      "n_series": 1
    },
    {
      "window_idx": 7,
      "history_start": 8904,
      "history_end": 11784,
      "history_length": 2880,
      "metrics": {
        "trend_strength": 0.35375862242458134,
        "trend_linearity": 2.1858881175342462e-06,
        "seasonal_strength": 0.9302904408480281,
        "seasonal_correlation": 0.9643949275159108,
        "residual_autocorr_lag1": 0.5675701957231812,
        "spectral_entropy": -5540.922836178601
      },
      "n_series": 1
    },
    {
      "window_idx": 8,
      "history_start": 8184,
      "history_end": 11064,
      "history_length": 2880,
      "metrics": {
        "trend_strength": 0.392909450983179,
        "trend_linearity": 1.3627938046760124e-06,
        "seasonal_strength": 0.9359069096091274,
        "seasonal_correlation": 0.9709517264077362,
        "residual_autocorr_lag1": 0.698725852973517,
        "spectral_entropy": -6326.661147892317
      },
      "n_series": 1
    },
    {
      "window_idx": 9,
      "history_start": 7464,
      "history_end": 10344,
      "history_length": 2880,
      "metrics": {
        "trend_strength": 0.40440002565714306,
        "trend_linearity": 4.6417936146496934e-07,
        "seasonal_strength": 0.9371590712794166,
        "seasonal_correlation": 0.9821567518019345,
        "residual_autocorr_lag1": 0.7046958973926926,
        "spectral_entropy": -6460.327271612508
      },
      "n_series": 1
    },
    {
      "window_idx": 10,
      "history_start": 6744,
      "history_end": 9624,
      "history_length": 2880,
      "metrics": {
        "trend_strength": 0.3889070967856223,
        "trend_linearity": -6.224900901657361e-09,
        "seasonal_strength": 0.9382226772598031,
        "seasonal_correlation": 0.9662677620632684,
        "residual_autocorr_lag1": 0.6906559472462847,
        "spectral_entropy": -6332.697120824483
      },
      "n_series": 1
    },
    {
      "window_idx": 11,
      "history_start": 6024,
      "history_end": 8904,
      "history_length": 2880,
      "metrics": {
        "trend_strength": 0.3798292664015659,
        "trend_linearity": -4.1152636386826173e-07,
        "seasonal_strength": 0.9370136139872721,
        "seasonal_correlation": 0.9569442951957948,
        "residual_autocorr_lag1": 0.680584612543946,
        "spectral_entropy": -6339.380243155123
      },
      "n_series": 1
    },
    {
      "window_idx": 12,
      "history_start": 5304,
      "history_end": 8184,
      "history_length": 2880,
      "metrics": {
        "trend_strength": 0.3444408640992739,
        "trend_linearity": -1.5774637339622795e-07,
        "seasonal_strength": 0.9371768147564844,
        "seasonal_correlation": 0.9654628218200749,
        "residual_autocorr_lag1": 0.6445694761309301,
        "spectral_entropy": -6195.25667775227
      },
      "n_series": 1
    },
    {
      "window_idx": 13,
      "history_start": 4584,
      "history_end": 7464,
      "history_length": 2880,
      "metrics": {
        "trend_strength": 0.3433211161870975,
        "trend_linearity": 4.504094390876284e-07,