{
  "success": true,
  "dataset": "weather",
  "term": "medium",
  "inject_range": {
    "dataset_name": "weather",
    "term": "medium",
    "frequency": "10T",
    "prediction_length": 480,
    "windows": 20,
    "max_context": 2880,
    "start_index": 40216,
    "end_index": 52216,
    "injection_length": 12000,
    "total_length": 52696
  },
  "period": 144,
  "n_windows": 20,
  "summary": {
    "mean": {
      "trend_strength": 0.6091403124438183,
      "trend_linearity": 0.0014772979501231447,
      "seasonal_strength": 0.3447679771074018,
      "seasonal_correlation": 0.7421374847057737,
      "residual_autocorr_lag1": 0.9219779048170521,
      "spectral_entropy": 13019.000848795082
    },
    "std": {
      "trend_strength": 0.17968525041691694,
      "trend_linearity": 0.007588633456078746,
      "seasonal_strength": 0.12664613736156857,
      "seasonal_correlation": 0.06833415865628248,
      "residual_autocorr_lag1": 0.031117635451809074,
      "spectral_entropy": 808.027508187418
    },
    "min": {
      "trend_strength": 0.22881334480714866,
      "trend_linearity": -0.013528821141305426,
      "seasonal_strength": 0.12355155461442857,
      "seasonal_correlation": 0.5573978514166736,
      "residual_autocorr_lag1": 0.8476671726997862,
      "spectral_entropy": 11867.065700583316
    },
    "max": {
      "trend_strength": 0.8137600899955586,
      "trend_linearity": 0.01677685126190524,
      "seasonal_strength": 0.5707125026016417,
      "seasonal_correlation": 0.8448414353886263,
      "residual_autocorr_lag1": 0.9666465102303095,
      "spectral_entropy": 14422.357909010007
    }
  },
  "window_results": [
    {
      "window_idx": 0,
      "history_start": 49336,
      "history_end": 52216,
      "history_length": 2880,
      "metrics": {
        "trend_strength": 0.799883628114047,
        "trend_linearity": -0.013528821141305426,
        "seasonal_strength": 0.3276550863369252,
        "seasonal_correlation": 0.6865450136991275,
        "residual_autocorr_lag1": 0.9352591422506793,
        "spectral_entropy": 11867.065700583316
      },
      "n_series": 1
    },
    {
      "window_idx": 1,
      "history_start": 48856,
      "history_end": 51736,
      "history_length": 2880,
      "metrics": {
        "trend_strength": 0.6228627924417287,
        "trend_linearity": -0.008626516511618458,
        "seasonal_strength": 0.15592918564397207,
        "seasonal_correlation": 0.6902442041367779,
        "residual_autocorr_lag1": 0.9378436332906799,
        "spectral_entropy": 12449.11681226868
      },
      "n_series": 1
    },
    {
      "window_idx": 2,
      "history_start": 48376,
      "history_end": 51256,
      "history_length": 2880,
      "metrics": {
        "trend_strength": 0.4980679282305557,
        "trend_linearity": -0.003260254164005797,
        "seasonal_strength": 0.18202199485843207,
        "seasonal_correlation": 0.5573978514166736,
        "residual_autocorr_lag1": 0.936717917196927,
        "spectral_entropy": 12568.013171470015
      },
      "n_series": 1
    },
    {
      "window_idx": 3,
      "history_start": 47896,
      "history_end": 50776,
      "history_length": 2880,
      "metrics": {
        "trend_strength": 0.44497851715599557,
        "trend_linearity": 0.003736017007278214,
        "seasonal_strength": 0.12355155461442857,
        "seasonal_correlation": 0.7241768508439159,
        "residual_autocorr_lag1": 0.9486968892431535,
        "spectral_entropy": 12730.462389582317
      },
      "n_series": 1
    },
    {
      "window_idx": 4,
      "history_start": 47416,
      "history_end": 50296,
      "history_length": 2880,
      "metrics": {
        "trend_strength": 0.4756737976603571,
        "trend_linearity": 0.0013110004901552119,
        "seasonal_strength": 0.1571101546454743,
        "seasonal_correlation": 0.6652549306628032,
        "residual_autocorr_lag1": 0.9519234179589827,
        "spectral_entropy": 12973.129131234138
      },
      "n_series": 1
    },
    {
      "window_idx": 5,
      "history_start": 46936,
      "history_end": 49816,
      "history_length": 2880,
      "metrics": {
        "trend_strength": 0.5836706174031605,
        "trend_linearity": 0.0062412963428474235,
        "seasonal_strength": 0.23098295806014557,
        "seasonal_correlation": 0.6973867039052031,
        "residual_autocorr_lag1": 0.9565301479976323,
        "spectral_entropy": 13022.221168686588
      },
      "n_series": 1
    },
    {
      "window_idx": 6,
      "history_start": 46456,
      "history_end": 49336,
      "history_length": 2880,
      "metrics": {
        "trend_strength": 0.6239048983904107,
        "trend_linearity": 0.0056966971183441085,
        "seasonal_strength": 0.2902885076173528,
        "seasonal_correlation": 0.7316050558248443,
        "residual_autocorr_lag1": 0.9666465102303095,
        "spectral_entropy": 12730.207298286496
      },
      "n_series": 1
    },
    {
      "window_idx": 7,
      "history_start": 45976,
      "history_end": 48856,
      "history_length": 2880,
      "metrics": {
        "trend_strength": 0.7186675938027806,
        "trend_linearity": 0.008122682246398527,
        "seasonal_strength": 0.3773356606437419,
        "seasonal_correlation": 0.7586012121906798,
        "residual_autocorr_lag1": 0.964177315878271,
        "spectral_entropy": 12377.486186426908
      },
      "n_series": 1
    },
    {
      "window_idx": 8,
      "history_start": 45496,
      "history_end": 48376,
      "history_length": 2880,
      "metrics": {
        "trend_strength": 0.7045978231805801,
        "trend_linearity": 0.004596770501773072,
        "seasonal_strength": 0.44333205592056757,
        "seasonal_correlation": 0.8112589276000122,
        "residual_autocorr_lag1": 0.944744503277986,
        "spectral_entropy": 12458.882957300413
      },
      "n_series": 1
    },
    {
      "window_idx": 9,
      "history_start": 45016,
      "history_end": 47896,
      "history_length": 2880,
      "metrics": {
        "trend_strength": 0.769134206787053,
        "trend_linearity": -0.0068437774641088,
        "seasonal_strength": 0.20673663035337664,
        "seasonal_correlation": 0.7239776315000367,
        "residual_autocorr_lag1": 0.8476671726997862,
        "spectral_entropy": 14081.076230377894
      },
      "n_series": 1
    },
    {
      "window_idx": 10,
      "history_start": 44536,
      "history_end": 47416,
      "history_length": 2880,
      "metrics": {
        "trend_strength": 0.7732258674274219,
        "trend_linearity": -0.011460630406278925,
        "seasonal_strength": 0.443934569638771,
        "seasonal_correlation": 0.8448414353886263,
        "residual_autocorr_lag1": 0.8937774736208025,
        "spectral_entropy": 14178.601860479721
      },
      "n_series": 1
    },
    {
      "window_idx": 11,
      "history_start": 44056,
      "history_end": 46936,
      "history_length": 2880,
      "metrics": {
        "trend_strength": 0.7977703179110671,
        "trend_linearity": -0.0041192726101607294,
        "seasonal_strength": 0.4364316649789125,
        "seasonal_correlation": 0.7979245434319586,
        "residual_autocorr_lag1": 0.8955211529148339,
        "spectral_entropy": 14141.830301831054
      },
      "n_series": 1
    },
    {
      "window_idx": 12,
      "history_start": 43576,
      "history_end": 46456,
      "history_length": 2880,
      "metrics": {
        "trend_strength": 0.8117035588620145,
        "trend_linearity": 0.004665276264830452,
        "seasonal_strength": 0.4131508388325632,
        "seasonal_correlation": 0.8317593750685679,
        "residual_autocorr_lag1": 0.8920179805797008,
        "spectral_entropy": 14126.194500139474
      },
      "n_series": 1
    },
    {
      "window_idx": 13,
      "history_start": 43096,
      "history_end": 45976,
      "history_length": 2880,
      "metrics": {
        "trend_strength": 0.7832307050046093,
        "trend_linearity": 0.014269477505079143,