date,OT
1990-01-01,0.593
1990-01-02,0.594
1990-01-03,0.5973
1990-01-04,0.597
1990-01-05,0.5985
1990-01-06,0.604
1990-01-07,0.607
1990-01-08,0.6084
1990-01-09,0.6115
1990-01-10,0.609
1990-01-11,0.612
1990-01-12,0.614
1990-01-13,0.6132901960784314
1990-01-14,0.6125803921568628
1990-01-15,0.611870588235294
1990-01-16,0.6111607843137254
1990-01-17,0.6104509803921568
1990-01-18,0.6097411764705882
1990-01-19,0.6090313725490196
1990-01-20,0.608321568627451
1990-01-21,0.6076117647058823
1990-01-22,0.6069019607843137
1990-01-23,0.6061921568627451
1990-01-24,0.6054823529411765
1990-01-25,0.6047725490196079
1990-01-26,0.6040627450980393
1990-01-27,0.6033529411764705
1990-01-28,0.6026431372549019
1990-01-29,0.6019333333333333
1990-01-30,0.6012235294117647
1990-01-31,0.6005137254901961
1990-02-01,0.5998039215686274
1990-02-02,0.5990941176470588
1990-02-03,0.5983843137254902
1990-02-04,0.5976745098039216
1990-02-05,0.596964705882353
1990-02-06,0.5962549019607843
1990-02-07,0.5955450980392156
1990-02-08,0.594835294117647
1990-02-09,0.5941254901960784
1990-02-10,0.5934156862745098
1990-02-11,0.5927058823529412
1990-02-12,0.5919960784313726
1990-02-13,0.5912862745098039
1990-02-14,0.5905764705882353
1990-02-15,0.5898666666666667
1990-02-16,0.589156862745098
1990-02-17,0.5884470588235294
1990-02-18,0.5877372549019607
1990-02-19,0.5870274509803921
1990-02-20,0.5863176470588235
1990-02-21,0.5856078431372549
1990-02-22,0.5848980392156863
1990-02-23,0.5841882352941177
1990-02-24,0.583478431372549
1990-02-25,0.5827686274509803
1990-02-26,0.5820588235294117
1990-02-27,0.5813490196078431
1990-02-28,0.5806392156862745
1990-03-01,0.5799294117647058
1990-03-02,0.5792196078431372
1990-03-03,0.5785098039215686
1990-03-04,0.5778
1990-03-05,0.577
1990-03-06,0.579
1990-03-07,0.5782
1990-03-08,0.578
1990-03-09,0.5784
1990-03-10,0.5783
1990-03-11,0.5792
1990-03-12,0.5796
1990-03-13,0.5795
1990-03-14,0.5796
1990-03-15,0.5777
1990-03-16,0.5788
1990-03-17,0.5815
1990-03-18,0.5827
1990-03-19,0.5828
1990-03-20,0.5818
1990-03-21,0.5817
1990-03-22,0.5755
1990-03-23,0.5735
1990-03-24,0.5748
1990-03-25,0.5685
1990-03-26,0.5708
1990-03-27,0.5711607843137254
1990-03-28,0.571521568627451
1990-03-29,0.5718823529411764
1990-03-30,0.572243137254902
1990-03-31,0.5726039215686274
1990-04-01,0.5729647058823529
1990-04-02,0.5733254901960784
1990-04-03,0.5736862745098039
1990-04-04,0.5740470588235294
1990-04-05,0.5744078431372549
1990-04-06,0.5747686274509803
1990-04-07,0.5751294117647059
1990-04-08,0.5754901960784313
1990-04-09,0.5758509803921569
1990-04-10,0.5762117647058823
1990-04-11,0.5765725490196079
1990-04-12,0.5769333333333333
1990-04-13,0.5772941176470587
1990-04-14,0.5776549019607843
1990-04-15,0.5780156862745097
1990-04-16,0.5783764705882353
1990-04-17,0.5787372549019607
1990-04-18,0.5790980392156863
1990-04-19,0.5794588235294117
1990-04-20,0.5798196078431372
1990-04-21,0.5801803921568627
1990-04-22,0.5805411764705882
1990-04-23,0.5809019607843137
1990-04-24,0.5812627450980392
1990-04-25,0.5816235294117647
1990-04-26,0.5819843137254902
1990-04-27,0.5823450980392156
1990-04-28,0.5827058823529412
1990-04-29,0.5830666666666666
1990-04-30,0.5834274509803921
1990-05-01,0.5837882352941176
1990-05-02,0.584149019607843
1990-05-03,0.5845098039215686
1990-05-04,0.584870588235294
1990-05-05,0.5852313725490196
1990-05-06,0.585592156862745
1990-05-07,0.5859529411764706
1990-05-08,0.586313725490196
1990-05-09,0.5866745098039216
1990-05-10,0.587035294117647
1990-05-11,0.5873960784313725
1990-05-12,0.587756862745098
1990-05-13,0.5881176470588235
1990-05-14,0.588478431372549
1990-05-15,0.5888392156862745
1990-05-16,0.5892
1990-05-17,0.5918
1990-05-18,0.5928
1990-05-19,0.5923
1990-05-20,0.595
1990-05-21,0.5937
1990-05-22,0.5942
1990-05-23,0.5918
1990-05-24,0.5894
1990-05-25,0.5888
1990-05-26,0.591
1990-05-27,0.5918
1990-05-28,0.594
1990-05-29,0.589
1990-05-30,0.5936
1990-05-31,0.5987
1990-06-01,0.6017
1990-06-02,0.6018
1990-06-03,0.601
1990-06-04,0.6015
1990-06-05,0.6085
1990-06-06,0.6075
1990-06-07,0.618
1990-06-08,0.6173
1990-06-09,0.619
1990-06-10,0.6197
1990-06-11,0.622
1990-06-12,0.6258
1990-06-13,0.6308
1990-06-14,0.6295
1990-06-15,0.628
1990-06-16,0.6313
1990-06-17,0.6303
1990-06-18,0.6132
1990-06-19,0.6131372549019608
1990-06-20,0.6130745098039215
1990-06-21,0.6130117647058824
1990-06-22,0.6129490196078431
1990-06-23,0.6128862745098039
1990-06-24,0.6128235294117647
1990-06-25,0.6127607843137255
1990-06-26,0.6126980392156862
1990-06-27,0.6126352941176471
1990-06-28,0.6125725490196078
1990-06-29,0.6125098039215686
1990-06-30,0.6124470588235293
1990-07-01,0.6123843137254902
1990-07-02,0.6123215686274509
1990-07-03,0.6122588235294117
1990-07-04,0.6121960784313725
1990-07-05,0.6121333333333333
1990-07-06,0.6120705882352941
1990-07-07,0.6120078431372549
1990-07-08,0.6119450980392157
1990-07-09,0.6118823529411764
1990-07-10,0.6118196078431373
1990-07-11,0.611756862745098
1990-07-12,0.6116941176470588
1990-07-13,0.6116313725490196
1990-07-14,0.6115686274509804
1990-07-15,0.6115058823529411
1990-07-16,0.611443137254902
1990-07-17,0.6113803921568627
1990-07-18,0.6113176470588235
1990-07-19,0.6112549019607842
1990-07-20,0.6111921568627451
1990-07-21,0.6111294117647058
1990-07-22,0.6110666666666666
1990-07-23,0.6110039215686275
1990-07-24,0.6109411764705882
1990-07-25,0.610878431372549
1990-07-26,0.6108156862745098
1990-07-27,0.6107529411764706
1990-07-28,0.6106901960784313
1990-07-29,0.6106274509803922
1990-07-30,0.6105647058823529
1990-07-31,0.6105019607843137
1990-08-01,0.6104392156862745
1990-08-02,0.6103764705882353
1990-08-03,0.610313725490196
1990-08-04,0.6102509803921569
1990-08-05,0.6101882352941176
1990-08-06,0.6101254901960784
1990-08-07,0.6100627450980391
1990-08-08,0.61
1990-08-09,0.6095
1990-08-10,0.6095
1990-08-11,0.6118
1990-08-12,0.6125
1990-08-13,0.6137
1990-08-14,0.6119
1990-08-15,0.6113
1990-08-16,0.61
1990-08-17,0.6098666666666667
1990-08-18,0.6097333333333333
1990-08-19,0.6096
1990-08-20,0.6094666666666666
1990-08-21,0.6093333333333333
1990-08-22,0.6092
1990-08-23,0.6090666666666666
1990-08-24,0.6089333333333333
1990-08-25,0.6088
1990-08-26,0.6086666666666667
1990-08-27,0.6085333333333333
1990-08-28,0.6083999999999999
1990-08-29,0.6082666666666666
1990-08-30,0.6081333333333333
1990-08-31,0.608
1990-09-01,0.6078666666666667
1990-09-02,0.6077333333333333
1990-09-03,0.6076
1990-09-04,0.6074666666666666
1990-09-05,0.6073333333333333
1990-09-06,0.6072
1990-09-07,0.6070666666666666
1990-09-08,0.6069333333333333
1990-09-09,0.6068
1990-09-10,0.6066666666666667
1990-09-11,0.6065333333333333
1990-09-12,0.6063999999999999
1990-09-13,0.6062666666666666
1990-09-14,0.6061333333333333
1990-09-15,0.606
1990-09-16,0.6058666666666667
1990-09-17,0.6057333333333333
1990-09-18,0.6055999999999999
1990-09-19,0.6054666666666666
1990-09-20,0.6053333333333333
1990-09-21,0.6052
1990-09-22,0.6050666666666666
1990-09-23,0.6049333333333333
1990-09-24,0.6048
1990-09-25,0.6046666666666667
1990-09-26,0.6045333333333333
1990-09-27,0.6043999999999999
1990-09-28,0.6042666666666666
1990-09-29,0.6041333333333333
1990-09-30,0.604
1990-10-01,0.6038666666666667
1990-10-02,0.6037333333333333
1990-10-03,0.6035999999999999
1990-10-04,0.6034666666666666
1990-10-05,0.6033333333333333
1990-10-06,0.6032
1990-10-07,0.6071
1990-10-08,0.6062
1990-10-09,0.6058
1990-10-10,0.6045
1990-10-11,0.5993
1990-10-12,0.5992
1990-10-13,0.5972
1990-10-14,0.5974
1990-10-15,0.6002
1990-10-16,0.5988
1990-10-17,0.5995
1990-10-18,0.601
1990-10-19,0.5977
1990-10-20,0.5977
1990-10-21,0.598
1990-10-22,0.5979
1990-10-23,0.596
1990-10-24,0.5968
1990-10-25,0.5965
1990-10-26,0.593
1990-10-27,0.594
1990-10-28,0.5953
1990-10-29,0.5957
1990-10-30,0.5945
1990-10-31,0.5891
1990-11-01,0.5865
1990-11-02,0.5865
1990-11-03,0.5865
1990-11-04,0.5865
1990-11-05,0.5873
1990-11-06,0.59
1990-11-07,0.5928
1990-11-08,0.5925
1990-11-09,0.5943
1990-11-10,0.5917
1990-11-11,0.5905
1990-11-12,0.591
1990-11-13,0.5898
1990-11-14,0.5895
1990-11-15,0.5896
1990-11-16,0.5921
1990-11-17,0.5908
1990-11-18,0.5909
1990-11-19,0.5885
1990-11-20,0.5841
1990-11-21,0.5885
1990-11-22,0.5843
1990-11-23,0.5843
1990-11-24,0.585
1990-11-25,0.5847
1990-11-26,0.588
1990-11-27,0.5875392156862744
1990-11-28,0.587078431372549
1990-11-29,0.5866176470588235
1990-11-30,0.586156862745098
1990-12-01,0.5856960784313725
1990-12-02,0.5852352941176471
1990-12-03,0.5847745098039215
1990-12-04,0.584313725490196
1990-12-05,0.5838529411764706
1990-12-06,0.583392156862745
1990-12-07,0.5829313725490196
1990-12-08,0.5824705882352941
1990-12-09,0.5820098039215686
1990-12-10,0.5815490196078431
1990-12-11,0.5810882352941176
1990-12-12,0.5806274509803921
1990-12-13,0.5801666666666666
1990-12-14,0.5797058823529412
1990-12-15,0.5792450980392156
1990-12-16,0.5787843137254902
1990-12-17,0.5783235294117647
1990-12-18,0.5778627450980391
1990-12-19,0.5774019607843137
1990-12-20,0.5769411764705882
1990-12-21,0.5764803921568628
1990-12-22,0.5760196078431372
1990-12-23,0.5755588235294118
1990-12-24,0.5750980392156863
1990-12-25,0.5746372549019607
1990-12-26,0.5741764705882353
1990-12-27,0.5737156862745098
1990-12-28,0.5732549019607843
1990-12-29,0.5727941176470588
1990-12-30,0.5723333333333334
1990-12-31,0.5718725490196078
1991-01-01,0.5714117647058824
1991-01-02,0.5709509803921569
1991-01-03,0.5704901960784313
1991-01-04,0.5700294117647059
1991-01-05,0.5695686274509804
1991-01-06,0.5691078431372549
1991-01-07,0.5686470588235294
1991-01-08,0.568186274509804
1991-01-09,0.5677254901960784
1991-01-10,0.5672647058823529
1991-01-11,0.5668039215686275
1991-01-12,0.5663431372549019
1991-01-13,0.5658823529411765
1991-01-14,0.565421568627451
1991-01-15,0.5649607843137255
1991-01-16,0.5645
1991-01-17,0.5648
1991-01-18,0.563
1991-01-19,0.5674
1991-01-20,0.5667
1991-01-21,0.565
1991-01-22,0.5664
1991-01-23,0.571
1991-01-24,0.5712
1991-01-25,0.5711
1991-01-26,0.5708
1991-01-27,0.5714
1991-01-28,0.5725
1991-01-29,0.5757
1991-01-30,0.574
1991-01-31,0.5741
1991-02-01,0.5735
1991-02-02,0.5711
1991-02-03,0.5717
1991-02-04,0.5738
1991-02-05,0.573
1991-02-06,0.5731
1991-02-07,0.5732
1991-02-08,0.5705
1991-02-09,0.575
1991-02-10,0.5753
1991-02-11,0.5755
1991-02-12,0.5742
1991-02-13,0.5735
1991-02-14,0.573
1991-02-15,0.5741
1991-02-16,0.575
1991-02-17,0.5744
1991-02-18,0.5723
1991-02-19,0.5745
1991-02-20,0.5798
1991-02-21,0.5814
1991-02-22,0.5825
1991-02-23,0.5822
1991-02-24,0.582
1991-02-25,0.5843
1991-02-26,0.5863
1991-02-27,0.587
1991-02-28,0.5839
1991-03-01,0.5843
1991-03-02,0.5845
1991-03-03,0.5856
1991-03-04,0.5737
1991-03-05,0.5643
1991-03-06,0.5693
1991-03-07,0.5678
1991-03-08,0.5699
1991-03-09,0.568
1991-03-10,0.5665
1991-03-11,0.5671
1991-03-12,0.5673
1991-03-13,0.568
1991-03-14,0.5654
1991-03-15,0.5635
1991-03-16,0.5679
1991-03-17,0.5661
1991-03-18,0.5658
1991-03-19,0.566
1991-03-20,0.5628
1991-03-21,0.5526
1991-03-22,0.5565
1991-03-23,0.5565
1991-03-24,0.5551
1991-03-25,0.5563
1991-03-26,0.5566
1991-03-27,0.564
1991-03-28,0.5633
1991-03-29,0.5585
1991-03-30,0.5618
1991-03-31,0.5611
1991-04-01,0.5654
1991-04-02,0.5667
1991-04-03,0.566
1991-04-04,0.5673
1991-04-05,0.569
1991-04-06,0.5682
1991-04-07,0.567
1991-04-08,0.564
1991-04-09,0.561
1991-04-10,0.5627
1991-04-11,0.5619
1991-04-12,0.5623
1991-04-13,0.5618
1991-04-14,0.56
1991-04-15,0.5566
1991-04-16,0.5562
1991-04-17,0.5552
1991-04-18,0.5588
1991-04-19,0.5576
1991-04-20,0.557
1991-04-21,0.554
1991-04-22,0.5496
1991-04-23,0.5507
1991-04-24,0.543
1991-04-25,0.5435
1991-04-26,0.544
1991-04-27,0.5445
1991-04-28,0.5435
1991-04-29,0.5405
1991-04-30,0.5403
1991-05-01,0.5375
1991-05-02,0.5379
1991-05-03,0.5495
1991-05-04,0.5515
1991-05-05,0.5494
1991-05-06,0.5442
1991-05-07,0.5417
1991-05-08,0.5443
1991-05-09,0.5435
1991-05-10,0.5385
1991-05-11,0.5397
1991-05-12,0.5415
1991-05-13,0.5422
1991-05-14,0.5405
1991-05-15,0.5403
1991-05-16,0.5405
1991-05-17,0.5365
1991-05-18,0.5409
1991-05-19,0.5406
1991-05-20,0.5399
1991-05-21,0.5402
1991-05-22,0.54
1991-05-23,0.5415
1991-05-24,0.5405
1991-05-25,0.5416
1991-05-26,0.5423
1991-05-27,0.5412
1991-05-28,0.5408
1991-05-29,0.5397
1991-05-30,0.5407
1991-05-31,0.5415
1991-06-01,0.5412
1991-06-02,0.5412
1991-06-03,0.5439
1991-06-04,0.5422
1991-06-05,0.5401
1991-06-06,0.5400352941176471
1991-06-07,0.5399705882352941
1991-06-08,0.5399058823529412
1991-06-09,0.5398411764705883
1991-06-10,0.5397764705882353
1991-06-11,0.5397117647058823
1991-06-12,0.5396470588235295
1991-06-13,0.5395823529411765
1991-06-14,0.5395176470588235
1991-06-15,0.5394529411764706
1991-06-16,0.5393882352941177
1991-06-17,0.5393235294117648
1991-06-18,0.5392588235294118
1991-06-19,0.5391941176470588
1991-06-20,0.539129411764706
1991-06-21,0.539064705882353
1991-06-22,0.539
1991-06-23,0.5389352941176471
1991-06-24,0.5388705882352941
1991-06-25,0.5388058823529412
1991-06-26,0.5387411764705883
1991-06-27,0.5386764705882353
1991-06-28,0.5386117647058823
1991-06-29,0.5385470588235295
1991-06-30,0.5384823529411765
1991-07-01,0.5384176470588236
1991-07-02,0.5383529411764706
1991-07-03,0.5382882352941177
1991-07-04,0.5382235294117648
1991-07-05,0.5381588235294118
1991-07-06,0.5380941176470588
1991-07-07,0.538029411764706
1991-07-08,0.537964705882353
1991-07-09,0.5379
1991-07-10,0.5378352941176471
1991-07-11,0.5377705882352941
1991-07-12,0.5377058823529413
1991-07-13,0.5376411764705883
1991-07-14,0.5375764705882353
1991-07-15,0.5375117647058824
1991-07-16,0.5374470588235295
1991-07-17,0.5373823529411765
1991-07-18,0.5373176470588236
1991-07-19,0.5372529411764706
1991-07-20,0.5371882352941177
1991-07-21,0.5371235294117648
1991-07-22,0.5370588235294118
1991-07-23,0.5369941176470588
1991-07-24,0.536929411764706
1991-07-25,0.536864705882353
1991-07-26,0.5368
1991-07-27,0.5371
1991-07-28,0.5337
1991-07-29,0.532
1991-07-30,0.533
1991-07-31,0.5347
1991-08-01,0.534
1991-08-02,0.534
1991-08-03,0.5333
1991-08-04,0.5326
1991-08-05,0.5336
1991-08-06,0.5348
1991-08-07,0.5355
1991-08-08,0.5358
1991-08-09,0.536
1991-08-10,0.5352
1991-08-11,0.5351
1991-08-12,0.5356
1991-08-13,0.5373
1991-08-14,0.5369
1991-08-15,0.5385
1991-08-16,0.5407
1991-08-17,0.5442
1991-08-18,0.5434
1991-08-19,0.5433
1991-08-20,0.5436
1991-08-21,0.5417
1991-08-22,0.5423
1991-08-23,0.542
1991-08-24,0.5435
1991-08-25,0.546
1991-08-26,0.5445
1991-08-27,0.5443
1991-08-28,0.545
1991-08-29,0.5447
1991-08-30,0.5435
1991-08-31,0.5438
1991-09-01,0.5442
1991-09-02,0.544
1991-09-03,0.544
1991-09-04,0.5448
1991-09-05,0.5441
1991-09-06,0.5438
1991-09-07,0.5448
1991-09-08,0.5455
1991-09-09,0.5458
1991-09-10,0.5467
1991-09-11,0.5474
1991-09-12,0.546
1991-09-13,0.546
1991-09-14,0.5482
1991-09-15,0.5483
1991-09-16,0.5475
1991-09-17,0.5481
1991-09-18,0.5488
1991-09-19,0.5482
1991-09-20,0.5461
1991-09-21,0.5457
1991-09-22,0.5453
1991-09-23,0.5457
1991-09-24,0.5453
1991-09-25,0.5446
1991-09-26,0.5443
1991-09-27,0.544
1991-09-28,0.5434
1991-09-29,0.5426
1991-09-30,0.5343
1991-10-01,0.5371
1991-10-02,0.538
1991-10-03,0.5381
1991-10-04,0.5398
1991-10-05,0.5401
1991-10-06,0.5384
1991-10-07,0.5383
1991-10-08,0.5408
1991-10-09,0.5415
1991-10-10,0.5417
1991-10-11,0.5408
1991-10-12,0.5392
1991-10-13,0.5386666666666666
1991-10-14,0.5381333333333334
1991-10-15,0.5376
1991-10-16,0.5370666666666667
1991-10-17,0.5365333333333333
1991-10-18,0.536
1991-10-19,0.5354666666666666
1991-10-20,0.5349333333333334
1991-10-21,0.5344
1991-10-22,0.5338666666666667
1991-10-23,0.5333333333333333
1991-10-24,0.5328
1991-10-25,0.5322666666666667
1991-10-26,0.5317333333333334
1991-10-27,0.5312
1991-10-28,0.5306666666666667
1991-10-29,0.5301333333333333
1991-10-30,0.5296
1991-10-31,0.5290666666666667
1991-11-01,0.5285333333333333
1991-11-02,0.528
1991-11-03,0.5274666666666666
1991-11-04,0.5269333333333334
1991-11-05,0.5264
1991-11-06,0.5258666666666667
1991-11-07,0.5253333333333333
1991-11-08,0.5248
1991-11-09,0.5242666666666667
1991-11-10,0.5237333333333334
1991-11-11,0.5232
1991-11-12,0.5226666666666667
1991-11-13,0.5221333333333333
1991-11-14,0.5216000000000001
1991-11-15,0.5210666666666667
1991-11-16,0.5205333333333333
1991-11-17,0.52
1991-11-18,0.5194666666666666
1991-11-19,0.5189333333333334
1991-11-20,0.5184
1991-11-21,0.5178666666666667
1991-11-22,0.5173333333333333
1991-11-23,0.5168
1991-11-24,0.5162666666666667
1991-11-25,0.5157333333333334
1991-11-26,0.5152
1991-11-27,0.5146666666666667
1991-11-28,0.5141333333333333
1991-11-29,0.5136000000000001
1991-11-30,0.5130666666666667
1991-12-01,0.5125333333333334
1991-12-02,0.512
1991-12-03,0.5127
1991-12-04,0.516
1991-12-05,0.5171
1991-12-06,0.5186
1991-12-07,0.5175
1991-12-08,0.5183
1991-12-09,0.5167
1991-12-10,0.5155
1991-12-11,0.5144
1991-12-12,0.5188
1991-12-13,0.5171
1991-12-14,0.5154
1991-12-15,0.5139
1991-12-16,0.5148
1991-12-17,0.5138
1991-12-18,0.5134
1991-12-19,0.5135
1991-12-20,0.5121
1991-12-21,0.5053
1991-12-22,0.5055
1991-12-23,0.508
1991-12-24,0.5101
1991-12-25,0.5129
1991-12-26,0.5127
1991-12-27,0.5123
1991-12-28,0.5135
1991-12-29,0.5125
1991-12-30,0.5117
1991-12-31,0.5147
1992-01-01,0.5168
1992-01-02,0.518
1992-01-03,0.5156
1992-01-04,0.518
1992-01-05,0.5162
1992-01-06,0.514
1992-01-07,0.5145
1992-01-08,0.5133
1992-01-09,0.5091
1992-01-10,0.5095
1992-01-11,0.5115
1992-01-12,0.513
1992-01-13,0.512
1992-01-14,0.5158
1992-01-15,0.5157
1992-01-16,0.516
1992-01-17,0.5168
1992-01-18,0.5252
1992-01-19,0.5225
1992-01-20,0.5233
1992-01-21,0.5269
1992-01-22,0.528
1992-01-23,0.5268
1992-01-24,0.53
1992-01-25,0.5275
1992-01-26,0.5265
1992-01-27,0.528
1992-01-28,0.5271
1992-01-29,0.5271
1992-01-30,0.5278
1992-01-31,0.5266
1992-02-01,0.5275
1992-02-02,0.5335
1992-02-03,0.5347
1992-02-04,0.5336
1992-02-05,0.5365
1992-02-06,0.5292
1992-02-07,0.5321
1992-02-08,0.5323
1992-02-09,0.534
1992-02-10,0.5341
1992-02-11,0.5345
1992-02-12,0.5316
1992-02-13,0.5276
1992-02-14,0.5288
1992-02-15,0.538
1992-02-16,0.538
1992-02-17,0.54
1992-02-18,0.5415
1992-02-19,0.5423
1992-02-20,0.5407
1992-02-21,0.5382
1992-02-22,0.5413
1992-02-23,0.5402
1992-02-24,0.5433
1992-02-25,0.5463
1992-02-26,0.5398
1992-02-27,0.5438
1992-02-28,0.5415
1992-02-29,0.5425
1992-03-01,0.5438
1992-03-02,0.543
1992-03-03,0.5432
1992-03-04,0.537
1992-03-05,0.5392
1992-03-06,0.5411
1992-03-07,0.5442
1992-03-08,0.5438
1992-03-09,0.5473
1992-03-10,0.5469
1992-03-11,0.542
1992-03-12,0.5422
1992-03-13,0.5426
1992-03-14,0.5376
1992-03-15,0.5363
1992-03-16,0.5339
1992-03-17,0.5356
1992-03-18,0.5371
1992-03-19,0.542
1992-03-20,0.5422
1992-03-21,0.5438
1992-03-22,0.5445
1992-03-23,0.5423
1992-03-24,0.5412
1992-03-25,0.5383
1992-03-26,0.5366
1992-03-27,0.5372
1992-03-28,0.5373
1992-03-29,0.5378
1992-03-30,0.5366
1992-03-31,0.5412
1992-04-01,0.5428
1992-04-02,0.5443
1992-04-03,0.5465
1992-04-04,0.551
1992-04-05,0.55
1992-04-06,0.5495
1992-04-07,0.5483
1992-04-08,0.5503
1992-04-09,0.5492
1992-04-10,0.5493039215686275
1992-04-11,0.5494078431372549
1992-04-12,0.5495117647058824
1992-04-13,0.5496156862745099
1992-04-14,0.5497196078431372
1992-04-15,0.5498235294117647
1992-04-16,0.5499274509803922
1992-04-17,0.5500313725490196
1992-04-18,0.5501352941176471
1992-04-19,0.5502392156862745
1992-04-20,0.550343137254902
1992-04-21,0.5504470588235294
1992-04-22,0.5505509803921569
1992-04-23,0.5506549019607844
1992-04-24,0.5507588235294117
1992-04-25,0.5508627450980392
1992-04-26,0.5509666666666667
1992-04-27,0.5510705882352941
1992-04-28,0.5511745098039216
1992-04-29,0.5512784313725491
1992-04-30,0.5513823529411764
1992-05-01,0.5514862745098039
1992-05-02,0.5515901960784314
1992-05-03,0.5516941176470588
1992-05-04,0.5517980392156863
1992-05-05,0.5519019607843137
1992-05-06,0.5520058823529412
1992-05-07,0.5521098039215686
1992-05-08,0.5522137254901961
1992-05-09,0.5523176470588236
1992-05-10,0.552421568627451
1992-05-11,0.5525254901960784
1992-05-12,0.5526294117647059
1992-05-13,0.5527333333333333
1992-05-14,0.5528372549019608
1992-05-15,0.5529411764705883
1992-05-16,0.5530450980392156
1992-05-17,0.5531490196078431
1992-05-18,0.5532529411764706
1992-05-19,0.553356862745098
1992-05-20,0.5534607843137255
1992-05-21,0.553564705882353
1992-05-22,0.5536686274509804
1992-05-23,0.5537725490196078
1992-05-24,0.5538764705882353
1992-05-25,0.5539803921568628
1992-05-26,0.5540843137254902
1992-05-27,0.5541882352941176
1992-05-28,0.5542921568627451
1992-05-29,0.5543960784313725
1992-05-30,0.5545
1992-05-31,0.552
1992-06-01,0.55
1992-06-02,0.5504
1992-06-03,0.5505
1992-06-04,0.5503
1992-06-05,0.548
1992-06-06,0.5476
1992-06-07,0.5495
1992-06-08,0.5515
1992-06-09,0.5521
1992-06-10,0.5518
1992-06-11,0.5516
1992-06-12,0.55
1992-06-13,0.5515
1992-06-14,0.555
1992-06-15,0.5557
1992-06-16,0.556
1992-06-17,0.5568
1992-06-18,0.556
1992-06-19,0.5556
1992-06-20,0.5545
1992-06-21,0.554
1992-06-22,0.554
1992-06-23,0.5545
1992-06-24,0.5547
1992-06-25,0.5545
1992-06-26,0.5545
1992-06-27,0.5572
1992-06-28,0.5531
1992-06-29,0.5455
1992-06-30,0.5393
1992-07-01,0.5385
1992-07-02,0.5382
1992-07-03,0.5387
1992-07-04,0.55
1992-07-05,0.55
1992-07-06,0.548
1992-07-07,0.5472
1992-07-08,0.5475
1992-07-09,0.5486
1992-07-10,0.5468
1992-07-11,0.545
1992-07-12,0.5455
1992-07-13,0.546078431372549
1992-07-14,0.5466568627450981
1992-07-15,0.547235294117647
1992-07-16,0.547813725490196
1992-07-17,0.5483921568627451
1992-07-18,0.5489705882352941
1992-07-19,0.5495490196078431
1992-07-20,0.5501274509803922
1992-07-21,0.5507058823529412
1992-07-22,0.5512843137254901
1992-07-23,0.5518627450980392
1992-07-24,0.5524411764705882
1992-07-25,0.5530196078431372
1992-07-26,0.5535980392156863
1992-07-27,0.5541764705882353
1992-07-28,0.5547549019607843
1992-07-29,0.5553333333333333
1992-07-30,0.5559117647058823
1992-07-31,0.5564901960784313
1992-08-01,0.5570686274509804
1992-08-02,0.5576470588235294
1992-08-03,0.5582254901960784
1992-08-04,0.5588039215686275
1992-08-05,0.5593823529411764
1992-08-06,0.5599607843137254
1992-08-07,0.5605392156862745
1992-08-08,0.5611176470588235
1992-08-09,0.5616960784313725
1992-08-10,0.5622745098039216
1992-08-11,0.5628529411764706
1992-08-12,0.5634313725490195
1992-08-13,0.5640098039215686
1992-08-14,0.5645882352941176
1992-08-15,0.5651666666666666
1992-08-16,0.5657450980392157
1992-08-17,0.5663235294117647
1992-08-18,0.5669019607843137
1992-08-19,0.5674803921568627
1992-08-20,0.5680588235294117
1992-08-21,0.5686372549019607
1992-08-22,0.5692156862745098
1992-08-23,0.5697941176470588
1992-08-24,0.5703725490196078
1992-08-25,0.5709509803921569
1992-08-26,0.5715294117647058
1992-08-27,0.5721078431372548
1992-08-28,0.5726862745098039
1992-08-29,0.5732647058823529
1992-08-30,0.5738431372549019
1992-08-31,0.574421568627451
1992-09-01,0.575
1992-09-02,0.5728
1992-09-03,0.5725
1992-09-04,0.572
1992-09-05,0.574
1992-09-06,0.575
1992-09-07,0.5735
1992-09-08,0.578
1992-09-09,0.5785
1992-09-10,0.5785
1992-09-11,0.5777
1992-09-12,0.575
1992-09-13,0.5765
1992-09-14,0.5701
1992-09-15,0.5697
1992-09-16,0.5735
1992-09-17,0.577
1992-09-18,0.576
1992-09-19,0.5743
1992-09-20,0.572
1992-09-21,0.5725
1992-09-22,0.5755
1992-09-23,0.576
1992-09-24,0.575
1992-09-25,0.5735
1992-09-26,0.5728
1992-09-27,0.5693
1992-09-28,0.5697901960784314
1992-09-29,0.5702803921568628
1992-09-30,0.5707705882352941
1992-10-01,0.5712607843137255
1992-10-02,0.5717509803921569
1992-10-03,0.5722411764705883
1992-10-04,0.5727313725490196
1992-10-05,0.573221568627451
1992-10-06,0.5737117647058824
1992-10-07,0.5742019607843137
1992-10-08,0.5746921568627451
1992-10-09,0.5751823529411765
1992-10-10,0.5756725490196078
1992-10-11,0.5761627450980392
1992-10-12,0.5766529411764706
1992-10-13,0.577143137254902
1992-10-14,0.5776333333333333
1992-10-15,0.5781235294117647
1992-10-16,0.5786137254901961
1992-10-17,0.5791039215686274
1992-10-18,0.5795941176470588
1992-10-19,0.5800843137254902
1992-10-20,0.5805745098039216
1992-10-21,0.5810647058823529
1992-10-22,0.5815549019607843
1992-10-23,0.5820450980392158
1992-10-24,0.5825352941176472
1992-10-25,0.5830254901960785
1992-10-26,0.5835156862745099
1992-10-27,0.5840058823529413
1992-10-28,0.5844960784313726
1992-10-29,0.584986274509804
1992-10-30,0.5854764705882354
1992-10-31,0.5859666666666667
1992-11-01,0.5864568627450981
1992-11-02,0.5869470588235295
1992-11-03,0.5874372549019609
1992-11-04,0.5879274509803922
1992-11-05,0.5884176470588236
1992-11-06,0.588907843137255
1992-11-07,0.5893980392156863
1992-11-08,0.5898882352941177
1992-11-09,0.5903784313725491
1992-11-10,0.5908686274509805
1992-11-11,0.5913588235294118
1992-11-12,0.5918490196078432
1992-11-13,0.5923392156862746
1992-11-14,0.5928294117647059
1992-11-15,0.5933196078431373
1992-11-16,0.5938098039215687
1992-11-17,0.5943
1992-11-18,0.593
1992-11-19,0.591
1992-11-20,0.5905
1992-11-21,0.5887
1992-11-22,0.5886
1992-11-23,0.5887
1992-11-24,0.5864
1992-11-25,0.587
1992-11-26,0.5876
1992-11-27,0.591
1992-11-28,0.595
1992-11-29,0.5953
1992-11-30,0.5936
1992-12-01,0.591
1992-12-02,0.588
1992-12-03,0.5897
1992-12-04,0.5918
1992-12-05,0.5928
1992-12-06,0.595
1992-12-07,0.5975
1992-12-08,0.5931
1992-12-09,0.596
1992-12-10,0.5973
1992-12-11,0.602
1992-12-12,0.603
1992-12-13,0.6055
1992-12-14,0.6051
1992-12-15,0.5972
1992-12-16,0.5983
1992-12-17,0.597
1992-12-18,0.5993
1992-12-19,0.6007
1992-12-20,0.6038
1992-12-21,0.605
1992-12-22,0.6045
1992-12-23,0.6045
1992-12-24,0.6012
1992-12-25,0.6
1992-12-26,0.6015
1992-12-27,0.6025
1992-12-28,0.6025
1992-12-29,0.6003
1992-12-30,0.6025
1992-12-31,0.604
1993-01-01,0.6043
1993-01-02,0.6002
1993-01-03,0.5987
1993-01-04,0.6
1993-01-05,0.5992
1993-01-06,0.6032
1993-01-07,0.6002
1993-01-08,0.5978
1993-01-09,0.6007
1993-01-10,0.599
1993-01-11,0.599
1993-01-12,0.6
1993-01-13,0.6025
1993-01-14,0.603
1993-01-15,0.6035
1993-01-16,0.601
1993-01-17,0.6015
1993-01-18,0.6018
1993-01-19,0.604
1993-01-20,0.6047
1993-01-21,0.6050450980392157
1993-01-22,0.6053901960784314
1993-01-23,0.605735294117647
1993-01-24,0.6060803921568627
1993-01-25,0.6064254901960784
1993-01-26,0.6067705882352942
1993-01-27,0.6071156862745098
1993-01-28,0.6074607843137255
1993-01-29,0.6078058823529412
1993-01-30,0.6081509803921569
1993-01-31,0.6084960784313725
1993-02-01,0.6088411764705882
1993-02-02,0.6091862745098039
1993-02-03,0.6095313725490196
1993-02-04,0.6098764705882352
1993-02-05,0.610221568627451
1993-02-06,0.6105666666666667
1993-02-07,0.6109117647058824
1993-02-08,0.611256862745098
1993-02-09,0.6116019607843137
1993-02-10,0.6119470588235294
1993-02-11,0.6122921568627451
1993-02-12,0.6126372549019607
1993-02-13,0.6129823529411764
1993-02-14,0.6133274509803921
1993-02-15,0.6136725490196079
1993-02-16,0.6140176470588236
1993-02-17,0.6143627450980392
1993-02-18,0.6147078431372549
1993-02-19,0.6150529411764706
1993-02-20,0.6153980392156863
1993-02-21,0.6157431372549019
1993-02-22,0.6160882352941176
1993-02-23,0.6164333333333333
1993-02-24,0.616778431372549
1993-02-25,0.6171235294117647
1993-02-26,0.6174686274509804
1993-02-27,0.6178137254901961
1993-02-28,0.6181588235294118
1993-03-01,0.6185039215686274
1993-03-02,0.6188490196078431
1993-03-03,0.6191941176470588
1993-03-04,0.6195392156862745
1993-03-05,0.6198843137254901
1993-03-06,0.6202294117647058
1993-03-07,0.6205745098039215
1993-03-08,0.6209196078431373
1993-03-09,0.6212647058823529
1993-03-10,0.6216098039215686
1993-03-11,0.6219549019607843
1993-03-12,0.6223
1993-03-13,0.624
1993-03-14,0.622
1993-03-15,0.623
1993-03-16,0.6225
1993-03-17,0.6207
1993-03-18,0.6227
1993-03-19,0.6233
1993-03-20,0.6278
1993-03-21,0.6299
1993-03-22,0.63
1993-03-23,0.63
1993-03-24,0.6325
1993-03-25,0.6343
1993-03-26,0.6328
1993-03-27,0.6346
1993-03-28,0.6352
1993-03-29,0.637
1993-03-30,0.6385
1993-03-31,0.641
1993-04-01,0.639
1993-04-02,0.64
1993-04-03,0.6384
1993-04-04,0.6385333333333333
1993-04-05,0.6386666666666666
1993-04-06,0.6387999999999999
1993-04-07,0.6389333333333334
1993-04-08,0.6390666666666667
1993-04-09,0.6392
1993-04-10,0.6393333333333333
1993-04-11,0.6394666666666666
1993-04-12,0.6396
1993-04-13,0.6397333333333333
1993-04-14,0.6398666666666667
1993-04-15,0.64
1993-04-16,0.6401333333333333
1993-04-17,0.6402666666666667
1993-04-18,0.6404
1993-04-19,0.6405333333333333
1993-04-20,0.6406666666666666
1993-04-21,0.6407999999999999
1993-04-22,0.6409333333333334
1993-04-23,0.6410666666666667
1993-04-24,0.6412
1993-04-25,0.6413333333333333
1993-04-26,0.6414666666666666
1993-04-27,0.6416
1993-04-28,0.6417333333333333
1993-04-29,0.6418666666666667
1993-04-30,0.642
1993-05-01,0.6421333333333333
1993-05-02,0.6422666666666667
1993-05-03,0.6424
1993-05-04,0.6425333333333333
1993-05-05,0.6426666666666666
1993-05-06,0.6428
1993-05-07,0.6429333333333334
1993-05-08,0.6430666666666667
1993-05-09,0.6432
1993-05-10,0.6433333333333333
1993-05-11,0.6434666666666666
1993-05-12,0.6436
1993-05-13,0.6437333333333333
1993-05-14,0.6438666666666667
1993-05-15,0.644
1993-05-16,0.6441333333333333
1993-05-17,0.6442666666666667
1993-05-18,0.6444
1993-05-19,0.6445333333333333
1993-05-20,0.6446666666666666
1993-05-21,0.6448
1993-05-22,0.6449333333333334
1993-05-23,0.6450666666666667
1993-05-24,0.6452
1993-05-25,0.6442
1993-05-26,0.646
1993-05-27,0.6465
1993-05-28,0.6507
1993-05-29,0.6504
1993-05-30,0.6505
1993-05-31,0.6415
1993-06-01,0.6463
1993-06-02,0.6447
1993-06-03,0.6465
1993-06-04,0.647
1993-06-05,0.6482
1993-06-06,0.6505
1993-06-07,0.6481
1993-06-08,0.6482
1993-06-09,0.6491
1993-06-10,0.6497
1993-06-11,0.6549
1993-06-12,0.6548
1993-06-13,0.655
1993-06-14,0.657
1993-06-15,0.658
1993-06-16,0.663
1993-06-17,0.6645
1993-06-18,0.6628
1993-06-19,0.667
1993-06-20,0.6728
1993-06-21,0.672
1993-06-22,0.6751
1993-06-23,0.6718
1993-06-24,0.6695
1993-06-25,0.6716
1993-06-26,0.672
1993-06-27,0.6721
1993-06-28,0.6737
1993-06-29,0.6663
1993-06-30,0.6737
1993-07-01,0.6718
1993-07-02,0.6744
1993-07-03,0.675
1993-07-04,0.6762
1993-07-05,0.6785
1993-07-06,0.6753
1993-07-07,0.6755
1993-07-08,0.6752
1993-07-09,0.6713
1993-07-10,0.6695
1993-07-11,0.662
1993-07-12,0.6616
1993-07-13,0.6628
1993-07-14,0.6666
1993-07-15,0.661
1993-07-16,0.656
1993-07-17,0.6576
1993-07-18,0.6604
1993-07-19,0.6588
1993-07-20,0.664
1993-07-21,0.669
1993-07-22,0.6673
1993-07-23,0.6647
1993-07-24,0.6613
1993-07-25,0.6678
1993-07-26,0.668
1993-07-27,0.6703
1993-07-28,0.672
1993-07-29,0.6703
1993-07-30,0.668
1993-07-31,0.6675
1993-08-01,0.6693
1993-08-02,0.6712
1993-08-03,0.6687
1993-08-04,0.6691
1993-08-05,0.6712
1993-08-06,0.6722
1993-08-07,0.6725
1993-08-08,0.6705
1993-08-09,0.67
1993-08-10,0.672
1993-08-11,0.6713
1993-08-12,0.6682
1993-08-13,0.6685
1993-08-14,0.6685
1993-08-15,0.6705
1993-08-16,0.6714
1993-08-17,0.6757
1993-08-18,0.6774
1993-08-19,0.6727
1993-08-20,0.6735
1993-08-21,0.6728
1993-08-22,0.6756
1993-08-23,0.6763
1993-08-24,0.6745
1993-08-25,0.674135294117647
1993-08-26,0.6737705882352941
1993-08-27,0.6734058823529412
1993-08-28,0.6730411764705883
1993-08-29,0.6726764705882353
1993-08-30,0.6723117647058824
1993-08-31,0.6719470588235295
1993-09-01,0.6715823529411765
1993-09-02,0.6712176470588235
1993-09-03,0.6708529411764705
1993-09-04,0.6704882352941176
1993-09-05,0.6701235294117647
1993-09-06,0.6697588235294117
1993-09-07,0.6693941176470588
1993-09-08,0.6690294117647059
1993-09-09,0.6686647058823529
1993-09-10,0.6683
1993-09-11,0.6679352941176471
1993-09-12,0.6675705882352941
1993-09-13,0.6672058823529412
1993-09-14,0.6668411764705883
1993-09-15,0.6664764705882353
1993-09-16,0.6661117647058824
1993-09-17,0.6657470588235295
1993-09-18,0.6653823529411765
1993-09-19,0.6650176470588235
1993-09-20,0.6646529411764706
1993-09-21,0.6642882352941176
1993-09-22,0.6639235294117647
1993-09-23,0.6635588235294118
1993-09-24,0.6631941176470588
1993-09-25,0.6628294117647059
1993-09-26,0.662464705882353
1993-09-27,0.6621
1993-09-28,0.6617352941176471
1993-09-29,0.6613705882352942
1993-09-30,0.6610058823529412
1993-10-01,0.6606411764705883
1993-10-02,0.6602764705882354
1993-10-03,0.6599117647058824
1993-10-04,0.6595470588235295
1993-10-05,0.6591823529411766
1993-10-06,0.6588176470588235
1993-10-07,0.6584529411764706
1993-10-08,0.6580882352941176
1993-10-09,0.6577235294117647
1993-10-10,0.6573588235294118
1993-10-11,0.6569941176470588
1993-10-12,0.6566294117647059
1993-10-13,0.656264705882353
1993-10-14,0.6559
1993-10-15,0.655
1993-10-16,0.658
1993-10-17,0.6579
1993-10-18,0.656
1993-10-19,0.6583
1993-10-20,0.66
1993-10-21,0.6618
1993-10-22,0.6591
1993-10-23,0.6605
1993-10-24,0.6614
1993-10-25,0.6608
1993-10-26,0.6605
1993-10-27,0.658
1993-10-28,0.6575
1993-10-29,0.658
1993-10-30,0.6603
1993-10-31,0.661
1993-11-01,0.659
1993-11-02,0.6555
1993-11-03,0.6566
1993-11-04,0.6565
1993-11-05,0.66
1993-11-06,0.66
1993-11-07,0.655
1993-11-08,0.656
1993-11-09,0.6545
1993-11-10,0.655
1993-11-11,0.654
1993-11-12,0.653
1993-11-13,0.6515
1993-11-14,0.653
1993-11-15,0.6508
1993-11-16,0.6502
1993-11-17,0.6469
1993-11-18,0.6472
1993-11-19,0.6475
1993-11-20,0.6511
1993-11-21,0.6532
1993-11-22,0.6525
1993-11-23,0.6513
1993-11-24,0.6509
1993-11-25,0.6555
1993-11-26,0.6553
1993-11-27,0.6556470588235294
1993-11-28,0.6559941176470588
1993-11-29,0.6563411764705882
1993-11-30,0.6566882352941177
1993-12-01,0.657035294117647
1993-12-02,0.6573823529411764
1993-12-03,0.6577294117647059
1993-12-04,0.6580764705882353
1993-12-05,0.6584235294117647
1993-12-06,0.6587705882352941
1993-12-07,0.6591176470588236
1993-12-08,0.659464705882353
1993-12-09,0.6598117647058823
1993-12-10,0.6601588235294118
1993-12-11,0.6605058823529412
1993-12-12,0.6608529411764706
1993-12-13,0.6612
1993-12-14,0.6615470588235294
1993-12-15,0.6618941176470589
1993-12-16,0.6622411764705882
1993-12-17,0.6625882352941177
1993-12-18,0.6629352941176471
1993-12-19,0.6632823529411764
1993-12-20,0.6636294117647059
1993-12-21,0.6639764705882353
1993-12-22,0.6643235294117648
1993-12-23,0.6646705882352941
1993-12-24,0.6650176470588236
1993-12-25,0.665364705882353
1993-12-26,0.6657117647058823
1993-12-27,0.6660588235294118
1993-12-28,0.6664058823529412
1993-12-29,0.6667529411764707
1993-12-30,0.6671
1993-12-31,0.6674470588235294
1994-01-01,0.6677941176470589
1994-01-02,0.6681411764705882
1994-01-03,0.6684882352941177
1994-01-04,0.6688352941176471
1994-01-05,0.6691823529411765
1994-01-06,0.6695294117647059
1994-01-07,0.6698764705882353
1994-01-08,0.6702235294117648
1994-01-09,0.6705705882352941
1994-01-10,0.6709176470588236
1994-01-11,0.671264705882353
1994-01-12,0.6716117647058824
1994-01-13,0.6719588235294118
1994-01-14,0.6723058823529412
1994-01-15,0.6726529411764707
1994-01-16,0.673
1994-01-17,0.6747
1994-01-18,0.676
1994-01-19,0.6783
1994-01-20,0.6782
1994-01-21,0.6762
1994-01-22,0.6745
1994-01-23,0.6765
1994-01-24,0.6763
1994-01-25,0.6739
1994-01-26,0.6697
1994-01-27,0.6731
1994-01-28,0.6736
1994-01-29,0.6729
1994-01-30,0.675
1994-01-31,0.675
1994-02-01,0.6726
1994-02-02,0.6755
1994-02-03,0.6792
1994-02-04,0.6835
1994-02-05,0.6835
1994-02-06,0.689
1994-02-07,0.683
1994-02-08,0.681
1994-02-09,0.6821
1994-02-10,0.6857
1994-02-11,0.6869
1994-02-12,0.6869
1994-02-13,0.6868
1994-02-14,0.6825
1994-02-15,0.6828
1994-02-16,0.6783
1994-02-17,0.6807
1994-02-18,0.685
1994-02-19,0.6842
1994-02-20,0.6813
1994-02-21,0.6813
1994-02-22,0.6825
1994-02-23,0.6833
1994-02-24,0.682
1994-02-25,0.6819333333333334
1994-02-26,0.6818666666666667
1994-02-27,0.6818000000000001
1994-02-28,0.6817333333333334
1994-03-01,0.6816666666666668
1994-03-02,0.6816000000000001
1994-03-03,0.6815333333333333
1994-03-04,0.6814666666666667
1994-03-05,0.6814
1994-03-06,0.6813333333333333
1994-03-07,0.6812666666666667
1994-03-08,0.6812
1994-03-09,0.6811333333333334
1994-03-10,0.6810666666666667
1994-03-11,0.681
1994-03-12,0.6809333333333334
1994-03-13,0.6808666666666667
1994-03-14,0.6808000000000001
1994-03-15,0.6807333333333334
1994-03-16,0.6806666666666666
1994-03-17,0.6806
1994-03-18,0.6805333333333333
1994-03-19,0.6804666666666667
1994-03-20,0.6804
1994-03-21,0.6803333333333333
1994-03-22,0.6802666666666667
1994-03-23,0.6802
1994-03-24,0.6801333333333334
1994-03-25,0.6800666666666667
1994-03-26,0.68
1994-03-27,0.6799333333333334
1994-03-28,0.6798666666666666
1994-03-29,0.6798
1994-03-30,0.6797333333333333
1994-03-31,0.6796666666666666
1994-04-01,0.6796
1994-04-02,0.6795333333333333
1994-04-03,0.6794666666666667
1994-04-04,0.6794
1994-04-05,0.6793333333333333
1994-04-06,0.6792666666666667
1994-04-07,0.6792
1994-04-08,0.6791333333333334
1994-04-09,0.6790666666666667
1994-04-10,0.6789999999999999
1994-04-11,0.6789333333333333
1994-04-12,0.6788666666666666
1994-04-13,0.6788
1994-04-14,0.6787333333333333
1994-04-15,0.6786666666666666
1994-04-16,0.6786
1994-04-17,0.6787
1994-04-18,0.677
1994-04-19,0.6798
1994-04-20,0.6823
1994-04-21,0.683
1994-04-22,0.686
1994-04-23,0.6846
1994-04-24,0.6843
1994-04-25,0.6823
1994-04-26,0.688
1994-04-27,0.6882117647058823
1994-04-28,0.6884235294117647
1994-04-29,0.688635294117647
1994-04-30,0.6888470588235294
1994-05-01,0.6890588235294117
1994-05-02,0.6892705882352941
1994-05-03,0.6894823529411764
1994-05-04,0.6896941176470588
1994-05-05,0.6899058823529411
1994-05-06,0.6901176470588235
1994-05-07,0.6903294117647059
1994-05-08,0.6905411764705882
1994-05-09,0.6907529411764706
1994-05-10,0.6909647058823529
1994-05-11,0.6911764705882353
1994-05-12,0.6913882352941176
1994-05-13,0.6916
1994-05-14,0.6918117647058823
1994-05-15,0.6920235294117647
1994-05-16,0.6922352941176471
1994-05-17,0.6924470588235294
1994-05-18,0.6926588235294118
1994-05-19,0.6928705882352941
1994-05-20,0.6930823529411765
1994-05-21,0.6932941176470588
1994-05-22,0.6935058823529411
1994-05-23,0.6937176470588234
1994-05-24,0.6939294117647058
1994-05-25,0.6941411764705882
1994-05-26,0.6943529411764705
1994-05-27,0.6945647058823529
1994-05-28,0.6947764705882352
1994-05-29,0.6949882352941176
1994-05-30,0.6951999999999999
1994-05-31,0.6954117647058823
1994-06-01,0.6956235294117646
1994-06-02,0.695835294117647
1994-06-03,0.6960470588235294
1994-06-04,0.6962588235294117
1994-06-05,0.6964705882352941
1994-06-06,0.6966823529411764
1994-06-07,0.6968941176470588
1994-06-08,0.6971058823529411
1994-06-09,0.6973176470588235
1994-06-10,0.6975294117647058
1994-06-11,0.6977411764705882
1994-06-12,0.6979529411764706
1994-06-13,0.6981647058823529
1994-06-14,0.6983764705882353
1994-06-15,0.6985882352941176
1994-06-16,0.6988
1994-06-17,0.7021
1994-06-18,0.6995
1994-06-19,0.6916
1994-06-20,0.6981
1994-06-21,0.6978
1994-06-22,0.6986
1994-06-23,0.6995
1994-06-24,0.6996
1994-06-25,0.6996196078431373
1994-06-26,0.6996392156862745
1994-06-27,0.6996588235294118
1994-06-28,0.699678431372549
1994-06-29,0.6996980392156863
1994-06-30,0.6997176470588236
1994-07-01,0.6997372549019608
1994-07-02,0.6997568627450981
1994-07-03,0.6997764705882353
1994-07-04,0.6997960784313726
1994-07-05,0.6998156862745099
1994-07-06,0.6998352941176471
1994-07-07,0.6998549019607843
1994-07-08,0.6998745098039215
1994-07-09,0.6998941176470588
1994-07-10,0.699913725490196
1994-07-11,0.6999333333333333
1994-07-12,0.6999529411764706
1994-07-13,0.6999725490196078
1994-07-14,0.6999921568627451
1994-07-15,0.7000117647058823
1994-07-16,0.7000313725490196
1994-07-17,0.7000509803921569
1994-07-18,0.7000705882352941
1994-07-19,0.7000901960784314
1994-07-20,0.7001098039215686
1994-07-21,0.7001294117647059
1994-07-22,0.7001490196078431
1994-07-23,0.7001686274509804
1994-07-24,0.7001882352941177
1994-07-25,0.7002078431372549
1994-07-26,0.7002274509803922
1994-07-27,0.7002470588235294
1994-07-28,0.7002666666666667
1994-07-29,0.700286274509804
1994-07-30,0.7003058823529412
1994-07-31,0.7003254901960785
1994-08-01,0.7003450980392157
1994-08-02,0.7003647058823529
1994-08-03,0.7003843137254901
1994-08-04,0.7004039215686274
1994-08-05,0.7004235294117647
1994-08-06,0.7004431372549019
1994-08-07,0.7004627450980392
1994-08-08,0.7004823529411764
1994-08-09,0.7005019607843137
1994-08-10,0.700521568627451
1994-08-11,0.7005411764705882
1994-08-12,0.7005607843137255
1994-08-13,0.7005803921568627
1994-08-14,0.7006
1994-08-15,0.7015
1994-08-16,0.698
1994-08-17,0.7077
1994-08-18,0.7055
1994-08-19,0.7073
1994-08-20,0.7083
1994-08-21,0.7075
1994-08-22,0.7072
1994-08-23,0.706
1994-08-24,0.7065
1994-08-25,0.7055
1994-08-26,0.7065
1994-08-27,0.7072
1994-08-28,0.7075
1994-08-29,0.7081
1994-08-30,0.7097
1994-08-31,0.7067
1994-09-01,0.7065
1994-09-02,0.705
1994-09-03,0.7035
1994-09-04,0.703
1994-09-05,0.7028333333333333
1994-09-06,0.7026666666666667
1994-09-07,0.7025
1994-09-08,0.7023333333333333
1994-09-09,0.7021666666666666
1994-09-10,0.702
1994-09-11,0.7018333333333333
1994-09-12,0.7016666666666667
1994-09-13,0.7015
1994-09-14,0.7013333333333333
1994-09-15,0.7011666666666666
1994-09-16,0.701
1994-09-17,0.7008333333333333
1994-09-18,0.7006666666666667
1994-09-19,0.7005
1994-09-20,0.7003333333333333
1994-09-21,0.7001666666666666
1994-09-22,0.7
1994-09-23,0.6998333333333333
1994-09-24,0.6996666666666667
1994-09-25,0.6995
1994-09-26,0.6993333333333334
1994-09-27,0.6991666666666666
1994-09-28,0.699
1994-09-29,0.6988333333333333
1994-09-30,0.6986666666666667
1994-10-01,0.6985
1994-10-02,0.6983333333333334
1994-10-03,0.6981666666666666
1994-10-04,0.698
1994-10-05,0.6978333333333333
1994-10-06,0.6976666666666667
1994-10-07,0.6975
1994-10-08,0.6973333333333334
1994-10-09,0.6971666666666667
1994-10-10,0.697
1994-10-11,0.6968333333333333
1994-10-12,0.6966666666666667
1994-10-13,0.6965
1994-10-14,0.6963333333333334
1994-10-15,0.6961666666666667
1994-10-16,0.696
1994-10-17,0.6958333333333333
1994-10-18,0.6956666666666667
1994-10-19,0.6955
1994-10-20,0.6953333333333334
1994-10-21,0.6951666666666667
1994-10-22,0.695
1994-10-23,0.6948333333333333
1994-10-24,0.6946666666666667
1994-10-25,0.6945
1994-10-26,0.6947
1994-10-27,0.6973
1994-10-28,0.6963
1994-10-29,0.6927
1994-10-30,0.6905
1994-10-31,0.6892
1994-11-01,0.6886
1994-11-02,0.6935
1994-11-03,0.6916
1994-11-04,0.6938
1994-11-05,0.692
1994-11-06,0.6873
1994-11-07,0.687
1994-11-08,0.6893
1994-11-09,0.6915
1994-11-10,0.6938
1994-11-11,0.6938
1994-11-12,0.6928
1994-11-13,0.692
1994-11-14,0.6935
1994-11-15,0.6949
1994-11-16,0.694
1994-11-17,0.693
1994-11-18,0.689
1994-11-19,0.6905
1994-11-20,0.6885
1994-11-21,0.687
1994-11-22,0.6847
1994-11-23,0.6858
1994-11-24,0.6877
1994-11-25,0.695
1994-11-26,0.6945
1994-11-27,0.6956
1994-11-28,0.6962
1994-11-29,0.693
1994-11-30,0.6917
1994-12-01,0.692
1994-12-02,0.6953
1994-12-03,0.6935
1994-12-04,0.6902
1994-12-05,0.6908
1994-12-06,0.6896
1994-12-07,0.6902
1994-12-08,0.6895
1994-12-09,0.6879
1994-12-10,0.6885
1994-12-11,0.6887
1994-12-12,0.6865
1994-12-13,0.6885
1994-12-14,0.6902
1994-12-15,0.6915
1994-12-16,0.6905
1994-12-17,0.6907
1994-12-18,0.6895
1994-12-19,0.69
1994-12-20,0.6894
1994-12-21,0.6895
1994-12-22,0.6867
1994-12-23,0.685
1994-12-24,0.6827
1994-12-25,0.684
1994-12-26,0.6848
1994-12-27,0.6872
1994-12-28,0.6789
1994-12-29,0.679
1994-12-30,0.678
1994-12-31,0.678
1995-01-01,0.6775
1995-01-02,0.6745
1995-01-03,0.6757
1995-01-04,0.673
1995-01-05,0.6724
1995-01-06,0.6697
1995-01-07,0.6655
1995-01-08,0.663
1995-01-09,0.6592
1995-01-10,0.6557
1995-01-11,0.6523
1995-01-12,0.6534
1995-01-13,0.6478
1995-01-14,0.6497
1995-01-15,0.653
1995-01-16,0.6525
1995-01-17,0.641
1995-01-18,0.6495
1995-01-19,0.6502
1995-01-20,0.6498
1995-01-21,0.6433
1995-01-22,0.643
1995-01-23,0.6448
1995-01-24,0.6393
1995-01-25,0.6385
1995-01-26,0.6373
1995-01-27,0.6418
1995-01-28,0.638
1995-01-29,0.6414
1995-01-30,0.6415
1995-01-31,0.6421
1995-02-01,0.6435
1995-02-02,0.6443
1995-02-03,0.6403
1995-02-04,0.6403
1995-02-05,0.647
1995-02-06,0.6465
1995-02-07,0.646
1995-02-08,0.6435
1995-02-09,0.6433
1995-02-10,0.6385
1995-02-11,0.6335
1995-02-12,0.6342
1995-02-13,0.6378
1995-02-14,0.6361
1995-02-15,0.636
1995-02-16,0.6358
1995-02-17,0.633
1995-02-18,0.634
1995-02-19,0.636
1995-02-20,0.6337
1995-02-21,0.6363
1995-02-22,0.6305
1995-02-23,0.6335
1995-02-24,0.6347
1995-02-25,0.636
1995-02-26,0.6385
1995-02-27,0.6413
1995-02-28,0.6412
1995-03-01,0.6375
1995-03-02,0.6398
1995-03-03,0.6425
1995-03-04,0.6427
1995-03-05,0.6415
1995-03-06,0.637
1995-03-07,0.641
1995-03-08,0.6415
1995-03-09,0.6443
1995-03-10,0.646
1995-03-11,0.6459
1995-03-12,0.6445
1995-03-13,0.645
1995-03-14,0.6412
1995-03-15,0.641
1995-03-16,0.6365
1995-03-17,0.6255
1995-03-18,0.6225
1995-03-19,0.621
1995-03-20,0.6233
1995-03-21,0.627
1995-03-22,0.6265
1995-03-23,0.6235
1995-03-24,0.6225
1995-03-25,0.6328
1995-03-26,0.6268
1995-03-27,0.625
1995-03-28,0.6245
1995-03-29,0.6236470588235294
1995-03-30,0.6227941176470588
1995-03-31,0.6219411764705883
1995-04-01,0.6210882352941177
1995-04-02,0.6202352941176471
1995-04-03,0.6193823529411765
1995-04-04,0.6185294117647059
1995-04-05,0.6176764705882354
1995-04-06,0.6168235294117648
1995-04-07,0.6159705882352942
1995-04-08,0.6151176470588235
1995-04-09,0.6142647058823529
1995-04-10,0.6134117647058824
1995-04-11,0.6125588235294118
1995-04-12,0.6117058823529412
1995-04-13,0.6108529411764706
1995-04-14,0.61
1995-04-15,0.6091470588235295
1995-04-16,0.6082941176470589
1995-04-17,0.6074411764705883
1995-04-18,0.6065882352941177
1995-04-19,0.605735294117647
1995-04-20,0.6048823529411764
1995-04-21,0.6040294117647059
1995-04-22,0.6031764705882353
1995-04-23,0.6023235294117647
1995-04-24,0.6014705882352941
1995-04-25,0.6006176470588236
1995-04-26,0.599764705882353
1995-04-27,0.5989117647058824
1995-04-28,0.5980588235294118
1995-04-29,0.5972058823529411
1995-04-30,0.5963529411764705
1995-05-01,0.5955
1995-05-02,0.5946470588235294
1995-05-03,0.5937941176470588
1995-05-04,0.5929411764705882
1995-05-05,0.5920882352941176
1995-05-06,0.5912352941176471
1995-05-07,0.5903823529411765
1995-05-08,0.5895294117647059
1995-05-09,0.5886764705882352
1995-05-10,0.5878235294117646
1995-05-11,0.5869705882352941
1995-05-12,0.5861176470588235
1995-05-13,0.5852647058823529
1995-05-14,0.5844117647058823
1995-05-15,0.5835588235294117
1995-05-16,0.5827058823529412
1995-05-17,0.5818529411764706
1995-05-18,0.581
1995-05-19,0.586
1995-05-20,0.5933
1995-05-21,0.594
1995-05-22,0.588
1995-05-23,0.5865
1995-05-24,0.5915
1995-05-25,0.5863
1995-05-26,0.5875
1995-05-27,0.5863
1995-05-28,0.5823
1995-05-29,0.5837
1995-05-30,0.591
1995-05-31,0.590421568627451
1995-06-01,0.5898431372549019
1995-06-02,0.5892647058823529
1995-06-03,0.5886862745098039
1995-06-04,0.5881078431372548
1995-06-05,0.5875294117647059
1995-06-06,0.5869509803921569
1995-06-07,0.5863725490196078
1995-06-08,0.5857941176470588
1995-06-09,0.5852156862745098
1995-06-10,0.5846372549019607
1995-06-11,0.5840588235294117
1995-06-12,0.5834803921568628
1995-06-13,0.5829019607843137
1995-06-14,0.5823235294117647
1995-06-15,0.5817450980392157
1995-06-16,0.5811666666666666
1995-06-17,0.5805882352941176
1995-06-18,0.5800098039215686
1995-06-19,0.5794313725490196
1995-06-20,0.5788529411764706
1995-06-21,0.5782745098039216
1995-06-22,0.5776960784313725
1995-06-23,0.5771176470588235
1995-06-24,0.5765392156862745
1995-06-25,0.5759607843137254
1995-06-26,0.5753823529411765
1995-06-27,0.5748039215686275
1995-06-28,0.5742254901960784
1995-06-29,0.5736470588235294
1995-06-30,0.5730686274509804
1995-07-01,0.5724901960784313
1995-07-02,0.5719117647058823
1995-07-03,0.5713333333333334
1995-07-04,0.5707549019607843
1995-07-05,0.5701764705882353
1995-07-06,0.5695980392156863
1995-07-07,0.5690196078431372
1995-07-08,0.5684411764705882
1995-07-09,0.5678627450980392
1995-07-10,0.5672843137254902
1995-07-11,0.5667058823529412
1995-07-12,0.5661274509803922
1995-07-13,0.5655490196078431
1995-07-14,0.5649705882352941
1995-07-15,0.5643921568627451
1995-07-16,0.563813725490196
1995-07-17,0.5632352941176471
1995-07-18,0.5626568627450981
1995-07-19,0.562078431372549
1995-07-20,0.5615
1995-07-21,0.5595
1995-07-22,0.5587352941176471
1995-07-23,0.5579705882352941
1995-07-24,0.5572058823529412
1995-07-25,0.5564411764705882
1995-07-26,0.5556764705882353
1995-07-27,0.5549117647058823
1995-07-28,0.5541470588235294
1995-07-29,0.5533823529411764
1995-07-30,0.5526176470588235
1995-07-31,0.5518529411764705
1995-08-01,0.5510882352941177
1995-08-02,0.5503235294117647
1995-08-03,0.5495588235294118
1995-08-04,0.5487941176470588
1995-08-05,0.5480294117647059
1995-08-06,0.5472647058823529
1995-08-07,0.5465
1995-08-08,0.5457352941176471
1995-08-09,0.5449705882352941
1995-08-10,0.5442058823529412
1995-08-11,0.5434411764705882
1995-08-12,0.5426764705882353
1995-08-13,0.5419117647058823
1995-08-14,0.5411470588235294
1995-08-15,0.5403823529411764
1995-08-16,0.5396176470588235
1995-08-17,0.5388529411764705
1995-08-18,0.5380882352941176
1995-08-19,0.5373235294117646
1995-08-20,0.5365588235294118
1995-08-21,0.5357941176470588
1995-08-22,0.5350294117647059
1995-08-23,0.5342647058823529
1995-08-24,0.5335
1995-08-25,0.5327352941176471
1995-08-26,0.5319705882352941
1995-08-27,0.5312058823529412
1995-08-28,0.5304411764705882
1995-08-29,0.5296764705882353
1995-08-30,0.5289117647058823
1995-08-31,0.5281470588235294
1995-09-01,0.5273823529411764
1995-09-02,0.5266176470588235
1995-09-03,0.5258529411764705
1995-09-04,0.5250882352941176
1995-09-05,0.5243235294117646
1995-09-06,0.5235588235294117
1995-09-07,0.5227941176470587
1995-09-08,0.5220294117647059
1995-09-09,0.5212647058823529
1995-09-10,0.5205
1995-09-11,0.5166
1995-09-12,0.5128
1995-09-13,0.514
1995-09-14,0.5173
1995-09-15,0.5255
1995-09-16,0.5225
1995-09-17,0.5267
1995-09-18,0.527
1995-09-19,0.527
1995-09-20,0.5251
1995-09-21,0.5206
1995-09-22,0.517
1995-09-23,0.5195
1995-09-24,0.511
1995-09-25,0.5138
1995-09-26,0.5135
1995-09-27,0.5173
1995-09-28,0.5115
1995-09-29,0.5095
1995-09-30,0.5135
1995-10-01,0.5165
1995-10-02,0.5135
1995-10-03,0.509
1995-10-04,0.5069
1995-10-05,0.5013
1995-10-06,0.5027
1995-10-07,0.5038
1995-10-08,0.5038
1995-10-09,0.5038
1995-10-10,0.5027
1995-10-11,0.5038
1995-10-12,0.4985
1995-10-13,0.4925
1995-10-14,0.491
1995-10-15,0.4912
1995-10-16,0.4885
1995-10-17,0.4838
1995-10-18,0.4928
1995-10-19,0.495
1995-10-20,0.5073
1995-10-21,0.5035
1995-10-22,0.5005
1995-10-23,0.5062
1995-10-24,0.5097
1995-10-25,0.5075
1995-10-26,0.5155
1995-10-27,0.5136
1995-10-28,0.514
1995-10-29,0.5075
1995-10-30,0.5093
1995-10-31,0.504
1995-11-01,0.5005
1995-11-02,0.496
1995-11-03,0.4905
1995-11-04,0.4939
1995-11-05,0.4968
1995-11-06,0.4935
1995-11-07,0.5025
1995-11-08,0.5
1995-11-09,0.503
1995-11-10,0.4987
1995-11-11,0.4968
1995-11-12,0.493
1995-11-13,0.5113
1995-11-14,0.5195
1995-11-15,0.5205
1995-11-16,0.541
1995-11-17,0.5395
1995-11-18,0.5312
1995-11-19,0.5357
1995-11-20,0.5355294117647058
1995-11-21,0.5353588235294118
1995-11-22,0.5351882352941176
1995-11-23,0.5350176470588235
1995-11-24,0.5348470588235293
1995-11-25,0.5346764705882353
1995-11-26,0.5345058823529412
1995-11-27,0.534335294117647
1995-11-28,0.5341647058823529
1995-11-29,0.5339941176470588
1995-11-30,0.5338235294117647
1995-12-01,0.5336529411764706
1995-12-02,0.5334823529411764
1995-12-03,0.5333117647058824
1995-12-04,0.5331411764705882
1995-12-05,0.5329705882352941
1995-12-06,0.5327999999999999
1995-12-07,0.5326294117647059
1995-12-08,0.5324588235294118
1995-12-09,0.5322882352941176
1995-12-10,0.5321176470588235
1995-12-11,0.5319470588235294
1995-12-12,0.5317764705882353
1995-12-13,0.5316058823529412
1995-12-14,0.531435294117647
1995-12-15,0.531264705882353
1995-12-16,0.5310941176470588
1995-12-17,0.5309235294117647
1995-12-18,0.5307529411764705
1995-12-19,0.5305823529411765
1995-12-20,0.5304117647058824
1995-12-21,0.5302411764705882
1995-12-22,0.5300705882352941
1995-12-23,0.5299
1995-12-24,0.5297294117647059
1995-12-25,0.5295588235294117
1995-12-26,0.5293882352941176
1995-12-27,0.5292176470588236
1995-12-28,0.5290470588235294
1995-12-29,0.5288764705882353
1995-12-30,0.5287058823529411
1995-12-31,0.5285352941176471
1996-01-01,0.528364705882353
1996-01-02,0.5281941176470588
1996-01-03,0.5280235294117647
1996-01-04,0.5278529411764706
1996-01-05,0.5276823529411765
1996-01-06,0.5275117647058823
1996-01-07,0.5273411764705882
1996-01-08,0.5271705882352942
1996-01-09,0.527
1996-01-10,0.533597
1996-01-11,0.537268
1996-01-12,0.538449
1996-01-13,0.540536
1996-01-14,0.540374
1996-01-15,0.546912
1996-01-16,0.547186
1996-01-17,0.54147
1996-01-18,0.540019
1996-01-19,0.540687
1996-01-20,0.537895
1996-01-21,0.536803
1996-01-22,0.540631
1996-01-23,0.542473
1996-01-24,0.537004
1996-01-25,0.534128
1996-01-26,0.536293
1996-01-27,0.535831
1996-01-28,0.53447
1996-01-29,0.538922
1996-01-30,0.543682
1996-01-31,0.545906
1996-02-01,0.550085
1996-02-02,0.553544
1996-02-03,0.551361
1996-02-04,0.559763
1996-02-05,0.554797
1996-02-06,0.551549
1996-02-07,0.551787
1996-02-08,0.549646
1996-02-09,0.547045
1996-02-10,0.538495
1996-02-11,0.538221
1996-02-12,0.539158
1996-02-13,0.54124
1996-02-14,0.542191
1996-02-15,0.536854
1996-02-16,0.531187
1996-02-17,0.527068
1996-02-18,0.525281
1996-02-19,0.524072
1996-02-20,0.528607
1996-02-21,0.530263
1996-02-22,0.528175
1996-02-23,0.531717
1996-02-24,0.532584
1996-02-25,0.5329710196078431
1996-02-26,0.5333580392156863
1996-02-27,0.5337450588235294
1996-02-28,0.5341320784313724
1996-02-29,0.5345190980392156
1996-03-01,0.5349061176470588
1996-03-02,0.5352931372549019
1996-03-03,0.5356801568627451
1996-03-04,0.5360671764705882
1996-03-05,0.5364541960784314
1996-03-06,0.5368412156862744
1996-03-07,0.5372282352941176
1996-03-08,0.5376152549019607
1996-03-09,0.5380022745098039
1996-03-10,0.538389294117647
1996-03-11,0.5387763137254902
1996-03-12,0.5391633333333333
1996-03-13,0.5395503529411765
1996-03-14,0.5399373725490195
1996-03-15,0.5403243921568627
1996-03-16,0.5407114117647058
1996-03-17,0.541098431372549
1996-03-18,0.5414854509803921
1996-03-19,0.5418724705882353
1996-03-20,0.5422594901960784
1996-03-21,0.5426465098039215
1996-03-22,0.5430335294117646
1996-03-23,0.5434205490196078
1996-03-24,0.5438075686274509
1996-03-25,0.5441945882352941
1996-03-26,0.5445816078431372
1996-03-27,0.5449686274509804
1996-03-28,0.5453556470588234
1996-03-29,0.5457426666666666
1996-03-30,0.5461296862745098
1996-03-31,0.5465167058823529
1996-04-01,0.5469037254901961
1996-04-02,0.5472907450980392
1996-04-03,0.5476777647058824
1996-04-04,0.5480647843137255
1996-04-05,0.5484518039215686
1996-04-06,0.5488388235294117
1996-04-07,0.5492258431372549
1996-04-08,0.549612862745098
1996-04-09,0.5499998823529412
1996-04-10,0.5503869019607843
1996-04-11,0.5507739215686275
1996-04-12,0.5511609411764705
1996-04-13,0.5515479607843137
1996-04-14,0.5519349803921568
1996-04-15,0.552322
1996-04-16,0.548495
1996-04-17,0.545207
1996-04-18,0.543745
1996-04-19,0.533903
1996-04-20,0.53545
1996-04-21,0.535804
1996-04-22,0.53437
1996-04-23,0.529141
1996-04-24,0.536247
1996-04-25,0.525368
1996-04-26,0.532109
1996-04-27,0.531876
1996-04-28,0.530867
1996-04-29,0.533262
1996-04-30,0.535806
1996-05-01,0.540308
1996-05-02,0.539083
1996-05-03,0.535931
1996-05-04,0.534102
1996-05-05,0.534835
1996-05-06,0.531635
1996-05-07,0.530161
1996-05-08,0.530905
1996-05-09,0.533864
1996-05-10,0.536736
1996-05-11,0.535185
1996-05-12,0.533849
1996-05-13,0.530764
1996-05-14,0.529424
1996-05-15,0.533956
1996-05-16,0.529371
1996-05-17,0.529811
1996-05-18,0.526684
1996-05-19,0.524122
1996-05-20,0.527073
1996-05-21,0.524477
1996-05-22,0.522508
1996-05-23,0.523003
1996-05-24,0.524925
1996-05-25,0.523942
1996-05-26,0.523829568627451
1996-05-27,0.523717137254902
1996-05-28,0.523604705882353
1996-05-29,0.523492274509804
1996-05-30,0.5233798431372549
1996-05-31,0.5232674117647059
1996-06-01,0.5231549803921569
1996-06-02,0.5230425490196079
1996-06-03,0.5229301176470589
1996-06-04,0.5228176862745099
1996-06-05,0.5227052549019608
1996-06-06,0.5225928235294118
1996-06-07,0.5224803921568627
1996-06-08,0.5223679607843137
1996-06-09,0.5222555294117647
1996-06-10,0.5221430980392157
1996-06-11,0.5220306666666666
1996-06-12,0.5219182352941176
1996-06-13,0.5218058039215686
1996-06-14,0.5216933725490196
1996-06-15,0.5215809411764706
1996-06-16,0.5214685098039216
1996-06-17,0.5213560784313725
1996-06-18,0.5212436470588235
1996-06-19,0.5211312156862745
1996-06-20,0.5210187843137255
1996-06-21,0.5209063529411765
1996-06-22,0.5207939215686275
1996-06-23,0.5206814901960785
1996-06-24,0.5205690588235294
1996-06-25,0.5204566274509804
1996-06-26,0.5203441960784314
1996-06-27,0.5202317647058824
1996-06-28,0.5201193333333334
1996-06-29,0.5200069019607844
1996-06-30,0.5198944705882353
1996-07-01,0.5197820392156863
1996-07-02,0.5196696078431373
1996-07-03,0.5195571764705882
1996-07-04,0.5194447450980392
1996-07-05,0.5193323137254902
1996-07-06,0.5192198823529411
1996-07-07,0.5191074509803921
1996-07-08,0.5189950196078431
1996-07-09,0.5188825882352941
1996-07-10,0.5187701568627451
1996-07-11,0.5186577254901961
1996-07-12,0.518545294117647
1996-07-13,0.518432862745098
1996-07-14,0.518320431372549
1996-07-15,0.518208
1996-07-16,0.517586
1996-07-17,0.516301
1996-07-18,0.522896
1996-07-19,0.523458
1996-07-20,0.522264
1996-07-21,0.518682
1996-07-22,0.515004
1996-07-23,0.517997
1996-07-24,0.511409
1996-07-25,0.511346
1996-07-26,0.511095
1996-07-27,0.508435
1996-07-28,0.510692
1996-07-29,0.513736
1996-07-30,0.514618
1996-07-31,0.516226
1996-08-01,0.514971
1996-08-02,0.514268
1996-08-03,0.508255
1996-08-04,0.510799
1996-08-05,0.507638
1996-08-06,0.508641
1996-08-07,0.510067
1996-08-08,0.51188
1996-08-09,0.515428
1996-08-10,0.512838
1996-08-11,0.510442
1996-08-12,0.509604
1996-08-13,0.511636
1996-08-14,0.5158
1996-08-15,0.520971
1996-08-16,0.51877
1996-08-17,0.51404
1996-08-18,0.513224
1996-08-19,0.509629
1996-08-20,0.511031
1996-08-21,0.510886
1996-08-22,0.510799
1996-08-23,0.513891
1996-08-24,0.511146
1996-08-25,0.514158
1996-08-26,0.510517
1996-08-27,0.510002
1996-08-28,0.507568
1996-08-29,0.505124
1996-08-30,0.505718
1996-08-31,0.507277
1996-09-01,0.508778
1996-09-02,0.507686
1996-09-03,0.493928
1996-09-04,0.491575
1996-09-05,0.495225
1996-09-06,0.492363
1996-09-07,0.508516
1996-09-08,0.506613
1996-09-09,0.5063009803921569
1996-09-10,0.5059889607843137
1996-09-11,0.5056769411764706
1996-09-12,0.5053649215686274
1996-09-13,0.5050529019607843
1996-09-14,0.5047408823529411
1996-09-15,0.504428862745098
1996-09-16,0.5041168431372549
1996-09-17,0.5038048235294118
1996-09-18,0.5034928039215686
1996-09-19,0.5031807843137255
1996-09-20,0.5028687647058824
1996-09-21,0.5025567450980392
1996-09-22,0.502244725490196
1996-09-23,0.501932705882353
1996-09-24,0.5016206862745098
1996-09-25,0.5013086666666666
1996-09-26,0.5009966470588235
1996-09-27,0.5006846274509804
1996-09-28,0.5003726078431373
1996-09-29,0.5000605882352941
1996-09-30,0.499748568627451
1996-10-01,0.4994365490196078
1996-10-02,0.4991245294117647
1996-10-03,0.49881250980392156
1996-10-04,0.49850049019607845
1996-10-05,0.4981884705882353
1996-10-06,0.4978764509803922
1996-10-07,0.497564431372549
1996-10-08,0.4972524117647059
1996-10-09,0.49694039215686275
1996-10-10,0.4966283725490196
1996-10-11,0.4963163529411765
1996-10-12,0.4960043333333333
1996-10-13,0.4956923137254902
1996-10-14,0.49538029411764706
1996-10-15,0.49506827450980395
1996-10-16,0.4947562549019608
1996-10-17,0.4944442352941177
1996-10-18,0.4941322156862745
1996-10-19,0.4938201960784314
1996-10-20,0.49350817647058826
1996-10-21,0.4931961568627451
1996-10-22,0.492884137254902
1996-10-23,0.4925721176470588
1996-10-24,0.4922600980392157
1996-10-25,0.49194807843137256
1996-10-26,0.49163605882352945
1996-10-27,0.4913240392156863
1996-10-28,0.4910120196078432
1996-10-29,0.4907
1996-10-30,0.487156
1996-10-31,0.486395
1996-11-01,0.483207
1996-11-02,0.4812
1996-11-03,0.490996
1996-11-04,0.494098
1996-11-05,0.492149
1996-11-06,0.491554
1996-11-07,0.487349
1996-11-08,0.484258
1996-11-09,0.484403
1996-11-10,0.482952
1996-11-11,0.4874
1996-11-12,0.487551
1996-11-13,0.486751
1996-11-14,0.489049
1996-11-15,0.497199
1996-11-16,0.502451
1996-11-17,0.4996
1996-11-18,0.4988
1996-11-19,0.494752
1996-11-20,0.4981
1996-11-21,0.497451
1996-11-22,0.50015
1996-11-23,0.501501
1996-11-24,0.498301
1996-11-25,0.496901
1996-11-26,0.4981
1996-11-27,0.4981
1996-11-28,0.498599
1996-11-29,0.497249
1996-11-30,0.495348
1996-12-01,0.494648
1996-12-02,0.4978
1996-12-03,0.496101
1996-12-04,0.493551
1996-12-05,0.494047
1996-12-06,0.495802
1996-12-07,0.486695
1996-12-08,0.486357
1996-12-09,0.4876
1996-12-10,0.483597
1996-12-11,0.486305
1996-12-12,0.491748
1996-12-13,0.488349
1996-12-14,0.490547
1996-12-15,0.485857
1996-12-16,0.4853236078431372
1996-12-17,0.4847902156862745
1996-12-18,0.48425682352941174
1996-12-19,0.48372343137254903
1996-12-20,0.48319003921568626
1996-12-21,0.4826566470588235
1996-12-22,0.4821232549019608
1996-12-23,0.481589862745098
1996-12-24,0.4810564705882353
1996-12-25,0.48052307843137254
1996-12-26,0.4799896862745098
1996-12-27,0.47945629411764706
1996-12-28,0.4789229019607843
1996-12-29,0.4783895098039216
1996-12-30,0.4778561176470588
1996-12-31,0.47732272549019605
1997-01-01,0.47678933333333334
1997-01-02,0.4762559411764706
1997-01-03,0.4757225490196078
1997-01-04,0.4751891568627451
1997-01-05,0.47465576470588233
1997-01-06,0.4741223725490196
1997-01-07,0.47358898039215686
1997-01-08,0.4730555882352941
1997-01-09,0.4725221960784314
1997-01-10,0.4719888039215686
1997-01-11,0.4714554117647059
1997-01-12,0.47092201960784313
1997-01-13,0.47038862745098037
1997-01-14,0.46985523529411766
1997-01-15,0.4693218431372549
1997-01-16,0.4687884509803922
1997-01-17,0.4682550588235294
1997-01-18,0.46772166666666665
1997-01-19,0.46718827450980394
1997-01-20,0.46665488235294117
1997-01-21,0.4661214901960784
1997-01-22,0.4655880980392157
1997-01-23,0.4650547058823529
1997-01-24,0.4645213137254902
1997-01-25,0.46398792156862745
1997-01-26,0.4634545294117647
1997-01-27,0.46292113725490197
1997-01-28,0.4623877450980392
1997-01-29,0.4618543529411765
1997-01-30,0.4613209607843137
1997-01-31,0.46078756862745096
1997-02-01,0.46025417647058825
1997-02-02,0.4597207843137255
1997-02-03,0.4591873921568628
1997-02-04,0.458654
1997-02-05,0.457046
1997-02-06,0.456009
1997-02-07,0.463107
1997-02-08,0.461531
1997-02-09,0.459962
1997-02-10,0.461162
1997-02-11,0.4611
1997-02-12,0.458246
1997-02-13,0.453782
1997-02-14,0.455082
1997-02-15,0.452936
1997-02-16,0.454327
1997-02-17,0.454564
1997-02-18,0.454064
1997-02-19,0.454255
1997-02-20,0.452436
1997-02-21,0.45071
1997-02-22,0.4519
1997-02-23,0.447679
1997-02-24,0.44882
1997-02-25,0.450235
1997-02-26,0.450355
1997-02-27,0.451745
1997-02-28,0.45101
1997-03-01,0.44941
1997-03-02,0.428957
1997-03-03,0.4297
1997-03-04,0.435787
1997-03-05,0.434913
1997-03-06,0.4313
1997-03-07,0.425472
1997-03-08,0.430486
1997-03-09,0.422742
1997-03-10,0.429628
1997-03-11,0.428243
1997-03-12,0.426585
1997-03-13,0.413976
1997-03-14,0.420532
1997-03-15,0.421484
1997-03-16,0.4287
1997-03-17,0.421673
1997-03-18,0.418467
1997-03-19,0.420558
1997-03-20,0.414007
1997-03-21,0.412835
1997-03-22,0.408796
1997-03-23,0.403098
1997-03-24,0.411064
1997-03-25,0.41
1997-03-26,0.411582
1997-03-27,0.414724
1997-03-28,0.414541
1997-03-29,0.406822
1997-03-30,0.406263
1997-03-31,0.405741
1997-04-01,0.40108
1997-04-02,0.402839
1997-04-03,0.401151
1997-04-04,0.402711
1997-04-05,0.404038
1997-04-06,0.405931
1997-04-07,0.397599
1997-04-08,0.39958
1997-04-09,0.397449
1997-04-10,0.393579
1997-04-11,0.39601
1997-04-12,0.393153
1997-04-13,0.40221
1997-04-14,0.40301274509803925
1997-04-15,0.40381549019607843
1997-04-16,0.40461823529411767
1997-04-17,0.40542098039215685
1997-04-18,0.4062237254901961
1997-04-19,0.4070264705882353
1997-04-20,0.4078292156862745
1997-04-21,0.40863196078431374
1997-04-22,0.4094347058823529
1997-04-23,0.41023745098039216
1997-04-24,0.4110401960784314
1997-04-25,0.4118429411764706
1997-04-26,0.4126456862745098
1997-04-27,0.41344843137254905
1997-04-28,0.41425117647058823
1997-04-29,0.41505392156862747
1997-04-30,0.41585666666666665
1997-05-01,0.4166594117647059
1997-05-02,0.4174621568627451
1997-05-03,0.4182649019607843
1997-05-04,0.41906764705882354
1997-05-05,0.4198703921568627
1997-05-06,0.42067313725490196
1997-05-07,0.4214758823529412
1997-05-08,0.4222786274509804
1997-05-09,0.4230813725490196
1997-05-10,0.4238841176470588
1997-05-11,0.42468686274509804
1997-05-12,0.4254896078431373
1997-05-13,0.42629235294117646
1997-05-14,0.4270950980392157
1997-05-15,0.4278978431372549
1997-05-16,0.4287005882352941
1997-05-17,0.42950333333333335
1997-05-18,0.43030607843137253
1997-05-19,0.43110882352941177
1997-05-20,0.43191156862745095
1997-05-21,0.4327143137254902
1997-05-22,0.4335170588235294
1997-05-23,0.4343198039215686
1997-05-24,0.43512254901960784
1997-05-25,0.435925294117647
1997-05-26,0.43672803921568626
1997-05-27,0.4375307843137255
1997-05-28,0.4383335294117647
1997-05-29,0.4391362745098039
1997-05-30,0.4399390196078431
1997-05-31,0.44074176470588233
1997-06-01,0.44154450980392157
1997-06-02,0.44234725490196075
1997-06-03,0.44315
1997-06-04,0.442067
1997-06-05,0.447111
1997-06-06,0.446577
1997-06-07,0.450525
1997-06-08,0.453273
1997-06-09,0.444667
1997-06-10,0.44535
1997-06-11,0.445677
1997-06-12,0.4450643921568627
1997-06-13,0.4444517843137255
1997-06-14,0.44383917647058824
1997-06-15,0.44322656862745097
1997-06-16,0.4426139607843137
1997-06-17,0.4420013529411765
1997-06-18,0.4413887450980392
1997-06-19,0.44077613725490195
1997-06-20,0.4401635294117647
1997-06-21,0.43955092156862746
1997-06-22,0.4389383137254902
1997-06-23,0.4383257058823529
1997-06-24,0.4377130980392157
1997-06-25,0.43710049019607844
1997-06-26,0.43648788235294117
1997-06-27,0.4358752745098039
1997-06-28,0.4352626666666667
1997-06-29,0.4346500588235294
1997-06-30,0.43403745098039215
1997-07-01,0.43342484313725493
1997-07-02,0.43281223529411766
1997-07-03,0.4321996274509804
1997-07-04,0.4315870196078431
1997-07-05,0.4309744117647059
1997-07-06,0.43036180392156864
1997-07-07,0.4297491960784314
1997-07-08,0.4291365882352941
1997-07-09,0.4285239803921569
1997-07-10,0.4279113725490196
1997-07-11,0.42729876470588235
1997-07-12,0.42668615686274514
1997-07-13,0.42607354901960787
1997-07-14,0.4254609411764706
1997-07-15,0.42484833333333333
1997-07-16,0.4242357254901961
1997-07-17,0.42362311764705884
1997-07-18,0.4230105098039216
1997-07-19,0.4223979019607843
1997-07-20,0.4217852941176471
1997-07-21,0.4211726862745098
1997-07-22,0.42056007843137255
1997-07-23,0.41994747058823534
1997-07-24,0.41933486274509807
1997-07-25,0.4187222549019608
1997-07-26,0.41810964705882353
1997-07-27,0.4174970392156863
1997-07-28,0.41688443137254905
1997-07-29,0.4162718235294118
1997-07-30,0.4156592156862745
1997-07-31,0.4150466078431373
1997-08-01,0.414434
1997-08-02,0.407746
1997-08-03,0.409636
1997-08-04,0.410277
1997-08-05,0.4093
1997-08-06,0.402799
1997-08-07,0.39711
1997-08-08,0.40019
1997-08-09,0.402369
1997-08-10,0.404129
1997-08-11,0.404988
1997-08-12,0.406569
1997-08-13,0.40075
1997-08-14,0.402869
1997-08-15,0.405859
1997-08-16,0.408437
1997-08-17,0.410627
1997-08-18,0.404679
1997-08-19,0.40226
1997-08-20,0.40431
1997-08-21,0.410195
1997-08-22,0.410195
1997-08-23,0.411386
1997-08-24,0.41132682352941174
1997-08-25,0.4112676470588235
1997-08-26,0.4112084705882353
1997-08-27,0.41114929411764706
1997-08-28,0.41109011764705883
1997-08-29,0.41103094117647054
1997-08-30,0.4109717647058823
1997-08-31,0.4109125882352941
1997-09-01,0.41085341176470586
1997-09-02,0.4107942352941176
1997-09-03,0.4107350588235294
1997-09-04,0.41067588235294117
1997-09-05,0.41061670588235294
1997-09-06,0.4105575294117647
1997-09-07,0.4104983529411765
1997-09-08,0.4104391764705882
1997-09-09,0.41037999999999997
1997-09-10,0.41032082352941174
1997-09-11,0.4102616470588235
1997-09-12,0.4102024705882353
1997-09-13,0.41014329411764705
1997-09-14,0.4100841176470588
1997-09-15,0.4100249411764706
1997-09-16,0.40996576470588236
1997-09-17,0.40990658823529413
1997-09-18,0.40984741176470585
1997-09-19,0.4097882352941176
1997-09-20,0.4097290588235294
1997-09-21,0.40966988235294116
1997-09-22,0.40961070588235293
1997-09-23,0.4095515294117647
1997-09-24,0.4094923529411765
1997-09-25,0.40943317647058824
1997-09-26,0.409374
1997-09-27,0.4093148235294118
1997-09-28,0.4092556470588235
1997-09-29,0.4091964705882353
1997-09-30,0.40913729411764704
1997-10-01,0.4090781176470588
1997-10-02,0.4090189411764706
1997-10-03,0.40895976470588236
1997-10-04,0.4089005882352941
1997-10-05,0.4088414117647059
1997-10-06,0.40878223529411767
1997-10-07,0.40872305882352944
1997-10-08,0.40866388235294115
1997-10-09,0.4086047058823529
1997-10-10,0.4085455294117647
1997-10-11,0.40848635294117647
1997-10-12,0.40842717647058824
1997-10-13,0.408368
1997-10-14,0.407578
1997-10-15,0.403329
1997-10-16,0.404198
1997-10-17,0.406887
1997-10-18,0.406178
1997-10-19,0.40455
1997-10-20,0.405619
1997-10-21,0.406659
1997-10-22,0.405378
1997-10-23,0.406787
1997-10-24,0.413984
1997-10-25,0.413526
1997-10-26,0.408918
1997-10-27,0.4119
1997-10-28,0.411885
1997-10-29,0.41185
1997-10-30,0.412294
1997-10-31,0.41235
1997-11-01,0.413026
1997-11-02,0.417042
1997-11-03,0.419024
1997-11-04,0.417791
1997-11-05,0.41939
1997-11-06,0.418408
1997-11-07,0.41835866666666666
1997-11-08,0.4183093333333333
1997-11-09,0.41826
1997-11-10,0.4182106666666667
1997-11-11,0.41816133333333333
1997-11-12,0.418112
1997-11-13,0.4180626666666667
1997-11-14,0.41801333333333335
1997-11-15,0.417964
1997-11-16,0.41791466666666666
1997-11-17,0.4178653333333333
1997-11-18,0.417816
1997-11-19,0.4177666666666667
1997-11-20,0.41771733333333333
1997-11-21,0.417668
1997-11-22,0.41761866666666664
1997-11-23,0.41756933333333335
1997-11-24,0.41752
1997-11-25,0.41747066666666666
1997-11-26,0.4174213333333333
1997-11-27,0.417372
1997-11-28,0.4173226666666667
1997-11-29,0.41727333333333333
1997-11-30,0.417224
1997-12-01,0.41717466666666664
1997-12-02,0.41712533333333335
1997-12-03,0.417076
1997-12-04,0.41702666666666666
1997-12-05,0.4169773333333333
1997-12-06,0.41692799999999997
1997-12-07,0.4168786666666667
1997-12-08,0.41682933333333333
1997-12-09,0.41678
1997-12-10,0.41673066666666664
1997-12-11,0.41668133333333335
1997-12-12,0.416632
1997-12-13,0.41658266666666666
1997-12-14,0.4165333333333333
1997-12-15,0.41648399999999997
1997-12-16,0.4164346666666667
1997-12-17,0.41638533333333333
1997-12-18,0.416336
1997-12-19,0.41628666666666664
1997-12-20,0.4162373333333333
1997-12-21,0.416188
1997-12-22,0.41613866666666666
1997-12-23,0.4160893333333333
1997-12-24,0.41603999999999997
1997-12-25,0.4159906666666667
1997-12-26,0.41594133333333333
1997-12-27,0.415892
1997-12-28,0.417025
1997-12-29,0.418341
1997-12-30,0.418658
1997-12-31,0.418041
1998-01-01,0.41195
1998-01-02,0.412318
1998-01-03,0.413934
1998-01-04,0.413176
1998-01-05,0.410777
1998-01-06,0.41475
1998-01-07,0.41595
1998-01-08,0.4205
1998-01-09,0.4195
1998-01-10,0.4202
1998-01-11,0.42215
1998-01-12,0.4213
1998-01-13,0.42
1998-01-14,0.41745
1998-01-15,0.41425
1998-01-16,0.41505
1998-01-17,0.4148
1998-01-18,0.41
1998-01-19,0.41015
1998-01-20,0.41025
1998-01-21,0.413
1998-01-22,0.4154
1998-01-23,0.41425
1998-01-24,0.4121
1998-01-25,0.41615
1998-01-26,0.41495
1998-01-27,0.41225
1998-01-28,0.41505
1998-01-29,0.41725
1998-01-30,0.41505
1998-01-31,0.4151
1998-02-01,0.41715
1998-02-02,0.4206
1998-02-03,0.4186
1998-02-04,0.41765
1998-02-05,0.41785
1998-02-06,0.41685
1998-02-07,0.4149
1998-02-08,0.4118
1998-02-09,0.41445
1998-02-10,0.4147
1998-02-11,0.416
1998-02-12,0.4155
1998-02-13,0.41525
1998-02-14,0.4158
1998-02-15,0.42245
1998-02-16,0.42585
1998-02-17,0.42905
1998-02-18,0.4275
1998-02-19,0.43075
1998-02-20,0.4283
1998-02-21,0.42615
1998-02-22,0.42435
1998-02-23,0.42245
1998-02-24,0.42415
1998-02-25,0.4211
1998-02-26,0.42145
1998-02-27,0.4246
1998-02-28,0.42735
1998-03-01,0.42925
1998-03-02,0.4266
1998-03-03,0.4271
1998-03-04,0.42365
1998-03-05,0.42225
1998-03-06,0.42065
1998-03-07,0.4163
1998-03-08,0.417
1998-03-09,0.41715
1998-03-10,0.4181
1998-03-11,0.41705
1998-03-12,0.417
1998-03-13,0.4169
1998-03-14,0.41795
1998-03-15,0.42015
1998-03-16,0.418
1998-03-17,0.4182
1998-03-18,0.42185
1998-03-19,0.42255
1998-03-20,0.42225
1998-03-21,0.42165
1998-03-22,0.4196
1998-03-23,0.41845
1998-03-24,0.41885
1998-03-25,0.41725
1998-03-26,0.41755
1998-03-27,0.41955
1998-03-28,0.4214
1998-03-29,0.42275
1998-03-30,0.42545
1998-03-31,0.42495
1998-04-01,0.4289
1998-04-02,0.4284
1998-04-03,0.43075
1998-04-04,0.42795
1998-04-05,0.42835
1998-04-06,0.42905
1998-04-07,0.4362
1998-04-08,0.43655
1998-04-09,0.4333
1998-04-10,0.43995
1998-04-11,0.4392
1998-04-12,0.43985
1998-04-13,0.4375
1998-04-14,0.43565
1998-04-15,0.4357
1998-04-16,0.4407
1998-04-17,0.4407
1998-04-18,0.4409
1998-04-19,0.4419176470588235
1998-04-20,0.4429352941176471
1998-04-21,0.4439529411764706
1998-04-22,0.4449705882352941
1998-04-23,0.4459882352941177
1998-04-24,0.4470058823529412
1998-04-25,0.4480235294117647
1998-04-26,0.4490411764705883
1998-04-27,0.4500588235294118
1998-04-28,0.4510764705882353
1998-04-29,0.4520941176470588
1998-04-30,0.4531117647058824
1998-05-01,0.4541294117647059
1998-05-02,0.4551470588235294
1998-05-03,0.45616470588235297
1998-05-04,0.4571823529411765
1998-05-05,0.4582
1998-05-06,0.45921764705882356
1998-05-07,0.4602352941176471
1998-05-08,0.4612529411764706
1998-05-09,0.46227058823529416
1998-05-10,0.46328823529411767
1998-05-11,0.4643058823529412
1998-05-12,0.4653235294117647
1998-05-13,0.46634117647058826
1998-05-14,0.46735882352941177
1998-05-15,0.4683764705882353
1998-05-16,0.46939411764705885
1998-05-17,0.47041176470588236
1998-05-18,0.4714294117647059
1998-05-19,0.47244705882352944
1998-05-20,0.47346470588235295
1998-05-21,0.47448235294117647
1998-05-22,0.47550000000000003
1998-05-23,0.47651764705882355
1998-05-24,0.47753529411764706
1998-05-25,0.4785529411764706
1998-05-26,0.47957058823529414
1998-05-27,0.48058823529411765
1998-05-28,0.4816058823529412
1998-05-29,0.48262352941176473
1998-05-30,0.48364117647058824
1998-05-31,0.4846588235294118
1998-06-01,0.4856764705882353
1998-06-02,0.48669411764705883
1998-06-03,0.48771176470588234
1998-06-04,0.4887294117647059
1998-06-05,0.4897470588235294
1998-06-06,0.49076470588235294
1998-06-07,0.4917823529411765
1998-06-08,0.4928
1998-06-09,0.48765
1998-06-10,0.48415
1998-06-11,0.4842
1998-06-12,0.4877
1998-06-13,0.48695
1998-06-14,0.49105
1998-06-15,0.49665
1998-06-16,0.49255
1998-06-17,0.4932
1998-06-18,0.4895
1998-06-19,0.49095
1998-06-20,0.486
1998-06-21,0.48755
1998-06-22,0.4893
1998-06-23,0.4883
1998-06-24,0.4845
1998-06-25,0.49035
1998-06-26,0.49205
1998-06-27,0.4882
1998-06-28,0.4835
1998-06-29,0.4866
1998-06-30,0.4844
1998-07-01,0.482
1998-07-02,0.4827
1998-07-03,0.48775
1998-07-04,0.4805
1998-07-05,0.4742
1998-07-06,0.4693
1998-07-07,0.4682
1998-07-08,0.4695
1998-07-09,0.4678
1998-07-10,0.4651
1998-07-11,0.46195
1998-07-12,0.4636
1998-07-13,0.4574
1998-07-14,0.453
1998-07-15,0.45485
1998-07-16,0.4541
1998-07-17,0.4579
1998-07-18,0.46325
1998-07-19,0.4571
1998-07-20,0.46285
1998-07-21,0.4658
1998-07-22,0.468
1998-07-23,0.466
1998-07-24,0.4698
1998-07-25,0.46495
1998-07-26,0.4671
1998-07-27,0.4674
1998-07-28,0.4697
1998-07-29,0.47185
1998-07-30,0.46915
1998-07-31,0.46895
1998-08-01,0.47
1998-08-02,0.47
1998-08-03,0.4676
1998-08-04,0.4661
1998-08-05,0.46655
1998-08-06,0.47025
1998-08-07,0.4711107843137255
1998-08-08,0.471971568627451
1998-08-09,0.4728323529411765
1998-08-10,0.473693137254902
1998-08-11,0.47455392156862747
1998-08-12,0.47541470588235296
1998-08-13,0.47627549019607845
1998-08-14,0.47713627450980395
1998-08-15,0.4779970588235294
1998-08-16,0.4788578431372549
1998-08-17,0.4797186274509804
1998-08-18,0.48057941176470587
1998-08-19,0.48144019607843136
1998-08-20,0.48230098039215685
1998-08-21,0.48316176470588235
1998-08-22,0.48402254901960784
1998-08-23,0.48488333333333333
1998-08-24,0.4857441176470588
1998-08-25,0.4866049019607843
1998-08-26,0.4874656862745098
1998-08-27,0.4883264705882353
1998-08-28,0.4891872549019608
1998-08-29,0.4900480392156863
1998-08-30,0.4909088235294118
1998-08-31,0.4917696078431373
1998-09-01,0.4926303921568628
1998-09-02,0.4934911764705882
1998-09-03,0.4943519607843137
1998-09-04,0.4952127450980392
1998-09-05,0.4960735294117647
1998-09-06,0.4969343137254902
1998-09-07,0.4977950980392157
1998-09-08,0.49865588235294117
1998-09-09,0.49951666666666666
1998-09-10,0.5003774509803921
1998-09-11,0.5012382352941176
1998-09-12,0.5020990196078431
1998-09-13,0.5029598039215686
1998-09-14,0.5038205882352941
1998-09-15,0.5046813725490196
1998-09-16,0.5055421568627451
1998-09-17,0.5064029411764706
1998-09-18,0.507263725490196
1998-09-19,0.5081245098039215
1998-09-20,0.508985294117647
1998-09-21,0.5098460784313725
1998-09-22,0.510706862745098
1998-09-23,0.5115676470588235
1998-09-24,0.512428431372549
1998-09-25,0.5132892156862745
1998-09-26,0.51415
1998-09-27,0.4995
1998-09-28,0.4956
1998-09-29,0.49455
1998-09-30,0.4951
1998-10-01,0.4982
1998-10-02,0.49765
1998-10-03,0.498
1998-10-04,0.50105
1998-10-05,0.5012
1998-10-06,0.50385
1998-10-07,0.5029
1998-10-08,0.5085
1998-10-09,0.51265
1998-10-10,0.51455
1998-10-11,0.51765
1998-10-12,0.51655
1998-10-13,0.51655
1998-10-14,0.5217
1998-10-15,0.52335
1998-10-16,0.5228
1998-10-17,0.5284
1998-10-18,0.5314
1998-10-19,0.53025
1998-10-20,0.5329
1998-10-21,0.5325
1998-10-22,0.5394
1998-10-23,0.54165
1998-10-24,0.5388
1998-10-25,0.53905
1998-10-26,0.54455
1998-10-27,0.5502
1998-10-28,0.5476
1998-10-29,0.54225
1998-10-30,0.54915
1998-10-31,0.5476
1998-11-01,0.54925
1998-11-02,0.5454
1998-11-03,0.54275
1998-11-04,0.542
1998-11-05,0.54945
1998-11-06,0.5479
1998-11-07,0.54935
1998-11-08,0.5498
1998-11-09,0.54925
1998-11-10,0.5522
1998-11-11,0.5488
1998-11-12,0.5541
1998-11-13,0.5512
1998-11-14,0.54935
1998-11-15,0.5499
1998-11-16,0.5532
1998-11-17,0.5586
1998-11-18,0.5586
1998-11-19,0.56555
1998-11-20,0.5645
1998-11-21,0.5657
1998-11-22,0.5593
1998-11-23,0.5619
1998-11-24,0.5605
1998-11-25,0.5645
1998-11-26,0.5626
1998-11-27,0.5594
1998-11-28,0.55365
1998-11-29,0.54685
1998-11-30,0.54835
1998-12-01,0.5485
1998-12-02,0.5533
1998-12-03,0.5539235294117647
1998-12-04,0.5545470588235294
1998-12-05,0.5551705882352941
1998-12-06,0.5557941176470589
1998-12-07,0.5564176470588236
1998-12-08,0.5570411764705883
1998-12-09,0.557664705882353
1998-12-10,0.5582882352941176
1998-12-11,0.5589117647058823
1998-12-12,0.559535294117647
1998-12-13,0.5601588235294118
1998-12-14,0.5607823529411765
1998-12-15,0.5614058823529412
1998-12-16,0.5620294117647059
1998-12-17,0.5626529411764706
1998-12-18,0.5632764705882353
1998-12-19,0.5639
1998-12-20,0.5645235294117646
1998-12-21,0.5651470588235294
1998-12-22,0.5657705882352941
1998-12-23,0.5663941176470588
1998-12-24,0.5670176470588235
1998-12-25,0.5676411764705882
1998-12-26,0.5682647058823529
1998-12-27,0.5688882352941176
1998-12-28,0.5695117647058824
1998-12-29,0.5701352941176471
1998-12-30,0.5707588235294118
1998-12-31,0.5713823529411765
1999-01-01,0.5720058823529411
1999-01-02,0.5726294117647058
1999-01-03,0.5732529411764705
1999-01-04,0.5738764705882353
1999-01-05,0.5745
1999-01-06,0.5751235294117647
1999-01-07,0.5757470588235294
1999-01-08,0.5763705882352941
1999-01-09,0.5769941176470588
1999-01-10,0.5776176470588235
1999-01-11,0.5782411764705881
1999-01-12,0.578864705882353
1999-01-13,0.5794882352941176
1999-01-14,0.5801117647058823
1999-01-15,0.580735294117647
1999-01-16,0.5813588235294117
1999-01-17,0.5819823529411764
1999-01-18,0.5826058823529411
1999-01-19,0.5832294117647059
1999-01-20,0.5838529411764706
1999-01-21,0.5844764705882353
1999-01-22,0.5851
1999-01-23,0.58645
1999-01-24,0.585
1999-01-25,0.5867
1999-01-26,0.5861
1999-01-27,0.5787
1999-01-28,0.5822
1999-01-29,0.58725
1999-01-30,0.59495
1999-01-31,0.59535
1999-02-01,0.59585
1999-02-02,0.59485
1999-02-03,0.59085
1999-02-04,0.5884
1999-02-05,0.58925
1999-02-06,0.5796
1999-02-07,0.5832
1999-02-08,0.5805
1999-02-09,0.5727
1999-02-10,0.5746
1999-02-11,0.57445
1999-02-12,0.58185
1999-02-13,0.5865
1999-02-14,0.5883
1999-02-15,0.5872
1999-02-16,0.5882
1999-02-17,0.5828
1999-02-18,0.583
1999-02-19,0.5864
1999-02-20,0.5835
1999-02-21,0.5833
1999-02-22,0.5789
1999-02-23,0.58035
1999-02-24,0.5823
1999-02-25,0.5872
1999-02-26,0.5891
1999-02-27,0.5869
1999-02-28,0.5898
1999-03-01,0.5856
1999-03-02,0.58435
1999-03-03,0.5895
1999-03-04,0.58535
1999-03-05,0.5864
1999-03-06,0.566
1999-03-07,0.5674431372549019
1999-03-08,0.5688862745098039
1999-03-09,0.5703294117647059
1999-03-10,0.5717725490196078
1999-03-11,0.5732156862745098
1999-03-12,0.5746588235294117
1999-03-13,0.5761019607843136
1999-03-14,0.5775450980392156
1999-03-15,0.5789882352941176
1999-03-16,0.5804313725490196
1999-03-17,0.5818745098039215
1999-03-18,0.5833176470588235
1999-03-19,0.5847607843137255
1999-03-20,0.5862039215686274
1999-03-21,0.5876470588235294
1999-03-22,0.5890901960784313
1999-03-23,0.5905333333333332
1999-03-24,0.5919764705882352
1999-03-25,0.5934196078431372
1999-03-26,0.5948627450980392
1999-03-27,0.5963058823529411
1999-03-28,0.5977490196078431
1999-03-29,0.5991921568627451
1999-03-30,0.600635294117647
1999-03-31,0.602078431372549
1999-04-01,0.6035215686274509
1999-04-02,0.6049647058823528
1999-04-03,0.6064078431372548
1999-04-04,0.6078509803921568
1999-04-05,0.6092941176470588
1999-04-06,0.6107372549019607
1999-04-07,0.6121803921568627
1999-04-08,0.6136235294117647
1999-04-09,0.6150666666666667
1999-04-10,0.6165098039215686
1999-04-11,0.6179529411764706
1999-04-12,0.6193960784313725
1999-04-13,0.6208392156862744
1999-04-14,0.6222823529411764
1999-04-15,0.6237254901960784
1999-04-16,0.6251686274509803
1999-04-17,0.6266117647058823
1999-04-18,0.6280549019607843
1999-04-19,0.6294980392156863
1999-04-20,0.6309411764705882
1999-04-21,0.6323843137254901
1999-04-22,0.6338274509803921
1999-04-23,0.635270588235294
1999-04-24,0.636713725490196
1999-04-25,0.638156862745098
1999-04-26,0.6396
1999-04-27,0.641
1999-04-28,0.6401
1999-04-29,0.64415
1999-04-30,0.64615
1999-05-01,0.6445
1999-05-02,0.64555
1999-05-03,0.64745
1999-05-04,0.64705
1999-05-05,0.64815
1999-05-06,0.64405
1999-05-07,0.6492
1999-05-08,0.6479
1999-05-09,0.65155
1999-05-10,0.648
1999-05-11,0.64635
1999-05-12,0.6438
1999-05-13,0.64195
1999-05-14,0.63995
1999-05-15,0.65005
1999-05-16,0.6551
1999-05-17,0.6622
1999-05-18,0.67105
1999-05-19,0.67425
1999-05-20,0.67085
1999-05-21,0.68295
1999-05-22,0.6841
1999-05-23,0.6821
1999-05-24,0.6761
1999-05-25,0.67075
1999-05-26,0.6591
1999-05-27,0.6586401960784314
1999-05-28,0.6581803921568627
1999-05-29,0.6577205882352941
1999-05-30,0.6572607843137255
1999-05-31,0.6568009803921568
1999-06-01,0.6563411764705882
1999-06-02,0.6558813725490197
1999-06-03,0.655421568627451
1999-06-04,0.6549617647058824
1999-06-05,0.6545019607843138
1999-06-06,0.6540421568627451
1999-06-07,0.6535823529411765
1999-06-08,0.6531225490196079
1999-06-09,0.6526627450980392
1999-06-10,0.6522029411764706
1999-06-11,0.651743137254902
1999-06-12,0.6512833333333333
1999-06-13,0.6508235294117647
1999-06-14,0.6503637254901962
1999-06-15,0.6499039215686275
1999-06-16,0.6494441176470589
1999-06-17,0.6489843137254903
1999-06-18,0.6485245098039216
1999-06-19,0.648064705882353
1999-06-20,0.6476049019607844
1999-06-21,0.6471450980392157
1999-06-22,0.6466852941176471
1999-06-23,0.6462254901960784
1999-06-24,0.6457656862745098
1999-06-25,0.6453058823529412
1999-06-26,0.6448460784313725
1999-06-27,0.644386274509804
1999-06-28,0.6439264705882354
1999-06-29,0.6434666666666667
1999-06-30,0.6430068627450981
1999-07-01,0.6425470588235295
1999-07-02,0.6420872549019608
1999-07-03,0.6416274509803922
1999-07-04,0.6411676470588236
1999-07-05,0.6407078431372549
1999-07-06,0.6402480392156863
1999-07-07,0.6397882352941177
1999-07-08,0.639328431372549
1999-07-09,0.6388686274509804
1999-07-10,0.6384088235294119
1999-07-11,0.6379490196078432
1999-07-12,0.6374892156862746
1999-07-13,0.637029411764706
1999-07-14,0.6365696078431373
1999-07-15,0.6361098039215687
1999-07-16,0.63565
1999-07-17,0.63785
1999-07-18,0.64095
1999-07-19,0.6438
1999-07-20,0.6291
1999-07-21,0.6215
1999-07-22,0.6283
1999-07-23,0.63135
1999-07-24,0.62565
1999-07-25,0.6247
1999-07-26,0.6332
1999-07-27,0.63675
1999-07-28,0.6299
1999-07-29,0.62675
1999-07-30,0.6055
1999-07-31,0.60655
1999-08-01,0.6132
1999-08-02,0.59835
1999-08-03,0.60455
1999-08-04,0.599
1999-08-05,0.59955
1999-08-06,0.60725
1999-08-07,0.60955
1999-08-08,0.6079
1999-08-09,0.6171
1999-08-10,0.62145
1999-08-11,0.63065
1999-08-12,0.631057843137255
1999-08-13,0.6314656862745098
1999-08-14,0.6318735294117648
1999-08-15,0.6322813725490196
1999-08-16,0.6326892156862746
1999-08-17,0.6330970588235294
1999-08-18,0.6335049019607844
1999-08-19,0.6339127450980393
1999-08-20,0.6343205882352941
1999-08-21,0.6347284313725491
1999-08-22,0.6351362745098039
1999-08-23,0.6355441176470589
1999-08-24,0.6359519607843137
1999-08-25,0.6363598039215687
1999-08-26,0.6367676470588236
1999-08-27,0.6371754901960784
1999-08-28,0.6375833333333334
1999-08-29,0.6379911764705882
1999-08-30,0.6383990196078432
1999-08-31,0.638806862745098
1999-09-01,0.639214705882353
1999-09-02,0.6396225490196079
1999-09-03,0.6400303921568627
1999-09-04,0.6404382352941177
1999-09-05,0.6408460784313725
1999-09-06,0.6412539215686275
1999-09-07,0.6416617647058823
1999-09-08,0.6420696078431373
1999-09-09,0.6424774509803921
1999-09-10,0.642885294117647
1999-09-11,0.643293137254902
1999-09-12,0.6437009803921568
1999-09-13,0.6441088235294118
1999-09-14,0.6445166666666666
1999-09-15,0.6449245098039216
1999-09-16,0.6453323529411764
1999-09-17,0.6457401960784314
1999-09-18,0.6461480392156863
1999-09-19,0.6465558823529411
1999-09-20,0.6469637254901961
1999-09-21,0.6473715686274509
1999-09-22,0.6477794117647059
1999-09-23,0.6481872549019607
1999-09-24,0.6485950980392157
1999-09-25,0.6490029411764706
1999-09-26,0.6494107843137255
1999-09-27,0.6498186274509804
1999-09-28,0.6502264705882352
1999-09-29,0.6506343137254902
1999-09-30,0.651042156862745
1999-10-01,0.65145
1999-10-02,0.6548
1999-10-03,0.65725
1999-10-04,0.66515
1999-10-05,0.66485
1999-10-06,0.66375
1999-10-07,0.6634
1999-10-08,0.6718
1999-10-09,0.673
1999-10-10,0.6626
1999-10-11,0.64725
1999-10-12,0.6503
1999-10-13,0.6515
1999-10-14,0.64965
1999-10-15,0.64965
1999-10-16,0.65555
1999-10-17,0.65335
1999-10-18,0.64675
1999-10-19,0.64685
1999-10-20,0.64825
1999-10-21,0.64605
1999-10-22,0.646049
1999-10-23,0.65305
1999-10-24,0.6562
1999-10-25,0.65965
1999-10-26,0.66145
1999-10-27,0.65725
1999-10-28,0.66015
1999-10-29,0.65995
1999-10-30,0.733665
1999-10-31,0.66395
1999-11-01,0.66205
1999-11-02,0.66645
1999-11-03,0.66605
1999-11-04,0.66635
1999-11-05,0.67015
1999-11-06,0.66975
1999-11-07,0.670151
1999-11-08,0.669748
1999-11-09,0.671001
1999-11-10,0.6735
1999-11-11,0.673491
1999-11-12,0.67735
1999-11-13,0.6822
1999-11-14,0.6779
1999-11-15,0.6764
1999-11-16,0.68065
1999-11-17,0.68635
1999-11-18,0.68505
1999-11-19,0.68505
1999-11-20,0.6913
1999-11-21,0.6925
1999-11-22,0.69705
1999-11-23,0.7005
1999-11-24,0.6969
1999-11-25,0.6970411764705882
1999-11-26,0.6971823529411765
1999-11-27,0.6973235294117647
1999-11-28,0.6974647058823529
1999-11-29,0.6976058823529412
1999-11-30,0.6977470588235294
1999-12-01,0.6978882352941176
1999-12-02,0.6980294117647059
1999-12-03,0.6981705882352941
1999-12-04,0.6983117647058823
1999-12-05,0.6984529411764705
1999-12-06,0.6985941176470588
1999-12-07,0.698735294117647
1999-12-08,0.6988764705882352
1999-12-09,0.6990176470588235
1999-12-10,0.6991588235294117
1999-12-11,0.6992999999999999
1999-12-12,0.6994411764705882
1999-12-13,0.6995823529411764
1999-12-14,0.6997235294117646
1999-12-15,0.6998647058823529
1999-12-16,0.7000058823529411
1999-12-17,0.7001470588235293
1999-12-18,0.7002882352941177
1999-12-19,0.7004294117647059
1999-12-20,0.7005705882352941
1999-12-21,0.7007117647058823
1999-12-22,0.7008529411764706
1999-12-23,0.7009941176470588
1999-12-24,0.701135294117647
1999-12-25,0.7012764705882353
1999-12-26,0.7014176470588235
1999-12-27,0.7015588235294117
1999-12-28,0.7017
1999-12-29,0.7018411764705882
1999-12-30,0.7019823529411764
1999-12-31,0.7021235294117647
2000-01-01,0.7022647058823529
2000-01-02,0.7024058823529411
2000-01-03,0.7025470588235294
2000-01-04,0.7026882352941176
2000-01-05,0.7028294117647058
2000-01-06,0.702970588235294
2000-01-07,0.7031117647058823
2000-01-08,0.7032529411764705
2000-01-09,0.7033941176470587
2000-01-10,0.703535294117647
2000-01-11,0.7036764705882352
2000-01-12,0.7038176470588234
2000-01-13,0.7039588235294117
2000-01-14,0.7041
2000-01-15,0.6943
2000-01-16,0.6943
2000-01-17,0.6955
2000-01-18,0.69905
2000-01-19,0.70385
2000-01-20,0.70575
2000-01-21,0.699
2000-01-22,0.69935
2000-01-23,0.6993
2000-01-24,0.6992
2000-01-25,0.6953
2000-01-26,0.70365
2000-01-27,0.70235
2000-01-28,0.71465
2000-01-29,0.71465
2000-01-30,0.7143
2000-01-31,0.71325
2000-02-01,0.71735
2000-02-02,0.71365
2000-02-03,0.7125
2000-02-04,0.7125
2000-02-05,0.71025
2000-02-06,0.70945
2000-02-07,0.71255
2000-02-08,0.71115
2000-02-09,0.7104
2000-02-10,0.7123
2000-02-11,0.7047
2000-02-12,0.69915
2000-02-13,0.6993
2000-02-14,0.7054
2000-02-15,0.71295
2000-02-16,0.7128
2000-02-17,0.7128
2000-02-18,0.71735
2000-02-19,0.71605
2000-02-20,0.71325
2000-02-21,0.7161
2000-02-22,0.72355
2000-02-23,0.7251
2000-02-24,0.728
2000-02-25,0.72725
2000-02-26,0.72355
2000-02-27,0.7194
2000-02-28,0.7223
2000-02-29,0.7223
2000-03-01,0.72965
2000-03-02,0.7239
2000-03-03,0.7249
2000-03-04,0.72685
2000-03-05,0.73105
2000-03-06,0.7328
2000-03-07,0.7328
2000-03-08,0.73455
2000-03-09,0.73875
2000-03-10,0.73335
2000-03-11,0.73805
2000-03-12,0.7378
2000-03-13,0.741
2000-03-14,0.73975
2000-03-15,0.73855
2000-03-16,0.74165
2000-03-17,0.7444
2000-03-18,0.74235
2000-03-19,0.7404
2000-03-20,0.7449
2000-03-21,0.7449
2000-03-22,0.7446225490196079
2000-03-23,0.7443450980392157
2000-03-24,0.7440676470588236
2000-03-25,0.7437901960784313
2000-03-26,0.7435127450980392
2000-03-27,0.7432352941176471
2000-03-28,0.7429578431372549
2000-03-29,0.7426803921568628
2000-03-30,0.7424029411764705
2000-03-31,0.7421254901960784
2000-04-01,0.7418480392156863
2000-04-02,0.7415705882352941
2000-04-03,0.741293137254902
2000-04-04,0.7410156862745099
2000-04-05,0.7407382352941176
2000-04-06,0.7404607843137255
2000-04-07,0.7401833333333333
2000-04-08,0.7399058823529412
2000-04-09,0.7396284313725491
2000-04-10,0.7393509803921569
2000-04-11,0.7390735294117647
2000-04-12,0.7387960784313725
2000-04-13,0.7385186274509804
2000-04-14,0.7382411764705883
2000-04-15,0.7379637254901961
2000-04-16,0.737686274509804
2000-04-17,0.7374088235294117
2000-04-18,0.7371313725490196
2000-04-19,0.7368539215686275
2000-04-20,0.7365764705882353
2000-04-21,0.7362990196078432
2000-04-22,0.7360215686274509
2000-04-23,0.7357441176470588
2000-04-24,0.7354666666666667
2000-04-25,0.7351892156862745
2000-04-26,0.7349117647058824
2000-04-27,0.7346343137254903
2000-04-28,0.734356862745098
2000-04-29,0.7340794117647059
2000-04-30,0.7338019607843137
2000-05-01,0.7335245098039216
2000-05-02,0.7332470588235295
2000-05-03,0.7329696078431372
2000-05-04,0.7326921568627451
2000-05-05,0.7324147058823529
2000-05-06,0.7321372549019608
2000-05-07,0.7318598039215687
2000-05-08,0.7315823529411765
2000-05-09,0.7313049019607843
2000-05-10,0.7310274509803921
2000-05-11,0.73075
2000-05-12,0.73115
2000-05-13,0.7196
2000-05-14,0.71305
2000-05-15,0.7123
2000-05-16,0.71285
2000-05-17,0.70775
2000-05-18,0.70895
2000-05-19,0.71045
2000-05-20,0.7099529411764706
2000-05-21,0.7094558823529412
2000-05-22,0.7089588235294118
2000-05-23,0.7084617647058824
2000-05-24,0.7079647058823529
2000-05-25,0.7074676470588236
2000-05-26,0.7069705882352941
2000-05-27,0.7064735294117648
2000-05-28,0.7059764705882353
2000-05-29,0.705479411764706
2000-05-30,0.7049823529411765
2000-05-31,0.704485294117647
2000-06-01,0.7039882352941177
2000-06-02,0.7034911764705882
2000-06-03,0.7029941176470589
2000-06-04,0.7024970588235294
2000-06-05,0.7020000000000001
2000-06-06,0.7015029411764706
2000-06-07,0.7010058823529413
2000-06-08,0.7005088235294118
2000-06-09,0.7000117647058823
2000-06-10,0.699514705882353
2000-06-11,0.6990176470588235
2000-06-12,0.6985205882352942
2000-06-13,0.6980235294117647
2000-06-14,0.6975264705882354
2000-06-15,0.6970294117647059
2000-06-16,0.6965323529411765
2000-06-17,0.6960352941176471
2000-06-18,0.6955382352941177
2000-06-19,0.6950411764705883
2000-06-20,0.6945441176470588
2000-06-21,0.6940470588235295
2000-06-22,0.69355
2000-06-23,0.6930529411764706
2000-06-24,0.6925558823529412
2000-06-25,0.6920588235294118
2000-06-26,0.6915617647058824
2000-06-27,0.691064705882353
2000-06-28,0.6905676470588236
2000-06-29,0.6900705882352942
2000-06-30,0.6895735294117648
2000-07-01,0.6890764705882353
2000-07-02,0.6885794117647059
2000-07-03,0.6880823529411765
2000-07-04,0.6875852941176471
2000-07-05,0.6870882352941177
2000-07-06,0.6865911764705883
2000-07-07,0.6860941176470589
2000-07-08,0.6855970588235295
2000-07-09,0.6851
2000-07-10,0.679306
2000-07-11,0.67685
2000-07-12,0.67435
2000-07-13,0.67315
2000-07-14,0.67725
2000-07-15,0.6739
2000-07-16,0.67405
2000-07-17,0.6844
2000-07-18,0.68725
2000-07-19,0.6864
2000-07-20,0.6864
2000-07-21,0.68305
2000-07-22,0.6829
2000-07-23,0.67935
2000-07-24,0.68085
2000-07-25,0.6831
2000-07-26,0.6803
2000-07-27,0.68395
2000-07-28,0.6879
2000-07-29,0.69145
2000-07-30,0.69165
2000-07-31,0.68975
2000-08-01,0.69295
2000-08-02,0.6914
2000-08-03,0.69505
2000-08-04,0.7047
2000-08-05,0.70675
2000-08-06,0.70825
2000-08-07,0.7076
2000-08-08,0.7057
2000-08-09,0.70365
2000-08-10,0.70085
2000-08-11,0.69645
2000-08-12,0.6966
2000-08-13,0.69635
2000-08-14,0.69605
2000-08-15,0.69895
2000-08-16,0.69715
2000-08-17,0.6951
2000-08-18,0.6951
2000-08-19,0.69465
2000-08-20,0.68785
2000-08-21,0.6881235294117647
2000-08-22,0.6883970588235294
2000-08-23,0.688670588235294
2000-08-24,0.6889441176470588
2000-08-25,0.6892176470588235
2000-08-26,0.6894911764705882
2000-08-27,0.689764705882353
2000-08-28,0.6900382352941176
2000-08-29,0.6903117647058823
2000-08-30,0.690585294117647
2000-08-31,0.6908588235294117
2000-09-01,0.6911323529411765
2000-09-02,0.6914058823529411
2000-09-03,0.6916794117647058
2000-09-04,0.6919529411764705
2000-09-05,0.6922264705882353
2000-09-06,0.6925
2000-09-07,0.6927735294117646
2000-09-08,0.6930470588235293
2000-09-09,0.6933205882352941
2000-09-10,0.6935941176470588
2000-09-11,0.6938676470588235
2000-09-12,0.6941411764705882
2000-09-13,0.6944147058823529
2000-09-14,0.6946882352941176
2000-09-15,0.6949617647058823
2000-09-16,0.6952352941176471
2000-09-17,0.6955088235294118
2000-09-18,0.6957823529411764
2000-09-19,0.6960558823529411
2000-09-20,0.6963294117647059
2000-09-21,0.6966029411764706
2000-09-22,0.6968764705882353
2000-09-23,0.6971499999999999
2000-09-24,0.6974235294117647
2000-09-25,0.6976970588235294
2000-09-26,0.6979705882352941
2000-09-27,0.6982441176470588
2000-09-28,0.6985176470588235
2000-09-29,0.6987911764705882
2000-09-30,0.6990647058823529
2000-10-01,0.6993382352941176
2000-10-02,0.6996117647058824
2000-10-03,0.699885294117647
2000-10-04,0.7001588235294117
2000-10-05,0.7004323529411765
2000-10-06,0.7007058823529412
2000-10-07,0.7009794117647059
2000-10-08,0.7012529411764705
2000-10-09,0.7015264705882353
2000-10-10,0.7018
2000-10-11,0.70455
2000-10-12,0.70295
2000-10-13,0.70665
2000-10-14,0.70465
2000-10-15,0.7037
2000-10-16,0.70345
2000-10-17,0.70065
2000-10-18,0.698
2000-10-19,0.69175
2000-10-20,0.69145
2000-10-21,0.68515
2000-10-22,0.68345
2000-10-23,0.68315
2000-10-24,0.6787
2000-10-25,0.68145
2000-10-26,0.6832
2000-10-27,0.68785
2000-10-28,0.687
2000-10-29,0.68695
2000-10-30,0.68605
2000-10-31,0.68065
2000-11-01,0.68435
2000-11-02,0.68505
2000-11-03,0.68725
2000-11-04,0.6873
2000-11-05,0.68835
2000-11-06,0.68965
2000-11-07,0.69125
2000-11-08,0.69465
2000-11-09,0.6945
2000-11-10,0.69715
2000-11-11,0.69705
2000-11-12,0.69665
2000-11-13,0.70395
2000-11-14,0.7005
2000-11-15,0.70435
2000-11-16,0.70525
2000-11-17,0.71275
2000-11-18,0.71275
2000-11-19,0.71375
2000-11-20,0.7179
2000-11-21,0.71475
2000-11-22,0.7034
2000-11-23,0.7006
2000-11-24,0.7025
2000-11-25,0.7042
2000-11-26,0.70345
2000-11-27,0.71095
2000-11-28,0.7102809215686274
2000-11-29,0.7096118431372549
2000-11-30,0.7089427647058824
2000-12-01,0.7082736862745098
2000-12-02,0.7076046078431373
2000-12-03,0.7069355294117646
2000-12-04,0.7062664509803921
2000-12-05,0.7055973725490196
2000-12-06,0.704928294117647
2000-12-07,0.7042592156862745
2000-12-08,0.7035901372549019
2000-12-09,0.7029210588235294
2000-12-10,0.7022519803921569
2000-12-11,0.7015829019607843
2000-12-12,0.7009138235294118
2000-12-13,0.7002447450980391
2000-12-14,0.6995756666666666
2000-12-15,0.6989065882352941
2000-12-16,0.6982375098039215
2000-12-17,0.697568431372549
2000-12-18,0.6968993529411764
2000-12-19,0.6962302745098039
2000-12-20,0.6955611960784314
2000-12-21,0.6948921176470588
2000-12-22,0.6942230392156863
2000-12-23,0.6935539607843136
2000-12-24,0.6928848823529411
2000-12-25,0.6922158039215686
2000-12-26,0.691546725490196
2000-12-27,0.6908776470588235
2000-12-28,0.690208568627451
2000-12-29,0.6895394901960784
2000-12-30,0.6888704117647059
2000-12-31,0.6882013333333333
2001-01-01,0.6875322549019608
2001-01-02,0.6868631764705881
2001-01-03,0.6861940980392156
2001-01-04,0.6855250196078431
2001-01-05,0.6848559411764705
2001-01-06,0.684186862745098
2001-01-07,0.6835177843137255
2001-01-08,0.6828487058823529
2001-01-09,0.6821796274509804
2001-01-10,0.6815105490196078
2001-01-11,0.6808414705882353
2001-01-12,0.6801723921568628
2001-01-13,0.6795033137254901
2001-01-14,0.6788342352941176
2001-01-15,0.678165156862745
2001-01-16,0.6774960784313725
2001-01-17,0.676827
2001-01-18,0.67805
2001-01-19,0.6791
2001-01-20,0.67815
2001-01-21,0.6747
2001-01-22,0.67705
2001-01-23,0.67425
2001-01-24,0.67095
2001-01-25,0.6684
2001-01-26,0.6673
2001-01-27,0.66835
2001-01-28,0.6698
2001-01-29,0.66085
2001-01-30,0.658217
2001-01-31,0.6634
2001-02-01,0.65785
2001-02-02,0.66025
2001-02-03,0.66355
2001-02-04,0.66485
2001-02-05,0.6664
2001-02-06,0.66525
2001-02-07,0.66525
2001-02-08,0.66625
2001-02-09,0.65685
2001-02-10,0.65045
2001-02-11,0.648504
2001-02-12,0.651109
2001-02-13,0.6462
2001-02-14,0.6462
2001-02-15,0.64285
2001-02-16,0.63765
2001-02-17,0.64245
2001-02-18,0.64485
2001-02-19,0.6407
2001-02-20,0.6342
2001-02-21,0.6342
2001-02-22,0.63165
2001-02-23,0.6237
2001-02-24,0.62425
2001-02-25,0.6268
2001-02-26,0.6148
2001-02-27,0.60845
2001-02-28,0.61005
2001-03-01,0.6074
2001-03-02,0.6043
2001-03-03,0.60765
2001-03-04,0.605229
2001-03-05,0.61595
2001-03-06,0.61565
2001-03-07,0.61655
2001-03-08,0.60655
2001-03-09,0.61095
2001-03-10,0.61385
2001-03-11,0.61115
2001-03-12,0.60835
2001-03-13,0.60815
2001-03-14,0.60915
2001-03-15,0.6087
2001-03-16,0.611145
2001-03-17,0.62545
2001-03-18,0.62525
2001-03-19,0.6316
2001-03-20,0.63315
2001-03-21,0.62715
2001-03-22,0.6332
2001-03-23,0.6337
2001-03-24,0.63435
2001-03-25,0.62965
2001-03-26,0.62615
2001-03-27,0.63125
2001-03-28,0.63385
2001-03-29,0.6384
2001-03-30,0.6383
2001-03-31,0.637
2001-04-01,0.63545
2001-04-02,0.6404
2001-04-03,0.63995
2001-04-04,0.6392774509803921
2001-04-05,0.6386049019607843
2001-04-06,0.6379323529411765
2001-04-07,0.6372598039215687
2001-04-08,0.6365872549019608
2001-04-09,0.635914705882353
2001-04-10,0.6352421568627451
2001-04-11,0.6345696078431373
2001-04-12,0.6338970588235294
2001-04-13,0.6332245098039216
2001-04-14,0.6325519607843137
2001-04-15,0.6318794117647059
2001-04-16,0.6312068627450981
2001-04-17,0.6305343137254902
2001-04-18,0.6298617647058824
2001-04-19,0.6291892156862745
2001-04-20,0.6285166666666667
2001-04-21,0.6278441176470588
2001-04-22,0.627171568627451
2001-04-23,0.6264990196078432
2001-04-24,0.6258264705882353
2001-04-25,0.6251539215686275
2001-04-26,0.6244813725490196
2001-04-27,0.6238088235294118
2001-04-28,0.6231362745098039
2001-04-29,0.6224637254901961
2001-04-30,0.6217911764705882
2001-05-01,0.6211186274509805
2001-05-02,0.6204460784313726
2001-05-03,0.6197735294117648
2001-05-04,0.6191009803921569
2001-05-05,0.618428431372549
2001-05-06,0.6177558823529412
2001-05-07,0.6170833333333333
2001-05-08,0.6164107843137255
2001-05-09,0.6157382352941176
2001-05-10,0.6150656862745099
2001-05-11,0.614393137254902
2001-05-12,0.6137205882352942
2001-05-13,0.6130480392156863
2001-05-14,0.6123754901960785
2001-05-15,0.6117029411764706
2001-05-16,0.6110303921568627
2001-05-17,0.6103578431372549
2001-05-18,0.609685294117647
2001-05-19,0.6090127450980393
2001-05-20,0.6083401960784314
2001-05-21,0.6076676470588236
2001-05-22,0.6069950980392157
2001-05-23,0.6063225490196079
2001-05-24,0.60565
2001-05-25,0.6095
2001-05-26,0.609
2001-05-27,0.60825
2001-05-28,0.60905
2001-05-29,0.60425
2001-05-30,0.60425
2001-05-31,0.61055
2001-06-01,0.6113
2001-06-02,0.61725
2001-06-03,0.61795
2001-06-04,0.618375
2001-06-05,0.62215
2001-06-06,0.6217
2001-06-07,0.62335
2001-06-08,0.624625
2001-06-09,0.6223
2001-06-10,0.6225
2001-06-11,0.6228632352941177
2001-06-12,0.6232264705882353
2001-06-13,0.623589705882353
2001-06-14,0.6239529411764706
2001-06-15,0.6243161764705882
2001-06-16,0.6246794117647059
2001-06-17,0.6250426470588236
2001-06-18,0.6254058823529413
2001-06-19,0.6257691176470589
2001-06-20,0.6261323529411765
2001-06-21,0.6264955882352942
2001-06-22,0.6268588235294118
2001-06-23,0.6272220588235294
2001-06-24,0.6275852941176471
2001-06-25,0.6279485294117647
2001-06-26,0.6283117647058823
2001-06-27,0.628675
2001-06-28,0.6290382352941176
2001-06-29,0.6294014705882353
2001-06-30,0.629764705882353
2001-07-01,0.6301279411764706
2001-07-02,0.6304911764705883
2001-07-03,0.6308544117647059
2001-07-04,0.6312176470588235
2001-07-05,0.6315808823529412
2001-07-06,0.6319441176470588
2001-07-07,0.6323073529411765
2001-07-08,0.6326705882352941
2001-07-09,0.6330338235294117
2001-07-10,0.6333970588235294
2001-07-11,0.633760294117647
2001-07-12,0.6341235294117648
2001-07-13,0.6344867647058824
2001-07-14,0.63485
2001-07-15,0.6352132352941177
2001-07-16,0.6355764705882353
2001-07-17,0.6359397058823529
2001-07-18,0.6363029411764706
2001-07-19,0.6366661764705882
2001-07-20,0.6370294117647058
2001-07-21,0.6373926470588235
2001-07-22,0.6377558823529411
2001-07-23,0.6381191176470588
2001-07-24,0.6384823529411764
2001-07-25,0.6388455882352941
2001-07-26,0.6392088235294118
2001-07-27,0.6395720588235294
2001-07-28,0.639935294117647
2001-07-29,0.6402985294117647
2001-07-30,0.6406617647058823
2001-07-31,0.641025
2001-08-01,0.6536
2001-08-02,0.65805
2001-08-03,0.66235
2001-08-04,0.6628
2001-08-05,0.663125
2001-08-06,0.66265
2001-08-07,0.659
2001-08-08,0.6597
2001-08-09,0.66105
2001-08-10,0.66105
2001-08-11,0.66185
2001-08-12,0.66995
2001-08-13,0.65975
2001-08-14,0.6584
2001-08-15,0.65155
2001-08-16,0.6527
2001-08-17,0.6527
2001-08-18,0.65145
2001-08-19,0.65765
2001-08-20,0.6585
2001-08-21,0.66425
2001-08-22,0.662125
2001-08-23,0.65885
2001-08-24,0.6596
2001-08-25,0.65565
2001-08-26,0.6586
2001-08-27,0.6606
2001-08-28,0.65905
2001-08-29,0.658875
2001-08-30,0.6572
2001-08-31,0.66065
2001-09-01,0.66335
2001-09-02,0.6637
2001-09-03,0.6675
2001-09-04,0.6674
2001-09-05,0.6674
2001-09-06,0.66835
2001-09-07,0.6636
2001-09-08,0.66095
2001-09-09,0.65745
2001-09-10,0.65755
2001-09-11,0.66025
2001-09-12,0.6618
2001-09-13,0.6622
2001-09-14,0.66545
2001-09-15,0.67075
2001-09-16,0.67185
2001-09-17,0.67355
2001-09-18,0.67
2001-09-19,0.6706764705882353
2001-09-20,0.6713529411764706
2001-09-21,0.6720294117647059
2001-09-22,0.6727058823529413
2001-09-23,0.6733823529411765
2001-09-24,0.6740588235294118
2001-09-25,0.6747352941176471
2001-09-26,0.6754117647058824
2001-09-27,0.6760882352941177
2001-09-28,0.6767647058823529
2001-09-29,0.6774411764705883
2001-09-30,0.6781176470588236
2001-10-01,0.6787941176470589
2001-10-02,0.6794705882352942
2001-10-03,0.6801470588235294
2001-10-04,0.6808235294117647
2001-10-05,0.6815
2001-10-06,0.6821764705882353
2001-10-07,0.6828529411764707
2001-10-08,0.6835294117647059
2001-10-09,0.6842058823529412
2001-10-10,0.6848823529411765
2001-10-11,0.6855588235294118
2001-10-12,0.686235294117647
2001-10-13,0.6869117647058823
2001-10-14,0.6875882352941177
2001-10-15,0.688264705882353
2001-10-16,0.6889411764705883
2001-10-17,0.6896176470588236
2001-10-18,0.6902941176470588
2001-10-19,0.6909705882352941
2001-10-20,0.6916470588235294
2001-10-21,0.6923235294117648
2001-10-22,0.6930000000000001
2001-10-23,0.6936764705882353
2001-10-24,0.6943529411764706
2001-10-25,0.6950294117647059
2001-10-26,0.6957058823529412
2001-10-27,0.6963823529411765
2001-10-28,0.6970588235294117
2001-10-29,0.6977352941176471
2001-10-30,0.6984117647058824
2001-10-31,0.6990882352941177
2001-11-01,0.699764705882353
2001-11-02,0.7004411764705882
2001-11-03,0.7011176470588235
2001-11-04,0.7017941176470588
2001-11-05,0.7024705882352942
2001-11-06,0.7031470588235295
2001-11-07,0.7038235294117647
2001-11-08,0.7045
2001-11-09,0.7045
2001-11-10,0.7045
2001-11-11,0.7056
2001-11-12,0.708
2001-11-13,0.7052
2001-11-14,0.69265
2001-11-15,0.6872
2001-11-16,0.6872
2001-11-17,0.6852
2001-11-18,0.6925
2001-11-19,0.69065
2001-11-20,0.6884
2001-11-21,0.6892
2001-11-22,0.6914
2001-11-23,0.6914
2001-11-24,0.69065
2001-11-25,0.69515
2001-11-26,0.69115
2001-11-27,0.69255
2001-11-28,0.69445
2001-11-29,0.6953
2001-11-30,0.6953
2001-12-01,0.6955
2001-12-02,0.6994
2001-12-03,0.70025
2001-12-04,0.6988
2001-12-05,0.69755
2001-12-06,0.6969
2001-12-07,0.6951
2001-12-08,0.69585
2001-12-09,0.69605
2001-12-10,0.6875
2001-12-11,0.68875
2001-12-12,0.68255
2001-12-13,0.68095
2001-12-14,0.68125
2001-12-15,0.68415
2001-12-16,0.68425
2001-12-17,0.6796
2001-12-18,0.68865
2001-12-19,0.68565
2001-12-20,0.6837
2001-12-21,0.68485
2001-12-22,0.686704
2001-12-23,0.69435
2001-12-24,0.69685
2001-12-25,0.6973
2001-12-26,0.70075
2001-12-27,0.70135
2001-12-28,0.70505
2001-12-29,0.70575
2001-12-30,0.70675
2001-12-31,0.7106
2002-01-01,0.70475
2002-01-02,0.70085
2002-01-03,0.69405
2002-01-04,0.6886
2002-01-05,0.6768
2002-01-06,0.67995
2002-01-07,0.68445
2002-01-08,0.68495
2002-01-09,0.6914
2002-01-10,0.6929
2002-01-11,0.69775
2002-01-12,0.69015
2002-01-13,0.6949
2002-01-14,0.69725
2002-01-15,0.70175
2002-01-16,0.70435
2002-01-17,0.7043
2002-01-18,0.7145
2002-01-19,0.7126
2002-01-20,0.71635
2002-01-21,0.71215
2002-01-22,0.71555
2002-01-23,0.71445
2002-01-24,0.7217
2002-01-25,0.7228754901960784
2002-01-26,0.7240509803921569
2002-01-27,0.7252264705882353
2002-01-28,0.7264019607843137
2002-01-29,0.7275774509803922
2002-01-30,0.7287529411764706
2002-01-31,0.729928431372549
2002-02-01,0.7311039215686275
2002-02-02,0.7322794117647059
2002-02-03,0.7334549019607843
2002-02-04,0.7346303921568628
2002-02-05,0.7358058823529412
2002-02-06,0.7369813725490196
2002-02-07,0.7381568627450981
2002-02-08,0.7393323529411765
2002-02-09,0.7405078431372549
2002-02-10,0.7416833333333334
2002-02-11,0.7428588235294118
2002-02-12,0.7440343137254902
2002-02-13,0.7452098039215687
2002-02-14,0.7463852941176471
2002-02-15,0.7475607843137255
2002-02-16,0.748736274509804
2002-02-17,0.7499117647058824
2002-02-18,0.7510872549019607
2002-02-19,0.7522627450980393
2002-02-20,0.7534382352941176
2002-02-21,0.754613725490196
2002-02-22,0.7557892156862744
2002-02-23,0.7569647058823529
2002-02-24,0.7581401960784313
2002-02-25,0.7593156862745097
2002-02-26,0.7604911764705882
2002-02-27,0.7616666666666666
2002-02-28,0.762842156862745
2002-03-01,0.7640176470588235
2002-03-02,0.7651931372549019
2002-03-03,0.7663686274509803
2002-03-04,0.7675441176470588
2002-03-05,0.7687196078431372
2002-03-06,0.7698950980392156
2002-03-07,0.7710705882352941
2002-03-08,0.7722460784313725
2002-03-09,0.7734215686274509
2002-03-10,0.7745970588235294
2002-03-11,0.7757725490196078
2002-03-12,0.7769480392156862
2002-03-13,0.7781235294117647
2002-03-14,0.7792990196078431
2002-03-15,0.7804745098039215
2002-03-16,0.78165
2002-03-17,0.7818
2002-03-18,0.7826
2002-03-19,0.78275
2002-03-20,0.7799
2002-03-21,0.77955
2002-03-22,0.77945
2002-03-23,0.78215
2002-03-24,0.78855
2002-03-25,0.79205
2002-03-26,0.79135
2002-03-27,0.79415
2002-03-28,0.79255
2002-03-29,0.7964
2002-03-30,0.80425
2002-03-31,0.80855
2002-04-01,0.8022
2002-04-02,0.79035
2002-04-03,0.7654
2002-04-04,0.76325
2002-04-05,0.77075
2002-04-06,0.76175
2002-04-07,0.7642
2002-04-08,0.75945
2002-04-09,0.76735
2002-04-10,0.7561
2002-04-11,0.73765
2002-04-12,0.72855
2002-04-13,0.71575
2002-04-14,0.6727
2002-04-15,0.6974
2002-04-16,0.6924
2002-04-17,0.696
2002-04-18,0.7004
2002-04-19,0.70935
2002-04-20,0.72299
2002-04-21,0.71815
2002-04-22,0.70485
2002-04-23,0.70615
2002-04-24,0.70455
2002-04-25,0.7023
2002-04-26,0.70225
2002-04-27,0.69615
2002-04-28,0.6905
2002-04-29,0.6919
2002-04-30,0.6888
2002-05-01,0.69375
2002-05-02,0.7033
2002-05-03,0.71455
2002-05-04,0.7176
2002-05-05,0.71335
2002-05-06,0.7063
2002-05-07,0.72515
2002-05-08,0.73315
2002-05-09,0.7393
2002-05-10,0.7415
2002-05-11,0.74525
2002-05-12,0.74015
2002-05-13,0.7449
2002-05-14,0.74825
2002-05-15,0.7566
2002-05-16,0.7649
2002-05-17,0.7593
2002-05-18,0.75745
2002-05-19,0.75535
2002-05-20,0.7627
2002-05-21,0.76275
2002-05-22,0.76225
2002-05-23,0.76325
2002-05-24,0.77425
2002-05-25,0.7753
2002-05-26,0.76275
2002-05-27,0.74475
2002-05-28,0.75015
2002-05-29,0.750592156862745
2002-05-30,0.7510343137254902
2002-05-31,0.7514764705882353
2002-06-01,0.7519186274509804
2002-06-02,0.7523607843137254
2002-06-03,0.7528029411764706
2002-06-04,0.7532450980392157
2002-06-05,0.7536872549019608
2002-06-06,0.7541294117647058
2002-06-07,0.754571568627451
2002-06-08,0.7550137254901961
2002-06-09,0.7554558823529411
2002-06-10,0.7558980392156863
2002-06-11,0.7563401960784314
2002-06-12,0.7567823529411765
2002-06-13,0.7572245098039215
2002-06-14,0.7576666666666667
2002-06-15,0.7581088235294118
2002-06-16,0.7585509803921568
2002-06-17,0.7589931372549019
2002-06-18,0.7594352941176471
2002-06-19,0.7598774509803922
2002-06-20,0.7603196078431372
2002-06-21,0.7607617647058824
2002-06-22,0.7612039215686275
2002-06-23,0.7616460784313726
2002-06-24,0.7620882352941176
2002-06-25,0.7625303921568628
2002-06-26,0.7629725490196079
2002-06-27,0.7634147058823529
2002-06-28,0.7638568627450981
2002-06-29,0.7642990196078432
2002-06-30,0.7647411764705883
2002-07-01,0.7651833333333333
2002-07-02,0.7656254901960785
2002-07-03,0.7660676470588236
2002-07-04,0.7665098039215686
2002-07-05,0.7669519607843137
2002-07-06,0.7673941176470589
2002-07-07,0.767836274509804
2002-07-08,0.768278431372549
2002-07-09,0.7687205882352942
2002-07-10,0.7691627450980393
2002-07-11,0.7696049019607843
2002-07-12,0.7700470588235294
2002-07-13,0.7704892156862746
2002-07-14,0.7709313725490197
2002-07-15,0.7713735294117647
2002-07-16,0.7718156862745098
2002-07-17,0.772257843137255
2002-07-18,0.7727
2002-07-19,0.76965
2002-07-20,0.7656
2002-07-21,0.7715
2002-07-22,0.77615
2002-07-23,0.7707
2002-07-24,0.76415
2002-07-25,0.77275
2002-07-26,0.77225
2002-07-27,0.78125
2002-07-28,0.7843
2002-07-29,0.78985
2002-07-30,0.78375
2002-07-31,0.76955
2002-08-01,0.7729
2002-08-02,0.7575
2002-08-03,0.74675
2002-08-04,0.7637
2002-08-05,0.7591
2002-08-06,0.77325
2002-08-07,0.7703
2002-08-08,0.7767
2002-08-09,0.77845
2002-08-10,0.7813
2002-08-11,0.78435
2002-08-12,0.7948
2002-08-13,0.79555
2002-08-14,0.78385
2002-08-15,0.78545
2002-08-16,0.79065
2002-08-17,0.78845
2002-08-18,0.7896
2002-08-19,0.79465
2002-08-20,0.7838
2002-08-21,0.79165
2002-08-22,0.7886
2002-08-23,0.79485
2002-08-24,0.80015
2002-08-25,0.79355
2002-08-26,0.79935
2002-08-27,0.806
2002-08-28,0.81085
2002-08-29,0.8125
2002-08-30,0.81635
2002-08-31,0.81555
2002-09-01,0.79955
2002-09-02,0.8028
2002-09-03,0.80095
2002-09-04,0.80085
2002-09-05,0.80005
2002-09-06,0.79285
2002-09-07,0.7884
2002-09-08,0.80035
2002-09-09,0.80645
2002-09-10,0.8134
2002-09-11,0.8148
2002-09-12,0.80025
2002-09-13,0.80985
2002-09-14,0.80405
2002-09-15,0.78815
2002-09-16,0.7892
2002-09-17,0.79635
2002-09-18,0.80475
2002-09-19,0.8037
2002-09-20,0.80395
2002-09-21,0.80395
2002-09-22,0.78545
2002-09-23,0.78115
2002-09-24,0.78975
2002-09-25,0.7889588235294117
2002-09-26,0.7881676470588235
2002-09-27,0.7873764705882352
2002-09-28,0.786585294117647
2002-09-29,0.7857941176470588
2002-09-30,0.7850029411764705
2002-10-01,0.7842117647058823
2002-10-02,0.783420588235294
2002-10-03,0.7826294117647058
2002-10-04,0.7818382352941176
2002-10-05,0.7810470588235293
2002-10-06,0.7802558823529411
2002-10-07,0.779464705882353
2002-10-08,0.7786735294117647
2002-10-09,0.7778823529411765
2002-10-10,0.7770911764705882
2002-10-11,0.7763
2002-10-12,0.7755088235294118
2002-10-13,0.7747176470588235
2002-10-14,0.7739264705882353
2002-10-15,0.773135294117647
2002-10-16,0.7723441176470588
2002-10-17,0.7715529411764706
2002-10-18,0.7707617647058823
2002-10-19,0.7699705882352941
2002-10-20,0.7691794117647058
2002-10-21,0.7683882352941176
2002-10-22,0.7675970588235294
2002-10-23,0.7668058823529411
2002-10-24,0.7660147058823529
2002-10-25,0.7652235294117646
2002-10-26,0.7644323529411764
2002-10-27,0.7636411764705882
2002-10-28,0.7628499999999999
2002-10-29,0.7620588235294117
2002-10-30,0.7612676470588234
2002-10-31,0.7604764705882352
2002-11-01,0.7596852941176471
2002-11-02,0.7588941176470588
2002-11-03,0.7581029411764706
2002-11-04,0.7573117647058824
2002-11-05,0.7565205882352941
2002-11-06,0.7557294117647059
2002-11-07,0.7549382352941176
2002-11-08,0.7541470588235294
2002-11-09,0.7533558823529412
2002-11-10,0.7525647058823529
2002-11-11,0.7517735294117647
2002-11-12,0.7509823529411764
2002-11-13,0.7501911764705882
2002-11-14,0.7494
2002-11-15,0.749604
2002-11-16,0.75337
2002-11-17,0.75395
2002-11-18,0.75635
2002-11-19,0.76135
2002-11-20,0.76055
2002-11-21,0.75765
2002-11-22,0.75905
2002-11-23,0.75615
2002-11-24,0.75475
2002-11-25,0.760761
2002-11-26,0.76045
2002-11-27,0.7577
2002-11-28,0.76073
2002-11-29,0.75585
2002-11-30,0.7593
2002-12-01,0.750981
2002-12-02,0.75123
2002-12-03,0.756523
2002-12-04,0.757765
2002-12-05,0.761
2002-12-06,0.76427
2002-12-07,0.7716
2002-12-08,0.77095
2002-12-09,0.76455
2002-12-10,0.7627
2002-12-11,0.759745
2002-12-12,0.7585
2002-12-13,0.7452
2002-12-14,0.7404
2002-12-15,0.7419
2002-12-16,0.735985
2002-12-17,0.73745
2002-12-18,0.73355
2002-12-19,0.73395
2002-12-20,0.7267
2002-12-21,0.7306
2002-12-22,0.72505
2002-12-23,0.71955
2002-12-24,0.71415
2002-12-25,0.70035
2002-12-26,0.69785
2002-12-27,0.6867
2002-12-28,0.6997
2002-12-29,0.6981
2002-12-30,0.7053
2002-12-31,0.71335
2003-01-01,0.71475
2003-01-02,0.71355
2003-01-03,0.71915
2003-01-04,0.708399
2003-01-05,0.70675
2003-01-06,0.69535
2003-01-07,0.69835
2003-01-08,0.70175
2003-01-09,0.694788
2003-01-10,0.6959
2003-01-11,0.6872
2003-01-12,0.6847
2003-01-13,0.6795
2003-01-14,0.67655
2003-01-15,0.66995
2003-01-16,0.67485
2003-01-17,0.6682
2003-01-18,0.6494
2003-01-19,0.66795
2003-01-20,0.66
2003-01-21,0.6593
2003-01-22,0.655965
2003-01-23,0.673435
2003-01-24,0.68875
2003-01-25,0.6903
2003-01-26,0.68095
2003-01-27,0.68405
2003-01-28,0.68335
2003-01-29,0.68605
2003-01-30,0.67785
2003-01-31,0.6705
2003-02-01,0.67675
2003-02-02,0.664
2003-02-03,0.6622
2003-02-04,0.62625
2003-02-05,0.634865
2003-02-06,0.601365
2003-02-07,0.6169
2003-02-08,0.60784
2003-02-09,0.60415
2003-02-10,0.623955
2003-02-11,0.61825
2003-02-12,0.6106
2003-02-13,0.61635
2003-02-14,0.6191
2003-02-15,0.61255
2003-02-16,0.55535
2003-02-17,0.54465
2003-02-18,0.5523
2003-02-19,0.58465
2003-02-20,0.58805
2003-02-21,0.596442
2003-02-22,0.611649
2003-02-23,0.6104460784313726
2003-02-24,0.6092431568627451
2003-02-25,0.6080402352941177
2003-02-26,0.6068373137254902
2003-02-27,0.6056343921568628
2003-02-28,0.6044314705882353
2003-03-01,0.6032285490196079
2003-03-02,0.6020256274509804
2003-03-03,0.600822705882353
2003-03-04,0.5996197843137255
2003-03-05,0.5984168627450981
2003-03-06,0.5972139411764706
2003-03-07,0.5960110196078432
2003-03-08,0.5948080980392156
2003-03-09,0.5936051764705882
2003-03-10,0.5924022549019607
2003-03-11,0.5911993333333333
2003-03-12,0.5899964117647059
2003-03-13,0.5887934901960784
2003-03-14,0.587590568627451
2003-03-15,0.5863876470588235
2003-03-16,0.5851847254901961
2003-03-17,0.5839818039215686
2003-03-18,0.5827788823529412
2003-03-19,0.5815759607843137
2003-03-20,0.5803730392156863
2003-03-21,0.5791701176470588
2003-03-22,0.5779671960784314
2003-03-23,0.5767642745098039
2003-03-24,0.5755613529411765
2003-03-25,0.574358431372549
2003-03-26,0.5731555098039216
2003-03-27,0.5719525882352942
2003-03-28,0.5707496666666667
2003-03-29,0.5695467450980393
2003-03-30,0.5683438235294118
2003-03-31,0.5671409019607844
2003-04-01,0.5659379803921569
2003-04-02,0.5647350588235294
2003-04-03,0.5635321372549019
2003-04-04,0.5623292156862745
2003-04-05,0.561126294117647
2003-04-06,0.5599233725490196
2003-04-07,0.5587204509803921
2003-04-08,0.5575175294117647
2003-04-09,0.5563146078431372
2003-04-10,0.5551116862745098
2003-04-11,0.5539087647058824
2003-04-12,0.5527058431372549
2003-04-13,0.5515029215686275
2003-04-14,0.5503
2003-04-15,0.54275
2003-04-16,0.53125
2003-04-17,0.5416
2003-04-18,0.544565
2003-04-19,0.52113
2003-04-20,0.5203
2003-04-21,0.5254
2003-04-22,0.530383
2003-04-23,0.52865
2003-04-24,0.5283
2003-04-25,0.534235
2003-04-26,0.51425
2003-04-27,0.5078
2003-04-28,0.50205
2003-04-29,0.513355
2003-04-30,0.51145
2003-05-01,0.51845
2003-05-02,0.53115
2003-05-03,0.53875
2003-05-04,0.525209
2003-05-05,0.520059
2003-05-06,0.5222
2003-05-07,0.516516
2003-05-08,0.5196
2003-05-09,0.50945
2003-05-10,0.50815
2003-05-11,0.51247
2003-05-12,0.5069
2003-05-13,0.50925
2003-05-14,0.514165
2003-05-15,0.51165
2003-05-16,0.5095
2003-05-17,0.5025
2003-05-18,0.49225
2003-05-19,0.49765
2003-05-20,0.5065
2003-05-21,0.49755
2003-05-22,0.5023
2003-05-23,0.4932
2003-05-24,0.50115
2003-05-25,0.50615
2003-05-26,0.51904
2003-05-27,0.523574
2003-05-28,0.5295
2003-05-29,0.5298
2003-05-30,0.54435
2003-05-31,0.5553
2003-06-01,0.5639
2003-06-02,0.5733
2003-06-03,0.56015
2003-06-04,0.5707
2003-06-05,0.579
2003-06-06,0.562845
2003-06-07,0.5617
2003-06-08,0.5687
2003-06-09,0.5612
2003-06-10,0.58063
2003-06-11,0.5927
2003-06-12,0.5874
2003-06-13,0.575965
2003-06-14,0.580112
2003-06-15,0.58085
2003-06-16,0.585391
2003-06-17,0.575507
2003-06-18,0.58105
2003-06-19,0.5701
2003-06-20,0.5504
2003-06-21,0.5651
2003-06-22,0.5554
2003-06-23,0.56695
2003-06-24,0.5661
2003-06-25,0.55885
2003-06-26,0.5717
2003-06-27,0.5727678431372549
2003-06-28,0.5738356862745098
2003-06-29,0.5749035294117647
2003-06-30,0.5759713725490196
2003-07-01,0.5770392156862745
2003-07-02,0.5781070588235294
2003-07-03,0.5791749019607844
2003-07-04,0.5802427450980392
2003-07-05,0.5813105882352941
2003-07-06,0.582378431372549
2003-07-07,0.5834462745098039
2003-07-08,0.5845141176470589
2003-07-09,0.5855819607843137
2003-07-10,0.5866498039215686
2003-07-11,0.5877176470588236
2003-07-12,0.5887854901960784
2003-07-13,0.5898533333333333
2003-07-14,0.5909211764705883
2003-07-15,0.5919890196078431
2003-07-16,0.5930568627450981
2003-07-17,0.594124705882353
2003-07-18,0.5951925490196078
2003-07-19,0.5962603921568628
2003-07-20,0.5973282352941176
2003-07-21,0.5983960784313725
2003-07-22,0.5994639215686275
2003-07-23,0.6005317647058823
2003-07-24,0.6015996078431373
2003-07-25,0.6026674509803922
2003-07-26,0.603735294117647
2003-07-27,0.604803137254902
2003-07-28,0.6058709803921569
2003-07-29,0.6069388235294118
2003-07-30,0.6080066666666667
2003-07-31,0.6090745098039216
2003-08-01,0.6101423529411765
2003-08-02,0.6112101960784314
2003-08-03,0.6122780392156864
2003-08-04,0.6133458823529412
2003-08-05,0.6144137254901961
2003-08-06,0.6154815686274511
2003-08-07,0.6165494117647059
2003-08-08,0.6176172549019608
2003-08-09,0.6186850980392157
2003-08-10,0.6197529411764706
2003-08-11,0.6208207843137256
2003-08-12,0.6218886274509804
2003-08-13,0.6229564705882353
2003-08-14,0.6240243137254903
2003-08-15,0.6250921568627451
2003-08-16,0.62616
2003-08-17,0.6335
2003-08-18,0.63955
2003-08-19,0.647605
2003-08-20,0.644538
2003-08-21,0.644496
2003-08-22,0.643087
2003-08-23,0.645494
2003-08-24,0.65505
2003-08-25,0.651954
2003-08-26,0.661748
2003-08-27,0.657592
2003-08-28,0.65783
2003-08-29,0.656491
2003-08-30,0.656491
2003-08-31,0.655437
2003-09-01,0.657484
2003-09-02,0.654151
2003-09-03,0.653253
2003-09-04,0.660458
2003-09-05,0.664231
2003-09-06,0.664209
2003-09-07,0.667468
2003-09-08,0.666289
2003-09-09,0.673605
2003-09-10,0.669635
2003-09-11,0.672721
2003-09-12,0.672495
2003-09-13,0.67365
2003-09-14,0.673197
2003-09-15,0.669098
2003-09-16,0.67297
2003-09-17,0.678633
2003-09-18,0.677599
2003-09-19,0.677599
2003-09-20,0.668135
2003-09-21,0.669591
2003-09-22,0.673696
2003-09-23,0.675014
2003-09-24,0.675836
2003-09-25,0.682105
2003-09-26,0.682501
2003-09-27,0.682501
2003-09-28,0.686153
2003-09-29,0.684346
2003-09-30,0.680342
2003-10-01,0.683457
2003-10-02,0.685049
2003-10-03,0.686412
2003-10-04,0.686412
2003-10-05,0.685354
2003-10-06,0.67415
2003-10-07,0.674059
2003-10-08,0.677667
2003-10-09,0.68861
2003-10-10,0.686412
2003-10-11,0.686412
2003-10-12,0.693193
2003-10-13,0.697058
2003-10-14,0.69604
2003-10-15,0.703655
2003-10-16,0.707164
2003-10-17,0.7043
2003-10-18,0.706015
2003-10-19,0.698763
2003-10-20,0.704151
2003-10-21,0.71375
2003-10-22,0.709673
2003-10-23,0.709849
2003-10-24,0.709019
2003-10-25,0.709019
2003-10-26,0.707664
2003-10-27,0.719554
2003-10-28,0.726137
2003-10-29,0.716794
2003-10-30,0.7173170000000001
2003-10-31,0.71784
2003-11-01,0.7183630000000001
2003-11-02,0.718886
2003-11-03,0.7194090000000001
2003-11-04,0.719932
2003-11-05,0.7204550000000001
2003-11-06,0.720978
2003-11-07,0.7215010000000001
2003-11-08,0.722024
2003-11-09,0.722547
2003-11-10,0.72307
2003-11-11,0.723593
2003-11-12,0.724116
2003-11-13,0.724639
2003-11-14,0.725162
2003-11-15,0.725685
2003-11-16,0.7262080000000001
2003-11-17,0.726731
2003-11-18,0.7272540000000001
2003-11-19,0.727777
2003-11-20,0.7283000000000001
2003-11-21,0.728823
2003-11-22,0.729346
2003-11-23,0.729869
2003-11-24,0.730392
2003-11-25,0.730915
2003-11-26,0.731438
2003-11-27,0.731961
2003-11-28,0.732484
2003-11-29,0.733007
2003-11-30,0.73353
2003-12-01,0.734053
2003-12-02,0.734576
2003-12-03,0.7350990000000001
2003-12-04,0.735622
2003-12-05,0.736145
2003-12-06,0.736668
2003-12-07,0.737191
2003-12-08,0.737714
2003-12-09,0.738237
2003-12-10,0.73876
2003-12-11,0.739283
2003-12-12,0.739806
2003-12-13,0.740329
2003-12-14,0.740852
2003-12-15,0.741375
2003-12-16,0.741898
2003-12-17,0.742421
2003-12-18,0.7429439999999999
2003-12-19,0.743467
2003-12-20,0.743467
2003-12-21,0.746965
2003-12-22,0.741757
2003-12-23,0.746352
2003-12-24,0.728651
2003-12-25,0.724822
2003-12-26,0.725189
2003-12-27,0.725189
2003-12-28,0.734241
2003-12-29,0.723641
2003-12-30,0.729341
2003-12-31,0.71449
2004-01-01,0.710454
2004-01-02,0.709799
2004-01-03,0.709799
2004-01-04,0.713547
2004-01-05,0.728147
2004-01-06,0.723956
2004-01-07,0.722961
2004-01-08,0.716102
2004-01-09,0.717
2004-01-10,0.716255
2004-01-11,0.712555
2004-01-12,0.710227
2004-01-13,0.712504
2004-01-14,0.729607
2004-01-15,0.724297
2004-01-16,0.72372
2004-01-17,0.72372
2004-01-18,0.728518
2004-01-19,0.721735
2004-01-20,0.721996
2004-01-21,0.710152
2004-01-22,0.708617
2004-01-23,0.711541
2004-01-24,0.711541
2004-01-25,0.707814
2004-01-26,0.701853
2004-01-27,0.705368
2004-01-28,0.704399
2004-01-29,0.706215
2004-01-30,0.706215
2004-01-31,0.706215
2004-02-01,0.708567
2004-02-02,0.718546
2004-02-03,0.721007
2004-02-04,0.725453
2004-02-05,0.723432
2004-02-06,0.723432
2004-02-07,0.723432
2004-02-08,0.732654
2004-02-09,0.732359
2004-02-10,0.735294
2004-02-11,0.732601
2004-02-12,0.733299
2004-02-13,0.736594
2004-02-14,0.736594
2004-02-15,0.742005
2004-02-16,0.74129
2004-02-17,0.738525
2004-02-18,0.7376815098039216
2004-02-19,0.7368380196078431
2004-02-20,0.7359945294117647
2004-02-21,0.7351510392156863
2004-02-22,0.7343075490196078
2004-02-23,0.7334640588235294
2004-02-24,0.732620568627451
2004-02-25,0.7317770784313725
2004-02-26,0.7309335882352941
2004-02-27,0.7300900980392157
2004-02-28,0.7292466078431372
2004-02-29,0.7284031176470588
2004-03-01,0.7275596274509804
2004-03-02,0.7267161372549019
2004-03-03,0.7258726470588235
2004-03-04,0.725029156862745
2004-03-05,0.7241856666666666
2004-03-06,0.7233421764705882
2004-03-07,0.7224986862745097
2004-03-08,0.7216551960784313
2004-03-09,0.7208117058823529
2004-03-10,0.7199682156862744
2004-03-11,0.719124725490196
2004-03-12,0.7182812352941176
2004-03-13,0.7174377450980391
2004-03-14,0.7165942549019608
2004-03-15,0.7157507647058824
2004-03-16,0.714907274509804
2004-03-17,0.7140637843137255
2004-03-18,0.7132202941176471
2004-03-19,0.7123768039215687
2004-03-20,0.7115333137254902
2004-03-21,0.7106898235294118
2004-03-22,0.7098463333333334
2004-03-23,0.7090028431372549
2004-03-24,0.7081593529411765
2004-03-25,0.7073158627450981
2004-03-26,0.7064723725490196
2004-03-27,0.7056288823529412
2004-03-28,0.7047853921568628
2004-03-29,0.7039419019607843
2004-03-30,0.7030984117647059
2004-03-31,0.7022549215686275
2004-04-01,0.701411431372549
2004-04-02,0.7005679411764706
2004-04-03,0.6997244509803922
2004-04-04,0.6988809607843137
2004-04-05,0.6980374705882353
2004-04-06,0.6971939803921569
2004-04-07,0.6963504901960784
2004-04-08,0.695507
2004-04-09,0.695072
2004-04-10,0.695072
2004-04-11,0.69935
2004-04-12,0.701361
2004-04-13,0.707014
2004-04-14,0.699399
2004-04-15,0.700722
2004-04-16,0.701459
2004-04-17,0.700378
2004-04-18,0.699301
2004-04-19,0.707414
2004-04-20,0.716435
2004-04-21,0.714745
2004-04-22,0.708215
2004-04-23,0.708215
2004-04-24,0.709019
2004-04-25,0.705219
2004-04-26,0.705268
2004-04-27,0.702642
2004-04-28,0.707814
2004-04-29,0.703185
2004-04-30,0.702889
2004-05-01,0.702889
2004-05-02,0.707864
2004-05-03,0.709673
2004-05-04,0.70927
2004-05-05,0.707264
2004-05-06,0.705567
2004-05-07,0.705467
2004-05-08,0.705467
2004-05-09,0.702889
2004-05-10,0.703779
2004-05-11,0.708767
2004-05-12,0.706664
2004-05-13,0.714796
2004-05-14,0.715922
2004-05-15,0.715922
2004-05-16,0.712758
2004-05-17,0.710126
2004-05-18,0.714337
2004-05-19,0.710985
2004-05-20,0.707714
2004-05-21,0.707714
2004-05-22,0.707714
2004-05-23,0.708617
2004-05-24,0.710429
2004-05-25,0.71048
2004-05-26,0.711086
2004-05-27,0.714592
2004-05-28,0.717103
2004-05-29,0.717103
2004-05-30,0.722543
2004-05-31,0.714235
2004-06-01,0.717103
2004-06-02,0.724008
2004-06-03,0.7236347058823529
2004-06-04,0.7232614117647058
2004-06-05,0.7228881176470588
2004-06-06,0.7225148235294118
2004-06-07,0.7221415294117647
2004-06-08,0.7217682352941176
2004-06-09,0.7213949411764706
2004-06-10,0.7210216470588235
2004-06-11,0.7206483529411765
2004-06-12,0.7202750588235294
2004-06-13,0.7199017647058823
2004-06-14,0.7195284705882353
2004-06-15,0.7191551764705882
2004-06-16,0.7187818823529412
2004-06-17,0.7184085882352941
2004-06-18,0.718035294117647
2004-06-19,0.717662
2004-06-20,0.7172887058823529
2004-06-21,0.7169154117647059
2004-06-22,0.7165421176470588
2004-06-23,0.7161688235294118
2004-06-24,0.7157955294117647
2004-06-25,0.7154222352941176
2004-06-26,0.7150489411764706
2004-06-27,0.7146756470588235
2004-06-28,0.7143023529411765
2004-06-29,0.7139290588235294
2004-06-30,0.7135557647058823
2004-07-01,0.7131824705882353
2004-07-02,0.7128091764705882
2004-07-03,0.7124358823529412
2004-07-04,0.7120625882352941
2004-07-05,0.711689294117647
2004-07-06,0.711316
2004-07-07,0.710942705882353
2004-07-08,0.7105694117647059
2004-07-09,0.7101961176470588
2004-07-10,0.7098228235294117
2004-07-11,0.7094495294117646
2004-07-12,0.7090762352941177
2004-07-13,0.7087029411764706
2004-07-14,0.7083296470588235
2004-07-15,0.7079563529411764
2004-07-16,0.7075830588235295
2004-07-17,0.7072097647058824
2004-07-18,0.7068364705882353
2004-07-19,0.7064631764705882
2004-07-20,0.7060898823529411
2004-07-21,0.7057165882352942
2004-07-22,0.7053432941176471
2004-07-23,0.70497
2004-07-24,0.705119
2004-07-25,0.709371
2004-07-26,0.708617
2004-07-27,0.712708
2004-07-28,0.711491
2004-07-29,0.715001
2004-07-30,0.713878
2004-07-31,0.7137590980392157
2004-08-01,0.7136401960784314
2004-08-02,0.7135212941176471
2004-08-03,0.7134023921568627
2004-08-04,0.7132834901960784
2004-08-05,0.7131645882352942
2004-08-06,0.7130456862745098
2004-08-07,0.7129267843137255
2004-08-08,0.7128078823529412
2004-08-09,0.7126889803921569
2004-08-10,0.7125700784313725
2004-08-11,0.7124511764705883
2004-08-12,0.712332274509804
2004-08-13,0.7122133725490196
2004-08-14,0.7120944705882353
2004-08-15,0.711975568627451
2004-08-16,0.7118566666666667
2004-08-17,0.7117377647058823
2004-08-18,0.7116188627450981
2004-08-19,0.7114999607843138
2004-08-20,0.7113810588235294
2004-08-21,0.7112621568627451
2004-08-22,0.7111432549019608
2004-08-23,0.7110243529411765
2004-08-24,0.7109054509803922
2004-08-25,0.7107865490196079
2004-08-26,0.7106676470588236
2004-08-27,0.7105487450980392
2004-08-28,0.710429843137255
2004-08-29,0.7103109411764706
2004-08-30,0.7101920392156863
2004-08-31,0.710073137254902
2004-09-01,0.7099542352941177
2004-09-02,0.7098353333333334
2004-09-03,0.709716431372549
2004-09-04,0.7095975294117648
2004-09-05,0.7094786274509804
2004-09-06,0.7093597254901961
2004-09-07,0.7092408235294118
2004-09-08,0.7091219215686275
2004-09-09,0.7090030196078432
2004-09-10,0.7088841176470588
2004-09-11,0.7087652156862746
2004-09-12,0.7086463137254903
2004-09-13,0.7085274117647059
2004-09-14,0.7084085098039217
2004-09-15,0.7082896078431373
2004-09-16,0.708170705882353
2004-09-17,0.7080518039215686
2004-09-18,0.7079329019607844
2004-09-19,0.707814
2004-09-20,0.713929
2004-09-21,0.716692
2004-09-22,0.707314
2004-09-23,0.705716
2004-09-24,0.702198
2004-09-25,0.702198
2004-09-26,0.705517
2004-09-27,0.70502
2004-09-28,0.697107
2004-09-29,0.70373
2004-09-30,0.711187
2004-10-01,0.710278
2004-10-02,0.710278
2004-10-03,0.709019
2004-10-04,0.697739
2004-10-05,0.711845
2004-10-06,0.713419
2004-10-07,0.720773
2004-10-08,0.721033
2004-10-09,0.721033
2004-10-10,0.7227
2004-10-11,0.72197
2004-10-12,0.722074
2004-10-13,0.724795
2004-10-14,0.727431
2004-10-15,0.72759
2004-10-16,0.72759
2004-10-17,0.733245
2004-10-18,0.7340746078431373
2004-10-19,0.7349042156862745
2004-10-20,0.7357338235294117
2004-10-21,0.7365634313725491
2004-10-22,0.7373930392156863
2004-10-23,0.7382226470588236
2004-10-24,0.7390522549019608
2004-10-25,0.739881862745098
2004-10-26,0.7407114705882353
2004-10-27,0.7415410784313726
2004-10-28,0.7423706862745099
2004-10-29,0.7432002941176471
2004-10-30,0.7440299019607843
2004-10-31,0.7448595098039216
2004-11-01,0.7456891176470588
2004-11-02,0.7465187254901962
2004-11-03,0.7473483333333334
2004-11-04,0.7481779411764706
2004-11-05,0.7490075490196079
2004-11-06,0.7498371568627451
2004-11-07,0.7506667647058823
2004-11-08,0.7514963725490196
2004-11-09,0.7523259803921569
2004-11-10,0.7531555882352942
2004-11-11,0.7539851960784314
2004-11-12,0.7548148039215686
2004-11-13,0.7556444117647059
2004-11-14,0.7564740196078431
2004-11-15,0.7573036274509805
2004-11-16,0.7581332352941177
2004-11-17,0.7589628431372549
2004-11-18,0.7597924509803922
2004-11-19,0.7606220588235294
2004-11-20,0.7614516666666666
2004-11-21,0.762281274509804
2004-11-22,0.7631108823529412
2004-11-23,0.7639404901960785
2004-11-24,0.7647700980392157
2004-11-25,0.7655997058823529
2004-11-26,0.7664293137254902
2004-11-27,0.7672589215686274
2004-11-28,0.7680885294117648
2004-11-29,0.768918137254902
2004-11-30,0.7697477450980392
2004-12-01,0.7705773529411765
2004-12-02,0.7714069607843137
2004-12-03,0.7722365686274509
2004-12-04,0.7730661764705883
2004-12-05,0.7738957843137255
2004-12-06,0.7747253921568628
2004-12-07,0.775555
2004-12-08,0.793588
2004-12-09,0.795608
2004-12-10,0.795482
2004-12-11,0.795482
2004-12-12,0.789391
2004-12-13,0.787402
2004-12-14,0.781067
2004-12-15,0.779059
2004-12-16,0.776337
2004-12-17,0.773395
2004-12-18,0.773395
2004-12-19,0.77682
2004-12-20,0.767165
2004-12-21,0.771843
2004-12-22,0.777122
2004-12-23,0.777122
2004-12-24,0.77918
2004-12-25,0.77918
2004-12-26,0.771962
2004-12-27,0.761151
2004-12-28,0.762137
2004-12-29,0.761151
2004-12-30,0.749625
2004-12-31,0.749625
2005-01-01,0.750244
2005-01-02,0.744214
2005-01-03,0.744325
2005-01-04,0.755494
2005-01-05,0.755744
2005-01-06,0.762195
2005-01-07,0.762602
2005-01-08,0.762602
2005-01-09,0.759129
2005-01-10,0.761615
2005-01-11,0.747496
2005-01-12,0.745712
2005-01-13,0.747775
2005-01-14,0.748111
2005-01-15,0.748111
2005-01-16,0.754774
2005-01-17,0.752842
2005-01-18,0.744435
2005-01-19,0.73616
2005-01-20,0.735727
2005-01-21,0.7363711764705883
2005-01-22,0.7370153529411765
2005-01-23,0.7376595294117647
2005-01-24,0.738303705882353
2005-01-25,0.7389478823529412
2005-01-26,0.7395920588235294
2005-01-27,0.7402362352941176
2005-01-28,0.7408804117647059
2005-01-29,0.7415245882352941
2005-01-30,0.7421687647058823
2005-01-31,0.7428129411764706
2005-02-01,0.7434571176470588
2005-02-02,0.744101294117647
2005-02-03,0.7447454705882354
2005-02-04,0.7453896470588236
2005-02-05,0.7460338235294118
2005-02-06,0.7466780000000001
2005-02-07,0.7473221764705883
2005-02-08,0.7479663529411765
2005-02-09,0.7486105294117648
2005-02-10,0.749254705882353
2005-02-11,0.7498988823529412
2005-02-12,0.7505430588235295
2005-02-13,0.7511872352941177
2005-02-14,0.7518314117647059
2005-02-15,0.7524755882352941
2005-02-16,0.7531197647058824
2005-02-17,0.7537639411764706
2005-02-18,0.7544081176470588
2005-02-19,0.7550522941176471
2005-02-20,0.7556964705882353
2005-02-21,0.7563406470588235
2005-02-22,0.7569848235294118
2005-02-23,0.757629
2005-02-24,0.7582731764705882
2005-02-25,0.7589173529411765
2005-02-26,0.7595615294117647
2005-02-27,0.760205705882353
2005-02-28,0.7608498823529413
2005-03-01,0.7614940588235295
2005-03-02,0.7621382352941177
2005-03-03,0.762782411764706
2005-03-04,0.7634265882352942
2005-03-05,0.7640707647058824
2005-03-06,0.7647149411764707
2005-03-07,0.7653591176470589
2005-03-08,0.7660032941176471
2005-03-09,0.7666474705882353
2005-03-10,0.7672916470588236
2005-03-11,0.7679358235294118
2005-03-12,0.76858
2005-03-13,0.770179
2005-03-14,0.777484
2005-03-15,0.771426
2005-03-16,0.76746
2005-03-17,0.759071
2005-03-18,0.760167
2005-03-19,0.760167
2005-03-20,0.75643
2005-03-21,0.752106
2005-03-22,0.751767
2005-03-23,0.75884
2005-03-24,0.762777
2005-03-25,0.763359
2005-03-26,0.763359
2005-03-27,0.761035
2005-03-28,0.748335
2005-03-29,0.7493392549019607
2005-03-30,0.7503435098039215
2005-03-31,0.7513477647058824
2005-04-01,0.7523520196078431
2005-04-02,0.7533562745098039
2005-04-03,0.7543605294117647
2005-04-04,0.7553647843137254
2005-04-05,0.7563690392156862
2005-04-06,0.7573732941176471
2005-04-07,0.7583775490196079
2005-04-08,0.7593818039215686
2005-04-09,0.7603860588235294
2005-04-10,0.7613903137254902
2005-04-11,0.7623945686274509
2005-04-12,0.7633988235294118
2005-04-13,0.7644030784313726
2005-04-14,0.7654073333333333
2005-04-15,0.7664115882352941
2005-04-16,0.7674158431372549
2005-04-17,0.7684200980392157
2005-04-18,0.7694243529411765
2005-04-19,0.7704286078431373
2005-04-20,0.771432862745098
2005-04-21,0.7724371176470588
2005-04-22,0.7734413725490196
2005-04-23,0.7744456274509804
2005-04-24,0.7754498823529412
2005-04-25,0.776454137254902
2005-04-26,0.7774583921568627
2005-04-27,0.7784626470588235
2005-04-28,0.7794669019607843
2005-04-29,0.7804711568627452
2005-04-30,0.7814754117647059
2005-05-01,0.7824796666666667
2005-05-02,0.7834839215686275
2005-05-03,0.7844881764705882
2005-05-04,0.7854924313725491
2005-05-05,0.7864966862745099
2005-05-06,0.7875009411764706
2005-05-07,0.7885051960784314
2005-05-08,0.7895094509803922
2005-05-09,0.7905137058823529
2005-05-10,0.7915179607843138
2005-05-11,0.7925222156862746
2005-05-12,0.7935264705882353
2005-05-13,0.7945307254901961
2005-05-14,0.7955349803921569
2005-05-15,0.7965392352941176
2005-05-16,0.7975434901960785
2005-05-17,0.7985477450980393
2005-05-18,0.799552
2005-05-19,0.797067
2005-05-20,0.789079
2005-05-21,0.788022
2005-05-22,0.795229
2005-05-23,0.801989
2005-05-24,0.801475
2005-05-25,0.80186
2005-05-26,0.802053
2005-05-27,0.799488
2005-05-28,0.805218
2005-05-29,0.805348
2005-05-30,0.799361
2005-05-31,0.808407
2005-06-01,0.807103
2005-06-02,0.807103
2005-06-03,0.808865
2005-06-04,0.800512
2005-06-05,0.790826
2005-06-06,0.785484
2005-06-07,0.793021
2005-06-08,0.795292
2005-06-09,0.795292
2005-06-10,0.793462
2005-06-11,0.792267
2005-06-12,0.788333
2005-06-13,0.797957
2005-06-14,0.786906
2005-06-15,0.787154
2005-06-16,0.785176
2005-06-17,0.78284
2005-06-18,0.782473
2005-06-19,0.788333
2005-06-20,0.78964
2005-06-21,0.799041
2005-06-22,0.793399
2005-06-23,0.793399
2005-06-24,0.789889
2005-06-25,0.796495
2005-06-26,0.797957
2005-06-27,0.809717
2005-06-28,0.817394
2005-06-29,0.818599
2005-06-30,0.818599
2005-07-01,0.817394
2005-07-02,0.823316
2005-07-03,0.820816
2005-07-04,0.816393
2005-07-05,0.817528
2005-07-06,0.815794
2005-07-07,0.815262
2005-07-08,0.814266
2005-07-09,0.8153591960784314
2005-07-10,0.8164523921568628
2005-07-11,0.8175455882352941
2005-07-12,0.8186387843137255
2005-07-13,0.8197319803921569
2005-07-14,0.8208251764705883
2005-07-15,0.8219183725490197
2005-07-16,0.8230115686274511
2005-07-17,0.8241047647058823
2005-07-18,0.8251979607843137
2005-07-19,0.8262911568627451
2005-07-20,0.8273843529411765
2005-07-21,0.8284775490196079
2005-07-22,0.8295707450980393
2005-07-23,0.8306639411764706
2005-07-24,0.831757137254902
2005-07-25,0.8328503333333334
2005-07-26,0.8339435294117648
2005-07-27,0.8350367254901961
2005-07-28,0.8361299215686275
2005-07-29,0.8372231176470588
2005-07-30,0.8383163137254902
2005-07-31,0.8394095098039216
2005-08-01,0.840502705882353
2005-08-02,0.8415959019607844
2005-08-03,0.8426890980392157
2005-08-04,0.843782294117647
2005-08-05,0.8448754901960784
2005-08-06,0.8459686862745098
2005-08-07,0.8470618823529412
2005-08-08,0.8481550784313726
2005-08-09,0.8492482745098039
2005-08-10,0.8503414705882353
2005-08-11,0.8514346666666667
2005-08-12,0.8525278627450981
2005-08-13,0.8536210588235295
2005-08-14,0.8547142549019608
2005-08-15,0.8558074509803921
2005-08-16,0.8569006470588235
2005-08-17,0.8579938431372549
2005-08-18,0.8590870392156863
2005-08-19,0.8601802352941177
2005-08-20,0.861273431372549
2005-08-21,0.8623666274509804
2005-08-22,0.8634598235294118
2005-08-23,0.8645530196078431
2005-08-24,0.8656462156862745
2005-08-25,0.8667394117647059
2005-08-26,0.8678326078431372
2005-08-27,0.8689258039215686
2005-08-28,0.870019
2005-08-29,0.871536
2005-08-30,0.877501
2005-08-31,0.87727
2005-09-01,0.87727
2005-09-02,0.874355
2005-09-03,0.869036
2005-09-04,0.863856
2005-09-05,0.843811
2005-09-06,0.845237
2005-09-07,0.83167
2005-09-08,0.83167
2005-09-09,0.830358
2005-09-10,0.816193
2005-09-11,0.817661
2005-09-12,0.824742
2005-09-13,0.833611
2005-09-14,0.831393
2005-09-15,0.831393
2005-09-16,0.829738
2005-09-17,0.8351
2005-09-18,0.837381
2005-09-19,0.81974
2005-09-20,0.820681
2005-09-21,0.8199963137254902
2005-09-22,0.8193116274509804
2005-09-23,0.8186269411764706
2005-09-24,0.8179422549019608
2005-09-25,0.817257568627451
2005-09-26,0.8165728823529411
2005-09-27,0.8158881960784313
2005-09-28,0.8152035098039215
2005-09-29,0.8145188235294117
2005-09-30,0.813834137254902
2005-10-01,0.8131494509803922
2005-10-02,0.8124647647058824
2005-10-03,0.8117800784313726
2005-10-04,0.8110953921568628
2005-10-05,0.810410705882353
2005-10-06,0.8097260196078431
2005-10-07,0.8090413333333333
2005-10-08,0.8083566470588235
2005-10-09,0.8076719607843137
2005-10-10,0.8069872745098039
2005-10-11,0.8063025882352941
2005-10-12,0.8056179019607843
2005-10-13,0.8049332156862745
2005-10-14,0.8042485294117647
2005-10-15,0.8035638431372549
2005-10-16,0.802879156862745
2005-10-17,0.8021944705882352
2005-10-18,0.8015097843137254
2005-10-19,0.8008250980392156
2005-10-20,0.8001404117647059
2005-10-21,0.7994557254901961
2005-10-22,0.7987710392156863
2005-10-23,0.7980863529411765
2005-10-24,0.7974016666666667
2005-10-25,0.7967169803921569
2005-10-26,0.796032294117647
2005-10-27,0.7953476078431372
2005-10-28,0.7946629215686274
2005-10-29,0.7939782352941176
2005-10-30,0.7932935490196078
2005-10-31,0.792608862745098
2005-11-01,0.7919241764705882
2005-11-02,0.7912394901960784
2005-11-03,0.7905548039215686
2005-11-04,0.7898701176470588
2005-11-05,0.789185431372549
2005-11-06,0.7885007450980391
2005-11-07,0.7878160588235293
2005-11-08,0.7871313725490195
2005-11-09,0.7864466862745098
2005-11-10,0.785762
2005-11-11,0.776398
2005-11-12,0.786411
2005-11-13,0.778634
2005-11-14,0.76864
2005-11-15,0.768699
2005-11-16,0.761905
2005-11-17,0.757031
2005-11-18,0.756487
2005-11-19,0.747105
2005-11-20,0.745629
2005-11-21,0.740357
2005-11-22,0.741565
2005-11-23,0.741785
2005-11-24,0.755059
2005-11-25,0.762253
2005-11-26,0.776759
2005-11-27,0.777152
2005-11-28,0.777363
2005-11-29,0.78183
2005-11-30,0.778513
2005-12-01,0.773485
2005-12-02,0.773156
2005-12-03,0.773395
2005-12-04,0.773395
2005-12-05,0.762021
2005-12-06,0.763534
2005-12-07,0.751174
2005-12-08,0.75392
2005-12-09,0.763009
2005-12-10,0.75706
2005-12-11,0.7586019803921569
2005-12-12,0.7601439607843137
2005-12-13,0.7616859411764706
2005-12-14,0.7632279215686274
2005-12-15,0.7647699019607843
2005-12-16,0.7663118823529411
2005-12-17,0.767853862745098
2005-12-18,0.7693958431372548
2005-12-19,0.7709378235294118
2005-12-20,0.7724798039215686
2005-12-21,0.7740217843137255
2005-12-22,0.7755637647058823
2005-12-23,0.7771057450980392
2005-12-24,0.778647725490196
2005-12-25,0.7801897058823529
2005-12-26,0.7817316862745097
2005-12-27,0.7832736666666666
2005-12-28,0.7848156470588236
2005-12-29,0.7863576274509804
2005-12-30,0.7878996078431373
2005-12-31,0.7894415882352941
2006-01-01,0.790983568627451
2006-01-02,0.7925255490196078
2006-01-03,0.7940675294117647
2006-01-04,0.7956095098039215
2006-01-05,0.7971514901960784
2006-01-06,0.7986934705882353
2006-01-07,0.8002354509803922
2006-01-08,0.801777431372549
2006-01-09,0.8033194117647059
2006-01-10,0.8048613921568627
2006-01-11,0.8064033725490196
2006-01-12,0.8079453529411764
2006-01-13,0.8094873333333333
2006-01-14,0.8110293137254903
2006-01-15,0.8125712941176471
2006-01-16,0.814113274509804
2006-01-17,0.8156552549019608
2006-01-18,0.8171972352941177
2006-01-19,0.8187392156862745
2006-01-20,0.8202811960784314
2006-01-21,0.8218231764705882
2006-01-22,0.8233651568627451
2006-01-23,0.824907137254902
2006-01-24,0.8264491176470589
2006-01-25,0.8279910980392157
2006-01-26,0.8295330784313726
2006-01-27,0.8310750588235294
2006-01-28,0.8326170392156863
2006-01-29,0.8341590196078432
2006-01-30,0.835701
2006-01-31,0.840477
2006-02-01,0.837591
2006-02-02,0.840124
2006-02-03,0.840054
2006-02-04,0.83091
2006-02-05,0.828947
2006-02-06,0.821828
2006-02-07,0.810767
2006-02-08,0.819739
2006-02-09,0.824063
2006-02-10,0.82149
2006-02-11,0.821355
2006-02-12,0.821355
2006-02-13,0.816793
2006-02-14,0.821828
2006-02-15,0.809192
2006-02-16,0.819605
2006-02-17,0.825014
2006-02-18,0.824402
2006-02-19,0.824402
2006-02-20,0.826583
2006-02-21,0.817528
2006-02-22,0.814399
2006-02-23,0.808767
2006-02-24,0.817127
2006-02-25,0.819437
2006-02-26,0.819437
2006-02-27,0.820917
2006-02-28,0.821625
2006-03-01,0.81626
2006-03-02,0.813603
2006-03-03,0.820883
2006-03-04,0.818465
2006-03-05,0.82464
2006-03-06,0.823452
2006-03-07,0.81473
2006-03-08,0.816327
2006-03-09,0.819403
2006-03-10,0.81606
2006-03-11,0.81606
2006-03-12,0.8151429411764706
2006-03-13,0.8142258823529411
2006-03-14,0.8133088235294118
2006-03-15,0.8123917647058824
2006-03-16,0.8114747058823529
2006-03-17,0.8105576470588235
2006-03-18,0.8096405882352942
2006-03-19,0.8087235294117647
2006-03-20,0.8078064705882353
2006-03-21,0.8068894117647059
2006-03-22,0.8059723529411765
2006-03-23,0.8050552941176471
2006-03-24,0.8041382352941177
2006-03-25,0.8032211764705882
2006-03-26,0.8023041176470589
2006-03-27,0.8013870588235295
2006-03-28,0.80047
2006-03-29,0.7995529411764706
2006-03-30,0.7986358823529411
2006-03-31,0.7977188235294118
2006-04-01,0.7968017647058824
2006-04-02,0.7958847058823529
2006-04-03,0.7949676470588235
2006-04-04,0.7940505882352942
2006-04-05,0.7931335294117647
2006-04-06,0.7922164705882353
2006-04-07,0.7912994117647059
2006-04-08,0.7903823529411765
2006-04-09,0.7894652941176471
2006-04-10,0.7885482352941177
2006-04-11,0.7876311764705882
2006-04-12,0.7867141176470589
2006-04-13,0.7857970588235295
2006-04-14,0.78488
2006-04-15,0.7839629411764706
2006-04-16,0.7830458823529411
2006-04-17,0.7821288235294118
2006-04-18,0.7812117647058824
2006-04-19,0.780294705882353
2006-04-20,0.7793776470588235
2006-04-21,0.7784605882352942
2006-04-22,0.7775435294117647
2006-04-23,0.7766264705882353
2006-04-24,0.7757094117647059
2006-04-25,0.7747923529411765
2006-04-26,0.7738752941176471
2006-04-27,0.7729582352941177
2006-04-28,0.7720411764705882
2006-04-29,0.7711241176470589
2006-04-30,0.7702070588235295
2006-05-01,0.76929
2006-05-02,0.772618
2006-05-03,0.775675
2006-05-04,0.779545
2006-05-05,0.77991
2006-05-06,0.787836
2006-05-07,0.791515
2006-05-08,0.797957
2006-05-09,0.795862
2006-05-10,0.788581
2006-05-11,0.791264
2006-05-12,0.790576
2006-05-13,0.790576
2006-05-14,0.786596
2006-05-15,0.791327
2006-05-16,0.791202
2006-05-17,0.784929
2006-05-18,0.802504
2006-05-19,0.801475
2006-05-20,0.801475
2006-05-21,0.8036
2006-05-22,0.804376
2006-05-23,0.804441
2006-05-24,0.803988
2006-05-25,0.796749
2006-05-26,0.797957
2006-05-27,0.796622
2006-05-28,0.795545
2006-05-29,0.798531
2006-05-30,0.790202
2006-05-31,0.794786
2006-06-01,0.797067
2006-06-02,0.797703
2006-06-03,0.800064
2006-06-04,0.802439
2006-06-05,0.798786
2006-06-06,0.799744
2006-06-07,0.799744
2006-06-08,0.788457
2006-06-09,0.785299
2006-06-10,0.790077
2006-06-11,0.80186
2006-06-12,0.809717
2006-06-13,0.808407
2006-06-14,0.810504
2006-06-15,0.813008
2006-06-16,0.808407
2006-06-17,0.818264
2006-06-18,0.819001
2006-06-19,0.819001
2006-06-20,0.821153
2006-06-21,0.816127
2006-06-22,0.815328
2006-06-23,0.811162
2006-06-24,0.81215
2006-06-25,0.808538
2006-06-26,0.805802
2006-06-27,0.806712
2006-06-28,0.81103
2006-06-29,0.807233
2006-06-30,0.807624
2006-07-01,0.807624
2006-07-02,0.809061
2006-07-03,0.810964
2006-07-04,0.808865
2006-07-05,0.814001
2006-07-06,0.811952
2006-07-07,0.809454
2006-07-08,0.804117
2006-07-09,0.802826
2006-07-10,0.798276
2006-07-11,0.803084
2006-07-12,0.803729
2006-07-13,0.797575
2006-07-14,0.793462
2006-07-15,0.79447
2006-07-16,0.802761
2006-07-17,0.812018
2006-07-18,0.809389
2006-07-19,0.818666
2006-07-20,0.819471
2006-07-21,0.829325
2006-07-22,0.829119
2006-07-23,0.825832
2006-07-24,0.826925
2006-07-25,0.827883
2006-07-26,0.827541
2006-07-27,0.830634
2006-07-28,0.820075
2006-07-29,0.825627
2006-07-30,0.823859
2006-07-31,0.831808
2006-08-01,0.830392
2006-08-02,0.829187
2006-08-03,0.827883
2006-08-04,0.819135
2006-08-05,0.822639
2006-08-06,0.818733
2006-08-07,0.818063
2006-08-08,0.821288
2006-08-09,0.816927
2006-08-10,0.815461
2006-08-11,0.8188
2006-08-12,0.816993
2006-08-13,0.8172977450980392
2006-08-14,0.8176024901960784
2006-08-15,0.8179072352941176
2006-08-16,0.8182119803921568
2006-08-17,0.818516725490196
2006-08-18,0.8188214705882353
2006-08-19,0.8191262156862745
2006-08-20,0.8194309607843137
2006-08-21,0.8197357058823529
2006-08-22,0.8200404509803921
2006-08-23,0.8203451960784314
2006-08-24,0.8206499411764706
2006-08-25,0.8209546862745097
2006-08-26,0.821259431372549
2006-08-27,0.8215641764705882
2006-08-28,0.8218689215686275
2006-08-29,0.8221736666666667
2006-08-30,0.8224784117647058
2006-08-31,0.8227831568627451
2006-09-01,0.8230879019607843
2006-09-02,0.8233926470588235
2006-09-03,0.8236973921568628
2006-09-04,0.8240021372549019
2006-09-05,0.8243068823529411
2006-09-06,0.8246116274509804
2006-09-07,0.8249163725490196
2006-09-08,0.8252211176470589
2006-09-09,0.8255258627450981
2006-09-10,0.8258306078431372
2006-09-11,0.8261353529411765
2006-09-12,0.8264400980392157
2006-09-13,0.8267448431372549
2006-09-14,0.8270495882352942
2006-09-15,0.8273543333333333
2006-09-16,0.8276590784313725
2006-09-17,0.8279638235294118
2006-09-18,0.828268568627451
2006-09-19,0.8285733137254903
2006-09-20,0.8288780588235294
2006-09-21,0.8291828039215686
2006-09-22,0.8294875490196079
2006-09-23,0.8297922941176471
2006-09-24,0.8300970392156863
2006-09-25,0.8304017843137255
2006-09-26,0.8307065294117647
2006-09-27,0.8310112745098039
2006-09-28,0.8313160196078432
2006-09-29,0.8316207647058824
2006-09-30,0.8319255098039215
2006-10-01,0.8322302549019608
2006-10-02,0.832535
2006-10-03,0.834168
2006-10-04,0.837872
2006-10-05,0.843846
2006-10-06,0.844096
2006-10-07,0.846346
2006-10-08,0.846346
2006-10-09,0.844238
2006-10-10,0.842212
2006-10-11,0.83675
2006-10-12,0.833229
2006-10-13,0.824368
2006-10-14,0.82352
2006-10-15,0.822571
2006-10-16,0.821558
2006-10-17,0.815894
2006-10-18,0.817361
2006-10-19,0.820883
2006-10-20,0.81984
2006-10-21,0.826856
2006-10-22,0.827369
2006-10-23,0.833854
2006-10-24,0.832258
2006-10-25,0.828844
2006-10-26,0.831843
2006-10-27,0.831843
2006-10-28,0.835143
2006-10-29,0.834376
2006-10-30,0.83956
2006-10-31,0.842212
2006-11-01,0.837311
2006-11-02,0.836645
2006-11-03,0.836645
2006-11-04,0.839701
2006-11-05,0.839137
2006-11-06,0.8387553333333334
2006-11-07,0.8383736666666667
2006-11-08,0.8379920000000001
2006-11-09,0.8376103333333333
2006-11-10,0.8372286666666667
2006-11-11,0.836847
2006-11-12,0.8364653333333334
2006-11-13,0.8360836666666667
2006-11-14,0.8357020000000001
2006-11-15,0.8353203333333333
2006-11-16,0.8349386666666667
2006-11-17,0.834557
2006-11-18,0.8341753333333334
2006-11-19,0.8337936666666667
2006-11-20,0.833412
2006-11-21,0.8330303333333333
2006-11-22,0.8326486666666667
2006-11-23,0.832267
2006-11-24,0.8318853333333334
2006-11-25,0.8315036666666666
2006-11-26,0.831122
2006-11-27,0.8307403333333333
2006-11-28,0.8303586666666667
2006-11-29,0.829977
2006-11-30,0.8295953333333334
2006-12-01,0.8292136666666666
2006-12-02,0.828832
2006-12-03,0.8284503333333333
2006-12-04,0.8280686666666667
2006-12-05,0.827687
2006-12-06,0.8273053333333333
2006-12-07,0.8269236666666666
2006-12-08,0.826542
2006-12-09,0.8261603333333333
2006-12-10,0.8257786666666667
2006-12-11,0.8253969999999999
2006-12-12,0.8250153333333333
2006-12-13,0.8246336666666666
2006-12-14,0.824252
2006-12-15,0.8238703333333333
2006-12-16,0.8234886666666666
2006-12-17,0.8231069999999999
2006-12-18,0.8227253333333333
2006-12-19,0.8223436666666666
2006-12-20,0.821962
2006-12-21,0.8215803333333332
2006-12-22,0.8211986666666666
2006-12-23,0.8208169999999999
2006-12-24,0.8204353333333333
2006-12-25,0.8200536666666667
2006-12-26,0.819672
2006-12-27,0.821794
2006-12-28,0.822064
2006-12-29,0.825423
2006-12-30,0.825219
2006-12-31,0.825593
2007-01-01,0.822571
2007-01-02,0.827198
2007-01-03,0.827438
2007-01-04,0.827438
2007-01-05,0.825866
2007-01-06,0.823791
2007-01-07,0.822571
2007-01-08,0.831878
2007-01-09,0.83462
2007-01-10,0.836225
2007-01-11,0.836225
2007-01-12,0.83462
2007-01-13,0.837381
2007-01-14,0.835981
2007-01-15,0.836715
2007-01-16,0.836225
2007-01-17,0.837205
2007-01-18,0.837205
2007-01-19,0.838434
2007-01-20,0.841999
2007-01-21,0.843811
2007-01-22,0.838153
2007-01-23,0.842957
2007-01-24,0.840619
2007-01-25,0.843064
2007-01-26,0.845952
2007-01-27,0.852115
2007-01-28,0.856788
2007-01-29,0.86326
2007-01-30,0.858001
2007-01-31,0.858922
2007-02-01,0.858848
2007-02-02,0.845666
2007-02-03,0.850593
2007-02-04,0.843917
2007-02-05,0.842495
2007-02-06,0.843526
2007-02-07,0.841928
2007-02-08,0.841751
2007-02-09,0.840795
2007-02-10,0.840407
2007-02-11,0.845988
2007-02-12,0.852515
2007-02-13,0.849005
2007-02-14,0.847925
2007-02-15,0.847925
2007-02-16,0.856751
2007-02-17,0.856898
2007-02-18,0.849618
2007-02-19,0.849654
2007-02-20,0.853898
2007-02-21,0.853279
2007-02-22,0.853279
2007-02-23,0.851644
2007-02-24,0.845309
2007-02-25,0.838785
2007-02-26,0.843241
2007-02-27,0.831221
2007-02-28,0.830254
2007-03-01,0.830254
2007-03-02,0.823757
2007-03-03,0.819706
2007-03-04,0.821895
2007-03-05,0.818398
2007-03-06,0.807461
2007-03-07,0.806354
2007-03-08,0.806354
2007-03-09,0.81626
2007-03-10,0.817595
2007-03-11,0.807657
2007-03-12,0.814332
2007-03-13,0.808309
2007-03-14,0.809848
2007-03-15,0.809848
2007-03-16,0.808407
2007-03-17,0.809029
2007-03-18,0.812381
2007-03-19,0.808211
2007-03-20,0.796242
2007-03-21,0.810701
2007-03-22,0.797416
2007-03-23,0.793588
2007-03-24,0.802343
2007-03-25,0.787247
2007-03-26,0.788768
2007-03-27,0.788768
2007-03-28,0.7887570196078432
2007-03-29,0.7887460392156863
2007-03-30,0.7887350588235295
2007-03-31,0.7887240784313726
2007-04-01,0.7887130980392157
2007-04-02,0.7887021176470589
2007-04-03,0.788691137254902
2007-04-04,0.7886801568627452
2007-04-05,0.7886691764705882
2007-04-06,0.7886581960784314
2007-04-07,0.7886472156862745
2007-04-08,0.7886362352941176
2007-04-09,0.7886252549019608
2007-04-10,0.7886142745098039
2007-04-11,0.7886032941176471
2007-04-12,0.7885923137254902
2007-04-13,0.7885813333333334
2007-04-14,0.7885703529411765
2007-04-15,0.7885593725490196
2007-04-16,0.7885483921568628
2007-04-17,0.7885374117647059
2007-04-18,0.7885264313725491
2007-04-19,0.7885154509803922
2007-04-20,0.7885044705882354
2007-04-21,0.7884934901960785
2007-04-22,0.7884825098039215
2007-04-23,0.7884715294117647
2007-04-24,0.7884605490196078
2007-04-25,0.788449568627451
2007-04-26,0.7884385882352941
2007-04-27,0.7884276078431373
2007-04-28,0.7884166274509804
2007-04-29,0.7884056470588235
2007-04-30,0.7883946666666667
2007-05-01,0.7883836862745098
2007-05-02,0.788372705882353
2007-05-03,0.7883617254901961
2007-05-04,0.7883507450980393
2007-05-05,0.7883397647058824
2007-05-06,0.7883287843137256
2007-05-07,0.7883178039215687
2007-05-08,0.7883068235294118
2007-05-09,0.7882958431372549
2007-05-10,0.788284862745098
2007-05-11,0.7882738823529412
2007-05-12,0.7882629019607843
2007-05-13,0.7882519215686274
2007-05-14,0.7882409411764706
2007-05-15,0.7882299607843137
2007-05-16,0.7882189803921569
2007-05-17,0.788208
2007-05-18,0.784806
2007-05-19,0.783331
2007-05-20,0.783331
2007-05-21,0.780122
2007-05-22,0.790701
2007-05-23,0.796686
2007-05-24,0.802858
2007-05-25,0.803859
2007-05-26,0.803859
2007-05-27,0.803859
2007-05-28,0.801507
2007-05-29,0.795355
2007-05-30,0.803213
2007-05-31,0.80694
2007-06-01,0.809487
2007-06-02,0.810307
2007-06-03,0.810143
2007-06-04,0.807005
2007-06-05,0.798085
2007-06-06,0.789484
2007-06-07,0.784652
2007-06-08,0.781403
2007-06-09,0.780244
2007-06-10,0.780244
2007-06-11,0.784745
2007-06-12,0.778847
2007-06-13,0.779606
2007-06-14,0.777333
2007-06-15,0.773754
2007-06-16,0.772618
2007-06-17,0.772738
2007-06-18,0.781036
2007-06-19,0.778695
2007-06-20,0.791014
2007-06-21,0.788395
2007-06-22,0.80016
2007-06-23,0.800064
2007-06-24,0.800064
2007-06-25,0.802633
2007-06-26,0.806647
2007-06-27,0.808669
2007-06-28,0.814465
2007-06-29,0.814531
2007-06-30,0.813041
2007-07-01,0.813041
2007-07-02,0.81716
2007-07-03,0.824097
2007-07-04,0.823825
2007-07-05,0.835631
2007-07-06,0.838574
2007-07-07,0.83675
2007-07-08,0.83675
2007-07-09,0.837907
2007-07-10,0.829153
2007-07-11,0.824844
2007-07-12,0.827301
2007-07-13,0.827404
2007-07-14,0.827952
2007-07-15,0.827849
2007-07-16,0.831808
2007-07-17,0.827198
2007-07-18,0.82672
2007-07-19,0.830082
2007-07-20,0.832743
2007-07-21,0.831635
2007-07-22,0.831635
2007-07-23,0.832952
2007-07-24,0.829325
2007-07-25,0.828981
2007-07-26,0.829256
2007-07-27,0.832743
2007-07-28,0.832258
2007-07-29,0.832258
2007-07-30,0.83661
2007-07-31,0.836645
2007-08-01,0.841468
2007-08-02,0.850847
2007-08-03,0.849545
2007-08-04,0.850232
2007-08-05,0.850232
2007-08-06,0.846704
2007-08-07,0.851716
2007-08-08,0.838188
2007-08-09,0.834934
2007-08-10,0.828157
2007-08-11,0.827952
2007-08-12,0.827952
2007-08-13,0.82905
2007-08-14,0.824674
2007-08-15,0.825866
2007-08-16,0.82631
2007-08-17,0.822842
2007-08-18,0.826856
2007-08-19,0.826856
2007-08-20,0.828363
2007-08-21,0.830151
2007-08-22,0.838504
2007-08-23,0.833959
2007-08-24,0.825014
2007-08-25,0.825287
2007-08-26,0.824742
2007-08-27,0.823418
2007-08-28,0.821963
2007-08-29,0.825968
2007-08-30,0.827952
2007-08-31,0.832466
2007-09-01,0.832952
2007-09-02,0.834272
2007-09-03,0.83689
2007-09-04,0.83375
2007-09-05,0.829703
2007-09-06,0.820883
2007-09-07,0.816593
2007-09-08,0.819538
2007-09-09,0.819538
2007-09-10,0.818599
2007-09-11,0.819236
2007-09-12,0.813074
2007-09-13,0.811754
2007-09-14,0.815328
2007-09-15,0.813041
2007-09-16,0.813041
2007-09-17,0.818297
2007-09-18,0.82464
2007-09-19,0.817261
2007-09-20,0.820647
2007-09-21,0.827335
2007-09-22,0.828466
2007-09-23,0.828466
2007-09-24,0.8284050000000001
2007-09-25,0.8283440000000001
2007-09-26,0.828283
2007-09-27,0.828222
2007-09-28,0.828161
2007-09-29,0.8281000000000001
2007-09-30,0.828039
2007-10-01,0.827978
2007-10-02,0.827917
2007-10-03,0.827856
2007-10-04,0.8277950000000001
2007-10-05,0.827734
2007-10-06,0.827673
2007-10-07,0.827612
2007-10-08,0.827551
2007-10-09,0.8274900000000001
2007-10-10,0.827429
2007-10-11,0.827368
2007-10-12,0.827307
2007-10-13,0.827246
2007-10-14,0.827185
2007-10-15,0.827124
2007-10-16,0.827063
2007-10-17,0.827002
2007-10-18,0.826941
2007-10-19,0.82688
2007-10-20,0.826819
2007-10-21,0.826758
2007-10-22,0.826697
2007-10-23,0.826636
2007-10-24,0.826575
2007-10-25,0.826514
2007-10-26,0.826453
2007-10-27,0.826392
2007-10-28,0.8263309999999999
2007-10-29,0.82627
2007-10-30,0.826209
2007-10-31,0.826148
2007-11-01,0.826087
2007-11-02,0.8260259999999999
2007-11-03,0.825965
2007-11-04,0.825904
2007-11-05,0.825843
2007-11-06,0.825782
2007-11-07,0.8257209999999999
2007-11-08,0.82566
2007-11-09,0.825599
2007-11-10,0.825538
2007-11-11,0.8254769999999999
2007-11-12,0.8254159999999999
2007-11-13,0.825355
2007-11-14,0.827609
2007-11-15,0.814034
2007-11-16,0.808931
2007-11-17,0.808669
2007-11-18,0.808669
2007-11-19,0.810931
2007-11-20,0.819336
2007-11-21,0.8202772549019607
2007-11-22,0.8212185098039215
2007-11-23,0.8221597647058823
2007-11-24,0.8231010196078431
2007-11-25,0.8240422745098038
2007-11-26,0.8249835294117647
2007-11-27,0.8259247843137254
2007-11-28,0.8268660392156862
2007-11-29,0.827807294117647
2007-11-30,0.8287485490196078
2007-12-01,0.8296898039215685
2007-12-02,0.8306310588235294
2007-12-03,0.8315723137254901
2007-12-04,0.832513568627451
2007-12-05,0.8334548235294117
2007-12-06,0.8343960784313725
2007-12-07,0.8353373333333333
2007-12-08,0.8362785882352941
2007-12-09,0.8372198431372548
2007-12-10,0.8381610980392157
2007-12-11,0.8391023529411764
2007-12-12,0.8400436078431373
2007-12-13,0.840984862745098
2007-12-14,0.8419261176470588
2007-12-15,0.8428673725490196
2007-12-16,0.8438086274509804
2007-12-17,0.8447498823529411
2007-12-18,0.845691137254902
2007-12-19,0.8466323921568627
2007-12-20,0.8475736470588235
2007-12-21,0.8485149019607843
2007-12-22,0.8494561568627451
2007-12-23,0.8503974117647058
2007-12-24,0.8513386666666667
2007-12-25,0.8522799215686274
2007-12-26,0.8532211764705883
2007-12-27,0.854162431372549
2007-12-28,0.8551036862745098
2007-12-29,0.8560449411764706
2007-12-30,0.8569861960784314
2007-12-31,0.8579274509803921
2008-01-01,0.858868705882353
2008-01-02,0.8598099607843137
2008-01-03,0.8607512156862746
2008-01-04,0.8616924705882353
2008-01-05,0.8626337254901961
2008-01-06,0.8635749803921569
2008-01-07,0.8645162352941176
2008-01-08,0.8654574901960784
2008-01-09,0.8663987450980393
2008-01-10,0.86734
2008-01-11,0.865202
2008-01-12,0.866138
2008-01-13,0.866138
2008-01-14,0.867528
2008-01-15,0.865576
2008-01-16,0.855688
2008-01-17,0.853752
2008-01-18,0.857927
2008-01-19,0.859956
2008-01-20,0.859956
2008-01-21,0.859734
2008-01-22,0.867453
2008-01-23,0.865164
2008-01-24,0.869679
2008-01-25,0.868093
2008-01-26,0.86915
2008-01-27,0.86915
2008-01-28,0.867679
2008-01-29,0.863819
2008-01-30,0.861772
2008-01-31,0.857817
2008-02-01,0.857412
2008-02-02,0.857155
2008-02-03,0.857155
2008-02-04,0.855761
2008-02-05,0.859919
2008-02-06,0.858222
2008-02-07,0.856311
2008-02-08,0.858222
2008-02-09,0.857596
2008-02-10,0.857964
2008-02-11,0.85317
2008-02-12,0.855542
2008-02-13,0.860919
2008-02-14,0.862664
2008-02-15,0.866664
2008-02-16,0.866439
2008-02-17,0.866852
2008-02-18,0.868357
2008-02-19,0.876501
2008-02-20,0.867754
2008-02-21,0.865202
2008-02-22,0.861289
2008-02-23,0.861364
2008-02-24,0.861364
2008-02-25,0.86218
2008-02-26,0.863558
2008-02-27,0.866889
2008-02-28,0.863894
2008-02-29,0.863371
2008-03-01,0.862589
2008-03-02,0.862776
2008-03-03,0.863036
2008-03-04,0.856348
2008-03-05,0.855103
2008-03-06,0.855578
2008-03-07,0.855066
2008-03-08,0.85492
2008-03-09,0.854153
2008-03-10,0.855359
2008-03-11,0.853352
2008-03-12,0.848608
2008-03-13,0.846024
2008-03-14,0.849329
2008-03-15,0.849618
2008-03-16,0.849618
2008-03-17,0.845059
2008-03-18,0.842637
2008-03-19,0.841361
2008-03-20,0.850557
2008-03-21,0.850123
2008-03-22,0.850051
2008-03-23,0.8501450392156863
2008-03-24,0.8502390784313726
2008-03-25,0.8503331176470589
2008-03-26,0.8504271568627451
2008-03-27,0.8505211960784314
2008-03-28,0.8506152352941176
2008-03-29,0.8507092745098039
2008-03-30,0.8508033137254902
2008-03-31,0.8508973529411765
2008-04-01,0.8509913921568627
2008-04-02,0.851085431372549
2008-04-03,0.8511794705882353
2008-04-04,0.8512735098039216
2008-04-05,0.8513675490196079
2008-04-06,0.8514615882352942
2008-04-07,0.8515556274509803
2008-04-08,0.8516496666666666
2008-04-09,0.8517437058823529
2008-04-10,0.8518377450980392
2008-04-11,0.8519317843137255
2008-04-12,0.8520258235294118
2008-04-13,0.8521198627450981
2008-04-14,0.8522139019607843
2008-04-15,0.8523079411764706
2008-04-16,0.8524019803921569
2008-04-17,0.8524960196078432
2008-04-18,0.8525900588235295
2008-04-19,0.8526840980392157
2008-04-20,0.8527781372549019
2008-04-21,0.8528721764705882
2008-04-22,0.8529662156862745
2008-04-23,0.8530602549019608
2008-04-24,0.8531542941176471
2008-04-25,0.8532483333333334
2008-04-26,0.8533423725490197
2008-04-27,0.8534364117647059
2008-04-28,0.8535304509803922
2008-04-29,0.8536244901960784
2008-04-30,0.8537185294117647
2008-05-01,0.853812568627451
2008-05-02,0.8539066078431373
2008-05-03,0.8540006470588235
2008-05-04,0.8540946862745098
2008-05-05,0.8541887254901961
2008-05-06,0.8542827647058824
2008-05-07,0.8543768039215687
2008-05-08,0.854470843137255
2008-05-09,0.8545648823529411
2008-05-10,0.8546589215686274
2008-05-11,0.8547529607843137
2008-05-12,0.854847
2008-05-13,0.850376
2008-05-14,0.84832
2008-05-15,0.849473
2008-05-16,0.851209
2008-05-17,0.851825
2008-05-18,0.851825
2008-05-19,0.852551
2008-05-20,0.846059
2008-05-21,0.847458
2008-05-22,0.84832
2008-05-23,0.846883
2008-05-24,0.846167
2008-05-25,0.846274
2008-05-26,0.845845
2008-05-27,0.843668
2008-05-28,0.846131
2008-05-29,0.848284
2008-05-30,0.848644
2008-05-31,0.849401
2008-06-01,0.848572
2008-06-02,0.847673
2008-06-03,0.843028
2008-06-04,0.840654
2008-06-05,0.84076
2008-06-06,0.840089
2008-06-07,0.840937
2008-06-08,0.835003
2008-06-09,0.83257
2008-06-10,0.83724
2008-06-11,0.837556
2008-06-12,0.836155
2008-06-13,0.836225
2008-06-14,0.836225
2008-06-15,0.838047
2008-06-16,0.831255
2008-06-17,0.831947
2008-06-18,0.830944
2008-06-19,0.832709
2008-06-20,0.832917
2008-06-21,0.827575
2008-06-22,0.823282
2008-06-23,0.823995
2008-06-24,0.817862
2008-06-25,0.815508
2008-06-26,0.815508
2008-06-27,0.816395
2008-06-28,0.820105
2008-06-29,0.820105
2008-06-30,0.815694
2008-07-01,0.813438
2008-07-02,0.813008
2008-07-03,0.812942
2008-07-04,0.812942
2008-07-05,0.8124869215686275
2008-07-06,0.812031843137255
2008-07-07,0.8115767647058824
2008-07-08,0.8111216862745099
2008-07-09,0.8106666078431373
2008-07-10,0.8102115294117648
2008-07-11,0.8097564509803922
2008-07-12,0.8093013725490197
2008-07-13,0.8088462941176471
2008-07-14,0.8083912156862746
2008-07-15,0.807936137254902
2008-07-16,0.8074810588235295
2008-07-17,0.8070259803921569
2008-07-18,0.8065709019607844
2008-07-19,0.8061158235294118
2008-07-20,0.8056607450980393
2008-07-21,0.8052056666666667
2008-07-22,0.8047505882352941
2008-07-23,0.8042955098039216
2008-07-24,0.803840431372549
2008-07-25,0.8033853529411765
2008-07-26,0.8029302745098039
2008-07-27,0.8024751960784314
2008-07-28,0.8020201176470588
2008-07-29,0.8015650392156863
2008-07-30,0.8011099607843137
2008-07-31,0.8006548823529412
2008-08-01,0.8001998039215686
2008-08-02,0.7997447254901962
2008-08-03,0.7992896470588235
2008-08-04,0.7988345686274511
2008-08-05,0.7983794901960785
2008-08-06,0.797924411764706
2008-08-07,0.7974693333333334
2008-08-08,0.7970142549019608
2008-08-09,0.7965591764705883
2008-08-10,0.7961040980392157
2008-08-11,0.7956490196078432
2008-08-12,0.7951939411764706
2008-08-13,0.7947388627450981
2008-08-14,0.7942837843137255
2008-08-15,0.793828705882353
2008-08-16,0.7933736274509804
2008-08-17,0.7929185490196079
2008-08-18,0.7924634705882353
2008-08-19,0.7920083921568628
2008-08-20,0.7915533137254902
2008-08-21,0.7910982352941177
2008-08-22,0.7906431568627451
2008-08-23,0.7901880784313726
2008-08-24,0.789733
2008-08-25,0.789983
2008-08-26,0.790576
2008-08-27,0.790952
2008-08-28,0.790952
2008-08-29,0.793714
2008-08-30,0.793934
2008-08-31,0.785947
2008-09-01,0.785268
2008-09-02,0.788364
2008-09-03,0.788457
2008-09-04,0.788457
2008-09-05,0.786133
2008-09-06,0.78064
2008-09-07,0.788022
2008-09-08,0.786565
2008-09-09,0.784037
2008-09-10,0.784314
2008-09-11,0.784314
2008-09-12,0.789141
2008-09-13,0.779757
2008-09-14,0.777726
2008-09-15,0.781158
2008-09-16,0.771933
2008-09-17,0.771159
2008-09-18,0.771159
2008-09-19,0.7702488823529412
2008-09-20,0.7693387647058824
2008-09-21,0.7684286470588235
2008-09-22,0.7675185294117648
2008-09-23,0.766608411764706
2008-09-24,0.7656982941176471
2008-09-25,0.7647881764705883
2008-09-26,0.7638780588235294
2008-09-27,0.7629679411764706
2008-09-28,0.7620578235294118
2008-09-29,0.761147705882353
2008-09-30,0.7602375882352942
2008-10-01,0.7593274705882354
2008-10-02,0.7584173529411765
2008-10-03,0.7575072352941177
2008-10-04,0.7565971176470588
2008-10-05,0.755687
2008-10-06,0.7547768823529412
2008-10-07,0.7538667647058824
2008-10-08,0.7529566470588236
2008-10-09,0.7520465294117648
2008-10-10,0.7511364117647059
2008-10-11,0.7502262941176471
2008-10-12,0.7493161764705882
2008-10-13,0.7484060588235294
2008-10-14,0.7474959411764707
2008-10-15,0.7465858235294118
2008-10-16,0.745675705882353
2008-10-17,0.7447655882352942
2008-10-18,0.7438554705882353
2008-10-19,0.7429453529411765
2008-10-20,0.7420352352941176
2008-10-21,0.7411251176470589
2008-10-22,0.7402150000000001
2008-10-23,0.7393048823529412
2008-10-24,0.7383947647058824
2008-10-25,0.7374846470588236
2008-10-26,0.7365745294117647
2008-10-27,0.7356644117647059
2008-10-28,0.734754294117647
2008-10-29,0.7338441764705883
2008-10-30,0.7329340588235295
2008-10-31,0.7320239411764706
2008-11-01,0.7311138235294118
2008-11-02,0.730203705882353
2008-11-03,0.7292935882352941
2008-11-04,0.7283834705882353
2008-11-05,0.7274733529411765
2008-11-06,0.7265632352941177
2008-11-07,0.7256531176470589
2008-11-08,0.724743
2008-11-09,0.726137
2008-11-10,0.726137
2008-11-11,0.729341
2008-11-12,0.729341
2008-11-13,0.737246
2008-11-14,0.738253
2008-11-15,0.736947
2008-11-16,0.736675
2008-11-17,0.736675
2008-11-18,0.741482
2008-11-19,0.741043
2008-11-20,0.737708
2008-11-21,0.74744
2008-11-22,0.746687
2008-11-23,0.745601
2008-11-24,0.745573
2008-11-25,0.750694
2008-11-26,0.752049
2008-11-27,0.75253
2008-11-28,0.754233
2008-11-29,0.75304
2008-11-30,0.752474
2008-12-01,0.752474
2008-12-02,0.754489
2008-12-03,0.746659
2008-12-04,0.754432
2008-12-05,0.755316
2008-12-06,0.755601
2008-12-07,0.756086
2008-12-08,0.756086
2008-12-09,0.752049
2008-12-10,0.756888
2008-12-11,0.758208
2008-12-12,0.746352
2008-12-13,0.737137
2008-12-14,0.736241
2008-12-15,0.736241
2008-12-16,0.736675
2008-12-17,0.726296
2008-12-18,0.721501
2008-12-19,0.738062
2008-12-20,0.732789
2008-12-21,0.734835
2008-12-22,0.7351975294117647
2008-12-23,0.7355600588235294
2008-12-24,0.7359225882352941
2008-12-25,0.7362851176470588
2008-12-26,0.7366476470588236
2008-12-27,0.7370101764705882
2008-12-28,0.7373727058823529
2008-12-29,0.7377352352941177
2008-12-30,0.7380977647058824
2008-12-31,0.738460294117647
2009-01-01,0.7388228235294118
2009-01-02,0.7391853529411765
2009-01-03,0.7395478823529412
2009-01-04,0.7399104117647058
2009-01-05,0.7402729411764706
2009-01-06,0.7406354705882353
2009-01-07,0.740998
2009-01-08,0.7413605294117647
2009-01-09,0.7417230588235294
2009-01-10,0.7420855882352941
2009-01-11,0.7424481176470589
2009-01-12,0.7428106470588235
2009-01-13,0.7431731764705882
2009-01-14,0.743535705882353
2009-01-15,0.7438982352941177
2009-01-16,0.7442607647058823
2009-01-17,0.744623294117647
2009-01-18,0.7449858235294118
2009-01-19,0.7453483529411765
2009-01-20,0.7457108823529411
2009-01-21,0.7460734117647059
2009-01-22,0.7464359411764706
2009-01-23,0.7467984705882353
2009-01-24,0.747161
2009-01-25,0.7475235294117647
2009-01-26,0.7478860588235294
2009-01-27,0.7482485882352942
2009-01-28,0.7486111176470588
2009-01-29,0.7489736470588235
2009-01-30,0.7493361764705883
2009-01-31,0.749698705882353
2009-02-01,0.7500612352941176
2009-02-02,0.7504237647058823
2009-02-03,0.7507862941176471
2009-02-04,0.7511488235294118
2009-02-05,0.7515113529411764
2009-02-06,0.7518738823529412
2009-02-07,0.7522364117647059
2009-02-08,0.7525989411764706
2009-02-09,0.7529614705882353
2009-02-10,0.753324
2009-02-11,0.756544
2009-02-12,0.750554
2009-02-13,0.744352
2009-02-14,0.749457
2009-02-15,0.749092
2009-02-16,0.749092
2009-02-17,0.735727
2009-02-18,0.73654
2009-02-19,0.747915
2009-02-20,0.749541
2009-02-21,0.748447
2009-02-22,0.74744
2009-02-23,0.74744
2009-02-24,0.737599
2009-02-25,0.734322
2009-02-26,0.7303
2009-02-27,0.732064
2009-02-28,0.730327
2009-03-01,0.731208
2009-03-02,0.731208
2009-03-03,0.731449
2009-03-04,0.723563
2009-03-05,0.722752
2009-03-06,0.716589
2009-03-07,0.710682
2009-03-08,0.710707
2009-03-09,0.7096579019607843
2009-03-10,0.7086088039215686
2009-03-11,0.707559705882353
2009-03-12,0.7065106078431372
2009-03-13,0.7054615098039215
2009-03-14,0.7044124117647058
2009-03-15,0.7033633137254902
2009-03-16,0.7023142156862745
2009-03-17,0.7012651176470588
2009-03-18,0.7002160196078431
2009-03-19,0.6991669215686275
2009-03-20,0.6981178235294118
2009-03-21,0.697068725490196
2009-03-22,0.6960196274509803
2009-03-23,0.6949705294117647
2009-03-24,0.693921431372549
2009-03-25,0.6928723333333333
2009-03-26,0.6918232352941176
2009-03-27,0.6907741372549019
2009-03-28,0.6897250392156863
2009-03-29,0.6886759411764706
2009-03-30,0.6876268431372549
2009-03-31,0.6865777450980391
2009-04-01,0.6855286470588235
2009-04-02,0.6844795490196078
2009-04-03,0.6834304509803921
2009-04-04,0.6823813529411764
2009-04-05,0.6813322549019608
2009-04-06,0.6802831568627451
2009-04-07,0.6792340588235294
2009-04-08,0.6781849607843137
2009-04-09,0.6771358627450981
2009-04-10,0.6760867647058824
2009-04-11,0.6750376666666666
2009-04-12,0.6739885686274509
2009-04-13,0.6729394705882352
2009-04-14,0.6718903725490196
2009-04-15,0.6708412745098039
2009-04-16,0.6697921764705882
2009-04-17,0.6687430784313725
2009-04-18,0.6676939803921569
2009-04-19,0.6666448823529412
2009-04-20,0.6655957843137255
2009-04-21,0.6645466862745097
2009-04-22,0.6634975882352941
2009-04-23,0.6624484901960784
2009-04-24,0.6613993921568627
2009-04-25,0.660350294117647
2009-04-26,0.6593011960784314
2009-04-27,0.6582520980392157
2009-04-28,0.657203
2009-04-29,0.664518
2009-04-30,0.6638540392156863
2009-05-01,0.6631900784313726
2009-05-02,0.6625261176470588
2009-05-03,0.6618621568627452
2009-05-04,0.6611981960784314
2009-05-05,0.6605342352941177
2009-05-06,0.659870274509804
2009-05-07,0.6592063137254902
2009-05-08,0.6585423529411765
2009-05-09,0.6578783921568628
2009-05-10,0.6572144313725491
2009-05-11,0.6565504705882353
2009-05-12,0.6558865098039216
2009-05-13,0.6552225490196079
2009-05-14,0.6545585882352941
2009-05-15,0.6538946274509805
2009-05-16,0.6532306666666667
2009-05-17,0.652566705882353
2009-05-18,0.6519027450980392
2009-05-19,0.6512387843137255
2009-05-20,0.6505748235294118
2009-05-21,0.649910862745098
2009-05-22,0.6492469019607844
2009-05-23,0.6485829411764706
2009-05-24,0.6479189803921569
2009-05-25,0.6472550196078432
2009-05-26,0.6465910588235294
2009-05-27,0.6459270980392157
2009-05-28,0.645263137254902
2009-05-29,0.6445991764705883
2009-05-30,0.6439352156862745
2009-05-31,0.6432712549019608
2009-06-01,0.642607294117647
2009-06-02,0.6419433333333333
2009-06-03,0.6412793725490196
2009-06-04,0.6406154117647059
2009-06-05,0.6399514509803922
2009-06-06,0.6392874901960784
2009-06-07,0.6386235294117647
2009-06-08,0.637959568627451
2009-06-09,0.6372956078431372
2009-06-10,0.6366316470588236
2009-06-11,0.6359676862745098
2009-06-12,0.6353037254901961
2009-06-13,0.6346397647058823
2009-06-14,0.6339758039215686
2009-06-15,0.6333118431372549
2009-06-16,0.6326478823529412
2009-06-17,0.6319839215686275
2009-06-18,0.6313199607843137
2009-06-19,0.630656
2009-06-20,0.631512
2009-06-21,0.631752
2009-06-22,0.631752
2009-06-23,0.633052
2009-06-24,0.633032
2009-06-25,0.635344
2009-06-26,0.633874
2009-06-27,0.641746
2009-06-28,0.640061
2009-06-29,0.639754
2009-06-30,0.631453
2009-07-01,0.629545
2009-07-02,0.625156
2009-07-03,0.634659
2009-07-04,0.637308
2009-07-05,0.638325
2009-07-06,0.638325
2009-07-07,0.633633
2009-07-08,0.635364
2009-07-09,0.639509
2009-07-10,0.639795
2009-07-11,0.642653
2009-07-12,0.644517
2009-07-13,0.644517
2009-07-14,0.649393
2009-07-15,0.653531
2009-07-16,0.661835
2009-07-17,0.66368
2009-07-18,0.670399
2009-07-19,0.669232
2009-07-20,0.669232
2009-07-21,0.673446
2009-07-22,0.66865
2009-07-23,0.676613
2009-07-24,0.687002
2009-07-25,0.680156
2009-07-26,0.680944
2009-07-27,0.680944
2009-07-28,0.680064
2009-07-29,0.675858
2009-07-30,0.673151
2009-07-31,0.678058
2009-08-01,0.674787
2009-08-02,0.675151
2009-08-03,0.675333
2009-08-04,0.679117
2009-08-05,0.678702
2009-08-06,0.671795
2009-08-07,0.668047
2009-08-08,0.676201
2009-08-09,0.677438
2009-08-10,0.677438
2009-08-11,0.67465
2009-08-12,0.667401
2009-08-13,0.657787
2009-08-14,0.662647
2009-08-15,0.65136
2009-08-16,0.652443
2009-08-17,0.652443
2009-08-18,0.653787
2009-08-19,0.652891
2009-08-20,0.65606
2009-08-21,0.653659
2009-08-22,0.652699
2009-08-23,0.654643
2009-08-24,0.654643
2009-08-25,0.648887
2009-08-26,0.646057
2009-08-27,0.643646
2009-08-28,0.65796
2009-08-29,0.655996
2009-08-30,0.656319
2009-08-31,0.656319
2009-09-01,0.65119
2009-09-02,0.653232
2009-09-03,0.657052
2009-09-04,0.657397
2009-09-05,0.653296
2009-09-06,0.653445
2009-09-07,0.653445
2009-09-08,0.657592
2009-09-09,0.667646
2009-09-10,0.66335
2009-09-11,0.663416
2009-09-12,0.675402
2009-09-13,0.674559
2009-09-14,0.674559
2009-09-15,0.664651
2009-09-16,0.66368
2009-09-17,0.662537
2009-09-18,0.676521
2009-09-19,0.672382
2009-09-20,0.671862
2009-09-21,0.671862
2009-09-22,0.677094
2009-09-23,0.6749
2009-09-24,0.677048
2009-09-25,0.669411
2009-09-26,0.675105
2009-09-27,0.672721
2009-09-28,0.672721
2009-09-29,0.676956
2009-09-30,0.680944
2009-10-01,0.678656
2009-10-02,0.684065
2009-10-03,0.682827
2009-10-04,0.684065
2009-10-05,0.684065
2009-10-06,0.685096
2009-10-07,0.687238
2009-10-08,0.683644
2009-10-09,0.684018
2009-10-10,0.68465
2009-10-11,0.684252
2009-10-12,0.684252
2009-10-13,0.673197
2009-10-14,0.66986
2009-10-15,0.663812
2009-10-16,0.665048
2009-10-17,0.65563
2009-10-18,0.654322
2009-10-19,0.654322
2009-10-20,0.6546
2009-10-21,0.651742
2009-10-22,0.656146
2009-10-23,0.646392
2009-10-24,0.643211
2009-10-25,0.64658
2009-10-26,0.64658
2009-10-27,0.644247
2009-10-28,0.648803
2009-10-29,0.639039
2009-10-30,0.649625
2009-10-31,0.647941
2009-11-01,0.649266
2009-11-02,0.649266
2009-11-03,0.647249
2009-11-04,0.649393
2009-11-05,0.652933
2009-11-06,0.646998
2009-11-07,0.6466
2009-11-08,0.648424
2009-11-09,0.648424
2009-11-10,0.651232
2009-11-11,0.649161
2009-11-12,0.665624
2009-11-13,0.673106
2009-11-14,0.662361
2009-11-15,0.662954
2009-11-16,0.662954
2009-11-17,0.663504
2009-11-18,0.666045
2009-11-19,0.664386
2009-11-20,0.668248
2009-11-21,0.662888
2009-11-22,0.662669
2009-11-23,0.662669
2009-11-24,0.665447
2009-11-25,0.656534
2009-11-26,0.662888
2009-11-27,0.661704
2009-11-28,0.661354
2009-11-29,0.662954
2009-11-30,0.662954
2009-12-01,0.672156
2009-12-02,0.666333
2009-12-03,0.663196
2009-12-04,0.669411
2009-12-05,0.66368
2009-12-06,0.662954
2009-12-07,0.662954
2009-12-08,0.6595
2009-12-09,0.661967
2009-12-10,0.664253
2009-12-11,0.674445
2009-12-12,0.680342
2009-12-13,0.682035
2009-12-14,0.682035
2009-12-15,0.679856
2009-12-16,0.67595
2009-12-17,0.67974
2009-12-18,0.666045
2009-12-19,0.676659
2009-12-20,0.674491
2009-12-21,0.674491
2009-12-22,0.668025
2009-12-23,0.659304
2009-12-24,0.659391
2009-12-25,0.684838
2009-12-26,0.680342
2009-12-27,0.679648
2009-12-28,0.679648
2009-12-29,0.67506
2009-12-30,0.674514
2009-12-31,0.66986
2010-01-01,0.669591
2010-01-02,0.668405
2010-01-03,0.668695
2010-01-04,0.668695
2010-01-05,0.671885
2010-01-06,0.684556
2010-01-07,0.691085
2010-01-08,0.692113
2010-01-09,0.690179
2010-01-10,0.690417
2010-01-11,0.69025
2010-01-12,0.684627
2010-01-13,0.67891
2010-01-14,0.682198
2010-01-15,0.677209
2010-01-16,0.680897
2010-01-17,0.680851
2010-01-18,0.680851
2010-01-19,0.686059
2010-01-20,0.69056
2010-01-21,0.691611
2010-01-22,0.687002
2010-01-23,0.691491
2010-01-24,0.69197
2010-01-25,0.69197
2010-01-26,0.694686
2010-01-27,0.703878
2010-01-28,0.698812
2010-01-29,0.690989
2010-01-30,0.684767
2010-01-31,0.685307
2010-02-01,0.685307
2010-02-02,0.684744
2010-02-03,0.68861
2010-02-04,0.685495
2010-02-05,0.697934
2010-02-06,0.697107
2010-02-07,0.697739
2010-02-08,0.697739
2010-02-09,0.701705
2010-02-10,0.693433
2010-02-11,0.686908
2010-02-12,0.68835
2010-02-13,0.684346
2010-02-14,0.683878
2010-02-15,0.683878
2010-02-16,0.676888
2010-02-17,0.675083
2010-02-18,0.683924
2010-02-19,0.681199
2010-02-20,0.678196
2010-02-21,0.676842
2010-02-22,0.676842
2010-02-23,0.679509
2010-02-24,0.682012
2010-02-25,0.679833
2010-02-26,0.674946
2010-02-27,0.676842
2010-02-28,0.676498
2010-03-01,0.676247
2010-03-02,0.676842
2010-03-03,0.673197
2010-03-04,0.676064
2010-03-05,0.67365
2010-03-06,0.670488
2010-03-07,0.669411
2010-03-08,0.669546
2010-03-09,0.669905
2010-03-10,0.676384
2010-03-11,0.681849
2010-03-12,0.681129
2010-03-13,0.693914
2010-03-14,0.695628
2010-03-15,0.695628
2010-03-16,0.693241
2010-03-17,0.696961
2010-03-18,0.702149
2010-03-19,0.712555
2010-03-20,0.704523
2010-03-21,0.705567
2010-03-22,0.705567
2010-03-23,0.705517
2010-03-24,0.699888
2010-03-25,0.703087
2010-03-26,0.704449
2010-03-27,0.706414
2010-03-28,0.705442
2010-03-29,0.705069
2010-03-30,0.711187
2010-03-31,0.712911
2010-04-01,0.71582
2010-04-02,0.724113
2010-04-03,0.713318
2010-04-04,0.713318
2010-04-05,0.713318
2010-04-06,0.699399
2010-04-07,0.702889
2010-04-08,0.71048
2010-04-09,0.711288
2010-04-10,0.716435
2010-04-11,0.717952
2010-04-12,0.717952
2010-04-13,0.722961
2010-04-14,0.714235
2010-04-15,0.711238
2010-04-16,0.722648
2010-04-17,0.72873
2010-04-18,0.730647
2010-04-19,0.730647
2010-04-20,0.721917
2010-04-21,0.731904
2010-04-22,0.728651
2010-04-23,0.720773
2010-04-24,0.714235
2010-04-25,0.711642
2010-04-26,0.711642
2010-04-27,0.710858
2010-04-28,0.704597
2010-04-29,0.702321
2010-04-30,0.697569
2010-05-01,0.699081
2010-05-02,0.700158
2010-05-03,0.700158
2010-05-04,0.699252
2010-05-05,0.703755
2010-05-06,0.705069
2010-05-07,0.707064
2010-05-08,0.721527
2010-05-09,0.720357
2010-05-10,0.720357
2010-05-11,0.719243
2010-05-12,0.723615
2010-05-13,0.714898
2010-05-14,0.717901
2010-05-15,0.714031
2010-05-16,0.713801
2010-05-17,0.713801
2010-05-18,0.714184
2010-05-19,0.715871
2010-05-20,0.722022
2010-05-21,0.72197
2010-05-22,0.719476
2010-05-23,0.719709
2010-05-24,0.719709
2010-05-25,0.721215
2010-05-26,0.728465
2010-05-27,0.722831
2010-05-28,0.72873
2010-05-29,0.726085
2010-05-30,0.727405
2010-05-31,0.727405
2010-06-01,0.727379
2010-06-02,0.730994
2010-06-03,0.729625
2010-06-04,0.729581
2010-06-05,0.72619
2010-06-06,0.723798
2010-06-07,0.723956
2010-06-08,0.7259
2010-06-09,0.721189
2010-06-10,0.7259
2010-06-11,0.728412
2010-06-12,0.729208
2010-06-13,0.730353
2010-06-14,0.729501
2010-06-15,0.730807
2010-06-16,0.741812
2010-06-17,0.744685
2010-06-18,0.739208
2010-06-19,0.733192
2010-06-20,0.732091
2010-06-21,0.731957
2010-06-22,0.726111
2010-06-23,0.726348
2010-06-24,0.729076
2010-06-25,0.731074
2010-06-26,0.726401
2010-06-27,0.726559
2010-06-28,0.726401
2010-06-29,0.730007
2010-06-30,0.730727
2010-07-01,0.731609
2010-07-02,0.730994
2010-07-03,0.723014
2010-07-04,0.72469
2010-07-05,0.72469
2010-07-06,0.728226
2010-07-07,0.730034
2010-07-08,0.725426
2010-07-09,0.725979
2010-07-10,0.728783
2010-07-11,0.728385
2010-07-12,0.728518
2010-07-13,0.726956
2010-07-14,0.722308
2010-07-15,0.717772
2010-07-16,0.715359
2010-07-17,0.71347
2010-07-18,0.716307
2010-07-19,0.713216
2010-07-20,0.704945
2010-07-21,0.707114
2010-07-22,0.709698
2010-07-23,0.710631
2010-07-24,0.708667
2010-07-25,0.708717
2010-07-26,0.713267
2010-07-27,0.720487
2010-07-28,0.722961
2010-07-29,0.720098
2010-07-30,0.715922
2010-07-31,0.716384
2010-08-01,0.716384
2010-08-02,0.71286
2010-08-03,0.716435
2010-08-04,0.715615
2010-08-05,0.711642
2010-08-06,0.714796
2010-08-07,0.716692
2010-08-08,0.716486
2010-08-09,0.714439
2010-08-10,0.715768
2010-08-11,0.730407
2010-08-12,0.732547
2010-08-13,0.732493
2010-08-14,0.732896
2010-08-15,0.732789
2010-08-16,0.732225
2010-08-17,0.735889
2010-08-18,0.729501
2010-08-19,0.720409
2010-08-20,0.713521
2010-08-21,0.711845
2010-08-22,0.711845
2010-08-23,0.708265
2010-08-24,0.708291
2010-08-25,0.707364
2010-08-26,0.705916
2010-08-27,0.70279
2010-08-28,0.701656
2010-08-29,0.700795
2010-08-30,0.705393
2010-08-31,0.704722
2010-09-01,0.700697
2010-09-02,0.70055
2010-09-03,0.704399
2010-09-04,0.704349
2010-09-05,0.7043
2010-09-06,0.706714
2010-09-07,0.711288
2010-09-08,0.708015
2010-09-09,0.706814
2010-09-10,0.713496
2010-09-11,0.714184
2010-09-12,0.714184
2010-09-13,0.713216
2010-09-14,0.711592
2010-09-15,0.715615
2010-09-16,0.716153
2010-09-17,0.713903
2010-09-18,0.713547
2010-09-19,0.713598
2010-09-20,0.718856
2010-09-21,0.720617
2010-09-22,0.723014
2010-09-23,0.701238
2010-09-24,0.698666
2010-09-25,0.696088
2010-09-26,0.696088
2010-09-27,0.695217
2010-09-28,0.691683
2010-09-29,0.690322
2010-09-30,0.690655
2010-10-01,0.687191
2010-10-02,0.687687
2010-10-03,0.687687
2010-10-04,0.690846
2010-10-05,0.688753
2010-10-06,0.690846
2010-10-07,0.695701
2010-10-08,0.695943
2010-10-09,0.692689
2010-10-10,0.692689
