metric,value
model,timesfm2p5
eval_data,data\datasets\ori\current_velocity_15T.csv
clean_data,data\datasets\ori\current_velocity_15T.csv
freq,15T
term,long
prediction_length,720
windows,15
MSE[mean],0.07657095449942129
MSE[0.5],0.07657095449942129
MAE[0.5],0.17160436559606482
MASE[0.5],1.66380887855701
MAPE[0.5],0.013024876912434896
sMAPE[0.5],0.013151158933286314
MSIS,13.208432312391365
RMSE[mean],0.2767145722570846
NRMSE[mean],0.021819893418282187
ND[0.5],0.013531592994456759
mean_weighted_sum_quantile_loss,0.010806411687686292
