metric,value
model,timesfm2p5
eval_data,data\datasets\ori\ETTh2.csv
clean_data,data\datasets\ori\ETTh2.csv
freq,H
term,long
prediction_length,720
windows,15
MSE[mean],37.2097974537037
MSE[0.5],37.2097974537037
MAE[0.5],4.76248119212963
MASE[0.5],1.5959630162431178
MAPE[0.5],0.4166996256510417
sMAPE[0.5],0.21275105794270832
MSIS,10.545341749840668
RMSE[mean],6.099983397821973
NRMSE[mean],0.2227627258464125
ND[0.5],0.17391904583377538
mean_weighted_sum_quantile_loss,0.13670470236061713
