metric,value
model,timesfm2p5
eval_data,data\datasets\ori\ETTh1.csv
clean_data,data\datasets\ori\ETTh1.csv
freq,H
term,medium
prediction_length,480
windows,20
MSE[mean],9.760970865885417
MSE[0.5],9.760970865885417
MAE[0.5],2.451929931640625
MASE[0.5],1.044112267706186
MAPE[0.5],0.4122452199835526
sMAPE[0.5],0.32152928670247394
MSIS,6.51514971975436
RMSE[mean],3.1242552497972085
NRMSE[mean],0.30182849074944895
ND[0.5],0.23687639181802636
mean_weighted_sum_quantile_loss,0.1840644841825848
