metric,value
model,timesfm2p5
eval_data,data\datasets\ori\ETTm1.csv
clean_data,data\datasets\ori\ETTm1.csv
freq,15T
term,long
prediction_length,720
windows,20
MSE[mean],7.952137586805556
MSE[0.5],7.952137586805556
MAE[0.5],2.161428900824653
MASE[0.5],0.9764505290896831
MAPE[0.5],0.44117795643926117
sMAPE[0.5],0.4127975802951389
MSIS,6.392611253389166
RMSE[mean],2.8199534724540323
NRMSE[mean],0.3745167255521876
ND[0.5],0.28705837963569747
mean_weighted_sum_quantile_loss,0.22650068825420858
