metric,value
model,timesfm2p5
eval_data,data\datasets\ori\weather.csv
clean_data,data\datasets\ori\weather.csv
freq,10T
term,long
prediction_length,720
windows,20
MSE[mean],276.2499652777778
MSE[0.5],276.2499652777778
MAE[0.5],11.591596137152777
MASE[0.5],0.3592500153239728
MAPE[0.5],0.026253395080566407
sMAPE[0.5],0.026342252095540364
MSIS,2.3625975686467084
RMSE[mean],16.620769094051507
NRMSE[mean],0.03831408949567195
ND[0.5],0.026720872498945055
mean_weighted_sum_quantile_loss,0.02081480358344555
