metric,value
eval_data,datasets\Impute\MCAR_030\linear\ETTh1_MCAR_030_long.csv
clean_data,datasets\ori\ETTh1.csv
freq,H
term,long
prediction_length,720
windows,3
MSE[mean],7.853432436342593
MSE[0.5],7.868323206018519
MAE[0.5],2.1393744574652778
MASE[0.5],0.9732524872834618
MAPE[0.5],0.2924166296584977
sMAPE[0.5],0.2559327356118479
MSIS,9.28238368075756
RMSE[mean],2.8023976228120437
NRMSE[mean],0.30309843599589475
ND[0.5],0.2313879539394622
mean_weighted_sum_quantile_loss,0.18686967549662473
