metric,value
eval_data,datasets\Impute\MCAR_030\linear\ETTh1_MCAR_030_short.csv
clean_data,datasets\ori\ETTh1.csv
freq,H
term,short
prediction_length,48
windows,20
MSE[mean],3.0000203450520835
MSE[0.5],3.027393595377604
MAE[0.5],1.1599725087483723
MASE[0.5],0.5353151026118037
MAPE[0.5],0.15241785049438478
sMAPE[0.5],0.12865153269695437
MSIS,6.067119272238899
RMSE[mean],1.7320566806695685
NRMSE[mean],0.18548264800817854
ND[0.5],0.12421924463590005
mean_weighted_sum_quantile_loss,0.10298205599968144
