metric,value
eval_data,datasets\Impute\MCAR_030\linear\ETTm1_MCAR_030_long.csv
clean_data,datasets\ori\ETTm1.csv
freq,T
term,long
prediction_length,720
windows,10
MSE[mean],6.012174479166666
MSE[0.5],5.928656141493056
MAE[0.5],1.8295770941840277
MASE[0.5],0.4923258522306783
MAPE[0.5],0.21138841417100696
sMAPE[0.5],0.1962790881759562
MSIS,4.86011060025332
RMSE[mean],2.451973588594842
NRMSE[mean],0.25502774303019554
ND[0.5],0.19029279891097342
mean_weighted_sum_quantile_loss,0.1559770453933608
