{
  "success": true,
  "dataset": "electricity",
  "method": "BM",
  "ratio": 0.3,
  "term": "long",
  "impute_method": "forward",
  "inject_range": {
    "dataset_name": "electricity",
    "term": "long",
    "frequency": "H",
    "prediction_length": 720,
    "windows": 20,
    "max_context": 2880,
    "start_index": 9024,
    "end_index": 25584,
    "injection_length": 16560,
    "total_length": 26304
  },
  "period": 24,
  "n_windows": 20,
  "summary": {
    "mean": {
      "trend_strength": 0.7412335067857627,
      "trend_linearity": 0.01173446897747812,
      "seasonal_strength": 0.5011578577091786,
      "seasonal_correlation": 0.6138202478216137,
      "residual_autocorr_lag1": 0.7676822562742831,
      "spectral_entropy": 24178.10272196452
    },
    "std": {
      "trend_strength": 0.13159708818146443,
      "trend_linearity": 0.2037862640412818,
      "seasonal_strength": 0.23101339664225418,
      "seasonal_correlation": 0.34767157534316484,
      "residual_autocorr_lag1": 0.05444236030118326,
      "spectral_entropy": 795.3634092186005
    },
    "min": {
      "trend_strength": 0.5395765158890513,
      "trend_linearity": -0.3867170336104608,
      "seasonal_strength": 0.0,
      "seasonal_correlation": 0.01865263456101716,
      "residual_autocorr_lag1": 0.6433969941302056,
      "spectral_entropy": 22307.27819580946
    },
    "max": {
      "trend_strength": 0.9496236237514175,
      "trend_linearity": 0.30071498144789527,
      "seasonal_strength": 0.6789942496314689,
      "seasonal_correlation": 0.916599099882433,
      "residual_autocorr_lag1": 0.8678411703755,
      "spectral_entropy": 25111.54083960453
    }
  },
  "window_results": [
    {
      "window_idx": 0,
      "history_start": 22704,
      "history_end": 25584,
      "history_length": 2880,
      "metrics": {
        "trend_strength": 0.9496236237514175,
        "trend_linearity": -0.2656877397209167,
        "seasonal_strength": 0.005107184425613642,
        "seasonal_correlation": 0.01865263456101716,
        "residual_autocorr_lag1": 0.7755114990695371,
        "spectral_entropy": 22307.27819580946
      },
      "n_series": 1
    },
    {
      "window_idx": 1,
      "history_start": 21984,
      "history_end": 24864,
      "history_length": 2880,
      "metrics": {
        "trend_strength": 0.9389787152810661,
        "trend_linearity": -0.13685694483144323,
        "seasonal_strength": 0.0,
        "seasonal_correlation": 0.022770354370190503,
        "residual_autocorr_lag1": 0.7726119871628234,
        "spectral_entropy": 22802.404039001776
      },
      "n_series": 1
    },
    {
      "window_idx": 2,
      "history_start": 21264,
      "history_end": 24144,
      "history_length": 2880,
      "metrics": {
        "trend_strength": 0.9424479514108911,
        "trend_linearity": -0.008649576328037504,
        "seasonal_strength": 5.435883631887961e-06,
        "seasonal_correlation": 0.02497298547139667,
        "residual_autocorr_lag1": 0.7701673085921273,
        "spectral_entropy": 22495.63735672782
      },
      "n_series": 1
    },
    {
      "window_idx": 3,
      "history_start": 20544,
      "history_end": 23424,
      "history_length": 2880,
      "metrics": {
        "trend_strength": 0.9387295624301315,
        "trend_linearity": 0.30071498144789527,
        "seasonal_strength": 0.24568184260841908,
        "seasonal_correlation": 0.032823691341226376,
        "residual_autocorr_lag1": 0.7529113747100925,
        "spectral_entropy": 23562.48732935026
      },
      "n_series": 1
    },
    {
      "window_idx": 4,
      "history_start": 19824,
      "history_end": 22704,
      "history_length": 2880,
      "metrics": {
        "trend_strength": 0.8912344524647924,
        "trend_linearity": 0.2754254211251907,
        "seasonal_strength": 0.5607254534511339,
        "seasonal_correlation": 0.17934050277496766,
        "residual_autocorr_lag1": 0.804396245877278,
        "spectral_entropy": 23821.67785170694
      },
      "n_series": 1
    },
    {
      "window_idx": 5,
      "history_start": 19104,
      "history_end": 21984,
      "history_length": 2880,
      "metrics": {
        "trend_strength": 0.8179579656395695,
        "trend_linearity": 0.13509166468295833,
        "seasonal_strength": 0.6432237469547493,
        "seasonal_correlation": 0.322834785602798,
        "residual_autocorr_lag1": 0.7155417637161167,
        "spectral_entropy": 24425.10507027774
      },
      "n_series": 1
    },
    {
      "window_idx": 6,
      "history_start": 18384,
      "history_end": 21264,
      "history_length": 2880,
      "metrics": {
        "trend_strength": 0.6210106885328581,
        "trend_linearity": -0.003570063826411776,
        "seasonal_strength": 0.6662144922243717,
        "seasonal_correlation": 0.6523910870659761,
        "residual_autocorr_lag1": 0.7022870366829705,
        "spectral_entropy": 24389.137451159215
      },
      "n_series": 1
    },
    {
      "window_idx": 7,
      "history_start": 17664,
      "history_end": 20544,
      "history_length": 2880,
      "metrics": {
        "trend_strength": 0.5621391911507742,
        "trend_linearity": 0.02918980792075798,
        "seasonal_strength": 0.6645520337420654,
        "seasonal_correlation": 0.8401738254521591,
        "residual_autocorr_lag1": 0.709793648264392,
        "spectral_entropy": 24424.95066646482
      },
      "n_series": 1
    },
    {
      "window_idx": 8,
      "history_start": 16944,
      "history_end": 19824,
      "history_length": 2880,
      "metrics": {
        "trend_strength": 0.5578530070623893,
        "trend_linearity": 0.021434160088191493,
        "seasonal_strength": 0.5153437216158447,
        "seasonal_correlation": 0.7696204582944498,
        "residual_autocorr_lag1": 0.6433969941302056,
        "spectral_entropy": 24372.747574465247
      },
      "n_series": 1
    },
    {
      "window_idx": 9,
      "history_start": 16224,
      "history_end": 19104,
      "history_length": 2880,
      "metrics": {
        "trend_strength": 0.5395765158890513,
        "trend_linearity": -0.014486320665055782,
        "seasonal_strength": 0.4764342210342766,
        "seasonal_correlation": 0.7816821106863818,
        "residual_autocorr_lag1": 0.7819890924569186,
        "spectral_entropy": 23787.217538892244
      },
      "n_series": 1
    },
    {
      "window_idx": 10,
      "history_start": 15504,
      "history_end": 18384,
      "history_length": 2880,
      "metrics": {
        "trend_strength": 0.5970179140569243,
        "trend_linearity": -0.08848110441839416,
        "seasonal_strength": 0.5324832663856278,
        "seasonal_correlation": 0.7714935100976936,
        "residual_autocorr_lag1": 0.741977081261554,
        "spectral_entropy": 24380.652419302365
      },
      "n_series": 1
    },
    {
      "window_idx": 11,
      "history_start": 14784,
      "history_end": 17664,
      "history_length": 2880,
      "metrics": {
        "trend_strength": 0.6820995562754285,
        "trend_linearity": -0.26963145280821516,
        "seasonal_strength": 0.5454336095830081,
        "seasonal_correlation": 0.7555402042209077,
        "residual_autocorr_lag1": 0.7598767929836105,
        "spectral_entropy": 24973.231703725385
      },
      "n_series": 1
    },
    {
      "window_idx": 12,
      "history_start": 14064,
      "history_end": 16944,
      "history_length": 2880,
      "metrics": {
        "trend_strength": 0.7454826112202437,
        "trend_linearity": -0.3867170336104608,
        "seasonal_strength": 0.6255949118092425,
        "seasonal_correlation": 0.8627491483067921,
        "residual_autocorr_lag1": 0.7823475543721939,
        "spectral_entropy": 25031.506528209487
      },
      "n_series": 1
    },
    {
      "window_idx": 13,
      "history_start": 13344,
      "history_end": 16224,
      "history_length": 2880,
      "metrics": {
        "trend_strength": 0.7136540448101786,