{
  "success": true,
  "dataset": "electricity",
  "method": "BM",
  "ratio": 0.1,
  "term": "medium",
  "impute_method": "forward",
  "inject_range": {
    "dataset_name": "electricity",
    "term": "medium",
    "frequency": "H",
    "prediction_length": 480,
    "windows": 20,
    "max_context": 2880,
    "start_index": 13824,
    "end_index": 25824,
    "injection_length": 12000,
    "total_length": 26304
  },
  "period": 24,
  "n_windows": 20,
  "summary": {
    "mean": {
      "trend_strength": 0.67672959592074,
      "trend_linearity": -0.037498257730523114,
      "seasonal_strength": 0.6807693664166009,
      "seasonal_correlation": 0.8284678040686606,
      "residual_autocorr_lag1": 0.7789489717534039,
      "spectral_entropy": 24172.66324616576
    },
    "std": {
      "trend_strength": 0.07634786753149275,
      "trend_linearity": 0.20536262792716975,
      "seasonal_strength": 0.11814608170759636,
      "seasonal_correlation": 0.11626227725981064,
      "residual_autocorr_lag1": 0.02949755067761922,
      "spectral_entropy": 388.2009718506805
    },
    "min": {
      "trend_strength": 0.543414830734685,
      "trend_linearity": -0.37755347605067147,
      "seasonal_strength": 0.47559252641540595,
      "seasonal_correlation": 0.46549712780351604,
      "residual_autocorr_lag1": 0.7280862790649899,
      "spectral_entropy": 23649.22852425559
    },
    "max": {
      "trend_strength": 0.7846060344265823,
      "trend_linearity": 0.3000356041994294,
      "seasonal_strength": 0.8287839524336589,
      "seasonal_correlation": 0.955663242793077,
      "residual_autocorr_lag1": 0.8230558984668018,
      "spectral_entropy": 25007.63343980247
    }
  },
  "window_results": [
    {
      "window_idx": 0,
      "history_start": 22944,
      "history_end": 25824,
      "history_length": 2880,
      "metrics": {
        "trend_strength": 0.7603786033148027,
        "trend_linearity": -0.2999458440652361,
        "seasonal_strength": 0.6660463699213182,
        "seasonal_correlation": 0.46549712780351604,
        "residual_autocorr_lag1": 0.7337175520616601,
        "spectral_entropy": 23956.014127873987
      },
      "n_series": 1
    },
    {
      "window_idx": 1,
      "history_start": 22464,
      "history_end": 25344,
      "history_length": 2880,
      "metrics": {
        "trend_strength": 0.7846060344265823,
        "trend_linearity": -0.3217177740455139,
        "seasonal_strength": 0.7491680839191133,
        "seasonal_correlation": 0.6623704529188171,
        "residual_autocorr_lag1": 0.7438928485073164,
        "spectral_entropy": 24165.841084532018
      },
      "n_series": 1
    },
    {
      "window_idx": 2,
      "history_start": 21984,
      "history_end": 24864,
      "history_length": 2880,
      "metrics": {
        "trend_strength": 0.7254338712693669,
        "trend_linearity": -0.1929017325564955,
        "seasonal_strength": 0.7834467214622893,
        "seasonal_correlation": 0.914901368361193,
        "residual_autocorr_lag1": 0.7762822475493054,
        "spectral_entropy": 24201.68051370107
      },
      "n_series": 1
    },
    {
      "window_idx": 3,
      "history_start": 21504,
      "history_end": 24384,
      "history_length": 2880,
      "metrics": {
        "trend_strength": 0.69716387611464,
        "trend_linearity": -0.08896809965712241,
        "seasonal_strength": 0.7809385586783305,
        "seasonal_correlation": 0.9097404122757529,
        "residual_autocorr_lag1": 0.7573906896556565,
        "spectral_entropy": 24336.026852970135
      },
      "n_series": 1
    },
    {
      "window_idx": 4,
      "history_start": 21024,
      "history_end": 23904,
      "history_length": 2880,
      "metrics": {
        "trend_strength": 0.7116528570968039,
        "trend_linearity": 0.1276708082525009,
        "seasonal_strength": 0.8043467815899393,
        "seasonal_correlation": 0.9542984170271653,
        "residual_autocorr_lag1": 0.784073570938967,
        "spectral_entropy": 24370.438795758117
      },
      "n_series": 1
    },
    {
      "window_idx": 5,
      "history_start": 20544,
      "history_end": 23424,
      "history_length": 2880,
      "metrics": {
        "trend_strength": 0.7557078161689706,
        "trend_linearity": 0.25378406648421076,
        "seasonal_strength": 0.8287839524336589,
        "seasonal_correlation": 0.955663242793077,
        "residual_autocorr_lag1": 0.7911638563102342,
        "spectral_entropy": 24194.435143291277
      },
      "n_series": 1
    },
    {
      "window_idx": 6,
      "history_start": 20064,
      "history_end": 22944,
      "history_length": 2880,
      "metrics": {
        "trend_strength": 0.7566081143328727,
        "trend_linearity": 0.3000356041994294,
        "seasonal_strength": 0.810685113923303,
        "seasonal_correlation": 0.9511725183627318,
        "residual_autocorr_lag1": 0.7963476980335868,
        "spectral_entropy": 24145.458462303875
      },
      "n_series": 1
    },
    {
      "window_idx": 7,
      "history_start": 19584,
      "history_end": 22464,
      "history_length": 2880,
      "metrics": {
        "trend_strength": 0.706992401760298,
        "trend_linearity": 0.20338811326066833,
        "seasonal_strength": 0.7920127362549882,
        "seasonal_correlation": 0.9430596492473002,
        "residual_autocorr_lag1": 0.8222701851430756,
        "spectral_entropy": 24098.081419216913
      },
      "n_series": 1
    },
    {
      "window_idx": 8,
      "history_start": 19104,
      "history_end": 21984,
      "history_length": 2880,
      "metrics": {
        "trend_strength": 0.6778635918752315,
        "trend_linearity": 0.1395828448584271,
        "seasonal_strength": 0.7835939979886057,
        "seasonal_correlation": 0.9198077122704147,
        "residual_autocorr_lag1": 0.8230558984668018,
        "spectral_entropy": 23921.9743528047
      },
      "n_series": 1
    },
    {
      "window_idx": 9,
      "history_start": 18624,
      "history_end": 21504,
      "history_length": 2880,
      "metrics": {
        "trend_strength": 0.6808505413291397,
        "trend_linearity": 0.09370121165737065,
        "seasonal_strength": 0.7857116599996982,
        "seasonal_correlation": 0.8725923833126998,
        "residual_autocorr_lag1": 0.8196863074227879,
        "spectral_entropy": 23881.56511148993
      },
      "n_series": 1
    },
    {
      "window_idx": 10,
      "history_start": 18144,
      "history_end": 21024,
      "history_length": 2880,
      "metrics": {
        "trend_strength": 0.6442405942670405,
        "trend_linearity": 0.09087095035894582,
        "seasonal_strength": 0.7500512487413502,
        "seasonal_correlation": 0.855806121545535,
        "residual_autocorr_lag1": 0.8160314490554103,
        "spectral_entropy": 23781.984080809427
      },
      "n_series": 1
    },
    {
      "window_idx": 11,
      "history_start": 17664,
      "history_end": 20544,
      "history_length": 2880,
      "metrics": {
        "trend_strength": 0.5760016504594774,
        "trend_linearity": 0.06059953629911059,
        "seasonal_strength": 0.6613406161367137,
        "seasonal_correlation": 0.8519133250494032,
        "residual_autocorr_lag1": 0.806529455708916,
        "spectral_entropy": 23740.22484305536
      },
      "n_series": 1
    },
    {
      "window_idx": 12,
      "history_start": 17184,
      "history_end": 20064,
      "history_length": 2880,
      "metrics": {
        "trend_strength": 0.5614705212822447,
        "trend_linearity": 0.07312469207624568,
        "seasonal_strength": 0.5395836874018243,
        "seasonal_correlation": 0.7666931236377407,
        "residual_autocorr_lag1": 0.7481418609159421,
        "spectral_entropy": 23835.680011900993
      },
      "n_series": 1
    },
    {
      "window_idx": 13,
      "history_start": 16704,
      "history_end": 19584,
      "history_length": 2880,
      "metrics": {
        "trend_strength": 0.5781127302904066,