{
  "success": true,
  "dataset": "ETTh2",
  "method": "BM",
  "ratio": 0.3,
  "term": "long",
  "impute_method": "forward",
  "inject_range": {
    "dataset_name": "ETTh2",
    "term": "long",
    "frequency": "H",
    "prediction_length": 720,
    "windows": 15,
    "max_context": 2880,
    "start_index": 3740,
    "end_index": 16700,
    "injection_length": 12960,
    "total_length": 17420
  },
  "period": 24,
  "n_windows": 15,
  "summary": {
    "mean": {
      "trend_strength": 0.893846702542455,
      "trend_linearity": 0.0011093529897518819,
      "seasonal_strength": 0.5315751790840694,
      "seasonal_correlation": 0.6507502199155186,
      "residual_autocorr_lag1": 0.8706395464957223,
      "spectral_entropy": 10347.97639150582
    },
    "std": {
      "trend_strength": 0.055367097035998285,
      "trend_linearity": 0.006774765384535123,
      "seasonal_strength": 0.204548281126724,
      "seasonal_correlation": 0.3438597100048829,
      "residual_autocorr_lag1": 0.045990177975993134,
      "spectral_entropy": 684.7260245219525
    },
    "min": {
      "trend_strength": 0.7590560514886286,
      "trend_linearity": -0.008805692481219556,
      "seasonal_strength": 0.0450823962400565,
      "seasonal_correlation": 0.0017943664655771742,
      "residual_autocorr_lag1": 0.772683761168104,
      "spectral_entropy": 9580.89206243115
    },
    "max": {
      "trend_strength": 0.9777374912319926,
      "trend_linearity": 0.010331576500488203,
      "seasonal_strength": 0.6859194316667567,
      "seasonal_correlation": 0.9107966176513604,
      "residual_autocorr_lag1": 0.92854435092434,
      "spectral_entropy": 11661.609589306523
    }
  },
  "window_results": [
    {
      "window_idx": 0,
      "history_start": 13820,
      "history_end": 16700,
      "history_length": 2880,
      "metrics": {
        "trend_strength": 0.9777374912319926,
        "trend_linearity": 0.010331576500488203,
        "seasonal_strength": 0.0450823962400565,
        "seasonal_correlation": 0.0017943664655771742,
        "residual_autocorr_lag1": 0.772683761168104,
        "spectral_entropy": 10958.437650441609
      },
      "n_series": 1
    },
    {
      "window_idx": 1,
      "history_start": 13100,
      "history_end": 15980,
      "history_length": 2880,
      "metrics": {
        "trend_strength": 0.9675268722321616,
        "trend_linearity": 0.007498670723034111,
        "seasonal_strength": 0.09358048126890539,
        "seasonal_correlation": 0.020393107973169775,
        "residual_autocorr_lag1": 0.7764701696796462,
        "spectral_entropy": 10478.574296811159
      },
      "n_series": 1
    },
    {
      "window_idx": 2,
      "history_start": 12380,
      "history_end": 15260,
      "history_length": 2880,
      "metrics": {
        "trend_strength": 0.8949061453189718,
        "trend_linearity": 0.0016860632630778048,
        "seasonal_strength": 0.28615934496387074,
        "seasonal_correlation": 0.09814692722703122,
        "residual_autocorr_lag1": 0.8302773020888322,
        "spectral_entropy": 10066.695148216939
      },
      "n_series": 1
    },
    {
      "window_idx": 3,
      "history_start": 11660,
      "history_end": 14540,
      "history_length": 2880,
      "metrics": {
        "trend_strength": 0.8996083390654251,
        "trend_linearity": -0.004876790388242468,
        "seasonal_strength": 0.5287396160389783,
        "seasonal_correlation": 0.3484249939433189,
        "residual_autocorr_lag1": 0.8786981395722041,
        "spectral_entropy": 9608.577458829132
      },
      "n_series": 1
    },
    {
      "window_idx": 4,
      "history_start": 10940,
      "history_end": 13820,
      "history_length": 2880,
      "metrics": {
        "trend_strength": 0.9151672604322434,
        "trend_linearity": -0.0070753231937968255,
        "seasonal_strength": 0.6220855146081156,
        "seasonal_correlation": 0.49119555085027194,
        "residual_autocorr_lag1": 0.9059989824828374,
        "spectral_entropy": 9904.924378258316
      },
      "n_series": 1
    },
    {
      "window_idx": 5,
      "history_start": 10220,
      "history_end": 13100,
      "history_length": 2880,
      "metrics": {
        "trend_strength": 0.9310595193834207,
        "trend_linearity": -0.008775931246625696,
        "seasonal_strength": 0.6616693298104896,
        "seasonal_correlation": 0.8264645371823157,
        "residual_autocorr_lag1": 0.8954544419714269,
        "spectral_entropy": 9580.89206243115
      },
      "n_series": 1
    },
    {
      "window_idx": 6,
      "history_start": 9500,
      "history_end": 12380,
      "history_length": 2880,
      "metrics": {
        "trend_strength": 0.9232807725298824,
        "trend_linearity": -0.008805692481219556,
        "seasonal_strength": 0.6572261554778942,
        "seasonal_correlation": 0.901476562955826,
        "residual_autocorr_lag1": 0.92854435092434,
        "spectral_entropy": 9908.669165989782
      },
      "n_series": 1
    },
    {
      "window_idx": 7,
      "history_start": 8780,
      "history_end": 11660,
      "history_length": 2880,
      "metrics": {
        "trend_strength": 0.9257058977877917,
        "trend_linearity": -0.007874639837274225,
        "seasonal_strength": 0.6741012851304933,
        "seasonal_correlation": 0.8983504387561897,
        "residual_autocorr_lag1": 0.9017593979952949,
        "spectral_entropy": 9659.119689437517
      },
      "n_series": 1
    },
    {
      "window_idx": 8,
      "history_start": 8060,
      "history_end": 10940,
      "history_length": 2880,
      "metrics": {
        "trend_strength": 0.8446022902829613,
        "trend_linearity": -0.00123240072291959,
        "seasonal_strength": 0.6277439285330608,
        "seasonal_correlation": 0.9051850703418769,
        "residual_autocorr_lag1": 0.9176275738328885,
        "spectral_entropy": 9956.205580557213
      },
      "n_series": 1
    },
    {
      "window_idx": 9,
      "history_start": 7340,
      "history_end": 10220,
      "history_length": 2880,
      "metrics": {
        "trend_strength": 0.8016858624379752,
        "trend_linearity": 0.003909457004514428,
        "seasonal_strength": 0.57890261718202,
        "seasonal_correlation": 0.9007955503655415,
        "residual_autocorr_lag1": 0.8500990108513163,
        "spectral_entropy": 11198.977009412847
      },
      "n_series": 1
    },
    {
      "window_idx": 10,
      "history_start": 6620,
      "history_end": 9500,
      "history_length": 2880,
      "metrics": {
        "trend_strength": 0.8875024814807865,
        "trend_linearity": 0.006996021759055759,
        "seasonal_strength": 0.6427192681983547,
        "seasonal_correlation": 0.9107966176513604,
        "residual_autocorr_lag1": 0.8487989062676738,
        "spectral_entropy": 11165.20817432406
      },
      "n_series": 1
    },
    {
      "window_idx": 11,
      "history_start": 5900,
      "history_end": 8780,
      "history_length": 2880,
      "metrics": {
        "trend_strength": 0.872863309917073,
        "trend_linearity": 0.0075886808004685235,
        "seasonal_strength": 0.5737022432353249,
        "seasonal_correlation": 0.8676687546430092,
        "residual_autocorr_lag1": 0.8813259121888665,
        "spectral_entropy": 11284.186552604304
      },
      "n_series": 1
    },
    {
      "window_idx": 12,
      "history_start": 5180,
      "history_end": 8060,
      "history_length": 2880,
      "metrics": {
        "trend_strength": 0.9016010228292227,
        "trend_linearity": 0.009045623137891246,
        "seasonal_strength": 0.62472528393494,
        "seasonal_correlation": 0.8579044202413478,
        "residual_autocorr_lag1": 0.8704718145391453,
        "spectral_entropy": 11661.609589306523
      },
      "n_series": 1
    },
    {
      "window_idx": 13,
      "history_start": 4460,
      "history_end": 7340,
      "history_length": 2880,
      "metrics": {
        "trend_strength": 0.9053972217182927,