{
  "success": true,
  "dataset": "ETTh2",
  "method": "BM",
  "ratio": 0.1,
  "term": "medium",
  "impute_method": "backward",
  "inject_range": {
    "dataset_name": "ETTh2",
    "term": "medium",
    "frequency": "H",
    "prediction_length": 480,
    "windows": 20,
    "max_context": 2880,
    "start_index": 4940,
    "end_index": 16940,
    "injection_length": 12000,
    "total_length": 17420
  },
  "period": 24,
  "n_windows": 20,
  "summary": {
    "mean": {
      "trend_strength": 0.8974506716250771,
      "trend_linearity": 0.0008991924081686222,
      "seasonal_strength": 0.653541312506633,
      "seasonal_correlation": 0.8595645251178411,
      "residual_autocorr_lag1": 0.8940500112845096,
      "spectral_entropy": 10316.796254937834
    },
    "std": {
      "trend_strength": 0.044065088359908494,
      "trend_linearity": 0.007093982825136789,
      "seasonal_strength": 0.058057685924541094,
      "seasonal_correlation": 0.1011140426905281,
      "residual_autocorr_lag1": 0.023587031197269112,
      "spectral_entropy": 872.4869960356278
    },
    "min": {
      "trend_strength": 0.7882199668378951,
      "trend_linearity": -0.009103602199709054,
      "seasonal_strength": 0.545513730783535,
      "seasonal_correlation": 0.45760051931738294,
      "residual_autocorr_lag1": 0.8530900568799332,
      "spectral_entropy": 8808.245499911776
    },
    "max": {
      "trend_strength": 0.9494960517596662,
      "trend_linearity": 0.010477496779890563,
      "seasonal_strength": 0.7440819187337079,
      "seasonal_correlation": 0.9236599719876615,
      "residual_autocorr_lag1": 0.928876646075152,
      "spectral_entropy": 11484.661262064083
    }
  },
  "window_results": [
    {
      "window_idx": 0,
      "history_start": 14060,
      "history_end": 16940,
      "history_length": 2880,
      "metrics": {
        "trend_strength": 0.9359509991395657,
        "trend_linearity": 0.009080847665378141,
        "seasonal_strength": 0.5733456477799659,
        "seasonal_correlation": 0.45760051931738294,
        "residual_autocorr_lag1": 0.8923241170221798,
        "spectral_entropy": 10748.375239465086
      },
      "n_series": 1
    },
    {
      "window_idx": 1,
      "history_start": 13580,
      "history_end": 16460,
      "history_length": 2880,
      "metrics": {
        "trend_strength": 0.9494960517596662,
        "trend_linearity": 0.010477496779890563,
        "seasonal_strength": 0.6072138141446732,
        "seasonal_correlation": 0.7173798855431827,
        "residual_autocorr_lag1": 0.9020241353883729,
        "spectral_entropy": 10581.418036329866
      },
      "n_series": 1
    },
    {
      "window_idx": 2,
      "history_start": 13100,
      "history_end": 15980,
      "history_length": 2880,
      "metrics": {
        "trend_strength": 0.9311010244172028,
        "trend_linearity": 0.007949704610652242,
        "seasonal_strength": 0.6352682655131232,
        "seasonal_correlation": 0.8583645732781335,
        "residual_autocorr_lag1": 0.907405338602733,
        "spectral_entropy": 9962.13143381883
      },
      "n_series": 1
    },
    {
      "window_idx": 3,
      "history_start": 12620,
      "history_end": 15500,
      "history_length": 2880,
      "metrics": {
        "trend_strength": 0.9075547314019422,
        "trend_linearity": 0.0054556220110155325,
        "seasonal_strength": 0.6583786101433693,
        "seasonal_correlation": 0.8439007960258131,
        "residual_autocorr_lag1": 0.9030368360896475,
        "spectral_entropy": 9346.926936293023
      },
      "n_series": 1
    },
    {
      "window_idx": 4,
      "history_start": 12140,
      "history_end": 15020,
      "history_length": 2880,
      "metrics": {
        "trend_strength": 0.8644399455489099,
        "trend_linearity": 0.0007499271759189155,
        "seasonal_strength": 0.7104196925314077,
        "seasonal_correlation": 0.8845739450913106,
        "residual_autocorr_lag1": 0.9031517277969249,
        "spectral_entropy": 9018.167845153632
      },
      "n_series": 1
    },
    {
      "window_idx": 5,
      "history_start": 11660,
      "history_end": 14540,
      "history_length": 2880,
      "metrics": {
        "trend_strength": 0.8971415192163122,
        "trend_linearity": -0.004198454629583344,
        "seasonal_strength": 0.7314764937518354,
        "seasonal_correlation": 0.88632935759982,
        "residual_autocorr_lag1": 0.9229858236362157,
        "spectral_entropy": 8808.245499911776
      },
      "n_series": 1
    },
    {
      "window_idx": 6,
      "history_start": 11180,
      "history_end": 14060,
      "history_length": 2880,
      "metrics": {
        "trend_strength": 0.9295358251523215,
        "trend_linearity": -0.007143489250822068,
        "seasonal_strength": 0.7417456702144648,
        "seasonal_correlation": 0.8695470137044891,
        "residual_autocorr_lag1": 0.9014566355847713,
        "spectral_entropy": 10176.669619352577
      },
      "n_series": 1
    },
    {
      "window_idx": 7,
      "history_start": 10700,
      "history_end": 13580,
      "history_length": 2880,
      "metrics": {
        "trend_strength": 0.9362215215525594,
        "trend_linearity": -0.007773513776621216,
        "seasonal_strength": 0.7440819187337079,
        "seasonal_correlation": 0.8956950974934138,
        "residual_autocorr_lag1": 0.9184440538971688,
        "spectral_entropy": 9311.771237943372
      },
      "n_series": 1
    },
    {
      "window_idx": 8,
      "history_start": 10220,
      "history_end": 13100,
      "history_length": 2880,
      "metrics": {
        "trend_strength": 0.9393989229142137,
        "trend_linearity": -0.00867011224866382,
        "seasonal_strength": 0.7387454796653949,
        "seasonal_correlation": 0.8939482259130737,
        "residual_autocorr_lag1": 0.9231065856018391,
        "spectral_entropy": 9003.900867990435
      },
      "n_series": 1
    },
    {
      "window_idx": 9,
      "history_start": 9740,
      "history_end": 12620,
      "history_length": 2880,
      "metrics": {
        "trend_strength": 0.9321134838085493,
        "trend_linearity": -0.008835627367531459,
        "seasonal_strength": 0.6739950704557245,
        "seasonal_correlation": 0.8714848308377534,
        "residual_autocorr_lag1": 0.9091195527970182,
        "spectral_entropy": 10632.94384349546
      },
      "n_series": 1
    },
    {
      "window_idx": 10,
      "history_start": 9260,
      "history_end": 12140,
      "history_length": 2880,
      "metrics": {
        "trend_strength": 0.9283113693357768,
        "trend_linearity": -0.009103602199709054,
        "seasonal_strength": 0.6534220460179662,
        "seasonal_correlation": 0.9026146000063671,
        "residual_autocorr_lag1": 0.928876646075152,
        "spectral_entropy": 10728.052045637645
      },
      "n_series": 1
    },
    {
      "window_idx": 11,
      "history_start": 8780,
      "history_end": 11660,
      "history_length": 2880,
      "metrics": {
        "trend_strength": 0.9248292902227107,
        "trend_linearity": -0.007869219289882061,
        "seasonal_strength": 0.664568516305438,
        "seasonal_correlation": 0.8984153097291515,
        "residual_autocorr_lag1": 0.899630111896993,
        "spectral_entropy": 9738.711748561806
      },
      "n_series": 1
    },
    {
      "window_idx": 12,
      "history_start": 8300,
      "history_end": 11180,
      "history_length": 2880,
      "metrics": {
        "trend_strength": 0.8864906820959043,
        "trend_linearity": -0.003369585796862365,
        "seasonal_strength": 0.6513603098428036,
        "seasonal_correlation": 0.8816508688452543,
        "residual_autocorr_lag1": 0.9063723792056421,
        "spectral_entropy": 9693.936027014526
      },
      "n_series": 1
    },
    {
      "window_idx": 13,
      "history_start": 7820,
      "history_end": 10700,
      "history_length": 2880,
      "metrics": {
        "trend_strength": 0.7882199668378951,