{
  "success": true,
  "dataset": "ETTh1",
  "method": "BM",
  "ratio": 0.1,
  "term": "medium",
  "impute_method": "backward",
  "inject_range": {
    "dataset_name": "ETTh1",
    "term": "medium",
    "frequency": "H",
    "prediction_length": 480,
    "windows": 20,
    "max_context": 2880,
    "start_index": 4940,
    "end_index": 16940,
    "injection_length": 12000,
    "total_length": 17420
  },
  "period": 24,
  "n_windows": 20,
  "summary": {
    "mean": {
      "trend_strength": 0.8914074856644085,
      "trend_linearity": -0.00018046187327233707,
      "seasonal_strength": 0.30819894357464633,
      "seasonal_correlation": 0.5088117707810591,
      "residual_autocorr_lag1": 0.7882565386772826,
      "spectral_entropy": 9901.826838227553
    },
    "std": {
      "trend_strength": 0.04453579009266755,
      "trend_linearity": 0.0032797859048595817,
      "seasonal_strength": 0.057198001709117915,
      "seasonal_correlation": 0.15343040797277274,
      "residual_autocorr_lag1": 0.01891795673766402,
      "spectral_entropy": 643.1184143983983
    },
    "min": {
      "trend_strength": 0.7733121912440793,
      "trend_linearity": -0.00506731259306767,
      "seasonal_strength": 0.1802344754269719,
      "seasonal_correlation": 0.257214988288403,
      "residual_autocorr_lag1": 0.756452920016968,
      "spectral_entropy": 8949.107798471758
    },
    "max": {
      "trend_strength": 0.9401226919360307,
      "trend_linearity": 0.004504328380311586,
      "seasonal_strength": 0.40595070798526334,
      "seasonal_correlation": 0.7069208569159061,
      "residual_autocorr_lag1": 0.822611506586882,
      "spectral_entropy": 10799.690367179199
    }
  },
  "window_results": [
    {
      "window_idx": 0,
      "history_start": 14060,
      "history_end": 16940,
      "history_length": 2880,
      "metrics": {
        "trend_strength": 0.9149926061617333,
        "trend_linearity": 0.002652492341151718,
        "seasonal_strength": 0.1802344754269719,
        "seasonal_correlation": 0.257214988288403,
        "residual_autocorr_lag1": 0.791121028218797,
        "spectral_entropy": 9156.390185885251
      },
      "n_series": 1
    },
    {
      "window_idx": 1,
      "history_start": 13580,
      "history_end": 16460,
      "history_length": 2880,
      "metrics": {
        "trend_strength": 0.9401226919360307,
        "trend_linearity": 0.003508338839415745,
        "seasonal_strength": 0.2416491387473424,
        "seasonal_correlation": 0.3777762351114136,
        "residual_autocorr_lag1": 0.7905457263289832,
        "spectral_entropy": 9202.385855082372
      },
      "n_series": 1
    },
    {
      "window_idx": 2,
      "history_start": 13100,
      "history_end": 15980,
      "history_length": 2880,
      "metrics": {
        "trend_strength": 0.9225557572015276,
        "trend_linearity": 0.0026728302726348337,
        "seasonal_strength": 0.23647736180312284,
        "seasonal_correlation": 0.3099672994752074,
        "residual_autocorr_lag1": 0.8066012608779487,
        "spectral_entropy": 9169.35749825283
      },
      "n_series": 1
    },
    {
      "window_idx": 3,
      "history_start": 12620,
      "history_end": 15500,
      "history_length": 2880,
      "metrics": {
        "trend_strength": 0.9001831333044734,
        "trend_linearity": 0.0016769553869344946,
        "seasonal_strength": 0.2518084175561762,
        "seasonal_correlation": 0.2891918636639666,
        "residual_autocorr_lag1": 0.8191473318048286,
        "spectral_entropy": 9228.292055106269
      },
      "n_series": 1
    },
    {
      "window_idx": 4,
      "history_start": 12140,
      "history_end": 15020,
      "history_length": 2880,
      "metrics": {
        "trend_strength": 0.8607894371527602,
        "trend_linearity": 0.00011487721005228812,
        "seasonal_strength": 0.2488164622064929,
        "seasonal_correlation": 0.2975581593792838,
        "residual_autocorr_lag1": 0.8067621526470803,
        "spectral_entropy": 9058.533192850675
      },
      "n_series": 1
    },
    {
      "window_idx": 5,
      "history_start": 11660,
      "history_end": 14540,
      "history_length": 2880,
      "metrics": {
        "trend_strength": 0.9107873584439646,
        "trend_linearity": -0.001972508999142869,
        "seasonal_strength": 0.2901769263114239,
        "seasonal_correlation": 0.35558826795839155,
        "residual_autocorr_lag1": 0.8068299929020422,
        "spectral_entropy": 8949.107798471758
      },
      "n_series": 1
    },
    {
      "window_idx": 6,
      "history_start": 11180,
      "history_end": 14060,
      "history_length": 2880,
      "metrics": {
        "trend_strength": 0.9282740389464033,
        "trend_linearity": -0.003183599948747109,
        "seasonal_strength": 0.30786804223220454,
        "seasonal_correlation": 0.38894664450876265,
        "residual_autocorr_lag1": 0.822611506586882,
        "spectral_entropy": 9212.189641091463
      },
      "n_series": 1
    },
    {
      "window_idx": 7,
      "history_start": 10700,
      "history_end": 13580,
      "history_length": 2880,
      "metrics": {
        "trend_strength": 0.9108904725993394,
        "trend_linearity": -0.0032904360635102933,
        "seasonal_strength": 0.24840610880433656,
        "seasonal_correlation": 0.396914745583087,
        "residual_autocorr_lag1": 0.8056413862280724,
        "spectral_entropy": 9561.800623605357
      },
      "n_series": 1
    },
    {
      "window_idx": 8,
      "history_start": 10220,
      "history_end": 13100,
      "history_length": 2880,
      "metrics": {
        "trend_strength": 0.9244716425119068,
        "trend_linearity": -0.0038245785942106853,
        "seasonal_strength": 0.31059645258167823,
        "seasonal_correlation": 0.5692839062762763,
        "residual_autocorr_lag1": 0.7948508189332321,
        "spectral_entropy": 9585.962412493891
      },
      "n_series": 1
    },
    {
      "window_idx": 9,
      "history_start": 9740,
      "history_end": 12620,
      "history_length": 2880,
      "metrics": {
        "trend_strength": 0.9176085064353581,
        "trend_linearity": -0.004109443347673226,
        "seasonal_strength": 0.306005913025032,
        "seasonal_correlation": 0.596472101963589,
        "residual_autocorr_lag1": 0.7859285465911606,
        "spectral_entropy": 9945.087992884088
      },
      "n_series": 1
    },
    {
      "window_idx": 10,
      "history_start": 9260,
      "history_end": 12140,
      "history_length": 2880,
      "metrics": {
        "trend_strength": 0.9256309168681043,
        "trend_linearity": -0.004580474670854896,
        "seasonal_strength": 0.33450920194830047,
        "seasonal_correlation": 0.6264408685125781,
        "residual_autocorr_lag1": 0.7821234947583484,
        "spectral_entropy": 10215.747889065085
      },
      "n_series": 1
    },
    {
      "window_idx": 11,
      "history_start": 8780,
      "history_end": 11660,
      "history_length": 2880,
      "metrics": {
        "trend_strength": 0.933845879148391,
        "trend_linearity": -0.00506731259306767,
        "seasonal_strength": 0.3076873779404704,
        "seasonal_correlation": 0.5286639011481715,
        "residual_autocorr_lag1": 0.756452920016968,
        "spectral_entropy": 10305.28256369654
      },
      "n_series": 1
    },
    {
      "window_idx": 12,
      "history_start": 8300,
      "history_end": 11180,
      "history_length": 2880,
      "metrics": {
        "trend_strength": 0.9107270158691139,
        "trend_linearity": -0.0036659431013211304,
        "seasonal_strength": 0.3241721490514311,
        "seasonal_correlation": 0.5160189392517944,
        "residual_autocorr_lag1": 0.7639660147800167,
        "spectral_entropy": 10285.02686517599
      },
      "n_series": 1
    },
    {
      "window_idx": 13,
      "history_start": 7820,
      "history_end": 10700,
      "history_length": 2880,
      "metrics": {
        "trend_strength": 0.8524817887491232,