{
  "success": true,
  "dataset": "ETTh2",
  "method": "BM",
  "ratio": 0.2,
  "term": "short",
  "impute_method": "backward",
  "inject_range": {
    "dataset_name": "ETTh2",
    "term": "short",
    "frequency": "H",
    "prediction_length": 48,
    "windows": 20,
    "max_context": 2880,
    "start_index": 13580,
    "end_index": 17372,
    "injection_length": 3792,
    "total_length": 17420
  },
  "period": 24,
  "n_windows": 20,
  "summary": {
    "mean": {
      "trend_strength": 0.9167051151054023,
      "trend_linearity": 0.00895601943375688,
      "seasonal_strength": 0.6169158530892135,
      "seasonal_correlation": 0.7681964995201161,
      "residual_autocorr_lag1": 0.9031071166988756,
      "spectral_entropy": 10228.744217406196
    },
    "std": {
      "trend_strength": 0.012343100801513417,
      "trend_linearity": 0.0011063668991546337,
      "seasonal_strength": 0.021915929609069518,
      "seasonal_correlation": 0.13057616280553425,
      "residual_autocorr_lag1": 0.005704405248712412,
      "spectral_entropy": 306.2586536091922
    },
    "min": {
      "trend_strength": 0.8958119889970068,
      "trend_linearity": 0.007102272443169423,
      "seasonal_strength": 0.582537458847889,
      "seasonal_correlation": 0.5098197308091419,
      "residual_autocorr_lag1": 0.8859514696654431,
      "spectral_entropy": 9633.678998543006
    },
    "max": {
      "trend_strength": 0.935668528615191,
      "trend_linearity": 0.01059642279648551,
      "seasonal_strength": 0.6478961619866925,
      "seasonal_correlation": 0.8949556666706066,
      "residual_autocorr_lag1": 0.9109758854257979,
      "spectral_entropy": 10692.157715006664
    }
  },
  "window_results": [
    {
      "window_idx": 0,
      "history_start": 14492,
      "history_end": 17372,
      "history_length": 2880,
      "metrics": {
        "trend_strength": 0.8958119889970068,
        "trend_linearity": 0.007102272443169423,
        "seasonal_strength": 0.582537458847889,
        "seasonal_correlation": 0.5098197308091419,
        "residual_autocorr_lag1": 0.8983933850006394,
        "spectral_entropy": 10179.768009398944
      },
      "n_series": 1
    },
    {
      "window_idx": 1,
      "history_start": 14444,
      "history_end": 17324,
      "history_length": 2880,
      "metrics": {
        "trend_strength": 0.8973321364690943,
        "trend_linearity": 0.007246464932967073,
        "seasonal_strength": 0.5864273846184302,
        "seasonal_correlation": 0.5524095351190972,
        "residual_autocorr_lag1": 0.8859514696654431,
        "spectral_entropy": 10313.789890312293
      },
      "n_series": 1
    },
    {
      "window_idx": 2,
      "history_start": 14396,
      "history_end": 17276,
      "history_length": 2880,
      "metrics": {
        "trend_strength": 0.9024033638240151,
        "trend_linearity": 0.007744931228701647,
        "seasonal_strength": 0.5882129807721059,
        "seasonal_correlation": 0.5850373097335049,
        "residual_autocorr_lag1": 0.8994045869482806,
        "spectral_entropy": 10072.672316834534
      },
      "n_series": 1
    },
    {
      "window_idx": 3,
      "history_start": 14348,
      "history_end": 17228,
      "history_length": 2880,
      "metrics": {
        "trend_strength": 0.9072656439368401,
        "trend_linearity": 0.008008509340529485,
        "seasonal_strength": 0.5905164046836705,
        "seasonal_correlation": 0.5743616074524761,
        "residual_autocorr_lag1": 0.899058174822816,
        "spectral_entropy": 10507.590461994096
      },
      "n_series": 1
    },
    {
      "window_idx": 4,
      "history_start": 14300,
      "history_end": 17180,
      "history_length": 2880,
      "metrics": {
        "trend_strength": 0.9055896476643116,
        "trend_linearity": 0.007969546298784476,
        "seasonal_strength": 0.593071950459017,
        "seasonal_correlation": 0.6428823671117257,
        "residual_autocorr_lag1": 0.9010777238618722,
        "spectral_entropy": 10589.938010477406
      },
      "n_series": 1
    },
    {
      "window_idx": 5,
      "history_start": 14252,
      "history_end": 17132,
      "history_length": 2880,
      "metrics": {
        "trend_strength": 0.9071480441541109,
        "trend_linearity": 0.008055804584769675,
        "seasonal_strength": 0.5940627776510401,
        "seasonal_correlation": 0.6532741293157773,
        "residual_autocorr_lag1": 0.9022811945102593,
        "spectral_entropy": 9749.507096154255
      },
      "n_series": 1
    },
    {
      "window_idx": 6,
      "history_start": 14204,
      "history_end": 17084,
      "history_length": 2880,
      "metrics": {
        "trend_strength": 0.9070100530177185,
        "trend_linearity": 0.00807721688118236,
        "seasonal_strength": 0.600831556857431,
        "seasonal_correlation": 0.7019691107263217,
        "residual_autocorr_lag1": 0.9021912664285882,
        "spectral_entropy": 10165.693697703824
      },
      "n_series": 1
    },
    {
      "window_idx": 7,
      "history_start": 14156,
      "history_end": 17036,
      "history_length": 2880,
      "metrics": {
        "trend_strength": 0.9110176723107616,
        "trend_linearity": 0.008406746641786502,
        "seasonal_strength": 0.6106060106809261,
        "seasonal_correlation": 0.7500667666957904,
        "residual_autocorr_lag1": 0.8991942352286459,
        "spectral_entropy": 10206.917053211771
      },
      "n_series": 1
    },
    {
      "window_idx": 8,
      "history_start": 14108,
      "history_end": 16988,
      "history_length": 2880,
      "metrics": {
        "trend_strength": 0.9137662385414316,
        "trend_linearity": 0.008601384159979809,
        "seasonal_strength": 0.6145241348184274,
        "seasonal_correlation": 0.8526723103267021,
        "residual_autocorr_lag1": 0.902824011090049,
        "spectral_entropy": 9914.474054886334
      },
      "n_series": 1
    },
    {
      "window_idx": 9,
      "history_start": 14060,
      "history_end": 16940,
      "history_length": 2880,
      "metrics": {
        "trend_strength": 0.914548228649567,
        "trend_linearity": 0.008860809045357737,
        "seasonal_strength": 0.615399957525031,
        "seasonal_correlation": 0.8152005802588597,
        "residual_autocorr_lag1": 0.904541895644808,
        "spectral_entropy": 10692.157715006664
      },
      "n_series": 1
    },
    {
      "window_idx": 10,
      "history_start": 14012,
      "history_end": 16892,
      "history_length": 2880,
      "metrics": {
        "trend_strength": 0.9151781044287671,
        "trend_linearity": 0.008903486725268287,
        "seasonal_strength": 0.623879136825084,
        "seasonal_correlation": 0.8591372209933575,
        "residual_autocorr_lag1": 0.9047795819086043,
        "spectral_entropy": 10554.349969400137
      },
      "n_series": 1
    },
    {
      "window_idx": 11,
      "history_start": 13964,
      "history_end": 16844,
      "history_length": 2880,
      "metrics": {
        "trend_strength": 0.9183137222951909,
        "trend_linearity": 0.009058827195311755,
        "seasonal_strength": 0.6337166705825413,
        "seasonal_correlation": 0.8538512138422435,
        "residual_autocorr_lag1": 0.9005815498820872,
        "spectral_entropy": 10091.629240019345
      },
      "n_series": 1
    },
    {
      "window_idx": 12,
      "history_start": 13916,
      "history_end": 16796,
      "history_length": 2880,
      "metrics": {
        "trend_strength": 0.9229320529566295,
        "trend_linearity": 0.009343993904916796,
        "seasonal_strength": 0.6467428574391134,
        "seasonal_correlation": 0.8593629073798734,
        "residual_autocorr_lag1": 0.9063330960535835,
        "spectral_entropy": 10574.623852833272
      },
      "n_series": 1
    },
    {
      "window_idx": 13,
      "history_start": 13868,
      "history_end": 16748,
      "history_length": 2880,
      "metrics": {
        "trend_strength": 0.923601876630314,