{
  "success": true,
  "dataset": "ETTh2",
  "method": "BM",
  "ratio": 0.2,
  "term": "short",
  "impute_method": "mean",
  "inject_range": {
    "dataset_name": "ETTh2",
    "term": "short",
    "frequency": "H",
    "prediction_length": 48,
    "windows": 20,
    "max_context": 2880,
    "start_index": 13580,
    "end_index": 17372,
    "injection_length": 3792,
    "total_length": 17420
  },
  "period": 24,
  "n_windows": 20,
  "summary": {
    "mean": {
      "trend_strength": 0.8770422306516361,
      "trend_linearity": 0.007080660737974333,
      "seasonal_strength": 0.5705702518268602,
      "seasonal_correlation": 0.7640152324599223,
      "residual_autocorr_lag1": 0.8876772490477045,
      "spectral_entropy": 10850.297389035339
    },
    "std": {
      "trend_strength": 0.040827323940852395,
      "trend_linearity": 0.002305399486897916,
      "seasonal_strength": 0.039944598017233005,
      "seasonal_correlation": 0.10913059275729928,
      "residual_autocorr_lag1": 0.015702138438279587,
      "spectral_entropy": 236.10438000064516
    },
    "min": {
      "trend_strength": 0.8141128951810308,
      "trend_linearity": 0.003519333554160795,
      "seasonal_strength": 0.5022368330458298,
      "seasonal_correlation": 0.5771972382278205,
      "residual_autocorr_lag1": 0.8545179768007165,
      "spectral_entropy": 10422.734624191742
    },
    "max": {
      "trend_strength": 0.9274874283917313,
      "trend_linearity": 0.010106053130928048,
      "seasonal_strength": 0.624319345123183,
      "seasonal_correlation": 0.8815793043369469,
      "residual_autocorr_lag1": 0.9041443429659662,
      "spectral_entropy": 11303.865846330878
    }
  },
  "window_results": [
    {
      "window_idx": 0,
      "history_start": 14492,
      "history_end": 17372,
      "history_length": 2880,
      "metrics": {
        "trend_strength": 0.8141128951810308,
        "trend_linearity": 0.003519333554160795,
        "seasonal_strength": 0.5208311850085015,
        "seasonal_correlation": 0.5771972382278205,
        "residual_autocorr_lag1": 0.8545179768007165,
        "spectral_entropy": 11129.417251981873
      },
      "n_series": 1
    },
    {
      "window_idx": 1,
      "history_start": 14444,
      "history_end": 17324,
      "history_length": 2880,
      "metrics": {
        "trend_strength": 0.8248816766448341,
        "trend_linearity": 0.0039149756253769735,
        "seasonal_strength": 0.536952918420655,
        "seasonal_correlation": 0.5987386194845538,
        "residual_autocorr_lag1": 0.8572212829991168,
        "spectral_entropy": 11146.457657589803
      },
      "n_series": 1
    },
    {
      "window_idx": 2,
      "history_start": 14396,
      "history_end": 17276,
      "history_length": 2880,
      "metrics": {
        "trend_strength": 0.8207186975786104,
        "trend_linearity": 0.003987672515859675,
        "seasonal_strength": 0.5257961416147794,
        "seasonal_correlation": 0.6117253497611884,
        "residual_autocorr_lag1": 0.8590577139542402,
        "spectral_entropy": 11222.581708748534
      },
      "n_series": 1
    },
    {
      "window_idx": 3,
      "history_start": 14348,
      "history_end": 17228,
      "history_length": 2880,
      "metrics": {
        "trend_strength": 0.8157896955124804,
        "trend_linearity": 0.004395865304213022,
        "seasonal_strength": 0.5022368330458298,
        "seasonal_correlation": 0.5894030599919203,
        "residual_autocorr_lag1": 0.8667442741579187,
        "spectral_entropy": 11303.865846330878
      },
      "n_series": 1
    },
    {
      "window_idx": 4,
      "history_start": 14300,
      "history_end": 17180,
      "history_length": 2880,
      "metrics": {
        "trend_strength": 0.8333730218610438,
        "trend_linearity": 0.004679591113257621,
        "seasonal_strength": 0.5185856086633244,
        "seasonal_correlation": 0.6429960925571154,
        "residual_autocorr_lag1": 0.8776100431029562,
        "spectral_entropy": 11000.348434080315
      },
      "n_series": 1
    },
    {
      "window_idx": 5,
      "history_start": 14252,
      "history_end": 17132,
      "history_length": 2880,
      "metrics": {
        "trend_strength": 0.8425267650847904,
        "trend_linearity": 0.005053176792863185,
        "seasonal_strength": 0.5241421322937321,
        "seasonal_correlation": 0.6733771836197108,
        "residual_autocorr_lag1": 0.8849983538741555,
        "spectral_entropy": 10867.710267981098
      },
      "n_series": 1
    },
    {
      "window_idx": 6,
      "history_start": 14204,
      "history_end": 17084,
      "history_length": 2880,
      "metrics": {
        "trend_strength": 0.8470449009967892,
        "trend_linearity": 0.005346568687341094,
        "seasonal_strength": 0.535357090941119,
        "seasonal_correlation": 0.7175789839004587,
        "residual_autocorr_lag1": 0.8896831053412638,
        "spectral_entropy": 10911.196398977387
      },
      "n_series": 1
    },
    {
      "window_idx": 7,
      "history_start": 14156,
      "history_end": 17036,
      "history_length": 2880,
      "metrics": {
        "trend_strength": 0.8598658716214193,
        "trend_linearity": 0.0058907021144295,
        "seasonal_strength": 0.5518327015202179,
        "seasonal_correlation": 0.7289911792356847,
        "residual_autocorr_lag1": 0.8840140701206385,
        "spectral_entropy": 10853.310717924678
      },
      "n_series": 1
    },
    {
      "window_idx": 8,
      "history_start": 14108,
      "history_end": 16988,
      "history_length": 2880,
      "metrics": {
        "trend_strength": 0.8666184077612984,
        "trend_linearity": 0.0063159142109017385,
        "seasonal_strength": 0.5556434956463185,
        "seasonal_correlation": 0.7694890602813945,
        "residual_autocorr_lag1": 0.8904617554761383,
        "spectral_entropy": 10865.324195333265
      },
      "n_series": 1
    },
    {
      "window_idx": 9,
      "history_start": 14060,
      "history_end": 16940,
      "history_length": 2880,
      "metrics": {
        "trend_strength": 0.8767525770183752,
        "trend_linearity": 0.0068547009343470485,
        "seasonal_strength": 0.5672430687669171,
        "seasonal_correlation": 0.7962571249036066,
        "residual_autocorr_lag1": 0.8936217168900965,
        "spectral_entropy": 10757.319586177813
      },
      "n_series": 1
    },
    {
      "window_idx": 10,
      "history_start": 14012,
      "history_end": 16892,
      "history_length": 2880,
      "metrics": {
        "trend_strength": 0.888152405294795,
        "trend_linearity": 0.0073849403229870264,
        "seasonal_strength": 0.5842285841739288,
        "seasonal_correlation": 0.8054287017550268,
        "residual_autocorr_lag1": 0.8963168345025329,
        "spectral_entropy": 10608.69426243029
      },
      "n_series": 1
    },
    {
      "window_idx": 11,
      "history_start": 13964,
      "history_end": 16844,
      "history_length": 2880,
      "metrics": {
        "trend_strength": 0.8978590630848319,
        "trend_linearity": 0.007914639085319022,
        "seasonal_strength": 0.5993729702474249,
        "seasonal_correlation": 0.8465176104833392,
        "residual_autocorr_lag1": 0.898143581670544,
        "spectral_entropy": 10595.158736245512
      },
      "n_series": 1
    },
    {
      "window_idx": 12,
      "history_start": 13916,
      "history_end": 16796,
      "history_length": 2880,
      "metrics": {
        "trend_strength": 0.9037176944738636,
        "trend_linearity": 0.008528888782237287,
        "seasonal_strength": 0.6055923304677064,
        "seasonal_correlation": 0.8788665387256213,
        "residual_autocorr_lag1": 0.8973281444095558,
        "spectral_entropy": 10986.225561575833
      },
      "n_series": 1
    },
    {
      "window_idx": 13,
      "history_start": 13868,
      "history_end": 16748,
      "history_length": 2880,
      "metrics": {
        "trend_strength": 0.9085317019575847,