{
  "success": true,
  "dataset": "ETTh1",
  "method": "BM",
  "ratio": 0.1,
  "term": "medium",
  "impute_method": "forward",
  "inject_range": {
    "dataset_name": "ETTh1",
    "term": "medium",
    "frequency": "H",
    "prediction_length": 480,
    "windows": 20,
    "max_context": 2880,
    "start_index": 4940,
    "end_index": 16940,
    "injection_length": 12000,
    "total_length": 17420
  },
  "period": 24,
  "n_windows": 20,
  "summary": {
    "mean": {
      "trend_strength": 0.8888905143835026,
      "trend_linearity": -0.00020512855844633267,
      "seasonal_strength": 0.3046291903978522,
      "seasonal_correlation": 0.5145651589298079,
      "residual_autocorr_lag1": 0.7915336932055159,
      "spectral_entropy": 9901.693643074146
    },
    "std": {
      "trend_strength": 0.04361759859992357,
      "trend_linearity": 0.0032480503685431714,
      "seasonal_strength": 0.057652132518204134,
      "seasonal_correlation": 0.16523463368434307,
      "residual_autocorr_lag1": 0.018326605144416308,
      "spectral_entropy": 645.4098185019641
    },
    "min": {
      "trend_strength": 0.7733121912440793,
      "trend_linearity": -0.004887573274196922,
      "seasonal_strength": 0.1954846513892462,
      "seasonal_correlation": 0.2552424064287739,
      "residual_autocorr_lag1": 0.7629527788282031,
      "spectral_entropy": 8925.479310248447
    },
    "max": {
      "trend_strength": 0.9407032265744577,
      "trend_linearity": 0.004504328380311586,
      "seasonal_strength": 0.40595070798526334,
      "seasonal_correlation": 0.7069208569159061,
      "residual_autocorr_lag1": 0.8226932131459765,
      "spectral_entropy": 10799.690367179199
    }
  },
  "window_results": [
    {
      "window_idx": 0,
      "history_start": 14060,
      "history_end": 16940,
      "history_length": 2880,
      "metrics": {
        "trend_strength": 0.9178199372388646,
        "trend_linearity": 0.0025961871916496096,
        "seasonal_strength": 0.1954846513892462,
        "seasonal_correlation": 0.30755390370567276,
        "residual_autocorr_lag1": 0.7927432630490441,
        "spectral_entropy": 9153.636603693249
      },
      "n_series": 1
    },
    {
      "window_idx": 1,
      "history_start": 13580,
      "history_end": 16460,
      "history_length": 2880,
      "metrics": {
        "trend_strength": 0.9407032265744577,
        "trend_linearity": 0.0033062908119424273,
        "seasonal_strength": 0.24732669356353298,
        "seasonal_correlation": 0.37351387622655197,
        "residual_autocorr_lag1": 0.7837647983413327,
        "spectral_entropy": 9241.227910709715
      },
      "n_series": 1
    },
    {
      "window_idx": 2,
      "history_start": 13100,
      "history_end": 15980,
      "history_length": 2880,
      "metrics": {
        "trend_strength": 0.9204216397671687,
        "trend_linearity": 0.0026523265420444393,
        "seasonal_strength": 0.22754124322300306,
        "seasonal_correlation": 0.28872228126499383,
        "residual_autocorr_lag1": 0.8060849882338367,
        "spectral_entropy": 9155.10125359018
      },
      "n_series": 1
    },
    {
      "window_idx": 3,
      "history_start": 12620,
      "history_end": 15500,
      "history_length": 2880,
      "metrics": {
        "trend_strength": 0.8957976946088664,
        "trend_linearity": 0.0014544106074992368,
        "seasonal_strength": 0.24350146582700516,
        "seasonal_correlation": 0.2552424064287739,
        "residual_autocorr_lag1": 0.8144448319006329,
        "spectral_entropy": 9217.201014342272
      },
      "n_series": 1
    },
    {
      "window_idx": 4,
      "history_start": 12140,
      "history_end": 15020,
      "history_length": 2880,
      "metrics": {
        "trend_strength": 0.8533718673041811,
        "trend_linearity": -1.0255365990749986e-05,
        "seasonal_strength": 0.24165558847466084,
        "seasonal_correlation": 0.2682602698624202,
        "residual_autocorr_lag1": 0.8056332890121781,
        "spectral_entropy": 9033.89594840575
      },
      "n_series": 1
    },
    {
      "window_idx": 5,
      "history_start": 11660,
      "history_end": 14540,
      "history_length": 2880,
      "metrics": {
        "trend_strength": 0.9058724647928441,
        "trend_linearity": -0.001996553317644832,
        "seasonal_strength": 0.2822695200212817,
        "seasonal_correlation": 0.3251523724980146,
        "residual_autocorr_lag1": 0.8044853610326885,
        "spectral_entropy": 8925.479310248447
      },
      "n_series": 1
    },
    {
      "window_idx": 6,
      "history_start": 11180,
      "history_end": 14060,
      "history_length": 2880,
      "metrics": {
        "trend_strength": 0.9240696840951826,
        "trend_linearity": -0.0031072870309707987,
        "seasonal_strength": 0.30015209761615813,
        "seasonal_correlation": 0.3535505697725468,
        "residual_autocorr_lag1": 0.8199709385947833,
        "spectral_entropy": 9226.53661735228
      },
      "n_series": 1
    },
    {
      "window_idx": 7,
      "history_start": 10700,
      "history_end": 13580,
      "history_length": 2880,
      "metrics": {
        "trend_strength": 0.9090861255822194,
        "trend_linearity": -0.0036114244152255412,
        "seasonal_strength": 0.2314100008414124,
        "seasonal_correlation": 0.3921827929354452,
        "residual_autocorr_lag1": 0.8226932131459765,
        "spectral_entropy": 9541.285459794937
      },
      "n_series": 1
    },
    {
      "window_idx": 8,
      "history_start": 10220,
      "history_end": 13100,
      "history_length": 2880,
      "metrics": {
        "trend_strength": 0.9194218483980787,
        "trend_linearity": -0.0038734277667557774,
        "seasonal_strength": 0.30069201742109064,
        "seasonal_correlation": 0.5891331904021937,
        "residual_autocorr_lag1": 0.8071061770277544,
        "spectral_entropy": 9603.044707151548
      },
      "n_series": 1
    },
    {
      "window_idx": 9,
      "history_start": 9740,
      "history_end": 12620,
      "history_length": 2880,
      "metrics": {
        "trend_strength": 0.9149254017418413,
        "trend_linearity": -0.004201680915479117,
        "seasonal_strength": 0.2991590074506124,
        "seasonal_correlation": 0.654720176186744,
        "residual_autocorr_lag1": 0.8028014706263646,
        "spectral_entropy": 9966.891780154929
      },
      "n_series": 1
    },
    {
      "window_idx": 10,
      "history_start": 9260,
      "history_end": 12140,
      "history_length": 2880,
      "metrics": {
        "trend_strength": 0.9208875896521511,
        "trend_linearity": -0.004534122199043134,
        "seasonal_strength": 0.32746546450690583,
        "seasonal_correlation": 0.6780086094221812,
        "residual_autocorr_lag1": 0.7939161461489604,
        "spectral_entropy": 10275.423285577235
      },
      "n_series": 1
    },
    {
      "window_idx": 11,
      "history_start": 8780,
      "history_end": 11660,
      "history_length": 2880,
      "metrics": {
        "trend_strength": 0.9282636698382765,
        "trend_linearity": -0.004887573274196922,
        "seasonal_strength": 0.3021123431661247,
        "seasonal_correlation": 0.5785204525528892,
        "residual_autocorr_lag1": 0.7688100684364546,
        "spectral_entropy": 10267.316129638002
      },
      "n_series": 1
    },
    {
      "window_idx": 12,
      "history_start": 8300,
      "history_end": 11180,
      "history_length": 2880,
      "metrics": {
        "trend_strength": 0.8998988813668617,
        "trend_linearity": -0.0033490278396475512,
        "seasonal_strength": 0.31824287059806555,
        "seasonal_correlation": 0.5605447828374737,
        "residual_autocorr_lag1": 0.7756707256890173,
        "spectral_entropy": 10265.460649934881
      },
      "n_series": 1
    },
    {
      "window_idx": 13,
      "history_start": 7820,
      "history_end": 10700,
      "history_length": 2880,