{
  "success": true,
  "dataset": "ETTh1",
  "method": "BM",
  "ratio": 0.1,
  "term": "long",
  "impute_method": "linear",
  "inject_range": {
    "dataset_name": "ETTh1",
    "term": "long",
    "frequency": "H",
    "prediction_length": 720,
    "windows": 15,
    "max_context": 2880,
    "start_index": 3740,
    "end_index": 16700,
    "injection_length": 12960,
    "total_length": 17420
  },
  "period": 24,
  "n_windows": 15,
  "summary": {
    "mean": {
      "trend_strength": 0.8845691007042308,
      "trend_linearity": 6.663130015874831e-05,
      "seasonal_strength": 0.2907986902403631,
      "seasonal_correlation": 0.5164609803874823,
      "residual_autocorr_lag1": 0.7786020254580118,
      "spectral_entropy": 9920.068211831966
    },
    "std": {
      "trend_strength": 0.05190924631687423,
      "trend_linearity": 0.0031503813791192606,
      "seasonal_strength": 0.10105998560750117,
      "seasonal_correlation": 0.1600692990631096,
      "residual_autocorr_lag1": 0.0113585267702057,
      "spectral_entropy": 684.6308802153922
    },
    "min": {
      "trend_strength": 0.7560821495921871,
      "trend_linearity": -0.004943477761129561,
      "seasonal_strength": 0.025529271856507108,
      "seasonal_correlation": 0.18086624300798312,
      "residual_autocorr_lag1": 0.7549780590533206,
      "spectral_entropy": 8761.50666059069
    },
    "max": {
      "trend_strength": 0.9336797481296981,
      "trend_linearity": 0.004830246553555947,
      "seasonal_strength": 0.4088333223187359,
      "seasonal_correlation": 0.6952716246210567,
      "residual_autocorr_lag1": 0.804265854987784,
      "spectral_entropy": 10719.419084087825
    }
  },
  "window_results": [
    {
      "window_idx": 0,
      "history_start": 13820,
      "history_end": 16700,
      "history_length": 2880,
      "metrics": {
        "trend_strength": 0.9098265335634665,
        "trend_linearity": 0.0029668441945366725,
        "seasonal_strength": 0.025529271856507108,
        "seasonal_correlation": 0.18086624300798312,
        "residual_autocorr_lag1": 0.7749879428092297,
        "spectral_entropy": 8761.50666059069
      },
      "n_series": 1
    },
    {
      "window_idx": 1,
      "history_start": 13100,
      "history_end": 15980,
      "history_length": 2880,
      "metrics": {
        "trend_strength": 0.915044117344434,
        "trend_linearity": 0.002422218176381226,
        "seasonal_strength": 0.14888951210942947,
        "seasonal_correlation": 0.22941401412442985,
        "residual_autocorr_lag1": 0.804265854987784,
        "spectral_entropy": 9030.79442609569
      },
      "n_series": 1
    },
    {
      "window_idx": 2,
      "history_start": 12380,
      "history_end": 15260,
      "history_length": 2880,
      "metrics": {
        "trend_strength": 0.9116454695021742,
        "trend_linearity": 0.0011252186121756584,
        "seasonal_strength": 0.3083093353668448,
        "seasonal_correlation": 0.3521205561657868,
        "residual_autocorr_lag1": 0.769981217289911,
        "spectral_entropy": 9150.27335981017
      },
      "n_series": 1
    },
    {
      "window_idx": 3,
      "history_start": 11660,
      "history_end": 14540,
      "history_length": 2880,
      "metrics": {
        "trend_strength": 0.9165180688182817,
        "trend_linearity": -0.0019552704387259833,
        "seasonal_strength": 0.3278456700879061,
        "seasonal_correlation": 0.4004583675657535,
        "residual_autocorr_lag1": 0.7843397373885471,
        "spectral_entropy": 8938.997360670226
      },
      "n_series": 1
    },
    {
      "window_idx": 4,
      "history_start": 10940,
      "history_end": 13820,
      "history_length": 2880,
      "metrics": {
        "trend_strength": 0.9281901638153119,
        "trend_linearity": -0.003222878571648213,
        "seasonal_strength": 0.2963889659292249,
        "seasonal_correlation": 0.44556626657684617,
        "residual_autocorr_lag1": 0.7701447261796841,
        "spectral_entropy": 9383.898349317733
      },
      "n_series": 1
    },
    {
      "window_idx": 5,
      "history_start": 10220,
      "history_end": 13100,
      "history_length": 2880,
      "metrics": {
        "trend_strength": 0.9324241727680954,
        "trend_linearity": -0.003898973085811804,
        "seasonal_strength": 0.3464644431334133,
        "seasonal_correlation": 0.6489475052458727,
        "residual_autocorr_lag1": 0.7778427266980447,
        "spectral_entropy": 9531.418064900063
      },
      "n_series": 1
    },
    {
      "window_idx": 6,
      "history_start": 9500,
      "history_end": 12380,
      "history_length": 2880,
      "metrics": {
        "trend_strength": 0.9135190754106539,
        "trend_linearity": -0.004140399739564394,
        "seasonal_strength": 0.29911938240152147,
        "seasonal_correlation": 0.6651574055182455,
        "residual_autocorr_lag1": 0.7914472287564547,
        "spectral_entropy": 9972.582263762182
      },
      "n_series": 1
    },
    {
      "window_idx": 7,
      "history_start": 8780,
      "history_end": 11660,
      "history_length": 2880,
      "metrics": {
        "trend_strength": 0.9336797481296981,
        "trend_linearity": -0.004943477761129561,
        "seasonal_strength": 0.3160170309149555,
        "seasonal_correlation": 0.57132773574104,
        "residual_autocorr_lag1": 0.7549780590533206,
        "spectral_entropy": 10234.178455329218
      },
      "n_series": 1
    },
    {
      "window_idx": 8,
      "history_start": 8060,
      "history_end": 10940,
      "history_length": 2880,
      "metrics": {
        "trend_strength": 0.8723110623427792,
        "trend_linearity": -0.0023542341496076984,
        "seasonal_strength": 0.30558087777127485,
        "seasonal_correlation": 0.5927916889250902,
        "residual_autocorr_lag1": 0.7702487510772403,
        "spectral_entropy": 10411.817934861014
      },
      "n_series": 1
    },
    {
      "window_idx": 9,
      "history_start": 7340,
      "history_end": 10220,
      "history_length": 2880,
      "metrics": {
        "trend_strength": 0.7888215437006281,
        "trend_linearity": -4.299819009847685e-05,
        "seasonal_strength": 0.3661386335014658,
        "seasonal_correlation": 0.6843919495184111,
        "residual_autocorr_lag1": 0.7756822016309838,
        "spectral_entropy": 10442.590506789664
      },
      "n_series": 1
    },
    {
      "window_idx": 10,
      "history_start": 6620,
      "history_end": 9500,
      "history_length": 2880,
      "metrics": {
        "trend_strength": 0.8256551027861961,
        "trend_linearity": 0.00247417946765532,
        "seasonal_strength": 0.4088333223187359,
        "seasonal_correlation": 0.6952716246210567,
        "residual_autocorr_lag1": 0.7725756392857033,
        "spectral_entropy": 10622.21331319196
      },
      "n_series": 1
    },
    {
      "window_idx": 11,
      "history_start": 5900,
      "history_end": 8780,
      "history_length": 2880,
      "metrics": {
        "trend_strength": 0.8791651851187324,
        "trend_linearity": 0.00388827599008897,
        "seasonal_strength": 0.3652900284868187,
        "seasonal_correlation": 0.6617202078968013,
        "residual_autocorr_lag1": 0.7751027028827342,
        "spectral_entropy": 10658.205855354368
      },
      "n_series": 1
    },
    {
      "window_idx": 12,
      "history_start": 5180,
      "history_end": 8060,
      "history_length": 2880,
      "metrics": {
        "trend_strength": 0.902623873517568,
        "trend_linearity": 0.004830246553555947,
        "seasonal_strength": 0.37722907551230744,
        "seasonal_correlation": 0.6289556576426316,
        "residual_autocorr_lag1": 0.7924509933448929,
        "spectral_entropy": 10719.419084087825
      },
      "n_series": 1
    },
    {
      "window_idx": 13,
      "history_start": 4460,
      "history_end": 7340,
      "history_length": 2880,
      "metrics": {
        "trend_strength": 0.883030244153254,