{
  "success": true,
  "dataset": "ETTm1",
  "method": "BM",
  "ratio": 0.1,
  "term": "medium",
  "impute_method": "mean",
  "inject_range": {
    "dataset_name": "ETTm1",
    "term": "medium",
    "frequency": "T",
    "prediction_length": 480,
    "windows": 20,
    "max_context": 2880,
    "start_index": 57200,
    "end_index": 69200,
    "injection_length": 12000,
    "total_length": 69680
  },
  "period": 1440,
  "n_windows": 20,
  "summary": {
    "mean": {
      "trend_strength": 0.5833242007026349,
      "trend_linearity": 0.0006900189683166061,
      "seasonal_strength": 0.9369427187598947,
      "seasonal_correlation": 0.2528115202386786,
      "residual_autocorr_lag1": 0.1267997778421556,
      "spectral_entropy": 7748.2056357802085
    },
    "std": {
      "trend_strength": 0.3741026345152547,
      "trend_linearity": 0.001141313174939825,
      "seasonal_strength": 0.047522439964698265,
      "seasonal_correlation": 0.24276479637237028,
      "residual_autocorr_lag1": 0.12462571248453207,
      "spectral_entropy": 398.46998099802244
    },
    "min": {
      "trend_strength": 0.0,
      "trend_linearity": -0.0016906159823758015,
      "seasonal_strength": 0.7680547035119291,
      "seasonal_correlation": -0.2168945545027154,
      "residual_autocorr_lag1": -0.0005748044411889979,
      "spectral_entropy": 7054.074231197905
    },
    "max": {
      "trend_strength": 0.9671863119735284,
      "trend_linearity": 0.0023948919941628568,
      "seasonal_strength": 0.9954854962824664,
      "seasonal_correlation": 0.6001703126260971,
      "residual_autocorr_lag1": 0.5163766024849428,
      "spectral_entropy": 8291.72109577116
    }
  },
  "window_results": [
    {
      "window_idx": 0,
      "history_start": 66320,
      "history_end": 69200,
      "history_length": 2880,
      "metrics": {
        "trend_strength": 0.9016551578805492,
        "trend_linearity": 0.0015425877911031233,
        "seasonal_strength": 0.9369576974410095,
        "seasonal_correlation": 0.42404934920147186,
        "residual_autocorr_lag1": 0.10879291508463053,
        "spectral_entropy": 8243.557429628148
      },
      "n_series": 1
    },
    {
      "window_idx": 1,
      "history_start": 65840,
      "history_end": 68720,
      "history_length": 2880,
      "metrics": {
        "trend_strength": 0.827953722719126,
        "trend_linearity": 0.0014240417623037278,
        "seasonal_strength": 0.9224845198725988,
        "seasonal_correlation": 0.22835912753509396,
        "residual_autocorr_lag1": 0.13567559482785196,
        "spectral_entropy": 7997.074821303884
      },
      "n_series": 1
    },
    {
      "window_idx": 2,
      "history_start": 65360,
      "history_end": 68240,
      "history_length": 2880,
      "metrics": {
        "trend_strength": 0.0,
        "trend_linearity": 0.000189396400758725,
        "seasonal_strength": 0.9166353751560854,
        "seasonal_correlation": 0.13746189872567283,
        "residual_autocorr_lag1": 0.1754723291088617,
        "spectral_entropy": 8011.470320846627
      },
      "n_series": 1
    },
    {
      "window_idx": 3,
      "history_start": 64880,
      "history_end": 67760,
      "history_length": 2880,
      "metrics": {
        "trend_strength": 0.2870443702189506,
        "trend_linearity": -0.0004189326375898841,
        "seasonal_strength": 0.9327753041876689,
        "seasonal_correlation": 0.08486120683376693,
        "residual_autocorr_lag1": 0.12269464736826273,
        "spectral_entropy": 7962.9275422285955
      },
      "n_series": 1
    },
    {
      "window_idx": 4,
      "history_start": 64400,
      "history_end": 67280,
      "history_length": 2880,
      "metrics": {
        "trend_strength": 0.7427636703511179,
        "trend_linearity": -0.0016906159823758015,
        "seasonal_strength": 0.9165306033472749,
        "seasonal_correlation": 0.6001703126260971,
        "residual_autocorr_lag1": 0.21222695219776447,
        "spectral_entropy": 8124.0282119472695
      },
      "n_series": 1
    },
    {
      "window_idx": 5,
      "history_start": 63920,
      "history_end": 66800,
      "history_length": 2880,
      "metrics": {
        "trend_strength": 0.16802358293701292,
        "trend_linearity": -0.0004196466310832578,
        "seasonal_strength": 0.9460903396894101,
        "seasonal_correlation": 0.4024499463903552,
        "residual_autocorr_lag1": 0.055454211081319184,
        "spectral_entropy": 8291.72109577116
      },
      "n_series": 1
    },
    {
      "window_idx": 6,
      "history_start": 63440,
      "history_end": 66320,
      "history_length": 2880,
      "metrics": {
        "trend_strength": 0.14007703083813994,
        "trend_linearity": 0.0002688105370606753,
        "seasonal_strength": 0.9289311985755164,
        "seasonal_correlation": 0.3619136087113218,
        "residual_autocorr_lag1": 0.14602011688599073,
        "spectral_entropy": 8233.160019825136
      },
      "n_series": 1
    },
    {
      "window_idx": 7,
      "history_start": 62960,
      "history_end": 65840,
      "history_length": 2880,
      "metrics": {
        "trend_strength": 0.750028415607536,
        "trend_linearity": 0.0010759498493787595,
        "seasonal_strength": 0.9556641353252477,
        "seasonal_correlation": 0.5048312101130762,
        "residual_autocorr_lag1": 0.08661598610909797,
        "spectral_entropy": 8212.603961892302
      },
      "n_series": 1
    },
    {
      "window_idx": 8,
      "history_start": 62480,
      "history_end": 65360,
      "history_length": 2880,
      "metrics": {
        "trend_strength": 0.9125957445554721,
        "trend_linearity": 0.0019157576276329284,
        "seasonal_strength": 0.9540629374904116,
        "seasonal_correlation": -0.025956141373522378,
        "residual_autocorr_lag1": 0.03267302168029765,
        "spectral_entropy": 7945.034795206891
      },
      "n_series": 1
    },
    {
      "window_idx": 9,
      "history_start": 62000,
      "history_end": 64880,
      "history_length": 2880,
      "metrics": {
        "trend_strength": 0.8442214164017923,
        "trend_linearity": 0.001566874965597638,
        "seasonal_strength": 0.9479083124149642,
        "seasonal_correlation": -0.11538608509578645,
        "residual_autocorr_lag1": 0.07652177741533206,
        "spectral_entropy": 7495.031196575568
      },
      "n_series": 1
    },
    {
      "window_idx": 10,
      "history_start": 61520,
      "history_end": 64400,
      "history_length": 2880,
      "metrics": {
        "trend_strength": 0.9535616530599192,
        "trend_linearity": 0.0023948919941628568,
        "seasonal_strength": 0.9720355076973769,
        "seasonal_correlation": -0.2168945545027154,
        "residual_autocorr_lag1": -7.113187859504175e-06,
        "spectral_entropy": 7263.285302759228
      },
      "n_series": 1
    },
    {
      "window_idx": 11,
      "history_start": 61040,
      "history_end": 63920,
      "history_length": 2880,
      "metrics": {
        "trend_strength": 0.08481952547439287,
        "trend_linearity": 0.0006302630178990729,
        "seasonal_strength": 0.8919866012508844,
        "seasonal_correlation": -0.11481466438245712,
        "residual_autocorr_lag1": 0.22787182572162623,
        "spectral_entropy": 7055.12459415141
      },
      "n_series": 1
    },
    {
      "window_idx": 12,
      "history_start": 60560,
      "history_end": 63440,
      "history_length": 2880,
      "metrics": {
        "trend_strength": 0.0,
        "trend_linearity": 9.840396004283191e-05,
        "seasonal_strength": 0.9101392610395366,
        "seasonal_correlation": -0.09170564301000754,
        "residual_autocorr_lag1": 0.5163766024849428,
        "spectral_entropy": 7054.074231197905
      },
      "n_series": 1
    },
    {
      "window_idx": 13,
      "history_start": 60080,
      "history_end": 62960,
      "history_length": 2880,
      "metrics": {
        "trend_strength": 0.6546511479713208,