{
  "success": true,
  "dataset": "ETTm2",
  "method": "BM",
  "ratio": 0.2,
  "term": "long",
  "impute_method": "backward",
  "inject_range": {
    "dataset_name": "ETTm2",
    "term": "long",
    "frequency": "T",
    "prediction_length": 720,
    "windows": 20,
    "max_context": 2880,
    "start_index": 52400,
    "end_index": 68960,
    "injection_length": 16560,
    "total_length": 69680
  },
  "period": 1440,
  "n_windows": 20,
  "summary": {
    "mean": {
      "trend_strength": 0.6042138674469907,
      "trend_linearity": 0.0018253515425163149,
      "seasonal_strength": 0.9346640981947758,
      "seasonal_correlation": 0.3578777191886001,
      "residual_autocorr_lag1": 0.1360991799366962,
      "spectral_entropy": 7631.001790010816
    },
    "std": {
      "trend_strength": 0.3447546851374721,
      "trend_linearity": 0.002398769446560466,
      "seasonal_strength": 0.06893273093390337,
      "seasonal_correlation": 0.22000281178523592,
      "residual_autocorr_lag1": 0.1244250232259786,
      "spectral_entropy": 1242.6833144528694
    },
    "min": {
      "trend_strength": 0.0,
      "trend_linearity": -0.003325359247239439,
      "seasonal_strength": 0.7133655599416293,
      "seasonal_correlation": -0.04155430623919456,
      "residual_autocorr_lag1": -0.0015943566150826264,
      "spectral_entropy": 5575.36936800605
    },
    "max": {
      "trend_strength": 0.9832469741049974,
      "trend_linearity": 0.006110711411136115,
      "seasonal_strength": 0.9922066196979882,
      "seasonal_correlation": 0.6819752797859856,
      "residual_autocorr_lag1": 0.4706743932611497,
      "spectral_entropy": 9442.932735962802
    }
  },
  "window_results": [
    {
      "window_idx": 0,
      "history_start": 66080,
      "history_end": 68960,
      "history_length": 2880,
      "metrics": {
        "trend_strength": 0.9306425509882108,
        "trend_linearity": 0.004366915258664853,
        "seasonal_strength": 0.9503469038173417,
        "seasonal_correlation": 0.40516869211864165,
        "residual_autocorr_lag1": 0.08500228559908721,
        "spectral_entropy": 9131.621712359265
      },
      "n_series": 1
    },
    {
      "window_idx": 1,
      "history_start": 65360,
      "history_end": 68240,
      "history_length": 2880,
      "metrics": {
        "trend_strength": 0.070199661738375,
        "trend_linearity": 0.0015271095067739288,
        "seasonal_strength": 0.8047265978939897,
        "seasonal_correlation": 0.05132250360169021,
        "residual_autocorr_lag1": 0.19804323204123775,
        "spectral_entropy": 9424.522169066415
      },
      "n_series": 1
    },
    {
      "window_idx": 2,
      "history_start": 64640,
      "history_end": 67520,
      "history_length": 2880,
      "metrics": {
        "trend_strength": 0.21562793325058027,
        "trend_linearity": -0.0013705514826496366,
        "seasonal_strength": 0.916121921336523,
        "seasonal_correlation": 0.4660962105351427,
        "residual_autocorr_lag1": 0.27028205327707305,
        "spectral_entropy": 9442.932735962802
      },
      "n_series": 1
    },
    {
      "window_idx": 3,
      "history_start": 63920,
      "history_end": 66800,
      "history_length": 2880,
      "metrics": {
        "trend_strength": 0.2959904842571315,
        "trend_linearity": 0.0010310611963603054,
        "seasonal_strength": 0.9278966297165235,
        "seasonal_correlation": 0.6819752797859856,
        "residual_autocorr_lag1": 0.20665749793192595,
        "spectral_entropy": 9147.75655602906
      },
      "n_series": 1
    },
    {
      "window_idx": 4,
      "history_start": 63200,
      "history_end": 66080,
      "history_length": 2880,
      "metrics": {
        "trend_strength": 0.503607636470869,
        "trend_linearity": 0.0015202688385953208,
        "seasonal_strength": 0.9668888826301549,
        "seasonal_correlation": 0.4173021651394504,
        "residual_autocorr_lag1": 0.07956045417071736,
        "spectral_entropy": 8567.337324957396
      },
      "n_series": 1
    },
    {
      "window_idx": 5,
      "history_start": 62480,
      "history_end": 65360,
      "history_length": 2880,
      "metrics": {
        "trend_strength": 0.6506634275986847,
        "trend_linearity": 0.0027206963770288455,
        "seasonal_strength": 0.889833997741058,
        "seasonal_correlation": 0.20493923280354784,
        "residual_autocorr_lag1": 0.33749938859437123,
        "spectral_entropy": 8232.833721792631
      },
      "n_series": 1
    },
    {
      "window_idx": 6,
      "history_start": 61760,
      "history_end": 64640,
      "history_length": 2880,
      "metrics": {
        "trend_strength": 0.9191223464647064,
        "trend_linearity": 0.004793836028873963,
        "seasonal_strength": 0.9664730065513877,
        "seasonal_correlation": 0.02157169443772403,
        "residual_autocorr_lag1": 0.055429065785322085,
        "spectral_entropy": 8245.5955485177
      },
      "n_series": 1
    },
    {
      "window_idx": 7,
      "history_start": 61040,
      "history_end": 63920,
      "history_length": 2880,
      "metrics": {
        "trend_strength": 0.0,
        "trend_linearity": 0.0003886588473968123,
        "seasonal_strength": 0.925990698991932,
        "seasonal_correlation": -0.04155430623919456,
        "residual_autocorr_lag1": 0.039171885191191316,
        "spectral_entropy": 6013.099197721596
      },
      "n_series": 1
    },
    {
      "window_idx": 8,
      "history_start": 60320,
      "history_end": 63200,
      "history_length": 2880,
      "metrics": {
        "trend_strength": 0.5654002153989027,
        "trend_linearity": -0.0017287793128476854,
        "seasonal_strength": 0.975674783589721,
        "seasonal_correlation": 0.5482178552055872,
        "residual_autocorr_lag1": 0.3021447187503159,
        "spectral_entropy": 8468.21933675949
      },
      "n_series": 1
    },
    {
      "window_idx": 9,
      "history_start": 59600,
      "history_end": 62480,
      "history_length": 2880,
      "metrics": {
        "trend_strength": 0.8829755550430649,
        "trend_linearity": 0.0037071704912477093,
        "seasonal_strength": 0.9782932091546322,
        "seasonal_correlation": 0.4076484905179954,
        "residual_autocorr_lag1": -0.0002990902271627915,
        "spectral_entropy": 6529.975596265177
      },
      "n_series": 1
    },
    {
      "window_idx": 10,
      "history_start": 58880,
      "history_end": 61760,
      "history_length": 2880,
      "metrics": {
        "trend_strength": 0.9832469741049974,
        "trend_linearity": 0.006110711411136115,
        "seasonal_strength": 0.9915456753093829,
        "seasonal_correlation": 0.6189851720844323,
        "residual_autocorr_lag1": -0.0015943566150826264,
        "spectral_entropy": 6642.40666937113
      },
      "n_series": 1
    },
    {
      "window_idx": 11,
      "history_start": 58160,
      "history_end": 61040,
      "history_length": 2880,
      "metrics": {
        "trend_strength": 0.7809368180908656,
        "trend_linearity": 0.0021600965654634944,
        "seasonal_strength": 0.98163327907013,
        "seasonal_correlation": 0.5640372336592152,
        "residual_autocorr_lag1": 0.06572692863314851,
        "spectral_entropy": 7531.365299798694
      },
      "n_series": 1
    },
    {
      "window_idx": 12,
      "history_start": 57440,
      "history_end": 60320,
      "history_length": 2880,
      "metrics": {
        "trend_strength": 0.5449582780098836,
        "trend_linearity": 0.0013958569937113769,
        "seasonal_strength": 0.9648661212153313,
        "seasonal_correlation": 0.5557412453336946,
        "residual_autocorr_lag1": 0.11006466284860554,
        "spectral_entropy": 6033.451434808366
      },
      "n_series": 1
    },
    {
      "window_idx": 13,
      "history_start": 56720,
      "history_end": 59600,
      "history_length": 2880,
      "metrics": {
        "trend_strength": 0.9602729364499113,