{
  "success": true,
  "dataset": "ETTm2",
  "method": "BM",
  "ratio": 0.1,
  "term": "long",
  "impute_method": "backward",
  "inject_range": {
    "dataset_name": "ETTm2",
    "term": "long",
    "frequency": "T",
    "prediction_length": 720,
    "windows": 20,
    "max_context": 2880,
    "start_index": 52400,
    "end_index": 68960,
    "injection_length": 16560,
    "total_length": 69680
  },
  "period": 1440,
  "n_windows": 20,
  "summary": {
    "mean": {
      "trend_strength": 0.6401506912183078,
      "trend_linearity": 0.0018609751247649537,
      "seasonal_strength": 0.9412811416797615,
      "seasonal_correlation": 0.3782400087289591,
      "residual_autocorr_lag1": 0.12820350281629966,
      "spectral_entropy": 7430.7849204141185
    },
    "std": {
      "trend_strength": 0.3330745987879378,
      "trend_linearity": 0.0023364312532243884,
      "seasonal_strength": 0.06662910346754211,
      "seasonal_correlation": 0.24215844726809962,
      "residual_autocorr_lag1": 0.14561697344173907,
      "spectral_entropy": 1254.6962998063223
    },
    "min": {
      "trend_strength": 0.0,
      "trend_linearity": -0.003325359247239439,
      "seasonal_strength": 0.7133655599416293,
      "seasonal_correlation": -0.04155430623919456,
      "residual_autocorr_lag1": -0.0024973805304499643,
      "spectral_entropy": 5504.925763924339
    },
    "max": {
      "trend_strength": 0.9809498687331918,
      "trend_linearity": 0.006064149204684839,
      "seasonal_strength": 0.9943386421833389,
      "seasonal_correlation": 0.7937585136568973,
      "residual_autocorr_lag1": 0.5230654309027938,
      "spectral_entropy": 9136.485289310665
    }
  },
  "window_results": [
    {
      "window_idx": 0,
      "history_start": 66080,
      "history_end": 68960,
      "history_length": 2880,
      "metrics": {
        "trend_strength": 0.9432459530222419,
        "trend_linearity": 0.004434210347845976,
        "seasonal_strength": 0.9591941490573176,
        "seasonal_correlation": 0.1889033357171714,
        "residual_autocorr_lag1": 0.09694140275246929,
        "spectral_entropy": 9043.51781778585
      },
      "n_series": 1
    },
    {
      "window_idx": 1,
      "history_start": 65360,
      "history_end": 68240,
      "history_length": 2880,
      "metrics": {
        "trend_strength": 0.1675023556317068,
        "trend_linearity": 0.001488374802666103,
        "seasonal_strength": 0.8990792915801803,
        "seasonal_correlation": 0.1301528761225694,
        "residual_autocorr_lag1": 0.15378128433427712,
        "spectral_entropy": 8809.125494765765
      },
      "n_series": 1
    },
    {
      "window_idx": 2,
      "history_start": 64640,
      "history_end": 67520,
      "history_length": 2880,
      "metrics": {
        "trend_strength": 0.777310464605752,
        "trend_linearity": -0.0009770007502442315,
        "seasonal_strength": 0.9943386421833389,
        "seasonal_correlation": 0.7074286922168826,
        "residual_autocorr_lag1": 0.12809991616634026,
        "spectral_entropy": 8333.619434267577
      },
      "n_series": 1
    },
    {
      "window_idx": 3,
      "history_start": 63920,
      "history_end": 66800,
      "history_length": 2880,
      "metrics": {
        "trend_strength": 0.5558587677806137,
        "trend_linearity": 0.0013621554740027193,
        "seasonal_strength": 0.9602059021641051,
        "seasonal_correlation": 0.7937585136568973,
        "residual_autocorr_lag1": 0.1452632255686135,
        "spectral_entropy": 6252.929333319941
      },
      "n_series": 1
    },
    {
      "window_idx": 4,
      "history_start": 63200,
      "history_end": 66080,
      "history_length": 2880,
      "metrics": {
        "trend_strength": 0.17192820215023275,
        "trend_linearity": 0.0018868073434614374,
        "seasonal_strength": 0.8428774576698039,
        "seasonal_correlation": 0.603310871650456,
        "residual_autocorr_lag1": 0.5230654309027938,
        "spectral_entropy": 6257.947177549424
      },
      "n_series": 1
    },
    {
      "window_idx": 5,
      "history_start": 62480,
      "history_end": 65360,
      "history_length": 2880,
      "metrics": {
        "trend_strength": 0.7035867413595494,
        "trend_linearity": 0.0025696407904177414,
        "seasonal_strength": 0.9272576716939795,
        "seasonal_correlation": 0.19419719607187275,
        "residual_autocorr_lag1": 0.1293168268037481,
        "spectral_entropy": 6581.47522084945
      },
      "n_series": 1
    },
    {
      "window_idx": 6,
      "history_start": 61760,
      "history_end": 64640,
      "history_length": 2880,
      "metrics": {
        "trend_strength": 0.8924491324946822,
        "trend_linearity": 0.0044492013415510755,
        "seasonal_strength": 0.95944173674649,
        "seasonal_correlation": 0.06424656356779293,
        "residual_autocorr_lag1": -0.0011829892779432296,
        "spectral_entropy": 6884.606031897355
      },
      "n_series": 1
    },
    {
      "window_idx": 7,
      "history_start": 61040,
      "history_end": 63920,
      "history_length": 2880,
      "metrics": {
        "trend_strength": 0.0,
        "trend_linearity": 0.0003886588473968123,
        "seasonal_strength": 0.925990698991932,
        "seasonal_correlation": -0.04155430623919456,
        "residual_autocorr_lag1": 0.039171885191191316,
        "spectral_entropy": 6013.099197721596
      },
      "n_series": 1
    },
    {
      "window_idx": 8,
      "history_start": 60320,
      "history_end": 63200,
      "history_length": 2880,
      "metrics": {
        "trend_strength": 0.5654002153989027,
        "trend_linearity": -0.0017287793128476854,
        "seasonal_strength": 0.975674783589721,
        "seasonal_correlation": 0.5482178552055872,
        "residual_autocorr_lag1": 0.3021447187503159,
        "spectral_entropy": 8468.21933675949
      },
      "n_series": 1
    },
    {
      "window_idx": 9,
      "history_start": 59600,
      "history_end": 62480,
      "history_length": 2880,
      "metrics": {
        "trend_strength": 0.8922231556521102,
        "trend_linearity": 0.0036189264540205123,
        "seasonal_strength": 0.9804397629832833,
        "seasonal_correlation": 0.41907272528084194,
        "residual_autocorr_lag1": 0.011455113846327747,
        "spectral_entropy": 6394.737610938236
      },
      "n_series": 1
    },
    {
      "window_idx": 10,
      "history_start": 58880,
      "history_end": 61760,
      "history_length": 2880,
      "metrics": {
        "trend_strength": 0.9752635163010375,
        "trend_linearity": 0.006064149204684839,
        "seasonal_strength": 0.9874590653104738,
        "seasonal_correlation": 0.6339286382393878,
        "residual_autocorr_lag1": -0.0024973805304499643,
        "spectral_entropy": 6477.8584164107815
      },
      "n_series": 1
    },
    {
      "window_idx": 11,
      "history_start": 58160,
      "history_end": 61040,
      "history_length": 2880,
      "metrics": {
        "trend_strength": 0.6955742948390602,
        "trend_linearity": 0.002287929575558908,
        "seasonal_strength": 0.9687140465220747,
        "seasonal_correlation": 0.6089176943633289,
        "residual_autocorr_lag1": 0.0810815450597224,
        "spectral_entropy": 8961.799029363394
      },
      "n_series": 1
    },
    {
      "window_idx": 12,
      "history_start": 57440,
      "history_end": 60320,
      "history_length": 2880,
      "metrics": {
        "trend_strength": 0.6975166748916126,
        "trend_linearity": 0.0015728984109751266,
        "seasonal_strength": 0.9787503193664304,
        "seasonal_correlation": 0.5742249394357556,
        "residual_autocorr_lag1": 0.016525252338833,
        "spectral_entropy": 8757.268658539553
      },
      "n_series": 1
    },
    {
      "window_idx": 13,
      "history_start": 56720,
      "history_end": 59600,
      "history_length": 2880,
      "metrics": {
        "trend_strength": 0.950282835700675,