{
  "success": true,
  "dataset": "ETTm2",
  "method": "BM",
  "ratio": 0.2,
  "term": "medium",
  "impute_method": "linear",
  "inject_range": {
    "dataset_name": "ETTm2",
    "term": "medium",
    "frequency": "T",
    "prediction_length": 480,
    "windows": 20,
    "max_context": 2880,
    "start_index": 57200,
    "end_index": 69200,
    "injection_length": 12000,
    "total_length": 69680
  },
  "period": 1440,
  "n_windows": 20,
  "summary": {
    "mean": {
      "trend_strength": 0.5109484068659915,
      "trend_linearity": 0.002031233458720116,
      "seasonal_strength": 0.9420829331311736,
      "seasonal_correlation": 0.4275870043228974,
      "residual_autocorr_lag1": 0.1691992790702474,
      "spectral_entropy": 6670.777838355093
    },
    "std": {
      "trend_strength": 0.35109661945260934,
      "trend_linearity": 0.0016297503564989156,
      "seasonal_strength": 0.032572502990948056,
      "seasonal_correlation": 0.23567166094325812,
      "residual_autocorr_lag1": 0.13689669613727168,
      "spectral_entropy": 619.4295390827318
    },
    "min": {
      "trend_strength": 0.0,
      "trend_linearity": -0.0009503348170850222,
      "seasonal_strength": 0.8584924842012054,
      "seasonal_correlation": -0.06970301132565031,
      "residual_autocorr_lag1": 0.002712905346305053,
      "spectral_entropy": 5264.921322628911
    },
    "max": {
      "trend_strength": 0.9671559175844444,
      "trend_linearity": 0.005068087149562469,
      "seasonal_strength": 0.9907414761236595,
      "seasonal_correlation": 0.783646553343523,
      "residual_autocorr_lag1": 0.4950873214739777,
      "spectral_entropy": 7807.021587088576
    }
  },
  "window_results": [
    {
      "window_idx": 0,
      "history_start": 66320,
      "history_end": 69200,
      "history_length": 2880,
      "metrics": {
        "trend_strength": 0.8679980971575972,
        "trend_linearity": 0.0030517789042543157,
        "seasonal_strength": 0.9320198611386898,
        "seasonal_correlation": 0.46961797829470453,
        "residual_autocorr_lag1": 0.2720779388380211,
        "spectral_entropy": 7221.690200753783
      },
      "n_series": 1
    },
    {
      "window_idx": 1,
      "history_start": 65840,
      "history_end": 68720,
      "history_length": 2880,
      "metrics": {
        "trend_strength": 0.8774289661676756,
        "trend_linearity": 0.0031570581554082188,
        "seasonal_strength": 0.9403699982625586,
        "seasonal_correlation": 0.3964972759363785,
        "residual_autocorr_lag1": 0.21689726391649655,
        "spectral_entropy": 5264.921322628911
      },
      "n_series": 1
    },
    {
      "window_idx": 2,
      "history_start": 65360,
      "history_end": 68240,
      "history_length": 2880,
      "metrics": {
        "trend_strength": 0.02096666994804075,
        "trend_linearity": 0.0011510565299290081,
        "seasonal_strength": 0.8685338762737668,
        "seasonal_correlation": 0.29070300091013734,
        "residual_autocorr_lag1": 0.1853749578650601,
        "spectral_entropy": 7140.701440261612
      },
      "n_series": 1
    },
    {
      "window_idx": 3,
      "history_start": 64880,
      "history_end": 67760,
      "history_length": 2880,
      "metrics": {
        "trend_strength": 0.0,
        "trend_linearity": 3.900264568835641e-05,
        "seasonal_strength": 0.9394353987285317,
        "seasonal_correlation": 0.4423688005511834,
        "residual_autocorr_lag1": 0.21339899394689862,
        "spectral_entropy": 6913.1227706455265
      },
      "n_series": 1
    },
    {
      "window_idx": 4,
      "history_start": 64400,
      "history_end": 67280,
      "history_length": 2880,
      "metrics": {
        "trend_strength": 0.035372938828682754,
        "trend_linearity": -0.0009503348170850222,
        "seasonal_strength": 0.9209451874420784,
        "seasonal_correlation": 0.6703884303089349,
        "residual_autocorr_lag1": 0.3540723380259363,
        "spectral_entropy": 6723.482595645325
      },
      "n_series": 1
    },
    {
      "window_idx": 5,
      "history_start": 63920,
      "history_end": 66800,
      "history_length": 2880,
      "metrics": {
        "trend_strength": 0.5868882498068086,
        "trend_linearity": 0.0014625115609862983,
        "seasonal_strength": 0.9606258240421858,
        "seasonal_correlation": 0.783646553343523,
        "residual_autocorr_lag1": 0.1947096196786118,
        "spectral_entropy": 6235.509187560659
      },
      "n_series": 1
    },
    {
      "window_idx": 6,
      "history_start": 63440,
      "history_end": 66320,
      "history_length": 2880,
      "metrics": {
        "trend_strength": 0.5054717044655521,
        "trend_linearity": 0.001998807955283143,
        "seasonal_strength": 0.9154042058134529,
        "seasonal_correlation": 0.6930519584671876,
        "residual_autocorr_lag1": 0.4950873214739777,
        "spectral_entropy": 6779.228760834559
      },
      "n_series": 1
    },
    {
      "window_idx": 7,
      "history_start": 62960,
      "history_end": 65840,
      "history_length": 2880,
      "metrics": {
        "trend_strength": 0.48781468184567944,
        "trend_linearity": 0.0016036431087039155,
        "seasonal_strength": 0.9653561876236665,
        "seasonal_correlation": 0.5909642757141941,
        "residual_autocorr_lag1": 0.34878166896441054,
        "spectral_entropy": 7367.964636398819
      },
      "n_series": 1
    },
    {
      "window_idx": 8,
      "history_start": 62480,
      "history_end": 65360,
      "history_length": 2880,
      "metrics": {
        "trend_strength": 0.5664802007314755,
        "trend_linearity": 0.002355578735214916,
        "seasonal_strength": 0.8584924842012054,
        "seasonal_correlation": 0.2710547103210423,
        "residual_autocorr_lag1": 0.39274739432107103,
        "spectral_entropy": 6532.036203877084
      },
      "n_series": 1
    },
    {
      "window_idx": 9,
      "history_start": 62000,
      "history_end": 64880,
      "history_length": 2880,
      "metrics": {
        "trend_strength": 0.5571591379438792,
        "trend_linearity": 0.0021902917871753466,
        "seasonal_strength": 0.9357917739321524,
        "seasonal_correlation": 0.14197538589446332,
        "residual_autocorr_lag1": 0.14254094608364196,
        "spectral_entropy": 6759.303066027566
      },
      "n_series": 1
    },
    {
      "window_idx": 10,
      "history_start": 61520,
      "history_end": 64400,
      "history_length": 2880,
      "metrics": {
        "trend_strength": 0.8576476980134823,
        "trend_linearity": 0.00481741346663091,
        "seasonal_strength": 0.9452947496790056,
        "seasonal_correlation": 0.05130474950586161,
        "residual_autocorr_lag1": 0.002712905346305053,
        "spectral_entropy": 5980.215807370104
      },
      "n_series": 1
    },
    {
      "window_idx": 11,
      "history_start": 61040,
      "history_end": 63920,
      "history_length": 2880,
      "metrics": {
        "trend_strength": 0.0,
        "trend_linearity": 0.0004712863036463883,
        "seasonal_strength": 0.9350929230485705,
        "seasonal_correlation": -0.06970301132565031,
        "residual_autocorr_lag1": 0.08698822936731909,
        "spectral_entropy": 5932.550875906084
      },
      "n_series": 1
    },
    {
      "window_idx": 12,
      "history_start": 60560,
      "history_end": 63440,
      "history_length": 2880,
      "metrics": {
        "trend_strength": 0.03300316724788388,
        "trend_linearity": 0.00037949179663423864,
        "seasonal_strength": 0.9712891850729176,
        "seasonal_correlation": 0.0266565579988339,
        "residual_autocorr_lag1": 0.06992861903218461,
        "spectral_entropy": 6639.9842546157815
      },
      "n_series": 1
    },
    {
      "window_idx": 13,
      "history_start": 60080,
      "history_end": 62960,
      "history_length": 2880,
      "metrics": {
        "trend_strength": 0.006228505340428514,