{
  "success": true,
  "dataset": "ETTm2",
  "method": "BM",
  "ratio": 0.2,
  "term": "short",
  "impute_method": "linear",
  "inject_range": {
    "dataset_name": "ETTm2",
    "term": "short",
    "frequency": "T",
    "prediction_length": 48,
    "windows": 20,
    "max_context": 2880,
    "start_index": 65840,
    "end_index": 69632,
    "injection_length": 3792,
    "total_length": 69680
  },
  "period": 1440,
  "n_windows": 20,
  "summary": {
    "mean": {
      "trend_strength": 0.8130671926303579,
      "trend_linearity": 0.0027693349025856547,
      "seasonal_strength": 0.9589562511909587,
      "seasonal_correlation": 0.47894355702190516,
      "residual_autocorr_lag1": 0.11893677798069328,
      "spectral_entropy": 6935.640254315753
    },
    "std": {
      "trend_strength": 0.1385595397405579,
      "trend_linearity": 0.0009574128747498218,
      "seasonal_strength": 0.012307231784132728,
      "seasonal_correlation": 0.1190499231437706,
      "residual_autocorr_lag1": 0.06254065664031554,
      "spectral_entropy": 483.10604817212027
    },
    "min": {
      "trend_strength": 0.5404385734903815,
      "trend_linearity": 0.0013148905636349208,
      "seasonal_strength": 0.9364907655941903,
      "seasonal_correlation": 0.24165346104773264,
      "residual_autocorr_lag1": -0.0002701809546309855,
      "spectral_entropy": 6138.006206794082
    },
    "max": {
      "trend_strength": 0.9564136563877383,
      "trend_linearity": 0.00394800960295993,
      "seasonal_strength": 0.9767228058747627,
      "seasonal_correlation": 0.624756780292286,
      "residual_autocorr_lag1": 0.20725260843096832,
      "spectral_entropy": 7787.775616691446
    }
  },
  "window_results": [
    {
      "window_idx": 0,
      "history_start": 66752,
      "history_end": 69632,
      "history_length": 2880,
      "metrics": {
        "trend_strength": 0.8217180107741483,
        "trend_linearity": 0.001991095981746953,
        "seasonal_strength": 0.9726964811704158,
        "seasonal_correlation": 0.24165346104773264,
        "residual_autocorr_lag1": 0.16659481434297338,
        "spectral_entropy": 7329.497717075779
      },
      "n_series": 1
    },
    {
      "window_idx": 1,
      "history_start": 66704,
      "history_end": 69584,
      "history_length": 2880,
      "metrics": {
        "trend_strength": 0.6012381590317283,
        "trend_linearity": 0.0016375601594033884,
        "seasonal_strength": 0.9364907655941903,
        "seasonal_correlation": 0.335061894477053,
        "residual_autocorr_lag1": 0.1641606191049433,
        "spectral_entropy": 7787.775616691446
      },
      "n_series": 1
    },
    {
      "window_idx": 2,
      "history_start": 66656,
      "history_end": 69536,
      "history_length": 2880,
      "metrics": {
        "trend_strength": 0.6171337751974835,
        "trend_linearity": 0.001546351584467886,
        "seasonal_strength": 0.943888458995106,
        "seasonal_correlation": 0.33510205171859403,
        "residual_autocorr_lag1": 0.17564810970068626,
        "spectral_entropy": 6828.4351631501395
      },
      "n_series": 1
    },
    {
      "window_idx": 3,
      "history_start": 66608,
      "history_end": 69488,
      "history_length": 2880,
      "metrics": {
        "trend_strength": 0.5689711631628109,
        "trend_linearity": 0.0014084926065084788,
        "seasonal_strength": 0.9423684643669786,
        "seasonal_correlation": 0.35367897630462,
        "residual_autocorr_lag1": 0.15320459802704003,
        "spectral_entropy": 7166.930361621224
      },
      "n_series": 1
    },
    {
      "window_idx": 4,
      "history_start": 66560,
      "history_end": 69440,
      "history_length": 2880,
      "metrics": {
        "trend_strength": 0.5404385734903815,
        "trend_linearity": 0.0013148905636349208,
        "seasonal_strength": 0.9494416589349494,
        "seasonal_correlation": 0.35536238720884344,
        "residual_autocorr_lag1": 0.1018765912960361,
        "spectral_entropy": 6155.522628842204
      },
      "n_series": 1
    },
    {
      "window_idx": 5,
      "history_start": 66512,
      "history_end": 69392,
      "history_length": 2880,
      "metrics": {
        "trend_strength": 0.730162295514678,
        "trend_linearity": 0.001512123901776209,
        "seasonal_strength": 0.9736739640242102,
        "seasonal_correlation": 0.3121856982418379,
        "residual_autocorr_lag1": 0.001209727961384084,
        "spectral_entropy": 6138.006206794082
      },
      "n_series": 1
    },
    {
      "window_idx": 6,
      "history_start": 66464,
      "history_end": 69344,
      "history_length": 2880,
      "metrics": {
        "trend_strength": 0.6650495706165989,
        "trend_linearity": 0.0017416472685114863,
        "seasonal_strength": 0.9505838256862305,
        "seasonal_correlation": 0.38827342088836664,
        "residual_autocorr_lag1": 0.1470695470232499,
        "spectral_entropy": 6292.2307384078285
      },
      "n_series": 1
    },
    {
      "window_idx": 7,
      "history_start": 66416,
      "history_end": 69296,
      "history_length": 2880,
      "metrics": {
        "trend_strength": 0.7492889176573234,
        "trend_linearity": 0.002204892877671608,
        "seasonal_strength": 0.946174325682434,
        "seasonal_correlation": 0.41655464405958575,
        "residual_autocorr_lag1": 0.14027503839728248,
        "spectral_entropy": 6518.889678595155
      },
      "n_series": 1
    },
    {
      "window_idx": 8,
      "history_start": 66368,
      "history_end": 69248,
      "history_length": 2880,
      "metrics": {
        "trend_strength": 0.8595656488150127,
        "trend_linearity": 0.0027125092054867237,
        "seasonal_strength": 0.9597619707890747,
        "seasonal_correlation": 0.609449087737303,
        "residual_autocorr_lag1": 0.20725260843096832,
        "spectral_entropy": 6705.869192699158
      },
      "n_series": 1
    },
    {
      "window_idx": 9,
      "history_start": 66320,
      "history_end": 69200,
      "history_length": 2880,
      "metrics": {
        "trend_strength": 0.8793658503679413,
        "trend_linearity": 0.0029890940195854204,
        "seasonal_strength": 0.9610897837373402,
        "seasonal_correlation": 0.5992784227548001,
        "residual_autocorr_lag1": 0.19918149868869192,
        "spectral_entropy": 7469.02095832385
      },
      "n_series": 1
    },
    {
      "window_idx": 10,
      "history_start": 66272,
      "history_end": 69152,
      "history_length": 2880,
      "metrics": {
        "trend_strength": 0.8800819621926754,
        "trend_linearity": 0.003286206862415075,
        "seasonal_strength": 0.9521551365185147,
        "seasonal_correlation": 0.5645284608192895,
        "residual_autocorr_lag1": 0.18391457578243334,
        "spectral_entropy": 7143.755276211652
      },
      "n_series": 1
    },
    {
      "window_idx": 11,
      "history_start": 66224,
      "history_end": 69104,
      "history_length": 2880,
      "metrics": {
        "trend_strength": 0.9343367580147252,
        "trend_linearity": 0.0032603490452933178,
        "seasonal_strength": 0.9759344330591527,
        "seasonal_correlation": 0.524657800961592,
        "residual_autocorr_lag1": -0.0002701809546309855,
        "spectral_entropy": 6622.207631120102
      },
      "n_series": 1
    },
    {
      "window_idx": 12,
      "history_start": 66176,
      "history_end": 69056,
      "history_length": 2880,
      "metrics": {
        "trend_strength": 0.9275215692229658,
        "trend_linearity": 0.003495503897366372,
        "seasonal_strength": 0.9685254077253859,
        "seasonal_correlation": 0.5465769847916698,
        "residual_autocorr_lag1": 0.11990233527025666,
        "spectral_entropy": 7077.833107393415
      },
      "n_series": 1
    },
    {
      "window_idx": 13,
      "history_start": 66128,
      "history_end": 69008,
      "history_length": 2880,
      "metrics": {
        "trend_strength": 0.9492592785812992,