{
  "success": true,
  "dataset": "ETTm1",
  "method": "BM",
  "ratio": 0.2,
  "term": "medium",
  "impute_method": "linear",
  "inject_range": {
    "dataset_name": "ETTm1",
    "term": "medium",
    "frequency": "T",
    "prediction_length": 480,
    "windows": 20,
    "max_context": 2880,
    "start_index": 57200,
    "end_index": 69200,
    "injection_length": 12000,
    "total_length": 69680
  },
  "period": 1440,
  "n_windows": 20,
  "summary": {
    "mean": {
      "trend_strength": 0.5078490332692638,
      "trend_linearity": 0.0005402233472696059,
      "seasonal_strength": 0.9342375548089809,
      "seasonal_correlation": 0.30590496612033313,
      "residual_autocorr_lag1": 0.13160332330542562,
      "spectral_entropy": 7343.245026177719
    },
    "std": {
      "trend_strength": 0.3768789112485799,
      "trend_linearity": 0.0011142986862115575,
      "seasonal_strength": 0.06380615586587796,
      "seasonal_correlation": 0.26244027079642884,
      "residual_autocorr_lag1": 0.14268114671726984,
      "spectral_entropy": 598.248817249556
    },
    "min": {
      "trend_strength": 0.0,
      "trend_linearity": -0.0014978110235087862,
      "seasonal_strength": 0.7468092133849814,
      "seasonal_correlation": -0.23858388161454253,
      "residual_autocorr_lag1": -0.0002424673503304208,
      "spectral_entropy": 5207.604102143421
    },
    "max": {
      "trend_strength": 0.9748713343409227,
      "trend_linearity": 0.0024231528815395515,
      "seasonal_strength": 0.9955794247536205,
      "seasonal_correlation": 0.6764429950796422,
      "residual_autocorr_lag1": 0.5123872482255519,
      "spectral_entropy": 7989.158366753599
    }
  },
  "window_results": [
    {
      "window_idx": 0,
      "history_start": 66320,
      "history_end": 69200,
      "history_length": 2880,
      "metrics": {
        "trend_strength": 0.18466811341667833,
        "trend_linearity": -0.00021835583109390704,
        "seasonal_strength": 0.9529895952397363,
        "seasonal_correlation": 0.526357770115675,
        "residual_autocorr_lag1": 0.0710329587032889,
        "spectral_entropy": 5207.604102143421
      },
      "n_series": 1
    },
    {
      "window_idx": 1,
      "history_start": 65840,
      "history_end": 68720,
      "history_length": 2880,
      "metrics": {
        "trend_strength": 0.4493987879539133,
        "trend_linearity": 0.0004754289957173217,
        "seasonal_strength": 0.9074546601200434,
        "seasonal_correlation": 0.2509092135560012,
        "residual_autocorr_lag1": 0.1196621023023507,
        "spectral_entropy": 6556.918855123764
      },
      "n_series": 1
    },
    {
      "window_idx": 2,
      "history_start": 65360,
      "history_end": 68240,
      "history_length": 2880,
      "metrics": {
        "trend_strength": 0.1261685358313296,
        "trend_linearity": -0.0002199805524896485,
        "seasonal_strength": 0.9400122575547758,
        "seasonal_correlation": 0.30855173504952077,
        "residual_autocorr_lag1": 0.0599106240764121,
        "spectral_entropy": 7153.538367311833
      },
      "n_series": 1
    },
    {
      "window_idx": 3,
      "history_start": 64880,
      "history_end": 67760,
      "history_length": 2880,
      "metrics": {
        "trend_strength": 0.26716668788469566,
        "trend_linearity": -0.00035705481112173866,
        "seasonal_strength": 0.9528951856395732,
        "seasonal_correlation": 0.3503016137853932,
        "residual_autocorr_lag1": 0.06143978475322987,
        "spectral_entropy": 7420.308507194104
      },
      "n_series": 1
    },
    {
      "window_idx": 4,
      "history_start": 64400,
      "history_end": 67280,
      "history_length": 2880,
      "metrics": {
        "trend_strength": 0.7211013833095894,
        "trend_linearity": -0.0014978110235087862,
        "seasonal_strength": 0.9245845212024677,
        "seasonal_correlation": 0.5957817839378086,
        "residual_autocorr_lag1": 0.12526843465079163,
        "spectral_entropy": 7803.662542260833
      },
      "n_series": 1
    },
    {
      "window_idx": 5,
      "history_start": 63920,
      "history_end": 66800,
      "history_length": 2880,
      "metrics": {
        "trend_strength": 0.06314202081759912,
        "trend_linearity": -0.0002571009380189969,
        "seasonal_strength": 0.957822475974072,
        "seasonal_correlation": 0.4802260698096104,
        "residual_autocorr_lag1": 0.10054497223490169,
        "spectral_entropy": 7989.158366753599
      },
      "n_series": 1
    },
    {
      "window_idx": 6,
      "history_start": 63440,
      "history_end": 66320,
      "history_length": 2880,
      "metrics": {
        "trend_strength": 0.044863318375369055,
        "trend_linearity": 9.42229814591142e-05,
        "seasonal_strength": 0.9600023811661691,
        "seasonal_correlation": 0.4397290421113946,
        "residual_autocorr_lag1": 0.028271088940852597,
        "spectral_entropy": 7976.270486628235
      },
      "n_series": 1
    },
    {
      "window_idx": 7,
      "history_start": 62960,
      "history_end": 65840,
      "history_length": 2880,
      "metrics": {
        "trend_strength": 0.8032149109599721,
        "trend_linearity": 0.0008631437198411226,
        "seasonal_strength": 0.9789831843507886,
        "seasonal_correlation": 0.6491232806525142,
        "residual_autocorr_lag1": 0.10144661116879143,
        "spectral_entropy": 7936.05804164487
      },
      "n_series": 1
    },
    {
      "window_idx": 8,
      "history_start": 62480,
      "history_end": 65360,
      "history_length": 2880,
      "metrics": {
        "trend_strength": 0.8763383370314618,
        "trend_linearity": 0.0016959472610424565,
        "seasonal_strength": 0.944301809432355,
        "seasonal_correlation": 0.08730523533141057,
        "residual_autocorr_lag1": 0.12421236262459046,
        "spectral_entropy": 7686.678905232102
      },
      "n_series": 1
    },
    {
      "window_idx": 9,
      "history_start": 62000,
      "history_end": 64880,
      "history_length": 2880,
      "metrics": {
        "trend_strength": 0.850649116971382,
        "trend_linearity": 0.001592279010961933,
        "seasonal_strength": 0.9485040436027513,
        "seasonal_correlation": -0.11989976038661582,
        "residual_autocorr_lag1": 0.0514764633106133,
        "spectral_entropy": 7464.252286361669
      },
      "n_series": 1
    },
    {
      "window_idx": 10,
      "history_start": 61520,
      "history_end": 64400,
      "history_length": 2880,
      "metrics": {
        "trend_strength": 0.9613330889751601,
        "trend_linearity": 0.0024231528815395515,
        "seasonal_strength": 0.977034370618419,
        "seasonal_correlation": -0.23858388161454253,
        "residual_autocorr_lag1": -0.0002424673503304208,
        "spectral_entropy": 7250.530776526681
      },
      "n_series": 1
    },
    {
      "window_idx": 11,
      "history_start": 61040,
      "history_end": 63920,
      "history_length": 2880,
      "metrics": {
        "trend_strength": 0.10419417790851093,
        "trend_linearity": 0.0006173724187170191,
        "seasonal_strength": 0.9105149559748429,
        "seasonal_correlation": -0.13597179605348167,
        "residual_autocorr_lag1": 0.2580381940923071,
        "spectral_entropy": 7058.378687111861
      },
      "n_series": 1
    },
    {
      "window_idx": 12,
      "history_start": 60560,
      "history_end": 63440,
      "history_length": 2880,
      "metrics": {
        "trend_strength": 0.0,
        "trend_linearity": 0.0001074953047747439,
        "seasonal_strength": 0.9201650004200779,
        "seasonal_correlation": -0.09225090155658419,
        "residual_autocorr_lag1": 0.4408553405459375,
        "spectral_entropy": 7038.765776935827
      },
      "n_series": 1
    },
    {
      "window_idx": 13,
      "history_start": 60080,
      "history_end": 62960,
      "history_length": 2880,
      "metrics": {
        "trend_strength": 0.29601293471526924,