{
  "success": true,
  "dataset": "ETTm2",
  "method": "BM",
  "ratio": 0.3,
  "term": "medium",
  "impute_method": "forward",
  "inject_range": {
    "dataset_name": "ETTm2",
    "term": "medium",
    "frequency": "T",
    "prediction_length": 480,
    "windows": 20,
    "max_context": 2880,
    "start_index": 57200,
    "end_index": 69200,
    "injection_length": 12000,
    "total_length": 69680
  },
  "period": 1440,
  "n_windows": 20,
  "summary": {
    "mean": {
      "trend_strength": 0.5470570650417532,
      "trend_linearity": 0.002021076906404213,
      "seasonal_strength": 0.9428018736760985,
      "seasonal_correlation": 0.37546455890729946,
      "residual_autocorr_lag1": 0.15023724328960103,
      "spectral_entropy": 7905.611475080332
    },
    "std": {
      "trend_strength": 0.3486883423607751,
      "trend_linearity": 0.0016923883034070538,
      "seasonal_strength": 0.0490771407348292,
      "seasonal_correlation": 0.22015475606072457,
      "residual_autocorr_lag1": 0.1377464149211049,
      "spectral_entropy": 1197.548836381736
    },
    "min": {
      "trend_strength": 0.0,
      "trend_linearity": -0.001485847334704598,
      "seasonal_strength": 0.7790884100511178,
      "seasonal_correlation": -0.0632861709251584,
      "residual_autocorr_lag1": -0.00011944702135287259,
      "spectral_entropy": 6116.16433672797
    },
    "max": {
      "trend_strength": 0.9487069207370126,
      "trend_linearity": 0.005010541963971604,
      "seasonal_strength": 0.9900287500655102,
      "seasonal_correlation": 0.6958809547169303,
      "residual_autocorr_lag1": 0.5648110776802628,
      "spectral_entropy": 9929.077392863488
    }
  },
  "window_results": [
    {
      "window_idx": 0,
      "history_start": 66320,
      "history_end": 69200,
      "history_length": 2880,
      "metrics": {
        "trend_strength": 0.8038902450094617,
        "trend_linearity": 0.003062302928533378,
        "seasonal_strength": 0.9299858692063961,
        "seasonal_correlation": 0.36198235523001476,
        "residual_autocorr_lag1": 0.041037162713098256,
        "spectral_entropy": 9929.077392863488
      },
      "n_series": 1
    },
    {
      "window_idx": 1,
      "history_start": 65840,
      "history_end": 68720,
      "history_length": 2880,
      "metrics": {
        "trend_strength": 0.8677399214232189,
        "trend_linearity": 0.0033141367068524343,
        "seasonal_strength": 0.9496402838135055,
        "seasonal_correlation": 0.3256961572500138,
        "residual_autocorr_lag1": 0.09284475330488487,
        "spectral_entropy": 9344.45973544669
      },
      "n_series": 1
    },
    {
      "window_idx": 2,
      "history_start": 65360,
      "history_end": 68240,
      "history_length": 2880,
      "metrics": {
        "trend_strength": 0.025536384747656626,
        "trend_linearity": 0.0011196595255369513,
        "seasonal_strength": 0.8635483916631737,
        "seasonal_correlation": 0.21363140383913976,
        "residual_autocorr_lag1": 0.30330409048117285,
        "spectral_entropy": 9795.084734788554
      },
      "n_series": 1
    },
    {
      "window_idx": 3,
      "history_start": 64880,
      "history_end": 67760,
      "history_length": 2880,
      "metrics": {
        "trend_strength": 0.006970531912359967,
        "trend_linearity": -0.00011212530543942331,
        "seasonal_strength": 0.9561833779246566,
        "seasonal_correlation": 0.182782442872296,
        "residual_autocorr_lag1": 0.08744033971902289,
        "spectral_entropy": 9481.381612651101
      },
      "n_series": 1
    },
    {
      "window_idx": 4,
      "history_start": 64400,
      "history_end": 67280,
      "history_length": 2880,
      "metrics": {
        "trend_strength": 0.3559154251373241,
        "trend_linearity": -0.0009569036728782297,
        "seasonal_strength": 0.9727650351372752,
        "seasonal_correlation": 0.3934050349663187,
        "residual_autocorr_lag1": 0.04811830741339252,
        "spectral_entropy": 9564.060467481377
      },
      "n_series": 1
    },
    {
      "window_idx": 5,
      "history_start": 63920,
      "history_end": 66800,
      "history_length": 2880,
      "metrics": {
        "trend_strength": 0.8288833450651237,
        "trend_linearity": 0.0015348759150798186,
        "seasonal_strength": 0.9900287500655102,
        "seasonal_correlation": 0.5620883657830928,
        "residual_autocorr_lag1": 0.10747704995614629,
        "spectral_entropy": 9160.687493511748
      },
      "n_series": 1
    },
    {
      "window_idx": 6,
      "history_start": 63440,
      "history_end": 66320,
      "history_length": 2880,
      "metrics": {
        "trend_strength": 0.6258724397715185,
        "trend_linearity": 0.0020454813143210163,
        "seasonal_strength": 0.9483385687362746,
        "seasonal_correlation": 0.6134184381839672,
        "residual_autocorr_lag1": 0.22432445704848747,
        "spectral_entropy": 8111.2164210631545
      },
      "n_series": 1
    },
    {
      "window_idx": 7,
      "history_start": 62960,
      "history_end": 65840,
      "history_length": 2880,
      "metrics": {
        "trend_strength": 0.2931780216740163,
        "trend_linearity": 0.0018151151582014426,
        "seasonal_strength": 0.9253508967418766,
        "seasonal_correlation": 0.5881221688040242,
        "residual_autocorr_lag1": 0.36427854463499926,
        "spectral_entropy": 8006.230575948426
      },
      "n_series": 1
    },
    {
      "window_idx": 8,
      "history_start": 62480,
      "history_end": 65360,
      "history_length": 2880,
      "metrics": {
        "trend_strength": 0.5992689947255937,
        "trend_linearity": 0.00242657635016677,
        "seasonal_strength": 0.881147852066256,
        "seasonal_correlation": 0.24231650328745624,
        "residual_autocorr_lag1": 0.3179850856772833,
        "spectral_entropy": 7362.660174183774
      },
      "n_series": 1
    },
    {
      "window_idx": 9,
      "history_start": 62000,
      "history_end": 64880,
      "history_length": 2880,
      "metrics": {
        "trend_strength": 0.5774785047287496,
        "trend_linearity": 0.0021448613209116047,
        "seasonal_strength": 0.9450755212209245,
        "seasonal_correlation": 0.13518967470950452,
        "residual_autocorr_lag1": 0.17812180079349385,
        "spectral_entropy": 7493.7996326770235
      },
      "n_series": 1
    },
    {
      "window_idx": 10,
      "history_start": 61520,
      "history_end": 64400,
      "history_length": 2880,
      "metrics": {
        "trend_strength": 0.8898264264379092,
        "trend_linearity": 0.004737102440125071,
        "seasonal_strength": 0.9591065207843177,
        "seasonal_correlation": 0.02910183156324148,
        "residual_autocorr_lag1": -0.00011944702135287259,
        "spectral_entropy": 7187.9406693874935
      },
      "n_series": 1
    },
    {
      "window_idx": 11,
      "history_start": 61040,
      "history_end": 63920,
      "history_length": 2880,
      "metrics": {
        "trend_strength": 0.0,
        "trend_linearity": 0.00045262965117395386,
        "seasonal_strength": 0.9465233062277113,
        "seasonal_correlation": -0.0632861709251584,
        "residual_autocorr_lag1": 0.09238846949125841,
        "spectral_entropy": 6621.194185382537
      },
      "n_series": 1
    },
    {
      "window_idx": 12,
      "history_start": 60560,
      "history_end": 63440,
      "history_length": 2880,
      "metrics": {
        "trend_strength": 0.05565288161574078,
        "trend_linearity": 0.0006236692667173405,
        "seasonal_strength": 0.9626739743834788,
        "seasonal_correlation": 0.05162477392511846,
        "residual_autocorr_lag1": 0.08639408448854714,
        "spectral_entropy": 7018.715100351839
      },
      "n_series": 1
    },
    {
      "window_idx": 13,
      "history_start": 60080,
      "history_end": 62960,
      "history_length": 2880,
      "metrics": {
        "trend_strength": 0.0,