{
  "success": true,
  "dataset": "exchange_rate",
  "method": "BM",
  "ratio": 0.1,
  "term": "long",
  "impute_method": "forward",
  "inject_range": {
    "dataset_name": "exchange_rate",
    "term": "long",
    "frequency": "D",
    "prediction_length": 450,
    "windows": 11,
    "max_context": 2880,
    "start_index": 0,
    "end_index": 7138,
    "injection_length": 7138,
    "total_length": 7588
  },
  "period": 7,
  "n_windows": 11,
  "summary": {
    "mean": {
      "trend_strength": 0.9953221957509548,
      "trend_linearity": 3.483179168449739e-05,
      "seasonal_strength": 0.007191175075488014,
      "seasonal_correlation": 0.013625857840642974,
      "residual_autocorr_lag1": 0.6043676837069856,
      "spectral_entropy": -4185.051456899132
    },
    "std": {
      "trend_strength": 0.0032674600347789933,
      "trend_linearity": 5.425569633681874e-05,
      "seasonal_strength": 0.01016435269687991,
      "seasonal_correlation": 0.011052250494303402,
      "residual_autocorr_lag1": 0.022854204289122874,
      "spectral_entropy": 794.5718479960766
    },
    "min": {
      "trend_strength": 0.9886814895700037,
      "trend_linearity": -5.355019823388787e-05,
      "seasonal_strength": 0.0,
      "seasonal_correlation": 0.0016979105539049614,
      "residual_autocorr_lag1": 0.5707026058693081,
      "spectral_entropy": -5257.7672437878755
    },
    "max": {
      "trend_strength": 0.9982608456880522,
      "trend_linearity": 0.00010554489203367336,
      "seasonal_strength": 0.025522923303186618,
      "seasonal_correlation": 0.03485555755813933,
      "residual_autocorr_lag1": 0.6497757768509472,
      "spectral_entropy": -2657.1090816559663
    }
  },
  "window_results": [
    {
      "window_idx": 0,
      "history_start": 4258,
      "history_end": 7138,
      "history_length": 2880,
      "metrics": {
        "trend_strength": 0.9886814895700037,
        "trend_linearity": 4.443603871026946e-05,
        "seasonal_strength": 0.0,
        "seasonal_correlation": 0.006562348070422381,
        "residual_autocorr_lag1": 0.6497757768509472,
        "spectral_entropy": -4208.779416252636
      },
      "n_series": 1
    },
    {
      "window_idx": 1,
      "history_start": 3808,
      "history_end": 6688,
      "history_length": 2880,
      "metrics": {
        "trend_strength": 0.9917829881870898,
        "trend_linearity": 6.960688395858787e-05,
        "seasonal_strength": 0.0,
        "seasonal_correlation": 0.01310279659733435,
        "residual_autocorr_lag1": 0.6373588354802059,
        "spectral_entropy": -3727.1466082288684
      },
      "n_series": 1
    },
    {
      "window_idx": 2,
      "history_start": 3358,
      "history_end": 6238,
      "history_length": 2880,
      "metrics": {
        "trend_strength": 0.9902755272444113,
        "trend_linearity": 5.6700236701050825e-05,
        "seasonal_strength": 0.0,
        "seasonal_correlation": 0.011293301806460584,
        "residual_autocorr_lag1": 0.6160959292377265,
        "spectral_entropy": -3063.944636350595
      },
      "n_series": 1
    },
    {
      "window_idx": 3,
      "history_start": 2908,
      "history_end": 5788,
      "history_length": 2880,
      "metrics": {
        "trend_strength": 0.9953742230574139,
        "trend_linearity": 8.442741621217517e-05,
        "seasonal_strength": 0.0,
        "seasonal_correlation": 0.014917130540313099,
        "residual_autocorr_lag1": 0.5977892960094983,
        "spectral_entropy": -2657.1090816559663
      },
      "n_series": 1
    },
    {
      "window_idx": 4,
      "history_start": 2458,
      "history_end": 5338,
      "history_length": 2880,
      "metrics": {
        "trend_strength": 0.9968125208278765,
        "trend_linearity": 0.00010554489203367336,
        "seasonal_strength": 0.0,
        "seasonal_correlation": 0.03485555755813933,
        "residual_autocorr_lag1": 0.5867056828067189,
        "spectral_entropy": -3728.2085805724096
      },
      "n_series": 1
    },
    {
      "window_idx": 5,
      "history_start": 2008,
      "history_end": 4888,
      "history_length": 2880,
      "metrics": {
        "trend_strength": 0.9969565716560324,
        "trend_linearity": 0.00010328910604377948,
        "seasonal_strength": 0.0,
        "seasonal_correlation": 0.03452274187510651,
        "residual_autocorr_lag1": 0.6134703107857454,
        "spectral_entropy": -4312.725953097524
      },
      "n_series": 1
    },
    {
      "window_idx": 6,
      "history_start": 1558,
      "history_end": 4438,
      "history_length": 2880,
      "metrics": {
        "trend_strength": 0.9978619527498304,
        "trend_linearity": 4.0519828288493324e-05,
        "seasonal_strength": 0.025522923303186618,
        "seasonal_correlation": 0.017655185413000173,
        "residual_autocorr_lag1": 0.5906807353601256,
        "spectral_entropy": -4865.880558193359
      },
      "n_series": 1
    },
    {
      "window_idx": 7,
      "history_start": 1108,
      "history_end": 3988,
      "history_length": 2880,
      "metrics": {
        "trend_strength": 0.9979938323069237,
        "trend_linearity": -8.846354793016267e-06,
        "seasonal_strength": 0.02504370096041053,
        "seasonal_correlation": 0.00862976285290879,
        "residual_autocorr_lag1": 0.5707026058693081,
        "spectral_entropy": -4836.472653362098
      },
      "n_series": 1
    },
    {
      "window_idx": 8,
      "history_start": 658,
      "history_end": 3538,
      "history_length": 2880,
      "metrics": {
        "trend_strength": 0.9978300086885812,
        "trend_linearity": -4.41242947106942e-05,
        "seasonal_strength": 0.017393121707420356,
        "seasonal_correlation": 0.0016979105539049614,
        "residual_autocorr_lag1": 0.6105538263355357,
        "spectral_entropy": -5120.0435186540635
      },
      "n_series": 1
    },
    {
      "window_idx": 9,
      "history_start": 208,
      "history_end": 3088,
      "history_length": 2880,
      "metrics": {
        "trend_strength": 0.9982608456880522,
        "trend_linearity": -5.355019823388787e-05,
        "seasonal_strength": 0.01114317985935065,
        "seasonal_correlation": 0.004605390394190246,
        "residual_autocorr_lag1": 0.5941098766427032,
        "spectral_entropy": -5257.7672437878755
      },
      "n_series": 1
    },
    {
      "window_idx": 10,
      "history_start": 0,
      "history_end": 2638,
      "history_length": 2638,
      "metrics": {
        "trend_strength": 0.9967141932842875,
        "trend_linearity": -1.4853845680959893e-05,
        "seasonal_strength": 0.0,
        "seasonal_correlation": 0.0020423105852922473,
        "residual_autocorr_lag1": 0.5808016453983276,
        "spectral_entropy": -4257.4877757350605
      },
      "n_series": 1
    }
  ]
}