{
  "success": true,
  "dataset": "exchange_rate",
  "method": "BM",
  "ratio": 0.3,
  "term": "short",
  "impute_method": "forward",
  "inject_range": {
    "dataset_name": "exchange_rate",
    "term": "short",
    "frequency": "D",
    "prediction_length": 30,
    "windows": 20,
    "max_context": 2880,
    "start_index": 4108,
    "end_index": 7558,
    "injection_length": 3450,
    "total_length": 7588
  },
  "period": 7,
  "n_windows": 20,
  "summary": {
    "mean": {
      "trend_strength": 0.9882426134974096,
      "trend_linearity": 3.2186552045758905e-05,
      "seasonal_strength": 0.0,
      "seasonal_correlation": 0.006215352161370077,
      "residual_autocorr_lag1": 0.6473017126554522,
      "spectral_entropy": -4063.6886137865235
    },
    "std": {
      "trend_strength": 0.0006823946826327236,
      "trend_linearity": 1.564775816387371e-05,
      "seasonal_strength": 0.0,
      "seasonal_correlation": 0.002649955706633239,
      "residual_autocorr_lag1": 0.011770693806618562,
      "spectral_entropy": 83.30788842506813
    },
    "min": {
      "trend_strength": 0.9871962952188821,
      "trend_linearity": 1.6461410826892186e-05,
      "seasonal_strength": 0.0,
      "seasonal_correlation": 0.0005515453082923337,
      "residual_autocorr_lag1": 0.6164810324921326,
      "spectral_entropy": -4221.056205892896
    },
    "max": {
      "trend_strength": 0.9897210255945172,
      "trend_linearity": 6.2834607535355e-05,
      "seasonal_strength": 0.0,
      "seasonal_correlation": 0.01139477362943642,
      "residual_autocorr_lag1": 0.671075123023968,
      "spectral_entropy": -3888.8015894783243
    }
  },
  "window_results": [
    {
      "window_idx": 0,
      "history_start": 4678,
      "history_end": 7558,
      "history_length": 2880,
      "metrics": {
        "trend_strength": 0.9873755565347704,
        "trend_linearity": 1.729329964334708e-05,
        "seasonal_strength": 0.0,
        "seasonal_correlation": 0.0005515453082923337,
        "residual_autocorr_lag1": 0.6421980243617795,
        "spectral_entropy": -4221.056205892896
      },
      "n_series": 1
    },
    {
      "window_idx": 1,
      "history_start": 4648,
      "history_end": 7528,
      "history_length": 2880,
      "metrics": {
        "trend_strength": 0.9876778668446633,
        "trend_linearity": 1.7153783484452893e-05,
        "seasonal_strength": 0.0,
        "seasonal_correlation": 0.0037349708626701235,
        "residual_autocorr_lag1": 0.6409250223742313,
        "spectral_entropy": -4148.785997942966
      },
      "n_series": 1
    },
    {
      "window_idx": 2,
      "history_start": 4618,
      "history_end": 7498,
      "history_length": 2880,
      "metrics": {
        "trend_strength": 0.9878914533868205,
        "trend_linearity": 1.6759593735546676e-05,
        "seasonal_strength": 0.0,
        "seasonal_correlation": 0.0048448266510590626,
        "residual_autocorr_lag1": 0.6512707929190156,
        "spectral_entropy": -4129.699011855406
      },
      "n_series": 1
    },
    {
      "window_idx": 3,
      "history_start": 4588,
      "history_end": 7468,
      "history_length": 2880,
      "metrics": {
        "trend_strength": 0.9894360340674336,
        "trend_linearity": 1.6461410826892186e-05,
        "seasonal_strength": 0.0,
        "seasonal_correlation": 0.006418028941994903,
        "residual_autocorr_lag1": 0.6323961051058115,
        "spectral_entropy": -4154.14134509022
      },
      "n_series": 1
    },
    {
      "window_idx": 4,
      "history_start": 4558,
      "history_end": 7438,
      "history_length": 2880,
      "metrics": {
        "trend_strength": 0.9888285225891016,
        "trend_linearity": 1.7002762873314437e-05,
        "seasonal_strength": 0.0,
        "seasonal_correlation": 0.004267486261292293,
        "residual_autocorr_lag1": 0.6407408611410322,
        "spectral_entropy": -4160.701757599607
      },
      "n_series": 1
    },
    {
      "window_idx": 5,
      "history_start": 4528,
      "history_end": 7408,
      "history_length": 2880,
      "metrics": {
        "trend_strength": 0.9878025006103573,
        "trend_linearity": 1.730441628180731e-05,
        "seasonal_strength": 0.0,
        "seasonal_correlation": 0.0033476960275718405,
        "residual_autocorr_lag1": 0.6294784937351738,
        "spectral_entropy": -4118.872680892174
      },
      "n_series": 1
    },
    {
      "window_idx": 6,
      "history_start": 4498,
      "history_end": 7378,
      "history_length": 2880,
      "metrics": {
        "trend_strength": 0.9880736237293629,
        "trend_linearity": 1.9247861389285137e-05,
        "seasonal_strength": 0.0,
        "seasonal_correlation": 0.01139477362943642,
        "residual_autocorr_lag1": 0.6424975050460656,
        "spectral_entropy": -4157.696521288087
      },
      "n_series": 1
    },
    {
      "window_idx": 7,
      "history_start": 4468,
      "history_end": 7348,
      "history_length": 2880,
      "metrics": {
        "trend_strength": 0.9875835054503116,
        "trend_linearity": 2.0754333265833395e-05,
        "seasonal_strength": 0.0,
        "seasonal_correlation": 0.007552206110978507,
        "residual_autocorr_lag1": 0.6164810324921326,
        "spectral_entropy": -3888.8015894783243
      },
      "n_series": 1
    },
    {
      "window_idx": 8,
      "history_start": 4438,
      "history_end": 7318,
      "history_length": 2880,
      "metrics": {
        "trend_strength": 0.9877658235688981,
        "trend_linearity": 2.263016529840821e-05,
        "seasonal_strength": 0.0,
        "seasonal_correlation": 0.008865376416102713,
        "residual_autocorr_lag1": 0.6575495750352194,
        "spectral_entropy": -4052.914017325697
      },
      "n_series": 1
    },
    {
      "window_idx": 9,
      "history_start": 4408,
      "history_end": 7288,
      "history_length": 2880,
      "metrics": {
        "trend_strength": 0.9871962952188821,
        "trend_linearity": 2.510546499118403e-05,
        "seasonal_strength": 0.0,
        "seasonal_correlation": 0.004292029478636771,
        "residual_autocorr_lag1": 0.671075123023968,
        "spectral_entropy": -4009.8575920411886
      },
      "n_series": 1
    },
    {
      "window_idx": 10,
      "history_start": 4378,
      "history_end": 7258,
      "history_length": 2880,
      "metrics": {
        "trend_strength": 0.9880019662933959,
        "trend_linearity": 2.8418454734839554e-05,
        "seasonal_strength": 0.0,
        "seasonal_correlation": 0.005446564179317913,
        "residual_autocorr_lag1": 0.6441969423971973,
        "spectral_entropy": -4013.7275339725575
      },
      "n_series": 1
    },
    {
      "window_idx": 11,
      "history_start": 4348,
      "history_end": 7228,
      "history_length": 2880,
      "metrics": {
        "trend_strength": 0.9879608247880636,
        "trend_linearity": 3.173661314406707e-05,
        "seasonal_strength": 0.0,
        "seasonal_correlation": 0.0023216515138771055,
        "residual_autocorr_lag1": 0.6449348133586047,
        "spectral_entropy": -4063.200632308498
      },
      "n_series": 1
    },
    {
      "window_idx": 12,
      "history_start": 4318,
      "history_end": 7198,
      "history_length": 2880,
      "metrics": {
        "trend_strength": 0.9877150697011688,
        "trend_linearity": 3.4909878820592525e-05,
        "seasonal_strength": 0.0,
        "seasonal_correlation": 0.005027497554241146,
        "residual_autocorr_lag1": 0.6589806896353424,
        "spectral_entropy": -4047.093024560063
      },
      "n_series": 1
    },
    {
      "window_idx": 13,
      "history_start": 4288,
      "history_end": 7168,
      "history_length": 2880,
      "metrics": {
        "trend_strength": 0.9883717086868867,
        "trend_linearity": 3.832803887934553e-05,
        "seasonal_strength": 0.0,
        "seasonal_correlation": 0.009266063230554074,
        "residual_autocorr_lag1": 0.6495360204913722,