{
  "success": true,
  "dataset": "exchange_rate",
  "method": "BM",
  "ratio": 0.2,
  "term": "long",
  "impute_method": "forward",
  "inject_range": {
    "dataset_name": "exchange_rate",
    "term": "long",
    "frequency": "D",
    "prediction_length": 450,
    "windows": 11,
    "max_context": 2880,
    "start_index": 0,
    "end_index": 7138,
    "injection_length": 7138,
    "total_length": 7588
  },
  "period": 7,
  "n_windows": 11,
  "summary": {
    "mean": {
      "trend_strength": 0.9950468007117138,
      "trend_linearity": 3.423419547819933e-05,
      "seasonal_strength": 0.006890393376603243,
      "seasonal_correlation": 0.012703192048092159,
      "residual_autocorr_lag1": 0.6085954674515831,
      "spectral_entropy": -4205.612009058664
    },
    "std": {
      "trend_strength": 0.0037344382510778183,
      "trend_linearity": 5.369878963091002e-05,
      "seasonal_strength": 0.009517942816486638,
      "seasonal_correlation": 0.010039163447363716,
      "residual_autocorr_lag1": 0.034861278224756785,
      "spectral_entropy": 817.8946430604997
    },
    "min": {
      "trend_strength": 0.9883506577926043,
      "trend_linearity": -5.32876110559912e-05,
      "seasonal_strength": 0.0,
      "seasonal_correlation": 0.0010401778545862208,
      "residual_autocorr_lag1": 0.5630012062877099,
      "spectral_entropy": -5315.9891879665165
    },
    "max": {
      "trend_strength": 0.9983878258686254,
      "trend_linearity": 0.00010421143375329906,
      "seasonal_strength": 0.02252104957014678,
      "seasonal_correlation": 0.03659078554222253,
      "residual_autocorr_lag1": 0.6792410990142342,
      "spectral_entropy": -2456.9802730681763
    }
  },
  "window_results": [
    {
      "window_idx": 0,
      "history_start": 4258,
      "history_end": 7138,
      "history_length": 2880,
      "metrics": {
        "trend_strength": 0.9904382997666087,
        "trend_linearity": 4.460030723624718e-05,
        "seasonal_strength": 0.0,
        "seasonal_correlation": 0.0019401422970519893,
        "residual_autocorr_lag1": 0.5836488833416122,
        "spectral_entropy": -4176.0187307502
      },
      "n_series": 1
    },
    {
      "window_idx": 1,
      "history_start": 3808,
      "history_end": 6688,
      "history_length": 2880,
      "metrics": {
        "trend_strength": 0.9883506577926043,
        "trend_linearity": 6.871568189964367e-05,
        "seasonal_strength": 0.0,
        "seasonal_correlation": 0.016698827319497844,
        "residual_autocorr_lag1": 0.6792410990142342,
        "spectral_entropy": -3753.7495652149455
      },
      "n_series": 1
    },
    {
      "window_idx": 2,
      "history_start": 3358,
      "history_end": 6238,
      "history_length": 2880,
      "metrics": {
        "trend_strength": 0.988701959072167,
        "trend_linearity": 5.405743701622337e-05,
        "seasonal_strength": 0.0,
        "seasonal_correlation": 0.016806339470599847,
        "residual_autocorr_lag1": 0.6676757256442177,
        "spectral_entropy": -3337.1666790831546
      },
      "n_series": 1
    },
    {
      "window_idx": 3,
      "history_start": 2908,
      "history_end": 5788,
      "history_length": 2880,
      "metrics": {
        "trend_strength": 0.9950286649515186,
        "trend_linearity": 8.347070893237769e-05,
        "seasonal_strength": 0.0,
        "seasonal_correlation": 0.011855769350465029,
        "residual_autocorr_lag1": 0.6242631827723485,
        "spectral_entropy": -2456.9802730681763
      },
      "n_series": 1
    },
    {
      "window_idx": 4,
      "history_start": 2458,
      "history_end": 5338,
      "history_length": 2880,
      "metrics": {
        "trend_strength": 0.996869737259582,
        "trend_linearity": 0.00010421143375329906,
        "seasonal_strength": 0.0,
        "seasonal_correlation": 0.021594245804741913,
        "residual_autocorr_lag1": 0.5856687362158055,
        "spectral_entropy": -3697.5043600651243
      },
      "n_series": 1
    },
    {
      "window_idx": 5,
      "history_start": 2008,
      "history_end": 4888,
      "history_length": 2880,
      "metrics": {
        "trend_strength": 0.9969163406002254,
        "trend_linearity": 0.00010238601837629276,
        "seasonal_strength": 0.0,
        "seasonal_correlation": 0.03659078554222253,
        "residual_autocorr_lag1": 0.6200806249398333,
        "spectral_entropy": -4300.236469846338
      },
      "n_series": 1
    },
    {
      "window_idx": 6,
      "history_start": 1558,
      "history_end": 4438,
      "history_length": 2880,
      "metrics": {
        "trend_strength": 0.997921630121634,
        "trend_linearity": 3.9926285903852923e-05,
        "seasonal_strength": 0.021968103185518117,
        "seasonal_correlation": 0.016170724862470218,
        "residual_autocorr_lag1": 0.5850039064799141,
        "spectral_entropy": -4883.998399709988
      },
      "n_series": 1
    },
    {
      "window_idx": 7,
      "history_start": 1108,
      "history_end": 3988,
      "history_length": 2880,
      "metrics": {
        "trend_strength": 0.9980448784603099,
        "trend_linearity": -9.15223526677357e-06,
        "seasonal_strength": 0.020065869234938027,
        "seasonal_correlation": 0.008616368860471377,
        "residual_autocorr_lag1": 0.5630012062877099,
        "spectral_entropy": -4868.792416660195
      },
      "n_series": 1
    },
    {
      "window_idx": 8,
      "history_start": 658,
      "history_end": 3538,
      "history_length": 2880,
      "metrics": {
        "trend_strength": 0.9979293788316639,
        "trend_linearity": -4.413441238110135e-05,
        "seasonal_strength": 0.011239305152032752,
        "seasonal_correlation": 0.0010401778545862208,
        "residual_autocorr_lag1": 0.6010729838601987,
        "spectral_entropy": -5171.27693808249
      },
      "n_series": 1
    },
    {
      "window_idx": 9,
      "history_start": 208,
      "history_end": 3088,
      "history_length": 2880,
      "metrics": {
        "trend_strength": 0.9983878258686254,
        "trend_linearity": -5.32876110559912e-05,
        "seasonal_strength": 0.02252104957014678,
        "seasonal_correlation": 0.004763839233332226,
        "residual_autocorr_lag1": 0.6010556626883492,
        "spectral_entropy": -5315.9891879665165
      },
      "n_series": 1
    },
    {
      "window_idx": 10,
      "history_start": 0,
      "history_end": 2638,
      "history_length": 2638,
      "metrics": {
        "trend_strength": 0.9969254351039134,
        "trend_linearity": -1.4217464153877959e-05,
        "seasonal_strength": 0.0,
        "seasonal_correlation": 0.003657891933574538,
        "residual_autocorr_lag1": 0.5838381307231904,
        "spectral_entropy": -4300.019079198184
      },
      "n_series": 1
    }
  ]
}