{
  "success": true,
  "dataset": "traffic",
  "method": "BM",
  "ratio": 0.3,
  "term": "medium",
  "impute_method": "linear",
  "inject_range": {
    "dataset_name": "traffic",
    "term": "medium",
    "frequency": "H",
    "prediction_length": 480,
    "windows": 20,
    "max_context": 2880,
    "start_index": 5064,
    "end_index": 17064,
    "injection_length": 12000,
    "total_length": 17544
  },
  "period": 24,
  "n_windows": 20,
  "summary": {
    "mean": {
      "trend_strength": 0.5516482525908519,
      "trend_linearity": 9.238820161271972e-07,
      "seasonal_strength": 0.7925924710756039,
      "seasonal_correlation": 0.6924052935519208,
      "residual_autocorr_lag1": 0.7088239576276271,
      "spectral_entropy": -6888.352004084011
    },
    "std": {
      "trend_strength": 0.2579510524756116,
      "trend_linearity": 1.4335237346311092e-06,
      "seasonal_strength": 0.27671463710914007,
      "seasonal_correlation": 0.3837344505963094,
      "residual_autocorr_lag1": 0.1005536367758316,
      "spectral_entropy": 2507.247089873314
    },
    "min": {
      "trend_strength": 0.2886196592582856,
      "trend_linearity": -1.5229453987284812e-06,
      "seasonal_strength": 0.0,
      "seasonal_correlation": 0.014989153254596857,
      "residual_autocorr_lag1": 0.5675701957231812,
      "spectral_entropy": -14548.420471081878
    },
    "max": {
      "trend_strength": 0.9955037735143468,
      "trend_linearity": 3.491811807790895e-06,
      "seasonal_strength": 0.9396834994014976,
      "seasonal_correlation": 0.9821567518019345,
      "residual_autocorr_lag1": 0.9460986569360752,
      "spectral_entropy": -5052.4385277786805
    }
  },
  "window_results": [
    {
      "window_idx": 0,
      "history_start": 14184,
      "history_end": 17064,
      "history_length": 2880,
      "metrics": {
        "trend_strength": 0.9955037735143468,
        "trend_linearity": 3.491811807790895e-06,
        "seasonal_strength": 0.0,
        "seasonal_correlation": 0.0980546516480648,
        "residual_autocorr_lag1": 0.9460986569360752,
        "spectral_entropy": -13825.375130001852
      },
      "n_series": 1
    },
    {
      "window_idx": 1,
      "history_start": 13704,
      "history_end": 16584,
      "history_length": 2880,
      "metrics": {
        "trend_strength": 0.9947506007620671,
        "trend_linearity": 2.87221171125685e-06,
        "seasonal_strength": 0.0,
        "seasonal_correlation": 0.06015656674854156,
        "residual_autocorr_lag1": 0.9122924663729828,
        "spectral_entropy": -14548.420471081878
      },
      "n_series": 1
    },
    {
      "window_idx": 2,
      "history_start": 13224,
      "history_end": 16104,
      "history_length": 2880,
      "metrics": {
        "trend_strength": 0.9675781796387578,
        "trend_linearity": -1.4368899628752853e-07,
        "seasonal_strength": 0.6467081434079052,
        "seasonal_correlation": 0.051855533179355706,
        "residual_autocorr_lag1": 0.6744426578632157,
        "spectral_entropy": -7465.690834571807
      },
      "n_series": 1
    },
    {
      "window_idx": 3,
      "history_start": 12744,
      "history_end": 15624,
      "history_length": 2880,
      "metrics": {
        "trend_strength": 0.9116918513559682,
        "trend_linearity": -1.5229453987284812e-06,
        "seasonal_strength": 0.7096864220284536,
        "seasonal_correlation": 0.014989153254596857,
        "residual_autocorr_lag1": 0.7129559478932537,
        "spectral_entropy": -6981.371955584715
      },
      "n_series": 1
    },
    {
      "window_idx": 4,
      "history_start": 12264,
      "history_end": 15144,
      "history_length": 2880,
      "metrics": {
        "trend_strength": 0.8666233255632444,
        "trend_linearity": -1.484190593602527e-06,
        "seasonal_strength": 0.78128608317009,
        "seasonal_correlation": 0.17322326462589988,
        "residual_autocorr_lag1": 0.7744725396887707,
        "spectral_entropy": -6260.236725818204
      },
      "n_series": 1
    },
    {
      "window_idx": 5,
      "history_start": 11784,
      "history_end": 14664,
      "history_length": 2880,
      "metrics": {
        "trend_strength": 0.8002088123459434,
        "trend_linearity": -3.658706756192906e-08,
        "seasonal_strength": 0.812891988291557,
        "seasonal_correlation": 0.37498292972437963,
        "residual_autocorr_lag1": 0.8407817290858759,
        "spectral_entropy": -6057.735925414327
      },
      "n_series": 1
    },
    {
      "window_idx": 6,
      "history_start": 11304,
      "history_end": 14184,
      "history_length": 2880,
      "metrics": {
        "trend_strength": 0.6665347240931595,
        "trend_linearity": 2.5049230238489037e-06,
        "seasonal_strength": 0.8305433025618048,
        "seasonal_correlation": 0.5877037133697833,
        "residual_autocorr_lag1": 0.7770715681704269,
        "spectral_entropy": -5113.320785414873
      },
      "n_series": 1
    },
    {
      "window_idx": 7,
      "history_start": 10824,
      "history_end": 13704,
      "history_length": 2880,
      "metrics": {
        "trend_strength": 0.5054106621985459,
        "trend_linearity": 2.8489605609811935e-06,
        "seasonal_strength": 0.8653621965199081,
        "seasonal_correlation": 0.8851376504454839,
        "residual_autocorr_lag1": 0.765801416923035,
        "spectral_entropy": -5052.4385277786805
      },
      "n_series": 1
    },
    {
      "window_idx": 8,
      "history_start": 10344,
      "history_end": 13224,
      "history_length": 2880,
      "metrics": {
        "trend_strength": 0.2886196592582856,
        "trend_linearity": 9.753715279272874e-07,
        "seasonal_strength": 0.9226926529037928,
        "seasonal_correlation": 0.9536635884704164,
        "residual_autocorr_lag1": 0.5963634236970538,
        "spectral_entropy": -5258.472824981498
      },
      "n_series": 1
    },
    {
      "window_idx": 9,
      "history_start": 9864,
      "history_end": 12744,
      "history_length": 2880,
      "metrics": {
        "trend_strength": 0.28865957776457296,
        "trend_linearity": 1.5751672565002693e-06,
        "seasonal_strength": 0.9233624571486527,
        "seasonal_correlation": 0.9701675701024224,
        "residual_autocorr_lag1": 0.5898196191469183,
        "spectral_entropy": -5350.767346996653
      },
      "n_series": 1
    },
    {
      "window_idx": 10,
      "history_start": 9384,
      "history_end": 12264,
      "history_length": 2880,
      "metrics": {
        "trend_strength": 0.3272892393898089,
        "trend_linearity": 2.0462427950708364e-06,
        "seasonal_strength": 0.930046537169578,
        "seasonal_correlation": 0.9654193751721662,
        "residual_autocorr_lag1": 0.5712535562385044,
        "spectral_entropy": -5586.132765172846
      },
      "n_series": 1
    },
    {
      "window_idx": 11,
      "history_start": 8904,
      "history_end": 11784,
      "history_length": 2880,
      "metrics": {
        "trend_strength": 0.35375862242458134,
        "trend_linearity": 2.1858881175342462e-06,
        "seasonal_strength": 0.9302904408480281,
        "seasonal_correlation": 0.9643949275159108,
        "residual_autocorr_lag1": 0.5675701957231812,
        "spectral_entropy": -5540.922836178601
      },
      "n_series": 1
    },
    {
      "window_idx": 12,
      "history_start": 8424,
      "history_end": 11304,
      "history_length": 2880,
      "metrics": {
        "trend_strength": 0.40673043923869867,
        "trend_linearity": 2.091861744421195e-06,
        "seasonal_strength": 0.9351866050633435,
        "seasonal_correlation": 0.9629027483512809,
        "residual_autocorr_lag1": 0.678447642087578,
        "spectral_entropy": -6343.719070751634
      },
      "n_series": 1
    },
    {
      "window_idx": 13,
      "history_start": 7944,
      "history_end": 10824,
      "history_length": 2880,
      "metrics": {
        "trend_strength": 0.4026523702308963,