{
  "success": true,
  "dataset": "traffic",
  "method": "BM",
  "ratio": 0.3,
  "term": "medium",
  "impute_method": "mean",
  "inject_range": {
    "dataset_name": "traffic",
    "term": "medium",
    "frequency": "H",
    "prediction_length": 480,
    "windows": 20,
    "max_context": 2880,
    "start_index": 5064,
    "end_index": 17064,
    "injection_length": 12000,
    "total_length": 17544
  },
  "period": 24,
  "n_windows": 20,
  "summary": {
    "mean": {
      "trend_strength": 0.2991161978708836,
      "trend_linearity": 3.4633547805112376e-08,
      "seasonal_strength": 0.8379692803950224,
      "seasonal_correlation": 0.6932087261726803,
      "residual_autocorr_lag1": 0.5208559739531009,
      "spectral_entropy": -6018.7708900275475
    },
    "std": {
      "trend_strength": 0.11316474711253795,
      "trend_linearity": 1.385029934704889e-06,
      "seasonal_strength": 0.21207982253668395,
      "seasonal_correlation": 0.38441486723792423,
      "residual_autocorr_lag1": 0.23826559674723483,
      "spectral_entropy": 695.5374836427394
    },
    "min": {
      "trend_strength": 0.011108517171104726,
      "trend_linearity": -2.5356837236585025e-06,
      "seasonal_strength": 0.13473569361472337,
      "seasonal_correlation": 0.015098492844892295,
      "residual_autocorr_lag1": -0.009988985732032128,
      "spectral_entropy": -7520.607640582342
    },
    "max": {
      "trend_strength": 0.40673043923869867,
      "trend_linearity": 2.1858881175342462e-06,
      "seasonal_strength": 0.9396834994014976,
      "seasonal_correlation": 0.9821567518019345,
      "residual_autocorr_lag1": 0.7046958973926926,
      "spectral_entropy": -4880.960712716795
    }
  },
  "window_results": [
    {
      "window_idx": 0,
      "history_start": 14184,
      "history_end": 17064,
      "history_length": 2880,
      "metrics": {
        "trend_strength": 0.026330034262361912,
        "trend_linearity": 2.6513223056609153e-08,
        "seasonal_strength": 0.13473569361472337,
        "seasonal_correlation": 0.015098492844892295,
        "residual_autocorr_lag1": -0.009988985732032128,
        "spectral_entropy": -7520.607640582342
      },
      "n_series": 1
    },
    {
      "window_idx": 1,
      "history_start": 13704,
      "history_end": 16584,
      "history_length": 2880,
      "metrics": {
        "trend_strength": 0.011108517171104726,
        "trend_linearity": 7.94016813843345e-08,
        "seasonal_strength": 0.3005930342101514,
        "seasonal_correlation": 0.022424767305290593,
        "residual_autocorr_lag1": 0.008562154587970501,
        "spectral_entropy": -7498.666266552873
      },
      "n_series": 1
    },
    {
      "window_idx": 2,
      "history_start": 13224,
      "history_end": 16104,
      "history_length": 2880,
      "metrics": {
        "trend_strength": 0.3107330712006341,
        "trend_linearity": -8.403708457785224e-07,
        "seasonal_strength": 0.8011898721982247,
        "seasonal_correlation": 0.019311349860612382,
        "residual_autocorr_lag1": 0.012463074157086002,
        "spectral_entropy": -6199.1516008166445
      },
      "n_series": 1
    },
    {
      "window_idx": 3,
      "history_start": 12744,
      "history_end": 15624,
      "history_length": 2880,
      "metrics": {
        "trend_strength": 0.38237910648223106,
        "trend_linearity": -1.8534790930442473e-06,
        "seasonal_strength": 0.8697759103705708,
        "seasonal_correlation": 0.13075845359153,
        "residual_autocorr_lag1": 0.2679239424313547,
        "spectral_entropy": -5825.320535895686
      },
      "n_series": 1
    },
    {
      "window_idx": 4,
      "history_start": 12264,
      "history_end": 15144,
      "history_length": 2880,
      "metrics": {
        "trend_strength": 0.3216192327972833,
        "trend_linearity": -2.4293627557769724e-06,
        "seasonal_strength": 0.86090209767021,
        "seasonal_correlation": 0.2005646128367658,
        "residual_autocorr_lag1": 0.45191317127399877,
        "spectral_entropy": -5505.336974922654
      },
      "n_series": 1
    },
    {
      "window_idx": 5,
      "history_start": 11784,
      "history_end": 14664,
      "history_length": 2880,
      "metrics": {
        "trend_strength": 0.20346628844038095,
        "trend_linearity": -2.5356837236585025e-06,
        "seasonal_strength": 0.8391586165259296,
        "seasonal_correlation": 0.4033557538386949,
        "residual_autocorr_lag1": 0.6501070695439579,
        "spectral_entropy": -5412.0253069134
      },
      "n_series": 1
    },
    {
      "window_idx": 6,
      "history_start": 11304,
      "history_end": 14184,
      "history_length": 2880,
      "metrics": {
        "trend_strength": 0.19672210411990054,
        "trend_linearity": -1.6302197322345916e-06,
        "seasonal_strength": 0.8625465028744557,
        "seasonal_correlation": 0.585494901577639,
        "residual_autocorr_lag1": 0.6343134812693699,
        "spectral_entropy": -4880.960712716795
      },
      "n_series": 1
    },
    {
      "window_idx": 7,
      "history_start": 10824,
      "history_end": 13704,
      "history_length": 2880,
      "metrics": {
        "trend_strength": 0.21807927129112947,
        "trend_linearity": -2.55708818148705e-07,
        "seasonal_strength": 0.885154152071987,
        "seasonal_correlation": 0.8790928736064296,
        "residual_autocorr_lag1": 0.6372248406986332,
        "spectral_entropy": -5032.220261751319
      },
      "n_series": 1
    },
    {
      "window_idx": 8,
      "history_start": 10344,
      "history_end": 13224,
      "history_length": 2880,
      "metrics": {
        "trend_strength": 0.27584286856592544,
        "trend_linearity": 1.1598072733835633e-06,
        "seasonal_strength": 0.9226510957356284,
        "seasonal_correlation": 0.959734498419857,
        "residual_autocorr_lag1": 0.5884019849098284,
        "spectral_entropy": -5297.151599366857
      },
      "n_series": 1
    },
    {
      "window_idx": 9,
      "history_start": 9864,
      "history_end": 12744,
      "history_length": 2880,
      "metrics": {
        "trend_strength": 0.28865957776457296,
        "trend_linearity": 1.5751672565002693e-06,
        "seasonal_strength": 0.9233624571486527,
        "seasonal_correlation": 0.9701675701024224,
        "residual_autocorr_lag1": 0.5898196191469183,
        "spectral_entropy": -5350.767346996653
      },
      "n_series": 1
    },
    {
      "window_idx": 10,
      "history_start": 9384,
      "history_end": 12264,
      "history_length": 2880,
      "metrics": {
        "trend_strength": 0.3272892393898089,
        "trend_linearity": 2.0462427950708364e-06,
        "seasonal_strength": 0.930046537169578,
        "seasonal_correlation": 0.9654193751721662,
        "residual_autocorr_lag1": 0.5712535562385044,
        "spectral_entropy": -5586.132765172846
      },
      "n_series": 1
    },
    {
      "window_idx": 11,
      "history_start": 8904,
      "history_end": 11784,
      "history_length": 2880,
      "metrics": {
        "trend_strength": 0.35375862242458134,
        "trend_linearity": 2.1858881175342462e-06,
        "seasonal_strength": 0.9302904408480281,
        "seasonal_correlation": 0.9643949275159108,
        "residual_autocorr_lag1": 0.5675701957231812,
        "spectral_entropy": -5540.922836178601
      },
      "n_series": 1
    },
    {
      "window_idx": 12,
      "history_start": 8424,
      "history_end": 11304,
      "history_length": 2880,
      "metrics": {
        "trend_strength": 0.40673043923869867,
        "trend_linearity": 2.091861744421195e-06,
        "seasonal_strength": 0.9351866050633435,
        "seasonal_correlation": 0.9629027483512809,
        "residual_autocorr_lag1": 0.678447642087578,
        "spectral_entropy": -6343.719070751634
      },
      "n_series": 1
    },
    {
      "window_idx": 13,
      "history_start": 7944,
      "history_end": 10824,
      "history_length": 2880,