{
  "success": true,
  "dataset": "weather",
  "method": "BM",
  "ratio": 0.2,
  "term": "short",
  "impute_method": "forward",
  "inject_range": {
    "dataset_name": "weather",
    "term": "short",
    "frequency": "10T",
    "prediction_length": 48,
    "windows": 20,
    "max_context": 2880,
    "start_index": 48856,
    "end_index": 52648,
    "injection_length": 3792,
    "total_length": 52696
  },
  "period": 144,
  "n_windows": 20,
  "summary": {
    "mean": {
      "trend_strength": 0.6962048389894826,
      "trend_linearity": -0.011018898103175792,
      "seasonal_strength": 0.19072842907695367,
      "seasonal_correlation": 0.5582546772086012,
      "residual_autocorr_lag1": 0.9440086347913093,
      "spectral_entropy": 11882.193262893248
    },
    "std": {
      "trend_strength": 0.05380103726262384,
      "trend_linearity": 0.0016524169105662692,
      "seasonal_strength": 0.06082628895872486,
      "seasonal_correlation": 0.0729857822739679,
      "residual_autocorr_lag1": 0.012369210478321882,
      "spectral_entropy": 437.40528287945307
    },
    "min": {
      "trend_strength": 0.593889894589874,
      "trend_linearity": -0.014078878255525965,
      "seasonal_strength": 0.0,
      "seasonal_correlation": 0.463193402465168,
      "residual_autocorr_lag1": 0.9109160227643954,
      "spectral_entropy": 11093.700853286977
    },
    "max": {
      "trend_strength": 0.7785299466163688,
      "trend_linearity": -0.008680096243648096,
      "seasonal_strength": 0.27972791042579814,
      "seasonal_correlation": 0.7073109154704591,
      "residual_autocorr_lag1": 0.956503181073235,
      "spectral_entropy": 12602.462837515752
    }
  },
  "window_results": [
    {
      "window_idx": 0,
      "history_start": 49768,
      "history_end": 52648,
      "history_length": 2880,
      "metrics": {
        "trend_strength": 0.6822808007726235,
        "trend_linearity": -0.008680096243648096,
        "seasonal_strength": 0.22955200742630955,
        "seasonal_correlation": 0.47687377349287613,
        "residual_autocorr_lag1": 0.951681555814596,
        "spectral_entropy": 11093.700853286977
      },
      "n_series": 1
    },
    {
      "window_idx": 1,
      "history_start": 49720,
      "history_end": 52600,
      "history_length": 2880,
      "metrics": {
        "trend_strength": 0.6686674220183595,
        "trend_linearity": -0.009414465533286223,
        "seasonal_strength": 0.18833509446288166,
        "seasonal_correlation": 0.536317260231641,
        "residual_autocorr_lag1": 0.9499837735998234,
        "spectral_entropy": 11374.918888187814
      },
      "n_series": 1
    },
    {
      "window_idx": 2,
      "history_start": 49672,
      "history_end": 52552,
      "history_length": 2880,
      "metrics": {
        "trend_strength": 0.6818596700948187,
        "trend_linearity": -0.01000972366655404,
        "seasonal_strength": 0.20795349675240482,
        "seasonal_correlation": 0.5268354658017835,
        "residual_autocorr_lag1": 0.9560255817655894,
        "spectral_entropy": 11486.718876709247
      },
      "n_series": 1
    },
    {
      "window_idx": 3,
      "history_start": 49624,
      "history_end": 52504,
      "history_length": 2880,
      "metrics": {
        "trend_strength": 0.7086975257940789,
        "trend_linearity": -0.010626334653857579,
        "seasonal_strength": 0.21259726889415964,
        "seasonal_correlation": 0.5336359014816261,
        "residual_autocorr_lag1": 0.956503181073235,
        "spectral_entropy": 11505.509191952618
      },
      "n_series": 1
    },
    {
      "window_idx": 4,
      "history_start": 49576,
      "history_end": 52456,
      "history_length": 2880,
      "metrics": {
        "trend_strength": 0.7368828796734639,
        "trend_linearity": -0.011095436552426246,
        "seasonal_strength": 0.2206150229124585,
        "seasonal_correlation": 0.5101434380995549,
        "residual_autocorr_lag1": 0.9520864744176528,
        "spectral_entropy": 11437.802450062012
      },
      "n_series": 1
    },
    {
      "window_idx": 5,
      "history_start": 49528,
      "history_end": 52408,
      "history_length": 2880,
      "metrics": {
        "trend_strength": 0.7785299466163688,
        "trend_linearity": -0.010184142405133398,
        "seasonal_strength": 0.27972791042579814,
        "seasonal_correlation": 0.5457932195754356,
        "residual_autocorr_lag1": 0.9533718873836853,
        "spectral_entropy": 11286.088657748916
      },
      "n_series": 1
    },
    {
      "window_idx": 6,
      "history_start": 49480,
      "history_end": 52360,
      "history_length": 2880,
      "metrics": {
        "trend_strength": 0.7465784078086628,
        "trend_linearity": -0.01026486776111994,
        "seasonal_strength": 0.2230035073385731,
        "seasonal_correlation": 0.4892520085685216,
        "residual_autocorr_lag1": 0.955200828441918,
        "spectral_entropy": 11386.36455254005
      },
      "n_series": 1
    },
    {
      "window_idx": 7,
      "history_start": 49432,
      "history_end": 52312,
      "history_length": 2880,
      "metrics": {
        "trend_strength": 0.739666630173041,
        "trend_linearity": -0.010973510027043772,
        "seasonal_strength": 0.23850093031158115,
        "seasonal_correlation": 0.5062519787393148,
        "residual_autocorr_lag1": 0.9380421019536807,
        "spectral_entropy": 11717.463788399857
      },
      "n_series": 1
    },
    {
      "window_idx": 8,
      "history_start": 49384,
      "history_end": 52264,
      "history_length": 2880,
      "metrics": {
        "trend_strength": 0.7577412698370721,
        "trend_linearity": -0.013607731314464811,
        "seasonal_strength": 0.15573752570063637,
        "seasonal_correlation": 0.463193402465168,
        "residual_autocorr_lag1": 0.9444313642446964,
        "spectral_entropy": 12232.728205558673
      },
      "n_series": 1
    },
    {
      "window_idx": 9,
      "history_start": 49336,
      "history_end": 52216,
      "history_length": 2880,
      "metrics": {
        "trend_strength": 0.7781079525228571,
        "trend_linearity": -0.014078878255525965,
        "seasonal_strength": 0.2647591168968745,
        "seasonal_correlation": 0.471109235566034,
        "residual_autocorr_lag1": 0.9473640387246504,
        "spectral_entropy": 11843.48019479299
      },
      "n_series": 1
    },
    {
      "window_idx": 10,
      "history_start": 49288,
      "history_end": 52168,
      "history_length": 2880,
      "metrics": {
        "trend_strength": 0.7356525418509834,
        "trend_linearity": -0.013120468733513104,
        "seasonal_strength": 0.15934010593679315,
        "seasonal_correlation": 0.5518791218456652,
        "residual_autocorr_lag1": 0.9109160227643954,
        "spectral_entropy": 11993.587547034338
      },
      "n_series": 1
    },
    {
      "window_idx": 11,
      "history_start": 49240,
      "history_end": 52120,
      "history_length": 2880,
      "metrics": {
        "trend_strength": 0.701336875571557,
        "trend_linearity": -0.011079020080868902,
        "seasonal_strength": 0.14635402473525705,
        "seasonal_correlation": 0.568122742764657,
        "residual_autocorr_lag1": 0.9488704177070834,
        "spectral_entropy": 11894.342581039295
      },
      "n_series": 1
    },
    {
      "window_idx": 12,
      "history_start": 49192,
      "history_end": 52072,
      "history_length": 2880,
      "metrics": {
        "trend_strength": 0.7009302320520969,
        "trend_linearity": -0.010081573459099104,
        "seasonal_strength": 0.18968299830158108,
        "seasonal_correlation": 0.5830425516517219,
        "residual_autocorr_lag1": 0.9522810709751045,
        "spectral_entropy": 11913.684897141875
      },
      "n_series": 1
    },
    {
      "window_idx": 13,
      "history_start": 49144,
      "history_end": 52024,
      "history_length": 2880,
      "metrics": {
        "trend_strength": 0.7098825584976634,