metric,value
eval_data,datasets\Impute\MCAR_025\forward\ETTh2_MCAR_025_short.csv
clean_data,datasets\ori\ETTh2.csv
freq,H
term,short
prediction_length,48
windows,20
MSE[mean],15.726210530598959
MSE[0.5],15.718832397460938
MAE[0.5],2.9670588175455728
MASE[0.5],0.9628087203255508
MAPE[0.5],0.08541518847147624
sMAPE[0.5],0.08434968434440247
MSIS,11.017328234665968
RMSE[mean],3.965628642548235
NRMSE[mean],0.11265091937189826
ND[0.5],0.08428472097483865
mean_weighted_sum_quantile_loss,0.070329170038084
