metric,value
eval_data,datasets\Impute\MCAR_025\forward\traffic_MCAR_025_long.csv
clean_data,datasets\ori\traffic.csv
freq,H
term,long
prediction_length,720
windows,3
MSE[mean],5.1303245817069655e-05
MSE[0.5],5.219298656339999e-05
MAE[0.5],0.004383994031835485
MASE[0.5],0.928032625169151
MAPE[0.5],0.17155257945482574
sMAPE[0.5],0.15447229463149337
MSIS,10.012806077141953
RMSE[mean],0.007162628415398195
NRMSE[mean],0.19206356258503898
ND[0.5],0.11755538096821153
mean_weighted_sum_quantile_loss,0.09620737798824225
