metric,value
eval_data,datasets\Impute\MCAR_005\mean\ETTh1_MCAR_005_long.csv
clean_data,datasets\ori\ETTh1.csv
freq,H
term,long
prediction_length,720
windows,3
MSE[mean],7.955266203703704
MSE[0.5],7.87972999855324
MAE[0.5],2.148952907986111
MASE[0.5],0.9775962094862439
MAPE[0.5],0.2978744754658498
sMAPE[0.5],0.2572408364343884
MSIS,8.379601157446013
RMSE[mean],2.8205081463636485
NRMSE[mean],0.3050572127657844
ND[0.5],0.23242392875920084
mean_weighted_sum_quantile_loss,0.18840765563691655
