metric,value
eval_data,datasets\Impute\MCAR_005\mean\ETTm1_MCAR_005_short.csv
clean_data,datasets\ori\ETTm1.csv
freq,T
term,short
prediction_length,48
windows,20
MSE[mean],2.1527178446451822
MSE[0.5],2.08788693745931
MAE[0.5],0.898104731241862
MASE[0.5],0.24663222041559055
MAPE[0.5],0.1351459821065267
sMAPE[0.5],0.1108269162331586
MSIS,3.7505408507734708
RMSE[mean],1.46721431449028
NRMSE[mean],0.1713602351299176
ND[0.5],0.10489226856429806
mean_weighted_sum_quantile_loss,0.08874493449103205
