metric,value
eval_data,datasets\Impute\MCAR_005\mean\ETTm1_MCAR_005_medium.csv
clean_data,datasets\ori\ETTm1.csv
freq,T
term,medium
prediction_length,480
windows,15
MSE[mean],8.07826171875
MSE[0.5],8.126401909722222
MAE[0.5],2.1037870279947914
MASE[0.5],0.5659925066365687
MAPE[0.5],0.24818837483723957
sMAPE[0.5],0.22414935215460635
MSIS,6.09276389514006
RMSE[mean],2.842228301658753
NRMSE[mean],0.2956178126551385
ND[0.5],0.21881314711598568
mean_weighted_sum_quantile_loss,0.1813991108368152
