metric,value
eval_data,datasets\Impute\MCAR_005\mean\exchange_rate_MCAR_005_medium.csv
clean_data,datasets\ori\exchange_rate.csv
freq,D
term,medium
prediction_length,300
windows,3
MSE[mean],0.0030511313014560276
MSE[0.5],0.003145266638861762
MAE[0.5],0.0407474856906467
MASE[0.5],12.864090146620132
MAPE[0.5],0.059721917046440975
sMAPE[0.5],0.05645585337875003
MSIS,247.36235854669525
RMSE[mean],0.05523704645847773
NRMSE[mean],0.07677772373690842
ND[0.5],0.056637698789377286
mean_weighted_sum_quantile_loss,0.05021192761007825
