metric,value
eval_data,datasets\Impute\MCAR_010\mean\ETTh1_MCAR_010_short.csv
clean_data,datasets\ori\ETTh1.csv
freq,H
term,short
prediction_length,48
windows,20
MSE[mean],3.3312917073567707
MSE[0.5],3.35782470703125
MAE[0.5],1.2539886474609374
MASE[0.5],0.578609271319334
MAPE[0.5],0.16472727457682293
sMAPE[0.5],0.13730938490139916
MSIS,6.331110699417934
RMSE[mean],1.825182650409753
NRMSE[mean],0.19545533057596928
ND[0.5],0.13428725370195993
mean_weighted_sum_quantile_loss,0.11182162518392026
