metric,value
eval_data,datasets\Impute\MCAR_010\mean\ETTh1_MCAR_010_long.csv
clean_data,datasets\ori\ETTh1.csv
freq,H
term,long
prediction_length,720
windows,3
MSE[mean],9.415894458912037
MSE[0.5],9.384367766203704
MAE[0.5],2.290020978009259
MASE[0.5],1.0417727597080724
MAPE[0.5],0.2897519282011311
sMAPE[0.5],0.27699882789204194
MSIS,9.401655162049938
RMSE[mean],3.0685329489695947
NRMSE[mean],0.33188278853208775
ND[0.5],0.24768140366030744
mean_weighted_sum_quantile_loss,0.2019975876234998
