metric,value
eval_data,datasets\Impute\MCAR_010\mean\ETTm2_MCAR_010_long.csv
clean_data,datasets\ori\ETTm2.csv
freq,T
term,long
prediction_length,720
windows,10
MSE[mean],29.285123697916667
MSE[0.5],29.6545703125
MAE[0.5],4.268143717447916
MASE[0.5],0.713835432651666
MAPE[0.5],0.12882977803548176
sMAPE[0.5],0.1314184047679796
MSIS,6.862637492209935
RMSE[mean],5.411573125988105
NRMSE[mean],0.16347697292219765
ND[0.5],0.1289353758474583
mean_weighted_sum_quantile_loss,0.10594157045970376
