metric,value
eval_data,datasets\Impute\MCAR_010\mean\exchange_rate_MCAR_010_medium.csv
clean_data,datasets\ori\exchange_rate.csv
freq,D
term,medium
prediction_length,300
windows,3
MSE[mean],0.0032770821783277724
MSE[0.5],0.0033066993289523655
MAE[0.5],0.04210863749186198
MASE[0.5],13.293412984482671
MAPE[0.5],0.061696946885850694
sMAPE[0.5],0.058251723106405785
MSIS,221.9618699372603
RMSE[mean],0.0572458048971955
NRMSE[mean],0.0795698335680883
ND[0.5],0.058529656156001884
mean_weighted_sum_quantile_loss,0.051123395920012964
