window_idx,n_series,trend_strength,trend_linearity,seasonal_strength,seasonal_correlation,residual_autocorr_lag1,spectral_entropy
0,1,0.004503336116725154,-0.00041901673431179407,0.73977256292832,0.9798431950173202,0.9888344632756878,1012.2388040373833
1,1,0.72992232512698,-0.002442183831105403,0.8123554028282565,0.42284387062421025,0.7123759618938522,1556.7048118983053
