{
  "model": "timesfm2p5",
  "dataset": "azure2019_U_5T",
  "method": "BM",
  "ratio": 0.2,
  "term": "long",
  "imputation_method": "linear",
  "n_windows": 2,
  "period": 288,
  "summary": {
    "mean": {
      "trend_strength": 0.3138828718860923,
      "trend_linearity": -0.0016607111359878306,
      "seasonal_strength": 0.7448656736287889,
      "seasonal_correlation": 0.6333068582184022,
      "residual_autocorr_lag1": 0.5727476254753666,
      "spectral_entropy": 1000.3842564656622
    },
    "std": {
      "trend_strength": 0.21482301583441055,
      "trend_linearity": 0.0016550326884127984,
      "seasonal_strength": 0.10936786041568242,
      "seasonal_correlation": 0.0012002028559505717,
      "residual_autocorr_lag1": 0.22065599672582525,
      "spectral_entropy": 713.6028776939618
    },
    "min": {
      "trend_strength": 0.09905985605168177,
      "trend_linearity": -0.0033157438244006293,
      "seasonal_strength": 0.6354978132131065,
      "seasonal_correlation": 0.6321066553624516,
      "residual_autocorr_lag1": 0.35209162874954136,
      "spectral_entropy": 286.7813787717004
    },
    "max": {
      "trend_strength": 0.5287058877205029,
      "trend_linearity": -5.678447575032195e-06,
      "seasonal_strength": 0.8542335340444713,
      "seasonal_correlation": 0.6345070610743527,
      "residual_autocorr_lag1": 0.7934036222011919,
      "spectral_entropy": 1713.987134159624
    }
  }
}