{
  "model": "timesfm2p5",
  "dataset": "Coastal_T_S_20T",
  "method": "BM",
  "ratio": 0.1,
  "term": "long",
  "imputation_method": "mean",
  "n_windows": 7,
  "period": 72,
  "summary": {
    "mean": {
      "trend_strength": 0.8750598570586671,
      "trend_linearity": 0.0006572981536292548,
      "seasonal_strength": 0.6767989925039523,
      "seasonal_correlation": 0.7388308181418136,
      "residual_autocorr_lag1": 0.7331424504728243,
      "spectral_entropy": -601.8574984508101
    },
    "std": {
      "trend_strength": 0.20613367771716087,
      "trend_linearity": 0.0005362002875349181,
      "seasonal_strength": 0.4004764423467253,
      "seasonal_correlation": 0.29343634259203893,
      "residual_autocorr_lag1": 0.19014926728509082,
      "spectral_entropy": 577.9413679679406
    },
    "min": {
      "trend_strength": 0.38797868836390115,
      "trend_linearity": 1.6980279457424849e-06,
      "seasonal_strength": 0.01135476870693164,
      "seasonal_correlation": 0.26264042986310093,
      "residual_autocorr_lag1": 0.4323844023055913,
      "spectral_entropy": -1777.7822225024975
    },
    "max": {
      "trend_strength": 0.999705562308654,
      "trend_linearity": 0.001656010721954602,
      "seasonal_strength": 0.9809107887986467,
      "seasonal_correlation": 0.9856804192465483,
      "residual_autocorr_lag1": 0.9942727685131427,
      "spectral_entropy": 160.30916887446776
    }
  }
}