{
  "model": "timesfm2p5",
  "dataset": "Coastal_T_S_20T",
  "method": "clean",
  "ratio": null,
  "term": "long",
  "imputation_method": null,
  "n_windows": 7,
  "period": 72,
  "summary": {
    "mean": {
      "trend_strength": 0.9874804137126326,
      "trend_linearity": 0.0006518233325347125,
      "seasonal_strength": 0.9147953285261233,
      "seasonal_correlation": 0.8448537730016162,
      "residual_autocorr_lag1": 0.6230600970928023,
      "spectral_entropy": -366.01927916137817
    },
    "std": {
      "trend_strength": 0.02660171613463231,
      "trend_linearity": 0.000889699345280876,
      "seasonal_strength": 0.10239583699444434,
      "seasonal_correlation": 0.14740777915916267,
      "residual_autocorr_lag1": 0.17499020413949737,
      "spectral_entropy": 504.7299502510432
    },
    "min": {
      "trend_strength": 0.9224536586245756,
      "trend_linearity": -0.0010581042140776601,
      "seasonal_strength": 0.7009785671362988,
      "seasonal_correlation": 0.5578695483430844,
      "residual_autocorr_lag1": 0.27864966453133355,
      "spectral_entropy": -1485.0879654377914
    },
    "max": {
      "trend_strength": 0.9998975366754633,
      "trend_linearity": 0.0019636431354349664,
      "seasonal_strength": 0.9917128418077794,
      "seasonal_correlation": 0.9838528415193154,
      "residual_autocorr_lag1": 0.8318064296514395,
      "spectral_entropy": 237.95101028135807
    }
  }
}