{
  "model": "timesfm2p5",
  "dataset": "Coastal_T_S_15T",
  "method": "BM",
  "ratio": 0.2,
  "term": "long",
  "imputation_method": "backward",
  "n_windows": 20,
  "period": 96,
  "summary": {
    "mean": {
      "trend_strength": 0.7755979716716536,
      "trend_linearity": -2.7235767749654434e-06,
      "seasonal_strength": 0.028740492789685313,
      "seasonal_correlation": 0.46944331816130747,
      "residual_autocorr_lag1": 0.8803564744243986,
      "spectral_entropy": -2879.5827433826335
    },
    "std": {
      "trend_strength": 0.19217474154079306,
      "trend_linearity": 2.4409001805638897e-05,
      "seasonal_strength": 0.06180673603394051,
      "seasonal_correlation": 0.11195529220317818,
      "residual_autocorr_lag1": 0.14599221775437396,
      "spectral_entropy": 495.72807202098386
    },
    "min": {
      "trend_strength": 0.23693716386590458,
      "trend_linearity": -6.884515316197501e-05,
      "seasonal_strength": 0.0,
      "seasonal_correlation": 0.13260563935373165,
      "residual_autocorr_lag1": 0.3376542246336735,
      "spectral_entropy": -3738.4342199396815
    },
    "max": {
      "trend_strength": 0.9967068448402441,
      "trend_linearity": 3.737611580619774e-05,
      "seasonal_strength": 0.2804358109792331,
      "seasonal_correlation": 0.652952416381727,
      "residual_autocorr_lag1": 0.994752279935404,
      "spectral_entropy": -1825.4549202420435
    }
  }
}