window_idx,n_series,trend_strength,trend_linearity,seasonal_strength,seasonal_correlation,residual_autocorr_lag1,spectral_entropy
0,1,0.7995281936922204,-0.0008105127256433388,0.0,0.22656088642628225,0.6449424824208944,380.2781831360631
1,1,0.8696717146635387,-0.0011532429243031777,0.0,0.12617799556960999,0.558099410227433,418.1115536552414
2,1,0.9521767904310854,-0.0015627645681588762,0.0,0.2710875348960307,0.6862232661271176,502.1932309171758
3,1,0.7702634861107633,-0.0010264169407445119,0.09487786228244721,0.21965969452271705,0.6422951763982659,1001.416064804971
4,1,0.9499268879333483,-0.0017823262934477258,0.1806065418574485,0.1885642884447655,0.28457367132615363,715.0064680151186
5,1,0.8943571832475485,-0.0021458627633973806,0.014157090329019129,0.21271529917545193,0.7342662654911908,806.1742616954398
6,1,0.7063642643593617,-0.0018979867553927583,0.0,0.14312977305668834,0.9324887684603139,1070.029953015095
7,1,0.9449902343770119,0.0011397951015098455,0.2720801380854374,0.23692139290731123,0.18036361950267504,100.32310094603734
