window_idx,n_series,trend_strength,trend_linearity,seasonal_strength,seasonal_correlation,residual_autocorr_lag1,spectral_entropy
0,1,0.7410540645093866,-0.00012820539549639515,0.0,0.17758542159963728,0.5561251412652296,318.58269541181545
1,1,0.7273888936660065,0.0004883546207720296,0.0,0.0809207184563986,0.5131645035047524,374.2040269772879
2,1,0.9645501555963548,-0.0015337161143402138,0.20535616918533905,0.25510863762479136,0.47523023409541887,681.6497974939457
3,1,0.6756894342159292,0.00015291921317348164,0.16490191757826833,0.18162786904627146,0.6118395348622956,655.4024415384238
4,1,0.26078465514819815,7.32472739122986e-05,0.30679384216399663,0.19085939220834627,0.0941769262888099,-179.11458292896606
5,1,0.39159627755858695,-0.00011683710636312188,0.6404750150718639,0.3758918423577277,0.2459552954166606,-222.96605339557036
6,1,0.9350461180392807,0.0009870625358567066,0.3562339524621453,0.165698610637163,0.1401829298751012,53.34153450678069
7,1,0.9445580145525116,0.0009673265494260802,0.6340965490874516,0.31545848376158664,0.2553760751161918,63.777160194786006
