window_idx,n_series,trend_strength,trend_linearity,seasonal_strength,seasonal_correlation,residual_autocorr_lag1,spectral_entropy
0,1,0.9997532930028146,0.0009642324150221786,0.7083150819683768,0.516195424012397,0.4167095036468734,-248.50468235919428
1,1,0.9998917430512532,0.0017562006892147058,0.6244778066453418,0.5143890099991199,0.2206833839350536,158.60573955433105
2,1,0.9997047606421865,-0.0013384206257256507,0.8302564878537786,0.7707545467843975,0.5108752598141064,-40.95833168640485
3,1,0.9982916898248365,0.0006656020068883241,0.9703525674469384,0.9049232464645546,0.6008562591236284,-405.3420528442517
4,1,0.9937612307921352,0.0004265646557457754,0.9598077081881872,0.8834268706795538,0.7475476556863175,-666.2641617091831
5,1,0.8142222445326566,4.0710992860149044e-05,0.9843750739408357,0.9863033918761144,0.800427150656922,-1768.8426412464914
6,1,0.9949208408056476,0.0007058319495504145,0.9833344013855617,0.9752899080500433,0.8306502743594345,-332.3255927724527
