{
  "model": "timesfm2p5",
  "dataset": "Coastal_T_S_20T",
  "method": "BM",
  "ratio": 0.1,
  "term": "long",
  "imputation_method": "forward",
  "n_windows": 7,
  "period": 72,
  "summary": {
    "mean": {
      "trend_strength": 0.9421291007358482,
      "trend_linearity": 0.0005567254303996646,
      "seasonal_strength": 0.91858850106994,
      "seasonal_correlation": 0.8609361416914745,
      "residual_autocorr_lag1": 0.6167403877288313,
      "spectral_entropy": -457.64596550684064
    },
    "std": {
      "trend_strength": 0.1378898078680719,
      "trend_linearity": 0.0008590184861963807,
      "seasonal_strength": 0.06447297851124371,
      "seasonal_correlation": 0.08042932183840465,
      "residual_autocorr_lag1": 0.15861008488689224,
      "spectral_entropy": 599.5285479804021
    },
    "min": {
      "trend_strength": 0.6043851563990523,
      "trend_linearity": -0.0010500459481650058,
      "seasonal_strength": 0.8218577196368168,
      "seasonal_correlation": 0.7179028948091152,
      "residual_autocorr_lag1": 0.31760971503615465,
      "spectral_entropy": -1822.442303434469
    },
    "max": {
      "trend_strength": 0.9998905266548117,
      "trend_linearity": 0.0020014944252338012,
      "seasonal_strength": 0.9809740943115463,
      "seasonal_correlation": 0.9651595780503586,
      "residual_autocorr_lag1": 0.8165051386249346,
      "spectral_entropy": 257.06032581249656
    }
  }
}