window_idx,n_series,trend_strength,trend_linearity,seasonal_strength,seasonal_correlation,residual_autocorr_lag1,spectral_entropy
0,1,0.9995677898449264,0.0008825810870401595,0.8936511173463451,0.8603476005198404,0.5414875139507082,-277.9672526886368
1,1,0.9998905266548117,0.0020014944252338012,0.8307313890095455,0.7179028948091152,0.31760971503615465,257.06032581249656
2,1,0.9994179286626019,-0.0010500459481650058,0.8218577196368168,0.7785440387616971,0.6120619492505297,-231.42908861678714
3,1,0.9979836776645137,0.0006099593522187853,0.9742191828457488,0.8810934014509324,0.5566067035200158,-422.7440301023025
4,1,0.9979839830306005,0.0006197468969781727,0.953710936453166,0.8834567764850926,0.6703102760941901,-487.14308314667414
5,1,0.6043851563990523,1.882171334759312e-06,0.9749750678864125,0.9651595780503586,0.8026014176252858,-1822.442303434469
6,1,0.9956746428944304,0.0008314600281569796,0.9809740943115463,0.9400487017632855,0.8165051386249346,-218.85632637151122
