window_idx,n_series,trend_strength,trend_linearity,seasonal_strength,seasonal_correlation,residual_autocorr_lag1,spectral_entropy
0,1,0.9993874677438371,0.00038126226673689006,0.5526341770826761,0.3010684631219474,0.1801319915781246,-947.387047697368
1,1,0.9997947864869583,0.0012036181432392875,0.29866985503794885,0.4392096236681542,0.18024546079235304,-109.12716569831733
2,1,0.9996178822535555,0.0020414833146802343,0.5122253716506903,0.3315621298367425,0.7142895482027531,307.4062354459562
3,1,0.998923702381447,0.0009624206572141864,0.24786322951928108,0.34106811566856,0.680591743092616,-222.29803474816063
4,1,0.9894172529713114,0.0005317425603042756,0.8340762643706647,0.884698398357284,0.8413197763771642,-479.4860605191443
5,1,0.20668500095460962,1.9199770738169237e-05,0.7662468598921403,0.7978482942352663,0.8224495163869775,-2256.7175990583128
6,1,0.9961954055530153,0.000758616482755026,0.9680455347256698,0.8418091773381658,0.8441931582096446,-253.65410844024117
