window_idx,n_series,trend_strength,trend_linearity,seasonal_strength,seasonal_correlation,residual_autocorr_lag1,spectral_entropy
0,1,0.996936038528583,0.001481974289518659,0.01941433995090691,0.2914735722295615,0.9645865869549635,-10.749990500612085
1,1,0.9955637064924202,0.0003149090496149368,0.5023245976436506,0.5348198775878619,0.5981398031234662,-1039.8556896555572
2,1,0.9989485976456063,0.0007170477904899492,0.8279334897835223,0.5657641042225453,0.47122961434643024,-468.58768389380583
3,1,0.060356399921455584,2.712514353709178e-05,0.03449633557293452,0.45695658814465345,0.9843967259272571,-1040.1623542637417
4,1,0.8330072951593568,-9.609415894567984e-05,0.4042670441501831,0.47045871022367247,0.7911791531311368,-1874.2549174668072
5,1,0.6242446800469075,-0.0003396459863837696,0.014451005239908277,0.717448452511436,0.9961233687835664,-1108.7869232327307
6,1,0.9766316504555782,-0.0004229111047502048,0.16537377053955316,0.4520269135310251,0.757721874727477,-1367.660896911667
