window_idx,n_series,trend_strength,trend_linearity,seasonal_strength,seasonal_correlation,residual_autocorr_lag1,spectral_entropy
0,1,0.999662056055177,0.0006332855509115687,0.7083130964337507,0.39703663660497057,0.34370317812679896,-551.1488741417968
1,1,0.9999119758151488,0.001795997533694148,0.49506314534616425,0.46405755796794046,0.1520225633757984,181.9538771665657
2,1,0.9934890144728012,-0.00048744113539118126,0.9231815511782485,0.9014607255662775,0.7527824143602166,-901.2690666456157
3,1,0.9988306746734951,0.0008512718179699133,0.732702143155298,0.4215485696154772,0.6134264508537608,-293.5258675769096
4,1,0.998173615430957,0.000628600009048435,0.9562808113287263,0.8597053726948333,0.7204663274594072,-498.7259179082295
5,1,0.8444470826084068,3.481858575977382e-05,0.978970520839133,0.9914898890569273,0.7384873957805141,-1860.789635546992
6,1,0.9943899044727907,0.0007606914860495855,0.971752786635053,0.9023154392478436,0.8522733801054412,-259.51684898574706
