{
  "model": "timesfm2p5",
  "dataset": "Coastal_T_S_H",
  "method": "BM",
  "ratio": 0.3,
  "term": "long",
  "imputation_method": "forward",
  "n_windows": 8,
  "period": 24,
  "summary": {
    "mean": {
      "trend_strength": 0.7780574054832545,
      "trend_linearity": 0.00010493759508741888,
      "seasonal_strength": 0.2868717829823614,
      "seasonal_correlation": 0.22350725508495484,
      "residual_autocorr_lag1": 0.42794361211548027,
      "spectral_entropy": 221.1563202475793
    },
    "std": {
      "trend_strength": 0.13897272476395417,
      "trend_linearity": 0.0006631245614446684,
      "seasonal_strength": 0.21619683297270934,
      "seasonal_correlation": 0.07686992405760457,
      "residual_autocorr_lag1": 0.21919226249278026,
      "spectral_entropy": 259.59119643457075
    },
    "min": {
      "trend_strength": 0.5889133743940304,
      "trend_linearity": -0.0012915490529297905,
      "seasonal_strength": 0.0,
      "seasonal_correlation": 0.11982721990580596,
      "residual_autocorr_lag1": 0.1321950137166932,
      "spectral_entropy": -164.61480812271648
    },
    "max": {
      "trend_strength": 0.932980826223947,
      "trend_linearity": 0.0008428849873434788,
      "seasonal_strength": 0.6342599088560811,
      "seasonal_correlation": 0.3743415474329344,
      "residual_autocorr_lag1": 0.7009251060821917,
      "spectral_entropy": 720.5114272642024
    }
  }
}