{
  "model": "timesfm2p5",
  "dataset": "Coastal_T_S_15T",
  "method": "BM",
  "ratio": 0.2,
  "term": "long",
  "imputation_method": "forward",
  "n_windows": 20,
  "period": 96,
  "summary": {
    "mean": {
      "trend_strength": 0.8569628632327388,
      "trend_linearity": -4.839420524682508e-06,
      "seasonal_strength": 0.09395457539074126,
      "seasonal_correlation": 0.5463236529140512,
      "residual_autocorr_lag1": 0.8410776867866236,
      "spectral_entropy": -2912.632713714182
    },
    "std": {
      "trend_strength": 0.21163090994633416,
      "trend_linearity": 2.6563448550961625e-05,
      "seasonal_strength": 0.17323874984171567,
      "seasonal_correlation": 0.11883786358129227,
      "residual_autocorr_lag1": 0.14179075950207257,
      "spectral_entropy": 563.4883040927967
    },
    "min": {
      "trend_strength": 0.04690835772959301,
      "trend_linearity": -8.210034063969201e-05,
      "seasonal_strength": 0.0,
      "seasonal_correlation": 0.3468708525729069,
      "residual_autocorr_lag1": 0.5194862997966614,
      "spectral_entropy": -3776.8832786803596
    },
    "max": {
      "trend_strength": 0.9926733184116785,
      "trend_linearity": 3.345185671444703e-05,
      "seasonal_strength": 0.5985851089995105,
      "seasonal_correlation": 0.7848874035838918,
      "residual_autocorr_lag1": 0.9860840994901683,
      "spectral_entropy": -1816.097758507717
    }
  }
}