{
  "model": "timesfm2p5",
  "dataset": "Coastal_T_S_5T",
  "method": "BM",
  "ratio": 0.2,
  "term": "long",
  "imputation_method": "linear",
  "n_windows": 20,
  "period": 288,
  "summary": {
    "mean": {
      "trend_strength": 0.45080337100565676,
      "trend_linearity": -0.00044528241351552615,
      "seasonal_strength": 0.9456940142187934,
      "seasonal_correlation": 0.9021880938240379,
      "residual_autocorr_lag1": 0.8501879052217184,
      "spectral_entropy": -283.04559277201184
    },
    "std": {
      "trend_strength": 0.33369193068034436,
      "trend_linearity": 0.0015301316997646981,
      "seasonal_strength": 0.07326463072218459,
      "seasonal_correlation": 0.14273843830294666,
      "residual_autocorr_lag1": 0.16051297629684175,
      "spectral_entropy": 1190.8807383411386
    },
    "min": {
      "trend_strength": 0.0,
      "trend_linearity": -0.005147158823480473,
      "seasonal_strength": 0.7663896626987357,
      "seasonal_correlation": 0.4991014646923099,
      "residual_autocorr_lag1": 0.4466484594296616,
      "spectral_entropy": -1817.3955113966254
    },
    "max": {
      "trend_strength": 0.9556723089031172,
      "trend_linearity": 0.001768145959936735,
      "seasonal_strength": 0.9986296213510029,
      "seasonal_correlation": 0.9898343995786262,
      "residual_autocorr_lag1": 0.9956975174451842,
      "spectral_entropy": 2470.563259528878
    }
  }
}