{
  "model": "timesfm2p5",
  "dataset": "Coastal_T_S_5T",
  "method": "BM",
  "ratio": 0.3,
  "term": "long",
  "imputation_method": "mean",
  "n_windows": 20,
  "period": 288,
  "summary": {
    "mean": {
      "trend_strength": 0.5703556011639768,
      "trend_linearity": -0.0017136380518469982,
      "seasonal_strength": 0.778522380024438,
      "seasonal_correlation": 0.6683935440196102,
      "residual_autocorr_lag1": 0.788218042010177,
      "spectral_entropy": 1556.601922745143
    },
    "std": {
      "trend_strength": 0.36653406569267033,
      "trend_linearity": 0.011508755924610042,
      "seasonal_strength": 0.15498844780676868,
      "seasonal_correlation": 0.29274264959367885,
      "residual_autocorr_lag1": 0.20212424145794447,
      "spectral_entropy": 977.4175249487189
    },
    "min": {
      "trend_strength": 0.017165578471477594,
      "trend_linearity": -0.012321739549796967,
      "seasonal_strength": 0.32480864487876837,
      "seasonal_correlation": 0.1511241001982827,
      "residual_autocorr_lag1": 0.3645721609289502,
      "spectral_entropy": -109.37981879416718
    },
    "max": {
      "trend_strength": 0.9883396180766436,
      "trend_linearity": 0.04458412888227593,
      "seasonal_strength": 0.999110999534779,
      "seasonal_correlation": 0.9983319797547223,
      "residual_autocorr_lag1": 0.9968184282139291,
      "spectral_entropy": 2685.4978430905876
    }
  }
}