window_idx,n_series,trend_strength,trend_linearity,seasonal_strength,seasonal_correlation,residual_autocorr_lag1,spectral_entropy
0,1,0.8950293710162237,0.0005101963293564546,0.12479570827237607,0.2126434590815289,0.7009251060821917,315.90766285007686
1,1,0.5889133743940304,9.897568613058339e-05,0.0,0.1862545601718125,0.6695162120758665,233.77981465343726
2,1,0.932980826223947,-0.0012915490529297905,0.09141031594809013,0.11982721990580596,0.58328614173392,459.6918485202938
3,1,0.6430129510960063,0.0004415615115962049,0.2971526023466674,0.27983845574941935,0.6131332009558484,720.5114272642024
4,1,0.640246814468884,-0.00028380873799331,0.19971553785665985,0.16022489082069785,0.23021813455530965,100.4283498618897
5,1,0.6965262329373515,-0.00026184939075174496,0.6342599088560811,0.3743415474329344,0.223525952111989,-164.61480812271648
6,1,0.9020568584448708,0.0007830894279474747,0.353654487728272,0.17718279283213675,0.1321950137166932,13.478948514127055
7,1,0.9256928152847225,0.0008428849873434788,0.5939857028507445,0.27774511468530294,0.2707491356920241,90.06731843932342
