window_idx,n_series,trend_strength,trend_linearity,seasonal_strength,seasonal_correlation,residual_autocorr_lag1,spectral_entropy
0,1,0.9997384991362892,0.0009971514554936384,0.7028373363418806,0.47275462536049806,0.4402588480674849,-207.045770830518
1,1,0.9997131521469064,0.0017624867540555942,0.30692768234108425,0.36310267328836177,0.3424743308289415,116.5744530424482
2,1,0.999032064366641,0.0011498882482175504,0.6187055732632152,0.5445212020207708,0.699125547415707,-80.41659065612978
3,1,0.9982168599674179,0.0007000891102988115,0.9511712730818793,0.806445765014075,0.5540879143639763,-352.6392275782331
4,1,0.9920464160002519,0.0005279393065983333,0.8714446846430385,0.9123799875188578,0.7939562238716061,-538.4866007862088
5,1,0.6739207957093126,-1.0920805977954074e-05,0.9841793844646075,0.9886970593020276,0.7439218322864325,-1969.0082007589995
6,1,0.9968135199641102,0.0008351239689708198,0.9846473207117225,0.9521915815391537,0.8249035669723923,-218.05141016335654
