{
  "model": "timesfm2p5",
  "dataset": "current_velocity_20T",
  "method": "BM",
  "ratio": 0.2,
  "term": "long",
  "imputation_method": "linear",
  "n_windows": 14,
  "period": 72,
  "summary": {
    "mean": {
      "trend_strength": 0.5370905660902471,
      "trend_linearity": -0.0007357969224266537,
      "seasonal_strength": 0.9129049612458732,
      "seasonal_correlation": 0.9728948713715461,
      "residual_autocorr_lag1": 0.9032087519653228,
      "spectral_entropy": 1396.5723882652412
    },
    "std": {
      "trend_strength": 0.24791769050639847,
      "trend_linearity": 0.0027071204125097537,
      "seasonal_strength": 0.2538672288370084,
      "seasonal_correlation": 0.028899672059075163,
      "residual_autocorr_lag1": 0.06360504217340127,
      "spectral_entropy": 430.0588762849364
    },
    "min": {
      "trend_strength": 0.03320733554479505,
      "trend_linearity": -0.005327163518026144,
      "seasonal_strength": 0.0,
      "seasonal_correlation": 0.8880175145861248,
      "residual_autocorr_lag1": 0.7761642606082814,
      "spectral_entropy": 679.0796159833594
    },
    "max": {
      "trend_strength": 0.8874780330156418,
      "trend_linearity": 0.005501433086595222,
      "seasonal_strength": 0.9951971882301623,
      "seasonal_correlation": 0.9966075293634636,
      "residual_autocorr_lag1": 0.9750501897649478,
      "spectral_entropy": 2346.319486692079
    }
  }
}