window_idx,n_series,trend_strength,trend_linearity,seasonal_strength,seasonal_correlation,residual_autocorr_lag1,spectral_entropy
0,1,0.7605372160348658,-0.0011677013964000056,0.9927029015178253,0.9968919898330354,0.872043873137141,917.577994327035
1,1,0.8656156358507525,4.9133818242605404e-05,0.9742954955869696,0.9967591505298742,0.870411535934155,1783.5687679571429
2,1,0.9583941936303023,0.004073033119884375,0.9934604013467935,0.9978077741113521,0.825887934710323,888.103348722274
3,1,0.8299148558848548,-0.002255830128832823,0.9798577359848245,0.9955815007338135,0.8551935404169708,1840.190700668281
4,1,0.9630979136959249,0.0029812813942621135,0.997990401293626,0.9987683826288448,0.8139509047716575,1288.4283427630228
