window_idx,n_series,trend_strength,trend_linearity,seasonal_strength,seasonal_correlation,residual_autocorr_lag1,spectral_entropy
0,1,0.6917557967669554,0.0012572521840822982,0.986944255417376,0.9970023343683477,0.8705416753713704,1074.0591116440246
1,1,0.909701671877373,0.0034361781109784584,0.9571627356960802,0.9955185907439152,0.7967603957733964,1903.1693544953187
2,1,0.8926372940705343,0.0034852726834110463,0.9923717336100653,0.9984262248470833,0.8117334025485002,825.3927160535188
3,1,0.8021990791015585,-0.0013084916107067267,0.9941253349931147,0.9983737550557423,0.8850817646758092,1278.969576032801
4,1,0.8127221257191821,0.0018839056253471937,0.9850202652064848,0.9979912261494869,0.9436239435733765,1492.6103061966303
