window_idx,n_series,trend_strength,trend_linearity,seasonal_strength,seasonal_correlation,residual_autocorr_lag1,spectral_entropy
0,1,0.7324040315386418,0.001257272960453999,0.9901622832505239,0.994911263715012,0.7491273038085834,955.2029920112179
1,1,0.7861309935362517,0.004263469638777844,0.9752174391286264,0.9964225222860499,0.762353594149624,1884.243105493831
2,1,0.8676114501858552,0.0020286189047673112,0.996900653866805,0.998843235312674,0.7647894373649298,803.4584873891419
3,1,0.9189214928552438,-0.0043128263177592404,0.9957954407786067,0.9985362474434808,0.8007769605675406,1466.468708015227
4,1,0.9243733490528839,0.002735811746191238,0.9960877727923338,0.998207157735139,0.7663279159198665,1128.5822557862432
