{
  "model": "timesfm2p5",
  "dataset": "current_velocity_H",
  "method": "BM",
  "ratio": 0.2,
  "term": "long",
  "imputation_method": "linear",
  "n_windows": 5,
  "period": 24,
  "summary": {
    "mean": {
      "trend_strength": 0.7516815556568052,
      "trend_linearity": -4.6246229678835843e-05,
      "seasonal_strength": 0.9876488156337493,
      "seasonal_correlation": 0.9982147009209864,
      "residual_autocorr_lag1": 0.8364343262095085,
      "spectral_entropy": 1318.1742358522429
    },
    "std": {
      "trend_strength": 0.1210546565135334,
      "trend_linearity": 0.0016535881616226418,
      "seasonal_strength": 0.010570176330570138,
      "seasonal_correlation": 0.000552548259454255,
      "residual_autocorr_lag1": 0.052847903951894544,
      "spectral_entropy": 423.28614670165115
    },
    "min": {
      "trend_strength": 0.5189618854176505,
      "trend_linearity": -0.0023641452688672425,
      "seasonal_strength": 0.9682929855177204,
      "seasonal_correlation": 0.9972577380972634,
      "residual_autocorr_lag1": 0.7782741572996054,
      "spectral_entropy": 801.1021717042394
    },
    "max": {
      "trend_strength": 0.8704963407846243,
      "trend_linearity": 0.0027907800838399455,
      "seasonal_strength": 0.9970757555644266,
      "seasonal_correlation": 0.9989184452160886,
      "residual_autocorr_lag1": 0.927589598834657,
      "spectral_entropy": 1856.6005103244775
    }
  }
}