window_idx,n_series,trend_strength,trend_linearity,seasonal_strength,seasonal_correlation,residual_autocorr_lag1,spectral_entropy
0,1,0.8971570664338019,2.132213620726708e-05,0.98790282828324,0.9975109037516386,0.8898861648781683,986.9646008152417
1,1,0.7614207876307895,0.0018029059042001731,0.9667004804324533,0.9938988778569025,0.6727743289097585,1754.5108715005717
2,1,0.9891264102583383,0.010462340406222626,0.9962860660458851,0.9986122776575408,0.845320721197133,1362.08293278483
3,1,0.9221682277355299,-0.0029517857968227638,0.9961634610321544,0.9981431663606573,0.6381506221236017,1409.811179285196
4,1,0.8391179426244322,0.0017256713724704404,0.9978728327443094,0.9986466372178163,0.8134400849212345,1026.714888772467
