{
  "model": "timesfm2p5",
  "dataset": "current_velocity_15T",
  "method": "BM",
  "ratio": 0.2,
  "term": "long",
  "imputation_method": "forward",
  "n_windows": 15,
  "period": 96,
  "summary": {
    "mean": {
      "trend_strength": 0.938907135834561,
      "trend_linearity": -3.445227101708059e-05,
      "seasonal_strength": 0.05777454386532783,
      "seasonal_correlation": 0.4699850098614579,
      "residual_autocorr_lag1": 0.8595463867722796,
      "spectral_entropy": -2154.643252760563
    },
    "std": {
      "trend_strength": 0.06324362148047752,
      "trend_linearity": 9.943230355497836e-05,
      "seasonal_strength": 0.06586327545168014,
      "seasonal_correlation": 0.08423212192086971,
      "residual_autocorr_lag1": 0.1057821947664605,
      "spectral_entropy": 609.4992177638742
    },
    "min": {
      "trend_strength": 0.7950279579246364,
      "trend_linearity": -0.00032265064297489274,
      "seasonal_strength": 0.0,
      "seasonal_correlation": 0.32680744012647833,
      "residual_autocorr_lag1": 0.5136495548847361,
      "spectral_entropy": -3248.1076382256006
    },
    "max": {
      "trend_strength": 0.9857010873907568,
      "trend_linearity": 9.743594617750502e-05,
      "seasonal_strength": 0.2082208044403394,
      "seasonal_correlation": 0.6571268765096955,
      "residual_autocorr_lag1": 0.9786115128992462,
      "spectral_entropy": -903.0664285467913
    }
  }
}