{
  "model": "timesfm2p5",
  "dataset": "current_velocity_5T",
  "method": "BM",
  "ratio": 0.1,
  "term": "long",
  "imputation_method": "linear",
  "n_windows": 20,
  "period": 288,
  "summary": {
    "mean": {
      "trend_strength": 0.07679173410784101,
      "trend_linearity": -1.3282000770435725e-05,
      "seasonal_strength": 0.9878002978142069,
      "seasonal_correlation": 0.9351639075651397,
      "residual_autocorr_lag1": 0.5099401470246836,
      "spectral_entropy": -1090.7854943322284
    },
    "std": {
      "trend_strength": 0.10263452111354905,
      "trend_linearity": 3.656350557516312e-05,
      "seasonal_strength": 0.009756335271878601,
      "seasonal_correlation": 0.023782522317811156,
      "residual_autocorr_lag1": 0.23533945779773283,
      "spectral_entropy": 759.8933184182774
    },
    "min": {
      "trend_strength": 0.0,
      "trend_linearity": -7.424309441542871e-05,
      "seasonal_strength": 0.9612744200738808,
      "seasonal_correlation": 0.8949373788737063,
      "residual_autocorr_lag1": 0.19122540712384778,
      "spectral_entropy": -2514.494324341615
    },
    "max": {
      "trend_strength": 0.3858370396002936,
      "trend_linearity": 4.897718965622812e-05,
      "seasonal_strength": 0.9987314949019471,
      "seasonal_correlation": 0.9786502240904338,
      "residual_autocorr_lag1": 0.9922601446129012,
      "spectral_entropy": -152.1474662452727
    }
  }
}