{
  "model": "timesfm2p5",
  "dataset": "current_velocity_15T",
  "method": "BM",
  "ratio": 0.1,
  "term": "long",
  "imputation_method": "mean",
  "n_windows": 15,
  "period": 96,
  "summary": {
    "mean": {
      "trend_strength": 0.6968880817329323,
      "trend_linearity": -6.227167127109231e-05,
      "seasonal_strength": 0.03425959192575967,
      "seasonal_correlation": 0.5894976433433224,
      "residual_autocorr_lag1": 0.8584560853830563,
      "spectral_entropy": -2134.425167997694
    },
    "std": {
      "trend_strength": 0.30021923349846474,
      "trend_linearity": 0.00031328550205298795,
      "seasonal_strength": 0.04650216853305531,
      "seasonal_correlation": 0.10838523172479136,
      "residual_autocorr_lag1": 0.13349943048617943,
      "spectral_entropy": 898.7051782089806
    },
    "min": {
      "trend_strength": 0.13012819270857867,
      "trend_linearity": -0.0012067853146521877,
      "seasonal_strength": 0.0,
      "seasonal_correlation": 0.4269455556773384,
      "residual_autocorr_lag1": 0.44739128112908516,
      "spectral_entropy": -3572.5687863294684
    },
    "max": {
      "trend_strength": 0.998255550139898,
      "trend_linearity": 0.00010948213840613,
      "seasonal_strength": 0.16745213510975487,
      "seasonal_correlation": 0.8504565805420845,
      "residual_autocorr_lag1": 0.993246310727477,
      "spectral_entropy": -62.09990624290069
    }
  }
}