{
  "model": "timesfm2p5",
  "dataset": "current_velocity_20T",
  "method": "BM",
  "ratio": 0.3,
  "term": "long",
  "imputation_method": "forward",
  "n_windows": 14,
  "period": 72,
  "summary": {
    "mean": {
      "trend_strength": 0.5515839310791413,
      "trend_linearity": -0.0007443170878899285,
      "seasonal_strength": 0.7450131774532579,
      "seasonal_correlation": 0.8798055447572368,
      "residual_autocorr_lag1": 0.9220949332045215,
      "spectral_entropy": 1399.5077724264959
    },
    "std": {
      "trend_strength": 0.2439307233047151,
      "trend_linearity": 0.0041988182220454575,
      "seasonal_strength": 0.3519518462934226,
      "seasonal_correlation": 0.2002236381191148,
      "residual_autocorr_lag1": 0.04207403486357812,
      "spectral_entropy": 381.0085066374997
    },
    "min": {
      "trend_strength": 0.20999189168273913,
      "trend_linearity": -0.007271408314935046,
      "seasonal_strength": 0.0,
      "seasonal_correlation": 0.23274896351508056,
      "residual_autocorr_lag1": 0.8455558145242856,
      "spectral_entropy": 259.83740645372427
    },
    "max": {
      "trend_strength": 0.9215980307511296,
      "trend_linearity": 0.011276629216491793,
      "seasonal_strength": 0.989182644611936,
      "seasonal_correlation": 0.9924395515441645,
      "residual_autocorr_lag1": 0.9800388573573947,
      "spectral_entropy": 1845.7673335551267
    }
  }
}