{
  "model": "timesfm2p5",
  "dataset": "current_velocity_15T",
  "method": "BM",
  "ratio": 0.2,
  "term": "long",
  "imputation_method": "backward",
  "n_windows": 15,
  "period": 96,
  "summary": {
    "mean": {
      "trend_strength": 0.9432139361943112,
      "trend_linearity": -4.2052458152356e-05,
      "seasonal_strength": 0.055523329357905285,
      "seasonal_correlation": 0.5009575455717596,
      "residual_autocorr_lag1": 0.8390183404631991,
      "spectral_entropy": -2187.446573231903
    },
    "std": {
      "trend_strength": 0.07307605307396786,
      "trend_linearity": 0.00010807692366736427,
      "seasonal_strength": 0.06334126497987864,
      "seasonal_correlation": 0.11283844402461617,
      "residual_autocorr_lag1": 0.077149669404375,
      "spectral_entropy": 692.7228626104892
    },
    "min": {
      "trend_strength": 0.7176927764939269,
      "trend_linearity": -0.0003089424357358332,
      "seasonal_strength": 0.0,
      "seasonal_correlation": 0.3217849503980552,
      "residual_autocorr_lag1": 0.6700141577115126,
      "spectral_entropy": -3330.086264358337
    },
    "max": {
      "trend_strength": 0.9987187030449177,
      "trend_linearity": 0.00014295161008952764,
      "seasonal_strength": 0.19104207149291108,
      "seasonal_correlation": 0.7022572998939246,
      "residual_autocorr_lag1": 0.9721362772278596,
      "spectral_entropy": -973.5856773114443
    }
  }
}