{
  "model": "timesfm2p5",
  "dataset": "current_velocity_20T",
  "method": "BM",
  "ratio": 0.1,
  "term": "long",
  "imputation_method": "backward",
  "n_windows": 14,
  "period": 72,
  "summary": {
    "mean": {
      "trend_strength": 0.5698790700536286,
      "trend_linearity": -0.00012486121866622343,
      "seasonal_strength": 0.9642034781468818,
      "seasonal_correlation": 0.9816324394411711,
      "residual_autocorr_lag1": 0.884981905074793,
      "spectral_entropy": 1322.8127227628338
    },
    "std": {
      "trend_strength": 0.22812214370931327,
      "trend_linearity": 0.002678864475786632,
      "seasonal_strength": 0.03191547176753379,
      "seasonal_correlation": 0.01720803420644441,
      "residual_autocorr_lag1": 0.06107751581603919,
      "spectral_entropy": 474.7845041468913
    },
    "min": {
      "trend_strength": 0.08848370208012823,
      "trend_linearity": -0.00370715967503637,
      "seasonal_strength": 0.8951653182321565,
      "seasonal_correlation": 0.9428142937273368,
      "residual_autocorr_lag1": 0.7783533320120615,
      "spectral_entropy": 441.5742339175148
    },
    "max": {
      "trend_strength": 0.9289487213437263,
      "trend_linearity": 0.0065533642985920754,
      "seasonal_strength": 0.9975340606356721,
      "seasonal_correlation": 0.997690207963061,
      "residual_autocorr_lag1": 0.9719342942498942,
      "spectral_entropy": 1955.7866383455844
    }
  }
}