{
  "model": "timesfm2p5",
  "dataset": "current_velocity_H",
  "method": "BM",
  "ratio": 0.1,
  "term": "long",
  "imputation_method": "mean",
  "n_windows": 5,
  "period": 24,
  "summary": {
    "mean": {
      "trend_strength": 0.8817980869365784,
      "trend_linearity": 0.002212090804455548,
      "seasonal_strength": 0.9889851337076084,
      "seasonal_correlation": 0.997362372568911,
      "residual_autocorr_lag1": 0.7719143844059791,
      "spectral_entropy": 1308.0168946316612
    },
    "std": {
      "trend_strength": 0.07706789787329694,
      "trend_linearity": 0.00447069890618627,
      "seasonal_strength": 0.011675618587286008,
      "seasonal_correlation": 0.0017798367619865428,
      "residual_autocorr_lag1": 0.09874381983282543,
      "spectral_entropy": 281.0151163603519
    },
    "min": {
      "trend_strength": 0.7614207876307895,
      "trend_linearity": -0.0029517857968227638,
      "seasonal_strength": 0.9667004804324533,
      "seasonal_correlation": 0.9938988778569025,
      "residual_autocorr_lag1": 0.6381506221236017,
      "spectral_entropy": 986.9646008152417
    },
    "max": {
      "trend_strength": 0.9891264102583383,
      "trend_linearity": 0.010462340406222626,
      "seasonal_strength": 0.9978728327443094,
      "seasonal_correlation": 0.9986466372178163,
      "residual_autocorr_lag1": 0.8898861648781683,
      "spectral_entropy": 1754.5108715005717
    }
  }
}