{
  "model": "timesfm2p5",
  "dataset": "current_velocity_15T",
  "method": "BM",
  "ratio": 0.3,
  "term": "long",
  "imputation_method": "linear",
  "n_windows": 15,
  "period": 96,
  "summary": {
    "mean": {
      "trend_strength": 0.8808711196286869,
      "trend_linearity": -5.116557012579718e-05,
      "seasonal_strength": 0.0449482411859852,
      "seasonal_correlation": 0.5147232774300806,
      "residual_autocorr_lag1": 0.8234282479390519,
      "spectral_entropy": -2580.35944637642
    },
    "std": {
      "trend_strength": 0.13352150128436205,
      "trend_linearity": 0.00012180892127088427,
      "seasonal_strength": 0.06490870727921301,
      "seasonal_correlation": 0.06648273607153717,
      "residual_autocorr_lag1": 0.08540695168887731,
      "spectral_entropy": 750.9590639947173
    },
    "min": {
      "trend_strength": 0.4555499659351431,
      "trend_linearity": -0.0004574590681606227,
      "seasonal_strength": 0.0,
      "seasonal_correlation": 0.38711527727669165,
      "residual_autocorr_lag1": 0.5636274394517536,
      "spectral_entropy": -3630.6652291871405
    },
    "max": {
      "trend_strength": 0.9995591043192134,
      "trend_linearity": 6.715915018950997e-05,
      "seasonal_strength": 0.19498480289419107,
      "seasonal_correlation": 0.614904934566046,
      "residual_autocorr_lag1": 0.9211913104634011,
      "spectral_entropy": -655.5097065672685
    }
  }
}