{
  "model": "timesfm2p5",
  "dataset": "current_velocity_H",
  "method": "BM",
  "ratio": 0.1,
  "term": "long",
  "imputation_method": "forward",
  "n_windows": 5,
  "period": 24,
  "summary": {
    "mean": {
      "trend_strength": 0.822650105046064,
      "trend_linearity": 0.000439073027875473,
      "seasonal_strength": 0.9916588276660327,
      "seasonal_correlation": 0.997808008995651,
      "residual_autocorr_lag1": 0.7896890770691641,
      "spectral_entropy": 1272.9838633017814
    },
    "std": {
      "trend_strength": 0.05992673407782229,
      "trend_linearity": 0.003180863940648098,
      "seasonal_strength": 0.005847993802467048,
      "seasonal_correlation": 0.0008585959050737478,
      "residual_autocorr_lag1": 0.06336806897519755,
      "spectral_entropy": 389.5581645863881
    },
    "min": {
      "trend_strength": 0.7690978047975137,
      "trend_linearity": -0.005298771329418816,
      "seasonal_strength": 0.9801623949343624,
      "seasonal_correlation": 0.9967171257569333,
      "residual_autocorr_lag1": 0.6974990984045439,
      "spectral_entropy": 866.9073486131736
    },
    "max": {
      "trend_strength": 0.9391719993743369,
      "trend_linearity": 0.003660768481060881,
      "seasonal_strength": 0.9959005877526127,
      "seasonal_correlation": 0.9988991228979811,
      "residual_autocorr_lag1": 0.8758207617865171,
      "spectral_entropy": 1920.6279064797152
    }
  }
}