{
  "model": "timesfm2p5",
  "dataset": "current_velocity_H",
  "method": "BM",
  "ratio": 0.3,
  "term": "long",
  "imputation_method": "forward",
  "n_windows": 5,
  "period": 24,
  "summary": {
    "mean": {
      "trend_strength": 0.8218031935071206,
      "trend_linearity": 0.0017508233986224541,
      "seasonal_strength": 0.9831248649846241,
      "seasonal_correlation": 0.997462426232915,
      "residual_autocorr_lag1": 0.8615482363884907,
      "spectral_entropy": 1314.8402128844587
    },
    "std": {
      "trend_strength": 0.07761794224935747,
      "trend_linearity": 0.0017589466493992201,
      "seasonal_strength": 0.013406918827663296,
      "seasonal_correlation": 0.0010981109484829803,
      "residual_autocorr_lag1": 0.05300964548147939,
      "spectral_entropy": 367.8462935525006
    },
    "min": {
      "trend_strength": 0.6917557967669554,
      "trend_linearity": -0.0013084916107067267,
      "seasonal_strength": 0.9571627356960802,
      "seasonal_correlation": 0.9955185907439152,
      "residual_autocorr_lag1": 0.7967603957733964,
      "spectral_entropy": 825.3927160535188
    },
    "max": {
      "trend_strength": 0.909701671877373,
      "trend_linearity": 0.0034852726834110463,
      "seasonal_strength": 0.9941253349931147,
      "seasonal_correlation": 0.9984262248470833,
      "residual_autocorr_lag1": 0.9436239435733765,
      "spectral_entropy": 1903.1693544953187
    }
  }
}