window_idx,n_series,trend_strength,trend_linearity,seasonal_strength,seasonal_correlation,residual_autocorr_lag1,spectral_entropy
0,1,0.8136117305322056,0.0021403295060394597,0.9778786596904205,0.9951198323281873,0.859909348225882,976.5768793622899
1,1,0.8872972264421082,0.002305560195378137,0.9692433071541262,0.9939754719453368,0.7905280143284096,1802.8332800185526
2,1,0.9314850010409781,0.0025027982749752102,0.9977152169110116,0.9984042823107268,0.7289368769801726,940.9546254074003
3,1,0.845707639473042,-0.000572044972120501,0.9971868216458443,0.9982603061905861,0.7421301326899752,1482.622875086201
4,1,0.9635322275054036,0.005507639595660903,0.9912600316390977,0.99820977558122,0.9150755552575023,1359.5944273641448
