{
  "model": "timesfm2p5",
  "dataset": "electricity",
  "method": "clean",
  "ratio": null,
  "term": "long",
  "imputation_method": null,
  "n_windows": 20,
  "period": 24,
  "summary": {
    "mean": {
      "trend_strength": 0.4572824287262046,
      "trend_linearity": 0.005846722269469944,
      "seasonal_strength": 0.6659677069319196,
      "seasonal_correlation": 0.9563021429954931,
      "residual_autocorr_lag1": 0.9334053942034595,
      "spectral_entropy": 4514.033071709359
    },
    "std": {
      "trend_strength": 0.10218247710192156,
      "trend_linearity": 0.13613503877327426,
      "seasonal_strength": 0.1381824207747739,
      "seasonal_correlation": 0.03864553008739319,
      "residual_autocorr_lag1": 0.023591027767985693,
      "spectral_entropy": 195.14679072322062
    },
    "min": {
      "trend_strength": 0.2550284056040334,
      "trend_linearity": -0.22165963420994073,
      "seasonal_strength": 0.4003061050153206,
      "seasonal_correlation": 0.8548931149309879,
      "residual_autocorr_lag1": 0.854355893066503,
      "spectral_entropy": 4251.051045854487
    },
    "max": {
      "trend_strength": 0.681654581528291,
      "trend_linearity": 0.23792197754953925,
      "seasonal_strength": 0.8721848301375161,
      "seasonal_correlation": 0.9930037439769545,
      "residual_autocorr_lag1": 0.965441972947481,
      "spectral_entropy": 4940.959870900184
    }
  }
}