{
  "model": "timesfm2p5",
  "dataset": "electricity",
  "method": "BM",
  "ratio": 0.3,
  "term": "long",
  "imputation_method": "backward",
  "n_windows": 20,
  "period": 24,
  "summary": {
    "mean": {
      "trend_strength": 0.5947555825233252,
      "trend_linearity": -0.04030274079486645,
      "seasonal_strength": 0.6879885377922471,
      "seasonal_correlation": 0.9578280132322881,
      "residual_autocorr_lag1": 0.9351276504976982,
      "spectral_entropy": 4275.014679256813
    },
    "std": {
      "trend_strength": 0.1551334474124575,
      "trend_linearity": 0.15195436196182718,
      "seasonal_strength": 0.1680933444134994,
      "seasonal_correlation": 0.05734501436498032,
      "residual_autocorr_lag1": 0.03983155641925358,
      "spectral_entropy": 323.74084293349426
    },
    "min": {
      "trend_strength": 0.3470906008645561,
      "trend_linearity": -0.30326475888301324,
      "seasonal_strength": 0.45336709374877204,
      "seasonal_correlation": 0.7598627805118415,
      "residual_autocorr_lag1": 0.831975254906214,
      "spectral_entropy": 3371.2338196940955
    },
    "max": {
      "trend_strength": 0.9494110887387216,
      "trend_linearity": 0.21894153144320627,
      "seasonal_strength": 0.8774316187662611,
      "seasonal_correlation": 0.9984788696350175,
      "residual_autocorr_lag1": 0.9786411851591679,
      "spectral_entropy": 4976.389699294721
    }
  }
}