{
  "model": "timesfm2p5",
  "dataset": "electricity",
  "method": "BM",
  "ratio": 0.1,
  "term": "long",
  "imputation_method": "mean",
  "n_windows": 20,
  "period": 24,
  "summary": {
    "mean": {
      "trend_strength": 0.45656994270036166,
      "trend_linearity": -0.024278491802846195,
      "seasonal_strength": 0.6414048302572184,
      "seasonal_correlation": 0.9621492361986327,
      "residual_autocorr_lag1": 0.9394563028345827,
      "spectral_entropy": 4466.6891470273695
    },
    "std": {
      "trend_strength": 0.11992113937628349,
      "trend_linearity": 0.10249116310092031,
      "seasonal_strength": 0.15008734283632919,
      "seasonal_correlation": 0.04052913068952154,
      "residual_autocorr_lag1": 0.027098170542190908,
      "spectral_entropy": 228.4302110753863
    },
    "min": {
      "trend_strength": 0.17327753638285381,
      "trend_linearity": -0.25419272670997045,
      "seasonal_strength": 0.38593431414463863,
      "seasonal_correlation": 0.8326320135953089,
      "residual_autocorr_lag1": 0.8688478663217617,
      "spectral_entropy": 4019.5608666200096
    },
    "max": {
      "trend_strength": 0.7190611236026647,
      "trend_linearity": 0.23807668583551905,
      "seasonal_strength": 0.8861853559508756,
      "seasonal_correlation": 0.9982443183612711,
      "residual_autocorr_lag1": 0.978110949570963,
      "spectral_entropy": 4884.746569700677
    }
  }
}