{
  "model": "timesfm2p5",
  "dataset": "ETTh2",
  "method": "BM",
  "ratio": 0.3,
  "term": "long",
  "imputation_method": "linear",
  "n_windows": 15,
  "period": 24,
  "summary": {
    "mean": {
      "trend_strength": 0.9768081059456943,
      "trend_linearity": 0.0008185977042564384,
      "seasonal_strength": 0.9915203475371769,
      "seasonal_correlation": 0.9977007796053432,
      "residual_autocorr_lag1": 0.7898573204130059,
      "spectral_entropy": 889.9553164762171
    },
    "std": {
      "trend_strength": 0.013726808518239155,
      "trend_linearity": 0.004424043434178088,
      "seasonal_strength": 0.00460037384962602,
      "seasonal_correlation": 0.0009841956145550583,
      "residual_autocorr_lag1": 0.05039900045731362,
      "spectral_entropy": 391.5061068909627
    },
    "min": {
      "trend_strength": 0.9529242815205904,
      "trend_linearity": -0.00916406813271263,
      "seasonal_strength": 0.9795437785654817,
      "seasonal_correlation": 0.9958468960134786,
      "residual_autocorr_lag1": 0.6869432394512804,
      "spectral_entropy": 285.5362191687201
    },
    "max": {
      "trend_strength": 0.9968275548087951,
      "trend_linearity": 0.005852432081717939,
      "seasonal_strength": 0.9974324608887521,
      "seasonal_correlation": 0.9990263062251712,
      "residual_autocorr_lag1": 0.8624254251572296,
      "spectral_entropy": 1487.8111053297764
    }
  }
}