{
  "model": "timesfm2p5",
  "dataset": "ETTh2",
  "method": "BM",
  "ratio": 0.1,
  "term": "long",
  "imputation_method": "backward",
  "n_windows": 15,
  "period": 24,
  "summary": {
    "mean": {
      "trend_strength": 0.9533290591295926,
      "trend_linearity": 0.00031200340452014355,
      "seasonal_strength": 0.99411478997523,
      "seasonal_correlation": 0.9980461677227715,
      "residual_autocorr_lag1": 0.8305867835432619,
      "spectral_entropy": 992.8460075586531
    },
    "std": {
      "trend_strength": 0.03979915625715317,
      "trend_linearity": 0.003573509682824309,
      "seasonal_strength": 0.0033817270711966507,
      "seasonal_correlation": 0.0011753706508871456,
      "residual_autocorr_lag1": 0.03780002698914614,
      "spectral_entropy": 326.6500683811278
    },
    "min": {
      "trend_strength": 0.8523779185158189,
      "trend_linearity": -0.004797231893450251,
      "seasonal_strength": 0.9867107041689605,
      "seasonal_correlation": 0.9952289831776567,
      "residual_autocorr_lag1": 0.7504240055458821,
      "spectral_entropy": 378.48053675728477
    },
    "max": {
      "trend_strength": 0.9945429905727442,
      "trend_linearity": 0.006618839089867844,
      "seasonal_strength": 0.9978989141393495,
      "seasonal_correlation": 0.9994432512815503,
      "residual_autocorr_lag1": 0.894818705457393,
      "spectral_entropy": 1421.0465400794571
    }
  }
}