{
  "model": "timesfm2p5",
  "dataset": "ETTh1",
  "method": "BM",
  "ratio": 0.1,
  "term": "long",
  "imputation_method": "forward",
  "n_windows": 15,
  "period": 24,
  "summary": {
    "mean": {
      "trend_strength": 0.934305449905959,
      "trend_linearity": 0.0007819351986751542,
      "seasonal_strength": 0.8858499554549791,
      "seasonal_correlation": 0.9500133214368531,
      "residual_autocorr_lag1": 0.8334895517944855,
      "spectral_entropy": 442.56123316407394
    },
    "std": {
      "trend_strength": 0.06853723865929565,
      "trend_linearity": 0.0018643134676028293,
      "seasonal_strength": 0.22709864366396243,
      "seasonal_correlation": 0.11250754953936017,
      "residual_autocorr_lag1": 0.07302741834102679,
      "spectral_entropy": 496.2450624667919
    },
    "min": {
      "trend_strength": 0.7978977172379143,
      "trend_linearity": -0.001781321291939172,
      "seasonal_strength": 0.2863837159262037,
      "seasonal_correlation": 0.6607705754984056,
      "residual_autocorr_lag1": 0.7134309006399698,
      "spectral_entropy": -261.72997899806103
    },
    "max": {
      "trend_strength": 0.993913004227172,
      "trend_linearity": 0.006178520745898492,
      "seasonal_strength": 0.9920051086964976,
      "seasonal_correlation": 0.9966224780651688,
      "residual_autocorr_lag1": 0.9244655395586776,
      "spectral_entropy": 1587.6921508721825
    }
  }
}