{
  "model": "timesfm2p5",
  "dataset": "ETTh2",
  "method": "BM",
  "ratio": 0.2,
  "term": "long",
  "imputation_method": "forward",
  "n_windows": 15,
  "period": 24,
  "summary": {
    "mean": {
      "trend_strength": 0.9264677585763093,
      "trend_linearity": 0.000587325219039003,
      "seasonal_strength": 0.989417200257075,
      "seasonal_correlation": 0.9973333872310877,
      "residual_autocorr_lag1": 0.876497012767781,
      "spectral_entropy": 1022.7186429955594
    },
    "std": {
      "trend_strength": 0.10037271027660694,
      "trend_linearity": 0.0045464407133079185,
      "seasonal_strength": 0.005943315426342412,
      "seasonal_correlation": 0.001311537047342783,
      "residual_autocorr_lag1": 0.042715449022703016,
      "spectral_entropy": 379.0571099059515
    },
    "min": {
      "trend_strength": 0.6468848307644854,
      "trend_linearity": -0.007959721627209586,
      "seasonal_strength": 0.9739839794880181,
      "seasonal_correlation": 0.9947788954170727,
      "residual_autocorr_lag1": 0.7630115646031433,
      "spectral_entropy": 352.40332936528495
    },
    "max": {
      "trend_strength": 0.9940560533140722,
      "trend_linearity": 0.009411183445299174,
      "seasonal_strength": 0.9965203479583422,
      "seasonal_correlation": 0.9990774031732871,
      "residual_autocorr_lag1": 0.9471680437237069,
      "spectral_entropy": 1822.9259910313642
    }
  }
}