{
  "model": "timesfm2p5",
  "dataset": "ETTh1",
  "method": "BM",
  "ratio": 0.3,
  "term": "long",
  "imputation_method": "backward",
  "n_windows": 15,
  "period": 24,
  "summary": {
    "mean": {
      "trend_strength": 0.97883173603522,
      "trend_linearity": 0.00010545598130997459,
      "seasonal_strength": 0.8352204209999474,
      "seasonal_correlation": 0.8951650810001406,
      "residual_autocorr_lag1": 0.795584749093114,
      "spectral_entropy": 480.4676623570054
    },
    "std": {
      "trend_strength": 0.01730940826278672,
      "trend_linearity": 0.0026461743415143496,
      "seasonal_strength": 0.2617042557262455,
      "seasonal_correlation": 0.21943682753491373,
      "residual_autocorr_lag1": 0.09909782929830803,
      "spectral_entropy": 464.9196420182858
    },
    "min": {
      "trend_strength": 0.9346502977841296,
      "trend_linearity": -0.006125091025155849,
      "seasonal_strength": 0.19395428239836787,
      "seasonal_correlation": 0.23094116930115233,
      "residual_autocorr_lag1": 0.5639222250103371,
      "spectral_entropy": -253.5266258700894
    },
    "max": {
      "trend_strength": 0.9958365713020224,
      "trend_linearity": 0.004553654374941974,
      "seasonal_strength": 0.9906308464788033,
      "seasonal_correlation": 0.9965732390442056,
      "residual_autocorr_lag1": 0.9471311945534212,
      "spectral_entropy": 1295.0528976544906
    }
  }
}