{
  "model": "timesfm2p5",
  "dataset": "ETTh1",
  "method": "BM",
  "ratio": 0.3,
  "term": "long",
  "imputation_method": "linear",
  "n_windows": 15,
  "period": 24,
  "summary": {
    "mean": {
      "trend_strength": 0.9783946063827589,
      "trend_linearity": 0.00040687355986969166,
      "seasonal_strength": 0.8223333069510805,
      "seasonal_correlation": 0.9043125542576552,
      "residual_autocorr_lag1": 0.780727065655114,
      "spectral_entropy": 425.07513757682085
    },
    "std": {
      "trend_strength": 0.018148049025648233,
      "trend_linearity": 0.0026937821045064305,
      "seasonal_strength": 0.30442925479092614,
      "seasonal_correlation": 0.2138676636108896,
      "residual_autocorr_lag1": 0.07825553439912808,
      "spectral_entropy": 503.44013498841093
    },
    "min": {
      "trend_strength": 0.9396145141503042,
      "trend_linearity": -0.0030161811350804734,
      "seasonal_strength": 0.09525277184989822,
      "seasonal_correlation": 0.3545391840405278,
      "residual_autocorr_lag1": 0.6061891717547561,
      "spectral_entropy": -349.8286243199437
    },
    "max": {
      "trend_strength": 0.9986902490456896,
      "trend_linearity": 0.007714039293831994,
      "seasonal_strength": 0.9903149892748557,
      "seasonal_correlation": 0.9964499843558982,
      "residual_autocorr_lag1": 0.8890459933819149,
      "spectral_entropy": 1345.5492611213062
    }
  }
}