{
  "model": "timesfm2p5",
  "dataset": "EWELD_Load_15T",
  "method": "clean",
  "ratio": null,
  "term": "long",
  "imputation_method": null,
  "n_windows": 18,
  "period": 96,
  "summary": {
    "mean": {
      "trend_strength": 0.46909148759523284,
      "trend_linearity": -0.011025133275622823,
      "seasonal_strength": 0.9890916409264068,
      "seasonal_correlation": 0.9942644889227696,
      "residual_autocorr_lag1": 0.8743641813935447,
      "spectral_entropy": 4136.455897076297
    },
    "std": {
      "trend_strength": 0.21212066826467987,
      "trend_linearity": 0.059223198693297965,
      "seasonal_strength": 0.014593383542601536,
      "seasonal_correlation": 0.015403504606573868,
      "residual_autocorr_lag1": 0.08851598628256008,
      "spectral_entropy": 120.39064560319753
    },
    "min": {
      "trend_strength": 0.10404515961413141,
      "trend_linearity": -0.07567295717782589,
      "seasonal_strength": 0.934127795768378,
      "seasonal_correlation": 0.9311041749105391,
      "residual_autocorr_lag1": 0.6166643235901352,
      "spectral_entropy": 3757.7079675618643
    },
    "max": {
      "trend_strength": 0.8961383997580301,
      "trend_linearity": 0.21435098705469682,
      "seasonal_strength": 0.9994264832619201,
      "seasonal_correlation": 0.9996599680336663,
      "residual_autocorr_lag1": 0.9644921702132744,
      "spectral_entropy": 4260.86144200104
    }
  }
}