{
  "model": "timesfm2p5",
  "dataset": "EWELD_Load_15T",
  "method": "BM",
  "ratio": 0.1,
  "term": "long",
  "imputation_method": "linear",
  "n_windows": 18,
  "period": 96,
  "summary": {
    "mean": {
      "trend_strength": 0.3775309372007094,
      "trend_linearity": -0.01021459270355526,
      "seasonal_strength": 0.9823469158671035,
      "seasonal_correlation": 0.9951725357462325,
      "residual_autocorr_lag1": 0.909552261627081,
      "spectral_entropy": 4115.361394159582
    },
    "std": {
      "trend_strength": 0.2214582306939438,
      "trend_linearity": 0.046084693194581194,
      "seasonal_strength": 0.022652201052863304,
      "seasonal_correlation": 0.01043654144947052,
      "residual_autocorr_lag1": 0.06341842417910476,
      "spectral_entropy": 134.22831907435986
    },
    "min": {
      "trend_strength": 0.07206928589499206,
      "trend_linearity": -0.11138350399488572,
      "seasonal_strength": 0.9078725707000428,
      "seasonal_correlation": 0.9526421242921985,
      "residual_autocorr_lag1": 0.7656881601933583,
      "spectral_entropy": 3776.0969254002957
    },
    "max": {
      "trend_strength": 0.878463695856907,
      "trend_linearity": 0.11777603305382457,
      "seasonal_strength": 0.9987978079464046,
      "seasonal_correlation": 0.9993404136083764,
      "residual_autocorr_lag1": 0.9876173765386126,
      "spectral_entropy": 4250.476903897512
    }
  }
}