{
  "model": "timesfm2p5",
  "dataset": "EWELD_Load_15T",
  "method": "BM",
  "ratio": 0.3,
  "term": "long",
  "imputation_method": "backward",
  "n_windows": 18,
  "period": 96,
  "summary": {
    "mean": {
      "trend_strength": 0.3789062984046649,
      "trend_linearity": 0.0019462211161931904,
      "seasonal_strength": 0.9001979152934244,
      "seasonal_correlation": 0.9613977268241661,
      "residual_autocorr_lag1": 0.9529369445851155,
      "spectral_entropy": 3739.6122911565117
    },
    "std": {
      "trend_strength": 0.23106062081220788,
      "trend_linearity": 0.07231404044254536,
      "seasonal_strength": 0.09579628122492598,
      "seasonal_correlation": 0.06270205548821921,
      "residual_autocorr_lag1": 0.03920447245739985,
      "spectral_entropy": 421.53581609262653
    },
    "min": {
      "trend_strength": 0.05973440738410052,
      "trend_linearity": -0.11132819985304304,
      "seasonal_strength": 0.6887406381759011,
      "seasonal_correlation": 0.736181519140988,
      "residual_autocorr_lag1": 0.8576813499216951,
      "spectral_entropy": 2991.175448741474
    },
    "max": {
      "trend_strength": 0.9615136850297453,
      "trend_linearity": 0.1415338834303536,
      "seasonal_strength": 0.9949880999971901,
      "seasonal_correlation": 0.9989113344425361,
      "residual_autocorr_lag1": 0.9944717046520288,
      "spectral_entropy": 4201.487588158938
    }
  }
}