{
  "model": "timesfm2p5",
  "dataset": "exchange_rate",
  "method": "BM",
  "ratio": 0.3,
  "term": "long",
  "imputation_method": "backward",
  "n_windows": 11,
  "period": 7,
  "summary": {
    "mean": {
      "trend_strength": 0.9871541239765306,
      "trend_linearity": -9.550110260235326e-06,
      "seasonal_strength": 0.08529566599579394,
      "seasonal_correlation": 0.027122483473808058,
      "residual_autocorr_lag1": 0.11761252352768779,
      "spectral_entropy": -1810.233461847568
    },
    "std": {
      "trend_strength": 0.026736263683905484,
      "trend_linearity": 6.720181315424229e-05,
      "seasonal_strength": 0.04970519943891341,
      "seasonal_correlation": 0.03259881940558957,
      "residual_autocorr_lag1": 0.1121007729596793,
      "spectral_entropy": 389.6948013245713
    },
    "min": {
      "trend_strength": 0.9040368709464724,
      "trend_linearity": -0.00012938320748464075,
      "seasonal_strength": 0.0,
      "seasonal_correlation": -0.004968161938194032,
      "residual_autocorr_lag1": -0.022380273734641704,
      "spectral_entropy": -2389.28787455756
    },
    "max": {
      "trend_strength": 0.9996556228648019,
      "trend_linearity": 0.00011216966402755891,
      "seasonal_strength": 0.14696877565223176,
      "seasonal_correlation": 0.09281075013151166,
      "residual_autocorr_lag1": 0.39183677041560266,
      "spectral_entropy": -1273.2449341964557
    }
  }
}