{
  "model": "timesfm2p5",
  "dataset": "exchange_rate",
  "method": "clean",
  "ratio": null,
  "term": "long",
  "imputation_method": null,
  "n_windows": 11,
  "period": 7,
  "summary": {
    "mean": {
      "trend_strength": 0.9912331116146575,
      "trend_linearity": -7.121410118048402e-06,
      "seasonal_strength": 0.09172256090467433,
      "seasonal_correlation": 0.0656136092402585,
      "residual_autocorr_lag1": 0.09130849385981703,
      "spectral_entropy": -1764.1984300410477
    },
    "std": {
      "trend_strength": 0.00842052211797367,
      "trend_linearity": 6.866231643752e-05,
      "seasonal_strength": 0.06674148918669641,
      "seasonal_correlation": 0.04538621623797539,
      "residual_autocorr_lag1": 0.06129724122341218,
      "spectral_entropy": 318.38120232689266
    },
    "min": {
      "trend_strength": 0.9759503400777526,
      "trend_linearity": -0.00016826761798137323,
      "seasonal_strength": 0.0,
      "seasonal_correlation": 0.005496898324197782,
      "residual_autocorr_lag1": -0.024058089895205834,
      "spectral_entropy": -2208.8637630006856
    },
    "max": {
      "trend_strength": 0.9995873432353861,
      "trend_linearity": 8.59103857908487e-05,
      "seasonal_strength": 0.1980042662442899,
      "seasonal_correlation": 0.16259583840224437,
      "residual_autocorr_lag1": 0.1728208546767077,
      "spectral_entropy": -1144.3991186806948
    }
  }
}