{
  "model": "timesfm2p5",
  "dataset": "Finland_Traffic_15T",
  "method": "BM",
  "ratio": 0.2,
  "term": "long",
  "imputation_method": "linear",
  "n_windows": 20,
  "period": 96,
  "summary": {
    "mean": {
      "trend_strength": 0.11543366898317935,
      "trend_linearity": -0.007611190756701009,
      "seasonal_strength": 0.9101544772810277,
      "seasonal_correlation": 0.9719900595067154,
      "residual_autocorr_lag1": 0.9607906685802174,
      "spectral_entropy": 3801.3606133916574
    },
    "std": {
      "trend_strength": 0.10873556553153967,
      "trend_linearity": 0.0329655966288472,
      "seasonal_strength": 0.05503344381048342,
      "seasonal_correlation": 0.025613176820516132,
      "residual_autocorr_lag1": 0.03646890119917596,
      "spectral_entropy": 160.52874411016953
    },
    "min": {
      "trend_strength": 0.0,
      "trend_linearity": -0.08620959955006918,
      "seasonal_strength": 0.8024542208078236,
      "seasonal_correlation": 0.9195180015161019,
      "residual_autocorr_lag1": 0.8286769502665149,
      "spectral_entropy": 3514.350271152809
    },
    "max": {
      "trend_strength": 0.3249386294351909,
      "trend_linearity": 0.08995240554860712,
      "seasonal_strength": 0.9941645374660468,
      "seasonal_correlation": 0.9977679196222528,
      "residual_autocorr_lag1": 0.9922569867659355,
      "spectral_entropy": 4079.5328068006274
    }
  }
}