{
  "model": "timesfm2p5",
  "dataset": "Finland_Traffic_15T",
  "method": "BM",
  "ratio": 0.1,
  "term": "long",
  "imputation_method": "mean",
  "n_windows": 20,
  "period": 96,
  "summary": {
    "mean": {
      "trend_strength": 0.057274448819584226,
      "trend_linearity": 0.005425104083384304,
      "seasonal_strength": 0.8912589326254763,
      "seasonal_correlation": 0.9656937700458703,
      "residual_autocorr_lag1": 0.9506626797678382,
      "spectral_entropy": 3876.9870452542973
    },
    "std": {
      "trend_strength": 0.06984980011982232,
      "trend_linearity": 0.02598138394335276,
      "seasonal_strength": 0.04611462167267444,
      "seasonal_correlation": 0.02575169899393078,
      "residual_autocorr_lag1": 0.0319467746224879,
      "spectral_entropy": 140.03622069385364
    },
    "min": {
      "trend_strength": 0.0,
      "trend_linearity": -0.042847251271810376,
      "seasonal_strength": 0.8031623621481697,
      "seasonal_correlation": 0.9025480111057685,
      "residual_autocorr_lag1": 0.8919947738698445,
      "spectral_entropy": 3650.6150115611895
    },
    "max": {
      "trend_strength": 0.26736882529380934,
      "trend_linearity": 0.07665589207655087,
      "seasonal_strength": 0.9685892558985886,
      "seasonal_correlation": 0.9973912938666087,
      "residual_autocorr_lag1": 0.990397915445033,
      "spectral_entropy": 4112.003645905597
    }
  }
}