{
  "model": "timesfm2p5",
  "dataset": "Finland_Traffic_15T",
  "method": "BM",
  "ratio": 0.3,
  "term": "long",
  "imputation_method": "linear",
  "n_windows": 20,
  "period": 96,
  "summary": {
    "mean": {
      "trend_strength": 0.17248917095727162,
      "trend_linearity": -0.003016658484637959,
      "seasonal_strength": 0.9379900303165101,
      "seasonal_correlation": 0.9787991109324429,
      "residual_autocorr_lag1": 0.9653368039970671,
      "spectral_entropy": 3703.8773686586783
    },
    "std": {
      "trend_strength": 0.120162374011654,
      "trend_linearity": 0.021542824691660148,
      "seasonal_strength": 0.04860706021990987,
      "seasonal_correlation": 0.020935206929123765,
      "residual_autocorr_lag1": 0.021797736571861213,
      "spectral_entropy": 283.2542399034847
    },
    "min": {
      "trend_strength": 0.04546750211574513,
      "trend_linearity": -0.07101480993932545,
      "seasonal_strength": 0.8210524105529831,
      "seasonal_correlation": 0.9254660416957666,
      "residual_autocorr_lag1": 0.908267552045959,
      "spectral_entropy": 2694.3137754186714
    },
    "max": {
      "trend_strength": 0.5027917962392037,
      "trend_linearity": 0.023419730814998867,
      "seasonal_strength": 0.9852166118419007,
      "seasonal_correlation": 0.9981458784383628,
      "residual_autocorr_lag1": 0.9933330629594926,
      "spectral_entropy": 4031.3366482533556
    }
  }
}