{
  "model": "timesfm2p5",
  "dataset": "Finland_Traffic_15T",
  "method": "BM",
  "ratio": 0.2,
  "term": "long",
  "imputation_method": "backward",
  "n_windows": 20,
  "period": 96,
  "summary": {
    "mean": {
      "trend_strength": 0.2526055943884376,
      "trend_linearity": -0.011020045629612845,
      "seasonal_strength": 0.9547177316873905,
      "seasonal_correlation": 0.9882935631175395,
      "residual_autocorr_lag1": 0.9587439732082815,
      "spectral_entropy": 3806.1385292704485
    },
    "std": {
      "trend_strength": 0.2129096213968939,
      "trend_linearity": 0.040194738820521256,
      "seasonal_strength": 0.03376039269503525,
      "seasonal_correlation": 0.010444471900600607,
      "residual_autocorr_lag1": 0.034541911631491194,
      "spectral_entropy": 242.06263029564064
    },
    "min": {
      "trend_strength": 0.0,
      "trend_linearity": -0.08514939393416442,
      "seasonal_strength": 0.82580389910986,
      "seasonal_correlation": 0.9547596343805829,
      "residual_autocorr_lag1": 0.8236123739272277,
      "spectral_entropy": 2943.4240135182663
    },
    "max": {
      "trend_strength": 0.6319787919446269,
      "trend_linearity": 0.11673580391883792,
      "seasonal_strength": 0.9883452382364687,
      "seasonal_correlation": 0.998020582490404,
      "residual_autocorr_lag1": 0.9881214933780863,
      "spectral_entropy": 4102.473662708522
    }
  }
}