window_idx,n_series,trend_strength,trend_linearity,seasonal_strength,seasonal_correlation,residual_autocorr_lag1,spectral_entropy
0,1,0.9964419977408558,-0.0013820119867921272,0.902111045228446,0.9859254277910922,0.6834149436024851,406.28435396091874
1,1,0.997699950354566,-0.0008807665664146008,0.8797599710378463,0.975522263754256,0.7278231921108903,77.84394236956359
2,1,0.9962350608396018,0.00017042578393192906,0.9891552569947752,0.994682092992717,0.5307656699672257,-592.5350768088964
3,1,0.8878434007049684,-4.781690880510001e-05,0.9888221609288323,0.9927555403609982,0.6904966217543537,-1600.428735760614
4,1,0.9946722858143855,0.0003968600738406654,0.9837884720663126,0.9926842203076459,0.7675985294956967,-1336.2833747363402
5,1,0.9966022477992459,0.0010842162390822209,0.7609998195924113,0.9644669261307297,0.920243267874598,-61.7416555471348
6,1,0.9672630782489064,-0.00021667773613661073,0.7142785280242849,0.9342045786357968,0.8024333176010241,-485.5120566532068
7,1,0.9935830502773225,0.0004444266863300063,0.06582936186815347,0.4753706093029638,0.7398455681029554,-131.63792833721305
