{
  "model": "timesfm2p5",
  "dataset": "NE_China_Wind_H",
  "method": "BM",
  "ratio": 0.1,
  "term": "long",
  "imputation_method": "forward",
  "n_windows": 8,
  "period": 24,
  "summary": {
    "mean": {
      "trend_strength": 0.9860226974016472,
      "trend_linearity": -0.0002596217386416836,
      "seasonal_strength": 0.9055537542794427,
      "seasonal_correlation": 0.9774867167152392,
      "residual_autocorr_lag1": 0.8071683620037802,
      "spectral_entropy": -464.61745847891376
    },
    "std": {
      "trend_strength": 0.010659951591691464,
      "trend_linearity": 0.0006431130006223765,
      "seasonal_strength": 0.0855326391097657,
      "seasonal_correlation": 0.024966374348564864,
      "residual_autocorr_lag1": 0.08098118984852669,
      "spectral_entropy": 668.7150673565358
    },
    "min": {
      "trend_strength": 0.9662900949332379,
      "trend_linearity": -0.001444367051075106,
      "seasonal_strength": 0.7417868004133341,
      "seasonal_correlation": 0.9148024098368784,
      "residual_autocorr_lag1": 0.6539572328094335,
      "spectral_entropy": -1566.6203652178326
    },
    "max": {
      "trend_strength": 0.99798640609171,
      "trend_linearity": 0.0006154207974045817,
      "seasonal_strength": 0.9867546297854904,
      "seasonal_correlation": 0.9934960651976975,
      "residual_autocorr_lag1": 0.9130364866510895,
      "spectral_entropy": 298.5393063802426
    }
  }
}