{
  "model": "timesfm2p5",
  "dataset": "NE_China_Wind_H",
  "method": "BM",
  "ratio": 0.1,
  "term": "long",
  "imputation_method": "backward",
  "n_windows": 8,
  "period": 24,
  "summary": {
    "mean": {
      "trend_strength": 0.9872617197461205,
      "trend_linearity": -0.0002463413415267946,
      "seasonal_strength": 0.9360216350276689,
      "seasonal_correlation": 0.9815157825049277,
      "residual_autocorr_lag1": 0.738466836256778,
      "spectral_entropy": -490.0451213276768
    },
    "std": {
      "trend_strength": 0.012160265789811508,
      "trend_linearity": 0.0007520684280197574,
      "seasonal_strength": 0.05744957004201789,
      "seasonal_correlation": 0.01424996017868506,
      "residual_autocorr_lag1": 0.0700463220578743,
      "spectral_entropy": 679.2276346238781
    },
    "min": {
      "trend_strength": 0.9638640244239778,
      "trend_linearity": -0.001579836560725794,
      "seasonal_strength": 0.8081983897022089,
      "seasonal_correlation": 0.9495193016193058,
      "residual_autocorr_lag1": 0.6320774676412866,
      "spectral_entropy": -1300.762880398333
    },
    "max": {
      "trend_strength": 0.998102930252256,
      "trend_linearity": 0.0005091326594258501,
      "seasonal_strength": 0.9868166706477433,
      "seasonal_correlation": 0.993744062236831,
      "residual_autocorr_lag1": 0.8382905665938578,
      "spectral_entropy": 389.46967659883336
    }
  }
}