window_idx,n_series,trend_strength,trend_linearity,seasonal_strength,seasonal_correlation,residual_autocorr_lag1,spectral_entropy
0,1,0.9958061177972424,-0.001465117685541987,0.9370998149683716,0.9819826861240315,0.6865806917034873,304.0872445952416
1,1,0.9983777591587188,-0.0014301280108357157,0.9540439809906748,0.9864390876125599,0.7440640925524568,240.586706823209
2,1,0.989249807083089,0.00020833801421053007,0.9292854849003538,0.988390895730098,0.7654475748302858,-292.98204008461545
3,1,0.991265423952938,-0.00015932677010937823,0.8442932933005645,0.9496860207242053,0.7261520569309939,-198.4718021176244
4,1,0.9948624597011344,0.00043439701700318,0.9549839994807667,0.979457000389731,0.6065770460144063,-681.0664026164634
5,1,0.992589674012415,-0.0002521364035540342,0.8044519014034442,0.9641298029112839,0.9087574801128824,219.18970155237014
6,1,0.9998673982230305,0.0018555593445507585,0.4948654886290377,0.4661815342043611,0.43330396892994183,214.38998680738604
7,1,0.9966712173123452,0.0007782386115112444,0.38103055543540576,0.6096442955429583,0.8324218976600304,-69.0738861366359
