window_idx,n_series,trend_strength,trend_linearity,seasonal_strength,seasonal_correlation,residual_autocorr_lag1,spectral_entropy
0,1,0.9961944247607433,-0.0010497085816629041,0.9548686959220808,0.9903597564030056,0.8551329547710081,298.5393063802426
1,1,0.99798640609171,-0.001444367051075106,0.9623519624647396,0.9925256093691229,0.8525156857324128,265.30103370105064
2,1,0.9848678617822859,5.6454764410734586e-05,0.9804973495737768,0.9933924516675836,0.7053971130463952,-992.9903071073101
3,1,0.9853503827024086,-0.00020003438420483594,0.9867546297854904,0.9934960651976975,0.6539572328094335,-1051.8485007163765
4,1,0.972394777091323,0.0003012668360442204,0.9326422636381347,0.9799958084568486,0.801833009091257,-1566.6203652178326
5,1,0.9920904111346741,-0.0003827253303958046,0.8938526531231993,0.9863125563085786,0.9130364866510895,134.72732062565507
6,1,0.9662900949332379,2.6719040345645247e-05,0.7916756793147862,0.969009076482198,0.8619257512648172,-760.3332180463887
7,1,0.9930072207167946,0.0006154207974045817,0.7417868004133341,0.9148024098368784,0.8135486626638285,-43.71493745035036
