{
  "model": "timesfm2p5",
  "dataset": "NE_China_Wind_H",
  "method": "clean",
  "ratio": null,
  "term": "long",
  "imputation_method": null,
  "n_windows": 8,
  "period": 24,
  "summary": {
    "mean": {
      "trend_strength": 0.986956502744905,
      "trend_linearity": -0.00018765824953946862,
      "seasonal_strength": 0.939760402028031,
      "seasonal_correlation": 0.985249343374104,
      "residual_autocorr_lag1": 0.750315670701171,
      "spectral_entropy": -417.60626123545524
    },
    "std": {
      "trend_strength": 0.010013651089740904,
      "trend_linearity": 0.0008105498360361457,
      "seasonal_strength": 0.06714320476251859,
      "seasonal_correlation": 0.014386385557121878,
      "residual_autocorr_lag1": 0.07865385275569231,
      "spectral_entropy": 589.6055614325526
    },
    "min": {
      "trend_strength": 0.9660774170904741,
      "trend_linearity": -0.0015485676312803924,
      "seasonal_strength": 0.7773922746502901,
      "seasonal_correlation": 0.9496708034463248,
      "residual_autocorr_lag1": 0.6409181190827332,
      "spectral_entropy": -1231.2659191487403
    },
    "max": {
      "trend_strength": 0.9979771637860287,
      "trend_linearity": 0.0007536210374324236,
      "seasonal_strength": 0.9890772828045845,
      "seasonal_correlation": 0.9944264689873318,
      "residual_autocorr_lag1": 0.8602434552057692,
      "spectral_entropy": 381.20246296395084
    }
  }
}