{
  "model": "timesfm2p5",
  "dataset": "OpenElectricity_NEM_5T",
  "method": "BM",
  "ratio": 0.1,
  "term": "long",
  "imputation_method": "forward",
  "n_windows": 20,
  "period": 288,
  "summary": {
    "mean": {
      "trend_strength": 0.5184610033165102,
      "trend_linearity": 0.07764000717458043,
      "seasonal_strength": 0.9990627444958307,
      "seasonal_correlation": 0.9971332489911718,
      "residual_autocorr_lag1": 0.8420721018376763,
      "spectral_entropy": 5312.060758293069
    },
    "std": {
      "trend_strength": 0.3010379321327309,
      "trend_linearity": 0.10939177221077252,
      "seasonal_strength": 0.0010485274822463677,
      "seasonal_correlation": 0.002508107341733747,
      "residual_autocorr_lag1": 0.15977292861895592,
      "spectral_entropy": 192.3277800119587
    },
    "min": {
      "trend_strength": 0.0,
      "trend_linearity": -0.15145984327097486,
      "seasonal_strength": 0.9960278874593137,
      "seasonal_correlation": 0.9902172595454759,
      "residual_autocorr_lag1": 0.43395801902921605,
      "spectral_entropy": 4959.949034457397
    },
    "max": {
      "trend_strength": 0.9629333636286184,
      "trend_linearity": 0.28917586912948606,
      "seasonal_strength": 0.9999356180912823,
      "seasonal_correlation": 0.9998678362251116,
      "residual_autocorr_lag1": 0.9913683302476195,
      "spectral_entropy": 5614.494322260372
    }
  }
}