{
  "model": "timesfm2p5",
  "dataset": "OpenElectricity_NEM_5T",
  "method": "BM",
  "ratio": 0.3,
  "term": "long",
  "imputation_method": "backward",
  "n_windows": 20,
  "period": 288,
  "summary": {
    "mean": {
      "trend_strength": 0.48234279437708477,
      "trend_linearity": 0.03388130989587836,
      "seasonal_strength": 0.9986510652366256,
      "seasonal_correlation": 0.9957042257092658,
      "residual_autocorr_lag1": 0.7686519836028882,
      "spectral_entropy": 5169.0716552704225
    },
    "std": {
      "trend_strength": 0.28869167459980827,
      "trend_linearity": 0.12898011420244065,
      "seasonal_strength": 0.0014245127949961524,
      "seasonal_correlation": 0.0029616257016816423,
      "residual_autocorr_lag1": 0.22168557542461556,
      "spectral_entropy": 464.15940691951454
    },
    "min": {
      "trend_strength": 0.017992713216221867,
      "trend_linearity": -0.2328187216753993,
      "seasonal_strength": 0.9940024914395243,
      "seasonal_correlation": 0.9900172301117635,
      "residual_autocorr_lag1": 0.22221110958194104,
      "spectral_entropy": 3763.531240345441
    },
    "max": {
      "trend_strength": 0.9505496212521009,
      "trend_linearity": 0.22662996737103683,
      "seasonal_strength": 0.999950682486288,
      "seasonal_correlation": 0.9991240051937819,
      "residual_autocorr_lag1": 0.9929130084241228,
      "spectral_entropy": 5572.132687949586
    }
  }
}