{
  "model": "timesfm2p5",
  "dataset": "Port_Activity_D",
  "method": "clean",
  "ratio": null,
  "term": "long",
  "imputation_method": null,
  "n_windows": 3,
  "period": 7,
  "summary": {
    "mean": {
      "trend_strength": 0.7824088290721568,
      "trend_linearity": -0.13232303198980555,
      "seasonal_strength": 0.0,
      "seasonal_correlation": 0.18911347778988497,
      "residual_autocorr_lag1": 0.6849668240647051,
      "spectral_entropy": 2875.4410894189873
    },
    "std": {
      "trend_strength": 0.08845607880437292,
      "trend_linearity": 0.3294109685683078,
      "seasonal_strength": 0.0,
      "seasonal_correlation": 0.17628057459882973,
      "residual_autocorr_lag1": 0.0661358955824883,
      "spectral_entropy": 137.6673038341146
    },
    "min": {
      "trend_strength": 0.6808034214103661,
      "trend_linearity": -0.3751279672945796,
      "seasonal_strength": 0.0,
      "seasonal_correlation": 0.009756350227528526,
      "residual_autocorr_lag1": 0.6309114732472336,
      "spectral_entropy": 2683.0304765444835
    },
    "max": {
      "trend_strength": 0.8964094178880668,
      "trend_linearity": 0.3333928130724628,
      "seasonal_strength": 0.0,
      "seasonal_correlation": 0.4287437906964929,
      "residual_autocorr_lag1": 0.7780963096812313,
      "spectral_entropy": 2997.376667082462
    }
  }
}