{
  "model": "timesfm2p5",
  "dataset": "Port_Activity_D",
  "method": "BM",
  "ratio": 0.3,
  "term": "long",
  "imputation_method": "backward",
  "n_windows": 3,
  "period": 7,
  "summary": {
    "mean": {
      "trend_strength": 0.8980513790528462,
      "trend_linearity": 0.3691104343033871,
      "seasonal_strength": 0.5694772034102311,
      "seasonal_correlation": 0.5381901510438278,
      "residual_autocorr_lag1": 0.2633799766566916,
      "spectral_entropy": 2846.8623505622604
    },
    "std": {
      "trend_strength": 0.10438350625543559,
      "trend_linearity": 0.5464566589662864,
      "seasonal_strength": 0.2529096941351864,
      "seasonal_correlation": 0.2922677910156948,
      "residual_autocorr_lag1": 0.1321860976316432,
      "spectral_entropy": 190.49330576875877
    },
    "min": {
      "trend_strength": 0.7525506529310708,
      "trend_linearity": -0.18233201295051674,
      "seasonal_strength": 0.27352929437615436,
      "seasonal_correlation": 0.27498092068783025,
      "residual_autocorr_lag1": 0.11165902380037268,
      "spectral_entropy": 2693.737816027968
    },
    "max": {
      "trend_strength": 0.9923894374699996,
      "trend_linearity": 1.113719427783492,
      "seasonal_strength": 0.8913939543722463,
      "seasonal_correlation": 0.9457863753141019,
      "residual_autocorr_lag1": 0.43382010712789276,
      "spectral_entropy": 3115.378276317092
    }
  }
}