window_idx,n_series,trend_strength,trend_linearity,seasonal_strength,seasonal_correlation,residual_autocorr_lag1,spectral_entropy
0,1,0.9712380524689925,-0.5683754055280061,0.898677677499796,0.958752457562896,0.3553115451303871,3161.8930589498586
1,1,0.9995428485197513,-5.23010614341897,0.5194534908127268,0.5113890431669115,0.23392576779325394,3438.526875051557
2,1,0.9592656951572354,0.533723561101075,0.5515019198809519,0.4885195021131992,0.497699051194342,2719.5321566202797
