window_idx,n_series,trend_strength,trend_linearity,seasonal_strength,seasonal_correlation,residual_autocorr_lag1,spectral_entropy
0,1,0.6808034214103661,-0.3552339417472999,0.0,0.4287437906964929,0.7780963096812313,2997.376667082462
1,1,0.7964133460800664,-0.11774299939201452,0.3502903303063999,0.29385897857962856,0.4964908740442572,2945.8351753062525
2,1,0.42591612395830813,0.20361735931647804,0.15056452030860346,0.03769624632424098,0.5884094364723567,2667.907632286104
