window_idx,n_series,trend_strength,trend_linearity,seasonal_strength,seasonal_correlation,residual_autocorr_lag1,spectral_entropy
0,1,0.7464501665314203,-0.12490327447663009,0.5897963156794631,0.3143199256890498,0.3932362078926618,2879.9268841732173
1,1,0.9728054887362786,0.3986044757566977,0.22205793038067845,0.020571527439717487,0.21679815086952542,2474.682008162752
2,1,0.9622391640459265,0.3961047729696653,0.1341717257738324,0.08335238612078964,0.2944482366993551,2765.371961447534
