{
  "model": "timesfm2p5",
  "dataset": "Port_Activity_D",
  "method": "BM",
  "ratio": 0.3,
  "term": "long",
  "imputation_method": "linear",
  "n_windows": 3,
  "period": 7,
  "summary": {
    "mean": {
      "trend_strength": 0.9682238198416687,
      "trend_linearity": 0.555012142900889,
      "seasonal_strength": 0.6525143592239419,
      "seasonal_correlation": 0.5675377854638153,
      "residual_autocorr_lag1": 0.34684120429720666,
      "spectral_entropy": 2970.375795535166
    },
    "std": {
      "trend_strength": 0.027508525863639974,
      "trend_linearity": 1.1784037777021188,
      "seasonal_strength": 0.23453992605188803,
      "seasonal_correlation": 0.2638737628962109,
      "residual_autocorr_lag1": 0.01832938410554776,
      "spectral_entropy": 207.13137452636607
    },
    "min": {
      "trend_strength": 0.9309987269464248,
      "trend_linearity": -0.8865429854609378,
      "seasonal_strength": 0.3531568960515966,
      "seasonal_correlation": 0.38042935820693774,
      "residual_autocorr_lag1": 0.32186770041978974,
      "spectral_entropy": 2699.1591963552924
    },
    "max": {
      "trend_strength": 0.9966240032355188,
      "trend_linearity": 1.9999390728028705,
      "seasonal_strength": 0.9258955455185847,
      "seasonal_correlation": 0.9407111533978951,
      "residual_autocorr_lag1": 0.3653439815513989,
      "spectral_entropy": 3201.829161334848
    }
  }
}