window_idx,n_series,trend_strength,trend_linearity,seasonal_strength,seasonal_correlation,residual_autocorr_lag1,spectral_entropy
0,1,0.9120303057261022,-0.30324186508497125,0.637138223136642,0.36368947249434325,0.27965747577110295,3008.0122569865007
1,1,0.999764175689088,-12.840088946325238,0.17762941735871307,0.2808223291208681,0.2793202129365204,3843.0570189086293
2,1,0.8860913838233169,0.18969822253417393,0.06641031230243488,0.1080874550469754,0.3084597293157092,2560.9968664663274
