window_idx,n_series,trend_strength,trend_linearity,seasonal_strength,seasonal_correlation,residual_autocorr_lag1,spectral_entropy
0,1,0.6808034214103661,-0.3552339417472999,0.0,0.4287437906964929,0.7780963096812313,2997.376667082462
1,1,0.9853186446697245,0.742673047187834,0.3331779273743394,0.2854883543810829,0.23127520229350923,2867.188051370914
2,1,0.9314121442539235,0.3262429138683677,0.4866448604613358,0.07890921670504779,0.05814832018050036,2521.117428349461
