{
  "model": "timesfm2p5",
  "dataset": "Port_Activity_D",
  "method": "BM",
  "ratio": 0.1,
  "term": "long",
  "imputation_method": "backward",
  "n_windows": 3,
  "period": 7,
  "summary": {
    "mean": {
      "trend_strength": 0.8658447367780048,
      "trend_linearity": 0.23789400643630057,
      "seasonal_strength": 0.27327426261189175,
      "seasonal_correlation": 0.26438045392754117,
      "residual_autocorr_lag1": 0.355839944051747,
      "spectral_entropy": 2795.227382267612
    },
    "std": {
      "trend_strength": 0.13268180983467956,
      "trend_linearity": 0.45255134969892874,
      "seasonal_strength": 0.2031372964972821,
      "seasonal_correlation": 0.14359715616058563,
      "residual_autocorr_lag1": 0.3068317215929154,
      "spectral_entropy": 200.98004717381033
    },
    "min": {
      "trend_strength": 0.6808034214103661,
      "trend_linearity": -0.3552339417472999,
      "seasonal_strength": 0.0,
      "seasonal_correlation": 0.07890921670504779,
      "residual_autocorr_lag1": 0.05814832018050036,
      "spectral_entropy": 2521.117428349461
    },
    "max": {
      "trend_strength": 0.9853186446697245,
      "trend_linearity": 0.742673047187834,
      "seasonal_strength": 0.4866448604613358,
      "seasonal_correlation": 0.4287437906964929,
      "residual_autocorr_lag1": 0.7780963096812313,
      "spectral_entropy": 2997.376667082462
    }
  }
}