window_idx,n_series,trend_strength,trend_linearity,seasonal_strength,seasonal_correlation,residual_autocorr_lag1,spectral_entropy
0,1,0.8475569551944444,-0.1748204477230242,0.5711015982679619,0.3969005010546157,0.29342943053050996,2903.2852615599386
1,1,0.9880143620748117,1.9577491298058118,0.17079406352774162,0.23125915315195097,0.43701511747571475,2872.805513396838
2,1,0.9899710473334282,1.4662185853965404,0.5145645787635076,0.21063837984578512,0.12243775200998835,3015.0873501220544
