{
  "model": "timesfm2p5",
  "dataset": "Port_Activity_D",
  "method": "BM",
  "ratio": 0.1,
  "term": "long",
  "imputation_method": "forward",
  "n_windows": 3,
  "period": 7,
  "summary": {
    "mean": {
      "trend_strength": 0.6343776304829135,
      "trend_linearity": -0.08978652727427879,
      "seasonal_strength": 0.1669516168716678,
      "seasonal_correlation": 0.2534330052001208,
      "residual_autocorr_lag1": 0.6209988733992817,
      "spectral_entropy": 2870.3731582249397
    },
    "std": {
      "trend_strength": 0.15477631913488257,
      "trend_linearity": 0.22900490158527412,
      "seasonal_strength": 0.14347411282612876,
      "seasonal_correlation": 0.16218351741705564,
      "residual_autocorr_lag1": 0.11725174879856595,
      "spectral_entropy": 144.70279481036567
    },
    "min": {
      "trend_strength": 0.42591612395830813,
      "trend_linearity": -0.3552339417472999,
      "seasonal_strength": 0.0,
      "seasonal_correlation": 0.03769624632424098,
      "residual_autocorr_lag1": 0.4964908740442572,
      "spectral_entropy": 2667.907632286104
    },
    "max": {
      "trend_strength": 0.7964133460800664,
      "trend_linearity": 0.20361735931647804,
      "seasonal_strength": 0.3502903303063999,
      "seasonal_correlation": 0.4287437906964929,
      "residual_autocorr_lag1": 0.7780963096812313,
      "spectral_entropy": 2997.376667082462
    }
  }
}