{
  "model": "timesfm2p5",
  "dataset": "Supply_Chain_Customer_D",
  "method": "BM",
  "ratio": 0.2,
  "term": "long",
  "imputation_method": "mean",
  "n_windows": 3,
  "period": 7,
  "summary": {
    "mean": {
      "trend_strength": 0.9545006012286912,
      "trend_linearity": 11.775660435462163,
      "seasonal_strength": 0.9949764155866404,
      "seasonal_correlation": 0.9966250758274597,
      "residual_autocorr_lag1": 0.42008913874781634,
      "spectral_entropy": 5116.8680999509825
    },
    "std": {
      "trend_strength": 0.011528956269106137,
      "trend_linearity": 19.938507565097748,
      "seasonal_strength": 0.001284956853150352,
      "seasonal_correlation": 0.0007391843950028586,
      "residual_autocorr_lag1": 0.09765945069879733,
      "spectral_entropy": 196.09942116820892
    },
    "min": {
      "trend_strength": 0.9421488177197275,
      "trend_linearity": -8.811043931203512,
      "seasonal_strength": 0.9933642525927278,
      "seasonal_correlation": 0.9960338057545215,
      "residual_autocorr_lag1": 0.2821275747995432,
      "spectral_entropy": 4839.60658818477
    },
    "max": {
      "trend_strength": 0.9698933434264216,
      "trend_linearity": 38.75603836860498,
      "seasonal_strength": 0.9965086988685581,
      "seasonal_correlation": 0.9976672965123038,
      "residual_autocorr_lag1": 0.4946383694194037,
      "spectral_entropy": 5260.696455625894
    }
  }
}