window_idx,n_series,trend_strength,trend_linearity,seasonal_strength,seasonal_correlation,residual_autocorr_lag1,spectral_entropy
0,1,0.9305095189036409,-9.063642497726525,0.9931218745974119,0.9982706571145472,0.6493840589884962,4712.810918521113
1,1,0.973230794982038,1.1553416650881652,0.9945247979908768,0.9886984510056107,0.4537859927346749,4400.443301947145
2,1,0.9304883390373696,14.738455065353417,0.9929937066979683,0.9938262148190169,0.3622837406499969,4867.527930883554
