window_idx,n_series,trend_strength,trend_linearity,seasonal_strength,seasonal_correlation,residual_autocorr_lag1,spectral_entropy
0,1,0.9479222635883006,-9.419840742428844,0.9963063823275742,0.9972721003778859,0.4426782922519202,4669.0075188153205
1,1,0.9420616722834908,-1.964929905086009,0.9962815029634124,0.996639081267991,0.36752254517064525,4772.753491665918
2,1,0.9266137824293101,8.885875198583362,0.9959395265207447,0.9941433825118493,0.27026547564737224,4770.208599837812
