window_idx,n_series,trend_strength,trend_linearity,seasonal_strength,seasonal_correlation,residual_autocorr_lag1,spectral_entropy
0,1,0.9404914941985861,-31.48896831810841,0.9916150104517403,0.997058518364577,0.4244602253340078,5034.2315351476045
1,1,0.9711048951845553,7.221354659705005,0.9967304928654986,0.9975700946140034,0.29341821554141767,5230.069888727874
2,1,0.9019498199266537,14.092654514675198,0.9950487820269313,0.9982228890421012,0.3473470854633932,5252.338683441626
