window_idx,n_series,trend_strength,trend_linearity,seasonal_strength,seasonal_correlation,residual_autocorr_lag1,spectral_entropy
0,1,0.9568484770639107,-15.03610246700608,0.9957341708462613,0.9979295225206862,0.32470386120597494,5025.829300642679
1,1,0.9739919343668542,14.661990452964371,0.9953246870584176,0.997401460562359,0.25422752530510345,5243.462554977048
2,1,0.9309248695155488,22.84934357566559,0.9933688355498317,0.9970134719625835,0.3143068280857823,5276.772876306258
