{
  "model": "timesfm2p5",
  "dataset": "Supply_Chain_Customer_D",
  "method": "BM",
  "ratio": 0.1,
  "term": "long",
  "imputation_method": "linear",
  "n_windows": 3,
  "period": 7,
  "summary": {
    "mean": {
      "trend_strength": 0.9317767096366444,
      "trend_linearity": -2.773022917719494,
      "seasonal_strength": 0.9932286854555413,
      "seasonal_correlation": 0.9973245208745022,
      "residual_autocorr_lag1": 0.3248479490928717,
      "spectral_entropy": 5175.708951730038
    },
    "std": {
      "trend_strength": 0.029667082534942744,
      "trend_linearity": 15.844242588613119,
      "seasonal_strength": 0.001390648446393485,
      "seasonal_correlation": 0.00023511900230303062,
      "residual_autocorr_lag1": 0.046406148769075305,
      "spectral_entropy": 115.2730016279673
    },
    "min": {
      "trend_strength": 0.8961321003692418,
      "trend_linearity": -24.717286044954548,
      "seasonal_strength": 0.9919837913406685,
      "seasonal_correlation": 0.9969946781227609,
      "residual_autocorr_lag1": 0.2694729057810034,
      "spectral_entropy": 5015.302442450511
    },
    "max": {
      "trend_strength": 0.9687640880200944,
      "trend_linearity": 12.123012526249422,
      "seasonal_strength": 0.9951696671671493,
      "seasonal_correlation": 0.997525832320567,
      "residual_autocorr_lag1": 0.3830395589833828,
      "spectral_entropy": 5281.093770897243
    }
  }
}