window_idx,n_series,trend_strength,trend_linearity,seasonal_strength,seasonal_correlation,residual_autocorr_lag1,spectral_entropy
0,1,0.9698933434264216,-8.811043931203512,0.9965086988685581,0.9976672965123038,0.48350147202450217,4839.60658818477
1,1,0.9421488177197275,5.381986868985017,0.9950562952986352,0.9961741252155542,0.2821275747995432,5250.301256042283
2,1,0.9514596425399245,38.75603836860498,0.9933642525927278,0.9960338057545215,0.4946383694194037,5260.696455625894
