{
  "model": "timesfm2p5",
  "dataset": "Supply_Chain_Customer_D",
  "method": "BM",
  "ratio": 0.2,
  "term": "long",
  "imputation_method": "backward",
  "n_windows": 3,
  "period": 7,
  "summary": {
    "mean": {
      "trend_strength": 0.9308892736185331,
      "trend_linearity": -55.831595113375016,
      "seasonal_strength": 0.995402039882172,
      "seasonal_correlation": 0.9804837816075848,
      "residual_autocorr_lag1": 0.33659152451055113,
      "spectral_entropy": 5125.253121362725
    },
    "std": {
      "trend_strength": 0.08245005806851068,
      "trend_linearity": 49.70506078063909,
      "seasonal_strength": 0.0029834039435778573,
      "seasonal_correlation": 0.024203267777282985,
      "residual_autocorr_lag1": 0.0727934921733353,
      "spectral_entropy": 134.4158051118302
    },
    "min": {
      "trend_strength": 0.8149009649786924,
      "trend_linearity": -122.99729475416777,
      "seasonal_strength": 0.9912040312156125,
      "seasonal_correlation": 0.9462554030410234,
      "residual_autocorr_lag1": 0.2651197162247303,
      "spectral_entropy": 4935.257836676944
    },
    "max": {
      "trend_strength": 0.9992300364360703,
      "trend_linearity": -4.291401540835114,
      "seasonal_strength": 0.9978665453268762,
      "seasonal_correlation": 0.9977020486330559,
      "residual_autocorr_lag1": 0.4364926390049464,
      "spectral_entropy": 5225.519240114316
    }
  }
}