{
  "model": "timesfm2p5",
  "dataset": "Supply_Chain_Customer_D",
  "method": "BM",
  "ratio": 0.1,
  "term": "long",
  "imputation_method": "mean",
  "n_windows": 3,
  "period": 7,
  "summary": {
    "mean": {
      "trend_strength": 0.9531222561700092,
      "trend_linearity": 10.675722680383592,
      "seasonal_strength": 0.9952593797776305,
      "seasonal_correlation": 0.9976780646223297,
      "residual_autocorr_lag1": 0.33657016529487827,
      "spectral_entropy": 5205.342665399764
    },
    "std": {
      "trend_strength": 0.01571025387728412,
      "trend_linearity": 15.952357550465035,
      "seasonal_strength": 0.0012443346951305344,
      "seasonal_correlation": 0.0003812613961565095,
      "residual_autocorr_lag1": 0.04755869315277933,
      "spectral_entropy": 93.2046135054186
    },
    "min": {
      "trend_strength": 0.9387078845305683,
      "trend_linearity": -11.030248613796033,
      "seasonal_strength": 0.9935063373423327,
      "seasonal_correlation": 0.9973169371531148,
      "residual_autocorr_lag1": 0.2815015548622832,
      "spectral_entropy": 5074.928052891979
    },
    "max": {
      "trend_strength": 0.9749714204425598,
      "trend_linearity": 26.853619102219376,
      "seasonal_strength": 0.9962688856383494,
      "seasonal_correlation": 0.9982053711889216,
      "residual_autocorr_lag1": 0.39754591262074457,
      "spectral_entropy": 5287.123191056502
    }
  }
}