{
  "model": "timesfm2p5",
  "dataset": "Supply_Chain_Location_D",
  "method": "BM",
  "ratio": 0.2,
  "term": "long",
  "imputation_method": "forward",
  "n_windows": 3,
  "period": 7,
  "summary": {
    "mean": {
      "trend_strength": 0.9415910225141518,
      "trend_linearity": -5.564051851477127,
      "seasonal_strength": 0.9903035300596889,
      "seasonal_correlation": 0.9901660986690223,
      "residual_autocorr_lag1": 0.44059765494053454,
      "spectral_entropy": 4620.259058316118
    },
    "std": {
      "trend_strength": 0.03690705354792924,
      "trend_linearity": 12.670835169610086,
      "seasonal_strength": 0.004660705803999858,
      "seasonal_correlation": 0.009897934160141052,
      "residual_autocorr_lag1": 0.18411861615978622,
      "spectral_entropy": 245.50387781765465
    },
    "min": {
      "trend_strength": 0.906304296772125,
      "trend_linearity": -18.255807066042422,
      "seasonal_strength": 0.9839066137782526,
      "seasonal_correlation": 0.9762234959670559,
      "residual_autocorr_lag1": 0.2948242283720272,
      "spectral_entropy": 4279.43655779209
    },
    "max": {
      "trend_strength": 0.992541008483129,
      "trend_linearity": 11.736943647608777,
      "seasonal_strength": 0.9948778023060836,
      "seasonal_correlation": 0.9982128177895583,
      "residual_autocorr_lag1": 0.7003321091925319,
      "spectral_entropy": 4848.0135591632725
    }
  }
}