{
  "model": "timesfm2p5",
  "dataset": "Supply_Chain_Customer_D",
  "method": "BM",
  "ratio": 0.3,
  "term": "long",
  "imputation_method": "forward",
  "n_windows": 3,
  "period": 7,
  "summary": {
    "mean": {
      "trend_strength": 0.9503941678654728,
      "trend_linearity": -18.945173099191745,
      "seasonal_strength": 0.9968529626625381,
      "seasonal_correlation": 0.9971721273890513,
      "residual_autocorr_lag1": 0.3012265462246691,
      "spectral_entropy": 5142.021064818969
    },
    "std": {
      "trend_strength": 0.03769024831100598,
      "trend_linearity": 14.471517834661661,
      "seasonal_strength": 0.0004936931992234278,
      "seasonal_correlation": 0.0001782310049166446,
      "residual_autocorr_lag1": 0.07042338238520597,
      "spectral_entropy": 81.5179233806834
    },
    "min": {
      "trend_strength": 0.8971804107734168,
      "trend_linearity": -38.37634929971301,
      "seasonal_strength": 0.9962368779868391,
      "seasonal_correlation": 0.9969203243236611,
      "residual_autocorr_lag1": 0.2106172928959957,
      "spectral_entropy": 5027.292473615329
    },
    "max": {
      "trend_strength": 0.9796570337474422,
      "trend_linearity": -3.6654780394435695,
      "seasonal_strength": 0.9974454856090692,
      "seasonal_correlation": 0.9973078191651268,
      "residual_autocorr_lag1": 0.3823313347360509,
      "spectral_entropy": 5209.1716017201625
    }
  }
}