{
  "model": "timesfm2p5",
  "dataset": "Water_Quality_Darwin_15T",
  "method": "BM",
  "ratio": 0.2,
  "term": "long",
  "imputation_method": "forward",
  "n_windows": 16,
  "period": 96,
  "summary": {
    "mean": {
      "trend_strength": 0.6881380030688902,
      "trend_linearity": 0.0005537146859152512,
      "seasonal_strength": 0.8713088245121493,
      "seasonal_correlation": 0.9477972885454413,
      "residual_autocorr_lag1": 0.9155828201625483,
      "spectral_entropy": 265.6807722293913
    },
    "std": {
      "trend_strength": 0.23719433459139125,
      "trend_linearity": 0.002931633334888106,
      "seasonal_strength": 0.1519216098768975,
      "seasonal_correlation": 0.07791119554451324,
      "residual_autocorr_lag1": 0.10559416289119958,
      "spectral_entropy": 615.6956059100689
    },
    "min": {
      "trend_strength": 0.14707359630749606,
      "trend_linearity": -0.007660917252160921,
      "seasonal_strength": 0.39798557875375395,
      "seasonal_correlation": 0.6869530775151682,
      "residual_autocorr_lag1": 0.5870305573918371,
      "spectral_entropy": -979.6438986677567
    },
    "max": {
      "trend_strength": 0.9765527608745357,
      "trend_linearity": 0.0062967845416511984,
      "seasonal_strength": 0.9929578096319297,
      "seasonal_correlation": 0.9967237592445516,
      "residual_autocorr_lag1": 0.996842952707532,
      "spectral_entropy": 1135.3764485446409
    }
  }
}