{
  "model": "timesfm2p5",
  "dataset": "Water_Quality_Darwin_15T",
  "method": "BM",
  "ratio": 0.3,
  "term": "long",
  "imputation_method": "mean",
  "n_windows": 16,
  "period": 96,
  "summary": {
    "mean": {
      "trend_strength": 0.6531780813122603,
      "trend_linearity": 0.0015729322128907929,
      "seasonal_strength": 0.6440677750794556,
      "seasonal_correlation": 0.841430224416068,
      "residual_autocorr_lag1": 0.9389201173225711,
      "spectral_entropy": 856.0697757407299
    },
    "std": {
      "trend_strength": 0.2766843059026492,
      "trend_linearity": 0.005155788858139063,
      "seasonal_strength": 0.31242234225791204,
      "seasonal_correlation": 0.19736759835477596,
      "residual_autocorr_lag1": 0.046513338512934904,
      "spectral_entropy": 660.1713378688304
    },
    "min": {
      "trend_strength": 0.1142746789367679,
      "trend_linearity": -0.009174661760124207,
      "seasonal_strength": 0.06713647620001484,
      "seasonal_correlation": 0.34180627518143053,
      "residual_autocorr_lag1": 0.8431125223726484,
      "spectral_entropy": -158.35772341489422
    },
    "max": {
      "trend_strength": 0.9911498156384162,
      "trend_linearity": 0.01427925553968127,
      "seasonal_strength": 0.98907745948749,
      "seasonal_correlation": 0.9865229690958041,
      "residual_autocorr_lag1": 0.9936061359973426,
      "spectral_entropy": 1824.1468867611056
    }
  }
}