{
  "model": "timesfm2p5",
  "dataset": "weather",
  "method": "BM",
  "ratio": 0.3,
  "term": "long",
  "imputation_method": "mean",
  "n_windows": 20,
  "period": 144,
  "summary": {
    "mean": {
      "trend_strength": 0.34895864419464967,
      "trend_linearity": -0.0024963425342919934,
      "seasonal_strength": 0.7320239139948159,
      "seasonal_correlation": 0.8064532031556599,
      "residual_autocorr_lag1": 0.9602024499355482,
      "spectral_entropy": 1106.0018129513176
    },
    "std": {
      "trend_strength": 0.2645840896939487,
      "trend_linearity": 0.007952150785696551,
      "seasonal_strength": 0.32890292812098226,
      "seasonal_correlation": 0.2892237784179393,
      "residual_autocorr_lag1": 0.03817988911438421,
      "spectral_entropy": 780.3360860323446
    },
    "min": {
      "trend_strength": 0.0,
      "trend_linearity": -0.027589060506866582,
      "seasonal_strength": 0.0,
      "seasonal_correlation": 0.1660634874005169,
      "residual_autocorr_lag1": 0.84828215771885,
      "spectral_entropy": -123.20720693667485
    },
    "max": {
      "trend_strength": 0.9449782300886652,
      "trend_linearity": 0.0059940147581882,
      "seasonal_strength": 0.9918145952953716,
      "seasonal_correlation": 0.9965526826073997,
      "residual_autocorr_lag1": 0.9967365666289546,
      "spectral_entropy": 2534.2945347595173
    }
  }
}