{
  "model": "timesfm2p5",
  "dataset": "weather",
  "method": "BM",
  "ratio": 0.3,
  "term": "long",
  "imputation_method": "forward",
  "n_windows": 20,
  "period": 144,
  "summary": {
    "mean": {
      "trend_strength": 0.5914603062275821,
      "trend_linearity": -0.0007796589209247036,
      "seasonal_strength": 0.7554293416696897,
      "seasonal_correlation": 0.9169405766121536,
      "residual_autocorr_lag1": 0.9605854215845742,
      "spectral_entropy": 1159.9919269846519
    },
    "std": {
      "trend_strength": 0.2593946763016524,
      "trend_linearity": 0.010876117495420555,
      "seasonal_strength": 0.29326826676807555,
      "seasonal_correlation": 0.15206388844424515,
      "residual_autocorr_lag1": 0.038035998204191006,
      "spectral_entropy": 627.4048136862048
    },
    "min": {
      "trend_strength": 0.06860130602216885,
      "trend_linearity": -0.028428646437055637,
      "seasonal_strength": 0.05044001505297735,
      "seasonal_correlation": 0.40123689578236005,
      "residual_autocorr_lag1": 0.8539609113604768,
      "spectral_entropy": 372.2450866552454
    },
    "max": {
      "trend_strength": 0.9104669662127576,
      "trend_linearity": 0.01852993894622401,
      "seasonal_strength": 0.9980000610273161,
      "seasonal_correlation": 0.9980966969008142,
      "residual_autocorr_lag1": 0.9945595483709553,
      "spectral_entropy": 2469.996471397021
    }
  }
}