{
  "model": "timesfm2p5",
  "dataset": "weather",
  "method": "BM",
  "ratio": 0.2,
  "term": "long",
  "imputation_method": "linear",
  "n_windows": 20,
  "period": 144,
  "summary": {
    "mean": {
      "trend_strength": 0.44549742320379637,
      "trend_linearity": -0.00010179422113342773,
      "seasonal_strength": 0.7527427899312686,
      "seasonal_correlation": 0.8569446904477873,
      "residual_autocorr_lag1": 0.9475583630102147,
      "spectral_entropy": 1024.6862256714237
    },
    "std": {
      "trend_strength": 0.27774628541080054,
      "trend_linearity": 0.006115948099845163,
      "seasonal_strength": 0.3394957394150052,
      "seasonal_correlation": 0.2234184247067484,
      "residual_autocorr_lag1": 0.045170085231261814,
      "spectral_entropy": 643.2923196435013
    },
    "min": {
      "trend_strength": 0.0,
      "trend_linearity": -0.012536351546477828,
      "seasonal_strength": 0.0,
      "seasonal_correlation": 0.382327152185476,
      "residual_autocorr_lag1": 0.8247215488967199,
      "spectral_entropy": 90.60046641835649
    },
    "max": {
      "trend_strength": 0.9257911067000253,
      "trend_linearity": 0.011662448921649504,
      "seasonal_strength": 0.9928293057639189,
      "seasonal_correlation": 0.9975093096755427,
      "residual_autocorr_lag1": 0.9909706053836062,
      "spectral_entropy": 2304.3759934707864
    }
  }
}