{
  "model": "kairos50m",
  "dataset": "Australia_Solar_H",
  "method": "BM",
  "ratio": 0.1,
  "term": "long",
  "imputation_method": "backward",
  "n_windows": 20,
  "period": 24,
  "summary": {
    "mean": {
      "trend_strength": 0.6244073648755404,
      "trend_linearity": -64.71081189835037,
      "seasonal_strength": 0.9957697378051862,
      "seasonal_correlation": 0.9986849576960524,
      "residual_autocorr_lag1": 0.586519848523503,
      "spectral_entropy": 9176.481975453393
    },
    "std": {
      "trend_strength": 0.18930867953481986,
      "trend_linearity": 91.21249599194044,
      "seasonal_strength": 0.006702203000988766,
      "seasonal_correlation": 0.0018061130805621702,
      "residual_autocorr_lag1": 0.18073804328780654,
      "spectral_entropy": 250.19726279413212
    },
    "min": {
      "trend_strength": 0.14888436229984925,
      "trend_linearity": -170.99588956505647,
      "seasonal_strength": 0.9696575272753081,
      "seasonal_correlation": 0.9915678164025745,
      "residual_autocorr_lag1": 0.2832685098593137,
      "spectral_entropy": 8589.867974307996
    },
    "max": {
      "trend_strength": 0.8954354789707724,
      "trend_linearity": 216.99875149464532,
      "seasonal_strength": 0.999284141005247,
      "seasonal_correlation": 0.9996491014456538,
      "residual_autocorr_lag1": 0.8663456976356698,
      "spectral_entropy": 9783.98314090441
    }
  }
}