{
  "model": "kairos50m",
  "dataset": "Australia_Solar_H",
  "method": "BM",
  "ratio": 0.1,
  "term": "long",
  "imputation_method": "mean",
  "n_windows": 20,
  "period": 24,
  "summary": {
    "mean": {
      "trend_strength": 0.5908751723758431,
      "trend_linearity": -65.18272120096596,
      "seasonal_strength": 0.9968176742687207,
      "seasonal_correlation": 0.9936919566130854,
      "residual_autocorr_lag1": 0.60118509678173,
      "spectral_entropy": 9145.338329397058
    },
    "std": {
      "trend_strength": 0.21471942169638325,
      "trend_linearity": 83.83647105134408,
      "seasonal_strength": 0.003011150781739751,
      "seasonal_correlation": 0.024503051360952825,
      "residual_autocorr_lag1": 0.17693095552184948,
      "spectral_entropy": 235.62703576096368
    },
    "min": {
      "trend_strength": 0.20038488809230914,
      "trend_linearity": -176.9945817067275,
      "seasonal_strength": 0.9864705504549172,
      "seasonal_correlation": 0.8869068702741698,
      "residual_autocorr_lag1": 0.25024753601242167,
      "spectral_entropy": 8582.031474845811
    },
    "max": {
      "trend_strength": 0.9451307603209318,
      "trend_linearity": 231.1184652271728,
      "seasonal_strength": 0.9993353934867735,
      "seasonal_correlation": 0.9997139628494606,
      "residual_autocorr_lag1": 0.8746480225325081,
      "spectral_entropy": 9423.422383571771
    }
  }
}