{
  "model": "kairos50m",
  "dataset": "azure2019_U_5T",
  "method": "BM",
  "ratio": 0.2,
  "term": "long",
  "imputation_method": "backward",
  "n_windows": 2,
  "period": 288,
  "summary": {
    "mean": {
      "trend_strength": 0.741347771738934,
      "trend_linearity": -0.02852584844890947,
      "seasonal_strength": 0.5058153537851635,
      "seasonal_correlation": 0.887497618226133,
      "residual_autocorr_lag1": 0.9720586756881091,
      "spectral_entropy": 1773.759214290386
    },
    "std": {
      "trend_strength": 0.09221082407528203,
      "trend_linearity": 0.02644568156199653,
      "seasonal_strength": 0.22113640777768628,
      "seasonal_correlation": 0.01585741601147128,
      "residual_autocorr_lag1": 0.008266027413927457,
      "spectral_entropy": 1054.2867809072377
    },
    "min": {
      "trend_strength": 0.6491369476636519,
      "trend_linearity": -0.054971530010906,
      "seasonal_strength": 0.28467894600747723,
      "seasonal_correlation": 0.8716402022146618,
      "residual_autocorr_lag1": 0.9637926482741817,
      "spectral_entropy": 719.4724333831481
    },
    "max": {
      "trend_strength": 0.833558595814216,
      "trend_linearity": -0.0020801668869129403,
      "seasonal_strength": 0.7269517615628498,
      "seasonal_correlation": 0.9033550342376043,
      "residual_autocorr_lag1": 0.9803247031020366,
      "spectral_entropy": 2828.0459951976236
    }
  }
}