window_idx,n_series,trend_strength,trend_linearity,seasonal_strength,seasonal_correlation,residual_autocorr_lag1,spectral_entropy
0,1,0.4222115966941723,-0.0028461610844662476,0.9241135967546903,0.5525441685805387,0.934246210175611,2515.1256411178497
1,1,0.8668550172479692,-0.04951959766553243,0.32843768058222,0.891292645556751,0.9800223661004299,2776.79262779065
