window_idx,n_series,trend_strength,trend_linearity,seasonal_strength,seasonal_correlation,residual_autocorr_lag1,spectral_entropy
0,1,0.5789172839240886,0.00046582821111672653,0.8378159077016889,-0.09899937921853233,0.8208440502031111,583.3557734149394
1,1,0.9320151944859165,-0.04046792949358497,0.4575617263605587,0.628808482747048,0.7233711531705151,2677.131736988345
