window_idx,n_series,trend_strength,trend_linearity,seasonal_strength,seasonal_correlation,residual_autocorr_lag1,spectral_entropy
0,1,0.6491369476636519,-0.0020801668869129403,0.7269517615628498,0.9033550342376043,0.9637926482741817,719.4724333831481
1,1,0.833558595814216,-0.054971530010906,0.28467894600747723,0.8716402022146618,0.9803247031020366,2828.0459951976236
