window_idx,n_series,trend_strength,trend_linearity,seasonal_strength,seasonal_correlation,residual_autocorr_lag1,spectral_entropy
0,1,0.11444733127934192,-0.0008962290396741592,0.5592535257660796,0.4299918444713091,0.9693144442229276,1166.1252122334872
1,1,0.8391602166445953,-0.04511611629793742,0.4475267456901022,0.9044870650020674,0.9683572721711238,2824.6347342601075
