{
  "model": "kairos50m",
  "dataset": "azure2019_U_5T",
  "method": "BM",
  "ratio": 0.1,
  "term": "long",
  "imputation_method": "mean",
  "n_windows": 2,
  "period": 288,
  "summary": {
    "mean": {
      "trend_strength": 0.747347515122524,
      "trend_linearity": -0.024861637485893193,
      "seasonal_strength": 0.5490785909596345,
      "seasonal_correlation": 0.8102049921001866,
      "residual_autocorr_lag1": 0.9513411658767942,
      "spectral_entropy": 1903.0403076399148
    },
    "std": {
      "trend_strength": 0.09376544407888338,
      "trend_linearity": 0.022991138580125997,
      "seasonal_strength": 0.31239874718672517,
      "seasonal_correlation": 0.01302398266405036,
      "residual_autocorr_lag1": 0.029229229041359384,
      "spectral_entropy": 816.0970464883026
    },
    "min": {
      "trend_strength": 0.6535820710436406,
      "trend_linearity": -0.04785277606601919,
      "seasonal_strength": 0.2366798437729094,
      "seasonal_correlation": 0.7971810094361362,
      "residual_autocorr_lag1": 0.9221119368354348,
      "spectral_entropy": 1086.9432611516122
    },
    "max": {
      "trend_strength": 0.8411129592014074,
      "trend_linearity": -0.0018704989057671962,
      "seasonal_strength": 0.8614773381463597,
      "seasonal_correlation": 0.823228974764237,
      "residual_autocorr_lag1": 0.9805703949181536,
      "spectral_entropy": 2719.1373541282173
    }
  }
}