{
  "model": "kairos50m",
  "dataset": "Coastal_T_S_20T",
  "method": "BM",
  "ratio": 0.3,
  "term": "long",
  "imputation_method": "forward",
  "n_windows": 7,
  "period": 72,
  "summary": {
    "mean": {
      "trend_strength": 0.9712808007806236,
      "trend_linearity": 0.0004335398773513201,
      "seasonal_strength": 0.23438058997821454,
      "seasonal_correlation": 0.4228811359152277,
      "residual_autocorr_lag1": 0.8907457856893873,
      "spectral_entropy": -1045.8657120825417
    },
    "std": {
      "trend_strength": 0.04837266723365918,
      "trend_linearity": 0.00030811088120019387,
      "seasonal_strength": 0.162768656573061,
      "seasonal_correlation": 0.21822943258374558,
      "residual_autocorr_lag1": 0.07745747798391604,
      "spectral_entropy": 699.0007042934586
    },
    "min": {
      "trend_strength": 0.8545048924871979,
      "trend_linearity": 5.568742672488264e-05,
      "seasonal_strength": 0.0,
      "seasonal_correlation": 0.19618520505533962,
      "residual_autocorr_lag1": 0.7738103681863111,
      "spectral_entropy": -2459.7848829548625
    },
    "max": {
      "trend_strength": 0.9997483401136045,
      "trend_linearity": 0.0010712254431710752,
      "seasonal_strength": 0.5332659192982889,
      "seasonal_correlation": 0.7392861642297501,
      "residual_autocorr_lag1": 0.9782601812353484,
      "spectral_entropy": -207.6086810158025
    }
  }
}