{
  "model": "kairos50m",
  "dataset": "Coastal_T_S_H",
  "method": "BM",
  "ratio": 0.2,
  "term": "long",
  "imputation_method": "mean",
  "n_windows": 8,
  "period": 24,
  "summary": {
    "mean": {
      "trend_strength": 0.9527937685795479,
      "trend_linearity": -0.0043472887894559255,
      "seasonal_strength": 0.08297715450792631,
      "seasonal_correlation": 0.29363486794384597,
      "residual_autocorr_lag1": 0.8324182761602503,
      "spectral_entropy": 1427.207219839805
    },
    "std": {
      "trend_strength": 0.03661371064449705,
      "trend_linearity": 0.02174241448746963,
      "seasonal_strength": 0.11587247021525235,
      "seasonal_correlation": 0.1341610200472506,
      "residual_autocorr_lag1": 0.09890308074567457,
      "spectral_entropy": 903.0014123009087
    },
    "min": {
      "trend_strength": 0.8814619301590649,
      "trend_linearity": -0.052325964589835405,
      "seasonal_strength": 0.0,
      "seasonal_correlation": 0.15396416041203312,
      "residual_autocorr_lag1": 0.6142133928547665,
      "spectral_entropy": 321.85694745340805
    },
    "max": {
      "trend_strength": 0.9974298828235963,
      "trend_linearity": 0.028720750098348763,
      "seasonal_strength": 0.28774723065085195,
      "seasonal_correlation": 0.4805391110611362,
      "residual_autocorr_lag1": 0.9379810712169803,
      "spectral_entropy": 2985.7818752967814
    }
  }
}