window_idx,n_series,trend_strength,trend_linearity,seasonal_strength,seasonal_correlation,residual_autocorr_lag1,spectral_entropy
0,1,0.9635959233624749,-0.003633293377780829,0.18242896555291788,0.44110924874804963,0.6910310299608696,757.4510903537166
1,1,0.5489807820985486,-0.0007259197574418211,0.09302187274654505,0.5373970843148762,0.8747689174461923,674.7770373296435
2,1,0.9374278056793194,-0.004781038807546947,0.09371000541800001,0.4529673586562674,0.9046548923852497,912.3177275778435
3,1,0.9633331139172343,-0.0037176518924501825,0.261772918244755,0.5506415612919385,0.8443530773776817,761.2076082769869
4,1,0.9964972653051835,-0.05250231295385159,0.0,0.3127738678239866,0.8342341030540485,2761.991723942926
5,1,0.9972559514063903,-0.06513465702723795,0.0,0.23035201549142084,0.8898761656352423,2812.281102510111
6,1,0.7570523247564439,0.0001379249624162212,0.16655899216126513,0.09430110120176777,0.7729147366591307,202.47533849573165
7,1,0.6568748443183972,0.00012193689063357463,0.2838728108774238,0.42588493392607263,0.7494014809741558,-129.7272758783314
