window_idx,n_series,trend_strength,trend_linearity,seasonal_strength,seasonal_correlation,residual_autocorr_lag1,spectral_entropy
0,1,0.7990297298070393,0.001222897094629612,0.07343607247735895,0.16315717258454632,0.8354787892529933,567.9987710667876
1,1,0.8722911717548657,-0.001674945026728904,0.12769995960467995,0.39028080433417495,0.8848783777440707,799.1366020459891
2,1,0.9903031592153706,-0.008032976519583448,0.16241246011688726,0.3978491071466368,0.868616695483859,1244.6149579178395
3,1,0.994475865261116,-0.00971659743586822,0.2930081674350109,0.38581834102673457,0.7447704249233406,1373.534886153227
4,1,0.9896566148589958,-0.04564719631194575,0.00820077999796942,0.3026269417031415,0.9159045674203089,2752.3442492555987
5,1,0.9981195911792566,-0.07357251117898851,0.005396793859698712,0.3356127225055672,0.7578911192155812,2788.6943166298033
6,1,0.7899281806233195,-6.296282792173376e-05,0.15341909459254033,0.1027956985379595,0.7576628275653031,174.52605393811936
7,1,0.6549416519684181,4.300843816310695e-05,0.3016541953890369,0.4369721054330043,0.7416506273733271,-149.0018671112503
