{
  "model": "kairos50m",
  "dataset": "Coastal_T_S_20T",
  "method": "BM",
  "ratio": 0.1,
  "term": "long",
  "imputation_method": "forward",
  "n_windows": 7,
  "period": 72,
  "summary": {
    "mean": {
      "trend_strength": 0.9640590982692487,
      "trend_linearity": 0.00034945580811513273,
      "seasonal_strength": 0.24253343358819346,
      "seasonal_correlation": 0.43612387637073674,
      "residual_autocorr_lag1": 0.899443248482877,
      "spectral_entropy": -1153.3474322553652
    },
    "std": {
      "trend_strength": 0.02861420073524152,
      "trend_linearity": 0.0003426064769682533,
      "seasonal_strength": 0.15378092801004095,
      "seasonal_correlation": 0.17814030497759964,
      "residual_autocorr_lag1": 0.07981424620488342,
      "spectral_entropy": 616.8873940656703
    },
    "min": {
      "trend_strength": 0.9215352276359703,
      "trend_linearity": 5.692318600100738e-05,
      "seasonal_strength": 0.0,
      "seasonal_correlation": 0.18824218830626757,
      "residual_autocorr_lag1": 0.7161205405365632,
      "spectral_entropy": -2251.0820143649626
    },
    "max": {
      "trend_strength": 0.999779103289273,
      "trend_linearity": 0.0010975450001738671,
      "seasonal_strength": 0.4779066256461927,
      "seasonal_correlation": 0.7973002656947751,
      "residual_autocorr_lag1": 0.9795642828863547,
      "spectral_entropy": -194.53100456815994
    }
  }
}