{
  "model": "kairos50m",
  "dataset": "Coastal_T_S_20T",
  "method": "BM",
  "ratio": 0.2,
  "term": "long",
  "imputation_method": "mean",
  "n_windows": 7,
  "period": 72,
  "summary": {
    "mean": {
      "trend_strength": 0.7505464317217451,
      "trend_linearity": -2.681493164120075e-05,
      "seasonal_strength": 0.03203166044727652,
      "seasonal_correlation": 0.39486861434010345,
      "residual_autocorr_lag1": 0.9323415408472119,
      "spectral_entropy": -1625.7740610488731
    },
    "std": {
      "trend_strength": 0.18408999231395645,
      "trend_linearity": 0.00010049781963985292,
      "seasonal_strength": 0.04518175597726039,
      "seasonal_correlation": 0.08323709172195193,
      "residual_autocorr_lag1": 0.05451576444207729,
      "spectral_entropy": 346.56013676572553
    },
    "min": {
      "trend_strength": 0.3514333065044327,
      "trend_linearity": -0.00016173331431088275,
      "seasonal_strength": 0.0,
      "seasonal_correlation": 0.26455262528154966,
      "residual_autocorr_lag1": 0.8072131171162814,
      "spectral_entropy": -2129.0462673109732
    },
    "max": {
      "trend_strength": 0.9209123396038427,
      "trend_linearity": 0.00013624303258309378,
      "seasonal_strength": 0.13192526667813642,
      "seasonal_correlation": 0.5067395161411934,
      "residual_autocorr_lag1": 0.9872461735614922,
      "spectral_entropy": -1026.2919467152071
    }
  }
}