{
  "model": "kairos50m",
  "dataset": "Coastal_T_S_H",
  "method": "BM",
  "ratio": 0.3,
  "term": "long",
  "imputation_method": "mean",
  "n_windows": 8,
  "period": 24,
  "summary": {
    "mean": {
      "trend_strength": 0.9690205110671459,
      "trend_linearity": -0.007915620115964665,
      "seasonal_strength": 0.07146143627996047,
      "seasonal_correlation": 0.250638313760745,
      "residual_autocorr_lag1": 0.7710669390711551,
      "spectral_entropy": 1427.0208012134092
    },
    "std": {
      "trend_strength": 0.01941202316618655,
      "trend_linearity": 0.01766628856552464,
      "seasonal_strength": 0.07926684163167842,
      "seasonal_correlation": 0.0868890873367194,
      "residual_autocorr_lag1": 0.13391751739034477,
      "spectral_entropy": 812.2159909502885
    },
    "min": {
      "trend_strength": 0.9298237733000266,
      "trend_linearity": -0.04406958678372134,
      "seasonal_strength": 0.0,
      "seasonal_correlation": 0.12942587795343333,
      "residual_autocorr_lag1": 0.5020827275528028,
      "spectral_entropy": 346.0299283533255
    },
    "max": {
      "trend_strength": 0.9892131339673441,
      "trend_linearity": 0.013319233339828623,
      "seasonal_strength": 0.23549835910774475,
      "seasonal_correlation": 0.3820774834669378,
      "residual_autocorr_lag1": 0.9152174145830008,
      "spectral_entropy": 2758.7752676078144
    }
  }
}