{
  "model": "kairos50m",
  "dataset": "Coastal_T_S_5T",
  "method": "BM",
  "ratio": 0.3,
  "term": "long",
  "imputation_method": "backward",
  "n_windows": 20,
  "period": 288,
  "summary": {
    "mean": {
      "trend_strength": 0.5362221785383573,
      "trend_linearity": -0.0014326131017381352,
      "seasonal_strength": 0.9080496975383973,
      "seasonal_correlation": 0.8280205385299173,
      "residual_autocorr_lag1": 0.8891107975869149,
      "spectral_entropy": 282.9269495495144
    },
    "std": {
      "trend_strength": 0.34856939107897184,
      "trend_linearity": 0.009270321305529055,
      "seasonal_strength": 0.1437574937767243,
      "seasonal_correlation": 0.29605841949436734,
      "residual_autocorr_lag1": 0.12430502059420441,
      "spectral_entropy": 1229.663213613096
    },
    "min": {
      "trend_strength": 0.0007129543220734114,
      "trend_linearity": -0.036570933793679095,
      "seasonal_strength": 0.5079637730790278,
      "seasonal_correlation": -0.3328930719344732,
      "residual_autocorr_lag1": 0.44984572051336313,
      "spectral_entropy": -1085.4149458457678
    },
    "max": {
      "trend_strength": 0.9888727462028816,
      "trend_linearity": 0.014397233295185196,
      "seasonal_strength": 0.9987343103488673,
      "seasonal_correlation": 0.9973750085934758,
      "residual_autocorr_lag1": 0.993307917492002,
      "spectral_entropy": 3042.241484477096
    }
  }
}