window_idx,n_series,trend_strength,trend_linearity,seasonal_strength,seasonal_correlation,residual_autocorr_lag1,spectral_entropy
0,1,0.9988931249791315,0.0005136665021888867,0.3063217520581827,0.32758142969639814,0.9171794836472097,-677.8029408646298
1,1,0.9997456143254441,0.001138231391591183,0.41726133444023683,0.3173308479776755,0.8016447529356417,-167.24866246277767
2,1,0.9841568839332488,0.0003015519856788938,0.0352474416690165,0.2943925704033283,0.9581626933745412,-1261.0140018652714
3,1,0.9873933742714832,0.0002703319265594566,0.0571994727795182,0.40419474223265844,0.940659965298362,-992.4254076292073
4,1,0.9813366046609457,0.00039530871636908035,0.0919779488055531,0.6768053808714573,0.9742029605639482,-717.4817189851149
5,1,0.9017667914499101,0.00010748982083485226,0.29814222135020196,0.7052084053356391,0.9389251772378464,-1627.2474836224276
6,1,0.9780104027846698,0.00019144160396413024,0.22991637453858105,0.760575285033522,0.9152940713020999,-1152.7473434004482
