window_idx,n_series,trend_strength,trend_linearity,seasonal_strength,seasonal_correlation,residual_autocorr_lag1,spectral_entropy
0,1,0.8814619301590649,-0.0022826751980531274,0.0,0.15396416041203312,0.6142133928547665,580.183140148718
1,1,0.9288593881507236,-0.001417115384577559,0.25504361021083444,0.4805391110611362,0.8097166403418277,321.85694745340805
2,1,0.9850352070565077,-0.005125192577628213,0.12102639520172409,0.4620285529896634,0.8746262705499535,966.3463146864605
3,1,0.9836465436311836,-0.004749144979620038,0.28774723065085195,0.44121941790402375,0.7615703835348249,1000.5859658151978
4,1,0.9974298828235963,-0.052325964589835405,0.0,0.2602661569415015,0.8462115260814776,2715.3770078324533
5,1,0.9733565905647388,-0.011274272956261384,0.0,0.21976653262131565,0.8886382195821152,1198.9468405527823
6,1,0.9437441898287026,0.028720750098348763,0.0,0.17209605774286477,0.9263887051200564,2985.7818752967814
7,1,0.9288164164218657,0.013675305271979557,0.0,0.1591989538782295,0.9379810712169803,1648.5796669326403
