{
  "model": "kairos50m",
  "dataset": "Coastal_T_S_15T",
  "method": "BM",
  "ratio": 0.1,
  "term": "long",
  "imputation_method": "linear",
  "n_windows": 20,
  "period": 96,
  "summary": {
    "mean": {
      "trend_strength": 0.7865967829323417,
      "trend_linearity": -3.0913764108865774e-05,
      "seasonal_strength": 0.1287730628578405,
      "seasonal_correlation": 0.5386635999992178,
      "residual_autocorr_lag1": 0.9251309169837425,
      "spectral_entropy": -2570.658034713997
    },
    "std": {
      "trend_strength": 0.19404827334195035,
      "trend_linearity": 4.6928067194705294e-05,
      "seasonal_strength": 0.11653664440529639,
      "seasonal_correlation": 0.15317588504652316,
      "residual_autocorr_lag1": 0.04439380971836516,
      "spectral_entropy": 606.5041110799275
    },
    "min": {
      "trend_strength": 0.3613777170216258,
      "trend_linearity": -0.0001500256796876579,
      "seasonal_strength": 0.0,
      "seasonal_correlation": 0.26407445697605353,
      "residual_autocorr_lag1": 0.8181361192302556,
      "spectral_entropy": -3476.857713808008
    },
    "max": {
      "trend_strength": 0.9946996123287961,
      "trend_linearity": 5.7109285370132904e-05,
      "seasonal_strength": 0.35744962265904223,
      "seasonal_correlation": 0.8121867793738996,
      "residual_autocorr_lag1": 0.9878896041768936,
      "spectral_entropy": -1561.6046790028413
    }
  }
}