window_idx,n_series,trend_strength,trend_linearity,seasonal_strength,seasonal_correlation,residual_autocorr_lag1,spectral_entropy
0,1,0.9991951637022294,0.0006329812411857922,0.38277094430829817,0.3612658812414725,0.8834273593208879,-548.1767954122581
1,1,0.9997728032414193,0.001119137975222654,0.4379302341487835,0.40292806121082514,0.7822423194475671,-180.04399095626562
2,1,0.9869721676223541,0.00028839029257363244,0.06098397338853134,0.26281400342346944,0.9493830559984449,-1334.533762903719
3,1,0.997513181475881,0.0005264998661610349,0.0,0.31215103729343274,0.9314468491892824,-641.6313252990303
4,1,0.9765690384656494,0.00039236512177577397,0.15549338906532173,0.5197061233092986,0.9807123025442578,-659.8714354314384
5,1,0.9021560670975736,0.0001556852951954179,0.3519091452355584,0.5926946558456427,0.8728353524410175,-1471.5259554036224
6,1,0.9829175288625539,0.0001676318565781035,0.3169388172941009,0.7286895015705358,0.9182475312468633,-1261.9580974330581
