window_idx,n_series,trend_strength,trend_linearity,seasonal_strength,seasonal_correlation,residual_autocorr_lag1,spectral_entropy
0,1,0.9994974436308577,0.0005263963085212547,0.402996714376496,0.2492441035388943,0.8471437669650651,-671.7425943926296
1,1,0.9997484084273565,0.001111568560045223,0.47192214346676364,0.27027355481198484,0.7645304390371749,-182.56685000456406
2,1,0.9870717196473828,0.00031460321620216007,0.07605931380796738,0.2741799502274758,0.9606150571752091,-1200.6356602543628
3,1,0.9970782990624649,0.00046138990693880507,0.02889280506089642,0.2920942101479517,0.9293593156413267,-708.6326744161108
4,1,0.9823277299428226,0.0004556537399351208,0.09966093849529456,0.5729359942820019,0.9787133305152798,-645.0722529958903
5,1,0.8822132637065313,9.110817533357236e-05,0.0,0.40861302716788755,0.8637874870026541,-1880.0605020956161
6,1,0.9876717016518802,0.00015551417388174525,0.3125787661782444,0.6025383581657942,0.9084050320324168,-1315.578803165692
