{
  "model": "kairos50m",
  "dataset": "Coastal_T_S_15T",
  "method": "BM",
  "ratio": 0.1,
  "term": "long",
  "imputation_method": "backward",
  "n_windows": 20,
  "period": 96,
  "summary": {
    "mean": {
      "trend_strength": 0.8255469817861144,
      "trend_linearity": -3.2095238168644295e-05,
      "seasonal_strength": 0.09879570150797673,
      "seasonal_correlation": 0.54128700147665,
      "residual_autocorr_lag1": 0.924441276871369,
      "spectral_entropy": -2546.5991953095972
    },
    "std": {
      "trend_strength": 0.14748190840752826,
      "trend_linearity": 4.7683802833823954e-05,
      "seasonal_strength": 0.07581996065031445,
      "seasonal_correlation": 0.16487515980408382,
      "residual_autocorr_lag1": 0.049197519503708396,
      "spectral_entropy": 563.3535856071416
    },
    "min": {
      "trend_strength": 0.5665730000748244,
      "trend_linearity": -0.00014718789210284715,
      "seasonal_strength": 0.0,
      "seasonal_correlation": 0.23135537126679598,
      "residual_autocorr_lag1": 0.7995991083160628,
      "spectral_entropy": -3305.385919123346
    },
    "max": {
      "trend_strength": 0.991248266234519,
      "trend_linearity": 4.7361892983276384e-05,
      "seasonal_strength": 0.24205424805650022,
      "seasonal_correlation": 0.8052676161311777,
      "residual_autocorr_lag1": 0.9911358088219085,
      "spectral_entropy": -1566.4941264099866
    }
  }
}