window_idx,n_series,trend_strength,trend_linearity,seasonal_strength,seasonal_correlation,residual_autocorr_lag1,spectral_entropy
0,1,0.9588905923494879,-0.001758518231997058,0.12303348734426056,0.24077017300066725,0.5020827275528028,346.0299283533255
1,1,0.972658193197408,-0.004668500882734374,0.10491047180311885,0.3820774834669378,0.8450469567006872,843.0350578850926
2,1,0.9892131339673441,-0.004593338190657978,0.23549835910774475,0.32594188993364165,0.7060647667755966,989.0648556719882
3,1,0.9750676587476585,-0.00475143423687378,0.09689073848169893,0.3323362809474764,0.683920714352838,1144.7461957229852
4,1,0.9877744546662449,-0.026687719931753232,0.0,0.2687741763852147,0.7252987809631276,2758.7752676078144
5,1,0.9298237733000266,-0.04406958678372134,0.0,0.15153031723338475,0.8933896262711161,2666.3543391159055
6,1,0.9525437718853107,0.009884903990191825,0.0,0.1742503111652043,0.9152174145830008,1625.370726797542
7,1,0.9861925104236873,0.013319233339828623,0.011358433502860699,0.12942587795343333,0.8975145253700708,1042.7900385526207
