{
  "model": "kairos50m",
  "dataset": "current_velocity_5T",
  "method": "BM",
  "ratio": 0.1,
  "term": "long",
  "imputation_method": "mean",
  "n_windows": 20,
  "period": 288,
  "summary": {
    "mean": {
      "trend_strength": 0.6327980629445091,
      "trend_linearity": 0.00012277487472703018,
      "seasonal_strength": 0.9960150173572785,
      "seasonal_correlation": 0.9778607505824306,
      "residual_autocorr_lag1": 0.8022051528669494,
      "spectral_entropy": -1141.4497975368868
    },
    "std": {
      "trend_strength": 0.2643713040790065,
      "trend_linearity": 8.718914695992414e-05,
      "seasonal_strength": 0.005325255248247213,
      "seasonal_correlation": 0.037851287480636084,
      "residual_autocorr_lag1": 0.1925792500898426,
      "spectral_entropy": 391.18169177219426
    },
    "min": {
      "trend_strength": 0.027618528563664646,
      "trend_linearity": -1.2400700942969496e-06,
      "seasonal_strength": 0.9769670482976496,
      "seasonal_correlation": 0.8702927697414125,
      "residual_autocorr_lag1": 0.40184625182977907,
      "spectral_entropy": -1767.9457669484464
    },
    "max": {
      "trend_strength": 0.9909238293061513,
      "trend_linearity": 0.0003505977523589505,
      "seasonal_strength": 0.9997675050234924,
      "seasonal_correlation": 0.999247635196106,
      "residual_autocorr_lag1": 0.9911648476387506,
      "spectral_entropy": -385.65976428879645
    }
  }
}