{
  "model": "kairos50m",
  "dataset": "current_velocity_5T",
  "method": "BM",
  "ratio": 0.3,
  "term": "long",
  "imputation_method": "mean",
  "n_windows": 20,
  "period": 288,
  "summary": {
    "mean": {
      "trend_strength": 0.46461371315655564,
      "trend_linearity": 0.00010597808002585452,
      "seasonal_strength": 0.9656658178070361,
      "seasonal_correlation": 0.9102674486226998,
      "residual_autocorr_lag1": 0.8587982704899286,
      "spectral_entropy": -1160.9939141416007
    },
    "std": {
      "trend_strength": 0.321542286697188,
      "trend_linearity": 0.00011161869158969197,
      "seasonal_strength": 0.05344081635695945,
      "seasonal_correlation": 0.15374210569814975,
      "residual_autocorr_lag1": 0.1398458780022196,
      "spectral_entropy": 506.2503731994428
    },
    "min": {
      "trend_strength": 0.00401129676042955,
      "trend_linearity": -0.00012061572551239819,
      "seasonal_strength": 0.7950277065838428,
      "seasonal_correlation": 0.29603256321499943,
      "residual_autocorr_lag1": 0.48671564244705307,
      "spectral_entropy": -1895.7502244524737
    },
    "max": {
      "trend_strength": 0.9210781756524816,
      "trend_linearity": 0.00043365478845132653,
      "seasonal_strength": 0.998880398364744,
      "seasonal_correlation": 0.9965523208050976,
      "residual_autocorr_lag1": 0.9953994054440439,
      "spectral_entropy": -512.2012963000387
    }
  }
}