{
  "model": "kairos50m",
  "dataset": "current_velocity_H",
  "method": "BM",
  "ratio": 0.3,
  "term": "long",
  "imputation_method": "linear",
  "n_windows": 5,
  "period": 24,
  "summary": {
    "mean": {
      "trend_strength": 0.8818322566020859,
      "trend_linearity": -0.00015635635689344884,
      "seasonal_strength": 0.9749126615110276,
      "seasonal_correlation": 0.9972623644114155,
      "residual_autocorr_lag1": 0.8171426052942176,
      "spectral_entropy": 1492.3818191290625
    },
    "std": {
      "trend_strength": 0.043172661747009615,
      "trend_linearity": 0.004782218159369222,
      "seasonal_strength": 0.0360146158694948,
      "seasonal_correlation": 0.000686455175084,
      "residual_autocorr_lag1": 0.06650022401172773,
      "spectral_entropy": 380.6828374876671
    },
    "min": {
      "trend_strength": 0.8512980774507539,
      "trend_linearity": -0.008556117974727488,
      "seasonal_strength": 0.9031903145195505,
      "seasonal_correlation": 0.9966847781605078,
      "residual_autocorr_lag1": 0.7328556355411088,
      "spectral_entropy": 927.4918800625398
    },
    "max": {
      "trend_strength": 0.9668626145013508,
      "trend_linearity": 0.004738423760339327,
      "seasonal_strength": 0.9983917704566231,
      "seasonal_correlation": 0.9985904662898625,
      "residual_autocorr_lag1": 0.9118264184845063,
      "spectral_entropy": 2072.833721538227
    }
  }
}