window_idx,n_series,trend_strength,trend_linearity,seasonal_strength,seasonal_correlation,residual_autocorr_lag1,spectral_entropy
0,1,0.8512980774507539,-0.0003048042856609714,0.9923178074909866,0.9968838809281451,0.7647670703604083,1380.7811622006575
1,1,0.8589022038255808,0.004233303431457582,0.9031903145195505,0.9966847781605078,0.8033628606881126,2072.833721538227
2,1,0.8742008276835533,-0.0008925867158756951,0.9983917704566231,0.9985904662898625,0.7328556355411088,927.4918800625398
3,1,0.9668626145013508,-0.008556117974727488,0.9927260862290025,0.996924379008604,0.9118264184845063,1700.8780140334832
4,1,0.8578975595491902,0.004738423760339327,0.9879373288589754,0.9972283176699582,0.8729010413969519,1379.9243178104043
