{
  "model": "kairos50m",
  "dataset": "current_velocity_15T",
  "method": "BM",
  "ratio": 0.3,
  "term": "long",
  "imputation_method": "mean",
  "n_windows": 15,
  "period": 96,
  "summary": {
    "mean": {
      "trend_strength": 0.5561560506113473,
      "trend_linearity": -1.4254263048916287e-05,
      "seasonal_strength": 0.12943476703188203,
      "seasonal_correlation": 0.5181766869281793,
      "residual_autocorr_lag1": 0.9723181518720729,
      "spectral_entropy": -1318.3587044924432
    },
    "std": {
      "trend_strength": 0.28284780358698286,
      "trend_linearity": 0.00025394805280925837,
      "seasonal_strength": 0.10397580010656308,
      "seasonal_correlation": 0.20787347683082935,
      "residual_autocorr_lag1": 0.023162716526169268,
      "spectral_entropy": 747.6574194208966
    },
    "min": {
      "trend_strength": 0.0818530378501332,
      "trend_linearity": -0.0006441498571362686,
      "seasonal_strength": 0.0,
      "seasonal_correlation": 0.0688724816792347,
      "residual_autocorr_lag1": 0.9100201757276496,
      "spectral_entropy": -2641.0067482111076
    },
    "max": {
      "trend_strength": 0.9351546754303458,
      "trend_linearity": 0.0006299465738632968,
      "seasonal_strength": 0.2831979286017483,
      "seasonal_correlation": 0.8374169841087108,
      "residual_autocorr_lag1": 0.9952296035338746,
      "spectral_entropy": -19.0204505141258
    }
  }
}