{
  "model": "kairos50m",
  "dataset": "current_velocity_15T",
  "method": "BM",
  "ratio": 0.2,
  "term": "long",
  "imputation_method": "mean",
  "n_windows": 15,
  "period": 96,
  "summary": {
    "mean": {
      "trend_strength": 0.745983788155794,
      "trend_linearity": 4.918404789280173e-05,
      "seasonal_strength": 0.06239052599313778,
      "seasonal_correlation": 0.4776567364909867,
      "residual_autocorr_lag1": 0.9612179742316381,
      "spectral_entropy": -1643.0396236430634
    },
    "std": {
      "trend_strength": 0.19422985331616727,
      "trend_linearity": 0.00014571863671466025,
      "seasonal_strength": 0.10296797027240993,
      "seasonal_correlation": 0.18014670482830114,
      "residual_autocorr_lag1": 0.0511353427275936,
      "spectral_entropy": 738.7875084707089
    },
    "min": {
      "trend_strength": 0.22001490206048624,
      "trend_linearity": -0.00014976626156787046,
      "seasonal_strength": 0.0,
      "seasonal_correlation": 0.09446080861371928,
      "residual_autocorr_lag1": 0.8313745931973802,
      "spectral_entropy": -2835.1307542768527
    },
    "max": {
      "trend_strength": 0.9971092231015001,
      "trend_linearity": 0.00042909874021154174,
      "seasonal_strength": 0.3021396937035633,
      "seasonal_correlation": 0.7827265334894703,
      "residual_autocorr_lag1": 0.997607113892542,
      "spectral_entropy": 108.83843468923624
    }
  }
}