{
  "model": "kairos50m",
  "dataset": "current_velocity_H",
  "method": "BM",
  "ratio": 0.2,
  "term": "long",
  "imputation_method": "forward",
  "n_windows": 5,
  "period": 24,
  "summary": {
    "mean": {
      "trend_strength": 0.864088450132283,
      "trend_linearity": -0.0008526618854137324,
      "seasonal_strength": 0.9823143171401035,
      "seasonal_correlation": 0.9946025687851346,
      "residual_autocorr_lag1": 0.7880034639966098,
      "spectral_entropy": 1518.8710719829965
    },
    "std": {
      "trend_strength": 0.04113387391533863,
      "trend_linearity": 0.003075065872435134,
      "seasonal_strength": 0.012793117117046721,
      "seasonal_correlation": 0.003160134572284914,
      "residual_autocorr_lag1": 0.06852593399881374,
      "spectral_entropy": 391.8126896735489
    },
    "min": {
      "trend_strength": 0.8108011341108168,
      "trend_linearity": -0.005175991220863735,
      "seasonal_strength": 0.9630105009301415,
      "seasonal_correlation": 0.9902203605257957,
      "residual_autocorr_lag1": 0.6944591767365109,
      "spectral_entropy": 1044.2168069796494
    },
    "max": {
      "trend_strength": 0.9313375570922966,
      "trend_linearity": 0.003563533530574016,
      "seasonal_strength": 0.9982033821867166,
      "seasonal_correlation": 0.9981898653746243,
      "residual_autocorr_lag1": 0.8818570658892038,
      "spectral_entropy": 2098.8791906685456
    }
  }
}