window_idx,n_series,trend_strength,trend_linearity,seasonal_strength,seasonal_correlation,residual_autocorr_lag1,spectral_entropy
0,1,0.6834713586434585,-0.0007617153153760795,0.9884759437454876,0.9946992982577905,0.5850456026815909,1129.6779233842103
1,1,0.9231189742469793,0.0036059921719344547,0.9546792015752508,0.9918780268427818,0.816807248943186,1835.826092829347
2,1,0.9089655056427569,-0.0017754376391660017,0.9981040470096127,0.9976009357813727,0.6951120054658011,939.4002773521753
3,1,0.9706111374216644,-0.007478487308133301,0.9959802647836529,0.997924674241527,0.875444787789447,1587.500164446347
4,1,0.802105598066455,0.0014658524358798267,0.9958125417725482,0.9983506145675373,0.8309273562736792,1304.3442178397936
