window_idx,n_series,trend_strength,trend_linearity,seasonal_strength,seasonal_correlation,residual_autocorr_lag1,spectral_entropy
0,1,0.8572311400587427,-0.0012053376814546732,0.9630105009301415,0.9902203605257957,0.8818570658892038,1591.3981939204023
1,1,0.8108011341108168,0.003563533530574016,0.9791458463525299,0.9915012380687627,0.6944591767365109,2098.8791906685456
2,1,0.8378895989699304,-0.0028355823094678104,0.9945923319226954,0.9971213045360519,0.7500330964372773,1044.2168069796494
3,1,0.8831828204296283,-0.005175991220863735,0.9766195243084348,0.9959800754204392,0.8502451619396468,1733.9033015006444
4,1,0.9313375570922966,0.001390068254143541,0.9982033821867166,0.9981898653746243,0.7634228189804106,1125.9578668457393
