{
  "model": "kairos50m",
  "dataset": "current_velocity_20T",
  "method": "BM",
  "ratio": 0.1,
  "term": "long",
  "imputation_method": "mean",
  "n_windows": 14,
  "period": 72,
  "summary": {
    "mean": {
      "trend_strength": 0.36259904930890147,
      "trend_linearity": 0.00022470575282919385,
      "seasonal_strength": 0.6331231617972953,
      "seasonal_correlation": 0.7870048461838991,
      "residual_autocorr_lag1": 0.9259730346054822,
      "spectral_entropy": 1468.6425660916325
    },
    "std": {
      "trend_strength": 0.24007767677427133,
      "trend_linearity": 0.0041522100156514115,
      "seasonal_strength": 0.30816682070028006,
      "seasonal_correlation": 0.17901017273392109,
      "residual_autocorr_lag1": 0.04270690915618083,
      "spectral_entropy": 460.9316513987149
    },
    "min": {
      "trend_strength": 0.09695358075595162,
      "trend_linearity": -0.012621822661761423,
      "seasonal_strength": 0.0,
      "seasonal_correlation": 0.4144073312866868,
      "residual_autocorr_lag1": 0.8263944837174222,
      "spectral_entropy": 362.7467519632409
    },
    "max": {
      "trend_strength": 0.7952632564592926,
      "trend_linearity": 0.0062383522743534,
      "seasonal_strength": 0.9805454934628535,
      "seasonal_correlation": 0.9935777683735268,
      "residual_autocorr_lag1": 0.9846302897842344,
      "spectral_entropy": 2319.1662105037854
    }
  }
}