{
  "model": "kairos50m",
  "dataset": "current_velocity_H",
  "method": "BM",
  "ratio": 0.2,
  "term": "long",
  "imputation_method": "linear",
  "n_windows": 5,
  "period": 24,
  "summary": {
    "mean": {
      "trend_strength": 0.7544501095093825,
      "trend_linearity": -0.0016431676033502446,
      "seasonal_strength": 0.9793605569266131,
      "seasonal_correlation": 0.9951351920709914,
      "residual_autocorr_lag1": 0.8197503920108946,
      "spectral_entropy": 1511.3731750064987
    },
    "std": {
      "trend_strength": 0.16187062066651386,
      "trend_linearity": 0.003628030474290317,
      "seasonal_strength": 0.022359910144390746,
      "seasonal_correlation": 0.002666100632404917,
      "residual_autocorr_lag1": 0.08113153316793922,
      "spectral_entropy": 420.5523326574381
    },
    "min": {
      "trend_strength": 0.4987347420831635,
      "trend_linearity": -0.008197129700575024,
      "seasonal_strength": 0.9369721380099262,
      "seasonal_correlation": 0.9919654568704669,
      "residual_autocorr_lag1": 0.7366867518527002,
      "spectral_entropy": 954.8823318614794
    },
    "max": {
      "trend_strength": 0.9595528373290347,
      "trend_linearity": 0.0024059522550052928,
      "seasonal_strength": 0.9976570736273369,
      "seasonal_correlation": 0.9980923121082513,
      "residual_autocorr_lag1": 0.9241612426902143,
      "spectral_entropy": 1968.490181486425
    }
  }
}