{
  "model": "kairos50m",
  "dataset": "current_velocity_5T",
  "method": "BM",
  "ratio": 0.3,
  "term": "long",
  "imputation_method": "forward",
  "n_windows": 20,
  "period": 288,
  "summary": {
    "mean": {
      "trend_strength": 0.4885534126000238,
      "trend_linearity": 0.00012007571180533149,
      "seasonal_strength": 0.9903886367050092,
      "seasonal_correlation": 0.9573199214400148,
      "residual_autocorr_lag1": 0.871236733519886,
      "spectral_entropy": -1081.9403233744408
    },
    "std": {
      "trend_strength": 0.38095986389563935,
      "trend_linearity": 0.00014999471434116876,
      "seasonal_strength": 0.014960966278184945,
      "seasonal_correlation": 0.044777144664746464,
      "residual_autocorr_lag1": 0.15112214029066595,
      "spectral_entropy": 475.4714803696382
    },
    "min": {
      "trend_strength": 0.0006663591090508847,
      "trend_linearity": -0.00010170385580014616,
      "seasonal_strength": 0.9300020461213202,
      "seasonal_correlation": 0.8434239138624291,
      "residual_autocorr_lag1": 0.428210956388873,
      "spectral_entropy": -1727.025884903737
    },
    "max": {
      "trend_strength": 0.9701974441198264,
      "trend_linearity": 0.0005637880829576485,
      "seasonal_strength": 0.9995121699702657,
      "seasonal_correlation": 0.9974894285038577,
      "residual_autocorr_lag1": 0.9960507674396424,
      "spectral_entropy": -147.51261580079372
    }
  }
}