window_idx,n_series,trend_strength,trend_linearity,seasonal_strength,seasonal_correlation,residual_autocorr_lag1,spectral_entropy
0,1,0.9199909558321219,-0.0029310056248703915,0.9874487699672013,0.9964136325443829,0.7656664936837109,1631.3410574462753
1,1,0.8026387848924035,0.0028644361527114972,0.9811177848455229,0.9924426908358189,0.7587329852108241,2085.7845685367965
2,1,0.6741214370976034,0.0004887067807055201,0.9977759021365846,0.9982924061412455,0.7640070996218552,1097.0849939229988
3,1,0.8653510632761061,-0.0021221732706026564,0.9974973346035928,0.9979244982242468,0.7852262977265276,1650.4253374870104
4,1,0.6267663594399857,-0.0002577165151726328,0.998153680573542,0.9984124355208723,0.8002927223508884,1234.1828599924027
