{
  "model": "kairos50m",
  "dataset": "ETTh1",
  "method": "BM",
  "ratio": 0.3,
  "term": "long",
  "imputation_method": "backward",
  "n_windows": 15,
  "period": 24,
  "summary": {
    "mean": {
      "trend_strength": 0.9457944189575892,
      "trend_linearity": 0.00012066318525977525,
      "seasonal_strength": 0.8451539355392651,
      "seasonal_correlation": 0.9356647039926902,
      "residual_autocorr_lag1": 0.8753810465295009,
      "spectral_entropy": 548.6848560256614
    },
    "std": {
      "trend_strength": 0.041834099584401575,
      "trend_linearity": 0.0013682702095081753,
      "seasonal_strength": 0.22397900922792469,
      "seasonal_correlation": 0.13907573007578544,
      "residual_autocorr_lag1": 0.04049345988644909,
      "spectral_entropy": 509.7155780258875
    },
    "min": {
      "trend_strength": 0.8552267741636697,
      "trend_linearity": -0.0026837993336416566,
      "seasonal_strength": 0.23492134915441498,
      "seasonal_correlation": 0.44654026976311123,
      "residual_autocorr_lag1": 0.7936722052564316,
      "spectral_entropy": -530.4652070872694
    },
    "max": {
      "trend_strength": 0.99350909582631,
      "trend_linearity": 0.0026018819343118908,
      "seasonal_strength": 0.9848461271422325,
      "seasonal_correlation": 0.9957736852009333,
      "residual_autocorr_lag1": 0.9457122742667242,
      "spectral_entropy": 1427.8859925542902
    }
  }
}