{
  "model": "kairos50m",
  "dataset": "ETTh1",
  "method": "clean",
  "ratio": null,
  "term": "long",
  "imputation_method": null,
  "n_windows": 15,
  "period": 24,
  "summary": {
    "mean": {
      "trend_strength": 0.9157555949355835,
      "trend_linearity": -1.788052480972348e-05,
      "seasonal_strength": 0.9004473418079406,
      "seasonal_correlation": 0.9628350201582235,
      "residual_autocorr_lag1": 0.8922101989941232,
      "spectral_entropy": 599.1443530587599
    },
    "std": {
      "trend_strength": 0.14572655157545542,
      "trend_linearity": 0.0014715479369624659,
      "seasonal_strength": 0.14169407603109388,
      "seasonal_correlation": 0.0844632693947873,
      "residual_autocorr_lag1": 0.03897083914949364,
      "spectral_entropy": 469.43811335697603
    },
    "min": {
      "trend_strength": 0.378770374247531,
      "trend_linearity": -0.0029818814266045633,
      "seasonal_strength": 0.4140359474065143,
      "seasonal_correlation": 0.6558814397650685,
      "residual_autocorr_lag1": 0.8271572790499951,
      "spectral_entropy": -202.95717050553685
    },
    "max": {
      "trend_strength": 0.9869305135443721,
      "trend_linearity": 0.002761313325625023,
      "seasonal_strength": 0.9898897487770844,
      "seasonal_correlation": 0.9970641102725313,
      "residual_autocorr_lag1": 0.95340781969813,
      "spectral_entropy": 1462.724300811976
    }
  }
}