{
  "model": "kairos50m",
  "dataset": "ETTh1",
  "method": "BM",
  "ratio": 0.2,
  "term": "long",
  "imputation_method": "mean",
  "n_windows": 15,
  "period": 24,
  "summary": {
    "mean": {
      "trend_strength": 0.8762224370181714,
      "trend_linearity": -0.00022495744917386235,
      "seasonal_strength": 0.7831421040637634,
      "seasonal_correlation": 0.9110885511868865,
      "residual_autocorr_lag1": 0.9073546404552055,
      "spectral_entropy": 608.4665629508256
    },
    "std": {
      "trend_strength": 0.13282724962017983,
      "trend_linearity": 0.0016352589726995755,
      "seasonal_strength": 0.25686406167452075,
      "seasonal_correlation": 0.1422687030548807,
      "residual_autocorr_lag1": 0.04177957156769457,
      "spectral_entropy": 587.7176226988005
    },
    "min": {
      "trend_strength": 0.492847563878409,
      "trend_linearity": -0.00439355694060365,
      "seasonal_strength": 0.0,
      "seasonal_correlation": 0.5632627761146757,
      "residual_autocorr_lag1": 0.8041190968951296,
      "spectral_entropy": -340.5402958319147
    },
    "max": {
      "trend_strength": 0.9866420733672681,
      "trend_linearity": 0.0024787935256964386,
      "seasonal_strength": 0.9927484660569386,
      "seasonal_correlation": 0.9973690753379517,
      "residual_autocorr_lag1": 0.9565222215765119,
      "spectral_entropy": 1676.4512268276844
    }
  }
}