{
  "model": "kairos50m",
  "dataset": "ETTh2",
  "method": "BM",
  "ratio": 0.3,
  "term": "long",
  "imputation_method": "linear",
  "n_windows": 15,
  "period": 24,
  "summary": {
    "mean": {
      "trend_strength": 0.9352909702187601,
      "trend_linearity": 0.00228089188233118,
      "seasonal_strength": 0.9733911654769991,
      "seasonal_correlation": 0.9948387975650882,
      "residual_autocorr_lag1": 0.868786539245187,
      "spectral_entropy": 1037.8606272820587
    },
    "std": {
      "trend_strength": 0.04126322746070491,
      "trend_linearity": 0.0041055210962878666,
      "seasonal_strength": 0.020043122956054277,
      "seasonal_correlation": 0.004112479086687466,
      "residual_autocorr_lag1": 0.05283110095011249,
      "spectral_entropy": 444.18490217474715
    },
    "min": {
      "trend_strength": 0.8754648046025267,
      "trend_linearity": -0.006458383917257506,
      "seasonal_strength": 0.9156733851272193,
      "seasonal_correlation": 0.9815420372696243,
      "residual_autocorr_lag1": 0.767927254290673,
      "spectral_entropy": 398.0906528685106
    },
    "max": {
      "trend_strength": 0.9853747341804447,
      "trend_linearity": 0.010913814622791805,
      "seasonal_strength": 0.9946280201272601,
      "seasonal_correlation": 0.9985169277901366,
      "residual_autocorr_lag1": 0.9600509218218929,
      "spectral_entropy": 1880.0566983037418
    }
  }
}