{
  "model": "kairos50m",
  "dataset": "ETTh1",
  "method": "BM",
  "ratio": 0.1,
  "term": "long",
  "imputation_method": "backward",
  "n_windows": 15,
  "period": 24,
  "summary": {
    "mean": {
      "trend_strength": 0.9176663038679078,
      "trend_linearity": -9.31100080759382e-05,
      "seasonal_strength": 0.889195099431313,
      "seasonal_correlation": 0.9601145477830687,
      "residual_autocorr_lag1": 0.9094652886308272,
      "spectral_entropy": 613.8051204083382
    },
    "std": {
      "trend_strength": 0.10839737790325496,
      "trend_linearity": 0.0014209203833808412,
      "seasonal_strength": 0.15162443370121287,
      "seasonal_correlation": 0.07967162595763015,
      "residual_autocorr_lag1": 0.03361440364519479,
      "spectral_entropy": 443.2717962273051
    },
    "min": {
      "trend_strength": 0.5364574049408066,
      "trend_linearity": -0.0023998700088122943,
      "seasonal_strength": 0.36383734691177416,
      "seasonal_correlation": 0.7016500932013996,
      "residual_autocorr_lag1": 0.8398177039934319,
      "spectral_entropy": -396.8046439301489
    },
    "max": {
      "trend_strength": 0.9922306580156899,
      "trend_linearity": 0.0021548945121664877,
      "seasonal_strength": 0.9872248894838584,
      "seasonal_correlation": 0.9985499311504589,
      "residual_autocorr_lag1": 0.9531316549174501,
      "spectral_entropy": 1415.56871748108
    }
  }
}