{
  "model": "kairos50m",
  "dataset": "EWELD_Load_15T",
  "method": "BM",
  "ratio": 0.3,
  "term": "long",
  "imputation_method": "forward",
  "n_windows": 18,
  "period": 96,
  "summary": {
    "mean": {
      "trend_strength": 0.2626026034313879,
      "trend_linearity": -0.010605388317323723,
      "seasonal_strength": 0.8341933507937835,
      "seasonal_correlation": 0.9820379780415092,
      "residual_autocorr_lag1": 0.9667711587617013,
      "spectral_entropy": 3958.3601994223613
    },
    "std": {
      "trend_strength": 0.22673950084430056,
      "trend_linearity": 0.08274998162100304,
      "seasonal_strength": 0.14806579436998418,
      "seasonal_correlation": 0.02437375227873687,
      "residual_autocorr_lag1": 0.024470729896165142,
      "spectral_entropy": 291.42593233217156
    },
    "min": {
      "trend_strength": 0.0,
      "trend_linearity": -0.18634475604465042,
      "seasonal_strength": 0.45553125175122067,
      "seasonal_correlation": 0.9189501310983442,
      "residual_autocorr_lag1": 0.9012541735962298,
      "spectral_entropy": 3117.055876145652
    },
    "max": {
      "trend_strength": 0.8459940029537443,
      "trend_linearity": 0.2472377417997684,
      "seasonal_strength": 0.9951031362296042,
      "seasonal_correlation": 0.998624038296519,
      "residual_autocorr_lag1": 0.9960692214105352,
      "spectral_entropy": 4210.694755077346
    }
  }
}