{
  "model": "kairos50m",
  "dataset": "EWELD_Load_15T",
  "method": "BM",
  "ratio": 0.3,
  "term": "long",
  "imputation_method": "backward",
  "n_windows": 18,
  "period": 96,
  "summary": {
    "mean": {
      "trend_strength": 0.31946245215848496,
      "trend_linearity": 0.007476981277268198,
      "seasonal_strength": 0.9049303747428635,
      "seasonal_correlation": 0.9759059402657372,
      "residual_autocorr_lag1": 0.9534708570805756,
      "spectral_entropy": 3949.1199526851383
    },
    "std": {
      "trend_strength": 0.239722820350516,
      "trend_linearity": 0.05966295416650652,
      "seasonal_strength": 0.05529947338672482,
      "seasonal_correlation": 0.037034533873877534,
      "residual_autocorr_lag1": 0.024731851218118824,
      "spectral_entropy": 276.97472403954936
    },
    "min": {
      "trend_strength": 0.02096622430449835,
      "trend_linearity": -0.06932259943543083,
      "seasonal_strength": 0.8054706121370561,
      "seasonal_correlation": 0.8359065922907908,
      "residual_autocorr_lag1": 0.8896833791316691,
      "spectral_entropy": 3222.3581513958216
    },
    "max": {
      "trend_strength": 0.7128551065419128,
      "trend_linearity": 0.155294541094374,
      "seasonal_strength": 0.9869814064946689,
      "seasonal_correlation": 0.9984829935061095,
      "residual_autocorr_lag1": 0.9796435010454588,
      "spectral_entropy": 4254.703199565738
    }
  }
}