{
  "model": "kairos50m",
  "dataset": "EWELD_Load_15T",
  "method": "clean",
  "ratio": null,
  "term": "long",
  "imputation_method": null,
  "n_windows": 18,
  "period": 96,
  "summary": {
    "mean": {
      "trend_strength": 0.44703642572496033,
      "trend_linearity": 0.008138393970164977,
      "seasonal_strength": 0.9817036890930892,
      "seasonal_correlation": 0.9967563818848385,
      "residual_autocorr_lag1": 0.857591382652859,
      "spectral_entropy": 4131.074208116886
    },
    "std": {
      "trend_strength": 0.20334557984670873,
      "trend_linearity": 0.04719346266022151,
      "seasonal_strength": 0.032651780038872855,
      "seasonal_correlation": 0.003782620096493067,
      "residual_autocorr_lag1": 0.0662713319366232,
      "spectral_entropy": 57.01564783203367
    },
    "min": {
      "trend_strength": 0.08963214700158362,
      "trend_linearity": -0.03901281771707392,
      "seasonal_strength": 0.8541434455321987,
      "seasonal_correlation": 0.9858072307547374,
      "residual_autocorr_lag1": 0.7355825028342711,
      "spectral_entropy": 4039.165266872369
    },
    "max": {
      "trend_strength": 0.7786000474704204,
      "trend_linearity": 0.16813674082438254,
      "seasonal_strength": 0.9976344423957151,
      "seasonal_correlation": 0.9990443262102056,
      "residual_autocorr_lag1": 0.9662174476840604,
      "spectral_entropy": 4236.744550159522
    }
  }
}