{
  "model": "kairos50m",
  "dataset": "EWELD_Load_15T",
  "method": "BM",
  "ratio": 0.1,
  "term": "long",
  "imputation_method": "linear",
  "n_windows": 18,
  "period": 96,
  "summary": {
    "mean": {
      "trend_strength": 0.44187737886432,
      "trend_linearity": 0.009516174836695415,
      "seasonal_strength": 0.9802986637192949,
      "seasonal_correlation": 0.9954098659368715,
      "residual_autocorr_lag1": 0.9024155434062363,
      "spectral_entropy": 4089.4524308539953
    },
    "std": {
      "trend_strength": 0.21728569971720038,
      "trend_linearity": 0.05681033696613804,
      "seasonal_strength": 0.023447631991699185,
      "seasonal_correlation": 0.0068930323176194805,
      "residual_autocorr_lag1": 0.04941149685281058,
      "spectral_entropy": 122.88573390802416
    },
    "min": {
      "trend_strength": 0.06363119157187569,
      "trend_linearity": -0.061210809154788964,
      "seasonal_strength": 0.8936310544302666,
      "seasonal_correlation": 0.9714178186244847,
      "residual_autocorr_lag1": 0.806165316754769,
      "spectral_entropy": 3741.561728446936
    },
    "max": {
      "trend_strength": 0.8011466842521435,
      "trend_linearity": 0.1739098982640503,
      "seasonal_strength": 0.9952622856350577,
      "seasonal_correlation": 0.9992954908416823,
      "residual_autocorr_lag1": 0.9858160160101351,
      "spectral_entropy": 4221.928372720538
    }
  }
}