{
  "model": "kairos50m",
  "dataset": "EWELD_Load_15T",
  "method": "BM",
  "ratio": 0.3,
  "term": "long",
  "imputation_method": "linear",
  "n_windows": 18,
  "period": 96,
  "summary": {
    "mean": {
      "trend_strength": 0.32748857150007465,
      "trend_linearity": 0.006376863291025163,
      "seasonal_strength": 0.8955012411363611,
      "seasonal_correlation": 0.9943087648891132,
      "residual_autocorr_lag1": 0.9620886216524409,
      "spectral_entropy": 4071.7647990247187
    },
    "std": {
      "trend_strength": 0.23190039756426603,
      "trend_linearity": 0.05247470028910701,
      "seasonal_strength": 0.08408890400841948,
      "seasonal_correlation": 0.005832086043481054,
      "residual_autocorr_lag1": 0.03277452371744283,
      "spectral_entropy": 90.63459705514633
    },
    "min": {
      "trend_strength": 0.0,
      "trend_linearity": -0.06587049411874236,
      "seasonal_strength": 0.6837474746877925,
      "seasonal_correlation": 0.9738200791953779,
      "residual_autocorr_lag1": 0.883832215101374,
      "spectral_entropy": 3850.1661759631716
    },
    "max": {
      "trend_strength": 0.6618054042253938,
      "trend_linearity": 0.15706180725505722,
      "seasonal_strength": 0.9954858729532007,
      "seasonal_correlation": 0.9991571332657274,
      "residual_autocorr_lag1": 0.9925728967081208,
      "spectral_entropy": 4195.652537072201
    }
  }
}