{
  "model": "kairos50m",
  "dataset": "EWELD_Load_15T",
  "method": "BM",
  "ratio": 0.2,
  "term": "long",
  "imputation_method": "linear",
  "n_windows": 18,
  "period": 96,
  "summary": {
    "mean": {
      "trend_strength": 0.45340750277754654,
      "trend_linearity": 0.004277699318969816,
      "seasonal_strength": 0.9588759112011529,
      "seasonal_correlation": 0.9927714430400216,
      "residual_autocorr_lag1": 0.9365157919387137,
      "spectral_entropy": 4007.072959160226
    },
    "std": {
      "trend_strength": 0.21173079864076308,
      "trend_linearity": 0.0571376822313077,
      "seasonal_strength": 0.043153732682381214,
      "seasonal_correlation": 0.010044778800059747,
      "residual_autocorr_lag1": 0.0357171041589302,
      "spectral_entropy": 218.04584455663903
    },
    "min": {
      "trend_strength": 0.03921708504350263,
      "trend_linearity": -0.11481345571926042,
      "seasonal_strength": 0.8513591832483993,
      "seasonal_correlation": 0.9604195411342747,
      "residual_autocorr_lag1": 0.8521659343279393,
      "spectral_entropy": 3201.957030025124
    },
    "max": {
      "trend_strength": 0.7849849970296044,
      "trend_linearity": 0.16066567068014442,
      "seasonal_strength": 0.991514115838924,
      "seasonal_correlation": 0.9992732416921551,
      "residual_autocorr_lag1": 0.9858614274220033,
      "spectral_entropy": 4186.651270311491
    }
  }
}