{
  "model": "kairos50m",
  "dataset": "exchange_rate",
  "method": "BM",
  "ratio": 0.3,
  "term": "long",
  "imputation_method": "backward",
  "n_windows": 11,
  "period": 7,
  "summary": {
    "mean": {
      "trend_strength": 0.9974309831916652,
      "trend_linearity": 7.557752113429172e-05,
      "seasonal_strength": 0.06117434707835527,
      "seasonal_correlation": 0.037026963477336576,
      "residual_autocorr_lag1": 0.5500659945610442,
      "spectral_entropy": -1412.9744055184894
    },
    "std": {
      "trend_strength": 0.0028389614308707042,
      "trend_linearity": 0.0001108156480097543,
      "seasonal_strength": 0.048468995194975814,
      "seasonal_correlation": 0.03000276951623905,
      "residual_autocorr_lag1": 0.09695941606103746,
      "spectral_entropy": 351.0000516967216
    },
    "min": {
      "trend_strength": 0.9919554574018732,
      "trend_linearity": -0.0001493667497543115,
      "seasonal_strength": 0.0,
      "seasonal_correlation": 0.00735013731355809,
      "residual_autocorr_lag1": 0.3764706344455471,
      "spectral_entropy": -1923.7328471479523
    },
    "max": {
      "trend_strength": 0.9998474476767473,
      "trend_linearity": 0.0002810316909493111,
      "seasonal_strength": 0.16929663247824056,
      "seasonal_correlation": 0.11510773644992799,
      "residual_autocorr_lag1": 0.6699161532402859,
      "spectral_entropy": -786.665881376998
    }
  }
}