{
  "model": "kairos50m",
  "dataset": "exchange_rate",
  "method": "BM",
  "ratio": 0.3,
  "term": "long",
  "imputation_method": "linear",
  "n_windows": 11,
  "period": 7,
  "summary": {
    "mean": {
      "trend_strength": 0.9975772026389838,
      "trend_linearity": 3.6879417921623845e-05,
      "seasonal_strength": 0.03543522211412543,
      "seasonal_correlation": 0.04816342410795998,
      "residual_autocorr_lag1": 0.558119646086334,
      "spectral_entropy": -1490.2864393196555
    },
    "std": {
      "trend_strength": 0.0027360078353447096,
      "trend_linearity": 0.00018655071447141666,
      "seasonal_strength": 0.05248754288064601,
      "seasonal_correlation": 0.03173087199616604,
      "residual_autocorr_lag1": 0.0987802174521476,
      "spectral_entropy": 500.9984751746555
    },
    "min": {
      "trend_strength": 0.9916932029552158,
      "trend_linearity": -0.0004040451543531511,
      "seasonal_strength": 0.0,
      "seasonal_correlation": 0.005388790557360134,
      "residual_autocorr_lag1": 0.35585337462940325,
      "spectral_entropy": -2153.847669232286
    },
    "max": {
      "trend_strength": 0.9999229328648574,
      "trend_linearity": 0.00034388891972261543,
      "seasonal_strength": 0.17729118163765623,
      "seasonal_correlation": 0.1053024563548203,
      "residual_autocorr_lag1": 0.6895628901384161,
      "spectral_entropy": -707.2123565607106
    }
  }
}