{
  "model": "kairos50m",
  "dataset": "Finland_Traffic_15T",
  "method": "BM",
  "ratio": 0.2,
  "term": "long",
  "imputation_method": "backward",
  "n_windows": 20,
  "period": 96,
  "summary": {
    "mean": {
      "trend_strength": 0.13751781648374278,
      "trend_linearity": 0.002521597932232194,
      "seasonal_strength": 0.8184659486290226,
      "seasonal_correlation": 0.9609751696406919,
      "residual_autocorr_lag1": 0.9594595422786274,
      "spectral_entropy": 3853.4712081994717
    },
    "std": {
      "trend_strength": 0.14483083261094465,
      "trend_linearity": 0.028482572144845297,
      "seasonal_strength": 0.1394023486215616,
      "seasonal_correlation": 0.03668770846284128,
      "residual_autocorr_lag1": 0.022984625082645534,
      "spectral_entropy": 308.35464221658185
    },
    "min": {
      "trend_strength": 0.0,
      "trend_linearity": -0.06670363737087777,
      "seasonal_strength": 0.4341736805885561,
      "seasonal_correlation": 0.8478672194435455,
      "residual_autocorr_lag1": 0.9083094668930424,
      "spectral_entropy": 3040.5990832029133
    },
    "max": {
      "trend_strength": 0.6377606774596678,
      "trend_linearity": 0.05962612939103521,
      "seasonal_strength": 0.9737646650537544,
      "seasonal_correlation": 0.9974793025303663,
      "residual_autocorr_lag1": 0.9893160574436864,
      "spectral_entropy": 4186.562499542122
    }
  }
}