{
  "model": "kairos50m",
  "dataset": "Finland_Traffic_15T",
  "method": "BM",
  "ratio": 0.3,
  "term": "long",
  "imputation_method": "backward",
  "n_windows": 20,
  "period": 96,
  "summary": {
    "mean": {
      "trend_strength": 0.19892244009565865,
      "trend_linearity": 0.012007360105978051,
      "seasonal_strength": 0.7734695799033343,
      "seasonal_correlation": 0.964451326101648,
      "residual_autocorr_lag1": 0.9703721504930568,
      "spectral_entropy": 3801.655214698973
    },
    "std": {
      "trend_strength": 0.1348184957929347,
      "trend_linearity": 0.03990651888701111,
      "seasonal_strength": 0.14235676930841895,
      "seasonal_correlation": 0.031202241738788584,
      "residual_autocorr_lag1": 0.01589397071233266,
      "spectral_entropy": 253.51759025852593
    },
    "min": {
      "trend_strength": 0.018375356671575305,
      "trend_linearity": -0.09300045531426876,
      "seasonal_strength": 0.467173716981227,
      "seasonal_correlation": 0.8738563027188149,
      "residual_autocorr_lag1": 0.9368372947769467,
      "spectral_entropy": 3278.8328512426333
    },
    "max": {
      "trend_strength": 0.47609208180831175,
      "trend_linearity": 0.11098462730160057,
      "seasonal_strength": 0.9699586839374025,
      "seasonal_correlation": 0.9960317700796731,
      "residual_autocorr_lag1": 0.9925392822355765,
      "spectral_entropy": 4203.35528412631
    }
  }
}