{
  "model": "kairos50m",
  "dataset": "Finland_Traffic_15T",
  "method": "BM",
  "ratio": 0.3,
  "term": "long",
  "imputation_method": "forward",
  "n_windows": 20,
  "period": 96,
  "summary": {
    "mean": {
      "trend_strength": 0.3010301126771224,
      "trend_linearity": 0.020945562679120906,
      "seasonal_strength": 0.8269621780418752,
      "seasonal_correlation": 0.9557259784059029,
      "residual_autocorr_lag1": 0.9674443769923879,
      "spectral_entropy": 3611.200059177904
    },
    "std": {
      "trend_strength": 0.25010680716132005,
      "trend_linearity": 0.06694124327014864,
      "seasonal_strength": 0.09372014059239989,
      "seasonal_correlation": 0.052597606545828034,
      "residual_autocorr_lag1": 0.02553867472265033,
      "spectral_entropy": 312.790185703527
    },
    "min": {
      "trend_strength": 0.0,
      "trend_linearity": -0.08726233154771681,
      "seasonal_strength": 0.642187607176294,
      "seasonal_correlation": 0.77641695240142,
      "residual_autocorr_lag1": 0.8821299205543737,
      "spectral_entropy": 2875.544269315952
    },
    "max": {
      "trend_strength": 0.7761801096766252,
      "trend_linearity": 0.22952663598999523,
      "seasonal_strength": 0.9630338322976504,
      "seasonal_correlation": 0.9993658297774288,
      "residual_autocorr_lag1": 0.9937949697171036,
      "spectral_entropy": 4146.315995960853
    }
  }
}