{
  "model": "kairos50m",
  "dataset": "Finland_Traffic_15T",
  "method": "BM",
  "ratio": 0.2,
  "term": "long",
  "imputation_method": "forward",
  "n_windows": 20,
  "period": 96,
  "summary": {
    "mean": {
      "trend_strength": 0.1066613743443485,
      "trend_linearity": -0.0017570332176700353,
      "seasonal_strength": 0.7834566822343605,
      "seasonal_correlation": 0.9600626084511401,
      "residual_autocorr_lag1": 0.9588252074519639,
      "spectral_entropy": 3757.201681635499
    },
    "std": {
      "trend_strength": 0.1498010386047462,
      "trend_linearity": 0.03247994438633009,
      "seasonal_strength": 0.17735137973943757,
      "seasonal_correlation": 0.03161489997129508,
      "residual_autocorr_lag1": 0.02717954136501772,
      "spectral_entropy": 284.9305658586415
    },
    "min": {
      "trend_strength": 0.0,
      "trend_linearity": -0.05700686064567873,
      "seasonal_strength": 0.2503028734634162,
      "seasonal_correlation": 0.8918781388364991,
      "residual_autocorr_lag1": 0.8897591263655448,
      "spectral_entropy": 3196.8726313126094
    },
    "max": {
      "trend_strength": 0.6511975105177537,
      "trend_linearity": 0.07378721661426087,
      "seasonal_strength": 0.9584342991871072,
      "seasonal_correlation": 0.9948850821682347,
      "residual_autocorr_lag1": 0.9914683278537025,
      "spectral_entropy": 4140.19020081268
    }
  }
}