{
  "model": "kairos50m",
  "dataset": "Finland_Traffic_15T",
  "method": "clean",
  "ratio": null,
  "term": "long",
  "imputation_method": null,
  "n_windows": 20,
  "period": 96,
  "summary": {
    "mean": {
      "trend_strength": 0.02590572131067872,
      "trend_linearity": 0.010823706783735326,
      "seasonal_strength": 0.8952547326214914,
      "seasonal_correlation": 0.9698664067417327,
      "residual_autocorr_lag1": 0.9295549956969935,
      "spectral_entropy": 3951.8944146464737
    },
    "std": {
      "trend_strength": 0.023346045810390095,
      "trend_linearity": 0.025601426521520233,
      "seasonal_strength": 0.04062044302293043,
      "seasonal_correlation": 0.01767369842575398,
      "residual_autocorr_lag1": 0.057165797321639615,
      "spectral_entropy": 127.5086512948896
    },
    "min": {
      "trend_strength": 0.0,
      "trend_linearity": -0.031204010347934477,
      "seasonal_strength": 0.8186886800828124,
      "seasonal_correlation": 0.9236038743832231,
      "residual_autocorr_lag1": 0.7508539544762348,
      "spectral_entropy": 3761.6379484493114
    },
    "max": {
      "trend_strength": 0.07618826714072702,
      "trend_linearity": 0.06899184706745023,
      "seasonal_strength": 0.9543472732465685,
      "seasonal_correlation": 0.9923225750283625,
      "residual_autocorr_lag1": 0.979951812119476,
      "spectral_entropy": 4191.813025243239
    }
  }
}