{
  "model": "kairos50m",
  "dataset": "Finland_Traffic_15T",
  "method": "BM",
  "ratio": 0.2,
  "term": "long",
  "imputation_method": "linear",
  "n_windows": 20,
  "period": 96,
  "summary": {
    "mean": {
      "trend_strength": 0.06263080377823167,
      "trend_linearity": -0.008091964298251793,
      "seasonal_strength": 0.8354106704809576,
      "seasonal_correlation": 0.9652500924630484,
      "residual_autocorr_lag1": 0.949794311133266,
      "spectral_entropy": 3844.1575625840387
    },
    "std": {
      "trend_strength": 0.04647124017997695,
      "trend_linearity": 0.0321703977706413,
      "seasonal_strength": 0.15192573098939993,
      "seasonal_correlation": 0.01912551576225234,
      "residual_autocorr_lag1": 0.026184085298386034,
      "spectral_entropy": 209.62423287760146
    },
    "min": {
      "trend_strength": 0.0,
      "trend_linearity": -0.062641647931324,
      "seasonal_strength": 0.3377913345001613,
      "seasonal_correlation": 0.9325094687828765,
      "residual_autocorr_lag1": 0.8686359623985661,
      "spectral_entropy": 3322.035359424641
    },
    "max": {
      "trend_strength": 0.16571485247741136,
      "trend_linearity": 0.0611345240003953,
      "seasonal_strength": 0.9677941183570391,
      "seasonal_correlation": 0.9955825868862336,
      "residual_autocorr_lag1": 0.9873649383589032,
      "spectral_entropy": 4112.911872253357
    }
  }
}