{
  "model": "kairos50m",
  "dataset": "Finland_Traffic_15T",
  "method": "BM",
  "ratio": 0.3,
  "term": "long",
  "imputation_method": "mean",
  "n_windows": 20,
  "period": 96,
  "summary": {
    "mean": {
      "trend_strength": 0.16279863950490722,
      "trend_linearity": 0.007689830641411233,
      "seasonal_strength": 0.8610144533096957,
      "seasonal_correlation": 0.952396569218015,
      "residual_autocorr_lag1": 0.9615212179147384,
      "spectral_entropy": 3718.268334444381
    },
    "std": {
      "trend_strength": 0.09175662385704587,
      "trend_linearity": 0.03163914597188218,
      "seasonal_strength": 0.07104234859694841,
      "seasonal_correlation": 0.048400160831084296,
      "residual_autocorr_lag1": 0.0214828663556215,
      "spectral_entropy": 274.8800271970503
    },
    "min": {
      "trend_strength": 0.011781828565035513,
      "trend_linearity": -0.05812106893870025,
      "seasonal_strength": 0.7260479068999259,
      "seasonal_correlation": 0.813575854250789,
      "residual_autocorr_lag1": 0.9050959268637673,
      "spectral_entropy": 3170.9596456694053
    },
    "max": {
      "trend_strength": 0.30834858398937315,
      "trend_linearity": 0.09908783564278234,
      "seasonal_strength": 0.9803253507441123,
      "seasonal_correlation": 0.9972628863014257,
      "residual_autocorr_lag1": 0.9849134008083502,
      "spectral_entropy": 4112.755972360423
    }
  }
}