window_idx,n_series,trend_strength,trend_linearity,seasonal_strength,seasonal_correlation,residual_autocorr_lag1,spectral_entropy
0,1,0.9901526446200417,-0.0008061262008122862,0.7541462181874734,0.9423042368602051,0.8799433190217323,306.7644424314221
1,1,0.9829533885676766,-0.00033965090204421725,0.8421400264986367,0.9748316231800834,0.9224575309275085,26.437571844907495
2,1,0.9691191399907674,-0.00019915359479157267,0.7830304339540897,0.9604965756644844,0.9420497816371405,-334.79562247167996
3,1,0.9590006272518703,-5.520742127484084e-05,0.8566816623614912,0.9810954408487532,0.9291445695805272,-839.3596348236921
4,1,0.9494242233755154,-0.0002440234653944519,0.8709628158468444,0.9579738873399866,0.8613802159516509,-1034.1603295726977
5,1,0.9526647225912287,-3.7600044539822886e-05,0.9317332407190816,0.988697986745749,0.9206411852501665,-800.9264819302603
6,1,0.946994492579238,6.369866922721901e-05,0.3777411798694217,0.6673938230747786,0.9439245641380349,-705.6806768498078
7,1,0.9667293014868176,0.00018263328632624545,0.304850543563146,0.7477634613564699,0.8222750153198252,-474.2308856538533
