window_idx,n_series,trend_strength,trend_linearity,seasonal_strength,seasonal_correlation,residual_autocorr_lag1,spectral_entropy
0,1,0.9860372015629862,-0.0007081446444187644,0.9038489009620492,0.9553780067475112,0.8443601100752333,194.9771665975088
1,1,0.9813827234572979,-0.0005167247371261684,0.8821218836517357,0.9908197958641118,0.9484315881886671,236.85130678712414
2,1,0.993625916523468,-4.7997953179693095e-05,0.9490357194754511,0.9904089125832438,0.8985821099660541,-91.7381250910907
3,1,0.978245054099223,-0.00044790295732731255,0.7187997984361421,0.9544067327303443,0.9414516865766093,-221.14548193887273
4,1,0.9582739407163707,-0.00022786623429010155,0.569124146547372,0.9532739857305889,0.957094263853969,-718.0827776766844
5,1,0.973920525051641,-0.00015953174617309697,0.33604080368580813,0.8942914340518824,0.8186029942037862,476.4298057496023
6,1,0.9839612406448381,-5.4430304147287134e-05,0.49963538916233363,0.8168818482114371,0.8812092297035754,-395.4837261530147
7,1,0.796799264574254,7.561089531313852e-05,0.036597517165250726,0.7838132047063208,0.8465206830342769,-758.9784823849823
