window_idx,n_series,trend_strength,trend_linearity,seasonal_strength,seasonal_correlation,residual_autocorr_lag1,spectral_entropy
0,1,0.9840694480152937,-0.0007523206738167875,0.9049260722236613,0.9864754245727186,0.9204860225624051,173.0594895951488
1,1,0.9736544416533937,-0.0003061501210755962,0.9255389420535516,0.956677197647485,0.9148082156424755,-683.2245456462757
2,1,0.9075100473510664,-0.0007906590681051963,0.6092075823891986,0.9509478899072791,0.9657713269536382,80.89011927895217
3,1,0.9681570146497624,0.000173023769713385,0.9474561862484427,0.9722143266370727,0.8378673888178015,-1634.8812593518376
4,1,0.9856834155613564,-0.0005280533570696358,0.7769147457325153,0.9592951564182867,0.899669168433923,-979.7005026735026
5,1,0.9718718850384076,0.00010510313179944426,0.7675683283610315,0.918467486406316,0.8493708987961908,-1125.217354861063
6,1,0.9624398136073784,-3.0467529270921196e-05,0.3843888428616803,0.7572425871825402,0.9305197134546888,-601.8928858799877
7,1,0.8822400055420683,-3.515920081172117e-06,0.2752203592935972,0.553583153123564,0.8709724513556905,-904.311152025233
