window_idx,n_series,trend_strength,trend_linearity,seasonal_strength,seasonal_correlation,residual_autocorr_lag1,spectral_entropy
0,1,0.9816310795504741,-0.0006621248784722062,0.8981190881789515,0.9793123162968732,0.9374505311020304,350.33914075057925
1,1,0.9766572693213897,-0.0003341716475011997,0.7814326884528043,0.9401952107110312,0.9423333831401712,121.55441321504082
2,1,0.9724576563696781,6.787360321186981e-05,0.8159088088003672,0.9796478931010644,0.9493856833668595,-83.55594495452465
3,1,0.9658516670726908,-0.000491255359976957,0.7920674817769515,0.930947742957003,0.935157123591576,-306.79646063893006
4,1,0.9646058068051818,0.00019167157051607018,0.811689818306468,0.9729783951501086,0.9466452501012206,-1366.0032287821246
5,1,0.9799298201096043,1.725898554468474e-05,0.7442265275248023,0.9552849577235638,0.9280411936089935,77.86937227253159
6,1,0.9723149007453402,-0.0007991339711813154,0.34889612400105574,0.7995076812902777,0.9044075174709155,-388.94369631352833
7,1,0.9483294545217352,-0.0002604936045169359,0.47634112587110367,0.8682232533474311,0.8874945791981323,-539.8737600793172
