{
  "model": "kairos50m",
  "dataset": "NE_China_Wind_H",
  "method": "BM",
  "ratio": 0.3,
  "term": "long",
  "imputation_method": "forward",
  "n_windows": 8,
  "period": 24,
  "summary": {
    "mean": {
      "trend_strength": 0.9646298175578945,
      "trend_linearity": -0.0001794287091629659,
      "seasonal_strength": 0.7151607651250231,
      "seasonal_correlation": 0.9025696293838138,
      "residual_autocorr_lag1": 0.9027270227283233,
      "spectral_entropy": -481.9939521282077
    },
    "std": {
      "trend_strength": 0.014700322560549902,
      "trend_linearity": 0.00028476493813994546,
      "seasonal_strength": 0.22239110405357324,
      "seasonal_correlation": 0.11515359537607824,
      "residual_autocorr_lag1": 0.040854612380405754,
      "spectral_entropy": 431.09188143942424
    },
    "min": {
      "trend_strength": 0.946994492579238,
      "trend_linearity": -0.0008061262008122862,
      "seasonal_strength": 0.304850543563146,
      "seasonal_correlation": 0.6673938230747786,
      "residual_autocorr_lag1": 0.8222750153198252,
      "spectral_entropy": -1034.1603295726977
    },
    "max": {
      "trend_strength": 0.9901526446200417,
      "trend_linearity": 0.00018263328632624545,
      "seasonal_strength": 0.9317332407190816,
      "seasonal_correlation": 0.988697986745749,
      "residual_autocorr_lag1": 0.9439245641380349,
      "spectral_entropy": 306.7644424314221
    }
  }
}