{
  "model": "kairos50m",
  "dataset": "NE_China_Wind_H",
  "method": "BM",
  "ratio": 0.3,
  "term": "long",
  "imputation_method": "mean",
  "n_windows": 8,
  "period": 24,
  "summary": {
    "mean": {
      "trend_strength": 0.9544532589273409,
      "trend_linearity": -0.00026662997098831,
      "seasonal_strength": 0.6989026323954599,
      "seasonal_correlation": 0.8818629027369078,
      "residual_autocorr_lag1": 0.8986831482521016,
      "spectral_entropy": -709.4097614454748
    },
    "std": {
      "trend_strength": 0.0356975705533521,
      "trend_linearity": 0.0003600153810214562,
      "seasonal_strength": 0.23792336101149938,
      "seasonal_correlation": 0.1414702001358371,
      "residual_autocorr_lag1": 0.040541465242667364,
      "spectral_entropy": 565.2442513623743
    },
    "min": {
      "trend_strength": 0.8822400055420683,
      "trend_linearity": -0.0007906590681051963,
      "seasonal_strength": 0.2752203592935972,
      "seasonal_correlation": 0.553583153123564,
      "residual_autocorr_lag1": 0.8378673888178015,
      "spectral_entropy": -1634.8812593518376
    },
    "max": {
      "trend_strength": 0.9856834155613564,
      "trend_linearity": 0.000173023769713385,
      "seasonal_strength": 0.9474561862484427,
      "seasonal_correlation": 0.9864754245727186,
      "residual_autocorr_lag1": 0.9657713269536382,
      "spectral_entropy": 173.0594895951488
    }
  }
}