{
  "model": "kairos50m",
  "dataset": "NE_China_Wind_H",
  "method": "BM",
  "ratio": 0.3,
  "term": "long",
  "imputation_method": "linear",
  "n_windows": 8,
  "period": 24,
  "summary": {
    "mean": {
      "trend_strength": 0.9639104007079892,
      "trend_linearity": -0.00025297041692741434,
      "seasonal_strength": 0.6537736815474057,
      "seasonal_correlation": 0.8864535245409407,
      "residual_autocorr_lag1": 0.9108149514763259,
      "spectral_entropy": -395.772957877968
    },
    "std": {
      "trend_strength": 0.025134436465504596,
      "trend_linearity": 0.0003273205485662435,
      "seasonal_strength": 0.27194174417712,
      "seasonal_correlation": 0.1223393393449471,
      "residual_autocorr_lag1": 0.058477475427443075,
      "spectral_entropy": 523.5450379437077
    },
    "min": {
      "trend_strength": 0.9128200808139492,
      "trend_linearity": -0.0009344650444562216,
      "seasonal_strength": 0.10163622806605555,
      "seasonal_correlation": 0.6249607946442981,
      "residual_autocorr_lag1": 0.7584225265146529,
      "spectral_entropy": -1373.0476565799308
    },
    "max": {
      "trend_strength": 0.988408657806682,
      "trend_linearity": 0.00010979903683839134,
      "seasonal_strength": 0.8858550761240503,
      "seasonal_correlation": 0.990366558344218,
      "residual_autocorr_lag1": 0.9529949849805796,
      "spectral_entropy": 226.16374165821196
    }
  }
}