window_idx,n_series,trend_strength,trend_linearity,seasonal_strength,seasonal_correlation,residual_autocorr_lag1,spectral_entropy
0,1,0.9850915808916565,-0.0007994653300554767,0.8981206238932857,0.946932936617827,0.9061215354152038,259.85179564647507
1,1,0.9826556462035944,-0.00030494339146493285,0.895461539855407,0.9938320730636511,0.9530108412960034,153.3104703328192
2,1,0.9621864996030635,9.872935028937179e-05,0.8981552311620277,0.9873273921450497,0.884648096300063,-346.5299159112013
3,1,0.9451707717124496,0.00014104891461896705,0.8856406095591001,0.9946445336585333,0.9354129302761531,-1257.646193912725
4,1,0.9676584514587225,5.6559235462989084e-05,0.9068016903507868,0.9808169257164446,0.9148183178991874,-1228.9426532246664
5,1,0.9870826299336815,0.00023237092576659733,0.4983694557242596,0.9473810079910244,0.9274013963868717,257.451453940575
6,1,0.9843796226100011,-0.00033383683716166015,0.6569346381425885,0.9150140430481324,0.9403058102693712,-540.4044569733168
7,1,0.9490197376065334,0.00017173392536699126,0.4641614340400223,0.858475324742873,0.8340915356223265,-588.1174864832652
