{
  "model": "kairos50m",
  "dataset": "NE_China_Wind_H",
  "method": "BM",
  "ratio": 0.1,
  "term": "long",
  "imputation_method": "backward",
  "n_windows": 8,
  "period": 24,
  "summary": {
    "mean": {
      "trend_strength": 0.9630994086324752,
      "trend_linearity": -0.0002487028597010225,
      "seasonal_strength": 0.7038431419162242,
      "seasonal_correlation": 0.9482316469813978,
      "residual_autocorr_lag1": 0.9297042961488733,
      "spectral_entropy": -219.272235059714
    },
    "std": {
      "trend_strength": 0.044431469778342975,
      "trend_linearity": 0.00031806060382161863,
      "seasonal_strength": 0.18031903422765208,
      "seasonal_correlation": 0.03246421112504409,
      "residual_autocorr_lag1": 0.04559432940113804,
      "spectral_entropy": 446.26114623001155
    },
    "min": {
      "trend_strength": 0.8462825550559041,
      "trend_linearity": -0.0007427185610394573,
      "seasonal_strength": 0.42085901242302437,
      "seasonal_correlation": 0.8973137012243569,
      "residual_autocorr_lag1": 0.8114708479950689,
      "spectral_entropy": -1031.5984431921233
    },
    "max": {
      "trend_strength": 0.9869014237169289,
      "trend_linearity": 0.0002612058852133276,
      "seasonal_strength": 0.8907337770243791,
      "seasonal_correlation": 0.988992523436568,
      "residual_autocorr_lag1": 0.9607472068723092,
      "spectral_entropy": 331.095554922917
    }
  }
}