{
  "model": "kairos50m",
  "dataset": "NE_China_Wind_H",
  "method": "BM",
  "ratio": 0.3,
  "term": "long",
  "imputation_method": "backward",
  "n_windows": 8,
  "period": 24,
  "summary": {
    "mean": {
      "trend_strength": 0.9620995037873126,
      "trend_linearity": -0.00025804410147734115,
      "seasonal_strength": 0.6547667896402318,
      "seasonal_correlation": 0.8530894025483133,
      "residual_autocorr_lag1": 0.887353120421668,
      "spectral_entropy": -379.30613183837636
    },
    "std": {
      "trend_strength": 0.03344414916556745,
      "trend_linearity": 0.00036510135277946704,
      "seasonal_strength": 0.2793111829307952,
      "seasonal_correlation": 0.1776428673287425,
      "residual_autocorr_lag1": 0.07047853702359526,
      "spectral_entropy": 504.5265134517718
    },
    "min": {
      "trend_strength": 0.8841710628129551,
      "trend_linearity": -0.0009597292098581018,
      "seasonal_strength": 0.0,
      "seasonal_correlation": 0.5114502994278507,
      "residual_autocorr_lag1": 0.7439990978274188,
      "spectral_entropy": -1202.8560278237055
    },
    "max": {
      "trend_strength": 0.9924411806630982,
      "trend_linearity": 0.00024640639602728227,
      "seasonal_strength": 0.9190616274603571,
      "seasonal_correlation": 0.9925153173459046,
      "residual_autocorr_lag1": 0.9529405815157151,
      "spectral_entropy": 331.9861053784337
    }
  }
}