{
  "model": "kairos50m",
  "dataset": "OpenElectricity_NEM_5T",
  "method": "BM",
  "ratio": 0.1,
  "term": "long",
  "imputation_method": "linear",
  "n_windows": 20,
  "period": 288,
  "summary": {
    "mean": {
      "trend_strength": 0.5147249795751953,
      "trend_linearity": 0.021333772135525873,
      "seasonal_strength": 0.9967627168822208,
      "seasonal_correlation": 0.9939308685784463,
      "residual_autocorr_lag1": 0.922711940727619,
      "spectral_entropy": 5367.4628991946465
    },
    "std": {
      "trend_strength": 0.3241277771088336,
      "trend_linearity": 0.25835721640346737,
      "seasonal_strength": 0.0036149067954323842,
      "seasonal_correlation": 0.005859597910641159,
      "residual_autocorr_lag1": 0.07021471514447397,
      "spectral_entropy": 152.90027718839633
    },
    "min": {
      "trend_strength": 0.015071875410400448,
      "trend_linearity": -0.4062802593366989,
      "seasonal_strength": 0.9857105049680857,
      "seasonal_correlation": 0.9780025497124544,
      "residual_autocorr_lag1": 0.7467557233927313,
      "spectral_entropy": 5065.30599269284
    },
    "max": {
      "trend_strength": 0.9710202315546929,
      "trend_linearity": 0.5080964144743554,
      "seasonal_strength": 0.9997839969984694,
      "seasonal_correlation": 0.9997889556848142,
      "residual_autocorr_lag1": 0.9953861509481086,
      "spectral_entropy": 5595.116105047142
    }
  }
}