{
  "model": "kairos50m",
  "dataset": "OpenElectricity_NEM_5T",
  "method": "BM",
  "ratio": 0.3,
  "term": "long",
  "imputation_method": "mean",
  "n_windows": 20,
  "period": 288,
  "summary": {
    "mean": {
      "trend_strength": 0.4133402363103711,
      "trend_linearity": -0.004222694256321312,
      "seasonal_strength": 0.9765428870175275,
      "seasonal_correlation": 0.899629503491882,
      "residual_autocorr_lag1": 0.8596057922394795,
      "spectral_entropy": 4924.169788123245
    },
    "std": {
      "trend_strength": 0.25843913274575414,
      "trend_linearity": 0.2892171395291434,
      "seasonal_strength": 0.030891344772455944,
      "seasonal_correlation": 0.12364937049700922,
      "residual_autocorr_lag1": 0.16596455009976346,
      "spectral_entropy": 522.3727021303044
    },
    "min": {
      "trend_strength": 0.0,
      "trend_linearity": -0.5567750498775614,
      "seasonal_strength": 0.8742063027140168,
      "seasonal_correlation": 0.5471259773995927,
      "residual_autocorr_lag1": 0.33688996626446666,
      "spectral_entropy": 3981.225740067118
    },
    "max": {
      "trend_strength": 0.841274936340797,
      "trend_linearity": 0.4606054024730071,
      "seasonal_strength": 0.9991636440888163,
      "seasonal_correlation": 0.9928284230475435,
      "residual_autocorr_lag1": 0.9932545956646086,
      "spectral_entropy": 5590.898775856525
    }
  }
}