{
  "model": "kairos50m",
  "dataset": "OpenElectricity_NEM_5T",
  "method": "BM",
  "ratio": 0.2,
  "term": "long",
  "imputation_method": "backward",
  "n_windows": 20,
  "period": 288,
  "summary": {
    "mean": {
      "trend_strength": 0.4643790418011533,
      "trend_linearity": 0.2089376978909474,
      "seasonal_strength": 0.9867388399862905,
      "seasonal_correlation": 0.954968370613243,
      "residual_autocorr_lag1": 0.8687544184539344,
      "spectral_entropy": 5350.490528554388
    },
    "std": {
      "trend_strength": 0.34090740716027856,
      "trend_linearity": 0.48191899793747117,
      "seasonal_strength": 0.018250157695202815,
      "seasonal_correlation": 0.054981428623406,
      "residual_autocorr_lag1": 0.16717202183183044,
      "spectral_entropy": 173.91513608151035
    },
    "min": {
      "trend_strength": 0.0,
      "trend_linearity": -0.7169695665120555,
      "seasonal_strength": 0.9204138518560144,
      "seasonal_correlation": 0.7840982706135596,
      "residual_autocorr_lag1": 0.44466272697206727,
      "spectral_entropy": 4972.581941096896
    },
    "max": {
      "trend_strength": 0.9449977619383155,
      "trend_linearity": 1.3181993298757846,
      "seasonal_strength": 0.9997824193523949,
      "seasonal_correlation": 0.9988641627544294,
      "residual_autocorr_lag1": 0.9926767873702443,
      "spectral_entropy": 5637.028513253802
    }
  }
}