{
  "model": "kairos50m",
  "dataset": "OpenElectricity_NEM_5T",
  "method": "BM",
  "ratio": 0.1,
  "term": "long",
  "imputation_method": "mean",
  "n_windows": 20,
  "period": 288,
  "summary": {
    "mean": {
      "trend_strength": 0.500846766319304,
      "trend_linearity": 0.09251900778211967,
      "seasonal_strength": 0.9932709612583764,
      "seasonal_correlation": 0.9841330506555851,
      "residual_autocorr_lag1": 0.8668596014877938,
      "spectral_entropy": 5321.898270876666
    },
    "std": {
      "trend_strength": 0.25386759138014386,
      "trend_linearity": 0.3435260012593172,
      "seasonal_strength": 0.012481692945534341,
      "seasonal_correlation": 0.01959332852625591,
      "residual_autocorr_lag1": 0.14040972885264713,
      "spectral_entropy": 215.58357407275693
    },
    "min": {
      "trend_strength": 0.0012306693881826147,
      "trend_linearity": -0.44596286885850445,
      "seasonal_strength": 0.9452084140308323,
      "seasonal_correlation": 0.9134966528830436,
      "residual_autocorr_lag1": 0.3384903211445033,
      "spectral_entropy": 4744.559108885789
    },
    "max": {
      "trend_strength": 0.8104380936586018,
      "trend_linearity": 1.1029100899311344,
      "seasonal_strength": 0.9997074814111705,
      "seasonal_correlation": 0.9983464268983079,
      "residual_autocorr_lag1": 0.9956753011213867,
      "spectral_entropy": 5641.691002400277
    }
  }
}