window_idx,n_series,trend_strength,trend_linearity,seasonal_strength,seasonal_correlation,residual_autocorr_lag1,spectral_entropy
0,1,0.9790292971436897,-1.058271452779716,0.20500673694012617,0.031395238771837614,0.1862387073889527,2900.346018407972
1,1,0.9103599178258928,-0.14063005169522774,0.09126553440850504,0.031501073388880065,0.47107635008988996,2559.343465499992
2,1,0.7275820332163023,-0.14671547059383055,0.08457342092483866,0.017818801773984812,0.5004603215645808,2539.2267658272494
