window_idx,n_series,trend_strength,trend_linearity,seasonal_strength,seasonal_correlation,residual_autocorr_lag1,spectral_entropy
0,1,0.7820405357559319,-0.5910892870916896,0.0,0.010594203839020527,0.5252958014455594,3088.3460440304098
1,1,0.9955238271922631,-3.155544969718752,0.0,0.0734329722846133,0.6148844983736205,3785.431382517733
2,1,0.8033503877647287,-0.24518223464866967,0.0,0.08363865778727099,0.48036371992613375,2792.02372829608
