window_idx,n_series,trend_strength,trend_linearity,seasonal_strength,seasonal_correlation,residual_autocorr_lag1,spectral_entropy
0,1,0.9451788424315535,-0.9198084630818989,0.09676751953499041,0.017014509886395284,0.326657032123849,2896.928546887476
1,1,0.7762242454653474,0.01109054726756436,0.11298457092643588,0.024155976851498142,0.30551700924150016,3007.838846345605
2,1,0.6399920082491355,0.09747545666633155,0.0,0.07097183200891055,0.2845686308413728,2604.5515529583854
