{
  "model": "kairos50m",
  "dataset": "Port_Activity_D",
  "method": "BM",
  "ratio": 0.2,
  "term": "long",
  "imputation_method": "mean",
  "n_windows": 3,
  "period": 7,
  "summary": {
    "mean": {
      "trend_strength": 0.9338087744090874,
      "trend_linearity": -0.7087784089229355,
      "seasonal_strength": 0.01173870902326494,
      "seasonal_correlation": 0.07348569592821301,
      "residual_autocorr_lag1": 0.29703849464055176,
      "spectral_entropy": 2906.781836098226
    },
    "std": {
      "trend_strength": 0.0606508810951725,
      "trend_linearity": 0.7044295407704289,
      "seasonal_strength": 0.011995810775664905,
      "seasonal_correlation": 0.022676863830034047,
      "residual_autocorr_lag1": 0.09048710174600462,
      "spectral_entropy": 184.79604076748677
    },
    "min": {
      "trend_strength": 0.848139163901382,
      "trend_linearity": -1.340137219018947,
      "seasonal_strength": 0.0,
      "seasonal_correlation": 0.05014397343062591,
      "residual_autocorr_lag1": 0.20829253151469415,
      "spectral_entropy": 2645.8439300911296
    },
    "max": {
      "trend_strength": 0.9802949414670715,
      "trend_linearity": 0.2742622225614487,
      "seasonal_strength": 0.028214724041328076,
      "seasonal_correlation": 0.1042021136898283,
      "residual_autocorr_lag1": 0.4212550037760749,
      "spectral_entropy": 3049.817488409137
    }
  }
}