window_idx,n_series,trend_strength,trend_linearity,seasonal_strength,seasonal_correlation,residual_autocorr_lag1,spectral_entropy
0,1,0.9462503607705773,-0.9328907506871851,0.09732647448380627,0.016238904175783102,0.3259046062067854,2898.645552246702
1,1,0.8521881230001004,-0.36878290301527145,0.07898307061832843,0.020646845882706717,0.2649834409121127,2992.058130262591
2,1,0.6844743152664745,0.09215796314483746,0.0,0.09742146293918046,0.24137110317377028,2494.8445994509793
