window_idx,n_series,trend_strength,trend_linearity,seasonal_strength,seasonal_correlation,residual_autocorr_lag1,spectral_entropy
0,1,0.7124901614555605,10.187777659257149,0.9724313986976877,0.7632688558376176,0.24892498428524773,4633.410959499992
1,1,0.6851124624088588,-2.9718491748224327,0.9872176074682618,0.8306705309934207,0.2345638469217751,4947.98610044902
2,1,0.8284432650050892,21.752255601148892,0.9733002423744898,0.6767062567565327,0.27435121698159637,4990.211849867768
