{
  "model": "kairos50m",
  "dataset": "Supply_Chain_Customer_D",
  "method": "BM",
  "ratio": 0.2,
  "term": "long",
  "imputation_method": "backward",
  "n_windows": 3,
  "period": 7,
  "summary": {
    "mean": {
      "trend_strength": 0.6608583083654048,
      "trend_linearity": -13.729067601959171,
      "seasonal_strength": 0.7762306257267797,
      "seasonal_correlation": 0.5904082569618812,
      "residual_autocorr_lag1": 0.4297696098342711,
      "spectral_entropy": 4713.794860958894
    },
    "std": {
      "trend_strength": 0.19450772171678266,
      "trend_linearity": 8.225873394583758,
      "seasonal_strength": 0.27559607739834324,
      "seasonal_correlation": 0.273380542118927,
      "residual_autocorr_lag1": 0.22641194099510337,
      "spectral_entropy": 482.8539093596938
    },
    "min": {
      "trend_strength": 0.44538271879698943,
      "trend_linearity": -23.426947492699675,
      "seasonal_strength": 0.38651119767581765,
      "seasonal_correlation": 0.20584475267347468,
      "residual_autocorr_lag1": 0.24003723324750012,
      "spectral_entropy": 4034.2158348789603
    },
    "max": {
      "trend_strength": 0.9166757554867513,
      "trend_linearity": -3.3158816273267737,
      "seasonal_strength": 0.9754345733732416,
      "seasonal_correlation": 0.8171655742344941,
      "residual_autocorr_lag1": 0.748007169376989,
      "spectral_entropy": 5111.473122129179
    }
  }
}