{
  "model": "kairos50m",
  "dataset": "Supply_Chain_Customer_D",
  "method": "BM",
  "ratio": 0.1,
  "term": "long",
  "imputation_method": "mean",
  "n_windows": 3,
  "period": 7,
  "summary": {
    "mean": {
      "trend_strength": 0.36473867718470815,
      "trend_linearity": -2.3220627871559443,
      "seasonal_strength": 0.9735652942719781,
      "seasonal_correlation": 0.6539586233487218,
      "residual_autocorr_lag1": 0.29253030410833797,
      "spectral_entropy": 4896.185032593381
    },
    "std": {
      "trend_strength": 0.14226838167233935,
      "trend_linearity": 5.366322825866583,
      "seasonal_strength": 0.0038957893725657684,
      "seasonal_correlation": 0.06971062990848151,
      "residual_autocorr_lag1": 0.15624950988411163,
      "spectral_entropy": 157.52125313776088
    },
    "min": {
      "trend_strength": 0.21741418299980042,
      "trend_linearity": -8.44362570078895,
      "seasonal_strength": 0.9706214211400964,
      "seasonal_correlation": 0.5780295614288335,
      "residual_autocorr_lag1": 0.11097166528655347,
      "spectral_entropy": 4674.196435272583
    },
    "max": {
      "trend_strength": 0.5570687745794678,
      "trend_linearity": 4.623429936659668,
      "seasonal_strength": 0.9790703401211686,
      "seasonal_correlation": 0.7463790176323728,
      "residual_autocorr_lag1": 0.4923885376613469,
      "spectral_entropy": 5023.310505414213
    }
  }
}