window_idx,n_series,trend_strength,trend_linearity,seasonal_strength,seasonal_correlation,residual_autocorr_lag1,spectral_entropy
0,1,0.7308260078786631,2.0583345041986774,0.9539373178570228,0.8486713111649078,0.3519335634309245,4385.42940638583
1,1,0.7681182001176396,-5.955333138841976,0.959023208441773,0.3985448386458536,0.3028846210467204,4271.867174916851
2,1,0.7141980850753213,-4.858090738759237,0.9684909827196285,0.3907622127533092,0.17004747908071446,4524.0447407015345
