window_idx,n_series,trend_strength,trend_linearity,seasonal_strength,seasonal_correlation,residual_autocorr_lag1,spectral_entropy
0,1,0.6017542046752475,12.805426187079142,0.9852210320179411,0.8572978942779317,0.34755011473233194,4858.1229645795665
1,1,0.49909501442454274,-9.911797889763482,0.9712540361868682,0.6068890800030385,0.18513051514925377,4979.4104203637935
2,1,0.4425835394067603,-31.88236677266386,0.9351405413223282,0.3377880495583894,0.3084779981895861,5115.495722497158
