{
  "model": "kairos50m",
  "dataset": "Supply_Chain_Customer_D",
  "method": "clean",
  "ratio": null,
  "term": "long",
  "imputation_method": null,
  "n_windows": 3,
  "period": 7,
  "summary": {
    "mean": {
      "trend_strength": 0.5144775861688502,
      "trend_linearity": -9.662912825116067,
      "seasonal_strength": 0.9638718698423792,
      "seasonal_correlation": 0.6006583412797866,
      "residual_autocorr_lag1": 0.28038620935705727,
      "spectral_entropy": 4984.343035813506
    },
    "std": {
      "trend_strength": 0.06588521738905613,
      "trend_linearity": 18.244563897862243,
      "seasonal_strength": 0.02110112433073372,
      "seasonal_correlation": 0.21213476262179629,
      "residual_autocorr_lag1": 0.06921894264838398,
      "spectral_entropy": 105.12986302951792
    },
    "min": {
      "trend_strength": 0.4425835394067603,
      "trend_linearity": -31.88236677266386,
      "seasonal_strength": 0.9351405413223282,
      "seasonal_correlation": 0.3377880495583894,
      "residual_autocorr_lag1": 0.18513051514925377,
      "spectral_entropy": 4858.1229645795665
    },
    "max": {
      "trend_strength": 0.6017542046752475,
      "trend_linearity": 12.805426187079142,
      "seasonal_strength": 0.9852210320179411,
      "seasonal_correlation": 0.8572978942779317,
      "residual_autocorr_lag1": 0.34755011473233194,
      "spectral_entropy": 5115.495722497158
    }
  }
}