{
  "model": "kairos50m",
  "dataset": "Supply_Chain_Location_D",
  "method": "BM",
  "ratio": 0.1,
  "term": "long",
  "imputation_method": "backward",
  "n_windows": 3,
  "period": 7,
  "summary": {
    "mean": {
      "trend_strength": 0.7278914508076695,
      "trend_linearity": -11.424777293637938,
      "seasonal_strength": 0.9567576092078491,
      "seasonal_correlation": 0.6228965078181765,
      "residual_autocorr_lag1": 0.29446230627901593,
      "spectral_entropy": 4616.546008014885
    },
    "std": {
      "trend_strength": 0.20765378545932311,
      "trend_linearity": 18.298157470787956,
      "seasonal_strength": 0.018056791040078023,
      "seasonal_correlation": 0.23757591334648898,
      "residual_autocorr_lag1": 0.1177318334203282,
      "spectral_entropy": 46.0658098794618
    },
    "min": {
      "trend_strength": 0.4685201602488699,
      "trend_linearity": -37.00048569695892,
      "seasonal_strength": 0.9356680452207661,
      "seasonal_correlation": 0.2922432837177233,
      "residual_autocorr_lag1": 0.12851429383136076,
      "spectral_entropy": 4562.654664063284
    },
    "max": {
      "trend_strength": 0.9768458772025689,
      "trend_linearity": 4.775730566079864,
      "seasonal_strength": 0.9797721254456964,
      "seasonal_correlation": 0.8398448783391221,
      "residual_autocorr_lag1": 0.38914612779910357,
      "spectral_entropy": 4675.191530859322
    }
  }
}