{
  "model": "kairos50m",
  "dataset": "Supply_Chain_Customer_D",
  "method": "BM",
  "ratio": 0.3,
  "term": "long",
  "imputation_method": "forward",
  "n_windows": 3,
  "period": 7,
  "summary": {
    "mean": {
      "trend_strength": 0.6045927304713378,
      "trend_linearity": -12.534612558823719,
      "seasonal_strength": 0.9779739748900541,
      "seasonal_correlation": 0.6923923604186178,
      "residual_autocorr_lag1": 0.23100596433236983,
      "spectral_entropy": 4846.804800205796
    },
    "std": {
      "trend_strength": 0.24611472446223245,
      "trend_linearity": 15.66753911821561,
      "seasonal_strength": 0.001856864325798268,
      "seasonal_correlation": 0.08843713909904402,
      "residual_autocorr_lag1": 0.11153961359471094,
      "spectral_entropy": 100.5405359699562
    },
    "min": {
      "trend_strength": 0.30233529081630905,
      "trend_linearity": -34.2871974553211,
      "seasonal_strength": 0.9754234682449223,
      "seasonal_correlation": 0.5832545414194019,
      "residual_autocorr_lag1": 0.07687220483549637,
      "spectral_entropy": 4704.693689787645
    },
    "max": {
      "trend_strength": 0.9051838754282836,
      "trend_linearity": 1.9922224205742898,
      "seasonal_strength": 0.9797906195465801,
      "seasonal_correlation": 0.7998611159114447,
      "residual_autocorr_lag1": 0.33711963803136363,
      "spectral_entropy": 4921.850754076548
    }
  }
}