{
  "model": "kairos50m",
  "dataset": "Supply_Chain_Location_D",
  "method": "BM",
  "ratio": 0.2,
  "term": "long",
  "imputation_method": "forward",
  "n_windows": 3,
  "period": 7,
  "summary": {
    "mean": {
      "trend_strength": 0.5401339965600731,
      "trend_linearity": -2.232999796869693,
      "seasonal_strength": 0.9633364822451916,
      "seasonal_correlation": 0.5788534104685749,
      "residual_autocorr_lag1": 0.30994515485795576,
      "spectral_entropy": 4470.013629491686
    },
    "std": {
      "trend_strength": 0.2828224997337195,
      "trend_linearity": 6.6710217425550615,
      "seasonal_strength": 0.014840926953568886,
      "seasonal_correlation": 0.1886170882879914,
      "residual_autocorr_lag1": 0.07402393707625879,
      "spectral_entropy": 71.22563842626336
    },
    "min": {
      "trend_strength": 0.18644084320831122,
      "trend_linearity": -11.638045394046472,
      "seasonal_strength": 0.944844690527934,
      "seasonal_correlation": 0.4050850748650986,
      "residual_autocorr_lag1": 0.2052605332626912,
      "spectral_entropy": 4374.5126766486355
    },
    "max": {
      "trend_strength": 0.8787171321442909,
      "trend_linearity": 3.111889424201095,
      "seasonal_strength": 0.9811800463095564,
      "seasonal_correlation": 0.8410031856996034,
      "residual_autocorr_lag1": 0.362690443939234,
      "spectral_entropy": 4545.500604581848
    }
  }
}