window_idx,n_series,trend_strength,trend_linearity,seasonal_strength,seasonal_correlation,residual_autocorr_lag1,spectral_entropy
0,1,0.6836268962105145,13.159529043606623,0.9851513893873493,0.8321832435310297,0.3757354447900827,4846.277224278607
1,1,0.7353109485297116,-21.341738543531612,0.9765440213031981,0.6998862382196731,0.18176831887166486,4949.173100102233
2,1,0.44475760334800607,-19.136220074231787,0.9682677084307818,0.5101433224135008,0.2559170157230059,5006.794177036696
