window_idx,n_series,trend_strength,trend_linearity,seasonal_strength,seasonal_correlation,residual_autocorr_lag1,spectral_entropy
0,1,0.6452824063567326,6.484894352966467,0.9795127415381928,0.8452480759937202,0.34813427041381867,4477.885253716542
1,1,0.8438717445741056,-11.682050986345606,0.9585013961752982,0.5857935202391362,0.37919834861974294,4449.916600339094
2,1,0.1012309872914815,0.08399956635635311,0.9286245764983168,0.07316745761798565,0.28542933821084915,4602.004382175638
