window_idx,n_series,trend_strength,trend_linearity,seasonal_strength,seasonal_correlation,residual_autocorr_lag1,spectral_entropy
0,1,0.3197330739748563,4.623429936659668,0.9790703401211686,0.7463790176323728,0.4923885376613469,4674.196435272583
1,1,0.5570687745794678,-8.44362570078895,0.9706214211400964,0.5780295614288335,0.11097166528655347,4991.048157093346
2,1,0.21741418299980042,-3.145992597338551,0.9710041215546696,0.6374672909849589,0.2742307093771136,5023.310505414213
