window_idx,n_series,trend_strength,trend_linearity,seasonal_strength,seasonal_correlation,residual_autocorr_lag1,spectral_entropy
0,1,0.592148659317786,4.680135520031868,0.9804420362384424,0.8730314902569941,0.4209909629311483,4470.265131830158
1,1,0.9827137446920915,-56.18728818852611,0.958489597698479,0.6680466291941773,0.28616876989029477,4745.518893850847
2,1,0.850478068704991,11.53182360328706,0.9723590910506517,0.47395714313499027,0.2363008448963184,4724.037433843156
