{
  "model": "kairos50m",
  "dataset": "traffic",
  "method": "BM",
  "ratio": 0.3,
  "term": "long",
  "imputation_method": "mean",
  "n_windows": 15,
  "period": 24,
  "summary": {
    "mean": {
      "trend_strength": 0.3514537407948488,
      "trend_linearity": -1.454899523353408e-07,
      "seasonal_strength": 0.9706438537467668,
      "seasonal_correlation": 0.9911670019528905,
      "residual_autocorr_lag1": 0.826940575863054,
      "spectral_entropy": -2902.961408843709
    },
    "std": {
      "trend_strength": 0.1227855956470806,
      "trend_linearity": 1.3096320647335614e-06,
      "seasonal_strength": 0.015323137790379969,
      "seasonal_correlation": 0.005621643674644321,
      "residual_autocorr_lag1": 0.04968309565827883,
      "spectral_entropy": 200.80515077096803
    },
    "min": {
      "trend_strength": 0.1960815413403817,
      "trend_linearity": -2.3558950178822037e-06,
      "seasonal_strength": 0.9373159159200622,
      "seasonal_correlation": 0.9760613025197771,
      "residual_autocorr_lag1": 0.6812393501460549,
      "spectral_entropy": -3210.8528633500796
    },
    "max": {
      "trend_strength": 0.5858383390513044,
      "trend_linearity": 2.8002776601577145e-06,
      "seasonal_strength": 0.9935335318932349,
      "seasonal_correlation": 0.9984575072780496,
      "residual_autocorr_lag1": 0.8937223214731642,
      "spectral_entropy": -2508.5517005374477
    }
  }
}