{
  "model": "kairos50m",
  "dataset": "traffic",
  "method": "BM",
  "ratio": 0.2,
  "term": "long",
  "imputation_method": "forward",
  "n_windows": 15,
  "period": 24,
  "summary": {
    "mean": {
      "trend_strength": 0.4324056213323822,
      "trend_linearity": -3.990443343419739e-06,
      "seasonal_strength": 0.9470212021730833,
      "seasonal_correlation": 0.9908525209650844,
      "residual_autocorr_lag1": 0.8632703273874683,
      "spectral_entropy": -2893.000321627368
    },
    "std": {
      "trend_strength": 0.15670209092985718,
      "trend_linearity": 6.822762858706794e-06,
      "seasonal_strength": 0.01633780067360056,
      "seasonal_correlation": 0.005345424577270713,
      "residual_autocorr_lag1": 0.05337730998140615,
      "spectral_entropy": 154.7704553875101
    },
    "min": {
      "trend_strength": 0.258988258628131,
      "trend_linearity": -2.2892483639749394e-05,
      "seasonal_strength": 0.9225651238128023,
      "seasonal_correlation": 0.9761940768007407,
      "residual_autocorr_lag1": 0.7392297489451258,
      "spectral_entropy": -3128.2125705319695
    },
    "max": {
      "trend_strength": 0.8908338355223631,
      "trend_linearity": 9.033797289061813e-06,
      "seasonal_strength": 0.9737110919106711,
      "seasonal_correlation": 0.9978050583821404,
      "residual_autocorr_lag1": 0.9239195768922017,
      "spectral_entropy": -2511.9876751164475
    }
  }
}