{
  "model": "kairos50m",
  "dataset": "Water_Quality_Darwin_15T",
  "method": "BM",
  "ratio": 0.1,
  "term": "long",
  "imputation_method": "linear",
  "n_windows": 16,
  "period": 96,
  "summary": {
    "mean": {
      "trend_strength": 0.6722634066885829,
      "trend_linearity": 0.000982576172255911,
      "seasonal_strength": 0.8686138380723535,
      "seasonal_correlation": 0.9470933349221606,
      "residual_autocorr_lag1": 0.9595755969239628,
      "spectral_entropy": 234.88469508383955
    },
    "std": {
      "trend_strength": 0.2887587780265866,
      "trend_linearity": 0.002186435579174246,
      "seasonal_strength": 0.1257111174592753,
      "seasonal_correlation": 0.08029992759780293,
      "residual_autocorr_lag1": 0.018317771238252165,
      "spectral_entropy": 402.4377014346729
    },
    "min": {
      "trend_strength": 0.0,
      "trend_linearity": -0.0031455497699117464,
      "seasonal_strength": 0.5974696197529443,
      "seasonal_correlation": 0.7218879604803116,
      "residual_autocorr_lag1": 0.9191595579175345,
      "spectral_entropy": -150.94761225606072
    },
    "max": {
      "trend_strength": 0.9779551437283605,
      "trend_linearity": 0.005309239482789615,
      "seasonal_strength": 0.98562897978454,
      "seasonal_correlation": 0.9948122531834054,
      "residual_autocorr_lag1": 0.9911476821809749,
      "spectral_entropy": 1242.9420436372238
    }
  }
}