{
  "model": "kairos50m",
  "dataset": "Water_Quality_Darwin_15T",
  "method": "BM",
  "ratio": 0.3,
  "term": "long",
  "imputation_method": "backward",
  "n_windows": 16,
  "period": 96,
  "summary": {
    "mean": {
      "trend_strength": 0.6539066469130472,
      "trend_linearity": 0.0006217966329363534,
      "seasonal_strength": 0.4827353118598203,
      "seasonal_correlation": 0.7265933180806543,
      "residual_autocorr_lag1": 0.9574681751260964,
      "spectral_entropy": 227.43491367769474
    },
    "std": {
      "trend_strength": 0.2942700540770763,
      "trend_linearity": 0.0023406774505389653,
      "seasonal_strength": 0.32443947249168775,
      "seasonal_correlation": 0.23762388105869903,
      "residual_autocorr_lag1": 0.027990338247061732,
      "spectral_entropy": 530.9881379685768
    },
    "min": {
      "trend_strength": 0.04868745931390128,
      "trend_linearity": -0.0020107767616724566,
      "seasonal_strength": 0.0,
      "seasonal_correlation": 0.2918502611129683,
      "residual_autocorr_lag1": 0.8808869751252508,
      "spectral_entropy": -476.7350213766456
    },
    "max": {
      "trend_strength": 0.9872154877712008,
      "trend_linearity": 0.00795262139579601,
      "seasonal_strength": 0.914834515854386,
      "seasonal_correlation": 0.9838471150275948,
      "residual_autocorr_lag1": 0.9817573926473346,
      "spectral_entropy": 1075.7942023029777
    }
  }
}