{
  "model": "kairos50m",
  "dataset": "weather",
  "method": "BM",
  "ratio": 0.3,
  "term": "long",
  "imputation_method": "backward",
  "n_windows": 20,
  "period": 144,
  "summary": {
    "mean": {
      "trend_strength": 0.4204238365137207,
      "trend_linearity": -0.0016047576597911849,
      "seasonal_strength": 0.5305230953848062,
      "seasonal_correlation": 0.7902152208163367,
      "residual_autocorr_lag1": 0.9853340196839098,
      "spectral_entropy": 1322.007180527636
    },
    "std": {
      "trend_strength": 0.24573964585187316,
      "trend_linearity": 0.01565386646838467,
      "seasonal_strength": 0.34914535900792815,
      "seasonal_correlation": 0.2666950467927861,
      "residual_autocorr_lag1": 0.010153566346137767,
      "spectral_entropy": 647.6323184337565
    },
    "min": {
      "trend_strength": 0.10271976682159623,
      "trend_linearity": -0.060308168632256874,
      "seasonal_strength": 0.0,
      "seasonal_correlation": 0.1242962781600766,
      "residual_autocorr_lag1": 0.9553649981214727,
      "spectral_entropy": 84.45687406474315
    },
    "max": {
      "trend_strength": 0.9801558193877067,
      "trend_linearity": 0.017860716123122466,
      "seasonal_strength": 0.9759472650678664,
      "seasonal_correlation": 0.992671603013991,
      "residual_autocorr_lag1": 0.9966610380621469,
      "spectral_entropy": 2664.2871261708606
    }
  }
}