{
  "model": "kairos50m",
  "dataset": "weather",
  "method": "clean",
  "ratio": null,
  "term": "long",
  "imputation_method": null,
  "n_windows": 20,
  "period": 144,
  "summary": {
    "mean": {
      "trend_strength": 0.39367800795457836,
      "trend_linearity": 0.0005050766307380999,
      "seasonal_strength": 0.680027323161742,
      "seasonal_correlation": 0.8598254162831125,
      "residual_autocorr_lag1": 0.9835042843121109,
      "spectral_entropy": 1400.5782162811818
    },
    "std": {
      "trend_strength": 0.32163415548478513,
      "trend_linearity": 0.014379429462112944,
      "seasonal_strength": 0.32325115945864197,
      "seasonal_correlation": 0.20781328041861313,
      "residual_autocorr_lag1": 0.019851590329261943,
      "spectral_entropy": 601.0644605464505
    },
    "min": {
      "trend_strength": 0.0,
      "trend_linearity": -0.03517323545423357,
      "seasonal_strength": 0.0,
      "seasonal_correlation": 0.21330894441485512,
      "residual_autocorr_lag1": 0.9143727748149876,
      "spectral_entropy": 365.1236294113394
    },
    "max": {
      "trend_strength": 0.9533833695346863,
      "trend_linearity": 0.04300948593005541,
      "seasonal_strength": 0.9934837612547974,
      "seasonal_correlation": 0.998642233852004,
      "residual_autocorr_lag1": 0.9978782556078473,
      "spectral_entropy": 2636.364260376972
    }
  }
}