{
  "model": "kairos50m",
  "dataset": "weather",
  "method": "BM",
  "ratio": 0.1,
  "term": "long",
  "imputation_method": "mean",
  "n_windows": 20,
  "period": 144,
  "summary": {
    "mean": {
      "trend_strength": 0.4128648714624483,
      "trend_linearity": -0.0030094524204578796,
      "seasonal_strength": 0.6331709062110897,
      "seasonal_correlation": 0.8196506419539501,
      "residual_autocorr_lag1": 0.9722772046386311,
      "spectral_entropy": 1384.9507631906222
    },
    "std": {
      "trend_strength": 0.22120831332002155,
      "trend_linearity": 0.014063654651380956,
      "seasonal_strength": 0.33501105205954446,
      "seasonal_correlation": 0.2152755656928074,
      "residual_autocorr_lag1": 0.02323717487287478,
      "spectral_entropy": 624.1249540829592
    },
    "min": {
      "trend_strength": 0.06736871752285334,
      "trend_linearity": -0.054325066541068764,
      "seasonal_strength": 0.0,
      "seasonal_correlation": 0.3296307670682475,
      "residual_autocorr_lag1": 0.9165412662164337,
      "spectral_entropy": 207.0414758028593
    },
    "max": {
      "trend_strength": 0.9555177557355976,
      "trend_linearity": 0.012683197350348056,
      "seasonal_strength": 0.9955451461243945,
      "seasonal_correlation": 0.9985446803973106,
      "residual_autocorr_lag1": 0.9980757500811193,
      "spectral_entropy": 2573.8377830466397
    }
  }
}