{
  "model": "kairos50m",
  "dataset": "weather",
  "method": "BM",
  "ratio": 0.2,
  "term": "long",
  "imputation_method": "backward",
  "n_windows": 20,
  "period": 144,
  "summary": {
    "mean": {
      "trend_strength": 0.4545766622068344,
      "trend_linearity": -0.00012771035778446783,
      "seasonal_strength": 0.5639596694767075,
      "seasonal_correlation": 0.7844967268811093,
      "residual_autocorr_lag1": 0.9770334882793072,
      "spectral_entropy": 1417.2923601994407
    },
    "std": {
      "trend_strength": 0.3066211610016256,
      "trend_linearity": 0.013790502789768408,
      "seasonal_strength": 0.35565406985086684,
      "seasonal_correlation": 0.23372065120973537,
      "residual_autocorr_lag1": 0.016442683448433342,
      "spectral_entropy": 636.2453520448867
    },
    "min": {
      "trend_strength": 0.019681811758852863,
      "trend_linearity": -0.03488472281456479,
      "seasonal_strength": 0.0,
      "seasonal_correlation": 0.29381487591824285,
      "residual_autocorr_lag1": 0.9425134825095939,
      "spectral_entropy": 452.4856483900667
    },
    "max": {
      "trend_strength": 0.9519585548009408,
      "trend_linearity": 0.03546460857770178,
      "seasonal_strength": 0.9887294438320394,
      "seasonal_correlation": 0.9967897564749031,
      "residual_autocorr_lag1": 0.9976093254152223,
      "spectral_entropy": 2516.3466372744706
    }
  }
}