metric,value
eval_data,datasets\Impute\MCAR_015\linear\ETTh1_MCAR_015_long.csv
clean_data,datasets\ori\ETTh1.csv
freq,H
term,long
prediction_length,720
windows,3
MSE[mean],7.593299696180556
MSE[0.5],7.393867549189815
MAE[0.5],2.041505714699074
MASE[0.5],0.9288087597217215
MAPE[0.5],0.2817318803473028
sMAPE[0.5],0.24326057731306336
MSIS,8.626786039167346
RMSE[mean],2.755594254635569
NRMSE[mean],0.2980363321823058
ND[0.5],0.2208027812202694
mean_weighted_sum_quantile_loss,0.18024580750090716
