metric,value
eval_data,datasets\Impute\MCAR_015\linear\ETTh1_MCAR_015_short.csv
clean_data,datasets\ori\ETTh1.csv
freq,H
term,short
prediction_length,48
windows,20
MSE[mean],2.8410120646158856
MSE[0.5],2.8724594116210938
MAE[0.5],1.129260508219401
MASE[0.5],0.5212205723410794
MAPE[0.5],0.14705804189046223
sMAPE[0.5],0.12610144271045476
MSIS,5.5828197156044554
RMSE[mean],1.6855302028192451
NRMSE[mean],0.18050021619143466
ND[0.5],0.12093035504740225
mean_weighted_sum_quantile_loss,0.10096892396847107
