metric,value
eval_data,datasets\Impute\MCAR_015\linear\ETTm2_MCAR_015_long.csv
clean_data,datasets\ori\ETTm2.csv
freq,T
term,long
prediction_length,720
windows,10
MSE[mean],26.093993055555554
MSE[0.5],26.5001953125
MAE[0.5],4.0157660590277775
MASE[0.5],0.6715363997482056
MAPE[0.5],0.12402823554144965
sMAPE[0.5],0.12303814121839479
MSIS,5.965233928510367
RMSE[mean],5.1082279760750255
NRMSE[mean],0.15431328877640393
ND[0.5],0.12131135697694116
mean_weighted_sum_quantile_loss,0.09802486058637044
