metric,value
eval_data,datasets\Impute\MCAR_025\mean\ETTh2_MCAR_025_long.csv
clean_data,datasets\ori\ETTh2.csv
freq,H
term,long
prediction_length,720
windows,3
MSE[mean],78.40664785879629
MSE[0.5],77.82934751157407
MAE[0.5],7.080028844762731
MASE[0.5],2.317158092652706
MAPE[0.5],0.2154166468867549
sMAPE[0.5],0.2468152494908911
MSIS,29.29044686829625
RMSE[mean],8.854752840073871
NRMSE[mean],0.2762356342972157
ND[0.5],0.220870790421667
mean_weighted_sum_quantile_loss,0.18808226795134475
