metric,value
eval_data,datasets\Impute\MCAR_025\mean\ETTh1_MCAR_025_long.csv
clean_data,datasets\ori\ETTh1.csv
freq,H
term,long
prediction_length,720
windows,3
MSE[mean],9.158135308159721
MSE[0.5],9.30755570023148
MAE[0.5],2.3026423701533565
MASE[0.5],1.0478584915119777
MAPE[0.5],0.3802707751776392
sMAPE[0.5],0.2634965321137127
MSIS,8.839972385708586
RMSE[mean],3.0262411186420226
NRMSE[mean],0.32730863833892987
ND[0.5],0.24904649339198087
mean_weighted_sum_quantile_loss,0.20215076559277936
