{
  "dataset": "azure2019_U_5T",
  "term": "long",
  "period": 288,
  "prediction_length": 720,
  "n_windows": 2,
  "inject_range": {
    "dataset_name": "azure2019_U_5T",
    "term": "long",
    "frequency": "5T",
    "prediction_length": 720,
    "windows": 2,
    "max_context": 2880,
    "start_index": 0,
    "end_index": 1286,
    "injection_length": 1286,
    "total_length": 2006
  },
  "summary": {
    "mean": {
      "trend_strength": 0.5365956150885983,
      "trend_linearity": 0.0211365343906672,
      "seasonal_strength": 0.8446387707350529,
      "seasonal_correlation": 0.17195987005997007,
      "residual_autocorr_lag1": 0.17694378044083398,
      "spectral_entropy": 4000.2360904421257
    },
    "std": {
      "trend_strength": 0.314337919001633,
      "trend_linearity": 0.03000778536639924,
      "seasonal_strength": 0.14156208249133267,
      "seasonal_correlation": 0.18530482242790833,
      "residual_autocorr_lag1": 0.1316386807023104,
      "spectral_entropy": 613.873597271777
    },
    "min": {
      "trend_strength": 0.22225769608696533,
      "trend_linearity": -0.00887125097573204,
      "seasonal_strength": 0.7030766882437203,
      "seasonal_correlation": -0.013344952367938267,
      "residual_autocorr_lag1": 0.04530509973852356,
      "spectral_entropy": 3386.3624931703484
    },
    "max": {
      "trend_strength": 0.8509335340902313,
      "trend_linearity": 0.05114431975706644,
      "seasonal_strength": 0.9862008532263856,
      "seasonal_correlation": 0.3572646924878784,
      "residual_autocorr_lag1": 0.3085824611431444,
      "spectral_entropy": 4614.1096877139025
    }
  }
}