window_idx,forecast_start,forecast_end,prediction_length,n_series,trend_strength,trend_linearity,seasonal_strength,seasonal_correlation,residual_autocorr_lag1,spectral_entropy
0,8064,8784,720,1,0.8240920470802388,0.08945605903670052,0.0006935677798174389,0.06495673368826077,0.14262991535177483,3783.103389946919
1,7344,8064,720,1,0.69488404316743,0.0009538545919065766,0.5696694946466763,0.2515263091954351,0.8429588187539728,1567.3440248555653
2,6624,7344,720,1,0.9361202898815375,-0.0738343033234539,0.002423300589741717,0.13522225928990822,0.9202576958477691,3217.1838564186373
3,5904,6624,720,1,0.08992562435036677,1.1381084969488892e-05,0.9613132556297109,0.10369973070688154,0.7121249975042229,-717.0745135213731
4,5184,5904,720,1,0.8187826954487245,0.0926181898814342,0.017128081639092074,0.06147461024714521,0.20123652690934749,3806.98132716733
5,4464,5184,720,1,0.07446838723186389,0.0032156917721543423,0.2780321572670468,0.1230287441528981,-0.02665952950149211,3980.325128906004
6,3744,4464,720,1,0.0630875525409329,0.002493520442488058,0.27522039645545926,0.09890010681785144,0.013884331924722822,3921.0586188448174
7,3024,3744,720,1,0.03844414754337344,0.0035608871722128603,0.23971231529734183,0.08220982795880254,-0.06817053003040612,3992.0905099842867
