{
  "dataset": "Coastal_T_S_15T",
  "term": "long",
  "period": 96,
  "prediction_length": 720,
  "n_windows": 20,
  "inject_range": {
    "dataset_name": "Coastal_T_S_15T",
    "term": "long",
    "frequency": "15T",
    "prediction_length": 720,
    "windows": 20,
    "max_context": 2880,
    "start_index": 5854,
    "end_index": 22414,
    "injection_length": 16560,
    "total_length": 23134
  },
  "summary": {
    "mean": {
      "trend_strength": 0.2524472149893929,
      "trend_linearity": -1.4575183387740482e-06,
      "seasonal_strength": 0.24048331500111964,
      "seasonal_correlation": 0.4780070267407833,
      "residual_autocorr_lag1": 0.10463977614269486,
      "spectral_entropy": 13.57701212085133
    },
    "std": {
      "trend_strength": 0.18110511527327705,
      "trend_linearity": 8.552050076681638e-05,
      "seasonal_strength": 0.10151366616133466,
      "seasonal_correlation": 0.0665618442625274,
      "residual_autocorr_lag1": 0.08607284764990478,
      "spectral_entropy": 292.6057939302913
    },
    "min": {
      "trend_strength": 0.0380274474748703,
      "trend_linearity": -0.00015095160679814878,
      "seasonal_strength": 0.0499264958548864,
      "seasonal_correlation": 0.33869494004878103,
      "residual_autocorr_lag1": -0.037998167629777174,
      "spectral_entropy": -656.4393716987148
    },
    "max": {
      "trend_strength": 0.8001261737328647,
      "trend_linearity": 0.00011090378901107728,
      "seasonal_strength": 0.42975378873754944,
      "seasonal_correlation": 0.5898734593876311,
      "residual_autocorr_lag1": 0.25617816641987023,
      "spectral_entropy": 465.3870853727123
    }
  }
}