{
  "dataset": "Coastal_T_S_20T",
  "term": "long",
  "period": 72,
  "prediction_length": 720,
  "n_windows": 7,
  "inject_range": {
    "dataset_name": "Coastal_T_S_20T",
    "term": "long",
    "frequency": "20T",
    "prediction_length": 720,
    "windows": 7,
    "max_context": 2880,
    "start_index": 278,
    "end_index": 7478,
    "injection_length": 7200,
    "total_length": 8198
  },
  "summary": {
    "mean": {
      "trend_strength": 0.9245628225094469,
      "trend_linearity": 0.0010650459101331684,
      "seasonal_strength": 0.6617670612549417,
      "seasonal_correlation": 0.6059376803035121,
      "residual_autocorr_lag1": 0.9133732967828694,
      "spectral_entropy": -312.7187479986964
    },
    "std": {
      "trend_strength": 0.07035350779766933,
      "trend_linearity": 0.0005420116775445519,
      "seasonal_strength": 0.060235966847714456,
      "seasonal_correlation": 0.13734240282654517,
      "residual_autocorr_lag1": 0.025881805294594797,
      "spectral_entropy": 308.5507098369785
    },
    "min": {
      "trend_strength": 0.7987628259098064,
      "trend_linearity": 0.00013252574744150513,
      "seasonal_strength": 0.5664361349538949,
      "seasonal_correlation": 0.43297480169192604,
      "residual_autocorr_lag1": 0.8668465747130892,
      "spectral_entropy": -826.9494989205234
    },
    "max": {
      "trend_strength": 0.9906009106110099,
      "trend_linearity": 0.0018213261185975578,
      "seasonal_strength": 0.7465043055228876,
      "seasonal_correlation": 0.8251938432144393,
      "residual_autocorr_lag1": 0.9353355836482052,
      "spectral_entropy": 208.2392279732701
    }
  }
}