{
  "dataset": "current_velocity_15T",
  "term": "long",
  "period": 96,
  "prediction_length": 720,
  "n_windows": 15,
  "inject_range": {
    "dataset_name": "current_velocity_15T",
    "term": "long",
    "frequency": "15T",
    "prediction_length": 720,
    "windows": 15,
    "max_context": 2880,
    "start_index": 4273,
    "end_index": 17233,
    "injection_length": 12960,
    "total_length": 17953
  },
  "summary": {
    "mean": {
      "trend_strength": 0.6748481532700059,
      "trend_linearity": 0.00019018443548684687,
      "seasonal_strength": 0.17813990320349324,
      "seasonal_correlation": 0.33191059675871076,
      "residual_autocorr_lag1": 0.9673556775456524,
      "spectral_entropy": -1075.809671105848
    },
    "std": {
      "trend_strength": 0.22004679970631003,
      "trend_linearity": 0.000370873301375598,
      "seasonal_strength": 0.1702687627551069,
      "seasonal_correlation": 0.16758438115696395,
      "residual_autocorr_lag1": 0.023622052684698983,
      "spectral_entropy": 404.2792512197112
    },
    "min": {
      "trend_strength": 0.15976163024481804,
      "trend_linearity": -0.00033329212911748917,
      "seasonal_strength": 0.0,
      "seasonal_correlation": -0.03508179210666966,
      "residual_autocorr_lag1": 0.9095892204496563,
      "spectral_entropy": -1504.9621171608262
    },
    "max": {
      "trend_strength": 0.8931187033183059,
      "trend_linearity": 0.0008947792746125602,
      "seasonal_strength": 0.4990195208499183,
      "seasonal_correlation": 0.6219985572227779,
      "residual_autocorr_lag1": 0.9972822433119642,
      "spectral_entropy": 40.81988809689915
    }
  }
}