{
  "dataset": "ETTh2",
  "term": "long",
  "period": 24,
  "prediction_length": 720,
  "n_windows": 15,
  "inject_range": {
    "dataset_name": "ETTh2",
    "term": "long",
    "frequency": "H",
    "prediction_length": 720,
    "windows": 15,
    "max_context": 2880,
    "start_index": 3740,
    "end_index": 16700,
    "injection_length": 12960,
    "total_length": 17420
  },
  "summary": {
    "mean": {
      "trend_strength": 0.731860369207866,
      "trend_linearity": 0.0032626309276897686,
      "seasonal_strength": 0.6738438140829274,
      "seasonal_correlation": 0.8960818197017695,
      "residual_autocorr_lag1": 0.9009204937109703,
      "spectral_entropy": 1971.330611794957
    },
    "std": {
      "trend_strength": 0.11497105427980557,
      "trend_linearity": 0.009298186933937152,
      "seasonal_strength": 0.10125555736690396,
      "seasonal_correlation": 0.062053181260856745,
      "residual_autocorr_lag1": 0.04340975970862643,
      "spectral_entropy": 238.73463674680596
    },
    "min": {
      "trend_strength": 0.5302216898040171,
      "trend_linearity": -0.010070831173792162,
      "seasonal_strength": 0.5027728362708372,
      "seasonal_correlation": 0.7493824611072669,
      "residual_autocorr_lag1": 0.7652356787749354,
      "spectral_entropy": 1632.6741687050892
    },
    "max": {
      "trend_strength": 0.9021124710137135,
      "trend_linearity": 0.01797071981990686,
      "seasonal_strength": 0.8394219499670625,
      "seasonal_correlation": 0.9691955527675311,
      "residual_autocorr_lag1": 0.9448311145939062,
      "spectral_entropy": 2668.4693279745143
    }
  }
}