{
  "dataset": "ETTh1",
  "term": "medium",
  "period": 24,
  "prediction_length": 480,
  "n_windows": 20,
  "inject_range": {
    "dataset_name": "ETTh1",
    "term": "medium",
    "frequency": "H",
    "prediction_length": 480,
    "windows": 20,
    "max_context": 2880,
    "start_index": 4940,
    "end_index": 16940,
    "injection_length": 12000,
    "total_length": 17420
  },
  "summary": {
    "mean": {
      "trend_strength": 0.7829814005569926,
      "trend_linearity": 0.0011801966376484103,
      "seasonal_strength": 0.3328711204264103,
      "seasonal_correlation": 0.6356225319395318,
      "residual_autocorr_lag1": 0.7543461558234331,
      "spectral_entropy": 1170.4822493263405
    },
    "std": {
      "trend_strength": 0.07897098054115444,
      "trend_linearity": 0.006532734136257358,
      "seasonal_strength": 0.10823269065154831,
      "seasonal_correlation": 0.18501377593711818,
      "residual_autocorr_lag1": 0.07206903272516588,
      "spectral_entropy": 118.51755683974646
    },
    "min": {
      "trend_strength": 0.5839740726652611,
      "trend_linearity": -0.01261745468068193,
      "seasonal_strength": 0.134835445098202,
      "seasonal_correlation": 0.26766025167230717,
      "residual_autocorr_lag1": 0.5806881835539721,
      "spectral_entropy": 954.6912903089417
    },
    "max": {
      "trend_strength": 0.9288688021460173,
      "trend_linearity": 0.011354789875957956,
      "seasonal_strength": 0.5348479944131602,
      "seasonal_correlation": 0.8531281602346815,
      "residual_autocorr_lag1": 0.870629903603526,
      "spectral_entropy": 1399.0852354983906
    }
  }
}