{
  "dataset": "EWELD_Load_15T",
  "term": "long",
  "period": 96,
  "prediction_length": 720,
  "n_windows": 18,
  "inject_range": {
    "dataset_name": "EWELD_Load_15T",
    "term": "long",
    "frequency": "15T",
    "prediction_length": 720,
    "windows": 18,
    "max_context": 2880,
    "start_index": 4704,
    "end_index": 19824,
    "injection_length": 15120,
    "total_length": 20544
  },
  "summary": {
    "mean": {
      "trend_strength": 0.24781284081929555,
      "trend_linearity": -0.024806254561724025,
      "seasonal_strength": 0.9072937697120101,
      "seasonal_correlation": 0.9778202680922293,
      "residual_autocorr_lag1": 0.5460551117931156,
      "spectral_entropy": 4771.51493755631
    },
    "std": {
      "trend_strength": 0.177659199354721,
      "trend_linearity": 0.08827333350113414,
      "seasonal_strength": 0.05306657650102263,
      "seasonal_correlation": 0.012941834312887854,
      "residual_autocorr_lag1": 0.1705280975087667,
      "spectral_entropy": 176.78408998268463
    },
    "min": {
      "trend_strength": 0.010886457309338793,
      "trend_linearity": -0.25989354863566594,
      "seasonal_strength": 0.759188419591733,
      "seasonal_correlation": 0.9396030929585765,
      "residual_autocorr_lag1": 0.3049779086359093,
      "spectral_entropy": 4414.265913267133
    },
    "max": {
      "trend_strength": 0.7414710250462337,
      "trend_linearity": 0.14923463577073692,
      "seasonal_strength": 0.9700283478901027,
      "seasonal_correlation": 0.9917836102338161,
      "residual_autocorr_lag1": 0.8870394721573794,
      "spectral_entropy": 5108.005633506875
    }
  }
}