{
  "dataset": "NE_China_Wind_H",
  "term": "long",
  "period": 24,
  "prediction_length": 720,
  "n_windows": 8,
  "inject_range": {
    "dataset_name": "NE_China_Wind_H",
    "term": "long",
    "frequency": "H",
    "prediction_length": 720,
    "windows": 8,
    "max_context": 2880,
    "start_index": 124,
    "end_index": 8044,
    "injection_length": 7920,
    "total_length": 8764
  },
  "summary": {
    "mean": {
      "trend_strength": 0.9135602453826197,
      "trend_linearity": 0.00022787900429108903,
      "seasonal_strength": 0.19486273511235458,
      "seasonal_correlation": 0.6343611404780056,
      "residual_autocorr_lag1": 0.9483078237520106,
      "spectral_entropy": 232.22446894423166
    },
    "std": {
      "trend_strength": 0.05251860555189459,
      "trend_linearity": 0.0014565395230528063,
      "seasonal_strength": 0.17865211878389953,
      "seasonal_correlation": 0.1763670860727505,
      "residual_autocorr_lag1": 0.03081617773906637,
      "spectral_entropy": 286.6821536940002
    },
    "min": {
      "trend_strength": 0.8031043140046346,
      "trend_linearity": -0.001854330514280722,
      "seasonal_strength": 0.0,
      "seasonal_correlation": 0.30041288037857017,
      "residual_autocorr_lag1": 0.8912428519654948,
      "spectral_entropy": -261.620932524449
    },
    "max": {
      "trend_strength": 0.9797250604717219,
      "trend_linearity": 0.0030640705710782853,
      "seasonal_strength": 0.6051761135659458,
      "seasonal_correlation": 0.8588642695005295,
      "residual_autocorr_lag1": 0.9787182644309981,
      "spectral_entropy": 632.192556566657
    }
  }
}