{
  "dataset": "OpenElectricity_NEM_5T",
  "term": "long",
  "period": 288,
  "prediction_length": 720,
  "n_windows": 20,
  "inject_range": {
    "dataset_name": "OpenElectricity_NEM_5T",
    "term": "long",
    "frequency": "5T",
    "prediction_length": 720,
    "windows": 20,
    "max_context": 2880,
    "start_index": 26208,
    "end_index": 42768,
    "injection_length": 16560,
    "total_length": 43488
  },
  "summary": {
    "mean": {
      "trend_strength": 0.5710015281324325,
      "trend_linearity": 0.14789875188672186,
      "seasonal_strength": 0.978563496123438,
      "seasonal_correlation": 0.9592746696494979,
      "residual_autocorr_lag1": 0.7172729185366526,
      "spectral_entropy": 5376.823784152815
    },
    "std": {
      "trend_strength": 0.32395565830864287,
      "trend_linearity": 0.6710925569427373,
      "seasonal_strength": 0.033904854055265096,
      "seasonal_correlation": 0.03584724857012913,
      "residual_autocorr_lag1": 0.22789214691505416,
      "spectral_entropy": 152.7305882437033
    },
    "min": {
      "trend_strength": 0.03441193726999692,
      "trend_linearity": -1.0819165911202147,
      "seasonal_strength": 0.8651778399959875,
      "seasonal_correlation": 0.8301090748964282,
      "residual_autocorr_lag1": 0.14140749955310714,
      "spectral_entropy": 5157.07361144641
    },
    "max": {
      "trend_strength": 0.9878384373599776,
      "trend_linearity": 1.4782879794181436,
      "seasonal_strength": 0.9986502806014079,
      "seasonal_correlation": 0.9954275238178055,
      "residual_autocorr_lag1": 0.9931453968935545,
      "spectral_entropy": 5630.301875805168
    }
  }
}