{
  "window_type": "clean_prediction",
  "total_combinations": 25,
  "overall_summary": {
    "mean": {
      "trend_strength": 0.49703952478533514,
      "trend_linearity": 2.4233995030662716,
      "seasonal_strength": 0.6159309160840534,
      "seasonal_correlation": 0.6862180338805477,
      "residual_autocorr_lag1": 0.6001109499422962,
      "spectral_entropy": 2648.0490789560754
    },
    "std": {
      "trend_strength": 0.2445133032039466,
      "trend_linearity": 7.574786036868527,
      "seasonal_strength": 0.28828720131106184,
      "seasonal_correlation": 0.2994534860615648,
      "residual_autocorr_lag1": 0.3331527666797108,
      "spectral_entropy": 2770.6127065473993
    },
    "min": {
      "trend_strength": 0.022255082586116564,
      "trend_linearity": -1.7586733338200837,
      "seasonal_strength": 0.06443006748165063,
      "seasonal_correlation": 0.07381380926239313,
      "residual_autocorr_lag1": -0.056320025686723334,
      "spectral_entropy": -1866.6777909777754
    },
    "max": {
      "trend_strength": 0.9791161783044615,
      "trend_linearity": 33.24339701667725,
      "seasonal_strength": 0.9914941534470488,
      "seasonal_correlation": 0.9800566515870602,
      "residual_autocorr_lag1": 0.9673556775456524,
      "spectral_entropy": 10193.860062507312
    },
    "count": {
      "trend_strength": 25,
      "trend_linearity": 25,
      "seasonal_strength": 25,
      "seasonal_correlation": 25,
      "residual_autocorr_lag1": 25,
      "spectral_entropy": 25
    }
  },
  "per_term_summary": {
    "long": {
      "mean": {
        "trend_strength": 0.49703952478533514,
        "trend_linearity": 2.4233995030662716,
        "seasonal_strength": 0.6159309160840534,
        "seasonal_correlation": 0.6862180338805477,
        "residual_autocorr_lag1": 0.6001109499422962,
        "spectral_entropy": 2648.0490789560754
      },
      "std": {
        "trend_strength": 0.2445133032039466,
        "trend_linearity": 7.574786036868527,
        "seasonal_strength": 0.28828720131106184,
        "seasonal_correlation": 0.2994534860615648,
        "residual_autocorr_lag1": 0.3331527666797108,
        "spectral_entropy": 2770.6127065473993
      },
      "min": {
        "trend_strength": 0.022255082586116564,
        "trend_linearity": -1.7586733338200837,
        "seasonal_strength": 0.06443006748165063,
        "seasonal_correlation": 0.07381380926239313,
        "residual_autocorr_lag1": -0.056320025686723334,
        "spectral_entropy": -1866.6777909777754
      },
      "max": {
        "trend_strength": 0.9791161783044615,
        "trend_linearity": 33.24339701667725,
        "seasonal_strength": 0.9914941534470488,
        "seasonal_correlation": 0.9800566515870602,
        "residual_autocorr_lag1": 0.9673556775456524,
        "spectral_entropy": 10193.860062507312
      },
      "count": {
        "trend_strength": 25,
        "trend_linearity": 25,
        "seasonal_strength": 25,
        "seasonal_correlation": 25,
        "residual_autocorr_lag1": 25,
        "spectral_entropy": 25
      }
    }
  }
}