window_idx,forecast_start,forecast_end,prediction_length,n_series,trend_strength,trend_linearity,seasonal_strength,seasonal_correlation,residual_autocorr_lag1,spectral_entropy
0,1677,2127,450,1,0.03174971547664973,-3.125738832409352,0.08468017826237595,0.14361584200537791,-0.052876500138605224,5015.590766683647
1,1227,1677,450,1,0.020311218381077856,-2.344336861527955,0.05618571076978207,0.07974769568362472,-0.05509870256791576,5072.034708533492
2,777,1227,450,1,0.014704313900622101,0.19405569247705617,0.052424313412793855,0.022766686788932206,-0.060984874353649014,5136.506223995532
