{
  "model": "kairos50m",
  "dataset": "azure2019_U_5T",
  "method": "BM",
  "ratio": 0.2,
  "term": "long",
  "imputation_method": "backward",
  "n_windows": 1,
  "period": 288,
  "inject_range": {
    "dataset_name": "azure2019_U_5T",
    "term": "long",
    "frequency": "5T",
    "prediction_length": 720,
    "windows": 2,
    "max_context": 2048,
    "start_index": 0,
    "end_index": 1286,
    "injection_length": 1286,
    "total_length": 2006
  },
  "summary": {
    "mean": {
      "trend_strength": 0.09586506081275614,
      "trend_linearity": 0.018819750880332473,
      "seasonal_strength": 0.19798126599686128,
      "seasonal_correlation": 0.6465476865262011,
      "residual_autocorr_lag1": 0.4558036329937738,
      "spectral_entropy": 8516.761636878182
    },
    "std": {
      "trend_strength": 0.0,
      "trend_linearity": 0.0,
      "seasonal_strength": 0.0,
      "seasonal_correlation": 0.0,
      "residual_autocorr_lag1": 0.0,
      "spectral_entropy": 0.0
    },
    "min": {
      "trend_strength": 0.09586506081275614,
      "trend_linearity": 0.018819750880332473,
      "seasonal_strength": 0.19798126599686128,
      "seasonal_correlation": 0.6465476865262011,
      "residual_autocorr_lag1": 0.4558036329937738,
      "spectral_entropy": 8516.761636878182
    },
    "max": {
      "trend_strength": 0.09586506081275614,
      "trend_linearity": 0.018819750880332473,
      "seasonal_strength": 0.19798126599686128,
      "seasonal_correlation": 0.6465476865262011,
      "residual_autocorr_lag1": 0.4558036329937738,
      "spectral_entropy": 8516.761636878182
    }
  }
}