window_idx,history_start,history_end,history_length,n_series,trend_strength,trend_linearity,seasonal_strength,seasonal_correlation,residual_autocorr_lag1,spectral_entropy
0,6016,8064,2048,1,0.9917284390101043,-0.05714829863802234,0.03210146701353134,0.14718707539324716,0.8803491164330631,9162.34831319543
1,5296,7344,2048,1,0.9736242952670681,-0.04061774129304607,0.0,0.089831378741349,0.2999447697274647,10650.976847825466
2,4576,6624,2048,1,0.8822220837569247,0.03241372935194038,0.0,0.03719099037978668,0.11798032898322425,11585.263834971547
3,3856,5904,2048,1,0.7326039022541695,0.018355788836933496,0.08772989871602732,0.04967974472942991,0.07962235544993752,12120.165946052533
4,3136,5184,2048,1,0.13289882708026046,-0.0017145083607537945,0.19310984127993924,0.0615239398991906,0.024772369048441805,12236.667207813145
5,2416,4464,2048,1,0.2688370053217448,0.002285587599004849,0.13428325584794332,0.05652066501040436,0.05738503035673686,12243.93396549407
6,1696,3744,2048,1,0.28260863070306297,0.00020361356839102986,0.09951421898958634,0.03799360378217547,0.0692934188826832,12123.125104072496
7,976,3024,2048,1,0.26895599418316074,-0.0014545248118756318,0.150232465009423,0.046419874006947644,0.02652171667403665,12245.178227647146
