window_idx,history_start,history_end,history_length,n_series,trend_strength,trend_linearity,seasonal_strength,seasonal_correlation,residual_autocorr_lag1,spectral_entropy
0,6016,8064,2048,1,0.9383693900443704,-0.04203473727085321,0.0009213200860579418,0.1076226069926645,0.896422600564346,10118.319597068408
1,5296,7344,2048,1,0.9425939411521523,-0.033799414153177665,0.09762920135809428,0.048833196202048255,0.721548484890901,11018.398460001892
2,4576,6624,2048,1,0.8553999530668659,0.02750102035292136,0.05708762403883283,0.04085149963225144,0.2789099191547812,11689.343031429347
3,3856,5904,2048,1,0.7258078338838727,0.018101753839700346,0.09427922088706353,0.06031058118421178,0.05773907629659806,12094.577136324799
4,3136,5184,2048,1,0.04505023957555798,0.00034007184819068745,0.18548569403501547,0.05823897795207591,0.002967438440227889,12189.65651558918
5,2416,4464,2048,1,0.020196936278878974,0.0003177721789673424,0.1147701484880197,0.06427569106723867,0.00405646050261233,12152.682925815297
6,1696,3744,2048,1,0.007873229067077325,2.3738443078999707e-05,0.09678581105645345,0.05237242424471296,0.008033895420021222,12018.561026769155
7,976,3024,2048,1,0.014264531885702536,0.00048795873889188066,0.15539924634148805,0.056319211265742554,-0.019836383671212276,12137.996019858307
