window_idx,history_start,history_end,history_length,n_series,trend_strength,trend_linearity,seasonal_strength,seasonal_correlation,residual_autocorr_lag1,spectral_entropy
0,2819,4867,2048,1,0.7428332854694326,-0.0006892434505750523,0.6552687724824016,0.7447871381475372,0.6485830240929532,9891.810667647374
1,2099,4147,2048,1,0.7059224217886813,-0.003680206392843945,0.726518750953528,0.8210860185915212,0.6259654515881907,9847.17114109673
2,1379,3427,2048,1,0.6064604340582918,0.0021566975027536104,0.7049905214604189,0.8110478497222703,0.6493557869596926,9860.252193811
3,659,2707,2048,1,0.519685202855342,0.0007162391925985057,0.5936471192409855,0.6976805940068305,0.7243371862477835,9863.850648444772
4,0,1987,1987,1,0.6147091156231557,-0.006500171698621881,0.5742478935572234,0.7295177706296361,0.746858408435388,9473.080718080924
