window_idx,history_start,history_end,history_length,n_series,trend_strength,trend_linearity,seasonal_strength,seasonal_correlation,residual_autocorr_lag1,spectral_entropy
0,2819,4867,2048,1,0.682411642694382,0.00018237901934610974,0.5798843776328574,0.6877122671236607,0.6862233138417232,9856.506753562107
1,2099,4147,2048,1,0.679140467315677,-0.0032877089503661134,0.6164448957673041,0.7540597877997411,0.660460674114814,9843.984545174177
2,1379,3427,2048,1,0.6273354159818056,0.0007173480070842567,0.6412364611339313,0.7566115205092712,0.7133276813044794,9732.886928325557
3,659,2707,2048,1,0.5655096157198221,-0.0010756613900413273,0.5750518804255307,0.6339494641613238,0.7359674064225178,9830.773739694287
4,0,1987,1987,1,0.642220858141024,-0.005389303472314263,0.5427482832284845,0.6268863401471931,0.7698231572178464,9342.590592482882
