window_idx,history_start,history_end,history_length,n_series,trend_strength,trend_linearity,seasonal_strength,seasonal_correlation,residual_autocorr_lag1,spectral_entropy
0,13991,16039,2048,1,0.46170722133413755,-0.0035672841687146278,0.7159659883953411,0.8453874946423724,0.7356879781527643,9457.200257518758
1,13271,15319,2048,1,0.5296070978145159,-0.001607884250891648,0.7284003156143277,0.8096118694732738,0.709810295761824,9478.584511714535
2,12551,14599,2048,1,0.7348689446481206,0.009577231358669287,0.7684735451614777,0.8023497612603958,0.7334718557857686,9740.644980255649
3,11831,13879,2048,1,0.6962246173163945,0.009288181410168456,0.7268634331620026,0.814483319413666,0.6962497699997545,9995.709735111708
4,11111,13159,2048,1,0.5392972024359755,-0.0025217220768355103,0.6675556131432739,0.798602853848634,0.6918106073712258,10056.165223946304
5,10391,12439,2048,1,0.6506001165823003,-0.007206925530858965,0.5678006843541266,0.7517378808427319,0.6452978086889268,9889.540487435883
6,9671,11719,2048,1,0.4957369405497193,-0.0028987684259765114,0.5452028885258288,0.7560844473852723,0.6827336513855452,9498.672982285494
7,8951,10999,2048,1,0.6453167675835103,0.0029189851141885694,0.5597074194412348,0.7784878469752743,0.6434627619272965,9338.657211196305
8,8231,10279,2048,1,0.61584745954035,-0.00038401135651685745,0.7058592052503263,0.869212344313511,0.7107104475067179,9330.692802776684
9,7511,9559,2048,1,0.6066840610550717,-0.0018254652791258829,0.6391652279898661,0.764486682955222,0.7366364669461726,9434.36813390514
10,6791,8839,2048,1,0.4538980694261231,0.001419805600685721,0.5890559538988799,0.6876951498675866,0.7187663554329329,9679.582806267597
11,6071,8119,2048,1,0.3717629838358282,-0.0004631236561027151,0.6319538107337755,0.6971060270127191,0.755149361967314,9491.707463930084
12,5351,7399,2048,1,0.4286028932784107,0.00025881166955325205,0.5925162752878097,0.7227576803792272,0.7795112245967795,9599.087855513422
13,4631,6679,2048,1,0.45921574556516587,0.005507502625947203,0.5259490709911618,0.74459010496287,0.7471416137266177,9836.067007860373
