window_idx,history_start,history_end,history_length,n_series,trend_strength,trend_linearity,seasonal_strength,seasonal_correlation,residual_autocorr_lag1,spectral_entropy
0,14652,16700,2048,1,0.857939155541897,0.002198578038565154,0.15867611146239424,0.3621649366713438,0.8682611545412612,6169.787009864449
1,13932,15980,2048,1,0.8648056302659923,0.0035171921751282545,0.1324741984651665,0.2762445828490212,0.8626616294019106,6250.301717021124
2,13212,15260,2048,1,0.9033431397987585,0.0036722295044648652,0.09944223834414723,0.17512499986731153,0.8097572946006912,6028.752136214016
3,12492,14540,2048,1,0.8256004670447585,-0.000672906488621282,0.051822951133791206,0.10362586247735842,0.8341170051425288,5691.849040803758
4,11772,13820,2048,1,0.9065873772941097,-0.0033240726928029213,0.1838761443696859,0.17738905972122518,0.817780410455513,5963.285991936026
5,11052,13100,2048,1,0.9168750113977325,-0.0035747770680321506,0.2769285542984946,0.4703601967880913,0.8155043589173095,5870.152096025075
6,10332,12380,2048,1,0.9255852215017347,-0.004822562832861238,0.27137812478378975,0.35816975696751036,0.8011710319872756,6304.053298118548
7,9612,11660,2048,1,0.8957116493875767,-0.004134539933053259,0.2389163937333565,0.5313521965653342,0.8059264472013744,6749.530397816741
8,8892,10940,2048,1,0.9145288210905473,-0.0049018157693669845,0.2994863066029798,0.5493503043425788,0.7749090382844283,6836.999413351456
9,8172,10220,2048,1,0.8647091488237226,-0.001445467161202622,0.3039626510572849,0.5081197740068939,0.7760065391857439,6871.045671995436
10,7452,9500,2048,1,0.778038334781021,0.0025000555127798123,0.3499995386770369,0.4840295968493052,0.7657191398413542,7010.254906512569
11,6732,8780,2048,1,0.786481748027983,0.0019539562305247176,0.33915663712770894,0.5128787841515542,0.7982385187714024,7084.134820491415
12,6012,8060,2048,1,0.9002249647642749,0.006139926596763039,0.3168518872942807,0.3944647950262191,0.782233050245186,7146.291081855805
13,5292,7340,2048,1,0.9063317977291704,0.005583609973472246,0.26051509772299575,0.44738184572745654,0.8100230073120567,7121.045194445591
14,4572,6620,2048,1,0.7606373115229731,0.0018131510103835255,0.13884493296433187,0.34319148945902317,0.8384877100846759,6986.39409106773
