window_idx,history_start,history_end,history_length,n_series,trend_strength,trend_linearity,seasonal_strength,seasonal_correlation,residual_autocorr_lag1,spectral_entropy
0,5996,8044,2048,1,0.8281662285675851,0.00017567078876498527,0.031292684849151375,0.4922955113376554,0.9349317557579866,2540.2653740548512
1,5276,7324,2048,1,0.896879034874354,0.0009683304145198208,0.027457297193393515,0.3793243834597906,0.9110803604028954,2938.9163974889775
2,4556,6604,2048,1,0.8071144544398952,0.00034221518445472747,0.007380446734621682,0.29488035679712044,0.8985643433267642,2830.310620560789
3,3836,5884,2048,1,0.7924800030125374,0.00011416963943958692,0.015859313623878935,0.4510061507907455,0.8704891543824959,3000.4169922254455
4,3116,5164,2048,1,0.7794134238896169,-0.0002251687578433818,0.022317051721315928,0.3862783884174074,0.8773115627551191,3302.0981456795485
5,2396,4444,2048,1,0.8193278831904451,-0.0004488366868902751,0.06900481976068018,0.40390279895298264,0.9182910885524127,3256.5257779637386
6,1676,3724,2048,1,0.8668557767839009,-0.0005382313610614198,0.08742289569769301,0.31972170749387535,0.9090358180636912,3134.0033788301075
7,956,3004,2048,1,0.8965358168847705,-0.0006052618816870143,0.06437765822022401,0.4025032059006825,0.9158268636509385,3051.4928631891325
