window_idx,history_start,history_end,history_length,n_series,trend_strength,trend_linearity,seasonal_strength,seasonal_correlation,residual_autocorr_lag1,spectral_entropy
0,0,1677,1677,1,0.03715881067505378,-0.19291623165339422,0.08568660983648313,0.013569030331111852,-0.03152285112814519,20016.942069004162
1,0,1227,1227,1,0.03450329689819576,-0.31988276048605035,0.09585094062208976,0.016074945082775984,-0.024294858941312326,14426.0971444422
2,0,777,777,1,0.015558396855414935,-0.7010730370275129,0.09456627884640478,0.056255826641963165,-0.052572831745160746,8916.988697735304
