window_idx,history_start,history_end,history_length,n_series,trend_strength,trend_linearity,seasonal_strength,seasonal_correlation,residual_autocorr_lag1,spectral_entropy
0,0,1557,1557,1,0.6144612237050113,19.14742475492408,0.6403119048544526,0.632630574927256,0.2660237504884785,20852.35375734995
1,0,1107,1107,1,0.6771810260622102,38.23335835366691,0.6485192680367062,0.6620559180858236,0.2584118082583903,14566.078762415125
2,0,657,657,1,0.5241228410364502,21.206767890637273,0.61472023924828,0.6846773171379886,0.25615570250068576,8380.473975745515
