window_idx,history_start,history_end,history_length,n_series,trend_strength,trend_linearity,seasonal_strength,seasonal_correlation,residual_autocorr_lag1,spectral_entropy
0,0,1557,1557,1,0.3952063296490753,5.3042364521394525,0.6434456950590319,0.6473302767666209,0.034488705360574065,19882.819716751375
1,0,1107,1107,1,0.41406119237061656,0.9046272043843414,0.6227968510646905,0.6424460555417054,0.03175288278393535,13851.33647843816
2,0,657,657,1,0.32155638920991836,3.389583114495131,0.6119265831712632,0.6888641744203465,0.0644117061314704,7991.084824737647
