metric,value
eval_data,datasets\Impute\MCAR_020\mean\ETTm2_MCAR_020_long.csv
clean_data,datasets\ori\ETTm2.csv
freq,T
term,long
prediction_length,720
windows,10
MSE[mean],30.966393229166666
MSE[0.5],31.48287543402778
MAE[0.5],4.440744900173611
MASE[0.5],0.7427186823163515
MAPE[0.5],0.13151039123535158
sMAPE[0.5],0.13604079569035527
MSIS,7.443201725198064
RMSE[mean],5.564745567334294
NRMSE[mean],0.16810412411528175
ND[0.5],0.13414944543829202
mean_weighted_sum_quantile_loss,0.11045384473384107
