metric,value
eval_data,datasets\MCAR\MCAR_030\electricity_MCAR_030_long.csv
clean_data,datasets\ori\electricity.csv
freq,H
term,long
prediction_length,720
windows,4
MSE[mean],81330.67777777778
MSE[0.5],80066.78888888888
MAE[0.5],221.77903645833334
MASE[0.5],0.766012631290829
MAPE[0.5],0.07033265431722005
sMAPE[0.5],0.06718373821469845
MSIS,12.507996613819968
RMSE[mean],285.1853393457977
NRMSE[mean],0.08859442758422298
ND[0.5],0.06889690343226995
mean_weighted_sum_quantile_loss,0.05929161639259874
