metric,value
eval_data,datasets\MCAR\MCAR_005\electricity_MCAR_005_short.csv
clean_data,datasets\ori\electricity.csv
freq,H
term,short
prediction_length,48
windows,20
MSE[mean],19401.720833333333
MSE[0.5],19495.7125
MAE[0.5],96.90426432291666
MASE[0.5],0.3372126830626733
MAPE[0.5],0.03177171548207601
sMAPE[0.5],0.03130706801397596
MSIS,5.574373731140892
RMSE[mean],139.2900600665149
NRMSE[mean],0.046069541853536414
ND[0.5],0.03205063634030253
mean_weighted_sum_quantile_loss,0.027708749436092188
