metric,value
eval_data,datasets\MCAR\MCAR_015\electricity_MCAR_015_short.csv
clean_data,datasets\ori\electricity.csv
freq,H
term,short
prediction_length,48
windows,20
MSE[mean],24656.783333333333
MSE[0.5],24674.19375
MAE[0.5],109.33597005208334
MASE[0.5],0.3804597993993789
MAPE[0.5],0.0357633908589681
sMAPE[0.5],0.03513623044395729
MSIS,6.536858912107546
RMSE[mean],157.0247857293024
NRMSE[mean],0.05193522017826841
ND[0.5],0.036162365397833275
mean_weighted_sum_quantile_loss,0.031580971048066
