metric,value
eval_data,datasets\MCAR\MCAR_020\electricity_MCAR_020_long.csv
clean_data,datasets\ori\electricity.csv
freq,H
term,long
prediction_length,720
windows,4
MSE[mean],89760.20555555556
MSE[0.5],88748.8
MAE[0.5],235.82469618055555
MASE[0.5],0.8144041839657409
MAPE[0.5],0.07524512079026964
sMAPE[0.5],0.07142616068745573
MSIS,13.886999183365404
RMSE[mean],299.60007602728604
NRMSE[mean],0.09307244650343983
ND[0.5],0.07326026652094617
mean_weighted_sum_quantile_loss,0.06341499873453174
