metric,value
eval_data,datasets\MCAR\MCAR_005\electricity_MCAR_005_long.csv
clean_data,datasets\ori\electricity.csv
freq,H
term,long
prediction_length,720
windows,4
MSE[mean],66739.46666666666
MSE[0.5],66143.61111111111
MAE[0.5],198.7416232638889
MASE[0.5],0.6862981194460388
MAPE[0.5],0.06292028427124023
sMAPE[0.5],0.06026046428100326
MSIS,11.426359722137112
RMSE[mean],258.3398278753523
NRMSE[mean],0.08025471865182954
ND[0.5],0.06174020161981016
mean_weighted_sum_quantile_loss,0.05314442407542261
