metric,value
eval_data,datasets\MCAR\MCAR_015\electricity_MCAR_015_short.csv
clean_data,datasets\ori\electricity.csv
freq,H
term,short
prediction_length,48
windows,20
MSE[mean],24357.7125
MSE[0.5],24336.470833333333
MAE[0.5],109.027734375
MASE[0.5],0.3793929295975657
MAPE[0.5],0.035686171054840087
sMAPE[0.5],0.035061348386197455
MSIS,6.558366365606783
RMSE[mean],156.06957583078133
NRMSE[mean],0.051619288931072344
ND[0.5],0.03606041787609796
mean_weighted_sum_quantile_loss,0.03140904927718357
