metric,value
eval_data,datasets\MCAR\MCAR_025\electricity_MCAR_025_short.csv
clean_data,datasets\ori\electricity.csv
freq,H
term,short
prediction_length,48
windows,20
MSE[mean],28532.7125
MSE[0.5],28317.7625
MAE[0.5],115.985400390625
MASE[0.5],0.4035737714423771
MAPE[0.5],0.037885856628417966
sMAPE[0.5],0.0370869434388316
MSIS,7.078283656629655
RMSE[mean],168.91628843897797
NRMSE[mean],0.05586827959057129
ND[0.5],0.03836163366677749
mean_weighted_sum_quantile_loss,0.03345390742414126
