metric,value
eval_data,datasets\MCAR\MCAR_020\electricity_MCAR_020_short.csv
clean_data,datasets\ori\electricity.csv
freq,H
term,short
prediction_length,48
windows,20
MSE[mean],22864.654166666667
MSE[0.5],22679.4
MAE[0.5],108.04740397135417
MASE[0.5],0.3759526178375408
MAPE[0.5],0.03546521266301473
sMAPE[0.5],0.0348830541791804
MSIS,6.6776366651907315
RMSE[mean],151.21062848446422
NRMSE[mean],0.0500122146141513
ND[0.5],0.035736178138248115
mean_weighted_sum_quantile_loss,0.03120104404582797
