metric,value
eval_data,datasets\MCAR\MCAR_025\ETTh1_MCAR_025_short.csv
clean_data,datasets\ori\ETTh1.csv
freq,H
term,short
prediction_length,48
windows,20
MSE[mean],3.0822232564290366
MSE[0.5],3.1204816182454427
MAE[0.5],1.2075897216796876
MASE[0.5],0.557046604291647
MAPE[0.5],0.15455398559570313
sMAPE[0.5],0.1361368773276713
MSIS,5.749911428471019
RMSE[mean],1.7556261721759097
NRMSE[mean],0.1880066599216411
ND[0.5],0.12931848119313288
mean_weighted_sum_quantile_loss,0.10811120511994617
