metric,value
eval_data,datasets\MCAR\MCAR_025\ETTh2_MCAR_025_long.csv
clean_data,datasets\ori\ETTh2.csv
freq,H
term,long
prediction_length,720
windows,3
MSE[mean],58.8140552662037
MSE[0.5],59.32578486689815
MAE[0.5],6.048933919270834
MASE[0.5],1.9836583851572818
MAPE[0.5],0.19113967330367476
sMAPE[0.5],0.21800921548747423
MSIS,24.252573828868723
RMSE[mean],7.669032224877119
NRMSE[mean],0.23924552377083008
ND[0.5],0.18870443118972272
mean_weighted_sum_quantile_loss,0.15765623723199393
