metric,value
eval_data,datasets\MCAR\MCAR_020\ETTh1_MCAR_020_long.csv
clean_data,datasets\ori\ETTh1.csv
freq,H
term,long
prediction_length,720
windows,3
MSE[mean],7.451331922743056
MSE[0.5],7.19646312572338
MAE[0.5],2.05157312463831
MASE[0.5],0.9333862110499112
MAPE[0.5],0.28577617459396754
sMAPE[0.5],0.2444050399971039
MSIS,8.240834983696153
RMSE[mean],2.7297127912553467
NRMSE[mean],0.29523707521463866
ND[0.5],0.22189164033942968
mean_weighted_sum_quantile_loss,0.1797101765046812
