metric,value
eval_data,datasets\MCAR\MCAR_015\ETTh1_MCAR_015_medium.csv
clean_data,datasets\ori\ETTh1.csv
freq,H
term,medium
prediction_length,480
windows,4
MSE[mean],7.615633646647136
MSE[0.5],7.525111389160156
MAE[0.5],2.1159154256184896
MASE[0.5],0.9651796824578868
MAPE[0.5],0.24397530555725097
sMAPE[0.5],0.22910314097756082
MSIS,9.977677345620146
RMSE[mean],2.759643753575294
NRMSE[mean],0.28940644879019345
ND[0.5],0.22189805059993234
mean_weighted_sum_quantile_loss,0.18007620982225947
