metric,value
eval_data,datasets/MCAR/MCAR_010/ETTh1_MCAR_010_short.csv
clean_data,datasets/ori/ETTh1.csv
freq,H
term,short
prediction_length,48
windows,20
MSE[mean],6.4019635336739675
MSE[0.5],6.382751946222214
MAE[0.5],1.3120298203967866
MASE[0.5],0.8431481887160898
MAPE[0.5],0.44762790133838376
sMAPE[0.5],0.2832884084610712
MSIS,10.389026895641027
RMSE[mean],2.5302101757905344
NRMSE[mean],0.4711899867693139
ND[0.5],0.24433358130834054
mean_weighted_sum_quantile_loss,0.20372006931197456
