metric,value
eval_data,datasets\MCAR\MCAR_025\ETTh2_MCAR_025_medium.csv
clean_data,datasets\ori\ETTh2.csv
freq,H
term,medium
prediction_length,480
windows,4
MSE[mean],53.5365478515625
MSE[0.5],55.487247721354166
MAE[0.5],5.744485473632812
MASE[0.5],1.8747709770268641
MAPE[0.5],0.17636184692382811
sMAPE[0.5],0.1987080703252498
MSIS,18.72750161755739
RMSE[mean],7.316867352327941
NRMSE[mean],0.22321845797183326
ND[0.5],0.17524920536627508
mean_weighted_sum_quantile_loss,0.14449933140848603
