metric,value
eval_data,datasets\MCAR\MCAR_005\ETTh1_MCAR_005_medium.csv
clean_data,datasets\ori\ETTh1.csv
freq,H
term,medium
prediction_length,480
windows,4
MSE[mean],8.412047322591146
MSE[0.5],8.276163736979166
MAE[0.5],2.24720458984375
MASE[0.5],1.0253695018913889
MAPE[0.5],0.2572432518005371
sMAPE[0.5],0.24226529755189433
MSIS,10.111846202089627
RMSE[mean],2.9003529651735747
NRMSE[mean],0.304162756805664
ND[0.5],0.23566646934377888
mean_weighted_sum_quantile_loss,0.19252406630256352
