metric,value
eval_data,datasets\MCAR\MCAR_025\ETTh2_MCAR_025_long.csv
clean_data,datasets\ori\ETTh2.csv
freq,H
term,long
prediction_length,720
windows,3
MSE[mean],57.912348090277774
MSE[0.5],58.23329716435185
MAE[0.5],5.973878761574074
MASE[0.5],1.9595042352890442
MAPE[0.5],0.18974698384602864
sMAPE[0.5],0.2157663400450806
MSIS,24.143832068183595
RMSE[mean],7.610016300263606
NRMSE[mean],0.2374044445601861
ND[0.5],0.1863629870559225
mean_weighted_sum_quantile_loss,0.15541781270595414
