metric,value
eval_data,datasets/MCAR/MCAR_010/ETTh1_MCAR_010_long.csv
clean_data,datasets/ori/ETTh1.csv
freq,H
term,long
prediction_length,720
windows,3
MSE[mean],8.93361648478836
MSE[0.5],8.917043857473544
MAE[0.5],1.8097857762896825
MASE[0.5],1.3233354145257312
MAPE[0.5],0.9468750388578486
sMAPE[0.5],0.49028223431299606
MSIS,17.47202011580183
RMSE[mean],2.9889156034903963
NRMSE[mean],0.571788172541407
ND[0.5],0.34621723694963946
mean_weighted_sum_quantile_loss,0.2877421491269954
