metric,value
eval_data,datasets/MCAR/MCAR_030/ETTh2_MCAR_030_short.csv
clean_data,datasets/ori/ETTh2.csv
freq,H
term,short
prediction_length,48
windows,20
MSE[mean],8.064461045038133
MSE[0.5],7.906406911214193
MAE[0.5],1.8096346173967635
MASE[0.5],0.7805615157706185
MAPE[0.5],0.11440159517041118
sMAPE[0.5],0.1319765704018729
MSIS,10.24489369928004
RMSE[mean],2.839799472680797
NRMSE[mean],0.14435777699794614
ND[0.5],0.09199059055367648
mean_weighted_sum_quantile_loss,0.07809812733620608
