metric,value
eval_data,datasets\MCAR\MCAR_030\ETTh1_MCAR_030_medium.csv
clean_data,datasets\ori\ETTh1.csv
freq,H
term,medium
prediction_length,480
windows,4
MSE[mean],7.659963989257813
MSE[0.5],7.621660359700521
MAE[0.5],2.0995663960774738
MASE[0.5],0.9575995690010249
MAPE[0.5],0.2434061050415039
sMAPE[0.5],0.22841004676670337
MSIS,10.241688099817129
RMSE[mean],2.767663995006947
NRMSE[mean],0.2902475390896814
ND[0.5],0.22018351241923373
mean_weighted_sum_quantile_loss,0.1799442440581113
