metric,value
eval_data,datasets\MCAR\MCAR_010\ETTh1_MCAR_010_short.csv
clean_data,datasets\ori\ETTh1.csv
freq,H
term,short
prediction_length,48
windows,20
MSE[mean],2.9176546732584634
MSE[0.5],2.9483736673990886
MAE[0.5],1.1646395365397135
MASE[0.5],0.5375389806584735
MAPE[0.5],0.1513022740681966
sMAPE[0.5],0.13055368684363813
MSIS,5.762480630323508
RMSE[mean],1.7081143618793395
NRMSE[mean],0.1829187107316277
ND[0.5],0.12471902774503657
mean_weighted_sum_quantile_loss,0.10348157054097096
