metric,value
eval_data,datasets\MCAR\MCAR_030\ETTh1_MCAR_030_long.csv
clean_data,datasets\ori\ETTh1.csv
freq,H
term,long
prediction_length,720
windows,3
MSE[mean],7.645804398148148
MSE[0.5],7.49052734375
MAE[0.5],2.0450658727575233
MASE[0.5],0.9303732526074845
MAPE[0.5],0.27666406476580624
sMAPE[0.5],0.24528944116092793
MSIS,9.14633479863995
RMSE[mean],2.7651047716403347
NRMSE[mean],0.29906495952847245
ND[0.5],0.22118783662091282
mean_weighted_sum_quantile_loss,0.18078906180103999
