metric,value
eval_data,datasets\MCAR\MCAR_005\ETTh1_MCAR_005_long.csv
clean_data,datasets\ori\ETTh1.csv
freq,H
term,long
prediction_length,720
windows,3
MSE[mean],7.2795396592881945
MSE[0.5],7.134559461805556
MAE[0.5],2.010007052951389
MASE[0.5],0.9144358551302223
MAPE[0.5],0.2868353257323086
sMAPE[0.5],0.23952766719152196
MSIS,8.614889757607685
RMSE[mean],2.698062204488287
NRMSE[mean],0.2918138481645736
ND[0.5],0.21739598589830253
mean_weighted_sum_quantile_loss,0.17726539791959134
