metric,value
eval_data,datasets\MCAR\MCAR_015\ETTh2_MCAR_015_medium.csv
clean_data,datasets\ori\ETTh2.csv
freq,H
term,medium
prediction_length,480
windows,4
MSE[mean],55.68484700520833
MSE[0.5],56.75302734375
MAE[0.5],5.830390421549479
MASE[0.5],1.9029661310356636
MAPE[0.5],0.18035701115926106
sMAPE[0.5],0.20432439316239717
MSIS,21.082196129055966
RMSE[mean],7.462228018843188
NRMSE[mean],0.22765303116646252
ND[0.5],0.1778699403178262
mean_weighted_sum_quantile_loss,0.14756406262422642
