metric,value
eval_data,datasets\MCAR\MCAR_030\ETTh1_MCAR_030_medium.csv
clean_data,datasets\ori\ETTh1.csv
freq,H
term,medium
prediction_length,480
windows,4
MSE[mean],7.320064290364583
MSE[0.5],7.28464609781901
MAE[0.5],2.05438117980957
MASE[0.5],0.9368835241877381
MAPE[0.5],0.23796434402465821
sMAPE[0.5],0.22428641898445115
MSIS,9.012101991462107
RMSE[mean],2.7055617328689032
NRMSE[mean],0.2837348161616136
ND[0.5],0.21544489608117598
mean_weighted_sum_quantile_loss,0.17539926087556432
