metric,value
eval_data,datasets/MCAR/MCAR_025/ETTh1_MCAR_025_medium.csv
clean_data,datasets/ori/ETTh1.csv
freq,H
term,medium
prediction_length,480
windows,4
MSE[mean],8.724880836123512
MSE[0.5],8.62886962890625
MAE[0.5],1.7594526018415177
MASE[0.5],1.237129830075924
MAPE[0.5],0.9882866397393347
sMAPE[0.5],0.46337523687453497
MSIS,15.146687107349873
RMSE[mean],2.9537909262714437
NRMSE[mean],0.5649055597225657
ND[0.5],0.3364911673363536
mean_weighted_sum_quantile_loss,0.2786887739602337
