metric,value
eval_data,datasets\MCAR\MCAR_010\ETTh1_MCAR_010_long.csv
clean_data,datasets\ori\ETTh1.csv
freq,H
term,long
prediction_length,720
windows,3
MSE[mean],7.48564769603588
MSE[0.5],7.269724754050926
MAE[0.5],2.040835006148727
MASE[0.5],0.9283662224540852
MAPE[0.5],0.2808702791926479
sMAPE[0.5],0.24580360143594351
MSIS,8.642989060050159
RMSE[mean],2.735991172506936
NRMSE[mean],0.29591612501201653
ND[0.5],0.22073023951135395
mean_weighted_sum_quantile_loss,0.1806454087856478
