metric,value
eval_data,datasets\MCAR\MCAR_010\ETTh2_MCAR_010_medium.csv
clean_data,datasets\ori\ETTh2.csv
freq,H
term,medium
prediction_length,480
windows,4
MSE[mean],44.508113606770834
MSE[0.5],45.821630859375
MAE[0.5],5.340423583984375
MASE[0.5],1.7424277057848188
MAPE[0.5],0.16356687545776366
sMAPE[0.5],0.1801318012989785
MSIS,15.520600221501946
RMSE[mean],6.671440144884074
NRMSE[mean],0.20352816442935862
ND[0.5],0.16292233546561835
mean_weighted_sum_quantile_loss,0.13392445746510404
