metric,value
eval_data,datasets/MCAR/MCAR_025/ETTh2_MCAR_025_medium.csv
clean_data,datasets/ori/ETTh2.csv
freq,H
term,medium
prediction_length,480
windows,4
MSE[mean],18.855760556175596
MSE[0.5],18.816864304315477
MAE[0.5],2.7836800711495537
MASE[0.5],1.1468240518008452
MAPE[0.5],0.17427191609971954
sMAPE[0.5],0.21474558512369793
MSIS,12.86801744829893
RMSE[mean],4.342322023546342
NRMSE[mean],0.23436587183178512
ND[0.5],0.15024210623672743
mean_weighted_sum_quantile_loss,0.12552707815688968
