metric,value
eval_data,datasets\MCAR\MCAR_020\ETTh2_MCAR_020_short.csv
clean_data,datasets\ori\ETTh2.csv
freq,H
term,short
prediction_length,48
windows,20
MSE[mean],15.892935180664063
MSE[0.5],16.131866455078125
MAE[0.5],2.9821853637695312
MASE[0.5],0.9676998803896422
MAPE[0.5],0.0860193411509196
sMAPE[0.5],0.08460838420056396
MSIS,10.398583348902251
RMSE[mean],3.9865944339328103
NRMSE[mean],0.11324649094143235
ND[0.5],0.08471441812821492
mean_weighted_sum_quantile_loss,0.06994744161991612
