metric,value
eval_data,datasets\MCAR\MCAR_005\ETTh2_MCAR_005_medium.csv
clean_data,datasets\ori\ETTh2.csv
freq,H
term,medium
prediction_length,480
windows,4
MSE[mean],41.275638834635416
MSE[0.5],42.2171630859375
MAE[0.5],5.102755228678386
MASE[0.5],1.6649130989404495
MAPE[0.5],0.15716015497843425
sMAPE[0.5],0.17138885233242915
MSIS,15.600123004770614
RMSE[mean],6.424611959849047
NRMSE[mean],0.19599808301685692
ND[0.5],0.15567169646596152
mean_weighted_sum_quantile_loss,0.12768552679467943
