metric,value
eval_data,datasets\MCAR\MCAR_010\ETTh2_MCAR_010_short.csv
clean_data,datasets\ori\ETTh2.csv
freq,H
term,short
prediction_length,48
windows,20
MSE[mean],15.499142456054688
MSE[0.5],15.343453979492187
MAE[0.5],2.912583414713542
MASE[0.5],0.9451645304070662
MAPE[0.5],0.08372812271118164
sMAPE[0.5],0.08233219426569602
MSIS,10.625297918632736
RMSE[mean],3.936895027309553
NRMSE[mean],0.11183468858851457
ND[0.5],0.0827372477328057
mean_weighted_sum_quantile_loss,0.06847447482995184
