metric,value
eval_data,datasets/MCAR/MCAR_025/ETTh2_MCAR_025_short.csv
clean_data,datasets/ori/ETTh2.csv
freq,H
term,short
prediction_length,48
windows,20
MSE[mean],8.087264288039435
MSE[0.5],7.927950613839286
MAE[0.5],1.8277784620012556
MASE[0.5],0.7827129463767803
MAPE[0.5],0.11405863760468621
sMAPE[0.5],0.13201225030989874
MSIS,10.321752842445596
RMSE[mean],2.8438115774501367
NRMSE[mean],0.14456172749908416
ND[0.5],0.0929129109845723
mean_weighted_sum_quantile_loss,0.07858586403545811
