metric,value
eval_data,datasets\MCAR\MCAR_005\ETTm1_MCAR_005_long.csv
clean_data,datasets\ori\ETTm1.csv
freq,T
term,long
prediction_length,720
windows,10
MSE[mean],6.494703776041667
MSE[0.5],6.4948974609375
MAE[0.5],1.9435069444444444
MASE[0.5],0.5229347393622567
MAPE[0.5],0.23060184054904515
sMAPE[0.5],0.20832723608796488
MSIS,5.600691912039314
RMSE[mean],2.548470870157567
NRMSE[mean],0.2650643453981656
ND[0.5],0.20214254831726003
mean_weighted_sum_quantile_loss,0.16543764114366943
