metric,value
eval_data,datasets\MCAR\MCAR_030\ETTm1_MCAR_030_long.csv
clean_data,datasets\ori\ETTm1.csv
freq,T
term,long
prediction_length,720
windows,10
MSE[mean],6.3857958984375
MSE[0.5],6.378868272569444
MAE[0.5],1.9235320366753472
MASE[0.5],0.5175137754865264
MAPE[0.5],0.22585417005750869
sMAPE[0.5],0.2070869747357118
MSIS,5.462354859574646
RMSE[mean],2.5270132366961398
NRMSE[mean],0.26283255470601014
ND[0.5],0.20006497469685716
mean_weighted_sum_quantile_loss,0.16427414644656013
