metric,value
eval_data,datasets\MCAR\MCAR_020\ETTm1_MCAR_020_long.csv
clean_data,datasets\ori\ETTm1.csv
freq,T
term,long
prediction_length,720
windows,10
MSE[mean],6.2411181640625
MSE[0.5],6.1643994140625
MAE[0.5],1.8825242784288194
MASE[0.5],0.5065757248421907
MAPE[0.5],0.22038194444444445
sMAPE[0.5],0.2027463004373521
MSIS,5.225232792842754
RMSE[mean],2.498223001267601
NRMSE[mean],0.2598381061537091
ND[0.5],0.19579979171079853
mean_weighted_sum_quantile_loss,0.1610046856598023
