metric,value
eval_data,datasets\MCAR\MCAR_030\ETTm1_MCAR_030_short.csv
clean_data,datasets\ori\ETTm1.csv
freq,T
term,short
prediction_length,48
windows,20
MSE[mean],1.9226511637369792
MSE[0.5],1.9644994099934896
MAE[0.5],0.8371804555257162
MASE[0.5],0.2298899959847311
MAPE[0.5],0.12542430559794107
sMAPE[0.5],0.103161570745399
MSIS,3.3595372562468757
RMSE[mean],1.3865969723524494
NRMSE[mean],0.16194470082940407
ND[0.5],0.09777674487513231
mean_weighted_sum_quantile_loss,0.08347633779206226
