metric,value
eval_data,datasets\MCAR\MCAR_025\ETTm1_MCAR_025_long.csv
clean_data,datasets\ori\ETTm1.csv
freq,T
term,long
prediction_length,720
windows,10
MSE[mean],6.002025824652778
MSE[0.5],5.990151909722222
MAE[0.5],1.8432307942708333
MASE[0.5],0.49596648073669675
MAPE[0.5],0.21521930270724826
sMAPE[0.5],0.19831253815422487
MSIS,5.26674835540804
RMSE[mean],2.449903227609772
NRMSE[mean],0.25481240649813164
ND[0.5],0.19171290895349008
mean_weighted_sum_quantile_loss,0.15703353183849983
