metric,value
eval_data,datasets\MCAR\MCAR_010\ETTm1_MCAR_010_medium.csv
clean_data,datasets\ori\ETTm1.csv
freq,T
term,medium
prediction_length,480
windows,15
MSE[mean],7.729337022569444
MSE[0.5],7.7578125
MAE[0.5],2.040386691623264
MASE[0.5],0.5488055547425142
MAPE[0.5],0.2441349622938368
sMAPE[0.5],0.21714391389653617
MSIS,6.317116040452088
RMSE[mean],2.7801685241311263
NRMSE[mean],0.2891630265720238
ND[0.5],0.2122189306173276
mean_weighted_sum_quantile_loss,0.17631354875190522
