metric,value
eval_data,datasets/MCAR/MCAR_015/ETTm2_MCAR_015_medium.csv
clean_data,datasets/ori/ETTm2.csv
freq,T
term,medium
prediction_length,480
windows,15
MSE[mean],11.716759362599205
MSE[0.5],11.559161241319444
MAE[0.5],2.1591839890252977
MASE[0.5],0.45484532412050943
MAPE[0.5],0.13892618466582546
sMAPE[0.5],0.16582208239842974
MSIS,5.209458199133794
RMSE[mean],3.422975220856734
NRMSE[mean],0.1824165365125538
ND[0.5],0.11506681747838453
mean_weighted_sum_quantile_loss,0.09554046506975807
