metric,value
eval_data,datasets\MCAR\MCAR_020\ETTm2_MCAR_020_long.csv
clean_data,datasets\ori\ETTm2.csv
freq,T
term,long
prediction_length,720
windows,10
MSE[mean],25.71484375
MSE[0.5],25.797630208333334
MAE[0.5],3.940402289496528
MASE[0.5],0.6590010293737765
MAPE[0.5],0.12311119927300347
sMAPE[0.5],0.12100511446291598
MSIS,6.333850621313701
RMSE[mean],5.070980551136042
NRMSE[mean],0.1531880898487705
ND[0.5],0.11903471012691355
mean_weighted_sum_quantile_loss,0.09763247889343368
