metric,value
eval_data,datasets\MCAR\MCAR_005\ETTm2_MCAR_005_short.csv
clean_data,datasets\ori\ETTm2.csv
freq,T
term,short
prediction_length,48
windows,20
MSE[mean],11.324884033203125
MSE[0.5],11.519114176432291
MAE[0.5],2.2258005777994794
MASE[0.5],0.373638900686102
MAPE[0.5],0.06183026631673177
sMAPE[0.5],0.059553068798190605
MSIS,4.162164326675128
RMSE[mean],3.3652465040770974
NRMSE[mean],0.09063146033030299
ND[0.5],0.05994436262710621
mean_weighted_sum_quantile_loss,0.05057557533134431
