metric,value
eval_data,datasets/MCAR/MCAR_030/ETTm2_MCAR_030_medium.csv
clean_data,datasets/ori/ETTm2.csv
freq,T
term,medium
prediction_length,480
windows,15
MSE[mean],11.790392020089286
MSE[0.5],11.63225322420635
MAE[0.5],2.1638023158482143
MASE[0.5],0.4568648338823766
MAPE[0.5],0.13946770607852146
sMAPE[0.5],0.16645943051292783
MSIS,5.216226330195766
RMSE[mean],3.4337140271270825
NRMSE[mean],0.1829888269089844
ND[0.5],0.11531293646235678
mean_weighted_sum_quantile_loss,0.0961036952895619
