metric,value
eval_data,datasets/MCAR/MCAR_030/ETTm1_MCAR_030_long.csv
clean_data,datasets/ori/ETTm1.csv
freq,T
term,long
prediction_length,720
windows,10
MSE[mean],8.459578528025794
MSE[0.5],8.33066142733135
MAE[0.5],1.630927734375
MASE[0.5],0.6939958557099543
MAPE[0.5],0.8083378098191565
sMAPE[0.5],0.42127923026917474
MSIS,6.854525627199199
RMSE[mean],2.9085354610225735
NRMSE[mean],0.5543697019061464
ND[0.5],0.31085642037111766
mean_weighted_sum_quantile_loss,0.25209142963612297
