metric,value
eval_data,datasets\MCAR\MCAR_020\ETTm1_MCAR_020_short.csv
clean_data,datasets\ori\ETTm1.csv
freq,T
term,short
prediction_length,48
windows,20
MSE[mean],2.011006164550781
MSE[0.5],2.0598120371500652
MAE[0.5],0.8396045049031575
MASE[0.5],0.2305698271724759
MAPE[0.5],0.12655412356058757
sMAPE[0.5],0.10291021294362854
MSIS,3.418591488359421
RMSE[mean],1.4180994903569992
NRMSE[mean],0.1656239717028753
ND[0.5],0.09805985666540215
mean_weighted_sum_quantile_loss,0.08449374292405129
