metric,value
eval_data,datasets/MCAR/MCAR_005/ETTm2_MCAR_005_long.csv
clean_data,datasets/ori/ETTm2.csv
freq,T
term,long
prediction_length,720
windows,10
MSE[mean],11.75818359375
MSE[0.5],11.598997550843254
MAE[0.5],2.182223384796627
MASE[0.5],0.462682752046298
MAPE[0.5],0.14211224097938793
sMAPE[0.5],0.16891441103011842
MSIS,5.508157992367684
RMSE[mean],3.429020792259796
NRMSE[mean],0.18273871292081126
ND[0.5],0.11629462660114982
mean_weighted_sum_quantile_loss,0.09740218785018973
