metric,value
eval_data,datasets\MCAR\MCAR_025\ETTm2_MCAR_025_short.csv
clean_data,datasets\ori\ETTm2.csv
freq,T
term,short
prediction_length,48
windows,20
MSE[mean],10.529050699869792
MSE[0.5],10.426711018880209
MAE[0.5],2.108998998006185
MASE[0.5],0.35401312606104246
MAPE[0.5],0.05842594305674235
sMAPE[0.5],0.05655989173619806
MSIS,3.92367251662853
RMSE[mean],3.2448498732406392
NRMSE[mean],0.0873889868715722
ND[0.5],0.056798709631782525
mean_weighted_sum_quantile_loss,0.04751717125638137
