metric,value
eval_data,datasets/MCAR/MCAR_020/ETTm1_MCAR_020_short.csv
clean_data,datasets/ori/ETTm1.csv
freq,T
term,short
prediction_length,48
windows,20
MSE[mean],4.471913655598958
MSE[0.5],4.658767945425851
MAE[0.5],1.1036308788117908
MASE[0.5],0.4560798926022843
MAPE[0.5],0.4610099485759724
sMAPE[0.5],0.24626148144404095
MSIS,5.375067514124878
RMSE[mean],2.1146899667797543
NRMSE[mean],0.3997644225314156
ND[0.5],0.20863217203790926
mean_weighted_sum_quantile_loss,0.17217178102657804
