metric,value
eval_data,datasets/MCAR/MCAR_030/ETTm1_MCAR_030_short.csv
clean_data,datasets/ori/ETTm1.csv
freq,T
term,short
prediction_length,48
windows,20
MSE[mean],4.436802500770206
MSE[0.5],4.671669033595494
MAE[0.5],1.1012189093090239
MASE[0.5],0.4540799949743162
MAPE[0.5],0.495863242544114
sMAPE[0.5],0.24030357883090064
MSIS,5.221471598443471
RMSE[mean],2.106371880929435
NRMSE[mean],0.3981919580856778
ND[0.5],0.20817620940954093
mean_weighted_sum_quantile_loss,0.17095191573904553
