metric,value
eval_data,datasets\MCAR\MCAR_020\ETTm2_MCAR_020_long.csv
clean_data,datasets\ori\ETTm2.csv
freq,T
term,long
prediction_length,720
windows,10
MSE[mean],25.35974609375
MSE[0.5],25.223107638888887
MAE[0.5],3.889471028645833
MASE[0.5],0.6504690954884629
MAPE[0.5],0.1213987053765191
sMAPE[0.5],0.11927262941317145
MSIS,6.850658428455405
RMSE[mean],5.0358461149790905
NRMSE[mean],0.15212672171522654
ND[0.5],0.11749613933480915
mean_weighted_sum_quantile_loss,0.0965523041621607
