metric,value
eval_data,datasets/MCAR/MCAR_005/exchange_rate_MCAR_005_medium.csv
clean_data,datasets/ori/exchange_rate.csv
freq,D
term,medium
prediction_length,300
windows,3
MSE[mean],0.004842911826239692
MSE[0.5],0.004751733144124349
MAE[0.5],0.044626278347439235
MASE[0.5],20.278359528867902
MAPE[0.5],0.06071609497070313
sMAPE[0.5],0.05797963460286459
MSIS,204.29216982552313
RMSE[mean],0.0695910326567992
NRMSE[mean],0.09768188923438005
ND[0.5],0.06263995535136337
mean_weighted_sum_quantile_loss,0.05291428915894925
