metric,value
eval_data,datasets\MCAR\MCAR_015\exchange_rate_MCAR_015_long.csv
clean_data,datasets\ori\exchange_rate.csv
freq,D
term,long
prediction_length,450
windows,2
MSE[mean],0.0018069581190745035
MSE[0.5],0.001873814000023736
MAE[0.5],0.032728000217013886
MASE[0.5],10.319421765236692
MAPE[0.5],0.04636058807373047
sMAPE[0.5],0.04472361575557649
MSIS,62.20052057897804
RMSE[mean],0.04250832999630194
NRMSE[mean],0.05908521592346107
ND[0.5],0.045490871077117696
mean_weighted_sum_quantile_loss,0.03406743850769034
