metric,value
eval_data,datasets\MCAR\MCAR_020\exchange_rate_MCAR_020_long.csv
clean_data,datasets\ori\exchange_rate.csv
freq,D
term,long
prediction_length,450
windows,2
MSE[mean],0.0020668403307596843
MSE[0.5],0.0020314219262864853
MAE[0.5],0.03479915618896484
MASE[0.5],10.972517008920919
MAPE[0.5],0.0492385737101237
sMAPE[0.5],0.04740941238914112
MSIS,64.10952345833444
RMSE[mean],0.04546251566686213
NRMSE[mean],0.06319143929752043
ND[0.5],0.04836971147909383
mean_weighted_sum_quantile_loss,0.036827175953343
