metric,value
eval_data,datasets/MCAR/MCAR_030/exchange_rate_MCAR_030_long.csv
clean_data,datasets/ori/exchange_rate.csv
freq,D
term,long
prediction_length,450
windows,2
MSE[mean],0.006008522245619032
MSE[0.5],0.005908284717135959
MAE[0.5],0.04898125118679471
MASE[0.5],26.082313564402575
MAPE[0.5],0.06898279825846354
sMAPE[0.5],0.06559513515896268
MSIS,228.8984166313387
RMSE[mean],0.07751465826293136
NRMSE[mean],0.10880393598729998
ND[0.5],0.06875284027736528
mean_weighted_sum_quantile_loss,0.057635366154899025
