metric,value
eval_data,datasets\MCAR\MCAR_025\exchange_rate_MCAR_025_medium.csv
clean_data,datasets\ori\exchange_rate.csv
freq,D
term,medium
prediction_length,300
windows,3
MSE[mean],0.003515113459693061
MSE[0.5],0.0038527737723456487
MAE[0.5],0.05497289869520399
MASE[0.5],17.34290671848058
MAPE[0.5],0.0780875990125868
sMAPE[0.5],0.0754695868264021
MSIS,126.34485522770707
RMSE[mean],0.059288392284603746
NRMSE[mean],0.08240896455342821
ND[0.5],0.07641056681425147
mean_weighted_sum_quantile_loss,0.05980955341599944
