metric,value
eval_data,datasets\MCAR\MCAR_020\national_illness_MCAR_020_short.csv
clean_data,datasets\ori\national_illness.csv
freq,W
term,short
prediction_length,8
windows,13
MSE[mean],40745014193.23077
MSE[0.5],40566784000.0
MAE[0.5],130319.21153846153
MASE[0.5],3.8695025340623252
MAPE[0.5],0.11705292188204251
sMAPE[0.5],0.1093667066874007
MSIS,90.76230370992238
RMSE[mean],201853.94272401708
NRMSE[mean],0.15495349952944268
ND[0.5],0.10003974958969022
mean_weighted_sum_quantile_loss,0.09128540753374514
