metric,value
eval_data,datasets\MCAR\MCAR_030\weather_MCAR_030_medium.csv
clean_data,datasets\ori\weather.csv
freq,10T
term,medium
prediction_length,480
windows,11
MSE[mean],201.7345643939394
MSE[0.5],198.8063446969697
MAE[0.5],10.70745516690341
MASE[0.5],0.3539894786512249
MAPE[0.5],0.024105767047766482
sMAPE[0.5],0.02413067211979786
MSIS,3.8531336017184694
RMSE[mean],14.203329341881057
NRMSE[mean],0.03222091646286387
ND[0.5],0.02429036250292027
mean_weighted_sum_quantile_loss,0.020117650676579234
