metric,value
eval_data,datasets\MCAR\MCAR_025\weather_MCAR_025_medium.csv
clean_data,datasets\ori\weather.csv
freq,10T
term,medium
prediction_length,480
windows,11
MSE[mean],204.58106060606062
MSE[0.5],199.4893702651515
MAE[0.5],10.721919389204546
MASE[0.5],0.35429949713217107
MAPE[0.5],0.024115728609489673
sMAPE[0.5],0.02416847967237515
MSIS,3.914331335589398
RMSE[mean],14.303183582897223
NRMSE[mean],0.03244744047570623
ND[0.5],0.024323175267255106
mean_weighted_sum_quantile_loss,0.020180397429302693
