metric,value
eval_data,datasets/MCAR/MCAR_025/weather_MCAR_025_medium.csv
clean_data,datasets/ori/weather.csv
freq,10T
term,medium
prediction_length,480
windows,11
MSE[mean],1425.1849321549762
MSE[0.5],1446.0420898085204
MAE[0.5],10.429693762048498
MASE[0.5],0.6525864355843459
MAPE[0.5],0.9963286174918822
sMAPE[0.5],0.6701094639077675
MSIS,8.423995315822088
RMSE[mean],37.75162158311847
NRMSE[mean],0.23168105377475756
ND[0.5],0.06400685162673768
mean_weighted_sum_quantile_loss,0.05324287792515402
