metric,value
eval_data,datasets\MCAR\MCAR_010\weather_MCAR_010_medium.csv
clean_data,datasets\ori\weather.csv
freq,10T
term,medium
prediction_length,480
windows,11
MSE[mean],204.63096590909092
MSE[0.5],200.9536221590909
MAE[0.5],10.784053918087121
MASE[0.5],0.3562887929067859
MAPE[0.5],0.02428038048021721
sMAPE[0.5],0.024300147275094153
MSIS,3.9722288828846395
RMSE[mean],14.30492802879801
NRMSE[mean],0.032451397832765995
ND[0.5],0.024464130350137087
mean_weighted_sum_quantile_loss,0.020253111494331354
