metric,value
eval_data,datasets/MCAR/MCAR_005/weather_MCAR_005_long.csv
clean_data,datasets/ori/weather.csv
freq,10T
term,long
prediction_length,720
windows,8
MSE[mean],1533.9674985532408
MSE[0.5],1568.7479853877314
MAE[0.5],11.0590328156002
MASE[0.5],0.6855966738508933
MAPE[0.5],1.0152658111284907
sMAPE[0.5],0.6608155027268425
MSIS,8.6088303394844
RMSE[mean],39.16589713709161
NRMSE[mean],0.23966283965796148
ND[0.5],0.06767211789327958
mean_weighted_sum_quantile_loss,0.0562467910280627
