metric,value
eval_data,datasets/MCAR/MCAR_005/weather_MCAR_005_medium.csv
clean_data,datasets/ori/weather.csv
freq,10T
term,medium
prediction_length,480
windows,11
MSE[mean],1442.320003272823
MSE[0.5],1453.929156273956
MAE[0.5],10.541511515827922
MASE[0.5],0.6414853678984676
MAPE[0.5],0.9824992349270558
sMAPE[0.5],0.6649569932516519
MSIS,8.321739034074774
RMSE[mean],37.97788834667909
NRMSE[mean],0.23306964901961372
ND[0.5],0.06469307526270271
mean_weighted_sum_quantile_loss,0.05397985317924367
