metric,value
eval_data,datasets\Impute\MCAR_030\zero\electricity_MCAR_030_short.csv
clean_data,datasets\ori\electricity.csv
freq,H
term,short
prediction_length,48
windows,20
MSE[mean],943521.6666666666
MSE[0.5],829524.9333333333
MAE[0.5],853.185546875
MASE[0.5],2.968535436173193
MAPE[0.5],0.2761197090148926
sMAPE[0.5],0.3253647193153085
MSIS,16.967484464262643
RMSE[mean],971.3504345325979
NRMSE[mean],0.32126965468161245
ND[0.5],0.2821871657017056
mean_weighted_sum_quantile_loss,0.21888995225627153
