metric,value
eval_data,datasets\Impute\MCAR_030\zero\ETTh1_MCAR_030_medium.csv
clean_data,datasets\ori\ETTh1.csv
freq,H
term,medium
prediction_length,480
windows,4
MSE[mean],21.034859212239585
MSE[0.5],21.620263671875
MAE[0.5],3.8865041097005206
MASE[0.5],1.7714587775311967
MAPE[0.5],0.38428007761637367
sMAPE[0.5],0.5022251722228576
MSIS,20.107908831582844
RMSE[mean],4.586377569742769
NRMSE[mean],0.4809777506790925
ND[0.5],0.40758135941992407
mean_weighted_sum_quantile_loss,0.33704664050395006
