metric,value
eval_data,datasets\Impute\MCAR_030\zero\ETTh2_MCAR_030_long.csv
clean_data,datasets\ori\ETTh2.csv
freq,H
term,long
prediction_length,720
windows,3
MSE[mean],277.5952256944444
MSE[0.5],286.212962962963
MAE[0.5],15.931741898148148
MASE[0.5],5.205604979356608
MAPE[0.5],0.48912313955801506
sMAPE[0.5],0.6614567601122642
MSIS,57.2122970966334
RMSE[mean],16.661189204088778
NRMSE[mean],0.5197676604939535
ND[0.5],0.4970115945842444
mean_weighted_sum_quantile_loss,0.4183851852944273
