metric,value
eval_data,datasets\Impute\MCAR_030\zero\ETTm1_MCAR_030_short.csv
clean_data,datasets\ori\ETTm1.csv
freq,T
term,short
prediction_length,48
windows,20
MSE[mean],7.656500244140625
MSE[0.5],6.530084228515625
MAE[0.5],2.286005655924479
MASE[0.5],0.6277601428768634
MAPE[0.5],0.26262672742207843
sMAPE[0.5],0.2977398420645594
MSIS,4.695211851150659
RMSE[mean],2.7670381717895807
NRMSE[mean],0.3231704510026174
ND[0.5],0.26698926178595117
mean_weighted_sum_quantile_loss,0.21117665509388242
