{
  "model": "chronos2",
  "dataset": "Australia_Solar_H",
  "method": "BM",
  "ratio": 0.3,
  "term": "long",
  "imputation_method": "linear",
  "n_windows": 20,
  "period": 24,
  "summary": {
    "mean": {
      "trend_strength": 0.3294269004565959,
      "trend_linearity": -78.0638234136911,
      "seasonal_strength": 0.9217740091663501,
      "seasonal_correlation": 0.9548114232463079,
      "residual_autocorr_lag1": 0.8167075957623492,
      "spectral_entropy": 9535.873054728836
    },
    "std": {
      "trend_strength": 0.19600766187347124,
      "trend_linearity": 158.0388565869262,
      "seasonal_strength": 0.09406868433379044,
      "seasonal_correlation": 0.09789195461974652,
      "residual_autocorr_lag1": 0.11575551474575642,
      "spectral_entropy": 365.11564062978334
    },
    "min": {
      "trend_strength": 0.0,
      "trend_linearity": -579.9035829347449,
      "seasonal_strength": 0.5809474535477099,
      "seasonal_correlation": 0.6409347458815209,
      "residual_autocorr_lag1": 0.42113845214660656,
      "spectral_entropy": 8477.043712006795
    },
    "max": {
      "trend_strength": 0.6763456159576812,
      "trend_linearity": 272.9789693890337,
      "seasonal_strength": 0.9963886759523479,
      "seasonal_correlation": 0.9993175811370606,
      "residual_autocorr_lag1": 0.9191031087850237,
      "spectral_entropy": 10001.544039676979
    }
  }
}