{
  "model": "chronos2",
  "dataset": "Australia_Solar_H",
  "method": "BM",
  "ratio": 0.1,
  "term": "long",
  "imputation_method": "backward",
  "n_windows": 20,
  "period": 24,
  "summary": {
    "mean": {
      "trend_strength": 0.389051916961067,
      "trend_linearity": -43.49642091781136,
      "seasonal_strength": 0.9845781881822697,
      "seasonal_correlation": 0.987719800741442,
      "residual_autocorr_lag1": 0.8283975867380018,
      "spectral_entropy": 9263.543108281436
    },
    "std": {
      "trend_strength": 0.21458080887380482,
      "trend_linearity": 118.50321447569668,
      "seasonal_strength": 0.023496438496114713,
      "seasonal_correlation": 0.05001958858108253,
      "residual_autocorr_lag1": 0.08116541649080385,
      "spectral_entropy": 360.1380431328757
    },
    "min": {
      "trend_strength": 0.0763016215628165,
      "trend_linearity": -219.17273022818011,
      "seasonal_strength": 0.8938399966837591,
      "seasonal_correlation": 0.7697053086050906,
      "residual_autocorr_lag1": 0.6460860262334043,
      "spectral_entropy": 8527.954937563842
    },
    "max": {
      "trend_strength": 0.7754717866052736,
      "trend_linearity": 317.36936802550645,
      "seasonal_strength": 0.9980890965423018,
      "seasonal_correlation": 0.999749705562112,
      "residual_autocorr_lag1": 0.9246460879237915,
      "spectral_entropy": 10171.574621928221
    }
  }
}