{
  "model": "chronos2",
  "dataset": "Australia_Solar_H",
  "method": "BM",
  "ratio": 0.2,
  "term": "long",
  "imputation_method": "forward",
  "n_windows": 20,
  "period": 24,
  "summary": {
    "mean": {
      "trend_strength": 0.4258120000279352,
      "trend_linearity": -57.19593130144516,
      "seasonal_strength": 0.9738597611735352,
      "seasonal_correlation": 0.9872590473184802,
      "residual_autocorr_lag1": 0.8331887182678057,
      "spectral_entropy": 9404.153118409848
    },
    "std": {
      "trend_strength": 0.2068021855282324,
      "trend_linearity": 124.40170386521883,
      "seasonal_strength": 0.03125515654691186,
      "seasonal_correlation": 0.04547404216103867,
      "residual_autocorr_lag1": 0.047546434790463124,
      "spectral_entropy": 278.18761094138296
    },
    "min": {
      "trend_strength": 0.060777992427552,
      "trend_linearity": -227.58156422658953,
      "seasonal_strength": 0.8869499070171756,
      "seasonal_correlation": 0.789308126783149,
      "residual_autocorr_lag1": 0.7407316610601102,
      "spectral_entropy": 8916.71882691719
    },
    "max": {
      "trend_strength": 0.8629830369283583,
      "trend_linearity": 339.0369828186083,
      "seasonal_strength": 0.9977300638540779,
      "seasonal_correlation": 0.999798308889983,
      "residual_autocorr_lag1": 0.93191090037782,
      "spectral_entropy": 9814.418849710677
    }
  }
}