window_idx,n_series,trend_strength,trend_linearity,seasonal_strength,seasonal_correlation,residual_autocorr_lag1,spectral_entropy
0,1,0.7568175296415524,0.0040880902026876895,0.9903992940703293,0.7496219284910154,0.43023628315178064,2899.1891510253354
1,1,0.4987162935386851,-0.014593088812015135,0.7233165536183646,0.21082886134302764,0.853686663261744,2767.43077838549
