{
  "model": "chronos2",
  "dataset": "azure2019_U_5T",
  "method": "BM",
  "ratio": 0.2,
  "term": "long",
  "imputation_method": "linear",
  "n_windows": 2,
  "period": 288,
  "summary": {
    "mean": {
      "trend_strength": 0.7503634571983886,
      "trend_linearity": -0.011514592333944473,
      "seasonal_strength": 0.4397649758159923,
      "seasonal_correlation": 0.5635647719139179,
      "residual_autocorr_lag1": 0.932078713229427,
      "spectral_entropy": 2368.3610372578787
    },
    "std": {
      "trend_strength": 0.2132302494784905,
      "trend_linearity": 0.029574790216916245,
      "seasonal_strength": 0.2752119292276485,
      "seasonal_correlation": 0.04044969825486,
      "residual_autocorr_lag1": 0.01810217938717712,
      "spectral_entropy": 490.3380205101133
    },
    "min": {
      "trend_strength": 0.537133207719898,
      "trend_linearity": -0.04108938255086072,
      "seasonal_strength": 0.1645530465883438,
      "seasonal_correlation": 0.5231150736590578,
      "residual_autocorr_lag1": 0.9139765338422499,
      "spectral_entropy": 1878.0230167477655
    },
    "max": {
      "trend_strength": 0.963593706676879,
      "trend_linearity": 0.018060197882971772,
      "seasonal_strength": 0.7149769050436408,
      "seasonal_correlation": 0.6040144701687779,
      "residual_autocorr_lag1": 0.9501808926166041,
      "spectral_entropy": 2858.699057767992
    }
  }
}