window_idx,n_series,trend_strength,trend_linearity,seasonal_strength,seasonal_correlation,residual_autocorr_lag1,spectral_entropy
0,1,0.9746195460245668,0.012065910755545218,0.7715818641371625,-0.12379986169369593,0.8659396883740287,1566.732463121783
1,1,0.8346621859095426,-0.07224906604463728,0.34530605460322894,0.5102261386088237,0.9902970484438142,2821.5600571247232
