{
  "model": "chronos2",
  "dataset": "azure2019_U_5T",
  "method": "BM",
  "ratio": 0.1,
  "term": "long",
  "imputation_method": "linear",
  "n_windows": 2,
  "period": 288,
  "summary": {
    "mean": {
      "trend_strength": 0.9066098591671563,
      "trend_linearity": -0.011893897237259417,
      "seasonal_strength": 0.7256027880285542,
      "seasonal_correlation": 0.5676021933854456,
      "residual_autocorr_lag1": 0.7917917535779149,
      "spectral_entropy": 2364.6127599077163
    },
    "std": {
      "trend_strength": 0.0852343678082666,
      "trend_linearity": 0.031055696569526437,
      "seasonal_strength": 0.20793972401998506,
      "seasonal_correlation": 0.2175325144723761,
      "residual_autocorr_lag1": 0.07312539400442303,
      "spectral_entropy": 490.3198976771323
    },
    "min": {
      "trend_strength": 0.8213754913588898,
      "trend_linearity": -0.042949593806785855,
      "seasonal_strength": 0.5176630640085691,
      "seasonal_correlation": 0.3500696789130695,
      "residual_autocorr_lag1": 0.7186663595734919,
      "spectral_entropy": 1874.292862230584
    },
    "max": {
      "trend_strength": 0.991844226975423,
      "trend_linearity": 0.01916179933226702,
      "seasonal_strength": 0.9335425120485392,
      "seasonal_correlation": 0.7851347078578217,
      "residual_autocorr_lag1": 0.864917147582338,
      "spectral_entropy": 2854.9326575848486
    }
  }
}