window_idx,n_series,trend_strength,trend_linearity,seasonal_strength,seasonal_correlation,residual_autocorr_lag1,spectral_entropy
0,1,0.8046839915605355,-0.0033771821001044628,0.9965335035221125,0.8220373462040019,0.7718410097705188,3037.42978180638
1,1,0.916682891854069,-0.04487881612255957,0.9032336973449951,0.8465252636466232,0.7324799239548909,2749.6886116928463
