window_idx,n_series,trend_strength,trend_linearity,seasonal_strength,seasonal_correlation,residual_autocorr_lag1,spectral_entropy
0,1,0.7982918525200988,-0.014329511695676119,0.9850862025427657,0.9648810035112536,0.06632141678196561,3175.3340365154772
1,1,0.3145320521693432,-0.045320693906923115,0.3956816861651199,0.6188214936126364,0.9775616720999287,2996.230734819225
