window_idx,n_series,trend_strength,trend_linearity,seasonal_strength,seasonal_correlation,residual_autocorr_lag1,spectral_entropy
0,1,0.052724706274146826,0.004887523778904197,0.6358597475263726,-0.3436099530094806,0.9365353241689727,2202.5026927549043
1,1,0.893676158209108,-0.02883952866283746,0.7271856305284186,0.2960297124544963,0.930346085716823,2714.9887076488844
