window_idx,n_series,trend_strength,trend_linearity,seasonal_strength,seasonal_correlation,residual_autocorr_lag1,spectral_entropy
0,1,0.9587494947556422,0.012920553237875426,0.5965893325412536,0.13662981400866556,0.9117990633292391,1722.5763308046303
1,1,0.9277838341689714,-0.0318297182794735,0.9606248857731648,0.42365452217617383,0.8705590497078433,3030.9160864835994
