{
  "model": "chronos2",
  "dataset": "Coastal_T_S_20T",
  "method": "BM",
  "ratio": 0.2,
  "term": "long",
  "imputation_method": "forward",
  "n_windows": 7,
  "period": 72,
  "summary": {
    "mean": {
      "trend_strength": 0.8550447836275943,
      "trend_linearity": 0.0004700648203025699,
      "seasonal_strength": 0.4784867740562079,
      "seasonal_correlation": 0.7860273618727015,
      "residual_autocorr_lag1": 0.5791844215530002,
      "spectral_entropy": -724.093897090421
    },
    "std": {
      "trend_strength": 0.22994917650269026,
      "trend_linearity": 0.0003809441863744416,
      "seasonal_strength": 0.15690669862349818,
      "seasonal_correlation": 0.09585144757399179,
      "residual_autocorr_lag1": 0.23270688518645077,
      "spectral_entropy": 452.1560489176706
    },
    "min": {
      "trend_strength": 0.30034679652296703,
      "trend_linearity": 7.403615031958387e-05,
      "seasonal_strength": 0.21304412525986072,
      "seasonal_correlation": 0.6332427945768043,
      "residual_autocorr_lag1": 0.23121412640475256,
      "spectral_entropy": -1381.450928756105
    },
    "max": {
      "trend_strength": 0.9980211603491073,
      "trend_linearity": 0.0012631826526763067,
      "seasonal_strength": 0.6640408280352776,
      "seasonal_correlation": 0.9346401535653344,
      "residual_autocorr_lag1": 0.8632139738606021,
      "spectral_entropy": -62.26916289246
    }
  }
}