window_idx,n_series,trend_strength,trend_linearity,seasonal_strength,seasonal_correlation,residual_autocorr_lag1,spectral_entropy
0,1,0.9189847636911221,-0.0015706462389511453,0.28335982813941984,0.8043139054374894,0.8096047610261674,360.163533366933
1,1,0.9330727909049362,-0.0013847534207783946,0.1987480396344048,0.4306598309094807,0.7063608402273234,473.88682346589883
2,1,0.8433110940638102,-0.0012191480571847005,0.0607754647801646,0.5369493488996566,0.8207445933072006,894.9776267121756
3,1,0.885697083493914,-0.002178769723475188,0.0,0.45934137217680565,0.731371377910627,1076.207818377552
4,1,0.9555616080310626,-0.016518259272291818,0.0013762645005207519,0.5061637487122592,0.8063405440163333,2619.684162441711
5,1,0.6087864468102713,-0.0003253480805562348,0.05033976907907123,0.6708231033462788,0.1852018785814007,683.692661339815
6,1,0.29051451505990045,7.158372431649328e-05,0.23306699186765534,0.7561375064393099,0.47748414713593207,140.6210198556196
7,1,0.9297617819402959,0.0021637854855812593,0.6881823352396388,0.9414643593599461,0.7533626799609223,273.16875598062154
