{
  "model": "chronos2",
  "dataset": "Coastal_T_S_15T",
  "method": "BM",
  "ratio": 0.2,
  "term": "long",
  "imputation_method": "linear",
  "n_windows": 20,
  "period": 96,
  "summary": {
    "mean": {
      "trend_strength": 0.8275649613251191,
      "trend_linearity": -9.643408339599878e-06,
      "seasonal_strength": 0.22861418619941554,
      "seasonal_correlation": 0.6254843017250791,
      "residual_autocorr_lag1": 0.9023672743700898,
      "spectral_entropy": -2624.777893104872
    },
    "std": {
      "trend_strength": 0.16535663598648156,
      "trend_linearity": 4.382958229642972e-05,
      "seasonal_strength": 0.1768521235878647,
      "seasonal_correlation": 0.12031205698611844,
      "residual_autocorr_lag1": 0.06964994756632022,
      "spectral_entropy": 493.64713816745547
    },
    "min": {
      "trend_strength": 0.3457864898488767,
      "trend_linearity": -0.00010309517976999398,
      "seasonal_strength": 0.0,
      "seasonal_correlation": 0.33104324444571737,
      "residual_autocorr_lag1": 0.6601580140868952,
      "spectral_entropy": -3395.5684416878726
    },
    "max": {
      "trend_strength": 0.9923810582135136,
      "trend_linearity": 0.00010502638749125313,
      "seasonal_strength": 0.5507700182650794,
      "seasonal_correlation": 0.8325554766688681,
      "residual_autocorr_lag1": 0.9818623079561236,
      "spectral_entropy": -1622.9668790382748
    }
  }
}