window_idx,n_series,trend_strength,trend_linearity,seasonal_strength,seasonal_correlation,residual_autocorr_lag1,spectral_entropy
0,1,0.9585963503390343,-0.003384544300307764,0.10366841397815285,0.28086666224481077,0.7609007508850434,700.2129142742808
1,1,0.6641430999836062,-0.001313262767433008,0.0,0.4260463477799255,0.8614831361357186,627.5796356126727
2,1,0.9660602606481807,-0.0015669509247803592,0.13450151838891122,0.471458046144587,0.6938073359495404,723.6468978378302
3,1,0.9502722647253135,-0.002105354739065733,0.22756969358236412,0.5883003512450243,0.7320205206034474,816.8687671000331
4,1,0.9264830072152858,0.016503943095648534,0.0,0.06927899918551782,0.8855805815297163,2254.848549704287
5,1,0.6912810440885315,0.0002603895156708244,0.25310842677357637,0.6306493938614913,0.38612764745508876,1590.7298117512041
6,1,0.7646691198121465,-0.0008955008939909442,0.23807890529914122,0.667006614754099,0.285130742668805,299.1108118907278
7,1,0.8935920920217808,0.0017584220327561493,0.8224474544693947,0.9800636146558144,0.6757542201113323,371.50629064883884
