{
  "model": "chronos2",
  "dataset": "Coastal_T_S_H",
  "method": "clean",
  "ratio": null,
  "term": "long",
  "imputation_method": null,
  "n_windows": 8,
  "period": 24,
  "summary": {
    "mean": {
      "trend_strength": 0.5346758661660502,
      "trend_linearity": -4.09257995703204e-05,
      "seasonal_strength": 0.4668481064718987,
      "seasonal_correlation": 0.7918542483357383,
      "residual_autocorr_lag1": 0.3526320832013821,
      "spectral_entropy": -6.393600060895835
    },
    "std": {
      "trend_strength": 0.29891966502524303,
      "trend_linearity": 0.0009418635728089736,
      "seasonal_strength": 0.18094145783766827,
      "seasonal_correlation": 0.1042561271807001,
      "residual_autocorr_lag1": 0.28199191669735996,
      "spectral_entropy": 221.72183722796171
    },
    "min": {
      "trend_strength": 0.155724465829152,
      "trend_linearity": -0.0011948748769810165,
      "seasonal_strength": 0.18490863404052593,
      "seasonal_correlation": 0.602015762125935,
      "residual_autocorr_lag1": -0.1724611835491677,
      "spectral_entropy": -315.0934520848683
    },
    "max": {
      "trend_strength": 0.9044610764147908,
      "trend_linearity": 0.001785854896606369,
      "seasonal_strength": 0.8083930541963555,
      "seasonal_correlation": 0.9708731697978065,
      "residual_autocorr_lag1": 0.7678975934255106,
      "spectral_entropy": 353.96011473838615
    }
  }
}