window_idx,n_series,trend_strength,trend_linearity,seasonal_strength,seasonal_correlation,residual_autocorr_lag1,spectral_entropy
0,1,0.9139627023161048,-0.0004357174445355467,0.023293454820929038,0.3718752101896381,0.6488459653870655,71.49250563246197
1,1,0.8395961948034897,-0.0003501809993773172,0.2431612311016147,0.619026296594266,0.6280115078383367,-36.523320931767074
2,1,0.8737214316380615,-0.00042445693150834965,0.07684220942644737,0.5705736629813812,0.6773667677138634,196.56209493314378
3,1,0.9174706287664526,0.00042987104584389744,0.09020799800463941,0.5004802331165956,0.8477959569640422,227.71403972099563
4,1,0.5651385954116488,-0.0003426214831667724,0.12316942917645213,0.5491848764064065,0.4169506225805047,1194.0711124066172
5,1,0.7637453804566401,-0.006476620008839333,0.0,0.3200579283090515,0.8218171113613755,2271.5713470370356
6,1,0.7063884558541911,0.0004252095685217757,0.0,0.11467252083089208,0.9294302581493057,2877.7629144954867
7,1,0.6404626981915424,-0.0005693450080246021,0.25916709320624776,0.796855205511283,0.5489534045665242,868.7339652526063
