{
  "model": "chronos2",
  "dataset": "Coastal_T_S_15T",
  "method": "BM",
  "ratio": 0.1,
  "term": "long",
  "imputation_method": "backward",
  "n_windows": 20,
  "period": 96,
  "summary": {
    "mean": {
      "trend_strength": 0.8549034987209628,
      "trend_linearity": -5.742649543101358e-06,
      "seasonal_strength": 0.4251249986532734,
      "seasonal_correlation": 0.6456835876109144,
      "residual_autocorr_lag1": 0.8168010526886265,
      "spectral_entropy": -2648.164041865308
    },
    "std": {
      "trend_strength": 0.16693573802910874,
      "trend_linearity": 3.7541543966267306e-05,
      "seasonal_strength": 0.21326629679754391,
      "seasonal_correlation": 0.15439288942418472,
      "residual_autocorr_lag1": 0.085662411692873,
      "spectral_entropy": 395.9659992451773
    },
    "min": {
      "trend_strength": 0.4082732850952051,
      "trend_linearity": -6.472823839657185e-05,
      "seasonal_strength": 0.0,
      "seasonal_correlation": 0.22824824912387717,
      "residual_autocorr_lag1": 0.6301698961144957,
      "spectral_entropy": -3418.4201100631976
    },
    "max": {
      "trend_strength": 0.9932103823268066,
      "trend_linearity": 0.00011221532079399638,
      "seasonal_strength": 0.7252015722789682,
      "seasonal_correlation": 0.9289882330171241,
      "residual_autocorr_lag1": 0.9843002922241157,
      "spectral_entropy": -1579.6108773247715
    }
  }
}