window_idx,n_series,trend_strength,trend_linearity,seasonal_strength,seasonal_correlation,residual_autocorr_lag1,spectral_entropy
0,1,0.9971163868315797,0.0007603217827602079,0.3615814588568613,0.7021949085595308,0.42839094034879155,-379.28776558777673
1,1,0.9968018223833395,0.0010248228671541867,0.4227282208325216,0.6665730261078642,0.41622696398776204,-204.5958739683238
2,1,0.9685577810038245,-0.0005568420028943097,0.14361634410469126,0.6905700771148067,0.8546157801835574,-578.2020512738695
3,1,0.9582204270109214,0.0002809680722761859,0.4690246717316999,0.7860400474567819,0.4747905922845093,-901.4658445606408
4,1,0.7808453837042202,0.00016726755815460193,0.65813051751567,0.916492495086839,0.5983358147127807,-845.0438714928894
5,1,0.18166129331113623,1.0380238911798772e-05,0.5887911223533913,0.8969374729461551,0.8406035697789532,-1550.9776166475517
6,1,0.9113166200819033,0.0008439830203348989,0.6025843051088092,0.6787454690950063,0.840460451663958,-98.32717560329496
