window_idx,n_series,trend_strength,trend_linearity,seasonal_strength,seasonal_correlation,residual_autocorr_lag1,spectral_entropy
0,1,0.9976592600351089,0.0007844747668587539,0.37514945505417463,0.721792956289123,0.32438189015513524,-357.48039040034087
1,1,0.9961327026542199,0.0012768225864516274,0.20849681168344247,0.6862687321247655,0.6093180040741685,-97.16527059911687
2,1,0.9927255470185213,0.0008069916933699183,0.3960613216644243,0.7993543807181461,0.49616697433775586,-322.1860479934344
3,1,0.9728700516694795,0.0003904041158341677,0.5179100653625278,0.8203038452055431,0.5506155041050714,-713.4757486172218
4,1,0.725135374817775,0.0001722271878671074,0.565613585302738,0.8671801217287738,0.6226999716233934,-797.721667664566
5,1,0.30984485978396514,-5.796922414076255e-06,0.6634089753725596,0.9373921470438735,0.9206842838000574,-1496.7187241818606
6,1,0.9075353800305315,0.0009153422428376996,0.5593305424372634,0.7280695902215306,0.9078776609847367,-99.53719135299119
