window_idx,n_series,trend_strength,trend_linearity,seasonal_strength,seasonal_correlation,residual_autocorr_lag1,spectral_entropy
0,1,0.9132766119498464,-0.00034426469787823436,0.11890101706880807,0.25886428367744535,0.8172686875624088,552.8395883448754
1,1,0.8885862455046452,-0.0004331418536051691,0.029612580904212482,0.08775792285152278,0.7914830584868365,610.5403392759376
2,1,0.9057322075647121,0.0003641560111476681,0.08542162230780559,0.27058468134573366,0.8445474123379364,634.0699103108607
3,1,0.9118281912398604,-0.0009270531458127927,0.0,0.5782222535460683,0.7746566051034699,518.116907310467
4,1,0.2749225273832089,-0.017021411477148318,0.0,0.10759346850535736,0.9605913502539396,2881.900369001718
5,1,0.7026322431770582,-0.003748225116127444,0.0,0.18869758622464528,0.9378127984608385,3097.6817141895335
6,1,0.8679683994786943,-0.006495342618242734,0.0,0.14749085383450009,0.915305251676477,2576.2656455731735
7,1,0.5220018911541573,-0.000462012630139456,0.16880299313322134,0.47051229213600854,0.4627570402748432,1092.7074404696455
