{
  "model": "chronos2",
  "dataset": "Coastal_T_S_20T",
  "method": "BM",
  "ratio": 0.2,
  "term": "long",
  "imputation_method": "backward",
  "n_windows": 7,
  "period": 72,
  "summary": {
    "mean": {
      "trend_strength": 0.8348921711541061,
      "trend_linearity": 0.0003531411270985275,
      "seasonal_strength": 0.49212387633718396,
      "seasonal_correlation": 0.7532278909341237,
      "residual_autocorr_lag1": 0.5506896613243303,
      "spectral_entropy": -912.7583893314819
    },
    "std": {
      "trend_strength": 0.26663203764808163,
      "trend_linearity": 0.00037722513716959905,
      "seasonal_strength": 0.10943100165763667,
      "seasonal_correlation": 0.1072687902698192,
      "residual_autocorr_lag1": 0.19915439592323236,
      "spectral_entropy": 538.2046325651635
    },
    "min": {
      "trend_strength": 0.18817178847031235,
      "trend_linearity": -0.00012063222696538092,
      "seasonal_strength": 0.2626937401193544,
      "seasonal_correlation": 0.5585768643269232,
      "residual_autocorr_lag1": 0.23185743490638944,
      "spectral_entropy": -1695.930660280544
    },
    "max": {
      "trend_strength": 0.9974028194199626,
      "trend_linearity": 0.0010383432345502494,
      "seasonal_strength": 0.598432082551217,
      "seasonal_correlation": 0.9096280156218441,
      "residual_autocorr_lag1": 0.8563228267481887,
      "spectral_entropy": -192.6267900829734
    }
  }
}