{
  "model": "chronos2",
  "dataset": "Coastal_T_S_5T",
  "method": "BM",
  "ratio": 0.1,
  "term": "long",
  "imputation_method": "backward",
  "n_windows": 20,
  "period": 288,
  "summary": {
    "mean": {
      "trend_strength": 0.5407570281406413,
      "trend_linearity": -0.007815434926017998,
      "seasonal_strength": 0.8830830624200405,
      "seasonal_correlation": 0.788386323294966,
      "residual_autocorr_lag1": 0.8214487816270765,
      "spectral_entropy": 47.31472991673333
    },
    "std": {
      "trend_strength": 0.36780038354182315,
      "trend_linearity": 0.02055353332735896,
      "seasonal_strength": 0.17644490639305077,
      "seasonal_correlation": 0.2917011522365078,
      "residual_autocorr_lag1": 0.18081568048350408,
      "spectral_entropy": 1123.547262399169
    },
    "min": {
      "trend_strength": 0.0,
      "trend_linearity": -0.09103036195572704,
      "seasonal_strength": 0.28557026511621464,
      "seasonal_correlation": -0.27891368513424586,
      "residual_autocorr_lag1": 0.3796206916747607,
      "spectral_entropy": -1009.7187380630495
    },
    "max": {
      "trend_strength": 0.9924786030301287,
      "trend_linearity": 0.0010383153048564473,
      "seasonal_strength": 0.98379711323117,
      "seasonal_correlation": 0.9568989205400568,
      "residual_autocorr_lag1": 0.9965832566745766,
      "spectral_entropy": 2534.493126766508
    }
  }
}