{
  "model": "chronos2",
  "dataset": "Coastal_T_S_H",
  "method": "BM",
  "ratio": 0.2,
  "term": "long",
  "imputation_method": "linear",
  "n_windows": 8,
  "period": 24,
  "summary": {
    "mean": {
      "trend_strength": 0.7957112604994141,
      "trend_linearity": -0.0026201944479174663,
      "seasonal_strength": 0.18948108665510943,
      "seasonal_correlation": 0.6382316469101532,
      "residual_autocorr_lag1": 0.6613088527707384,
      "spectral_entropy": 815.3003001925408
    },
    "std": {
      "trend_strength": 0.21740344195752098,
      "trend_linearity": 0.0054006980127080965,
      "seasonal_strength": 0.21410094309401895,
      "seasonal_correlation": 0.17222268000245453,
      "residual_autocorr_lag1": 0.2074630517127828,
      "spectral_entropy": 743.3332263787375
    },
    "min": {
      "trend_strength": 0.29051451505990045,
      "trend_linearity": -0.016518259272291818,
      "seasonal_strength": 0.0,
      "seasonal_correlation": 0.4306598309094807,
      "residual_autocorr_lag1": 0.1852018785814007,
      "spectral_entropy": 140.6210198556196
    },
    "max": {
      "trend_strength": 0.9555616080310626,
      "trend_linearity": 0.0021637854855812593,
      "seasonal_strength": 0.6881823352396388,
      "seasonal_correlation": 0.9414643593599461,
      "residual_autocorr_lag1": 0.8207445933072006,
      "spectral_entropy": 2619.684162441711
    }
  }
}