{
  "model": "chronos2",
  "dataset": "current_velocity_H",
  "method": "BM",
  "ratio": 0.2,
  "term": "long",
  "imputation_method": "backward",
  "n_windows": 5,
  "period": 24,
  "summary": {
    "mean": {
      "trend_strength": 0.8916626018292938,
      "trend_linearity": -0.0028469389708927566,
      "seasonal_strength": 0.9897651020525448,
      "seasonal_correlation": 0.9968535719700767,
      "residual_autocorr_lag1": 0.7700925351495941,
      "spectral_entropy": 1440.5725117710633
    },
    "std": {
      "trend_strength": 0.04101993034241543,
      "trend_linearity": 0.0023708146546746424,
      "seasonal_strength": 0.006132955477083446,
      "seasonal_correlation": 0.0025616411838573785,
      "residual_autocorr_lag1": 0.06827726812321447,
      "spectral_entropy": 282.3181581025501
    },
    "min": {
      "trend_strength": 0.8125727207140813,
      "trend_linearity": -0.007231582434167925,
      "seasonal_strength": 0.9778457355526757,
      "seasonal_correlation": 0.9920930441467833,
      "residual_autocorr_lag1": 0.677004929924439,
      "spectral_entropy": 1167.7515196101872
    },
    "max": {
      "trend_strength": 0.9305502204475209,
      "trend_linearity": -0.0005162284002161716,
      "seasonal_strength": 0.9953221010990443,
      "seasonal_correlation": 0.9991862536046431,
      "residual_autocorr_lag1": 0.8624457003339291,
      "spectral_entropy": 1963.1938092484606
    }
  }
}