window_idx,n_series,trend_strength,trend_linearity,seasonal_strength,seasonal_correlation,residual_autocorr_lag1,spectral_entropy
0,1,0.6336342972410408,-0.00040443547923536615,0.9774026156268124,0.9968669433333553,0.8876617535318247,1040.7366986968677
1,1,0.8229381916121852,0.0017287467188491106,0.8345819177740192,0.9831562598847321,0.6388073621883678,1797.5740548848235
2,1,0.27231161072898324,-0.0009046242320241019,0.980441621484008,0.9977397649115299,0.8571953001674405,936.783312554138
3,1,0.7283796851579396,0.0020991758882351764,0.9968076348880035,0.9987868890352294,0.7713241296668703,1193.240745812679
4,1,0.8344976640205318,-0.0044058890826653915,0.9928822929993785,0.9969630268557926,0.7376810875668252,1611.83983385204
