{
  "model": "chronos2",
  "dataset": "current_velocity_H",
  "method": "BM",
  "ratio": 0.3,
  "term": "long",
  "imputation_method": "forward",
  "n_windows": 5,
  "period": 24,
  "summary": {
    "mean": {
      "trend_strength": 0.8173098450842151,
      "trend_linearity": -0.001818558574526066,
      "seasonal_strength": 0.9849459597717921,
      "seasonal_correlation": 0.9948263988884942,
      "residual_autocorr_lag1": 0.7868039917285368,
      "spectral_entropy": 1439.1443709767452
    },
    "std": {
      "trend_strength": 0.12499385249378962,
      "trend_linearity": 0.003062883215842802,
      "seasonal_strength": 0.015854964897573143,
      "seasonal_correlation": 0.006566546814971659,
      "residual_autocorr_lag1": 0.05524622674496237,
      "spectral_entropy": 346.95570735628655
    },
    "min": {
      "trend_strength": 0.6772837728419552,
      "trend_linearity": -0.007111041261869892,
      "seasonal_strength": 0.9540065565220693,
      "seasonal_correlation": 0.9818032213835196,
      "residual_autocorr_lag1": 0.7214699655946682,
      "spectral_entropy": 1008.0757264060887
    },
    "max": {
      "trend_strength": 0.9638159169501281,
      "trend_linearity": 0.00239152387417919,
      "seasonal_strength": 0.9960202042798257,
      "seasonal_correlation": 0.9990434876028446,
      "residual_autocorr_lag1": 0.876530941924852,
      "spectral_entropy": 2010.2825258251835
    }
  }
}