{
  "model": "chronos2",
  "dataset": "current_velocity_H",
  "method": "BM",
  "ratio": 0.3,
  "term": "long",
  "imputation_method": "linear",
  "n_windows": 5,
  "period": 24,
  "summary": {
    "mean": {
      "trend_strength": 0.7620221335173353,
      "trend_linearity": -0.0005524535377430166,
      "seasonal_strength": 0.9737297448466146,
      "seasonal_correlation": 0.9955150485252343,
      "residual_autocorr_lag1": 0.7856765680620755,
      "spectral_entropy": 1371.9132934778922
    },
    "std": {
      "trend_strength": 0.10656951174916826,
      "trend_linearity": 0.0023343448591695345,
      "seasonal_strength": 0.03347311973270488,
      "seasonal_correlation": 0.005433597974184051,
      "residual_autocorr_lag1": 0.06199857532773043,
      "spectral_entropy": 327.851721303217
    },
    "min": {
      "trend_strength": 0.631715355887875,
      "trend_linearity": -0.00450539048542232,
      "seasonal_strength": 0.9074059549430783,
      "seasonal_correlation": 0.9846636333573903,
      "residual_autocorr_lag1": 0.6919150177676633,
      "spectral_entropy": 947.5498844396948
    },
    "max": {
      "trend_strength": 0.8951855232543171,
      "trend_linearity": 0.0026223520143894177,
      "seasonal_strength": 0.9971578013854835,
      "seasonal_correlation": 0.9987936392962091,
      "residual_autocorr_lag1": 0.8720365715214651,
      "spectral_entropy": 1937.2348279566702
    }
  }
}