window_idx,n_series,trend_strength,trend_linearity,seasonal_strength,seasonal_correlation,residual_autocorr_lag1,spectral_entropy
0,1,0.8311829999932647,0.000840071577086746,0.9858949284033234,0.9975937034470509,0.8377816479572859,1293.5934127231549
1,1,0.9193008157381602,0.0005098538467617712,0.9851746192509695,0.991105522593788,0.6534777159080704,1885.3167301048888
2,1,0.9736308727492128,-0.0010058737965541673,0.9968872771303564,0.999205131352188,0.625471574993921,952.6052738093131
3,1,0.5892357220894328,9.843013762237207e-05,0.9947293378036335,0.9985556340134283,0.6371950098063047,1406.1436509773698
4,1,0.8834545995228653,-0.0033686474724405006,0.9971064019057307,0.9980560943270353,0.6598850451636339,1414.7348865104163
