{
  "model": "chronos2",
  "dataset": "current_velocity_20T",
  "method": "BM",
  "ratio": 0.3,
  "term": "long",
  "imputation_method": "linear",
  "n_windows": 14,
  "period": 72,
  "summary": {
    "mean": {
      "trend_strength": 0.549339396960504,
      "trend_linearity": -0.0022125574141856987,
      "seasonal_strength": 0.7735412529668925,
      "seasonal_correlation": 0.9525389102749882,
      "residual_autocorr_lag1": 0.9475499826082666,
      "spectral_entropy": 1448.3925933903172
    },
    "std": {
      "trend_strength": 0.2474666166192335,
      "trend_linearity": 0.004287287837502664,
      "seasonal_strength": 0.16702011875680903,
      "seasonal_correlation": 0.0548899214852545,
      "residual_autocorr_lag1": 0.03617720300078494,
      "spectral_entropy": 281.3810717921272
    },
    "min": {
      "trend_strength": 0.051518075023779586,
      "trend_linearity": -0.0068702760527261505,
      "seasonal_strength": 0.3622079795023042,
      "seasonal_correlation": 0.7967212762558962,
      "residual_autocorr_lag1": 0.8718566630921816,
      "spectral_entropy": 765.7941879361974
    },
    "max": {
      "trend_strength": 0.8659819120142108,
      "trend_linearity": 0.008315824346968157,
      "seasonal_strength": 0.9816816057474294,
      "seasonal_correlation": 0.9947509280252247,
      "residual_autocorr_lag1": 0.9887719084208028,
      "spectral_entropy": 1872.0208043114767
    }
  }
}