{
  "model": "chronos2",
  "dataset": "current_velocity_20T",
  "method": "BM",
  "ratio": 0.2,
  "term": "long",
  "imputation_method": "linear",
  "n_windows": 14,
  "period": 72,
  "summary": {
    "mean": {
      "trend_strength": 0.4607667830372527,
      "trend_linearity": 0.0001909967814189098,
      "seasonal_strength": 0.8148669137192258,
      "seasonal_correlation": 0.9174306552367587,
      "residual_autocorr_lag1": 0.9337944150918366,
      "spectral_entropy": 1461.439609372507
    },
    "std": {
      "trend_strength": 0.2676353740907181,
      "trend_linearity": 0.0068991500164289725,
      "seasonal_strength": 0.2655564182080827,
      "seasonal_correlation": 0.16938944853505775,
      "residual_autocorr_lag1": 0.03843445326821462,
      "spectral_entropy": 375.25551939978317
    },
    "min": {
      "trend_strength": 0.06713111399642313,
      "trend_linearity": -0.0076754910974031025,
      "seasonal_strength": 0.0,
      "seasonal_correlation": 0.34025331971791817,
      "residual_autocorr_lag1": 0.8306608358887146,
      "spectral_entropy": 759.4277092110372
    },
    "max": {
      "trend_strength": 0.8948862406805832,
      "trend_linearity": 0.022709258204314547,
      "seasonal_strength": 0.993804402834258,
      "seasonal_correlation": 0.997819528368108,
      "residual_autocorr_lag1": 0.9900558696678882,
      "spectral_entropy": 2198.2214866540794
    }
  }
}