window_idx,n_series,trend_strength,trend_linearity,seasonal_strength,seasonal_correlation,residual_autocorr_lag1,spectral_entropy
0,1,0.8162349295150426,-0.0018078779019107603,0.9861964847966572,0.9965886348624261,0.876530941924852,1157.9302501934137
1,1,0.9638159169501281,0.00239152387417919,0.9540065565220693,0.9818032213835196,0.7214699655946682,2010.2825258251835
2,1,0.6785370585236403,-0.0018289108647339374,0.9932049714265214,0.9990434876028446,0.8213773905959778,1008.0757264060887
3,1,0.6772837728419552,-0.0007364867182949301,0.9960202042798257,0.9987338696755186,0.759248750931417,1489.3443443242081
4,1,0.9506775475903085,-0.007111041261869892,0.995301581833887,0.9979627809181625,0.7553929095957688,1530.089008134832
