window_idx,n_series,trend_strength,trend_linearity,seasonal_strength,seasonal_correlation,residual_autocorr_lag1,spectral_entropy
0,1,0.9305502204475209,-0.002060232220494419,0.991735396367006,0.996438134819062,0.8116641439312104,1222.5065094533256
1,1,0.8125727207140813,-0.0005162284002161716,0.9778457355526757,0.9920930441467833,0.677004929924439,1963.1938092484606
2,1,0.8971094563311951,-0.003219472512104877,0.9928519150653567,0.9991862536046431,0.7918194221471453,1167.7515196101872
3,1,0.9065826816233953,-0.0012071792874803898,0.9953221010990443,0.9977795923590744,0.7075284794112464,1386.6456488222225
4,1,0.9114979300302765,-0.007231582434167925,0.9910703621786418,0.9987708349208205,0.8624457003339291,1462.76507172112
