{
  "model": "chronos2",
  "dataset": "electricity",
  "method": "BM",
  "ratio": 0.1,
  "term": "long",
  "imputation_method": "mean",
  "n_windows": 20,
  "period": 24,
  "summary": {
    "mean": {
      "trend_strength": 0.43205651956800767,
      "trend_linearity": 0.020335556311818638,
      "seasonal_strength": 0.611794459945649,
      "seasonal_correlation": 0.9445229515809096,
      "residual_autocorr_lag1": 0.9218148575993517,
      "spectral_entropy": 4675.572935297061
    },
    "std": {
      "trend_strength": 0.13333416578987997,
      "trend_linearity": 0.12817817087350042,
      "seasonal_strength": 0.1580596090943979,
      "seasonal_correlation": 0.05511378307068789,
      "residual_autocorr_lag1": 0.032756750123864704,
      "spectral_entropy": 196.32144438969135
    },
    "min": {
      "trend_strength": 0.1392741319660692,
      "trend_linearity": -0.20533938968896703,
      "seasonal_strength": 0.32636192256736407,
      "seasonal_correlation": 0.7948758375008886,
      "residual_autocorr_lag1": 0.8210970856525238,
      "spectral_entropy": 4383.890253422611
    },
    "max": {
      "trend_strength": 0.6631555901449158,
      "trend_linearity": 0.22039476728575344,
      "seasonal_strength": 0.8913758440100458,
      "seasonal_correlation": 0.9922441488558087,
      "residual_autocorr_lag1": 0.9586105091881436,
      "spectral_entropy": 5046.743898100308
    }
  }
}