{
  "model": "chronos2",
  "dataset": "electricity",
  "method": "BM",
  "ratio": 0.1,
  "term": "medium",
  "imputation_method": "forward",
  "n_windows": 20,
  "period": 24,
  "summary": {
    "mean": {
      "trend_strength": 0.47964118832072733,
      "trend_linearity": -0.03662368913652385,
      "seasonal_strength": 0.6291506132726947,
      "seasonal_correlation": 0.9329130812680126,
      "residual_autocorr_lag1": 0.9097816323097832,
      "spectral_entropy": 2957.2193101471084
    },
    "std": {
      "trend_strength": 0.18246164833352008,
      "trend_linearity": 0.32310830480110336,
      "seasonal_strength": 0.2050858261821142,
      "seasonal_correlation": 0.07563253835533278,
      "residual_autocorr_lag1": 0.03966600684141192,
      "spectral_entropy": 209.3860684021257
    },
    "min": {
      "trend_strength": 0.24891211684650372,
      "trend_linearity": -0.6780926605932918,
      "seasonal_strength": 0.20567370701315235,
      "seasonal_correlation": 0.7234841457457268,
      "residual_autocorr_lag1": 0.8220829327988678,
      "spectral_entropy": 2157.2062256323647
    },
    "max": {
      "trend_strength": 0.9721033150672571,
      "trend_linearity": 0.3970480613432763,
      "seasonal_strength": 0.9131672243082127,
      "seasonal_correlation": 0.9923880391508524,
      "residual_autocorr_lag1": 0.9598442133827245,
      "spectral_entropy": 3259.5814512685747
    }
  }
}