{
  "model": "chronos2",
  "dataset": "electricity",
  "method": "BM",
  "ratio": 0.2,
  "term": "long",
  "imputation_method": "mean",
  "n_windows": 20,
  "period": 24,
  "summary": {
    "mean": {
      "trend_strength": 0.4840957972707212,
      "trend_linearity": 0.02186010842402794,
      "seasonal_strength": 0.6225484143780988,
      "seasonal_correlation": 0.9462750111786022,
      "residual_autocorr_lag1": 0.9248303899879421,
      "spectral_entropy": 4623.693736486322
    },
    "std": {
      "trend_strength": 0.12305516332417231,
      "trend_linearity": 0.10611451596473312,
      "seasonal_strength": 0.17724404406535915,
      "seasonal_correlation": 0.046929726119426786,
      "residual_autocorr_lag1": 0.025594919386443104,
      "spectral_entropy": 200.8401116446088
    },
    "min": {
      "trend_strength": 0.24027408520966465,
      "trend_linearity": -0.11815862857001772,
      "seasonal_strength": 0.3105257636485259,
      "seasonal_correlation": 0.8235345441553888,
      "residual_autocorr_lag1": 0.8719446930646438,
      "spectral_entropy": 4370.942806936175
    },
    "max": {
      "trend_strength": 0.6929797024437641,
      "trend_linearity": 0.27770220957920516,
      "seasonal_strength": 0.8820286445631413,
      "seasonal_correlation": 0.9967311786745336,
      "residual_autocorr_lag1": 0.9629432160276208,
      "spectral_entropy": 5137.530632514598
    }
  }
}