{
  "model": "chronos2",
  "dataset": "electricity",
  "method": "BM",
  "ratio": 0.1,
  "term": "medium",
  "imputation_method": "linear",
  "n_windows": 20,
  "period": 24,
  "summary": {
    "mean": {
      "trend_strength": 0.4901692254945906,
      "trend_linearity": 0.023837612294637385,
      "seasonal_strength": 0.6259899517143839,
      "seasonal_correlation": 0.9107103464824938,
      "residual_autocorr_lag1": 0.9040613378135234,
      "spectral_entropy": 2949.3541016164286
    },
    "std": {
      "trend_strength": 0.17924262660317136,
      "trend_linearity": 0.30264396569547286,
      "seasonal_strength": 0.21367322612846398,
      "seasonal_correlation": 0.1253766237582823,
      "residual_autocorr_lag1": 0.0440252062844255,
      "spectral_entropy": 153.26087630681883
    },
    "min": {
      "trend_strength": 0.24891211684650372,
      "trend_linearity": -0.6780926605932918,
      "seasonal_strength": 0.14958990856289134,
      "seasonal_correlation": 0.4538581621326198,
      "residual_autocorr_lag1": 0.8220829327988678,
      "spectral_entropy": 2491.510587085324
    },
    "max": {
      "trend_strength": 0.974251921180744,
      "trend_linearity": 0.4194987854019539,
      "seasonal_strength": 0.8917097071875972,
      "seasonal_correlation": 0.9925106467980123,
      "residual_autocorr_lag1": 0.960783598464098,
      "spectral_entropy": 3114.4897367090953
    }
  }
}