{
  "model": "chronos2",
  "dataset": "electricity",
  "method": "BM",
  "ratio": 0.3,
  "term": "short",
  "imputation_method": "forward",
  "n_windows": 20,
  "period": 24,
  "summary": {
    "mean": {
      "trend_strength": 0.789871387408008,
      "trend_linearity": -1.2778328320152403,
      "seasonal_strength": 0.9069472111206354,
      "seasonal_correlation": 0.25994111431802064,
      "residual_autocorr_lag1": 0.26786519536522263,
      "spectral_entropy": 217.24580161136686
    },
    "std": {
      "trend_strength": 0.33797580572671604,
      "trend_linearity": 7.262593678664233,
      "seasonal_strength": 0.19067216579602875,
      "seasonal_correlation": 0.5991464300969247,
      "residual_autocorr_lag1": 0.2703916237465841,
      "spectral_entropy": 46.46746067685795
    },
    "min": {
      "trend_strength": 0.0,
      "trend_linearity": -24.066548139268125,
      "seasonal_strength": 0.20854976237002099,
      "seasonal_correlation": -0.831484793049569,
      "residual_autocorr_lag1": -0.22366187954465136,
      "spectral_entropy": 116.25277687222584
    },
    "max": {
      "trend_strength": 1.0,
      "trend_linearity": 10.887993229166652,
      "seasonal_strength": 1.0,
      "seasonal_correlation": 0.9979424164476556,
      "residual_autocorr_lag1": 0.7850622765817655,
      "spectral_entropy": 311.76283666779057
    }
  }
}