{
  "model": "chronos2",
  "dataset": "electricity",
  "method": "BM",
  "ratio": 0.2,
  "term": "medium",
  "imputation_method": "linear",
  "n_windows": 20,
  "period": 24,
  "summary": {
    "mean": {
      "trend_strength": 0.5552905143339476,
      "trend_linearity": -0.023961687886752563,
      "seasonal_strength": 0.5138440208293034,
      "seasonal_correlation": 0.838907603774677,
      "residual_autocorr_lag1": 0.9202913480669179,
      "spectral_entropy": 2873.963478653432
    },
    "std": {
      "trend_strength": 0.25214521726200584,
      "trend_linearity": 0.31661541620185824,
      "seasonal_strength": 0.2964847414981882,
      "seasonal_correlation": 0.2375214125837321,
      "residual_autocorr_lag1": 0.03426390297811917,
      "spectral_entropy": 235.54846174714078
    },
    "min": {
      "trend_strength": 0.24891211684650372,
      "trend_linearity": -0.6780926605932918,
      "seasonal_strength": 0.0,
      "seasonal_correlation": 0.19567149335286638,
      "residual_autocorr_lag1": 0.8220829327988678,
      "spectral_entropy": 2210.599341165037
    },
    "max": {
      "trend_strength": 0.9903461495149085,
      "trend_linearity": 0.4940808617951772,
      "seasonal_strength": 0.8943262477768248,
      "seasonal_correlation": 0.9904191000816994,
      "residual_autocorr_lag1": 0.9647621318359325,
      "spectral_entropy": 3116.1438912019767
    }
  }
}