{
  "model": "chronos2",
  "dataset": "electricity",
  "method": "BM",
  "ratio": 0.2,
  "term": "short",
  "imputation_method": "mean",
  "n_windows": 20,
  "period": 24,
  "summary": {
    "mean": {
      "trend_strength": 0.8320869648686801,
      "trend_linearity": -1.3219200216164144,
      "seasonal_strength": 0.9467274849237315,
      "seasonal_correlation": 0.5140443459246636,
      "residual_autocorr_lag1": 0.1913025641666779,
      "spectral_entropy": 213.5695284388718
    },
    "std": {
      "trend_strength": 0.26037843304699404,
      "trend_linearity": 7.309206127784061,
      "seasonal_strength": 0.08183344638703695,
      "seasonal_correlation": 0.4684343025071339,
      "residual_autocorr_lag1": 0.23899375128017522,
      "spectral_entropy": 65.03975854923432
    },
    "min": {
      "trend_strength": 0.1445692986320769,
      "trend_linearity": -18.781674925125007,
      "seasonal_strength": 0.7141004889510988,
      "seasonal_correlation": -0.6459861170418054,
      "residual_autocorr_lag1": -0.025087017139904442,
      "spectral_entropy": 65.60243349257291
    },
    "max": {
      "trend_strength": 1.0,
      "trend_linearity": 16.081918229166426,
      "seasonal_strength": 1.0,
      "seasonal_correlation": 0.9992558467745286,
      "residual_autocorr_lag1": 0.9232185938150087,
      "spectral_entropy": 290.40269922118677
    }
  }
}