{
  "model": "chronos2",
  "dataset": "electricity",
  "method": "BM",
  "ratio": 0.1,
  "term": "short",
  "imputation_method": "mean",
  "n_windows": 20,
  "period": 24,
  "summary": {
    "mean": {
      "trend_strength": 0.7801621131863462,
      "trend_linearity": -0.7995228360812063,
      "seasonal_strength": 0.9298878859200933,
      "seasonal_correlation": 0.8139129472400679,
      "residual_autocorr_lag1": 0.16606807182983785,
      "spectral_entropy": 253.54772543726943
    },
    "std": {
      "trend_strength": 0.33466095043306066,
      "trend_linearity": 8.224961430057194,
      "seasonal_strength": 0.13897881642051063,
      "seasonal_correlation": 0.29582510841932413,
      "residual_autocorr_lag1": 0.23085559422666954,
      "spectral_entropy": 18.97104194980874
    },
    "min": {
      "trend_strength": 0.0,
      "trend_linearity": -11.078938693251551,
      "seasonal_strength": 0.4669520192037987,
      "seasonal_correlation": -0.11550726837229024,
      "residual_autocorr_lag1": -0.28438491412318123,
      "spectral_entropy": 211.8859915522132
    },
    "max": {
      "trend_strength": 1.0,
      "trend_linearity": 22.453782449359917,
      "seasonal_strength": 1.0,
      "seasonal_correlation": 0.9994873935181658,
      "residual_autocorr_lag1": 0.651421233132723,
      "spectral_entropy": 282.39554067984506
    }
  }
}