{
  "model": "chronos2",
  "dataset": "electricity",
  "method": "BM",
  "ratio": 0.2,
  "term": "medium",
  "imputation_method": "mean",
  "n_windows": 20,
  "period": 24,
  "summary": {
    "mean": {
      "trend_strength": 0.4086538154630543,
      "trend_linearity": 0.0009574588174664778,
      "seasonal_strength": 0.5364755117508576,
      "seasonal_correlation": 0.8578851164970402,
      "residual_autocorr_lag1": 0.8384527775642757,
      "spectral_entropy": 2702.0707097249424
    },
    "std": {
      "trend_strength": 0.14441796877873161,
      "trend_linearity": 0.2577606030467674,
      "seasonal_strength": 0.2859713375646407,
      "seasonal_correlation": 0.19555332372219583,
      "residual_autocorr_lag1": 0.19426904614631088,
      "spectral_entropy": 627.483337938098
    },
    "min": {
      "trend_strength": 0.12241653096856142,
      "trend_linearity": -0.6780926605932918,
      "seasonal_strength": 0.0,
      "seasonal_correlation": 0.2563656093809534,
      "residual_autocorr_lag1": 0.13271596870976385,
      "spectral_entropy": 1175.6413685588695
    },
    "max": {
      "trend_strength": 0.6908913154712581,
      "trend_linearity": 0.3970480613432763,
      "seasonal_strength": 0.8917961787061761,
      "seasonal_correlation": 0.9917046927492987,
      "residual_autocorr_lag1": 0.9550375851139499,
      "spectral_entropy": 3131.608540429048
    }
  }
}