{
  "model": "chronos2",
  "dataset": "electricity",
  "method": "BM",
  "ratio": 0.2,
  "term": "long",
  "imputation_method": "linear",
  "n_windows": 20,
  "period": 24,
  "summary": {
    "mean": {
      "trend_strength": 0.5176852789620219,
      "trend_linearity": 0.009130416829197152,
      "seasonal_strength": 0.6028107952290124,
      "seasonal_correlation": 0.938163114465415,
      "residual_autocorr_lag1": 0.9146654851862607,
      "spectral_entropy": 4625.44928728398
    },
    "std": {
      "trend_strength": 0.13578208756405957,
      "trend_linearity": 0.14607747639118338,
      "seasonal_strength": 0.1689116239063147,
      "seasonal_correlation": 0.06119332941392909,
      "residual_autocorr_lag1": 0.04034497367845482,
      "spectral_entropy": 247.83106853976477
    },
    "min": {
      "trend_strength": 0.2451961753181383,
      "trend_linearity": -0.2644355607215913,
      "seasonal_strength": 0.3055996258577427,
      "seasonal_correlation": 0.7247429867974317,
      "residual_autocorr_lag1": 0.8163137624370006,
      "spectral_entropy": 4211.624035406568
    },
    "max": {
      "trend_strength": 0.7704830970425539,
      "trend_linearity": 0.23729527558849745,
      "seasonal_strength": 0.8711348313250482,
      "seasonal_correlation": 0.9945039206274175,
      "residual_autocorr_lag1": 0.964036377052065,
      "spectral_entropy": 5134.540809003603
    }
  }
}