{
  "model": "chronos2",
  "dataset": "ETTh1",
  "method": "BM",
  "ratio": 0.3,
  "term": "medium",
  "imputation_method": "mean",
  "n_windows": 20,
  "period": 24,
  "summary": {
    "mean": {
      "trend_strength": 0.657970558301526,
      "trend_linearity": 0.0005852712971928294,
      "seasonal_strength": 0.6066851264999018,
      "seasonal_correlation": 0.7726469147111132,
      "residual_autocorr_lag1": 0.482776758718621,
      "spectral_entropy": 412.1738403131024
    },
    "std": {
      "trend_strength": 0.429430657777461,
      "trend_linearity": 0.0038682447455253227,
      "seasonal_strength": 0.4647652944157503,
      "seasonal_correlation": 0.28583141387676886,
      "residual_autocorr_lag1": 0.3352547596435518,
      "spectral_entropy": 466.67046963812294
    },
    "min": {
      "trend_strength": 0.0,
      "trend_linearity": -0.00519992102523938,
      "seasonal_strength": 0.0,
      "seasonal_correlation": 0.25915977012469926,
      "residual_autocorr_lag1": -0.019043777372210274,
      "spectral_entropy": -799.1174708998085
    },
    "max": {
      "trend_strength": 0.996923516319579,
      "trend_linearity": 0.014994942366682395,
      "seasonal_strength": 0.9958461823183458,
      "seasonal_correlation": 0.9987140418727665,
      "residual_autocorr_lag1": 0.8887420524462487,
      "spectral_entropy": 1011.8866275338842
    }
  }
}