{
  "model": "chronos2",
  "dataset": "ETTh2",
  "method": "BM",
  "ratio": 0.1,
  "term": "medium",
  "imputation_method": "forward",
  "n_windows": 20,
  "period": 24,
  "summary": {
    "mean": {
      "trend_strength": 0.9042653329666723,
      "trend_linearity": 0.0009828064803766062,
      "seasonal_strength": 0.9483034386120467,
      "seasonal_correlation": 0.967822309156768,
      "residual_autocorr_lag1": 0.7133855773502773,
      "spectral_entropy": 668.50040899207
    },
    "std": {
      "trend_strength": 0.08156818072671301,
      "trend_linearity": 0.007275043378125387,
      "seasonal_strength": 0.18052148535151888,
      "seasonal_correlation": 0.12558475138304648,
      "residual_autocorr_lag1": 0.10422816053727424,
      "spectral_entropy": 254.2067478621773
    },
    "min": {
      "trend_strength": 0.7422197725187019,
      "trend_linearity": -0.012566609467770015,
      "seasonal_strength": 0.16500070780756737,
      "seasonal_correlation": 0.4214624447623991,
      "residual_autocorr_lag1": 0.40917258784970134,
      "spectral_entropy": 189.57988532319825
    },
    "max": {
      "trend_strength": 0.9960030752482183,
      "trend_linearity": 0.01709946133252875,
      "seasonal_strength": 0.998753919439199,
      "seasonal_correlation": 0.9997469851080085,
      "residual_autocorr_lag1": 0.8822887245087278,
      "spectral_entropy": 1101.3719475488651
    }
  }
}