{
  "model": "chronos2",
  "dataset": "ETTh2",
  "method": "BM",
  "ratio": 0.2,
  "term": "medium",
  "imputation_method": "linear",
  "n_windows": 20,
  "period": 24,
  "summary": {
    "mean": {
      "trend_strength": 0.9134407383761693,
      "trend_linearity": 0.0015827555649171824,
      "seasonal_strength": 0.834334990296651,
      "seasonal_correlation": 0.8970922232653111,
      "residual_autocorr_lag1": 0.7310624536752106,
      "spectral_entropy": 691.2917007262656
    },
    "std": {
      "trend_strength": 0.0913131387563528,
      "trend_linearity": 0.007533853580999534,
      "seasonal_strength": 0.31138703757922576,
      "seasonal_correlation": 0.20494630039815448,
      "residual_autocorr_lag1": 0.11959179145383746,
      "spectral_entropy": 265.3685233005912
    },
    "min": {
      "trend_strength": 0.6963104339816082,
      "trend_linearity": -0.008984750638048376,
      "seasonal_strength": 0.0,
      "seasonal_correlation": 0.37551912169637364,
      "residual_autocorr_lag1": 0.36511448398349516,
      "spectral_entropy": 190.87852950437093
    },
    "max": {
      "trend_strength": 0.9981380221892447,
      "trend_linearity": 0.02308329482914367,
      "seasonal_strength": 0.998698345931129,
      "seasonal_correlation": 0.9996786691661531,
      "residual_autocorr_lag1": 0.8955289832184726,
      "spectral_entropy": 1205.3940098715605
    }
  }
}