{
  "model": "chronos2",
  "dataset": "ETTh2",
  "method": "BM",
  "ratio": 0.1,
  "term": "short",
  "imputation_method": "mean",
  "n_windows": 20,
  "period": 24,
  "summary": {
    "mean": {
      "trend_strength": 0.8522103216139365,
      "trend_linearity": 0.04327532331931684,
      "seasonal_strength": 0.9502612897734066,
      "seasonal_correlation": 0.6424241867546774,
      "residual_autocorr_lag1": 0.19420460079749913,
      "spectral_entropy": 30.397282790459364
    },
    "std": {
      "trend_strength": 0.275800981732815,
      "trend_linearity": 0.059233786677374355,
      "seasonal_strength": 0.13183299294041795,
      "seasonal_correlation": 0.5422461703680248,
      "residual_autocorr_lag1": 0.264812713800543,
      "spectral_entropy": 41.26041562678862
    },
    "min": {
      "trend_strength": 0.10003047384688069,
      "trend_linearity": -0.036528685763889325,
      "seasonal_strength": 0.4249858486138157,
      "seasonal_correlation": -0.6336506620020665,
      "residual_autocorr_lag1": -0.12921876809077226,
      "spectral_entropy": -74.60590422825297
    },
    "max": {
      "trend_strength": 1.0,
      "trend_linearity": 0.21519594746376786,
      "seasonal_strength": 1.0,
      "seasonal_correlation": 0.998718309440271,
      "residual_autocorr_lag1": 0.7130885363357216,
      "spectral_entropy": 98.12632412407238
    }
  }
}