{
  "model": "chronos2",
  "dataset": "ETTh1",
  "method": "BM",
  "ratio": 0.3,
  "term": "long",
  "imputation_method": "backward",
  "n_windows": 15,
  "period": 24,
  "summary": {
    "mean": {
      "trend_strength": 0.9052557329135199,
      "trend_linearity": 0.00020819505345866932,
      "seasonal_strength": 0.8990019274423291,
      "seasonal_correlation": 0.9750986758137422,
      "residual_autocorr_lag1": 0.713784514159275,
      "spectral_entropy": 472.444608143432
    },
    "std": {
      "trend_strength": 0.11278996129207426,
      "trend_linearity": 0.0025437793809667797,
      "seasonal_strength": 0.14013265667097652,
      "seasonal_correlation": 0.036595203650918375,
      "residual_autocorr_lag1": 0.1249200467077083,
      "spectral_entropy": 537.3456212273343
    },
    "min": {
      "trend_strength": 0.5371548932682642,
      "trend_linearity": -0.005335460649353796,
      "seasonal_strength": 0.4006123830239846,
      "seasonal_correlation": 0.8497372803218338,
      "residual_autocorr_lag1": 0.39314960905754787,
      "spectral_entropy": -310.06280973663473
    },
    "max": {
      "trend_strength": 0.9957299157541172,
      "trend_linearity": 0.00439547643946924,
      "seasonal_strength": 0.9841565854722824,
      "seasonal_correlation": 0.9951583595167593,
      "residual_autocorr_lag1": 0.8438138695668896,
      "spectral_entropy": 1242.9578608200686
    }
  }
}