{
  "model": "chronos2",
  "dataset": "ETTh1",
  "method": "BM",
  "ratio": 0.2,
  "term": "short",
  "imputation_method": "backward",
  "n_windows": 20,
  "period": 24,
  "summary": {
    "mean": {
      "trend_strength": 0.9432721466889132,
      "trend_linearity": 0.009006642365937515,
      "seasonal_strength": 0.9676701740081498,
      "seasonal_correlation": 0.5481129639933923,
      "residual_autocorr_lag1": 0.16568599930336225,
      "spectral_entropy": -46.46960209721429
    },
    "std": {
      "trend_strength": 0.11321448803971357,
      "trend_linearity": 0.01868840017215348,
      "seasonal_strength": 0.06950740396204264,
      "seasonal_correlation": 0.551150000101009,
      "residual_autocorr_lag1": 0.21801708091136185,
      "spectral_entropy": 50.09077562571665
    },
    "min": {
      "trend_strength": 0.6541270513810353,
      "trend_linearity": -0.005138928819444412,
      "seasonal_strength": 0.7369341749547058,
      "seasonal_correlation": -0.8289663893241749,
      "residual_autocorr_lag1": -0.1513157894736842,
      "spectral_entropy": -123.5331113563637
    },
    "max": {
      "trend_strength": 1.0,
      "trend_linearity": 0.06361978549802486,
      "seasonal_strength": 1.0,
      "seasonal_correlation": 0.9982932550876567,
      "residual_autocorr_lag1": 0.5900138691162714,
      "spectral_entropy": 46.662951252095894
    }
  }
}