{
  "model": "chronos2",
  "dataset": "ETTh2",
  "method": "BM",
  "ratio": 0.1,
  "term": "long",
  "imputation_method": "linear",
  "n_windows": 15,
  "period": 24,
  "summary": {
    "mean": {
      "trend_strength": 0.9069725948485771,
      "trend_linearity": 0.0015710615851279167,
      "seasonal_strength": 0.9861245211612495,
      "seasonal_correlation": 0.9962291836764575,
      "residual_autocorr_lag1": 0.7290947602540687,
      "spectral_entropy": 1056.9160701039457
    },
    "std": {
      "trend_strength": 0.09336179657455958,
      "trend_linearity": 0.00474997030596063,
      "seasonal_strength": 0.01234801584165434,
      "seasonal_correlation": 0.004208337532792752,
      "residual_autocorr_lag1": 0.12047608700166064,
      "spectral_entropy": 369.21021312924995
    },
    "min": {
      "trend_strength": 0.6243606674729241,
      "trend_linearity": -0.00810728941566991,
      "seasonal_strength": 0.9584158743204314,
      "seasonal_correlation": 0.9871073490483112,
      "residual_autocorr_lag1": 0.4664493882542388,
      "spectral_entropy": 560.279180126254
    },
    "max": {
      "trend_strength": 0.9932654662380034,
      "trend_linearity": 0.008741201469400297,
      "seasonal_strength": 0.9979490710790815,
      "seasonal_correlation": 0.999698135054492,
      "residual_autocorr_lag1": 0.8961922505151294,
      "spectral_entropy": 1754.196394173226
    }
  }
}