{
  "model": "chronos2",
  "dataset": "ETTh1",
  "method": "BM",
  "ratio": 0.3,
  "term": "short",
  "imputation_method": "forward",
  "n_windows": 20,
  "period": 24,
  "summary": {
    "mean": {
      "trend_strength": 0.9749629127957016,
      "trend_linearity": 0.010482737544154989,
      "seasonal_strength": 0.9602059308421722,
      "seasonal_correlation": 0.4098521716983276,
      "residual_autocorr_lag1": 0.14754747960398648,
      "spectral_entropy": -53.42729164932956
    },
    "std": {
      "trend_strength": 0.06082207523148851,
      "trend_linearity": 0.01267637386082898,
      "seasonal_strength": 0.07229857737963605,
      "seasonal_correlation": 0.4819034542774718,
      "residual_autocorr_lag1": 0.2334737245810098,
      "spectral_entropy": 48.480679486354674
    },
    "min": {
      "trend_strength": 0.751427565446074,
      "trend_linearity": -0.004146145455745002,
      "seasonal_strength": 0.7420717537183199,
      "seasonal_correlation": -0.6734965433697704,
      "residual_autocorr_lag1": -0.18755326855876586,
      "spectral_entropy": -133.47655015289743
    },
    "max": {
      "trend_strength": 1.0,
      "trend_linearity": 0.05192335802835859,
      "seasonal_strength": 1.0,
      "seasonal_correlation": 0.9949562181149095,
      "residual_autocorr_lag1": 0.6436753829404852,
      "spectral_entropy": 37.26957232130521
    }
  }
}