{
  "model": "chronos2",
  "dataset": "ETTh2",
  "method": "BM",
  "ratio": 0.3,
  "term": "medium",
  "imputation_method": "mean",
  "n_windows": 20,
  "period": 24,
  "summary": {
    "mean": {
      "trend_strength": 0.6554041178265253,
      "trend_linearity": -0.0006287786986014351,
      "seasonal_strength": 0.6773394193637385,
      "seasonal_correlation": 0.8014330364791024,
      "residual_autocorr_lag1": 0.5853256329512241,
      "spectral_entropy": 260.1089557066418
    },
    "std": {
      "trend_strength": 0.33435987261069505,
      "trend_linearity": 0.005117525942059681,
      "seasonal_strength": 0.3888822745603048,
      "seasonal_correlation": 0.254596910905737,
      "residual_autocorr_lag1": 0.2380985323738261,
      "spectral_entropy": 678.8609403736682
    },
    "min": {
      "trend_strength": 0.048542173142703815,
      "trend_linearity": -0.01632098114700461,
      "seasonal_strength": 0.01744675863688938,
      "seasonal_correlation": 0.363437534075198,
      "residual_autocorr_lag1": 0.14791424324729313,
      "spectral_entropy": -1090.4600255894723
    },
    "max": {
      "trend_strength": 0.9824694452098183,
      "trend_linearity": 0.007014063861504706,
      "seasonal_strength": 0.9984984120549212,
      "seasonal_correlation": 0.9997469851080085,
      "residual_autocorr_lag1": 0.9031410548163188,
      "spectral_entropy": 996.8616257162888
    }
  }
}