{
  "model": "chronos2",
  "dataset": "ETTh1",
  "method": "BM",
  "ratio": 0.3,
  "term": "medium",
  "imputation_method": "backward",
  "n_windows": 20,
  "period": 24,
  "summary": {
    "mean": {
      "trend_strength": 0.950383189403647,
      "trend_linearity": 0.0011544312973213312,
      "seasonal_strength": 0.6766767422453988,
      "seasonal_correlation": 0.7676956339946137,
      "residual_autocorr_lag1": 0.7067877365545456,
      "spectral_entropy": 258.7774483927013
    },
    "std": {
      "trend_strength": 0.045851857842857564,
      "trend_linearity": 0.0031903690042583716,
      "seasonal_strength": 0.4204165055678831,
      "seasonal_correlation": 0.32546809496659185,
      "residual_autocorr_lag1": 0.11639555176416214,
      "spectral_entropy": 281.97063336031096
    },
    "min": {
      "trend_strength": 0.8295953998131703,
      "trend_linearity": -0.0049536782978129735,
      "seasonal_strength": 0.0,
      "seasonal_correlation": 0.1329061409780537,
      "residual_autocorr_lag1": 0.4840969304642481,
      "spectral_entropy": -234.48292456387972
    },
    "max": {
      "trend_strength": 0.9890621553136754,
      "trend_linearity": 0.009141746149235786,
      "seasonal_strength": 0.9959092305287767,
      "seasonal_correlation": 0.9988875511359449,
      "residual_autocorr_lag1": 0.9153463990702841,
      "spectral_entropy": 756.3564796988954
    }
  }
}