{
  "model": "chronos2",
  "dataset": "ETTh2",
  "method": "BM",
  "ratio": 0.3,
  "term": "short",
  "imputation_method": "backward",
  "n_windows": 20,
  "period": 24,
  "summary": {
    "mean": {
      "trend_strength": 0.9340874229739713,
      "trend_linearity": 0.023969278773748836,
      "seasonal_strength": 0.9498415215465073,
      "seasonal_correlation": 0.3696007039780176,
      "residual_autocorr_lag1": 0.21896552949850417,
      "spectral_entropy": -1.7124368939133405
    },
    "std": {
      "trend_strength": 0.1997034704992601,
      "trend_linearity": 0.028145312441835133,
      "seasonal_strength": 0.15156897491173138,
      "seasonal_correlation": 0.49128392391564474,
      "residual_autocorr_lag1": 0.1841776060640587,
      "spectral_entropy": 37.02011035804835
    },
    "min": {
      "trend_strength": 0.08307829456784033,
      "trend_linearity": -0.0067444322916667835,
      "seasonal_strength": 0.3163507375609873,
      "seasonal_correlation": -0.5010296773751348,
      "residual_autocorr_lag1": -0.031687675070028024,
      "spectral_entropy": -57.466979524684774
    },
    "max": {
      "trend_strength": 1.0,
      "trend_linearity": 0.10456392467677954,
      "seasonal_strength": 1.0,
      "seasonal_correlation": 0.9946475992740336,
      "residual_autocorr_lag1": 0.5621679624500698,
      "spectral_entropy": 76.75243640871206
    }
  }
}