{
  "model": "chronos2",
  "dataset": "ETTh1",
  "method": "BM",
  "ratio": 0.1,
  "term": "medium",
  "imputation_method": "linear",
  "n_windows": 20,
  "period": 24,
  "summary": {
    "mean": {
      "trend_strength": 0.9194668313291601,
      "trend_linearity": 0.000747966812547482,
      "seasonal_strength": 0.9004941864747087,
      "seasonal_correlation": 0.9636599306127678,
      "residual_autocorr_lag1": 0.6597284207497566,
      "spectral_entropy": 216.18103719155087
    },
    "std": {
      "trend_strength": 0.09655788258894395,
      "trend_linearity": 0.0027385120459633015,
      "seasonal_strength": 0.24748592878678544,
      "seasonal_correlation": 0.10123440992851464,
      "residual_autocorr_lag1": 0.1087900448315554,
      "spectral_entropy": 323.9461073515379
    },
    "min": {
      "trend_strength": 0.6335951321374209,
      "trend_linearity": -0.005750981635596325,
      "seasonal_strength": 0.12072287656049618,
      "seasonal_correlation": 0.5781432700398524,
      "residual_autocorr_lag1": 0.4267526095167556,
      "spectral_entropy": -269.1381924093517
    },
    "max": {
      "trend_strength": 0.996173876947569,
      "trend_linearity": 0.0067829992355935105,
      "seasonal_strength": 0.9959554516613116,
      "seasonal_correlation": 0.9991679086565327,
      "residual_autocorr_lag1": 0.8603218305095177,
      "spectral_entropy": 756.3564796988954
    }
  }
}