{
  "model": "chronos2",
  "dataset": "ETTh1",
  "method": "BM",
  "ratio": 0.2,
  "term": "short",
  "imputation_method": "linear",
  "n_windows": 20,
  "period": 24,
  "summary": {
    "mean": {
      "trend_strength": 0.9497819438478163,
      "trend_linearity": 0.017734558674221,
      "seasonal_strength": 0.9664792972581935,
      "seasonal_correlation": 0.14508311006495744,
      "residual_autocorr_lag1": 0.18394518060134163,
      "spectral_entropy": -13.034803623379432
    },
    "std": {
      "trend_strength": 0.1414956435529981,
      "trend_linearity": 0.02090124140907007,
      "seasonal_strength": 0.124042514869672,
      "seasonal_correlation": 0.7449379587420135,
      "residual_autocorr_lag1": 0.2053820788163814,
      "spectral_entropy": 43.466461494950174
    },
    "min": {
      "trend_strength": 0.47589969577671953,
      "trend_linearity": -0.02076671527777784,
      "seasonal_strength": 0.4277993746102605,
      "seasonal_correlation": -0.9132195673431179,
      "residual_autocorr_lag1": -0.07702422312294922,
      "spectral_entropy": -129.07026258459774
    },
    "max": {
      "trend_strength": 1.0,
      "trend_linearity": 0.051586831944444474,
      "seasonal_strength": 1.0,
      "seasonal_correlation": 0.9950172459298107,
      "residual_autocorr_lag1": 0.5398298031758175,
      "spectral_entropy": 40.38802766761625
    }
  }
}