{
  "model": "chronos2",
  "dataset": "ETTh1",
  "method": "BM",
  "ratio": 0.3,
  "term": "short",
  "imputation_method": "linear",
  "n_windows": 20,
  "period": 24,
  "summary": {
    "mean": {
      "trend_strength": 0.8890041410308429,
      "trend_linearity": 0.007389254822265293,
      "seasonal_strength": 0.8575229223376422,
      "seasonal_correlation": -0.04883066742292961,
      "residual_autocorr_lag1": 0.19938146355194128,
      "spectral_entropy": -11.984433655340176
    },
    "std": {
      "trend_strength": 0.2982817939498989,
      "trend_linearity": 0.024672627691424243,
      "seasonal_strength": 0.26232192833220874,
      "seasonal_correlation": 0.6493116486675662,
      "residual_autocorr_lag1": 0.22960808187719553,
      "spectral_entropy": 36.423759063514005
    },
    "min": {
      "trend_strength": 0.0,
      "trend_linearity": -0.030985711956521788,
      "seasonal_strength": 0.1265623396454989,
      "seasonal_correlation": -0.9095028169965046,
      "residual_autocorr_lag1": -0.08759312393033325,
      "spectral_entropy": -93.43831950569893
    },
    "max": {
      "trend_strength": 1.0,
      "trend_linearity": 0.07090902316027195,
      "seasonal_strength": 1.0,
      "seasonal_correlation": 0.9934914710936323,
      "residual_autocorr_lag1": 0.6644906190493771,
      "spectral_entropy": 46.649423520300466
    }
  }
}