{
  "model": "chronos2",
  "dataset": "ETTh2",
  "method": "BM",
  "ratio": 0.1,
  "term": "medium",
  "imputation_method": "linear",
  "n_windows": 20,
  "period": 24,
  "summary": {
    "mean": {
      "trend_strength": 0.9040816067350296,
      "trend_linearity": 0.00090073468870646,
      "seasonal_strength": 0.940338319751206,
      "seasonal_correlation": 0.9809020333868034,
      "residual_autocorr_lag1": 0.70967319533461,
      "spectral_entropy": 641.9238258480342
    },
    "std": {
      "trend_strength": 0.09242517853784907,
      "trend_linearity": 0.007883403044637607,
      "seasonal_strength": 0.15881779892950926,
      "seasonal_correlation": 0.05333771962572684,
      "residual_autocorr_lag1": 0.11624258416850247,
      "spectral_entropy": 333.6225304394907
    },
    "min": {
      "trend_strength": 0.6458081431159155,
      "trend_linearity": -0.01762974083869831,
      "seasonal_strength": 0.45842933636162164,
      "seasonal_correlation": 0.7864654642916273,
      "residual_autocorr_lag1": 0.4256529850369808,
      "spectral_entropy": -138.7443120682334
    },
    "max": {
      "trend_strength": 0.9955040892527521,
      "trend_linearity": 0.016736094821692565,
      "seasonal_strength": 0.9987554091098111,
      "seasonal_correlation": 0.9997469851080085,
      "residual_autocorr_lag1": 0.880580387700473,
      "spectral_entropy": 1195.4011598044012
    }
  }
}