{
  "model": "chronos2",
  "dataset": "EWELD_Load_15T",
  "method": "BM",
  "ratio": 0.1,
  "term": "long",
  "imputation_method": "mean",
  "n_windows": 18,
  "period": 96,
  "summary": {
    "mean": {
      "trend_strength": 0.3692413006137758,
      "trend_linearity": -0.004498835529737128,
      "seasonal_strength": 0.9830205429469286,
      "seasonal_correlation": 0.9961251373373301,
      "residual_autocorr_lag1": 0.8960162966321961,
      "spectral_entropy": 4223.481024309573
    },
    "std": {
      "trend_strength": 0.20874029552485404,
      "trend_linearity": 0.05142929910165727,
      "seasonal_strength": 0.016781059263919852,
      "seasonal_correlation": 0.0066054203492606125,
      "residual_autocorr_lag1": 0.0653034702512642,
      "spectral_entropy": 131.74200204264028
    },
    "min": {
      "trend_strength": 0.05457333670730302,
      "trend_linearity": -0.0692771700069133,
      "seasonal_strength": 0.9417067324186631,
      "seasonal_correlation": 0.9729009375806157,
      "residual_autocorr_lag1": 0.7864551009551517,
      "spectral_entropy": 3819.489158087912
    },
    "max": {
      "trend_strength": 0.745109027503956,
      "trend_linearity": 0.16555190502710673,
      "seasonal_strength": 0.9995846569078289,
      "seasonal_correlation": 0.9999024034477415,
      "residual_autocorr_lag1": 0.973153711694839,
      "spectral_entropy": 4383.987996467322
    }
  }
}