{
  "model": "chronos2",
  "dataset": "EWELD_Load_15T",
  "method": "BM",
  "ratio": 0.1,
  "term": "long",
  "imputation_method": "forward",
  "n_windows": 18,
  "period": 96,
  "summary": {
    "mean": {
      "trend_strength": 0.27391820805286954,
      "trend_linearity": -0.003419246736095665,
      "seasonal_strength": 0.9639767636835581,
      "seasonal_correlation": 0.9893091285235587,
      "residual_autocorr_lag1": 0.8853322461935774,
      "spectral_entropy": 4229.043297995651
    },
    "std": {
      "trend_strength": 0.21651708781699366,
      "trend_linearity": 0.05575291164175482,
      "seasonal_strength": 0.045737617307563184,
      "seasonal_correlation": 0.020934876832741728,
      "residual_autocorr_lag1": 0.08274043481829134,
      "spectral_entropy": 151.1739278341585
    },
    "min": {
      "trend_strength": 0.023212745636715604,
      "trend_linearity": -0.07955022692462611,
      "seasonal_strength": 0.8227263791520483,
      "seasonal_correlation": 0.9270674856495569,
      "residual_autocorr_lag1": 0.6816489271283565,
      "spectral_entropy": 3734.9652125157563
    },
    "max": {
      "trend_strength": 0.7437597462804276,
      "trend_linearity": 0.15575970214880813,
      "seasonal_strength": 0.999735884601931,
      "seasonal_correlation": 0.9999248803421623,
      "residual_autocorr_lag1": 0.9811430840478423,
      "spectral_entropy": 4357.762255098155
    }
  }
}