{
  "model": "chronos2",
  "dataset": "EWELD_Load_15T",
  "method": "BM",
  "ratio": 0.1,
  "term": "long",
  "imputation_method": "linear",
  "n_windows": 18,
  "period": 96,
  "summary": {
    "mean": {
      "trend_strength": 0.33791702303404864,
      "trend_linearity": -0.009053131941976107,
      "seasonal_strength": 0.9830678651907436,
      "seasonal_correlation": 0.9962415880652392,
      "residual_autocorr_lag1": 0.8754632722278779,
      "spectral_entropy": 4205.955923983754
    },
    "std": {
      "trend_strength": 0.22124833779360506,
      "trend_linearity": 0.04986098940231137,
      "seasonal_strength": 0.017015724422565305,
      "seasonal_correlation": 0.004924380796808929,
      "residual_autocorr_lag1": 0.108440640799516,
      "spectral_entropy": 148.30124233216753
    },
    "min": {
      "trend_strength": 0.05295004376672385,
      "trend_linearity": -0.09953293839472503,
      "seasonal_strength": 0.9403611018846054,
      "seasonal_correlation": 0.9816210731739441,
      "residual_autocorr_lag1": 0.6129402004812743,
      "spectral_entropy": 3749.124205481049
    },
    "max": {
      "trend_strength": 0.7805457901259333,
      "trend_linearity": 0.1519320665714303,
      "seasonal_strength": 0.9998154127731367,
      "seasonal_correlation": 0.9998917566472275,
      "residual_autocorr_lag1": 0.9657868981823684,
      "spectral_entropy": 4340.407887546775
    }
  }
}