{
  "model": "chronos2",
  "dataset": "exchange_rate",
  "method": "BM",
  "ratio": 0.2,
  "term": "medium",
  "imputation_method": "mean",
  "n_windows": 16,
  "period": 7,
  "summary": {
    "mean": {
      "trend_strength": 0.7993100856055038,
      "trend_linearity": 5.7528393158094035e-05,
      "seasonal_strength": 0.09493226153277173,
      "seasonal_correlation": 0.035802165129103496,
      "residual_autocorr_lag1": 0.17451859147401397,
      "spectral_entropy": -1224.9793948242025
    },
    "std": {
      "trend_strength": 0.26394163288267447,
      "trend_linearity": 0.00011905485948213751,
      "seasonal_strength": 0.10347106295431319,
      "seasonal_correlation": 0.05181456312425626,
      "residual_autocorr_lag1": 0.23177689016766423,
      "spectral_entropy": 376.19243072808564
    },
    "min": {
      "trend_strength": 0.18323040806577284,
      "trend_linearity": -4.7788644134793136e-05,
      "seasonal_strength": 0.006243175831464609,
      "seasonal_correlation": -0.01660041086887827,
      "residual_autocorr_lag1": -0.20598331181322718,
      "spectral_entropy": -1950.9232233507773
    },
    "max": {
      "trend_strength": 0.9994879336521945,
      "trend_linearity": 0.0004498842707976017,
      "seasonal_strength": 0.38688483843301025,
      "seasonal_correlation": 0.20506576141794636,
      "residual_autocorr_lag1": 0.6086307847785555,
      "spectral_entropy": -500.8065301260465
    }
  }
}