{
  "model": "chronos2",
  "dataset": "exchange_rate",
  "method": "BM",
  "ratio": 0.3,
  "term": "short",
  "imputation_method": "forward",
  "n_windows": 20,
  "period": 7,
  "summary": {
    "mean": {
      "trend_strength": 0.8183934959516115,
      "trend_linearity": -2.236602218776257e-05,
      "seasonal_strength": 0.10602285187484309,
      "seasonal_correlation": 0.48147807020277356,
      "residual_autocorr_lag1": 0.34992478508390806,
      "spectral_entropy": -169.91191368467264
    },
    "std": {
      "trend_strength": 0.17059433308838098,
      "trend_linearity": 0.00020894245506935646,
      "seasonal_strength": 0.10306044941183269,
      "seasonal_correlation": 0.2734637145176008,
      "residual_autocorr_lag1": 0.3359973995474327,
      "spectral_entropy": 26.34602578459178
    },
    "min": {
      "trend_strength": 0.28729614134296044,
      "trend_linearity": -0.0006356707773635774,
      "seasonal_strength": 0.0,
      "seasonal_correlation": 0.050972776793947315,
      "residual_autocorr_lag1": -0.3312527280508819,
      "spectral_entropy": -209.70629445110532
    },
    "max": {
      "trend_strength": 0.9715344270185337,
      "trend_linearity": 0.00046149845093244326,
      "seasonal_strength": 0.27833428062056564,
      "seasonal_correlation": 0.940989478745875,
      "residual_autocorr_lag1": 0.8082838703808619,
      "spectral_entropy": -119.9885184550603
    }
  }
}