{
  "model": "chronos2",
  "dataset": "exchange_rate",
  "method": "clean",
  "ratio": null,
  "term": "long",
  "imputation_method": null,
  "n_windows": 11,
  "period": 7,
  "summary": {
    "mean": {
      "trend_strength": 0.9676158360885229,
      "trend_linearity": 3.997993851490237e-05,
      "seasonal_strength": 0.09766064438392826,
      "seasonal_correlation": 0.019124685499943964,
      "residual_autocorr_lag1": 0.1627722762706803,
      "spectral_entropy": -1655.9551289869485
    },
    "std": {
      "trend_strength": 0.03507889109756136,
      "trend_linearity": 6.980436941244002e-05,
      "seasonal_strength": 0.09721529582573388,
      "seasonal_correlation": 0.015698120671565417,
      "residual_autocorr_lag1": 0.12021869701262157,
      "spectral_entropy": 293.34655809780105
    },
    "min": {
      "trend_strength": 0.90475028414015,
      "trend_linearity": -6.800967839124663e-05,
      "seasonal_strength": 0.0,
      "seasonal_correlation": -0.0010385447398558964,
      "residual_autocorr_lag1": 0.00014404818604216721,
      "spectral_entropy": -2034.225187423172
    },
    "max": {
      "trend_strength": 0.9994943337302644,
      "trend_linearity": 0.00018601304441071668,
      "seasonal_strength": 0.28518240509091153,
      "seasonal_correlation": 0.044789159980698795,
      "residual_autocorr_lag1": 0.41336212939172007,
      "spectral_entropy": -1119.8783739253706
    }
  }
}