{
  "model": "chronos2",
  "dataset": "exchange_rate",
  "method": "BM",
  "ratio": 0.3,
  "term": "medium",
  "imputation_method": "backward",
  "n_windows": 16,
  "period": 7,
  "summary": {
    "mean": {
      "trend_strength": 0.9664264138662495,
      "trend_linearity": 9.96228595751389e-06,
      "seasonal_strength": 0.10979388552887852,
      "seasonal_correlation": 0.028429358234576443,
      "residual_autocorr_lag1": 0.35956806042700606,
      "spectral_entropy": -1105.6675794121527
    },
    "std": {
      "trend_strength": 0.0550665006459719,
      "trend_linearity": 0.00013464578950536876,
      "seasonal_strength": 0.09739614499006086,
      "seasonal_correlation": 0.04774809149546707,
      "residual_autocorr_lag1": 0.28839167180930836,
      "spectral_entropy": 225.90463490405858
    },
    "min": {
      "trend_strength": 0.7631845841955935,
      "trend_linearity": -0.0004276249038045618,
      "seasonal_strength": 0.0,
      "seasonal_correlation": -0.017723253879903804,
      "residual_autocorr_lag1": -0.18469354461464085,
      "spectral_entropy": -1680.9270171947105
    },
    "max": {
      "trend_strength": 0.9994993082362749,
      "trend_linearity": 0.00018795020560920467,
      "seasonal_strength": 0.33226239212937936,
      "seasonal_correlation": 0.1606368226992442,
      "residual_autocorr_lag1": 0.8028387142144047,
      "spectral_entropy": -657.7030729826487
    }
  }
}