{
  "model": "chronos2",
  "dataset": "exchange_rate",
  "method": "BM",
  "ratio": 0.3,
  "term": "long",
  "imputation_method": "mean",
  "n_windows": 11,
  "period": 7,
  "summary": {
    "mean": {
      "trend_strength": 0.9534907748054855,
      "trend_linearity": 4.163989716507413e-05,
      "seasonal_strength": 0.0482594188197454,
      "seasonal_correlation": 0.043512632104761285,
      "residual_autocorr_lag1": 0.5443139177372572,
      "spectral_entropy": -1180.1616356256893
    },
    "std": {
      "trend_strength": 0.03316373567249251,
      "trend_linearity": 0.00015104884230928524,
      "seasonal_strength": 0.05725754104058189,
      "seasonal_correlation": 0.02839027340867641,
      "residual_autocorr_lag1": 0.18352463330152513,
      "spectral_entropy": 523.1086934422035
    },
    "min": {
      "trend_strength": 0.864089974616219,
      "trend_linearity": -0.00019917510158565601,
      "seasonal_strength": 0.0,
      "seasonal_correlation": 0.0023424581196050706,
      "residual_autocorr_lag1": 0.1675472317173948,
      "spectral_entropy": -2036.455954073012
    },
    "max": {
      "trend_strength": 0.9827133991413767,
      "trend_linearity": 0.0002967947591871393,
      "seasonal_strength": 0.1667419971355807,
      "seasonal_correlation": 0.09679379121205657,
      "residual_autocorr_lag1": 0.7653368380891961,
      "spectral_entropy": -622.3079789712933
    }
  }
}