{
  "model": "chronos2",
  "dataset": "exchange_rate",
  "method": "BM",
  "ratio": 0.1,
  "term": "long",
  "imputation_method": "forward",
  "n_windows": 11,
  "period": 7,
  "summary": {
    "mean": {
      "trend_strength": 0.9249689212163742,
      "trend_linearity": 1.1361297224803086e-05,
      "seasonal_strength": 0.059574780574344684,
      "seasonal_correlation": 0.031720820435286644,
      "residual_autocorr_lag1": 0.2837604586907894,
      "spectral_entropy": -1792.2669878013783
    },
    "std": {
      "trend_strength": 0.10205506535644371,
      "trend_linearity": 5.615453232380936e-05,
      "seasonal_strength": 0.06851692108475034,
      "seasonal_correlation": 0.028041307835416286,
      "residual_autocorr_lag1": 0.1802882624060523,
      "spectral_entropy": 364.1991258899923
    },
    "min": {
      "trend_strength": 0.6745859338975196,
      "trend_linearity": -4.0921114966618856e-05,
      "seasonal_strength": 0.0,
      "seasonal_correlation": -0.0028685665419352162,
      "residual_autocorr_lag1": 0.015026300885325423,
      "spectral_entropy": -2196.8305467198193
    },
    "max": {
      "trend_strength": 0.9993525423578953,
      "trend_linearity": 0.00017550273121743923,
      "seasonal_strength": 0.16236866200592448,
      "seasonal_correlation": 0.10291953719424646,
      "residual_autocorr_lag1": 0.5467161340787132,
      "spectral_entropy": -1171.7105081379275
    }
  }
}