{
  "model": "chronos2",
  "dataset": "exchange_rate",
  "method": "BM",
  "ratio": 0.1,
  "term": "short",
  "imputation_method": "forward",
  "n_windows": 20,
  "period": 7,
  "summary": {
    "mean": {
      "trend_strength": 0.6367841030940273,
      "trend_linearity": 9.569393131703965e-06,
      "seasonal_strength": 0.15444269566351554,
      "seasonal_correlation": 0.46732721610497024,
      "residual_autocorr_lag1": 0.29347577596726204,
      "spectral_entropy": -182.47171829751582
    },
    "std": {
      "trend_strength": 0.19961480327856038,
      "trend_linearity": 5.132055226809486e-05,
      "seasonal_strength": 0.13112508179563062,
      "seasonal_correlation": 0.24496130722466888,
      "residual_autocorr_lag1": 0.19531641810064224,
      "spectral_entropy": 15.699783375687971
    },
    "min": {
      "trend_strength": 0.2204185313604693,
      "trend_linearity": -0.0001207572696860802,
      "seasonal_strength": 0.0,
      "seasonal_correlation": 0.1136532693653834,
      "residual_autocorr_lag1": -0.14361295094551055,
      "spectral_entropy": -214.0710991798191
    },
    "max": {
      "trend_strength": 0.9374482864871889,
      "trend_linearity": 0.00010566389385277647,
      "seasonal_strength": 0.37406518935235455,
      "seasonal_correlation": 0.873975171294127,
      "residual_autocorr_lag1": 0.6136975081297525,
      "spectral_entropy": -156.71161687036945
    }
  }
}