{
  "model": "chronos2",
  "dataset": "exchange_rate",
  "method": "BM",
  "ratio": 0.1,
  "term": "medium",
  "imputation_method": "linear",
  "n_windows": 16,
  "period": 7,
  "summary": {
    "mean": {
      "trend_strength": 0.9896942034137914,
      "trend_linearity": -2.167622015170126e-06,
      "seasonal_strength": 0.11488915613178945,
      "seasonal_correlation": 0.026351125983853103,
      "residual_autocorr_lag1": 0.2155298124520818,
      "spectral_entropy": -1081.759574412444
    },
    "std": {
      "trend_strength": 0.011886643933111847,
      "trend_linearity": 0.0001650200747061774,
      "seasonal_strength": 0.1003682966340736,
      "seasonal_correlation": 0.03287482054253045,
      "residual_autocorr_lag1": 0.19421703851672248,
      "spectral_entropy": 240.03211102233877
    },
    "min": {
      "trend_strength": 0.947866535342067,
      "trend_linearity": -0.0004218149594110212,
      "seasonal_strength": 0.0,
      "seasonal_correlation": -0.008893585515351842,
      "residual_autocorr_lag1": -0.14697537936389016,
      "spectral_entropy": -1669.0941686023348
    },
    "max": {
      "trend_strength": 0.9989226570411669,
      "trend_linearity": 0.00030349526432092683,
      "seasonal_strength": 0.31769489546919916,
      "seasonal_correlation": 0.140035142192535,
      "residual_autocorr_lag1": 0.6377471649334032,
      "spectral_entropy": -596.1281351768779
    }
  }
}