{
  "model": "chronos2",
  "dataset": "exchange_rate",
  "method": "BM",
  "ratio": 0.1,
  "term": "short",
  "imputation_method": "mean",
  "n_windows": 20,
  "period": 7,
  "summary": {
    "mean": {
      "trend_strength": 0.622437513669025,
      "trend_linearity": -6.814661972557727e-05,
      "seasonal_strength": 0.19490433195993723,
      "seasonal_correlation": 0.5920968758455754,
      "residual_autocorr_lag1": 0.30300262614095047,
      "spectral_entropy": -161.71181088113948
    },
    "std": {
      "trend_strength": 0.24308342821221945,
      "trend_linearity": 0.0007809336274173041,
      "seasonal_strength": 0.18830632583518633,
      "seasonal_correlation": 0.2074077244554338,
      "residual_autocorr_lag1": 0.2652445638460378,
      "spectral_entropy": 35.20265443946806
    },
    "min": {
      "trend_strength": 0.15442642831718922,
      "trend_linearity": -0.0031974196026231124,
      "seasonal_strength": 0.0,
      "seasonal_correlation": 0.20636893731126493,
      "residual_autocorr_lag1": -0.19063600639042058,
      "spectral_entropy": -203.35993203290533
    },
    "max": {
      "trend_strength": 0.9309978157215222,
      "trend_linearity": 0.001370981652646204,
      "seasonal_strength": 0.6783311291335496,
      "seasonal_correlation": 0.980286692615433,
      "residual_autocorr_lag1": 0.7269828998765158,
      "spectral_entropy": -70.57716215953965
    }
  }
}