{
  "model": "chronos2",
  "dataset": "Finland_Traffic_15T",
  "method": "BM",
  "ratio": 0.1,
  "term": "long",
  "imputation_method": "linear",
  "n_windows": 20,
  "period": 96,
  "summary": {
    "mean": {
      "trend_strength": 0.029942070733054754,
      "trend_linearity": -0.002755740077949307,
      "seasonal_strength": 0.8604589133798584,
      "seasonal_correlation": 0.9639470144254343,
      "residual_autocorr_lag1": 0.9311069922987523,
      "spectral_entropy": 3950.4278844849337
    },
    "std": {
      "trend_strength": 0.03659483442047297,
      "trend_linearity": 0.033196902709966045,
      "seasonal_strength": 0.04190014377649157,
      "seasonal_correlation": 0.03138891758426224,
      "residual_autocorr_lag1": 0.04120686468676186,
      "spectral_entropy": 122.18703787985237
    },
    "min": {
      "trend_strength": 0.0,
      "trend_linearity": -0.05522944637078192,
      "seasonal_strength": 0.7874519782613765,
      "seasonal_correlation": 0.8671495376088197,
      "residual_autocorr_lag1": 0.8341717628899186,
      "spectral_entropy": 3697.3150470069004
    },
    "max": {
      "trend_strength": 0.16382219315686397,
      "trend_linearity": 0.0980315268092663,
      "seasonal_strength": 0.9409599327583476,
      "seasonal_correlation": 0.9942332486813312,
      "residual_autocorr_lag1": 0.9758100647027339,
      "spectral_entropy": 4143.076735611862
    }
  }
}