{
  "model": "chronos2",
  "dataset": "Finland_Traffic_15T",
  "method": "BM",
  "ratio": 0.3,
  "term": "long",
  "imputation_method": "mean",
  "n_windows": 20,
  "period": 96,
  "summary": {
    "mean": {
      "trend_strength": 0.0653048469426942,
      "trend_linearity": -0.009914782782654261,
      "seasonal_strength": 0.8891393441847933,
      "seasonal_correlation": 0.9779169571000885,
      "residual_autocorr_lag1": 0.9331418094982725,
      "spectral_entropy": 3788.4708698580207
    },
    "std": {
      "trend_strength": 0.08262066328256225,
      "trend_linearity": 0.017453627283218046,
      "seasonal_strength": 0.053286224565193656,
      "seasonal_correlation": 0.01677524125684622,
      "residual_autocorr_lag1": 0.03971511260042682,
      "spectral_entropy": 205.10602933770107
    },
    "min": {
      "trend_strength": 0.0,
      "trend_linearity": -0.05331244699915338,
      "seasonal_strength": 0.8138854955282662,
      "seasonal_correlation": 0.9397269393152005,
      "residual_autocorr_lag1": 0.7967523979038236,
      "spectral_entropy": 3329.477170667212
    },
    "max": {
      "trend_strength": 0.30846294124153395,
      "trend_linearity": 0.019696090967227745,
      "seasonal_strength": 0.9899842398422515,
      "seasonal_correlation": 0.9980061483906033,
      "residual_autocorr_lag1": 0.9761177049743424,
      "spectral_entropy": 4106.419069024492
    }
  }
}