{
  "model": "chronos2",
  "dataset": "NE_China_Wind_H",
  "method": "BM",
  "ratio": 0.3,
  "term": "long",
  "imputation_method": "backward",
  "n_windows": 8,
  "period": 24,
  "summary": {
    "mean": {
      "trend_strength": 0.9414345187178402,
      "trend_linearity": -0.00022189493797793413,
      "seasonal_strength": 0.8479955072815628,
      "seasonal_correlation": 0.9557911670142312,
      "residual_autocorr_lag1": 0.7216444023803381,
      "spectral_entropy": -856.8777093073038
    },
    "std": {
      "trend_strength": 0.04175220731727464,
      "trend_linearity": 0.0002919295554663426,
      "seasonal_strength": 0.127775927555736,
      "seasonal_correlation": 0.03794588169843539,
      "residual_autocorr_lag1": 0.1267113850645438,
      "spectral_entropy": 471.5562485689278
    },
    "min": {
      "trend_strength": 0.8469402817448728,
      "trend_linearity": -0.0007634538419265731,
      "seasonal_strength": 0.5599500710328829,
      "seasonal_correlation": 0.8681536050744809,
      "residual_autocorr_lag1": 0.45157729056351603,
      "spectral_entropy": -1550.5802340006994
    },
    "max": {
      "trend_strength": 0.9889320908551408,
      "trend_linearity": 0.0001335216905254339,
      "seasonal_strength": 0.9661334195314863,
      "seasonal_correlation": 0.9890769753053031,
      "residual_autocorr_lag1": 0.8916904158112011,
      "spectral_entropy": -294.13125312288463
    }
  }
}