window_idx,n_series,trend_strength,trend_linearity,seasonal_strength,seasonal_correlation,residual_autocorr_lag1,spectral_entropy
0,1,0.9835673894013012,-0.00039807046705011277,0.966446780358274,0.9918030422747228,0.6719950901351104,-85.28359631010946
1,1,0.9806847250557361,-0.0002921840973177816,0.9488309709633359,0.9843987566674511,0.7092446723171357,-263.05585428880664
2,1,0.98338652943823,-0.00013843531155069362,0.9611846389781342,0.9879598336760448,0.694307478780061,-1189.930540827198
3,1,0.7548241091140011,-9.09050243409647e-06,0.9857246954732999,0.9972095177566068,0.650858210232664,-1518.1281315627875
4,1,0.9738518814270996,0.0003933887942737314,0.9604543275669329,0.9900957822753701,0.7546945956428837,-1003.6697810592407
5,1,0.9688860126513028,-0.00017857872572204353,0.7521271253078712,0.9752913950467588,0.881120566076705,-150.89417360182279
6,1,0.9543310425620567,0.00010640456126609878,0.8594725036778432,0.988406046567185,0.918314548084907,-1041.299949262529
7,1,0.9832887292429564,0.00029192438569921404,0.9320487727186586,0.9867248860568502,0.764005576623309,-242.53171630286383
