window_idx,n_series,trend_strength,trend_linearity,seasonal_strength,seasonal_correlation,residual_autocorr_lag1,spectral_entropy
0,1,0.9894585248328129,-0.0006402820837841589,0.9701769023140299,0.9949803600425927,0.6534022742923894,104.3552019040319
1,1,0.985582251050158,-0.00019874825667993065,0.9607238999257057,0.9899952151996674,0.5771740659757572,-360.5313194609748
2,1,0.9845213695232481,-5.116773606318698e-05,0.9673298958772034,0.9900047301663024,0.6515659657884066,-1069.3398708838708
3,1,0.8549472878073362,5.771553029534156e-05,0.9796596406194286,0.9963685673564818,0.6581111309144474,-1604.7440860607435
4,1,0.933959208006367,0.00014072320629387306,0.9621714579670807,0.9896415973328102,0.6200810816272582,-1602.188948554209
5,1,0.9568186543101425,-0.0004632618906263325,0.7808318591142144,0.9788137057135446,0.9485506326216921,-130.62729695686392
6,1,0.9515978447734055,3.7825655826626876e-05,0.783456764759065,0.9752124659854169,0.9138607701124005,-841.8209182112447
7,1,0.9641169759998902,0.0003400178989722672,0.8972059249309872,0.9739837046095877,0.8058027338859296,-237.83224336288438
