{
  "model": "chronos2",
  "dataset": "NE_China_Wind_H",
  "method": "BM",
  "ratio": 0.1,
  "term": "long",
  "imputation_method": "mean",
  "n_windows": 8,
  "period": 24,
  "summary": {
    "mean": {
      "trend_strength": 0.9478525523615855,
      "trend_linearity": -2.808017035446048e-05,
      "seasonal_strength": 0.9207862268805438,
      "seasonal_correlation": 0.9877361575401237,
      "residual_autocorr_lag1": 0.755567592236597,
      "spectral_entropy": -686.8492179019197
    },
    "std": {
      "trend_strength": 0.07356307634347103,
      "trend_linearity": 0.0002597974044349758,
      "seasonal_strength": 0.07299494722653813,
      "seasonal_correlation": 0.005909565810651461,
      "residual_autocorr_lag1": 0.09094580445193078,
      "spectral_entropy": 523.9601492285025
    },
    "min": {
      "trend_strength": 0.7548241091140011,
      "trend_linearity": -0.00039807046705011277,
      "seasonal_strength": 0.7521271253078712,
      "seasonal_correlation": 0.9752913950467588,
      "residual_autocorr_lag1": 0.650858210232664,
      "spectral_entropy": -1518.1281315627875
    },
    "max": {
      "trend_strength": 0.9835673894013012,
      "trend_linearity": 0.0003933887942737314,
      "seasonal_strength": 0.9857246954732999,
      "seasonal_correlation": 0.9972095177566068,
      "residual_autocorr_lag1": 0.918314548084907,
      "spectral_entropy": -85.28359631010946
    }
  }
}