window_idx,n_series,trend_strength,trend_linearity,seasonal_strength,seasonal_correlation,residual_autocorr_lag1,spectral_entropy
0,1,0.9828805683601777,-0.0004255736098848502,0.9524893602189216,0.981797252988708,0.675848090192593,-224.9147242799256
1,1,0.9871370320850782,-0.00039438441179731604,0.863254078072422,0.9685446648348125,0.5691791196397128,-259.634030580955
2,1,0.977227395122893,-0.00012583531738253996,0.8607433035460431,0.9625952067472549,0.5476466526724961,-1469.6605828502977
3,1,0.9735856516380114,0.00017853066311009162,0.9685921171111871,0.990083928862267,0.6413321097254717,-1539.4850657298034
4,1,0.8988003757311929,8.306337939287488e-05,0.957972949019022,0.9823884843126955,0.7350108237733518,-1540.56694389407
5,1,0.8009802034155641,-0.00020993038891021853,0.4797378826197556,0.8998218527492907,0.9353540219506462,-504.9827518558648
6,1,0.8919220313336832,-1.2768264802060574e-05,0.7947998015545095,0.9603519263438685,0.8559671067665123,-1008.1396556964671
7,1,0.9634243320618903,0.00010239443657531871,0.5986806731478879,0.8971017637933173,0.8648303125049648,-444.1706998697184
