window_idx,n_series,trend_strength,trend_linearity,seasonal_strength,seasonal_correlation,residual_autocorr_lag1,spectral_entropy
0,1,0.9778520006175472,-0.0005221322046171747,0.9024287056892718,0.928225989623161,0.7816168618471346,-294.13125312288463
1,1,0.975708284106368,-0.0002670704139250897,0.8825011078777609,0.9733886934035145,0.6733223657968228,-312.54062573286126
2,1,0.9889320908551408,-0.0003203342459249151,0.8928786927868937,0.9637616361198653,0.45157729056351603,-1091.6405754769112
3,1,0.9353116344677449,0.0001335216905254339,0.9507540917754597,0.9890769753053031,0.7632660620691588,-1470.5215405336587
4,1,0.9368798634906037,0.00012125793951768302,0.9661334195314863,0.9873092213779445,0.6463573521808058,-1550.5802340006994
5,1,0.9425717171232115,-0.0007634538419265731,0.5599500710328829,0.8681536050744809,0.8916904158112011,-362.0984275029709
6,1,0.8469402817448728,-0.00010502090564784342,0.9004980131772882,0.9803745533694566,0.7287379930166877,-943.5374214588772
7,1,0.9272802773372331,-5.1927521824993764e-05,0.7288199563814589,0.956038661840123,0.8365868777573782,-829.9715966295678
