{
  "model": "chronos2",
  "dataset": "NE_China_Wind_H",
  "method": "BM",
  "ratio": 0.2,
  "term": "long",
  "imputation_method": "mean",
  "n_windows": 8,
  "period": 24,
  "summary": {
    "mean": {
      "trend_strength": 0.9629769978922289,
      "trend_linearity": -3.2987931404035686e-05,
      "seasonal_strength": 0.8191729171616131,
      "seasonal_correlation": 0.9348752127433139,
      "residual_autocorr_lag1": 0.7862177195869899,
      "spectral_entropy": -326.7055249472606
    },
    "std": {
      "trend_strength": 0.02977639352909374,
      "trend_linearity": 0.00034329035202120516,
      "seasonal_strength": 0.1093206376118145,
      "seasonal_correlation": 0.06759021253154034,
      "residual_autocorr_lag1": 0.10109010557762038,
      "spectral_entropy": 271.7901802987781
    },
    "min": {
      "trend_strength": 0.9081086643752921,
      "trend_linearity": -0.000591958963641513,
      "seasonal_strength": 0.6558352963084138,
      "seasonal_correlation": 0.8134448627590217,
      "residual_autocorr_lag1": 0.6628842021850241,
      "spectral_entropy": -722.4075922777891
    },
    "max": {
      "trend_strength": 0.9865690972455428,
      "trend_linearity": 0.00040822649626905247,
      "seasonal_strength": 0.959692424490224,
      "seasonal_correlation": 0.9864050545335674,
      "residual_autocorr_lag1": 0.9486782793145863,
      "spectral_entropy": 146.62333417809955
    }
  }
}