{
  "model": "chronos2",
  "dataset": "OpenElectricity_NEM_5T",
  "method": "clean",
  "ratio": null,
  "term": "long",
  "imputation_method": null,
  "n_windows": 20,
  "period": 288,
  "summary": {
    "mean": {
      "trend_strength": 0.5653421802005691,
      "trend_linearity": -0.023685342671301825,
      "seasonal_strength": 0.9988967379268452,
      "seasonal_correlation": 0.9978322390190775,
      "residual_autocorr_lag1": 0.8117415652774899,
      "spectral_entropy": 5351.875564852986
    },
    "std": {
      "trend_strength": 0.2945599238727867,
      "trend_linearity": 0.24200982693635342,
      "seasonal_strength": 0.0013885322305304867,
      "seasonal_correlation": 0.002135158513804773,
      "residual_autocorr_lag1": 0.13828065037606244,
      "spectral_entropy": 153.02237307986317
    },
    "min": {
      "trend_strength": 0.008602582823636573,
      "trend_linearity": -0.6572886379437153,
      "seasonal_strength": 0.995151393642994,
      "seasonal_correlation": 0.9926578544496334,
      "residual_autocorr_lag1": 0.5165459013855142,
      "spectral_entropy": 5062.326526076395
    },
    "max": {
      "trend_strength": 0.9171735900823408,
      "trend_linearity": 0.575829909971833,
      "seasonal_strength": 0.9999357531679444,
      "seasonal_correlation": 0.9998193404677643,
      "residual_autocorr_lag1": 0.9890199029672264,
      "spectral_entropy": 5577.876252410686
    }
  }
}