{
  "model": "chronos2",
  "dataset": "OpenElectricity_NEM_5T",
  "method": "BM",
  "ratio": 0.1,
  "term": "long",
  "imputation_method": "mean",
  "n_windows": 20,
  "period": 288,
  "summary": {
    "mean": {
      "trend_strength": 0.43606971750429435,
      "trend_linearity": -0.04443970994072684,
      "seasonal_strength": 0.9981278623950678,
      "seasonal_correlation": 0.995604112366942,
      "residual_autocorr_lag1": 0.7815527285441537,
      "spectral_entropy": 5250.009627318715
    },
    "std": {
      "trend_strength": 0.263524539727227,
      "trend_linearity": 0.1350598635959889,
      "seasonal_strength": 0.002876757286469871,
      "seasonal_correlation": 0.005591689625982998,
      "residual_autocorr_lag1": 0.1746930653916916,
      "spectral_entropy": 259.3894007713147
    },
    "min": {
      "trend_strength": 0.004109312538090548,
      "trend_linearity": -0.36850714106543103,
      "seasonal_strength": 0.9869882685003085,
      "seasonal_correlation": 0.9734292410669195,
      "residual_autocorr_lag1": 0.32599305104540527,
      "spectral_entropy": 4391.126776253334
    },
    "max": {
      "trend_strength": 0.9037708377902458,
      "trend_linearity": 0.24384753414455676,
      "seasonal_strength": 0.9998125934478389,
      "seasonal_correlation": 0.9995138717396733,
      "residual_autocorr_lag1": 0.9879407203388322,
      "spectral_entropy": 5547.622312280859
    }
  }
}