{
  "model": "chronos2",
  "dataset": "OpenElectricity_NEM_5T",
  "method": "BM",
  "ratio": 0.3,
  "term": "long",
  "imputation_method": "forward",
  "n_windows": 20,
  "period": 288,
  "summary": {
    "mean": {
      "trend_strength": 0.41821040022744577,
      "trend_linearity": -0.029630452579195436,
      "seasonal_strength": 0.9941214612947578,
      "seasonal_correlation": 0.9814583226780076,
      "residual_autocorr_lag1": 0.8518057017212335,
      "spectral_entropy": 5269.926562898984
    },
    "std": {
      "trend_strength": 0.25377961087107226,
      "trend_linearity": 0.18222504371051257,
      "seasonal_strength": 0.0082503672239628,
      "seasonal_correlation": 0.03363391281644023,
      "residual_autocorr_lag1": 0.12723661111432175,
      "spectral_entropy": 259.17644476791827
    },
    "min": {
      "trend_strength": 0.0,
      "trend_linearity": -0.34256798145466355,
      "seasonal_strength": 0.9673579765556922,
      "seasonal_correlation": 0.8399180557836803,
      "residual_autocorr_lag1": 0.5457048704037548,
      "spectral_entropy": 4651.443056545072
    },
    "max": {
      "trend_strength": 0.8997536737081673,
      "trend_linearity": 0.2327385712108059,
      "seasonal_strength": 0.9998088941792159,
      "seasonal_correlation": 0.9990827224157603,
      "residual_autocorr_lag1": 0.9892264303306941,
      "spectral_entropy": 5582.056168421734
    }
  }
}