{
  "model": "chronos2",
  "dataset": "Port_Activity_D",
  "method": "BM",
  "ratio": 0.3,
  "term": "long",
  "imputation_method": "mean",
  "n_windows": 3,
  "period": 7,
  "summary": {
    "mean": {
      "trend_strength": 0.9772917938528836,
      "trend_linearity": 0.8025200631937824,
      "seasonal_strength": 0.2914029225962631,
      "seasonal_correlation": 0.4029919196560933,
      "residual_autocorr_lag1": 0.4378533045941631,
      "spectral_entropy": 3241.506665140046
    },
    "std": {
      "trend_strength": 0.0062974671596026655,
      "trend_linearity": 1.3944308032606691,
      "seasonal_strength": 0.29341653562299935,
      "seasonal_correlation": 0.34943659573920594,
      "residual_autocorr_lag1": 0.02885197563335146,
      "spectral_entropy": 85.87049626206601
    },
    "min": {
      "trend_strength": 0.9704449025485724,
      "trend_linearity": -1.1553403712256345,
      "seasonal_strength": 0.03220612546834434,
      "seasonal_correlation": 0.1355174424752223,
      "residual_autocorr_lag1": 0.40422961137682906,
      "spectral_entropy": 3120.465862887158
    },
    "max": {
      "trend_strength": 0.9856475005017447,
      "trend_linearity": 1.9857607968351016,
      "seasonal_strength": 0.701630365156876,
      "seasonal_correlation": 0.8965929584617249,
      "residual_autocorr_lag1": 0.4746836473436798,
      "spectral_entropy": 3310.539194961663
    }
  }
}