window_idx,n_series,trend_strength,trend_linearity,seasonal_strength,seasonal_correlation,residual_autocorr_lag1,spectral_entropy
0,1,0.9926056887105756,1.3838612030668715,0.3588384255135807,0.597504244334401,0.4313737774753899,3262.5968870381957
1,1,0.9901548877287935,1.1344926058040499,0.10231509181944753,0.2958673569145878,0.3279247216021458,2908.9636766817302
2,1,0.9723323560570132,-0.08938814992690204,0.1576527358410711,0.06359180725818202,0.3825197020842762,2678.804048216314
