window_idx,n_series,trend_strength,trend_linearity,seasonal_strength,seasonal_correlation,residual_autocorr_lag1,spectral_entropy
0,1,0.9873556005544968,1.1449645408380489,0.9209501263532999,0.9421382169236873,0.20286865238583068,3481.1156077722935
1,1,0.9916348696923867,-3.6659363798720954,0.25124010444602984,0.44294610814579405,0.4552136411054535,3541.7925891238788
2,1,0.9946352031460065,-3.1755697624982164,0.005310875953815186,0.22959943090989504,0.4833656683657433,3057.957201764507
