{
  "model": "chronos2",
  "dataset": "Port_Activity_D",
  "method": "BM",
  "ratio": 0.3,
  "term": "long",
  "imputation_method": "backward",
  "n_windows": 3,
  "period": 7,
  "summary": {
    "mean": {
      "trend_strength": 0.9912085577976301,
      "trend_linearity": -1.8988472005107544,
      "seasonal_strength": 0.39250036891771495,
      "seasonal_correlation": 0.5382279186597921,
      "residual_autocorr_lag1": 0.3804826539523425,
      "spectral_entropy": 3360.288466220227
    },
    "std": {
      "trend_strength": 0.0029871346188041206,
      "trend_linearity": 2.1615900463066997,
      "seasonal_strength": 0.3869234687092443,
      "seasonal_correlation": 0.2985931992467581,
      "residual_autocorr_lag1": 0.12611683557735306,
      "spectral_entropy": 215.2108564749632
    },
    "min": {
      "trend_strength": 0.9873556005544968,
      "trend_linearity": -3.6659363798720954,
      "seasonal_strength": 0.005310875953815186,
      "seasonal_correlation": 0.22959943090989504,
      "residual_autocorr_lag1": 0.20286865238583068,
      "spectral_entropy": 3057.957201764507
    },
    "max": {
      "trend_strength": 0.9946352031460065,
      "trend_linearity": 1.1449645408380489,
      "seasonal_strength": 0.9209501263532999,
      "seasonal_correlation": 0.9421382169236873,
      "residual_autocorr_lag1": 0.4833656683657433,
      "spectral_entropy": 3541.7925891238788
    }
  }
}