window_idx,n_series,trend_strength,trend_linearity,seasonal_strength,seasonal_correlation,residual_autocorr_lag1,spectral_entropy
0,1,0.990029928394624,0.20525526165738617,0.7348395902540042,0.8384034765740199,0.20486162761283166,3131.4518098337353
1,1,0.9850668281229397,-2.098596397565611,0.0,0.24307294109518146,0.37834985588348274,3321.075322150348
2,1,0.9800874688620252,-1.7644651982307729,0.025533617146474064,0.04138219425864263,0.7722068181248726,3288.154828206425
