window_idx,n_series,trend_strength,trend_linearity,seasonal_strength,seasonal_correlation,residual_autocorr_lag1,spectral_entropy
0,1,0.9926056887105756,1.3838612030668715,0.3588384255135807,0.597504244334401,0.4313737774753899,3262.5968870381957
1,1,0.9786011141759146,0.9203732185673233,0.0382645693027297,0.32486393959310844,0.35498327421319126,2863.8347176582165
2,1,0.944902181664289,0.69147945958582,0.2396978129233105,0.1611458432025996,0.3719029226932725,2997.5672125671135
