window_idx,n_series,trend_strength,trend_linearity,seasonal_strength,seasonal_correlation,residual_autocorr_lag1,spectral_entropy
0,1,0.9926056887105756,1.3838612030668715,0.3588384255135807,0.597504244334401,0.4313737774753899,3262.5968870381957
1,1,0.9851680086665208,1.0490572963836715,0.23835247652631508,0.4046393713494638,0.30594930977629625,2882.442993229332
2,1,0.9936519211006642,-0.293598804705339,0.32344605577544894,0.1923347264366403,0.0901863190119946,2621.76140910766
