{
  "model": "chronos2",
  "dataset": "Port_Activity_D",
  "method": "BM",
  "ratio": 0.1,
  "term": "long",
  "imputation_method": "backward",
  "n_windows": 3,
  "period": 7,
  "summary": {
    "mean": {
      "trend_strength": 0.9904752061592536,
      "trend_linearity": 0.713106564915068,
      "seasonal_strength": 0.30687898593844826,
      "seasonal_correlation": 0.3981594473735017,
      "residual_autocorr_lag1": 0.27583646875456025,
      "spectral_entropy": 2922.267096458396
    },
    "std": {
      "trend_strength": 0.0037769837590039576,
      "trend_linearity": 0.7248517963002291,
      "seasonal_strength": 0.05056393199424887,
      "seasonal_correlation": 0.1654732135813863,
      "residual_autocorr_lag1": 0.14090731669902273,
      "spectral_entropy": 263.131142008586
    },
    "min": {
      "trend_strength": 0.9851680086665208,
      "trend_linearity": -0.293598804705339,
      "seasonal_strength": 0.23835247652631508,
      "seasonal_correlation": 0.1923347264366403,
      "residual_autocorr_lag1": 0.0901863190119946,
      "spectral_entropy": 2621.76140910766
    },
    "max": {
      "trend_strength": 0.9936519211006642,
      "trend_linearity": 1.3838612030668715,
      "seasonal_strength": 0.3588384255135807,
      "seasonal_correlation": 0.597504244334401,
      "residual_autocorr_lag1": 0.4313737774753899,
      "spectral_entropy": 3262.5968870381957
    }
  }
}