{
  "model": "chronos2",
  "dataset": "Port_Activity_D",
  "method": "BM",
  "ratio": 0.2,
  "term": "long",
  "imputation_method": "forward",
  "n_windows": 3,
  "period": 7,
  "summary": {
    "mean": {
      "trend_strength": 0.9594283167917189,
      "trend_linearity": 1.1321037507462244,
      "seasonal_strength": 0.0048950205978593635,
      "seasonal_correlation": 0.26086810599931637,
      "residual_autocorr_lag1": 0.6710949106626667,
      "spectral_entropy": 3723.3316697112873
    },
    "std": {
      "trend_strength": 0.026212066831715366,
      "trend_linearity": 2.985664032319207,
      "seasonal_strength": 0.004668157550362389,
      "seasonal_correlation": 0.12372902631649398,
      "residual_autocorr_lag1": 0.15757233366939727,
      "spectral_entropy": 172.60838241374037
    },
    "min": {
      "trend_strength": 0.9224808661851116,
      "trend_linearity": -1.0133718004054124,
      "seasonal_strength": 0.0,
      "seasonal_correlation": 0.11674972439814991,
      "residual_autocorr_lag1": 0.45868010106211615,
      "spectral_entropy": 3576.0774290784543
    },
    "max": {
      "trend_strength": 0.9805045585002934,
      "trend_linearity": 5.354283630153262,
      "seasonal_strength": 0.01117875591396511,
      "seasonal_correlation": 0.41886754926250824,
      "residual_autocorr_lag1": 0.8356420275277199,
      "spectral_entropy": 3965.563718724844
    }
  }
}