window_idx,n_series,trend_strength,trend_linearity,seasonal_strength,seasonal_correlation,residual_autocorr_lag1,spectral_entropy
0,1,0.8998485320093935,0.14715943837986686,0.8884191809402178,0.9524837831975648,0.25923165886714133,3167.041311652595
1,1,0.9889430422750906,-1.9656127944298323,0.008393112368853761,0.1589269166787824,0.7835606486740413,3134.5297474553518
2,1,0.9911365060679861,-2.3810910857173773,0.0325335588053941,0.17979722573671106,0.6764950039567729,3134.64820678431
