{
  "model": "chronos2",
  "dataset": "Supply_Chain_Customer_D",
  "method": "BM",
  "ratio": 0.1,
  "term": "long",
  "imputation_method": "linear",
  "n_windows": 3,
  "period": 7,
  "summary": {
    "mean": {
      "trend_strength": 0.9542118530123261,
      "trend_linearity": -2.9891806247614405,
      "seasonal_strength": 0.9906651127293132,
      "seasonal_correlation": 0.9970014885123266,
      "residual_autocorr_lag1": 0.30588142716535277,
      "spectral_entropy": 5235.749752073171
    },
    "std": {
      "trend_strength": 0.007847472772010398,
      "trend_linearity": 13.237672020928345,
      "seasonal_strength": 0.0023648786623486793,
      "seasonal_correlation": 0.0007213793486015035,
      "residual_autocorr_lag1": 0.13392323245454424,
      "spectral_entropy": 41.05116756289113
    },
    "min": {
      "trend_strength": 0.944708028421902,
      "trend_linearity": -21.25892053691871,
      "seasonal_strength": 0.9873667239813618,
      "seasonal_correlation": 0.9960215420533984,
      "residual_autocorr_lag1": 0.17831124093019432,
      "spectral_entropy": 5188.296090277273
    },
    "max": {
      "trend_strength": 0.963926852247841,
      "trend_linearity": 9.68354086255753,
      "seasonal_strength": 0.9927933168964965,
      "seasonal_correlation": 0.9977371463976173,
      "residual_autocorr_lag1": 0.49089990666868005,
      "spectral_entropy": 5288.440526487762
    }
  }
}