window_idx,n_series,trend_strength,trend_linearity,seasonal_strength,seasonal_correlation,residual_autocorr_lag1,spectral_entropy
0,1,0.8691480897853094,-8.660360630548148,0.9526888990353165,0.9416951501168829,0.27369415048663925,4887.249253270971
1,1,0.9138329558181073,15.55065612311285,0.9648092468199453,0.9178425984015434,0.1744393383308941,4771.224723081708
2,1,0.9719494158487123,-0.8376806174555304,0.9854110252267189,0.9906990728451901,0.187634380460381,4678.475022083649
