window_idx,n_series,trend_strength,trend_linearity,seasonal_strength,seasonal_correlation,residual_autocorr_lag1,spectral_entropy
0,1,0.9066615117833502,-10.622767925507826,0.9731951238853128,0.9876792508539781,0.35644325192933995,4852.850962323131
1,1,0.993107876872023,-16.118510164252893,0.6550316852340117,0.8258655760416787,0.73277882782559,4792.000655913631
2,1,0.9721457343661936,7.075231103146917,0.9910693299888798,0.9940980135917088,0.2551126875931594,4865.317327383003
