{
  "model": "chronos2",
  "dataset": "Supply_Chain_Location_D",
  "method": "BM",
  "ratio": 0.1,
  "term": "long",
  "imputation_method": "forward",
  "n_windows": 3,
  "period": 7,
  "summary": {
    "mean": {
      "trend_strength": 0.9496196625710965,
      "trend_linearity": 14.11842587244208,
      "seasonal_strength": 0.9783195142868691,
      "seasonal_correlation": 0.896290265548024,
      "residual_autocorr_lag1": 0.3074727671879058,
      "spectral_entropy": 4790.024615482909
    },
    "std": {
      "trend_strength": 0.03139052999211192,
      "trend_linearity": 28.518431452414177,
      "seasonal_strength": 0.007448103601404733,
      "seasonal_correlation": 0.13116278615298707,
      "residual_autocorr_lag1": 0.056411524663561516,
      "spectral_entropy": 100.87161697998528
    },
    "min": {
      "trend_strength": 0.9053730263811423,
      "trend_linearity": -10.966881116942814,
      "seasonal_strength": 0.9726732686992134,
      "seasonal_correlation": 0.7108118909332942,
      "residual_autocorr_lag1": 0.23074938949439597,
      "spectral_entropy": 4647.828451438072
    },
    "max": {
      "trend_strength": 0.9748613855762622,
      "trend_linearity": 54.01061188042088,
      "seasonal_strength": 0.9888433710690124,
      "seasonal_correlation": 0.9909900955637299,
      "residual_autocorr_lag1": 0.3647694146766988,
      "spectral_entropy": 4871.01273625326
    }
  }
}