window_idx,n_series,trend_strength,trend_linearity,seasonal_strength,seasonal_correlation,residual_autocorr_lag1,spectral_entropy
0,1,0.9320842841007373,-8.668849353284616,0.9799200152443894,0.9890575667251377,0.2667970333622767,4837.244034531186
1,1,0.9742612987453175,15.238129362229374,0.9920145534736096,0.996200421797223,0.30771104920352527,4904.214522345046
2,1,0.9891733014156601,9.76780053415114,0.996607891775173,0.997877407207621,0.22925916000211116,4820.743796691089
