window_idx,n_series,trend_strength,trend_linearity,seasonal_strength,seasonal_correlation,residual_autocorr_lag1,spectral_entropy
0,1,0.9540006783672356,-21.25892053691871,0.9927933168964965,0.9972457770859642,0.248433133897184,5188.296090277273
1,1,0.944708028421902,9.68354086255753,0.9873667239813618,0.9960215420533984,0.49089990666868005,5288.440526487762
2,1,0.963926852247841,2.607837800076856,0.9918352973100814,0.9977371463976173,0.17831124093019432,5230.512639454479
