window_idx,n_series,trend_strength,trend_linearity,seasonal_strength,seasonal_correlation,residual_autocorr_lag1,spectral_entropy
0,1,0.9758639130543925,-23.11749705978701,0.9495181743541192,0.97216136847476,0.4945364358867141,4898.821788993486
1,1,0.9751502304739631,14.872929668935486,0.9939662529255795,0.9974000696181784,0.22904980775680503,5261.3937061102515
2,1,0.9185288755588126,-3.3037995796986843,0.9777976611416472,0.9934746589810556,0.09693934921146494,5298.777880550939
