{
  "model": "chronos2",
  "dataset": "Supply_Chain_Customer_D",
  "method": "BM",
  "ratio": 0.1,
  "term": "long",
  "imputation_method": "backward",
  "n_windows": 3,
  "period": 7,
  "summary": {
    "mean": {
      "trend_strength": 0.9183134761748826,
      "trend_linearity": 1.187855899330274,
      "seasonal_strength": 0.9879102397096755,
      "seasonal_correlation": 0.9961096517397957,
      "residual_autocorr_lag1": 0.2571385673607044,
      "spectral_entropy": 5246.820142705324
    },
    "std": {
      "trend_strength": 0.03271226351055082,
      "trend_linearity": 6.241413073073667,
      "seasonal_strength": 0.0007312937069101043,
      "seasonal_correlation": 0.00046747813941204637,
      "residual_autocorr_lag1": 0.060562389304815105,
      "spectral_entropy": 25.31269250309098
    },
    "min": {
      "trend_strength": 0.8720671571124715,
      "trend_linearity": -7.584293606629555,
      "seasonal_strength": 0.9870703260691456,
      "seasonal_correlation": 0.9957566073654058,
      "residual_autocorr_lag1": 0.1920862672042876,
      "spectral_entropy": 5212.017882929757
    },
    "max": {
      "trend_strength": 0.9424838968286497,
      "trend_linearity": 6.422400160848269,
      "seasonal_strength": 0.9888527810073107,
      "seasonal_correlation": 0.9967702436208633,
      "residual_autocorr_lag1": 0.33791254827856365,
      "spectral_entropy": 5271.480793136472
    }
  }
}