{
  "model": "chronos2",
  "dataset": "Supply_Chain_Customer_D",
  "method": "BM",
  "ratio": 0.2,
  "term": "long",
  "imputation_method": "mean",
  "n_windows": 3,
  "period": 7,
  "summary": {
    "mean": {
      "trend_strength": 0.959037220845656,
      "trend_linearity": -0.7429261305556268,
      "seasonal_strength": 0.9843187709336879,
      "seasonal_correlation": 0.9928865615315449,
      "residual_autocorr_lag1": 0.2945800409612478,
      "spectral_entropy": 5117.703497998464
    },
    "std": {
      "trend_strength": 0.0010933550325104844,
      "trend_linearity": 6.413968014893026,
      "seasonal_strength": 0.0091689346765834,
      "seasonal_correlation": 0.0049466920330835835,
      "residual_autocorr_lag1": 0.10829573981901552,
      "spectral_entropy": 169.27385263095368
    },
    "min": {
      "trend_strength": 0.9575242604579711,
      "trend_linearity": -9.737109456779114,
      "seasonal_strength": 0.9719241832949447,
      "seasonal_correlation": 0.9858976715160368,
      "residual_autocorr_lag1": 0.1861683819186736,
      "spectral_entropy": 4879.535302461589
    },
    "max": {
      "trend_strength": 0.9600700178678788,
      "trend_linearity": 4.7724868299955485,
      "seasonal_strength": 0.9938152605041957,
      "seasonal_correlation": 0.9966478498802444,
      "residual_autocorr_lag1": 0.44247223572395805,
      "spectral_entropy": 5257.701436944944
    }
  }
}