{
  "model": "chronos2",
  "dataset": "Supply_Chain_Location_D",
  "method": "BM",
  "ratio": 0.3,
  "term": "long",
  "imputation_method": "forward",
  "n_windows": 3,
  "period": 7,
  "summary": {
    "mean": {
      "trend_strength": 0.9074646830983936,
      "trend_linearity": 4.83160301908121,
      "seasonal_strength": 0.9812277916204414,
      "seasonal_correlation": 0.9836536232041594,
      "residual_autocorr_lag1": 0.3016546295512115,
      "spectral_entropy": 4791.027438210175
    },
    "std": {
      "trend_strength": 0.08681598679553666,
      "trend_linearity": 10.15426498568635,
      "seasonal_strength": 0.009928809206673739,
      "seasonal_correlation": 0.014470748075226055,
      "residual_autocorr_lag1": 0.0999300396655421,
      "spectral_entropy": 49.79454120155434
    },
    "min": {
      "trend_strength": 0.7858309180118568,
      "trend_linearity": -8.66126329850804,
      "seasonal_strength": 0.9673645067797745,
      "seasonal_correlation": 0.963204687812701,
      "residual_autocorr_lag1": 0.20893481515822127,
      "spectral_entropy": 4723.370935881041
    },
    "max": {
      "trend_strength": 0.9827537368014807,
      "trend_linearity": 15.834861873279966,
      "seasonal_strength": 0.990090464455785,
      "seasonal_correlation": 0.9945742272385157,
      "residual_autocorr_lag1": 0.44037955315290356,
      "spectral_entropy": 4841.772922294189
    }
  }
}