window_idx,n_series,trend_strength,trend_linearity,seasonal_strength,seasonal_correlation,residual_autocorr_lag1,spectral_entropy
0,1,0.9256740230997709,-18.590223479939368,0.9822926633050358,0.9958944796187184,0.3488541978833048,5219.938427500509
1,1,0.9454852622630157,25.32545706261854,0.9862251495855309,0.9969536688279038,0.4875172998837227,5307.255932442968
2,1,0.9811452143521582,21.091317566318608,0.9949258085557612,0.9972386350099994,0.29405534161916635,5258.134755801599
