{
  "model": "chronos2",
  "dataset": "Supply_Chain_Location_D",
  "method": "clean",
  "ratio": null,
  "term": "long",
  "imputation_method": null,
  "n_windows": 3,
  "period": 7,
  "summary": {
    "mean": {
      "trend_strength": 0.9651729614205716,
      "trend_linearity": 5.4456935143653,
      "seasonal_strength": 0.989514153497724,
      "seasonal_correlation": 0.9943784652433272,
      "residual_autocorr_lag1": 0.2679224141893044,
      "spectral_entropy": 4854.0674511891075
    },
    "std": {
      "trend_strength": 0.024176260821891175,
      "trend_linearity": 10.227295655707207,
      "seasonal_strength": 0.007038480224509896,
      "seasonal_correlation": 0.0038242246096279165,
      "residual_autocorr_lag1": 0.032037733911978644,
      "spectral_entropy": 36.093499149976616
    },
    "min": {
      "trend_strength": 0.9320842841007373,
      "trend_linearity": -8.668849353284616,
      "seasonal_strength": 0.9799200152443894,
      "seasonal_correlation": 0.9890575667251377,
      "residual_autocorr_lag1": 0.22925916000211116,
      "spectral_entropy": 4820.743796691089
    },
    "max": {
      "trend_strength": 0.9891733014156601,
      "trend_linearity": 15.238129362229374,
      "seasonal_strength": 0.996607891775173,
      "seasonal_correlation": 0.997877407207621,
      "residual_autocorr_lag1": 0.30771104920352527,
      "spectral_entropy": 4904.214522345046
    }
  }
}