{
  "model": "chronos2",
  "dataset": "Supply_Chain_Location_D",
  "method": "BM",
  "ratio": 0.1,
  "term": "long",
  "imputation_method": "linear",
  "n_windows": 3,
  "period": 7,
  "summary": {
    "mean": {
      "trend_strength": 0.9573050410071889,
      "trend_linearity": -6.555348995537933,
      "seasonal_strength": 0.8730987130360681,
      "seasonal_correlation": 0.9358809468291218,
      "residual_autocorr_lag1": 0.44811158911602983,
      "spectral_entropy": 4836.722981873255
    },
    "std": {
      "trend_strength": 0.03681872842085514,
      "trend_linearity": 9.895969922437427,
      "seasonal_strength": 0.15436923975061725,
      "seasonal_correlation": 0.07783673719564038,
      "residual_autocorr_lag1": 0.20549703714501014,
      "spectral_entropy": 32.03037510323248
    },
    "min": {
      "trend_strength": 0.9066615117833502,
      "trend_linearity": -16.118510164252893,
      "seasonal_strength": 0.6550316852340117,
      "seasonal_correlation": 0.8258655760416787,
      "residual_autocorr_lag1": 0.2551126875931594,
      "spectral_entropy": 4792.000655913631
    },
    "max": {
      "trend_strength": 0.993107876872023,
      "trend_linearity": 7.075231103146917,
      "seasonal_strength": 0.9910693299888798,
      "seasonal_correlation": 0.9940980135917088,
      "residual_autocorr_lag1": 0.73277882782559,
      "spectral_entropy": 4865.317327383003
    }
  }
}