{
  "model": "chronos2",
  "dataset": "Supply_Chain_Location_D",
  "method": "BM",
  "ratio": 0.3,
  "term": "long",
  "imputation_method": "backward",
  "n_windows": 3,
  "period": 7,
  "summary": {
    "mean": {
      "trend_strength": 0.9021139401912194,
      "trend_linearity": -3.9182675294217724,
      "seasonal_strength": 0.9763787169928552,
      "seasonal_correlation": 0.9931817299456078,
      "residual_autocorr_lag1": 0.3036344766075358,
      "spectral_entropy": 4785.198300267756
    },
    "std": {
      "trend_strength": 0.07176443179516118,
      "trend_linearity": 5.331448549599522,
      "seasonal_strength": 0.00987186405511518,
      "seasonal_correlation": 0.002828363403719147,
      "residual_autocorr_lag1": 0.0839722742195546,
      "spectral_entropy": 63.131975614763896
    },
    "min": {
      "trend_strength": 0.8053107190315503,
      "trend_linearity": -8.601010344384983,
      "seasonal_strength": 0.9670034333324259,
      "seasonal_correlation": 0.9891844893284215,
      "residual_autocorr_lag1": 0.186156637129419,
      "spectral_entropy": 4698.810441020826
    },
    "max": {
      "trend_strength": 0.9769173080261621,
      "trend_linearity": 3.540764989566056,
      "seasonal_strength": 0.990025074808013,
      "seasonal_correlation": 0.9953068804936057,
      "residual_autocorr_lag1": 0.37741441293695405,
      "spectral_entropy": 4847.919719452968
    }
  }
}