{
  "model": "chronos2",
  "dataset": "traffic",
  "method": "BM",
  "ratio": 0.3,
  "term": "long",
  "imputation_method": "linear",
  "n_windows": 15,
  "period": 24,
  "summary": {
    "mean": {
      "trend_strength": 0.34447596752613596,
      "trend_linearity": -2.9324557324232526e-07,
      "seasonal_strength": 0.9259402194721791,
      "seasonal_correlation": 0.9857132762716821,
      "residual_autocorr_lag1": 0.8359473025738647,
      "spectral_entropy": -2563.747155343125
    },
    "std": {
      "trend_strength": 0.10838661408923081,
      "trend_linearity": 5.457757420812589e-06,
      "seasonal_strength": 0.03255734294406876,
      "seasonal_correlation": 0.012515466554622887,
      "residual_autocorr_lag1": 0.05915834626389235,
      "spectral_entropy": 302.6821082498823
    },
    "min": {
      "trend_strength": 0.17090028894833786,
      "trend_linearity": -1.294941249752735e-05,
      "seasonal_strength": 0.821973515943242,
      "seasonal_correlation": 0.9495108681869395,
      "residual_autocorr_lag1": 0.6921987021965579,
      "spectral_entropy": -2949.2482540900774
    },
    "max": {
      "trend_strength": 0.520604029183023,
      "trend_linearity": 9.767750392382204e-06,
      "seasonal_strength": 0.9605285439008906,
      "seasonal_correlation": 0.9978248360241572,
      "residual_autocorr_lag1": 0.911124609991082,
      "spectral_entropy": -1924.5942327275961
    }
  }
}