{
  "model": "chronos2",
  "dataset": "traffic",
  "method": "BM",
  "ratio": 0.3,
  "term": "medium",
  "imputation_method": "mean",
  "n_windows": 20,
  "period": 24,
  "summary": {
    "mean": {
      "trend_strength": 0.18137288678651114,
      "trend_linearity": 9.750000212174786e-07,
      "seasonal_strength": 0.6333824170706123,
      "seasonal_correlation": 0.7960623799366375,
      "residual_autocorr_lag1": 0.5662101228840644,
      "spectral_entropy": -1963.5509721376743
    },
    "std": {
      "trend_strength": 0.1355595514084692,
      "trend_linearity": 3.866163290619646e-06,
      "seasonal_strength": 0.41079960665131887,
      "seasonal_correlation": 0.2726046777787556,
      "residual_autocorr_lag1": 0.3759897281567596,
      "spectral_entropy": 381.9686738627178
    },
    "min": {
      "trend_strength": 0.0,
      "trend_linearity": -7.4369652386972636e-06,
      "seasonal_strength": 0.0,
      "seasonal_correlation": 0.21992151118147052,
      "residual_autocorr_lag1": -0.02918907578622003,
      "spectral_entropy": -3415.752959002143
    },
    "max": {
      "trend_strength": 0.44526033088934036,
      "trend_linearity": 9.400138655578253e-06,
      "seasonal_strength": 0.9603243541035628,
      "seasonal_correlation": 0.9979676891758874,
      "residual_autocorr_lag1": 0.8625004275231845,
      "spectral_entropy": -1567.2311475276701
    }
  }
}