{
  "model": "chronos2",
  "dataset": "traffic",
  "method": "BM",
  "ratio": 0.2,
  "term": "medium",
  "imputation_method": "mean",
  "n_windows": 20,
  "period": 24,
  "summary": {
    "mean": {
      "trend_strength": 0.2034552647214883,
      "trend_linearity": 1.201034616809896e-06,
      "seasonal_strength": 0.7536331586516305,
      "seasonal_correlation": 0.8936817389311713,
      "residual_autocorr_lag1": 0.7092309948625706,
      "spectral_entropy": -2094.495661437768
    },
    "std": {
      "trend_strength": 0.1011597173023234,
      "trend_linearity": 4.508630391527681e-06,
      "seasonal_strength": 0.34627897739852814,
      "seasonal_correlation": 0.18476962642776734,
      "residual_autocorr_lag1": 0.2697061793747032,
      "spectral_entropy": 455.63384546289313
    },
    "min": {
      "trend_strength": 0.0013536160795630803,
      "trend_linearity": -7.382463013942135e-06,
      "seasonal_strength": 0.004453771166134324,
      "seasonal_correlation": 0.4184432594333988,
      "residual_autocorr_lag1": -0.028196162882475617,
      "spectral_entropy": -3425.255977768847
    },
    "max": {
      "trend_strength": 0.41805696888204447,
      "trend_linearity": 9.693548482416742e-06,
      "seasonal_strength": 0.9629528226892683,
      "seasonal_correlation": 0.997963032109196,
      "residual_autocorr_lag1": 0.8737825781623033,
      "spectral_entropy": -1802.151028850438
    }
  }
}