{
  "model": "chronos2",
  "dataset": "traffic",
  "method": "BM",
  "ratio": 0.2,
  "term": "long",
  "imputation_method": "forward",
  "n_windows": 15,
  "period": 24,
  "summary": {
    "mean": {
      "trend_strength": 0.21142028214140593,
      "trend_linearity": 9.331049513340019e-07,
      "seasonal_strength": 0.9283900996934396,
      "seasonal_correlation": 0.9923360196227101,
      "residual_autocorr_lag1": 0.8446327528638002,
      "spectral_entropy": -2661.7360239695627
    },
    "std": {
      "trend_strength": 0.10603375397790858,
      "trend_linearity": 1.774032829294622e-06,
      "seasonal_strength": 0.016011743200227357,
      "seasonal_correlation": 0.0055839235901240375,
      "residual_autocorr_lag1": 0.038801437424565384,
      "spectral_entropy": 180.70510730627248
    },
    "min": {
      "trend_strength": 0.060151716171396474,
      "trend_linearity": -2.9105798672636183e-06,
      "seasonal_strength": 0.8998984827739628,
      "seasonal_correlation": 0.980427866237391,
      "residual_autocorr_lag1": 0.7818769994546586,
      "spectral_entropy": -2862.616027705306
    },
    "max": {
      "trend_strength": 0.511632717214284,
      "trend_linearity": 5.360605847989746e-06,
      "seasonal_strength": 0.9592752131706277,
      "seasonal_correlation": 0.9985333015660635,
      "residual_autocorr_lag1": 0.8926924817755845,
      "spectral_entropy": -2238.814154247667
    }
  }
}