{
  "model": "chronos2",
  "dataset": "traffic",
  "method": "BM",
  "ratio": 0.3,
  "term": "medium",
  "imputation_method": "forward",
  "n_windows": 20,
  "period": 24,
  "summary": {
    "mean": {
      "trend_strength": 0.4982505320377931,
      "trend_linearity": 5.721324512412852e-07,
      "seasonal_strength": 0.6655302733623867,
      "seasonal_correlation": 0.7872233084509529,
      "residual_autocorr_lag1": 0.8271842520601999,
      "spectral_entropy": -1791.5196703874287
    },
    "std": {
      "trend_strength": 0.33315296453458376,
      "trend_linearity": 2.7453916388761755e-05,
      "seasonal_strength": 0.40564237169816153,
      "seasonal_correlation": 0.32587341915538737,
      "residual_autocorr_lag1": 0.0343305356104398,
      "spectral_entropy": 175.39178179585977
    },
    "min": {
      "trend_strength": 0.1362934899368643,
      "trend_linearity": -8.62895992200514e-05,
      "seasonal_strength": 0.0,
      "seasonal_correlation": 0.06156813837616572,
      "residual_autocorr_lag1": 0.747716151592268,
      "spectral_entropy": -2067.0770861141764
    },
    "max": {
      "trend_strength": 0.966038097859986,
      "trend_linearity": 5.9896471200640786e-05,
      "seasonal_strength": 0.9603243541035628,
      "seasonal_correlation": 0.9979676891758874,
      "residual_autocorr_lag1": 0.8829579470354798,
      "spectral_entropy": -1464.6693880825637
    }
  }
}