{
  "model": "chronos2",
  "dataset": "traffic",
  "method": "BM",
  "ratio": 0.2,
  "term": "short",
  "imputation_method": "backward",
  "n_windows": 20,
  "period": 24,
  "summary": {
    "mean": {
      "trend_strength": 0.6459342599165367,
      "trend_linearity": -5.778357009598118e-07,
      "seasonal_strength": 0.9491658025390981,
      "seasonal_correlation": 0.7194985344650181,
      "residual_autocorr_lag1": 0.20522754965848616,
      "spectral_entropy": -222.41315570667044
    },
    "std": {
      "trend_strength": 0.3240162172267729,
      "trend_linearity": 0.00013729843104279382,
      "seasonal_strength": 0.08040672403789194,
      "seasonal_correlation": 0.3387065078328339,
      "residual_autocorr_lag1": 0.27792120143563526,
      "spectral_entropy": 40.22431497542267
    },
    "min": {
      "trend_strength": 0.0,
      "trend_linearity": -0.00029564607812500456,
      "seasonal_strength": 0.6899704417235961,
      "seasonal_correlation": -0.3716137827079717,
      "residual_autocorr_lag1": -0.379527027027027,
      "spectral_entropy": -328.0417096444822
    },
    "max": {
      "trend_strength": 1.0,
      "trend_linearity": 0.0002765606874999999,
      "seasonal_strength": 1.0,
      "seasonal_correlation": 0.9997964448734286,
      "residual_autocorr_lag1": 0.7397676339522381,
      "spectral_entropy": -146.90420035523275
    }
  }
}