{
  "model": "chronos2",
  "dataset": "traffic",
  "method": "BM",
  "ratio": 0.3,
  "term": "short",
  "imputation_method": "forward",
  "n_windows": 20,
  "period": 24,
  "summary": {
    "mean": {
      "trend_strength": 0.8407659047922216,
      "trend_linearity": 3.8143760942442674e-05,
      "seasonal_strength": 0.9099453822744685,
      "seasonal_correlation": 0.5554293163281867,
      "residual_autocorr_lag1": 0.18815365890857833,
      "spectral_entropy": -233.61514845087154
    },
    "std": {
      "trend_strength": 0.2646364926928464,
      "trend_linearity": 0.00030362787942096443,
      "seasonal_strength": 0.14981448501742434,
      "seasonal_correlation": 0.38151020962911786,
      "residual_autocorr_lag1": 0.23713950351522445,
      "spectral_entropy": 45.21761629655858
    },
    "min": {
      "trend_strength": 0.0364689378973756,
      "trend_linearity": -0.0006077571354297993,
      "seasonal_strength": 0.4778032259317132,
      "seasonal_correlation": -0.08630455484070174,
      "residual_autocorr_lag1": -0.07799413735343383,
      "spectral_entropy": -333.7606139049831
    },
    "max": {
      "trend_strength": 1.0,
      "trend_linearity": 0.0009326774023217963,
      "seasonal_strength": 1.0,
      "seasonal_correlation": 0.999498410151671,
      "residual_autocorr_lag1": 0.5904322548028311,
      "spectral_entropy": -168.2673128162801
    }
  }
}