{
  "model": "chronos2",
  "dataset": "traffic",
  "method": "BM",
  "ratio": 0.1,
  "term": "short",
  "imputation_method": "linear",
  "n_windows": 20,
  "period": 24,
  "summary": {
    "mean": {
      "trend_strength": 0.7273780013416261,
      "trend_linearity": -4.587304372294553e-06,
      "seasonal_strength": 0.9870957343003159,
      "seasonal_correlation": 0.8782775738389639,
      "residual_autocorr_lag1": 0.2963485826421771,
      "spectral_entropy": -196.5754495869897
    },
    "std": {
      "trend_strength": 0.3547460078622239,
      "trend_linearity": 0.000261934492487404,
      "seasonal_strength": 0.033755364104466785,
      "seasonal_correlation": 0.20152481520530757,
      "residual_autocorr_lag1": 0.258143921382948,
      "spectral_entropy": 26.357201039225373
    },
    "min": {
      "trend_strength": 0.0,
      "trend_linearity": -0.00038274236007328373,
      "seasonal_strength": 0.851190435290015,
      "seasonal_correlation": 0.2974483943732771,
      "residual_autocorr_lag1": -0.1472524977293369,
      "spectral_entropy": -229.29757053668519
    },
    "max": {
      "trend_strength": 1.0,
      "trend_linearity": 0.0005080223739583325,
      "seasonal_strength": 1.0,
      "seasonal_correlation": 0.9996168923169119,
      "residual_autocorr_lag1": 0.8095232722789616,
      "spectral_entropy": -124.69789676098927
    }
  }
}