{
  "model": "chronos2",
  "dataset": "traffic",
  "method": "clean",
  "ratio": null,
  "term": "long",
  "imputation_method": null,
  "n_windows": 15,
  "period": 24,
  "summary": {
    "mean": {
      "trend_strength": 0.21632073514919803,
      "trend_linearity": 9.260903953830419e-07,
      "seasonal_strength": 0.9348910671704153,
      "seasonal_correlation": 0.992564847861377,
      "residual_autocorr_lag1": 0.8317034208880475,
      "spectral_entropy": -2720.6500116850034
    },
    "std": {
      "trend_strength": 0.06683608360273775,
      "trend_linearity": 1.412212396631707e-06,
      "seasonal_strength": 0.011079758902785144,
      "seasonal_correlation": 0.004495407385483566,
      "residual_autocorr_lag1": 0.03708476225153563,
      "spectral_entropy": 86.32075922417613
    },
    "min": {
      "trend_strength": 0.09271017448761154,
      "trend_linearity": -8.606955183160653e-07,
      "seasonal_strength": 0.9189747086868829,
      "seasonal_correlation": 0.9849604148944973,
      "residual_autocorr_lag1": 0.7431807381315649,
      "spectral_entropy": -2866.0185033384537
    },
    "max": {
      "trend_strength": 0.3379494856540035,
      "trend_linearity": 3.94738215512318e-06,
      "seasonal_strength": 0.9610163670890699,
      "seasonal_correlation": 0.9984095894785535,
      "residual_autocorr_lag1": 0.8808065646508865,
      "spectral_entropy": -2534.0821141578253
    }
  }
}