{
  "model": "chronos2",
  "dataset": "Water_Quality_Darwin_15T",
  "method": "BM",
  "ratio": 0.3,
  "term": "long",
  "imputation_method": "backward",
  "n_windows": 16,
  "period": 96,
  "summary": {
    "mean": {
      "trend_strength": 0.7195666414021098,
      "trend_linearity": 0.0016196363313490314,
      "seasonal_strength": 0.9436440000781872,
      "seasonal_correlation": 0.9897521015070545,
      "residual_autocorr_lag1": 0.9386012264667697,
      "spectral_entropy": 541.0082454604762
    },
    "std": {
      "trend_strength": 0.23050475289529535,
      "trend_linearity": 0.002329196554430632,
      "seasonal_strength": 0.06095831754355506,
      "seasonal_correlation": 0.0071892011689684825,
      "residual_autocorr_lag1": 0.029029606049126088,
      "spectral_entropy": 421.16567596542467
    },
    "min": {
      "trend_strength": 0.2693233436616117,
      "trend_linearity": -0.0013971415087741157,
      "seasonal_strength": 0.7323454186890795,
      "seasonal_correlation": 0.9696346920807047,
      "residual_autocorr_lag1": 0.870909901682831,
      "spectral_entropy": -69.302153720592
    },
    "max": {
      "trend_strength": 0.9761710440323016,
      "trend_linearity": 0.0069490730177245545,
      "seasonal_strength": 0.9903169701917942,
      "seasonal_correlation": 0.9970703403091147,
      "residual_autocorr_lag1": 0.9763448951256269,
      "spectral_entropy": 1437.2608052562475
    }
  }
}