{
  "model": "chronos2",
  "dataset": "Water_Quality_Darwin_15T",
  "method": "BM",
  "ratio": 0.2,
  "term": "long",
  "imputation_method": "backward",
  "n_windows": 16,
  "period": 96,
  "summary": {
    "mean": {
      "trend_strength": 0.7390525157071193,
      "trend_linearity": 0.0009729914902047429,
      "seasonal_strength": 0.9609675047667288,
      "seasonal_correlation": 0.9701587500009982,
      "residual_autocorr_lag1": 0.935190213822255,
      "spectral_entropy": 543.5172175121213
    },
    "std": {
      "trend_strength": 0.20675769098591598,
      "trend_linearity": 0.001870657513875064,
      "seasonal_strength": 0.06626128052725873,
      "seasonal_correlation": 0.0801497021327676,
      "residual_autocorr_lag1": 0.022876359669904336,
      "spectral_entropy": 440.59493767055955
    },
    "min": {
      "trend_strength": 0.37480222590012524,
      "trend_linearity": -0.001573360994507892,
      "seasonal_strength": 0.7222598400195748,
      "seasonal_correlation": 0.6610074802880164,
      "residual_autocorr_lag1": 0.8850029081039038,
      "spectral_entropy": -162.43169244510176
    },
    "max": {
      "trend_strength": 0.9929025433902248,
      "trend_linearity": 0.004740082696602314,
      "seasonal_strength": 0.9960535459101554,
      "seasonal_correlation": 0.9990197619579961,
      "residual_autocorr_lag1": 0.9677436553821166,
      "spectral_entropy": 1597.929446312602
    }
  }
}