{
  "model": "chronos2",
  "dataset": "Water_Quality_Darwin_15T",
  "method": "BM",
  "ratio": 0.1,
  "term": "long",
  "imputation_method": "mean",
  "n_windows": 16,
  "period": 96,
  "summary": {
    "mean": {
      "trend_strength": 0.3898871197712446,
      "trend_linearity": 0.0012787999481663785,
      "seasonal_strength": 0.7599334873267237,
      "seasonal_correlation": 0.9590002728813996,
      "residual_autocorr_lag1": 0.9288388952598272,
      "spectral_entropy": 856.1548884984305
    },
    "std": {
      "trend_strength": 0.3128354628822987,
      "trend_linearity": 0.0018869491763970996,
      "seasonal_strength": 0.32961242137998964,
      "seasonal_correlation": 0.06798614224986368,
      "residual_autocorr_lag1": 0.05403368288313469,
      "spectral_entropy": 483.7558382260715
    },
    "min": {
      "trend_strength": 0.018357646430359864,
      "trend_linearity": -0.0023187925181736365,
      "seasonal_strength": 0.06681133064242906,
      "seasonal_correlation": 0.7218846347087098,
      "residual_autocorr_lag1": 0.8066629417503652,
      "spectral_entropy": 120.25350943732829
    },
    "max": {
      "trend_strength": 0.9314838601599148,
      "trend_linearity": 0.0063218964495900904,
      "seasonal_strength": 0.9954017623146026,
      "seasonal_correlation": 0.9990761561675443,
      "residual_autocorr_lag1": 0.9967287377223079,
      "spectral_entropy": 1640.357994558316
    }
  }
}