{
  "model": "chronos2",
  "dataset": "weather",
  "method": "BM",
  "ratio": 0.3,
  "term": "medium",
  "imputation_method": "backward",
  "n_windows": 20,
  "period": 144,
  "summary": {
    "mean": {
      "trend_strength": 0.4618220298330925,
      "trend_linearity": 0.0011137480024423323,
      "seasonal_strength": 0.6919403579836627,
      "seasonal_correlation": 0.8349665200305832,
      "residual_autocorr_lag1": 0.9404953461566041,
      "spectral_entropy": 1202.906040470683
    },
    "std": {
      "trend_strength": 0.28212996069301083,
      "trend_linearity": 0.017339572253603414,
      "seasonal_strength": 0.34173779390327774,
      "seasonal_correlation": 0.22726273727899599,
      "residual_autocorr_lag1": 0.05528780142896321,
      "spectral_entropy": 449.1190101183687
    },
    "min": {
      "trend_strength": 0.0,
      "trend_linearity": -0.04163848790745762,
      "seasonal_strength": 0.0,
      "seasonal_correlation": 0.18281980543447643,
      "residual_autocorr_lag1": 0.7414806552418161,
      "spectral_entropy": 526.3693943709577
    },
    "max": {
      "trend_strength": 0.833712387860511,
      "trend_linearity": 0.03614547832366854,
      "seasonal_strength": 0.9917598599789036,
      "seasonal_correlation": 0.9990941977421622,
      "residual_autocorr_lag1": 0.9923847271177004,
      "spectral_entropy": 2138.385513303164
    }
  }
}