{
  "model": "chronos2",
  "dataset": "weather",
  "method": "clean",
  "ratio": null,
  "term": "long",
  "imputation_method": null,
  "n_windows": 20,
  "period": 144,
  "summary": {
    "mean": {
      "trend_strength": 0.4825540370691451,
      "trend_linearity": -0.0031547264891120482,
      "seasonal_strength": 0.9114444924892678,
      "seasonal_correlation": 0.9621348608966247,
      "residual_autocorr_lag1": 0.9355215383959509,
      "spectral_entropy": 1399.5956553577175
    },
    "std": {
      "trend_strength": 0.3104261921484303,
      "trend_linearity": 0.01085548915534892,
      "seasonal_strength": 0.120329795259922,
      "seasonal_correlation": 0.06497214084645343,
      "residual_autocorr_lag1": 0.07202383802151606,
      "spectral_entropy": 590.2252961711537
    },
    "min": {
      "trend_strength": 0.015778051768021606,
      "trend_linearity": -0.03359583462378032,
      "seasonal_strength": 0.5371123228151257,
      "seasonal_correlation": 0.7337853400016546,
      "residual_autocorr_lag1": 0.6785623314650246,
      "spectral_entropy": 523.0247759885119
    },
    "max": {
      "trend_strength": 0.8681322104999055,
      "trend_linearity": 0.012745727103643504,
      "seasonal_strength": 0.9974670264684162,
      "seasonal_correlation": 0.9984433766704288,
      "residual_autocorr_lag1": 0.9894231103661084,
      "spectral_entropy": 2871.089832613864
    }
  }
}