{
  "model": "chronos2",
  "dataset": "weather",
  "method": "BM",
  "ratio": 0.2,
  "term": "medium",
  "imputation_method": "linear",
  "n_windows": 20,
  "period": 144,
  "summary": {
    "mean": {
      "trend_strength": 0.4751400847332713,
      "trend_linearity": -0.003353860633266563,
      "seasonal_strength": 0.8140967081710061,
      "seasonal_correlation": 0.9035432257971386,
      "residual_autocorr_lag1": 0.9395822270527396,
      "spectral_entropy": 1128.800486437066
    },
    "std": {
      "trend_strength": 0.3157703057164866,
      "trend_linearity": 0.014524945421926378,
      "seasonal_strength": 0.24249033549892382,
      "seasonal_correlation": 0.18751210775964347,
      "residual_autocorr_lag1": 0.08761867723629704,
      "spectral_entropy": 466.45800286246305
    },
    "min": {
      "trend_strength": 0.0,
      "trend_linearity": -0.04615443952152902,
      "seasonal_strength": 0.022800934335959977,
      "seasonal_correlation": 0.19509567022306787,
      "residual_autocorr_lag1": 0.621214510826514,
      "spectral_entropy": 1.3660698041960018
    },
    "max": {
      "trend_strength": 0.956788171664523,
      "trend_linearity": 0.01353838897147315,
      "seasonal_strength": 0.9936942488075962,
      "seasonal_correlation": 0.9988932564134223,
      "residual_autocorr_lag1": 0.9913187005977918,
      "spectral_entropy": 2028.4107336794582
    }
  }
}