{
  "model": "chronos2",
  "dataset": "weather",
  "method": "BM",
  "ratio": 0.3,
  "term": "medium",
  "imputation_method": "mean",
  "n_windows": 20,
  "period": 144,
  "summary": {
    "mean": {
      "trend_strength": 0.3879320571743923,
      "trend_linearity": -0.002615441114531448,
      "seasonal_strength": 0.8716762593419174,
      "seasonal_correlation": 0.6591068789455375,
      "residual_autocorr_lag1": 0.7045089289965567,
      "spectral_entropy": 1273.0100591882115
    },
    "std": {
      "trend_strength": 0.29694097018140264,
      "trend_linearity": 0.01032001742289885,
      "seasonal_strength": 0.22467243099368103,
      "seasonal_correlation": 0.3934505273156629,
      "residual_autocorr_lag1": 0.38094461185756745,
      "spectral_entropy": 443.7361388048507
    },
    "min": {
      "trend_strength": 0.0,
      "trend_linearity": -0.029194852838054296,
      "seasonal_strength": 0.0,
      "seasonal_correlation": -0.012579099819029214,
      "residual_autocorr_lag1": -0.004340741046052916,
      "spectral_entropy": 503.8821061877942
    },
    "max": {
      "trend_strength": 0.7996354384142086,
      "trend_linearity": 0.013656588825614534,
      "seasonal_strength": 0.9982475317325479,
      "seasonal_correlation": 0.9990187045650919,
      "residual_autocorr_lag1": 0.9922567031384547,
      "spectral_entropy": 2108.1663151049747
    }
  }
}