{
  "model": "chronos2",
  "dataset": "weather",
  "method": "BM",
  "ratio": 0.2,
  "term": "medium",
  "imputation_method": "forward",
  "n_windows": 20,
  "period": 144,
  "summary": {
    "mean": {
      "trend_strength": 0.39232971472039,
      "trend_linearity": -0.0035382238939558304,
      "seasonal_strength": 0.7722294107768048,
      "seasonal_correlation": 0.8603006700670814,
      "residual_autocorr_lag1": 0.9548679404720943,
      "spectral_entropy": 1198.9107344173306
    },
    "std": {
      "trend_strength": 0.29655092003130873,
      "trend_linearity": 0.013554759573654502,
      "seasonal_strength": 0.27807067982032857,
      "seasonal_correlation": 0.20815079493712169,
      "residual_autocorr_lag1": 0.07799281836536527,
      "spectral_entropy": 371.8068941639141
    },
    "min": {
      "trend_strength": 0.0,
      "trend_linearity": -0.04615443952152902,
      "seasonal_strength": 0.0,
      "seasonal_correlation": 0.32533598700187455,
      "residual_autocorr_lag1": 0.621214510826514,
      "spectral_entropy": 532.7412647971032
    },
    "max": {
      "trend_strength": 0.8352081928123463,
      "trend_linearity": 0.014061967846265134,
      "seasonal_strength": 0.9936942488075962,
      "seasonal_correlation": 0.9988932564134223,
      "residual_autocorr_lag1": 0.9913187005977918,
      "spectral_entropy": 2028.4107336794582
    }
  }
}