{
  "model": "chronos2",
  "dataset": "weather",
  "method": "BM",
  "ratio": 0.3,
  "term": "long",
  "imputation_method": "backward",
  "n_windows": 20,
  "period": 144,
  "summary": {
    "mean": {
      "trend_strength": 0.4403532692108647,
      "trend_linearity": -0.0018108587188826529,
      "seasonal_strength": 0.8535840656897118,
      "seasonal_correlation": 0.9641884487129284,
      "residual_autocorr_lag1": 0.9715575394758428,
      "spectral_entropy": 1270.0893944344748
    },
    "std": {
      "trend_strength": 0.24199766053454302,
      "trend_linearity": 0.006654204135320077,
      "seasonal_strength": 0.16525424494337335,
      "seasonal_correlation": 0.050781479433156695,
      "residual_autocorr_lag1": 0.016316703148980184,
      "spectral_entropy": 532.6769304366596
    },
    "min": {
      "trend_strength": 0.08518046178919281,
      "trend_linearity": -0.02189640598061663,
      "seasonal_strength": 0.44537745034399634,
      "seasonal_correlation": 0.8005727408810177,
      "residual_autocorr_lag1": 0.9212324016687916,
      "spectral_entropy": 510.0449521134648
    },
    "max": {
      "trend_strength": 0.8812072653013616,
      "trend_linearity": 0.013155463105105137,
      "seasonal_strength": 0.992103480673858,
      "seasonal_correlation": 0.9976955254682023,
      "residual_autocorr_lag1": 0.9906700049819502,
      "spectral_entropy": 2118.290585202078
    }
  }
}