metric,value
model,kairos50m
eval_data,data\datasets\Imputed\BM\BM_020\current_velocity_15T_BM_020_long_backward.csv
clean_data,data\datasets\ori\current_velocity_15T.csv
freq,15T
term,long
prediction_length,720
windows,15
MSE[mean],0.09059995863172743
MSE[0.5],0.09059995863172743
MAE[0.5],0.19802268699363426
MASE[0.5],1.9126738930275233
MAPE[0.5],0.015046663637514468
sMAPE[0.5],0.01508417851426259
MSIS,47.18419721355452
RMSE[mean],0.3009982701474004
NRMSE[mean],0.023734746313257934
ND[0.5],0.01561476827678102
mean_weighted_sum_quantile_loss,0.014393267948272096
