metric,value
model,kairos50m
eval_data,data\datasets\Imputed\BM\BM_030\Coastal_T_S_5T_BM_030_long_backward.csv
clean_data,data\datasets\ori\Coastal_T_S_5T.csv
freq,5T
term,long
prediction_length,720
windows,20
MSE[mean],663.9334027777778
MSE[0.5],663.9334027777778
MAE[0.5],11.076979166666666
MASE[0.5],0.37426702384799776
MAPE[0.5],0.26045579698350696
sMAPE[0.5],0.23472573077972414
MSIS,6.852667248522363
RMSE[mean],25.766905184320795
NRMSE[mean],0.9477930994766134
ND[0.5],0.407448404925297
mean_weighted_sum_quantile_loss,0.3469419252956938
