metric,value
model,kairos50m
eval_data,data\datasets\Imputed\BM\BM_030\ETTh2_BM_030_long_backward.csv
clean_data,data\datasets\ori\ETTh2.csv
freq,H
term,long
prediction_length,720
windows,15
MSE[mean],48.051516203703706
MSE[0.5],48.051516203703706
MAE[0.5],5.467136140046296
MASE[0.5],1.8301045685809236
MAPE[0.5],0.3295189751519097
sMAPE[0.5],0.245416575023398
MSIS,32.0856889594827
RMSE[mean],6.931920095017231
NRMSE[mean],0.2531438718778998
ND[0.5],0.199652043244084
mean_weighted_sum_quantile_loss,0.175078699121836
