metric,value
model,kairos50m
eval_data,data\datasets\Imputed\BM\BM_010\exchange_rate_BM_010_long_forward.csv
clean_data,data\datasets\ori\exchange_rate.csv
freq,D
term,long
prediction_length,450
windows,11
MSE[mean],0.003203539992823745
MSE[0.5],0.003203539992823745
MAE[0.5],0.03828492752229325
MASE[0.5],14.60483180155723
MAPE[0.5],0.06158627288510101
sMAPE[0.5],0.06239621258131412
MSIS,243.3022903154287
RMSE[mean],0.05659982325788434
NRMSE[mean],0.08184013284990618
ND[0.5],0.05535783283805659
mean_weighted_sum_quantile_loss,0.04816893641562246
