metric,value
model,kairos50m
eval_data,data\datasets\Imputed\BM\BM_030\ETTh2_BM_030_medium_forward.csv
clean_data,data\datasets\ori\ETTh2.csv
freq,H
term,medium
prediction_length,480
windows,20
MSE[mean],48.46756510416667
MSE[0.5],48.46756510416667
MAE[0.5],5.375947265625
MASE[0.5],1.7756745219139929
MAPE[0.5],0.5621999104817709
sMAPE[0.5],0.23581743858140114
MSIS,22.53317031528101
RMSE[mean],6.961865059318995
NRMSE[mean],0.25688113410243213
ND[0.5],0.1983634297277956
mean_weighted_sum_quantile_loss,0.16684757720470111
