metric,value
model,kairos50m
eval_data,data\datasets\Imputed\BM\BM_010\Coastal_T_S_5T_BM_010_long_forward.csv
clean_data,data\datasets\ori\Coastal_T_S_5T.csv
freq,5T
term,long
prediction_length,720
windows,20
MSE[mean],686.2636111111111
MSE[0.5],686.2636111111111
MAE[0.5],11.154613715277778
MASE[0.5],0.3768852593281067
MAPE[0.5],0.24438973320855034
sMAPE[0.5],0.23554584985094515
MSIS,6.801863718538409
RMSE[mean],26.196633583556324
NRMSE[mean],0.9635999497184656
ND[0.5],0.4103040637220456
mean_weighted_sum_quantile_loss,0.3423677134352496
