metric,value
model,kairos50m
eval_data,data\datasets\Imputed\BM\BM_020\traffic_BM_020_long_forward.csv
clean_data,data\datasets\ori\traffic.csv
freq,H
term,long
prediction_length,720
windows,15
MSE[mean],7.986966106626723e-05
MSE[0.5],7.986966106626723e-05
MAE[0.5],0.00601666980319553
MASE[0.5],1.3334414492580462
MAPE[0.5],0.25808307882700326
sMAPE[0.5],0.22384077409488104
MSIS,13.908191684478812
RMSE[mean],0.008936982771957615
NRMSE[mean],0.2668702925573692
ND[0.5],0.17966583035587114
mean_weighted_sum_quantile_loss,0.14846550220689944
