metric,value
model,kairos50m
eval_data,data\datasets\Imputed\BM\BM_010\ETTh2_BM_010_medium_forward.csv
clean_data,data\datasets\ori\ETTh2.csv
freq,H
term,medium
prediction_length,480
windows,20
MSE[mean],38.94464192708333
MSE[0.5],38.94464192708333
MAE[0.5],4.957314860026042
MASE[0.5],1.6391221190156484
MAPE[0.5],0.4415482584635417
sMAPE[0.5],0.2293845496119342
MSIS,18.14176007683993
RMSE[mean],6.240564231468444
NRMSE[mean],0.23026634437173354
ND[0.5],0.18291659670158794
mean_weighted_sum_quantile_loss,0.15177412053075187
