metric,value
model,kairos50m
eval_data,data\datasets\Imputed\BM\BM_030\ETTh1_BM_030_long_forward.csv
clean_data,data\datasets\ori\ETTh1.csv
freq,H
term,long
prediction_length,720
windows,15
MSE[mean],14.899577546296296
MSE[0.5],14.899577546296296
MAE[0.5],2.956507884837963
MASE[0.5],1.233356508079086
MAPE[0.5],0.40804860908294394
sMAPE[0.5],0.35649847219611225
MSIS,25.47167459220014
RMSE[mean],3.859997091488062
NRMSE[mean],0.35090042689378864
ND[0.5],0.2687670105224228
mean_weighted_sum_quantile_loss,0.2411636117315676
