metric,value
model,kairos50m
eval_data,data\datasets\Imputed\BM\BM_020\Coastal_T_S_20T_BM_020_long_linear.csv
clean_data,data\datasets\ori\Coastal_T_S_20T.csv
freq,20T
term,long
prediction_length,720
windows,7
MSE[mean],0.2346285381014385
MSE[0.5],0.2346285381014385
MAE[0.5],0.4105444045293899
MASE[0.5],4.497267912963556
MAPE[0.5],0.022466303810240732
sMAPE[0.5],0.022712284306218473
MSIS,98.0906356810279
RMSE[mean],0.4843847005237041
NRMSE[mean],0.026685104650504714
ND[0.5],0.022617189161220817
mean_weighted_sum_quantile_loss,0.02050294565511408
