metric,value
model,kairos50m
eval_data,data\datasets\Imputed\BM\BM_030\ETTh2_BM_030_long_linear.csv
clean_data,data\datasets\ori\ETTh2.csv
freq,H
term,long
prediction_length,720
windows,15
MSE[mean],46.40927662037037
MSE[0.5],46.40927662037037
MAE[0.5],5.3340436921296295
MASE[0.5],1.7886645172894835
MAPE[0.5],0.35952227557146993
sMAPE[0.5],0.2332952577331107
MSIS,28.76633290878884
RMSE[mean],6.8124354397212725
NRMSE[mean],0.24878046204959592
ND[0.5],0.1947916961654224
mean_weighted_sum_quantile_loss,0.169053265236774
