metric,value
model,kairos50m
eval_data,data\datasets\Imputed\BM\BM_010\current_velocity_H_BM_010_long_linear.csv
clean_data,data\datasets\ori\current_velocity_H.csv
freq,H
term,long
prediction_length,720
windows,5
MSE[mean],102.60162326388888
MSE[0.5],102.60162326388888
MAE[0.5],8.00585177951389
MASE[0.5],1.2765850327975912
MAPE[0.5],0.04162652333577474
sMAPE[0.5],0.042151658624776364
MSIS,25.061072389368945
RMSE[mean],10.129245937575456
NRMSE[mean],0.05276880923301739
ND[0.5],0.04170688202305624
mean_weighted_sum_quantile_loss,0.037081679701517184
