metric,value
model,kairos50m
eval_data,data\datasets\Imputed\BM\BM_020\Coastal_T_S_5T_BM_020_long_linear.csv
clean_data,data\datasets\ori\Coastal_T_S_5T.csv
freq,5T
term,long
prediction_length,720
windows,20
MSE[mean],717.9208333333333
MSE[0.5],717.9208333333333
MAE[0.5],11.072149522569445
MASE[0.5],0.37408372124230505
MAPE[0.5],0.22044891357421875
sMAPE[0.5],0.23122866066883027
MSIS,6.84607839152176
RMSE[mean],26.79404473634642
NRMSE[mean],0.9855747334231603
ND[0.5],0.40727075443465677
mean_weighted_sum_quantile_loss,0.34667619107048264
