metric,value
model,kairos50m
eval_data,data\datasets\Imputed\BM\BM_020\ETTh1_BM_020_short_linear.csv
clean_data,data\datasets\ori\ETTh1.csv
freq,H
term,short
prediction_length,48
windows,20
MSE[mean],3.163788350423177
MSE[0.5],3.163788350423177
MAE[0.5],1.3011308034261069
MASE[0.5],0.6004769199160115
MAPE[0.5],0.16389609972635905
sMAPE[0.5],0.1471259535663877
MSIS,5.732221482512879
RMSE[mean],1.7787041211014205
NRMSE[mean],0.19047803347718
ND[0.5],0.13933561731431812
mean_weighted_sum_quantile_loss,0.11297059665487784
