metric,value
model,kairos50m
eval_data,data\datasets\Imputed\BM\BM_010\Coastal_T_S_5T_BM_010_long_linear.csv
clean_data,data\datasets\ori\Coastal_T_S_5T.csv
freq,5T
term,long
prediction_length,720
windows,20
MSE[mean],652.8342361111111
MSE[0.5],652.8342361111111
MAE[0.5],11.126001519097223
MASE[0.5],0.3758944850311679
MAPE[0.5],0.2682877943250868
sMAPE[0.5],0.2357033148189241
MSIS,6.561219255178651
RMSE[mean],25.550621051377814
NRMSE[mean],0.9398374444507868
ND[0.5],0.40925161128715626
mean_weighted_sum_quantile_loss,0.33726458380410845
