metric,value
model,kairos50m
eval_data,data\datasets\Imputed\BM\BM_010\current_velocity_15T_BM_010_long_linear.csv
clean_data,data\datasets\ori\current_velocity_15T.csv
freq,15T
term,long
prediction_length,720
windows,15
MSE[mean],0.09985488326461227
MSE[0.5],0.09985488326461227
MAE[0.5],0.20368360731336804
MASE[0.5],1.9562723123812988
MAPE[0.5],0.015427822536892361
sMAPE[0.5],0.015439992770287018
MSIS,49.18646170369481
RMSE[mean],0.31599823300868674
NRMSE[mean],0.02491754484909861
ND[0.5],0.01606115126636648
mean_weighted_sum_quantile_loss,0.014782408624097724
