metric,value
model,kairos50m
eval_data,data\datasets\Imputed\BM\BM_020\current_velocity_20T_BM_020_long_linear.csv
clean_data,data\datasets\ori\current_velocity_20T.csv
freq,20T
term,long
prediction_length,720
windows,14
MSE[mean],91.67357390873016
MSE[0.5],91.67357390873016
MAE[0.5],7.515640500992063
MASE[0.5],1.1311343838213037
MAPE[0.5],0.039695515708317836
sMAPE[0.5],0.0395169130333856
MSIS,18.768502836051123
RMSE[mean],9.574631789720698
NRMSE[mean],0.04991205139324015
ND[0.5],0.03917863821576534
mean_weighted_sum_quantile_loss,0.03378950037497122
