metric,value
model,kairos50m
eval_data,data\datasets\Imputed\BM\BM_020\current_velocity_20T_BM_020_long_mean.csv
clean_data,data\datasets\ori\current_velocity_20T.csv
freq,20T
term,long
prediction_length,720
windows,14
MSE[mean],94.64975198412698
MSE[0.5],94.64975198412698
MAE[0.5],7.5972136966765875
MASE[0.5],1.1427354739331268
MAPE[0.5],0.0401429191468254
sMAPE[0.5],0.039971819341054544
MSIS,19.731118823519594
RMSE[mean],9.728810409506755
NRMSE[mean],0.050715776420322885
ND[0.5],0.03960387498985078
mean_weighted_sum_quantile_loss,0.03437607281557316
