metric,value
model,kairos50m
eval_data,data\datasets\Imputed\BM\BM_030\ETTh2_BM_030_short_mean.csv
clean_data,data\datasets\ori\ETTh2.csv
freq,H
term,short
prediction_length,48
windows,20
MSE[mean],107.53639322916666
MSE[0.5],107.53639322916666
MAE[0.5],8.750484212239583
MASE[0.5],2.839794091799273
MAPE[0.5],0.23152917226155598
sMAPE[0.5],0.2695505526542082
MSIS,67.46244471470327
RMSE[mean],10.369975565504804
NRMSE[mean],0.29457808247208506
ND[0.5],0.24857347480339115
mean_weighted_sum_quantile_loss,0.23028579639777982
