metric,value
model,kairos50m
eval_data,data\datasets\Imputed\BM\BM_020\current_velocity_15T_BM_020_long_mean.csv
clean_data,data\datasets\ori\current_velocity_15T.csv
freq,15T
term,long
prediction_length,720
windows,15
MSE[mean],0.09857182255497685
MSE[0.5],0.09857182255497685
MAE[0.5],0.2076493778935185
MASE[0.5],2.000145657596414
MAPE[0.5],0.015858111911349827
sMAPE[0.5],0.015942545124758022
MSIS,40.9653026537959
RMSE[mean],0.3139614985232693
NRMSE[mean],0.02475694134697492
ND[0.5],0.01637386588299985
mean_weighted_sum_quantile_loss,0.01474465388154027
