metric,value
model,kairos50m
eval_data,data\datasets\Imputed\BM\BM_020\Coastal_T_S_15T_BM_020_long_mean.csv
clean_data,data\datasets\ori\Coastal_T_S_15T.csv
freq,15T
term,long
prediction_length,720
windows,20
MSE[mean],0.005430288314819336
MSE[0.5],0.005430288314819336
MAE[0.5],0.059510921902126736
MASE[0.5],1.0469248073855368
MAPE[0.5],0.001677054034339057
sMAPE[0.5],0.0016769071771694588
MSIS,20.335732388361897
RMSE[mean],0.07369048998900289
NRMSE[mean],0.002076153335764675
ND[0.5],0.0016766586711524087
mean_weighted_sum_quantile_loss,0.0015028024208344943
