metric,value
model,kairos50m
eval_data,data\datasets\Imputed\BM\BM_020\Coastal_T_S_5T_BM_020_long_mean.csv
clean_data,data\datasets\ori\Coastal_T_S_5T.csv
freq,5T
term,long
prediction_length,720
windows,20
MSE[mean],647.5121527777778
MSE[0.5],647.5121527777778
MAE[0.5],15.89231662326389
MASE[0.5],0.530782982242894
MAPE[0.5],0.6081374782986111
sMAPE[0.5],0.42966805302729766
MSIS,8.483985856649213
RMSE[mean],25.446260094123417
NRMSE[mean],0.9359986988027188
ND[0.5],0.5845726493918494
mean_weighted_sum_quantile_loss,0.5123125312582526
