metric,value
model,kairos50m
eval_data,data\datasets\Imputed\BM\BM_010\NE_China_Wind_H_BM_010_long_mean.csv
clean_data,data\datasets\ori\NE_China_Wind_H.csv
freq,H
term,long
prediction_length,720
windows,8
MSE[mean],0.613326899210612
MSE[0.5],0.613326899210612
MAE[0.5],0.6222218407524956
MASE[0.5],1.3579535399132672
MAPE[0.5],2.3832390679253472
sMAPE[0.5],0.8799871219570091
MSIS,20.14435466607565
RMSE[mean],0.7831519004705358
NRMSE[mean],0.8327811225647319
ND[0.5],0.6616527428648591
mean_weighted_sum_quantile_loss,0.5668943854143336
