metric,value
model,kairos50m
eval_data,data\datasets\Imputed\BM\BM_020\traffic_BM_020_long_mean.csv
clean_data,data\datasets\ori\traffic.csv
freq,H
term,long
prediction_length,720
windows,15
MSE[mean],4.387234096173887e-05
MSE[0.5],4.387234096173887e-05
MAE[0.5],0.004613983719437211
MASE[0.5],1.0216822467468987
MAPE[0.5],0.2485034485004632
sMAPE[0.5],0.1895704007759111
MSIS,10.312511417260529
RMSE[mean],0.006623619928840941
NRMSE[mean],0.19779017519705994
ND[0.5],0.13777974250155425
mean_weighted_sum_quantile_loss,0.11350499555427057
