metric,value
model,kairos50m
eval_data,data\datasets\Imputed\BM\BM_010\ETTh1_BM_010_medium_mean.csv
clean_data,data\datasets\ori\ETTh1.csv
freq,H
term,medium
prediction_length,480
windows,20
MSE[mean],10.625603841145834
MSE[0.5],10.625603841145834
MAE[0.5],2.5369364420572915
MASE[0.5],1.088382510400846
MAPE[0.5],0.42483737664473686
sMAPE[0.5],0.3273058532148844
MSIS,16.47809581758236
RMSE[mean],3.259693826288879
NRMSE[mean],0.314912959803118
ND[0.5],0.24508871273662136
mean_weighted_sum_quantile_loss,0.21130859013624403
