metric,value
model,kairos23m
eval_data,data/datasets/Imputed/BM/BM_020/azure2019_U_5T_BM_020_long_backward.csv
clean_data,data/datasets/ori/azure2019_U_5T.csv
freq,5T
term,long
prediction_length,720
windows,2
MSE[mean],1443.6170138888888
MSE[0.5],1443.6170138888888
MAE[0.5],28.224403211805555
MASE[0.5],0.8361732104408266
MAPE[0.5],2.5952548556857638
sMAPE[0.5],1.106549326578776
MSIS,17.65006847882572
RMSE[mean],37.99496037488247
NRMSE[mean],1.4596817332472942
ND[0.5],1.084318693679024
mean_weighted_sum_quantile_loss,0.9876425783983606
