metric,value
model,kairos23m
eval_data,data/datasets/Imputed/BM/BM_020/current_velocity_20T_BM_020_long_backward.csv
clean_data,data/datasets/ori/current_velocity_20T.csv
freq,20T
term,long
prediction_length,720
windows,14
MSE[mean],95.81023065476191
MSE[0.5],95.81023065476191
MAE[0.5],7.7514764694940474
MASE[0.5],1.166381825376804
MAPE[0.5],0.04102448962983631
sMAPE[0.5],0.04069176022968595
MSIS,24.006132410642216
RMSE[mean],9.788270054241552
NRMSE[mean],0.05102573641763716
ND[0.5],0.04040803870225537
mean_weighted_sum_quantile_loss,0.0358161895201451
