metric,value
model,kairos23m
eval_data,data/datasets/Imputed/BM/BM_030/azure2019_U_5T_BM_030_long_backward.csv
clean_data,data/datasets/ori/azure2019_U_5T.csv
freq,5T
term,long
prediction_length,720
windows,2
MSE[mean],1877.5395833333334
MSE[0.5],1877.5395833333334
MAE[0.5],38.79104546440972
MASE[0.5],1.137341470287172
MAPE[0.5],5.320123291015625
sMAPE[0.5],1.2701505872938368
MSIS,26.38539879232795
RMSE[mean],43.33058484873396
NRMSE[mean],1.6646645389432015
ND[0.5],1.4902655488856877
mean_weighted_sum_quantile_loss,1.3562187690434933
