metric,value
model,kairos23m
eval_data,data/datasets/Imputed/BM/BM_010/Coastal_T_S_15T_BM_010_long_backward.csv
clean_data,data/datasets/ori/Coastal_T_S_15T.csv
freq,15T
term,long
prediction_length,720
windows,20
MSE[mean],0.005377450519137912
MSE[0.5],0.005377450519137912
MAE[0.5],0.05867838117811415
MASE[0.5],1.0326250815732883
MAPE[0.5],0.0016538239849938287
sMAPE[0.5],0.0016534213225046794
MSIS,26.924725703362313
RMSE[mean],0.07333110199047818
NRMSE[mean],0.0020660279506290596
ND[0.5],0.0016532026973683205
mean_weighted_sum_quantile_loss,0.0015295107621581408
