metric,value
model,kairos23m
eval_data,data/datasets/Imputed/BM/BM_020/ETTh2_BM_020_long_backward.csv
clean_data,data/datasets/ori/ETTh2.csv
freq,H
term,long
prediction_length,720
windows,15
MSE[mean],46.38356770833333
MSE[0.5],46.38356770833333
MAE[0.5],5.322796585648148
MASE[0.5],1.7869403623309126
MAPE[0.5],0.3975878454137731
sMAPE[0.5],0.24362702546296297
MSIS,34.999654658828774
RMSE[mean],6.810548267822006
NRMSE[mean],0.24871154521343347
ND[0.5],0.1943809678184249
mean_weighted_sum_quantile_loss,0.17203676715838492
