metric,value
model,kairos23m
eval_data,data\datasets\Imputed\BM\BM_020\current_velocity_15T_BM_020_long_backward.csv
clean_data,data\datasets\ori\current_velocity_15T.csv
freq,15T
term,long
prediction_length,720
windows,15
MSE[mean],0.07471172756618924
MSE[0.5],0.07471172756618924
MAE[0.5],0.17689683702256945
MASE[0.5],1.7059996260018797
MAPE[0.5],0.013448220712167246
sMAPE[0.5],0.013499608690896015
MSIS,39.87295885859175
RMSE[mean],0.2733344609927355
NRMSE[mean],0.021553360048071703
ND[0.5],0.013948922524678773
mean_weighted_sum_quantile_loss,0.012683245066084465
