metric,value
model,kairos23m
eval_data,data/datasets/Imputed/BM/BM_030/Coastal_T_S_5T_BM_030_long_backward.csv
clean_data,data/datasets/ori/Coastal_T_S_5T.csv
freq,5T
term,long
prediction_length,720
windows,20
MSE[mean],608.5782638888888
MSE[0.5],608.5782638888888
MAE[0.5],10.993411458333334
MASE[0.5],0.3714969498560776
MAPE[0.5],0.3595539008246528
sMAPE[0.5],0.22960318671332466
MSIS,8.787399499074693
RMSE[mean],24.669379073841498
NRMSE[mean],0.9074224120942317
ND[0.5],0.404374504636115
mean_weighted_sum_quantile_loss,0.3641463508536867
