metric,value
model,kairos23m
eval_data,data\datasets\Imputed\BM\BM_010\current_velocity_15T_BM_010_long_forward.csv
clean_data,data\datasets\ori\current_velocity_15T.csv
freq,15T
term,long
prediction_length,720
windows,15
MSE[mean],0.07319552951388889
MSE[0.5],0.07319552951388889
MAE[0.5],0.17415844952618634
MASE[0.5],1.683804435993935
MAPE[0.5],0.013245246322066695
sMAPE[0.5],0.013299489849025197
MSIS,38.6156730770782
RMSE[mean],0.2705467233471677
NRMSE[mean],0.021333537370110567
ND[0.5],0.013732991275299094
mean_weighted_sum_quantile_loss,0.012417244726379766
