metric,value
model,kairos23m
eval_data,data\datasets\Imputed\BM\BM_020\current_velocity_15T_BM_020_long_forward.csv
clean_data,data\datasets\ori\current_velocity_15T.csv
freq,15T
term,long
prediction_length,720
windows,15
MSE[mean],0.07209353976779515
MSE[0.5],0.07209353976779515
MAE[0.5],0.17138822202329282
MASE[0.5],1.6503571889099604
MAPE[0.5],0.013039865846987124
sMAPE[0.5],0.013091293211674545
MSIS,38.90761572159016
RMSE[mean],0.2685024017914833
NRMSE[mean],0.021172335601465413
ND[0.5],0.013514549332164373
mean_weighted_sum_quantile_loss,0.012297857400317278
