metric,value
model,kairos23m
eval_data,data\datasets\Imputed\BM\BM_010\ETTh1_BM_010_long_forward.csv
clean_data,data\datasets\ori\ETTh1.csv
freq,H
term,long
prediction_length,720
windows,15
MSE[mean],11.976452546296295
MSE[0.5],11.976452546296295
MAE[0.5],2.6948328993055557
MASE[0.5],1.1275459643369272
MAPE[0.5],0.4026412364924065
sMAPE[0.5],0.35509941994929056
MSIS,19.80177686998751
RMSE[mean],3.460701163968986
NRMSE[mean],0.31460166601327716
ND[0.5],0.24497894489583713
mean_weighted_sum_quantile_loss,0.21410154868402645
