metric,value
model,kairos23m
eval_data,data/datasets/Imputed/BM/BM_020/Coastal_T_S_H_BM_020_long_forward.csv
clean_data,data/datasets/ori/Coastal_T_S_H.csv
freq,H
term,long
prediction_length,720
windows,8
MSE[mean],752.3111979166666
MSE[0.5],752.3111979166666
MAE[0.5],18.530851236979167
MASE[0.5],1.5219158968641675
MAPE[0.5],0.5907345241970486
sMAPE[0.5],0.3542802598741319
MSIS,44.97800145880416
RMSE[mean],27.428291924884178
NRMSE[mean],0.48470951486742414
ND[0.5],0.3274750005488906
mean_weighted_sum_quantile_loss,0.31092819342551953
