metric,value
model,kairos23m
eval_data,data/datasets/Imputed/BM/BM_010/weather_BM_010_long_forward.csv
clean_data,data/datasets/ori/weather.csv
freq,10T
term,long
prediction_length,720
windows,20
MSE[mean],281.38493055555557
MSE[0.5],281.38493055555557
MAE[0.5],11.760504557291666
MASE[0.5],0.36550049238148663
MAPE[0.5],0.02666932847764757
sMAPE[0.5],0.02671346876356337
MSIS,6.121899236066599
RMSE[mean],16.774532200796408
NRMSE[mean],0.03866854321557022
ND[0.5],0.02711023909739507
mean_weighted_sum_quantile_loss,0.023746232740739885
