metric,value
model,kairos23m
eval_data,data/datasets/Imputed/BM/BM_010/traffic_BM_010_short_forward.csv
clean_data,data/datasets/ori/traffic.csv
freq,H
term,short
prediction_length,48
windows,20
MSE[mean],0.00014686972523729006
MSE[0.5],0.00014686972523729006
MAE[0.5],0.007826823989550273
MASE[0.5],1.6308160861088332
MAPE[0.5],0.510038693745931
sMAPE[0.5],0.26768086751302084
MSIS,16.53302642133769
RMSE[mean],0.012118982021493804
NRMSE[mean],0.3196601496758764
ND[0.5],0.20644669028710955
mean_weighted_sum_quantile_loss,0.16825710175133085
