metric,value
model,kairos23m
eval_data,data\datasets\Imputed\BM\BM_030\current_velocity_15T_BM_030_long_forward.csv
clean_data,data\datasets\ori\current_velocity_15T.csv
freq,15T
term,long
prediction_length,720
windows,15
MSE[mean],0.06966268468786169
MSE[0.5],0.06966268468786169
MAE[0.5],0.16804415102358217
MASE[0.5],1.623020012475824
MAPE[0.5],0.012776010301378038
sMAPE[0.5],0.012842103718107623
MSIS,38.41683052304761
RMSE[mean],0.26393689527586267
NRMSE[mean],0.02081232974865198
ND[0.5],0.013250857860473234
mean_weighted_sum_quantile_loss,0.012075159444341116
