metric,value
model,kairos23m
eval_data,data\datasets\Imputed\BM\BM_010\exchange_rate_BM_010_long_forward.csv
clean_data,data\datasets\ori\exchange_rate.csv
freq,D
term,long
prediction_length,450
windows,11
MSE[mean],0.008758480187618371
MSE[0.5],0.008758480187618371
MAE[0.5],0.06585057114109849
MASE[0.5],23.359251082084764
MAPE[0.5],0.09890081232244319
sMAPE[0.5],0.10070641907300706
MSIS,445.33238538012415
RMSE[mean],0.09358675220146477
NRMSE[mean],0.13532113339403776
ND[0.5],0.09521618938410699
mean_weighted_sum_quantile_loss,0.08418941370778348
