metric,value
model,kairos23m
eval_data,data/datasets/Imputed/BM/BM_010/traffic_BM_010_medium_forward.csv
clean_data,data/datasets/ori/traffic.csv
freq,H
term,medium
prediction_length,480
windows,20
MSE[mean],9.638462215662002e-05
MSE[0.5],9.638462215662002e-05
MAE[0.5],0.004937473932902018
MASE[0.5],1.0668461973834413
MAPE[0.5],0.31463884380859986
sMAPE[0.5],0.1691107940673828
MSIS,15.148298978676099
RMSE[mean],0.009817567018188367
NRMSE[mean],0.28869855818956225
ND[0.5],0.14519295899753343
mean_weighted_sum_quantile_loss,0.12359323115581002
