metric,value
model,kairos23m
eval_data,data/datasets/Imputed/BM/BM_020/current_velocity_20T_BM_020_long_forward.csv
clean_data,data/datasets/ori/current_velocity_20T.csv
freq,20T
term,long
prediction_length,720
windows,14
MSE[mean],96.61384548611112
MSE[0.5],96.61384548611112
MAE[0.5],7.766556609623016
MASE[0.5],1.1679875364591716
MAPE[0.5],0.04111799815344432
sMAPE[0.5],0.04076668270050533
MSIS,24.891884628659174
RMSE[mean],9.829234226841434
NRMSE[mean],0.05123928049254164
ND[0.5],0.04048665067874333
mean_weighted_sum_quantile_loss,0.03622099799458009
