metric,value
model,kairos23m
eval_data,data/datasets/Imputed/BM/BM_030/traffic_BM_030_short_forward.csv
clean_data,data/datasets/ori/traffic.csv
freq,H
term,short
prediction_length,48
windows,20
MSE[mean],0.001050646478931109
MSE[0.5],0.001050646478931109
MAE[0.5],0.024416550000508627
MASE[0.5],5.09221972105457
MAPE[0.5],1.6220998128255208
sMAPE[0.5],0.6850374857584636
MSIS,53.10870633459246
RMSE[mean],0.03241367734353986
NRMSE[mean],0.8549695785343163
ND[0.5],0.6440308281577145
mean_weighted_sum_quantile_loss,0.5369088899212845
