metric,value
model,kairos23m
eval_data,data\datasets\Imputed\BM\BM_030\weather_BM_030_long_forward.csv
clean_data,data\datasets\ori\weather.csv
freq,10T
term,long
prediction_length,720
windows,20
MSE[mean],305.8365972222222
MSE[0.5],305.8365972222222
MAE[0.5],12.291061197916667
MASE[0.5],0.3817327367584172
MAPE[0.5],0.027827606201171876
sMAPE[0.5],0.027920165996984464
MSIS,6.80765439388026
RMSE[mean],17.488184503321726
NRMSE[mean],0.040313649891020834
ND[0.5],0.028333274836379284
mean_weighted_sum_quantile_loss,0.02492245236032731
