metric,value
model,kairos23m
eval_data,data/datasets/Imputed/BM/BM_010/weather_BM_010_short_forward.csv
clean_data,data/datasets/ori/weather.csv
freq,10T
term,short
prediction_length,48
windows,20
MSE[mean],16.789441935221355
MSE[0.5],16.789441935221355
MAE[0.5],3.0708948771158853
MASE[0.5],0.10494860289356264
MAPE[0.5],0.007134037713209788
sMAPE[0.5],0.007159353792667389
MSIS,0.9264568012221633
RMSE[mean],4.097492151941399
NRMSE[mean],0.009569923062555786
ND[0.5],0.007172247466849091
mean_weighted_sum_quantile_loss,0.005689291459454481
