metric,value
model,kairos23m
eval_data,data/datasets/Imputed/BM/BM_020/ETTh1_BM_020_long_forward.csv
clean_data,data/datasets/ori/ETTh1.csv
freq,H
term,long
prediction_length,720
windows,15
MSE[mean],12.188391203703704
MSE[0.5],12.188391203703704
MAE[0.5],2.725263310185185
MASE[0.5],1.140336120705039
MAPE[0.5],0.40722460024824764
sMAPE[0.5],0.3570947943793403
MSIS,22.703910432905623
RMSE[mean],3.4911876494545098
NRMSE[mean],0.3173730983532009
ND[0.5],0.24774527966633794
mean_weighted_sum_quantile_loss,0.2208735523051396
