metric,value
model,kairos23m
eval_data,data/datasets/Imputed/BM/BM_030/current_velocity_15T_BM_030_long_linear.csv
clean_data,data/datasets/ori/current_velocity_15T.csv
freq,15T
term,long
prediction_length,720
windows,15
MSE[mean],0.07448605007595487
MSE[0.5],0.07448605007595487
MAE[0.5],0.17238344545717593
MASE[0.5],1.664444547798719
MAPE[0.5],0.013082437868471498
sMAPE[0.5],0.01314718175817419
MSIS,39.045436412665616
RMSE[mean],0.27292132579913003
NRMSE[mean],0.02152078292060681
ND[0.5],0.013593026114494908
mean_weighted_sum_quantile_loss,0.012365972058526534
