metric,value
model,kairos23m
eval_data,data\datasets\Imputed\BM\BM_020\ETTh1_BM_020_long_linear.csv
clean_data,data\datasets\ori\ETTh1.csv
freq,H
term,long
prediction_length,720
windows,15
MSE[mean],13.084195601851851
MSE[0.5],13.084195601851851
MAE[0.5],2.8167203776041667
MASE[0.5],1.1781381425668502
MAPE[0.5],0.4203953709112149
sMAPE[0.5],0.3704868305868413
MSIS,22.47366428688612
RMSE[mean],3.6172082607795546
NRMSE[mean],0.3288292433355089
ND[0.5],0.25605935950607245
mean_weighted_sum_quantile_loss,0.2260486983477631
