metric,value
model,kairos23m
eval_data,data/datasets/Imputed/BM/BM_020/weather_BM_020_long_linear.csv
clean_data,data/datasets/ori/weather.csv
freq,10T
term,long
prediction_length,720
windows,20
MSE[mean],297.73614583333335
MSE[0.5],297.73614583333335
MAE[0.5],11.978031684027778
MASE[0.5],0.3723775700530456
MAPE[0.5],0.02715193854437934
sMAPE[0.5],0.027222459581163195
MSIS,7.080074456740406
RMSE[mean],17.25503247847808
NRMSE[mean],0.03977618935021146
ND[0.5],0.027611681224070574
mean_weighted_sum_quantile_loss,0.024406454530732903
