metric,value
model,kairos23m
eval_data,data\datasets\Imputed\BM\BM_030\azure2019_U_5T_BM_030_long_linear.csv
clean_data,data\datasets\ori\azure2019_U_5T.csv
freq,5T
term,long
prediction_length,720
windows,2
MSE[mean],2703.907291666667
MSE[0.5],2703.907291666667
MAE[0.5],46.38196614583333
MASE[0.5],1.354777348698548
MAPE[0.5],6.9102057562934025
sMAPE[0.5],1.3143587178864358
MSIS,26.904528656394294
RMSE[mean],51.99910856607704
NRMSE[mean],1.9976899086127906
ND[0.5],1.7818918105761217
mean_weighted_sum_quantile_loss,1.6029665666537751
