metric,value
model,kairos23m
eval_data,data\datasets\Imputed\BM\BM_020\current_velocity_5T_BM_020_long_linear.csv
clean_data,data\datasets\ori\current_velocity_5T.csv
freq,5T
term,long
prediction_length,720
windows,20
MSE[mean],0.12692275153266058
MSE[0.5],0.12692275153266058
MAE[0.5],0.29185577392578127
MASE[0.5],2.1578391919620956
MAPE[0.5],0.0028579065534803604
sMAPE[0.5],0.0028584096420268563
MSIS,54.923127592218044
RMSE[mean],0.35626219492483424
NRMSE[mean],0.0034887945739320225
ND[0.5],0.0028580771548264512
mean_weighted_sum_quantile_loss,0.0026525533703025557
