metric,value
model,kairos23m
eval_data,data\datasets\Imputed\BM\BM_020\current_velocity_20T_BM_020_long_linear.csv
clean_data,data\datasets\ori\current_velocity_20T.csv
freq,20T
term,long
prediction_length,720
windows,14
MSE[mean],88.61149553571428
MSE[0.5],88.61149553571428
MAE[0.5],7.427666945684524
MASE[0.5],1.1172011167564369
MAPE[0.5],0.03935065799289279
sMAPE[0.5],0.03901921132830947
MSIS,22.368468783531206
RMSE[mean],9.413367916729605
NRMSE[mean],0.04907139131425458
ND[0.5],0.03872003670395889
mean_weighted_sum_quantile_loss,0.03415395677465095
