metric,value
model,kairos23m
eval_data,data/datasets/Imputed/BM/BM_020/ETTh2_BM_020_medium_linear.csv
clean_data,data/datasets/ori/ETTh2.csv
freq,H
term,medium
prediction_length,480
windows,20
MSE[mean],40.050458984375
MSE[0.5],40.050458984375
MAE[0.5],4.87452880859375
MASE[0.5],1.610811815804331
MAPE[0.5],0.49550323486328124
sMAPE[0.5],0.22728383382161457
MSIS,19.67587916618579
RMSE[mean],6.328543196058236
NRMSE[mean],0.23351262047855517
ND[0.5],0.1798619303731559
mean_weighted_sum_quantile_loss,0.15059583088523149
