metric,value
model,kairos23m
eval_data,data/datasets/Imputed/BM/BM_020/current_velocity_15T_BM_020_long_linear.csv
clean_data,data/datasets/ori/current_velocity_15T.csv
freq,15T
term,long
prediction_length,720
windows,15
MSE[mean],0.07477205629701968
MSE[0.5],0.07477205629701968
MAE[0.5],0.17547281901041667
MASE[0.5],1.6908465399465105
MAPE[0.5],0.013336136429398147
sMAPE[0.5],0.01338643957067419
MSIS,39.44880773763466
RMSE[mean],0.2734447957029347
NRMSE[mean],0.021562060318524562
ND[0.5],0.013836633818675897
mean_weighted_sum_quantile_loss,0.01257337508719395
