metric,value
model,kairos23m
eval_data,data/datasets/Imputed/BM/BM_010/weather_BM_010_long_linear.csv
clean_data,data/datasets/ori/weather.csv
freq,10T
term,long
prediction_length,720
windows,20
MSE[mean],298.5288888888889
MSE[0.5],298.5288888888889
MAE[0.5],11.877042100694444
MASE[0.5],0.3697344549346724
MAPE[0.5],0.02696328904893663
sMAPE[0.5],0.026930084228515627
MSIS,6.466419021506309
RMSE[mean],17.277988566059676
NRMSE[mean],0.039829107574939494
ND[0.5],0.027378880689265674
mean_weighted_sum_quantile_loss,0.024057516561984335
