metric,value
model,kairos23m
eval_data,data/datasets/Imputed/BM/BM_030/ETTh2_BM_030_medium_linear.csv
clean_data,data/datasets/ori/ETTh2.csv
freq,H
term,medium
prediction_length,480
windows,20
MSE[mean],41.19663736979167
MSE[0.5],41.19663736979167
MAE[0.5],4.87866943359375
MASE[0.5],1.6122640543935702
MAPE[0.5],0.6345744832356771
sMAPE[0.5],0.2215868886311849
MSIS,23.173088802468303
RMSE[mean],6.418460669801729
NRMSE[mean],0.23683042431905557
ND[0.5],0.180014712484965
mean_weighted_sum_quantile_loss,0.15326000617577382
