metric,value
model,kairos23m
eval_data,data/datasets/Imputed/BM/BM_010/ETTh1_BM_010_long_linear.csv
clean_data,data/datasets/ori/ETTh1.csv
freq,H
term,long
prediction_length,720
windows,15
MSE[mean],12.194749710648148
MSE[0.5],12.194749710648148
MAE[0.5],2.7395567491319444
MASE[0.5],1.1485588607351924
MAPE[0.5],0.40672404351635516
sMAPE[0.5],0.3545905445240162
MSIS,19.746566712822844
RMSE[mean],3.4920981817022483
NRMSE[mean],0.31745587203070874
ND[0.5],0.24904465210349816
mean_weighted_sum_quantile_loss,0.21688015129818472
