metric,value
model,kairos23m
eval_data,data/datasets/Imputed/BM/BM_020/ETTh1_BM_020_medium_linear.csv
clean_data,data/datasets/ori/ETTh1.csv
freq,H
term,medium
prediction_length,480
windows,20
MSE[mean],8.749480794270834
MSE[0.5],8.749480794270834
MAE[0.5],2.2920428466796876
MASE[0.5],0.9772594540695284
MAPE[0.5],0.3872984426398026
sMAPE[0.5],0.31316225687662763
MSIS,13.73079617412248
RMSE[mean],2.957952128461655
NRMSE[mean],0.28576225540491657
ND[0.5],0.2214299978182976
mean_weighted_sum_quantile_loss,0.18734515790712608
