metric,value
model,kairos23m
eval_data,data\datasets\Imputed\BM\BM_020\Coastal_T_S_15T_BM_020_long_linear.csv
clean_data,data\datasets\ori\Coastal_T_S_15T.csv
freq,15T
term,long
prediction_length,720
windows,20
MSE[mean],0.006103605694240994
MSE[0.5],0.006103605694240994
MAE[0.5],0.0618870120578342
MASE[0.5],1.0879864044558598
MAPE[0.5],0.0017441442277696397
sMAPE[0.5],0.0017438275631133052
MSIS,27.978839731847728
RMSE[mean],0.07812557644101574
NRMSE[mean],0.0022011073092438214
ND[0.5],0.0017436025536477734
mean_weighted_sum_quantile_loss,0.0016079629664371082
