metric,value
model,kairos23m
eval_data,data/datasets/Imputed/BM/BM_010/ETTh2_BM_010_long_linear.csv
clean_data,data/datasets/ori/ETTh2.csv
freq,H
term,long
prediction_length,720
windows,15
MSE[mean],43.426996527777774
MSE[0.5],43.426996527777774
MAE[0.5],5.205123697916667
MASE[0.5],1.7453234597680771
MAPE[0.5],0.3713365794994213
sMAPE[0.5],0.23934629087094908
MSIS,28.85057124700238
RMSE[mean],6.589916276234303
NRMSE[mean],0.24065437839023388
ND[0.5],0.19008372116712363
mean_weighted_sum_quantile_loss,0.16467229225956026
