metric,value
model,kairos23m
eval_data,data/datasets/Imputed/BM/BM_010/EWELD_Load_15T_BM_010_long_mean.csv
clean_data,data/datasets/ori/EWELD_Load_15T.csv
freq,15T
term,long
prediction_length,720
windows,18
MSE[mean],4491.582716049383
MSE[0.5],4491.582716049383
MAE[0.5],43.685440779320984
MASE[0.5],1.241687304458007
MAPE[0.5],1.7986533082561729
sMAPE[0.5],0.5286404456621335
MSIS,15.180175277254216
RMSE[mean],67.01927122887403
NRMSE[mean],0.4104689556689941
ND[0.5],0.2675576282139891
mean_weighted_sum_quantile_loss,0.22448014110433043
