metric,value
model,kairos23m
eval_data,data/datasets/Imputed/BM/BM_020/current_velocity_5T_BM_020_long_mean.csv
clean_data,data/datasets/ori/current_velocity_5T.csv
freq,5T
term,long
prediction_length,720
windows,20
MSE[mean],0.188775634765625
MSE[0.5],0.188775634765625
MAE[0.5],0.3619623819986979
MASE[0.5],2.6738369051410427
MAPE[0.5],0.0035445600085788303
sMAPE[0.5],0.0035448598861694334
MSIS,52.07092943771661
RMSE[mean],0.43448318122296176
NRMSE[mean],0.004254794886207916
ND[0.5],0.0035446152083327314
mean_weighted_sum_quantile_loss,0.0031630374960568107
