metric,value
model,kairos23m
eval_data,data/datasets/Imputed/BM/BM_020/Coastal_T_S_5T_BM_020_long_mean.csv
clean_data,data/datasets/ori/Coastal_T_S_5T.csv
freq,5T
term,long
prediction_length,720
windows,20
MSE[mean],633.6046527777778
MSE[0.5],633.6046527777778
MAE[0.5],16.009741753472223
MASE[0.5],0.5348043188466355
MAPE[0.5],0.6204525417751736
sMAPE[0.5],0.44430287679036456
MSIS,11.744112567503883
RMSE[mean],25.171504777779532
NRMSE[mean],0.9258922777555489
ND[0.5],0.5888919390900288
mean_weighted_sum_quantile_loss,0.5326188192496023
