metric,value
model,kairos23m
eval_data,data/datasets/Imputed/BM/BM_030/azure2019_U_5T_BM_030_long_mean.csv
clean_data,data/datasets/ori/azure2019_U_5T.csv
freq,5T
term,long
prediction_length,720
windows,2
MSE[mean],1408.6012152777778
MSE[0.5],1408.6012152777778
MAE[0.5],30.863932291666668
MASE[0.5],0.9112214887821448
MAPE[0.5],3.362299262152778
sMAPE[0.5],1.1873113844129775
MSIS,21.509974832448076
RMSE[mean],37.53133644406735
NRMSE[mean],1.4418703346768007
ND[0.5],1.1857235206411634
mean_weighted_sum_quantile_loss,1.0949892746621661
