metric,value
model,kairos23m
eval_data,data\datasets\Imputed\BM\BM_010\EWELD_Load_15T_BM_010_long_mean.csv
clean_data,data\datasets\ori\EWELD_Load_15T.csv
freq,15T
term,long
prediction_length,720
windows,18
MSE[mean],4491.583333333333
MSE[0.5],4491.583333333333
MAE[0.5],43.68544560185185
MASE[0.5],1.2416874146338772
MAPE[0.5],1.7986537603684414
sMAPE[0.5],0.5286404670095938
MSIS,15.180178351356732
RMSE[mean],67.0192758341459
NRMSE[mean],0.41046898387462954
ND[0.5],0.26755765775025786
mean_weighted_sum_quantile_loss,0.22448016301199886
