metric,value
model,kairos23m
eval_data,data/datasets/Imputed/BM/BM_030/traffic_BM_030_medium_mean.csv
clean_data,data/datasets/ori/traffic.csv
freq,H
term,medium
prediction_length,480
windows,20
MSE[mean],0.0002392628788948059
MSE[0.5],0.0002392628788948059
MAE[0.5],0.009825135072072347
MASE[0.5],2.126928926799832
MAPE[0.5],0.5669194565351859
sMAPE[0.5],0.33149861653645835
MSIS,69.22011670879341
RMSE[mean],0.015468124608200113
NRMSE[mean],0.45486068636055016
ND[0.5],0.28892110683532735
mean_weighted_sum_quantile_loss,0.2774425380865189
