metric,value
model,kairos23m
eval_data,data\datasets\Imputed\BM\BM_030\Coastal_T_S_20T_BM_030_long_mean.csv
clean_data,data\datasets\ori\Coastal_T_S_20T.csv
freq,20T
term,long
prediction_length,720
windows,7
MSE[mean],0.8720960828993055
MSE[0.5],0.8720960828993055
MAE[0.5],0.6946860661582341
MASE[0.5],7.424495232017482
MAPE[0.5],0.036847338600764196
sMAPE[0.5],0.03805646810791609
MSIS,179.04322360483434
RMSE[mean],0.9338608477173168
NRMSE[mean],0.05144707176631014
ND[0.5],0.03827075949062257
mean_weighted_sum_quantile_loss,0.03509049492512586
