metric,value
model,kairos23m
eval_data,data/datasets/Imputed/BM/BM_010/traffic_BM_010_medium_mean.csv
clean_data,data/datasets/ori/traffic.csv
freq,H
term,medium
prediction_length,480
windows,20
MSE[mean],8.685140560070673e-05
MSE[0.5],8.685140560070673e-05
MAE[0.5],0.004773205121358236
MASE[0.5],1.0321855465759324
MAPE[0.5],0.24476439297876082
sMAPE[0.5],0.16991861979166667
MSIS,21.8912123302834
RMSE[mean],0.009319410153046529
NRMSE[mean],0.2740495959311697
ND[0.5],0.14036241707606315
mean_weighted_sum_quantile_loss,0.12533806102807493
