metric,value
model,kairos23m
eval_data,data/datasets/Imputed/BM/BM_020/ETTh2_BM_020_long_mean.csv
clean_data,data/datasets/ori/ETTh2.csv
freq,H
term,long
prediction_length,720
windows,15
MSE[mean],46.08645833333333
MSE[0.5],46.08645833333333
MAE[0.5],5.269291811342592
MASE[0.5],1.7649627451513212
MAPE[0.5],0.8253545464409722
sMAPE[0.5],0.2348989303023727
MSIS,30.343640697970425
RMSE[mean],6.788700783900652
NRMSE[mean],0.2479137061450609
ND[0.5],0.19242704948901462
mean_weighted_sum_quantile_loss,0.1682484675429453
