metric,value
model,kairos23m
eval_data,data\datasets\Imputed\BM\BM_010\current_velocity_15T_BM_010_long_mean.csv
clean_data,data\datasets\ori\current_velocity_15T.csv
freq,15T
term,long
prediction_length,720
windows,15
MSE[mean],0.08587557192201968
MSE[0.5],0.08587557192201968
MAE[0.5],0.18725273980034723
MASE[0.5],1.7929604835289468
MAPE[0.5],0.014175330268012152
sMAPE[0.5],0.014323976542714289
MSIS,39.73395691960902
RMSE[mean],0.2930453410686129
NRMSE[mean],0.02310763056923749
ND[0.5],0.014765520989364142
mean_weighted_sum_quantile_loss,0.01325090574508273
