metric,value
model,chronos2
eval_data,data\datasets\ori\ETTh2.csv
clean_data,data\datasets\ori\ETTh2.csv
freq,H
term,short
prediction_length,48
windows,20
MSE[mean],16.98837890625
MSE[0.5],16.98837890625
MAE[0.5],2.8953648885091146
MASE[0.5],0.9396701929113777
MAPE[0.5],0.08601433436075846
sMAPE[0.5],0.08172198931376139
MSIS,5.906306334710306
RMSE[mean],4.121696120076054
NRMSE[mean],0.1170843009142165
ND[0.5],0.08224812406995273
mean_weighted_sum_quantile_loss,0.06497170322120426
