metric,value
model,chronos2
eval_data,data\datasets\ori\ETTh1.csv
clean_data,data\datasets\ori\ETTh1.csv
freq,H
term,short
prediction_length,48
windows,20
MSE[mean],3.441634114583333
MSE[0.5],3.441634114583333
MAE[0.5],1.1921155293782553
MASE[0.5],0.5501648959087029
MAPE[0.5],0.1573362668355306
sMAPE[0.5],0.1299959897994995
MSIS,4.463528873526626
RMSE[mean],1.8551641745633547
NRMSE[mean],0.19866599484198016
ND[0.5],0.12766137943896402
mean_weighted_sum_quantile_loss,0.10530312333245252
