metric,value
model,chronos2
eval_data,data\datasets\ori\ETTh1.csv
clean_data,data\datasets\ori\ETTh1.csv
freq,H
term,long
prediction_length,720
windows,15
MSE[mean],11.203113425925926
MSE[0.5],11.203113425925926
MAE[0.5],2.6181344039351853
MASE[0.5],1.0941448238160032
MAPE[0.5],0.39893367589077106
sMAPE[0.5],0.323837890625
MSIS,7.663293171746783
RMSE[mean],3.3471052307816564
NRMSE[mean],0.30427501018839787
ND[0.5],0.23800652130854402
mean_weighted_sum_quantile_loss,0.18601488290791296
