metric,value
model,chronos2
eval_data,data\datasets\ori\ETTm2.csv
clean_data,data\datasets\ori\ETTm2.csv
freq,15T
term,long
prediction_length,720
windows,20
MSE[mean],45.70171875
MSE[0.5],45.70171875
MAE[0.5],4.854817708333333
MASE[0.5],1.6030497005993862
MAPE[0.5],0.5774354383680556
sMAPE[0.5],0.23281704372829862
MSIS,10.601854858841964
RMSE[mean],6.760304634408127
NRMSE[mean],0.26648358809051015
ND[0.5],0.19137144143731064
mean_weighted_sum_quantile_loss,0.1524240826486995
