metric,value
eval_data,datasets\Impute\MCAR_005\zero\ETTh1_MCAR_005_long.csv
clean_data,datasets\ori\ETTh1.csv
freq,H
term,long
prediction_length,720
windows,3
MSE[mean],14.79855052806713
MSE[0.5],15.12074291087963
MAE[0.5],3.2222588433159722
MASE[0.5],1.4673984704560525
MAPE[0.5],0.3622400553763051
sMAPE[0.5],0.40416133531910164
MSIS,13.958473672592659
RMSE[mean],3.846888421577513
NRMSE[mean],0.41606724703857734
ND[0.5],0.34850929355377797
mean_weighted_sum_quantile_loss,0.2880329642122786
