metric,value
eval_data,datasets\Impute\MCAR_005\zero\ETTh1_MCAR_005_short.csv
clean_data,datasets\ori\ETTh1.csv
freq,H
term,short
prediction_length,48
windows,20
MSE[mean],3.3612548828125
MSE[0.5],3.2261815388997395
MAE[0.5],1.296399434407552
MASE[0.5],0.5983137739521082
MAPE[0.5],0.1496159235636393
sMAPE[0.5],0.14593302810527817
MSIS,5.154745396931486
RMSE[mean],1.8333725433780501
NRMSE[mean],0.1963323706010544
ND[0.5],0.13882894402581689
mean_weighted_sum_quantile_loss,0.11361047601158937
