metric,value
model,sundial
eval_data,data\datasets\ori\azure2019_U_5T.csv
clean_data,data\datasets\ori\azure2019_U_5T.csv
freq,5T
term,long
prediction_length,720
windows,2
MSE[mean],1504.0527777777777
MSE[0.5],1514.0734375
MAE[0.5],36.338628472222226
MASE[0.5],1.0668913944225804
MAPE[0.5],4.941177029079861
sMAPE[0.5],1.2519682142469617
MSIS,12.199574382705501
RMSE[mean],38.78211930487783
NRMSE[mean],1.4899226257219786
ND[0.5],1.396049151487683
mean_weighted_sum_quantile_loss,1.1777183022638498
