metric,value
model,sundial
eval_data,data\datasets\ori\Coastal_T_S_H.csv
clean_data,data\datasets\ori\Coastal_T_S_H.csv
freq,H
term,long
prediction_length,720
windows,8
MSE[mean],1328.79375
MSE[0.5],1428.2032986111112
MAE[0.5],24.5875732421875
MASE[0.5],2.07996840973333
MAPE[0.5],1.0219542609320746
sMAPE[0.5],0.445562744140625
MSIS,40.093528991764494
RMSE[mean],36.45262336238642
NRMSE[mean],0.6441864274310571
ND[0.5],0.43450867194451764
mean_weighted_sum_quantile_loss,0.37983826124250164
