metric,value
model,sundial
eval_data,data\datasets\ori\electricity.csv
clean_data,data\datasets\ori\electricity.csv
freq,H
term,long
prediction_length,720
windows,20
MSE[mean],64962.43111111111
MSE[0.5],65043.084444444445
MAE[0.5],183.49
MASE[0.5],0.6287728180931342
MAPE[0.5],0.056210814403886554
sMAPE[0.5],0.05472434997558594
MSIS,9.845950529521497
RMSE[mean],254.87728637740773
NRMSE[mean],0.07687742711633416
ND[0.5],0.05534521848560661
mean_weighted_sum_quantile_loss,0.04741845651825451
