metric,value
model,sundial
eval_data,data\datasets\ori\electricity.csv
clean_data,data\datasets\ori\electricity.csv
freq,H
term,short
prediction_length,48
windows,20
MSE[mean],19216.9625
MSE[0.5],19204.85625
MAE[0.5],94.81404622395833
MASE[0.5],0.32995249396508214
MAPE[0.5],0.03114461898803711
sMAPE[0.5],0.03066834608713786
MSIS,5.446379495567279
RMSE[mean],138.62525924231846
NRMSE[mean],0.04584966206182724
ND[0.5],0.031359306390792874
mean_weighted_sum_quantile_loss,0.02720352548430247
