metric,value
model,sundial
eval_data,data\datasets\ori\ETTh1.csv
clean_data,data\datasets\ori\ETTh1.csv
freq,H
term,long
prediction_length,720
windows,15
MSE[mean],15.493489583333334
MSE[0.5],15.236548032407407
MAE[0.5],3.0881177662037036
MASE[0.5],1.2835065003754111
MAPE[0.5],0.4533337288259346
sMAPE[0.5],0.34896714952256946
MSIS,16.315758083582246
RMSE[mean],3.9361770264221265
NRMSE[mean],0.3578257097516571
ND[0.5],0.28073125880036015
mean_weighted_sum_quantile_loss,0.2370840008859849
