metric,value
model,sundial
eval_data,data\datasets\ori\ETTh1.csv
clean_data,data\datasets\ori\ETTh1.csv
freq,H
term,short
prediction_length,48
windows,20
MSE[mean],2.982621765136719
MSE[0.5],2.9870920817057294
MAE[0.5],1.1404254913330079
MASE[0.5],0.5262375205924046
MAPE[0.5],0.14899036089579265
sMAPE[0.5],0.1266928513844808
MSIS,5.9717934685268785
RMSE[mean],1.7270268570976883
NRMSE[mean],0.1849440137905237
ND[0.5],0.12212599180455377
mean_weighted_sum_quantile_loss,0.10192644281137925
