metric,value
model,sundial
eval_data,data\datasets\ori\ETTh2.csv
clean_data,data\datasets\ori\ETTh2.csv
freq,H
term,long
prediction_length,720
windows,15
MSE[mean],55.572679398148146
MSE[0.5],56.30984953703704
MAE[0.5],6.0527567997685185
MASE[0.5],2.0295277262913705
MAPE[0.5],0.5002020037615741
sMAPE[0.5],0.2685750777633102
MSIS,26.880266540511382
RMSE[mean],7.454708538779243
NRMSE[mean],0.27223536298179546
ND[0.5],0.22103807759268174
mean_weighted_sum_quantile_loss,0.18730217113770142
