metric,value
model,sundial
eval_data,data\datasets\ori\ETTh2.csv
clean_data,data\datasets\ori\ETTh2.csv
freq,H
term,short
prediction_length,48
windows,20
MSE[mean],16.05715128580729
MSE[0.5],15.799240112304688
MAE[0.5],2.9163670857747395
MASE[0.5],0.9463643552441137
MAPE[0.5],0.08360517819722493
sMAPE[0.5],0.08240091800689697
MSIS,10.646541751619369
RMSE[mean],4.007137542661505
NRMSE[mean],0.11383005543867616
ND[0.5],0.08284472981498345
mean_weighted_sum_quantile_loss,0.06922579999810893
