metric,value
model,sundial
eval_data,data\datasets\ori\ETTm2.csv
clean_data,data\datasets\ori\ETTm2.csv
freq,15T
term,medium
prediction_length,480
windows,20
MSE[mean],35.9858203125
MSE[0.5],36.489765625
MAE[0.5],4.651380615234375
MASE[0.5],1.523414018898609
MAPE[0.5],0.1638867696126302
sMAPE[0.5],0.16172974904378254
MSIS,16.123703686572355
RMSE[mean],5.998818242995865
NRMSE[mean],0.1930383322619086
ND[0.5],0.1496786067370158
mean_weighted_sum_quantile_loss,0.12364549373705754
