metric,value
model,sundial
eval_data,data\datasets\ori\ETTm2.csv
clean_data,data\datasets\ori\ETTm2.csv
freq,T
term,medium
prediction_length,480
windows,20
MSE[mean],36.613681640625
MSE[0.5],37.11181640625
MAE[0.5],4.664473876953125
MASE[0.5],0.7829157316585216
MAPE[0.5],0.16504141489664714
sMAPE[0.5],0.16251439412434895
MSIS,8.016188438150841
RMSE[mean],6.05092403196611
NRMSE[mean],0.19471506494434168
ND[0.5],0.1500999399569391
mean_weighted_sum_quantile_loss,0.12432610972806035
