metric,value
model,sundial
eval_data,data\datasets\ori\ETTm1.csv
clean_data,data\datasets\ori\ETTm1.csv
freq,15T
term,medium
prediction_length,480
windows,20
MSE[mean],9.707392578125
MSE[0.5],9.74272705078125
MAE[0.5],2.31226318359375
MASE[0.5],1.0513636885430728
MAPE[0.5],0.36413254356045777
sMAPE[0.5],0.2712927500406901
MSIS,12.499635863551745
RMSE[mean],3.1156688813359166
NRMSE[mean],0.33991453792191617
ND[0.5],0.2522642493601966
mean_weighted_sum_quantile_loss,0.21221134347409557
