{
  "model": "kairos23m",
  "dataset": "Australia_Solar_H",
  "method": "BM",
  "ratio": 0.3,
  "term": "long",
  "imputation_method": "backward",
  "n_windows": 20,
  "period": 24,
  "summary": {
    "mean": {
      "trend_strength": 0.5363513785446078,
      "trend_linearity": -40.696336495007685,
      "seasonal_strength": 0.9807420480257875,
      "seasonal_correlation": 0.9925416030110059,
      "residual_autocorr_lag1": 0.7508629029005417,
      "spectral_entropy": 9307.567705982878
    },
    "std": {
      "trend_strength": 0.18099454590039094,
      "trend_linearity": 111.62473926623109,
      "seasonal_strength": 0.029021517745004628,
      "seasonal_correlation": 0.01936017426947433,
      "residual_autocorr_lag1": 0.1480096175928473,
      "spectral_entropy": 313.8815519444499
    },
    "min": {
      "trend_strength": 0.28103916844072396,
      "trend_linearity": -267.1707769165711,
      "seasonal_strength": 0.898031188884651,
      "seasonal_correlation": 0.9122928751712593,
      "residual_autocorr_lag1": 0.4787438000459017,
      "spectral_entropy": 8652.792563501109
    },
    "max": {
      "trend_strength": 0.876535084412617,
      "trend_linearity": 272.73797155317493,
      "seasonal_strength": 0.9993137764316934,
      "seasonal_correlation": 0.9994458989056106,
      "residual_autocorr_lag1": 0.9432035931412518,
      "spectral_entropy": 9822.325781987853
    }
  }
}