{
  "model": "kairos23m",
  "dataset": "Australia_Solar_H",
  "method": "BM",
  "ratio": 0.1,
  "term": "long",
  "imputation_method": "linear",
  "n_windows": 20,
  "period": 24,
  "summary": {
    "mean": {
      "trend_strength": 0.5457983339712673,
      "trend_linearity": -37.77161345302018,
      "seasonal_strength": 0.9976281339513081,
      "seasonal_correlation": 0.9942924319623817,
      "residual_autocorr_lag1": 0.6827133244722599,
      "spectral_entropy": 9118.481034302731
    },
    "std": {
      "trend_strength": 0.1743648046626812,
      "trend_linearity": 65.07748917254631,
      "seasonal_strength": 0.002232857416539373,
      "seasonal_correlation": 0.022050315587515943,
      "residual_autocorr_lag1": 0.08406704091403486,
      "spectral_entropy": 267.13681540964495
    },
    "min": {
      "trend_strength": 0.28317444009853576,
      "trend_linearity": -126.0241017795828,
      "seasonal_strength": 0.9889155848060837,
      "seasonal_correlation": 0.8981878318445363,
      "residual_autocorr_lag1": 0.4549357167097273,
      "spectral_entropy": 8614.016866272457
    },
    "max": {
      "trend_strength": 0.8802441242867465,
      "trend_linearity": 164.29520352940452,
      "seasonal_strength": 0.9993907679004354,
      "seasonal_correlation": 0.9997054320637555,
      "residual_autocorr_lag1": 0.8324604152012084,
      "spectral_entropy": 9750.945719946205
    }
  }
}