window_idx,n_series,trend_strength,trend_linearity,seasonal_strength,seasonal_correlation,residual_autocorr_lag1,spectral_entropy
0,1,0.8195390389506925,0.00851306416352117,0.45461307867567535,0.3936929388552254,0.8963482749310049,1210.8496764015852
1,1,0.07031624281294724,0.00026728238978466985,0.8854712802021613,0.7749087573556673,0.7269572317863262,1896.6675030449335
