window_idx,n_series,trend_strength,trend_linearity,seasonal_strength,seasonal_correlation,residual_autocorr_lag1,spectral_entropy
0,1,0.12846048887409856,0.0009896427756940713,0.6184748997965468,0.7329499162902533,0.8980684089248806,2030.0386625455808
1,1,0.3237223566059263,0.002079139190837616,0.8560073502843734,0.4596529378969734,0.3250043783565023,1694.8604512548673
