window_idx,n_series,trend_strength,trend_linearity,seasonal_strength,seasonal_correlation,residual_autocorr_lag1,spectral_entropy
0,1,0.06797958246326952,0.0008095503729528072,0.8319836813374211,0.8422815992989676,0.6014495767514378,2468.54164309504
1,1,0.010662429928409156,-0.00022194214587444624,0.8800064849571304,0.27598595887684096,0.7213401366938555,2059.5689107659487
