window_idx,n_series,trend_strength,trend_linearity,seasonal_strength,seasonal_correlation,residual_autocorr_lag1,spectral_entropy
0,1,0.8589614231099101,0.008286336704262477,0.49894617692337206,-0.04918497244687465,0.8761946020359485,1189.3163526395583
1,1,0.21515873542932373,0.00043317736871663153,0.838554323476375,0.5202074161699783,0.5101031459857762,1904.4156765057683
