{
  "model": "kairos23m",
  "dataset": "azure2019_U_5T",
  "method": "BM",
  "ratio": 0.1,
  "term": "long",
  "imputation_method": "backward",
  "n_windows": 2,
  "period": 288,
  "summary": {
    "mean": {
      "trend_strength": 0.5547573544479789,
      "trend_linearity": -0.003896924411135694,
      "seasonal_strength": 0.6808424061020897,
      "seasonal_correlation": 0.548466317261785,
      "residual_autocorr_lag1": 0.7182268896190209,
      "spectral_entropy": 1485.4793159258898
    },
    "std": {
      "trend_strength": 0.06360010606866145,
      "trend_linearity": 0.0015443861406475158,
      "seasonal_strength": 0.11423837760045985,
      "seasonal_correlation": 0.1940436247681093,
      "residual_autocorr_lag1": 0.03247197631331439,
      "spectral_entropy": 510.56390074781496
    },
    "min": {
      "trend_strength": 0.4911572483793175,
      "trend_linearity": -0.00544131055178321,
      "seasonal_strength": 0.5666040285016298,
      "seasonal_correlation": 0.3544226924936757,
      "residual_autocorr_lag1": 0.6857549133057065,
      "spectral_entropy": 974.9154151780747
    },
    "max": {
      "trend_strength": 0.6183574605166404,
      "trend_linearity": -0.0023525382704881782,
      "seasonal_strength": 0.7950807837025495,
      "seasonal_correlation": 0.7425099420298943,
      "residual_autocorr_lag1": 0.7506988659323353,
      "spectral_entropy": 1996.0432166737046
    }
  }
}