window_idx,n_series,trend_strength,trend_linearity,seasonal_strength,seasonal_correlation,residual_autocorr_lag1,spectral_entropy
0,1,0.71447385437136,-0.007905255629529198,0.5583446738590213,0.7787750653378845,0.9648104609803624,1942.027169115613
1,1,0.593873168361621,-0.007758000577429648,0.7355236350569567,0.514216098290345,0.643680628380659,2123.6205042928814
