{
  "model": "kairos23m",
  "dataset": "azure2019_U_5T",
  "method": "BM",
  "ratio": 0.3,
  "term": "long",
  "imputation_method": "linear",
  "n_windows": 2,
  "period": 288,
  "summary": {
    "mean": {
      "trend_strength": 0.42750808126110895,
      "trend_linearity": 0.0005940585984767427,
      "seasonal_strength": 0.7340096302841586,
      "seasonal_correlation": 0.6410527211410214,
      "residual_autocorr_lag1": 0.8923803551856926,
      "spectral_entropy": 2030.3435622640536
    },
    "std": {
      "trend_strength": 0.053255337918138745,
      "trend_linearity": 0.005461924930901835,
      "seasonal_strength": 0.11537733876032008,
      "seasonal_correlation": 0.18606623664631305,
      "residual_autocorr_lag1": 0.07735512434461383,
      "spectral_entropy": 103.02752233261754
    },
    "min": {
      "trend_strength": 0.3742527433429702,
      "trend_linearity": -0.004867866332425092,
      "seasonal_strength": 0.6186322915238385,
      "seasonal_correlation": 0.45498648449470835,
      "residual_autocorr_lag1": 0.8150252308410787,
      "spectral_entropy": 1927.316039931436
    },
    "max": {
      "trend_strength": 0.4807634191792477,
      "trend_linearity": 0.0060559835293785775,
      "seasonal_strength": 0.8493869690444786,
      "seasonal_correlation": 0.8271189577873345,
      "residual_autocorr_lag1": 0.9697354795303064,
      "spectral_entropy": 2133.371084596671
    }
  }
}