window_idx,n_series,trend_strength,trend_linearity,seasonal_strength,seasonal_correlation,residual_autocorr_lag1,spectral_entropy
0,1,0.8013952791587805,-0.011212612244346451,0.5088783614604913,0.8338376844645766,0.9071295013607539,1793.5747184589036
1,1,0.534238876501249,-0.0040815269552374476,0.8699050146758458,0.4257730639802898,0.5635757241521184,2121.5215679768585
