window_idx,n_series,trend_strength,trend_linearity,seasonal_strength,seasonal_correlation,residual_autocorr_lag1,spectral_entropy
0,1,0.8077976798483517,-0.013614483420034917,0.4526491763256837,0.8727562565649453,0.982356491876842,1827.5642722239736
1,1,0.28317106709951045,-0.002790224623731916,0.6904585863814194,0.49406140364311346,0.6204355753042692,1944.3473376145653
