{
  "model": "kairos23m",
  "dataset": "Coastal_T_S_15T",
  "method": "BM",
  "ratio": 0.3,
  "term": "long",
  "imputation_method": "linear",
  "n_windows": 20,
  "period": 96,
  "summary": {
    "mean": {
      "trend_strength": 0.6649695283065856,
      "trend_linearity": -8.105828266458777e-06,
      "seasonal_strength": 0.145499019888538,
      "seasonal_correlation": 0.579490563829725,
      "residual_autocorr_lag1": 0.9047926377657591,
      "spectral_entropy": -2811.7716408602314
    },
    "std": {
      "trend_strength": 0.2553031099210556,
      "trend_linearity": 2.5236668118081944e-05,
      "seasonal_strength": 0.1325295382708007,
      "seasonal_correlation": 0.12194550722461886,
      "residual_autocorr_lag1": 0.06883460593390156,
      "spectral_entropy": 551.2621100091152
    },
    "min": {
      "trend_strength": 0.21353429282084568,
      "trend_linearity": -7.226371475991309e-05,
      "seasonal_strength": 0.0,
      "seasonal_correlation": 0.3331705828344417,
      "residual_autocorr_lag1": 0.7547826214525876,
      "spectral_entropy": -3819.1305145779065
    },
    "max": {
      "trend_strength": 0.9803921719894668,
      "trend_linearity": 2.9222588506402243e-05,
      "seasonal_strength": 0.4404513062767781,
      "seasonal_correlation": 0.7527855955569359,
      "residual_autocorr_lag1": 0.9792613924802162,
      "spectral_entropy": -1951.5456159432028
    }
  }
}