window_idx,n_series,trend_strength,trend_linearity,seasonal_strength,seasonal_correlation,residual_autocorr_lag1,spectral_entropy
0,1,0.9198036114189273,-0.0011494013532930634,0.22011076494906334,0.5119877128548374,0.8059601747580311,328.3638927816107
1,1,0.722515641876881,-0.000708854483497597,0.14922050979715684,0.21163024708049358,0.8100358546881079,596.2134000384455
2,1,0.9080131441153239,-0.0017895927059347091,0.10042774258360809,0.4492415493226859,0.8527287226431847,711.9350707920005
3,1,0.6593266240702417,0.00014591185325636504,0.24134886266856204,0.32299026847008955,0.7763119827162757,227.12340378671058
4,1,0.9988673891378439,-0.03904974394507616,0.31399366934617856,0.4111553619371445,0.8113806862701954,2282.801560175307
5,1,0.9994729147861071,-0.05208567432736414,0.04526312677487998,0.20924110637523577,0.8501920295993985,2536.4634889763233
6,1,0.9939087156057681,0.00889834037389817,0.19595454131694012,0.11430514228391517,0.6873709987205552,1335.784425574547
7,1,0.963987696081967,0.0016399824390330206,0.21185815292371846,0.09818660651746922,0.5494322112298248,52.33298889003538
