window_idx,n_series,trend_strength,trend_linearity,seasonal_strength,seasonal_correlation,residual_autocorr_lag1,spectral_entropy
0,1,0.9936179081447666,0.0002649493723518127,0.09003410974227477,0.23896554860465094,0.8339980378854511,-1187.0843339994444
1,1,0.9937888908940958,0.0004821110736198864,0.19410265287223272,0.3138686430184941,0.9293929680929366,-809.4530139836621
2,1,0.9839911938490592,0.0003251686139695074,0.0,0.23517051324869195,0.8153156255101429,-1314.4758999985315
3,1,0.9958595644312053,0.00031580639076615556,0.18955448207971914,0.26169274647940843,0.7987588479811133,-1091.5047337757414
4,1,0.9881884909272354,0.0002700869985781492,0.03667400354922867,0.5750615111679959,0.8853269359221904,-1213.9668503572234
5,1,0.7926526315086063,9.7542341975816e-07,0.15311830747404997,0.5031257050929944,0.8526957415333652,-2063.772106754054
6,1,0.7774893384794841,6.0154460080387146e-05,0.037289457950127614,0.20151839236741081,0.9324436921474138,-1628.810947456175
