{
  "model": "kairos23m",
  "dataset": "Coastal_T_S_20T",
  "method": "BM",
  "ratio": 0.2,
  "term": "long",
  "imputation_method": "mean",
  "n_windows": 7,
  "period": 72,
  "summary": {
    "mean": {
      "trend_strength": 0.8338344986841753,
      "trend_linearity": -3.435760849920312e-05,
      "seasonal_strength": 0.09470520022583626,
      "seasonal_correlation": 0.36974897137617885,
      "residual_autocorr_lag1": 0.9228051561817556,
      "spectral_entropy": -1272.4937628191215
    },
    "std": {
      "trend_strength": 0.08374673483875542,
      "trend_linearity": 0.0002252577067658733,
      "seasonal_strength": 0.07368089225417816,
      "seasonal_correlation": 0.15179537924018807,
      "residual_autocorr_lag1": 0.03403591250364781,
      "spectral_entropy": 458.98896235052865
    },
    "min": {
      "trend_strength": 0.6787559198353121,
      "trend_linearity": -0.00026017531018983077,
      "seasonal_strength": 0.0,
      "seasonal_correlation": 0.15711185349678142,
      "residual_autocorr_lag1": 0.8808592060490952,
      "spectral_entropy": -2064.536545697537
    },
    "max": {
      "trend_strength": 0.9466450299034804,
      "trend_linearity": 0.00043473463492883687,
      "seasonal_strength": 0.24143155446778408,
      "seasonal_correlation": 0.5716153523797919,
      "residual_autocorr_lag1": 0.9958738398251533,
      "spectral_entropy": -663.739655464708
    }
  }
}