{
  "model": "kairos23m",
  "dataset": "Coastal_T_S_H",
  "method": "BM",
  "ratio": 0.3,
  "term": "long",
  "imputation_method": "linear",
  "n_windows": 8,
  "period": 24,
  "summary": {
    "mean": {
      "trend_strength": 0.9519372060985625,
      "trend_linearity": -0.011133018156676512,
      "seasonal_strength": 0.1313521529537181,
      "seasonal_correlation": 0.21879273927289294,
      "residual_autocorr_lag1": 0.754162843964904,
      "spectral_entropy": 1143.1412423336722
    },
    "std": {
      "trend_strength": 0.05073379474570409,
      "trend_linearity": 0.021391622313199632,
      "seasonal_strength": 0.07560151717833466,
      "seasonal_correlation": 0.09119532824487268,
      "residual_autocorr_lag1": 0.11853145411906585,
      "spectral_entropy": 823.3187925836935
    },
    "min": {
      "trend_strength": 0.8356422890754138,
      "trend_linearity": -0.054805343087344076,
      "seasonal_strength": 0.0,
      "seasonal_correlation": 0.09197191192200578,
      "residual_autocorr_lag1": 0.5288078121543863,
      "spectral_entropy": -73.78079672163747
    },
    "max": {
      "trend_strength": 0.9996619953893099,
      "trend_linearity": 0.0068550012010339546,
      "seasonal_strength": 0.25404300311384975,
      "seasonal_correlation": 0.3660179081420228,
      "residual_autocorr_lag1": 0.8946646323944003,
      "spectral_entropy": 2564.839505458632
    }
  }
}