window_idx,n_series,trend_strength,trend_linearity,seasonal_strength,seasonal_correlation,residual_autocorr_lag1,spectral_entropy
0,1,0.9940418784248548,0.000350934856168052,0.2392712008971155,0.28128026102330494,0.8426702727642961,-1021.7805153536274
1,1,0.9944520399921237,0.0005319552378680631,0.19443965583014788,0.2850763579284464,0.9439746116730355,-733.8805849676969
2,1,0.9793520970396223,0.0001723963821810509,0.10798383968527236,0.25623325863171303,0.8408581277122846,-1814.866877611737
3,1,0.9956803907862988,0.0003380827568204809,0.24483343058156048,0.18297653372365533,0.7960699584422817,-1047.8935870776497
4,1,0.98254430371973,0.00023535261698934165,0.0,0.45238926772719545,0.8545926024217857,-1250.009764528286
5,1,0.9327080629955552,-3.2747236942335954e-05,0.21641765218386888,0.16328585825128045,0.9103319934791869,-2639.487923452373
6,1,0.5656396356489625,-3.798848247722064e-05,0.0,0.32651390737839286,0.8799638774297242,-2040.8898352349886
