{
  "model": "kairos23m",
  "dataset": "Coastal_T_S_15T",
  "method": "BM",
  "ratio": 0.2,
  "term": "long",
  "imputation_method": "backward",
  "n_windows": 20,
  "period": 96,
  "summary": {
    "mean": {
      "trend_strength": 0.6285417517357001,
      "trend_linearity": 6.830034370150517e-07,
      "seasonal_strength": 0.11416073864654239,
      "seasonal_correlation": 0.588094761398263,
      "residual_autocorr_lag1": 0.9179218123766402,
      "spectral_entropy": -2778.586421575343
    },
    "std": {
      "trend_strength": 0.26597322757889,
      "trend_linearity": 1.916433349935441e-05,
      "seasonal_strength": 0.13909916863555702,
      "seasonal_correlation": 0.1433982744750066,
      "residual_autocorr_lag1": 0.06008911387761434,
      "spectral_entropy": 325.6240288249331
    },
    "min": {
      "trend_strength": 0.15395546961005258,
      "trend_linearity": -5.230983210875935e-05,
      "seasonal_strength": 0.0,
      "seasonal_correlation": 0.3244686236596904,
      "residual_autocorr_lag1": 0.7728701884295273,
      "spectral_entropy": -3448.954711874378
    },
    "max": {
      "trend_strength": 0.9525213053504696,
      "trend_linearity": 3.166150632449978e-05,
      "seasonal_strength": 0.5259204502676389,
      "seasonal_correlation": 0.877335160368793,
      "residual_autocorr_lag1": 0.9828460650776485,
      "spectral_entropy": -2200.6003792519427
    }
  }
}