{
  "model": "kairos23m",
  "dataset": "Coastal_T_S_15T",
  "method": "BM",
  "ratio": 0.1,
  "term": "long",
  "imputation_method": "backward",
  "n_windows": 20,
  "period": 96,
  "summary": {
    "mean": {
      "trend_strength": 0.7659376188451138,
      "trend_linearity": -3.422233737606007e-06,
      "seasonal_strength": 0.16888618780322512,
      "seasonal_correlation": 0.5892782398807344,
      "residual_autocorr_lag1": 0.8993623179152772,
      "spectral_entropy": -2771.285291418917
    },
    "std": {
      "trend_strength": 0.19236203224994664,
      "trend_linearity": 2.892505116818943e-05,
      "seasonal_strength": 0.14213638385628982,
      "seasonal_correlation": 0.09151207079880253,
      "residual_autocorr_lag1": 0.05660083826044153,
      "spectral_entropy": 590.6049734938656
    },
    "min": {
      "trend_strength": 0.33347853527401916,
      "trend_linearity": -6.939587215493673e-05,
      "seasonal_strength": 0.0,
      "seasonal_correlation": 0.34105768284067955,
      "residual_autocorr_lag1": 0.779367112695314,
      "spectral_entropy": -3993.0114625893325
    },
    "max": {
      "trend_strength": 0.9789557921456794,
      "trend_linearity": 3.621112883349309e-05,
      "seasonal_strength": 0.43696820557889593,
      "seasonal_correlation": 0.7269317587521247,
      "residual_autocorr_lag1": 0.9683212526158529,
      "spectral_entropy": -1531.535724986793
    }
  }
}