{
  "model": "kairos23m",
  "dataset": "Coastal_T_S_5T",
  "method": "BM",
  "ratio": 0.1,
  "term": "long",
  "imputation_method": "forward",
  "n_windows": 20,
  "period": 288,
  "summary": {
    "mean": {
      "trend_strength": 0.471747034204472,
      "trend_linearity": 0.00026638729920833057,
      "seasonal_strength": 0.829209315897837,
      "seasonal_correlation": 0.82360314867245,
      "residual_autocorr_lag1": 0.8738677736293796,
      "spectral_entropy": 92.61929062536912
    },
    "std": {
      "trend_strength": 0.3395257482948907,
      "trend_linearity": 0.0015755167009737395,
      "seasonal_strength": 0.2269076114326882,
      "seasonal_correlation": 0.19030136967054262,
      "residual_autocorr_lag1": 0.1388180440061136,
      "spectral_entropy": 1015.8508086253489
    },
    "min": {
      "trend_strength": 0.009360496521602757,
      "trend_linearity": -0.004030631400821501,
      "seasonal_strength": 0.0,
      "seasonal_correlation": 0.3190380120161888,
      "residual_autocorr_lag1": 0.4674995967316614,
      "spectral_entropy": -1216.2074294295999
    },
    "max": {
      "trend_strength": 0.9346996924326573,
      "trend_linearity": 0.004813489043719173,
      "seasonal_strength": 0.9971220624692636,
      "seasonal_correlation": 0.9750992222973933,
      "residual_autocorr_lag1": 0.9960319857808494,
      "spectral_entropy": 2274.9406229351653
    }
  }
}