{
  "model": "kairos23m",
  "dataset": "Coastal_T_S_20T",
  "method": "BM",
  "ratio": 0.1,
  "term": "long",
  "imputation_method": "mean",
  "n_windows": 7,
  "period": 72,
  "summary": {
    "mean": {
      "trend_strength": 0.9075071351852319,
      "trend_linearity": 0.00018545852608997527,
      "seasonal_strength": 0.13932470058015062,
      "seasonal_correlation": 0.42071161417081243,
      "residual_autocorr_lag1": 0.8742218128585193,
      "spectral_entropy": -1465.722815480007
    },
    "std": {
      "trend_strength": 0.08006822573961263,
      "trend_linearity": 0.0005110700604419202,
      "seasonal_strength": 0.15055205097108026,
      "seasonal_correlation": 0.17619408857357802,
      "residual_autocorr_lag1": 0.03231122375660353,
      "spectral_entropy": 661.2574703741196
    },
    "min": {
      "trend_strength": 0.7342106690640822,
      "trend_linearity": -0.0001605119595409512,
      "seasonal_strength": 0.0,
      "seasonal_correlation": 0.16200544713580478,
      "residual_autocorr_lag1": 0.8329346217809647,
      "spectral_entropy": -2118.9881520963545
    },
    "max": {
      "trend_strength": 0.9946361376627103,
      "trend_linearity": 0.0013955710601205795,
      "seasonal_strength": 0.46467075061574803,
      "seasonal_correlation": 0.6515646629254023,
      "residual_autocorr_lag1": 0.9162143902150185,
      "spectral_entropy": 38.69380559581646
    }
  }
}