{
  "model": "kairos23m",
  "dataset": "Coastal_T_S_15T",
  "method": "BM",
  "ratio": 0.3,
  "term": "long",
  "imputation_method": "forward",
  "n_windows": 20,
  "period": 96,
  "summary": {
    "mean": {
      "trend_strength": 0.698645562862346,
      "trend_linearity": 3.636682259605403e-06,
      "seasonal_strength": 0.10025575322474908,
      "seasonal_correlation": 0.5576644097560315,
      "residual_autocorr_lag1": 0.9281325334430081,
      "spectral_entropy": -2558.8910195044236
    },
    "std": {
      "trend_strength": 0.2435341186967888,
      "trend_linearity": 3.0706768443693694e-05,
      "seasonal_strength": 0.12771703174018514,
      "seasonal_correlation": 0.1298029810291223,
      "residual_autocorr_lag1": 0.04950077983763752,
      "spectral_entropy": 485.73484058972093
    },
    "min": {
      "trend_strength": 0.19230697006516084,
      "trend_linearity": -5.35917409930346e-05,
      "seasonal_strength": 0.0,
      "seasonal_correlation": 0.24741615626431573,
      "residual_autocorr_lag1": 0.759471730598427,
      "spectral_entropy": -3518.8069255065366
    },
    "max": {
      "trend_strength": 0.9768094567985838,
      "trend_linearity": 6.385970473978107e-05,
      "seasonal_strength": 0.4472570186587349,
      "seasonal_correlation": 0.8116807138008494,
      "residual_autocorr_lag1": 0.9923722636341198,
      "spectral_entropy": -1829.888856141381
    }
  }
}