{
  "model": "kairos23m",
  "dataset": "Coastal_T_S_H",
  "method": "clean",
  "ratio": null,
  "term": "long",
  "imputation_method": null,
  "n_windows": 8,
  "period": 24,
  "summary": {
    "mean": {
      "trend_strength": 0.8373260714889674,
      "trend_linearity": -0.009702807502747332,
      "seasonal_strength": 0.19354622552493134,
      "seasonal_correlation": 0.2648907187957312,
      "residual_autocorr_lag1": 0.7722340330972746,
      "spectral_entropy": 935.9037946005004
    },
    "std": {
      "trend_strength": 0.1835151126229348,
      "trend_linearity": 0.019795246201789296,
      "seasonal_strength": 0.07381435213099204,
      "seasonal_correlation": 0.12012365779124715,
      "residual_autocorr_lag1": 0.10071550729300541,
      "spectral_entropy": 909.1898739813544
    },
    "min": {
      "trend_strength": 0.4933481741404495,
      "trend_linearity": -0.05239827899269644,
      "seasonal_strength": 0.05061562474196535,
      "seasonal_correlation": 0.10498554823549061,
      "residual_autocorr_lag1": 0.545001221135732,
      "spectral_entropy": 34.71451668209889
    },
    "max": {
      "trend_strength": 0.9995547016490618,
      "trend_linearity": 0.008924239653453295,
      "seasonal_strength": 0.3362013148353016,
      "seasonal_correlation": 0.4584123374060473,
      "residual_autocorr_lag1": 0.8758235442699943,
      "spectral_entropy": 2539.5487473976887
    }
  }
}