{
  "model": "kairos23m",
  "dataset": "Coastal_T_S_20T",
  "method": "BM",
  "ratio": 0.2,
  "term": "long",
  "imputation_method": "backward",
  "n_windows": 7,
  "period": 72,
  "summary": {
    "mean": {
      "trend_strength": 0.9523303278420884,
      "trend_linearity": 0.00021399339134746504,
      "seasonal_strength": 0.1238099606956712,
      "seasonal_correlation": 0.3186457895318786,
      "residual_autocorr_lag1": 0.8395113428610562,
      "spectral_entropy": -1420.7011036209637
    },
    "std": {
      "trend_strength": 0.058354123439703205,
      "trend_linearity": 0.00013921235934510963,
      "seasonal_strength": 0.0562867305085336,
      "seasonal_correlation": 0.10777487109083583,
      "residual_autocorr_lag1": 0.06641450123524233,
      "spectral_entropy": 399.03011869827543
    },
    "min": {
      "trend_strength": 0.8591152083381308,
      "trend_linearity": -5.328762204059425e-06,
      "seasonal_strength": 0.024174546570785327,
      "seasonal_correlation": 0.1762932880698878,
      "residual_autocorr_lag1": 0.6965083428092652,
      "spectral_entropy": -2169.2594825803108
    },
    "max": {
      "trend_strength": 0.9941279540425545,
      "trend_linearity": 0.00046815926401022324,
      "seasonal_strength": 0.19147775394534827,
      "seasonal_correlation": 0.5155706048644814,
      "residual_autocorr_lag1": 0.9259849180908939,
      "spectral_entropy": -823.2764130132095
    }
  }
}