window_idx,n_series,trend_strength,trend_linearity,seasonal_strength,seasonal_correlation,residual_autocorr_lag1,spectral_entropy
0,1,0.8905992965121289,-0.0015383410348955586,0.17027877132125468,0.3621655335002137,0.808541985236606,471.63506509747526
1,1,0.9443067728921773,-0.0029645390377062435,0.23658688853287746,0.4054643548456371,0.7978264883924594,540.09814968164
2,1,0.9396898676539011,-0.003149064222195163,0.052608138032896656,0.4450942723205387,0.8190621270735894,966.405143973358
3,1,0.660269542927004,0.00014422351455105993,0.24145958997656747,0.3225782109584705,0.7762279997605869,226.84760534016067
4,1,0.9989733910146188,-0.03600486542948395,0.35021371774150956,0.43885575865652726,0.785709153543855,2245.2598308882693
5,1,0.9995476693073375,-0.05312915453904775,0.05299081739647249,0.17913251809305195,0.8545292640261166,2546.995819285976
6,1,0.9939477317695874,0.0089223185893762,0.1954026826859352,0.11442713301952578,0.6875228326847413,1337.0116347158591
7,1,0.9636264470120202,0.0016278093104834148,0.2145380868513106,0.10306576448981082,0.5475347301337562,50.82354410021691
