window_idx,n_series,trend_strength,trend_linearity,seasonal_strength,seasonal_correlation,residual_autocorr_lag1,spectral_entropy
0,1,0.7650876714712648,-0.00038167062223698483,0.3899287910278757,0.5237120385081228,0.726019116989727,-40.700537472080015
1,1,0.8993690528220231,-0.0012114421369518,0.22429797427058606,0.14789619440016816,0.8155065522998698,173.5113050493173
2,1,0.83245735517001,-0.0005315993768430339,0.09486048350058296,0.6141930044285249,0.8485689535731399,158.37811217374158
3,1,0.6232309880806384,-4.340457455351113e-05,0.2416398251300519,0.30442241580417023,0.7324467630811887,177.9409814007318
4,1,0.9990075193194088,-0.038052797882013115,0.3355874112780818,0.4428197934540375,0.7963270207787922,2277.9984252416943
5,1,0.9838737826639838,-0.019579460524331963,0.0,0.2563048179662661,0.9306154642074599,2370.875743174002
6,1,0.9201547764403771,0.005047168656333866,0.0,0.24924555439748763,0.7851192596394705,1255.6095740635108
7,1,0.8922541129504815,0.006126156689605055,0.0,0.15951467396227614,0.8784625771577452,1190.6705817135653
