{
  "model": "kairos23m",
  "dataset": "Coastal_T_S_H",
  "method": "BM",
  "ratio": 0.1,
  "term": "long",
  "imputation_method": "forward",
  "n_windows": 8,
  "period": 24,
  "summary": {
    "mean": {
      "trend_strength": 0.8819289983257244,
      "trend_linearity": -0.010335421776426998,
      "seasonal_strength": 0.18242338963689392,
      "seasonal_correlation": 0.27760034896922636,
      "residual_autocorr_lag1": 0.7783899743257243,
      "spectral_entropy": 978.1454727163231
    },
    "std": {
      "trend_strength": 0.1278932647899562,
      "trend_linearity": 0.02024337760252838,
      "seasonal_strength": 0.09841284763983288,
      "seasonal_correlation": 0.11453945889762993,
      "residual_autocorr_lag1": 0.10469918005261884,
      "spectral_entropy": 898.3394354390454
    },
    "min": {
      "trend_strength": 0.6589743552408922,
      "trend_linearity": -0.050664790681345086,
      "seasonal_strength": 0.03135115993944659,
      "seasonal_correlation": 0.09521184640259754,
      "residual_autocorr_lag1": 0.5500877274285831,
      "spectral_entropy": 55.00254651011201
    },
    "max": {
      "trend_strength": 0.9994114055211798,
      "trend_linearity": 0.008829067566759543,
      "seasonal_strength": 0.3470667228072568,
      "seasonal_correlation": 0.4461519931158742,
      "residual_autocorr_lag1": 0.8934998669473218,
      "spectral_entropy": 2520.5388618719535
    }
  }
}