{
  "model": "kairos23m",
  "dataset": "Coastal_T_S_20T",
  "method": "clean",
  "ratio": null,
  "term": "long",
  "imputation_method": null,
  "n_windows": 7,
  "period": 72,
  "summary": {
    "mean": {
      "trend_strength": 0.9396163317567133,
      "trend_linearity": 0.00021446471302928295,
      "seasonal_strength": 0.1466542770658607,
      "seasonal_correlation": 0.3359467416294896,
      "residual_autocorr_lag1": 0.8811929264003135,
      "spectral_entropy": -1410.5312627311746
    },
    "std": {
      "trend_strength": 0.09839395210649417,
      "trend_linearity": 0.00014573792018452429,
      "seasonal_strength": 0.055199083966707675,
      "seasonal_correlation": 0.1576440204670948,
      "residual_autocorr_lag1": 0.03727645224783813,
      "spectral_entropy": 407.2885844661457
    },
    "min": {
      "trend_strength": 0.7045385675971063,
      "trend_linearity": 8.032244472001108e-06,
      "seasonal_strength": 0.05815852124857268,
      "seasonal_correlation": 0.15525731154605169,
      "residual_autocorr_lag1": 0.8255920879210346,
      "spectral_entropy": -1981.5153366838495
    },
    "max": {
      "trend_strength": 0.9952003285967668,
      "trend_linearity": 0.0004234778536856019,
      "seasonal_strength": 0.24702929967779452,
      "seasonal_correlation": 0.6112283155355215,
      "residual_autocorr_lag1": 0.9327131062098367,
      "spectral_entropy": -885.9239031115796
    }
  }
}