{
  "model": "kairos23m",
  "dataset": "Coastal_T_S_15T",
  "method": "BM",
  "ratio": 0.1,
  "term": "long",
  "imputation_method": "mean",
  "n_windows": 20,
  "period": 96,
  "summary": {
    "mean": {
      "trend_strength": 0.736428038358038,
      "trend_linearity": -5.156949778422398e-06,
      "seasonal_strength": 0.17509188741347242,
      "seasonal_correlation": 0.6164651761836957,
      "residual_autocorr_lag1": 0.8651010107848529,
      "spectral_entropy": -2926.0460725748844
    },
    "std": {
      "trend_strength": 0.19465566376376625,
      "trend_linearity": 2.227681449188922e-05,
      "seasonal_strength": 0.14142668818662332,
      "seasonal_correlation": 0.08007595804460924,
      "residual_autocorr_lag1": 0.10249445970373554,
      "spectral_entropy": 467.4373884647856
    },
    "min": {
      "trend_strength": 0.31556642379128186,
      "trend_linearity": -5.7411337161837874e-05,
      "seasonal_strength": 0.0,
      "seasonal_correlation": 0.43087682842541736,
      "residual_autocorr_lag1": 0.5623518111389053,
      "spectral_entropy": -4010.2660614446722
    },
    "max": {
      "trend_strength": 0.970862933533058,
      "trend_linearity": 2.5380072633247755e-05,
      "seasonal_strength": 0.44701584892716417,
      "seasonal_correlation": 0.7848536412664726,
      "residual_autocorr_lag1": 0.9803810194336805,
      "spectral_entropy": -1834.2618916669908
    }
  }
}