window_idx,n_series,trend_strength,trend_linearity,seasonal_strength,seasonal_correlation,residual_autocorr_lag1,spectral_entropy
0,1,0.5270104704555159,-0.0017485489261097524,0.9891773088380266,0.99672004532719,0.9184208717245026,898.3655478958341
1,1,0.7605649942900524,0.0027885976631594122,0.9579404187995847,0.9942944624359131,0.8001752385522742,1940.4119857171352
2,1,0.40324985095789767,-0.000731005697280461,0.9946096533744766,0.9983880497663687,0.7868678014494643,1019.1884629123723
3,1,0.7253956974499407,-0.00028217822911183276,0.9975316933907162,0.9978974802313441,0.7369103432385965,1481.110615724688
4,1,0.24523956691909377,-0.0007615162361221116,0.9963208504209812,0.9989077610441707,0.7827773559869349,1139.2218237874974
