{
  "model": "kairos23m",
  "dataset": "current_velocity_5T",
  "method": "BM",
  "ratio": 0.2,
  "term": "long",
  "imputation_method": "linear",
  "n_windows": 20,
  "period": 288,
  "summary": {
    "mean": {
      "trend_strength": 0.5033721859191429,
      "trend_linearity": 4.5464844549059115e-05,
      "seasonal_strength": 0.9975004814805267,
      "seasonal_correlation": 0.9918012104831224,
      "residual_autocorr_lag1": 0.8420538834961864,
      "spectral_entropy": -1245.2626703972685
    },
    "std": {
      "trend_strength": 0.32249883605777174,
      "trend_linearity": 7.803626912202822e-05,
      "seasonal_strength": 0.0029428706597278763,
      "seasonal_correlation": 0.005618386796851968,
      "residual_autocorr_lag1": 0.1653313572982751,
      "spectral_entropy": 328.81889974944045
    },
    "min": {
      "trend_strength": 0.0,
      "trend_linearity": -0.00014227895031537836,
      "seasonal_strength": 0.9860852376013697,
      "seasonal_correlation": 0.9799320562039596,
      "residual_autocorr_lag1": 0.4705719831433247,
      "spectral_entropy": -1727.7064025988802
    },
    "max": {
      "trend_strength": 0.9703387838196331,
      "trend_linearity": 0.0001687162003077388,
      "seasonal_strength": 0.999936555615886,
      "seasonal_correlation": 0.9984017475933672,
      "residual_autocorr_lag1": 0.9843962665680422,
      "spectral_entropy": -594.7916830078415
    }
  }
}