window_idx,n_series,trend_strength,trend_linearity,seasonal_strength,seasonal_correlation,residual_autocorr_lag1,spectral_entropy
0,1,0.5971218549483867,-0.0017405495103995795,0.992026347627896,0.9967887980513325,0.8691051792504965,790.0900057895836
1,1,0.8022915730606388,0.0029478873585347776,0.9686074794838009,0.9942251716928199,0.795946867031306,1934.9078145660817
2,1,0.37439787826145576,-0.0004069482492599199,0.9953023703336938,0.9985433919740648,0.7779516628650213,1015.1172694244472
3,1,0.7433450264690323,-0.00038447036801382453,0.9975986217006515,0.9977787806410475,0.7384660083742285,1494.2863773524432
4,1,0.37943498763356587,-0.0005498889573981537,0.9975680409655593,0.9988661405827121,0.7580116456700087,1070.630118651243
