{
  "model": "kairos23m",
  "dataset": "current_velocity_5T",
  "method": "BM",
  "ratio": 0.2,
  "term": "long",
  "imputation_method": "mean",
  "n_windows": 20,
  "period": 288,
  "summary": {
    "mean": {
      "trend_strength": 0.5097548013520238,
      "trend_linearity": 7.352999230510147e-05,
      "seasonal_strength": 0.9860991388712513,
      "seasonal_correlation": 0.927851951009826,
      "residual_autocorr_lag1": 0.8517495892499058,
      "spectral_entropy": -940.0145627988155
    },
    "std": {
      "trend_strength": 0.309009827848833,
      "trend_linearity": 0.00012839515793649738,
      "seasonal_strength": 0.013948296799129884,
      "seasonal_correlation": 0.07513112908810848,
      "residual_autocorr_lag1": 0.12575669914984722,
      "spectral_entropy": 327.9885715993965
    },
    "min": {
      "trend_strength": 0.047625427123785924,
      "trend_linearity": -0.00020689567970986713,
      "seasonal_strength": 0.949926149534168,
      "seasonal_correlation": 0.7490501514393129,
      "residual_autocorr_lag1": 0.5249543071626731,
      "spectral_entropy": -1489.3197646076003
    },
    "max": {
      "trend_strength": 0.9727521730434446,
      "trend_linearity": 0.0002914094858397599,
      "seasonal_strength": 0.9999511495683214,
      "seasonal_correlation": 0.9972512659030323,
      "residual_autocorr_lag1": 0.9927953984615224,
      "spectral_entropy": -469.7794177084978
    }
  }
}