{
  "model": "kairos23m",
  "dataset": "current_velocity_15T",
  "method": "BM",
  "ratio": 0.3,
  "term": "long",
  "imputation_method": "backward",
  "n_windows": 15,
  "period": 96,
  "summary": {
    "mean": {
      "trend_strength": 0.8903165687083375,
      "trend_linearity": 2.5701867353349774e-05,
      "seasonal_strength": 0.06469808524235982,
      "seasonal_correlation": 0.5437619221899118,
      "residual_autocorr_lag1": 0.9209548606071613,
      "spectral_entropy": -2406.505993132732
    },
    "std": {
      "trend_strength": 0.1241123342288151,
      "trend_linearity": 7.075308197800246e-05,
      "seasonal_strength": 0.09597444624950312,
      "seasonal_correlation": 0.1447019984232963,
      "residual_autocorr_lag1": 0.05036072906533208,
      "spectral_entropy": 529.1829568926456
    },
    "min": {
      "trend_strength": 0.5003928876497619,
      "trend_linearity": -6.747330302857635e-05,
      "seasonal_strength": 0.0,
      "seasonal_correlation": 0.2594407988914507,
      "residual_autocorr_lag1": 0.8181023231737394,
      "spectral_entropy": -3436.085837360263
    },
    "max": {
      "trend_strength": 0.9881061932528351,
      "trend_linearity": 0.00019831602691561983,
      "seasonal_strength": 0.34996222833359225,
      "seasonal_correlation": 0.8361263037202794,
      "residual_autocorr_lag1": 0.9875024759806162,
      "spectral_entropy": -1361.7235404497876
    }
  }
}