{
  "model": "kairos23m",
  "dataset": "current_velocity_20T",
  "method": "BM",
  "ratio": 0.2,
  "term": "long",
  "imputation_method": "mean",
  "n_windows": 14,
  "period": 72,
  "summary": {
    "mean": {
      "trend_strength": 0.2119294311943168,
      "trend_linearity": -0.0011883415760894959,
      "seasonal_strength": 0.38361396746291254,
      "seasonal_correlation": 0.7166402398237894,
      "residual_autocorr_lag1": 0.9366032494659795,
      "spectral_entropy": 1374.4206327332115
    },
    "std": {
      "trend_strength": 0.19324795857659102,
      "trend_linearity": 0.0017680135073038347,
      "seasonal_strength": 0.31546701702051694,
      "seasonal_correlation": 0.21471356465803806,
      "residual_autocorr_lag1": 0.027109483208544668,
      "spectral_entropy": 652.3301673581633
    },
    "min": {
      "trend_strength": 0.0,
      "trend_linearity": -0.0037988126797285668,
      "seasonal_strength": 0.0,
      "seasonal_correlation": 0.3822820794052641,
      "residual_autocorr_lag1": 0.8897927632044127,
      "spectral_entropy": -61.446316180893035
    },
    "max": {
      "trend_strength": 0.7356976173474892,
      "trend_linearity": 0.0026361488324107194,
      "seasonal_strength": 0.9412631426789644,
      "seasonal_correlation": 0.9937328902504879,
      "residual_autocorr_lag1": 0.9854748861731449,
      "spectral_entropy": 2128.613487493478
    }
  }
}