{
  "model": "kairos23m",
  "dataset": "current_velocity_20T",
  "method": "BM",
  "ratio": 0.1,
  "term": "long",
  "imputation_method": "linear",
  "n_windows": 14,
  "period": 72,
  "summary": {
    "mean": {
      "trend_strength": 0.27500417616051825,
      "trend_linearity": -0.000588292254660857,
      "seasonal_strength": 0.4564000276687311,
      "seasonal_correlation": 0.6775377266454082,
      "residual_autocorr_lag1": 0.9194447547466039,
      "spectral_entropy": 1544.0074536807733
    },
    "std": {
      "trend_strength": 0.20062955693192552,
      "trend_linearity": 0.002234534034511826,
      "seasonal_strength": 0.3114254410715921,
      "seasonal_correlation": 0.21244497720543704,
      "residual_autocorr_lag1": 0.043461767110109115,
      "spectral_entropy": 365.227620752845
    },
    "min": {
      "trend_strength": 0.014826719559966839,
      "trend_linearity": -0.005004176251216804,
      "seasonal_strength": 0.0,
      "seasonal_correlation": 0.3453623987661752,
      "residual_autocorr_lag1": 0.7827490761490857,
      "spectral_entropy": 958.1975879985096
    },
    "max": {
      "trend_strength": 0.7618981931651653,
      "trend_linearity": 0.004512738438124887,
      "seasonal_strength": 0.9564464189023661,
      "seasonal_correlation": 0.9870232975028596,
      "residual_autocorr_lag1": 0.9674491441563273,
      "spectral_entropy": 2237.010437568736
    }
  }
}