{
  "model": "kairos23m",
  "dataset": "current_velocity_5T",
  "method": "BM",
  "ratio": 0.2,
  "term": "long",
  "imputation_method": "forward",
  "n_windows": 20,
  "period": 288,
  "summary": {
    "mean": {
      "trend_strength": 0.4180290114979174,
      "trend_linearity": 2.2955090988773712e-05,
      "seasonal_strength": 0.9970623738846855,
      "seasonal_correlation": 0.9805465633425594,
      "residual_autocorr_lag1": 0.818487348172219,
      "spectral_entropy": -996.9469997341259
    },
    "std": {
      "trend_strength": 0.30256241585882987,
      "trend_linearity": 7.307578572162192e-05,
      "seasonal_strength": 0.002564928597291064,
      "seasonal_correlation": 0.0396548094784097,
      "residual_autocorr_lag1": 0.16286941715273776,
      "spectral_entropy": 335.80169455145824
    },
    "min": {
      "trend_strength": 0.021677042803372015,
      "trend_linearity": -0.00013705602008873768,
      "seasonal_strength": 0.9904593391360854,
      "seasonal_correlation": 0.8092571370248364,
      "residual_autocorr_lag1": 0.48745970945271844,
      "spectral_entropy": -1485.360856629265
    },
    "max": {
      "trend_strength": 0.8754708118140225,
      "trend_linearity": 0.00017410024535783735,
      "seasonal_strength": 0.9998495030197541,
      "seasonal_correlation": 0.9966097412832656,
      "residual_autocorr_lag1": 0.9835492394077566,
      "spectral_entropy": -139.68733084234444
    }
  }
}