{
  "model": "kairos23m",
  "dataset": "current_velocity_15T",
  "method": "BM",
  "ratio": 0.3,
  "term": "long",
  "imputation_method": "linear",
  "n_windows": 15,
  "period": 96,
  "summary": {
    "mean": {
      "trend_strength": 0.8792507701436926,
      "trend_linearity": 4.7318738167930023e-05,
      "seasonal_strength": 0.055892539748901245,
      "seasonal_correlation": 0.5177020627801544,
      "residual_autocorr_lag1": 0.9255583093475445,
      "spectral_entropy": -2317.976283341693
    },
    "std": {
      "trend_strength": 0.131071312462444,
      "trend_linearity": 7.42949517927371e-05,
      "seasonal_strength": 0.08638898613089938,
      "seasonal_correlation": 0.1288415173699704,
      "residual_autocorr_lag1": 0.0539322965621522,
      "spectral_entropy": 595.3254545649288
    },
    "min": {
      "trend_strength": 0.5578971836558124,
      "trend_linearity": -5.631458232383791e-05,
      "seasonal_strength": 0.0,
      "seasonal_correlation": 0.25916566635903143,
      "residual_autocorr_lag1": 0.8212762935055384,
      "spectral_entropy": -3513.99663828379
    },
    "max": {
      "trend_strength": 0.9905717951314964,
      "trend_linearity": 0.00021515396972202386,
      "seasonal_strength": 0.31327549226526297,
      "seasonal_correlation": 0.7441451725212409,
      "residual_autocorr_lag1": 0.9943767529565889,
      "spectral_entropy": -1313.8701468760726
    }
  }
}