{
  "model": "kairos23m",
  "dataset": "current_velocity_20T",
  "method": "BM",
  "ratio": 0.1,
  "term": "long",
  "imputation_method": "forward",
  "n_windows": 14,
  "period": 72,
  "summary": {
    "mean": {
      "trend_strength": 0.3757802496380137,
      "trend_linearity": -0.0005057366586461775,
      "seasonal_strength": 0.3220797852844665,
      "seasonal_correlation": 0.5888822324628437,
      "residual_autocorr_lag1": 0.9258840953810646,
      "spectral_entropy": 1481.1121546149004
    },
    "std": {
      "trend_strength": 0.22077105553756826,
      "trend_linearity": 0.0025956715245756875,
      "seasonal_strength": 0.2513559424322445,
      "seasonal_correlation": 0.16752294826810335,
      "residual_autocorr_lag1": 0.029120103365487485,
      "spectral_entropy": 418.70641064154046
    },
    "min": {
      "trend_strength": 0.03543189045962469,
      "trend_linearity": -0.005680150905085833,
      "seasonal_strength": 0.0,
      "seasonal_correlation": 0.3720583371845187,
      "residual_autocorr_lag1": 0.8763015860197896,
      "spectral_entropy": 820.155219369436
    },
    "max": {
      "trend_strength": 0.7572523944500795,
      "trend_linearity": 0.00538877337808256,
      "seasonal_strength": 0.9572796968632863,
      "seasonal_correlation": 0.9881042583690378,
      "residual_autocorr_lag1": 0.95948483878181,
      "spectral_entropy": 2243.4817166369503
    }
  }
}