{
  "model": "kairos23m",
  "dataset": "current_velocity_H",
  "method": "BM",
  "ratio": 0.1,
  "term": "long",
  "imputation_method": "mean",
  "n_windows": 5,
  "period": 24,
  "summary": {
    "mean": {
      "trend_strength": 0.4942234082108198,
      "trend_linearity": -0.0004378736196209004,
      "seasonal_strength": 0.9878787116298117,
      "seasonal_correlation": 0.9971514011271511,
      "residual_autocorr_lag1": 0.8113521997881197,
      "spectral_entropy": 1275.4634693192615
    },
    "std": {
      "trend_strength": 0.19995001209030577,
      "trend_linearity": 0.0010462658361179553,
      "seasonal_strength": 0.010521572822957913,
      "seasonal_correlation": 0.0010162698836227496,
      "residual_autocorr_lag1": 0.06747853736032461,
      "spectral_entropy": 404.0078508482276
    },
    "min": {
      "trend_strength": 0.19866300366861955,
      "trend_linearity": -0.001339076007202705,
      "seasonal_strength": 0.9674718504056702,
      "seasonal_correlation": 0.9953150562492078,
      "residual_autocorr_lag1": 0.6963089450153374,
      "spectral_entropy": 688.0769792972311
    },
    "max": {
      "trend_strength": 0.7234339443319326,
      "trend_linearity": 0.001503306385254886,
      "seasonal_strength": 0.9978565990673315,
      "seasonal_correlation": 0.9981861803946782,
      "residual_autocorr_lag1": 0.8903561288539241,
      "spectral_entropy": 1913.4214873008898
    }
  }
}