{
  "model": "kairos23m",
  "dataset": "current_velocity_20T",
  "method": "BM",
  "ratio": 0.1,
  "term": "long",
  "imputation_method": "backward",
  "n_windows": 14,
  "period": 72,
  "summary": {
    "mean": {
      "trend_strength": 0.27018836899197113,
      "trend_linearity": -0.0009536830119213868,
      "seasonal_strength": 0.2745286787692628,
      "seasonal_correlation": 0.5772486307322716,
      "residual_autocorr_lag1": 0.9357673734170426,
      "spectral_entropy": 1603.8433756142408
    },
    "std": {
      "trend_strength": 0.1620520786759547,
      "trend_linearity": 0.0019025460954423732,
      "seasonal_strength": 0.2767575482581072,
      "seasonal_correlation": 0.20083166726989587,
      "residual_autocorr_lag1": 0.022037455190671355,
      "spectral_entropy": 305.9997744148411
    },
    "min": {
      "trend_strength": 0.0055687291583936815,
      "trend_linearity": -0.0036204984428886726,
      "seasonal_strength": 0.0,
      "seasonal_correlation": 0.21621417909242802,
      "residual_autocorr_lag1": 0.8932175521668793,
      "spectral_entropy": 1136.2317857443297
    },
    "max": {
      "trend_strength": 0.5240648221994625,
      "trend_linearity": 0.0033120262287213236,
      "seasonal_strength": 0.9581000891072428,
      "seasonal_correlation": 0.9930921218287302,
      "residual_autocorr_lag1": 0.9728300046183056,
      "spectral_entropy": 2210.6072398533483
    }
  }
}