{
  "model": "kairos23m",
  "dataset": "current_velocity_20T",
  "method": "BM",
  "ratio": 0.2,
  "term": "long",
  "imputation_method": "backward",
  "n_windows": 14,
  "period": 72,
  "summary": {
    "mean": {
      "trend_strength": 0.40753348359974456,
      "trend_linearity": -0.002558357399948264,
      "seasonal_strength": 0.32236823527164926,
      "seasonal_correlation": 0.6571601389435686,
      "residual_autocorr_lag1": 0.9442259977682894,
      "spectral_entropy": 1713.0459791881335
    },
    "std": {
      "trend_strength": 0.2599317704363642,
      "trend_linearity": 0.0038698938538284434,
      "seasonal_strength": 0.27752721144543696,
      "seasonal_correlation": 0.22304866098128356,
      "residual_autocorr_lag1": 0.017679793142722226,
      "spectral_entropy": 288.497778086092
    },
    "min": {
      "trend_strength": 0.036536366649778884,
      "trend_linearity": -0.008871249302391936,
      "seasonal_strength": 0.0,
      "seasonal_correlation": 0.2715250870920024,
      "residual_autocorr_lag1": 0.9170972436317613,
      "spectral_entropy": 1205.6181576752201
    },
    "max": {
      "trend_strength": 0.8908991268786839,
      "trend_linearity": 0.009400696811874236,
      "seasonal_strength": 0.908147916883379,
      "seasonal_correlation": 0.9642228561455809,
      "residual_autocorr_lag1": 0.973314439186808,
      "spectral_entropy": 2259.6840563184683
    }
  }
}