{
  "model": "kairos23m",
  "dataset": "electricity",
  "method": "BM",
  "ratio": 0.2,
  "term": "long",
  "imputation_method": "mean",
  "n_windows": 20,
  "period": 24,
  "summary": {
    "mean": {
      "trend_strength": 0.46768257559221843,
      "trend_linearity": -0.03343158931966724,
      "seasonal_strength": 0.6438339950897595,
      "seasonal_correlation": 0.9429842393400959,
      "residual_autocorr_lag1": 0.9257748913473767,
      "spectral_entropy": 4448.2338169853265
    },
    "std": {
      "trend_strength": 0.13664592629484673,
      "trend_linearity": 0.13099563149635915,
      "seasonal_strength": 0.15452088571075728,
      "seasonal_correlation": 0.05982524429785426,
      "residual_autocorr_lag1": 0.04062969756233585,
      "spectral_entropy": 202.83798989024334
    },
    "min": {
      "trend_strength": 0.3126004571373886,
      "trend_linearity": -0.25383927475750545,
      "seasonal_strength": 0.31309310890323083,
      "seasonal_correlation": 0.7940478369337337,
      "residual_autocorr_lag1": 0.7873654394238495,
      "spectral_entropy": 4205.377391615483
    },
    "max": {
      "trend_strength": 0.8235831057985166,
      "trend_linearity": 0.2623441332522449,
      "seasonal_strength": 0.8576488768375528,
      "seasonal_correlation": 0.9959292700415701,
      "residual_autocorr_lag1": 0.967902456651647,
      "spectral_entropy": 4886.731349009171
    }
  }
}