{
  "model": "kairos23m",
  "dataset": "ETTh2",
  "method": "BM",
  "ratio": 0.2,
  "term": "long",
  "imputation_method": "mean",
  "n_windows": 15,
  "period": 24,
  "summary": {
    "mean": {
      "trend_strength": 0.872847398062289,
      "trend_linearity": -0.001150890647648563,
      "seasonal_strength": 0.9837086550638073,
      "seasonal_correlation": 0.9933068598423994,
      "residual_autocorr_lag1": 0.8539860588394885,
      "spectral_entropy": 953.4957294961773
    },
    "std": {
      "trend_strength": 0.09261256241324849,
      "trend_linearity": 0.002171109185398228,
      "seasonal_strength": 0.014688960794657441,
      "seasonal_correlation": 0.008318587913389961,
      "residual_autocorr_lag1": 0.04318099656579425,
      "spectral_entropy": 418.12690266209245
    },
    "min": {
      "trend_strength": 0.6587330311016278,
      "trend_linearity": -0.007178334138362418,
      "seasonal_strength": 0.9464026739165701,
      "seasonal_correlation": 0.9719985378150018,
      "residual_autocorr_lag1": 0.7422176596544425,
      "spectral_entropy": 218.25786746699674
    },
    "max": {
      "trend_strength": 0.971531010469879,
      "trend_linearity": 0.0033099458132428736,
      "seasonal_strength": 0.9977489926673452,
      "seasonal_correlation": 0.9990466568604905,
      "residual_autocorr_lag1": 0.9154150952019867,
      "spectral_entropy": 1721.2989900325329
    }
  }
}