{
  "model": "kairos23m",
  "dataset": "ETTh1",
  "method": "BM",
  "ratio": 0.2,
  "term": "long",
  "imputation_method": "mean",
  "n_windows": 15,
  "period": 24,
  "summary": {
    "mean": {
      "trend_strength": 0.8906501321785961,
      "trend_linearity": -0.00041776628549210427,
      "seasonal_strength": 0.8457517117503435,
      "seasonal_correlation": 0.9165767785957879,
      "residual_autocorr_lag1": 0.8479385954548327,
      "spectral_entropy": 621.5699196496031
    },
    "std": {
      "trend_strength": 0.10535406133451782,
      "trend_linearity": 0.0017508133576598203,
      "seasonal_strength": 0.26115261903320874,
      "seasonal_correlation": 0.15478123716780542,
      "residual_autocorr_lag1": 0.07421084259023197,
      "spectral_entropy": 569.4857142848533
    },
    "min": {
      "trend_strength": 0.6410246597741807,
      "trend_linearity": -0.003401935623960071,
      "seasonal_strength": 0.0,
      "seasonal_correlation": 0.48126684032374123,
      "residual_autocorr_lag1": 0.6204187376313823,
      "spectral_entropy": -272.62450462668363
    },
    "max": {
      "trend_strength": 0.9806239285172508,
      "trend_linearity": 0.0037101696830263023,
      "seasonal_strength": 0.9903017936983374,
      "seasonal_correlation": 0.9974713986489747,
      "residual_autocorr_lag1": 0.932348916004931,
      "spectral_entropy": 1463.7545555081772
    }
  }
}