{
  "model": "kairos23m",
  "dataset": "ETTh2",
  "method": "BM",
  "ratio": 0.3,
  "term": "long",
  "imputation_method": "forward",
  "n_windows": 15,
  "period": 24,
  "summary": {
    "mean": {
      "trend_strength": 0.8439370911727366,
      "trend_linearity": -0.0001781327161050989,
      "seasonal_strength": 0.966269484400003,
      "seasonal_correlation": 0.9916226834953993,
      "residual_autocorr_lag1": 0.8698936919617635,
      "spectral_entropy": 985.7543347486542
    },
    "std": {
      "trend_strength": 0.10607363088450819,
      "trend_linearity": 0.003076156028042137,
      "seasonal_strength": 0.03844731094693591,
      "seasonal_correlation": 0.010728778783150877,
      "residual_autocorr_lag1": 0.058695512819783024,
      "spectral_entropy": 403.7592766794355
    },
    "min": {
      "trend_strength": 0.5909860117754482,
      "trend_linearity": -0.004564580895387265,
      "seasonal_strength": 0.8282014451191905,
      "seasonal_correlation": 0.9560312999449414,
      "residual_autocorr_lag1": 0.7121485958133851,
      "spectral_entropy": 331.3903401635847
    },
    "max": {
      "trend_strength": 0.9775594049619608,
      "trend_linearity": 0.007175801175908802,
      "seasonal_strength": 0.9937571365914807,
      "seasonal_correlation": 0.9982289687169227,
      "residual_autocorr_lag1": 0.9291258249193272,
      "spectral_entropy": 1635.5996107418987
    }
  }
}