{
  "model": "kairos23m",
  "dataset": "ETTh2",
  "method": "clean",
  "ratio": null,
  "term": "long",
  "imputation_method": null,
  "n_windows": 15,
  "period": 24,
  "summary": {
    "mean": {
      "trend_strength": 0.8701919959694429,
      "trend_linearity": -0.0002574481636684989,
      "seasonal_strength": 0.9876818032055721,
      "seasonal_correlation": 0.9965512831662028,
      "residual_autocorr_lag1": 0.8623286347508959,
      "spectral_entropy": 1074.0914252737014
    },
    "std": {
      "trend_strength": 0.08078048815707457,
      "trend_linearity": 0.0031687763802205593,
      "seasonal_strength": 0.008775152981569362,
      "seasonal_correlation": 0.004243561968842491,
      "residual_autocorr_lag1": 0.08908830362793531,
      "spectral_entropy": 317.4715599273452
    },
    "min": {
      "trend_strength": 0.6506275903388519,
      "trend_linearity": -0.004254226481586736,
      "seasonal_strength": 0.9644008441465852,
      "seasonal_correlation": 0.9809000766465003,
      "residual_autocorr_lag1": 0.5584255374697906,
      "spectral_entropy": 539.0269087890077
    },
    "max": {
      "trend_strength": 0.9657763607009161,
      "trend_linearity": 0.008089464082564946,
      "seasonal_strength": 0.9959635734795276,
      "seasonal_correlation": 0.9989316151915334,
      "residual_autocorr_lag1": 0.9401523309897949,
      "spectral_entropy": 1636.7185501360118
    }
  }
}