{
  "model": "kairos23m",
  "dataset": "ETTh2",
  "method": "BM",
  "ratio": 0.1,
  "term": "long",
  "imputation_method": "forward",
  "n_windows": 15,
  "period": 24,
  "summary": {
    "mean": {
      "trend_strength": 0.8487346714265132,
      "trend_linearity": -0.000891899875440921,
      "seasonal_strength": 0.9694335178732655,
      "seasonal_correlation": 0.9959131149811743,
      "residual_autocorr_lag1": 0.8813978388405808,
      "spectral_entropy": 1038.645886527363
    },
    "std": {
      "trend_strength": 0.11148109201909114,
      "trend_linearity": 0.002995912218882373,
      "seasonal_strength": 0.05393135696859076,
      "seasonal_correlation": 0.003555729566078817,
      "residual_autocorr_lag1": 0.04266514157062436,
      "spectral_entropy": 293.36917675588865
    },
    "min": {
      "trend_strength": 0.5970125736537919,
      "trend_linearity": -0.006036504409863879,
      "seasonal_strength": 0.7755200634995529,
      "seasonal_correlation": 0.9862311320622708,
      "residual_autocorr_lag1": 0.7858601574644831,
      "spectral_entropy": 434.73698050383825
    },
    "max": {
      "trend_strength": 0.9647384591447663,
      "trend_linearity": 0.004825103770975854,
      "seasonal_strength": 0.995589869204947,
      "seasonal_correlation": 0.9989765386045633,
      "residual_autocorr_lag1": 0.9300967906062785,
      "spectral_entropy": 1449.2650371423274
    }
  }
}