{
  "model": "kairos23m",
  "dataset": "ETTm2",
  "method": "clean",
  "ratio": null,
  "term": "long",
  "imputation_method": null,
  "n_windows": 20,
  "period": 96,
  "summary": {
    "mean": {
      "trend_strength": 0.5007600932064158,
      "trend_linearity": -0.0017899541237263589,
      "seasonal_strength": 0.8291046515651121,
      "seasonal_correlation": 0.9801578510966731,
      "residual_autocorr_lag1": 0.97554085716462,
      "spectral_entropy": 1254.3830877112784
    },
    "std": {
      "trend_strength": 0.2665876223657747,
      "trend_linearity": 0.006169657139356301,
      "seasonal_strength": 0.11560083200048137,
      "seasonal_correlation": 0.018624300562477766,
      "residual_autocorr_lag1": 0.020071271347655194,
      "spectral_entropy": 329.25443480551166
    },
    "min": {
      "trend_strength": 0.0,
      "trend_linearity": -0.020493439706903246,
      "seasonal_strength": 0.5068032388610509,
      "seasonal_correlation": 0.9332434619160208,
      "residual_autocorr_lag1": 0.9320712576440627,
      "spectral_entropy": 536.5083676755477
    },
    "max": {
      "trend_strength": 0.9056315327346204,
      "trend_linearity": 0.007994073649078271,
      "seasonal_strength": 0.9751384511378869,
      "seasonal_correlation": 0.9985579731490514,
      "residual_autocorr_lag1": 0.9976958722081936,
      "spectral_entropy": 1786.5622849824865
    }
  }
}