{
  "model": "kairos23m",
  "dataset": "EWELD_Load_15T",
  "method": "BM",
  "ratio": 0.3,
  "term": "long",
  "imputation_method": "backward",
  "n_windows": 18,
  "period": 96,
  "summary": {
    "mean": {
      "trend_strength": 0.20500940078043406,
      "trend_linearity": 0.011727970188588866,
      "seasonal_strength": 0.8757467474702554,
      "seasonal_correlation": 0.9862960680367436,
      "residual_autocorr_lag1": 0.9667182414835221,
      "spectral_entropy": 3975.4054851687106
    },
    "std": {
      "trend_strength": 0.15418680098047308,
      "trend_linearity": 0.04336193545502243,
      "seasonal_strength": 0.05771935850322388,
      "seasonal_correlation": 0.01571696156804603,
      "residual_autocorr_lag1": 0.025679482613306544,
      "spectral_entropy": 277.9779146720011
    },
    "min": {
      "trend_strength": 0.03803583808129296,
      "trend_linearity": -0.06122140430530333,
      "seasonal_strength": 0.7824710771314713,
      "seasonal_correlation": 0.9325271817373506,
      "residual_autocorr_lag1": 0.9040004053040421,
      "spectral_entropy": 3291.307058651566
    },
    "max": {
      "trend_strength": 0.6550906395836553,
      "trend_linearity": 0.10942539617721388,
      "seasonal_strength": 0.9878325847986861,
      "seasonal_correlation": 0.9986620359204239,
      "residual_autocorr_lag1": 0.9902789333822508,
      "spectral_entropy": 4228.412188628994
    }
  }
}