{
  "model": "kairos23m",
  "dataset": "exchange_rate",
  "method": "BM",
  "ratio": 0.1,
  "term": "long",
  "imputation_method": "mean",
  "n_windows": 11,
  "period": 7,
  "summary": {
    "mean": {
      "trend_strength": 0.964624606089692,
      "trend_linearity": 9.281690915312059e-06,
      "seasonal_strength": 0.07563965534609669,
      "seasonal_correlation": 0.054199047053388585,
      "residual_autocorr_lag1": 0.5203541149166738,
      "spectral_entropy": -1913.3023019071486
    },
    "std": {
      "trend_strength": 0.018766724456651295,
      "trend_linearity": 2.3926517632173057e-05,
      "seasonal_strength": 0.0482841901442926,
      "seasonal_correlation": 0.025536162099887037,
      "residual_autocorr_lag1": 0.12773574967660187,
      "spectral_entropy": 169.0052944598226
    },
    "min": {
      "trend_strength": 0.9257097566909482,
      "trend_linearity": -2.589428337233124e-05,
      "seasonal_strength": 0.0,
      "seasonal_correlation": 0.016617767963818877,
      "residual_autocorr_lag1": 0.35633971546087206,
      "spectral_entropy": -2276.5701899426276
    },
    "max": {
      "trend_strength": 0.9931555328717064,
      "trend_linearity": 4.899778419973628e-05,
      "seasonal_strength": 0.14599295786226052,
      "seasonal_correlation": 0.10710420805622907,
      "residual_autocorr_lag1": 0.7492851077027899,
      "spectral_entropy": -1649.6250888564007
    }
  }
}