{
  "model": "kairos23m",
  "dataset": "Finland_Traffic_15T",
  "method": "BM",
  "ratio": 0.3,
  "term": "long",
  "imputation_method": "forward",
  "n_windows": 20,
  "period": 96,
  "summary": {
    "mean": {
      "trend_strength": 0.216775899902451,
      "trend_linearity": 0.0038758519852826337,
      "seasonal_strength": 0.7988832961120838,
      "seasonal_correlation": 0.9324348823517192,
      "residual_autocorr_lag1": 0.9594482114668434,
      "spectral_entropy": 3678.5449854695967
    },
    "std": {
      "trend_strength": 0.18239236426196065,
      "trend_linearity": 0.05411489021441118,
      "seasonal_strength": 0.07671812190896947,
      "seasonal_correlation": 0.04978321635114501,
      "residual_autocorr_lag1": 0.017060185566238707,
      "spectral_entropy": 291.2655972062334
    },
    "min": {
      "trend_strength": 0.0,
      "trend_linearity": -0.09642173088960804,
      "seasonal_strength": 0.6414886471759873,
      "seasonal_correlation": 0.8176631499858894,
      "residual_autocorr_lag1": 0.9144447058818882,
      "spectral_entropy": 3038.834076013238
    },
    "max": {
      "trend_strength": 0.6155386090929931,
      "trend_linearity": 0.10548468004040036,
      "seasonal_strength": 0.9566413027297433,
      "seasonal_correlation": 0.9971353013274052,
      "residual_autocorr_lag1": 0.9888166181666084,
      "spectral_entropy": 4070.13813767488
    }
  }
}