window_idx,n_series,trend_strength,trend_linearity,seasonal_strength,seasonal_correlation,residual_autocorr_lag1,spectral_entropy
0,1,0.9893858737928003,-0.0006527421753355516,0.9726044663110734,0.9914145925834222,0.8523532966682419,48.09576898949834
1,1,0.9898492781474569,-0.0005114272792564483,0.9570925105141901,0.9903352813933113,0.8981435164240884,-3.592883207230983
2,1,0.9814334125202533,0.00012480382978997725,0.879262313949474,0.9438595363808104,0.8013317304648403,-830.5807914730345
3,1,0.9273967132109254,9.536361311107259e-05,0.9753102232634797,0.9925502391117752,0.8025957206740986,-1304.1459832128103
4,1,0.9297349120405167,8.931906395452004e-05,0.9759539944567327,0.9736371143937242,0.7919961606803223,-1300.4202502088958
5,1,0.9935326174030111,0.0007434330537287772,0.4271851991385114,0.6476717761683274,0.8638625787960011,-308.7787486411373
6,1,0.9908907229520438,5.313503182854147e-05,0.5544823455544479,0.5871937840999807,0.8465340502495751,-217.27091872677093
7,1,0.9269167090637761,0.00011111074553204094,0.06752382400775503,0.3162344463717752,0.8819501709814038,-594.1016656463717
