{
  "model": "kairos23m",
  "dataset": "NE_China_Wind_H",
  "method": "BM",
  "ratio": 0.3,
  "term": "long",
  "imputation_method": "forward",
  "n_windows": 8,
  "period": 24,
  "summary": {
    "mean": {
      "trend_strength": 0.9720406014375966,
      "trend_linearity": -6.675542697502781e-06,
      "seasonal_strength": 0.7174387243145803,
      "seasonal_correlation": 0.802931591071853,
      "residual_autocorr_lag1": 0.8811823148955329,
      "spectral_entropy": -582.0074439639984
    },
    "std": {
      "trend_strength": 0.03387875543678619,
      "trend_linearity": 0.0005127797351909362,
      "seasonal_strength": 0.2461100545197383,
      "seasonal_correlation": 0.22851243611419209,
      "residual_autocorr_lag1": 0.027002449888011332,
      "spectral_entropy": 658.2414087592026
    },
    "min": {
      "trend_strength": 0.8834412362012535,
      "trend_linearity": -0.0008826907887520302,
      "seasonal_strength": 0.13251193258086047,
      "seasonal_correlation": 0.27887030646017325,
      "residual_autocorr_lag1": 0.8343878063948802,
      "spectral_entropy": -1731.211472537078
    },
    "max": {
      "trend_strength": 0.9937457126001656,
      "trend_linearity": 0.0008408167999829351,
      "seasonal_strength": 0.9861921924444087,
      "seasonal_correlation": 0.9971913348922211,
      "residual_autocorr_lag1": 0.9241968697463041,
      "spectral_entropy": 229.86260102776572
    }
  }
}