window_idx,n_series,trend_strength,trend_linearity,seasonal_strength,seasonal_correlation,residual_autocorr_lag1,spectral_entropy
0,1,0.9885971631284862,-0.0004986074926598699,0.9650220686209925,0.9881665961858872,0.8629241805751008,52.70388651020144
1,1,0.9874895482826208,-0.0005251799267195714,0.942597816288466,0.9906037902859711,0.9012469259303978,31.73049283173026
2,1,0.9874969256960527,0.00028709855445808644,0.8450141138944806,0.9351448605048329,0.8723824509676488,-416.23244226514316
3,1,0.993783272196696,-0.00041557196453426306,0.9417571437107616,0.9759173312964539,0.8562193003484312,-48.94754204575739
4,1,0.9830426352537167,0.0005530380013576534,0.9437190159881583,0.9745299669397078,0.8773100681423145,-1245.5450512167438
5,1,0.9940160839688545,0.000967096119590005,0.2747779756874337,0.3789726876004087,0.8887316125234139,-28.180274239090863
6,1,0.9796684764821794,0.0004068181554614276,0.1545700868763128,0.31077240287671626,0.8701622173854101,-793.968901784066
7,1,0.9340227828313433,5.797270231967157e-05,0.06117845863495319,0.3974468162193329,0.8579793473382694,-804.4923549615007
