{
  "model": "kairos23m",
  "dataset": "NE_China_Wind_H",
  "method": "BM",
  "ratio": 0.2,
  "term": "long",
  "imputation_method": "mean",
  "n_windows": 8,
  "period": 24,
  "summary": {
    "mean": {
      "trend_strength": 0.9810146109799938,
      "trend_linearity": 0.00010408301865914247,
      "seasonal_strength": 0.6410795849626949,
      "seasonal_correlation": 0.7439443064886638,
      "residual_autocorr_lag1": 0.8733695129013733,
      "spectral_entropy": -406.6165233962963
    },
    "std": {
      "trend_strength": 0.0183291918693784,
      "trend_linearity": 0.0005126975970245433,
      "seasonal_strength": 0.37526533366062526,
      "seasonal_correlation": 0.29684318294092077,
      "residual_autocorr_lag1": 0.014491485549539407,
      "spectral_entropy": 459.14390766433917
    },
    "min": {
      "trend_strength": 0.9340227828313433,
      "trend_linearity": -0.0005251799267195714,
      "seasonal_strength": 0.06117845863495319,
      "seasonal_correlation": 0.31077240287671626,
      "residual_autocorr_lag1": 0.8562193003484312,
      "spectral_entropy": -1245.5450512167438
    },
    "max": {
      "trend_strength": 0.9940160839688545,
      "trend_linearity": 0.000967096119590005,
      "seasonal_strength": 0.9650220686209925,
      "seasonal_correlation": 0.9906037902859711,
      "residual_autocorr_lag1": 0.9012469259303978,
      "spectral_entropy": 52.70388651020144
    }
  }
}