{
  "model": "kairos23m",
  "dataset": "NE_China_Wind_H",
  "method": "BM",
  "ratio": 0.2,
  "term": "long",
  "imputation_method": "backward",
  "n_windows": 8,
  "period": 24,
  "summary": {
    "mean": {
      "trend_strength": 0.966142529891348,
      "trend_linearity": 6.624485419116195e-06,
      "seasonal_strength": 0.726176859649458,
      "seasonal_correlation": 0.8053620963128908,
      "residual_autocorr_lag1": 0.8423459031173215,
      "spectral_entropy": -563.8494340158442
    },
    "std": {
      "trend_strength": 0.029715698631444274,
      "trend_linearity": 0.0004012151672654981,
      "seasonal_strength": 0.31910786773070754,
      "seasonal_correlation": 0.24059237868366232,
      "residual_autocorr_lag1": 0.03718175534492114,
      "spectral_entropy": 504.5020340138051
    },
    "min": {
      "trend_strength": 0.9269167090637761,
      "trend_linearity": -0.0006527421753355516,
      "seasonal_strength": 0.06752382400775503,
      "seasonal_correlation": 0.3162344463717752,
      "residual_autocorr_lag1": 0.7919961606803223,
      "spectral_entropy": -1304.1459832128103
    },
    "max": {
      "trend_strength": 0.9935326174030111,
      "trend_linearity": 0.0007434330537287772,
      "seasonal_strength": 0.9759539944567327,
      "seasonal_correlation": 0.9925502391117752,
      "residual_autocorr_lag1": 0.8981435164240884,
      "spectral_entropy": 48.09576898949834
    }
  }
}