{
  "model": "kairos23m",
  "dataset": "NE_China_Wind_H",
  "method": "BM",
  "ratio": 0.3,
  "term": "long",
  "imputation_method": "linear",
  "n_windows": 8,
  "period": 24,
  "summary": {
    "mean": {
      "trend_strength": 0.9675228326032601,
      "trend_linearity": -3.3625885371512044e-05,
      "seasonal_strength": 0.6256603250033423,
      "seasonal_correlation": 0.7829631442028089,
      "residual_autocorr_lag1": 0.8650667484916911,
      "spectral_entropy": -629.7933951528877
    },
    "std": {
      "trend_strength": 0.033447962100668305,
      "trend_linearity": 0.0004496712829219174,
      "seasonal_strength": 0.3969964749029426,
      "seasonal_correlation": 0.2859786246990304,
      "residual_autocorr_lag1": 0.03723592468770579,
      "spectral_entropy": 537.1098517943918
    },
    "min": {
      "trend_strength": 0.8866439636441665,
      "trend_linearity": -0.0008619926558930603,
      "seasonal_strength": 0.0,
      "seasonal_correlation": 0.2010364565637432,
      "residual_autocorr_lag1": 0.812514761854153,
      "spectral_entropy": -1408.1317570572828
    },
    "max": {
      "trend_strength": 0.993333636304461,
      "trend_linearity": 0.0004956400911512862,
      "seasonal_strength": 0.9852523149627891,
      "seasonal_correlation": 0.9950245174046644,
      "residual_autocorr_lag1": 0.9203244365466142,
      "spectral_entropy": 145.20139378889002
    }
  }
}