{
  "model": "kairos23m",
  "dataset": "NE_China_Wind_H",
  "method": "BM",
  "ratio": 0.2,
  "term": "long",
  "imputation_method": "forward",
  "n_windows": 8,
  "period": 24,
  "summary": {
    "mean": {
      "trend_strength": 0.9705326899522719,
      "trend_linearity": 3.776543152958693e-05,
      "seasonal_strength": 0.6531100898752326,
      "seasonal_correlation": 0.7874863509736614,
      "residual_autocorr_lag1": 0.8660094446411231,
      "spectral_entropy": -454.5916537642575
    },
    "std": {
      "trend_strength": 0.022356583572677658,
      "trend_linearity": 0.0005159140798154387,
      "seasonal_strength": 0.3919236731431389,
      "seasonal_correlation": 0.27074276649278683,
      "residual_autocorr_lag1": 0.026615002109850027,
      "spectral_entropy": 585.1779785522052
    },
    "min": {
      "trend_strength": 0.9332191686383545,
      "trend_linearity": -0.0008295582616306084,
      "seasonal_strength": 0.0,
      "seasonal_correlation": 0.3028568563501493,
      "residual_autocorr_lag1": 0.8133958067500049,
      "spectral_entropy": -1431.0981941840842
    },
    "max": {
      "trend_strength": 0.9910876909357048,
      "trend_linearity": 0.0007549559174892808,
      "seasonal_strength": 0.9839467034358369,
      "seasonal_correlation": 0.9943655497192243,
      "residual_autocorr_lag1": 0.9009015676220459,
      "spectral_entropy": 234.8273506895652
    }
  }
}