window_idx,n_series,trend_strength,trend_linearity,seasonal_strength,seasonal_correlation,residual_autocorr_lag1,spectral_entropy
0,1,0.9924015578136167,-0.0005036192660739499,0.9343133734071516,0.9734895685833231,0.8747226338817823,113.227702053445
1,1,0.9741676025628208,-0.0005892158194936299,0.6861723350513369,0.9539189010041619,0.783629598835033,-134.15877343024
2,1,0.956333425917627,4.379414882714558e-05,0.8947650558491091,0.97333805304173,0.914507020818817,-74.093509161598
3,1,0.9404575382914664,7.874900441117824e-05,0.9531195947098566,0.9833510879481038,0.7635281515214205,-1304.991630482214
4,1,0.8786474602712396,4.421032841227081e-06,0.8328638025904197,0.9072606609202867,0.8102315425459248,-1474.498855472325
5,1,0.8707096788404496,-8.680588004358674e-05,0.09667408348079443,0.29549824117922513,0.845473184570953,-921.4748121424054
6,1,0.9756373436713448,-8.960876045639278e-05,0.5127869921627957,0.8008200908858684,0.8898000991648807,-414.98470415653645
7,1,0.9165854472628109,0.00011569050864855861,0.0,0.49071072729169757,0.8409937277450436,-781.4621525432366
