{
  "model": "kairos23m",
  "dataset": "OpenElectricity_NEM_5T",
  "method": "BM",
  "ratio": 0.3,
  "term": "long",
  "imputation_method": "linear",
  "n_windows": 20,
  "period": 288,
  "summary": {
    "mean": {
      "trend_strength": 0.5440133416809384,
      "trend_linearity": 0.16339758039135696,
      "seasonal_strength": 0.9924278054345885,
      "seasonal_correlation": 0.9764200918807526,
      "residual_autocorr_lag1": 0.8635370388516082,
      "spectral_entropy": 5288.116448672272
    },
    "std": {
      "trend_strength": 0.3262639826157303,
      "trend_linearity": 0.5042542677501699,
      "seasonal_strength": 0.008991011664039672,
      "seasonal_correlation": 0.025205630447656308,
      "residual_autocorr_lag1": 0.13738355778218547,
      "spectral_entropy": 244.1093504924066
    },
    "min": {
      "trend_strength": 0.0003233761799630308,
      "trend_linearity": -0.5535322422378326,
      "seasonal_strength": 0.9617489155166465,
      "seasonal_correlation": 0.8914380551952329,
      "residual_autocorr_lag1": 0.4427979321814853,
      "spectral_entropy": 4593.951610510758
    },
    "max": {
      "trend_strength": 0.9475977056039927,
      "trend_linearity": 1.391188902743143,
      "seasonal_strength": 0.9991282051240221,
      "seasonal_correlation": 0.9982822462730125,
      "residual_autocorr_lag1": 0.9939290347815246,
      "spectral_entropy": 5638.113548238419
    }
  }
}