{
  "model": "kairos23m",
  "dataset": "OpenElectricity_NEM_5T",
  "method": "BM",
  "ratio": 0.3,
  "term": "long",
  "imputation_method": "mean",
  "n_windows": 20,
  "period": 288,
  "summary": {
    "mean": {
      "trend_strength": 0.3635898710352835,
      "trend_linearity": 0.01626526846519487,
      "seasonal_strength": 0.9755121903844346,
      "seasonal_correlation": 0.9199868103421487,
      "residual_autocorr_lag1": 0.8293355921589589,
      "spectral_entropy": 4932.117013448411
    },
    "std": {
      "trend_strength": 0.29629635892277606,
      "trend_linearity": 0.388814315565723,
      "seasonal_strength": 0.03328377513991063,
      "seasonal_correlation": 0.08985719984659443,
      "residual_autocorr_lag1": 0.1786673916801054,
      "spectral_entropy": 512.0877898372248
    },
    "min": {
      "trend_strength": 0.0,
      "trend_linearity": -0.9594806266037639,
      "seasonal_strength": 0.8468465041867734,
      "seasonal_correlation": 0.6406619482201182,
      "residual_autocorr_lag1": 0.47431272170746464,
      "spectral_entropy": 3922.8067992377655
    },
    "max": {
      "trend_strength": 0.8620367585735359,
      "trend_linearity": 0.8559080345807026,
      "seasonal_strength": 0.9989394273561875,
      "seasonal_correlation": 0.9973923029981479,
      "residual_autocorr_lag1": 0.9942395836808423,
      "spectral_entropy": 5607.887092109676
    }
  }
}