window_idx,n_series,trend_strength,trend_linearity,seasonal_strength,seasonal_correlation,residual_autocorr_lag1,spectral_entropy
0,1,0.933000554857887,-0.8768915688757342,0.11367271802501067,0.05622008137155765,0.5156032019295496,2838.6093541365753
1,1,0.9528231071223233,1.5092842155945523,0.011697892833706147,0.15396566411107043,0.46358439654127814,3037.72689394957
2,1,0.9249059825244543,1.705258100805887,0.0,0.08813498829228911,0.5891606880960312,3022.6087164713867
