{
  "model": "kairos23m",
  "dataset": "Port_Activity_D",
  "method": "clean",
  "ratio": null,
  "term": "long",
  "imputation_method": null,
  "n_windows": 3,
  "period": 7,
  "summary": {
    "mean": {
      "trend_strength": 0.7579297097350434,
      "trend_linearity": -0.628068585220301,
      "seasonal_strength": 0.001325716555300338,
      "seasonal_correlation": 0.035455011767666446,
      "residual_autocorr_lag1": 0.3991166263635239,
      "spectral_entropy": 3099.504643577409
    },
    "std": {
      "trend_strength": 0.12251775370840759,
      "trend_linearity": 0.7676300857789335,
      "seasonal_strength": 0.0018748463323682793,
      "seasonal_correlation": 0.024306382736186634,
      "residual_autocorr_lag1": 0.12878317789045704,
      "spectral_entropy": 259.1958489239994
    },
    "min": {
      "trend_strength": 0.6224653294177128,
      "trend_linearity": -1.1723802325446901,
      "seasonal_strength": 0.0,
      "seasonal_correlation": 0.005231284258524833,
      "residual_autocorr_lag1": 0.2342009186023218,
      "spectral_entropy": 2864.372094043212
    },
    "max": {
      "trend_strength": 0.9192191081117944,
      "trend_linearity": 0.4575228817657625,
      "seasonal_strength": 0.003977149665901014,
      "seasonal_correlation": 0.06474767536451889,
      "residual_autocorr_lag1": 0.5485055444935749,
      "spectral_entropy": 3460.6037606087702
    }
  }
}