window_idx,n_series,trend_strength,trend_linearity,seasonal_strength,seasonal_correlation,residual_autocorr_lag1,spectral_entropy
0,1,0.8797370207725335,-0.7205616305944388,0.0,0.0521987964383888,0.5497019509484261,2795.5853604328604
1,1,0.9255256695127438,1.5159731149371458,0.061162374885763815,-0.0029567482550316468,0.49832276879437315,3179.4485175655814
2,1,0.7194697654153872,0.6514007864648029,0.0,0.08787207067437418,0.5820971892361796,2914.6401763066206
