{
  "model": "kairos23m",
  "dataset": "Port_Activity_D",
  "method": "BM",
  "ratio": 0.1,
  "term": "long",
  "imputation_method": "mean",
  "n_windows": 3,
  "period": 7,
  "summary": {
    "mean": {
      "trend_strength": 0.6167926953284464,
      "trend_linearity": -0.7217435733344332,
      "seasonal_strength": 0.0,
      "seasonal_correlation": 0.04260341456568443,
      "residual_autocorr_lag1": 0.3858628737715153,
      "spectral_entropy": 3121.910771297042
    },
    "std": {
      "trend_strength": 0.2788846942607226,
      "trend_linearity": 0.5604417817695678,
      "seasonal_strength": 0.0,
      "seasonal_correlation": 0.015898682238932073,
      "residual_autocorr_lag1": 0.15013605722714748,
      "spectral_entropy": 212.26187192083108
    },
    "min": {
      "trend_strength": 0.2463326819406173,
      "trend_linearity": -1.1693292094635348,
      "seasonal_strength": 0.0,
      "seasonal_correlation": 0.026998288221038103,
      "residual_autocorr_lag1": 0.18928987410728704,
      "spectral_entropy": 2970.1094366540065
    },
    "max": {
      "trend_strength": 0.9192171681880559,
      "trend_linearity": 0.06852325991329666,
      "seasonal_strength": 0.0,
      "seasonal_correlation": 0.06442425756213438,
      "residual_autocorr_lag1": 0.5536514985483061,
      "spectral_entropy": 3422.087874089271
    }
  }
}