window_idx,n_series,trend_strength,trend_linearity,seasonal_strength,seasonal_correlation,residual_autocorr_lag1,spectral_entropy
0,1,0.9192171681880559,-1.1693292094635348,0.0,0.036387697913880815,0.41464724865895275,2973.53500314785
1,1,0.6848282358566661,-1.064424770453061,0.0,0.026998288221038103,0.18928987410728704,3422.087874089271
2,1,0.2463326819406173,0.06852325991329666,0.0,0.06442425756213438,0.5536514985483061,2970.1094366540065
