{
  "model": "kairos23m",
  "dataset": "Port_Activity_D",
  "method": "BM",
  "ratio": 0.3,
  "term": "long",
  "imputation_method": "backward",
  "n_windows": 3,
  "period": 7,
  "summary": {
    "mean": {
      "trend_strength": 0.8190146577132756,
      "trend_linearity": 0.8459877096923241,
      "seasonal_strength": 0.011781050237537874,
      "seasonal_correlation": 0.07606549155672644,
      "residual_autocorr_lag1": 0.516904893098484,
      "spectral_entropy": 3035.323033852821
    },
    "std": {
      "trend_strength": 0.14545119812645185,
      "trend_linearity": 0.8543083599163207,
      "seasonal_strength": 0.016660921024924835,
      "seasonal_correlation": 0.023990625357609933,
      "residual_autocorr_lag1": 0.04840205146072557,
      "spectral_entropy": 201.70057126026848
    },
    "min": {
      "trend_strength": 0.6135108807873864,
      "trend_linearity": -0.17682295923544225,
      "seasonal_strength": 0.0,
      "seasonal_correlation": 0.0560151870274597,
      "residual_autocorr_lag1": 0.46905797485124934,
      "spectral_entropy": 2829.1614245390915
    },
    "max": {
      "trend_strength": 0.9295270105003626,
      "trend_linearity": 1.9143112718880906,
      "seasonal_strength": 0.035343150712613625,
      "seasonal_correlation": 0.1097932623219927,
      "residual_autocorr_lag1": 0.5832210660900754,
      "spectral_entropy": 3309.1308832447185
    }
  }
}