{
  "model": "kairos23m",
  "dataset": "Port_Activity_D",
  "method": "BM",
  "ratio": 0.2,
  "term": "long",
  "imputation_method": "mean",
  "n_windows": 3,
  "period": 7,
  "summary": {
    "mean": {
      "trend_strength": 0.8189591734862368,
      "trend_linearity": -0.9290461187779716,
      "seasonal_strength": 0.018141212988856997,
      "seasonal_correlation": 0.04104505603862504,
      "residual_autocorr_lag1": 0.41368022143834154,
      "spectral_entropy": 2997.549047201412
    },
    "std": {
      "trend_strength": 0.1843019973368042,
      "trend_linearity": 0.6866194528443604,
      "seasonal_strength": 0.012828620709215801,
      "seasonal_correlation": 0.02657805152069519,
      "residual_autocorr_lag1": 0.0553722227885441,
      "spectral_entropy": 95.1165493260624
    },
    "min": {
      "trend_strength": 0.5585319884476052,
      "trend_linearity": -1.6265338547309747,
      "seasonal_strength": 0.0,
      "seasonal_correlation": 0.003672625319477135,
      "residual_autocorr_lag1": 0.34254431401651314,
      "spectral_entropy": 2876.5829951162586
    },
    "max": {
      "trend_strength": 0.9583433877480437,
      "trend_linearity": 0.004764030215303757,
      "seasonal_strength": 0.02739225623418573,
      "seasonal_correlation": 0.06320478554988455,
      "residual_autocorr_lag1": 0.477601069027501,
      "spectral_entropy": 3108.984478641034
    }
  }
}