window_idx,n_series,trend_strength,trend_linearity,seasonal_strength,seasonal_correlation,residual_autocorr_lag1,spectral_entropy
0,1,0.9240992683081186,-0.8387166857607379,0.0,0.07966022616510121,0.5286737924624564,2804.8281769491423
1,1,0.5988819414209936,-0.3178648756153201,0.16619924357070492,0.0308614179510802,0.45620853785138565,3166.3491624257786
2,1,0.47897443664710115,-0.523672374801288,0.020312175525350362,0.1080562145352102,0.514585530361594,3044.6544823668114
