{
  "model": "kairos23m",
  "dataset": "Supply_Chain_Location_D",
  "method": "BM",
  "ratio": 0.2,
  "term": "long",
  "imputation_method": "backward",
  "n_windows": 3,
  "period": 7,
  "summary": {
    "mean": {
      "trend_strength": 0.9068657368343649,
      "trend_linearity": -13.742964040729099,
      "seasonal_strength": 0.9517886270541763,
      "seasonal_correlation": 0.0362950941693285,
      "residual_autocorr_lag1": 0.3846950042594291,
      "spectral_entropy": 4558.734183141388
    },
    "std": {
      "trend_strength": 0.04698878877408862,
      "trend_linearity": 15.211752267754097,
      "seasonal_strength": 0.007110535445847435,
      "seasonal_correlation": 0.015798735993102612,
      "residual_autocorr_lag1": 0.03943693244421691,
      "spectral_entropy": 134.96931592325868
    },
    "min": {
      "trend_strength": 0.8593607276386512,
      "trend_linearity": -35.06606760447113,
      "seasonal_strength": 0.9418692157029809,
      "seasonal_correlation": 0.01407593718411697,
      "residual_autocorr_lag1": 0.33749768216877823,
      "spectral_entropy": 4405.97706173278
    },
    "max": {
      "trend_strength": 0.9708596999255498,
      "trend_linearity": -0.6136093107417345,
      "seasonal_strength": 0.9581778537419701,
      "seasonal_correlation": 0.04943737667863909,
      "residual_autocorr_lag1": 0.4340272435930166,
      "spectral_entropy": 4734.228942095047
    }
  }
}