window_idx,n_series,trend_strength,trend_linearity,seasonal_strength,seasonal_correlation,residual_autocorr_lag1,spectral_entropy
0,1,0.9238958586114123,-3.204958718295401,0.8529178486094429,0.6189444966838934,0.508561250970816,4060.9919298296963
1,1,0.8519073583486894,0.3836727021441226,0.8826812912789452,0.038844979029619295,0.5643230864532784,3802.8152967611527
2,1,0.8530609916606217,13.11839401471481,0.9577210499830349,0.31644898392859266,0.3262573253502698,4498.582470154883
