window_idx,n_series,trend_strength,trend_linearity,seasonal_strength,seasonal_correlation,residual_autocorr_lag1,spectral_entropy
0,1,0.9448317313848341,-27.334632899301752,0.8308482106495969,0.252229965581912,0.3638596506726103,4652.440732819093
1,1,0.9401210065518084,-36.521181827907476,0.943510395302333,0.025369198567027764,0.3903338643744512,4696.566662037445
2,1,0.9698002302883522,69.10839837378329,0.9721781318499392,0.4046150785628882,0.3662191834995012,4946.473405840187
