window_idx,n_series,trend_strength,trend_linearity,seasonal_strength,seasonal_correlation,residual_autocorr_lag1,spectral_entropy
0,1,0.9030536056324363,-6.914113359808755,0.9317446163417968,0.05693338713336274,0.3915640881583559,4367.780349919547
1,1,0.9560024143527323,-19.807629351586282,0.9442206174115388,-0.002296887529745346,0.4509345345469794,4529.023387522184
2,1,0.7329277389174187,1.5450725768891143,0.961259313728622,0.04639966282740657,0.4269218576893039,4457.982411428768
