{
  "model": "kairos23m",
  "dataset": "Supply_Chain_Location_D",
  "method": "BM",
  "ratio": 0.1,
  "term": "long",
  "imputation_method": "linear",
  "n_windows": 3,
  "period": 7,
  "summary": {
    "mean": {
      "trend_strength": 0.7883942250716777,
      "trend_linearity": -8.9814138339819,
      "seasonal_strength": 0.954938696275535,
      "seasonal_correlation": 0.0910448241247286,
      "residual_autocorr_lag1": 0.33214591360959256,
      "spectral_entropy": 4541.509810977339
    },
    "std": {
      "trend_strength": 0.17317040836982123,
      "trend_linearity": 7.6184470757942515,
      "seasonal_strength": 0.0018997650932291,
      "seasonal_correlation": 0.03290824563032971,
      "residual_autocorr_lag1": 0.08617783795501602,
      "spectral_entropy": 128.80017893983904
    },
    "min": {
      "trend_strength": 0.5476168005227402,
      "trend_linearity": -17.32365372316959,
      "seasonal_strength": 0.9522613851484907,
      "seasonal_correlation": 0.056696868952382316,
      "residual_autocorr_lag1": 0.2662727967358434,
      "spectral_entropy": 4395.817905241716
    },
    "max": {
      "trend_strength": 0.9475341873020063,
      "trend_linearity": 1.0944820583894133,
      "seasonal_strength": 0.956471426466278,
      "seasonal_correlation": 0.1354142503615131,
      "residual_autocorr_lag1": 0.4538826915670547,
      "spectral_entropy": 4709.037497008119
    }
  }
}