{
  "model": "kairos23m",
  "dataset": "Supply_Chain_Customer_D",
  "method": "BM",
  "ratio": 0.2,
  "term": "long",
  "imputation_method": "linear",
  "n_windows": 3,
  "period": 7,
  "summary": {
    "mean": {
      "trend_strength": 0.8515749822033977,
      "trend_linearity": -45.8173115603372,
      "seasonal_strength": 0.9359862195445389,
      "seasonal_correlation": 0.15156755152189805,
      "residual_autocorr_lag1": 0.44872587884236786,
      "spectral_entropy": 4853.825930428961
    },
    "std": {
      "trend_strength": 0.1754907712684636,
      "trend_linearity": 43.299464452495414,
      "seasonal_strength": 0.015518644068512452,
      "seasonal_correlation": 0.16722242353580563,
      "residual_autocorr_lag1": 0.0964353297789237,
      "spectral_entropy": 203.21980096589527
    },
    "min": {
      "trend_strength": 0.6035626468271457,
      "trend_linearity": -97.38860652062192,
      "seasonal_strength": 0.9149520529731591,
      "seasonal_correlation": 0.017068826129865388,
      "residual_autocorr_lag1": 0.3396119596219534,
      "spectral_entropy": 4566.430026584647
    },
    "max": {
      "trend_strength": 0.9835138245043774,
      "trend_linearity": 8.561457206206457,
      "seasonal_strength": 0.95192689463579,
      "seasonal_correlation": 0.38727337165045533,
      "residual_autocorr_lag1": 0.5741367283854878,
      "spectral_entropy": 4997.880389096015
    }
  }
}