window_idx,n_series,trend_strength,trend_linearity,seasonal_strength,seasonal_correlation,residual_autocorr_lag1,spectral_entropy
0,1,0.8565943357168856,-6.429329295208336,0.9403568087497398,0.05666812401530795,0.28611482677293404,4379.909029586703
1,1,0.9244600177567021,-17.234874460251906,0.9573875573454236,0.05426530347717929,0.3100630772674316,4490.330254511962
2,1,0.4968514344329018,6.8633573221346085,0.949855034236012,0.05899953035803769,0.30619317817403746,4579.406191611391
