window_idx,n_series,trend_strength,trend_linearity,seasonal_strength,seasonal_correlation,residual_autocorr_lag1,spectral_entropy
0,1,0.9220972413799242,-9.481992807946124,0.9478133344184013,0.13700875896667297,0.38918418281333056,4385.509770381595
1,1,0.937084827546757,-37.611953714523125,0.9647156419675424,0.18282643196121307,0.4087833657504728,4831.178376504815
2,1,0.8236508819333046,0.014910672462952003,0.9322772136828689,0.06534585523534757,0.37453031796310465,4505.285034925347
