{
  "model": "kairos23m",
  "dataset": "traffic",
  "method": "BM",
  "ratio": 0.2,
  "term": "long",
  "imputation_method": "mean",
  "n_windows": 15,
  "period": 24,
  "summary": {
    "mean": {
      "trend_strength": 0.3183956503101863,
      "trend_linearity": 5.095639651171959e-07,
      "seasonal_strength": 0.9524348069949737,
      "seasonal_correlation": 0.9933324167897181,
      "residual_autocorr_lag1": 0.8787791064209394,
      "spectral_entropy": -2875.512820781865
    },
    "std": {
      "trend_strength": 0.08567407704193723,
      "trend_linearity": 1.4581254606335954e-06,
      "seasonal_strength": 0.010518694147152572,
      "seasonal_correlation": 0.004350570872678973,
      "residual_autocorr_lag1": 0.0337712875864031,
      "spectral_entropy": 150.84110738004418
    },
    "min": {
      "trend_strength": 0.21436014670802594,
      "trend_linearity": -1.759433239000033e-06,
      "seasonal_strength": 0.9348155669426995,
      "seasonal_correlation": 0.9817219912787352,
      "residual_autocorr_lag1": 0.8137395806163694,
      "spectral_entropy": -3189.5832978937206
    },
    "max": {
      "trend_strength": 0.48444524333472894,
      "trend_linearity": 3.971761768337484e-06,
      "seasonal_strength": 0.9718400205470951,
      "seasonal_correlation": 0.9988077583454185,
      "residual_autocorr_lag1": 0.9283603642234464,
      "spectral_entropy": -2650.8140616167966
    }
  }
}