{
  "model": "kairos23m",
  "dataset": "traffic",
  "method": "BM",
  "ratio": 0.3,
  "term": "long",
  "imputation_method": "backward",
  "n_windows": 15,
  "period": 24,
  "summary": {
    "mean": {
      "trend_strength": 0.5464571516973131,
      "trend_linearity": 5.20342982916834e-07,
      "seasonal_strength": 0.9750863735681113,
      "seasonal_correlation": 0.9935226484736315,
      "residual_autocorr_lag1": 0.8594082301485026,
      "spectral_entropy": -2860.5697365446454
    },
    "std": {
      "trend_strength": 0.19774270903831437,
      "trend_linearity": 4.657884107762284e-06,
      "seasonal_strength": 0.01810113829777724,
      "seasonal_correlation": 0.006706595909235333,
      "residual_autocorr_lag1": 0.04755990072426945,
      "spectral_entropy": 346.1803248961011
    },
    "min": {
      "trend_strength": 0.22957431191786937,
      "trend_linearity": -1.0254953657759728e-05,
      "seasonal_strength": 0.9398836358326585,
      "seasonal_correlation": 0.9721146272552976,
      "residual_autocorr_lag1": 0.7652138791184584,
      "spectral_entropy": -3317.8949227408903
    },
    "max": {
      "trend_strength": 0.8722830751651033,
      "trend_linearity": 9.744302930084275e-06,
      "seasonal_strength": 0.9967639598255471,
      "seasonal_correlation": 0.9992925019118565,
      "residual_autocorr_lag1": 0.9244210395009967,
      "spectral_entropy": -2153.873608229114
    }
  }
}