{
  "model": "kairos23m",
  "dataset": "traffic",
  "method": "BM",
  "ratio": 0.2,
  "term": "long",
  "imputation_method": "forward",
  "n_windows": 15,
  "period": 24,
  "summary": {
    "mean": {
      "trend_strength": 0.3540365555828971,
      "trend_linearity": 1.2712032656407263e-06,
      "seasonal_strength": 0.9599122656306223,
      "seasonal_correlation": 0.9948450396812845,
      "residual_autocorr_lag1": 0.8757834369842001,
      "spectral_entropy": -2913.1275310780793
    },
    "std": {
      "trend_strength": 0.1245140670056694,
      "trend_linearity": 2.355166081733277e-06,
      "seasonal_strength": 0.01478655497420174,
      "seasonal_correlation": 0.003077006315571026,
      "residual_autocorr_lag1": 0.05151432427712592,
      "spectral_entropy": 167.15002356557432
    },
    "min": {
      "trend_strength": 0.13668475620764642,
      "trend_linearity": -1.6353854656847719e-06,
      "seasonal_strength": 0.9372542628342554,
      "seasonal_correlation": 0.9868726839706515,
      "residual_autocorr_lag1": 0.7506461608626949,
      "spectral_entropy": -3152.3413305530776
    },
    "max": {
      "trend_strength": 0.5789011806478059,
      "trend_linearity": 7.143252365213778e-06,
      "seasonal_strength": 0.9913220468170226,
      "seasonal_correlation": 0.9989361935941912,
      "residual_autocorr_lag1": 0.9360767698151451,
      "spectral_entropy": -2479.2032100837287
    }
  }
}