{
  "model": "kairos23m",
  "dataset": "traffic",
  "method": "clean",
  "ratio": null,
  "term": "long",
  "imputation_method": null,
  "n_windows": 15,
  "period": 24,
  "summary": {
    "mean": {
      "trend_strength": 0.2826791145193149,
      "trend_linearity": -2.455679635465399e-07,
      "seasonal_strength": 0.945982185877609,
      "seasonal_correlation": 0.9937864802181656,
      "residual_autocorr_lag1": 0.8668257431948857,
      "spectral_entropy": -2871.3181648682316
    },
    "std": {
      "trend_strength": 0.04461932798916992,
      "trend_linearity": 9.326384222179194e-07,
      "seasonal_strength": 0.004565288198559929,
      "seasonal_correlation": 0.0030777871243073303,
      "residual_autocorr_lag1": 0.040195891040176734,
      "spectral_entropy": 106.47083709517207
    },
    "min": {
      "trend_strength": 0.2018374908033147,
      "trend_linearity": -1.9361013660602686e-06,
      "seasonal_strength": 0.9398735361776966,
      "seasonal_correlation": 0.9883605269068954,
      "residual_autocorr_lag1": 0.7673143111768855,
      "spectral_entropy": -3079.465862833579
    },
    "max": {
      "trend_strength": 0.374192192397631,
      "trend_linearity": 1.3923502806730982e-06,
      "seasonal_strength": 0.9554277147778134,
      "seasonal_correlation": 0.9982876186075075,
      "residual_autocorr_lag1": 0.9178889348243188,
      "spectral_entropy": -2676.525134896612
    }
  }
}