{
  "model": "kairos23m",
  "dataset": "traffic",
  "method": "BM",
  "ratio": 0.2,
  "term": "long",
  "imputation_method": "backward",
  "n_windows": 15,
  "period": 24,
  "summary": {
    "mean": {
      "trend_strength": 0.37970540126493346,
      "trend_linearity": 6.571348691286104e-07,
      "seasonal_strength": 0.9636835934301514,
      "seasonal_correlation": 0.9932363757990058,
      "residual_autocorr_lag1": 0.8751854577335639,
      "spectral_entropy": -2929.959495548774
    },
    "std": {
      "trend_strength": 0.11422345163515608,
      "trend_linearity": 2.462087764684994e-06,
      "seasonal_strength": 0.014828091658402045,
      "seasonal_correlation": 0.0053700926884985905,
      "residual_autocorr_lag1": 0.04907059262730719,
      "spectral_entropy": 161.21315008870425
    },
    "min": {
      "trend_strength": 0.22798187070659526,
      "trend_linearity": -4.74969738235199e-06,
      "seasonal_strength": 0.9408046573327697,
      "seasonal_correlation": 0.9796111240392572,
      "residual_autocorr_lag1": 0.7542190339917643,
      "spectral_entropy": -3131.1863275833452
    },
    "max": {
      "trend_strength": 0.5971839569936592,
      "trend_linearity": 4.640938701284396e-06,
      "seasonal_strength": 0.9899481100316199,
      "seasonal_correlation": 0.9990298303641334,
      "residual_autocorr_lag1": 0.9285439990116574,
      "spectral_entropy": -2580.9328990810136
    }
  }
}