{
  "model": "kairos23m",
  "dataset": "Water_Quality_Darwin_15T",
  "method": "BM",
  "ratio": 0.2,
  "term": "long",
  "imputation_method": "linear",
  "n_windows": 16,
  "period": 96,
  "summary": {
    "mean": {
      "trend_strength": 0.6293765090711403,
      "trend_linearity": 0.0016266803393662067,
      "seasonal_strength": 0.679798299285506,
      "seasonal_correlation": 0.8644283908945367,
      "residual_autocorr_lag1": 0.9327233307951505,
      "spectral_entropy": 334.1251050409684
    },
    "std": {
      "trend_strength": 0.3325262674723308,
      "trend_linearity": 0.0026893670762303326,
      "seasonal_strength": 0.280932117642859,
      "seasonal_correlation": 0.1483498808300968,
      "residual_autocorr_lag1": 0.046382733673213175,
      "spectral_entropy": 406.16159961038
    },
    "min": {
      "trend_strength": 0.02262136232550882,
      "trend_linearity": -0.001966804612797455,
      "seasonal_strength": 0.09194943737562356,
      "seasonal_correlation": 0.4649583633469239,
      "residual_autocorr_lag1": 0.8039585119905764,
      "spectral_entropy": -261.94555694488724
    },
    "max": {
      "trend_strength": 0.9887618018610814,
      "trend_linearity": 0.006254368991102777,
      "seasonal_strength": 0.9558634072865017,
      "seasonal_correlation": 0.9942118883250882,
      "residual_autocorr_lag1": 0.9792731002653796,
      "spectral_entropy": 1047.7911764147161
    }
  }
}