{
  "model": "kairos23m",
  "dataset": "Water_Quality_Darwin_15T",
  "method": "BM",
  "ratio": 0.3,
  "term": "long",
  "imputation_method": "forward",
  "n_windows": 16,
  "period": 96,
  "summary": {
    "mean": {
      "trend_strength": 0.5480652673691488,
      "trend_linearity": 0.0006786866642625392,
      "seasonal_strength": 0.4340961947852503,
      "seasonal_correlation": 0.7739181889995768,
      "residual_autocorr_lag1": 0.9563908333723704,
      "spectral_entropy": 274.7339911864817
    },
    "std": {
      "trend_strength": 0.31009031288134603,
      "trend_linearity": 0.0028838997860438035,
      "seasonal_strength": 0.31984220359434024,
      "seasonal_correlation": 0.195963591053017,
      "residual_autocorr_lag1": 0.029404735751138028,
      "spectral_entropy": 592.702299998033
    },
    "min": {
      "trend_strength": 0.12071753088094395,
      "trend_linearity": -0.005727117661395925,
      "seasonal_strength": 0.0,
      "seasonal_correlation": 0.34528752032619786,
      "residual_autocorr_lag1": 0.8777957738795764,
      "spectral_entropy": -561.4835383729944
    },
    "max": {
      "trend_strength": 0.988029528760696,
      "trend_linearity": 0.008345241325700338,
      "seasonal_strength": 0.9291725279455801,
      "seasonal_correlation": 0.9842358904569599,
      "residual_autocorr_lag1": 0.9950269943364048,
      "spectral_entropy": 1379.310632449589
    }
  }
}