{
  "model": "kairos23m",
  "dataset": "Water_Quality_Darwin_15T",
  "method": "BM",
  "ratio": 0.2,
  "term": "long",
  "imputation_method": "backward",
  "n_windows": 16,
  "period": 96,
  "summary": {
    "mean": {
      "trend_strength": 0.661208569633599,
      "trend_linearity": 0.0007397794225240063,
      "seasonal_strength": 0.5392834796224364,
      "seasonal_correlation": 0.7531531038565868,
      "residual_autocorr_lag1": 0.9399516708290956,
      "spectral_entropy": 259.0567199498974
    },
    "std": {
      "trend_strength": 0.3066077268859779,
      "trend_linearity": 0.0023244125135631773,
      "seasonal_strength": 0.31362970496889053,
      "seasonal_correlation": 0.18361466018273936,
      "residual_autocorr_lag1": 0.028264914880024156,
      "spectral_entropy": 478.63781270572406
    },
    "min": {
      "trend_strength": 0.01951918444808931,
      "trend_linearity": -0.002495114322963194,
      "seasonal_strength": 0.0,
      "seasonal_correlation": 0.3137658699442598,
      "residual_autocorr_lag1": 0.8893912254292695,
      "spectral_entropy": -632.5429564070082
    },
    "max": {
      "trend_strength": 0.9932427431831855,
      "trend_linearity": 0.005923364423959918,
      "seasonal_strength": 0.9334390709433174,
      "seasonal_correlation": 0.9766388027854185,
      "residual_autocorr_lag1": 0.9832043143148296,
      "spectral_entropy": 995.049799956491
    }
  }
}