{
  "model": "kairos23m",
  "dataset": "Water_Quality_Darwin_15T",
  "method": "BM",
  "ratio": 0.2,
  "term": "long",
  "imputation_method": "forward",
  "n_windows": 16,
  "period": 96,
  "summary": {
    "mean": {
      "trend_strength": 0.7106667428110577,
      "trend_linearity": 0.0012619157664801317,
      "seasonal_strength": 0.5861974498592992,
      "seasonal_correlation": 0.8554876997422995,
      "residual_autocorr_lag1": 0.9494826500274198,
      "spectral_entropy": 304.589572689561
    },
    "std": {
      "trend_strength": 0.26555389218886505,
      "trend_linearity": 0.002669803206366158,
      "seasonal_strength": 0.26393481286595105,
      "seasonal_correlation": 0.14571510278234304,
      "residual_autocorr_lag1": 0.0304607125178687,
      "spectral_entropy": 396.93412215751545
    },
    "min": {
      "trend_strength": 0.08627654607258572,
      "trend_linearity": -0.002540187824527981,
      "seasonal_strength": 0.11660804376903644,
      "seasonal_correlation": 0.3669115992305802,
      "residual_autocorr_lag1": 0.875450735844265,
      "spectral_entropy": -269.5052327459473
    },
    "max": {
      "trend_strength": 0.987793130264797,
      "trend_linearity": 0.006523088776420784,
      "seasonal_strength": 0.9524616291788537,
      "seasonal_correlation": 0.9767242846136861,
      "residual_autocorr_lag1": 0.9869428059354697,
      "spectral_entropy": 944.7599104901707
    }
  }
}