{
  "model": "kairos23m",
  "dataset": "Water_Quality_Darwin_15T",
  "method": "BM",
  "ratio": 0.1,
  "term": "long",
  "imputation_method": "forward",
  "n_windows": 16,
  "period": 96,
  "summary": {
    "mean": {
      "trend_strength": 0.570311183002108,
      "trend_linearity": 0.0015474109429115391,
      "seasonal_strength": 0.7337198699310374,
      "seasonal_correlation": 0.8859242036660004,
      "residual_autocorr_lag1": 0.9424078873023369,
      "spectral_entropy": 394.1948609980104
    },
    "std": {
      "trend_strength": 0.31687532612586394,
      "trend_linearity": 0.0020289149307041207,
      "seasonal_strength": 0.2187088569920104,
      "seasonal_correlation": 0.12826564105638225,
      "residual_autocorr_lag1": 0.04936745582967658,
      "spectral_entropy": 383.12738346035206
    },
    "min": {
      "trend_strength": 0.0,
      "trend_linearity": -0.001695384227167952,
      "seasonal_strength": 0.12089611194466099,
      "seasonal_correlation": 0.5630725822480104,
      "residual_autocorr_lag1": 0.8379071189267839,
      "spectral_entropy": -189.92059531408105
    },
    "max": {
      "trend_strength": 0.9894365766913279,
      "trend_linearity": 0.005524458810818444,
      "seasonal_strength": 0.9848782114245827,
      "seasonal_correlation": 0.9974961749584332,
      "residual_autocorr_lag1": 0.9876108960000847,
      "spectral_entropy": 922.8072271168163
    }
  }
}