{
  "model": "kairos23m",
  "dataset": "Water_Quality_Darwin_15T",
  "method": "BM",
  "ratio": 0.3,
  "term": "long",
  "imputation_method": "linear",
  "n_windows": 16,
  "period": 96,
  "summary": {
    "mean": {
      "trend_strength": 0.5533437985479723,
      "trend_linearity": 0.000878792211377526,
      "seasonal_strength": 0.6309135451842943,
      "seasonal_correlation": 0.8389785903982419,
      "residual_autocorr_lag1": 0.9482032617752493,
      "spectral_entropy": 241.72507976820418
    },
    "std": {
      "trend_strength": 0.3198202638761658,
      "trend_linearity": 0.0018485617170874893,
      "seasonal_strength": 0.3249772040278252,
      "seasonal_correlation": 0.18494120824365287,
      "residual_autocorr_lag1": 0.03496554828234906,
      "spectral_entropy": 441.07281134531706
    },
    "min": {
      "trend_strength": 0.1305767612987141,
      "trend_linearity": -0.0023084736733239783,
      "seasonal_strength": 0.0,
      "seasonal_correlation": 0.3917881874120935,
      "residual_autocorr_lag1": 0.8406969848009107,
      "spectral_entropy": -443.0996794761633
    },
    "max": {
      "trend_strength": 0.9868591579643395,
      "trend_linearity": 0.00573313284314639,
      "seasonal_strength": 0.9726630617884444,
      "seasonal_correlation": 0.9972367652078772,
      "residual_autocorr_lag1": 0.9875309698102646,
      "spectral_entropy": 1138.7748776154858
    }
  }
}