{
  "model": "kairos23m",
  "dataset": "weather",
  "method": "BM",
  "ratio": 0.3,
  "term": "long",
  "imputation_method": "linear",
  "n_windows": 20,
  "period": 144,
  "summary": {
    "mean": {
      "trend_strength": 0.40052417697940645,
      "trend_linearity": 0.0032540915731455295,
      "seasonal_strength": 0.4688637177024936,
      "seasonal_correlation": 0.8396024480387798,
      "residual_autocorr_lag1": 0.975473345256697,
      "spectral_entropy": 1429.2754750405893
    },
    "std": {
      "trend_strength": 0.21720007945066797,
      "trend_linearity": 0.007690194215823501,
      "seasonal_strength": 0.3878155988453108,
      "seasonal_correlation": 0.20925264991862302,
      "residual_autocorr_lag1": 0.02303864222707334,
      "spectral_entropy": 531.9449691587546
    },
    "min": {
      "trend_strength": 0.043194457628752514,
      "trend_linearity": -0.010196645712091642,
      "seasonal_strength": 0.0,
      "seasonal_correlation": 0.31356905217869185,
      "residual_autocorr_lag1": 0.9248027801354609,
      "spectral_entropy": 478.0911615285158
    },
    "max": {
      "trend_strength": 0.805699611342826,
      "trend_linearity": 0.02213490456524971,
      "seasonal_strength": 0.9820280382473017,
      "seasonal_correlation": 0.9968346805000625,
      "residual_autocorr_lag1": 0.998026864242769,
      "spectral_entropy": 2428.4332406222184
    }
  }
}