{
  "model": "kairos23m",
  "dataset": "weather",
  "method": "BM",
  "ratio": 0.2,
  "term": "long",
  "imputation_method": "linear",
  "n_windows": 20,
  "period": 144,
  "summary": {
    "mean": {
      "trend_strength": 0.4917980293615024,
      "trend_linearity": 0.004071761575043719,
      "seasonal_strength": 0.49897963930421996,
      "seasonal_correlation": 0.7815866900961703,
      "residual_autocorr_lag1": 0.9627341201185855,
      "spectral_entropy": 1429.3465242625043
    },
    "std": {
      "trend_strength": 0.26615710479816646,
      "trend_linearity": 0.010829730867866785,
      "seasonal_strength": 0.4113334070906005,
      "seasonal_correlation": 0.24475744369103314,
      "residual_autocorr_lag1": 0.03410310834962906,
      "spectral_entropy": 563.1462807972568
    },
    "min": {
      "trend_strength": 0.023142058451327552,
      "trend_linearity": -0.023201310430968434,
      "seasonal_strength": 0.0,
      "seasonal_correlation": 0.19835430761360046,
      "residual_autocorr_lag1": 0.8736085262580795,
      "spectral_entropy": 530.393654201741
    },
    "max": {
      "trend_strength": 0.9807252724497383,
      "trend_linearity": 0.0340016131316536,
      "seasonal_strength": 0.9901527842573874,
      "seasonal_correlation": 0.9963581125193244,
      "residual_autocorr_lag1": 0.9968398451219681,
      "spectral_entropy": 2647.1175179323272
    }
  }
}