metric,value
model,timesfm2p0
eval_data,data\datasets\ori\weather.csv
clean_data,data\datasets\ori\weather.csv
freq,10T
term,long
prediction_length,720
windows,20
MSE[mean],179.57739583333333
MSE[0.5],179.57739583333333
MAE[0.5],9.105533854166667
MASE[0.5],0.28065094617737973
MAPE[0.5],0.020731302897135418
sMAPE[0.5],0.020737423126402643
MSIS,5.993471152482352
RMSE[mean],13.400649082538253
NRMSE[mean],0.030891089656748815
ND[0.5],0.020990017791611786
mean_weighted_sum_quantile_loss,0.018954917920459616
