date,OT
1990-01-01,0.593
1990-01-02,0.594
1990-01-03,0.5973
1990-01-04,0.597
1990-01-05,0.5985
1990-01-06,0.604
1990-01-07,0.607
1990-01-08,0.6084
1990-01-09,0.6115
1990-01-10,0.609
1990-01-11,0.612
1990-01-12,0.614
1990-01-13,0.6106
1990-01-14,0.6118
1990-01-15,0.6052
1990-01-16,0.5915
1990-01-17,0.5945
1990-01-18,0.5928
1990-01-19,0.595
1990-01-20,0.597
1990-01-21,0.602
1990-01-22,0.5983
1990-01-23,0.6003
1990-01-24,0.5998
1990-01-25,0.601
1990-01-26,0.5936
1990-01-27,0.5915
1990-01-28,0.593
1990-01-29,0.5926
1990-01-30,0.5925
1990-01-31,0.5815
1990-02-01,0.585
1990-02-02,0.5883
1990-02-03,0.5898
1990-02-04,0.5887
1990-02-05,0.5897
1990-02-06,0.5902
1990-02-07,0.5882
1990-02-08,0.5877
1990-02-09,0.588
1990-02-10,0.5872
1990-02-11,0.5884
1990-02-12,0.5878
1990-02-13,0.5891
1990-02-14,0.5889
1990-02-15,0.5879
1990-02-16,0.5907
1990-02-17,0.5892
1990-02-18,0.5863
1990-02-19,0.5874
1990-02-20,0.5898
1990-02-21,0.588
1990-02-22,0.5855
1990-02-23,0.5832
1990-02-24,0.5793
1990-02-25,0.581
1990-02-26,0.5785
1990-02-27,0.5805
1990-02-28,0.5808
1990-03-01,0.5767
1990-03-02,0.5783
1990-03-03,0.579
1990-03-04,0.5778
1990-03-05,0.577
1990-03-06,0.579
1990-03-07,0.5782
1990-03-08,0.578
1990-03-09,0.5784
1990-03-10,0.5783
1990-03-11,0.5792
1990-03-12,0.5796
1990-03-13,0.5795
1990-03-14,0.5796
1990-03-15,0.5777
1990-03-16,0.5788
1990-03-17,0.5815
1990-03-18,0.5827
1990-03-19,0.5828
1990-03-20,0.5818
1990-03-21,0.5817
1990-03-22,0.5755
1990-03-23,0.5735
1990-03-24,0.5748
1990-03-25,0.5685
1990-03-26,0.5708
1990-03-27,0.5727
1990-03-28,0.5726
1990-03-29,0.5726
1990-03-30,0.5747
1990-03-31,0.5721
1990-04-01,0.5739
1990-04-02,0.57
1990-04-03,0.5708
1990-04-04,0.5725
1990-04-05,0.5728
1990-04-06,0.5735
1990-04-07,0.5725
1990-04-08,0.5735
1990-04-09,0.5735
1990-04-10,0.5737
1990-04-11,0.5739
1990-04-12,0.5733
1990-04-13,0.5741
1990-04-14,0.5757
1990-04-15,0.5768
1990-04-16,0.5752
1990-04-17,0.5768
1990-04-18,0.5776
1990-04-19,0.5819
1990-04-20,0.5828
1990-04-21,0.5812
1990-04-22,0.5785
1990-04-23,0.5783
1990-04-24,0.5806
1990-04-25,0.5823
1990-04-26,0.5816
1990-04-27,0.5823
1990-04-28,0.583
1990-04-29,0.5825
1990-04-30,0.5875
1990-05-01,0.586
1990-05-02,0.5852
1990-05-03,0.5873
1990-05-04,0.5872
1990-05-05,0.5872
1990-05-06,0.5883
1990-05-07,0.5903
1990-05-08,0.5902
1990-05-09,0.59
1990-05-10,0.5903
1990-05-11,0.5912
1990-05-12,0.5933
1990-05-13,0.5938
1990-05-14,0.5881
1990-05-15,0.5918
1990-05-16,0.5892
1990-05-17,0.5918
1990-05-18,0.5928
1990-05-19,0.5923
1990-05-20,0.595
1990-05-21,0.5937
1990-05-22,0.5942
1990-05-23,0.5918
1990-05-24,0.5894
1990-05-25,0.5888
1990-05-26,0.591
1990-05-27,0.5918
1990-05-28,0.594
1990-05-29,0.589
1990-05-30,0.5936
1990-05-31,0.5987
1990-06-01,0.6017
1990-06-02,0.6018
1990-06-03,0.601
1990-06-04,0.6015
1990-06-05,0.6085
1990-06-06,0.6075
1990-06-07,0.618
1990-06-08,0.6173
1990-06-09,0.619
1990-06-10,0.6197
1990-06-11,0.622
1990-06-12,0.6258
1990-06-13,0.6308
1990-06-14,0.6295
1990-06-15,0.628
1990-06-16,0.6313
1990-06-17,0.6303
1990-06-18,0.6132
1990-06-19,0.6153
1990-06-20,0.6165
1990-06-21,0.624
1990-06-22,0.6255
1990-06-23,0.6233
1990-06-24,0.6202
1990-06-25,0.6185
1990-06-26,0.6215
1990-06-27,0.624
1990-06-28,0.6275
1990-06-29,0.623
1990-06-30,0.625
1990-07-01,0.6225
1990-07-02,0.619
1990-07-03,0.613
1990-07-04,0.6215
1990-07-05,0.6204
1990-07-06,0.6183
1990-07-07,0.616
1990-07-08,0.615
1990-07-09,0.619
1990-07-10,0.618
1990-07-11,0.6183
1990-07-12,0.6165
1990-07-13,0.6163
1990-07-14,0.6193
1990-07-15,0.6168
1990-07-16,0.6155
1990-07-17,0.6167
1990-07-18,0.6065
1990-07-19,0.604
1990-07-20,0.598
1990-07-21,0.6
1990-07-22,0.605
1990-07-23,0.607
1990-07-24,0.6048
1990-07-25,0.6063
1990-07-26,0.609
1990-07-27,0.6098
1990-07-28,0.613
1990-07-29,0.6141
1990-07-30,0.6145
1990-07-31,0.6115
1990-08-01,0.6071
1990-08-02,0.6145
1990-08-03,0.6145
1990-08-04,0.6135
1990-08-05,0.612
1990-08-06,0.6105
1990-08-07,0.6125
1990-08-08,0.61
1990-08-09,0.6095
1990-08-10,0.6095
1990-08-11,0.6118
1990-08-12,0.6125
1990-08-13,0.6137
1990-08-14,0.6119
1990-08-15,0.6113
1990-08-16,0.61
1990-08-17,0.6092
1990-08-18,0.609
1990-08-19,0.61
1990-08-20,0.6093
1990-08-21,0.609
1990-08-22,0.6008
1990-08-23,0.6025
1990-08-24,0.6043
1990-08-25,0.6005
1990-08-26,0.6011
1990-08-27,0.596
1990-08-28,0.5985
1990-08-29,0.5913
1990-08-30,0.5872
1990-08-31,0.5997
1990-09-01,0.59
1990-09-02,0.586
1990-09-03,0.5855
1990-09-04,0.586
1990-09-05,0.585
1990-09-06,0.5855
1990-09-07,0.5865
1990-09-08,0.5918
1990-09-09,0.5935
1990-09-10,0.5911
1990-09-11,0.592
1990-09-12,0.5923
1990-09-13,0.5906
1990-09-14,0.5905
1990-09-15,0.5937
1990-09-16,0.593
1990-09-17,0.594
1990-09-18,0.5972
1990-09-19,0.5943
1990-09-20,0.5947
1990-09-21,0.596
1990-09-22,0.596
1990-09-23,0.5968
1990-09-24,0.5966
1990-09-25,0.5975
1990-09-26,0.6002
1990-09-27,0.5995
1990-09-28,0.5987
1990-09-29,0.5997
1990-09-30,0.6002
1990-10-01,0.5995
1990-10-02,0.6003
1990-10-03,0.603
1990-10-04,0.6007
1990-10-05,0.601
1990-10-06,0.6032
1990-10-07,0.6071
1990-10-08,0.6062
1990-10-09,0.6058
1990-10-10,0.6045
1990-10-11,0.5993
1990-10-12,0.5992
1990-10-13,0.5972
1990-10-14,0.5974
1990-10-15,0.6002
1990-10-16,0.5988
1990-10-17,0.5995
1990-10-18,0.601
1990-10-19,0.5977
1990-10-20,0.5977
1990-10-21,0.598
1990-10-22,0.5979
1990-10-23,0.596
1990-10-24,0.5968
1990-10-25,0.5965
1990-10-26,0.593
1990-10-27,0.594
1990-10-28,0.5953
1990-10-29,0.5957
1990-10-30,0.5945
1990-10-31,0.5891
1990-11-01,0.5865
1990-11-02,0.5865
1990-11-03,0.5865
1990-11-04,0.5865
1990-11-05,0.5873
1990-11-06,0.59
1990-11-07,0.5928
1990-11-08,0.5925
1990-11-09,0.5943
1990-11-10,0.5917
1990-11-11,0.5905
1990-11-12,0.591
1990-11-13,0.5898
1990-11-14,0.5895
1990-11-15,0.5896
1990-11-16,0.5921
1990-11-17,0.5908
1990-11-18,0.5909
1990-11-19,0.5885
1990-11-20,0.5841
1990-11-21,0.5885
1990-11-22,0.5843
1990-11-23,0.5843
1990-11-24,0.585
1990-11-25,0.5847
1990-11-26,0.588
1990-11-27,0.5853
1990-11-28,0.5848
1990-11-29,0.5875
1990-11-30,0.5876
1990-12-01,0.5887
1990-12-02,0.5899
1990-12-03,0.5892
1990-12-04,0.5875
1990-12-05,0.5881
1990-12-06,0.5896
1990-12-07,0.5912
1990-12-08,0.5902
1990-12-09,0.5882
1990-12-10,0.5888
1990-12-11,0.5875
1990-12-12,0.5785
1990-12-13,0.582
1990-12-14,0.5825
1990-12-15,0.5834
1990-12-16,0.5828
1990-12-17,0.581
1990-12-18,0.5811
1990-12-19,0.583
1990-12-20,0.5824
1990-12-21,0.5795
1990-12-22,0.5797
1990-12-23,0.5763
1990-12-24,0.574
1990-12-25,0.5718
1990-12-26,0.5712
1990-12-27,0.576
1990-12-28,0.575
1990-12-29,0.5753
1990-12-30,0.576
1990-12-31,0.5752
1991-01-01,0.575
1991-01-02,0.5755
1991-01-03,0.5763
1991-01-04,0.5773
1991-01-05,0.5754
1991-01-06,0.5723
1991-01-07,0.568
1991-01-08,0.5685
1991-01-09,0.5665
1991-01-10,0.5686
1991-01-11,0.5667
1991-01-12,0.5632
1991-01-13,0.5618
1991-01-14,0.5624
1991-01-15,0.5627
1991-01-16,0.5645
1991-01-17,0.5648
1991-01-18,0.563
1991-01-19,0.5674
1991-01-20,0.5667
1991-01-21,0.565
1991-01-22,0.5664
1991-01-23,0.571
1991-01-24,0.5712
1991-01-25,0.5711
1991-01-26,0.5708
1991-01-27,0.5714
1991-01-28,0.5725
1991-01-29,0.5757
1991-01-30,0.574
1991-01-31,0.5741
1991-02-01,0.5735
1991-02-02,0.5711
1991-02-03,0.5717
1991-02-04,0.5738
1991-02-05,0.573
1991-02-06,0.5731
1991-02-07,0.5732
1991-02-08,0.5705
1991-02-09,0.575
1991-02-10,0.5753
1991-02-11,0.5755
1991-02-12,0.5742
1991-02-13,0.5735
1991-02-14,0.573
1991-02-15,0.5741
1991-02-16,0.575
1991-02-17,0.5744
1991-02-18,0.5723
1991-02-19,0.5745
1991-02-20,0.5798
1991-02-21,0.5814
1991-02-22,0.5825
1991-02-23,0.5822
1991-02-24,0.582
1991-02-25,0.5843
1991-02-26,0.5863
1991-02-27,0.587
1991-02-28,0.5839
1991-03-01,0.5843
1991-03-02,0.5845
1991-03-03,0.5856
1991-03-04,0.5737
1991-03-05,0.5643
1991-03-06,0.5693
1991-03-07,0.5678
1991-03-08,0.5699
1991-03-09,0.568
1991-03-10,0.5665
1991-03-11,0.5671
1991-03-12,0.5673
1991-03-13,0.568
1991-03-14,0.5654
1991-03-15,0.5635
1991-03-16,0.5679
1991-03-17,0.5661
1991-03-18,0.5658
1991-03-19,0.566
1991-03-20,0.5628
1991-03-21,0.5526
1991-03-22,0.5565
1991-03-23,0.5565
1991-03-24,0.5551
1991-03-25,0.5563
1991-03-26,0.5566
1991-03-27,0.564
1991-03-28,0.5633
1991-03-29,0.5585
1991-03-30,0.5618
1991-03-31,0.5611
1991-04-01,0.5654
1991-04-02,0.5667
1991-04-03,0.566
1991-04-04,0.5673
1991-04-05,0.569
1991-04-06,0.5682
1991-04-07,0.567
1991-04-08,0.564
1991-04-09,0.561
1991-04-10,0.5627
1991-04-11,0.5619
1991-04-12,0.5623
1991-04-13,0.5618
1991-04-14,0.56
1991-04-15,0.5566
1991-04-16,0.5562
1991-04-17,0.5552
1991-04-18,0.5588
1991-04-19,0.5576
1991-04-20,0.557
1991-04-21,0.554
1991-04-22,0.5496
1991-04-23,0.5507
1991-04-24,0.543
1991-04-25,0.5435
1991-04-26,0.544
1991-04-27,0.5445
1991-04-28,0.5435
1991-04-29,0.5405
1991-04-30,0.5403
1991-05-01,0.5375
1991-05-02,0.5379
1991-05-03,0.5495
1991-05-04,0.5515
1991-05-05,0.5494
1991-05-06,0.5442
1991-05-07,0.5417
1991-05-08,0.5443
1991-05-09,0.5435
1991-05-10,0.5385
1991-05-11,0.5397
1991-05-12,0.5415
1991-05-13,0.5422
1991-05-14,0.5405
1991-05-15,0.5403
1991-05-16,0.5405
1991-05-17,0.5365
1991-05-18,0.5409
1991-05-19,0.5406
1991-05-20,0.5399
1991-05-21,0.5402
1991-05-22,0.54
1991-05-23,0.5415
1991-05-24,0.5405
1991-05-25,0.5416
1991-05-26,0.5423
1991-05-27,0.5412
1991-05-28,0.5408
1991-05-29,0.5397
1991-05-30,0.5407
1991-05-31,0.5415
1991-06-01,0.5412
1991-06-02,0.5412
1991-06-03,0.5439
1991-06-04,0.5422
1991-06-05,0.5401
1991-06-06,0.5414
1991-06-07,0.541
1991-06-08,0.5463
1991-06-09,0.5466
1991-06-10,0.5471
1991-06-11,0.5482
1991-06-12,0.5453
1991-06-13,0.547
1991-06-14,0.5477
1991-06-15,0.5473
1991-06-16,0.5483
1991-06-17,0.5481
1991-06-18,0.5479
1991-06-19,0.5472
1991-06-20,0.5456
1991-06-21,0.5463
1991-06-22,0.548
1991-06-23,0.5497
1991-06-24,0.5492
1991-06-25,0.5489
1991-06-26,0.5484
1991-06-27,0.5495
1991-06-28,0.5504
1991-06-29,0.549
1991-06-30,0.5483
1991-07-01,0.5463
1991-07-02,0.545
1991-07-03,0.5446
1991-07-04,0.547
1991-07-05,0.5439
1991-07-06,0.5423
1991-07-07,0.5421
1991-07-08,0.5437
1991-07-09,0.5435
1991-07-10,0.5447
1991-07-11,0.5453
1991-07-12,0.5445
1991-07-13,0.5438
1991-07-14,0.543
1991-07-15,0.5413
1991-07-16,0.5377
1991-07-17,0.533
1991-07-18,0.534
1991-07-19,0.5348
1991-07-20,0.5376
1991-07-21,0.5386
1991-07-22,0.5372
1991-07-23,0.537
1991-07-24,0.5382
1991-07-25,0.5374
1991-07-26,0.5368
1991-07-27,0.5371
1991-07-28,0.5337
1991-07-29,0.532
1991-07-30,0.533
1991-07-31,0.5347
1991-08-01,0.534
1991-08-02,0.534
1991-08-03,0.5333
1991-08-04,0.5326
1991-08-05,0.5336
1991-08-06,0.5348
1991-08-07,0.5355
1991-08-08,0.5358
1991-08-09,0.536
1991-08-10,0.5352
1991-08-11,0.5351
1991-08-12,0.5356
1991-08-13,0.5373
1991-08-14,0.5369
1991-08-15,0.5385
1991-08-16,0.5407
1991-08-17,0.5442
1991-08-18,0.5434
1991-08-19,0.5433
1991-08-20,0.5436
1991-08-21,0.5417
1991-08-22,0.5423
1991-08-23,0.542
1991-08-24,0.5435
1991-08-25,0.546
1991-08-26,0.5445
1991-08-27,0.5443
1991-08-28,0.545
1991-08-29,0.5447
1991-08-30,0.5435
1991-08-31,0.5438
1991-09-01,0.5442
1991-09-02,0.544
1991-09-03,0.544
1991-09-04,0.5448
1991-09-05,0.5441
1991-09-06,0.5438
1991-09-07,0.5448
1991-09-08,0.5455
1991-09-09,0.5458
1991-09-10,0.5467
1991-09-11,0.5474
1991-09-12,0.546
1991-09-13,0.546
1991-09-14,0.5482
1991-09-15,0.5483
1991-09-16,0.5475
1991-09-17,0.5481
1991-09-18,0.5488
1991-09-19,0.5482
1991-09-20,0.5461
1991-09-21,0.5457
1991-09-22,0.5453
1991-09-23,0.5457
1991-09-24,0.5453
1991-09-25,0.5446
1991-09-26,0.5443
1991-09-27,0.544
1991-09-28,0.5434
1991-09-29,0.5426
1991-09-30,0.5343
1991-10-01,0.5371
1991-10-02,0.538
1991-10-03,0.5381
1991-10-04,0.5398
1991-10-05,0.5401
1991-10-06,0.5384
1991-10-07,0.5383
1991-10-08,0.5408
1991-10-09,0.5415
1991-10-10,0.5417
1991-10-11,0.5408
1991-10-12,0.5392
1991-10-13,0.5398
1991-10-14,0.5401
1991-10-15,0.5402
1991-10-16,0.542
1991-10-17,0.5383
1991-10-18,0.5405
1991-10-19,0.5436
1991-10-20,0.5472
1991-10-21,0.5537
1991-10-22,0.545
1991-10-23,0.5465
1991-10-24,0.5465
1991-10-25,0.5431
1991-10-26,0.538
1991-10-27,0.5385
1991-10-28,0.5379
1991-10-29,0.538
1991-10-30,0.5365
1991-10-31,0.5358
1991-11-01,0.5372
1991-11-02,0.5404
1991-11-03,0.5433
1991-11-04,0.545
1991-11-05,0.5425
1991-11-06,0.5432
1991-11-07,0.5412
1991-11-08,0.543
1991-11-09,0.5431
1991-11-10,0.5425
1991-11-11,0.542
1991-11-12,0.5405
1991-11-13,0.5389
1991-11-14,0.5391
1991-11-15,0.54
1991-11-16,0.5412
1991-11-17,0.5399
1991-11-18,0.5218
1991-11-19,0.525
1991-11-20,0.5245
1991-11-21,0.5252
1991-11-22,0.5237
1991-11-23,0.523
1991-11-24,0.5248
1991-11-25,0.5205
1991-11-26,0.515
1991-11-27,0.517
1991-11-28,0.5165
1991-11-29,0.5148
1991-11-30,0.515
1991-12-01,0.5109
1991-12-02,0.512
1991-12-03,0.5127
1991-12-04,0.516
1991-12-05,0.5171
1991-12-06,0.5186
1991-12-07,0.5175
1991-12-08,0.5183
1991-12-09,0.5167
1991-12-10,0.5155
1991-12-11,0.5144
1991-12-12,0.5188
1991-12-13,0.5171
1991-12-14,0.5154
1991-12-15,0.5139
1991-12-16,0.5148
1991-12-17,0.5138
1991-12-18,0.5134
1991-12-19,0.5135
1991-12-20,0.5121
1991-12-21,0.5053
1991-12-22,0.5055
1991-12-23,0.508
1991-12-24,0.5101
1991-12-25,0.5129
1991-12-26,0.5127
1991-12-27,0.5123
1991-12-28,0.5135
1991-12-29,0.5125
1991-12-30,0.5117
1991-12-31,0.5147
1992-01-01,0.5168
1992-01-02,0.518
1992-01-03,0.5156
1992-01-04,0.518
1992-01-05,0.5162
1992-01-06,0.514
1992-01-07,0.5145
1992-01-08,0.5133
1992-01-09,0.5091
1992-01-10,0.5095
1992-01-11,0.5115
1992-01-12,0.513
1992-01-13,0.512
1992-01-14,0.5158
1992-01-15,0.5157
1992-01-16,0.516
1992-01-17,0.5168
1992-01-18,0.5252
1992-01-19,0.5225
1992-01-20,0.5233
1992-01-21,0.5269
1992-01-22,0.528
1992-01-23,0.5268
1992-01-24,0.53
1992-01-25,0.5275
1992-01-26,0.5265
1992-01-27,0.528
1992-01-28,0.5271
1992-01-29,0.5271
1992-01-30,0.5278
1992-01-31,0.5266
1992-02-01,0.5275
1992-02-02,0.5335
1992-02-03,0.5347
1992-02-04,0.5336
1992-02-05,0.5365
1992-02-06,0.5292
1992-02-07,0.5321
1992-02-08,0.5323
1992-02-09,0.534
1992-02-10,0.5341
1992-02-11,0.5345
1992-02-12,0.5316
1992-02-13,0.5276
1992-02-14,0.5288
1992-02-15,0.538
1992-02-16,0.538
1992-02-17,0.54
1992-02-18,0.5415
1992-02-19,0.5423
1992-02-20,0.5407
1992-02-21,0.5382
1992-02-22,0.5413
1992-02-23,0.5402
1992-02-24,0.5433
1992-02-25,0.5463
1992-02-26,0.5398
1992-02-27,0.5438
1992-02-28,0.5415
1992-02-29,0.5425
1992-03-01,0.5438
1992-03-02,0.543
1992-03-03,0.5432
1992-03-04,0.537
1992-03-05,0.5392
1992-03-06,0.5411
1992-03-07,0.5442
1992-03-08,0.5438
1992-03-09,0.5473
1992-03-10,0.5469
1992-03-11,0.542
1992-03-12,0.5422
1992-03-13,0.5426
1992-03-14,0.5376
1992-03-15,0.5363
1992-03-16,0.5339
1992-03-17,0.5356
1992-03-18,0.5371
1992-03-19,0.542
1992-03-20,0.5422
1992-03-21,0.5438
1992-03-22,0.5445
1992-03-23,0.5423
1992-03-24,0.5412
1992-03-25,0.5383
1992-03-26,0.5366
1992-03-27,0.5372
1992-03-28,0.5373
1992-03-29,0.5378
1992-03-30,0.5366
1992-03-31,0.5412
1992-04-01,0.5428
1992-04-02,0.5443
1992-04-03,0.5465
1992-04-04,0.551
1992-04-05,0.55
1992-04-06,0.5495
1992-04-07,0.5483
1992-04-08,0.5503
1992-04-09,0.5492
1992-04-10,0.5492
1992-04-11,0.547
1992-04-12,0.547
1992-04-13,0.5495
1992-04-14,0.5505
1992-04-15,0.551
1992-04-16,0.5525
1992-04-17,0.5524
1992-04-18,0.5512
1992-04-19,0.5515
1992-04-20,0.554
1992-04-21,0.5521
1992-04-22,0.5521
1992-04-23,0.5515
1992-04-24,0.5535
1992-04-25,0.55
1992-04-26,0.5572
1992-04-27,0.5489
1992-04-28,0.5493
1992-04-29,0.551
1992-04-30,0.5515
1992-05-01,0.553
1992-05-02,0.554
1992-05-03,0.555
1992-05-04,0.555
1992-05-05,0.5535
1992-05-06,0.5505
1992-05-07,0.5528
1992-05-08,0.5565
1992-05-09,0.555
1992-05-10,0.552
1992-05-11,0.551
1992-05-12,0.552
1992-05-13,0.5535
1992-05-14,0.5478
1992-05-15,0.5425
1992-05-16,0.5483
1992-05-17,0.5525
1992-05-18,0.5522
1992-05-19,0.551
1992-05-20,0.5512
1992-05-21,0.5528
1992-05-22,0.5527
1992-05-23,0.5515
1992-05-24,0.5515
1992-05-25,0.5525
1992-05-26,0.5537
1992-05-27,0.5541
1992-05-28,0.5536
1992-05-29,0.5547
1992-05-30,0.5545
1992-05-31,0.552
1992-06-01,0.55
1992-06-02,0.5504
1992-06-03,0.5505
1992-06-04,0.5503
1992-06-05,0.548
1992-06-06,0.5476
1992-06-07,0.5495
1992-06-08,0.5515
1992-06-09,0.5521
1992-06-10,0.5518
1992-06-11,0.5516
1992-06-12,0.55
1992-06-13,0.5515
1992-06-14,0.555
1992-06-15,0.5557
1992-06-16,0.556
1992-06-17,0.5568
1992-06-18,0.556
1992-06-19,0.5556
1992-06-20,0.5545
1992-06-21,0.554
1992-06-22,0.554
1992-06-23,0.5545
1992-06-24,0.5547
1992-06-25,0.5545
1992-06-26,0.5545
1992-06-27,0.5572
1992-06-28,0.5531
1992-06-29,0.5455
1992-06-30,0.5393
1992-07-01,0.5385
1992-07-02,0.5382
1992-07-03,0.5387
1992-07-04,0.55
1992-07-05,0.55
1992-07-06,0.548
1992-07-07,0.5472
1992-07-08,0.5475
1992-07-09,0.5486
1992-07-10,0.5468
1992-07-11,0.545
1992-07-12,0.5455
1992-07-13,0.5463
1992-07-14,0.5477
1992-07-15,0.5495
1992-07-16,0.5502
1992-07-17,0.5505
1992-07-18,0.5555
1992-07-19,0.555
1992-07-20,0.5557
1992-07-21,0.554
1992-07-22,0.5561
1992-07-23,0.559
1992-07-24,0.561
1992-07-25,0.5613
1992-07-26,0.561
1992-07-27,0.5613
1992-07-28,0.561
1992-07-29,0.5593
1992-07-30,0.558
1992-07-31,0.5585
1992-08-01,0.5595
1992-08-02,0.5583
1992-08-03,0.5575
1992-08-04,0.559
1992-08-05,0.562
1992-08-06,0.562
1992-08-07,0.5613
1992-08-08,0.5557
1992-08-09,0.5568
1992-08-10,0.5584
1992-08-11,0.5595
1992-08-12,0.5587
1992-08-13,0.5573
1992-08-14,0.558
1992-08-15,0.563
1992-08-16,0.565
1992-08-17,0.5648
1992-08-18,0.5657
1992-08-19,0.5658
1992-08-20,0.567
1992-08-21,0.5685
1992-08-22,0.5683
1992-08-23,0.5675
1992-08-24,0.5673
1992-08-25,0.5725
1992-08-26,0.5723
1992-08-27,0.5715
1992-08-28,0.571
1992-08-29,0.572
1992-08-30,0.5755
1992-08-31,0.5755
1992-09-01,0.575
1992-09-02,0.5728
1992-09-03,0.5725
1992-09-04,0.572
1992-09-05,0.574
1992-09-06,0.575
1992-09-07,0.5735
1992-09-08,0.578
1992-09-09,0.5785
1992-09-10,0.5785
1992-09-11,0.5777
1992-09-12,0.575
1992-09-13,0.5765
1992-09-14,0.5701
1992-09-15,0.5697
1992-09-16,0.5735
1992-09-17,0.577
1992-09-18,0.576
1992-09-19,0.5743
1992-09-20,0.572
1992-09-21,0.5725
1992-09-22,0.5755
1992-09-23,0.576
1992-09-24,0.575
1992-09-25,0.5735
1992-09-26,0.5728
1992-09-27,0.5693
1992-09-28,0.569
1992-09-29,0.5702
1992-09-30,0.5665
1992-10-01,0.5663
1992-10-02,0.5688
1992-10-03,0.5663
1992-10-04,0.5593
1992-10-05,0.5613
1992-10-06,0.5637
1992-10-07,0.566
1992-10-08,0.5682
1992-10-09,0.5713
1992-10-10,0.5703
1992-10-11,0.569
1992-10-12,0.5657
1992-10-13,0.568
1992-10-14,0.5685
1992-10-15,0.5665
1992-10-16,0.5653
1992-10-17,0.5672
1992-10-18,0.5682
1992-10-19,0.5725
1992-10-20,0.573
1992-10-21,0.5743
1992-10-22,0.574
1992-10-23,0.574
1992-10-24,0.577
1992-10-25,0.5767
1992-10-26,0.5755
1992-10-27,0.5765
1992-10-28,0.5776
1992-10-29,0.5765
1992-10-30,0.579
1992-10-31,0.5815
1992-11-01,0.5805
1992-11-02,0.5817
1992-11-03,0.5835
1992-11-04,0.5863
1992-11-05,0.5855
1992-11-06,0.5855
1992-11-07,0.5855
1992-11-08,0.5868
1992-11-09,0.5885
1992-11-10,0.5877
1992-11-11,0.5882
1992-11-12,0.5877
1992-11-13,0.5877
1992-11-14,0.5945
1992-11-15,0.5942
1992-11-16,0.5933
1992-11-17,0.5943
1992-11-18,0.593
1992-11-19,0.591
1992-11-20,0.5905
1992-11-21,0.5887
1992-11-22,0.5886
1992-11-23,0.5887
1992-11-24,0.5864
1992-11-25,0.587
1992-11-26,0.5876
1992-11-27,0.591
1992-11-28,0.595
1992-11-29,0.5953
1992-11-30,0.5936
1992-12-01,0.591
1992-12-02,0.588
1992-12-03,0.5897
1992-12-04,0.5918
1992-12-05,0.5928
1992-12-06,0.595
1992-12-07,0.5975
1992-12-08,0.5931
1992-12-09,0.596
1992-12-10,0.5973
1992-12-11,0.602
1992-12-12,0.603
1992-12-13,0.6055
1992-12-14,0.6051
1992-12-15,0.5972
1992-12-16,0.5983
1992-12-17,0.597
1992-12-18,0.5993
1992-12-19,0.6007
1992-12-20,0.6038
1992-12-21,0.605
1992-12-22,0.6045
1992-12-23,0.6045
1992-12-24,0.6012
1992-12-25,0.6
1992-12-26,0.6015
1992-12-27,0.6025
1992-12-28,0.6025
1992-12-29,0.6003
1992-12-30,0.6025
1992-12-31,0.604
1993-01-01,0.6043
1993-01-02,0.6002
1993-01-03,0.5987
1993-01-04,0.6
1993-01-05,0.5992
1993-01-06,0.6032
1993-01-07,0.6002
1993-01-08,0.5978
1993-01-09,0.6007
1993-01-10,0.599
1993-01-11,0.599
1993-01-12,0.6
1993-01-13,0.6025
1993-01-14,0.603
1993-01-15,0.6035
1993-01-16,0.601
1993-01-17,0.6015
1993-01-18,0.6018
1993-01-19,0.604
1993-01-20,0.6047
1993-01-21,0.6041
1993-01-22,0.6067
1993-01-23,0.6046
1993-01-24,0.604
1993-01-25,0.6021
1993-01-26,0.6022
1993-01-27,0.6027
1993-01-28,0.6037
1993-01-29,0.604
1993-01-30,0.6032
1993-01-31,0.603
1993-02-01,0.6002
1993-02-02,0.5992
1993-02-03,0.6022
1993-02-04,0.6023
1993-02-05,0.6022
1993-02-06,0.6017
1993-02-07,0.603
1993-02-08,0.6025
1993-02-09,0.6027
1993-02-10,0.603
1993-02-11,0.6029
1993-02-12,0.6047
1993-02-13,0.6045
1993-02-14,0.605
1993-02-15,0.6054
1993-02-16,0.6055
1993-02-17,0.6061
1993-02-18,0.6107
1993-02-19,0.6113
1993-02-20,0.6113
1993-02-21,0.6125
1993-02-22,0.612
1993-02-23,0.6125
1993-02-24,0.6123
1993-02-25,0.613
1993-02-26,0.614
1993-02-27,0.6152
1993-02-28,0.615
1993-03-01,0.6152
1993-03-02,0.6165
1993-03-03,0.6147
1993-03-04,0.6185
1993-03-05,0.6203
1993-03-06,0.6215
1993-03-07,0.6225
1993-03-08,0.6215
1993-03-09,0.62
1993-03-10,0.62
1993-03-11,0.6195
1993-03-12,0.6223
1993-03-13,0.624
1993-03-14,0.622
1993-03-15,0.623
1993-03-16,0.6225
1993-03-17,0.6207
1993-03-18,0.6227
1993-03-19,0.6233
1993-03-20,0.6278
1993-03-21,0.6299
1993-03-22,0.63
1993-03-23,0.63
1993-03-24,0.6325
1993-03-25,0.6343
1993-03-26,0.6328
1993-03-27,0.6346
1993-03-28,0.6352
1993-03-29,0.637
1993-03-30,0.6385
1993-03-31,0.641
1993-04-01,0.639
1993-04-02,0.64
1993-04-03,0.6384
1993-04-04,0.6382
1993-04-05,0.6405
1993-04-06,0.6425
1993-04-07,0.6425
1993-04-08,0.6428
1993-04-09,0.6425
1993-04-10,0.6402
1993-04-11,0.6396
1993-04-12,0.6381
1993-04-13,0.637
1993-04-14,0.6368
1993-04-15,0.6365
1993-04-16,0.6405
1993-04-17,0.6413
1993-04-18,0.641
1993-04-19,0.638
1993-04-20,0.6392
1993-04-21,0.6395
1993-04-22,0.6417
1993-04-23,0.6415
1993-04-24,0.6433
1993-04-25,0.6453
1993-04-26,0.6443
1993-04-27,0.642
1993-04-28,0.6401
1993-04-29,0.639
1993-04-30,0.6388
1993-05-01,0.639
1993-05-02,0.6405
1993-05-03,0.637
1993-05-04,0.6315
1993-05-05,0.6311
1993-05-06,0.6302
1993-05-07,0.6327
1993-05-08,0.6342
1993-05-09,0.6335
1993-05-10,0.6328
1993-05-11,0.6343
1993-05-12,0.6347
1993-05-13,0.6395
1993-05-14,0.6355
1993-05-15,0.635
1993-05-16,0.6323
1993-05-17,0.6321
1993-05-18,0.6358
1993-05-19,0.6335
1993-05-20,0.6333
1993-05-21,0.6345
1993-05-22,0.6383
1993-05-23,0.6432
1993-05-24,0.6452
1993-05-25,0.6442
1993-05-26,0.646
1993-05-27,0.6465
1993-05-28,0.6507
1993-05-29,0.6504
1993-05-30,0.6505
1993-05-31,0.6415
1993-06-01,0.6463
1993-06-02,0.6447
1993-06-03,0.6465
1993-06-04,0.647
1993-06-05,0.6482
1993-06-06,0.6505
1993-06-07,0.6481
1993-06-08,0.6482
1993-06-09,0.6491
1993-06-10,0.6497
1993-06-11,0.6549
1993-06-12,0.6548
1993-06-13,0.655
1993-06-14,0.657
1993-06-15,0.658
1993-06-16,0.663
1993-06-17,0.6645
1993-06-18,0.6628
1993-06-19,0.667
1993-06-20,0.6728
1993-06-21,0.672
1993-06-22,0.6751
1993-06-23,0.6718
1993-06-24,0.6695
1993-06-25,0.6716
1993-06-26,0.672
1993-06-27,0.6721
1993-06-28,0.6737
1993-06-29,0.6663
1993-06-30,0.6737
1993-07-01,0.6718
1993-07-02,0.6744
1993-07-03,0.675
1993-07-04,0.6762
1993-07-05,0.6785
1993-07-06,0.6753
1993-07-07,0.6755
1993-07-08,0.6752
1993-07-09,0.6713
1993-07-10,0.6695
1993-07-11,0.662
1993-07-12,0.6616
1993-07-13,0.6628
1993-07-14,0.6666
1993-07-15,0.661
1993-07-16,0.656
1993-07-17,0.6576
1993-07-18,0.6604
1993-07-19,0.6588
1993-07-20,0.664
1993-07-21,0.669
1993-07-22,0.6673
1993-07-23,0.6647
1993-07-24,0.6613
1993-07-25,0.6678
1993-07-26,0.668
1993-07-27,0.6703
1993-07-28,0.672
1993-07-29,0.6703
1993-07-30,0.668
1993-07-31,0.6675
1993-08-01,0.6693
1993-08-02,0.6712
1993-08-03,0.6687
1993-08-04,0.6691
1993-08-05,0.6712
1993-08-06,0.6722
1993-08-07,0.6725
1993-08-08,0.6705
1993-08-09,0.67
1993-08-10,0.672
1993-08-11,0.6713
1993-08-12,0.6682
1993-08-13,0.6685
1993-08-14,0.6685
1993-08-15,0.6705
1993-08-16,0.6714
1993-08-17,0.6757
1993-08-18,0.6774
1993-08-19,0.6727
1993-08-20,0.6735
1993-08-21,0.6728
1993-08-22,0.6756
1993-08-23,0.6763
1993-08-24,0.6745
1993-08-25,0.6753
1993-08-26,0.6755
1993-08-27,0.6763
1993-08-28,0.6746
1993-08-29,0.676
1993-08-30,0.6762
1993-08-31,0.6745
1993-09-01,0.6697
1993-09-02,0.671
1993-09-03,0.6738
1993-09-04,0.6732
1993-09-05,0.6706
1993-09-06,0.6705
1993-09-07,0.6695
1993-09-08,0.6687
1993-09-09,0.6655
1993-09-10,0.662
1993-09-11,0.6573
1993-09-12,0.6613
1993-09-13,0.6638
1993-09-14,0.6555
1993-09-15,0.6503
1993-09-16,0.646
1993-09-17,0.648
1993-09-18,0.6505
1993-09-19,0.6486
1993-09-20,0.6475
1993-09-21,0.6435
1993-09-22,0.6505
1993-09-23,0.6526
1993-09-24,0.6525
1993-09-25,0.65
1993-09-26,0.6502
1993-09-27,0.6531
1993-09-28,0.6525
1993-09-29,0.6507
1993-09-30,0.6515
1993-10-01,0.6505
1993-10-02,0.651
1993-10-03,0.6535
1993-10-04,0.6558
1993-10-05,0.6578
1993-10-06,0.6576
1993-10-07,0.656
1993-10-08,0.6578
1993-10-09,0.6605
1993-10-10,0.6634
1993-10-11,0.663
1993-10-12,0.6603
1993-10-13,0.6574
1993-10-14,0.6559
1993-10-15,0.655
1993-10-16,0.658
1993-10-17,0.6579
1993-10-18,0.656
1993-10-19,0.6583
1993-10-20,0.66
1993-10-21,0.6618
1993-10-22,0.6591
1993-10-23,0.6605
1993-10-24,0.6614
1993-10-25,0.6608
1993-10-26,0.6605
1993-10-27,0.658
1993-10-28,0.6575
1993-10-29,0.658
1993-10-30,0.6603
1993-10-31,0.661
1993-11-01,0.659
1993-11-02,0.6555
1993-11-03,0.6566
1993-11-04,0.6565
1993-11-05,0.66
1993-11-06,0.66
1993-11-07,0.655
1993-11-08,0.656
1993-11-09,0.6545
1993-11-10,0.655
1993-11-11,0.654
1993-11-12,0.653
1993-11-13,0.6515
1993-11-14,0.653
1993-11-15,0.6508
1993-11-16,0.6502
1993-11-17,0.6469
1993-11-18,0.6472
1993-11-19,0.6475
1993-11-20,0.6511
1993-11-21,0.6532
1993-11-22,0.6525
1993-11-23,0.6513
1993-11-24,0.6509
1993-11-25,0.6555
1993-11-26,0.6553
1993-11-27,0.6527
1993-11-28,0.6485
1993-11-29,0.648
1993-11-30,0.6465
1993-12-01,0.6468
1993-12-02,0.647
1993-12-03,0.646
1993-12-04,0.6463
1993-12-05,0.6451
1993-12-06,0.6465
1993-12-07,0.653
1993-12-08,0.6518
1993-12-09,0.6525
1993-12-10,0.6525
1993-12-11,0.6523
1993-12-12,0.6523
1993-12-13,0.6508
1993-12-14,0.6515
1993-12-15,0.6544
1993-12-16,0.6536
1993-12-17,0.6537
1993-12-18,0.6535
1993-12-19,0.6544
1993-12-20,0.6544
1993-12-21,0.6575
1993-12-22,0.6594
1993-12-23,0.6585
1993-12-24,0.658
1993-12-25,0.6585
1993-12-26,0.6622
1993-12-27,0.663
1993-12-28,0.6622
1993-12-29,0.6622
1993-12-30,0.6652
1993-12-31,0.6645
1994-01-01,0.662
1994-01-02,0.6654
1994-01-03,0.6668
1994-01-04,0.6668
1994-01-05,0.6672
1994-01-06,0.667
1994-01-07,0.6722
1994-01-08,0.675
1994-01-09,0.6764
1994-01-10,0.6763
1994-01-11,0.6763
1994-01-12,0.6727
1994-01-13,0.674
1994-01-14,0.6745
1994-01-15,0.6733
1994-01-16,0.673
1994-01-17,0.6747
1994-01-18,0.676
1994-01-19,0.6783
1994-01-20,0.6782
1994-01-21,0.6762
1994-01-22,0.6745
1994-01-23,0.6765
1994-01-24,0.6763
1994-01-25,0.6739
1994-01-26,0.6697
1994-01-27,0.6731
1994-01-28,0.6736
1994-01-29,0.6729
1994-01-30,0.675
1994-01-31,0.675
1994-02-01,0.6726
1994-02-02,0.6755
1994-02-03,0.6792
1994-02-04,0.6835
1994-02-05,0.6835
1994-02-06,0.689
1994-02-07,0.683
1994-02-08,0.681
1994-02-09,0.6821
1994-02-10,0.6857
1994-02-11,0.6869
1994-02-12,0.6869
1994-02-13,0.6868
1994-02-14,0.6825
1994-02-15,0.6828
1994-02-16,0.6783
1994-02-17,0.6807
1994-02-18,0.685
1994-02-19,0.6842
1994-02-20,0.6813
1994-02-21,0.6813
1994-02-22,0.6825
1994-02-23,0.6833
1994-02-24,0.682
1994-02-25,0.681
1994-02-26,0.6763
1994-02-27,0.677
1994-02-28,0.6783
1994-03-01,0.6785
1994-03-02,0.6819
1994-03-03,0.6842
1994-03-04,0.6855
1994-03-05,0.6865
1994-03-06,0.6828
1994-03-07,0.6818
1994-03-08,0.6825
1994-03-09,0.684
1994-03-10,0.6865
1994-03-11,0.6869
1994-03-12,0.6849
1994-03-13,0.689
1994-03-14,0.6855
1994-03-15,0.6866
1994-03-16,0.6886
1994-03-17,0.688
1994-03-18,0.6875
1994-03-19,0.6905
1994-03-20,0.6875
1994-03-21,0.6887
1994-03-22,0.6872
1994-03-23,0.6872
1994-03-24,0.686
1994-03-25,0.6823
1994-03-26,0.6825
1994-03-27,0.6832
1994-03-28,0.6842
1994-03-29,0.6833
1994-03-30,0.6854
1994-03-31,0.6848
1994-04-01,0.6831
1994-04-02,0.6795
1994-04-03,0.6805
1994-04-04,0.678
1994-04-05,0.6767
1994-04-06,0.6678
1994-04-07,0.6693
1994-04-08,0.6728
1994-04-09,0.6731
1994-04-10,0.6727
1994-04-11,0.6724
1994-04-12,0.6742
1994-04-13,0.6748
1994-04-14,0.6749
1994-04-15,0.6773
1994-04-16,0.6786
1994-04-17,0.6787
1994-04-18,0.677
1994-04-19,0.6798
1994-04-20,0.6823
1994-04-21,0.683
1994-04-22,0.686
1994-04-23,0.6846
1994-04-24,0.6843
1994-04-25,0.6823
1994-04-26,0.688
1994-04-27,0.6888
1994-04-28,0.6875
1994-04-29,0.688
1994-04-30,0.6885
1994-05-01,0.6875
1994-05-02,0.6854
1994-05-03,0.6884
1994-05-04,0.6885
1994-05-05,0.6889
1994-05-06,0.693
1994-05-07,0.6952
1994-05-08,0.693
1994-05-09,0.696
1994-05-10,0.697
1994-05-11,0.697
1994-05-12,0.6949
1994-05-13,0.6942
1994-05-14,0.6892
1994-05-15,0.6832
1994-05-16,0.6833
1994-05-17,0.6836
1994-05-18,0.6875
1994-05-19,0.6872
1994-05-20,0.6873
1994-05-21,0.6882
1994-05-22,0.6857
1994-05-23,0.6842
1994-05-24,0.6855
1994-05-25,0.6871
1994-05-26,0.689
1994-05-27,0.689
1994-05-28,0.6899
1994-05-29,0.692
1994-05-30,0.6913
1994-05-31,0.694
1994-06-01,0.6943
1994-06-02,0.692
1994-06-03,0.692
1994-06-04,0.6928
1994-06-05,0.69
1994-06-06,0.6918
1994-06-07,0.6922
1994-06-08,0.6939
1994-06-09,0.6941
1994-06-10,0.6953
1994-06-11,0.6944
1994-06-12,0.697
1994-06-13,0.6947
1994-06-14,0.6955
1994-06-15,0.6945
1994-06-16,0.6988
1994-06-17,0.7021
1994-06-18,0.6995
1994-06-19,0.6916
1994-06-20,0.6981
1994-06-21,0.6978
1994-06-22,0.6986
1994-06-23,0.6995
1994-06-24,0.6996
1994-06-25,0.699
1994-06-26,0.6995
1994-06-27,0.6992
1994-06-28,0.6987
1994-06-29,0.6994
1994-06-30,0.6922
1994-07-01,0.6915
1994-07-02,0.6894
1994-07-03,0.6922
1994-07-04,0.6932
1994-07-05,0.6965
1994-07-06,0.6965
1994-07-07,0.7002
1994-07-08,0.7065
1994-07-09,0.7131
1994-07-10,0.7098
1994-07-11,0.7102
1994-07-12,0.7008
1994-07-13,0.703
1994-07-14,0.7054
1994-07-15,0.7055
1994-07-16,0.7058
1994-07-17,0.707
1994-07-18,0.7083
1994-07-19,0.7085
1994-07-20,0.7105
1994-07-21,0.7113
1994-07-22,0.7062
1994-07-23,0.7091
1994-07-24,0.7068
1994-07-25,0.71
1994-07-26,0.712
1994-07-27,0.7058
1994-07-28,0.7088
1994-07-29,0.7113
1994-07-30,0.7098
1994-07-31,0.712
1994-08-01,0.7148
1994-08-02,0.7123
1994-08-03,0.7088
1994-08-04,0.7082
1994-08-05,0.7108
1994-08-06,0.7113
1994-08-07,0.7065
1994-08-08,0.712
1994-08-09,0.703
1994-08-10,0.7032
1994-08-11,0.707
1994-08-12,0.6985
1994-08-13,0.6955
1994-08-14,0.7006
1994-08-15,0.7015
1994-08-16,0.698
1994-08-17,0.7077
1994-08-18,0.7055
1994-08-19,0.7073
1994-08-20,0.7083
1994-08-21,0.7075
1994-08-22,0.7072
1994-08-23,0.706
1994-08-24,0.7065
1994-08-25,0.7055
1994-08-26,0.7065
1994-08-27,0.7072
1994-08-28,0.7075
1994-08-29,0.7081
1994-08-30,0.7097
1994-08-31,0.7067
1994-09-01,0.7065
1994-09-02,0.705
1994-09-03,0.7035
1994-09-04,0.703
1994-09-05,0.7037
1994-09-06,0.7064
1994-09-07,0.7085
1994-09-08,0.7041
1994-09-09,0.7042
1994-09-10,0.6967
1994-09-11,0.6935
1994-09-12,0.69
1994-09-13,0.6874
1994-09-14,0.6883
1994-09-15,0.69
1994-09-16,0.6885
1994-09-17,0.6882
1994-09-18,0.6898
1994-09-19,0.6909
1994-09-20,0.6885
1994-09-21,0.6835
1994-09-22,0.6842
1994-09-23,0.6876
1994-09-24,0.687
1994-09-25,0.6946
1994-09-26,0.6935
1994-09-27,0.6894
1994-09-28,0.69
1994-09-29,0.6938
1994-09-30,0.694
1994-10-01,0.697
1994-10-02,0.6965
1994-10-03,0.6942
1994-10-04,0.6908
1994-10-05,0.6924
1994-10-06,0.7007
1994-10-07,0.704
1994-10-08,0.7025
1994-10-09,0.7031
1994-10-10,0.704
1994-10-11,0.7026
1994-10-12,0.7045
1994-10-13,0.704
1994-10-14,0.6995
1994-10-15,0.6987
1994-10-16,0.6948
1994-10-17,0.6937
1994-10-18,0.6903
1994-10-19,0.6914
1994-10-20,0.6921
1994-10-21,0.6974
1994-10-22,0.6955
1994-10-23,0.6934
1994-10-24,0.6943
1994-10-25,0.6945
1994-10-26,0.6947
1994-10-27,0.6973
1994-10-28,0.6963
1994-10-29,0.6927
1994-10-30,0.6905
1994-10-31,0.6892
1994-11-01,0.6886
1994-11-02,0.6935
1994-11-03,0.6916
1994-11-04,0.6938
1994-11-05,0.692
1994-11-06,0.6873
1994-11-07,0.687
1994-11-08,0.6893
1994-11-09,0.6915
1994-11-10,0.6938
1994-11-11,0.6938
1994-11-12,0.6928
1994-11-13,0.692
1994-11-14,0.6935
1994-11-15,0.6949
1994-11-16,0.694
1994-11-17,0.693
1994-11-18,0.689
1994-11-19,0.6905
1994-11-20,0.6885
1994-11-21,0.687
1994-11-22,0.6847
1994-11-23,0.6858
1994-11-24,0.6877
1994-11-25,0.695
1994-11-26,0.6945
1994-11-27,0.6956
1994-11-28,0.6962
1994-11-29,0.693
1994-11-30,0.6917
1994-12-01,0.692
1994-12-02,0.6953
1994-12-03,0.6935
1994-12-04,0.6902
1994-12-05,0.6908
1994-12-06,0.6896
1994-12-07,0.6902
1994-12-08,0.6895
1994-12-09,0.6879
1994-12-10,0.6885
1994-12-11,0.6887
1994-12-12,0.6865
1994-12-13,0.6885
1994-12-14,0.6902
1994-12-15,0.6915
1994-12-16,0.6905
1994-12-17,0.6907
1994-12-18,0.6895
1994-12-19,0.69
1994-12-20,0.6894
1994-12-21,0.6895
1994-12-22,0.6867
1994-12-23,0.685
1994-12-24,0.6827
1994-12-25,0.684
1994-12-26,0.6848
1994-12-27,0.6872
1994-12-28,0.6789
1994-12-29,0.679
1994-12-30,0.678
1994-12-31,0.678
1995-01-01,0.6775
1995-01-02,0.6745
1995-01-03,0.6757
1995-01-04,0.673
1995-01-05,0.6724
1995-01-06,0.6697
1995-01-07,0.6655
1995-01-08,0.663
1995-01-09,0.6592
1995-01-10,0.6557
1995-01-11,0.6523
1995-01-12,0.6534
1995-01-13,0.6478
1995-01-14,0.6497
1995-01-15,0.653
1995-01-16,0.6525
1995-01-17,0.641
1995-01-18,0.6495
1995-01-19,0.6502
1995-01-20,0.6498
1995-01-21,0.6433
1995-01-22,0.643
1995-01-23,0.6448
1995-01-24,0.6393
1995-01-25,0.6385
1995-01-26,0.6373
1995-01-27,0.6418
1995-01-28,0.638
1995-01-29,0.6414
1995-01-30,0.6415
1995-01-31,0.6421
1995-02-01,0.6435
1995-02-02,0.6443
1995-02-03,0.6403
1995-02-04,0.6403
1995-02-05,0.647
1995-02-06,0.6465
1995-02-07,0.646
1995-02-08,0.6435
1995-02-09,0.6433
1995-02-10,0.6385
1995-02-11,0.6335
1995-02-12,0.6342
1995-02-13,0.6378
1995-02-14,0.6361
1995-02-15,0.636
1995-02-16,0.6358
1995-02-17,0.633
1995-02-18,0.634
1995-02-19,0.636
1995-02-20,0.6337
1995-02-21,0.6363
1995-02-22,0.6305
1995-02-23,0.6335
1995-02-24,0.6347
1995-02-25,0.636
1995-02-26,0.6385
1995-02-27,0.6413
1995-02-28,0.6412
1995-03-01,0.6375
1995-03-02,0.6398
1995-03-03,0.6425
1995-03-04,0.6427
1995-03-05,0.6415
1995-03-06,0.637
1995-03-07,0.641
1995-03-08,0.6415
1995-03-09,0.6443
1995-03-10,0.646
1995-03-11,0.6459
1995-03-12,0.6445
1995-03-13,0.645
1995-03-14,0.6412
1995-03-15,0.641
1995-03-16,0.6365
1995-03-17,0.6255
1995-03-18,0.6225
1995-03-19,0.621
1995-03-20,0.6233
1995-03-21,0.627
1995-03-22,0.6265
1995-03-23,0.6235
1995-03-24,0.6225
1995-03-25,0.6328
1995-03-26,0.6268
1995-03-27,0.625
1995-03-28,0.6245
1995-03-29,0.624
1995-03-30,0.6275
1995-03-31,0.6245
1995-04-01,0.6255
1995-04-02,0.6245
1995-04-03,0.6274
1995-04-04,0.628
1995-04-05,0.622
1995-04-06,0.6207
1995-04-07,0.6255
1995-04-08,0.6233
1995-04-09,0.619
1995-04-10,0.6182
1995-04-11,0.6164
1995-04-12,0.6092
1995-04-13,0.6067
1995-04-14,0.605
1995-04-15,0.6027
1995-04-16,0.6
1995-04-17,0.5986
1995-04-18,0.597
1995-04-19,0.6
1995-04-20,0.5955
1995-04-21,0.596
1995-04-22,0.591
1995-04-23,0.579
1995-04-24,0.587
1995-04-25,0.5843
1995-04-26,0.581
1995-04-27,0.5788
1995-04-28,0.5835
1995-04-29,0.5848
1995-04-30,0.584
1995-05-01,0.5835
1995-05-02,0.5823
1995-05-03,0.5803
1995-05-04,0.577
1995-05-05,0.569
1995-05-06,0.5655
1995-05-07,0.5692
1995-05-08,0.5668
1995-05-09,0.5725
1995-05-10,0.5705
1995-05-11,0.573
1995-05-12,0.577
1995-05-13,0.5787
1995-05-14,0.5883
1995-05-15,0.585
1995-05-16,0.5815
1995-05-17,0.5822
1995-05-18,0.581
1995-05-19,0.586
1995-05-20,0.5933
1995-05-21,0.594
1995-05-22,0.588
1995-05-23,0.5865
1995-05-24,0.5915
1995-05-25,0.5863
1995-05-26,0.5875
1995-05-27,0.5863
1995-05-28,0.5823
1995-05-29,0.5837
1995-05-30,0.591
1995-05-31,0.587
1995-06-01,0.5842
1995-06-02,0.5824
1995-06-03,0.5795
1995-06-04,0.5793
1995-06-05,0.5852
1995-06-06,0.5786
1995-06-07,0.576
1995-06-08,0.5762
1995-06-09,0.5761
1995-06-10,0.5772
1995-06-11,0.584
1995-06-12,0.5875
1995-06-13,0.587
1995-06-14,0.583
1995-06-15,0.579
1995-06-16,0.578
1995-06-17,0.5796
1995-06-18,0.5832
1995-06-19,0.5785
1995-06-20,0.5807
1995-06-21,0.5862
1995-06-22,0.5825
1995-06-23,0.5823
1995-06-24,0.566
1995-06-25,0.5633
1995-06-26,0.563
1995-06-27,0.561
1995-06-28,0.5622
1995-06-29,0.5626
1995-06-30,0.5637
1995-07-01,0.562
1995-07-02,0.5536
1995-07-03,0.5524
1995-07-04,0.549
1995-07-05,0.5493
1995-07-06,0.5512
1995-07-07,0.5502
1995-07-08,0.5485
1995-07-09,0.548
1995-07-10,0.5525
1995-07-11,0.5536
1995-07-12,0.552
1995-07-13,0.549
1995-07-14,0.5518
1995-07-15,0.5533
1995-07-16,0.558
1995-07-17,0.5545
1995-07-18,0.5597
1995-07-19,0.5593
1995-07-20,0.5615
1995-07-21,0.5595
1995-07-22,0.5539
1995-07-23,0.5513
1995-07-24,0.553
1995-07-25,0.5555
1995-07-26,0.5552
1995-07-27,0.5535
1995-07-28,0.5515
1995-07-29,0.545
1995-07-30,0.5437
1995-07-31,0.5448
1995-08-01,0.541
1995-08-02,0.5365
1995-08-03,0.5345
1995-08-04,0.533
1995-08-05,0.5352
1995-08-06,0.5324
1995-08-07,0.5312
1995-08-08,0.5323
1995-08-09,0.535
1995-08-10,0.5355
1995-08-11,0.5335
1995-08-12,0.533
1995-08-13,0.5325
1995-08-14,0.5358
1995-08-15,0.528
1995-08-16,0.5235
1995-08-17,0.5245
1995-08-18,0.5245
1995-08-19,0.513
1995-08-20,0.509
1995-08-21,0.508
1995-08-22,0.496
1995-08-23,0.4973
1995-08-24,0.5013
1995-08-25,0.496
1995-08-26,0.4963
1995-08-27,0.5173
1995-08-28,0.5175
1995-08-29,0.5298
1995-08-30,0.5176
1995-08-31,0.5085
1995-09-01,0.5166
1995-09-02,0.5139
1995-09-03,0.506
1995-09-04,0.5063
1995-09-05,0.52
1995-09-06,0.5175
1995-09-07,0.5125
1995-09-08,0.5195
1995-09-09,0.516
1995-09-10,0.5205
1995-09-11,0.5166
1995-09-12,0.5128
1995-09-13,0.514
1995-09-14,0.5173
1995-09-15,0.5255
1995-09-16,0.5225
1995-09-17,0.5267
1995-09-18,0.527
1995-09-19,0.527
1995-09-20,0.5251
1995-09-21,0.5206
1995-09-22,0.517
1995-09-23,0.5195
1995-09-24,0.511
1995-09-25,0.5138
1995-09-26,0.5135
1995-09-27,0.5173
1995-09-28,0.5115
1995-09-29,0.5095
1995-09-30,0.5135
1995-10-01,0.5165
1995-10-02,0.5135
1995-10-03,0.509
1995-10-04,0.5069
1995-10-05,0.5013
1995-10-06,0.5027
1995-10-07,0.5038
1995-10-08,0.5038
1995-10-09,0.5038
1995-10-10,0.5027
1995-10-11,0.5038
1995-10-12,0.4985
1995-10-13,0.4925
1995-10-14,0.491
1995-10-15,0.4912
1995-10-16,0.4885
1995-10-17,0.4838
1995-10-18,0.4928
1995-10-19,0.495
1995-10-20,0.5073
1995-10-21,0.5035
1995-10-22,0.5005
1995-10-23,0.5062
1995-10-24,0.5097
1995-10-25,0.5075
1995-10-26,0.5155
1995-10-27,0.5136
1995-10-28,0.514
1995-10-29,0.5075
1995-10-30,0.5093
1995-10-31,0.504
1995-11-01,0.5005
1995-11-02,0.496
1995-11-03,0.4905
1995-11-04,0.4939
1995-11-05,0.4968
1995-11-06,0.4935
1995-11-07,0.5025
1995-11-08,0.5
1995-11-09,0.503
1995-11-10,0.4987
1995-11-11,0.4968
1995-11-12,0.493
1995-11-13,0.5113
1995-11-14,0.5195
1995-11-15,0.5205
1995-11-16,0.541
1995-11-17,0.5395
1995-11-18,0.5312
1995-11-19,0.5357
1995-11-20,0.535
1995-11-21,0.5263
1995-11-22,0.526
1995-11-23,0.5255
1995-11-24,0.5253
1995-11-25,0.5225
1995-11-26,0.5202
1995-11-27,0.522
1995-11-28,0.5258
1995-11-29,0.5295
1995-11-30,0.5305
1995-12-01,0.5303
1995-12-02,0.5331
1995-12-03,0.5395
1995-12-04,0.5385
1995-12-05,0.536
1995-12-06,0.528
1995-12-07,0.5295
1995-12-08,0.5378
1995-12-09,0.5385
1995-12-10,0.5345
1995-12-11,0.539
1995-12-12,0.5412
1995-12-13,0.537
1995-12-14,0.5325
1995-12-15,0.5338
1995-12-16,0.5315
1995-12-17,0.5285
1995-12-18,0.527
1995-12-19,0.5245
1995-12-20,0.5275
1995-12-21,0.5232
1995-12-22,0.5213
1995-12-23,0.5214
1995-12-24,0.5185
1995-12-25,0.5155
1995-12-26,0.5214
1995-12-27,0.5225
1995-12-28,0.521
1995-12-29,0.5222
1995-12-30,0.522
1995-12-31,0.5248
1996-01-01,0.5215
1996-01-02,0.52
1996-01-03,0.5183
1996-01-04,0.5237
1996-01-05,0.5235
1996-01-06,0.52
1996-01-07,0.5243
1996-01-08,0.5262
1996-01-09,0.527
1996-01-10,0.533597
1996-01-11,0.537268
1996-01-12,0.538449
1996-01-13,0.540536
1996-01-14,0.540374
1996-01-15,0.546912
1996-01-16,0.547186
1996-01-17,0.54147
1996-01-18,0.540019
1996-01-19,0.540687
1996-01-20,0.537895
1996-01-21,0.536803
1996-01-22,0.540631
1996-01-23,0.542473
1996-01-24,0.537004
1996-01-25,0.534128
1996-01-26,0.536293
1996-01-27,0.535831
1996-01-28,0.53447
1996-01-29,0.538922
1996-01-30,0.543682
1996-01-31,0.545906
1996-02-01,0.550085
1996-02-02,0.553544
1996-02-03,0.551361
1996-02-04,0.559763
1996-02-05,0.554797
1996-02-06,0.551549
1996-02-07,0.551787
1996-02-08,0.549646
1996-02-09,0.547045
1996-02-10,0.538495
1996-02-11,0.538221
1996-02-12,0.539158
1996-02-13,0.54124
1996-02-14,0.542191
1996-02-15,0.536854
1996-02-16,0.531187
1996-02-17,0.527068
1996-02-18,0.525281
1996-02-19,0.524072
1996-02-20,0.528607
1996-02-21,0.530263
1996-02-22,0.528175
1996-02-23,0.531717
1996-02-24,0.532584
1996-02-25,0.534609
1996-02-26,0.535328
1996-02-27,0.534064
1996-02-28,0.527562
1996-02-29,0.532528
1996-03-01,0.529462
1996-03-02,0.52744
1996-03-03,0.531925
1996-03-04,0.531124
1996-03-05,0.533849
1996-03-06,0.536736
1996-03-07,0.539736
1996-03-08,0.537717
1996-03-09,0.535605
1996-03-10,0.534267
1996-03-11,0.530595
1996-03-12,0.534984
1996-03-13,0.535002
1996-03-14,0.532375
1996-03-15,0.530707
1996-03-16,0.532159
1996-03-17,0.529983
1996-03-18,0.535261
1996-03-19,0.542929
1996-03-20,0.541096
1996-03-21,0.54192
1996-03-22,0.539595
1996-03-23,0.545693
1996-03-24,0.549023
1996-03-25,0.548461
1996-03-26,0.547042
1996-03-27,0.547924
1996-03-28,0.548267
1996-03-29,0.54758
1996-03-30,0.548963
1996-03-31,0.551296
1996-04-01,0.55584
1996-04-02,0.559763
1996-04-03,0.561217
1996-04-04,0.559189
1996-04-05,0.557464
1996-04-06,0.563655
1996-04-07,0.560951
1996-04-08,0.561133
1996-04-09,0.562507
1996-04-10,0.560115
1996-04-11,0.560554
1996-04-12,0.557893
1996-04-13,0.55913
1996-04-14,0.561826
1996-04-15,0.552322
1996-04-16,0.548495
1996-04-17,0.545207
1996-04-18,0.543745
1996-04-19,0.533903
1996-04-20,0.53545
1996-04-21,0.535804
1996-04-22,0.53437
1996-04-23,0.529141
1996-04-24,0.536247
1996-04-25,0.525368
1996-04-26,0.532109
1996-04-27,0.531876
1996-04-28,0.530867
1996-04-29,0.533262
1996-04-30,0.535806
1996-05-01,0.540308
1996-05-02,0.539083
1996-05-03,0.535931
1996-05-04,0.534102
1996-05-05,0.534835
1996-05-06,0.531635
1996-05-07,0.530161
1996-05-08,0.530905
1996-05-09,0.533864
1996-05-10,0.536736
1996-05-11,0.535185
1996-05-12,0.533849
1996-05-13,0.530764
1996-05-14,0.529424
1996-05-15,0.533956
1996-05-16,0.529371
1996-05-17,0.529811
1996-05-18,0.526684
1996-05-19,0.524122
1996-05-20,0.527073
1996-05-21,0.524477
1996-05-22,0.522508
1996-05-23,0.523003
1996-05-24,0.524925
1996-05-25,0.523942
1996-05-26,0.520362
1996-05-27,0.521524
1996-05-28,0.527822
1996-05-29,0.527173
1996-05-30,0.532259
1996-05-31,0.526726
1996-06-01,0.523829
1996-06-02,0.52352
1996-06-03,0.528086
1996-06-04,0.531111
1996-06-05,0.533237
1996-06-06,0.536333
1996-06-07,0.532121
1996-06-08,0.529234
1996-06-09,0.529455
1996-06-10,0.527609
1996-06-11,0.528538
1996-06-12,0.529886
1996-06-13,0.530158
1996-06-14,0.527409
1996-06-15,0.525064
1996-06-16,0.533764
1996-06-17,0.53401
1996-06-18,0.533397
1996-06-19,0.530911
1996-06-20,0.527229
1996-06-21,0.515786
1996-06-22,0.511326
1996-06-23,0.513165
1996-06-24,0.513105
1996-06-25,0.516696
1996-06-26,0.51448
1996-06-27,0.518912
1996-06-28,0.517901
1996-06-29,0.526421
1996-06-30,0.528058
1996-07-01,0.532486
1996-07-02,0.534077
1996-07-03,0.53547
1996-07-04,0.52948
1996-07-05,0.524126
1996-07-06,0.523899
1996-07-07,0.52638
1996-07-08,0.521973
1996-07-09,0.525926
1996-07-10,0.524714
1996-07-11,0.521071
1996-07-12,0.518686
1996-07-13,0.516237
1996-07-14,0.512748
1996-07-15,0.518208
1996-07-16,0.517586
1996-07-17,0.516301
1996-07-18,0.522896
1996-07-19,0.523458
1996-07-20,0.522264
1996-07-21,0.518682
1996-07-22,0.515004
1996-07-23,0.517997
1996-07-24,0.511409
1996-07-25,0.511346
1996-07-26,0.511095
1996-07-27,0.508435
1996-07-28,0.5220895746181234
1996-07-29,0.5220221407931951
1996-07-30,0.521953800358981
1996-07-31,0.5218844941040608
1996-08-01,0.5218141622860101
1996-08-02,0.5217427446582971
1996-08-03,0.5216701804991106
1996-08-04,0.5215964086381997
1996-08-05,0.5215213674862564
1996-08-06,0.5214449950635447
1996-08-07,0.5213672290293406
1996-08-08,0.5212880067113002
1996-08-09,0.5212072651348707
1996-08-10,0.5211249410539947
1996-08-11,0.521040970981117
1996-08-12,0.5209552912176487
1996-08-13,0.5208678378853513
1996-08-14,0.5207785469563173
1996-08-15,0.5206873542854358
1996-08-16,0.5205941956410105
1996-08-17,0.5204990067366437
1996-08-18,0.5204017232629065
1996-08-19,0.5203022809196188
1996-08-20,0.5202006154473505
1996-08-21,0.5200966626601132
1996-08-22,0.519990358477088
1996-08-23,0.519881638955574
1996-08-24,0.5197704403228152
1996-08-25,0.5196566990089765
1996-08-26,0.5195403516797676
1996-08-27,0.5194213352680692
1996-08-28,0.5192995870075925
1996-08-29,0.5191750444647912
1996-08-30,0.5190476455718102
1996-08-31,0.5189173286581837
1996-09-01,0.5187840324841545
1996-09-02,0.5186476962723857
1996-09-03,0.5185082597408247
1996-09-04,0.5183656631348851
1996-09-05,0.5182198472578662
1996-09-06,0.5180707535058482
1996-09-07,0.517918323896379
1996-09-08,0.5177625011024602
1996-09-09,0.5176032284826543
1996-09-10,0.5174404501129958
1996-09-11,0.5172741108169713
1996-09-12,0.5171041561976868
1996-09-13,0.5169305326678041
1996-09-14,0.5167531874798328
1996-09-15,0.5165720687549731
1996-09-16,0.522598
1996-09-17,0.519489
1996-09-18,0.517872
1996-09-19,0.514888
1996-09-20,0.516582
1996-09-21,0.516728
1996-09-22,0.517026
1996-09-23,0.518323
1996-09-24,0.524324
1996-09-25,0.520944
1996-09-26,0.516995
1996-09-27,0.517491
1996-09-28,0.515964
1996-09-29,0.513171
1996-09-30,0.51034
1996-10-01,0.5131224558258094
1996-10-02,0.5128702314411796
1996-10-03,0.512613480688347
1996-10-04,0.5123521734552843
1996-10-05,0.5120862810207716
1996-10-06,0.5118157760768587
1996-10-07,0.5115406327477137
1996-10-08,0.5112608266104932
1996-10-09,0.5109763347153777
1996-10-10,0.5106871356026483
1996-10-11,0.51039320932189
1996-10-12,0.510094537450853
1996-10-13,0.50979110310868
1996-10-14,0.5094828909759054
1996-10-15,0.509169887308044
1996-10-16,0.508852079951392
1996-10-17,0.5085294583569356
1996-10-18,0.5082020135940841
1996-10-19,0.5078697383639259
1996-10-20,0.5075326270110921
1996-10-21,0.5071906755353792
1996-10-22,0.5068438816030091
1996-10-23,0.5064922445560345
1996-10-24,0.5061357654231446
1996-10-25,0.505774446926521
1996-10-26,0.5054082934918747
1996-10-27,0.5050373112538533
1996-10-28,0.5046615080641749
1996-10-29,0.5042808934966789
1996-10-30,0.503895478851596
1996-10-31,0.5035052771622399
1996-11-01,0.5031103031947728
1996-11-02,0.5027105734558216
1996-11-03,0.5023061061897562
1996-11-04,0.5018969213834359
1996-11-05,0.5014830407647595
1996-11-06,0.5010644878030847
1996-11-07,0.5006412877088372
1996-11-08,0.5002134674302291
1996-11-09,0.49978105565244135
1996-11-10,0.4993440827926725
1996-11-11,0.49890258099638746
1996-11-12,0.4984565841337375
1996-11-13,0.498006127792619
1996-11-14,0.4975512492720955
1996-11-15,0.49709198757637296
1996-11-16,0.49662838340586335
1996-11-17,0.49616047914907124
1996-11-18,0.4956883188722645
1996-11-19,0.4952119483102253
1996-11-20,0.4981
1996-11-21,0.497451
1996-11-22,0.50015
1996-11-23,0.501501
1996-11-24,0.498301
1996-11-25,0.496901
1996-11-26,0.4917636529802191
1996-11-27,0.4912554427832111
1996-11-28,0.4907435069165942
1996-11-29,0.49022790706855135
1996-11-30,0.48970870643380604
1996-12-01,0.48918596969445494
1996-12-02,0.48865976299949365
1996-12-03,0.4881301539469294
1996-12-04,0.48759721156001046
1996-12-05,0.48706100626615734
1996-12-06,0.4865216098761149
1996-12-07,0.48597909555894825
1996-12-08,0.4854335378194592
1996-12-09,0.4848850124735329
1996-12-10,0.4843335966231397
1996-12-11,0.4837793686309737
1996-12-12,0.48322240809402567
1996-12-13,0.4826627958176952
1996-12-14,0.4821006137863235
1996-12-15,0.48153594513802983
1996-12-16,0.48096887413500283
1996-12-17,0.4803994861335067
1996-12-18,0.47982786755583395
1996-12-19,0.47925410586058226
1996-12-20,0.478678289509208
1996-12-21,0.47810050793927217
1996-12-22,0.477520851528096
1996-12-23,0.4769394115659923
1996-12-24,0.4763562802189124
1996-12-25,0.47577155049893555
1996-12-26,0.47518531622941607
1996-12-27,0.47459767201027275
1996-12-28,0.47400871318725657
1996-12-29,0.4734185358132188
1996-12-30,0.47282723661644116
1996-12-31,0.472234912963595
1997-01-01,0.47164166282491665
1997-01-02,0.47104758473733743
1997-01-03,0.47045277777039796
1997-01-04,0.4698573414860246
1997-01-05,0.4692613759063908
1997-01-06,0.4686649814729543
1997-01-07,0.4680682590110508
1997-01-08,0.46747130969161654
1997-01-09,0.46687423499420466
1997-01-10,0.4662771366680827
1997-01-11,0.4656801166951354
1997-01-12,0.4650832772506782
1997-01-13,0.46448672066506647
1997-01-14,0.4638905493858025
1997-01-15,0.476291
1997-01-16,0.474247
1997-01-17,0.4733
1997-01-18,0.469706
1997-01-19,0.468506
1997-01-20,0.471147
1997-01-21,0.467247
1997-01-22,0.4591473517366989
1997-01-23,0.45855925842511003
1997-01-24,0.45797257277854847
1997-01-25,0.4573873959641427
1997-01-26,0.45680382880009585
1997-01-27,0.45622197171597345
1997-01-28,0.4556419247143557
1997-01-29,0.45506378733297254
1997-01-30,0.4544876586060712
1997-01-31,0.4539136370249605
1997-02-01,0.4533418205025751
1997-02-02,0.45277230633444554
1997-02-03,0.45220519116079116
1997-02-04,0.45164057093001864
1997-02-05,0.45107854086128363
1997-02-06,0.45051919540828816
1997-02-07,0.4499626282218704
1997-02-08,0.4494089321147114
1997-02-09,0.44885819902514673
1997-02-10,0.4483105199813903
1997-02-11,0.4477659850673209
1997-02-12,0.4472246833858676
1997-02-13,0.4466867030271976
1997-02-14,0.4461521310316468
1997-02-15,0.4456210533590872
1997-02-16,0.4450935548535908
1997-02-17,0.4445697192112764
1997-02-18,0.44404962894927924
1997-02-19,0.4435333653710822
1997-02-20,0.44302100853862575
1997-02-21,0.442512637239231
1997-02-22,0.44200832895623116
1997-02-23,0.44150815983801195
1997-02-24,0.4410122046708028
1997-02-25,0.440520536847689
1997-02-26,0.44003322834262437
1997-02-27,0.4395503496818305
1997-02-28,0.43907196991648845
1997-03-01,0.438598156597718
1997-03-02,0.4381289757495679
1997-03-03,0.43766449184426515
1997-03-04,0.4372047677793824
1997-03-05,0.4367498648506291
1997-03-06,0.43629984273323885
1997-03-07,0.43585475945532903
1997-03-08,0.43541467137907475
1997-03-09,0.43497963317855826
1997-03-10,0.4345496978190677
1997-03-11,0.4341249165382286
1997-03-12,0.4337053388273341
1997-03-13,0.413976
1997-03-14,0.420532
1997-03-15,0.421484
1997-03-16,0.4287
1997-03-17,0.421673
1997-03-18,0.418467
1997-03-19,0.420558
1997-03-20,0.414007
1997-03-21,0.412835
1997-03-22,0.408796
1997-03-23,0.403098
1997-03-24,0.411064
1997-03-25,0.41
1997-03-26,0.411582
1997-03-27,0.414724
1997-03-28,0.414541
1997-03-29,0.406822
1997-03-30,0.406263
1997-03-31,0.405741
1997-04-01,0.40108
1997-04-02,0.402839
1997-04-03,0.401151
1997-04-04,0.402711
1997-04-05,0.404038
1997-04-06,0.405931
1997-04-07,0.397599
1997-04-08,0.39958
1997-04-09,0.397449
1997-04-10,0.393579
1997-04-11,0.39601
1997-04-12,0.393153
1997-04-13,0.40221
1997-04-14,0.40183
1997-04-15,0.40269
1997-04-16,0.42254606457620075
1997-04-17,0.4223309987584981
1997-04-18,0.42212163876002906
1997-04-19,0.4219179615325318
1997-04-20,0.4217199421711
1997-04-21,0.4215275539273958
1997-04-22,0.4213407682261886
1997-04-23,0.421159554677659
1997-04-24,0.42098388109646667
1997-04-25,0.42081371351632757
1997-04-26,0.4206490162095365
1997-04-27,0.42048975170191355
1997-04-28,0.42033588079741335
1997-04-29,0.42018736259295797
1997-04-30,0.4200441545012272
1997-05-01,0.4199062122726528
1997-05-02,0.4197734900152814
1997-05-03,0.4196459402197531
1997-05-04,0.41952351378203373
1997-05-05,0.41940616002589315
1997-05-06,0.41929382673086657
1997-05-07,0.4191864601547887
1997-05-08,0.4190840050614717
1997-05-09,0.41898640474789944
1997-05-10,0.41889360106988766
1997-05-11,0.41880553447175073
1997-05-12,0.4187221440139507
1997-05-13,0.41864336740239505
1997-05-14,0.4185691410190122
1997-05-15,0.41849939995167457
1997-05-16,0.4184340780246606
1997-05-17,0.41837310783053816
1997-05-18,0.41831642076182063
1997-05-19,0.41826394704421377
1997-05-20,0.4182156157688971
1997-05-21,0.41817135492642443
1997-05-22,0.4181310914394032
1997-05-23,0.4180947511990092
1997-05-24,0.4180622590985465
1997-05-25,0.4180335390687976
1997-05-26,0.41800851411271966
1997-05-27,0.41798710634372194
1997-05-28,0.41796923702016264
1997-05-29,0.41795482658271726
1997-05-30,0.41794379469208665
1997-05-31,0.4179360602646883
1997-06-01,0.4179315415120133
1997-06-02,0.4179301559795846
1997-06-03,0.4179318205806598
1997-06-04,0.417936451640475
1997-06-05,0.447111
1997-06-06,0.446577
1997-06-07,0.450525
1997-06-08,0.453273
1997-06-09,0.444667
1997-06-10,0.44535
1997-06-11,0.445677
1997-06-12,0.450755
1997-06-13,0.441579
1997-06-14,0.445455
1997-06-15,0.444156
1997-06-16,0.44625
1997-06-17,0.446861
1997-06-18,0.448166
1997-06-19,0.41830364174144274
1997-06-20,0.41834402664878456
1997-06-21,0.4183859033747348
1997-06-22,0.4184291843838718
1997-06-23,0.41847378231030663
1997-06-24,0.41851960999047555
1997-06-25,0.4185665805086627
1997-06-26,0.41861460723391364
1997-06-27,0.4186636038593632
1997-06-28,0.41871348444400797
1997-06-29,0.4187641634473743
1997-06-30,0.4188155557729385
1997-07-01,0.41886757680415904
1997-07-02,0.4189201424425828
1997-07-03,0.41897316914717364
1997-07-04,0.4190265739725323
1997-07-05,0.41908027460563924
1997-07-06,0.4191341894008346
1997-07-07,0.4191882374212501
1997-07-08,0.4192423384722263
1997-07-09,0.41929641313791316
1997-07-10,0.4193503828175862
1997-07-11,0.41940416976108175
1997-07-12,0.4194576971028685
1997-07-13,0.41951088889751087
1997-07-14,0.41956367015339946
1997-07-15,0.4196159668656007
1997-07-16,0.41966770605132014
1997-07-17,0.4197188157800811
1997-07-18,0.41976922520600535
1997-07-19,0.41981886460143014
1997-07-20,0.41986766538711473
1997-07-21,0.4199155601605714
1997-07-22,0.4199624827291709
1997-07-23,0.42000836813855885
1997-07-24,0.4200531527004182
1997-07-25,0.42009677402125556
1997-07-26,0.4201391710313575
1997-07-27,0.4201802840092852
1997-07-28,0.42022005461009226
1997-07-29,0.42025842588970586
1997-07-30,0.4202953423318942
1997-07-31,0.42033074986898167
1997-08-01,0.4203645959098963
1997-08-02,0.42039682936051564
1997-08-03,0.42042740064517814
1997-08-04,0.42045626173092226
1997-08-05,0.420483366145247
1997-08-06,0.42050866899958356
1997-08-07,0.4205321270042994
1997-08-08,0.40019
1997-08-09,0.402369
1997-08-10,0.404129
1997-08-11,0.404988
1997-08-12,0.406569
1997-08-13,0.40075
1997-08-14,0.402869
1997-08-15,0.405859
1997-08-16,0.408437
1997-08-17,0.410627
1997-08-18,0.404679
1997-08-19,0.40226
1997-08-20,0.40431
1997-08-21,0.410195
1997-08-22,0.410195
1997-08-23,0.42062769652380066
1997-08-24,0.4206147984530047
1997-08-25,0.42059956752183925
1997-08-26,0.4205819934916337
1997-08-27,0.4205620679447
1997-08-28,0.42053978428535504
1997-08-29,0.4205151377429901
1997-08-30,0.4204881253703374
1997-08-31,0.42045874604750494
1997-09-01,0.42042700047424764
1997-09-02,0.42039289117337697
1997-09-03,0.4203564224863566
1997-09-04,0.42031760056875567
1997-09-05,0.42027643338754916
1997-09-06,0.4202329307129912
1997-09-07,0.42018710411429516
1997-09-08,0.4201389669533825
1997-09-09,0.42008853437530613
1997-09-10,0.4200358232994416
1997-09-11,0.41998085241201333
1997-09-12,0.41992364215370515
1997-09-13,0.4198642147096293
1997-09-14,0.41980259399545927
1997-09-15,0.41973880564867727
1997-09-16,0.4196728770117521
1997-09-17,0.419604837116737
1997-09-18,0.41953471667515396
1997-09-19,0.4194625480560555
1997-09-20,0.419388365274886
1997-09-21,0.41931220397131685
1997-09-22,0.4192341013945262
1997-09-23,0.4191540963827969
1997-09-24,0.41907222934345323
1997-09-25,0.41898854223416415
1997-09-26,0.41890307854032305
1997-09-27,0.4188158832541333
1997-09-28,0.4187270028511368
1997-09-29,0.41863648526878716
1997-09-30,0.41854437988087556
1997-10-01,0.4184507374741155
1997-10-02,0.41835561022307916
1997-10-03,0.4182590516626339
1997-10-04,0.41816111666515177
1997-10-05,0.4180618614102751
1997-10-06,0.4179613433582612
1997-10-07,0.417859621222362
1997-10-08,0.41775675494006625
1997-10-09,0.4176528056425809
1997-10-10,0.4175478356269823
1997-10-11,0.41744190832467415
1997-10-12,0.407019
1997-10-13,0.408368
1997-10-14,0.407578
1997-10-15,0.403329
1997-10-16,0.404198
1997-10-17,0.406887
1997-10-18,0.406178
1997-10-19,0.40455
1997-10-20,0.405619
1997-10-21,0.406659
1997-10-22,0.405378
1997-10-23,0.406787
1997-10-24,0.413984
1997-10-25,0.413526
1997-10-26,0.408918
1997-10-27,0.4119
1997-10-28,0.411885
1997-10-29,0.41185
1997-10-30,0.412294
1997-10-31,0.41235
1997-11-01,0.413026
1997-11-02,0.417042
1997-11-03,0.419024
1997-11-04,0.417791
1997-11-05,0.41939
1997-11-06,0.418408
1997-11-07,0.424073
1997-11-08,0.425315
1997-11-09,0.425357
1997-11-10,0.427757
1997-11-11,0.430385
1997-11-12,0.43332
1997-11-13,0.432214
1997-11-14,0.438831
1997-11-15,0.436406
1997-11-16,0.439262
1997-11-17,0.4135079675465435
1997-11-18,0.4134204441205511
1997-11-19,0.41333495434513556
1997-11-20,0.4132515780257078
1997-11-21,0.4131703946029254
1997-11-22,0.4130914831128527
1997-11-23,0.4130149221518381
1997-11-24,0.41294078983906113
1997-11-25,0.41286916377936356
1997-11-26,0.41280012102414887
1997-11-27,0.4127337380408626
1997-11-28,0.4126700906713907
1997-11-29,0.412609254098983
1997-11-30,0.4125513028125052
1997-12-01,0.4124963105708045
1997-12-02,0.4124443503687808
1997-12-03,0.4123954944031729
1997-12-04,0.4123498140376064
1997-12-05,0.41230737976991483
1997-12-06,0.41226826119940396
1997-12-07,0.4122325269934908
1997-12-08,0.4122002448556499
1997-12-09,0.41217148149364374
1997-12-10,0.41214630258940144
1997-12-11,0.41212477276679416
1997-12-12,0.41210695556236676
1997-12-13,0.41209291339635234
1997-12-14,0.41208270754061915
1997-12-15,0.4120763980940614
1997-12-16,0.4120740439524213
1997-12-17,0.412075702780498
1997-12-18,0.4120814309865152
1997-12-19,0.4120912836962062
1997-12-20,0.41210531472519274
1997-12-21,0.4121235765568769
1997-12-22,0.4121461203151616
1997-12-23,0.41217299574421784
1997-12-24,0.41220425118177345
1997-12-25,0.4122399335401875
1997-12-26,0.41228008828320606
1997-12-27,0.4123247594044219
1997-12-28,0.4123739894089183
1997-12-29,0.4124278192921832
1997-12-30,0.41248628852232117
1997-12-31,0.41254943502220753
1998-01-01,0.4126172951504494
1998-01-02,0.4126899036880869
1998-01-03,0.41276729381898575
1998-01-04,0.412849497118357
1998-01-05,0.4129365435362186
1998-01-06,0.41475
1998-01-07,0.41595
1998-01-08,0.4205
1998-01-09,0.4195
1998-01-10,0.4202
1998-01-11,0.42215
1998-01-12,0.4213
1998-01-13,0.42
1998-01-14,0.41745
1998-01-15,0.41425
1998-01-16,0.41505
1998-01-17,0.4148
1998-01-18,0.41
1998-01-19,0.41467652659461485
1998-01-20,0.4148386749614066
1998-01-21,0.41500591622048677
1998-01-22,0.41517825130766545
1998-01-23,0.4153556794166547
1998-01-24,0.4155381980002616
1998-01-25,0.4157258027722073
1998-01-26,0.4159184877094001
1998-01-27,0.4161162450572209
1998-01-28,0.41631906533384266
1998-01-29,0.4165269373331856
1998-01-30,0.41673984813537435
1998-01-31,0.4169577831096936
1998-02-01,0.4171807259256701
1998-02-02,0.4174086585591541
1998-02-03,0.41764156130362884
1998-02-04,0.41787941277981544
1998-02-05,0.41812218994641437
1998-02-06,0.41836986811260857
1998-02-07,0.41862242095039626
1998-02-08,0.41887982050800343
1998-02-09,0.4191420372239215
1998-02-10,0.4194090399425936
1998-02-11,0.419680795928679
1998-02-12,0.4199572708852401
1998-02-13,0.42023842896948493
1998-02-14,0.42052423281214724
1998-02-15,0.4208146435347636
1998-02-16,0.42110962076911057
1998-02-17,0.42140912267919844
1998-02-18,0.42171310597889
1998-02-19,0.4220215259561677
1998-02-20,0.42233433649490104
1998-02-21,0.42265149009490854
1998-02-22,0.42297293789906654
1998-02-23,0.4232986297151905
1998-02-24,0.42362851404104107
1998-02-25,0.4239625380905242
1998-02-26,0.4243006478184702
1998-02-27,0.4246427879480841
1998-02-28,0.4249889019978842
1998-03-01,0.42533893230886877
1998-03-02,0.4256928200725907
1998-03-03,0.4260505053608248
1998-03-04,0.4264119271553482
1998-03-05,0.4267770233756745
1998-03-06,0.42714573091093744
1998-03-07,0.4275179856502391
1998-03-08,0.42789372251390856
1998-03-09,0.42827287548538473
1998-03-10,0.4181
1998-03-11,0.41705
1998-03-12,0.417
1998-03-13,0.4169
1998-03-14,0.41795
1998-03-15,0.42015
1998-03-16,0.418
1998-03-17,0.4182
1998-03-18,0.42185
1998-03-19,0.42255
1998-03-20,0.42225
1998-03-21,0.42165
1998-03-22,0.4196
1998-03-23,0.41845
1998-03-24,0.41885
1998-03-25,0.41725
1998-03-26,0.41755
1998-03-27,0.41955
1998-03-28,0.4214
1998-03-29,0.42275
1998-03-30,0.42545
1998-03-31,0.42495
1998-04-01,0.4289
1998-04-02,0.4284
1998-04-03,0.4386536426470501
1998-04-04,0.4390961786414543
1998-04-05,0.43954011961510603
1998-04-06,0.43998538751264915
1998-04-07,0.4404319043836409
1998-04-08,0.4408795924197209
1998-04-09,0.44132837399320035
1998-04-10,0.4417781716934921
1998-04-11,0.44222890836427925
1998-04-12,0.44268050714051355
1998-04-13,0.44313289148558377
1998-04-14,0.44358598522825743
1998-04-15,0.44403971259837155
1998-04-16,0.44449399826312064
1998-04-17,0.4449487673640548
1998-04-18,0.44540394555211726
1998-04-19,0.44585945902384694
1998-04-20,0.44631523455533584
1998-04-21,0.4467711995390856
1998-04-22,0.44722728201702716
1998-04-23,0.44768341071555806
1998-04-24,0.4481395150796993
1998-04-25,0.4485955253064561
1998-04-26,0.44905137237806514
1998-04-27,0.44950698809484413
1998-04-28,0.4499623051076714
1998-04-29,0.4504172569502958
1998-04-30,0.450871778069941
1998-05-01,0.45132580385984244
1998-05-02,0.4517792706888854
1998-05-03,0.45223211593186896
1998-05-04,0.4526842779992292
1998-05-05,0.45313569636593887
1998-05-06,0.4535863116019414
1998-05-07,0.45403606539636177
1998-05-08,0.45448490058947466
1998-05-09,0.45493276119583603
1998-05-10,0.45537959243315385
1998-05-11,0.45582534074655545
1998-05-12,0.4562699538343904
1998-05-13,0.45671338067397516
1998-05-14,0.4571555715415985
1998-05-15,0.4575964780406254
1998-05-16,0.4580360531200529
1998-05-17,0.45847425109891976
1998-05-18,0.45891102768599923
1998-05-19,0.45934634000241836
1998-05-20,0.459780146598765
1998-05-21,0.46021240747557546
1998-05-22,0.4606430841014648
1998-05-23,0.4668
1998-05-24,0.4682
1998-05-25,0.4729
1998-05-26,0.4683
1998-05-27,0.4711
1998-05-28,0.4738
1998-05-29,0.47645
1998-05-30,0.4768
1998-05-31,0.4749
1998-06-01,0.48595
1998-06-02,0.4896
1998-06-03,0.48865
1998-06-04,0.466082954121949
1998-06-05,0.46648826509768854
1998-06-06,0.46689160025939913
1998-06-07,0.4672929464505535
1998-06-08,0.46769229217957187
1998-06-09,0.46808962762135653
1998-06-10,0.4684849446226626
1998-06-11,0.46887823670300743
1998-06-12,0.4692694990575689
1998-06-13,0.46965872855835056
1998-06-14,0.4700459237525051
1998-06-15,0.47043108486344254
1998-06-16,0.4708142137882161
1998-06-17,0.47119531409601567
1998-06-18,0.4715743910227409
1998-06-19,0.47195145146989237
1998-06-20,0.4723265039965018
1998-06-21,0.47269955881648884
1998-06-22,0.47307062778917053
1998-06-23,0.4734397244143165
1998-06-24,0.4738068638219472
1998-06-25,0.4741720627637813
1998-06-26,0.47453533960459643
1998-06-27,0.47489671430992514
1998-06-28,0.47525620843488725
1998-06-29,0.47561384511259575
1998-06-30,0.4759696490415687
1998-07-01,0.4763236464683378
1998-07-02,0.4766758651779295
1998-07-03,0.4770263344751381
1998-07-04,0.4773750851684991
1998-07-05,0.47772214955394976
1998-07-06,0.4780675613975801
1998-07-07,0.47841135591594075
1998-07-08,0.47875356975794103
1998-07-09,0.47909424098450343
1998-07-10,0.4794334090482739
1998-07-11,0.4797711147703204
1998-07-12,0.4801074003206962
1998-07-13,0.48044230919505293
1998-07-14,0.4807758861901176
1998-07-15,0.48110817738053246
1998-07-16,0.4814392300935938
1998-07-17,0.48176909288401726
1998-07-18,0.48209781550844855
1998-07-19,0.48242544889764416
1998-07-20,0.48275204513086756
1998-07-21,0.48307765740622277
1998-07-22,0.48340234001377247
1998-07-23,0.4837261483050183
1998-07-24,0.4698
1998-07-25,0.46495
1998-07-26,0.4671
1998-07-27,0.4850137808594538
1998-07-28,0.4853340829311518
1998-07-29,0.4856538634142983
1998-07-30,0.4859731842391133
1998-07-31,0.48629210814832835
1998-08-01,0.4866106986623476
1998-08-02,0.4869290200451196
1998-08-03,0.48724713727131685
1998-08-04,0.4875651159900757
1998-08-05,0.48788302249001614
1998-08-06,0.48820092366471574
1998-08-07,0.488518886977786
1998-08-08,0.4888369804229469
1998-08-09,0.4891552724925702
1998-08-10,0.48947383213749845
1998-08-11,0.4897927287313541
1998-08-12,0.4901120320336263
1998-08-13,0.49043181215133735
1998-08-14,0.4907521395019875
1998-08-15,0.49107308477570427
1998-08-16,0.4913947188971931
1998-08-17,0.49171711298731796
1998-08-18,0.4920403383245688
1998-08-19,0.4923644663071256
1998-08-20,0.4926895684138144
1998-08-21,0.4930157161661424
1998-08-22,0.49334298108811775
1998-08-23,0.4936714346695634
1998-08-24,0.49400114832499886
1998-08-25,0.4943321933564998
1998-08-26,0.4946646409137445
1998-08-27,0.4949985619564472
1998-08-28,0.4953340272138935
1998-08-29,0.49567110714797
1998-08-30,0.4960098719125863
1998-08-31,0.4963503913173296
1998-09-01,0.4966927347872845
1998-09-02,0.49703697132484104
1998-09-03,0.4973831694728669
1998-09-04,0.4977313972764308
1998-09-05,0.4980817222421664
1998-09-06,0.49843421130437227
1998-09-07,0.4987889307873593
1998-09-08,0.49914594636524207
1998-09-09,0.49950532302775363
1998-09-10,0.4998671250430482
1998-09-11,0.5002314159210159
1998-09-12,0.5005982583780604
1998-09-13,0.5009677142999299
1998-09-14,0.5013398447085275
1998-09-15,0.49895
1998-09-16,0.49815
1998-09-17,0.4936
1998-09-18,0.4931
1998-09-19,0.4969
1998-09-20,0.49985
1998-09-21,0.49965
1998-09-22,0.49765
1998-09-23,0.4963
1998-09-24,0.49735
1998-09-25,0.50215
1998-09-26,0.51415
1998-09-27,0.4995
1998-09-28,0.4956
1998-09-29,0.49455
1998-09-30,0.4951
1998-10-01,0.4982
1998-10-02,0.49765
1998-10-03,0.498
1998-10-04,0.50105
1998-10-05,0.5012
1998-10-06,0.50385
1998-10-07,0.5029
1998-10-08,0.5085
1998-10-09,0.51265
1998-10-10,0.51455
1998-10-11,0.51765
1998-10-12,0.51655
1998-10-13,0.51655
1998-10-14,0.5217
1998-10-15,0.52335
1998-10-16,0.5228
1998-10-17,0.5154547989588358
1998-10-18,0.5159458906459109
1998-10-19,0.5164410083495
1998-10-20,0.516940162678142
1998-10-21,0.5174433624562353
1998-10-22,0.5179506147073294
1998-10-23,0.518461924647361
1998-10-24,0.5189772956739418
1998-10-25,0.5194967293580464
1998-10-26,0.520020225435146
1998-10-27,0.5205477817975791
1998-10-28,0.5210793944895358
1998-10-29,0.5216150577007634
1998-10-30,0.5221547637629296
1998-10-31,0.5226985031447057
1998-11-01,0.5232462644497071
1998-11-02,0.5237980344134239
1998-11-03,0.5243537979028802
1998-11-04,0.5249135379181397
1998-11-05,0.5254772355905304
1998-11-06,0.5260448701834254
1998-11-07,0.5266164190989068
1998-11-08,0.5271918578759328
1998-11-09,0.5277711601987067
1998-11-10,0.5283542978986226
1998-11-11,0.5289412409635585
1998-11-12,0.5295319575401632
1998-11-13,0.5301264139464309
1998-11-14,0.5307245746763327
1998-11-15,0.531326402413045
1998-11-16,0.5319318580338225
1998-11-17,0.5325409006276307
1998-11-18,0.5331534875018948
1998-11-19,0.5337695741976604
1998-11-20,0.5343891145058889
1998-11-21,0.5350120604741939
1998-11-22,0.5356383624307527
1998-11-23,0.536267968997534
1998-11-24,0.5369008271033417
1998-11-25,0.5375368820095883
1998-11-26,0.5381760773215758
1998-11-27,0.5388183550101499
1998-11-28,0.5394636554372455
1998-11-29,0.5401119173681066
1998-11-30,0.540763078000327
1998-12-01,0.5414170729801053
1998-12-02,0.5420738364320251
1998-12-03,0.5427333009810773
1998-12-04,0.5433953977728364
1998-12-05,0.5440600565064799
1998-12-06,0.5547
1998-12-07,0.55565
1998-12-08,0.55225
1998-12-09,0.5483
1998-12-10,0.5397
1998-12-11,0.5481
1998-12-12,0.5474
1998-12-13,0.5494606629272714
1998-12-14,0.5501449898248101
1998-12-15,0.5508311020082136
1998-12-16,0.5515189151055206
1998-12-17,0.5522083436575002
1998-12-18,0.5528993011464369
1998-12-19,0.5535917000297487
1998-12-20,0.554285451779712
1998-12-21,0.5549804669161207
1998-12-22,0.5556766550404184
1998-12-23,0.556373924876164
1998-12-24,0.5570721843028699
1998-12-25,0.5577713403948126
1998-12-26,0.5584712994579609
1998-12-27,0.5591719670687485
1998-12-28,0.5598732481134021
1998-12-29,0.560575046824485
1998-12-30,0.5612772668223001
1998-12-31,0.5619798111550701
1999-01-01,0.5626825823378974
1999-01-02,0.5633854823906992
1999-01-03,0.5640884128837594
1999-01-04,0.5647912749755795
1999-01-05,0.5654939694545932
1999-01-06,0.5661963967790359
1999-01-07,0.5668984571221538
1999-01-08,0.5676000504108232
1999-01-09,0.5683010763673499
1999-01-10,0.5690014345547376
1999-01-11,0.5697010244176351
1999-01-12,0.5703997453195627
1999-01-13,0.5710974965954251
1999-01-14,0.5717941775861797
1999-01-15,0.5724896876827967
1999-01-16,0.5731839263731467
1999-01-17,0.5738767932770661
1999-01-18,0.5745681881988423
1999-01-19,0.5752580111610295
1999-01-20,0.575946162453552
1999-01-21,0.576632542670703
1999-01-22,0.577317052759139
1999-01-23,0.5779995940562714
1999-01-24,0.5786800683362721
1999-01-25,0.5793583778469864
1999-01-26,0.5800344253584692
1999-01-27,0.5807081141996974
1999-01-28,0.5813793483031855
1999-01-29,0.5820480322468986
1999-01-30,0.5827140712897451
1999-01-31,0.5833773714227541
1999-02-01,0.59585
1999-02-02,0.59485
1999-02-03,0.59085
1999-02-04,0.5884
1999-02-05,0.58925
1999-02-06,0.5796
1999-02-07,0.5832
1999-02-08,0.5805
1999-02-09,0.5727
1999-02-10,0.5746
1999-02-11,0.57445
1999-02-12,0.58185
1999-02-13,0.5865
1999-02-14,0.5883
1999-02-15,0.5872
1999-02-16,0.5882
1999-02-17,0.5828
1999-02-18,0.583
1999-02-19,0.5864
1999-02-20,0.5835
1999-02-21,0.5833
1999-02-22,0.5789
1999-02-23,0.58035
1999-02-24,0.5982471037950852
1999-02-25,0.598814303295675
1999-02-26,0.5993767007081864
1999-02-27,0.5999342357709839
1999-02-28,0.600486849925856
1999-03-01,0.6010344863483061
1999-03-02,0.6015770899687803
1999-03-03,0.6021146075018795
1999-03-04,0.6026469874665059
1999-03-05,0.6031741802139111
1999-03-06,0.6036961379455975
1999-03-07,0.6042128147386948
1999-03-08,0.6047241665661924
1999-03-09,0.6052301513173421
1999-03-10,0.6057307288154755
1999-03-11,0.6062258608391742
1999-03-12,0.6067155111400299
1999-03-13,0.6071996454558298
1999-03-14,0.6076782315330058
1999-03-15,0.6081512391360683
1999-03-16,0.6086186400673841
1999-03-17,0.6090804081737126
1999-03-18,0.6095365193665516
1999-03-19,0.6099869516311169
1999-03-20,0.6104316850319692
1999-03-21,0.6108707017322796
1999-03-22,0.6113039859970132
1999-03-23,0.6117315242016236
1999-03-24,0.612153304841545
1999-03-25,0.612569318536283
1999-03-26,0.6129795580379409
1999-03-27,0.6133840182295133
1999-03-28,0.613782696136538
1999-03-29,0.6141755909260722
1999-03-30,0.6145627039055562
1999-03-31,0.6149440385284402
1999-04-01,0.6153196003918532
1999-04-02,0.615689397236945
1999-04-03,0.6160534389431455
1999-04-04,0.6164117375299834
1999-04-05,0.6167643071525397
1999-04-06,0.6171111640937755
1999-04-07,0.6174523267598712
1999-04-08,0.6177878156757937
1999-04-09,0.6181176534775672
1999-04-10,0.6184418649000546
1999-04-11,0.6187604767725803
1999-04-12,0.6190735180048363
1999-04-13,0.619381019578642
1999-04-14,0.6196830145332799
1999-04-15,0.6218
1999-04-16,0.6263
1999-04-17,0.62655
1999-04-18,0.6299
1999-04-19,0.6211116888283589
1999-04-20,0.6213814514553667
1999-04-21,0.6216459951879556
1999-04-22,0.6219053689956645
1999-04-23,0.6221596237602881
1999-04-24,0.6224088122509842
1999-04-25,0.6226529891048371
1999-04-26,0.6228922108077045
1999-04-27,0.6231265356660851
1999-04-28,0.6233560237848977
1999-04-29,0.6235807370436676
1999-04-30,0.6238007390721452
1999-05-01,0.624016095218196
1999-05-02,0.6242268725275109
1999-05-03,0.6244331397125182
1999-05-04,0.6246349671228885
1999-05-05,0.6248324267193903
1999-05-06,0.6250255920407005
1999-05-07,0.6252145381762945
1999-05-08,0.6253993417292212
1999-05-09,0.625580080790755
1999-05-10,0.6257568349056146
1999-05-11,0.625929685034794
1999-05-12,0.626098713526066
1999-05-13,0.6262640040801107
1999-05-14,0.6264256417093105
1999-05-15,0.6265837127095616
1999-05-16,0.6267383046190704
1999-05-17,0.6268895061815821
1999-05-18,0.6270374073148388
1999-05-19,0.6271820990617031
1999-05-20,0.6273236735650378
1999-05-21,0.6274622240190575
1999-05-22,0.6275978446325
1999-05-23,0.6277306305919134
1999-05-24,0.627860678015734
1999-05-25,0.6279880839208694
1999-05-26,0.6281129461766634
1999-05-27,0.6282353634632946
1999-05-28,0.6283554352328456
1999-05-29,0.6284732616684975
1999-05-30,0.6285889436350846
1999-05-31,0.6287025826432899
1999-06-01,0.6288142808046912
1999-06-02,0.6289241407881685
1999-06-03,0.6290322657777359
1999-06-04,0.6291387594230955
1999-06-05,0.6292437258061071
1999-06-06,0.6293472693875348
1999-06-07,0.6294494949664692
1999-06-08,0.7006
1999-06-09,0.69945
1999-06-10,0.6297493158263127
1999-06-11,0.6298473225970718
1999-06-12,0.6299445388769265
1999-06-13,0.6300410705561588
1999-06-14,0.6301370235531257
1999-06-15,0.6302325037628262
1999-06-16,0.6303276170178567
1999-06-17,0.6304224690422627
1999-06-18,0.6305171654053341
1999-06-19,0.6306118114765927
1999-06-20,0.6307065123811794
1999-06-21,0.6308013729576835
1999-06-22,0.6308964977121082
1999-06-23,0.6309919907718364
1999-06-24,0.6310879558460175
1999-06-25,0.6311844961765779
1999-06-26,0.6312817144988927
1999-06-27,0.6313797129925681
1999-06-28,0.6314785932455232
1999-06-29,0.6315784562080123
1999-06-30,0.6316794021443736
1999-07-01,0.6317815306000094
1999-07-02,0.6318849403519414
1999-07-03,0.6319897293736881
1999-07-04,0.6320959947861614
1999-07-05,0.6322038328206109
1999-07-06,0.632313338781058
1999-07-07,0.6324246069984882
1999-07-08,0.6325377307935124
1999-07-09,0.632652802438004
1999-07-10,0.6327699131139526
1999-07-11,0.6328891528774314
1999-07-12,0.6330106106179053
1999-07-13,0.6331343740244716
1999-07-14,0.6332605295448843
1999-07-15,0.6333891623527038
1999-07-16,0.633520356306094
1999-07-17,0.6336541939225308
1999-07-18,0.6337907563343024
1999-07-19,0.6339301232595245
1999-07-20,0.6340723729653127
1999-07-21,0.6342175822376608
1999-07-22,0.6343658263539337
1999-07-23,0.6345171790381403
1999-07-24,0.6346717124439969
1999-07-25,0.6348294971159968
1999-07-26,0.6349906019669614
1999-07-27,0.6351550942394507
1999-07-28,0.635323039489111
1999-07-29,0.6354945015511436
1999-07-30,0.6055
1999-07-31,0.60655
1999-08-01,0.6132
1999-08-02,0.59835
1999-08-03,0.60455
1999-08-04,0.599
1999-08-05,0.59955
1999-08-06,0.60725
1999-08-07,0.60955
1999-08-08,0.6079
1999-08-09,0.6171
1999-08-10,0.62145
1999-08-11,0.63065
1999-08-12,0.6339
1999-08-13,0.62665
1999-08-14,0.61695
1999-08-15,0.62495
1999-08-16,0.6322
1999-08-17,0.628
1999-08-18,0.6198
1999-08-19,0.63415
1999-08-20,0.6245
1999-08-21,0.6378
1999-08-22,0.62935
1999-08-23,0.6223
1999-08-24,0.62765
1999-08-25,0.62935
1999-08-26,0.62775
1999-08-27,0.62445
1999-08-28,0.63515
1999-08-29,0.63605
1999-08-30,0.64135
1999-08-31,0.6306
1999-09-01,0.63595
1999-09-02,0.6407
1999-09-03,0.6473
1999-09-04,0.6474
1999-09-05,0.64955
1999-09-06,0.6558
1999-09-07,0.65605
1999-09-08,0.6460810344073885
1999-09-09,0.6464321278988878
1999-09-10,0.6467876043262913
1999-09-11,0.6471474376121165
1999-09-12,0.647511599619314
1999-09-13,0.6478800601683747
1999-09-14,0.6482527870492646
1999-09-15,0.6486297460263114
1999-09-16,0.6490109008716239
1999-09-17,0.6493962133644656
1999-09-18,0.6497856433234226
1999-09-19,0.650179148612257
1999-09-20,0.6505766851650846
1999-09-21,0.6509782070088231
1999-09-22,0.65138366627706
1999-09-23,0.6517930132364222
1999-09-24,0.6522061963064686
1999-09-25,0.6526231620837862
1999-09-26,0.6530438553640421
1999-09-27,0.6534682191746617
1999-09-28,0.6538961947840929
1999-09-29,0.6543277217413049
1999-09-30,0.6547627378985783
1999-10-01,0.6552011794400914
1999-10-02,0.6556429809027787
1999-10-03,0.6560880752172501
1999-10-04,0.6565363937274551
1999-10-05,0.6569878662216
1999-10-06,0.657442420971931
1999-10-07,0.6578999847532615
1999-10-08,0.6583604828834371
1999-10-09,0.658823839251866
1999-10-10,0.6592899763581652
1999-10-11,0.6597588153368257
1999-10-12,0.6602302760002353
1999-10-13,0.6607042768676067
1999-10-14,0.6611807352007818
1999-10-15,0.6616595670457766
1999-10-16,0.6621406872601181
1999-10-17,0.6626240095592199
1999-10-18,0.6631094465415016
1999-10-19,0.6635969097375507
1999-10-20,0.6640863096420611
1999-10-21,0.6645775557548105
1999-10-22,0.665070556616522
1999-10-23,0.6655652198499538
1999-10-24,0.6660614522004781
1999-10-25,0.6665591595724544
1999-10-26,0.6670582470714557
1999-10-27,0.6675586190466097
1999-10-28,0.66015
1999-10-29,0.65995
1999-10-30,0.733665
1999-10-31,0.66395
1999-11-01,0.66205
1999-11-02,0.66645
1999-11-03,0.66605
1999-11-04,0.66635
1999-11-05,0.67015
1999-11-06,0.66975
1999-11-07,0.670151
1999-11-08,0.669748
1999-11-09,0.671001
1999-11-10,0.6735
1999-11-11,0.673491
1999-11-12,0.67735
1999-11-13,0.6822
1999-11-14,0.6779
1999-11-15,0.6764
1999-11-16,0.68065
1999-11-17,0.68635
1999-11-18,0.68505
1999-11-19,0.68505
1999-11-20,0.6913
1999-11-21,0.6925
1999-11-22,0.69705
1999-11-23,0.7005
1999-11-24,0.6969
1999-11-25,0.68635
1999-11-26,0.6826731490917797
1999-11-27,0.6831636904346566
1999-11-28,0.6836523049630513
1999-11-29,0.6841388954770544
1999-11-30,0.6846233654318123
1999-12-01,0.685105618977708
1999-12-02,0.6855855610001442
1999-12-03,0.6860630971518241
1999-12-04,0.6865381339020827
1999-12-05,0.6870105785590517
1999-12-06,0.6874803393208082
1999-12-07,0.6879473253035652
1999-12-08,0.6884114465775318
1999-12-09,0.6888726142076067
1999-12-10,0.689330740284351
1999-12-11,0.6897857379605897
1999-12-12,0.6902375214817027
1999-12-13,0.6906860062239307
1999-12-14,0.6911311087255761
1999-12-15,0.6915727467175795
1999-12-16,0.6920108391565962
1999-12-17,0.6924453062581295
1999-12-18,0.6928760695218786
1999-12-19,0.6933030517684527
1999-12-20,0.6937261771624446
1999-12-21,0.6941453712445417
1999-12-22,0.6945605609617611
1999-12-23,0.6949716746867725
1999-12-24,0.6953786422526803
1999-12-25,0.6957813949751882
1999-12-26,0.6961798656811858
1999-12-27,0.6965739887268224
1999-12-28,0.6969637000271159
1999-12-29,0.6973489370799937
1999-12-30,0.6977296389810691
1999-12-31,0.6981057464529671
2000-01-01,0.6984772018643631
2000-01-02,0.6988439492464654
2000-01-03,0.6992059343188158
2000-01-04,0.6995631045025331
2000-01-05,0.6999154089378169
2000-01-06,0.700262798505203
2000-01-07,0.7006052258389764
2000-01-08,0.7009426453428002
2000-01-09,0.7012750132051737
2000-01-10,0.7016022874122776
2000-01-11,0.7019244277610442
2000-01-12,0.7022413958715487
2000-01-13,0.70255315519826
2000-01-14,0.7028596710409548
2000-01-15,0.6943
2000-01-16,0.6943
2000-01-17,0.6955
2000-01-18,0.69905
2000-01-19,0.70385
2000-01-20,0.70575
2000-01-21,0.699
2000-01-22,0.69935
2000-01-23,0.6993
2000-01-24,0.6992
2000-01-25,0.6953
2000-01-26,0.70365
2000-01-27,0.70235
2000-01-28,0.71465
2000-01-29,0.71465
2000-01-30,0.7143
2000-01-31,0.71325
2000-02-01,0.71735
2000-02-02,0.71365
2000-02-03,0.7125
2000-02-04,0.7125
2000-02-05,0.71025
2000-02-06,0.70945
2000-02-07,0.71255
2000-02-08,0.71115
2000-02-09,0.7104
2000-02-10,0.7123
2000-02-11,0.7047
2000-02-12,0.69915
2000-02-13,0.6993
2000-02-14,0.7054
2000-02-15,0.7097905592680249
2000-02-16,0.7099168977915022
2000-02-17,0.7100379299336176
2000-02-18,0.7101536856470602
2000-02-19,0.7102641965468809
2000-02-20,0.7103694959036724
2000-02-21,0.710469618611004
2000-02-22,0.7105646011709857
2000-02-23,0.7106544816731838
2000-02-24,0.7107392997717736
2000-02-25,0.7108190966579188
2000-02-26,0.7108939150449949
2000-02-27,0.7109637991375017
2000-02-28,0.7110287946078188
2000-02-29,0.711088948574779
2000-03-01,0.7111443095708196
2000-03-02,0.7111949275239662
2000-03-03,0.7112408537226524
2000-03-04,0.7112821407938406
2000-03-05,0.7113188426709101
2000-03-06,0.7113510145688215
2000-03-07,0.7113787129514386
2000-03-08,0.7114019955040767
2000-03-09,0.711420921101734
2000-03-10,0.7114355497809025
2000-03-11,0.7114459427055245
2000-03-12,0.7114521621369286
2000-03-13,0.7114542714019463
2000-03-14,0.7114523348609146
2000-03-15,0.7114464178744295
2000-03-16,0.7114365867671433
2000-03-17,0.7114229088020186
2000-03-18,0.7114054521370794
2000-03-19,0.7113842857997223
2000-03-20,0.7113594796447167
2000-03-21,0.7113311043255046
2000-03-22,0.7112992312552131
2000-03-23,0.7112639325728956
2000-03-24,0.711225281108807
2000-03-25,0.7111833503450187
2000-03-26,0.7111382143833641
2000-03-27,0.711089947907646
2000-03-28,0.7110386261456142
2000-03-29,0.710984324835662
2000-03-30,0.7109271201874978
2000-03-31,0.7108670888453743
2000-04-01,0.7108043078518858
2000-04-02,0.710738854610174
2000-04-03,0.7106708068485225
2000-04-04,0.7106002425807988
2000-04-05,0.705
2000-04-06,0.70845
2000-04-07,0.71125
2000-04-08,0.71545
2000-04-09,0.7144
2000-04-10,0.7165
2000-04-11,0.7165
2000-04-12,0.7199
2000-04-13,0.71825
2000-04-14,0.7263
2000-04-15,0.7217
2000-04-16,0.7176
2000-04-17,0.7161
2000-04-18,0.7093921593191892
2000-04-19,0.7092932897324583
2000-04-20,0.7091931604096091
2000-04-21,0.709091848546912
2000-04-22,0.7089894309665632
2000-04-23,0.7088859840779819
2000-04-24,0.7087815838424032
2000-04-25,0.7086763057407106
2000-04-26,0.7085702247371769
2000-04-27,0.7084634152442275
2000-04-28,0.7083559510911825
2000-04-29,0.7082479054869745
2000-04-30,0.708139350991504
2000-05-01,0.708030359479495
2000-05-02,0.7079210021075308
2000-05-03,0.7078113492869456
2000-05-04,0.7077014706443246
2000-05-05,0.7075914349979763
2000-05-06,0.7074813103215586
2000-05-07,0.70737116371805
2000-05-08,0.7072610613861607
2000-05-09,0.7071510685920307
2000-05-10,0.7070412496414374
2000-05-11,0.7069316678512666
2000-05-12,0.7068223855205269
2000-05-13,0.7067134639019338
2000-05-14,0.706604963179574
2000-05-15,0.7064969424361132
2000-05-16,0.7063894596322222
2000-05-17,0.7062825715799796
2000-05-18,0.7061763339158187
2000-05-19,0.7060708010798408
2000-05-20,0.7059660262915476
2000-05-21,0.7058620615261985
2000-05-22,0.7057589574903156
2000-05-23,0.7056567636066801
2000-05-24,0.7055555279861997
2000-05-25,0.7054552974115978
2000-05-26,0.7053561173166695
2000-05-27,0.7052580317690609
2000-05-28,0.7051610834460017
2000-05-29,0.7050653136250987
2000-05-30,0.7049707621618292
2000-05-31,0.7048774674727757
2000-06-01,0.7047854665240888
2000-06-02,0.7046947948121641
2000-06-03,0.7046054863526734
2000-06-04,0.7045175736631737
2000-06-05,0.7044310877571965
2000-06-06,0.7043460581234475
2000-06-07,0.70875
2000-06-08,0.71385
2000-06-09,0.7161
2000-06-10,0.71215
2000-06-11,0.70705
2000-06-12,0.7095
2000-06-13,0.7043
2000-06-14,0.70935
2000-06-15,0.71075
2000-06-16,0.71555
2000-06-17,0.7163
2000-06-18,0.7173
2000-06-19,0.7153
2000-06-20,0.71435
2000-06-21,0.71545
2000-06-22,0.71635
2000-06-23,0.7074
2000-06-24,0.70435
2000-06-25,0.70595
2000-06-26,0.7079
2000-06-27,0.70145
2000-06-28,0.6992
2000-06-29,0.69195
2000-06-30,0.6843
2000-07-01,0.6835
2000-07-02,0.68315
2000-07-03,0.68
2000-07-04,0.67535
2000-07-05,0.7025896676992531
2000-07-06,0.7025542057164094
2000-07-07,0.7025203279817304
2000-07-08,0.7024880133294014
2000-07-09,0.7024572390880482
2000-07-10,0.702427981088608
2000-07-11,0.7024002136806121
2000-07-12,0.7023739097438084
2000-07-13,0.7023490407054384
2000-07-14,0.7023255765516039
2000-07-15,0.7023034858474427
2000-07-16,0.7022827357503705
2000-07-17,0.7022632920287223
2000-07-18,0.7022451190774949
2000-07-19,0.7022281799410233
2000-07-20,0.7022124363277288
2000-07-21,0.7021978486304654
2000-07-22,0.7021843759467803
2000-07-23,0.7021719761005393
2000-07-24,0.7021606056628124
2000-07-25,0.7021502199719076
2000-07-26,0.7021407731595711
2000-07-27,0.7021322181687187
2000-07-28,0.7021245067795227
2000-07-29,0.7021175896333375
2000-07-30,0.7021114162579063
2000-07-31,0.7021059350901216
2000-08-01,0.7021010935006347
2000-08-02,0.7020968378235497
2000-08-03,0.7020931133784761
2000-08-04,0.7020898644998821
2000-08-05,0.7020870345620156
2000-08-06,0.7020845660086856
2000-08-07,0.7020824003787223
2000-08-08,0.7020804783360991
2000-08-09,0.7020787396979795
2000-08-10,0.702077123462537
2000-08-11,0.7020755678399571
2000-08-12,0.7020740102820185
2000-08-13,0.7020723875100845
2000-08-14,0.7020706355489457
2000-08-15,0.7020686897513441
2000-08-16,0.7020664848375568
2000-08-17,0.7020639549180445
2000-08-18,0.7020610335304489
2000-08-19,0.7020576536676972
2000-08-20,0.7020537478125278
2000-08-21,0.7020492479680096
2000-08-22,0.7020440856898797
2000-08-23,0.7020381921202176
2000-08-24,0.71025
2000-08-25,0.70755
2000-08-26,0.70575
2000-08-27,0.70435
2000-08-28,0.7078
2000-08-29,0.7077
2000-08-30,0.70785
2000-08-31,0.70465
2000-09-01,0.70275
2000-09-02,0.70925
2000-09-03,0.7055
2000-09-04,0.70375
2000-09-05,0.7046
2000-09-06,0.7006
2000-09-07,0.7018143234877723
2000-09-08,0.7017871539175637
2000-09-09,0.7017580510461101
2000-09-10,0.7017269442226691
2000-09-11,0.7016937630123211
2000-09-12,0.7016584372314616
2000-09-13,0.7016208969796559
2000-09-14,0.7015810726734546
2000-09-15,0.7015388950786179
2000-09-16,0.7014942953431071
2000-09-17,0.701447205028201
2000-09-18,0.701397556143504
2000-09-19,0.7013452811756191
2000-09-20,0.7012903131223329
2000-09-21,0.7012325855241287
2000-09-22,0.7011720324942234
2000-09-23,0.7011085887503936
2000-09-24,0.7010421896474841
2000-09-25,0.7009727712051708
2000-09-26,0.7009002701404686
2000-09-27,0.7008246238966888
2000-09-28,0.7007457706752075
2000-09-29,0.700663649461013
2000-09-30,0.7005782000556965
2000-10-01,0.7004893631041641
2000-10-02,0.7003970801246442
2000-10-03,0.7003012935342056
2000-10-04,0.7002019466799587
2000-10-05,0.7000989838634656
2000-10-06,0.6999923503689569
2000-10-07,0.699881992489305
2000-10-08,0.6997678575528771
2000-10-09,0.6996498939492526
2000-10-10,0.6995280511537745
2000-10-11,0.69940227975338
2000-10-12,0.6992725314694477
2000-10-13,0.6991387591837128
2000-10-14,0.6990009169602902
2000-10-15,0.6988589600689477
2000-10-16,0.6987128450082933
2000-10-17,0.6985625295274007
2000-10-18,0.698407972647519
2000-10-19,0.6982491346820497
2000-10-20,0.6980859772576886
2000-10-21,0.6979184633369313
2000-10-22,0.6977465572325374
2000-10-23,0.6975702246312867
2000-10-24,0.6973894326075337
2000-10-25,0.6972041496476173
2000-10-26,0.6970143456594943
2000-10-27,0.68785
2000-10-28,0.687
2000-10-29,0.68695
2000-10-30,0.68605
2000-10-31,0.68065
2000-11-01,0.68435
2000-11-02,0.68505
2000-11-03,0.68725
2000-11-04,0.6873
2000-11-05,0.68835
2000-11-06,0.68965
2000-11-07,0.69125
2000-11-08,0.69465
2000-11-09,0.6945
2000-11-10,0.69715
2000-11-11,0.69705
2000-11-12,0.69665
2000-11-13,0.70395
2000-11-14,0.7005
2000-11-15,0.70435
2000-11-16,0.70525
2000-11-17,0.6916529360064246
2000-11-18,0.6913543342612855
2000-11-19,0.6910509517893306
2000-11-20,0.6907427980546268
2000-11-21,0.6904298841871832
2000-11-22,0.6901122229881227
2000-11-23,0.6897898289275509
2000-11-24,0.6894627181446417
2000-11-25,0.689130908448404
2000-11-26,0.688794419314414
2000-11-27,0.6884532718842755
2000-11-28,0.6881074889620677
2000-11-29,0.687757095012839
2000-11-30,0.6874021161555882
2000-12-01,0.6870425801624976
2000-12-02,0.6866785164525102
2000-12-03,0.6863099560841126
2000-12-04,0.6859369317522941
2000-12-05,0.6855594777793682
2000-12-06,0.6851776301086072
2000-12-07,0.6847914262970535
2000-12-08,0.6844009055051181
2000-12-09,0.6840061084895911
2000-12-10,0.6836070775929852
2000-12-11,0.6832038567336465
2000-12-12,0.6827964913949
2000-12-13,0.6823850286146201
2000-12-14,0.6819695169716483
2000-12-15,0.681550006576074
2000-12-16,0.6811265490531513
2000-12-17,0.6806991975344613
2000-12-18,0.6802680066385322
2000-12-19,0.6798330324609788
2000-12-20,0.6793943325575377
2000-12-21,0.6789519659290919
2000-12-22,0.6785059930063829
2000-12-23,0.6780564756318811
2000-12-24,0.6776034770456622
2000-12-25,0.677147061865204
2000-12-26,0.6766872960707512
2000-12-27,0.6762242469839468
2000-12-28,0.67575798325135
2000-12-29,0.6752885748256534
2000-12-30,0.6748160929436317
2000-12-31,0.674340610109518
2001-01-01,0.673862200071617
2001-01-02,0.6733809378048863
2001-01-03,0.6728968994862699
2001-01-04,0.6724101624751769
2001-01-05,0.6719208052929364
2001-01-06,0.6818
2001-01-07,0.682
2001-01-08,0.68775
2001-01-09,0.68535
2001-01-10,0.68985
2001-01-11,0.68785
2001-01-12,0.6684287691297657
2001-01-13,0.6679214090385959
2001-01-14,0.6674121838886871
2001-01-15,0.6669011825247482
2001-01-16,0.6663884946893055
2001-01-17,0.6658742109957355
2001-01-18,0.6653584229042245
2001-01-19,0.6648412226948587
2001-01-20,0.6643227034404287
2001-01-21,0.6638029589813673
2001-01-22,0.6632820838982985
2001-01-23,0.6627601734835361
2001-01-24,0.6622373237169012
2001-01-25,0.6617136312357714
2001-01-26,0.6611891933075734
2001-01-27,0.6606641078036688
2001-01-28,0.6601384731711644
2001-01-29,0.659612388402848
2001-01-30,0.6590859530105905
2001-01-31,0.6585592669978672
2001-02-01,0.6580324308293807
2001-02-02,0.6575055454042639
2001-02-03,0.6569787120257319
2001-02-04,0.6564520323738865
2001-02-05,0.6559256084763629
2001-02-06,0.6553995426790605
2001-02-07,0.6548739376189481
2001-02-08,0.6543488961917261
2001-02-09,0.6538245215261668
2001-02-10,0.6533009169543335
2001-02-11,0.6527781859808911
2001-02-12,0.6522564322560817
2001-02-13,0.6517357595454616
2001-02-14,0.6512162717018254
2001-02-15,0.6506980726350564
2001-02-16,0.6501812662841078
2001-02-17,0.6496659565872793
2001-02-18,0.6491522474546816
2001-02-19,0.6486402427372621
2001-02-20,0.6481300462008612
2001-02-21,0.6476217614945277
2001-02-22,0.647115492124063
2001-02-23,0.6466113414222125
2001-02-24,0.6461094125219258
2001-02-25,0.6456098083259788
2001-02-26,0.6451126314805473
2001-02-27,0.6446179843463073
2001-02-28,0.6441259689698761
2001-03-01,0.6436366870580955
2001-03-02,0.6431502399478538
2001-03-03,0.60765
2001-03-04,0.605229
2001-03-05,0.61595
2001-03-06,0.61565
2001-03-07,0.61655
2001-03-08,0.60655
2001-03-09,0.639832906965519
2001-03-10,0.6393727332078081
2001-03-11,0.6389162852308855
2001-03-12,0.6384636592073494
2001-03-13,0.6380149506475814
2001-03-14,0.6375702543792297
2001-03-15,0.6371296645181673
2001-03-16,0.6366932744458731
2001-03-17,0.6362611767846521
2001-03-18,0.635833463373283
2001-03-19,0.6354102252432617
2001-03-20,0.6349915525955712
2001-03-21,0.6345775347762715
2001-03-22,0.6341682602546054
2001-03-23,0.6337638166007614
2001-03-24,0.6333642904603145
2001-03-25,0.6329697675368346
2001-03-26,0.632580332566184
2001-03-27,0.632196069297478
2001-03-28,0.6318170604697841
2001-03-29,0.6314433877930827
2001-03-30,0.6310751319269687
2001-03-31,0.6307123724613428
2001-04-01,0.6303551878949998
2001-04-02,0.6300036556178539
2001-04-03,0.6296578518898536
2001-04-04,0.6293178518245575
2001-04-05,0.6289837293694128
2001-04-06,0.6286555572877396
2001-04-07,0.6283334071404729
2001-04-08,0.6280173492705627
2001-04-09,0.6277074527850282
2001-04-10,0.6274037855377804
2001-04-11,0.6271064141140931
2001-04-12,0.6268154038151716
2001-04-13,0.6265308186421269
2001-04-14,0.6262527212808432
2001-04-15,0.625981173088367
2001-04-16,0.6257162340772776
2001-04-17,0.6254579629025306
2001-04-18,0.625206416848031
2001-04-19,0.6249616518138599
2001-04-20,0.6247237223025638
2001-04-21,0.6244926814079159
2001-04-22,0.6242685808024551
2001-04-23,0.6240514707265177
2001-04-24,0.6238413999775243
2001-04-25,0.6236384158967802
2001-04-26,0.6234425643634369
2001-04-27,0.6232538897816058
2001-04-28,0.632053
2001-04-29,0.6303
2001-04-30,0.6303
2001-05-01,0.6324
2001-05-02,0.63225
2001-05-03,0.62845
2001-05-04,0.62975
2001-05-05,0.62605
2001-05-06,0.6323
2001-05-07,0.6217705735308532
2001-05-08,0.6216633458696629
2001-05-09,0.621563710009711
2001-05-10,0.6214716904843877
2001-05-11,0.621387310258879
2001-05-12,0.6213105907260611
2001-05-13,0.6212415517045534
2001-05-14,0.621180211434201
2001-05-15,0.6211265865742691
2001-05-16,0.6210806922018816
2001-05-17,0.6210425418108119
2001-05-18,0.6210121473082586
2001-05-19,0.6209895190170193
2001-05-20,0.6209746656724779
2001-05-21,0.6209675944237701
2001-05-22,0.6209683108352186
2001-05-23,0.6209768188843434
2001-05-24,0.6209931209668492
2001-05-25,0.6210172178952617
2001-05-26,0.6210491089011857
2001-05-27,0.6210887916400096
2001-05-28,0.6211362621907903
2001-05-29,0.6211915150613547
2001-05-30,0.6212545431918798
2001-05-31,0.621325337957138
2001-06-01,0.6214038891723647
2001-06-02,0.6214901850976631
2001-06-03,0.6215842124433179
2001-06-04,0.621685956373646
2001-06-05,0.6217954005151658
2001-06-06,0.6219125269615706
2001-06-07,0.6220373162798803
2001-06-08,0.6221697475178014
2001-06-09,0.6223097982118401
2001-06-10,0.6224574443935535
2001-06-11,0.6226126605982457
2001-06-12,0.6227754198731651
2001-06-13,0.6229456937860298
2001-06-14,0.6231234524353289
2001-06-15,0.6233086644562607
2001-06-16,0.6235012970353677
2001-06-17,0.6237013159167033
2001-06-18,0.6239086854134389
2001-06-19,0.6241233684191037
2001-06-20,0.6243453264179131
2001-06-21,0.6245745194961504
2001-06-22,0.6248109063543283
2001-06-23,0.625054444318755
2001-06-24,0.6253050893540083
2001-06-25,0.6255627960756811
2001-06-26,0.62495
2001-06-27,0.63365
2001-06-28,0.634325
2001-06-29,0.63375
2001-06-30,0.635
2001-07-01,0.63635
2001-07-02,0.6309
2001-07-03,0.63595
2001-07-04,0.64095
2001-07-05,0.63975
2001-07-06,0.63925
2001-07-07,0.63925
2001-07-08,0.6384
2001-07-09,0.6402
2001-07-10,0.6302409672048613
2001-07-11,0.6306044410769143
2001-07-12,0.6309740122992833
2001-07-13,0.6313496136858009
2001-07-14,0.6317311769943588
2001-07-15,0.6321186329445689
2001-07-16,0.632511911235254
2001-07-17,0.6329109405654889
2001-07-18,0.6333156486491653
2001-07-19,0.633725962237923
2001-07-20,0.6341418071370348
2001-07-21,0.634563108226577
2001-07-22,0.6349897894802694
2001-07-23,0.6354217739849404
2001-07-24,0.6358589839611999
2001-07-25,0.6363013407825071
2001-07-26,0.6367487649951189
2001-07-27,0.637201176340666
2001-07-28,0.637658493774397
2001-07-29,0.6381206354864337
2001-07-30,0.6385875189236802
2001-07-31,0.6390590608104811
2001-08-01,0.6395351771689689
2001-08-02,0.6400157833417959
2001-08-03,0.640500794012495
2001-08-04,0.6409901232286822
2001-08-05,0.641483684422189
2001-08-06,0.6419813904319095
2001-08-07,0.6424831535258374
2001-08-08,0.6429888854236427
2001-08-09,0.6434984973180411
2001-08-10,0.6440118998987059
2001-08-11,0.6445290033729275
2001-08-12,0.6450497174903068
2001-08-13,0.6455739515640109
2001-08-14,0.6461016144952251
2001-08-15,0.6466326147939542
2001-08-16,0.647166860605066
2001-08-17,0.6477042597278273
2001-08-18,0.6482447196425876
2001-08-19,0.6487881475316218
2001-08-20,0.6493344503044072
2001-08-21,0.6498835346195605
2001-08-22,0.6504353069093192
2001-08-23,0.6509896734029561
2001-08-24,0.6515465401495697
2001-08-25,0.6521058130433747
2001-08-26,0.6526673978458241
2001-08-27,0.6532312002101326
2001-08-28,0.6537971257055162
2001-08-29,0.658875
2001-08-30,0.6572
2001-08-31,0.66065
2001-09-01,0.66335
2001-09-02,0.6637
2001-09-03,0.6675
2001-09-04,0.6674
2001-09-05,0.6674
2001-09-06,0.66835
2001-09-07,0.6636
2001-09-08,0.66095
2001-09-09,0.65745
2001-09-10,0.65755
2001-09-11,0.66025
2001-09-12,0.6618
2001-09-13,0.6622
2001-09-14,0.66545
2001-09-15,0.67075
2001-09-16,0.67185
2001-09-17,0.67355
2001-09-18,0.67
2001-09-19,0.66975
2001-09-20,0.6696
2001-09-21,0.6678
2001-09-22,0.670482
2001-09-23,0.666325
2001-09-24,0.6657
2001-09-25,0.666
2001-09-26,0.666
2001-09-27,0.66635
2001-09-28,0.6605
2001-09-29,0.6624
2001-09-30,0.6593
2001-10-01,0.6647
2001-10-02,0.66605
2001-10-03,0.6747965460487821
2001-10-04,0.6753760427971343
2001-10-05,0.6759542457981719
2001-10-06,0.6765310756670615
2001-10-07,0.6771064538547398
2001-10-08,0.6776803026685153
2001-10-09,0.6782525452920171
2001-10-10,0.6788231058063647
2001-10-11,0.6793919092098896
2001-10-12,0.6799588814375288
2001-10-13,0.6805239493811429
2001-10-14,0.6810870409083565
2001-10-15,0.681648084882634
2001-10-16,0.6822070111818352
2001-10-17,0.6827637507162326
2001-10-18,0.6833182354490834
2001-10-19,0.6838703984120323
2001-10-20,0.6844201737261532
2001-10-21,0.6849674966175502
2001-10-22,0.6855123034353735
2001-10-23,0.6860545316699632
2001-10-24,0.6865941199691181
2001-10-25,0.6871310081541505
2001-10-26,0.6876651372374761
2001-10-27,0.6881964494383145
2001-10-28,0.6887248881977348
2001-10-29,0.6892503981955788
2001-10-30,0.6897729253645403
2001-10-31,0.6902924169054678
2001-11-01,0.6908088213020134
2001-11-02,0.691322088334059
2001-11-03,0.6918321690938145
2001-11-04,0.6923390159968438
2001-11-05,0.692842582796201
2001-11-06,0.6933428245961141
2001-11-07,0.6938396978639471
2001-11-08,0.6943331604416527
2001-11-09,0.6948231715595827
2001-11-10,0.695309691845609
2001-11-11,0.6957926833380962
2001-11-12,0.696272109494526
2001-11-13,0.6967479352047391
2001-11-14,0.6972201267986928
2001-11-15,0.6976886520561942
2001-11-16,0.6981534802168877
2001-11-17,0.6986145819886669
2001-11-18,0.6990719295553893
2001-11-19,0.699525496586155
2001-11-20,0.6999752582421396
2001-11-21,0.7004211911826054
2001-11-22,0.6914
2001-11-23,0.6914
2001-11-24,0.69065
2001-11-25,0.69515
2001-11-26,0.69115
2001-11-27,0.69255
2001-11-28,0.69445
2001-11-29,0.6953
2001-11-30,0.6953
2001-12-01,0.6955
2001-12-02,0.6994
2001-12-03,0.70025
2001-12-04,0.6988
2001-12-05,0.69755
2001-12-06,0.7066395214672522
2001-12-07,0.7070222648274223
2001-12-08,0.7074010168294802
2001-12-09,0.7077757818300214
2001-12-10,0.7081465657349413
2001-12-11,0.7085133759976373
2001-12-12,0.7088762216153439
2001-12-13,0.7092351131266956
2001-12-14,0.7095900626083311
2001-12-15,0.7099410836697785
2001-12-16,0.710288191450315
2001-12-17,0.7106314026132771
2001-12-18,0.7109707353392398
2001-12-19,0.7113062093221315
2001-12-20,0.7116378457606516
2001-12-21,0.711965667352417
2001-12-22,0.712289698285501
2001-12-23,0.7126099642302569
2001-12-24,0.7129264923320711
2001-12-25,0.7132393112000749
2001-12-26,0.7135484508985491
2001-12-27,0.7138539429363309
2001-12-28,0.7141558202573731
2001-12-29,0.714454117227161
2001-12-30,0.7147488696228871
2001-12-31,0.7150401146199252
2002-01-01,0.7153278907801227
2002-01-02,0.7156122380376989
2002-01-03,0.7158931976854844
2002-01-04,0.7161708123606847
2002-01-05,0.7164451260297762
2002-01-06,0.7167161839740003
2002-01-07,0.7169840327721142
2002-01-08,0.7172487202853305
2002-01-09,0.7175102956391517
2002-01-10,0.7177688092077483
2002-01-11,0.7180243125934213
2002-01-12,0.7182768586103399
2002-01-13,0.7185265012654396
2002-01-14,0.7187732957380755
2002-01-15,0.7190172983603438
2002-01-16,0.7192585665972829
2002-01-17,0.7194971590253837
2002-01-18,0.7197331353123564
2002-01-19,0.719966556193446
2002-01-20,0.7201974834505671
2002-01-21,0.7204259798886196
2002-01-22,0.7206521093135427
2002-01-23,0.7208759365071892
2002-01-24,0.7210975272038097
2002-01-25,0.7198
2002-01-26,0.72025
2002-01-27,0.72075
2002-01-28,0.7282
2002-01-29,0.72815
2002-01-30,0.7223838997627701
2002-01-31,0.7225917502544345
2002-02-01,0.7227979213595096
2002-02-02,0.7230024862234812
2002-02-03,0.7232055186772249
2002-02-04,0.7234070932101537
2002-02-05,0.723607284939861
2002-02-06,0.7238061695826251
2002-02-07,0.724003823424403
2002-02-08,0.7242003232889749
2002-02-09,0.7243957465086552
2002-02-10,0.7245901708927561
2002-02-11,0.7247836746948316
2002-02-12,0.7249763365840327
2002-02-13,0.7251682356091971
2002-02-14,0.725359451169885
2002-02-15,0.7255500629817258
2002-02-16,0.7257401510441721
2002-02-17,0.7259297956076078
2002-02-18,0.72611907713775
2002-02-19,0.7263080762846525
2002-02-20,0.7264968738470446
2002-02-21,0.7266855507381307
2002-02-22,0.7268741879513207
2002-02-23,0.7270628665252425
2002-02-24,0.7272516675087253
2002-02-25,0.7274406719258403
2002-02-26,0.7276299607407498
2002-02-27,0.7278196148206169
2002-02-28,0.7280097149010432
2002-03-01,0.7282003415509684
2002-03-02,0.7283915751343781
2002-03-03,0.7285834957756511
2002-03-04,0.7287761833227588
2002-03-05,0.7289697173111563
2002-03-06,0.7291641769258597
2002-03-07,0.7293596409665014
2002-03-08,0.7295561878094724
2002-03-09,0.7297538953713997
2002-03-10,0.7299528410719425
2002-03-11,0.7301531017979374
2002-03-12,0.7303547538642763
2002-03-13,0.7305578729792879
2002-03-14,0.7307625342061057
2002-03-15,0.7309688119266999
2002-03-16,0.7311767798035292
2002-03-17,0.7313865107450365
2002-03-18,0.7315980768652615
2002-03-19,0.7318115494508425
2002-03-20,0.7320269989206298
2002-03-21,0.77955
2002-03-22,0.77945
2002-03-23,0.78215
2002-03-24,0.78855
2002-03-25,0.79205
2002-03-26,0.79135
2002-03-27,0.79415
2002-03-28,0.79255
2002-03-29,0.7964
2002-03-30,0.80425
2002-03-31,0.80855
2002-04-01,0.8022
2002-04-02,0.79035
2002-04-03,0.7654
2002-04-04,0.76325
2002-04-05,0.77075
2002-04-06,0.76175
2002-04-07,0.7642
2002-04-08,0.75945
2002-04-09,0.76735
2002-04-10,0.7561
2002-04-11,0.73765
2002-04-12,0.72855
2002-04-13,0.71575
2002-04-14,0.6727
2002-04-15,0.6974
2002-04-16,0.6924
2002-04-17,0.696
2002-04-18,0.7004
2002-04-19,0.70935
2002-04-20,0.72299
2002-04-21,0.71815
2002-04-22,0.70485
2002-04-23,0.70615
2002-04-24,0.70455
2002-04-25,0.7415991178913737
2002-04-26,0.74192606919537
2002-04-27,0.7422566874878908
2002-04-28,0.7425909830641553
2002-04-29,0.7429289641023723
2002-04-30,0.743270636641163
2002-05-01,0.7436160045580785
2002-05-02,0.7439650695501343
2002-05-03,0.7443178311138907
2002-05-04,0.7446742865245946
2002-05-05,0.7450344308193291
2002-05-06,0.7453982567784289
2002-05-07,0.7457657549091691
2002-05-08,0.746136913429071
2002-05-09,0.7465117182487094
2002-05-10,0.7468901529593952
2002-05-11,0.7472721988180284
2002-05-12,0.7476578347317677
2002-05-13,0.7480470372499181
2002-05-14,0.7484397805466103
2002-05-15,0.748836036414976
2002-05-16,0.7492357742522431
2002-05-17,0.7496389610551892
2002-05-18,0.7500455614077096
2002-05-19,0.7504555374742666
2002-05-20,0.7508688489924312
2002-05-21,0.7512854532703532
2002-05-22,0.7517053051748979
2002-05-23,0.7521283571345866
2002-05-24,0.7525545591308449
2002-05-25,0.7529838586978322
2002-05-26,0.7534162009194008
2002-05-27,0.7538515284306443
2002-05-28,0.7542897814145881
2002-05-29,0.7547308976057976
2002-05-30,0.7551748122910033
2002-05-31,0.7556214583130365
2002-06-01,0.7560707660727337
2002-06-02,0.7565226635347616
2002-06-03,0.7569770762336979
2002-06-04,0.7574339272793459
2002-06-05,0.7578931373640366
2002-06-06,0.75835462477232
2002-06-07,0.7588183053882666
2002-06-08,0.7592840927081992
2002-06-09,0.7597518978495298
2002-06-10,0.7602216295641723
2002-06-11,0.760693194250449
2002-06-12,0.7611664959689185
2002-06-13,0.7616414364560726
2002-06-14,0.76
2002-06-15,0.74775
2002-06-16,0.75575
2002-06-17,0.7651
2002-06-18,0.75825
2002-06-19,0.7556
2002-06-20,0.75525
2002-06-21,0.76255
2002-06-22,0.7506
2002-06-23,0.75235
2002-06-24,0.7583
2002-06-25,0.7674296828701096
2002-06-26,0.767915960955788
2002-06-27,0.7684022687117529
2002-06-28,0.76888847544844
2002-06-29,0.7693744485196142
2002-06-30,0.7698600533518942
2002-07-01,0.7703451534795345
2002-07-02,0.7708296105722445
2002-07-03,0.7713132844734096
2002-07-04,0.7717960332306094
2002-07-05,0.7722777131334407
2002-07-06,0.7727581787488105
2002-07-07,0.773237282957053
2002-07-08,0.7737148769910597
2002-07-09,0.7741908104753229
2002-07-10,0.7746649314625651
2002-07-11,0.7751370864768461
2002-07-12,0.77560712055346
2002-07-13,0.7760748772811057
2002-07-14,0.776540198845221
2002-07-15,0.7770029260703236
2002-07-16,0.7774628984644547
2002-07-17,0.7779199542651845
2002-07-18,0.7783739304846246
2002-07-19,0.7788246629552347
2002-07-20,0.7792719863786138
2002-07-21,0.7797157343728426
2002-07-22,0.7801557395193979
2002-07-23,0.7805918334149564
2002-07-24,0.7810238467211239
2002-07-25,0.7814516092130266
2002-07-26,0.7818749498315976
2002-07-27,0.7822936967370002
2002-07-28,0.7827076773591803
2002-07-29,0.7831167184489595
2002-07-30,0.7835206461398118
2002-07-31,0.783919285992052
2002-08-01,0.7843124630539021
2002-08-02,0.7847000019144883
2002-08-03,0.7850817267601903
2002-08-04,0.7854574614324122
2002-08-05,0.7858270294804093
2002-08-06,0.7861902542222966
2002-08-07,0.7865469588033044
2002-08-08,0.7868969662496259
2002-08-09,0.787240099529201
2002-08-10,0.7875761816133793
2002-08-11,0.7879050355315369
2002-08-12,0.7882264844338767
2002-08-13,0.788540351649085
2002-08-14,0.78385
2002-08-15,0.78545
2002-08-16,0.79065
2002-08-17,0.78845
2002-08-18,0.7896
2002-08-19,0.79465
2002-08-20,0.7838
2002-08-21,0.79165
2002-08-22,0.7886
2002-08-23,0.79485
2002-08-24,0.80015
2002-08-25,0.79355
2002-08-26,0.79935
2002-08-27,0.806
2002-08-28,0.81085
2002-08-29,0.8125
2002-08-30,0.81635
2002-08-31,0.81555
2002-09-01,0.79955
2002-09-02,0.8028
2002-09-03,0.80095
2002-09-04,0.80085
2002-09-05,0.80005
2002-09-06,0.79285
2002-09-07,0.7884
2002-09-08,0.80035
2002-09-09,0.80645
2002-09-10,0.8134
2002-09-11,0.8148
2002-09-12,0.80025
2002-09-13,0.80985
2002-09-14,0.80405
2002-09-15,0.78815
2002-09-16,0.7892
2002-09-17,0.79635
2002-09-18,0.80475
2002-09-19,0.8037
2002-09-20,0.80395
2002-09-21,0.80395
2002-09-22,0.78545
2002-09-23,0.7928002471472377
2002-09-24,0.7926476955969155
2002-09-25,0.7924810084133963
2002-09-26,0.7923000774662735
2002-09-27,0.7921047975034416
2002-09-28,0.7918950661988932
2002-09-29,0.7916707842061407
2002-09-30,0.7914318552083441
2002-10-01,0.7911781859669027
2002-10-02,0.7909096863724339
2002-10-03,0.7906262694920584
2002-10-04,0.7903278516155485
2002-10-05,0.7900143523049434
2002-10-06,0.7896856944367188
2002-10-07,0.7893418042499812
2002-10-08,0.7889826113890932
2002-10-09,0.7886080489462403
2002-10-10,0.7882180535046247
2002-10-11,0.7878125651791575
2002-10-12,0.7873915276587422
2002-10-13,0.7869548882424771
2002-10-14,0.7865025978797228
2002-10-15,0.7860346112092598
2002-10-16,0.7855508865924226
2002-10-17,0.7850513861508924
2002-10-18,0.7845360757997186
2002-10-19,0.7840049252813602
2002-10-20,0.7834579081977975
2002-10-21,0.7828950020412779
2002-10-22,0.7823161882239262
2002-10-23,0.7817214521074682
2002-10-24,0.7811107830316473
2002-10-25,0.780484174337241
2002-10-26,0.7798416233958995
2002-10-27,0.7791831316307747
2002-10-28,0.7785087045423231
2002-10-29,0.7778183517277427
2002-10-30,0.7771120869036489
2002-10-31,0.7763899279232949
2002-11-01,0.775651896795611
2002-11-02,0.7748980197027661
2002-11-03,0.7741283270153981
2002-11-04,0.7733428533046635
2002-11-05,0.772541637359059
2002-11-06,0.771724722193686
2002-11-07,0.7708921550604233
2002-11-08,0.770043987458214
2002-11-09,0.7691802751409081
2002-11-10,0.7683010781223213
2002-11-11,0.7674064606824289
2002-11-12,0.75235
2002-11-13,0.755
2002-11-14,0.7646307926932299
2002-11-15,0.7636752217903602
2002-11-16,0.7627046159384847
2002-11-17,0.7617190650463093
2002-11-18,0.760718663283755
2002-11-19,0.7597035090808789
2002-11-20,0.7586737051168484
2002-11-21,0.7576293583136323
2002-11-22,0.7565705798268514
2002-11-23,0.7554974850317973
2002-11-24,0.7544101935133157
2002-11-25,0.7533088290502352
2002-11-26,0.75219351960059
2002-11-27,0.7510643972841721
2002-11-28,0.7499215983657092
2002-11-29,0.7487652632330408
2002-11-30,0.7475955363796138
2002-12-01,0.7464125663781682
2002-12-02,0.7452165058590845
2002-12-03,0.7440075114864568
2002-12-04,0.7427857439295059
2002-12-05,0.7415513678354131
2002-12-06,0.74030455180079
2002-12-07,0.7390454683411598
2002-12-08,0.7377742938575386
2002-12-09,0.7364912086053488
2002-12-10,0.7351963966604893
2002-12-11,0.7338900458789275
2002-12-12,0.7325723478667483
2002-12-13,0.7312434979323007
2002-12-14,0.7299036950581795
2002-12-15,0.7285531418481435
2002-12-16,0.7271920444950609
2002-12-17,0.7258206127303859
2002-12-18,0.7244390597822724
2002-12-19,0.723047602329596
2002-12-20,0.7216464604529076
2002-12-21,0.7202358575890806
2002-12-22,0.7188160204783428
2002-12-23,0.7173871791149451
2002-12-24,0.7159495666945346
2002-12-25,0.7145034195623229
2002-12-26,0.7130489771553439
2002-12-27,0.711586481952043
2002-12-28,0.7101161794098179
2002-12-29,0.708638317912107
2002-12-30,0.707153148707976
2002-12-31,0.7056609258486929
2003-01-01,0.7041619061337929
2003-01-02,0.7026563490417428
2003-01-03,0.71915
2003-01-04,0.708399
2003-01-05,0.70675
2003-01-06,0.69535
2003-01-07,0.69835
2003-01-08,0.70175
2003-01-09,0.694788
2003-01-10,0.6959
2003-01-11,0.6872
2003-01-12,0.6847
2003-01-13,0.6795
2003-01-14,0.67655
2003-01-15,0.66995
2003-01-16,0.67485
2003-01-17,0.6682
2003-01-18,0.6494
2003-01-19,0.66795
2003-01-20,0.66
2003-01-21,0.6593
2003-01-22,0.655965
2003-01-23,0.673435
2003-01-24,0.68875
2003-01-25,0.6903
2003-01-26,0.68095
2003-01-27,0.68405
2003-01-28,0.68335
2003-01-29,0.68605
2003-01-30,0.67785
2003-01-31,0.6705
2003-02-01,0.67675
2003-02-02,0.664
2003-02-03,0.6622
2003-02-04,0.62625
2003-02-05,0.634865
2003-02-06,0.601365
2003-02-07,0.6169
2003-02-08,0.60784
2003-02-09,0.60415
2003-02-10,0.623955
2003-02-11,0.61825
2003-02-12,0.6106
2003-02-13,0.61635
2003-02-14,0.6191
2003-02-15,0.61255
2003-02-16,0.55535
2003-02-17,0.54465
2003-02-18,0.5523
2003-02-19,0.58465
2003-02-20,0.58805
2003-02-21,0.596442
2003-02-22,0.611649
2003-02-23,0.60485
2003-02-24,0.59315
2003-02-25,0.5942
2003-02-26,0.59805
2003-02-27,0.5877
2003-02-28,0.57265
2003-03-01,0.5623
2003-03-02,0.55665
2003-03-03,0.55245
2003-03-04,0.55915
2003-03-05,0.5522
2003-03-06,0.55014
2003-03-07,0.5305
2003-03-08,0.53815
2003-03-09,0.5443
2003-03-10,0.5468
2003-03-11,0.54975
2003-03-12,0.55305
2003-03-13,0.5449
2003-03-14,0.5353
2003-03-15,0.53035
2003-03-16,0.53425
2003-03-17,0.5331
2003-03-18,0.5249
2003-03-19,0.541735
2003-03-20,0.54364
2003-03-21,0.5477
2003-03-22,0.55245
2003-03-23,0.54725
2003-03-24,0.5544
2003-03-25,0.56375
2003-03-26,0.5887
2003-03-27,0.59334
2003-03-28,0.57515
2003-03-29,0.57465
2003-03-30,0.5683
2003-03-31,0.5744
2003-04-01,0.57405
2003-04-02,0.57995
2003-04-03,0.5822
2003-04-04,0.5769
2003-04-05,0.5797
2003-04-06,0.58015
2003-04-07,0.58875
2003-04-08,0.58835
2003-04-09,0.59745
2003-04-10,0.5954
2003-04-11,0.59315
2003-04-12,0.58855
2003-04-13,0.57975
2003-04-14,0.5503
2003-04-15,0.54275
2003-04-16,0.53125
2003-04-17,0.5416
2003-04-18,0.544565
2003-04-19,0.52113
2003-04-20,0.5203
2003-04-21,0.5254
2003-04-22,0.530383
2003-04-23,0.52865
2003-04-24,0.5283
2003-04-25,0.534235
2003-04-26,0.51425
2003-04-27,0.5078
2003-04-28,0.50205
2003-04-29,0.513355
2003-04-30,0.51145
2003-05-01,0.51845
2003-05-02,0.53115
2003-05-03,0.53875
2003-05-04,0.525209
2003-05-05,0.520059
2003-05-06,0.5222
2003-05-07,0.516516
2003-05-08,0.5196
2003-05-09,0.50945
2003-05-10,0.50815
2003-05-11,0.51247
2003-05-12,0.5069
2003-05-13,0.50925
2003-05-14,0.514165
2003-05-15,0.51165
2003-05-16,0.5095
2003-05-17,0.5025
2003-05-18,0.49225
2003-05-19,0.49765
2003-05-20,0.5065
2003-05-21,0.49755
2003-05-22,0.5023
2003-05-23,0.4932
2003-05-24,0.50115
2003-05-25,0.50615
2003-05-26,0.51904
2003-05-27,0.523574
2003-05-28,0.5295
2003-05-29,0.5298
2003-05-30,0.54435
2003-05-31,0.5553
2003-06-01,0.5639
2003-06-02,0.5733
2003-06-03,0.56015
2003-06-04,0.5707
2003-06-05,0.579
2003-06-06,0.562845
2003-06-07,0.5617
2003-06-08,0.5687
2003-06-09,0.5612
2003-06-10,0.58063
2003-06-11,0.5927
2003-06-12,0.5874
2003-06-13,0.575965
2003-06-14,0.580112
2003-06-15,0.58085
2003-06-16,0.585391
2003-06-17,0.575507
2003-06-18,0.58105
2003-06-19,0.5701
2003-06-20,0.5504
2003-06-21,0.5651
2003-06-22,0.5554
2003-06-23,0.56695
2003-06-24,0.5661
2003-06-25,0.55885
2003-06-26,0.5717
2003-06-27,0.564735
2003-06-28,0.57
2003-06-29,0.57415
2003-06-30,0.5807
2003-07-01,0.5909
2003-07-02,0.5978
2003-07-03,0.6066
2003-07-04,0.6057
2003-07-05,0.606306
2003-07-06,0.5937
2003-07-07,0.585209
2003-07-08,0.60205
2003-07-09,0.605657
2003-07-10,0.620973
2003-07-11,0.6213
2003-07-12,0.6196
2003-07-13,0.62303
2003-07-14,0.6216
2003-07-15,0.620935
2003-07-16,0.643275
2003-07-17,0.64735
2003-07-18,0.6556
2003-07-19,0.63175
2003-07-20,0.6309
2003-07-21,0.6323
2003-07-22,0.62283
2003-07-23,0.629049
2003-07-24,0.6296
2003-07-25,0.64435
2003-07-26,0.6427
2003-07-27,0.62855
2003-07-28,0.6329
2003-07-29,0.643173
2003-07-30,0.647395
2003-07-31,0.6384
2003-08-01,0.6277
2003-08-02,0.6384
2003-08-03,0.63875
2003-08-04,0.6421
2003-08-05,0.644
2003-08-06,0.64525
2003-08-07,0.650555
2003-08-08,0.638633
2003-08-09,0.632245
2003-08-10,0.627
2003-08-11,0.628223
2003-08-12,0.621345
2003-08-13,0.630855
2003-08-14,0.629148
2003-08-15,0.629604
2003-08-16,0.62616
2003-08-17,0.6335
2003-08-18,0.63955
2003-08-19,0.647605
2003-08-20,0.644538
2003-08-21,0.644496
2003-08-22,0.643087
2003-08-23,0.645494
2003-08-24,0.65505
2003-08-25,0.651954
2003-08-26,0.661748
2003-08-27,0.657592
2003-08-28,0.65783
2003-08-29,0.656491
2003-08-30,0.656491
2003-08-31,0.655437
2003-09-01,0.657484
2003-09-02,0.654151
2003-09-03,0.653253
2003-09-04,0.660458
2003-09-05,0.664231
2003-09-06,0.664209
2003-09-07,0.667468
2003-09-08,0.666289
2003-09-09,0.673605
2003-09-10,0.669635
2003-09-11,0.672721
2003-09-12,0.672495
2003-09-13,0.67365
2003-09-14,0.673197
2003-09-15,0.669098
2003-09-16,0.67297
2003-09-17,0.678633
2003-09-18,0.677599
2003-09-19,0.677599
2003-09-20,0.668135
2003-09-21,0.669591
2003-09-22,0.673696
2003-09-23,0.675014
2003-09-24,0.675836
2003-09-25,0.682105
2003-09-26,0.682501
2003-09-27,0.682501
2003-09-28,0.686153
2003-09-29,0.684346
2003-09-30,0.680342
2003-10-01,0.683457
2003-10-02,0.685049
2003-10-03,0.686412
2003-10-04,0.686412
2003-10-05,0.685354
2003-10-06,0.67415
2003-10-07,0.674059
2003-10-08,0.677667
2003-10-09,0.68861
2003-10-10,0.686412
2003-10-11,0.686412
2003-10-12,0.693193
2003-10-13,0.697058
2003-10-14,0.69604
2003-10-15,0.703655
2003-10-16,0.707164
2003-10-17,0.7043
2003-10-18,0.706015
2003-10-19,0.698763
2003-10-20,0.704151
2003-10-21,0.71375
2003-10-22,0.709673
2003-10-23,0.709849
2003-10-24,0.709019
2003-10-25,0.709019
2003-10-26,0.707664
2003-10-27,0.719554
2003-10-28,0.726137
2003-10-29,0.716794
2003-10-30,0.715564
2003-10-31,0.716794
2003-11-01,0.716794
2003-11-02,0.718236
2003-11-03,0.716743
2003-11-04,0.72338
2003-11-05,0.716589
2003-11-06,0.718184
2003-11-07,0.716589
2003-11-08,0.716589
2003-11-09,0.725953
2003-11-10,0.734053
2003-11-11,0.732789
2003-11-12,0.745156
2003-11-13,0.731689
2003-11-14,0.732091
2003-11-15,0.732091
2003-11-16,0.734754
2003-11-17,0.734754
2003-11-18,0.737436
2003-11-19,0.743688
2003-11-20,0.738634
2003-11-21,0.739317
2003-11-22,0.739317
2003-11-23,0.753438
2003-11-24,0.746018
2003-11-25,0.758754
2003-11-26,0.75429
2003-11-27,0.756344
2003-11-28,0.754546
2003-11-29,0.754546
2003-11-30,0.748811
2003-12-01,0.744158
2003-12-02,0.728147
2003-12-03,0.734619
2003-12-04,0.719011
2003-12-05,0.718985
2003-12-06,0.718985
2003-12-07,0.721761
2003-12-08,0.716692
2003-12-09,0.725058
2003-12-10,0.718546
2003-12-11,0.725742
2003-12-12,0.725032
2003-12-13,0.725032
2003-12-14,0.740796
2003-12-15,0.74118
2003-12-16,0.738853
2003-12-17,0.733595
2003-12-18,0.742198
2003-12-19,0.743467
2003-12-20,0.743467
2003-12-21,0.746965
2003-12-22,0.741757
2003-12-23,0.746352
2003-12-24,0.728651
2003-12-25,0.724822
2003-12-26,0.725189
2003-12-27,0.725189
2003-12-28,0.734241
2003-12-29,0.723641
2003-12-30,0.729341
2003-12-31,0.71449
2004-01-01,0.710454
2004-01-02,0.709799
2004-01-03,0.709799
2004-01-04,0.713547
2004-01-05,0.728147
2004-01-06,0.723956
2004-01-07,0.722961
2004-01-08,0.716102
2004-01-09,0.717
2004-01-10,0.716255
2004-01-11,0.712555
2004-01-12,0.710227
2004-01-13,0.712504
2004-01-14,0.729607
2004-01-15,0.724297
2004-01-16,0.72372
2004-01-17,0.72372
2004-01-18,0.728518
2004-01-19,0.721735
2004-01-20,0.721996
2004-01-21,0.710152
2004-01-22,0.708617
2004-01-23,0.711541
2004-01-24,0.711541
2004-01-25,0.707814
2004-01-26,0.701853
2004-01-27,0.705368
2004-01-28,0.704399
2004-01-29,0.706215
2004-01-30,0.706215
2004-01-31,0.706215
2004-02-01,0.708567
2004-02-02,0.718546
2004-02-03,0.721007
2004-02-04,0.725453
2004-02-05,0.723432
2004-02-06,0.723432
2004-02-07,0.723432
2004-02-08,0.732654
2004-02-09,0.732359
2004-02-10,0.735294
2004-02-11,0.732601
2004-02-12,0.733299
2004-02-13,0.736594
2004-02-14,0.736594
2004-02-15,0.742005
2004-02-16,0.74129
2004-02-17,0.738525
2004-02-18,0.742308
2004-02-19,0.738416
2004-02-20,0.737844
2004-02-21,0.737844
2004-02-22,0.739098
2004-02-23,0.737898
2004-02-24,0.719528
2004-02-25,0.713318
2004-02-26,0.712504
2004-02-27,0.712809
2004-02-28,0.709572
2004-02-29,0.714694
2004-03-01,0.709069
2004-03-02,0.706764
2004-03-03,0.706564
2004-03-04,0.704871
2004-03-05,0.704275
2004-03-06,0.700967
2004-03-07,0.706215
2004-03-08,0.711238
2004-03-09,0.707764
2004-03-10,0.687947
2004-03-11,0.683901
2004-03-12,0.683901
2004-03-13,0.683901
2004-03-14,0.687947
2004-03-15,0.694155
2004-03-16,0.691372
2004-03-17,0.700722
2004-03-18,0.694734
2004-03-19,0.696379
2004-03-20,0.696379
2004-03-21,0.698178
2004-03-22,0.704821
2004-03-23,0.703928
2004-03-24,0.701557
2004-03-25,0.694686
2004-03-26,0.695797
2004-03-27,0.695797
2004-03-28,0.700771
2004-03-29,0.695362
2004-03-30,0.693097
2004-03-31,0.686012
2004-04-01,0.699741
2004-04-02,0.699986
2004-04-03,0.699986
2004-04-04,0.698812
2004-04-05,0.695943
2004-04-06,0.694011
2004-04-07,0.686813
2004-04-08,0.695507
2004-04-09,0.695072
2004-04-10,0.695072
2004-04-11,0.69935
2004-04-12,0.701361
2004-04-13,0.707014
2004-04-14,0.699399
2004-04-15,0.700722
2004-04-16,0.701459
2004-04-17,0.700378
2004-04-18,0.699301
2004-04-19,0.707414
2004-04-20,0.716435
2004-04-21,0.714745
2004-04-22,0.708215
2004-04-23,0.708215
2004-04-24,0.709019
2004-04-25,0.705219
2004-04-26,0.705268
2004-04-27,0.702642
2004-04-28,0.707814
2004-04-29,0.703185
2004-04-30,0.702889
2004-05-01,0.702889
2004-05-02,0.707864
2004-05-03,0.709673
2004-05-04,0.70927
2004-05-05,0.707264
2004-05-06,0.705567
2004-05-07,0.705467
2004-05-08,0.705467
2004-05-09,0.702889
2004-05-10,0.703779
2004-05-11,0.708767
2004-05-12,0.706664
2004-05-13,0.714796
2004-05-14,0.715922
2004-05-15,0.715922
2004-05-16,0.712758
2004-05-17,0.710126
2004-05-18,0.714337
2004-05-19,0.710985
2004-05-20,0.707714
2004-05-21,0.707714
2004-05-22,0.707714
2004-05-23,0.708617
2004-05-24,0.710429
2004-05-25,0.71048
2004-05-26,0.711086
2004-05-27,0.714592
2004-05-28,0.717103
2004-05-29,0.717103
2004-05-30,0.722543
2004-05-31,0.714235
2004-06-01,0.717103
2004-06-02,0.724008
2004-06-03,0.727379
2004-06-04,0.731689
2004-06-05,0.731689
2004-06-06,0.730941
2004-06-07,0.720981
2004-06-08,0.717309
2004-06-09,0.711744
2004-06-10,0.715666
2004-06-11,0.715666
2004-06-12,0.717
2004-06-13,0.720565
2004-06-14,0.720098
2004-06-15,0.71286
2004-06-16,0.717257
2004-06-17,0.70932
2004-06-18,0.707214
2004-06-19,0.711086
2004-06-20,0.693481
2004-06-21,0.695507
2004-06-22,0.675584
2004-06-23,0.666667
2004-06-24,0.676636
2004-06-25,0.678472
2004-06-26,0.679902
2004-06-27,0.674809
2004-06-28,0.664143
2004-06-29,0.66836
2004-06-30,0.683434
2004-07-01,0.677323
2004-07-02,0.678794
2004-07-03,0.679486
2004-07-04,0.680041
2004-07-05,0.682175
2004-07-06,0.678012
2004-07-07,0.680457
2004-07-08,0.670736
2004-07-09,0.672812
2004-07-10,0.672812
2004-07-11,0.662427
2004-07-12,0.662252
2004-07-13,0.669478
2004-07-14,0.686106
2004-07-15,0.687663
2004-07-16,0.689798
2004-07-17,0.68899
2004-07-18,0.696379
2004-07-19,0.696864
2004-07-20,0.698812
2004-07-21,0.702839
2004-07-22,0.705119
2004-07-23,0.70497
2004-07-24,0.705119
2004-07-25,0.709371
2004-07-26,0.708617
2004-07-27,0.712708
2004-07-28,0.711491
2004-07-29,0.715001
2004-07-30,0.713878
2004-07-31,0.709874
2004-08-01,0.708617
2004-08-02,0.692617
2004-08-03,0.68918
2004-08-04,0.689227
2004-08-05,0.688279
2004-08-06,0.689655
2004-08-07,0.689655
2004-08-08,0.687616
2004-08-09,0.693001
2004-08-10,0.703977
2004-08-11,0.706764
2004-08-12,0.709371
2004-08-13,0.710934
2004-08-14,0.710934
2004-08-15,0.709774
2004-08-16,0.718339
2004-08-17,0.722596
2004-08-18,0.724113
2004-08-19,0.710429
2004-08-20,0.711187
2004-08-21,0.711187
2004-08-22,0.705816
2004-08-23,0.715461
2004-08-24,0.717978
2004-08-25,0.725058
2004-08-26,0.725058
2004-08-27,0.728597
2004-08-28,0.72768
2004-08-29,0.73455
2004-08-30,0.731797
2004-08-31,0.729341
2004-09-01,0.725111
2004-09-02,0.723956
2004-09-03,0.7259
2004-09-04,0.726375
2004-09-05,0.731689
2004-09-06,0.7347
2004-09-07,0.733783
2004-09-08,0.727749
2004-09-09,0.728916
2004-09-10,0.732601
2004-09-11,0.732601
2004-09-12,0.72881
2004-09-13,0.720669
2004-09-14,0.716743
2004-09-15,0.707714
2004-09-16,0.708215
2004-09-17,0.705219
2004-09-18,0.707814
2004-09-19,0.707814
2004-09-20,0.713929
2004-09-21,0.716692
2004-09-22,0.707314
2004-09-23,0.705716
2004-09-24,0.702198
2004-09-25,0.702198
2004-09-26,0.705517
2004-09-27,0.70502
2004-09-28,0.697107
2004-09-29,0.70373
2004-09-30,0.711187
2004-10-01,0.710278
2004-10-02,0.710278
2004-10-03,0.709019
2004-10-04,0.697739
2004-10-05,0.711845
2004-10-06,0.713419
2004-10-07,0.720773
2004-10-08,0.721033
2004-10-09,0.721033
2004-10-10,0.7227
2004-10-11,0.72197
2004-10-12,0.722074
2004-10-13,0.724795
2004-10-14,0.727431
2004-10-15,0.72759
2004-10-16,0.72759
2004-10-17,0.733245
2004-10-18,0.736757
2004-10-19,0.73303
2004-10-20,0.723014
2004-10-21,0.727114
2004-10-22,0.726058
2004-10-23,0.726058
2004-10-24,0.729182
2004-10-25,0.728863
2004-10-26,0.735727
2004-10-27,0.73303
2004-10-28,0.73346
2004-10-29,0.734268
2004-10-30,0.733568
2004-10-31,0.735943
2004-11-01,0.740192
2004-11-02,0.737083
2004-11-03,0.73346
2004-11-04,0.743992
2004-11-05,0.744269
2004-11-06,0.74228
2004-11-07,0.741125
2004-11-08,0.747887
2004-11-09,0.753012
2004-11-10,0.748223
2004-11-11,0.753012
2004-11-12,0.754375
2004-11-13,0.754375
2004-11-14,0.752615
2004-11-15,0.752729
2004-11-16,0.762544
2004-11-17,0.757978
2004-11-18,0.757576
2004-11-19,0.755572
2004-11-20,0.755572
2004-11-21,0.756716
2004-11-22,0.748503
2004-11-23,0.754318
2004-11-24,0.746938
2004-11-25,0.746102
2004-11-26,0.746714
2004-11-27,0.74499
2004-11-28,0.75188
2004-11-29,0.749681
2004-11-30,0.74239
2004-12-01,0.753409
2004-12-02,0.762951
2004-12-03,0.762486
2004-12-04,0.762369
2004-12-05,0.766284
2004-12-06,0.772201
2004-12-07,0.775555
2004-12-08,0.793588
2004-12-09,0.795608
2004-12-10,0.795482
2004-12-11,0.795482
2004-12-12,0.789391
2004-12-13,0.787402
2004-12-14,0.781067
2004-12-15,0.779059
2004-12-16,0.776337
2004-12-17,0.773395
2004-12-18,0.773395
2004-12-19,0.77682
2004-12-20,0.767165
2004-12-21,0.771843
2004-12-22,0.777122
2004-12-23,0.777122
2004-12-24,0.77918
2004-12-25,0.77918
2004-12-26,0.771962
2004-12-27,0.761151
2004-12-28,0.762137
2004-12-29,0.761151
2004-12-30,0.749625
2004-12-31,0.749625
2005-01-01,0.750244
2005-01-02,0.744214
2005-01-03,0.744325
2005-01-04,0.755494
2005-01-05,0.755744
2005-01-06,0.762195
2005-01-07,0.762602
2005-01-08,0.762602
2005-01-09,0.759129
2005-01-10,0.761615
2005-01-11,0.747496
2005-01-12,0.745712
2005-01-13,0.747775
2005-01-14,0.748111
2005-01-15,0.748111
2005-01-16,0.754774
2005-01-17,0.752842
2005-01-18,0.744435
2005-01-19,0.73616
2005-01-20,0.735727
2005-01-21,0.736106
2005-01-22,0.736106
2005-01-23,0.74217
2005-01-24,0.743826
2005-01-25,0.742942
2005-01-26,0.748727
2005-01-27,0.748727
2005-01-28,0.749064
2005-01-29,0.749064
2005-01-30,0.747887
2005-01-31,0.75523
2005-02-01,0.764877
2005-02-02,0.768403
2005-02-03,0.778634
2005-02-04,0.779606
2005-02-05,0.779606
2005-02-06,0.776096
2005-02-07,0.767224
2005-02-08,0.761673
2005-02-09,0.758093
2005-02-10,0.758495
2005-02-11,0.759821
2005-02-12,0.757576
2005-02-13,0.762137
2005-02-14,0.760052
2005-02-15,0.759301
2005-02-16,0.769231
2005-02-17,0.768226
2005-02-18,0.76693
2005-02-19,0.767695
2005-02-20,0.773455
2005-02-21,0.770179
2005-02-22,0.771724
2005-02-23,0.755972
2005-02-24,0.757691
2005-02-25,0.757805
2005-02-26,0.757805
2005-02-27,0.763884
2005-02-28,0.76365
2005-03-01,0.766049
2005-03-02,0.771188
2005-03-03,0.772857
2005-03-04,0.772201
2005-03-05,0.772201
2005-03-06,0.772559
2005-03-07,0.780214
2005-03-08,0.779788
2005-03-09,0.772917
2005-03-10,0.76864
2005-03-11,0.76858
2005-03-12,0.76858
2005-03-13,0.770179
2005-03-14,0.777484
2005-03-15,0.771426
2005-03-16,0.76746
2005-03-17,0.759071
2005-03-18,0.760167
2005-03-19,0.760167
2005-03-20,0.75643
2005-03-21,0.752106
2005-03-22,0.751767
2005-03-23,0.75884
2005-03-24,0.762777
2005-03-25,0.763359
2005-03-26,0.763359
2005-03-27,0.761035
2005-03-28,0.748335
2005-03-29,0.745657
2005-03-30,0.747384
2005-03-31,0.751145
2005-04-01,0.751145
2005-04-02,0.750807
2005-04-03,0.751428
2005-04-04,0.750694
2005-04-05,0.74239
2005-04-06,0.740302
2005-04-07,0.736377
2005-04-08,0.738662
2005-04-09,0.736594
2005-04-10,0.735835
2005-04-11,0.740412
2005-04-12,0.739262
2005-04-13,0.735294
2005-04-14,0.744879
2005-04-15,0.738007
2005-04-16,0.731422
2005-04-17,0.72998
2005-04-18,0.718391
2005-04-19,0.730407
2005-04-20,0.730407
2005-04-21,0.730407
2005-04-22,0.73346
2005-04-23,0.740521
2005-04-24,0.74173
2005-04-25,0.749963
2005-04-26,0.749963
2005-04-27,0.749963
2005-04-28,0.749963
2005-04-29,0.754205
2005-04-30,0.755344
2005-05-01,0.763475
2005-05-02,0.764234
2005-05-03,0.765755
2005-05-04,0.767695
2005-05-05,0.766989
2005-05-06,0.766342
2005-05-07,0.769053
2005-05-08,0.778634
2005-05-09,0.776699
2005-05-10,0.782411
2005-05-11,0.783085
2005-05-12,0.783085
2005-05-13,0.781067
2005-05-14,0.785731
2005-05-15,0.788333
2005-05-16,0.792707
2005-05-17,0.798148
2005-05-18,0.799552
2005-05-19,0.797067
2005-05-20,0.789079
2005-05-21,0.788022
2005-05-22,0.795229
2005-05-23,0.801989
2005-05-24,0.801475
2005-05-25,0.80186
2005-05-26,0.802053
2005-05-27,0.799488
2005-05-28,0.805218
2005-05-29,0.805348
2005-05-30,0.799361
2005-05-31,0.808407
2005-06-01,0.807103
2005-06-02,0.807103
2005-06-03,0.808865
2005-06-04,0.800512
2005-06-05,0.790826
2005-06-06,0.785484
2005-06-07,0.793021
2005-06-08,0.795292
2005-06-09,0.795292
2005-06-10,0.793462
2005-06-11,0.792267
2005-06-12,0.788333
2005-06-13,0.797957
2005-06-14,0.786906
2005-06-15,0.787154
2005-06-16,0.785176
2005-06-17,0.78284
2005-06-18,0.782473
2005-06-19,0.788333
2005-06-20,0.78964
2005-06-21,0.799041
2005-06-22,0.793399
2005-06-23,0.793399
2005-06-24,0.789889
2005-06-25,0.796495
2005-06-26,0.797957
2005-06-27,0.809717
2005-06-28,0.817394
2005-06-29,0.818599
2005-06-30,0.818599
2005-07-01,0.817394
2005-07-02,0.823316
2005-07-03,0.820816
2005-07-04,0.816393
2005-07-05,0.817528
2005-07-06,0.815794
2005-07-07,0.815262
2005-07-08,0.814266
2005-07-09,0.821423
2005-07-10,0.816127
2005-07-11,0.827198
2005-07-12,0.822436
2005-07-13,0.823588
2005-07-14,0.823588
2005-07-15,0.813008
2005-07-16,0.819269
2005-07-17,0.806127
2005-07-18,0.801218
2005-07-19,0.810898
2005-07-20,0.810504
2005-07-21,0.810504
2005-07-22,0.809389
2005-07-23,0.811688
2005-07-24,0.817929
2005-07-25,0.81011
2005-07-26,0.81182
2005-07-27,0.811886
2005-07-28,0.811886
2005-07-29,0.804829
2005-07-30,0.810504
2005-07-31,0.823181
2005-08-01,0.826583
2005-08-02,0.828226
2005-08-03,0.827061
2005-08-04,0.827061
2005-08-05,0.8296
2005-08-06,0.828157
2005-08-07,0.826856
2005-08-08,0.830979
2005-08-09,0.834446
2005-08-10,0.837802
2005-08-11,0.833264
2005-08-12,0.829669
2005-08-13,0.819605
2005-08-14,0.83682
2005-08-15,0.84317
2005-08-16,0.845094
2005-08-17,0.843597
2005-08-18,0.843597
2005-08-19,0.843811
2005-08-20,0.856238
2005-08-21,0.855798
2005-08-22,0.863334
2005-08-23,0.865127
2005-08-24,0.864678
2005-08-25,0.864379
2005-08-26,0.866176
2005-08-27,0.87146
2005-08-28,0.870019
2005-08-29,0.871536
2005-08-30,0.877501
2005-08-31,0.87727
2005-09-01,0.87727
2005-09-02,0.874355
2005-09-03,0.869036
2005-09-04,0.863856
2005-09-05,0.843811
2005-09-06,0.845237
2005-09-07,0.83167
2005-09-08,0.83167
2005-09-09,0.830358
2005-09-10,0.816193
2005-09-11,0.817661
2005-09-12,0.824742
2005-09-13,0.833611
2005-09-14,0.831393
2005-09-15,0.831393
2005-09-16,0.829738
2005-09-17,0.8351
2005-09-18,0.837381
2005-09-19,0.81974
2005-09-20,0.820681
2005-09-21,0.823995
2005-09-22,0.823995
2005-09-23,0.825083
2005-09-24,0.832362
2005-09-25,0.827198
2005-09-26,0.829738
2005-09-27,0.840195
2005-09-28,0.839842
2005-09-29,0.843668
2005-09-30,0.851209
2005-10-01,0.85162
2005-10-02,0.84674
2005-10-03,0.831947
2005-10-04,0.831808
2005-10-05,0.832362
2005-10-06,0.822301
2005-10-07,0.818465
2005-10-08,0.825627
2005-10-09,0.822301
2005-10-10,0.830979
2005-10-11,0.819807
2005-10-12,0.816127
2005-10-13,0.778028
2005-10-14,0.778816
2005-10-15,0.772618
2005-10-16,0.793903
2005-10-17,0.778634
2005-10-18,0.76746
2005-10-19,0.759013
2005-10-20,0.762486
2005-10-21,0.766754
2005-10-22,0.76929
2005-10-23,0.78456
2005-10-24,0.780457
2005-10-25,0.798148
2005-10-26,0.791703
2005-10-27,0.796369
2005-10-28,0.794786
2005-10-29,0.793336
2005-10-30,0.801603
2005-10-31,0.797194
2005-11-01,0.79277
2005-11-02,0.821693
2005-11-03,0.810898
2005-11-04,0.793462
2005-11-05,0.788955
2005-11-06,0.791766
2005-11-07,0.791515
2005-11-08,0.795229
2005-11-09,0.79466
2005-11-10,0.785762
2005-11-11,0.776398
2005-11-12,0.786411
2005-11-13,0.778634
2005-11-14,0.76864
2005-11-15,0.768699
2005-11-16,0.761905
2005-11-17,0.757031
2005-11-18,0.756487
2005-11-19,0.747105
2005-11-20,0.745629
2005-11-21,0.740357
2005-11-22,0.741565
2005-11-23,0.741785
2005-11-24,0.755059
2005-11-25,0.762253
2005-11-26,0.776759
2005-11-27,0.777152
2005-11-28,0.777363
2005-11-29,0.78183
2005-11-30,0.778513
2005-12-01,0.773485
2005-12-02,0.773156
2005-12-03,0.773395
2005-12-04,0.773395
2005-12-05,0.762021
2005-12-06,0.763534
2005-12-07,0.751174
2005-12-08,0.75392
2005-12-09,0.763009
2005-12-10,0.75706
2005-12-11,0.769112
2005-12-12,0.767401
2005-12-13,0.774893
2005-12-14,0.773814
2005-12-15,0.773994
2005-12-16,0.772022
2005-12-17,0.769172
2005-12-18,0.77006
2005-12-19,0.780457
2005-12-20,0.777484
2005-12-21,0.777484
2005-12-22,0.778816
2005-12-23,0.789889
2005-12-24,0.781616
2005-12-25,0.781433
2005-12-26,0.785176
2005-12-27,0.794976
2005-12-28,0.794597
2005-12-29,0.792456
2005-12-30,0.792519
2005-12-31,0.793588
2006-01-01,0.800064
2006-01-02,0.805088
2006-01-03,0.810636
2006-01-04,0.809323
2006-01-05,0.805088
2006-01-06,0.821558
2006-01-07,0.823723
2006-01-08,0.819236
2006-01-09,0.824674
2006-01-10,0.834585
2006-01-11,0.835143
2006-01-12,0.83619
2006-01-13,0.835946
2006-01-14,0.833611
2006-01-15,0.83612
2006-01-16,0.833889
2006-01-17,0.83647
2006-01-18,0.8285
2006-01-19,0.826583
2006-01-20,0.835213
2006-01-21,0.832085
2006-01-22,0.837802
2006-01-23,0.831117
2006-01-24,0.832293
2006-01-25,0.840089
2006-01-26,0.83668
2006-01-27,0.829463
2006-01-28,0.833403
2006-01-29,0.83647
2006-01-30,0.835701
2006-01-31,0.840477
2006-02-01,0.837591
2006-02-02,0.840124
2006-02-03,0.840054
2006-02-04,0.83091
2006-02-05,0.828947
2006-02-06,0.821828
2006-02-07,0.810767
2006-02-08,0.819739
2006-02-09,0.824063
2006-02-10,0.82149
2006-02-11,0.821355
2006-02-12,0.821355
2006-02-13,0.816793
2006-02-14,0.821828
2006-02-15,0.809192
2006-02-16,0.819605
2006-02-17,0.825014
2006-02-18,0.824402
2006-02-19,0.824402
2006-02-20,0.826583
2006-02-21,0.817528
2006-02-22,0.814399
2006-02-23,0.808767
2006-02-24,0.817127
2006-02-25,0.819437
2006-02-26,0.819437
2006-02-27,0.820917
2006-02-28,0.821625
2006-03-01,0.81626
2006-03-02,0.813603
2006-03-03,0.820883
2006-03-04,0.818465
2006-03-05,0.82464
2006-03-06,0.823452
2006-03-07,0.81473
2006-03-08,0.816327
2006-03-09,0.819403
2006-03-10,0.81606
2006-03-11,0.81606
2006-03-12,0.82291
2006-03-13,0.814531
2006-03-14,0.818264
2006-03-15,0.827061
2006-03-16,0.824334
2006-03-17,0.823045
2006-03-18,0.823045
2006-03-19,0.821018
2006-03-20,0.822504
2006-03-21,0.816127
2006-03-22,0.81314
2006-03-23,0.817595
2006-03-24,0.811162
2006-03-25,0.813074
2006-03-26,0.814133
2006-03-27,0.822504
2006-03-28,0.817127
2006-03-29,0.815129
2006-03-30,0.80952
2006-03-31,0.799233
2006-04-01,0.794849
2006-04-02,0.795735
2006-04-03,0.795672
2006-04-04,0.788146
2006-04-05,0.786473
2006-04-06,0.786658
2006-04-07,0.785608
2006-04-08,0.779423
2006-04-09,0.770921
2006-04-10,0.765111
2006-04-11,0.767224
2006-04-12,0.752729
2006-04-13,0.756716
2006-04-14,0.756716
2006-04-15,0.762021
2006-04-16,0.75815
2006-04-17,0.749344
2006-04-18,0.750751
2006-04-19,0.755401
2006-04-20,0.75375
2006-04-21,0.760861
2006-04-22,0.760803
2006-04-23,0.755116
2006-04-24,0.753807
2006-04-25,0.752955
2006-04-26,0.754262
2006-04-27,0.755658
2006-04-28,0.755344
2006-04-29,0.768344
2006-04-30,0.77098
2006-05-01,0.76929
2006-05-02,0.772618
2006-05-03,0.775675
2006-05-04,0.779545
2006-05-05,0.77991
2006-05-06,0.787836
2006-05-07,0.791515
2006-05-08,0.797957
2006-05-09,0.795862
2006-05-10,0.788581
2006-05-11,0.791264
2006-05-12,0.790576
2006-05-13,0.790576
2006-05-14,0.786596
2006-05-15,0.791327
2006-05-16,0.791202
2006-05-17,0.784929
2006-05-18,0.802504
2006-05-19,0.801475
2006-05-20,0.801475
2006-05-21,0.8036
2006-05-22,0.804376
2006-05-23,0.804441
2006-05-24,0.803988
2006-05-25,0.796749
2006-05-26,0.797957
2006-05-27,0.796622
2006-05-28,0.795545
2006-05-29,0.798531
2006-05-30,0.790202
2006-05-31,0.794786
2006-06-01,0.797067
2006-06-02,0.797703
2006-06-03,0.800064
2006-06-04,0.802439
2006-06-05,0.798786
2006-06-06,0.799744
2006-06-07,0.799744
2006-06-08,0.788457
2006-06-09,0.785299
2006-06-10,0.790077
2006-06-11,0.80186
2006-06-12,0.809717
2006-06-13,0.808407
2006-06-14,0.810504
2006-06-15,0.813008
2006-06-16,0.808407
2006-06-17,0.818264
2006-06-18,0.819001
2006-06-19,0.819001
2006-06-20,0.821153
2006-06-21,0.816127
2006-06-22,0.815328
2006-06-23,0.811162
2006-06-24,0.81215
2006-06-25,0.808538
2006-06-26,0.805802
2006-06-27,0.806712
2006-06-28,0.81103
2006-06-29,0.807233
2006-06-30,0.807624
2006-07-01,0.807624
2006-07-02,0.809061
2006-07-03,0.810964
2006-07-04,0.808865
2006-07-05,0.814001
2006-07-06,0.811952
2006-07-07,0.809454
2006-07-08,0.804117
2006-07-09,0.802826
2006-07-10,0.798276
2006-07-11,0.803084
2006-07-12,0.803729
2006-07-13,0.797575
2006-07-14,0.793462
2006-07-15,0.79447
2006-07-16,0.802761
2006-07-17,0.812018
2006-07-18,0.809389
2006-07-19,0.818666
2006-07-20,0.819471
2006-07-21,0.829325
2006-07-22,0.829119
2006-07-23,0.825832
2006-07-24,0.826925
2006-07-25,0.827883
2006-07-26,0.827541
2006-07-27,0.830634
2006-07-28,0.820075
2006-07-29,0.825627
2006-07-30,0.823859
2006-07-31,0.831808
2006-08-01,0.830392
2006-08-02,0.829187
2006-08-03,0.827883
2006-08-04,0.819135
2006-08-05,0.822639
2006-08-06,0.818733
2006-08-07,0.818063
2006-08-08,0.821288
2006-08-09,0.816927
2006-08-10,0.815461
2006-08-11,0.8188
2006-08-12,0.816993
2006-08-13,0.81686
2006-08-14,0.81686
2006-08-15,0.819001
2006-08-16,0.813603
2006-08-17,0.822301
2006-08-18,0.821693
2006-08-19,0.816593
2006-08-20,0.815927
2006-08-21,0.816593
2006-08-22,0.811688
2006-08-23,0.817127
2006-08-24,0.821625
2006-08-25,0.82149
2006-08-26,0.818867
2006-08-27,0.820749
2006-08-28,0.821828
2006-08-29,0.827404
2006-08-30,0.82631
2006-08-31,0.825287
2006-09-01,0.82481
2006-09-02,0.827678
2006-09-03,0.8259
2006-09-04,0.816793
2006-09-05,0.814399
2006-09-06,0.814067
2006-09-07,0.817394
2006-09-08,0.819471
2006-09-09,0.811293
2006-09-10,0.809389
2006-09-11,0.808571
2006-09-12,0.812546
2006-09-13,0.81813
2006-09-14,0.814797
2006-09-15,0.811754
2006-09-16,0.81493
2006-09-17,0.823859
2006-09-18,0.824029
2006-09-19,0.821895
2006-09-20,0.821052
2006-09-21,0.82291
2006-09-22,0.821625
2006-09-23,0.819706
2006-09-24,0.820143
2006-09-25,0.820143
2006-09-26,0.821659
2006-09-27,0.824436
2006-09-28,0.824674
2006-09-29,0.832709
2006-09-30,0.832882
2006-10-01,0.832535
2006-10-02,0.832535
2006-10-03,0.834168
2006-10-04,0.837872
2006-10-05,0.843846
2006-10-06,0.844096
2006-10-07,0.846346
2006-10-08,0.846346
2006-10-09,0.844238
2006-10-10,0.842212
2006-10-11,0.83675
2006-10-12,0.833229
2006-10-13,0.824368
2006-10-14,0.82352
2006-10-15,0.822571
2006-10-16,0.821558
2006-10-17,0.815894
2006-10-18,0.817361
2006-10-19,0.820883
2006-10-20,0.81984
2006-10-21,0.826856
2006-10-22,0.827369
2006-10-23,0.833854
2006-10-24,0.832258
2006-10-25,0.828844
2006-10-26,0.831843
2006-10-27,0.831843
2006-10-28,0.835143
2006-10-29,0.834376
2006-10-30,0.83956
2006-10-31,0.842212
2006-11-01,0.837311
2006-11-02,0.836645
2006-11-03,0.836645
2006-11-04,0.839701
2006-11-05,0.839137
2006-11-06,0.841043
2006-11-07,0.841008
2006-11-08,0.834829
2006-11-09,0.837135
2006-11-10,0.837135
2006-11-11,0.836645
2006-11-12,0.839772
2006-11-13,0.842851
2006-11-14,0.838891
2006-11-15,0.837416
2006-11-16,0.837276
2006-11-17,0.837276
2006-11-18,0.830875
2006-11-19,0.837521
2006-11-20,0.831497
2006-11-21,0.839137
2006-11-22,0.846776
2006-11-23,0.845309
2006-11-24,0.84513
2006-11-25,0.845916
2006-11-26,0.844309
2006-11-27,0.842673
2006-11-28,0.830392
2006-11-29,0.835178
2006-11-30,0.836225
2006-12-01,0.836225
2006-12-02,0.8371
2006-12-03,0.84207
2006-12-04,0.840407
2006-12-05,0.847099
2006-12-06,0.84563
2006-12-07,0.845166
2006-12-08,0.844916
2006-12-09,0.845309
2006-12-10,0.848284
2006-12-11,0.8364
2006-12-12,0.834864
2006-12-13,0.838223
2006-12-14,0.837977
2006-12-15,0.837977
2006-12-16,0.838399
2006-12-17,0.8243
2006-12-18,0.823316
2006-12-19,0.828672
2006-12-20,0.824606
2006-12-21,0.825151
2006-12-22,0.822774
2006-12-23,0.829738
2006-12-24,0.830599
2006-12-25,0.827096
2006-12-26,0.819672
2006-12-27,0.821794
2006-12-28,0.822064
2006-12-29,0.825423
2006-12-30,0.825219
2006-12-31,0.825593
2007-01-01,0.822571
2007-01-02,0.827198
2007-01-03,0.827438
2007-01-04,0.827438
2007-01-05,0.825866
2007-01-06,0.823791
2007-01-07,0.822571
2007-01-08,0.831878
2007-01-09,0.83462
2007-01-10,0.836225
2007-01-11,0.836225
2007-01-12,0.83462
2007-01-13,0.837381
2007-01-14,0.835981
2007-01-15,0.836715
2007-01-16,0.836225
2007-01-17,0.837205
2007-01-18,0.837205
2007-01-19,0.838434
2007-01-20,0.841999
2007-01-21,0.843811
2007-01-22,0.838153
2007-01-23,0.842957
2007-01-24,0.840619
2007-01-25,0.843064
2007-01-26,0.845952
2007-01-27,0.852115
2007-01-28,0.856788
2007-01-29,0.86326
2007-01-30,0.858001
2007-01-31,0.858922
2007-02-01,0.858848
2007-02-02,0.845666
2007-02-03,0.850593
2007-02-04,0.843917
2007-02-05,0.842495
2007-02-06,0.843526
2007-02-07,0.841928
2007-02-08,0.841751
2007-02-09,0.840795
2007-02-10,0.840407
2007-02-11,0.845988
2007-02-12,0.852515
2007-02-13,0.849005
2007-02-14,0.847925
2007-02-15,0.847925
2007-02-16,0.856751
2007-02-17,0.856898
2007-02-18,0.849618
2007-02-19,0.849654
2007-02-20,0.853898
2007-02-21,0.853279
2007-02-22,0.853279
2007-02-23,0.851644
2007-02-24,0.845309
2007-02-25,0.838785
2007-02-26,0.843241
2007-02-27,0.831221
2007-02-28,0.830254
2007-03-01,0.830254
2007-03-02,0.823757
2007-03-03,0.819706
2007-03-04,0.821895
2007-03-05,0.818398
2007-03-06,0.807461
2007-03-07,0.806354
2007-03-08,0.806354
2007-03-09,0.81626
2007-03-10,0.817595
2007-03-11,0.807657
2007-03-12,0.814332
2007-03-13,0.808309
2007-03-14,0.809848
2007-03-15,0.809848
2007-03-16,0.808407
2007-03-17,0.809029
2007-03-18,0.812381
2007-03-19,0.808211
2007-03-20,0.796242
2007-03-21,0.810701
2007-03-22,0.797416
2007-03-23,0.793588
2007-03-24,0.802343
2007-03-25,0.787247
2007-03-26,0.788768
2007-03-27,0.788768
2007-03-28,0.789858
2007-03-29,0.785793
2007-03-30,0.798244
2007-03-31,0.804182
2007-04-01,0.805445
2007-04-02,0.805056
2007-04-03,0.805056
2007-04-04,0.799456
2007-04-05,0.800833
2007-04-06,0.804182
2007-04-07,0.774054
2007-04-08,0.775104
2007-04-09,0.775795
2007-04-10,0.773994
2007-04-11,0.778665
2007-04-12,0.778938
2007-04-13,0.773694
2007-04-14,0.774353
2007-04-15,0.774353
2007-04-16,0.781158
2007-04-17,0.774893
2007-04-18,0.777091
2007-04-19,0.784037
2007-04-20,0.769675
2007-04-21,0.770951
2007-04-22,0.770951
2007-04-23,0.780183
2007-04-24,0.786102
2007-04-25,0.780457
2007-04-26,0.779484
2007-04-27,0.778119
2007-04-28,0.777968
2007-04-29,0.777968
2007-04-30,0.780671
2007-05-01,0.788675
2007-05-02,0.789952
2007-05-03,0.790014
2007-05-04,0.794092
2007-05-05,0.793273
2007-05-06,0.793273
2007-05-07,0.796432
2007-05-08,0.799424
2007-05-09,0.79186
2007-05-10,0.807559
2007-05-11,0.808375
2007-05-12,0.808669
2007-05-13,0.808669
2007-05-14,0.801603
2007-05-15,0.796972
2007-05-16,0.796147
2007-05-17,0.788208
2007-05-18,0.784806
2007-05-19,0.783331
2007-05-20,0.783331
2007-05-21,0.780122
2007-05-22,0.790701
2007-05-23,0.796686
2007-05-24,0.802858
2007-05-25,0.803859
2007-05-26,0.803859
2007-05-27,0.803859
2007-05-28,0.801507
2007-05-29,0.795355
2007-05-30,0.803213
2007-05-31,0.80694
2007-06-01,0.809487
2007-06-02,0.810307
2007-06-03,0.810143
2007-06-04,0.807005
2007-06-05,0.798085
2007-06-06,0.789484
2007-06-07,0.784652
2007-06-08,0.781403
2007-06-09,0.780244
2007-06-10,0.780244
2007-06-11,0.784745
2007-06-12,0.778847
2007-06-13,0.779606
2007-06-14,0.777333
2007-06-15,0.773754
2007-06-16,0.772618
2007-06-17,0.772738
2007-06-18,0.781036
2007-06-19,0.778695
2007-06-20,0.791014
2007-06-21,0.788395
2007-06-22,0.80016
2007-06-23,0.800064
2007-06-24,0.800064
2007-06-25,0.802633
2007-06-26,0.806647
2007-06-27,0.808669
2007-06-28,0.814465
2007-06-29,0.814531
2007-06-30,0.813041
2007-07-01,0.813041
2007-07-02,0.81716
2007-07-03,0.824097
2007-07-04,0.823825
2007-07-05,0.835631
2007-07-06,0.838574
2007-07-07,0.83675
2007-07-08,0.83675
2007-07-09,0.837907
2007-07-10,0.829153
2007-07-11,0.824844
2007-07-12,0.827301
2007-07-13,0.827404
2007-07-14,0.827952
2007-07-15,0.827849
2007-07-16,0.831808
2007-07-17,0.827198
2007-07-18,0.82672
2007-07-19,0.830082
2007-07-20,0.832743
2007-07-21,0.831635
2007-07-22,0.831635
2007-07-23,0.832952
2007-07-24,0.829325
2007-07-25,0.828981
2007-07-26,0.829256
2007-07-27,0.832743
2007-07-28,0.832258
2007-07-29,0.832258
2007-07-30,0.83661
2007-07-31,0.836645
2007-08-01,0.841468
2007-08-02,0.850847
2007-08-03,0.849545
2007-08-04,0.850232
2007-08-05,0.850232
2007-08-06,0.846704
2007-08-07,0.851716
2007-08-08,0.838188
2007-08-09,0.834934
2007-08-10,0.828157
2007-08-11,0.827952
2007-08-12,0.827952
2007-08-13,0.82905
2007-08-14,0.824674
2007-08-15,0.825866
2007-08-16,0.82631
2007-08-17,0.822842
2007-08-18,0.826856
2007-08-19,0.826856
2007-08-20,0.828363
2007-08-21,0.830151
2007-08-22,0.838504
2007-08-23,0.833959
2007-08-24,0.825014
2007-08-25,0.825287
2007-08-26,0.824742
2007-08-27,0.823418
2007-08-28,0.821963
2007-08-29,0.825968
2007-08-30,0.827952
2007-08-31,0.832466
2007-09-01,0.832952
2007-09-02,0.834272
2007-09-03,0.83689
2007-09-04,0.83375
2007-09-05,0.829703
2007-09-06,0.820883
2007-09-07,0.816593
2007-09-08,0.819538
2007-09-09,0.819538
2007-09-10,0.818599
2007-09-11,0.819236
2007-09-12,0.813074
2007-09-13,0.811754
2007-09-14,0.815328
2007-09-15,0.813041
2007-09-16,0.813041
2007-09-17,0.818297
2007-09-18,0.82464
2007-09-19,0.817261
2007-09-20,0.820647
2007-09-21,0.827335
2007-09-22,0.828466
2007-09-23,0.828466
2007-09-24,0.826856
2007-09-25,0.831843
2007-09-26,0.82247
2007-09-27,0.823452
2007-09-28,0.8259
2007-09-29,0.826754
2007-09-30,0.826754
2007-10-01,0.826549
2007-10-02,0.824606
2007-10-03,0.822538
2007-10-04,0.817461
2007-10-05,0.821355
2007-10-06,0.820951
2007-10-07,0.820951
2007-10-08,0.82122
2007-10-09,0.818565
2007-10-10,0.818331
2007-10-11,0.81576
2007-10-12,0.81813
2007-10-13,0.814764
2007-10-14,0.814764
2007-10-15,0.821288
2007-10-16,0.823249
2007-10-17,0.822233
2007-10-18,0.820244
2007-10-19,0.829531
2007-10-20,0.827438
2007-10-21,0.827438
2007-10-22,0.828535
2007-10-23,0.828432
2007-10-24,0.828569
2007-10-25,0.825014
2007-10-26,0.828706
2007-10-27,0.830461
2007-10-28,0.830461
2007-10-29,0.83605
2007-10-30,0.839208
2007-10-31,0.834794
2007-11-01,0.832154
2007-11-02,0.826276
2007-11-03,0.825934
2007-11-04,0.825934
2007-11-05,0.826241
2007-11-06,0.831635
2007-11-07,0.830979
2007-11-08,0.832154
2007-11-09,0.824844
2007-11-10,0.821355
2007-11-11,0.821355
2007-11-12,0.823486
2007-11-13,0.825355
2007-11-14,0.827609
2007-11-15,0.814034
2007-11-16,0.808931
2007-11-17,0.808669
2007-11-18,0.808669
2007-11-19,0.810931
2007-11-20,0.819336
2007-11-21,0.820378
2007-11-22,0.82713
2007-11-23,0.828054
2007-11-24,0.829635
2007-11-25,0.829635
2007-11-26,0.827438
2007-11-27,0.833681
2007-11-28,0.831739
2007-11-29,0.83375
2007-11-30,0.836575
2007-12-01,0.836925
2007-12-02,0.836925
2007-12-03,0.83605
2007-12-04,0.830806
2007-12-05,0.83091
2007-12-06,0.828603
2007-12-07,0.82802
2007-12-08,0.828157
2007-12-09,0.828157
2007-12-10,0.83382
2007-12-11,0.833542
2007-12-12,0.829256
2007-12-13,0.837661
2007-12-14,0.838926
2007-12-15,0.838328
2007-12-16,0.838328
2007-12-17,0.836575
2007-12-18,0.837802
2007-12-19,0.841928
2007-12-20,0.848644
2007-12-21,0.845666
2007-12-22,0.846848
2007-12-23,0.846848
2007-12-24,0.84631
2007-12-25,0.847889
2007-12-26,0.848896
2007-12-27,0.856678
2007-12-28,0.853825
2007-12-29,0.854664
2007-12-30,0.854664
2007-12-31,0.857412
2008-01-01,0.863558
2008-01-02,0.86285
2008-01-03,0.854372
2008-01-04,0.854701
2008-01-05,0.853643
2008-01-06,0.853643
2008-01-07,0.854117
2008-01-08,0.856091
2008-01-09,0.860067
2008-01-10,0.86734
2008-01-11,0.865202
2008-01-12,0.866138
2008-01-13,0.866138
2008-01-14,0.867528
2008-01-15,0.865576
2008-01-16,0.855688
2008-01-17,0.853752
2008-01-18,0.857927
2008-01-19,0.859956
2008-01-20,0.859956
2008-01-21,0.859734
2008-01-22,0.867453
2008-01-23,0.865164
2008-01-24,0.869679
2008-01-25,0.868093
2008-01-26,0.86915
2008-01-27,0.86915
2008-01-28,0.867679
2008-01-29,0.863819
2008-01-30,0.861772
2008-01-31,0.857817
2008-02-01,0.857412
2008-02-02,0.857155
2008-02-03,0.857155
2008-02-04,0.855761
2008-02-05,0.859919
2008-02-06,0.858222
2008-02-07,0.856311
2008-02-08,0.858222
2008-02-09,0.857596
2008-02-10,0.857964
2008-02-11,0.85317
2008-02-12,0.855542
2008-02-13,0.860919
2008-02-14,0.862664
2008-02-15,0.866664
2008-02-16,0.866439
2008-02-17,0.866852
2008-02-18,0.868357
2008-02-19,0.876501
2008-02-20,0.867754
2008-02-21,0.865202
2008-02-22,0.861289
2008-02-23,0.861364
2008-02-24,0.861364
2008-02-25,0.86218
2008-02-26,0.863558
2008-02-27,0.866889
2008-02-28,0.863894
2008-02-29,0.863371
2008-03-01,0.862589
2008-03-02,0.862776
2008-03-03,0.863036
2008-03-04,0.856348
2008-03-05,0.855103
2008-03-06,0.855578
2008-03-07,0.855066
2008-03-08,0.85492
2008-03-09,0.854153
2008-03-10,0.855359
2008-03-11,0.853352
2008-03-12,0.848608
2008-03-13,0.846024
2008-03-14,0.849329
2008-03-15,0.849618
2008-03-16,0.849618
2008-03-17,0.845059
2008-03-18,0.842637
2008-03-19,0.841361
2008-03-20,0.850557
2008-03-21,0.850123
2008-03-22,0.850051
2008-03-23,0.850051
2008-03-24,0.84886
2008-03-25,0.8511
2008-03-26,0.855871
2008-03-27,0.867905
2008-03-28,0.866476
2008-03-29,0.866363
2008-03-30,0.866363
2008-03-31,0.867227
2008-04-01,0.865014
2008-04-02,0.868432
2008-04-03,0.870777
2008-04-04,0.869641
2008-04-05,0.869754
2008-04-06,0.869754
2008-04-07,0.87108
2008-04-08,0.868697
2008-04-09,0.873248
2008-04-10,0.876962
2008-04-11,0.87677
2008-04-12,0.877732
2008-04-13,0.877732
2008-04-14,0.875197
2008-04-15,0.878002
2008-04-16,0.876539
2008-04-17,0.875388
2008-04-18,0.874317
2008-04-19,0.873935
2008-04-20,0.873935
2008-04-21,0.876463
2008-04-22,0.879121
2008-04-23,0.880049
2008-04-24,0.882379
2008-04-25,0.881057
2008-04-26,0.881057
2008-04-27,0.881057
2008-04-28,0.879701
2008-04-29,0.876463
2008-04-30,0.870928
2008-05-01,0.869981
2008-05-02,0.868923
2008-05-03,0.868998
2008-05-04,0.869943
2008-05-05,0.868998
2008-05-06,0.866401
2008-05-07,0.868583
2008-05-08,0.858406
2008-05-09,0.855139
2008-05-10,0.855322
2008-05-11,0.855322
2008-05-12,0.854847
2008-05-13,0.850376
2008-05-14,0.84832
2008-05-15,0.849473
2008-05-16,0.851209
2008-05-17,0.851825
2008-05-18,0.851825
2008-05-19,0.852551
2008-05-20,0.846059
2008-05-21,0.847458
2008-05-22,0.84832
2008-05-23,0.846883
2008-05-24,0.846167
2008-05-25,0.846274
2008-05-26,0.845845
2008-05-27,0.843668
2008-05-28,0.846131
2008-05-29,0.848284
2008-05-30,0.848644
2008-05-31,0.849401
2008-06-01,0.848572
2008-06-02,0.847673
2008-06-03,0.843028
2008-06-04,0.840654
2008-06-05,0.84076
2008-06-06,0.840089
2008-06-07,0.840937
2008-06-08,0.835003
2008-06-09,0.83257
2008-06-10,0.83724
2008-06-11,0.837556
2008-06-12,0.836155
2008-06-13,0.836225
2008-06-14,0.836225
2008-06-15,0.838047
2008-06-16,0.831255
2008-06-17,0.831947
2008-06-18,0.830944
2008-06-19,0.832709
2008-06-20,0.832917
2008-06-21,0.827575
2008-06-22,0.823282
2008-06-23,0.823995
2008-06-24,0.817862
2008-06-25,0.815508
2008-06-26,0.815508
2008-06-27,0.816395
2008-06-28,0.820105
2008-06-29,0.820105
2008-06-30,0.815694
2008-07-01,0.813438
2008-07-02,0.813008
2008-07-03,0.812942
2008-07-04,0.812942
2008-07-05,0.811359
2008-07-06,0.806452
2008-07-07,0.793556
2008-07-08,0.787092
2008-07-09,0.786658
2008-07-10,0.786751
2008-07-11,0.777273
2008-07-12,0.779029
2008-07-13,0.779849
2008-07-14,0.777015
2008-07-15,0.777015
2008-07-16,0.777015
2008-07-17,0.77984
2008-07-18,0.784625
2008-07-19,0.784625
2008-07-20,0.780762
2008-07-21,0.785793
2008-07-22,0.784375
2008-07-23,0.781739
2008-07-24,0.781739
2008-07-25,0.786875
2008-07-26,0.785731
2008-07-27,0.797194
2008-07-28,0.795862
2008-07-29,0.793179
2008-07-30,0.792142
2008-07-31,0.792142
2008-08-01,0.797099
2008-08-02,0.79713
2008-08-03,0.794218
2008-08-04,0.782228
2008-08-05,0.785268
2008-08-06,0.785546
2008-08-07,0.785546
2008-08-08,0.790202
2008-08-09,0.792739
2008-08-10,0.795071
2008-08-11,0.784806
2008-08-12,0.779302
2008-08-13,0.779089
2008-08-14,0.779089
2008-08-15,0.772947
2008-08-16,0.777454
2008-08-17,0.772738
2008-08-18,0.771873
2008-08-19,0.773545
2008-08-20,0.775164
2008-08-21,0.775164
2008-08-22,0.776669
2008-08-23,0.780244
2008-08-24,0.789733
2008-08-25,0.789983
2008-08-26,0.790576
2008-08-27,0.790952
2008-08-28,0.790952
2008-08-29,0.793714
2008-08-30,0.793934
2008-08-31,0.785947
2008-09-01,0.785268
2008-09-02,0.788364
2008-09-03,0.788457
2008-09-04,0.788457
2008-09-05,0.786133
2008-09-06,0.78064
2008-09-07,0.788022
2008-09-08,0.786565
2008-09-09,0.784037
2008-09-10,0.784314
2008-09-11,0.784314
2008-09-12,0.789141
2008-09-13,0.779757
2008-09-14,0.777726
2008-09-15,0.781158
2008-09-16,0.771933
2008-09-17,0.771159
2008-09-18,0.771159
2008-09-19,0.766342
2008-09-20,0.772022
2008-09-21,0.771099
2008-09-22,0.780244
2008-09-23,0.778059
2008-09-24,0.777756
2008-09-25,0.777756
2008-09-26,0.774863
2008-09-27,0.778816
2008-09-28,0.772648
2008-09-29,0.775314
2008-09-30,0.774653
2008-10-01,0.774803
2008-10-02,0.774803
2008-10-03,0.773904
2008-10-04,0.77104
2008-10-05,0.771873
2008-10-06,0.772917
2008-10-07,0.775976
2008-10-08,0.772857
2008-10-09,0.772857
2008-10-10,0.778998
2008-10-11,0.784468
2008-10-12,0.769882
2008-10-13,0.769882
2008-10-14,0.770268
2008-10-15,0.779545
2008-10-16,0.772529
2008-10-17,0.782656
2008-10-18,0.783147
2008-10-19,0.783392
2008-10-20,0.783392
2008-10-21,0.777122
2008-10-22,0.773365
2008-10-23,0.774114
2008-10-24,0.778907
2008-10-25,0.777847
2008-10-26,0.77915
2008-10-27,0.77915
2008-10-28,0.777393
2008-10-29,0.769349
2008-10-30,0.757146
2008-10-31,0.755687
2008-11-01,0.7473
2008-11-02,0.745684
2008-11-03,0.745684
2008-11-04,0.742363
2008-11-05,0.746018
2008-11-06,0.745796
2008-11-07,0.725716
2008-11-08,0.724743
2008-11-09,0.726137
2008-11-10,0.726137
2008-11-11,0.729341
2008-11-12,0.729341
2008-11-13,0.737246
2008-11-14,0.738253
2008-11-15,0.736947
2008-11-16,0.736675
2008-11-17,0.736675
2008-11-18,0.741482
2008-11-19,0.741043
2008-11-20,0.737708
2008-11-21,0.74744
2008-11-22,0.746687
2008-11-23,0.745601
2008-11-24,0.745573
2008-11-25,0.750694
2008-11-26,0.752049
2008-11-27,0.75253
2008-11-28,0.754233
2008-11-29,0.75304
2008-11-30,0.752474
2008-12-01,0.752474
2008-12-02,0.754489
2008-12-03,0.746659
2008-12-04,0.754432
2008-12-05,0.755316
2008-12-06,0.755601
2008-12-07,0.756086
2008-12-08,0.756086
2008-12-09,0.752049
2008-12-10,0.756888
2008-12-11,0.758208
2008-12-12,0.746352
2008-12-13,0.737137
2008-12-14,0.736241
2008-12-15,0.736241
2008-12-16,0.736675
2008-12-17,0.726296
2008-12-18,0.721501
2008-12-19,0.738062
2008-12-20,0.732789
2008-12-21,0.734835
2008-12-22,0.734835
2008-12-23,0.739946
2008-12-24,0.731368
2008-12-25,0.737599
2008-12-26,0.738716
2008-12-27,0.757031
2008-12-28,0.756659
2008-12-29,0.756659
2008-12-30,0.763271
2008-12-31,0.763592
2009-01-01,0.76147
2009-01-02,0.758898
2009-01-03,0.757203
2009-01-04,0.756659
2009-01-05,0.756659
2009-01-06,0.751625
2009-01-07,0.747524
2009-01-08,0.74744
2009-01-09,0.748503
2009-01-10,0.759619
2009-01-11,0.759157
2009-01-12,0.759157
2009-01-13,0.758236
2009-01-14,0.750948
2009-01-15,0.75663
2009-01-16,0.755059
2009-01-17,0.753665
2009-01-18,0.753324
2009-01-19,0.753324
2009-01-20,0.744048
2009-01-21,0.752842
2009-01-22,0.75933
2009-01-23,0.767872
2009-01-24,0.768433
2009-01-25,0.768344
2009-01-26,0.768344
2009-01-27,0.764614
2009-01-28,0.767902
2009-01-29,0.76743
2009-01-30,0.758581
2009-01-31,0.759561
2009-02-01,0.760109
2009-02-02,0.760109
2009-02-03,0.764526
2009-02-04,0.772768
2009-02-05,0.773575
2009-02-06,0.761934
2009-02-07,0.752984
2009-02-08,0.754148
2009-02-09,0.754148
2009-02-10,0.753324
2009-02-11,0.756544
2009-02-12,0.750554
2009-02-13,0.744352
2009-02-14,0.749457
2009-02-15,0.749092
2009-02-16,0.749092
2009-02-17,0.735727
2009-02-18,0.73654
2009-02-19,0.747915
2009-02-20,0.749541
2009-02-21,0.748447
2009-02-22,0.74744
2009-02-23,0.74744
2009-02-24,0.737599
2009-02-25,0.734322
2009-02-26,0.7303
2009-02-27,0.732064
2009-02-28,0.730327
2009-03-01,0.731208
2009-03-02,0.731208
2009-03-03,0.731449
2009-03-04,0.723563
2009-03-05,0.722752
2009-03-06,0.716589
2009-03-07,0.710682
2009-03-08,0.710707
2009-03-09,0.71053
2009-03-10,0.709421
2009-03-11,0.718933
2009-03-12,0.714566
2009-03-13,0.711136
2009-03-14,0.704771
2009-03-15,0.704573
2009-03-16,0.704573
2009-03-17,0.71144
2009-03-18,0.713572
2009-03-19,0.72015
2009-03-20,0.699496
2009-03-21,0.699374
2009-03-22,0.698348
2009-03-23,0.698348
2009-03-24,0.700084
2009-03-25,0.698666
2009-03-26,0.691587
2009-03-27,0.692353
2009-03-28,0.689941
2009-03-29,0.691252
2009-03-30,0.691252
2009-03-31,0.686554
2009-04-01,0.684791
2009-04-02,0.689608
2009-04-03,0.691276
2009-04-04,0.683317
2009-04-05,0.684346
2009-04-06,0.684346
2009-04-07,0.687592
2009-04-08,0.677553
2009-04-09,0.675014
2009-04-10,0.672359
2009-04-11,0.669142
2009-04-12,0.669232
2009-04-13,0.669546
2009-04-14,0.669456
2009-04-15,0.665181
2009-04-16,0.672699
2009-04-17,0.671953
2009-04-18,0.669299
2009-04-19,0.671637
2009-04-20,0.67245
2009-04-21,0.669411
2009-04-22,0.670983
2009-04-23,0.659914
2009-04-24,0.652039
2009-04-25,0.652337
2009-04-26,0.652167
2009-04-27,0.652167
2009-04-28,0.657203
2009-04-29,0.664518
2009-04-30,0.65835
2009-05-01,0.664253
2009-05-02,0.656944
2009-05-03,0.657657
2009-05-04,0.657657
2009-05-05,0.661726
2009-05-06,0.669949
2009-05-07,0.670309
2009-05-08,0.659304
2009-05-09,0.660677
2009-05-10,0.659348
2009-05-11,0.659348
2009-05-12,0.659914
2009-05-13,0.655351
2009-05-14,0.651742
2009-05-15,0.6549
2009-05-16,0.661266
2009-05-17,0.662076
2009-05-18,0.662076
2009-05-19,0.661638
2009-05-20,0.653061
2009-05-21,0.662515
2009-05-22,0.656362
2009-05-23,0.654729
2009-05-24,0.654151
2009-05-25,0.654151
2009-05-26,0.65796
2009-05-27,0.657635
2009-05-28,0.659718
2009-05-29,0.66335
2009-05-30,0.668963
2009-05-31,0.668606
2009-06-01,0.668606
2009-06-02,0.653253
2009-06-03,0.650893
2009-06-04,0.642261
2009-06-05,0.645599
2009-06-06,0.645494
2009-06-07,0.64635
2009-06-08,0.64635
2009-06-09,0.635445
2009-06-10,0.634296
2009-06-11,0.635001
2009-06-12,0.639304
2009-06-13,0.629287
2009-06-14,0.627943
2009-06-15,0.627943
2009-06-16,0.625645
2009-06-17,0.633955
2009-06-18,0.64
2009-06-19,0.630656
2009-06-20,0.631512
2009-06-21,0.631752
2009-06-22,0.631752
2009-06-23,0.633052
2009-06-24,0.633032
2009-06-25,0.635344
2009-06-26,0.633874
2009-06-27,0.641746
2009-06-28,0.640061
2009-06-29,0.639754
2009-06-30,0.631453
2009-07-01,0.629545
2009-07-02,0.625156
2009-07-03,0.634659
2009-07-04,0.637308
2009-07-05,0.638325
2009-07-06,0.638325
2009-07-07,0.633633
2009-07-08,0.635364
2009-07-09,0.639509
2009-07-10,0.639795
2009-07-11,0.642653
2009-07-12,0.644517
2009-07-13,0.644517
2009-07-14,0.649393
2009-07-15,0.653531
2009-07-16,0.661835
2009-07-17,0.66368
2009-07-18,0.670399
2009-07-19,0.669232
2009-07-20,0.669232
2009-07-21,0.673446
2009-07-22,0.66865
2009-07-23,0.676613
2009-07-24,0.687002
2009-07-25,0.680156
2009-07-26,0.680944
2009-07-27,0.680944
2009-07-28,0.680064
2009-07-29,0.675858
2009-07-30,0.673151
2009-07-31,0.678058
2009-08-01,0.674787
2009-08-02,0.675151
2009-08-03,0.675333
2009-08-04,0.679117
2009-08-05,0.678702
2009-08-06,0.671795
2009-08-07,0.668047
2009-08-08,0.676201
2009-08-09,0.677438
2009-08-10,0.677438
2009-08-11,0.67465
2009-08-12,0.667401
2009-08-13,0.657787
2009-08-14,0.662647
2009-08-15,0.65136
2009-08-16,0.652443
2009-08-17,0.652443
2009-08-18,0.653787
2009-08-19,0.652891
2009-08-20,0.65606
2009-08-21,0.653659
2009-08-22,0.652699
2009-08-23,0.654643
2009-08-24,0.654643
2009-08-25,0.648887
2009-08-26,0.646057
2009-08-27,0.643646
2009-08-28,0.65796
2009-08-29,0.655996
2009-08-30,0.656319
2009-08-31,0.656319
2009-09-01,0.65119
2009-09-02,0.653232
2009-09-03,0.657052
2009-09-04,0.657397
2009-09-05,0.653296
2009-09-06,0.653445
2009-09-07,0.653445
2009-09-08,0.657592
2009-09-09,0.667646
2009-09-10,0.66335
2009-09-11,0.663416
2009-09-12,0.675402
2009-09-13,0.674559
2009-09-14,0.674559
2009-09-15,0.664651
2009-09-16,0.66368
2009-09-17,0.662537
2009-09-18,0.676521
2009-09-19,0.672382
2009-09-20,0.671862
2009-09-21,0.671862
2009-09-22,0.677094
2009-09-23,0.6749
2009-09-24,0.677048
2009-09-25,0.669411
2009-09-26,0.675105
2009-09-27,0.672721
2009-09-28,0.672721
2009-09-29,0.676956
2009-09-30,0.680944
2009-10-01,0.678656
2009-10-02,0.684065
2009-10-03,0.682827
2009-10-04,0.684065
2009-10-05,0.684065
2009-10-06,0.685096
2009-10-07,0.687238
2009-10-08,0.683644
2009-10-09,0.684018
2009-10-10,0.68465
2009-10-11,0.684252
2009-10-12,0.684252
2009-10-13,0.673197
2009-10-14,0.66986
2009-10-15,0.663812
2009-10-16,0.665048
2009-10-17,0.65563
2009-10-18,0.654322
2009-10-19,0.654322
2009-10-20,0.6546
2009-10-21,0.651742
2009-10-22,0.656146
2009-10-23,0.646392
2009-10-24,0.643211
2009-10-25,0.64658
2009-10-26,0.64658
2009-10-27,0.644247
2009-10-28,0.648803
2009-10-29,0.639039
2009-10-30,0.649625
2009-10-31,0.647941
2009-11-01,0.649266
2009-11-02,0.649266
2009-11-03,0.647249
2009-11-04,0.649393
2009-11-05,0.652933
2009-11-06,0.646998
2009-11-07,0.6466
2009-11-08,0.648424
2009-11-09,0.648424
2009-11-10,0.651232
2009-11-11,0.649161
2009-11-12,0.665624
2009-11-13,0.673106
2009-11-14,0.662361
2009-11-15,0.662954
2009-11-16,0.662954
2009-11-17,0.663504
2009-11-18,0.666045
2009-11-19,0.664386
2009-11-20,0.668248
2009-11-21,0.662888
2009-11-22,0.662669
2009-11-23,0.662669
2009-11-24,0.665447
2009-11-25,0.656534
2009-11-26,0.662888
2009-11-27,0.661704
2009-11-28,0.661354
2009-11-29,0.662954
2009-11-30,0.662954
2009-12-01,0.672156
2009-12-02,0.666333
2009-12-03,0.663196
2009-12-04,0.669411
2009-12-05,0.66368
2009-12-06,0.662954
2009-12-07,0.662954
2009-12-08,0.6595
2009-12-09,0.661967
2009-12-10,0.664253
2009-12-11,0.674445
2009-12-12,0.680342
2009-12-13,0.682035
2009-12-14,0.682035
2009-12-15,0.679856
2009-12-16,0.67595
2009-12-17,0.67974
2009-12-18,0.666045
2009-12-19,0.676659
2009-12-20,0.674491
2009-12-21,0.674491
2009-12-22,0.668025
2009-12-23,0.659304
2009-12-24,0.659391
2009-12-25,0.684838
2009-12-26,0.680342
2009-12-27,0.679648
2009-12-28,0.679648
2009-12-29,0.67506
2009-12-30,0.674514
2009-12-31,0.66986
2010-01-01,0.669591
2010-01-02,0.668405
2010-01-03,0.668695
2010-01-04,0.668695
2010-01-05,0.671885
2010-01-06,0.684556
2010-01-07,0.691085
2010-01-08,0.692113
2010-01-09,0.690179
2010-01-10,0.690417
2010-01-11,0.69025
2010-01-12,0.684627
2010-01-13,0.67891
2010-01-14,0.682198
2010-01-15,0.677209
2010-01-16,0.680897
2010-01-17,0.680851
2010-01-18,0.680851
2010-01-19,0.686059
2010-01-20,0.69056
2010-01-21,0.691611
2010-01-22,0.687002
2010-01-23,0.691491
2010-01-24,0.69197
2010-01-25,0.69197
2010-01-26,0.694686
2010-01-27,0.703878
2010-01-28,0.698812
2010-01-29,0.690989
2010-01-30,0.684767
2010-01-31,0.685307
2010-02-01,0.685307
2010-02-02,0.684744
2010-02-03,0.68861
2010-02-04,0.685495
2010-02-05,0.697934
2010-02-06,0.697107
2010-02-07,0.697739
2010-02-08,0.697739
2010-02-09,0.701705
2010-02-10,0.693433
2010-02-11,0.686908
2010-02-12,0.68835
2010-02-13,0.684346
2010-02-14,0.683878
2010-02-15,0.683878
2010-02-16,0.676888
2010-02-17,0.675083
2010-02-18,0.683924
2010-02-19,0.681199
2010-02-20,0.678196
2010-02-21,0.676842
2010-02-22,0.676842
2010-02-23,0.679509
2010-02-24,0.682012
2010-02-25,0.679833
2010-02-26,0.674946
2010-02-27,0.676842
2010-02-28,0.676498
2010-03-01,0.676247
2010-03-02,0.676842
2010-03-03,0.673197
2010-03-04,0.676064
2010-03-05,0.67365
2010-03-06,0.670488
2010-03-07,0.669411
2010-03-08,0.669546
2010-03-09,0.669905
2010-03-10,0.676384
2010-03-11,0.681849
2010-03-12,0.681129
2010-03-13,0.693914
2010-03-14,0.695628
2010-03-15,0.695628
2010-03-16,0.693241
2010-03-17,0.696961
2010-03-18,0.702149
2010-03-19,0.712555
2010-03-20,0.704523
2010-03-21,0.705567
2010-03-22,0.705567
2010-03-23,0.705517
2010-03-24,0.699888
2010-03-25,0.703087
2010-03-26,0.704449
2010-03-27,0.706414
2010-03-28,0.705442
2010-03-29,0.705069
2010-03-30,0.711187
2010-03-31,0.712911
2010-04-01,0.71582
2010-04-02,0.724113
2010-04-03,0.713318
2010-04-04,0.713318
2010-04-05,0.713318
2010-04-06,0.699399
2010-04-07,0.702889
2010-04-08,0.71048
2010-04-09,0.711288
2010-04-10,0.716435
2010-04-11,0.717952
2010-04-12,0.717952
2010-04-13,0.722961
2010-04-14,0.714235
2010-04-15,0.711238
2010-04-16,0.722648
2010-04-17,0.72873
2010-04-18,0.730647
2010-04-19,0.730647
2010-04-20,0.721917
2010-04-21,0.731904
2010-04-22,0.728651
2010-04-23,0.720773
2010-04-24,0.714235
2010-04-25,0.711642
2010-04-26,0.711642
2010-04-27,0.710858
2010-04-28,0.704597
2010-04-29,0.702321
2010-04-30,0.697569
2010-05-01,0.699081
2010-05-02,0.700158
2010-05-03,0.700158
2010-05-04,0.699252
2010-05-05,0.703755
2010-05-06,0.705069
2010-05-07,0.707064
2010-05-08,0.721527
2010-05-09,0.720357
2010-05-10,0.720357
2010-05-11,0.719243
2010-05-12,0.723615
2010-05-13,0.714898
2010-05-14,0.717901
2010-05-15,0.714031
2010-05-16,0.713801
2010-05-17,0.713801
2010-05-18,0.714184
2010-05-19,0.715871
2010-05-20,0.722022
2010-05-21,0.72197
2010-05-22,0.719476
2010-05-23,0.719709
2010-05-24,0.719709
2010-05-25,0.721215
2010-05-26,0.728465
2010-05-27,0.722831
2010-05-28,0.72873
2010-05-29,0.726085
2010-05-30,0.727405
2010-05-31,0.727405
2010-06-01,0.727379
2010-06-02,0.730994
2010-06-03,0.729625
2010-06-04,0.729581
2010-06-05,0.72619
2010-06-06,0.723798
2010-06-07,0.723956
2010-06-08,0.7259
2010-06-09,0.721189
2010-06-10,0.7259
2010-06-11,0.728412
2010-06-12,0.729208
2010-06-13,0.730353
2010-06-14,0.729501
2010-06-15,0.730807
2010-06-16,0.741812
2010-06-17,0.744685
2010-06-18,0.739208
2010-06-19,0.733192
2010-06-20,0.732091
2010-06-21,0.731957
2010-06-22,0.726111
2010-06-23,0.726348
2010-06-24,0.729076
2010-06-25,0.731074
2010-06-26,0.726401
2010-06-27,0.726559
2010-06-28,0.726401
2010-06-29,0.730007
2010-06-30,0.730727
2010-07-01,0.731609
2010-07-02,0.730994
2010-07-03,0.723014
2010-07-04,0.72469
2010-07-05,0.72469
2010-07-06,0.728226
2010-07-07,0.730034
2010-07-08,0.725426
2010-07-09,0.725979
2010-07-10,0.728783
2010-07-11,0.728385
2010-07-12,0.728518
2010-07-13,0.726956
2010-07-14,0.722308
2010-07-15,0.717772
2010-07-16,0.715359
2010-07-17,0.71347
2010-07-18,0.716307
2010-07-19,0.713216
2010-07-20,0.704945
2010-07-21,0.707114
2010-07-22,0.709698
2010-07-23,0.710631
2010-07-24,0.708667
2010-07-25,0.708717
2010-07-26,0.713267
2010-07-27,0.720487
2010-07-28,0.722961
2010-07-29,0.720098
2010-07-30,0.715922
2010-07-31,0.716384
2010-08-01,0.716384
2010-08-02,0.71286
2010-08-03,0.716435
2010-08-04,0.715615
2010-08-05,0.711642
2010-08-06,0.714796
2010-08-07,0.716692
2010-08-08,0.716486
2010-08-09,0.714439
2010-08-10,0.715768
2010-08-11,0.730407
2010-08-12,0.732547
2010-08-13,0.732493
2010-08-14,0.732896
2010-08-15,0.732789
2010-08-16,0.732225
2010-08-17,0.735889
2010-08-18,0.729501
2010-08-19,0.720409
2010-08-20,0.713521
2010-08-21,0.711845
2010-08-22,0.711845
2010-08-23,0.708265
2010-08-24,0.708291
2010-08-25,0.707364
2010-08-26,0.705916
2010-08-27,0.70279
2010-08-28,0.701656
2010-08-29,0.700795
2010-08-30,0.705393
2010-08-31,0.704722
2010-09-01,0.700697
2010-09-02,0.70055
2010-09-03,0.704399
2010-09-04,0.704349
2010-09-05,0.7043
2010-09-06,0.706714
2010-09-07,0.711288
2010-09-08,0.708015
2010-09-09,0.706814
2010-09-10,0.713496
2010-09-11,0.714184
2010-09-12,0.714184
2010-09-13,0.713216
2010-09-14,0.711592
2010-09-15,0.715615
2010-09-16,0.716153
2010-09-17,0.713903
2010-09-18,0.713547
2010-09-19,0.713598
2010-09-20,0.718856
2010-09-21,0.720617
2010-09-22,0.723014
2010-09-23,0.701238
2010-09-24,0.698666
2010-09-25,0.696088
2010-09-26,0.696088
2010-09-27,0.695217
2010-09-28,0.691683
2010-09-29,0.690322
2010-09-30,0.690655
2010-10-01,0.687191
2010-10-02,0.687687
2010-10-03,0.687687
2010-10-04,0.690846
2010-10-05,0.688753
2010-10-06,0.690846
2010-10-07,0.695701
2010-10-08,0.695943
2010-10-09,0.692689
2010-10-10,0.692689
