{
  "model": "sundial",
  "dataset": "Australia_Solar_H",
  "method": "BM",
  "ratio": 0.1,
  "term": "long",
  "imputation_method": "mean",
  "n_windows": 20,
  "period": 24,
  "summary": {
    "mean": {
      "trend_strength": 0.6141098633068213,
      "trend_linearity": -24.070376578687327,
      "seasonal_strength": 0.9959764470883652,
      "seasonal_correlation": 0.9988214596054666,
      "residual_autocorr_lag1": 0.7310621132834428,
      "spectral_entropy": 9242.789122458084
    },
    "std": {
      "trend_strength": 0.15653645238339156,
      "trend_linearity": 91.85085438110802,
      "seasonal_strength": 0.0028671138520354887,
      "seasonal_correlation": 0.0004886460325001659,
      "residual_autocorr_lag1": 0.09429222235686956,
      "spectral_entropy": 261.0920317476701
    },
    "min": {
      "trend_strength": 0.31787444310656543,
      "trend_linearity": -186.94645313075756,
      "seasonal_strength": 0.9869131792752619,
      "seasonal_correlation": 0.9973904972552412,
      "residual_autocorr_lag1": 0.5643767906606042,
      "spectral_entropy": 8682.225064181486
    },
    "max": {
      "trend_strength": 0.8765926388923186,
      "trend_linearity": 214.0808535220038,
      "seasonal_strength": 0.9984152689684932,
      "seasonal_correlation": 0.9993855739209263,
      "residual_autocorr_lag1": 0.8787958922016925,
      "spectral_entropy": 9577.471400761244
    }
  }
}