{
  "model": "sundial",
  "dataset": "Australia_Solar_H",
  "method": "BM",
  "ratio": 0.2,
  "term": "long",
  "imputation_method": "forward",
  "n_windows": 20,
  "period": 24,
  "summary": {
    "mean": {
      "trend_strength": 0.742824600777661,
      "trend_linearity": -9.899563631767572,
      "seasonal_strength": 0.9949258940998856,
      "seasonal_correlation": 0.9985527317272027,
      "residual_autocorr_lag1": 0.7590602571529279,
      "spectral_entropy": 9261.363669483118
    },
    "std": {
      "trend_strength": 0.1290789016860231,
      "trend_linearity": 152.04302994897776,
      "seasonal_strength": 0.0025115096000657335,
      "seasonal_correlation": 0.0005599224792694683,
      "residual_autocorr_lag1": 0.0660463881034244,
      "spectral_entropy": 233.70203805150462
    },
    "min": {
      "trend_strength": 0.4508675469663207,
      "trend_linearity": -228.71754455126037,
      "seasonal_strength": 0.9892189420255433,
      "seasonal_correlation": 0.9971471854650857,
      "residual_autocorr_lag1": 0.6454027464957558,
      "spectral_entropy": 8721.991343600075
    },
    "max": {
      "trend_strength": 0.9541270516642113,
      "trend_linearity": 306.3674806450067,
      "seasonal_strength": 0.9981679912300142,
      "seasonal_correlation": 0.9992132910465142,
      "residual_autocorr_lag1": 0.8665448007035763,
      "spectral_entropy": 9527.732560173808
    }
  }
}