{
  "model": "sundial",
  "dataset": "azure2019_U_5T",
  "method": "BM",
  "ratio": 0.1,
  "term": "long",
  "imputation_method": "backward",
  "n_windows": 2,
  "period": 288,
  "summary": {
    "mean": {
      "trend_strength": 0.8348486726453879,
      "trend_linearity": -0.004222035149938681,
      "seasonal_strength": 0.7660763057443774,
      "seasonal_correlation": 0.701021535678515,
      "residual_autocorr_lag1": 0.7269948045711401,
      "spectral_entropy": 2434.3489653159477
    },
    "std": {
      "trend_strength": 0.08417212000272961,
      "trend_linearity": 0.016964223973576064,
      "seasonal_strength": 0.12671465270380539,
      "seasonal_correlation": 0.0394080320113937,
      "residual_autocorr_lag1": 0.0162409909779192,
      "spectral_entropy": 121.60470253395852
    },
    "min": {
      "trend_strength": 0.7506765526426583,
      "trend_linearity": -0.021186259123514746,
      "seasonal_strength": 0.639361653040572,
      "seasonal_correlation": 0.6616135036671212,
      "residual_autocorr_lag1": 0.7107538135932209,
      "spectral_entropy": 2312.744262781989
    },
    "max": {
      "trend_strength": 0.9190207926481175,
      "trend_linearity": 0.012742188823637384,
      "seasonal_strength": 0.8927909584481828,
      "seasonal_correlation": 0.7404295676899086,
      "residual_autocorr_lag1": 0.7432357955490593,
      "spectral_entropy": 2555.953667849906
    }
  }
}