window_idx,n_series,trend_strength,trend_linearity,seasonal_strength,seasonal_correlation,residual_autocorr_lag1,spectral_entropy
0,1,0.7692926365416645,0.007252102900883612,0.9173629213557912,0.12268219952892227,0.24559541121216094,2358.272412055311
1,1,0.9111199248290428,-0.014827041895316088,0.9035890949136142,0.6620005254381661,0.35969295534385254,2566.7844191387126
