window_idx,n_series,trend_strength,trend_linearity,seasonal_strength,seasonal_correlation,residual_autocorr_lag1,spectral_entropy
0,1,0.8295342081706045,0.010203577979671898,0.931229354622582,0.17256968146030235,0.7656506814005792,2442.771496750929
1,1,0.9394760591236059,-0.017274052855006966,0.8789399403536822,0.6354207667038455,0.5177552992515345,2560.327441851363
