window_idx,n_series,trend_strength,trend_linearity,seasonal_strength,seasonal_correlation,residual_autocorr_lag1,spectral_entropy
0,1,0.5122233335122581,-0.0035473408269228158,0.922209270438439,0.35814924050169666,0.09343418112685825,2604.9580712201496
1,1,0.9232280407220174,-0.014352184377514272,0.9067742708259512,0.45605067800867066,0.2926279722576653,2545.053269985463
