{
  "model": "sundial",
  "dataset": "azure2019_U_5T",
  "method": "BM",
  "ratio": 0.2,
  "term": "long",
  "imputation_method": "mean",
  "n_windows": 2,
  "period": 288,
  "summary": {
    "mean": {
      "trend_strength": 0.6327765683018476,
      "trend_linearity": -0.0065567205631392456,
      "seasonal_strength": 0.8264711266381941,
      "seasonal_correlation": 0.6714090245387616,
      "residual_autocorr_lag1": 0.48282566781049674,
      "spectral_entropy": 2248.889400717627
    },
    "std": {
      "trend_strength": 0.334842033974597,
      "trend_linearity": 0.008852221308572912,
      "seasonal_strength": 0.12702455380433397,
      "seasonal_correlation": 0.05758094153585097,
      "residual_autocorr_lag1": 0.21999700034320283,
      "spectral_entropy": 270.9885924227526
    },
    "min": {
      "trend_strength": 0.2979345343272506,
      "trend_linearity": -0.015408941871712158,
      "seasonal_strength": 0.6994465728338601,
      "seasonal_correlation": 0.6138280830029106,
      "residual_autocorr_lag1": 0.2628286674672939,
      "spectral_entropy": 1977.9008082948744
    },
    "max": {
      "trend_strength": 0.9676186022764446,
      "trend_linearity": 0.002295500745433667,
      "seasonal_strength": 0.9534956804425281,
      "seasonal_correlation": 0.7289899660746125,
      "residual_autocorr_lag1": 0.7028226681536995,
      "spectral_entropy": 2519.8779931403797
    }
  }
}