{
  "model": "sundial",
  "dataset": "azure2019_U_5T",
  "method": "clean",
  "ratio": null,
  "term": "long",
  "imputation_method": null,
  "n_windows": 2,
  "period": 288,
  "summary": {
    "mean": {
      "trend_strength": 0.7958375202049508,
      "trend_linearity": -0.010315477049293935,
      "seasonal_strength": 0.8919961099620206,
      "seasonal_correlation": 0.5385510399245849,
      "residual_autocorr_lag1": 0.46124613944593507,
      "spectral_entropy": 2584.9719891513314
    },
    "std": {
      "trend_strength": 0.05307396033471523,
      "trend_linearity": 0.004687996261648791,
      "seasonal_strength": 0.010096563538248449,
      "seasonal_correlation": 0.22987570061862894,
      "residual_autocorr_lag1": 0.2094429100505856,
      "spectral_entropy": 18.259396421754673
    },
    "min": {
      "trend_strength": 0.7427635598702356,
      "trend_linearity": -0.015003473310942726,
      "seasonal_strength": 0.8818995464237721,
      "seasonal_correlation": 0.3086753393059559,
      "residual_autocorr_lag1": 0.25180322939534944,
      "spectral_entropy": 2566.7125927295765
    },
    "max": {
      "trend_strength": 0.848911480539666,
      "trend_linearity": -0.005627480787645144,
      "seasonal_strength": 0.902092673500269,
      "seasonal_correlation": 0.7684267405432138,
      "residual_autocorr_lag1": 0.6706890494965206,
      "spectral_entropy": 2603.231385573086
    }
  }
}