{
  "model": "sundial",
  "dataset": "azure2019_U_5T",
  "method": "BM",
  "ratio": 0.1,
  "term": "long",
  "imputation_method": "forward",
  "n_windows": 2,
  "period": 288,
  "summary": {
    "mean": {
      "trend_strength": 0.7943860453950331,
      "trend_linearity": -0.00022169325861724678,
      "seasonal_strength": 0.7806618000550586,
      "seasonal_correlation": 0.4974431817948824,
      "residual_autocorr_lag1": 0.37177276299401874,
      "spectral_entropy": 2493.808484586353
    },
    "std": {
      "trend_strength": 0.02493191740816364,
      "trend_linearity": 0.012924864321076365,
      "seasonal_strength": 0.05313313773463946,
      "seasonal_correlation": 0.113803924442972,
      "residual_autocorr_lag1": 0.24911595945791254,
      "spectral_entropy": 94.07386185164796
    },
    "min": {
      "trend_strength": 0.7694541279868694,
      "trend_linearity": -0.01314655757969361,
      "seasonal_strength": 0.7275286623204191,
      "seasonal_correlation": 0.3836392573519104,
      "residual_autocorr_lag1": 0.1226568035361062,
      "spectral_entropy": 2399.734622734705
    },
    "max": {
      "trend_strength": 0.8193179628031967,
      "trend_linearity": 0.012703171062459117,
      "seasonal_strength": 0.833794937789698,
      "seasonal_correlation": 0.6112471062378544,
      "residual_autocorr_lag1": 0.6208887224519313,
      "spectral_entropy": 2587.882346438001
    }
  }
}