window_idx,n_series,trend_strength,trend_linearity,seasonal_strength,seasonal_correlation,residual_autocorr_lag1,spectral_entropy
0,1,0.24897987526878496,0.004552660351514245,0.6635182197067473,0.5053345342304977,0.662242468069551,2337.037070193551
1,1,0.9208747272455327,-0.018534651807523617,0.8609919254183396,0.6494090464278773,0.39285739544274395,2580.385558308651
