{
  "model": "sundial",
  "dataset": "Coastal_T_S_H",
  "method": "BM",
  "ratio": 0.1,
  "term": "long",
  "imputation_method": "mean",
  "n_windows": 8,
  "period": 24,
  "summary": {
    "mean": {
      "trend_strength": 0.5706215368766718,
      "trend_linearity": 0.0005200701114440581,
      "seasonal_strength": 0.21571137412082697,
      "seasonal_correlation": 0.26893632946923185,
      "residual_autocorr_lag1": 0.15481376911317732,
      "spectral_entropy": 1830.5769656740367
    },
    "std": {
      "trend_strength": 0.42862565812178943,
      "trend_linearity": 0.016392914093302617,
      "seasonal_strength": 0.08000776766711742,
      "seasonal_correlation": 0.08232099963902824,
      "residual_autocorr_lag1": 0.22411691350617105,
      "spectral_entropy": 308.7904035886333
    },
    "min": {
      "trend_strength": 0.055852916717473944,
      "trend_linearity": -0.031538338130623206,
      "seasonal_strength": 0.056227028088594366,
      "seasonal_correlation": 0.18596208520388213,
      "residual_autocorr_lag1": -0.08969545943980271,
      "spectral_entropy": 1252.5178320290001
    },
    "max": {
      "trend_strength": 0.997631024992017,
      "trend_linearity": 0.029542908173658497,
      "seasonal_strength": 0.3247308154874985,
      "seasonal_correlation": 0.422339711885617,
      "residual_autocorr_lag1": 0.48847269878102345,
      "spectral_entropy": 2264.3149478418254
    }
  }
}