{
  "model": "sundial",
  "dataset": "Coastal_T_S_15T",
  "method": "BM",
  "ratio": 0.1,
  "term": "long",
  "imputation_method": "forward",
  "n_windows": 20,
  "period": 96,
  "summary": {
    "mean": {
      "trend_strength": 0.8103225499769173,
      "trend_linearity": -1.3726742587643002e-05,
      "seasonal_strength": 0.25489046799759113,
      "seasonal_correlation": 0.612791529695348,
      "residual_autocorr_lag1": 0.4933111965206257,
      "spectral_entropy": -2054.6103369298794
    },
    "std": {
      "trend_strength": 0.1533346780079218,
      "trend_linearity": 4.323526246073196e-05,
      "seasonal_strength": 0.10778852411410518,
      "seasonal_correlation": 0.14659900780997967,
      "residual_autocorr_lag1": 0.23386060672771256,
      "spectral_entropy": 322.13508954826267
    },
    "min": {
      "trend_strength": 0.46520722050396257,
      "trend_linearity": -9.675679045145525e-05,
      "seasonal_strength": 0.0,
      "seasonal_correlation": 0.39640283030501566,
      "residual_autocorr_lag1": 0.06868614743678628,
      "spectral_entropy": -2791.100283958719
    },
    "max": {
      "trend_strength": 0.98793879018209,
      "trend_linearity": 6.403389918608533e-05,
      "seasonal_strength": 0.5011728309054118,
      "seasonal_correlation": 0.9599755548148112,
      "residual_autocorr_lag1": 0.9787550848750607,
      "spectral_entropy": -1599.8122738011539
    }
  }
}