window_idx,n_series,trend_strength,trend_linearity,seasonal_strength,seasonal_correlation,residual_autocorr_lag1,spectral_entropy
0,1,0.9982050302973203,-0.0004996348401750984,0.2998764049605911,0.4886382798043163,0.7600395487049221,-586.7005858095665
1,1,0.9988275777384001,-0.0021332043757095404,0.04127016523776217,0.3412063866203665,0.94141168268411,250.94474843488183
2,1,0.9989413363075369,-0.0011965574295105925,0.11710379642678448,0.42028435600429204,0.8175009645191114,-221.1728473785637
3,1,0.999323554193036,-0.002333018838040334,0.023307386650336714,0.4517920767135338,0.841927570771302,279.5956291778555
4,1,0.9969290798173084,-0.0006020821106816635,0.24929412553484698,0.45161106382181043,0.8263112088831229,-828.9001411237525
5,1,0.9958569627953239,0.00036394547064379603,0.23507307429897606,0.5784613450598566,0.9065982875075081,-1186.4799464113582
6,1,0.997544692213911,-0.0006208738888014432,0.36330420183837164,0.6696106477123399,0.8844863927628501,-512.1741371590017
