window_idx,n_series,trend_strength,trend_linearity,seasonal_strength,seasonal_correlation,residual_autocorr_lag1,spectral_entropy
0,1,0.17444711897864518,-0.0007769526851778262,0.27475170800444104,0.24523372339227925,-0.03532981758583208,1785.3491288771486
1,1,0.09564380740142109,-0.0002993536352099155,0.21909161056552384,0.13784746960147162,-0.004889543152705718,1759.5954296182786
2,1,0.3062111690862236,-0.0012568215978225293,0.2675504022048505,0.09413770666992778,-0.0647652803174896,1771.5629273064028
3,1,0.2906615603877506,-0.0012005210798112205,0.2896336507206544,0.23983360653613256,-0.10456809979177188,1763.3693562945423
4,1,0.9980749347612253,-0.03717544508478094,0.1252603583061842,0.13161431706597215,0.06952975341018787,2308.2626382321996
5,1,0.9923912717506106,-0.010720197618887907,0.22430434209489114,0.32717195130933086,0.26656827275934547,1592.8770103117886
6,1,0.9994437625122358,0.04980025304584225,0.2185008326389143,0.2834640635955892,0.6267411650499172,2615.149635770122
7,1,0.9983140566832676,0.03320558670478354,0.18669581337030516,0.34323397951871293,0.5000188638460745,2384.024122915941
