window_idx,n_series,trend_strength,trend_linearity,seasonal_strength,seasonal_correlation,residual_autocorr_lag1,spectral_entropy
0,1,0.10524587444481803,-0.00040050630565852547,0.285280190591477,0.336664585694919,-0.058312198033780786,1699.6056882066891
1,1,0.11607283110992339,-0.0002624095275139689,0.27859690496342515,0.21284679231318987,-0.08184675473438727,1727.630016669661
2,1,0.37214112499562235,-0.0013007404645838118,0.16916542767286713,0.1644772532810822,-0.1266212898494211,1742.0655237928477
3,1,0.4947090796385919,-0.0018647811747877147,0.2649319056682601,0.10431837646724282,-0.07987134452226029,1799.2453457019567
4,1,0.9930492777495284,-0.034391248033012065,0.14194273475841157,0.07766772685847373,0.6703620425983947,2631.6307978982504
5,1,0.9672561070045216,-0.012968023556912966,0.1301057934637454,0.22621429273007598,0.8465208710375965,2072.445254926302
6,1,0.9690352157067657,0.006204912859848854,0.22037250506668438,0.28232722561359685,0.8216816179356834,1413.572576569531
7,1,0.9972036599249033,0.01629343453684785,0.5881730407684851,0.7762069938232594,0.498035441689216,1980.870299940276
