{
  "model": "sundial",
  "dataset": "Coastal_T_S_5T",
  "method": "BM",
  "ratio": 0.2,
  "term": "long",
  "imputation_method": "forward",
  "n_windows": 20,
  "period": 288,
  "summary": {
    "mean": {
      "trend_strength": 0.6053131469710062,
      "trend_linearity": -0.00022159057938444935,
      "seasonal_strength": 0.9043577087181417,
      "seasonal_correlation": 0.7867977818603281,
      "residual_autocorr_lag1": 0.7048128489686527,
      "spectral_entropy": 286.5311321379303
    },
    "std": {
      "trend_strength": 0.3491326536416747,
      "trend_linearity": 0.006292328486172597,
      "seasonal_strength": 0.13091627446153406,
      "seasonal_correlation": 0.2878004312799021,
      "residual_autocorr_lag1": 0.3497616018036702,
      "spectral_entropy": 1360.5845825319307
    },
    "min": {
      "trend_strength": 0.03663691339677844,
      "trend_linearity": -0.02250864716996977,
      "seasonal_strength": 0.4365098775056623,
      "seasonal_correlation": 0.05511762403772941,
      "residual_autocorr_lag1": -0.06526095623053053,
      "spectral_entropy": -1194.5365498585313
    },
    "max": {
      "trend_strength": 0.9951077622118403,
      "trend_linearity": 0.016169542380262754,
      "seasonal_strength": 0.9979093861105022,
      "seasonal_correlation": 0.9956113710350749,
      "residual_autocorr_lag1": 0.9840658331022353,
      "spectral_entropy": 2921.7428411818414
    }
  }
}