{
  "model": "sundial",
  "dataset": "Coastal_T_S_5T",
  "method": "BM",
  "ratio": 0.3,
  "term": "long",
  "imputation_method": "forward",
  "n_windows": 20,
  "period": 288,
  "summary": {
    "mean": {
      "trend_strength": 0.6107512873051603,
      "trend_linearity": -0.0009963429734077386,
      "seasonal_strength": 0.9106513890969238,
      "seasonal_correlation": 0.8399414187914,
      "residual_autocorr_lag1": 0.7383962683605246,
      "spectral_entropy": 279.1708418393412
    },
    "std": {
      "trend_strength": 0.313834868337782,
      "trend_linearity": 0.0032267069654070995,
      "seasonal_strength": 0.09222004547182996,
      "seasonal_correlation": 0.20285513170846398,
      "residual_autocorr_lag1": 0.2835895123073358,
      "spectral_entropy": 1310.3626819589813
    },
    "min": {
      "trend_strength": 0.07106934871625636,
      "trend_linearity": -0.013547306743922094,
      "seasonal_strength": 0.7220619238815074,
      "seasonal_correlation": 0.20478335658520577,
      "residual_autocorr_lag1": 0.1550041690935586,
      "spectral_entropy": -1327.3130620003553
    },
    "max": {
      "trend_strength": 0.9739189642866405,
      "trend_linearity": 0.0011400938123299097,
      "seasonal_strength": 0.9989818348432866,
      "seasonal_correlation": 0.9960432738792707,
      "residual_autocorr_lag1": 0.9943959035197553,
      "spectral_entropy": 2868.250935046499
    }
  }
}