{
  "model": "sundial",
  "dataset": "Coastal_T_S_5T",
  "method": "BM",
  "ratio": 0.1,
  "term": "long",
  "imputation_method": "mean",
  "n_windows": 20,
  "period": 288,
  "summary": {
    "mean": {
      "trend_strength": 0.3205953188923648,
      "trend_linearity": -0.0021010435196312264,
      "seasonal_strength": 0.7165544129676342,
      "seasonal_correlation": 0.4021609292365568,
      "residual_autocorr_lag1": 0.7233877419073079,
      "spectral_entropy": 1521.8142422843805
    },
    "std": {
      "trend_strength": 0.32474880889093555,
      "trend_linearity": 0.007140832825445053,
      "seasonal_strength": 0.22864717251194008,
      "seasonal_correlation": 0.3555891632494838,
      "residual_autocorr_lag1": 0.34951671267050527,
      "spectral_entropy": 850.8989671758624
    },
    "min": {
      "trend_strength": 0.0022258476091713275,
      "trend_linearity": -0.02498513917735191,
      "seasonal_strength": 0.14326639766302685,
      "seasonal_correlation": -0.3621545009497253,
      "residual_autocorr_lag1": -0.054304898679871386,
      "spectral_entropy": 518.3911241318773
    },
    "max": {
      "trend_strength": 0.9663280792639336,
      "trend_linearity": 0.0077624935733667175,
      "seasonal_strength": 0.952835689649847,
      "seasonal_correlation": 0.9298895177100281,
      "residual_autocorr_lag1": 0.997370118126057,
      "spectral_entropy": 2901.6547117001646
    }
  }
}