{
  "model": "sundial",
  "dataset": "Coastal_T_S_H",
  "method": "BM",
  "ratio": 0.3,
  "term": "long",
  "imputation_method": "backward",
  "n_windows": 8,
  "period": 24,
  "summary": {
    "mean": {
      "trend_strength": 0.840778884890379,
      "trend_linearity": 0.003334996567997851,
      "seasonal_strength": 0.25435470230361035,
      "seasonal_correlation": 0.29872784531557384,
      "residual_autocorr_lag1": 0.13611160647197273,
      "spectral_entropy": 2004.1057255372364
    },
    "std": {
      "trend_strength": 0.1614503772670716,
      "trend_linearity": 0.030715206160594297,
      "seasonal_strength": 0.09018271858438208,
      "seasonal_correlation": 0.16725903347126286,
      "residual_autocorr_lag1": 0.2082246458937846,
      "spectral_entropy": 366.7650530249875
    },
    "min": {
      "trend_strength": 0.632394373409753,
      "trend_linearity": -0.043944538625976935,
      "seasonal_strength": 0.13120900655858925,
      "seasonal_correlation": 0.13843893576317093,
      "residual_autocorr_lag1": -0.046886295772095056,
      "spectral_entropy": 1699.5930783916913
    },
    "max": {
      "trend_strength": 0.9995492876115089,
      "trend_linearity": 0.07047310310919727,
      "seasonal_strength": 0.45107835899466686,
      "seasonal_correlation": 0.7056329356745601,
      "residual_autocorr_lag1": 0.5430541188682512,
      "spectral_entropy": 2773.7809351539245
    }
  }
}