window_idx,n_series,trend_strength,trend_linearity,seasonal_strength,seasonal_correlation,residual_autocorr_lag1,spectral_entropy
0,1,0.055852916717473944,-0.00015441502277365702,0.16874634809922961,0.2226529781636485,-0.08969545943980271,1853.9382454769177
1,1,0.07853547688446805,-0.0002192372552282546,0.17436022491499314,0.18596208520388213,-0.01699519298808424,1787.0914416697537
2,1,0.28318426517500084,0.001052041533878445,0.2815956760214803,0.2425459055114794,-0.015072919104414679,1814.9366806061093
3,1,0.16924143456114027,-0.0006425917921726832,0.20535742503196863,0.21469102425359898,-0.026051776266575396,1826.5682238015954
4,1,0.9974693193856826,-0.031538338130623206,0.056227028088594366,0.20293183287422334,0.08222400209780095,2254.955563314973
5,1,0.9872953311772905,-0.008433698147060594,0.28943447420994217,0.2747017531441983,0.3515382117025816,1590.2927906521181
6,1,0.9957625261203011,0.014553891531873923,0.3247308154874985,0.3856653447172069,0.4640905881228897,1252.5178320290001
7,1,0.997631024992017,0.029542908173658497,0.22523900111290895,0.422339711885617,0.48847269878102345,2264.3149478418254
