window_idx,n_series,trend_strength,trend_linearity,seasonal_strength,seasonal_correlation,residual_autocorr_lag1,spectral_entropy
0,1,0.1657374732955762,-0.0002330734482586974,0.3262748231895629,0.2749901607821831,-0.11254010099287767,1745.8072922970543
1,1,0.27676319762666757,-9.004418631223532e-06,0.27079499194020074,0.13411125892735684,0.07326016151052582,1769.9543815013992
2,1,0.7824767233381186,-0.002085158530666939,0.2952834577611495,0.23526754092978666,-0.024160244634178967,1811.4959275954475
3,1,0.7369605893130412,-0.0025829895222636325,0.2788776482200851,0.25275829890936663,-0.07342456475193779,1811.4812910970877
4,1,0.9986311460571641,-0.042672044533567176,0.1819538681025593,0.22163543064608263,0.19046213613748533,2442.4985271628957
5,1,0.9919169968199891,-0.012238212193462975,0.19858519009288644,0.29404204530469086,0.07556249361751757,1603.517601587479
6,1,0.9997740138550052,0.07793699391281365,0.26885134383350817,0.31556839682970106,0.39443224723640496,2855.2005264430945
7,1,0.9988872943314391,0.03629687202563131,0.28871007376984825,0.4171205457068267,0.5179738083537573,2295.227526620335
