{
  "model": "sundial",
  "dataset": "Coastal_T_S_15T",
  "method": "BM",
  "ratio": 0.1,
  "term": "long",
  "imputation_method": "mean",
  "n_windows": 20,
  "period": 96,
  "summary": {
    "mean": {
      "trend_strength": 0.807465151237101,
      "trend_linearity": -1.3857135047773672e-05,
      "seasonal_strength": 0.30384261133209406,
      "seasonal_correlation": 0.6260875780719538,
      "residual_autocorr_lag1": 0.38462087110730364,
      "spectral_entropy": -2064.860482336203
    },
    "std": {
      "trend_strength": 0.17569398677346415,
      "trend_linearity": 3.2908928819735504e-05,
      "seasonal_strength": 0.11065817849342781,
      "seasonal_correlation": 0.1372764887527963,
      "residual_autocorr_lag1": 0.253126360416492,
      "spectral_entropy": 256.7192023783985
    },
    "min": {
      "trend_strength": 0.40308933617517995,
      "trend_linearity": -5.378468938200063e-05,
      "seasonal_strength": 0.0,
      "seasonal_correlation": 0.4644145233715339,
      "residual_autocorr_lag1": -0.0476977616090511,
      "spectral_entropy": -2706.882996266156
    },
    "max": {
      "trend_strength": 0.9724040482942597,
      "trend_linearity": 5.6260176794593674e-05,
      "seasonal_strength": 0.5588494510491068,
      "seasonal_correlation": 0.9571931549145072,
      "residual_autocorr_lag1": 0.9764824361164114,
      "spectral_entropy": -1561.2045688855892
    }
  }
}