{
  "model": "sundial",
  "dataset": "Coastal_T_S_15T",
  "method": "BM",
  "ratio": 0.3,
  "term": "long",
  "imputation_method": "mean",
  "n_windows": 20,
  "period": 96,
  "summary": {
    "mean": {
      "trend_strength": 0.7322014109367987,
      "trend_linearity": -1.168947374024085e-05,
      "seasonal_strength": 0.28392634065791966,
      "seasonal_correlation": 0.5879357766807678,
      "residual_autocorr_lag1": 0.4124065943178928,
      "spectral_entropy": -2152.0204867500092
    },
    "std": {
      "trend_strength": 0.18255862970397446,
      "trend_linearity": 2.4696769489081017e-05,
      "seasonal_strength": 0.12025116770339085,
      "seasonal_correlation": 0.12848417335568557,
      "residual_autocorr_lag1": 0.21722203721625818,
      "spectral_entropy": 287.6775404170729
    },
    "min": {
      "trend_strength": 0.3100328658118988,
      "trend_linearity": -5.535028158929609e-05,
      "seasonal_strength": 0.0692544368778596,
      "seasonal_correlation": 0.3953502492828032,
      "residual_autocorr_lag1": 0.02835418560536288,
      "spectral_entropy": -2837.073178984584
    },
    "max": {
      "trend_strength": 0.9693822078833295,
      "trend_linearity": 3.4827395474607195e-05,
      "seasonal_strength": 0.6029765552670134,
      "seasonal_correlation": 0.8535319932391887,
      "residual_autocorr_lag1": 0.7913067595849557,
      "spectral_entropy": -1585.1959333188438
    }
  }
}