{
  "model": "sundial",
  "dataset": "Coastal_T_S_20T",
  "method": "BM",
  "ratio": 0.1,
  "term": "long",
  "imputation_method": "forward",
  "n_windows": 7,
  "period": 72,
  "summary": {
    "mean": {
      "trend_strength": 0.9979468904804051,
      "trend_linearity": -0.0010030608588964109,
      "seasonal_strength": 0.18988987927823844,
      "seasonal_correlation": 0.48594345081950224,
      "residual_autocorr_lag1": 0.854039379404704,
      "spectral_entropy": -400.6981828956436
    },
    "std": {
      "trend_strength": 0.0011521328924216769,
      "trend_linearity": 0.0008874078153879746,
      "seasonal_strength": 0.12122900925504539,
      "seasonal_correlation": 0.09993242410150528,
      "residual_autocorr_lag1": 0.056581105006787806,
      "spectral_entropy": 502.49395248158913
    },
    "min": {
      "trend_strength": 0.9958569627953239,
      "trend_linearity": -0.002333018838040334,
      "seasonal_strength": 0.023307386650336714,
      "seasonal_correlation": 0.3412063866203665,
      "residual_autocorr_lag1": 0.7600395487049221,
      "spectral_entropy": -1186.4799464113582
    },
    "max": {
      "trend_strength": 0.999323554193036,
      "trend_linearity": 0.00036394547064379603,
      "seasonal_strength": 0.36330420183837164,
      "seasonal_correlation": 0.6696106477123399,
      "residual_autocorr_lag1": 0.94141168268411,
      "spectral_entropy": 279.5956291778555
    }
  }
}