window_idx,n_series,trend_strength,trend_linearity,seasonal_strength,seasonal_correlation,residual_autocorr_lag1,spectral_entropy
0,1,0.308900795954421,0.0006148073726564763,0.28190592330803943,0.3131388249116507,-0.051984110055426254,1772.6880134466955
1,1,0.39821591697336745,-0.00021445262397736637,0.25677462522075334,0.19511634642203426,0.009555993130294359,1813.8338139563978
2,1,0.6166890088956322,-0.003065697840949941,0.18760111507795396,0.16006128652868876,-0.021732935257593542,1935.0338724301319
3,1,0.3722129438796212,-0.0011457654765844583,0.3325595763126169,0.2996316387232413,0.041816054514535676,1900.1834991753408
4,1,0.99567540967585,-0.024073537909741625,0.17682758459235348,0.19159969644655012,-0.021024915587244643,2022.6241263822005
5,1,0.9387573025877288,-0.0038085755420495483,0.21278429019556522,0.25196994876628276,-0.015246370418767816,1329.689609814666
6,1,0.9997328705877256,0.07704659716836193,0.16077327938068542,0.30307703630486277,0.3623312451055464,2835.31219831418
7,1,0.9979467047743151,0.029514636483408584,0.3025537378455243,0.6476073430219029,0.6762366400597882,2186.420069067748
