window_idx,n_series,trend_strength,trend_linearity,seasonal_strength,seasonal_correlation,residual_autocorr_lag1,spectral_entropy
0,1,0.9975171458958214,-0.0006989522807789254,0.0023603155862371716,0.37322102265152757,0.852424094068083,-386.3318202375013
1,1,0.9986975490553821,-0.002563344191106458,0.0,0.2451333798476764,0.9606029141489205,383.49955701303634
2,1,0.998304233429409,-0.0013389121082544174,0.06291670542161298,0.5211831694633184,0.8848953264851206,48.34658990934352
3,1,0.9984190667507445,-0.0019435434741231663,0.00824988007306271,0.4988721949962912,0.8713866992792786,290.29213888626185
4,1,0.9989725513003462,-0.001007084158209607,0.13799692341802483,0.5183190846853014,0.8424198386337164,-429.68518958555666
5,1,0.9855746189220569,0.00022120457778544326,0.0,0.29765736648030616,0.9192247746955632,-1753.7590777076825
6,1,0.9967691177167608,-0.0006516373904342448,0.07706641954840221,0.18768760805260626,0.9470890149350687,-367.9989353226649
