window_idx,n_series,trend_strength,trend_linearity,seasonal_strength,seasonal_correlation,residual_autocorr_lag1,spectral_entropy
0,1,0.4942000395319237,-0.00017829393297440397,0.20015413942895632,0.17499420189551065,0.1069324434568754,1797.380191322005
1,1,0.5271725767565785,-0.0005942582849497389,0.23307483637073645,0.258138899603697,0.028162417296096327,1812.9974368226008
2,1,0.8009482186185337,-0.002010211051749128,0.26713554742426393,0.24305686098150825,-0.03611095507602576,1797.6143590291597
3,1,0.62307873267571,-0.0017413098424095292,0.2700387329169639,0.23955853159736962,0.017208269634544505,1808.4155962502373
4,1,0.9991767127860279,-0.05492768377211502,0.20711672323385788,0.2644740065608097,0.2100255204777295,2564.837657268236
5,1,0.9982030956935966,-0.025104458536624265,0.22443621894461174,0.2863696333578087,0.15601323095625205,2013.7405163683302
6,1,0.9998746857574443,0.08704314502341914,0.3286023315790929,0.38648932175682466,0.3301513393267979,2881.3699546248
7,1,0.9987013344293929,0.027387935234955946,0.41923384494612714,0.6670753853947686,0.4497288703101161,2159.859321717733
