window_idx,n_series,trend_strength,trend_linearity,seasonal_strength,seasonal_correlation,residual_autocorr_lag1,spectral_entropy
0,1,0.9829759478233563,-0.0006292255894706762,0.3386897301161984,0.6113514017707848,0.8935664826276335,-464.86195241352164
1,1,0.9978863424540817,-0.0015248628834075711,0.0814253067210211,0.5612391731186815,0.9110338234571758,17.291809364569076
2,1,0.9984453315762027,-0.0015351623906072534,0.08737372164653245,0.5728601203250073,0.8648848627608507,-4.767222858830792
3,1,0.8372859048228735,-0.0007530528214025278,0.0,0.6198141903605281,0.968828610912938,-32.947375774075795
4,1,0.9807977002345267,-0.0008509445717355301,0.04496903065437352,0.28072575503832875,0.9620837377341074,-335.1778969496776
5,1,0.6222229325731666,7.370830070042819e-05,0.0,0.4501533840335775,0.9880858802825694,-673.3234314427721
6,1,0.7596258638736884,-0.0007831085595846031,0.0,0.45305672908137995,0.9932758804762227,-126.2627465271141
