window_idx,n_series,trend_strength,trend_linearity,seasonal_strength,seasonal_correlation,residual_autocorr_lag1,spectral_entropy
0,1,0.9967355909392266,-0.0009108583782808426,0.0,0.3709723876201092,0.902978234026487,-203.34237523142843
1,1,0.9994754888358808,-0.0023977124010458686,0.08847932352231658,0.5385399936792101,0.9070761367427833,301.7566538736447
2,1,0.9995229017761046,-0.0013784829425964346,0.2381423786962633,0.5789871258705169,0.7150465879816085,-84.41664395793589
3,1,0.9990988973849945,-0.0013214100621098668,0.19208142203594825,0.628671256999543,0.8014544181131257,-55.70259035585633
4,1,0.9794258175143818,-0.0001132131869623932,0.1591653636193603,0.38471416726635893,0.68958772089712,-1746.8808671443612
5,1,0.995866916949618,0.0003516674310991025,0.3271392313683229,0.6218866257525745,0.8891203397466269,-1234.6212911174823
6,1,0.9951952950303476,-0.0005069037596133065,0.300782257112012,0.38409489412365466,0.868612691184211,-627.4665771189318
