{
  "model": "sundial",
  "dataset": "Coastal_T_S_H",
  "method": "BM",
  "ratio": 0.3,
  "term": "long",
  "imputation_method": "forward",
  "n_windows": 8,
  "period": 24,
  "summary": {
    "mean": {
      "trend_strength": 0.8346831338338374,
      "trend_linearity": 0.005211342669093646,
      "seasonal_strength": 0.28977879850475013,
      "seasonal_correlation": 0.3552474915768665,
      "residual_autocorr_lag1": 0.19243736126476266,
      "spectral_entropy": 2036.8482717071843
    },
    "std": {
      "trend_strength": 0.17212421871202516,
      "trend_linearity": 0.0299804223380646,
      "seasonal_strength": 0.049271137936584754,
      "seasonal_correlation": 0.13603949801190623,
      "residual_autocorr_lag1": 0.23973714946968538,
      "spectral_entropy": 377.1521000089844
    },
    "min": {
      "trend_strength": 0.5390765510660204,
      "trend_linearity": -0.0409031088928945,
      "seasonal_strength": 0.21652337674786715,
      "seasonal_correlation": 0.20538079733184883,
      "residual_autocorr_lag1": -0.0354111195381262,
      "spectral_entropy": 1681.7006449175803
    },
    "max": {
      "trend_strength": 0.9995958590027485,
      "trend_linearity": 0.06806512150192322,
      "seasonal_strength": 0.38081697137218196,
      "seasonal_correlation": 0.6885472436335858,
      "residual_autocorr_lag1": 0.6174198485622827,
      "spectral_entropy": 2781.1214657369565
    }
  }
}