{
  "model": "sundial",
  "dataset": "Coastal_T_S_20T",
  "method": "BM",
  "ratio": 0.1,
  "term": "long",
  "imputation_method": "backward",
  "n_windows": 7,
  "period": 72,
  "summary": {
    "mean": {
      "trend_strength": 0.9963074167516505,
      "trend_linearity": -0.0009606520695520951,
      "seasonal_strength": 0.16655286747290995,
      "seasonal_correlation": 0.4940110415953914,
      "residual_autocorr_lag1": 0.8504901572836475,
      "spectral_entropy": -451.58804317333824
    },
    "std": {
      "trend_strength": 0.0035145399458380334,
      "trend_linearity": 0.0008127190124806682,
      "seasonal_strength": 0.07591517482363337,
      "seasonal_correlation": 0.11095540517398217,
      "residual_autocorr_lag1": 0.09804468791101835,
      "spectral_entropy": 573.121871216736
    },
    "min": {
      "trend_strength": 0.9881053154657903,
      "trend_linearity": -0.0025105534263036907,
      "seasonal_strength": 0.035913958090992404,
      "seasonal_correlation": 0.23649746852277598,
      "residual_autocorr_lag1": 0.6433795406518991,
      "spectral_entropy": -1475.0609001992682
    },
    "max": {
      "trend_strength": 0.9994050797270606,
      "trend_linearity": 0.00025858865928586583,
      "seasonal_strength": 0.2663617628987467,
      "seasonal_correlation": 0.5829922012346971,
      "residual_autocorr_lag1": 0.9338976900377561,
      "spectral_entropy": 347.3099509754756
    }
  }
}