{
  "model": "sundial",
  "dataset": "Coastal_T_S_H",
  "method": "BM",
  "ratio": 0.2,
  "term": "long",
  "imputation_method": "mean",
  "n_windows": 8,
  "period": 24,
  "summary": {
    "mean": {
      "trend_strength": 0.6068984601951725,
      "trend_linearity": 0.00394706850611693,
      "seasonal_strength": 0.2257235897382206,
      "seasonal_correlation": 0.22531710221117704,
      "residual_autocorr_lag1": 0.15666316427721574,
      "spectral_entropy": 1997.523781165803
    },
    "std": {
      "trend_strength": 0.39492654885396855,
      "trend_linearity": 0.024896515487132665,
      "seasonal_strength": 0.04993987428191802,
      "seasonal_correlation": 0.08796764493374058,
      "residual_autocorr_lag1": 0.25951173845367415,
      "spectral_entropy": 353.3158011272979
    },
    "min": {
      "trend_strength": 0.09564380740142109,
      "trend_linearity": -0.03717544508478094,
      "seasonal_strength": 0.1252603583061842,
      "seasonal_correlation": 0.09413770666992778,
      "residual_autocorr_lag1": -0.10456809979177188,
      "spectral_entropy": 1592.8770103117886
    },
    "max": {
      "trend_strength": 0.9994437625122358,
      "trend_linearity": 0.04980025304584225,
      "seasonal_strength": 0.2896336507206544,
      "seasonal_correlation": 0.34323397951871293,
      "residual_autocorr_lag1": 0.6267411650499172,
      "spectral_entropy": 2615.149635770122
    }
  }
}