{
  "model": "sundial",
  "dataset": "current_velocity_15T",
  "method": "BM",
  "ratio": 0.2,
  "term": "long",
  "imputation_method": "backward",
  "n_windows": 15,
  "period": 96,
  "summary": {
    "mean": {
      "trend_strength": 0.9566152181428753,
      "trend_linearity": -0.00015918896915444717,
      "seasonal_strength": 0.07908345283558438,
      "seasonal_correlation": 0.5794425031325657,
      "residual_autocorr_lag1": 0.9739284264098629,
      "spectral_entropy": -1332.5331310616505
    },
    "std": {
      "trend_strength": 0.042869068219097285,
      "trend_linearity": 0.00025471878840900076,
      "seasonal_strength": 0.12043129719833909,
      "seasonal_correlation": 0.1993085036908996,
      "residual_autocorr_lag1": 0.016423453921235436,
      "spectral_entropy": 597.8969709176956
    },
    "min": {
      "trend_strength": 0.8409287778206587,
      "trend_linearity": -0.0006896351089000886,
      "seasonal_strength": 0.0,
      "seasonal_correlation": 0.10721505742286912,
      "residual_autocorr_lag1": 0.9336449503418722,
      "spectral_entropy": -2297.885279007828
    },
    "max": {
      "trend_strength": 0.997439639977944,
      "trend_linearity": 0.0002611825374685794,
      "seasonal_strength": 0.42433774428426707,
      "seasonal_correlation": 0.8301967089894811,
      "residual_autocorr_lag1": 0.992486211539909,
      "spectral_entropy": -321.6161860569876
    }
  }
}