window_idx,n_series,trend_strength,trend_linearity,seasonal_strength,seasonal_correlation,residual_autocorr_lag1,spectral_entropy
0,1,0.9787371635919959,0.007079254386308589,0.9952900191163182,0.9982809275568442,0.8033613219947936,1211.201502763152
1,1,0.8749454768314056,0.0036895323466559857,0.984957582131826,0.9959489368468457,0.5919274135293565,1989.169504107793
2,1,0.9211377761351149,-0.0011678627444999714,0.9957732506202777,0.9984216162729301,0.7403057753741042,1029.83379318265
3,1,0.9304437774218446,0.0049698904966420186,0.9963165275950829,0.9984399753513022,0.7112469597540358,1216.9929796963202
4,1,0.9663171853301108,-0.008219757967884047,0.9968104022482369,0.9985715953322067,0.7324303900320164,1518.5280419350024
