window_idx,n_series,trend_strength,trend_linearity,seasonal_strength,seasonal_correlation,residual_autocorr_lag1,spectral_entropy
0,1,0.972409878469386,0.005352054644478998,0.9969052716340601,0.9987864044425475,0.807071610651015,1363.9942454769753
1,1,0.8638765330098083,0.0048207617030343475,0.9818421318882461,0.9970655997923403,0.6677727520529649,2055.2680107527917
2,1,0.7644659270137983,0.000732382676075475,0.997251597317974,0.9991570074568887,0.7321388883103955,1160.4586974083436
3,1,0.8778878593777197,0.002711992028655612,0.99776744765168,0.998906979664089,0.7007605324637247,1161.1139389785017
4,1,0.8937993089563323,-0.0019240404842631351,0.9958316583263803,0.9982662524178397,0.664726732435019,1519.3518254906983
