{
  "model": "sundial",
  "dataset": "current_velocity_20T",
  "method": "BM",
  "ratio": 0.1,
  "term": "long",
  "imputation_method": "linear",
  "n_windows": 14,
  "period": 72,
  "summary": {
    "mean": {
      "trend_strength": 0.46265906127292816,
      "trend_linearity": -0.000682792383321865,
      "seasonal_strength": 0.843827165540448,
      "seasonal_correlation": 0.9516286074304726,
      "residual_autocorr_lag1": 0.9346067698746985,
      "spectral_entropy": 1669.1713248588853
    },
    "std": {
      "trend_strength": 0.25391375086251694,
      "trend_linearity": 0.004857543315228881,
      "seasonal_strength": 0.07495575240944134,
      "seasonal_correlation": 0.03367742250598579,
      "residual_autocorr_lag1": 0.0464217237688241,
      "spectral_entropy": 289.8083546028441
    },
    "min": {
      "trend_strength": 0.0,
      "trend_linearity": -0.012932432811794466,
      "seasonal_strength": 0.7126221826216992,
      "seasonal_correlation": 0.8639670260633094,
      "residual_autocorr_lag1": 0.8276191694487012,
      "spectral_entropy": 1017.1913840841605
    },
    "max": {
      "trend_strength": 0.8833642780578056,
      "trend_linearity": 0.007066399648053597,
      "seasonal_strength": 0.9535582966173723,
      "seasonal_correlation": 0.9918021384046329,
      "residual_autocorr_lag1": 0.98955056755453,
      "spectral_entropy": 2124.2870959481643
    }
  }
}