{
  "model": "sundial",
  "dataset": "current_velocity_H",
  "method": "BM",
  "ratio": 0.2,
  "term": "long",
  "imputation_method": "backward",
  "n_windows": 5,
  "period": 24,
  "summary": {
    "mean": {
      "trend_strength": 0.8898216451031435,
      "trend_linearity": 0.0013629238285831433,
      "seasonal_strength": 0.9936182062572527,
      "seasonal_correlation": 0.9980067043491502,
      "residual_autocorr_lag1": 0.7775195393802964,
      "spectral_entropy": 1375.4420705099903
    },
    "std": {
      "trend_strength": 0.06009474185231853,
      "trend_linearity": 0.003889649244203435,
      "seasonal_strength": 0.004723577087523936,
      "seasonal_correlation": 0.0011905469671027401,
      "residual_autocorr_lag1": 0.062115481640045926,
      "spectral_entropy": 345.38229673569737
    },
    "min": {
      "trend_strength": 0.7975287869314537,
      "trend_linearity": -0.005120462609840249,
      "seasonal_strength": 0.9842150254075421,
      "seasonal_correlation": 0.9957041737086547,
      "residual_autocorr_lag1": 0.6740848820744981,
      "spectral_entropy": 989.6046472201788
    },
    "max": {
      "trend_strength": 0.9736803868010258,
      "trend_linearity": 0.0064419181967863386,
      "seasonal_strength": 0.9964825166722605,
      "seasonal_correlation": 0.9989892327172754,
      "residual_autocorr_lag1": 0.8445556115682312,
      "spectral_entropy": 1981.8492023439844
    }
  }
}