{
  "model": "sundial",
  "dataset": "current_velocity_5T",
  "method": "BM",
  "ratio": 0.2,
  "term": "long",
  "imputation_method": "backward",
  "n_windows": 20,
  "period": 288,
  "summary": {
    "mean": {
      "trend_strength": 0.3713107208835479,
      "trend_linearity": 5.959327224942125e-05,
      "seasonal_strength": 0.9905454475923363,
      "seasonal_correlation": 0.9683542253655437,
      "residual_autocorr_lag1": 0.8839217345448876,
      "spectral_entropy": -1106.450123437686
    },
    "std": {
      "trend_strength": 0.271723954178799,
      "trend_linearity": 8.00452803301627e-05,
      "seasonal_strength": 0.006889261067940475,
      "seasonal_correlation": 0.04195626769480298,
      "residual_autocorr_lag1": 0.1249818306257623,
      "spectral_entropy": 382.2112524721969
    },
    "min": {
      "trend_strength": 0.022532312974872126,
      "trend_linearity": -7.849030608961194e-05,
      "seasonal_strength": 0.9678933309086399,
      "seasonal_correlation": 0.7987250994284282,
      "residual_autocorr_lag1": 0.5334948141002607,
      "spectral_entropy": -1744.4668079363623
    },
    "max": {
      "trend_strength": 0.8264062461370415,
      "trend_linearity": 0.00020116377944716073,
      "seasonal_strength": 0.9970146518332783,
      "seasonal_correlation": 0.9951603741864161,
      "residual_autocorr_lag1": 0.9919066016476689,
      "spectral_entropy": -290.2626846461504
    }
  }
}