{
  "model": "sundial",
  "dataset": "current_velocity_20T",
  "method": "BM",
  "ratio": 0.2,
  "term": "long",
  "imputation_method": "backward",
  "n_windows": 14,
  "period": 72,
  "summary": {
    "mean": {
      "trend_strength": 0.4223535009516694,
      "trend_linearity": -0.0013424956614613186,
      "seasonal_strength": 0.6898480019192744,
      "seasonal_correlation": 0.9238496152679401,
      "residual_autocorr_lag1": 0.9555228953934389,
      "spectral_entropy": 1715.6580037963936
    },
    "std": {
      "trend_strength": 0.17913304670652605,
      "trend_linearity": 0.00454039682595677,
      "seasonal_strength": 0.23040302627809464,
      "seasonal_correlation": 0.1264691129483082,
      "residual_autocorr_lag1": 0.03152671434988462,
      "spectral_entropy": 353.9620505967243
    },
    "min": {
      "trend_strength": 0.05972524316296046,
      "trend_linearity": -0.009672540119584622,
      "seasonal_strength": 0.0027341588709914877,
      "seasonal_correlation": 0.47634735246730014,
      "residual_autocorr_lag1": 0.8808701613064881,
      "spectral_entropy": 787.612598941632
    },
    "max": {
      "trend_strength": 0.8183406051968849,
      "trend_linearity": 0.010293784318858506,
      "seasonal_strength": 0.928130351608057,
      "seasonal_correlation": 0.985558575538704,
      "residual_autocorr_lag1": 0.9896286390728292,
      "spectral_entropy": 2332.4584597532375
    }
  }
}