{
  "model": "sundial",
  "dataset": "current_velocity_15T",
  "method": "BM",
  "ratio": 0.2,
  "term": "long",
  "imputation_method": "forward",
  "n_windows": 15,
  "period": 96,
  "summary": {
    "mean": {
      "trend_strength": 0.9536900980112165,
      "trend_linearity": -0.00013297041788292436,
      "seasonal_strength": 0.08793011862052544,
      "seasonal_correlation": 0.5119080828933356,
      "residual_autocorr_lag1": 0.9651968528247726,
      "spectral_entropy": -1366.1924673044473
    },
    "std": {
      "trend_strength": 0.043177968066377435,
      "trend_linearity": 0.00024232582181127883,
      "seasonal_strength": 0.09165397714680644,
      "seasonal_correlation": 0.19018704981282514,
      "residual_autocorr_lag1": 0.029032124365477002,
      "spectral_entropy": 606.368222925077
    },
    "min": {
      "trend_strength": 0.8615899136985534,
      "trend_linearity": -0.0006991997369178735,
      "seasonal_strength": 0.0,
      "seasonal_correlation": 0.0793514007954319,
      "residual_autocorr_lag1": 0.8923249740371787,
      "spectral_entropy": -2802.7687691519573
    },
    "max": {
      "trend_strength": 0.9945410660160166,
      "trend_linearity": 0.0002181333044039075,
      "seasonal_strength": 0.3281014136759116,
      "seasonal_correlation": 0.7467960919829028,
      "residual_autocorr_lag1": 0.991693879430153,
      "spectral_entropy": -407.185213476851
    }
  }
}