{
  "model": "sundial",
  "dataset": "current_velocity_H",
  "method": "BM",
  "ratio": 0.3,
  "term": "long",
  "imputation_method": "forward",
  "n_windows": 5,
  "period": 24,
  "summary": {
    "mean": {
      "trend_strength": 0.8904924770691496,
      "trend_linearity": 0.002546473401223197,
      "seasonal_strength": 0.9884922944824035,
      "seasonal_correlation": 0.9968132307565778,
      "residual_autocorr_lag1": 0.7265521282519237,
      "spectral_entropy": 1427.0069145548566
    },
    "std": {
      "trend_strength": 0.06376450102975004,
      "trend_linearity": 0.003548856174570613,
      "seasonal_strength": 0.014779327650352392,
      "seasonal_correlation": 0.003373768163673224,
      "residual_autocorr_lag1": 0.04852806791925449,
      "spectral_entropy": 334.27167837233327
    },
    "min": {
      "trend_strength": 0.7897106743737532,
      "trend_linearity": -0.003642145291918747,
      "seasonal_strength": 0.9589520939304992,
      "seasonal_correlation": 0.9901629946237708,
      "residual_autocorr_lag1": 0.6532636843246403,
      "spectral_entropy": 1103.5774673606002
    },
    "max": {
      "trend_strength": 0.9761133386239268,
      "trend_linearity": 0.006438377372482201,
      "seasonal_strength": 0.9968511965993038,
      "seasonal_correlation": 0.9989730966707363,
      "residual_autocorr_lag1": 0.7793581457324535,
      "spectral_entropy": 2051.293447287035
    }
  }
}