window_idx,n_series,trend_strength,trend_linearity,seasonal_strength,seasonal_correlation,residual_autocorr_lag1,spectral_entropy
0,1,0.9736803868010258,0.0064419181967863386,0.996257789154787,0.9989892327172754,0.8073973702448236,1147.525986458059
1,1,0.8656311787277386,0.003968141863941331,0.9842150254075421,0.9957041737086547,0.6740848820744981,1981.8492023439844
2,1,0.7975287869314537,0.0003699422523523057,0.9951393650545106,0.9984758024447947,0.8445556115682312,989.6046472201788
3,1,0.8797780131296783,0.0011550794396759895,0.9959963349971633,0.9980872440736624,0.8206870405284659,1261.0648415853188
4,1,0.9324898599258219,-0.005120462609840249,0.9964825166722605,0.998777068801364,0.7408727924854631,1497.1656749424114
