{
  "model": "sundial",
  "dataset": "current_velocity_5T",
  "method": "BM",
  "ratio": 0.3,
  "term": "long",
  "imputation_method": "mean",
  "n_windows": 20,
  "period": 288,
  "summary": {
    "mean": {
      "trend_strength": 0.4338356732307421,
      "trend_linearity": 3.536848853965963e-05,
      "seasonal_strength": 0.990430915772872,
      "seasonal_correlation": 0.9628948941493076,
      "residual_autocorr_lag1": 0.8081178547349455,
      "spectral_entropy": -1297.0102270448035
    },
    "std": {
      "trend_strength": 0.2918488095639823,
      "trend_linearity": 7.335391991426996e-05,
      "seasonal_strength": 0.008223667262279027,
      "seasonal_correlation": 0.025551879625286295,
      "residual_autocorr_lag1": 0.18088694116148554,
      "spectral_entropy": 404.6812972641364
    },
    "min": {
      "trend_strength": 0.027863157776731318,
      "trend_linearity": -0.00015616031833055386,
      "seasonal_strength": 0.9713934007933074,
      "seasonal_correlation": 0.8718710186124602,
      "residual_autocorr_lag1": 0.2905136072324822,
      "spectral_entropy": -1807.7868629111322
    },
    "max": {
      "trend_strength": 0.9461866503625421,
      "trend_linearity": 0.00012927514841677872,
      "seasonal_strength": 0.9991735406649883,
      "seasonal_correlation": 0.9935661243483411,
      "residual_autocorr_lag1": 0.9863115401136257,
      "spectral_entropy": -495.13782338229623
    }
  }
}