{
  "model": "sundial",
  "dataset": "current_velocity_20T",
  "method": "BM",
  "ratio": 0.3,
  "term": "long",
  "imputation_method": "linear",
  "n_windows": 14,
  "period": 72,
  "summary": {
    "mean": {
      "trend_strength": 0.5598864732274264,
      "trend_linearity": -0.0018929066124796186,
      "seasonal_strength": 0.7404250357787363,
      "seasonal_correlation": 0.937599011930031,
      "residual_autocorr_lag1": 0.950869044405626,
      "spectral_entropy": 1721.0833684437177
    },
    "std": {
      "trend_strength": 0.2182335401921798,
      "trend_linearity": 0.0041311458009696276,
      "seasonal_strength": 0.16270377247327797,
      "seasonal_correlation": 0.0469180985051101,
      "residual_autocorr_lag1": 0.04298078775592019,
      "spectral_entropy": 316.40072096602756
    },
    "min": {
      "trend_strength": 0.07208928322177621,
      "trend_linearity": -0.00934102167096093,
      "seasonal_strength": 0.3203757040394808,
      "seasonal_correlation": 0.8535311010677558,
      "residual_autocorr_lag1": 0.8265777279240711,
      "spectral_entropy": 877.9146390803508
    },
    "max": {
      "trend_strength": 0.8441978080603112,
      "trend_linearity": 0.0063680389124719395,
      "seasonal_strength": 0.9432255752254597,
      "seasonal_correlation": 0.991443259647098,
      "residual_autocorr_lag1": 0.9914950647547968,
      "spectral_entropy": 2228.516417469898
    }
  }
}