{
  "model": "sundial",
  "dataset": "current_velocity_15T",
  "method": "clean",
  "ratio": null,
  "term": "long",
  "imputation_method": null,
  "n_windows": 15,
  "period": 96,
  "summary": {
    "mean": {
      "trend_strength": 0.9380440519701074,
      "trend_linearity": -7.684026364069154e-05,
      "seasonal_strength": 0.11375225089923381,
      "seasonal_correlation": 0.5586257552274456,
      "residual_autocorr_lag1": 0.9625792642320036,
      "spectral_entropy": -1538.7365668347609
    },
    "std": {
      "trend_strength": 0.10310813773611656,
      "trend_linearity": 0.00018659305127433792,
      "seasonal_strength": 0.14093726042444815,
      "seasonal_correlation": 0.17978572101998003,
      "residual_autocorr_lag1": 0.030994068086126376,
      "spectral_entropy": 561.8743120711092
    },
    "min": {
      "trend_strength": 0.6329974712211179,
      "trend_linearity": -0.00048665861172688573,
      "seasonal_strength": 0.0,
      "seasonal_correlation": 0.13738451570591254,
      "residual_autocorr_lag1": 0.8746205700230124,
      "spectral_entropy": -2931.4784129803575
    },
    "max": {
      "trend_strength": 0.9957232016027018,
      "trend_linearity": 0.00035394547701980613,
      "seasonal_strength": 0.44006555011798876,
      "seasonal_correlation": 0.7528494138455422,
      "residual_autocorr_lag1": 0.9946723487118155,
      "spectral_entropy": -629.2196002349023
    }
  }
}