{
  "model": "sundial",
  "dataset": "electricity",
  "method": "BM",
  "ratio": 0.1,
  "term": "long",
  "imputation_method": "linear",
  "n_windows": 20,
  "period": 24,
  "summary": {
    "mean": {
      "trend_strength": 0.49614541297270653,
      "trend_linearity": 0.03613282795199117,
      "seasonal_strength": 0.6575509705725824,
      "seasonal_correlation": 0.9673261557464627,
      "residual_autocorr_lag1": 0.9478568798225497,
      "spectral_entropy": 4560.462995459624
    },
    "std": {
      "trend_strength": 0.12486337127666618,
      "trend_linearity": 0.1634435652362193,
      "seasonal_strength": 0.14220695840899972,
      "seasonal_correlation": 0.03409279572494538,
      "residual_autocorr_lag1": 0.021235009594444305,
      "spectral_entropy": 275.08600017522826
    },
    "min": {
      "trend_strength": 0.2619160971915553,
      "trend_linearity": -0.18034621657454222,
      "seasonal_strength": 0.42574846639549724,
      "seasonal_correlation": 0.8594988371223868,
      "residual_autocorr_lag1": 0.8953241441213815,
      "spectral_entropy": 4088.2442444575645
    },
    "max": {
      "trend_strength": 0.6806991984954311,
      "trend_linearity": 0.48837983612728597,
      "seasonal_strength": 0.9108893694411954,
      "seasonal_correlation": 0.9975044042317327,
      "residual_autocorr_lag1": 0.9758847266110597,
      "spectral_entropy": 5135.937893981305
    }
  }
}