{
  "model": "sundial",
  "dataset": "electricity",
  "method": "BM",
  "ratio": 0.3,
  "term": "long",
  "imputation_method": "mean",
  "n_windows": 20,
  "period": 24,
  "summary": {
    "mean": {
      "trend_strength": 0.55304936392889,
      "trend_linearity": 0.011746257811341853,
      "seasonal_strength": 0.811967546413378,
      "seasonal_correlation": 0.9797884388814284,
      "residual_autocorr_lag1": 0.9359363951729229,
      "spectral_entropy": 4326.8752158209145
    },
    "std": {
      "trend_strength": 0.17582442604094836,
      "trend_linearity": 0.20143295641876485,
      "seasonal_strength": 0.1437616598147556,
      "seasonal_correlation": 0.02840446003025843,
      "residual_autocorr_lag1": 0.02328701028149865,
      "spectral_entropy": 251.67585720286442
    },
    "min": {
      "trend_strength": 0.27358108795950553,
      "trend_linearity": -0.2797557290360483,
      "seasonal_strength": 0.4722745325675761,
      "seasonal_correlation": 0.8724675783835791,
      "residual_autocorr_lag1": 0.8693095297468164,
      "spectral_entropy": 3715.3859286878696
    },
    "max": {
      "trend_strength": 0.9045632881342449,
      "trend_linearity": 0.5791452467663215,
      "seasonal_strength": 0.9613015740259395,
      "seasonal_correlation": 0.9988370720329884,
      "residual_autocorr_lag1": 0.9713461245711332,
      "spectral_entropy": 4782.18745113946
    }
  }
}