{
  "model": "sundial",
  "dataset": "electricity",
  "method": "BM",
  "ratio": 0.1,
  "term": "long",
  "imputation_method": "mean",
  "n_windows": 20,
  "period": 24,
  "summary": {
    "mean": {
      "trend_strength": 0.4858816710276083,
      "trend_linearity": 0.0551792301423602,
      "seasonal_strength": 0.6660381373763601,
      "seasonal_correlation": 0.9641379882973149,
      "residual_autocorr_lag1": 0.945263775782772,
      "spectral_entropy": 4556.087454322891
    },
    "std": {
      "trend_strength": 0.11372984753585798,
      "trend_linearity": 0.20480343893768532,
      "seasonal_strength": 0.11756609245273036,
      "seasonal_correlation": 0.044702691819218585,
      "residual_autocorr_lag1": 0.023748556390237638,
      "spectral_entropy": 254.131484001564
    },
    "min": {
      "trend_strength": 0.23722585906822335,
      "trend_linearity": -0.4007258083129057,
      "seasonal_strength": 0.43226278587930356,
      "seasonal_correlation": 0.8030017821857292,
      "residual_autocorr_lag1": 0.8650270014261788,
      "spectral_entropy": 4126.64732453539
    },
    "max": {
      "trend_strength": 0.6724126246830038,
      "trend_linearity": 0.5363596221017632,
      "seasonal_strength": 0.8833528892035782,
      "seasonal_correlation": 0.9979015963821873,
      "residual_autocorr_lag1": 0.9745374501154719,
      "spectral_entropy": 5106.844764294841
    }
  }
}