{
  "model": "sundial",
  "dataset": "electricity",
  "method": "BM",
  "ratio": 0.2,
  "term": "long",
  "imputation_method": "mean",
  "n_windows": 20,
  "period": 24,
  "summary": {
    "mean": {
      "trend_strength": 0.576291170666107,
      "trend_linearity": -0.049511619567438624,
      "seasonal_strength": 0.7276308888527983,
      "seasonal_correlation": 0.9626713627653325,
      "residual_autocorr_lag1": 0.9323148856721406,
      "spectral_entropy": 4511.450894590333
    },
    "std": {
      "trend_strength": 0.12988172746457327,
      "trend_linearity": 0.18245996873653417,
      "seasonal_strength": 0.13597850153005336,
      "seasonal_correlation": 0.04314730332128468,
      "residual_autocorr_lag1": 0.03675011888944223,
      "spectral_entropy": 226.6092632511184
    },
    "min": {
      "trend_strength": 0.2898837204890542,
      "trend_linearity": -0.38243145678882856,
      "seasonal_strength": 0.4620997759546992,
      "seasonal_correlation": 0.8160037302098171,
      "residual_autocorr_lag1": 0.8564516842854994,
      "spectral_entropy": 4137.37487656986
    },
    "max": {
      "trend_strength": 0.8067489780228445,
      "trend_linearity": 0.4006959710628984,
      "seasonal_strength": 0.9302220831121478,
      "seasonal_correlation": 0.9984889652158514,
      "residual_autocorr_lag1": 0.9767295176504224,
      "spectral_entropy": 5020.185727092751
    }
  }
}