{
  "model": "sundial",
  "dataset": "ETTh1",
  "method": "BM",
  "ratio": 0.1,
  "term": "long",
  "imputation_method": "linear",
  "n_windows": 15,
  "period": 24,
  "summary": {
    "mean": {
      "trend_strength": 0.9799736551700087,
      "trend_linearity": 4.655629614509213e-05,
      "seasonal_strength": 0.9688836952337406,
      "seasonal_correlation": 0.9912791377788917,
      "residual_autocorr_lag1": 0.8146645757751808,
      "spectral_entropy": 760.4287021248718
    },
    "std": {
      "trend_strength": 0.023019506499687915,
      "trend_linearity": 0.0029830018895009975,
      "seasonal_strength": 0.028855477409506423,
      "seasonal_correlation": 0.006810450595225636,
      "residual_autocorr_lag1": 0.052903338930981814,
      "spectral_entropy": 607.2038367573708
    },
    "min": {
      "trend_strength": 0.9006510547268625,
      "trend_linearity": -0.004082097006834097,
      "seasonal_strength": 0.9004837244428242,
      "seasonal_correlation": 0.974998946784087,
      "residual_autocorr_lag1": 0.7225422835780713,
      "spectral_entropy": -227.21267117512835
    },
    "max": {
      "trend_strength": 0.996360429095198,
      "trend_linearity": 0.007183164134659442,
      "seasonal_strength": 0.9910516132999897,
      "seasonal_correlation": 0.9986282859501475,
      "residual_autocorr_lag1": 0.9096811933183953,
      "spectral_entropy": 1509.3514951537497
    }
  }
}