{
  "model": "sundial",
  "dataset": "ETTh1",
  "method": "BM",
  "ratio": 0.1,
  "term": "long",
  "imputation_method": "backward",
  "n_windows": 15,
  "period": 24,
  "summary": {
    "mean": {
      "trend_strength": 0.9778444435740777,
      "trend_linearity": 0.0003959878940344154,
      "seasonal_strength": 0.9685404933193891,
      "seasonal_correlation": 0.9929088532885945,
      "residual_autocorr_lag1": 0.8313395779727862,
      "spectral_entropy": 706.1000731757089
    },
    "std": {
      "trend_strength": 0.025157358213896065,
      "trend_linearity": 0.0030692396467984235,
      "seasonal_strength": 0.025595506912364778,
      "seasonal_correlation": 0.0035706960640918117,
      "residual_autocorr_lag1": 0.05549168442818841,
      "spectral_entropy": 575.1862889411977
    },
    "min": {
      "trend_strength": 0.9010744832505259,
      "trend_linearity": -0.0034314661878852657,
      "seasonal_strength": 0.9058313969142509,
      "seasonal_correlation": 0.985593658792641,
      "residual_autocorr_lag1": 0.7426383059881988,
      "spectral_entropy": -234.05671570366135
    },
    "max": {
      "trend_strength": 0.9968793041498805,
      "trend_linearity": 0.008214228352485857,
      "seasonal_strength": 0.9899358354884258,
      "seasonal_correlation": 0.9972403202359591,
      "residual_autocorr_lag1": 0.9338808779968637,
      "spectral_entropy": 1540.6020001598067
    }
  }
}