{
  "model": "sundial",
  "dataset": "ETTh2",
  "method": "BM",
  "ratio": 0.2,
  "term": "long",
  "imputation_method": "mean",
  "n_windows": 15,
  "period": 24,
  "summary": {
    "mean": {
      "trend_strength": 0.9272639374345844,
      "trend_linearity": 5.833461772707582e-05,
      "seasonal_strength": 0.9861792089133019,
      "seasonal_correlation": 0.9965498006925898,
      "residual_autocorr_lag1": 0.8117191032551315,
      "spectral_entropy": 1108.478534332918
    },
    "std": {
      "trend_strength": 0.06407930576751526,
      "trend_linearity": 0.002562883945959504,
      "seasonal_strength": 0.018905677739952026,
      "seasonal_correlation": 0.004766433200931314,
      "residual_autocorr_lag1": 0.08396676643685787,
      "spectral_entropy": 355.2882484931525
    },
    "min": {
      "trend_strength": 0.7266354616465793,
      "trend_linearity": -0.0067778560300710755,
      "seasonal_strength": 0.9246275610642025,
      "seasonal_correlation": 0.9794767899001278,
      "residual_autocorr_lag1": 0.6757887147037838,
      "spectral_entropy": 463.78957266432633
    },
    "max": {
      "trend_strength": 0.9850072171442412,
      "trend_linearity": 0.0036295717447180605,
      "seasonal_strength": 0.9984775709724597,
      "seasonal_correlation": 0.9994015556234002,
      "residual_autocorr_lag1": 0.9646254405938469,
      "spectral_entropy": 1705.2124098583845
    }
  }
}