{
  "model": "sundial",
  "dataset": "EWELD_Load_15T",
  "method": "BM",
  "ratio": 0.1,
  "term": "long",
  "imputation_method": "forward",
  "n_windows": 18,
  "period": 96,
  "summary": {
    "mean": {
      "trend_strength": 0.43700445279291905,
      "trend_linearity": 0.013091396077149885,
      "seasonal_strength": 0.9644827745557512,
      "seasonal_correlation": 0.9933113711584102,
      "residual_autocorr_lag1": 0.8867260105615533,
      "spectral_entropy": 4058.8168512664756
    },
    "std": {
      "trend_strength": 0.1521391097673782,
      "trend_linearity": 0.035663895532867404,
      "seasonal_strength": 0.0590445250831078,
      "seasonal_correlation": 0.012334530461043967,
      "residual_autocorr_lag1": 0.09873859966330577,
      "spectral_entropy": 198.78388984976203
    },
    "min": {
      "trend_strength": 0.1842049409065175,
      "trend_linearity": -0.05555566185673425,
      "seasonal_strength": 0.7725550502954003,
      "seasonal_correlation": 0.9541935729138215,
      "residual_autocorr_lag1": 0.6317887026912749,
      "spectral_entropy": 3386.154145198135
    },
    "max": {
      "trend_strength": 0.7244356519186366,
      "trend_linearity": 0.09454573371567977,
      "seasonal_strength": 0.9976254226232171,
      "seasonal_correlation": 0.9994716978785615,
      "residual_autocorr_lag1": 0.9882272407353352,
      "spectral_entropy": 4243.829278396064
    }
  }
}