{
  "model": "sundial",
  "dataset": "EWELD_Load_15T",
  "method": "BM",
  "ratio": 0.2,
  "term": "long",
  "imputation_method": "mean",
  "n_windows": 18,
  "period": 96,
  "summary": {
    "mean": {
      "trend_strength": 0.43576801293977807,
      "trend_linearity": -0.003232324610141665,
      "seasonal_strength": 0.982396535343371,
      "seasonal_correlation": 0.9956082870661493,
      "residual_autocorr_lag1": 0.857131032020888,
      "spectral_entropy": 3953.7898203989625
    },
    "std": {
      "trend_strength": 0.2024155492019909,
      "trend_linearity": 0.04710466043139971,
      "seasonal_strength": 0.02513966069118199,
      "seasonal_correlation": 0.005666731204151471,
      "residual_autocorr_lag1": 0.08012278771457934,
      "spectral_entropy": 206.6369251497574
    },
    "min": {
      "trend_strength": 0.1748219201474338,
      "trend_linearity": -0.12557228277082458,
      "seasonal_strength": 0.887885854601181,
      "seasonal_correlation": 0.9758757158272466,
      "residual_autocorr_lag1": 0.673954772694613,
      "spectral_entropy": 3469.29858416623
    },
    "max": {
      "trend_strength": 0.8295712441698949,
      "trend_linearity": 0.09776465823016392,
      "seasonal_strength": 0.9985218375065993,
      "seasonal_correlation": 0.9994602624595007,
      "residual_autocorr_lag1": 0.9734132233608574,
      "spectral_entropy": 4228.531060692749
    }
  }
}