{
  "model": "sundial",
  "dataset": "EWELD_Load_15T",
  "method": "BM",
  "ratio": 0.1,
  "term": "long",
  "imputation_method": "backward",
  "n_windows": 18,
  "period": 96,
  "summary": {
    "mean": {
      "trend_strength": 0.3645210569041947,
      "trend_linearity": 0.013563551635408757,
      "seasonal_strength": 0.9602067572455741,
      "seasonal_correlation": 0.995697945072462,
      "residual_autocorr_lag1": 0.8813434253796659,
      "spectral_entropy": 4085.598875886428
    },
    "std": {
      "trend_strength": 0.12116203545089614,
      "trend_linearity": 0.028745045618594416,
      "seasonal_strength": 0.06489801535934656,
      "seasonal_correlation": 0.005987752733773191,
      "residual_autocorr_lag1": 0.08358464870518846,
      "spectral_entropy": 115.33749132370535
    },
    "min": {
      "trend_strength": 0.11426523018022061,
      "trend_linearity": -0.03994450273706566,
      "seasonal_strength": 0.7399780639745139,
      "seasonal_correlation": 0.9728010898177892,
      "residual_autocorr_lag1": 0.6390925837951718,
      "spectral_entropy": 3829.681652705879
    },
    "max": {
      "trend_strength": 0.5251888329019722,
      "trend_linearity": 0.060355551448570896,
      "seasonal_strength": 0.9982044463917383,
      "seasonal_correlation": 0.9994927295604189,
      "residual_autocorr_lag1": 0.9782548856804506,
      "spectral_entropy": 4220.464325571702
    }
  }
}