{
  "model": "sundial",
  "dataset": "exchange_rate",
  "method": "BM",
  "ratio": 0.1,
  "term": "long",
  "imputation_method": "backward",
  "n_windows": 11,
  "period": 7,
  "summary": {
    "mean": {
      "trend_strength": 0.9991964494833379,
      "trend_linearity": -0.00010208701250916688,
      "seasonal_strength": 0.11860188651718433,
      "seasonal_correlation": 0.13206213306238837,
      "residual_autocorr_lag1": 0.2570957974557084,
      "spectral_entropy": -1233.4504254945978
    },
    "std": {
      "trend_strength": 0.0021094211976267563,
      "trend_linearity": 0.00021596312297496848,
      "seasonal_strength": 0.06348084342854168,
      "seasonal_correlation": 0.07173775928646929,
      "residual_autocorr_lag1": 0.10130538545175007,
      "spectral_entropy": 407.85672605277716
    },
    "min": {
      "trend_strength": 0.9925337202480576,
      "trend_linearity": -0.0005283578066991793,
      "seasonal_strength": 0.04103257196175203,
      "seasonal_correlation": 0.038209560268766214,
      "residual_autocorr_lag1": 0.07281657103347573,
      "spectral_entropy": -2061.9788291119303
    },
    "max": {
      "trend_strength": 0.9999799101372823,
      "trend_linearity": 0.0002291712311267537,
      "seasonal_strength": 0.2841207665229779,
      "seasonal_correlation": 0.27669853118638305,
      "residual_autocorr_lag1": 0.4185694255778804,
      "spectral_entropy": -681.2602542376687
    }
  }
}