{
  "model": "sundial",
  "dataset": "exchange_rate",
  "method": "BM",
  "ratio": 0.2,
  "term": "long",
  "imputation_method": "mean",
  "n_windows": 11,
  "period": 7,
  "summary": {
    "mean": {
      "trend_strength": 0.9992927656873726,
      "trend_linearity": -6.0548570941868934e-05,
      "seasonal_strength": 0.14041828959410382,
      "seasonal_correlation": 0.18887628500852952,
      "residual_autocorr_lag1": 0.429191460949548,
      "spectral_entropy": -1190.8888862528586
    },
    "std": {
      "trend_strength": 0.0006595198612123961,
      "trend_linearity": 0.00019722694740276447,
      "seasonal_strength": 0.055997135035529194,
      "seasonal_correlation": 0.12565045693335666,
      "residual_autocorr_lag1": 0.08221904675208619,
      "spectral_entropy": 284.64866398291736
    },
    "min": {
      "trend_strength": 0.998064383750424,
      "trend_linearity": -0.0004950996288875183,
      "seasonal_strength": 0.07880350310178463,
      "seasonal_correlation": 0.040110571501104926,
      "residual_autocorr_lag1": 0.2916066259305984,
      "spectral_entropy": -1685.792430126649
    },
    "max": {
      "trend_strength": 0.9999617173493408,
      "trend_linearity": 0.0002573270244366642,
      "seasonal_strength": 0.2744635995336575,
      "seasonal_correlation": 0.5023786972478345,
      "residual_autocorr_lag1": 0.6257814950772893,
      "spectral_entropy": -722.8883845561729
    }
  }
}