{
  "model": "sundial",
  "dataset": "exchange_rate",
  "method": "clean",
  "ratio": null,
  "term": "long",
  "imputation_method": null,
  "n_windows": 11,
  "period": 7,
  "summary": {
    "mean": {
      "trend_strength": 0.9997733094507381,
      "trend_linearity": -9.233294316467593e-05,
      "seasonal_strength": 0.13071735858932138,
      "seasonal_correlation": 0.13007658136239056,
      "residual_autocorr_lag1": 0.26806872870467885,
      "spectral_entropy": -1201.0016787755521
    },
    "std": {
      "trend_strength": 0.00020649924811141956,
      "trend_linearity": 0.00022438952879591574,
      "seasonal_strength": 0.0656313342539653,
      "seasonal_correlation": 0.094704071649893,
      "residual_autocorr_lag1": 0.061239284324724926,
      "spectral_entropy": 359.8967049002845
    },
    "min": {
      "trend_strength": 0.9993612200777098,
      "trend_linearity": -0.000552028043072264,
      "seasonal_strength": 0.033078738987499356,
      "seasonal_correlation": 0.0009871918550558181,
      "residual_autocorr_lag1": 0.15033982074256638,
      "spectral_entropy": -2092.2121408837966
    },
    "max": {
      "trend_strength": 0.9999767340807778,
      "trend_linearity": 0.0002516960305125524,
      "seasonal_strength": 0.2873030764840695,
      "seasonal_correlation": 0.3121831363360789,
      "residual_autocorr_lag1": 0.3875092308365959,
      "spectral_entropy": -649.3439772678843
    }
  }
}