{
  "model": "sundial",
  "dataset": "NE_China_Wind_H",
  "method": "clean",
  "ratio": null,
  "term": "long",
  "imputation_method": null,
  "n_windows": 8,
  "period": 24,
  "summary": {
    "mean": {
      "trend_strength": 0.9845792654150984,
      "trend_linearity": -0.00028482564460724003,
      "seasonal_strength": 0.9580236537105729,
      "seasonal_correlation": 0.9905456010655936,
      "residual_autocorr_lag1": 0.7440784646868952,
      "spectral_entropy": -353.82251902616923
    },
    "std": {
      "trend_strength": 0.013718114549829344,
      "trend_linearity": 0.0005169836419260739,
      "seasonal_strength": 0.027938500577830854,
      "seasonal_correlation": 0.006016291073686519,
      "residual_autocorr_lag1": 0.07495309376827414,
      "spectral_entropy": 567.360127028924
    },
    "min": {
      "trend_strength": 0.9532334317127583,
      "trend_linearity": -0.0012175504243427246,
      "seasonal_strength": 0.9139338498832479,
      "seasonal_correlation": 0.9801692592688875,
      "residual_autocorr_lag1": 0.6037545195789075,
      "spectral_entropy": -1114.8696282877609
    },
    "max": {
      "trend_strength": 0.9963447155959538,
      "trend_linearity": 0.00039306711018052,
      "seasonal_strength": 0.9898504558786269,
      "seasonal_correlation": 0.9957799088241012,
      "residual_autocorr_lag1": 0.8892759239819157,
      "spectral_entropy": 533.290474632289
    }
  }
}