{
  "model": "sundial",
  "dataset": "NE_China_Wind_H",
  "method": "BM",
  "ratio": 0.3,
  "term": "long",
  "imputation_method": "mean",
  "n_windows": 8,
  "period": 24,
  "summary": {
    "mean": {
      "trend_strength": 0.9798745712233536,
      "trend_linearity": -8.321586707246512e-05,
      "seasonal_strength": 0.9448043735712294,
      "seasonal_correlation": 0.9918106124215453,
      "residual_autocorr_lag1": 0.8456997600345161,
      "spectral_entropy": -539.9127572960767
    },
    "std": {
      "trend_strength": 0.011000850725070344,
      "trend_linearity": 0.0005048099700376161,
      "seasonal_strength": 0.03193579669588102,
      "seasonal_correlation": 0.004057851439386937,
      "residual_autocorr_lag1": 0.05043416024513768,
      "spectral_entropy": 587.5873250184012
    },
    "min": {
      "trend_strength": 0.9634788648877587,
      "trend_linearity": -0.0010144790519597997,
      "seasonal_strength": 0.8694669482105916,
      "seasonal_correlation": 0.9837036041941105,
      "residual_autocorr_lag1": 0.7479545357839473,
      "spectral_entropy": -1273.3476297072857
    },
    "max": {
      "trend_strength": 0.993929404621253,
      "trend_linearity": 0.0007630261608496413,
      "seasonal_strength": 0.976481163061283,
      "seasonal_correlation": 0.9961856218880958,
      "residual_autocorr_lag1": 0.9029632124587547,
      "spectral_entropy": 231.18855943091174
    }
  }
}