window_idx,n_series,trend_strength,trend_linearity,seasonal_strength,seasonal_correlation,residual_autocorr_lag1,spectral_entropy
0,1,0.9960670222269865,-0.0006514692550948075,0.9849039211730262,0.99795267404357,0.7083679404843277,141.32512082029822
1,1,0.9876469008201676,-0.00017053534172752985,0.9838872478664771,0.996450878666378,0.7327455502452853,-319.73684159177674
2,1,0.9951416112496805,0.000348393793074783,0.9732933533868785,0.982727173817992,0.6493920048491455,-462.62788767689943
3,1,0.9928143665836106,0.00034289666465060737,0.9898991871130046,0.9964865133185907,0.5983155219789041,-1148.868775925736
4,1,0.9214898940660059,1.039437017479734e-05,0.9787673443243377,0.9953969398609124,0.828850180499036,-1295.2458603709383
5,1,0.9942566422847359,-0.001332814356770092,0.9283572425126236,0.9863575432090376,0.838181144944262,551.7651079561606
6,1,0.9956548585058885,-0.0006743995484830286,0.9616555994646496,0.989809126639667,0.7047308322122937,108.49164430637336
7,1,0.9759892629065245,-0.000166204634705804,0.9382844542259878,0.9733466716303101,0.8459870555371561,-1026.2162375926978
