{
  "model": "sundial",
  "dataset": "NE_China_Wind_H",
  "method": "BM",
  "ratio": 0.3,
  "term": "long",
  "imputation_method": "linear",
  "n_windows": 8,
  "period": 24,
  "summary": {
    "mean": {
      "trend_strength": 0.9833859307906768,
      "trend_linearity": -0.00023935595441887717,
      "seasonal_strength": 0.9136271938496745,
      "seasonal_correlation": 0.9866787450850157,
      "residual_autocorr_lag1": 0.7451006848651586,
      "spectral_entropy": -426.6305422401997
    },
    "std": {
      "trend_strength": 0.017165540817027064,
      "trend_linearity": 0.0004973440355983908,
      "seasonal_strength": 0.07808525690604697,
      "seasonal_correlation": 0.007471822511324599,
      "residual_autocorr_lag1": 0.13582060907396273,
      "spectral_entropy": 530.5958451523953
    },
    "min": {
      "trend_strength": 0.9421301222407525,
      "trend_linearity": -0.0009275578706114825,
      "seasonal_strength": 0.7427588292398966,
      "seasonal_correlation": 0.9725517406293289,
      "residual_autocorr_lag1": 0.5116424255272985,
      "spectral_entropy": -1440.0772527859285
    },
    "max": {
      "trend_strength": 0.9971886599945071,
      "trend_linearity": 0.0005577099493336118,
      "seasonal_strength": 0.9901443383792283,
      "seasonal_correlation": 0.9967651889710435,
      "residual_autocorr_lag1": 0.9368494091150402,
      "spectral_entropy": 281.2554232352377
    }
  }
}