window_idx,n_series,trend_strength,trend_linearity,seasonal_strength,seasonal_correlation,residual_autocorr_lag1,spectral_entropy
0,1,0.9884403208904617,-0.0002637315242162033,0.9370158465014037,0.993173408385212,0.806774618400766,-216.0094861727296
1,1,0.978175112655979,-7.557568603901744e-05,0.9563555132092945,0.992196882075775,0.7440822307954984,-523.9541240992949
2,1,0.9973607750246023,0.0006466479343208981,0.981965445572431,0.9933220943093535,0.6544182484137694,-177.7396227285905
3,1,0.978302506890898,0.00016985669351534476,0.9873857017134442,0.9973458184091063,0.6672231265815352,-1339.9465301402292
4,1,0.9791192076752866,-8.744803802636231e-05,0.9846188209002928,0.9973865893809067,0.8274552868629221,-880.8965435758608
5,1,0.9973426673153845,-0.001605702293447995,0.8785368563807044,0.9876869242830405,0.870748366412498,542.4381427088883
6,1,0.9967920415513986,-0.0008895492311744888,0.9508600389411144,0.9880566047990865,0.7314785093702387,-83.0977855051548
7,1,0.9717325424296624,0.00014042617919078482,0.9491660702026522,0.9784866153575417,0.8146346817399501,-1026.7376803080185
