{
  "model": "sundial",
  "dataset": "OpenElectricity_NEM_5T",
  "method": "BM",
  "ratio": 0.2,
  "term": "long",
  "imputation_method": "linear",
  "n_windows": 20,
  "period": 288,
  "summary": {
    "mean": {
      "trend_strength": 0.4175208620562465,
      "trend_linearity": 0.13383250308021988,
      "seasonal_strength": 0.9947062449973867,
      "seasonal_correlation": 0.985567037369085,
      "residual_autocorr_lag1": 0.784544320216509,
      "spectral_entropy": 5103.258037941482
    },
    "std": {
      "trend_strength": 0.32900944285621364,
      "trend_linearity": 0.24913251551749624,
      "seasonal_strength": 0.004195851585593096,
      "seasonal_correlation": 0.006176322104533384,
      "residual_autocorr_lag1": 0.21449978321791022,
      "spectral_entropy": 410.69109224268493
    },
    "min": {
      "trend_strength": 0.009356448471379841,
      "trend_linearity": -0.2551732120255579,
      "seasonal_strength": 0.9851197429464633,
      "seasonal_correlation": 0.973260377426703,
      "residual_autocorr_lag1": 0.30872751890583733,
      "spectral_entropy": 3899.068961840648
    },
    "max": {
      "trend_strength": 0.9527455891000575,
      "trend_linearity": 0.7736637369783085,
      "seasonal_strength": 0.9991960468803993,
      "seasonal_correlation": 0.9955617904406888,
      "residual_autocorr_lag1": 0.9906441876831913,
      "spectral_entropy": 5694.07486605194
    }
  }
}