{
  "model": "sundial",
  "dataset": "OpenElectricity_NEM_5T",
  "method": "BM",
  "ratio": 0.1,
  "term": "long",
  "imputation_method": "forward",
  "n_windows": 20,
  "period": 288,
  "summary": {
    "mean": {
      "trend_strength": 0.4334050572932557,
      "trend_linearity": 0.08016902649608702,
      "seasonal_strength": 0.9953287511560113,
      "seasonal_correlation": 0.9882575702725827,
      "residual_autocorr_lag1": 0.8829001832037582,
      "spectral_entropy": 5081.918426743641
    },
    "std": {
      "trend_strength": 0.31676913542792057,
      "trend_linearity": 0.250058945686188,
      "seasonal_strength": 0.0030934443064922668,
      "seasonal_correlation": 0.006165354752555808,
      "residual_autocorr_lag1": 0.14950810983805754,
      "spectral_entropy": 467.9436541380478
    },
    "min": {
      "trend_strength": 0.005208130510498399,
      "trend_linearity": -0.39486901796141666,
      "seasonal_strength": 0.9893984499606758,
      "seasonal_correlation": 0.9728153130277872,
      "residual_autocorr_lag1": 0.4789416764082507,
      "spectral_entropy": 3836.827430471306
    },
    "max": {
      "trend_strength": 0.9708155832552731,
      "trend_linearity": 0.6261279771160613,
      "seasonal_strength": 0.9992598626406826,
      "seasonal_correlation": 0.9963267435952418,
      "residual_autocorr_lag1": 0.9868791517132556,
      "spectral_entropy": 5704.61415704301
    }
  }
}