{
  "model": "sundial",
  "dataset": "OpenElectricity_NEM_5T",
  "method": "BM",
  "ratio": 0.2,
  "term": "long",
  "imputation_method": "mean",
  "n_windows": 20,
  "period": 288,
  "summary": {
    "mean": {
      "trend_strength": 0.4536569876898985,
      "trend_linearity": 0.08955661561639904,
      "seasonal_strength": 0.9918105465609545,
      "seasonal_correlation": 0.985617024844962,
      "residual_autocorr_lag1": 0.8769387668946343,
      "spectral_entropy": 4974.15148393028
    },
    "std": {
      "trend_strength": 0.318638287193974,
      "trend_linearity": 0.31306474042417703,
      "seasonal_strength": 0.006021318605175688,
      "seasonal_correlation": 0.008135098414072544,
      "residual_autocorr_lag1": 0.13584637731386637,
      "spectral_entropy": 513.0133217367635
    },
    "min": {
      "trend_strength": 0.00025428247592584885,
      "trend_linearity": -0.3080434605862346,
      "seasonal_strength": 0.979428165553607,
      "seasonal_correlation": 0.9691023141367735,
      "residual_autocorr_lag1": 0.5012607471662794,
      "spectral_entropy": 3813.732513654528
    },
    "max": {
      "trend_strength": 0.9856071926918261,
      "trend_linearity": 0.7483814428714287,
      "seasonal_strength": 0.9995543743945189,
      "seasonal_correlation": 0.9962486610271495,
      "residual_autocorr_lag1": 0.9926372549600164,
      "spectral_entropy": 5681.133376751528
    }
  }
}