{
  "model": "sundial",
  "dataset": "OpenElectricity_NEM_5T",
  "method": "BM",
  "ratio": 0.3,
  "term": "long",
  "imputation_method": "mean",
  "n_windows": 20,
  "period": 288,
  "summary": {
    "mean": {
      "trend_strength": 0.47422680769701675,
      "trend_linearity": 0.01566308364048221,
      "seasonal_strength": 0.9884933976746945,
      "seasonal_correlation": 0.9789215840893768,
      "residual_autocorr_lag1": 0.7702983350295315,
      "spectral_entropy": 4822.645136245343
    },
    "std": {
      "trend_strength": 0.26874430922703124,
      "trend_linearity": 0.21975896380352983,
      "seasonal_strength": 0.018133737304314217,
      "seasonal_correlation": 0.018982874343289147,
      "residual_autocorr_lag1": 0.22058647153438338,
      "spectral_entropy": 495.1119225858631
    },
    "min": {
      "trend_strength": 0.04931450542490823,
      "trend_linearity": -0.3371847852700765,
      "seasonal_strength": 0.9173573369632513,
      "seasonal_correlation": 0.9158261444928119,
      "residual_autocorr_lag1": 0.2627517219834121,
      "spectral_entropy": 3911.923899498486
    },
    "max": {
      "trend_strength": 0.946259481604362,
      "trend_linearity": 0.38737273638676484,
      "seasonal_strength": 0.9992680854296875,
      "seasonal_correlation": 0.9967734054870674,
      "residual_autocorr_lag1": 0.9943219806991607,
      "spectral_entropy": 5579.8440928132495
    }
  }
}