window_idx,n_series,trend_strength,trend_linearity,seasonal_strength,seasonal_correlation,residual_autocorr_lag1,spectral_entropy
0,1,0.8079748736283998,2.452060785919665,0.188571567788422,0.13654400170964953,-0.0428218743667318,3684.5559984330457
1,1,0.6278341100448986,0.6855659626494435,0.18485449857196978,0.010985329712060336,-0.09401270754680037,3409.945532818917
2,1,0.6548455042568826,-0.46698080404964215,0.37246965845505287,0.5026078618465403,-0.06290315428157078,3665.891823821041
