window_idx,n_series,trend_strength,trend_linearity,seasonal_strength,seasonal_correlation,residual_autocorr_lag1,spectral_entropy
0,1,0.7233872438617825,1.8070466438109207,0.2279299782038402,0.29533519709103734,-0.1019631930183133,3643.177772417397
1,1,0.9384932606153428,4.929621482637013,0.23980984607956235,0.04374813562700208,-0.17634298837861936,3795.6072563831503
2,1,0.47996075909610725,0.30704300000953816,0.15390922961529152,0.05378972862526651,-0.07689831667998547,3694.878637861043
