window_idx,n_series,trend_strength,trend_linearity,seasonal_strength,seasonal_correlation,residual_autocorr_lag1,spectral_entropy
0,1,0.8903802902573658,3.31177261426839,0.22343622452844847,0.11764392417974875,0.08273481436077947,3724.0273922843785
1,1,0.9641129151755864,5.387807037540921,0.2928492747305632,0.3487849194113652,0.07233326682311368,3676.7079450291944
2,1,0.6770625441000588,0.44974171106801886,0.21700698486379333,0.1570663543122207,-0.001066446124374615,3687.581411904622
