window_idx,n_series,trend_strength,trend_linearity,seasonal_strength,seasonal_correlation,residual_autocorr_lag1,spectral_entropy
0,1,0.9504989866559971,5.097413150391202,0.2407334128434464,0.2736618264832385,-0.07730418005708367,3742.6009110102227
1,1,0.24861305566621128,0.09519186344704633,0.24881262045470343,0.012683439150431755,-0.0644581210148702,3812.001733119917
2,1,0.5860445296575265,0.34606849061930023,0.174733648086157,0.06681986074443935,-0.11861734736235811,3737.5055708464893
