{
  "model": "sundial",
  "dataset": "Port_Activity_D",
  "method": "BM",
  "ratio": 0.2,
  "term": "long",
  "imputation_method": "forward",
  "n_windows": 3,
  "period": 7,
  "summary": {
    "mean": {
      "trend_strength": 0.8264352430396311,
      "trend_linearity": 0.3052302511873708,
      "seasonal_strength": 0.23995736894968825,
      "seasonal_correlation": 0.18625410887824742,
      "residual_autocorr_lag1": -0.058902199654678945,
      "spectral_entropy": 3716.039311480483
    },
    "std": {
      "trend_strength": 0.16034283883432768,
      "trend_linearity": 3.6284776462783905,
      "seasonal_strength": 0.07533902030816682,
      "seasonal_correlation": 0.17120123815395202,
      "residual_autocorr_lag1": 0.06266005159209075,
      "spectral_entropy": 56.53572499275926
    },
    "min": {
      "trend_strength": 0.6026755958605333,
      "trend_linearity": -4.529664068805335,
      "seasonal_strength": 0.1643835746497242,
      "seasonal_correlation": 0.04330973268800747,
      "residual_autocorr_lag1": -0.14632786972881806,
      "spectral_entropy": 3639.69991678207
    },
    "max": {
      "trend_strength": 0.9701498615694812,
      "trend_linearity": 4.211510084854494,
      "seasonal_strength": 0.34278581576464673,
      "seasonal_correlation": 0.42695978924028444,
      "residual_autocorr_lag1": -0.0026599090288360696,
      "spectral_entropy": 3774.791887964915
    }
  }
}