window_idx,n_series,trend_strength,trend_linearity,seasonal_strength,seasonal_correlation,residual_autocorr_lag1,spectral_entropy
0,1,0.8838431479966444,3.8749160283008837,0.09905758538825082,0.08532173514043702,-0.018278289921682872,3733.874051287154
1,1,0.955741898579874,5.525644616319866,0.21156775216200197,0.11192864082030379,-0.11431585679494258,3832.2005184008203
2,1,0.521465018707049,-0.5510628029196456,0.16972838640876664,0.12676979436981328,-0.02796504382356145,3639.186342338161
