{
  "model": "sundial",
  "dataset": "Port_Activity_D",
  "method": "BM",
  "ratio": 0.1,
  "term": "long",
  "imputation_method": "forward",
  "n_windows": 3,
  "period": 7,
  "summary": {
    "mean": {
      "trend_strength": 0.6942243798633543,
      "trend_linearity": 1.3243956826055814,
      "seasonal_strength": 0.1766173582161176,
      "seasonal_correlation": 0.12409678311638035,
      "residual_autocorr_lag1": -0.01749968313175385,
      "spectral_entropy": 3733.0819956930154
    },
    "std": {
      "trend_strength": 0.18830711567279082,
      "trend_linearity": 2.903676149753956,
      "seasonal_strength": 0.042388149513362436,
      "seasonal_correlation": 0.10979069792269773,
      "residual_autocorr_lag1": 0.022404468148906505,
      "spectral_entropy": 20.511623803299884
    },
    "min": {
      "trend_strength": 0.4765939399410991,
      "trend_linearity": -1.5558898758887987,
      "seasonal_strength": 0.12764870274887452,
      "seasonal_correlation": 0.03978599061112972,
      "residual_autocorr_lag1": -0.039307895918053205,
      "spectral_entropy": 3716.7272079369095
    },
    "max": {
      "trend_strength": 0.9359572376079717,
      "trend_linearity": 5.299290737741182,
      "seasonal_strength": 0.2310464002587551,
      "seasonal_correlation": 0.279167031031141,
      "residual_autocorr_lag1": 0.013310243537226367,
      "spectral_entropy": 3762.0074197103777
    }
  }
}