window_idx,n_series,trend_strength,trend_linearity,seasonal_strength,seasonal_correlation,residual_autocorr_lag1,spectral_entropy
0,1,0.9436367590560147,5.618869912741375,0.1404470463789238,0.1755733671754827,-0.07802647958331765,3804.1537093165607
1,1,0.8591701291886944,-3.000433665531954,0.11423547669903611,0.13765002308944133,-0.0077439913044318204,3749.9905888478143
2,1,0.761193195446206,0.9278789223414072,0.21005855407842877,0.0995973208158988,-0.09010932681463395,3712.250980266585
