{
  "model": "sundial",
  "dataset": "Port_Activity_D",
  "method": "BM",
  "ratio": 0.3,
  "term": "long",
  "imputation_method": "linear",
  "n_windows": 3,
  "period": 7,
  "summary": {
    "mean": {
      "trend_strength": 0.7870166884278559,
      "trend_linearity": 2.949832613900368,
      "seasonal_strength": 0.16011790798633982,
      "seasonal_correlation": 0.10800672344351803,
      "residual_autocorr_lag1": -0.05351973018006231,
      "spectral_entropy": 3735.086970675379
    },
    "std": {
      "trend_strength": 0.19005371969084378,
      "trend_linearity": 2.5655964553373445,
      "seasonal_strength": 0.046432067787218444,
      "seasonal_correlation": 0.01714684578191611,
      "residual_autocorr_lag1": 0.04317086254113458,
      "spectral_entropy": 78.80237483886958
    },
    "min": {
      "trend_strength": 0.521465018707049,
      "trend_linearity": -0.5510628029196456,
      "seasonal_strength": 0.09905758538825082,
      "seasonal_correlation": 0.08532173514043702,
      "residual_autocorr_lag1": -0.11431585679494258,
      "spectral_entropy": 3639.186342338161
    },
    "max": {
      "trend_strength": 0.955741898579874,
      "trend_linearity": 5.525644616319866,
      "seasonal_strength": 0.21156775216200197,
      "seasonal_correlation": 0.12676979436981328,
      "residual_autocorr_lag1": -0.018278289921682872,
      "spectral_entropy": 3832.2005184008203
    }
  }
}