window_idx,n_series,trend_strength,trend_linearity,seasonal_strength,seasonal_correlation,residual_autocorr_lag1,spectral_entropy
0,1,0.8436858289911748,2.423319380363854,0.14883158713971967,0.10879334279710041,-0.006685935178151222,3716.9566002039587
1,1,0.9406609512330049,4.742425102116862,0.21698324062423902,0.05351090553069079,-0.09209889539335597,3792.746582846791
2,1,0.5923855084240499,-0.1804620469264701,0.19343613860159836,0.05578421906210696,-0.04751244840086479,3762.569902941571
