window_idx,n_series,trend_strength,trend_linearity,seasonal_strength,seasonal_correlation,residual_autocorr_lag1,spectral_entropy
0,1,0.9007261104329812,-16.355820644669723,0.9899374040789882,0.993505126882038,0.08898277335711592,4936.109780134899
1,1,0.9641288497284815,-12.621066983687612,0.9952241360855864,0.9962503264343767,0.11352768663306098,5225.58756283046
2,1,0.9790914885536786,0.625528743301798,0.9949115979405299,0.9923523693985075,0.22697408126162713,5229.856096350733
