{
  "model": "sundial",
  "dataset": "Supply_Chain_Location_D",
  "method": "BM",
  "ratio": 0.3,
  "term": "long",
  "imputation_method": "linear",
  "n_windows": 3,
  "period": 7,
  "summary": {
    "mean": {
      "trend_strength": 0.8805298013422451,
      "trend_linearity": -4.9373465438349635,
      "seasonal_strength": 0.9901194456112368,
      "seasonal_correlation": 0.9950738534942122,
      "residual_autocorr_lag1": 0.22436066400801477,
      "spectral_entropy": 4692.651712760516
    },
    "std": {
      "trend_strength": 0.04089500629592461,
      "trend_linearity": 5.168689804897387,
      "seasonal_strength": 0.002211035415299056,
      "seasonal_correlation": 0.0006582866549066361,
      "residual_autocorr_lag1": 0.07093643274215411,
      "spectral_entropy": 86.3713499746945
    },
    "min": {
      "trend_strength": 0.8245954907229383,
      "trend_linearity": -11.647344807267984,
      "seasonal_strength": 0.9870970744967008,
      "seasonal_correlation": 0.9943717286628221,
      "residual_autocorr_lag1": 0.12638143589899262,
      "spectral_entropy": 4572.076037984844
    },
    "max": {
      "trend_strength": 0.9212294733541355,
      "trend_linearity": 0.9286233020515992,
      "seasonal_strength": 0.9923248725142011,
      "seasonal_correlation": 0.9959543283397776,
      "residual_autocorr_lag1": 0.2920055555904369,
      "spectral_entropy": 4769.8553751051895
    }
  }
}