window_idx,n_series,trend_strength,trend_linearity,seasonal_strength,seasonal_correlation,residual_autocorr_lag1,spectral_entropy
0,1,0.9180784552649295,-12.751470319527689,0.9927794365182121,0.9963191964620816,0.21478097097752724,4696.668415913973
1,1,0.9775081379004885,-14.105364292267756,0.8590038283903747,0.9779167934279128,0.31667774627350764,4854.1488456044435
2,1,0.9621257281812883,4.34428304236064,0.9944673919687161,0.9957162551357063,0.11053774068344484,4844.7910811572965
