{
  "model": "sundial",
  "dataset": "Supply_Chain_Location_D",
  "method": "BM",
  "ratio": 0.2,
  "term": "long",
  "imputation_method": "forward",
  "n_windows": 3,
  "period": 7,
  "summary": {
    "mean": {
      "trend_strength": 0.9234903193299163,
      "trend_linearity": -3.417335070568211,
      "seasonal_strength": 0.9893861662631765,
      "seasonal_correlation": 0.9948806084059149,
      "residual_autocorr_lag1": 0.18664005064521072,
      "spectral_entropy": 4561.907611995356
    },
    "std": {
      "trend_strength": 0.02729897705947103,
      "trend_linearity": 10.05399117584486,
      "seasonal_strength": 0.004601562001616897,
      "seasonal_correlation": 0.0017188147532221402,
      "residual_autocorr_lag1": 0.14844009151272852,
      "spectral_entropy": 259.457984315239
    },
    "min": {
      "trend_strength": 0.895021802533746,
      "trend_linearity": -11.710867618188416,
      "seasonal_strength": 0.982901511373577,
      "seasonal_correlation": 0.9932089611767289,
      "residual_autocorr_lag1": -0.02245715027604093,
      "spectral_entropy": 4199.609879023616
    },
    "max": {
      "trend_strength": 0.9603079540546253,
      "trend_linearity": 10.731285844113389,
      "seasonal_strength": 0.9931012489344746,
      "seasonal_correlation": 0.9972447261315046,
      "residual_autocorr_lag1": 0.3073274731704767,
      "spectral_entropy": 4793.384730487859
    }
  }
}