{
  "model": "sundial",
  "dataset": "Supply_Chain_Location_D",
  "method": "BM",
  "ratio": 0.2,
  "term": "long",
  "imputation_method": "mean",
  "n_windows": 3,
  "period": 7,
  "summary": {
    "mean": {
      "trend_strength": 0.8990890290099122,
      "trend_linearity": -4.5116263770742755,
      "seasonal_strength": 0.9876602735904046,
      "seasonal_correlation": 0.9944231359608614,
      "residual_autocorr_lag1": 0.13133899807912122,
      "spectral_entropy": 4495.011825194997
    },
    "std": {
      "trend_strength": 0.032573582676701365,
      "trend_linearity": 5.926309942246081,
      "seasonal_strength": 0.007690904108517763,
      "seasonal_correlation": 0.0018439594687523157,
      "residual_autocorr_lag1": 0.1274354564065175,
      "spectral_entropy": 363.79564379371106
    },
    "min": {
      "trend_strength": 0.8575028432009257,
      "trend_linearity": -11.789395186243857,
      "seasonal_strength": 0.9767902762970575,
      "seasonal_correlation": 0.9921453801479034,
      "residual_autocorr_lag1": -0.03155928061019404,
      "spectral_entropy": 3984.0224752248996
    },
    "max": {
      "trend_strength": 0.9370431036750504,
      "trend_linearity": 2.726880947700337,
      "seasonal_strength": 0.993422958278269,
      "seasonal_correlation": 0.9966616279478269,
      "residual_autocorr_lag1": 0.27955494373012957,
      "spectral_entropy": 4802.355500438238
    }
  }
}