window_idx,n_series,trend_strength,trend_linearity,seasonal_strength,seasonal_correlation,residual_autocorr_lag1,spectral_entropy
0,1,0.9301115444138941,-25.324099542891613,0.9934872845335257,0.9927854061430493,0.2845151875776758,5000.2266185685
1,1,0.9550704803552925,-18.420150755331182,0.9942697046288481,0.9958559469629286,0.2173258557178077,5212.653554326606
2,1,0.9685576376009011,-8.26147610134802,0.9928091806464725,0.9901286380140227,0.22330898088788523,5273.161020166479
