window_idx,n_series,trend_strength,trend_linearity,seasonal_strength,seasonal_correlation,residual_autocorr_lag1,spectral_entropy
0,1,0.945771568316108,-16.479381012685394,0.9937290477364313,0.9963962325516841,0.12001936815219508,4740.60423210551
1,1,0.9956563271726886,-28.347251042929713,0.9440567517812627,0.976388022615567,0.3122149734742762,4753.754132836728
2,1,0.9794470800734388,8.355094792802637,0.9928352825426374,0.9910426017143834,0.18665733371277707,4862.911563173536
