window_idx,n_series,trend_strength,trend_linearity,seasonal_strength,seasonal_correlation,residual_autocorr_lag1,spectral_entropy
0,1,0.9245534591409967,-12.169831974291476,0.9929318176346781,0.9945813480556416,0.06670447849510401,4771.058289546156
1,1,0.9581548286531216,-8.459394397138933,0.9921447817770516,0.9938830327746846,0.17561496497461204,5195.860973397193
2,1,0.9751012862057223,7.8580819105565896,0.9946414789521612,0.9913513234475525,0.24176761415509956,5231.7645590217835
