{
  "model": "sundial",
  "dataset": "Supply_Chain_Location_D",
  "method": "BM",
  "ratio": 0.3,
  "term": "long",
  "imputation_method": "backward",
  "n_windows": 3,
  "period": 7,
  "summary": {
    "mean": {
      "trend_strength": 0.9171607262362151,
      "trend_linearity": -6.346313832528909,
      "seasonal_strength": 0.9931809103090835,
      "seasonal_correlation": 0.9962989282609408,
      "residual_autocorr_lag1": 0.1154180930203409,
      "spectral_entropy": 4709.210621220958
    },
    "std": {
      "trend_strength": 0.01520560620889898,
      "trend_linearity": 3.285029619590543,
      "seasonal_strength": 0.0013297163107902292,
      "seasonal_correlation": 0.0004301485030934389,
      "residual_autocorr_lag1": 0.04617776804417699,
      "spectral_entropy": 50.36867522161503
    },
    "min": {
      "trend_strength": 0.897862837862507,
      "trend_linearity": -9.262234997101137,
      "seasonal_strength": 0.9916936333358984,
      "seasonal_correlation": 0.9957665134800333,
      "residual_autocorr_lag1": 0.052680818528312356,
      "spectral_entropy": 4644.925420442555
    },
    "max": {
      "trend_strength": 0.935026075872357,
      "trend_linearity": -1.7562322079009458,
      "seasonal_strength": 0.9949211548384771,
      "seasonal_correlation": 0.9968199737919342,
      "residual_autocorr_lag1": 0.16249039812761037,
      "spectral_entropy": 4767.925103102277
    }
  }
}