{
  "model": "sundial",
  "dataset": "Supply_Chain_Location_D",
  "method": "BM",
  "ratio": 0.3,
  "term": "long",
  "imputation_method": "forward",
  "n_windows": 3,
  "period": 7,
  "summary": {
    "mean": {
      "trend_strength": 0.8739755374426087,
      "trend_linearity": -4.937404155942167,
      "seasonal_strength": 0.98850636421159,
      "seasonal_correlation": 0.9942707809530361,
      "residual_autocorr_lag1": 0.11168700684619846,
      "spectral_entropy": 4647.886798158084
    },
    "std": {
      "trend_strength": 0.0719048909296927,
      "trend_linearity": 4.087417880994467,
      "seasonal_strength": 0.0056236166634125615,
      "seasonal_correlation": 0.0012812310615414335,
      "residual_autocorr_lag1": 0.15193937378644554,
      "spectral_entropy": 151.85343724604974
    },
    "min": {
      "trend_strength": 0.773168375693214,
      "trend_linearity": -10.203902752855486,
      "seasonal_strength": 0.9805748692444779,
      "seasonal_correlation": 0.9925070241068227,
      "residual_autocorr_lag1": -0.09258485752536602,
      "spectral_entropy": 4434.742251336369
    },
    "max": {
      "trend_strength": 0.9359509424794696,
      "trend_linearity": -0.24054835494136262,
      "seasonal_strength": 0.9929782117401204,
      "seasonal_correlation": 0.9955121046295047,
      "residual_autocorr_lag1": 0.27155606669322646,
      "spectral_entropy": 4777.180234067462
    }
  }
}