{
  "model": "sundial",
  "dataset": "Supply_Chain_Location_D",
  "method": "clean",
  "ratio": null,
  "term": "long",
  "imputation_method": null,
  "n_windows": 3,
  "period": 7,
  "summary": {
    "mean": {
      "trend_strength": 0.9334373793105087,
      "trend_linearity": -1.8524023581864972,
      "seasonal_strength": 0.9925180542669433,
      "seasonal_correlation": 0.9943688139105098,
      "residual_autocorr_lag1": 0.08410645618663992,
      "spectral_entropy": 4780.476440807254
    },
    "std": {
      "trend_strength": 0.03462917067704743,
      "trend_linearity": 5.953683807795147,
      "seasonal_strength": 0.0008213266226403807,
      "seasonal_correlation": 0.002216306970012826,
      "residual_autocorr_lag1": 0.022898659675880704,
      "spectral_entropy": 73.57244122875335
    },
    "min": {
      "trend_strength": 0.8890615175809571,
      "trend_linearity": -9.293159759830395,
      "seasonal_strength": 0.991356723734227,
      "seasonal_correlation": 0.9912806019080418,
      "residual_autocorr_lag1": 0.0542848062794124,
      "spectral_entropy": 4693.246705007121
    },
    "max": {
      "trend_strength": 0.9735656659267714,
      "trend_linearity": 5.280581402148543,
      "seasonal_strength": 0.9931174191836335,
      "seasonal_correlation": 0.9963768540114288,
      "residual_autocorr_lag1": 0.10995002187786267,
      "spectral_entropy": 4873.209391494791
    }
  }
}