window_idx,n_series,trend_strength,trend_linearity,seasonal_strength,seasonal_correlation,residual_autocorr_lag1,spectral_entropy
0,1,0.9267561152545188,-28.042223626347262,0.9915337898383515,0.9936456339290554,0.026287936521463807,4941.534197902296
1,1,0.9718805784741532,-27.71659337055648,0.9905314515298032,0.9907992683209403,0.2368122046758249,5126.896663799816
2,1,0.9595867536319564,4.841480435152864,0.9926761823962513,0.9920430504969541,0.3154006606960228,5180.638119232109
