window_idx,n_series,trend_strength,trend_linearity,seasonal_strength,seasonal_correlation,residual_autocorr_lag1,spectral_entropy
0,1,0.8890615175809571,-9.293159759830395,0.9931174191836335,0.9963768540114288,0.10995002187786267,4693.246705007121
1,1,0.9376849544237977,-1.5446287168776394,0.991356723734227,0.9954489858120588,0.0542848062794124,4774.973225919852
2,1,0.9735656659267714,5.280581402148543,0.9930800198829692,0.9912806019080418,0.08808454040264467,4873.209391494791
