window_idx,n_series,trend_strength,trend_linearity,seasonal_strength,seasonal_correlation,residual_autocorr_lag1,spectral_entropy
0,1,0.9433257920331656,-30.901552461066156,0.9893565210529401,0.9937422461643723,0.09561741039001588,4985.830679114862
1,1,0.9589154665200954,-36.20982830905879,0.9951119189024752,0.9967581472561324,0.19949784687177624,5202.5807934362165
2,1,0.932368146777605,-13.082243778946584,0.9936531255286885,0.9925768161852031,0.18722635438197138,5169.324070604771
