{
  "model": "sundial",
  "dataset": "Supply_Chain_Customer_D",
  "method": "BM",
  "ratio": 0.3,
  "term": "long",
  "imputation_method": "mean",
  "n_windows": 3,
  "period": 7,
  "summary": {
    "mean": {
      "trend_strength": 0.9327072708423626,
      "trend_linearity": -17.494201849750116,
      "seasonal_strength": 0.9937125821369538,
      "seasonal_correlation": 0.9945856897930638,
      "residual_autocorr_lag1": 0.18891198086816505,
      "spectral_entropy": 5062.838412934909
    },
    "std": {
      "trend_strength": 0.007400984884722193,
      "trend_linearity": 10.388359064726139,
      "seasonal_strength": 0.0011441563055025463,
      "seasonal_correlation": 0.0015113088684254878,
      "residual_autocorr_lag1": 0.06143247316135135,
      "spectral_entropy": 95.45609217546365
    },
    "min": {
      "trend_strength": 0.9248283031995083,
      "trend_linearity": -25.758762124000427,
      "seasonal_strength": 0.9922012110014777,
      "seasonal_correlation": 0.9930199287314315,
      "residual_autocorr_lag1": 0.10457453265548387,
      "spectral_entropy": 4928.983618049691
    },
    "max": {
      "trend_strength": 0.9426136020355574,
      "trend_linearity": -2.8429013831703545,
      "seasonal_strength": 0.9949687259399814,
      "seasonal_correlation": 0.9966284814187908,
      "residual_autocorr_lag1": 0.24914501397901015,
      "spectral_entropy": 5144.930529787818
    }
  }
}