window_idx,n_series,trend_strength,trend_linearity,seasonal_strength,seasonal_correlation,residual_autocorr_lag1,spectral_entropy
0,1,0.8791944102689492,-8.362511615739809,0.9931404605416804,0.9966368409412094,0.11674000154345938,4694.038972927005
1,1,0.9605702633651603,-18.727939174357655,0.9112927551455489,0.9851717422139914,0.4061763914244699,4571.529892829955
2,1,0.9455740737973675,0.9537623428718813,0.9944799434763568,0.9953198402564197,0.19888930180328077,4819.875744937062
