{
  "model": "sundial",
  "dataset": "traffic",
  "method": "BM",
  "ratio": 0.1,
  "term": "long",
  "imputation_method": "forward",
  "n_windows": 15,
  "period": 24,
  "summary": {
    "mean": {
      "trend_strength": 0.3769161862428865,
      "trend_linearity": -5.854362025807737e-07,
      "seasonal_strength": 0.9532390069845366,
      "seasonal_correlation": 0.9947057458735845,
      "residual_autocorr_lag1": 0.8654478140208034,
      "spectral_entropy": -2942.7783497109945
    },
    "std": {
      "trend_strength": 0.15857821160675756,
      "trend_linearity": 2.9866071934701826e-06,
      "seasonal_strength": 0.013082080553003321,
      "seasonal_correlation": 0.0030977870172052492,
      "residual_autocorr_lag1": 0.034996094392650334,
      "spectral_entropy": 149.38721501151514
    },
    "min": {
      "trend_strength": 0.23179730061233617,
      "trend_linearity": -4.549955775650318e-06,
      "seasonal_strength": 0.9278401247190075,
      "seasonal_correlation": 0.9892939339313493,
      "residual_autocorr_lag1": 0.7844283948739109,
      "spectral_entropy": -3276.406969769985
    },
    "max": {
      "trend_strength": 0.8783979232298132,
      "trend_linearity": 6.636280015214734e-06,
      "seasonal_strength": 0.993164269062366,
      "seasonal_correlation": 0.9985996183548511,
      "residual_autocorr_lag1": 0.9155256949011471,
      "spectral_entropy": -2721.3543364685074
    }
  }
}