{
  "model": "sundial",
  "dataset": "traffic",
  "method": "BM",
  "ratio": 0.3,
  "term": "long",
  "imputation_method": "mean",
  "n_windows": 15,
  "period": 24,
  "summary": {
    "mean": {
      "trend_strength": 0.4916033555537352,
      "trend_linearity": -1.0804446527955645e-06,
      "seasonal_strength": 0.9752469973357093,
      "seasonal_correlation": 0.9918867090376619,
      "residual_autocorr_lag1": 0.8527283064278638,
      "spectral_entropy": -2955.0462835409003
    },
    "std": {
      "trend_strength": 0.14293111198628253,
      "trend_linearity": 2.1444957197389492e-06,
      "seasonal_strength": 0.014415437363102027,
      "seasonal_correlation": 0.004429966217293624,
      "residual_autocorr_lag1": 0.050427140760929696,
      "spectral_entropy": 144.94179795753288
    },
    "min": {
      "trend_strength": 0.2562388034383546,
      "trend_linearity": -3.973191595348381e-06,
      "seasonal_strength": 0.9467246376257873,
      "seasonal_correlation": 0.9858112620661678,
      "residual_autocorr_lag1": 0.7173315597026145,
      "spectral_entropy": -3247.578033916773
    },
    "max": {
      "trend_strength": 0.7404759189820964,
      "trend_linearity": 4.942882531484783e-06,
      "seasonal_strength": 0.9951094380645912,
      "seasonal_correlation": 0.9986021939472175,
      "residual_autocorr_lag1": 0.9241603551517091,
      "spectral_entropy": -2732.4727864377846
    }
  }
}