{
  "model": "sundial",
  "dataset": "traffic",
  "method": "BM",
  "ratio": 0.3,
  "term": "long",
  "imputation_method": "linear",
  "n_windows": 15,
  "period": 24,
  "summary": {
    "mean": {
      "trend_strength": 0.72326598487312,
      "trend_linearity": -4.102536386782734e-06,
      "seasonal_strength": 0.9767980226914182,
      "seasonal_correlation": 0.9946111218232627,
      "residual_autocorr_lag1": 0.862632400758199,
      "spectral_entropy": -2849.415250809323
    },
    "std": {
      "trend_strength": 0.14781934901862512,
      "trend_linearity": 6.5096169943620015e-06,
      "seasonal_strength": 0.0166642021670342,
      "seasonal_correlation": 0.003946707359605783,
      "residual_autocorr_lag1": 0.04587880564869017,
      "spectral_entropy": 367.32406770990104
    },
    "min": {
      "trend_strength": 0.46575233229446233,
      "trend_linearity": -1.734624319299517e-05,
      "seasonal_strength": 0.9363617135733716,
      "seasonal_correlation": 0.9876366768701688,
      "residual_autocorr_lag1": 0.7621893273903044,
      "spectral_entropy": -3396.9322920038903
    },
    "max": {
      "trend_strength": 0.9632370591730721,
      "trend_linearity": 6.405795714848022e-06,
      "seasonal_strength": 0.9951951573799229,
      "seasonal_correlation": 0.998782645530106,
      "residual_autocorr_lag1": 0.9406958155549812,
      "spectral_entropy": -2049.705508359088
    }
  }
}