{
  "model": "sundial",
  "dataset": "traffic",
  "method": "BM",
  "ratio": 0.3,
  "term": "long",
  "imputation_method": "backward",
  "n_windows": 15,
  "period": 24,
  "summary": {
    "mean": {
      "trend_strength": 0.7089098666877429,
      "trend_linearity": -3.028583526368927e-06,
      "seasonal_strength": 0.9733939281833621,
      "seasonal_correlation": 0.9936781335373622,
      "residual_autocorr_lag1": 0.8628581032678752,
      "spectral_entropy": -2834.3472423357307
    },
    "std": {
      "trend_strength": 0.16037385182166491,
      "trend_linearity": 6.846484938708479e-06,
      "seasonal_strength": 0.0184095091914103,
      "seasonal_correlation": 0.0038445137065233202,
      "residual_autocorr_lag1": 0.0513710215790209,
      "spectral_entropy": 345.8156278111821
    },
    "min": {
      "trend_strength": 0.3669251222145622,
      "trend_linearity": -1.7071035225887104e-05,
      "seasonal_strength": 0.92533049962435,
      "seasonal_correlation": 0.9848506472198311,
      "residual_autocorr_lag1": 0.7543481000515562,
      "spectral_entropy": -3314.9689275569535
    },
    "max": {
      "trend_strength": 0.9647077089352585,
      "trend_linearity": 8.376669399817961e-06,
      "seasonal_strength": 0.9930249141890682,
      "seasonal_correlation": 0.9980892250434288,
      "residual_autocorr_lag1": 0.935698294588263,
      "spectral_entropy": -2163.111409441421
    }
  }
}