{
  "model": "sundial",
  "dataset": "traffic",
  "method": "clean",
  "ratio": null,
  "term": "long",
  "imputation_method": null,
  "n_windows": 15,
  "period": 24,
  "summary": {
    "mean": {
      "trend_strength": 0.25023798444295625,
      "trend_linearity": -9.558768465855146e-07,
      "seasonal_strength": 0.950150480053937,
      "seasonal_correlation": 0.9949415556695028,
      "residual_autocorr_lag1": 0.8633010860096845,
      "spectral_entropy": -2864.427562610323
    },
    "std": {
      "trend_strength": 0.06904017992817799,
      "trend_linearity": 1.493687698680976e-06,
      "seasonal_strength": 0.00782112694492854,
      "seasonal_correlation": 0.0032394725089148926,
      "residual_autocorr_lag1": 0.04497364289455382,
      "spectral_entropy": 110.76934884697742
    },
    "min": {
      "trend_strength": 0.1592661542799042,
      "trend_linearity": -4.583179075030389e-06,
      "seasonal_strength": 0.9412545430290558,
      "seasonal_correlation": 0.9889718230286668,
      "residual_autocorr_lag1": 0.7499358271225592,
      "spectral_entropy": -3036.3371093034757
    },
    "max": {
      "trend_strength": 0.37542091335314665,
      "trend_linearity": 2.0346482798941312e-06,
      "seasonal_strength": 0.9631031566905777,
      "seasonal_correlation": 0.9988167389635346,
      "residual_autocorr_lag1": 0.9265922594414943,
      "spectral_entropy": -2705.528162847982
    }
  }
}