{
  "model": "sundial",
  "dataset": "Water_Quality_Darwin_15T",
  "method": "BM",
  "ratio": 0.3,
  "term": "long",
  "imputation_method": "backward",
  "n_windows": 16,
  "period": 96,
  "summary": {
    "mean": {
      "trend_strength": 0.6691713603160327,
      "trend_linearity": -0.0002604410540230596,
      "seasonal_strength": 0.6959768823425494,
      "seasonal_correlation": 0.9092786455126411,
      "residual_autocorr_lag1": 0.9449682240564685,
      "spectral_entropy": 574.1164257620218
    },
    "std": {
      "trend_strength": 0.30062676998244114,
      "trend_linearity": 0.005469980928039814,
      "seasonal_strength": 0.21428282560281828,
      "seasonal_correlation": 0.10631118094590035,
      "residual_autocorr_lag1": 0.03170316990046223,
      "spectral_entropy": 643.37296894902
    },
    "min": {
      "trend_strength": 0.05019823787660416,
      "trend_linearity": -0.01686606436517862,
      "seasonal_strength": 0.2716927475892008,
      "seasonal_correlation": 0.59219096225775,
      "residual_autocorr_lag1": 0.8832602403666907,
      "spectral_entropy": -355.7005642577933
    },
    "max": {
      "trend_strength": 0.9936656420007283,
      "trend_linearity": 0.006847886675720309,
      "seasonal_strength": 0.9849596432838894,
      "seasonal_correlation": 0.9983397654697663,
      "residual_autocorr_lag1": 0.9884053400007312,
      "spectral_entropy": 1674.31053890745
    }
  }
}