{
  "model": "sundial",
  "dataset": "Water_Quality_Darwin_15T",
  "method": "BM",
  "ratio": 0.1,
  "term": "long",
  "imputation_method": "mean",
  "n_windows": 16,
  "period": 96,
  "summary": {
    "mean": {
      "trend_strength": 0.6703701078144673,
      "trend_linearity": 0.0003259269461489014,
      "seasonal_strength": 0.6582726107207849,
      "seasonal_correlation": 0.9081392728866985,
      "residual_autocorr_lag1": 0.9539427911697429,
      "spectral_entropy": 748.0657168355328
    },
    "std": {
      "trend_strength": 0.26899729116648247,
      "trend_linearity": 0.002657856061460516,
      "seasonal_strength": 0.2956880625699725,
      "seasonal_correlation": 0.11452067382014144,
      "residual_autocorr_lag1": 0.035777914430591314,
      "spectral_entropy": 474.5739789975386
    },
    "min": {
      "trend_strength": 0.0,
      "trend_linearity": -0.008026790265685613,
      "seasonal_strength": 0.1782932271105956,
      "seasonal_correlation": 0.5623019526258662,
      "residual_autocorr_lag1": 0.8917310244847281,
      "spectral_entropy": -36.57028477011252
    },
    "max": {
      "trend_strength": 0.9765260474716596,
      "trend_linearity": 0.0033255179786378522,
      "seasonal_strength": 0.9942590365609053,
      "seasonal_correlation": 0.9980066859639884,
      "residual_autocorr_lag1": 0.9964907765250058,
      "spectral_entropy": 1581.1443057450897
    }
  }
}