{
  "model": "sundial",
  "dataset": "Water_Quality_Darwin_15T",
  "method": "BM",
  "ratio": 0.1,
  "term": "long",
  "imputation_method": "linear",
  "n_windows": 16,
  "period": 96,
  "summary": {
    "mean": {
      "trend_strength": 0.5421019937226714,
      "trend_linearity": 0.00014226165301823223,
      "seasonal_strength": 0.38952536910762725,
      "seasonal_correlation": 0.728603043272562,
      "residual_autocorr_lag1": 0.9333496085204229,
      "spectral_entropy": 446.3354994242685
    },
    "std": {
      "trend_strength": 0.27604810406788205,
      "trend_linearity": 0.0017451545889538096,
      "seasonal_strength": 0.37969482014056777,
      "seasonal_correlation": 0.20874534423321928,
      "residual_autocorr_lag1": 0.03384437059966449,
      "spectral_entropy": 686.4570913322992
    },
    "min": {
      "trend_strength": 0.0,
      "trend_linearity": -0.0053730405341685175,
      "seasonal_strength": 0.0,
      "seasonal_correlation": 0.36387657718155697,
      "residual_autocorr_lag1": 0.8562207962594235,
      "spectral_entropy": -428.34273898125036
    },
    "max": {
      "trend_strength": 0.9129442566593697,
      "trend_linearity": 0.00282550569326783,
      "seasonal_strength": 0.9757939245928775,
      "seasonal_correlation": 0.9947436232994479,
      "residual_autocorr_lag1": 0.9697300558588218,
      "spectral_entropy": 1462.4373750874624
    }
  }
}