{
  "model": "sundial",
  "dataset": "Water_Quality_Darwin_15T",
  "method": "BM",
  "ratio": 0.3,
  "term": "long",
  "imputation_method": "linear",
  "n_windows": 16,
  "period": 96,
  "summary": {
    "mean": {
      "trend_strength": 0.6953040439407143,
      "trend_linearity": -9.43183477927986e-05,
      "seasonal_strength": 0.3864332595105334,
      "seasonal_correlation": 0.7121412667855236,
      "residual_autocorr_lag1": 0.9534320922170458,
      "spectral_entropy": 531.168088249636
    },
    "std": {
      "trend_strength": 0.2490374595513194,
      "trend_linearity": 0.0031385448110270893,
      "seasonal_strength": 0.2657185390260309,
      "seasonal_correlation": 0.2265535060213056,
      "residual_autocorr_lag1": 0.02985327619406864,
      "spectral_entropy": 652.1106083445924
    },
    "min": {
      "trend_strength": 0.18166719558195576,
      "trend_linearity": -0.008246290087914257,
      "seasonal_strength": 0.0,
      "seasonal_correlation": 0.2479964185864195,
      "residual_autocorr_lag1": 0.8886518198147302,
      "spectral_entropy": -551.6371206525569
    },
    "max": {
      "trend_strength": 0.9827815119535903,
      "trend_linearity": 0.004657930162834975,
      "seasonal_strength": 0.9043525596167902,
      "seasonal_correlation": 0.991448384457231,
      "residual_autocorr_lag1": 0.9876842074912887,
      "spectral_entropy": 1622.8704469900017
    }
  }
}