{
  "model": "sundial",
  "dataset": "Water_Quality_Darwin_15T",
  "method": "clean",
  "ratio": null,
  "term": "long",
  "imputation_method": null,
  "n_windows": 16,
  "period": 96,
  "summary": {
    "mean": {
      "trend_strength": 0.6650523261740263,
      "trend_linearity": 0.0004510469023139105,
      "seasonal_strength": 0.5639385074052208,
      "seasonal_correlation": 0.7941472559112086,
      "residual_autocorr_lag1": 0.9426685176670387,
      "spectral_entropy": 444.338636926865
    },
    "std": {
      "trend_strength": 0.1831964414811637,
      "trend_linearity": 0.0021839662894557466,
      "seasonal_strength": 0.37429183236340935,
      "seasonal_correlation": 0.24529491196459213,
      "residual_autocorr_lag1": 0.028780916738356706,
      "spectral_entropy": 688.5340062284326
    },
    "min": {
      "trend_strength": 0.27859137069647033,
      "trend_linearity": -0.006167582542164132,
      "seasonal_strength": 0.0,
      "seasonal_correlation": 0.27140247943213275,
      "residual_autocorr_lag1": 0.8863615008504071,
      "spectral_entropy": -382.05035514928977
    },
    "max": {
      "trend_strength": 0.9264744265542176,
      "trend_linearity": 0.004232533177818419,
      "seasonal_strength": 0.9925961545404108,
      "seasonal_correlation": 0.9962574609636554,
      "residual_autocorr_lag1": 0.9956558006879779,
      "spectral_entropy": 1598.5285831486035
    }
  }
}