{
  "model": "sundial",
  "dataset": "weather",
  "method": "BM",
  "ratio": 0.1,
  "term": "long",
  "imputation_method": "forward",
  "n_windows": 20,
  "period": 144,
  "summary": {
    "mean": {
      "trend_strength": 0.5115041907162376,
      "trend_linearity": 0.0028500600108025092,
      "seasonal_strength": 0.7395055376430916,
      "seasonal_correlation": 0.9137395561686136,
      "residual_autocorr_lag1": 0.9832662067528819,
      "spectral_entropy": 1883.7192447601915
    },
    "std": {
      "trend_strength": 0.2391523858134147,
      "trend_linearity": 0.01773708175480491,
      "seasonal_strength": 0.22572688055126194,
      "seasonal_correlation": 0.11915362174190273,
      "residual_autocorr_lag1": 0.015478824091864948,
      "spectral_entropy": 398.5486730622207
    },
    "min": {
      "trend_strength": 0.02675754016820886,
      "trend_linearity": -0.027782460775233594,
      "seasonal_strength": 0.2576083531031881,
      "seasonal_correlation": 0.5410425797205602,
      "residual_autocorr_lag1": 0.9375309532308187,
      "spectral_entropy": 1192.5525260839174
    },
    "max": {
      "trend_strength": 0.9616507287015122,
      "trend_linearity": 0.05526884607785235,
      "seasonal_strength": 0.9876726205455783,
      "seasonal_correlation": 0.9979339691768454,
      "residual_autocorr_lag1": 0.9964582550001164,
      "spectral_entropy": 2649.1563810230714
    }
  }
}