{
  "model": "sundial",
  "dataset": "weather",
  "method": "BM",
  "ratio": 0.1,
  "term": "long",
  "imputation_method": "linear",
  "n_windows": 20,
  "period": 144,
  "summary": {
    "mean": {
      "trend_strength": 0.44972573141088434,
      "trend_linearity": 0.003924318401794989,
      "seasonal_strength": 0.7699143680907061,
      "seasonal_correlation": 0.9423782688292693,
      "residual_autocorr_lag1": 0.9833056082472555,
      "spectral_entropy": 1795.8808737237832
    },
    "std": {
      "trend_strength": 0.22229786478605085,
      "trend_linearity": 0.016582217521258633,
      "seasonal_strength": 0.22787792813478366,
      "seasonal_correlation": 0.09681681210471349,
      "residual_autocorr_lag1": 0.017742728583383525,
      "spectral_entropy": 456.9990011684655
    },
    "min": {
      "trend_strength": 0.13529126725317164,
      "trend_linearity": -0.022960067123389726,
      "seasonal_strength": 0.1463569725012518,
      "seasonal_correlation": 0.6200681776628336,
      "residual_autocorr_lag1": 0.9128584828877595,
      "spectral_entropy": 1052.5291293999828
    },
    "max": {
      "trend_strength": 0.9648668535658936,
      "trend_linearity": 0.05773190970201871,
      "seasonal_strength": 0.9871276774770051,
      "seasonal_correlation": 0.9985301437655506,
      "residual_autocorr_lag1": 0.996757925115761,
      "spectral_entropy": 2795.8516854845516
    }
  }
}