metric,value
eval_data,datasets\Impute\MCAR_030\mean\ETTh2_MCAR_030_short.csv
clean_data,datasets\ori\ETTh2.csv
freq,H
term,short
prediction_length,48
windows,20
MSE[mean],33.14783528645833
MSE[0.5],33.97291870117188
MAE[0.5],4.598946634928385
MASE[0.5],1.4922812097392495
MAPE[0.5],0.1227021058400472
sMAPE[0.5],0.13152670769848604
MSIS,16.12994280911387
RMSE[mean],5.757415677754937
NRMSE[mean],0.16354990034783254
ND[0.5],0.1306414728319279
mean_weighted_sum_quantile_loss,0.10937832772705254
