metric,value
eval_data,datasets\Impute\MCAR_030\mean\ETTh1_MCAR_030_long.csv
clean_data,datasets\ori\ETTh1.csv
freq,H
term,long
prediction_length,720
windows,3
MSE[mean],9.748302770543981
MSE[0.5],9.769419126157407
MAE[0.5],2.3917464644820603
MASE[0.5],1.0887353399252904
MAPE[0.5],0.38383505836716936
sMAPE[0.5],0.27171134146270687
MSIS,9.345577498072853
RMSE[mean],3.122227213151532
NRMSE[mean],0.33769018979556903
ND[0.5],0.2586837095428997
mean_weighted_sum_quantile_loss,0.2077269885108627
