metric,value
eval_data,datasets\Impute\MCAR_030\mean\ETTh1_MCAR_030_medium.csv
clean_data,datasets\ori\ETTh1.csv
freq,H
term,medium
prediction_length,480
windows,4
MSE[mean],9.864864095052083
MSE[0.5],9.946122233072916
MAE[0.5],2.5395111083984374
MASE[0.5],1.1594502539698748
MAPE[0.5],0.2950638771057129
sMAPE[0.5],0.2636288138063326
MSIS,11.369471341923308
RMSE[mean],3.140838119841913
NRMSE[mean],0.3293826622768523
ND[0.5],0.2663209302261077
mean_weighted_sum_quantile_loss,0.21648677516173645
