metric,value
eval_data,datasets\Impute\MCAR_030\mean\ETTm2_MCAR_030_short.csv
clean_data,datasets\ori\ETTm2.csv
freq,T
term,short
prediction_length,48
windows,20
MSE[mean],29.060575358072917
MSE[0.5],28.95599365234375
MAE[0.5],4.4634765625
MASE[0.5],0.7492000181821105
MAPE[0.5],0.11572351455688476
sMAPE[0.5],0.12167035399593161
MSIS,6.294543452046093
RMSE[mean],5.3907861539920985
NRMSE[mean],0.14518247649102628
ND[0.5],0.12020854891888423
mean_weighted_sum_quantile_loss,0.0981561715184865
