metric,value
eval_data,datasets\Impute\MCAR_030\mean\traffic_MCAR_030_long.csv
clean_data,datasets\ori\traffic.csv
freq,H
term,long
prediction_length,720
windows,3
MSE[mean],0.00012763597899013095
MSE[0.5],0.0001290559630703043
MAE[0.5],0.008748496903313531
MASE[0.5],1.853227596547638
MAPE[0.5],0.4977504912213409
sMAPE[0.5],0.3379348834950496
MSIS,19.450771357302834
RMSE[mean],0.011297609436961916
NRMSE[mean],0.3029417402824508
ND[0.5],0.23458811278026714
mean_weighted_sum_quantile_loss,0.19372710030202178
