{
  "success": true,
  "dir_info": {
    "dataset": "electricity",
    "method": "BM",
    "block_length": 50,
    "ratio": 0.3,
    "term": "short"
  },
  "imputation_method": "forward",
  "n_windows": 20,
  "period": 24,
  "summary": {
    "mean": {
      "trend_strength": 0.876959258007117,
      "trend_linearity": 0.7365574741714759,
      "seasonal_strength": 0.9078811009329654,
      "seasonal_correlation": 0.745278148521505,
      "residual_autocorr_lag1": 0.27448913064479064,
      "spectral_entropy": 242.16148122551846
    },
    "std": {
      "trend_strength": 0.2583598522658427,
      "trend_linearity": 5.08704215057159,
      "seasonal_strength": 0.20128183177068043,
      "seasonal_correlation": 0.34600458006013146,
      "residual_autocorr_lag1": 0.22353410518500388,
      "spectral_entropy": 33.34859830387922
    },
    "min": {
      "trend_strength": 0.02429708441167877,
      "trend_linearity": -9.299616832368224,
      "seasonal_strength": 0.3855163249826956,
      "seasonal_correlation": -0.2472782050959966,
      "residual_autocorr_lag1": -0.05604045786129114,
      "spectral_entropy": 162.23278448803495
    },
    "max": {
      "trend_strength": 1.0,
      "trend_linearity": 11.585975000000051,
      "seasonal_strength": 1.0,
      "seasonal_correlation": 0.9886535538075675,
      "residual_autocorr_lag1": 0.6588691356525156,
      "spectral_entropy": 291.39600710529936
    }
  },
  "window_results": [
    {
      "success": true,
      "window_idx": 0,
      "dataset": "electricity",
      "metrics": {
        "trend_strength": 0.6447733883455149,
        "trend_linearity": -4.468271960423397,
        "seasonal_strength": 0.40186498765940837,
        "seasonal_correlation": 0.8529175853237928,
        "residual_autocorr_lag1": 0.6091145741779486,
        "spectral_entropy": 287.61346277554696
      },
      "n_series": 1
    },
    {
      "success": true,
      "window_idx": 1,
      "dataset": "electricity",
      "metrics": {
        "trend_strength": 0.6909219617224742,
        "trend_linearity": 4.342560269895847,
        "seasonal_strength": 0.9775038879011599,
        "seasonal_correlation": 0.9643231378487745,
        "residual_autocorr_lag1": -0.0036635913797602375,
        "spectral_entropy": 288.2892831638974
      },
      "n_series": 1
    },
    {
      "success": true,
      "window_idx": 10,
      "dataset": "electricity",
      "metrics": {
        "trend_strength": 1.0,
        "trend_linearity": 2.983253124999981,
        "seasonal_strength": 1.0,
        "seasonal_correlation": 0.9473441225471233,
        "residual_autocorr_lag1": 0.2642918088737201,
        "spectral_entropy": 227.9030235175509
      },
      "n_series": 1
    },
    {
      "success": true,
      "window_idx": 11,
      "dataset": "electricity",
      "metrics": {
        "trend_strength": 1.0,
        "trend_linearity": 7.441850520833264,
        "seasonal_strength": 1.0,
        "seasonal_correlation": 0.370195849613081,
        "residual_autocorr_lag1": 0.5926896207584831,
        "spectral_entropy": 250.1462626976176
      },
      "n_series": 1
    },
    {
      "success": true,
      "window_idx": 12,
      "dataset": "electricity",
      "metrics": {
        "trend_strength": 1.0,
        "trend_linearity": 5.539096180555578,
        "seasonal_strength": 1.0,
        "seasonal_correlation": 0.8082603543127825,
        "residual_autocorr_lag1": 0.1553484532499131,
        "spectral_entropy": 264.0251085550535
      },
      "n_series": 1
    },
    {
      "success": true,
      "window_idx": 13,
      "dataset": "electricity",
      "metrics": {
        "trend_strength": 0.9958870692026709,
        "trend_linearity": 1.7686583333333377,
        "seasonal_strength": 0.9990608894411813,
        "seasonal_correlation": 0.965282781082767,
        "residual_autocorr_lag1": -0.01525605514241858,
        "spectral_entropy": 218.93264715771684
      },
      "n_series": 1
    },
    {
      "success": true,
      "window_idx": 14,
      "dataset": "electricity",
      "metrics": {
        "trend_strength": 0.9938547521993065,
        "trend_linearity": -9.299616832368224,
        "seasonal_strength": 0.87980438206894,
        "seasonal_correlation": 0.6691036443212148,
        "residual_autocorr_lag1": 0.009049276911040838,
        "spectral_entropy": 268.5683806546745
      },
      "n_series": 1
    },
    {
      "success": true,
      "window_idx": 15,
      "dataset": "electricity",
      "metrics": {
        "trend_strength": 1.0,
        "trend_linearity": 4.412346180555506,
        "seasonal_strength": 1.0,
        "seasonal_correlation": 0.9727299542487187,
        "residual_autocorr_lag1": 0.40236643437862957,
        "spectral_entropy": 247.80686979491844
      },
      "n_series": 1
    },
    {
      "success": true,
      "window_idx": 16,
      "dataset": "electricity",
      "metrics": {
        "trend_strength": 0.9180120624765199,
        "trend_linearity": -8.077583825475692,
        "seasonal_strength": 0.5207640987840927,
        "seasonal_correlation": 0.6340901456533691,
        "residual_autocorr_lag1": 0.6588691356525156,
        "spectral_entropy": 272.76474671817397
      },
      "n_series": 1
    },
    {
      "success": true,
      "window_idx": 17,
      "dataset": "electricity",
      "metrics": {
        "trend_strength": 1.0,
        "trend_linearity": 1.2579081597221973,
        "seasonal_strength": 1.0,
        "seasonal_correlation": 0.9146114024106464,
        "residual_autocorr_lag1": 0.3837488563586459,
        "spectral_entropy": 188.5489149427289
      },
      "n_series": 1
    },
    {
      "success": true,
      "window_idx": 18,
      "dataset": "electricity",
      "metrics": {
        "trend_strength": 1.0,
        "trend_linearity": 0.12404392361110696,
        "seasonal_strength": 1.0,
        "seasonal_correlation": 0.7681654840451485,
        "residual_autocorr_lag1": 0.0713166845685643,
        "spectral_entropy": 162.23278448803495
      },
      "n_series": 1
    },
    {
      "success": true,
      "window_idx": 19,
      "dataset": "electricity",
      "metrics": {
        "trend_strength": 1.0,
        "trend_linearity": 1.593732118055509,
        "seasonal_strength": 1.0,
        "seasonal_correlation": 0.9590164527834351,
        "residual_autocorr_lag1": 0.3967627013630733,
        "spectral_entropy": 197.1399661162689
      },
      "n_series": 1
    },
    {
      "success": true,
      "window_idx": 2,
      "dataset": "electricity",
      "metrics": {
        "trend_strength": 0.9454677117664393,
        "trend_linearity": 3.2581762500005795,
        "seasonal_strength": 0.9981223642754933,
        "seasonal_correlation": 0.988631717303368,
        "residual_autocorr_lag1": -0.05604045786129114,
        "spectral_entropy": 247.32422921574567
      },
      "n_series": 1
    },
    {
      "success": true,
      "window_idx": 3,
      "dataset": "electricity",
      "metrics": {
        "trend_strength": 1.0,
        "trend_linearity": -5.619872222222258,
        "seasonal_strength": 1.0,
        "seasonal_correlation": 0.6493700570463502,
        "residual_autocorr_lag1": 0.24156911928651062,
        "spectral_entropy": 226.45067755878506
      },
      "n_series": 1
    },
    {
      "success": true,
      "window_idx": 4,
      "dataset": "electricity",
      "metrics": {
        "trend_strength": 1.0,
        "trend_linearity": 11.585975000000051,
        "seasonal_strength": 1.0,
        "seasonal_correlation": -0.2472782050959966,
        "residual_autocorr_lag1": 0.5927287581699346,
        "spectral_entropy": 258.56603049757996
      },
      "n_series": 1
    },
    {
      "success": true,
      "window_idx": 5,
      "dataset": "electricity",
      "metrics": {
        "trend_strength": 1.0,
        "trend_linearity": 4.674398958333328,
        "seasonal_strength": 1.0,
        "seasonal_correlation": 0.9749249065694456,