{
  "success": true,
  "dir_info": {
    "dataset": "electricity",
    "method": "BM",
    "block_length": 50,
    "ratio": 0.2,
    "term": "short"
  },
  "imputation_method": "linear",
  "n_windows": 20,
  "period": 24,
  "summary": {
    "mean": {
      "trend_strength": 0.8644231660231785,
      "trend_linearity": 0.8245555243666745,
      "seasonal_strength": 0.9781879459859806,
      "seasonal_correlation": 0.7289666112555095,
      "residual_autocorr_lag1": 0.14151809886221048,
      "spectral_entropy": 241.22340456870347
    },
    "std": {
      "trend_strength": 0.284219104994276,
      "trend_linearity": 6.6887607532228435,
      "seasonal_strength": 0.06389700287727208,
      "seasonal_correlation": 0.3845878447225457,
      "residual_autocorr_lag1": 0.15349987774630863,
      "spectral_entropy": 26.851488887654668
    },
    "min": {
      "trend_strength": 0.0,
      "trend_linearity": -10.328483854166691,
      "seasonal_strength": 0.7279426986925219,
      "seasonal_correlation": -0.28280659820377013,
      "residual_autocorr_lag1": -0.02171985816126969,
      "spectral_entropy": 192.05080463725454
    },
    "max": {
      "trend_strength": 1.0,
      "trend_linearity": 17.175652536231883,
      "seasonal_strength": 1.0,
      "seasonal_correlation": 0.998659266862017,
      "residual_autocorr_lag1": 0.49916220651291776,
      "spectral_entropy": 293.2530785348812
    }
  },
  "window_results": [
    {
      "success": true,
      "window_idx": 0,
      "dataset": "electricity",
      "metrics": {
        "trend_strength": 1.0,
        "trend_linearity": -5.81840677083334,
        "seasonal_strength": 1.0,
        "seasonal_correlation": 0.9647707329815618,
        "residual_autocorr_lag1": 0.08848338419803324,
        "spectral_entropy": 242.8920458560618
      },
      "n_series": 1
    },
    {
      "success": true,
      "window_idx": 1,
      "dataset": "electricity",
      "metrics": {
        "trend_strength": 0.9514769704839574,
        "trend_linearity": 10.286590140787736,
        "seasonal_strength": 0.9913644391189418,
        "seasonal_correlation": 0.978542965611795,
        "residual_autocorr_lag1": 0.42500284696273216,
        "spectral_entropy": 292.76468975515775
      },
      "n_series": 1
    },
    {
      "success": true,
      "window_idx": 10,
      "dataset": "electricity",
      "metrics": {
        "trend_strength": 1.0,
        "trend_linearity": -9.286882291666664,
        "seasonal_strength": 1.0,
        "seasonal_correlation": 0.9154116991971423,
        "residual_autocorr_lag1": 0.2822368421052632,
        "spectral_entropy": 229.03250595216986
      },
      "n_series": 1
    },
    {
      "success": true,
      "window_idx": 11,
      "dataset": "electricity",
      "metrics": {
        "trend_strength": 1.0,
        "trend_linearity": 8.906542187499992,
        "seasonal_strength": 1.0,
        "seasonal_correlation": 0.6296904376019172,
        "residual_autocorr_lag1": 0.022645474680358386,
        "spectral_entropy": 229.74113021286684
      },
      "n_series": 1
    },
    {
      "success": true,
      "window_idx": 12,
      "dataset": "electricity",
      "metrics": {
        "trend_strength": 0.7302197350268909,
        "trend_linearity": -1.87048552626985,
        "seasonal_strength": 0.9891938800155499,
        "seasonal_correlation": 0.9891538222456029,
        "residual_autocorr_lag1": -0.007074824606497642,
        "spectral_entropy": 198.16088616571662
      },
      "n_series": 1
    },
    {
      "success": true,
      "window_idx": 13,
      "dataset": "electricity",
      "metrics": {
        "trend_strength": 1.0,
        "trend_linearity": -10.328483854166691,
        "seasonal_strength": 1.0,
        "seasonal_correlation": -0.28280659820377013,
        "residual_autocorr_lag1": 0.13552055001511026,
        "spectral_entropy": 293.2530785348812
      },
      "n_series": 1
    },
    {
      "success": true,
      "window_idx": 14,
      "dataset": "electricity",
      "metrics": {
        "trend_strength": 0.6725309245067335,
        "trend_linearity": -1.3986194598735187,
        "seasonal_strength": 0.7279426986925219,
        "seasonal_correlation": 0.7013410189810079,
        "residual_autocorr_lag1": 0.33266199070507246,
        "spectral_entropy": 215.29046715673994
      },
      "n_series": 1
    },
    {
      "success": true,
      "window_idx": 15,
      "dataset": "electricity",
      "metrics": {
        "trend_strength": 0.9862354688289241,
        "trend_linearity": 4.727228333333206,
        "seasonal_strength": 0.9957918146665756,
        "seasonal_correlation": 0.9857243380942435,
        "residual_autocorr_lag1": 0.06372962365789428,
        "spectral_entropy": 227.8428224950323
      },
      "n_series": 1
    },
    {
      "success": true,
      "window_idx": 16,
      "dataset": "electricity",
      "metrics": {
        "trend_strength": 1.0,
        "trend_linearity": -5.112672395833369,
        "seasonal_strength": 1.0,
        "seasonal_correlation": 0.9052855359194708,
        "residual_autocorr_lag1": 0.0768534002229655,
        "spectral_entropy": 257.9250604455976
      },
      "n_series": 1
    },
    {
      "success": true,
      "window_idx": 17,
      "dataset": "electricity",
      "metrics": {
        "trend_strength": 1.0,
        "trend_linearity": -0.901777777777776,
        "seasonal_strength": 1.0,
        "seasonal_correlation": 0.9451945236673632,
        "residual_autocorr_lag1": 0.139086655817738,
        "spectral_entropy": 192.05080463725454
      },
      "n_series": 1
    },
    {
      "success": true,
      "window_idx": 18,
      "dataset": "electricity",
      "metrics": {
        "trend_strength": 1.0,
        "trend_linearity": 4.462415972222181,
        "seasonal_strength": 1.0,
        "seasonal_correlation": 0.3487356414385684,
        "residual_autocorr_lag1": 0.03886891705256318,
        "spectral_entropy": 230.7076171860882
      },
      "n_series": 1
    },
    {
      "success": true,
      "window_idx": 19,
      "dataset": "electricity",
      "metrics": {
        "trend_strength": 1.0,
        "trend_linearity": 2.8376519097222204,
        "seasonal_strength": 1.0,
        "seasonal_correlation": 0.9715839652580123,
        "residual_autocorr_lag1": 0.045289855072463775,
        "spectral_entropy": 217.03366426269915
      },
      "n_series": 1
    },
    {
      "success": true,
      "window_idx": 2,
      "dataset": "electricity",
      "metrics": {
        "trend_strength": 0.9762720453414723,
        "trend_linearity": 5.667416683871999,
        "seasonal_strength": 0.9944249602075644,
        "seasonal_correlation": 0.9875567637463626,
        "residual_autocorr_lag1": 0.49916220651291776,
        "spectral_entropy": 264.9202786918625
      },
      "n_series": 1
    },
    {
      "success": true,
      "window_idx": 3,
      "dataset": "electricity",
      "metrics": {
        "trend_strength": 1.0,
        "trend_linearity": -7.247484027777831,
        "seasonal_strength": 1.0,
        "seasonal_correlation": 0.966984272792972,
        "residual_autocorr_lag1": 0.31483129874533744,
        "spectral_entropy": 238.36286833993842
      },
      "n_series": 1
    },
    {
      "success": true,
      "window_idx": 4,
      "dataset": "electricity",
      "metrics": {
        "trend_strength": 0.9999999978560405,
        "trend_linearity": 17.175652536231883,
        "seasonal_strength": 0.9999999978240072,
        "seasonal_correlation": -0.12962658436495617,
        "residual_autocorr_lag1": -0.02171985816126969,
        "spectral_entropy": 249.95702692851003
      },
      "n_series": 1
    },
    {
      "success": true,
      "window_idx": 5,
      "dataset": "electricity",
      "metrics": {
        "trend_strength": 0.8542631474692288,
        "trend_linearity": 1.573778762547068,
        "seasonal_strength": 0.9991413883921527,
        "seasonal_correlation": 0.998659266862017,