{
  "success": true,
  "dir_info": {
    "dataset": "electricity",
    "method": "clean",
    "block_length": null,
    "ratio": null,
    "term": "short"
  },
  "n_windows": 20,
  "period": 24,
  "summary": {
    "mean": {
      "trend_strength": 0.9525910484871891,
      "trend_linearity": 0.7009459043664361,
      "seasonal_strength": 0.9965598369584183,
      "seasonal_correlation": 0.801455646157508,
      "residual_autocorr_lag1": 0.24273332826485783,
      "spectral_entropy": 251.68318789011164
    },
    "std": {
      "trend_strength": 0.11526711076741229,
      "trend_linearity": 8.229564433874607,
      "seasonal_strength": 0.011140141642206376,
      "seasonal_correlation": 0.3981951059234389,
      "residual_autocorr_lag1": 0.28229971930174425,
      "spectral_entropy": 14.180254427762955
    },
    "min": {
      "trend_strength": 0.5948253898630274,
      "trend_linearity": -10.872718229166665,
      "seasonal_strength": 0.9491473768745707,
      "seasonal_correlation": -0.2917435714648435,
      "residual_autocorr_lag1": -0.3352272727272727,
      "spectral_entropy": 228.46393071336703
    },
    "max": {
      "trend_strength": 1.0,
      "trend_linearity": 17.43609184027771,
      "seasonal_strength": 1.0,
      "seasonal_correlation": 0.9987221783997828,
      "residual_autocorr_lag1": 0.7597730463939734,
      "spectral_entropy": 289.5121363453589
    }
  },
  "window_results": [
    {
      "success": true,
      "window_idx": 0,
      "dataset": "electricity",
      "metrics": {
        "trend_strength": 0.9888210288173707,
        "trend_linearity": -8.428533771384087,
        "seasonal_strength": 0.9902871424816051,
        "seasonal_correlation": 0.9282540669994438,
        "residual_autocorr_lag1": 0.015233797296460055,
        "spectral_entropy": 256.04451238160516
      },
      "n_series": 1
    },
    {
      "success": true,
      "window_idx": 1,
      "dataset": "electricity",
      "metrics": {
        "trend_strength": 1.0,
        "trend_linearity": 6.808923090277766,
        "seasonal_strength": 1.0,
        "seasonal_correlation": 0.9675444496106945,
        "residual_autocorr_lag1": 0.02963615023474177,
        "spectral_entropy": 289.5121363453589
      },
      "n_series": 1
    },
    {
      "success": true,
      "window_idx": 10,
      "dataset": "electricity",
      "metrics": {
        "trend_strength": 1.0,
        "trend_linearity": -10.872718229166665,
        "seasonal_strength": 1.0,
        "seasonal_correlation": 0.9464152709616804,
        "residual_autocorr_lag1": 0.46306440903054463,
        "spectral_entropy": 253.8494438794203
      },
      "n_series": 1
    },
    {
      "success": true,
      "window_idx": 11,
      "dataset": "electricity",
      "metrics": {
        "trend_strength": 1.0,
        "trend_linearity": 15.31669131944441,
        "seasonal_strength": 1.0,
        "seasonal_correlation": 0.07246486202649591,
        "residual_autocorr_lag1": 0.6100249980917487,
        "spectral_entropy": 252.85599345601455
      },
      "n_series": 1
    },
    {
      "success": true,
      "window_idx": 12,
      "dataset": "electricity",
      "metrics": {
        "trend_strength": 1.0,
        "trend_linearity": -1.596319270833368,
        "seasonal_strength": 1.0,
        "seasonal_correlation": 0.9987221783997828,
        "residual_autocorr_lag1": 0.17446461824953446,
        "spectral_entropy": 228.46393071336703
      },
      "n_series": 1
    },
    {
      "success": true,
      "window_idx": 13,
      "dataset": "electricity",
      "metrics": {
        "trend_strength": 1.0,
        "trend_linearity": 0.16257968749995316,
        "seasonal_strength": 1.0,
        "seasonal_correlation": 0.9965495235384443,
        "residual_autocorr_lag1": 0.15416666666666667,
        "spectral_entropy": 230.89123348835494
      },
      "n_series": 1
    },
    {
      "success": true,
      "window_idx": 14,
      "dataset": "electricity",
      "metrics": {
        "trend_strength": 1.0,
        "trend_linearity": -9.766423958333315,
        "seasonal_strength": 1.0,
        "seasonal_correlation": 0.9360963490278393,
        "residual_autocorr_lag1": 0.43436960276338527,
        "spectral_entropy": 255.84505127297786
      },
      "n_series": 1
    },
    {
      "success": true,
      "window_idx": 15,
      "dataset": "electricity",
      "metrics": {
        "trend_strength": 1.0,
        "trend_linearity": 3.399593055555543,
        "seasonal_strength": 1.0,
        "seasonal_correlation": 0.9399074768652799,
        "residual_autocorr_lag1": 0.3787684869169512,
        "spectral_entropy": 276.42417258482146
      },
      "n_series": 1
    },
    {
      "success": true,
      "window_idx": 16,
      "dataset": "electricity",
      "metrics": {
        "trend_strength": 1.0,
        "trend_linearity": 3.90919982638885,
        "seasonal_strength": 1.0,
        "seasonal_correlation": 0.9816692396741776,
        "residual_autocorr_lag1": 0.1969656122693505,
        "spectral_entropy": 238.32148843014886
      },
      "n_series": 1
    },
    {
      "success": true,
      "window_idx": 17,
      "dataset": "electricity",
      "metrics": {
        "trend_strength": 1.0,
        "trend_linearity": -8.079469270833359,
        "seasonal_strength": 1.0,
        "seasonal_correlation": 0.9579317440244582,
        "residual_autocorr_lag1": 0.21002993327849376,
        "spectral_entropy": 246.26831622264538
      },
      "n_series": 1
    },
    {
      "success": true,
      "window_idx": 18,
      "dataset": "electricity",
      "metrics": {
        "trend_strength": 1.0,
        "trend_linearity": 15.329917361111127,
        "seasonal_strength": 1.0,
        "seasonal_correlation": -0.2917435714648435,
        "residual_autocorr_lag1": 0.569893022621968,
        "spectral_entropy": 253.08740896193046
      },
      "n_series": 1
    },
    {
      "success": true,
      "window_idx": 19,
      "dataset": "electricity",
      "metrics": {
        "trend_strength": 0.9855580667803366,
        "trend_linearity": -1.5946646739130683,
        "seasonal_strength": 0.999912804213996,
        "seasonal_correlation": 0.9952043550854809,
        "residual_autocorr_lag1": -0.021719858156078818,
        "spectral_entropy": 231.68017858356393
      },
      "n_series": 1
    },
    {
      "success": true,
      "window_idx": 2,
      "dataset": "electricity",
      "metrics": {
        "trend_strength": 0.5948253898630274,
        "trend_linearity": 1.2295692661951418,
        "seasonal_strength": 0.9943127128919185,
        "seasonal_correlation": 0.9947678342670943,
        "residual_autocorr_lag1": 0.7597730463939734,
        "spectral_entropy": 257.0407677504975
      },
      "n_series": 1
    },
    {
      "success": true,
      "window_idx": 3,
      "dataset": "electricity",
      "metrics": {
        "trend_strength": 0.81985585657039,
        "trend_linearity": -10.405165506721048,
        "seasonal_strength": 0.9491473768745707,
        "seasonal_correlation": 0.8725825371253702,
        "residual_autocorr_lag1": 0.35690905353102476,
        "spectral_entropy": 247.57680201446
      },
      "n_series": 1
    },
    {
      "success": true,
      "window_idx": 4,
      "dataset": "electricity",
      "metrics": {
        "trend_strength": 1.0,
        "trend_linearity": 17.43609184027771,
        "seasonal_strength": 1.0,
        "seasonal_correlation": -0.18016489843951167,
        "residual_autocorr_lag1": 0.40996644393646337,
        "spectral_entropy": 257.12682436912047
      },
      "n_series": 1
    },
    {
      "success": true,
      "window_idx": 5,
      "dataset": "electricity",
      "metrics": {
        "trend_strength": 0.662760627712659,
        "trend_linearity": 1.1285990578742775,
        "seasonal_strength": 0.9975367027062779,
        "seasonal_correlation": 0.9986138562208298,
        "residual_autocorr_lag1": 0.6128620222535779,