{
  "success": true,
  "dir_info": {
    "dataset": "electricity",
    "method": "BM",
    "block_length": 50,
    "ratio": 0.2,
    "term": "medium"
  },
  "imputation_method": "linear",
  "n_windows": 20,
  "period": 24,
  "summary": {
    "mean": {
      "trend_strength": 0.5969572240814653,
      "trend_linearity": 0.03216964447792933,
      "seasonal_strength": 0.5921890701366392,
      "seasonal_correlation": 0.9133730309249225,
      "residual_autocorr_lag1": 0.9349941465205827,
      "spectral_entropy": 2716.6732119900953
    },
    "std": {
      "trend_strength": 0.23769508623963162,
      "trend_linearity": 0.5111665110002076,
      "seasonal_strength": 0.24325746862505265,
      "seasonal_correlation": 0.1418347720264112,
      "residual_autocorr_lag1": 0.03212238297872973,
      "spectral_entropy": 250.880336775874
    },
    "min": {
      "trend_strength": 0.2809580132119178,
      "trend_linearity": -0.7776790115355413,
      "seasonal_strength": 0.0,
      "seasonal_correlation": 0.4122077482532933,
      "residual_autocorr_lag1": 0.8380860504664661,
      "spectral_entropy": 1861.3629893485013
    },
    "max": {
      "trend_strength": 0.9956427466933249,
      "trend_linearity": 0.7865742477085805,
      "seasonal_strength": 0.953547304039438,
      "seasonal_correlation": 0.9952565835046963,
      "residual_autocorr_lag1": 0.9774902837701482,
      "spectral_entropy": 3022.060093276286
    }
  },
  "window_results": [
    {
      "success": true,
      "window_idx": 0,
      "dataset": "electricity",
      "metrics": {
        "trend_strength": 0.38627667544156863,
        "trend_linearity": 0.7264628250898365,
        "seasonal_strength": 0.34986477203706,
        "seasonal_correlation": 0.9418666018262152,
        "residual_autocorr_lag1": 0.9353396065224979,
        "spectral_entropy": 2840.5665255248387
      },
      "n_series": 1
    },
    {
      "success": true,
      "window_idx": 1,
      "dataset": "electricity",
      "metrics": {
        "trend_strength": 0.6973108927989979,
        "trend_linearity": -0.7123462971897443,
        "seasonal_strength": 0.6367758549825142,
        "seasonal_correlation": 0.8476482687219385,
        "residual_autocorr_lag1": 0.9499971081748683,
        "spectral_entropy": 2943.484951477781
      },
      "n_series": 1
    },
    {
      "success": true,
      "window_idx": 10,
      "dataset": "electricity",
      "metrics": {
        "trend_strength": 0.3654116091419749,
        "trend_linearity": -0.45472413248837923,
        "seasonal_strength": 0.7922770488170886,
        "seasonal_correlation": 0.9875819939595891,
        "residual_autocorr_lag1": 0.9265806889900018,
        "spectral_entropy": 2987.0060416505903
      },
      "n_series": 1
    },
    {
      "success": true,
      "window_idx": 11,
      "dataset": "electricity",
      "metrics": {
        "trend_strength": 0.4653577167701777,
        "trend_linearity": 0.14120864819602744,
        "seasonal_strength": 0.7507630023835754,
        "seasonal_correlation": 0.967680789573983,
        "residual_autocorr_lag1": 0.9125323811918497,
        "spectral_entropy": 2824.4108979842304
      },
      "n_series": 1
    },
    {
      "success": true,
      "window_idx": 12,
      "dataset": "electricity",
      "metrics": {
        "trend_strength": 0.5074541742799408,
        "trend_linearity": 0.7865742477085805,
        "seasonal_strength": 0.7297931790150349,
        "seasonal_correlation": 0.9401573530390103,
        "residual_autocorr_lag1": 0.9591898184873238,
        "spectral_entropy": 2749.0289376876517
      },
      "n_series": 1
    },
    {
      "success": true,
      "window_idx": 13,
      "dataset": "electricity",
      "metrics": {
        "trend_strength": 0.730623294457005,
        "trend_linearity": -0.6484438380203987,
        "seasonal_strength": 0.8100385957797629,
        "seasonal_correlation": 0.9952565835046963,
        "residual_autocorr_lag1": 0.9774902837701482,
        "spectral_entropy": 2619.047746906598
      },
      "n_series": 1
    },
    {
      "success": true,
      "window_idx": 14,
      "dataset": "electricity",
      "metrics": {
        "trend_strength": 0.5901382660545593,
        "trend_linearity": -0.7776790115355413,
        "seasonal_strength": 0.7559871096636319,
        "seasonal_correlation": 0.989255755928454,
        "residual_autocorr_lag1": 0.9545661534349398,
        "spectral_entropy": 2797.337366578673
      },
      "n_series": 1
    },
    {
      "success": true,
      "window_idx": 15,
      "dataset": "electricity",
      "metrics": {
        "trend_strength": 0.8603706683812176,
        "trend_linearity": -0.4416629846232473,
        "seasonal_strength": 0.8497495888724174,
        "seasonal_correlation": 0.9803996085699853,
        "residual_autocorr_lag1": 0.9200022014193009,
        "spectral_entropy": 2488.925003776082
      },
      "n_series": 1
    },
    {
      "success": true,
      "window_idx": 16,
      "dataset": "electricity",
      "metrics": {
        "trend_strength": 0.9790388999725078,
        "trend_linearity": 0.17355238091156197,
        "seasonal_strength": 0.953547304039438,
        "seasonal_correlation": 0.992210204007,
        "residual_autocorr_lag1": 0.9419644002292443,
        "spectral_entropy": 2417.0622081430843
      },
      "n_series": 1
    },
    {
      "success": true,
      "window_idx": 17,
      "dataset": "electricity",
      "metrics": {
        "trend_strength": 0.9923298052709952,
        "trend_linearity": 0.44391269335869893,
        "seasonal_strength": 0.5508627380106711,
        "seasonal_correlation": 0.969222894750954,
        "residual_autocorr_lag1": 0.966739284557755,
        "spectral_entropy": 2540.937980009373
      },
      "n_series": 1
    },
    {
      "success": true,
      "window_idx": 18,
      "dataset": "electricity",
      "metrics": {
        "trend_strength": 0.9815667574842324,
        "trend_linearity": 0.37104133038319237,
        "seasonal_strength": 0.24467917428876163,
        "seasonal_correlation": 0.6208361241277156,
        "residual_autocorr_lag1": 0.944631469185076,
        "spectral_entropy": 1861.3629893485013
      },
      "n_series": 1
    },
    {
      "success": true,
      "window_idx": 19,
      "dataset": "electricity",
      "metrics": {
        "trend_strength": 0.9956427466933249,
        "trend_linearity": 0.6662354009567283,
        "seasonal_strength": 0.0,
        "seasonal_correlation": 0.4122077482532933,
        "residual_autocorr_lag1": 0.8917080725009571,
        "spectral_entropy": 2819.314331500696
      },
      "n_series": 1
    },
    {
      "success": true,
      "window_idx": 2,
      "dataset": "electricity",
      "metrics": {
        "trend_strength": 0.43604385633882226,
        "trend_linearity": -0.22458006383051765,
        "seasonal_strength": 0.46554284819469827,
        "seasonal_correlation": 0.937975506391499,
        "residual_autocorr_lag1": 0.9474599649308496,
        "spectral_entropy": 2765.795296130431
      },
      "n_series": 1
    },
    {
      "success": true,
      "window_idx": 3,
      "dataset": "electricity",
      "metrics": {
        "trend_strength": 0.2809580132119178,
        "trend_linearity": 0.4705677306780691,
        "seasonal_strength": 0.33631971693075113,
        "seasonal_correlation": 0.9074147595940569,
        "residual_autocorr_lag1": 0.8837121865264992,
        "spectral_entropy": 2705.1868814313584
      },
      "n_series": 1
    },
    {
      "success": true,
      "window_idx": 4,
      "dataset": "electricity",
      "metrics": {
        "trend_strength": 0.5500056437587283,
        "trend_linearity": 0.3945758499361517,
        "seasonal_strength": 0.5289317934778017,
        "seasonal_correlation": 0.8800398099468393,
        "residual_autocorr_lag1": 0.8380860504664661,
        "spectral_entropy": 2664.16005212154
      },
      "n_series": 1
    },
    {
      "success": true,