{
  "success": true,
  "dir_info": {
    "dataset": "ETTh1",
    "method": "BM",
    "block_length": 50,
    "ratio": 0.2,
    "term": "medium"
  },
  "imputation_method": "backward",
  "n_windows": 20,
  "period": 24,
  "summary": {
    "mean": {
      "trend_strength": 0.9794307943291892,
      "trend_linearity": -0.0002256209596788743,
      "seasonal_strength": 0.8328616889292686,
      "seasonal_correlation": 0.9355582206369949,
      "residual_autocorr_lag1": 0.8653434194031739,
      "spectral_entropy": 165.24599026550533
    },
    "std": {
      "trend_strength": 0.01777275713949328,
      "trend_linearity": 0.004079687174536414,
      "seasonal_strength": 0.2676078914191914,
      "seasonal_correlation": 0.12267451184674513,
      "residual_autocorr_lag1": 0.0430495247891872,
      "spectral_entropy": 377.3347350442267
    },
    "min": {
      "trend_strength": 0.9345359067158326,
      "trend_linearity": -0.01056951685879391,
      "seasonal_strength": 0.19383695367397435,
      "seasonal_correlation": 0.5119919571976251,
      "residual_autocorr_lag1": 0.7907378596808029,
      "spectral_entropy": -398.7880153011477
    },
    "max": {
      "trend_strength": 0.999390708428881,
      "trend_linearity": 0.009700065904296415,
      "seasonal_strength": 0.9914134834534587,
      "seasonal_correlation": 0.9978381180159482,
      "residual_autocorr_lag1": 0.9508111684054544,
      "spectral_entropy": 969.488259037347
    }
  },
  "window_results": [
    {
      "success": true,
      "window_idx": 0,
      "dataset": "ETTh1",
      "metrics": {
        "trend_strength": 0.9788152588192306,
        "trend_linearity": 0.004456883948868778,
        "seasonal_strength": 0.9847443328797811,
        "seasonal_correlation": 0.9961361746687241,
        "residual_autocorr_lag1": 0.8357663500944945,
        "spectral_entropy": 283.4863628349673
      },
      "n_series": 1
    },
    {
      "success": true,
      "window_idx": 1,
      "dataset": "ETTh1",
      "metrics": {
        "trend_strength": 0.9501085434377229,
        "trend_linearity": 0.004535003355985356,
        "seasonal_strength": 0.9540159851668168,
        "seasonal_correlation": 0.9846938780218182,
        "residual_autocorr_lag1": 0.8508952876924525,
        "spectral_entropy": 99.32207965770269
      },
      "n_series": 1
    },
    {
      "success": true,
      "window_idx": 10,
      "dataset": "ETTh1",
      "metrics": {
        "trend_strength": 0.9884707172178242,
        "trend_linearity": 0.0010232644355436062,
        "seasonal_strength": 0.9845480517536389,
        "seasonal_correlation": 0.9969547860941369,
        "residual_autocorr_lag1": 0.9316122041300486,
        "spectral_entropy": 429.2776141730345
      },
      "n_series": 1
    },
    {
      "success": true,
      "window_idx": 11,
      "dataset": "ETTh1",
      "metrics": {
        "trend_strength": 0.9814144841545082,
        "trend_linearity": 0.000265370327903201,
        "seasonal_strength": 0.9890894741747792,
        "seasonal_correlation": 0.9972982263842218,
        "residual_autocorr_lag1": 0.8768437565085826,
        "spectral_entropy": -260.5775438202966
      },
      "n_series": 1
    },
    {
      "success": true,
      "window_idx": 12,
      "dataset": "ETTh1",
      "metrics": {
        "trend_strength": 0.978759591056017,
        "trend_linearity": -0.0011277225396911852,
        "seasonal_strength": 0.9691399900867627,
        "seasonal_correlation": 0.987172855465208,
        "residual_autocorr_lag1": 0.8684596271959437,
        "spectral_entropy": 156.9970272712839
      },
      "n_series": 1
    },
    {
      "success": true,
      "window_idx": 13,
      "dataset": "ETTh1",
      "metrics": {
        "trend_strength": 0.9345359067158326,
        "trend_linearity": 0.00027413270694989734,
        "seasonal_strength": 0.9752764430061993,
        "seasonal_correlation": 0.9935533439271677,
        "residual_autocorr_lag1": 0.8376442264030961,
        "spectral_entropy": -398.7880153011477
      },
      "n_series": 1
    },
    {
      "success": true,
      "window_idx": 14,
      "dataset": "ETTh1",
      "metrics": {
        "trend_strength": 0.9931451388944539,
        "trend_linearity": -0.0024474733138668513,
        "seasonal_strength": 0.9885727491696346,
        "seasonal_correlation": 0.9964964195492192,
        "residual_autocorr_lag1": 0.8389251051087582,
        "spectral_entropy": 408.1384119464044
      },
      "n_series": 1
    },
    {
      "success": true,
      "window_idx": 15,
      "dataset": "ETTh1",
      "metrics": {
        "trend_strength": 0.9949080239825088,
        "trend_linearity": -0.003313669140649469,
        "seasonal_strength": 0.6025806865297141,
        "seasonal_correlation": 0.9125201291189158,
        "residual_autocorr_lag1": 0.9386501024665226,
        "spectral_entropy": -138.0628065687648
      },
      "n_series": 1
    },
    {
      "success": true,
      "window_idx": 16,
      "dataset": "ETTh1",
      "metrics": {
        "trend_strength": 0.9980732140365776,
        "trend_linearity": -0.00020745654410997768,
        "seasonal_strength": 0.585212792508776,
        "seasonal_correlation": 0.846057038413684,
        "residual_autocorr_lag1": 0.8069966209225025,
        "spectral_entropy": 72.85379009121536
      },
      "n_series": 1
    },
    {
      "success": true,
      "window_idx": 17,
      "dataset": "ETTh1",
      "metrics": {
        "trend_strength": 0.999390708428881,
        "trend_linearity": -0.01056951685879391,
        "seasonal_strength": 0.29525829479212773,
        "seasonal_correlation": 0.764594704088388,
        "residual_autocorr_lag1": 0.864637124375505,
        "spectral_entropy": 969.488259037347
      },
      "n_series": 1
    },
    {
      "success": true,
      "window_idx": 18,
      "dataset": "ETTh1",
      "metrics": {
        "trend_strength": 0.9900059854991173,
        "trend_linearity": -7.499051963279549e-05,
        "seasonal_strength": 0.19383695367397435,
        "seasonal_correlation": 0.7582503827542092,
        "residual_autocorr_lag1": 0.9058110996048141,
        "spectral_entropy": -323.4454121372402
      },
      "n_series": 1
    },
    {
      "success": true,
      "window_idx": 19,
      "dataset": "ETTh1",
      "metrics": {
        "trend_strength": 0.9990772549115546,
        "trend_linearity": -0.006171892485976077,
        "seasonal_strength": 0.28898497856139904,
        "seasonal_correlation": 0.5119919571976251,
        "residual_autocorr_lag1": 0.8504805738327473,
        "spectral_entropy": 569.4746618398809
      },
      "n_series": 1
    },
    {
      "success": true,
      "window_idx": 2,
      "dataset": "ETTh1",
      "metrics": {
        "trend_strength": 0.9449796397949685,
        "trend_linearity": 0.00033847976974500996,
        "seasonal_strength": 0.9843220449990313,
        "seasonal_correlation": 0.9951772586681544,
        "residual_autocorr_lag1": 0.8439130558505988,
        "spectral_entropy": 20.73340884436442
      },
      "n_series": 1
    },
    {
      "success": true,
      "window_idx": 3,
      "dataset": "ETTh1",
      "metrics": {
        "trend_strength": 0.9848351589880191,
        "trend_linearity": -0.003332028587968841,
        "seasonal_strength": 0.9914134834534587,
        "seasonal_correlation": 0.9976781154413469,
        "residual_autocorr_lag1": 0.8044298570843519,
        "spectral_entropy": 47.86577155125724
      },
      "n_series": 1
    },
    {
      "success": true,
      "window_idx": 4,
      "dataset": "ETTh1",
      "metrics": {
        "trend_strength": 0.9774699299948437,
        "trend_linearity": -0.0004941360021273578,
        "seasonal_strength": 0.9893504551036594,
        "seasonal_correlation": 0.9978381180159482,
        "residual_autocorr_lag1": 0.857048322952632,
        "spectral_entropy": 0.5011338853786356
      },
      "n_series": 1
    },
    {
      "success": true,
      "window_idx": 5,