{
  "success": true,
  "dir_info": {
    "dataset": "ETTh2",
    "method": "BM",
    "block_length": 50,
    "ratio": 0.3,
    "term": "long"
  },
  "imputation_method": "mean",
  "n_windows": 15,
  "period": 24,
  "summary": {
    "mean": {
      "trend_strength": 0.8559245632550924,
      "trend_linearity": -0.00010539891095508563,
      "seasonal_strength": 0.8115145034360451,
      "seasonal_correlation": 0.7969291916975025,
      "residual_autocorr_lag1": 0.6244163010966479,
      "spectral_entropy": 1040.0334890356269
    },
    "std": {
      "trend_strength": 0.24543349707383458,
      "trend_linearity": 0.0023837715740602653,
      "seasonal_strength": 0.29805665003532616,
      "seasonal_correlation": 0.33377679444668484,
      "residual_autocorr_lag1": 0.2840520578869021,
      "spectral_entropy": 438.36943668718595
    },
    "min": {
      "trend_strength": 0.19400926603143787,
      "trend_linearity": -0.004018720133909222,
      "seasonal_strength": 0.23295486744893856,
      "seasonal_correlation": 0.17124011195105673,
      "residual_autocorr_lag1": -0.048923540405221615,
      "spectral_entropy": 10.04296733615827
    },
    "max": {
      "trend_strength": 0.9842262818825572,
      "trend_linearity": 0.003977095908095709,
      "seasonal_strength": 0.9989024927418129,
      "seasonal_correlation": 0.9994398911636282,
      "residual_autocorr_lag1": 0.9031586576502291,
      "spectral_entropy": 1761.3476432453058
    }
  },
  "window_results": [
    {
      "success": true,
      "window_idx": 0,
      "dataset": "ETTh2",
      "metrics": {
        "trend_strength": 0.9528465522277645,
        "trend_linearity": -0.003653179363732687,
        "seasonal_strength": 0.9916833540090672,
        "seasonal_correlation": 0.9991783957398839,
        "residual_autocorr_lag1": 0.8170821917838671,
        "spectral_entropy": 1545.0384602043268
      },
      "n_series": 1
    },
    {
      "success": true,
      "window_idx": 1,
      "dataset": "ETTh2",
      "metrics": {
        "trend_strength": 0.9417219044033774,
        "trend_linearity": 0.0028511007575394943,
        "seasonal_strength": 0.9939217976246393,
        "seasonal_correlation": 0.9989088085704887,
        "residual_autocorr_lag1": 0.8675210496665299,
        "spectral_entropy": 1085.1605621668411
      },
      "n_series": 1
    },
    {
      "success": true,
      "window_idx": 10,
      "dataset": "ETTh2",
      "metrics": {
        "trend_strength": 0.9803920806842031,
        "trend_linearity": -0.004018720133909222,
        "seasonal_strength": 0.9438022731308915,
        "seasonal_correlation": 0.9844753793930592,
        "residual_autocorr_lag1": 0.5442147851014721,
        "spectral_entropy": 1113.4233464969684
      },
      "n_series": 1
    },
    {
      "success": true,
      "window_idx": 11,
      "dataset": "ETTh2",
      "metrics": {
        "trend_strength": 0.9169603144224068,
        "trend_linearity": -0.0019904798859628936,
        "seasonal_strength": 0.4460544485829874,
        "seasonal_correlation": 0.3583025056948634,
        "residual_autocorr_lag1": 0.44637898926843694,
        "spectral_entropy": 961.0662287615662
      },
      "n_series": 1
    },
    {
      "success": true,
      "window_idx": 12,
      "dataset": "ETTh2",
      "metrics": {
        "trend_strength": 0.8443999990224584,
        "trend_linearity": -0.0011670292589774382,
        "seasonal_strength": 0.32205232375923953,
        "seasonal_correlation": 0.17124011195105673,
        "residual_autocorr_lag1": 0.4700327947182553,
        "spectral_entropy": 750.3039167885305
      },
      "n_series": 1
    },
    {
      "success": true,
      "window_idx": 13,
      "dataset": "ETTh2",
      "metrics": {
        "trend_strength": 0.28026623899407255,
        "trend_linearity": 1.5130350284651714e-05,
        "seasonal_strength": 0.2880701839695813,
        "seasonal_correlation": 0.22442387330692662,
        "residual_autocorr_lag1": 0.02587563338554575,
        "spectral_entropy": 326.4962418168915
      },
      "n_series": 1
    },
    {
      "success": true,
      "window_idx": 14,
      "dataset": "ETTh2",
      "metrics": {
        "trend_strength": 0.19400926603143787,
        "trend_linearity": -3.1291819907991716e-05,
        "seasonal_strength": 0.23295486744893856,
        "seasonal_correlation": 0.2323712638838123,
        "residual_autocorr_lag1": -0.048923540405221615,
        "spectral_entropy": 10.04296733615827
      },
      "n_series": 1
    },
    {
      "success": true,
      "window_idx": 2,
      "dataset": "ETTh2",
      "metrics": {
        "trend_strength": 0.9602336840267599,
        "trend_linearity": -0.0016098628445525562,
        "seasonal_strength": 0.9968399826510002,
        "seasonal_correlation": 0.999214647078226,
        "residual_autocorr_lag1": 0.8201842402228312,
        "spectral_entropy": 1377.1957414528256
      },
      "n_series": 1
    },
    {
      "success": true,
      "window_idx": 3,
      "dataset": "ETTh2",
      "metrics": {
        "trend_strength": 0.9660586114400438,
        "trend_linearity": 0.0028342308254532167,
        "seasonal_strength": 0.9943094412750079,
        "seasonal_correlation": 0.9979934555969254,
        "residual_autocorr_lag1": 0.7933896209923761,
        "spectral_entropy": 1119.3129533191675
      },
      "n_series": 1
    },
    {
      "success": true,
      "window_idx": 4,
      "dataset": "ETTh2",
      "metrics": {
        "trend_strength": 0.9677308169641207,
        "trend_linearity": 0.003977095908095709,
        "seasonal_strength": 0.994546963667001,
        "seasonal_correlation": 0.997193954730648,
        "residual_autocorr_lag1": 0.7648040782430806,
        "spectral_entropy": 1256.752046916712
      },
      "n_series": 1
    },
    {
      "success": true,
      "window_idx": 5,
      "dataset": "ETTh2",
      "metrics": {
        "trend_strength": 0.9442010198020663,
        "trend_linearity": 0.0008200135411756582,
        "seasonal_strength": 0.9941235249028919,
        "seasonal_correlation": 0.9983149879171018,
        "residual_autocorr_lag1": 0.790186809989159,
        "spectral_entropy": 1408.037022143994
      },
      "n_series": 1
    },
    {
      "success": true,
      "window_idx": 6,
      "dataset": "ETTh2",
      "metrics": {
        "trend_strength": 0.9741684622674095,
        "trend_linearity": 0.002171313534055443,
        "seasonal_strength": 0.9977907903156732,
        "seasonal_correlation": 0.9991271620044827,
        "residual_autocorr_lag1": 0.798100903451762,
        "spectral_entropy": 1191.213694241963
      },
      "n_series": 1
    },
    {
      "success": true,
      "window_idx": 7,
      "dataset": "ETTh2",
      "metrics": {
        "trend_strength": 0.9703607087907662,
        "trend_linearity": 0.0019300999512603,
        "seasonal_strength": 0.9989024927418129,
        "seasonal_correlation": 0.9994398911636282,
        "residual_autocorr_lag1": 0.6140794144176064,
        "spectral_entropy": 989.4481410171161
      },
      "n_series": 1
    },
    {
      "success": true,
      "window_idx": 8,
      "dataset": "ETTh2",
      "metrics": {
        "trend_strength": 0.9612925078669419,
        "trend_linearity": -0.0019505852685626603,
        "seasonal_strength": 0.9980729670163323,
        "seasonal_correlation": 0.9975375238604614,
        "residual_autocorr_lag1": 0.7601588879637893,
        "spectral_entropy": 705.6633696260359
      },
      "n_series": 1
    },
    {
      "success": true,
      "window_idx": 9,
      "dataset": "ETTh2",
      "metrics": {
        "trend_strength": 0.9842262818825572,
        "trend_linearity": -0.0017588199565853084,
        "seasonal_strength": 0.9795921404456127,
        "seasonal_correlation": 0.9962159145709737,
        "residual_autocorr_lag1": 0.9031586576502291,
        "spectral_entropy": 1761.3476432453058
      },
      "n_series": 1
    }
  ]
}