{
  "success": true,
  "dir_info": {
    "dataset": "ETTh1",
    "method": "BM",
    "block_length": 50,
    "ratio": 0.2,
    "term": "long"
  },
  "imputation_method": "backward",
  "n_windows": 15,
  "period": 24,
  "summary": {
    "mean": {
      "trend_strength": 0.9850037263590844,
      "trend_linearity": 0.0001730094745985581,
      "seasonal_strength": 0.7989272633017638,
      "seasonal_correlation": 0.8932342971432519,
      "residual_autocorr_lag1": 0.8111534187218256,
      "spectral_entropy": 798.7299685660175
    },
    "std": {
      "trend_strength": 0.013154551133026418,
      "trend_linearity": 0.0030571074885705433,
      "seasonal_strength": 0.33752485045965486,
      "seasonal_correlation": 0.19684904919644408,
      "residual_autocorr_lag1": 0.06002975930226387,
      "spectral_entropy": 494.21398827465146
    },
    "min": {
      "trend_strength": 0.9484252854856414,
      "trend_linearity": -0.004513107371503809,
      "seasonal_strength": 0.04044872602215033,
      "seasonal_correlation": 0.43762771568402814,
      "residual_autocorr_lag1": 0.6759199601118969,
      "spectral_entropy": -216.15491059632052
    },
    "max": {
      "trend_strength": 0.9984894298621999,
      "trend_linearity": 0.0065062622614609,
      "seasonal_strength": 0.9945080245211588,
      "seasonal_correlation": 0.9978384002621102,
      "residual_autocorr_lag1": 0.8865284010427786,
      "spectral_entropy": 1488.1977934513523
    }
  },
  "window_results": [
    {
      "success": true,
      "window_idx": 0,
      "dataset": "ETTh1",
      "metrics": {
        "trend_strength": 0.9879895576162256,
        "trend_linearity": -0.0026055734091310397,
        "seasonal_strength": 0.9486378106325891,
        "seasonal_correlation": 0.9912411738354387,
        "residual_autocorr_lag1": 0.8865284010427786,
        "spectral_entropy": 1317.5805152820728
      },
      "n_series": 1
    },
    {
      "success": true,
      "window_idx": 1,
      "dataset": "ETTh1",
      "metrics": {
        "trend_strength": 0.9754311455251672,
        "trend_linearity": -0.0011185034455769836,
        "seasonal_strength": 0.905528316672311,
        "seasonal_correlation": 0.9860888664209391,
        "residual_autocorr_lag1": 0.7929346969903611,
        "spectral_entropy": 1420.0105312269347
      },
      "n_series": 1
    },
    {
      "success": true,
      "window_idx": 10,
      "dataset": "ETTh1",
      "metrics": {
        "trend_strength": 0.9897723593089794,
        "trend_linearity": 0.0025959214757765546,
        "seasonal_strength": 0.9100986222683592,
        "seasonal_correlation": 0.9833529723041398,
        "residual_autocorr_lag1": 0.8830155834830393,
        "spectral_entropy": 1076.1894312466786
      },
      "n_series": 1
    },
    {
      "success": true,
      "window_idx": 11,
      "dataset": "ETTh1",
      "metrics": {
        "trend_strength": 0.980551344349834,
        "trend_linearity": -0.00059348057823458,
        "seasonal_strength": 0.9157883169129329,
        "seasonal_correlation": 0.9559977813265582,
        "residual_autocorr_lag1": 0.7963337721531073,
        "spectral_entropy": 500.9609624449021
      },
      "n_series": 1
    },
    {
      "success": true,
      "window_idx": 12,
      "dataset": "ETTh1",
      "metrics": {
        "trend_strength": 0.9984894298621999,
        "trend_linearity": -0.004513107371503809,
        "seasonal_strength": 0.12577390631867713,
        "seasonal_correlation": 0.5745959954182086,
        "residual_autocorr_lag1": 0.8702753954883887,
        "spectral_entropy": 1054.7422155012455
      },
      "n_series": 1
    },
    {
      "success": true,
      "window_idx": 13,
      "dataset": "ETTh1",
      "metrics": {
        "trend_strength": 0.9970611600561616,
        "trend_linearity": -0.004034166058036096,
        "seasonal_strength": 0.04044872602215033,
        "seasonal_correlation": 0.4976066227371541,
        "residual_autocorr_lag1": 0.8547765141636088,
        "spectral_entropy": 1216.7411017319132
      },
      "n_series": 1
    },
    {
      "success": true,
      "window_idx": 14,
      "dataset": "ETTh1",
      "metrics": {
        "trend_strength": 0.9955894505064414,
        "trend_linearity": -0.0020051162187299833,
        "seasonal_strength": 0.2237577171829821,
        "seasonal_correlation": 0.43762771568402814,
        "residual_autocorr_lag1": 0.6759199601118969,
        "spectral_entropy": 635.8027070616777
      },
      "n_series": 1
    },
    {
      "success": true,
      "window_idx": 2,
      "dataset": "ETTh1",
      "metrics": {
        "trend_strength": 0.9715960647422089,
        "trend_linearity": -0.0014982665700367884,
        "seasonal_strength": 0.9874306453900259,
        "seasonal_correlation": 0.9976549921730563,
        "residual_autocorr_lag1": 0.8388985174216073,
        "spectral_entropy": 709.2740200482881
      },
      "n_series": 1
    },
    {
      "success": true,
      "window_idx": 3,
      "dataset": "ETTh1",
      "metrics": {
        "trend_strength": 0.9484252854856414,
        "trend_linearity": 0.0002498474911777937,
        "seasonal_strength": 0.9896205699685061,
        "seasonal_correlation": 0.9959273125770995,
        "residual_autocorr_lag1": 0.6963126895399692,
        "spectral_entropy": 278.91877182542646
      },
      "n_series": 1
    },
    {
      "success": true,
      "window_idx": 4,
      "dataset": "ETTh1",
      "metrics": {
        "trend_strength": 0.9851466146179975,
        "trend_linearity": 0.0004253006235763911,
        "seasonal_strength": 0.9911363907845808,
        "seasonal_correlation": 0.996543996018763,
        "residual_autocorr_lag1": 0.7573493106410241,
        "spectral_entropy": 841.1274936435941
      },
      "n_series": 1
    },
    {
      "success": true,
      "window_idx": 5,
      "dataset": "ETTh1",
      "metrics": {
        "trend_strength": 0.9974644867746241,
        "trend_linearity": 0.0065062622614609,
        "seasonal_strength": 0.9945080245211588,
        "seasonal_correlation": 0.9932722863902432,
        "residual_autocorr_lag1": 0.8372949983907334,
        "spectral_entropy": 1488.1977934513523
      },
      "n_series": 1
    },
    {
      "success": true,
      "window_idx": 6,
      "dataset": "ETTh1",
      "metrics": {
        "trend_strength": 0.9953924188901043,
        "trend_linearity": 0.0051413453728130195,
        "seasonal_strength": 0.9846533451752713,
        "seasonal_correlation": 0.9966272258186373,
        "residual_autocorr_lag1": 0.8280211530670128,
        "spectral_entropy": 1181.7452884059585
      },
      "n_series": 1
    },
    {
      "success": true,
      "window_idx": 7,
      "dataset": "ETTh1",
      "metrics": {
        "trend_strength": 0.9788662317873253,
        "trend_linearity": 0.0003314828900477943,
        "seasonal_strength": 0.9866899487676192,
        "seasonal_correlation": 0.9965115023798853,
        "residual_autocorr_lag1": 0.7934250847426011,
        "spectral_entropy": 324.33244841140385
      },
      "n_series": 1
    },
    {
      "success": true,
      "window_idx": 8,
      "dataset": "ETTh1",
      "metrics": {
        "trend_strength": 0.99636715426927,
        "trend_linearity": 0.003671340513944899,
        "seasonal_strength": 0.9921337197711431,
        "seasonal_correlation": 0.9978384002621102,
        "residual_autocorr_lag1": 0.8167090069667572,
        "spectral_entropy": 151.48115880513467
      },
      "n_series": 1
    },
    {
      "success": true,
      "window_idx": 9,
      "dataset": "ETTh1",
      "metrics": {
        "trend_strength": 0.9769131915940863,
        "trend_linearity": 4.185514143029779e-05,
        "seasonal_strength": 0.9877028891381505,
        "seasonal_correlation": 0.9976276138025185,
        "residual_autocorr_lag1": 0.8395061966244971,
        "spectral_entropy": -216.15491059632052
      },
      "n_series": 1
    }
  ]
}