{
  "success": true,
  "dir_info": {
    "dataset": "ETTh1",
    "method": "BM",
    "block_length": 50,
    "ratio": 0.1,
    "term": "medium"
  },
  "imputation_method": "backward",
  "n_windows": 20,
  "period": 24,
  "summary": {
    "mean": {
      "trend_strength": 0.9634538007398928,
      "trend_linearity": 0.0008093920346804826,
      "seasonal_strength": 0.9546305090426938,
      "seasonal_correlation": 0.9881136716010221,
      "residual_autocorr_lag1": 0.8620431333006208,
      "spectral_entropy": 180.94466760049127
    },
    "std": {
      "trend_strength": 0.03657206064436777,
      "trend_linearity": 0.003959682525212852,
      "seasonal_strength": 0.06487174751859241,
      "seasonal_correlation": 0.02021429523303934,
      "residual_autocorr_lag1": 0.08497609919372066,
      "spectral_entropy": 400.95227366912167
    },
    "min": {
      "trend_strength": 0.8542500961115803,
      "trend_linearity": -0.0059839536304938335,
      "seasonal_strength": 0.7430616781220167,
      "seasonal_correlation": 0.9044966841799907,
      "residual_autocorr_lag1": 0.610448697707679,
      "spectral_entropy": -314.60545155294824
    },
    "max": {
      "trend_strength": 0.9988489228877983,
      "trend_linearity": 0.010774929165571672,
      "seasonal_strength": 0.9943588192169076,
      "seasonal_correlation": 0.998330898736024,
      "residual_autocorr_lag1": 0.9526129888866461,
      "spectral_entropy": 905.9351259120006
    }
  },
  "window_results": [
    {
      "success": true,
      "window_idx": 0,
      "dataset": "ETTh1",
      "metrics": {
        "trend_strength": 0.9809317331517742,
        "trend_linearity": 0.004788975731183663,
        "seasonal_strength": 0.9857561367529954,
        "seasonal_correlation": 0.9972817373437185,
        "residual_autocorr_lag1": 0.9103648283642674,
        "spectral_entropy": 167.1950456686252
      },
      "n_series": 1
    },
    {
      "success": true,
      "window_idx": 1,
      "dataset": "ETTh1",
      "metrics": {
        "trend_strength": 0.9452266045747602,
        "trend_linearity": 0.004695702019772935,
        "seasonal_strength": 0.9532243832705437,
        "seasonal_correlation": 0.9880512995058274,
        "residual_autocorr_lag1": 0.9184165916444607,
        "spectral_entropy": 23.880411285056226
      },
      "n_series": 1
    },
    {
      "success": true,
      "window_idx": 10,
      "dataset": "ETTh1",
      "metrics": {
        "trend_strength": 0.9949731038698308,
        "trend_linearity": 0.0009842334000836708,
        "seasonal_strength": 0.9943588192169076,
        "seasonal_correlation": 0.998330898736024,
        "residual_autocorr_lag1": 0.8683132573427483,
        "spectral_entropy": 444.1131104750711
      },
      "n_series": 1
    },
    {
      "success": true,
      "window_idx": 11,
      "dataset": "ETTh1",
      "metrics": {
        "trend_strength": 0.9768903489588938,
        "trend_linearity": -0.0012062078195448536,
        "seasonal_strength": 0.9836859449551638,
        "seasonal_correlation": 0.9979981246302267,
        "residual_autocorr_lag1": 0.8925239872539329,
        "spectral_entropy": -180.51081817584213
      },
      "n_series": 1
    },
    {
      "success": true,
      "window_idx": 12,
      "dataset": "ETTh1",
      "metrics": {
        "trend_strength": 0.9869183261243443,
        "trend_linearity": 0.0019025610770374163,
        "seasonal_strength": 0.977341390270093,
        "seasonal_correlation": 0.99271844407043,
        "residual_autocorr_lag1": 0.8403110821383699,
        "spectral_entropy": -295.366818190651
      },
      "n_series": 1
    },
    {
      "success": true,
      "window_idx": 13,
      "dataset": "ETTh1",
      "metrics": {
        "trend_strength": 0.938081589364968,
        "trend_linearity": 0.0002881896536695491,
        "seasonal_strength": 0.967317219061761,
        "seasonal_correlation": 0.9953851334018063,
        "residual_autocorr_lag1": 0.8776465961361791,
        "spectral_entropy": -314.60545155294824
      },
      "n_series": 1
    },
    {
      "success": true,
      "window_idx": 14,
      "dataset": "ETTh1",
      "metrics": {
        "trend_strength": 0.9845281633897948,
        "trend_linearity": -0.0015458542807751394,
        "seasonal_strength": 0.9672532435582538,
        "seasonal_correlation": 0.9906486686884959,
        "residual_autocorr_lag1": 0.8854597672318079,
        "spectral_entropy": 512.544980589452
      },
      "n_series": 1
    },
    {
      "success": true,
      "window_idx": 15,
      "dataset": "ETTh1",
      "metrics": {
        "trend_strength": 0.8542500961115803,
        "trend_linearity": -0.0009938757450973596,
        "seasonal_strength": 0.9579833107100246,
        "seasonal_correlation": 0.9869601522189008,
        "residual_autocorr_lag1": 0.9128771091009206,
        "spectral_entropy": -305.5025571535821
      },
      "n_series": 1
    },
    {
      "success": true,
      "window_idx": 16,
      "dataset": "ETTh1",
      "metrics": {
        "trend_strength": 0.9937399097714833,
        "trend_linearity": 0.007479919891532305,
        "seasonal_strength": 0.9428429501722588,
        "seasonal_correlation": 0.9931697797031521,
        "residual_autocorr_lag1": 0.9526129888866461,
        "spectral_entropy": 758.4125950195765
      },
      "n_series": 1
    },
    {
      "success": true,
      "window_idx": 17,
      "dataset": "ETTh1",
      "metrics": {
        "trend_strength": 0.9926530110153529,
        "trend_linearity": -0.0059839536304938335,
        "seasonal_strength": 0.9652945889860078,
        "seasonal_correlation": 0.9881166069853122,
        "residual_autocorr_lag1": 0.9366126789245527,
        "spectral_entropy": 723.4106820437953
      },
      "n_series": 1
    },
    {
      "success": true,
      "window_idx": 18,
      "dataset": "ETTh1",
      "metrics": {
        "trend_strength": 0.9168071321032727,
        "trend_linearity": 0.0005786660333881687,
        "seasonal_strength": 0.7876351203211978,
        "seasonal_correlation": 0.9689648955535054,
        "residual_autocorr_lag1": 0.8652004210914633,
        "spectral_entropy": -275.94687129095723
      },
      "n_series": 1
    },
    {
      "success": true,
      "window_idx": 19,
      "dataset": "ETTh1",
      "metrics": {
        "trend_strength": 0.9988489228877983,
        "trend_linearity": -0.00487180684643186,
        "seasonal_strength": 0.7430616781220167,
        "seasonal_correlation": 0.9044966841799907,
        "residual_autocorr_lag1": 0.6999465899123142,
        "spectral_entropy": 478.28240256004074
      },
      "n_series": 1
    },
    {
      "success": true,
      "window_idx": 2,
      "dataset": "ETTh1",
      "metrics": {
        "trend_strength": 0.9413037465710229,
        "trend_linearity": 0.00018882474033788738,
        "seasonal_strength": 0.9856023866415671,
        "seasonal_correlation": 0.9918465994377411,
        "residual_autocorr_lag1": 0.610448697707679,
        "spectral_entropy": 58.409619594115156
      },
      "n_series": 1
    },
    {
      "success": true,
      "window_idx": 3,
      "dataset": "ETTh1",
      "metrics": {
        "trend_strength": 0.97101236440344,
        "trend_linearity": -0.002987566620289624,
        "seasonal_strength": 0.9872197859658547,
        "seasonal_correlation": 0.9960292219061659,
        "residual_autocorr_lag1": 0.8510177332851631,
        "spectral_entropy": 89.23553669911685
      },
      "n_series": 1
    },
    {
      "success": true,
      "window_idx": 4,
      "dataset": "ETTh1",
      "metrics": {
        "trend_strength": 0.9597346778297977,
        "trend_linearity": -0.0002915455958847217,
        "seasonal_strength": 0.9861959065592238,
        "seasonal_correlation": 0.9969404566136829,
        "residual_autocorr_lag1": 0.8421213319401902,
        "spectral_entropy": -43.18172935397769
      },
      "n_series": 1
    },
    {
      "success": true,
      "window_idx": 5,