{
  "success": true,
  "dir_info": {
    "dataset": "ETTh2",
    "method": "BM",
    "block_length": 50,
    "ratio": 0.2,
    "term": "medium"
  },
  "imputation_method": "backward",
  "n_windows": 20,
  "period": 24,
  "summary": {
    "mean": {
      "trend_strength": 0.9561605138384621,
      "trend_linearity": -0.004226325928665363,
      "seasonal_strength": 0.86473981923746,
      "seasonal_correlation": 0.9390493062614768,
      "residual_autocorr_lag1": 0.8102674440084904,
      "spectral_entropy": 778.1516803010522
    },
    "std": {
      "trend_strength": 0.05205648322015234,
      "trend_linearity": 0.013133441290322713,
      "seasonal_strength": 0.28186269747803766,
      "seasonal_correlation": 0.15317451191412865,
      "residual_autocorr_lag1": 0.07008022018785773,
      "spectral_entropy": 344.51842244477103
    },
    "min": {
      "trend_strength": 0.7766193610211698,
      "trend_linearity": -0.03786185706568341,
      "seasonal_strength": 0.06189408987344114,
      "seasonal_correlation": 0.47277875059602964,
      "residual_autocorr_lag1": 0.6532583246822526,
      "spectral_entropy": 259.26715380032033
    },
    "max": {
      "trend_strength": 0.9994781170683223,
      "trend_linearity": 0.010497249614884135,
      "seasonal_strength": 0.9990223187942173,
      "seasonal_correlation": 0.9997259801034345,
      "residual_autocorr_lag1": 0.9173154557858049,
      "spectral_entropy": 1415.2078283615372
    }
  },
  "window_results": [
    {
      "success": true,
      "window_idx": 0,
      "dataset": "ETTh2",
      "metrics": {
        "trend_strength": 0.9590560057028331,
        "trend_linearity": -0.00396586656508728,
        "seasonal_strength": 0.99613689155538,
        "seasonal_correlation": 0.999032799251959,
        "residual_autocorr_lag1": 0.8321389385620582,
        "spectral_entropy": 828.5832451054255
      },
      "n_series": 1
    },
    {
      "success": true,
      "window_idx": 1,
      "dataset": "ETTh2",
      "metrics": {
        "trend_strength": 0.8787712568038428,
        "trend_linearity": 0.0009361157239559705,
        "seasonal_strength": 0.9981688393157448,
        "seasonal_correlation": 0.9989954776247937,
        "residual_autocorr_lag1": 0.825140951521033,
        "spectral_entropy": 295.29645985659425
      },
      "n_series": 1
    },
    {
      "success": true,
      "window_idx": 10,
      "dataset": "ETTh2",
      "metrics": {
        "trend_strength": 0.9797586444098798,
        "trend_linearity": 0.004910179474050511,
        "seasonal_strength": 0.9977218413058442,
        "seasonal_correlation": 0.9985479845510524,
        "residual_autocorr_lag1": 0.8537370646608335,
        "spectral_entropy": 939.5551590129646
      },
      "n_series": 1
    },
    {
      "success": true,
      "window_idx": 11,
      "dataset": "ETTh2",
      "metrics": {
        "trend_strength": 0.9481848768519892,
        "trend_linearity": -0.0014342894880535338,
        "seasonal_strength": 0.9982916937147991,
        "seasonal_correlation": 0.9971937925692178,
        "residual_autocorr_lag1": 0.7975065289294,
        "spectral_entropy": 363.9738996050566
      },
      "n_series": 1
    },
    {
      "success": true,
      "window_idx": 12,
      "dataset": "ETTh2",
      "metrics": {
        "trend_strength": 0.9638131967651173,
        "trend_linearity": -0.002663093716080855,
        "seasonal_strength": 0.9984632055261077,
        "seasonal_correlation": 0.9993739811594737,
        "residual_autocorr_lag1": 0.8851827626961826,
        "spectral_entropy": 384.8596972464682
      },
      "n_series": 1
    },
    {
      "success": true,
      "window_idx": 13,
      "dataset": "ETTh2",
      "metrics": {
        "trend_strength": 0.7766193610211698,
        "trend_linearity": 0.0006190631188973733,
        "seasonal_strength": 0.9982857507408596,
        "seasonal_correlation": 0.9990779227351869,
        "residual_autocorr_lag1": 0.7835331051301667,
        "spectral_entropy": 259.26715380032033
      },
      "n_series": 1
    },
    {
      "success": true,
      "window_idx": 14,
      "dataset": "ETTh2",
      "metrics": {
        "trend_strength": 0.9733488677643282,
        "trend_linearity": -0.005995294970795533,
        "seasonal_strength": 0.9958700888363357,
        "seasonal_correlation": 0.9991498019275104,
        "residual_autocorr_lag1": 0.704454185444643,
        "spectral_entropy": 927.378034474568
      },
      "n_series": 1
    },
    {
      "success": true,
      "window_idx": 15,
      "dataset": "ETTh2",
      "metrics": {
        "trend_strength": 0.9711601080121092,
        "trend_linearity": 0.004281167292083116,
        "seasonal_strength": 0.9882308691587159,
        "seasonal_correlation": 0.996239925331824,
        "residual_autocorr_lag1": 0.9019182731435568,
        "spectral_entropy": 740.0983697283507
      },
      "n_series": 1
    },
    {
      "success": true,
      "window_idx": 16,
      "dataset": "ETTh2",
      "metrics": {
        "trend_strength": 0.969349123496597,
        "trend_linearity": 0.003008805612275042,
        "seasonal_strength": 0.5471858296052934,
        "seasonal_correlation": 0.9702440935226709,
        "residual_autocorr_lag1": 0.9173154557858049,
        "spectral_entropy": 914.6385137458838
      },
      "n_series": 1
    },
    {
      "success": true,
      "window_idx": 17,
      "dataset": "ETTh2",
      "metrics": {
        "trend_strength": 0.9992810083171374,
        "trend_linearity": -0.027384538522369387,
        "seasonal_strength": 0.5732200261700081,
        "seasonal_correlation": 0.8546156874972852,
        "residual_autocorr_lag1": 0.6532583246822526,
        "spectral_entropy": 1341.0923944973138
      },
      "n_series": 1
    },
    {
      "success": true,
      "window_idx": 18,
      "dataset": "ETTh2",
      "metrics": {
        "trend_strength": 0.9993120611117146,
        "trend_linearity": -0.03525050231083138,
        "seasonal_strength": 0.17099062262624576,
        "seasonal_correlation": 0.47277875059602964,
        "residual_autocorr_lag1": 0.9116882012031432,
        "spectral_entropy": 1389.1287585825007
      },
      "n_series": 1
    },
    {
      "success": true,
      "window_idx": 19,
      "dataset": "ETTh2",
      "metrics": {
        "trend_strength": 0.9994781170683223,
        "trend_linearity": -0.03786185706568341,
        "seasonal_strength": 0.06189408987344114,
        "seasonal_correlation": 0.506527489613974,
        "residual_autocorr_lag1": 0.8578963261083676,
        "spectral_entropy": 1415.2078283615372
      },
      "n_series": 1
    },
    {
      "success": true,
      "window_idx": 2,
      "dataset": "ETTh2",
      "metrics": {
        "trend_strength": 0.9764568881597662,
        "trend_linearity": 0.00650622364409842,
        "seasonal_strength": 0.9942265281218755,
        "seasonal_correlation": 0.9972580264153524,
        "residual_autocorr_lag1": 0.7864482741269564,
        "spectral_entropy": 849.5546531640595
      },
      "n_series": 1
    },
    {
      "success": true,
      "window_idx": 3,
      "dataset": "ETTh2",
      "metrics": {
        "trend_strength": 0.976548354745441,
        "trend_linearity": -0.007224600526156176,
        "seasonal_strength": 0.9968734250138884,
        "seasonal_correlation": 0.9993100677717905,
        "residual_autocorr_lag1": 0.8341301408726066,
        "spectral_entropy": 846.6315216919317
      },
      "n_series": 1
    },
    {
      "success": true,
      "window_idx": 4,
      "dataset": "ETTh2",
      "metrics": {
        "trend_strength": 0.8810892215970408,
        "trend_linearity": 0.0002702266078934593,
        "seasonal_strength": 0.9979057000361485,
        "seasonal_correlation": 0.9991205221143736,
        "residual_autocorr_lag1": 0.8352442753008205,
        "spectral_entropy": 264.32386975124916
      },
      "n_series": 1
    },
    {
      "success": true,
      "window_idx": 5,