{
  "success": true,
  "dir_info": {
    "dataset": "ETTh1",
    "method": "BM",
    "block_length": 50,
    "ratio": 0.2,
    "term": "short"
  },
  "imputation_method": "mean",
  "n_windows": 20,
  "period": 24,
  "summary": {
    "mean": {
      "trend_strength": 0.9871075760102471,
      "trend_linearity": -0.00857560914332601,
      "seasonal_strength": 0.9817887076775433,
      "seasonal_correlation": 0.8563672175585542,
      "residual_autocorr_lag1": 0.1932171748109129,
      "spectral_entropy": -0.8720211084724131
    },
    "std": {
      "trend_strength": 0.0228410497907367,
      "trend_linearity": 0.028024224149831228,
      "seasonal_strength": 0.03957586561939972,
      "seasonal_correlation": 0.19934919623478187,
      "residual_autocorr_lag1": 0.17872718389740597,
      "spectral_entropy": 27.33173564327496
    },
    "min": {
      "trend_strength": 0.9118831142002604,
      "trend_linearity": -0.04828165625067177,
      "seasonal_strength": 0.839794165271443,
      "seasonal_correlation": 0.3038572398317031,
      "residual_autocorr_lag1": -0.07230861244019139,
      "spectral_entropy": -53.97523627960334
    },
    "max": {
      "trend_strength": 1.0,
      "trend_linearity": 0.0733562960069445,
      "seasonal_strength": 1.0,
      "seasonal_correlation": 0.9927340452460061,
      "residual_autocorr_lag1": 0.5511578278446875,
      "spectral_entropy": 62.3614879503878
    }
  },
  "window_results": [
    {
      "success": true,
      "window_idx": 0,
      "dataset": "ETTh1",
      "metrics": {
        "trend_strength": 0.9489693664311217,
        "trend_linearity": -0.01128328016405644,
        "seasonal_strength": 0.997231744322805,
        "seasonal_correlation": 0.9920737274545731,
        "residual_autocorr_lag1": 0.23322376685988894,
        "spectral_entropy": -11.556244328088649
      },
      "n_series": 1
    },
    {
      "success": true,
      "window_idx": 1,
      "dataset": "ETTh1",
      "metrics": {
        "trend_strength": 1.0,
        "trend_linearity": -0.009447322048611291,
        "seasonal_strength": 1.0,
        "seasonal_correlation": 0.9658800826756875,
        "residual_autocorr_lag1": 0.36637931034482757,
        "spectral_entropy": -53.97523627960334
      },
      "n_series": 1
    },
    {
      "success": true,
      "window_idx": 10,
      "dataset": "ETTh1",
      "metrics": {
        "trend_strength": 1.0,
        "trend_linearity": -0.02826233854166689,
        "seasonal_strength": 1.0,
        "seasonal_correlation": 0.9773338119851305,
        "residual_autocorr_lag1": 0.23385911352329258,
        "spectral_entropy": 8.429309873320225
      },
      "n_series": 1
    },
    {
      "success": true,
      "window_idx": 11,
      "dataset": "ETTh1",
      "metrics": {
        "trend_strength": 0.995733994215211,
        "trend_linearity": -0.02834962661016971,
        "seasonal_strength": 0.9860022769556048,
        "seasonal_correlation": 0.8830547106307023,
        "residual_autocorr_lag1": -0.04433318302719709,
        "spectral_entropy": 13.963841980469244
      },
      "n_series": 1
    },
    {
      "success": true,
      "window_idx": 12,
      "dataset": "ETTh1",
      "metrics": {
        "trend_strength": 0.9771411228621355,
        "trend_linearity": -0.04828165625067177,
        "seasonal_strength": 0.839794165271443,
        "seasonal_correlation": 0.5046459013631507,
        "residual_autocorr_lag1": 0.47706995583567635,
        "spectral_entropy": 31.848763572942158
      },
      "n_series": 1
    },
    {
      "success": true,
      "window_idx": 13,
      "dataset": "ETTh1",
      "metrics": {
        "trend_strength": 1.0,
        "trend_linearity": -0.033057213541666804,
        "seasonal_strength": 1.0,
        "seasonal_correlation": 0.9515360776873139,
        "residual_autocorr_lag1": -0.07230861244019139,
        "spectral_entropy": 10.946253142890622
      },
      "n_series": 1
    },
    {
      "success": true,
      "window_idx": 14,
      "dataset": "ETTh1",
      "metrics": {
        "trend_strength": 0.99966641918999,
        "trend_linearity": -0.021053113224978236,
        "seasonal_strength": 0.9994678755717903,
        "seasonal_correlation": 0.9462209575953029,
        "residual_autocorr_lag1": -0.02171985815574961,
        "spectral_entropy": -14.04181318945885
      },
      "n_series": 1
    },
    {
      "success": true,
      "window_idx": 15,
      "dataset": "ETTh1",
      "metrics": {
        "trend_strength": 0.9751678033892486,
        "trend_linearity": -0.015480016318483067,
        "seasonal_strength": 0.9555649750654087,
        "seasonal_correlation": 0.9632671204318664,
        "residual_autocorr_lag1": 0.5511578278446875,
        "spectral_entropy": -7.171564530592166
      },
      "n_series": 1
    },
    {
      "success": true,
      "window_idx": 16,
      "dataset": "ETTh1",
      "metrics": {
        "trend_strength": 1.0,
        "trend_linearity": -0.015033286458333331,
        "seasonal_strength": 1.0,
        "seasonal_correlation": 0.8762010538647089,
        "residual_autocorr_lag1": 0.2311672353562433,
        "spectral_entropy": -4.732261639953145
      },
      "n_series": 1
    },
    {
      "success": true,
      "window_idx": 17,
      "dataset": "ETTh1",
      "metrics": {
        "trend_strength": 1.0,
        "trend_linearity": -0.014808132812500171,
        "seasonal_strength": 1.0,
        "seasonal_correlation": 0.9259467184778486,
        "residual_autocorr_lag1": 0.3298611111111111,
        "spectral_entropy": -14.99888046611746
      },
      "n_series": 1
    },
    {
      "success": true,
      "window_idx": 18,
      "dataset": "ETTh1",
      "metrics": {
        "trend_strength": 0.9704834539907394,
        "trend_linearity": -0.017793237368434245,
        "seasonal_strength": 0.9313973396962549,
        "seasonal_correlation": 0.9167817360758939,
        "residual_autocorr_lag1": 0.39288947589785744,
        "spectral_entropy": -23.057630750695587
      },
      "n_series": 1
    },
    {
      "success": true,
      "window_idx": 19,
      "dataset": "ETTh1",
      "metrics": {
        "trend_strength": 0.9118831142002604,
        "trend_linearity": -0.007082716856060777,
        "seasonal_strength": 0.926465006200925,
        "seasonal_correlation": 0.8269212996574922,
        "residual_autocorr_lag1": -0.008891321203302393,
        "spectral_entropy": -34.02824303554722
      },
      "n_series": 1
    },
    {
      "success": true,
      "window_idx": 2,
      "dataset": "ETTh1",
      "metrics": {
        "trend_strength": 1.0,
        "trend_linearity": 0.0733562960069445,
        "seasonal_strength": 1.0,
        "seasonal_correlation": 0.4163484171497386,
        "residual_autocorr_lag1": 0.26217752885268164,
        "spectral_entropy": 62.3614879503878
      },
      "n_series": 1
    },
    {
      "success": true,
      "window_idx": 3,
      "dataset": "ETTh1",
      "metrics": {
        "trend_strength": 1.0,
        "trend_linearity": 0.031924366319444446,
        "seasonal_strength": 1.0,
        "seasonal_correlation": 0.9927340452460061,
        "residual_autocorr_lag1": -0.06301318490446867,
        "spectral_entropy": 25.078788241600424
      },
      "n_series": 1
    },
    {
      "success": true,
      "window_idx": 4,
      "dataset": "ETTh1",
      "metrics": {
        "trend_strength": 1.0,
        "trend_linearity": 0.036992799999999965,
        "seasonal_strength": 1.0,
        "seasonal_correlation": 0.7662742402304737,
        "residual_autocorr_lag1": 0.21966941480763008,
        "spectral_entropy": 36.23382145478013
      },
      "n_series": 1
    },
    {
      "success": true,
      "window_idx": 5,
      "dataset": "ETTh1",
      "metrics": {
        "trend_strength": 1.0,
        "trend_linearity": -0.04330205815972225,
        "seasonal_strength": 1.0,
        "seasonal_correlation": 0.3038572398317031,
        "residual_autocorr_lag1": 0.22176645930533959,