{
  "success": true,
  "dir_info": {
    "dataset": "ETTh1",
    "method": "BM",
    "block_length": 50,
    "ratio": 0.2,
    "term": "medium"
  },
  "imputation_method": "mean",
  "n_windows": 20,
  "period": 24,
  "summary": {
    "mean": {
      "trend_strength": 0.9747586317293944,
      "trend_linearity": 0.00035353252954865855,
      "seasonal_strength": 0.8812515760945928,
      "seasonal_correlation": 0.9296472891943146,
      "residual_autocorr_lag1": 0.7962026013396458,
      "spectral_entropy": 219.8958818408948
    },
    "std": {
      "trend_strength": 0.016718375735628826,
      "trend_linearity": 0.0037304294630989402,
      "seasonal_strength": 0.21254919626722596,
      "seasonal_correlation": 0.1805388334732852,
      "residual_autocorr_lag1": 0.12205709584955264,
      "spectral_entropy": 316.33922202368814
    },
    "min": {
      "trend_strength": 0.9327993411874804,
      "trend_linearity": -0.008012078910209232,
      "seasonal_strength": 0.15142981485261287,
      "seasonal_correlation": 0.18784713714896967,
      "residual_autocorr_lag1": 0.5010038782402263,
      "spectral_entropy": -146.55840362497463
    },
    "max": {
      "trend_strength": 0.9970960853340168,
      "trend_linearity": 0.009806276863274245,
      "seasonal_strength": 0.9938197868564472,
      "seasonal_correlation": 0.9977176386273704,
      "residual_autocorr_lag1": 0.9373385636121925,
      "spectral_entropy": 904.7118242535189
    }
  },
  "window_results": [
    {
      "success": true,
      "window_idx": 0,
      "dataset": "ETTh1",
      "metrics": {
        "trend_strength": 0.9857947578200953,
        "trend_linearity": 0.004948738681488735,
        "seasonal_strength": 0.9895811724235425,
        "seasonal_correlation": 0.9977176386273704,
        "residual_autocorr_lag1": 0.811331092087463,
        "spectral_entropy": 245.97027239667693
      },
      "n_series": 1
    },
    {
      "success": true,
      "window_idx": 1,
      "dataset": "ETTh1",
      "metrics": {
        "trend_strength": 0.955623713342543,
        "trend_linearity": 0.004861785168415534,
        "seasonal_strength": 0.9520864850233929,
        "seasonal_correlation": 0.9760968771433529,
        "residual_autocorr_lag1": 0.8067327208269585,
        "spectral_entropy": 107.65908273042842
      },
      "n_series": 1
    },
    {
      "success": true,
      "window_idx": 10,
      "dataset": "ETTh1",
      "metrics": {
        "trend_strength": 0.9859318171392875,
        "trend_linearity": 0.0009880227485285819,
        "seasonal_strength": 0.9821960983557738,
        "seasonal_correlation": 0.9966500080528086,
        "residual_autocorr_lag1": 0.9174593430164921,
        "spectral_entropy": 477.45697781296894
      },
      "n_series": 1
    },
    {
      "success": true,
      "window_idx": 11,
      "dataset": "ETTh1",
      "metrics": {
        "trend_strength": 0.9817013486710798,
        "trend_linearity": 0.0003280660705634292,
        "seasonal_strength": 0.9543545867489485,
        "seasonal_correlation": 0.9939204691826624,
        "residual_autocorr_lag1": 0.9023268034824194,
        "spectral_entropy": 303.23846982241685
      },
      "n_series": 1
    },
    {
      "success": true,
      "window_idx": 12,
      "dataset": "ETTh1",
      "metrics": {
        "trend_strength": 0.9653776458307031,
        "trend_linearity": 0.00032808753395353657,
        "seasonal_strength": 0.9761300313381053,
        "seasonal_correlation": 0.9880528010906597,
        "residual_autocorr_lag1": 0.8038932985020253,
        "spectral_entropy": -60.31569253486853
      },
      "n_series": 1
    },
    {
      "success": true,
      "window_idx": 13,
      "dataset": "ETTh1",
      "metrics": {
        "trend_strength": 0.9719495984745585,
        "trend_linearity": 0.0014518155457150638,
        "seasonal_strength": 0.9672008852114262,
        "seasonal_correlation": 0.9869316296642203,
        "residual_autocorr_lag1": 0.883790511595145,
        "spectral_entropy": -47.066377604914564
      },
      "n_series": 1
    },
    {
      "success": true,
      "window_idx": 14,
      "dataset": "ETTh1",
      "metrics": {
        "trend_strength": 0.9876045655611766,
        "trend_linearity": -0.0025526968938276245,
        "seasonal_strength": 0.9791122483436782,
        "seasonal_correlation": 0.9965421418377125,
        "residual_autocorr_lag1": 0.8598190873706629,
        "spectral_entropy": 464.7255302953861
      },
      "n_series": 1
    },
    {
      "success": true,
      "window_idx": 15,
      "dataset": "ETTh1",
      "metrics": {
        "trend_strength": 0.9927709023220063,
        "trend_linearity": -0.008012078910209232,
        "seasonal_strength": 0.7544326742389633,
        "seasonal_correlation": 0.9635028926351353,
        "residual_autocorr_lag1": 0.9373385636121925,
        "spectral_entropy": 904.7118242535189
      },
      "n_series": 1
    },
    {
      "success": true,
      "window_idx": 16,
      "dataset": "ETTh1",
      "metrics": {
        "trend_strength": 0.9889355464281208,
        "trend_linearity": -0.0029590687757701612,
        "seasonal_strength": 0.8931730592995135,
        "seasonal_correlation": 0.9548842577324756,
        "residual_autocorr_lag1": 0.5993564487433287,
        "spectral_entropy": 235.71244709515307
      },
      "n_series": 1
    },
    {
      "success": true,
      "window_idx": 17,
      "dataset": "ETTh1",
      "metrics": {
        "trend_strength": 0.9327993411874804,
        "trend_linearity": -0.000881146776924181,
        "seasonal_strength": 0.7138150108806394,
        "seasonal_correlation": 0.843362760346505,
        "residual_autocorr_lag1": 0.5010038782402263,
        "spectral_entropy": -14.966369404280798
      },
      "n_series": 1
    },
    {
      "success": true,
      "window_idx": 18,
      "dataset": "ETTh1",
      "metrics": {
        "trend_strength": 0.9793215149368375,
        "trend_linearity": -0.0020339408568641358,
        "seasonal_strength": 0.4516906959333957,
        "seasonal_correlation": 0.7506699094583825,
        "residual_autocorr_lag1": 0.710734899242321,
        "spectral_entropy": 150.8007054762043
      },
      "n_series": 1
    },
    {
      "success": true,
      "window_idx": 19,
      "dataset": "ETTh1",
      "metrics": {
        "trend_strength": 0.9376638938004732,
        "trend_linearity": -0.001523362259557925,
        "seasonal_strength": 0.15142981485261287,
        "seasonal_correlation": 0.18784713714896967,
        "residual_autocorr_lag1": 0.6483336657963442,
        "spectral_entropy": 134.06348601075146
      },
      "n_series": 1
    },
    {
      "success": true,
      "window_idx": 2,
      "dataset": "ETTh1",
      "metrics": {
        "trend_strength": 0.9580594942499613,
        "trend_linearity": 0.0005044737802677211,
        "seasonal_strength": 0.9882204623257591,
        "seasonal_correlation": 0.9904396381945471,
        "residual_autocorr_lag1": 0.6453093510214947,
        "spectral_entropy": 116.55544132131674
      },
      "n_series": 1
    },
    {
      "success": true,
      "window_idx": 3,
      "dataset": "ETTh1",
      "metrics": {
        "trend_strength": 0.9767629549903554,
        "trend_linearity": -0.0020211496906781287,
        "seasonal_strength": 0.9938197868564472,
        "seasonal_correlation": 0.9954839186917666,
        "residual_autocorr_lag1": 0.6704971780521918,
        "spectral_entropy": 64.37564918055199
      },
      "n_series": 1
    },
    {
      "success": true,
      "window_idx": 4,
      "dataset": "ETTh1",
      "metrics": {
        "trend_strength": 0.9746116058188963,
        "trend_linearity": -0.00040982902830953886,
        "seasonal_strength": 0.991513524719481,
        "seasonal_correlation": 0.9976221797099715,
        "residual_autocorr_lag1": 0.7738723350537695,
        "spectral_entropy": 3.0916725127945313
      },
      "n_series": 1
    },
    {
      "success": true,