{
  "success": true,
  "dir_info": {
    "dataset": "exchange_rate",
    "method": "BM",
    "block_length": 50,
    "ratio": 0.3,
    "term": "short"
  },
  "imputation_method": "linear",
  "n_windows": 20,
  "period": 7,
  "summary": {
    "mean": {
      "trend_strength": 0.882099909037542,
      "trend_linearity": -6.168759379400681e-05,
      "seasonal_strength": 0.195525172028933,
      "seasonal_correlation": 0.5595299802009244,
      "residual_autocorr_lag1": 0.3046731611820383,
      "spectral_entropy": -156.946781304647
    },
    "std": {
      "trend_strength": 0.15312883353626755,
      "trend_linearity": 0.00020213981717735077,
      "seasonal_strength": 0.1705836108153321,
      "seasonal_correlation": 0.24922013653202235,
      "residual_autocorr_lag1": 0.17897287130355927,
      "spectral_entropy": 20.33809773586992
    },
    "min": {
      "trend_strength": 0.4584770732432014,
      "trend_linearity": -0.00044515279818949533,
      "seasonal_strength": 0.0,
      "seasonal_correlation": 0.029855055940495978,
      "residual_autocorr_lag1": -0.12799836861366093,
      "spectral_entropy": -187.98651644716642
    },
    "max": {
      "trend_strength": 0.9965534032864068,
      "trend_linearity": 0.0003837888518647708,
      "seasonal_strength": 0.5893220025327213,
      "seasonal_correlation": 0.888668075384591,
      "residual_autocorr_lag1": 0.5712314464453159,
      "spectral_entropy": -123.1348957471451
    }
  },
  "window_results": [
    {
      "success": true,
      "window_idx": 0,
      "dataset": "exchange_rate",
      "metrics": {
        "trend_strength": 0.967707308216845,
        "trend_linearity": -0.00011655556868734286,
        "seasonal_strength": 0.015361622390798524,
        "seasonal_correlation": 0.888668075384591,
        "residual_autocorr_lag1": 0.3593970602603552,
        "spectral_entropy": -157.40525645356306
      },
      "n_series": 1
    },
    {
      "success": true,
      "window_idx": 1,
      "dataset": "exchange_rate",
      "metrics": {
        "trend_strength": 0.9961883595455013,
        "trend_linearity": -0.00037531227050949207,
        "seasonal_strength": 0.4037040184792625,
        "seasonal_correlation": 0.42973140792143205,
        "residual_autocorr_lag1": 0.39216343454864633,
        "spectral_entropy": -127.99165811145106
      },
      "n_series": 1
    },
    {
      "success": true,
      "window_idx": 10,
      "dataset": "exchange_rate",
      "metrics": {
        "trend_strength": 0.9054933472226696,
        "trend_linearity": 0.00010323762408998995,
        "seasonal_strength": 0.0,
        "seasonal_correlation": 0.7874659642801421,
        "residual_autocorr_lag1": 0.47607484366844416,
        "spectral_entropy": -165.75546888869619
      },
      "n_series": 1
    },
    {
      "success": true,
      "window_idx": 11,
      "dataset": "exchange_rate",
      "metrics": {
        "trend_strength": 0.7061658397248552,
        "trend_linearity": -6.36629784389745e-05,
        "seasonal_strength": 0.0,
        "seasonal_correlation": 0.7731189775667276,
        "residual_autocorr_lag1": 0.429985262043428,
        "spectral_entropy": -178.5977821072579
      },
      "n_series": 1
    },
    {
      "success": true,
      "window_idx": 12,
      "dataset": "exchange_rate",
      "metrics": {
        "trend_strength": 0.8702116218402248,
        "trend_linearity": -6.801481754956018e-05,
        "seasonal_strength": 0.0,
        "seasonal_correlation": 0.3076761455987587,
        "residual_autocorr_lag1": 0.006475653226332521,
        "spectral_entropy": -172.99444429797597
      },
      "n_series": 1
    },
    {
      "success": true,
      "window_idx": 13,
      "dataset": "exchange_rate",
      "metrics": {
        "trend_strength": 0.9965534032864068,
        "trend_linearity": 0.0003837888518647708,
        "seasonal_strength": 0.4281948196620309,
        "seasonal_correlation": 0.7318463878952172,
        "residual_autocorr_lag1": 0.1301592022260648,
        "spectral_entropy": -127.45019165623866
      },
      "n_series": 1
    },
    {
      "success": true,
      "window_idx": 14,
      "dataset": "exchange_rate",
      "metrics": {
        "trend_strength": 0.9820426097010134,
        "trend_linearity": 0.00024378474086243258,
        "seasonal_strength": 0.2909050034665751,
        "seasonal_correlation": 0.5251154174283653,
        "residual_autocorr_lag1": 0.5712314464453159,
        "spectral_entropy": -137.08329050336977
      },
      "n_series": 1
    },
    {
      "success": true,
      "window_idx": 15,
      "dataset": "exchange_rate",
      "metrics": {
        "trend_strength": 0.5760277355890535,
        "trend_linearity": 9.348125338755716e-06,
        "seasonal_strength": 0.4566334771748525,
        "seasonal_correlation": 0.47943875231883654,
        "residual_autocorr_lag1": 0.5013648223821098,
        "spectral_entropy": -186.00387774582353
      },
      "n_series": 1
    },
    {
      "success": true,
      "window_idx": 16,
      "dataset": "exchange_rate",
      "metrics": {
        "trend_strength": 0.9661042123086017,
        "trend_linearity": -0.00018351117995206938,
        "seasonal_strength": 0.11920410078013122,
        "seasonal_correlation": 0.15912126828490822,
        "residual_autocorr_lag1": 0.5238576365450197,
        "spectral_entropy": -150.26682451255647
      },
      "n_series": 1
    },
    {
      "success": true,
      "window_idx": 17,
      "dataset": "exchange_rate",
      "metrics": {
        "trend_strength": 0.9917288101962947,
        "trend_linearity": -0.000366218659068085,
        "seasonal_strength": 0.17431627388071969,
        "seasonal_correlation": 0.31122555657343476,
        "residual_autocorr_lag1": 0.21546202442703502,
        "spectral_entropy": -129.818664348328
      },
      "n_series": 1
    },
    {
      "success": true,
      "window_idx": 18,
      "dataset": "exchange_rate",
      "metrics": {
        "trend_strength": 0.6691623674579881,
        "trend_linearity": -3.647480928764152e-05,
        "seasonal_strength": 0.30025758399305824,
        "seasonal_correlation": 0.28338070048366165,
        "residual_autocorr_lag1": 0.2247306848872896,
        "spectral_entropy": -183.77306555545917
      },
      "n_series": 1
    },
    {
      "success": true,
      "window_idx": 19,
      "dataset": "exchange_rate",
      "metrics": {
        "trend_strength": 0.8050833981383552,
        "trend_linearity": 3.83522931227523e-05,
        "seasonal_strength": 0.229400959902489,
        "seasonal_correlation": 0.029855055940495978,
        "residual_autocorr_lag1": 0.2765578791857095,
        "spectral_entropy": -187.98651644716642
      },
      "n_series": 1
    },
    {
      "success": true,
      "window_idx": 2,
      "dataset": "exchange_rate",
      "metrics": {
        "trend_strength": 0.9892687128350377,
        "trend_linearity": -0.00044515279818949533,
        "seasonal_strength": 0.03802788297488402,
        "seasonal_correlation": 0.8180568838411454,
        "residual_autocorr_lag1": 0.42871503984671655,
        "spectral_entropy": -123.1348957471451
      },
      "n_series": 1
    },
    {
      "success": true,
      "window_idx": 3,
      "dataset": "exchange_rate",
      "metrics": {
        "trend_strength": 0.9477244971829936,
        "trend_linearity": -0.00013985176154206064,
        "seasonal_strength": 0.013964539060664527,
        "seasonal_correlation": 0.8450925977866861,
        "residual_autocorr_lag1": 0.17863611709591332,
        "spectral_entropy": -153.00134553653618
      },
      "n_series": 1
    },
    {
      "success": true,
      "window_idx": 4,
      "dataset": "exchange_rate",
      "metrics": {
        "trend_strength": 0.4584770732432014,
        "trend_linearity": -3.1445448730920234e-05,
        "seasonal_strength": 0.18233868636550965,
        "seasonal_correlation": 0.8041254756927353,
        "residual_autocorr_lag1": 0.3539423753147578,