{
  "success": true,
  "dir_info": {
    "dataset": "exchange_rate",
    "method": "BM",
    "block_length": 50,
    "ratio": 0.3,
    "term": "long"
  },
  "imputation_method": "mean",
  "n_windows": 11,
  "period": 7,
  "summary": {
    "mean": {
      "trend_strength": 0.9784384128602952,
      "trend_linearity": 7.0664049680834675e-06,
      "seasonal_strength": 0.13900187295318361,
      "seasonal_correlation": 0.09482349176864459,
      "residual_autocorr_lag1": 0.3316596009852439,
      "spectral_entropy": -1444.2501945103343
    },
    "std": {
      "trend_strength": 0.04339511720684366,
      "trend_linearity": 0.0002000088240182148,
      "seasonal_strength": 0.09055062832028035,
      "seasonal_correlation": 0.06067056168262187,
      "residual_autocorr_lag1": 0.18034338183951198,
      "spectral_entropy": 404.81870522904205
    },
    "min": {
      "trend_strength": 0.876602777340369,
      "trend_linearity": -0.0005391217560584567,
      "seasonal_strength": 0.0,
      "seasonal_correlation": -0.002299196002147507,
      "residual_autocorr_lag1": 0.13114345422310805,
      "spectral_entropy": -2142.090372226826
    },
    "max": {
      "trend_strength": 0.9999797939736057,
      "trend_linearity": 0.00025412349642861917,
      "seasonal_strength": 0.28541680809290315,
      "seasonal_correlation": 0.21028805734489642,
      "residual_autocorr_lag1": 0.8056291933056079,
      "spectral_entropy": -652.5898511027331
    }
  },
  "window_results": [
    {
      "success": true,
      "window_idx": 0,
      "dataset": "exchange_rate",
      "metrics": {
        "trend_strength": 0.9998948111254834,
        "trend_linearity": 0.00025412349642861917,
        "seasonal_strength": 0.06080784778146031,
        "seasonal_correlation": 0.14463559227093523,
        "residual_autocorr_lag1": 0.22088788781591182,
        "spectral_entropy": -963.8466391716502
      },
      "n_series": 1
    },
    {
      "success": true,
      "window_idx": 1,
      "dataset": "exchange_rate",
      "metrics": {
        "trend_strength": 0.9998646044150703,
        "trend_linearity": 0.00014698949581787036,
        "seasonal_strength": 0.13813147712026907,
        "seasonal_correlation": 0.21028805734489642,
        "residual_autocorr_lag1": 0.13114345422310805,
        "spectral_entropy": -1243.070281081177
      },
      "n_series": 1
    },
    {
      "success": true,
      "window_idx": 10,
      "dataset": "exchange_rate",
      "metrics": {
        "trend_strength": 0.897224696819344,
        "trend_linearity": 2.7057546073304914e-05,
        "seasonal_strength": 0.03294802160567456,
        "seasonal_correlation": 0.05479400227879784,
        "residual_autocorr_lag1": 0.4576974631072113,
        "spectral_entropy": -1566.514265502317
      },
      "n_series": 1
    },
    {
      "success": true,
      "window_idx": 2,
      "dataset": "exchange_rate",
      "metrics": {
        "trend_strength": 0.9998613145854661,
        "trend_linearity": -1.520531729626238e-05,
        "seasonal_strength": 0.28541680809290315,
        "seasonal_correlation": -0.002299196002147507,
        "residual_autocorr_lag1": 0.2792470477361572,
        "spectral_entropy": -2142.090372226826
      },
      "n_series": 1
    },
    {
      "success": true,
      "window_idx": 3,
      "dataset": "exchange_rate",
      "metrics": {
        "trend_strength": 0.9997253051121637,
        "trend_linearity": -0.00013045604979774637,
        "seasonal_strength": 0.102878232759543,
        "seasonal_correlation": 0.16666597190486723,
        "residual_autocorr_lag1": 0.270478668941628,
        "spectral_entropy": -1222.4724648847266
      },
      "n_series": 1
    },
    {
      "success": true,
      "window_idx": 4,
      "dataset": "exchange_rate",
      "metrics": {
        "trend_strength": 0.9999797939736057,
        "trend_linearity": -0.0005391217560584567,
        "seasonal_strength": 0.1727054197917175,
        "seasonal_correlation": 0.11785267130539381,
        "residual_autocorr_lag1": 0.2469392040134154,
        "spectral_entropy": -652.5898511027331
      },
      "n_series": 1
    },
    {
      "success": true,
      "window_idx": 5,
      "dataset": "exchange_rate",
      "metrics": {
        "trend_strength": 0.9954546006098773,
        "trend_linearity": 3.784999479387002e-05,
        "seasonal_strength": 0.1951185435665157,
        "seasonal_correlation": 0.13114429086051582,
        "residual_autocorr_lag1": 0.30508666769369375,
        "spectral_entropy": -1709.2887139300012
      },
      "n_series": 1
    },
    {
      "success": true,
      "window_idx": 6,
      "dataset": "exchange_rate",
      "metrics": {
        "trend_strength": 0.9959499362793802,
        "trend_linearity": 1.7581844999295277e-05,
        "seasonal_strength": 0.2510865512150191,
        "seasonal_correlation": 0.046840690120799805,
        "residual_autocorr_lag1": 0.2153344999562871,
        "spectral_entropy": -1803.1631413657976
      },
      "n_series": 1
    },
    {
      "success": true,
      "window_idx": 7,
      "dataset": "exchange_rate",
      "metrics": {
        "trend_strength": 0.9989210349697624,
        "trend_linearity": 4.304450950917365e-05,
        "seasonal_strength": 0.22817517792518704,
        "seasonal_correlation": 0.060570361880352405,
        "residual_autocorr_lag1": 0.22473636853294962,
        "spectral_entropy": -1737.9131878528806
      },
      "n_series": 1
    },
    {
      "success": true,
      "window_idx": 8,
      "dataset": "exchange_rate",
      "metrics": {
        "trend_strength": 0.999343666232727,
        "trend_linearity": 0.00020266219461932417,
        "seasonal_strength": 0.061752522626730366,
        "seasonal_correlation": 0.06588367766528017,
        "residual_autocorr_lag1": 0.49107515551171216,
        "spectral_entropy": -1239.4011802621085
      },
      "n_series": 1
    },
    {
      "success": true,
      "window_idx": 9,
      "dataset": "exchange_rate",
      "metrics": {
        "trend_strength": 0.876602777340369,
        "trend_linearity": 3.3204495559925956e-05,
        "seasonal_strength": 0.0,
        "seasonal_correlation": 0.04668228982539937,
        "residual_autocorr_lag1": 0.8056291933056079,
        "spectral_entropy": -1606.40204223346
      },
      "n_series": 1
    }
  ]
}