{
  "success": true,
  "dir_info": {
    "dataset": "exchange_rate",
    "method": "BM",
    "block_length": 50,
    "ratio": 0.2,
    "term": "long"
  },
  "imputation_method": "forward",
  "n_windows": 11,
  "period": 7,
  "summary": {
    "mean": {
      "trend_strength": 0.9997820872042124,
      "trend_linearity": -6.83289969354042e-05,
      "seasonal_strength": 0.14313143547442503,
      "seasonal_correlation": 0.15930496823707174,
      "residual_autocorr_lag1": 0.27978620025338974,
      "spectral_entropy": -1273.7546094124955
    },
    "std": {
      "trend_strength": 0.0001779576856217222,
      "trend_linearity": 0.0002104368116077257,
      "seasonal_strength": 0.054903007923038365,
      "seasonal_correlation": 0.07960807177936609,
      "residual_autocorr_lag1": 0.08829865779305654,
      "spectral_entropy": 382.24384871258445
    },
    "min": {
      "trend_strength": 0.9992992035197151,
      "trend_linearity": -0.0005640412941500387,
      "seasonal_strength": 0.07597665974631396,
      "seasonal_correlation": 9.533744520836357e-05,
      "residual_autocorr_lag1": 0.15053076004690338,
      "spectral_entropy": -2235.9463651156357
    },
    "max": {
      "trend_strength": 0.9999760940404916,
      "trend_linearity": 0.0002652704610252307,
      "seasonal_strength": 0.26904859236645007,
      "seasonal_correlation": 0.3202113759053093,
      "residual_autocorr_lag1": 0.44245737350464304,
      "spectral_entropy": -644.3122050748768
    }
  },
  "window_results": [
    {
      "success": true,
      "window_idx": 0,
      "dataset": "exchange_rate",
      "metrics": {
        "trend_strength": 0.9999199265260068,
        "trend_linearity": 0.0002652704610252307,
        "seasonal_strength": 0.13798759953077822,
        "seasonal_correlation": 0.12211880188697453,
        "residual_autocorr_lag1": 0.15053076004690338,
        "spectral_entropy": -944.6455928007409
      },
      "n_series": 1
    },
    {
      "success": true,
      "window_idx": 1,
      "dataset": "exchange_rate",
      "metrics": {
        "trend_strength": 0.9997747085519632,
        "trend_linearity": 0.00011803351935459926,
        "seasonal_strength": 0.07597665974631396,
        "seasonal_correlation": 0.224417058650529,
        "residual_autocorr_lag1": 0.1610793651155342,
        "spectral_entropy": -1368.9221858088836
      },
      "n_series": 1
    },
    {
      "success": true,
      "window_idx": 10,
      "dataset": "exchange_rate",
      "metrics": {
        "trend_strength": 0.9996888460204211,
        "trend_linearity": 9.822081557892114e-05,
        "seasonal_strength": 0.12686840119172393,
        "seasonal_correlation": 0.23618767050697428,
        "residual_autocorr_lag1": 0.21002903442958,
        "spectral_entropy": -1362.9003935666692
      },
      "n_series": 1
    },
    {
      "success": true,
      "window_idx": 2,
      "dataset": "exchange_rate",
      "metrics": {
        "trend_strength": 0.9998433890917522,
        "trend_linearity": -4.765139142430312e-05,
        "seasonal_strength": 0.22520141204474198,
        "seasonal_correlation": 9.533744520836357e-05,
        "residual_autocorr_lag1": 0.32611349210470536,
        "spectral_entropy": -2235.9463651156357
      },
      "n_series": 1
    },
    {
      "success": true,
      "window_idx": 3,
      "dataset": "exchange_rate",
      "metrics": {
        "trend_strength": 0.9997969291086922,
        "trend_linearity": -0.0001428894002267025,
        "seasonal_strength": 0.12899472551776658,
        "seasonal_correlation": 0.1742056830543546,
        "residual_autocorr_lag1": 0.23950691576078192,
        "spectral_entropy": -1186.7269697876955
      },
      "n_series": 1
    },
    {
      "success": true,
      "window_idx": 4,
      "dataset": "exchange_rate",
      "metrics": {
        "trend_strength": 0.9999760940404916,
        "trend_linearity": -0.0005640412941500387,
        "seasonal_strength": 0.13093673238688697,
        "seasonal_correlation": 0.12827133974464874,
        "residual_autocorr_lag1": 0.237368887541798,
        "spectral_entropy": -644.3122050748768
      },
      "n_series": 1
    },
    {
      "success": true,
      "window_idx": 5,
      "dataset": "exchange_rate",
      "metrics": {
        "trend_strength": 0.9992992035197151,
        "trend_linearity": 0.00011636989303149092,
        "seasonal_strength": 0.13143653925441334,
        "seasonal_correlation": 0.11847986498767665,
        "residual_autocorr_lag1": 0.26883793184048976,
        "spectral_entropy": -1297.0821408484207
      },
      "n_series": 1
    },
    {
      "success": true,
      "window_idx": 6,
      "dataset": "exchange_rate",
      "metrics": {
        "trend_strength": 0.9996940509376376,
        "trend_linearity": -0.000124402819302584,
        "seasonal_strength": 0.07750325336358332,
        "seasonal_correlation": 0.09610942562611959,
        "residual_autocorr_lag1": 0.35428019966119983,
        "spectral_entropy": -1568.1567503726033
      },
      "n_series": 1
    },
    {
      "success": true,
      "window_idx": 7,
      "dataset": "exchange_rate",
      "metrics": {
        "trend_strength": 0.9997721377663322,
        "trend_linearity": -0.00014277809445691007,
        "seasonal_strength": 0.15585751162596062,
        "seasonal_correlation": 0.3202113759053093,
        "residual_autocorr_lag1": 0.44245737350464304,
        "spectral_entropy": -1096.7057042089255
      },
      "n_series": 1
    },
    {
      "success": true,
      "window_idx": 8,
      "dataset": "exchange_rate",
      "metrics": {
        "trend_strength": 0.9999020073431408,
        "trend_linearity": -0.00014676656487785095,
        "seasonal_strength": 0.11463436319005638,
        "seasonal_correlation": 0.16530651653676057,
        "residual_autocorr_lag1": 0.38967990977808953,
        "spectral_entropy": -1200.7152673808137
      },
      "n_series": 1
    },
    {
      "success": true,
      "window_idx": 9,
      "dataset": "exchange_rate",
      "metrics": {
        "trend_strength": 0.9999356663401823,
        "trend_linearity": -0.0001809840908412988,
        "seasonal_strength": 0.26904859236645007,
        "seasonal_correlation": 0.1669515762632334,
        "residual_autocorr_lag1": 0.2977643330035626,
        "spectral_entropy": -1105.1871285721843
      },
      "n_series": 1
    }
  ]
}