{
  "success": true,
  "dir_info": {
    "dataset": "exchange_rate",
    "method": "BM",
    "block_length": 50,
    "ratio": 0.1,
    "term": "short"
  },
  "imputation_method": "mean",
  "n_windows": 20,
  "period": 7,
  "summary": {
    "mean": {
      "trend_strength": 0.8724582188053427,
      "trend_linearity": 4.932830824653878e-05,
      "seasonal_strength": 0.1386904264521139,
      "seasonal_correlation": 0.6125242417133776,
      "residual_autocorr_lag1": 0.44574195480500955,
      "spectral_entropy": -149.75246784451778
    },
    "std": {
      "trend_strength": 0.16825333647066104,
      "trend_linearity": 0.0002934993309445417,
      "seasonal_strength": 0.16247985728161463,
      "seasonal_correlation": 0.19417935188770175,
      "residual_autocorr_lag1": 0.14222517433396253,
      "spectral_entropy": 24.204854792080987
    },
    "min": {
      "trend_strength": 0.4646774190752553,
      "trend_linearity": -0.0006508080611240083,
      "seasonal_strength": 0.0,
      "seasonal_correlation": 0.26049024181318586,
      "residual_autocorr_lag1": 0.11350189866312393,
      "spectral_entropy": -193.38084252287436
    },
    "max": {
      "trend_strength": 0.9969653012395948,
      "trend_linearity": 0.0005302179918962107,
      "seasonal_strength": 0.5408670101623575,
      "seasonal_correlation": 0.9175936518249167,
      "residual_autocorr_lag1": 0.7022406490116977,
      "spectral_entropy": -110.09734931136755
    }
  },
  "window_results": [
    {
      "success": true,
      "window_idx": 0,
      "dataset": "exchange_rate",
      "metrics": {
        "trend_strength": 0.9890568931845,
        "trend_linearity": -0.000224720735507918,
        "seasonal_strength": 0.16364247893122752,
        "seasonal_correlation": 0.37110942281393117,
        "residual_autocorr_lag1": 0.22606460175047002,
        "spectral_entropy": -142.46295795590984
      },
      "n_series": 1
    },
    {
      "success": true,
      "window_idx": 1,
      "dataset": "exchange_rate",
      "metrics": {
        "trend_strength": 0.7602377278070475,
        "trend_linearity": -3.701560247279348e-05,
        "seasonal_strength": 0.0,
        "seasonal_correlation": 0.8350612249565937,
        "residual_autocorr_lag1": 0.5240012215182238,
        "spectral_entropy": -182.2293191742254
      },
      "n_series": 1
    },
    {
      "success": true,
      "window_idx": 10,
      "dataset": "exchange_rate",
      "metrics": {
        "trend_strength": 0.9271734461487523,
        "trend_linearity": 9.90327866941295e-05,
        "seasonal_strength": 0.044851218541045235,
        "seasonal_correlation": 0.5647442270092684,
        "residual_autocorr_lag1": 0.3289004612663924,
        "spectral_entropy": -163.67168293066032
      },
      "n_series": 1
    },
    {
      "success": true,
      "window_idx": 11,
      "dataset": "exchange_rate",
      "metrics": {
        "trend_strength": 0.8053152596740021,
        "trend_linearity": 5.0576081479192925e-05,
        "seasonal_strength": 0.0,
        "seasonal_correlation": 0.7644650965484131,
        "residual_autocorr_lag1": 0.3776654503505898,
        "spectral_entropy": -177.79226813000105
      },
      "n_series": 1
    },
    {
      "success": true,
      "window_idx": 12,
      "dataset": "exchange_rate",
      "metrics": {
        "trend_strength": 0.9969653012395948,
        "trend_linearity": -0.0003732541149895287,
        "seasonal_strength": 0.5408670101623575,
        "seasonal_correlation": 0.537340801007588,
        "residual_autocorr_lag1": 0.11350189866312393,
        "spectral_entropy": -129.4982712424789
      },
      "n_series": 1
    },
    {
      "success": true,
      "window_idx": 13,
      "dataset": "exchange_rate",
      "metrics": {
        "trend_strength": 0.9818226281759376,
        "trend_linearity": -0.00017330441008052834,
        "seasonal_strength": 0.24985935523926595,
        "seasonal_correlation": 0.706064524728465,
        "residual_autocorr_lag1": 0.34284118652103607,
        "spectral_entropy": -146.60445877714253
      },
      "n_series": 1
    },
    {
      "success": true,
      "window_idx": 14,
      "dataset": "exchange_rate",
      "metrics": {
        "trend_strength": 0.9941007743787824,
        "trend_linearity": -0.0006508080611240083,
        "seasonal_strength": 0.30627286676004517,
        "seasonal_correlation": 0.26049024181318586,
        "residual_autocorr_lag1": 0.5225340011581524,
        "spectral_entropy": -110.09734931136755
      },
      "n_series": 1
    },
    {
      "success": true,
      "window_idx": 15,
      "dataset": "exchange_rate",
      "metrics": {
        "trend_strength": 0.971944641567616,
        "trend_linearity": 0.0002868526185736135,
        "seasonal_strength": 0.0,
        "seasonal_correlation": 0.6082700787715472,
        "residual_autocorr_lag1": 0.7022406490116977,
        "spectral_entropy": -131.77445329991477
      },
      "n_series": 1
    },
    {
      "success": true,
      "window_idx": 16,
      "dataset": "exchange_rate",
      "metrics": {
        "trend_strength": 0.9656060597600701,
        "trend_linearity": -0.00034549527404553477,
        "seasonal_strength": 0.0,
        "seasonal_correlation": 0.8211711704892295,
        "residual_autocorr_lag1": 0.5372951994655235,
        "spectral_entropy": -127.44022099723131
      },
      "n_series": 1
    },
    {
      "success": true,
      "window_idx": 17,
      "dataset": "exchange_rate",
      "metrics": {
        "trend_strength": 0.9966623593564158,
        "trend_linearity": 0.0005302179918962107,
        "seasonal_strength": 0.10060480755913481,
        "seasonal_correlation": 0.3523727865968904,
        "residual_autocorr_lag1": 0.37273210623774666,
        "spectral_entropy": -117.06227563553767
      },
      "n_series": 1
    },
    {
      "success": true,
      "window_idx": 18,
      "dataset": "exchange_rate",
      "metrics": {
        "trend_strength": 0.996173845015707,
        "trend_linearity": 0.0005190303999361449,
        "seasonal_strength": 0.16068633212820038,
        "seasonal_correlation": 0.7867683425547823,
        "residual_autocorr_lag1": 0.6238634721688062,
        "spectral_entropy": -120.16574422857396
      },
      "n_series": 1
    },
    {
      "success": true,
      "window_idx": 19,
      "dataset": "exchange_rate",
      "metrics": {
        "trend_strength": 0.4646774190752553,
        "trend_linearity": 2.6757645890476927e-05,
        "seasonal_strength": 0.40312114555316214,
        "seasonal_correlation": 0.27073903081549827,
        "residual_autocorr_lag1": 0.48355674769476736,
        "spectral_entropy": -173.85137664811822
      },
      "n_series": 1
    },
    {
      "success": true,
      "window_idx": 2,
      "dataset": "exchange_rate",
      "metrics": {
        "trend_strength": 0.49515521335209345,
        "trend_linearity": 2.3726352984228428e-05,
        "seasonal_strength": 0.03745905493906787,
        "seasonal_correlation": 0.3511157395284734,
        "residual_autocorr_lag1": 0.5420206872744576,
        "spectral_entropy": -174.16583163261208
      },
      "n_series": 1
    },
    {
      "success": true,
      "window_idx": 3,
      "dataset": "exchange_rate",
      "metrics": {
        "trend_strength": 0.7731659356729703,
        "trend_linearity": 3.536049507790633e-05,
        "seasonal_strength": 0.3768984190739805,
        "seasonal_correlation": 0.6424081029489233,
        "residual_autocorr_lag1": 0.33171201334045547,
        "spectral_entropy": -178.05035300537764
      },
      "n_series": 1
    },
    {
      "success": true,
      "window_idx": 4,
      "dataset": "exchange_rate",
      "metrics": {
        "trend_strength": 0.9941158551032916,
        "trend_linearity": 0.0004682573894827591,
        "seasonal_strength": 0.0,
        "seasonal_correlation": 0.9175936518249167,
        "residual_autocorr_lag1": 0.6221914807783242,