{
  "success": true,
  "dir_info": {
    "dataset": "traffic",
    "method": "BM",
    "block_length": 50,
    "ratio": 0.2,
    "term": "long"
  },
  "imputation_method": "backward",
  "n_windows": 15,
  "period": 24,
  "summary": {
    "mean": {
      "trend_strength": 0.4582230473196414,
      "trend_linearity": -1.1283540560136148e-06,
      "seasonal_strength": 0.9105754990879026,
      "seasonal_correlation": 0.971550928482018,
      "residual_autocorr_lag1": 0.8426958666764881,
      "spectral_entropy": -2886.2803806089423
    },
    "std": {
      "trend_strength": 0.2957424303118677,
      "trend_linearity": 6.714274215504387e-06,
      "seasonal_strength": 0.14028645030479284,
      "seasonal_correlation": 0.07293543969049229,
      "residual_autocorr_lag1": 0.051823172484565104,
      "spectral_entropy": 149.6769709325804
    },
    "min": {
      "trend_strength": 0.1737514305297566,
      "trend_linearity": -1.1696793800740629e-05,
      "seasonal_strength": 0.3999845783784657,
      "seasonal_correlation": 0.7016970699825013,
      "residual_autocorr_lag1": 0.7553838495514218,
      "spectral_entropy": -3204.9862627092216
    },
    "max": {
      "trend_strength": 0.9982161722682105,
      "trend_linearity": 1.9078428596765625e-05,
      "seasonal_strength": 0.9954974797634377,
      "seasonal_correlation": 0.9988038383939309,
      "residual_autocorr_lag1": 0.9270341767528287,
      "spectral_entropy": -2616.353206460697
    }
  },
  "window_results": [
    {
      "success": true,
      "window_idx": 0,
      "dataset": "traffic",
      "metrics": {
        "trend_strength": 0.3439045927404554,
        "trend_linearity": 4.448055303748041e-07,
        "seasonal_strength": 0.9550157180090213,
        "seasonal_correlation": 0.9912810863351087,
        "residual_autocorr_lag1": 0.8382983114697948,
        "spectral_entropy": -2967.263253130118
      },
      "n_series": 1
    },
    {
      "success": true,
      "window_idx": 1,
      "dataset": "traffic",
      "metrics": {
        "trend_strength": 0.358120193035253,
        "trend_linearity": 3.0399670993905947e-06,
        "seasonal_strength": 0.9615722732499986,
        "seasonal_correlation": 0.9941278084780422,
        "residual_autocorr_lag1": 0.7879718035377236,
        "spectral_entropy": -3010.4574734262524
      },
      "n_series": 1
    },
    {
      "success": true,
      "window_idx": 10,
      "dataset": "traffic",
      "metrics": {
        "trend_strength": 0.21230237806916719,
        "trend_linearity": -6.738438300221054e-07,
        "seasonal_strength": 0.9430556123430368,
        "seasonal_correlation": 0.9988038383939309,
        "residual_autocorr_lag1": 0.9068984473582595,
        "spectral_entropy": -2842.247347756049
      },
      "n_series": 1
    },
    {
      "success": true,
      "window_idx": 11,
      "dataset": "traffic",
      "metrics": {
        "trend_strength": 0.7230978598412505,
        "trend_linearity": -3.992834675310567e-06,
        "seasonal_strength": 0.9954974797634377,
        "seasonal_correlation": 0.9862957884060075,
        "residual_autocorr_lag1": 0.7553838495514218,
        "spectral_entropy": -2746.5623735693794
      },
      "n_series": 1
    },
    {
      "success": true,
      "window_idx": 12,
      "dataset": "traffic",
      "metrics": {
        "trend_strength": 0.9904417933173332,
        "trend_linearity": -1.1696793800740629e-05,
        "seasonal_strength": 0.9368069554839545,
        "seasonal_correlation": 0.9873398401452707,
        "residual_autocorr_lag1": 0.9056171299185451,
        "spectral_entropy": -2759.4735380127995
      },
      "n_series": 1
    },
    {
      "success": true,
      "window_idx": 13,
      "dataset": "traffic",
      "metrics": {
        "trend_strength": 0.9961463853546607,
        "trend_linearity": -1.026776948709789e-05,
        "seasonal_strength": 0.8356811234105098,
        "seasonal_correlation": 0.9527054992999573,
        "residual_autocorr_lag1": 0.7839183551371836,
        "spectral_entropy": -3204.9862627092216
      },
      "n_series": 1
    },
    {
      "success": true,
      "window_idx": 14,
      "dataset": "traffic",
      "metrics": {
        "trend_strength": 0.9982161722682105,
        "trend_linearity": 1.9078428596765625e-05,
        "seasonal_strength": 0.3999845783784657,
        "seasonal_correlation": 0.7016970699825013,
        "residual_autocorr_lag1": 0.8122740443952593,
        "spectral_entropy": -2616.353206460697
      },
      "n_series": 1
    },
    {
      "success": true,
      "window_idx": 2,
      "dataset": "traffic",
      "metrics": {
        "trend_strength": 0.31060012633602896,
        "trend_linearity": -2.66789240291228e-06,
        "seasonal_strength": 0.9595023802029901,
        "seasonal_correlation": 0.9969675988648287,
        "residual_autocorr_lag1": 0.8510853384673817,
        "spectral_entropy": -3024.652382702106
      },
      "n_series": 1
    },
    {
      "success": true,
      "window_idx": 3,
      "dataset": "traffic",
      "metrics": {
        "trend_strength": 0.1737514305297566,
        "trend_linearity": 8.659382476109241e-07,
        "seasonal_strength": 0.964012375587297,
        "seasonal_correlation": 0.9944768046680132,
        "residual_autocorr_lag1": 0.863044054605062,
        "spectral_entropy": -2959.663461120709
      },
      "n_series": 1
    },
    {
      "success": true,
      "window_idx": 4,
      "dataset": "traffic",
      "metrics": {
        "trend_strength": 0.3713282190116778,
        "trend_linearity": -4.349549130008112e-06,
        "seasonal_strength": 0.9557418823019959,
        "seasonal_correlation": 0.9898364916058262,
        "residual_autocorr_lag1": 0.8816470253515943,
        "spectral_entropy": -2892.907886471445
      },
      "n_series": 1
    },
    {
      "success": true,
      "window_idx": 5,
      "dataset": "traffic",
      "metrics": {
        "trend_strength": 0.21886957659341166,
        "trend_linearity": -1.6121598704505236e-06,
        "seasonal_strength": 0.943112627721957,
        "seasonal_correlation": 0.9984706838770014,
        "residual_autocorr_lag1": 0.8759908608340576,
        "spectral_entropy": -2866.6450987448816
      },
      "n_series": 1
    },
    {
      "success": true,
      "window_idx": 6,
      "dataset": "traffic",
      "metrics": {
        "trend_strength": 0.1853118588318291,
        "trend_linearity": -1.098972153049784e-06,
        "seasonal_strength": 0.9473119917961796,
        "seasonal_correlation": 0.998071236489687,
        "residual_autocorr_lag1": 0.8736347913064929,
        "spectral_entropy": -2978.626019299637
      },
      "n_series": 1
    },
    {
      "success": true,
      "window_idx": 7,
      "dataset": "traffic",
      "metrics": {
        "trend_strength": 0.3507229731828768,
        "trend_linearity": -5.580121927832883e-06,
        "seasonal_strength": 0.9494728488037549,
        "seasonal_correlation": 0.9932065072195905,
        "residual_autocorr_lag1": 0.7988259286310747,
        "spectral_entropy": -2705.2083719320754
      },
      "n_series": 1
    },
    {
      "success": true,
      "window_idx": 8,
      "dataset": "traffic",
      "metrics": {
        "trend_strength": 0.28591858577299134,
        "trend_linearity": 1.158691847117864e-06,
        "seasonal_strength": 0.9516538887230224,
        "seasonal_correlation": 0.9931046744533992,
        "residual_autocorr_lag1": 0.7788138828306416,
        "spectral_entropy": -2728.44291292133
      },
      "n_series": 1
    },
    {
      "success": true,
      "window_idx": 9,
      "dataset": "traffic",
      "metrics": {
        "trend_strength": 0.35461356490971696,
        "trend_linearity": 4.2679511596073695e-07,
        "seasonal_strength": 0.9602107505429169,
        "seasonal_correlation": 0.9968789990111049,
        "residual_autocorr_lag1": 0.9270341767528287,
        "spectral_entropy": -2990.7161208774346
      },