{
  "success": true,
  "dir_info": {
    "dataset": "traffic",
    "method": "BM",
    "block_length": 50,
    "ratio": 0.1,
    "term": "long"
  },
  "imputation_method": "mean",
  "n_windows": 15,
  "period": 24,
  "summary": {
    "mean": {
      "trend_strength": 0.34240525376382386,
      "trend_linearity": 5.922417054084114e-07,
      "seasonal_strength": 0.9539437672908548,
      "seasonal_correlation": 0.9942001523382049,
      "residual_autocorr_lag1": 0.8512093428286652,
      "spectral_entropy": -2922.0591677160287
    },
    "std": {
      "trend_strength": 0.15512322045625374,
      "trend_linearity": 3.43979549069232e-06,
      "seasonal_strength": 0.013994322203333168,
      "seasonal_correlation": 0.003445796430955729,
      "residual_autocorr_lag1": 0.08189267214212759,
      "spectral_entropy": 186.21798801408056
    },
    "min": {
      "trend_strength": 0.17961939319883813,
      "trend_linearity": -6.289296745982042e-06,
      "seasonal_strength": 0.9230139766981005,
      "seasonal_correlation": 0.9864386852601802,
      "residual_autocorr_lag1": 0.5959327628216599,
      "spectral_entropy": -3415.8571747867954
    },
    "max": {
      "trend_strength": 0.8258244973353017,
      "trend_linearity": 8.528498433909914e-06,
      "seasonal_strength": 0.9872218313542168,
      "seasonal_correlation": 0.9984072679825946,
      "residual_autocorr_lag1": 0.95082044132232,
      "spectral_entropy": -2563.7951958173808
    }
  },
  "window_results": [
    {
      "success": true,
      "window_idx": 0,
      "dataset": "traffic",
      "metrics": {
        "trend_strength": 0.33456904489968253,
        "trend_linearity": 5.036739171629964e-07,
        "seasonal_strength": 0.955682005027324,
        "seasonal_correlation": 0.9909790930189231,
        "residual_autocorr_lag1": 0.8238737605416434,
        "spectral_entropy": -2970.03849658712
      },
      "n_series": 1
    },
    {
      "success": true,
      "window_idx": 1,
      "dataset": "traffic",
      "metrics": {
        "trend_strength": 0.3594164098654701,
        "trend_linearity": 2.7924934776293276e-06,
        "seasonal_strength": 0.9614517354833889,
        "seasonal_correlation": 0.9941691797869363,
        "residual_autocorr_lag1": 0.7828988059053722,
        "spectral_entropy": -3006.145652449346
      },
      "n_series": 1
    },
    {
      "success": true,
      "window_idx": 10,
      "dataset": "traffic",
      "metrics": {
        "trend_strength": 0.33258923081286407,
        "trend_linearity": 5.545123059378871e-06,
        "seasonal_strength": 0.9462410744209111,
        "seasonal_correlation": 0.9981490210775776,
        "residual_autocorr_lag1": 0.9052937073510104,
        "spectral_entropy": -2835.4819816068343
      },
      "n_series": 1
    },
    {
      "success": true,
      "window_idx": 11,
      "dataset": "traffic",
      "metrics": {
        "trend_strength": 0.2842224131838065,
        "trend_linearity": -2.730054607141391e-06,
        "seasonal_strength": 0.9350600751429197,
        "seasonal_correlation": 0.9864386852601802,
        "residual_autocorr_lag1": 0.8979275289340528,
        "spectral_entropy": -2801.151714926524
      },
      "n_series": 1
    },
    {
      "success": true,
      "window_idx": 12,
      "dataset": "traffic",
      "metrics": {
        "trend_strength": 0.20480186258406297,
        "trend_linearity": 2.0493366031999874e-07,
        "seasonal_strength": 0.9509204401338751,
        "seasonal_correlation": 0.9971893804291792,
        "residual_autocorr_lag1": 0.8865688833445129,
        "spectral_entropy": -2840.337008839425
      },
      "n_series": 1
    },
    {
      "success": true,
      "window_idx": 13,
      "dataset": "traffic",
      "metrics": {
        "trend_strength": 0.37248983404641256,
        "trend_linearity": 8.528498433909914e-06,
        "seasonal_strength": 0.9230139766981005,
        "seasonal_correlation": 0.9917047759702537,
        "residual_autocorr_lag1": 0.95082044132232,
        "spectral_entropy": -2563.7951958173808
      },
      "n_series": 1
    },
    {
      "success": true,
      "window_idx": 14,
      "dataset": "traffic",
      "metrics": {
        "trend_strength": 0.8258244973353017,
        "trend_linearity": 3.5245011627561676e-06,
        "seasonal_strength": 0.9872218313542168,
        "seasonal_correlation": 0.9900118981373385,
        "residual_autocorr_lag1": 0.5959327628216599,
        "spectral_entropy": -3415.8571747867954
      },
      "n_series": 1
    },
    {
      "success": true,
      "window_idx": 2,
      "dataset": "traffic",
      "metrics": {
        "trend_strength": 0.34160870900658946,
        "trend_linearity": -2.8572184124546354e-06,
        "seasonal_strength": 0.9610220591259537,
        "seasonal_correlation": 0.9964362785403286,
        "residual_autocorr_lag1": 0.86123719291841,
        "spectral_entropy": -3037.379283104654
      },
      "n_series": 1
    },
    {
      "success": true,
      "window_idx": 3,
      "dataset": "traffic",
      "metrics": {
        "trend_strength": 0.17961939319883813,
        "trend_linearity": 1.2406591619877283e-06,
        "seasonal_strength": 0.96062057039515,
        "seasonal_correlation": 0.9960859988105817,
        "residual_autocorr_lag1": 0.8790863843277454,
        "spectral_entropy": -2953.8302697401164
      },
      "n_series": 1
    },
    {
      "success": true,
      "window_idx": 4,
      "dataset": "traffic",
      "metrics": {
        "trend_strength": 0.5576385523112815,
        "trend_linearity": -6.289296745982042e-06,
        "seasonal_strength": 0.9676268151126183,
        "seasonal_correlation": 0.9910984187706164,
        "residual_autocorr_lag1": 0.8980489755861938,
        "spectral_entropy": -3002.403923738544
      },
      "n_series": 1
    },
    {
      "success": true,
      "window_idx": 5,
      "dataset": "traffic",
      "metrics": {
        "trend_strength": 0.27485294813229944,
        "trend_linearity": 1.166284674556542e-07,
        "seasonal_strength": 0.9520559701133249,
        "seasonal_correlation": 0.9982349985999353,
        "residual_autocorr_lag1": 0.8688310875631712,
        "spectral_entropy": -2966.2127434729014
      },
      "n_series": 1
    },
    {
      "success": true,
      "window_idx": 6,
      "dataset": "traffic",
      "metrics": {
        "trend_strength": 0.2188830959163528,
        "trend_linearity": -7.702866422276531e-07,
        "seasonal_strength": 0.9508827787307026,
        "seasonal_correlation": 0.9984072679825946,
        "residual_autocorr_lag1": 0.8773150859448311,
        "spectral_entropy": -3005.9027203830883
      },
      "n_series": 1
    },
    {
      "success": true,
      "window_idx": 7,
      "dataset": "traffic",
      "metrics": {
        "trend_strength": 0.28348692735456715,
        "trend_linearity": -6.544008652923361e-07,
        "seasonal_strength": 0.9486643959869301,
        "seasonal_correlation": 0.9942258828980124,
        "residual_autocorr_lag1": 0.8234701428179083,
        "spectral_entropy": -2746.4082107531913
      },
      "n_series": 1
    },
    {
      "success": true,
      "window_idx": 8,
      "dataset": "traffic",
      "metrics": {
        "trend_strength": 0.2686283216736689,
        "trend_linearity": -8.290677723484373e-07,
        "seasonal_strength": 0.9486000733049663,
        "seasonal_correlation": 0.9932110651792319,
        "residual_autocorr_lag1": 0.7920889003778318,
        "spectral_entropy": -2707.5156566833275
      },
      "n_series": 1
    },
    {
      "success": true,
      "window_idx": 9,
      "dataset": "traffic",
      "metrics": {
        "trend_strength": 0.29744756613616075,
        "trend_linearity": 5.574392859720119e-07,
        "seasonal_strength": 0.9600927083324398,
        "seasonal_correlation": 0.9966603406113839,
        "residual_autocorr_lag1": 0.9247464826733142,
        "spectral_entropy": -2978.4274828511834
      },