{
  "success": true,
  "dir_info": {
    "dataset": "traffic",
    "method": "BM",
    "block_length": 50,
    "ratio": 0.2,
    "term": "short"
  },
  "imputation_method": "mean",
  "n_windows": 20,
  "period": 24,
  "summary": {
    "mean": {
      "trend_strength": 0.6140586721122967,
      "trend_linearity": -1.5823875534161055e-05,
      "seasonal_strength": 0.9841548356288667,
      "seasonal_correlation": 0.9388762804456311,
      "residual_autocorr_lag1": 0.19767344238839402,
      "spectral_entropy": -225.1695020357432
    },
    "std": {
      "trend_strength": 0.4164163002956023,
      "trend_linearity": 0.00011832166227608014,
      "seasonal_strength": 0.023989677493324108,
      "seasonal_correlation": 0.08045204099105807,
      "residual_autocorr_lag1": 0.26209007417255165,
      "spectral_entropy": 26.284535097044266
    },
    "min": {
      "trend_strength": 0.0,
      "trend_linearity": -0.0002508369201388897,
      "seasonal_strength": 0.907847454721082,
      "seasonal_correlation": 0.6631732960766348,
      "residual_autocorr_lag1": -0.20966221939855997,
      "spectral_entropy": -293.5074261021643
    },
    "max": {
      "trend_strength": 1.0,
      "trend_linearity": 0.00035748201268115935,
      "seasonal_strength": 1.0,
      "seasonal_correlation": 0.9996860022187468,
      "residual_autocorr_lag1": 0.6309966031362405,
      "spectral_entropy": -183.64290486652894
    }
  },
  "window_results": [
    {
      "success": true,
      "window_idx": 0,
      "dataset": "traffic",
      "metrics": {
        "trend_strength": 0.6183447834779957,
        "trend_linearity": 2.0498570454512233e-05,
        "seasonal_strength": 0.9999214792769503,
        "seasonal_correlation": 0.9996860022187468,
        "residual_autocorr_lag1": -0.0002265122565305407,
        "spectral_entropy": -229.68550870930008
      },
      "n_series": 1
    },
    {
      "success": true,
      "window_idx": 1,
      "dataset": "traffic",
      "metrics": {
        "trend_strength": 0.6078906534255883,
        "trend_linearity": 3.508887746212059e-05,
        "seasonal_strength": 0.9998430518807953,
        "seasonal_correlation": 0.9971403809091895,
        "residual_autocorr_lag1": 0.49815676626435595,
        "spectral_entropy": -212.55368155496615
      },
      "n_series": 1
    },
    {
      "success": true,
      "window_idx": 10,
      "dataset": "traffic",
      "metrics": {
        "trend_strength": 0.16361841522791343,
        "trend_linearity": 1.573368478260824e-05,
        "seasonal_strength": 0.9825336319754726,
        "seasonal_correlation": 0.9562646764530119,
        "residual_autocorr_lag1": -0.021719858156027557,
        "spectral_entropy": -214.0780283486986
      },
      "n_series": 1
    },
    {
      "success": true,
      "window_idx": 11,
      "dataset": "traffic",
      "metrics": {
        "trend_strength": 1.0,
        "trend_linearity": -1.8997137152777804e-05,
        "seasonal_strength": 1.0,
        "seasonal_correlation": 0.9715748013894382,
        "residual_autocorr_lag1": 0.272984226781381,
        "spectral_entropy": -222.95417578068248
      },
      "n_series": 1
    },
    {
      "success": true,
      "window_idx": 12,
      "dataset": "traffic",
      "metrics": {
        "trend_strength": 0.7284645515993404,
        "trend_linearity": -5.566443611261337e-05,
        "seasonal_strength": 0.971075918618314,
        "seasonal_correlation": 0.9802294503821416,
        "residual_autocorr_lag1": 0.6086166424196068,
        "spectral_entropy": -231.9342570690287
      },
      "n_series": 1
    },
    {
      "success": true,
      "window_idx": 13,
      "dataset": "traffic",
      "metrics": {
        "trend_strength": 0.0,
        "trend_linearity": 2.5048361742295862e-05,
        "seasonal_strength": 0.9491219594032233,
        "seasonal_correlation": 0.8911742370285292,
        "residual_autocorr_lag1": -0.02030056382251342,
        "spectral_entropy": -223.82459743461965
      },
      "n_series": 1
    },
    {
      "success": true,
      "window_idx": 14,
      "dataset": "traffic",
      "metrics": {
        "trend_strength": 0.3042295687257439,
        "trend_linearity": -1.4463833826332547e-05,
        "seasonal_strength": 0.9951988622737316,
        "seasonal_correlation": 0.9905816239473763,
        "residual_autocorr_lag1": -0.029170990371284556,
        "spectral_entropy": -236.6790815847808
      },
      "n_series": 1
    },
    {
      "success": true,
      "window_idx": 15,
      "dataset": "traffic",
      "metrics": {
        "trend_strength": 0.9472141375765574,
        "trend_linearity": -4.09734090909096e-05,
        "seasonal_strength": 0.9984233209688853,
        "seasonal_correlation": 0.9922811133316696,
        "residual_autocorr_lag1": -0.0010587134822317764,
        "spectral_entropy": -244.08262838192732
      },
      "n_series": 1
    },
    {
      "success": true,
      "window_idx": 16,
      "dataset": "traffic",
      "metrics": {
        "trend_strength": 1.0,
        "trend_linearity": -4.481653298611147e-05,
        "seasonal_strength": 1.0,
        "seasonal_correlation": 0.9416890364140297,
        "residual_autocorr_lag1": 0.2042883211678832,
        "spectral_entropy": -226.5166760592755
      },
      "n_series": 1
    },
    {
      "success": true,
      "window_idx": 17,
      "dataset": "traffic",
      "metrics": {
        "trend_strength": 1.0,
        "trend_linearity": -2.5817682291666467e-05,
        "seasonal_strength": 1.0,
        "seasonal_correlation": 0.9410282416977683,
        "residual_autocorr_lag1": 0.5529360620652757,
        "spectral_entropy": -256.4862829551374
      },
      "n_series": 1
    },
    {
      "success": true,
      "window_idx": 18,
      "dataset": "traffic",
      "metrics": {
        "trend_strength": 1.0,
        "trend_linearity": -5.604633680556306e-06,
        "seasonal_strength": 1.0,
        "seasonal_correlation": 0.959477476757055,
        "residual_autocorr_lag1": 0.5614561382970421,
        "spectral_entropy": -264.5739090053744
      },
      "n_series": 1
    },
    {
      "success": true,
      "window_idx": 19,
      "dataset": "traffic",
      "metrics": {
        "trend_strength": 0.0,
        "trend_linearity": -8.568872273975787e-07,
        "seasonal_strength": 0.9917486083015301,
        "seasonal_correlation": 0.7754319820523875,
        "residual_autocorr_lag1": -0.021719858156085535,
        "spectral_entropy": -293.5074261021643
      },
      "n_series": 1
    },
    {
      "success": true,
      "window_idx": 2,
      "dataset": "traffic",
      "metrics": {
        "trend_strength": 0.9343073928013915,
        "trend_linearity": -0.0001702218321564006,
        "seasonal_strength": 0.9984234777492429,
        "seasonal_correlation": 0.995406873770539,
        "residual_autocorr_lag1": -0.004191409348264057,
        "spectral_entropy": -187.86078382952434
      },
      "n_series": 1
    },
    {
      "success": true,
      "window_idx": 3,
      "dataset": "traffic",
      "metrics": {
        "trend_strength": 1.0,
        "trend_linearity": 5.428084704861101e-05,
        "seasonal_strength": 1.0,
        "seasonal_correlation": 0.99961296363504,
        "residual_autocorr_lag1": -0.20966221939855997,
        "spectral_entropy": -233.58848942268918
      },
      "n_series": 1
    },
    {
      "success": true,
      "window_idx": 4,
      "dataset": "traffic",
      "metrics": {
        "trend_strength": 1.0,
        "trend_linearity": -0.0002508369201388897,
        "seasonal_strength": 1.0,
        "seasonal_correlation": 0.9543527952121829,
        "residual_autocorr_lag1": 0.32133061015076175,
        "spectral_entropy": -183.64290486652894
      },
      "n_series": 1
    },
    {
      "success": true,
      "window_idx": 5,
      "dataset": "traffic",
      "metrics": {
        "trend_strength": 0.06426890317652845,
        "trend_linearity": -0.0002031129909782973,