{
  "success": true,
  "dir_info": {
    "dataset": "traffic",
    "method": "BM",
    "block_length": 50,
    "ratio": 0.3,
    "term": "medium"
  },
  "imputation_method": "backward",
  "n_windows": 20,
  "period": 24,
  "summary": {
    "mean": {
      "trend_strength": 0.5405231284235901,
      "trend_linearity": -2.6387849761401824e-06,
      "seasonal_strength": 0.7494736348104559,
      "seasonal_correlation": 0.873952995274791,
      "residual_autocorr_lag1": 0.8669011893805696,
      "spectral_entropy": -2008.3001610404685
    },
    "std": {
      "trend_strength": 0.3451303413483833,
      "trend_linearity": 1.3503152057246964e-05,
      "seasonal_strength": 0.33275523349122327,
      "seasonal_correlation": 0.24109839862426943,
      "residual_autocorr_lag1": 0.04669915418688739,
      "spectral_entropy": 219.45553603209152
    },
    "min": {
      "trend_strength": 0.14495201359088927,
      "trend_linearity": -3.7694382730734585e-05,
      "seasonal_strength": 0.0,
      "seasonal_correlation": 0.1412871002082419,
      "residual_autocorr_lag1": 0.7753232771415448,
      "spectral_entropy": -2555.1205202202054
    },
    "max": {
      "trend_strength": 0.9991991603524413,
      "trend_linearity": 2.592245273001367e-05,
      "seasonal_strength": 0.9801288145777887,
      "seasonal_correlation": 0.9982970221747266,
      "residual_autocorr_lag1": 0.9545512207628332,
      "spectral_entropy": -1580.9882495654865
    }
  },
  "window_results": [
    {
      "success": true,
      "window_idx": 0,
      "dataset": "traffic",
      "metrics": {
        "trend_strength": 0.4604919698233292,
        "trend_linearity": -5.323917354295707e-07,
        "seasonal_strength": 0.9801288145777887,
        "seasonal_correlation": 0.9947025041897094,
        "residual_autocorr_lag1": 0.8374127995977005,
        "spectral_entropy": -2262.3372039771543
      },
      "n_series": 1
    },
    {
      "success": true,
      "window_idx": 1,
      "dataset": "traffic",
      "metrics": {
        "trend_strength": 0.26919183346088693,
        "trend_linearity": -6.566572277530137e-06,
        "seasonal_strength": 0.9482925136109447,
        "seasonal_correlation": 0.996076432207231,
        "residual_autocorr_lag1": 0.8681254333663354,
        "spectral_entropy": -2105.2801267422246
      },
      "n_series": 1
    },
    {
      "success": true,
      "window_idx": 10,
      "dataset": "traffic",
      "metrics": {
        "trend_strength": 0.20321850374409078,
        "trend_linearity": -2.5414283916722135e-06,
        "seasonal_strength": 0.9511770493104182,
        "seasonal_correlation": 0.9948360544417811,
        "residual_autocorr_lag1": 0.8228506808382835,
        "spectral_entropy": -2031.6254539436254
      },
      "n_series": 1
    },
    {
      "success": true,
      "window_idx": 11,
      "dataset": "traffic",
      "metrics": {
        "trend_strength": 0.5664840721787532,
        "trend_linearity": 3.160946515969273e-06,
        "seasonal_strength": 0.9749471560376151,
        "seasonal_correlation": 0.9927563254285432,
        "residual_autocorr_lag1": 0.9066564348255021,
        "spectral_entropy": -2047.3481602599338
      },
      "n_series": 1
    },
    {
      "success": true,
      "window_idx": 12,
      "dataset": "traffic",
      "metrics": {
        "trend_strength": 0.4861730974873213,
        "trend_linearity": -7.127012061881156e-06,
        "seasonal_strength": 0.942337296759239,
        "seasonal_correlation": 0.9954986300523034,
        "residual_autocorr_lag1": 0.9545512207628332,
        "spectral_entropy": -2157.180290816217
      },
      "n_series": 1
    },
    {
      "success": true,
      "window_idx": 13,
      "dataset": "traffic",
      "metrics": {
        "trend_strength": 0.9639460290718467,
        "trend_linearity": 1.8964365008248365e-05,
        "seasonal_strength": 0.8693986677376695,
        "seasonal_correlation": 0.966466123607992,
        "residual_autocorr_lag1": 0.7753232771415448,
        "spectral_entropy": -1604.4092906245155
      },
      "n_series": 1
    },
    {
      "success": true,
      "window_idx": 14,
      "dataset": "traffic",
      "metrics": {
        "trend_strength": 0.9952331458132465,
        "trend_linearity": 5.686512067498205e-06,
        "seasonal_strength": 0.5943767259049353,
        "seasonal_correlation": 0.919667727729723,
        "residual_autocorr_lag1": 0.9293912715218577,
        "spectral_entropy": -1766.185604542645
      },
      "n_series": 1
    },
    {
      "success": true,
      "window_idx": 15,
      "dataset": "traffic",
      "metrics": {
        "trend_strength": 0.9963554871147877,
        "trend_linearity": -1.2601615021720255e-05,
        "seasonal_strength": 0.6790746223259976,
        "seasonal_correlation": 0.9631471247915668,
        "residual_autocorr_lag1": 0.9396792823589177,
        "spectral_entropy": -2209.4305541434223
      },
      "n_series": 1
    },
    {
      "success": true,
      "window_idx": 16,
      "dataset": "traffic",
      "metrics": {
        "trend_strength": 0.995522962990876,
        "trend_linearity": -3.7694382730734585e-05,
        "seasonal_strength": 0.0,
        "seasonal_correlation": 0.5803836287843386,
        "residual_autocorr_lag1": 0.8856331279973249,
        "spectral_entropy": -1580.9882495654865
      },
      "n_series": 1
    },
    {
      "success": true,
      "window_idx": 17,
      "dataset": "traffic",
      "metrics": {
        "trend_strength": 0.9979974493149117,
        "trend_linearity": -2.4789334878531256e-05,
        "seasonal_strength": 0.26444607152270605,
        "seasonal_correlation": 0.6012640711719768,
        "residual_autocorr_lag1": 0.7980577779784896,
        "spectral_entropy": -1857.7152212091214
      },
      "n_series": 1
    },
    {
      "success": true,
      "window_idx": 18,
      "dataset": "traffic",
      "metrics": {
        "trend_strength": 0.9920759839864506,
        "trend_linearity": -1.455892398909714e-05,
        "seasonal_strength": 0.1111810074155799,
        "seasonal_correlation": 0.1412871002082419,
        "residual_autocorr_lag1": 0.8597122790771107,
        "spectral_entropy": -2555.1205202202054
      },
      "n_series": 1
    },
    {
      "success": true,
      "window_idx": 19,
      "dataset": "traffic",
      "metrics": {
        "trend_strength": 0.9991991603524413,
        "trend_linearity": 2.592245273001367e-05,
        "seasonal_strength": 0.09299628312767394,
        "seasonal_correlation": 0.36866584189119755,
        "residual_autocorr_lag1": 0.9112931242690129,
        "spectral_entropy": -1778.895771295306
      },
      "n_series": 1
    },
    {
      "success": true,
      "window_idx": 2,
      "dataset": "traffic",
      "metrics": {
        "trend_strength": 0.14495201359088927,
        "trend_linearity": 1.8976253688439988e-06,
        "seasonal_strength": 0.9528218232707198,
        "seasonal_correlation": 0.9982970221747266,
        "residual_autocorr_lag1": 0.8816225490216977,
        "spectral_entropy": -2150.4056414076103
      },
      "n_series": 1
    },
    {
      "success": true,
      "window_idx": 3,
      "dataset": "traffic",
      "metrics": {
        "trend_strength": 0.2627494746595155,
        "trend_linearity": 5.637490322312475e-07,
        "seasonal_strength": 0.946202861197039,
        "seasonal_correlation": 0.9962206730565843,
        "residual_autocorr_lag1": 0.8619793401342156,
        "spectral_entropy": -2076.035232128389
      },
      "n_series": 1
    },
    {
      "success": true,
      "window_idx": 4,
      "dataset": "traffic",
      "metrics": {
        "trend_strength": 0.30700678085378985,
        "trend_linearity": -1.0207063454667899e-05,
        "seasonal_strength": 0.9505456797825018,
        "seasonal_correlation": 0.9906466655202313,
        "residual_autocorr_lag1": 0.8636838029722235,
        "spectral_entropy": -2066.157309736182
      },