{
  "success": true,
  "dir_info": {
    "dataset": "traffic",
    "method": "BM",
    "block_length": 50,
    "ratio": 0.1,
    "term": "long"
  },
  "imputation_method": "backward",
  "n_windows": 15,
  "period": 24,
  "summary": {
    "mean": {
      "trend_strength": 0.3769289401382964,
      "trend_linearity": -9.766747872940801e-07,
      "seasonal_strength": 0.9539142408428571,
      "seasonal_correlation": 0.9942260874697767,
      "residual_autocorr_lag1": 0.8628030830770118,
      "spectral_entropy": -2872.638779440137
    },
    "std": {
      "trend_strength": 0.21037301912376546,
      "trend_linearity": 3.39120358018796e-06,
      "seasonal_strength": 0.008876702363066093,
      "seasonal_correlation": 0.0038390571199360037,
      "residual_autocorr_lag1": 0.04766260416676854,
      "spectral_entropy": 189.66780823921238
    },
    "min": {
      "trend_strength": 0.17934685189788924,
      "trend_linearity": -9.552587069410284e-06,
      "seasonal_strength": 0.9387218519520866,
      "seasonal_correlation": 0.9855851370298089,
      "residual_autocorr_lag1": 0.7781800242448826,
      "spectral_entropy": -3152.8230777476065
    },
    "max": {
      "trend_strength": 0.9864225734996064,
      "trend_linearity": 5.887455193290779e-06,
      "seasonal_strength": 0.9721037338807765,
      "seasonal_correlation": 0.998600125694547,
      "residual_autocorr_lag1": 0.935136466828067,
      "spectral_entropy": -2335.0424785009336
    }
  },
  "window_results": [
    {
      "success": true,
      "window_idx": 0,
      "dataset": "traffic",
      "metrics": {
        "trend_strength": 0.32656663386687457,
        "trend_linearity": 5.777280838322846e-07,
        "seasonal_strength": 0.9537074959097673,
        "seasonal_correlation": 0.9911461346509778,
        "residual_autocorr_lag1": 0.8415108352026565,
        "spectral_entropy": -2967.027777809072
      },
      "n_series": 1
    },
    {
      "success": true,
      "window_idx": 1,
      "dataset": "traffic",
      "metrics": {
        "trend_strength": 0.3700257792724313,
        "trend_linearity": 2.853630662838266e-06,
        "seasonal_strength": 0.9635625309838712,
        "seasonal_correlation": 0.9938590727457385,
        "residual_autocorr_lag1": 0.8010144420528298,
        "spectral_entropy": -3017.254824643539
      },
      "n_series": 1
    },
    {
      "success": true,
      "window_idx": 10,
      "dataset": "traffic",
      "metrics": {
        "trend_strength": 0.36158969161934973,
        "trend_linearity": -2.3730506737961325e-06,
        "seasonal_strength": 0.9527066722071356,
        "seasonal_correlation": 0.998600125694547,
        "residual_autocorr_lag1": 0.9050338554568127,
        "spectral_entropy": -2885.9427502506396
      },
      "n_series": 1
    },
    {
      "success": true,
      "window_idx": 11,
      "dataset": "traffic",
      "metrics": {
        "trend_strength": 0.36747421450639395,
        "trend_linearity": -9.552587069410284e-06,
        "seasonal_strength": 0.9397339890373094,
        "seasonal_correlation": 0.9867593314469155,
        "residual_autocorr_lag1": 0.8968213110943664,
        "spectral_entropy": -2836.2882694017553
      },
      "n_series": 1
    },
    {
      "success": true,
      "window_idx": 12,
      "dataset": "traffic",
      "metrics": {
        "trend_strength": 0.18439806143824644,
        "trend_linearity": -3.244580354569828e-06,
        "seasonal_strength": 0.9387218519520866,
        "seasonal_correlation": 0.9975598752677293,
        "residual_autocorr_lag1": 0.8967525385864115,
        "spectral_entropy": -2794.892909493342
      },
      "n_series": 1
    },
    {
      "success": true,
      "window_idx": 13,
      "dataset": "traffic",
      "metrics": {
        "trend_strength": 0.7239851318332139,
        "trend_linearity": 5.887455193290779e-06,
        "seasonal_strength": 0.954240925003554,
        "seasonal_correlation": 0.9953411609253023,
        "residual_autocorr_lag1": 0.935136466828067,
        "spectral_entropy": -2335.0424785009336
      },
      "n_series": 1
    },
    {
      "success": true,
      "window_idx": 14,
      "dataset": "traffic",
      "metrics": {
        "trend_strength": 0.9864225734996064,
        "trend_linearity": 1.6666351805073196e-06,
        "seasonal_strength": 0.9560352638161698,
        "seasonal_correlation": 0.9855851370298089,
        "residual_autocorr_lag1": 0.7932296218128433,
        "spectral_entropy": -2734.6169700278956
      },
      "n_series": 1
    },
    {
      "success": true,
      "window_idx": 2,
      "dataset": "traffic",
      "metrics": {
        "trend_strength": 0.3103057586807776,
        "trend_linearity": -1.6768466514741037e-06,
        "seasonal_strength": 0.9599332588431271,
        "seasonal_correlation": 0.9960174310221367,
        "residual_autocorr_lag1": 0.8384018244085174,
        "spectral_entropy": -3040.3976397150755
      },
      "n_series": 1
    },
    {
      "success": true,
      "window_idx": 3,
      "dataset": "traffic",
      "metrics": {
        "trend_strength": 0.17934685189788924,
        "trend_linearity": 8.736020785865278e-07,
        "seasonal_strength": 0.9610621409300447,
        "seasonal_correlation": 0.9960902573232031,
        "residual_autocorr_lag1": 0.875707330311804,
        "spectral_entropy": -2956.387132683345
      },
      "n_series": 1
    },
    {
      "success": true,
      "window_idx": 4,
      "dataset": "traffic",
      "metrics": {
        "trend_strength": 0.5147393643775089,
        "trend_linearity": -3.2215337576204253e-06,
        "seasonal_strength": 0.9721037338807765,
        "seasonal_correlation": 0.9930121663138645,
        "residual_autocorr_lag1": 0.900068453997848,
        "spectral_entropy": -3152.8230777476065
      },
      "n_series": 1
    },
    {
      "success": true,
      "window_idx": 5,
      "dataset": "traffic",
      "metrics": {
        "trend_strength": 0.29352846299860447,
        "trend_linearity": -4.122032477433426e-06,
        "seasonal_strength": 0.9506063193939243,
        "seasonal_correlation": 0.9982108436070197,
        "residual_autocorr_lag1": 0.8671036613611746,
        "spectral_entropy": -2955.2375294176186
      },
      "n_series": 1
    },
    {
      "success": true,
      "window_idx": 6,
      "dataset": "traffic",
      "metrics": {
        "trend_strength": 0.21426816365313428,
        "trend_linearity": -1.1050683613857815e-06,
        "seasonal_strength": 0.9505110719180633,
        "seasonal_correlation": 0.9981270794996723,
        "residual_autocorr_lag1": 0.8775317064088622,
        "spectral_entropy": -3004.8950169342343
      },
      "n_series": 1
    },
    {
      "success": true,
      "window_idx": 7,
      "dataset": "traffic",
      "metrics": {
        "trend_strength": 0.24687971948251808,
        "trend_linearity": -1.0248421022117072e-06,
        "seasonal_strength": 0.9458008658596874,
        "seasonal_correlation": 0.9940033931683955,
        "residual_autocorr_lag1": 0.8128124921786283,
        "spectral_entropy": -2729.2104971187027
      },
      "n_series": 1
    },
    {
      "success": true,
      "window_idx": 8,
      "dataset": "traffic",
      "metrics": {
        "trend_strength": 0.2481706654771365,
        "trend_linearity": -4.4876269581210675e-07,
        "seasonal_strength": 0.9465677927885178,
        "seasonal_correlation": 0.9922983941625829,
        "residual_autocorr_lag1": 0.7781800242448826,
        "spectral_entropy": -2710.404247246311
      },
      "n_series": 1
    },
    {
      "success": true,
      "window_idx": 9,
      "dataset": "traffic",
      "metrics": {
        "trend_strength": 0.3262330294707614,
        "trend_linearity": 2.601311352474188e-07,
        "seasonal_strength": 0.9634197001188191,
        "seasonal_correlation": 0.9967809091887566,
        "residual_autocorr_lag1": 0.9227416822094769,
        "spectral_entropy": -2969.1605706119904
      },