{
  "success": true,
  "dir_info": {
    "dataset": "traffic",
    "method": "BM",
    "block_length": 50,
    "ratio": 0.3,
    "term": "long"
  },
  "imputation_method": "forward",
  "n_windows": 15,
  "period": 24,
  "summary": {
    "mean": {
      "trend_strength": 0.5804636236375603,
      "trend_linearity": 8.472835997530042e-07,
      "seasonal_strength": 0.7432554388597156,
      "seasonal_correlation": 0.8499079303967628,
      "residual_autocorr_lag1": 0.8230412679609409,
      "spectral_entropy": -2950.0206564795512
    },
    "std": {
      "trend_strength": 0.323677643500092,
      "trend_linearity": 1.1006087978929244e-05,
      "seasonal_strength": 0.3573015742965717,
      "seasonal_correlation": 0.27581468644558077,
      "residual_autocorr_lag1": 0.05161679731804329,
      "spectral_entropy": 223.93190737321393
    },
    "min": {
      "trend_strength": 0.18140052499519554,
      "trend_linearity": -2.0422444615041628e-05,
      "seasonal_strength": 0.05489337639144731,
      "seasonal_correlation": 0.10038085018163279,
      "residual_autocorr_lag1": 0.7313622497874512,
      "spectral_entropy": -3317.6994260584397
    },
    "max": {
      "trend_strength": 0.998798957655245,
      "trend_linearity": 3.0088903841459478e-05,
      "seasonal_strength": 0.9903647039570465,
      "seasonal_correlation": 0.9984341994577437,
      "residual_autocorr_lag1": 0.8895077863390013,
      "spectral_entropy": -2527.173831573965
    }
  },
  "window_results": [
    {
      "success": true,
      "window_idx": 0,
      "dataset": "traffic",
      "metrics": {
        "trend_strength": 0.3288719107840664,
        "trend_linearity": 1.9494527085013087e-07,
        "seasonal_strength": 0.9546602836800376,
        "seasonal_correlation": 0.9912954029774347,
        "residual_autocorr_lag1": 0.8391860352311018,
        "spectral_entropy": -2971.6723349741096
      },
      "n_series": 1
    },
    {
      "success": true,
      "window_idx": 1,
      "dataset": "traffic",
      "metrics": {
        "trend_strength": 0.3580070440148,
        "trend_linearity": 2.3760980807723566e-06,
        "seasonal_strength": 0.9619065816431605,
        "seasonal_correlation": 0.9937790761419051,
        "residual_autocorr_lag1": 0.7313622497874512,
        "spectral_entropy": -2998.3384082798007
      },
      "n_series": 1
    },
    {
      "success": true,
      "window_idx": 10,
      "dataset": "traffic",
      "metrics": {
        "trend_strength": 0.9961743558483777,
        "trend_linearity": -3.242048107338843e-06,
        "seasonal_strength": 0.97994581239433,
        "seasonal_correlation": 0.9945086073644472,
        "residual_autocorr_lag1": 0.7547656174134938,
        "spectral_entropy": -3168.831553408338
      },
      "n_series": 1
    },
    {
      "success": true,
      "window_idx": 11,
      "dataset": "traffic",
      "metrics": {
        "trend_strength": 0.9963774740259712,
        "trend_linearity": -2.0422444615041628e-05,
        "seasonal_strength": 0.2511266495712656,
        "seasonal_correlation": 0.7583253804248914,
        "residual_autocorr_lag1": 0.7752173483326839,
        "spectral_entropy": -2650.4695707659607
      },
      "n_series": 1
    },
    {
      "success": true,
      "window_idx": 12,
      "dataset": "traffic",
      "metrics": {
        "trend_strength": 0.9949899344587171,
        "trend_linearity": -9.079606051545844e-07,
        "seasonal_strength": 0.2115646643210769,
        "seasonal_correlation": 0.651931282148282,
        "residual_autocorr_lag1": 0.81565784659216,
        "spectral_entropy": -3317.6994260584397
      },
      "n_series": 1
    },
    {
      "success": true,
      "window_idx": 13,
      "dataset": "traffic",
      "metrics": {
        "trend_strength": 0.998798957655245,
        "trend_linearity": 3.0088903841459478e-05,
        "seasonal_strength": 0.05489337639144731,
        "seasonal_correlation": 0.300213592893391,
        "residual_autocorr_lag1": 0.8372265686414239,
        "spectral_entropy": -2527.173831573965
      },
      "n_series": 1
    },
    {
      "success": true,
      "window_idx": 14,
      "dataset": "traffic",
      "metrics": {
        "trend_strength": 0.9987716470089796,
        "trend_linearity": 1.8890827168732113e-05,
        "seasonal_strength": 0.10272505988029945,
        "seasonal_correlation": 0.10038085018163279,
        "residual_autocorr_lag1": 0.7491182747789749,
        "spectral_entropy": -3264.157793320468
      },
      "n_series": 1
    },
    {
      "success": true,
      "window_idx": 2,
      "dataset": "traffic",
      "metrics": {
        "trend_strength": 0.3709438966943852,
        "trend_linearity": -2.5594604127195284e-06,
        "seasonal_strength": 0.9433755328748957,
        "seasonal_correlation": 0.995824175064026,
        "residual_autocorr_lag1": 0.8895077863390013,
        "spectral_entropy": -3042.640005475454
      },
      "n_series": 1
    },
    {
      "success": true,
      "window_idx": 3,
      "dataset": "traffic",
      "metrics": {
        "trend_strength": 0.2574822508173734,
        "trend_linearity": -3.162867375784203e-06,
        "seasonal_strength": 0.9642920747548471,
        "seasonal_correlation": 0.994729017713305,
        "residual_autocorr_lag1": 0.876775532065898,
        "spectral_entropy": -3033.8318971341523
      },
      "n_series": 1
    },
    {
      "success": true,
      "window_idx": 4,
      "dataset": "traffic",
      "metrics": {
        "trend_strength": 0.5016097319305738,
        "trend_linearity": -6.641299485587465e-06,
        "seasonal_strength": 0.9605504915997356,
        "seasonal_correlation": 0.9899903452020923,
        "residual_autocorr_lag1": 0.8709650144304099,
        "spectral_entropy": -2894.7448645564837
      },
      "n_series": 1
    },
    {
      "success": true,
      "window_idx": 5,
      "dataset": "traffic",
      "metrics": {
        "trend_strength": 0.25291699782336907,
        "trend_linearity": -1.0988687640083807e-06,
        "seasonal_strength": 0.9465542030522996,
        "seasonal_correlation": 0.9982776357700694,
        "residual_autocorr_lag1": 0.8623496179015281,
        "spectral_entropy": -2875.5179048702985
      },
      "n_series": 1
    },
    {
      "success": true,
      "window_idx": 6,
      "dataset": "traffic",
      "metrics": {
        "trend_strength": 0.18140052499519554,
        "trend_linearity": -1.0729642476074778e-06,
        "seasonal_strength": 0.9470097416921185,
        "seasonal_correlation": 0.9980954832019632,
        "residual_autocorr_lag1": 0.8704954754238324,
        "spectral_entropy": -2963.7951122065683
      },
      "n_series": 1
    },
    {
      "success": true,
      "window_idx": 7,
      "dataset": "traffic",
      "metrics": {
        "trend_strength": 0.26691969865757326,
        "trend_linearity": 1.5672550901661817e-06,
        "seasonal_strength": 0.9353513903900156,
        "seasonal_correlation": 0.9912544834845045,
        "residual_autocorr_lag1": 0.7951672365051156,
        "spectral_entropy": -2661.8060325324213
      },
      "n_series": 1
    },
    {
      "success": true,
      "window_idx": 8,
      "dataset": "traffic",
      "metrics": {
        "trend_strength": 0.41355079499643055,
        "trend_linearity": -6.35807873632763e-06,
        "seasonal_strength": 0.9445110166931561,
        "seasonal_correlation": 0.9915794239257535,
        "residual_autocorr_lag1": 0.7944710429560062,
        "spectral_entropy": -2726.0091771868856
      },
      "n_series": 1
    },
    {
      "success": true,
      "window_idx": 9,
      "dataset": "traffic",
      "metrics": {
        "trend_strength": 0.7901391348523455,
        "trend_linearity": 5.057216893884543e-06,
        "seasonal_strength": 0.9903647039570465,
        "seasonal_correlation": 0.9984341994577437,
        "residual_autocorr_lag1": 0.8833533730150337,
        "spectral_entropy": -3153.6219348499285
      },