{
  "success": true,
  "dir_info": {
    "dataset": "traffic",
    "method": "BM",
    "block_length": 50,
    "ratio": 0.2,
    "term": "medium"
  },
  "imputation_method": "linear",
  "n_windows": 20,
  "period": 24,
  "summary": {
    "mean": {
      "trend_strength": 0.4543244219899491,
      "trend_linearity": -2.270691684958526e-06,
      "seasonal_strength": 0.8751508411988134,
      "seasonal_correlation": 0.9590969002737972,
      "residual_autocorr_lag1": 0.8658828255383133,
      "spectral_entropy": -2004.177601038528
    },
    "std": {
      "trend_strength": 0.30996880470678834,
      "trend_linearity": 1.3280256590576584e-05,
      "seasonal_strength": 0.23299540401257257,
      "seasonal_correlation": 0.11733309484968266,
      "residual_autocorr_lag1": 0.025113189632463888,
      "spectral_entropy": 261.64577896361055
    },
    "min": {
      "trend_strength": 0.1456310604108123,
      "trend_linearity": -4.7421839597073606e-05,
      "seasonal_strength": 0.02109968447905386,
      "seasonal_correlation": 0.4715608072273323,
      "residual_autocorr_lag1": 0.8023896579611115,
      "spectral_entropy": -2780.4497358381686
    },
    "max": {
      "trend_strength": 0.9991314747094191,
      "trend_linearity": 2.2590712880340194e-05,
      "seasonal_strength": 0.9867169521137946,
      "seasonal_correlation": 0.9983447102720904,
      "residual_autocorr_lag1": 0.9071426026010058,
      "spectral_entropy": -1516.1304810351364
    }
  },
  "window_results": [
    {
      "success": true,
      "window_idx": 0,
      "dataset": "traffic",
      "metrics": {
        "trend_strength": 0.46640205405472746,
        "trend_linearity": -1.0820171866946734e-06,
        "seasonal_strength": 0.9814522757591587,
        "seasonal_correlation": 0.9943375321008103,
        "residual_autocorr_lag1": 0.8320632450708135,
        "spectral_entropy": -2276.787558735682
      },
      "n_series": 1
    },
    {
      "success": true,
      "window_idx": 1,
      "dataset": "traffic",
      "metrics": {
        "trend_strength": 0.2781092125875835,
        "trend_linearity": -6.217809149046829e-06,
        "seasonal_strength": 0.9490114030467997,
        "seasonal_correlation": 0.9960158193898615,
        "residual_autocorr_lag1": 0.8519586012676762,
        "spectral_entropy": -2095.4979648988005
      },
      "n_series": 1
    },
    {
      "success": true,
      "window_idx": 10,
      "dataset": "traffic",
      "metrics": {
        "trend_strength": 0.28517273408923194,
        "trend_linearity": -1.7543201114661221e-06,
        "seasonal_strength": 0.9583511969447857,
        "seasonal_correlation": 0.9973469921388352,
        "residual_autocorr_lag1": 0.841644134998882,
        "spectral_entropy": -2106.6295291023307
      },
      "n_series": 1
    },
    {
      "success": true,
      "window_idx": 11,
      "dataset": "traffic",
      "metrics": {
        "trend_strength": 0.5817069642160655,
        "trend_linearity": -6.285877195652094e-06,
        "seasonal_strength": 0.9725114640916351,
        "seasonal_correlation": 0.9886251841501927,
        "residual_autocorr_lag1": 0.8932963974662604,
        "spectral_entropy": -2070.8752006905224
      },
      "n_series": 1
    },
    {
      "success": true,
      "window_idx": 12,
      "dataset": "traffic",
      "metrics": {
        "trend_strength": 0.3046923196474298,
        "trend_linearity": 1.2440294501468818e-07,
        "seasonal_strength": 0.9546192752059786,
        "seasonal_correlation": 0.996797217411283,
        "residual_autocorr_lag1": 0.8998258039705989,
        "spectral_entropy": -2081.5648620053303
      },
      "n_series": 1
    },
    {
      "success": true,
      "window_idx": 13,
      "dataset": "traffic",
      "metrics": {
        "trend_strength": 0.270403782695282,
        "trend_linearity": 5.57622590656396e-06,
        "seasonal_strength": 0.947939549773143,
        "seasonal_correlation": 0.996655214610084,
        "residual_autocorr_lag1": 0.8501306297042398,
        "spectral_entropy": -2037.0389731036148
      },
      "n_series": 1
    },
    {
      "success": true,
      "window_idx": 14,
      "dataset": "traffic",
      "metrics": {
        "trend_strength": 0.21496777200839434,
        "trend_linearity": 6.565304506955705e-06,
        "seasonal_strength": 0.9466981959378975,
        "seasonal_correlation": 0.9938986991580602,
        "residual_autocorr_lag1": 0.9071426026010058,
        "spectral_entropy": -1954.7804062922814
      },
      "n_series": 1
    },
    {
      "success": true,
      "window_idx": 15,
      "dataset": "traffic",
      "metrics": {
        "trend_strength": 0.8310798604161758,
        "trend_linearity": -5.640356382459851e-06,
        "seasonal_strength": 0.9867169521137946,
        "seasonal_correlation": 0.9934731972844298,
        "residual_autocorr_lag1": 0.8596195727021667,
        "spectral_entropy": -1687.0508273945345
      },
      "n_series": 1
    },
    {
      "success": true,
      "window_idx": 16,
      "dataset": "traffic",
      "metrics": {
        "trend_strength": 0.9976939006560467,
        "trend_linearity": -2.0157860714533965e-05,
        "seasonal_strength": 0.9489351984635794,
        "seasonal_correlation": 0.9822471718799325,
        "residual_autocorr_lag1": 0.8802805801829467,
        "spectral_entropy": -1734.531423257092
      },
      "n_series": 1
    },
    {
      "success": true,
      "window_idx": 17,
      "dataset": "traffic",
      "metrics": {
        "trend_strength": 0.9991314747094191,
        "trend_linearity": -4.7421839597073606e-05,
        "seasonal_strength": 0.8784678129401521,
        "seasonal_correlation": 0.9750337968812696,
        "residual_autocorr_lag1": 0.858120089805865,
        "spectral_entropy": -1516.1304810351364
      },
      "n_series": 1
    },
    {
      "success": true,
      "window_idx": 18,
      "dataset": "traffic",
      "metrics": {
        "trend_strength": 0.996215955811951,
        "trend_linearity": 8.246621143379738e-06,
        "seasonal_strength": 0.3784607057740743,
        "seasonal_correlation": 0.8323642261968278,
        "residual_autocorr_lag1": 0.864120034874217,
        "spectral_entropy": -2780.4497358381686
      },
      "n_series": 1
    },
    {
      "success": true,
      "window_idx": 19,
      "dataset": "traffic",
      "metrics": {
        "trend_strength": 0.9984887737457014,
        "trend_linearity": 2.2590712880340194e-05,
        "seasonal_strength": 0.02109968447905386,
        "seasonal_correlation": 0.4715608072273323,
        "residual_autocorr_lag1": 0.8953210441745257,
        "spectral_entropy": -1560.951923141843
      },
      "n_series": 1
    },
    {
      "success": true,
      "window_idx": 2,
      "dataset": "traffic",
      "metrics": {
        "trend_strength": 0.1456310604108123,
        "trend_linearity": 2.12934828274516e-06,
        "seasonal_strength": 0.9516932649340919,
        "seasonal_correlation": 0.9983447102720904,
        "residual_autocorr_lag1": 0.8853228291484502,
        "spectral_entropy": -2150.3266711136375
      },
      "n_series": 1
    },
    {
      "success": true,
      "window_idx": 3,
      "dataset": "traffic",
      "metrics": {
        "trend_strength": 0.2516310411763868,
        "trend_linearity": 9.003766490547109e-07,
        "seasonal_strength": 0.9461610391505372,
        "seasonal_correlation": 0.9956118131611091,
        "residual_autocorr_lag1": 0.8625863670034012,
        "spectral_entropy": -2068.809183846709
      },
      "n_series": 1
    },
    {
      "success": true,
      "window_idx": 4,
      "dataset": "traffic",
      "metrics": {
        "trend_strength": 0.31599391710346325,
        "trend_linearity": -1.0482987811052354e-05,
        "seasonal_strength": 0.9503851568078655,
        "seasonal_correlation": 0.9904644352515166,
        "residual_autocorr_lag1": 0.8745771019670358,
        "spectral_entropy": -2054.768231520583
      },