{
  "success": true,
  "dir_info": {
    "dataset": "weather",
    "method": "BM",
    "block_length": 50,
    "ratio": 0.1,
    "term": "medium"
  },
  "imputation_method": "mean",
  "n_windows": 20,
  "period": 144,
  "summary": {
    "mean": {
      "trend_strength": 0.49786507292741994,
      "trend_linearity": 0.005005472570514558,
      "seasonal_strength": 0.5780841550171537,
      "seasonal_correlation": 0.9048057476285539,
      "residual_autocorr_lag1": 0.9665134477706857,
      "spectral_entropy": 1150.9056721444788
    },
    "std": {
      "trend_strength": 0.33009703449085676,
      "trend_linearity": 0.018649143181048634,
      "seasonal_strength": 0.2686904004042114,
      "seasonal_correlation": 0.08940507595034157,
      "residual_autocorr_lag1": 0.04089578872549385,
      "spectral_entropy": 389.3224646550136
    },
    "min": {
      "trend_strength": 0.0,
      "trend_linearity": -0.02840217975077549,
      "seasonal_strength": 0.11197243627489906,
      "seasonal_correlation": 0.6479423519936024,
      "residual_autocorr_lag1": 0.8020114210189949,
      "spectral_entropy": 485.60720678812675
    },
    "max": {
      "trend_strength": 0.9831900301642105,
      "trend_linearity": 0.03877436647920317,
      "seasonal_strength": 0.9707620826143352,
      "seasonal_correlation": 0.9945575748079097,
      "residual_autocorr_lag1": 0.9970984553017669,
      "spectral_entropy": 1814.1595524248048
    }
  },
  "window_results": [
    {
      "success": true,
      "window_idx": 0,
      "dataset": "weather",
      "metrics": {
        "trend_strength": 0.6801815662098893,
        "trend_linearity": -0.021407393692070457,
        "seasonal_strength": 0.9688142200509576,
        "seasonal_correlation": 0.9932671915078745,
        "residual_autocorr_lag1": 0.8020114210189949,
        "spectral_entropy": 1814.1595524248048
      },
      "n_series": 1
    },
    {
      "success": true,
      "window_idx": 1,
      "dataset": "weather",
      "metrics": {
        "trend_strength": 0.2856809625602218,
        "trend_linearity": 0.011433611440099536,
        "seasonal_strength": 0.702332666437518,
        "seasonal_correlation": 0.9737603821036235,
        "residual_autocorr_lag1": 0.9449551979858056,
        "spectral_entropy": 1149.11179636946
      },
      "n_series": 1
    },
    {
      "success": true,
      "window_idx": 10,
      "dataset": "weather",
      "metrics": {
        "trend_strength": 0.846098959805939,
        "trend_linearity": -0.019381361904997035,
        "seasonal_strength": 0.9707620826143352,
        "seasonal_correlation": 0.9945575748079097,
        "residual_autocorr_lag1": 0.9577039933180185,
        "spectral_entropy": 1088.699367666221
      },
      "n_series": 1
    },
    {
      "success": true,
      "window_idx": 11,
      "dataset": "weather",
      "metrics": {
        "trend_strength": 0.06011118334028276,
        "trend_linearity": -0.0028900042972418724,
        "seasonal_strength": 0.6550024858026728,
        "seasonal_correlation": 0.9644113139981662,
        "residual_autocorr_lag1": 0.9636540696492328,
        "spectral_entropy": 1157.3878859373258
      },
      "n_series": 1
    },
    {
      "success": true,
      "window_idx": 12,
      "dataset": "weather",
      "metrics": {
        "trend_strength": 0.720008341874191,
        "trend_linearity": -0.0054927608693276855,
        "seasonal_strength": 0.4743993312056851,
        "seasonal_correlation": 0.9664559097441486,
        "residual_autocorr_lag1": 0.9853622550516796,
        "spectral_entropy": 485.60720678812675
      },
      "n_series": 1
    },
    {
      "success": true,
      "window_idx": 13,
      "dataset": "weather",
      "metrics": {
        "trend_strength": 0.5932377442251908,
        "trend_linearity": 0.03159906340964536,
        "seasonal_strength": 0.26606837451443555,
        "seasonal_correlation": 0.815803019101876,
        "residual_autocorr_lag1": 0.9880547067698425,
        "spectral_entropy": 986.4296032035425
      },
      "n_series": 1
    },
    {
      "success": true,
      "window_idx": 14,
      "dataset": "weather",
      "metrics": {
        "trend_strength": 0.36110633120564417,
        "trend_linearity": 0.0007397688403323354,
        "seasonal_strength": 0.15433691383822257,
        "seasonal_correlation": 0.7686038921104202,
        "residual_autocorr_lag1": 0.985452345792705,
        "spectral_entropy": 712.9288256750965
      },
      "n_series": 1
    },
    {
      "success": true,
      "window_idx": 15,
      "dataset": "weather",
      "metrics": {
        "trend_strength": 0.3601138635754991,
        "trend_linearity": 0.00755209006567307,
        "seasonal_strength": 0.17676324521656495,
        "seasonal_correlation": 0.8620556950544976,
        "residual_autocorr_lag1": 0.9860798359167223,
        "spectral_entropy": 530.0856266481478
      },
      "n_series": 1
    },
    {
      "success": true,
      "window_idx": 16,
      "dataset": "weather",
      "metrics": {
        "trend_strength": 0.9230993979890436,
        "trend_linearity": 0.03877436647920317,
        "seasonal_strength": 0.7375612602596868,
        "seasonal_correlation": 0.9370752095148278,
        "residual_autocorr_lag1": 0.9673544396756251,
        "spectral_entropy": 1620.9932195331448
      },
      "n_series": 1
    },
    {
      "success": true,
      "window_idx": 17,
      "dataset": "weather",
      "metrics": {
        "trend_strength": 0.8844080211121691,
        "trend_linearity": 0.020463195750308562,
        "seasonal_strength": 0.6442616102408556,
        "seasonal_correlation": 0.8836524674512661,
        "residual_autocorr_lag1": 0.9775728207790688,
        "spectral_entropy": 1123.8093472500193
      },
      "n_series": 1
    },
    {
      "success": true,
      "window_idx": 18,
      "dataset": "weather",
      "metrics": {
        "trend_strength": 0.9404938990877182,
        "trend_linearity": 0.02574906069392849,
        "seasonal_strength": 0.11197243627489906,
        "seasonal_correlation": 0.8773687768161476,
        "residual_autocorr_lag1": 0.9759129456090476,
        "spectral_entropy": 1332.6498832697541
      },
      "n_series": 1
    },
    {
      "success": true,
      "window_idx": 19,
      "dataset": "weather",
      "metrics": {
        "trend_strength": 0.9831900301642105,
        "trend_linearity": 0.022827286957348557,
        "seasonal_strength": 0.2880566276971268,
        "seasonal_correlation": 0.6479423519936024,
        "residual_autocorr_lag1": 0.9528318950676989,
        "spectral_entropy": 1140.2346751851762
      },
      "n_series": 1
    },
    {
      "success": true,
      "window_idx": 2,
      "dataset": "weather",
      "metrics": {
        "trend_strength": 0.065762044938385,
        "trend_linearity": 0.005945658902921598,
        "seasonal_strength": 0.618740272641549,
        "seasonal_correlation": 0.887736598726676,
        "residual_autocorr_lag1": 0.9905718315951293,
        "spectral_entropy": 1220.7191840264327
      },
      "n_series": 1
    },
    {
      "success": true,
      "window_idx": 3,
      "dataset": "weather",
      "metrics": {
        "trend_strength": 0.04752747463063345,
        "trend_linearity": -0.014727352383554314,
        "seasonal_strength": 0.46861372990803174,
        "seasonal_correlation": 0.9327077876383246,
        "residual_autocorr_lag1": 0.9704408947150467,
        "spectral_entropy": 1755.762818178997
      },
      "n_series": 1
    },
    {
      "success": true,
      "window_idx": 4,
      "dataset": "weather",
      "metrics": {
        "trend_strength": 0.8142938645217581,
        "trend_linearity": -0.02036084140623935,
        "seasonal_strength": 0.9576744976205094,
        "seasonal_correlation": 0.9679974121945117,
        "residual_autocorr_lag1": 0.948321161823858,
        "spectral_entropy": 507.1682579420794
      },
      "n_series": 1
    },
    {
      "success": true,