{
  "success": true,
  "dir_info": {
    "dataset": "weather",
    "method": "BM",
    "block_length": 50,
    "ratio": 0.1,
    "term": "medium"
  },
  "imputation_method": "backward",
  "n_windows": 20,
  "period": 144,
  "summary": {
    "mean": {
      "trend_strength": 0.43500534223427356,
      "trend_linearity": 0.0023645619914939068,
      "seasonal_strength": 0.6378358254273326,
      "seasonal_correlation": 0.9188930461798325,
      "residual_autocorr_lag1": 0.9541555898768905,
      "spectral_entropy": 1120.6243183969
    },
    "std": {
      "trend_strength": 0.31156494411553554,
      "trend_linearity": 0.016402589043478168,
      "seasonal_strength": 0.2728769984355116,
      "seasonal_correlation": 0.07615355376925728,
      "residual_autocorr_lag1": 0.0656116896176165,
      "spectral_entropy": 400.7982860447499
    },
    "min": {
      "trend_strength": 0.04640927507006132,
      "trend_linearity": -0.02780137519281078,
      "seasonal_strength": 0.02684982977334749,
      "seasonal_correlation": 0.7479913264769293,
      "residual_autocorr_lag1": 0.7211408087234158,
      "spectral_entropy": 269.02141344316414
    },
    "max": {
      "trend_strength": 0.9500885832424112,
      "trend_linearity": 0.0291333048755647,
      "seasonal_strength": 0.9793977831327463,
      "seasonal_correlation": 0.9944225436372708,
      "residual_autocorr_lag1": 0.9938976514711678,
      "spectral_entropy": 1812.3663551613683
    }
  },
  "window_results": [
    {
      "success": true,
      "window_idx": 0,
      "dataset": "weather",
      "metrics": {
        "trend_strength": 0.7530223740476313,
        "trend_linearity": -0.020931805223834737,
        "seasonal_strength": 0.9793977831327463,
        "seasonal_correlation": 0.9944225436372708,
        "residual_autocorr_lag1": 0.8480992824466869,
        "spectral_entropy": 1812.3663551613683
      },
      "n_series": 1
    },
    {
      "success": true,
      "window_idx": 1,
      "dataset": "weather",
      "metrics": {
        "trend_strength": 0.30197012321675865,
        "trend_linearity": 0.009013146262996532,
        "seasonal_strength": 0.7502426739546257,
        "seasonal_correlation": 0.9782445680217919,
        "residual_autocorr_lag1": 0.9791381686641458,
        "spectral_entropy": 1165.7007810842515
      },
      "n_series": 1
    },
    {
      "success": true,
      "window_idx": 10,
      "dataset": "weather",
      "metrics": {
        "trend_strength": 0.7869024688062268,
        "trend_linearity": -0.015192388324917561,
        "seasonal_strength": 0.9677681948199753,
        "seasonal_correlation": 0.9885236997946234,
        "residual_autocorr_lag1": 0.7211408087234158,
        "spectral_entropy": 1186.436112044441
      },
      "n_series": 1
    },
    {
      "success": true,
      "window_idx": 11,
      "dataset": "weather",
      "metrics": {
        "trend_strength": 0.11800809170392923,
        "trend_linearity": -0.008271290421290479,
        "seasonal_strength": 0.81893370635195,
        "seasonal_correlation": 0.9944103629531357,
        "residual_autocorr_lag1": 0.9856882383511189,
        "spectral_entropy": 1072.5443150027506
      },
      "n_series": 1
    },
    {
      "success": true,
      "window_idx": 12,
      "dataset": "weather",
      "metrics": {
        "trend_strength": 0.10089746229090069,
        "trend_linearity": -0.0028470081233956594,
        "seasonal_strength": 0.7662238831551357,
        "seasonal_correlation": 0.984382823192922,
        "residual_autocorr_lag1": 0.9924517603100629,
        "spectral_entropy": 744.6235352829142
      },
      "n_series": 1
    },
    {
      "success": true,
      "window_idx": 13,
      "dataset": "weather",
      "metrics": {
        "trend_strength": 0.5853574687003935,
        "trend_linearity": 0.02746170321782171,
        "seasonal_strength": 0.41455065194880314,
        "seasonal_correlation": 0.8725053976997943,
        "residual_autocorr_lag1": 0.9910262809215585,
        "spectral_entropy": 852.2296550142357
      },
      "n_series": 1
    },
    {
      "success": true,
      "window_idx": 14,
      "dataset": "weather",
      "metrics": {
        "trend_strength": 0.058971272037264044,
        "trend_linearity": 3.7999381772867653e-06,
        "seasonal_strength": 0.23282433427491733,
        "seasonal_correlation": 0.8690644811117703,
        "residual_autocorr_lag1": 0.9910829902979779,
        "spectral_entropy": 671.5264218960158
      },
      "n_series": 1
    },
    {
      "success": true,
      "window_idx": 15,
      "dataset": "weather",
      "metrics": {
        "trend_strength": 0.20062050186270797,
        "trend_linearity": 0.003023479026146719,
        "seasonal_strength": 0.5292861261224846,
        "seasonal_correlation": 0.8612970913914197,
        "residual_autocorr_lag1": 0.9924587317607881,
        "spectral_entropy": 782.2350008867575
      },
      "n_series": 1
    },
    {
      "success": true,
      "window_idx": 16,
      "dataset": "weather",
      "metrics": {
        "trend_strength": 0.9500885832424112,
        "trend_linearity": 0.021230790255522325,
        "seasonal_strength": 0.9618655353780232,
        "seasonal_correlation": 0.9928465041624192,
        "residual_autocorr_lag1": 0.9809764578112264,
        "spectral_entropy": 1436.7448645078898
      },
      "n_series": 1
    },
    {
      "success": true,
      "window_idx": 17,
      "dataset": "weather",
      "metrics": {
        "trend_strength": 0.427119388440119,
        "trend_linearity": 0.011462852064866243,
        "seasonal_strength": 0.02684982977334749,
        "seasonal_correlation": 0.7479913264769293,
        "residual_autocorr_lag1": 0.97960288375683,
        "spectral_entropy": 1081.1027605742956
      },
      "n_series": 1
    },
    {
      "success": true,
      "window_idx": 18,
      "dataset": "weather",
      "metrics": {
        "trend_strength": 0.9250685414491014,
        "trend_linearity": 0.0291333048755647,
        "seasonal_strength": 0.2417457660453287,
        "seasonal_correlation": 0.8189009861399423,
        "residual_autocorr_lag1": 0.9028004522666998,
        "spectral_entropy": 1379.7334389215953
      },
      "n_series": 1
    },
    {
      "success": true,
      "window_idx": 19,
      "dataset": "weather",
      "metrics": {
        "trend_strength": 0.8178510174253659,
        "trend_linearity": 0.003288205459750897,
        "seasonal_strength": 0.4179045640647754,
        "seasonal_correlation": 0.7996652307952692,
        "residual_autocorr_lag1": 0.9468662648111688,
        "spectral_entropy": 269.02141344316414
      },
      "n_series": 1
    },
    {
      "success": true,
      "window_idx": 2,
      "dataset": "weather",
      "metrics": {
        "trend_strength": 0.14517667122060118,
        "trend_linearity": 0.008768547880373765,
        "seasonal_strength": 0.5943572336564054,
        "seasonal_correlation": 0.9179887819870457,
        "residual_autocorr_lag1": 0.9888233343931828,
        "spectral_entropy": 1313.6153269165454
      },
      "n_series": 1
    },
    {
      "success": true,
      "window_idx": 3,
      "dataset": "weather",
      "metrics": {
        "trend_strength": 0.04640927507006132,
        "trend_linearity": -0.014826388574841481,
        "seasonal_strength": 0.40740356207872697,
        "seasonal_correlation": 0.9144241024084742,
        "residual_autocorr_lag1": 0.9543183997852339,
        "spectral_entropy": 1757.0406956268582
      },
      "n_series": 1
    },
    {
      "success": true,
      "window_idx": 4,
      "dataset": "weather",
      "metrics": {
        "trend_strength": 0.8619108063968145,
        "trend_linearity": -0.023490040533880836,
        "seasonal_strength": 0.9594743575968788,
        "seasonal_correlation": 0.9697309811767684,
        "residual_autocorr_lag1": 0.9663886328083371,
        "spectral_entropy": 549.1800364418963
      },