{
  "success": true,
  "dir_info": {
    "dataset": "weather",
    "method": "BM",
    "block_length": 50,
    "ratio": 0.3,
    "term": "long"
  },
  "imputation_method": "mean",
  "n_windows": 20,
  "period": 144,
  "summary": {
    "mean": {
      "trend_strength": 0.357363653994508,
      "trend_linearity": 0.004146893724855719,
      "seasonal_strength": 0.5828618583062188,
      "seasonal_correlation": 0.868490485524297,
      "residual_autocorr_lag1": 0.868760392568042,
      "spectral_entropy": 1688.7645429128552
    },
    "std": {
      "trend_strength": 0.29875615560484053,
      "trend_linearity": 0.016297832297964814,
      "seasonal_strength": 0.36254621925778824,
      "seasonal_correlation": 0.15820071456537974,
      "residual_autocorr_lag1": 0.191353892879027,
      "spectral_entropy": 480.71430699235896
    },
    "min": {
      "trend_strength": 0.0,
      "trend_linearity": -0.03006938468015951,
      "seasonal_strength": 0.0,
      "seasonal_correlation": 0.5313932559291719,
      "residual_autocorr_lag1": 0.39869831539237627,
      "spectral_entropy": 901.0462028499579
    },
    "max": {
      "trend_strength": 0.8964352304094495,
      "trend_linearity": 0.0568404639171222,
      "seasonal_strength": 0.9918602201135558,
      "seasonal_correlation": 0.9990845287317365,
      "residual_autocorr_lag1": 0.9966286281491179,
      "spectral_entropy": 2710.2099482262033
    }
  },
  "window_results": [
    {
      "success": true,
      "window_idx": 0,
      "dataset": "weather",
      "metrics": {
        "trend_strength": 0.47863512226733285,
        "trend_linearity": 0.007020035093638405,
        "seasonal_strength": 0.9918602201135558,
        "seasonal_correlation": 0.998457965810547,
        "residual_autocorr_lag1": 0.9485032002911215,
        "spectral_entropy": 2107.5850084504023
      },
      "n_series": 1
    },
    {
      "success": true,
      "window_idx": 1,
      "dataset": "weather",
      "metrics": {
        "trend_strength": 0.34721620726621194,
        "trend_linearity": 0.009328486894947079,
        "seasonal_strength": 0.9764194386899347,
        "seasonal_correlation": 0.9966905318656556,
        "residual_autocorr_lag1": 0.9863847595991435,
        "spectral_entropy": 1582.819810313827
      },
      "n_series": 1
    },
    {
      "success": true,
      "window_idx": 10,
      "dataset": "weather",
      "metrics": {
        "trend_strength": 0.6124500716184984,
        "trend_linearity": -0.03006938468015951,
        "seasonal_strength": 0.5682330230688699,
        "seasonal_correlation": 0.9817570889985143,
        "residual_autocorr_lag1": 0.9966286281491179,
        "spectral_entropy": 2399.064770281067
      },
      "n_series": 1
    },
    {
      "success": true,
      "window_idx": 11,
      "dataset": "weather",
      "metrics": {
        "trend_strength": 0.8964352304094495,
        "trend_linearity": 0.0568404639171222,
        "seasonal_strength": 0.7299670386341377,
        "seasonal_correlation": 0.8731845240329609,
        "residual_autocorr_lag1": 0.9928660818699285,
        "spectral_entropy": 2710.2099482262033
      },
      "n_series": 1
    },
    {
      "success": true,
      "window_idx": 12,
      "dataset": "weather",
      "metrics": {
        "trend_strength": 0.6536678876970168,
        "trend_linearity": 0.02157018079979548,
        "seasonal_strength": 0.5403238068756017,
        "seasonal_correlation": 0.8931726779445277,
        "residual_autocorr_lag1": 0.9821525062577589,
        "spectral_entropy": 2305.391893108148
      },
      "n_series": 1
    },
    {
      "success": true,
      "window_idx": 13,
      "dataset": "weather",
      "metrics": {
        "trend_strength": 0.8531673985388153,
        "trend_linearity": 0.01042710294417979,
        "seasonal_strength": 0.0,
        "seasonal_correlation": 0.8466122003315055,
        "residual_autocorr_lag1": 0.9756185784547659,
        "spectral_entropy": 1442.7214978506945
      },
      "n_series": 1
    },
    {
      "success": true,
      "window_idx": 14,
      "dataset": "weather",
      "metrics": {
        "trend_strength": 0.8148414720266606,
        "trend_linearity": 0.0022372686958412077,
        "seasonal_strength": 0.3364002720813253,
        "seasonal_correlation": 0.6723143616140328,
        "residual_autocorr_lag1": 0.7886344653530392,
        "spectral_entropy": 901.0462028499579
      },
      "n_series": 1
    },
    {
      "success": true,
      "window_idx": 15,
      "dataset": "weather",
      "metrics": {
        "trend_strength": 0.38082127225010176,
        "trend_linearity": 0.0018545448312749647,
        "seasonal_strength": 0.21137642981164306,
        "seasonal_correlation": 0.5313932559291719,
        "residual_autocorr_lag1": 0.7563672092790901,
        "spectral_entropy": 1221.2650095569418
      },
      "n_series": 1
    },
    {
      "success": true,
      "window_idx": 16,
      "dataset": "weather",
      "metrics": {
        "trend_strength": 0.022469448985178442,
        "trend_linearity": 0.0009437108295234406,
        "seasonal_strength": 0.09281268977717783,
        "seasonal_correlation": 0.7352870701815958,
        "residual_autocorr_lag1": 0.6068252145689437,
        "spectral_entropy": 1588.8377383144843
      },
      "n_series": 1
    },
    {
      "success": true,
      "window_idx": 17,
      "dataset": "weather",
      "metrics": {
        "trend_strength": 0.0,
        "trend_linearity": 0.0003653912174404474,
        "seasonal_strength": 0.06459682968227887,
        "seasonal_correlation": 0.629899827993784,
        "residual_autocorr_lag1": 0.5328972753900005,
        "spectral_entropy": 1522.0397143127598
      },
      "n_series": 1
    },
    {
      "success": true,
      "window_idx": 18,
      "dataset": "weather",
      "metrics": {
        "trend_strength": 0.0,
        "trend_linearity": 0.00042490794717298954,
        "seasonal_strength": 0.2042875392895377,
        "seasonal_correlation": 0.6750235334862593,
        "residual_autocorr_lag1": 0.5172087549939886,
        "spectral_entropy": 1423.554981308017
      },
      "n_series": 1
    },
    {
      "success": true,
      "window_idx": 19,
      "dataset": "weather",
      "metrics": {
        "trend_strength": 0.0,
        "trend_linearity": 0.00015891320013116414,
        "seasonal_strength": 0.09047840375089256,
        "seasonal_correlation": 0.6067651056105924,
        "residual_autocorr_lag1": 0.39869831539237627,
        "spectral_entropy": 1538.5311354150663
      },
      "n_series": 1
    },
    {
      "success": true,
      "window_idx": 2,
      "dataset": "weather",
      "metrics": {
        "trend_strength": 0.08059574061192454,
        "trend_linearity": 0.003290578769191358,
        "seasonal_strength": 0.9474246207868653,
        "seasonal_correlation": 0.995277812946904,
        "residual_autocorr_lag1": 0.9850994908580418,
        "spectral_entropy": 2068.587449675137
      },
      "n_series": 1
    },
    {
      "success": true,
      "window_idx": 3,
      "dataset": "weather",
      "metrics": {
        "trend_strength": 0.30410463764125606,
        "trend_linearity": 0.011095417818868603,
        "seasonal_strength": 0.9516356497717496,
        "seasonal_correlation": 0.9931548114846157,
        "residual_autocorr_lag1": 0.9901998683560456,
        "spectral_entropy": 1787.8285429668667
      },
      "n_series": 1
    },
    {
      "success": true,
      "window_idx": 4,
      "dataset": "weather",
      "metrics": {
        "trend_strength": 0.18583108937017434,
        "trend_linearity": -0.004668216161568128,
        "seasonal_strength": 0.9788269363754294,
        "seasonal_correlation": 0.9990845287317365,
        "residual_autocorr_lag1": 0.9861656139200082,
        "spectral_entropy": 1645.5802293945803
      },
      "n_series": 1
    },
    {
      "success": true,
      "window_idx": 5,
      "dataset": "weather",