{
  "success": true,
  "dir_info": {
    "dataset": "weather",
    "method": "BM",
    "block_length": 50,
    "ratio": 0.2,
    "term": "medium"
  },
  "imputation_method": "forward",
  "n_windows": 20,
  "period": 144,
  "summary": {
    "mean": {
      "trend_strength": 0.40614539907384695,
      "trend_linearity": 0.0020997832365891147,
      "seasonal_strength": 0.5541030076919176,
      "seasonal_correlation": 0.9124676765386575,
      "residual_autocorr_lag1": 0.9625112610532287,
      "spectral_entropy": 1158.3162077599404
    },
    "std": {
      "trend_strength": 0.3101856519222504,
      "trend_linearity": 0.01770302619490372,
      "seasonal_strength": 0.3367082835934318,
      "seasonal_correlation": 0.08663109724703112,
      "residual_autocorr_lag1": 0.06073506528054168,
      "spectral_entropy": 371.7675461369749
    },
    "min": {
      "trend_strength": 0.0,
      "trend_linearity": -0.0284257329473825,
      "seasonal_strength": 0.0,
      "seasonal_correlation": 0.645893706952469,
      "residual_autocorr_lag1": 0.7163790941138882,
      "spectral_entropy": 378.74249468343766
    },
    "max": {
      "trend_strength": 0.8985388447073245,
      "trend_linearity": 0.03360425832617395,
      "seasonal_strength": 0.9788360515122465,
      "seasonal_correlation": 0.995886505972619,
      "residual_autocorr_lag1": 0.9949537450162337,
      "spectral_entropy": 1815.3585009906392
    }
  },
  "window_results": [
    {
      "success": true,
      "window_idx": 0,
      "dataset": "weather",
      "metrics": {
        "trend_strength": 0.6468907690878106,
        "trend_linearity": -0.020560602527301925,
        "seasonal_strength": 0.9673490042181272,
        "seasonal_correlation": 0.9902367845662837,
        "residual_autocorr_lag1": 0.7163790941138882,
        "spectral_entropy": 1815.3585009906392
      },
      "n_series": 1
    },
    {
      "success": true,
      "window_idx": 1,
      "dataset": "weather",
      "metrics": {
        "trend_strength": 0.2630157309767056,
        "trend_linearity": 0.010244457890043699,
        "seasonal_strength": 0.6992819807493725,
        "seasonal_correlation": 0.977346289722511,
        "residual_autocorr_lag1": 0.9669874843015452,
        "spectral_entropy": 1201.421215517121
      },
      "n_series": 1
    },
    {
      "success": true,
      "window_idx": 10,
      "dataset": "weather",
      "metrics": {
        "trend_strength": 0.865097182520522,
        "trend_linearity": -0.01880154294729974,
        "seasonal_strength": 0.9767669009233924,
        "seasonal_correlation": 0.9908923088148539,
        "residual_autocorr_lag1": 0.9754317093359309,
        "spectral_entropy": 1215.2348274314168
      },
      "n_series": 1
    },
    {
      "success": true,
      "window_idx": 11,
      "dataset": "weather",
      "metrics": {
        "trend_strength": 0.5246993746994177,
        "trend_linearity": -0.009492620043974147,
        "seasonal_strength": 0.8466636203188924,
        "seasonal_correlation": 0.9911146407745117,
        "residual_autocorr_lag1": 0.9748232248101188,
        "spectral_entropy": 378.74249468343766
      },
      "n_series": 1
    },
    {
      "success": true,
      "window_idx": 12,
      "dataset": "weather",
      "metrics": {
        "trend_strength": 0.1502198775550978,
        "trend_linearity": -0.006503932986242157,
        "seasonal_strength": 0.6432494592731915,
        "seasonal_correlation": 0.9586461929615622,
        "residual_autocorr_lag1": 0.9930114025218058,
        "spectral_entropy": 1044.7344857307971
      },
      "n_series": 1
    },
    {
      "success": true,
      "window_idx": 13,
      "dataset": "weather",
      "metrics": {
        "trend_strength": 0.6144872843630084,
        "trend_linearity": 0.03079528003678792,
        "seasonal_strength": 0.3337314583995169,
        "seasonal_correlation": 0.8444883193442806,
        "residual_autocorr_lag1": 0.989857001731684,
        "spectral_entropy": 966.2033857486107
      },
      "n_series": 1
    },
    {
      "success": true,
      "window_idx": 14,
      "dataset": "weather",
      "metrics": {
        "trend_strength": 0.1889311488172799,
        "trend_linearity": 0.002593647418978911,
        "seasonal_strength": 0.27460552763366497,
        "seasonal_correlation": 0.8856238776592735,
        "residual_autocorr_lag1": 0.990772349041965,
        "spectral_entropy": 782.6086432307351
      },
      "n_series": 1
    },
    {
      "success": true,
      "window_idx": 15,
      "dataset": "weather",
      "metrics": {
        "trend_strength": 0.8974662898254613,
        "trend_linearity": 0.022769662663051853,
        "seasonal_strength": 0.7810057011990922,
        "seasonal_correlation": 0.9381275039191689,
        "residual_autocorr_lag1": 0.9933049656332501,
        "spectral_entropy": 1054.543648915797
      },
      "n_series": 1
    },
    {
      "success": true,
      "window_idx": 16,
      "dataset": "weather",
      "metrics": {
        "trend_strength": 0.3280037571326987,
        "trend_linearity": -0.01372787240657854,
        "seasonal_strength": 0.0,
        "seasonal_correlation": 0.8234696605335466,
        "residual_autocorr_lag1": 0.9784428291843018,
        "spectral_entropy": 1300.1217077988344
      },
      "n_series": 1
    },
    {
      "success": true,
      "window_idx": 17,
      "dataset": "weather",
      "metrics": {
        "trend_strength": 0.03118507640061663,
        "trend_linearity": 0.009282180006769428,
        "seasonal_strength": 0.0,
        "seasonal_correlation": 0.7978897603019349,
        "residual_autocorr_lag1": 0.9490051387359006,
        "spectral_entropy": 1389.5076039689875
      },
      "n_series": 1
    },
    {
      "success": true,
      "window_idx": 18,
      "dataset": "weather",
      "metrics": {
        "trend_strength": 0.0,
        "trend_linearity": 0.0017425547806404912,
        "seasonal_strength": 0.021542960997580796,
        "seasonal_correlation": 0.9063034668014343,
        "residual_autocorr_lag1": 0.9748478522429266,
        "spectral_entropy": 1302.7717719475802
      },
      "n_series": 1
    },
    {
      "success": true,
      "window_idx": 19,
      "dataset": "weather",
      "metrics": {
        "trend_strength": 0.8985388447073245,
        "trend_linearity": 0.012947373310107913,
        "seasonal_strength": 0.03339494994852776,
        "seasonal_correlation": 0.645893706952469,
        "residual_autocorr_lag1": 0.9187533717513614,
        "spectral_entropy": 596.6013694599128
      },
      "n_series": 1
    },
    {
      "success": true,
      "window_idx": 2,
      "dataset": "weather",
      "metrics": {
        "trend_strength": 0.1281694706993992,
        "trend_linearity": 0.010470021749492135,
        "seasonal_strength": 0.6237009176499455,
        "seasonal_correlation": 0.9072175559018731,
        "residual_autocorr_lag1": 0.9912328901764338,
        "spectral_entropy": 1299.764869563319
      },
      "n_series": 1
    },
    {
      "success": true,
      "window_idx": 3,
      "dataset": "weather",
      "metrics": {
        "trend_strength": 0.047136195684089,
        "trend_linearity": -0.013955814499895946,
        "seasonal_strength": 0.3529722571533459,
        "seasonal_correlation": 0.9232735386350548,
        "residual_autocorr_lag1": 0.916277182761151,
        "spectral_entropy": 1756.8628456959466
      },
      "n_series": 1
    },
    {
      "success": true,
      "window_idx": 4,
      "dataset": "weather",
      "metrics": {
        "trend_strength": 0.8763908346743786,
        "trend_linearity": -0.021203321420727533,
        "seasonal_strength": 0.973722448562634,
        "seasonal_correlation": 0.9793070260824411,
        "residual_autocorr_lag1": 0.9724715102083719,
        "spectral_entropy": 522.3319307002103
      },
      "n_series": 1
    },
    {
      "success": true,
      "window_idx": 5,
      "dataset": "weather",