{
  "success": true,
  "dir_info": {
    "dataset": "weather",
    "method": "BM",
    "block_length": 50,
    "ratio": 0.2,
    "term": "long"
  },
  "imputation_method": "mean",
  "n_windows": 20,
  "period": 144,
  "summary": {
    "mean": {
      "trend_strength": 0.44631866714865465,
      "trend_linearity": 0.004068947424675028,
      "seasonal_strength": 0.6720498872478269,
      "seasonal_correlation": 0.8902579402288076,
      "residual_autocorr_lag1": 0.9032647801807426,
      "spectral_entropy": 1728.5001204005475
    },
    "std": {
      "trend_strength": 0.30894696990628917,
      "trend_linearity": 0.014038592381751615,
      "seasonal_strength": 0.309555566547344,
      "seasonal_correlation": 0.1470405135641346,
      "residual_autocorr_lag1": 0.17634197215398723,
      "spectral_entropy": 446.56855134618024
    },
    "min": {
      "trend_strength": 0.0,
      "trend_linearity": -0.024211178250392935,
      "seasonal_strength": 0.09143722366966689,
      "seasonal_correlation": 0.4840683928007989,
      "residual_autocorr_lag1": 0.32897049231791403,
      "spectral_entropy": 1171.9068097114935
    },
    "max": {
      "trend_strength": 0.9399768660518935,
      "trend_linearity": 0.043204138698794504,
      "seasonal_strength": 0.9890227699771279,
      "seasonal_correlation": 0.9987318673280796,
      "residual_autocorr_lag1": 0.9965679372876142,
      "spectral_entropy": 2608.9591133544627
    }
  },
  "window_results": [
    {
      "success": true,
      "window_idx": 0,
      "dataset": "weather",
      "metrics": {
        "trend_strength": 0.30112859416983995,
        "trend_linearity": 0.004557042593137609,
        "seasonal_strength": 0.9890227699771279,
        "seasonal_correlation": 0.9986143009539885,
        "residual_autocorr_lag1": 0.9089678233456311,
        "spectral_entropy": 1949.8638852484366
      },
      "n_series": 1
    },
    {
      "success": true,
      "window_idx": 1,
      "dataset": "weather",
      "metrics": {
        "trend_strength": 0.2794057092598924,
        "trend_linearity": 0.015403064782780503,
        "seasonal_strength": 0.9713206749846004,
        "seasonal_correlation": 0.9962277384235039,
        "residual_autocorr_lag1": 0.9916037249562379,
        "spectral_entropy": 1617.5532841084669
      },
      "n_series": 1
    },
    {
      "success": true,
      "window_idx": 10,
      "dataset": "weather",
      "metrics": {
        "trend_strength": 0.675361986299484,
        "trend_linearity": -0.024211178250392935,
        "seasonal_strength": 0.5449174055611739,
        "seasonal_correlation": 0.7136042832439285,
        "residual_autocorr_lag1": 0.9822039442450139,
        "spectral_entropy": 2377.9267719133522
      },
      "n_series": 1
    },
    {
      "success": true,
      "window_idx": 11,
      "dataset": "weather",
      "metrics": {
        "trend_strength": 0.8497972501143575,
        "trend_linearity": 0.043204138698794504,
        "seasonal_strength": 0.6862034782619304,
        "seasonal_correlation": 0.9099526525345585,
        "residual_autocorr_lag1": 0.9947084211223732,
        "spectral_entropy": 2608.9591133544627
      },
      "n_series": 1
    },
    {
      "success": true,
      "window_idx": 12,
      "dataset": "weather",
      "metrics": {
        "trend_strength": 0.06821875298638636,
        "trend_linearity": 0.01078752682566736,
        "seasonal_strength": 0.39478155211644395,
        "seasonal_correlation": 0.9498880193109921,
        "residual_autocorr_lag1": 0.9870770793873448,
        "spectral_entropy": 2225.03171780749
      },
      "n_series": 1
    },
    {
      "success": true,
      "window_idx": 13,
      "dataset": "weather",
      "metrics": {
        "trend_strength": 0.24990398075052578,
        "trend_linearity": -0.007060334804076182,
        "seasonal_strength": 0.847222335211942,
        "seasonal_correlation": 0.9874203679434798,
        "residual_autocorr_lag1": 0.9947764998334052,
        "spectral_entropy": 1669.5857055477802
      },
      "n_series": 1
    },
    {
      "success": true,
      "window_idx": 14,
      "dataset": "weather",
      "metrics": {
        "trend_strength": 0.7740219987464599,
        "trend_linearity": 6.017733431206761e-05,
        "seasonal_strength": 0.8953717950827429,
        "seasonal_correlation": 0.921186868367478,
        "residual_autocorr_lag1": 0.9908134736795297,
        "spectral_entropy": 1368.1427375262588
      },
      "n_series": 1
    },
    {
      "success": true,
      "window_idx": 15,
      "dataset": "weather",
      "metrics": {
        "trend_strength": 0.9370710550616062,
        "trend_linearity": 0.02363930755239019,
        "seasonal_strength": 0.10012110500200411,
        "seasonal_correlation": 0.8207002541718946,
        "residual_autocorr_lag1": 0.9781739741290851,
        "spectral_entropy": 2158.4945389135846
      },
      "n_series": 1
    },
    {
      "success": true,
      "window_idx": 16,
      "dataset": "weather",
      "metrics": {
        "trend_strength": 0.9399768660518935,
        "trend_linearity": 0.007317063285358744,
        "seasonal_strength": 0.3501813121276297,
        "seasonal_correlation": 0.4840683928007989,
        "residual_autocorr_lag1": 0.8134649159651254,
        "spectral_entropy": 1459.548683399286
      },
      "n_series": 1
    },
    {
      "success": true,
      "window_idx": 17,
      "dataset": "weather",
      "metrics": {
        "trend_strength": 0.8559765805978202,
        "trend_linearity": 0.003105896886759328,
        "seasonal_strength": 0.42846751810753425,
        "seasonal_correlation": 0.724419275806086,
        "residual_autocorr_lag1": 0.6397312518542961,
        "spectral_entropy": 1171.9068097114935
      },
      "n_series": 1
    },
    {
      "success": true,
      "window_idx": 18,
      "dataset": "weather",
      "metrics": {
        "trend_strength": 0.5888394139163509,
        "trend_linearity": 0.0023194877196393102,
        "seasonal_strength": 0.2799536738334839,
        "seasonal_correlation": 0.7031514486966963,
        "residual_autocorr_lag1": 0.5735214471204131,
        "spectral_entropy": 1308.962048901968
      },
      "n_series": 1
    },
    {
      "success": true,
      "window_idx": 19,
      "dataset": "weather",
      "metrics": {
        "trend_strength": 0.0,
        "trend_linearity": 0.00018021017097776839,
        "seasonal_strength": 0.09143722366966689,
        "seasonal_correlation": 0.6668691581271807,
        "residual_autocorr_lag1": 0.32897049231791403,
        "spectral_entropy": 1420.9331385867415
      },
      "n_series": 1
    },
    {
      "success": true,
      "window_idx": 2,
      "dataset": "weather",
      "metrics": {
        "trend_strength": 0.08451840992236848,
        "trend_linearity": 0.004098485517639983,
        "seasonal_strength": 0.9382886076374229,
        "seasonal_correlation": 0.9960431003911585,
        "residual_autocorr_lag1": 0.9886525507486076,
        "spectral_entropy": 2172.2895148656844
      },
      "n_series": 1
    },
    {
      "success": true,
      "window_idx": 3,
      "dataset": "weather",
      "metrics": {
        "trend_strength": 0.4062534652837628,
        "trend_linearity": 0.011945827383764707,
        "seasonal_strength": 0.9545880331141484,
        "seasonal_correlation": 0.9925622064149259,
        "residual_autocorr_lag1": 0.9911113346421974,
        "spectral_entropy": 1821.327588337763
      },
      "n_series": 1
    },
    {
      "success": true,
      "window_idx": 4,
      "dataset": "weather",
      "metrics": {
        "trend_strength": 0.38022311938445863,
        "trend_linearity": -0.005741517385602091,
        "seasonal_strength": 0.9870563631828972,
        "seasonal_correlation": 0.9987318673280796,
        "residual_autocorr_lag1": 0.9567973898661631,
        "spectral_entropy": 1765.7107622618637
      },
      "n_series": 1
    },
    {
      "success": true,
      "window_idx": 5,