{
  "success": true,
  "dir_info": {
    "dataset": "weather",
    "method": "BM",
    "block_length": 50,
    "ratio": 0.1,
    "term": "long"
  },
  "imputation_method": "backward",
  "n_windows": 20,
  "period": 144,
  "summary": {
    "mean": {
      "trend_strength": 0.41721425864387085,
      "trend_linearity": 0.0037785663941631896,
      "seasonal_strength": 0.7111120341995032,
      "seasonal_correlation": 0.918137818742036,
      "residual_autocorr_lag1": 0.9838962512196922,
      "spectral_entropy": 1822.4835880415878
    },
    "std": {
      "trend_strength": 0.27614409586065586,
      "trend_linearity": 0.015662426868892052,
      "seasonal_strength": 0.27861067245938326,
      "seasonal_correlation": 0.15833264152540763,
      "residual_autocorr_lag1": 0.012694012585963073,
      "spectral_entropy": 430.9648969802471
    },
    "min": {
      "trend_strength": 0.07664830543829837,
      "trend_linearity": -0.02536779305791576,
      "seasonal_strength": 0.10875285265656898,
      "seasonal_correlation": 0.2886679291056821,
      "residual_autocorr_lag1": 0.9406975772276253,
      "spectral_entropy": 1061.0234981942178
    },
    "max": {
      "trend_strength": 0.9807101431800259,
      "trend_linearity": 0.04849420907267747,
      "seasonal_strength": 0.9875960121672147,
      "seasonal_correlation": 0.9988151954258051,
      "residual_autocorr_lag1": 0.9953921585633634,
      "spectral_entropy": 2605.978474341924
    }
  },
  "window_results": [
    {
      "success": true,
      "window_idx": 0,
      "dataset": "weather",
      "metrics": {
        "trend_strength": 0.344199488174633,
        "trend_linearity": 0.006507592107382551,
        "seasonal_strength": 0.9875960121672147,
        "seasonal_correlation": 0.9985388007599149,
        "residual_autocorr_lag1": 0.9406975772276253,
        "spectral_entropy": 2008.425147341344
      },
      "n_series": 1
    },
    {
      "success": true,
      "window_idx": 1,
      "dataset": "weather",
      "metrics": {
        "trend_strength": 0.2163361037814442,
        "trend_linearity": 0.014018147497884112,
        "seasonal_strength": 0.9728590208109701,
        "seasonal_correlation": 0.9967088085935272,
        "residual_autocorr_lag1": 0.9848102103382632,
        "spectral_entropy": 1569.3926200464807
      },
      "n_series": 1
    },
    {
      "success": true,
      "window_idx": 10,
      "dataset": "weather",
      "metrics": {
        "trend_strength": 0.6884123402533633,
        "trend_linearity": -0.02536779305791576,
        "seasonal_strength": 0.6673306146056494,
        "seasonal_correlation": 0.9705005453341256,
        "residual_autocorr_lag1": 0.993794206937444,
        "spectral_entropy": 2356.5195159978543
      },
      "n_series": 1
    },
    {
      "success": true,
      "window_idx": 11,
      "dataset": "weather",
      "metrics": {
        "trend_strength": 0.8699522568594341,
        "trend_linearity": 0.04849420907267747,
        "seasonal_strength": 0.7260172979757695,
        "seasonal_correlation": 0.8961947812939102,
        "residual_autocorr_lag1": 0.993674405907774,
        "spectral_entropy": 2605.978474341924
      },
      "n_series": 1
    },
    {
      "success": true,
      "window_idx": 12,
      "dataset": "weather",
      "metrics": {
        "trend_strength": 0.09941629504626004,
        "trend_linearity": 0.01254941406543501,
        "seasonal_strength": 0.46507658010380226,
        "seasonal_correlation": 0.9582639419135109,
        "residual_autocorr_lag1": 0.9865035458241795,
        "spectral_entropy": 2192.6928219021206
      },
      "n_series": 1
    },
    {
      "success": true,
      "window_idx": 13,
      "dataset": "weather",
      "metrics": {
        "trend_strength": 0.19853026729175738,
        "trend_linearity": -0.012276916169297623,
        "seasonal_strength": 0.8035914692726746,
        "seasonal_correlation": 0.9939918381987016,
        "residual_autocorr_lag1": 0.9918761804683214,
        "spectral_entropy": 1764.0301907909115
      },
      "n_series": 1
    },
    {
      "success": true,
      "window_idx": 14,
      "dataset": "weather",
      "metrics": {
        "trend_strength": 0.4382853314881896,
        "trend_linearity": -0.002775391808036468,
        "seasonal_strength": 0.8650365678776186,
        "seasonal_correlation": 0.9578584927984307,
        "residual_autocorr_lag1": 0.9864829633735024,
        "spectral_entropy": 1472.3985408975352
      },
      "n_series": 1
    },
    {
      "success": true,
      "window_idx": 15,
      "dataset": "weather",
      "metrics": {
        "trend_strength": 0.44960804161190826,
        "trend_linearity": -0.012525952573404863,
        "seasonal_strength": 0.40331792620077545,
        "seasonal_correlation": 0.839787839471201,
        "residual_autocorr_lag1": 0.9770327399819743,
        "spectral_entropy": 2428.3895936454373
      },
      "n_series": 1
    },
    {
      "success": true,
      "window_idx": 16,
      "dataset": "weather",
      "metrics": {
        "trend_strength": 0.2665014281840329,
        "trend_linearity": -0.0008388518496256223,
        "seasonal_strength": 0.20191557535864724,
        "seasonal_correlation": 0.7967686677308478,
        "residual_autocorr_lag1": 0.9856350968617422,
        "spectral_entropy": 1549.2162594977976
      },
      "n_series": 1
    },
    {
      "success": true,
      "window_idx": 17,
      "dataset": "weather",
      "metrics": {
        "trend_strength": 0.8352459226309065,
        "trend_linearity": 0.01182242160917053,
        "seasonal_strength": 0.7794937027960777,
        "seasonal_correlation": 0.934558920714875,
        "residual_autocorr_lag1": 0.9844827449993944,
        "spectral_entropy": 1474.9767181817258
      },
      "n_series": 1
    },
    {
      "success": true,
      "window_idx": 18,
      "dataset": "weather",
      "metrics": {
        "trend_strength": 0.6555105348777952,
        "trend_linearity": 0.010181117008501805,
        "seasonal_strength": 0.2773105435683728,
        "seasonal_correlation": 0.7942736369817996,
        "residual_autocorr_lag1": 0.9953921585633634,
        "spectral_entropy": 1994.3398443310557
      },
      "n_series": 1
    },
    {
      "success": true,
      "window_idx": 19,
      "dataset": "weather",
      "metrics": {
        "trend_strength": 0.9807101431800259,
        "trend_linearity": 0.024314514372196238,
        "seasonal_strength": 0.10875285265656898,
        "seasonal_correlation": 0.2886679291056821,
        "residual_autocorr_lag1": 0.9825904191667825,
        "spectral_entropy": 2135.820648515876
      },
      "n_series": 1
    },
    {
      "success": true,
      "window_idx": 2,
      "dataset": "weather",
      "metrics": {
        "trend_strength": 0.07664830543829837,
        "trend_linearity": 0.003778677554383594,
        "seasonal_strength": 0.9349907492644274,
        "seasonal_correlation": 0.9936849810410578,
        "residual_autocorr_lag1": 0.9877454777717893,
        "spectral_entropy": 2069.109255407707
      },
      "n_series": 1
    },
    {
      "success": true,
      "window_idx": 3,
      "dataset": "weather",
      "metrics": {
        "trend_strength": 0.669679331116694,
        "trend_linearity": 0.008400811808976854,
        "seasonal_strength": 0.9782908956943862,
        "seasonal_correlation": 0.9946914487139112,
        "residual_autocorr_lag1": 0.9928669166552277,
        "spectral_entropy": 1673.7742027494528
      },
      "n_series": 1
    },
    {
      "success": true,
      "window_idx": 4,
      "dataset": "weather",
      "metrics": {
        "trend_strength": 0.131162454405798,
        "trend_linearity": -0.003725398868752928,
        "seasonal_strength": 0.9859771071769509,
        "seasonal_correlation": 0.9988151954258051,
        "residual_autocorr_lag1": 0.9572323315713488,
        "spectral_entropy": 1649.5673771541137
      },