metric,value
model,visiontspp
eval_data,data\datasets\ori\Coastal_T_S_15T.csv
clean_data,data\datasets\ori\Coastal_T_S_15T.csv
freq,15T
term,long
prediction_length,720
windows,20
MSE[mean],0.007126115692986382
MSE[0.5],0.007126115692986382
MAE[0.5],0.06660035875108507
MASE[0.5],1.1689026150043558
MAPE[0.5],0.0018763768672943116
sMAPE[0.5],0.0018768131061409517
MSIS,9.355278561095313
RMSE[mean],0.08441632361685969
NRMSE[mean],0.0023783426042666895
ND[0.5],0.0018763962216131857
mean_weighted_sum_quantile_loss,0.001535918981898998
