metric,value
model,visiontspp
eval_data,data\datasets\ori\current_velocity_5T.csv
clean_data,data\datasets\ori\current_velocity_5T.csv
freq,5T
term,long
prediction_length,720
windows,20
MSE[mean],0.040150194504231976
MSE[0.5],0.040150194504231976
MAE[0.5],0.15498119566175672
MASE[0.5],1.1446122497046138
MAPE[0.5],0.0015184443142491578
sMAPE[0.5],0.0015176681600728374
MSIS,9.895412964403675
RMSE[mean],0.2003751344459486
NRMSE[mean],0.001962228077423195
ND[0.5],0.001517695568569415
mean_weighted_sum_quantile_loss,0.0012492959995115602
