metric,value
model,visiontspp
eval_data,data\datasets\ori\ETTh1.csv
clean_data,data\datasets\ori\ETTh1.csv
freq,H
term,short
prediction_length,48
windows,20
MSE[mean],3.7350347949879183
MSE[0.5],3.7350347949879183
MAE[0.5],1.3645576203862826
MASE[0.5],0.6296432811196143
MAPE[0.5],0.18319085250498235
sMAPE[0.5],0.15019130160778255
MSIS,6.421097563377587
RMSE[mean],1.9326238110371916
NRMSE[mean],0.20696099964595926
ND[0.5],0.14612787422819437
mean_weighted_sum_quantile_loss,0.13202230562905667
