metric,value
model,visiontspp
eval_data,data\datasets\ori\ETTh1.csv
clean_data,data\datasets\ori\ETTh1.csv
freq,H
term,long
prediction_length,720
windows,15
MSE[mean],62.98834490740741
MSE[0.5],62.98834490740741
MAE[0.5],6.780381221064815
MASE[0.5],2.841130820785984
MAPE[0.5],1.08025418005257
sMAPE[0.5],0.8892220936290771
MSIS,15.157042143712703
RMSE[mean],7.936519697411921
NRMSE[mean],0.7214845202899342
ND[0.5],0.616383538272837
mean_weighted_sum_quantile_loss,0.450356210695898
