metric,value
model,visiontspp
eval_data,data\datasets\ori\ETTm1.csv
clean_data,data\datasets\ori\ETTm1.csv
freq,15T
term,long
prediction_length,720
windows,20
MSE[mean],15.160490451388888
MSE[0.5],15.160490451388888
MAE[0.5],3.1246129014756945
MASE[0.5],1.4106336363194911
MAPE[0.5],0.6784024160372564
sMAPE[0.5],0.519228079878622
MSIS,11.914634599986329
RMSE[mean],3.8936474482660715
NRMSE[mean],0.5171135293626765
ND[0.5],0.41497840439914313
mean_weighted_sum_quantile_loss,0.32572937655354123
