metric,value
model,visiontspp
eval_data,data\datasets\ori\ETTm1.csv
clean_data,data\datasets\ori\ETTm1.csv
freq,15T
term,medium
prediction_length,480
windows,20
MSE[mean],8.032581155065728
MSE[0.5],8.032581155065728
MAE[0.5],2.1459901967210073
MASE[0.5],0.9759304133336715
MAPE[0.5],0.3309744696566282
sMAPE[0.5],0.25455587364221266
MSIS,5.828197958468585
RMSE[mean],2.834180861389359
NRMSE[mean],0.30920464098650646
ND[0.5],0.23412412996550933
mean_weighted_sum_quantile_loss,0.180394351621106
