metric,value
model,visiontspp
eval_data,data\datasets\ori\ETTm2.csv
clean_data,data\datasets\ori\ETTm2.csv
freq,15T
term,long
prediction_length,720
windows,20
MSE[mean],34.211277008673186
MSE[0.5],34.211277008673186
MAE[0.5],4.599572461612406
MASE[0.5],1.5167569413010753
MAPE[0.5],0.5314714114109759
sMAPE[0.5],0.2292664215811697
MSIS,9.506067825748021
RMSE[mean],5.849040691316242
NRMSE[mean],0.23056259068210086
ND[0.5],0.1813099615384547
mean_weighted_sum_quantile_loss,0.13931994783324467
