metric,value
model,visiontspp
eval_data,data\datasets\ori\ETTm1.csv
clean_data,data\datasets\ori\ETTm1.csv
freq,15T
term,long
prediction_length,720
windows,20
MSE[mean],7.697207060282324
MSE[0.5],7.697207060282324
MAE[0.5],2.1321773287695316
MASE[0.5],0.9639688434271495
MAPE[0.5],0.3940276650455326
sMAPE[0.5],0.39917123623743356
MSIS,6.035337957520985
RMSE[mean],2.774384086654608
NRMSE[mean],0.368464676352889
ND[0.5],0.28317349178547196
mean_weighted_sum_quantile_loss,0.22230568248675933
