metric,value
eval_data,datasets\Impute\MCAR_020\forward\ETTh1_MCAR_020_medium.csv
clean_data,datasets\ori\ETTh1.csv
freq,H
term,medium
prediction_length,480
windows,4
MSE[mean],8.235262552897135
MSE[0.5],8.065109252929688
MAE[0.5],2.1875035603841146
MASE[0.5],0.9978404089302783
MAPE[0.5],0.2501586278279622
sMAPE[0.5],0.236304760390067
MSIS,10.05169056059723
RMSE[mean],2.869714716291
NRMSE[mean],0.3009496946867697
ND[0.5],0.2294055659562865
mean_weighted_sum_quantile_loss,0.1873938110284767
