metric,value
eval_data,datasets\Impute\MCAR_020\forward\ETTh1_MCAR_020_long.csv
clean_data,datasets\ori\ETTh1.csv
freq,H
term,long
prediction_length,720
windows,3
MSE[mean],7.383370406539352
MSE[0.5],7.118675401475694
MAE[0.5],2.022775833695023
MASE[0.5],0.9202536944676206
MAPE[0.5],0.2737715931337007
sMAPE[0.5],0.24135101306439055
MSIS,8.791639122752123
RMSE[mean],2.7172358025278838
NRMSE[mean],0.2938876036983741
ND[0.5],0.21877701671329677
mean_weighted_sum_quantile_loss,0.1787002659347257
