metric,value
eval_data,datasets\Impute\MCAR_020\backward\ETTh2_MCAR_020_short.csv
clean_data,datasets\ori\ETTh2.csv
freq,H
term,short
prediction_length,48
windows,20
MSE[mean],15.813795979817709
MSE[0.5],15.658472696940104
MAE[0.5],2.9691309611002605
MASE[0.5],0.9634655499521079
MAPE[0.5],0.08555816809336345
sMAPE[0.5],0.08417753895352449
MSIS,11.096541008548083
RMSE[mean],3.976656381914046
NRMSE[mean],0.11296418243562123
ND[0.5],0.08434358399443699
mean_weighted_sum_quantile_loss,0.06985336842581134
