metric,value
eval_data,datasets\Impute\MCAR_010\backward\ETTh2_MCAR_010_short.csv
clean_data,datasets\ori\ETTh2.csv
freq,H
term,short
prediction_length,48
windows,20
MSE[mean],16.550553385416666
MSE[0.5],16.654695638020833
MAE[0.5],3.013776397705078
MASE[0.5],0.9779808788184048
MAPE[0.5],0.08678776423136393
sMAPE[0.5],0.08522357960050793
MSIS,11.208711774692917
RMSE[mean],4.068237134855424
NRMSE[mean],0.11556570086952773
ND[0.5],0.08561181910483824
mean_weighted_sum_quantile_loss,0.07083311985108916
