metric,value
eval_data,datasets\Impute\MCAR_010\backward\ETTh1_MCAR_010_long.csv
clean_data,datasets\ori\ETTh1.csv
freq,H
term,long
prediction_length,720
windows,3
MSE[mean],7.33006908275463
MSE[0.5],7.1682300708912035
MAE[0.5],2.021825267650463
MASE[0.5],0.919804695598124
MAPE[0.5],0.2822510048850783
sMAPE[0.5],0.24184560987250164
MSIS,8.486368615689003
RMSE[mean],2.707410032254928
NRMSE[mean],0.2928248795588926
ND[0.5],0.21867420650568323
mean_weighted_sum_quantile_loss,0.17747572849474924
