metric,value
eval_data,datasets\Impute\MCAR_010\backward\ETTh2_MCAR_010_long.csv
clean_data,datasets\ori\ETTh2.csv
freq,H
term,long
prediction_length,720
windows,3
MSE[mean],58.223488136574076
MSE[0.5],58.32705078125
MAE[0.5],6.041970033998843
MASE[0.5],1.9816909032556782
MAPE[0.5],0.1925668504503038
sMAPE[0.5],0.21922121454972665
MSIS,22.804925144016615
RMSE[mean],7.630431713643342
NRMSE[mean],0.23804133017023602
ND[0.5],0.1884871836504605
mean_weighted_sum_quantile_loss,0.15813323651228914
