metric,value
model,visiontspp
eval_data,data\datasets\Imputed\BM\BM_020\EWELD_Load_15T_BM_020_long_backward.csv
clean_data,data\datasets\ori\EWELD_Load_15T.csv
freq,15T
term,long
prediction_length,720
windows,18
MSE[mean],4024.531831694029
MSE[0.5],4024.531831694029
MAE[0.5],42.02671407319514
MASE[0.5],1.1957645670477801
MAPE[0.5],0.9475328269022751
sMAPE[0.5],0.43442311594621413
MSIS,12.374618748529182
RMSE[mean],63.43919791181182
NRMSE[mean],0.3885422929535116
ND[0.5],0.2573985231339205
mean_weighted_sum_quantile_loss,0.2238404835932828
