metric,value
model,visiontspp
eval_data,data\datasets\Imputed\BM\BM_010\current_velocity_20T_BM_010_long_backward.csv
clean_data,data\datasets\ori\current_velocity_20T.csv
freq,20T
term,long
prediction_length,720
windows,14
MSE[mean],192.0012896825397
MSE[0.5],192.0012896825397
MAE[0.5],10.562442646329366
MASE[0.5],1.5870755220383703
MAPE[0.5],0.055384862990606396
sMAPE[0.5],0.05581815903706935
MSIS,13.300693131507389
RMSE[mean],13.856452997882961
NRMSE[mean],0.07223295990357094
ND[0.5],0.05506145737820812
mean_weighted_sum_quantile_loss,0.045240574682098404
