metric,value
model,visiontspp
eval_data,data\datasets\Imputed\BM\BM_030\current_velocity_20T_BM_030_long_backward.csv
clean_data,data\datasets\ori\current_velocity_20T.csv
freq,20T
term,long
prediction_length,720
windows,14
MSE[mean],167.65507192460316
MSE[0.5],167.65507192460316
MAE[0.5],10.336817956349206
MASE[0.5],1.555558153865661
MAPE[0.5],0.05381406753782242
sMAPE[0.5],0.0544835837320373
MSIS,11.05093283373175
RMSE[mean],12.948168670688654
NRMSE[mean],0.06749812152918377
ND[0.5],0.05388528774900486
mean_weighted_sum_quantile_loss,0.0432053875666886
