metric,value
model,visiontspp
eval_data,data\datasets\Imputed\BM\BM_010\current_velocity_20T_BM_010_long_backward.csv
clean_data,data\datasets\ori\current_velocity_20T.csv
freq,20T
term,long
prediction_length,720
windows,14
MSE[mean],64.93750177393372
MSE[0.5],64.93750177393372
MAE[0.5],6.364432035173689
MASE[0.5],0.9578202010798079
MAPE[0.5],0.033689965847280415
sMAPE[0.5],0.03348256426376956
MSIS,6.232066242488224
RMSE[mean],8.058380840710727
NRMSE[mean],0.042007915030180865
ND[0.5],0.03317744909725032
mean_weighted_sum_quantile_loss,0.02560020724064794
