metric,value
model,visiontspp
eval_data,data\datasets\Imputed\BM\BM_020\current_velocity_20T_BM_020_long_backward.csv
clean_data,data\datasets\ori\current_velocity_20T.csv
freq,20T
term,long
prediction_length,720
windows,14
MSE[mean],140.31532738095237
MSE[0.5],140.31532738095237
MAE[0.5],9.312966579861111
MASE[0.5],1.4003239468991768
MAPE[0.5],0.0489868890671503
sMAPE[0.5],0.048926707891229056
MSIS,13.819452883242045
RMSE[mean],11.845477085409113
NRMSE[mean],0.061749848354391394
ND[0.5],0.0485480044315224
mean_weighted_sum_quantile_loss,0.0423547242055983
