metric,value
model,visiontspp
eval_data,data\datasets\Imputed\BM\BM_020\exchange_rate_BM_020_long_backward.csv
clean_data,data\datasets\ori\exchange_rate.csv
freq,D
term,long
prediction_length,450
windows,11
MSE[mean],0.008701364908231705
MSE[0.5],0.008701364908231705
MAE[0.5],0.06879263800201994
MASE[0.5],24.460501578645303
MAPE[0.5],0.10073505165691461
sMAPE[0.5],0.10265534297334596
MSIS,149.458442950035
RMSE[mean],0.09328110692006021
NRMSE[mean],0.13487918766001797
ND[0.5],0.09947025112656266
mean_weighted_sum_quantile_loss,0.0791169793299119
