metric,value
model,visiontspp
eval_data,data\datasets\Imputed\BM\BM_030\ETTh2_BM_030_long_backward.csv
clean_data,data\datasets\ori\ETTh2.csv
freq,H
term,long
prediction_length,720
windows,15
MSE[mean],51.83519136812318
MSE[0.5],51.83519136812318
MAE[0.5],5.819467230991857
MASE[0.5],1.9448040983271913
MAPE[0.5],0.4499542103885499
sMAPE[0.5],0.2666985002271022
MSIS,11.590556263623615
RMSE[mean],7.199666059486591
NRMSE[mean],0.2629215740435921
ND[0.5],0.2125186740364723
mean_weighted_sum_quantile_loss,0.16359091430349806
