metric,value
model,visiontspp
eval_data,data\datasets\Imputed\BM\BM_010\electricity_BM_010_long_backward.csv
clean_data,data\datasets\ori\electricity.csv
freq,H
term,long
prediction_length,720
windows,20
MSE[mean],144388.64913492237
MSE[0.5],144388.64913492237
MAE[0.5],274.44659578111435
MASE[0.5],0.9412519438394288
MAPE[0.5],0.08366760866966463
sMAPE[0.5],0.0812846031144282
MSIS,7.003886527899815
RMSE[mean],379.985064357696
NRMSE[mean],0.1146130928559811
ND[0.5],0.0827800251029306
mean_weighted_sum_quantile_loss,0.06627081237777094
