metric,value
model,visiontspp
eval_data,data\datasets\Imputed\BM\BM_020\weather_BM_020_long_backward.csv
clean_data,data\datasets\ori\weather.csv
freq,10T
term,long
prediction_length,720
windows,20
MSE[mean],1849.7655555555555
MSE[0.5],1849.7655555555555
MAE[0.5],31.95703125
MASE[0.5],0.9905632517717999
MAPE[0.5],0.07400203280978733
sMAPE[0.5],0.07113419840095353
MSIS,9.93613452436793
RMSE[mean],43.008900887555306
NRMSE[mean],0.09914384035971208
ND[0.5],0.07366714189938983
mean_weighted_sum_quantile_loss,0.06028259092339108
