metric,value
model,visiontspp
eval_data,data\datasets\Imputed\BM\BM_010\Coastal_T_S_20T_BM_010_long_backward.csv
clean_data,data\datasets\ori\Coastal_T_S_20T.csv
freq,20T
term,long
prediction_length,720
windows,7
MSE[mean],6.116776723710317
MSE[0.5],6.116776723710317
MAE[0.5],2.2490028986855157
MASE[0.5],24.086066690084543
MAPE[0.5],0.12204259236653646
sMAPE[0.5],0.11376997644878827
MSIS,205.90636498744306
RMSE[mean],2.473211823461613
NRMSE[mean],0.13625103406565797
ND[0.5],0.12389920170027031
mean_weighted_sum_quantile_loss,0.10414436368312519
