metric,value
model,visiontspp
eval_data,data\datasets\Imputed\BM\BM_010\EWELD_Load_15T_BM_010_long_backward.csv
clean_data,data\datasets\ori\EWELD_Load_15T.csv
freq,15T
term,long
prediction_length,720
windows,18
MSE[mean],3618.70860695815
MSE[0.5],3618.70860695815
MAE[0.5],37.11605513193357
MASE[0.5],1.0569871847251857
MAPE[0.5],0.9075246855666089
sMAPE[0.5],0.40154458144771205
MSIS,10.205760236639378
RMSE[mean],60.155703029373285
NRMSE[mean],0.3684320665868846
ND[0.5],0.22732250156122058
mean_weighted_sum_quantile_loss,0.19012918919423308
