metric,value
model,visiontspp
eval_data,data\datasets\Imputed\BM\BM_020\Coastal_T_S_15T_BM_020_long_backward.csv
clean_data,data\datasets\ori\Coastal_T_S_15T.csv
freq,15T
term,long
prediction_length,720
windows,20
MSE[mean],0.009295738008287218
MSE[0.5],0.009295738008287218
MAE[0.5],0.07502237955729167
MASE[0.5],1.3148196059290886
MAPE[0.5],0.0021140958203209772
sMAPE[0.5],0.00211416594778113
MSIS,10.60981985605314
RMSE[mean],0.09641440768001024
NRMSE[mean],0.0027163762128668274
ND[0.5],0.0021136779467488816
mean_weighted_sum_quantile_loss,0.0017120601922152984
