metric,value
model,visiontspp
eval_data,data\datasets\Imputed\BM\BM_020\ETTh2_BM_020_long_backward.csv
clean_data,data\datasets\ori\ETTh2.csv
freq,H
term,long
prediction_length,720
windows,15
MSE[mean],240.77016203703704
MSE[0.5],240.77016203703704
MAE[0.5],12.556255787037037
MASE[0.5],4.2076961784188756
MAPE[0.5],1.254427173755787
sMAPE[0.5],0.68633114774461
MSIS,25.50626935730772
RMSE[mean],15.516770348143876
NRMSE[mean],0.5666504043797065
ND[0.5],0.45853661938553264
mean_weighted_sum_quantile_loss,0.33922580074169995
