metric,value
model,visiontspp
eval_data,data\datasets\Imputed\BM\BM_020\weather_BM_020_long_backward.csv
clean_data,data\datasets\ori\weather.csv
freq,10T
term,long
prediction_length,720
windows,20
MSE[mean],235.10322621573707
MSE[0.5],235.10322621573707
MAE[0.5],10.751290245056152
MASE[0.5],0.3331609514053673
MAPE[0.5],0.024273533903083334
sMAPE[0.5],0.02450951233485571
MSIS,2.322199329073119
RMSE[mean],15.333076215024077
NRMSE[mean],0.03534570819328963
ND[0.5],0.024783804787376087
mean_weighted_sum_quantile_loss,0.01927646020188743
