metric,value
model,visiontspp
eval_data,data\datasets\Imputed\BM\BM_030\current_velocity_15T_BM_030_long_backward.csv
clean_data,data\datasets\ori\current_velocity_15T.csv
freq,15T
term,long
prediction_length,720
windows,15
MSE[mean],0.3106548394097222
MSE[0.5],0.3106548394097222
MAE[0.5],0.441709888599537
MASE[0.5],4.152015507371293
MAPE[0.5],0.034386401706271705
sMAPE[0.5],0.033967398619517704
MSIS,19.859208488126562
RMSE[mean],0.5573641892064131
NRMSE[mean],0.04395007861151711
ND[0.5],0.034830340203727515
mean_weighted_sum_quantile_loss,0.025234582774007547
