metric,value
model,visiontspp
eval_data,data\datasets\Imputed\BM\BM_030\EWELD_Load_15T_BM_030_long_forward.csv
clean_data,data\datasets\ori\EWELD_Load_15T.csv
freq,15T
term,long
prediction_length,720
windows,18
MSE[mean],4858.586890718185
MSE[0.5],4858.586890718185
MAE[0.5],45.9428905169721
MASE[0.5],1.3059208974958274
MAPE[0.5],1.0803819337608052
sMAPE[0.5],0.4525961317398513
MSIS,13.337152395904896
RMSE[mean],69.70356440468582
NRMSE[mean],0.4269092868809243
ND[0.5],0.2813836967357501
mean_weighted_sum_quantile_loss,0.25436593092776755
