metric,value
model,visiontspp
eval_data,data\datasets\Imputed\BM\BM_010\current_velocity_20T_BM_010_long_forward.csv
clean_data,data\datasets\ori\current_velocity_20T.csv
freq,20T
term,long
prediction_length,720
windows,14
MSE[mean],149.71046626984128
MSE[0.5],149.71046626984128
MAE[0.5],9.736732700892857
MASE[0.5],1.4657229210189568
MAPE[0.5],0.05119889879983569
sMAPE[0.5],0.051062039732237066
MSIS,10.954324705936251
RMSE[mean],12.235622839473326
NRMSE[mean],0.06378365762824917
ND[0.5],0.05075707490819162
mean_weighted_sum_quantile_loss,0.0414644864612284
