metric,value
model,visiontspp
eval_data,data\datasets\Imputed\BM\BM_030\current_velocity_5T_BM_030_long_forward.csv
clean_data,data\datasets\ori\current_velocity_5T.csv
freq,5T
term,long
prediction_length,720
windows,20
MSE[mean],0.39631883409288193
MSE[0.5],0.39631883409288193
MAE[0.5],0.490944586859809
MASE[0.5],3.6419245200575117
MAPE[0.5],0.0048057874043782554
sMAPE[0.5],0.004812930229598397
MSIS,20.024206005162632
RMSE[mean],0.6295385882476799
NRMSE[mean],0.006164928083999267
ND[0.5],0.004807708578506837
mean_weighted_sum_quantile_loss,0.003723055051916289
