metric,value
model,visiontspp
eval_data,data\datasets\Imputed\BM\BM_030\electricity_BM_030_short_forward.csv
clean_data,data\datasets\ori\electricity.csv
freq,H
term,short
prediction_length,48
windows,20
MSE[mean],93013.80509508475
MSE[0.5],93013.80509508475
MAE[0.5],250.87498372395834
MASE[0.5],0.8730376746725705
MAPE[0.5],0.08310069730599677
sMAPE[0.5],0.08188631708230157
MSIS,4.736623166374909
RMSE[mean],304.98164714468436
NRMSE[mean],0.1008712664132894
ND[0.5],0.08297573823399201
mean_weighted_sum_quantile_loss,0.061620975872318184
