metric,value
model,visiontspp
eval_data,data\datasets\Imputed\BM\BM_030\EWELD_Load_15T_BM_030_long_forward.csv
clean_data,data\datasets\ori\EWELD_Load_15T.csv
freq,15T
term,long
prediction_length,720
windows,18
MSE[mean],36365.9950617284
MSE[0.5],36365.9950617284
MAE[0.5],154.27391975308643
MASE[0.5],4.376826202090973
MAPE[0.5],10.017446711033951
sMAPE[0.5],1.124160503913929
MSIS,26.455264455142075
RMSE[mean],190.6987023074053
NRMSE[mean],1.167961031928221
ND[0.5],0.9448723265246327
mean_weighted_sum_quantile_loss,0.7121734806150805
