metric,value
model,visiontspp
eval_data,data\datasets\Imputed\BM\BM_010\weather_BM_010_long_forward.csv
clean_data,data\datasets\ori\weather.csv
freq,10T
term,long
prediction_length,720
windows,20
MSE[mean],2125.3506944444443
MSE[0.5],2125.3506944444443
MAE[0.5],33.170260416666665
MASE[0.5],1.0203858574326106
MAPE[0.5],0.07684607611762152
sMAPE[0.5],0.07428897244672526
MSIS,9.86108607686835
RMSE[mean],46.10152594485832
NRMSE[mean],0.10627293965418892
ND[0.5],0.07646386993329667
mean_weighted_sum_quantile_loss,0.06158961751129363
