metric,value
model,visiontspp
eval_data,data\datasets\Imputed\BM\BM_030\ETTh2_BM_030_medium_forward.csv
clean_data,data\datasets\ori\ETTh2.csv
freq,H
term,medium
prediction_length,480
windows,20
MSE[mean],42.79193117697656
MSE[0.5],42.79193117697656
MAE[0.5],5.1226180973161055
MASE[0.5],1.6929302800499302
MAPE[0.5],0.6000022092148508
sMAPE[0.5],0.23597106876696336
MSIS,10.316968746955839
RMSE[mean],6.541554186657523
NRMSE[mean],0.24137236845918894
ND[0.5],0.18901600867008547
mean_weighted_sum_quantile_loss,0.1466017920034567
