metric,value
model,visiontspp
eval_data,data\datasets\Imputed\BM\BM_010\traffic_BM_010_long_forward.csv
clean_data,data\datasets\ori\traffic.csv
freq,H
term,long
prediction_length,720
windows,15
MSE[mean],0.0008435295246265553
MSE[0.5],0.0008435295246265553
MAE[0.5],0.02331366079824942
MASE[0.5],5.160473835766571
MAPE[0.5],1.6378792264937472
sMAPE[0.5],0.8232697016820539
MSIS,30.919940201611823
RMSE[mean],0.029043579748828402
NRMSE[mean],0.8672802468416663
ND[0.5],0.6961771815578028
mean_weighted_sum_quantile_loss,0.5287258228952509
