metric,value
model,visiontspp
eval_data,data\datasets\Imputed\BM\BM_010\exchange_rate_BM_010_long_forward.csv
clean_data,data\datasets\ori\exchange_rate.csv
freq,D
term,long
prediction_length,450
windows,11
MSE[mean],0.037782340001578284
MSE[0.5],0.037782340001578284
MAE[0.5],0.16758345170454544
MASE[0.5],59.89254238031854
MAPE[0.5],0.2470421993371212
sMAPE[0.5],0.23815767214404496
MSIS,275.040140194755
RMSE[mean],0.19437679903110425
NRMSE[mean],0.2810578220918584
ND[0.5],0.2423161621628445
mean_weighted_sum_quantile_loss,0.1681227762531921
