metric,value
model,visiontspp
eval_data,data\datasets\Imputed\BM\BM_020\ETTh2_BM_020_long_forward.csv
clean_data,data\datasets\ori\ETTh2.csv
freq,H
term,long
prediction_length,720
windows,15
MSE[mean],315.7776388888889
MSE[0.5],315.7776388888889
MAE[0.5],15.418603877314816
MASE[0.5],5.1587027263516605
MAPE[0.5],1.2390635850694445
sMAPE[0.5],0.8400526324740643
MSIS,25.561507062446896
RMSE[mean],17.770133339085806
NRMSE[mean],0.6489400188666702
ND[0.5],0.5630655043558127
mean_weighted_sum_quantile_loss,0.4073916562176764
