metric,value
model,visiontspp
eval_data,data\datasets\Imputed\BM\BM_010\current_velocity_20T_BM_010_long_forward.csv
clean_data,data\datasets\ori\current_velocity_20T.csv
freq,20T
term,long
prediction_length,720
windows,14
MSE[mean],61.85698689865981
MSE[0.5],61.85698689865981
MAE[0.5],6.16837626714555
MASE[0.5],0.92816410648374
MAPE[0.5],0.03265017565046654
sMAPE[0.5],0.03245688178306269
MSIS,6.3385785442969125
RMSE[mean],7.8649212900486045
NRMSE[mean],0.04099942057867332
ND[0.5],0.032155420701310604
mean_weighted_sum_quantile_loss,0.025038439162017638
