metric,value
model,visiontspp
eval_data,data\datasets\Imputed\BM\BM_020\ETTh1_BM_020_long_forward.csv
clean_data,data\datasets\ori\ETTh1.csv
freq,H
term,long
prediction_length,720
windows,15
MSE[mean],12.41920901449546
MSE[0.5],12.41920901449546
MAE[0.5],2.770394502972011
MASE[0.5],1.1590082445220233
MAPE[0.5],0.42382571110343287
sMAPE[0.5],0.37242051780500274
MSIS,8.309683596852157
RMSE[mean],3.524089813624996
NRMSE[mean],0.3203641325896288
ND[0.5],0.25184801716581573
mean_weighted_sum_quantile_loss,0.20024579291101535
