metric,value
model,visiontspp
eval_data,data\datasets\Imputed\BM\BM_020\electricity_BM_020_long_forward.csv
clean_data,data\datasets\ori\electricity.csv
freq,H
term,long
prediction_length,720
windows,20
MSE[mean],347635.41333333333
MSE[0.5],347635.41333333333
MAE[0.5],457.41746527777775
MASE[0.5],1.564902208520406
MAPE[0.5],0.1372902398142883
sMAPE[0.5],0.1373102727246373
MSIS,15.14811515330417
RMSE[mean],589.606151030782
NRMSE[mean],0.17784010708625103
ND[0.5],0.13796866071682917
mean_weighted_sum_quantile_loss,0.12033233844426203
