metric,value
model,visiontspp
eval_data,data\datasets\Imputed\BM\BM_030\ETTh1_BM_030_long_forward.csv
clean_data,data\datasets\ori\ETTh1.csv
freq,H
term,long
prediction_length,720
windows,15
MSE[mean],129.65873842592592
MSE[0.5],129.65873842592592
MAE[0.5],9.381867766203703
MASE[0.5],4.030888032779893
MAPE[0.5],1.7146137558411214
sMAPE[0.5],1.102952480891353
MSIS,24.455996559205428
RMSE[mean],11.386779106750334
NRMSE[mean],1.0351369586041883
ND[0.5],0.852876654099452
mean_weighted_sum_quantile_loss,0.6542980051857291
