metric,value
model,visiontspp
eval_data,data\datasets\Imputed\BM\BM_020\Coastal_T_S_15T_BM_020_long_forward.csv
clean_data,data\datasets\ori\Coastal_T_S_15T.csv
freq,15T
term,long
prediction_length,720
windows,20
MSE[mean],0.006851988368564182
MSE[0.5],0.006851988368564182
MAE[0.5],0.06583920796712239
MASE[0.5],1.1554096762634634
MAPE[0.5],0.0018550250265333388
sMAPE[0.5],0.0018552189312949006
MSIS,9.04515279371613
RMSE[mean],0.08277673808845201
NRMSE[mean],0.002332148977862752
ND[0.5],0.0018549515855498372
mean_weighted_sum_quantile_loss,0.0014967727720258139
