metric,value
model,visiontspp
eval_data,data\datasets\Imputed\BM\BM_020\traffic_BM_020_long_forward.csv
clean_data,data\datasets\ori\traffic.csv
freq,H
term,long
prediction_length,720
windows,15
MSE[mean],0.0005399110582139756
MSE[0.5],0.0005399110582139756
MAE[0.5],0.01951795083505136
MASE[0.5],4.324666432145799
MAPE[0.5],1.281062919754516
sMAPE[0.5],0.6902926022404777
MSIS,29.762944919723918
RMSE[mean],0.023235986275903498
NRMSE[mean],0.6938577161373531
ND[0.5],0.5828321909509001
mean_weighted_sum_quantile_loss,0.44743485648707687
