metric,value
model,visiontspp
eval_data,data\datasets\Imputed\BM\BM_010\ETTh2_BM_010_long_forward.csv
clean_data,data\datasets\ori\ETTh2.csv
freq,H
term,long
prediction_length,720
windows,15
MSE[mean],419.52296296296294
MSE[0.5],419.52296296296294
MAE[0.5],17.661769386574075
MASE[0.5],5.913275910516338
MAPE[0.5],1.6874274811921297
sMAPE[0.5],0.8845399090432778
MSIS,25.803815459769055
RMSE[mean],20.48225971329733
NRMSE[mean],0.7479830202254977
ND[0.5],0.644982721301955
mean_weighted_sum_quantile_loss,0.46923992226841577
