metric,value
model,visiontspp
eval_data,data\datasets\Imputed\BM\BM_010\ETTh1_BM_010_long_forward.csv
clean_data,data\datasets\ori\ETTh1.csv
freq,H
term,long
prediction_length,720
windows,15
MSE[mean],12.158257720631221
MSE[0.5],12.158257720631221
MAE[0.5],2.742126417485652
MASE[0.5],1.1464287417019992
MAPE[0.5],0.41447159109229936
sMAPE[0.5],0.34906074976895424
MSIS,7.483845281861372
RMSE[mean],3.4868693294460034
NRMSE[mean],0.31698053320391867
ND[0.5],0.24927825272570583
mean_weighted_sum_quantile_loss,0.19583597826699523
