metric,value
model,visiontspp
eval_data,data\datasets\Imputed\BM\BM_030\Coastal_T_S_15T_BM_030_long_linear.csv
clean_data,data\datasets\ori\Coastal_T_S_15T.csv
freq,15T
term,long
prediction_length,720
windows,20
MSE[mean],0.005942502768637294
MSE[0.5],0.005942502768637294
MAE[0.5],0.0618769907951355
MASE[0.5],1.0883309826299161
MAPE[0.5],0.0017431110939976925
sMAPE[0.5],0.0017437027337193379
MSIS,7.2367406810815575
RMSE[mean],0.07708763045156658
NRMSE[mean],0.0021718642545611884
ND[0.5],0.0017433202149364474
mean_weighted_sum_quantile_loss,0.0013671573640011577
