metric,value
model,visiontspp
eval_data,data\datasets\Imputed\BM\BM_020\current_velocity_20T_BM_020_long_linear.csv
clean_data,data\datasets\ori\current_velocity_20T.csv
freq,20T
term,long
prediction_length,720
windows,14
MSE[mean],128.73097718253968
MSE[0.5],128.73097718253968
MAE[0.5],9.026981026785714
MASE[0.5],1.3591870763430969
MAPE[0.5],0.04740500071692088
sMAPE[0.5],0.04732478672963308
MSIS,11.030392144654451
RMSE[mean],11.34596744145424
NRMSE[mean],0.0591459308807961
ND[0.5],0.04705717680114312
mean_weighted_sum_quantile_loss,0.0384496452402679
