metric,value
model,visiontspp
eval_data,data\datasets\Imputed\BM\BM_030\Finland_Traffic_15T_BM_030_long_linear.csv
clean_data,data\datasets\ori\Finland_Traffic_15T.csv
freq,15T
term,long
prediction_length,720
windows,20
MSE[mean],23114.095555555556
MSE[0.5],23114.095555555556
MAE[0.5],123.04080729166667
MASE[0.5],2.9714563277243613
MAPE[0.5],3.199395690044463
sMAPE[0.5],0.9079677345017363
MSIS,18.718597460423528
RMSE[mean],152.0332054373503
NRMSE[mean],0.9804038886493347
ND[0.5],0.7934430217681122
mean_weighted_sum_quantile_loss,0.6002070235353594
