metric,value
model,visiontspp
eval_data,data\datasets\Imputed\BM\BM_010\Coastal_T_S_5T_BM_010_long_linear.csv
clean_data,data\datasets\ori\Coastal_T_S_5T.csv
freq,5T
term,long
prediction_length,720
windows,20
MSE[mean],591.0871120505352
MSE[0.5],591.0871120505352
MAE[0.5],10.958828344146411
MASE[0.5],0.37055542913257505
MAPE[0.5],0.30035125487111436
sMAPE[0.5],0.22832070238119268
MSIS,3.021077913551443
RMSE[mean],24.312283151743177
NRMSE[mean],0.8942872277018904
ND[0.5],0.4031024218326
mean_weighted_sum_quantile_loss,0.2746392468110653
