metric,value
model,visiontspp
eval_data,data\datasets\Imputed\BM\BM_010\Finland_Traffic_15T_BM_010_long_linear.csv
clean_data,data\datasets\ori\Finland_Traffic_15T.csv
freq,15T
term,long
prediction_length,720
windows,20
MSE[mean],1888.0695557558665
MSE[0.5],1888.0695557558665
MAE[0.5],26.168926379415723
MASE[0.5],0.6336295160272749
MAPE[0.5],0.24684720323093895
sMAPE[0.5],0.20664309021590882
MSIS,4.891522327674407
RMSE[mean],43.45192234822145
NRMSE[mean],0.28020479813562826
ND[0.5],0.16875337930521817
mean_weighted_sum_quantile_loss,0.13650132611879037
