metric,value
model,visiontspp
eval_data,data\datasets\Imputed\BM\BM_010\current_velocity_15T_BM_010_long_linear.csv
clean_data,data\datasets\ori\current_velocity_15T.csv
freq,15T
term,long
prediction_length,720
windows,15
MSE[mean],0.3131478994864005
MSE[0.5],0.3131478994864005
MAE[0.5],0.4402641239872685
MASE[0.5],4.146665648358673
MAPE[0.5],0.03432932535807292
sMAPE[0.5],0.03391947758507322
MSIS,20.30647893143964
RMSE[mean],0.5595961932379458
NRMSE[mean],0.04412607978731342
ND[0.5],0.03471633670369386
mean_weighted_sum_quantile_loss,0.02528643375824584
