metric,value
model,visiontspp
eval_data,data\datasets\Imputed\BM\BM_010\Coastal_T_S_20T_BM_010_long_linear.csv
clean_data,data\datasets\ori\Coastal_T_S_20T.csv
freq,20T
term,long
prediction_length,720
windows,7
MSE[mean],6.066899956597222
MSE[0.5],6.066899956597222
MAE[0.5],2.239951869419643
MASE[0.5],23.991183084467508
MAPE[0.5],0.121546875484406
sMAPE[0.5],0.11332759133349131
MSIS,193.97267190170018
RMSE[mean],2.4631077842021494
NRMSE[mean],0.1356943952107559
ND[0.5],0.1234005739300425
mean_weighted_sum_quantile_loss,0.1035509444191059
