metric,value
model,visiontspp
eval_data,data\datasets\Imputed\BM\BM_020\Coastal_T_S_5T_BM_020_long_linear.csv
clean_data,data\datasets\ori\Coastal_T_S_5T.csv
freq,5T
term,long
prediction_length,720
windows,20
MSE[mean],672.9692495905088
MSE[0.5],672.9692495905088
MAE[0.5],10.890715425875452
MASE[0.5],0.3682311577200787
MAPE[0.5],0.24793917896137774
sMAPE[0.5],0.22157593189011032
MSIS,3.0507494319397948
RMSE[mean],25.94165086478709
NRMSE[mean],0.9542208310541751
ND[0.5],0.40059700050005626
mean_weighted_sum_quantile_loss,0.28215366811453907
