metric,value
model,visiontspp
eval_data,data\datasets\Imputed\BM\BM_030\Coastal_T_S_20T_BM_030_long_linear.csv
clean_data,data\datasets\ori\Coastal_T_S_20T.csv
freq,20T
term,long
prediction_length,720
windows,7
MSE[mean],0.22026243628651396
MSE[0.5],0.22026243628651396
MAE[0.5],0.37383618279108927
MASE[0.5],4.1060555078793755
MAPE[0.5],0.02037237958112412
sMAPE[0.5],0.020557992225572332
MSIS,27.958708269570742
RMSE[mean],0.46932125062318875
NRMSE[mean],0.02585524826454065
ND[0.5],0.0205949065879657
mean_weighted_sum_quantile_loss,0.016006162048543073
