metric,value
model,visiontspp
eval_data,data\datasets\Imputed\BM\BM_020\Coastal_T_S_15T_BM_020_long_linear.csv
clean_data,data\datasets\ori\Coastal_T_S_15T.csv
freq,15T
term,long
prediction_length,720
windows,20
MSE[mean],0.009156383938259549
MSE[0.5],0.009156383938259549
MAE[0.5],0.07468257480197482
MASE[0.5],1.3105922953773799
MAPE[0.5],0.002104630602730645
sMAPE[0.5],0.0021046263519328237
MSIS,10.219380230124633
RMSE[mean],0.09568899590997676
NRMSE[mean],0.002695938486555295
ND[0.5],0.0021041042992352736
mean_weighted_sum_quantile_loss,0.0016798996383649621
