metric,value
model,visiontspp
eval_data,data\datasets\Imputed\BM\BM_010\current_velocity_20T_BM_010_long_linear.csv
clean_data,data\datasets\ori\current_velocity_20T.csv
freq,20T
term,long
prediction_length,720
windows,14
MSE[mean],62.71031842877167
MSE[0.5],62.71031842877167
MAE[0.5],6.211284440661234
MASE[0.5],0.9347734284947727
MAPE[0.5],0.032906714414727915
sMAPE[0.5],0.03269225708720482
MSIS,6.052640480695689
RMSE[mean],7.918984684211207
NRMSE[mean],0.04128125020587985
ND[0.5],0.032379098750632995
mean_weighted_sum_quantile_loss,0.02507167416951504
