metric,value
model,visiontspp
eval_data,data\datasets\Imputed\BM\BM_030\traffic_BM_030_long_linear.csv
clean_data,data\datasets\ori\traffic.csv
freq,H
term,long
prediction_length,720
windows,15
MSE[mean],0.0005167867960753264
MSE[0.5],0.0005167867960753264
MAE[0.5],0.019146735579879195
MASE[0.5],4.2429777884152795
MAPE[0.5],1.387351457561371
sMAPE[0.5],0.6726356645121384
MSIS,31.28775029087795
RMSE[mean],0.02273294516940835
NRMSE[mean],0.6788362339789695
ND[0.5],0.571747205528258
mean_weighted_sum_quantile_loss,0.45136124977107983
