metric,value
model,visiontspp
eval_data,data\datasets\Imputed\BM\BM_020\current_velocity_5T_BM_020_long_linear.csv
clean_data,data\datasets\ori\current_velocity_5T.csv
freq,5T
term,long
prediction_length,720
windows,20
MSE[mean],0.18746587117513022
MSE[0.5],0.18746587117513022
MAE[0.5],0.35268571641710067
MASE[0.5],2.6051868778018616
MAPE[0.5],0.0034507115681966147
sMAPE[0.5],0.003453874169399965
MSIS,17.60823786367043
RMSE[mean],0.4329732915263137
NRMSE[mean],0.004240008880126039
ND[0.5],0.0034537709340698203
mean_weighted_sum_quantile_loss,0.0026990233655302394
