metric,value
model,visiontspp
eval_data,data\datasets\Imputed\BM\BM_010\EWELD_Load_15T_BM_010_long_linear.csv
clean_data,data\datasets\ori\EWELD_Load_15T.csv
freq,15T
term,long
prediction_length,720
windows,18
MSE[mean],3672.491746302747
MSE[0.5],3672.491746302747
MAE[0.5],37.70551904625731
MASE[0.5],1.0729738682486227
MAPE[0.5],0.8588191073286158
sMAPE[0.5],0.38395013369917436
MSIS,8.661887397521555
RMSE[mean],60.601087005950205
NRMSE[mean],0.3711598834130764
ND[0.5],0.23093275623693507
mean_weighted_sum_quantile_loss,0.18870633516271368
