metric,value
model,visiontspp
eval_data,data\datasets\Imputed\BM\BM_030\current_velocity_15T_BM_030_long_linear.csv
clean_data,data\datasets\ori\current_velocity_15T.csv
freq,15T
term,long
prediction_length,720
windows,15
MSE[mean],0.3011683485243056
MSE[0.5],0.3011683485243056
MAE[0.5],0.4322825339988426
MASE[0.5],4.065855624332636
MAPE[0.5],0.033693033854166665
sMAPE[0.5],0.033301391339015024
MSIS,20.240794250072028
RMSE[mean],0.5487880725055033
NRMSE[mean],0.043273822385362364
ND[0.5],0.034086960948614076
mean_weighted_sum_quantile_loss,0.024857281087083922
