metric,value
model,visiontspp
eval_data,data\datasets\Imputed\BM\BM_010\Coastal_T_S_15T_BM_010_long_linear.csv
clean_data,data\datasets\ori\Coastal_T_S_15T.csv
freq,15T
term,long
prediction_length,720
windows,20
MSE[mean],0.00947022967868381
MSE[0.5],0.00947022967868381
MAE[0.5],0.07754886203342014
MASE[0.5],1.357844655424056
MAPE[0.5],0.0021853293312920465
sMAPE[0.5],0.0021850135701085493
MSIS,10.31748139994481
RMSE[mean],0.09731510509003118
NRMSE[mean],0.0027417524307832594
ND[0.5],0.0021848589773180624
mean_weighted_sum_quantile_loss,0.0016986164854656872
