metric,value
model,visiontspp
eval_data,data\datasets\Imputed\BM\BM_020\current_velocity_20T_BM_020_long_linear.csv
clean_data,data\datasets\ori\current_velocity_20T.csv
freq,20T
term,long
prediction_length,720
windows,14
MSE[mean],60.551384893080844
MSE[0.5],60.551384893080844
MAE[0.5],6.076434126354399
MASE[0.5],0.9143828515654089
MAPE[0.5],0.03218685998516218
sMAPE[0.5],0.0319788565058651
MSIS,6.232765013701138
RMSE[mean],7.781477038010254
NRMSE[mean],0.04056443008633084
ND[0.5],0.031676131162333324
mean_weighted_sum_quantile_loss,0.02467922158534083
