metric,value
model,visiontspp
eval_data,data\datasets\Imputed\BM\BM_010\weather_BM_010_long_linear.csv
clean_data,data\datasets\ori\weather.csv
freq,10T
term,long
prediction_length,720
windows,20
MSE[mean],2182.152222222222
MSE[0.5],2182.152222222222
MAE[0.5],33.79643012152778
MASE[0.5],1.0400028266199854
MAPE[0.5],0.07831971910264757
sMAPE[0.5],0.0756536876746967
MSIS,9.893648323977112
RMSE[mean],46.71351220174118
NRMSE[mean],0.10768368641829162
ND[0.5],0.07790731229001127
mean_weighted_sum_quantile_loss,0.062084523570586664
