metric,value
model,visiontspp
eval_data,data\datasets\Imputed\BM\BM_030\current_velocity_20T_BM_030_long_mean.csv
clean_data,data\datasets\ori\current_velocity_20T.csv
freq,20T
term,long
prediction_length,720
windows,14
MSE[mean],67.98205129016637
MSE[0.5],67.98205129016637
MAE[0.5],6.479288373674665
MASE[0.5],0.9755077343996883
MAPE[0.5],0.03443977716367058
sMAPE[0.5],0.034075163992744004
MSIS,6.1699660292445735
RMSE[mean],8.245122879021656
NRMSE[mean],0.04298139144349423
ND[0.5],0.033776189142403254
mean_weighted_sum_quantile_loss,0.026079318334413227
