metric,value
model,visiontspp
eval_data,data\datasets\Imputed\BM\BM_030\traffic_BM_030_long_mean.csv
clean_data,data\datasets\ori\traffic.csv
freq,H
term,long
prediction_length,720
windows,15
MSE[mean],7.463766358603288e-05
MSE[0.5],7.463766358603288e-05
MAE[0.5],0.006438630040287266
MASE[0.5],1.426344349596584
MAPE[0.5],0.3751680242279376
sMAPE[0.5],0.26351369222582055
MSIS,10.755730696289717
RMSE[mean],0.008639309207687434
NRMSE[mean],0.257981360664981
ND[0.5],0.19226612900180687
mean_weighted_sum_quantile_loss,0.15901031913752772
