metric,value
model,visiontspp
eval_data,data\datasets\Imputed\BM\BM_020\current_velocity_H_BM_020_long_mean.csv
clean_data,data\datasets\ori\current_velocity_H.csv
freq,H
term,long
prediction_length,720
windows,5
MSE[mean],188.95458333333335
MSE[0.5],188.95458333333335
MAE[0.5],11.166958550347223
MASE[0.5],1.7679175052988925
MAPE[0.5],0.05797639634874132
sMAPE[0.5],0.05925878860598955
MSIS,12.252155558771932
RMSE[mean],13.746075197427567
NRMSE[mean],0.07161086069644694
ND[0.5],0.05817482457113016
mean_weighted_sum_quantile_loss,0.04503781836861944
