metric,value
model,visiontspp
eval_data,data\datasets\Imputed\BM\BM_020\current_velocity_5T_BM_020_long_mean.csv
clean_data,data\datasets\ori\current_velocity_5T.csv
freq,5T
term,long
prediction_length,720
windows,20
MSE[mean],0.2966866726345486
MSE[0.5],0.2966866726345486
MAE[0.5],0.44062913682725696
MASE[0.5],3.257506525199666
MAPE[0.5],0.004313748677571614
sMAPE[0.5],0.004314485229552796
MSIS,18.16971799058378
RMSE[mean],0.5446895194829332
NRMSE[mean],0.005334020468971269
ND[0.5],0.00431498083035059
mean_weighted_sum_quantile_loss,0.0032799330987510157
