metric,value
model,visiontspp
eval_data,data\datasets\Imputed\BM\BM_030\Finland_Traffic_15T_BM_030_long_mean.csv
clean_data,data\datasets\ori\Finland_Traffic_15T.csv
freq,15T
term,long
prediction_length,720
windows,20
MSE[mean],29075.613333333335
MSE[0.5],29075.613333333335
MAE[0.5],137.98568576388888
MASE[0.5],3.3337019814318216
MAPE[0.5],3.6386409376302624
sMAPE[0.5],1.0310735299252325
MSIS,20.518442170465274
RMSE[mean],170.51572752486305
NRMSE[mean],1.0995905918074926
ND[0.5],0.8898168167388181
mean_weighted_sum_quantile_loss,0.6730447983687952
