metric,value
model,visiontspp
eval_data,data\datasets\Imputed\BM\BM_020\Coastal_T_S_20T_BM_020_long_mean.csv
clean_data,data\datasets\ori\Coastal_T_S_20T.csv
freq,20T
term,long
prediction_length,720
windows,7
MSE[mean],2.2281498015873016
MSE[0.5],2.2281498015873016
MAE[0.5],1.2842493450830854
MASE[0.5],13.98621707019747
MAPE[0.5],0.07133769080752418
sMAPE[0.5],0.0687912367958413
MSIS,122.77169920649652
RMSE[mean],1.4926988315086542
NRMSE[mean],0.08223386181980631
ND[0.5],0.07075022834914499
mean_weighted_sum_quantile_loss,0.05479728967692739
