metric,value
model,visiontspp
eval_data,data\datasets\Imputed\BM\BM_020\Coastal_T_S_5T_BM_020_long_mean.csv
clean_data,data\datasets\ori\Coastal_T_S_5T.csv
freq,5T
term,long
prediction_length,720
windows,20
MSE[mean],658.5602777777777
MSE[0.5],658.5602777777777
MAE[0.5],13.630776909722222
MASE[0.5],0.4575424481262287
MAPE[0.5],0.526949462890625
sMAPE[0.5],0.387024616470378
MSIS,4.779593740610092
RMSE[mean],25.662429303902186
NRMSE[mean],0.9439501265695389
ND[0.5],0.5013856418970023
mean_weighted_sum_quantile_loss,0.47855094152386773
