metric,value
model,visiontspp
eval_data,data\datasets\Imputed\BM\BM_030\current_velocity_20T_BM_030_long_mean.csv
clean_data,data\datasets\ori\current_velocity_20T.csv
freq,20T
term,long
prediction_length,720
windows,14
MSE[mean],144.35104166666667
MSE[0.5],144.35104166666667
MAE[0.5],9.590621899801587
MASE[0.5],1.442817172469469
MAPE[0.5],0.05028268117753286
sMAPE[0.5],0.05042020749138548
MSIS,11.560493742139622
RMSE[mean],12.0146178327347
NRMSE[mean],0.06263157016454698
ND[0.5],0.04999540699517544
mean_weighted_sum_quantile_loss,0.039930368440197934
