metric,value
model,visiontspp
eval_data,data\datasets\Imputed\BM\BM_010\Coastal_T_S_5T_BM_010_long_mean.csv
clean_data,data\datasets\ori\Coastal_T_S_5T.csv
freq,5T
term,long
prediction_length,720
windows,20
MSE[mean],591.1689210713969
MSE[0.5],591.1689210713969
MAE[0.5],11.147673517134454
MASE[0.5],0.3766612506119806
MAPE[0.5],0.30486060303277995
sMAPE[0.5],0.2359392395613892
MSIS,2.95844725641522
RMSE[mean],24.31396555626821
NRMSE[mean],0.8943491121768768
ND[0.5],0.41004877998260586
mean_weighted_sum_quantile_loss,0.29521357770735235
