metric,value
model,visiontspp
eval_data,data\datasets\Imputed\BM\BM_020\Water_Quality_Darwin_15T_BM_020_long_mean.csv
clean_data,data\datasets\ori\Water_Quality_Darwin_15T.csv
freq,15T
term,long
prediction_length,720
windows,16
MSE[mean],25.066804075405244
MSE[0.5],25.066804075405244
MAE[0.5],3.7169180234273274
MASE[0.5],3.07176183157506
MAPE[0.5],0.022554840603407064
sMAPE[0.5],0.022297776103409432
MSIS,20.792335709720717
RMSE[mean],5.006675950708738
NRMSE[mean],0.030004117179001175
ND[0.5],0.022274827653638727
mean_weighted_sum_quantile_loss,0.01753542825531342
