metric,value
model,visiontspp
eval_data,data\datasets\Imputed\BM\BM_020\Coastal_T_S_5T_BM_020_long_mean.csv
clean_data,data\datasets\ori\Coastal_T_S_5T.csv
freq,5T
term,long
prediction_length,720
windows,20
MSE[mean],589.2284441309129
MSE[0.5],589.2284441309129
MAE[0.5],12.423538736436102
MASE[0.5],0.4187591967160326
MAPE[0.5],0.4074400035482663
sMAPE[0.5],0.2887812414618593
MSIS,3.421179134799776
RMSE[mean],24.274028180977975
NRMSE[mean],0.8928800817116145
ND[0.5],0.45697937727653903
mean_weighted_sum_quantile_loss,0.3862813800763363
