metric,value
model,visiontspp
eval_data,data\datasets\Imputed\BM\BM_020\weather_BM_020_long_mean.csv
clean_data,data\datasets\ori\weather.csv
freq,10T
term,long
prediction_length,720
windows,20
MSE[mean],1486.8538888888888
MSE[0.5],1486.8538888888888
MAE[0.5],26.8776953125
MASE[0.5],0.8231683035231582
MAPE[0.5],0.06225215488009982
sMAPE[0.5],0.060233811636786795
MSIS,9.371692331936314
RMSE[mean],38.55974440901922
NRMSE[mean],0.08888767360026355
ND[0.5],0.06195828952398394
mean_weighted_sum_quantile_loss,0.053314351949564194
