metric,value
model,visiontspp
eval_data,data\datasets\Imputed\BM\BM_010\current_velocity_20T_BM_010_long_mean.csv
clean_data,data\datasets\ori\current_velocity_20T.csv
freq,20T
term,long
prediction_length,720
windows,14
MSE[mean],61.32232206750436
MSE[0.5],61.32232206750436
MAE[0.5],6.156733637007456
MASE[0.5],0.9264829727464662
MAPE[0.5],0.032579919735874444
sMAPE[0.5],0.03239330175979285
MSIS,6.036605789627551
RMSE[mean],7.830857045528565
NRMSE[mean],0.04082184546555185
ND[0.5],0.032094728283412206
mean_weighted_sum_quantile_loss,0.024851480718743508
