metric,value
model,visiontspp
eval_data,data\datasets\Imputed\BM\BM_020\Coastal_T_S_20T_BM_020_long_mean.csv
clean_data,data\datasets\ori\Coastal_T_S_20T.csv
freq,20T
term,long
prediction_length,720
windows,7
MSE[mean],4.23392082093254
MSE[0.5],4.23392082093254
MAE[0.5],1.8409853980654762
MASE[0.5],19.809899500496115
MAPE[0.5],0.10019562130882627
sMAPE[0.5],0.09510024832031214
MSIS,135.64438529775194
RMSE[mean],2.0576493435307532
NRMSE[mean],0.11335739548915304
ND[0.5],0.10142122150908896
mean_weighted_sum_quantile_loss,0.07246423609771979
