metric,value
model,visiontspp
eval_data,data\datasets\Imputed\BM\BM_010\ETTh2_BM_010_short_mean.csv
clean_data,data\datasets\ori\ETTh2.csv
freq,H
term,short
prediction_length,48
windows,20
MSE[mean],47.012924454858606
MSE[0.5],47.012924454858606
MAE[0.5],5.317029009262721
MASE[0.5],1.7252053041237865
MAPE[0.5],0.1459334974531257
sMAPE[0.5],0.15751317082628333
MSIS,10.245183648620287
RMSE[mean],6.856597148357092
NRMSE[mean],0.1947741561672885
ND[0.5],0.15103991326722252
mean_weighted_sum_quantile_loss,0.11674235009492412
