metric,value
model,visiontspp
eval_data,data\datasets\Imputed\BM\BM_030\ETTh1_BM_030_long_mean.csv
clean_data,data\datasets\ori\ETTh1.csv
freq,H
term,long
prediction_length,720
windows,15
MSE[mean],27.010503472222222
MSE[0.5],27.010503472222222
MAE[0.5],4.313994502314815
MASE[0.5],1.8061552680083817
MAPE[0.5],0.6472376971378505
sMAPE[0.5],0.6178814214851516
MSIS,16.872296548918342
RMSE[mean],5.1971630215168565
NRMSE[mean],0.4724580562271436
ND[0.5],0.3921719308591887
mean_weighted_sum_quantile_loss,0.31897244315359563
