metric,value
model,visiontspp
eval_data,data\datasets\Imputed\BM\BM_020\Coastal_T_S_15T_BM_020_long_mean.csv
clean_data,data\datasets\ori\Coastal_T_S_15T.csv
freq,15T
term,long
prediction_length,720
windows,20
MSE[mean],0.007900417115953233
MSE[0.5],0.007900417115953233
MAE[0.5],0.07140509711371527
MASE[0.5],1.2524910490359484
MAPE[0.5],0.002011976771884494
sMAPE[0.5],0.0020119321594805803
MSIS,9.731905995426645
RMSE[mean],0.08888429060274505
NRMSE[mean],0.0025042229527786433
ND[0.5],0.002011764755334971
mean_weighted_sum_quantile_loss,0.0015931167796371139
