metric,value
model,visiontspp
eval_data,data\datasets\Imputed\BM\BM_010\current_velocity_20T_BM_010_long_mean.csv
clean_data,data\datasets\ori\current_velocity_20T.csv
freq,20T
term,long
prediction_length,720
windows,14
MSE[mean],187.9688740079365
MSE[0.5],187.9688740079365
MAE[0.5],10.595718625992063
MASE[0.5],1.5926633856190198
MAPE[0.5],0.05548417227608817
sMAPE[0.5],0.05606206945001971
MSIS,12.919662585294573
RMSE[mean],13.710174105675556
NRMSE[mean],0.07147041574041674
ND[0.5],0.05523492330813225
mean_weighted_sum_quantile_loss,0.04444968402026755
