metric,value
eval_data,datasets\Impute\MCAR_010\zero\electricity_MCAR_010_short.csv
clean_data,datasets\ori\electricity.csv
freq,H
term,short
prediction_length,48
windows,20
MSE[mean],114627.85
MSE[0.5],69141.525
MAE[0.5],208.12469075520832
MASE[0.5],0.724677635162315
MAPE[0.5],0.06612996260325114
sMAPE[0.5],0.0691885962031917
MSIS,8.121437761703277
RMSE[mean],338.5673492822366
NRMSE[mean],0.11197958174869455
ND[0.5],0.0688362769527327
mean_weighted_sum_quantile_loss,0.05987526278906157
