metric,value
eval_data,datasets\Impute\MCAR_010\zero\ETTh2_MCAR_010_long.csv
clean_data,datasets\ori\ETTh2.csv
freq,H
term,long
prediction_length,720
windows,3
MSE[mean],153.60739293981482
MSE[0.5],156.62106481481482
MAE[0.5],11.381734664351852
MASE[0.5],3.718734036094174
MAPE[0.5],0.3460617913140191
sMAPE[0.5],0.42817736067243445
MSIS,39.280871207349264
RMSE[mean],12.393844961908101
NRMSE[mean],0.38664225713221306
ND[0.5],0.35506814828087424
mean_weighted_sum_quantile_loss,0.29801589647446197
