metric,value
model,timesfm2p5
eval_data,data\datasets\Imputed\BM\BM_010\Coastal_T_S_15T_BM_010_long_backward.csv
clean_data,data\datasets\ori\Coastal_T_S_15T.csv
freq,15T
term,long
prediction_length,720
windows,20
MSE[mean],0.0054284583197699654
MSE[0.5],0.0054284583197699654
MAE[0.5],0.05807512919108073
MASE[0.5],1.0210316772609942
MAPE[0.5],0.001637236542171902
sMAPE[0.5],0.001636455323961046
MSIS,7.069157507262617
RMSE[mean],0.07367807217734436
NRMSE[mean],0.0020758034767652082
ND[0.5],0.001636206696590296
mean_weighted_sum_quantile_loss,0.0012552449420562457
