metric,value
model,timesfm2p5
eval_data,data\datasets\Imputed\BM\BM_020\Coastal_T_S_20T_BM_020_long_backward.csv
clean_data,data\datasets\ori\Coastal_T_S_20T.csv
freq,20T
term,long
prediction_length,720
windows,7
MSE[mean],0.21698763408358135
MSE[0.5],0.21698763408358135
MAE[0.5],0.35824662465897816
MASE[0.5],3.9705345354436132
MAPE[0.5],0.019861239478701637
sMAPE[0.5],0.020072540404304624
MSIS,29.532375475087566
RMSE[mean],0.4658193148459833
NRMSE[mean],0.025662324081359312
ND[0.5],0.019736066517747272
mean_weighted_sum_quantile_loss,0.015904359415756915
