metric,value
model,timesfm2p5
eval_data,data\datasets\Imputed\BM\BM_020\Coastal_T_S_5T_BM_020_long_backward.csv
clean_data,data\datasets\ori\Coastal_T_S_5T.csv
freq,5T
term,long
prediction_length,720
windows,20
MSE[mean],650.6765277777778
MSE[0.5],650.6765277777778
MAE[0.5],10.841882595486112
MASE[0.5],0.3667221734918131
MAPE[0.5],0.28123516506618923
sMAPE[0.5],0.2156685045030382
MSIS,3.221415348287414
RMSE[mean],25.508361918746914
NRMSE[mean],0.9382830119719571
ND[0.5],0.3988007653938281
mean_weighted_sum_quantile_loss,0.28313794717046215
