metric,value
model,timesfm2p5
eval_data,data\datasets\Imputed\BM\BM_010\current_velocity_15T_BM_010_long_backward.csv
clean_data,data\datasets\ori\current_velocity_15T.csv
freq,15T
term,long
prediction_length,720
windows,15
MSE[mean],0.07538078025535301
MSE[0.5],0.07538078025535301
MAE[0.5],0.170709228515625
MASE[0.5],1.6616860088941636
MAPE[0.5],0.012967633847837095
sMAPE[0.5],0.013094488073278357
MSIS,14.328243922709218
RMSE[mean],0.27455560503357607
NRMSE[mean],0.02164965144538473
ND[0.5],0.013461008364487208
mean_weighted_sum_quantile_loss,0.010773898750541513
