metric,value
model,timesfm2p5
eval_data,data\datasets\Imputed\BM\BM_020\current_velocity_5T_BM_020_long_backward.csv
clean_data,data\datasets\ori\current_velocity_5T.csv
freq,5T
term,long
prediction_length,720
windows,20
MSE[mean],0.03676319970024956
MSE[0.5],0.03676319970024956
MAE[0.5],0.14746092054578994
MASE[0.5],1.0893301258316215
MAPE[0.5],0.0014435202545589872
sMAPE[0.5],0.0014438210593329536
MSIS,7.648195342850701
RMSE[mean],0.19173731952921833
NRMSE[mean],0.0018776399222907767
ND[0.5],0.0014440512263045936
mean_weighted_sum_quantile_loss,0.0011299156062713404
