metric,value
model,timesfm2p5
eval_data,data\datasets\Imputed\BM\BM_010\EWELD_Load_15T_BM_010_long_forward.csv
clean_data,data\datasets\ori\EWELD_Load_15T.csv
freq,15T
term,long
prediction_length,720
windows,18
MSE[mean],5835.945061728395
MSE[0.5],5835.945061728395
MAE[0.5],50.856684027777774
MASE[0.5],1.440744490368591
MAPE[0.5],1.4209471149209105
sMAPE[0.5],0.5381483289930555
MSIS,9.62651914618367
RMSE[mean],76.39335744505797
NRMSE[mean],0.46788186555229927
ND[0.5],0.3114789164206295
mean_weighted_sum_quantile_loss,0.2437626231067057
