metric,value
model,timesfm2p5
eval_data,data\datasets\Imputed\BM\BM_030\Coastal_T_S_5T_BM_030_long_forward.csv
clean_data,data\datasets\ori\Coastal_T_S_5T.csv
freq,5T
term,long
prediction_length,720
windows,20
MSE[mean],732.7808333333334
MSE[0.5],732.7808333333334
MAE[0.5],10.955455729166667
MASE[0.5],0.3705770446206839
MAPE[0.5],0.2617844475640191
sMAPE[0.5],0.2160349358452691
MSIS,3.349311838617834
RMSE[mean],27.069924885993558
NRMSE[mean],0.9957225296077498
ND[0.5],0.40297836575438156
mean_weighted_sum_quantile_loss,0.3044781071810803
