metric,value
model,timesfm2p5
eval_data,data\datasets\Imputed\BM\BM_020\current_velocity_20T_BM_020_long_forward.csv
clean_data,data\datasets\ori\current_velocity_20T.csv
freq,20T
term,long
prediction_length,720
windows,14
MSE[mean],73.0831535218254
MSE[0.5],73.0831535218254
MAE[0.5],6.738939267113095
MASE[0.5],1.0130713830696556
MAPE[0.5],0.03579582032703218
sMAPE[0.5],0.03541948530409071
MSIS,6.829813732181676
RMSE[mean],8.548868552143341
NRMSE[mean],0.04456480164456329
ND[0.5],0.03512973557867594
mean_weighted_sum_quantile_loss,0.027108503979760376
