metric,value
model,timesfm2p5
eval_data,data\datasets\Imputed\BM\BM_010\Coastal_T_S_5T_BM_010_long_linear.csv
clean_data,data\datasets\ori\Coastal_T_S_5T.csv
freq,5T
term,long
prediction_length,720
windows,20
MSE[mean],589.4600694444445
MSE[0.5],589.4600694444445
MAE[0.5],10.897336154513889
MASE[0.5],0.3686711894431727
MAPE[0.5],0.3651272243923611
sMAPE[0.5],0.21784008449978298
MSIS,3.093024722857957
RMSE[mean],24.278798764445586
NRMSE[mean],0.893055559754427
ND[0.5],0.4008405330807884
mean_weighted_sum_quantile_loss,0.273960590467764
