metric,value
model,timesfm2p5
eval_data,data\datasets\Imputed\BM\BM_010\current_velocity_20T_BM_010_long_linear.csv
clean_data,data\datasets\ori\current_velocity_20T.csv
freq,20T
term,long
prediction_length,720
windows,14
MSE[mean],74.77520461309524
MSE[0.5],74.77520461309524
MAE[0.5],6.8897941468253965
MASE[0.5],1.0370990926449843
MAPE[0.5],0.036546192471943205
sMAPE[0.5],0.03621900043790303
MSIS,6.189926541528814
RMSE[mean],8.647265730454642
NRMSE[mean],0.04507774095426041
ND[0.5],0.03591613412375682
mean_weighted_sum_quantile_loss,0.027515680911170678
