metric,value
model,timesfm2p5
eval_data,data\datasets\Imputed\BM\BM_030\current_velocity_20T_BM_030_long_linear.csv
clean_data,data\datasets\ori\current_velocity_20T.csv
freq,20T
term,long
prediction_length,720
windows,14
MSE[mean],71.19500868055556
MSE[0.5],71.19500868055556
MAE[0.5],6.690605623759921
MASE[0.5],1.0067840960169947
MAPE[0.5],0.035591080075218565
sMAPE[0.5],0.03517595018659319
MSIS,6.279926080614616
RMSE[mean],8.437713474665726
NRMSE[mean],0.04398535607824516
ND[0.5],0.034877774840754286
mean_weighted_sum_quantile_loss,0.026790396301911282
