metric,value
model,timesfm2p5
eval_data,data\datasets\Imputed\BM\BM_020\exchange_rate_BM_020_long_mean.csv
clean_data,data\datasets\ori\exchange_rate.csv
freq,D
term,long
prediction_length,450
windows,11
MSE[mean],0.006742274737117266
MSE[0.5],0.006742274737117266
MAE[0.5],0.06610455137310606
MASE[0.5],23.170681612345135
MAPE[0.5],0.09225626627604167
sMAPE[0.5],0.09520129271227903
MSIS,136.0603141914242
RMSE[mean],0.08211135571355077
NRMSE[mean],0.11872836120820932
ND[0.5],0.09558343038827134
mean_weighted_sum_quantile_loss,0.07172858630554511
