metric,value
model,timesfm2p5
eval_data,data\datasets\Imputed\BM\BM_010\EWELD_Load_15T_BM_010_long_mean.csv
clean_data,data\datasets\ori\EWELD_Load_15T.csv
freq,15T
term,long
prediction_length,720
windows,18
MSE[mean],4925.929938271605
MSE[0.5],4925.929938271605
MAE[0.5],46.08967013888889
MASE[0.5],1.306010533381151
MAPE[0.5],1.4960504979263116
sMAPE[0.5],0.50862276053723
MSIS,9.43126260252404
RMSE[mean],70.18496946121445
NRMSE[mean],0.4298577198791325
ND[0.5],0.28228266918079387
mean_weighted_sum_quantile_loss,0.2235140944287012
