metric,value
model,timesfm2p5
eval_data,data\datasets\Imputed\BM\BM_020\current_velocity_5T_BM_020_long_mean.csv
clean_data,data\datasets\ori\current_velocity_5T.csv
freq,5T
term,long
prediction_length,720
windows,20
MSE[mean],0.03590468512641059
MSE[0.5],0.03590468512641059
MAE[0.5],0.15041239420572916
MASE[0.5],1.1110982100086815
MAPE[0.5],0.001473014619615343
sMAPE[0.5],0.0014729732937282987
MSIS,7.120196580821715
RMSE[mean],0.18948531638734065
NRMSE[mean],0.0018555865681774716
ND[0.5],0.001472954335970978
mean_weighted_sum_quantile_loss,0.0011363237465487146
