metric,value
model,timesfm2p5
eval_data,data\datasets\Imputed\BM\BM_010\Coastal_T_S_H_BM_010_long_mean.csv
clean_data,data\datasets\ori\Coastal_T_S_H.csv
freq,H
term,long
prediction_length,720
windows,8
MSE[mean],1228.0942708333334
MSE[0.5],1228.0942708333334
MAE[0.5],22.73753662109375
MASE[0.5],1.9174985194472236
MAPE[0.5],0.9211517333984375
sMAPE[0.5],0.44445097181532117
MSIS,10.697460549782011
RMSE[mean],35.044175990217454
NRMSE[mean],0.6192965128731276
ND[0.5],0.40181504466531526
mean_weighted_sum_quantile_loss,0.3204657453412718
