metric,value
model,timesfm2p5
eval_data,data\datasets\Imputed\BM\BM_030\current_velocity_20T_BM_030_long_mean.csv
clean_data,data\datasets\ori\current_velocity_20T.csv
freq,20T
term,long
prediction_length,720
windows,14
MSE[mean],75.89624875992064
MSE[0.5],75.89624875992064
MAE[0.5],6.917254929315476
MASE[0.5],1.0413024134422286
MAPE[0.5],0.03675889817495195
sMAPE[0.5],0.0363415521288675
MSIS,6.564271793043178
RMSE[mean],8.711845313130889
NRMSE[mean],0.045414390918486855
ND[0.5],0.036059285737003705
mean_weighted_sum_quantile_loss,0.02800200533409811
