metric,value
model,timesfm2p5
eval_data,data\datasets\Imputed\BM\BM_010\Water_Quality_Darwin_15T_BM_010_long_mean.csv
clean_data,data\datasets\ori\Water_Quality_Darwin_15T.csv
freq,15T
term,long
prediction_length,720
windows,16
MSE[mean],14.501142035590277
MSE[0.5],14.501142035590277
MAE[0.5],2.754255676269531
MASE[0.5],2.2455148202064645
MAPE[0.5],0.01662450631459554
sMAPE[0.5],0.016590468088785806
MSIS,17.29119524742265
RMSE[mean],3.8080365065989423
NRMSE[mean],0.022820884493180534
ND[0.5],0.01650576367739995
mean_weighted_sum_quantile_loss,0.01308074826551844
