metric,value
model,timesfm2p5
eval_data,data\datasets\Imputed\BM\BM_010\traffic_BM_010_long_mean.csv
clean_data,data\datasets\ori\traffic.csv
freq,H
term,long
prediction_length,720
windows,15
MSE[mean],2.4313670065667895e-05
MSE[0.5],2.4313670065667895e-05
MAE[0.5],0.002982345863624855
MASE[0.5],0.6608740243627763
MAPE[0.5],0.16850599507150302
sMAPE[0.5],0.12564240632233797
MSIS,5.702477723479247
RMSE[mean],0.0049308893787701116
NRMSE[mean],0.14724297054811925
ND[0.5],0.08905684764551537
mean_weighted_sum_quantile_loss,0.07236131226263577
