metric,value
eval_data,datasets\Impute\MCAR_025\linear\ETTm2_MCAR_025_long.csv
clean_data,datasets\ori\ETTm2.csv
freq,T
term,long
prediction_length,720
windows,10
MSE[mean],26.903491753472224
MSE[0.5],27.11294921875
MAE[0.5],4.05425537109375
MASE[0.5],0.6779671358108306
MAPE[0.5],0.12557540893554686
sMAPE[0.5],0.12429895877693872
MSIS,6.0667598415147665
RMSE[mean],5.186857599112609
NRMSE[mean],0.15668859304688823
ND[0.5],0.12247407178831204
mean_weighted_sum_quantile_loss,0.09993593133922601
