{
  "model": "timesfm2p5",
  "dataset": "azure2019_U_5T",
  "method": "clean",
  "ratio": null,
  "term": "long",
  "imputation_method": null,
  "n_windows": 1,
  "period": 288,
  "inject_range": {
    "dataset_name": "azure2019_U_5T",
    "term": "long",
    "frequency": "5T",
    "prediction_length": 720,
    "windows": 2,
    "max_context": 4096,
    "start_index": 0,
    "end_index": 1286,
    "injection_length": 1286,
    "total_length": 2006
  },
  "summary": {
    "mean": {
      "trend_strength": 0.10605020642816854,
      "trend_linearity": 0.01699405711894018,
      "seasonal_strength": 0.22198189581295846,
      "seasonal_correlation": 0.6346205743885339,
      "residual_autocorr_lag1": 0.324985934583682,
      "spectral_entropy": 8616.760280034145
    },
    "std": {
      "trend_strength": 0.0,
      "trend_linearity": 0.0,
      "seasonal_strength": 0.0,
      "seasonal_correlation": 0.0,
      "residual_autocorr_lag1": 0.0,
      "spectral_entropy": 0.0
    },
    "min": {
      "trend_strength": 0.10605020642816854,
      "trend_linearity": 0.01699405711894018,
      "seasonal_strength": 0.22198189581295846,
      "seasonal_correlation": 0.6346205743885339,
      "residual_autocorr_lag1": 0.324985934583682,
      "spectral_entropy": 8616.760280034145
    },
    "max": {
      "trend_strength": 0.10605020642816854,
      "trend_linearity": 0.01699405711894018,
      "seasonal_strength": 0.22198189581295846,
      "seasonal_correlation": 0.6346205743885339,
      "residual_autocorr_lag1": 0.324985934583682,
      "spectral_entropy": 8616.760280034145
    }
  }
}