{
  "model": "timesfm2p5",
  "dataset": "azure2019_U_5T",
  "method": "BM",
  "ratio": 0.3,
  "term": "long",
  "imputation_method": "linear",
  "n_windows": 1,
  "period": 288,
  "inject_range": {
    "dataset_name": "azure2019_U_5T",
    "term": "long",
    "frequency": "5T",
    "prediction_length": 720,
    "windows": 2,
    "max_context": 4096,
    "start_index": 0,
    "end_index": 1286,
    "injection_length": 1286,
    "total_length": 2006
  },
  "summary": {
    "mean": {
      "trend_strength": 0.17526726382416358,
      "trend_linearity": 0.01699910494917585,
      "seasonal_strength": 0.2466350120627253,
      "seasonal_correlation": 0.6299223317057587,
      "residual_autocorr_lag1": 0.4322926551997944,
      "spectral_entropy": 8453.32315652307
    },
    "std": {
      "trend_strength": 0.0,
      "trend_linearity": 0.0,
      "seasonal_strength": 0.0,
      "seasonal_correlation": 0.0,
      "residual_autocorr_lag1": 0.0,
      "spectral_entropy": 0.0
    },
    "min": {
      "trend_strength": 0.17526726382416358,
      "trend_linearity": 0.01699910494917585,
      "seasonal_strength": 0.2466350120627253,
      "seasonal_correlation": 0.6299223317057587,
      "residual_autocorr_lag1": 0.4322926551997944,
      "spectral_entropy": 8453.32315652307
    },
    "max": {
      "trend_strength": 0.17526726382416358,
      "trend_linearity": 0.01699910494917585,
      "seasonal_strength": 0.2466350120627253,
      "seasonal_correlation": 0.6299223317057587,
      "residual_autocorr_lag1": 0.4322926551997944,
      "spectral_entropy": 8453.32315652307
    }
  }
}