{
  "model": "timesfm2p5",
  "dataset": "Coastal_T_S_5T",
  "method": "BM",
  "ratio": 0.2,
  "term": "long",
  "imputation_method": "backward",
  "n_windows": 20,
  "period": 288,
  "inject_range": {
    "dataset_name": "Coastal_T_S_5T",
    "term": "long",
    "frequency": "5T",
    "prediction_length": 720,
    "windows": 20,
    "max_context": 4096,
    "start_index": 86912,
    "end_index": 104688,
    "injection_length": 17776,
    "total_length": 105408
  },
  "summary": {
    "mean": {
      "trend_strength": 0.5662408819253714,
      "trend_linearity": 0.002167896862637778,
      "seasonal_strength": 0.4312380061664161,
      "seasonal_correlation": 0.25736740933511404,
      "residual_autocorr_lag1": 0.6681929636519135,
      "spectral_entropy": 13091.352577644016
    },
    "std": {
      "trend_strength": 0.20700876439487056,
      "trend_linearity": 0.0052405971383574085,
      "seasonal_strength": 0.23788412945697618,
      "seasonal_correlation": 0.052003987824051946,
      "residual_autocorr_lag1": 0.24295958503258147,
      "spectral_entropy": 8037.0520058589755
    },
    "min": {
      "trend_strength": 0.033838907799979,
      "trend_linearity": -0.00039542163175208995,
      "seasonal_strength": 0.0,
      "seasonal_correlation": 0.17543026059624817,
      "residual_autocorr_lag1": 0.11619975418681444,
      "spectral_entropy": 7660.2932210822655
    },
    "max": {
      "trend_strength": 0.8233935515201868,
      "trend_linearity": 0.015241793549359093,
      "seasonal_strength": 0.8239035555742356,
      "seasonal_correlation": 0.36797416091467194,
      "residual_autocorr_lag1": 0.858328846378956,
      "spectral_entropy": 30413.37258489278
    }
  }
}