window_idx,history_start,history_end,history_length,n_series,trend_strength,trend_linearity,seasonal_strength,seasonal_correlation,residual_autocorr_lag1,spectral_entropy
0,3968,8064,4096,1,0.9406851551812365,-0.013259657512853566,0.0,0.036563646598889325,0.21488746073995946,24497.73252009725
1,3248,7344,4096,1,0.9091734345067186,-0.001009381705549917,0.11441731565240676,0.01975588280888604,0.08939948446557595,25280.516753803575
2,2528,6624,4096,1,0.7824509958968371,0.012879826379509804,0.05373472107501076,0.03454587633921085,0.034102547374494266,25615.000859847365
3,1808,5904,4096,1,0.5889535987291961,0.005249920387104178,0.16577333971438468,0.030588613644536918,0.0009796615580639427,26019.711138487037
4,1088,5184,4096,1,0.08895150468764201,0.00014286772336850537,0.24374277258229338,0.032113537848689984,-0.024798942890101597,26057.2650417795
5,368,4464,4096,1,0.09357193233406746,0.00022483150376899453,0.23172661338479417,0.029487067647663345,-0.009810547070912902,26026.40283891799
6,0,3744,3744,1,0.08822612166462607,-0.00012584813155421505,0.22373446899394267,0.021717420083670315,-0.015184523538809365,23593.98431461575
7,0,3024,3024,1,0.10312784494621641,-0.00022603516860160167,0.2249123866734899,0.03299670063539132,-0.009707183280542944,18699.940504098922
