window_idx,history_start,history_end,history_length,n_series,trend_strength,trend_linearity,seasonal_strength,seasonal_correlation,residual_autocorr_lag1,spectral_entropy
0,3968,8064,4096,1,0.941671288322733,-0.01326184360072504,0.0,0.06168174844196643,0.10896249325914618,24669.937567636873
1,3248,7344,4096,1,0.9051320201241048,-0.0010014849081273092,0.10958823186578648,0.028151648892533968,0.07130394126130656,25318.86114604953
2,2528,6624,4096,1,0.7648913151589085,0.01274089622058265,0.03535398619515262,0.02749705693247422,0.0079220623120682,25768.256760153003
3,1808,5904,4096,1,0.5720527379439861,0.005101548061076813,0.19204364893112524,0.021003741993989248,-0.01746538672223852,26183.694482948784
4,1088,5184,4096,1,0.04828843666259197,1.2252405756424705e-06,0.2523571385414828,0.02493955915185367,-0.0433684827801103,26136.012645573304
5,368,4464,4096,1,0.03876317717116795,-6.903293167396444e-05,0.24673021442973186,0.023882975312410924,-0.02905636156765072,26170.069209063477
6,0,3744,3744,1,0.03087540078817197,-0.00028226715429661276,0.24261621257439803,0.0166380429391332,-0.03659419355625292,23692.00403048703
7,0,3024,3024,1,0.03011564448155024,-1.3352397623668963e-05,0.24770421292566713,0.028395247029504102,-0.030453848592736164,18849.738275989934
