window_idx,history_start,history_end,history_length,n_series,trend_strength,trend_linearity,seasonal_strength,seasonal_correlation,residual_autocorr_lag1,spectral_entropy
0,3968,8064,4096,1,0.9622560981460812,-0.01399656802398759,0.04345248645955724,0.06339254234433798,0.1269593020799078,23897.046929027318
1,3248,7344,4096,1,0.9301905024664416,-0.0010291700995198015,0.10137711890983703,0.04091202058803281,0.08824664002533374,24591.24923624511
2,2528,6624,4096,1,0.8236726528186838,0.01312133224659141,0.06064798212804934,0.021728281232095453,0.047412003209894284,25153.38251002419
3,1808,5904,4096,1,0.6310543289930257,0.004890960010348425,0.07697447473564045,0.0395547091181693,0.018649694119354118,25541.222164250106
4,1088,5184,4096,1,0.1583943197009262,3.539119382494992e-05,0.13575268813958363,0.027323616864347377,-0.00861573441627509,25674.63855573978
5,368,4464,4096,1,0.1513617293057552,-0.0004143714431665812,0.12211386204355357,0.02421462233397459,0.010078300551963106,25644.232472106676
6,0,3744,3744,1,0.15383690219347457,-0.0011987163972152332,0.1270227661590969,0.0182456953530852,0.021804731807261484,23251.859882740267
7,0,3024,3024,1,0.14855610873607428,-0.0008514251710122479,0.13009033524869495,0.03954762316740601,0.026578565287982206,18378.32916080619
