window_idx,history_start,history_end,history_length,n_series,trend_strength,trend_linearity,seasonal_strength,seasonal_correlation,residual_autocorr_lag1,spectral_entropy
0,3382,7478,4096,1,0.9958987217432486,0.000657394707153577,0.48404616633241637,0.48479509810587795,0.9296040448945634,4930.488405127602
1,2662,6758,4096,1,0.9977182310827056,0.0008990671667956038,0.4076399697139055,0.4044918050902971,0.9221163455885415,5002.0984171408745
2,1942,6038,4096,1,0.9983780569903872,0.0011291304658886823,0.38419731924802947,0.4433210180279491,0.9326432481160608,5643.414356677407
3,1222,5318,4096,1,0.9988782919601427,0.0011566064214974011,0.31568212337675805,0.4095417799973595,0.9389869863365584,5985.482710727652
4,502,4598,4096,1,0.9988341409894534,0.0011087689805814184,0.3171566743649199,0.4038429232555353,0.9413943026307139,5890.905433270598
5,0,3878,3878,1,0.9984218079625736,0.0009196714296340874,0.2621842976171508,0.3919603919174971,0.9428967680058346,4980.796414990863
6,0,3158,3158,1,0.9964883118798673,0.0008053548529108887,0.15061119872938455,0.31191217424510614,0.9383686577984337,2588.4917173701106
