window_idx,history_start,history_end,history_length,n_series,trend_strength,trend_linearity,seasonal_strength,seasonal_correlation,residual_autocorr_lag1,spectral_entropy
0,3968,8064,4096,1,0.9225190136333595,-0.010143315824315722,0.06411042966882885,0.03879650931465942,0.380168635887054,24766.79462625859
1,3248,7344,4096,1,0.8890230570699085,-0.000566692897242153,0.06750912302271184,0.0386669812376627,0.2178695257791282,25174.678416941344
2,2528,6624,4096,1,0.7749679424494198,0.010747735343380223,0.06871023572049417,0.02865847439653629,0.12316496561849087,25474.47176096969
3,1808,5904,4096,1,0.6016695945951325,0.005467907539547073,0.0819527281043716,0.037137945998355903,0.018137317311681358,25584.546675425314
4,1088,5184,4096,1,0.03171772334380163,0.0003062455418862292,0.15888658627933205,0.04025635683736283,-0.01177407871274166,25669.408617957335
5,368,4464,4096,1,0.02039637031717534,4.5986183283964045e-05,0.14708112436820242,0.038756310098315525,0.006096175638309091,25687.464866480368
6,0,3744,3744,1,0.010769591028275238,-8.869019532044377e-05,0.1267211751754711,0.037010108471897604,0.0016726992240955621,23282.213020515752
7,0,3024,3024,1,0.013614486033959539,-1.6359495180327017e-05,0.13836239314428722,0.040807521634084125,-0.0012285545783359442,18509.296072225516
