window_idx,history_start,history_end,history_length,n_series,trend_strength,trend_linearity,seasonal_strength,seasonal_correlation,residual_autocorr_lag1,spectral_entropy
0,3382,7478,4096,1,0.6126066117388176,0.000671561147780016,0.0,0.29754036618795493,0.9658064213246729,7477.111926484288
1,2662,6758,4096,1,0.8318586375629469,0.0008542838680241353,0.0,0.23629113690543097,0.9588402019346254,6992.654644776876
2,1942,6038,4096,1,0.8607566322174538,0.0010177365092537442,0.0,0.25593509004447207,0.9604992092320916,7167.2595193930965
3,1222,5318,4096,1,0.7494560699834532,0.0010568226072806364,0.0,0.3283323030788941,0.9683103501505941,7903.253312896173
4,502,4598,4096,1,0.7630862955729288,0.0010683257380571301,0.0,0.39681063060941807,0.9514101649412702,7954.623169306803
5,0,3878,3878,1,0.5649288794833385,0.0007419211068158448,0.0,0.3959114171615465,0.9432416268947987,8271.219724501785
6,0,3158,3158,1,0.4244983652721236,0.0006624584644980539,0.0,0.39236621432945157,0.9349329067888965,6480.592572533391
