window_idx,history_start,history_end,history_length,n_series,trend_strength,trend_linearity,seasonal_strength,seasonal_correlation,residual_autocorr_lag1,spectral_entropy
0,3382,7478,4096,1,0.9946952402869992,0.0006560773379464408,0.46316869067772093,0.4891697536101236,0.9541186393362546,4929.872231428142
1,2662,6758,4096,1,0.9974189608246015,0.0009013816898951164,0.42605651478007467,0.45052028345851114,0.9563385016282911,4966.603413740517
2,1942,6038,4096,1,0.9979603770941962,0.001126787572334406,0.3200759013232871,0.4359992821656983,0.9491507346774191,5670.850673135916
3,1222,5318,4096,1,0.999004465404475,0.0011511283360428877,0.38015170816071153,0.3246338771699086,0.9309040051771862,5982.721215383312
4,502,4598,4096,1,0.9990282476022814,0.0011097678087597762,0.3972626933972341,0.2513961993472685,0.9368434582313667,5892.234878437319
5,0,3878,3878,1,0.9986620565279049,0.0009212804179233998,0.3552647688221653,0.26531196922133354,0.9023496744161335,4977.157015995667
6,0,3158,3158,1,0.9977262729496407,0.0008031622555202503,0.32914282299291253,0.1888059639918306,0.9173024385260239,2596.241262985715
