window_idx,history_start,history_end,history_length,n_series,trend_strength,trend_linearity,seasonal_strength,seasonal_correlation,residual_autocorr_lag1,spectral_entropy
0,3968,8064,4096,1,0.9420706641885531,-0.013021661966507598,0.0,0.0581013341145823,0.2462435015371932,24358.770374772954
1,3248,7344,4096,1,0.9232034319109128,-0.0005071120614816953,0.12400526686821867,0.03444297746453984,0.11441454654199212,24986.04700910738
2,2528,6624,4096,1,0.81754103218788,0.013116384406032236,0.055837960357763894,0.04446052664293895,0.065480865743278,25348.199416421463
3,1808,5904,4096,1,0.6301775953807358,0.005028688265287107,0.0861974848485213,0.027686821630929993,0.05186473285124168,25647.63582574424
4,1088,5184,4096,1,0.18634260091488053,-0.0006041101625130887,0.1629783933157133,0.03582588646614638,0.008592576345771607,25805.809855862637
5,368,4464,4096,1,0.15107664906405271,-0.0003848789871239573,0.14654059409547215,0.037443146383806074,0.022481284767767104,25812.9988030654
6,0,3744,3744,1,0.16833415529367568,-0.00012337837206307257,0.1331418025941793,0.03453766684256733,0.027265693362471505,23414.55374363627
7,0,3024,3024,1,0.1679702148127421,-0.00029029277543944545,0.12985913587427134,0.03929655226740155,0.018865542858093467,18619.334792725014
