window_idx,history_start,history_end,history_length,n_series,trend_strength,trend_linearity,seasonal_strength,seasonal_correlation,residual_autocorr_lag1,spectral_entropy
0,3382,7478,4096,1,0.9965139486411786,0.0006549709094585775,0.606549519673135,0.5790254379042713,0.9472042811384398,4933.028367486251
1,2662,6758,4096,1,0.9982475468084097,0.0009009034056063758,0.5553513734162796,0.5514556677020693,0.9491078018408278,4964.692033213903
2,1942,6038,4096,1,0.998597220581138,0.0011293030295722647,0.4593197979840188,0.5350890393373805,0.9242824021888131,5670.624328536656
3,1222,5318,4096,1,0.999285947669751,0.0011512421127124156,0.5246397155861475,0.5473144478628784,0.9331573856038995,5988.823444964386
4,502,4598,4096,1,0.9992236215319611,0.0011066870197369068,0.4735079480946077,0.5257523573100327,0.9161473569577744,5891.632415982214
5,0,3878,3878,1,0.9990140075675942,0.0009183566689316562,0.47659542956246015,0.4892210112129197,0.9117352402818969,5000.547055230405
6,0,3158,3158,1,0.9979988619340069,0.0008009086134022017,0.4057291605074821,0.4438515792340303,0.9151175132891815,2590.514424878503
