window_idx,history_start,history_end,history_length,n_series,trend_strength,trend_linearity,seasonal_strength,seasonal_correlation,residual_autocorr_lag1,spectral_entropy
0,11943,16039,4096,1,0.7185549963436233,0.003051792263413922,0.4786772844593351,0.6012358796885324,0.8301881962266378,20641.683282654725
1,11223,15319,4096,1,0.7453591294660875,0.003106634773758458,0.4643856264020161,0.5656795341826266,0.7872688019028383,20861.73955586498
2,10503,14599,4096,1,0.7378469858937033,0.0023555841799421597,0.46347236940687875,0.5554466829014661,0.7688432297714071,20840.30850440517
3,9783,13879,4096,1,0.6933124203336062,-0.0017032057874074573,0.4540209551796678,0.6254968649082484,0.7828596053726851,20882.861169873246
4,9063,13159,4096,1,0.6714870039487253,-0.0036384214048921647,0.46862676051971897,0.6657273898729685,0.7554498468376412,20779.31408414965
5,8343,12439,4096,1,0.6303263427814748,-0.0015784392774981133,0.5088072030384677,0.6946160112313424,0.7666427726276139,20423.21412689278
6,7623,11719,4096,1,0.5314368840320967,9.168551880014525e-05,0.41423551843280504,0.6366817256924003,0.8266975829047244,20053.28870604962
7,6903,10999,4096,1,0.5325562888993935,-0.00018286258363226272,0.38897212789135205,0.5744635992919876,0.8268756480124306,20154.9795212667
8,6183,10279,4096,1,0.5248470007245146,-0.0006195106910922873,0.4382922908873307,0.6573034211421503,0.8362522973808839,20134.40541928274
9,5463,9559,4096,1,0.5293369355625457,-0.0005824454789023217,0.43450799714388466,0.5531775412858652,0.8246713323169271,20110.707320761598
10,4743,8839,4096,1,0.5151346894974281,0.0012074277282487639,0.3822180200444393,0.4684227168416982,0.7981049763282396,20416.29869199077
11,4023,8119,4096,1,0.4770148137409521,0.0009027665961074327,0.3962833577355436,0.5132484120357318,0.8243230613546825,20528.535988372274
12,3303,7399,4096,1,0.49542191312107453,-0.0007998214651534041,0.39511786979943986,0.5642197731175349,0.8131863244177865,20600.597923385998
13,2583,6679,4096,1,0.5375228294991012,-0.0006256726844865344,0.39803245542886545,0.5943551110918567,0.8400584410580442,20450.557730340548
