window_idx,history_start,history_end,history_length,n_series,trend_strength,trend_linearity,seasonal_strength,seasonal_correlation,residual_autocorr_lag1,spectral_entropy
0,13137,17233,4096,1,0.920286782901836,0.00029417594308848885,0.020739574195744792,0.06757018135883162,0.9934443987817932,240.96764919416069
1,12417,16513,4096,1,0.9446486641419264,0.00046218512081334733,0.0,-0.0030560534103796816,0.9942887777204793,1272.0447621043004
2,11697,15793,4096,1,0.9545624678628281,0.0004227036414102287,0.015214390158074131,0.03349416058793716,0.9922770888416532,2053.0055091692875
3,10977,15073,4096,1,0.9290112366893618,0.0002939490453008949,0.0065444663878130305,0.09387317657110264,0.9906379709270817,2029.5341024082022
4,10257,14353,4096,1,0.839282669574811,0.00013349249852094054,0.05701687441728631,0.11318464750435808,0.9896525864894816,-1622.372323614911
5,9537,13633,4096,1,0.900598584968433,0.00012464065184761842,0.08150994693749247,0.16660192034813995,0.9780461031766415,-1407.8820813973869
6,8817,12913,4096,1,0.8828977183511109,0.00010281259890262895,0.0869182756507213,0.21983292375387264,0.9813033040445401,-2747.7393235648906
7,8097,12193,4096,1,0.8882501913408902,0.00010001133800021378,0.12252248503660912,0.1928528219395717,0.9841102763738389,-2596.188024849521
8,7377,11473,4096,1,0.9508862580252265,7.0693285609045e-05,0.3303400247974766,0.0794986788848248,0.965804966823067,-4558.898979521913
9,6657,10753,4096,1,0.8626675178695833,2.5313337889326026e-05,0.12816269289595783,0.1670210436303676,0.9714550616872294,-4857.445543369093
10,5937,10033,4096,1,0.8366196143594291,-1.970724380388213e-05,0.10094081160568447,0.12366457591279491,0.973300229119472,-4818.780498427565
11,5217,9313,4096,1,0.8160654799600533,-6.408796865681003e-05,0.10673086661251652,0.11915373444556894,0.9443798208446873,-3259.2955474534983
12,4497,8593,4096,1,0.8083771393061401,-8.191968864620211e-05,0.01801408507526947,0.07992008114651712,0.9845660992391337,-3107.5068050747263
13,3777,7873,4096,1,0.7572356593596865,-5.828849434432756e-05,0.004886289709916336,0.09130761002515907,0.9849761228752675,-3548.5902280099003
14,3057,7153,4096,1,0.7048871835273403,-3.3691804270756656e-06,0.0,0.07406702923805289,0.9828504585819196,-2617.933457915321
