window_idx,history_start,history_end,history_length,n_series,trend_strength,trend_linearity,seasonal_strength,seasonal_correlation,residual_autocorr_lag1,spectral_entropy
0,13137,17233,4096,1,0.6973184986155196,0.00029584256259514364,0.008217509871478401,0.08040404470342072,0.9802414873469677,3555.308717515182
1,12417,16513,4096,1,0.8027446401585198,0.0004567468601923722,0.0071014517038444636,0.07050961223576929,0.9808877577463814,3693.9031857966006
2,11697,15793,4096,1,0.8683880554695519,0.00041381490777237006,0.030619326691627147,0.03929873134418914,0.9844526931301333,3061.140866874073
3,10977,15073,4096,1,0.7528008621042988,0.0002715250073470951,0.02001639103793673,0.025452971324228496,0.9786531313627284,3132.2535323062407
4,10257,14353,4096,1,0.6675189268649857,0.0001228104815460443,0.003846085313159886,0.0750330262754139,0.9747881428679269,405.1004026175701
5,9537,13633,4096,1,0.5771911229941664,0.0001231766202644247,0.012639644310037057,0.024225955917567762,0.9738720974503454,750.4070510418626
6,8817,12913,4096,1,0.48663104202128615,0.00011349281251959288,0.02004260150088777,0.13414948614522593,0.9759122763150285,679.7862024141062
7,8097,12193,4096,1,0.4523309119127089,0.00010967715005432511,0.02121096303734571,0.0606572070278371,0.9760661546579689,988.813625913577
8,7377,11473,4096,1,0.37345854408819645,7.996736201745516e-05,0.02161003630464975,0.021467829947543225,0.9763583446395321,904.1461225362245
9,6657,10753,4096,1,0.3029544493441799,2.6190592823488065e-05,0.016039502133078698,0.12805673076381485,0.977995930687753,501.9028080506789
10,5937,10033,4096,1,0.2941384940344889,-1.6785282636308654e-05,0.008040398963182649,0.04889879979092435,0.9784004690950036,241.79883228651488
11,5217,9313,4096,1,0.43273984529763465,-6.445062110962906e-05,0.005619019163327077,0.0545622648772432,0.9746916977044895,171.77086838341165
12,4497,8593,4096,1,0.5988077296250496,-8.296911084046064e-05,0.00018088855617204302,0.04156621175625515,0.9826637497516739,-773.1812070218695
13,3777,7873,4096,1,0.4881525489089379,-5.9351991377206e-05,0.0,0.04842518907254736,0.9827041369254229,-293.7787457936986
14,3057,7153,4096,1,0.5138387884361186,-1.0454111570802929e-05,0.007533234628659291,0.048127216346427824,0.9823689538503028,14.56503478182799
