window_idx,history_start,history_end,history_length,n_series,trend_strength,trend_linearity,seasonal_strength,seasonal_correlation,residual_autocorr_lag1,spectral_entropy
0,13137,17233,4096,1,0.6891264975395384,0.00025623357684498353,0.00813124771966478,0.06353081904081789,0.969035272413382,4549.628070335447
1,12417,16513,4096,1,0.8139735263427257,0.0004405559379315078,0.015266135673589143,0.07464718335041216,0.968805956965849,4023.572293057098
2,11697,15793,4096,1,0.8269077686977787,0.00037027194906478215,0.011133106562210338,0.07568200972584795,0.9715453045623664,4016.1501897898743
3,10977,15073,4096,1,0.878685978090146,0.00026066836475432405,0.0076628347927572005,0.1131192027920496,0.9629165761068348,3064.027263477672
4,10257,14353,4096,1,0.5729409233126022,0.0001085487039764478,0.020912664368872402,0.06662322454834953,0.9665093100616364,1169.206768060878
5,9537,13633,4096,1,0.4989445878883111,8.407830270323776e-05,0.02184651714484298,0.08481899634349506,0.9611313813780795,1809.8319924125244
6,8817,12913,4096,1,0.3364040939077967,9.127969857535015e-05,0.05476249251627818,0.03244382857713959,0.9606898422595376,2218.6987988461633
7,8097,12193,4096,1,0.3573889883847591,0.00011618975331785143,0.005528110584578583,0.08634321712778129,0.9620940976958222,2362.807628248399
8,7377,11473,4096,1,0.25228941206007016,6.369382103074292e-05,0.0856340234780616,0.059663784993527286,0.950263400266603,2836.4937209542463
9,6657,10753,4096,1,0.15150848460699473,6.091067394896644e-05,0.0,0.11527007133094508,0.9498802867158118,2817.7064312348825
10,5937,10033,4096,1,0.08776791673228146,-3.0060079154445446e-05,2.5016294153967777e-05,0.12417452009098015,0.9680320014157812,2508.748471846502
11,5217,9313,4096,1,0.13411949723145578,-5.970739382394991e-05,0.0,0.04804767946973853,0.9699430597341078,2365.3526102140777
12,4497,8593,4096,1,0.25194390553516854,-7.18287130751816e-05,0.0,0.05327392498578595,0.964648559438574,1980.4182448046095
13,3777,7873,4096,1,0.13408833248744167,-5.37674644839713e-05,0.0,0.02346340831334556,0.9678746273414985,1913.9438438166783
14,3057,7153,4096,1,0.24302363844458275,-1.0998171699713489e-05,0.05241533951094346,0.03203101126168906,0.9673485166370963,2197.237413428731
