window_idx,history_start,history_end,history_length,n_series,trend_strength,trend_linearity,seasonal_strength,seasonal_correlation,residual_autocorr_lag1,spectral_entropy
0,13137,17233,4096,1,0.47129506683506894,0.0002032560803256115,0.0,0.04955793099175241,0.9567611131178038,5380.639742593246
1,12417,16513,4096,1,0.626269992311294,0.0003187721393201389,0.0882501650474905,0.042133895899772546,0.954961293823809,5182.101284892112
2,11697,15793,4096,1,0.7637409167993617,0.0003153865232861943,0.0923440372908485,0.08295093608940429,0.9722705872527302,4385.230434149971
3,10977,15073,4096,1,0.7378245366435694,0.00022397042571018156,0.0,0.08129418333319076,0.9561876078088697,3269.1494131664117
4,10257,14353,4096,1,0.5599729148832557,0.00011560144940339004,0.07189091413139592,0.2295782223385404,0.960504143550949,1229.3076796088194
5,9537,13633,4096,1,0.4370133039135139,0.00011205715427984561,0.1188652445398608,0.10201573376088464,0.9577015895413377,1976.082112012328
6,8817,12913,4096,1,0.2671701789123798,7.276761044421909e-05,0.21992215570030638,0.16049179576441097,0.9506639607281714,2698.429707521971
7,8097,12193,4096,1,0.24927472095099157,8.895929443189058e-05,0.14924946466916444,0.13573924054995182,0.9566681107164775,2953.0155795787823
8,7377,11473,4096,1,0.17116582433140415,5.541320930629848e-05,0.1873249621288261,0.2236220424900353,0.9580160476479158,3158.546221869953
9,6657,10753,4096,1,0.1482422955959819,3.080335278453359e-05,0.19672338568402836,0.18068081491656102,0.9586083315985742,3025.5764314956104
10,5937,10033,4096,1,0.19017703939741315,2.5646841508907212e-05,0.2506614274265675,0.06910345384147189,0.9536545380345909,3252.0749403496025
11,5217,9313,4096,1,0.18780857806019657,-6.8896592418648e-05,0.13062749766661186,0.07958954379935695,0.9641523506607586,2998.0186257913697
12,4497,8593,4096,1,0.2319686642015053,-0.00010140510388651297,0.11192923176091463,0.09871882837414359,0.9579017968589517,2546.334285754987
13,3777,7873,4096,1,0.2316182776193082,-5.119753735343393e-05,0.16946806835270467,0.036086817991674694,0.9574072660604149,2399.0853599492457
14,3057,7153,4096,1,0.4930714277045355,-1.3749666504661905e-05,0.23828677616310057,0.06847799867453926,0.9567568357044319,2171.0715565564233
