window_idx,history_start,history_end,history_length,n_series,trend_strength,trend_linearity,seasonal_strength,seasonal_correlation,residual_autocorr_lag1,spectral_entropy
0,11943,16039,4096,1,0.6386004890038236,0.0025606723875533787,0.597106527314336,0.7438876903741473,0.8107591077516603,20435.411219867667
1,11223,15319,4096,1,0.6818126218351713,0.0034165429945684942,0.603017957904163,0.7232320382691304,0.7796700296723776,20786.23052947215
2,10503,14599,4096,1,0.6851597583585878,0.0027210403973890332,0.5724563414094577,0.6707806158192953,0.7802455831124102,20798.379895690254
3,9783,13879,4096,1,0.6742426202562846,-0.00013498066807562391,0.5761664850979311,0.7175641139489798,0.7603100600106276,20863.213698948857
4,9063,13159,4096,1,0.6293791811714908,-0.0026942935528802953,0.5760520307416817,0.7407185605823092,0.74934817816818,20858.747419222695
5,8343,12439,4096,1,0.6857187852078037,-0.0022351613831276523,0.6658184366846958,0.7650400082714891,0.6957275331843787,20486.507035817518
6,7623,11719,4096,1,0.5976665853184966,3.271938973663492e-05,0.6108932122657629,0.6847647436773809,0.7496535958751214,20177.225882024963
7,6903,10999,4096,1,0.600748603510767,0.0004964956351696831,0.6080432120360878,0.691043178561893,0.7648384273835083,20127.63792087446
8,6183,10279,4096,1,0.5418334657469553,-5.46456738000745e-05,0.6230152300060978,0.741080523757107,0.7797405233182308,20036.120255511145
9,5463,9559,4096,1,0.5468357684120884,-0.0006462940127508745,0.5659394308296979,0.6929455544746198,0.7986022606411001,20079.867858363526
10,4743,8839,4096,1,0.5362800102055608,0.0010283415376953966,0.5311840074114278,0.6678523527987852,0.7732631342222078,20414.30498202052
11,4023,8119,4096,1,0.5530249425620088,0.0003861681084023574,0.5455337165975465,0.6724869225926566,0.7598768399403649,20506.920670833562
12,3303,7399,4096,1,0.5574484740082002,-0.000725055127515117,0.5550368667449644,0.719775667749281,0.7650186616199272,20607.41820518052
13,2583,6679,4096,1,0.5822623200536812,-0.0005083008962773751,0.5678908759651391,0.746083742854085,0.7655720860398221,20492.65811043309
