window_idx,history_start,history_end,history_length,n_series,trend_strength,trend_linearity,seasonal_strength,seasonal_correlation,residual_autocorr_lag1,spectral_entropy
0,771,4867,4096,1,0.6734116207112817,-0.0008965977551938336,0.5862747958673853,0.6396707877922605,0.7188500817610413,21141.425476969256
1,51,4147,4096,1,0.6768751608790851,-0.00301998561650706,0.5597478548565872,0.6516085981507111,0.7382757943243284,20959.362953491538
2,0,3427,3427,1,0.6260258964627075,-0.0030672479528552274,0.5787177577241363,0.6535655030025568,0.7566693564406488,17121.528756554035
3,0,2707,2707,1,0.6056799881596725,-0.003156855431635758,0.5773390172771375,0.6305704844341866,0.7473889742898908,13256.378548257613
4,0,1987,1987,1,0.6181251613604917,-0.005539762633943717,0.5419960301445732,0.6035107695488374,0.7674412662149366,9336.937262313888
