window_idx,history_start,history_end,history_length,n_series,trend_strength,trend_linearity,seasonal_strength,seasonal_correlation,residual_autocorr_lag1,spectral_entropy
0,771,4867,4096,1,0.6272406999598138,-0.00034707695344069774,0.6921792570762668,0.7677707394635376,0.6409726447273644,21274.32347029733
1,51,4147,4096,1,0.6298831697667047,-0.00198901850822864,0.6678750506592187,0.773335830883367,0.6583126081984544,21116.23244323038
2,0,3427,3427,1,0.5896327163969468,-0.0016558493425757525,0.6725189867676797,0.7840902530089144,0.6762314852485909,17256.10924692303
3,0,2707,2707,1,0.5880212045529533,-0.0027712544349015283,0.6480093467498422,0.768427375072053,0.686785860506472,13380.893606499596
4,0,1987,1987,1,0.6084050843835331,-0.005998126645859926,0.6265452248087955,0.7863081412039943,0.6928927305721411,9481.914214737124
