window_idx,history_start,history_end,history_length,n_series,trend_strength,trend_linearity,seasonal_strength,seasonal_correlation,residual_autocorr_lag1,spectral_entropy
0,771,4867,4096,1,0.6314794210323049,-7.504575742367763e-05,0.6563949244265532,0.7032761640081968,0.6539886107549872,21166.360885255348
1,51,4147,4096,1,0.6443637913368565,-0.0018337719582511387,0.6624173511053251,0.74338033894023,0.6652549386903144,21034.314109332503
2,0,3427,3427,1,0.6118587492717398,-0.0014525367670972212,0.6661019441117342,0.7479508868650362,0.6855413645187522,17191.14986617885
3,0,2707,2707,1,0.6030448422387518,-0.0026609500098553293,0.6361506978971121,0.7248888150834073,0.6968644169888178,13318.991692982807
4,0,1987,1987,1,0.620289719757614,-0.006293455934805388,0.6056975864597953,0.7194501805344802,0.7059752843780703,9446.836809103785
