window_idx,history_start,history_end,history_length,n_series,trend_strength,trend_linearity,seasonal_strength,seasonal_correlation,residual_autocorr_lag1,spectral_entropy
0,13137,17233,4096,1,0.9327790066948148,0.0002811672069847917,0.0,0.06455054506709883,0.9845132122168777,743.710691767312
1,12417,16513,4096,1,0.953553130894849,0.00045330563606775,0.0,0.05257740386694327,0.9875141630739859,1837.3420547021094
2,11697,15793,4096,1,0.9612938744160873,0.00042347389202558865,0.0,0.1722543499896282,0.9880980592463695,2119.5722579246503
3,10977,15073,4096,1,0.9400891556326206,0.00028897782217506744,0.0,0.08493239595226015,0.984088921580958,2022.162072804067
4,10257,14353,4096,1,0.888305953096159,0.0001328373546020707,0.02306220790330915,0.07042015497894086,0.9808217901803611,-1314.765609272366
5,9537,13633,4096,1,0.9271316001303288,0.0001227632469412329,0.09144124914724261,0.08440997349686459,0.9841270210292972,-1628.3012021790737
6,8817,12913,4096,1,0.9177564056151271,0.000106465782771883,0.07196561884291452,0.06554697784604607,0.9814397759707508,-2824.513920629325
7,8097,12193,4096,1,0.9257722387011833,0.00010574024262343516,0.09584869262073026,0.06142878698260574,0.979512332745374,-2670.319633908833
8,7377,11473,4096,1,0.9406203152560707,7.2540135804491e-05,0.1299810577136521,0.09038570487008823,0.9586014111576872,-4488.9463283767745
9,6657,10753,4096,1,0.8776976240249919,3.177925203028336e-05,0.08552124158449936,0.09658759426013634,0.9698850927877644,-4609.75087160821
10,5937,10033,4096,1,0.8592694396627414,-1.8016412075644378e-05,0.06318394385006432,0.12516057551257892,0.9716881232043302,-4513.68215329109
11,5217,9313,4096,1,0.8508493274709679,-5.4822351193559224e-05,0.06256286175601289,0.14356741361840264,0.973849844884253,-3490.129518563236
12,4497,8593,4096,1,0.8053904989932216,-7.20090359729959e-05,0.017517157791086646,0.15895630686131343,0.9794865266587774,-2607.682132254423
13,3777,7873,4096,1,0.7568220095724986,-5.536995419418077e-05,0.0003423465643532797,0.07606947847293996,0.9817843829286304,-2964.6584939902004
14,3057,7153,4096,1,0.700718862842612,-8.00398595686254e-06,0.0,0.17617659936614505,0.985508638083525,-2330.302760334113
