window_idx,history_start,history_end,history_length,n_series,trend_strength,trend_linearity,seasonal_strength,seasonal_correlation,residual_autocorr_lag1,spectral_entropy
0,771,4867,4096,1,0.45431364332466195,-0.0002643061406933577,0.4985260753787588,0.5548827821829901,0.7261441071614253,20927.57155115135
1,51,4147,4096,1,0.49475401291971643,-0.0015669608284944827,0.49058381801411866,0.5389903532208801,0.7175241650777212,20750.97424996646
2,0,3427,3427,1,0.37740944241665697,-0.0008452995573428157,0.4483747165610765,0.49034596765006067,0.7497738152522633,16948.37418561313
3,0,2707,2707,1,0.34118991270141297,-0.0017638728493257418,0.3828171009647824,0.42634538269346484,0.7546091829405722,13105.870291458186
4,0,1987,1987,1,0.45370398542319323,-0.003888991614625177,0.48290934193365376,0.6267024443109456,0.7391129603435128,9317.085091039185
