window_idx,history_start,history_end,history_length,n_series,trend_strength,trend_linearity,seasonal_strength,seasonal_correlation,residual_autocorr_lag1,spectral_entropy
0,11943,16039,4096,1,0.6581846292586209,0.0027842506791380356,0.6851526569141646,0.7912938171548872,0.7535835895654411,20873.9497240158
1,11223,15319,4096,1,0.6629871026273872,0.0035825115178020413,0.6360165572589078,0.729334535835177,0.7404429241525572,21132.10996175403
2,10503,14599,4096,1,0.6755707988885382,0.0023925360832842885,0.6289351777008957,0.7185112218239912,0.7401778193187102,21135.056578353026
3,9783,13879,4096,1,0.645020173225406,-0.0010474731739779294,0.6151725623621489,0.7608622524792163,0.7338382473890901,21084.722140863523
4,9063,13159,4096,1,0.6322137662474404,-0.002539494054526195,0.6111814422017383,0.7721872811855545,0.7254855220853197,21088.42853809378
5,8343,12439,4096,1,0.6460319224570586,-0.0021722267468654347,0.5936728448483086,0.7792404367395707,0.7186929407175037,20683.71684147518
6,7623,11719,4096,1,0.5365245698716097,-0.00027414939609689536,0.550890258208333,0.741298295530215,0.7639512512524814,20489.358296237227
7,6903,10999,4096,1,0.5706875537956284,0.0003970821451522926,0.6027652801319607,0.7547052179666575,0.7284255187231476,20501.19197731937
8,6183,10279,4096,1,0.48986589152964755,-0.0006177639667004858,0.5840468620626059,0.7641852229013949,0.7712124057746538,20433.6683505613
9,5463,9559,4096,1,0.48181943173759134,-0.000727913052951563,0.5518939636703448,0.7174726560689736,0.7526516587897504,20557.230562863697
10,4743,8839,4096,1,0.4525328268212212,0.001055400786753645,0.5157022616555234,0.658026750748352,0.7378201565009931,20759.88528521576
11,4023,8119,4096,1,0.472656267663053,0.00047564868270050297,0.5448113910540142,0.6986841693634218,0.7464270065013214,20801.183949234102
12,3303,7399,4096,1,0.47371377499621514,-0.000772743412331241,0.5511116464497486,0.7005829901269933,0.7445978951205774,20905.595571224745
13,2583,6679,4096,1,0.4857727578488438,-0.00032095179835733807,0.5650320649819704,0.7251881745037544,0.7341257483224978,20788.258419522535
