{
  "model": "timesfm2p5",
  "dataset": "electricity",
  "method": "BM",
  "ratio": 0.1,
  "term": "long",
  "imputation_method": "forward",
  "n_windows": 20,
  "period": 24,
  "inject_range": {
    "dataset_name": "electricity",
    "term": "long",
    "frequency": "H",
    "prediction_length": 720,
    "windows": 20,
    "max_context": 4096,
    "start_index": 7808,
    "end_index": 25584,
    "injection_length": 17776,
    "total_length": 26304
  },
  "summary": {
    "mean": {
      "trend_strength": 0.7122281739034764,
      "trend_linearity": 0.02508902511936732,
      "seasonal_strength": 0.6328510891783399,
      "seasonal_correlation": 0.825601646997708,
      "residual_autocorr_lag1": 0.7838508755442477,
      "spectral_entropy": 35776.70354401086
    },
    "std": {
      "trend_strength": 0.07386133236549995,
      "trend_linearity": 0.1605736558182732,
      "seasonal_strength": 0.05466045147961129,
      "seasonal_correlation": 0.06350135515558296,
      "residual_autocorr_lag1": 0.04633717818936609,
      "spectral_entropy": 294.1422062958206
    },
    "min": {
      "trend_strength": 0.5882518271616328,
      "trend_linearity": -0.29671701184678806,
      "seasonal_strength": 0.4679001240331838,
      "seasonal_correlation": 0.6994735031493672,
      "residual_autocorr_lag1": 0.6705716871943578,
      "spectral_entropy": 35156.749021894284
    },
    "max": {
      "trend_strength": 0.8197584069320583,
      "trend_linearity": 0.23381673608273718,
      "seasonal_strength": 0.6949487867815696,
      "seasonal_correlation": 0.902341729523899,
      "residual_autocorr_lag1": 0.8472035079601259,
      "spectral_entropy": 36343.38721686033
    }
  }
}