{
  "model": "timesfm2p5",
  "dataset": "ETTh2",
  "method": "BM",
  "ratio": 0.3,
  "term": "long",
  "imputation_method": "forward",
  "n_windows": 15,
  "period": 24,
  "inject_range": {
    "dataset_name": "ETTh2",
    "term": "long",
    "frequency": "H",
    "prediction_length": 720,
    "windows": 15,
    "max_context": 4096,
    "start_index": 2524,
    "end_index": 16700,
    "injection_length": 14176,
    "total_length": 17420
  },
  "summary": {
    "mean": {
      "trend_strength": 0.906030199537763,
      "trend_linearity": 0.00033966821375607366,
      "seasonal_strength": 0.45823689067114903,
      "seasonal_correlation": 0.602354837238997,
      "residual_autocorr_lag1": 0.8912471178967374,
      "spectral_entropy": 15681.696280349504
    },
    "std": {
      "trend_strength": 0.036734024770636906,
      "trend_linearity": 0.005692947325622704,
      "seasonal_strength": 0.05555413219675631,
      "seasonal_correlation": 0.08461272070064439,
      "residual_autocorr_lag1": 0.017482831691776463,
      "spectral_entropy": 606.7982685401232
    },
    "min": {
      "trend_strength": 0.8354032836008835,
      "trend_linearity": -0.008819950370737982,
      "seasonal_strength": 0.35785521143572263,
      "seasonal_correlation": 0.47745328593594316,
      "residual_autocorr_lag1": 0.849989972691707,
      "spectral_entropy": 14735.828404634827
    },
    "max": {
      "trend_strength": 0.9585482663432469,
      "trend_linearity": 0.007798299012586233,
      "seasonal_strength": 0.5477578262052334,
      "seasonal_correlation": 0.7391301111165249,
      "residual_autocorr_lag1": 0.9121757615050293,
      "spectral_entropy": 16690.675501353668
    }
  }
}