window_idx,history_start,history_end,history_length,n_series,trend_strength,trend_linearity,seasonal_strength,seasonal_correlation,residual_autocorr_lag1,spectral_entropy
0,12604,16700,4096,1,0.920882640394737,0.0022600966359703086,0.12762981490291092,0.18536923292776802,0.8517079301103818,13569.673822333436
1,11884,15980,4096,1,0.8905227423900735,0.0007882510837770305,0.1322197014462303,0.2087879573188324,0.8516632757085101,13314.283884075432
2,11164,15260,4096,1,0.9255731880014003,-0.0010263965500366499,0.1875511647948922,0.21801174260308492,0.8156856124483358,13222.589485764283
3,10444,14540,4096,1,0.9571149829328177,-0.0031509665692881117,0.20861973716049498,0.22971706981850193,0.8211257574619011,13528.14533300245
4,9724,13820,4096,1,0.960590860009338,-0.0038637425509698356,0.2202314363642892,0.3024376514494673,0.8181728654003341,14119.314734864103
5,9004,13100,4096,1,0.9700394176286031,-0.004579744994277921,0.2944792311388926,0.4929842148193947,0.7960939351098045,14300.959883982905
6,8284,12380,4096,1,0.9569436642411956,-0.003793950412263098,0.29852207905896444,0.44912666150634944,0.777983550742072,14651.4088224626
7,7564,11660,4096,1,0.9221124403756411,-0.0025019370597432135,0.325825810705604,0.4820317750641289,0.7925886911184025,15049.755059676845
8,6844,10940,4096,1,0.8480354375295522,-0.0007861457756123102,0.3142923018771606,0.5087239240024877,0.7906303889090136,15309.203113299249
9,6124,10220,4096,1,0.9017568705027756,0.0018859548830016395,0.2954688808373285,0.44763208178078473,0.7955283250589079,15407.505910987264
10,5404,9500,4096,1,0.9206312735020655,0.0035414059898550895,0.29783419708169434,0.43660970469489496,0.8002681691558098,15584.339136034274
11,4684,8780,4096,1,0.9205765879654866,0.003810449598648883,0.2604684514176263,0.42563994291354457,0.8121773710484883,15429.086905694572
12,3964,8060,4096,1,0.9101850768206883,0.003055166197920565,0.24228286890901596,0.3764802609414941,0.8127907561123108,15573.740053662832
13,3244,7340,4096,1,0.8742660883520859,0.0007049203612815919,0.15797461948287417,0.35800948906604424,0.851575079639271,15341.044597160319
14,2524,6620,4096,1,0.8604092595011049,-0.0019325744235878751,0.11394545813497714,0.35898128861825074,0.8503254362607008,15418.956578490644
