{
  "model": "timesfm2p5",
  "dataset": "ETTh1",
  "method": "BM",
  "ratio": 0.1,
  "term": "long",
  "imputation_method": "backward",
  "n_windows": 15,
  "period": 24,
  "inject_range": {
    "dataset_name": "ETTh1",
    "term": "long",
    "frequency": "H",
    "prediction_length": 720,
    "windows": 15,
    "max_context": 4096,
    "start_index": 2524,
    "end_index": 16700,
    "injection_length": 14176,
    "total_length": 17420
  },
  "summary": {
    "mean": {
      "trend_strength": 0.9104262272259825,
      "trend_linearity": -0.0003406861357768973,
      "seasonal_strength": 0.27979242810976823,
      "seasonal_correlation": 0.4883966690844327,
      "residual_autocorr_lag1": 0.7923916294437142,
      "spectral_entropy": 14922.833645332945
    },
    "std": {
      "trend_strength": 0.036942776820988586,
      "trend_linearity": 0.0027250796123510983,
      "seasonal_strength": 0.035534424206378167,
      "seasonal_correlation": 0.11225772082711244,
      "residual_autocorr_lag1": 0.008782391435275127,
      "spectral_entropy": 824.1735849023828
    },
    "min": {
      "trend_strength": 0.8194173283584161,
      "trend_linearity": -0.004590868379710453,
      "seasonal_strength": 0.163245838439242,
      "seasonal_correlation": 0.2596773422921847,
      "residual_autocorr_lag1": 0.7757616875489655,
      "spectral_entropy": 13512.95919857793
    },
    "max": {
      "trend_strength": 0.9641464695229593,
      "trend_linearity": 0.0035960171978524553,
      "seasonal_strength": 0.32468403166506987,
      "seasonal_correlation": 0.6554739529572554,
      "residual_autocorr_lag1": 0.8031264676900886,
      "spectral_entropy": 15788.98615673072
    }
  }
}