window_idx,history_start,history_end,history_length,n_series,trend_strength,trend_linearity,seasonal_strength,seasonal_correlation,residual_autocorr_lag1,spectral_entropy
0,12604,16700,4096,1,0.9390216479205364,0.002119129946060348,0.2746234406245118,0.29663775434647277,0.7755556621452169,13790.307336271788
1,11884,15980,4096,1,0.9187059167387951,0.0006708008053441617,0.29625331536615174,0.34421723477774785,0.7836163530359709,13345.392403662976
2,11164,15260,4096,1,0.926866466557646,-0.0009025519498319655,0.3040878436288853,0.41099810301247247,0.7740550397259643,13437.271556203888
3,10444,14540,4096,1,0.9490845123330792,-0.0028742995204444318,0.2983281702459213,0.38821312009023123,0.7806795138895184,13942.036750392657
4,9724,13820,4096,1,0.9524814308640861,-0.0037989759467931517,0.26589937685926757,0.47517635113330126,0.8059892768694611,14441.916608738937
5,9004,13100,4096,1,0.963632730563134,-0.004629624838989099,0.3135415793983428,0.6556311508189322,0.7950079137053732,14614.881430384472
6,8284,12380,4096,1,0.9499253823602698,-0.003883123525575389,0.30081455802468693,0.5916842328898254,0.7812884323382138,14887.872413916466
7,7564,11660,4096,1,0.904058796661801,-0.002625571345152347,0.27234810131179243,0.5995328062072104,0.7902285327388027,15285.590971382795
8,6844,10940,4096,1,0.8245553107319347,-0.0007903520787249128,0.3004157095557346,0.6298594450137669,0.7748215084780317,15503.488374725186
9,6124,10220,4096,1,0.8838237477802513,0.0021226027353834047,0.2844005819230362,0.540646989587138,0.7813925341792034,15629.541906127433
10,5404,9500,4096,1,0.9160187824212699,0.003678298659774416,0.3030768707375062,0.5834077114055365,0.7808757882172205,15624.614332151235
11,4684,8780,4096,1,0.9137259349718068,0.003679144359484966,0.28941490122263924,0.5831509645918429,0.7879359572790772,15581.906075817997
12,3964,8060,4096,1,0.9084182311905274,0.00284865594523957,0.3027212043933889,0.5246425131494341,0.7875574658064539,15658.051074032366
13,3244,7340,4096,1,0.8891960984059478,0.0008707460651201443,0.26771609107315775,0.5229586685110283,0.7936417917276164,15597.859028759643
14,2524,6620,4096,1,0.8578218668802695,-0.0016368993720418774,0.11166231315849551,0.4409961931070215,0.7867666529845551,15552.147140125315
