window_idx,history_start,history_end,history_length,n_series,trend_strength,trend_linearity,seasonal_strength,seasonal_correlation,residual_autocorr_lag1,spectral_entropy
0,12604,16700,4096,1,0.9332264455479885,0.00210428799727027,0.26913615862301854,0.2596773422921847,0.7844894543566772,13885.600166018852
1,11884,15980,4096,1,0.9104267438885408,0.0006722431287181642,0.29280652681284236,0.31074677157548736,0.7934064243413843,13512.95919857793
2,11164,15260,4096,1,0.9276214976147341,-0.0009343574888770979,0.31303229408701205,0.38463819920941783,0.7757616875489655,13518.119936710551
3,10444,14540,4096,1,0.9500594429519925,-0.0028926765982009166,0.30396370135611295,0.3832128306177119,0.7791916996654689,13982.917301016667
4,9724,13820,4096,1,0.9531485417007021,-0.0037797534637458424,0.27487047973266476,0.4687062877575117,0.8031264676900886,14469.485471704491
5,9004,13100,4096,1,0.9641464695229593,-0.004590868379710453,0.32468403166506987,0.6554739529572554,0.7946899137773998,14646.986946840305
6,8284,12380,4096,1,0.9491237524741333,-0.003814249953789957,0.299393882192197,0.5778873213020881,0.7825670299986912,14901.292548293932
7,7564,11660,4096,1,0.9039096578960515,-0.0025834498257353987,0.2751211232966124,0.6001071409314821,0.7906489975832208,15294.618914564067
8,6844,10940,4096,1,0.8194173283584161,-0.0007691272370123632,0.29952639384636226,0.6183755111842018,0.7851493770738428,15556.78761142036
9,6124,10220,4096,1,0.8803377015870943,0.0021118902960091256,0.2763898059466532,0.546367433733553,0.7997154997081967,15684.651854165942
10,5404,9500,4096,1,0.9093021945643531,0.0035960171978524553,0.28645726020701157,0.5633782905531592,0.7938366375931051,15655.339489931403
11,4684,8780,4096,1,0.9072051556181361,0.0035793393753088035,0.28099562077632334,0.5505100916156733,0.8019354241150035,15638.12028824685
12,3964,8060,4096,1,0.8971888432011726,0.002863923217538122,0.2796711164806298,0.49606870599084735,0.8023159444353837,15788.98615673072
13,3244,7340,4096,1,0.8800665961346591,0.0009286523632402367,0.2575921881847705,0.49120011750620945,0.7961117716645567,15668.50431571019
14,2524,6620,4096,1,0.871213037328804,-0.001602162665518609,0.163245838439242,0.4196000390397063,0.8029281121037308,15638.134480061908
