window_idx,history_start,history_end,history_length,n_series,trend_strength,trend_linearity,seasonal_strength,seasonal_correlation,residual_autocorr_lag1,spectral_entropy
0,12604,16700,4096,1,0.901528758820018,0.001969974411719975,0.16418609039579546,0.28895159436205065,0.8215166770918337,14893.405455372123
1,11884,15980,4096,1,0.8857086721631996,0.0009844631042765113,0.1716863826638021,0.3496628680097233,0.829334449879719,14630.205745525642
2,11164,15260,4096,1,0.8968957431504886,-0.0004625693178914044,0.19562864291044768,0.40634018564814745,0.8197094332218328,14518.594651413008
3,10444,14540,4096,1,0.9260723028650042,-0.002514179736362232,0.22669228165035893,0.3755449896424429,0.8105140866242959,14551.319410347187
4,9724,13820,4096,1,0.9433555291534914,-0.0034212610316292674,0.2578806336236451,0.4693803067234043,0.7986226068794484,14801.722588010873
5,9004,13100,4096,1,0.9591153418421839,-0.004333128756081649,0.3117170134112992,0.6612058657590603,0.7876080026164581,14882.92057473734
6,8284,12380,4096,1,0.9454156459190658,-0.003640848345165572,0.2890969396920091,0.5718936751149721,0.7686289812874423,15064.586713515611
7,7564,11660,4096,1,0.8918176900272734,-0.002417737883609748,0.2470908448423309,0.6039320242893544,0.7923440415230331,15417.398065050693
8,6844,10940,4096,1,0.8177573220359258,-0.000791795329885417,0.2781502575343514,0.6208278112070394,0.7856841254299707,15717.454647321389
9,6124,10220,4096,1,0.8696201904982863,0.0019587230272626664,0.26318801435394545,0.5260537360353158,0.7902130877289272,15820.021756735117
10,5404,9500,4096,1,0.8946018119775225,0.0033485125301839546,0.2611367805612811,0.5537248442372751,0.7908715887918758,15774.967766846046
11,4684,8780,4096,1,0.8899835691464942,0.003251526754142242,0.2574915077854141,0.5610710137705932,0.7954597843508167,15829.457577077452
12,3964,8060,4096,1,0.8884916214182372,0.0025761811886321198,0.2729211091074948,0.4855142391601111,0.7985666074521235,15831.81787494622
13,3244,7340,4096,1,0.8825140273896971,0.0009194640611377863,0.25806031477933156,0.4684254100184535,0.791262634326709,15690.123143003628
14,2524,6620,4096,1,0.8645760164811265,-0.0015447254264869031,0.15664904246991462,0.4077398748753462,0.7995211448338183,15662.454149763907
