{
  "model": "timesfm2p5",
  "dataset": "ETTh2",
  "method": "clean",
  "ratio": null,
  "term": "long",
  "imputation_method": null,
  "n_windows": 15,
  "period": 24,
  "inject_range": {
    "dataset_name": "ETTh2",
    "term": "long",
    "frequency": "H",
    "prediction_length": 720,
    "windows": 15,
    "max_context": 4096,
    "start_index": 2524,
    "end_index": 16700,
    "injection_length": 14176,
    "total_length": 17420
  },
  "summary": {
    "mean": {
      "trend_strength": 0.9198740304842972,
      "trend_linearity": 0.0003960253957052129,
      "seasonal_strength": 0.6846848356564119,
      "seasonal_correlation": 0.894920501606003,
      "residual_autocorr_lag1": 0.8936661178180433,
      "spectral_entropy": 15107.350818082125
    },
    "std": {
      "trend_strength": 0.035560526869689385,
      "trend_linearity": 0.0057233206912452065,
      "seasonal_strength": 0.04699963094530602,
      "seasonal_correlation": 0.015118051117431433,
      "residual_autocorr_lag1": 0.02140003422885574,
      "spectral_entropy": 1156.4078702398508
    },
    "min": {
      "trend_strength": 0.8365485103097619,
      "trend_linearity": -0.00917233437078506,
      "seasonal_strength": 0.5931034393115957,
      "seasonal_correlation": 0.8602481124926956,
      "residual_autocorr_lag1": 0.8467481686994328,
      "spectral_entropy": 13208.551316003615
    },
    "max": {
      "trend_strength": 0.9659901132340664,
      "trend_linearity": 0.0077048400953774855,
      "seasonal_strength": 0.7529711517060802,
      "seasonal_correlation": 0.9168393201600911,
      "residual_autocorr_lag1": 0.9224665349928532,
      "spectral_entropy": 16768.440003809425
    }
  }
}