window_idx,history_start,history_end,history_length,n_series,trend_strength,trend_linearity,seasonal_strength,seasonal_correlation,residual_autocorr_lag1,spectral_entropy
0,3948,8044,4096,1,0.9589714700819821,0.0006706833703933404,0.06700120699439882,0.49695155268448826,0.9396564261680191,5243.70434221098
1,3228,7324,4096,1,0.9495885770335504,0.0005190324632099762,0.0717918179853102,0.47763447415148663,0.9207818876394132,5625.0412454911775
2,2508,6604,4096,1,0.9038826578685888,3.569153846193539e-05,0.09839700964387244,0.48414130214355044,0.9136209507002848,5830.176855516294
3,1788,5884,4096,1,0.9303878302549877,-0.00037105347503676756,0.13384412285148717,0.532506947170814,0.9120526674765438,5190.929101541232
4,1068,5164,4096,1,0.9476574397722788,-0.0005356273602173861,0.11081652913143802,0.6172084643239464,0.9146852994732029,5535.642521537745
5,348,4444,4096,1,0.9643836908304759,-0.0008005885870059569,0.09763688548645,0.495446401987206,0.916504976350798,5745.069876894333
6,0,3724,3724,1,0.9607989871293091,-0.0008029952019581361,0.0761427473639138,0.405974097440388,0.9224015379377197,4024.1032705021476
7,0,3004,3004,1,0.9589449263553758,-0.0008327288851826493,0.10510874224463418,0.4084681197854233,0.9260832340007125,3073.7928104768835
