window_idx,history_start,history_end,history_length,n_series,trend_strength,trend_linearity,seasonal_strength,seasonal_correlation,residual_autocorr_lag1,spectral_entropy
0,3948,8044,4096,1,0.9643983383557291,0.0006653378706168071,0.09662599821390394,0.5868568500253735,0.9572538455017142,3394.0483169250338
1,3228,7324,4096,1,0.9547391021896093,0.0005086306468553831,0.10113208801593232,0.5849982153637406,0.9360969954029086,4316.729790209871
2,2508,6604,4096,1,0.912458398635537,4.9858253780650746e-05,0.15206478572230242,0.628151480494861,0.9451989259286246,4235.8181583221085
3,1788,5884,4096,1,0.942570533048245,-0.00036882341881977774,0.19575006513558157,0.6709536301538366,0.9428119768762154,4356.437876645994
4,1068,5164,4096,1,0.9544935796732641,-0.0005484368554107212,0.1522630480527648,0.6743633369102645,0.9473363338955031,5148.917195499125
5,348,4444,4096,1,0.9696887956697666,-0.0008195653315020554,0.13928956563729444,0.5443012767910129,0.9462961751525715,5426.9529143653235
6,0,3724,3724,1,0.9670411491583111,-0.0008080201310326242,0.11721455422787963,0.4878035252395795,0.9434974912707101,2286.162386373619
7,0,3004,3004,1,0.9665134869401064,-0.0008405261068274889,0.133787032850053,0.5432438176177057,0.9439685242364168,1159.9641516048346
