window_idx,history_start,history_end,history_length,n_series,trend_strength,trend_linearity,seasonal_strength,seasonal_correlation,residual_autocorr_lag1,spectral_entropy
0,3948,8044,4096,1,0.9548997617504927,0.0006956911931784869,0.04430866470446426,0.35785470566725336,0.9281492557204772,5690.353672253419
1,3228,7324,4096,1,0.9355545756056358,0.0006073513941757705,0.037830061445514596,0.42150616234542765,0.9359430691786134,6218.853036858423
2,2508,6604,4096,1,0.871773999787282,7.13909897084458e-05,0.08370840323453177,0.45962894910417246,0.9448272892358345,6302.174685739281
3,1788,5884,4096,1,0.8991993517631808,-0.00037679986233624493,0.10114714541019232,0.4942997551103576,0.9249633718502995,6565.435428235989
4,1068,5164,4096,1,0.9157809882841887,-0.0005186076841867652,0.07026902405896496,0.46713747588274773,0.9340112932143044,6704.439473137212
5,348,4444,4096,1,0.945300332778861,-0.0007948750959006009,0.07305481277184633,0.4429077380910581,0.9354632864597878,6952.280792203814
6,0,3724,3724,1,0.9397102845752275,-0.0008218540013850659,0.05862198441544608,0.37132796038972865,0.9311696098058555,5832.384344467089
7,0,3004,3004,1,0.9386867084705178,-0.0008024922931385139,0.06193787551048413,0.3745945651363551,0.9231193343276463,4268.965525274007
