window_idx,history_start,history_end,history_length,n_series,trend_strength,trend_linearity,seasonal_strength,seasonal_correlation,residual_autocorr_lag1,spectral_entropy
0,3948,8044,4096,1,0.9563538237512612,0.0006636976331907982,0.060970698276305746,0.395682033014157,0.9226812199917731,5666.284972289181
1,3228,7324,4096,1,0.9417528324722687,0.0004725080351623643,0.0604035126216651,0.4095086848000193,0.9074438421502704,6129.410990249925
2,2508,6604,4096,1,0.8940401896506402,1.292977149762419e-05,0.10895761168187201,0.3985296488288668,0.9220771422367381,5718.613886017082
3,1788,5884,4096,1,0.9275980270563753,-0.0004080960619305973,0.10236630764613341,0.440069417924853,0.914459044161413,6530.048685612999
4,1068,5164,4096,1,0.9398104187960041,-0.000592163974588983,0.06568442102021999,0.38719882099851166,0.915105379217398,7028.767025782226
5,348,4444,4096,1,0.9580858573104716,-0.0008386109820164416,0.060776338546096875,0.33429237153785557,0.9191350494258959,6752.459386314538
6,0,3724,3724,1,0.950749403779658,-0.0007952635352235852,0.05296999508674438,0.2719361727614002,0.9114340320876955,5828.780700025005
7,0,3004,3004,1,0.9453410615902804,-0.00082295087002307,0.06641900478208229,0.29189235765678934,0.904517643964007,4298.748845372116
