{
  "model": "timesfm2p5",
  "dataset": "NE_China_Wind_H",
  "method": "BM",
  "ratio": 0.3,
  "term": "long",
  "imputation_method": "forward",
  "n_windows": 8,
  "period": 24,
  "inject_range": {
    "dataset_name": "NE_China_Wind_H",
    "term": "long",
    "frequency": "H",
    "prediction_length": 720,
    "windows": 8,
    "max_context": 4096,
    "start_index": 0,
    "end_index": 8044,
    "injection_length": 8044,
    "total_length": 8764
  },
  "summary": {
    "mean": {
      "trend_strength": 0.9392164518008699,
      "trend_linearity": -0.0002884937479914863,
      "seasonal_strength": 0.07231848620763998,
      "seasonal_correlation": 0.3661386884403066,
      "residual_autocorr_lag1": 0.9146066691543988,
      "spectral_entropy": 5994.139311457884
    },
    "std": {
      "trend_strength": 0.01937437833577097,
      "trend_linearity": 0.0005621674130315354,
      "seasonal_strength": 0.019692752342241285,
      "seasonal_correlation": 0.05602794118621951,
      "residual_autocorr_lag1": 0.006173969731750018,
      "spectral_entropy": 793.4179351242609
    },
    "min": {
      "trend_strength": 0.8940401896506402,
      "trend_linearity": -0.0008386109820164416,
      "seasonal_strength": 0.05296999508674438,
      "seasonal_correlation": 0.2719361727614002,
      "residual_autocorr_lag1": 0.904517643964007,
      "spectral_entropy": 4298.748845372116
    },
    "max": {
      "trend_strength": 0.9580858573104716,
      "trend_linearity": 0.0006636976331907982,
      "seasonal_strength": 0.10895761168187201,
      "seasonal_correlation": 0.440069417924853,
      "residual_autocorr_lag1": 0.9226812199917731,
      "spectral_entropy": 7028.767025782226
    }
  }
}