window_idx,history_start,history_end,history_length,n_series,trend_strength,trend_linearity,seasonal_strength,seasonal_correlation,residual_autocorr_lag1,spectral_entropy
0,3948,8044,4096,1,0.9687893136232482,0.0006692611253329234,0.07100119094006263,0.4063284990472259,0.9509061810278159,2950.875928575092
1,3228,7324,4096,1,0.9589947075711315,0.00048432226436632584,0.08166704197753216,0.5061759261734889,0.9533571863098209,4121.164007057108
2,2508,6604,4096,1,0.9152721913667627,1.9988561361602465e-05,0.0998616668470047,0.5381460935111471,0.9536179092327952,4055.9907707246985
3,1788,5884,4096,1,0.9411082412553544,-0.0003861960874084218,0.11844885790015147,0.5925180165929829,0.9634180045237225,4169.893576558616
4,1068,5164,4096,1,0.9546616776148786,-0.0005472103192823523,0.10621782853192496,0.5787803357475585,0.9644724540863814,5355.883168996122
5,348,4444,4096,1,0.9700319210689526,-0.0008099112626491295,0.10151382035041667,0.4824758572017596,0.9643933830842556,5401.496057736246
6,0,3724,3724,1,0.9652574856990751,-0.0007963931478379129,0.08188525632089638,0.38218666518267014,0.9615637193887758,2075.695066810324
7,0,3004,3004,1,0.9631196741237399,-0.0008213671169117808,0.09261876966107763,0.4320803640483372,0.9640754878776769,963.6693116277993
