window_idx,history_start,history_end,history_length,n_series,trend_strength,trend_linearity,seasonal_strength,seasonal_correlation,residual_autocorr_lag1,spectral_entropy
0,0,1557,1557,1,0.5548595719562224,6.854452261872031,0.6599673471495285,0.7235021929575097,0.032015498485069155,19950.195943450308
1,0,1107,1107,1,0.5791729802114494,11.166565834925242,0.6293475885166764,0.7136684002364221,0.05521658810287169,13891.362014889917
2,0,657,657,1,0.5517179889166348,1.8383409906074986,0.6027581064333427,0.7123243464282423,0.06653450829051746,7982.54764262916
