window_idx,history_start,history_end,history_length,n_series,trend_strength,trend_linearity,seasonal_strength,seasonal_correlation,residual_autocorr_lag1,spectral_entropy
0,14169,18265,4096,1,0.9148157825669776,0.001062311940336423,0.6496001587640363,0.572159050014231,0.9106049350088448,12557.224896576005
1,13449,17545,4096,1,0.9061941346825276,0.0005908776842729347,0.6565644358872199,0.5800605531424055,0.9182573442407003,12614.164108762998
2,12729,16825,4096,1,0.898715571862984,0.0014605070565351442,0.6846168344631351,0.6475501370370332,0.915308517365214,12789.753378585174
3,12009,16105,4096,1,0.8549908955201916,0.00015650300094970223,0.6699653786368573,0.6901554003011332,0.9138093627122434,12316.13464662015
4,11289,15385,4096,1,0.7516089641633681,-0.0013811157082749385,0.6234266297467441,0.7441040073542656,0.9382140947158405,11739.831329408138
5,10569,14665,4096,1,0.7768631672370044,-0.001563680171653146,0.5804720265901369,0.7655846570635298,0.9357360188098368,12377.553880424995
6,9849,13945,4096,1,0.8643297783194376,-0.0022129812634504465,0.6385623503369798,0.7926237182906442,0.9231648292518138,11479.356250814355
7,9129,13225,4096,1,0.9090825535744527,-0.0028692888544983265,0.6202639690140797,0.8003380019827278,0.904536749889116,12575.799715864727
8,8409,12505,4096,1,0.9368181783164424,-0.0035455282884105724,0.6607314415324246,0.8028222519034214,0.9119056179198626,12460.233659254947
9,7689,11785,4096,1,0.9450717092380101,-0.0038698636534017453,0.6709886388494116,0.8041773004314874,0.9077621277307887,12699.664012896297
10,6969,11065,4096,1,0.9259315738744968,-0.00288792172199812,0.6660477324855636,0.7956541433643575,0.9080147037488855,12375.321695702442
11,6249,10345,4096,1,0.940676154609464,-0.0031946824252590197,0.67262723588028,0.8111310970932087,0.9039495461895048,12606.075926043839
12,5529,9625,4096,1,0.9440161278298992,-0.0025245394885529903,0.728859223066748,0.8131627400958591,0.8954747738760137,12006.871261702981
13,4809,8905,4096,1,0.938551288802385,-0.0023117557442205823,0.7326277605257592,0.8327917174819531,0.8910409111512432,11469.455034326133
14,4089,8185,4096,1,0.9487252628810318,-0.0024528968451483007,0.7355884123809273,0.8266252833073462,0.9060704594469192,11253.443068683075
15,3369,7465,4096,1,0.9559491690678666,-0.0030639448667080385,0.6773157723276844,0.839642563235349,0.9254004977116442,11997.065638735821
