window_idx,history_start,history_end,history_length,n_series,trend_strength,trend_linearity,seasonal_strength,seasonal_correlation,residual_autocorr_lag1,spectral_entropy
0,14169,18265,4096,1,0.8933573669855861,0.0010545385924163413,0.44637723133784435,0.6655802661801209,0.9195479192411358,11821.893654636735
1,13449,17545,4096,1,0.8869508391349858,0.000584741073833594,0.4847812390497708,0.6620787971044465,0.9470948711715622,11492.23288576998
2,12729,16825,4096,1,0.8651716266814011,0.0015709923000161211,0.484263413991333,0.67850123716858,0.9433781911694185,11945.156116782302
3,12009,16105,4096,1,0.8167426648081715,0.00018083851422473168,0.527807233996537,0.7466567218487874,0.9434258483152276,11166.488102876172
4,11289,15385,4096,1,0.7337657085963505,-0.0012201637214578854,0.5223526414127693,0.7708170808355677,0.9381254579595035,10337.596922148328
5,10569,14665,4096,1,0.7947372888026009,-0.0015107810537743646,0.48655964189817713,0.6610819824080978,0.9551415569072216,11786.769352483283
6,9849,13945,4096,1,0.8664168421388996,-0.002409403250996175,0.5289082650540604,0.6668112215996238,0.9276770015206184,10507.244368266576
7,9129,13225,4096,1,0.9096133912473713,-0.002885880895802645,0.5641396398966101,0.7131962634830304,0.9429627884738534,12101.282434664672
8,8409,12505,4096,1,0.9333142844870017,-0.0036415325455424158,0.5882718797658699,0.7198560787164173,0.9458205021198325,11944.230943301922
9,7689,11785,4096,1,0.9376283767551659,-0.003883442529650688,0.5765225664591638,0.6988282566579826,0.944353685470439,12177.498476189916
10,6969,11065,4096,1,0.9184667657111933,-0.0030151746013257485,0.5884907039648042,0.7818820950905644,0.930605158365297,12037.302036902336
11,6249,10345,4096,1,0.9405497220999138,-0.003216428976615872,0.6242223361086631,0.8165865832452535,0.9175298761801525,12099.15047979466
12,5529,9625,4096,1,0.9192052683801755,-0.002476374209927963,0.6020994800679651,0.8108013088569541,0.9186984353584787,11736.504618677425
13,4809,8905,4096,1,0.9149392099793799,-0.002268703101785063,0.5988914886262872,0.8213233260773429,0.9113194053895199,11011.587059585085
14,4089,8185,4096,1,0.933341423089166,-0.002424263480672352,0.5882429944520535,0.7968070786744003,0.9325045705620827,10728.237662007876
15,3369,7465,4096,1,0.9542769767518284,-0.0030483227389847176,0.6134720676862258,0.8271261042750541,0.9287288424156039,11772.873737849335
