{
  "model": "timesfm2p5",
  "dataset": "Water_Quality_Darwin_15T",
  "method": "BM",
  "ratio": 0.2,
  "term": "long",
  "imputation_method": "mean",
  "n_windows": 16,
  "period": 96,
  "inject_range": {
    "dataset_name": "Water_Quality_Darwin_15T",
    "term": "long",
    "frequency": "15T",
    "prediction_length": 720,
    "windows": 16,
    "max_context": 4096,
    "start_index": 3369,
    "end_index": 18265,
    "injection_length": 14896,
    "total_length": 18985
  },
  "summary": {
    "mean": {
      "trend_strength": 0.5111573691849283,
      "trend_linearity": -0.0016500208135449858,
      "seasonal_strength": 0.23035724810470695,
      "seasonal_correlation": 0.6091499313973896,
      "residual_autocorr_lag1": 0.9358879856662821,
      "spectral_entropy": 15005.19151967814
    },
    "std": {
      "trend_strength": 0.13923403645629367,
      "trend_linearity": 0.0014832935362957141,
      "seasonal_strength": 0.0833572764120671,
      "seasonal_correlation": 0.11364237592797893,
      "residual_autocorr_lag1": 0.021468175953337738,
      "spectral_entropy": 723.4306254296235
    },
    "min": {
      "trend_strength": 0.27624851805328954,
      "trend_linearity": -0.0033183860600105005,
      "seasonal_strength": 0.09922534435737018,
      "seasonal_correlation": 0.32586171568836136,
      "residual_autocorr_lag1": 0.8951252064936932,
      "spectral_entropy": 13677.453074420711
    },
    "max": {
      "trend_strength": 0.7231584699978433,
      "trend_linearity": 0.001973899763081744,
      "seasonal_strength": 0.39344345396892044,
      "seasonal_correlation": 0.741911182173576,
      "residual_autocorr_lag1": 0.9689293888466419,
      "spectral_entropy": 15931.47649830817
    }
  }
}