{
  "model": "timesfm2p5",
  "dataset": "weather",
  "method": "BM",
  "ratio": 0.2,
  "term": "long",
  "imputation_method": "mean",
  "n_windows": 20,
  "period": 144,
  "inject_range": {
    "dataset_name": "weather",
    "term": "long",
    "frequency": "10T",
    "prediction_length": 720,
    "windows": 20,
    "max_context": 4096,
    "start_index": 34200,
    "end_index": 51976,
    "injection_length": 17776,
    "total_length": 52696
  },
  "summary": {
    "mean": {
      "trend_strength": 0.3700742095842374,
      "trend_linearity": 0.001225521613972205,
      "seasonal_strength": 0.3284783754670793,
      "seasonal_correlation": 0.6502980989589309,
      "residual_autocorr_lag1": 0.9369713503800456,
      "spectral_entropy": 20347.717117049673
    },
    "std": {
      "trend_strength": 0.13366878801085616,
      "trend_linearity": 0.0031911785343195207,
      "seasonal_strength": 0.1869816059311136,
      "seasonal_correlation": 0.16422212892023724,
      "residual_autocorr_lag1": 0.01518089142027971,
      "spectral_entropy": 809.3846212058105
    },
    "min": {
      "trend_strength": 0.16766022776702827,
      "trend_linearity": -0.0036732122655146033,
      "seasonal_strength": 0.06375831080363592,
      "seasonal_correlation": 0.3727389449336283,
      "residual_autocorr_lag1": 0.8961412750324431,
      "spectral_entropy": 18596.000582058645
    },
    "max": {
      "trend_strength": 0.5719490714212401,
      "trend_linearity": 0.0074782151417405705,
      "seasonal_strength": 0.6036592536996437,
      "seasonal_correlation": 0.887212716968227,
      "residual_autocorr_lag1": 0.9552841413102309,
      "spectral_entropy": 21417.51094871905
    }
  }
}