metric,value
model,kairos23m
eval_data,data/datasets/ori/Coastal_T_S_15T.csv
clean_data,data/datasets/ori/Coastal_T_S_15T.csv
freq,15T
term,medium
prediction_length,480
windows,20
MSE[mean],0.004297509988149007
MSE[0.5],0.004297509988149007
MAE[0.5],0.051861209869384764
MASE[0.5],0.8981280053658697
MAPE[0.5],0.00146089235941569
sMAPE[0.5],0.001461079219977061
MSIS,18.82613851111583
RMSE[mean],0.06555539633126328
NRMSE[mean],0.0018467975170298595
ND[0.5],0.0014610109766244864
mean_weighted_sum_quantile_loss,0.0013000447538716376
