metric,value
model,kairos23m
eval_data,data\datasets\ori\current_velocity_15T.csv
clean_data,data\datasets\ori\current_velocity_15T.csv
freq,15T
term,long
prediction_length,720
windows,15
MSE[mean],0.07132817021122685
MSE[0.5],0.07132817021122685
MAE[0.5],0.16955301920572916
MASE[0.5],1.632253195172711
MAPE[0.5],0.012873680679886429
sMAPE[0.5],0.012932559758299475
MSIS,37.84005289684423
RMSE[mean],0.2670733423822506
NRMSE[mean],0.021059649364005967
ND[0.5],0.013369837293497444
mean_weighted_sum_quantile_loss,0.012106903716873103
