metric,value
model,kairos23m
eval_data,data/datasets/ori/Water_Quality_Darwin_15T.csv
clean_data,data/datasets/ori/Water_Quality_Darwin_15T.csv
freq,15T
term,long
prediction_length,720
windows,16
MSE[mean],16.906877983940973
MSE[0.5],16.906877983940973
MAE[0.5],2.9306410047743054
MASE[0.5],2.3716331806362203
MAPE[0.5],0.01764862537384033
sMAPE[0.5],0.017636593182881674
MSIS,35.40564550836229
RMSE[mean],4.111797415235942
NRMSE[mean],0.024641269512477464
ND[0.5],0.01756280953321666
mean_weighted_sum_quantile_loss,0.015067413886940169
