metric,value
eval_data,datasets\Impute\MCAR_030\forward\ETTm1_MCAR_030_short.csv
clean_data,datasets\ori\ETTm1.csv
freq,T
term,short
prediction_length,48
windows,20
MSE[mean],1.9088759104410806
MSE[0.5],1.9573982238769532
MAE[0.5],0.842174212137858
MASE[0.5],0.2312623779543844
MAPE[0.5],0.12577783266703288
sMAPE[0.5],0.10362219353311379
MSIS,3.3754944758344854
RMSE[mean],1.3816207549255624
NRMSE[mean],0.16136351389583384
ND[0.5],0.09835998026125618
mean_weighted_sum_quantile_loss,0.08364724229017013
