{
  "success": true,
  "dataset": "ETTm2",
  "term": "short",
  "inject_range": {
    "dataset_name": "ETTm2",
    "term": "short",
    "frequency": "T",
    "prediction_length": 48,
    "windows": 20,
    "max_context": 2880,
    "start_index": 65840,
    "end_index": 69632,
    "injection_length": 3792,
    "total_length": 69680
  },
  "period": 1440,
  "n_windows": 20,
  "summary": {
    "mean": {
      "trend_strength": 0.7943102615167568,
      "trend_linearity": 0.0027772051141229472,
      "seasonal_strength": 0.9554268575673353,
      "seasonal_correlation": 0.5366524110035531,
      "residual_autocorr_lag1": 0.13593194391319138,
      "spectral_entropy": 6924.612582837259
    },
    "std": {
      "trend_strength": 0.15757326986226933,
      "trend_linearity": 0.0009677386991119295,
      "seasonal_strength": 0.012693136779162893,
      "seasonal_correlation": 0.10392485553274444,
      "residual_autocorr_lag1": 0.06119256407719737,
      "spectral_entropy": 421.8579091328378
    },
    "min": {
      "trend_strength": 0.43961760351082235,
      "trend_linearity": 0.0012916897335093467,
      "seasonal_strength": 0.9302470210955798,
      "seasonal_correlation": 0.3538528735046344,
      "residual_autocorr_lag1": 0.02407657493269382,
      "spectral_entropy": 6398.28031458244
    },
    "max": {
      "trend_strength": 0.9564136563877383,
      "trend_linearity": 0.004009219972396147,
      "seasonal_strength": 0.9767228058747627,
      "seasonal_correlation": 0.6699777409856401,
      "residual_autocorr_lag1": 0.2163438812833658,
      "spectral_entropy": 7741.00721156182
    }
  },
  "window_results": [
    {
      "window_idx": 0,
      "history_start": 66752,
      "history_end": 69632,
      "history_length": 2880,
      "metrics": {
        "trend_strength": 0.6813969233147226,
        "trend_linearity": 0.0019778182207549743,
        "seasonal_strength": 0.9411925399740467,
        "seasonal_correlation": 0.3637120068057234,
        "residual_autocorr_lag1": 0.12325179462937678,
        "spectral_entropy": 7348.871633907038
      },
      "n_series": 1
    },
    {
      "window_idx": 1,
      "history_start": 66704,
      "history_end": 69584,
      "history_length": 2880,
      "metrics": {
        "trend_strength": 0.7554639368463112,
        "trend_linearity": 0.001833418432703569,
        "seasonal_strength": 0.9687426029061825,
        "seasonal_correlation": 0.3538528735046344,
        "residual_autocorr_lag1": 0.03827999442785204,
        "spectral_entropy": 7741.00721156182
      },
      "n_series": 1
    },
    {
      "window_idx": 2,
      "history_start": 66656,
      "history_end": 69536,
      "history_length": 2880,
      "metrics": {
        "trend_strength": 0.6270745172653476,
        "trend_linearity": 0.0016103864180040679,
        "seasonal_strength": 0.9485414788774862,
        "seasonal_correlation": 0.3881176112401788,
        "residual_autocorr_lag1": 0.13582935568021837,
        "spectral_entropy": 7044.151772413605
      },
      "n_series": 1
    },
    {
      "window_idx": 3,
      "history_start": 66608,
      "history_end": 69488,
      "history_length": 2880,
      "metrics": {
        "trend_strength": 0.5793195356124737,
        "trend_linearity": 0.0014480432058790263,
        "seasonal_strength": 0.9447792086701323,
        "seasonal_correlation": 0.4184224369642948,
        "residual_autocorr_lag1": 0.2163438812833658,
        "spectral_entropy": 7207.803121201694
      },
      "n_series": 1
    },
    {
      "window_idx": 4,
      "history_start": 66560,
      "history_end": 69440,
      "history_length": 2880,
      "metrics": {
        "trend_strength": 0.43961760351082235,
        "trend_linearity": 0.0012916897335093467,
        "seasonal_strength": 0.9302470210955798,
        "seasonal_correlation": 0.45895915006542776,
        "residual_autocorr_lag1": 0.20426556492968914,
        "spectral_entropy": 6398.28031458244
      },
      "n_series": 1
    },
    {
      "window_idx": 5,
      "history_start": 66512,
      "history_end": 69392,
      "history_length": 2880,
      "metrics": {
        "trend_strength": 0.5002569891520287,
        "trend_linearity": 0.0013682578773997157,
        "seasonal_strength": 0.9348351403376208,
        "seasonal_correlation": 0.44445648216688355,
        "residual_autocorr_lag1": 0.08649658071789025,
        "spectral_entropy": 6406.441103822603
      },
      "n_series": 1
    },
    {
      "window_idx": 6,
      "history_start": 66464,
      "history_end": 69344,
      "history_length": 2880,
      "metrics": {
        "trend_strength": 0.6294015132886578,
        "trend_linearity": 0.0016534510512432447,
        "seasonal_strength": 0.9469056854393081,
        "seasonal_correlation": 0.46864567599839024,
        "residual_autocorr_lag1": 0.2093276345102614,
        "spectral_entropy": 6415.198913462913
      },
      "n_series": 1
    },
    {
      "window_idx": 7,
      "history_start": 66416,
      "history_end": 69296,
      "history_length": 2880,
      "metrics": {
        "trend_strength": 0.7666655689553628,
        "trend_linearity": 0.0021885743776524757,
        "seasonal_strength": 0.9541836076325598,
        "seasonal_correlation": 0.47499641011049953,
        "residual_autocorr_lag1": 0.1302092031959847,
        "spectral_entropy": 6676.602341946409
      },
      "n_series": 1
    },
    {
      "window_idx": 8,
      "history_start": 66368,
      "history_end": 69248,
      "history_length": 2880,
      "metrics": {
        "trend_strength": 0.9016376300362874,
        "trend_linearity": 0.0027225771647179224,
        "seasonal_strength": 0.9748638188384663,
        "seasonal_correlation": 0.6699777409856401,
        "residual_autocorr_lag1": 0.05281677534263218,
        "spectral_entropy": 6656.447721463483
      },
      "n_series": 1
    },
    {
      "window_idx": 9,
      "history_start": 66320,
      "history_end": 69200,
      "history_length": 2880,
      "metrics": {
        "trend_strength": 0.8865304074994393,
        "trend_linearity": 0.0029221060550616313,
        "seasonal_strength": 0.9658182086905712,
        "seasonal_correlation": 0.6696383974642334,
        "residual_autocorr_lag1": 0.19416745214083125,
        "spectral_entropy": 7532.4021582549385
      },
      "n_series": 1
    },
    {
      "window_idx": 10,
      "history_start": 66272,
      "history_end": 69152,
      "history_length": 2880,
      "metrics": {
        "trend_strength": 0.8688165957806762,
        "trend_linearity": 0.0032669848690136945,
        "seasonal_strength": 0.9498398343896122,
        "seasonal_correlation": 0.6380435854597847,
        "residual_autocorr_lag1": 0.18263270065838497,
        "spectral_entropy": 6521.795131468306
      },
      "n_series": 1
    },
    {
      "window_idx": 11,
      "history_start": 66224,
      "history_end": 69104,
      "history_length": 2880,
      "metrics": {
        "trend_strength": 0.867340782208027,
        "trend_linearity": 0.0032893679956702304,
        "seasonal_strength": 0.9473128152615027,
        "seasonal_correlation": 0.618457323346217,
        "residual_autocorr_lag1": 0.2087656705815031,
        "spectral_entropy": 7032.1661254639885
      },
      "n_series": 1
    },
    {
      "window_idx": 12,
      "history_start": 66176,
      "history_end": 69056,
      "history_length": 2880,
      "metrics": {
        "trend_strength": 0.9040360423319637,
        "trend_linearity": 0.0034789930306242008,
        "seasonal_strength": 0.9590219599617421,
        "seasonal_correlation": 0.6099595741569395,
        "residual_autocorr_lag1": 0.16316407958730877,
        "spectral_entropy": 6902.86390268917
      },
      "n_series": 1
    },
    {
      "window_idx": 13,
      "history_start": 66128,
      "history_end": 69008,
      "history_length": 2880,
      "metrics": {
        "trend_strength": 0.9205333798048508,
        "trend_linearity": 0.003662851490908934,