{
  "success": true,
  "dataset": "traffic",
  "term": "short",
  "inject_range": {
    "dataset_name": "traffic",
    "term": "short",
    "frequency": "H",
    "prediction_length": 48,
    "windows": 20,
    "max_context": 2880,
    "start_index": 13704,
    "end_index": 17496,
    "injection_length": 3792,
    "total_length": 17544
  },
  "period": 24,
  "n_windows": 20,
  "summary": {
    "mean": {
      "trend_strength": 0.2715934220317055,
      "trend_linearity": 3.120105069216882e-07,
      "seasonal_strength": 0.9213977166853151,
      "seasonal_correlation": 0.9644259403164723,
      "residual_autocorr_lag1": 0.7395217373320296,
      "spectral_entropy": -4802.415116645987
    },
    "std": {
      "trend_strength": 0.019486295824374538,
      "trend_linearity": 3.192866932069138e-07,
      "seasonal_strength": 0.0014235756994764434,
      "seasonal_correlation": 0.004973926118422906,
      "residual_autocorr_lag1": 0.01440071082616055,
      "spectral_entropy": 82.18970180563404
    },
    "min": {
      "trend_strength": 0.24260441641681474,
      "trend_linearity": -1.7098757433919862e-07,
      "seasonal_strength": 0.9195476488072862,
      "seasonal_correlation": 0.9542254781240733,
      "residual_autocorr_lag1": 0.7105857693173138,
      "spectral_entropy": -4940.381185122392
    },
    "max": {
      "trend_strength": 0.311108884094601,
      "trend_linearity": 1.0012069956595694e-06,
      "seasonal_strength": 0.9246653770719959,
      "seasonal_correlation": 0.9738511951603532,
      "residual_autocorr_lag1": 0.7581745398061275,
      "spectral_entropy": -4646.813791107328
    }
  },
  "window_results": [
    {
      "window_idx": 0,
      "history_start": 14616,
      "history_end": 17496,
      "history_length": 2880,
      "metrics": {
        "trend_strength": 0.3039525969980823,
        "trend_linearity": 5.668066080261078e-07,
        "seasonal_strength": 0.9201715116832547,
        "seasonal_correlation": 0.9576438303796502,
        "residual_autocorr_lag1": 0.7207020941252918,
        "spectral_entropy": -4658.334474898718
      },
      "n_series": 1
    },
    {
      "window_idx": 1,
      "history_start": 14568,
      "history_end": 17448,
      "history_length": 2880,
      "metrics": {
        "trend_strength": 0.304542126615016,
        "trend_linearity": 5.847101999277592e-07,
        "seasonal_strength": 0.9201043617461453,
        "seasonal_correlation": 0.957183639440387,
        "residual_autocorr_lag1": 0.7183209133436392,
        "spectral_entropy": -4646.813791107328
      },
      "n_series": 1
    },
    {
      "window_idx": 2,
      "history_start": 14520,
      "history_end": 17400,
      "history_length": 2880,
      "metrics": {
        "trend_strength": 0.311108884094601,
        "trend_linearity": 7.652182863634512e-07,
        "seasonal_strength": 0.9203982396790885,
        "seasonal_correlation": 0.9542254781240733,
        "residual_autocorr_lag1": 0.7145796458472017,
        "spectral_entropy": -4665.326765158936
      },
      "n_series": 1
    },
    {
      "window_idx": 3,
      "history_start": 14472,
      "history_end": 17352,
      "history_length": 2880,
      "metrics": {
        "trend_strength": 0.2873206987396255,
        "trend_linearity": 1.0012069956595694e-06,
        "seasonal_strength": 0.9198921532295968,
        "seasonal_correlation": 0.9600184925403513,
        "residual_autocorr_lag1": 0.7105857693173138,
        "spectral_entropy": -4650.311805064298
      },
      "n_series": 1
    },
    {
      "window_idx": 4,
      "history_start": 14424,
      "history_end": 17304,
      "history_length": 2880,
      "metrics": {
        "trend_strength": 0.28278011148637505,
        "trend_linearity": 6.812954783576403e-07,
        "seasonal_strength": 0.9236938732513968,
        "seasonal_correlation": 0.9611182994911786,
        "residual_autocorr_lag1": 0.7394114134757894,
        "spectral_entropy": -4831.865324198286
      },
      "n_series": 1
    },
    {
      "window_idx": 5,
      "history_start": 14376,
      "history_end": 17256,
      "history_length": 2880,
      "metrics": {
        "trend_strength": 0.2676093464582364,
        "trend_linearity": 5.337863713956098e-07,
        "seasonal_strength": 0.9218983232287505,
        "seasonal_correlation": 0.9610742186444681,
        "residual_autocorr_lag1": 0.7197314697200234,
        "spectral_entropy": -4798.348485579469
      },
      "n_series": 1
    },
    {
      "window_idx": 6,
      "history_start": 14328,
      "history_end": 17208,
      "history_length": 2880,
      "metrics": {
        "trend_strength": 0.2862660435667501,
        "trend_linearity": 6.551935654101022e-07,
        "seasonal_strength": 0.9246653770719959,
        "seasonal_correlation": 0.9610651054840146,
        "residual_autocorr_lag1": 0.738021738276413,
        "spectral_entropy": -4785.380293814449
      },
      "n_series": 1
    },
    {
      "window_idx": 7,
      "history_start": 14280,
      "history_end": 17160,
      "history_length": 2880,
      "metrics": {
        "trend_strength": 0.2675671218234442,
        "trend_linearity": 2.5608085912057566e-07,
        "seasonal_strength": 0.9214956311087341,
        "seasonal_correlation": 0.9639418916421547,
        "residual_autocorr_lag1": 0.7489487855191933,
        "spectral_entropy": -4812.414381649785
      },
      "n_series": 1
    },
    {
      "window_idx": 8,
      "history_start": 14232,
      "history_end": 17112,
      "history_length": 2880,
      "metrics": {
        "trend_strength": 0.2675376702396268,
        "trend_linearity": 8.458042750951093e-08,
        "seasonal_strength": 0.9218964704414221,
        "seasonal_correlation": 0.9650357803629359,
        "residual_autocorr_lag1": 0.7487335940365826,
        "spectral_entropy": -4843.316063443241
      },
      "n_series": 1
    },
    {
      "window_idx": 9,
      "history_start": 14184,
      "history_end": 17064,
      "history_length": 2880,
      "metrics": {
        "trend_strength": 0.28349869006253725,
        "trend_linearity": 1.1790887526915751e-07,
        "seasonal_strength": 0.9233333903575927,
        "seasonal_correlation": 0.9620359661912746,
        "residual_autocorr_lag1": 0.7413098214493524,
        "spectral_entropy": -4833.812409535407
      },
      "n_series": 1
    },
    {
      "window_idx": 10,
      "history_start": 14136,
      "history_end": 17016,
      "history_length": 2880,
      "metrics": {
        "trend_strength": 0.2617338491494112,
        "trend_linearity": 1.49810505981346e-07,
        "seasonal_strength": 0.9208991904984911,
        "seasonal_correlation": 0.9655953912834156,
        "residual_autocorr_lag1": 0.7520768211263867,
        "spectral_entropy": -4810.11156277745
      },
      "n_series": 1
    },
    {
      "window_idx": 11,
      "history_start": 14088,
      "history_end": 16968,
      "history_length": 2880,
      "metrics": {
        "trend_strength": 0.2579546404104125,
        "trend_linearity": 7.097336145134542e-08,
        "seasonal_strength": 0.9201684344563571,
        "seasonal_correlation": 0.9669430546782461,
        "residual_autocorr_lag1": 0.746872580309154,
        "spectral_entropy": -4806.607831812852
      },
      "n_series": 1
    },
    {
      "window_idx": 12,
      "history_start": 14040,
      "history_end": 16920,
      "history_length": 2880,
      "metrics": {
        "trend_strength": 0.2548440718495455,
        "trend_linearity": -1.0959070945315684e-07,
        "seasonal_strength": 0.9197924196503422,
        "seasonal_correlation": 0.9660613972528289,
        "residual_autocorr_lag1": 0.7346780690045416,
        "spectral_entropy": -4803.903221071091
      },
      "n_series": 1
    },
    {
      "window_idx": 13,
      "history_start": 13992,
      "history_end": 16872,
      "history_length": 2880,
      "metrics": {
        "trend_strength": 0.27466602162185627,
        "trend_linearity": 9.121086796326719e-08,