metric,value
model,timesfm2p0
eval_data,data\datasets\Imputed\BM\BM_030\ETTh2_BM_030_long_backward.csv
clean_data,data\datasets\ori\ETTh2.csv
freq,H
term,long
prediction_length,720
windows,15
MSE[mean],46.00993923611111
MSE[0.5],46.00993923611111
MAE[0.5],5.329636140046296
MASE[0.5],1.7852481059196719
MAPE[0.5],0.4480711534288194
sMAPE[0.5],0.23805818397068895
MSIS,33.32254897363519
RMSE[mean],6.783062673756679
NRMSE[mean],0.24770781037414089
ND[0.5],0.19463073862630123
mean_weighted_sum_quantile_loss,0.17306745577889238
