metric,value
model,timesfm2p0
eval_data,data\datasets\Imputed\BM\BM_010\ETTh1_BM_010_long_backward.csv
clean_data,data\datasets\ori\ETTh1.csv
freq,H
term,long
prediction_length,720
windows,15
MSE[mean],12.168592303240741
MSE[0.5],12.168592303240741
MAE[0.5],2.657212456597222
MASE[0.5],1.110921485251993
MAPE[0.5],0.39251017632885515
sMAPE[0.5],0.37307316221848436
MSIS,21.746856295830217
RMSE[mean],3.4883509432453526
NRMSE[mean],0.31711522214340776
ND[0.5],0.2415589865141591
mean_weighted_sum_quantile_loss,0.21577804778495807
