metric,value
model,timesfm2p0
eval_data,data\datasets\Imputed\BM\BM_030\ETTh1_BM_030_long_backward.csv
clean_data,data\datasets\ori\ETTh1.csv
freq,H
term,long
prediction_length,720
windows,15
MSE[mean],14.157366898148148
MSE[0.5],14.157366898148148
MAE[0.5],2.963198784722222
MASE[0.5],1.2339909355913017
MAPE[0.5],0.4453266008323598
sMAPE[0.5],0.3669794260368777
MSIS,25.486246606371026
RMSE[mean],3.762627658717794
NRMSE[mean],0.3420488721605385
ND[0.5],0.2693752595884305
mean_weighted_sum_quantile_loss,0.24264632318872417
