metric,value
model,timesfm2p0
eval_data,data\datasets\Imputed\BM\BM_010\current_velocity_15T_BM_010_long_backward.csv
clean_data,data\datasets\ori\current_velocity_15T.csv
freq,15T
term,long
prediction_length,720
windows,15
MSE[mean],0.0730331873010706
MSE[0.5],0.0730331873010706
MAE[0.5],0.17102368390118633
MASE[0.5],1.6738812657522222
MAPE[0.5],0.013038112499095776
sMAPE[0.5],0.013153183454201483
MSIS,47.80047058454731
RMSE[mean],0.2702465305995076
NRMSE[mean],0.021309866142009148
ND[0.5],0.01348580425052164
mean_weighted_sum_quantile_loss,0.012694806970418583
