metric,value
model,timesfm2p0
eval_data,data\datasets\Imputed\BM\BM_010\traffic_BM_010_long_backward.csv
clean_data,data\datasets\ori\traffic.csv
freq,H
term,long
prediction_length,720
windows,15
MSE[mean],0.00022263771957821315
MSE[0.5],0.00022263771957821315
MAE[0.5],0.007254024081759983
MASE[0.5],1.6065898842442463
MAPE[0.5],0.4641967490736452
sMAPE[0.5],0.2281240611418233
MSIS,22.230486444240473
RMSE[mean],0.014921049546805116
NRMSE[mean],0.4455625527570132
ND[0.5],0.21661488875103196
mean_weighted_sum_quantile_loss,0.18411338651737746
