metric,value
model,timesfm2p0
eval_data,data\datasets\Imputed\BM\BM_010\ETTh2_BM_010_long_backward.csv
clean_data,data\datasets\ori\ETTh2.csv
freq,H
term,long
prediction_length,720
windows,15
MSE[mean],42.78998842592593
MSE[0.5],42.78998842592593
MAE[0.5],5.197067418981481
MASE[0.5],1.742266077589764
MAPE[0.5],0.4305366572627315
sMAPE[0.5],0.23393146249800612
MSIS,29.138433357393822
RMSE[mean],6.541405691892678
NRMSE[mean],0.2388828407817543
ND[0.5],0.18978951730807353
mean_weighted_sum_quantile_loss,0.16665823073513775
