metric,value
model,timesfm2p0
eval_data,data\datasets\Imputed\BM\BM_010\weather_BM_010_long_backward.csv
clean_data,data\datasets\ori\weather.csv
freq,10T
term,long
prediction_length,720
windows,20
MSE[mean],204.42052083333334
MSE[0.5],204.42052083333334
MAE[0.5],10.071727430555555
MASE[0.5],0.31159034664609103
MAPE[0.5],0.022975391811794706
sMAPE[0.5],0.0228840904796693
MSIS,6.036897172758292
RMSE[mean],14.297570452119945
NRMSE[mean],0.03295866700111085
ND[0.5],0.023217280979399894
mean_weighted_sum_quantile_loss,0.020619528547070148
