metric,value
model,timesfm2p0
eval_data,data\datasets\Imputed\BM\BM_020\current_velocity_15T_BM_020_long_backward.csv
clean_data,data\datasets\ori\current_velocity_15T.csv
freq,15T
term,long
prediction_length,720
windows,15
MSE[mean],0.07449053163881655
MSE[0.5],0.07449053163881655
MAE[0.5],0.1709347986291956
MASE[0.5],1.6698535468841658
MAPE[0.5],0.013045288368507667
sMAPE[0.5],0.013168251263442303
MSIS,45.88920923133256
RMSE[mean],0.27292953603231834
NRMSE[mean],0.021521430325662665
ND[0.5],0.013478795341863619
mean_weighted_sum_quantile_loss,0.012650123393800927
