metric,value
model,timesfm2p0
eval_data,data\datasets\Imputed\BM\BM_020\Coastal_T_S_15T_BM_020_long_backward.csv
clean_data,data\datasets\ori\Coastal_T_S_15T.csv
freq,15T
term,long
prediction_length,720
windows,20
MSE[mean],0.0063420846727159285
MSE[0.5],0.0063420846727159285
MAE[0.5],0.062137413024902347
MASE[0.5],1.0930510240523001
MAPE[0.5],0.0017511704232957628
sMAPE[0.5],0.0017509699984946613
MSIS,27.889191316673045
RMSE[mean],0.0796372065853388
NRMSE[mean],0.0022436959250482095
ND[0.5],0.0017506573418997556
mean_weighted_sum_quantile_loss,0.001612176226168593
