metric,value
model,timesfm2p0
eval_data,data\datasets\Imputed\BM\BM_030\current_velocity_20T_BM_030_long_backward.csv
clean_data,data\datasets\ori\current_velocity_20T.csv
freq,20T
term,long
prediction_length,720
windows,14
MSE[mean],100.29102802579365
MSE[0.5],100.29102802579365
MAE[0.5],7.94894515749008
MASE[0.5],1.196157825721275
MAPE[0.5],0.04218367924765935
sMAPE[0.5],0.041702765624620566
MSIS,19.34609003912155
RMSE[mean],10.01454082950355
NRMSE[mean],0.052205274055396766
ND[0.5],0.0414374325755942
mean_weighted_sum_quantile_loss,0.03605393341491688
