metric,value
model,timesfm2p0
eval_data,data\datasets\Imputed\BM\BM_010\current_velocity_15T_BM_010_long_forward.csv
clean_data,data\datasets\ori\current_velocity_15T.csv
freq,15T
term,long
prediction_length,720
windows,15
MSE[mean],0.07693440190067997
MSE[0.5],0.07693440190067997
MAE[0.5],0.17988084581163194
MASE[0.5],1.7664999422193688
MAPE[0.5],0.013739643803349248
sMAPE[0.5],0.01384314594627854
MSIS,50.35737925181331
RMSE[mean],0.2773705137549411
NRMSE[mean],0.021871616655895272
ND[0.5],0.014184221855702329
mean_weighted_sum_quantile_loss,0.0133386372350106
