metric,value
model,timesfm2p0
eval_data,data\datasets\Imputed\BM\BM_030\current_velocity_15T_BM_030_long_forward.csv
clean_data,data\datasets\ori\current_velocity_15T.csv
freq,15T
term,long
prediction_length,720
windows,15
MSE[mean],0.08153075606734664
MSE[0.5],0.08153075606734664
MAE[0.5],0.17449957953559028
MASE[0.5],1.6941784182405886
MAPE[0.5],0.013261051884403935
sMAPE[0.5],0.013377540304125185
MSIS,49.87724757584212
RMSE[mean],0.2855359102938659
NRMSE[mean],0.022515486188114272
ND[0.5],0.013759890546943003
mean_weighted_sum_quantile_loss,0.01303653871127075
