metric,value
model,timesfm2p0
eval_data,data\datasets\Imputed\BM\BM_030\current_velocity_5T_BM_030_long_forward.csv
clean_data,data\datasets\ori\current_velocity_5T.csv
freq,5T
term,long
prediction_length,720
windows,20
MSE[mean],0.06585133022732205
MSE[0.5],0.06585133022732205
MAE[0.5],0.20373509724934896
MASE[0.5],1.5079822005881138
MAPE[0.5],0.001994484000735813
sMAPE[0.5],0.0019948676270371223
MSIS,17.834487212838408
RMSE[mean],0.25661514029246607
NRMSE[mean],0.002512973651975759
ND[0.5],0.0019951314282813737
mean_weighted_sum_quantile_loss,0.0016770891619283428
