metric,value
model,timesfm2p0
eval_data,data\datasets\Imputed\BM\BM_030\Finland_Traffic_15T_BM_030_long_forward.csv
clean_data,data\datasets\ori\Finland_Traffic_15T.csv
freq,15T
term,long
prediction_length,720
windows,20
MSE[mean],3817.6894444444442
MSE[0.5],3817.6894444444442
MAE[0.5],41.55297743055556
MASE[0.5],1.0049576312384012
MAPE[0.5],0.6844616246352647
sMAPE[0.5],0.3853884138700425
MSIS,10.449000551622394
RMSE[mean],61.78745377861467
NRMSE[mean],0.39844361486713
ND[0.5],0.26795922996349814
mean_weighted_sum_quantile_loss,0.22236502296781324
