metric,value
model,timesfm2p0
eval_data,data\datasets\Imputed\BM\BM_030\weather_BM_030_long_forward.csv
clean_data,data\datasets\ori\weather.csv
freq,10T
term,long
prediction_length,720
windows,20
MSE[mean],309.59302083333336
MSE[0.5],309.59302083333336
MAE[0.5],12.584735243055556
MASE[0.5],0.39002124331857074
MAPE[0.5],0.028560769822862413
sMAPE[0.5],0.0286266334921422
MSIS,8.336714534336116
RMSE[mean],17.595255634213824
NRMSE[mean],0.04056046956995319
ND[0.5],0.029010250347219775
mean_weighted_sum_quantile_loss,0.026238925903993064
