metric,value
model,timesfm2p0
eval_data,data\datasets\Imputed\BM\BM_010\current_velocity_15T_BM_010_long_linear.csv
clean_data,data\datasets\ori\current_velocity_15T.csv
freq,15T
term,long
prediction_length,720
windows,15
MSE[mean],0.07437168262622974
MSE[0.5],0.07437168262622974
MAE[0.5],0.16888876455801505
MASE[0.5],1.6546116299367066
MAPE[0.5],0.012850596110026041
sMAPE[0.5],0.01297969099540366
MSIS,48.242730412376076
RMSE[mean],0.2727117207349727
NRMSE[mean],0.021504254842152033
ND[0.5],0.013317458535496023
mean_weighted_sum_quantile_loss,0.012586384471175029
