metric,value
model,timesfm2p0
eval_data,data\datasets\Imputed\BM\BM_010\Coastal_T_S_H_BM_010_long_linear.csv
clean_data,data\datasets\ori\Coastal_T_S_H.csv
freq,H
term,long
prediction_length,720
windows,8
MSE[mean],1125.1006944444443
MSE[0.5],1125.1006944444443
MAE[0.5],19.919752332899307
MASE[0.5],1.64773646014092
MAPE[0.5],0.7422554016113281
sMAPE[0.5],0.351068667932514
MSIS,59.37493118769765
RMSE[mean],33.542520693061284
NRMSE[mean],0.5927594389431862
ND[0.5],0.35201949563615176
mean_weighted_sum_quantile_loss,0.34504170813276663
