metric,value
model,timesfm2p0
eval_data,data\datasets\Imputed\BM\BM_010\current_velocity_20T_BM_010_long_linear.csv
clean_data,data\datasets\ori\current_velocity_20T.csv
freq,20T
term,long
prediction_length,720
windows,14
MSE[mean],97.11028025793651
MSE[0.5],97.11028025793651
MAE[0.5],7.727056981646825
MASE[0.5],1.162549957164575
MAPE[0.5],0.041023611643957715
sMAPE[0.5],0.040635359463890006
MSIS,19.15391919296194
RMSE[mean],9.854454843264365
NRMSE[mean],0.05137075423803042
ND[0.5],0.04028074119785049
mean_weighted_sum_quantile_loss,0.035110713551499896
