metric,value
model,timesfm2p0
eval_data,data\datasets\Imputed\BM\BM_020\Coastal_T_S_H_BM_020_long_linear.csv
clean_data,data\datasets\ori\Coastal_T_S_H.csv
freq,H
term,long
prediction_length,720
windows,8
MSE[mean],1120.4071180555557
MSE[0.5],1120.4071180555557
MAE[0.5],19.492396375868054
MASE[0.5],1.6176462187748475
MAPE[0.5],0.7352161831325955
sMAPE[0.5],0.3451008773843527
MSIS,57.52117286282579
RMSE[mean],33.47248299806209
NRMSE[mean],0.5915217411215915
ND[0.5],0.34446731195750313
mean_weighted_sum_quantile_loss,0.3361348816055435
