metric,value
model,timesfm2p0
eval_data,data\datasets\Imputed\BM\BM_030\Coastal_T_S_20T_BM_030_long_linear.csv
clean_data,data\datasets\ori\Coastal_T_S_20T.csv
freq,20T
term,long
prediction_length,720
windows,7
MSE[mean],0.453429691375248
MSE[0.5],0.453429691375248
MAE[0.5],0.5562442840091766
MASE[0.5],6.193090426354885
MAPE[0.5],0.03069568815685454
sMAPE[0.5],0.03138994913309383
MSIS,205.28371341532136
RMSE[mean],0.673371881930964
NRMSE[mean],0.03709654561468904
ND[0.5],0.030643901250352473
mean_weighted_sum_quantile_loss,0.0295665746089847
