metric,value
model,timesfm2p0
eval_data,data\datasets\Imputed\BM\BM_030\Water_Quality_Darwin_15T_BM_030_long_linear.csv
clean_data,data\datasets\ori\Water_Quality_Darwin_15T.csv
freq,15T
term,long
prediction_length,720
windows,16
MSE[mean],18.3662841796875
MSE[0.5],18.3662841796875
MAE[0.5],3.1303704155815972
MASE[0.5],2.5973270878059123
MAPE[0.5],0.018823806444803873
sMAPE[0.5],0.018775091904257923
MSIS,58.71193906648415
RMSE[mean],4.28559029536043
NRMSE[mean],0.025682779286920344
ND[0.5],0.018759752316203547
mean_weighted_sum_quantile_loss,0.016998539347693235
