metric,value
model,timesfm2p0
eval_data,data\datasets\Imputed\BM\BM_030\current_velocity_5T_BM_030_long_linear.csv
clean_data,data\datasets\ori\current_velocity_5T.csv
freq,5T
term,long
prediction_length,720
windows,20
MSE[mean],0.03456781599256727
MSE[0.5],0.03456781599256727
MAE[0.5],0.14512924194335938
MASE[0.5],1.0717020790811034
MAPE[0.5],0.0014208606878916422
sMAPE[0.5],0.0014210708267438181
MSIS,17.16272421230365
RMSE[mean],0.18592422110248916
NRMSE[mean],0.0018207135727150538
ND[0.5],0.0014212176285437383
mean_weighted_sum_quantile_loss,0.0012311376315632828
