metric,value
model,timesfm2p0
eval_data,data\datasets\Imputed\BM\BM_010\Coastal_T_S_15T_BM_010_long_mean.csv
clean_data,data\datasets\ori\Coastal_T_S_15T.csv
freq,15T
term,long
prediction_length,720
windows,20
MSE[mean],0.005388805071512858
MSE[0.5],0.005388805071512858
MAE[0.5],0.05913465711805556
MASE[0.5],1.0401417991591602
MAPE[0.5],0.0016664979192945691
sMAPE[0.5],0.0016662912681787284
MSIS,27.66279301714886
RMSE[mean],0.07340848092361575
NRMSE[mean],0.002068208022035498
ND[0.5],0.0016660578000400475
mean_weighted_sum_quantile_loss,0.0015490070601779315
