metric,value
model,timesfm2p0
eval_data,data\datasets\Imputed\BM\BM_030\current_velocity_5T_BM_030_long_mean.csv
clean_data,data\datasets\ori\current_velocity_5T.csv
freq,5T
term,long
prediction_length,720
windows,20
MSE[mean],0.07890855577256944
MSE[0.5],0.07890855577256944
MAE[0.5],0.2279846700032552
MASE[0.5],1.6871206609155651
MAPE[0.5],0.002232627073923747
sMAPE[0.5],0.00223235302106423
MSIS,23.803692515191507
RMSE[mean],0.28090666736937636
NRMSE[mean],0.0027508550468184757
ND[0.5],0.0022326019739895638
mean_weighted_sum_quantile_loss,0.001914632990176852
