metric,value
model,timesfm2p0
eval_data,data\datasets\Imputed\BM\BM_030\ETTh1_BM_030_long_mean.csv
clean_data,data\datasets\ori\ETTh1.csv
freq,H
term,long
prediction_length,720
windows,15
MSE[mean],15.559343171296296
MSE[0.5],15.559343171296296
MAE[0.5],3.192439597800926
MASE[0.5],1.337461758342509
MAPE[0.5],0.6160424120181075
sMAPE[0.5],0.3635410284675813
MSIS,26.41135582908287
RMSE[mean],3.944533327441447
NRMSE[mean],0.35858535529683083
ND[0.5],0.2902148346617334
mean_weighted_sum_quantile_loss,0.2592522884109807
