metric,value
model,timesfm2p0
eval_data,data\datasets\Imputed\BM\BM_020\current_velocity_15T_BM_020_long_mean.csv
clean_data,data\datasets\ori\current_velocity_15T.csv
freq,15T
term,long
prediction_length,720
windows,15
MSE[mean],0.09730156792534722
MSE[0.5],0.09730156792534722
MAE[0.5],0.19230796531394675
MASE[0.5],1.8591574226565872
MAPE[0.5],0.014622271502459492
sMAPE[0.5],0.014807927710911424
MSIS,46.87361045924199
RMSE[mean],0.31193199246846615
NRMSE[mean],0.02459690783140559
ND[0.5],0.015164142865373053
mean_weighted_sum_quantile_loss,0.013873721687449306
