metric,value
model,timesfm2p0
eval_data,data\datasets\Imputed\BM\BM_030\current_velocity_20T_BM_030_long_mean.csv
clean_data,data\datasets\ori\current_velocity_20T.csv
freq,20T
term,long
prediction_length,720
windows,14
MSE[mean],89.89610615079366
MSE[0.5],89.89610615079366
MAE[0.5],7.498707992311508
MASE[0.5],1.1286179119187711
MAPE[0.5],0.03993640778556703
sMAPE[0.5],0.03936110700947554
MSIS,19.78470771296166
RMSE[mean],9.481355712702358
NRMSE[mean],0.04942580811494537
ND[0.5],0.039090369939549466
mean_weighted_sum_quantile_loss,0.03449517691399069
