{
  "model": "kairos23m",
  "dataset": "azure2019_U_5T",
  "method": "BM",
  "ratio": 0.1,
  "term": "long",
  "imputation_method": "forward",
  "n_windows": 1,
  "period": 288,
  "inject_range": {
    "dataset_name": "azure2019_U_5T",
    "term": "long",
    "frequency": "5T",
    "prediction_length": 720,
    "windows": 2,
    "max_context": 2048,
    "start_index": 0,
    "end_index": 1286,
    "injection_length": 1286,
    "total_length": 2006
  },
  "summary": {
    "mean": {
      "trend_strength": 0.1194596402921172,
      "trend_linearity": 0.016987945434242473,
      "seasonal_strength": 0.18962532765708506,
      "seasonal_correlation": 0.6275226910596,
      "residual_autocorr_lag1": 0.37696959725631646,
      "spectral_entropy": 8582.596790965297
    },
    "std": {
      "trend_strength": 0.0,
      "trend_linearity": 0.0,
      "seasonal_strength": 0.0,
      "seasonal_correlation": 0.0,
      "residual_autocorr_lag1": 0.0,
      "spectral_entropy": 0.0
    },
    "min": {
      "trend_strength": 0.1194596402921172,
      "trend_linearity": 0.016987945434242473,
      "seasonal_strength": 0.18962532765708506,
      "seasonal_correlation": 0.6275226910596,
      "residual_autocorr_lag1": 0.37696959725631646,
      "spectral_entropy": 8582.596790965297
    },
    "max": {
      "trend_strength": 0.1194596402921172,
      "trend_linearity": 0.016987945434242473,
      "seasonal_strength": 0.18962532765708506,
      "seasonal_correlation": 0.6275226910596,
      "residual_autocorr_lag1": 0.37696959725631646,
      "spectral_entropy": 8582.596790965297
    }
  }
}