window_idx,history_start,history_end,history_length,n_series,trend_strength,trend_linearity,seasonal_strength,seasonal_correlation,residual_autocorr_lag1,spectral_entropy
0,2819,4867,2048,1,0.7175441155034625,8.489752043293497e-05,0.6733807813086512,0.774258153907236,0.6673266756129276,9860.721420585216
1,2099,4147,2048,1,0.6956858610209,-0.0036882409806717788,0.7238686404329966,0.8209888468699735,0.6237045661295056,9845.55056755639
2,1379,3427,2048,1,0.5955314662550695,0.002002807663028987,0.705546224054548,0.8111340894753551,0.6483494007817658,9853.359969276458
3,659,2707,2048,1,0.5553731035279823,0.00017534110996399237,0.635072215533075,0.700499868766859,0.6811519310286938,9841.460121654702
4,0,1987,1987,1,0.6380748900189631,-0.006352122490207286,0.6120875535704752,0.7234990261406113,0.7115862068339696,9453.684302295636
