window_idx,history_start,history_end,history_length,n_series,trend_strength,trend_linearity,seasonal_strength,seasonal_correlation,residual_autocorr_lag1,spectral_entropy
0,2819,4867,2048,1,0.692843242457776,0.00043420693548708257,0.6753671899113243,0.7235781497803155,0.6350348432957988,9873.362832546143
1,2099,4147,2048,1,0.689354241940082,-0.0037195314984718145,0.7253109579445021,0.8208800499627774,0.6233283473332502,9844.465262737154
2,1379,3427,2048,1,0.5843483616176348,0.0018618554199825298,0.7054616524102667,0.8108988373738747,0.6479919340914087,9858.383238737973
3,659,2707,2048,1,0.5426793096018718,-0.000249997369455943,0.6328071106862354,0.6973759303016803,0.6748793257329952,9833.926762165722
4,0,1987,1987,1,0.620289719757614,-0.006293455934805389,0.6056975864597953,0.7194501805344802,0.7059752843780703,9446.836809103785
