window_idx,history_start,history_end,history_length,n_series,trend_strength,trend_linearity,seasonal_strength,seasonal_correlation,residual_autocorr_lag1,spectral_entropy
0,2819,4867,2048,1,0.7296471326657061,0.0004335942635923084,0.6246731621582464,0.7481102557895797,0.7173119819225174,9772.477967273357
1,2099,4147,2048,1,0.6196259812015992,-0.003596850469942227,0.45796060243943804,0.5650124044025154,0.7398434932495668,9742.51871870095
2,1379,3427,2048,1,0.6000167797868183,0.0035492643229661884,0.4493733640395503,0.5128704972018796,0.7516754278212314,9666.024396794364
3,659,2707,2048,1,0.5428741250267158,-0.00034583680997056146,0.33614689539989007,0.42345751480512667,0.7484817241938886,9712.073499584225
4,0,1987,1987,1,0.5829747672211325,-0.007674991640679817,0.3605122339599637,0.5182384071653857,0.7304894487993842,9304.324398548199
