window_idx,history_start,history_end,history_length,n_series,trend_strength,trend_linearity,seasonal_strength,seasonal_correlation,residual_autocorr_lag1,spectral_entropy
0,15185,17233,2048,1,0.7759399919196321,-0.00022337313607292717,0.0,0.06821890883551905,0.9857068766371089,-612.0331439754141
1,14465,16513,2048,1,0.6726307100602045,0.0001389271694730668,0.0,0.15981335366730473,0.9833432308160148,-464.3405357960889
2,13745,15793,2048,1,0.8586968269895163,0.0007210261201200772,0.009712670985712935,0.03151287772699216,0.9931562534141076,756.1047220130554
3,13025,15073,2048,1,0.853771522935671,0.0006146634863553874,0.0,0.12279910846911829,0.9924936934936845,849.1623110582254
4,12305,14353,2048,1,0.6509831925521499,0.00020114110192967315,0.028658773593055464,0.147338592901955,0.9931241043242054,-1069.8694147045512
5,11585,13633,2048,1,0.757483140839754,0.00017758350988906775,0.017009365162039547,0.08466747658403376,0.986838232940065,-1233.6297235486868
6,10865,12913,2048,1,0.6080312919067374,9.394906096520163e-05,0.024097055775622822,0.0911288684094258,0.9877561563581141,-2216.826259782888
7,10145,12193,2048,1,0.6795371507854369,0.00011803922916232594,0.0430513819821805,0.1697318099799573,0.9863534265508057,-2123.5633970517783
8,9425,11473,2048,1,0.894561157926433,8.86791278907705e-05,0.2514751681305264,0.2188904585438431,0.9611642029474975,-2704.5816371737355
9,8705,10753,2048,1,0.8953557704093051,0.00010245021537687837,0.15942795685064526,0.16239931943054203,0.9648632947992228,-2772.9573393564297
10,7985,10033,2048,1,0.8654234224473876,6.949950622864404e-05,0.1318373441846694,0.04840733542172663,0.9538561016623761,-3255.552740959336
11,7265,9313,2048,1,0.8429896454209119,1.5693135549952626e-06,0.12705116996692756,0.09853205550325574,0.9681477752275697,-3035.371937748402
12,6545,8593,2048,1,0.8162545527805316,-7.986954030761387e-05,0.0459773291349439,0.32219835804396335,0.9755073412378634,-2455.418489592615
13,5825,7873,2048,1,0.7127707638576342,-5.866094417380087e-05,0.036548017465651506,0.25632315946805395,0.9686910750060808,-2037.1682542657322
14,5105,7153,2048,1,0.6116138448868602,-9.262166234241196e-05,0.051898009594444905,0.23949311489414338,0.9430731487658993,-1716.2047950106787
