{
  "model": "kairos23m",
  "dataset": "ETTh2",
  "method": "BM",
  "ratio": 0.2,
  "term": "long",
  "imputation_method": "forward",
  "n_windows": 15,
  "period": 24,
  "inject_range": {
    "dataset_name": "ETTh2",
    "term": "long",
    "frequency": "H",
    "prediction_length": 720,
    "windows": 15,
    "max_context": 2048,
    "start_index": 4572,
    "end_index": 16700,
    "injection_length": 12128,
    "total_length": 17420
  },
  "summary": {
    "mean": {
      "trend_strength": 0.8521699971396931,
      "trend_linearity": 0.0017038836447230104,
      "seasonal_strength": 0.5701738185583285,
      "seasonal_correlation": 0.7692148302424314,
      "residual_autocorr_lag1": 0.8937654004511884,
      "spectral_entropy": 6996.00933194914
    },
    "std": {
      "trend_strength": 0.0523344541455214,
      "trend_linearity": 0.0076771619156185775,
      "seasonal_strength": 0.04651638896481289,
      "seasonal_correlation": 0.040504825525950326,
      "residual_autocorr_lag1": 0.024404719893386207,
      "spectral_entropy": 428.11167022884064
    },
    "min": {
      "trend_strength": 0.7162817387633417,
      "trend_linearity": -0.01047064758454116,
      "seasonal_strength": 0.4651718403432429,
      "seasonal_correlation": 0.6996345494465466,
      "residual_autocorr_lag1": 0.8251825913134645,
      "spectral_entropy": 6278.774477842792
    },
    "max": {
      "trend_strength": 0.9040114667765705,
      "trend_linearity": 0.011290427454725091,
      "seasonal_strength": 0.6624577250779886,
      "seasonal_correlation": 0.8306731130484565,
      "residual_autocorr_lag1": 0.9314535987458408,
      "spectral_entropy": 7838.223818871682
    }
  }
}