window_idx,history_start,history_end,history_length,n_series,trend_strength,trend_linearity,seasonal_strength,seasonal_correlation,residual_autocorr_lag1,spectral_entropy
0,14652,16700,2048,1,0.8621907472549786,0.00822860358753608,0.5725212908864301,0.8228787604028647,0.9021921415689793,6967.839633610569
1,13932,15980,2048,1,0.8874687202383129,0.010638114939358314,0.5827429809017382,0.7926148447959257,0.9007488791706977,7073.547651885672
2,13212,15260,2048,1,0.9040114667765705,0.0074268782728180395,0.6624577250779886,0.7833061775782968,0.9106147634142793,6642.653538202153
3,12492,14540,2048,1,0.7729152620440097,-0.0006690325999513377,0.5477868332799196,0.7246684074481223,0.9314535987458408,6364.4589068815785
4,11772,13820,2048,1,0.872620950241656,-0.0066743868729431,0.5774309386289994,0.7363212071808235,0.8893209703371437,7137.829000221542
5,11052,13100,2048,1,0.867589837704971,-0.008229607135605662,0.6049965507625028,0.7871870409454346,0.9044049086004431,6278.774477842792
6,10332,12380,2048,1,0.8953302885489896,-0.008817199213863005,0.5772360040599273,0.7752328967972653,0.9084522385687096,6668.644004927964
7,9612,11660,2048,1,0.8960352414052151,-0.01047064758454116,0.5203078330316284,0.7850575313572438,0.9043424284561794,7266.957944774238
8,8892,10940,2048,1,0.874037357819073,-0.007504712959265071,0.6035856078996695,0.8306731130484565,0.874758416509454,6882.193525246778
9,8172,10220,2048,1,0.8428419246427472,0.003780446197705285,0.6308737324999335,0.8059883897467298,0.8565620988113536,6679.600671507778
10,7452,9500,2048,1,0.8461833330606319,0.008231764716168209,0.5575517845969395,0.791901160752477,0.8251825913134645,7441.116374111606
11,6732,8780,2048,1,0.7808661490753728,0.004318558196420781,0.5147464900453398,0.777904968312137,0.8975505905014488,7623.105430800651
12,6012,8060,2048,1,0.868231077801406,0.009110325825835859,0.5534066174923111,0.724598078066895,0.8940973803558425,7838.223818871682
13,5292,7340,2048,1,0.8959458617181197,0.011290427454725091,0.5817910488683558,0.6996345494465466,0.9030802313115465,7245.358809350466
14,4572,6620,2048,1,0.7162817387633417,0.004898721846446835,0.4651718403432429,0.7002553277572501,0.9037197691024415,6829.83619100161
