{
  "model": "kairos23m",
  "dataset": "EWELD_Load_15T",
  "method": "BM",
  "ratio": 0.2,
  "term": "long",
  "imputation_method": "backward",
  "n_windows": 18,
  "period": 96,
  "inject_range": {
    "dataset_name": "EWELD_Load_15T",
    "term": "long",
    "frequency": "15T",
    "prediction_length": 720,
    "windows": 18,
    "max_context": 2048,
    "start_index": 5536,
    "end_index": 19824,
    "injection_length": 14288,
    "total_length": 20544
  },
  "summary": {
    "mean": {
      "trend_strength": 0.17179850093471094,
      "trend_linearity": -0.003719659942264094,
      "seasonal_strength": 0.5899522026865549,
      "seasonal_correlation": 0.9195029651465947,
      "residual_autocorr_lag1": 0.8878979840277859,
      "spectral_entropy": 14544.970891122275
    },
    "std": {
      "trend_strength": 0.09354665441203794,
      "trend_linearity": 0.01729313410444942,
      "seasonal_strength": 0.10163423002811375,
      "seasonal_correlation": 0.03917589042184735,
      "residual_autocorr_lag1": 0.0566973078807304,
      "spectral_entropy": 459.52770467543604
    },
    "min": {
      "trend_strength": 0.030741183965041108,
      "trend_linearity": -0.0321792181159056,
      "seasonal_strength": 0.4282140435968843,
      "seasonal_correlation": 0.8610100040179463,
      "residual_autocorr_lag1": 0.7212997562648118,
      "spectral_entropy": 13660.210050280188
    },
    "max": {
      "trend_strength": 0.44653761184276874,
      "trend_linearity": 0.0370184967113665,
      "seasonal_strength": 0.7731574220466223,
      "seasonal_correlation": 0.9876423489959796,
      "residual_autocorr_lag1": 0.9555017301208513,
      "spectral_entropy": 15328.023285095689
    }
  }
}