{
  "model": "kairos23m",
  "dataset": "exchange_rate",
  "method": "BM",
  "ratio": 0.3,
  "term": "long",
  "imputation_method": "linear",
  "n_windows": 11,
  "period": 7,
  "inject_range": {
    "dataset_name": "exchange_rate",
    "term": "long",
    "frequency": "D",
    "prediction_length": 450,
    "windows": 11,
    "max_context": 2048,
    "start_index": 590,
    "end_index": 7138,
    "injection_length": 6548,
    "total_length": 7588
  },
  "summary": {
    "mean": {
      "trend_strength": 0.9950418952993864,
      "trend_linearity": 3.677104131077645e-05,
      "seasonal_strength": 0.0,
      "seasonal_correlation": 0.010508935868431398,
      "residual_autocorr_lag1": 0.5973445077423319,
      "spectral_entropy": -3640.1064840032236
    },
    "std": {
      "trend_strength": 0.0032527038318076714,
      "trend_linearity": 8.917165305095963e-05,
      "seasonal_strength": 0.0,
      "seasonal_correlation": 0.0038563700044274524,
      "residual_autocorr_lag1": 0.03789034297706464,
      "spectral_entropy": 527.7492998768518
    },
    "min": {
      "trend_strength": 0.9890017711250466,
      "trend_linearity": -0.00014773260513886786,
      "seasonal_strength": 0.0,
      "seasonal_correlation": 0.002626326726115847,
      "residual_autocorr_lag1": 0.5462116415909918,
      "spectral_entropy": -4435.692842468723
    },
    "max": {
      "trend_strength": 0.9984368373644231,
      "trend_linearity": 0.00016082517905478632,
      "seasonal_strength": 0.0,
      "seasonal_correlation": 0.019209474764091825,
      "residual_autocorr_lag1": 0.675922316608091,
      "spectral_entropy": -2719.2033182282125
    }
  }
}