window_idx,history_start,history_end,history_length,n_series,trend_strength,trend_linearity,seasonal_strength,seasonal_correlation,residual_autocorr_lag1,spectral_entropy
0,5996,8044,2048,1,0.9114794609718084,0.0003458472670341546,0.06871243936572469,0.3436920366744525,0.9334286512924331,1740.4537809609906
1,5276,7324,2048,1,0.9230087325764721,0.0009544112485132083,0.06863427380428477,0.34863395187816754,0.9346783977968742,2126.790043261827
2,4556,6604,2048,1,0.8485644948721609,0.0004844703788960707,0.044590132478822375,0.30243196953969165,0.9164362726612818,2993.7461989982703
3,3836,5884,2048,1,0.8400809427020476,0.0003174899323139477,0.029227222419700993,0.48794237093648923,0.8841683573715077,2552.3597718262263
4,3116,5164,2048,1,0.9039104524432656,-0.0003631098890212083,0.07033157217283903,0.6144839944031937,0.8966785542889575,2375.7928693111453
5,2396,4444,2048,1,0.8730500393783516,-0.000792015330523549,0.05703516324777269,0.6159387175319664,0.9235459613056204,2903.084875481576
6,1676,3724,2048,1,0.8901700510091151,-0.0006895310193556867,0.09629546256580535,0.5935369180016841,0.9332566256459659,2568.99257386808
7,956,3004,2048,1,0.907634635412457,-0.0005519285199153191,0.07501390440880651,0.5470006304373384,0.9371901171973582,2528.6053474485097
