window_idx,history_start,history_end,history_length,n_series,trend_strength,trend_linearity,seasonal_strength,seasonal_correlation,residual_autocorr_lag1,spectral_entropy
0,5996,8044,2048,1,0.9062773719683073,0.0002556962453344121,0.07508350756243543,0.6694998963704627,0.9386323679414444,2275.840683500548
1,5276,7324,2048,1,0.9394359905672556,0.0012259536912363684,0.06916769080727536,0.46612571738446995,0.9347850589663443,2703.949194187664
2,4556,6604,2048,1,0.8731523181620287,0.0006451006374274436,0.055880370515726696,0.4114057971912565,0.9340495101942525,2795.669963990315
3,3836,5884,2048,1,0.8875126171671001,0.0001372339342085741,0.22465583928535526,0.5632839382569765,0.9254128394809368,1171.6092893681346
4,3116,5164,2048,1,0.9170706649521131,-0.0003191346939538089,0.139590716283844,0.6901467631363786,0.9511208575224217,1336.2136832371693
5,2396,4444,2048,1,0.9335572797130408,-0.0007595422251021138,0.15682999540678844,0.6104567502745213,0.8922678228947353,2168.550599444711
6,1676,3724,2048,1,0.9336206724754937,-0.0007735082482456591,0.1710779249550506,0.6264698074378323,0.9380987580368071,2034.0877647645984
7,956,3004,2048,1,0.946327861733975,-0.000836788105278933,0.12718194812410222,0.6723073039434301,0.936784318441162,1981.3094159569318
