window_idx,history_start,history_end,history_length,n_series,trend_strength,trend_linearity,seasonal_strength,seasonal_correlation,residual_autocorr_lag1,spectral_entropy
0,5996,8044,2048,1,0.8626099320527396,0.0001947179803997552,0.022271672654375685,0.4012913331433857,0.9248308322698564,2540.426126667051
1,5276,7324,2048,1,0.9427860694950357,0.0013983529699896741,0.06282249008206464,0.4366084494015957,0.9266935791002624,2713.2912967191883
2,4556,6604,2048,1,0.9005449406468833,0.0007496027750807045,0.0689308907311178,0.42783119745036613,0.9423702097510792,2494.84720053987
3,3836,5884,2048,1,0.8828431722194675,0.00014070867582224433,0.15757519499135086,0.37511109346069166,0.9151221264238264,1159.7712865120418
4,3116,5164,2048,1,0.8092012418420513,-0.00022461878659768632,0.05817894178496885,0.46124291862718003,0.9432110881933455,2300.0948020701517
5,2396,4444,2048,1,0.8727338346744159,-0.0007908594841863932,0.10402965160574296,0.5991799883582954,0.9491125080789311,2821.2990613380634
6,1676,3724,2048,1,0.8891340428131684,-0.000840992316207645,0.09529576693963959,0.5736276742651066,0.9299624381369261,3006.2081532697384
7,956,3004,2048,1,0.9154706587720339,-0.0006981856330874308,0.0679919629253013,0.45302157845114965,0.9300926939251701,2815.443387230353
