window_idx,history_start,history_end,history_length,n_series,trend_strength,trend_linearity,seasonal_strength,seasonal_correlation,residual_autocorr_lag1,spectral_entropy
0,14776,16824,2048,1,0.43159360188127993,1.5526218418983275e-06,0.5556164357691399,0.7376098551584802,0.8387623103438387,-3184.844758116729
1,14056,16104,2048,1,0.4695556680122833,5.595706683423715e-07,0.5089035865694346,0.8042551247374485,0.8037444573766143,-3183.3727634299066
2,13336,15384,2048,1,0.545216487754392,1.2583503620233025e-06,0.5318486378368883,0.7544038743663516,0.8200830853808513,-4071.5981910116575
3,12616,14664,2048,1,0.41229720138017856,-6.308935930117393e-09,0.6008721363780368,0.8483493266993453,0.8630520813697526,-4077.625268099487
4,11896,13944,2048,1,0.4643554732109778,5.4879965171117725e-06,0.5752327488977188,0.8152672414241533,0.8799409680173591,-4167.884962730475
5,11176,13224,2048,1,0.45906799341467885,1.0512916363999232e-06,0.5808538402265337,0.8972785483668755,0.8901549930419566,-4120.748064621859
6,10456,12504,2048,1,0.2927802998118545,3.628616178529916e-08,0.5706236216056586,0.9261463202611253,0.8393580261133256,-4159.037683347638
7,9736,11784,2048,1,0.3628346169536518,1.3824338855181e-06,0.5690676805463489,0.8808371020318504,0.8510653048021368,-4206.894719027761
8,9016,11064,2048,1,0.3573718106337642,4.69865186187967e-06,0.6403974379117989,0.871404444702209,0.8613844610170325,-4332.229905320843
9,8296,10344,2048,1,0.4146111622373855,3.2120086831222016e-06,0.6253479844213307,0.884004220382681,0.8735035141229063,-4474.957221234549
10,7576,9624,2048,1,0.3198069017785927,-7.89182242819114e-08,0.5746167876051391,0.9179222749469517,0.8640607647064759,-4515.984503447575
11,6856,8904,2048,1,0.3340630165328513,5.102837219416708e-07,0.4845982580998547,0.8677365259274913,0.9157439962241343,-4708.110704226906
12,6136,8184,2048,1,0.37857779473475217,2.7956794687873872e-06,0.44241859488457635,0.7951738920317726,0.880658815451915,-4566.861380302465
13,5416,7464,2048,1,0.3535961832169764,-6.663451949725949e-07,0.5414912178569335,0.8685131975502521,0.8569058307458941,-4458.127483233506
14,4696,6744,2048,1,0.468448989085285,-2.0606997763627678e-06,0.6174449510380979,0.7765836579978723,0.8205523352688575,-4415.905493499786
