metric,value
eval_data,datasets\Impute\MCAR_005\forward\ETTh2_MCAR_005_long.csv
clean_data,datasets\ori\ETTh2.csv
freq,H
term,long
prediction_length,720
windows,3
MSE[mean],55.07686993634259
MSE[0.5],55.506828703703704
MAE[0.5],5.841611961082176
MASE[0.5],1.9167887203912763
MAPE[0.5],0.1862397935655382
sMAPE[0.5],0.2125169115548932
MSIS,23.21348033377308
RMSE[mean],7.421379247575385
NRMSE[mean],0.23151966416682923
ND[0.5],0.18223675065043093
mean_weighted_sum_quantile_loss,0.15285581621829702
