window_idx,history_start,history_end,history_length,n_series,trend_strength,trend_linearity,seasonal_strength,seasonal_correlation,residual_autocorr_lag1,spectral_entropy
0,0,8064,8064,1,0.8539024430200143,-0.002083084996576947,0.06580815938989448,0.022320310772596406,0.016021344706005993,53142.33043840747
1,0,7344,7344,1,0.7993949981821575,0.0010063534792370645,0.04640719327396148,0.020406338729955353,0.008367806518916688,48408.32148439253
2,0,6624,6624,1,0.6928589508746668,0.005432220182213322,0.11052882347950632,0.016215631369601254,-0.004238361321316159,43417.53616303169
3,0,5904,5904,1,0.4906660198954089,0.0024559376596680134,0.20929029431925517,0.011002911455953833,-0.019265286819481326,38716.981197618705
4,0,5184,5184,1,0.041074442026428626,-3.6860832387554286e-05,0.24826863361954166,0.018781062319791725,-0.033161776133028883,33664.66449531607
5,0,4464,4464,1,0.03639771909526457,-2.950563737591435e-05,0.24726019654792564,0.019552155696166654,-0.03282762074252278,28617.22092838203
6,0,3744,3744,1,0.03087540078817197,-0.00028226715429661276,0.24261621257439803,0.0166380429391332,-0.03659419355625292,23692.00403048703
7,0,3024,3024,1,0.03011564448155024,-1.3352397623668963e-05,0.24770421292566713,0.028395247029504102,-0.030453848592736164,18849.738275989934
