window_idx,history_start,history_end,history_length,n_series,trend_strength,trend_linearity,seasonal_strength,seasonal_correlation,residual_autocorr_lag1,spectral_entropy
0,0,7478,7478,1,0.9994126530932854,0.0009212986922446508,0.42121831738466053,0.38975302443618903,0.9328904659982384,13535.554284670881
1,0,6758,6758,1,0.9993451670235086,0.0009598166211591296,0.37494088152967775,0.3893551032854163,0.9246543843676792,11045.3447546768
2,0,6038,6038,1,0.9993064628999135,0.0010446669891887783,0.37002917177878347,0.3836802762556002,0.9345864929278197,10095.845323855308
3,0,5318,5318,1,0.9992749933001274,0.001054764070755557,0.29939958061839256,0.3488448950629992,0.9385537976105052,8410.565262387816
4,0,4598,4598,1,0.9990051872998409,0.0010357581914092698,0.3041729155511457,0.3980985664877162,0.9413936306976893,6674.898599841649
5,0,3878,3878,1,0.9984218079625736,0.0009196714296340874,0.2621842976171508,0.3919603919174971,0.9428967680058346,4980.796414990863
6,0,3158,3158,1,0.9964883118798673,0.0008053548529108887,0.15061119872938455,0.31191217424510614,0.9383686577984337,2588.4917173701106
