window_idx,history_start,history_end,history_length,n_series,trend_strength,trend_linearity,seasonal_strength,seasonal_correlation,residual_autocorr_lag1,spectral_entropy
0,0,8064,8064,1,0.8841203684967507,-0.0020389016148466854,0.06897141854777278,0.02518581717445838,0.10541242431046054,51992.95844821446
1,0,7344,7344,1,0.8491933961598375,0.0009016064163555653,0.055828539143720546,0.020794092062065676,0.06665691766408693,47380.00592401311
2,0,6624,6624,1,0.7622977454852359,0.005740631199664761,0.07406631162047361,0.018292959752568293,0.046925852307245206,42607.08569856481
3,0,5904,5904,1,0.5861065422629428,0.0029302197960547507,0.09583139309481448,0.017583206522395357,0.021049571293303926,37937.70023257326
4,0,5184,5184,1,0.2130370242555597,0.00041329780031469675,0.1245182725387276,0.020042424306532136,0.007509920251843072,33039.46552894591
5,0,4464,4464,1,0.21519544572762783,0.0005098740972041066,0.11546511860725595,0.019844516369398036,0.0073211295872341675,28109.291927199225
6,0,3744,3744,1,0.2068258754183384,-0.0003128911971762147,0.11912473415438529,0.020018288933563104,0.010479697078862872,23263.86195289246
7,0,3024,3024,1,0.2306082321909233,-5.554646800113735e-05,0.11937190573849732,0.04450123131571387,0.016283612927528578,18388.5715528974
