window_idx,history_start,history_end,history_length,n_series,trend_strength,trend_linearity,seasonal_strength,seasonal_correlation,residual_autocorr_lag1,spectral_entropy
0,0,8064,8064,1,0.8633869631640647,-0.0021468484375133648,0.08072747091864674,0.01799914049357898,0.055674587359520675,52925.9832441243
1,0,7344,7344,1,0.8110719641030131,0.0008905363862575123,0.05205561789597346,0.02281212557515485,0.05103489538383548,48174.48533266781
2,0,6624,6624,1,0.7072788713715981,0.0052699602457544886,0.08381419973744042,0.019233762294575144,0.008376923984996527,43319.95451999801
3,0,5904,5904,1,0.5198585308052792,0.0023460909026520294,0.1832816323511629,0.01385411577521055,0.00230559132458903,38603.481880123
4,0,5184,5184,1,0.11898368352456767,-7.264773492589008e-05,0.2351411135932724,0.0216394930301409,-0.016057810668720068,33638.9487480815
5,0,4464,4464,1,0.12524082637480904,-4.835467536830314e-05,0.2269312600469674,0.023338661501545215,-0.01457667219784074,28514.85977067822
6,0,3744,3744,1,0.13388737159032826,-0.00019049042500249275,0.2177477531525459,0.018636560811362748,-0.01388267018262158,23633.257254409145
7,0,3024,3024,1,0.15694802455011525,0.0001411108178679062,0.21634507167254202,0.025825837882358482,-0.007873731507860658,18713.08768135268
