window_idx,history_start,history_end,history_length,n_series,trend_strength,trend_linearity,seasonal_strength,seasonal_correlation,residual_autocorr_lag1,spectral_entropy
0,0,4867,4867,1,0.6569389287242635,-0.0012069040951224724,0.5836974289382917,0.6561300285001611,0.7242236563703348,25312.12436511329
1,0,4147,4147,1,0.6588671671034422,-0.0019447987714832466,0.5755982856077739,0.6636952952067487,0.724267698785445,21243.60668286305
2,0,3427,3427,1,0.6458888132497345,-0.0018602787374994469,0.5976914587279678,0.6707394763778335,0.7491877719115551,17156.511535709273
3,0,2707,2707,1,0.618692343547699,-0.002469917282158466,0.5783873472624025,0.6468166981681281,0.7572543150545228,13237.16887941147
4,0,1987,1987,1,0.642220858141024,-0.0053893034723142596,0.5427482832284845,0.626886340147193,0.7698231572178464,9342.590592482882
