window_idx,history_start,history_end,history_length,n_series,trend_strength,trend_linearity,seasonal_strength,seasonal_correlation,residual_autocorr_lag1,spectral_entropy
0,0,4867,4867,1,0.6444387089884841,-0.0012755562485276116,0.6642906281669275,0.7356989907843133,0.6690909559095058,25417.078659876785
1,0,4147,4147,1,0.6397467287036915,-0.002101815230160746,0.6631683445260659,0.7464734052339361,0.6591107315138149,21306.796799750264
2,0,3427,3427,1,0.5958449008547133,-0.0017611673183224122,0.6723314011758486,0.7536796300919977,0.6856371490224826,17166.487870315315
3,0,2707,2707,1,0.5898616279929767,-0.002811562694364735,0.6402928958933848,0.7320338121070015,0.688758276835727,13331.33759475216
4,0,1987,1987,1,0.6121398083865586,-0.006066608655326405,0.6155108036899193,0.7351924343100167,0.6935233431645108,9467.947138984715
