window_idx,history_start,history_end,history_length,n_series,trend_strength,trend_linearity,seasonal_strength,seasonal_correlation,residual_autocorr_lag1,spectral_entropy
0,0,4867,4867,1,0.6623317049794986,-0.0014576158275580564,0.5860590454570054,0.6395146663645112,0.7332098827059257,25226.059298910688
1,0,4147,4147,1,0.6564848608514247,-0.002527018760502366,0.5666324459750904,0.6563606147048296,0.7229547988016675,21122.45250200043
2,0,3427,3427,1,0.617921682431358,-0.0024781919822862266,0.5859454027338596,0.6658960461862486,0.753969380007523,17054.68266176607
3,0,2707,2707,1,0.5949149188534509,-0.002801883346364726,0.5706537665212932,0.6419341938386197,0.7494702657430821,13217.85645303885
4,0,1987,1987,1,0.6131861050475595,-0.005565188023875437,0.534648883428265,0.6210143601020143,0.7571986336870589,9313.453557670146
