window_idx,history_start,history_end,history_length,n_series,trend_strength,trend_linearity,seasonal_strength,seasonal_correlation,residual_autocorr_lag1,spectral_entropy
0,0,4867,4867,1,0.6692976936720962,-0.0009710073410813832,0.6534419792484395,0.7375494396608714,0.6865073037037386,25392.408601501516
1,0,4147,4147,1,0.6608088133374488,-0.001789538096099283,0.6622762676781231,0.7427625745144376,0.6691676719976202,21278.4363601843
2,0,3427,3427,1,0.6249739221090758,-0.0012484714025703316,0.6661780016908168,0.7474989884611192,0.6891993604713113,17173.63332966374
3,0,2707,2707,1,0.6158363490850627,-0.0025188505326338914,0.6386204343665647,0.726371707821197,0.7022004058201777,13305.938981273586
4,0,1987,1987,1,0.6380748900189631,-0.006352122490207292,0.6120875535704752,0.7234990261406113,0.7115862068339696,9453.684302295635
