window_idx,history_start,history_end,history_length,n_series,trend_strength,trend_linearity,seasonal_strength,seasonal_correlation,residual_autocorr_lag1,spectral_entropy
0,0,4867,4867,1,0.6772410533193902,-0.0010129992677173933,0.6317167560541886,0.7269775638973073,0.6935707397965869,25437.869005854987
1,0,4147,4147,1,0.648379326977288,-0.0016156218932738356,0.6409420217573936,0.7451844165070949,0.6944075652743977,21316.562446565396
2,0,3427,3427,1,0.6140721392847368,-0.0010253824242793445,0.6417621934545061,0.7510784958423986,0.7172357150221549,17205.833282819047
3,0,2707,2707,1,0.5970242227517354,-0.0023787697854186626,0.6087969367222398,0.7288080829710998,0.7329033303764557,13325.267572253873
4,0,1987,1987,1,0.6147091156231557,-0.006500171698621881,0.5742478935572234,0.7295177706296361,0.746858408435388,9473.080718080924
