window_idx,history_start,history_end,history_length,n_series,trend_strength,trend_linearity,seasonal_strength,seasonal_correlation,residual_autocorr_lag1,spectral_entropy
0,9041,17233,8192,1,0.9716737619446627,0.00023785690305882205,0.0,0.04352286798820528,0.9753627555691748,3546.073142871884
1,8321,16513,8192,1,0.976867756989559,0.00024071066729334858,0.0,0.03521171399081553,0.9638752343413588,4967.385149624642
2,7601,15793,8192,1,0.9786428254790879,0.0002002840330240144,0.0,0.03015656376140808,0.9767755648526958,5977.4459569925975
3,6881,15073,8192,1,0.965288574745029,0.00013963670551457965,0.0,0.021123964120718253,0.9798700525316756,4339.390824123295
4,6161,14353,8192,1,0.948948233366728,7.589349536625862e-05,0.03184721002355195,0.01912767572386132,0.979329059336168,-2060.6809169549047
5,5441,13633,8192,1,0.9418498737057661,5.1204591087647395e-05,0.08001482931833748,0.05425939088762954,0.9806493659233143,-3679.264310735174
6,4721,12913,8192,1,0.8878029346390675,2.4200078478859152e-05,0.04230812840058107,0.0539374987515076,0.9792220774288434,-3955.1790260189573
7,4001,12193,8192,1,0.8595132904483792,7.162176972162798e-06,0.038153916973999835,0.06773819759676343,0.9727869636356178,-3746.8675566403
8,3281,11473,8192,1,0.7944826295641385,-2.4459460150174314e-06,0.0,0.05399364069378504,0.9782534158574504,-4339.745489952915
9,2561,10753,8192,1,0.88874111102434,-3.282325024717699e-05,0.002594471920386865,0.0685892931821743,0.9831635292077284,-2614.756610159268
10,1841,10033,8192,1,0.9119736498834282,-5.630567418255983e-05,0.010299392472775337,0.03207823477670215,0.9821258910993298,-1135.2533051883113
11,1121,9313,8192,1,0.928678359780171,-8.175516159920923e-05,0.0,0.042582022818267264,0.9638885939277999,11.909823812794457
12,401,8593,8192,1,0.896333329728706,-9.593888202559583e-05,0.0031622612934169014,0.02779561338935722,0.9826993822467165,512.3762391229443
13,0,7873,7873,1,0.9016584747807926,-0.00010397351855720976,0.011279779037151494,0.013592985428593628,0.9831928963102097,1224.7706538866166
14,0,7153,7153,1,0.8862135876790405,-0.00010782038360333179,0.008541764367145821,0.027884351645129174,0.98318472691456,1414.001989179497
