window_idx,history_start,history_end,history_length,n_series,trend_strength,trend_linearity,seasonal_strength,seasonal_correlation,residual_autocorr_lag1,spectral_entropy
0,9041,17233,8192,1,0.8298449575090647,0.00021044768582200438,0.015839379617223703,0.034095105911433915,0.9681169064113518,10358.244918992888
1,8321,16513,8192,1,0.8542726738887477,0.00022418544942054013,0.023312872128364526,0.045878085324214474,0.9680746370202806,9629.199324384585
2,7601,15793,8192,1,0.8407705866258013,0.00018022847562606102,0.02442446850050506,0.04676257017351298,0.9689233855403461,9985.446465685221
3,6881,15073,8192,1,0.8048403914948076,0.00012670150909922968,0.009810134761786049,0.040169608573193044,0.9651672821831943,8847.548349055422
4,6161,14353,8192,1,0.5058637875633615,6.757781385845324e-05,0.0,0.053432878983090064,0.9663160236521816,7023.501270782043
5,5441,13633,8192,1,0.40938518487065756,4.82097983066614e-05,0.0,0.0629727411767157,0.9568300613328291,6921.1314500673925
6,4721,12913,8192,1,0.3018902290257871,2.610718697338349e-05,0.0,0.052766628293591994,0.9548886488312074,6894.476411221565
7,4001,12193,8192,1,0.2418464538208076,1.600385329828729e-05,0.0,0.025143509155066277,0.9648413208837328,7016.975822883225
8,3281,11473,8192,1,0.18289007580064331,2.9560657462535047e-06,0.0,0.01934065857091967,0.9584900925981021,7502.977927070217
9,2561,10753,8192,1,0.3123261573900278,-2.2345739570519806e-05,0.0,0.014141446740380445,0.954981850211883,7299.633280311464
10,1841,10033,8192,1,0.4200963220577192,-5.007080498781957e-05,0.0008638779642244909,0.00895611918935562,0.9661703412878027,7216.302976011993
11,1121,9313,8192,1,0.554911184876456,-7.546638337382318e-05,0.0,0.023230196808434283,0.9671131584590584,7060.976190084615
12,401,8593,8192,1,0.631283276461853,-8.456719737575214e-05,0.0,0.03342915708825333,0.9692526919147814,6463.161209250615
13,0,7873,7873,1,0.6391437447030341,-8.845865852621107e-05,0.0,0.023745416149161015,0.9715275556501866,6285.342452864036
14,0,7153,7153,1,0.6742999178239399,-9.22600687821685e-05,0.018216825700219097,0.022397279568399226,0.9678352607724567,5293.280346872468
