window_idx,history_start,history_end,history_length,n_series,trend_strength,trend_linearity,seasonal_strength,seasonal_correlation,residual_autocorr_lag1,spectral_entropy
0,8508,16700,8192,1,0.963762475500421,-0.0017197615755480712,0.17761762283912363,0.28384970493060724,0.8237405001565554,31519.02414319898
1,7788,15980,8192,1,0.9640640892340488,-0.0022523658221226565,0.19636105849342944,0.3211948545178288,0.8311568904077458,31858.72610779328
2,7068,15260,8192,1,0.9640121659672996,-0.0024534764119981726,0.2526321840994079,0.347338266917079,0.8145926075560643,32290.617739802998
3,6348,14540,8192,1,0.95838238242722,-0.002213145888003949,0.24595364001995146,0.35093802739136315,0.8264710356651277,32478.97301990634
4,5628,13820,8192,1,0.9503350856256396,-0.0014559615849641732,0.25206250474264447,0.3922785507373737,0.8233088737812984,32740.986018865555
5,4908,13100,8192,1,0.9348140973889839,-0.0005152212687438267,0.24681019797345982,0.433113167583174,0.8262457994802848,33064.552390381345
6,4188,12380,8192,1,0.9233444778799984,0.00042606236782859365,0.24587132142134382,0.4335146511018355,0.8203931046253358,33338.951832012666
7,3468,11660,8192,1,0.9092783588693211,0.0010112755260383093,0.2137915355461143,0.41903331777007247,0.833328127055679,33705.520341540985
8,2748,10940,8192,1,0.8892047843169305,0.001250192271693491,0.1712059849401365,0.41887337018723975,0.8313928252266043,34012.96824545431
9,2028,10220,8192,1,0.8940274251621865,0.0009305150271859222,0.16360224267786538,0.4335521391145457,0.8340315331878224,34157.04485772171
10,1308,9500,8192,1,0.9192555959452278,0.00010241534093758012,0.20401601891762688,0.4511990166453017,0.8404897026882313,34148.75533853525
11,588,8780,8192,1,0.955786051718502,-0.0015213398087839509,0.22978866326742964,0.48662097429909035,0.8382598239819862,34200.452353754736
12,0,8060,8060,1,0.9658754304095101,-0.002566652203035392,0.2372447542133017,0.4413789548106223,0.8257422532676498,33695.34517137183
13,0,7340,7340,1,0.970522100113686,-0.0034693355094517426,0.23893395523413785,0.4301326190692312,0.8299370119711446,30358.48483793654
14,0,6620,6620,1,0.9745577986721583,-0.004622453239137312,0.23446263288155245,0.4084009470081275,0.8170294223827784,26987.022312216883
