window_idx,history_start,history_end,history_length,n_series,trend_strength,trend_linearity,seasonal_strength,seasonal_correlation,residual_autocorr_lag1,spectral_entropy
0,8508,16700,8192,1,0.9638427001689619,-0.0016960843738150848,0.23902628694276784,0.40164674179491827,0.8060903825073875,31703.33632918692
1,7788,15980,8192,1,0.9637261355924532,-0.0022308326711325847,0.2360178069382025,0.42771506067558196,0.810284427076166,31968.705914134003
2,7068,15260,8192,1,0.96226495125508,-0.0024040471828775866,0.25476730640374257,0.4598635211887594,0.7991888137522802,32371.366407665628
3,6348,14540,8192,1,0.9587002018473834,-0.002193857082031624,0.26485615377507377,0.46792383114534175,0.798226905270924,32724.022100827016
4,5628,13820,8192,1,0.9498369033967937,-0.0014444753644219628,0.2684214350521751,0.5216770809123289,0.7972643257297436,33025.42388465274
5,4908,13100,8192,1,0.9362177662462285,-0.00048300251047117863,0.2627025935124284,0.5879090507305066,0.803259006181824,33146.670555958684
6,4188,12380,8192,1,0.9250854530914564,0.0003821955926194735,0.2590926088078065,0.5283630643749804,0.8009608738395466,33478.59212620832
7,3468,11660,8192,1,0.9050836327921656,0.0009867329969338505,0.21012883820594952,0.5409684387354183,0.8287450395965521,33877.22916799238
8,2748,10940,8192,1,0.8971488447595737,0.0011924430512129768,0.1948456416924259,0.5069292392300335,0.8181571368676415,34108.601267061764
9,2028,10220,8192,1,0.9044823728239744,0.000874904709512483,0.19720525989326543,0.519268867544859,0.8229670114277828,34205.04356463
10,1308,9500,8192,1,0.9277262143745093,3.1108277364069796e-05,0.23279922880592885,0.5223411845240924,0.8266451188958167,34072.693556315535
11,588,8780,8192,1,0.9571129235789365,-0.0015270244624158806,0.24292710992092714,0.5377090604569127,0.8268692274557363,34259.924877351325
12,0,8060,8060,1,0.966250875237048,-0.0025839063232162497,0.24633140740987658,0.5070108295912756,0.8119589808644815,33839.11145325888
13,0,7340,7340,1,0.9710106035485138,-0.0034993182717536872,0.24413267165736685,0.48828461993000444,0.7716270688823831,30635.954908955042
14,0,6620,6620,1,0.9737997607197468,-0.004596226252841329,0.2238243391798994,0.46523157109707935,0.7838930555210645,27195.614371267475
