{
  "model": "chronos2",
  "dataset": "ETTh1",
  "method": "BM",
  "ratio": 0.2,
  "term": "short",
  "imputation_method": "backward",
  "n_windows": 20,
  "period": 24,
  "inject_range": {
    "dataset_name": "ETTh1",
    "term": "short",
    "frequency": "H",
    "prediction_length": 48,
    "windows": 20,
    "max_context": 8192,
    "start_index": 8268,
    "end_index": 17372,
    "injection_length": 9104,
    "total_length": 17420
  },
  "summary": {
    "mean": {
      "trend_strength": 0.96273455339394,
      "trend_linearity": -0.0014655800029781693,
      "seasonal_strength": 0.2828588033624506,
      "seasonal_correlation": 0.4690804244837904,
      "residual_autocorr_lag1": 0.7982903705331702,
      "spectral_entropy": 31686.091042976885
    },
    "std": {
      "trend_strength": 0.00362971902460031,
      "trend_linearity": 0.0002482333184395357,
      "seasonal_strength": 0.00994840212532482,
      "seasonal_correlation": 0.030245686528546232,
      "residual_autocorr_lag1": 0.004496338456176687,
      "spectral_entropy": 151.67560405440574
    },
    "min": {
      "trend_strength": 0.9539913451353882,
      "trend_linearity": -0.0018039016922900815,
      "seasonal_strength": 0.26887207262287505,
      "seasonal_correlation": 0.4091122287872825,
      "residual_autocorr_lag1": 0.7898647994510207,
      "spectral_entropy": 31395.219723281723
    },
    "max": {
      "trend_strength": 0.9673258642915193,
      "trend_linearity": -0.0010228687503389833,
      "seasonal_strength": 0.3051880867527338,
      "seasonal_correlation": 0.5132046074970169,
      "residual_autocorr_lag1": 0.8063133630771531,
      "spectral_entropy": 31861.77642846736
    }
  }
}