window_idx,history_start,history_end,history_length,n_series,trend_strength,trend_linearity,seasonal_strength,seasonal_correlation,residual_autocorr_lag1,spectral_entropy
0,8508,16700,8192,1,0.9550930376521993,-0.0023956439003280467,0.6128988319913782,0.8106532423849152,0.9249329414826116,31633.062041261786
1,7788,15980,8192,1,0.9522675755337101,-0.0034635338614294516,0.5910292178141197,0.8237905185616374,0.9025836241236184,32872.20866552949
2,7068,15260,8192,1,0.9554750077476764,-0.003801633452239395,0.5995471029550539,0.8089052149029727,0.889554286771725,33849.572236708074
3,6348,14540,8192,1,0.9560836813820145,-0.00323491420453436,0.5986123118434905,0.792750012817119,0.8869731135063333,33901.81784959417
4,5628,13820,8192,1,0.9501435332498395,-0.0016120928909954698,0.6047551013630396,0.8059435836364617,0.8864779246422343,34197.24927696746
5,4908,13100,8192,1,0.9430189433265898,0.0003803986025506535,0.602721529808768,0.817863824919447,0.892713751273877,34144.270061785515
6,4188,12380,8192,1,0.9414678729664618,0.0021374291530620775,0.5790689510297404,0.7906442810494684,0.8925793555133873,34185.80426758462
7,3468,11660,8192,1,0.9467007987964294,0.003377116560271479,0.5707820603939839,0.780148614114618,0.9028596937863311,34271.34844198878
8,2748,10940,8192,1,0.9503132730256597,0.0037547617695070793,0.587708894398108,0.7883835042825208,0.8915231426470908,34139.664380410686
9,2028,10220,8192,1,0.9496012739078031,0.0031207075850839625,0.5800976308871648,0.7749988125413213,0.8836996430117495,34124.441991401894
10,1308,9500,8192,1,0.9442945031663444,0.0015217883936034654,0.5727615813539414,0.7639762136249105,0.8924104563186647,33828.16394736104
11,588,8780,8192,1,0.9473209567865449,-0.0008390941107320459,0.5734111638392754,0.7813680378544781,0.8905994912132564,34175.507338387215
12,0,8060,8060,1,0.9538106816803424,-0.0021053745714626998,0.5896462041485551,0.7866730015637133,0.8736906714510432,33414.808038539195
13,0,7340,7340,1,0.9608003504359022,-0.0034771060901072934,0.617282516345746,0.7945803709665488,0.9028278495404881,28305.880030618726
14,0,6620,6620,1,0.9658838292654326,-0.004965963577240415,0.6242992655116465,0.8045380507215514,0.9093419150150015,25123.673688418377
