{
  "model": "chronos2",
  "dataset": "ETTh1",
  "method": "BM",
  "ratio": 0.2,
  "term": "short",
  "imputation_method": "mean",
  "n_windows": 20,
  "period": 24,
  "inject_range": {
    "dataset_name": "ETTh1",
    "term": "short",
    "frequency": "H",
    "prediction_length": 48,
    "windows": 20,
    "max_context": 8192,
    "start_index": 8268,
    "end_index": 17372,
    "injection_length": 9104,
    "total_length": 17420
  },
  "summary": {
    "mean": {
      "trend_strength": 0.9603287992702481,
      "trend_linearity": -0.001335143595184476,
      "seasonal_strength": 0.268324819488133,
      "seasonal_correlation": 0.4515430405584976,
      "residual_autocorr_lag1": 0.8080333165929717,
      "spectral_entropy": 31811.136838500126
    },
    "std": {
      "trend_strength": 0.004487911038735204,
      "trend_linearity": 0.0003190587630418027,
      "seasonal_strength": 0.017545658176922947,
      "seasonal_correlation": 0.041817303656794536,
      "residual_autocorr_lag1": 0.003995756906268668,
      "spectral_entropy": 134.89983351494388
    },
    "min": {
      "trend_strength": 0.9503569584297956,
      "trend_linearity": -0.0017760487898901432,
      "seasonal_strength": 0.24036846975822868,
      "seasonal_correlation": 0.3925053442591805,
      "residual_autocorr_lag1": 0.7968270782167522,
      "spectral_entropy": 31557.469227652662
    },
    "max": {
      "trend_strength": 0.966965695864408,
      "trend_linearity": -0.0007457281552620778,
      "seasonal_strength": 0.305241533715511,
      "seasonal_correlation": 0.5160097413171774,
      "residual_autocorr_lag1": 0.8147785383591628,
      "spectral_entropy": 31993.17099821225
    }
  }
}