{
  "model": "chronos2",
  "dataset": "ETTh2",
  "method": "BM",
  "ratio": 0.1,
  "term": "short",
  "imputation_method": "mean",
  "n_windows": 20,
  "period": 24,
  "inject_range": {
    "dataset_name": "ETTh2",
    "term": "short",
    "frequency": "H",
    "prediction_length": 48,
    "windows": 20,
    "max_context": 8192,
    "start_index": 8268,
    "end_index": 17372,
    "injection_length": 9104,
    "total_length": 17420
  },
  "summary": {
    "mean": {
      "trend_strength": 0.9573112912640571,
      "trend_linearity": -0.002031364224468369,
      "seasonal_strength": 0.6594749174576287,
      "seasonal_correlation": 0.88889139223045,
      "residual_autocorr_lag1": 0.9215044477544225,
      "spectral_entropy": 31231.15832863705
    },
    "std": {
      "trend_strength": 0.0056460411629868845,
      "trend_linearity": 0.0004309346999350782,
      "seasonal_strength": 0.024600546716114058,
      "seasonal_correlation": 0.02070750359058315,
      "residual_autocorr_lag1": 0.004486900727110186,
      "spectral_entropy": 669.642635710964
    },
    "min": {
      "trend_strength": 0.9455155426059435,
      "trend_linearity": -0.002689071112430907,
      "seasonal_strength": 0.6124083012993431,
      "seasonal_correlation": 0.835509134171677,
      "residual_autocorr_lag1": 0.915090536469152,
      "spectral_entropy": 30633.039297991912
    },
    "max": {
      "trend_strength": 0.9621238289163451,
      "trend_linearity": -0.0012945204077382028,
      "seasonal_strength": 0.6811466474290504,
      "seasonal_correlation": 0.9064721935566804,
      "residual_autocorr_lag1": 0.931214238760097,
      "spectral_entropy": 32721.884352994457
    }
  }
}