window_idx,history_start,history_end,history_length,n_series,trend_strength,trend_linearity,seasonal_strength,seasonal_correlation,residual_autocorr_lag1,spectral_entropy
0,8508,16700,8192,1,0.930258120452032,-0.0020206938320166666,0.5311849389452165,0.8174156619680374,0.9124551281416339,34130.55604300216
1,7788,15980,8192,1,0.9293694671994689,-0.003128628651511627,0.5205557927074184,0.8329952748197144,0.9063513829829091,34865.35967710687
2,7068,15260,8192,1,0.9319580124734139,-0.00347319044430143,0.5227123360084831,0.8220222470091233,0.8963367233784132,35549.04768426877
3,6348,14540,8192,1,0.9305250576489331,-0.0029599875330895862,0.5132935259549452,0.7957004644309297,0.9003763727992672,35862.953844600575
4,5628,13820,8192,1,0.9223296789553659,-0.001465546720710592,0.5247100083482337,0.8200659473918283,0.9033679551383125,35943.29591716548
5,4908,13100,8192,1,0.9128210428884699,0.0002792844787310712,0.5238955545868136,0.8212698743926556,0.9085503770432758,35886.06497997271
6,4188,12380,8192,1,0.9053031231946256,0.001854037892788313,0.48938316450324115,0.7813720631418516,0.903022247632677,36091.659697318435
7,3468,11660,8192,1,0.9100909034182135,0.002863788157686706,0.4804332280039134,0.7690152877468835,0.898227089247446,36471.97509210068
8,2748,10940,8192,1,0.9110860160788464,0.0031936349137366314,0.48025699810589095,0.7817876981096302,0.8987447597816796,36445.00032468776
9,2028,10220,8192,1,0.9100346704328108,0.0025511175332156976,0.4747122502956186,0.7557847179926852,0.8977671115475426,36419.15059450849
10,1308,9500,8192,1,0.8952863489245972,0.0013383848112395811,0.45453694189917115,0.7451090008242894,0.8947267592971365,36398.10957569632
11,588,8780,8192,1,0.9063893838723207,-0.0006728811229849533,0.47179708283119903,0.7686524596155466,0.8884192748212184,36390.54713823106
12,0,8060,8060,1,0.9195321145975043,-0.001869249624601176,0.4961063978203464,0.7645795473921342,0.8724891145267636,35929.33873667821
13,0,7340,7340,1,0.9255302253146331,-0.0030811618390720746,0.5006543475933485,0.7560132534957116,0.8770124658500171,31578.271286745377
14,0,6620,6620,1,0.9314752390651112,-0.004348418064791125,0.49273938306033704,0.7612796101750665,0.8826147933726599,28088.896189470357
