window_idx,history_start,history_end,history_length,n_series,trend_strength,trend_linearity,seasonal_strength,seasonal_correlation,residual_autocorr_lag1,spectral_entropy
0,8508,16700,8192,1,0.965149373105312,-0.001701450243509594,0.2444466275395022,0.41373146883311235,0.8038911472431755,31628.432795291985
1,7788,15980,8192,1,0.9647177930146011,-0.002217767523012568,0.24229131050311126,0.44138099250818663,0.8077468491390721,31862.47424329575
2,7068,15260,8192,1,0.963738295137125,-0.0023878573959651415,0.2649282937887666,0.4670395740652082,0.7990325537531651,32242.034887435497
3,6348,14540,8192,1,0.960090249146314,-0.0021612499148018897,0.2760887926953185,0.4651834812393047,0.7978879068077342,32608.6591272914
4,5628,13820,8192,1,0.9511949169147116,-0.001413142766583104,0.2797249031526222,0.5173463145330179,0.7935956950756536,32903.62146968629
5,4908,13100,8192,1,0.9376841310722908,-0.0004752973643269218,0.2750673569057802,0.5846925097930068,0.8021686799151674,33006.57196669326
6,4188,12380,8192,1,0.9261436765902781,0.0003794263021198967,0.26699651147527337,0.5312004152495997,0.8010046899799689,33335.45646699806
7,3468,11660,8192,1,0.9056980480390052,0.0009889694418669642,0.21606051941521853,0.5468927121420781,0.8313233011856507,33712.522305283215
8,2748,10940,8192,1,0.8966695064792408,0.0011883567091386042,0.1996445764413305,0.5127114523393242,0.8230014350616434,33914.08917685133
9,2028,10220,8192,1,0.9053999912875074,0.0008603202098903338,0.20359569390921994,0.5241043177328575,0.8255735530335763,34081.00997039098
10,1308,9500,8192,1,0.9269777044219485,4.0550228705565916e-05,0.23697850526589992,0.5242689528970829,0.8319406849128753,33905.053768310405
11,588,8780,8192,1,0.9587550988024055,-0.001535513048661256,0.25532851817469004,0.542637278102049,0.8258425847468881,34061.99579778494
12,0,8060,8060,1,0.9670781810367336,-0.00261518549887135,0.2545655415034218,0.5070892307771023,0.8155364892633764,33651.785329436694
13,0,7340,7340,1,0.9718877417602964,-0.003530998058682996,0.25286755823476015,0.49094061942075296,0.7789547154988745,30516.45373219525
14,0,6620,6620,1,0.974422490999645,-0.004618704435888117,0.22834885660354998,0.46911202812273967,0.7827396043765769,27048.565235942373
