{
  "model": "chronos2",
  "dataset": "ETTm1",
  "method": "BM",
  "ratio": 0.1,
  "term": "medium",
  "imputation_method": "mean",
  "n_windows": 20,
  "period": 1440,
  "inject_range": {
    "dataset_name": "ETTm1",
    "term": "medium",
    "frequency": "T",
    "prediction_length": 480,
    "windows": 20,
    "max_context": 8192,
    "start_index": 51888,
    "end_index": 69200,
    "injection_length": 17312,
    "total_length": 69680
  },
  "summary": {
    "mean": {
      "trend_strength": 0.4631404605389907,
      "trend_linearity": 0.0007025114589746903,
      "seasonal_strength": 0.40020241053169,
      "seasonal_correlation": 0.4819919856108224,
      "residual_autocorr_lag1": 0.9746370971018239,
      "spectral_entropy": 25974.461500250884
    },
    "std": {
      "trend_strength": 0.10314424799181222,
      "trend_linearity": 0.00019047286455311745,
      "seasonal_strength": 0.0920068294378397,
      "seasonal_correlation": 0.14020947310330223,
      "residual_autocorr_lag1": 0.008995312724015462,
      "spectral_entropy": 522.0731819079747
    },
    "min": {
      "trend_strength": 0.2866349426703604,
      "trend_linearity": 0.0003320584121664784,
      "seasonal_strength": 0.22755923538096856,
      "seasonal_correlation": 0.15849017828136497,
      "residual_autocorr_lag1": 0.9547678129128786,
      "spectral_entropy": 25291.40219477121
    },
    "max": {
      "trend_strength": 0.6001162744902198,
      "trend_linearity": 0.0010111098485201977,
      "seasonal_strength": 0.5293295654758818,
      "seasonal_correlation": 0.6260835562527014,
      "residual_autocorr_lag1": 0.9879859108493475,
      "spectral_entropy": 27281.160244278286
    }
  }
}