{
  "model": "chronos2",
  "dataset": "ETTm1",
  "method": "BM",
  "ratio": 0.2,
  "term": "long",
  "imputation_method": "backward",
  "n_windows": 20,
  "period": 1440,
  "inject_range": {
    "dataset_name": "ETTm1",
    "term": "long",
    "frequency": "T",
    "prediction_length": 720,
    "windows": 20,
    "max_context": 8192,
    "start_index": 47088,
    "end_index": 68960,
    "injection_length": 21872,
    "total_length": 69680
  },
  "summary": {
    "mean": {
      "trend_strength": 0.402939643055283,
      "trend_linearity": 0.00034797171316441216,
      "seasonal_strength": 0.3267951491498244,
      "seasonal_correlation": 0.48673198781877236,
      "residual_autocorr_lag1": 0.978437536756514,
      "spectral_entropy": 24708.507684373246
    },
    "std": {
      "trend_strength": 0.1707588627930423,
      "trend_linearity": 0.0005119579309980629,
      "seasonal_strength": 0.14158699353711546,
      "seasonal_correlation": 0.1316638581266614,
      "residual_autocorr_lag1": 0.008698904255410417,
      "spectral_entropy": 464.4516377261517
    },
    "min": {
      "trend_strength": 0.07272452278831854,
      "trend_linearity": -0.0007081201469968686,
      "seasonal_strength": 0.07853583409174658,
      "seasonal_correlation": 0.15150381594614623,
      "residual_autocorr_lag1": 0.9552888246395883,
      "spectral_entropy": 24073.92662992109
    },
    "max": {
      "trend_strength": 0.6736628681151962,
      "trend_linearity": 0.0009478579002994389,
      "seasonal_strength": 0.5164115070979076,
      "seasonal_correlation": 0.6532442993128427,
      "residual_autocorr_lag1": 0.9881966208896534,
      "spectral_entropy": 25553.241525725636
    }
  }
}