{
  "model": "chronos2",
  "dataset": "ETTm1",
  "method": "BM",
  "ratio": 0.2,
  "term": "short",
  "imputation_method": "mean",
  "n_windows": 20,
  "period": 1440,
  "inject_range": {
    "dataset_name": "ETTm1",
    "term": "short",
    "frequency": "T",
    "prediction_length": 48,
    "windows": 20,
    "max_context": 8192,
    "start_index": 60528,
    "end_index": 69632,
    "injection_length": 9104,
    "total_length": 69680
  },
  "summary": {
    "mean": {
      "trend_strength": 0.2628402069197486,
      "trend_linearity": 0.00044859871913502684,
      "seasonal_strength": 0.23124420575999852,
      "seasonal_correlation": 0.6087093387600643,
      "residual_autocorr_lag1": 0.9629226400950011,
      "spectral_entropy": 26825.727142533404
    },
    "std": {
      "trend_strength": 0.06669501146417799,
      "trend_linearity": 8.342258864745668e-05,
      "seasonal_strength": 0.06362563368506563,
      "seasonal_correlation": 0.020923189124729787,
      "residual_autocorr_lag1": 0.009366647294719239,
      "spectral_entropy": 916.8810562454935
    },
    "min": {
      "trend_strength": 0.18311897846379144,
      "trend_linearity": 0.0003169643264302864,
      "seasonal_strength": 0.1529292818789627,
      "seasonal_correlation": 0.5731047304975785,
      "residual_autocorr_lag1": 0.9470056566666611,
      "spectral_entropy": 25717.95362912828
    },
    "max": {
      "trend_strength": 0.44091961495972476,
      "trend_linearity": 0.000612825829692553,
      "seasonal_strength": 0.41204838496033436,
      "seasonal_correlation": 0.6401501134782628,
      "residual_autocorr_lag1": 0.9752022062876654,
      "spectral_entropy": 28099.239804413446
    }
  }
}