{
  "model": "chronos2",
  "dataset": "ETTm1",
  "method": "BM",
  "ratio": 0.1,
  "term": "medium",
  "imputation_method": "linear",
  "n_windows": 20,
  "period": 1440,
  "inject_range": {
    "dataset_name": "ETTm1",
    "term": "medium",
    "frequency": "T",
    "prediction_length": 480,
    "windows": 20,
    "max_context": 8192,
    "start_index": 51888,
    "end_index": 69200,
    "injection_length": 17312,
    "total_length": 69680
  },
  "summary": {
    "mean": {
      "trend_strength": 0.45922041060531316,
      "trend_linearity": 0.0006700840781906015,
      "seasonal_strength": 0.4003568064398463,
      "seasonal_correlation": 0.4777623022682656,
      "residual_autocorr_lag1": 0.9739198740468563,
      "spectral_entropy": 25317.315734943826
    },
    "std": {
      "trend_strength": 0.14155012884993534,
      "trend_linearity": 0.00022680847278921544,
      "seasonal_strength": 0.11038827177964053,
      "seasonal_correlation": 0.1378757194660926,
      "residual_autocorr_lag1": 0.011214669282651088,
      "spectral_entropy": 403.79373271665884
    },
    "min": {
      "trend_strength": 0.16855913830117608,
      "trend_linearity": 0.0002823919950647426,
      "seasonal_strength": 0.1606161282146784,
      "seasonal_correlation": 0.1659084353382026,
      "residual_autocorr_lag1": 0.943556250714328,
      "spectral_entropy": 24723.00112546917
    },
    "max": {
      "trend_strength": 0.6326028319591024,
      "trend_linearity": 0.0009925856210144196,
      "seasonal_strength": 0.5581551433890948,
      "seasonal_correlation": 0.6332336491496352,
      "residual_autocorr_lag1": 0.9887461777585581,
      "spectral_entropy": 26059.88960673268
    }
  }
}