window_idx,history_start,history_end,history_length,n_series,trend_strength,trend_linearity,seasonal_strength,seasonal_correlation,residual_autocorr_lag1,spectral_entropy
0,0,8044,8044,1,0.9247731205461119,-0.00011527913104150342,0.022756236615427028,0.3421291616123079,0.9455940539395623,14586.2851295773
1,0,7324,7324,1,0.9310284988480321,-0.00019219763225759067,0.02106576291576323,0.3593221557872248,0.9434663312643179,13096.555094699535
2,0,6604,6604,1,0.9273543127700853,-0.0003817304250934778,0.005511620344457735,0.3126344698271012,0.9403326470854402,11431.997504234383
3,0,5884,5884,1,0.9383204528067448,-0.0005605723088812594,0.013960848525386704,0.31958557444101104,0.9310024790394849,9665.945687160647
4,0,5164,5164,1,0.9403637194042666,-0.0006679022664803098,0.03373352064263124,0.33408857918621265,0.9383009575835164,8479.936732573718
5,0,4444,4444,1,0.9489412260871386,-0.0007600937154657379,0.06876077035572481,0.42086069097853435,0.9299289765549691,7426.317124933397
6,0,3724,3724,1,0.9397102845752275,-0.0008218540013850659,0.05862198441544608,0.37132796038972865,0.9311696098058555,5832.384344467089
7,0,3004,3004,1,0.9386867084705178,-0.0008024922931385139,0.06193787551048413,0.3745945651363551,0.9231193343276463,4268.965525274007
