window_idx,history_start,history_end,history_length,n_series,trend_strength,trend_linearity,seasonal_strength,seasonal_correlation,residual_autocorr_lag1,spectral_entropy
0,0,8044,8044,1,0.9433081649143197,-0.00012524220587627858,0.00583887648851622,0.35957906253854444,0.9154958624307339,12061.571534618459
1,0,7324,7324,1,0.9445266483809428,-0.0002177937006879206,0.01851399257444264,0.35697440251875306,0.9354642869637878,10817.665606836805
2,0,6604,6604,1,0.9495377782754005,-0.0003979279590582664,0.011442684507810497,0.3261253780726293,0.9188071419951236,9492.520003917401
3,0,5884,5884,1,0.9524841418750639,-0.000561947885083445,0.0,0.3199398469023011,0.9147428731131488,7482.57605070946
4,0,5164,5164,1,0.9565461953341534,-0.0006637473738756602,0.04966226771671589,0.3830429439451296,0.9341611410491599,6405.881373882555
5,0,4444,4444,1,0.9662757208224141,-0.0007549514926823927,0.0926168335656784,0.39362000405572495,0.9189651118908697,5761.463723822739
6,0,3724,3724,1,0.9607989871293091,-0.0008029952019581361,0.0761427473639138,0.405974097440388,0.9224015379377197,4024.1032705021476
7,0,3004,3004,1,0.9589449263553758,-0.0008327288851826493,0.10510874224463418,0.4084681197854233,0.9260832340007125,3073.7928104768835
