window_idx,history_start,history_end,history_length,n_series,trend_strength,trend_linearity,seasonal_strength,seasonal_correlation,residual_autocorr_lag1,spectral_entropy
0,0,8044,8044,1,0.8970319577829559,-0.00011314508105020419,0.0,0.322147389950916,0.932318443419459,15167.654542034608
1,0,7324,7324,1,0.9000607207093504,-0.00018667170390785856,0.01074487827401116,0.3776019657822585,0.9320690803483597,13528.407377790536
2,0,6604,6604,1,0.8826027947921555,-0.00034058016277014545,0.0024157595798527387,0.3607258478502265,0.9377205536229517,12128.172192945245
3,0,5884,5884,1,0.916850121347066,-0.0004521065902329401,0.009239006315175269,0.3775783203001526,0.9218558130600578,10848.06209709985
4,0,5164,5164,1,0.9305465881046424,-0.0005566044740506214,0.025474523912262126,0.4334077046450657,0.9248050909884085,8925.370123457258
5,0,4444,4444,1,0.936587975759481,-0.0006130957101593595,0.04805560519922569,0.42682443538959397,0.9152784554224465,7802.141079083949
6,0,3724,3724,1,0.9297898404161788,-0.0006213797385133034,0.05895825544093247,0.3935438391038971,0.9157370349962743,6015.247052459281
7,0,3004,3004,1,0.924896631326485,-0.0006235403589713251,0.054059354881347055,0.43140165398954317,0.9171658147761712,4405.5897753754925
