window_idx,history_start,history_end,history_length,n_series,trend_strength,trend_linearity,seasonal_strength,seasonal_correlation,residual_autocorr_lag1,spectral_entropy
0,0,8044,8044,1,0.9427832574076791,-0.00014329562234378161,0.0,0.3035729445801785,0.9429418072921937,11289.947870603259
1,0,7324,7324,1,0.9511724741023451,-0.00023585630615444956,0.0133085476377226,0.3583794328653728,0.9437447134925898,9899.318803668199
2,0,6604,6604,1,0.9483761725692409,-0.0004205802884805159,0.011034013180497793,0.3450030889988788,0.9463315032897116,8802.801469485572
3,0,5884,5884,1,0.9619330241903079,-0.0005706170609403283,0.027803666242444347,0.36347454944885615,0.9409810897455774,7772.929844759546
4,0,5164,5164,1,0.9580478110106778,-0.0006774047771051827,0.03849263071001097,0.42307410318159855,0.9498537137674773,6819.78886443824
5,0,4444,4444,1,0.9661338590855655,-0.00076957139969723,0.07442328495001893,0.43393676507371304,0.9474153322650312,6091.338534949857
6,0,3724,3724,1,0.9605920531640589,-0.0008468961280180151,0.06752226006321194,0.40325573568298895,0.9487261303307205,4347.76818829291
7,0,3004,3004,1,0.9574019029128715,-0.0008628810567129115,0.07478935425471267,0.42971083394416343,0.9544278471075935,2628.9867297078185
