window_idx,history_start,history_end,history_length,n_series,trend_strength,trend_linearity,seasonal_strength,seasonal_correlation,residual_autocorr_lag1,spectral_entropy
0,0,8044,8044,1,0.9341363614877074,-0.00013620666173288503,0.0,0.39465561398757143,0.9341851480984935,7814.052244535151
1,0,7324,7324,1,0.9396751625200888,-0.00022861038113827588,0.0,0.36256725975047105,0.9435842053614794,6847.380945134907
2,0,6604,6604,1,0.942487215920906,-0.00041016593573023244,0.0,0.36507140837868185,0.9371470372874938,5968.7160873755865
3,0,5884,5884,1,0.9565378752313364,-0.0005603627078857265,0.0,0.34491937281765894,0.9300258698923966,5604.347858809198
4,0,5164,5164,1,0.962838520175374,-0.0006671209026521,0.07969636437782979,0.4103955887741851,0.9610577243919239,5161.919086389548
5,0,4444,4444,1,0.9705685194561776,-0.0007622155298508956,0.1103657516136759,0.4013231885277582,0.9445985443970316,5063.265038707127
6,0,3724,3724,1,0.9686943178576739,-0.0008162785878486431,0.11510610437073243,0.4089565443097271,0.9333685948727948,2233.714949686221
7,0,3004,3004,1,0.9637188992020643,-0.0008664872281451175,0.10526906072359721,0.3848540160828111,0.9597957110823391,1093.3334990372623
