window_idx,history_start,history_end,history_length,n_series,trend_strength,trend_linearity,seasonal_strength,seasonal_correlation,residual_autocorr_lag1,spectral_entropy
0,0,8044,8044,1,0.8372929691725735,-8.696372980418907e-05,0.0018087034192257878,0.2773136120702179,0.9295527305472159,17474.018842338854
1,0,7324,7324,1,0.8485190195340603,-0.0001379290896937418,0.0,0.2917061668217815,0.9248688328030977,15728.445257201516
2,0,6604,6604,1,0.8566121802879697,-0.0002654326033983363,0.0,0.26518966863198207,0.9174045109770059,13891.9072998206
3,0,5884,5884,1,0.8791429954943994,-0.00037003729006093467,0.008383189534670099,0.25579922386387,0.9074531486052096,12213.142375895906
4,0,5164,5164,1,0.8939826324941677,-0.000443696046712484,0.02680327016515638,0.26982422357261443,0.9001649936105245,10517.893930911257
5,0,4444,4444,1,0.8957527711410461,-0.0005065476541768859,0.03382799371166134,0.28727309075004476,0.9041348651015956,8838.799640859696
6,0,3724,3724,1,0.8917565734828562,-0.0005277225007017423,0.03149839720267433,0.23641500073058228,0.9032400288727513,6958.229615866554
7,0,3004,3004,1,0.8997202935396553,-0.0005739962627458368,0.037656735165256694,0.3181190389655485,0.9000000115195438,5248.804758929526
