window_idx,history_start,history_end,history_length,n_series,trend_strength,trend_linearity,seasonal_strength,seasonal_correlation,residual_autocorr_lag1,spectral_entropy
0,0,8044,8044,1,0.9465408328539503,-0.00013573018745279312,0.0061345089321808155,0.35098770257241896,0.9531059714283571,7470.22549699857
1,0,7324,7324,1,0.9396642275730267,-0.00022983560504981205,0.00348401310244284,0.37790615075207745,0.9587335246036656,6439.95223613437
2,0,6604,6604,1,0.9346934125989066,-0.0004129888090104997,0.0,0.36979911373988733,0.9658818177060965,5750.13059861693
3,0,5884,5884,1,0.9556671786538009,-0.000562428834167487,0.013619253943977783,0.3506401240325278,0.9596165051442621,5375.065668177896
4,0,5164,5164,1,0.9565878195931917,-0.000662975806633076,0.03528421145046157,0.3761735424875529,0.9693650430548028,5306.083594573487
5,0,4444,4444,1,0.9708150529207451,-0.0007513869682029406,0.08662229790542697,0.41449831621409144,0.9618505756907882,5010.030454437678
6,0,3724,3724,1,0.9652574856990751,-0.0007963931478379129,0.08188525632089638,0.38218666518267014,0.9615637193887758,2075.695066810324
7,0,3004,3004,1,0.9631196741237399,-0.0008213671169117808,0.09261876966107763,0.4320803640483372,0.9640754878776769,963.6693116277993
