{
  "model": "chronos2",
  "dataset": "NE_China_Wind_H",
  "method": "BM",
  "ratio": 0.2,
  "term": "long",
  "imputation_method": "mean",
  "n_windows": 8,
  "period": 24,
  "inject_range": {
    "dataset_name": "NE_China_Wind_H",
    "term": "long",
    "frequency": "H",
    "prediction_length": 720,
    "windows": 8,
    "max_context": 8192,
    "start_index": 0,
    "end_index": 8044,
    "injection_length": 8044,
    "total_length": 8764
  },
  "summary": {
    "mean": {
      "trend_strength": 0.9147958287797894,
      "trend_linearity": -0.0004383904774569698,
      "seasonal_strength": 0.026118422950350814,
      "seasonal_correlation": 0.3904038946264567,
      "residual_autocorr_lag1": 0.924618785829266,
      "spectral_entropy": 9852.580530030778
    },
    "std": {
      "trend_strength": 0.01810773579252118,
      "trend_linearity": 0.00019077601849441282,
      "seasonal_strength": 0.02265516965369451,
      "seasonal_correlation": 0.03663089648714694,
      "residual_autocorr_lag1": 0.008029560311506772,
      "spectral_entropy": 3489.087869951446
    },
    "min": {
      "trend_strength": 0.8826027947921555,
      "trend_linearity": -0.0006235403589713251,
      "seasonal_strength": 0.0,
      "seasonal_correlation": 0.322147389950916,
      "residual_autocorr_lag1": 0.9152784554224465,
      "spectral_entropy": 4405.5897753754925
    },
    "max": {
      "trend_strength": 0.936587975759481,
      "trend_linearity": -0.00011314508105020419,
      "seasonal_strength": 0.05895825544093247,
      "seasonal_correlation": 0.4334077046450657,
      "residual_autocorr_lag1": 0.9377205536229517,
      "spectral_entropy": 15167.654542034608
    }
  }
}