window_idx,history_start,history_end,history_length,n_series,trend_strength,trend_linearity,seasonal_strength,seasonal_correlation,residual_autocorr_lag1,spectral_entropy
0,0,8044,8044,1,0.9348934149736784,-0.00012707615008398983,0.0,0.38100519758306217,0.9525953863370877,11376.017845674385
1,0,7324,7324,1,0.9326351351419242,-0.00021658041362519707,0.0,0.37837428279348867,0.956282978491509,10315.057464787371
2,0,6604,6604,1,0.9379481935557118,-0.00040385308794456436,0.0,0.370091322089127,0.9529434118563254,8956.304090857604
3,0,5884,5884,1,0.9486935582919684,-0.0005555063586212752,0.00372426930876979,0.37126802849607776,0.9515876716797236,7838.043298994762
4,0,5164,5164,1,0.9539164656927003,-0.0006536167117982477,0.031721034705545326,0.4219224574267909,0.9567077191217693,7121.472938674028
5,0,4444,4444,1,0.9617154999673135,-0.0007328649557915751,0.06102006152322359,0.4015928058832667,0.9453948158769926,6179.348383991061
6,0,3724,3724,1,0.9534510324325134,-0.0007402677948329636,0.059548933679641425,0.36891953222243457,0.9444524906370604,4449.8870492196875
7,0,3004,3004,1,0.9543386881539812,-0.0007647676951141823,0.08258520470331365,0.40100568296435063,0.9528559852863463,2696.458767660035
