{
  "model": "chronos2",
  "dataset": "OpenElectricity_NEM_5T",
  "method": "BM",
  "ratio": 0.2,
  "term": "long",
  "imputation_method": "forward",
  "n_windows": 20,
  "period": 288,
  "inject_range": {
    "dataset_name": "OpenElectricity_NEM_5T",
    "term": "long",
    "frequency": "5T",
    "prediction_length": 720,
    "windows": 20,
    "max_context": 8192,
    "start_index": 20896,
    "end_index": 42768,
    "injection_length": 21872,
    "total_length": 43488
  },
  "summary": {
    "mean": {
      "trend_strength": 0.3318103374504981,
      "trend_linearity": -0.05075828656499687,
      "seasonal_strength": 0.7706306695651148,
      "seasonal_correlation": 0.9152109442664909,
      "residual_autocorr_lag1": 0.951283585973474,
      "spectral_entropy": 71698.39568216047
    },
    "std": {
      "trend_strength": 0.1242638200477645,
      "trend_linearity": 0.0779065888211103,
      "seasonal_strength": 0.022802331397539687,
      "seasonal_correlation": 0.047075649087397864,
      "residual_autocorr_lag1": 0.008138727888778593,
      "spectral_entropy": 733.1351674142747
    },
    "min": {
      "trend_strength": 0.18845520139753447,
      "trend_linearity": -0.18690463853450906,
      "seasonal_strength": 0.7164254428173782,
      "seasonal_correlation": 0.8276458572673947,
      "residual_autocorr_lag1": 0.9378953064756377,
      "spectral_entropy": 70314.11496333411
    },
    "max": {
      "trend_strength": 0.5756168679652044,
      "trend_linearity": 0.061292925100125906,
      "seasonal_strength": 0.8227738396742987,
      "seasonal_correlation": 0.9713750247120211,
      "residual_autocorr_lag1": 0.9694092500406679,
      "spectral_entropy": 72453.03264314214
    }
  }
}