window_idx,history_start,history_end,history_length,n_series,trend_strength,trend_linearity,seasonal_strength,seasonal_correlation,residual_autocorr_lag1,spectral_entropy
0,0,1677,1677,1,0.13497500598025802,0.2646694450360616,0.0893729817099771,0.01069747310511241,-0.020871187095055387,20075.18830179526
1,0,1227,1227,1,0.16835546663999446,1.470438341622962,0.10050757010646627,0.033096034401826735,-0.010542103215325565,14493.760462898636
2,0,777,777,1,0.015558396855414935,-0.7010730370275129,0.09456627884640478,0.05625582664196315,-0.052572831745160746,8916.988697735304
