window_idx,history_start,history_end,history_length,n_series,trend_strength,trend_linearity,seasonal_strength,seasonal_correlation,residual_autocorr_lag1,spectral_entropy
0,0,1557,1557,1,0.6597267514585321,8.37503473954349,0.6584072268969874,0.6567077576627577,0.04075609161569021,19929.21216077924
1,0,1107,1107,1,0.6391585538641559,18.45035523063263,0.626914351498784,0.6450299544948379,0.036153466517822704,13900.961390977644
2,0,657,657,1,0.32418660053162873,-1.5809179263528832,0.6121740580465529,0.683115229952935,0.05638210327244533,7986.745302165195
