metric,value
eval_data,datasets\Impute\MCAR_015\zero\electricity_MCAR_015_long.csv
clean_data,datasets\ori\electricity.csv
freq,H
term,long
prediction_length,720
windows,4
MSE[mean],176470.6
MSE[0.5],174046.6
MAE[0.5],323.1860026041667
MASE[0.5],1.1166000944473569
MAPE[0.5],0.09462938308715821
sMAPE[0.5],0.10106795428291308
MSIS,8.403780438428061
RMSE[mean],420.08403921120356
NRMSE[mean],0.13050146643778823
ND[0.5],0.10039954707921157
mean_weighted_sum_quantile_loss,0.08082813399482358
