metric,value
eval_data,datasets\Impute\MCAR_015\zero\ETTm2_MCAR_015_long.csv
clean_data,datasets\ori\ETTm2.csv
freq,T
term,long
prediction_length,720
windows,10
MSE[mean],74.41717881944444
MSE[0.5],73.39829861111112
MAE[0.5],7.239880642361111
MASE[0.5],1.210443244879584
MAPE[0.5],0.20770209418402777
sMAPE[0.5],0.23554725520694414
MSIS,8.20985732799271
RMSE[mean],8.626539214508009
NRMSE[mean],0.26059714703105014
ND[0.5],0.21870789586994704
mean_weighted_sum_quantile_loss,0.1715415360942944
