metric,value
eval_data,datasets\Impute\MCAR_015\zero\ETTm1_MCAR_015_long.csv
clean_data,datasets\ori\ETTm1.csv
freq,T
term,long
prediction_length,720
windows,10
MSE[mean],7.972834201388889
MSE[0.5],7.912909071180556
MAE[0.5],2.1865110948350694
MASE[0.5],0.5885758133465324
MAPE[0.5],0.2228155517578125
sMAPE[0.5],0.23801884708239898
MSIS,5.156175241951704
RMSE[mean],2.823620760900601
NRMSE[mean],0.2936824577455396
ND[0.5],0.22741720882312877
mean_weighted_sum_quantile_loss,0.18405810774722875
