metric,value
eval_data,datasets\Impute\MCAR_015\zero\ETTm1_MCAR_015_medium.csv
clean_data,datasets\ori\ETTm1.csv
freq,T
term,medium
prediction_length,480
windows,15
MSE[mean],9.274899088541666
MSE[0.5],9.242996961805556
MAE[0.5],2.4172569444444445
MASE[0.5],0.6502405014778972
MAPE[0.5],0.2559869893391927
sMAPE[0.5],0.26611612111454824
MSIS,5.598427598894819
RMSE[mean],3.04547189915482
NRMSE[mean],0.3167570109710809
ND[0.5],0.25141689361304004
mean_weighted_sum_quantile_loss,0.2039062627581203
