metric,value
eval_data,datasets\Impute\MCAR_015\zero\ETTm2_MCAR_015_short.csv
clean_data,datasets\ori\ETTm2.csv
freq,T
term,short
prediction_length,48
windows,20
MSE[mean],49.56971842447917
MSE[0.5],32.07456868489583
MAE[0.5],4.784259033203125
MASE[0.5],0.8030524628908245
MAPE[0.5],0.1256457010904948
sMAPE[0.5],0.13340590915935724
MSIS,9.032277593415172
RMSE[mean],7.0405765690374515
NRMSE[mean],0.1896139659445761
ND[0.5],0.12884773292307652
mean_weighted_sum_quantile_loss,0.10828787286454308
