metric,value
eval_data,datasets\Impute\MCAR_015\zero\traffic_MCAR_015_short.csv
clean_data,datasets\ori\traffic.csv
freq,H
term,short
prediction_length,48
windows,20
MSE[mean],0.00010321287748714288
MSE[0.5],0.00010494234350820383
MAE[0.5],0.007143000264962515
MASE[0.5],1.4903589066432208
MAPE[0.5],0.20544536908467612
sMAPE[0.5],0.203980247021085
MSIS,10.142067480134047
RMSE[mean],0.010159373872790728
NRMSE[mean],0.2679719275950518
ND[0.5],0.18840959824703948
mean_weighted_sum_quantile_loss,0.14880994585059512
