metric,value
model,sundial
eval_data,data\datasets\Imputed\BM\BM_020\ETTh2_BM_020_short_backward.csv
clean_data,data\datasets\ori\ETTh2.csv
freq,H
term,short
prediction_length,48
windows,20
MSE[mean],22.871649169921874
MSE[0.5],23.15953369140625
MAE[0.5],3.677252197265625
MASE[0.5],1.19325783296169
MAPE[0.5],0.10190588633219401
sMAPE[0.5],0.10337921778361002
MSIS,20.26813047733013
RMSE[mean],4.782431303209893
NRMSE[mean],0.13585368971749023
ND[0.5],0.10445906011968872
mean_weighted_sum_quantile_loss,0.09172695036104
