metric,value
model,sundial
eval_data,data\datasets\Imputed\BM\BM_020\current_velocity_5T_BM_020_long_backward.csv
clean_data,data\datasets\ori\current_velocity_5T.csv
freq,5T
term,long
prediction_length,720
windows,20
MSE[mean],0.0727317386203342
MSE[0.5],0.07256927490234374
MAE[0.5],0.21455257839626737
MASE[0.5],1.587601703795039
MAPE[0.5],0.002101632356643677
sMAPE[0.5],0.0021010686291588676
MSIS,15.3744069712065
RMSE[mean],0.26968822484553195
NRMSE[mean],0.002640995392994094
ND[0.5],0.0021010645586179884
mean_weighted_sum_quantile_loss,0.0017105312779558419
