metric,value
model,sundial
eval_data,data\datasets\Imputed\BM\BM_020\current_velocity_15T_BM_020_long_backward.csv
clean_data,data\datasets\ori\current_velocity_15T.csv
freq,15T
term,long
prediction_length,720
windows,15
MSE[mean],0.11133011429398149
MSE[0.5],0.11439416956018518
MAE[0.5],0.21642829047309028
MASE[0.5],2.1477527335124686
MAPE[0.5],0.01652332447193287
sMAPE[0.5],0.016808211715133102
MSIS,32.64901896569548
RMSE[mean],0.33366167639389077
NRMSE[mean],0.026310367962537468
ND[0.5],0.017066113259971046
mean_weighted_sum_quantile_loss,0.014546339612171602
