metric,value
model,sundial
eval_data,data\datasets\Imputed\BM\BM_020\Coastal_T_S_20T_BM_020_long_forward.csv
clean_data,data\datasets\ori\Coastal_T_S_20T.csv
freq,20T
term,long
prediction_length,720
windows,7
MSE[mean],1.3132947164868551
MSE[0.5],1.1105197482638889
MAE[0.5],0.8688034784226191
MASE[0.5],9.659924881415206
MAPE[0.5],0.048215057736351374
sMAPE[0.5],0.0500155524602012
MSIS,150.62008619161332
RMSE[mean],1.1459907139618781
NRMSE[mean],0.06313346003190456
ND[0.5],0.04786301408232764
mean_weighted_sum_quantile_loss,0.042001145039988454
