metric,value
model,sundial
eval_data,data\datasets\Imputed\BM\BM_030\traffic_BM_030_short_forward.csv
clean_data,data\datasets\ori\traffic.csv
freq,H
term,short
prediction_length,48
windows,20
MSE[mean],0.0008637946099042893
MSE[0.5],0.0009395450974504153
MAE[0.5],0.022900688648223876
MASE[0.5],4.775699069708908
MAPE[0.5],1.6046892801920574
sMAPE[0.5],0.617199961344401
MSIS,74.83022752559903
RMSE[mean],0.029390382949262318
NRMSE[mean],0.7752247008808157
ND[0.5],0.6040472333392867
mean_weighted_sum_quantile_loss,0.5213887674168045
