metric,value
model,sundial
eval_data,data\datasets\Imputed\BM\BM_030\Coastal_T_S_20T_BM_030_long_forward.csv
clean_data,data\datasets\ori\Coastal_T_S_20T.csv
freq,20T
term,long
prediction_length,720
windows,7
MSE[mean],1.4542616102430554
MSE[0.5],1.3260318816654266
MAE[0.5],0.9040073939732143
MASE[0.5],10.016349001233756
MAPE[0.5],0.05007763514443049
sMAPE[0.5],0.05225216699024988
MSIS,156.82524797204283
RMSE[mean],1.2059276969383594
NRMSE[mean],0.06643543191795642
ND[0.5],0.04980242333608707
mean_weighted_sum_quantile_loss,0.04383643444556176
