metric,value
model,sundial
eval_data,data\datasets\Imputed\BM\BM_020\Water_Quality_Darwin_15T_BM_020_long_forward.csv
clean_data,data\datasets\ori\Water_Quality_Darwin_15T.csv
freq,15T
term,long
prediction_length,720
windows,16
MSE[mean],16.835329861111113
MSE[0.5],16.638001844618056
MAE[0.5],2.957229953342014
MASE[0.5],2.4620197726615656
MAPE[0.5],0.01771546204884847
sMAPE[0.5],0.01772046618991428
MSIS,35.98300708190136
RMSE[mean],4.103087844673949
NRMSE[mean],0.024589074607455935
ND[0.5],0.017722152365935644
mean_weighted_sum_quantile_loss,0.015052668989947468
