metric,value
model,sundial
eval_data,data\datasets\Imputed\BM\BM_010\ETTm1_BM_010_short_forward.csv
clean_data,data\datasets\ori\ETTm1.csv
freq,T
term,short
prediction_length,48
windows,20
MSE[mean],1.9975491841634114
MSE[0.5],2.058813985188802
MAE[0.5],0.883133061726888
MASE[0.5],0.2425459098301924
MAPE[0.5],0.12784500122070314
sMAPE[0.5],0.10832200845082601
MSIS,4.170678352724396
RMSE[mean],1.4133468025093527
NRMSE[mean],0.1650688914402112
ND[0.5],0.10314368365544332
mean_weighted_sum_quantile_loss,0.09017788470679713
