metric,value
model,sundial
eval_data,data\datasets\Imputed\BM\BM_020\weather_BM_020_medium_linear.csv
clean_data,data\datasets\ori\weather.csv
freq,10T
term,medium
prediction_length,480
windows,20
MSE[mean],297.8154427083333
MSE[0.5],299.1176041666667
MAE[0.5],13.303909505208333
MASE[0.5],0.42765649019019747
MAPE[0.5],0.03002505620320638
sMAPE[0.5],0.030045522054036457
MSIS,4.85530836182805
RMSE[mean],17.2573301152969
NRMSE[mean],0.0393968912521119
ND[0.5],0.030371597025894474
mean_weighted_sum_quantile_loss,0.025184763072533374
