metric,value
model,sundial
eval_data,data\datasets\Imputed\BM\BM_010\current_velocity_15T_BM_010_long_linear.csv
clean_data,data\datasets\ori\current_velocity_15T.csv
freq,15T
term,long
prediction_length,720
windows,15
MSE[mean],0.10505715829354745
MSE[0.5],0.10664748580367477
MAE[0.5],0.22166273328993055
MASE[0.5],2.1888362326732977
MAPE[0.5],0.017040730229130496
sMAPE[0.5],0.01724696124041522
MSIS,33.48114318111881
RMSE[mean],0.32412522008252836
NRMSE[mean],0.02555838566321458
ND[0.5],0.017478867035227358
mean_weighted_sum_quantile_loss,0.014811231168281687
