metric,value
model,sundial
eval_data,data\datasets\Imputed\BM\BM_020\current_velocity_5T_BM_020_long_linear.csv
clean_data,data\datasets\ori\current_velocity_5T.csv
freq,5T
term,long
prediction_length,720
windows,20
MSE[mean],0.04349396599663628
MSE[0.5],0.04349300808376736
MAE[0.5],0.16506642659505208
MASE[0.5],1.2196224198841727
MAPE[0.5],0.0016168403625488282
sMAPE[0.5],0.001616323921415541
MSIS,11.146164147299668
RMSE[mean],0.2085520702286033
NRMSE[mean],0.002042302948112001
ND[0.5],0.0016164579392564191
mean_weighted_sum_quantile_loss,0.001307348760770373
