metric,value
model,sundial
eval_data,data\datasets\Imputed\BM\BM_020\ETTh2_BM_020_short_linear.csv
clean_data,data\datasets\ori\ETTh2.csv
freq,H
term,short
prediction_length,48
windows,20
MSE[mean],23.901731363932292
MSE[0.5],24.002998860677085
MAE[0.5],3.6930872599283853
MASE[0.5],1.1984970465924005
MAPE[0.5],0.10239375432332357
sMAPE[0.5],0.10307172139485678
MSIS,22.984450736874297
RMSE[mean],4.888939697309866
NRMSE[mean],0.13887925504336418
ND[0.5],0.10490888397564244
mean_weighted_sum_quantile_loss,0.09326144372259064
