metric,value
model,sundial
eval_data,data\datasets\Imputed\BM\BM_010\ETTh1_BM_010_medium_mean.csv
clean_data,data\datasets\ori\ETTh1.csv
freq,H
term,medium
prediction_length,480
windows,20
MSE[mean],12.923033854166667
MSE[0.5],12.813002115885416
MAE[0.5],2.904024454752604
MASE[0.5],1.235493195522494
MAPE[0.5],0.4877571957236842
sMAPE[0.5],0.3519205729166667
MSIS,14.752472840467998
RMSE[mean],3.594862146754263
NRMSE[mean],0.34729294806421185
ND[0.5],0.2805524031157069
mean_weighted_sum_quantile_loss,0.2373668619038557
