metric,value
model,sundial
eval_data,data\datasets\Imputed\BM\BM_030\ETTm1_BM_030_short_mean.csv
clean_data,data\datasets\ori\ETTm1.csv
freq,T
term,short
prediction_length,48
windows,20
MSE[mean],22.802628580729166
MSE[0.5],24.183646647135415
MAE[0.5],4.568398030598958
MASE[0.5],1.254630098209536
MAPE[0.5],0.619331423441569
sMAPE[0.5],0.4375319480895996
MSIS,29.93270522452013
RMSE[mean],4.7752097944204674
NRMSE[mean],0.5577106664549228
ND[0.5],0.5335565179259135
mean_weighted_sum_quantile_loss,0.5085438247628491
