metric,value
model,sundial
eval_data,data\datasets\Imputed\BM\BM_030\Coastal_T_S_20T_BM_030_long_mean.csv
clean_data,data\datasets\ori\Coastal_T_S_20T.csv
freq,20T
term,long
prediction_length,720
windows,7
MSE[mean],1.2683101593501984
MSE[0.5],1.1841646709139384
MAE[0.5],0.9492185562375992
MASE[0.5],10.33181914757916
MAPE[0.5],0.051455028473384797
sMAPE[0.5],0.05321844797285776
MSIS,115.05582891524956
RMSE[mean],1.1261927718424578
NRMSE[mean],0.06204277703396889
ND[0.5],0.052293139073168904
mean_weighted_sum_quantile_loss,0.04388346287807715
