metric,value
model,sundial
eval_data,data\datasets\Imputed\BM\BM_010\Finland_Traffic_15T_BM_010_long_mean.csv
clean_data,data\datasets\ori\Finland_Traffic_15T.csv
freq,15T
term,long
prediction_length,720
windows,20
MSE[mean],1849.620138888889
MSE[0.5],1834.5906944444444
MAE[0.5],30.012122395833334
MASE[0.5],0.7261229793344327
MAPE[0.5],0.4015861575895338
sMAPE[0.5],0.3176092529296875
MSIS,8.708241674358332
RMSE[mean],43.00721031279394
NRMSE[mean],0.2773370206155262
ND[0.5],0.19353667785173287
mean_weighted_sum_quantile_loss,0.16013398660946682
