metric,value
model,sundial
eval_data,data\datasets\Imputed\BM\BM_010\Coastal_T_S_5T_BM_010_long_mean.csv
clean_data,data\datasets\ori\Coastal_T_S_5T.csv
freq,5T
term,long
prediction_length,720
windows,20
MSE[mean],561.4473611111111
MSE[0.5],562.6612152777777
MAE[0.5],11.721949869791667
MASE[0.5],0.395167624658168
MAPE[0.5],0.3947493828667535
sMAPE[0.5],0.2607688903808594
MSIS,5.2818063842105545
RMSE[mean],23.694880483157352
NRMSE[mean],0.8715770890687041
ND[0.5],0.4311725882299505
mean_weighted_sum_quantile_loss,0.37332018472095096
