metric,value
model,sundial
eval_data,data\datasets\Imputed\BM\BM_020\NE_China_Wind_H_BM_020_long_mean.csv
clean_data,data\datasets\ori\NE_China_Wind_H.csv
freq,H
term,long
prediction_length,720
windows,8
MSE[mean],0.8523443433973524
MSE[0.5],0.8620193481445313
MAE[0.5],0.7225898742675781
MASE[0.5],1.5611466308721527
MAPE[0.5],1.918388875325521
sMAPE[0.5],1.0612469143337673
MSIS,15.630612314478723
RMSE[mean],0.9232249690066622
NRMSE[mean],0.9817307799511416
ND[0.5],0.7683812122334266
mean_weighted_sum_quantile_loss,0.6306831336795526
