metric,value
model,sundial
eval_data,data\datasets\Imputed\BM\BM_020\current_velocity_5T_BM_020_long_mean.csv
clean_data,data\datasets\ori\current_velocity_5T.csv
freq,5T
term,long
prediction_length,720
windows,20
MSE[mean],0.06282462649875217
MSE[0.5],0.06216977437337239
MAE[0.5],0.20068313598632812
MASE[0.5],1.4840108069322266
MAPE[0.5],0.0019658670160505507
sMAPE[0.5],0.001965181032816569
MSIS,14.580416880229123
RMSE[mean],0.2506484121209472
NRMSE[mean],0.0024545428412822068
ND[0.5],0.0019652442663934152
mean_weighted_sum_quantile_loss,0.0016051014885872608
