metric,value
model,sundial
eval_data,data\datasets\Imputed\BM\BM_030\Coastal_T_S_5T_BM_030_long_mean.csv
clean_data,data\datasets\ori\Coastal_T_S_5T.csv
freq,5T
term,long
prediction_length,720
windows,20
MSE[mean],631.1413194444444
MSE[0.5],595.5952083333333
MAE[0.5],16.085240885416667
MASE[0.5],0.5371448389030282
MAPE[0.5],0.6737360975477431
sMAPE[0.5],0.44976155598958334
MSIS,5.945673651295964
RMSE[mean],25.12252613580976
NRMSE[mean],0.9240906792108804
ND[0.5],0.5916690501074963
mean_weighted_sum_quantile_loss,0.5022773372851944
