metric,value
eval_data,datasets\Impute\MCAR_015\forward\ETTm2_MCAR_015_long.csv
clean_data,datasets\ori\ETTm2.csv
freq,T
term,long
prediction_length,720
windows,10
MSE[mean],25.787595486111112
MSE[0.5],26.060028211805555
MAE[0.5],3.9772330729166665
MASE[0.5],0.6651674597786064
MAPE[0.5],0.12357692294650607
sMAPE[0.5],0.12201846756614117
MSIS,6.272748165707577
RMSE[mean],5.0781488247304365
NRMSE[mean],0.1534046345837316
ND[0.5],0.1201473228263452
mean_weighted_sum_quantile_loss,0.0980688634964371
