metric,value
eval_data,datasets\Impute\MCAR_015\forward\weather_MCAR_015_long.csv
clean_data,datasets\ori\weather.csv
freq,10T
term,long
prediction_length,720
windows,8
MSE[mean],184.2002170138889
MSE[0.5],174.69024522569444
MAE[0.5],10.3045166015625
MASE[0.5],0.3405907885280648
MAPE[0.5],0.02331501907772488
sMAPE[0.5],0.023259933627841765
MSIS,3.769894608864347
RMSE[mean],13.572038056750685
NRMSE[mean],0.030833058904848314
ND[0.5],0.023409878902007
mean_weighted_sum_quantile_loss,0.019433217567526775
