metric,value
eval_data,datasets\Impute\MCAR_020\linear\ETTh1_MCAR_020_short.csv
clean_data,datasets\ori\ETTh1.csv
freq,H
term,short
prediction_length,48
windows,20
MSE[mean],2.774613444010417
MSE[0.5],2.8272862752278645
MAE[0.5],1.1296619415283202
MASE[0.5],0.5214516930621801
MAPE[0.5],0.14691336949666342
sMAPE[0.5],0.12528225956721017
MSIS,5.871625993858838
RMSE[mean],1.665717096031141
NRMSE[mean],0.178378468356424
ND[0.5],0.12097334377517775
mean_weighted_sum_quantile_loss,0.10002427716009038
