metric,value
eval_data,datasets\Impute\MCAR_020\linear\traffic_MCAR_020_long.csv
clean_data,datasets\ori\traffic.csv
freq,H
term,long
prediction_length,720
windows,3
MSE[mean],5.8212807333027875e-05
MSE[0.5],5.842065783562483e-05
MAE[0.5],0.004677260363543475
MASE[0.5],0.9892539382137199
MAPE[0.5],0.19163167581562646
sMAPE[0.5],0.1668012087659724
MSIS,15.40754743967813
RMSE[mean],0.007629731799547601
NRMSE[mean],0.20458878864065802
ND[0.5],0.12541922272956735
mean_weighted_sum_quantile_loss,0.10724026069678999
