metric,value
eval_data,datasets\Impute\MCAR_010\linear\electricity_MCAR_010_medium.csv
clean_data,datasets\ori\electricity.csv
freq,H
term,medium
prediction_length,480
windows,6
MSE[mean],55029.25555555556
MSE[0.5],55111.933333333334
MAE[0.5],177.60316840277778
MASE[0.5],0.6133965706609863
MAPE[0.5],0.055306630664401585
sMAPE[0.5],0.053821439399202295
MSIS,10.009490649808377
RMSE[mean],234.58315275303886
NRMSE[mean],0.07287457408130633
ND[0.5],0.055173421880251754
mean_weighted_sum_quantile_loss,0.04759740927636864
