metric,value
eval_data,datasets\Impute\MCAR_010\linear\ETTm2_MCAR_010_long.csv
clean_data,datasets\ori\ETTm2.csv
freq,T
term,long
prediction_length,720
windows,10
MSE[mean],25.774791666666665
MSE[0.5],26.098051215277778
MAE[0.5],3.989682074652778
MASE[0.5],0.667181056713132
MAPE[0.5],0.12305245293511284
sMAPE[0.5],0.12249066764919662
MSIS,5.692103428145437
RMSE[mean],5.076887990360499
NRMSE[mean],0.1533665463270722
ND[0.5],0.12052339186807158
mean_weighted_sum_quantile_loss,0.09764416232508856
