metric,value
eval_data,datasets\Impute\MCAR_015\mean\electricity_MCAR_015_long.csv
clean_data,datasets\ori\electricity.csv
freq,H
term,long
prediction_length,720
windows,4
MSE[mean],85259.11111111111
MSE[0.5],84395.41111111111
MAE[0.5],233.65581597222223
MASE[0.5],0.8068318563945124
MAPE[0.5],0.07461604012383355
sMAPE[0.5],0.07108558516025326
MSIS,10.001822130802687
RMSE[mean],291.9916284949127
NRMSE[mean],0.09070883954004723
ND[0.5],0.0725864917013961
mean_weighted_sum_quantile_loss,0.06034912345637353
