metric,value
eval_data,datasets\Impute\MCAR_015\mean\ETTh2_MCAR_015_long.csv
clean_data,datasets\ori\ETTh2.csv
freq,H
term,long
prediction_length,720
windows,3
MSE[mean],71.32174479166666
MSE[0.5],70.29327256944444
MAE[0.5],6.899480523003472
MASE[0.5],2.257493218937367
MAPE[0.5],0.20922229908130788
sMAPE[0.5],0.23640800187086292
MSIS,27.238853933875074
RMSE[mean],8.44522023346145
NRMSE[mean],0.2634597272339497
ND[0.5],0.21523834860389507
mean_weighted_sum_quantile_loss,0.1826904850799872
