metric,value
eval_data,datasets\Impute\MCAR_015\mean\ETTh1_MCAR_015_short.csv
clean_data,datasets\ori\ETTh1.csv
freq,H
term,short
prediction_length,48
windows,20
MSE[mean],3.869292958577474
MSE[0.5],3.9041412353515623
MAE[0.5],1.3994378407796224
MASE[0.5],0.6458149674626784
MAPE[0.5],0.183035945892334
sMAPE[0.5],0.15171149125782862
MSIS,7.8952544270346205
RMSE[mean],1.967051844405092
NRMSE[mean],0.21064783210707913
ND[0.5],0.149863130535837
mean_weighted_sum_quantile_loss,0.12515258521008243
