metric,value
eval_data,datasets\Impute\MCAR_015\mean\ETTh1_MCAR_015_long.csv
clean_data,datasets\ori\ETTh1.csv
freq,H
term,long
prediction_length,720
windows,3
MSE[mean],9.262169053819445
MSE[0.5],9.163140190972221
MAE[0.5],2.314220287181713
MASE[0.5],1.0527888492519986
MAPE[0.5],0.32404569904654873
sMAPE[0.5],0.2748260821038894
MSIS,9.23862672572328
RMSE[mean],3.0433811877284525
NRMSE[mean],0.3291624538327303
ND[0.5],0.25029872416566523
mean_weighted_sum_quantile_loss,0.20068884437737447
