metric,value
eval_data,datasets\Impute\MCAR_015\mean\ETTm1_MCAR_015_medium.csv
clean_data,datasets\ori\ETTm1.csv
freq,T
term,medium
prediction_length,480
windows,15
MSE[mean],7.769059244791666
MSE[0.5],7.724884982638889
MAE[0.5],2.067763671875
MASE[0.5],0.55636850344293
MAPE[0.5],0.24809607611762152
sMAPE[0.5],0.2204255571146015
MSIS,7.067980472839818
RMSE[mean],2.787303220819663
NRMSE[mean],0.289905100467985
ND[0.5],0.21506638766868338
mean_weighted_sum_quantile_loss,0.1803859771028592
