metric,value
eval_data,datasets\Impute\MCAR_015\mean\exchange_rate_MCAR_015_long.csv
clean_data,datasets\ori\exchange_rate.csv
freq,D
term,long
prediction_length,450
windows,2
MSE[mean],0.0025338575575086808
MSE[0.5],0.0025154511133829755
MAE[0.5],0.03912844763861762
MASE[0.5],12.33948679045475
MAPE[0.5],0.056864017910427514
sMAPE[0.5],0.05425477904976764
MSIS,67.58674337794878
RMSE[mean],0.050337436938214096
NRMSE[mean],0.06996742357996018
ND[0.5],0.054387287801677696
mean_weighted_sum_quantile_loss,0.040823882333355564
