metric,value
eval_data,datasets\Impute\MCAR_015\mean\exchange_rate_MCAR_015_short.csv
clean_data,datasets\ori\exchange_rate.csv
freq,D
term,short
prediction_length,30
windows,20
MSE[mean],0.0003337812423706055
MSE[0.5],0.0003084477782249451
MAE[0.5],0.014068600336710611
MASE[0.5],4.432257531524791
MAPE[0.5],0.020764635403951008
sMAPE[0.5],0.02051853212234378
MSIS,30.237604503319357
RMSE[mean],0.01826968095973779
NRMSE[mean],0.026607167131151833
ND[0.5],0.020488896400827496
mean_weighted_sum_quantile_loss,0.01595837621350278
