{
  "model": "timesfm2p0",
  "dataset": "Australia_Solar_H",
  "method": "BM",
  "ratio": 0.1,
  "term": "long",
  "imputation_method": "forward",
  "n_windows": 20,
  "period": 24,
  "summary": {
    "mean": {
      "trend_strength": 0.708129868089457,
      "trend_linearity": -72.40085897611189,
      "seasonal_strength": 0.9035947188552681,
      "seasonal_correlation": 0.9119892293207832,
      "residual_autocorr_lag1": 0.8143183765999502,
      "spectral_entropy": 9529.42985459123
    },
    "std": {
      "trend_strength": 0.20431697352974293,
      "trend_linearity": 350.2478901055201,
      "seasonal_strength": 0.1979664982809472,
      "seasonal_correlation": 0.15795685168273846,
      "residual_autocorr_lag1": 0.10993375988798654,
      "spectral_entropy": 395.0568439842468
    },
    "min": {
      "trend_strength": 0.2992975992970771,
      "trend_linearity": -1033.2283926759123,
      "seasonal_strength": 0.10585849031802175,
      "seasonal_correlation": 0.334887318864399,
      "residual_autocorr_lag1": 0.530665478151747,
      "spectral_entropy": 8732.751451475076
    },
    "max": {
      "trend_strength": 0.9794190001505966,
      "trend_linearity": 385.0785733346582,
      "seasonal_strength": 0.9984182936105767,
      "seasonal_correlation": 0.9993371717310008,
      "residual_autocorr_lag1": 0.9160753739774418,
      "spectral_entropy": 10330.425499749697
    }
  }
}