{
  "model": "timesfm2p0",
  "dataset": "Australia_Solar_H",
  "method": "BM",
  "ratio": 0.1,
  "term": "long",
  "imputation_method": "linear",
  "n_windows": 20,
  "period": 24,
  "summary": {
    "mean": {
      "trend_strength": 0.635256878624395,
      "trend_linearity": -29.888487020790258,
      "seasonal_strength": 0.9255532218840319,
      "seasonal_correlation": 0.9375038723144472,
      "residual_autocorr_lag1": 0.7427170498684201,
      "spectral_entropy": 9351.194130608541
    },
    "std": {
      "trend_strength": 0.1842479412113395,
      "trend_linearity": 210.16150840721474,
      "seasonal_strength": 0.19253733848862647,
      "seasonal_correlation": 0.14756508524021678,
      "residual_autocorr_lag1": 0.12199171716650231,
      "spectral_entropy": 363.66041584209825
    },
    "min": {
      "trend_strength": 0.24484510577002827,
      "trend_linearity": -819.5509689134782,
      "seasonal_strength": 0.1296959474584216,
      "seasonal_correlation": 0.3775669176304387,
      "residual_autocorr_lag1": 0.46221727499343396,
      "spectral_entropy": 8626.035591954998
    },
    "max": {
      "trend_strength": 0.9803468646791581,
      "trend_linearity": 243.77616486832883,
      "seasonal_strength": 0.9990992800644531,
      "seasonal_correlation": 0.9992387602515572,
      "residual_autocorr_lag1": 0.8971791782008307,
      "spectral_entropy": 10325.259977615755
    }
  }
}