{
  "model": "timesfm2p0",
  "dataset": "Australia_Solar_H",
  "method": "BM",
  "ratio": 0.3,
  "term": "long",
  "imputation_method": "forward",
  "n_windows": 20,
  "period": 24,
  "summary": {
    "mean": {
      "trend_strength": 0.6375880860189437,
      "trend_linearity": -43.35013172526771,
      "seasonal_strength": 0.8376912771457368,
      "seasonal_correlation": 0.8443578061621885,
      "residual_autocorr_lag1": 0.7861325935075572,
      "spectral_entropy": 9682.507728466924
    },
    "std": {
      "trend_strength": 0.3263596747350111,
      "trend_linearity": 383.8979092674591,
      "seasonal_strength": 0.2263553140126131,
      "seasonal_correlation": 0.17270973968193207,
      "residual_autocorr_lag1": 0.10447269692729866,
      "spectral_entropy": 415.14135079784694
    },
    "min": {
      "trend_strength": 0.0,
      "trend_linearity": -1111.9055025700918,
      "seasonal_strength": 0.052732130028312674,
      "seasonal_correlation": 0.3437070167556862,
      "residual_autocorr_lag1": 0.545668653153776,
      "spectral_entropy": 8441.067231884826
    },
    "max": {
      "trend_strength": 0.9736118560718275,
      "trend_linearity": 499.81039590607196,
      "seasonal_strength": 0.9974618055280293,
      "seasonal_correlation": 0.9989325261859201,
      "residual_autocorr_lag1": 0.9161432690562379,
      "spectral_entropy": 10302.590849997914
    }
  }
}