window_idx,n_series,trend_strength,trend_linearity,seasonal_strength,seasonal_correlation,residual_autocorr_lag1,spectral_entropy
0,1,0.6234961667509689,0.013209909985649377,0.7827698012129697,0.8509963448038632,0.5915102420019981,2230.8083201401323
1,1,0.0,0.0036784059325087937,0.6291732399949496,0.9445062320426684,0.9886059208804645,2599.028734289405
