window_idx,n_series,trend_strength,trend_linearity,seasonal_strength,seasonal_correlation,residual_autocorr_lag1,spectral_entropy
0,1,0.022698727487684756,0.00031586390149220857,0.8787513231101425,0.8901911910874687,0.8886149536227329,1568.0699979979745
1,1,0.4064659612147732,-0.004190303298096767,0.6245806033914655,0.440151481740492,0.9501053237851551,1990.2894226431627
