window_idx,n_series,trend_strength,trend_linearity,seasonal_strength,seasonal_correlation,residual_autocorr_lag1,spectral_entropy
0,1,0.5528109093151041,-0.018117755811597316,0.810382895642383,0.947084359390473,0.9339901654722815,2328.83659194151
1,1,0.0,0.0009060040994854841,0.8302128980903296,0.8215732689181935,0.7912720722623168,2272.1970647858866
