{
  "model": "timesfm2p0",
  "dataset": "Coastal_T_S_5T",
  "method": "BM",
  "ratio": 0.2,
  "term": "long",
  "imputation_method": "backward",
  "n_windows": 20,
  "period": 288,
  "summary": {
    "mean": {
      "trend_strength": 0.5982404502891473,
      "trend_linearity": 0.0008755249189507716,
      "seasonal_strength": 0.9052444195773053,
      "seasonal_correlation": 0.8779915265848072,
      "residual_autocorr_lag1": 0.8632352015108327,
      "spectral_entropy": -159.8493014466446
    },
    "std": {
      "trend_strength": 0.2926194879535692,
      "trend_linearity": 0.008224985383621881,
      "seasonal_strength": 0.1294803550958923,
      "seasonal_correlation": 0.1919122909610256,
      "residual_autocorr_lag1": 0.17338208436732236,
      "spectral_entropy": 1303.831934003107
    },
    "min": {
      "trend_strength": 0.0843496242153925,
      "trend_linearity": -0.023280308825858406,
      "seasonal_strength": 0.5142567408028202,
      "seasonal_correlation": 0.2611133232800259,
      "residual_autocorr_lag1": 0.3836989084472136,
      "spectral_entropy": -1542.1621470851328
    },
    "max": {
      "trend_strength": 0.9751317788342263,
      "trend_linearity": 0.025865107796555067,
      "seasonal_strength": 0.9976549985684943,
      "seasonal_correlation": 0.992408774369235,
      "residual_autocorr_lag1": 0.9965317262546796,
      "spectral_entropy": 2932.478159940825
    }
  }
}