window_idx,n_series,trend_strength,trend_linearity,seasonal_strength,seasonal_correlation,residual_autocorr_lag1,spectral_entropy
0,1,0.6406962159933438,0.0001273298120799185,0.0,0.31533017246826617,0.9782183680393096,-371.9978966793128
1,1,0.9232084309491,-0.0007624182373142823,0.0,0.42109657534473965,0.9246526377627391,-255.32761871431887
2,1,0.8795154120047345,8.940958988105124e-05,0.3289546601513639,0.40873761284975657,0.8305137466873801,-1220.2559292504188
3,1,0.9757287836204571,-0.0006264010799814357,0.0,0.21559430402300622,0.9535212136140361,-361.5382067725643
4,1,0.980134380167128,-0.0013324450420444526,0.03997014424438372,0.17310456414509306,0.9274053576422756,-230.73477559651508
5,1,0.8836861628620031,0.0005388432727668943,0.0,0.4491317537781705,0.9034675894890416,-46.696447927778166
6,1,0.9772943021339203,-0.0019003184532167781,0.0,0.15851818514672583,0.970927608656863,125.03738723750394
