window_idx,n_series,trend_strength,trend_linearity,seasonal_strength,seasonal_correlation,residual_autocorr_lag1,spectral_entropy
0,1,0.9318016768037386,-4.4173824635462284e-05,0.0636657551874471,0.5413781976147997,0.8710788373309253,-2276.453523546577
1,1,0.8326505395909978,-3.6518957145575144e-05,0.07675390275433236,0.27390120786655514,0.9093937185765414,-2109.60840295162
2,1,0.8152363576060087,-2.73619149776058e-06,0.04763769168804122,0.23159443259420714,0.9290302198677499,-1768.6039963151416
3,1,0.9569095296586942,-6.967214711593396e-05,0.38627246401650783,0.27117560148262815,0.8092576724238704,-2481.7291778818826
4,1,0.7169048208897861,5.260782253104519e-05,0.12487381957423449,0.46821490346047145,0.8854141504095489,-1544.9596770278913
5,1,0.18958677407766766,4.543254872593309e-05,0.23758783674838435,0.7182311292292047,0.9271038074354959,-1609.8364345229893
6,1,0.9672045894267771,-0.00013715900069537738,0.36383486628242645,0.19537952225168484,0.8900978580936132,-2084.8143684750876
