{
  "model": "timesfm2p0",
  "dataset": "Coastal_T_S_H",
  "method": "BM",
  "ratio": 0.1,
  "term": "long",
  "imputation_method": "forward",
  "n_windows": 8,
  "period": 24,
  "summary": {
    "mean": {
      "trend_strength": 0.9511511716736819,
      "trend_linearity": 0.0025229251935250593,
      "seasonal_strength": 0.187984014058675,
      "seasonal_correlation": 0.17790782879338302,
      "residual_autocorr_lag1": 0.6594420702416568,
      "spectral_entropy": 889.774317131079
    },
    "std": {
      "trend_strength": 0.08258385195527047,
      "trend_linearity": 0.005462125681607853,
      "seasonal_strength": 0.16404224127400635,
      "seasonal_correlation": 0.13253802270767504,
      "residual_autocorr_lag1": 0.1204110345553067,
      "spectral_entropy": 383.84737902936024
    },
    "min": {
      "trend_strength": 0.734817425712387,
      "trend_linearity": -0.004229824102284918,
      "seasonal_strength": 0.0,
      "seasonal_correlation": 0.06743218037987025,
      "residual_autocorr_lag1": 0.47598463755449044,
      "spectral_entropy": 281.3888893294104
    },
    "max": {
      "trend_strength": 0.9934340601405132,
      "trend_linearity": 0.012641389425335142,
      "seasonal_strength": 0.5444860986967439,
      "seasonal_correlation": 0.4975316191999137,
      "residual_autocorr_lag1": 0.8444732962029344,
      "spectral_entropy": 1623.4851024951538
    }
  }
}