{
  "model": "timesfm2p0",
  "dataset": "Coastal_T_S_15T",
  "method": "clean",
  "ratio": null,
  "term": "long",
  "imputation_method": null,
  "n_windows": 20,
  "period": 96,
  "summary": {
    "mean": {
      "trend_strength": 0.7460435444148047,
      "trend_linearity": -1.8767208153613506e-06,
      "seasonal_strength": 0.1196786448522966,
      "seasonal_correlation": 0.5083678694528208,
      "residual_autocorr_lag1": 0.7092501807611754,
      "spectral_entropy": -2631.267982367729
    },
    "std": {
      "trend_strength": 0.1897426838532655,
      "trend_linearity": 1.554982156765931e-05,
      "seasonal_strength": 0.10664024731028661,
      "seasonal_correlation": 0.11708150225934348,
      "residual_autocorr_lag1": 0.2060594082976389,
      "spectral_entropy": 384.71486221852547
    },
    "min": {
      "trend_strength": 0.08235958230016438,
      "trend_linearity": -2.146723657745955e-05,
      "seasonal_strength": 0.0,
      "seasonal_correlation": 0.31994683829908926,
      "residual_autocorr_lag1": 0.2931424298562019,
      "spectral_entropy": -3311.524918257416
    },
    "max": {
      "trend_strength": 0.9756449835600972,
      "trend_linearity": 3.231519452909869e-05,
      "seasonal_strength": 0.40745553492819764,
      "seasonal_correlation": 0.7206494047863421,
      "residual_autocorr_lag1": 0.9362090381729049,
      "spectral_entropy": -2043.3697319201133
    }
  }
}