{
  "model": "timesfm2p0",
  "dataset": "Coastal_T_S_15T",
  "method": "BM",
  "ratio": 0.1,
  "term": "long",
  "imputation_method": "forward",
  "n_windows": 20,
  "period": 96,
  "summary": {
    "mean": {
      "trend_strength": 0.6794108521955525,
      "trend_linearity": -1.077354831456945e-05,
      "seasonal_strength": 0.05454533193848016,
      "seasonal_correlation": 0.550207298325177,
      "residual_autocorr_lag1": 0.81726065613343,
      "spectral_entropy": -2401.6026801496
    },
    "std": {
      "trend_strength": 0.20524164550277565,
      "trend_linearity": 4.1123644152084394e-05,
      "seasonal_strength": 0.08792912910960035,
      "seasonal_correlation": 0.1377728155110773,
      "residual_autocorr_lag1": 0.1374804672262124,
      "spectral_entropy": 475.1056357510874
    },
    "min": {
      "trend_strength": 0.29743223653580664,
      "trend_linearity": -8.772412291477515e-05,
      "seasonal_strength": 0.0,
      "seasonal_correlation": 0.2810571488139629,
      "residual_autocorr_lag1": 0.40574488578197215,
      "spectral_entropy": -3343.2254504746543
    },
    "max": {
      "trend_strength": 0.947058199424765,
      "trend_linearity": 0.00010653619423463736,
      "seasonal_strength": 0.2728199494386052,
      "seasonal_correlation": 0.9015435961447573,
      "residual_autocorr_lag1": 0.9873590191525089,
      "spectral_entropy": -1693.4644278754652
    }
  }
}