{
  "model": "timesfm2p0",
  "dataset": "Coastal_T_S_20T",
  "method": "BM",
  "ratio": 0.3,
  "term": "long",
  "imputation_method": "mean",
  "n_windows": 7,
  "period": 72,
  "summary": {
    "mean": {
      "trend_strength": 0.8943233839615267,
      "trend_linearity": -0.0005522857339755836,
      "seasonal_strength": 0.0527035434851068,
      "seasonal_correlation": 0.30593045253653683,
      "residual_autocorr_lag1": 0.9269580745559493,
      "spectral_entropy": -337.3590696719149
    },
    "std": {
      "trend_strength": 0.11107786985651515,
      "trend_linearity": 0.0008053129116808197,
      "seasonal_strength": 0.11361912338725022,
      "seasonal_correlation": 0.11461814142040408,
      "residual_autocorr_lag1": 0.04648404386966163,
      "spectral_entropy": 395.99503707853455
    },
    "min": {
      "trend_strength": 0.6406962159933438,
      "trend_linearity": -0.0019003184532167781,
      "seasonal_strength": 0.0,
      "seasonal_correlation": 0.15851818514672583,
      "residual_autocorr_lag1": 0.8305137466873801,
      "spectral_entropy": -1220.2559292504188
    },
    "max": {
      "trend_strength": 0.980134380167128,
      "trend_linearity": 0.0005388432727668943,
      "seasonal_strength": 0.3289546601513639,
      "seasonal_correlation": 0.4491317537781705,
      "residual_autocorr_lag1": 0.9782183680393096,
      "spectral_entropy": 125.03738723750394
    }
  }
}