{
  "model": "timesfm2p0",
  "dataset": "Coastal_T_S_5T",
  "method": "BM",
  "ratio": 0.1,
  "term": "long",
  "imputation_method": "linear",
  "n_windows": 20,
  "period": 288,
  "summary": {
    "mean": {
      "trend_strength": 0.5059425492841799,
      "trend_linearity": 0.0004179967902322259,
      "seasonal_strength": 0.8984111458566296,
      "seasonal_correlation": 0.9195666174605904,
      "residual_autocorr_lag1": 0.8561190971112683,
      "spectral_entropy": 33.61528086062788
    },
    "std": {
      "trend_strength": 0.3202580408845225,
      "trend_linearity": 0.007880156397063744,
      "seasonal_strength": 0.18046293030626587,
      "seasonal_correlation": 0.13385433988935716,
      "residual_autocorr_lag1": 0.16923784941046238,
      "spectral_entropy": 1326.55075788676
    },
    "min": {
      "trend_strength": 0.0,
      "trend_linearity": -0.023682880441826704,
      "seasonal_strength": 0.3710004487272902,
      "seasonal_correlation": 0.4844750669043415,
      "residual_autocorr_lag1": 0.3314767472834131,
      "spectral_entropy": -1646.4754666960341
    },
    "max": {
      "trend_strength": 0.9863012525820031,
      "trend_linearity": 0.019568956820588526,
      "seasonal_strength": 0.9981328774647089,
      "seasonal_correlation": 0.9929909996880926,
      "residual_autocorr_lag1": 0.9930122243859131,
      "spectral_entropy": 2891.9145989726962
    }
  }
}