window_idx,n_series,trend_strength,trend_linearity,seasonal_strength,seasonal_correlation,residual_autocorr_lag1,spectral_entropy
0,1,0.9912139049613281,-0.00014484579958408433,0.05431345221312145,0.2518981003764941,0.7997268635848325,-1437.9165049662738
1,1,0.6753568210539984,-2.3056724049428555e-05,0.14165657746433735,0.24973301826650218,0.9207827741482142,-2222.145656700648
2,1,0.648680669169454,5.0732558979584694e-05,0.015576435382243736,0.32072642596762785,0.9116087577158795,-1315.3586175792593
3,1,0.8103791101940179,-1.4202224273934135e-05,0.2628201862252919,0.43656191698886665,0.9221002937121782,-2571.738062281905
4,1,0.9063013289626901,-8.333350731888781e-05,0.40011600802328207,0.4029565528792872,0.8013904261851686,-1396.4956663246337
5,1,0.9530813317222284,0.00015111152347560368,0.3207651506513658,0.3070712499908198,0.9491756911220676,-1448.1767598433305
6,1,0.8972240373517264,-3.764426097102022e-05,0.34587414870229216,0.24712141471596105,0.9071763960522575,-2232.29077880093
