{
  "model": "timesfm2p0",
  "dataset": "Coastal_T_S_H",
  "method": "BM",
  "ratio": 0.1,
  "term": "long",
  "imputation_method": "linear",
  "n_windows": 8,
  "period": 24,
  "summary": {
    "mean": {
      "trend_strength": 0.9399350386679342,
      "trend_linearity": 0.0012945182064579776,
      "seasonal_strength": 0.18343816546777741,
      "seasonal_correlation": 0.2167120238097387,
      "residual_autocorr_lag1": 0.64083440787161,
      "spectral_entropy": 883.4308923902558
    },
    "std": {
      "trend_strength": 0.08483882298790854,
      "trend_linearity": 0.008022412689642378,
      "seasonal_strength": 0.17037546232078338,
      "seasonal_correlation": 0.13489611556002298,
      "residual_autocorr_lag1": 0.09960511067944831,
      "spectral_entropy": 425.6038559033244
    },
    "min": {
      "trend_strength": 0.7315392089906234,
      "trend_linearity": -0.0135318058916615,
      "seasonal_strength": 0.0,
      "seasonal_correlation": 0.09339576679530381,
      "residual_autocorr_lag1": 0.4765439647682698,
      "spectral_entropy": 260.488541957438
    },
    "max": {
      "trend_strength": 0.9929043486729812,
      "trend_linearity": 0.015705209103359416,
      "seasonal_strength": 0.5459836673965126,
      "seasonal_correlation": 0.5269365160842268,
      "residual_autocorr_lag1": 0.7583012840265155,
      "spectral_entropy": 1584.6519139078605
    }
  }
}