{
  "model": "timesfm2p0",
  "dataset": "Coastal_T_S_15T",
  "method": "BM",
  "ratio": 0.3,
  "term": "long",
  "imputation_method": "linear",
  "n_windows": 20,
  "period": 96,
  "summary": {
    "mean": {
      "trend_strength": 0.6884304079930119,
      "trend_linearity": -2.6987146387976113e-05,
      "seasonal_strength": 0.09199932745707355,
      "seasonal_correlation": 0.6152513335889543,
      "residual_autocorr_lag1": 0.8954635490954445,
      "spectral_entropy": -2291.1075929839712
    },
    "std": {
      "trend_strength": 0.2227897908609122,
      "trend_linearity": 6.618966278872904e-05,
      "seasonal_strength": 0.16989521989115908,
      "seasonal_correlation": 0.1832358473201712,
      "residual_autocorr_lag1": 0.09655061251953313,
      "spectral_entropy": 409.58825082209347
    },
    "min": {
      "trend_strength": 0.23513327675705475,
      "trend_linearity": -0.00027745255430538086,
      "seasonal_strength": 0.0,
      "seasonal_correlation": 0.24816650042238836,
      "residual_autocorr_lag1": 0.717839566513866,
      "spectral_entropy": -3042.86080109882
    },
    "max": {
      "trend_strength": 0.9800085189733714,
      "trend_linearity": 3.0645221196954595e-05,
      "seasonal_strength": 0.6880492652544741,
      "seasonal_correlation": 0.9752654381974539,
      "residual_autocorr_lag1": 0.9910763266546813,
      "spectral_entropy": -1258.6610521063071
    }
  }
}