{
  "model": "timesfm2p0",
  "dataset": "Coastal_T_S_20T",
  "method": "BM",
  "ratio": 0.2,
  "term": "long",
  "imputation_method": "mean",
  "n_windows": 7,
  "period": 72,
  "summary": {
    "mean": {
      "trend_strength": 0.9392756194305042,
      "trend_linearity": -0.0003675720427102674,
      "seasonal_strength": 0.12036097161120617,
      "seasonal_correlation": 0.3621054168230315,
      "residual_autocorr_lag1": 0.8821851584465396,
      "spectral_entropy": -882.206100523228
    },
    "std": {
      "trend_strength": 0.03703356449570047,
      "trend_linearity": 0.00045493611612982426,
      "seasonal_strength": 0.10598767854189524,
      "seasonal_correlation": 0.059387770350143754,
      "residual_autocorr_lag1": 0.0819390866078731,
      "spectral_entropy": 498.3195009991858
    },
    "min": {
      "trend_strength": 0.856144681346573,
      "trend_linearity": -0.0012166374587104858,
      "seasonal_strength": 0.0,
      "seasonal_correlation": 0.2731339040211919,
      "residual_autocorr_lag1": 0.710329287211512,
      "spectral_entropy": -1666.9021395746058
    },
    "max": {
      "trend_strength": 0.9740651054869844,
      "trend_linearity": 0.00017451798782564112,
      "seasonal_strength": 0.28274706868912114,
      "seasonal_correlation": 0.4330540976254968,
      "residual_autocorr_lag1": 0.9652615588360757,
      "spectral_entropy": -117.31611601445357
    }
  }
}