{
  "model": "timesfm2p0",
  "dataset": "Coastal_T_S_5T",
  "method": "BM",
  "ratio": 0.2,
  "term": "long",
  "imputation_method": "linear",
  "n_windows": 20,
  "period": 288,
  "summary": {
    "mean": {
      "trend_strength": 0.4975034165350509,
      "trend_linearity": 0.0023765223215288676,
      "seasonal_strength": 0.8583503400030636,
      "seasonal_correlation": 0.8778262892317998,
      "residual_autocorr_lag1": 0.8639157557739432,
      "spectral_entropy": -112.51103330680321
    },
    "std": {
      "trend_strength": 0.30311443651899345,
      "trend_linearity": 0.007926628915071298,
      "seasonal_strength": 0.16180806671972733,
      "seasonal_correlation": 0.14901641349150807,
      "residual_autocorr_lag1": 0.23923322826708068,
      "spectral_entropy": 1232.0260730320235
    },
    "min": {
      "trend_strength": 0.0,
      "trend_linearity": -0.0116879491789011,
      "seasonal_strength": 0.46640292190162647,
      "seasonal_correlation": 0.5549555951377458,
      "residual_autocorr_lag1": 0.08353803014111204,
      "spectral_entropy": -1462.71362277268
    },
    "max": {
      "trend_strength": 0.8863751605176841,
      "trend_linearity": 0.02529158431619522,
      "seasonal_strength": 0.9993079266882894,
      "seasonal_correlation": 0.9911147084913993,
      "residual_autocorr_lag1": 0.9953179282908335,
      "spectral_entropy": 2839.4511220533223
    }
  }
}