{
  "model": "timesfm2p0",
  "dataset": "Coastal_T_S_5T",
  "method": "BM",
  "ratio": 0.2,
  "term": "long",
  "imputation_method": "forward",
  "n_windows": 20,
  "period": 288,
  "summary": {
    "mean": {
      "trend_strength": 0.5090637720948207,
      "trend_linearity": 0.001313936035692334,
      "seasonal_strength": 0.8491891610637026,
      "seasonal_correlation": 0.8797753963894357,
      "residual_autocorr_lag1": 0.9007770356303834,
      "spectral_entropy": -157.05522402871043
    },
    "std": {
      "trend_strength": 0.27333253205614166,
      "trend_linearity": 0.008927053871815546,
      "seasonal_strength": 0.21013497280795648,
      "seasonal_correlation": 0.16761071616334536,
      "residual_autocorr_lag1": 0.11102156107172653,
      "spectral_entropy": 1220.501031291811
    },
    "min": {
      "trend_strength": 0.014305888497275876,
      "trend_linearity": -0.02353799799879389,
      "seasonal_strength": 0.31874119316205474,
      "seasonal_correlation": 0.37979333651448266,
      "residual_autocorr_lag1": 0.5174919854783263,
      "spectral_entropy": -1613.7028547227433
    },
    "max": {
      "trend_strength": 0.9264271419117032,
      "trend_linearity": 0.024193361513601845,
      "seasonal_strength": 0.9983331434687196,
      "seasonal_correlation": 0.9916217554855264,
      "residual_autocorr_lag1": 0.9961552847796101,
      "spectral_entropy": 2980.4950165668097
    }
  }
}