window_idx,n_series,trend_strength,trend_linearity,seasonal_strength,seasonal_correlation,residual_autocorr_lag1,spectral_entropy
0,1,0.7790159965468153,-0.0021841976126835347,0.0,0.20286601797376397,0.7608540937802285,949.7663005857497
1,1,0.9156258035895001,-0.002552773367765258,0.0,0.20083055346667053,0.9209381281555631,921.4213646106898
2,1,0.8505133393129443,-0.0012357482566935894,0.0,0.06231082426244655,0.697911542092536,1046.9026487355031
3,1,0.6934968630465019,-0.0010999129961796516,0.0,0.15090671960992147,0.7290199469925147,754.2922823208389
4,1,0.9750942905152504,-0.0026631329661849306,0.27307540766742444,0.06597642329124281,0.46213052256123666,643.5985617896957
5,1,0.9710175292332204,-0.001874891003513556,0.17434157641646153,0.22348610392360013,0.5797372112379375,244.0520768361148
6,1,0.9927853846660117,0.007529876271422601,0.1457102225163487,0.19446309094361702,0.6331585026000546,1069.9966624736956
7,1,0.9808606287358098,0.004927527444013527,0.19607949666822644,0.39306326709331973,0.7581546449982838,643.1851365815531
