{
  "model": "timesfm2p0",
  "dataset": "Coastal_T_S_H",
  "method": "clean",
  "ratio": null,
  "term": "long",
  "imputation_method": null,
  "n_windows": 8,
  "period": 24,
  "summary": {
    "mean": {
      "trend_strength": 0.7370015453047629,
      "trend_linearity": 0.00027369448753383643,
      "seasonal_strength": 0.17418730375831665,
      "seasonal_correlation": 0.2067972612758891,
      "residual_autocorr_lag1": 0.38022031178827914,
      "spectral_entropy": 874.2338203469815
    },
    "std": {
      "trend_strength": 0.24726443312766944,
      "trend_linearity": 0.003473068896251558,
      "seasonal_strength": 0.08060433684755662,
      "seasonal_correlation": 0.1274499366736838,
      "residual_autocorr_lag1": 0.2758127330233682,
      "spectral_entropy": 229.35419536259295
    },
    "min": {
      "trend_strength": 0.446716776457211,
      "trend_linearity": -0.004545382508226941,
      "seasonal_strength": 0.08211675898390947,
      "seasonal_correlation": 0.09516998728791566,
      "residual_autocorr_lag1": -0.0858777224289767,
      "spectral_entropy": 378.4533856555671
    },
    "max": {
      "trend_strength": 0.992414828527133,
      "trend_linearity": 0.006992213719738456,
      "seasonal_strength": 0.3613353130293635,
      "seasonal_correlation": 0.528921279947666,
      "residual_autocorr_lag1": 0.7453172787677897,
      "spectral_entropy": 1152.8031833289842
    }
  }
}