window_idx,n_series,trend_strength,trend_linearity,seasonal_strength,seasonal_correlation,residual_autocorr_lag1,spectral_entropy
0,1,0.8447205146731093,-0.0010007190386367962,0.03333970839253586,0.16213008547758642,0.6881282607807092,550.6902724089919
1,1,0.9747053063158102,0.002627522202533112,0.025858060097014635,0.16102566785415431,0.8003564289461084,921.5505558808916
2,1,0.9076613743085384,-0.001524346751456555,0.1804745354026841,0.15969513566449836,0.714238527324001,1033.3866684234426
3,1,0.9461336694732873,-0.0030743007695984348,0.0,0.23469285628012354,0.3376190190175187,1341.4409924921554
4,1,0.9875566740411896,-0.007353188926022663,0.09202164002550517,0.15120734437263467,0.7050026851769085,1252.9916266255213
5,1,0.9790280562256168,-0.002868665219376259,0.1008031424374558,0.1884785952346918,0.6778519331985696,515.9179858821896
6,1,0.9948322491667003,0.010005362097781563,0.06757925289495614,0.08509591326338045,0.7877549903288091,1392.5114407365513
7,1,0.9786899798748757,0.005373367225200229,0.23581284235638555,0.5242408483141504,0.8163769134031924,809.114005665948
