{
  "model": "timesfm2p0",
  "dataset": "Coastal_T_S_20T",
  "method": "BM",
  "ratio": 0.1,
  "term": "long",
  "imputation_method": "linear",
  "n_windows": 7,
  "period": 72,
  "summary": {
    "mean": {
      "trend_strength": 0.8592348347141396,
      "trend_linearity": -3.44094318376109e-05,
      "seasonal_strength": 0.1686032743800008,
      "seasonal_correlation": 0.3613358259345614,
      "residual_autocorr_lag1": 0.8910256987944908,
      "spectral_entropy": -1862.1038742039532
    },
    "std": {
      "trend_strength": 0.1720685785676533,
      "trend_linearity": 8.110391985834158e-05,
      "seasonal_strength": 0.15496743800109913,
      "seasonal_correlation": 0.13147455963743418,
      "residual_autocorr_lag1": 0.0500515495285645,
      "spectral_entropy": 336.9684309347508
    },
    "min": {
      "trend_strength": 0.48989226901834826,
      "trend_linearity": -0.0001268790078422386,
      "seasonal_strength": 0.0,
      "seasonal_correlation": 0.15986471002389727,
      "residual_autocorr_lag1": 0.7901602819467691,
      "spectral_entropy": -2583.9220638532756
    },
    "max": {
      "trend_strength": 0.9794151828466134,
      "trend_linearity": 8.488479735042193e-05,
      "seasonal_strength": 0.39359613767378243,
      "seasonal_correlation": 0.5095764796185543,
      "residual_autocorr_lag1": 0.9455492881173528,
      "spectral_entropy": -1470.9445338160986
    }
  }
}