{
  "model": "timesfm2p0",
  "dataset": "Coastal_T_S_15T",
  "method": "BM",
  "ratio": 0.1,
  "term": "long",
  "imputation_method": "mean",
  "n_windows": 20,
  "period": 96,
  "summary": {
    "mean": {
      "trend_strength": 0.799768296627625,
      "trend_linearity": -2.1388719101684394e-05,
      "seasonal_strength": 0.13155019962079906,
      "seasonal_correlation": 0.49764745821461887,
      "residual_autocorr_lag1": 0.7981793014752822,
      "spectral_entropy": -2565.3088851837542
    },
    "std": {
      "trend_strength": 0.22139702396529187,
      "trend_linearity": 4.2987550679612973e-05,
      "seasonal_strength": 0.1867848627081021,
      "seasonal_correlation": 0.17155600567836488,
      "residual_autocorr_lag1": 0.10530696694782357,
      "spectral_entropy": 352.47085869912286
    },
    "min": {
      "trend_strength": 0.022307929244101965,
      "trend_linearity": -0.00015586927812281606,
      "seasonal_strength": 0.0,
      "seasonal_correlation": 0.08082025813805996,
      "residual_autocorr_lag1": 0.5966871587698501,
      "spectral_entropy": -3148.368570054755
    },
    "max": {
      "trend_strength": 0.9795282609233946,
      "trend_linearity": 4.4625131435219554e-05,
      "seasonal_strength": 0.7509328322099662,
      "seasonal_correlation": 0.9768568739227113,
      "residual_autocorr_lag1": 0.9464019254536229,
      "spectral_entropy": -2021.06492244932
    }
  }
}