window_idx,n_series,trend_strength,trend_linearity,seasonal_strength,seasonal_correlation,residual_autocorr_lag1,spectral_entropy
0,1,0.9934373870705923,-0.010383499021185265,0.9956608987668047,0.9969420670205075,0.7737356998888927,1413.5873103500178
1,1,0.8798139991940377,-0.00872359099527972,0.9730124563112993,0.9892020401995445,0.5746802362123679,1616.6748848717884
2,1,0.9608821272543521,-0.009429422498551143,0.994068955241676,0.998455679044499,0.7464557649755162,1289.3697039321328
3,1,0.7090121313066442,-0.004202525648610861,0.9882870433943544,0.9974670383124811,0.7370082300630187,1597.3759256780581
4,1,0.978436132508693,-0.014598165518060936,0.9934426641292757,0.9981968588556152,0.8631295997872349,1872.160344704478
