window_idx,n_series,trend_strength,trend_linearity,seasonal_strength,seasonal_correlation,residual_autocorr_lag1,spectral_entropy
0,1,0.9895681284567794,-0.008528918758467785,0.982266301654504,0.9969426467106741,0.8210616953924897,885.0597073718168
1,1,0.968832593512448,-0.005649227044508232,0.951466113866929,0.9868337460714093,0.7656893837291708,1452.377783650325
2,1,0.9648537883629791,-0.004118913675755319,0.9963685570177496,0.9978576172335359,0.7323039543195666,941.5607904173851
3,1,0.5810799534121163,-0.0014455859263748931,0.9946233888586181,0.9970365087828729,0.6215388900935106,1568.464391448702
4,1,0.8549693838437502,-0.004231605160661965,0.9909943992649892,0.9980626984376999,0.8306937272149318,1440.8046823954805
