window_idx,n_series,trend_strength,trend_linearity,seasonal_strength,seasonal_correlation,residual_autocorr_lag1,spectral_entropy
0,1,0.9805476975151868,-0.0062348514515155875,0.9948400264836217,0.9976456294837002,0.855163319734759,1170.3038728941071
1,1,0.9318193056972933,-0.0004939039629513359,0.9846349226745988,0.9848030497612001,0.7718691353965066,1862.5777832580814
2,1,0.4921847114597788,-0.00221436710374322,0.96951393383572,0.9945239356279664,0.8394084179038699,1072.4373564275545
3,1,0.8647226204463573,-0.005424910158797823,0.98317450385493,0.9952899749381926,0.723643172032711,1566.632298314118
4,1,0.9929589413152429,-0.01963578850836647,0.9954162059888003,0.9983268560671016,0.7169207948002713,1925.8036198285088
