{
  "model": "timesfm2p0",
  "dataset": "current_velocity_20T",
  "method": "BM",
  "ratio": 0.3,
  "term": "long",
  "imputation_method": "linear",
  "n_windows": 14,
  "period": 72,
  "summary": {
    "mean": {
      "trend_strength": 0.5583408948893328,
      "trend_linearity": -0.002227630720542307,
      "seasonal_strength": 0.7739372310020709,
      "seasonal_correlation": 0.9525536996985707,
      "residual_autocorr_lag1": 0.9408323756911302,
      "spectral_entropy": 1491.3820836242837
    },
    "std": {
      "trend_strength": 0.25856671240950996,
      "trend_linearity": 0.00441277508690114,
      "seasonal_strength": 0.18373243865900563,
      "seasonal_correlation": 0.049488910647673266,
      "residual_autocorr_lag1": 0.05124127457429704,
      "spectral_entropy": 349.7050849978277
    },
    "min": {
      "trend_strength": 0.240864820170273,
      "trend_linearity": -0.011785131601931051,
      "seasonal_strength": 0.3066062007716287,
      "seasonal_correlation": 0.8052640572484268,
      "residual_autocorr_lag1": 0.8075616006547702,
      "spectral_entropy": 795.9677225233413
    },
    "max": {
      "trend_strength": 0.9450959896371531,
      "trend_linearity": 0.0038083700047956497,
      "seasonal_strength": 0.9677622785535595,
      "seasonal_correlation": 0.993062892904291,
      "residual_autocorr_lag1": 0.991891917258562,
      "spectral_entropy": 2181.1330741203674
    }
  }
}