window_idx,n_series,trend_strength,trend_linearity,seasonal_strength,seasonal_correlation,residual_autocorr_lag1,spectral_entropy
0,1,0.9940583866615399,-0.012306072346246776,0.9936298328980027,0.9979210742691014,0.8491584644660012,1585.6083101177678
1,1,0.8973009327309064,-0.0018838645649844133,0.9601683281878565,0.992704347296281,0.7812507694505363,1815.9073365818872
2,1,0.9718434301501624,-0.010005103436396667,0.9939298994337152,0.9978399050992308,0.7205734330409703,1252.5663800877442
3,1,0.7131239984098975,0.00013716649394893217,0.991578335914876,0.9975955121654319,0.7029475558286086,1586.615141789579
4,1,0.9607726662571511,-0.006180450242122537,0.9954524811732979,0.998642663008982,0.7686209090940154,1477.058436784757
