window_idx,n_series,trend_strength,trend_linearity,seasonal_strength,seasonal_correlation,residual_autocorr_lag1,spectral_entropy
0,1,0.9809621509826003,-0.008363808411970316,0.9923299487174106,0.9962489289087653,0.8733067391111018,1123.3041477485908
1,1,0.6313710035751829,0.002586573874842643,0.9845046126069255,0.9914498983995848,0.44453336336785554,1705.7894848421151
2,1,0.2584978925047615,-0.0018943617205027844,0.9631253175855915,0.9892209007231428,0.8644326875400759,1264.635896143403
3,1,0.5373440215755523,-0.0019263167759986574,0.9883915282041176,0.9974940353439832,0.7719598722015556,1548.863100773268
4,1,0.673709747344797,-0.0014544037321862907,0.9942847704937745,0.9983409084672316,0.7992111665647672,1378.4748477029684
