{
  "model": "timesfm2p0",
  "dataset": "current_velocity_20T",
  "method": "BM",
  "ratio": 0.2,
  "term": "long",
  "imputation_method": "linear",
  "n_windows": 14,
  "period": 72,
  "summary": {
    "mean": {
      "trend_strength": 0.5416517553152148,
      "trend_linearity": 0.000944181695201529,
      "seasonal_strength": 0.7531908568035774,
      "seasonal_correlation": 0.9502857703827265,
      "residual_autocorr_lag1": 0.9296366982626477,
      "spectral_entropy": 1368.2138600480896
    },
    "std": {
      "trend_strength": 0.256458578604026,
      "trend_linearity": 0.008004291880256685,
      "seasonal_strength": 0.2553006498749622,
      "seasonal_correlation": 0.05124826126452971,
      "residual_autocorr_lag1": 0.04368010235714037,
      "spectral_entropy": 399.78409634910076
    },
    "min": {
      "trend_strength": 0.13176027321396466,
      "trend_linearity": -0.011427710172870626,
      "seasonal_strength": 0.0,
      "seasonal_correlation": 0.7916176687521086,
      "residual_autocorr_lag1": 0.8487617371013697,
      "spectral_entropy": 594.7725157396815
    },
    "max": {
      "trend_strength": 0.9213866471006091,
      "trend_linearity": 0.022130580744388468,
      "seasonal_strength": 0.9758176145237236,
      "seasonal_correlation": 0.9919504067421007,
      "residual_autocorr_lag1": 0.9952219129778244,
      "spectral_entropy": 2043.7502956585583
    }
  }
}