window_idx,n_series,trend_strength,trend_linearity,seasonal_strength,seasonal_correlation,residual_autocorr_lag1,spectral_entropy
0,1,0.9698710450059694,-0.0054540658985260245,0.9957120450577011,0.9972543280588575,0.7358944931627929,1023.3561379867737
1,1,0.9726130042123453,-0.013295022752040184,0.9830594802054969,0.995957962943641,0.6944413967714752,1369.5729936963612
2,1,0.7663517748253621,-0.002239092186177435,0.9956987942533673,0.9989918195152923,0.7427254336272963,1062.2466770180881
3,1,0.7249221993514867,-0.003970669169116611,0.9888091402351247,0.9973495864439345,0.7504402797945173,1547.0528013200897
4,1,0.975319516005204,0.0029085765702585057,0.9985083220890971,0.998835344594863,0.671880017731123,1210.554177352696
