{
  "model": "timesfm2p0",
  "dataset": "current_velocity_15T",
  "method": "BM",
  "ratio": 0.3,
  "term": "long",
  "imputation_method": "linear",
  "n_windows": 15,
  "period": 96,
  "summary": {
    "mean": {
      "trend_strength": 0.7879423205518238,
      "trend_linearity": -1.77894283320164e-05,
      "seasonal_strength": 0.07726404495060175,
      "seasonal_correlation": 0.4463054951958662,
      "residual_autocorr_lag1": 0.8919086174463196,
      "spectral_entropy": -1854.6364755587063
    },
    "std": {
      "trend_strength": 0.273134823208938,
      "trend_linearity": 0.00016903579942450142,
      "seasonal_strength": 0.11654051340542589,
      "seasonal_correlation": 0.15251903756701718,
      "residual_autocorr_lag1": 0.12041064592503538,
      "spectral_entropy": 454.9677789598525
    },
    "min": {
      "trend_strength": 0.04531763742130812,
      "trend_linearity": -0.00037931950789177066,
      "seasonal_strength": 0.0,
      "seasonal_correlation": 0.07533986578470853,
      "residual_autocorr_lag1": 0.6496952268808934,
      "spectral_entropy": -2652.3103229726535
    },
    "max": {
      "trend_strength": 0.9912992216495291,
      "trend_linearity": 0.0003337412774723004,
      "seasonal_strength": 0.4433565682532714,
      "seasonal_correlation": 0.8113800118542727,
      "residual_autocorr_lag1": 0.9913974280409293,
      "spectral_entropy": -991.296262744008
    }
  }
}