{
  "model": "timesfm2p0",
  "dataset": "current_velocity_5T",
  "method": "BM",
  "ratio": 0.3,
  "term": "long",
  "imputation_method": "mean",
  "n_windows": 20,
  "period": 288,
  "summary": {
    "mean": {
      "trend_strength": 0.5626431020122765,
      "trend_linearity": 8.796434738657747e-06,
      "seasonal_strength": 0.9739846311967705,
      "seasonal_correlation": 0.9695552789124584,
      "residual_autocorr_lag1": 0.8860526841930184,
      "spectral_entropy": -1283.7362361380406
    },
    "std": {
      "trend_strength": 0.2593548292780327,
      "trend_linearity": 0.00018762556098717302,
      "seasonal_strength": 0.05162876121317409,
      "seasonal_correlation": 0.0274179167442904,
      "residual_autocorr_lag1": 0.1591605326718468,
      "spectral_entropy": 414.65191073916924
    },
    "min": {
      "trend_strength": 0.03298087852831533,
      "trend_linearity": -0.0003004830955306112,
      "seasonal_strength": 0.7555338593858997,
      "seasonal_correlation": 0.8962712119191641,
      "residual_autocorr_lag1": 0.4579074215618775,
      "spectral_entropy": -2135.6762790626058
    },
    "max": {
      "trend_strength": 0.9474887885734041,
      "trend_linearity": 0.00041114802785424215,
      "seasonal_strength": 0.9984003728039808,
      "seasonal_correlation": 0.9963315227277367,
      "residual_autocorr_lag1": 0.997432367282271,
      "spectral_entropy": -589.1138869898074
    }
  }
}