window_idx,n_series,trend_strength,trend_linearity,seasonal_strength,seasonal_correlation,residual_autocorr_lag1,spectral_entropy
0,1,0.9909834470140647,-0.011623698148123779,0.9908406752870341,0.9969403568657965,0.7805465200867019,1603.3866370249038
1,1,0.6808916103124206,-0.0019490694747805017,0.8790442762389008,0.9297319313660956,0.6982210226990615,1773.4578168880967
2,1,0.9662015019253484,-0.010438643741272052,0.9901284054759862,0.9957331441986724,0.7431768780082942,1211.4678332168232
3,1,0.6965855694139023,0.00012469630851673293,0.992766345114668,0.9984249144829106,0.765921715759272,1285.1824735128762
4,1,0.7219004909401412,-0.001308009736451594,0.9845489061939077,0.9971870678557924,0.8890343552691847,1590.6801972611152
