{
  "model": "timesfm2p0",
  "dataset": "current_velocity_15T",
  "method": "BM",
  "ratio": 0.2,
  "term": "long",
  "imputation_method": "linear",
  "n_windows": 15,
  "period": 96,
  "summary": {
    "mean": {
      "trend_strength": 0.7766931415889938,
      "trend_linearity": -4.307887762756837e-05,
      "seasonal_strength": 0.09968841238604673,
      "seasonal_correlation": 0.6381511734451605,
      "residual_autocorr_lag1": 0.9090234488841101,
      "spectral_entropy": -2159.3572303325336
    },
    "std": {
      "trend_strength": 0.21017001046324194,
      "trend_linearity": 8.920033380214315e-05,
      "seasonal_strength": 0.14445225752235397,
      "seasonal_correlation": 0.17132409081162606,
      "residual_autocorr_lag1": 0.08511844615567053,
      "spectral_entropy": 711.9697262506255
    },
    "min": {
      "trend_strength": 0.313503833431769,
      "trend_linearity": -0.0002211870676974409,
      "seasonal_strength": 0.0,
      "seasonal_correlation": 0.38319877607607633,
      "residual_autocorr_lag1": 0.7269491505894274,
      "spectral_entropy": -3673.019650439829
    },
    "max": {
      "trend_strength": 0.97252660157003,
      "trend_linearity": 0.00011702628723736919,
      "seasonal_strength": 0.5097816271109867,
      "seasonal_correlation": 0.9371006476852715,
      "residual_autocorr_lag1": 0.99617583328524,
      "spectral_entropy": -1219.6074049286033
    }
  }
}