{
  "model": "timesfm2p0",
  "dataset": "current_velocity_5T",
  "method": "BM",
  "ratio": 0.2,
  "term": "long",
  "imputation_method": "mean",
  "n_windows": 20,
  "period": 288,
  "summary": {
    "mean": {
      "trend_strength": 0.5145464298082474,
      "trend_linearity": 5.6448236145325386e-05,
      "seasonal_strength": 0.9890478025135263,
      "seasonal_correlation": 0.9644427209385931,
      "residual_autocorr_lag1": 0.884196808268003,
      "spectral_entropy": -1251.444843135077
    },
    "std": {
      "trend_strength": 0.3041425993437041,
      "trend_linearity": 0.00012688863285836393,
      "seasonal_strength": 0.00842342136923043,
      "seasonal_correlation": 0.01765013156529462,
      "residual_autocorr_lag1": 0.1325378553168258,
      "spectral_entropy": 453.795124944931
    },
    "min": {
      "trend_strength": 0.005844147097313956,
      "trend_linearity": -0.00015648312649109197,
      "seasonal_strength": 0.9708125062538023,
      "seasonal_correlation": 0.9163763797083623,
      "residual_autocorr_lag1": 0.5769510237872711,
      "spectral_entropy": -1979.7998824205176
    },
    "max": {
      "trend_strength": 0.9311337590974895,
      "trend_linearity": 0.00030090378371421575,
      "seasonal_strength": 0.9998355118443513,
      "seasonal_correlation": 0.9933524553661018,
      "residual_autocorr_lag1": 0.9986340601870431,
      "spectral_entropy": -511.9828080928264
    }
  }
}