{
  "model": "timesfm2p0",
  "dataset": "electricity",
  "method": "BM",
  "ratio": 0.3,
  "term": "long",
  "imputation_method": "backward",
  "n_windows": 20,
  "period": 24,
  "summary": {
    "mean": {
      "trend_strength": 0.5714848120354984,
      "trend_linearity": -0.036700016725871185,
      "seasonal_strength": 0.8107583336498537,
      "seasonal_correlation": 0.9825125838093157,
      "residual_autocorr_lag1": 0.8803639329594641,
      "spectral_entropy": 4352.763868950322
    },
    "std": {
      "trend_strength": 0.21357501194787668,
      "trend_linearity": 0.17119990325548354,
      "seasonal_strength": 0.1770632739315511,
      "seasonal_correlation": 0.01883591858097224,
      "residual_autocorr_lag1": 0.07964664338106504,
      "spectral_entropy": 274.69130875214233
    },
    "min": {
      "trend_strength": 0.2481018286488964,
      "trend_linearity": -0.3780191670868884,
      "seasonal_strength": 0.48013170742927735,
      "seasonal_correlation": 0.9211610646484883,
      "residual_autocorr_lag1": 0.7162617723218035,
      "spectral_entropy": 3834.0013635830155
    },
    "max": {
      "trend_strength": 0.979449260066435,
      "trend_linearity": 0.26376412052083836,
      "seasonal_strength": 0.9951864876220483,
      "seasonal_correlation": 0.9980680511587334,
      "residual_autocorr_lag1": 0.9579720031283824,
      "spectral_entropy": 5109.577314283498
    }
  }
}