{
  "model": "timesfm2p0",
  "dataset": "electricity",
  "method": "BM",
  "ratio": 0.3,
  "term": "long",
  "imputation_method": "forward",
  "n_windows": 20,
  "period": 24,
  "summary": {
    "mean": {
      "trend_strength": 0.5848102214849378,
      "trend_linearity": -0.050097135681172425,
      "seasonal_strength": 0.8113635947562161,
      "seasonal_correlation": 0.9799839908606115,
      "residual_autocorr_lag1": 0.9009324270279488,
      "spectral_entropy": 4452.657613147176
    },
    "std": {
      "trend_strength": 0.21257778163682642,
      "trend_linearity": 0.20785503682606274,
      "seasonal_strength": 0.1441309513527925,
      "seasonal_correlation": 0.026644951508137168,
      "residual_autocorr_lag1": 0.056379577651626135,
      "spectral_entropy": 272.50858682329886
    },
    "min": {
      "trend_strength": 0.1528557283773314,
      "trend_linearity": -0.573837043138446,
      "seasonal_strength": 0.5489477172660722,
      "seasonal_correlation": 0.9041352579842007,
      "residual_autocorr_lag1": 0.798701427268837,
      "spectral_entropy": 3944.648242164707
    },
    "max": {
      "trend_strength": 0.923261403559572,
      "trend_linearity": 0.3866745188582242,
      "seasonal_strength": 0.977618596507652,
      "seasonal_correlation": 0.9983707908373113,
      "residual_autocorr_lag1": 0.969589722162257,
      "spectral_entropy": 4953.615066833923
    }
  }
}