{
  "model": "timesfm2p0",
  "dataset": "electricity",
  "method": "BM",
  "ratio": 0.1,
  "term": "long",
  "imputation_method": "mean",
  "n_windows": 20,
  "period": 24,
  "summary": {
    "mean": {
      "trend_strength": 0.47118697977710566,
      "trend_linearity": 0.015808355290959926,
      "seasonal_strength": 0.656772142134562,
      "seasonal_correlation": 0.9553217846349229,
      "residual_autocorr_lag1": 0.9221758989458892,
      "spectral_entropy": 4501.191461248599
    },
    "std": {
      "trend_strength": 0.15903453976088774,
      "trend_linearity": 0.2175334760065575,
      "seasonal_strength": 0.1616394807867465,
      "seasonal_correlation": 0.04488816266723912,
      "residual_autocorr_lag1": 0.038252032573729944,
      "spectral_entropy": 261.4023952705532
    },
    "min": {
      "trend_strength": 0.1787547819889963,
      "trend_linearity": -0.4428427337388189,
      "seasonal_strength": 0.22618897388485626,
      "seasonal_correlation": 0.8323346075776137,
      "residual_autocorr_lag1": 0.8429762788309734,
      "spectral_entropy": 3855.238496616248
    },
    "max": {
      "trend_strength": 0.7883163382456104,
      "trend_linearity": 0.5846482080451302,
      "seasonal_strength": 0.872708765393495,
      "seasonal_correlation": 0.9924385586880333,
      "residual_autocorr_lag1": 0.9754774266381336,
      "spectral_entropy": 4950.322836544939
    }
  }
}