{
  "model": "timesfm2p0",
  "dataset": "electricity",
  "method": "BM",
  "ratio": 0.1,
  "term": "long",
  "imputation_method": "linear",
  "n_windows": 20,
  "period": 24,
  "summary": {
    "mean": {
      "trend_strength": 0.4149968021610899,
      "trend_linearity": 0.004671898724848562,
      "seasonal_strength": 0.6353801842931773,
      "seasonal_correlation": 0.953440626358074,
      "residual_autocorr_lag1": 0.9265605349004339,
      "spectral_entropy": 4572.2513392393375
    },
    "std": {
      "trend_strength": 0.12225367320059402,
      "trend_linearity": 0.1711561635484532,
      "seasonal_strength": 0.12838767797705847,
      "seasonal_correlation": 0.047090773246880074,
      "residual_autocorr_lag1": 0.025858099418288743,
      "spectral_entropy": 178.9048124532417
    },
    "min": {
      "trend_strength": 0.2477793205282477,
      "trend_linearity": -0.34247573802591796,
      "seasonal_strength": 0.40284692872009986,
      "seasonal_correlation": 0.8279133352345786,
      "residual_autocorr_lag1": 0.8659271329703233,
      "spectral_entropy": 4350.806817263477
    },
    "max": {
      "trend_strength": 0.7222956784082042,
      "trend_linearity": 0.25679858903631014,
      "seasonal_strength": 0.8238035637992487,
      "seasonal_correlation": 0.9930285112723932,
      "residual_autocorr_lag1": 0.9626085224774497,
      "spectral_entropy": 4977.13889593799
    }
  }
}