{
  "model": "timesfm2p0",
  "dataset": "ETTh2",
  "method": "clean",
  "ratio": null,
  "term": "long",
  "imputation_method": null,
  "n_windows": 15,
  "period": 24,
  "summary": {
    "mean": {
      "trend_strength": 0.9184319954378777,
      "trend_linearity": 0.0009718928889470417,
      "seasonal_strength": 0.9959260431227677,
      "seasonal_correlation": 0.9986359095319234,
      "residual_autocorr_lag1": 0.7739553241712872,
      "spectral_entropy": 1038.948980209978
    },
    "std": {
      "trend_strength": 0.10304827524816702,
      "trend_linearity": 0.0020604348580164655,
      "seasonal_strength": 0.002416440336013023,
      "seasonal_correlation": 0.0007928899304336251,
      "residual_autocorr_lag1": 0.054687910911264515,
      "spectral_entropy": 312.071550748221
    },
    "min": {
      "trend_strength": 0.5619307550628538,
      "trend_linearity": -0.0023538556645544013,
      "seasonal_strength": 0.989787102572656,
      "seasonal_correlation": 0.9964776598293633,
      "residual_autocorr_lag1": 0.692158682381797,
      "spectral_entropy": 470.0997401292639
    },
    "max": {
      "trend_strength": 0.9800648197095911,
      "trend_linearity": 0.005004958005644901,
      "seasonal_strength": 0.9985742590780332,
      "seasonal_correlation": 0.9995645138474613,
      "residual_autocorr_lag1": 0.8659386423074527,
      "spectral_entropy": 1610.0802417489233
    }
  }
}