{
  "model": "timesfm2p0",
  "dataset": "ETTh1",
  "method": "BM",
  "ratio": 0.3,
  "term": "long",
  "imputation_method": "linear",
  "n_windows": 15,
  "period": 24,
  "summary": {
    "mean": {
      "trend_strength": 0.9662978626753578,
      "trend_linearity": -0.00022364491268609492,
      "seasonal_strength": 0.7534161372643398,
      "seasonal_correlation": 0.8265831949561935,
      "residual_autocorr_lag1": 0.8025779581538676,
      "spectral_entropy": 321.8321272473699
    },
    "std": {
      "trend_strength": 0.03838963319778522,
      "trend_linearity": 0.0017798944173185846,
      "seasonal_strength": 0.37750070958563703,
      "seasonal_correlation": 0.3266121993284923,
      "residual_autocorr_lag1": 0.08046283723629473,
      "spectral_entropy": 565.1597076696838
    },
    "min": {
      "trend_strength": 0.8573275915202146,
      "trend_linearity": -0.0023764556389825595,
      "seasonal_strength": 0.0,
      "seasonal_correlation": 0.06198015459102909,
      "residual_autocorr_lag1": 0.6401379116834374,
      "spectral_entropy": -630.0857937412234
    },
    "max": {
      "trend_strength": 0.9970984286288466,
      "trend_linearity": 0.004069551491899266,
      "seasonal_strength": 0.9963287644591868,
      "seasonal_correlation": 0.9984494854916965,
      "residual_autocorr_lag1": 0.9134975050696619,
      "spectral_entropy": 1370.0110031897534
    }
  }
}