{
  "model": "timesfm2p0",
  "dataset": "ETTh2",
  "method": "BM",
  "ratio": 0.1,
  "term": "long",
  "imputation_method": "backward",
  "n_windows": 15,
  "period": 24,
  "summary": {
    "mean": {
      "trend_strength": 0.9379140264027164,
      "trend_linearity": 0.0013272156462440362,
      "seasonal_strength": 0.9926644816612917,
      "seasonal_correlation": 0.997894523278903,
      "residual_autocorr_lag1": 0.783027748518952,
      "spectral_entropy": 1049.3482239471896
    },
    "std": {
      "trend_strength": 0.05767141604171939,
      "trend_linearity": 0.0025164969238784195,
      "seasonal_strength": 0.006378659075696459,
      "seasonal_correlation": 0.0016289472324872711,
      "residual_autocorr_lag1": 0.04511021179592396,
      "spectral_entropy": 266.7095626416077
    },
    "min": {
      "trend_strength": 0.8071376547666881,
      "trend_linearity": -0.0023163080185885183,
      "seasonal_strength": 0.9764557399579453,
      "seasonal_correlation": 0.993013029938998,
      "residual_autocorr_lag1": 0.7073611692681865,
      "spectral_entropy": 604.9784357811367
    },
    "max": {
      "trend_strength": 0.9927428544206993,
      "trend_linearity": 0.006036310304610723,
      "seasonal_strength": 0.9985505629364615,
      "seasonal_correlation": 0.9993527721833748,
      "residual_autocorr_lag1": 0.8558788976913121,
      "spectral_entropy": 1521.321540954178
    }
  }
}