{
  "model": "timesfm2p0",
  "dataset": "ETTh1",
  "method": "BM",
  "ratio": 0.1,
  "term": "long",
  "imputation_method": "mean",
  "n_windows": 15,
  "period": 24,
  "summary": {
    "mean": {
      "trend_strength": 0.9739742518882696,
      "trend_linearity": -0.00041175265624078365,
      "seasonal_strength": 0.9197101524085786,
      "seasonal_correlation": 0.9647795114193617,
      "residual_autocorr_lag1": 0.81193789867975,
      "spectral_entropy": 538.4770732278052
    },
    "std": {
      "trend_strength": 0.01415643938728732,
      "trend_linearity": 0.0016015944756626597,
      "seasonal_strength": 0.16811524412461104,
      "seasonal_correlation": 0.07615049504540228,
      "residual_autocorr_lag1": 0.07778140577432763,
      "spectral_entropy": 516.2824774089363
    },
    "min": {
      "trend_strength": 0.9472462353494466,
      "trend_linearity": -0.003783172348454077,
      "seasonal_strength": 0.3486746299172584,
      "seasonal_correlation": 0.7397299510278529,
      "residual_autocorr_lag1": 0.6518865698618189,
      "spectral_entropy": -233.76231616963952
    },
    "max": {
      "trend_strength": 0.9957610226200201,
      "trend_linearity": 0.0023790283053974166,
      "seasonal_strength": 0.9983146252928994,
      "seasonal_correlation": 0.9987346926716117,
      "residual_autocorr_lag1": 0.907470122253383,
      "spectral_entropy": 1313.8206478733061
    }
  }
}