{
  "model": "timesfm2p0",
  "dataset": "ETTh2",
  "method": "BM",
  "ratio": 0.3,
  "term": "long",
  "imputation_method": "linear",
  "n_windows": 15,
  "period": 24,
  "summary": {
    "mean": {
      "trend_strength": 0.9696992766841502,
      "trend_linearity": 0.0025309162437655115,
      "seasonal_strength": 0.9913156572341919,
      "seasonal_correlation": 0.9978916148131972,
      "residual_autocorr_lag1": 0.7499486845321126,
      "spectral_entropy": 921.1560581938098
    },
    "std": {
      "trend_strength": 0.03734407197780181,
      "trend_linearity": 0.003614838268802132,
      "seasonal_strength": 0.0054779817313846185,
      "seasonal_correlation": 0.001255606684542009,
      "residual_autocorr_lag1": 0.08020966480572994,
      "spectral_entropy": 397.88454816292716
    },
    "min": {
      "trend_strength": 0.8434081948445146,
      "trend_linearity": -0.0035002672456779967,
      "seasonal_strength": 0.979510930950515,
      "seasonal_correlation": 0.9940903027013296,
      "residual_autocorr_lag1": 0.5740386047471818,
      "spectral_entropy": 345.10906517520874
    },
    "max": {
      "trend_strength": 0.9971359705000042,
      "trend_linearity": 0.008613754465928037,
      "seasonal_strength": 0.9988245691264378,
      "seasonal_correlation": 0.9992191068042381,
      "residual_autocorr_lag1": 0.8905798149607304,
      "spectral_entropy": 1718.73775450271
    }
  }
}