{
  "model": "timesfm2p0",
  "dataset": "ETTh2",
  "method": "BM",
  "ratio": 0.3,
  "term": "long",
  "imputation_method": "forward",
  "n_windows": 15,
  "period": 24,
  "summary": {
    "mean": {
      "trend_strength": 0.9427754080070518,
      "trend_linearity": 0.0016096718996971042,
      "seasonal_strength": 0.9541276657452996,
      "seasonal_correlation": 0.942353013828037,
      "residual_autocorr_lag1": 0.7228805042419683,
      "spectral_entropy": 873.4366416582683
    },
    "std": {
      "trend_strength": 0.09462696619341686,
      "trend_linearity": 0.003283384245245279,
      "seasonal_strength": 0.10488986047245019,
      "seasonal_correlation": 0.18046997102812326,
      "residual_autocorr_lag1": 0.05112100080449051,
      "spectral_entropy": 454.40824244734443
    },
    "min": {
      "trend_strength": 0.6025034901054012,
      "trend_linearity": -0.0029876795897922632,
      "seasonal_strength": 0.5791224850959755,
      "seasonal_correlation": 0.272958299207302,
      "residual_autocorr_lag1": 0.6173112357879421,
      "spectral_entropy": -187.62038566800913
    },
    "max": {
      "trend_strength": 0.9935045732735497,
      "trend_linearity": 0.009664204568901545,
      "seasonal_strength": 0.9988497158125952,
      "seasonal_correlation": 0.9993602498224294,
      "residual_autocorr_lag1": 0.8163045044957897,
      "spectral_entropy": 1650.6458252623506
    }
  }
}