{
  "model": "timesfm2p0",
  "dataset": "ETTh1",
  "method": "BM",
  "ratio": 0.1,
  "term": "long",
  "imputation_method": "forward",
  "n_windows": 15,
  "period": 24,
  "summary": {
    "mean": {
      "trend_strength": 0.9668013514443232,
      "trend_linearity": -0.0007405358628298078,
      "seasonal_strength": 0.868818373632619,
      "seasonal_correlation": 0.9087872407467955,
      "residual_autocorr_lag1": 0.7606925313484384,
      "spectral_entropy": 553.7901921978713
    },
    "std": {
      "trend_strength": 0.0406797818861081,
      "trend_linearity": 0.0012162791882113137,
      "seasonal_strength": 0.2619755804960389,
      "seasonal_correlation": 0.2083763602600566,
      "residual_autocorr_lag1": 0.0617232726753654,
      "spectral_entropy": 476.45222474779456
    },
    "min": {
      "trend_strength": 0.8345980472118419,
      "trend_linearity": -0.0029621781226218265,
      "seasonal_strength": 0.20735620510656638,
      "seasonal_correlation": 0.3701481060333026,
      "residual_autocorr_lag1": 0.6656078518824233,
      "spectral_entropy": -266.11074435654604
    },
    "max": {
      "trend_strength": 0.9947820548052152,
      "trend_linearity": 0.0022309101753538955,
      "seasonal_strength": 0.9983089886809453,
      "seasonal_correlation": 0.9986335924022313,
      "residual_autocorr_lag1": 0.8658644954695363,
      "spectral_entropy": 1399.7925431413894
    }
  }
}