{
  "model": "timesfm2p0",
  "dataset": "ETTh2",
  "method": "BM",
  "ratio": 0.2,
  "term": "long",
  "imputation_method": "linear",
  "n_windows": 15,
  "period": 24,
  "summary": {
    "mean": {
      "trend_strength": 0.96072113185475,
      "trend_linearity": 0.002193358466173151,
      "seasonal_strength": 0.9860966231232785,
      "seasonal_correlation": 0.9968167366135585,
      "residual_autocorr_lag1": 0.7950375595268889,
      "spectral_entropy": 952.7111086891435
    },
    "std": {
      "trend_strength": 0.021384572166048863,
      "trend_linearity": 0.0029908001923513953,
      "seasonal_strength": 0.016561423283794837,
      "seasonal_correlation": 0.002851495260898528,
      "residual_autocorr_lag1": 0.0544357443805838,
      "spectral_entropy": 384.5455885216345
    },
    "min": {
      "trend_strength": 0.9133488576239295,
      "trend_linearity": -0.003634441910119967,
      "seasonal_strength": 0.9308885876818135,
      "seasonal_correlation": 0.9894908023404649,
      "residual_autocorr_lag1": 0.6862642212027626,
      "spectral_entropy": 219.70769372599125
    },
    "max": {
      "trend_strength": 0.9930321513184318,
      "trend_linearity": 0.00857760726309242,
      "seasonal_strength": 0.998748643858479,
      "seasonal_correlation": 0.9993924972637634,
      "residual_autocorr_lag1": 0.874624710950873,
      "spectral_entropy": 1767.904304447011
    }
  }
}