{
  "model": "timesfm2p0",
  "dataset": "ETTm2",
  "method": "clean",
  "ratio": null,
  "term": "long",
  "imputation_method": null,
  "n_windows": 20,
  "period": 96,
  "summary": {
    "mean": {
      "trend_strength": 0.6967883984193646,
      "trend_linearity": 0.0010626573103446988,
      "seasonal_strength": 0.786247538878259,
      "seasonal_correlation": 0.9331326819802189,
      "residual_autocorr_lag1": 0.9424501449177172,
      "spectral_entropy": 1075.1262744827625
    },
    "std": {
      "trend_strength": 0.2486777516798929,
      "trend_linearity": 0.003927815189133389,
      "seasonal_strength": 0.3224986655500073,
      "seasonal_correlation": 0.16851712407411695,
      "residual_autocorr_lag1": 0.04040551416521503,
      "spectral_entropy": 434.38627916443676
    },
    "min": {
      "trend_strength": 0.0,
      "trend_linearity": -0.006425750058734408,
      "seasonal_strength": 0.0039509059184436035,
      "seasonal_correlation": 0.22186132037449133,
      "residual_autocorr_lag1": 0.8487619897450662,
      "spectral_entropy": -188.89019446738334
    },
    "max": {
      "trend_strength": 0.9787013539062835,
      "trend_linearity": 0.0104789546676248,
      "seasonal_strength": 0.9919706406089808,
      "seasonal_correlation": 0.9986163352912857,
      "residual_autocorr_lag1": 0.9975144516287476,
      "spectral_entropy": 1781.0874693632031
    }
  }
}