{
  "model": "timesfm2p0",
  "dataset": "EWELD_Load_15T",
  "method": "BM",
  "ratio": 0.2,
  "term": "long",
  "imputation_method": "backward",
  "n_windows": 18,
  "period": 96,
  "summary": {
    "mean": {
      "trend_strength": 0.293474697549493,
      "trend_linearity": -0.047202606248433816,
      "seasonal_strength": 0.8246856908764129,
      "seasonal_correlation": 0.9468979741624742,
      "residual_autocorr_lag1": 0.9356363266532798,
      "spectral_entropy": 3977.8068774581407
    },
    "std": {
      "trend_strength": 0.286257007873432,
      "trend_linearity": 0.10683475202540667,
      "seasonal_strength": 0.22207438442252692,
      "seasonal_correlation": 0.07880515954825262,
      "residual_autocorr_lag1": 0.04667645279152438,
      "spectral_entropy": 251.20493734687287
    },
    "min": {
      "trend_strength": 0.0,
      "trend_linearity": -0.2721530475531612,
      "seasonal_strength": 0.15244494980845613,
      "seasonal_correlation": 0.7007372510153219,
      "residual_autocorr_lag1": 0.8127925870441018,
      "spectral_entropy": 3319.4178270235566
    },
    "max": {
      "trend_strength": 0.8509327852907475,
      "trend_linearity": 0.13608170709188078,
      "seasonal_strength": 0.9957816471679102,
      "seasonal_correlation": 0.9986928760420455,
      "residual_autocorr_lag1": 0.991009334186695,
      "spectral_entropy": 4271.9923495959565
    }
  }
}