{
  "model": "timesfm2p0",
  "dataset": "EWELD_Load_15T",
  "method": "BM",
  "ratio": 0.3,
  "term": "long",
  "imputation_method": "mean",
  "n_windows": 18,
  "period": 96,
  "summary": {
    "mean": {
      "trend_strength": 0.3249872856825093,
      "trend_linearity": -0.02597215916830875,
      "seasonal_strength": 0.923338659783528,
      "seasonal_correlation": 0.9911449262861507,
      "residual_autocorr_lag1": 0.9329365709102926,
      "spectral_entropy": 3950.616904048224
    },
    "std": {
      "trend_strength": 0.24228504299490738,
      "trend_linearity": 0.05445965285981966,
      "seasonal_strength": 0.06616609010499264,
      "seasonal_correlation": 0.006213183507230816,
      "residual_autocorr_lag1": 0.04356181302238624,
      "spectral_entropy": 235.34978762840538
    },
    "min": {
      "trend_strength": 0.0,
      "trend_linearity": -0.14829092584360548,
      "seasonal_strength": 0.7420336465414847,
      "seasonal_correlation": 0.9745595414164557,
      "residual_autocorr_lag1": 0.8268113869958378,
      "spectral_entropy": 3323.842687472515
    },
    "max": {
      "trend_strength": 0.7843962696838388,
      "trend_linearity": 0.06154864354496991,
      "seasonal_strength": 0.9891877925461345,
      "seasonal_correlation": 0.9974308054626976,
      "residual_autocorr_lag1": 0.989086690713199,
      "spectral_entropy": 4177.559418839672
    }
  }
}