{
  "model": "timesfm2p0",
  "dataset": "EWELD_Load_15T",
  "method": "clean",
  "ratio": null,
  "term": "long",
  "imputation_method": null,
  "n_windows": 18,
  "period": 96,
  "summary": {
    "mean": {
      "trend_strength": 0.4665965406128516,
      "trend_linearity": -0.0383186349560409,
      "seasonal_strength": 0.9575346081576767,
      "seasonal_correlation": 0.9919971468125692,
      "residual_autocorr_lag1": 0.8512254924824038,
      "spectral_entropy": 4083.199228597829
    },
    "std": {
      "trend_strength": 0.26729481025510593,
      "trend_linearity": 0.04879376163546405,
      "seasonal_strength": 0.07849851374736774,
      "seasonal_correlation": 0.018569846375116772,
      "residual_autocorr_lag1": 0.11804984513792798,
      "spectral_entropy": 168.45681099081165
    },
    "min": {
      "trend_strength": 0.00454007333689066,
      "trend_linearity": -0.1480281662612882,
      "seasonal_strength": 0.673585909587822,
      "seasonal_correlation": 0.9171389573875376,
      "residual_autocorr_lag1": 0.5993884041286246,
      "spectral_entropy": 3553.544348648954
    },
    "max": {
      "trend_strength": 0.8819273175922173,
      "trend_linearity": 0.0461050371625665,
      "seasonal_strength": 0.9990889395697184,
      "seasonal_correlation": 0.999597851499055,
      "residual_autocorr_lag1": 0.9865528080764107,
      "spectral_entropy": 4228.087851862198
    }
  }
}