{
  "model": "timesfm2p0",
  "dataset": "EWELD_Load_15T",
  "method": "BM",
  "ratio": 0.2,
  "term": "long",
  "imputation_method": "forward",
  "n_windows": 18,
  "period": 96,
  "summary": {
    "mean": {
      "trend_strength": 0.23074717819100787,
      "trend_linearity": -0.028082316746815137,
      "seasonal_strength": 0.8764855038348861,
      "seasonal_correlation": 0.9731224287427934,
      "residual_autocorr_lag1": 0.9386729670069296,
      "spectral_entropy": 3960.785114493394
    },
    "std": {
      "trend_strength": 0.1752561184725725,
      "trend_linearity": 0.053923606280713465,
      "seasonal_strength": 0.12173363281358447,
      "seasonal_correlation": 0.042877359189126864,
      "residual_autocorr_lag1": 0.048583516680760386,
      "spectral_entropy": 297.564142192921
    },
    "min": {
      "trend_strength": 0.0,
      "trend_linearity": -0.14320793231707976,
      "seasonal_strength": 0.558227858711916,
      "seasonal_correlation": 0.8111647802764239,
      "residual_autocorr_lag1": 0.7978261207156401,
      "spectral_entropy": 3233.043487634245
    },
    "max": {
      "trend_strength": 0.5818407305359048,
      "trend_linearity": 0.045775039908137354,
      "seasonal_strength": 0.9943510791135994,
      "seasonal_correlation": 0.9992523089918809,
      "residual_autocorr_lag1": 0.9888134708725534,
      "spectral_entropy": 4204.229665707973
    }
  }
}