{
  "model": "timesfm2p0",
  "dataset": "exchange_rate",
  "method": "BM",
  "ratio": 0.1,
  "term": "long",
  "imputation_method": "backward",
  "n_windows": 11,
  "period": 7,
  "summary": {
    "mean": {
      "trend_strength": 0.9758817303384352,
      "trend_linearity": -1.215947052177408e-05,
      "seasonal_strength": 0.028564031000801203,
      "seasonal_correlation": 0.06632734193805481,
      "residual_autocorr_lag1": 0.5147860067747688,
      "spectral_entropy": -1514.8725492966807
    },
    "std": {
      "trend_strength": 0.04726189606286051,
      "trend_linearity": 0.00011387973045454791,
      "seasonal_strength": 0.046433460924318555,
      "seasonal_correlation": 0.04439588761415112,
      "residual_autocorr_lag1": 0.14418383003045723,
      "spectral_entropy": 343.3528923986619
    },
    "min": {
      "trend_strength": 0.8737690530236888,
      "trend_linearity": -0.00021774175504551168,
      "seasonal_strength": 0.0,
      "seasonal_correlation": 0.007227384851216154,
      "residual_autocorr_lag1": 0.15245474118504002,
      "spectral_entropy": -2312.0180636740733
    },
    "max": {
      "trend_strength": 0.9998701263823103,
      "trend_linearity": 0.00021280408354676172,
      "seasonal_strength": 0.1454260385403514,
      "seasonal_correlation": 0.1361911070486195,
      "residual_autocorr_lag1": 0.6752499162024046,
      "spectral_entropy": -1020.5371993498267
    }
  }
}