{
  "model": "timesfm2p0",
  "dataset": "exchange_rate",
  "method": "BM",
  "ratio": 0.1,
  "term": "long",
  "imputation_method": "forward",
  "n_windows": 11,
  "period": 7,
  "summary": {
    "mean": {
      "trend_strength": 0.9871292794619496,
      "trend_linearity": -3.1574185956904924e-05,
      "seasonal_strength": 0.0390840357139306,
      "seasonal_correlation": 0.07965993785024962,
      "residual_autocorr_lag1": 0.5536077968063254,
      "spectral_entropy": -1592.9681829805072
    },
    "std": {
      "trend_strength": 0.033695835565801274,
      "trend_linearity": 0.0001026136554368674,
      "seasonal_strength": 0.05174710272431271,
      "seasonal_correlation": 0.03757467851704787,
      "residual_autocorr_lag1": 0.16878021857599232,
      "spectral_entropy": 349.24257843845646
    },
    "min": {
      "trend_strength": 0.8807308596373891,
      "trend_linearity": -0.00021332276203862857,
      "seasonal_strength": 0.0,
      "seasonal_correlation": 0.0020612715984765603,
      "residual_autocorr_lag1": 0.1014622528979568,
      "spectral_entropy": -2202.7391070063595
    },
    "max": {
      "trend_strength": 0.9997673854104925,
      "trend_linearity": 0.00019373020790534813,
      "seasonal_strength": 0.17546795866754628,
      "seasonal_correlation": 0.13758679388988196,
      "residual_autocorr_lag1": 0.8060107018215827,
      "spectral_entropy": -949.0691855348275
    }
  }
}