{
  "model": "timesfm2p0",
  "dataset": "exchange_rate",
  "method": "BM",
  "ratio": 0.3,
  "term": "long",
  "imputation_method": "forward",
  "n_windows": 11,
  "period": 7,
  "summary": {
    "mean": {
      "trend_strength": 0.996391167838281,
      "trend_linearity": -5.4582636273935825e-06,
      "seasonal_strength": 0.032318159073692836,
      "seasonal_correlation": 0.08395691271051307,
      "residual_autocorr_lag1": 0.5973436355914751,
      "spectral_entropy": -1503.7225709539416
    },
    "std": {
      "trend_strength": 0.004612373902103571,
      "trend_linearity": 0.00010763466585305326,
      "seasonal_strength": 0.03595744361775823,
      "seasonal_correlation": 0.05048782588282087,
      "residual_autocorr_lag1": 0.07958385046033187,
      "spectral_entropy": 314.35498028076296
    },
    "min": {
      "trend_strength": 0.9850848237642243,
      "trend_linearity": -0.00013311347587353697,
      "seasonal_strength": 0.0,
      "seasonal_correlation": 0.006330079098569875,
      "residual_autocorr_lag1": 0.3669593103692353,
      "spectral_entropy": -1949.8283008632452
    },
    "max": {
      "trend_strength": 0.9998062752026443,
      "trend_linearity": 0.00022860443072097121,
      "seasonal_strength": 0.10400149078331888,
      "seasonal_correlation": 0.18493231450099498,
      "residual_autocorr_lag1": 0.6889510837092996,
      "spectral_entropy": -983.1267021154506
    }
  }
}