{
  "model": "timesfm2p0",
  "dataset": "exchange_rate",
  "method": "BM",
  "ratio": 0.3,
  "term": "long",
  "imputation_method": "backward",
  "n_windows": 11,
  "period": 7,
  "summary": {
    "mean": {
      "trend_strength": 0.989256844160062,
      "trend_linearity": -1.4523539061400242e-05,
      "seasonal_strength": 0.0691098487243374,
      "seasonal_correlation": 0.09055447339071317,
      "residual_autocorr_lag1": 0.5141286105935666,
      "spectral_entropy": -1588.6688511223665
    },
    "std": {
      "trend_strength": 0.019778812526320782,
      "trend_linearity": 0.00010920160857641856,
      "seasonal_strength": 0.04491816594922922,
      "seasonal_correlation": 0.05112515522597045,
      "residual_autocorr_lag1": 0.10579272539899458,
      "spectral_entropy": 354.4145742254107
    },
    "min": {
      "trend_strength": 0.9366002036408991,
      "trend_linearity": -0.00022385156307033234,
      "seasonal_strength": 0.0,
      "seasonal_correlation": 0.014973014776235933,
      "residual_autocorr_lag1": 0.4093601272002408,
      "spectral_entropy": -2137.9827317673385
    },
    "max": {
      "trend_strength": 0.9999316432784787,
      "trend_linearity": 0.0002220932770921616,
      "seasonal_strength": 0.15900081277479905,
      "seasonal_correlation": 0.17002575648475646,
      "residual_autocorr_lag1": 0.7394432475603899,
      "spectral_entropy": -1039.6612406077998
    }
  }
}