{
  "model": "timesfm2p0",
  "dataset": "Finland_Traffic_15T",
  "method": "BM",
  "ratio": 0.3,
  "term": "long",
  "imputation_method": "forward",
  "n_windows": 20,
  "period": 96,
  "summary": {
    "mean": {
      "trend_strength": 0.1577661372192692,
      "trend_linearity": -0.003618447218983074,
      "seasonal_strength": 0.875941719989999,
      "seasonal_correlation": 0.9695340688801318,
      "residual_autocorr_lag1": 0.949504450499726,
      "spectral_entropy": 3738.4312526841577
    },
    "std": {
      "trend_strength": 0.17492898376644858,
      "trend_linearity": 0.0295865677779323,
      "seasonal_strength": 0.09675816661868723,
      "seasonal_correlation": 0.03399568496247546,
      "residual_autocorr_lag1": 0.030729218437767228,
      "spectral_entropy": 260.82219573005267
    },
    "min": {
      "trend_strength": 0.0,
      "trend_linearity": -0.08616632453397872,
      "seasonal_strength": 0.5564724324957582,
      "seasonal_correlation": 0.8693510595977685,
      "residual_autocorr_lag1": 0.8970949213805197,
      "spectral_entropy": 3016.1581232533545
    },
    "max": {
      "trend_strength": 0.6020579989737416,
      "trend_linearity": 0.05882341315781392,
      "seasonal_strength": 0.9966164562097827,
      "seasonal_correlation": 0.998491131440491,
      "residual_autocorr_lag1": 0.9910976308679403,
      "spectral_entropy": 4153.013997304728
    }
  }
}