{
  "model": "timesfm2p0",
  "dataset": "Finland_Traffic_15T",
  "method": "BM",
  "ratio": 0.2,
  "term": "long",
  "imputation_method": "backward",
  "n_windows": 20,
  "period": 96,
  "summary": {
    "mean": {
      "trend_strength": 0.04921227174177969,
      "trend_linearity": 0.014307978354422764,
      "seasonal_strength": 0.8953036828103155,
      "seasonal_correlation": 0.9749349203575397,
      "residual_autocorr_lag1": 0.9410510071732675,
      "spectral_entropy": 3859.1414705431453
    },
    "std": {
      "trend_strength": 0.07474633140930709,
      "trend_linearity": 0.02673036355983736,
      "seasonal_strength": 0.04423884013696365,
      "seasonal_correlation": 0.021900314491173318,
      "residual_autocorr_lag1": 0.05558260969259508,
      "spectral_entropy": 188.55849552327402
    },
    "min": {
      "trend_strength": 0.0,
      "trend_linearity": -0.045429116012332814,
      "seasonal_strength": 0.823663285384867,
      "seasonal_correlation": 0.9268355601638887,
      "residual_autocorr_lag1": 0.7622850082391979,
      "spectral_entropy": 3234.28851238261
    },
    "max": {
      "trend_strength": 0.2667191248393521,
      "trend_linearity": 0.06219679961801749,
      "seasonal_strength": 0.9772298628609377,
      "seasonal_correlation": 0.9986702677709717,
      "residual_autocorr_lag1": 0.9868323899071525,
      "spectral_entropy": 4110.433049333728
    }
  }
}