window_idx,n_series,trend_strength,trend_linearity,seasonal_strength,seasonal_correlation,residual_autocorr_lag1,spectral_entropy
0,1,0.9915394703532866,-0.00013688221951499636,0.9880805512482654,0.9951434539338444,0.7933176327925066,-322.45513288388486
1,1,0.9977251073944936,-0.0006583798845362259,0.9941841478418538,0.9971312306682689,0.7310370935836169,1.816527396523412
2,1,0.972224207840097,1.8390521240314377e-05,0.9843472816559815,0.9932392472006172,0.8740163294584072,-1344.8765566121315
3,1,0.9966434335409294,0.0005313524712601511,0.9891805995573262,0.9965869314684742,0.7365411983137509,-1184.8268552115812
4,1,0.8578989739137068,8.655373639400874e-05,0.9738321587064457,0.9848209559008139,0.6536095703577384,-1727.0742717052965
5,1,0.9935883775622111,-0.00026181536659390675,0.8438027934177332,0.9657529121576872,0.8563946099319708,274.1254903426092
6,1,0.9819155552231166,-0.00019298538993927904,0.9612187673275869,0.9873399064792414,0.852542961573434,-431.2723047821031
7,1,0.9812148260636804,0.0005513078498603622,0.8959451290435697,0.9738838591331695,0.7298560924920804,-112.61977870740111
