window_idx,n_series,trend_strength,trend_linearity,seasonal_strength,seasonal_correlation,residual_autocorr_lag1,spectral_entropy
0,1,0.9583557707117882,-0.00028776010971946336,0.7702347766096784,0.9684201974117326,0.891828410770288,-241.85981047599353
1,1,0.9984898299930998,-0.001149708415101863,0.9896354695630165,0.9960894953487947,0.7378459792069255,221.084646426248
2,1,0.9914731128921018,0.00045686421363905287,0.9759560238151929,0.9937146724608296,0.8115276833104357,-424.4523968580303
3,1,0.9798470819273368,-0.00026237555875358097,0.7530639571005505,0.8738479264870959,0.7699762033695546,-250.97761149473132
4,1,0.9667741406024255,0.00019462228101267006,0.9200573063747606,0.9500353425695592,0.7594201935870215,-1242.5683538273822
5,1,0.9828845233712646,-0.0004246409989100148,0.49393354260959677,0.8545403367350524,0.6988743950548221,216.88311189706545
6,1,0.994224221030185,0.0005406066527846186,0.9279650537706895,0.9689357175404977,0.8087638865358704,18.12214244768444
7,1,0.9680680137403022,0.0003989597179431982,0.7698076637169936,0.9668552288127882,0.8058325169999474,-451.64164070813837
