{
  "model": "timesfm2p0",
  "dataset": "NE_China_Wind_H",
  "method": "BM",
  "ratio": 0.2,
  "term": "long",
  "imputation_method": "backward",
  "n_windows": 8,
  "period": 24,
  "summary": {
    "mean": {
      "trend_strength": 0.967760044169887,
      "trend_linearity": -0.00022870646275679194,
      "seasonal_strength": 0.8917598307752268,
      "seasonal_correlation": 0.9418769342247505,
      "residual_autocorr_lag1": 0.7479390288139203,
      "spectral_entropy": -680.3610396560186
    },
    "std": {
      "trend_strength": 0.030121969628950463,
      "trend_linearity": 0.0003665550513341284,
      "seasonal_strength": 0.1996770475678389,
      "seasonal_correlation": 0.09345207597209373,
      "residual_autocorr_lag1": 0.06599273121967347,
      "spectral_entropy": 685.5710190870493
    },
    "min": {
      "trend_strength": 0.9139521722984371,
      "trend_linearity": -0.0009917609964316787,
      "seasonal_strength": 0.3699885753996862,
      "seasonal_correlation": 0.7191822077269985,
      "residual_autocorr_lag1": 0.6169517217272474,
      "spectral_entropy": -1507.526046626265
    },
    "max": {
      "trend_strength": 0.9987965565154358,
      "trend_linearity": 0.00012669414325790814,
      "seasonal_strength": 0.9925156743000401,
      "seasonal_correlation": 0.9968678743727037,
      "residual_autocorr_lag1": 0.812972196301067,
      "spectral_entropy": 288.0887158627495
    }
  }
}