{
  "model": "timesfm2p0",
  "dataset": "NE_China_Wind_H",
  "method": "BM",
  "ratio": 0.3,
  "term": "long",
  "imputation_method": "linear",
  "n_windows": 8,
  "period": 24,
  "summary": {
    "mean": {
      "trend_strength": 0.9780572992636772,
      "trend_linearity": -0.000246343961625431,
      "seasonal_strength": 0.7090179097084977,
      "seasonal_correlation": 0.7842238568995918,
      "residual_autocorr_lag1": 0.7979143587375777,
      "spectral_entropy": -748.2597442747552
    },
    "std": {
      "trend_strength": 0.019443540392754654,
      "trend_linearity": 0.0006206076669546522,
      "seasonal_strength": 0.41328008865492577,
      "seasonal_correlation": 0.34273942552587067,
      "residual_autocorr_lag1": 0.08650382694630321,
      "spectral_entropy": 697.1543488929848
    },
    "min": {
      "trend_strength": 0.9329075680565105,
      "trend_linearity": -0.0016728748527730087,
      "seasonal_strength": 0.0003258323777165506,
      "seasonal_correlation": 0.14660504900878055,
      "residual_autocorr_lag1": 0.6087239331770067,
      "spectral_entropy": -1832.7270533884216
    },
    "max": {
      "trend_strength": 0.9991325697958677,
      "trend_linearity": 0.0003034252529900544,
      "seasonal_strength": 0.9914510095283531,
      "seasonal_correlation": 0.9971879440888805,
      "residual_autocorr_lag1": 0.8954217263611192,
      "spectral_entropy": 259.2263937920103
    }
  }
}