{
  "model": "timesfm2p0",
  "dataset": "NE_China_Wind_H",
  "method": "BM",
  "ratio": 0.1,
  "term": "long",
  "imputation_method": "linear",
  "n_windows": 8,
  "period": 24,
  "summary": {
    "mean": {
      "trend_strength": 0.9866369528959797,
      "trend_linearity": -0.00015683371228139337,
      "seasonal_strength": 0.9379582650286423,
      "seasonal_correlation": 0.9834003767315863,
      "residual_autocorr_lag1": 0.7761969973905154,
      "spectral_entropy": -575.8070877714265
    },
    "std": {
      "trend_strength": 0.014116454195000915,
      "trend_linearity": 0.000536959183614821,
      "seasonal_strength": 0.09226351224935804,
      "seasonal_correlation": 0.018994157711601668,
      "residual_autocorr_lag1": 0.0555362900764704,
      "spectral_entropy": 727.4652070547133
    },
    "min": {
      "trend_strength": 0.9618073878268409,
      "trend_linearity": -0.001037375851589947,
      "seasonal_strength": 0.7131081161952549,
      "seasonal_correlation": 0.9415903787930241,
      "residual_autocorr_lag1": 0.6652100021845144,
      "spectral_entropy": -1680.3608348736398
    },
    "max": {
      "trend_strength": 0.9985239057402919,
      "trend_linearity": 0.0005670734106544255,
      "seasonal_strength": 0.9931513294384916,
      "seasonal_correlation": 0.9968431668315411,
      "residual_autocorr_lag1": 0.8530560574256972,
      "spectral_entropy": 468.22268578475985
    }
  }
}