{
  "model": "timesfm2p0",
  "dataset": "OpenElectricity_NEM_5T",
  "method": "BM",
  "ratio": 0.2,
  "term": "long",
  "imputation_method": "backward",
  "n_windows": 20,
  "period": 288,
  "summary": {
    "mean": {
      "trend_strength": 0.3749555920818946,
      "trend_linearity": 0.035585492093831037,
      "seasonal_strength": 0.9701165079424277,
      "seasonal_correlation": 0.9698585741487917,
      "residual_autocorr_lag1": 0.8808771703839813,
      "spectral_entropy": 5064.132452079526
    },
    "std": {
      "trend_strength": 0.28891602295456786,
      "trend_linearity": 0.3285044852550315,
      "seasonal_strength": 0.05506736353531525,
      "seasonal_correlation": 0.03130318843661082,
      "residual_autocorr_lag1": 0.1736858977653627,
      "spectral_entropy": 382.3561821742129
    },
    "min": {
      "trend_strength": 0.0,
      "trend_linearity": -0.5645440817997809,
      "seasonal_strength": 0.7579580928069707,
      "seasonal_correlation": 0.8832539975850522,
      "residual_autocorr_lag1": 0.3014619425866168,
      "spectral_entropy": 4207.120405718222
    },
    "max": {
      "trend_strength": 0.9302499606205986,
      "trend_linearity": 0.8209163652653477,
      "seasonal_strength": 0.9995837375520289,
      "seasonal_correlation": 0.9984027687927709,
      "residual_autocorr_lag1": 0.9984944648053398,
      "spectral_entropy": 5518.698758575611
    }
  }
}