{
  "model": "timesfm2p0",
  "dataset": "OpenElectricity_NEM_5T",
  "method": "BM",
  "ratio": 0.3,
  "term": "long",
  "imputation_method": "forward",
  "n_windows": 20,
  "period": 288,
  "summary": {
    "mean": {
      "trend_strength": 0.4527178389522765,
      "trend_linearity": -0.10654447435879846,
      "seasonal_strength": 0.9545452453438316,
      "seasonal_correlation": 0.9275852977738206,
      "residual_autocorr_lag1": 0.9233330365330567,
      "spectral_entropy": 4825.09359016329
    },
    "std": {
      "trend_strength": 0.23245019712601206,
      "trend_linearity": 0.4473133367883344,
      "seasonal_strength": 0.1049924781275727,
      "seasonal_correlation": 0.12009554469797881,
      "residual_autocorr_lag1": 0.11711809701096594,
      "spectral_entropy": 469.02712549810354
    },
    "min": {
      "trend_strength": 0.004376261399257064,
      "trend_linearity": -1.2463466694366918,
      "seasonal_strength": 0.5070372561541684,
      "seasonal_correlation": 0.44012020484093006,
      "residual_autocorr_lag1": 0.46159770661922983,
      "spectral_entropy": 3932.7079696117
    },
    "max": {
      "trend_strength": 0.8678606405494885,
      "trend_linearity": 0.6173588306651315,
      "seasonal_strength": 0.9994075378218021,
      "seasonal_correlation": 0.9954116314930814,
      "residual_autocorr_lag1": 0.9964320446788623,
      "spectral_entropy": 5431.361885779861
    }
  }
}