{
  "model": "timesfm2p0",
  "dataset": "OpenElectricity_NEM_5T",
  "method": "BM",
  "ratio": 0.1,
  "term": "long",
  "imputation_method": "forward",
  "n_windows": 20,
  "period": 288,
  "summary": {
    "mean": {
      "trend_strength": 0.5462785439490749,
      "trend_linearity": -0.010300591512195544,
      "seasonal_strength": 0.988239186991936,
      "seasonal_correlation": 0.9766560439611937,
      "residual_autocorr_lag1": 0.8828221501056392,
      "spectral_entropy": 5153.500155752965
    },
    "std": {
      "trend_strength": 0.31055688655602176,
      "trend_linearity": 0.48579843812056556,
      "seasonal_strength": 0.014713524729460258,
      "seasonal_correlation": 0.03502792153537875,
      "residual_autocorr_lag1": 0.16890498147257862,
      "spectral_entropy": 333.43207515824395
    },
    "min": {
      "trend_strength": 0.0,
      "trend_linearity": -1.5168682276321275,
      "seasonal_strength": 0.9516707602810156,
      "seasonal_correlation": 0.8393915135827129,
      "residual_autocorr_lag1": 0.44882367893415864,
      "spectral_entropy": 4291.36399662491
    },
    "max": {
      "trend_strength": 0.8980797362186999,
      "trend_linearity": 0.5955937261563584,
      "seasonal_strength": 0.9996695323786718,
      "seasonal_correlation": 0.9971763084261283,
      "residual_autocorr_lag1": 0.9958487264440997,
      "spectral_entropy": 5577.300453553006
    }
  }
}