{
  "model": "timesfm2p0",
  "dataset": "OpenElectricity_NEM_5T",
  "method": "BM",
  "ratio": 0.1,
  "term": "long",
  "imputation_method": "mean",
  "n_windows": 20,
  "period": 288,
  "summary": {
    "mean": {
      "trend_strength": 0.45150027930603764,
      "trend_linearity": 0.033397968629993155,
      "seasonal_strength": 0.9933294288586818,
      "seasonal_correlation": 0.9865335880764257,
      "residual_autocorr_lag1": 0.8542986044648391,
      "spectral_entropy": 5031.733252414785
    },
    "std": {
      "trend_strength": 0.3177734233095856,
      "trend_linearity": 0.2945123940385416,
      "seasonal_strength": 0.006406428047476471,
      "seasonal_correlation": 0.012275248962531729,
      "residual_autocorr_lag1": 0.16323419416401014,
      "spectral_entropy": 456.6718092126682
    },
    "min": {
      "trend_strength": 0.051218988930951004,
      "trend_linearity": -0.5565665833287117,
      "seasonal_strength": 0.9794371009075604,
      "seasonal_correlation": 0.9489889080955168,
      "residual_autocorr_lag1": 0.3764386431023151,
      "spectral_entropy": 3848.4734336749125
    },
    "max": {
      "trend_strength": 0.9172871243866574,
      "trend_linearity": 0.7957427969380853,
      "seasonal_strength": 0.9997532427316846,
      "seasonal_correlation": 0.9983609642570341,
      "residual_autocorr_lag1": 0.996771457657156,
      "spectral_entropy": 5529.948878619236
    }
  }
}