window_idx,n_series,trend_strength,trend_linearity,seasonal_strength,seasonal_correlation,residual_autocorr_lag1,spectral_entropy
0,1,0.971451068555804,3.7988846840025285,0.0,0.07197568154194905,0.5675424149077269,3345.0963370697095
1,1,0.9834423276535038,7.748435127243253,0.0,0.043877561684991254,0.43121831288771073,3563.7892329305587
2,1,0.9806996198943504,7.407233911346299,0.0,0.09258079435308975,0.47955184723245814,3555.3248678367145
