window_idx,n_series,trend_strength,trend_linearity,seasonal_strength,seasonal_correlation,residual_autocorr_lag1,spectral_entropy
0,1,0.971451068555804,3.7988846840025285,0.0,0.07197568154194905,0.5675424149077269,3345.0963370697095
1,1,0.9627499866286977,4.223004017871626,0.030889486125147747,0.06479926445984846,0.6548616215438254,3478.6666227975693
2,1,0.9651373879153882,4.9105365109135555,0.017549948462460385,0.17105267839971167,0.7620474254057124,3413.607673806456
