window_idx,n_series,trend_strength,trend_linearity,seasonal_strength,seasonal_correlation,residual_autocorr_lag1,spectral_entropy
0,1,0.9900763148478884,4.447263665896499,0.10732806343491696,0.21989964875415002,0.48763509144867273,3362.079939642756
1,1,0.9530390067566717,-0.7957201664863738,0.011635765027636746,0.03852906372933696,0.7117960190797454,3212.148774848728
2,1,0.9862563624180579,3.716839281647424,0.058104134754550785,0.21423575028152136,0.511228617727768,3289.8511369500566
