window_idx,n_series,trend_strength,trend_linearity,seasonal_strength,seasonal_correlation,residual_autocorr_lag1,spectral_entropy
0,1,0.971451068555804,3.7988846840025285,0.0,0.07197568154194905,0.5675424149077269,3345.0963370697095
1,1,0.9778607513272446,6.878431899654285,0.0,0.060349079025506375,0.3303990812028468,3479.196497129373
2,1,0.9809714973714622,4.56860756348995,0.09161737947063153,0.07615989488811349,0.5831305017449444,3455.4255296122446
