window_idx,n_series,trend_strength,trend_linearity,seasonal_strength,seasonal_correlation,residual_autocorr_lag1,spectral_entropy
0,1,0.9762820889651579,5.234609545692791,0.0,0.06434972471130387,0.3665831259593242,3469.128173426341
1,1,0.9813751790990888,4.518227973344061,0.0,0.02477861411856032,0.6818775534597834,3775.042768076274
2,1,0.9755528554968946,4.180566183423733,0.06696927919392559,0.12701395607645444,0.5627119460295144,3505.3326339240775
