{
  "model": "timesfm2p0",
  "dataset": "Supply_Chain_Location_D",
  "method": "BM",
  "ratio": 0.3,
  "term": "long",
  "imputation_method": "backward",
  "n_windows": 3,
  "period": 7,
  "summary": {
    "mean": {
      "trend_strength": 0.931212876287539,
      "trend_linearity": -1.9104435388102026,
      "seasonal_strength": 0.9847471506185417,
      "seasonal_correlation": 0.9839788282668667,
      "residual_autocorr_lag1": 0.4824772998608758,
      "spectral_entropy": 4743.662379880252
    },
    "std": {
      "trend_strength": 0.03244037898148832,
      "trend_linearity": 7.956927837001355,
      "seasonal_strength": 0.008648519664633801,
      "seasonal_correlation": 0.009162355049229826,
      "residual_autocorr_lag1": 0.10054048925379824,
      "spectral_entropy": 64.94643984838027
    },
    "min": {
      "trend_strength": 0.9079339158109727,
      "trend_linearity": -8.241998322658292,
      "seasonal_strength": 0.9745475425867984,
      "seasonal_correlation": 0.9718251028558831,
      "residual_autocorr_lag1": 0.3408824043199057,
      "spectral_entropy": 4652.167009882973
    },
    "max": {
      "trend_strength": 0.9770888105192155,
      "trend_linearity": 9.311549554000852,
      "seasonal_strength": 0.9956925799716578,
      "seasonal_correlation": 0.9939464934664501,
      "residual_autocorr_lag1": 0.5644885398822456,
      "spectral_entropy": 4796.374835174072
    }
  }
}