window_idx,n_series,trend_strength,trend_linearity,seasonal_strength,seasonal_correlation,residual_autocorr_lag1,spectral_entropy
0,1,0.971095871545518,17.59639621209203,0.9933349900668574,0.9903039610996359,0.5744518203889059,5045.456466777604
1,1,0.9793072188009987,-5.3701933035490645,0.9954727537024537,0.9964107063650467,0.3221916552643332,5168.112165450613
2,1,0.9357490110665487,-5.535649155584264,0.9906165167179538,0.9898034177480547,0.3735349889757518,5141.946011410151
