window_idx,n_series,trend_strength,trend_linearity,seasonal_strength,seasonal_correlation,residual_autocorr_lag1,spectral_entropy
0,1,0.950336407800924,0.1949541134326409,0.9971936475343632,0.9943646432294462,0.40830130190840613,5076.089588316598
1,1,0.9294446260648739,15.647533093447665,0.9954795081093261,0.9924739231022758,0.4176586956096382,5068.516708581537
2,1,0.9194357180284028,-12.78535035760986,0.9928484539036636,0.9919439549911271,0.27840520434545885,5116.552636906382
