{
  "model": "timesfm2p0",
  "dataset": "Supply_Chain_Location_D",
  "method": "BM",
  "ratio": 0.3,
  "term": "long",
  "imputation_method": "forward",
  "n_windows": 3,
  "period": 7,
  "summary": {
    "mean": {
      "trend_strength": 0.9300408473491562,
      "trend_linearity": 3.8452124521910136,
      "seasonal_strength": 0.9806459660906298,
      "seasonal_correlation": 0.9721318019780704,
      "residual_autocorr_lag1": 0.42494180335539583,
      "spectral_entropy": 4689.418326789896
    },
    "std": {
      "trend_strength": 0.01722447512575781,
      "trend_linearity": 13.175179145151482,
      "seasonal_strength": 0.011007770765743767,
      "seasonal_correlation": 0.013835789667673704,
      "residual_autocorr_lag1": 0.13122339275460965,
      "spectral_entropy": 60.470487735694114
    },
    "min": {
      "trend_strength": 0.9086646543543127,
      "trend_linearity": -14.602630980932435,
      "seasonal_strength": 0.9692004935493487,
      "seasonal_correlation": 0.9598364738487736,
      "residual_autocorr_lag1": 0.2531063951827139,
      "spectral_entropy": 4604.078716689544
    },
    "max": {
      "trend_strength": 0.9508441598512996,
      "trend_linearity": 15.335369540569808,
      "seasonal_strength": 0.9955069404068035,
      "seasonal_correlation": 0.991461358669988,
      "residual_autocorr_lag1": 0.5715539271410934,
      "spectral_entropy": 4736.871754048094
    }
  }
}