{
  "model": "timesfm2p0",
  "dataset": "Supply_Chain_Location_D",
  "method": "BM",
  "ratio": 0.1,
  "term": "long",
  "imputation_method": "linear",
  "n_windows": 3,
  "period": 7,
  "summary": {
    "mean": {
      "trend_strength": 0.9661812182288623,
      "trend_linearity": -0.0616005484953727,
      "seasonal_strength": 0.9925462715664272,
      "seasonal_correlation": 0.9927942480585322,
      "residual_autocorr_lag1": 0.3661867930501453,
      "spectral_entropy": 4791.401896715189
    },
    "std": {
      "trend_strength": 0.01931512921598536,
      "trend_linearity": 7.701469505922511,
      "seasonal_strength": 0.002588374522925484,
      "seasonal_correlation": 0.0011600220158086122,
      "residual_autocorr_lag1": 0.11492715996220784,
      "spectral_entropy": 103.34420433203414
    },
    "min": {
      "trend_strength": 0.9466536053411168,
      "trend_linearity": -10.135855385309537,
      "seasonal_strength": 0.990188270345296,
      "seasonal_correlation": 0.9911589289926089,
      "residual_autocorr_lag1": 0.24162824516234027,
      "spectral_entropy": 4660.237371646158
    },
    "max": {
      "trend_strength": 0.9924863540064096,
      "trend_linearity": 8.560354751160169,
      "seasonal_strength": 0.9961500189034062,
      "seasonal_correlation": 0.9937249353766259,
      "residual_autocorr_lag1": 0.5188887093826078,
      "spectral_entropy": 4912.813697812131
    }
  }
}