window_idx,n_series,trend_strength,trend_linearity,seasonal_strength,seasonal_correlation,residual_autocorr_lag1,spectral_entropy
0,1,0.961033841770774,25.724699023388272,0.9878323537323396,0.9483781540954541,0.10938893905900182,5188.553945726469
1,1,0.9268158187885268,12.663250419941289,0.9905385313713614,0.9763467022038573,0.029632044027660637,5167.513188279354
2,1,0.8916877713134596,23.197139146859023,0.9933972254699394,0.9778019078948234,0.19168473443671016,5150.397168860556
