window_idx,n_series,trend_strength,trend_linearity,seasonal_strength,seasonal_correlation,residual_autocorr_lag1,spectral_entropy
0,1,0.9422913995068234,3.5070986670389526,0.99757247420963,0.9952540474097856,0.47860004360081293,4723.295838128138
1,1,0.9150679856893903,0.5736984308103248,0.9821293872099337,0.9850466116047388,0.1701787838309219,4184.488094599873
2,1,0.9632785030328647,19.19815179534161,0.9944388496609952,0.9876091342576994,0.1297551629296501,4674.997007030852
