window_idx,n_series,trend_strength,trend_linearity,seasonal_strength,seasonal_correlation,residual_autocorr_lag1,spectral_entropy
0,1,0.9431867014904828,3.4941968816455713,0.9975914077829843,0.9949981926737562,0.4603413603769607,4721.955552971926
1,1,0.99812588791866,-40.410373232095154,0.9806570397413061,0.9872767627186559,0.4042549959497626,4671.1680587187175
2,1,0.9726102133899155,14.281729941907315,0.9864644980074445,0.9858723826879455,0.3146688124858772,4685.232861304028
