window_idx,n_series,trend_strength,trend_linearity,seasonal_strength,seasonal_correlation,residual_autocorr_lag1,spectral_entropy
0,1,0.9953706382095534,-57.37448442383429,0.9968874085467345,0.9950603606178553,0.2867215296263943,4949.545300685281
1,1,0.9785404353079303,23.198435848909472,0.9961542430951986,0.9802636427375957,0.19672753332551227,5229.833187813003
2,1,0.9657593198631338,25.83603565807821,0.994300995526922,0.9948988561475534,0.37203232411811127,5203.446307761069
