window_idx,n_series,trend_strength,trend_linearity,seasonal_strength,seasonal_correlation,residual_autocorr_lag1,spectral_entropy
0,1,0.907520435245452,-12.378103287311434,0.9953154101608535,0.997207090423521,0.6114569769892985,5090.490678891117
1,1,0.9831048991188587,22.580055207009654,0.9985883885141245,0.9972663431661649,0.26191103900465434,5255.3782427807055
2,1,0.9705083154894529,23.90451077578359,0.9975871724008861,0.9966909144403799,0.36986611287250337,5274.186011596854
