window_idx,n_series,trend_strength,trend_linearity,seasonal_strength,seasonal_correlation,residual_autocorr_lag1,spectral_entropy
0,1,0.897477845189623,5.454410477799713,0.989605300194671,0.9425902899525764,0.10818724051283346,4742.532022899858
1,1,0.9217024254142104,-1.2736688481299316,0.9761258443016346,0.9657759444506796,0.23851990383745458,3856.306815417119
2,1,0.9481563892425783,15.640831546127414,0.9939215085117103,0.9744282780256854,0.23986753588492252,4738.250869642541
