{
  "model": "timesfm2p0",
  "dataset": "traffic",
  "method": "BM",
  "ratio": 0.1,
  "term": "long",
  "imputation_method": "linear",
  "n_windows": 15,
  "period": 24,
  "summary": {
    "mean": {
      "trend_strength": 0.27531182948127814,
      "trend_linearity": -8.122352577854799e-07,
      "seasonal_strength": 0.9373100741123349,
      "seasonal_correlation": 0.992583017480666,
      "residual_autocorr_lag1": 0.853725677566721,
      "spectral_entropy": -2758.012884899471
    },
    "std": {
      "trend_strength": 0.10806721433606162,
      "trend_linearity": 2.3135828524603724e-06,
      "seasonal_strength": 0.014749394465797106,
      "seasonal_correlation": 0.005402679707487016,
      "residual_autocorr_lag1": 0.030675337533713376,
      "spectral_entropy": 98.20718829342202
    },
    "min": {
      "trend_strength": 0.12000638620847026,
      "trend_linearity": -6.430736915169531e-06,
      "seasonal_strength": 0.9058424306237136,
      "seasonal_correlation": 0.9812466139749405,
      "residual_autocorr_lag1": 0.8062400200527993,
      "spectral_entropy": -2927.8160445709173
    },
    "max": {
      "trend_strength": 0.49450979125433947,
      "trend_linearity": 3.398759237843089e-06,
      "seasonal_strength": 0.9664869704834745,
      "seasonal_correlation": 0.9986984588372803,
      "residual_autocorr_lag1": 0.9088662657305254,
      "spectral_entropy": -2592.2693101729687
    }
  }
}