{
  "model": "timesfm2p0",
  "dataset": "traffic",
  "method": "BM",
  "ratio": 0.3,
  "term": "long",
  "imputation_method": "mean",
  "n_windows": 15,
  "period": 24,
  "summary": {
    "mean": {
      "trend_strength": 0.3662326122934046,
      "trend_linearity": 1.0220001905308675e-08,
      "seasonal_strength": 0.9204099961581597,
      "seasonal_correlation": 0.9443557204891017,
      "residual_autocorr_lag1": 0.8364667720168854,
      "spectral_entropy": -2880.8412790235016
    },
    "std": {
      "trend_strength": 0.20345141834334574,
      "trend_linearity": 2.888360917608125e-06,
      "seasonal_strength": 0.11032885442390016,
      "seasonal_correlation": 0.1666476785160294,
      "residual_autocorr_lag1": 0.09285030613814628,
      "spectral_entropy": 404.4644714834687
    },
    "min": {
      "trend_strength": 0.011264709701121811,
      "trend_linearity": -7.15575773673117e-06,
      "seasonal_strength": 0.5138765584288346,
      "seasonal_correlation": 0.3214102169899585,
      "residual_autocorr_lag1": 0.5163302318321449,
      "spectral_entropy": -4239.4173655426675
    },
    "max": {
      "trend_strength": 0.7909011934806451,
      "trend_linearity": 5.822513283774797e-06,
      "seasonal_strength": 0.9802389286796364,
      "seasonal_correlation": 0.9969427545993066,
      "residual_autocorr_lag1": 0.923895391674301,
      "spectral_entropy": -2523.2558562041604
    }
  }
}