{
  "model": "timesfm2p0",
  "dataset": "traffic",
  "method": "BM",
  "ratio": 0.1,
  "term": "long",
  "imputation_method": "backward",
  "n_windows": 15,
  "period": 24,
  "summary": {
    "mean": {
      "trend_strength": 0.3487880113105199,
      "trend_linearity": 9.494795982116888e-06,
      "seasonal_strength": 0.8601082564018646,
      "seasonal_correlation": 0.9597457847429799,
      "residual_autocorr_lag1": 0.8342914868841079,
      "spectral_entropy": -2493.1853374525517
    },
    "std": {
      "trend_strength": 0.23234729499531895,
      "trend_linearity": 2.5515992134339116e-05,
      "seasonal_strength": 0.1731430294443262,
      "seasonal_correlation": 0.07372788230134084,
      "residual_autocorr_lag1": 0.06822022696588621,
      "spectral_entropy": 514.7765089606124
    },
    "min": {
      "trend_strength": 0.11210636891261028,
      "trend_linearity": -9.622005034907242e-06,
      "seasonal_strength": 0.3111165154735519,
      "seasonal_correlation": 0.7427377398202445,
      "residual_autocorr_lag1": 0.6979516886017672,
      "spectral_entropy": -2909.125976814259
    },
    "max": {
      "trend_strength": 0.8775369695534181,
      "trend_linearity": 8.471515145163403e-05,
      "seasonal_strength": 0.9547382841420603,
      "seasonal_correlation": 0.9983216881094782,
      "residual_autocorr_lag1": 0.9305817137847777,
      "spectral_entropy": -1189.2013032688292
    }
  }
}