{
  "model": "timesfm2p0",
  "dataset": "traffic",
  "method": "BM",
  "ratio": 0.3,
  "term": "long",
  "imputation_method": "forward",
  "n_windows": 15,
  "period": 24,
  "summary": {
    "mean": {
      "trend_strength": 0.47622362311259026,
      "trend_linearity": 1.9257556076504877e-06,
      "seasonal_strength": 0.8794690071902439,
      "seasonal_correlation": 0.9599850009830996,
      "residual_autocorr_lag1": 0.7418526646300648,
      "spectral_entropy": -2439.2650760869788
    },
    "std": {
      "trend_strength": 0.19201810828361485,
      "trend_linearity": 1.1065711055943006e-05,
      "seasonal_strength": 0.1562439502907604,
      "seasonal_correlation": 0.06975891335445888,
      "residual_autocorr_lag1": 0.10844074585853061,
      "spectral_entropy": 598.0074974108587
    },
    "min": {
      "trend_strength": 0.13532737390575145,
      "trend_linearity": -1.0940700594402843e-05,
      "seasonal_strength": 0.40512312662478356,
      "seasonal_correlation": 0.7127241098700451,
      "residual_autocorr_lag1": 0.5367757520421618,
      "spectral_entropy": -3276.95298066109
    },
    "max": {
      "trend_strength": 0.7007500549448161,
      "trend_linearity": 2.738634075531443e-05,
      "seasonal_strength": 0.9949820495607613,
      "seasonal_correlation": 0.9981726771897512,
      "residual_autocorr_lag1": 0.9018587364546968,
      "spectral_entropy": -1488.2842146622886
    }
  }
}