{
  "model": "timesfm2p0",
  "dataset": "traffic",
  "method": "clean",
  "ratio": null,
  "term": "long",
  "imputation_method": null,
  "n_windows": 15,
  "period": 24,
  "summary": {
    "mean": {
      "trend_strength": 0.2554485858887161,
      "trend_linearity": -1.3672511484273576e-06,
      "seasonal_strength": 0.9349159951423139,
      "seasonal_correlation": 0.9913530248131227,
      "residual_autocorr_lag1": 0.8486643458013208,
      "spectral_entropy": -2761.7240560915043
    },
    "std": {
      "trend_strength": 0.0909027735811398,
      "trend_linearity": 3.0250608495031687e-06,
      "seasonal_strength": 0.009082172443618803,
      "seasonal_correlation": 0.005960013256054317,
      "residual_autocorr_lag1": 0.04076057472306272,
      "spectral_entropy": 98.91388750312511
    },
    "min": {
      "trend_strength": 0.1276281395246146,
      "trend_linearity": -9.266596001214496e-06,
      "seasonal_strength": 0.9190610912059513,
      "seasonal_correlation": 0.9783999204261972,
      "residual_autocorr_lag1": 0.7168861587867164,
      "spectral_entropy": -2929.486615508086
    },
    "max": {
      "trend_strength": 0.44116285175911585,
      "trend_linearity": 2.8040156828797527e-06,
      "seasonal_strength": 0.9547654180869736,
      "seasonal_correlation": 0.9977748558982441,
      "residual_autocorr_lag1": 0.8917821604582777,
      "spectral_entropy": -2581.391726405821
    }
  }
}