{
  "model": "timesfm2p0",
  "dataset": "Water_Quality_Darwin_15T",
  "method": "BM",
  "ratio": 0.3,
  "term": "long",
  "imputation_method": "backward",
  "n_windows": 16,
  "period": 96,
  "summary": {
    "mean": {
      "trend_strength": 0.6954774641368532,
      "trend_linearity": 0.0009934479597566066,
      "seasonal_strength": 0.25719208866923193,
      "seasonal_correlation": 0.6537210124014514,
      "residual_autocorr_lag1": 0.9319029293021761,
      "spectral_entropy": 481.8447193112588
    },
    "std": {
      "trend_strength": 0.20983416153123652,
      "trend_linearity": 0.0018741776054427913,
      "seasonal_strength": 0.25978366528479324,
      "seasonal_correlation": 0.19842818135246187,
      "residual_autocorr_lag1": 0.03991566179430511,
      "spectral_entropy": 537.1971259134243
    },
    "min": {
      "trend_strength": 0.16692322180620933,
      "trend_linearity": -0.0022942566130644236,
      "seasonal_strength": 0.0,
      "seasonal_correlation": 0.3484734192986021,
      "residual_autocorr_lag1": 0.8454922050354162,
      "spectral_entropy": -282.1777566265127
    },
    "max": {
      "trend_strength": 0.9554695659733249,
      "trend_linearity": 0.005902206122390237,
      "seasonal_strength": 0.8443310100708823,
      "seasonal_correlation": 0.9905321090118997,
      "residual_autocorr_lag1": 0.9815783684120654,
      "spectral_entropy": 1374.7011218726102
    }
  }
}