{
  "model": "timesfm2p0",
  "dataset": "Water_Quality_Darwin_15T",
  "method": "BM",
  "ratio": 0.1,
  "term": "long",
  "imputation_method": "backward",
  "n_windows": 16,
  "period": 96,
  "summary": {
    "mean": {
      "trend_strength": 0.7438953293113536,
      "trend_linearity": 0.0012365197759747523,
      "seasonal_strength": 0.21614315492971403,
      "seasonal_correlation": 0.5321829879995507,
      "residual_autocorr_lag1": 0.9322863014852214,
      "spectral_entropy": 525.9065167698625
    },
    "std": {
      "trend_strength": 0.18753508799253915,
      "trend_linearity": 0.0019793706417158023,
      "seasonal_strength": 0.26098458831230975,
      "seasonal_correlation": 0.2505748359756383,
      "residual_autocorr_lag1": 0.031757276512127536,
      "spectral_entropy": 569.1294167704622
    },
    "min": {
      "trend_strength": 0.2660776192686545,
      "trend_linearity": -0.0011472682410492133,
      "seasonal_strength": 0.0,
      "seasonal_correlation": 0.11579699877943798,
      "residual_autocorr_lag1": 0.8434279802847752,
      "spectral_entropy": -581.526256125255
    },
    "max": {
      "trend_strength": 0.9339067577372773,
      "trend_linearity": 0.008205333470673412,
      "seasonal_strength": 0.7997367555382076,
      "seasonal_correlation": 0.9844670790807271,
      "residual_autocorr_lag1": 0.9723604532937786,
      "spectral_entropy": 1686.2413278070724
    }
  }
}