{
  "model": "timesfm2p0",
  "dataset": "weather",
  "method": "BM",
  "ratio": 0.1,
  "term": "long",
  "imputation_method": "linear",
  "n_windows": 20,
  "period": 144,
  "summary": {
    "mean": {
      "trend_strength": 0.535437968960698,
      "trend_linearity": 0.003344204594003602,
      "seasonal_strength": 0.8402149026009796,
      "seasonal_correlation": 0.9346211757095853,
      "residual_autocorr_lag1": 0.9795051318850915,
      "spectral_entropy": 1407.9321066946668
    },
    "std": {
      "trend_strength": 0.2730214023604045,
      "trend_linearity": 0.012292564975140877,
      "seasonal_strength": 0.18702216268778532,
      "seasonal_correlation": 0.10099018432793314,
      "residual_autocorr_lag1": 0.019041116559903423,
      "spectral_entropy": 559.7812792326083
    },
    "min": {
      "trend_strength": 0.0,
      "trend_linearity": -0.014138715647320605,
      "seasonal_strength": 0.15522630383203662,
      "seasonal_correlation": 0.5302991867498721,
      "residual_autocorr_lag1": 0.9068197786431234,
      "spectral_entropy": 231.47174498430167
    },
    "max": {
      "trend_strength": 0.9221244913682529,
      "trend_linearity": 0.03893748005959219,
      "seasonal_strength": 0.9840080097090964,
      "seasonal_correlation": 0.997266478105289,
      "residual_autocorr_lag1": 0.9974979575269147,
      "spectral_entropy": 2503.0319668616808
    }
  }
}