{
  "model": "timesfm2p0",
  "dataset": "weather",
  "method": "BM",
  "ratio": 0.3,
  "term": "long",
  "imputation_method": "forward",
  "n_windows": 20,
  "period": 144,
  "summary": {
    "mean": {
      "trend_strength": 0.5861349913744712,
      "trend_linearity": 0.0008734427618967156,
      "seasonal_strength": 0.6338505655360935,
      "seasonal_correlation": 0.8459959528596623,
      "residual_autocorr_lag1": 0.9708376905381784,
      "spectral_entropy": 1284.83013450757
    },
    "std": {
      "trend_strength": 0.27974518148871336,
      "trend_linearity": 0.011591273748871188,
      "seasonal_strength": 0.34226875779286714,
      "seasonal_correlation": 0.2018076525822551,
      "residual_autocorr_lag1": 0.021183234712132595,
      "spectral_entropy": 585.2314305553533
    },
    "min": {
      "trend_strength": 0.0,
      "trend_linearity": -0.028840979720083888,
      "seasonal_strength": 0.0,
      "seasonal_correlation": 0.3313649329044188,
      "residual_autocorr_lag1": 0.9324959392518842,
      "spectral_entropy": 413.8851414027435
    },
    "max": {
      "trend_strength": 0.9270105842971202,
      "trend_linearity": 0.020450920222782682,
      "seasonal_strength": 0.9761602323871574,
      "seasonal_correlation": 0.9904953251980249,
      "residual_autocorr_lag1": 0.9942727198974255,
      "spectral_entropy": 2584.631311821207
    }
  }
}