metric,value
eval_data,datasets\Impute\MCAR_005\linear\ETTm2_MCAR_005_long.csv
clean_data,datasets\ori\ETTm2.csv
freq,T
term,long
prediction_length,720
windows,10
MSE[mean],25.6847265625
MSE[0.5],25.605920138888887
MAE[0.5],3.957033420138889
MASE[0.5],0.6617160193473343
MAPE[0.5],0.12194346110026041
sMAPE[0.5],0.12101183227329922
MSIS,6.144954750491416
RMSE[mean],5.068010118626442
NRMSE[mean],0.1530983567335314
ND[0.5],0.11953711614275953
mean_weighted_sum_quantile_loss,0.09743806668887621
