metric,value
eval_data,datasets\Impute\MCAR_010\forward\ETTh1_MCAR_010_long.csv
clean_data,datasets\ori\ETTh1.csv
freq,H
term,long
prediction_length,720
windows,3
MSE[mean],7.27544261791088
MSE[0.5],7.103806785300926
MAE[0.5],1.9942448368778936
MASE[0.5],0.9071486738333207
MAPE[0.5],0.2703653499311195
sMAPE[0.5],0.24045209549612154
MSIS,9.068152782341183
RMSE[mean],2.6973028413418616
NRMSE[mean],0.291731717855812
ND[0.5],0.21569119461500424
mean_weighted_sum_quantile_loss,0.17727824158305838
