metric,value
eval_data,datasets\Impute\MCAR_010\forward\ETTm1_MCAR_010_long.csv
clean_data,datasets\ori\ETTm1.csv
freq,T
term,long
prediction_length,720
windows,10
MSE[mean],6.424281684027778
MSE[0.5],6.408739149305555
MAE[0.5],1.9125288899739583
MASE[0.5],0.514556887942661
MAPE[0.5],0.2262715318467882
sMAPE[0.5],0.20578506882696238
MSIS,5.664896793247438
RMSE[mean],2.5346166739820397
NRMSE[mean],0.26362338192344603
ND[0.5],0.19892054651763952
mean_weighted_sum_quantile_loss,0.1632740026233043
