date,OT
1990-01-01,0.593
1990-01-02,0.594
1990-01-03,0.5973
1990-01-04,0.597
1990-01-05,0.5985
1990-01-06,0.604
1990-01-07,0.607
1990-01-08,0.6084
1990-01-09,0.6115
1990-01-10,0.609
1990-01-11,0.612
1990-01-12,0.614
1990-01-13,0.6106
1990-01-14,0.6118
1990-01-15,0.6052
1990-01-16,0.5915
1990-01-17,0.5945
1990-01-18,0.5928
1990-01-19,0.595
1990-01-20,0.597
1990-01-21,0.602
1990-01-22,0.5983
1990-01-23,0.6003
1990-01-24,0.5998
1990-01-25,0.5814206442083986
1990-01-26,0.5842359850703883
1990-01-27,0.5874862199284636
1990-01-28,0.5891523941229644
1990-01-29,0.5873438103375223
1990-01-30,0.5842361791266734
1990-01-31,0.5824426485644902
1990-02-01,0.5844323215168442
1990-02-02,0.5872103550580223
1990-02-03,0.5888450713425911
1990-02-04,0.5899430348731386
1990-02-05,0.5883695364159391
1990-02-06,0.5849974203496542
1990-02-07,0.5822175086208594
1990-02-08,0.5826971325906618
1990-02-09,0.5842247367364337
1990-02-10,0.5828387174423915
1990-02-11,0.5801755790831591
1990-02-12,0.5804043021374828
1990-02-13,0.5824338675175893
1990-02-14,0.5851605939631017
1990-02-15,0.587365939684606
1990-02-16,0.5864508742027708
1990-02-17,0.5827747689658674
1990-02-18,0.5819606647316493
1990-02-19,0.5846143081940747
1990-02-20,0.5858920925950992
1990-02-21,0.5856774420867364
1990-02-22,0.5828709307857189
1990-02-23,0.5806718953587715
1990-02-24,0.579775164730588
1990-02-25,0.5796872433722717
1990-02-26,0.5805284115276805
1990-02-27,0.5823155313018735
1990-02-28,0.5825935377220326
1990-03-01,0.5821183008103898
1990-03-02,0.5819692205346481
1990-03-03,0.5822209704463741
1990-03-04,0.5825196438608968
1990-03-05,0.5833363262714741
1990-03-06,0.5843357681191316
1990-03-07,0.5846918267493928
1990-03-08,0.5844027903086
1990-03-09,0.5848364367999955
1990-03-10,0.5869346721153483
1990-03-11,0.588532633792989
1990-03-12,0.58964741264717
1990-03-13,0.5902881657088448
1990-03-14,0.5891697656257722
1990-03-15,0.5879815070127067
1990-03-16,0.5788
1990-03-17,0.5815
1990-03-18,0.5827
1990-03-19,0.5828
1990-03-20,0.5818
1990-03-21,0.5817
1990-03-22,0.5755
1990-03-23,0.5735
1990-03-24,0.5748
1990-03-25,0.5685
1990-03-26,0.5708
1990-03-27,0.5727
1990-03-28,0.5726
1990-03-29,0.5726
1990-03-30,0.5747
1990-03-31,0.5721
1990-04-01,0.5739
1990-04-02,0.57
1990-04-03,0.5708
1990-04-04,0.5725
1990-04-05,0.5728
1990-04-06,0.5735
1990-04-07,0.5725
1990-04-08,0.5735
1990-04-09,0.5735
1990-04-10,0.5737
1990-04-11,0.6006906689591879
1990-04-12,0.5981174133128677
1990-04-13,0.596451871533939
1990-04-14,0.5957447980041838
1990-04-15,0.596027291975936
1990-04-16,0.5978734637707448
1990-04-17,0.5986075683014279
1990-04-18,0.5985199328296033
1990-04-19,0.5985680553230187
1990-04-20,0.5989008254664219
1990-04-21,0.59949385974106
1990-04-22,0.6008132622846581
1990-04-23,0.6030424959883298
1990-04-24,0.6040579119602777
1990-04-25,0.6033275941261222
1990-04-26,0.6021839320730777
1990-04-27,0.6029770496398552
1990-04-28,0.6043137145296007
1990-04-29,0.6068999910061225
1990-04-30,0.6090829007023068
1990-05-01,0.6094663446594808
1990-05-02,0.608897169778361
1990-05-03,0.6080681535314844
1990-05-04,0.6070293771678941
1990-05-05,0.6070017510032703
1990-05-06,0.6074378240645524
1990-05-07,0.6081811757237499
1990-05-08,0.6089503567942887
1990-05-09,0.6103484924776322
1990-05-10,0.6106790976806047
1990-05-11,0.611015832983012
1990-05-12,0.6113452253342024
1990-05-13,0.6101439476235809
1990-05-14,0.6079117017158766
1990-05-15,0.6068425841323165
1990-05-16,0.6068475724184309
1990-05-17,0.6074411230213992
1990-05-18,0.6078093023725751
1990-05-19,0.6088849745536938
1990-05-20,0.6088213864674136
1990-05-21,0.6080750737172228
1990-05-22,0.6072803785768062
1990-05-23,0.60728347134885
1990-05-24,0.6075568576700426
1990-05-25,0.6072222197348953
1990-05-26,0.6102523453852666
1990-05-27,0.6096969112485131
1990-05-28,0.6073833237034094
1990-05-29,0.6036352495744128
1990-05-30,0.6013626650827648
1990-05-31,0.5987
1990-06-01,0.6017
1990-06-02,0.6018
1990-06-03,0.601
1990-06-04,0.6015
1990-06-05,0.6085
1990-06-06,0.6059768539956786
1990-06-07,0.6066098240142044
1990-06-08,0.6064156412459841
1990-06-09,0.6059610089534706
1990-06-10,0.6066042015798725
1990-06-11,0.6076166027488197
1990-06-12,0.6082174824418414
1990-06-13,0.609496209401965
1990-06-14,0.6110966435645954
1990-06-15,0.6114439454049913
1990-06-16,0.6117480983106002
1990-06-17,0.6130200731515894
1990-06-18,0.613928760765697
1990-06-19,0.6150355798468979
1990-06-20,0.6159839129867882
1990-06-21,0.6156708213635467
1990-06-22,0.6142485282716754
1990-06-23,0.6127870427407944
1990-06-24,0.6137343882728052
1990-06-25,0.6157107718349202
1990-06-26,0.6176815294974124
1990-06-27,0.6176518562122453
1990-06-28,0.6168760096548421
1990-06-29,0.6155369181952101
1990-06-30,0.6139804377811562
1990-07-01,0.6121808507569679
1990-07-02,0.6113204008571949
1990-07-03,0.6115212343847936
1990-07-04,0.6113045826709906
1990-07-05,0.6114271318140031
1990-07-06,0.6132996779371324
1990-07-07,0.6152844059195068
1990-07-08,0.6158994369938554
1990-07-09,0.6159563717217892
1990-07-10,0.6149838222634275
1990-07-11,0.6140373196634052
1990-07-12,0.5967621969887952
1990-07-13,0.599863559488577
1990-07-14,0.6008349272827739
1990-07-15,0.6005321076478024
1990-07-16,0.598046191190943
1990-07-17,0.5958195668512479
1990-07-18,0.5947407542503368
1990-07-19,0.595111848777403
1990-07-20,0.5965916804241308
1990-07-21,0.5985173442573716
1990-07-22,0.5989939464935916
1990-07-23,0.5987227563004469
1990-07-24,0.5982587538615955
1990-07-25,0.5982871865726543
1990-07-26,0.609
1990-07-27,0.6098
1990-07-28,0.613
1990-07-29,0.6141
1990-07-30,0.6145
1990-07-31,0.6115
1990-08-01,0.6071
1990-08-02,0.6145
1990-08-03,0.6145
1990-08-04,0.6135
1990-08-05,0.612
1990-08-06,0.6105
1990-08-07,0.6125
1990-08-08,0.61
1990-08-09,0.6095
1990-08-10,0.6095
1990-08-11,0.6118
1990-08-12,0.6125
1990-08-13,0.6137
1990-08-14,0.6119
1990-08-15,0.6113
1990-08-16,0.61
1990-08-17,0.6092
1990-08-18,0.609
1990-08-19,0.61
1990-08-20,0.6093
1990-08-21,0.609
1990-08-22,0.6008
1990-08-23,0.6025
1990-08-24,0.6043
1990-08-25,0.6005
1990-08-26,0.6011
1990-08-27,0.596
1990-08-28,0.5985
1990-08-29,0.5913
1990-08-30,0.5872
1990-08-31,0.5997
1990-09-01,0.59
1990-09-02,0.586
1990-09-03,0.5855
1990-09-04,0.586
1990-09-05,0.585
1990-09-06,0.5855
1990-09-07,0.5865
1990-09-08,0.5918
1990-09-09,0.5935
1990-09-10,0.5911
1990-09-11,0.59846525920392
1990-09-12,0.5984778797930336
1990-09-13,0.599089656092993
1990-09-14,0.6000161847568127
1990-09-15,0.6010369901222858
1990-09-16,0.6008975485529194
1990-09-17,0.6010719566391584
1990-09-18,0.6023509105758297
1990-09-19,0.6032333451467953
1990-09-20,0.604210106666131
1990-09-21,0.605334101461209
1990-09-22,0.6061724644637108
1990-09-23,0.6058024251176949
1990-09-24,0.6059361836101403
1990-09-25,0.6055009396196834
1990-09-26,0.604652721330131
1990-09-27,0.6044780516144364
1990-09-28,0.6052863688130092
1990-09-29,0.6068812879653227
1990-09-30,0.608617814493756
1990-10-01,0.6086300175153274
1990-10-02,0.6085657329055952
1990-10-03,0.6082770845773726
1990-10-04,0.6069046994700044
1990-10-05,0.6052063344565662
1990-10-06,0.6043500004559474
1990-10-07,0.6048215173779105
1990-10-08,0.6046975673910899
1990-10-09,0.6047484759783129
1990-10-10,0.6061474208070596
1990-10-11,0.6068928637692583
1990-10-12,0.6070568846463078
1990-10-13,0.6064785293435216
1990-10-14,0.605891727394397
1990-10-15,0.6054776944489604
1990-10-16,0.597639461345879
1990-10-17,0.5996695603807694
1990-10-18,0.5999030256855604
1990-10-19,0.5986612023398695
1990-10-20,0.5957012029132057
1990-10-21,0.5930854541383835
1990-10-22,0.5921752937756835
1990-10-23,0.5920089684802483
1990-10-24,0.5931914002068244
1990-10-25,0.5950051871264108
1990-10-26,0.5957645536270657
1990-10-27,0.5955409158869991
1990-10-28,0.5955221825249047
1990-10-29,0.5958777785388434
1990-10-30,0.5957870589582018
1990-10-31,0.5891
1990-11-01,0.5865
1990-11-02,0.5865
1990-11-03,0.5865
1990-11-04,0.5865
1990-11-05,0.5873
1990-11-06,0.59
1990-11-07,0.5928
1990-11-08,0.5925
1990-11-09,0.5943
1990-11-10,0.6044363399090109
1990-11-11,0.6049628042146308
1990-11-12,0.6050440029087844
1990-11-13,0.6046277972260128
1990-11-14,0.604025661365074
1990-11-15,0.6051823459809654
1990-11-16,0.6060867938117728
1990-11-17,0.6068634451829653
1990-11-18,0.6065760980714402
1990-11-19,0.6063592956174872
1990-11-20,0.6063796091521889
1990-11-21,0.6048134276565251
1990-11-22,0.6030262472397431
1990-11-23,0.602298686910746
1990-11-24,0.6027554503571048
1990-11-25,0.6027666640381513
1990-11-26,0.602970421404867
1990-11-27,0.6041698642440071
1990-11-28,0.6046090603986276
1990-11-29,0.6042563128537309
1990-11-30,0.6037225801006466
1990-12-01,0.6027635747313982
1990-12-02,0.6023044011752842
1990-12-03,0.5918569063217685
1990-12-04,0.5942691160431955
1990-12-05,0.5942074044118865
1990-12-06,0.5930300025549146
1990-12-07,0.5901685178805592
1990-12-08,0.587831054481806
1990-12-09,0.587075250300099
1990-12-10,0.5874939683187046
1990-12-11,0.5888072771484213
1990-12-12,0.5904000027716549
1990-12-13,0.5905399364123157
1990-12-14,0.5902263016047403
1990-12-15,0.5903070324846351
1990-12-16,0.5906665806627375
1990-12-17,0.590570488148702
1990-12-18,0.5910576924421415
1990-12-19,0.5918276904549875
1990-12-20,0.5924218162962295
1990-12-21,0.592463881461317
1990-12-22,0.5931524278137807
1990-12-23,0.5949287081583342
1990-12-24,0.596142201019045
1990-12-25,0.5974146488722292
1990-12-26,0.598756929265725
1990-12-27,0.5992274966980073
1990-12-28,0.5993970516444732
1990-12-29,0.6000537207868175
1990-12-30,0.576
1990-12-31,0.5752
1991-01-01,0.575
1991-01-02,0.5755
1991-01-03,0.5763
1991-01-04,0.5773
1991-01-05,0.5754
1991-01-06,0.6010506381701232
1991-01-07,0.6006334674038621
1991-01-08,0.5991980607852604
1991-01-09,0.5974057915889304
1991-01-10,0.5965396057665516
1991-01-11,0.5968085227289279
1991-01-12,0.5968500109230963
1991-01-13,0.5969685515909696
1991-01-14,0.5975791722164455
1991-01-15,0.598159395310976
1991-01-16,0.5981144210342573
1991-01-17,0.5976588028665096
1991-01-18,0.5974574764012939
1991-01-19,0.596955887685721
1991-01-20,0.5691910681135208
1991-01-21,0.5733872892432885
1991-01-22,0.5744833485965384
1991-01-23,0.5731015153737891
1991-01-24,0.5701296351975987
1991-01-25,0.5680821941148724
1991-01-26,0.5682274261851747
1991-01-27,0.5698844554772399
1991-01-28,0.5718489461613104
1991-01-29,0.573747118109946
1991-01-30,0.5737210556577982
1991-01-31,0.573057481923524
1991-02-01,0.5722259351480367
1991-02-02,0.572417132568228
1991-02-03,0.5724286823824827
1991-02-04,0.5720373713488575
1991-02-05,0.5716810978705662
1991-02-06,0.5720560527315897
1991-02-07,0.572842017071822
1991-02-08,0.5748162348271835
1991-02-09,0.5770540329970809
1991-02-10,0.5778811060821384
1991-02-11,0.5774793229396991
1991-02-12,0.5771628587221811
1991-02-13,0.5769419135130702
1991-02-14,0.5776809630137327
1991-02-15,0.5795211138657671
1991-02-16,0.5803870969686338
1991-02-17,0.578935427740282
1991-02-18,0.5773896741339164
1991-02-19,0.577399468778378
1991-02-20,0.5792234904343584
1991-02-21,0.5811871944974162
1991-02-22,0.5825608912173543
1991-02-23,0.5829233502397332
1991-02-24,0.58171543996251
1991-02-25,0.5843
1991-02-26,0.5863
1991-02-27,0.587
1991-02-28,0.5839
1991-03-01,0.5843
1991-03-02,0.5845
1991-03-03,0.5856
1991-03-04,0.5737
1991-03-05,0.5643
1991-03-06,0.5693
1991-03-07,0.5678
1991-03-08,0.5699
1991-03-09,0.568
1991-03-10,0.5665
1991-03-11,0.5671
1991-03-12,0.5673
1991-03-13,0.568
1991-03-14,0.5654
1991-03-15,0.5635
1991-03-16,0.5679
1991-03-17,0.5661
1991-03-18,0.5658
1991-03-19,0.566
1991-03-20,0.5628
1991-03-21,0.5526
1991-03-22,0.5565
1991-03-23,0.5565
1991-03-24,0.5551
1991-03-25,0.5563
1991-03-26,0.5566
1991-03-27,0.564
1991-03-28,0.5633
1991-03-29,0.5585
1991-03-30,0.5618
1991-03-31,0.5611
1991-04-01,0.5654
1991-04-02,0.5667
1991-04-03,0.566
1991-04-04,0.5673
1991-04-05,0.569
1991-04-06,0.5682
1991-04-07,0.567
1991-04-08,0.564
1991-04-09,0.561
1991-04-10,0.5627
1991-04-11,0.5619
1991-04-12,0.5623
1991-04-13,0.5618
1991-04-14,0.56
1991-04-15,0.5566
1991-04-16,0.5562
1991-04-17,0.5552
1991-04-18,0.5588
1991-04-19,0.5576
1991-04-20,0.557
1991-04-21,0.554
1991-04-22,0.5496
1991-04-23,0.5507
1991-04-24,0.543
1991-04-25,0.5435
1991-04-26,0.544
1991-04-27,0.5445
1991-04-28,0.5435
1991-04-29,0.5405
1991-04-30,0.5403
1991-05-01,0.5375
1991-05-02,0.5379
1991-05-03,0.5495
1991-05-04,0.5515
1991-05-05,0.5494
1991-05-06,0.5442
1991-05-07,0.5417
1991-05-08,0.5443
1991-05-09,0.5435
1991-05-10,0.5385
1991-05-11,0.5497944043102458
1991-05-12,0.549471328317871
1991-05-13,0.549903113948104
1991-05-14,0.550900639489946
1991-05-15,0.552303212478166
1991-05-16,0.5539803092692857
1991-05-17,0.5547305551245406
1991-05-18,0.5547616041301575
1991-05-19,0.5537559559466676
1991-05-20,0.5522302646414202
1991-05-21,0.5518324457916624
1991-05-22,0.5534343527028851
1991-05-23,0.5554652487546607
1991-05-24,0.5560622455893349
1991-05-25,0.5551556527435191
1991-05-26,0.5543718732691396
1991-05-27,0.5547532111958268
1991-05-28,0.5559613986963143
1991-05-29,0.5573198931854889
1991-05-30,0.558857203610807
1991-05-31,0.5592432058189183
1991-06-01,0.5580183121514575
1991-06-02,0.5567453860881422
1991-06-03,0.5556200155726143
1991-06-04,0.5547597190119594
1991-06-05,0.5545387790007847
1991-06-06,0.5541521876932366
1991-06-07,0.5550269726347491
1991-06-08,0.5551935387678952
1991-06-09,0.5555264146026679
1991-06-10,0.5556397815913686
1991-06-11,0.5562818029494783
1991-06-12,0.5557635201954501
1991-06-13,0.5407465057601483
1991-06-14,0.5448316262014019
1991-06-15,0.5466757604052171
1991-06-16,0.5458167494674512
1991-06-17,0.5454750336758337
1991-06-18,0.5429512797086695
1991-06-19,0.5418958110392694
1991-06-20,0.5426160336149859
1991-06-21,0.5444414101996712
1991-06-22,0.5465826133883663
1991-06-23,0.5468488100974603
1991-06-24,0.5458309918126616
1991-06-25,0.5450489034001952
1991-06-26,0.5449904993889599
1991-06-27,0.5452222892256465
1991-06-28,0.5455024891748854
1991-06-29,0.5455385074075174
1991-06-30,0.5483
1991-07-01,0.5463
1991-07-02,0.545
1991-07-03,0.5446
1991-07-04,0.547
1991-07-05,0.5439
1991-07-06,0.5423
1991-07-07,0.5421
1991-07-08,0.5437
1991-07-09,0.5435
1991-07-10,0.5447
1991-07-11,0.5453
1991-07-12,0.5445
1991-07-13,0.5438
1991-07-14,0.543
1991-07-15,0.5413
1991-07-16,0.5377
1991-07-17,0.533
1991-07-18,0.534
1991-07-19,0.5348
1991-07-20,0.5376
1991-07-21,0.5386
1991-07-22,0.5372
1991-07-23,0.537
1991-07-24,0.5382
1991-07-25,0.5374
1991-07-26,0.5368
1991-07-27,0.5371
1991-07-28,0.5337
1991-07-29,0.532
1991-07-30,0.533
1991-07-31,0.5347
1991-08-01,0.534
1991-08-02,0.534
1991-08-03,0.5333
1991-08-04,0.5326
1991-08-05,0.5336
1991-08-06,0.5348
1991-08-07,0.5355
1991-08-08,0.5358
1991-08-09,0.536
1991-08-10,0.5352
1991-08-11,0.5351
1991-08-12,0.5356
1991-08-13,0.5373
1991-08-14,0.5449593741469453
1991-08-15,0.5447844116141775
1991-08-16,0.5446180707249337
1991-08-17,0.545051436527774
1991-08-18,0.5459363054655304
1991-08-19,0.5470722035345253
1991-08-20,0.548645182198104
1991-08-21,0.5496008886105056
1991-08-22,0.549820996951887
1991-08-23,0.5487942000986112
1991-08-24,0.547382652007205
1991-08-25,0.5471152493769107
1991-08-26,0.5485829039917482
1991-08-27,0.5503890239554275
1991-08-28,0.5506310260041178
1991-08-29,0.549841695133868
1991-08-30,0.5488651103443635
1991-08-31,0.5492493487194547
1991-09-01,0.5505654488409153
1991-09-02,0.5520304559735774
1991-09-03,0.5531757623071091
1991-09-04,0.5529002197087127
1991-09-05,0.551950088949217
1991-09-06,0.5506512910247482
1991-09-07,0.5489470852636574
1991-09-08,0.5481901271401123
1991-09-09,0.5481599999018496
1991-09-10,0.5479104920332747
1991-09-11,0.5485236648454288
1991-09-12,0.5483011411963561
1991-09-13,0.5484805739542629
1991-09-14,0.5484878545302452
1991-09-15,0.5494393021002469
1991-09-16,0.550423555578304
1991-09-17,0.538952496987834
1991-09-18,0.5425437892322736
1991-09-19,0.5441296587776486
1991-09-20,0.5433278875134072
1991-09-21,0.5430006011927038
1991-09-22,0.5416570455721915
1991-09-23,0.5405779124318809
1991-09-24,0.5414071426604647
1991-09-25,0.5433298419374215
1991-09-26,0.5454943249497477
1991-09-27,0.5455676505031913
1991-09-28,0.5434622056503178
1991-09-29,0.542599466059645
1991-09-30,0.5435067935471116
1991-10-01,0.5439244234644043
1991-10-02,0.5441097402860988
1991-10-03,0.5381
1991-10-04,0.5398
1991-10-05,0.5401
1991-10-06,0.5384
1991-10-07,0.5383
1991-10-08,0.5408
1991-10-09,0.5415
1991-10-10,0.5417
1991-10-11,0.5408
1991-10-12,0.5392
1991-10-13,0.5398
1991-10-14,0.5401
1991-10-15,0.5402
1991-10-16,0.542
1991-10-17,0.5383
1991-10-18,0.5405
1991-10-19,0.5436
1991-10-20,0.5472
1991-10-21,0.5537
1991-10-22,0.545
1991-10-23,0.5465
1991-10-24,0.5465
1991-10-25,0.5431
1991-10-26,0.538
1991-10-27,0.5385
1991-10-28,0.5379
1991-10-29,0.538
1991-10-30,0.5365
1991-10-31,0.5358
1991-11-01,0.5372
1991-11-02,0.5404
1991-11-03,0.5433
1991-11-04,0.545
1991-11-05,0.5425
1991-11-06,0.5432
1991-11-07,0.5412
1991-11-08,0.543
1991-11-09,0.5431
1991-11-10,0.5425
1991-11-11,0.542
1991-11-12,0.5405
1991-11-13,0.5389
1991-11-14,0.5391
1991-11-15,0.54
1991-11-16,0.5412
1991-11-17,0.5399
1991-11-18,0.5218
1991-11-19,0.525
1991-11-20,0.5245
1991-11-21,0.5252
1991-11-22,0.5413605518255853
1991-11-23,0.543927261537574
1991-11-24,0.545496813028546
1991-11-25,0.5464276178612196
1991-11-26,0.5464132507655401
1991-11-27,0.5453170857209207
1991-11-28,0.5438064684306771
1991-11-29,0.5435698063951181
1991-11-30,0.5452044810961972
1991-12-01,0.5460005970058441
1991-12-02,0.5472845842774104
1991-12-03,0.5465651656491609
1991-12-04,0.5454865904206699
1991-12-05,0.5458108272854646
1991-12-06,0.5449841301844596
1991-12-07,0.5437183772731116
1991-12-08,0.5443755973966939
1991-12-09,0.5442382332691653
1991-12-10,0.5436602400892683
1991-12-11,0.5427480057500211
1991-12-12,0.5413085031576873
1991-12-13,0.540497233531348
1991-12-14,0.540401525664592
1991-12-15,0.5401373249630019
1991-12-16,0.5406377476082188
1991-12-17,0.5405773267977347
1991-12-18,0.5410855220902282
1991-12-19,0.5410179315930677
1991-12-20,0.5416479214615006
1991-12-21,0.5424102438552127
1991-12-22,0.5297237830287981
1991-12-23,0.5308767303285559
1991-12-24,0.5324839807182006
1991-12-25,0.5340770719296141
1991-12-26,0.5347151220644607
1991-12-27,0.5354468043568708
1991-12-28,0.5360217619420223
1991-12-29,0.5353115436608612
1991-12-30,0.536538769469034
1991-12-31,0.5392586519652057
1992-01-01,0.5367175680787235
1992-01-02,0.5346162469219085
1992-01-03,0.5338223384025046
1992-01-04,0.5344528099463596
1992-01-05,0.5345964012014656
1992-01-06,0.5351656653138237
1992-01-07,0.535497941653287
1992-01-08,0.5369791212981382
1992-01-09,0.5385052942788074
1992-01-10,0.541029450219705
1992-01-11,0.5115
1992-01-12,0.513
1992-01-13,0.512
1992-01-14,0.5158
1992-01-15,0.5157
1992-01-16,0.516
1992-01-17,0.5168
1992-01-18,0.5252
1992-01-19,0.5225
1992-01-20,0.5233
1992-01-21,0.5269
1992-01-22,0.528
1992-01-23,0.5268
1992-01-24,0.53
1992-01-25,0.5275
1992-01-26,0.5265
1992-01-27,0.528
1992-01-28,0.5271
1992-01-29,0.5271
1992-01-30,0.5278
1992-01-31,0.5266
1992-02-01,0.5275
1992-02-02,0.5335
1992-02-03,0.5347
1992-02-04,0.5336
1992-02-05,0.5365
1992-02-06,0.5292
1992-02-07,0.5321
1992-02-08,0.5323
1992-02-09,0.534
1992-02-10,0.5341
1992-02-11,0.5345
1992-02-12,0.5316
1992-02-13,0.5276
1992-02-14,0.5288
1992-02-15,0.538
1992-02-16,0.538
1992-02-17,0.54
1992-02-18,0.5415
1992-02-19,0.5423
1992-02-20,0.5407
1992-02-21,0.540369301925392
1992-02-22,0.5420486234332087
1992-02-23,0.5433548890593634
1992-02-24,0.5440821773630322
1992-02-25,0.5452730176177477
1992-02-26,0.5459796458576344
1992-02-27,0.5469251227315782
1992-02-28,0.5483010129805963
1992-02-29,0.5479742429882227
1992-03-01,0.5482996927047994
1992-03-02,0.5477849999920457
1992-03-03,0.5473054037445697
1992-03-04,0.5472370612793044
1992-03-05,0.5470137891274176
1992-03-06,0.5468461452888309
1992-03-07,0.5454425500398233
1992-03-08,0.5454019541580373
1992-03-09,0.5477744828344511
1992-03-10,0.5492436379202073
1992-03-11,0.5505365898990874
1992-03-12,0.5520516982062148
1992-03-13,0.5530597097180341
1992-03-14,0.5504062776383479
1992-03-15,0.5479060425998805
1992-03-16,0.5465508990469148
1992-03-17,0.5474856612416882
1992-03-18,0.548809987963521
1992-03-19,0.5500389706741322
1992-03-20,0.5503855725257853
1992-03-21,0.5504841150004203
1992-03-22,0.5494406293066254
1992-03-23,0.5471461840279311
1992-03-24,0.5448248169049692
1992-03-25,0.5456090607283166
1992-03-26,0.5478691337875115
1992-03-27,0.5482047645284746
1992-03-28,0.5521546485307542
1992-03-29,0.5550840009255346
1992-03-30,0.555151272615941
1992-03-31,0.5526248191872394
1992-04-01,0.5497548999950636
1992-04-02,0.5487010218941432
1992-04-03,0.549128732342389
1992-04-04,0.5507757608051895
1992-04-05,0.5530000478062365
1992-04-06,0.5533358552770306
1992-04-07,0.5529823540313837
1992-04-08,0.551937513408884
1992-04-09,0.5516515645421989
1992-04-10,0.5518871523376082
1992-04-11,0.547
1992-04-12,0.547
1992-04-13,0.5495
1992-04-14,0.5505
1992-04-15,0.551
1992-04-16,0.5525
1992-04-17,0.5524
1992-04-18,0.5512
1992-04-19,0.5515
1992-04-20,0.554
1992-04-21,0.5521
1992-04-22,0.5521
1992-04-23,0.5515
1992-04-24,0.5535
1992-04-25,0.55
1992-04-26,0.5572
1992-04-27,0.5489
1992-04-28,0.5493
1992-04-29,0.551
1992-04-30,0.5515
1992-05-01,0.553
1992-05-02,0.554
1992-05-03,0.555
1992-05-04,0.555
1992-05-05,0.5535
1992-05-06,0.5505
1992-05-07,0.5528
1992-05-08,0.5565
1992-05-09,0.555
1992-05-10,0.552
1992-05-11,0.551
1992-05-12,0.552
1992-05-13,0.5535
1992-05-14,0.5478
1992-05-15,0.5425
1992-05-16,0.5483
1992-05-17,0.5525
1992-05-18,0.5522
1992-05-19,0.551
1992-05-20,0.5512
1992-05-21,0.5528
1992-05-22,0.5545675721020873
1992-05-23,0.5566011017748751
1992-05-24,0.5569246178591822
1992-05-25,0.5567690366978895
1992-05-26,0.555792396463732
1992-05-27,0.5557007014037286
1992-05-28,0.5557392042498681
1992-05-29,0.5555528409103504
1992-05-30,0.5554195069160286
1992-05-31,0.5559241294937016
1992-06-01,0.5567957471594179
1992-06-02,0.557893738412292
1992-06-03,0.5593306385712309
1992-06-04,0.5602505034808316
1992-06-05,0.5605891524900862
1992-06-06,0.5597741507455496
1992-06-07,0.5585605504608238
1992-06-08,0.5585037543445223
1992-06-09,0.5597682389594354
1992-06-10,0.5612507388800835
1992-06-11,0.5614652819644312
1992-06-12,0.5608437681973084
1992-06-13,0.5601563307379024
1992-06-14,0.5606796762817973
1992-06-15,0.562111967603965
1992-06-16,0.5635633006991088
1992-06-17,0.5651388263514294
1992-06-18,0.5653509818504122
1992-06-19,0.564076468683908
1992-06-20,0.5623890245344433
1992-06-21,0.5613333167599777
1992-06-22,0.5612654247825171
1992-06-23,0.5615298264709738
1992-06-24,0.5613226887130773
1992-06-25,0.5619146019661398
1992-06-26,0.5623681981367025
1992-06-27,0.562458215995956
1992-06-28,0.5622572984350553
1992-06-29,0.5623002541798798
1992-06-30,0.5621112052399878
1992-07-01,0.5542231048695704
1992-07-02,0.5581237609506676
1992-07-03,0.5608824685650238
1992-07-04,0.5608986861259934
1992-07-05,0.5581737477705364
1992-07-06,0.5553499862518894
1992-07-07,0.5543550977963504
1992-07-08,0.5546538543778525
1992-07-09,0.5562578716511757
1992-07-10,0.5583903769599491
1992-07-11,0.545
1992-07-12,0.5455
1992-07-13,0.5463
1992-07-14,0.5477
1992-07-15,0.5495
1992-07-16,0.5502
1992-07-17,0.5505
1992-07-18,0.5555
1992-07-19,0.555
1992-07-20,0.5557
1992-07-21,0.554
1992-07-22,0.5561
1992-07-23,0.559
1992-07-24,0.561
1992-07-25,0.5613
1992-07-26,0.561
1992-07-27,0.5613
1992-07-28,0.561
1992-07-29,0.5593
1992-07-30,0.558
1992-07-31,0.5585
1992-08-01,0.5595
1992-08-02,0.5583
1992-08-03,0.5575
1992-08-04,0.559
1992-08-05,0.562
1992-08-06,0.562
1992-08-07,0.5613
1992-08-08,0.5557
1992-08-09,0.5568
1992-08-10,0.5584
1992-08-11,0.5595
1992-08-12,0.5587
1992-08-13,0.5573
1992-08-14,0.558
1992-08-15,0.563
1992-08-16,0.565
1992-08-17,0.5648
1992-08-18,0.5657
1992-08-19,0.5658
1992-08-20,0.567
1992-08-21,0.5685
1992-08-22,0.5683
1992-08-23,0.5637528209185503
1992-08-24,0.5633643029093143
1992-08-25,0.564155432265492
1992-08-26,0.5657120304994333
1992-08-27,0.5678272336112151
1992-08-28,0.5682646468737161
1992-08-29,0.5680994807180554
1992-08-30,0.5675142000315945
1992-08-31,0.5674063116676572
1992-09-01,0.5675779544518333
1992-09-02,0.567567717982794
1992-09-03,0.5677487759620886
1992-09-04,0.5682152907367739
1992-09-05,0.5688910397702931
1992-09-06,0.5697449151470855
1992-09-07,0.5709857006381801
1992-09-08,0.572041495044916
1992-09-09,0.5727524687594726
1992-09-10,0.5722752566320708
1992-09-11,0.571116324775092
1992-09-12,0.5707814806551418
1992-09-13,0.571565530422204
1992-09-14,0.5727329071928758
1992-09-15,0.5734593049168076
1992-09-16,0.5732214785435379
1992-09-17,0.5729193744911177
1992-09-18,0.5734346944215072
1992-09-19,0.5745486190815047
1992-09-20,0.5759577483999286
1992-09-21,0.5772255978122139
1992-09-22,0.5776355278533369
1992-09-23,0.5766369904465798
1992-09-24,0.5745783859295236
1992-09-25,0.5733148785266176
1992-09-26,0.5733763527855065
1992-09-27,0.5736118816709721
1992-09-28,0.5737801665883577
1992-09-29,0.5744485380177521
1992-09-30,0.575024344599151
1992-10-01,0.574803889728689
1992-10-02,0.5747857350701593
1992-10-03,0.5749693781563947
1992-10-04,0.574748545569235
1992-10-05,0.5738666429204081
1992-10-06,0.5774427156076302
1992-10-07,0.5793633218489405
1992-10-08,0.5793435696913493
1992-10-09,0.5764164281521029
1992-10-10,0.5736966496146554
1992-10-11,0.5727649611328263
1992-10-12,0.5657
1992-10-13,0.568
1992-10-14,0.5685
1992-10-15,0.5665
1992-10-16,0.5653
1992-10-17,0.5672
1992-10-18,0.5682
1992-10-19,0.5725
1992-10-20,0.573
1992-10-21,0.5743
1992-10-22,0.574
1992-10-23,0.574
1992-10-24,0.577
1992-10-25,0.5767
1992-10-26,0.5755
1992-10-27,0.5765
1992-10-28,0.5776
1992-10-29,0.5765
1992-10-30,0.579
1992-10-31,0.5815
1992-11-01,0.5805
1992-11-02,0.5817
1992-11-03,0.5835
1992-11-04,0.5863
1992-11-05,0.5855
1992-11-06,0.5855
1992-11-07,0.5855
1992-11-08,0.5868
1992-11-09,0.5885
1992-11-10,0.5877
1992-11-11,0.5882
1992-11-12,0.5877
1992-11-13,0.5877
1992-11-14,0.5945
1992-11-15,0.5942
1992-11-16,0.5933
1992-11-17,0.5943
1992-11-18,0.593
1992-11-19,0.591
1992-11-20,0.5905
1992-11-21,0.5887
1992-11-22,0.5886
1992-11-23,0.5887
1992-11-24,0.5977451215278283
1992-11-25,0.5977707906694698
1992-11-26,0.5954035517594706
1992-11-27,0.5931457068822635
1992-11-28,0.5919478961950928
1992-11-29,0.5913159657638087
1992-11-30,0.5917527102251844
1992-12-01,0.5936839133257776
1992-12-02,0.5944445515881582
1992-12-03,0.5944327886585191
1992-12-04,0.5945957855421357
1992-12-05,0.5946648227982074
1992-12-06,0.5949297494782213
1992-12-07,0.5958452758437336
1992-12-08,0.5976145285785337
1992-12-09,0.5985160534365465
1992-12-10,0.598117586577408
1992-12-11,0.5973743995195238
1992-12-12,0.5984743192067309
1992-12-13,0.5996489956124843
1992-12-14,0.6018284971951614
1992-12-15,0.6035548912132795
1992-12-16,0.6031916628963417
1992-12-17,0.6022214733010187
1992-12-18,0.601752328370612
1992-12-19,0.6012910097994895
1992-12-20,0.6019772569315037
1992-12-21,0.6027724216188245
1992-12-22,0.6034723930350739
1992-12-23,0.6039824561193115
1992-12-24,0.6053113838810111
1992-12-25,0.6055706257514586
1992-12-26,0.6061646017188732
1992-12-27,0.6066564001215979
1992-12-28,0.6055156930952877
1992-12-29,0.6033417671655166
1992-12-30,0.601983629601295
1992-12-31,0.6020080009915298
1993-01-01,0.6027377063355355
1993-01-02,0.6029684444564625
1993-01-03,0.6038554774683269
1993-01-04,0.6038382671015416
1993-01-05,0.6031758438438148
1993-01-06,0.6029214014011329
1993-01-07,0.6030943159470348
1993-01-08,0.60326659981001
1993-01-09,0.6142394396802154
1993-01-10,0.6167984668424883
1993-01-11,0.616836565982249
1993-01-12,0.6154735527538641
1993-01-13,0.6025
1993-01-14,0.603
1993-01-15,0.6035
1993-01-16,0.601
1993-01-17,0.6015
1993-01-18,0.6018
1993-01-19,0.604
1993-01-20,0.6047
1993-01-21,0.6041
1993-01-22,0.6067
1993-01-23,0.6046
1993-01-24,0.604
1993-01-25,0.6021
1993-01-26,0.6022
1993-01-27,0.6027
1993-01-28,0.6037
1993-01-29,0.6166910896089449
1993-01-30,0.617693761107633
1993-01-31,0.6190379404804902
1993-02-01,0.6206165303162056
1993-02-02,0.6211264339970661
1993-02-03,0.6211994615355004
1993-02-04,0.6212280406550958
1993-02-05,0.6210393720308697
1993-02-06,0.6205772477796349
1993-02-07,0.6195593697185697
1993-02-08,0.6205884224761598
1993-02-09,0.6219274134423585
1993-02-10,0.6237442749412121
1993-02-11,0.6236419431710813
1993-02-12,0.6232825093475756
1993-02-13,0.6226237159819675
1993-02-14,0.6213588060026081
1993-02-15,0.6197620831664303
1993-02-16,0.6186483516963953
1993-02-17,0.6187741616780557
1993-02-18,0.6188343113295343
1993-02-19,0.6192581016675563
1993-02-20,0.6209744125557533
1993-02-21,0.6220553866318043
1993-02-22,0.6221302256510071
1993-02-23,0.6222873540646445
1993-02-24,0.6214408701531403
1993-02-25,0.6210903048751284
1993-02-26,0.6206924505061397
1993-02-27,0.6229427471136497
1993-02-28,0.6236422281912501
1993-03-01,0.6233058472148277
1993-03-02,0.6216413883392756
1993-03-03,0.6198894014159139
1993-03-04,0.6188332388220299
1993-03-05,0.6190129514021693
1993-03-06,0.620031175992315
1993-03-07,0.6208064767664162
1993-03-08,0.6216891071263123
1993-03-09,0.6221068271411659
1993-03-10,0.6217251816699199
1993-03-11,0.6217446011595936
1993-03-12,0.6222472823080929
1993-03-13,0.6223226463188528
1993-03-14,0.6238241161076926
1993-03-15,0.6245173735230064
1993-03-16,0.6235718186800193
1993-03-17,0.6229264351235058
1993-03-18,0.6244455623016448
1993-03-19,0.6261927220749146
1993-03-20,0.6278
1993-03-21,0.6299
1993-03-22,0.63
1993-03-23,0.63
1993-03-24,0.6325
1993-03-25,0.6343
1993-03-26,0.6328
1993-03-27,0.6346
1993-03-28,0.6352
1993-03-29,0.637
1993-03-30,0.6385
1993-03-31,0.641
1993-04-01,0.639
1993-04-02,0.64
1993-04-03,0.6384
1993-04-04,0.6382
1993-04-05,0.6405
1993-04-06,0.6425
1993-04-07,0.6425
1993-04-08,0.6428
1993-04-09,0.6425
1993-04-10,0.6402
1993-04-11,0.6396
1993-04-12,0.6381
1993-04-13,0.637
1993-04-14,0.6368
1993-04-15,0.6365
1993-04-16,0.6405
1993-04-17,0.6413
1993-04-18,0.641
1993-04-19,0.638
1993-04-20,0.6392
1993-04-21,0.6395
1993-04-22,0.6417
1993-04-23,0.6415
1993-04-24,0.6433
1993-04-25,0.6453
1993-04-26,0.6443
1993-04-27,0.642
1993-04-28,0.6401
1993-04-29,0.639
1993-04-30,0.6388
1993-05-01,0.639
1993-05-02,0.6405
1993-05-03,0.637
1993-05-04,0.6315
1993-05-05,0.6311
1993-05-06,0.6302
1993-05-07,0.6327
1993-05-08,0.6342
1993-05-09,0.6335
1993-05-10,0.6328
1993-05-11,0.6343
1993-05-12,0.640845990998626
1993-05-13,0.6412922312231313
1993-05-14,0.6408308251534159
1993-05-15,0.6424945476546718
1993-05-16,0.6438551732976917
1993-05-17,0.6446641471688723
1993-05-18,0.644210440109004
1993-05-19,0.643350651213452
1993-05-20,0.6433520719826823
1993-05-21,0.6436922058690471
1993-05-22,0.6431099607773316
1993-05-23,0.642351335848909
1993-05-24,0.6421325841688781
1993-05-25,0.6415551437028645
1993-05-26,0.6420461667467714
1993-05-27,0.6440288415443437
1993-05-28,0.6454049882248812
1993-05-29,0.6453210190307287
1993-05-30,0.6446720948133347
1993-05-31,0.6437445178990463
1993-06-01,0.6435954930679574
1993-06-02,0.6543885016718134
1993-06-03,0.6554455418505938
1993-06-04,0.6558670580915249
1993-06-05,0.6554006091573648
1993-06-06,0.6554206350729296
1993-06-07,0.6543431618069148
1993-06-08,0.6532060352923293
1993-06-09,0.6524564998216894
1993-06-10,0.6524941952550712
1993-06-11,0.6530239411910839
1993-06-12,0.6532566146769259
1993-06-13,0.6549266596012563
1993-06-14,0.6562835028793621
1993-06-15,0.6566448997901091
1993-06-16,0.6564076070716235
1993-06-17,0.6552961445007434
1993-06-18,0.6564471841579127
1993-06-19,0.6573028251003704
1993-06-20,0.6556539912210602
1993-06-21,0.6538815660125278
1993-06-22,0.6542042712187864
1993-06-23,0.6563295808512023
1993-06-24,0.6592229080827691
1993-06-25,0.6620852122983998
1993-06-26,0.6622712776229083
1993-06-27,0.661879763869771
1993-06-28,0.6608507994770965
1993-06-29,0.6606150210906928
1993-06-30,0.6606727961516469
1993-07-01,0.6718
1993-07-02,0.6744
1993-07-03,0.675
1993-07-04,0.6762
1993-07-05,0.6785
1993-07-06,0.6753
1993-07-07,0.6755
1993-07-08,0.6752
1993-07-09,0.6713
1993-07-10,0.6695
1993-07-11,0.662
1993-07-12,0.6616
1993-07-13,0.6628
1993-07-14,0.6666
1993-07-15,0.661
1993-07-16,0.656
1993-07-17,0.6576
1993-07-18,0.6604
1993-07-19,0.6588
1993-07-20,0.664
1993-07-21,0.669
1993-07-22,0.6673
1993-07-23,0.6647
1993-07-24,0.6613
1993-07-25,0.6678
1993-07-26,0.668
1993-07-27,0.6703
1993-07-28,0.672
1993-07-29,0.6703
1993-07-30,0.668
1993-07-31,0.6675
1993-08-01,0.6693
1993-08-02,0.6712
1993-08-03,0.6687
1993-08-04,0.6691
1993-08-05,0.6712
1993-08-06,0.6722
1993-08-07,0.6725
1993-08-08,0.6705
1993-08-09,0.67
1993-08-10,0.672
1993-08-11,0.6713
1993-08-12,0.6682
1993-08-13,0.6685
1993-08-14,0.6685
1993-08-15,0.6705
1993-08-16,0.6714
1993-08-17,0.6757
1993-08-18,0.6774
1993-08-19,0.6727
1993-08-20,0.6735
1993-08-21,0.6728
1993-08-22,0.6756
1993-08-23,0.6763
1993-08-24,0.6745
1993-08-25,0.6753
1993-08-26,0.6755
1993-08-27,0.6763
1993-08-28,0.6746
1993-08-29,0.676
1993-08-30,0.6762
1993-08-31,0.6745
1993-09-01,0.6697
1993-09-02,0.671
1993-09-03,0.6738
1993-09-04,0.6732
1993-09-05,0.6706
1993-09-06,0.6598496683001713
1993-09-07,0.6599935887579038
1993-09-08,0.658502274870092
1993-09-09,0.6562854867583482
1993-09-10,0.6545926558143265
1993-09-11,0.654408789216834
1993-09-12,0.6553863044369198
1993-09-13,0.6558641455146028
1993-09-14,0.656702437478643
1993-09-15,0.6562717503455954
1993-09-16,0.6552205387859498
1993-09-17,0.6565824240621775
1993-09-18,0.6582909354470939
1993-09-19,0.6592254429429932
1993-09-20,0.6591124640668627
1993-09-21,0.6582239063270439
1993-09-22,0.6577979493159457
1993-09-23,0.6578646301742698
1993-09-24,0.6578544699416282
1993-09-25,0.6577618669754338
1993-09-26,0.6590226558577029
1993-09-27,0.6597492303114658
1993-09-28,0.6620259402318178
1993-09-29,0.6654883635091385
1993-09-30,0.6666178975715692
1993-10-01,0.6677577668638272
1993-10-02,0.6669621794110281
1993-10-03,0.6644335081962109
1993-10-04,0.661702692707548
1993-10-05,0.6615378765462586
1993-10-06,0.6640300582488943
1993-10-07,0.6666889602901168
1993-10-08,0.6678236368441028
1993-10-09,0.6659707562462945
1993-10-10,0.6645462982139926
1993-10-11,0.6641903574036188
1993-10-12,0.6638515039422066
1993-10-13,0.6631294326338454
1993-10-14,0.6627805073047072
1993-10-15,0.6628794864059836
1993-10-16,0.6629026345485641
1993-10-17,0.6628265696827388
1993-10-18,0.663964590242352
1993-10-19,0.6660479022828512
1993-10-20,0.6675066476350278
1993-10-21,0.6662471547715199
1993-10-22,0.6644566251511742
1993-10-23,0.6641527763248335
1993-10-24,0.6534520293560275
1993-10-25,0.6543254021915368
1993-10-26,0.6605
1993-10-27,0.658
1993-10-28,0.6575
1993-10-29,0.658
1993-10-30,0.6603
1993-10-31,0.661
1993-11-01,0.659
1993-11-02,0.6555
1993-11-03,0.6566
1993-11-04,0.6565
1993-11-05,0.66
1993-11-06,0.66
1993-11-07,0.655
1993-11-08,0.656
1993-11-09,0.6545
1993-11-10,0.655
1993-11-11,0.654
1993-11-12,0.653
1993-11-13,0.6515
1993-11-14,0.653
1993-11-15,0.6508
1993-11-16,0.6502
1993-11-17,0.6469
1993-11-18,0.6472
1993-11-19,0.6475
1993-11-20,0.6511
1993-11-21,0.6532
1993-11-22,0.6525
1993-11-23,0.6513
1993-11-24,0.6509
1993-11-25,0.6602749270551723
1993-11-26,0.6596408169559715
1993-11-27,0.6587747628146434
1993-11-28,0.6591132091043859
1993-11-29,0.6592725605020751
1993-11-30,0.6585779654845104
1993-12-01,0.657734182767189
1993-12-02,0.6576461990336383
1993-12-03,0.6571114128321491
1993-12-04,0.6575143828366893
1993-12-05,0.6597887519531022
1993-12-06,0.6613459306232533
1993-12-07,0.6607751573767494
1993-12-08,0.660151309736269
1993-12-09,0.659215740128738
1993-12-10,0.6590655111090941
1993-12-11,0.6674233697663908
1993-12-12,0.6680263095747965
1993-12-13,0.6681238800353605
1993-12-14,0.6677038608000574
1993-12-15,0.6678035156330409
1993-12-16,0.6670977121323659
1993-12-17,0.6662401808737738
1993-12-18,0.6650425399858526
1993-12-19,0.6648968418339369
1993-12-20,0.6653070335045157
1993-12-21,0.6652045475289442
1993-12-22,0.6672400697439451
1993-12-23,0.6689772650735039
1993-12-24,0.6694938671614914
1993-12-25,0.6688812297367667
1993-12-26,0.6679010479754061
1993-12-27,0.668526344107443
1993-12-28,0.6690726575987966
1993-12-29,0.6676462052916361
1993-12-30,0.6657083280409515
1993-12-31,0.6659408126684445
1994-01-01,0.6681158111057199
1994-01-02,0.6713673021317123
1994-01-03,0.6744084170855502
1994-01-04,0.6750144652598083
1994-01-05,0.6749501615909768
1994-01-06,0.6737164089075719
1994-01-07,0.6726155518592017
1994-01-08,0.6721215400019751
1994-01-09,0.6721684496436087
1994-01-10,0.6744626679457552
1994-01-11,0.676281347855959
1994-01-12,0.6752471820617854
1994-01-13,0.6735163905896352
1994-01-14,0.6745
1994-01-15,0.6733
1994-01-16,0.673
1994-01-17,0.6747
1994-01-18,0.676
1994-01-19,0.6783
1994-01-20,0.6782
1994-01-21,0.6762
1994-01-22,0.6745
1994-01-23,0.6765
1994-01-24,0.6763
1994-01-25,0.6739
1994-01-26,0.6697
1994-01-27,0.6731
1994-01-28,0.6736
1994-01-29,0.6729
1994-01-30,0.675
1994-01-31,0.675
1994-02-01,0.6726
1994-02-02,0.6755
1994-02-03,0.6792
1994-02-04,0.6835
1994-02-05,0.6835
1994-02-06,0.689
1994-02-07,0.683
1994-02-08,0.681
1994-02-09,0.6821
1994-02-10,0.6857
1994-02-11,0.6869
1994-02-12,0.6869
1994-02-13,0.6868
1994-02-14,0.6825
1994-02-15,0.6828
1994-02-16,0.6783
1994-02-17,0.6807
1994-02-18,0.685
1994-02-19,0.6842
1994-02-20,0.6813
1994-02-21,0.6813
1994-02-22,0.6825
1994-02-23,0.6833
1994-02-24,0.682
1994-02-25,0.681
1994-02-26,0.6763
1994-02-27,0.677
1994-02-28,0.6783
1994-03-01,0.6785
1994-03-02,0.6819
1994-03-03,0.6842
1994-03-04,0.6855
1994-03-05,0.6865
1994-03-06,0.6828
1994-03-07,0.6818
1994-03-08,0.6825
1994-03-09,0.684
1994-03-10,0.6865
1994-03-11,0.6869
1994-03-12,0.6849
1994-03-13,0.689
1994-03-14,0.6855
1994-03-15,0.6866
1994-03-16,0.6886
1994-03-17,0.688
1994-03-18,0.6875
1994-03-19,0.6905
1994-03-20,0.6875
1994-03-21,0.6887
1994-03-22,0.6872
1994-03-23,0.6846459274447728
1994-03-24,0.6847286266098452
1994-03-25,0.6852063273432506
1994-03-26,0.6854283918412917
1994-03-27,0.6853638559979761
1994-03-28,0.6872547785582468
1994-03-29,0.6889613978943835
1994-03-30,0.6900522055994177
1994-03-31,0.6902872337503619
1994-04-01,0.6894172222469339
1994-04-02,0.6886883745624027
1994-04-03,0.6878810882878443
1994-04-04,0.6876221323038884
1994-04-05,0.6867599107741911
1994-04-06,0.6873746360366261
1994-04-07,0.688758704371945
1994-04-08,0.6902591129154756
1994-04-09,0.6929189401893433
1994-04-10,0.6948532637843069
1994-04-11,0.6962080919958092
1994-04-12,0.6954852046114635
1994-04-13,0.6928272936434112
1994-04-14,0.69077423878958
1994-04-15,0.6906335185279064
1994-04-16,0.6939478127518115
1994-04-17,0.6969247782422587
1994-04-18,0.6980566409801108
1994-04-19,0.6957429356151197
1994-04-20,0.6947649127299308
1994-04-21,0.6951751667757441
1994-04-22,0.69605269796022
1994-04-23,0.6956033675626389
1994-04-24,0.6950046762007608
1994-04-25,0.6950131245797445
1994-04-26,0.6954045239782852
1994-04-27,0.6949264749831539
1994-04-28,0.6959220183786552
1994-04-29,0.698276108242693
1994-04-30,0.6990749686626578
1994-05-01,0.6986992271806216
1994-05-02,0.6965864844253118
1994-05-03,0.6959355693983499
1994-05-04,0.6960722092801
1994-05-05,0.6965069438728085
1994-05-06,0.6966498334065264
1994-05-07,0.6951571022147752
1994-05-08,0.6939005323240617
1994-05-09,0.692510742793623
1994-05-10,0.6916977214627816
1994-05-11,0.6908247020869346
1994-05-12,0.6949
1994-05-13,0.6942
1994-05-14,0.6892
1994-05-15,0.6941520535265946
1994-05-16,0.695474141670567
1994-05-17,0.6964821843700035
1994-05-18,0.6965576098896752
1994-05-19,0.6968905429017462
1994-05-20,0.6968494584139566
1994-05-21,0.6963717628784875
1994-05-22,0.6959342248655174
1994-05-23,0.6945586101071184
1994-05-24,0.6949239002720854
1994-05-25,0.6960167524986949
1994-05-26,0.6978380331096481
1994-05-27,0.7007777224669011
1994-05-28,0.7017092758023887
1994-05-29,0.7017449873567844
1994-05-30,0.7009574359133632
1994-05-31,0.6999745876107277
1994-06-01,0.6997616125704694
1994-06-02,0.7011088379339446
1994-06-03,0.7037245676496674
1994-06-04,0.7052253747016407
1994-06-05,0.704628367471094
1994-06-06,0.7017397790247037
1994-06-07,0.7007009680082055
1994-06-08,0.7012211878597939
1994-06-09,0.7027337682372787
1994-06-10,0.7025608051773058
1994-06-11,0.7009978723917721
1994-06-12,0.7012007824948859
1994-06-13,0.7016183032555183
1994-06-14,0.7015435690613623
1994-06-15,0.7025429537317214
1994-06-16,0.7047041395198462
1994-06-17,0.7054663666180612
1994-06-18,0.7047907908490822
1994-06-19,0.7028436422128476
1994-06-20,0.7026564610646997
1994-06-21,0.6992193673305215
1994-06-22,0.6991836107273454
1994-06-23,0.6999202587814797
1994-06-24,0.6998107036126651
1994-06-25,0.6995342323163328
1994-06-26,0.6982220081226382
1994-06-27,0.6969529112056629
1994-06-28,0.6950234251566637
1994-06-29,0.6946102256136658
1994-06-30,0.695022449677302
1994-07-01,0.6955646342746609
1994-07-02,0.6979750125898972
1994-07-03,0.7002745657072388
1994-07-04,0.6932
1994-07-05,0.6965
1994-07-06,0.6965
1994-07-07,0.7002
1994-07-08,0.7065
1994-07-09,0.7131
1994-07-10,0.7098
1994-07-11,0.7102
1994-07-12,0.7008
1994-07-13,0.703
1994-07-14,0.7054
1994-07-15,0.7055
1994-07-16,0.7058
1994-07-17,0.707
1994-07-18,0.7083
1994-07-19,0.7085
1994-07-20,0.7105
1994-07-21,0.7113
1994-07-22,0.7062
1994-07-23,0.7075377840478705
1994-07-24,0.7047058669673127
1994-07-25,0.7036876172538087
1994-07-26,0.7047815159982415
1994-07-27,0.7066822435988461
1994-07-28,0.7068681807075948
1994-07-29,0.7060200403870854
1994-07-30,0.7063113899094909
1994-07-31,0.706152844191914
1994-08-01,0.7057498516629835
1994-08-02,0.7066015023230788
1994-08-03,0.7083418926507602
1994-08-04,0.7086308771121909
1994-08-05,0.7079387060655447
1994-08-06,0.7062787347415856
1994-08-07,0.7062361445849411
1994-08-08,0.6997645407412001
1994-08-09,0.7001336860421882
1994-08-10,0.6995060109880131
1994-08-11,0.6979534914013499
1994-08-12,0.6970765285245661
1994-08-13,0.6964407793428145
1994-08-14,0.6971575435583071
1994-08-15,0.6965892272029842
1994-08-16,0.6964635116504982
1994-08-17,0.6960286904255197
1994-08-18,0.6955942451845935
1994-08-19,0.6974886624906415
1994-08-20,0.6993630019017625
1994-08-21,0.701277396609304
1994-08-22,0.7014223012096251
1994-08-23,0.7005861022812314
1994-08-24,0.7001021016491418
1994-08-25,0.6992238462188876
1994-08-26,0.6982591924256262
1994-08-27,0.6965623850604051
1994-08-28,0.6970894124757809
1994-08-29,0.6991096683521384
1994-08-30,0.7024098501792382
1994-08-31,0.7057767440522794
1994-09-01,0.7072549418143924
1994-09-02,0.70725809349638
1994-09-03,0.7059491907839224
1994-09-04,0.7028332307466225
1994-09-05,0.7013944905182659
1994-09-06,0.7016573709440591
1994-09-07,0.7049734705844738
1994-09-08,0.7075514580853888
1994-09-09,0.7071777091455657
1994-09-10,0.7045019068810848
1994-09-11,0.6935
1994-09-12,0.69
1994-09-13,0.6874
1994-09-14,0.6883
1994-09-15,0.69
1994-09-16,0.6885
1994-09-17,0.6882
1994-09-18,0.6898
1994-09-19,0.6909
1994-09-20,0.6885
1994-09-21,0.6835
1994-09-22,0.6842
1994-09-23,0.6876
1994-09-24,0.687
1994-09-25,0.6946
1994-09-26,0.6935
1994-09-27,0.6894
1994-09-28,0.69
1994-09-29,0.6938
1994-09-30,0.694
1994-10-01,0.697
1994-10-02,0.6965
1994-10-03,0.6942
1994-10-04,0.6908
1994-10-05,0.6924
1994-10-06,0.7007
1994-10-07,0.704
1994-10-08,0.7025
1994-10-09,0.7031
1994-10-10,0.704
1994-10-11,0.7026
1994-10-12,0.7045
1994-10-13,0.704
1994-10-14,0.6995
1994-10-15,0.6920578743341296
1994-10-16,0.6925134682448415
1994-10-17,0.6951729316631746
1994-10-18,0.6990472792564768
1994-10-19,0.6997234527881196
1994-10-20,0.6999060424259503
1994-10-21,0.699015443629847
1994-10-22,0.6967740103698947
1994-10-23,0.6968323381447322
1994-10-24,0.6970918728322528
1994-10-25,0.7002438181819219
1994-10-26,0.7020925386981183
1994-10-27,0.701485272474142
1994-10-28,0.69859732164126
1994-10-29,0.6972420152196265
1994-10-30,0.698072633297178
1994-10-31,0.7000373474925055
1994-11-01,0.7005109470542425
1994-11-02,0.6995768259382682
1994-11-03,0.6996219942712719
1994-11-04,0.69946282480135
1994-11-05,0.6992866320903464
1994-11-06,0.7007450135869884
1994-11-07,0.7032666364003072
1994-11-08,0.7039110592049449
1994-11-09,0.7034187921216388
1994-11-10,0.7011811135042741
1994-11-11,0.7009522431750912
1994-11-12,0.688302933731402
1994-11-13,0.6880166989782254
1994-11-14,0.6877761055702475
1994-11-15,0.6872150940479426
1994-11-16,0.6864890237939919
1994-11-17,0.6860363563213652
1994-11-18,0.6861726410108078
1994-11-19,0.6856392478562224
1994-11-20,0.6858786249471276
1994-11-21,0.6857531155794445
1994-11-22,0.6854279967981398
1994-11-23,0.6873043980572902
1994-11-24,0.6887356030107903
1994-11-25,0.6902891396603049
1994-11-26,0.6909423435118438
1994-11-27,0.6903205005420944
1994-11-28,0.690108837114406
1994-11-29,0.689024944397174
1994-11-30,0.6870725250536243
1994-12-01,0.684994650054399
1994-12-02,0.6860464108626372
1994-12-03,0.6880995783384196
1994-12-04,0.6902
1994-12-05,0.6908
1994-12-06,0.6896
1994-12-07,0.6902
1994-12-08,0.6895
1994-12-09,0.6879
1994-12-10,0.6885
1994-12-11,0.6887
1994-12-12,0.6865
1994-12-13,0.6885
1994-12-14,0.6902
1994-12-15,0.6915
1994-12-16,0.6905
1994-12-17,0.6907
1994-12-18,0.6895
1994-12-19,0.69
1994-12-20,0.6894
1994-12-21,0.6895
1994-12-22,0.6867
1994-12-23,0.685
1994-12-24,0.6827
1994-12-25,0.684
1994-12-26,0.6848
1994-12-27,0.6872
1994-12-28,0.6789
1994-12-29,0.679
1994-12-30,0.678
1994-12-31,0.678
1995-01-01,0.6775
1995-01-02,0.6745
1995-01-03,0.6757
1995-01-04,0.673
1995-01-05,0.6724
1995-01-06,0.6697
1995-01-07,0.6655
1995-01-08,0.663
1995-01-09,0.6592
1995-01-10,0.6671771227364639
1995-01-11,0.6688430907461618
1995-01-12,0.6699540595131022
1995-01-13,0.670254772251264
1995-01-14,0.6691761502413471
1995-01-15,0.6680080093740528
1995-01-16,0.6677507929660812
1995-01-17,0.6676724981856226
1995-01-18,0.6676839838919972
1995-01-19,0.6686629562668668
1995-01-20,0.6693549453857458
1995-01-21,0.6707003341450941
1995-01-22,0.6741448280077874
1995-01-23,0.6759455750380728
1995-01-24,0.6773178146032273
1995-01-25,0.6765307465678735
1995-01-26,0.6736250915642663
1995-01-27,0.6712149575520316
1995-01-28,0.6705841810625858
1995-01-29,0.6731854171995146
1995-01-30,0.6758529997942049
1995-01-31,0.6769723510996037
1995-02-01,0.6747088092843125
1995-02-02,0.6730068178440466
1995-02-03,0.6726775770993287
1995-02-04,0.6725823075918596
1995-02-05,0.672246188244893
1995-02-06,0.6718841866409003
1995-02-07,0.6717685568173037
1995-02-08,0.6710383056899962
1995-02-09,0.671041195742528
1995-02-10,0.672923124140513
1995-02-11,0.6758678676244058
1995-02-12,0.6774497520853544
1995-02-13,0.6764028860003789
1995-02-14,0.6742484471334523
1995-02-15,0.6735388266149551
1995-02-16,0.6462119938108843
1995-02-17,0.6469317277805973
1995-02-18,0.6463350324262231
1995-02-19,0.6450604759435838
1995-02-20,0.6433637941951544
1995-02-21,0.6419791818091791
1995-02-22,0.6413303546199276
1995-02-23,0.6413968578820979
1995-02-24,0.6422391635192135
1995-02-25,0.6423865865196277
1995-02-26,0.6423686432438369
1995-02-27,0.6429214714819047
1995-02-28,0.6442015221831161
1995-03-01,0.6375
1995-03-02,0.6398
1995-03-03,0.6425
1995-03-04,0.6427
1995-03-05,0.6415
1995-03-06,0.637
1995-03-07,0.641
1995-03-08,0.6415
1995-03-09,0.6443
1995-03-10,0.646
1995-03-11,0.6459
1995-03-12,0.6445
1995-03-13,0.645
1995-03-14,0.6412
1995-03-15,0.641
1995-03-16,0.6365
1995-03-17,0.6255
1995-03-18,0.6225
1995-03-19,0.621
1995-03-20,0.6536405013250004
1995-03-21,0.6524809439830311
1995-03-22,0.6515533254852532
1995-03-23,0.6515193708332959
1995-03-24,0.6514964617957809
1995-03-25,0.6509455446655924
1995-03-26,0.6504169925222623
1995-03-27,0.6508200300999731
1995-03-28,0.6500211523535543
1995-03-29,0.6497616332598424
1995-03-30,0.6511836344009633
1995-03-31,0.6518184479541975
1995-04-01,0.6516122960715351
1995-04-02,0.6506999699020817
1995-04-03,0.6498589178339149
1995-04-04,0.6499017245712349
1995-04-05,0.6227620122727228
1995-04-06,0.6242741334991759
1995-04-07,0.6231609400155383
1995-04-08,0.6201092091433178
1995-04-09,0.6175580066076836
1995-04-10,0.6164772205236587
1995-04-11,0.6168604019850543
1995-04-12,0.6173789654276378
1995-04-13,0.6177806775316156
1995-04-14,0.6176221595363651
1995-04-15,0.6169738729324792
1995-04-16,0.6173868403009932
1995-04-17,0.6192406929128724
1995-04-18,0.6203905422426501
1995-04-19,0.6198779962775504
1995-04-20,0.619557387572229
1995-04-21,0.6200839887568357
1995-04-22,0.6206894235746212
1995-04-23,0.6213383859102142
1995-04-24,0.6224359491996736
1995-04-25,0.6238236301006572
1995-04-26,0.6250633690739286
1995-04-27,0.6263486367704475
1995-04-28,0.6296430211660298
1995-04-29,0.63183679801418
1995-04-30,0.6329024511732574
1995-05-01,0.6325653840692554
1995-05-02,0.6310325646608212
1995-05-03,0.6289990679082961
1995-05-04,0.6272337482785603
1995-05-05,0.6282097508992095
1995-05-06,0.6309093371871336
1995-05-07,0.6319005784241
1995-05-08,0.6311190046073182
1995-05-09,0.5725
1995-05-10,0.6273658105111565
1995-05-11,0.6262612490669154
1995-05-12,0.6256714617697618
1995-05-13,0.6262442119646703
1995-05-14,0.6266310597037381
1995-05-15,0.6257991126871627
1995-05-16,0.6247361676528498
1995-05-17,0.6260557417283428
1995-05-18,0.627792065537264
1995-05-19,0.6279591202764137
1995-05-20,0.6268561130150988
1995-05-21,0.625656443199411
1995-05-22,0.6244610495525771
1995-05-23,0.5946143785599524
1995-05-24,0.5957122294685487
1995-05-25,0.5952759147032329
1995-05-26,0.5928164678701912
1995-05-27,0.5895297954792964
1995-05-28,0.5872185071546422
1995-05-29,0.5861624545837414
1995-05-30,0.5862713478820122
1995-05-31,0.5865108601192588
1995-06-01,0.5874996150100721
1995-06-02,0.5875540408674627
1995-06-03,0.5874947636029444
1995-06-04,0.5881553433259628
1995-06-05,0.5894041890834708
1995-06-06,0.5900370135597828
1995-06-07,0.5912956279720715
1995-06-08,0.5927825392079149
1995-06-09,0.5933242854459868
1995-06-10,0.5933696513005665
1995-06-11,0.593828185510527
1995-06-12,0.5954669700465013
1995-06-13,0.5969355325675297
1995-06-14,0.5990593140067004
1995-06-15,0.6017646734691064
1995-06-16,0.602668636159201
1995-06-17,0.6021224682100612
1995-06-18,0.6022517079632963
1995-06-19,0.6013715708801348
1995-06-20,0.6000565935128952
1995-06-21,0.5984191933605976
1995-06-22,0.5995709278085735
1995-06-23,0.6015862335170153
1995-06-24,0.6022384151077665
1995-06-25,0.6020845319389684
1995-06-26,0.6017895629203167
1995-06-27,0.6001490492042304
1995-06-28,0.5982581647621587
1995-06-29,0.5626
1995-06-30,0.5637
1995-07-01,0.562
1995-07-02,0.5536
1995-07-03,0.5524
1995-07-04,0.549
1995-07-05,0.5965362149794985
1995-07-06,0.5962768379627097
1995-07-07,0.5956849177790654
1995-07-08,0.5956603107490559
1995-07-09,0.5953127334180409
1995-07-10,0.539436580786903
1995-07-11,0.5411085524129213
1995-07-12,0.5431126860238064
1995-07-13,0.5433515589148993
1995-07-14,0.5423405222042068
1995-07-15,0.5399956708054563
1995-07-16,0.5383376954890012
1995-07-17,0.539154121468059
1995-07-18,0.5407636346925996
1995-07-19,0.5438742044700515
1995-07-20,0.5443514443197798
1995-07-21,0.5444898965486212
1995-07-22,0.5434128217910491
1995-07-23,0.5425665007482127
1995-07-24,0.5412795090695179
1995-07-25,0.5404251485520128
1995-07-26,0.5400806743889143
1995-07-27,0.540457192096091
1995-07-28,0.5422642788759051
1995-07-29,0.5459097370809249
1995-07-30,0.5510087253754592
1995-07-31,0.5551382812407113
1995-08-01,0.5556902986007306
1995-08-02,0.5554727372480913
1995-08-03,0.5532428607329752
1995-08-04,0.5507865239984313
1995-08-05,0.5506143475594711
1995-08-06,0.5501038443833012
1995-08-07,0.5487567195132593
1995-08-08,0.5487765860254471
1995-08-09,0.5481546529581367
1995-08-10,0.548630860151205
1995-08-11,0.5480241812940203
1995-08-12,0.5471718756939629
1995-08-13,0.5458613131072094
1995-08-14,0.5441335087157335
1995-08-15,0.5436935242074548
1995-08-16,0.5431645163783837
1995-08-17,0.5420002653000184
1995-08-18,0.5414066644503336
1995-08-19,0.5412585821783438
1995-08-20,0.5411685781802535
1995-08-21,0.5418321605777547
1995-08-22,0.5427656163578946
1995-08-23,0.5445003166780733
1995-08-24,0.5013
1995-08-25,0.496
1995-08-26,0.4963
1995-08-27,0.5173
1995-08-28,0.5175
1995-08-29,0.5298
1995-08-30,0.5176
1995-08-31,0.5085
1995-09-01,0.5166
1995-09-02,0.5139
1995-09-03,0.506
1995-09-04,0.5063
1995-09-05,0.52
1995-09-06,0.5175
1995-09-07,0.5125
1995-09-08,0.5195
1995-09-09,0.516
1995-09-10,0.5205
1995-09-11,0.5166
1995-09-12,0.5128
1995-09-13,0.514
1995-09-14,0.5173
1995-09-15,0.5255
1995-09-16,0.5225
1995-09-17,0.5267
1995-09-18,0.527
1995-09-19,0.527
1995-09-20,0.5251
1995-09-21,0.5206
1995-09-22,0.517
1995-09-23,0.5195
1995-09-24,0.511
1995-09-25,0.5138
1995-09-26,0.5135
1995-09-27,0.5173
1995-09-28,0.5115
1995-09-29,0.5095
1995-09-30,0.5135
1995-10-01,0.5165
1995-10-02,0.5135
1995-10-03,0.509
1995-10-04,0.5069
1995-10-05,0.5013
1995-10-06,0.5027
1995-10-07,0.5038
1995-10-08,0.5038
1995-10-09,0.5038
1995-10-10,0.5027
1995-10-11,0.5038
1995-10-12,0.4985
1995-10-13,0.4925
1995-10-14,0.491
1995-10-15,0.4912
1995-10-16,0.4885
1995-10-17,0.4838
1995-10-18,0.4928
1995-10-19,0.495
1995-10-20,0.5073
1995-10-21,0.5035
1995-10-22,0.5005
1995-10-23,0.5062
1995-10-24,0.5097
1995-10-25,0.5075
1995-10-26,0.5155
1995-10-27,0.5136
1995-10-28,0.514
1995-10-29,0.5075
1995-10-30,0.5093
1995-10-31,0.504
1995-11-01,0.5005
1995-11-02,0.496
1995-11-03,0.4905
1995-11-04,0.4939
1995-11-05,0.4968
1995-11-06,0.4935
1995-11-07,0.5025
1995-11-08,0.5
1995-11-09,0.503
1995-11-10,0.4987
1995-11-11,0.4968
1995-11-12,0.493
1995-11-13,0.5113
1995-11-14,0.5195
1995-11-15,0.5205
1995-11-16,0.541
1995-11-17,0.5395
1995-11-18,0.5312
1995-11-19,0.5357
1995-11-20,0.535
1995-11-21,0.5263
1995-11-22,0.526
1995-11-23,0.5255
1995-11-24,0.5253
1995-11-25,0.5225
1995-11-26,0.5202
1995-11-27,0.522
1995-11-28,0.5258
1995-11-29,0.5295
1995-11-30,0.5305
1995-12-01,0.5303
1995-12-02,0.5331
1995-12-03,0.5395
1995-12-04,0.5385
1995-12-05,0.536
1995-12-06,0.528
1995-12-07,0.5295
1995-12-08,0.5378
1995-12-09,0.5385
1995-12-10,0.5345
1995-12-11,0.539
1995-12-12,0.5412
1995-12-13,0.537
1995-12-14,0.5325
1995-12-15,0.5338
1995-12-16,0.5315
1995-12-17,0.5285
1995-12-18,0.527
1995-12-19,0.5245
1995-12-20,0.5275
1995-12-21,0.5232
1995-12-22,0.5213
1995-12-23,0.5214
1995-12-24,0.5185
1995-12-25,0.5155
1995-12-26,0.5214
1995-12-27,0.5225
1995-12-28,0.521
1995-12-29,0.5222
1995-12-30,0.522
1995-12-31,0.5248
1996-01-01,0.5215
1996-01-02,0.52
1996-01-03,0.5183
1996-01-04,0.5237
1996-01-05,0.5235
1996-01-06,0.52
1996-01-07,0.5243
1996-01-08,0.5262
1996-01-09,0.527
1996-01-10,0.533597
1996-01-11,0.537268
1996-01-12,0.538449
1996-01-13,0.540536
1996-01-14,0.540374
1996-01-15,0.546912
1996-01-16,0.547186
1996-01-17,0.54147
1996-01-18,0.5366982248254474
1996-01-19,0.5402043159648532
1996-01-20,0.541723513315131
1996-01-21,0.5410462222272034
1996-01-22,0.5403755325182602
1996-01-23,0.5405591478821693
1996-01-24,0.5399822046853863
1996-01-25,0.5413200737636867
1996-01-26,0.5433677972676138
1996-01-27,0.5454217825520262
1996-01-28,0.5445434907362185
1996-01-29,0.5424622162867131
1996-01-30,0.5417855420205488
1996-01-31,0.5430542681514079
1996-02-01,0.544355235347921
1996-02-02,0.5441596785918963
1996-02-03,0.5437163188903731
1996-02-04,0.5438958590722949
1996-02-05,0.5446447742558806
1996-02-06,0.5457741922310693
1996-02-07,0.5475152652210393
1996-02-08,0.5488917653612391
1996-02-09,0.5491169260966148
1996-02-10,0.5478699342696876
1996-02-11,0.546145099632432
1996-02-12,0.5458306314224178
1996-02-13,0.5471462775907828
1996-02-14,0.548561370674683
1996-02-15,0.548239580305197
1996-02-16,0.5487292709447893
1996-02-17,0.5486081451699751
1996-02-18,0.548740248986061
1996-02-19,0.5494292700833651
1996-02-20,0.5509834148914161
1996-02-21,0.5533491585284327
1996-02-22,0.5527614070896275
1996-02-23,0.5506859127451855
1996-02-24,0.5498511657736393
1996-02-25,0.5499840873983552
1996-02-26,0.5499945387154246
1996-02-27,0.5504303302218286
1996-02-28,0.549894883882441
1996-02-29,0.5498989971826271
1996-03-01,0.5497319008599877
1996-03-02,0.5498207335897858
1996-03-03,0.5482024912977062
1996-03-04,0.5490853330403414
1996-03-05,0.5503685579479305
1996-03-06,0.5449093353477144
1996-03-07,0.5490556043105213
1996-03-08,0.537717
1996-03-09,0.535605
1996-03-10,0.534267
1996-03-11,0.530595
1996-03-12,0.534984
1996-03-13,0.535002
1996-03-14,0.532375
1996-03-15,0.530707
1996-03-16,0.532159
1996-03-17,0.529983
1996-03-18,0.535261
1996-03-19,0.542929
1996-03-20,0.541096
1996-03-21,0.54192
1996-03-22,0.539595
1996-03-23,0.545693
1996-03-24,0.549023
1996-03-25,0.548461
1996-03-26,0.547042
1996-03-27,0.547924
1996-03-28,0.548267
1996-03-29,0.54758
1996-03-30,0.548963
1996-03-31,0.551296
1996-04-01,0.55584
1996-04-02,0.559763
1996-04-03,0.561217
1996-04-04,0.559189
1996-04-05,0.557464
1996-04-06,0.563655
1996-04-07,0.560951
1996-04-08,0.561133
1996-04-09,0.562507
1996-04-10,0.560115
1996-04-11,0.560554
1996-04-12,0.557893
1996-04-13,0.55913
1996-04-14,0.561826
1996-04-15,0.552322
1996-04-16,0.548495
1996-04-17,0.545207
1996-04-18,0.543745
1996-04-19,0.533903
1996-04-20,0.53545
1996-04-21,0.535804
1996-04-22,0.53437
1996-04-23,0.529141
1996-04-24,0.536247
1996-04-25,0.525368
1996-04-26,0.5486647992093536
1996-04-27,0.547942140534201
1996-04-28,0.5454244958747269
1996-04-29,0.5436549070067187
1996-04-30,0.5428945459676026
1996-05-01,0.5437603523406381
1996-05-02,0.5470797405420271
1996-05-03,0.5484690969111152
1996-05-04,0.549108994045961
1996-05-05,0.5480444463146507
1996-05-06,0.5463924728818706
1996-05-07,0.5453555054000809
1996-05-08,0.5447112523946925
1996-05-09,0.5445120466874498
1996-05-10,0.5456670662311092
1996-05-11,0.5475539344011374
1996-05-12,0.5514194662946306
1996-05-13,0.5536304327178213
1996-05-14,0.5549480194490374
1996-05-15,0.5556075717133319
1996-05-16,0.555236061351369
1996-05-17,0.55390951337813
1996-05-18,0.5532156443389891
1996-05-19,0.5512001722965886
1996-05-20,0.55119531742417
1996-05-21,0.5531660109787825
1996-05-22,0.554868172218298
1996-05-23,0.5549651657079429
1996-05-24,0.5544430572728655
1996-05-25,0.5522713491292098
1996-05-26,0.5504527367921768
1996-05-27,0.550744472694507
1996-05-28,0.549964480782978
1996-05-29,0.5494098644548545
1996-05-30,0.5486420738322515
1996-05-31,0.5468913604032606
1996-06-01,0.546330104577954
1996-06-02,0.5464460740000495
1996-06-03,0.5461529034673258
1996-06-04,0.5469886276508792
1996-06-05,0.5461455050714562
1996-06-06,0.545907242071545
1996-06-07,0.546078441298498
1996-06-08,0.5468751220505462
1996-06-09,0.5478066164760902
1996-06-10,0.5170615237933688
1996-06-11,0.5181738059055245
1996-06-12,0.5195900009519008
1996-06-13,0.5200923087153158
1996-06-14,0.5204710026251183
1996-06-15,0.525064
1996-06-16,0.533764
1996-06-17,0.53401
1996-06-18,0.533397
1996-06-19,0.530911
1996-06-20,0.527229
1996-06-21,0.515786
1996-06-22,0.511326
1996-06-23,0.513165
1996-06-24,0.513105
1996-06-25,0.516696
1996-06-26,0.51448
1996-06-27,0.518912
1996-06-28,0.517901
1996-06-29,0.526421
1996-06-30,0.528058
1996-07-01,0.532486
1996-07-02,0.534077
1996-07-03,0.53547
1996-07-04,0.52948
1996-07-05,0.524126
1996-07-06,0.523899
1996-07-07,0.52638
1996-07-08,0.521973
1996-07-09,0.5272293142342309
1996-07-10,0.5290014396951087
1996-07-11,0.5325982382866382
1996-07-12,0.5320017958984928
1996-07-13,0.5303653504338122
1996-07-14,0.5261316002046215
1996-07-15,0.522965499142012
1996-07-16,0.521726037392005
1996-07-17,0.5218486913600644
1996-07-18,0.5226520220051682
1996-07-19,0.5230955237836145
1996-07-20,0.5234379915433367
1996-07-21,0.5234918005789639
1996-07-22,0.5236679967552584
1996-07-23,0.5230003946204229
1996-07-24,0.5217129247315971
1996-07-25,0.519368797578625
1996-07-26,0.520041057064303
1996-07-27,0.522947774179542
1996-07-28,0.520926930936393
1996-07-29,0.5202748740961107
1996-07-30,0.520511068317411
1996-07-31,0.5225439673072723
1996-08-01,0.5232076883164057
1996-08-02,0.5236355339109929
1996-08-03,0.5242483012841228
1996-08-04,0.5235834055414064
1996-08-05,0.5235365374832625
1996-08-06,0.5241703599633263
1996-08-07,0.5226404756562044
1996-08-08,0.521639003148135
1996-08-09,0.5211929197280387
1996-08-10,0.5210839294016253
1996-08-11,0.5218399241743266
1996-08-12,0.5234878432168641
1996-08-13,0.5249890903607697
1996-08-14,0.5257358813210916
1996-08-15,0.5273087213730381
1996-08-16,0.5307960444974414
1996-08-17,0.5356655889571644
1996-08-18,0.537093448172392
1996-08-19,0.5386806068059465
1996-08-20,0.5394723772409235
1996-08-21,0.5378906903015507
1996-08-22,0.5349999620380881
1996-08-23,0.5286968614250533
1996-08-24,0.5265016447485735
1996-08-25,0.5272592266244637
1996-08-26,0.529560245559816
1996-08-27,0.5316570722344564
1996-08-28,0.507568
1996-08-29,0.505124
1996-08-30,0.505718
1996-08-31,0.507277
1996-09-01,0.508778
1996-09-02,0.507686
1996-09-03,0.493928
1996-09-04,0.491575
1996-09-05,0.495225
1996-09-06,0.492363
1996-09-07,0.508516
1996-09-08,0.506613
1996-09-09,0.504516
1996-09-10,0.513722
1996-09-11,0.512382
1996-09-12,0.515821
1996-09-13,0.515331
1996-09-14,0.4981806997141041
1996-09-15,0.49903245433292354
1996-09-16,0.5002978399234461
1996-09-17,0.5012806379793648
1996-09-18,0.5025047311646496
1996-09-19,0.503475726440085
1996-09-20,0.5050151299010495
1996-09-21,0.5079070779468756
1996-09-22,0.5091969874004285
1996-09-23,0.5087781619578079
1996-09-24,0.5059469569945108
1996-09-25,0.5045541180081632
1996-09-26,0.5035023052205628
1996-09-27,0.5030565648642562
1996-09-28,0.5026241035023162
1996-09-29,0.5028081035135046
1996-09-30,0.5035747887083407
1996-10-01,0.5057125023491947
1996-10-02,0.5088642605731604
1996-10-03,0.5117953074951446
1996-10-04,0.5137368267664657
1996-10-05,0.5156750540115218
1996-10-06,0.5173237146262917
1996-10-07,0.5168027289454353
1996-10-08,0.515397470356841
1996-10-09,0.5137941426763881
1996-10-10,0.5120448500166275
1996-10-11,0.5099368581750119
1996-10-12,0.5084468593650608
1996-10-13,0.5094921712671102
1996-10-14,0.5117594278741449
1996-10-15,0.5160129060038912
1996-10-16,0.5166851654895692
1996-10-17,0.5137543438114873
1996-10-18,0.5085140167008707
1996-10-19,0.5049454463682425
1996-10-20,0.5044136351189098
1996-10-21,0.504510320197673
1996-10-22,0.50547727840932
1996-10-23,0.5063702041481991
1996-10-24,0.507618786543606
1996-10-25,0.5080252651550867
1996-10-26,0.5088952472035428
1996-10-27,0.5088401837326441
1996-10-28,0.5071754303073736
1996-10-29,0.5045840165372327
1996-10-30,0.5050330523850953
1996-10-31,0.508008694134455
1996-11-01,0.4739236917981946
1996-11-02,0.47495284158392725
1996-11-03,0.490996
1996-11-04,0.494098
1996-11-05,0.492149
1996-11-06,0.491554
1996-11-07,0.487349
1996-11-08,0.484258
1996-11-09,0.484403
1996-11-10,0.482952
1996-11-11,0.4874
1996-11-12,0.487551
1996-11-13,0.486751
1996-11-14,0.489049
1996-11-15,0.497199
1996-11-16,0.502451
1996-11-17,0.4996
1996-11-18,0.4988
1996-11-19,0.494752
1996-11-20,0.4981
1996-11-21,0.497451
1996-11-22,0.50015
1996-11-23,0.501501
1996-11-24,0.498301
1996-11-25,0.496901
1996-11-26,0.4981
1996-11-27,0.4981
1996-11-28,0.498599
1996-11-29,0.497249
1996-11-30,0.495348
1996-12-01,0.494648
1996-12-02,0.4978
1996-12-03,0.496101
1996-12-04,0.493551
1996-12-05,0.494047
1996-12-06,0.495802
1996-12-07,0.486695
1996-12-08,0.486357
1996-12-09,0.4876
1996-12-10,0.483597
1996-12-11,0.486305
1996-12-12,0.491748
1996-12-13,0.488349
1996-12-14,0.4765585741761992
1996-12-15,0.475744792214026
1996-12-16,0.4756493026605907
1996-12-17,0.47755183741035045
1996-12-18,0.4802223499084167
1996-12-19,0.44629927368091393
1996-12-20,0.44766679525263675
1996-12-21,0.44999846468516336
1996-12-22,0.45346042188087077
1996-12-23,0.4558405984540922
1996-12-24,0.45710752263373244
1996-12-25,0.45861477166131304
1996-12-26,0.46052115288386686
1996-12-27,0.4612260484783508
1996-12-28,0.4602669114280517
1996-12-29,0.45795358031446765
1996-12-30,0.45623752672411305
1996-12-31,0.4557244834897828
1997-01-01,0.45553649146358643
1997-01-02,0.45506862869077774
1997-01-03,0.45436975577171373
1997-01-04,0.4542296540644489
1997-01-05,0.45472491342636556
1997-01-06,0.4561484063751782
1997-01-07,0.4580065923332096
1997-01-08,0.4605332328876147
1997-01-09,0.4622944946618174
1997-01-10,0.4632031909391521
1997-01-11,0.4624163342865374
1997-01-12,0.45980414263272706
1997-01-13,0.4584405368396144
1997-01-14,0.4579843798191466
1997-01-15,0.4578867071325038
1997-01-16,0.45853576303094856
1997-01-17,0.45889936906458406
1997-01-18,0.45983478966461055
1997-01-19,0.46105783633207204
1997-01-20,0.46076635686126133
1997-01-21,0.45888274259929945
1997-01-22,0.45666775643877444
1997-01-23,0.4550732860416203
1997-01-24,0.45611075945586765
1997-01-25,0.45712053826599774
1997-01-26,0.45844786939495874
1997-01-27,0.459495925807326
1997-01-28,0.45961055069658907
1997-01-29,0.4586346624305364
1997-01-30,0.45720267258866876
1997-01-31,0.45612237511064757
1997-02-01,0.45460940142265627
1997-02-02,0.460454
1997-02-03,0.460862
1997-02-04,0.458654
1997-02-05,0.457046
1997-02-06,0.456009
1997-02-07,0.463107
1997-02-08,0.461531
1997-02-09,0.459962
1997-02-10,0.461162
1997-02-11,0.4611
1997-02-12,0.458246
1997-02-13,0.453782
1997-02-14,0.455082
1997-02-15,0.452936
1997-02-16,0.454327
1997-02-17,0.454564
1997-02-18,0.454064
1997-02-19,0.454255
1997-02-20,0.452436
1997-02-21,0.45071
1997-02-22,0.4519
1997-02-23,0.447679
1997-02-24,0.44882
1997-02-25,0.450235
1997-02-26,0.450355
1997-02-27,0.451745
1997-02-28,0.45101
1997-03-01,0.44941
1997-03-02,0.428957
1997-03-03,0.4297
1997-03-04,0.435787
1997-03-05,0.434913
1997-03-06,0.4313
1997-03-07,0.425472
1997-03-08,0.430486
1997-03-09,0.422742
1997-03-10,0.429628
1997-03-11,0.428243
1997-03-12,0.426585
1997-03-13,0.413976
1997-03-14,0.420532
1997-03-15,0.421484
1997-03-16,0.4287
1997-03-17,0.421673
1997-03-18,0.418467
1997-03-19,0.420558
1997-03-20,0.414007
1997-03-21,0.412835
1997-03-22,0.408796
1997-03-23,0.403098
1997-03-24,0.411064
1997-03-25,0.41
1997-03-26,0.411582
1997-03-27,0.414724
1997-03-28,0.414541
1997-03-29,0.406822
1997-03-30,0.406263
1997-03-31,0.405741
1997-04-01,0.40108
1997-04-02,0.402839
1997-04-03,0.401151
1997-04-04,0.402711
1997-04-05,0.404038
1997-04-06,0.405931
1997-04-07,0.397599
1997-04-08,0.39958
1997-04-09,0.397449
1997-04-10,0.393579
1997-04-11,0.39601
1997-04-12,0.393153
1997-04-13,0.40221
1997-04-14,0.40183
1997-04-15,0.40269
1997-04-16,0.401611
1997-04-17,0.39906
1997-04-18,0.39941
1997-04-19,0.405012
1997-04-20,0.394011
1997-04-21,0.39485
1997-04-22,0.39944
1997-04-23,0.39934
1997-04-24,0.40075
1997-04-25,0.397981
1997-04-26,0.41689728613090016
1997-04-27,0.4163052204050421
1997-04-28,0.4155285794297219
1997-04-29,0.4151650912159737
1997-04-30,0.41637184408606787
1997-05-01,0.41791168763896475
1997-05-02,0.41921361125574014
1997-05-03,0.41966856235500766
1997-05-04,0.4193926212481687
1997-05-05,0.4174241835978707
1997-05-06,0.4151746069045255
1997-05-07,0.41386913482996535
1997-05-08,0.4137816847511987
1997-05-09,0.4141281930400001
1997-05-10,0.41515834082948466
1997-05-11,0.4169760175380003
1997-05-12,0.43405748243594705
1997-05-13,0.4329337995170414
1997-05-14,0.4353916055348868
1997-05-15,0.43903371626898857
1997-05-16,0.4406052048575209
1997-05-17,0.4399647775331818
1997-05-18,0.43950756706430916
1997-05-19,0.43937237220882486
1997-05-20,0.4388415658938257
1997-05-21,0.4381150607458789
1997-05-22,0.4375089190087691
1997-05-23,0.4364820008703152
1997-05-24,0.43578881795875374
1997-05-25,0.4358725671069401
1997-05-26,0.43698653335042725
1997-05-27,0.4383752278489714
1997-05-28,0.43887851282439355
1997-05-29,0.4383674240140776
1997-05-30,0.43820884537623794
1997-05-31,0.4404592052253052
1997-06-01,0.44487384016925025
1997-06-02,0.4489563962953079
1997-06-03,0.4524605884553523
1997-06-04,0.45349775692400884
1997-06-05,0.4511854238141767
1997-06-06,0.44751455809697116
1997-06-07,0.44513996757252816
1997-06-08,0.4439982997943422
1997-06-09,0.4438015544435713
1997-06-10,0.4438289787550057
1997-06-11,0.4430940182974936
1997-06-12,0.443183485175509
1997-06-13,0.4413612134913854
1997-06-14,0.439649359833487
1997-06-15,0.444156
1997-06-16,0.44625
1997-06-17,0.446861
1997-06-18,0.448166
1997-06-19,0.447455
1997-06-20,0.444567
1997-06-21,0.4429629679298126
1997-06-22,0.43993404733431896
1997-06-23,0.43716255626218153
1997-06-24,0.43442451910748003
1997-06-25,0.4338066300345397
1997-06-26,0.43402218498380263
1997-06-27,0.43610755540704016
1997-06-28,0.43807447525996535
1997-06-29,0.4986741397983479
1997-06-30,0.4928905590481589
1997-07-01,0.4907384263322634
1997-07-02,0.4921974454424136
1997-07-03,0.49216174601653573
1997-07-04,0.4909034781333276
1997-07-05,0.4879203756128637
1997-07-06,0.4841769536367735
1997-07-07,0.48217621254558696
1997-07-08,0.4814587725983872
1997-07-09,0.48173272462830385
1997-07-10,0.48275863090184257
1997-07-11,0.483518167201747
1997-07-12,0.4840999340833313
1997-07-13,0.486757167587031
1997-07-14,0.4909562337205499
1997-07-15,0.49413348262368056
1997-07-16,0.4955509390359101
1997-07-17,0.494697396327035
1997-07-18,0.4963606042326063
1997-07-19,0.49991987372471275
1997-07-20,0.5074859099676705
1997-07-21,0.515275665385029
1997-07-22,0.520631306977779
1997-07-23,0.5196242726779668
1997-07-24,0.5127168461402044
1997-07-25,0.5044999693740371
1997-07-26,0.49967859245651003
1997-07-27,0.49989704092359555
1997-07-28,0.5017683048891268
1997-07-29,0.5028984228530582
1997-07-30,0.5038120571697907
1997-07-31,0.4995976294021312
1997-08-01,0.4945735399030662
1997-08-02,0.4926126427255609
1997-08-03,0.4911857052776876
1997-08-04,0.49160425696233456
1997-08-05,0.4921042914949812
1997-08-06,0.49187611595660474
1997-08-07,0.49202173440683183
1997-08-08,0.49187266452696243
1997-08-09,0.48955931262163355
1997-08-10,0.404129
1997-08-11,0.404988
1997-08-12,0.406569
1997-08-13,0.40075
1997-08-14,0.47989408291041524
1997-08-15,0.48382123460501114
1997-08-16,0.46455896517504436
1997-08-17,0.46231384484567506
1997-08-18,0.46078858323648764
1997-08-19,0.4603224253867552
1997-08-20,0.4605659521633999
1997-08-21,0.46140607726627614
1997-08-22,0.463521866012204
1997-08-23,0.4664781055983439
1997-08-24,0.4673182584235466
1997-08-25,0.4656905004429152
1997-08-26,0.4632926300948411
1997-08-27,0.46254062733714774
1997-08-28,0.46196779397526
1997-08-29,0.46239457226027914
1997-08-30,0.4629777668416752
1997-08-31,0.46370058492020494
1997-09-01,0.46396985880753416
1997-09-02,0.4646599853326052
1997-09-03,0.46615800282548014
1997-09-04,0.46850184235931547
1997-09-05,0.47169071384780764
1997-09-06,0.47444630616572964
1997-09-07,0.4778522919843472
1997-09-08,0.4806537855442784
1997-09-09,0.4827474033596329
1997-09-10,0.48369703858254337
1997-09-11,0.48118302554783343
1997-09-12,0.47514906021049574
1997-09-13,0.4700774685050695
1997-09-14,0.4676990176466692
1997-09-15,0.46873323368755937
1997-09-16,0.47282829951342475
1997-09-17,0.4743103420156865
1997-09-18,0.4719080499565446
1997-09-19,0.46657877229624256
1997-09-20,0.462315591352241
1997-09-21,0.4613305339267171
1997-09-22,0.4619038108458279
1997-09-23,0.46304272718311434
1997-09-24,0.4649921265257272
1997-09-25,0.46617756092678614
1997-09-26,0.464065410736204
1997-09-27,0.4626944169430941
1997-09-28,0.46215263951740493
1997-09-29,0.4611535615252821
1997-09-30,0.4605731876906017
1997-10-01,0.4623623450557883
1997-10-02,0.4658670431482903
1997-10-03,0.414526
1997-10-04,0.41405
1997-10-05,0.412459
1997-10-06,0.4133
1997-10-07,0.414
1997-10-08,0.416992
1997-10-09,0.416675
1997-10-10,0.406188
1997-10-11,0.406547
1997-10-12,0.407019
1997-10-13,0.408368
1997-10-14,0.407578
1997-10-15,0.403329
1997-10-16,0.404198
1997-10-17,0.4197865624375153
1997-10-18,0.41984005266638835
1997-10-19,0.4196445063062362
1997-10-20,0.4194678457809737
1997-10-21,0.42046765841474726
1997-10-22,0.4221637657912256
1997-10-23,0.42415228133645044
1997-10-24,0.42647261926804314
1997-10-25,0.4277628995077122
1997-10-26,0.42778892384166123
1997-10-27,0.4272769964309703
1997-10-28,0.42735678128647525
1997-10-29,0.42665738857379043
1997-10-30,0.42443888860838863
1997-10-31,0.42280986233132245
1997-11-01,0.42071447028707554
1997-11-02,0.4197716062423989
1997-11-03,0.42072282163791663
1997-11-04,0.42119423286851015
1997-11-05,0.42076952682739266
1997-11-06,0.4203645174992135
1997-11-07,0.420119563022757
1997-11-08,0.4203595759945249
1997-11-09,0.4208937505721869
1997-11-10,0.421462640433138
1997-11-11,0.42175953268818683
1997-11-12,0.4213774635851398
1997-11-13,0.4204483428837976
1997-11-14,0.41958180533440215
1997-11-15,0.419345874475203
1997-11-16,0.41818279119983925
1997-11-17,0.4177870203369474
1997-11-18,0.4192814893720375
1997-11-19,0.42188299406900387
1997-11-20,0.4026200523726208
1997-11-21,0.40427382775661963
1997-11-22,0.4077482669298083
1997-11-23,0.4122220543878027
1997-11-24,0.4145743215088769
1997-11-25,0.41458237484470883
1997-11-26,0.41476331846940684
1997-11-27,0.41602504471283885
1997-11-28,0.4165285861197806
1997-11-29,0.41605693924941234
1997-11-30,0.4153237668819558
1997-12-01,0.4136822586274084
1997-12-02,0.41291817586596713
1997-12-03,0.412262750763022
1997-12-04,0.4116443349658792
1997-12-05,0.41084200925510894
1997-12-06,0.411418
1997-12-07,0.411318
1997-12-08,0.40205
1997-12-09,0.402029
1997-12-10,0.407028
1997-12-11,0.404338
1997-12-12,0.40137
1997-12-13,0.406897
1997-12-14,0.406238
1997-12-15,0.404897
1997-12-16,0.406897
1997-12-17,0.409686
1997-12-18,0.414284
1997-12-19,0.416225
1997-12-20,0.412459
1997-12-21,0.412943
1997-12-22,0.414426
1997-12-23,0.41974
1997-12-24,0.420916
1997-12-25,0.418491
1997-12-26,0.417825
1997-12-27,0.415892
1997-12-28,0.417025
1997-12-29,0.418341
1997-12-30,0.418658
1997-12-31,0.418041
1998-01-01,0.41195
1998-01-02,0.412318
1998-01-03,0.413934
1998-01-04,0.413176
1998-01-05,0.410777
1998-01-06,0.41475
1998-01-07,0.41595
1998-01-08,0.4205
1998-01-09,0.4195
1998-01-10,0.4202
1998-01-11,0.42215
1998-01-12,0.4213
1998-01-13,0.42
1998-01-14,0.41745
1998-01-15,0.41425
1998-01-16,0.41505
1998-01-17,0.4148
1998-01-18,0.41
1998-01-19,0.41015
1998-01-20,0.41025
1998-01-21,0.413
1998-01-22,0.4154
1998-01-23,0.41425
1998-01-24,0.4121
1998-01-25,0.41615
1998-01-26,0.41495
1998-01-27,0.41225
1998-01-28,0.41505
1998-01-29,0.41725
1998-01-30,0.41505
1998-01-31,0.4151
1998-02-01,0.41715
1998-02-02,0.4206
1998-02-03,0.4186
1998-02-04,0.41765
1998-02-05,0.41785
1998-02-06,0.41685
1998-02-07,0.4149
1998-02-08,0.4118
1998-02-09,0.41445
1998-02-10,0.4147
1998-02-11,0.416
1998-02-12,0.4155
1998-02-13,0.41525
1998-02-14,0.4158
1998-02-15,0.42245
1998-02-16,0.42585
1998-02-17,0.42905
1998-02-18,0.4275
1998-02-19,0.43075
1998-02-20,0.4283
1998-02-21,0.42615
1998-02-22,0.42435
1998-02-23,0.42245
1998-02-24,0.42415
1998-02-25,0.4211
1998-02-26,0.42145
1998-02-27,0.4246
1998-02-28,0.42735
1998-03-01,0.42925
1998-03-02,0.4266
1998-03-03,0.4271
1998-03-04,0.42365
1998-03-05,0.42225
1998-03-06,0.42065
1998-03-07,0.4163
1998-03-08,0.417
1998-03-09,0.41715
1998-03-10,0.4181
1998-03-11,0.41705
1998-03-12,0.417
1998-03-13,0.4169
1998-03-14,0.41795
1998-03-15,0.42015
1998-03-16,0.418
1998-03-17,0.4182
1998-03-18,0.42185
1998-03-19,0.42255
1998-03-20,0.42225
1998-03-21,0.42165
1998-03-22,0.4196
1998-03-23,0.41845
1998-03-24,0.41885
1998-03-25,0.41725
1998-03-26,0.41755
1998-03-27,0.41955
1998-03-28,0.4214
1998-03-29,0.42275
1998-03-30,0.42545
1998-03-31,0.42495
1998-04-01,0.4289
1998-04-02,0.4284
1998-04-03,0.43075
1998-04-04,0.42795
1998-04-05,0.42835
1998-04-06,0.42905
1998-04-07,0.4362
1998-04-08,0.43655
1998-04-09,0.4333
1998-04-10,0.43995
1998-04-11,0.4392
1998-04-12,0.43985
1998-04-13,0.4375
1998-04-14,0.43565
1998-04-15,0.4357
1998-04-16,0.4407
1998-04-17,0.4407
1998-04-18,0.4409
1998-04-19,0.4422
1998-04-20,0.44015
1998-04-21,0.4414
1998-04-22,0.43855
1998-04-23,0.4346
1998-04-24,0.4351
1998-04-25,0.4371
1998-04-26,0.44295
1998-04-27,0.4406
1998-04-28,0.4391
1998-04-29,0.44095
1998-04-30,0.4456
1998-05-01,0.44605
1998-05-02,0.4472
1998-05-03,0.4466
1998-05-04,0.44565
1998-05-05,0.44935
1998-05-06,0.4507
1998-05-07,0.4389664688356178
1998-05-08,0.43730942914768023
1998-05-09,0.43733907817581175
1998-05-10,0.4375960017667103
1998-05-11,0.4372974946861462
1998-05-12,0.43642730472024177
1998-05-13,0.4363689422924962
1998-05-14,0.4368934972228822
1998-05-15,0.4365608847502107
1998-05-16,0.4359161951181809
1998-05-17,0.43516756062315043
1998-05-18,0.43464771848825984
1998-05-19,0.43595416084424554
1998-05-20,0.4373443592789993
1998-05-21,0.43820325239687796
1998-05-22,0.43837866541745046
1998-05-23,0.43828540058071225
1998-05-24,0.4364942541386033
1998-05-25,0.4344306665333689
1998-05-26,0.4334277905825233
1998-05-27,0.43309294646257307
1998-05-28,0.4336503176968869
1998-05-29,0.43493092284462703
1998-05-30,0.4367087417782982
1998-05-31,0.4419885766693879
1998-06-01,0.44354011211346234
1998-06-02,0.44670713147813523
1998-06-03,0.4511799001406328
1998-06-04,0.45332871310793676
1998-06-05,0.45315977325058887
1998-06-06,0.4535616291641351
1998-06-07,0.4547674533362934
1998-06-08,0.45542778529101907
1998-06-09,0.45497380447317703
1998-06-10,0.4542073098693353
1998-06-11,0.4526337074534116
1998-06-12,0.45149439607297337
1998-06-13,0.45097849050843775
1998-06-14,0.45018688640741955
1998-06-15,0.4494363252107012
1998-06-16,0.4488330804567048
1998-06-17,0.44886479479815633
1998-06-18,0.4501101787301498
1998-06-19,0.4531901361286263
1998-06-20,0.45749065904634756
1998-06-21,0.46064866172434465
1998-06-22,0.4618099014649999
1998-06-23,0.46035283677886396
1998-06-24,0.45708597545550406
1998-06-25,0.4543582024921683
1998-06-26,0.49205
1998-06-27,0.4882
1998-06-28,0.4835
1998-06-29,0.4866
1998-06-30,0.4844
1998-07-01,0.482
1998-07-02,0.4827
1998-07-03,0.48775
1998-07-04,0.4805
1998-07-05,0.4742
1998-07-06,0.4693
1998-07-07,0.4682
1998-07-08,0.4695
1998-07-09,0.4678
1998-07-10,0.4651
1998-07-11,0.46195
1998-07-12,0.4636
1998-07-13,0.4574
1998-07-14,0.453
1998-07-15,0.45485
1998-07-16,0.4541
1998-07-17,0.4579
1998-07-18,0.46325
1998-07-19,0.4571
1998-07-20,0.46285
1998-07-21,0.4658
1998-07-22,0.468
1998-07-23,0.466
1998-07-24,0.4698
1998-07-25,0.46495
1998-07-26,0.4671
1998-07-27,0.4674
1998-07-28,0.4697
1998-07-29,0.47185
1998-07-30,0.46915
1998-07-31,0.46895
1998-08-01,0.47
1998-08-02,0.47
1998-08-03,0.4676
1998-08-04,0.4661
1998-08-05,0.46655
1998-08-06,0.47025
1998-08-07,0.46885
1998-08-08,0.47085
1998-08-09,0.4757
1998-08-10,0.4719
1998-08-11,0.4722
1998-08-12,0.4704
1998-08-13,0.47115
1998-08-14,0.4728
1998-08-15,0.4704
1998-08-16,0.46765
1998-08-17,0.4683
1998-08-18,0.4741
1998-08-19,0.4696
1998-08-20,0.47085
1998-08-21,0.46995
1998-08-22,0.47425
1998-08-23,0.4659401399925407
1998-08-24,0.46685067980458395
1998-08-25,0.4675274025848195
1998-08-26,0.46795847783043737
1998-08-27,0.4677210430350287
1998-08-28,0.46662191516677054
1998-08-29,0.46499758782403655
1998-08-30,0.4634935545863234
1998-08-31,0.4622974470895836
1998-09-01,0.4625360878061926
1998-09-02,0.4643247531000848
1998-09-03,0.4668245930954005
1998-09-04,0.5032458043951425
1998-09-05,0.5069619961160835
1998-09-06,0.5092805736799471
1998-09-07,0.5102942128240344
1998-09-08,0.5093802007906041
1998-09-09,0.5086154596239099
1998-09-10,0.510334514156102
1998-09-11,0.5125873308963502
1998-09-12,0.514142619250367
1998-09-13,0.5132693347797732
1998-09-14,0.5114269609436871
1998-09-15,0.5097909417097756
1998-09-16,0.5086603351398405
1998-09-17,0.5094323256948998
1998-09-18,0.5108918160845997
1998-09-19,0.5116676392512898
1998-09-20,0.5115549479942961
1998-09-21,0.5119694834068995
1998-09-22,0.5121946961216373
1998-09-23,0.5135670933575234
1998-09-24,0.5156475188107815
1998-09-25,0.5167669463525781
1998-09-26,0.5167992428628849
1998-09-27,0.5162164814428396
1998-09-28,0.5147235683233211
1998-09-29,0.5143829302371442
1998-09-30,0.5143424001958835
1998-10-01,0.5143363879163361
1998-10-02,0.5139208891528887
1998-10-03,0.513247839580907
1998-10-04,0.513676703970991
1998-10-05,0.5158556233848128
1998-10-06,0.5177258131101943
1998-10-07,0.518892247321767
1998-10-08,0.5196627027529994
1998-10-09,0.5181676862019621
1998-10-10,0.5167502783038038
1998-10-11,0.5156944665706139
1998-10-12,0.51655
1998-10-13,0.51655
1998-10-14,0.5217
1998-10-15,0.52335
1998-10-16,0.5228
1998-10-17,0.5284
1998-10-18,0.5314
1998-10-19,0.53025
1998-10-20,0.5329
1998-10-21,0.5325
1998-10-22,0.5394
1998-10-23,0.54165
1998-10-24,0.5388
1998-10-25,0.53905
1998-10-26,0.54455
1998-10-27,0.5502
1998-10-28,0.5476
1998-10-29,0.54225
1998-10-30,0.54915
1998-10-31,0.5476
1998-11-01,0.54925
1998-11-02,0.5454
1998-11-03,0.54275
1998-11-04,0.542
1998-11-05,0.54945
1998-11-06,0.5479
1998-11-07,0.54935
1998-11-08,0.5498
1998-11-09,0.54925
1998-11-10,0.5522
1998-11-11,0.5488
1998-11-12,0.5541
1998-11-13,0.5512
1998-11-14,0.54935
1998-11-15,0.5499
1998-11-16,0.5532
1998-11-17,0.5586
1998-11-18,0.5586
1998-11-19,0.56555
1998-11-20,0.5645
1998-11-21,0.5657
1998-11-22,0.5593
1998-11-23,0.5603479959723525
1998-11-24,0.5621155853675659
1998-11-25,0.563876750113626
1998-11-26,0.5647735708393704
1998-11-27,0.5630836490069798
1998-11-28,0.5609383775668791
1998-11-29,0.5597929083646795
1998-11-30,0.5596523804266456
1998-12-01,0.5599101738055363
1998-12-02,0.5598333794959965
1998-12-03,0.5601260579574259
1998-12-04,0.560285392028661
1998-12-05,0.5602201856515746
1998-12-06,0.5597083379425722
1998-12-07,0.5601523595146394
1998-12-08,0.5604532715070224
1998-12-09,0.5752668109968091
1998-12-10,0.5773926594819453
1998-12-11,0.5794347380271502
1998-12-12,0.5799324820025744
1998-12-13,0.5771907057990937
1998-12-14,0.5748701426235987
1998-12-15,0.5737953584232489
1998-12-16,0.5733778688502338
1998-12-17,0.5743552905074679
1998-12-18,0.5764595467655952
1998-12-19,0.5769648831931742
1998-12-20,0.5767584228996302
1998-12-21,0.5764824904560182
1998-12-22,0.5765984182946241
1998-12-23,0.5766996498349242
1998-12-24,0.5778919697688135
1998-12-25,0.5794255411453525
1998-12-26,0.5795803062306606
1998-12-27,0.5791310711285768
1998-12-28,0.5789809270085576
1998-12-29,0.5804642187481547
1998-12-30,0.5824256305213447
1998-12-31,0.5845378864032964
1999-01-01,0.5855968324920198
1999-01-02,0.5839359359354157
1999-01-03,0.5819619763442192
1999-01-04,0.5821116127991353
1999-01-05,0.5827362990399906
1999-01-06,0.584703206764398
1999-01-07,0.5850548003674564
1999-01-08,0.5850998491479273
1999-01-09,0.5851505948664826
1999-01-10,0.5852590012913953
1999-01-11,0.5859412875960189
1999-01-12,0.5808
1999-01-13,0.5829
1999-01-14,0.5784
1999-01-15,0.5729
1999-01-16,0.5744
1999-01-17,0.5776
1999-01-18,0.5793
1999-01-19,0.5803
1999-01-20,0.58315
1999-01-21,0.58505
1999-01-22,0.5851
1999-01-23,0.58645
1999-01-24,0.585
1999-01-25,0.5867
1999-01-26,0.5861
1999-01-27,0.5787
1999-01-28,0.5822
1999-01-29,0.58725
1999-01-30,0.59495
1999-01-31,0.59535
1999-02-01,0.59585
1999-02-02,0.59485
1999-02-03,0.59085
1999-02-04,0.5999499977024284
1999-02-05,0.6006604083072292
1999-02-06,0.6005799945014431
1999-02-07,0.6004574046412636
1999-02-08,0.6008167241101728
1999-02-09,0.601082160187935
1999-02-10,0.6022037812588114
1999-02-11,0.6039217147694279
1999-02-12,0.6050222911292428
1999-02-13,0.6048316672146797
1999-02-14,0.604268255978492
1999-02-15,0.6053676835944048
1999-02-16,0.6063321589251897
1999-02-17,0.6081548603053731
1999-02-18,0.6101771762971145
1999-02-19,0.6105265278570218
1999-02-20,0.610115703770871
1999-02-21,0.610052486470707
1999-02-22,0.6094462858236535
1999-02-23,0.6085480460613242
1999-02-24,0.6083640079319369
1999-02-25,0.6093185396107554
1999-02-26,0.6108330293634742
1999-02-27,0.6125631104510092
1999-02-28,0.6130615578804669
1999-03-01,0.6128229206291488
1999-03-02,0.6127368376076049
1999-03-03,0.6111546256766751
1999-03-04,0.609201508077028
1999-03-05,0.6077841625541043
1999-03-06,0.6080192184273749
1999-03-07,0.6083815457687033
1999-03-08,0.6088792065771481
1999-03-09,0.6102982119743677
1999-03-10,0.6108013410117036
1999-03-11,0.6107211507171744
1999-03-12,0.6100926145382343
1999-03-13,0.6096478202063175
1999-03-14,0.6095413491463196
1999-03-15,0.6382227519977278
1999-03-16,0.6388308429609157
1999-03-17,0.6388793604974831
1999-03-18,0.6387536518755788
1999-03-19,0.6375604344313707
1999-03-20,0.6350934020767557
1999-03-21,0.6327336118093428
1999-03-22,0.631991218303053
1999-03-23,0.6321694399418233
1999-03-24,0.6338306760969263
1999-03-25,0.6349434814679936
1999-03-26,0.60005
1999-03-27,0.59705
1999-03-28,0.59615
1999-03-29,0.594
1999-03-30,0.59635
1999-03-31,0.59575
1999-04-01,0.5973
1999-04-02,0.6037
1999-04-03,0.6361340219750544
1999-04-04,0.6370237804381373
1999-04-05,0.6393453242909304
1999-04-06,0.6424627397503685
1999-04-07,0.6458167566027765
1999-04-08,0.6458191563166593
1999-04-09,0.6441760297713057
1999-04-10,0.64284119282246
1999-04-11,0.6426023909698286
1999-04-12,0.6436741326448512
1999-04-13,0.6440138212413474
1999-04-14,0.6455226764312164
1999-04-15,0.6463375950087737
1999-04-16,0.6462771048924736
1999-04-17,0.6454541269148254
1999-04-18,0.6454349647229939
1999-04-19,0.6461434676852064
1999-04-20,0.6463256466860765
1999-04-21,0.6452805288403123
1999-04-22,0.6435434877161944
1999-04-23,0.6436141813812712
1999-04-24,0.6442037902159482
1999-04-25,0.6452355510983028
1999-04-26,0.6466163386695516
1999-04-27,0.6468117108988408
1999-04-28,0.6457781671243669
1999-04-29,0.6449831618404231
1999-04-30,0.6445513779428356
1999-05-01,0.6450746247259426
1999-05-02,0.6769400979054319
1999-05-03,0.677187180070443
1999-05-04,0.6777620960721048
1999-05-05,0.6774038387148275
1999-05-06,0.6765090902329847
1999-05-07,0.6753979291424046
1999-05-08,0.6744745452299908
1999-05-09,0.6739030044215736
1999-05-10,0.6740607877751733
1999-05-11,0.6748430373236621
1999-05-12,0.6746797528209088
1999-05-13,0.6762558363850492
1999-05-14,0.6772364478424696
1999-05-15,0.6778460566030303
1999-05-16,0.6785086392641342
1999-05-17,0.6782255457970727
1999-05-18,0.6790560963014535
1999-05-19,0.6790168813380535
1999-05-20,0.6770983282815455
1999-05-21,0.674906524916509
1999-05-22,0.6752337090111338
1999-05-23,0.6821
1999-05-24,0.6761
1999-05-25,0.67075
1999-05-26,0.6591
1999-05-27,0.6656
1999-05-28,0.67265
1999-05-29,0.67735
1999-05-30,0.67505
1999-05-31,0.6782
1999-06-01,0.67555
1999-06-02,0.66955
1999-06-03,0.6727
1999-06-04,0.6838
1999-06-05,0.68665
1999-06-06,0.68945
1999-06-07,0.69955
1999-06-08,0.7006
1999-06-09,0.69945
1999-06-10,0.70145
1999-06-11,0.70625
1999-06-12,0.70955
1999-06-13,0.7
1999-06-14,0.70035
1999-06-15,0.68105
1999-06-16,0.692
1999-06-17,0.68775
1999-06-18,0.68735
1999-06-19,0.6577427099815385
1999-06-20,0.658444482482684
1999-06-21,0.6562787779553488
1999-06-22,0.6533053973082398
1999-06-23,0.6506240904293145
1999-06-24,0.6510036264047827
1999-06-25,0.6527746949519648
1999-06-26,0.6538448001434045
1999-06-27,0.6548175670487641
1999-06-28,0.6544722438894183
1999-06-29,0.6530791562684555
1999-06-30,0.6537242634680273
1999-07-01,0.6557026300428057
1999-07-02,0.6571059922510066
1999-07-03,0.6574461365332438
1999-07-04,0.6563696326823318
1999-07-05,0.6551614191921632
1999-07-06,0.6548497032893713
1999-07-07,0.6554868741066759
1999-07-08,0.6563141360500824
1999-07-09,0.6579592889242345
1999-07-10,0.6579041925330731
1999-07-11,0.6589148636555855
1999-07-12,0.6624355583967683
1999-07-13,0.6642612884411158
1999-07-14,0.6663645501607819
1999-07-15,0.6661249790135916
1999-07-16,0.6623565385042086
1999-07-17,0.6589773012653184
1999-07-18,0.6581451186089682
1999-07-19,0.6608978997097242
1999-07-20,0.6643447698955874
1999-07-21,0.6666407165115231
1999-07-22,0.6648167503001957
1999-07-23,0.6627509899576263
1999-07-24,0.6613228283957759
1999-07-25,0.6601746164159039
1999-07-26,0.6590291775349988
1999-07-27,0.6587838080899684
1999-07-28,0.6591587516887967
1999-07-29,0.6591237383904983
1999-07-30,0.658684878369086
1999-07-31,0.6598907813766101
1999-08-01,0.6627814758534873
1999-08-02,0.6644421359039939
1999-08-03,0.6635845578639759
1999-08-04,0.6618257763716673
1999-08-05,0.6609743466238609
1999-08-06,0.6297477613132703
1999-08-07,0.6315042366545479
1999-08-08,0.6079
1999-08-09,0.6171
1999-08-10,0.62145
1999-08-11,0.63065
1999-08-12,0.6339
1999-08-13,0.62665
1999-08-14,0.61695
1999-08-15,0.62495
1999-08-16,0.6322
1999-08-17,0.628
1999-08-18,0.6198
1999-08-19,0.63415
1999-08-20,0.6245
1999-08-21,0.6378
1999-08-22,0.62935
1999-08-23,0.6223
1999-08-24,0.62765
1999-08-25,0.62935
1999-08-26,0.62775
1999-08-27,0.62445
1999-08-28,0.63515
1999-08-29,0.63605
1999-08-30,0.64135
1999-08-31,0.6306
1999-09-01,0.63595
1999-09-02,0.6350154971415127
1999-09-03,0.6353052006507856
1999-09-04,0.634584134276758
1999-09-05,0.6355795771788258
1999-09-06,0.6366161721418541
1999-09-07,0.6378065133946935
1999-09-08,0.6377945494781877
1999-09-09,0.6374935162006263
1999-09-10,0.6371649979690416
1999-09-11,0.6361958947423859
1999-09-12,0.6347736492982633
1999-09-13,0.6338757638619189
1999-09-14,0.6339401576283114
1999-09-15,0.6333565463456959
1999-09-16,0.6337789462357823
1999-09-17,0.6359303347804774
1999-09-18,0.6367064161113326
1999-09-19,0.6365937413144702
1999-09-20,0.6364787352432186
1999-09-21,0.635838529697491
1999-09-22,0.6355651355793941
1999-09-23,0.6592277820142869
1999-09-24,0.6597730091369729
1999-09-25,0.6600111837719685
1999-09-26,0.6591628407319471
1999-09-27,0.6579007255096222
1999-09-28,0.6560711983728746
1999-09-29,0.654158170722556
1999-09-30,0.6536302362673119
1999-10-01,0.6541064469256709
1999-10-02,0.6553657925143196
1999-10-03,0.656640218182231
1999-10-04,0.6576660499520174
1999-10-05,0.6583073002829227
1999-10-06,0.6586505009516503
1999-10-07,0.6586253801922788
1999-10-08,0.6587953544389322
1999-10-09,0.6609993287716002
1999-10-10,0.6616354418088864
1999-10-11,0.6602208563900893
1999-10-12,0.6578730075147919
1999-10-13,0.658146444949024
1999-10-14,0.660867748214426
1999-10-15,0.6634355252359827
1999-10-16,0.6667948803688766
1999-10-17,0.6677702990880251
1999-10-18,0.6668373890911872
1999-10-19,0.6656775493280174
1999-10-20,0.6653197979031976
1999-10-21,0.6661376255923862
1999-10-22,0.646049
1999-10-23,0.65305
1999-10-24,0.6562
1999-10-25,0.65965
1999-10-26,0.66145
1999-10-27,0.65725
1999-10-28,0.6690245403033174
1999-10-29,0.6702672940795895
1999-10-30,0.6691844236231451
1999-10-31,0.6677177756752867
1999-11-01,0.6676743399876857
1999-11-02,0.6684536717613163
1999-11-03,0.6686673034741822
1999-11-04,0.6694327688866548
1999-11-05,0.6699660546172252
1999-11-06,0.6689904678314726
1999-11-07,0.6680512700644682
1999-11-08,0.6667573599326805
1999-11-09,0.6676057480214823
1999-11-10,0.6954826402962674
1999-11-11,0.6962376734507701
1999-11-12,0.6959608850803292
1999-11-13,0.6940836608146126
1999-11-14,0.6922890802693155
1999-11-15,0.6909806176487902
1999-11-16,0.6904094718835246
1999-11-17,0.6908598366704112
1999-11-18,0.6921484258481672
1999-11-19,0.6940158554694221
1999-11-20,0.6940806997236193
1999-11-21,0.6949901393058319
1999-11-22,0.6957008583215143
1999-11-23,0.6966820658089534
1999-11-24,0.69662810083524
1999-11-25,0.696945696470206
1999-11-26,0.6971683466023931
1999-11-27,0.6974697541313615
1999-11-28,0.6970867615283147
1999-11-29,0.6959296090981645
1999-11-30,0.6962692214582631
1999-12-01,0.6977335130083738
1999-12-02,0.6990604733512187
1999-12-03,0.7014349529863559
1999-12-04,0.7036320513157431
1999-12-05,0.7050235526998397
1999-12-06,0.7047969781258154
1999-12-07,0.703717075690946
1999-12-08,0.703216342902202
1999-12-09,0.7033724022736261
1999-12-10,0.7060649280315341
1999-12-11,0.7080475265927085
1999-12-12,0.7085488710052796
1999-12-13,0.7065374360266674
1999-12-14,0.7065785603653013
1999-12-15,0.7070957030386544
1999-12-16,0.7083882651723189
1999-12-17,0.71765
1999-12-18,0.71675
1999-12-19,0.7136
1999-12-20,0.71855
1999-12-21,0.71745
1999-12-22,0.7062871051515263
1999-12-23,0.7085204417595116
1999-12-24,0.7085728785399799
1999-12-25,0.7073044296323853
1999-12-26,0.7050944109662298
1999-12-27,0.7048492069888354
1999-12-28,0.6982026821958162
1999-12-29,0.6991050352583315
1999-12-30,0.6985242767763716
1999-12-31,0.6958077937304801
2000-01-01,0.6932217078449527
2000-01-02,0.6920124772919326
2000-01-03,0.692331232066673
2000-01-04,0.6935702277350667
2000-01-05,0.6956976702539733
2000-01-06,0.6972936671117272
2000-01-07,0.6965853304834735
2000-01-08,0.6968269028361039
2000-01-09,0.6972597072618337
2000-01-10,0.698363658814893
2000-01-11,0.6990951418530819
2000-01-12,0.7000971064324457
2000-01-13,0.7001529773161022
2000-01-14,0.7004172455908629
2000-01-15,0.7002422639989957
2000-01-16,0.7001675748536201
2000-01-17,0.7014302193991157
2000-01-18,0.7025801986772985
2000-01-19,0.7042989742535808
2000-01-20,0.7067681273661687
2000-01-21,0.7085103976141119
2000-01-22,0.7094891967244412
2000-01-23,0.7089227048447275
2000-01-24,0.7068424526560096
2000-01-25,0.7063956727124614
2000-01-26,0.7068130652573339
2000-01-27,0.7094447283801801
2000-01-28,0.7116684592020528
2000-01-29,0.71241854218864
2000-01-30,0.7107539758890729
2000-01-31,0.7101473022298244
2000-02-01,0.7100737445018969
2000-02-02,0.7112808924151428
2000-02-03,0.7103208197363263
2000-02-04,0.7091792455209921
2000-02-05,0.7094118115828191
2000-02-06,0.7096158583013171
2000-02-07,0.7089500199995016
2000-02-08,0.7092400076626204
2000-02-09,0.7110577935277964
2000-02-10,0.7123
2000-02-11,0.7112183023326146
2000-02-12,0.7089474227640429
2000-02-13,0.7084811176394512
2000-02-14,0.6991719015097136
2000-02-15,0.7000335824540453
2000-02-16,0.7005696300213877
2000-02-17,0.699398884988053
2000-02-18,0.6975703549887348
2000-02-19,0.6960575476347022
2000-02-20,0.6948172057008306
2000-02-21,0.6950147601970047
2000-02-22,0.6963759524150713
2000-02-23,0.6982226855869906
2000-02-24,0.69856509790206
2000-02-25,0.6990918619553346
2000-02-26,0.6988384885548662
2000-02-27,0.6994469173839076
2000-02-28,0.7000117216669991
2000-02-29,0.7013829753569194
2000-03-01,0.7017440638567848
2000-03-02,0.7019935509336148
2000-03-03,0.7016189789872254
2000-03-04,0.7007056374875659
2000-03-05,0.7011476561215474
2000-03-06,0.7026759394643173
2000-03-07,0.7044489416437688
2000-03-08,0.7058709670419253
2000-03-09,0.7069285911222064
2000-03-10,0.7076099400656672
2000-03-11,0.7068426172573229
2000-03-12,0.706511079024801
2000-03-13,0.7067588265256468
2000-03-14,0.7078093328986135
2000-03-15,0.7099802821435828
2000-03-16,0.7111342482388373
2000-03-17,0.7111071011506673
2000-03-18,0.7091783688024182
2000-03-19,0.708662305567151
2000-03-20,0.7091438458427689
2000-03-21,0.7103207937466453
2000-03-22,0.7100786357598687
2000-03-23,0.7086435981947378
2000-03-24,0.7085029281797808
2000-03-25,0.7089031138231588
2000-03-26,0.7086663686206205
2000-03-27,0.709298808449653
2000-03-28,0.7113487081562058
2000-03-29,0.7112820498222718
2000-03-30,0.7110645473795763
2000-03-31,0.709261275884939
2000-04-01,0.7134
2000-04-02,0.71
2000-04-03,0.7082
2000-04-04,0.711
2000-04-05,0.705
2000-04-06,0.70845
2000-04-07,0.71125
2000-04-08,0.71545
2000-04-09,0.7027938390533914
2000-04-10,0.701674622894334
2000-04-11,0.7021189130264386
2000-04-12,0.7025143824090304
2000-04-13,0.7046617087665787
2000-04-14,0.7063721676449279
2000-04-15,0.7074195708499783
2000-04-16,0.7074228195601084
2000-04-17,0.7078511710871532
2000-04-18,0.7080147588028521
2000-04-19,0.7078926211631228
2000-04-20,0.7064936624732129
2000-04-21,0.7044274100593491
2000-04-22,0.7044609800640269
2000-04-23,0.7050726281482267
2000-04-24,0.7077920826809839
2000-04-25,0.7111485494939914
2000-04-26,0.711822751275166
2000-04-27,0.7109831806188186
2000-04-28,0.7094329949055128
2000-04-29,0.7077433728207769
2000-04-30,0.7081871518224877
2000-05-01,0.7096219502825531
2000-05-02,0.7125501556660768
2000-05-03,0.7137186136074798
2000-05-04,0.7120772595583732
2000-05-05,0.7091454433418302
2000-05-06,0.707697868354565
2000-05-07,0.708490508577534
2000-05-08,0.7109389063308426
2000-05-09,0.7116215512930646
2000-05-10,0.7107372056142198
2000-05-11,0.7106646181677179
2000-05-12,0.710318331657528
2000-05-13,0.7103815281659472
2000-05-14,0.7118835931184829
2000-05-15,0.7140474038643929
2000-05-16,0.7145651356371829
2000-05-17,0.7143186287104456
2000-05-18,0.71219665442043
2000-05-19,0.7124690193471577
2000-05-20,0.702418806223325
2000-05-21,0.70266186172042
2000-05-22,0.7026259474465122
2000-05-23,0.7022592936896133
2000-05-24,0.7020792856934327
2000-05-25,0.701451757914117
2000-05-26,0.7011355899789629
2000-05-27,0.6995238624335974
2000-05-28,0.6990102942077101
2000-05-29,0.71505
2000-05-30,0.71505
2000-05-31,0.7123
2000-06-01,0.7059
2000-06-02,0.7013
2000-06-03,0.70135
2000-06-04,0.70245
2000-06-05,0.6997
2000-06-06,0.6997
2000-06-07,0.70875
2000-06-08,0.71385
2000-06-09,0.7161
2000-06-10,0.71215
2000-06-11,0.70705
2000-06-12,0.7095
2000-06-13,0.7043
2000-06-14,0.70935
2000-06-15,0.71075
2000-06-16,0.71555
2000-06-17,0.7163
2000-06-18,0.7173
2000-06-19,0.7153
2000-06-20,0.71435
2000-06-21,0.71545
2000-06-22,0.71635
2000-06-23,0.7074
2000-06-24,0.70435
2000-06-25,0.70595
2000-06-26,0.7079
2000-06-27,0.70145
2000-06-28,0.6992
2000-06-29,0.69195
2000-06-30,0.6843
2000-07-01,0.6835
2000-07-02,0.68315
2000-07-03,0.68
2000-07-04,0.67535
2000-07-05,0.67635
2000-07-06,0.6733
2000-07-07,0.6735
2000-07-08,0.6735
2000-07-09,0.6851
2000-07-10,0.679306
2000-07-11,0.67685
2000-07-12,0.67435
2000-07-13,0.67315
2000-07-14,0.67725
2000-07-15,0.6739
2000-07-16,0.67405
2000-07-17,0.6844
2000-07-18,0.68725
2000-07-19,0.6864
2000-07-20,0.6864
2000-07-21,0.68305
2000-07-22,0.6829
2000-07-23,0.6917698896090962
2000-07-24,0.6908576396760404
2000-07-25,0.689833847229893
2000-07-26,0.6886997372509538
2000-07-27,0.6892983523764342
2000-07-28,0.6903441113009974
2000-07-29,0.6930502452558984
2000-07-30,0.6970030227760007
2000-07-31,0.6985825872247552
2000-08-01,0.698868452924461
2000-08-02,0.697365530312451
2000-08-03,0.6938319057049503
2000-08-04,0.6919072606672063
2000-08-05,0.691923663621234
2000-08-06,0.6953053438901421
2000-08-07,0.6982073395466587
2000-08-08,0.6981351991226705
2000-08-09,0.6952885926743885
2000-08-10,0.6935058339686742
2000-08-11,0.6939623409835134
2000-08-12,0.6951573603789403
2000-08-13,0.695658578308397
2000-08-14,0.6954802804332288
2000-08-15,0.695639855342175
2000-08-16,0.6955496053084376
2000-08-17,0.6948340920629257
2000-08-18,0.696048877477107
2000-08-19,0.6983653152238981
2000-08-20,0.6997023508997599
2000-08-21,0.6994751404448727
2000-08-22,0.6972292594841716
2000-08-23,0.6967667904365016
2000-08-24,0.6893995198088543
2000-08-25,0.6894946749617269
2000-08-26,0.689823198391248
2000-08-27,0.6896316440461036
2000-08-28,0.6891069660978939
2000-08-29,0.6878979140073503
2000-08-30,0.6869701638285217
2000-08-31,0.6855476169040989
2000-09-01,0.6855250162774658
2000-09-02,0.6859872999320776
2000-09-03,0.6863520339178704
2000-09-04,0.6882918118805618
2000-09-05,0.6900736800065391
2000-09-06,0.6911287397716241
2000-09-07,0.691660272065047
2000-09-08,0.6911574029245215
2000-09-09,0.69136994826872
2000-09-10,0.6904436344529303
2000-09-11,0.68705
2000-09-12,0.68655
2000-09-13,0.68425
2000-09-14,0.6787
2000-09-15,0.6841
2000-09-16,0.69075
2000-09-17,0.69125
2000-09-18,0.6911
2000-09-19,0.691099
2000-09-20,0.69465
2000-09-21,0.69295
2000-09-22,0.6968
2000-09-23,0.696
2000-09-24,0.69565
2000-09-25,0.6956
2000-09-26,0.6973
2000-09-27,0.6919
2000-09-28,0.69605
2000-09-29,0.68985
2000-09-30,0.69495
2000-10-01,0.69665
2000-10-02,0.69665
2000-10-03,0.6974
2000-10-04,0.696421877914116
2000-10-05,0.6970460356981235
2000-10-06,0.6980550625401488
2000-10-07,0.6979834973544344
2000-10-08,0.6971145289035389
2000-10-09,0.6958107600194096
2000-10-10,0.6964438599863405
2000-10-11,0.6980914324997975
2000-10-12,0.6984371853552034
2000-10-13,0.6976988566350284
2000-10-14,0.6957722017286172
2000-10-15,0.6944585602309832
2000-10-16,0.6939308882715176
2000-10-17,0.694267562065013
2000-10-18,0.6942514138098597
2000-10-19,0.6949048498358824
2000-10-20,0.6952650477560107
2000-10-21,0.6952806277034721
2000-10-22,0.6970851207131183
2000-10-23,0.698425133073782
2000-10-24,0.6995905554204394
2000-10-25,0.6995466675123883
2000-10-26,0.6987978684160445
2000-10-27,0.6980837464847911
2000-10-28,0.6972528407881027
2000-10-29,0.6968602042807444
2000-10-30,0.6955173988956915
2000-10-31,0.6960049254611759
2000-11-01,0.697734757047773
2000-11-02,0.700640635562637
2000-11-03,0.7033801142783136
2000-11-04,0.705082107451225
2000-11-05,0.7060796849724291
2000-11-06,0.7049798571154282
2000-11-07,0.7021983357590544
2000-11-08,0.7008715018993239
2000-11-09,0.7013924477293361
2000-11-10,0.7050190356932748
2000-11-11,0.707454693304937
2000-11-12,0.7075467106369854
2000-11-13,0.7048249620817149
2000-11-14,0.7032724667520873
2000-11-15,0.7038398578747651
2000-11-16,0.7049984189456278
2000-11-17,0.7049557646811033
2000-11-18,0.7044193480602902
2000-11-19,0.7040579892677419
2000-11-20,0.7042864420293828
2000-11-21,0.7038660346815095
2000-11-22,0.7042525081691704
2000-11-23,0.7006
2000-11-24,0.7025
2000-11-25,0.7042
2000-11-26,0.70345
2000-11-27,0.71095
2000-11-28,0.7056
2000-11-29,0.70775
2000-11-30,0.69055
2000-12-01,0.69075
2000-12-02,0.69075
2000-12-03,0.69075
2000-12-04,0.68825
2000-12-05,0.68305
2000-12-06,0.674799
2000-12-07,0.6721
2000-12-08,0.67365
2000-12-09,0.67245
2000-12-10,0.68135
2000-12-11,0.6835
2000-12-12,0.6965083577114571
2000-12-13,0.6965835146710915
2000-12-14,0.6961492184376699
2000-12-15,0.6951997928648531
2000-12-16,0.6946385664945183
2000-12-17,0.6936783552040695
2000-12-18,0.6939956285669906
2000-12-19,0.6945653743547707
2000-12-20,0.6963820097433993
2000-12-21,0.6993074428942785
2000-12-22,0.7007799090653993
2000-12-23,0.7014237583644088
2000-12-24,0.7006465144284885
2000-12-25,0.6984090766488349
2000-12-26,0.6977415282260068
2000-12-27,0.6976564795937683
2000-12-28,0.7005462964857492
2000-12-29,0.702691422383636
2000-12-30,0.7030451471405398
2000-12-31,0.7004806794717022
2001-01-01,0.6993326632807607
2001-01-02,0.6994915520621273
2001-01-03,0.7009943170034058
2001-01-04,0.7008091821094785
2001-01-05,0.6997615103443907
2001-01-06,0.6999843510675722
2001-01-07,0.7000729793452126
2001-01-08,0.6995918219842288
2001-01-09,0.7010121320634366
2001-01-10,0.703601556756655
2001-01-11,0.7043555139383627
2001-01-12,0.7042834636119355
2001-01-13,0.7022548494541553
2001-01-14,0.7018419340650034
2001-01-15,0.6616922448557696
2001-01-16,0.6622849551257175
2001-01-17,0.6613296645482124
2001-01-18,0.6592677913956041
2001-01-19,0.6568549700503498
2001-01-20,0.6566743227080156
2001-01-21,0.6574806811509608
2001-01-22,0.6583702464240813
2001-01-23,0.6598857029929347
2001-01-24,0.6605199828913849
2001-01-25,0.6596523139245414
2001-01-26,0.6606203221193024
2001-01-27,0.6619759716047258
2001-01-28,0.6628957646095422
2001-01-29,0.6628670797985774
2001-01-30,0.6622673462504896
2001-01-31,0.6634
2001-02-01,0.65785
2001-02-02,0.66025
2001-02-03,0.66355
2001-02-04,0.663044601448605
2001-02-05,0.663609494096612
2001-02-06,0.6644377185245396
2001-02-07,0.6671283816886396
2001-02-08,0.6682638119433758
2001-02-09,0.6697965343236675
2001-02-10,0.6700049663676798
2001-02-11,0.6683723899001833
2001-02-12,0.6669321058847729
2001-02-13,0.6666953017722909
2001-02-14,0.6689122475547663
2001-02-15,0.6707098775559723
2001-02-16,0.6713856647076903
2001-02-17,0.6693341276512319
2001-02-18,0.6675529907016146
2001-02-19,0.6664710991898228
2001-02-20,0.6662264271345669
2001-02-21,0.664882212242479
2001-02-22,0.6644455275573697
2001-02-23,0.664622864680662
2001-02-24,0.6644900963950642
2001-02-25,0.664862703521567
2001-02-26,0.6665117808375562
2001-02-27,0.6691976939542846
2001-02-28,0.6706828950691156
2001-03-01,0.6693645043904326
2001-03-02,0.6672716766613818
2001-03-03,0.6666245561278519
2001-03-04,0.632575068690734
2001-03-05,0.6342026412783073
2001-03-06,0.6341182423880949
2001-03-07,0.6330231602468521
2001-03-08,0.6309529911880555
2001-03-09,0.6293955985361971
2001-03-10,0.6286341597916404
2001-03-11,0.6285656769820975
2001-03-12,0.6296267204380809
2001-03-13,0.6302143393295129
2001-03-14,0.6303976748711894
2001-03-15,0.6304026579593676
2001-03-16,0.6307591896018238
2001-03-17,0.631445268667234
2001-03-18,0.6318446642243084
2001-03-19,0.632013488860737
2001-03-20,0.6332343939784807
2001-03-21,0.6339467139585153
2001-03-22,0.6325977212967293
2001-03-23,0.6321147515886543
2001-03-24,0.6338852223731724
2001-03-25,0.6358252714948693
2001-03-26,0.62615
2001-03-27,0.63125
2001-03-28,0.63385
2001-03-29,0.6384
2001-03-30,0.6383
2001-03-31,0.637
2001-04-01,0.63545
2001-04-02,0.6404
2001-04-03,0.63995
2001-04-04,0.64
2001-04-05,0.64245
2001-04-06,0.64145
2001-04-07,0.6424
2001-04-08,0.6325
2001-04-09,0.63105
2001-04-10,0.6219
2001-04-11,0.63185
2001-04-12,0.62495
2001-04-13,0.621
2001-04-14,0.6259
2001-04-15,0.62265
2001-04-16,0.6226
2001-04-17,0.6183
2001-04-18,0.62245
2001-04-19,0.62445
2001-04-20,0.6341
2001-04-21,0.6397
2001-04-22,0.6329
2001-04-23,0.6313480196123923
2001-04-24,0.6299718781297908
2001-04-25,0.6277333998965728
2001-04-26,0.626864731193332
2001-04-27,0.6265254315757287
2001-04-28,0.6269435215103758
2001-04-29,0.6275658816747779
2001-04-30,0.6282063046675035
2001-05-01,0.6287988737268511
2001-05-02,0.6295251813532219
2001-05-03,0.6301702235785912
2001-05-04,0.6307575721773403
2001-05-05,0.6302023944721064
2001-05-06,0.6291362379795395
2001-05-07,0.6298275366392255
2001-05-08,0.630552818539518
2001-05-09,0.6307937991937433
2001-05-10,0.6306330478185688
2001-05-11,0.6317916877247972
2001-05-12,0.6323941900402386
2001-05-13,0.6335032736889809
2001-05-14,0.6360589741720806
2001-05-15,0.637307203974148
2001-05-16,0.6376677744130379
2001-05-17,0.6372478703986542
2001-05-18,0.6357653808738786
2001-05-19,0.6348420186195324
2001-05-20,0.6341245578805879
2001-05-21,0.6357773586515476
2001-05-22,0.6376916407371379
2001-05-23,0.639635495614462
2001-05-24,0.6387173035739975
2001-05-25,0.6373997982771153
2001-05-26,0.6364230896034645
2001-05-27,0.6362351045078498
2001-05-28,0.635113275519525
2001-05-29,0.6341422144035643
2001-05-30,0.6338165446410217
2001-05-31,0.6337170370828974
2001-06-01,0.6341542944073122
2001-06-02,0.6360793942644745
2001-06-03,0.6383151920952543
2001-06-04,0.6390481400851312
2001-06-05,0.6387003886232533
2001-06-06,0.6372745808601826
2001-06-07,0.6366361694687697
2001-06-08,0.6270429649606202
2001-06-09,0.6293579698096633
2001-06-10,0.6304221588833753
2001-06-11,0.6302432745077384
2001-06-12,0.62465
2001-06-13,0.62195
2001-06-14,0.61855
2001-06-15,0.6183
2001-06-16,0.6171
2001-06-17,0.61815
2001-06-18,0.6185
2001-06-19,0.61975
2001-06-20,0.622
2001-06-21,0.618325
2001-06-22,0.6244
2001-06-23,0.62525
2001-06-24,0.627
2001-06-25,0.62455
2001-06-26,0.62495
2001-06-27,0.63365
2001-06-28,0.634325
2001-06-29,0.63375
2001-06-30,0.635
2001-07-01,0.63635
2001-07-02,0.6309
2001-07-03,0.63595
2001-07-04,0.64095
2001-07-05,0.63975
2001-07-06,0.63925
2001-07-07,0.63925
2001-07-08,0.6384
2001-07-09,0.6402
2001-07-10,0.6384
2001-07-11,0.6354
2001-07-12,0.6335
2001-07-13,0.63665
2001-07-14,0.63685
2001-07-15,0.63635
2001-07-16,0.63905
2001-07-17,0.64455
2001-07-18,0.65135
2001-07-19,0.65665
2001-07-20,0.6556
2001-07-21,0.6556
2001-07-22,0.65745
2001-07-23,0.64765
2001-07-24,0.64755
2001-07-25,0.6492
2001-07-26,0.64445
2001-07-27,0.63755
2001-07-28,0.63755
2001-07-29,0.63665
2001-07-30,0.63845
2001-07-31,0.641025
2001-08-01,0.6536
2001-08-02,0.65805
2001-08-03,0.66235
2001-08-04,0.6628
2001-08-05,0.663125
2001-08-06,0.66265
2001-08-07,0.659
2001-08-08,0.6597
2001-08-09,0.66105
2001-08-10,0.66105
2001-08-11,0.66185
2001-08-12,0.66995
2001-08-13,0.65975
2001-08-14,0.6584
2001-08-15,0.65155
2001-08-16,0.6527
2001-08-17,0.6527
2001-08-18,0.65145
2001-08-19,0.65765
2001-08-20,0.6585
2001-08-21,0.66425
2001-08-22,0.662125
2001-08-23,0.65885
2001-08-24,0.6596
2001-08-25,0.65565
2001-08-26,0.6586
2001-08-27,0.6606
2001-08-28,0.65905
2001-08-29,0.658875
2001-08-30,0.6572
2001-08-31,0.66065
2001-09-01,0.66335
2001-09-02,0.6637
2001-09-03,0.6675
2001-09-04,0.6674
2001-09-05,0.6674
2001-09-06,0.66835
2001-09-07,0.6636
2001-09-08,0.66095
2001-09-09,0.65745
2001-09-10,0.65755
2001-09-11,0.66025
2001-09-12,0.6618
2001-09-13,0.6622
2001-09-14,0.66545
2001-09-15,0.67075
2001-09-16,0.67185
2001-09-17,0.6671014754381807
2001-09-18,0.6661945897752918
2001-09-19,0.6651762932803619
2001-09-20,0.6649339932166622
2001-09-21,0.6652665103938367
2001-09-22,0.665319231328151
2001-09-23,0.6670804445882823
2001-09-24,0.6690391950181337
2001-09-25,0.6697606599006038
2001-09-26,0.6693598019908096
2001-09-27,0.6685619343766606
2001-09-28,0.6691458081550545
2001-09-29,0.6694297731427535
2001-09-30,0.6686901986505339
2001-10-01,0.6672145530750991
2001-10-02,0.6672138704128104
2001-10-03,0.6689604861354238
2001-10-04,0.6716009996109872
2001-10-05,0.674943593132255
2001-10-06,0.6759745760568238
2001-10-07,0.6761022858841683
2001-10-08,0.6746382923490668
2001-10-09,0.6731368909997204
2001-10-10,0.6718313045705636
2001-10-11,0.6720245776999475
2001-10-12,0.6745114921605587
2001-10-13,0.6768348500930884
2001-10-14,0.6770173323069041
2001-10-15,0.6749885223601932
2001-10-16,0.6741948130950107
2001-10-17,0.6747860818039836
2001-10-18,0.6760247811900133
2001-10-19,0.6760571868569806
2001-10-20,0.6750521797522896
2001-10-21,0.6747463713039984
2001-10-22,0.6749577072617057
2001-10-23,0.6747414713827995
2001-10-24,0.6761917579601199
2001-10-25,0.6778031892231213
2001-10-26,0.6782436969903117
2001-10-27,0.6773044784315625
2001-10-28,0.67558671298755
2001-10-29,0.6759520741909785
2001-10-30,0.6991979223783719
2001-10-31,0.6992562848061175
2001-11-01,0.6999642523809004
2001-11-02,0.6997762794138036
2001-11-03,0.6993837745874959
2001-11-04,0.6979820003488064
2001-11-05,0.6960761579789729
2001-11-06,0.70185
2001-11-07,0.70515
2001-11-08,0.7045
2001-11-09,0.7045
2001-11-10,0.7045
2001-11-11,0.7056
2001-11-12,0.708
2001-11-13,0.7052
2001-11-14,0.69265
2001-11-15,0.6872
2001-11-16,0.6872
2001-11-17,0.6852
2001-11-18,0.6925
2001-11-19,0.69065
2001-11-20,0.6884
2001-11-21,0.6892
2001-11-22,0.6914
2001-11-23,0.6914
2001-11-24,0.69065
2001-11-25,0.69515
2001-11-26,0.69115
2001-11-27,0.69255
2001-11-28,0.69445
2001-11-29,0.7048991435619875
2001-11-30,0.7061022890643531
2001-12-01,0.7051003348808618
2001-12-02,0.7026684700299861
2001-12-03,0.7019747985124211
2001-12-04,0.7030268226827605
2001-12-05,0.7047738143894263
2001-12-06,0.7048933547936969
2001-12-07,0.7041946066251019
2001-12-08,0.7047887671192519
2001-12-09,0.7048102623181182
2001-12-10,0.704687622211222
2001-12-11,0.70570227495287
2001-12-12,0.70752509068765
2001-12-13,0.7073774415770109
2001-12-14,0.7063576480764531
2001-12-15,0.7047274765207756
2001-12-16,0.704804518598608
2001-12-17,0.7227594880131147
2001-12-18,0.7232908002605715
2001-12-19,0.723258995821559
2001-12-20,0.7223434971783731
2001-12-21,0.7223987789625925
2001-12-22,0.7231676923394166
2001-12-23,0.7223819549757321
2001-12-24,0.7199537771942733
2001-12-25,0.7189369638438082
2001-12-26,0.7187689769414318
2001-12-27,0.7188639189789199
2001-12-28,0.7211894548467208
2001-12-29,0.7234223149772203
2001-12-30,0.7248141420986527
2001-12-31,0.7245690420799823
2002-01-01,0.7239278454610845
2002-01-02,0.7236343214686985
2002-01-03,0.7237830552153598
2002-01-04,0.7216941952442811
2002-01-05,0.7192293546861007
2002-01-06,0.7193618743370832
2002-01-07,0.7205654148826007
2002-01-08,0.7238099389414285
2002-01-09,0.7276884552795698
2002-01-10,0.7297219399035771
2002-01-11,0.7296162693257554
2002-01-12,0.7278968786603551
2002-01-13,0.7254397934229972
2002-01-14,0.7245239759730573
2002-01-15,0.7256274250589498
2002-01-16,0.7290773126467819
2002-01-17,0.7303873762316593
2002-01-18,0.7145
2002-01-19,0.7126
2002-01-20,0.71635
2002-01-21,0.71215
2002-01-22,0.71555
2002-01-23,0.71445
2002-01-24,0.7217
2002-01-25,0.7198
2002-01-26,0.72025
2002-01-27,0.72075
2002-01-28,0.7282
2002-01-29,0.72815
2002-01-30,0.7288
2002-01-31,0.73805
2002-02-01,0.7396
2002-02-02,0.7443
2002-02-03,0.74565
2002-02-04,0.74355
2002-02-05,0.7444
2002-02-06,0.73875
2002-02-07,0.74275
2002-02-08,0.74195
2002-02-09,0.74135
2002-02-10,0.73855
2002-02-11,0.731238
2002-02-12,0.7362
2002-02-13,0.7377
2002-02-14,0.73755
2002-02-15,0.73525
2002-02-16,0.7285
2002-02-17,0.73725
2002-02-18,0.73975
2002-02-19,0.73325
2002-02-20,0.7307
2002-02-21,0.72965
2002-02-22,0.72685
2002-02-23,0.73035
2002-02-24,0.7255
2002-02-25,0.7266
2002-02-26,0.72655
2002-02-27,0.7284
2002-02-28,0.73015
2002-03-01,0.7435
2002-03-02,0.7329389703451545
2002-03-03,0.73260341930588
2002-03-04,0.7340709595661208
2002-03-05,0.7375502605423095
2002-03-06,0.7387002658101736
2002-03-07,0.7371136997413467
2002-03-08,0.7343822778267928
2002-03-09,0.7335458363280427
2002-03-10,0.7347460397985146
2002-03-11,0.7368424541035491
2002-03-12,0.7381608725045585
2002-03-13,0.7382225616114774
2002-03-14,0.7386966930953531
2002-03-15,0.7383569733112396
2002-03-16,0.7371995211334348
2002-03-17,0.7382898956771182
2002-03-18,0.7405768489970912
2002-03-19,0.741046846389036
2002-03-20,0.7403953301341194
2002-03-21,0.7393077590106976
2002-03-22,0.7388774565249292
2002-03-23,0.7428195505534783
2002-03-24,0.742426316283456
2002-03-25,0.7416092492255993
2002-03-26,0.7416750308409594
2002-03-27,0.7424288216887084
2002-03-28,0.7439810952397244
2002-03-29,0.7430192344708523
2002-03-30,0.7395396424102358
2002-03-31,0.737552357043247
2002-04-01,0.7365673481317943
2002-04-02,0.7368203212911746
2002-04-03,0.7391436913522221
2002-04-04,0.7418943941448176
2002-04-05,0.7433953294125507
2002-04-06,0.7430393192963607
2002-04-07,0.7426288556004537
2002-04-08,0.7427253015741513
2002-04-09,0.7423481947675377
2002-04-10,0.7392190198437513
2002-04-11,0.736448540636529
2002-04-12,0.7360900077886326
2002-04-13,0.7378575070862851
2002-04-14,0.7415523803381908
2002-04-15,0.7462543953139238
2002-04-16,0.748322865513903
2002-04-17,0.7475066821052017
2002-04-18,0.7446939991212598
2002-04-19,0.7418391955275774
2002-04-20,0.7405348877907278
2002-04-21,0.71815
2002-04-22,0.70485
2002-04-23,0.70615
2002-04-24,0.70455
2002-04-25,0.7023
2002-04-26,0.70225
2002-04-27,0.69615
2002-04-28,0.6905
2002-04-29,0.6919
2002-04-30,0.6888
2002-05-01,0.69375
2002-05-02,0.7033
2002-05-03,0.71455
2002-05-04,0.7176
2002-05-05,0.71335
2002-05-06,0.7063
2002-05-07,0.72515
2002-05-08,0.73315
2002-05-09,0.7393
2002-05-10,0.7415
2002-05-11,0.74525
2002-05-12,0.74015
2002-05-13,0.7449
2002-05-14,0.74825
2002-05-15,0.7566
2002-05-16,0.7649
2002-05-17,0.7593
2002-05-18,0.75745
2002-05-19,0.75535
2002-05-20,0.7627
2002-05-21,0.76275
2002-05-22,0.76225
2002-05-23,0.76325
2002-05-24,0.77425
2002-05-25,0.7753
2002-05-26,0.76275
2002-05-27,0.74475
2002-05-28,0.75015
2002-05-29,0.7529
2002-05-30,0.74715
2002-05-31,0.74315
2002-06-01,0.75505
2002-06-02,0.7504
2002-06-03,0.76195
2002-06-04,0.7648
2002-06-05,0.76845
2002-06-06,0.76595
2002-06-07,0.769
2002-06-08,0.7625
2002-06-09,0.7643
2002-06-10,0.76775
2002-06-11,0.77415
2002-06-12,0.7854
2002-06-13,0.77635
2002-06-14,0.76
2002-06-15,0.74775
2002-06-16,0.75575
2002-06-17,0.7651
2002-06-18,0.75825
2002-06-19,0.7556
2002-06-20,0.75525
2002-06-21,0.76255
2002-06-22,0.7506
2002-06-23,0.75235
2002-06-24,0.7583
2002-06-25,0.75525
2002-06-26,0.75905
2002-06-27,0.76975
2002-06-28,0.76895
2002-06-29,0.76235
2002-06-30,0.76815
2002-07-01,0.76255
2002-07-02,0.76505
2002-07-03,0.77315
2002-07-04,0.7769
2002-07-05,0.77955
2002-07-06,0.78345
2002-07-07,0.78855
2002-07-08,0.78195
2002-07-09,0.7674
2002-07-10,0.75415
2002-07-11,0.7547
2002-07-12,0.75715
2002-07-13,0.75655
2002-07-14,0.7665
2002-07-15,0.76605
2002-07-16,0.76845
2002-07-17,0.7688
2002-07-18,0.7727
2002-07-19,0.76965
2002-07-20,0.7656
2002-07-21,0.7715
2002-07-22,0.7820579601110819
2002-07-23,0.7792616783485221
2002-07-24,0.7754215262448881
2002-07-25,0.7731843899455346
2002-07-26,0.774369602567982
2002-07-27,0.7777161309269596
2002-07-28,0.7795875612264495
2002-07-29,0.7790192188814455
2002-07-30,0.7775290883904439
2002-07-31,0.7766059002669607
2002-08-01,0.7774241801765993
2002-08-02,0.7791405456431264
2002-08-03,0.7803709872411667
2002-08-04,0.7806712338977152
2002-08-05,0.7810712185542265
2002-08-06,0.7802896915188706
2002-08-07,0.7792838492790954
2002-08-08,0.780323956314355
2002-08-09,0.781965436846576
2002-08-10,0.7823132827376283
2002-08-11,0.7824747375668364
2002-08-12,0.7819193068953737
2002-08-13,0.781185462261501
2002-08-14,0.7884868230580284
2002-08-15,0.7881126409568545
2002-08-16,0.7879917785441416
2002-08-17,0.7870925979553587
2002-08-18,0.786337199212676
2002-08-19,0.787362564900849
2002-08-20,0.7874808144842946
2002-08-21,0.7857125597532466
2002-08-22,0.7846492768530802
2002-08-23,0.7848847988079641
2002-08-24,0.7859941284923536
2002-08-25,0.7885833591292869
2002-08-26,0.7911820846630273
2002-08-27,0.7922810115444187
2002-08-28,0.7917840819123337
2002-08-29,0.7913740132595786
2002-08-30,0.7910515471583854
2002-08-31,0.7901587912187559
2002-09-01,0.7881435998649106
2002-09-02,0.785780597272921
2002-09-03,0.7851454926352591
2002-09-04,0.785784499190368
2002-09-05,0.788858212134813
2002-09-06,0.7922040405050478
2002-09-07,0.7942267446093593
2002-09-08,0.7942236812922873
2002-09-09,0.7917776503325988
2002-09-10,0.8134
2002-09-11,0.8148
2002-09-12,0.80025
2002-09-13,0.80985
2002-09-14,0.80405
2002-09-15,0.78815
2002-09-16,0.7892
2002-09-17,0.79635
2002-09-18,0.80475
2002-09-19,0.8037
2002-09-20,0.80395
2002-09-21,0.80395
2002-09-22,0.78545
2002-09-23,0.78115
2002-09-24,0.78975
2002-09-25,0.7859
2002-09-26,0.7882
2002-09-27,0.7983
2002-09-28,0.7979
2002-09-29,0.79805
2002-09-30,0.79795
2002-10-01,0.7937
2002-10-02,0.78795
2002-10-03,0.7843
2002-10-04,0.7718355254995084
2002-10-05,0.7718368769629226
2002-10-06,0.7725266708200763
2002-10-07,0.772547642760031
2002-10-08,0.7701311568697499
2002-10-09,0.7685073354594735
2002-10-10,0.7679288120900831
2002-10-11,0.7686818336432734
2002-10-12,0.7704283055563182
2002-10-13,0.7722176153943003
2002-10-14,0.7735502553487753
2002-10-15,0.774089496181595
2002-10-16,0.7740685415680943
2002-10-17,0.7743077263353597
2002-10-18,0.7738260924968902
2002-10-19,0.7722660289721435
2002-10-20,0.7703160717177109
2002-10-21,0.7698967957872856
2002-10-22,0.7708173502897567
2002-10-23,0.7732909788254199
2002-10-24,0.7766659884095274
2002-10-25,0.7780336763152089
2002-10-26,0.7769306673212486
2002-10-27,0.7747251344740409
2002-10-28,0.7718257048653657
2002-10-29,0.7705458967345108
2002-10-30,0.7717099294995553
2002-10-31,0.7753678142374035
2002-11-01,0.7770943849853527
2002-11-02,0.7756073697907852
2002-11-03,0.7735882210748399
2002-11-04,0.772957195084456
2002-11-05,0.7737655677276819
2002-11-06,0.7751179355827125
2002-11-07,0.7758987764904889
2002-11-08,0.7759428168713355
2002-11-09,0.7768570298916325
2002-11-10,0.7757613222653994
2002-11-11,0.7747595656034839
2002-11-12,0.7761464304284829
2002-11-13,0.7781197679999797
2002-11-14,0.778688692513839
2002-11-15,0.7784107969829857
2002-11-16,0.7776998891089544
2002-11-17,0.776967693953505
2002-11-18,0.7304414001153164
2002-11-19,0.7284333178055585
2002-11-20,0.7267649518146233
2002-11-21,0.7263986030033153
2002-11-22,0.7261079361431985
2002-11-23,0.75615
2002-11-24,0.75475
2002-11-25,0.760761
2002-11-26,0.76045
2002-11-27,0.7577
2002-11-28,0.76073
2002-11-29,0.75585
2002-11-30,0.7593
2002-12-01,0.750981
2002-12-02,0.75123
2002-12-03,0.756523
2002-12-04,0.757765
2002-12-05,0.761
2002-12-06,0.76427
2002-12-07,0.7716
2002-12-08,0.77095
2002-12-09,0.76455
2002-12-10,0.7627
2002-12-11,0.759745
2002-12-12,0.7585
2002-12-13,0.7452
2002-12-14,0.7404
2002-12-15,0.7419
2002-12-16,0.735985
2002-12-17,0.7347844317553482
2002-12-18,0.7379583227916884
2002-12-19,0.7393780489693955
2002-12-20,0.7370489074665115
2002-12-21,0.7333126742361972
2002-12-22,0.7319256049590408
2002-12-23,0.733312802451957
2002-12-24,0.7355296806612618
2002-12-25,0.7369591096532242
2002-12-26,0.7365294274545101
2002-12-27,0.7371098844561699
2002-12-28,0.7359198446836304
2002-12-29,0.7338813076656286
2002-12-30,0.7347414656146514
2002-12-31,0.7371543441372039
2003-01-01,0.7377292947917737
2003-01-02,0.7378231799155662
2003-01-03,0.7357443970101498
2003-01-04,0.7342007277762038
2003-01-05,0.6461682202574297
2003-01-06,0.6473227338686316
2003-01-07,0.6453682180241446
2003-01-08,0.6416443160311613
2003-01-09,0.6375373451987338
2003-01-10,0.6379003777267411
2003-01-11,0.6417560976493186
2003-01-12,0.6437930510294222
2003-01-13,0.6452185347878026
2003-01-14,0.6437246409909861
2003-01-15,0.6412145714572128
2003-01-16,0.6417122669185658
2003-01-17,0.6435943876401905
2003-01-18,0.6456380065071584
2003-01-19,0.6460992280501384
2003-01-20,0.6447230467166928
2003-01-21,0.6426434893187813
2003-01-22,0.6423091545965796
2003-01-23,0.6436167266373679
2003-01-24,0.6463506487592379
2003-01-25,0.6494632249400663
2003-01-26,0.6501392615927222
2003-01-27,0.6510299903372306
2003-01-28,0.6532467559245844
2003-01-29,0.6540287871597524
2003-01-30,0.6550697120036421
2003-01-31,0.6558868847528683
2003-02-01,0.6522555164202635
2003-02-02,0.6476518342690717
2003-02-03,0.645334374261493
2003-02-04,0.6474637278882789
2003-02-05,0.634865
2003-02-06,0.601365
2003-02-07,0.6169
2003-02-08,0.60784
2003-02-09,0.60415
2003-02-10,0.623955
2003-02-11,0.61825
2003-02-12,0.6106
2003-02-13,0.61635
2003-02-14,0.6191
2003-02-15,0.61255
2003-02-16,0.55535
2003-02-17,0.54465
2003-02-18,0.5523
2003-02-19,0.58465
2003-02-20,0.58805
2003-02-21,0.596442
2003-02-22,0.611649
2003-02-23,0.60485
2003-02-24,0.59315
2003-02-25,0.5942
2003-02-26,0.59805
2003-02-27,0.5877
2003-02-28,0.57265
2003-03-01,0.5623
2003-03-02,0.55665
2003-03-03,0.55245
2003-03-04,0.55915
2003-03-05,0.5522
2003-03-06,0.55014
2003-03-07,0.5305
2003-03-08,0.53815
2003-03-09,0.5443
2003-03-10,0.5468
2003-03-11,0.5641561842335969
2003-03-12,0.5654101360971069
2003-03-13,0.5672872997202344
2003-03-14,0.5693127240778282
2003-03-15,0.5693192509530604
2003-03-16,0.5686436630555636
2003-03-17,0.5680227765060765
2003-03-18,0.5678755120427168
2003-03-19,0.568682470847294
2003-03-20,0.5707927671072952
2003-03-21,0.5717001933555498
2003-03-22,0.5701313626450653
2003-03-23,0.5687495796690325
2003-03-24,0.5683867256035018
2003-03-25,0.5699399278524537
2003-03-26,0.5717020403555491
2003-03-27,0.5713035804269921
2003-03-28,0.5702779305849731
2003-03-29,0.56816009731747
2003-03-30,0.5672612892474486
2003-03-31,0.567059300911689
2003-04-01,0.5657273401542119
2003-04-02,0.5648997559387605
2003-04-03,0.5644751555890126
2003-04-04,0.5642380396003581
2003-04-05,0.5656444417349182
2003-04-06,0.5666385331735719
2003-04-07,0.5678367874179657
2003-04-08,0.5672530799735305
2003-04-09,0.5667738805018517
2003-04-10,0.5665433364372097
2003-04-11,0.531794557647163
2003-04-12,0.5352093314432633
2003-04-13,0.536690074461473
2003-04-14,0.5366518973526692
2003-04-15,0.5365625482945411
2003-04-16,0.5369070640411294
2003-04-17,0.5358153449646134
2003-04-18,0.5365994986903998
2003-04-19,0.5381460649074592
2003-04-20,0.5399515264658855
2003-04-21,0.5382867279918345
2003-04-22,0.5359671039101477
2003-04-23,0.5352214564957916
2003-04-24,0.5362583477411836
2003-04-25,0.537911097399104
2003-04-26,0.539035736738272
2003-04-27,0.5388768566201323
2003-04-28,0.5386670020742443
2003-04-29,0.5389694422598726
2003-04-30,0.51145
2003-05-01,0.51845
2003-05-02,0.53115
2003-05-03,0.53875
2003-05-04,0.525209
2003-05-05,0.520059
2003-05-06,0.5222
2003-05-07,0.516516
2003-05-08,0.5196
2003-05-09,0.50945
2003-05-10,0.50815
2003-05-11,0.51247
2003-05-12,0.5069
2003-05-13,0.50925
2003-05-14,0.514165
2003-05-15,0.51165
2003-05-16,0.5095
2003-05-17,0.5025
2003-05-18,0.49225
2003-05-19,0.49765
2003-05-20,0.5065
2003-05-21,0.49755
2003-05-22,0.5023
2003-05-23,0.4932
2003-05-24,0.50115
2003-05-25,0.50615
2003-05-26,0.51904
2003-05-27,0.523574
2003-05-28,0.5295
2003-05-29,0.5298
2003-05-30,0.54435
2003-05-31,0.5553
2003-06-01,0.5639
2003-06-02,0.5733
2003-06-03,0.56015
2003-06-04,0.5707
2003-06-05,0.579
2003-06-06,0.562845
2003-06-07,0.5617
2003-06-08,0.5687
2003-06-09,0.5612
2003-06-10,0.58063
2003-06-11,0.5927
2003-06-12,0.5874
2003-06-13,0.575965
2003-06-14,0.580112
2003-06-15,0.58085
2003-06-16,0.585391
2003-06-17,0.575507
2003-06-18,0.58105
2003-06-19,0.5701
2003-06-20,0.5504
2003-06-21,0.5651
2003-06-22,0.5554
2003-06-23,0.5666341027992772
2003-06-24,0.5665972875497599
2003-06-25,0.5679233313231867
2003-06-26,0.5688528297412268
2003-06-27,0.5691795633480468
2003-06-28,0.5685576441418996
2003-06-29,0.5686083725340008
2003-06-30,0.5695332239970706
2003-07-01,0.5707426208840494
2003-07-02,0.5728899559048247
2003-07-03,0.5742996795206219
2003-07-04,0.5728835433841892
2003-07-05,0.5702544445765391
2003-07-06,0.56911439855445
2003-07-07,0.569594687860087
2003-07-08,0.5702150580812442
2003-07-09,0.5701482056910252
2003-07-10,0.5701035380925428
2003-07-11,0.5691924265075166
2003-07-12,0.568519196740413
2003-07-13,0.5685037103558034
2003-07-14,0.5693995642654132
2003-07-15,0.5699825474640701
2003-07-16,0.6262306938652382
2003-07-17,0.6265830688913733
2003-07-18,0.6273744841340425
2003-07-19,0.628434381445092
2003-07-20,0.6275205357456204
2003-07-21,0.6246558162222982
2003-07-22,0.6217853910976647
2003-07-23,0.6206640368541804
2003-07-24,0.6211651542902037
2003-07-25,0.6236524395369312
2003-07-26,0.6251634085541915
2003-07-27,0.6255064203645702
2003-07-28,0.6248029368760895
2003-07-29,0.6244596218527653
2003-07-30,0.625430468120696
2003-07-31,0.6270764258086376
2003-08-01,0.6305730515062083
2003-08-02,0.6316577481709071
2003-08-03,0.628811722158835
2003-08-04,0.6257062428935763
2003-08-05,0.6261926259130948
2003-08-06,0.629332404626746
2003-08-07,0.6332985061899953
2003-08-08,0.6360738281411181
2003-08-09,0.6355877448692543
2003-08-10,0.6329242929012042
2003-08-11,0.6313189952029283
2003-08-12,0.621345
2003-08-13,0.630855
2003-08-14,0.629148
2003-08-15,0.629604
2003-08-16,0.62616
2003-08-17,0.6335
2003-08-18,0.63955
2003-08-19,0.647605
2003-08-20,0.644538
2003-08-21,0.644496
2003-08-22,0.643087
2003-08-23,0.645494
2003-08-24,0.65505
2003-08-25,0.6355631880859615
2003-08-26,0.6366730271680993
2003-08-27,0.6376459578084495
2003-08-28,0.6366420786559157
2003-08-29,0.6348713982213038
2003-08-30,0.6343607876211189
2003-08-31,0.6341681001258812
2003-09-01,0.6357308960324279
2003-09-02,0.7016422899984737
2003-09-03,0.7025480009277796
2003-09-04,0.7036429340615177
2003-09-05,0.7040247883165348
2003-09-06,0.7049981555835265
2003-09-07,0.7048330050216743
2003-09-08,0.7020734033622905
2003-09-09,0.6986379175230459
2003-09-10,0.6975788882673433
2003-09-11,0.6980096533694341
2003-09-12,0.698947854865332
2003-09-13,0.7011476561215474
2003-09-14,0.7027899665909164
2003-09-15,0.702743587138776
2003-09-16,0.7014959455698229
2003-09-17,0.7011813387481766
2003-09-18,0.7021967798434827
2003-09-19,0.7032919399537686
2003-09-20,0.7018651099299104
2003-09-21,0.699271736537819
2003-09-22,0.698414097855212
2003-09-23,0.699248018354901
2003-09-24,0.7014244808775418
2003-09-25,0.7049331692524062
2003-09-26,0.7066627166851573
2003-09-27,0.7071537068088016
2003-09-28,0.7058328938918457
2003-09-29,0.7048093682730903
2003-09-30,0.7046129694514
2003-10-01,0.7056539202849705
2003-10-02,0.7082903343215111
2003-10-03,0.709164282395294
2003-10-04,0.7075959905375299
2003-10-05,0.7048759330441724
2003-10-06,0.703873686043608
2003-10-07,0.7049307054306436
2003-10-08,0.7072588246727399
2003-10-09,0.7080621050711271
2003-10-10,0.7071759470451912
2003-10-11,0.7073630675507498
2003-10-12,0.7068546989937161
2003-10-13,0.7070586122985182
2003-10-14,0.69604
2003-10-15,0.703655
2003-10-16,0.707164
2003-10-17,0.7043
2003-10-18,0.706015
2003-10-19,0.698763
2003-10-20,0.704151
2003-10-21,0.71375
2003-10-22,0.709673
2003-10-23,0.709849
2003-10-24,0.709019
2003-10-25,0.709019
2003-10-26,0.707664
2003-10-27,0.719554
2003-10-28,0.726137
2003-10-29,0.716794
2003-10-30,0.715564
2003-10-31,0.716794
2003-11-01,0.716794
2003-11-02,0.718236
2003-11-03,0.716743
2003-11-04,0.72338
2003-11-05,0.716589
2003-11-06,0.718184
2003-11-07,0.716589
2003-11-08,0.716589
2003-11-09,0.725953
2003-11-10,0.734053
2003-11-11,0.732789
2003-11-12,0.745156
2003-11-13,0.731689
2003-11-14,0.732091
2003-11-15,0.732091
2003-11-16,0.734754
2003-11-17,0.734754
2003-11-18,0.737436
2003-11-19,0.743688
2003-11-20,0.738634
2003-11-21,0.739317
2003-11-22,0.739317
2003-11-23,0.753438
2003-11-24,0.746018
2003-11-25,0.758754
2003-11-26,0.75429
2003-11-27,0.756344
2003-11-28,0.754546
2003-11-29,0.754546
2003-11-30,0.748811
2003-12-01,0.744158
2003-12-02,0.728147
2003-12-03,0.734619
2003-12-04,0.719011
2003-12-05,0.718985
2003-12-06,0.718985
2003-12-07,0.721761
2003-12-08,0.716692
2003-12-09,0.725058
2003-12-10,0.718546
2003-12-11,0.7265192315088987
2003-12-12,0.7270966806381394
2003-12-13,0.7270085721541197
2003-12-14,0.7248024120892762
2003-12-15,0.7233023084913364
2003-12-16,0.7221537690414832
2003-12-17,0.7222865451239853
2003-12-18,0.7246612326765709
2003-12-19,0.7283057206001652
2003-12-20,0.7305187315449311
2003-12-21,0.7304181376181393
2003-12-22,0.729238642725521
2003-12-23,0.728553714136658
2003-12-24,0.7281046471011783
2003-12-25,0.7262873238523249
2003-12-26,0.724043939633649
2003-12-27,0.7240541345191986
2003-12-28,0.7252442678545898
2003-12-29,0.7285669168946269
2003-12-30,0.7326710098030406
2003-12-31,0.7345552616785106
2004-01-01,0.7340846647912564
2004-01-02,0.731667884351257
2004-01-03,0.7280040358479325
2004-01-04,0.7265547160867467
2004-01-05,0.7274180031933667
2004-01-06,0.7311562792126108
2004-01-07,0.7336283864856104
2004-01-08,0.7326307119362638
2004-01-09,0.7299595652899801
2004-01-10,0.7282622173393934
2004-01-11,0.7288070650127363
2004-01-12,0.7308129624566413
2004-01-13,0.731797971368094
2004-01-14,0.7319945295931614
2004-01-15,0.7318402271241757
2004-01-16,0.7315823748353413
2004-01-17,0.7306704142540679
2004-01-18,0.7315539455895733
2004-01-19,0.7336723818176766
2004-01-20,0.7344553434834259
2004-01-21,0.7344720981644703
2004-01-22,0.7328572033433088
2004-01-23,0.7326411182045526
2004-01-24,0.7161238962125868
2004-01-25,0.7159009705897806
2004-01-26,0.7157181799650832
2004-01-27,0.7156372030495413
2004-01-28,0.7163358368635397
2004-01-29,0.7165278971411416
2004-01-30,0.706215
2004-01-31,0.706215
2004-02-01,0.708567
2004-02-02,0.718546
2004-02-03,0.721007
2004-02-04,0.725453
2004-02-05,0.723432
2004-02-06,0.723432
2004-02-07,0.723432
2004-02-08,0.732654
2004-02-09,0.732359
2004-02-10,0.735294
2004-02-11,0.732601
2004-02-12,0.733299
2004-02-13,0.736594
2004-02-14,0.736594
2004-02-15,0.742005
2004-02-16,0.74129
2004-02-17,0.738525
2004-02-18,0.742308
2004-02-19,0.738416
2004-02-20,0.737844
2004-02-21,0.737844
2004-02-22,0.739098
2004-02-23,0.737898
2004-02-24,0.719528
2004-02-25,0.713318
2004-02-26,0.712504
2004-02-27,0.712809
2004-02-28,0.709572
2004-02-29,0.714694
2004-03-01,0.709069
2004-03-02,0.706764
2004-03-03,0.706564
2004-03-04,0.704871
2004-03-05,0.704275
2004-03-06,0.700967
2004-03-07,0.706215
2004-03-08,0.711238
2004-03-09,0.707764
2004-03-10,0.687947
2004-03-11,0.683901
2004-03-12,0.683901
2004-03-13,0.683901
2004-03-14,0.687947
2004-03-15,0.694155
2004-03-16,0.691372
2004-03-17,0.700722
2004-03-18,0.694734
2004-03-19,0.696379
2004-03-20,0.696379
2004-03-21,0.698178
2004-03-22,0.704821
2004-03-23,0.703928
2004-03-24,0.701557
2004-03-25,0.694686
2004-03-26,0.695797
2004-03-27,0.695797
2004-03-28,0.700771
2004-03-29,0.695362
2004-03-30,0.693097
2004-03-31,0.686012
2004-04-01,0.699741
2004-04-02,0.699986
2004-04-03,0.699986
2004-04-04,0.698812
2004-04-05,0.695943
2004-04-06,0.694011
2004-04-07,0.686813
2004-04-08,0.695507
2004-04-09,0.695072
2004-04-10,0.695072
2004-04-11,0.69935
2004-04-12,0.701361
2004-04-13,0.707014
2004-04-14,0.699399
2004-04-15,0.700722
2004-04-16,0.701459
2004-04-17,0.700378
2004-04-18,0.699301
2004-04-19,0.707414
2004-04-20,0.716435
2004-04-21,0.714745
2004-04-22,0.708215
2004-04-23,0.708215
2004-04-24,0.709019
2004-04-25,0.705219
2004-04-26,0.705268
2004-04-27,0.702642
2004-04-28,0.707814
2004-04-29,0.6957161662436475
2004-04-30,0.6955962810429417
2004-05-01,0.6941992317282656
2004-05-02,0.6928937908413226
2004-05-03,0.6923951337617712
2004-05-04,0.6922350945038571
2004-05-05,0.6931565378534198
2004-05-06,0.6921796325245158
2004-05-07,0.6917298273820943
2004-05-08,0.6909282882923369
2004-05-09,0.6907031310222519
2004-05-10,0.6931493473749984
2004-05-11,0.6953525394182671
2004-05-12,0.6968909344796073
2004-05-13,0.6968952834195681
2004-05-14,0.6958685558721085
2004-05-15,0.6954268664407535
2004-05-16,0.6945968617196745
2004-05-17,0.6935396742660349
2004-05-18,0.6918444713304568
2004-05-19,0.6922107352421402
2004-05-20,0.6938188606177131
2004-05-21,0.6971452868247282
2004-05-22,0.7011732282350464
2004-05-23,0.7024215524662882
2004-05-24,0.7024400692477072
2004-05-25,0.7008311693796392
2004-05-26,0.6974050173011792
2004-05-27,0.6954922530129617
2004-05-28,0.6960939591778406
2004-05-29,0.6998668499869405
2004-05-30,0.7025228290553687
2004-05-31,0.7017213211532285
2004-06-01,0.6986615802613111
2004-06-02,0.6969471952084794
2004-06-03,0.6975840619465158
2004-06-04,0.698803996782834
2004-06-05,0.6990095214478605
2004-06-06,0.6985603885718553
2004-06-07,0.698374052954664
2004-06-08,0.6989145655492093
2004-06-09,0.6989785867968401
2004-06-10,0.7000801195769173
2004-06-11,0.7020937619457726
2004-06-12,0.70290214151958
2004-06-13,0.7025051214193527
2004-06-14,0.7002286020899952
2004-06-15,0.7000947777570244
2004-06-16,0.6897563252092841
2004-06-17,0.6898985944559477
2004-06-18,0.707214
2004-06-19,0.711086
2004-06-20,0.693481
2004-06-21,0.695507
2004-06-22,0.675584
2004-06-23,0.666667
2004-06-24,0.676636
2004-06-25,0.678472
2004-06-26,0.679902
2004-06-27,0.674809
2004-06-28,0.664143
2004-06-29,0.66836
2004-06-30,0.683434
2004-07-01,0.677323
2004-07-02,0.678794
2004-07-03,0.679486
2004-07-04,0.680041
2004-07-05,0.682175
2004-07-06,0.678012
2004-07-07,0.680457
2004-07-08,0.670736
2004-07-09,0.672812
2004-07-10,0.672812
2004-07-11,0.662427
2004-07-12,0.662252
2004-07-13,0.669478
2004-07-14,0.686106
2004-07-15,0.687663
2004-07-16,0.689798
2004-07-17,0.68899
2004-07-18,0.696379
2004-07-19,0.696864
2004-07-20,0.698812
2004-07-21,0.702839
2004-07-22,0.705119
2004-07-23,0.70497
2004-07-24,0.705119
2004-07-25,0.709371
2004-07-26,0.708617
2004-07-27,0.712708
2004-07-28,0.711491
2004-07-29,0.715001
2004-07-30,0.713878
2004-07-31,0.709874
2004-08-01,0.708617
2004-08-02,0.692617
2004-08-03,0.68918
2004-08-04,0.689227
2004-08-05,0.688279
2004-08-06,0.689655
2004-08-07,0.689655
2004-08-08,0.687616
2004-08-09,0.6899157129925267
2004-08-10,0.6900545134830941
2004-08-11,0.6904960937577888
2004-08-12,0.6904258020664453
2004-08-13,0.6902646192625655
2004-08-14,0.6921527955798727
2004-08-15,0.6938044450079625
2004-08-16,0.6951580343780019
2004-08-17,0.6955334986367737
2004-08-18,0.6947097262412084
2004-08-19,0.6938187965098332
2004-08-20,0.692903287470775
2004-08-21,0.6927166174530209
2004-08-22,0.6917923187038346
2004-08-23,0.692362466465348
2004-08-24,0.6935940533419996
2004-08-25,0.6951103207889014
2004-08-26,0.6979060342437691
2004-08-27,0.7000066224915789
2004-08-28,0.701421973739644
2004-08-29,0.700584185975416
2004-08-30,0.6976052521997912
2004-08-31,0.6954801886030225
2004-09-01,0.6953083638910791
2004-09-02,0.6986779225727496
2004-09-03,0.7017395208605388
2004-09-04,0.7029357392465844
2004-09-05,0.7005826959003697
2004-09-06,0.6995383768041361
2004-09-07,0.6998706670047627
2004-09-08,0.7006484238037223
2004-09-09,0.7002307575008762
2004-09-10,0.6996781146558664
2004-09-11,0.6998091234400577
2004-09-12,0.7001602700206022
2004-09-13,0.6996172329617052
2004-09-14,0.7005830684191313
2004-09-15,0.7030443501236545
2004-09-16,0.7038563855792618
2004-09-17,0.7036125088082458
2004-09-18,0.7015168083531171
2004-09-19,0.7006612141920853
2004-09-20,0.7334810042023633
2004-09-21,0.7338719964292344
2004-09-22,0.735544915812288
2004-09-23,0.7360602340100321
2004-09-24,0.7368233586185656
2004-09-25,0.7374776367102541
2004-09-26,0.7344999019252479
2004-09-27,0.7303660109811982
2004-09-28,0.697107
2004-09-29,0.70373
2004-09-30,0.711187
2004-10-01,0.7328201715131162
2004-10-02,0.7335567727858248
2004-10-03,0.7334068469791264
2004-10-04,0.7325974919259572
2004-10-05,0.7335490157323568
2004-10-06,0.7348399838322506
2004-10-07,0.7343930791382334
2004-10-08,0.7323374911568235
2004-10-09,0.7297627229110666
2004-10-10,0.7286775359077189
2004-10-11,0.7294764136541377
2004-10-12,0.7319934553530117
2004-10-13,0.7355600227475544
2004-10-14,0.7364917424170007
2004-10-15,0.7364773579948672
2004-10-16,0.7350656019860127
2004-10-17,0.7342497962940091
2004-10-18,0.7347042206690743
2004-10-19,0.7370732667282285
2004-10-20,0.7400538881004757
2004-10-21,0.7401699476201322
2004-10-22,0.7373194097994313
2004-10-23,0.7351119745075714
2004-10-24,0.7347467952319101
2004-10-25,0.7359132225129011
2004-10-26,0.7381353506377762
2004-10-27,0.7388010884461584
2004-10-28,0.7378900652260478
2004-10-29,0.7384717177530354
2004-10-30,0.7389436505098952
2004-10-31,0.7394250972226613
2004-11-01,0.7407082458938526
2004-11-02,0.7426842101557801
2004-11-03,0.7421804435049361
2004-11-04,0.7403368845393945
2004-11-05,0.7393096337330233
2004-11-06,0.739443165248921
2004-11-07,0.7685809035832735
2004-11-08,0.7677953498800015
2004-11-09,0.7674275543097823
2004-11-10,0.767613560724347
2004-11-11,0.7681195001125262
2004-11-12,0.7691188830502398
2004-11-13,0.7682195673151154
2004-11-14,0.765290679269303
2004-11-15,0.7630657338630031
2004-11-16,0.7627530537430447
2004-11-17,0.7637903538927517
2004-11-18,0.7665905791562482
2004-11-19,0.7696261461795066
2004-11-20,0.755572
2004-11-21,0.756716
2004-11-22,0.748503
2004-11-23,0.754318
2004-11-24,0.746938
2004-11-25,0.746102
2004-11-26,0.746714
2004-11-27,0.74499
2004-11-28,0.75188
2004-11-29,0.749681
2004-11-30,0.74239
2004-12-01,0.753409
2004-12-02,0.762951
2004-12-03,0.762486
2004-12-04,0.762369
2004-12-05,0.766284
2004-12-06,0.772201
2004-12-07,0.775555
2004-12-08,0.793588
2004-12-09,0.795608
2004-12-10,0.795482
2004-12-11,0.795482
2004-12-12,0.789391
2004-12-13,0.787402
2004-12-14,0.781067
2004-12-15,0.779059
2004-12-16,0.776337
2004-12-17,0.773395
2004-12-18,0.773395
2004-12-19,0.77682
2004-12-20,0.767165
2004-12-21,0.771843
2004-12-22,0.777122
2004-12-23,0.777122
2004-12-24,0.77918
2004-12-25,0.77918
2004-12-26,0.771962
2004-12-27,0.761151
2004-12-28,0.762137
2004-12-29,0.761151
2004-12-30,0.749625
2004-12-31,0.749625
2005-01-01,0.750244
2005-01-02,0.744214
2005-01-03,0.744325
2005-01-04,0.755494
2005-01-05,0.755744
2005-01-06,0.762195
2005-01-07,0.762602
2005-01-08,0.762602
2005-01-09,0.759129
2005-01-10,0.761615
2005-01-11,0.747496
2005-01-12,0.745712
2005-01-13,0.747775
2005-01-14,0.748111
2005-01-15,0.748111
2005-01-16,0.754774
2005-01-17,0.7684540392868855
2005-01-18,0.7707383277982289
2005-01-19,0.7705486966894817
2005-01-20,0.7679773677448493
2005-01-21,0.7644315643728129
2005-01-22,0.762567792366003
2005-01-23,0.7635958817727493
2005-01-24,0.766974914559482
2005-01-25,0.7689911524311505
2005-01-26,0.7683959090336239
2005-01-27,0.7667000338316294
2005-01-28,0.7658358422841093
2005-01-29,0.7667732554263489
2005-01-30,0.7685306152831045
2005-01-31,0.7696022772564386
2005-02-01,0.7698406754026912
2005-02-02,0.7702781475751359
2005-02-03,0.7694462074891422
2005-02-04,0.7682653819248545
2005-02-05,0.7693570455567177
2005-02-06,0.771333280111328
2005-02-07,0.7718412016458478
2005-02-08,0.7718951908765969
2005-02-09,0.771342435409636
2005-02-10,0.7705443165619035
2005-02-11,0.770298239331226
2005-02-12,0.7698168549936945
2005-02-13,0.7698668591400173
2005-02-14,0.7689617494386661
2005-02-15,0.768606331887204
2005-02-16,0.7697632885284236
2005-02-17,0.7696319886598046
2005-02-18,0.7673382953492152
2005-02-19,0.7658383788769788
2005-02-20,0.7660774181020304
2005-02-21,0.7670130743418317
2005-02-22,0.7697404869149237
2005-02-23,0.7725617534241908
2005-02-24,0.7734213396002305
2005-02-25,0.7723354699345941
2005-02-26,0.7720829126101104
2005-02-27,0.7722399838464495
2005-02-28,0.771353032268919
2005-03-01,0.7688853016582069
2005-03-02,0.7661008018843857
2005-03-03,0.7652070825939121
2005-03-04,0.7659720386086363
2005-03-05,0.7696717216841801
2005-03-06,0.7739049070709696
2005-03-07,0.7757286618995579
2005-03-08,0.779788
2005-03-09,0.772917
2005-03-10,0.76864
2005-03-11,0.76858
2005-03-12,0.76858
2005-03-13,0.770179
2005-03-14,0.777484
2005-03-15,0.771426
2005-03-16,0.76746
2005-03-17,0.759071
2005-03-18,0.760167
2005-03-19,0.760167
2005-03-20,0.7740907090333768
2005-03-21,0.7739161346131793
2005-03-22,0.7746195747855249
2005-03-23,0.7743153707668766
2005-03-24,0.7733678008572862
2005-03-25,0.7742370344029283
2005-03-26,0.7757525100308811
2005-03-27,0.7754410358321229
2005-03-28,0.7752315728640959
2005-03-29,0.7746182856973453
2005-03-30,0.7739193365418835
2005-03-31,0.7883096150168186
2005-04-01,0.7878683587468143
2005-04-02,0.7872687040340922
2005-04-03,0.7869903510848527
2005-04-04,0.7875099645105501
2005-04-05,0.7888120891141923
2005-04-06,0.7890145452642106
2005-04-07,0.786325618210804
2005-04-08,0.7843198385867864
2005-04-09,0.7834925142681455
2005-04-10,0.7842209530483617
2005-04-11,0.7870765675200926
2005-04-12,0.7896125851514173
2005-04-13,0.7904764821492191
2005-04-14,0.7901305005846201
2005-04-15,0.7899856167760437
2005-04-16,0.790192792652139
2005-04-17,0.7895458575116673
2005-04-18,0.7879780975760416
2005-04-19,0.7856915808827103
2005-04-20,0.78454318350978
2005-04-21,0.7847092956898307
2005-04-22,0.7871278538240134
2005-04-23,0.790686762925876
2005-04-24,0.7931783555290748
2005-04-25,0.7931413323621092
2005-04-26,0.7907894949370948
2005-04-27,0.7878538253171762
2005-04-28,0.7858027751340759
2005-04-29,0.7870302920266765
2005-04-30,0.7901031039955121
2005-05-01,0.7915891246516185
2005-05-02,0.790579851773946
2005-05-03,0.7884121668329155
2005-05-04,0.7873682964918413
2005-05-05,0.7880579863902708
2005-05-06,0.7898300875941129
2005-05-07,0.791185633120812
2005-05-08,0.7914403805090848
2005-05-09,0.776699
2005-05-10,0.782411
2005-05-11,0.783085
2005-05-12,0.783085
2005-05-13,0.781067
2005-05-14,0.785731
2005-05-15,0.788333
2005-05-16,0.792707
2005-05-17,0.798148
2005-05-18,0.799552
2005-05-19,0.797067
2005-05-20,0.789079
2005-05-21,0.788022
2005-05-22,0.795229
2005-05-23,0.801989
2005-05-24,0.801475
2005-05-25,0.80186
2005-05-26,0.802053
2005-05-27,0.799488
2005-05-28,0.805218
2005-05-29,0.805348
2005-05-30,0.799361
2005-05-31,0.808407
2005-06-01,0.807103
2005-06-02,0.807103
2005-06-03,0.808865
2005-06-04,0.800512
2005-06-05,0.790826
2005-06-06,0.785484
2005-06-07,0.793021
2005-06-08,0.795292
2005-06-09,0.795292
2005-06-10,0.793462
2005-06-11,0.792267
2005-06-12,0.788333
2005-06-13,0.797957
2005-06-14,0.786906
2005-06-15,0.787154
2005-06-16,0.785176
2005-06-17,0.78284
2005-06-18,0.782473
2005-06-19,0.788333
2005-06-20,0.78964
2005-06-21,0.799041
2005-06-22,0.793399
2005-06-23,0.793399
2005-06-24,0.789889
2005-06-25,0.796495
2005-06-26,0.797957
2005-06-27,0.809717
2005-06-28,0.817394
2005-06-29,0.818599
2005-06-30,0.818599
2005-07-01,0.817394
2005-07-02,0.823316
2005-07-03,0.820816
2005-07-04,0.816393
2005-07-05,0.817528
2005-07-06,0.815794
2005-07-07,0.815262
2005-07-08,0.814266
2005-07-09,0.821423
2005-07-10,0.816127
2005-07-11,0.827198
2005-07-12,0.822436
2005-07-13,0.823588
2005-07-14,0.823588
2005-07-15,0.813008
2005-07-16,0.819269
2005-07-17,0.806127
2005-07-18,0.801218
2005-07-19,0.810898
2005-07-20,0.810504
2005-07-21,0.810504
2005-07-22,0.809389
2005-07-23,0.811688
2005-07-24,0.817929
2005-07-25,0.81011
2005-07-26,0.8046029272433894
2005-07-27,0.8065214785672521
2005-07-28,0.8092827886150031
2005-07-29,0.8119965340811583
2005-07-30,0.8120284147565686
2005-07-31,0.8092137392304134
2005-08-01,0.805444972117372
2005-08-02,0.8031471377842699
2005-08-03,0.8044824737349916
2005-08-04,0.8075341335687507
2005-08-05,0.8087858104688469
2005-08-06,0.8082541863452177
2005-08-07,0.8071146601167495
2005-08-08,0.8066888936966455
2005-08-09,0.8073670372461113
2005-08-10,0.8090403776619978
2005-08-11,0.8099543550425201
2005-08-12,0.8102288823107104
2005-08-13,0.8101755653463776
2005-08-14,0.8087290975195247
2005-08-15,0.8081796895234818
2005-08-16,0.8090504685888232
2005-08-17,0.8105379100141599
2005-08-18,0.8110428929820767
2005-08-19,0.8109286631359655
2005-08-20,0.8105361912299204
2005-08-21,0.8096614894553872
2005-08-22,0.8093001566525201
2005-08-23,0.8083627539061529
2005-08-24,0.8084121758836204
2005-08-25,0.808514374240055
2005-08-26,0.8094048985324059
2005-08-27,0.8106045129034409
2005-08-28,0.8103234639579546
2005-08-29,0.8079829718950374
2005-08-30,0.8059366275768509
2005-08-31,0.8056069536707825
2005-09-01,0.8061916937718778
2005-09-02,0.8084333349492785
2005-09-03,0.8107086102392369
2005-09-04,0.8124253014430998
2005-09-05,0.8126473295555874
2005-09-06,0.8126976733004091
2005-09-07,0.8122140295932723
2005-09-08,0.8113734193496833
2005-09-09,0.8095706572527944
2005-09-10,0.8069484301168115
2005-09-11,0.8063400636630045
2005-09-12,0.8070821764807391
2005-09-13,0.8092339557369725
2005-09-14,0.831393
2005-09-15,0.831393
2005-09-16,0.829738
2005-09-17,0.8351
2005-09-18,0.837381
2005-09-19,0.81974
2005-09-20,0.820681
2005-09-21,0.823995
2005-09-22,0.823995
2005-09-23,0.825083
2005-09-24,0.832362
2005-09-25,0.827198
2005-09-26,0.829738
2005-09-27,0.840195
2005-09-28,0.839842
2005-09-29,0.843668
2005-09-30,0.851209
2005-10-01,0.85162
2005-10-02,0.84674
2005-10-03,0.831947
2005-10-04,0.831808
2005-10-05,0.832362
2005-10-06,0.822301
2005-10-07,0.818465
2005-10-08,0.825627
2005-10-09,0.822301
2005-10-10,0.830979
2005-10-11,0.819807
2005-10-12,0.816127
2005-10-13,0.778028
2005-10-14,0.778816
2005-10-15,0.772618
2005-10-16,0.793903
2005-10-17,0.778634
2005-10-18,0.76746
2005-10-19,0.759013
2005-10-20,0.762486
2005-10-21,0.766754
2005-10-22,0.76929
2005-10-23,0.78456
2005-10-24,0.780457
2005-10-25,0.798148
2005-10-26,0.791703
2005-10-27,0.796369
2005-10-28,0.794786
2005-10-29,0.793336
2005-10-30,0.801603
2005-10-31,0.797194
2005-11-01,0.79277
2005-11-02,0.821693
2005-11-03,0.810898
2005-11-04,0.793462
2005-11-05,0.788955
2005-11-06,0.791766
2005-11-07,0.791515
2005-11-08,0.7989857670841328
2005-11-09,0.800180585492693
2005-11-10,0.7991274558945867
2005-11-11,0.7978327539438498
2005-11-12,0.7977168191746622
2005-11-13,0.7988818014293874
2005-11-14,0.8007312687157523
2005-11-15,0.8019695418710129
2005-11-16,0.8023851272667304
2005-11-17,0.8029636575667023
2005-11-18,0.801775236084969
2005-11-19,0.8005963025694611
2005-11-20,0.8010709434510853
2005-11-21,0.8022533838408883
2005-11-22,0.8025611709702295
2005-11-23,0.8027549846849791
2005-11-24,0.80253458525917
2005-11-25,0.8016515737172853
2005-11-26,0.7811052269181913
2005-11-27,0.7810225242878281
2005-11-28,0.7809552768544573
2005-11-29,0.7794053631664798
2005-11-30,0.7781068216735305
2005-12-01,0.779084477237894
2005-12-02,0.7804386990235055
2005-12-03,0.7799033947610409
2005-12-04,0.7799354902844811
2005-12-05,0.7809666222165544
2005-12-06,0.7822957414355711
2005-12-07,0.7844191399601077
2005-12-08,0.7862935989237616
2005-12-09,0.7869621713400227
2005-12-10,0.786297868162034
2005-12-11,0.7859275256030726
2005-12-12,0.7858368528038568
2005-12-13,0.7853031980198157
2005-12-14,0.7832219582232183
2005-12-15,0.781199496689263
2005-12-16,0.7808034070196171
2005-12-17,0.7820059738184183
2005-12-18,0.7850634345489858
2005-12-19,0.7885896798197161
2005-12-20,0.7900432653538834
2005-12-21,0.7895012869413275
2005-12-22,0.7867790029986276
2005-12-23,0.7834668156715322
2005-12-24,0.7820380693418585
2005-12-25,0.7831684056191106
2005-12-26,0.7870211921730214
2005-12-27,0.7890859233242216
2005-12-28,0.794597
2005-12-29,0.792456
2005-12-30,0.792519
2005-12-31,0.793588
2006-01-01,0.800064
2006-01-02,0.805088
2006-01-03,0.7867542677528582
2006-01-04,0.7872967798201982
2006-01-05,0.786370188781144
2006-01-06,0.7857818170552845
2006-01-07,0.7870449571373652
2006-01-08,0.7887121709191076
2006-01-09,0.7887368923037137
2006-01-10,0.7885129998647729
2006-01-11,0.7877746364916898
2006-01-12,0.786735977947987
2006-01-13,0.7585845480091391
2006-01-14,0.7588178799002342
2006-01-15,0.7591758271139843
2006-01-16,0.7582457638535431
2006-01-17,0.7572669578126323
2006-01-18,0.757388499422343
2006-01-19,0.7588115210916061
2006-01-20,0.7587553868458484
2006-01-21,0.759201608877577
2006-01-22,0.7603321669334406
2006-01-23,0.7614801242144386
2006-01-24,0.7625045716005482
2006-01-25,0.7637109640803986
2006-01-26,0.7638267740991171
2006-01-27,0.7634425287934443
2006-01-28,0.7630239493864709
2006-01-29,0.7638771109133573
2006-01-30,0.7646681744290098
2006-01-31,0.7643332090238815
2006-02-01,0.7629154927148416
2006-02-02,0.7628953801670066
2006-02-03,0.7640633356412428
2006-02-04,0.766257620154496
2006-02-05,0.7686822425475883
2006-02-06,0.7698450589955601
2006-02-07,0.7696820829036883
2006-02-08,0.7685668830166745
2006-02-09,0.7674153772778918
2006-02-10,0.7664320594283522
2006-02-11,0.7671338120040756
2006-02-12,0.7705548649071153
2006-02-13,0.7727247607036797
2006-02-14,0.7712936371845135
2006-02-15,0.7688941728026688
2006-02-16,0.768688182056029
2006-02-17,0.7697139462526447
2006-02-18,0.77098975543791
2006-02-19,0.7714714828392314
2006-02-20,0.7706493218038907
2006-02-21,0.7712459131995406
2006-02-22,0.814399
2006-02-23,0.808767
2006-02-24,0.770657562265426
2006-02-25,0.7729318811351222
2006-02-26,0.7729320405384993
2006-02-27,0.7721570906250921
2006-02-28,0.7702788683556235
2006-03-01,0.7691912799057475
2006-03-02,0.7569168629478472
2006-03-03,0.7576842862496249
2006-03-04,0.7592434834516703
2006-03-05,0.7590869493354059
2006-03-06,0.7591556764479506
2006-03-07,0.7597128155077805
2006-03-08,0.7592722938794269
2006-03-09,0.7573367938182347
2006-03-10,0.756138797738006
2006-03-11,0.7563065871188065
2006-03-12,0.7567294322987613
2006-03-13,0.7578869849699996
2006-03-14,0.7590730223316587
2006-03-15,0.7600038652825312
2006-03-16,0.7598957482094008
2006-03-17,0.7600493056408633
2006-03-18,0.7603323852467614
2006-03-19,0.7605699136050219
2006-03-20,0.7586899205719516
2006-03-21,0.7568792610773172
2006-03-22,0.756897398409393
2006-03-23,0.7580739928536072
2006-03-24,0.7605016681678991
2006-03-25,0.7635196072568302
2006-03-26,0.7643023506092588
2006-03-27,0.7638404793242528
2006-03-28,0.7622588478295329
2006-03-29,0.7605150372598266
2006-03-30,0.7603777736257313
2006-03-31,0.7616933054394999
2006-04-01,0.7647140098304938
2006-04-02,0.7655913902748195
2006-04-03,0.7636230427220825
2006-04-04,0.7615152969161141
2006-04-05,0.7607087123629438
2006-04-06,0.7615320481318677
2006-04-07,0.7629654171594759
2006-04-08,0.7639985173767267
2006-04-09,0.7641420462565981
2006-04-10,0.7654381412542387
2006-04-11,0.7650332532112377
2006-04-12,0.763817265341147
2006-04-13,0.7647218899017854
2006-04-14,0.7669732234975689
2006-04-15,0.762021
2006-04-16,0.75815
2006-04-17,0.749344
2006-04-18,0.750751
2006-04-19,0.755401
2006-04-20,0.75375
2006-04-21,0.760861
2006-04-22,0.760803
2006-04-23,0.755116
2006-04-24,0.753807
2006-04-25,0.752955
2006-04-26,0.754262
2006-04-27,0.755658
2006-04-28,0.755344
2006-04-29,0.768344
2006-04-30,0.77098
2006-05-01,0.76929
2006-05-02,0.772618
2006-05-03,0.775675
2006-05-04,0.779545
2006-05-05,0.77991
2006-05-06,0.787836
2006-05-07,0.791515
2006-05-08,0.797957
2006-05-09,0.795862
2006-05-10,0.788581
2006-05-11,0.7773258975987748
2006-05-12,0.7808006763704625
2006-05-13,0.7825226348163495
2006-05-14,0.7822418215106381
2006-05-15,0.7798756724345972
2006-05-16,0.7776053455799089
2006-05-17,0.7763807464621666
2006-05-18,0.7783752223075768
2006-05-19,0.7818374775182935
2006-05-20,0.7830358721069649
2006-05-21,0.7813528011544968
2006-05-22,0.7793058677368734
2006-05-23,0.7785076033469271
2006-05-24,0.7797859214027357
2006-05-25,0.7816256165690292
2006-05-26,0.7828203240882836
2006-05-27,0.783015440752376
2006-05-28,0.7840232027632572
2006-05-29,0.7836126073862997
2006-05-30,0.7825021341559444
2006-05-31,0.7837032247408624
2006-06-01,0.7856509399521439
2006-06-02,0.7854129645713694
2006-06-03,0.7849655054308233
2006-06-04,0.7840974431534735
2006-06-05,0.7836623135176132
2006-06-06,0.797693435392307
2006-06-07,0.7969877912950091
2006-06-08,0.7967407507134877
2006-06-09,0.7960017150739883
2006-06-10,0.7957383460421916
2006-06-11,0.7967756739142251
2006-06-12,0.796857829028641
2006-06-13,0.7950272475771659
2006-06-14,0.7935995824182235
2006-06-15,0.7935920280842677
2006-06-16,0.7944810900238987
2006-06-17,0.7969776518541123
2006-06-18,0.799389050697491
2006-06-19,0.8008156762691917
2006-06-20,0.8004686204644431
2006-06-21,0.8001590729673727
2006-06-22,0.7996826578568561
2006-06-23,0.7987441600785944
2006-06-24,0.7970582337265025
2006-06-25,0.7947557281813947
2006-06-26,0.7941649307519715
2006-06-27,0.794808005558486
2006-06-28,0.7972805182705097
2006-06-29,0.8004473297177344
2006-06-30,0.807624
2006-07-01,0.807624
2006-07-02,0.809061
2006-07-03,0.810964
2006-07-04,0.808865
2006-07-05,0.814001
2006-07-06,0.811952
2006-07-07,0.809454
2006-07-08,0.804117
2006-07-09,0.802826
2006-07-10,0.798276
2006-07-11,0.803084
2006-07-12,0.803729
2006-07-13,0.797575
2006-07-14,0.793462
2006-07-15,0.79447
2006-07-16,0.802761
2006-07-17,0.812018
2006-07-18,0.809389
2006-07-19,0.818666
2006-07-20,0.819471
2006-07-21,0.829325
2006-07-22,0.829119
2006-07-23,0.825832
2006-07-24,0.826925
2006-07-25,0.827883
2006-07-26,0.827541
2006-07-27,0.830634
2006-07-28,0.820075
2006-07-29,0.825627
2006-07-30,0.823859
2006-07-31,0.831808
2006-08-01,0.830392
2006-08-02,0.8001415247347339
2006-08-03,0.800704163211072
2006-08-04,0.802808211551751
2006-08-05,0.8049204587704756
2006-08-06,0.8063323360645083
2006-08-07,0.8062778201095568
2006-08-08,0.8059005053854948
2006-08-09,0.8053647783575519
2006-08-10,0.8043366196449897
2006-08-11,0.8034105137466483
2006-08-12,0.8014123023177497
2006-08-13,0.8011883267118295
2006-08-14,0.8015980072520145
2006-08-15,0.8034274728798503
2006-08-16,0.8061982986161531
2006-08-17,0.8080290186792604
2006-08-18,0.8077244819926948
2006-08-19,0.8053399668753849
2006-08-20,0.8018487626252794
2006-08-21,0.7999858708023341
2006-08-22,0.8011853534923185
2006-08-23,0.8043160704705133
2006-08-24,0.8057102193367853
2006-08-25,0.8049110193183215
2006-08-26,0.8035866059642187
2006-08-27,0.8030819903171272
2006-08-28,0.8038203606207919
2006-08-29,0.8053593309204058
2006-08-30,0.8061989015767532
2006-08-31,0.8062207329088276
2006-09-01,0.8067746457829175
2006-09-02,0.8055995933931117
2006-09-03,0.8047098453259012
2006-09-04,0.8057312605825561
2006-09-05,0.8077309967394091
2006-09-06,0.8084710026603339
2006-09-07,0.8083540560262311
2006-09-08,0.8078270961840261
2006-09-09,0.8066304966159918
2006-09-10,0.8053063466239903
2006-09-11,0.8050279243689347
2006-09-12,0.8050090939786977
2006-09-13,0.8044831667931527
2006-09-14,0.804392279145907
2006-09-15,0.8049010046278937
2006-09-16,0.8045940422377643
2006-09-17,0.8027719923322523
2006-09-18,0.8015110908280318
2006-09-19,0.8020361932743652
2006-09-20,0.8031519337467448
2006-09-21,0.82291
2006-09-22,0.821625
2006-09-23,0.819706
2006-09-24,0.820143
2006-09-25,0.820143
2006-09-26,0.821659
2006-09-27,0.824436
2006-09-28,0.824674
2006-09-29,0.832709
2006-09-30,0.832882
2006-10-01,0.832535
2006-10-02,0.832535
2006-10-03,0.834168
2006-10-04,0.837872
2006-10-05,0.843846
2006-10-06,0.844096
2006-10-07,0.804767757265842
2006-10-08,0.8037692267896666
2006-10-09,0.8056422927064166
2006-10-10,0.8086422711931031
2006-10-11,0.8093225216393785
2006-10-12,0.8077114802215927
2006-10-13,0.8060234954867623
2006-10-14,0.8059636984286233
2006-10-15,0.80743496387648
2006-10-16,0.809168323129117
2006-10-17,0.8098349965660168
2006-10-18,0.8095903401045694
2006-10-19,0.8100823975377819
2006-10-20,0.8087546782962506
2006-10-21,0.8079483120564012
2006-10-22,0.8087369082850002
2006-10-23,0.810248911691566
2006-10-24,0.8105227043181056
2006-10-25,0.8104732407571483
2006-10-26,0.8101132594176953
2006-10-27,0.8087748462887384
2006-10-28,0.8096809574591323
2006-10-29,0.8094673292115572
2006-10-30,0.8093506182172292
2006-10-31,0.8082373588930664
2006-11-01,0.8084263142701066
2006-11-02,0.810016577804223
2006-11-03,0.8104358017552862
2006-11-04,0.8088727476845743
2006-11-05,0.8075026895199819
2006-11-06,0.8070305990923906
2006-11-07,0.8074139572836172
2006-11-08,0.8095404676392972
2006-11-09,0.8114911560700897
2006-11-10,0.8123790744637549
2006-11-11,0.81150561326333
2006-11-12,0.8112159565354831
2006-11-13,0.8108579989258604
2006-11-14,0.8105665055938865
2006-11-15,0.8098215720294364
2006-11-16,0.8082392648030094
2006-11-17,0.8079377637111893
2006-11-18,0.8088565093318599
2006-11-19,0.8109737604305077
2006-11-20,0.8135702820392958
2006-11-21,0.8149460094196459
2006-11-22,0.8142991505155719
2006-11-23,0.8117816306065667
2006-11-24,0.8083554005590636
2006-11-25,0.8069183860455281
2006-11-26,0.844309
2006-11-27,0.8122251185238498
2006-11-28,0.8132037166473124
2006-11-29,0.8117233097623109
2006-11-30,0.8098914461532377
2006-12-01,0.808755953523267
2006-12-02,0.8090947342135723
2006-12-03,0.8104773228697172
2006-12-04,0.8113665996573781
2006-12-05,0.8113541246104785
2006-12-06,0.8122187423887678
2006-12-07,0.8110109430008503
2006-12-08,0.8103299994964137
2006-12-09,0.8111273490495874
2006-12-10,0.8125263770453135
2006-12-11,0.8127955885574083
2006-12-12,0.8123968098220973
2006-12-13,0.8116284093083124
2006-12-14,0.8103893945808194
2006-12-15,0.8091641717107321
2006-12-16,0.8091037093167583
2006-12-17,0.8089667956770346
2006-12-18,0.8077639932384586
2006-12-19,0.8076586276062278
2006-12-20,0.808659445174335
2006-12-21,0.809396720446105
2006-12-22,0.8087384815270259
2006-12-23,0.8085127594145397
2006-12-24,0.8091278554630909
2006-12-25,0.8099417275228249
2006-12-26,0.8118242467528923
2006-12-27,0.8137427911461733
2006-12-28,0.8148206005453962
2006-12-29,0.8146979015285565
2006-12-30,0.8143595297425662
2006-12-31,0.8142213270146628
2007-01-01,0.8135575505608765
2007-01-02,0.8123949524262255
2007-01-03,0.8103673899842048
2007-01-04,0.8099924871025433
2007-01-05,0.8106921847608191
2007-01-06,0.8125234315481289
2007-01-07,0.814679258264023
2007-01-08,0.8163139537568469
2007-01-09,0.8162909303647354
2007-01-10,0.8145067422265639
2007-01-11,0.8123438671091714
2007-01-12,0.8113466395823387
2007-01-13,0.8124589702085656
2007-01-14,0.815154758537767
2007-01-15,0.8161691739069947
2007-01-16,0.836225
2007-01-17,0.837205
2007-01-18,0.837205
2007-01-19,0.838434
2007-01-20,0.841999
2007-01-21,0.843811
2007-01-22,0.838153
2007-01-23,0.842957
2007-01-24,0.840619
2007-01-25,0.843064
2007-01-26,0.845952
2007-01-27,0.852115
2007-01-28,0.856788
2007-01-29,0.86326
2007-01-30,0.858001
2007-01-31,0.8127729810001934
2007-02-01,0.7825163002647572
2007-02-02,0.7829924658743357
2007-02-03,0.7843596963616308
2007-02-04,0.7845906579938149
2007-02-05,0.7842490565567941
2007-02-06,0.7848999144064576
2007-02-07,0.7851913107102889
2007-02-08,0.7838651647107833
2007-02-09,0.7830540233002039
2007-02-10,0.783343874084336
2007-02-11,0.7838885484931386
2007-02-12,0.7841538927406945
2007-02-13,0.7847196291870127
2007-02-14,0.785709915736362
2007-02-15,0.7866556386459531
2007-02-16,0.7870691933812586
2007-02-17,0.7876314229532816
2007-02-18,0.7875867345630544
2007-02-19,0.7864984530550173
2007-02-20,0.7846009845604152
2007-02-21,0.7846404854103066
2007-02-22,0.7861361638318879
2007-02-23,0.7884036110299169
2007-02-24,0.7903090323669175
2007-02-25,0.7907658339314751
2007-02-26,0.7900214374870997
2007-02-27,0.7884006100880793
2007-02-28,0.7867420456721873
2007-03-01,0.786358787974394
2007-03-02,0.7875521717525606
2007-03-03,0.7903052482693579
2007-03-04,0.7913560214697166
2007-03-05,0.7897468166560577
2007-03-06,0.788151909632262
2007-03-07,0.7881980118611379
2007-03-08,0.7892595759770649
2007-03-09,0.7903541573837862
2007-03-10,0.7910617974885881
2007-03-11,0.791446701199514
2007-03-12,0.7926670241484024
2007-03-13,0.7920077941561527
2007-03-14,0.7909692465017557
2007-03-15,0.7915809257735728
2007-03-16,0.7926365642422224
2007-03-17,0.7925583664899063
2007-03-18,0.7926383592628595
2007-03-19,0.7919518366402262
2007-03-20,0.7909786582315834
2007-03-21,0.7809433839764129
2007-03-22,0.797416
2007-03-23,0.793588
2007-03-24,0.802343
2007-03-25,0.787247
2007-03-26,0.788768
2007-03-27,0.788768
2007-03-28,0.789858
2007-03-29,0.785793
2007-03-30,0.798244
2007-03-31,0.804182
2007-04-01,0.805445
2007-04-02,0.805056
2007-04-03,0.7816527082125463
2007-04-04,0.7812637223890515
2007-04-05,0.7810176312972108
2007-04-06,0.781362129717345
2007-04-07,0.7807050135524869
2007-04-08,0.7793450601758831
2007-04-09,0.7768069564394936
2007-04-10,0.7758576677456637
2007-04-11,0.775839849220342
2007-04-12,0.7782489401800442
2007-04-13,0.7813734334959525
2007-04-14,0.7825115528163537
2007-04-15,0.782089431882177
2007-04-16,0.7797629118717875
2007-04-17,0.777867799774933
2007-04-18,0.7775678303416489
2007-04-19,0.7798240673239223
2007-04-20,0.7831506563996051
2007-04-21,0.7837343222605506
2007-04-22,0.78141042201001
2007-04-23,0.7789262312679718
2007-04-24,0.7780557987317109
2007-04-25,0.7795492212489779
2007-04-26,0.7819243870116945
2007-04-27,0.7834600375627168
2007-04-28,0.7839134500728666
2007-04-29,0.784795879445896
2007-04-30,0.7840335847745104
2007-05-01,0.7826295667600245
2007-05-02,0.7839490178176939
2007-05-03,0.7860591789313537
2007-05-04,0.7858652196743904
2007-05-05,0.7852466583350337
2007-05-06,0.784037244121601
2007-05-07,0.7833640143544973
2007-05-08,0.7934912504970631
2007-05-09,0.792815144538591
2007-05-10,0.7927731798669369
2007-05-11,0.792629924745039
2007-05-12,0.7927979705573591
2007-05-13,0.7937054401217488
2007-05-14,0.7931944552701569
2007-05-15,0.7906104017776869
2007-05-16,0.7886592697896714
2007-05-17,0.7884374842475402
2007-05-18,0.7895242964722757
2007-05-19,0.7919713254357161
2007-05-20,0.7947170139525161
2007-05-21,0.7961994307061848
2007-05-22,0.796033588818817
2007-05-23,0.796686
2007-05-24,0.802858
2007-05-25,0.803859
2007-05-26,0.803859
2007-05-27,0.803859
2007-05-28,0.801507
2007-05-29,0.795355
2007-05-30,0.803213
2007-05-31,0.80694
2007-06-01,0.809487
2007-06-02,0.810307
2007-06-03,0.810143
2007-06-04,0.807005
2007-06-05,0.798085
2007-06-06,0.789484
2007-06-07,0.784652
2007-06-08,0.781403
2007-06-09,0.780244
2007-06-10,0.780244
2007-06-11,0.784745
2007-06-12,0.778847
2007-06-13,0.779606
2007-06-14,0.777333
2007-06-15,0.773754
2007-06-16,0.772618
2007-06-17,0.772738
2007-06-18,0.781036
2007-06-19,0.778695
2007-06-20,0.791014
2007-06-21,0.788395
2007-06-22,0.80016
2007-06-23,0.800064
2007-06-24,0.800064
2007-06-25,0.802633
2007-06-26,0.806647
2007-06-27,0.808669
2007-06-28,0.814465
2007-06-29,0.814531
2007-06-30,0.813041
2007-07-01,0.813041
2007-07-02,0.81716
2007-07-03,0.824097
2007-07-04,0.7981716039399711
2007-07-05,0.7985403386039988
2007-07-06,0.8010210501940682
2007-07-07,0.8036167470636446
2007-07-08,0.8051508659561308
2007-07-09,0.8047850213446349
2007-07-10,0.804452325704984
2007-07-11,0.8036549553600656
2007-07-12,0.802658420891394
2007-07-13,0.8014299960926025
2007-07-14,0.7994752809938941
2007-07-15,0.7988647937821142
2007-07-16,0.799425387736877
2007-07-17,0.8015665632032457
2007-07-18,0.8047055622264656
2007-07-19,0.8071652602930909
2007-07-20,0.8070007213550658
2007-07-21,0.8041109183242483
2007-07-22,0.800051316284486
2007-07-23,0.7978429141764913
2007-07-24,0.7991330973880179
2007-07-25,0.8024091417320123
2007-07-26,0.8039676146882793
2007-07-27,0.8032376026660374
2007-07-28,0.8016620319649362
2007-07-29,0.8006174061904664
2007-07-30,0.8011218000589463
2007-07-31,0.802843800088323
2007-08-01,0.8040900780653443
2007-08-02,0.8045253809657449
2007-08-03,0.8047831292958552
2007-08-04,0.803415184958654
2007-08-05,0.8026108840321247
2007-08-06,0.8035194902118985
2007-08-07,0.8051526540461864
2007-08-08,0.8056776109503059
2007-08-09,0.8055996557683462
2007-08-10,0.8050374331269048
2007-08-11,0.804244415187238
2007-08-12,0.8118567996947188
2007-08-13,0.8109437440815508
2007-08-14,0.810898833912712
2007-08-15,0.8101858503294881
2007-08-16,0.8104396135751721
2007-08-17,0.8114135266254657
2007-08-18,0.811335037788722
2007-08-19,0.80937910290765
2007-08-20,0.8075688349908766
2007-08-21,0.8076607137112926
2007-08-22,0.8084032978085768
2007-08-23,0.833959
2007-08-24,0.825014
2007-08-25,0.825287
2007-08-26,0.824742
2007-08-27,0.823418
2007-08-28,0.821963
2007-08-29,0.825968
2007-08-30,0.827952
2007-08-31,0.832466
2007-09-01,0.832952
2007-09-02,0.834272
2007-09-03,0.83689
2007-09-04,0.83375
2007-09-05,0.829703
2007-09-06,0.820883
2007-09-07,0.816593
2007-09-08,0.819538
2007-09-09,0.819538
2007-09-10,0.818599
2007-09-11,0.819236
2007-09-12,0.813074
2007-09-13,0.811754
2007-09-14,0.815328
2007-09-15,0.813041
2007-09-16,0.813041
2007-09-17,0.818297
2007-09-18,0.82464
2007-09-19,0.817261
2007-09-20,0.820647
2007-09-21,0.827335
2007-09-22,0.828466
2007-09-23,0.828466
2007-09-24,0.826856
2007-09-25,0.831843
2007-09-26,0.82247
2007-09-27,0.823452
2007-09-28,0.8259
2007-09-29,0.826754
2007-09-30,0.826754
2007-10-01,0.826549
2007-10-02,0.824606
2007-10-03,0.815565596485081
2007-10-04,0.8170206443719681
2007-10-05,0.8173978759290508
2007-10-06,0.8155247199147397
2007-10-07,0.8133615121294299
2007-10-08,0.8122684138671732
2007-10-09,0.8121858290566975
2007-10-10,0.8140600107970869
2007-10-11,0.8163499789200606
2007-10-12,0.8180134848406411
2007-10-13,0.818255812626667
2007-10-14,0.81797673889694
2007-10-15,0.8170936233963312
2007-10-16,0.8162997391339629
2007-10-17,0.8152758704514178
2007-10-18,0.8134560175402765
2007-10-19,0.8129873300282561
2007-10-20,0.8137385496302274
2007-10-21,0.8155878921661233
2007-10-22,0.8180553524841527
2007-10-23,0.8200416294515173
2007-10-24,0.8198445860857371
2007-10-25,0.8172146937264924
2007-10-26,0.8136128288798052
2007-10-27,0.811582459552232
2007-10-28,0.8128378512440717
2007-10-29,0.8156743026576483
2007-10-30,0.8168029270812425
2007-10-31,0.8158700777269937
2007-11-01,0.8145406119788965
2007-11-02,0.8139017925494911
2007-11-03,0.8142799874574177
2007-11-04,0.8158211270290757
2007-11-05,0.8168698972913488
2007-11-06,0.8172734719891346
2007-11-07,0.8177212222141084
2007-11-08,0.8163528620420106
2007-11-09,0.8156350755657304
2007-11-10,0.8162594516630587
2007-11-11,0.817502077223571
2007-11-12,0.8179229090695679
2007-11-13,0.8177935081803104
2007-11-14,0.817396981884023
2007-11-15,0.8165037893177518
2007-11-16,0.8211171101753189
2007-11-17,0.8205145723406467
2007-11-18,0.8203896000930385
2007-11-19,0.8197489024760166
2007-11-20,0.8203838962243728
2007-11-21,0.8214440603628143
2007-11-22,0.82713
2007-11-23,0.828054
2007-11-24,0.829635
2007-11-25,0.829635
2007-11-26,0.827438
2007-11-27,0.833681
2007-11-28,0.831739
2007-11-29,0.83375
2007-11-30,0.836575
2007-12-01,0.836925
2007-12-02,0.836925
2007-12-03,0.83605
2007-12-04,0.830806
2007-12-05,0.83091
2007-12-06,0.828603
2007-12-07,0.82802
2007-12-08,0.828157
2007-12-09,0.828157
2007-12-10,0.83382
2007-12-11,0.833542
2007-12-12,0.829256
2007-12-13,0.837661
2007-12-14,0.838926
2007-12-15,0.838328
2007-12-16,0.838328
2007-12-17,0.836575
2007-12-18,0.837802
2007-12-19,0.841928
2007-12-20,0.848644
2007-12-21,0.845666
2007-12-22,0.846848
2007-12-23,0.846848
2007-12-24,0.84631
2007-12-25,0.847889
2007-12-26,0.848896
2007-12-27,0.856678
2007-12-28,0.853825
2007-12-29,0.854664
2007-12-30,0.854664
2007-12-31,0.857412
2008-01-01,0.863558
2008-01-02,0.86285
2008-01-03,0.854372
2008-01-04,0.854701
2008-01-05,0.853643
2008-01-06,0.853643
2008-01-07,0.854117
2008-01-08,0.856091
2008-01-09,0.860067
2008-01-10,0.86734
2008-01-11,0.865202
2008-01-12,0.866138
2008-01-13,0.866138
2008-01-14,0.867528
2008-01-15,0.865576
2008-01-16,0.855688
2008-01-17,0.853752
2008-01-18,0.857927
2008-01-19,0.8272950029009706
2008-01-20,0.8263770542971852
2008-01-21,0.8254339546127338
2008-01-22,0.8237169931161883
2008-01-23,0.8231108652402416
2008-01-24,0.8236341865271009
2008-01-25,0.824991852811773
2008-01-26,0.8268528872388465
2008-01-27,0.8288039707127908
2008-01-28,0.8289047968140665
2008-01-29,0.8266281076854594
2008-01-30,0.8237062091312016
2008-01-31,0.8218176256422247
2008-02-01,0.8227770884298595
2008-02-02,0.8251267080687583
2008-02-03,0.8259355138733349
2008-02-04,0.8251898733895603
2008-02-05,0.8241746402117024
2008-02-06,0.8240703488196213
2008-02-07,0.8247015099563465
2008-02-08,0.8261400006837651
2008-02-09,0.8271019654113615
2008-02-10,0.8274029120566527
2008-02-11,0.8275303654524776
2008-02-12,0.8261696705036415
2008-02-13,0.8253290256071445
2008-02-14,0.8256915227477223
2008-02-15,0.8268788630587243
2008-02-16,0.8273078591298588
2008-02-17,0.8270566879216974
2008-02-18,0.8266239008224215
2008-02-19,0.8256887366539147
2008-02-20,0.8282970749043493
2008-02-21,0.8279596456774583
2008-02-22,0.8279531032084175
2008-02-23,0.8274909997489275
2008-02-24,0.8281191599438154
2008-02-25,0.8293160298045323
2008-02-26,0.8296972117931332
2008-02-27,0.8281333745666993
2008-02-28,0.8266383233627539
2008-02-29,0.8261548945036471
2008-03-01,0.8260241213592305
2008-03-02,0.8275340247995682
2008-03-03,0.8296815764010189
2008-03-04,0.8312848763591454
2008-03-05,0.8319751830793383
2008-03-06,0.8318430238185995
2008-03-07,0.8310577750609186
2008-03-08,0.8302327794176989
2008-03-09,0.854153
2008-03-10,0.855359
2008-03-11,0.853352
2008-03-12,0.848608
2008-03-13,0.846024
2008-03-14,0.849329
2008-03-15,0.849618
2008-03-16,0.849618
2008-03-17,0.845059
2008-03-18,0.842637
2008-03-19,0.841361
2008-03-20,0.850557
2008-03-21,0.850123
2008-03-22,0.850051
2008-03-23,0.850051
2008-03-24,0.84886
2008-03-25,0.8511
2008-03-26,0.855871
2008-03-27,0.867905
2008-03-28,0.866476
2008-03-29,0.866363
2008-03-30,0.866363
2008-03-31,0.867227
2008-04-01,0.865014
2008-04-02,0.868432
2008-04-03,0.870777
2008-04-04,0.869641
2008-04-05,0.869754
2008-04-06,0.869754
2008-04-07,0.87108
2008-04-08,0.868697
2008-04-09,0.873248
2008-04-10,0.876962
2008-04-11,0.87677
2008-04-12,0.877732
2008-04-13,0.877732
2008-04-14,0.875197
2008-04-15,0.878002
2008-04-16,0.876539
2008-04-17,0.875388
2008-04-18,0.874317
2008-04-19,0.873935
2008-04-20,0.873935
2008-04-21,0.876463
2008-04-22,0.879121
2008-04-23,0.880049
2008-04-24,0.882379
2008-04-25,0.881057
2008-04-26,0.881057
2008-04-27,0.881057
2008-04-28,0.879701
2008-04-29,0.876463
2008-04-30,0.870928
2008-05-01,0.869981
2008-05-02,0.868923
2008-05-03,0.868998
2008-05-04,0.869943
2008-05-05,0.868998
2008-05-06,0.8251912733670457
2008-05-07,0.8262811073253636
2008-05-08,0.8283679123789947
2008-05-09,0.8286510404989641
2008-05-10,0.8277908236399978
2008-05-11,0.8267245051450858
2008-05-12,0.8268120383908317
2008-05-13,0.8277683131109255
2008-05-14,0.8294630690239897
2008-05-15,0.8306987917252175
2008-05-16,0.8310174529371062
2008-05-17,0.831152176513041
2008-05-18,0.8298013229900925
2008-05-19,0.8288150249904602
2008-05-20,0.8287754929529515
2008-05-21,0.8298411114591208
2008-05-22,0.8301941206334732
2008-05-23,0.8299341891701555
2008-05-24,0.8294947556431148
2008-05-25,0.8284018652983065
2008-05-26,0.8056179455732174
2008-05-27,0.8053569814532398
2008-05-28,0.806430687948149
2008-05-29,0.8063387745748248
2008-05-30,0.8060932309989315
2008-05-31,0.8068763451374763
2008-06-01,0.8068174559855282
2008-06-02,0.8052744590179984
2008-06-03,0.8043571203053949
2008-06-04,0.8044163213335154
2008-06-05,0.8046881248831326
2008-06-06,0.8065484870437898
2008-06-07,0.8087782284125645
2008-06-08,0.8099730606822879
2008-06-09,0.8102254655339762
2008-06-10,0.8104222801905632
2008-06-11,0.8103766561718185
2008-06-12,0.8095525268513002
2008-06-13,0.807309347084782
2008-06-14,0.8050095098135943
2008-06-15,0.8047284955210162
2008-06-16,0.8060219776893895
2008-06-17,0.8086522165777147
2008-06-18,0.8111568317437603
2008-06-19,0.8120662973156538
2008-06-20,0.8116043740512857
2008-06-21,0.8091727379096032
2008-06-22,0.8070222962556207
2008-06-23,0.8062674173065588
2008-06-24,0.8074425944468336
2008-06-25,0.815508
2008-06-26,0.815508
2008-06-27,0.816395
2008-06-28,0.820105
2008-06-29,0.820105
2008-06-30,0.815694
2008-07-01,0.813438
2008-07-02,0.813008
2008-07-03,0.812942
2008-07-04,0.812942
2008-07-05,0.811359
2008-07-06,0.806452
2008-07-07,0.793556
2008-07-08,0.787092
2008-07-09,0.786658
2008-07-10,0.786751
2008-07-11,0.777273
2008-07-12,0.8087302064125824
2008-07-13,0.762827238688608
2008-07-14,0.7631273016847439
2008-07-15,0.7633878049210444
2008-07-16,0.7624605624073189
2008-07-17,0.7612217833196006
2008-07-18,0.7611795275635188
2008-07-19,0.7625690675930195
2008-07-20,0.7622721441503535
2008-07-21,0.762449747234715
2008-07-22,0.7629942934277578
2008-07-23,0.7635162493900397
2008-07-24,0.7640743344742594
2008-07-25,0.7644574293033849
2008-07-26,0.7658556810739705
2008-07-27,0.7666812935389535
2008-07-28,0.7665074260380802
2008-07-29,0.7662419327830198
2008-07-30,0.7661354409312771
2008-07-31,0.765600500524347
2008-08-01,0.764257405787512
2008-08-02,0.7647893383220229
2008-08-03,0.7665783882631945
2008-08-04,0.7689726685699941
2008-08-05,0.770680024280427
2008-08-06,0.771781397657127
2008-08-07,0.7711660035935667
2008-08-08,0.7699645456878232
2008-08-09,0.7682259884989779
2008-08-10,0.7675441544148044
2008-08-11,0.7681282395759375
2008-08-12,0.7711592809294041
2008-08-13,0.7726874949663578
2008-08-14,0.7721973954224505
2008-08-15,0.7704085949822168
2008-08-16,0.7704606505806965
2008-08-17,0.7715090673833074
2008-08-18,0.7721812922160775
2008-08-19,0.7729830045703752
2008-08-20,0.7724415390208584
2008-08-21,0.7733991305514583
2008-08-22,0.7727167732083731
2008-08-23,0.7716003292819601
2008-08-24,0.7722166035293851
2008-08-25,0.7739184875456362
2008-08-26,0.7742662606655816
2008-08-27,0.7745705894346988
2008-08-28,0.7737264238027435
2008-08-29,0.7730013983339705
2008-08-30,0.753499791663943
2008-08-31,0.785947
2008-09-01,0.785268
2008-09-02,0.788364
2008-09-03,0.788457
2008-09-04,0.788457
2008-09-05,0.786133
2008-09-06,0.78064
2008-09-07,0.7486987663993163
2008-09-08,0.7490587408081878
2008-09-09,0.7507151324867447
2008-09-10,0.7528297257073447
2008-09-11,0.7537918221159917
2008-09-12,0.7543712811138995
2008-09-13,0.7542932808831593
2008-09-14,0.7541260667406325
2008-09-15,0.7545352621401047
2008-09-16,0.754693258609089
2008-09-17,0.7527449265760443
2008-09-18,0.7504368696350661
2008-09-19,0.7497116119918092
2008-09-20,0.7503893397063784
2008-09-21,0.7534694599735228
2008-09-22,0.756779564660844
2008-09-23,0.7575387578969587
2008-09-24,0.7565146431787664
2008-09-25,0.7543182101852138
2008-09-26,0.7525331383978868
2008-09-27,0.7531062524483298
2008-09-28,0.7550434401061442
2008-09-29,0.7583995881123976
2008-09-30,0.7590743183504199
2008-10-01,0.7560848847436545
2008-10-02,0.7534992788009037
2008-10-03,0.7528132517148556
2008-10-04,0.7542890359019226
2008-10-05,0.7562258874265289
2008-10-06,0.7572582980509094
2008-10-07,0.7570758193023845
2008-10-08,0.7578182925103629
2008-10-09,0.757327579609983
2008-10-10,0.7567749696852359
2008-10-11,0.7584169180317157
2008-10-12,0.7611939293121063
2008-10-13,0.7614715302932411
2008-10-14,0.7606101040477836
2008-10-15,0.7593904602958931
2008-10-16,0.7587550229903138
2008-10-17,0.7540477234461026
2008-10-18,0.7533018819754613
2008-10-19,0.7528693443771236
2008-10-20,0.7526585542027181
2008-10-21,0.7525358309288427
2008-10-22,0.7531504695590076
2008-10-23,0.7526964021088953
2008-10-24,0.7496166664890305
2008-10-25,0.7476056889288045
2008-10-26,0.7476281336173516
2008-10-27,0.77915
2008-10-28,0.777393
2008-10-29,0.769349
2008-10-30,0.757146
2008-10-31,0.755687
2008-11-01,0.7473
2008-11-02,0.745684
2008-11-03,0.745684
2008-11-04,0.742363
2008-11-05,0.746018
2008-11-06,0.745796
2008-11-07,0.725716
2008-11-08,0.724743
2008-11-09,0.726137
2008-11-10,0.726137
2008-11-11,0.729341
2008-11-12,0.729341
2008-11-13,0.737246
2008-11-14,0.738253
2008-11-15,0.736947
2008-11-16,0.736675
2008-11-17,0.7580318618479944
2008-11-18,0.7562894304640286
2008-11-19,0.7535504403543556
2008-11-20,0.752989894913664
2008-11-21,0.7544542297799098
2008-11-22,0.756291436867405
2008-11-23,0.7576090478556567
2008-11-24,0.7579369302063788
2008-11-25,0.7592574451083254
2008-11-26,0.7586853706451241
2008-11-27,0.7570262656438664
2008-11-28,0.7576290252571501
2008-11-29,0.7593408962415026
2008-11-30,0.7592008083954009
2008-12-01,0.7585784387014491
2008-12-02,0.7576765794428736
2008-12-03,0.7572165932760657
2008-12-04,0.7423228496305865
2008-12-05,0.7421015700209129
2008-12-06,0.741227148934935
2008-12-07,0.7395583861682026
2008-12-08,0.738307589451971
2008-12-09,0.7390165117143708
2008-12-10,0.7399549679091428
2008-12-11,0.7390270565942918
2008-12-12,0.7389298725136526
2008-12-13,0.7388932132022217
2008-12-14,0.7394792319956242
2008-12-15,0.7412296162219885
2008-12-16,0.7444696873821314
2008-12-17,0.745941808756817
2008-12-18,0.7450756489241194
2008-12-19,0.7441561409394715
2008-12-20,0.7431408592475424
2008-12-21,0.7432427630542586
2008-12-22,0.7416671230473413
2008-12-23,0.7394558586091413
2008-12-24,0.7399295638622481
2008-12-25,0.7412704061600596
2008-12-26,0.7444701517310993
2008-12-27,0.7484994705945126
2008-12-28,0.7504011043686629
2008-12-29,0.7503328520009586
2008-12-30,0.7482500666846619
2008-12-31,0.7456117398075968
2009-01-01,0.7440984473128514
2009-01-02,0.7444401700350505
2009-01-03,0.7481901829942527
2009-01-04,0.7507589961377603
2009-01-05,0.7500131269447926
2009-01-06,0.751625
2009-01-07,0.747524
2009-01-08,0.74744
2009-01-09,0.748503
2009-01-10,0.759619
2009-01-11,0.759157
2009-01-12,0.759157
2009-01-13,0.748004834984941
2009-01-14,0.7468454041260861
2009-01-15,0.7475309807243297
2009-01-16,0.7495200957648638
2009-01-17,0.7497923255452501
2009-01-18,0.7495558818230118
2009-01-19,0.7481372333507452
2009-01-20,0.7476484818049612
2009-01-21,0.7257981841939706
2009-01-22,0.7261749202144681
2009-01-23,0.7264538691937261
2009-01-24,0.7248356858115902
2009-01-25,0.7236258107144803
2009-01-26,0.7227340181256946
2009-01-27,0.7232226934350809
2009-01-28,0.7230079822841291
2009-01-29,0.7234064612717854
2009-01-30,0.7237256145549684
2009-01-31,0.7233289704387936
2009-02-01,0.724682800646544
2009-02-02,0.7264333893250658
2009-02-03,0.728219971979184
2009-02-04,0.7286632346525648
2009-02-05,0.728647287384278
2009-02-06,0.7278029831406904
2009-02-07,0.7275419774372229
2009-02-08,0.726571990561412
2009-02-09,0.7245078121240952
2009-02-10,0.7253569816359737
2009-02-11,0.7270208566100251
2009-02-12,0.7295931974195726
2009-02-13,0.7320733510978225
2009-02-14,0.7334893312961688
2009-02-15,0.7333973486170287
2009-02-16,0.7320522890603068
2009-02-17,0.7301138885507106
2009-02-18,0.7295523832244659
2009-02-19,0.7302612223198864
2009-02-20,0.7329769118141836
2009-02-21,0.7350536848509327
2009-02-22,0.7347617514270265
2009-02-23,0.732432272058289
2009-02-24,0.7312719748767329
2009-02-25,0.7316096847921791
2009-02-26,0.7325799974053259
2009-02-27,0.7332371828760001
2009-02-28,0.732871771425855
2009-03-01,0.7333223562587077
2009-03-02,0.7335575316845111
2009-03-03,0.7324606077412052
2009-03-04,0.723563
2009-03-05,0.722752
2009-03-06,0.716589
2009-03-07,0.710682
2009-03-08,0.710707
2009-03-09,0.71053
2009-03-10,0.709421
2009-03-11,0.718933
2009-03-12,0.714566
2009-03-13,0.711136
2009-03-14,0.704771
2009-03-15,0.704573
2009-03-16,0.704573
2009-03-17,0.71144
2009-03-18,0.713572
2009-03-19,0.72015
2009-03-20,0.699496
2009-03-21,0.699374
2009-03-22,0.698348
2009-03-23,0.698348
2009-03-24,0.700084
2009-03-25,0.698666
2009-03-26,0.7111852434583305
2009-03-27,0.7106095616274006
2009-03-28,0.7093192536654052
2009-03-29,0.7076551742391963
2009-03-30,0.7080008768478855
2009-03-31,0.7084769038458318
2009-04-01,0.7107799343824966
2009-04-02,0.7140249522452643
2009-04-03,0.7153757260665243
2009-04-04,0.7153796262513258
2009-04-05,0.714158251586678
2009-04-06,0.7119116931616244
2009-04-07,0.7118877791897759
2009-04-08,0.7124259908312263
2009-04-09,0.715553450436064
2009-04-10,0.7176682515741124
2009-04-11,0.7171315611953255
2009-04-12,0.714733697777833
2009-04-13,0.713516129735135
2009-04-14,0.7140130420407659
2009-04-15,0.7156678258243891
2009-04-16,0.7159041447961584
2009-04-17,0.7151544429915598
2009-04-18,0.715281983019655
2009-04-19,0.7149346950404223
2009-04-20,0.7142553732920827
2009-04-21,0.7158299217323962
2009-04-22,0.7186900514780465
2009-04-23,0.7195362443051232
2009-04-24,0.7193475141719854
2009-04-25,0.7170716601784624
2009-04-26,0.7161570763720491
2009-04-27,0.6860191771421971
2009-04-28,0.6859702108504705
2009-04-29,0.684981708925886
2009-04-30,0.6830723267614947
2009-05-01,0.6818361397112989
2009-05-02,0.6814529218643498
2009-05-03,0.6822114948134103
2009-05-04,0.6823670101341779
2009-05-05,0.6829752760945514
2009-05-06,0.6834495202003784
2009-05-07,0.6828623093469388
2009-05-08,0.6840289150904063
2009-05-09,0.6859483483307789
2009-05-10,0.6871169414185233
2009-05-11,0.6874277260244112
2009-05-12,0.686843037902678
2009-05-13,0.6865322931476343
2009-05-14,0.6859843908204465
2009-05-15,0.6549
2009-05-16,0.661266
2009-05-17,0.662076
2009-05-18,0.662076
2009-05-19,0.661638
2009-05-20,0.6923007357749396
2009-05-21,0.6932046083674731
2009-05-22,0.6930685160016702
2009-05-23,0.6926667501856849
2009-05-24,0.6906380112774356
2009-05-25,0.6896332536736827
2009-05-26,0.6898962605825902
2009-05-27,0.6924589332307906
2009-05-28,0.6944004195818491
2009-05-29,0.6940432381973669
2009-05-30,0.6914619396110873
2009-05-31,0.6897993329334706
2009-06-01,0.6898690805741576
2009-06-02,0.690382657463272
2009-06-03,0.6903090027072019
2009-06-04,0.6893418954880502
2009-06-05,0.6898690753762214
2009-06-06,0.6902583540167893
2009-06-07,0.6901645260702951
2009-06-08,0.6917075507601513
2009-06-09,0.6933692304724774
2009-06-10,0.6944235105471313
2009-06-11,0.6932869211526207
2009-06-12,0.6913770001355091
2009-06-13,0.6910484992303783
2009-06-14,0.6575424395636957
2009-06-15,0.6586365167706049
2009-06-16,0.6585932092987636
2009-06-17,0.6577832010382776
2009-06-18,0.6574037690215335
2009-06-19,0.6563631352620716
2009-06-20,0.6561612786073626
2009-06-21,0.6562468574290943
2009-06-22,0.6564327286973177
2009-06-23,0.6566926428341814
2009-06-24,0.6559560952734804
2009-06-25,0.657665450456708
2009-06-26,0.6587015169628884
2009-06-27,0.6595974575047682
2009-06-28,0.6599701443329594
2009-06-29,0.6589530017798677
2009-06-30,0.6588252191814163
2009-07-01,0.6592030207788364
2009-07-02,0.657971451228639
2009-07-03,0.6570790366201537
2009-07-04,0.6579822577380158
2009-07-05,0.659789904162295
2009-07-06,0.6619732764748018
2009-07-07,0.6645711893978482
2009-07-08,0.6653111242803116
2009-07-09,0.639509
2009-07-10,0.639795
2009-07-11,0.642653
2009-07-12,0.644517
2009-07-13,0.644517
2009-07-14,0.649393
2009-07-15,0.653531
2009-07-16,0.661835
2009-07-17,0.66368
2009-07-18,0.670399
2009-07-19,0.669232
2009-07-20,0.669232
2009-07-21,0.673446
2009-07-22,0.66865
2009-07-23,0.676613
2009-07-24,0.687002
2009-07-25,0.680156
2009-07-26,0.680944
2009-07-27,0.680944
2009-07-28,0.680064
2009-07-29,0.675858
2009-07-30,0.673151
2009-07-31,0.678058
2009-08-01,0.674787
2009-08-02,0.675151
2009-08-03,0.675333
2009-08-04,0.679117
2009-08-05,0.678702
2009-08-06,0.671795
2009-08-07,0.668047
2009-08-08,0.676201
2009-08-09,0.677438
2009-08-10,0.677438
2009-08-11,0.67465
2009-08-12,0.667401
2009-08-13,0.657787
2009-08-14,0.662647
2009-08-15,0.65136
2009-08-16,0.652443
2009-08-17,0.652443
2009-08-18,0.653787
2009-08-19,0.652891
2009-08-20,0.65606
2009-08-21,0.653659
2009-08-22,0.652699
2009-08-23,0.654643
2009-08-24,0.654643
2009-08-25,0.648887
2009-08-26,0.646057
2009-08-27,0.643646
2009-08-28,0.65796
2009-08-29,0.655996
2009-08-30,0.656319
2009-08-31,0.656319
2009-09-01,0.65119
2009-09-02,0.653232
2009-09-03,0.657052
2009-09-04,0.657397
2009-09-05,0.653296
2009-09-06,0.653445
2009-09-07,0.653445
2009-09-08,0.657592
2009-09-09,0.667646
2009-09-10,0.66335
2009-09-11,0.663416
2009-09-12,0.675402
2009-09-13,0.674559
2009-09-14,0.674559
2009-09-15,0.664651
2009-09-16,0.66368
2009-09-17,0.662537
2009-09-18,0.676521
2009-09-19,0.672382
2009-09-20,0.671862
2009-09-21,0.671862
2009-09-22,0.677094
2009-09-23,0.6749
2009-09-24,0.677048
2009-09-25,0.669411
2009-09-26,0.675105
2009-09-27,0.672721
2009-09-28,0.672721
2009-09-29,0.676956
2009-09-30,0.680944
2009-10-01,0.678656
2009-10-02,0.684065
2009-10-03,0.682827
2009-10-04,0.684065
2009-10-05,0.684065
2009-10-06,0.685096
2009-10-07,0.687238
2009-10-08,0.683644
2009-10-09,0.684018
2009-10-10,0.68465
2009-10-11,0.684252
2009-10-12,0.684252
2009-10-13,0.673197
2009-10-14,0.66986
2009-10-15,0.663812
2009-10-16,0.665048
2009-10-17,0.65563
2009-10-18,0.654322
2009-10-19,0.654322
2009-10-20,0.6546
2009-10-21,0.651742
2009-10-22,0.656146
2009-10-23,0.646392
2009-10-24,0.643211
2009-10-25,0.64658
2009-10-26,0.64658
2009-10-27,0.644247
2009-10-28,0.648803
2009-10-29,0.639039
2009-10-30,0.649625
2009-10-31,0.647941
2009-11-01,0.649266
2009-11-02,0.649266
2009-11-03,0.647249
2009-11-04,0.649393
2009-11-05,0.652933
2009-11-06,0.646998
2009-11-07,0.6466
2009-11-08,0.648424
2009-11-09,0.648424
2009-11-10,0.651232
2009-11-11,0.649161
2009-11-12,0.665624
2009-11-13,0.673106
2009-11-14,0.662361
2009-11-15,0.662954
2009-11-16,0.662954
2009-11-17,0.663504
2009-11-18,0.666045
2009-11-19,0.664386
2009-11-20,0.668248
2009-11-21,0.662888
2009-11-22,0.662669
2009-11-23,0.662669
2009-11-24,0.665447
2009-11-25,0.656534
2009-11-26,0.662888
2009-11-27,0.661704
2009-11-28,0.661354
2009-11-29,0.662954
2009-11-30,0.662954
2009-12-01,0.672156
2009-12-02,0.666333
2009-12-03,0.663196
2009-12-04,0.669411
2009-12-05,0.66368
2009-12-06,0.662954
2009-12-07,0.662954
2009-12-08,0.6595
2009-12-09,0.661967
2009-12-10,0.664253
2009-12-11,0.674445
2009-12-12,0.680342
2009-12-13,0.682035
2009-12-14,0.682035
2009-12-15,0.679856
2009-12-16,0.67595
2009-12-17,0.67974
2009-12-18,0.666045
2009-12-19,0.676659
2009-12-20,0.674491
2009-12-21,0.674491
2009-12-22,0.668025
2009-12-23,0.659304
2009-12-24,0.659391
2009-12-25,0.684838
2009-12-26,0.680342
2009-12-27,0.679648
2009-12-28,0.679648
2009-12-29,0.67506
2009-12-30,0.674514
2009-12-31,0.66986
2010-01-01,0.669591
2010-01-02,0.668405
2010-01-03,0.668695
2010-01-04,0.668695
2010-01-05,0.671885
2010-01-06,0.684556
2010-01-07,0.691085
2010-01-08,0.692113
2010-01-09,0.690179
2010-01-10,0.690417
2010-01-11,0.69025
2010-01-12,0.684627
2010-01-13,0.67891
2010-01-14,0.682198
2010-01-15,0.677209
2010-01-16,0.680897
2010-01-17,0.680851
2010-01-18,0.680851
2010-01-19,0.686059
2010-01-20,0.69056
2010-01-21,0.691611
2010-01-22,0.687002
2010-01-23,0.691491
2010-01-24,0.69197
2010-01-25,0.69197
2010-01-26,0.694686
2010-01-27,0.703878
2010-01-28,0.698812
2010-01-29,0.690989
2010-01-30,0.684767
2010-01-31,0.685307
2010-02-01,0.685307
2010-02-02,0.684744
2010-02-03,0.68861
2010-02-04,0.685495
2010-02-05,0.697934
2010-02-06,0.697107
2010-02-07,0.697739
2010-02-08,0.697739
2010-02-09,0.701705
2010-02-10,0.693433
2010-02-11,0.686908
2010-02-12,0.68835
2010-02-13,0.684346
2010-02-14,0.683878
2010-02-15,0.683878
2010-02-16,0.676888
2010-02-17,0.675083
2010-02-18,0.683924
2010-02-19,0.681199
2010-02-20,0.678196
2010-02-21,0.676842
2010-02-22,0.676842
2010-02-23,0.679509
2010-02-24,0.682012
2010-02-25,0.679833
2010-02-26,0.674946
2010-02-27,0.676842
2010-02-28,0.676498
2010-03-01,0.676247
2010-03-02,0.676842
2010-03-03,0.673197
2010-03-04,0.676064
2010-03-05,0.67365
2010-03-06,0.670488
2010-03-07,0.669411
2010-03-08,0.669546
2010-03-09,0.669905
2010-03-10,0.676384
2010-03-11,0.681849
2010-03-12,0.681129
2010-03-13,0.693914
2010-03-14,0.695628
2010-03-15,0.695628
2010-03-16,0.693241
2010-03-17,0.696961
2010-03-18,0.702149
2010-03-19,0.712555
2010-03-20,0.704523
2010-03-21,0.705567
2010-03-22,0.705567
2010-03-23,0.705517
2010-03-24,0.699888
2010-03-25,0.703087
2010-03-26,0.704449
2010-03-27,0.706414
2010-03-28,0.705442
2010-03-29,0.705069
2010-03-30,0.711187
2010-03-31,0.712911
2010-04-01,0.71582
2010-04-02,0.724113
2010-04-03,0.713318
2010-04-04,0.713318
2010-04-05,0.713318
2010-04-06,0.699399
2010-04-07,0.702889
2010-04-08,0.71048
2010-04-09,0.711288
2010-04-10,0.716435
2010-04-11,0.717952
2010-04-12,0.717952
2010-04-13,0.722961
2010-04-14,0.714235
2010-04-15,0.711238
2010-04-16,0.722648
2010-04-17,0.72873
2010-04-18,0.730647
2010-04-19,0.730647
2010-04-20,0.721917
2010-04-21,0.731904
2010-04-22,0.728651
2010-04-23,0.720773
2010-04-24,0.714235
2010-04-25,0.711642
2010-04-26,0.711642
2010-04-27,0.710858
2010-04-28,0.704597
2010-04-29,0.702321
2010-04-30,0.697569
2010-05-01,0.699081
2010-05-02,0.700158
2010-05-03,0.700158
2010-05-04,0.699252
2010-05-05,0.703755
2010-05-06,0.705069
2010-05-07,0.707064
2010-05-08,0.721527
2010-05-09,0.720357
2010-05-10,0.720357
2010-05-11,0.719243
2010-05-12,0.723615
2010-05-13,0.714898
2010-05-14,0.717901
2010-05-15,0.714031
2010-05-16,0.713801
2010-05-17,0.713801
2010-05-18,0.714184
2010-05-19,0.715871
2010-05-20,0.722022
2010-05-21,0.72197
2010-05-22,0.719476
2010-05-23,0.719709
2010-05-24,0.719709
2010-05-25,0.721215
2010-05-26,0.728465
2010-05-27,0.722831
2010-05-28,0.72873
2010-05-29,0.726085
2010-05-30,0.727405
2010-05-31,0.727405
2010-06-01,0.727379
2010-06-02,0.730994
2010-06-03,0.729625
2010-06-04,0.729581
2010-06-05,0.72619
2010-06-06,0.723798
2010-06-07,0.723956
2010-06-08,0.7259
2010-06-09,0.721189
2010-06-10,0.7259
2010-06-11,0.728412
2010-06-12,0.729208
2010-06-13,0.730353
2010-06-14,0.729501
2010-06-15,0.730807
2010-06-16,0.741812
2010-06-17,0.744685
2010-06-18,0.739208
2010-06-19,0.733192
2010-06-20,0.732091
2010-06-21,0.731957
2010-06-22,0.726111
2010-06-23,0.726348
2010-06-24,0.729076
2010-06-25,0.731074
2010-06-26,0.726401
2010-06-27,0.726559
2010-06-28,0.726401
2010-06-29,0.730007
2010-06-30,0.730727
2010-07-01,0.731609
2010-07-02,0.730994
2010-07-03,0.723014
2010-07-04,0.72469
2010-07-05,0.72469
2010-07-06,0.728226
2010-07-07,0.730034
2010-07-08,0.725426
2010-07-09,0.725979
2010-07-10,0.728783
2010-07-11,0.728385
2010-07-12,0.728518
2010-07-13,0.726956
2010-07-14,0.722308
2010-07-15,0.717772
2010-07-16,0.715359
2010-07-17,0.71347
2010-07-18,0.716307
2010-07-19,0.713216
2010-07-20,0.704945
2010-07-21,0.707114
2010-07-22,0.709698
2010-07-23,0.710631
2010-07-24,0.708667
2010-07-25,0.708717
2010-07-26,0.713267
2010-07-27,0.720487
2010-07-28,0.722961
2010-07-29,0.720098
2010-07-30,0.715922
2010-07-31,0.716384
2010-08-01,0.716384
2010-08-02,0.71286
2010-08-03,0.716435
2010-08-04,0.715615
2010-08-05,0.711642
2010-08-06,0.714796
2010-08-07,0.716692
2010-08-08,0.716486
2010-08-09,0.714439
2010-08-10,0.715768
2010-08-11,0.730407
2010-08-12,0.732547
2010-08-13,0.732493
2010-08-14,0.732896
2010-08-15,0.732789
2010-08-16,0.732225
2010-08-17,0.735889
2010-08-18,0.729501
2010-08-19,0.720409
2010-08-20,0.713521
2010-08-21,0.711845
2010-08-22,0.711845
2010-08-23,0.708265
2010-08-24,0.708291
2010-08-25,0.707364
2010-08-26,0.705916
2010-08-27,0.70279
2010-08-28,0.701656
2010-08-29,0.700795
2010-08-30,0.705393
2010-08-31,0.704722
2010-09-01,0.700697
2010-09-02,0.70055
2010-09-03,0.704399
2010-09-04,0.704349
2010-09-05,0.7043
2010-09-06,0.706714
2010-09-07,0.711288
2010-09-08,0.708015
2010-09-09,0.706814
2010-09-10,0.713496
2010-09-11,0.714184
2010-09-12,0.714184
2010-09-13,0.713216
2010-09-14,0.711592
2010-09-15,0.715615
2010-09-16,0.716153
2010-09-17,0.713903
2010-09-18,0.713547
2010-09-19,0.713598
2010-09-20,0.718856
2010-09-21,0.720617
2010-09-22,0.723014
2010-09-23,0.701238
2010-09-24,0.698666
2010-09-25,0.696088
2010-09-26,0.696088
2010-09-27,0.695217
2010-09-28,0.691683
2010-09-29,0.690322
2010-09-30,0.690655
2010-10-01,0.687191
2010-10-02,0.687687
2010-10-03,0.687687
2010-10-04,0.690846
2010-10-05,0.688753
2010-10-06,0.690846
2010-10-07,0.695701
2010-10-08,0.695943
2010-10-09,0.692689
2010-10-10,0.692689
