metric,value
eval_data,datasets\Impute\MCAR_005\backward\ETTh1_MCAR_005_medium.csv
clean_data,datasets\ori\ETTh1.csv
freq,H
term,medium
prediction_length,480
windows,4
MSE[mean],8.27382100423177
MSE[0.5],8.165792846679688
MAE[0.5],2.2007787068684896
MASE[0.5],1.0038160471119644
MAPE[0.5],0.24909761746724446
sMAPE[0.5],0.23820822340050413
MSIS,10.061572114717
RMSE[mean],2.8764250388688684
NRMSE[mean],0.30165341255795564
ND[0.5],0.23079774311547058
mean_weighted_sum_quantile_loss,0.18864061933800638
