metric,value
eval_data,datasets\Impute\MCAR_005\backward\ETTm1_MCAR_005_medium.csv
clean_data,datasets\ori\ETTm1.csv
freq,T
term,medium
prediction_length,480
windows,15
MSE[mean],7.660285373263889
MSE[0.5],7.760423177083333
MAE[0.5],2.0601706271701388
MASE[0.5],0.554104458890687
MAPE[0.5],0.2432650417751736
sMAPE[0.5],0.2202731636532119
MSIS,6.263793487885317
RMSE[mean],2.767722054915177
NRMSE[mean],0.2878684796129526
ND[0.5],0.21427664137499763
mean_weighted_sum_quantile_loss,0.1779377525690054
