metric,value
eval_data,datasets\Impute\MCAR_005\backward\ETTm2_MCAR_005_long.csv
clean_data,datasets\ori\ETTm2.csv
freq,T
term,long
prediction_length,720
windows,10
MSE[mean],25.48130859375
MSE[0.5],25.827977430555556
MAE[0.5],3.9527910698784723
MASE[0.5],0.6610327065338901
MAPE[0.5],0.12246757507324219
sMAPE[0.5],0.12121967478663007
MSIS,5.973155406917399
RMSE[mean],5.04790140491571
NRMSE[mean],0.1524908972073905
ND[0.5],0.11940895995554696
mean_weighted_sum_quantile_loss,0.09687109767146895
