date,OT
2016-07-01 02:00:00,2162.0
2016-07-01 03:00:00,2835.0
2016-07-01 04:00:00,2764.0
2016-07-01 05:00:00,2735.0
2016-07-01 06:00:00,2721.0
2016-07-01 07:00:00,2742.0
2016-07-01 08:00:00,2716.0
2016-07-01 09:00:00,2716.0
2016-07-01 10:00:00,2680.0
2016-07-01 11:00:00,2581.0
2016-07-01 12:00:00,2600.0
2016-07-01 13:00:00,2637.0
2016-07-01 14:00:00,2665.0
2016-07-01 15:00:00,2737.0
2016-07-01 16:00:00,2812.0
2016-07-01 17:00:00,2807.0
2016-07-01 18:00:00,2823.0
2016-07-01 19:00:00,2854.0
2016-07-01 20:00:00,2946.0
2016-07-01 21:00:00,3003.0
2016-07-01 22:00:00,2964.0
2016-07-01 23:00:00,2921.0
2016-07-02 00:00:00,2887.0
2016-07-02 01:00:00,2820.0
2016-07-02 02:00:00,2785.0
2016-07-02 03:00:00,2818.0
2016-07-02 04:00:00,2820.0
2016-07-02 05:00:00,2834.0
2016-07-02 06:00:00,2852.0
2016-07-02 07:00:00,2798.0
2016-07-02 08:00:00,2746.0
2016-07-02 09:00:00,3003.0
2016-07-02 10:00:00,3061.0
2016-07-02 11:00:00,3350.0
2016-07-02 12:00:00,3469.0
2016-07-02 13:00:00,3505.0
2016-07-02 14:00:00,3586.0
2016-07-02 15:00:00,3506.0
2016-07-02 16:00:00,3421.0
2016-07-02 17:00:00,3380.0
2016-07-02 18:00:00,3410.0
2016-07-02 19:00:00,3486.0
2016-07-02 20:00:00,3472.0
2016-07-02 21:00:00,3308.0
2016-07-02 22:00:00,3203.0
2016-07-02 23:00:00,3301.0
2016-07-03 00:00:00,3537.0
2016-07-03 01:00:00,3703.0
2016-07-03 02:00:00,3502.0
2016-07-03 03:00:00,3376.0
2016-07-03 04:00:00,3177.0
2016-07-03 05:00:00,2996.0
2016-07-03 06:00:00,2928.0
2016-07-03 07:00:00,2941.0
2016-07-03 08:00:00,2965.0
2016-07-03 09:00:00,3041.0
2016-07-03 10:00:00,3073.0
2016-07-03 11:00:00,3311.0
2016-07-03 12:00:00,3450.0
2016-07-03 13:00:00,3431.0
2016-07-03 14:00:00,3470.0
2016-07-03 15:00:00,3498.0
2016-07-03 16:00:00,3460.0
2016-07-03 17:00:00,3481.0
2016-07-03 18:00:00,3483.0
2016-07-03 19:00:00,3575.0
2016-07-03 20:00:00,3560.0
2016-07-03 21:00:00,3595.0
2016-07-03 22:00:00,3404.0
2016-07-03 23:00:00,3403.0
2016-07-04 00:00:00,3572.0
2016-07-04 01:00:00,3681.0
2016-07-04 02:00:00,3495.0
2016-07-04 03:00:00,3419.0
2016-07-04 04:00:00,3242.0
2016-07-04 05:00:00,3049.0
2016-07-04 06:00:00,2925.0
2016-07-04 07:00:00,2907.0
2016-07-04 08:00:00,2823.0
2016-07-04 09:00:00,2905.0
2016-07-04 10:00:00,2952.0
2016-07-04 11:00:00,2989.0
2016-07-04 12:00:00,2821.0
2016-07-04 13:00:00,2884.0
2016-07-04 14:00:00,3111.0
2016-07-04 15:00:00,3486.0
2016-07-04 16:00:00,3379.0
2016-07-04 17:00:00,3317.0
2016-07-04 18:00:00,2959.0
2016-07-04 19:00:00,3073.0
2016-07-04 20:00:00,3633.0
2016-07-04 21:00:00,3612.0
2016-07-04 22:00:00,3332.0
2016-07-04 23:00:00,3436.0
2016-07-05 00:00:00,3417.0
2016-07-05 01:00:00,3514.0
2016-07-05 02:00:00,3369.0
2016-07-05 03:00:00,3223.0
2016-07-05 04:00:00,3049.0
2016-07-05 05:00:00,2960.0
2016-07-05 06:00:00,2908.0
2016-07-05 07:00:00,2883.0
2016-07-05 08:00:00,2872.0
2016-07-05 09:00:00,3067.0
2016-07-05 10:00:00,3103.0
2016-07-05 11:00:00,3397.0
2016-07-05 12:00:00,3485.0
2016-07-05 13:00:00,3473.0
2016-07-05 14:00:00,3468.0
2016-07-05 15:00:00,3476.0
2016-07-05 16:00:00,3390.0
2016-07-05 17:00:00,3037.0
2016-07-05 18:00:00,3476.0
2016-07-05 19:00:00,3751.0
2016-07-05 20:00:00,3619.0
2016-07-05 21:00:00,3549.0
2016-07-05 22:00:00,3348.0
2016-07-05 23:00:00,3471.0
2016-07-06 00:00:00,3638.0
2016-07-06 01:00:00,3876.0
2016-07-06 02:00:00,3724.0
2016-07-06 03:00:00,3566.0
2016-07-06 04:00:00,3383.0
2016-07-06 05:00:00,3178.0
2016-07-06 06:00:00,3080.0
2016-07-06 07:00:00,3043.0
2016-07-06 08:00:00,2982.0
2016-07-06 09:00:00,3127.0
2016-07-06 10:00:00,3044.0
2016-07-06 11:00:00,3198.0
2016-07-06 12:00:00,3337.0
2016-07-06 13:00:00,3396.0
2016-07-06 14:00:00,3488.0
2016-07-06 15:00:00,3396.0
2016-07-06 16:00:00,3340.0
2016-07-06 17:00:00,3444.0
2016-07-06 18:00:00,3436.0
2016-07-06 19:00:00,3555.0
2016-07-06 20:00:00,3505.0
2016-07-06 21:00:00,3450.0
2016-07-06 22:00:00,3297.0
2016-07-06 23:00:00,3401.0
2016-07-07 00:00:00,3670.0
2016-07-07 01:00:00,3876.0
2016-07-07 02:00:00,3549.0
2016-07-07 03:00:00,3398.0
2016-07-07 04:00:00,3223.0
2016-07-07 05:00:00,3111.0
2016-07-07 06:00:00,3003.0
2016-07-07 07:00:00,2935.0
2016-07-07 08:00:00,2840.0
2016-07-07 09:00:00,2920.0
2016-07-07 10:00:00,2999.0
2016-07-07 11:00:00,3000.0
2016-07-07 12:00:00,3019.0
2016-07-07 13:00:00,2999.0
2016-07-07 14:00:00,3116.0
2016-07-07 15:00:00,3097.0
2016-07-07 16:00:00,3069.0
2016-07-07 17:00:00,3073.0
2016-07-07 18:00:00,3038.0
2016-07-07 19:00:00,3044.0
2016-07-07 20:00:00,3107.0
2016-07-07 21:00:00,3237.0
2016-07-07 22:00:00,3114.0
2016-07-07 23:00:00,3232.0
2016-07-08 00:00:00,3413.0
2016-07-08 01:00:00,3482.0
2016-07-08 02:00:00,3260.0
2016-07-08 03:00:00,3098.0
2016-07-08 04:00:00,2954.0
2016-07-08 05:00:00,2925.0
2016-07-08 06:00:00,2855.0
2016-07-08 07:00:00,2819.0
2016-07-08 08:00:00,2818.0
2016-07-08 09:00:00,2815.0
2016-07-08 10:00:00,2769.0
2016-07-08 11:00:00,2714.0
2016-07-08 12:00:00,2709.0
2016-07-08 13:00:00,2761.0
2016-07-08 14:00:00,2763.0
2016-07-08 15:00:00,2834.0
2016-07-08 16:00:00,2890.0
2016-07-08 17:00:00,2863.0
2016-07-08 18:00:00,2800.0
2016-07-08 19:00:00,2825.0
2016-07-08 20:00:00,2859.0
2016-07-08 21:00:00,2923.0
2016-07-08 22:00:00,2821.0
2016-07-08 23:00:00,2801.0
2016-07-09 00:00:00,2771.0
2016-07-09 01:00:00,2743.0
2016-07-09 02:00:00,2752.0
2016-07-09 03:00:00,2681.0
2016-07-09 04:00:00,2705.0
2016-07-09 05:00:00,2680.0
2016-07-09 06:00:00,2608.0
2016-07-09 07:00:00,2700.0
2016-07-09 08:00:00,2702.0
2016-07-09 09:00:00,2784.0
2016-07-09 10:00:00,2820.0
2016-07-09 11:00:00,3286.0
2016-07-09 12:00:00,3350.0
2016-07-09 13:00:00,3366.0
2016-07-09 14:00:00,3500.0
2016-07-09 15:00:00,3380.0
2016-07-09 16:00:00,3311.0
2016-07-09 17:00:00,3310.0
2016-07-09 18:00:00,3375.0
2016-07-09 19:00:00,3468.0
2016-07-09 20:00:00,3419.0
2016-07-09 21:00:00,3326.0
2016-07-09 22:00:00,3222.0
2016-07-09 23:00:00,3337.0
2016-07-10 00:00:00,3626.0
2016-07-10 01:00:00,3706.0
2016-07-10 02:00:00,3325.0
2016-07-10 03:00:00,3258.0
2016-07-10 04:00:00,3116.0
2016-07-10 05:00:00,2894.0
2016-07-10 06:00:00,2818.0
2016-07-10 07:00:00,2838.0
2016-07-10 08:00:00,2783.0
2016-07-10 09:00:00,2876.0
2016-07-10 10:00:00,2862.0
2016-07-10 11:00:00,3248.0
2016-07-10 12:00:00,3351.0
2016-07-10 13:00:00,3401.0
2016-07-10 14:00:00,3581.0
2016-07-10 15:00:00,3500.0
2016-07-10 16:00:00,3390.0
2016-07-10 17:00:00,3297.0
2016-07-10 18:00:00,3314.0
2016-07-10 19:00:00,3458.0
2016-07-10 20:00:00,3468.0
2016-07-10 21:00:00,3373.0
2016-07-10 22:00:00,3225.0
2016-07-10 23:00:00,3494.0
2016-07-11 00:00:00,3618.0
2016-07-11 01:00:00,3824.0
2016-07-11 02:00:00,3610.0
2016-07-11 03:00:00,3463.0
2016-07-11 04:00:00,3293.0
2016-07-11 05:00:00,3095.0
2016-07-11 06:00:00,3001.0
2016-07-11 07:00:00,3000.0
2016-07-11 08:00:00,2943.0
2016-07-11 09:00:00,3001.0
2016-07-11 10:00:00,3000.0
2016-07-11 11:00:00,3231.0
2016-07-11 12:00:00,3355.0
2016-07-11 13:00:00,3317.0
2016-07-11 14:00:00,3507.0
2016-07-11 15:00:00,3511.0
2016-07-11 16:00:00,3267.0
2016-07-11 17:00:00,3349.0
2016-07-11 18:00:00,3514.0
2016-07-11 19:00:00,3631.0
2016-07-11 20:00:00,3486.0
2016-07-11 21:00:00,3567.0
2016-07-11 22:00:00,3404.0
2016-07-11 23:00:00,3617.0
2016-07-12 00:00:00,3533.0
2016-07-12 01:00:00,3720.0
2016-07-12 02:00:00,3496.0
2016-07-12 03:00:00,3359.0
2016-07-12 04:00:00,3202.0
2016-07-12 05:00:00,3080.0
2016-07-12 06:00:00,2964.0
2016-07-12 07:00:00,2962.0
2016-07-12 08:00:00,2893.0
2016-07-12 09:00:00,3008.0
2016-07-12 10:00:00,2956.0
2016-07-12 11:00:00,3314.0
2016-07-12 12:00:00,3456.0
2016-07-12 13:00:00,3474.0
2016-07-12 14:00:00,3532.0
2016-07-12 15:00:00,3460.0
2016-07-12 16:00:00,3399.0
2016-07-12 17:00:00,3501.0
2016-07-12 18:00:00,3474.0
2016-07-12 19:00:00,3591.0
2016-07-12 20:00:00,3557.0
2016-07-12 21:00:00,3512.0
2016-07-12 22:00:00,3377.0
2016-07-12 23:00:00,3490.0
2016-07-13 00:00:00,3637.0
2016-07-13 01:00:00,3787.0
2016-07-13 02:00:00,3597.0
2016-07-13 03:00:00,3596.0
2016-07-13 04:00:00,3307.0
2016-07-13 05:00:00,3130.0
2016-07-13 06:00:00,3049.0
2016-07-13 07:00:00,3062.0
2016-07-13 08:00:00,2996.0
2016-07-13 09:00:00,3072.0
2016-07-13 10:00:00,2982.0
2016-07-13 11:00:00,3292.0
2016-07-13 12:00:00,3609.0
2016-07-13 13:00:00,3712.0
2016-07-13 14:00:00,3637.0
2016-07-13 15:00:00,3621.0
2016-07-13 16:00:00,3583.0
2016-07-13 17:00:00,3484.0
2016-07-13 18:00:00,3539.0
2016-07-13 19:00:00,3610.0
2016-07-13 20:00:00,3534.0
2016-07-13 21:00:00,3513.0
2016-07-13 22:00:00,3386.0
2016-07-13 23:00:00,3572.0
2016-07-14 00:00:00,3678.0
2016-07-14 01:00:00,3829.0
2016-07-14 02:00:00,3558.0
2016-07-14 03:00:00,3500.0
2016-07-14 04:00:00,3273.0
2016-07-14 05:00:00,3131.0
2016-07-14 06:00:00,2994.0
2016-07-14 07:00:00,2970.0
2016-07-14 08:00:00,2875.0
2016-07-14 09:00:00,2946.0
2016-07-14 10:00:00,2918.0
2016-07-14 11:00:00,2941.0
2016-07-14 12:00:00,2928.0
2016-07-14 13:00:00,2869.0
2016-07-14 14:00:00,2913.0
2016-07-14 15:00:00,3002.0
2016-07-14 16:00:00,3021.0
2016-07-14 17:00:00,3142.0
2016-07-14 18:00:00,3157.0
2016-07-14 19:00:00,3090.0
2016-07-14 20:00:00,3166.0
2016-07-14 21:00:00,3332.0
2016-07-14 22:00:00,3157.0
2016-07-14 23:00:00,3310.0
2016-07-15 00:00:00,3318.0
2016-07-15 01:00:00,3437.0
2016-07-15 02:00:00,3321.0
2016-07-15 03:00:00,3225.0
2016-07-15 04:00:00,3183.0
2016-07-15 05:00:00,3101.0
2016-07-15 06:00:00,2928.0
2016-07-15 07:00:00,2892.0
2016-07-15 08:00:00,2874.0
2016-07-15 09:00:00,2848.0
2016-07-15 10:00:00,2918.0
2016-07-15 11:00:00,2780.0
2016-07-15 12:00:00,2855.0
2016-07-15 13:00:00,2823.0
2016-07-15 14:00:00,2860.0
2016-07-15 15:00:00,2886.0
2016-07-15 16:00:00,2837.0
2016-07-15 17:00:00,2829.0
2016-07-15 18:00:00,2878.0
2016-07-15 19:00:00,2871.0
2016-07-15 20:00:00,2826.0
2016-07-15 21:00:00,2895.0
2016-07-15 22:00:00,2874.0
2016-07-15 23:00:00,2881.0
2016-07-16 00:00:00,2851.0
2016-07-16 01:00:00,2873.0
2016-07-16 02:00:00,2882.0
2016-07-16 03:00:00,2881.0
2016-07-16 04:00:00,2791.0
2016-07-16 05:00:00,2782.0
2016-07-16 06:00:00,2770.0
2016-07-16 07:00:00,2851.0
2016-07-16 08:00:00,2794.0
2016-07-16 09:00:00,2881.0
2016-07-16 10:00:00,3002.0
2016-07-16 11:00:00,3355.0
2016-07-16 12:00:00,3570.0
2016-07-16 13:00:00,3558.0
2016-07-16 14:00:00,3626.0
2016-07-16 15:00:00,3512.0
2016-07-16 16:00:00,3415.0
2016-07-16 17:00:00,3389.0
2016-07-16 18:00:00,3399.0
2016-07-16 19:00:00,3411.0
2016-07-16 20:00:00,3484.0
2016-07-16 21:00:00,3433.0
2016-07-16 22:00:00,3315.0
2016-07-16 23:00:00,3481.0
2016-07-17 00:00:00,3657.0
2016-07-17 01:00:00,3752.0
2016-07-17 02:00:00,3516.0
2016-07-17 03:00:00,3477.0
2016-07-17 04:00:00,3213.0
2016-07-17 05:00:00,3052.0
2016-07-17 06:00:00,2991.0
2016-07-17 07:00:00,2940.0
2016-07-17 08:00:00,2852.0
2016-07-17 09:00:00,2954.0
2016-07-17 10:00:00,3052.0
2016-07-17 11:00:00,3363.0
2016-07-17 12:00:00,3609.0
2016-07-17 13:00:00,3554.0
2016-07-17 14:00:00,3633.0
2016-07-17 15:00:00,3550.0
2016-07-17 16:00:00,3549.0
2016-07-17 17:00:00,3602.0
2016-07-17 18:00:00,3507.0
2016-07-17 19:00:00,3554.0
2016-07-17 20:00:00,3499.0
2016-07-17 21:00:00,3461.0
2016-07-17 22:00:00,3379.0
2016-07-17 23:00:00,3557.0
2016-07-18 00:00:00,3566.0
2016-07-18 01:00:00,3646.0
2016-07-18 02:00:00,3576.0
2016-07-18 03:00:00,3475.0
2016-07-18 04:00:00,3249.0
2016-07-18 05:00:00,3120.0
2016-07-18 06:00:00,2974.0
2016-07-18 07:00:00,2941.0
2016-07-18 08:00:00,2915.0
2016-07-18 09:00:00,2967.0
2016-07-18 10:00:00,2937.0
2016-07-18 11:00:00,3408.0
2016-07-18 12:00:00,3585.0
2016-07-18 13:00:00,3557.0
2016-07-18 14:00:00,3576.0
2016-07-18 15:00:00,3544.0
2016-07-18 16:00:00,3388.0
2016-07-18 17:00:00,3468.0
2016-07-18 18:00:00,3426.0
2016-07-18 19:00:00,3588.0
2016-07-18 20:00:00,3523.0
2016-07-18 21:00:00,3557.0
2016-07-18 22:00:00,3431.0
2016-07-18 23:00:00,3558.0
2016-07-19 00:00:00,3505.0
2016-07-19 01:00:00,3488.0
2016-07-19 02:00:00,3339.0
2016-07-19 03:00:00,3304.0
2016-07-19 04:00:00,3153.0
2016-07-19 05:00:00,3050.0
2016-07-19 06:00:00,2933.0
2016-07-19 07:00:00,2931.0
2016-07-19 08:00:00,2854.0
2016-07-19 09:00:00,2997.0
2016-07-19 10:00:00,2921.0
2016-07-19 11:00:00,3261.0
2016-07-19 12:00:00,3414.0
2016-07-19 13:00:00,3400.0
2016-07-19 14:00:00,3549.0
2016-07-19 15:00:00,3406.0
2016-07-19 16:00:00,3456.0
2016-07-19 17:00:00,3575.0
2016-07-19 18:00:00,3442.0
2016-07-19 19:00:00,3607.0
2016-07-19 20:00:00,3543.0
2016-07-19 21:00:00,3401.0
2016-07-19 22:00:00,3297.0
2016-07-19 23:00:00,3527.0
2016-07-20 00:00:00,3646.0
2016-07-20 01:00:00,3724.0
2016-07-20 02:00:00,3553.0
2016-07-20 03:00:00,3546.0
2016-07-20 04:00:00,3309.0
2016-07-20 05:00:00,3121.0
2016-07-20 06:00:00,3116.0
2016-07-20 07:00:00,2958.0
2016-07-20 08:00:00,2915.0
2016-07-20 09:00:00,3065.0
2016-07-20 10:00:00,3065.0
2016-07-20 11:00:00,3413.0
2016-07-20 12:00:00,3506.0
2016-07-20 13:00:00,3551.0
2016-07-20 14:00:00,3592.0
2016-07-20 15:00:00,3612.0
2016-07-20 16:00:00,3351.0
2016-07-20 17:00:00,3418.0
2016-07-20 18:00:00,3477.0
2016-07-20 19:00:00,3605.0
2016-07-20 20:00:00,3395.0
2016-07-20 21:00:00,3433.0
2016-07-20 22:00:00,3430.0
2016-07-20 23:00:00,3636.0
2016-07-21 00:00:00,3800.0
2016-07-21 01:00:00,3781.0
2016-07-21 02:00:00,3518.0
2016-07-21 03:00:00,3585.0
2016-07-21 04:00:00,3328.0
2016-07-21 05:00:00,3254.0
2016-07-21 06:00:00,3144.0
2016-07-21 07:00:00,3080.0
2016-07-21 08:00:00,2976.0
2016-07-21 09:00:00,3093.0
2016-07-21 10:00:00,3071.0
2016-07-21 11:00:00,3055.0
2016-07-21 12:00:00,3048.0
2016-07-21 13:00:00,3039.0
2016-07-21 14:00:00,3106.0
2016-07-21 15:00:00,3178.0
2016-07-21 16:00:00,3122.0
2016-07-21 17:00:00,3314.0
2016-07-21 18:00:00,3333.0
2016-07-21 19:00:00,3257.0
2016-07-21 20:00:00,3261.0
2016-07-21 21:00:00,3337.0
2016-07-21 22:00:00,3226.0
2016-07-21 23:00:00,3346.0
2016-07-22 00:00:00,3405.0
2016-07-22 01:00:00,3541.0
2016-07-22 02:00:00,3342.0
2016-07-22 03:00:00,3166.0
2016-07-22 04:00:00,3110.0
2016-07-22 05:00:00,2990.0
2016-07-22 06:00:00,2945.0
2016-07-22 07:00:00,2853.0
2016-07-22 08:00:00,2801.0
2016-07-22 09:00:00,2877.0
2016-07-22 10:00:00,2905.0
2016-07-22 11:00:00,2866.0
2016-07-22 12:00:00,2827.0
2016-07-22 13:00:00,2828.0
2016-07-22 14:00:00,2886.0
2016-07-22 15:00:00,2975.0
2016-07-22 16:00:00,2992.0
2016-07-22 17:00:00,3020.0
2016-07-22 18:00:00,2960.0
2016-07-22 19:00:00,2982.0
2016-07-22 20:00:00,3017.0
2016-07-22 21:00:00,3120.0
2016-07-22 22:00:00,2989.0
2016-07-22 23:00:00,2974.0
2016-07-23 00:00:00,2907.0
2016-07-23 01:00:00,2835.0
2016-07-23 02:00:00,2858.0
2016-07-23 03:00:00,2919.0
2016-07-23 04:00:00,2934.0
2016-07-23 05:00:00,2882.0
2016-07-23 06:00:00,2812.0
2016-07-23 07:00:00,2773.0
2016-07-23 08:00:00,2835.0
2016-07-23 09:00:00,3061.0
2016-07-23 10:00:00,3053.0
2016-07-23 11:00:00,3435.0
2016-07-23 12:00:00,3628.0
2016-07-23 13:00:00,3570.0
2016-07-23 14:00:00,3632.0
2016-07-23 15:00:00,3554.0
2016-07-23 16:00:00,3422.0
2016-07-23 17:00:00,3535.0
2016-07-23 18:00:00,3645.0
2016-07-23 19:00:00,3669.0
2016-07-23 20:00:00,3573.0
2016-07-23 21:00:00,3544.0
2016-07-23 22:00:00,3447.0
2016-07-23 23:00:00,3662.0
2016-07-24 00:00:00,3817.0
2016-07-24 01:00:00,3821.0
2016-07-24 02:00:00,3562.0
2016-07-24 03:00:00,3441.0
2016-07-24 04:00:00,3173.0
2016-07-24 05:00:00,3140.0
2016-07-24 06:00:00,3122.0
2016-07-24 07:00:00,3051.0
2016-07-24 08:00:00,3030.0
2016-07-24 09:00:00,3127.0
2016-07-24 10:00:00,3144.0
2016-07-24 11:00:00,3642.0
2016-07-24 12:00:00,3744.0
2016-07-24 13:00:00,3557.0
2016-07-24 14:00:00,3737.0
2016-07-24 15:00:00,3764.0
2016-07-24 16:00:00,3642.0
2016-07-24 17:00:00,3599.0
2016-07-24 18:00:00,3570.0
2016-07-24 19:00:00,3730.0
2016-07-24 20:00:00,3618.0
2016-07-24 21:00:00,3549.0
2016-07-24 22:00:00,3402.0
2016-07-24 23:00:00,3635.0
2016-07-25 00:00:00,3754.0
2016-07-25 01:00:00,3877.0
2016-07-25 02:00:00,3628.0
2016-07-25 03:00:00,3587.0
2016-07-25 04:00:00,3333.0
2016-07-25 05:00:00,3238.0
2016-07-25 06:00:00,3090.0
2016-07-25 07:00:00,3022.0
2016-07-25 08:00:00,3026.0
2016-07-25 09:00:00,3095.0
2016-07-25 10:00:00,3131.0
2016-07-25 11:00:00,3572.0
2016-07-25 12:00:00,3516.0
2016-07-25 13:00:00,3500.0
2016-07-25 14:00:00,3613.0
2016-07-25 15:00:00,3678.0
2016-07-25 16:00:00,3504.0
2016-07-25 17:00:00,3429.0
2016-07-25 18:00:00,3420.0
2016-07-25 19:00:00,3609.0
2016-07-25 20:00:00,3675.0
2016-07-25 21:00:00,3636.0
2016-07-25 22:00:00,3501.0
2016-07-25 23:00:00,3704.0
2016-07-26 00:00:00,3665.0
2016-07-26 01:00:00,3655.0
2016-07-26 02:00:00,3510.0
2016-07-26 03:00:00,3409.0
2016-07-26 04:00:00,3210.0
2016-07-26 05:00:00,3128.0
2016-07-26 06:00:00,3015.0
2016-07-26 07:00:00,2845.0
2016-07-26 08:00:00,2926.0
2016-07-26 09:00:00,3018.0
2016-07-26 10:00:00,2996.0
2016-07-26 11:00:00,3407.0
2016-07-26 12:00:00,3582.0
2016-07-26 13:00:00,3541.0
2016-07-26 14:00:00,3681.0
2016-07-26 15:00:00,3670.0
2016-07-26 16:00:00,3524.0
2016-07-26 17:00:00,3604.0
2016-07-26 18:00:00,3699.0
2016-07-26 19:00:00,3724.0
2016-07-26 20:00:00,3751.0
2016-07-26 21:00:00,3751.0
2016-07-26 22:00:00,3579.0
2016-07-26 23:00:00,3799.0
2016-07-27 00:00:00,3733.0
2016-07-27 01:00:00,3786.0
2016-07-27 02:00:00,3658.0
2016-07-27 03:00:00,3611.0
2016-07-27 04:00:00,3382.0
2016-07-27 05:00:00,3241.0
2016-07-27 06:00:00,3169.0
2016-07-27 07:00:00,3033.0
2016-07-27 08:00:00,3043.0
2016-07-27 09:00:00,3105.0
2016-07-27 10:00:00,3127.0
2016-07-27 11:00:00,3534.0
2016-07-27 12:00:00,3683.0
2016-07-27 13:00:00,3687.0
2016-07-27 14:00:00,3746.0
2016-07-27 15:00:00,3639.0
2016-07-27 16:00:00,3626.0
2016-07-27 17:00:00,3586.0
2016-07-27 18:00:00,3595.0
2016-07-27 19:00:00,3633.0
2016-07-27 20:00:00,3540.0
2016-07-27 21:00:00,3522.0
2016-07-27 22:00:00,3378.0
2016-07-27 23:00:00,3573.0
2016-07-28 00:00:00,3548.0
2016-07-28 01:00:00,3802.0
2016-07-28 02:00:00,3709.0
2016-07-28 03:00:00,3528.0
2016-07-28 04:00:00,3317.0
2016-07-28 05:00:00,3268.0
2016-07-28 06:00:00,3135.0
2016-07-28 07:00:00,3077.0
2016-07-28 08:00:00,3068.0
2016-07-28 09:00:00,2971.0
2016-07-28 10:00:00,3059.0
2016-07-28 11:00:00,3057.0
2016-07-28 12:00:00,3110.0
2016-07-28 13:00:00,3079.0
2016-07-28 14:00:00,3197.0
2016-07-28 15:00:00,3061.0
2016-07-28 16:00:00,3084.0
2016-07-28 17:00:00,3158.0
2016-07-28 18:00:00,3220.0
2016-07-28 19:00:00,3081.0
2016-07-28 20:00:00,3153.0
2016-07-28 21:00:00,3297.0
2016-07-28 22:00:00,3214.0
2016-07-28 23:00:00,3357.0
2016-07-29 00:00:00,3304.0
2016-07-29 01:00:00,3379.0
2016-07-29 02:00:00,3258.0
2016-07-29 03:00:00,3120.0
2016-07-29 04:00:00,2980.0
2016-07-29 05:00:00,2988.0
2016-07-29 06:00:00,2889.0
2016-07-29 07:00:00,2825.0
2016-07-29 08:00:00,2814.0
2016-07-29 09:00:00,2861.0
2016-07-29 10:00:00,2817.0
2016-07-29 11:00:00,2818.0
2016-07-29 12:00:00,2757.0
2016-07-29 13:00:00,2843.0
2016-07-29 14:00:00,2890.0
2016-07-29 15:00:00,2923.0
2016-07-29 16:00:00,2913.0
2016-07-29 17:00:00,2915.0
2016-07-29 18:00:00,2913.0
2016-07-29 19:00:00,2967.0
2016-07-29 20:00:00,2954.0
2016-07-29 21:00:00,3041.0
2016-07-29 22:00:00,2838.0
2016-07-29 23:00:00,2848.0
2016-07-30 00:00:00,2781.0
2016-07-30 01:00:00,2760.0
2016-07-30 02:00:00,2837.0
2016-07-30 03:00:00,2921.0
2016-07-30 04:00:00,2848.0
2016-07-30 05:00:00,2845.0
2016-07-30 06:00:00,2808.0
2016-07-30 07:00:00,2789.0
2016-07-30 08:00:00,2825.0
2016-07-30 09:00:00,2958.0
2016-07-30 10:00:00,2986.0
2016-07-30 11:00:00,3435.0
2016-07-30 12:00:00,3484.0
2016-07-30 13:00:00,3415.0
2016-07-30 14:00:00,3624.0
2016-07-30 15:00:00,3542.0
2016-07-30 16:00:00,3255.0
2016-07-30 17:00:00,3421.0
2016-07-30 18:00:00,3413.0
2016-07-30 19:00:00,3407.0
2016-07-30 20:00:00,3349.0
2016-07-30 21:00:00,3296.0
2016-07-30 22:00:00,3197.0
2016-07-30 23:00:00,3333.0
2016-07-31 00:00:00,3462.0
2016-07-31 01:00:00,3572.0
2016-07-31 02:00:00,3350.0
2016-07-31 03:00:00,3323.0
2016-07-31 04:00:00,3179.0
2016-07-31 05:00:00,3033.0
2016-07-31 06:00:00,2855.0
2016-07-31 07:00:00,2909.0
2016-07-31 08:00:00,2899.0
2016-07-31 09:00:00,2951.0
2016-07-31 10:00:00,3053.0
2016-07-31 11:00:00,3340.0
2016-07-31 12:00:00,3560.0
2016-07-31 13:00:00,3376.0
2016-07-31 14:00:00,3591.0
2016-07-31 15:00:00,3512.0
2016-07-31 16:00:00,3456.0
2016-07-31 17:00:00,3342.0
2016-07-31 18:00:00,3334.0
2016-07-31 19:00:00,3529.0
2016-07-31 20:00:00,3399.0
2016-07-31 21:00:00,3362.0
2016-07-31 22:00:00,3277.0
2016-07-31 23:00:00,3375.0
2016-08-01 00:00:00,3548.0
2016-08-01 01:00:00,3678.0
2016-08-01 02:00:00,3475.0
2016-08-01 03:00:00,3371.0
2016-08-01 04:00:00,3172.0
2016-08-01 05:00:00,3017.0
2016-08-01 06:00:00,2928.0
2016-08-01 07:00:00,2901.0
2016-08-01 08:00:00,2901.0
2016-08-01 09:00:00,2883.0
2016-08-01 10:00:00,2969.0
2016-08-01 11:00:00,3495.0
2016-08-01 12:00:00,3528.0
2016-08-01 13:00:00,3517.0
2016-08-01 14:00:00,3664.0
2016-08-01 15:00:00,3655.0
2016-08-01 16:00:00,3458.0
2016-08-01 17:00:00,3400.0
2016-08-01 18:00:00,3355.0
2016-08-01 19:00:00,3737.0
2016-08-01 20:00:00,3595.0
2016-08-01 21:00:00,3518.0
2016-08-01 22:00:00,3396.0
2016-08-01 23:00:00,3654.0
2016-08-02 00:00:00,3533.0
2016-08-02 01:00:00,3618.0
2016-08-02 02:00:00,3431.0
2016-08-02 03:00:00,3339.0
2016-08-02 04:00:00,3264.0
2016-08-02 05:00:00,3178.0
2016-08-02 06:00:00,3016.0
2016-08-02 07:00:00,3007.0
2016-08-02 08:00:00,2967.0
2016-08-02 09:00:00,2994.0
2016-08-02 10:00:00,3080.0
2016-08-02 11:00:00,3425.0
2016-08-02 12:00:00,3520.0
2016-08-02 13:00:00,3624.0
2016-08-02 14:00:00,3467.0
2016-08-02 15:00:00,3397.0
2016-08-02 16:00:00,3437.0
2016-08-02 17:00:00,3441.0
2016-08-02 18:00:00,3484.0
2016-08-02 19:00:00,3498.0
2016-08-02 20:00:00,3495.0
2016-08-02 21:00:00,3411.0
2016-08-02 22:00:00,3257.0
2016-08-02 23:00:00,3341.0
2016-08-03 00:00:00,3537.0
2016-08-03 01:00:00,3800.0
2016-08-03 02:00:00,3517.0
2016-08-03 03:00:00,3447.0
2016-08-03 04:00:00,3228.0
2016-08-03 05:00:00,3135.0
2016-08-03 06:00:00,3032.0
2016-08-03 07:00:00,2953.0
2016-08-03 08:00:00,2976.0
2016-08-03 09:00:00,2981.0
2016-08-03 10:00:00,3075.0
2016-08-03 11:00:00,3435.0
2016-08-03 12:00:00,3525.0
2016-08-03 13:00:00,3433.0
2016-08-03 14:00:00,3549.0
2016-08-03 15:00:00,3512.0
2016-08-03 16:00:00,3455.0
2016-08-03 17:00:00,3519.0
2016-08-03 18:00:00,3521.0
2016-08-03 19:00:00,3568.0
2016-08-03 20:00:00,3388.0
2016-08-03 21:00:00,3351.0
2016-08-03 22:00:00,3289.0
2016-08-03 23:00:00,3371.0
2016-08-04 00:00:00,3518.0
2016-08-04 01:00:00,3712.0
2016-08-04 02:00:00,3544.0
2016-08-04 03:00:00,3377.0
2016-08-04 04:00:00,3226.0
2016-08-04 05:00:00,3106.0
2016-08-04 06:00:00,2949.0
2016-08-04 07:00:00,2938.0
2016-08-04 08:00:00,2941.0
2016-08-04 09:00:00,2984.0
2016-08-04 10:00:00,2986.0
2016-08-04 11:00:00,3021.0
2016-08-04 12:00:00,3011.0
2016-08-04 13:00:00,2973.0
2016-08-04 14:00:00,2999.0
2016-08-04 15:00:00,2954.0
2016-08-04 16:00:00,3028.0
2016-08-04 17:00:00,3079.0
2016-08-04 18:00:00,2922.0
2016-08-04 19:00:00,2928.0
2016-08-04 20:00:00,2969.0
2016-08-04 21:00:00,3143.0
2016-08-04 22:00:00,3090.0
2016-08-04 23:00:00,3194.0
2016-08-05 00:00:00,3218.0
2016-08-05 01:00:00,3344.0
2016-08-05 02:00:00,3251.0
2016-08-05 03:00:00,3145.0
2016-08-05 04:00:00,3084.0
2016-08-05 05:00:00,2975.0
2016-08-05 06:00:00,2843.0
2016-08-05 07:00:00,2849.0
2016-08-05 08:00:00,2858.0
2016-08-05 09:00:00,2855.0
2016-08-05 10:00:00,2884.0
2016-08-05 11:00:00,2858.0
2016-08-05 12:00:00,2706.0
2016-08-05 13:00:00,2747.0
2016-08-05 14:00:00,2806.0
2016-08-05 15:00:00,2855.0
2016-08-05 16:00:00,2910.0
2016-08-05 17:00:00,2860.0
2016-08-05 18:00:00,2846.0
2016-08-05 19:00:00,2882.0
2016-08-05 20:00:00,2932.0
2016-08-05 21:00:00,3050.0
2016-08-05 22:00:00,2960.0
2016-08-05 23:00:00,2965.0
2016-08-06 00:00:00,2883.0
2016-08-06 01:00:00,2976.0
2016-08-06 02:00:00,2957.0
2016-08-06 03:00:00,2975.0
2016-08-06 04:00:00,2936.0
2016-08-06 05:00:00,2935.0
2016-08-06 06:00:00,2819.0
2016-08-06 07:00:00,2898.0
2016-08-06 08:00:00,2916.0
2016-08-06 09:00:00,3123.0
2016-08-06 10:00:00,3214.0
2016-08-06 11:00:00,3654.0
2016-08-06 12:00:00,3684.0
2016-08-06 13:00:00,3576.0
2016-08-06 14:00:00,3674.0
2016-08-06 15:00:00,3621.0
2016-08-06 16:00:00,3596.0
2016-08-06 17:00:00,3572.0
2016-08-06 18:00:00,3608.0
2016-08-06 19:00:00,3717.0
2016-08-06 20:00:00,3675.0
2016-08-06 21:00:00,3522.0
2016-08-06 22:00:00,3537.0
2016-08-06 23:00:00,3643.0
2016-08-07 00:00:00,3672.0
2016-08-07 01:00:00,3785.0
2016-08-07 02:00:00,3713.0
2016-08-07 03:00:00,3667.0
2016-08-07 04:00:00,3492.0
2016-08-07 05:00:00,3330.0
2016-08-07 06:00:00,3210.0
2016-08-07 07:00:00,3071.0
2016-08-07 08:00:00,2918.0
2016-08-07 09:00:00,2935.0
2016-08-07 10:00:00,3082.0
2016-08-07 11:00:00,3325.0
2016-08-07 12:00:00,3390.0
2016-08-07 13:00:00,3493.0
2016-08-07 14:00:00,3584.0
2016-08-07 15:00:00,3498.0
2016-08-07 16:00:00,3473.0
2016-08-07 17:00:00,3401.0
2016-08-07 18:00:00,3347.0
2016-08-07 19:00:00,3524.0
2016-08-07 20:00:00,3491.0
2016-08-07 21:00:00,3468.0
2016-08-07 22:00:00,3396.0
2016-08-07 23:00:00,3566.0
2016-08-08 00:00:00,3685.0
2016-08-08 01:00:00,3865.0
2016-08-08 02:00:00,3670.0
2016-08-08 03:00:00,3557.0
2016-08-08 04:00:00,3291.0
2016-08-08 05:00:00,3164.0
2016-08-08 06:00:00,2982.0
2016-08-08 07:00:00,3000.0
2016-08-08 08:00:00,2937.0
2016-08-08 09:00:00,2905.0
2016-08-08 10:00:00,2911.0
2016-08-08 11:00:00,3363.0
2016-08-08 12:00:00,3449.0
2016-08-08 13:00:00,3484.0
2016-08-08 14:00:00,3582.0
2016-08-08 15:00:00,3577.0
2016-08-08 16:00:00,3537.0
2016-08-08 17:00:00,3516.0
2016-08-08 18:00:00,3535.0
2016-08-08 19:00:00,3438.0
2016-08-08 20:00:00,3324.0
2016-08-08 21:00:00,3405.0
2016-08-08 22:00:00,3204.0
2016-08-08 23:00:00,3335.0
2016-08-09 00:00:00,3378.0
2016-08-09 01:00:00,3543.0
2016-08-09 02:00:00,3285.0
2016-08-09 03:00:00,3266.0
2016-08-09 04:00:00,3096.0
2016-08-09 05:00:00,2906.0
2016-08-09 06:00:00,2780.0
2016-08-09 07:00:00,2847.0
2016-08-09 08:00:00,2780.0
2016-08-09 09:00:00,2863.0
2016-08-09 10:00:00,3010.0
2016-08-09 11:00:00,3429.0
2016-08-09 12:00:00,3573.0
2016-08-09 13:00:00,3556.0
2016-08-09 14:00:00,3574.0
2016-08-09 15:00:00,3491.0
2016-08-09 16:00:00,3415.0
2016-08-09 17:00:00,3426.0
2016-08-09 18:00:00,3477.0
2016-08-09 19:00:00,3590.0
2016-08-09 20:00:00,3461.0
2016-08-09 21:00:00,3429.0
2016-08-09 22:00:00,3314.0
2016-08-09 23:00:00,3466.0
2016-08-10 00:00:00,3444.0
2016-08-10 01:00:00,3658.0
2016-08-10 02:00:00,3328.0
2016-08-10 03:00:00,3156.0
2016-08-10 04:00:00,3082.0
2016-08-10 05:00:00,2986.0
2016-08-10 06:00:00,2882.0
2016-08-10 07:00:00,2911.0
2016-08-10 08:00:00,2861.0
2016-08-10 09:00:00,2928.0
2016-08-10 10:00:00,2996.0
2016-08-10 11:00:00,3505.0
2016-08-10 12:00:00,3595.0
2016-08-10 13:00:00,3580.0
2016-08-10 14:00:00,3675.0
2016-08-10 15:00:00,3617.0
2016-08-10 16:00:00,3558.0
2016-08-10 17:00:00,3661.0
2016-08-10 18:00:00,3534.0
2016-08-10 19:00:00,3484.0
2016-08-10 20:00:00,3423.0
2016-08-10 21:00:00,3403.0
2016-08-10 22:00:00,3263.0
2016-08-10 23:00:00,3439.0
2016-08-11 00:00:00,3609.0
2016-08-11 01:00:00,3826.0
2016-08-11 02:00:00,3572.0
2016-08-11 03:00:00,3448.0
2016-08-11 04:00:00,3254.0
2016-08-11 05:00:00,3116.0
2016-08-11 06:00:00,2975.0
2016-08-11 07:00:00,2946.0
2016-08-11 08:00:00,2882.0
2016-08-11 09:00:00,2910.0
2016-08-11 10:00:00,2949.0
2016-08-11 11:00:00,2959.0
2016-08-11 12:00:00,2947.0
2016-08-11 13:00:00,2927.0
2016-08-11 14:00:00,3071.0
2016-08-11 15:00:00,2843.0
2016-08-11 16:00:00,2857.0
2016-08-11 17:00:00,3059.0
2016-08-11 18:00:00,3020.0
2016-08-11 19:00:00,3037.0
2016-08-11 20:00:00,3013.0
2016-08-11 21:00:00,3133.0
2016-08-11 22:00:00,3036.0
2016-08-11 23:00:00,3178.0
2016-08-12 00:00:00,3151.0
2016-08-12 01:00:00,3214.0
2016-08-12 02:00:00,3130.0
2016-08-12 03:00:00,2961.0
2016-08-12 04:00:00,2890.0
2016-08-12 05:00:00,2797.0
2016-08-12 06:00:00,2770.0
2016-08-12 07:00:00,2776.0
2016-08-12 08:00:00,2787.0
2016-08-12 09:00:00,2780.0
2016-08-12 10:00:00,2705.0
2016-08-12 11:00:00,2694.0
2016-08-12 12:00:00,2707.0
2016-08-12 13:00:00,2794.0
2016-08-12 14:00:00,2832.0
2016-08-12 15:00:00,2883.0
2016-08-12 16:00:00,2891.0
2016-08-12 17:00:00,2875.0
2016-08-12 18:00:00,2745.0
2016-08-12 19:00:00,2818.0
2016-08-12 20:00:00,2819.0
2016-08-12 21:00:00,2830.0
2016-08-12 22:00:00,2746.0
2016-08-12 23:00:00,2681.0
2016-08-13 00:00:00,2684.0
2016-08-13 01:00:00,2780.0
2016-08-13 02:00:00,2769.0
2016-08-13 03:00:00,2814.0
2016-08-13 04:00:00,2741.0
2016-08-13 05:00:00,2731.0
2016-08-13 06:00:00,2680.0
2016-08-13 07:00:00,2699.0
2016-08-13 08:00:00,2694.0
2016-08-13 09:00:00,2863.0
2016-08-13 10:00:00,2829.0
2016-08-13 11:00:00,3274.0
2016-08-13 12:00:00,3562.0
2016-08-13 13:00:00,3471.0
2016-08-13 14:00:00,3856.0
2016-08-13 15:00:00,3587.0
2016-08-13 16:00:00,3577.0
2016-08-13 17:00:00,3596.0
2016-08-13 18:00:00,3528.0
2016-08-13 19:00:00,3541.0
2016-08-13 20:00:00,3463.0
2016-08-13 21:00:00,3446.0
2016-08-13 22:00:00,3343.0
2016-08-13 23:00:00,3455.0
2016-08-14 00:00:00,3627.0
2016-08-14 01:00:00,3778.0
2016-08-14 02:00:00,3532.0
2016-08-14 03:00:00,3400.0
2016-08-14 04:00:00,3287.0
2016-08-14 05:00:00,3146.0
2016-08-14 06:00:00,3084.0
2016-08-14 07:00:00,3082.0
2016-08-14 08:00:00,3032.0
2016-08-14 09:00:00,3150.0
2016-08-14 10:00:00,3122.0
2016-08-14 11:00:00,3441.0
2016-08-14 12:00:00,3605.0
2016-08-14 13:00:00,3514.0
2016-08-14 14:00:00,3698.0
2016-08-14 15:00:00,3422.0
2016-08-14 16:00:00,3505.0
2016-08-14 17:00:00,3459.0
2016-08-14 18:00:00,3405.0
2016-08-14 19:00:00,3598.0
2016-08-14 20:00:00,3547.0
2016-08-14 21:00:00,3358.0
2016-08-14 22:00:00,3303.0
2016-08-14 23:00:00,3500.0
2016-08-15 00:00:00,3667.0
2016-08-15 01:00:00,3797.0
2016-08-15 02:00:00,3612.0
2016-08-15 03:00:00,3575.0
2016-08-15 04:00:00,3348.0
2016-08-15 05:00:00,3320.0
2016-08-15 06:00:00,3127.0
2016-08-15 07:00:00,3138.0
2016-08-15 08:00:00,3099.0
2016-08-15 09:00:00,3111.0
2016-08-15 10:00:00,3154.0
2016-08-15 11:00:00,3487.0
2016-08-15 12:00:00,3670.0
2016-08-15 13:00:00,3598.0
2016-08-15 14:00:00,3725.0
2016-08-15 15:00:00,3457.0
2016-08-15 16:00:00,3613.0
2016-08-15 17:00:00,3603.0
2016-08-15 18:00:00,3655.0
2016-08-15 19:00:00,3598.0
2016-08-15 20:00:00,3456.0
2016-08-15 21:00:00,3470.0
2016-08-15 22:00:00,3212.0
2016-08-15 23:00:00,3412.0
2016-08-16 00:00:00,3446.0
2016-08-16 01:00:00,3516.0
2016-08-16 02:00:00,3350.0
2016-08-16 03:00:00,3254.0
2016-08-16 04:00:00,3179.0
2016-08-16 05:00:00,3059.0
2016-08-16 06:00:00,2964.0
2016-08-16 07:00:00,2991.0
2016-08-16 08:00:00,2983.0
2016-08-16 09:00:00,3062.0
2016-08-16 10:00:00,3079.0
2016-08-16 11:00:00,3431.0
2016-08-16 12:00:00,3509.0
2016-08-16 13:00:00,3472.0
2016-08-16 14:00:00,3693.0
2016-08-16 15:00:00,3557.0
2016-08-16 16:00:00,3537.0
2016-08-16 17:00:00,3618.0
2016-08-16 18:00:00,3597.0
2016-08-16 19:00:00,3592.0
2016-08-16 20:00:00,3591.0
2016-08-16 21:00:00,3490.0
2016-08-16 22:00:00,3377.0
2016-08-16 23:00:00,3574.0
2016-08-17 00:00:00,3690.0
2016-08-17 01:00:00,3858.0
2016-08-17 02:00:00,3529.0
2016-08-17 03:00:00,3461.0
2016-08-17 04:00:00,3258.0
2016-08-17 05:00:00,3177.0
2016-08-17 06:00:00,3036.0
2016-08-17 07:00:00,3095.0
2016-08-17 08:00:00,2961.0
2016-08-17 09:00:00,3094.0
2016-08-17 10:00:00,3028.0
2016-08-17 11:00:00,3432.0
2016-08-17 12:00:00,3528.0
2016-08-17 13:00:00,3588.0
2016-08-17 14:00:00,3811.0
2016-08-17 15:00:00,3417.0
2016-08-17 16:00:00,3550.0
2016-08-17 17:00:00,3549.0
2016-08-17 18:00:00,3615.0
2016-08-17 19:00:00,3558.0
2016-08-17 20:00:00,3526.0
2016-08-17 21:00:00,3421.0
2016-08-17 22:00:00,3337.0
2016-08-17 23:00:00,3469.0
2016-08-18 00:00:00,3561.0
2016-08-18 01:00:00,3685.0
2016-08-18 02:00:00,3493.0
2016-08-18 03:00:00,3369.0
2016-08-18 04:00:00,3246.0
2016-08-18 05:00:00,3132.0
2016-08-18 06:00:00,3004.0
2016-08-18 07:00:00,2970.0
2016-08-18 08:00:00,2943.0
2016-08-18 09:00:00,2961.0
2016-08-18 10:00:00,2888.0
2016-08-18 11:00:00,3006.0
2016-08-18 12:00:00,2843.0
2016-08-18 13:00:00,2931.0
2016-08-18 14:00:00,3139.0
2016-08-18 15:00:00,3098.0
2016-08-18 16:00:00,3126.0
2016-08-18 17:00:00,3154.0
2016-08-18 18:00:00,3077.0
2016-08-18 19:00:00,3033.0
2016-08-18 20:00:00,3159.0
2016-08-18 21:00:00,3214.0
2016-08-18 22:00:00,3049.0
2016-08-18 23:00:00,3308.0
2016-08-19 00:00:00,3270.0
2016-08-19 01:00:00,3379.0
2016-08-19 02:00:00,3245.0
2016-08-19 03:00:00,3205.0
2016-08-19 04:00:00,3082.0
2016-08-19 05:00:00,3021.0
2016-08-19 06:00:00,2890.0
2016-08-19 07:00:00,2874.0
2016-08-19 08:00:00,2894.0
2016-08-19 09:00:00,2898.0
2016-08-19 10:00:00,2754.0
2016-08-19 11:00:00,2769.0
2016-08-19 12:00:00,2726.0
2016-08-19 13:00:00,2714.0
2016-08-19 14:00:00,2840.0
2016-08-19 15:00:00,2884.0
2016-08-19 16:00:00,2890.0
2016-08-19 17:00:00,2916.0
2016-08-19 18:00:00,2961.0
2016-08-19 19:00:00,2933.0
2016-08-19 20:00:00,2979.0
2016-08-19 21:00:00,3028.0
2016-08-19 22:00:00,2898.0
2016-08-19 23:00:00,2921.0
2016-08-20 00:00:00,2876.0
2016-08-20 01:00:00,2856.0
2016-08-20 02:00:00,2906.0
2016-08-20 03:00:00,2955.0
2016-08-20 04:00:00,2910.0
2016-08-20 05:00:00,2883.0
2016-08-20 06:00:00,2872.0
2016-08-20 07:00:00,2831.0
2016-08-20 08:00:00,2891.0
2016-08-20 09:00:00,3014.0
2016-08-20 10:00:00,3021.0
2016-08-20 11:00:00,3467.0
2016-08-20 12:00:00,3614.0
2016-08-20 13:00:00,3486.0
2016-08-20 14:00:00,3567.0
2016-08-20 15:00:00,3561.0
2016-08-20 16:00:00,3525.0
2016-08-20 17:00:00,3671.0
2016-08-20 18:00:00,3468.0
2016-08-20 19:00:00,3414.0
2016-08-20 20:00:00,3447.0
2016-08-20 21:00:00,3368.0
2016-08-20 22:00:00,3264.0
2016-08-20 23:00:00,3408.0
2016-08-21 00:00:00,3513.0
2016-08-21 01:00:00,3643.0
2016-08-21 02:00:00,3420.0
2016-08-21 03:00:00,3394.0
2016-08-21 04:00:00,3220.0
2016-08-21 05:00:00,3192.0
2016-08-21 06:00:00,2945.0
2016-08-21 07:00:00,2961.0
2016-08-21 08:00:00,2936.0
2016-08-21 09:00:00,2971.0
2016-08-21 10:00:00,3026.0
2016-08-21 11:00:00,3188.0
2016-08-21 12:00:00,3181.0
2016-08-21 13:00:00,3217.0
2016-08-21 14:00:00,3331.0
2016-08-21 15:00:00,3321.0
2016-08-21 16:00:00,3384.0
2016-08-21 17:00:00,3527.0
2016-08-21 18:00:00,3261.0
2016-08-21 19:00:00,3307.0
2016-08-21 20:00:00,3241.0
2016-08-21 21:00:00,3279.0
2016-08-21 22:00:00,3147.0
2016-08-21 23:00:00,3308.0
2016-08-22 00:00:00,3382.0
2016-08-22 01:00:00,3613.0
2016-08-22 02:00:00,3444.0
2016-08-22 03:00:00,3327.0
2016-08-22 04:00:00,3189.0
2016-08-22 05:00:00,3079.0
2016-08-22 06:00:00,2958.0
2016-08-22 07:00:00,2935.0
2016-08-22 08:00:00,2974.0
2016-08-22 09:00:00,2972.0
2016-08-22 10:00:00,3060.0
2016-08-22 11:00:00,3521.0
2016-08-22 12:00:00,3688.0
2016-08-22 13:00:00,3664.0
2016-08-22 14:00:00,3782.0
2016-08-22 15:00:00,3666.0
2016-08-22 16:00:00,3700.0
2016-08-22 17:00:00,3784.0
2016-08-22 18:00:00,3733.0
2016-08-22 19:00:00,3742.0
2016-08-22 20:00:00,3623.0
2016-08-22 21:00:00,3538.0
2016-08-22 22:00:00,3369.0
2016-08-22 23:00:00,3516.0
2016-08-23 00:00:00,3426.0
2016-08-23 01:00:00,3524.0
2016-08-23 02:00:00,3365.0
2016-08-23 03:00:00,3285.0
2016-08-23 04:00:00,3154.0
2016-08-23 05:00:00,3142.0
2016-08-23 06:00:00,2997.0
2016-08-23 07:00:00,2960.0
2016-08-23 08:00:00,2977.0
2016-08-23 09:00:00,2924.0
2016-08-23 10:00:00,3140.0
2016-08-23 11:00:00,3587.0
2016-08-23 12:00:00,3615.0
2016-08-23 13:00:00,3602.0
2016-08-23 14:00:00,3879.0
2016-08-23 15:00:00,3628.0
2016-08-23 16:00:00,3677.0
2016-08-23 17:00:00,3665.0
2016-08-23 18:00:00,3700.0
2016-08-23 19:00:00,3557.0
2016-08-23 20:00:00,3602.0
2016-08-23 21:00:00,3558.0
2016-08-23 22:00:00,3372.0
2016-08-23 23:00:00,3542.0
2016-08-24 00:00:00,3633.0
2016-08-24 01:00:00,3711.0
2016-08-24 02:00:00,3563.0
2016-08-24 03:00:00,3428.0
2016-08-24 04:00:00,3257.0
2016-08-24 05:00:00,3108.0
2016-08-24 06:00:00,2996.0
2016-08-24 07:00:00,3006.0
2016-08-24 08:00:00,2928.0
2016-08-24 09:00:00,2944.0
2016-08-24 10:00:00,3049.0
2016-08-24 11:00:00,3415.0
2016-08-24 12:00:00,3520.0
2016-08-24 13:00:00,3523.0
2016-08-24 14:00:00,3816.0
2016-08-24 15:00:00,3654.0
2016-08-24 16:00:00,3623.0
2016-08-24 17:00:00,3628.0
2016-08-24 18:00:00,3777.0
2016-08-24 19:00:00,3695.0
2016-08-24 20:00:00,3578.0
2016-08-24 21:00:00,3599.0
2016-08-24 22:00:00,3378.0
2016-08-24 23:00:00,3522.0
2016-08-25 00:00:00,3648.0
2016-08-25 01:00:00,3735.0
2016-08-25 02:00:00,3575.0
2016-08-25 03:00:00,3320.0
2016-08-25 04:00:00,3310.0
2016-08-25 05:00:00,3145.0
2016-08-25 06:00:00,3043.0
2016-08-25 07:00:00,3018.0
2016-08-25 08:00:00,2923.0
2016-08-25 09:00:00,2985.0
2016-08-25 10:00:00,2977.0
2016-08-25 11:00:00,3019.0
2016-08-25 12:00:00,2992.0
2016-08-25 13:00:00,2983.0
2016-08-25 14:00:00,3139.0
2016-08-25 15:00:00,3171.0
2016-08-25 16:00:00,3213.0
2016-08-25 17:00:00,3372.0
2016-08-25 18:00:00,3270.0
2016-08-25 19:00:00,3185.0
2016-08-25 20:00:00,3137.0
2016-08-25 21:00:00,3232.0
2016-08-25 22:00:00,3196.0
2016-08-25 23:00:00,3299.0
2016-08-26 00:00:00,3192.0
2016-08-26 01:00:00,3358.0
2016-08-26 02:00:00,3224.0
2016-08-26 03:00:00,3177.0
2016-08-26 04:00:00,2979.0
2016-08-26 05:00:00,2885.0
2016-08-26 06:00:00,2785.0
2016-08-26 07:00:00,2850.0
2016-08-26 08:00:00,2864.0
2016-08-26 09:00:00,2856.0
2016-08-26 10:00:00,2851.0
2016-08-26 11:00:00,2840.0
2016-08-26 12:00:00,2803.0
2016-08-26 13:00:00,2884.0
2016-08-26 14:00:00,2954.0
2016-08-26 15:00:00,3066.0
2016-08-26 16:00:00,3148.0
2016-08-26 17:00:00,3069.0
2016-08-26 18:00:00,2986.0
2016-08-26 19:00:00,2911.0
2016-08-26 20:00:00,2933.0
2016-08-26 21:00:00,2910.0
2016-08-26 22:00:00,2899.0
2016-08-26 23:00:00,2862.0
2016-08-27 00:00:00,2810.0
2016-08-27 01:00:00,2866.0
2016-08-27 02:00:00,2885.0
2016-08-27 03:00:00,2894.0
2016-08-27 04:00:00,2838.0
2016-08-27 05:00:00,2868.0
2016-08-27 06:00:00,2795.0
2016-08-27 07:00:00,2808.0
2016-08-27 08:00:00,2924.0
2016-08-27 09:00:00,3013.0
2016-08-27 10:00:00,2993.0
2016-08-27 11:00:00,3340.0
2016-08-27 12:00:00,3368.0
2016-08-27 13:00:00,3575.0
2016-08-27 14:00:00,3706.0
2016-08-27 15:00:00,3602.0
2016-08-27 16:00:00,3519.0
2016-08-27 17:00:00,3518.0
2016-08-27 18:00:00,3581.0
2016-08-27 19:00:00,3740.0
2016-08-27 20:00:00,3679.0
2016-08-27 21:00:00,3561.0
2016-08-27 22:00:00,3347.0
2016-08-27 23:00:00,3620.0
2016-08-28 00:00:00,3604.0
2016-08-28 01:00:00,3817.0
2016-08-28 02:00:00,3550.0
2016-08-28 03:00:00,3466.0
2016-08-28 04:00:00,3351.0
2016-08-28 05:00:00,3204.0
2016-08-28 06:00:00,3093.0
2016-08-28 07:00:00,3021.0
2016-08-28 08:00:00,2985.0
2016-08-28 09:00:00,3022.0
2016-08-28 10:00:00,3156.0
2016-08-28 11:00:00,3601.0
2016-08-28 12:00:00,3697.0
2016-08-28 13:00:00,3678.0
2016-08-28 14:00:00,3794.0
2016-08-28 15:00:00,3774.0
2016-08-28 16:00:00,3690.0
2016-08-28 17:00:00,3708.0
2016-08-28 18:00:00,3555.0
2016-08-28 19:00:00,3595.0
2016-08-28 20:00:00,3492.0
2016-08-28 21:00:00,3580.0
2016-08-28 22:00:00,3332.0
2016-08-28 23:00:00,3600.0
2016-08-29 00:00:00,3590.0
2016-08-29 01:00:00,3776.0
2016-08-29 02:00:00,3573.0
2016-08-29 03:00:00,3456.0
2016-08-29 04:00:00,3206.0
2016-08-29 05:00:00,3094.0
2016-08-29 06:00:00,2978.0
2016-08-29 07:00:00,2961.0
2016-08-29 08:00:00,2939.0
2016-08-29 09:00:00,2903.0
2016-08-29 10:00:00,2979.0
2016-08-29 11:00:00,3365.0
2016-08-29 12:00:00,3524.0
2016-08-29 13:00:00,3633.0
2016-08-29 14:00:00,3823.0
2016-08-29 15:00:00,3578.0
2016-08-29 16:00:00,3678.0
2016-08-29 17:00:00,3555.0
2016-08-29 18:00:00,3710.0
2016-08-29 19:00:00,3672.0
2016-08-29 20:00:00,3618.0
2016-08-29 21:00:00,3572.0
2016-08-29 22:00:00,3400.0
2016-08-29 23:00:00,3521.0
2016-08-30 00:00:00,3443.0
2016-08-30 01:00:00,3579.0
2016-08-30 02:00:00,3372.0
2016-08-30 03:00:00,3375.0
2016-08-30 04:00:00,3313.0
2016-08-30 05:00:00,3149.0
2016-08-30 06:00:00,3033.0
2016-08-30 07:00:00,3072.0
2016-08-30 08:00:00,3047.0
2016-08-30 09:00:00,3003.0
2016-08-30 10:00:00,3100.0
2016-08-30 11:00:00,3516.0
2016-08-30 12:00:00,3584.0
2016-08-30 13:00:00,3552.0
2016-08-30 14:00:00,3669.0
2016-08-30 15:00:00,3566.0
2016-08-30 16:00:00,3675.0
2016-08-30 17:00:00,3643.0
2016-08-30 18:00:00,3580.0
2016-08-30 19:00:00,3694.0
2016-08-30 20:00:00,3491.0
2016-08-30 21:00:00,3524.0
2016-08-30 22:00:00,3360.0
2016-08-30 23:00:00,3610.0
2016-08-31 00:00:00,3668.0
2016-08-31 01:00:00,3750.0
2016-08-31 02:00:00,3693.0
2016-08-31 03:00:00,3596.0
2016-08-31 04:00:00,3356.0
2016-08-31 05:00:00,3290.0
2016-08-31 06:00:00,2993.0
2016-08-31 07:00:00,3046.0
2016-08-31 08:00:00,3028.0
2016-08-31 09:00:00,2981.0
2016-08-31 10:00:00,3097.0
2016-08-31 11:00:00,3505.0
2016-08-31 12:00:00,3606.0
2016-08-31 13:00:00,3631.0
2016-08-31 14:00:00,3725.0
2016-08-31 15:00:00,3647.0
2016-08-31 16:00:00,3608.0
2016-08-31 17:00:00,3546.0
2016-08-31 18:00:00,3642.0
2016-08-31 19:00:00,3759.0
2016-08-31 20:00:00,3635.0
2016-08-31 21:00:00,3507.0
2016-08-31 22:00:00,3453.0
2016-08-31 23:00:00,3628.0
2016-09-01 00:00:00,3686.0
2016-09-01 01:00:00,3715.0
2016-09-01 02:00:00,3715.0
2016-09-01 03:00:00,3559.0
2016-09-01 04:00:00,3266.0
2016-09-01 05:00:00,3072.0
2016-09-01 06:00:00,3014.0
2016-09-01 07:00:00,2986.0
2016-09-01 08:00:00,2923.0
2016-09-01 09:00:00,2950.0
2016-09-01 10:00:00,2921.0
2016-09-01 11:00:00,2983.0
2016-09-01 12:00:00,3027.0
2016-09-01 13:00:00,3015.0
2016-09-01 14:00:00,3076.0
2016-09-01 15:00:00,2902.0
2016-09-01 16:00:00,2913.0
2016-09-01 17:00:00,3088.0
2016-09-01 18:00:00,3091.0
2016-09-01 19:00:00,3214.0
2016-09-01 20:00:00,3177.0
2016-09-01 21:00:00,3348.0
2016-09-01 22:00:00,3261.0
2016-09-01 23:00:00,3251.0
2016-09-02 00:00:00,3330.0
2016-09-02 01:00:00,3499.0
2016-09-02 02:00:00,3324.0
2016-09-02 03:00:00,3331.0
2016-09-02 04:00:00,3132.0
2016-09-02 05:00:00,3149.0
2016-09-02 06:00:00,2915.0
2016-09-02 07:00:00,2971.0
2016-09-02 08:00:00,2832.0
2016-09-02 09:00:00,2935.0
2016-09-02 10:00:00,2852.0
2016-09-02 11:00:00,2880.0
2016-09-02 12:00:00,2892.0
2016-09-02 13:00:00,2922.0
2016-09-02 14:00:00,2918.0
2016-09-02 15:00:00,3023.0
2016-09-02 16:00:00,3019.0
2016-09-02 17:00:00,3018.0
2016-09-02 18:00:00,2925.0
2016-09-02 19:00:00,2890.0
2016-09-02 20:00:00,2842.0
2016-09-02 21:00:00,2999.0
2016-09-02 22:00:00,2988.0
2016-09-02 23:00:00,2947.0
2016-09-03 00:00:00,2911.0
2016-09-03 01:00:00,2906.0
2016-09-03 02:00:00,2881.0
2016-09-03 03:00:00,2893.0
2016-09-03 04:00:00,2943.0
2016-09-03 05:00:00,2865.0
2016-09-03 06:00:00,2833.0
2016-09-03 07:00:00,2859.0
2016-09-03 08:00:00,2804.0
2016-09-03 09:00:00,2953.0
2016-09-03 10:00:00,2979.0
2016-09-03 11:00:00,3517.0
2016-09-03 12:00:00,3693.0
2016-09-03 13:00:00,3595.0
2016-09-03 14:00:00,3815.0
2016-09-03 15:00:00,3767.0
2016-09-03 16:00:00,3622.0
2016-09-03 17:00:00,3722.0
2016-09-03 18:00:00,3780.0
2016-09-03 19:00:00,3608.0
2016-09-03 20:00:00,3370.0
2016-09-03 21:00:00,3510.0
2016-09-03 22:00:00,3375.0
2016-09-03 23:00:00,3267.0
2016-09-04 00:00:00,3534.0
2016-09-04 01:00:00,3605.0
2016-09-04 02:00:00,3385.0
2016-09-04 03:00:00,3413.0
2016-09-04 04:00:00,3185.0
2016-09-04 05:00:00,3115.0
2016-09-04 06:00:00,2995.0
2016-09-04 07:00:00,2930.0
2016-09-04 08:00:00,2880.0
2016-09-04 09:00:00,3070.0
2016-09-04 10:00:00,3159.0
2016-09-04 11:00:00,3613.0
2016-09-04 12:00:00,3729.0
2016-09-04 13:00:00,3768.0
2016-09-04 14:00:00,3904.0
2016-09-04 15:00:00,3825.0
2016-09-04 16:00:00,3752.0
2016-09-04 17:00:00,3723.0
2016-09-04 18:00:00,3720.0
2016-09-04 19:00:00,3621.0
2016-09-04 20:00:00,3476.0
2016-09-04 21:00:00,3621.0
2016-09-04 22:00:00,3369.0
2016-09-04 23:00:00,3704.0
2016-09-05 00:00:00,3787.0
2016-09-05 01:00:00,3909.0
2016-09-05 02:00:00,3684.0
2016-09-05 03:00:00,3572.0
2016-09-05 04:00:00,3429.0
2016-09-05 05:00:00,3242.0
2016-09-05 06:00:00,3137.0
2016-09-05 07:00:00,2995.0
2016-09-05 08:00:00,2950.0
2016-09-05 09:00:00,3088.0
2016-09-05 10:00:00,3190.0
2016-09-05 11:00:00,3688.0
2016-09-05 12:00:00,3733.0
2016-09-05 13:00:00,3620.0
2016-09-05 14:00:00,3844.0
2016-09-05 15:00:00,3590.0
2016-09-05 16:00:00,3723.0
2016-09-05 17:00:00,3790.0
2016-09-05 18:00:00,3932.0
2016-09-05 19:00:00,3844.0
2016-09-05 20:00:00,3676.0
2016-09-05 21:00:00,3565.0
2016-09-05 22:00:00,3475.0
2016-09-05 23:00:00,3579.0
2016-09-06 00:00:00,3509.0
2016-09-06 01:00:00,3596.0
2016-09-06 02:00:00,3473.0
2016-09-06 03:00:00,3498.0
2016-09-06 04:00:00,3174.0
2016-09-06 05:00:00,3115.0
2016-09-06 06:00:00,3019.0
2016-09-06 07:00:00,3044.0
2016-09-06 08:00:00,3021.0
2016-09-06 09:00:00,3147.0
2016-09-06 10:00:00,3154.0
2016-09-06 11:00:00,3504.0
2016-09-06 12:00:00,3703.0
2016-09-06 13:00:00,3684.0
2016-09-06 14:00:00,3976.0
2016-09-06 15:00:00,3935.0
2016-09-06 16:00:00,3700.0
2016-09-06 17:00:00,4052.0
2016-09-06 18:00:00,4033.0
2016-09-06 19:00:00,3919.0
2016-09-06 20:00:00,3689.0
2016-09-06 21:00:00,3691.0
2016-09-06 22:00:00,3592.0
2016-09-06 23:00:00,3817.0
2016-09-07 00:00:00,3749.0
2016-09-07 01:00:00,3930.0
2016-09-07 02:00:00,3959.0
2016-09-07 03:00:00,3659.0
2016-09-07 04:00:00,3340.0
2016-09-07 05:00:00,3233.0
2016-09-07 06:00:00,3172.0
2016-09-07 07:00:00,3033.0
2016-09-07 08:00:00,3072.0
2016-09-07 09:00:00,3086.0
2016-09-07 10:00:00,3146.0
2016-09-07 11:00:00,3565.0
2016-09-07 12:00:00,3709.0
2016-09-07 13:00:00,3766.0
2016-09-07 14:00:00,4047.0
2016-09-07 15:00:00,3762.0
2016-09-07 16:00:00,3835.0
2016-09-07 17:00:00,3975.0
2016-09-07 18:00:00,3904.0
2016-09-07 19:00:00,4056.0
2016-09-07 20:00:00,3930.0
2016-09-07 21:00:00,3872.0
2016-09-07 22:00:00,3653.0
2016-09-07 23:00:00,3798.0
2016-09-08 00:00:00,3631.0
2016-09-08 01:00:00,3706.0
2016-09-08 02:00:00,3661.0
2016-09-08 03:00:00,3561.0
2016-09-08 04:00:00,3339.0
2016-09-08 05:00:00,3209.0
2016-09-08 06:00:00,3024.0
2016-09-08 07:00:00,2986.0
2016-09-08 08:00:00,3068.0
2016-09-08 09:00:00,3020.0
2016-09-08 10:00:00,3031.0
2016-09-08 11:00:00,3061.0
2016-09-08 12:00:00,3176.0
2016-09-08 13:00:00,3116.0
2016-09-08 14:00:00,3354.0
2016-09-08 15:00:00,3363.0
2016-09-08 16:00:00,3348.0
2016-09-08 17:00:00,3553.0
2016-09-08 18:00:00,3442.0
2016-09-08 19:00:00,3463.0
2016-09-08 20:00:00,3305.0
2016-09-08 21:00:00,3391.0
2016-09-08 22:00:00,3379.0
2016-09-08 23:00:00,3485.0
2016-09-09 00:00:00,3365.0
2016-09-09 01:00:00,3407.0
2016-09-09 02:00:00,3350.0
2016-09-09 03:00:00,3200.0
2016-09-09 04:00:00,3039.0
2016-09-09 05:00:00,3017.0
2016-09-09 06:00:00,2929.0
2016-09-09 07:00:00,2917.0
2016-09-09 08:00:00,2933.0
2016-09-09 09:00:00,2853.0
2016-09-09 10:00:00,2832.0
2016-09-09 11:00:00,2884.0
2016-09-09 12:00:00,2880.0
2016-09-09 13:00:00,2931.0
2016-09-09 14:00:00,3050.0
2016-09-09 15:00:00,3224.0
2016-09-09 16:00:00,3191.0
2016-09-09 17:00:00,3245.0
2016-09-09 18:00:00,3235.0
2016-09-09 19:00:00,3192.0
2016-09-09 20:00:00,3165.0
2016-09-09 21:00:00,3226.0
2016-09-09 22:00:00,3151.0
2016-09-09 23:00:00,3107.0
2016-09-10 00:00:00,3007.0
2016-09-10 01:00:00,2977.0
2016-09-10 02:00:00,3015.0
2016-09-10 03:00:00,3042.0
2016-09-10 04:00:00,2962.0
2016-09-10 05:00:00,2952.0
2016-09-10 06:00:00,2877.0
2016-09-10 07:00:00,2839.0
2016-09-10 08:00:00,2901.0
2016-09-10 09:00:00,2910.0
2016-09-10 10:00:00,2997.0
2016-09-10 11:00:00,3427.0
2016-09-10 12:00:00,3622.0
2016-09-10 13:00:00,3815.0
2016-09-10 14:00:00,3939.0
2016-09-10 15:00:00,3713.0
2016-09-10 16:00:00,3840.0
2016-09-10 17:00:00,4001.0
2016-09-10 18:00:00,3955.0
2016-09-10 19:00:00,3921.0
2016-09-10 20:00:00,3782.0
2016-09-10 21:00:00,3566.0
2016-09-10 22:00:00,3398.0
2016-09-10 23:00:00,3683.0
2016-09-11 00:00:00,3658.0
2016-09-11 01:00:00,3693.0
2016-09-11 02:00:00,3632.0
2016-09-11 03:00:00,3491.0
2016-09-11 04:00:00,3148.0
2016-09-11 05:00:00,3175.0
2016-09-11 06:00:00,2927.0
2016-09-11 07:00:00,2935.0
2016-09-11 08:00:00,2952.0
2016-09-11 09:00:00,2995.0
2016-09-11 10:00:00,3146.0
2016-09-11 11:00:00,3484.0
2016-09-11 12:00:00,3713.0
2016-09-11 13:00:00,3863.0
2016-09-11 14:00:00,3976.0
2016-09-11 15:00:00,3916.0
2016-09-11 16:00:00,4055.0
2016-09-11 17:00:00,4233.0
2016-09-11 18:00:00,4132.0
2016-09-11 19:00:00,4142.0
2016-09-11 20:00:00,3837.0
2016-09-11 21:00:00,3586.0
2016-09-11 22:00:00,3371.0
2016-09-11 23:00:00,3548.0
2016-09-12 00:00:00,3812.0
2016-09-12 01:00:00,3863.0
2016-09-12 02:00:00,3721.0
2016-09-12 03:00:00,3579.0
2016-09-12 04:00:00,3311.0
2016-09-12 05:00:00,3280.0
2016-09-12 06:00:00,3015.0
2016-09-12 07:00:00,3006.0
2016-09-12 08:00:00,3049.0
2016-09-12 09:00:00,3088.0
2016-09-12 10:00:00,3246.0
2016-09-12 11:00:00,3662.0
2016-09-12 12:00:00,4003.0
2016-09-12 13:00:00,3884.0
2016-09-12 14:00:00,4066.0
2016-09-12 15:00:00,4219.0
2016-09-12 16:00:00,4038.0
2016-09-12 17:00:00,4205.0
2016-09-12 18:00:00,4104.0
2016-09-12 19:00:00,4105.0
2016-09-12 20:00:00,3922.0
2016-09-12 21:00:00,3857.0
2016-09-12 22:00:00,3653.0
2016-09-12 23:00:00,3643.0
2016-09-13 00:00:00,3577.0
2016-09-13 01:00:00,3623.0
2016-09-13 02:00:00,3557.0
2016-09-13 03:00:00,3447.0
2016-09-13 04:00:00,3228.0
2016-09-13 05:00:00,3166.0
2016-09-13 06:00:00,3015.0
2016-09-13 07:00:00,3011.0
2016-09-13 08:00:00,3115.0
2016-09-13 09:00:00,3132.0
2016-09-13 10:00:00,3111.0
2016-09-13 11:00:00,3505.0
2016-09-13 12:00:00,3700.0
2016-09-13 13:00:00,3693.0
2016-09-13 14:00:00,4045.0
2016-09-13 15:00:00,3970.0
2016-09-13 16:00:00,4031.0
2016-09-13 17:00:00,4056.0
2016-09-13 18:00:00,4100.0
2016-09-13 19:00:00,4069.0
2016-09-13 20:00:00,3788.0
2016-09-13 21:00:00,3642.0
2016-09-13 22:00:00,3395.0
2016-09-13 23:00:00,3623.0
2016-09-14 00:00:00,3746.0
2016-09-14 01:00:00,3876.0
2016-09-14 02:00:00,3621.0
2016-09-14 03:00:00,3558.0
2016-09-14 04:00:00,3306.0
2016-09-14 05:00:00,3097.0
2016-09-14 06:00:00,3070.0
2016-09-14 07:00:00,3015.0
2016-09-14 08:00:00,3011.0
2016-09-14 09:00:00,3015.0
2016-09-14 10:00:00,3065.0
2016-09-14 11:00:00,3529.0
2016-09-14 12:00:00,3537.0
2016-09-14 13:00:00,3573.0
2016-09-14 14:00:00,3924.0
2016-09-14 15:00:00,3781.0
2016-09-14 16:00:00,3695.0
2016-09-14 17:00:00,3830.0
2016-09-14 18:00:00,3994.0
2016-09-14 19:00:00,3860.0
2016-09-14 20:00:00,3486.0
2016-09-14 21:00:00,3393.0
2016-09-14 22:00:00,3423.0
2016-09-14 23:00:00,3654.0
2016-09-15 00:00:00,3558.0
2016-09-15 01:00:00,3628.0
2016-09-15 02:00:00,3642.0
2016-09-15 03:00:00,3454.0
2016-09-15 04:00:00,3213.0
2016-09-15 05:00:00,3043.0
2016-09-15 06:00:00,3030.0
2016-09-15 07:00:00,2990.0
2016-09-15 08:00:00,2944.0
2016-09-15 09:00:00,2938.0
2016-09-15 10:00:00,3076.0
2016-09-15 11:00:00,3124.0
2016-09-15 12:00:00,3015.0
2016-09-15 13:00:00,3041.0
2016-09-15 14:00:00,3124.0
2016-09-15 15:00:00,2982.0
2016-09-15 16:00:00,3024.0
2016-09-15 17:00:00,3071.0
2016-09-15 18:00:00,3032.0
2016-09-15 19:00:00,3138.0
2016-09-15 20:00:00,3097.0
2016-09-15 21:00:00,3176.0
2016-09-15 22:00:00,3106.0
2016-09-15 23:00:00,3337.0
2016-09-16 00:00:00,3253.0
2016-09-16 01:00:00,3349.0
2016-09-16 02:00:00,3226.0
2016-09-16 03:00:00,3221.0
2016-09-16 04:00:00,3073.0
2016-09-16 05:00:00,2960.0
2016-09-16 06:00:00,2806.0
2016-09-16 07:00:00,2807.0
2016-09-16 08:00:00,2892.0
2016-09-16 09:00:00,2787.0
2016-09-16 10:00:00,2790.0
2016-09-16 11:00:00,2773.0
2016-09-16 12:00:00,2727.0
2016-09-16 13:00:00,2804.0
2016-09-16 14:00:00,2812.0
2016-09-16 15:00:00,2893.0
2016-09-16 16:00:00,2841.0
2016-09-16 17:00:00,2917.0
2016-09-16 18:00:00,2773.0
2016-09-16 19:00:00,2784.0
2016-09-16 20:00:00,2844.0
2016-09-16 21:00:00,2949.0
2016-09-16 22:00:00,2904.0
2016-09-16 23:00:00,2927.0
2016-09-17 00:00:00,2783.0
2016-09-17 01:00:00,2808.0
2016-09-17 02:00:00,2865.0
2016-09-17 03:00:00,2874.0
2016-09-17 04:00:00,2849.0
2016-09-17 05:00:00,2769.0
2016-09-17 06:00:00,2705.0
2016-09-17 07:00:00,2745.0
2016-09-17 08:00:00,2776.0
2016-09-17 09:00:00,2835.0
2016-09-17 10:00:00,2917.0
2016-09-17 11:00:00,3313.0
2016-09-17 12:00:00,3428.0
2016-09-17 13:00:00,3429.0
2016-09-17 14:00:00,3768.0
2016-09-17 15:00:00,3807.0
2016-09-17 16:00:00,3749.0
2016-09-17 17:00:00,3650.0
2016-09-17 18:00:00,3683.0
2016-09-17 19:00:00,3598.0
2016-09-17 20:00:00,3390.0
2016-09-17 21:00:00,3360.0
2016-09-17 22:00:00,3271.0
2016-09-17 23:00:00,3409.0
2016-09-18 00:00:00,3446.0
2016-09-18 01:00:00,3705.0
2016-09-18 02:00:00,3713.0
2016-09-18 03:00:00,3459.0
2016-09-18 04:00:00,3206.0
2016-09-18 05:00:00,3023.0
2016-09-18 06:00:00,2990.0
2016-09-18 07:00:00,2967.0
2016-09-18 08:00:00,2899.0
2016-09-18 09:00:00,2929.0
2016-09-18 10:00:00,3050.0
2016-09-18 11:00:00,3491.0
2016-09-18 12:00:00,3622.0
2016-09-18 13:00:00,3738.0
2016-09-18 14:00:00,3736.0
2016-09-18 15:00:00,3631.0
2016-09-18 16:00:00,3681.0
2016-09-18 17:00:00,3694.0
2016-09-18 18:00:00,3664.0
2016-09-18 19:00:00,3640.0
2016-09-18 20:00:00,3533.0
2016-09-18 21:00:00,3451.0
2016-09-18 22:00:00,3312.0
2016-09-18 23:00:00,3544.0
2016-09-19 00:00:00,3490.0
2016-09-19 01:00:00,3617.0
2016-09-19 02:00:00,3511.0
2016-09-19 03:00:00,3372.0
2016-09-19 04:00:00,3258.0
2016-09-19 05:00:00,3030.0
2016-09-19 06:00:00,2933.0
2016-09-19 07:00:00,3013.0
2016-09-19 08:00:00,2965.0
2016-09-19 09:00:00,2967.0
2016-09-19 10:00:00,3040.0
2016-09-19 11:00:00,3556.0
2016-09-19 12:00:00,3747.0
2016-09-19 13:00:00,3588.0
2016-09-19 14:00:00,3726.0
2016-09-19 15:00:00,3594.0
2016-09-19 16:00:00,3785.0
2016-09-19 17:00:00,3704.0
2016-09-19 18:00:00,3710.0
2016-09-19 19:00:00,3799.0
2016-09-19 20:00:00,3380.0
2016-09-19 21:00:00,3305.0
2016-09-19 22:00:00,3260.0
2016-09-19 23:00:00,3302.0
2016-09-20 00:00:00,3343.0
2016-09-20 01:00:00,3455.0
2016-09-20 02:00:00,3262.0
2016-09-20 03:00:00,3249.0
2016-09-20 04:00:00,3055.0
2016-09-20 05:00:00,3044.0
2016-09-20 06:00:00,2863.0
2016-09-20 07:00:00,2902.0
2016-09-20 08:00:00,2893.0
2016-09-20 09:00:00,3054.0
2016-09-20 10:00:00,2994.0
2016-09-20 11:00:00,3471.0
2016-09-20 12:00:00,3481.0
2016-09-20 13:00:00,3654.0
2016-09-20 14:00:00,3654.0
2016-09-20 15:00:00,3465.0
2016-09-20 16:00:00,3647.0
2016-09-20 17:00:00,3746.0
2016-09-20 18:00:00,3806.0
2016-09-20 19:00:00,3758.0
2016-09-20 20:00:00,3548.0
2016-09-20 21:00:00,3638.0
2016-09-20 22:00:00,3528.0
2016-09-20 23:00:00,3636.0
2016-09-21 00:00:00,3632.0
2016-09-21 01:00:00,3679.0
2016-09-21 02:00:00,3483.0
2016-09-21 03:00:00,3378.0
2016-09-21 04:00:00,3181.0
2016-09-21 05:00:00,3052.0
2016-09-21 06:00:00,2987.0
2016-09-21 07:00:00,2936.0
2016-09-21 08:00:00,2931.0
2016-09-21 09:00:00,2991.0
2016-09-21 10:00:00,3091.0
2016-09-21 11:00:00,3567.0
2016-09-21 12:00:00,3709.0
2016-09-21 13:00:00,3658.0
2016-09-21 14:00:00,3835.0
2016-09-21 15:00:00,3939.0
2016-09-21 16:00:00,4013.0
2016-09-21 17:00:00,3950.0
2016-09-21 18:00:00,3922.0
2016-09-21 19:00:00,3931.0
2016-09-21 20:00:00,3814.0
2016-09-21 21:00:00,3854.0
2016-09-21 22:00:00,3586.0
2016-09-21 23:00:00,3755.0
2016-09-22 00:00:00,3801.0
2016-09-22 01:00:00,3867.0
2016-09-22 02:00:00,3678.0
2016-09-22 03:00:00,3519.0
2016-09-22 04:00:00,3350.0
2016-09-22 05:00:00,3138.0
2016-09-22 06:00:00,3000.0
2016-09-22 07:00:00,2995.0
2016-09-22 08:00:00,3066.0
2016-09-22 09:00:00,3036.0
2016-09-22 10:00:00,3071.0
2016-09-22 11:00:00,3094.0
2016-09-22 12:00:00,3176.0
2016-09-22 13:00:00,3215.0
2016-09-22 14:00:00,3286.0
2016-09-22 15:00:00,3178.0
2016-09-22 16:00:00,3228.0
2016-09-22 17:00:00,3261.0
2016-09-22 18:00:00,3149.0
2016-09-22 19:00:00,3185.0
2016-09-22 20:00:00,3212.0
2016-09-22 21:00:00,3481.0
2016-09-22 22:00:00,3365.0
2016-09-22 23:00:00,3409.0
2016-09-23 00:00:00,3381.0
2016-09-23 01:00:00,3420.0
2016-09-23 02:00:00,3305.0
2016-09-23 03:00:00,0.0
2016-09-23 04:00:00,3172.0
2016-09-23 05:00:00,3089.0
2016-09-23 06:00:00,2965.0
2016-09-23 07:00:00,2839.0
2016-09-23 08:00:00,2878.0
2016-09-23 09:00:00,2966.0
2016-09-23 10:00:00,2795.0
2016-09-23 11:00:00,2917.0
2016-09-23 12:00:00,2919.0
2016-09-23 13:00:00,2887.0
2016-09-23 14:00:00,3034.0
2016-09-23 15:00:00,3181.0
2016-09-23 16:00:00,3215.0
2016-09-23 17:00:00,3207.0
2016-09-23 18:00:00,3190.0
2016-09-23 19:00:00,3149.0
2016-09-23 20:00:00,3232.0
2016-09-23 21:00:00,3253.0
2016-09-23 22:00:00,3209.0
2016-09-23 23:00:00,3213.0
2016-09-24 00:00:00,3035.0
2016-09-24 01:00:00,3008.0
2016-09-24 02:00:00,3006.0
2016-09-24 03:00:00,3023.0
2016-09-24 04:00:00,2929.0
2016-09-24 05:00:00,2955.0
2016-09-24 06:00:00,2897.0
2016-09-24 07:00:00,2843.0
2016-09-24 08:00:00,2926.0
2016-09-24 09:00:00,3142.0
2016-09-24 10:00:00,3106.0
2016-09-24 11:00:00,3443.0
2016-09-24 12:00:00,3648.0
2016-09-24 13:00:00,3676.0
2016-09-24 14:00:00,3953.0
2016-09-24 15:00:00,3966.0
2016-09-24 16:00:00,4010.0
2016-09-24 17:00:00,3902.0
2016-09-24 18:00:00,3916.0
2016-09-24 19:00:00,4080.0
2016-09-24 20:00:00,3973.0
2016-09-24 21:00:00,3961.0
2016-09-24 22:00:00,3714.0
2016-09-24 23:00:00,3830.0
2016-09-25 00:00:00,3875.0
2016-09-25 01:00:00,3927.0
2016-09-25 02:00:00,3876.0
2016-09-25 03:00:00,3722.0
2016-09-25 04:00:00,3481.0
2016-09-25 05:00:00,3300.0
2016-09-25 06:00:00,3110.0
2016-09-25 07:00:00,3049.0
2016-09-25 08:00:00,3096.0
2016-09-25 09:00:00,3148.0
2016-09-25 10:00:00,3067.0
2016-09-25 11:00:00,3646.0
2016-09-25 12:00:00,3835.0
2016-09-25 13:00:00,3817.0
2016-09-25 14:00:00,4113.0
2016-09-25 15:00:00,4084.0
2016-09-25 16:00:00,4089.0
2016-09-25 17:00:00,4237.0
2016-09-25 18:00:00,4276.0
2016-09-25 19:00:00,4140.0
2016-09-25 20:00:00,3827.0
2016-09-25 21:00:00,3880.0
2016-09-25 22:00:00,3599.0
2016-09-25 23:00:00,3850.0
2016-09-26 00:00:00,3983.0
2016-09-26 01:00:00,4011.0
2016-09-26 02:00:00,3806.0
2016-09-26 03:00:00,3675.0
2016-09-26 04:00:00,3461.0
2016-09-26 05:00:00,3372.0
2016-09-26 06:00:00,3227.0
2016-09-26 07:00:00,3047.0
2016-09-26 08:00:00,3123.0
2016-09-26 09:00:00,3229.0
2016-09-26 10:00:00,3118.0
2016-09-26 11:00:00,3640.0
2016-09-26 12:00:00,3882.0
2016-09-26 13:00:00,3738.0
2016-09-26 14:00:00,4106.0
2016-09-26 15:00:00,4282.0
2016-09-26 16:00:00,4042.0
2016-09-26 17:00:00,4071.0
2016-09-26 18:00:00,4226.0
2016-09-26 19:00:00,4232.0
2016-09-26 20:00:00,3721.0
2016-09-26 21:00:00,3723.0
2016-09-26 22:00:00,3731.0
2016-09-26 23:00:00,3789.0
2016-09-27 00:00:00,3870.0
2016-09-27 01:00:00,3720.0
2016-09-27 02:00:00,3586.0
2016-09-27 03:00:00,3555.0
2016-09-27 04:00:00,3359.0
2016-09-27 05:00:00,3200.0
2016-09-27 06:00:00,3134.0
2016-09-27 07:00:00,3001.0
2016-09-27 08:00:00,2970.0
2016-09-27 09:00:00,3091.0
2016-09-27 10:00:00,3070.0
2016-09-27 11:00:00,3472.0
2016-09-27 12:00:00,3741.0
2016-09-27 13:00:00,3706.0
2016-09-27 14:00:00,4000.0
2016-09-27 15:00:00,4153.0
2016-09-27 16:00:00,4049.0
2016-09-27 17:00:00,3261.0
2016-09-27 18:00:00,4148.0
2016-09-27 19:00:00,4122.0
2016-09-27 20:00:00,3682.0
2016-09-27 21:00:00,3765.0
2016-09-27 22:00:00,3616.0
2016-09-27 23:00:00,3690.0
2016-09-28 00:00:00,3795.0
2016-09-28 01:00:00,3849.0
2016-09-28 02:00:00,3768.0
2016-09-28 03:00:00,3623.0
2016-09-28 04:00:00,3265.0
2016-09-28 05:00:00,3179.0
2016-09-28 06:00:00,3133.0
2016-09-28 07:00:00,3005.0
2016-09-28 08:00:00,3092.0
2016-09-28 09:00:00,3159.0
2016-09-28 10:00:00,3137.0
2016-09-28 11:00:00,3498.0
2016-09-28 12:00:00,3815.0
2016-09-28 13:00:00,3623.0
2016-09-28 14:00:00,3888.0
2016-09-28 15:00:00,3817.0
2016-09-28 16:00:00,3749.0
2016-09-28 17:00:00,3833.0
2016-09-28 18:00:00,3969.0
2016-09-28 19:00:00,3757.0
2016-09-28 20:00:00,3773.0
2016-09-28 21:00:00,3678.0
2016-09-28 22:00:00,3614.0
2016-09-28 23:00:00,3656.0
2016-09-29 00:00:00,3618.0
2016-09-29 01:00:00,3682.0
2016-09-29 02:00:00,3668.0
2016-09-29 03:00:00,3474.0
2016-09-29 04:00:00,3366.0
2016-09-29 05:00:00,3293.0
2016-09-29 06:00:00,3118.0
2016-09-29 07:00:00,3050.0
2016-09-29 08:00:00,3036.0
2016-09-29 09:00:00,3088.0
2016-09-29 10:00:00,2959.0
2016-09-29 11:00:00,3141.0
2016-09-29 12:00:00,3051.0
2016-09-29 13:00:00,2974.0
2016-09-29 14:00:00,3241.0
2016-09-29 15:00:00,3297.0
2016-09-29 16:00:00,3329.0
2016-09-29 17:00:00,3394.0
2016-09-29 18:00:00,3601.0
2016-09-29 19:00:00,3484.0
2016-09-29 20:00:00,3365.0
2016-09-29 21:00:00,3619.0
2016-09-29 22:00:00,3471.0
2016-09-29 23:00:00,3434.0
2016-09-30 00:00:00,3388.0
2016-09-30 01:00:00,3392.0
2016-09-30 02:00:00,3410.0
2016-09-30 03:00:00,3306.0
2016-09-30 04:00:00,3150.0
2016-09-30 05:00:00,3046.0
2016-09-30 06:00:00,2970.0
2016-09-30 07:00:00,2835.0
2016-09-30 08:00:00,2948.0
2016-09-30 09:00:00,2957.0
2016-09-30 10:00:00,2793.0
2016-09-30 11:00:00,2827.0
2016-09-30 12:00:00,2676.0
2016-09-30 13:00:00,2706.0
2016-09-30 14:00:00,2895.0
2016-09-30 15:00:00,3033.0
2016-09-30 16:00:00,2981.0
2016-09-30 17:00:00,3121.0
2016-09-30 18:00:00,3061.0
2016-09-30 19:00:00,3025.0
2016-09-30 20:00:00,2960.0
2016-09-30 21:00:00,2965.0
2016-09-30 22:00:00,2890.0
2016-09-30 23:00:00,2944.0
2016-10-01 00:00:00,2879.0
2016-10-01 01:00:00,2781.0
2016-10-01 02:00:00,2867.0
2016-10-01 03:00:00,2890.0
2016-10-01 04:00:00,2815.0
2016-10-01 05:00:00,2814.0
2016-10-01 06:00:00,2795.0
2016-10-01 07:00:00,2826.0
2016-10-01 08:00:00,2803.0
2016-10-01 09:00:00,3026.0
2016-10-01 10:00:00,2989.0
2016-10-01 11:00:00,3197.0
2016-10-01 12:00:00,3616.0
2016-10-01 13:00:00,3599.0
2016-10-01 14:00:00,3773.0
2016-10-01 15:00:00,3638.0
2016-10-01 16:00:00,3526.0
2016-10-01 17:00:00,3659.0
2016-10-01 18:00:00,3803.0
2016-10-01 19:00:00,3569.0
2016-10-01 20:00:00,3495.0
2016-10-01 21:00:00,3601.0
2016-10-01 22:00:00,3484.0
2016-10-01 23:00:00,3501.0
2016-10-02 00:00:00,3609.0
2016-10-02 01:00:00,3850.0
2016-10-02 02:00:00,3755.0
2016-10-02 03:00:00,3499.0
2016-10-02 04:00:00,3287.0
2016-10-02 05:00:00,3196.0
2016-10-02 06:00:00,3086.0
2016-10-02 07:00:00,2922.0
2016-10-02 08:00:00,3021.0
2016-10-02 09:00:00,3263.0
2016-10-02 10:00:00,3068.0
2016-10-02 11:00:00,3484.0
2016-10-02 12:00:00,3509.0
2016-10-02 13:00:00,3536.0
2016-10-02 14:00:00,3842.0
2016-10-02 15:00:00,3615.0
2016-10-02 16:00:00,3649.0
2016-10-02 17:00:00,3635.0
2016-10-02 18:00:00,3742.0
2016-10-02 19:00:00,3669.0
2016-10-02 20:00:00,3501.0
2016-10-02 21:00:00,3504.0
2016-10-02 22:00:00,3296.0
2016-10-02 23:00:00,3583.0
2016-10-03 00:00:00,3733.0
2016-10-03 01:00:00,3705.0
2016-10-03 02:00:00,3682.0
2016-10-03 03:00:00,3650.0
2016-10-03 04:00:00,3312.0
2016-10-03 05:00:00,3185.0
2016-10-03 06:00:00,3185.0
2016-10-03 07:00:00,3087.0
2016-10-03 08:00:00,3104.0
2016-10-03 09:00:00,3116.0
2016-10-03 10:00:00,3127.0
2016-10-03 11:00:00,3484.0
2016-10-03 12:00:00,3506.0
2016-10-03 13:00:00,3491.0
2016-10-03 14:00:00,3719.0
2016-10-03 15:00:00,3913.0
2016-10-03 16:00:00,3599.0
2016-10-03 17:00:00,3608.0
2016-10-03 18:00:00,3661.0
2016-10-03 19:00:00,3521.0
2016-10-03 20:00:00,3621.0
2016-10-03 21:00:00,3491.0
2016-10-03 22:00:00,3426.0
2016-10-03 23:00:00,3587.0
2016-10-04 00:00:00,3667.0
2016-10-04 01:00:00,3664.0
2016-10-04 02:00:00,3598.0
2016-10-04 03:00:00,3579.0
2016-10-04 04:00:00,3213.0
2016-10-04 05:00:00,3100.0
2016-10-04 06:00:00,3042.0
2016-10-04 07:00:00,3000.0
2016-10-04 08:00:00,3033.0
2016-10-04 09:00:00,3117.0
2016-10-04 10:00:00,3002.0
2016-10-04 11:00:00,3358.0
2016-10-04 12:00:00,3487.0
2016-10-04 13:00:00,3474.0
2016-10-04 14:00:00,3606.0
2016-10-04 15:00:00,3524.0
2016-10-04 16:00:00,3319.0
2016-10-04 17:00:00,3298.0
2016-10-04 18:00:00,3397.0
2016-10-04 19:00:00,3366.0
2016-10-04 20:00:00,3314.0
2016-10-04 21:00:00,3241.0
2016-10-04 22:00:00,3186.0
2016-10-04 23:00:00,3245.0
2016-10-05 00:00:00,3517.0
2016-10-05 01:00:00,3636.0
2016-10-05 02:00:00,3532.0
2016-10-05 03:00:00,3363.0
2016-10-05 04:00:00,3104.0
2016-10-05 05:00:00,3091.0
2016-10-05 06:00:00,2992.0
2016-10-05 07:00:00,2931.0
2016-10-05 08:00:00,2943.0
2016-10-05 09:00:00,2921.0
2016-10-05 10:00:00,2824.0
2016-10-05 11:00:00,3021.0
2016-10-05 12:00:00,3009.0
2016-10-05 13:00:00,2863.0
2016-10-05 14:00:00,3093.0
2016-10-05 15:00:00,3093.0
2016-10-05 16:00:00,3099.0
2016-10-05 17:00:00,3215.0
2016-10-05 18:00:00,3245.0
2016-10-05 19:00:00,3076.0
2016-10-05 20:00:00,3060.0
2016-10-05 21:00:00,3199.0
2016-10-05 22:00:00,3102.0
2016-10-05 23:00:00,3339.0
2016-10-06 00:00:00,3371.0
2016-10-06 01:00:00,3296.0
2016-10-06 02:00:00,3368.0
2016-10-06 03:00:00,3145.0
2016-10-06 04:00:00,2957.0
2016-10-06 05:00:00,3021.0
2016-10-06 06:00:00,2926.0
2016-10-06 07:00:00,2787.0
2016-10-06 08:00:00,2831.0
2016-10-06 09:00:00,2837.0
2016-10-06 10:00:00,2692.0
2016-10-06 11:00:00,2858.0
2016-10-06 12:00:00,2926.0
2016-10-06 13:00:00,2855.0
2016-10-06 14:00:00,2912.0
2016-10-06 15:00:00,3014.0
2016-10-06 16:00:00,3069.0
2016-10-06 17:00:00,3059.0
2016-10-06 18:00:00,3035.0
2016-10-06 19:00:00,3045.0
2016-10-06 20:00:00,3085.0
2016-10-06 21:00:00,3165.0
2016-10-06 22:00:00,3007.0
2016-10-06 23:00:00,2983.0
2016-10-07 00:00:00,2897.0
2016-10-07 01:00:00,2778.0
2016-10-07 02:00:00,2857.0
2016-10-07 03:00:00,2872.0
2016-10-07 04:00:00,2793.0
2016-10-07 05:00:00,2769.0
2016-10-07 06:00:00,2758.0
2016-10-07 07:00:00,2684.0
2016-10-07 08:00:00,2784.0
2016-10-07 09:00:00,2759.0
2016-10-07 10:00:00,2606.0
2016-10-07 11:00:00,2712.0
2016-10-07 12:00:00,2670.0
2016-10-07 13:00:00,2780.0
2016-10-07 14:00:00,2858.0
2016-10-07 15:00:00,3020.0
2016-10-07 16:00:00,2849.0
2016-10-07 17:00:00,3008.0
2016-10-07 18:00:00,3004.0
2016-10-07 19:00:00,3059.0
2016-10-07 20:00:00,3101.0
2016-10-07 21:00:00,3089.0
2016-10-07 22:00:00,3071.0
2016-10-07 23:00:00,3023.0
2016-10-08 00:00:00,2968.0
2016-10-08 01:00:00,2802.0
2016-10-08 02:00:00,2821.0
2016-10-08 03:00:00,2894.0
2016-10-08 04:00:00,2800.0
2016-10-08 05:00:00,2742.0
2016-10-08 06:00:00,2749.0
2016-10-08 07:00:00,2706.0
2016-10-08 08:00:00,2820.0
2016-10-08 09:00:00,2917.0
2016-10-08 10:00:00,2929.0
2016-10-08 11:00:00,3170.0
2016-10-08 12:00:00,3520.0
2016-10-08 13:00:00,3475.0
2016-10-08 14:00:00,3699.0
2016-10-08 15:00:00,3832.0
2016-10-08 16:00:00,3868.0
2016-10-08 17:00:00,3798.0
2016-10-08 18:00:00,3904.0
2016-10-08 19:00:00,3732.0
2016-10-08 20:00:00,3790.0
2016-10-08 21:00:00,3649.0
2016-10-08 22:00:00,3403.0
2016-10-08 23:00:00,3593.0
2016-10-09 00:00:00,3814.0
2016-10-09 01:00:00,3668.0
2016-10-09 02:00:00,3756.0
2016-10-09 03:00:00,3532.0
2016-10-09 04:00:00,3219.0
2016-10-09 05:00:00,3199.0
2016-10-09 06:00:00,3085.0
2016-10-09 07:00:00,2984.0
2016-10-09 08:00:00,2923.0
2016-10-09 09:00:00,3111.0
2016-10-09 10:00:00,3044.0
2016-10-09 11:00:00,3503.0
2016-10-09 12:00:00,3658.0
2016-10-09 13:00:00,3668.0
2016-10-09 14:00:00,3913.0
2016-10-09 15:00:00,3704.0
2016-10-09 16:00:00,3641.0
2016-10-09 17:00:00,3696.0
2016-10-09 18:00:00,3781.0
2016-10-09 19:00:00,3661.0
2016-10-09 20:00:00,3579.0
2016-10-09 21:00:00,3498.0
2016-10-09 22:00:00,3330.0
2016-10-09 23:00:00,3601.0
2016-10-10 00:00:00,3563.0
2016-10-10 01:00:00,3548.0
2016-10-10 02:00:00,3504.0
2016-10-10 03:00:00,3397.0
2016-10-10 04:00:00,3288.0
2016-10-10 05:00:00,3229.0
2016-10-10 06:00:00,3150.0
2016-10-10 07:00:00,3058.0
2016-10-10 08:00:00,3031.0
2016-10-10 09:00:00,3126.0
2016-10-10 10:00:00,3177.0
2016-10-10 11:00:00,3499.0
2016-10-10 12:00:00,3615.0
2016-10-10 13:00:00,3706.0
2016-10-10 14:00:00,3721.0
2016-10-10 15:00:00,3495.0
2016-10-10 16:00:00,3548.0
2016-10-10 17:00:00,3718.0
2016-10-10 18:00:00,3622.0
2016-10-10 19:00:00,3541.0
2016-10-10 20:00:00,3409.0
2016-10-10 21:00:00,3513.0
2016-10-10 22:00:00,3423.0
2016-10-10 23:00:00,3567.0
2016-10-11 00:00:00,3554.0
2016-10-11 01:00:00,3724.0
2016-10-11 02:00:00,3505.0
2016-10-11 03:00:00,3471.0
2016-10-11 04:00:00,3370.0
2016-10-11 05:00:00,3187.0
2016-10-11 06:00:00,3176.0
2016-10-11 07:00:00,3101.0
2016-10-11 08:00:00,3088.0
2016-10-11 09:00:00,3216.0
2016-10-11 10:00:00,3192.0
2016-10-11 11:00:00,3513.0
2016-10-11 12:00:00,3684.0
2016-10-11 13:00:00,3693.0
2016-10-11 14:00:00,3859.0
2016-10-11 15:00:00,3793.0
2016-10-11 16:00:00,3666.0
2016-10-11 17:00:00,3744.0
2016-10-11 18:00:00,3755.0
2016-10-11 19:00:00,3680.0
2016-10-11 20:00:00,3555.0
2016-10-11 21:00:00,3563.0
2016-10-11 22:00:00,3454.0
2016-10-11 23:00:00,3622.0
2016-10-12 00:00:00,3692.0
2016-10-12 01:00:00,3822.0
2016-10-12 02:00:00,3671.0
2016-10-12 03:00:00,3513.0
2016-10-12 04:00:00,3455.0
2016-10-12 05:00:00,3257.0
2016-10-12 06:00:00,3113.0
2016-10-12 07:00:00,3103.0
2016-10-12 08:00:00,3119.0
2016-10-12 09:00:00,3162.0
2016-10-12 10:00:00,3076.0
2016-10-12 11:00:00,3300.0
2016-10-12 12:00:00,3629.0
2016-10-12 13:00:00,3605.0
2016-10-12 14:00:00,3580.0
2016-10-12 15:00:00,3520.0
2016-10-12 16:00:00,3604.0
2016-10-12 17:00:00,3706.0
2016-10-12 18:00:00,3727.0
2016-10-12 19:00:00,3653.0
2016-10-12 20:00:00,3451.0
2016-10-12 21:00:00,3384.0
2016-10-12 22:00:00,3338.0
2016-10-12 23:00:00,3528.0
2016-10-13 00:00:00,3669.0
2016-10-13 01:00:00,3780.0
2016-10-13 02:00:00,3666.0
2016-10-13 03:00:00,3507.0
2016-10-13 04:00:00,3362.0
2016-10-13 05:00:00,3239.0
2016-10-13 06:00:00,3262.0
2016-10-13 07:00:00,3129.0
2016-10-13 08:00:00,3164.0
2016-10-13 09:00:00,3209.0
2016-10-13 10:00:00,2897.0
2016-10-13 11:00:00,3233.0
2016-10-13 12:00:00,3276.0
2016-10-13 13:00:00,3074.0
2016-10-13 14:00:00,3137.0
2016-10-13 15:00:00,3132.0
2016-10-13 16:00:00,3175.0
2016-10-13 17:00:00,3258.0
2016-10-13 18:00:00,3297.0
2016-10-13 19:00:00,3106.0
2016-10-13 20:00:00,3261.0
2016-10-13 21:00:00,3331.0
2016-10-13 22:00:00,3191.0
2016-10-13 23:00:00,3486.0
2016-10-14 00:00:00,3311.0
2016-10-14 01:00:00,3198.0
2016-10-14 02:00:00,3273.0
2016-10-14 03:00:00,3206.0
2016-10-14 04:00:00,3099.0
2016-10-14 05:00:00,2924.0
2016-10-14 06:00:00,2799.0
2016-10-14 07:00:00,2859.0
2016-10-14 08:00:00,2819.0
2016-10-14 09:00:00,2879.0
2016-10-14 10:00:00,2790.0
2016-10-14 11:00:00,2715.0
2016-10-14 12:00:00,2838.0
2016-10-14 13:00:00,2759.0
2016-10-14 14:00:00,2863.0
2016-10-14 15:00:00,2947.0
2016-10-14 16:00:00,2910.0
2016-10-14 17:00:00,2876.0
2016-10-14 18:00:00,2905.0
2016-10-14 19:00:00,2881.0
2016-10-14 20:00:00,2867.0
2016-10-14 21:00:00,2950.0
2016-10-14 22:00:00,2894.0
2016-10-14 23:00:00,2943.0
2016-10-15 00:00:00,2915.0
2016-10-15 01:00:00,2790.0
2016-10-15 02:00:00,2869.0
2016-10-15 03:00:00,2889.0
2016-10-15 04:00:00,2894.0
2016-10-15 05:00:00,2811.0
2016-10-15 06:00:00,2831.0
2016-10-15 07:00:00,2791.0
2016-10-15 08:00:00,2774.0
2016-10-15 09:00:00,2968.0
2016-10-15 10:00:00,3067.0
2016-10-15 11:00:00,3298.0
2016-10-15 12:00:00,3510.0
2016-10-15 13:00:00,3569.0
2016-10-15 14:00:00,3690.0
2016-10-15 15:00:00,3579.0
2016-10-15 16:00:00,3605.0
2016-10-15 17:00:00,3637.0
2016-10-15 18:00:00,3697.0
2016-10-15 19:00:00,3780.0
2016-10-15 20:00:00,3572.0
2016-10-15 21:00:00,3547.0
2016-10-15 22:00:00,3519.0
2016-10-15 23:00:00,3522.0
2016-10-16 00:00:00,3605.0
2016-10-16 01:00:00,3756.0
2016-10-16 02:00:00,3819.0
2016-10-16 03:00:00,3601.0
2016-10-16 04:00:00,3325.0
2016-10-16 05:00:00,3204.0
2016-10-16 06:00:00,3043.0
2016-10-16 07:00:00,3023.0
2016-10-16 08:00:00,3068.0
2016-10-16 09:00:00,3158.0
2016-10-16 10:00:00,3260.0
2016-10-16 11:00:00,3451.0
2016-10-16 12:00:00,3765.0
2016-10-16 13:00:00,3675.0
2016-10-16 14:00:00,3845.0
2016-10-16 15:00:00,3868.0
2016-10-16 16:00:00,3702.0
2016-10-16 17:00:00,3664.0
2016-10-16 18:00:00,3790.0
2016-10-16 19:00:00,3891.0
2016-10-16 20:00:00,3662.0
2016-10-16 21:00:00,3677.0
2016-10-16 22:00:00,3504.0
2016-10-16 23:00:00,3724.0
2016-10-17 00:00:00,3839.0
2016-10-17 01:00:00,3811.0
2016-10-17 02:00:00,3753.0
2016-10-17 03:00:00,3522.0
2016-10-17 04:00:00,3308.0
2016-10-17 05:00:00,3272.0
2016-10-17 06:00:00,3079.0
2016-10-17 07:00:00,3004.0
2016-10-17 08:00:00,2988.0
2016-10-17 09:00:00,3126.0
2016-10-17 10:00:00,3138.0
2016-10-17 11:00:00,3484.0
2016-10-17 12:00:00,3723.0
2016-10-17 13:00:00,3647.0
2016-10-17 14:00:00,3830.0
2016-10-17 15:00:00,3719.0
2016-10-17 16:00:00,3541.0
2016-10-17 17:00:00,3747.0
2016-10-17 18:00:00,3787.0
2016-10-17 19:00:00,3925.0
2016-10-17 20:00:00,3711.0
2016-10-17 21:00:00,3618.0
2016-10-17 22:00:00,3495.0
2016-10-17 23:00:00,3639.0
2016-10-18 00:00:00,3588.0
2016-10-18 01:00:00,3527.0
2016-10-18 02:00:00,3543.0
2016-10-18 03:00:00,3406.0
2016-10-18 04:00:00,3289.0
2016-10-18 05:00:00,3265.0
2016-10-18 06:00:00,3226.0
2016-10-18 07:00:00,2958.0
2016-10-18 08:00:00,3120.0
2016-10-18 09:00:00,3087.0
2016-10-18 10:00:00,3057.0
2016-10-18 11:00:00,3534.0
2016-10-18 12:00:00,3853.0
2016-10-18 13:00:00,3583.0
2016-10-18 14:00:00,3751.0
2016-10-18 15:00:00,3701.0
2016-10-18 16:00:00,3752.0
2016-10-18 17:00:00,3645.0
2016-10-18 18:00:00,3641.0
2016-10-18 19:00:00,3658.0
2016-10-18 20:00:00,3552.0
2016-10-18 21:00:00,3581.0
2016-10-18 22:00:00,3474.0
2016-10-18 23:00:00,3611.0
2016-10-19 00:00:00,3615.0
2016-10-19 01:00:00,3762.0
2016-10-19 02:00:00,3770.0
2016-10-19 03:00:00,3596.0
2016-10-19 04:00:00,3364.0
2016-10-19 05:00:00,3259.0
2016-10-19 06:00:00,3168.0
2016-10-19 07:00:00,3236.0
2016-10-19 08:00:00,3202.0
2016-10-19 09:00:00,3263.0
2016-10-19 10:00:00,3196.0
2016-10-19 11:00:00,3657.0
2016-10-19 12:00:00,3796.0
2016-10-19 13:00:00,3585.0
2016-10-19 14:00:00,3950.0
2016-10-19 15:00:00,3635.0
2016-10-19 16:00:00,3455.0
2016-10-19 17:00:00,3510.0
2016-10-19 18:00:00,3473.0
2016-10-19 19:00:00,3535.0
2016-10-19 20:00:00,3450.0
2016-10-19 21:00:00,3286.0
2016-10-19 22:00:00,3150.0
2016-10-19 23:00:00,3501.0
2016-10-20 00:00:00,3584.0
2016-10-20 01:00:00,3588.0
2016-10-20 02:00:00,3464.0
2016-10-20 03:00:00,3355.0
2016-10-20 04:00:00,3137.0
2016-10-20 05:00:00,2989.0
2016-10-20 06:00:00,2957.0
2016-10-20 07:00:00,2833.0
2016-10-20 08:00:00,2867.0
2016-10-20 09:00:00,3025.0
2016-10-20 10:00:00,2858.0
2016-10-20 11:00:00,2900.0
2016-10-20 12:00:00,2948.0
2016-10-20 13:00:00,2901.0
2016-10-20 14:00:00,3138.0
2016-10-20 15:00:00,3050.0
2016-10-20 16:00:00,2888.0
2016-10-20 17:00:00,2901.0
2016-10-20 18:00:00,3049.0
2016-10-20 19:00:00,3031.0
2016-10-20 20:00:00,3041.0
2016-10-20 21:00:00,3188.0
2016-10-20 22:00:00,3118.0
2016-10-20 23:00:00,3270.0
2016-10-21 00:00:00,3227.0
2016-10-21 01:00:00,3263.0
2016-10-21 02:00:00,3093.0
2016-10-21 03:00:00,3091.0
2016-10-21 04:00:00,2939.0
2016-10-21 05:00:00,2859.0
2016-10-21 06:00:00,2789.0
2016-10-21 07:00:00,2698.0
2016-10-21 08:00:00,2684.0
2016-10-21 09:00:00,2722.0
2016-10-21 10:00:00,2604.0
2016-10-21 11:00:00,2596.0
2016-10-21 12:00:00,2615.0
2016-10-21 13:00:00,2636.0
2016-10-21 14:00:00,2498.0
2016-10-21 15:00:00,2753.0
2016-10-21 16:00:00,2725.0
2016-10-21 17:00:00,2612.0
2016-10-21 18:00:00,2707.0
2016-10-21 19:00:00,2625.0
2016-10-21 20:00:00,2682.0
2016-10-21 21:00:00,2746.0
2016-10-21 22:00:00,2698.0
2016-10-21 23:00:00,2726.0
2016-10-22 00:00:00,2683.0
2016-10-22 01:00:00,2511.0
2016-10-22 02:00:00,2698.0
2016-10-22 03:00:00,2727.0
2016-10-22 04:00:00,2632.0
2016-10-22 05:00:00,2582.0
2016-10-22 06:00:00,2664.0
2016-10-22 07:00:00,2559.0
2016-10-22 08:00:00,2588.0
2016-10-22 09:00:00,2780.0
2016-10-22 10:00:00,2662.0
2016-10-22 11:00:00,3182.0
2016-10-22 12:00:00,3341.0
2016-10-22 13:00:00,3260.0
2016-10-22 14:00:00,3505.0
2016-10-22 15:00:00,3390.0
2016-10-22 16:00:00,3403.0
2016-10-22 17:00:00,3376.0
2016-10-22 18:00:00,3491.0
2016-10-22 19:00:00,3502.0
2016-10-22 20:00:00,3302.0
2016-10-22 21:00:00,3368.0
2016-10-22 22:00:00,3195.0
2016-10-22 23:00:00,3336.0
2016-10-23 00:00:00,3576.0
2016-10-23 01:00:00,3492.0
2016-10-23 02:00:00,3435.0
2016-10-23 03:00:00,3395.0
2016-10-23 04:00:00,3102.0
2016-10-23 05:00:00,2983.0
2016-10-23 06:00:00,2885.0
2016-10-23 07:00:00,2765.0
2016-10-23 08:00:00,2811.0
2016-10-23 09:00:00,2868.0
2016-10-23 10:00:00,2839.0
2016-10-23 11:00:00,3272.0
2016-10-23 12:00:00,3305.0
2016-10-23 13:00:00,3327.0
2016-10-23 14:00:00,3413.0
2016-10-23 15:00:00,3357.0
2016-10-23 16:00:00,3314.0
2016-10-23 17:00:00,3358.0
2016-10-23 18:00:00,3562.0
2016-10-23 19:00:00,3430.0
2016-10-23 20:00:00,3201.0
2016-10-23 21:00:00,3290.0
2016-10-23 22:00:00,3204.0
2016-10-23 23:00:00,3344.0
2016-10-24 00:00:00,3502.0
2016-10-24 01:00:00,3444.0
2016-10-24 02:00:00,3371.0
2016-10-24 03:00:00,3207.0
2016-10-24 04:00:00,3043.0
2016-10-24 05:00:00,2934.0
2016-10-24 06:00:00,2783.0
2016-10-24 07:00:00,2793.0
2016-10-24 08:00:00,2858.0
2016-10-24 09:00:00,2885.0
2016-10-24 10:00:00,2799.0
2016-10-24 11:00:00,3063.0
2016-10-24 12:00:00,3256.0
2016-10-24 13:00:00,3065.0
2016-10-24 14:00:00,3261.0
2016-10-24 15:00:00,3210.0
2016-10-24 16:00:00,3024.0
2016-10-24 17:00:00,3293.0
2016-10-24 18:00:00,3151.0
2016-10-24 19:00:00,3015.0
2016-10-24 20:00:00,2957.0
2016-10-24 21:00:00,3097.0
2016-10-24 22:00:00,3007.0
2016-10-24 23:00:00,3125.0
2016-10-25 00:00:00,3071.0
2016-10-25 01:00:00,3142.0
2016-10-25 02:00:00,3050.0
2016-10-25 03:00:00,3048.0
2016-10-25 04:00:00,2994.0
2016-10-25 05:00:00,2868.0
2016-10-25 06:00:00,2857.0
2016-10-25 07:00:00,2715.0
2016-10-25 08:00:00,2713.0
2016-10-25 09:00:00,2804.0
2016-10-25 10:00:00,2843.0
2016-10-25 11:00:00,3139.0
2016-10-25 12:00:00,3446.0
2016-10-25 13:00:00,3506.0
2016-10-25 14:00:00,3534.0
2016-10-25 15:00:00,3442.0
2016-10-25 16:00:00,3286.0
2016-10-25 17:00:00,3293.0
2016-10-25 18:00:00,3272.0
2016-10-25 19:00:00,3196.0
2016-10-25 20:00:00,3117.0
2016-10-25 21:00:00,3120.0
2016-10-25 22:00:00,3100.0
2016-10-25 23:00:00,3289.0
2016-10-26 00:00:00,3453.0
2016-10-26 01:00:00,3430.0
2016-10-26 02:00:00,3282.0
2016-10-26 03:00:00,3230.0
2016-10-26 04:00:00,3026.0
2016-10-26 05:00:00,2933.0
2016-10-26 06:00:00,2896.0
2016-10-26 07:00:00,2792.0
2016-10-26 08:00:00,2678.0
2016-10-26 09:00:00,2789.0
2016-10-26 10:00:00,2807.0
2016-10-26 11:00:00,3025.0
2016-10-26 12:00:00,3306.0
2016-10-26 13:00:00,3207.0
2016-10-26 14:00:00,3420.0
2016-10-26 15:00:00,3278.0
2016-10-26 16:00:00,3259.0
2016-10-26 17:00:00,3298.0
2016-10-26 18:00:00,3423.0
2016-10-26 19:00:00,3436.0
2016-10-26 20:00:00,3198.0
2016-10-26 21:00:00,3139.0
2016-10-26 22:00:00,3161.0
2016-10-26 23:00:00,3388.0
2016-10-27 00:00:00,3317.0
2016-10-27 01:00:00,3315.0
2016-10-27 02:00:00,3213.0
2016-10-27 03:00:00,3162.0
2016-10-27 04:00:00,3037.0
2016-10-27 05:00:00,2934.0
2016-10-27 06:00:00,2793.0
2016-10-27 07:00:00,2776.0
2016-10-27 08:00:00,2756.0
2016-10-27 09:00:00,2773.0
2016-10-27 10:00:00,2728.0
2016-10-27 11:00:00,2866.0
2016-10-27 12:00:00,2893.0
2016-10-27 13:00:00,2849.0
2016-10-27 14:00:00,2997.0
2016-10-27 15:00:00,2859.0
2016-10-27 16:00:00,2807.0
2016-10-27 17:00:00,2829.0
2016-10-27 18:00:00,2890.0
2016-10-27 19:00:00,2970.0
2016-10-27 20:00:00,2844.0
2016-10-27 21:00:00,3030.0
2016-10-27 22:00:00,2930.0
2016-10-27 23:00:00,2953.0
2016-10-28 00:00:00,3068.0
2016-10-28 01:00:00,3055.0
2016-10-28 02:00:00,3063.0
2016-10-28 03:00:00,2924.0
2016-10-28 04:00:00,2817.0
2016-10-28 05:00:00,2770.0
2016-10-28 06:00:00,2616.0
2016-10-28 07:00:00,2537.0
2016-10-28 08:00:00,2588.0
2016-10-28 09:00:00,2629.0
2016-10-28 10:00:00,2496.0
2016-10-28 11:00:00,2585.0
2016-10-28 12:00:00,2551.0
2016-10-28 13:00:00,2521.0
2016-10-28 14:00:00,2454.0
2016-10-28 15:00:00,2606.0
2016-10-28 16:00:00,2517.0
2016-10-28 17:00:00,2524.0
2016-10-28 18:00:00,2567.0
2016-10-28 19:00:00,2439.0
2016-10-28 20:00:00,2573.0
2016-10-28 21:00:00,2635.0
2016-10-28 22:00:00,2629.0
2016-10-28 23:00:00,2659.0
2016-10-29 00:00:00,2631.0
2016-10-29 01:00:00,2553.0
2016-10-29 02:00:00,2611.0
2016-10-29 03:00:00,2585.0
2016-10-29 04:00:00,2573.0
2016-10-29 05:00:00,2590.0
2016-10-29 06:00:00,2486.0
2016-10-29 07:00:00,2537.0
2016-10-29 08:00:00,2572.0
2016-10-29 09:00:00,2606.0
2016-10-29 10:00:00,2628.0
2016-10-29 11:00:00,3038.0
2016-10-29 12:00:00,3286.0
2016-10-29 13:00:00,3350.0
2016-10-29 14:00:00,3568.0
2016-10-29 15:00:00,3277.0
2016-10-29 16:00:00,3254.0
2016-10-29 17:00:00,3338.0
2016-10-29 18:00:00,3182.0
2016-10-29 19:00:00,3392.0
2016-10-29 20:00:00,3295.0
2016-10-29 21:00:00,3292.0
2016-10-29 22:00:00,3156.0
2016-10-29 23:00:00,3279.0
2016-10-30 00:00:00,3378.0
2016-10-30 01:00:00,3566.0
2016-10-30 02:00:00,3402.0
2016-10-30 03:00:00,3349.0
2016-10-30 04:00:00,3064.0
2016-10-30 05:00:00,2973.0
2016-10-30 06:00:00,2903.0
2016-10-30 07:00:00,2800.0
2016-10-30 08:00:00,2813.0
2016-10-30 09:00:00,2828.0
2016-10-30 10:00:00,2727.0
2016-10-30 11:00:00,2976.0
2016-10-30 12:00:00,3004.0
2016-10-30 13:00:00,3101.0
2016-10-30 14:00:00,3179.0
2016-10-30 15:00:00,3234.0
2016-10-30 16:00:00,3194.0
2016-10-30 17:00:00,3243.0
2016-10-30 18:00:00,3297.0
2016-10-30 19:00:00,3287.0
2016-10-30 20:00:00,3104.0
2016-10-30 21:00:00,3037.0
2016-10-30 22:00:00,3054.0
2016-10-30 23:00:00,3136.0
2016-10-31 00:00:00,3310.0
2016-10-31 01:00:00,3358.0
2016-10-31 02:00:00,3353.0
2016-10-31 03:00:00,3124.0
2016-10-31 04:00:00,3027.0
2016-10-31 05:00:00,2997.0
2016-10-31 06:00:00,2875.0
2016-10-31 07:00:00,2814.0
2016-10-31 08:00:00,2797.0
2016-10-31 09:00:00,2812.0
2016-10-31 10:00:00,2752.0
2016-10-31 11:00:00,3284.0
2016-10-31 12:00:00,3501.0
2016-10-31 13:00:00,3326.0
2016-10-31 14:00:00,3393.0
2016-10-31 15:00:00,3346.0
2016-10-31 16:00:00,3369.0
2016-10-31 17:00:00,3386.0
2016-10-31 18:00:00,3394.0
2016-10-31 19:00:00,3516.0
2016-10-31 20:00:00,3370.0
2016-10-31 21:00:00,3333.0
2016-10-31 22:00:00,3110.0
2016-10-31 23:00:00,3272.0
2016-11-01 00:00:00,3292.0
2016-11-01 01:00:00,3360.0
2016-11-01 02:00:00,3338.0
2016-11-01 03:00:00,3129.0
2016-11-01 04:00:00,3014.0
2016-11-01 05:00:00,2947.0
2016-11-01 06:00:00,2826.0
2016-11-01 07:00:00,2779.0
2016-11-01 08:00:00,2763.0
2016-11-01 09:00:00,2777.0
2016-11-01 10:00:00,2761.0
2016-11-01 11:00:00,3300.0
2016-11-01 12:00:00,3416.0
2016-11-01 13:00:00,3304.0
2016-11-01 14:00:00,3488.0
2016-11-01 15:00:00,3419.0
2016-11-01 16:00:00,3339.0
2016-11-01 17:00:00,3560.0
2016-11-01 18:00:00,3519.0
2016-11-01 19:00:00,3372.0
2016-11-01 20:00:00,3311.0
2016-11-01 21:00:00,3220.0
2016-11-01 22:00:00,3194.0
2016-11-01 23:00:00,3306.0
2016-11-02 00:00:00,3396.0
2016-11-02 01:00:00,3578.0
2016-11-02 02:00:00,3531.0
2016-11-02 03:00:00,3306.0
2016-11-02 04:00:00,3152.0
2016-11-02 05:00:00,2952.0
2016-11-02 06:00:00,2860.0
2016-11-02 07:00:00,2839.0
2016-11-02 08:00:00,2763.0
2016-11-02 09:00:00,2768.0
2016-11-02 10:00:00,2894.0
2016-11-02 11:00:00,3199.0
2016-11-02 12:00:00,3438.0
2016-11-02 13:00:00,3468.0
2016-11-02 14:00:00,3591.0
2016-11-02 15:00:00,3567.0
2016-11-02 16:00:00,3494.0
2016-11-02 17:00:00,3592.0
2016-11-02 18:00:00,3690.0
2016-11-02 19:00:00,3595.0
2016-11-02 20:00:00,3415.0
2016-11-02 21:00:00,3339.0
2016-11-02 22:00:00,3295.0
2016-11-02 23:00:00,3431.0
2016-11-03 00:00:00,3581.0
2016-11-03 01:00:00,3633.0
2016-11-03 02:00:00,3566.0
2016-11-03 03:00:00,3279.0
2016-11-03 04:00:00,3204.0
2016-11-03 05:00:00,3009.0
2016-11-03 06:00:00,3001.0
2016-11-03 07:00:00,2881.0
2016-11-03 08:00:00,2846.0
2016-11-03 09:00:00,2855.0
2016-11-03 10:00:00,2879.0
2016-11-03 11:00:00,2970.0
2016-11-03 12:00:00,3016.0
2016-11-03 13:00:00,3042.0
2016-11-03 14:00:00,2997.0
2016-11-03 15:00:00,3031.0
2016-11-03 16:00:00,2905.0
2016-11-03 17:00:00,2885.0
2016-11-03 18:00:00,3107.0
2016-11-03 19:00:00,2912.0
2016-11-03 20:00:00,2762.0
2016-11-03 21:00:00,2986.0
2016-11-03 22:00:00,2997.0
2016-11-03 23:00:00,3186.0
2016-11-04 00:00:00,3148.0
2016-11-04 01:00:00,3083.0
2016-11-04 02:00:00,3182.0
2016-11-04 03:00:00,2990.0
2016-11-04 04:00:00,2912.0
2016-11-04 05:00:00,2785.0
2016-11-04 06:00:00,2724.0
2016-11-04 07:00:00,2541.0
2016-11-04 08:00:00,2672.0
2016-11-04 09:00:00,2644.0
2016-11-04 10:00:00,2509.0
2016-11-04 11:00:00,2632.0
2016-11-04 12:00:00,2578.0
2016-11-04 13:00:00,2550.0
2016-11-04 14:00:00,2698.0
2016-11-04 15:00:00,2710.0
2016-11-04 16:00:00,2671.0
2016-11-04 17:00:00,2695.0
2016-11-04 18:00:00,2758.0
2016-11-04 19:00:00,2708.0
2016-11-04 20:00:00,2760.0
2016-11-04 21:00:00,2862.0
2016-11-04 22:00:00,2808.0
2016-11-04 23:00:00,2768.0
2016-11-05 00:00:00,2736.0
2016-11-05 01:00:00,2702.0
2016-11-05 02:00:00,2769.0
2016-11-05 03:00:00,2707.0
2016-11-05 04:00:00,2789.0
2016-11-05 05:00:00,2653.0
2016-11-05 06:00:00,2698.0
2016-11-05 07:00:00,2651.0
2016-11-05 08:00:00,2687.0
2016-11-05 09:00:00,2824.0
2016-11-05 10:00:00,2925.0
2016-11-05 11:00:00,3148.0
2016-11-05 12:00:00,3307.0
2016-11-05 13:00:00,3412.0
2016-11-05 14:00:00,3492.0
2016-11-05 15:00:00,3524.0
2016-11-05 16:00:00,3037.0
2016-11-05 17:00:00,2796.0
2016-11-05 18:00:00,3598.0
2016-11-05 19:00:00,3634.0
2016-11-05 20:00:00,3472.0
2016-11-05 21:00:00,3473.0
2016-11-05 22:00:00,3293.0
2016-11-05 23:00:00,3494.0
2016-11-06 00:00:00,3673.0
2016-11-06 01:00:00,3595.0
2016-11-06 02:00:00,3577.0
2016-11-06 03:00:00,3608.0
2016-11-06 04:00:00,3401.0
2016-11-06 05:00:00,3240.0
2016-11-06 06:00:00,3078.0
2016-11-06 07:00:00,2958.0
2016-11-06 08:00:00,2865.0
2016-11-06 09:00:00,2957.0
2016-11-06 10:00:00,3012.0
2016-11-06 11:00:00,3163.0
2016-11-06 12:00:00,3594.0
2016-11-06 13:00:00,3670.0
2016-11-06 14:00:00,4022.0
2016-11-06 15:00:00,3905.0
2016-11-06 16:00:00,3832.0
2016-11-06 17:00:00,3830.0
2016-11-06 18:00:00,3872.0
2016-11-06 19:00:00,3912.0
2016-11-06 20:00:00,3794.0
2016-11-06 21:00:00,3733.0
2016-11-06 22:00:00,3544.0
2016-11-06 23:00:00,3591.0
2016-11-07 00:00:00,3737.0
2016-11-07 01:00:00,3780.0
2016-11-07 02:00:00,3572.0
2016-11-07 03:00:00,3413.0
2016-11-07 04:00:00,3205.0
2016-11-07 05:00:00,3106.0
2016-11-07 06:00:00,2963.0
2016-11-07 07:00:00,2814.0
2016-11-07 08:00:00,2832.0
2016-11-07 09:00:00,2923.0
2016-11-07 10:00:00,2975.0
2016-11-07 11:00:00,3257.0
2016-11-07 12:00:00,3433.0
2016-11-07 13:00:00,3337.0
2016-11-07 14:00:00,3575.0
2016-11-07 15:00:00,3751.0
2016-11-07 16:00:00,3820.0
2016-11-07 17:00:00,3930.0
2016-11-07 18:00:00,3971.0
2016-11-07 19:00:00,3968.0
2016-11-07 20:00:00,3928.0
2016-11-07 21:00:00,3843.0
2016-11-07 22:00:00,3675.0
2016-11-07 23:00:00,3806.0
2016-11-08 00:00:00,3753.0
2016-11-08 01:00:00,3739.0
2016-11-08 02:00:00,3652.0
2016-11-08 03:00:00,3541.0
2016-11-08 04:00:00,3268.0
2016-11-08 05:00:00,3149.0
2016-11-08 06:00:00,3019.0
2016-11-08 07:00:00,2920.0
2016-11-08 08:00:00,2919.0
2016-11-08 09:00:00,2993.0
2016-11-08 10:00:00,3109.0
2016-11-08 11:00:00,3577.0
2016-11-08 12:00:00,4022.0
2016-11-08 13:00:00,3995.0
2016-11-08 14:00:00,4201.0
2016-11-08 15:00:00,4134.0
2016-11-08 16:00:00,4277.0
2016-11-08 17:00:00,4383.0
2016-11-08 18:00:00,4335.0
2016-11-08 19:00:00,4266.0
2016-11-08 20:00:00,4058.0
2016-11-08 21:00:00,3981.0
2016-11-08 22:00:00,3784.0
2016-11-08 23:00:00,3817.0
2016-11-09 00:00:00,3968.0
2016-11-09 01:00:00,4038.0
2016-11-09 02:00:00,3832.0
2016-11-09 03:00:00,3673.0
2016-11-09 04:00:00,3476.0
2016-11-09 05:00:00,3293.0
2016-11-09 06:00:00,3205.0
2016-11-09 07:00:00,3071.0
2016-11-09 08:00:00,3136.0
2016-11-09 09:00:00,3083.0
2016-11-09 10:00:00,3162.0
2016-11-09 11:00:00,3697.0
2016-11-09 12:00:00,3861.0
2016-11-09 13:00:00,3901.0
2016-11-09 14:00:00,4094.0
2016-11-09 15:00:00,4140.0
2016-11-09 16:00:00,4125.0
2016-11-09 17:00:00,4148.0
2016-11-09 18:00:00,4022.0
2016-11-09 19:00:00,4007.0
2016-11-09 20:00:00,3898.0
2016-11-09 21:00:00,3871.0
2016-11-09 22:00:00,3755.0
2016-11-09 23:00:00,3773.0
2016-11-10 00:00:00,3968.0
2016-11-10 01:00:00,3975.0
2016-11-10 02:00:00,3714.0
2016-11-10 03:00:00,3552.0
2016-11-10 04:00:00,3375.0
2016-11-10 05:00:00,3272.0
2016-11-10 06:00:00,3115.0
2016-11-10 07:00:00,2912.0
2016-11-10 08:00:00,2888.0
2016-11-10 09:00:00,2949.0
2016-11-10 10:00:00,2838.0
2016-11-10 11:00:00,2989.0
2016-11-10 12:00:00,3106.0
2016-11-10 13:00:00,3220.0
2016-11-10 14:00:00,3520.0
2016-11-10 15:00:00,3554.0
2016-11-10 16:00:00,3650.0
2016-11-10 17:00:00,3580.0
2016-11-10 18:00:00,3579.0
2016-11-10 19:00:00,3607.0
2016-11-10 20:00:00,3526.0
2016-11-10 21:00:00,3633.0
2016-11-10 22:00:00,3528.0
2016-11-10 23:00:00,3601.0
2016-11-11 00:00:00,3633.0
2016-11-11 01:00:00,3617.0
2016-11-11 02:00:00,3451.0
2016-11-11 03:00:00,3345.0
2016-11-11 04:00:00,3050.0
2016-11-11 05:00:00,2911.0
2016-11-11 06:00:00,2782.0
2016-11-11 07:00:00,2698.0
2016-11-11 08:00:00,2745.0
2016-11-11 09:00:00,2756.0
2016-11-11 10:00:00,2637.0
2016-11-11 11:00:00,2820.0
2016-11-11 12:00:00,2900.0
2016-11-11 13:00:00,2976.0
2016-11-11 14:00:00,2954.0
2016-11-11 15:00:00,2996.0
2016-11-11 16:00:00,3017.0
2016-11-11 17:00:00,3189.0
2016-11-11 18:00:00,3163.0
2016-11-11 19:00:00,3030.0
2016-11-11 20:00:00,3082.0
2016-11-11 21:00:00,3226.0
2016-11-11 22:00:00,2917.0
2016-11-11 23:00:00,2956.0
2016-11-12 00:00:00,2867.0
2016-11-12 01:00:00,2772.0
2016-11-12 02:00:00,2853.0
2016-11-12 03:00:00,2889.0
2016-11-12 04:00:00,2704.0
2016-11-12 05:00:00,2784.0
2016-11-12 06:00:00,2804.0
2016-11-12 07:00:00,2808.0
2016-11-12 08:00:00,2720.0
2016-11-12 09:00:00,2835.0
2016-11-12 10:00:00,3001.0
2016-11-12 11:00:00,3257.0
2016-11-12 12:00:00,3708.0
2016-11-12 13:00:00,3792.0
2016-11-12 14:00:00,3949.0
2016-11-12 15:00:00,3959.0
2016-11-12 16:00:00,3990.0
2016-11-12 17:00:00,3929.0
2016-11-12 18:00:00,3952.0
2016-11-12 19:00:00,3855.0
2016-11-12 20:00:00,3757.0
2016-11-12 21:00:00,3663.0
2016-11-12 22:00:00,3511.0
2016-11-12 23:00:00,3558.0
2016-11-13 00:00:00,3706.0
2016-11-13 01:00:00,3718.0
2016-11-13 02:00:00,3583.0
2016-11-13 03:00:00,3438.0
2016-11-13 04:00:00,3115.0
2016-11-13 05:00:00,3083.0
2016-11-13 06:00:00,2957.0
2016-11-13 07:00:00,2961.0
2016-11-13 08:00:00,2864.0
2016-11-13 09:00:00,3024.0
2016-11-13 10:00:00,2999.0
2016-11-13 11:00:00,3487.0
2016-11-13 12:00:00,3628.0
2016-11-13 13:00:00,3797.0
2016-11-13 14:00:00,4124.0
2016-11-13 15:00:00,4164.0
2016-11-13 16:00:00,4106.0
2016-11-13 17:00:00,4084.0
2016-11-13 18:00:00,4103.0
2016-11-13 19:00:00,4002.0
2016-11-13 20:00:00,3934.0
2016-11-13 21:00:00,3872.0
2016-11-13 22:00:00,3753.0
2016-11-13 23:00:00,3843.0
2016-11-14 00:00:00,4081.0
2016-11-14 01:00:00,4190.0
2016-11-14 02:00:00,3916.0
2016-11-14 03:00:00,3741.0
2016-11-14 04:00:00,3517.0
2016-11-14 05:00:00,3311.0
2016-11-14 06:00:00,3076.0
2016-11-14 07:00:00,3173.0
2016-11-14 08:00:00,3105.0
2016-11-14 09:00:00,3105.0
2016-11-14 10:00:00,3153.0
2016-11-14 11:00:00,3685.0
2016-11-14 12:00:00,3867.0
2016-11-14 13:00:00,3974.0
2016-11-14 14:00:00,4131.0
2016-11-14 15:00:00,4120.0
2016-11-14 16:00:00,4149.0
2016-11-14 17:00:00,4143.0
2016-11-14 18:00:00,4061.0
2016-11-14 19:00:00,4041.0
2016-11-14 20:00:00,4111.0
2016-11-14 21:00:00,3947.0
2016-11-14 22:00:00,3697.0
2016-11-14 23:00:00,3802.0
2016-11-15 00:00:00,3774.0
2016-11-15 01:00:00,3802.0
2016-11-15 02:00:00,3575.0
2016-11-15 03:00:00,3417.0
2016-11-15 04:00:00,3233.0
2016-11-15 05:00:00,3121.0
2016-11-15 06:00:00,3084.0
2016-11-15 07:00:00,3139.0
2016-11-15 08:00:00,3213.0
2016-11-15 09:00:00,3285.0
2016-11-15 10:00:00,3130.0
2016-11-15 11:00:00,3331.0
2016-11-15 12:00:00,3422.0
2016-11-15 13:00:00,3491.0
2016-11-15 14:00:00,3493.0
2016-11-15 15:00:00,3609.0
2016-11-15 16:00:00,3591.0
2016-11-15 17:00:00,3661.0
2016-11-15 18:00:00,3633.0
2016-11-15 19:00:00,3680.0
2016-11-15 20:00:00,3542.0
2016-11-15 21:00:00,3563.0
2016-11-15 22:00:00,3478.0
2016-11-15 23:00:00,3604.0
2016-11-16 00:00:00,3685.0
2016-11-16 01:00:00,3710.0
2016-11-16 02:00:00,3605.0
2016-11-16 03:00:00,3523.0
2016-11-16 04:00:00,3331.0
2016-11-16 05:00:00,3148.0
2016-11-16 06:00:00,3092.0
2016-11-16 07:00:00,2998.0
2016-11-16 08:00:00,2912.0
2016-11-16 09:00:00,2964.0
2016-11-16 10:00:00,2973.0
2016-11-16 11:00:00,3383.0
2016-11-16 12:00:00,3644.0
2016-11-16 13:00:00,3532.0
2016-11-16 14:00:00,3697.0
2016-11-16 15:00:00,3631.0
2016-11-16 16:00:00,3661.0
2016-11-16 17:00:00,3881.0
2016-11-16 18:00:00,3824.0
2016-11-16 19:00:00,3736.0
2016-11-16 20:00:00,3618.0
2016-11-16 21:00:00,3573.0
2016-11-16 22:00:00,3396.0
2016-11-16 23:00:00,3601.0
2016-11-17 00:00:00,3700.0
2016-11-17 01:00:00,3699.0
2016-11-17 02:00:00,3584.0
2016-11-17 03:00:00,3439.0
2016-11-17 04:00:00,3282.0
2016-11-17 05:00:00,3155.0
2016-11-17 06:00:00,2954.0
2016-11-17 07:00:00,2958.0
2016-11-17 08:00:00,2924.0
2016-11-17 09:00:00,2898.0
2016-11-17 10:00:00,2791.0
2016-11-17 11:00:00,2957.0
2016-11-17 12:00:00,2971.0
2016-11-17 13:00:00,2877.0
2016-11-17 14:00:00,2975.0
2016-11-17 15:00:00,3166.0
2016-11-17 16:00:00,3034.0
2016-11-17 17:00:00,3072.0
2016-11-17 18:00:00,3227.0
2016-11-17 19:00:00,3081.0
2016-11-17 20:00:00,2940.0
2016-11-17 21:00:00,3067.0
2016-11-17 22:00:00,3085.0
2016-11-17 23:00:00,3210.0
2016-11-18 00:00:00,3233.0
2016-11-18 01:00:00,3196.0
2016-11-18 02:00:00,3129.0
2016-11-18 03:00:00,2964.0
2016-11-18 04:00:00,2859.0
2016-11-18 05:00:00,2871.0
2016-11-18 06:00:00,2718.0
2016-11-18 07:00:00,2605.0
2016-11-18 08:00:00,2614.0
2016-11-18 09:00:00,2723.0
2016-11-18 10:00:00,2516.0
2016-11-18 11:00:00,2537.0
2016-11-18 12:00:00,2564.0
2016-11-18 13:00:00,2609.0
2016-11-18 14:00:00,2591.0
2016-11-18 15:00:00,2677.0
2016-11-18 16:00:00,2610.0
2016-11-18 17:00:00,2571.0
2016-11-18 18:00:00,2619.0
2016-11-18 19:00:00,2557.0
2016-11-18 20:00:00,2629.0
2016-11-18 21:00:00,2669.0
2016-11-18 22:00:00,2551.0
2016-11-18 23:00:00,2600.0
2016-11-19 00:00:00,2644.0
2016-11-19 01:00:00,2552.0
2016-11-19 02:00:00,2672.0
2016-11-19 03:00:00,2664.0
2016-11-19 04:00:00,2663.0
2016-11-19 05:00:00,2578.0
2016-11-19 06:00:00,2571.0
2016-11-19 07:00:00,2670.0
2016-11-19 08:00:00,2656.0
2016-11-19 09:00:00,2793.0
2016-11-19 10:00:00,2812.0
2016-11-19 11:00:00,3147.0
2016-11-19 12:00:00,3192.0
2016-11-19 13:00:00,3320.0
2016-11-19 14:00:00,3333.0
2016-11-19 15:00:00,3353.0
2016-11-19 16:00:00,3344.0
2016-11-19 17:00:00,3220.0
2016-11-19 18:00:00,3291.0
2016-11-19 19:00:00,3238.0
2016-11-19 20:00:00,3051.0
2016-11-19 21:00:00,3211.0
2016-11-19 22:00:00,3226.0
2016-11-19 23:00:00,3343.0
2016-11-20 00:00:00,3510.0
2016-11-20 01:00:00,3515.0
2016-11-20 02:00:00,3562.0
2016-11-20 03:00:00,3370.0
2016-11-20 04:00:00,3145.0
2016-11-20 05:00:00,2928.0
2016-11-20 06:00:00,2749.0
2016-11-20 07:00:00,2760.0
2016-11-20 08:00:00,2750.0
2016-11-20 09:00:00,2777.0
2016-11-20 10:00:00,2871.0
2016-11-20 11:00:00,3218.0
2016-11-20 12:00:00,3450.0
2016-11-20 13:00:00,3513.0
2016-11-20 14:00:00,3430.0
2016-11-20 15:00:00,3644.0
2016-11-20 16:00:00,3558.0
2016-11-20 17:00:00,3585.0
2016-11-20 18:00:00,3548.0
2016-11-20 19:00:00,3653.0
2016-11-20 20:00:00,3542.0
2016-11-20 21:00:00,3542.0
2016-11-20 22:00:00,3466.0
2016-11-20 23:00:00,3538.0
2016-11-21 00:00:00,3750.0
2016-11-21 01:00:00,3734.0
2016-11-21 02:00:00,3520.0
2016-11-21 03:00:00,3445.0
2016-11-21 04:00:00,3178.0
2016-11-21 05:00:00,3031.0
2016-11-21 06:00:00,2814.0
2016-11-21 07:00:00,2804.0
2016-11-21 08:00:00,2749.0
2016-11-21 09:00:00,2895.0
2016-11-21 10:00:00,2943.0
2016-11-21 11:00:00,3280.0
2016-11-21 12:00:00,3559.0
2016-11-21 13:00:00,3597.0
2016-11-21 14:00:00,3651.0
2016-11-21 15:00:00,3749.0
2016-11-21 16:00:00,3897.0
2016-11-21 17:00:00,4075.0
2016-11-21 18:00:00,4108.0
2016-11-21 19:00:00,4055.0
2016-11-21 20:00:00,3943.0
2016-11-21 21:00:00,3765.0
2016-11-21 22:00:00,3546.0
2016-11-21 23:00:00,3665.0
2016-11-22 00:00:00,3722.0
2016-11-22 01:00:00,3733.0
2016-11-22 02:00:00,3613.0
2016-11-22 03:00:00,3494.0
2016-11-22 04:00:00,3241.0
2016-11-22 05:00:00,3170.0
2016-11-22 06:00:00,3041.0
2016-11-22 07:00:00,3037.0
2016-11-22 08:00:00,2933.0
2016-11-22 09:00:00,2970.0
2016-11-22 10:00:00,3122.0
2016-11-22 11:00:00,3514.0
2016-11-22 12:00:00,3803.0
2016-11-22 13:00:00,3932.0
2016-11-22 14:00:00,4160.0
2016-11-22 15:00:00,4161.0
2016-11-22 16:00:00,4237.0
2016-11-22 17:00:00,4223.0
2016-11-22 18:00:00,4192.0
2016-11-22 19:00:00,3992.0
2016-11-22 20:00:00,3828.0
2016-11-22 21:00:00,3676.0
2016-11-22 22:00:00,3550.0
2016-11-22 23:00:00,3663.0
2016-11-23 00:00:00,3853.0
2016-11-23 01:00:00,3893.0
2016-11-23 02:00:00,3728.0
2016-11-23 03:00:00,3535.0
2016-11-23 04:00:00,3328.0
2016-11-23 05:00:00,3119.0
2016-11-23 06:00:00,3062.0
2016-11-23 07:00:00,3009.0
2016-11-23 08:00:00,2791.0
2016-11-23 09:00:00,2975.0
2016-11-23 10:00:00,3046.0
2016-11-23 11:00:00,3318.0
2016-11-23 12:00:00,3536.0
2016-11-23 13:00:00,3591.0
2016-11-23 14:00:00,3824.0
2016-11-23 15:00:00,3870.0
2016-11-23 16:00:00,3485.0
2016-11-23 17:00:00,3359.0
2016-11-23 18:00:00,3631.0
2016-11-23 19:00:00,3737.0
2016-11-23 20:00:00,3659.0
2016-11-23 21:00:00,3587.0
2016-11-23 22:00:00,3449.0
2016-11-23 23:00:00,3612.0
2016-11-24 00:00:00,3630.0
2016-11-24 01:00:00,3711.0
2016-11-24 02:00:00,3606.0
2016-11-24 03:00:00,3350.0
2016-11-24 04:00:00,3270.0
2016-11-24 05:00:00,3058.0
2016-11-24 06:00:00,2979.0
2016-11-24 07:00:00,2958.0
2016-11-24 08:00:00,2967.0
2016-11-24 09:00:00,2915.0
2016-11-24 10:00:00,3012.0
2016-11-24 11:00:00,3048.0
2016-11-24 12:00:00,2892.0
2016-11-24 13:00:00,2951.0
2016-11-24 14:00:00,3035.0
2016-11-24 15:00:00,3007.0
2016-11-24 16:00:00,2926.0
2016-11-24 17:00:00,3048.0
2016-11-24 18:00:00,3199.0
2016-11-24 19:00:00,3145.0
2016-11-24 20:00:00,2944.0
2016-11-24 21:00:00,3217.0
2016-11-24 22:00:00,3159.0
2016-11-24 23:00:00,3225.0
2016-11-25 00:00:00,3245.0
2016-11-25 01:00:00,3240.0
2016-11-25 02:00:00,3225.0
2016-11-25 03:00:00,3004.0
2016-11-25 04:00:00,2950.0
2016-11-25 05:00:00,2860.0
2016-11-25 06:00:00,2754.0
2016-11-25 07:00:00,2655.0
2016-11-25 08:00:00,2749.0
2016-11-25 09:00:00,2760.0
2016-11-25 10:00:00,2698.0
2016-11-25 11:00:00,2711.0
2016-11-25 12:00:00,2615.0
2016-11-25 13:00:00,2803.0
2016-11-25 14:00:00,2720.0
2016-11-25 15:00:00,2760.0
2016-11-25 16:00:00,2841.0
2016-11-25 17:00:00,2795.0
2016-11-25 18:00:00,2916.0
2016-11-25 19:00:00,2815.0
2016-11-25 20:00:00,2869.0
2016-11-25 21:00:00,2901.0
2016-11-25 22:00:00,2863.0
2016-11-25 23:00:00,2841.0
2016-11-26 00:00:00,2799.0
2016-11-26 01:00:00,2698.0
2016-11-26 02:00:00,2752.0
2016-11-26 03:00:00,2831.0
2016-11-26 04:00:00,2699.0
2016-11-26 05:00:00,2637.0
2016-11-26 06:00:00,2749.0
2016-11-26 07:00:00,2699.0
2016-11-26 08:00:00,2683.0
2016-11-26 09:00:00,2753.0
2016-11-26 10:00:00,2900.0
2016-11-26 11:00:00,3145.0
2016-11-26 12:00:00,3438.0
2016-11-26 13:00:00,3563.0
2016-11-26 14:00:00,3710.0
2016-11-26 15:00:00,3575.0
2016-11-26 16:00:00,3874.0
2016-11-26 17:00:00,3669.0
2016-11-26 18:00:00,3923.0
2016-11-26 19:00:00,3962.0
2016-11-26 20:00:00,3523.0
2016-11-26 21:00:00,3568.0
2016-11-26 22:00:00,3474.0
2016-11-26 23:00:00,3567.0
2016-11-27 00:00:00,3638.0
2016-11-27 01:00:00,3701.0
2016-11-27 02:00:00,3661.0
2016-11-27 03:00:00,3394.0
2016-11-27 04:00:00,3145.0
2016-11-27 05:00:00,2999.0
2016-11-27 06:00:00,2909.0
2016-11-27 07:00:00,2793.0
2016-11-27 08:00:00,2878.0
2016-11-27 09:00:00,2910.0
2016-11-27 10:00:00,2984.0
2016-11-27 11:00:00,3394.0
2016-11-27 12:00:00,3516.0
2016-11-27 13:00:00,3569.0
2016-11-27 14:00:00,3766.0
2016-11-27 15:00:00,3825.0
2016-11-27 16:00:00,3994.0
2016-11-27 17:00:00,3993.0
2016-11-27 18:00:00,3956.0
2016-11-27 19:00:00,3863.0
2016-11-27 20:00:00,3730.0
2016-11-27 21:00:00,3616.0
2016-11-27 22:00:00,3529.0
2016-11-27 23:00:00,3558.0
2016-11-28 00:00:00,3639.0
2016-11-28 01:00:00,3682.0
2016-11-28 02:00:00,3560.0
2016-11-28 03:00:00,3475.0
2016-11-28 04:00:00,3233.0
2016-11-28 05:00:00,3054.0
2016-11-28 06:00:00,2956.0
2016-11-28 07:00:00,2912.0
2016-11-28 08:00:00,2891.0
2016-11-28 09:00:00,3018.0
2016-11-28 10:00:00,2854.0
2016-11-28 11:00:00,3305.0
2016-11-28 12:00:00,3534.0
2016-11-28 13:00:00,3525.0
2016-11-28 14:00:00,3705.0
2016-11-28 15:00:00,3877.0
2016-11-28 16:00:00,3923.0
2016-11-28 17:00:00,3943.0
2016-11-28 18:00:00,4082.0
2016-11-28 19:00:00,4086.0
2016-11-28 20:00:00,3789.0
2016-11-28 21:00:00,3605.0
2016-11-28 22:00:00,3428.0
2016-11-28 23:00:00,3571.0
2016-11-29 00:00:00,3529.0
2016-11-29 01:00:00,3542.0
2016-11-29 02:00:00,3479.0
2016-11-29 03:00:00,3266.0
2016-11-29 04:00:00,3208.0
2016-11-29 05:00:00,3102.0
2016-11-29 06:00:00,3004.0
2016-11-29 07:00:00,2916.0
2016-11-29 08:00:00,2808.0
2016-11-29 09:00:00,2894.0
2016-11-29 10:00:00,3088.0
2016-11-29 11:00:00,3504.0
2016-11-29 12:00:00,3710.0
2016-11-29 13:00:00,3901.0
2016-11-29 14:00:00,4279.0
2016-11-29 15:00:00,4323.0
2016-11-29 16:00:00,4154.0
2016-11-29 17:00:00,4216.0
2016-11-29 18:00:00,4299.0
2016-11-29 19:00:00,4221.0
2016-11-29 20:00:00,4105.0
2016-11-29 21:00:00,4108.0
2016-11-29 22:00:00,3987.0
2016-11-29 23:00:00,3968.0
2016-11-30 00:00:00,4124.0
2016-11-30 01:00:00,4105.0
2016-11-30 02:00:00,3996.0
2016-11-30 03:00:00,3851.0
2016-11-30 04:00:00,3591.0
2016-11-30 05:00:00,3425.0
2016-11-30 06:00:00,3299.0
2016-11-30 07:00:00,3270.0
2016-11-30 08:00:00,3208.0
2016-11-30 09:00:00,3263.0
2016-11-30 10:00:00,3198.0
2016-11-30 11:00:00,3766.0
2016-11-30 12:00:00,3995.0
2016-11-30 13:00:00,4039.0
2016-11-30 14:00:00,4208.0
2016-11-30 15:00:00,4303.0
2016-11-30 16:00:00,4410.0
2016-11-30 17:00:00,4076.0
2016-11-30 18:00:00,4115.0
2016-11-30 19:00:00,4213.0
2016-11-30 20:00:00,4102.0
2016-11-30 21:00:00,3937.0
2016-11-30 22:00:00,3788.0
2016-11-30 23:00:00,3812.0
2016-12-01 00:00:00,3963.0
2016-12-01 01:00:00,4004.0
2016-12-01 02:00:00,3859.0
2016-12-01 03:00:00,3740.0
2016-12-01 04:00:00,3588.0
2016-12-01 05:00:00,3368.0
2016-12-01 06:00:00,3272.0
2016-12-01 07:00:00,3287.0
2016-12-01 08:00:00,3269.0
2016-12-01 09:00:00,3275.0
2016-12-01 10:00:00,3239.0
2016-12-01 11:00:00,3326.0
2016-12-01 12:00:00,3309.0
2016-12-01 13:00:00,3267.0
2016-12-01 14:00:00,3255.0
2016-12-01 15:00:00,3408.0
2016-12-01 16:00:00,3324.0
2016-12-01 17:00:00,3375.0
2016-12-01 18:00:00,3398.0
2016-12-01 19:00:00,3296.0
2016-12-01 20:00:00,3347.0
2016-12-01 21:00:00,3428.0
2016-12-01 22:00:00,3397.0
2016-12-01 23:00:00,3448.0
2016-12-02 00:00:00,3581.0
2016-12-02 01:00:00,3566.0
2016-12-02 02:00:00,3461.0
2016-12-02 03:00:00,3359.0
2016-12-02 04:00:00,3303.0
2016-12-02 05:00:00,3206.0
2016-12-02 06:00:00,3068.0
2016-12-02 07:00:00,2993.0
2016-12-02 08:00:00,2977.0
2016-12-02 09:00:00,2854.0
2016-12-02 10:00:00,2816.0
2016-12-02 11:00:00,2936.0
2016-12-02 12:00:00,2908.0
2016-12-02 13:00:00,2907.0
2016-12-02 14:00:00,2935.0
2016-12-02 15:00:00,3000.0
2016-12-02 16:00:00,3011.0
2016-12-02 17:00:00,3078.0
2016-12-02 18:00:00,3132.0
2016-12-02 19:00:00,2970.0
2016-12-02 20:00:00,3035.0
2016-12-02 21:00:00,3035.0
2016-12-02 22:00:00,3036.0
2016-12-02 23:00:00,2894.0
2016-12-03 00:00:00,2858.0
2016-12-03 01:00:00,2920.0
2016-12-03 02:00:00,2869.0
2016-12-03 03:00:00,2927.0
2016-12-03 04:00:00,2902.0
2016-12-03 05:00:00,2818.0
2016-12-03 06:00:00,2803.0
2016-12-03 07:00:00,2841.0
2016-12-03 08:00:00,2786.0
2016-12-03 09:00:00,2930.0
2016-12-03 10:00:00,3048.0
2016-12-03 11:00:00,3297.0
2016-12-03 12:00:00,3500.0
2016-12-03 13:00:00,3606.0
2016-12-03 14:00:00,3892.0
2016-12-03 15:00:00,3912.0
2016-12-03 16:00:00,3913.0
2016-12-03 17:00:00,3896.0
2016-12-03 18:00:00,3902.0
2016-12-03 19:00:00,3901.0
2016-12-03 20:00:00,3874.0
2016-12-03 21:00:00,3725.0
2016-12-03 22:00:00,3549.0
2016-12-03 23:00:00,3620.0
2016-12-04 00:00:00,3816.0
2016-12-04 01:00:00,3949.0
2016-12-04 02:00:00,3850.0
2016-12-04 03:00:00,3725.0
2016-12-04 04:00:00,3561.0
2016-12-04 05:00:00,3356.0
2016-12-04 06:00:00,3227.0
2016-12-04 07:00:00,3055.0
2016-12-04 08:00:00,3041.0
2016-12-04 09:00:00,3033.0
2016-12-04 10:00:00,3185.0
2016-12-04 11:00:00,3579.0
2016-12-04 12:00:00,3718.0
2016-12-04 13:00:00,3862.0
2016-12-04 14:00:00,4054.0
2016-12-04 15:00:00,4117.0
2016-12-04 16:00:00,4282.0
2016-12-04 17:00:00,4241.0
2016-12-04 18:00:00,4135.0
2016-12-04 19:00:00,4000.0
2016-12-04 20:00:00,3889.0
2016-12-04 21:00:00,3712.0
2016-12-04 22:00:00,3586.0
2016-12-04 23:00:00,3760.0
2016-12-05 00:00:00,3893.0
2016-12-05 01:00:00,3958.0
2016-12-05 02:00:00,3901.0
2016-12-05 03:00:00,3773.0
2016-12-05 04:00:00,3543.0
2016-12-05 05:00:00,3347.0
2016-12-05 06:00:00,3250.0
2016-12-05 07:00:00,3130.0
2016-12-05 08:00:00,3173.0
2016-12-05 09:00:00,3104.0
2016-12-05 10:00:00,3234.0
2016-12-05 11:00:00,3664.0
2016-12-05 12:00:00,3776.0
2016-12-05 13:00:00,3758.0
2016-12-05 14:00:00,3898.0
2016-12-05 15:00:00,3869.0
2016-12-05 16:00:00,3939.0
2016-12-05 17:00:00,3886.0
2016-12-05 18:00:00,3941.0
2016-12-05 19:00:00,3814.0
2016-12-05 20:00:00,3738.0
2016-12-05 21:00:00,3648.0
2016-12-05 22:00:00,3507.0
2016-12-05 23:00:00,3645.0
2016-12-06 00:00:00,3713.0
2016-12-06 01:00:00,3732.0
2016-12-06 02:00:00,3640.0
2016-12-06 03:00:00,3561.0
2016-12-06 04:00:00,3478.0
2016-12-06 05:00:00,3303.0
2016-12-06 06:00:00,3235.0
2016-12-06 07:00:00,3219.0
2016-12-06 08:00:00,3231.0
2016-12-06 09:00:00,3151.0
2016-12-06 10:00:00,3114.0
2016-12-06 11:00:00,3455.0
2016-12-06 12:00:00,3375.0
2016-12-06 13:00:00,3370.0
2016-12-06 14:00:00,3437.0
2016-12-06 15:00:00,3503.0
2016-12-06 16:00:00,3525.0
2016-12-06 17:00:00,3536.0
2016-12-06 18:00:00,3497.0
2016-12-06 19:00:00,3385.0
2016-12-06 20:00:00,3419.0
2016-12-06 21:00:00,3404.0
2016-12-06 22:00:00,3338.0
2016-12-06 23:00:00,3491.0
2016-12-07 00:00:00,3639.0
2016-12-07 01:00:00,3670.0
2016-12-07 02:00:00,3623.0
2016-12-07 03:00:00,3478.0
2016-12-07 04:00:00,3320.0
2016-12-07 05:00:00,3130.0
2016-12-07 06:00:00,3011.0
2016-12-07 07:00:00,3003.0
2016-12-07 08:00:00,2882.0
2016-12-07 09:00:00,2973.0
2016-12-07 10:00:00,2976.0
2016-12-07 11:00:00,3390.0
2016-12-07 12:00:00,3350.0
2016-12-07 13:00:00,3305.0
2016-12-07 14:00:00,3484.0
2016-12-07 15:00:00,3667.0
2016-12-07 16:00:00,3583.0
2016-12-07 17:00:00,3686.0
2016-12-07 18:00:00,3763.0
2016-12-07 19:00:00,3627.0
2016-12-07 20:00:00,3556.0
2016-12-07 21:00:00,3474.0
2016-12-07 22:00:00,3360.0
2016-12-07 23:00:00,3533.0
2016-12-08 00:00:00,3701.0
2016-12-08 01:00:00,3795.0
2016-12-08 02:00:00,3692.0
2016-12-08 03:00:00,3455.0
2016-12-08 04:00:00,3255.0
2016-12-08 05:00:00,3064.0
2016-12-08 06:00:00,3057.0
2016-12-08 07:00:00,2931.0
2016-12-08 08:00:00,3058.0
2016-12-08 09:00:00,2981.0
2016-12-08 10:00:00,3019.0
2016-12-08 11:00:00,3028.0
2016-12-08 12:00:00,3074.0
2016-12-08 13:00:00,2989.0
2016-12-08 14:00:00,3307.0
2016-12-08 15:00:00,3424.0
2016-12-08 16:00:00,3134.0
2016-12-08 17:00:00,3175.0
2016-12-08 18:00:00,3315.0
2016-12-08 19:00:00,3328.0
2016-12-08 20:00:00,3220.0
2016-12-08 21:00:00,3320.0
2016-12-08 22:00:00,3326.0
2016-12-08 23:00:00,3426.0
2016-12-09 00:00:00,3522.0
2016-12-09 01:00:00,3595.0
2016-12-09 02:00:00,3585.0
2016-12-09 03:00:00,3480.0
2016-12-09 04:00:00,3343.0
2016-12-09 05:00:00,3258.0
2016-12-09 06:00:00,3197.0
2016-12-09 07:00:00,3004.0
2016-12-09 08:00:00,2918.0
2016-12-09 09:00:00,2932.0
2016-12-09 10:00:00,2904.0
2016-12-09 11:00:00,2953.0
2016-12-09 12:00:00,2920.0
2016-12-09 13:00:00,2924.0
2016-12-09 14:00:00,2988.0
2016-12-09 15:00:00,3048.0
2016-12-09 16:00:00,2990.0
2016-12-09 17:00:00,2993.0
2016-12-09 18:00:00,2947.0
2016-12-09 19:00:00,3009.0
2016-12-09 20:00:00,3010.0
2016-12-09 21:00:00,3077.0
2016-12-09 22:00:00,3043.0
2016-12-09 23:00:00,2930.0
2016-12-10 00:00:00,2781.0
2016-12-10 01:00:00,2909.0
2016-12-10 02:00:00,2859.0
2016-12-10 03:00:00,2928.0
2016-12-10 04:00:00,3024.0
2016-12-10 05:00:00,2803.0
2016-12-10 06:00:00,2813.0
2016-12-10 07:00:00,2940.0
2016-12-10 08:00:00,2953.0
2016-12-10 09:00:00,2995.0
2016-12-10 10:00:00,3188.0
2016-12-10 11:00:00,3326.0
2016-12-10 12:00:00,3541.0
2016-12-10 13:00:00,3468.0
2016-12-10 14:00:00,3638.0
2016-12-10 15:00:00,3775.0
2016-12-10 16:00:00,3704.0
2016-12-10 17:00:00,3735.0
2016-12-10 18:00:00,3791.0
2016-12-10 19:00:00,3623.0
2016-12-10 20:00:00,3615.0
2016-12-10 21:00:00,3573.0
2016-12-10 22:00:00,3456.0
2016-12-10 23:00:00,3617.0
2016-12-11 00:00:00,3637.0
2016-12-11 01:00:00,3775.0
2016-12-11 02:00:00,3726.0
2016-12-11 03:00:00,3547.0
2016-12-11 04:00:00,3286.0
2016-12-11 05:00:00,3087.0
2016-12-11 06:00:00,3017.0
2016-12-11 07:00:00,2975.0
2016-12-11 08:00:00,3056.0
2016-12-11 09:00:00,3059.0
2016-12-11 10:00:00,3159.0
2016-12-11 11:00:00,3350.0
2016-12-11 12:00:00,3513.0
2016-12-11 13:00:00,3602.0
2016-12-11 14:00:00,3923.0
2016-12-11 15:00:00,3736.0
2016-12-11 16:00:00,3591.0
2016-12-11 17:00:00,3599.0
2016-12-11 18:00:00,3882.0
2016-12-11 19:00:00,3685.0
2016-12-11 20:00:00,3624.0
2016-12-11 21:00:00,3576.0
2016-12-11 22:00:00,3460.0
2016-12-11 23:00:00,3614.0
2016-12-12 00:00:00,3642.0
2016-12-12 01:00:00,3675.0
2016-12-12 02:00:00,3638.0
2016-12-12 03:00:00,3527.0
2016-12-12 04:00:00,3246.0
2016-12-12 05:00:00,3081.0
2016-12-12 06:00:00,3074.0
2016-12-12 07:00:00,2945.0
2016-12-12 08:00:00,2972.0
2016-12-12 09:00:00,2926.0
2016-12-12 10:00:00,3087.0
2016-12-12 11:00:00,3269.0
2016-12-12 12:00:00,3343.0
2016-12-12 13:00:00,3488.0
2016-12-12 14:00:00,3594.0
2016-12-12 15:00:00,3576.0
2016-12-12 16:00:00,3629.0
2016-12-12 17:00:00,3726.0
2016-12-12 18:00:00,3827.0
2016-12-12 19:00:00,3696.0
2016-12-12 20:00:00,3500.0
2016-12-12 21:00:00,3556.0
2016-12-12 22:00:00,3420.0
2016-12-12 23:00:00,3599.0
2016-12-13 00:00:00,3541.0
2016-12-13 01:00:00,3576.0
2016-12-13 02:00:00,3504.0
2016-12-13 03:00:00,3376.0
2016-12-13 04:00:00,3195.0
2016-12-13 05:00:00,3149.0
2016-12-13 06:00:00,3003.0
2016-12-13 07:00:00,2913.0
2016-12-13 08:00:00,2991.0
2016-12-13 09:00:00,2999.0
2016-12-13 10:00:00,3103.0
2016-12-13 11:00:00,3384.0
2016-12-13 12:00:00,3470.0
2016-12-13 13:00:00,3552.0
2016-12-13 14:00:00,3866.0
2016-12-13 15:00:00,3754.0
2016-12-13 16:00:00,3821.0
2016-12-13 17:00:00,3808.0
2016-12-13 18:00:00,3968.0
2016-12-13 19:00:00,3832.0
2016-12-13 20:00:00,3721.0
2016-12-13 21:00:00,3665.0
2016-12-13 22:00:00,3528.0
2016-12-13 23:00:00,3667.0
2016-12-14 00:00:00,3729.0
2016-12-14 01:00:00,3728.0
2016-12-14 02:00:00,3650.0
2016-12-14 03:00:00,3510.0
2016-12-14 04:00:00,3202.0
2016-12-14 05:00:00,3033.0
2016-12-14 06:00:00,2935.0
2016-12-14 07:00:00,2877.0
2016-12-14 08:00:00,2991.0
2016-12-14 09:00:00,2969.0
2016-12-14 10:00:00,3055.0
2016-12-14 11:00:00,3454.0
2016-12-14 12:00:00,3534.0
2016-12-14 13:00:00,3669.0
2016-12-14 14:00:00,3788.0
2016-12-14 15:00:00,3754.0
2016-12-14 16:00:00,3737.0
2016-12-14 17:00:00,3790.0
2016-12-14 18:00:00,3874.0
2016-12-14 19:00:00,3713.0
2016-12-14 20:00:00,3604.0
2016-12-14 21:00:00,3666.0
2016-12-14 22:00:00,3441.0
2016-12-14 23:00:00,3595.0
2016-12-15 00:00:00,3730.0
2016-12-15 01:00:00,3718.0
2016-12-15 02:00:00,3727.0
2016-12-15 03:00:00,3642.0
2016-12-15 04:00:00,3425.0
2016-12-15 05:00:00,3200.0
2016-12-15 06:00:00,3101.0
2016-12-15 07:00:00,3055.0
2016-12-15 08:00:00,3086.0
2016-12-15 09:00:00,3146.0
2016-12-15 10:00:00,3094.0
2016-12-15 11:00:00,3265.0
2016-12-15 12:00:00,3204.0
2016-12-15 13:00:00,3228.0
2016-12-15 14:00:00,3349.0
2016-12-15 15:00:00,3390.0
2016-12-15 16:00:00,3431.0
2016-12-15 17:00:00,3386.0
2016-12-15 18:00:00,3463.0
2016-12-15 19:00:00,3357.0
2016-12-15 20:00:00,3259.0
2016-12-15 21:00:00,3378.0
2016-12-15 22:00:00,3313.0
2016-12-15 23:00:00,3485.0
2016-12-16 00:00:00,3533.0
2016-12-16 01:00:00,3539.0
2016-12-16 02:00:00,3392.0
2016-12-16 03:00:00,3281.0
2016-12-16 04:00:00,3198.0
2016-12-16 05:00:00,3108.0
2016-12-16 06:00:00,2966.0
2016-12-16 07:00:00,2848.0
2016-12-16 08:00:00,2848.0
2016-12-16 09:00:00,2873.0
2016-12-16 10:00:00,2704.0
2016-12-16 11:00:00,2810.0
2016-12-16 12:00:00,2835.0
2016-12-16 13:00:00,2985.0
2016-12-16 14:00:00,3080.0
2016-12-16 15:00:00,3143.0
2016-12-16 16:00:00,3070.0
2016-12-16 17:00:00,3044.0
2016-12-16 18:00:00,3049.0
2016-12-16 19:00:00,3047.0
2016-12-16 20:00:00,3035.0
2016-12-16 21:00:00,3116.0
2016-12-16 22:00:00,3030.0
2016-12-16 23:00:00,2897.0
2016-12-17 00:00:00,2930.0
2016-12-17 01:00:00,2941.0
2016-12-17 02:00:00,2962.0
2016-12-17 03:00:00,2869.0
2016-12-17 04:00:00,2921.0
2016-12-17 05:00:00,2868.0
2016-12-17 06:00:00,2831.0
2016-12-17 07:00:00,2802.0
2016-12-17 08:00:00,2720.0
2016-12-17 09:00:00,2809.0
2016-12-17 10:00:00,3055.0
2016-12-17 11:00:00,3284.0
2016-12-17 12:00:00,3398.0
2016-12-17 13:00:00,3232.0
2016-12-17 14:00:00,3421.0
2016-12-17 15:00:00,3377.0
2016-12-17 16:00:00,3366.0
2016-12-17 17:00:00,3391.0
2016-12-17 18:00:00,3411.0
2016-12-17 19:00:00,3396.0
2016-12-17 20:00:00,3786.0
2016-12-17 21:00:00,3592.0
2016-12-17 22:00:00,3304.0
2016-12-17 23:00:00,3447.0
2016-12-18 00:00:00,3526.0
2016-12-18 01:00:00,3688.0
2016-12-18 02:00:00,3608.0
2016-12-18 03:00:00,3465.0
2016-12-18 04:00:00,3282.0
2016-12-18 05:00:00,3085.0
2016-12-18 06:00:00,2966.0
2016-12-18 07:00:00,2978.0
2016-12-18 08:00:00,3010.0
2016-12-18 09:00:00,2955.0
2016-12-18 10:00:00,3010.0
2016-12-18 11:00:00,3277.0
2016-12-18 12:00:00,2794.0
2016-12-18 13:00:00,2861.0
2016-12-18 14:00:00,3821.0
2016-12-18 15:00:00,3867.0
2016-12-18 16:00:00,4549.0
2016-12-18 17:00:00,4202.0
2016-12-18 18:00:00,3782.0
2016-12-18 19:00:00,3930.0
2016-12-18 20:00:00,3913.0
2016-12-18 21:00:00,3733.0
2016-12-18 22:00:00,3618.0
2016-12-18 23:00:00,3730.0
2016-12-19 00:00:00,3772.0
2016-12-19 01:00:00,3622.0
2016-12-19 02:00:00,3940.0
2016-12-19 03:00:00,3788.0
2016-12-19 04:00:00,3362.0
2016-12-19 05:00:00,3180.0
2016-12-19 06:00:00,3087.0
2016-12-19 07:00:00,2906.0
2016-12-19 08:00:00,2927.0
2016-12-19 09:00:00,3031.0
2016-12-19 10:00:00,3069.0
2016-12-19 11:00:00,3046.0
2016-12-19 12:00:00,3504.0
2016-12-19 13:00:00,3465.0
2016-12-19 14:00:00,3689.0
2016-12-19 15:00:00,3901.0
2016-12-19 16:00:00,3895.0
2016-12-19 17:00:00,3935.0
2016-12-19 18:00:00,4157.0
2016-12-19 19:00:00,4019.0
2016-12-19 20:00:00,3892.0
2016-12-19 21:00:00,4036.558129418184
2016-12-19 22:00:00,4072.0288321337434
2016-12-19 23:00:00,4106.389718877401
2016-12-20 00:00:00,4139.613440327443
2016-12-20 01:00:00,4171.672647162156
2016-12-20 02:00:00,4202.539990059827
2016-12-20 03:00:00,4232.1881196987415
2016-12-20 04:00:00,4260.589686757187
2016-12-20 05:00:00,4287.717341913451
2016-12-20 06:00:00,4313.5437358458175
2016-12-20 07:00:00,4338.0415192325745
2016-12-20 08:00:00,4361.183342752009
2016-12-20 09:00:00,4382.941857082406
2016-12-20 10:00:00,4403.289712902054
2016-12-20 11:00:00,4422.199560889238
2016-12-20 12:00:00,4439.6440517222445
2016-12-20 13:00:00,4455.595836079361
2016-12-20 14:00:00,4470.027564638874
2016-12-20 15:00:00,4482.911888079069
2016-12-20 16:00:00,4494.221457078234
2016-12-20 17:00:00,4503.928922314655
2016-12-20 18:00:00,4512.006934466618
2016-12-20 19:00:00,4518.428144212411
2016-12-20 20:00:00,4523.165202230319
2016-12-20 21:00:00,4526.190759198628
2016-12-20 22:00:00,4527.477465795627
2016-12-20 23:00:00,4526.997972699601
2016-12-21 00:00:00,4524.724930588836
2016-12-21 01:00:00,4520.63099014162
2016-12-21 02:00:00,4514.688802036238
2016-12-21 03:00:00,4506.871016950978
2016-12-21 04:00:00,4497.150285564126
2016-12-21 05:00:00,4485.4992585539685
2016-12-21 06:00:00,4471.890586598793
2016-12-21 07:00:00,4456.2969203768835
2016-12-21 08:00:00,4438.690910566529
2016-12-21 09:00:00,4419.045207846015
2016-12-21 10:00:00,4397.332462893628
2016-12-21 11:00:00,4373.525326387655
2016-12-21 12:00:00,4347.596449006382
2016-12-21 13:00:00,4319.518481428095
2016-12-21 14:00:00,4289.26407433108
2016-12-21 15:00:00,4256.805878393627
2016-12-21 16:00:00,4222.11654429402
2016-12-21 17:00:00,4185.168722710547
2016-12-21 18:00:00,4145.935064321492
2016-12-21 19:00:00,4104.388219805144
2016-12-21 20:00:00,4060.5008398397918
2016-12-21 21:00:00,4014.245575103716
2016-12-21 22:00:00,3965.595076275205
2016-12-21 23:00:00,3800.0
2016-12-22 00:00:00,3987.0
2016-12-22 01:00:00,3998.0
2016-12-22 02:00:00,3853.0
2016-12-22 03:00:00,3590.0
2016-12-22 04:00:00,3480.0
2016-12-22 05:00:00,3262.0
2016-12-22 06:00:00,3185.0
2016-12-22 07:00:00,3162.0
2016-12-22 08:00:00,3188.0
2016-12-22 09:00:00,3091.0
2016-12-22 10:00:00,3092.0
2016-12-22 11:00:00,3330.0
2016-12-22 12:00:00,3464.0
2016-12-22 13:00:00,3459.0
2016-12-22 14:00:00,3708.0
2016-12-22 15:00:00,3738.0
2016-12-22 16:00:00,3710.0
2016-12-22 17:00:00,3737.0
2016-12-22 18:00:00,3885.0
2016-12-22 19:00:00,3828.0
2016-12-22 20:00:00,3747.0
2016-12-22 21:00:00,3821.0
2016-12-22 22:00:00,3704.0
2016-12-22 23:00:00,3854.0
2016-12-23 00:00:00,3781.0
2016-12-23 01:00:00,3636.0
2016-12-23 02:00:00,3442.0
2016-12-23 03:00:00,3388.0
2016-12-23 04:00:00,3302.0
2016-12-23 05:00:00,3136.0
2016-12-23 06:00:00,2924.0
2016-12-23 07:00:00,2966.0
2016-12-23 08:00:00,2965.0
2016-12-23 09:00:00,2948.0
2016-12-23 10:00:00,2959.0
2016-12-23 11:00:00,3137.0
2016-12-23 12:00:00,3296.0
2016-12-23 13:00:00,3355.0
2016-12-23 14:00:00,3506.0
2016-12-23 15:00:00,3642.0
2016-12-23 16:00:00,3751.0
2016-12-23 17:00:00,3784.0
2016-12-23 18:00:00,3764.0
2016-12-23 19:00:00,3717.0
2016-12-23 20:00:00,3639.0
2016-12-23 21:00:00,3622.0
2016-12-23 22:00:00,3578.0
2016-12-23 23:00:00,3444.0
2016-12-24 00:00:00,3291.0
2016-12-24 01:00:00,3254.0
2016-12-24 02:00:00,3269.0
2016-12-24 03:00:00,3299.0
2016-12-24 04:00:00,3146.0
2016-12-24 05:00:00,3058.0
2016-12-24 06:00:00,3006.0
2016-12-24 07:00:00,3034.0
2016-12-24 08:00:00,3144.0
2016-12-24 09:00:00,3209.0
2016-12-24 10:00:00,3520.0
2016-12-24 11:00:00,3820.0
2016-12-24 12:00:00,4159.0
2016-12-24 13:00:00,4429.0
2016-12-24 14:00:00,4750.0
2016-12-24 15:00:00,4495.0
2016-12-24 16:00:00,4463.0
2016-12-24 17:00:00,4466.0
2016-12-24 18:00:00,4620.0
2016-12-24 19:00:00,4563.0
2016-12-24 20:00:00,4528.0
2016-12-24 21:00:00,4465.0
2016-12-24 22:00:00,4330.0
2016-12-24 23:00:00,4269.0
2016-12-25 00:00:00,4464.0
2016-12-25 01:00:00,4443.0
2016-12-25 02:00:00,4172.0
2016-12-25 03:00:00,4118.0
2016-12-25 04:00:00,3959.0
2016-12-25 05:00:00,3741.0
2016-12-25 06:00:00,3616.0
2016-12-25 07:00:00,3600.0
2016-12-25 08:00:00,3578.0
2016-12-25 09:00:00,3707.0
2016-12-25 10:00:00,3878.0
2016-12-25 11:00:00,4253.0
2016-12-25 12:00:00,4617.0
2016-12-25 13:00:00,4641.0
2016-12-25 14:00:00,4860.0
2016-12-25 15:00:00,4987.0
2016-12-25 16:00:00,4914.0
2016-12-25 17:00:00,4669.0
2016-12-25 18:00:00,4554.0
2016-12-25 19:00:00,4129.0
2016-12-25 20:00:00,4434.0
2016-12-25 21:00:00,4292.0
2016-12-25 22:00:00,4020.0
2016-12-25 23:00:00,4155.0
2016-12-26 00:00:00,4347.0
2016-12-26 01:00:00,4442.0
2016-12-26 02:00:00,4249.0
2016-12-26 03:00:00,4078.0
2016-12-26 04:00:00,3819.0
2016-12-26 05:00:00,3617.0
2016-12-26 06:00:00,3452.0
2016-12-26 07:00:00,3462.0
2016-12-26 08:00:00,3475.0
2016-12-26 09:00:00,3552.0
2016-12-26 10:00:00,3632.0
2016-12-26 11:00:00,4113.0
2016-12-26 12:00:00,4242.0
2016-12-26 13:00:00,4249.0
2016-12-26 14:00:00,4340.0
2016-12-26 15:00:00,4296.0
2016-12-26 16:00:00,4390.0
2016-12-26 17:00:00,4410.0
2016-12-26 18:00:00,5045.0
2016-12-26 19:00:00,4491.0
2016-12-26 20:00:00,4324.0
2016-12-26 21:00:00,4111.0
2016-12-26 22:00:00,3879.0
2016-12-26 23:00:00,3955.0
2016-12-27 00:00:00,3952.0
2016-12-27 01:00:00,3951.0
2016-12-27 02:00:00,3761.0
2016-12-27 03:00:00,3644.0
2016-12-27 04:00:00,3428.0
2016-12-27 05:00:00,3402.0
2016-12-27 06:00:00,3233.0
2016-12-27 07:00:00,3215.0
2016-12-27 08:00:00,3173.0
2016-12-27 09:00:00,3213.0
2016-12-27 10:00:00,3427.0
2016-12-27 11:00:00,3696.0
2016-12-27 12:00:00,3853.0
2016-12-27 13:00:00,3931.0
2016-12-27 14:00:00,4086.0
2016-12-27 15:00:00,4115.0
2016-12-27 16:00:00,4425.0
2016-12-27 17:00:00,4248.0
2016-12-27 18:00:00,4230.0
2016-12-27 19:00:00,4205.0
2016-12-27 20:00:00,4441.0
2016-12-27 21:00:00,4127.0
2016-12-27 22:00:00,3966.0
2016-12-27 23:00:00,4091.0
2016-12-28 00:00:00,4031.0
2016-12-28 01:00:00,4142.0
2016-12-28 02:00:00,3962.0
2016-12-28 03:00:00,3806.0
2016-12-28 04:00:00,3545.0
2016-12-28 05:00:00,3360.0
2016-12-28 06:00:00,3226.0
2016-12-28 07:00:00,3134.0
2016-12-28 08:00:00,3203.0
2016-12-28 09:00:00,3175.0
2016-12-28 10:00:00,3234.0
2016-12-28 11:00:00,3782.0
2016-12-28 12:00:00,3758.0
2016-12-28 13:00:00,3861.0
2016-12-28 14:00:00,4369.0
2016-12-28 15:00:00,4073.0
2016-12-28 16:00:00,3432.0
2016-12-28 17:00:00,3879.0
2016-12-28 18:00:00,4187.0
2016-12-28 19:00:00,4233.0
2016-12-28 20:00:00,4135.0
2016-12-28 21:00:00,4192.0
2016-12-28 22:00:00,4082.0
2016-12-28 23:00:00,4038.0
2016-12-29 00:00:00,4060.0
2016-12-29 01:00:00,4015.0
2016-12-29 02:00:00,3912.0
2016-12-29 03:00:00,3796.0
2016-12-29 04:00:00,3658.0
2016-12-29 05:00:00,3532.0
2016-12-29 06:00:00,3429.0
2016-12-29 07:00:00,3381.0
2016-12-29 08:00:00,3206.0
2016-12-29 09:00:00,3183.0
2016-12-29 10:00:00,3185.0
2016-12-29 11:00:00,3321.0
2016-12-29 12:00:00,3393.0
2016-12-29 13:00:00,3552.0
2016-12-29 14:00:00,3555.0
2016-12-29 15:00:00,3661.0
2016-12-29 16:00:00,3611.0
2016-12-29 17:00:00,3664.0
2016-12-29 18:00:00,3594.0
2016-12-29 19:00:00,3524.0
2016-12-29 20:00:00,3523.0
2016-12-29 21:00:00,3575.0
2016-12-29 22:00:00,3541.0
2016-12-29 23:00:00,3660.0
2016-12-30 00:00:00,3610.0
2016-12-30 01:00:00,3635.0
2016-12-30 02:00:00,3473.0
2016-12-30 03:00:00,3464.0
2016-12-30 04:00:00,3288.0
2016-12-30 05:00:00,3256.0
2016-12-30 06:00:00,3072.0
2016-12-30 07:00:00,3064.0
2016-12-30 08:00:00,3013.0
2016-12-30 09:00:00,3065.0
2016-12-30 10:00:00,2992.0
2016-12-30 11:00:00,3177.0
2016-12-30 12:00:00,3239.0
2016-12-30 13:00:00,3245.0
2016-12-30 14:00:00,3238.0
2016-12-30 15:00:00,3389.0
2016-12-30 16:00:00,3506.0
2016-12-30 17:00:00,3424.0
2016-12-30 18:00:00,3403.0
2016-12-30 19:00:00,3383.0
2016-12-30 20:00:00,3354.0
2016-12-30 21:00:00,3259.0
2016-12-30 22:00:00,3217.0
2016-12-30 23:00:00,3177.0
2016-12-31 00:00:00,3185.0
2016-12-31 01:00:00,3086.0
2016-12-31 02:00:00,3049.0
2016-12-31 03:00:00,3060.0
2016-12-31 04:00:00,2985.0
2016-12-31 05:00:00,2943.0
2016-12-31 06:00:00,2893.0
2016-12-31 07:00:00,2951.0
2016-12-31 08:00:00,2948.0
2016-12-31 09:00:00,3270.0
2016-12-31 10:00:00,3349.0
2016-12-31 11:00:00,3724.0
2016-12-31 12:00:00,3829.0
2016-12-31 13:00:00,4040.0
2016-12-31 14:00:00,4198.0
2016-12-31 15:00:00,4309.0
2016-12-31 16:00:00,4450.0
2016-12-31 17:00:00,4568.0
2016-12-31 18:00:00,4664.0
2016-12-31 19:00:00,4502.0
2016-12-31 20:00:00,4394.0
2016-12-31 21:00:00,4153.0
2016-12-31 22:00:00,3975.0
2016-12-31 23:00:00,4170.0
2017-01-01 00:00:00,4157.0
2017-01-01 01:00:00,4240.0
2017-01-01 02:00:00,4028.0
2017-01-01 03:00:00,3923.0
2017-01-01 04:00:00,3747.0
2017-01-01 05:00:00,3455.0
2017-01-01 06:00:00,3292.0
2017-01-01 07:00:00,3287.0
2017-01-01 08:00:00,3337.0
2017-01-01 09:00:00,3412.0
2017-01-01 10:00:00,3530.0
2017-01-01 11:00:00,4013.0
2017-01-01 12:00:00,4203.0
2017-01-01 13:00:00,4371.0
2017-01-01 14:00:00,4563.0
2017-01-01 15:00:00,4611.0
2017-01-01 16:00:00,4647.0
2017-01-01 17:00:00,4789.0
2017-01-01 18:00:00,4748.0
2017-01-01 19:00:00,4763.0
2017-01-01 20:00:00,4695.0
2017-01-01 21:00:00,4559.0
2017-01-01 22:00:00,4233.0
2017-01-01 23:00:00,4210.0
2017-01-02 00:00:00,4310.0
2017-01-02 01:00:00,4343.0
2017-01-02 02:00:00,4120.0
2017-01-02 03:00:00,4096.0
2017-01-02 04:00:00,3818.0
2017-01-02 05:00:00,3675.0
2017-01-02 06:00:00,3523.0
2017-01-02 07:00:00,3313.0
2017-01-02 08:00:00,3478.0
2017-01-02 09:00:00,3569.0
2017-01-02 10:00:00,3594.0
2017-01-02 11:00:00,4047.0
2017-01-02 12:00:00,3958.0
2017-01-02 13:00:00,4138.0
2017-01-02 14:00:00,4282.0
2017-01-02 15:00:00,4272.0
2017-01-02 16:00:00,4199.0
2017-01-02 17:00:00,4384.0
2017-01-02 18:00:00,4298.0
2017-01-02 19:00:00,4282.0
2017-01-02 20:00:00,4202.0
2017-01-02 21:00:00,3982.0
2017-01-02 22:00:00,4005.0
2017-01-02 23:00:00,4082.0
2017-01-03 00:00:00,3999.0
2017-01-03 01:00:00,3890.0
2017-01-03 02:00:00,3859.0
2017-01-03 03:00:00,3795.0
2017-01-03 04:00:00,3626.0
2017-01-03 05:00:00,3498.0
2017-01-03 06:00:00,3303.0
2017-01-03 07:00:00,3149.0
2017-01-03 08:00:00,3250.0
2017-01-03 09:00:00,3426.0
2017-01-03 10:00:00,3441.0
2017-01-03 11:00:00,3711.0
2017-01-03 12:00:00,3845.0
2017-01-03 13:00:00,3819.0
2017-01-03 14:00:00,4079.0
2017-01-03 15:00:00,4164.0
2017-01-03 16:00:00,4112.0
2017-01-03 17:00:00,4266.0
2017-01-03 18:00:00,4232.0
2017-01-03 19:00:00,4220.0
2017-01-03 20:00:00,4127.0
2017-01-03 21:00:00,4096.0
2017-01-03 22:00:00,3895.0
2017-01-03 23:00:00,4056.0
2017-01-04 00:00:00,3928.0
2017-01-04 01:00:00,3953.0
2017-01-04 02:00:00,3867.0
2017-01-04 03:00:00,3829.0
2017-01-04 04:00:00,3671.0
2017-01-04 05:00:00,3506.0
2017-01-04 06:00:00,3307.0
2017-01-04 07:00:00,3226.0
2017-01-04 08:00:00,3277.0
2017-01-04 09:00:00,3383.0
2017-01-04 10:00:00,3365.0
2017-01-04 11:00:00,3741.0
2017-01-04 12:00:00,3850.0
2017-01-04 13:00:00,3901.0
2017-01-04 14:00:00,4151.0
2017-01-04 15:00:00,4331.0
2017-01-04 16:00:00,4364.0
2017-01-04 17:00:00,4474.0
2017-01-04 18:00:00,4463.0
2017-01-04 19:00:00,4297.0
2017-01-04 20:00:00,4276.0
2017-01-04 21:00:00,4310.0
2017-01-04 22:00:00,4174.0
2017-01-04 23:00:00,4333.0
2017-01-05 00:00:00,4115.0
2017-01-05 01:00:00,4157.0
2017-01-05 02:00:00,3917.0
2017-01-05 03:00:00,3862.0
2017-01-05 04:00:00,3714.0
2017-01-05 05:00:00,3535.0
2017-01-05 06:00:00,3470.0
2017-01-05 07:00:00,3404.0
2017-01-05 08:00:00,3299.0
2017-01-05 09:00:00,3561.0
2017-01-05 10:00:00,3493.0
2017-01-05 11:00:00,3719.0
2017-01-05 12:00:00,3537.0
2017-01-05 13:00:00,3535.0
2017-01-05 14:00:00,3687.0
2017-01-05 15:00:00,3669.0
2017-01-05 16:00:00,3611.0
2017-01-05 17:00:00,3757.0
2017-01-05 18:00:00,3871.0
2017-01-05 19:00:00,3839.0
2017-01-05 20:00:00,3707.0
2017-01-05 21:00:00,3791.0
2017-01-05 22:00:00,3760.0
2017-01-05 23:00:00,3731.0
2017-01-06 00:00:00,3771.0
2017-01-06 01:00:00,3824.0
2017-01-06 02:00:00,3770.0
2017-01-06 03:00:00,3650.0
2017-01-06 04:00:00,3496.0
2017-01-06 05:00:00,3416.0
2017-01-06 06:00:00,3203.0
2017-01-06 07:00:00,3097.0
2017-01-06 08:00:00,3073.0
2017-01-06 09:00:00,3035.0
2017-01-06 10:00:00,2986.0
2017-01-06 11:00:00,3076.0
2017-01-06 12:00:00,3170.0
2017-01-06 13:00:00,3254.0
2017-01-06 14:00:00,3485.0
2017-01-06 15:00:00,3523.0
2017-01-06 16:00:00,3542.0
2017-01-06 17:00:00,3594.0
2017-01-06 18:00:00,3669.0
2017-01-06 19:00:00,3495.0
2017-01-06 20:00:00,3483.0
2017-01-06 21:00:00,3467.0
2017-01-06 22:00:00,3299.0
2017-01-06 23:00:00,3238.0
2017-01-07 00:00:00,3177.0
2017-01-07 01:00:00,3137.0
2017-01-07 02:00:00,3188.0
2017-01-07 03:00:00,3112.0
2017-01-07 04:00:00,3061.0
2017-01-07 05:00:00,3005.0
2017-01-07 06:00:00,3029.0
2017-01-07 07:00:00,3017.0
2017-01-07 08:00:00,3025.0
2017-01-07 09:00:00,3206.0
2017-01-07 10:00:00,3292.0
2017-01-07 11:00:00,3767.0
2017-01-07 12:00:00,3931.0
2017-01-07 13:00:00,4043.0
2017-01-07 14:00:00,4106.0
2017-01-07 15:00:00,4156.0
2017-01-07 16:00:00,4087.0
2017-01-07 17:00:00,4266.0
2017-01-07 18:00:00,4357.0
2017-01-07 19:00:00,4374.0
2017-01-07 20:00:00,4245.0
2017-01-07 21:00:00,4165.0
2017-01-07 22:00:00,3902.0
2017-01-07 23:00:00,3996.0
2017-01-08 00:00:00,4008.0
2017-01-08 01:00:00,4036.0
2017-01-08 02:00:00,3933.0
2017-01-08 03:00:00,3787.0
2017-01-08 04:00:00,3615.0
2017-01-08 05:00:00,3408.0
2017-01-08 06:00:00,3253.0
2017-01-08 07:00:00,3330.0
2017-01-08 08:00:00,3308.0
2017-01-08 09:00:00,3396.0
2017-01-08 10:00:00,3461.0
2017-01-08 11:00:00,3822.0
2017-01-08 12:00:00,3917.0
2017-01-08 13:00:00,4121.0
2017-01-08 14:00:00,4204.0
2017-01-08 15:00:00,4198.0
2017-01-08 16:00:00,4164.0
2017-01-08 17:00:00,4299.0
2017-01-08 18:00:00,4441.0
2017-01-08 19:00:00,4401.0
2017-01-08 20:00:00,4138.0
2017-01-08 21:00:00,3954.0
2017-01-08 22:00:00,3885.0
2017-01-08 23:00:00,4004.0
2017-01-09 00:00:00,3988.0
2017-01-09 01:00:00,4036.0
2017-01-09 02:00:00,3918.0
2017-01-09 03:00:00,3768.0
2017-01-09 04:00:00,3547.0
2017-01-09 05:00:00,3367.0
2017-01-09 06:00:00,3293.0
2017-01-09 07:00:00,3250.0
2017-01-09 08:00:00,3232.0
2017-01-09 09:00:00,3262.0
2017-01-09 10:00:00,3313.0
2017-01-09 11:00:00,3586.0
2017-01-09 12:00:00,3747.0
2017-01-09 13:00:00,3980.0
2017-01-09 14:00:00,3932.0
2017-01-09 15:00:00,4128.0
2017-01-09 16:00:00,4202.0
2017-01-09 17:00:00,4258.0
2017-01-09 18:00:00,4231.0
2017-01-09 19:00:00,4186.0
2017-01-09 20:00:00,4039.0
2017-01-09 21:00:00,4019.0
2017-01-09 22:00:00,3932.0
2017-01-09 23:00:00,4045.0
2017-01-10 00:00:00,4061.0
2017-01-10 01:00:00,3852.0
2017-01-10 02:00:00,3811.0
2017-01-10 03:00:00,3744.0
2017-01-10 04:00:00,3389.0
2017-01-10 05:00:00,3293.0
2017-01-10 06:00:00,3285.0
2017-01-10 07:00:00,3167.0
2017-01-10 08:00:00,3211.0
2017-01-10 09:00:00,3200.0
2017-01-10 10:00:00,3337.0
2017-01-10 11:00:00,3818.0
2017-01-10 12:00:00,3958.0
2017-01-10 13:00:00,4193.0
2017-01-10 14:00:00,4415.0
2017-01-10 15:00:00,4440.0
2017-01-10 16:00:00,4353.0
2017-01-10 17:00:00,4457.0
2017-01-10 18:00:00,4498.0
2017-01-10 19:00:00,4581.0
2017-01-10 20:00:00,4207.0
2017-01-10 21:00:00,4064.0
2017-01-10 22:00:00,3946.0
2017-01-10 23:00:00,4083.0
2017-01-11 00:00:00,4079.0
2017-01-11 01:00:00,4045.0
2017-01-11 02:00:00,3947.0
2017-01-11 03:00:00,3795.0
2017-01-11 04:00:00,3603.0
2017-01-11 05:00:00,3454.0
2017-01-11 06:00:00,3356.0
2017-01-11 07:00:00,3268.0
2017-01-11 08:00:00,3232.0
2017-01-11 09:00:00,3258.0
2017-01-11 10:00:00,3453.0
2017-01-11 11:00:00,3920.0
2017-01-11 12:00:00,4113.0
2017-01-11 13:00:00,4350.0
2017-01-11 14:00:00,4545.0
2017-01-11 15:00:00,4567.0
2017-01-11 16:00:00,4462.0
2017-01-11 17:00:00,4779.0
2017-01-11 18:00:00,4690.0
2017-01-11 19:00:00,4777.0
2017-01-11 20:00:00,4515.0
2017-01-11 21:00:00,4320.0
2017-01-11 22:00:00,4378.0
2017-01-11 23:00:00,4455.0
2017-01-12 00:00:00,4356.0
2017-01-12 01:00:00,4509.0
2017-01-12 02:00:00,4303.0
2017-01-12 03:00:00,3980.0
2017-01-12 04:00:00,3814.0
2017-01-12 05:00:00,3540.0
2017-01-12 06:00:00,3459.0
2017-01-12 07:00:00,3412.0
2017-01-12 08:00:00,3211.0
2017-01-12 09:00:00,3341.0
2017-01-12 10:00:00,3328.0
2017-01-12 11:00:00,3579.0
2017-01-12 12:00:00,3653.0
2017-01-12 13:00:00,3581.0
2017-01-12 14:00:00,3856.0
2017-01-12 15:00:00,3841.0
2017-01-12 16:00:00,3835.0
2017-01-12 17:00:00,3902.3075282654704
2017-01-12 18:00:00,3950.9304780866764
2017-01-12 19:00:00,3999.292587070583
2017-01-12 20:00:00,4047.3407056771657
2017-01-12 21:00:00,4095.0216843663998
2017-01-12 22:00:00,4142.282373598262
2017-01-12 23:00:00,4189.069623832727
2017-01-13 00:00:00,4235.330285529771
2017-01-13 01:00:00,4281.011209149368
2017-01-13 02:00:00,4326.059245151496
2017-01-13 03:00:00,4370.421243996129
2017-01-13 04:00:00,4414.044056143243
2017-01-13 05:00:00,4456.874532052814
2017-01-13 06:00:00,4498.859522184817
2017-01-13 07:00:00,4539.945876999228
2017-01-13 08:00:00,4580.080446956022
2017-01-13 09:00:00,4619.210082515174
2017-01-13 10:00:00,4657.281634136661
2017-01-13 11:00:00,4694.241952280458
2017-01-13 12:00:00,4730.03788740654
2017-01-13 13:00:00,4764.616289974884
2017-01-13 14:00:00,4797.924010445465
2017-01-13 15:00:00,4829.907899278258
2017-01-13 16:00:00,4860.514806933239
2017-01-13 17:00:00,4889.6915838703835
2017-01-13 18:00:00,4917.385080549667
2017-01-13 19:00:00,4943.542147431065
2017-01-13 20:00:00,4968.109634974553
2017-01-13 21:00:00,4991.034393640107
2017-01-13 22:00:00,5012.263273887702
2017-01-13 23:00:00,5031.7431261773145
2017-01-14 00:00:00,5049.42080096892
2017-01-14 01:00:00,5065.243148722494
2017-01-14 02:00:00,5079.157019898012
2017-01-14 03:00:00,5091.109264955448
2017-01-14 04:00:00,5101.04673435478
2017-01-14 05:00:00,5108.916278555982
2017-01-14 06:00:00,5114.6647480190295
2017-01-14 07:00:00,5118.2389932039005
2017-01-14 08:00:00,5119.585864570567
2017-01-14 09:00:00,5118.652212579006
2017-01-14 10:00:00,5115.384887689193
2017-01-14 11:00:00,5109.730740361106
2017-01-14 12:00:00,5101.636621054717
2017-01-14 13:00:00,5091.049380230004
2017-01-14 14:00:00,5077.915868346941
2017-01-14 15:00:00,5062.182935865505
2017-01-14 16:00:00,5043.797433245672
2017-01-14 17:00:00,5022.706210947415
2017-01-14 18:00:00,4998.856119430709
2017-01-14 19:00:00,4998.0
2017-01-14 20:00:00,4912.0
2017-01-14 21:00:00,4860.0
2017-01-14 22:00:00,4762.0
2017-01-14 23:00:00,4925.0
2017-01-15 00:00:00,5020.0
2017-01-15 01:00:00,5033.0
2017-01-15 02:00:00,4818.0
2017-01-15 03:00:00,4594.0
2017-01-15 04:00:00,4389.0
2017-01-15 05:00:00,4032.0
2017-01-15 06:00:00,4043.0
2017-01-15 07:00:00,3958.0
2017-01-15 08:00:00,3721.0
2017-01-15 09:00:00,3582.0
2017-01-15 10:00:00,3886.0
2017-01-15 11:00:00,4325.0
2017-01-15 12:00:00,5015.0
2017-01-15 13:00:00,5025.0
2017-01-15 14:00:00,4963.0
2017-01-15 15:00:00,4885.0
2017-01-15 16:00:00,4886.0
2017-01-15 17:00:00,4962.0
2017-01-15 18:00:00,5031.0
2017-01-15 19:00:00,5034.0
2017-01-15 20:00:00,5173.0
2017-01-15 21:00:00,4911.0
2017-01-15 22:00:00,4878.0
2017-01-15 23:00:00,5029.0
2017-01-16 00:00:00,5047.0
2017-01-16 01:00:00,5197.0
2017-01-16 02:00:00,5023.0
2017-01-16 03:00:00,4772.0
2017-01-16 04:00:00,4631.0
2017-01-16 05:00:00,4436.0
2017-01-16 06:00:00,4316.0
2017-01-16 07:00:00,4050.0
2017-01-16 08:00:00,3807.0
2017-01-16 09:00:00,3857.0
2017-01-16 10:00:00,3989.0
2017-01-16 11:00:00,4566.0
2017-01-16 12:00:00,4944.0
2017-01-16 13:00:00,4971.0
2017-01-16 14:00:00,4970.0
2017-01-16 15:00:00,4997.0
2017-01-16 16:00:00,4879.0
2017-01-16 17:00:00,4807.0
2017-01-16 18:00:00,5238.0
2017-01-16 19:00:00,5257.0
2017-01-16 20:00:00,5203.0
2017-01-16 21:00:00,4902.0
2017-01-16 22:00:00,4694.0
2017-01-16 23:00:00,4765.0
2017-01-17 00:00:00,4696.0
2017-01-17 01:00:00,4681.0
2017-01-17 02:00:00,4295.0
2017-01-17 03:00:00,4104.0
2017-01-17 04:00:00,3878.0
2017-01-17 05:00:00,3750.0
2017-01-17 06:00:00,3620.0
2017-01-17 07:00:00,3413.0
2017-01-17 08:00:00,3461.0
2017-01-17 09:00:00,3596.0
2017-01-17 10:00:00,3733.0
2017-01-17 11:00:00,4257.0
2017-01-17 12:00:00,4304.0
2017-01-17 13:00:00,4651.0
2017-01-17 14:00:00,4944.0
2017-01-17 15:00:00,5067.0
2017-01-17 16:00:00,5050.0
2017-01-17 17:00:00,5288.0
2017-01-17 18:00:00,5159.0
2017-01-17 19:00:00,5077.0
2017-01-17 20:00:00,5102.0
2017-01-17 21:00:00,4948.0
2017-01-17 22:00:00,4610.0
2017-01-17 23:00:00,4624.0
2017-01-18 00:00:00,4592.0
2017-01-18 01:00:00,4441.0
2017-01-18 02:00:00,4315.0
2017-01-18 03:00:00,4161.0
2017-01-18 04:00:00,3780.0
2017-01-18 05:00:00,3680.0
2017-01-18 06:00:00,3591.0
2017-01-18 07:00:00,3491.0
2017-01-18 08:00:00,3506.0
2017-01-18 09:00:00,3570.0
2017-01-18 10:00:00,3694.0
2017-01-18 11:00:00,4110.0
2017-01-18 12:00:00,4316.0
2017-01-18 13:00:00,4589.0
2017-01-18 14:00:00,4790.0
2017-01-18 15:00:00,4779.0
2017-01-18 16:00:00,4710.0
2017-01-18 17:00:00,4908.0
2017-01-18 18:00:00,5035.0
2017-01-18 19:00:00,4849.0
2017-01-18 20:00:00,4821.0
2017-01-18 21:00:00,4733.0
2017-01-18 22:00:00,4488.0
2017-01-18 23:00:00,4529.0
2017-01-19 00:00:00,4560.0
2017-01-19 01:00:00,4512.0
2017-01-19 02:00:00,4342.0
2017-01-19 03:00:00,4213.0
2017-01-19 04:00:00,4005.0
2017-01-19 05:00:00,3870.0
2017-01-19 06:00:00,3703.0
2017-01-19 07:00:00,3657.0
2017-01-19 08:00:00,3663.0
2017-01-19 09:00:00,3716.0
2017-01-19 10:00:00,3673.0
2017-01-19 11:00:00,3888.0
2017-01-19 12:00:00,3891.0
2017-01-19 13:00:00,4120.0
2017-01-19 14:00:00,4143.0
2017-01-19 15:00:00,4328.0
2017-01-19 16:00:00,4209.0
2017-01-19 17:00:00,4277.0
2017-01-19 18:00:00,4393.0
2017-01-19 19:00:00,4534.0
2017-01-19 20:00:00,4502.0
2017-01-19 21:00:00,4351.0
2017-01-19 22:00:00,4305.0
2017-01-19 23:00:00,4286.0
2017-01-20 00:00:00,4305.0
2017-01-20 01:00:00,4368.0
2017-01-20 02:00:00,4317.0
2017-01-20 03:00:00,4157.0
2017-01-20 04:00:00,3912.0
2017-01-20 05:00:00,3892.0
2017-01-20 06:00:00,3695.0
2017-01-20 07:00:00,3522.0
2017-01-20 08:00:00,3402.0
2017-01-20 09:00:00,3381.0
2017-01-20 10:00:00,3303.0
2017-01-20 11:00:00,3595.0
2017-01-20 12:00:00,3670.0
2017-01-20 13:00:00,3868.0
2017-01-20 14:00:00,3949.0
2017-01-20 15:00:00,4072.0
2017-01-20 16:00:00,3978.0
2017-01-20 17:00:00,4036.0
2017-01-20 18:00:00,4060.0
2017-01-20 19:00:00,3918.0
2017-01-20 20:00:00,3802.0
2017-01-20 21:00:00,3804.0
2017-01-20 22:00:00,3613.0
2017-01-20 23:00:00,3536.0
2017-01-21 00:00:00,3514.0
2017-01-21 01:00:00,3448.0
2017-01-21 02:00:00,3438.0
2017-01-21 03:00:00,3448.0
2017-01-21 04:00:00,3354.0
2017-01-21 05:00:00,3335.0
2017-01-21 06:00:00,3348.0
2017-01-21 07:00:00,3368.0
2017-01-21 08:00:00,3418.0
2017-01-21 09:00:00,3411.0
2017-01-21 10:00:00,3477.0
2017-01-21 11:00:00,3959.0
2017-01-21 12:00:00,4240.0
2017-01-21 13:00:00,4553.0
2017-01-21 14:00:00,4647.0
2017-01-21 15:00:00,4758.0
2017-01-21 16:00:00,4871.0
2017-01-21 17:00:00,5080.0
2017-01-21 18:00:00,5232.0
2017-01-21 19:00:00,5203.0
2017-01-21 20:00:00,5093.0
2017-01-21 21:00:00,4858.0
2017-01-21 22:00:00,4628.0
2017-01-21 23:00:00,4362.0
2017-01-22 00:00:00,4518.0
2017-01-22 01:00:00,4475.0
2017-01-22 02:00:00,4333.0
2017-01-22 03:00:00,4204.0
2017-01-22 04:00:00,3942.0
2017-01-22 05:00:00,3848.0
2017-01-22 06:00:00,3613.0
2017-01-22 07:00:00,3521.0
2017-01-22 08:00:00,3435.0
2017-01-22 09:00:00,3596.0
2017-01-22 10:00:00,3648.0
2017-01-22 11:00:00,4085.0
2017-01-22 12:00:00,3874.548100682112
2017-01-22 13:00:00,3893.342488888508
2017-01-22 14:00:00,3910.7670721705435
2017-01-22 15:00:00,3926.9049127303715
2017-01-22 16:00:00,3941.8390727701435
2017-01-22 17:00:00,3955.652614492012
2017-01-22 18:00:00,3968.428600098129
2017-01-22 19:00:00,3980.250091790647
2017-01-22 20:00:00,3991.200151771717
2017-01-22 21:00:00,4001.3618422434934
2017-01-22 22:00:00,4010.818225408127
2017-01-22 23:00:00,4019.65236346777
2017-01-23 00:00:00,4027.947318624575
2017-01-23 01:00:00,4035.786153080694
2017-01-23 02:00:00,4043.251929038279
2017-01-23 03:00:00,4050.427708699482
2017-01-23 04:00:00,4057.396554266456
2017-01-23 05:00:00,4064.2415279413526
2017-01-23 06:00:00,4071.0456919263243
2017-01-23 07:00:00,4077.8921084235226
2017-01-23 08:00:00,4084.8638396351002
2017-01-23 09:00:00,4092.04394776321
2017-01-23 10:00:00,4099.515495010003
2017-01-23 11:00:00,4107.361543577632
2017-01-23 12:00:00,4115.665155668249
2017-01-23 13:00:00,4124.509393484006
2017-01-23 14:00:00,4133.977319227056
2017-01-23 15:00:00,4144.151995099551
2017-01-23 16:00:00,4155.116483303642
2017-01-23 17:00:00,4166.953846041482
2017-01-23 18:00:00,4179.747145515224
2017-01-23 19:00:00,4193.579443927019
2017-01-23 20:00:00,4208.53380347902
2017-01-23 21:00:00,4224.693286373378
2017-01-23 22:00:00,4242.1409548122465
2017-01-23 23:00:00,4260.959870997778
2017-01-24 00:00:00,4281.233097132125
2017-01-24 01:00:00,4303.043695417438
2017-01-24 02:00:00,4326.4747280558695
2017-01-24 03:00:00,4351.609257249573
2017-01-24 04:00:00,4378.530345200698
2017-01-24 05:00:00,4407.3210541114
2017-01-24 06:00:00,4438.064446183828
2017-01-24 07:00:00,4470.843583620139
2017-01-24 08:00:00,4505.74152862248
2017-01-24 09:00:00,4542.8413433930045
2017-01-24 10:00:00,4582.226090133867
2017-01-24 11:00:00,4623.978831047217
2017-01-24 12:00:00,4668.18262833521
2017-01-24 13:00:00,4714.920544199997
2017-01-24 14:00:00,4673.0
2017-01-24 15:00:00,4833.0
2017-01-24 16:00:00,4897.0
2017-01-24 17:00:00,5144.0
2017-01-24 18:00:00,5327.0
2017-01-24 19:00:00,5366.0
2017-01-24 20:00:00,5236.0
2017-01-24 21:00:00,5151.0
2017-01-24 22:00:00,4872.0
2017-01-24 23:00:00,4637.0
2017-01-25 00:00:00,4686.0
2017-01-25 01:00:00,4709.0
2017-01-25 02:00:00,4449.0
2017-01-25 03:00:00,4353.0
2017-01-25 04:00:00,4154.0
2017-01-25 05:00:00,3936.0
2017-01-25 06:00:00,3850.0
2017-01-25 07:00:00,3650.0
2017-01-25 08:00:00,3609.0
2017-01-25 09:00:00,3722.0
2017-01-25 10:00:00,3905.0
2017-01-25 11:00:00,4203.0
2017-01-25 12:00:00,4431.0
2017-01-25 13:00:00,4282.0
2017-01-25 14:00:00,4376.0
2017-01-25 15:00:00,4534.0
2017-01-25 16:00:00,4718.0
2017-01-25 17:00:00,4969.0
2017-01-25 18:00:00,4991.0
2017-01-25 19:00:00,5086.0
2017-01-25 20:00:00,5068.0
2017-01-25 21:00:00,4978.0
2017-01-25 22:00:00,4753.0
2017-01-25 23:00:00,4587.0
2017-01-26 00:00:00,4629.0
2017-01-26 01:00:00,4639.0
2017-01-26 02:00:00,4417.0
2017-01-26 03:00:00,4354.0
2017-01-26 04:00:00,4077.0
2017-01-26 05:00:00,3975.0
2017-01-26 06:00:00,3825.0
2017-01-26 07:00:00,3761.0
2017-01-26 08:00:00,3639.0
2017-01-26 09:00:00,3653.0
2017-01-26 10:00:00,3762.0
2017-01-26 11:00:00,3845.0
2017-01-26 12:00:00,3765.0
2017-01-26 13:00:00,3850.0
2017-01-26 14:00:00,3940.0
2017-01-26 15:00:00,4072.0
2017-01-26 16:00:00,4182.0
2017-01-26 17:00:00,4326.0
2017-01-26 18:00:00,4319.0
2017-01-26 19:00:00,4541.0
2017-01-26 20:00:00,4616.0
2017-01-26 21:00:00,4564.0
2017-01-26 22:00:00,4303.0
2017-01-26 23:00:00,4458.0
2017-01-27 00:00:00,4303.0
2017-01-27 01:00:00,4306.0
2017-01-27 02:00:00,4127.0
2017-01-27 03:00:00,3936.0
2017-01-27 04:00:00,3872.0
2017-01-27 05:00:00,3639.0
2017-01-27 06:00:00,3517.0
2017-01-27 07:00:00,3430.0
2017-01-27 08:00:00,3284.0
2017-01-27 09:00:00,3309.0
2017-01-27 10:00:00,3177.0
2017-01-27 11:00:00,3312.0
2017-01-27 12:00:00,3360.0
2017-01-27 13:00:00,3508.0
2017-01-27 14:00:00,3640.0
2017-01-27 15:00:00,3837.0
2017-01-27 16:00:00,3909.0
2017-01-27 17:00:00,3853.0
2017-01-27 18:00:00,3897.0
2017-01-27 19:00:00,3850.0
2017-01-27 20:00:00,3627.0
2017-01-27 21:00:00,3667.0
2017-01-27 22:00:00,3411.0
2017-01-27 23:00:00,3444.0
2017-01-28 00:00:00,3389.0
2017-01-28 01:00:00,3274.0
2017-01-28 02:00:00,3286.0
2017-01-28 03:00:00,3293.0
2017-01-28 04:00:00,3237.0
2017-01-28 05:00:00,3218.0
2017-01-28 06:00:00,3148.0
2017-01-28 07:00:00,3126.0
2017-01-28 08:00:00,3184.0
2017-01-28 09:00:00,3296.0
2017-01-28 10:00:00,3402.0
2017-01-28 11:00:00,3825.0
2017-01-28 12:00:00,3952.0
2017-01-28 13:00:00,4243.0
2017-01-28 14:00:00,4408.0
2017-01-28 15:00:00,4551.0
2017-01-28 16:00:00,4585.0
2017-01-28 17:00:00,4864.0
2017-01-28 18:00:00,4934.0
2017-01-28 19:00:00,4799.0
2017-01-28 20:00:00,5003.0
2017-01-28 21:00:00,4832.0
2017-01-28 22:00:00,4459.0
2017-01-28 23:00:00,4410.0
2017-01-29 00:00:00,4403.0
2017-01-29 01:00:00,4363.0
2017-01-29 02:00:00,4167.0
2017-01-29 03:00:00,4002.0
2017-01-29 04:00:00,3765.0
2017-01-29 05:00:00,3574.0
2017-01-29 06:00:00,3529.0
2017-01-29 07:00:00,3406.0
2017-01-29 08:00:00,3475.0
2017-01-29 09:00:00,3456.0
2017-01-29 10:00:00,3572.0
2017-01-29 11:00:00,3913.0
2017-01-29 12:00:00,4015.0
2017-01-29 13:00:00,4238.0
2017-01-29 14:00:00,4563.0
2017-01-29 15:00:00,4684.0
2017-01-29 16:00:00,4809.0
2017-01-29 17:00:00,5205.0
2017-01-29 18:00:00,5213.0
2017-01-29 19:00:00,5053.0
2017-01-29 20:00:00,5192.0
2017-01-29 21:00:00,5017.0
2017-01-29 22:00:00,4685.0
2017-01-29 23:00:00,4623.0
2017-01-30 00:00:00,4573.0
2017-01-30 01:00:00,4575.0
2017-01-30 02:00:00,4244.0
2017-01-30 03:00:00,4093.0
2017-01-30 04:00:00,3988.0
2017-01-30 05:00:00,3742.0
2017-01-30 06:00:00,3603.0
2017-01-30 07:00:00,3571.0
2017-01-30 08:00:00,3500.0
2017-01-30 09:00:00,3532.0
2017-01-30 10:00:00,3687.0
2017-01-30 11:00:00,4096.0
2017-01-30 12:00:00,4233.0
2017-01-30 13:00:00,4389.0
2017-01-30 14:00:00,4544.0
2017-01-30 15:00:00,4540.0
2017-01-30 16:00:00,4769.0
2017-01-30 17:00:00,4850.0
2017-01-30 18:00:00,4815.0
2017-01-30 19:00:00,4985.0
2017-01-30 20:00:00,4939.0
2017-01-30 21:00:00,4818.0
2017-01-30 22:00:00,4707.0
2017-01-30 23:00:00,4674.0
2017-01-31 00:00:00,4623.0
2017-01-31 01:00:00,4632.0
2017-01-31 02:00:00,4499.0
2017-01-31 03:00:00,4393.0
2017-01-31 04:00:00,4304.0
2017-01-31 05:00:00,4122.0
2017-01-31 06:00:00,3919.0
2017-01-31 07:00:00,3825.0
2017-01-31 08:00:00,3705.0
2017-01-31 09:00:00,3688.0
2017-01-31 10:00:00,3901.0
2017-01-31 11:00:00,4214.0
2017-01-31 12:00:00,4341.0
2017-01-31 13:00:00,4534.0
2017-01-31 14:00:00,4666.0
2017-01-31 15:00:00,4769.0
2017-01-31 16:00:00,4729.0
2017-01-31 17:00:00,4904.0
2017-01-31 18:00:00,4828.0
2017-01-31 19:00:00,4741.0
2017-01-31 20:00:00,4874.0
2017-01-31 21:00:00,4712.0
2017-01-31 22:00:00,4448.0
2017-01-31 23:00:00,4389.0
2017-02-01 00:00:00,4387.0
2017-02-01 01:00:00,4319.0
2017-02-01 02:00:00,4239.0
2017-02-01 03:00:00,4094.0
2017-02-01 04:00:00,3904.0
2017-02-01 05:00:00,3753.0
2017-02-01 06:00:00,3688.0
2017-02-01 07:00:00,3659.0
2017-02-01 08:00:00,3583.0
2017-02-01 09:00:00,3544.0
2017-02-01 10:00:00,3632.0
2017-02-01 11:00:00,4127.0
2017-02-01 12:00:00,4347.0
2017-02-01 13:00:00,4458.0
2017-02-01 14:00:00,4788.0
2017-02-01 15:00:00,4795.0
2017-02-01 16:00:00,4801.0
2017-02-01 17:00:00,4984.0
2017-02-01 18:00:00,4873.0
2017-02-01 19:00:00,4853.0
2017-02-01 20:00:00,4911.0
2017-02-01 21:00:00,4759.0
2017-02-01 22:00:00,4442.0
2017-02-01 23:00:00,4511.0
2017-02-02 00:00:00,4681.0
2017-02-02 01:00:00,4577.0
2017-02-02 02:00:00,4368.0
2017-02-02 03:00:00,4191.0
2017-02-02 04:00:00,4012.0
2017-02-02 05:00:00,3951.0
2017-02-02 06:00:00,3751.0
2017-02-02 07:00:00,3748.0
2017-02-02 08:00:00,2540.0
2017-02-02 09:00:00,2750.0
2017-02-02 10:00:00,3501.0
2017-02-02 11:00:00,3739.0
2017-02-02 12:00:00,3811.0
2017-02-02 13:00:00,3995.0
2017-02-02 14:00:00,4085.0
2017-02-02 15:00:00,4214.0
2017-02-02 16:00:00,4028.0
2017-02-02 17:00:00,4028.0
2017-02-02 18:00:00,4087.0
2017-02-02 19:00:00,4459.0
2017-02-02 20:00:00,4502.0
2017-02-02 21:00:00,4392.0
2017-02-02 22:00:00,4206.0
2017-02-02 23:00:00,4295.0
2017-02-03 00:00:00,4239.0
2017-02-03 01:00:00,4160.0
2017-02-03 02:00:00,4010.0
2017-02-03 03:00:00,3995.0
2017-02-03 04:00:00,3958.0
2017-02-03 05:00:00,3806.0
2017-02-03 06:00:00,3717.0
2017-02-03 07:00:00,3523.0
2017-02-03 08:00:00,3389.0
2017-02-03 09:00:00,3387.0
2017-02-03 10:00:00,3372.0
2017-02-03 11:00:00,3505.0
2017-02-03 12:00:00,3472.0
2017-02-03 13:00:00,3486.0
2017-02-03 14:00:00,3645.0
2017-02-03 15:00:00,3753.0
2017-02-03 16:00:00,3651.0
2017-02-03 17:00:00,3640.0
2017-02-03 18:00:00,3634.0
2017-02-03 19:00:00,3559.0
2017-02-03 20:00:00,3469.0
2017-02-03 21:00:00,3539.0
2017-02-03 22:00:00,3430.0
2017-02-03 23:00:00,3370.0
2017-02-04 00:00:00,3300.0
2017-02-04 01:00:00,3349.0
2017-02-04 02:00:00,3252.0
2017-02-04 03:00:00,3242.0
2017-02-04 04:00:00,3263.0
2017-02-04 05:00:00,3163.0
2017-02-04 06:00:00,3235.0
2017-02-04 07:00:00,3295.0
2017-02-04 08:00:00,3235.0
2017-02-04 09:00:00,3360.0
2017-02-04 10:00:00,3496.0
2017-02-04 11:00:00,4035.0
2017-02-04 12:00:00,4124.0
2017-02-04 13:00:00,4301.0
2017-02-04 14:00:00,4471.0
2017-02-04 15:00:00,4595.0
2017-02-04 16:00:00,4464.0
2017-02-04 17:00:00,4638.0
2017-02-04 18:00:00,4848.0
2017-02-04 19:00:00,4770.0
2017-02-04 20:00:00,4800.0
2017-02-04 21:00:00,4669.0
2017-02-04 22:00:00,4273.0
2017-02-04 23:00:00,4237.0
2017-02-05 00:00:00,4404.0
2017-02-05 01:00:00,4252.0
2017-02-05 02:00:00,3999.0
2017-02-05 03:00:00,3972.0
2017-02-05 04:00:00,3844.0
2017-02-05 05:00:00,3650.0
2017-02-05 06:00:00,3525.0
2017-02-05 07:00:00,3471.0
2017-02-05 08:00:00,3379.0
2017-02-05 09:00:00,3443.0
2017-02-05 10:00:00,3506.0
2017-02-05 11:00:00,4052.0
2017-02-05 12:00:00,3775.0
2017-02-05 13:00:00,4213.0
2017-02-05 14:00:00,4544.0
2017-02-05 15:00:00,4690.0
2017-02-05 16:00:00,4552.0
2017-02-05 17:00:00,4773.0
2017-02-05 18:00:00,4963.0
2017-02-05 19:00:00,5121.0
2017-02-05 20:00:00,4883.0
2017-02-05 21:00:00,4561.0
2017-02-05 22:00:00,4734.0
2017-02-05 23:00:00,4754.0
2017-02-06 00:00:00,4781.0
2017-02-06 01:00:00,4896.0
2017-02-06 02:00:00,4486.0
2017-02-06 03:00:00,4247.0
2017-02-06 04:00:00,4075.0
2017-02-06 05:00:00,3913.0
2017-02-06 06:00:00,3710.0
2017-02-06 07:00:00,3540.0
2017-02-06 08:00:00,3389.0
2017-02-06 09:00:00,3587.0
2017-02-06 10:00:00,3740.0
2017-02-06 11:00:00,4064.0
2017-02-06 12:00:00,4200.0
2017-02-06 13:00:00,4312.0
2017-02-06 14:00:00,4549.0
2017-02-06 15:00:00,4815.0
2017-02-06 16:00:00,4827.0
2017-02-06 17:00:00,5156.0
2017-02-06 18:00:00,5136.0
2017-02-06 19:00:00,5163.0
2017-02-06 20:00:00,4987.0
2017-02-06 21:00:00,5047.0
2017-02-06 22:00:00,4941.0
2017-02-06 23:00:00,4792.0
2017-02-07 00:00:00,4756.0
2017-02-07 01:00:00,4775.0
2017-02-07 02:00:00,4391.0
2017-02-07 03:00:00,4339.0
2017-02-07 04:00:00,4151.0
2017-02-07 05:00:00,3982.0
2017-02-07 06:00:00,3866.0
2017-02-07 07:00:00,3698.0
2017-02-07 08:00:00,3576.0
2017-02-07 09:00:00,3701.0
2017-02-07 10:00:00,3782.0
2017-02-07 11:00:00,4265.0
2017-02-07 12:00:00,4416.0
2017-02-07 13:00:00,4591.0
2017-02-07 14:00:00,4871.0
2017-02-07 15:00:00,5100.0
2017-02-07 16:00:00,5313.0
2017-02-07 17:00:00,5315.0
2017-02-07 18:00:00,5047.0
2017-02-07 19:00:00,1188.0
2017-02-07 20:00:00,4367.0
2017-02-07 21:00:00,4473.0
2017-02-07 22:00:00,4097.0
2017-02-07 23:00:00,4255.0
2017-02-08 00:00:00,4209.0
2017-02-08 01:00:00,4060.0
2017-02-08 02:00:00,4115.0
2017-02-08 03:00:00,4061.0
2017-02-08 04:00:00,3809.0
2017-02-08 05:00:00,3666.0
2017-02-08 06:00:00,3571.0
2017-02-08 07:00:00,3559.0
2017-02-08 08:00:00,3620.0
2017-02-08 09:00:00,3656.0
2017-02-08 10:00:00,3678.0
2017-02-08 11:00:00,4387.0
2017-02-08 12:00:00,4685.0
2017-02-08 13:00:00,4802.0
2017-02-08 14:00:00,5069.0
2017-02-08 15:00:00,5370.0
2017-02-08 16:00:00,5315.0
2017-02-08 17:00:00,5227.0
2017-02-08 18:00:00,5202.0
2017-02-08 19:00:00,5189.0
2017-02-08 20:00:00,4231.0
2017-02-08 21:00:00,4165.0
2017-02-08 22:00:00,4057.0
2017-02-08 23:00:00,4162.0
2017-02-09 00:00:00,4296.0
2017-02-09 01:00:00,4175.0
2017-02-09 02:00:00,3986.0
2017-02-09 03:00:00,3961.0
2017-02-09 04:00:00,3725.0
2017-02-09 05:00:00,3535.0
2017-02-09 06:00:00,3400.0
2017-02-09 07:00:00,3361.0
2017-02-09 08:00:00,3453.0
2017-02-09 09:00:00,3303.0
2017-02-09 10:00:00,3327.0
2017-02-09 11:00:00,3570.0
2017-02-09 12:00:00,3477.0
2017-02-09 13:00:00,3522.0
2017-02-09 14:00:00,3603.0
2017-02-09 15:00:00,3870.0
2017-02-09 16:00:00,3883.0
2017-02-09 17:00:00,3940.0
2017-02-09 18:00:00,3953.0
2017-02-09 19:00:00,4067.0
2017-02-09 20:00:00,4286.0
2017-02-09 21:00:00,4161.0
2017-02-09 22:00:00,3920.0
2017-02-09 23:00:00,4007.0
2017-02-10 00:00:00,3894.0
2017-02-10 01:00:00,3825.0
2017-02-10 02:00:00,3707.0
2017-02-10 03:00:00,3672.0
2017-02-10 04:00:00,3486.0
2017-02-10 05:00:00,3391.0
2017-02-10 06:00:00,3235.0
2017-02-10 07:00:00,3127.0
2017-02-10 08:00:00,3099.0
2017-02-10 09:00:00,3059.0
2017-02-10 10:00:00,2869.0
2017-02-10 11:00:00,2964.0
2017-02-10 12:00:00,2735.0
2017-02-10 13:00:00,3172.0
2017-02-10 14:00:00,3237.0
2017-02-10 15:00:00,3339.0
2017-02-10 16:00:00,3359.0
2017-02-10 17:00:00,3404.0
2017-02-10 18:00:00,3341.0
2017-02-10 19:00:00,3341.0
2017-02-10 20:00:00,3207.0
2017-02-10 21:00:00,3227.0
2017-02-10 22:00:00,3075.0
2017-02-10 23:00:00,3040.0
2017-02-11 00:00:00,3039.0
2017-02-11 01:00:00,3016.0
2017-02-11 02:00:00,2885.0
2017-02-11 03:00:00,2940.0
2017-02-11 04:00:00,2890.0
2017-02-11 05:00:00,2825.0
2017-02-11 06:00:00,2933.0
2017-02-11 07:00:00,2894.0
2017-02-11 08:00:00,2897.0
2017-02-11 09:00:00,3055.0
2017-02-11 10:00:00,3302.0
2017-02-11 11:00:00,3683.0
2017-02-11 12:00:00,3783.0
2017-02-11 13:00:00,3978.0
2017-02-11 14:00:00,4219.0
2017-02-11 15:00:00,4222.0
2017-02-11 16:00:00,4273.0
2017-02-11 17:00:00,4387.0
2017-02-11 18:00:00,4465.0
2017-02-11 19:00:00,4404.0
2017-02-11 20:00:00,4366.0
2017-02-11 21:00:00,4348.0
2017-02-11 22:00:00,4210.0
2017-02-11 23:00:00,4327.0
2017-02-12 00:00:00,4196.0
2017-02-12 01:00:00,4249.0
2017-02-12 02:00:00,3924.0
2017-02-12 03:00:00,3849.0
2017-02-12 04:00:00,3703.0
2017-02-12 05:00:00,3524.0
2017-02-12 06:00:00,3442.0
2017-02-12 07:00:00,3343.0
2017-02-12 08:00:00,3204.0
2017-02-12 09:00:00,3338.0
2017-02-12 10:00:00,3355.0
2017-02-12 11:00:00,3863.0
2017-02-12 12:00:00,3974.0
2017-02-12 13:00:00,4186.0
2017-02-12 14:00:00,4389.0
2017-02-12 15:00:00,4480.0
2017-02-12 16:00:00,4468.0
2017-02-12 17:00:00,4575.0
2017-02-12 18:00:00,4461.0
2017-02-12 19:00:00,4444.0
2017-02-12 20:00:00,4432.0
2017-02-12 21:00:00,4425.0
2017-02-12 22:00:00,4249.0
2017-02-12 23:00:00,4343.0
2017-02-13 00:00:00,4403.0
2017-02-13 01:00:00,4400.0
2017-02-13 02:00:00,4324.0
2017-02-13 03:00:00,4275.0
2017-02-13 04:00:00,3998.0
2017-02-13 05:00:00,3790.0
2017-02-13 06:00:00,3418.0
2017-02-13 07:00:00,3370.0
2017-02-13 08:00:00,3246.0
2017-02-13 09:00:00,3307.0
2017-02-13 10:00:00,3341.0
2017-02-13 11:00:00,3441.0
2017-02-13 12:00:00,3478.0
2017-02-13 13:00:00,3546.0
2017-02-13 14:00:00,3621.0
2017-02-13 15:00:00,3785.0
2017-02-13 16:00:00,3600.0
2017-02-13 17:00:00,3794.0
2017-02-13 18:00:00,3787.0
2017-02-13 19:00:00,3865.0
2017-02-13 20:00:00,4032.0
2017-02-13 21:00:00,4083.0
2017-02-13 22:00:00,3697.0
2017-02-13 23:00:00,3759.0
2017-02-14 00:00:00,3848.0
2017-02-14 01:00:00,3908.0
2017-02-14 02:00:00,3746.0
2017-02-14 03:00:00,3653.0
2017-02-14 04:00:00,3425.0
2017-02-14 05:00:00,3277.0
2017-02-14 06:00:00,3199.0
2017-02-14 07:00:00,3263.0
2017-02-14 08:00:00,3191.0
2017-02-14 09:00:00,3241.0
2017-02-14 10:00:00,3308.0
2017-02-14 11:00:00,3583.0
2017-02-14 12:00:00,3644.0
2017-02-14 13:00:00,3754.0
2017-02-14 14:00:00,4021.0
2017-02-14 15:00:00,4251.0
2017-02-14 16:00:00,3936.0
2017-02-14 17:00:00,4019.0
2017-02-14 18:00:00,4117.0
2017-02-14 19:00:00,4368.0
2017-02-14 20:00:00,4423.0
2017-02-14 21:00:00,4187.0
2017-02-14 22:00:00,3899.0
2017-02-14 23:00:00,3978.0
2017-02-15 00:00:00,4035.0
2017-02-15 01:00:00,4085.0
2017-02-15 02:00:00,3812.0
2017-02-15 03:00:00,3695.0
2017-02-15 04:00:00,3394.0
2017-02-15 05:00:00,3272.0
2017-02-15 06:00:00,3140.0
2017-02-15 07:00:00,3071.0
2017-02-15 08:00:00,2988.0
2017-02-15 09:00:00,3116.0
2017-02-15 10:00:00,3303.0
2017-02-15 11:00:00,3637.0
2017-02-15 12:00:00,3837.0
2017-02-15 13:00:00,3883.0
2017-02-15 14:00:00,4196.0
2017-02-15 15:00:00,4298.0
2017-02-15 16:00:00,4728.0
2017-02-15 17:00:00,4992.0
2017-02-15 18:00:00,4977.0
2017-02-15 19:00:00,5038.0
2017-02-15 20:00:00,5053.0
2017-02-15 21:00:00,5032.0
2017-02-15 22:00:00,4760.0
2017-02-15 23:00:00,4441.0
2017-02-16 00:00:00,4502.0
2017-02-16 01:00:00,4330.0
2017-02-16 02:00:00,4048.0
2017-02-16 03:00:00,4071.0
2017-02-16 04:00:00,3933.0
2017-02-16 05:00:00,3795.0
2017-02-16 06:00:00,3613.0
2017-02-16 07:00:00,3549.0
2017-02-16 08:00:00,3436.0
2017-02-16 09:00:00,3357.0
2017-02-16 10:00:00,3438.0
2017-02-16 11:00:00,3535.0
2017-02-16 12:00:00,3540.0
2017-02-16 13:00:00,3718.0
2017-02-16 14:00:00,3737.0
2017-02-16 15:00:00,3855.0
2017-02-16 16:00:00,3823.0
2017-02-16 17:00:00,4225.0
2017-02-16 18:00:00,4446.0
2017-02-16 19:00:00,4582.0
2017-02-16 20:00:00,4535.0
2017-02-16 21:00:00,4717.0
2017-02-16 22:00:00,4464.0
2017-02-16 23:00:00,4492.0
2017-02-17 00:00:00,4214.0
2017-02-17 01:00:00,4230.0
2017-02-17 02:00:00,3960.0
2017-02-17 03:00:00,3949.0
2017-02-17 04:00:00,3760.0
2017-02-17 05:00:00,3672.0
2017-02-17 06:00:00,3516.0
2017-02-17 07:00:00,3390.0
2017-02-17 08:00:00,3271.0
2017-02-17 09:00:00,3124.0
2017-02-17 10:00:00,3057.0
2017-02-17 11:00:00,3163.0
2017-02-17 12:00:00,3424.0
2017-02-17 13:00:00,3445.0
2017-02-17 14:00:00,3546.0
2017-02-17 15:00:00,3794.0
2017-02-17 16:00:00,3916.0
2017-02-17 17:00:00,3900.0
2017-02-17 18:00:00,3904.0
2017-02-17 19:00:00,4003.0
2017-02-17 20:00:00,4070.0
2017-02-17 21:00:00,3964.0
2017-02-17 22:00:00,3733.0
2017-02-17 23:00:00,3508.0
2017-02-18 00:00:00,3436.0
2017-02-18 01:00:00,3486.0
2017-02-18 02:00:00,3328.0
2017-02-18 03:00:00,3444.0
2017-02-18 04:00:00,3357.0
2017-02-18 05:00:00,3324.0
2017-02-18 06:00:00,3382.0
2017-02-18 07:00:00,3334.0
2017-02-18 08:00:00,3417.0
2017-02-18 09:00:00,3460.0
2017-02-18 10:00:00,3545.0
2017-02-18 11:00:00,4242.0
2017-02-18 12:00:00,4428.0
2017-02-18 13:00:00,4604.0
2017-02-18 14:00:00,4886.0
2017-02-18 15:00:00,5041.0
2017-02-18 16:00:00,5074.0
2017-02-18 17:00:00,5085.0
2017-02-18 18:00:00,5197.0
2017-02-18 19:00:00,5159.0
2017-02-18 20:00:00,5204.0
2017-02-18 21:00:00,5308.0
2017-02-18 22:00:00,5086.0
2017-02-18 23:00:00,4958.0
2017-02-19 00:00:00,4821.0
2017-02-19 01:00:00,4795.0
2017-02-19 02:00:00,4538.0
2017-02-19 03:00:00,4446.0
2017-02-19 04:00:00,4159.0
2017-02-19 05:00:00,3887.0
2017-02-19 06:00:00,3762.0
2017-02-19 07:00:00,3634.0
2017-02-19 08:00:00,3577.0
2017-02-19 09:00:00,3514.0
2017-02-19 10:00:00,3591.0
2017-02-19 11:00:00,4207.0
2017-02-19 12:00:00,4446.0
2017-02-19 13:00:00,4640.0
2017-02-19 14:00:00,4486.0
2017-02-19 15:00:00,4975.0
2017-02-19 16:00:00,5090.0
2017-02-19 17:00:00,5196.0
2017-02-19 18:00:00,5370.0
2017-02-19 19:00:00,5387.0
2017-02-19 20:00:00,5257.0
2017-02-19 21:00:00,5104.0
2017-02-19 22:00:00,4678.0
2017-02-19 23:00:00,4362.0
2017-02-20 00:00:00,4416.0
2017-02-20 01:00:00,4214.0
2017-02-20 02:00:00,4177.0
2017-02-20 03:00:00,4149.0
2017-02-20 04:00:00,3809.0
2017-02-20 05:00:00,3601.0
2017-02-20 06:00:00,3406.0
2017-02-20 07:00:00,3378.0
2017-02-20 08:00:00,3392.0
2017-02-20 09:00:00,3384.0
2017-02-20 10:00:00,3604.0
2017-02-20 11:00:00,3956.0
2017-02-20 12:00:00,4123.0
2017-02-20 13:00:00,4257.0
2017-02-20 14:00:00,4442.0
2017-02-20 15:00:00,4814.0
2017-02-20 16:00:00,4799.0
2017-02-20 17:00:00,4918.0
2017-02-20 18:00:00,4849.0
2017-02-20 19:00:00,4940.0
2017-02-20 20:00:00,4951.0
2017-02-20 21:00:00,4869.0
2017-02-20 22:00:00,4467.0
2017-02-20 23:00:00,4300.0
2017-02-21 00:00:00,4265.0
2017-02-21 01:00:00,4272.0
2017-02-21 02:00:00,4156.0
2017-02-21 03:00:00,4167.0
2017-02-21 04:00:00,3988.0
2017-02-21 05:00:00,3743.0
2017-02-21 06:00:00,3695.0
2017-02-21 07:00:00,3523.0
2017-02-21 08:00:00,3346.0
2017-02-21 09:00:00,3364.0
2017-02-21 10:00:00,3580.0
2017-02-21 11:00:00,3852.0
2017-02-21 12:00:00,4118.0
2017-02-21 13:00:00,4401.0
2017-02-21 14:00:00,4452.0
2017-02-21 15:00:00,4582.0
2017-02-21 16:00:00,4537.0
2017-02-21 17:00:00,4626.0
2017-02-21 18:00:00,4615.0
2017-02-21 19:00:00,4727.0
2017-02-21 20:00:00,4717.0
2017-02-21 21:00:00,4489.0
2017-02-21 22:00:00,4234.0
2017-02-21 23:00:00,4266.0
2017-02-22 00:00:00,4219.0
2017-02-22 01:00:00,4209.0
2017-02-22 02:00:00,4045.0
2017-02-22 03:00:00,4024.0
2017-02-22 04:00:00,3814.0
2017-02-22 05:00:00,3530.0
2017-02-22 06:00:00,3453.0
2017-02-22 07:00:00,3436.0
2017-02-22 08:00:00,3370.0
2017-02-22 09:00:00,3289.0
2017-02-22 10:00:00,3409.0
2017-02-22 11:00:00,3759.0
2017-02-22 12:00:00,4007.0
2017-02-22 13:00:00,4237.0
2017-02-22 14:00:00,4505.0
2017-02-22 15:00:00,4549.0
2017-02-22 16:00:00,4421.0
2017-02-22 17:00:00,4616.0
2017-02-22 18:00:00,4827.0
2017-02-22 19:00:00,4847.0
2017-02-22 20:00:00,4848.0
2017-02-22 21:00:00,4792.0
2017-02-22 22:00:00,4465.0
2017-02-22 23:00:00,4371.0
2017-02-23 00:00:00,4447.0
2017-02-23 01:00:00,4521.0
2017-02-23 02:00:00,4417.0
2017-02-23 03:00:00,4309.0
2017-02-23 04:00:00,4188.0
2017-02-23 05:00:00,3928.0
2017-02-23 06:00:00,3809.0
2017-02-23 07:00:00,3879.0
2017-02-23 08:00:00,3697.0
2017-02-23 09:00:00,3627.0
2017-02-23 10:00:00,3271.0
2017-02-23 11:00:00,3438.0
2017-02-23 12:00:00,3638.0
2017-02-23 13:00:00,3362.0
2017-02-23 14:00:00,1599.0
2017-02-23 15:00:00,3019.0
2017-02-23 16:00:00,3522.0
2017-02-23 17:00:00,3560.0
2017-02-23 18:00:00,3581.0
2017-02-23 19:00:00,3534.0
2017-02-23 20:00:00,3584.0
2017-02-23 21:00:00,3591.0
2017-02-23 22:00:00,3471.0
2017-02-23 23:00:00,3608.0
2017-02-24 00:00:00,3752.0
2017-02-24 01:00:00,3812.0
2017-02-24 02:00:00,3710.0
2017-02-24 03:00:00,3554.0
2017-02-24 04:00:00,3339.0
2017-02-24 05:00:00,3256.0
2017-02-24 06:00:00,3076.0
2017-02-24 07:00:00,2898.0
2017-02-24 08:00:00,2911.0
2017-02-24 09:00:00,2782.0
2017-02-24 10:00:00,2755.0
2017-02-24 11:00:00,2792.0
2017-02-24 12:00:00,2832.0
2017-02-24 13:00:00,2930.0
2017-02-24 14:00:00,3044.0
2017-02-24 15:00:00,3162.0
2017-02-24 16:00:00,3100.0
2017-02-24 17:00:00,3216.0
2017-02-24 18:00:00,3205.0
2017-02-24 19:00:00,3193.0
2017-02-24 20:00:00,3193.0
2017-02-24 21:00:00,3162.0
2017-02-24 22:00:00,3002.0
2017-02-24 23:00:00,2986.0
2017-02-25 00:00:00,2886.0
2017-02-25 01:00:00,2842.0
2017-02-25 02:00:00,2914.0
2017-02-25 03:00:00,2862.0
2017-02-25 04:00:00,2818.0
2017-02-25 05:00:00,2791.0
2017-02-25 06:00:00,2780.0
2017-02-25 07:00:00,2845.0
2017-02-25 08:00:00,2954.0
2017-02-25 09:00:00,3022.0
2017-02-25 10:00:00,2995.0
2017-02-25 11:00:00,3293.0
2017-02-25 12:00:00,3344.0
2017-02-25 13:00:00,3466.0
2017-02-25 14:00:00,3598.0
2017-02-25 15:00:00,3679.0
2017-02-25 16:00:00,3634.0
2017-02-25 17:00:00,3769.0
2017-02-25 18:00:00,3902.0
2017-02-25 19:00:00,3976.0
2017-02-25 20:00:00,3862.0
2017-02-25 21:00:00,3778.0
2017-02-25 22:00:00,3567.0
2017-02-25 23:00:00,3778.0
2017-02-26 00:00:00,3919.0
2017-02-26 01:00:00,3919.0
2017-02-26 02:00:00,3755.0
2017-02-26 03:00:00,3718.0
2017-02-26 04:00:00,3459.0
2017-02-26 05:00:00,3309.0
2017-02-26 06:00:00,3213.0
2017-02-26 07:00:00,3240.0
2017-02-26 08:00:00,3161.0
2017-02-26 09:00:00,3244.0
2017-02-26 10:00:00,3303.0
2017-02-26 11:00:00,3549.0
2017-02-26 12:00:00,3791.0
2017-02-26 13:00:00,3988.0
2017-02-26 14:00:00,4084.0
2017-02-26 15:00:00,4054.0
2017-02-26 16:00:00,3911.0
2017-02-26 17:00:00,3992.0
2017-02-26 18:00:00,4033.0
2017-02-26 19:00:00,4032.0
2017-02-26 20:00:00,3859.0
2017-02-26 21:00:00,3848.0
2017-02-26 22:00:00,3605.0
2017-02-26 23:00:00,3774.0
2017-02-27 00:00:00,3962.0
2017-02-27 01:00:00,3924.0
2017-02-27 02:00:00,3786.0
2017-02-27 03:00:00,3715.0
2017-02-27 04:00:00,3476.0
2017-02-27 05:00:00,3233.0
2017-02-27 06:00:00,3049.0
2017-02-27 07:00:00,3080.0
2017-02-27 08:00:00,3075.0
2017-02-27 09:00:00,3210.0
2017-02-27 10:00:00,3187.0
2017-02-27 11:00:00,3597.0
2017-02-27 12:00:00,3614.0
2017-02-27 13:00:00,3590.0
2017-02-27 14:00:00,3888.0
2017-02-27 15:00:00,4066.0
2017-02-27 16:00:00,3876.0
2017-02-27 17:00:00,3972.0
2017-02-27 18:00:00,4437.0
2017-02-27 19:00:00,4348.0
2017-02-27 20:00:00,4067.0
2017-02-27 21:00:00,3962.0
2017-02-27 22:00:00,3770.0
2017-02-27 23:00:00,3925.0
2017-02-28 00:00:00,4037.0
2017-02-28 01:00:00,4020.0
2017-02-28 02:00:00,3949.0
2017-02-28 03:00:00,3776.0
2017-02-28 04:00:00,3614.0
2017-02-28 05:00:00,3384.0
2017-02-28 06:00:00,3343.0
2017-02-28 07:00:00,3290.0
2017-02-28 08:00:00,3318.0
2017-02-28 09:00:00,3278.0
2017-02-28 10:00:00,3290.0
2017-02-28 11:00:00,3618.0
2017-02-28 12:00:00,3762.0
2017-02-28 13:00:00,4254.0
2017-02-28 14:00:00,4342.0
2017-02-28 15:00:00,4496.0
2017-02-28 16:00:00,4608.0
2017-02-28 17:00:00,4349.0
2017-02-28 18:00:00,4333.0
2017-02-28 19:00:00,4591.0
2017-02-28 20:00:00,4552.0
2017-02-28 21:00:00,4264.0
2017-02-28 22:00:00,4034.0
2017-02-28 23:00:00,4132.0
2017-03-01 00:00:00,4305.0
2017-03-01 01:00:00,4158.0
2017-03-01 02:00:00,4039.0
2017-03-01 03:00:00,3859.0
2017-03-01 04:00:00,3814.0
2017-03-01 05:00:00,3646.0
2017-03-01 06:00:00,3475.0
2017-03-01 07:00:00,3475.0
2017-03-01 08:00:00,3342.0
2017-03-01 09:00:00,3589.0
2017-03-01 10:00:00,3549.0
2017-03-01 11:00:00,3948.0
2017-03-01 12:00:00,4049.0
2017-03-01 13:00:00,4255.0
2017-03-01 14:00:00,4428.0
2017-03-01 15:00:00,4412.0
2017-03-01 16:00:00,4521.0
2017-03-01 17:00:00,4671.0
2017-03-01 18:00:00,4741.0
2017-03-01 19:00:00,4817.664954890159
2017-03-01 20:00:00,4893.605705240801
2017-03-01 21:00:00,4964.094877050744
2017-03-01 22:00:00,5029.226414724792
2017-03-01 23:00:00,5089.094262667754
2017-03-02 00:00:00,5143.7923652844365
2017-03-02 01:00:00,5193.4146669796455
2017-03-02 02:00:00,5238.0551121581875
2017-03-02 03:00:00,5277.80764522487
2017-03-02 04:00:00,5312.766210584499
2017-03-02 05:00:00,5343.024752641883
2017-03-02 06:00:00,5368.6772158018275
2017-03-02 07:00:00,5389.81754446914
2017-03-02 08:00:00,5406.539683048626
2017-03-02 09:00:00,5418.937575945093
2017-03-02 10:00:00,5427.105167563349
2017-03-02 11:00:00,5431.136402308199
2017-03-02 12:00:00,5431.12522458445
2017-03-02 13:00:00,5427.16557879691
2017-03-02 14:00:00,5419.3514093503845
2017-03-02 15:00:00,5407.776660649681
2017-03-02 16:00:00,5392.535277099606
2017-03-02 17:00:00,5373.721203104969
2017-03-02 18:00:00,5351.428383070572
2017-03-02 19:00:00,5325.750761401223
2017-03-02 20:00:00,5296.78228250173
2017-03-02 21:00:00,5264.6168907769
2017-03-02 22:00:00,5229.34853063154
2017-03-02 23:00:00,5191.071146470455
2017-03-03 00:00:00,5149.8786826984515
2017-03-03 01:00:00,5105.86508372034
2017-03-03 02:00:00,5059.124293940927
2017-03-03 03:00:00,5009.750257765017
2017-03-03 04:00:00,4957.8369195974155
2017-03-03 05:00:00,4903.478223842929
2017-03-03 06:00:00,4846.76811490637
2017-03-03 07:00:00,4787.800537192543
2017-03-03 08:00:00,4726.669435106251
2017-03-03 09:00:00,4663.4687530523015
2017-03-03 10:00:00,4598.292435435505
2017-03-03 11:00:00,4531.2344266606615
2017-03-03 12:00:00,4462.388671132583
2017-03-03 13:00:00,4391.849113256076
2017-03-03 14:00:00,4319.709697435952
2017-03-03 15:00:00,4246.06436807701
2017-03-03 16:00:00,4171.007069584055
2017-03-03 17:00:00,4094.6317463619025
2017-03-03 18:00:00,4017.0323428153615
2017-03-03 19:00:00,3938.302803349229
2017-03-03 20:00:00,3858.5370723683127
2017-03-03 21:00:00,3868.0
2017-03-03 22:00:00,3642.0
2017-03-03 23:00:00,3546.0
2017-03-04 00:00:00,3426.0
2017-03-04 01:00:00,3154.0
2017-03-04 02:00:00,3329.0
2017-03-04 03:00:00,3252.0
2017-03-04 04:00:00,3446.0
2017-03-04 05:00:00,3184.0
2017-03-04 06:00:00,3151.0
2017-03-04 07:00:00,3183.0
2017-03-04 08:00:00,3203.0
2017-03-04 09:00:00,3398.0
2017-03-04 10:00:00,3553.0
2017-03-04 11:00:00,4074.0
2017-03-04 12:00:00,4325.0
2017-03-04 13:00:00,4466.0
2017-03-04 14:00:00,4592.0
2017-03-04 15:00:00,4670.0
2017-03-04 16:00:00,4520.0
2017-03-04 17:00:00,4716.0
2017-03-04 18:00:00,4873.0
2017-03-04 19:00:00,5030.0
2017-03-04 20:00:00,4987.0
2017-03-04 21:00:00,4510.0
2017-03-04 22:00:00,4319.0
2017-03-04 23:00:00,4464.0
2017-03-05 00:00:00,4414.0
2017-03-05 01:00:00,4301.0
2017-03-05 02:00:00,4108.0
2017-03-05 03:00:00,3964.0
2017-03-05 04:00:00,3947.0
2017-03-05 05:00:00,3803.0
2017-03-05 06:00:00,3635.0
2017-03-05 07:00:00,3498.0
2017-03-05 08:00:00,3495.0
2017-03-05 09:00:00,3454.0
2017-03-05 10:00:00,3551.0
2017-03-05 11:00:00,4193.0
2017-03-05 12:00:00,4412.0
2017-03-05 13:00:00,4570.0
2017-03-05 14:00:00,4927.0
2017-03-05 15:00:00,5004.0
2017-03-05 16:00:00,4820.0
2017-03-05 17:00:00,4943.0
2017-03-05 18:00:00,5018.0
2017-03-05 19:00:00,5074.0
2017-03-05 20:00:00,5138.0
2017-03-05 21:00:00,5035.0
2017-03-05 22:00:00,4730.0
2017-03-05 23:00:00,4854.0
2017-03-06 00:00:00,4852.0
2017-03-06 01:00:00,4774.0
2017-03-06 02:00:00,4463.0
2017-03-06 03:00:00,4279.0
2017-03-06 04:00:00,3940.0
2017-03-06 05:00:00,3827.0
2017-03-06 06:00:00,3657.0
2017-03-06 07:00:00,3553.0
2017-03-06 08:00:00,3405.0
2017-03-06 09:00:00,3469.0
2017-03-06 10:00:00,3472.0
2017-03-06 11:00:00,4159.0
2017-03-06 12:00:00,4167.0
2017-03-06 13:00:00,4474.0
2017-03-06 14:00:00,4976.0
2017-03-06 15:00:00,4978.0
2017-03-06 16:00:00,4950.0
2017-03-06 17:00:00,5172.0
2017-03-06 18:00:00,5328.0
2017-03-06 19:00:00,5204.0
2017-03-06 20:00:00,5204.0
2017-03-06 21:00:00,5143.0
2017-03-06 22:00:00,4756.0
2017-03-06 23:00:00,4672.0
2017-03-07 00:00:00,4562.0
2017-03-07 01:00:00,4520.0
2017-03-07 02:00:00,4307.0
2017-03-07 03:00:00,4191.0
2017-03-07 04:00:00,4005.0
2017-03-07 05:00:00,3845.0
2017-03-07 06:00:00,3367.0
2017-03-07 07:00:00,3196.0
2017-03-07 08:00:00,3180.0
2017-03-07 09:00:00,3134.0
2017-03-07 10:00:00,3213.0
2017-03-07 11:00:00,3810.0
2017-03-07 12:00:00,4130.0
2017-03-07 13:00:00,4565.0
2017-03-07 14:00:00,4860.0
2017-03-07 15:00:00,5112.0
2017-03-07 16:00:00,4967.0
2017-03-07 17:00:00,5215.0
2017-03-07 18:00:00,5439.0
2017-03-07 19:00:00,5363.0
2017-03-07 20:00:00,5351.0
2017-03-07 21:00:00,4994.0
2017-03-07 22:00:00,4617.0
2017-03-07 23:00:00,4657.0
2017-03-08 00:00:00,4839.0
2017-03-08 01:00:00,4717.0
2017-03-08 02:00:00,4409.0
2017-03-08 03:00:00,4394.0
2017-03-08 04:00:00,4060.0
2017-03-08 05:00:00,3943.0
2017-03-08 06:00:00,3779.0
2017-03-08 07:00:00,3642.0
2017-03-08 08:00:00,3397.0
2017-03-08 09:00:00,3516.0
2017-03-08 10:00:00,3562.0
2017-03-08 11:00:00,4199.0
2017-03-08 12:00:00,4498.0
2017-03-08 13:00:00,4496.0
2017-03-08 14:00:00,4885.0
2017-03-08 15:00:00,5061.0
2017-03-08 16:00:00,5145.0
2017-03-08 17:00:00,5272.0
2017-03-08 18:00:00,5261.0
2017-03-08 19:00:00,5347.0
2017-03-08 20:00:00,5182.0
2017-03-08 21:00:00,5047.0
2017-03-08 22:00:00,4828.0
2017-03-08 23:00:00,4591.0
2017-03-09 00:00:00,4575.0
2017-03-09 01:00:00,4425.0
2017-03-09 02:00:00,4304.0
2017-03-09 03:00:00,4148.0
2017-03-09 04:00:00,4112.0
2017-03-09 05:00:00,3847.0
2017-03-09 06:00:00,3691.0
2017-03-09 07:00:00,3346.0
2017-03-09 08:00:00,3450.0
2017-03-09 09:00:00,3440.0
2017-03-09 10:00:00,3334.0
2017-03-09 11:00:00,3505.0
2017-03-09 12:00:00,3563.0
2017-03-09 13:00:00,3959.0
2017-03-09 14:00:00,4035.0
2017-03-09 15:00:00,4046.0
2017-03-09 16:00:00,4118.0
2017-03-09 17:00:00,4167.0
2017-03-09 18:00:00,4238.0
2017-03-09 19:00:00,4280.0
2017-03-09 20:00:00,4502.0
2017-03-09 21:00:00,4436.0
2017-03-09 22:00:00,4142.0
2017-03-09 23:00:00,3998.0
2017-03-10 00:00:00,4022.0
2017-03-10 01:00:00,4053.0
2017-03-10 02:00:00,4016.0
2017-03-10 03:00:00,3894.0
2017-03-10 04:00:00,3605.0
2017-03-10 05:00:00,3309.0
2017-03-10 06:00:00,3319.0
2017-03-10 07:00:00,3127.0
2017-03-10 08:00:00,3190.0
2017-03-10 09:00:00,3179.0
2017-03-10 10:00:00,3095.0
2017-03-10 11:00:00,3246.0
2017-03-10 12:00:00,3381.0
2017-03-10 13:00:00,3455.0
2017-03-10 14:00:00,3714.0
2017-03-10 15:00:00,3688.0
2017-03-10 16:00:00,3791.0
2017-03-10 17:00:00,3777.0
2017-03-10 18:00:00,3672.0
2017-03-10 19:00:00,3711.0
2017-03-10 20:00:00,3634.0
2017-03-10 21:00:00,3609.0
2017-03-10 22:00:00,3463.0
2017-03-10 23:00:00,3414.0
2017-03-11 00:00:00,3297.0
2017-03-11 01:00:00,3243.0
2017-03-11 02:00:00,3287.0
2017-03-11 03:00:00,3305.0
2017-03-11 04:00:00,3200.0
2017-03-11 05:00:00,3200.0
2017-03-11 06:00:00,3198.0
2017-03-11 07:00:00,3214.0
2017-03-11 08:00:00,3297.0
2017-03-11 09:00:00,3435.0
2017-03-11 10:00:00,3433.0
2017-03-11 11:00:00,3932.0
2017-03-11 12:00:00,4265.0
2017-03-11 13:00:00,4209.0
2017-03-11 14:00:00,4514.0
2017-03-11 15:00:00,4635.0
2017-03-11 16:00:00,4752.0
2017-03-11 17:00:00,4769.0
2017-03-11 18:00:00,4814.0
2017-03-11 19:00:00,4850.0
2017-03-11 20:00:00,4825.0
2017-03-11 21:00:00,4663.0
2017-03-11 22:00:00,4463.0
2017-03-11 23:00:00,4431.0
2017-03-12 00:00:00,4373.0
2017-03-12 01:00:00,4216.0
2017-03-12 02:00:00,4043.0
2017-03-12 03:00:00,3954.0
2017-03-12 04:00:00,3814.0
2017-03-12 05:00:00,3628.0
2017-03-12 06:00:00,3542.0
2017-03-12 07:00:00,3389.0
2017-03-12 08:00:00,3340.0
2017-03-12 09:00:00,3567.0
2017-03-12 10:00:00,3559.0
2017-03-12 11:00:00,4046.0
2017-03-12 12:00:00,4142.0
2017-03-12 13:00:00,4310.0
2017-03-12 14:00:00,4727.0
2017-03-12 15:00:00,4631.0
2017-03-12 16:00:00,4746.0
2017-03-12 17:00:00,4905.0
2017-03-12 18:00:00,4987.0
2017-03-12 19:00:00,5079.0
2017-03-12 20:00:00,5068.0
2017-03-12 21:00:00,4970.0
2017-03-12 22:00:00,4607.0
2017-03-12 23:00:00,4545.0
2017-03-13 00:00:00,4514.0
2017-03-13 01:00:00,4438.0
2017-03-13 02:00:00,4297.0
2017-03-13 03:00:00,4292.0
2017-03-13 04:00:00,4130.0
2017-03-13 05:00:00,3868.0
2017-03-13 06:00:00,3344.0
2017-03-13 07:00:00,3081.0
2017-03-13 08:00:00,3447.0
2017-03-13 09:00:00,2006.0
2017-03-13 10:00:00,2868.0
2017-03-13 11:00:00,4029.0
2017-03-13 12:00:00,4106.0
2017-03-13 13:00:00,4164.0
2017-03-13 14:00:00,4419.0
2017-03-13 15:00:00,4467.0
2017-03-13 16:00:00,4315.0
2017-03-13 17:00:00,4940.0
2017-03-13 18:00:00,5233.0
2017-03-13 19:00:00,4972.0
2017-03-13 20:00:00,4722.0
2017-03-13 21:00:00,4855.0
2017-03-13 22:00:00,4303.0
2017-03-13 23:00:00,4483.0
2017-03-14 00:00:00,4393.0
2017-03-14 01:00:00,4322.0
2017-03-14 02:00:00,4257.0
2017-03-14 03:00:00,4127.0
2017-03-14 04:00:00,3819.0
2017-03-14 05:00:00,3602.0
2017-03-14 06:00:00,3383.0
2017-03-14 07:00:00,3208.0
2017-03-14 08:00:00,3170.0
2017-03-14 09:00:00,3374.0
2017-03-14 10:00:00,3389.0
2017-03-14 11:00:00,3745.0
2017-03-14 12:00:00,4206.0
2017-03-14 13:00:00,4413.0
2017-03-14 14:00:00,4581.0
2017-03-14 15:00:00,4769.0
2017-03-14 16:00:00,5039.0
2017-03-14 17:00:00,4970.0
2017-03-14 18:00:00,4994.0
2017-03-14 19:00:00,4961.0
2017-03-14 20:00:00,5067.0
2017-03-14 21:00:00,5034.0
2017-03-14 22:00:00,4667.0
2017-03-14 23:00:00,4768.0
2017-03-15 00:00:00,4667.0
2017-03-15 01:00:00,4600.0
2017-03-15 02:00:00,4290.0
2017-03-15 03:00:00,4360.0
2017-03-15 04:00:00,4111.0
2017-03-15 05:00:00,3838.0
2017-03-15 06:00:00,3651.0
2017-03-15 07:00:00,3372.0
2017-03-15 08:00:00,3578.0
2017-03-15 09:00:00,2718.0
2017-03-15 10:00:00,3571.0
2017-03-15 11:00:00,4271.0
2017-03-15 12:00:00,4321.0
2017-03-15 13:00:00,4527.0
2017-03-15 14:00:00,4813.0
2017-03-15 15:00:00,4940.0
2017-03-15 16:00:00,4836.0
2017-03-15 17:00:00,5078.0
2017-03-15 18:00:00,5046.0
2017-03-15 19:00:00,4971.0
2017-03-15 20:00:00,5073.0
2017-03-15 21:00:00,4946.0
2017-03-15 22:00:00,4571.0
2017-03-15 23:00:00,4537.0
2017-03-16 00:00:00,4566.0
2017-03-16 01:00:00,4409.0
2017-03-16 02:00:00,4217.0
2017-03-16 03:00:00,4202.0
2017-03-16 04:00:00,3961.0
2017-03-16 05:00:00,3654.0
2017-03-16 06:00:00,3493.0
2017-03-16 07:00:00,3209.0
2017-03-16 08:00:00,3067.0
2017-03-16 09:00:00,3164.0
2017-03-16 10:00:00,3094.0
2017-03-16 11:00:00,3351.0
2017-03-16 12:00:00,3517.0
2017-03-16 13:00:00,3537.0
2017-03-16 14:00:00,3737.0
2017-03-16 15:00:00,4154.0
2017-03-16 16:00:00,4128.0
2017-03-16 17:00:00,4211.0
2017-03-16 18:00:00,4380.0
2017-03-16 19:00:00,4443.0
2017-03-16 20:00:00,4461.0
2017-03-16 21:00:00,4544.0
2017-03-16 22:00:00,4146.0
2017-03-16 23:00:00,4225.0
2017-03-17 00:00:00,4276.0
2017-03-17 01:00:00,3996.0
2017-03-17 02:00:00,3826.0
2017-03-17 03:00:00,3685.0
2017-03-17 04:00:00,3602.0
2017-03-17 05:00:00,3511.0
2017-03-17 06:00:00,3286.0
2017-03-17 07:00:00,3143.0
2017-03-17 08:00:00,3063.0
2017-03-17 09:00:00,3046.0
2017-03-17 10:00:00,2982.0
2017-03-17 11:00:00,3089.0
2017-03-17 12:00:00,2985.500004929064
2017-03-17 13:00:00,2959.059240830808
2017-03-17 14:00:00,2938.6577078230657
2017-03-17 15:00:00,2924.077627550349
2017-03-17 16:00:00,2915.1012216571708
2017-03-17 17:00:00,2911.5107117880425
2017-03-17 18:00:00,2913.088319587477
2017-03-17 19:00:00,2919.616266699987
2017-03-17 20:00:00,2930.876774770085
2017-03-17 21:00:00,2946.6520654422825
2017-03-17 22:00:00,2966.7243603610923
2017-03-17 23:00:00,2990.875881171027
2017-03-18 00:00:00,3018.8888495165975
2017-03-18 01:00:00,3050.5454870423187
2017-03-18 02:00:00,3085.628015392702
2017-03-18 03:00:00,3123.9186562122586
2017-03-18 04:00:00,3165.1996311455014
2017-03-18 05:00:00,3209.253161836943
2017-03-18 06:00:00,3255.8614699310956
2017-03-18 07:00:00,3304.806777072473
2017-03-18 08:00:00,3355.871304905586
2017-03-18 09:00:00,3408.8372750749463
2017-03-18 10:00:00,3463.4869092250656
2017-03-18 11:00:00,3519.602429000461
2017-03-18 12:00:00,3576.9660560456414
2017-03-18 13:00:00,3635.36001200512
2017-03-18 14:00:00,3694.566518523409
2017-03-18 15:00:00,3754.367797245018
2017-03-18 16:00:00,3814.5460698144643
2017-03-18 17:00:00,3874.883557876258
2017-03-18 18:00:00,3935.16248307491
2017-03-18 19:00:00,3995.1650670549334
2017-03-18 20:00:00,4054.6735314608404
2017-03-18 21:00:00,4113.470097937146
2017-03-18 22:00:00,4171.336988128363
2017-03-18 23:00:00,4228.056423678997
2017-03-19 00:00:00,4283.410626233562
2017-03-19 01:00:00,4337.181817436574
2017-03-19 02:00:00,4389.15221893255
2017-03-19 03:00:00,4439.104052365992
2017-03-19 04:00:00,4486.819539381423
2017-03-19 05:00:00,4532.080901623347
2017-03-19 06:00:00,4574.6703607362815
2017-03-19 07:00:00,4614.3701383647285
2017-03-19 08:00:00,4650.962456153214
2017-03-19 09:00:00,4684.229535746246
2017-03-19 10:00:00,4713.953598788332
2017-03-19 11:00:00,4739.916866923984
2017-03-19 12:00:00,4761.9015617977175
2017-03-19 13:00:00,4779.689905054047
2017-03-19 14:00:00,4735.0
2017-03-19 15:00:00,4812.0
2017-03-19 16:00:00,4876.0
2017-03-19 17:00:00,4915.0
2017-03-19 18:00:00,4873.0
2017-03-19 19:00:00,4991.0
2017-03-19 20:00:00,4969.0
2017-03-19 21:00:00,4719.0
2017-03-19 22:00:00,4146.0
2017-03-19 23:00:00,4092.0
2017-03-20 00:00:00,4074.0
2017-03-20 01:00:00,4225.0
2017-03-20 02:00:00,4245.0
2017-03-20 03:00:00,4034.0
2017-03-20 04:00:00,3880.0
2017-03-20 05:00:00,3621.0
2017-03-20 06:00:00,3438.0
2017-03-20 07:00:00,3126.0
2017-03-20 08:00:00,3011.0
2017-03-20 09:00:00,3080.0
2017-03-20 10:00:00,3265.0
2017-03-20 11:00:00,4117.0
2017-03-20 12:00:00,4169.0
2017-03-20 13:00:00,4436.0
2017-03-20 14:00:00,4752.0
2017-03-20 15:00:00,4675.0
2017-03-20 16:00:00,4702.0
2017-03-20 17:00:00,4962.0
2017-03-20 18:00:00,5168.0
2017-03-20 19:00:00,5072.0
2017-03-20 20:00:00,5059.0
2017-03-20 21:00:00,4994.0
2017-03-20 22:00:00,4598.0
2017-03-20 23:00:00,4379.0
2017-03-21 00:00:00,4388.0
2017-03-21 01:00:00,4344.0
2017-03-21 02:00:00,4040.0
2017-03-21 03:00:00,4058.0
2017-03-21 04:00:00,3939.0
2017-03-21 05:00:00,3534.0
2017-03-21 06:00:00,3443.0
2017-03-21 07:00:00,3202.0
2017-03-21 08:00:00,3202.0
2017-03-21 09:00:00,3295.0
2017-03-21 10:00:00,3430.0
2017-03-21 11:00:00,3894.0
2017-03-21 12:00:00,3933.0
2017-03-21 13:00:00,4014.0
2017-03-21 14:00:00,4403.0
2017-03-21 15:00:00,4694.0
2017-03-21 16:00:00,4765.0
2017-03-21 17:00:00,4871.0
2017-03-21 18:00:00,5011.0
2017-03-21 19:00:00,5021.0
2017-03-21 20:00:00,4993.0
2017-03-21 21:00:00,4856.0
2017-03-21 22:00:00,4502.0
2017-03-21 23:00:00,4305.0
2017-03-22 00:00:00,4336.0
2017-03-22 01:00:00,4320.0
2017-03-22 02:00:00,4108.0
2017-03-22 03:00:00,3912.0
2017-03-22 04:00:00,3737.0
2017-03-22 05:00:00,3490.0
2017-03-22 06:00:00,3375.0
2017-03-22 07:00:00,3269.0
2017-03-22 08:00:00,3159.079978733557
2017-03-22 09:00:00,3049.2475635566198
2017-03-22 10:00:00,2945.969786950387
2017-03-22 11:00:00,2849.1094151157677
2017-03-22 12:00:00,2758.5292142536705
2017-03-22 13:00:00,2674.0919505650045
2017-03-22 14:00:00,2595.6603902506786
2017-03-22 15:00:00,2523.097299511601
2017-03-22 16:00:00,2456.2654445486814
2017-03-22 17:00:00,2395.0275915628285
2017-03-22 18:00:00,2339.24650675495
2017-03-22 19:00:00,2288.784956325956
2017-03-22 20:00:00,2243.505706476754
2017-03-22 21:00:00,2203.2715234082543
2017-03-22 22:00:00,2167.9451733213655
2017-03-22 23:00:00,2137.3894224169953
2017-03-23 00:00:00,2111.4670368960533
2017-03-23 01:00:00,2090.0407829594487
2017-03-23 02:00:00,2072.9734268080892
2017-03-23 03:00:00,2060.1277346428856
2017-03-23 04:00:00,2051.3664726647453
2017-03-23 05:00:00,2046.5524070745766
2017-03-23 06:00:00,2045.5483040732863
2017-03-23 07:00:00,2048.2169298617896
2017-03-23 08:00:00,2054.4210506409913
2017-03-23 09:00:00,2064.0234326118007
2017-03-23 10:00:00,2076.8868419751266
2017-03-23 11:00:00,2092.874044931876
2017-03-23 12:00:00,2111.847807682962
2017-03-23 13:00:00,2133.6708964292907
2017-03-23 14:00:00,2158.2060773717694
2017-03-23 15:00:00,2185.3161167113085
2017-03-23 16:00:00,2214.863780648816
2017-03-23 17:00:00,2246.711835385203
2017-03-23 18:00:00,2280.7230471213798
2017-03-23 19:00:00,2316.760182058248
2017-03-23 20:00:00,2354.6860063967197
2017-03-23 21:00:00,2394.3632863377065
2017-03-23 22:00:00,2435.654788082117
2017-03-23 23:00:00,2478.4232778308574
2017-03-24 00:00:00,2522.531521784843
2017-03-24 01:00:00,2567.842286144976
2017-03-24 02:00:00,2614.2183371121673
2017-03-24 03:00:00,2661.5224408873187
2017-03-24 04:00:00,2709.6173636713493
2017-03-24 05:00:00,2758.3658716651685
2017-03-24 06:00:00,2807.6307310696757
2017-03-24 07:00:00,2857.2747080857785
2017-03-24 08:00:00,2907.1605689143944
2017-03-24 09:00:00,2957.1510797564333
2017-03-24 10:00:00,3002.0
2017-03-24 11:00:00,3082.0
2017-03-24 12:00:00,3067.0
2017-03-24 13:00:00,3078.0
2017-03-24 14:00:00,3190.0
2017-03-24 15:00:00,3406.0
2017-03-24 16:00:00,3694.0
2017-03-24 17:00:00,3501.0
2017-03-24 18:00:00,3164.0
2017-03-24 19:00:00,3377.0
2017-03-24 20:00:00,3252.0
2017-03-24 21:00:00,3267.0
2017-03-24 22:00:00,3143.0
2017-03-24 23:00:00,3090.0
2017-03-25 00:00:00,3063.0
2017-03-25 01:00:00,3072.0
2017-03-25 02:00:00,3045.0
2017-03-25 03:00:00,3059.0
2017-03-25 04:00:00,2989.0
2017-03-25 05:00:00,2980.0
2017-03-25 06:00:00,2961.0
2017-03-25 07:00:00,2973.0
2017-03-25 08:00:00,3000.0
2017-03-25 09:00:00,3208.0
2017-03-25 10:00:00,3235.0
2017-03-25 11:00:00,3647.0
2017-03-25 12:00:00,3819.0
2017-03-25 13:00:00,3940.0
2017-03-25 14:00:00,3960.0
2017-03-25 15:00:00,4120.0
2017-03-25 16:00:00,4269.0
2017-03-25 17:00:00,4232.0
2017-03-25 18:00:00,4035.0
2017-03-25 19:00:00,4368.0
2017-03-25 20:00:00,4383.0
2017-03-25 21:00:00,4009.0
2017-03-25 22:00:00,3679.0
2017-03-25 23:00:00,3819.0
2017-03-26 00:00:00,4019.0
2017-03-26 01:00:00,4072.0
2017-03-26 02:00:00,3896.0
2017-03-26 03:00:00,3695.0
2017-03-26 04:00:00,3585.0
2017-03-26 05:00:00,3335.0
2017-03-26 06:00:00,3364.0
2017-03-26 07:00:00,3001.0
2017-03-26 08:00:00,3051.0
2017-03-26 09:00:00,3158.0
2017-03-26 10:00:00,3321.0
2017-03-26 11:00:00,3624.0
2017-03-26 12:00:00,3740.0
2017-03-26 13:00:00,3797.0
2017-03-26 14:00:00,4146.0
2017-03-26 15:00:00,3963.0
2017-03-26 16:00:00,4199.0
2017-03-26 17:00:00,4235.0
2017-03-26 18:00:00,4188.0
2017-03-26 19:00:00,4165.0
2017-03-26 20:00:00,4162.0
2017-03-26 21:00:00,3994.0
2017-03-26 22:00:00,3944.0
2017-03-26 23:00:00,3992.0
2017-03-27 00:00:00,4081.0
2017-03-27 01:00:00,3978.0
2017-03-27 02:00:00,3909.0
2017-03-27 03:00:00,3662.0
2017-03-27 04:00:00,3524.0
2017-03-27 05:00:00,3374.0
2017-03-27 06:00:00,3209.0
2017-03-27 07:00:00,3084.0
2017-03-27 08:00:00,3164.0
2017-03-27 09:00:00,3149.0
2017-03-27 10:00:00,3282.0
2017-03-27 11:00:00,3555.0
2017-03-27 12:00:00,3619.0
2017-03-27 13:00:00,3723.0
2017-03-27 14:00:00,3786.0
2017-03-27 15:00:00,3911.0
2017-03-27 16:00:00,3827.0
2017-03-27 17:00:00,3845.0
2017-03-27 18:00:00,4017.0
2017-03-27 19:00:00,4010.0
2017-03-27 20:00:00,4076.0
2017-03-27 21:00:00,3878.0
2017-03-27 22:00:00,3669.0
2017-03-27 23:00:00,3730.0
2017-03-28 00:00:00,3679.0
2017-03-28 01:00:00,3624.0
2017-03-28 02:00:00,3397.0
2017-03-28 03:00:00,3493.0
2017-03-28 04:00:00,3362.0
2017-03-28 05:00:00,3352.0
2017-03-28 06:00:00,3269.0
2017-03-28 07:00:00,3198.0
2017-03-28 08:00:00,3182.0
2017-03-28 09:00:00,3244.0
2017-03-28 10:00:00,3374.0
2017-03-28 11:00:00,3672.0
2017-03-28 12:00:00,3818.0
2017-03-28 13:00:00,3899.0
2017-03-28 14:00:00,4029.0
2017-03-28 15:00:00,4085.0
2017-03-28 16:00:00,3910.0
2017-03-28 17:00:00,4114.0
2017-03-28 18:00:00,3954.0
2017-03-28 19:00:00,4053.0
2017-03-28 20:00:00,3864.0
2017-03-28 21:00:00,3943.0
2017-03-28 22:00:00,3629.0
2017-03-28 23:00:00,3714.0
2017-03-29 00:00:00,3825.0
2017-03-29 01:00:00,3963.0
2017-03-29 02:00:00,3777.0
2017-03-29 03:00:00,3632.0
2017-03-29 04:00:00,3434.0
2017-03-29 05:00:00,3351.0
2017-03-29 06:00:00,3153.0
2017-03-29 07:00:00,3104.0
2017-03-29 08:00:00,3142.0
2017-03-29 09:00:00,3171.0
2017-03-29 10:00:00,3339.0
2017-03-29 11:00:00,3600.0
2017-03-29 12:00:00,3724.0
2017-03-29 13:00:00,3675.0
2017-03-29 14:00:00,3906.0
2017-03-29 15:00:00,3999.0
2017-03-29 16:00:00,3946.0
2017-03-29 17:00:00,3990.0
2017-03-29 18:00:00,4031.0
2017-03-29 19:00:00,4088.0
2017-03-29 20:00:00,3968.0
2017-03-29 21:00:00,3987.0
2017-03-29 22:00:00,3781.0
2017-03-29 23:00:00,3840.0
2017-03-30 00:00:00,3995.0
2017-03-30 01:00:00,4128.0
2017-03-30 02:00:00,3933.0
2017-03-30 03:00:00,3741.0
2017-03-30 04:00:00,3701.0
2017-03-30 05:00:00,3570.0
2017-03-30 06:00:00,3418.0
2017-03-30 07:00:00,3338.0
2017-03-30 08:00:00,3247.0
2017-03-30 09:00:00,3278.0
2017-03-30 10:00:00,3189.0
2017-03-30 11:00:00,3372.0
2017-03-30 12:00:00,3504.0
2017-03-30 13:00:00,3571.0
2017-03-30 14:00:00,3675.0
2017-03-30 15:00:00,3751.0
2017-03-30 16:00:00,3758.0
2017-03-30 17:00:00,3807.0
2017-03-30 18:00:00,3811.0
2017-03-30 19:00:00,3925.0
2017-03-30 20:00:00,3792.0
2017-03-30 21:00:00,3860.0
2017-03-30 22:00:00,3641.0
2017-03-30 23:00:00,3806.0
2017-03-31 00:00:00,3793.0
2017-03-31 01:00:00,3654.0
2017-03-31 02:00:00,3560.0
2017-03-31 03:00:00,3485.0
2017-03-31 04:00:00,3407.0
2017-03-31 05:00:00,3296.0
2017-03-31 06:00:00,2878.0
2017-03-31 07:00:00,2983.0
2017-03-31 08:00:00,2830.0
2017-03-31 09:00:00,2882.0
2017-03-31 10:00:00,2835.0
2017-03-31 11:00:00,2915.0
2017-03-31 12:00:00,2903.0
2017-03-31 13:00:00,3016.0
2017-03-31 14:00:00,3020.0
2017-03-31 15:00:00,3258.0
2017-03-31 16:00:00,3217.0
2017-03-31 17:00:00,3169.0
2017-03-31 18:00:00,3227.0
2017-03-31 19:00:00,3161.0
2017-03-31 20:00:00,3160.0
2017-03-31 21:00:00,3244.0
2017-03-31 22:00:00,3053.0
2017-03-31 23:00:00,3042.0
2017-04-01 00:00:00,3058.0
2017-04-01 01:00:00,2885.0
2017-04-01 02:00:00,2906.0
2017-04-01 03:00:00,2912.0
2017-04-01 04:00:00,2837.0
2017-04-01 05:00:00,2846.0
2017-04-01 06:00:00,2767.0
2017-04-01 07:00:00,2784.0
2017-04-01 08:00:00,2712.0
2017-04-01 09:00:00,3032.0
2017-04-01 10:00:00,3084.0
2017-04-01 11:00:00,3588.0
2017-04-01 12:00:00,3862.0
2017-04-01 13:00:00,3909.0
2017-04-01 14:00:00,4149.0
2017-04-01 15:00:00,3715.0
2017-04-01 16:00:00,3675.0
2017-04-01 17:00:00,3695.0
2017-04-01 18:00:00,3947.0
2017-04-01 19:00:00,3824.0
2017-04-01 20:00:00,3728.0
2017-04-01 21:00:00,3649.0
2017-04-01 22:00:00,3550.0
2017-04-01 23:00:00,3636.0
2017-04-02 00:00:00,3646.0
2017-04-02 01:00:00,3544.0
2017-04-02 02:00:00,3450.0
2017-04-02 03:00:00,3331.0
2017-04-02 04:00:00,3109.0
2017-04-02 05:00:00,2987.0
2017-04-02 06:00:00,2883.0
2017-04-02 07:00:00,2837.0
2017-04-02 08:00:00,2777.0
2017-04-02 09:00:00,2890.0
2017-04-02 10:00:00,2960.0
2017-04-02 11:00:00,3249.0
2017-04-02 12:00:00,3271.0
2017-04-02 13:00:00,3349.0
2017-04-02 14:00:00,3641.0
2017-04-02 15:00:00,3601.0
2017-04-02 16:00:00,3505.0
2017-04-02 17:00:00,3549.0
2017-04-02 18:00:00,3675.0
2017-04-02 19:00:00,3739.0
2017-04-02 20:00:00,3686.0
2017-04-02 21:00:00,3616.0
2017-04-02 22:00:00,3420.0
2017-04-02 23:00:00,3566.0
2017-04-03 00:00:00,3693.0
2017-04-03 01:00:00,3756.0
2017-04-03 02:00:00,3610.0
2017-04-03 03:00:00,3455.0
2017-04-03 04:00:00,3130.0
2017-04-03 05:00:00,2945.0
2017-04-03 06:00:00,2886.0
2017-04-03 07:00:00,2830.0
2017-04-03 08:00:00,2838.0
2017-04-03 09:00:00,2871.0
2017-04-03 10:00:00,3157.0
2017-04-03 11:00:00,3288.0
2017-04-03 12:00:00,3214.0
2017-04-03 13:00:00,3397.0
2017-04-03 14:00:00,4126.0
2017-04-03 15:00:00,4166.0
2017-04-03 16:00:00,4111.0
2017-04-03 17:00:00,4005.0
2017-04-03 18:00:00,4000.0
2017-04-03 19:00:00,4104.0
2017-04-03 20:00:00,4146.0
2017-04-03 21:00:00,3972.0
2017-04-03 22:00:00,3648.0
2017-04-03 23:00:00,3845.0
2017-04-04 00:00:00,3795.0
2017-04-04 01:00:00,3761.0
2017-04-04 02:00:00,3513.0
2017-04-04 03:00:00,3408.0
2017-04-04 04:00:00,3275.0
2017-04-04 05:00:00,3257.0
2017-04-04 06:00:00,3170.0
2017-04-04 07:00:00,3109.0
2017-04-04 08:00:00,3174.0
2017-04-04 09:00:00,3175.0
2017-04-04 10:00:00,3259.0
2017-04-04 11:00:00,3540.0
2017-04-04 12:00:00,3582.0
2017-04-04 13:00:00,3775.0
2017-04-04 14:00:00,4096.0
2017-04-04 15:00:00,4002.0
2017-04-04 16:00:00,3985.0
2017-04-04 17:00:00,4125.0
2017-04-04 18:00:00,4088.0
2017-04-04 19:00:00,4174.0
2017-04-04 20:00:00,4233.0
2017-04-04 21:00:00,4111.0
2017-04-04 22:00:00,3728.0
2017-04-04 23:00:00,3777.0
2017-04-05 00:00:00,3948.0
2017-04-05 01:00:00,4039.0
2017-04-05 02:00:00,3976.0
2017-04-05 03:00:00,3783.0
2017-04-05 04:00:00,3344.0
2017-04-05 05:00:00,3186.0
2017-04-05 06:00:00,3115.0
2017-04-05 07:00:00,3116.0
2017-04-05 08:00:00,3261.0
2017-04-05 09:00:00,3196.0
2017-04-05 10:00:00,3149.0
2017-04-05 11:00:00,3313.0
2017-04-05 12:00:00,3322.0
2017-04-05 13:00:00,3583.0
2017-04-05 14:00:00,3739.0
2017-04-05 15:00:00,3956.0
2017-04-05 16:00:00,3902.0
2017-04-05 17:00:00,3970.0
2017-04-05 18:00:00,4042.0
2017-04-05 19:00:00,4029.0
2017-04-05 20:00:00,4082.0
2017-04-05 21:00:00,3975.0
2017-04-05 22:00:00,3788.0
2017-04-05 23:00:00,3678.0
2017-04-06 00:00:00,3886.0
2017-04-06 01:00:00,3963.0
2017-04-06 02:00:00,3867.0
2017-04-06 03:00:00,3637.0
2017-04-06 04:00:00,3431.0
2017-04-06 05:00:00,3255.0
2017-04-06 06:00:00,3134.0
2017-04-06 07:00:00,3112.0
2017-04-06 08:00:00,3198.0
2017-04-06 09:00:00,3156.0
2017-04-06 10:00:00,2996.0
2017-04-06 11:00:00,3019.0
2017-04-06 12:00:00,2987.0
2017-04-06 13:00:00,3070.0
2017-04-06 14:00:00,3268.0
2017-04-06 15:00:00,3370.0
2017-04-06 16:00:00,3609.0
2017-04-06 17:00:00,3680.0
2017-04-06 18:00:00,3503.0
2017-04-06 19:00:00,3567.0
2017-04-06 20:00:00,3735.0
2017-04-06 21:00:00,3836.0
2017-04-06 22:00:00,3657.0
2017-04-06 23:00:00,3862.0
2017-04-07 00:00:00,3773.0
2017-04-07 01:00:00,3668.0
2017-04-07 02:00:00,3529.0
2017-04-07 03:00:00,3504.0
2017-04-07 04:00:00,3370.0
2017-04-07 05:00:00,3309.0
2017-04-07 06:00:00,2942.0
2017-04-07 07:00:00,2955.0
2017-04-07 08:00:00,2960.0
2017-04-07 09:00:00,2871.0
2017-04-07 10:00:00,2798.0
2017-04-07 11:00:00,2961.0
2017-04-07 12:00:00,2855.0
2017-04-07 13:00:00,2934.0
2017-04-07 14:00:00,3136.0
2017-04-07 15:00:00,3271.0
2017-04-07 16:00:00,3241.0
2017-04-07 17:00:00,3254.0
2017-04-07 18:00:00,3253.0
2017-04-07 19:00:00,3283.0
2017-04-07 20:00:00,3286.0
2017-04-07 21:00:00,3336.0
2017-04-07 22:00:00,3103.0
2017-04-07 23:00:00,3047.0
2017-04-08 00:00:00,3081.0
2017-04-08 01:00:00,3111.0
2017-04-08 02:00:00,3083.0
2017-04-08 03:00:00,3104.0
2017-04-08 04:00:00,2990.0
2017-04-08 05:00:00,2993.0
2017-04-08 06:00:00,2887.0
2017-04-08 07:00:00,2957.0
2017-04-08 08:00:00,3049.0
2017-04-08 09:00:00,3163.0
2017-04-08 10:00:00,3229.0
2017-04-08 11:00:00,3521.0
2017-04-08 12:00:00,3612.0
2017-04-08 13:00:00,3724.0
2017-04-08 14:00:00,4038.0
2017-04-08 15:00:00,4367.0
2017-04-08 16:00:00,4301.0
2017-04-08 17:00:00,4369.0
2017-04-08 18:00:00,4371.0
2017-04-08 19:00:00,4323.0
2017-04-08 20:00:00,4398.0
2017-04-08 21:00:00,4305.0
2017-04-08 22:00:00,4046.0
2017-04-08 23:00:00,4241.0
2017-04-09 00:00:00,4381.0
2017-04-09 01:00:00,4380.0
2017-04-09 02:00:00,4112.0
2017-04-09 03:00:00,4002.0
2017-04-09 04:00:00,3819.0
2017-04-09 05:00:00,3603.0
2017-04-09 06:00:00,3549.0
2017-04-09 07:00:00,3447.0
2017-04-09 08:00:00,3293.0
2017-04-09 09:00:00,3389.0
2017-04-09 10:00:00,3460.0
2017-04-09 11:00:00,3955.0
2017-04-09 12:00:00,4115.0
2017-04-09 13:00:00,3827.0
2017-04-09 14:00:00,3964.0
2017-04-09 15:00:00,3963.0
2017-04-09 16:00:00,4118.0
2017-04-09 17:00:00,3988.0
2017-04-09 18:00:00,4086.0
2017-04-09 19:00:00,3947.0
2017-04-09 20:00:00,4110.0
2017-04-09 21:00:00,4139.0
2017-04-09 22:00:00,3895.0
2017-04-09 23:00:00,4021.0
2017-04-10 00:00:00,4132.0
2017-04-10 01:00:00,4184.0
2017-04-10 02:00:00,4034.0
2017-04-10 03:00:00,3972.0
2017-04-10 04:00:00,3694.0
2017-04-10 05:00:00,3470.0
2017-04-10 06:00:00,3236.0
2017-04-10 07:00:00,3111.0
2017-04-10 08:00:00,3139.0
2017-04-10 09:00:00,3136.0
2017-04-10 10:00:00,3334.0
2017-04-10 11:00:00,3584.0
2017-04-10 12:00:00,3686.0
2017-04-10 13:00:00,3727.0
2017-04-10 14:00:00,4121.0
2017-04-10 15:00:00,3996.0
2017-04-10 16:00:00,3610.0
2017-04-10 17:00:00,3782.0
2017-04-10 18:00:00,4010.0
2017-04-10 19:00:00,3868.0
2017-04-10 20:00:00,4046.0
2017-04-10 21:00:00,4125.0
2017-04-10 22:00:00,3978.0
2017-04-10 23:00:00,4134.0
2017-04-11 00:00:00,4042.0
2017-04-11 01:00:00,3970.0
2017-04-11 02:00:00,3854.0
2017-04-11 03:00:00,3635.0
2017-04-11 04:00:00,3559.0
2017-04-11 05:00:00,3497.0
2017-04-11 06:00:00,3298.0
2017-04-11 07:00:00,3064.0
2017-04-11 08:00:00,3198.0
2017-04-11 09:00:00,3227.0
2017-04-11 10:00:00,3315.0
2017-04-11 11:00:00,3445.0
2017-04-11 12:00:00,3643.0
2017-04-11 13:00:00,3569.0
2017-04-11 14:00:00,4234.0
2017-04-11 15:00:00,3926.0
2017-04-11 16:00:00,3844.0
2017-04-11 17:00:00,3992.0
2017-04-11 18:00:00,3958.0
2017-04-11 19:00:00,3844.0
2017-04-11 20:00:00,3655.0
2017-04-11 21:00:00,4061.0
2017-04-11 22:00:00,3658.0
2017-04-11 23:00:00,3738.0
2017-04-12 00:00:00,3961.0
2017-04-12 01:00:00,3970.0
2017-04-12 02:00:00,3829.0
2017-04-12 03:00:00,3589.0
2017-04-12 04:00:00,3393.0
2017-04-12 05:00:00,3262.0
2017-04-12 06:00:00,3191.0
2017-04-12 07:00:00,3008.0
2017-04-12 08:00:00,3115.0
2017-04-12 09:00:00,3130.0
2017-04-12 10:00:00,3024.0
2017-04-12 11:00:00,3469.0
2017-04-12 12:00:00,3394.0
2017-04-12 13:00:00,3409.0
2017-04-12 14:00:00,3621.0
2017-04-12 15:00:00,3824.0
2017-04-12 16:00:00,3776.0
2017-04-12 17:00:00,3865.0
2017-04-12 18:00:00,3877.0
2017-04-12 19:00:00,3956.0
2017-04-12 20:00:00,4041.0
2017-04-12 21:00:00,3804.0
2017-04-12 22:00:00,3625.0
2017-04-12 23:00:00,3728.0
2017-04-13 00:00:00,3937.0
2017-04-13 01:00:00,3986.0
2017-04-13 02:00:00,3962.0
2017-04-13 03:00:00,3705.0
2017-04-13 04:00:00,3317.0
2017-04-13 05:00:00,3260.0
2017-04-13 06:00:00,3082.0
2017-04-13 07:00:00,3060.0
2017-04-13 08:00:00,3079.0
2017-04-13 09:00:00,3065.0
2017-04-13 10:00:00,2947.0
2017-04-13 11:00:00,3002.0
2017-04-13 12:00:00,3057.0
2017-04-13 13:00:00,3009.0
2017-04-13 14:00:00,3259.0
2017-04-13 15:00:00,3267.0
2017-04-13 16:00:00,3149.0
2017-04-13 17:00:00,3176.0
2017-04-13 18:00:00,3287.0
2017-04-13 19:00:00,3146.0
2017-04-13 20:00:00,3323.0
2017-04-13 21:00:00,3218.0
2017-04-13 22:00:00,3159.0
2017-04-13 23:00:00,3295.0
2017-04-14 00:00:00,3306.0
2017-04-14 01:00:00,3360.0
2017-04-14 02:00:00,3316.0
2017-04-14 03:00:00,3278.0
2017-04-14 04:00:00,3117.0
2017-04-14 05:00:00,3014.0
2017-04-14 06:00:00,2962.0
2017-04-14 07:00:00,2876.0
2017-04-14 08:00:00,2984.0
2017-04-14 09:00:00,2884.0
2017-04-14 10:00:00,2787.0
2017-04-14 11:00:00,2823.0
2017-04-14 12:00:00,2825.0
2017-04-14 13:00:00,2955.0
2017-04-14 14:00:00,3079.0
2017-04-14 15:00:00,3277.0
2017-04-14 16:00:00,3332.0
2017-04-14 17:00:00,3293.0
2017-04-14 18:00:00,3078.0
2017-04-14 19:00:00,3159.0
2017-04-14 20:00:00,3236.0
2017-04-14 21:00:00,3178.0
2017-04-14 22:00:00,3082.0
2017-04-14 23:00:00,3038.0
2017-04-15 00:00:00,2947.0
2017-04-15 01:00:00,3003.0
2017-04-15 02:00:00,3092.0
2017-04-15 03:00:00,3041.0
2017-04-15 04:00:00,2930.0
2017-04-15 05:00:00,2939.0
2017-04-15 06:00:00,2976.0
2017-04-15 07:00:00,2911.0
2017-04-15 08:00:00,3143.0
2017-04-15 09:00:00,3172.0
2017-04-15 10:00:00,3117.0
2017-04-15 11:00:00,3022.0
2017-04-15 12:00:00,3057.0
2017-04-15 13:00:00,3055.0
2017-04-15 14:00:00,3387.0
2017-04-15 15:00:00,3342.0
2017-04-15 16:00:00,3232.0
2017-04-15 17:00:00,3288.0
2017-04-15 18:00:00,3339.0
2017-04-15 19:00:00,3335.0
2017-04-15 20:00:00,3470.0
2017-04-15 21:00:00,3425.0
2017-04-15 22:00:00,3264.0
2017-04-15 23:00:00,3313.0
2017-04-16 00:00:00,3385.0
2017-04-16 01:00:00,3503.0
2017-04-16 02:00:00,3247.0
2017-04-16 03:00:00,3211.0
2017-04-16 04:00:00,2943.0
2017-04-16 05:00:00,2808.0
2017-04-16 06:00:00,2729.0
2017-04-16 07:00:00,2531.0
2017-04-16 08:00:00,2597.0
2017-04-16 09:00:00,2769.0
2017-04-16 10:00:00,2894.0
2017-04-16 11:00:00,3267.0
2017-04-16 12:00:00,3095.0
2017-04-16 13:00:00,3233.0
2017-04-16 14:00:00,3378.0
2017-04-16 15:00:00,3361.0
2017-04-16 16:00:00,3114.0
2017-04-16 17:00:00,3208.0
2017-04-16 18:00:00,3220.0
2017-04-16 19:00:00,3422.0
2017-04-16 20:00:00,3570.0
2017-04-16 21:00:00,3496.0
2017-04-16 22:00:00,3388.0
2017-04-16 23:00:00,3393.0
2017-04-17 00:00:00,3437.0
2017-04-17 01:00:00,3579.0
2017-04-17 02:00:00,3425.0
2017-04-17 03:00:00,3260.0
2017-04-17 04:00:00,3029.0
2017-04-17 05:00:00,2916.0
2017-04-17 06:00:00,2816.0
2017-04-17 07:00:00,2711.0
2017-04-17 08:00:00,2843.0
2017-04-17 09:00:00,2810.0
2017-04-17 10:00:00,2822.0
2017-04-17 11:00:00,3240.0
2017-04-17 12:00:00,3195.0
2017-04-17 13:00:00,3174.0
2017-04-17 14:00:00,3297.0
2017-04-17 15:00:00,3270.0
2017-04-17 16:00:00,3209.0
2017-04-17 17:00:00,3418.0
2017-04-17 18:00:00,3428.0
2017-04-17 19:00:00,3363.0
2017-04-17 20:00:00,3378.0
2017-04-17 21:00:00,3300.0
2017-04-17 22:00:00,3274.0
2017-04-17 23:00:00,3428.0
2017-04-18 00:00:00,3326.0
2017-04-18 01:00:00,3361.0
2017-04-18 02:00:00,3425.0
2017-04-18 03:00:00,3119.0
2017-04-18 04:00:00,2926.0
2017-04-18 05:00:00,2857.0
2017-04-18 06:00:00,2724.0
2017-04-18 07:00:00,2765.0
2017-04-18 08:00:00,2818.0
2017-04-18 09:00:00,2816.0
2017-04-18 10:00:00,2918.0
2017-04-18 11:00:00,3192.0
2017-04-18 12:00:00,3089.0
2017-04-18 13:00:00,3261.0
2017-04-18 14:00:00,3398.0
2017-04-18 15:00:00,3380.0
2017-04-18 16:00:00,3144.0
2017-04-18 17:00:00,2763.0
2017-04-18 18:00:00,3288.0
2017-04-18 19:00:00,3248.0
2017-04-18 20:00:00,3481.0
2017-04-18 21:00:00,3420.0
2017-04-18 22:00:00,3206.0
2017-04-18 23:00:00,3306.0
2017-04-19 00:00:00,3423.0
2017-04-19 01:00:00,3551.0
2017-04-19 02:00:00,3464.0
2017-04-19 03:00:00,3236.0
2017-04-19 04:00:00,3079.0
2017-04-19 05:00:00,2897.0
2017-04-19 06:00:00,2753.0
2017-04-19 07:00:00,2735.0
2017-04-19 08:00:00,2740.0
2017-04-19 09:00:00,2789.0
2017-04-19 10:00:00,2867.0
2017-04-19 11:00:00,3139.0
2017-04-19 12:00:00,3188.0
2017-04-19 13:00:00,3024.0
2017-04-19 14:00:00,3104.0
2017-04-19 15:00:00,3209.0
2017-04-19 16:00:00,3091.0
2017-04-19 17:00:00,3084.0
2017-04-19 18:00:00,3074.0
2017-04-19 19:00:00,3153.0
2017-04-19 20:00:00,3342.0
2017-04-19 21:00:00,3080.0
2017-04-19 22:00:00,3028.0
2017-04-19 23:00:00,3218.0
2017-04-20 00:00:00,3399.0
2017-04-20 01:00:00,3562.0
2017-04-20 02:00:00,3500.0
2017-04-20 03:00:00,3241.0
2017-04-20 04:00:00,3036.0
2017-04-20 05:00:00,2883.0
2017-04-20 06:00:00,2844.0
2017-04-20 07:00:00,2751.0
2017-04-20 08:00:00,2758.0
2017-04-20 09:00:00,2659.0
2017-04-20 10:00:00,2667.0
2017-04-20 11:00:00,2650.0
2017-04-20 12:00:00,2587.0
2017-04-20 13:00:00,2580.0
2017-04-20 14:00:00,2816.0
2017-04-20 15:00:00,2876.0
2017-04-20 16:00:00,2941.0
2017-04-20 17:00:00,2971.0
2017-04-20 18:00:00,3056.0
2017-04-20 19:00:00,2988.0
2017-04-20 20:00:00,3100.0
2017-04-20 21:00:00,3085.0
2017-04-20 22:00:00,2936.0
2017-04-20 23:00:00,3110.0
2017-04-21 00:00:00,3142.0
2017-04-21 01:00:00,3297.0
2017-04-21 02:00:00,3211.0
2017-04-21 03:00:00,3076.0
2017-04-21 04:00:00,2872.0
2017-04-21 05:00:00,2805.0
2017-04-21 06:00:00,2638.0
2017-04-21 07:00:00,2571.0
2017-04-21 08:00:00,2627.0
2017-04-21 09:00:00,2599.0
2017-04-21 10:00:00,2568.0
2017-04-21 11:00:00,2538.0
2017-04-21 12:00:00,2499.0
2017-04-21 13:00:00,2516.0
2017-04-21 14:00:00,2561.0
2017-04-21 15:00:00,2541.0
2017-04-21 16:00:00,2529.0
2017-04-21 17:00:00,2538.0
2017-04-21 18:00:00,2617.0
2017-04-21 19:00:00,2626.0
2017-04-21 20:00:00,2658.0
2017-04-21 21:00:00,2765.0
2017-04-21 22:00:00,2724.0
2017-04-21 23:00:00,2735.0
2017-04-22 00:00:00,2635.0
2017-04-22 01:00:00,2662.0
2017-04-22 02:00:00,2780.0
2017-04-22 03:00:00,2760.0
2017-04-22 04:00:00,2702.0
2017-04-22 05:00:00,2664.0
2017-04-22 06:00:00,2604.0
2017-04-22 07:00:00,2633.0
2017-04-22 08:00:00,2802.0
2017-04-22 09:00:00,2852.0
2017-04-22 10:00:00,2945.0
2017-04-22 11:00:00,3120.0
2017-04-22 12:00:00,3407.0
2017-04-22 13:00:00,3352.0
2017-04-22 14:00:00,3408.0
2017-04-22 15:00:00,3444.0
2017-04-22 16:00:00,3583.0
2017-04-22 17:00:00,3621.08858460132
2017-04-22 18:00:00,3679.561433509488
2017-04-22 19:00:00,3733.8592446347866
2017-04-22 20:00:00,3784.079679293969
2017-04-22 21:00:00,3830.3203988037876
2017-04-22 22:00:00,3872.679064480995
2017-04-22 23:00:00,3911.2533376423426
2017-04-23 00:00:00,3946.140879604585
2017-04-23 01:00:00,3977.439351684473
2017-04-23 02:00:00,4005.24641519876
2017-04-23 03:00:00,4029.659731464199
2017-04-23 04:00:00,4050.776961797542
2017-04-23 05:00:00,4068.695767515542
2017-04-23 06:00:00,4083.5138099349506
2017-04-23 07:00:00,4095.328750372521
2017-04-23 08:00:00,4104.2382501450065
2017-04-23 09:00:00,4110.339970569159
2017-04-23 10:00:00,4113.731572961731
2017-04-23 11:00:00,4114.510718639476
2017-04-23 12:00:00,4112.775068919145
2017-04-23 13:00:00,4108.622285117492
2017-04-23 14:00:00,4102.150028551268
2017-04-23 15:00:00,4093.4559605372297
2017-04-23 16:00:00,4082.637742392124
2017-04-23 17:00:00,4069.7930354327063
2017-04-23 18:00:00,4055.0195009757285
2017-04-23 19:00:00,4038.414800337944
2017-04-23 20:00:00,4020.076594836106
2017-04-23 21:00:00,4000.1025457869646
2017-04-23 22:00:00,3978.5903145072743
2017-04-23 23:00:00,3955.6375623137883
2017-04-24 00:00:00,3931.3419505232587
2017-04-24 01:00:00,3905.801140452438
2017-04-24 02:00:00,3879.1127934180777
2017-04-24 03:00:00,3851.3745707369294
2017-04-24 04:00:00,3822.68413372575
2017-04-24 05:00:00,3793.139143701291
2017-04-24 06:00:00,3762.8372619803017
2017-04-24 07:00:00,3731.8761498795357
2017-04-24 08:00:00,3700.353468715747
2017-04-24 09:00:00,3668.3668798056847
2017-04-24 10:00:00,3636.014044466105
2017-04-24 11:00:00,3603.392624013759
2017-04-24 12:00:00,3570.6002797654046
2017-04-24 13:00:00,3537.734673037787
2017-04-24 14:00:00,3504.893465147659
2017-04-24 15:00:00,3472.1743174117787
2017-04-24 16:00:00,3439.6748911468994
2017-04-24 17:00:00,3407.4928476697696
2017-04-24 18:00:00,3375.72584829714
2017-04-24 19:00:00,3378.0
2017-04-24 20:00:00,3298.0
2017-04-24 21:00:00,3246.0
2017-04-24 22:00:00,3099.0
2017-04-24 23:00:00,3237.0
2017-04-25 00:00:00,3223.0
2017-04-25 01:00:00,3448.0
2017-04-25 02:00:00,3344.0
2017-04-25 03:00:00,3233.0
2017-04-25 04:00:00,3081.0
2017-04-25 05:00:00,2961.0
2017-04-25 06:00:00,2814.0
2017-04-25 07:00:00,2867.0
2017-04-25 08:00:00,2890.0
2017-04-25 09:00:00,3041.0
2017-04-25 10:00:00,2933.0
2017-04-25 11:00:00,3185.0
2017-04-25 12:00:00,3232.0
2017-04-25 13:00:00,3261.0
2017-04-25 14:00:00,3277.0
2017-04-25 15:00:00,3212.0
2017-04-25 16:00:00,2996.0
2017-04-25 17:00:00,2987.0
2017-04-25 18:00:00,3156.0
2017-04-25 19:00:00,3164.0
2017-04-25 20:00:00,3450.0
2017-04-25 21:00:00,3248.0
2017-04-25 22:00:00,3108.0
2017-04-25 23:00:00,3328.0
2017-04-26 00:00:00,3615.0
2017-04-26 01:00:00,3873.0
2017-04-26 02:00:00,3585.0
2017-04-26 03:00:00,3293.0
2017-04-26 04:00:00,3206.0
2017-04-26 05:00:00,3181.0
2017-04-26 06:00:00,3123.0
2017-04-26 07:00:00,2898.0
2017-04-26 08:00:00,2952.0
2017-04-26 09:00:00,2939.0
2017-04-26 10:00:00,3102.0
2017-04-26 11:00:00,3273.0
2017-04-26 12:00:00,3329.0
2017-04-26 13:00:00,3174.0
2017-04-26 14:00:00,3492.0
2017-04-26 15:00:00,3375.0
2017-04-26 16:00:00,3409.0
2017-04-26 17:00:00,3621.0
2017-04-26 18:00:00,3549.0
2017-04-26 19:00:00,3638.0
2017-04-26 20:00:00,3569.0
2017-04-26 21:00:00,3465.0
2017-04-26 22:00:00,3470.0
2017-04-26 23:00:00,3551.0
2017-04-27 00:00:00,3430.0
2017-04-27 01:00:00,3646.0
2017-04-27 02:00:00,3576.0
2017-04-27 03:00:00,3360.0
2017-04-27 04:00:00,3144.0
2017-04-27 05:00:00,3040.0
2017-04-27 06:00:00,3036.0
2017-04-27 07:00:00,2733.0
2017-04-27 08:00:00,2733.0
2017-04-27 09:00:00,2463.0
2017-04-27 10:00:00,2653.0
2017-04-27 11:00:00,2717.0
2017-04-27 12:00:00,2627.0
2017-04-27 13:00:00,2607.0
2017-04-27 14:00:00,2653.0
2017-04-27 15:00:00,2594.0
2017-04-27 16:00:00,2595.0
2017-04-27 17:00:00,2803.0
2017-04-27 18:00:00,2857.0
2017-04-27 19:00:00,2801.0
2017-04-27 20:00:00,2845.0
2017-04-27 21:00:00,3009.0
2017-04-27 22:00:00,2927.0
2017-04-27 23:00:00,2922.0
2017-04-28 00:00:00,3060.0
2017-04-28 01:00:00,3190.0
2017-04-28 02:00:00,3018.0
2017-04-28 03:00:00,2807.0
2017-04-28 04:00:00,2752.0
2017-04-28 05:00:00,2682.0
2017-04-28 06:00:00,2441.0
2017-04-28 07:00:00,2257.0
2017-04-28 08:00:00,2369.0
2017-04-28 09:00:00,2208.0
2017-04-28 10:00:00,2253.0
2017-04-28 11:00:00,2221.0
2017-04-28 12:00:00,2339.0
2017-04-28 13:00:00,2319.0
2017-04-28 14:00:00,2360.0
2017-04-28 15:00:00,2324.0
2017-04-28 16:00:00,2297.0
2017-04-28 17:00:00,2323.0
2017-04-28 18:00:00,2328.0
2017-04-28 19:00:00,2356.0
2017-04-28 20:00:00,2373.0
2017-04-28 21:00:00,2224.0
2017-04-28 22:00:00,2279.0
2017-04-28 23:00:00,2304.0
2017-04-29 00:00:00,2286.0
2017-04-29 01:00:00,2251.0
2017-04-29 02:00:00,2308.0
2017-04-29 03:00:00,2261.0
2017-04-29 04:00:00,2296.0
2017-04-29 05:00:00,2326.0
2017-04-29 06:00:00,2319.0
2017-04-29 07:00:00,2322.0
2017-04-29 08:00:00,2261.0
2017-04-29 09:00:00,2494.0
2017-04-29 10:00:00,2604.0
2017-04-29 11:00:00,2995.0
2017-04-29 12:00:00,3028.0
2017-04-29 13:00:00,3104.0
2017-04-29 14:00:00,3129.0
2017-04-29 15:00:00,2999.0
2017-04-29 16:00:00,3084.0
2017-04-29 17:00:00,3120.0
2017-04-29 18:00:00,3181.0
2017-04-29 19:00:00,3114.0
2017-04-29 20:00:00,3038.0
2017-04-29 21:00:00,2958.0
2017-04-29 22:00:00,2975.0
2017-04-29 23:00:00,3227.0
2017-04-30 00:00:00,3439.0
2017-04-30 01:00:00,3494.0
2017-04-30 02:00:00,3335.0
2017-04-30 03:00:00,3118.0
2017-04-30 04:00:00,3093.0
2017-04-30 05:00:00,2884.0
2017-04-30 06:00:00,2821.0
2017-04-30 07:00:00,2692.0
2017-04-30 08:00:00,2699.0
2017-04-30 09:00:00,2714.0
2017-04-30 10:00:00,2801.0
2017-04-30 11:00:00,3065.0
2017-04-30 12:00:00,3129.0
2017-04-30 13:00:00,3142.0
2017-04-30 14:00:00,3310.0
2017-04-30 15:00:00,3272.0
2017-04-30 16:00:00,3196.0
2017-04-30 17:00:00,3225.0
2017-04-30 18:00:00,3296.0
2017-04-30 19:00:00,3206.0
2017-04-30 20:00:00,3232.0
2017-04-30 21:00:00,3023.0
2017-04-30 22:00:00,3004.0
2017-04-30 23:00:00,3242.0
2017-05-01 00:00:00,3483.0
2017-05-01 01:00:00,3457.0
2017-05-01 02:00:00,3272.0
2017-05-01 03:00:00,3007.0
2017-05-01 04:00:00,2907.0
2017-05-01 05:00:00,2816.0
2017-05-01 06:00:00,2614.0
2017-05-01 07:00:00,2573.0
2017-05-01 08:00:00,2689.0
2017-05-01 09:00:00,2585.0
2017-05-01 10:00:00,2727.0
2017-05-01 11:00:00,2982.0
2017-05-01 12:00:00,3220.0
2017-05-01 13:00:00,3083.0
2017-05-01 14:00:00,3230.0
2017-05-01 15:00:00,3185.0
2017-05-01 16:00:00,3145.0
2017-05-01 17:00:00,3208.0
2017-05-01 18:00:00,3407.0
2017-05-01 19:00:00,3306.0
2017-05-01 20:00:00,3378.0
2017-05-01 21:00:00,3239.0
2017-05-01 22:00:00,3153.0
2017-05-01 23:00:00,3320.0
2017-05-02 00:00:00,3292.0
2017-05-02 01:00:00,3360.0
2017-05-02 02:00:00,3139.0
2017-05-02 03:00:00,2988.0
2017-05-02 04:00:00,2800.0
2017-05-02 05:00:00,2827.0
2017-05-02 06:00:00,2769.0
2017-05-02 07:00:00,2829.0
2017-05-02 08:00:00,2854.0
2017-05-02 09:00:00,2834.0
2017-05-02 10:00:00,2827.0
2017-05-02 11:00:00,2846.0
2017-05-02 12:00:00,2864.0
2017-05-02 13:00:00,2962.0
2017-05-02 14:00:00,3228.0
2017-05-02 15:00:00,3184.0
2017-05-02 16:00:00,3138.0
2017-05-02 17:00:00,3215.0
2017-05-02 18:00:00,2981.0
2017-05-02 19:00:00,3079.0
2017-05-02 20:00:00,3274.0
2017-05-02 21:00:00,3267.0
2017-05-02 22:00:00,3028.0
2017-05-02 23:00:00,3178.0
2017-05-03 00:00:00,3384.0
2017-05-03 01:00:00,3353.0
2017-05-03 02:00:00,3208.0
2017-05-03 03:00:00,3126.0
2017-05-03 04:00:00,2938.0
2017-05-03 05:00:00,2862.0
2017-05-03 06:00:00,2726.0
2017-05-03 07:00:00,2703.0
2017-05-03 08:00:00,2694.0
2017-05-03 09:00:00,2781.0
2017-05-03 10:00:00,3059.0
2017-05-03 11:00:00,3228.0
2017-05-03 12:00:00,3274.0
2017-05-03 13:00:00,3268.0
2017-05-03 14:00:00,3426.0
2017-05-03 15:00:00,3396.0
2017-05-03 16:00:00,3375.0
2017-05-03 17:00:00,3558.0
2017-05-03 18:00:00,3416.0
2017-05-03 19:00:00,3474.0
2017-05-03 20:00:00,3566.0
2017-05-03 21:00:00,3433.0
2017-05-03 22:00:00,3380.0
2017-05-03 23:00:00,3414.0
2017-05-04 00:00:00,3438.0
2017-05-04 01:00:00,3537.0
2017-05-04 02:00:00,3446.0
2017-05-04 03:00:00,3158.0
2017-05-04 04:00:00,3155.0
2017-05-04 05:00:00,3014.0
2017-05-04 06:00:00,2955.0
2017-05-04 07:00:00,2761.0
2017-05-04 08:00:00,2791.0
2017-05-04 09:00:00,2747.0
2017-05-04 10:00:00,2829.0
2017-05-04 11:00:00,2877.0
2017-05-04 12:00:00,2768.0
2017-05-04 13:00:00,2807.0
2017-05-04 14:00:00,2884.0
2017-05-04 15:00:00,2786.0
2017-05-04 16:00:00,2913.0
2017-05-04 17:00:00,2972.0
2017-05-04 18:00:00,3047.0
2017-05-04 19:00:00,3048.0
2017-05-04 20:00:00,3455.0
2017-05-04 21:00:00,3058.0
2017-05-04 22:00:00,3040.0
2017-05-04 23:00:00,3177.0
2017-05-05 00:00:00,3262.0
2017-05-05 01:00:00,3272.0
2017-05-05 02:00:00,3165.0
2017-05-05 03:00:00,3045.0
2017-05-05 04:00:00,2939.0
2017-05-05 05:00:00,2787.0
2017-05-05 06:00:00,2705.0
2017-05-05 07:00:00,2673.0
2017-05-05 08:00:00,2636.0
2017-05-05 09:00:00,2560.0
2017-05-05 10:00:00,2653.0
2017-05-05 11:00:00,2567.0
2017-05-05 12:00:00,2534.0
2017-05-05 13:00:00,2557.0
2017-05-05 14:00:00,2638.0
2017-05-05 15:00:00,2548.0
2017-05-05 16:00:00,2601.0
2017-05-05 17:00:00,2584.0
2017-05-05 18:00:00,2617.0
2017-05-05 19:00:00,2545.0
2017-05-05 20:00:00,2572.0
2017-05-05 21:00:00,2466.0
2017-05-05 22:00:00,2519.0
2017-05-05 23:00:00,2529.0
2017-05-06 00:00:00,2573.0
2017-05-06 01:00:00,2513.0
2017-05-06 02:00:00,2457.0
2017-05-06 03:00:00,2424.0
2017-05-06 04:00:00,2418.0
2017-05-06 05:00:00,2462.0
2017-05-06 06:00:00,2435.0
2017-05-06 07:00:00,2473.0
2017-05-06 08:00:00,2517.0
2017-05-06 09:00:00,2712.0
2017-05-06 10:00:00,2795.0
2017-05-06 11:00:00,3033.0
2017-05-06 12:00:00,3063.0
2017-05-06 13:00:00,3149.0
2017-05-06 14:00:00,3284.0
2017-05-06 15:00:00,3199.0
2017-05-06 16:00:00,3247.0
2017-05-06 17:00:00,3334.0
2017-05-06 18:00:00,3363.0
2017-05-06 19:00:00,3309.0
2017-05-06 20:00:00,3426.0
2017-05-06 21:00:00,3225.0
2017-05-06 22:00:00,3138.0
2017-05-06 23:00:00,3309.0
2017-05-07 00:00:00,3425.0
2017-05-07 01:00:00,3457.0
2017-05-07 02:00:00,3295.0
2017-05-07 03:00:00,3128.0
2017-05-07 04:00:00,2964.0
2017-05-07 05:00:00,2844.0
2017-05-07 06:00:00,2704.0
2017-05-07 07:00:00,2748.0
2017-05-07 08:00:00,2778.0
2017-05-07 09:00:00,2747.0
2017-05-07 10:00:00,2947.0
2017-05-07 11:00:00,3353.0
2017-05-07 12:00:00,3260.0
2017-05-07 13:00:00,3313.0
2017-05-07 14:00:00,3668.0
2017-05-07 15:00:00,3473.0
2017-05-07 16:00:00,3477.0
2017-05-07 17:00:00,3608.0
2017-05-07 18:00:00,3721.0
2017-05-07 19:00:00,3584.0
2017-05-07 20:00:00,3420.0
2017-05-07 21:00:00,3131.0
2017-05-07 22:00:00,3132.0
2017-05-07 23:00:00,3311.0
2017-05-08 00:00:00,3463.0
2017-05-08 01:00:00,3503.0
2017-05-08 02:00:00,3223.0
2017-05-08 03:00:00,2993.0
2017-05-08 04:00:00,2887.0
2017-05-08 05:00:00,2788.0
2017-05-08 06:00:00,2672.0
2017-05-08 07:00:00,2673.0
2017-05-08 08:00:00,2701.0
2017-05-08 09:00:00,2740.0
2017-05-08 10:00:00,2986.0
2017-05-08 11:00:00,3230.0
2017-05-08 12:00:00,3263.0
2017-05-08 13:00:00,3333.0
2017-05-08 14:00:00,3453.0
2017-05-08 15:00:00,3198.0
2017-05-08 16:00:00,3212.0
2017-05-08 17:00:00,3217.0
2017-05-08 18:00:00,3106.0
2017-05-08 19:00:00,3274.0
2017-05-08 20:00:00,3105.0
2017-05-08 21:00:00,3181.0
2017-05-08 22:00:00,3125.0
2017-05-08 23:00:00,3367.0
2017-05-09 00:00:00,3312.0
2017-05-09 01:00:00,3348.0
2017-05-09 02:00:00,3160.0
2017-05-09 03:00:00,2946.0
2017-05-09 04:00:00,2817.0
2017-05-09 05:00:00,2814.0
2017-05-09 06:00:00,2664.0
2017-05-09 07:00:00,2662.0
2017-05-09 08:00:00,2623.0
2017-05-09 09:00:00,2678.0
2017-05-09 10:00:00,2744.0
2017-05-09 11:00:00,3134.0
2017-05-09 12:00:00,3250.0
2017-05-09 13:00:00,3284.0
2017-05-09 14:00:00,3406.0
2017-05-09 15:00:00,3207.0
2017-05-09 16:00:00,3232.0
2017-05-09 17:00:00,3293.0
2017-05-09 18:00:00,3353.0
2017-05-09 19:00:00,3390.0
2017-05-09 20:00:00,3315.0
2017-05-09 21:00:00,3144.0
2017-05-09 22:00:00,3114.0
2017-05-09 23:00:00,3363.0
2017-05-10 00:00:00,3538.0
2017-05-10 01:00:00,3376.0
2017-05-10 02:00:00,3112.0
2017-05-10 03:00:00,2938.0
2017-05-10 04:00:00,2857.0
2017-05-10 05:00:00,2789.0
2017-05-10 06:00:00,2679.0
2017-05-10 07:00:00,2617.0
2017-05-10 08:00:00,2695.0
2017-05-10 09:00:00,2774.0
2017-05-10 10:00:00,2882.0
2017-05-10 11:00:00,3030.0
2017-05-10 12:00:00,3219.0
2017-05-10 13:00:00,3253.0
2017-05-10 14:00:00,3317.0
2017-05-10 15:00:00,3438.0
2017-05-10 16:00:00,3405.0
2017-05-10 17:00:00,3359.0
2017-05-10 18:00:00,3447.0
2017-05-10 19:00:00,3473.0
2017-05-10 20:00:00,3415.0
2017-05-10 21:00:00,3212.0
2017-05-10 22:00:00,3149.0
2017-05-10 23:00:00,3212.0
2017-05-11 00:00:00,3377.0
2017-05-11 01:00:00,3297.0
2017-05-11 02:00:00,3159.0
2017-05-11 03:00:00,3028.0
2017-05-11 04:00:00,2888.0
2017-05-11 05:00:00,2872.0
2017-05-11 06:00:00,2756.0
2017-05-11 07:00:00,2558.0
2017-05-11 08:00:00,2555.0
2017-05-11 09:00:00,2692.0
2017-05-11 10:00:00,2656.0
2017-05-11 11:00:00,2679.0
2017-05-11 12:00:00,2727.0
2017-05-11 13:00:00,2702.0
2017-05-11 14:00:00,2803.0
2017-05-11 15:00:00,2934.0
2017-05-11 16:00:00,2820.0
2017-05-11 17:00:00,3069.0
2017-05-11 18:00:00,2976.0
2017-05-11 19:00:00,3052.0
2017-05-11 20:00:00,3073.0
2017-05-11 21:00:00,3042.0
2017-05-11 22:00:00,2797.0
2017-05-11 23:00:00,2980.0
2017-05-12 00:00:00,3051.0
2017-05-12 01:00:00,3004.0
2017-05-12 02:00:00,2838.0
2017-05-12 03:00:00,2867.0
2017-05-12 04:00:00,2723.0
2017-05-12 05:00:00,2709.0
2017-05-12 06:00:00,2582.0
2017-05-12 07:00:00,2544.0
2017-05-12 08:00:00,2501.0
2017-05-12 09:00:00,2527.0
2017-05-12 10:00:00,2532.0
2017-05-12 11:00:00,2567.0
2017-05-12 12:00:00,2496.0
2017-05-12 13:00:00,2562.0
2017-05-12 14:00:00,2625.0
2017-05-12 15:00:00,2511.0
2017-05-12 16:00:00,2611.0
2017-05-12 17:00:00,2552.0
2017-05-12 18:00:00,2682.0
2017-05-12 19:00:00,2554.0
2017-05-12 20:00:00,2615.0
2017-05-12 21:00:00,2615.0
2017-05-12 22:00:00,2550.0
2017-05-12 23:00:00,2488.0
2017-05-13 00:00:00,2543.0
2017-05-13 01:00:00,2534.0
2017-05-13 02:00:00,2540.0
2017-05-13 03:00:00,2505.0
2017-05-13 04:00:00,2454.0
2017-05-13 05:00:00,2451.0
2017-05-13 06:00:00,2423.0
2017-05-13 07:00:00,2444.0
2017-05-13 08:00:00,2555.0
2017-05-13 09:00:00,2759.0
2017-05-13 10:00:00,2783.0
2017-05-13 11:00:00,3170.0
2017-05-13 12:00:00,3144.0
2017-05-13 13:00:00,3179.0
2017-05-13 14:00:00,3505.0
2017-05-13 15:00:00,3451.0
2017-05-13 16:00:00,3269.0
2017-05-13 17:00:00,3415.0
2017-05-13 18:00:00,3408.0
2017-05-13 19:00:00,3528.0
2017-05-13 20:00:00,3375.0
2017-05-13 21:00:00,3270.0
2017-05-13 22:00:00,2963.0
2017-05-13 23:00:00,3149.0
2017-05-14 00:00:00,3212.0
2017-05-14 01:00:00,3357.0
2017-05-14 02:00:00,3158.0
2017-05-14 03:00:00,3036.0
2017-05-14 04:00:00,2882.0
2017-05-14 05:00:00,2769.0
2017-05-14 06:00:00,2642.0
2017-05-14 07:00:00,2577.0
2017-05-14 08:00:00,2628.0
2017-05-14 09:00:00,2702.0
2017-05-14 10:00:00,3004.0
2017-05-14 11:00:00,3306.0
2017-05-14 12:00:00,3131.0
2017-05-14 13:00:00,3200.0
2017-05-14 14:00:00,3492.0
2017-05-14 15:00:00,3380.0
2017-05-14 16:00:00,3380.0
2017-05-14 17:00:00,3435.0
2017-05-14 18:00:00,3477.0
2017-05-14 19:00:00,3465.0
2017-05-14 20:00:00,3481.0
2017-05-14 21:00:00,3399.0
2017-05-14 22:00:00,3167.0
2017-05-14 23:00:00,3348.0
2017-05-15 00:00:00,3401.0
2017-05-15 01:00:00,3448.0
2017-05-15 02:00:00,3302.0
2017-05-15 03:00:00,3134.0
2017-05-15 04:00:00,2921.0
2017-05-15 05:00:00,2852.0
2017-05-15 06:00:00,2755.0
2017-05-15 07:00:00,2675.0
2017-05-15 08:00:00,2780.0
2017-05-15 09:00:00,2877.0
2017-05-15 10:00:00,3014.0
2017-05-15 11:00:00,3190.0
2017-05-15 12:00:00,3241.0
2017-05-15 13:00:00,3312.0
2017-05-15 14:00:00,3401.0
2017-05-15 15:00:00,3592.0
2017-05-15 16:00:00,3465.0
2017-05-15 17:00:00,3592.0
2017-05-15 18:00:00,3492.0
2017-05-15 19:00:00,3387.0
2017-05-15 20:00:00,3489.0
2017-05-15 21:00:00,3445.0
2017-05-15 22:00:00,3264.0
2017-05-15 23:00:00,3386.0
2017-05-16 00:00:00,3460.0
2017-05-16 01:00:00,3509.0
2017-05-16 02:00:00,3200.0
2017-05-16 03:00:00,3107.0
2017-05-16 04:00:00,2930.0
2017-05-16 05:00:00,2823.0
2017-05-16 06:00:00,2739.0
2017-05-16 07:00:00,2694.0
2017-05-16 08:00:00,2715.0
2017-05-16 09:00:00,2907.0
2017-05-16 10:00:00,3134.0
2017-05-16 11:00:00,3218.0
2017-05-16 12:00:00,3372.0
2017-05-16 13:00:00,3397.0
2017-05-16 14:00:00,3779.0
2017-05-16 15:00:00,3493.0
2017-05-16 16:00:00,3419.0
2017-05-16 17:00:00,3482.0
2017-05-16 18:00:00,3531.0
2017-05-16 19:00:00,3448.0
2017-05-16 20:00:00,3411.0
2017-05-16 21:00:00,3229.0
2017-05-16 22:00:00,2970.0
2017-05-16 23:00:00,3245.0
2017-05-17 00:00:00,3353.0
2017-05-17 01:00:00,3484.0
2017-05-17 02:00:00,3369.0
2017-05-17 03:00:00,3172.0
2017-05-17 04:00:00,2928.0
2017-05-17 05:00:00,2890.0
2017-05-17 06:00:00,2765.0
2017-05-17 07:00:00,2738.0
2017-05-17 08:00:00,2711.0
2017-05-17 09:00:00,2818.0
2017-05-17 10:00:00,3009.0
2017-05-17 11:00:00,3342.0
2017-05-17 12:00:00,3470.0
2017-05-17 13:00:00,3431.0
2017-05-17 14:00:00,3667.0
2017-05-17 15:00:00,3617.0
2017-05-17 16:00:00,3432.0
2017-05-17 17:00:00,3549.0
2017-05-17 18:00:00,3709.0
2017-05-17 19:00:00,3690.0
2017-05-17 20:00:00,3683.0
2017-05-17 21:00:00,3726.0
2017-05-17 22:00:00,3408.0
2017-05-17 23:00:00,3611.0
2017-05-18 00:00:00,3850.0
2017-05-18 01:00:00,3762.0
2017-05-18 02:00:00,3486.0
2017-05-18 03:00:00,3271.0
2017-05-18 04:00:00,3181.0
2017-05-18 05:00:00,3128.0
2017-05-18 06:00:00,2905.0
2017-05-18 07:00:00,2800.0
2017-05-18 08:00:00,2756.0
2017-05-18 09:00:00,2839.0
2017-05-18 10:00:00,2747.0
2017-05-18 11:00:00,2777.0
2017-05-18 12:00:00,2715.0
2017-05-18 13:00:00,2691.0
2017-05-18 14:00:00,2791.0
2017-05-18 15:00:00,2705.0
2017-05-18 16:00:00,2747.0
2017-05-18 17:00:00,2998.0
2017-05-18 18:00:00,2880.0
2017-05-18 19:00:00,2826.0
2017-05-18 20:00:00,2974.0
2017-05-18 21:00:00,2945.0
2017-05-18 22:00:00,2915.0
2017-05-18 23:00:00,3084.0
2017-05-19 00:00:00,3204.0
2017-05-19 01:00:00,3247.0
2017-05-19 02:00:00,3090.0
2017-05-19 03:00:00,3024.0
2017-05-19 04:00:00,3074.407926785277
2017-05-19 05:00:00,3065.482649051122
2017-05-19 06:00:00,3054.302314316361
2017-05-19 07:00:00,3041.0105650917803
2017-05-19 08:00:00,3025.751043888165
2017-05-19 09:00:00,3008.6673932163008
2017-05-19 10:00:00,2989.9032555869726
2017-05-19 11:00:00,2969.6022735109655
2017-05-19 12:00:00,2947.9080894990648
2017-05-19 13:00:00,2924.9643460620564
2017-05-19 14:00:00,2900.9146857107253
2017-05-19 15:00:00,2875.9027509558564
2017-05-19 16:00:00,2850.0721843082356
2017-05-19 17:00:00,2823.566628278648
2017-05-19 18:00:00,2796.529725377878
2017-05-19 19:00:00,2769.105118116712
2017-05-19 20:00:00,2741.4364490059356
2017-05-19 21:00:00,2713.6673605563333
2017-05-19 22:00:00,2685.9414952786906
2017-05-19 23:00:00,2658.4024956837925
2017-05-20 00:00:00,2631.1940042824244
2017-05-20 01:00:00,2604.4596635853723
2017-05-20 02:00:00,2578.3431161034214
2017-05-20 03:00:00,2552.9880043473554
2017-05-20 04:00:00,2528.537970827961
2017-05-20 05:00:00,2505.1366580560234
2017-05-20 06:00:00,2482.9277085423278
2017-05-20 07:00:00,2462.05476479766
2017-05-20 08:00:00,2442.661469332804
2017-05-20 09:00:00,2424.891464658546
2017-05-20 10:00:00,2408.8883932856706
2017-05-20 11:00:00,2394.7958977249646
2017-05-20 12:00:00,2382.757620487212
2017-05-20 13:00:00,2372.9172040831972
2017-05-20 14:00:00,2365.418291023707
2017-05-20 15:00:00,2360.4045238195276
2017-05-20 16:00:00,2358.0195449814446
2017-05-20 17:00:00,2358.406997020241
2017-05-20 18:00:00,2361.7105224467005
2017-05-20 19:00:00,2368.0737637716134
2017-05-20 20:00:00,2377.6403635057604
2017-05-20 21:00:00,2390.5539641599303
2017-05-20 22:00:00,2406.958208244904
2017-05-20 23:00:00,2426.996738271475
2017-05-21 00:00:00,2450.813196750419
2017-05-21 01:00:00,2478.551226192526
2017-05-21 02:00:00,2510.3544691085826
2017-05-21 03:00:00,2546.366568009371
2017-05-21 04:00:00,2586.7311654056807
2017-05-21 05:00:00,2631.5919038082943
2017-05-21 06:00:00,2744.0
2017-05-21 07:00:00,2635.0
2017-05-21 08:00:00,2717.0
2017-05-21 09:00:00,2780.0
2017-05-21 10:00:00,3043.0
2017-05-21 11:00:00,3210.0
2017-05-21 12:00:00,3308.0
2017-05-21 13:00:00,3288.0
2017-05-21 14:00:00,3421.0
2017-05-21 15:00:00,3433.0
2017-05-21 16:00:00,3235.0
2017-05-21 17:00:00,3300.0
2017-05-21 18:00:00,3405.0
2017-05-21 19:00:00,3502.0
2017-05-21 20:00:00,3541.0
2017-05-21 21:00:00,3372.0
2017-05-21 22:00:00,3074.0
2017-05-21 23:00:00,3158.0
2017-05-22 00:00:00,3383.0
2017-05-22 01:00:00,3576.0
2017-05-22 02:00:00,3329.0
2017-05-22 03:00:00,3207.0
2017-05-22 04:00:00,3024.0
2017-05-22 05:00:00,2887.0
2017-05-22 06:00:00,2766.0
2017-05-22 07:00:00,2867.0
2017-05-22 08:00:00,2855.0
2017-05-22 09:00:00,2830.0
2017-05-22 10:00:00,3044.0
2017-05-22 11:00:00,3414.0
2017-05-22 12:00:00,3228.0
2017-05-22 13:00:00,3261.0
2017-05-22 14:00:00,3251.0
2017-05-22 15:00:00,3253.0
2017-05-22 16:00:00,3199.0
2017-05-22 17:00:00,3361.0
2017-05-22 18:00:00,3205.0
2017-05-22 19:00:00,3162.0
2017-05-22 20:00:00,3343.0
2017-05-22 21:00:00,3133.0
2017-05-22 22:00:00,2927.0
2017-05-22 23:00:00,3082.0
2017-05-23 00:00:00,3141.0
2017-05-23 01:00:00,3256.0
2017-05-23 02:00:00,3130.0
2017-05-23 03:00:00,2943.0
2017-05-23 04:00:00,2786.0
2017-05-23 05:00:00,2750.0
2017-05-23 06:00:00,2596.0
2017-05-23 07:00:00,2551.0
2017-05-23 08:00:00,2628.0
2017-05-23 09:00:00,2710.0
2017-05-23 10:00:00,2996.0
2017-05-23 11:00:00,3126.0
2017-05-23 12:00:00,3284.0
2017-05-23 13:00:00,3287.0
2017-05-23 14:00:00,3458.0
2017-05-23 15:00:00,3464.0
2017-05-23 16:00:00,3333.0
2017-05-23 17:00:00,3355.0
2017-05-23 18:00:00,3413.0
2017-05-23 19:00:00,3359.0
2017-05-23 20:00:00,3316.0
2017-05-23 21:00:00,3067.0
2017-05-23 22:00:00,2969.0
2017-05-23 23:00:00,3097.0
2017-05-24 00:00:00,3379.0
2017-05-24 01:00:00,3595.0
2017-05-24 02:00:00,3336.0
2017-05-24 03:00:00,3076.0
2017-05-24 04:00:00,2891.0
2017-05-24 05:00:00,2867.0
2017-05-24 06:00:00,2697.0
2017-05-24 07:00:00,2716.0
2017-05-24 08:00:00,2827.0
2017-05-24 09:00:00,2859.0
2017-05-24 10:00:00,3133.0
2017-05-24 11:00:00,3331.0
2017-05-24 12:00:00,3366.0
2017-05-24 13:00:00,3315.0
2017-05-24 14:00:00,3515.0
2017-05-24 15:00:00,3444.0
2017-05-24 16:00:00,3369.0
2017-05-24 17:00:00,3419.0
2017-05-24 18:00:00,3532.0
2017-05-24 19:00:00,3476.0
2017-05-24 20:00:00,3479.0
2017-05-24 21:00:00,3385.0
2017-05-24 22:00:00,3160.0
2017-05-24 23:00:00,3321.0
2017-05-25 00:00:00,3486.0
2017-05-25 01:00:00,3722.0
2017-05-25 02:00:00,3542.0
2017-05-25 03:00:00,3271.0
2017-05-25 04:00:00,3127.0
2017-05-25 05:00:00,3038.0
2017-05-25 06:00:00,2842.0
2017-05-25 07:00:00,2768.0
2017-05-25 08:00:00,2805.0
2017-05-25 09:00:00,2945.0
2017-05-25 10:00:00,2879.0
2017-05-25 11:00:00,3037.0
2017-05-25 12:00:00,2888.0
2017-05-25 13:00:00,2870.0
2017-05-25 14:00:00,2882.0
2017-05-25 15:00:00,2868.0
2017-05-25 16:00:00,2855.0
2017-05-25 17:00:00,2847.0
2017-05-25 18:00:00,2860.0
2017-05-25 19:00:00,2892.0
2017-05-25 20:00:00,3051.0
2017-05-25 21:00:00,2945.0
2017-05-25 22:00:00,2928.0
2017-05-25 23:00:00,3038.0
2017-05-26 00:00:00,3178.0
2017-05-26 01:00:00,3224.0
2017-05-26 02:00:00,3209.0
2017-05-26 03:00:00,3054.0
2017-05-26 04:00:00,2961.0
2017-05-26 05:00:00,2824.0
2017-05-26 06:00:00,2672.0
2017-05-26 07:00:00,2692.0
2017-05-26 08:00:00,2678.0
2017-05-26 09:00:00,2672.0
2017-05-26 10:00:00,2661.0
2017-05-26 11:00:00,2691.0
2017-05-26 12:00:00,2575.0
2017-05-26 13:00:00,2580.0
2017-05-26 14:00:00,2618.0
2017-05-26 15:00:00,2631.0
2017-05-26 16:00:00,2472.0
2017-05-26 17:00:00,2372.0
2017-05-26 18:00:00,2433.0
2017-05-26 19:00:00,2656.0
2017-05-26 20:00:00,2702.0
2017-05-26 21:00:00,2751.0
2017-05-26 22:00:00,2643.0
2017-05-26 23:00:00,2668.0
2017-05-27 00:00:00,2654.0
2017-05-27 01:00:00,2677.0
2017-05-27 02:00:00,2678.0
2017-05-27 03:00:00,2716.0
2017-05-27 04:00:00,2570.0
2017-05-27 05:00:00,2561.0
2017-05-27 06:00:00,2585.0
2017-05-27 07:00:00,2640.0
2017-05-27 08:00:00,2830.0
2017-05-27 09:00:00,2972.0
2017-05-27 10:00:00,2973.0
2017-05-27 11:00:00,3347.0
2017-05-27 12:00:00,3356.0
2017-05-27 13:00:00,3262.0
2017-05-27 14:00:00,3424.0
2017-05-27 15:00:00,3417.0
2017-05-27 16:00:00,3321.0
2017-05-27 17:00:00,3292.0
2017-05-27 18:00:00,3351.0
2017-05-27 19:00:00,3280.0
2017-05-27 20:00:00,3290.0
2017-05-27 21:00:00,3119.0
2017-05-27 22:00:00,2963.0
2017-05-27 23:00:00,3201.0
2017-05-28 00:00:00,3316.0
2017-05-28 01:00:00,3469.0
2017-05-28 02:00:00,3318.0
2017-05-28 03:00:00,3142.0
2017-05-28 04:00:00,2970.0
2017-05-28 05:00:00,2807.0
2017-05-28 06:00:00,2702.0
2017-05-28 07:00:00,2725.0
2017-05-28 08:00:00,2753.0
2017-05-28 09:00:00,2926.0
2017-05-28 10:00:00,3099.0
2017-05-28 11:00:00,3399.0
2017-05-28 12:00:00,3408.0
2017-05-28 13:00:00,3417.0
2017-05-28 14:00:00,3482.0
2017-05-28 15:00:00,3507.0
2017-05-28 16:00:00,3462.0
2017-05-28 17:00:00,3455.0
2017-05-28 18:00:00,3325.0
2017-05-28 19:00:00,3373.0
2017-05-28 20:00:00,3397.0
2017-05-28 21:00:00,3254.0
2017-05-28 22:00:00,3036.0
2017-05-28 23:00:00,3130.0
2017-05-29 00:00:00,3273.0
2017-05-29 01:00:00,3537.0
2017-05-29 02:00:00,3339.0
2017-05-29 03:00:00,3153.0
2017-05-29 04:00:00,2922.0
2017-05-29 05:00:00,2832.0
2017-05-29 06:00:00,2684.0
2017-05-29 07:00:00,2672.0
2017-05-29 08:00:00,2742.0
2017-05-29 09:00:00,2870.0
2017-05-29 10:00:00,3115.0
2017-05-29 11:00:00,3377.0
2017-05-29 12:00:00,3262.0
2017-05-29 13:00:00,3407.0
2017-05-29 14:00:00,3541.0
2017-05-29 15:00:00,3536.0
2017-05-29 16:00:00,3329.0
2017-05-29 17:00:00,3370.0
2017-05-29 18:00:00,3391.0
2017-05-29 19:00:00,3347.0
2017-05-29 20:00:00,3494.0
2017-05-29 21:00:00,3392.0
2017-05-29 22:00:00,3099.0
2017-05-29 23:00:00,3173.0
2017-05-30 00:00:00,3281.0
2017-05-30 01:00:00,3346.0
2017-05-30 02:00:00,3291.0
2017-05-30 03:00:00,3070.0
2017-05-30 04:00:00,2929.0
2017-05-30 05:00:00,2963.685536935441
2017-05-30 06:00:00,2919.34186828463
2017-05-30 07:00:00,2877.317212653391
2017-05-30 08:00:00,2837.5678916976717
2017-05-30 09:00:00,2800.05022707342
2017-05-30 10:00:00,2764.720540436583
2017-05-30 11:00:00,2731.535153443109
2017-05-30 12:00:00,2700.4503877489446
2017-05-30 13:00:00,2671.4225650100384
2017-05-30 14:00:00,2644.4080068823373
2017-05-30 15:00:00,2619.363035021789
2017-05-30 16:00:00,2596.2439710843414
2017-05-30 17:00:00,2575.007136725941
2017-05-30 18:00:00,2555.608853602537
2017-05-30 19:00:00,2538.0054433700757
2017-05-30 20:00:00,2522.153227684505
2017-05-30 21:00:00,2508.0085282017726
2017-05-30 22:00:00,2495.527666577826
2017-05-30 23:00:00,2484.6669644686126
2017-05-31 00:00:00,2475.3827435300805
2017-05-31 01:00:00,2467.631325418177
2017-05-31 02:00:00,2461.369031788849
2017-05-31 03:00:00,2456.5521842980443
2017-05-31 04:00:00,2453.137104601712
2017-05-31 05:00:00,2451.0801143557987
2017-05-31 06:00:00,2450.337535216252
2017-05-31 07:00:00,2450.865688839019
2017-05-31 08:00:00,2452.6208968800474
2017-05-31 09:00:00,2455.559480995286
2017-05-31 10:00:00,2459.637762840681
2017-05-31 11:00:00,2464.8120640721795
2017-05-31 12:00:00,2471.03870634573
2017-05-31 13:00:00,2478.2740113172795
2017-05-31 14:00:00,2486.4743006427766
2017-05-31 15:00:00,2495.5958959781697
2017-05-31 16:00:00,2505.595118979403
2017-05-31 17:00:00,2516.428291302426
2017-05-31 18:00:00,2528.0517346031866
2017-05-31 19:00:00,2540.4217705376327
2017-05-31 20:00:00,2553.494720761711
2017-05-31 21:00:00,2567.226906931371
2017-05-31 22:00:00,2581.5746507025588
2017-05-31 23:00:00,2596.4942737312217
2017-06-01 00:00:00,2611.942097673305
2017-06-01 01:00:00,2627.87444418476
2017-06-01 02:00:00,2644.247634921535
2017-06-01 03:00:00,2661.0179915395734
2017-06-01 04:00:00,2678.1418356948225
2017-06-01 05:00:00,2695.575489043233
2017-06-01 06:00:00,2713.275273240754
2017-06-01 07:00:00,2709.0
2017-06-01 08:00:00,2745.0
2017-06-01 09:00:00,2826.0
2017-06-01 10:00:00,2832.0
2017-06-01 11:00:00,2868.0
2017-06-01 12:00:00,2757.0
2017-06-01 13:00:00,2738.0
2017-06-01 14:00:00,2933.0
2017-06-01 15:00:00,2731.0
2017-06-01 16:00:00,2830.0
2017-06-01 17:00:00,2953.0
2017-06-01 18:00:00,2891.0
2017-06-01 19:00:00,2695.0
2017-06-01 20:00:00,2864.0
2017-06-01 21:00:00,2832.0
2017-06-01 22:00:00,2766.0
2017-06-01 23:00:00,2927.0
2017-06-02 00:00:00,2969.0
2017-06-02 01:00:00,3068.0
2017-06-02 02:00:00,2959.0
2017-06-02 03:00:00,2790.0
2017-06-02 04:00:00,2640.0
2017-06-02 05:00:00,2601.0
2017-06-02 06:00:00,2555.0
2017-06-02 07:00:00,2489.0
2017-06-02 08:00:00,2442.0
2017-06-02 09:00:00,2466.0
2017-06-02 10:00:00,2406.0
2017-06-02 11:00:00,2457.0
2017-06-02 12:00:00,2397.0
2017-06-02 13:00:00,2437.0
2017-06-02 14:00:00,2546.0
2017-06-02 15:00:00,2566.0
2017-06-02 16:00:00,2500.0
2017-06-02 17:00:00,2599.0
2017-06-02 18:00:00,2530.0
2017-06-02 19:00:00,2525.0
2017-06-02 20:00:00,2644.0
2017-06-02 21:00:00,2574.0
2017-06-02 22:00:00,2557.0
2017-06-02 23:00:00,2557.0
2017-06-03 00:00:00,2579.0
2017-06-03 01:00:00,2504.0
2017-06-03 02:00:00,2492.0
2017-06-03 03:00:00,2443.0
2017-06-03 04:00:00,2497.0
2017-06-03 05:00:00,2506.0
2017-06-03 06:00:00,2452.0
2017-06-03 07:00:00,2461.0
2017-06-03 08:00:00,2562.0
2017-06-03 09:00:00,2708.0
2017-06-03 10:00:00,2965.0
2017-06-03 11:00:00,3290.0
2017-06-03 12:00:00,3362.0
2017-06-03 13:00:00,3413.0
2017-06-03 14:00:00,3464.0
2017-06-03 15:00:00,3545.0
2017-06-03 16:00:00,3465.0
2017-06-03 17:00:00,3423.0
2017-06-03 18:00:00,3461.0
2017-06-03 19:00:00,3473.0
2017-06-03 20:00:00,3419.0
2017-06-03 21:00:00,3389.0
2017-06-03 22:00:00,3048.0
2017-06-03 23:00:00,3174.0
2017-06-04 00:00:00,3360.0
2017-06-04 01:00:00,3453.0
2017-06-04 02:00:00,3289.0
2017-06-04 03:00:00,3125.0
2017-06-04 04:00:00,2982.0
2017-06-04 05:00:00,2925.0
2017-06-04 06:00:00,2730.0
2017-06-04 07:00:00,2732.0
2017-06-04 08:00:00,2693.0
2017-06-04 09:00:00,2781.0
2017-06-04 10:00:00,3208.0
2017-06-04 11:00:00,3491.0
2017-06-04 12:00:00,3452.0
2017-06-04 13:00:00,3407.0
2017-06-04 14:00:00,3700.0
2017-06-04 15:00:00,3467.0
2017-06-04 16:00:00,3409.0
2017-06-04 17:00:00,3461.0
2017-06-04 18:00:00,3503.0
2017-06-04 19:00:00,3521.0
2017-06-04 20:00:00,3375.0
2017-06-04 21:00:00,3354.0
2017-06-04 22:00:00,3067.0
2017-06-04 23:00:00,3173.0
2017-06-05 00:00:00,3446.0
2017-06-05 01:00:00,3596.0
2017-06-05 02:00:00,3441.0
2017-06-05 03:00:00,3231.0
2017-06-05 04:00:00,3054.0
2017-06-05 05:00:00,2894.0
2017-06-05 06:00:00,2720.0
2017-06-05 07:00:00,2690.0
2017-06-05 08:00:00,2717.0
2017-06-05 09:00:00,2905.0
2017-06-05 10:00:00,3149.0
2017-06-05 11:00:00,3454.0
2017-06-05 12:00:00,3275.0
2017-06-05 13:00:00,3254.0
2017-06-05 14:00:00,3391.0
2017-06-05 15:00:00,3326.0
2017-06-05 16:00:00,3290.0
2017-06-05 17:00:00,3413.0
2017-06-05 18:00:00,3346.0
2017-06-05 19:00:00,3354.0
2017-06-05 20:00:00,3291.0
2017-06-05 21:00:00,3103.0
2017-06-05 22:00:00,2896.0
2017-06-05 23:00:00,3196.0
2017-06-06 00:00:00,3229.0
2017-06-06 01:00:00,3293.0
2017-06-06 02:00:00,3286.0
2017-06-06 03:00:00,3092.0
2017-06-06 04:00:00,2928.0
2017-06-06 05:00:00,2849.0
2017-06-06 06:00:00,2776.0
2017-06-06 07:00:00,2724.0
2017-06-06 08:00:00,2912.0
2017-06-06 09:00:00,2824.0
2017-06-06 10:00:00,3107.0
2017-06-06 11:00:00,3447.0
2017-06-06 12:00:00,3544.0
2017-06-06 13:00:00,3527.0
2017-06-06 14:00:00,3542.0
2017-06-06 15:00:00,3502.0
2017-06-06 16:00:00,3208.0
2017-06-06 17:00:00,3573.0
2017-06-06 18:00:00,3540.0
2017-06-06 19:00:00,3521.0
2017-06-06 20:00:00,3585.0
2017-06-06 21:00:00,3557.0
2017-06-06 22:00:00,3104.0
2017-06-06 23:00:00,3283.0
2017-06-07 00:00:00,3491.0
2017-06-07 01:00:00,3576.0
2017-06-07 02:00:00,3534.0
2017-06-07 03:00:00,3356.0
2017-06-07 04:00:00,3023.0
2017-06-07 05:00:00,3014.0
2017-06-07 06:00:00,2939.0
2017-06-07 07:00:00,2904.0
2017-06-07 08:00:00,3033.0
2017-06-07 09:00:00,3055.0
2017-06-07 10:00:00,3258.0
2017-06-07 11:00:00,3590.0
2017-06-07 12:00:00,2904.0
2017-06-07 13:00:00,3682.0
2017-06-07 14:00:00,3640.0
2017-06-07 15:00:00,3605.0
2017-06-07 16:00:00,3384.0
2017-06-07 17:00:00,3532.0
2017-06-07 18:00:00,3657.0
2017-06-07 19:00:00,3595.0
2017-06-07 20:00:00,3652.0
2017-06-07 21:00:00,3542.0
2017-06-07 22:00:00,3179.0
2017-06-07 23:00:00,3442.0
2017-06-08 00:00:00,3515.0
2017-06-08 01:00:00,3588.0
2017-06-08 02:00:00,3514.0
2017-06-08 03:00:00,3258.0
2017-06-08 04:00:00,2980.0
2017-06-08 05:00:00,2929.0
2017-06-08 06:00:00,2825.0
2017-06-08 07:00:00,2603.0
2017-06-08 08:00:00,2703.0
2017-06-08 09:00:00,2751.0
2017-06-08 10:00:00,2629.0
2017-06-08 11:00:00,2665.0
2017-06-08 12:00:00,2627.0
2017-06-08 13:00:00,2661.0
2017-06-08 14:00:00,2724.0
2017-06-08 15:00:00,2650.0
2017-06-08 16:00:00,2653.0
2017-06-08 17:00:00,2767.0
2017-06-08 18:00:00,2776.0
2017-06-08 19:00:00,2800.0
2017-06-08 20:00:00,2809.0
2017-06-08 21:00:00,2828.0
2017-06-08 22:00:00,2762.0
2017-06-08 23:00:00,2967.0
2017-06-09 00:00:00,3071.0
2017-06-09 01:00:00,3146.0
2017-06-09 02:00:00,2990.0
2017-06-09 03:00:00,2849.0
2017-06-09 04:00:00,2734.0
2017-06-09 05:00:00,2699.0
2017-06-09 06:00:00,2561.0
2017-06-09 07:00:00,2541.0
2017-06-09 08:00:00,2587.0
2017-06-09 09:00:00,2589.0
2017-06-09 10:00:00,2408.0
2017-06-09 11:00:00,2499.0
2017-06-09 12:00:00,2394.0
2017-06-09 13:00:00,2377.0
2017-06-09 14:00:00,2603.0
2017-06-09 15:00:00,2565.0
2017-06-09 16:00:00,2439.0
2017-06-09 17:00:00,2506.0
2017-06-09 18:00:00,2484.0
2017-06-09 19:00:00,2551.0
2017-06-09 20:00:00,2701.0
2017-06-09 21:00:00,2647.0
2017-06-09 22:00:00,2572.0
2017-06-09 23:00:00,2576.0
2017-06-10 00:00:00,2577.0
2017-06-10 01:00:00,2599.0
2017-06-10 02:00:00,2590.0
2017-06-10 03:00:00,2499.0
2017-06-10 04:00:00,2419.0
2017-06-10 05:00:00,2488.0
2017-06-10 06:00:00,2475.0
2017-06-10 07:00:00,2442.0
2017-06-10 08:00:00,2614.0
2017-06-10 09:00:00,2811.0
2017-06-10 10:00:00,2918.0
2017-06-10 11:00:00,3279.0
2017-06-10 12:00:00,3322.0
2017-06-10 13:00:00,3359.0
2017-06-10 14:00:00,3409.0
2017-06-10 15:00:00,3489.0
2017-06-10 16:00:00,3309.0
2017-06-10 17:00:00,3558.0
2017-06-10 18:00:00,3473.0
2017-06-10 19:00:00,3414.0
2017-06-10 20:00:00,3337.0
2017-06-10 21:00:00,3234.0
2017-06-10 22:00:00,2993.0
2017-06-10 23:00:00,3130.0
2017-06-11 00:00:00,3289.0
2017-06-11 01:00:00,3350.0
2017-06-11 02:00:00,3268.0
2017-06-11 03:00:00,3045.0
2017-06-11 04:00:00,2856.0
2017-06-11 05:00:00,2757.0
2017-06-11 06:00:00,2670.0
2017-06-11 07:00:00,2675.0
2017-06-11 08:00:00,2746.0
2017-06-11 09:00:00,2867.0
2017-06-11 10:00:00,3108.0
2017-06-11 11:00:00,3416.0
2017-06-11 12:00:00,3366.0
2017-06-11 13:00:00,3391.0
2017-06-11 14:00:00,3495.0
2017-06-11 15:00:00,3374.0
2017-06-11 16:00:00,3401.0
2017-06-11 17:00:00,3327.0
2017-06-11 18:00:00,3274.0
2017-06-11 19:00:00,3345.0
2017-06-11 20:00:00,3303.0
2017-06-11 21:00:00,3157.0
2017-06-11 22:00:00,2890.0
2017-06-11 23:00:00,3096.0
2017-06-12 00:00:00,3190.0
2017-06-12 01:00:00,3366.0
2017-06-12 02:00:00,3270.0
2017-06-12 03:00:00,3006.0
2017-06-12 04:00:00,2797.0
2017-06-12 05:00:00,2693.0
2017-06-12 06:00:00,2613.0
2017-06-12 07:00:00,2656.0
2017-06-12 08:00:00,2736.0
2017-06-12 09:00:00,2794.0
2017-06-12 10:00:00,3090.0
2017-06-12 11:00:00,3459.0
2017-06-12 12:00:00,3440.0
2017-06-12 13:00:00,3380.0
2017-06-12 14:00:00,3527.0
2017-06-12 15:00:00,3529.0
2017-06-12 16:00:00,3512.0
2017-06-12 17:00:00,3404.0
2017-06-12 18:00:00,3338.0
2017-06-12 19:00:00,3174.0
2017-06-12 20:00:00,3200.0
2017-06-12 21:00:00,3076.0
2017-06-12 22:00:00,3051.0
2017-06-12 23:00:00,3003.0
2017-06-13 00:00:00,3086.0
2017-06-13 01:00:00,3221.0
2017-06-13 02:00:00,3185.0
2017-06-13 03:00:00,3027.0
2017-06-13 04:00:00,2994.0
2017-06-13 05:00:00,2779.0
2017-06-13 06:00:00,2647.0
2017-06-13 07:00:00,2631.0
2017-06-13 08:00:00,2792.0
2017-06-13 09:00:00,2970.0
2017-06-13 10:00:00,3071.0
2017-06-13 11:00:00,3320.0
2017-06-13 12:00:00,3160.0
2017-06-13 13:00:00,3368.0
2017-06-13 14:00:00,3443.0
2017-06-13 15:00:00,3468.0
2017-06-13 16:00:00,3514.0
2017-06-13 17:00:00,3458.0
2017-06-13 18:00:00,3507.0
2017-06-13 19:00:00,3620.0
2017-06-13 20:00:00,3557.0
2017-06-13 21:00:00,3455.0
2017-06-13 22:00:00,3274.0
2017-06-13 23:00:00,3370.0
2017-06-14 00:00:00,3601.0
2017-06-14 01:00:00,3711.0
2017-06-14 02:00:00,3613.0
2017-06-14 03:00:00,3373.0
2017-06-14 04:00:00,3326.0
2017-06-14 05:00:00,3112.0
2017-06-14 06:00:00,2948.0
2017-06-14 07:00:00,2882.0
2017-06-14 08:00:00,3074.0
2017-06-14 09:00:00,3250.0
2017-06-14 10:00:00,3390.0
2017-06-14 11:00:00,3719.0
2017-06-14 12:00:00,3705.0
2017-06-14 13:00:00,3736.0
2017-06-14 14:00:00,3963.0
2017-06-14 15:00:00,3998.0
2017-06-14 16:00:00,3882.0
2017-06-14 17:00:00,3797.0
2017-06-14 18:00:00,3887.0
2017-06-14 19:00:00,3932.0
2017-06-14 20:00:00,3768.0
2017-06-14 21:00:00,3586.0
2017-06-14 22:00:00,3476.0
2017-06-14 23:00:00,3570.0
2017-06-15 00:00:00,3925.0
2017-06-15 01:00:00,3860.0
2017-06-15 02:00:00,3533.0
2017-06-15 03:00:00,3474.0
2017-06-15 04:00:00,3247.0
2017-06-15 05:00:00,3275.0
2017-06-15 06:00:00,3169.0
2017-06-15 07:00:00,3003.0
2017-06-15 08:00:00,2978.0
2017-06-15 09:00:00,3083.0
2017-06-15 10:00:00,3102.0
2017-06-15 11:00:00,3184.0
2017-06-15 12:00:00,3095.0
2017-06-15 13:00:00,3150.0
2017-06-15 14:00:00,3141.0
2017-06-15 15:00:00,3119.0
2017-06-15 16:00:00,3167.0
2017-06-15 17:00:00,3039.0
2017-06-15 18:00:00,3029.0
2017-06-15 19:00:00,3220.0
2017-06-15 20:00:00,3252.0
2017-06-15 21:00:00,3212.0
2017-06-15 22:00:00,3178.0
2017-06-15 23:00:00,3264.0
2017-06-16 00:00:00,3470.0
2017-06-16 01:00:00,3446.0
2017-06-16 02:00:00,3288.0
2017-06-16 03:00:00,3155.0
2017-06-16 04:00:00,3103.0
2017-06-16 05:00:00,3040.0
2017-06-16 06:00:00,2905.0
2017-06-16 07:00:00,2865.0
2017-06-16 08:00:00,2726.0
2017-06-16 09:00:00,2814.0
2017-06-16 10:00:00,2849.0
2017-06-16 11:00:00,2781.0
2017-06-16 12:00:00,2817.0
2017-06-16 13:00:00,2846.0
2017-06-16 14:00:00,2846.0
2017-06-16 15:00:00,2899.0
2017-06-16 16:00:00,2872.0
2017-06-16 17:00:00,2839.0
2017-06-16 18:00:00,2941.0
2017-06-16 19:00:00,2921.0
2017-06-16 20:00:00,2804.0
2017-06-16 21:00:00,2838.0
2017-06-16 22:00:00,2827.0
2017-06-16 23:00:00,2788.0
2017-06-17 00:00:00,2856.0
2017-06-17 01:00:00,2827.0
2017-06-17 02:00:00,2766.0
2017-06-17 03:00:00,2714.0
2017-06-17 04:00:00,2664.0
2017-06-17 05:00:00,2755.0
2017-06-17 06:00:00,2825.0
2017-06-17 07:00:00,2788.0
2017-06-17 08:00:00,2793.0
2017-06-17 09:00:00,2946.0
2017-06-17 10:00:00,3084.0
2017-06-17 11:00:00,3484.0
2017-06-17 12:00:00,3482.0
2017-06-17 13:00:00,3349.0
2017-06-17 14:00:00,3468.0
2017-06-17 15:00:00,3541.0
2017-06-17 16:00:00,3520.0
2017-06-17 17:00:00,3395.0
2017-06-17 18:00:00,3584.0
2017-06-17 19:00:00,3600.0
2017-06-17 20:00:00,3608.0
2017-06-17 21:00:00,3574.0
2017-06-17 22:00:00,3406.0
2017-06-17 23:00:00,3562.0
2017-06-18 00:00:00,3765.0
2017-06-18 01:00:00,3861.0
2017-06-18 02:00:00,3706.0
2017-06-18 03:00:00,3502.0
2017-06-18 04:00:00,3269.0
2017-06-18 05:00:00,3187.0
2017-06-18 06:00:00,3051.0
2017-06-18 07:00:00,3016.0
2017-06-18 08:00:00,2971.0
2017-06-18 09:00:00,3086.0
2017-06-18 10:00:00,3262.0
2017-06-18 11:00:00,3608.0
2017-06-18 12:00:00,3689.0
2017-06-18 13:00:00,3400.0
2017-06-18 14:00:00,3501.0
2017-06-18 15:00:00,3498.0
2017-06-18 16:00:00,3529.0
2017-06-18 17:00:00,3625.0
2017-06-18 18:00:00,3573.0
2017-06-18 19:00:00,3692.0
2017-06-18 20:00:00,3737.0
2017-06-18 21:00:00,3653.0
2017-06-18 22:00:00,3342.0
2017-06-18 23:00:00,3523.0
2017-06-19 00:00:00,3661.0
2017-06-19 01:00:00,3717.0
2017-06-19 02:00:00,3750.0
2017-06-19 03:00:00,3489.0
2017-06-19 04:00:00,3340.0
2017-06-19 05:00:00,3193.0
2017-06-19 06:00:00,3042.0
2017-06-19 07:00:00,3056.0
2017-06-19 08:00:00,3067.0
2017-06-19 09:00:00,3186.0
2017-06-19 10:00:00,3332.0
2017-06-19 11:00:00,3644.0
2017-06-19 12:00:00,3518.0
2017-06-19 13:00:00,3625.0
2017-06-19 14:00:00,3503.0
2017-06-19 15:00:00,3501.0
2017-06-19 16:00:00,3536.0
2017-06-19 17:00:00,3474.0
2017-06-19 18:00:00,3543.0
2017-06-19 19:00:00,3652.0
2017-06-19 20:00:00,3569.0
2017-06-19 21:00:00,3512.0
2017-06-19 22:00:00,3347.0
2017-06-19 23:00:00,3633.0
2017-06-20 00:00:00,3676.0
2017-06-20 01:00:00,3786.0
2017-06-20 02:00:00,3605.0
2017-06-20 03:00:00,3492.0
2017-06-20 04:00:00,3425.0
2017-06-20 05:00:00,3182.0
2017-06-20 06:00:00,3001.0
2017-06-20 07:00:00,2895.0
2017-06-20 08:00:00,2854.0
2017-06-20 09:00:00,3032.0
2017-06-20 10:00:00,3194.0
2017-06-20 11:00:00,3452.0
2017-06-20 12:00:00,3355.0
2017-06-20 13:00:00,3471.0
2017-06-20 14:00:00,3892.0
2017-06-20 15:00:00,3617.0
2017-06-20 16:00:00,3624.0
2017-06-20 17:00:00,3548.0
2017-06-20 18:00:00,3538.0
2017-06-20 19:00:00,3597.0
2017-06-20 20:00:00,3509.0
2017-06-20 21:00:00,3482.0
2017-06-20 22:00:00,3353.0
2017-06-20 23:00:00,3481.0
2017-06-21 00:00:00,3604.0
2017-06-21 01:00:00,3794.0
2017-06-21 02:00:00,3662.0
2017-06-21 03:00:00,3438.0
2017-06-21 04:00:00,3268.0
2017-06-21 05:00:00,3233.0
2017-06-21 06:00:00,3043.0
2017-06-21 07:00:00,2933.0
2017-06-21 08:00:00,2864.0
2017-06-21 09:00:00,3064.0
2017-06-21 10:00:00,3134.0
2017-06-21 11:00:00,3587.0
2017-06-21 12:00:00,3473.0
2017-06-21 13:00:00,3618.0
2017-06-21 14:00:00,3489.0
2017-06-21 15:00:00,3676.0
2017-06-21 16:00:00,3662.0
2017-06-21 17:00:00,3362.0
2017-06-21 18:00:00,3434.0
2017-06-21 19:00:00,3337.0
2017-06-21 20:00:00,3553.0
2017-06-21 21:00:00,3447.0
2017-06-21 22:00:00,3274.0
2017-06-21 23:00:00,3427.0
2017-06-22 00:00:00,3689.0
2017-06-22 01:00:00,3779.0
2017-06-22 02:00:00,3585.0
2017-06-22 03:00:00,3522.0
2017-06-22 04:00:00,3288.0
2017-06-22 05:00:00,3172.0
2017-06-22 06:00:00,2993.0
2017-06-22 07:00:00,2934.0
2017-06-22 08:00:00,2864.0
2017-06-22 09:00:00,2981.0
2017-06-22 10:00:00,3006.0
2017-06-22 11:00:00,2987.0
2017-06-22 12:00:00,2957.0
2017-06-22 13:00:00,2970.0
2017-06-22 14:00:00,2958.0
2017-06-22 15:00:00,3024.0
2017-06-22 16:00:00,2940.0
2017-06-22 17:00:00,2966.0
2017-06-22 18:00:00,3029.0
2017-06-22 19:00:00,2960.0
2017-06-22 20:00:00,2996.0
2017-06-22 21:00:00,3059.0
2017-06-22 22:00:00,3141.0
2017-06-22 23:00:00,3270.0
2017-06-23 00:00:00,3393.0
2017-06-23 01:00:00,3522.0
2017-06-23 02:00:00,3276.0
2017-06-23 03:00:00,3238.0
2017-06-23 04:00:00,3125.0
2017-06-23 05:00:00,2886.0
2017-06-23 06:00:00,2927.0
2017-06-23 07:00:00,2769.0
2017-06-23 08:00:00,2677.0
2017-06-23 09:00:00,2706.0
2017-06-23 10:00:00,2669.0
2017-06-23 11:00:00,2693.0
2017-06-23 12:00:00,2675.0
2017-06-23 13:00:00,2706.0
2017-06-23 14:00:00,2728.0
2017-06-23 15:00:00,2783.0
2017-06-23 16:00:00,2767.0
2017-06-23 17:00:00,2739.0
2017-06-23 18:00:00,2761.0
2017-06-23 19:00:00,2804.0
2017-06-23 20:00:00,2735.0
2017-06-23 21:00:00,2843.0
2017-06-23 22:00:00,2714.0
2017-06-23 23:00:00,2713.0
2017-06-24 00:00:00,2787.0
2017-06-24 01:00:00,2791.0
2017-06-24 02:00:00,2716.0
2017-06-24 03:00:00,2744.0
2017-06-24 04:00:00,2693.0
2017-06-24 05:00:00,2724.0
2017-06-24 06:00:00,2726.0
2017-06-24 07:00:00,2785.0
2017-06-24 08:00:00,2862.0
2017-06-24 09:00:00,3099.0
2017-06-24 10:00:00,3025.0
2017-06-24 11:00:00,3286.0
2017-06-24 12:00:00,3223.0
2017-06-24 13:00:00,3206.0
2017-06-24 14:00:00,3145.0
2017-06-24 15:00:00,3311.0
2017-06-24 16:00:00,3291.0
2017-06-24 17:00:00,3192.0
2017-06-24 18:00:00,3110.0
2017-06-24 19:00:00,2975.0
2017-06-24 20:00:00,2982.0
2017-06-24 21:00:00,2906.0
2017-06-24 22:00:00,2784.0
2017-06-24 23:00:00,3067.0
2017-06-25 00:00:00,3241.0
2017-06-25 01:00:00,3435.0
2017-06-25 02:00:00,3196.0
2017-06-25 03:00:00,2956.0
2017-06-25 04:00:00,2841.0
2017-06-25 05:00:00,2787.0
2017-06-25 06:00:00,2713.0
2017-06-25 07:00:00,2711.0
2017-06-25 08:00:00,2726.0
2017-06-25 09:00:00,2805.0
2017-06-25 10:00:00,2637.0
2017-06-25 11:00:00,2622.0
2017-06-25 12:00:00,2615.0
2017-06-25 13:00:00,2622.0
2017-06-25 14:00:00,2589.0
2017-06-25 15:00:00,2684.0
2017-06-25 16:00:00,2638.0
2017-06-25 17:00:00,2667.0
2017-06-25 18:00:00,2753.0
2017-06-25 19:00:00,2781.0
2017-06-25 20:00:00,2798.0
2017-06-25 21:00:00,2921.0
2017-06-25 22:00:00,2848.0
2017-06-25 23:00:00,3005.0
2017-06-26 00:00:00,3000.0
2017-06-26 01:00:00,3021.0
2017-06-26 02:00:00,2871.0
2017-06-26 03:00:00,2864.0
2017-06-26 04:00:00,2780.0
2017-06-26 05:00:00,2806.0
2017-06-26 06:00:00,2652.0
2017-06-26 07:00:00,2693.0
2017-06-26 08:00:00,2737.0
2017-06-26 09:00:00,2868.0
2017-06-26 10:00:00,3180.0
2017-06-26 11:00:00,3401.0
2017-06-26 12:00:00,3466.0
2017-06-26 13:00:00,3445.0
2017-06-26 14:00:00,3615.0
2017-06-26 15:00:00,3513.0
2017-06-26 16:00:00,3373.0
2017-06-26 17:00:00,3401.0
2017-06-26 18:00:00,3501.0
2017-06-26 19:00:00,3378.0
2017-06-26 20:00:00,3337.0
2017-06-26 21:00:00,3251.0
2017-06-26 22:00:00,3094.0
2017-06-26 23:00:00,3257.0
2017-06-27 00:00:00,3449.0
2017-06-27 01:00:00,3569.0
2017-06-27 02:00:00,3484.0
2017-06-27 03:00:00,3286.0
2017-06-27 04:00:00,3018.0
2017-06-27 05:00:00,2902.0
2017-06-27 06:00:00,2805.0
2017-06-27 07:00:00,2757.0
2017-06-27 08:00:00,2721.0
2017-06-27 09:00:00,2910.0
2017-06-27 10:00:00,3029.0
2017-06-27 11:00:00,3274.0
2017-06-27 12:00:00,3300.0
2017-06-27 13:00:00,3236.0
2017-06-27 14:00:00,3331.0
2017-06-27 15:00:00,3328.0
2017-06-27 16:00:00,3177.0
2017-06-27 17:00:00,3262.0
2017-06-27 18:00:00,3389.0
2017-06-27 19:00:00,3300.0
2017-06-27 20:00:00,3369.0
2017-06-27 21:00:00,3336.0
2017-06-27 22:00:00,3246.0
2017-06-27 23:00:00,3307.0
2017-06-28 00:00:00,3575.0
2017-06-28 01:00:00,3652.0
2017-06-28 02:00:00,3440.0
2017-06-28 03:00:00,3265.0
2017-06-28 04:00:00,2993.0
2017-06-28 05:00:00,2919.0
2017-06-28 06:00:00,2740.0
2017-06-28 07:00:00,2657.0
2017-06-28 08:00:00,2733.0
2017-06-28 09:00:00,2901.0
2017-06-28 10:00:00,2966.0
2017-06-28 11:00:00,3307.0
2017-06-28 12:00:00,3310.0
2017-06-28 13:00:00,3263.0
2017-06-28 14:00:00,3541.0
2017-06-28 15:00:00,3410.0
2017-06-28 16:00:00,3497.0
2017-06-28 17:00:00,3341.0
2017-06-28 18:00:00,3505.0
2017-06-28 19:00:00,3354.0
2017-06-28 20:00:00,3409.0
2017-06-28 21:00:00,3232.0
2017-06-28 22:00:00,3068.0
2017-06-28 23:00:00,3304.0
2017-06-29 00:00:00,3486.0
2017-06-29 01:00:00,3597.0
2017-06-29 02:00:00,3445.0
2017-06-29 03:00:00,3225.0
2017-06-29 04:00:00,3024.0
2017-06-29 05:00:00,2927.0
2017-06-29 06:00:00,2842.0
2017-06-29 07:00:00,2772.0
2017-06-29 08:00:00,2700.0
2017-06-29 09:00:00,2779.0
2017-06-29 10:00:00,2762.0
2017-06-29 11:00:00,2782.0
2017-06-29 12:00:00,2793.0
2017-06-29 13:00:00,2844.0
2017-06-29 14:00:00,2940.0
2017-06-29 15:00:00,2968.0
2017-06-29 16:00:00,3071.0
2017-06-29 17:00:00,3041.0
2017-06-29 18:00:00,3023.0
2017-06-29 19:00:00,2990.0
2017-06-29 20:00:00,2938.0
2017-06-29 21:00:00,2833.0
2017-06-29 22:00:00,2789.0
2017-06-29 23:00:00,3113.0
2017-06-30 00:00:00,3270.0
2017-06-30 01:00:00,3345.0
2017-06-30 02:00:00,3096.0
2017-06-30 03:00:00,2979.0
2017-06-30 04:00:00,2839.0
2017-06-30 05:00:00,2714.0
2017-06-30 06:00:00,2651.0
2017-06-30 07:00:00,2579.0
2017-06-30 08:00:00,2544.0
2017-06-30 09:00:00,2542.0
2017-06-30 10:00:00,2572.0
2017-06-30 11:00:00,2551.0
2017-06-30 12:00:00,2500.0
2017-06-30 13:00:00,2498.0
2017-06-30 14:00:00,2576.0
2017-06-30 15:00:00,2574.0
2017-06-30 16:00:00,2568.0
2017-06-30 17:00:00,2621.0
2017-06-30 18:00:00,2650.0
2017-06-30 19:00:00,2655.0
2017-06-30 20:00:00,2649.0
2017-06-30 21:00:00,2641.0
2017-06-30 22:00:00,2563.0
2017-06-30 23:00:00,2564.0
2017-07-01 00:00:00,2573.025859598785
2017-07-01 01:00:00,2568.4679103610215
2017-07-01 02:00:00,2564.657267974354
2017-07-01 03:00:00,2561.573445767377
2017-07-01 04:00:00,2559.1959570686854
2017-07-01 05:00:00,2557.5043152068733
2017-07-01 06:00:00,2556.478033510535
2017-07-01 07:00:00,2556.0966253082656
2017-07-01 08:00:00,2556.339603928659
2017-07-01 09:00:00,2557.18648270031
2017-07-01 10:00:00,2558.616774951813
2017-07-01 11:00:00,2560.6099940117624
2017-07-01 12:00:00,2563.1456532087527
2017-07-01 13:00:00,2566.2032658713783
2017-07-01 14:00:00,2569.762345328234
2017-07-01 15:00:00,2573.8024049079145
2017-07-01 16:00:00,2578.3029579390136
2017-07-01 17:00:00,2583.243517750126
2017-07-01 18:00:00,2588.6035976698467
2017-07-01 19:00:00,2594.36271102677
2017-07-01 20:00:00,2600.50037114949
2017-07-01 21:00:00,2606.9960913666014
2017-07-01 22:00:00,2613.8293850066984
2017-07-01 23:00:00,2620.9797653983765
2017-07-02 00:00:00,2628.4267458702293
2017-07-02 01:00:00,2636.1498397508517
2017-07-02 02:00:00,2644.128560368838
2017-07-02 03:00:00,2652.3424210527824
2017-07-02 04:00:00,2660.77093513128
2017-07-02 05:00:00,2669.393615932925
2017-07-02 06:00:00,2678.189976786312
2017-07-02 07:00:00,2687.139531020035
2017-07-02 08:00:00,2696.221791962689
2017-07-02 09:00:00,2705.416272942869
2017-07-02 10:00:00,2714.702487289169
2017-07-02 11:00:00,2724.0599483301826
2017-07-02 12:00:00,2733.468169394505
2017-07-02 13:00:00,2742.906663810731
2017-07-02 14:00:00,2752.3549449074553
2017-07-02 15:00:00,2761.7925260132715
2017-07-02 16:00:00,2771.1989204567753
2017-07-02 17:00:00,2780.55364156656
2017-07-02 18:00:00,2789.836202671221
2017-07-02 19:00:00,2799.0261170993513
2017-07-02 20:00:00,2808.102898179547
2017-07-02 21:00:00,2817.0460592404024
2017-07-02 22:00:00,2825.835113610511
2017-07-02 23:00:00,2834.4495746184675
2017-07-03 00:00:00,2842.868955592867
2017-07-03 01:00:00,2851.0727698623045
2017-07-03 02:00:00,2884.0
2017-07-03 03:00:00,2904.0
2017-07-03 04:00:00,2840.0
2017-07-03 05:00:00,2815.0
2017-07-03 06:00:00,2654.0
2017-07-03 07:00:00,2738.0
2017-07-03 08:00:00,2872.0
2017-07-03 09:00:00,2894.0
2017-07-03 10:00:00,3050.0
2017-07-03 11:00:00,3470.0
2017-07-03 12:00:00,3418.0
2017-07-03 13:00:00,3470.0
2017-07-03 14:00:00,3559.0
2017-07-03 15:00:00,3512.0
2017-07-03 16:00:00,3520.0
2017-07-03 17:00:00,3560.0
2017-07-03 18:00:00,3353.0
2017-07-03 19:00:00,3329.0
2017-07-03 20:00:00,3184.0
2017-07-03 21:00:00,3180.0
2017-07-03 22:00:00,3052.0
2017-07-03 23:00:00,3252.0
2017-07-04 00:00:00,3443.0
2017-07-04 01:00:00,3474.0
2017-07-04 02:00:00,3306.0
2017-07-04 03:00:00,3175.0
2017-07-04 04:00:00,3040.0
2017-07-04 05:00:00,2920.0
2017-07-04 06:00:00,2862.0
2017-07-04 07:00:00,2816.0
2017-07-04 08:00:00,2783.0
2017-07-04 09:00:00,2924.0
2017-07-04 10:00:00,3100.0
2017-07-04 11:00:00,3311.0
2017-07-04 12:00:00,3368.0
2017-07-04 13:00:00,3409.0
2017-07-04 14:00:00,3465.0
2017-07-04 15:00:00,3554.0
2017-07-04 16:00:00,3449.0
2017-07-04 17:00:00,3455.0
2017-07-04 18:00:00,3438.0
2017-07-04 19:00:00,3294.0
2017-07-04 20:00:00,3324.0
2017-07-04 21:00:00,3139.0
2017-07-04 22:00:00,3125.0
2017-07-04 23:00:00,3179.0
2017-07-05 00:00:00,3130.0
2017-07-05 01:00:00,3105.0
2017-07-05 02:00:00,2982.0
2017-07-05 03:00:00,2836.0
2017-07-05 04:00:00,2800.0
2017-07-05 05:00:00,2812.0
2017-07-05 06:00:00,2688.0
2017-07-05 07:00:00,2658.0
2017-07-05 08:00:00,2669.0
2017-07-05 09:00:00,2849.0
2017-07-05 10:00:00,3053.0
2017-07-05 11:00:00,3415.0
2017-07-05 12:00:00,3430.0
2017-07-05 13:00:00,3509.0
2017-07-05 14:00:00,3585.0
2017-07-05 15:00:00,3589.0
2017-07-05 16:00:00,3651.0
2017-07-05 17:00:00,3671.0
2017-07-05 18:00:00,3574.0
2017-07-05 19:00:00,3524.0
2017-07-05 20:00:00,3287.0
2017-07-05 21:00:00,3452.0
2017-07-05 22:00:00,3172.0
2017-07-05 23:00:00,3283.0
2017-07-06 00:00:00,3524.0
2017-07-06 01:00:00,3554.0
2017-07-06 02:00:00,3463.0
2017-07-06 03:00:00,3271.0
2017-07-06 04:00:00,3103.0
2017-07-06 05:00:00,2991.0
2017-07-06 06:00:00,2834.0
2017-07-06 07:00:00,2805.0
2017-07-06 08:00:00,2747.0
2017-07-06 09:00:00,2751.0
2017-07-06 10:00:00,2796.0
2017-07-06 11:00:00,2841.0
2017-07-06 12:00:00,2937.0
2017-07-06 13:00:00,2865.0
2017-07-06 14:00:00,2984.0
2017-07-06 15:00:00,2847.0
2017-07-06 16:00:00,2943.0
2017-07-06 17:00:00,2969.0
2017-07-06 18:00:00,2926.0
2017-07-06 19:00:00,2882.0
2017-07-06 20:00:00,2797.0
2017-07-06 21:00:00,2865.0
2017-07-06 22:00:00,2867.0
2017-07-06 23:00:00,3107.0
2017-07-07 00:00:00,3323.0
2017-07-07 01:00:00,3197.0
2017-07-07 02:00:00,3157.0
2017-07-07 03:00:00,3034.0
2017-07-07 04:00:00,2824.0
2017-07-07 05:00:00,2692.0
2017-07-07 06:00:00,2647.0
2017-07-07 07:00:00,2539.0
2017-07-07 08:00:00,2460.0
2017-07-07 09:00:00,2485.0
2017-07-07 10:00:00,2563.0
2017-07-07 11:00:00,2591.0
2017-07-07 12:00:00,2522.0
2017-07-07 13:00:00,2570.0
2017-07-07 14:00:00,2591.0
2017-07-07 15:00:00,2639.0
2017-07-07 16:00:00,2586.0
2017-07-07 17:00:00,2565.0
2017-07-07 18:00:00,2626.0
2017-07-07 19:00:00,2647.0
2017-07-07 20:00:00,2694.0
2017-07-07 21:00:00,2649.0
2017-07-07 22:00:00,2611.0
2017-07-07 23:00:00,2609.0
2017-07-08 00:00:00,2666.0
2017-07-08 01:00:00,2673.0
2017-07-08 02:00:00,2605.0
2017-07-08 03:00:00,2572.0
2017-07-08 04:00:00,2498.0
2017-07-08 05:00:00,2586.0
2017-07-08 06:00:00,2559.0
2017-07-08 07:00:00,2639.0
2017-07-08 08:00:00,2626.0
2017-07-08 09:00:00,2751.0
2017-07-08 10:00:00,2963.0
2017-07-08 11:00:00,3449.0
2017-07-08 12:00:00,3469.0
2017-07-08 13:00:00,3481.0
2017-07-08 14:00:00,3524.0
2017-07-08 15:00:00,3365.0
2017-07-08 16:00:00,3451.0
2017-07-08 17:00:00,3709.0
2017-07-08 18:00:00,3477.0
2017-07-08 19:00:00,3445.0
2017-07-08 20:00:00,3275.0
2017-07-08 21:00:00,3306.0
2017-07-08 22:00:00,3138.0
2017-07-08 23:00:00,3237.0
2017-07-09 00:00:00,3401.0
2017-07-09 01:00:00,3507.0
2017-07-09 02:00:00,3404.0
2017-07-09 03:00:00,3220.0
2017-07-09 04:00:00,3034.0
2017-07-09 05:00:00,2952.0
2017-07-09 06:00:00,2899.0
2017-07-09 07:00:00,2840.0
2017-07-09 08:00:00,2830.0
2017-07-09 09:00:00,2786.0
2017-07-09 10:00:00,3000.0
2017-07-09 11:00:00,3432.0
2017-07-09 12:00:00,3356.0
2017-07-09 13:00:00,3413.0
2017-07-09 14:00:00,3445.0
2017-07-09 15:00:00,3475.0
2017-07-09 16:00:00,3393.0
2017-07-09 17:00:00,3306.0
2017-07-09 18:00:00,3427.0
2017-07-09 19:00:00,3455.0
2017-07-09 20:00:00,3188.0
2017-07-09 21:00:00,3226.0
2017-07-09 22:00:00,3135.0
2017-07-09 23:00:00,3303.0
2017-07-10 00:00:00,3418.0
2017-07-10 01:00:00,3564.0
2017-07-10 02:00:00,3384.0
2017-07-10 03:00:00,3231.0
2017-07-10 04:00:00,2980.0
2017-07-10 05:00:00,2868.0
2017-07-10 06:00:00,2769.0
2017-07-10 07:00:00,2771.0
2017-07-10 08:00:00,2832.0
2017-07-10 09:00:00,2935.0
2017-07-10 10:00:00,3136.0
2017-07-10 11:00:00,3553.0
2017-07-10 12:00:00,3458.0
2017-07-10 13:00:00,3578.0
2017-07-10 14:00:00,3558.0
2017-07-10 15:00:00,3503.0
2017-07-10 16:00:00,3408.0
2017-07-10 17:00:00,3231.0
2017-07-10 18:00:00,3531.0
2017-07-10 19:00:00,3496.0
2017-07-10 20:00:00,3288.0
2017-07-10 21:00:00,3215.0
2017-07-10 22:00:00,3093.0
2017-07-10 23:00:00,3311.0
2017-07-11 00:00:00,3402.0
2017-07-11 01:00:00,3463.0
2017-07-11 02:00:00,3340.0
2017-07-11 03:00:00,3288.0
2017-07-11 04:00:00,3080.0
2017-07-11 05:00:00,3046.0
2017-07-11 06:00:00,3018.0
2017-07-11 07:00:00,2925.0
2017-07-11 08:00:00,2957.0
2017-07-11 09:00:00,3113.0
2017-07-11 10:00:00,3232.0
2017-07-11 11:00:00,3631.0
2017-07-11 12:00:00,3642.0
2017-07-11 13:00:00,3709.0
2017-07-11 14:00:00,3827.0
2017-07-11 15:00:00,3698.0
2017-07-11 16:00:00,3614.0
2017-07-11 17:00:00,3714.0
2017-07-11 18:00:00,3601.0
2017-07-11 19:00:00,3579.0
2017-07-11 20:00:00,3447.0
2017-07-11 21:00:00,3397.0
2017-07-11 22:00:00,3252.0
2017-07-11 23:00:00,3403.0
2017-07-12 00:00:00,3558.0
2017-07-12 01:00:00,3702.0
2017-07-12 02:00:00,3540.0
2017-07-12 03:00:00,3369.0
2017-07-12 04:00:00,3178.0
2017-07-12 05:00:00,2981.0
2017-07-12 06:00:00,2938.0
2017-07-12 07:00:00,2855.0
2017-07-12 08:00:00,2855.0
2017-07-12 09:00:00,3012.0
2017-07-12 10:00:00,3187.0
2017-07-12 11:00:00,3527.0
2017-07-12 12:00:00,3456.0
2017-07-12 13:00:00,3489.0
2017-07-12 14:00:00,3507.0
2017-07-12 15:00:00,3564.0
2017-07-12 16:00:00,3515.0
2017-07-12 17:00:00,3610.0
2017-07-12 18:00:00,3654.0
2017-07-12 19:00:00,3556.0
2017-07-12 20:00:00,3350.0
2017-07-12 21:00:00,3231.0
2017-07-12 22:00:00,3295.0
2017-07-12 23:00:00,3424.0
2017-07-13 00:00:00,3626.0
2017-07-13 01:00:00,3621.0
2017-07-13 02:00:00,3461.0
2017-07-13 03:00:00,3196.0
2017-07-13 04:00:00,3034.0
2017-07-13 05:00:00,2993.0
2017-07-13 06:00:00,2875.0
2017-07-13 07:00:00,2920.0
2017-07-13 08:00:00,2879.0
2017-07-13 09:00:00,2960.0
2017-07-13 10:00:00,3010.0
2017-07-13 11:00:00,2963.0
2017-07-13 12:00:00,2877.0
2017-07-13 13:00:00,3038.0
2017-07-13 14:00:00,2936.0
2017-07-13 15:00:00,2902.0
2017-07-13 16:00:00,2913.0
2017-07-13 17:00:00,3080.0
2017-07-13 18:00:00,3114.0
2017-07-13 19:00:00,2983.0
2017-07-13 20:00:00,2945.0
2017-07-13 21:00:00,3000.0
2017-07-13 22:00:00,2876.0
2017-07-13 23:00:00,3067.0
2017-07-14 00:00:00,3189.0
2017-07-14 01:00:00,3278.0
2017-07-14 02:00:00,3085.0
2017-07-14 03:00:00,3016.0
2017-07-14 04:00:00,2909.0
2017-07-14 05:00:00,2839.0
2017-07-14 06:00:00,2760.0
2017-07-14 07:00:00,2740.0
2017-07-14 08:00:00,2693.0
2017-07-14 09:00:00,2723.0
2017-07-14 10:00:00,2711.0
2017-07-14 11:00:00,2705.0
2017-07-14 12:00:00,2707.0
2017-07-14 13:00:00,2707.0
2017-07-14 14:00:00,2742.0
2017-07-14 15:00:00,2697.0
2017-07-14 16:00:00,2715.0
2017-07-14 17:00:00,2771.0
2017-07-14 18:00:00,2742.0
2017-07-14 19:00:00,2805.0
2017-07-14 20:00:00,2778.0
2017-07-14 21:00:00,2767.0
2017-07-14 22:00:00,2711.0
2017-07-14 23:00:00,2731.0
2017-07-15 00:00:00,2729.0
2017-07-15 01:00:00,2769.0
2017-07-15 02:00:00,2777.0
2017-07-15 03:00:00,2730.0
2017-07-15 04:00:00,2708.0
2017-07-15 05:00:00,2687.0
2017-07-15 06:00:00,2677.0
2017-07-15 07:00:00,2711.0
2017-07-15 08:00:00,2815.0
2017-07-15 09:00:00,2913.0
2017-07-15 10:00:00,3095.0
2017-07-15 11:00:00,3533.0
2017-07-15 12:00:00,3542.0
2017-07-15 13:00:00,3648.0
2017-07-15 14:00:00,3709.0
2017-07-15 15:00:00,3627.0
2017-07-15 16:00:00,3547.0
2017-07-15 17:00:00,3529.0
2017-07-15 18:00:00,3469.0
2017-07-15 19:00:00,3524.0
2017-07-15 20:00:00,3392.0
2017-07-15 21:00:00,3188.0
2017-07-15 22:00:00,3160.0
2017-07-15 23:00:00,3317.0
2017-07-16 00:00:00,3638.0
2017-07-16 01:00:00,3636.0
2017-07-16 02:00:00,3466.0
2017-07-16 03:00:00,3338.0
2017-07-16 04:00:00,3106.0
2017-07-16 05:00:00,3019.0
2017-07-16 06:00:00,2922.0
2017-07-16 07:00:00,2983.0
2017-07-16 08:00:00,2921.0
2017-07-16 09:00:00,3019.0
2017-07-16 10:00:00,3153.0
2017-07-16 11:00:00,3457.0
2017-07-16 12:00:00,3440.0
2017-07-16 13:00:00,3603.0
2017-07-16 14:00:00,3647.0
2017-07-16 15:00:00,3668.0
2017-07-16 16:00:00,3639.0
2017-07-16 17:00:00,3748.0
2017-07-16 18:00:00,3591.0
2017-07-16 19:00:00,3466.0
2017-07-16 20:00:00,3434.0
2017-07-16 21:00:00,3309.0
2017-07-16 22:00:00,3180.0
2017-07-16 23:00:00,3291.0
2017-07-17 00:00:00,3493.0
2017-07-17 01:00:00,3587.0
2017-07-17 02:00:00,3459.0
2017-07-17 03:00:00,3235.0
2017-07-17 04:00:00,3095.0
2017-07-17 05:00:00,3110.0
2017-07-17 06:00:00,2919.0
2017-07-17 07:00:00,2946.0
2017-07-17 08:00:00,2915.0
2017-07-17 09:00:00,3082.0
2017-07-17 10:00:00,3250.0
2017-07-17 11:00:00,3525.0
2017-07-17 12:00:00,3528.0
2017-07-17 13:00:00,3578.0
2017-07-17 14:00:00,3561.0
2017-07-17 15:00:00,3565.0
2017-07-17 16:00:00,3717.0
2017-07-17 17:00:00,3895.0
2017-07-17 18:00:00,3754.0
2017-07-17 19:00:00,3783.0
2017-07-17 20:00:00,3722.0
2017-07-17 21:00:00,3582.0
2017-07-17 22:00:00,3322.0
2017-07-17 23:00:00,3457.0
2017-07-18 00:00:00,3519.0
2017-07-18 01:00:00,3514.0
2017-07-18 02:00:00,3375.0
2017-07-18 03:00:00,3243.0
2017-07-18 04:00:00,3105.0
2017-07-18 05:00:00,3124.0
2017-07-18 06:00:00,2940.0
2017-07-18 07:00:00,2901.0
2017-07-18 08:00:00,3032.0
2017-07-18 09:00:00,3173.0
2017-07-18 10:00:00,3246.0
2017-07-18 11:00:00,3591.0
2017-07-18 12:00:00,3514.0
2017-07-18 13:00:00,3643.0
2017-07-18 14:00:00,3572.0
2017-07-18 15:00:00,3555.0
2017-07-18 16:00:00,3541.0
2017-07-18 17:00:00,3676.0
2017-07-18 18:00:00,3746.0
2017-07-18 19:00:00,3655.0
2017-07-18 20:00:00,3518.0
2017-07-18 21:00:00,3572.0
2017-07-18 22:00:00,3493.0
2017-07-18 23:00:00,3488.0
2017-07-19 00:00:00,3796.0
2017-07-19 01:00:00,3861.0
2017-07-19 02:00:00,3676.0
2017-07-19 03:00:00,3575.0
2017-07-19 04:00:00,3501.0
2017-07-19 05:00:00,3256.0
2017-07-19 06:00:00,3217.0
2017-07-19 07:00:00,3179.0
2017-07-19 08:00:00,3129.0
2017-07-19 09:00:00,3270.0
2017-07-19 10:00:00,3304.0
2017-07-19 11:00:00,3595.0
2017-07-19 12:00:00,3692.0
2017-07-19 13:00:00,3724.0
2017-07-19 14:00:00,3859.0
2017-07-19 15:00:00,3800.0
2017-07-19 16:00:00,3763.0
2017-07-19 17:00:00,3692.0
2017-07-19 18:00:00,3802.0
2017-07-19 19:00:00,3766.0
2017-07-19 20:00:00,3523.0
2017-07-19 21:00:00,3495.0
2017-07-19 22:00:00,3623.0
2017-07-19 23:00:00,3601.0
2017-07-20 00:00:00,3810.0
2017-07-20 01:00:00,3848.0
2017-07-20 02:00:00,4105.0
2017-07-20 03:00:00,4186.0
2017-07-20 04:00:00,4029.0
2017-07-20 05:00:00,1968.0
2017-07-20 06:00:00,3061.0
2017-07-20 07:00:00,3464.0
2017-07-20 08:00:00,3083.0
2017-07-20 09:00:00,1580.0
2017-07-20 10:00:00,2250.0
2017-07-20 11:00:00,2963.0
2017-07-20 12:00:00,2877.0
2017-07-20 13:00:00,2250.0
2017-07-20 14:00:00,2936.0
2017-07-20 15:00:00,2902.0
2017-07-20 16:00:00,2913.0
2017-07-20 17:00:00,3080.0
2017-07-20 18:00:00,3114.0
2017-07-20 19:00:00,2983.0
2017-07-20 20:00:00,2945.0
2017-07-20 21:00:00,3000.0
2017-07-20 22:00:00,2876.0
2017-07-20 23:00:00,3067.0
2017-07-21 00:00:00,3189.0
2017-07-21 01:00:00,3278.0
2017-07-21 02:00:00,2804.0
2017-07-21 03:00:00,3473.0
2017-07-21 04:00:00,3256.0
2017-07-21 05:00:00,2907.0
2017-07-21 06:00:00,2813.0
2017-07-21 07:00:00,2723.0
2017-07-21 08:00:00,2683.0
2017-07-21 09:00:00,2597.0
2017-07-21 10:00:00,2781.0
2017-07-21 11:00:00,2552.0
2017-07-21 12:00:00,2619.0
2017-07-21 13:00:00,2552.0
2017-07-21 14:00:00,2680.0
2017-07-21 15:00:00,2596.0
2017-07-21 16:00:00,2641.0
2017-07-21 17:00:00,2635.0
2017-07-21 18:00:00,2533.0
2017-07-21 19:00:00,2295.0
2017-07-21 20:00:00,2007.0
2017-07-21 21:00:00,2730.0
2017-07-21 22:00:00,2553.0
2017-07-21 23:00:00,2508.0
2017-07-22 00:00:00,2407.0
2017-07-22 01:00:00,2512.0
2017-07-22 02:00:00,2488.0
2017-07-22 03:00:00,2463.0
2017-07-22 04:00:00,2448.0
2017-07-22 05:00:00,2433.0
2017-07-22 06:00:00,2504.0
2017-07-22 07:00:00,2539.0
2017-07-22 08:00:00,2656.0
2017-07-22 09:00:00,2539.0
2017-07-22 10:00:00,2747.0
2017-07-22 11:00:00,3033.0
2017-07-22 12:00:00,3279.0
2017-07-22 13:00:00,3313.0
2017-07-22 14:00:00,3356.0
2017-07-22 15:00:00,3326.0
2017-07-22 16:00:00,3350.0
2017-07-22 17:00:00,3322.0
2017-07-22 18:00:00,3302.0
2017-07-22 19:00:00,3270.0
2017-07-22 20:00:00,3323.0
2017-07-22 21:00:00,3266.0
2017-07-22 22:00:00,3011.0
2017-07-22 23:00:00,3175.0
2017-07-23 00:00:00,3291.0
2017-07-23 01:00:00,3373.0
2017-07-23 02:00:00,3259.0
2017-07-23 03:00:00,3086.0
2017-07-23 04:00:00,2981.0
2017-07-23 05:00:00,2902.0
2017-07-23 06:00:00,2840.0
2017-07-23 07:00:00,2818.0
2017-07-23 08:00:00,2799.0
2017-07-23 09:00:00,2971.0
2017-07-23 10:00:00,3126.0
2017-07-23 11:00:00,3299.0
2017-07-23 12:00:00,3460.0
2017-07-23 13:00:00,3618.0
2017-07-23 14:00:00,3482.0
2017-07-23 15:00:00,3483.0
2017-07-23 16:00:00,3288.0
2017-07-23 17:00:00,3590.0
2017-07-23 18:00:00,3509.0
2017-07-23 19:00:00,3497.0
2017-07-23 20:00:00,3346.0
2017-07-23 21:00:00,3088.0
2017-07-23 22:00:00,2930.0
2017-07-23 23:00:00,3120.0
2017-07-24 00:00:00,3192.0
2017-07-24 01:00:00,3136.0
2017-07-24 02:00:00,3099.4856201288467
2017-07-24 03:00:00,3080.7032359971568
2017-07-24 04:00:00,3062.6477310607324
2017-07-24 05:00:00,3045.3157668180165
2017-07-24 06:00:00,3028.704004767452
2017-07-24 07:00:00,3012.809106407481
2017-07-24 08:00:00,2997.6277332365476
2017-07-24 09:00:00,2983.156546753094
2017-07-24 10:00:00,2969.392208455564
2017-07-24 11:00:00,2956.331379842399
2017-07-24 12:00:00,2943.9707224120434
2017-07-24 13:00:00,2932.3068976629393
2017-07-24 14:00:00,2921.33656709353
2017-07-24 15:00:00,2911.0563922022584
2017-07-24 16:00:00,2901.4630344875673
2017-07-24 17:00:00,2892.5531554478994
2017-07-24 18:00:00,2884.323416581698
2017-07-24 19:00:00,2876.770479387406
2017-07-24 20:00:00,2869.8910053634663
2017-07-24 21:00:00,2863.681656008322
2017-07-24 22:00:00,2858.1390928204155
2017-07-24 23:00:00,2853.2599772981903
2017-07-25 00:00:00,2849.0409709400883
2017-07-25 01:00:00,2845.4787352445537
2017-07-25 02:00:00,2842.569931710029
2017-07-25 03:00:00,2840.311221834957
2017-07-25 04:00:00,2838.699267117781
2017-07-25 05:00:00,2837.7307290569433
2017-07-25 06:00:00,2837.4022691508876
2017-07-25 07:00:00,2837.7105488980565
2017-07-25 08:00:00,2838.6522297968922
2017-07-25 09:00:00,2840.223973345838
2017-07-25 10:00:00,2842.4224410433376
2017-07-25 11:00:00,2845.244294387833
2017-07-25 12:00:00,2848.6861948777682
2017-07-25 13:00:00,2852.744804011585
2017-07-25 14:00:00,2857.4167832877265
2017-07-25 15:00:00,2862.698794204636
2017-07-25 16:00:00,2868.5874982607565
2017-07-25 17:00:00,2875.079556954531
2017-07-25 18:00:00,2882.171631784403
2017-07-25 19:00:00,2889.860384248814
2017-07-25 20:00:00,2898.142475846208
2017-07-25 21:00:00,2907.014568075027
2017-07-25 22:00:00,2916.473322433714
2017-07-25 23:00:00,2926.5154004207134
2017-07-26 00:00:00,2937.1374635344664
2017-07-26 01:00:00,2948.3361732734156
2017-07-26 02:00:00,2960.1081911360056
2017-07-26 03:00:00,2972.4501786206793
2017-07-26 04:00:00,3069.0
2017-07-26 05:00:00,2988.0
2017-07-26 06:00:00,2877.0
2017-07-26 07:00:00,2842.0
2017-07-26 08:00:00,2876.0
2017-07-26 09:00:00,2930.0
2017-07-26 10:00:00,3193.0
2017-07-26 11:00:00,3490.0
2017-07-26 12:00:00,3473.0
2017-07-26 13:00:00,3533.0
2017-07-26 14:00:00,3571.0
2017-07-26 15:00:00,3668.0
2017-07-26 16:00:00,3494.0
2017-07-26 17:00:00,3743.0
2017-07-26 18:00:00,3768.0
2017-07-26 19:00:00,3534.0
2017-07-26 20:00:00,3380.0
2017-07-26 21:00:00,3333.0
2017-07-26 22:00:00,3370.0
2017-07-26 23:00:00,3274.0
2017-07-27 00:00:00,3425.0
2017-07-27 01:00:00,3438.0
2017-07-27 02:00:00,3302.0
2017-07-27 03:00:00,3189.0
2017-07-27 04:00:00,3052.0
2017-07-27 05:00:00,2992.0
2017-07-27 06:00:00,2953.0
2017-07-27 07:00:00,2799.0
2017-07-27 08:00:00,2726.0
2017-07-27 09:00:00,2833.0
2017-07-27 10:00:00,2753.0
2017-07-27 11:00:00,2777.0
2017-07-27 12:00:00,2775.0
2017-07-27 13:00:00,2831.0
2017-07-27 14:00:00,2898.0
2017-07-27 15:00:00,2910.0
2017-07-27 16:00:00,2910.0
2017-07-27 17:00:00,2908.0
2017-07-27 18:00:00,2874.0
2017-07-27 19:00:00,2968.0
2017-07-27 20:00:00,2803.0
2017-07-27 21:00:00,2918.0
2017-07-27 22:00:00,2772.0
2017-07-27 23:00:00,3006.0
2017-07-28 00:00:00,3081.0
2017-07-28 01:00:00,2998.0
2017-07-28 02:00:00,2860.0
2017-07-28 03:00:00,2753.0
2017-07-28 04:00:00,2760.0
2017-07-28 05:00:00,2635.0
2017-07-28 06:00:00,2608.0
2017-07-28 07:00:00,2604.0
2017-07-28 08:00:00,2535.0
2017-07-28 09:00:00,2501.0
2017-07-28 10:00:00,2499.0
2017-07-28 11:00:00,2554.0
2017-07-28 12:00:00,2496.0
2017-07-28 13:00:00,2587.0
2017-07-28 14:00:00,2542.0
2017-07-28 15:00:00,2563.0
2017-07-28 16:00:00,2604.0
2017-07-28 17:00:00,2685.0
2017-07-28 18:00:00,2546.0
2017-07-28 19:00:00,2573.0
2017-07-28 20:00:00,2534.0
2017-07-28 21:00:00,2543.0
2017-07-28 22:00:00,2509.0
2017-07-28 23:00:00,2538.0
2017-07-29 00:00:00,2534.0
2017-07-29 01:00:00,2512.0
2017-07-29 02:00:00,2503.0
2017-07-29 03:00:00,2452.0
2017-07-29 04:00:00,2432.0
2017-07-29 05:00:00,2463.0
2017-07-29 06:00:00,2414.0
2017-07-29 07:00:00,2419.0
2017-07-29 08:00:00,2485.0
2017-07-29 09:00:00,2650.0
2017-07-29 10:00:00,2953.0
2017-07-29 11:00:00,3378.0
2017-07-29 12:00:00,3498.0
2017-07-29 13:00:00,3501.0
2017-07-29 14:00:00,3703.0
2017-07-29 15:00:00,3482.0
2017-07-29 16:00:00,3529.0
2017-07-29 17:00:00,3526.0
2017-07-29 18:00:00,3586.0
2017-07-29 19:00:00,3384.0
2017-07-29 20:00:00,3267.0
2017-07-29 21:00:00,3165.0
2017-07-29 22:00:00,3016.0
2017-07-29 23:00:00,3209.0
2017-07-30 00:00:00,3463.0
2017-07-30 01:00:00,3392.0
2017-07-30 02:00:00,3181.0
2017-07-30 03:00:00,3002.0
2017-07-30 04:00:00,2775.0
2017-07-30 05:00:00,2717.0
2017-07-30 06:00:00,2691.0
2017-07-30 07:00:00,2610.0
2017-07-30 08:00:00,2594.0
2017-07-30 09:00:00,2761.0
2017-07-30 10:00:00,2982.0
2017-07-30 11:00:00,3445.0
2017-07-30 12:00:00,3577.0
2017-07-30 13:00:00,3525.0
2017-07-30 14:00:00,3546.0
2017-07-30 15:00:00,3327.0
2017-07-30 16:00:00,3372.0
2017-07-30 17:00:00,3668.0
2017-07-30 18:00:00,3777.0
2017-07-30 19:00:00,3535.0
2017-07-30 20:00:00,3290.0
2017-07-30 21:00:00,3235.0
2017-07-30 22:00:00,3178.0
2017-07-30 23:00:00,3251.0
2017-07-31 00:00:00,3423.0
2017-07-31 01:00:00,3363.0
2017-07-31 02:00:00,3212.0
2017-07-31 03:00:00,3006.0
2017-07-31 04:00:00,2828.0
2017-07-31 05:00:00,2732.0
2017-07-31 06:00:00,2617.0
2017-07-31 07:00:00,2547.0
2017-07-31 08:00:00,2719.0
2017-07-31 09:00:00,2714.0
2017-07-31 10:00:00,2970.0
2017-07-31 11:00:00,3254.0
2017-07-31 12:00:00,3373.0
2017-07-31 13:00:00,3474.0
2017-07-31 14:00:00,3534.0
2017-07-31 15:00:00,3492.0
2017-07-31 16:00:00,3310.0
2017-07-31 17:00:00,3425.0
2017-07-31 18:00:00,3334.0
2017-07-31 19:00:00,3391.0
2017-07-31 20:00:00,3205.0
2017-07-31 21:00:00,3265.0
2017-07-31 22:00:00,3202.0
2017-07-31 23:00:00,3349.0
2017-08-01 00:00:00,3465.0
2017-08-01 01:00:00,3240.0
2017-08-01 02:00:00,3088.0
2017-08-01 03:00:00,2927.0
2017-08-01 04:00:00,2829.0
2017-08-01 05:00:00,2707.0
2017-08-01 06:00:00,2698.0
2017-08-01 07:00:00,2617.0
2017-08-01 08:00:00,2714.0
2017-08-01 09:00:00,2770.0
2017-08-01 10:00:00,2933.0
2017-08-01 11:00:00,3341.0
2017-08-01 12:00:00,3356.0
2017-08-01 13:00:00,3399.0
2017-08-01 14:00:00,3575.0
2017-08-01 15:00:00,3428.0
2017-08-01 16:00:00,3515.0
2017-08-01 17:00:00,3475.0
2017-08-01 18:00:00,3681.0
2017-08-01 19:00:00,3630.0
2017-08-01 20:00:00,3376.0
2017-08-01 21:00:00,3353.0
2017-08-01 22:00:00,3288.0
2017-08-01 23:00:00,3398.0
2017-08-02 00:00:00,3599.0
2017-08-02 01:00:00,3513.0
2017-08-02 02:00:00,3283.0
2017-08-02 03:00:00,3099.0
2017-08-02 04:00:00,2840.0
2017-08-02 05:00:00,2790.0
2017-08-02 06:00:00,2708.0
2017-08-02 07:00:00,2648.0
2017-08-02 08:00:00,2626.0
2017-08-02 09:00:00,2670.0
2017-08-02 10:00:00,3006.0
2017-08-02 11:00:00,3371.0
2017-08-02 12:00:00,3236.0
2017-08-02 13:00:00,3237.0
2017-08-02 14:00:00,3536.0
2017-08-02 15:00:00,3463.0
2017-08-02 16:00:00,3429.0
2017-08-02 17:00:00,3383.0
2017-08-02 18:00:00,3544.0
2017-08-02 19:00:00,3622.0
2017-08-02 20:00:00,3413.0
2017-08-02 21:00:00,3319.0
2017-08-02 22:00:00,3476.0
2017-08-02 23:00:00,3595.0
2017-08-03 00:00:00,3671.0
2017-08-03 01:00:00,3618.0
2017-08-03 02:00:00,3340.0
2017-08-03 03:00:00,3218.0
2017-08-03 04:00:00,2963.0
2017-08-03 05:00:00,2893.0
2017-08-03 06:00:00,2785.0
2017-08-03 07:00:00,2702.0
2017-08-03 08:00:00,2715.0
2017-08-03 09:00:00,2776.0
2017-08-03 10:00:00,2723.0
2017-08-03 11:00:00,2823.0
2017-08-03 12:00:00,2775.0
2017-08-03 13:00:00,2786.0
2017-08-03 14:00:00,2912.0
2017-08-03 15:00:00,2785.0
2017-08-03 16:00:00,2754.0
2017-08-03 17:00:00,2861.0
2017-08-03 18:00:00,2812.0
2017-08-03 19:00:00,2820.0
2017-08-03 20:00:00,2810.0
2017-08-03 21:00:00,2711.0
2017-08-03 22:00:00,2572.0
2017-08-03 23:00:00,2871.0
2017-08-04 00:00:00,2985.0
2017-08-04 01:00:00,2976.0
2017-08-04 02:00:00,2826.0
2017-08-04 03:00:00,2704.0
2017-08-04 04:00:00,2629.0
2017-08-04 05:00:00,2428.0
2017-08-04 06:00:00,2457.0
2017-08-04 07:00:00,2493.0
2017-08-04 08:00:00,2457.0
2017-08-04 09:00:00,2426.45536105671
2017-08-04 10:00:00,2407.245639428101
2017-08-04 11:00:00,2391.586584381158
2017-08-04 12:00:00,2379.3578026614828
2017-08-04 13:00:00,2370.438901014679
2017-08-04 14:00:00,2364.7094861863484
2017-08-04 15:00:00,2362.0491649220944
2017-08-04 16:00:00,2362.3375439675197
2017-08-04 17:00:00,2365.454230068227
2017-08-04 18:00:00,2371.2788299698186
2017-08-04 19:00:00,2379.6909504178975
2017-08-04 20:00:00,2390.570198158067
2017-08-04 21:00:00,2403.796179935929
2017-08-04 22:00:00,2419.2485024970874
2017-08-04 23:00:00,2436.8067725871447
2017-08-05 00:00:00,2456.3505969517028
2017-08-05 01:00:00,2477.759582336365
2017-08-05 02:00:00,2500.9133354867336
2017-08-05 03:00:00,2525.6914631484115
2017-08-05 04:00:00,2551.973572067003
2017-08-05 05:00:00,2579.6392689881086
2017-08-05 06:00:00,2608.5681606573316
2017-08-05 07:00:00,2638.6398538202743
2017-08-05 08:00:00,2669.733955222542
2017-08-05 09:00:00,2701.730071609736
2017-08-05 10:00:00,2734.507809727459
2017-08-05 11:00:00,2767.946776321314
2017-08-05 12:00:00,2801.9265781369018
2017-08-05 13:00:00,2836.326821919828
2017-08-05 14:00:00,2871.027114415694
2017-08-05 15:00:00,2905.9070623701027
2017-08-05 16:00:00,2940.846272528656
2017-08-05 17:00:00,2975.724351636957
2017-08-05 18:00:00,3010.4209064406105
2017-08-05 19:00:00,3044.8155436852185
2017-08-05 20:00:00,3078.787870116381
2017-08-05 21:00:00,3112.2174924797014
2017-08-05 22:00:00,3144.9840175207846
2017-08-05 23:00:00,3176.967051985234
2017-08-06 00:00:00,3208.046202618649
2017-08-06 01:00:00,3238.1010761666375
2017-08-06 02:00:00,3267.0112793747976
2017-08-06 03:00:00,3294.6564189887354
2017-08-06 04:00:00,3320.916101754047
2017-08-06 05:00:00,3345.669934416343
2017-08-06 06:00:00,3368.797523721225
2017-08-06 07:00:00,3390.178476414291
2017-08-06 08:00:00,3409.692399241145
2017-08-06 09:00:00,3427.21889894739
2017-08-06 10:00:00,3442.6375822786317
2017-08-06 11:00:00,3461.0
2017-08-06 12:00:00,3447.0
2017-08-06 13:00:00,3444.0
2017-08-06 14:00:00,3587.0
2017-08-06 15:00:00,3477.0
2017-08-06 16:00:00,3410.0
2017-08-06 17:00:00,3500.0
2017-08-06 18:00:00,3657.0
2017-08-06 19:00:00,3426.0
2017-08-06 20:00:00,3340.0
2017-08-06 21:00:00,3288.0
2017-08-06 22:00:00,3147.0
2017-08-06 23:00:00,3320.0
2017-08-07 00:00:00,3552.0
2017-08-07 01:00:00,3506.0
2017-08-07 02:00:00,3417.0
2017-08-07 03:00:00,3194.0
2017-08-07 04:00:00,2965.0
2017-08-07 05:00:00,2763.0
2017-08-07 06:00:00,2728.0
2017-08-07 07:00:00,2653.0
2017-08-07 08:00:00,2706.0
2017-08-07 09:00:00,2896.0
2017-08-07 10:00:00,3059.0
2017-08-07 11:00:00,3325.0
2017-08-07 12:00:00,3529.0
2017-08-07 13:00:00,3490.0
2017-08-07 14:00:00,3549.0
2017-08-07 15:00:00,3421.0
2017-08-07 16:00:00,3370.0
2017-08-07 17:00:00,3286.0
2017-08-07 18:00:00,3452.0
2017-08-07 19:00:00,3280.0
2017-08-07 20:00:00,3203.0
2017-08-07 21:00:00,3138.0
2017-08-07 22:00:00,3130.0
2017-08-07 23:00:00,3212.0
2017-08-08 00:00:00,3323.0
2017-08-08 01:00:00,3328.0
2017-08-08 02:00:00,3135.0
2017-08-08 03:00:00,2999.0
2017-08-08 04:00:00,2788.0
2017-08-08 05:00:00,2767.0
2017-08-08 06:00:00,2763.0
2017-08-08 07:00:00,2646.0
2017-08-08 08:00:00,2720.0
2017-08-08 09:00:00,2724.0
2017-08-08 10:00:00,3005.0
2017-08-08 11:00:00,3348.0
2017-08-08 12:00:00,3323.0
2017-08-08 13:00:00,3357.0
2017-08-08 14:00:00,3633.0
2017-08-08 15:00:00,3518.0
2017-08-08 16:00:00,3219.0
2017-08-08 17:00:00,3412.0
2017-08-08 18:00:00,3310.0
2017-08-08 19:00:00,3339.0
2017-08-08 20:00:00,3253.0
2017-08-08 21:00:00,3214.0
2017-08-08 22:00:00,3134.0
2017-08-08 23:00:00,3286.0
2017-08-09 00:00:00,3577.0
2017-08-09 01:00:00,3390.0
2017-08-09 02:00:00,3121.0
2017-08-09 03:00:00,2949.0
2017-08-09 04:00:00,2860.0
2017-08-09 05:00:00,2747.0
2017-08-09 06:00:00,2770.0
2017-08-09 07:00:00,2688.0
2017-08-09 08:00:00,2720.0
2017-08-09 09:00:00,2777.0
2017-08-09 10:00:00,3192.0
2017-08-09 11:00:00,3602.0
2017-08-09 12:00:00,3614.0
2017-08-09 13:00:00,3638.0
2017-08-09 14:00:00,3689.0
2017-08-09 15:00:00,3349.0
2017-08-09 16:00:00,3280.0
2017-08-09 17:00:00,3363.0
2017-08-09 18:00:00,3449.0
2017-08-09 19:00:00,3435.0
2017-08-09 20:00:00,3150.0
2017-08-09 21:00:00,3240.0
2017-08-09 22:00:00,3129.0
2017-08-09 23:00:00,3359.0
2017-08-10 00:00:00,3397.0
2017-08-10 01:00:00,3328.0
2017-08-10 02:00:00,3090.0
2017-08-10 03:00:00,2920.0
2017-08-10 04:00:00,2860.0
2017-08-10 05:00:00,2697.0
2017-08-10 06:00:00,2700.0
2017-08-10 07:00:00,2537.0
2017-08-10 08:00:00,2667.0
2017-08-10 09:00:00,2497.0
2017-08-10 10:00:00,2608.0
2017-08-10 11:00:00,2622.0
2017-08-10 12:00:00,2535.0
2017-08-10 13:00:00,2597.0
2017-08-10 14:00:00,2727.0
2017-08-10 15:00:00,2633.0
2017-08-10 16:00:00,2579.0
2017-08-10 17:00:00,2680.0
2017-08-10 18:00:00,2705.0
2017-08-10 19:00:00,2645.0
2017-08-10 20:00:00,2656.0
2017-08-10 21:00:00,2593.0
2017-08-10 22:00:00,2622.0
2017-08-10 23:00:00,2693.0
2017-08-11 00:00:00,2948.0
2017-08-11 01:00:00,2762.0
2017-08-11 02:00:00,2753.0
2017-08-11 03:00:00,2588.0
2017-08-11 04:00:00,2565.0
2017-08-11 05:00:00,2415.0
2017-08-11 06:00:00,2428.0
2017-08-11 07:00:00,2486.0
2017-08-11 08:00:00,2366.0
2017-08-11 09:00:00,2238.0
2017-08-11 10:00:00,2371.0
2017-08-11 11:00:00,2325.0
2017-08-11 12:00:00,2443.0
2017-08-11 13:00:00,2363.0
2017-08-11 14:00:00,2465.0
2017-08-11 15:00:00,2408.0
2017-08-11 16:00:00,2473.0
2017-08-11 17:00:00,2468.0
2017-08-11 18:00:00,2517.0
2017-08-11 19:00:00,2415.0
2017-08-11 20:00:00,2482.0
2017-08-11 21:00:00,2293.0
2017-08-11 22:00:00,2395.0
2017-08-11 23:00:00,2424.0
2017-08-12 00:00:00,2453.0
2017-08-12 01:00:00,2376.0
2017-08-12 02:00:00,2433.0
2017-08-12 03:00:00,2361.0
2017-08-12 04:00:00,2344.0
2017-08-12 05:00:00,2321.0
2017-08-12 06:00:00,2455.0
2017-08-12 07:00:00,2390.0
2017-08-12 08:00:00,2507.0
2017-08-12 09:00:00,2472.0
2017-08-12 10:00:00,2970.0
2017-08-12 11:00:00,3303.0
2017-08-12 12:00:00,3474.0
2017-08-12 13:00:00,3377.0
2017-08-12 14:00:00,3642.0
2017-08-12 15:00:00,3424.0
2017-08-12 16:00:00,3426.0
2017-08-12 17:00:00,3646.0
2017-08-12 18:00:00,3588.0
2017-08-12 19:00:00,3478.0
2017-08-12 20:00:00,3371.0
2017-08-12 21:00:00,3269.0
2017-08-12 22:00:00,3124.0
2017-08-12 23:00:00,3373.0
2017-08-13 00:00:00,3471.0
2017-08-13 01:00:00,3439.0
2017-08-13 02:00:00,3329.0
2017-08-13 03:00:00,3029.0
2017-08-13 04:00:00,2923.0
2017-08-13 05:00:00,2764.0
2017-08-13 06:00:00,2816.0
2017-08-13 07:00:00,2622.0
2017-08-13 08:00:00,2775.0
2017-08-13 09:00:00,2804.0
2017-08-13 10:00:00,3044.0
2017-08-13 11:00:00,3120.0
2017-08-13 12:00:00,3116.0
2017-08-13 13:00:00,3035.0
2017-08-13 14:00:00,3170.0
2017-08-13 15:00:00,3123.0
2017-08-13 16:00:00,3131.0
2017-08-13 17:00:00,3275.0
2017-08-13 18:00:00,3268.0
2017-08-13 19:00:00,3208.0
2017-08-13 20:00:00,3136.0
2017-08-13 21:00:00,3075.0
2017-08-13 22:00:00,3037.0
2017-08-13 23:00:00,3243.0
2017-08-14 00:00:00,3378.0
2017-08-14 01:00:00,3400.0
2017-08-14 02:00:00,3298.0
2017-08-14 03:00:00,3022.0
2017-08-14 04:00:00,2874.0
2017-08-14 05:00:00,2812.0
2017-08-14 06:00:00,2724.0
2017-08-14 07:00:00,2694.0
2017-08-14 08:00:00,2726.0
2017-08-14 09:00:00,2809.0
2017-08-14 10:00:00,3017.0
2017-08-14 11:00:00,3509.0
2017-08-14 12:00:00,3493.0
2017-08-14 13:00:00,3387.0
2017-08-14 14:00:00,3761.0
2017-08-14 15:00:00,3579.0
2017-08-14 16:00:00,3471.0
2017-08-14 17:00:00,3687.0
2017-08-14 18:00:00,3703.0
2017-08-14 19:00:00,3464.0
2017-08-14 20:00:00,3447.0
2017-08-14 21:00:00,3521.0
2017-08-14 22:00:00,3321.0
2017-08-14 23:00:00,3422.0
2017-08-15 00:00:00,3382.0
2017-08-15 01:00:00,3343.0
2017-08-15 02:00:00,3138.0
2017-08-15 03:00:00,2862.0
2017-08-15 04:00:00,2949.0
2017-08-15 05:00:00,2857.0
2017-08-15 06:00:00,2701.0
2017-08-15 07:00:00,2582.0
2017-08-15 08:00:00,2719.0
2017-08-15 09:00:00,2748.0
2017-08-15 10:00:00,3116.0
2017-08-15 11:00:00,3376.0
2017-08-15 12:00:00,3455.0
2017-08-15 13:00:00,3601.0
2017-08-15 14:00:00,3675.0
2017-08-15 15:00:00,3515.0
2017-08-15 16:00:00,3583.0
2017-08-15 17:00:00,3361.0
2017-08-15 18:00:00,3497.0
2017-08-15 19:00:00,3396.0
2017-08-15 20:00:00,3175.0
2017-08-15 21:00:00,3097.0
2017-08-15 22:00:00,3037.0
2017-08-15 23:00:00,3202.0
2017-08-16 00:00:00,3398.0
2017-08-16 01:00:00,3318.0
2017-08-16 02:00:00,3319.0
2017-08-16 03:00:00,2952.0
2017-08-16 04:00:00,2676.0
2017-08-16 05:00:00,2731.0
2017-08-16 06:00:00,2662.0
2017-08-16 07:00:00,2722.0
2017-08-16 08:00:00,2626.0
2017-08-16 09:00:00,2611.0
2017-08-16 10:00:00,2841.0
2017-08-16 11:00:00,3141.0
2017-08-16 12:00:00,3198.0
2017-08-16 13:00:00,3263.0
2017-08-16 14:00:00,3457.0
2017-08-16 15:00:00,3306.0
2017-08-16 16:00:00,3335.0
2017-08-16 17:00:00,3345.0
2017-08-16 18:00:00,3512.0
2017-08-16 19:00:00,3564.0
2017-08-16 20:00:00,3285.0
2017-08-16 21:00:00,3210.0
2017-08-16 22:00:00,3094.0
2017-08-16 23:00:00,3186.0
2017-08-17 00:00:00,3383.0
2017-08-17 01:00:00,3326.0
2017-08-17 02:00:00,3171.0
2017-08-17 03:00:00,3053.0
2017-08-17 04:00:00,3007.0
2017-08-17 05:00:00,2927.0
2017-08-17 06:00:00,2810.0
2017-08-17 07:00:00,2803.0
2017-08-17 08:00:00,2693.0
2017-08-17 09:00:00,2635.0
2017-08-17 10:00:00,2554.0
2017-08-17 11:00:00,2686.0
2017-08-17 12:00:00,2678.0
2017-08-17 13:00:00,2628.0
2017-08-17 14:00:00,2582.0
2017-08-17 15:00:00,2719.0
2017-08-17 16:00:00,2635.0
2017-08-17 17:00:00,2840.0
2017-08-17 18:00:00,2967.0
2017-08-17 19:00:00,2849.0
2017-08-17 20:00:00,2819.0
2017-08-17 21:00:00,3042.0
2017-08-17 22:00:00,2776.0
2017-08-17 23:00:00,2948.0
2017-08-18 00:00:00,3108.0
2017-08-18 01:00:00,3080.0
2017-08-18 02:00:00,2937.0
2017-08-18 03:00:00,2851.0
2017-08-18 04:00:00,2726.0
2017-08-18 05:00:00,2590.0
2017-08-18 06:00:00,2579.0
2017-08-18 07:00:00,2576.0
2017-08-18 08:00:00,2582.0
2017-08-18 09:00:00,2547.0
2017-08-18 10:00:00,2473.0
2017-08-18 11:00:00,2577.0
2017-08-18 12:00:00,2621.0
2017-08-18 13:00:00,2651.0
2017-08-18 14:00:00,2650.0
2017-08-18 15:00:00,2635.0
2017-08-18 16:00:00,2718.0
2017-08-18 17:00:00,2658.0
2017-08-18 18:00:00,2673.0
2017-08-18 19:00:00,2709.0
2017-08-18 20:00:00,2680.0
2017-08-18 21:00:00,2680.0
2017-08-18 22:00:00,2651.0
2017-08-18 23:00:00,2612.0
2017-08-19 00:00:00,2654.0
2017-08-19 01:00:00,2596.0
2017-08-19 02:00:00,2637.0
2017-08-19 03:00:00,2620.0
2017-08-19 04:00:00,2564.0
2017-08-19 05:00:00,2590.0
2017-08-19 06:00:00,2622.0
2017-08-19 07:00:00,2572.0
2017-08-19 08:00:00,2678.0
2017-08-19 09:00:00,2733.0
2017-08-19 10:00:00,3039.0
2017-08-19 11:00:00,3354.0
2017-08-19 12:00:00,3354.0
2017-08-19 13:00:00,3431.0
2017-08-19 14:00:00,3508.0
2017-08-19 15:00:00,3381.0
2017-08-19 16:00:00,3530.0
2017-08-19 17:00:00,3410.0
2017-08-19 18:00:00,3396.0
2017-08-19 19:00:00,3473.0
2017-08-19 20:00:00,3370.0
2017-08-19 21:00:00,3234.0
2017-08-19 22:00:00,3128.0
2017-08-19 23:00:00,3201.0
2017-08-20 00:00:00,3523.0
2017-08-20 01:00:00,3483.0
2017-08-20 02:00:00,3256.0
2017-08-20 03:00:00,3061.0
2017-08-20 04:00:00,2896.0
2017-08-20 05:00:00,2798.0
2017-08-20 06:00:00,2746.0
2017-08-20 07:00:00,2753.0
2017-08-20 08:00:00,2675.0
2017-08-20 09:00:00,2672.0
2017-08-20 10:00:00,3008.0
2017-08-20 11:00:00,3343.0
2017-08-20 12:00:00,3573.0
2017-08-20 13:00:00,3510.0
2017-08-20 14:00:00,3642.0
2017-08-20 15:00:00,3462.0
2017-08-20 16:00:00,3413.0
2017-08-20 17:00:00,3535.0
2017-08-20 18:00:00,3507.0
2017-08-20 19:00:00,3495.0
2017-08-20 20:00:00,3303.0
2017-08-20 21:00:00,3125.0
2017-08-20 22:00:00,3109.0
2017-08-20 23:00:00,3223.0
2017-08-21 00:00:00,3444.0
2017-08-21 01:00:00,3418.0
2017-08-21 02:00:00,3274.0
2017-08-21 03:00:00,3064.0
2017-08-21 04:00:00,2911.0
2017-08-21 05:00:00,2868.0
2017-08-21 06:00:00,2779.0
2017-08-21 07:00:00,2721.0
2017-08-21 08:00:00,2721.0
2017-08-21 09:00:00,2725.0
2017-08-21 10:00:00,2992.0
2017-08-21 11:00:00,3284.0
2017-08-21 12:00:00,3478.0
2017-08-21 13:00:00,3447.0
2017-08-21 14:00:00,3462.0
2017-08-21 15:00:00,3374.0
2017-08-21 16:00:00,3429.0
2017-08-21 17:00:00,3399.0
2017-08-21 18:00:00,3531.0
2017-08-21 19:00:00,3383.0
2017-08-21 20:00:00,3381.0
2017-08-21 21:00:00,3278.0
2017-08-21 22:00:00,3140.0
2017-08-21 23:00:00,3322.0
2017-08-22 00:00:00,3444.0
2017-08-22 01:00:00,3261.0
2017-08-22 02:00:00,3113.0
2017-08-22 03:00:00,2998.0
2017-08-22 04:00:00,2868.0
2017-08-22 05:00:00,2762.0
2017-08-22 06:00:00,2781.0
2017-08-22 07:00:00,2695.0
2017-08-22 08:00:00,2652.0
2017-08-22 09:00:00,2671.0
2017-08-22 10:00:00,2989.0
2017-08-22 11:00:00,3425.0
2017-08-22 12:00:00,3592.0
2017-08-22 13:00:00,3548.0
2017-08-22 14:00:00,3821.0
2017-08-22 15:00:00,3637.0
2017-08-22 16:00:00,3977.0
2017-08-22 17:00:00,3747.0
2017-08-22 18:00:00,3694.0
2017-08-22 19:00:00,3659.0
2017-08-22 20:00:00,3232.0
2017-08-22 21:00:00,3209.0
2017-08-22 22:00:00,3072.0
2017-08-22 23:00:00,3314.0
2017-08-23 00:00:00,3517.0
2017-08-23 01:00:00,3411.0
2017-08-23 02:00:00,3283.0
2017-08-23 03:00:00,2955.0
2017-08-23 04:00:00,2861.0
2017-08-23 05:00:00,2735.0
2017-08-23 06:00:00,2742.0
2017-08-23 07:00:00,2688.0
2017-08-23 08:00:00,2670.0
2017-08-23 09:00:00,2778.0
2017-08-23 10:00:00,2950.0
2017-08-23 11:00:00,3377.0
2017-08-23 12:00:00,3441.0
2017-08-23 13:00:00,3563.0
2017-08-23 14:00:00,3608.0
2017-08-23 15:00:00,3589.0
2017-08-23 16:00:00,3539.0
2017-08-23 17:00:00,3704.0
2017-08-23 18:00:00,3637.0
2017-08-23 19:00:00,3533.0
2017-08-23 20:00:00,3372.0
2017-08-23 21:00:00,3322.0
2017-08-23 22:00:00,3220.0
2017-08-23 23:00:00,3430.0
2017-08-24 00:00:00,3418.0
2017-08-24 01:00:00,3372.0
2017-08-24 02:00:00,3235.0
2017-08-24 03:00:00,3071.0
2017-08-24 04:00:00,3006.0
2017-08-24 05:00:00,2897.0
2017-08-24 06:00:00,2813.0
2017-08-24 07:00:00,2798.0
2017-08-24 08:00:00,2739.0
2017-08-24 09:00:00,2677.0
2017-08-24 10:00:00,2805.0
2017-08-24 11:00:00,2778.0
2017-08-24 12:00:00,2775.0
2017-08-24 13:00:00,2706.0
2017-08-24 14:00:00,2744.0
2017-08-24 15:00:00,2834.0
2017-08-24 16:00:00,2796.0
2017-08-24 17:00:00,2835.0
2017-08-24 18:00:00,2891.0
2017-08-24 19:00:00,2765.0
2017-08-24 20:00:00,2661.0
2017-08-24 21:00:00,2687.0
2017-08-24 22:00:00,2671.0
2017-08-24 23:00:00,2786.0
2017-08-25 00:00:00,2972.0
2017-08-25 01:00:00,2928.0
2017-08-25 02:00:00,2824.0
2017-08-25 03:00:00,2722.0
2017-08-25 04:00:00,2649.0
2017-08-25 05:00:00,2530.0
2017-08-25 06:00:00,2542.0
2017-08-25 07:00:00,2464.0
2017-08-25 08:00:00,2401.0
2017-08-25 09:00:00,2440.0
2017-08-25 10:00:00,2397.0
2017-08-25 11:00:00,2411.0
2017-08-25 12:00:00,2394.0
2017-08-25 13:00:00,2446.0
2017-08-25 14:00:00,2466.0
2017-08-25 15:00:00,2494.0
2017-08-25 16:00:00,2529.0
2017-08-25 17:00:00,2504.0
2017-08-25 18:00:00,2575.0
2017-08-25 19:00:00,2502.0
2017-08-25 20:00:00,2510.0
2017-08-25 21:00:00,2484.0
2017-08-25 22:00:00,2503.0
2017-08-25 23:00:00,2372.0
2017-08-26 00:00:00,2496.0
2017-08-26 01:00:00,2533.0
2017-08-26 02:00:00,2482.0
2017-08-26 03:00:00,2431.0
2017-08-26 04:00:00,2422.0
2017-08-26 05:00:00,2406.0
2017-08-26 06:00:00,2477.0
2017-08-26 07:00:00,2308.0
2017-08-26 08:00:00,2522.0
2017-08-26 09:00:00,2571.0
2017-08-26 10:00:00,2906.0
2017-08-26 11:00:00,3278.0
2017-08-26 12:00:00,3486.0
2017-08-26 13:00:00,3442.0
2017-08-26 14:00:00,3512.0
2017-08-26 15:00:00,3326.0
2017-08-26 16:00:00,3360.0
2017-08-26 17:00:00,3442.0
2017-08-26 18:00:00,3524.0
2017-08-26 19:00:00,3376.0
2017-08-26 20:00:00,3185.0
2017-08-26 21:00:00,3122.0
2017-08-26 22:00:00,3073.0
2017-08-26 23:00:00,3191.0
2017-08-27 00:00:00,3429.0
2017-08-27 01:00:00,3312.0
2017-08-27 02:00:00,3139.0
2017-08-27 03:00:00,2851.0
2017-08-27 04:00:00,2732.0
2017-08-27 05:00:00,2591.0
2017-08-27 06:00:00,2609.0
2017-08-27 07:00:00,2552.0
2017-08-27 08:00:00,2534.0
2017-08-27 09:00:00,2474.0
2017-08-27 10:00:00,2968.0
2017-08-27 11:00:00,3299.0
2017-08-27 12:00:00,3394.0
2017-08-27 13:00:00,3347.0
2017-08-27 14:00:00,3546.0
2017-08-27 15:00:00,3429.0
2017-08-27 16:00:00,3352.0
2017-08-27 17:00:00,3360.0
2017-08-27 18:00:00,3363.0
2017-08-27 19:00:00,3353.0
2017-08-27 20:00:00,3146.0
2017-08-27 21:00:00,3079.0
2017-08-27 22:00:00,3014.0
2017-08-27 23:00:00,3171.0
2017-08-28 00:00:00,3425.0
2017-08-28 01:00:00,3308.0
2017-08-28 02:00:00,3057.0
2017-08-28 03:00:00,2950.0
2017-08-28 04:00:00,2745.0
2017-08-28 05:00:00,2596.0
2017-08-28 06:00:00,2602.0
2017-08-28 07:00:00,2551.0
2017-08-28 08:00:00,2638.0
2017-08-28 09:00:00,2569.0
2017-08-28 10:00:00,2902.0
2017-08-28 11:00:00,3263.0
2017-08-28 12:00:00,3417.0
2017-08-28 13:00:00,3346.0
2017-08-28 14:00:00,3578.0
2017-08-28 15:00:00,3386.0
2017-08-28 16:00:00,3377.0
2017-08-28 17:00:00,3383.0
2017-08-28 18:00:00,3511.0
2017-08-28 19:00:00,3482.0
2017-08-28 20:00:00,3291.0
2017-08-28 21:00:00,3175.0
2017-08-28 22:00:00,3086.0
2017-08-28 23:00:00,3218.0
2017-08-29 00:00:00,3333.0
2017-08-29 01:00:00,3158.0
2017-08-29 02:00:00,2885.0
2017-08-29 03:00:00,2738.0
2017-08-29 04:00:00,2683.0
2017-08-29 05:00:00,2637.0
2017-08-29 06:00:00,2650.0
2017-08-29 07:00:00,2627.0
2017-08-29 08:00:00,2601.0
2017-08-29 09:00:00,2617.0
2017-08-29 10:00:00,3004.0
2017-08-29 11:00:00,3288.0
2017-08-29 12:00:00,3420.0
2017-08-29 13:00:00,3464.0
2017-08-29 14:00:00,3606.0
2017-08-29 15:00:00,3417.0
2017-08-29 16:00:00,3336.0
2017-08-29 17:00:00,3438.0
2017-08-29 18:00:00,3432.0
2017-08-29 19:00:00,3310.0
2017-08-29 20:00:00,3204.0
2017-08-29 21:00:00,3279.0
2017-08-29 22:00:00,3094.0
2017-08-29 23:00:00,3301.0
2017-08-30 00:00:00,3478.0
2017-08-30 01:00:00,3326.0
2017-08-30 02:00:00,3137.0
2017-08-30 03:00:00,3003.0
2017-08-30 04:00:00,2865.0
2017-08-30 05:00:00,2719.0
2017-08-30 06:00:00,2675.0
2017-08-30 07:00:00,2639.0
2017-08-30 08:00:00,2641.0
2017-08-30 09:00:00,2597.0
2017-08-30 10:00:00,3036.0
2017-08-30 11:00:00,3292.0
2017-08-30 12:00:00,3427.0
2017-08-30 13:00:00,3417.0
2017-08-30 14:00:00,3439.0
2017-08-30 15:00:00,3426.0
2017-08-30 16:00:00,3595.0
2017-08-30 17:00:00,3525.0
2017-08-30 18:00:00,3632.0
2017-08-30 19:00:00,3569.0
2017-08-30 20:00:00,3465.0
2017-08-30 21:00:00,3316.0
2017-08-30 22:00:00,3225.0
2017-08-30 23:00:00,3429.0
2017-08-31 00:00:00,3526.0
2017-08-31 01:00:00,3534.0
2017-08-31 02:00:00,3141.0
2017-08-31 03:00:00,2962.0
2017-08-31 04:00:00,2939.0
2017-08-31 05:00:00,2819.0
2017-08-31 06:00:00,2739.0
2017-08-31 07:00:00,2779.0
2017-08-31 08:00:00,2675.0
2017-08-31 09:00:00,2589.0
2017-08-31 10:00:00,2854.0
2017-08-31 11:00:00,2675.0
2017-08-31 12:00:00,2683.0
2017-08-31 13:00:00,2816.0
2017-08-31 14:00:00,2864.0
2017-08-31 15:00:00,2752.0
2017-08-31 16:00:00,2940.0
2017-08-31 17:00:00,2944.0
2017-08-31 18:00:00,2903.0
2017-08-31 19:00:00,2937.0
2017-08-31 20:00:00,2666.0
2017-08-31 21:00:00,2724.0
2017-08-31 22:00:00,2897.0
2017-08-31 23:00:00,2955.0
2017-09-01 00:00:00,3040.0
2017-09-01 01:00:00,3060.0
2017-09-01 02:00:00,2865.0
2017-09-01 03:00:00,2812.0
2017-09-01 04:00:00,2769.0
2017-09-01 05:00:00,2564.0
2017-09-01 06:00:00,2647.0
2017-09-01 07:00:00,2593.0
2017-09-01 08:00:00,2569.0
2017-09-01 09:00:00,2355.0
2017-09-01 10:00:00,2657.0
2017-09-01 11:00:00,2485.0
2017-09-01 12:00:00,2569.0
2017-09-01 13:00:00,2580.0
2017-09-01 14:00:00,2563.0
2017-09-01 15:00:00,2421.0
2017-09-01 16:00:00,2618.0
2017-09-01 17:00:00,2615.0
2017-09-01 18:00:00,2557.0
2017-09-01 19:00:00,2593.0
2017-09-01 20:00:00,2586.0
2017-09-01 21:00:00,2614.071510678701
2017-09-01 22:00:00,2633.521658449721
2017-09-01 23:00:00,2655.117662653247
2017-09-02 00:00:00,2678.724577979517
2017-09-02 01:00:00,2704.2074591187697
2017-09-02 02:00:00,2731.431360761244
2017-09-02 03:00:00,2760.2613375971778
2017-09-02 04:00:00,2790.56244431681
2017-09-02 05:00:00,2822.1997356103793
2017-09-02 06:00:00,2855.038266168124
2017-09-02 07:00:00,2888.9430906802827
2017-09-02 08:00:00,2923.779263837094
2017-09-02 09:00:00,2959.4118403287957
2017-09-02 10:00:00,2995.7058748456275
2017-09-02 11:00:00,3032.5264220778276
2017-09-02 12:00:00,3069.738536715634
2017-09-02 13:00:00,3107.2072734492854
2017-09-02 14:00:00,3144.7976869690206
2017-09-02 15:00:00,3182.3748319650776
2017-09-02 16:00:00,3219.803763127696
2017-09-02 17:00:00,3256.9495351471137
2017-09-02 18:00:00,3293.6772027135685
2017-09-02 19:00:00,3329.8518205172995
2017-09-02 20:00:00,3365.3384432485464
2017-09-02 21:00:00,3400.002125597546
2017-09-02 22:00:00,3433.707922254538
2017-09-02 23:00:00,3466.3208879097606
2017-09-03 00:00:00,3497.7060772534514
2017-09-03 01:00:00,3527.72854497585
2017-09-03 02:00:00,3556.253345767195
2017-09-03 03:00:00,3583.1455343177245
2017-09-03 04:00:00,3608.2701653176764
2017-09-03 05:00:00,3631.4922934572905
2017-09-03 06:00:00,3652.676973426806
2017-09-03 07:00:00,3671.68925991646
2017-09-03 08:00:00,3688.3942076164894
2017-09-03 09:00:00,3702.656871217134
2017-09-03 10:00:00,3714.342305408633
2017-09-03 11:00:00,3723.3155648812276
2017-09-03 12:00:00,3729.4417043251506
2017-09-03 13:00:00,3732.585778430646
2017-09-03 14:00:00,3732.612841887948
2017-09-03 15:00:00,3729.387949387299
2017-09-03 16:00:00,3722.7761556189316
2017-09-03 17:00:00,3712.642515273092
2017-09-03 18:00:00,3698.852083040015
2017-09-03 19:00:00,3681.269913609937
2017-09-03 20:00:00,3659.7610616731
2017-09-03 21:00:00,3634.190581919738
2017-09-03 22:00:00,3604.423529040093
2017-09-03 23:00:00,3488.0
2017-09-04 00:00:00,3654.0
2017-09-04 01:00:00,3640.0
2017-09-04 02:00:00,3463.0
2017-09-04 03:00:00,3243.0
2017-09-04 04:00:00,3166.0
2017-09-04 05:00:00,2987.0
2017-09-04 06:00:00,2873.0
2017-09-04 07:00:00,2969.0
2017-09-04 08:00:00,2842.0
2017-09-04 09:00:00,2952.0
2017-09-04 10:00:00,3225.0
2017-09-04 11:00:00,3528.0
2017-09-04 12:00:00,3518.0
2017-09-04 13:00:00,3647.0
2017-09-04 14:00:00,3750.0
2017-09-04 15:00:00,3756.0
2017-09-04 16:00:00,3786.0
2017-09-04 17:00:00,3688.0
2017-09-04 18:00:00,3766.0
2017-09-04 19:00:00,3632.0
2017-09-04 20:00:00,3290.0
2017-09-04 21:00:00,3296.0
2017-09-04 22:00:00,3422.0
2017-09-04 23:00:00,3456.0
2017-09-05 00:00:00,3560.0
2017-09-05 01:00:00,3514.0
2017-09-05 02:00:00,3277.0
2017-09-05 03:00:00,3238.0
2017-09-05 04:00:00,3151.0
2017-09-05 05:00:00,3027.0
2017-09-05 06:00:00,3028.0
2017-09-05 07:00:00,2924.0
2017-09-05 08:00:00,2734.0
2017-09-05 09:00:00,2982.0
2017-09-05 10:00:00,3359.0
2017-09-05 11:00:00,3608.0
2017-09-05 12:00:00,3824.0
2017-09-05 13:00:00,3766.0
2017-09-05 14:00:00,4354.0
2017-09-05 15:00:00,3920.0
2017-09-05 16:00:00,3954.0
2017-09-05 17:00:00,3875.0
2017-09-05 18:00:00,4002.0
2017-09-05 19:00:00,3835.0
2017-09-05 20:00:00,3410.0
2017-09-05 21:00:00,3222.0
2017-09-05 22:00:00,3351.0
2017-09-05 23:00:00,3416.0
2017-09-06 00:00:00,3658.0
2017-09-06 01:00:00,3642.0
2017-09-06 02:00:00,3438.0
2017-09-06 03:00:00,3202.0
2017-09-06 04:00:00,3078.0
2017-09-06 05:00:00,2930.0
2017-09-06 06:00:00,2913.0
2017-09-06 07:00:00,2817.0
2017-09-06 08:00:00,2763.0
2017-09-06 09:00:00,2844.0
2017-09-06 10:00:00,3198.0
2017-09-06 11:00:00,3405.0
2017-09-06 12:00:00,3525.0
2017-09-06 13:00:00,3553.0
2017-09-06 14:00:00,3631.0
2017-09-06 15:00:00,3650.0
2017-09-06 16:00:00,3454.0
2017-09-06 17:00:00,3590.0
2017-09-06 18:00:00,3844.0
2017-09-06 19:00:00,3606.0
2017-09-06 20:00:00,3422.0
2017-09-06 21:00:00,3314.0
2017-09-06 22:00:00,3282.0
2017-09-06 23:00:00,3487.0
2017-09-07 00:00:00,3684.0
2017-09-07 01:00:00,3601.0
2017-09-07 02:00:00,3368.0
2017-09-07 03:00:00,3159.0
2017-09-07 04:00:00,2964.0
2017-09-07 05:00:00,2876.0
2017-09-07 06:00:00,2822.0
2017-09-07 07:00:00,2752.0
2017-09-07 08:00:00,2694.0
2017-09-07 09:00:00,2618.0
2017-09-07 10:00:00,2747.0
2017-09-07 11:00:00,2746.0
2017-09-07 12:00:00,2810.0
2017-09-07 13:00:00,2813.0
2017-09-07 14:00:00,2784.0
2017-09-07 15:00:00,2863.0
2017-09-07 16:00:00,3080.0
2017-09-07 17:00:00,3106.0
2017-09-07 18:00:00,3209.0
2017-09-07 19:00:00,3065.0
2017-09-07 20:00:00,2844.0
2017-09-07 21:00:00,2984.0
2017-09-07 22:00:00,3028.0
2017-09-07 23:00:00,2994.0
2017-09-08 00:00:00,3237.0
2017-09-08 01:00:00,3080.0
2017-09-08 02:00:00,2976.0
2017-09-08 03:00:00,2895.0
2017-09-08 04:00:00,2822.0
2017-09-08 05:00:00,2678.0
2017-09-08 06:00:00,2721.0
2017-09-08 07:00:00,2691.0
2017-09-08 08:00:00,2578.0
2017-09-08 09:00:00,2517.0
2017-09-08 10:00:00,2580.0
2017-09-08 11:00:00,2557.0
2017-09-08 12:00:00,2591.0
2017-09-08 13:00:00,2644.0
2017-09-08 14:00:00,2564.0
2017-09-08 15:00:00,2496.0
2017-09-08 16:00:00,2728.0
2017-09-08 17:00:00,2645.0
2017-09-08 18:00:00,2701.0
2017-09-08 19:00:00,2592.0
2017-09-08 20:00:00,2568.0
2017-09-08 21:00:00,2465.0
2017-09-08 22:00:00,2657.0
2017-09-08 23:00:00,2551.0
2017-09-09 00:00:00,2628.0
2017-09-09 01:00:00,2544.0
2017-09-09 02:00:00,2546.0
2017-09-09 03:00:00,2524.0
2017-09-09 04:00:00,2594.0
2017-09-09 05:00:00,2592.0
2017-09-09 06:00:00,2588.0
2017-09-09 07:00:00,2534.0
2017-09-09 08:00:00,2607.0
2017-09-09 09:00:00,2646.0
2017-09-09 10:00:00,3024.0
2017-09-09 11:00:00,3324.0
2017-09-09 12:00:00,3415.0
2017-09-09 13:00:00,3505.0
2017-09-09 14:00:00,3636.0
2017-09-09 15:00:00,3507.0
2017-09-09 16:00:00,3550.0
2017-09-09 17:00:00,3665.0
2017-09-09 18:00:00,3651.0
2017-09-09 19:00:00,3568.0
2017-09-09 20:00:00,3310.0
2017-09-09 21:00:00,3315.0
2017-09-09 22:00:00,3317.0
2017-09-09 23:00:00,3433.0
2017-09-10 00:00:00,3593.0
2017-09-10 01:00:00,3584.0
2017-09-10 02:00:00,3360.0
2017-09-10 03:00:00,3057.0
2017-09-10 04:00:00,2995.0
2017-09-10 05:00:00,2872.0
2017-09-10 06:00:00,2801.0
2017-09-10 07:00:00,2736.0
2017-09-10 08:00:00,2688.0
2017-09-10 09:00:00,2591.0
2017-09-10 10:00:00,3051.0
2017-09-10 11:00:00,3289.0
2017-09-10 12:00:00,3416.0
2017-09-10 13:00:00,3468.0
2017-09-10 14:00:00,3413.0
2017-09-10 15:00:00,3553.0
2017-09-10 16:00:00,3570.0
2017-09-10 17:00:00,3568.0
2017-09-10 18:00:00,3625.0
2017-09-10 19:00:00,3703.0
2017-09-10 20:00:00,3345.0
2017-09-10 21:00:00,3245.0
2017-09-10 22:00:00,3296.0
2017-09-10 23:00:00,3270.0
2017-09-11 00:00:00,3409.0
2017-09-11 01:00:00,3457.0
2017-09-11 02:00:00,3213.0
2017-09-11 03:00:00,3024.0
2017-09-11 04:00:00,2908.0
2017-09-11 05:00:00,2735.0
2017-09-11 06:00:00,2693.0
2017-09-11 07:00:00,2653.0
2017-09-11 08:00:00,2634.0
2017-09-11 09:00:00,2591.0
2017-09-11 10:00:00,3012.0
2017-09-11 11:00:00,3332.0
2017-09-11 12:00:00,3419.0
2017-09-11 13:00:00,3357.0
2017-09-11 14:00:00,3544.0
2017-09-11 15:00:00,3422.0
2017-09-11 16:00:00,3558.2127120510168
2017-09-11 17:00:00,3621.5382011578035
2017-09-11 18:00:00,3683.0249690006044
2017-09-11 19:00:00,3742.6436670057237
2017-09-11 20:00:00,3800.364946599466
2017-09-11 21:00:00,3856.1594592081356
2017-09-11 22:00:00,3909.9978562580363
2017-09-11 23:00:00,3961.850789175473
2017-09-12 00:00:00,4011.6889093867494
2017-09-12 01:00:00,4059.4828683181695
2017-09-12 02:00:00,4105.203317396038
2017-09-12 03:00:00,4148.8209080466595
2017-09-12 04:00:00,4190.306291696338
2017-09-12 05:00:00,4229.630119771378
2017-09-12 06:00:00,4266.7630436980835
2017-09-12 07:00:00,4301.675714902759
2017-09-12 08:00:00,4334.338784811709
2017-09-12 09:00:00,4364.722904851237
2017-09-12 10:00:00,4392.798726447649
2017-09-12 11:00:00,4418.536901027246
2017-09-12 12:00:00,4441.908080016336
2017-09-12 13:00:00,4462.882914841221
2017-09-12 14:00:00,4481.432056928207
2017-09-12 15:00:00,4497.526157703596
2017-09-12 16:00:00,4511.135868593694
2017-09-12 17:00:00,4522.231841024804
2017-09-12 18:00:00,4530.784726423231
2017-09-12 19:00:00,4536.76517621528
2017-09-12 20:00:00,4540.143841827254
2017-09-12 21:00:00,4540.891374685457
2017-09-12 22:00:00,4538.978426216196
2017-09-12 23:00:00,4534.375647845773
2017-09-13 00:00:00,4527.053691000493
2017-09-13 01:00:00,4516.98320710666
2017-09-13 02:00:00,4504.134847590578
2017-09-13 03:00:00,4488.479263878552
2017-09-13 04:00:00,4469.987107396886
2017-09-13 05:00:00,4448.629029571884
2017-09-13 06:00:00,4424.375681829851
2017-09-13 07:00:00,4397.197715597089
2017-09-13 08:00:00,4367.065782299904
2017-09-13 09:00:00,4333.950533364599
2017-09-13 10:00:00,4297.822620217482
2017-09-13 11:00:00,4258.652694284854
2017-09-13 12:00:00,4216.411406993021
2017-09-13 13:00:00,4171.069409768284
2017-09-13 14:00:00,4122.5973540369505
2017-09-13 15:00:00,4070.965891225328
2017-09-13 16:00:00,4016.1456727597138
2017-09-13 17:00:00,3958.1073500664133
2017-09-13 18:00:00,3755.0
2017-09-13 19:00:00,4043.0
2017-09-13 20:00:00,3832.0
2017-09-13 21:00:00,3796.0
2017-09-13 22:00:00,3696.0
2017-09-13 23:00:00,3429.0
2017-09-14 00:00:00,3314.0
2017-09-14 01:00:00,3079.0
2017-09-14 02:00:00,2897.0
2017-09-14 03:00:00,2939.0
2017-09-14 04:00:00,2906.0
2017-09-14 05:00:00,2815.0
2017-09-14 06:00:00,2852.0
2017-09-14 07:00:00,2784.0
2017-09-14 08:00:00,2689.0
2017-09-14 09:00:00,2613.0
2017-09-14 10:00:00,2714.0
2017-09-14 11:00:00,2836.0
2017-09-14 12:00:00,2861.0
2017-09-14 13:00:00,2814.0
2017-09-14 14:00:00,2907.0
2017-09-14 15:00:00,2684.0
2017-09-14 16:00:00,2872.0
2017-09-14 17:00:00,3052.0
2017-09-14 18:00:00,3013.0
2017-09-14 19:00:00,3174.0
2017-09-14 20:00:00,3040.0
2017-09-14 21:00:00,2977.0
2017-09-14 22:00:00,2876.0
2017-09-14 23:00:00,3042.0
2017-09-15 00:00:00,2924.0
2017-09-15 01:00:00,3086.0
2017-09-15 02:00:00,2801.0
2017-09-15 03:00:00,2867.0
2017-09-15 04:00:00,2902.0
2017-09-15 05:00:00,2657.0
2017-09-15 06:00:00,2675.0
2017-09-15 07:00:00,2635.0
2017-09-15 08:00:00,2596.0
2017-09-15 09:00:00,2360.0
2017-09-15 10:00:00,2673.0
2017-09-15 11:00:00,2640.0
2017-09-15 12:00:00,2577.0
2017-09-15 13:00:00,2632.0
2017-09-15 14:00:00,2594.0
2017-09-15 15:00:00,2453.0
2017-09-15 16:00:00,2606.0
2017-09-15 17:00:00,2516.0
2017-09-15 18:00:00,2589.0
2017-09-15 19:00:00,2585.0
2017-09-15 20:00:00,2543.0
2017-09-15 21:00:00,2417.0
2017-09-15 22:00:00,2565.0
2017-09-15 23:00:00,2469.0
2017-09-16 00:00:00,2512.0
2017-09-16 01:00:00,2469.0
2017-09-16 02:00:00,2473.0
2017-09-16 03:00:00,2407.0
2017-09-16 04:00:00,2388.0
2017-09-16 05:00:00,2434.0
2017-09-16 06:00:00,2447.0
2017-09-16 07:00:00,2457.0
2017-09-16 08:00:00,2464.0
2017-09-16 09:00:00,2441.0
2017-09-16 10:00:00,3061.0
2017-09-16 11:00:00,3492.0
2017-09-16 12:00:00,3520.0
2017-09-16 13:00:00,3509.0
2017-09-16 14:00:00,3546.0
2017-09-16 15:00:00,3559.0
2017-09-16 16:00:00,3601.0
2017-09-16 17:00:00,3581.0
2017-09-16 18:00:00,3772.0
2017-09-16 19:00:00,3710.0
2017-09-16 20:00:00,3711.0
2017-09-16 21:00:00,3551.0
2017-09-16 22:00:00,3491.0
2017-09-16 23:00:00,3465.0
2017-09-17 00:00:00,3281.0
2017-09-17 01:00:00,3172.0
2017-09-17 02:00:00,2955.0
2017-09-17 03:00:00,2814.0
2017-09-17 04:00:00,2742.0
2017-09-17 05:00:00,2612.0
2017-09-17 06:00:00,2601.0
2017-09-17 07:00:00,2598.0
2017-09-17 08:00:00,2599.0
2017-09-17 09:00:00,2515.0
2017-09-17 10:00:00,3090.0
2017-09-17 11:00:00,3458.0
2017-09-17 12:00:00,3507.0
2017-09-17 13:00:00,3456.0
2017-09-17 14:00:00,3485.0
2017-09-17 15:00:00,3400.0
2017-09-17 16:00:00,3430.0
2017-09-17 17:00:00,3388.0
2017-09-17 18:00:00,3673.0
2017-09-17 19:00:00,3502.0
2017-09-17 20:00:00,3384.0
2017-09-17 21:00:00,2139.0
2017-09-17 22:00:00,2630.0
2017-09-17 23:00:00,3553.0
2017-09-18 00:00:00,3635.0
2017-09-18 01:00:00,3413.0
2017-09-18 02:00:00,3100.0
2017-09-18 03:00:00,2954.0
2017-09-18 04:00:00,2943.0
2017-09-18 05:00:00,2801.0
2017-09-18 06:00:00,2686.0
2017-09-18 07:00:00,2654.0
2017-09-18 08:00:00,2524.0
2017-09-18 09:00:00,2615.0
2017-09-18 10:00:00,2928.0
2017-09-18 11:00:00,3277.0
2017-09-18 12:00:00,3412.0
2017-09-18 13:00:00,3336.0
2017-09-18 14:00:00,3439.0
2017-09-18 15:00:00,3459.0
2017-09-18 16:00:00,3385.0
2017-09-18 17:00:00,3568.0
2017-09-18 18:00:00,3798.0
2017-09-18 19:00:00,3607.0
2017-09-18 20:00:00,3277.0
2017-09-18 21:00:00,3283.0
2017-09-18 22:00:00,3391.0
2017-09-18 23:00:00,3540.0
2017-09-19 00:00:00,3588.0
2017-09-19 01:00:00,3162.0
2017-09-19 02:00:00,3088.0
2017-09-19 03:00:00,2965.0
2017-09-19 04:00:00,2973.0
2017-09-19 05:00:00,2834.0
2017-09-19 06:00:00,2764.0
2017-09-19 07:00:00,2721.0
2017-09-19 08:00:00,2748.0
2017-09-19 09:00:00,2866.0
2017-09-19 10:00:00,3225.0
2017-09-19 11:00:00,3329.0
2017-09-19 12:00:00,3322.0
2017-09-19 13:00:00,3566.0
2017-09-19 14:00:00,3612.0
2017-09-19 15:00:00,3438.0
2017-09-19 16:00:00,3602.0
2017-09-19 17:00:00,3700.0
2017-09-19 18:00:00,3887.0
2017-09-19 19:00:00,3774.0
2017-09-19 20:00:00,3537.0
2017-09-19 21:00:00,3351.0
2017-09-19 22:00:00,3416.0
2017-09-19 23:00:00,3516.0
2017-09-20 00:00:00,3743.0
2017-09-20 01:00:00,3635.0
2017-09-20 02:00:00,3422.0
2017-09-20 03:00:00,3240.0
2017-09-20 04:00:00,3153.0
2017-09-20 05:00:00,3056.0
2017-09-20 06:00:00,3029.0
2017-09-20 07:00:00,3020.0
2017-09-20 08:00:00,2840.0
2017-09-20 09:00:00,2945.0
2017-09-20 10:00:00,3268.0
2017-09-20 11:00:00,3559.0
2017-09-20 12:00:00,3666.0
2017-09-20 13:00:00,3643.0
2017-09-20 14:00:00,3894.0
2017-09-20 15:00:00,3683.0
2017-09-20 16:00:00,3693.0
2017-09-20 17:00:00,3728.0
2017-09-20 18:00:00,3865.0
2017-09-20 19:00:00,3821.0
2017-09-20 20:00:00,3655.0
2017-09-20 21:00:00,3489.0
2017-09-20 22:00:00,3428.0
2017-09-20 23:00:00,3514.0
2017-09-21 00:00:00,3704.0
2017-09-21 01:00:00,3430.0
2017-09-21 02:00:00,3150.0
2017-09-21 03:00:00,2973.0
2017-09-21 04:00:00,2932.0
2017-09-21 05:00:00,2882.0
2017-09-21 06:00:00,2841.0
2017-09-21 07:00:00,2847.0
2017-09-21 08:00:00,2770.0
2017-09-21 09:00:00,2792.0
2017-09-21 10:00:00,2897.0
2017-09-21 11:00:00,2795.0
2017-09-21 12:00:00,2779.0
2017-09-21 13:00:00,2683.0
2017-09-21 14:00:00,2813.0
2017-09-21 15:00:00,2780.0
2017-09-21 16:00:00,2792.0
2017-09-21 17:00:00,3014.0
2017-09-21 18:00:00,2910.0
2017-09-21 19:00:00,2961.0
2017-09-21 20:00:00,2874.0
2017-09-21 21:00:00,2736.0
2017-09-21 22:00:00,2789.0
2017-09-21 23:00:00,3013.0
2017-09-22 00:00:00,3093.0
2017-09-22 01:00:00,3162.0
2017-09-22 02:00:00,2927.0
2017-09-22 03:00:00,2751.0
2017-09-22 04:00:00,2833.0
2017-09-22 05:00:00,2589.0
2017-09-22 06:00:00,2554.0
2017-09-22 07:00:00,2584.0
2017-09-22 08:00:00,2512.0
2017-09-22 09:00:00,2389.0
2017-09-22 10:00:00,2598.0
2017-09-22 11:00:00,2509.0
2017-09-22 12:00:00,2696.0
2017-09-22 13:00:00,2729.0
2017-09-22 14:00:00,2558.0
2017-09-22 15:00:00,2515.0
2017-09-22 16:00:00,2710.0
2017-09-22 17:00:00,2546.0
2017-09-22 18:00:00,2693.0
2017-09-22 19:00:00,2600.0
2017-09-22 20:00:00,2579.0
2017-09-22 21:00:00,2570.0
2017-09-22 22:00:00,2709.0
2017-09-22 23:00:00,2602.0
2017-09-23 00:00:00,2639.0
2017-09-23 01:00:00,2555.0
2017-09-23 02:00:00,2591.0
2017-09-23 03:00:00,2428.0
2017-09-23 04:00:00,2560.0
2017-09-23 05:00:00,2655.0
2017-09-23 06:00:00,2565.0
2017-09-23 07:00:00,2585.0
2017-09-23 08:00:00,2700.0
2017-09-23 09:00:00,2760.0
2017-09-23 10:00:00,3180.0
2017-09-23 11:00:00,3400.0
2017-09-23 12:00:00,3550.0
2017-09-23 13:00:00,3563.0
2017-09-23 14:00:00,3758.0
2017-09-23 15:00:00,3631.0
2017-09-23 16:00:00,3832.0
2017-09-23 17:00:00,3682.0
2017-09-23 18:00:00,3836.0
2017-09-23 19:00:00,3711.0
2017-09-23 20:00:00,3516.0
2017-09-23 21:00:00,3348.0
2017-09-23 22:00:00,3509.0
2017-09-23 23:00:00,3569.0
2017-09-24 00:00:00,3976.0
2017-09-24 01:00:00,3701.0
2017-09-24 02:00:00,3693.0
2017-09-24 03:00:00,3423.0
2017-09-24 04:00:00,3239.0
2017-09-24 05:00:00,3080.0
2017-09-24 06:00:00,3115.0
2017-09-24 07:00:00,3110.0
2017-09-24 08:00:00,2719.0
2017-09-24 09:00:00,2908.0
2017-09-24 10:00:00,3295.0
2017-09-24 11:00:00,3415.0
2017-09-24 12:00:00,3534.0
2017-09-24 13:00:00,3719.0
2017-09-24 14:00:00,3638.0
2017-09-24 15:00:00,3605.0
2017-09-24 16:00:00,3527.0
2017-09-24 17:00:00,3626.9039536467094
2017-09-24 18:00:00,3653.923389581094
2017-09-24 19:00:00,3679.9150914692204
2017-09-24 20:00:00,3704.8725979920396
2017-09-24 21:00:00,3728.7894478305025
2017-09-24 22:00:00,3751.65917966556
2017-09-24 23:00:00,3773.475332178163
2017-09-25 00:00:00,3794.2314440492632
2017-09-25 01:00:00,3813.9210539598107
2017-09-25 02:00:00,3832.5377005907567
2017-09-25 03:00:00,3850.0749226230528
2017-09-25 04:00:00,3866.5262587376496
2017-09-25 05:00:00,3881.885247615498
2017-09-25 06:00:00,3896.145427937549
2017-09-25 07:00:00,3909.3003383847536
2017-09-25 08:00:00,3921.343517638063
2017-09-25 09:00:00,3932.268504378428
2017-09-25 10:00:00,3942.0688372868
2017-09-25 11:00:00,3950.7380550441294
2017-09-25 12:00:00,3958.269696331368
2017-09-25 13:00:00,3964.657299829466
2017-09-25 14:00:00,3969.894404219375
2017-09-25 15:00:00,3973.974548182046
2017-09-25 16:00:00,3976.8912703984292
2017-09-25 17:00:00,3978.638109549476
2017-09-25 18:00:00,3979.208604316138
2017-09-25 19:00:00,3978.5962933793658
2017-09-25 20:00:00,3976.79471542011
2017-09-25 21:00:00,3973.797409119322
2017-09-25 22:00:00,3969.5979131579525
2017-09-25 23:00:00,3964.189766216953
2017-09-26 00:00:00,3957.5665069772745
2017-09-26 01:00:00,3949.721674119868
2017-09-26 02:00:00,3940.6488063256847
2017-09-26 03:00:00,3930.341442275674
2017-09-26 04:00:00,3918.793120650789
2017-09-26 05:00:00,3905.99738013198
2017-09-26 06:00:00,3891.9477594001974
2017-09-26 07:00:00,3876.6377971363927
2017-09-26 08:00:00,3860.0610320215164
2017-09-26 09:00:00,3842.2110027365193
2017-09-26 10:00:00,3823.081247962353
2017-09-26 11:00:00,3802.6653063799686
2017-09-26 12:00:00,3780.9567166703173
2017-09-26 13:00:00,3757.94901751435
2017-09-26 14:00:00,3733.6357475930167
2017-09-26 15:00:00,3708.0104455872697
2017-09-26 16:00:00,3681.0666501780615
2017-09-26 17:00:00,3652.7979000463397
2017-09-26 18:00:00,3623.1977338730558
2017-09-26 19:00:00,3703.0
2017-09-26 20:00:00,3408.0
2017-09-26 21:00:00,3426.0
2017-09-26 22:00:00,3359.0
2017-09-26 23:00:00,3517.0
2017-09-27 00:00:00,3700.0
2017-09-27 01:00:00,3606.0
2017-09-27 02:00:00,3330.0
2017-09-27 03:00:00,3269.0
2017-09-27 04:00:00,3133.0
2017-09-27 05:00:00,3119.0
2017-09-27 06:00:00,3234.0
2017-09-27 07:00:00,3533.0
2017-09-27 08:00:00,3311.0
2017-09-27 09:00:00,2948.0
2017-09-27 10:00:00,2879.0
2017-09-27 11:00:00,3023.0
2017-09-27 12:00:00,2941.0
2017-09-27 13:00:00,3397.0
2017-09-27 14:00:00,3391.0
2017-09-27 15:00:00,3196.0
2017-09-27 16:00:00,3358.0
2017-09-27 17:00:00,3443.0
2017-09-27 18:00:00,3488.0
2017-09-27 19:00:00,3324.0
2017-09-27 20:00:00,3188.0
2017-09-27 21:00:00,3211.0
2017-09-27 22:00:00,3156.0
2017-09-27 23:00:00,3289.0
2017-09-28 00:00:00,3619.0
2017-09-28 01:00:00,3452.0
2017-09-28 02:00:00,3290.0
2017-09-28 03:00:00,3154.0
2017-09-28 04:00:00,3165.0
2017-09-28 05:00:00,2950.0
2017-09-28 06:00:00,2987.0
2017-09-28 07:00:00,2882.0
2017-09-28 08:00:00,2778.0
2017-09-28 09:00:00,2615.0
2017-09-28 10:00:00,2781.0
2017-09-28 11:00:00,2578.0
2017-09-28 12:00:00,2691.0
2017-09-28 13:00:00,2786.0
2017-09-28 14:00:00,2690.0
2017-09-28 15:00:00,2797.0
2017-09-28 16:00:00,2859.0
2017-09-28 17:00:00,2834.0
2017-09-28 18:00:00,2888.0
2017-09-28 19:00:00,2694.0
2017-09-28 20:00:00,2608.0
2017-09-28 21:00:00,2678.0
2017-09-28 22:00:00,2696.0
2017-09-28 23:00:00,2630.0
2017-09-29 00:00:00,2672.0
2017-09-29 01:00:00,2628.0
2017-09-29 02:00:00,2565.0
2017-09-29 03:00:00,0.0
2017-09-29 04:00:00,2507.0
2017-09-29 05:00:00,2522.0
2017-09-29 06:00:00,2601.0
2017-09-29 07:00:00,2546.0
2017-09-29 08:00:00,2441.0
2017-09-29 09:00:00,2513.0
2017-09-29 10:00:00,2523.0
2017-09-29 11:00:00,2483.0
2017-09-29 12:00:00,2634.0
2017-09-29 13:00:00,2556.0
2017-09-29 14:00:00,2461.0
2017-09-29 15:00:00,2599.0
2017-09-29 16:00:00,2697.0
2017-09-29 17:00:00,2716.0
2017-09-29 18:00:00,2845.0
2017-09-29 19:00:00,2701.0
2017-09-29 20:00:00,2493.0
2017-09-29 21:00:00,2592.0
2017-09-29 22:00:00,2670.0
2017-09-29 23:00:00,2646.0
2017-09-30 00:00:00,2695.0
2017-09-30 01:00:00,2580.0
2017-09-30 02:00:00,2440.0
2017-09-30 03:00:00,2533.0
2017-09-30 04:00:00,2630.0
2017-09-30 05:00:00,2487.0
2017-09-30 06:00:00,2521.0
2017-09-30 07:00:00,2519.0
2017-09-30 08:00:00,2501.0
2017-09-30 09:00:00,2661.0
2017-09-30 10:00:00,3066.0
2017-09-30 11:00:00,3378.0
2017-09-30 12:00:00,3479.0
2017-09-30 13:00:00,3617.0
2017-09-30 14:00:00,3573.0
2017-09-30 15:00:00,3717.0
2017-09-30 16:00:00,3572.0
2017-09-30 17:00:00,3554.0
2017-09-30 18:00:00,3737.0
2017-09-30 19:00:00,3637.0
2017-09-30 20:00:00,3382.0
2017-09-30 21:00:00,3274.0
2017-09-30 22:00:00,3275.0
2017-09-30 23:00:00,3432.0
2017-10-01 00:00:00,3532.0
2017-10-01 01:00:00,3525.0
2017-10-01 02:00:00,3384.0
2017-10-01 03:00:00,3221.0
2017-10-01 04:00:00,3167.0
2017-10-01 05:00:00,2903.0
2017-10-01 06:00:00,2858.0
2017-10-01 07:00:00,2795.0
2017-10-01 08:00:00,2585.0
2017-10-01 09:00:00,2726.0
2017-10-01 10:00:00,3039.0
2017-10-01 11:00:00,3395.0
2017-10-01 12:00:00,3440.0
2017-10-01 13:00:00,3447.0
2017-10-01 14:00:00,3611.0
2017-10-01 15:00:00,3598.0
2017-10-01 16:00:00,3560.0
2017-10-01 17:00:00,3594.0
2017-10-01 18:00:00,3713.0
2017-10-01 19:00:00,3675.0
2017-10-01 20:00:00,3460.0
2017-10-01 21:00:00,3282.0
2017-10-01 22:00:00,3304.0
2017-10-01 23:00:00,3309.0
2017-10-02 00:00:00,3464.0
2017-10-02 01:00:00,3392.0
2017-10-02 02:00:00,3184.0
2017-10-02 03:00:00,3143.0
2017-10-02 04:00:00,2963.0
2017-10-02 05:00:00,2869.0
2017-10-02 06:00:00,2759.0
2017-10-02 07:00:00,2600.0
2017-10-02 08:00:00,2591.0
2017-10-02 09:00:00,2678.0
2017-10-02 10:00:00,2999.0
2017-10-02 11:00:00,3508.0
2017-10-02 12:00:00,3579.0
2017-10-02 13:00:00,3533.0
2017-10-02 14:00:00,3625.0
2017-10-02 15:00:00,3472.0
2017-10-02 16:00:00,3536.0
2017-10-02 17:00:00,3553.0
2017-10-02 18:00:00,3676.0
2017-10-02 19:00:00,3488.0
2017-10-02 20:00:00,3264.0
2017-10-02 21:00:00,3290.0
2017-10-02 22:00:00,3395.0
2017-10-02 23:00:00,3363.0
2017-10-03 00:00:00,3449.0
2017-10-03 01:00:00,3371.0
2017-10-03 02:00:00,3085.0
2017-10-03 03:00:00,3049.0
2017-10-03 04:00:00,2907.0
2017-10-03 05:00:00,2815.0
2017-10-03 06:00:00,2767.0
2017-10-03 07:00:00,2641.0
2017-10-03 08:00:00,2554.0
2017-10-03 09:00:00,2676.0
2017-10-03 10:00:00,2986.0
2017-10-03 11:00:00,3445.0
2017-10-03 12:00:00,3440.0
2017-10-03 13:00:00,3520.0
2017-10-03 14:00:00,3471.0
2017-10-03 15:00:00,3410.0
2017-10-03 16:00:00,3544.0
2017-10-03 17:00:00,3584.0
2017-10-03 18:00:00,3603.0
2017-10-03 19:00:00,3394.0
2017-10-03 20:00:00,3211.0
2017-10-03 21:00:00,3258.0
2017-10-03 22:00:00,3302.0
2017-10-03 23:00:00,3433.0
2017-10-04 00:00:00,3544.0
2017-10-04 01:00:00,3408.0
2017-10-04 02:00:00,3216.0
2017-10-04 03:00:00,3166.0
2017-10-04 04:00:00,3093.0
2017-10-04 05:00:00,2882.0
2017-10-04 06:00:00,2796.0
2017-10-04 07:00:00,2667.0
2017-10-04 08:00:00,2636.0
2017-10-04 09:00:00,2795.0
2017-10-04 10:00:00,3093.0
2017-10-04 11:00:00,3362.0
2017-10-04 12:00:00,3446.0
2017-10-04 13:00:00,3412.0
2017-10-04 14:00:00,3504.0
2017-10-04 15:00:00,3460.0
2017-10-04 16:00:00,3498.0
2017-10-04 17:00:00,3516.0
2017-10-04 18:00:00,3725.0
2017-10-04 19:00:00,3495.0
2017-10-04 20:00:00,3272.0
2017-10-04 21:00:00,3230.0
2017-10-04 22:00:00,3284.0
2017-10-04 23:00:00,3327.0
2017-10-05 00:00:00,3541.0
2017-10-05 01:00:00,3339.0
2017-10-05 02:00:00,3052.0
2017-10-05 03:00:00,2993.0
2017-10-05 04:00:00,2951.0
2017-10-05 05:00:00,2843.0
2017-10-05 06:00:00,2808.0
2017-10-05 07:00:00,2745.0
2017-10-05 08:00:00,2621.0
2017-10-05 09:00:00,2595.0
2017-10-05 10:00:00,2515.0
2017-10-05 11:00:00,2707.0
2017-10-05 12:00:00,2738.0
2017-10-05 13:00:00,2797.0
2017-10-05 14:00:00,2769.0
2017-10-05 15:00:00,2678.0
2017-10-05 16:00:00,2807.0
2017-10-05 17:00:00,2947.0
2017-10-05 18:00:00,3029.0
2017-10-05 19:00:00,2814.0
2017-10-05 20:00:00,2664.0
2017-10-05 21:00:00,2775.0
2017-10-05 22:00:00,2875.0
2017-10-05 23:00:00,2828.0
2017-10-06 00:00:00,2880.0
2017-10-06 01:00:00,2960.0
2017-10-06 02:00:00,2774.0
2017-10-06 03:00:00,2721.0
2017-10-06 04:00:00,2625.0
2017-10-06 05:00:00,2510.0
2017-10-06 06:00:00,2516.0
2017-10-06 07:00:00,2528.0
2017-10-06 08:00:00,2430.0
2017-10-06 09:00:00,2385.0
2017-10-06 10:00:00,2385.0
2017-10-06 11:00:00,2410.0
2017-10-06 12:00:00,2497.0
2017-10-06 13:00:00,2534.0
2017-10-06 14:00:00,2477.0
2017-10-06 15:00:00,2436.0
2017-10-06 16:00:00,2593.0
2017-10-06 17:00:00,2574.0
2017-10-06 18:00:00,2682.0
2017-10-06 19:00:00,2621.0
2017-10-06 20:00:00,2530.0
2017-10-06 21:00:00,2520.0
2017-10-06 22:00:00,2615.0
2017-10-06 23:00:00,2524.0
2017-10-07 00:00:00,2577.0
2017-10-07 01:00:00,2600.0
2017-10-07 02:00:00,2458.0
2017-10-07 03:00:00,2489.0
2017-10-07 04:00:00,2503.0
2017-10-07 05:00:00,2478.0
2017-10-07 06:00:00,2490.0
2017-10-07 07:00:00,2480.0
2017-10-07 08:00:00,2547.0
2017-10-07 09:00:00,2664.0
2017-10-07 10:00:00,2954.0
2017-10-07 11:00:00,3269.0
2017-10-07 12:00:00,3344.0
2017-10-07 13:00:00,3505.0
2017-10-07 14:00:00,3440.0
2017-10-07 15:00:00,3536.0
2017-10-07 16:00:00,3479.0
2017-10-07 17:00:00,3620.0
2017-10-07 18:00:00,3719.0
2017-10-07 19:00:00,3580.0
2017-10-07 20:00:00,3234.0
2017-10-07 21:00:00,3294.0
2017-10-07 22:00:00,3274.0
2017-10-07 23:00:00,3348.0
2017-10-08 00:00:00,3451.0
2017-10-08 01:00:00,3374.0
2017-10-08 02:00:00,3167.0
2017-10-08 03:00:00,3129.0
2017-10-08 04:00:00,3046.0
2017-10-08 05:00:00,2836.0
2017-10-08 06:00:00,2784.0
2017-10-08 07:00:00,2647.0
2017-10-08 08:00:00,2561.0
2017-10-08 09:00:00,2775.0
2017-10-08 10:00:00,2975.0
2017-10-08 11:00:00,3461.0
2017-10-08 12:00:00,3469.0
2017-10-08 13:00:00,3586.0
2017-10-08 14:00:00,3629.0
2017-10-08 15:00:00,3713.0
2017-10-08 16:00:00,3608.0
2017-10-08 17:00:00,3611.0
2017-10-08 18:00:00,3807.0
2017-10-08 19:00:00,3649.0
2017-10-08 20:00:00,3477.0
2017-10-08 21:00:00,3316.0
2017-10-08 22:00:00,3228.0
2017-10-08 23:00:00,3404.0
2017-10-09 00:00:00,3515.0
2017-10-09 01:00:00,3507.0
2017-10-09 02:00:00,3302.0
2017-10-09 03:00:00,3294.0
2017-10-09 04:00:00,3134.0
2017-10-09 05:00:00,2985.0
2017-10-09 06:00:00,2952.0
2017-10-09 07:00:00,2770.0
2017-10-09 08:00:00,2723.0
2017-10-09 09:00:00,2900.0
2017-10-09 10:00:00,3161.0
2017-10-09 11:00:00,3515.0
2017-10-09 12:00:00,3511.0
2017-10-09 13:00:00,3609.0
2017-10-09 14:00:00,3661.0
2017-10-09 15:00:00,3669.0
2017-10-09 16:00:00,3540.0
2017-10-09 17:00:00,3725.0
2017-10-09 18:00:00,3731.0
2017-10-09 19:00:00,3730.0
2017-10-09 20:00:00,3365.0
2017-10-09 21:00:00,3371.0
2017-10-09 22:00:00,3382.0
2017-10-09 23:00:00,3514.0
2017-10-10 00:00:00,3440.0
2017-10-10 01:00:00,3410.0
2017-10-10 02:00:00,3128.0
2017-10-10 03:00:00,3091.0
2017-10-10 04:00:00,3049.0
2017-10-10 05:00:00,2975.0
2017-10-10 06:00:00,2910.0
2017-10-10 07:00:00,2807.0
2017-10-10 08:00:00,2724.0
2017-10-10 09:00:00,2785.0
2017-10-10 10:00:00,3155.0
2017-10-10 11:00:00,3434.0
2017-10-10 12:00:00,3488.0
2017-10-10 13:00:00,3534.0
2017-10-10 14:00:00,3555.0
2017-10-10 15:00:00,3503.0
2017-10-10 16:00:00,3648.0
2017-10-10 17:00:00,3709.0
2017-10-10 18:00:00,3804.0
2017-10-10 19:00:00,3756.0
2017-10-10 20:00:00,3499.0
2017-10-10 21:00:00,3477.0
2017-10-10 22:00:00,3339.0
2017-10-10 23:00:00,3384.0
2017-10-11 00:00:00,3530.0
2017-10-11 01:00:00,3417.0
2017-10-11 02:00:00,3219.0
2017-10-11 03:00:00,3226.0
2017-10-11 04:00:00,3173.0
2017-10-11 05:00:00,3018.0
2017-10-11 06:00:00,2890.0
2017-10-11 07:00:00,2792.0
2017-10-11 08:00:00,2647.0
2017-10-11 09:00:00,2788.0
2017-10-11 10:00:00,3019.0
2017-10-11 11:00:00,3342.0
2017-10-11 12:00:00,3401.0
2017-10-11 13:00:00,3480.0
2017-10-11 14:00:00,3648.0
2017-10-11 15:00:00,3624.0
2017-10-11 16:00:00,3674.0
2017-10-11 17:00:00,3705.0
2017-10-11 18:00:00,3887.0
2017-10-11 19:00:00,3859.0
2017-10-11 20:00:00,3605.0
2017-10-11 21:00:00,3371.0
2017-10-11 22:00:00,3322.0
2017-10-11 23:00:00,3446.0
2017-10-12 00:00:00,3572.0
2017-10-12 01:00:00,3425.0
2017-10-12 02:00:00,3198.0
2017-10-12 03:00:00,3195.0
2017-10-12 04:00:00,3057.0
2017-10-12 05:00:00,2967.0
2017-10-12 06:00:00,2822.0
2017-10-12 07:00:00,2772.0
2017-10-12 08:00:00,2655.0
2017-10-12 09:00:00,2694.0
2017-10-12 10:00:00,2767.0
2017-10-12 11:00:00,2780.0
2017-10-12 12:00:00,2714.0
2017-10-12 13:00:00,2805.0
2017-10-12 14:00:00,2851.0
2017-10-12 15:00:00,2936.0
2017-10-12 16:00:00,2963.0
2017-10-12 17:00:00,2989.0
2017-10-12 18:00:00,3143.0
2017-10-12 19:00:00,3188.0
2017-10-12 20:00:00,2995.0
2017-10-12 21:00:00,3078.0
2017-10-12 22:00:00,3257.0
2017-10-12 23:00:00,3253.0
2017-10-13 00:00:00,3179.0
2017-10-13 01:00:00,3112.0
2017-10-13 02:00:00,2946.0
2017-10-13 03:00:00,2957.0
2017-10-13 04:00:00,2840.0
2017-10-13 05:00:00,2759.0
2017-10-13 06:00:00,2674.0
2017-10-13 07:00:00,2560.0
2017-10-13 08:00:00,2489.0
2017-10-13 09:00:00,2407.0
2017-10-13 10:00:00,2472.0
2017-10-13 11:00:00,2586.0
2017-10-13 12:00:00,2584.0
2017-10-13 13:00:00,2671.0
2017-10-13 14:00:00,2549.0
2017-10-13 15:00:00,2749.0
2017-10-13 16:00:00,3047.0
2017-10-13 17:00:00,2966.0
2017-10-13 18:00:00,3126.0
2017-10-13 19:00:00,3011.0
2017-10-13 20:00:00,2833.0
2017-10-13 21:00:00,2817.0
2017-10-13 22:00:00,2785.0
2017-10-13 23:00:00,2696.0
2017-10-14 00:00:00,2691.0
2017-10-14 01:00:00,2643.0
2017-10-14 02:00:00,2515.0
2017-10-14 03:00:00,2570.0
2017-10-14 04:00:00,2575.0
2017-10-14 05:00:00,2552.0
2017-10-14 06:00:00,2605.0
2017-10-14 07:00:00,2582.0
2017-10-14 08:00:00,2532.0
2017-10-14 09:00:00,2721.0
2017-10-14 10:00:00,2965.0
2017-10-14 11:00:00,3378.0
2017-10-14 12:00:00,3487.0
2017-10-14 13:00:00,3453.0
2017-10-14 14:00:00,3543.0
2017-10-14 15:00:00,3674.0
2017-10-14 16:00:00,3761.0
2017-10-14 17:00:00,3922.0
2017-10-14 18:00:00,4016.0
2017-10-14 19:00:00,4090.0
2017-10-14 20:00:00,3538.0
2017-10-14 21:00:00,3395.0
2017-10-14 22:00:00,3407.0
2017-10-14 23:00:00,3372.0
2017-10-15 00:00:00,3543.0
2017-10-15 01:00:00,3394.0
2017-10-15 02:00:00,3215.0
2017-10-15 03:00:00,3170.0
2017-10-15 04:00:00,2981.0
2017-10-15 05:00:00,2936.0
2017-10-15 06:00:00,2775.0
2017-10-15 07:00:00,2675.0
2017-10-15 08:00:00,2604.0
2017-10-15 09:00:00,2725.0
2017-10-15 10:00:00,3047.0
2017-10-15 11:00:00,3314.0
2017-10-15 12:00:00,3449.0
2017-10-15 13:00:00,3547.0
2017-10-15 14:00:00,3704.0
2017-10-15 15:00:00,3690.0
2017-10-15 16:00:00,3851.0
2017-10-15 17:00:00,3742.0
2017-10-15 18:00:00,4032.0
2017-10-15 19:00:00,3958.0
2017-10-15 20:00:00,3782.0
2017-10-15 21:00:00,3478.0
2017-10-15 22:00:00,3484.0
2017-10-15 23:00:00,3313.0
2017-10-16 00:00:00,3561.0
2017-10-16 01:00:00,3365.0
2017-10-16 02:00:00,3139.0
2017-10-16 03:00:00,3083.0
2017-10-16 04:00:00,2911.0
2017-10-16 05:00:00,2779.0
2017-10-16 06:00:00,2741.0
2017-10-16 07:00:00,2593.0
2017-10-16 08:00:00,2554.0
2017-10-16 09:00:00,2752.0
2017-10-16 10:00:00,3033.0
2017-10-16 11:00:00,3350.0
2017-10-16 12:00:00,3495.0
2017-10-16 13:00:00,3550.0
2017-10-16 14:00:00,3595.0
2017-10-16 15:00:00,3806.0
2017-10-16 16:00:00,3887.0
2017-10-16 17:00:00,3746.0
2017-10-16 18:00:00,4039.0
2017-10-16 19:00:00,4308.0
2017-10-16 20:00:00,3871.0
2017-10-16 21:00:00,3551.0
2017-10-16 22:00:00,3708.0
2017-10-16 23:00:00,3761.0
2017-10-17 00:00:00,3745.0
2017-10-17 01:00:00,3633.0
2017-10-17 02:00:00,3336.0
2017-10-17 03:00:00,3026.0
2017-10-17 04:00:00,3124.0
2017-10-17 05:00:00,2999.0
2017-10-17 06:00:00,2948.0
2017-10-17 07:00:00,2935.0
2017-10-17 08:00:00,2712.0
2017-10-17 09:00:00,2623.0
2017-10-17 10:00:00,3091.0
2017-10-17 11:00:00,3416.0
2017-10-17 12:00:00,3427.0
2017-10-17 13:00:00,3538.0
2017-10-17 14:00:00,3538.0
2017-10-17 15:00:00,3679.0
2017-10-17 16:00:00,3899.0
2017-10-17 17:00:00,3867.0
2017-10-17 18:00:00,4002.0
2017-10-17 19:00:00,3871.0
2017-10-17 20:00:00,3693.0
2017-10-17 21:00:00,3547.0
2017-10-17 22:00:00,3519.0
2017-10-17 23:00:00,3418.0
2017-10-18 00:00:00,3754.0
2017-10-18 01:00:00,3586.0
2017-10-18 02:00:00,3462.0
2017-10-18 03:00:00,3410.0
2017-10-18 04:00:00,3208.0
2017-10-18 05:00:00,3079.0
2017-10-18 06:00:00,3073.0
2017-10-18 07:00:00,3051.0
2017-10-18 08:00:00,2900.0
2017-10-18 09:00:00,2811.0
2017-10-18 10:00:00,3173.0
2017-10-18 11:00:00,3448.0
2017-10-18 12:00:00,3607.0
2017-10-18 13:00:00,3607.0
2017-10-18 14:00:00,3794.0
2017-10-18 15:00:00,3860.0
2017-10-18 16:00:00,4109.0
2017-10-18 17:00:00,4185.0
2017-10-18 18:00:00,4404.0
2017-10-18 19:00:00,4253.0
2017-10-18 20:00:00,3887.0
2017-10-18 21:00:00,3841.0
2017-10-18 22:00:00,4014.0
2017-10-18 23:00:00,3862.0
2017-10-19 00:00:00,4002.0
2017-10-19 01:00:00,3897.0
2017-10-19 02:00:00,3658.0
2017-10-19 03:00:00,3635.0
2017-10-19 04:00:00,3542.0
2017-10-19 05:00:00,3476.0
2017-10-19 06:00:00,3335.0
2017-10-19 07:00:00,3202.0
2017-10-19 08:00:00,2947.0
2017-10-19 09:00:00,2900.0
2017-10-19 10:00:00,2874.0
2017-10-19 11:00:00,2868.0
2017-10-19 12:00:00,2939.0
2017-10-19 13:00:00,3085.0
2017-10-19 14:00:00,3073.0
2017-10-19 15:00:00,3172.0
2017-10-19 16:00:00,3235.0
2017-10-19 17:00:00,3270.0
2017-10-19 18:00:00,3467.0
2017-10-19 19:00:00,3391.0
2017-10-19 20:00:00,3218.0
2017-10-19 21:00:00,3224.0
2017-10-19 22:00:00,3399.0
2017-10-19 23:00:00,3436.0
2017-10-20 00:00:00,3592.0
2017-10-20 01:00:00,3513.0
2017-10-20 02:00:00,3209.0
2017-10-20 03:00:00,3180.0
2017-10-20 04:00:00,3226.0
2017-10-20 05:00:00,2819.0
2017-10-20 06:00:00,2788.0
2017-10-20 07:00:00,2806.0
2017-10-20 08:00:00,2673.0
2017-10-20 09:00:00,2652.0
2017-10-20 10:00:00,2766.0
2017-10-20 11:00:00,2719.0
2017-10-20 12:00:00,2768.0
2017-10-20 13:00:00,2826.0
2017-10-20 14:00:00,2853.0
2017-10-20 15:00:00,2966.0
2017-10-20 16:00:00,3135.0
2017-10-20 17:00:00,3140.0
2017-10-20 18:00:00,3182.0
2017-10-20 19:00:00,3183.0
2017-10-20 20:00:00,2868.0
2017-10-20 21:00:00,2939.0
2017-10-20 22:00:00,2929.0
2017-10-20 23:00:00,2760.0
2017-10-21 00:00:00,2910.0
2017-10-21 01:00:00,2889.0
2017-10-21 02:00:00,2685.0
2017-10-21 03:00:00,2762.0
2017-10-21 04:00:00,2880.0
2017-10-21 05:00:00,2851.0
2017-10-21 06:00:00,2861.0
2017-10-21 07:00:00,2811.0
2017-10-21 08:00:00,2721.0
2017-10-21 09:00:00,2844.0
2017-10-21 10:00:00,3098.0
2017-10-21 11:00:00,3187.0
2017-10-21 12:00:00,3455.0
2017-10-21 13:00:00,3534.0
2017-10-21 14:00:00,3813.0
2017-10-21 15:00:00,3806.0
2017-10-21 16:00:00,3815.0
2017-10-21 17:00:00,3807.0
2017-10-21 18:00:00,4048.0
2017-10-21 19:00:00,3926.0
2017-10-21 20:00:00,3648.0
2017-10-21 21:00:00,3516.0
2017-10-21 22:00:00,3861.0
2017-10-21 23:00:00,3824.0
2017-10-22 00:00:00,3897.0
2017-10-22 01:00:00,3885.0
2017-10-22 02:00:00,3551.0
2017-10-22 03:00:00,3453.0
2017-10-22 04:00:00,3494.0
2017-10-22 05:00:00,3290.0
2017-10-22 06:00:00,3220.0
2017-10-22 07:00:00,3151.0
2017-10-22 08:00:00,3066.0
2017-10-22 09:00:00,3042.0
2017-10-22 10:00:00,3111.0
2017-10-22 11:00:00,3132.0
2017-10-22 12:00:00,3427.0
2017-10-22 13:00:00,3922.0
2017-10-22 14:00:00,3836.0
2017-10-22 15:00:00,3812.0
2017-10-22 16:00:00,3834.0
2017-10-22 17:00:00,3870.0
2017-10-22 18:00:00,4002.0
2017-10-22 19:00:00,4068.0
2017-10-22 20:00:00,3893.0
2017-10-22 21:00:00,3741.0
2017-10-22 22:00:00,3816.0
2017-10-22 23:00:00,3804.0
2017-10-23 00:00:00,3866.0
2017-10-23 01:00:00,3868.0
2017-10-23 02:00:00,3631.0
2017-10-23 03:00:00,3602.0
2017-10-23 04:00:00,3404.0
2017-10-23 05:00:00,3185.0
2017-10-23 06:00:00,3016.0
2017-10-23 07:00:00,3046.0
2017-10-23 08:00:00,2852.0
2017-10-23 09:00:00,2900.0
2017-10-23 10:00:00,3118.0
2017-10-23 11:00:00,3356.0
2017-10-23 12:00:00,3533.0
2017-10-23 13:00:00,3652.0
2017-10-23 14:00:00,3868.0
2017-10-23 15:00:00,4011.0
2017-10-23 16:00:00,4216.0
2017-10-23 17:00:00,4109.0
2017-10-23 18:00:00,4344.0
2017-10-23 19:00:00,4290.0
2017-10-23 20:00:00,4049.0
2017-10-23 21:00:00,4010.0
2017-10-23 22:00:00,4042.0
2017-10-23 23:00:00,3991.0
2017-10-24 00:00:00,3956.0
2017-10-24 01:00:00,3882.0
2017-10-24 02:00:00,3688.0
2017-10-24 03:00:00,3565.0
2017-10-24 04:00:00,3581.0
2017-10-24 05:00:00,3279.0
2017-10-24 06:00:00,3286.0
2017-10-24 07:00:00,3319.0
2017-10-24 08:00:00,3034.0
2017-10-24 09:00:00,3098.0
2017-10-24 10:00:00,3293.0
2017-10-24 11:00:00,3143.0
2017-10-24 12:00:00,3321.0
2017-10-24 13:00:00,3553.0
2017-10-24 14:00:00,3723.0
2017-10-24 15:00:00,3859.0
2017-10-24 16:00:00,3897.0
2017-10-24 17:00:00,3912.0
2017-10-24 18:00:00,3784.0
2017-10-24 19:00:00,3723.0
2017-10-24 20:00:00,3520.0
2017-10-24 21:00:00,3521.0
2017-10-24 22:00:00,3831.0
2017-10-24 23:00:00,3795.0
2017-10-25 00:00:00,3942.0
2017-10-25 01:00:00,3804.0
2017-10-25 02:00:00,3645.0
2017-10-25 03:00:00,3485.0
2017-10-25 04:00:00,3402.0
2017-10-25 05:00:00,3363.0
2017-10-25 06:00:00,3220.0
2017-10-25 07:00:00,3120.0
2017-10-25 08:00:00,2872.0
2017-10-25 09:00:00,2911.0
2017-10-25 10:00:00,3059.0
2017-10-25 11:00:00,3336.0
2017-10-25 12:00:00,3511.0
2017-10-25 13:00:00,3534.0
2017-10-25 14:00:00,3673.0
2017-10-25 15:00:00,3799.0
2017-10-25 16:00:00,3936.0
2017-10-25 17:00:00,4189.0
2017-10-25 18:00:00,4275.0
2017-10-25 19:00:00,4102.0
2017-10-25 20:00:00,3654.0
2017-10-25 21:00:00,3619.0
2017-10-25 22:00:00,3509.0
2017-10-25 23:00:00,3972.0
2017-10-26 00:00:00,4094.0
2017-10-26 01:00:00,3982.0
2017-10-26 02:00:00,3771.0
2017-10-26 03:00:00,3636.0
2017-10-26 04:00:00,3596.0
2017-10-26 05:00:00,3327.0
2017-10-26 06:00:00,3266.0
2017-10-26 07:00:00,3127.0
2017-10-26 08:00:00,3027.0
2017-10-26 09:00:00,2878.0
2017-10-26 10:00:00,2992.0
2017-10-26 11:00:00,3038.0
2017-10-26 12:00:00,2994.0
2017-10-26 13:00:00,3193.0
2017-10-26 14:00:00,3064.0
2017-10-26 15:00:00,2964.0
2017-10-26 16:00:00,3123.0
2017-10-26 17:00:00,3152.0
2017-10-26 18:00:00,3100.0
2017-10-26 19:00:00,3106.0
2017-10-26 20:00:00,3092.0
2017-10-26 21:00:00,3081.0
2017-10-26 22:00:00,3226.0
2017-10-26 23:00:00,3228.0
2017-10-27 00:00:00,3247.0
2017-10-27 01:00:00,3276.0
2017-10-27 02:00:00,3052.0
2017-10-27 03:00:00,2991.0
2017-10-27 04:00:00,3016.0
2017-10-27 05:00:00,2784.0
2017-10-27 06:00:00,2825.0
2017-10-27 07:00:00,2753.0
2017-10-27 08:00:00,2624.0
2017-10-27 09:00:00,2550.0
2017-10-27 10:00:00,2568.0
2017-10-27 11:00:00,2594.0
2017-10-27 12:00:00,2682.0
2017-10-27 13:00:00,2573.0
2017-10-27 14:00:00,2597.0
2017-10-27 15:00:00,2569.0
2017-10-27 16:00:00,2806.0
2017-10-27 17:00:00,2631.0
2017-10-27 18:00:00,2728.0
2017-10-27 19:00:00,2683.0
2017-10-27 20:00:00,2678.0
2017-10-27 21:00:00,2657.0
2017-10-27 22:00:00,2690.0
2017-10-27 23:00:00,2650.0
2017-10-28 00:00:00,2703.0
2017-10-28 01:00:00,2722.0
2017-10-28 02:00:00,2667.0
2017-10-28 03:00:00,2646.0
2017-10-28 04:00:00,2658.0
2017-10-28 05:00:00,2598.0
2017-10-28 06:00:00,2678.0
2017-10-28 07:00:00,2657.0
2017-10-28 08:00:00,2661.0
2017-10-28 09:00:00,2806.0
2017-10-28 10:00:00,2902.0
2017-10-28 11:00:00,3162.0
2017-10-28 12:00:00,3182.0
2017-10-28 13:00:00,3391.0
2017-10-28 14:00:00,3426.0
2017-10-28 15:00:00,3348.0
2017-10-28 16:00:00,3358.0
2017-10-28 17:00:00,3294.0
2017-10-28 18:00:00,3446.0
2017-10-28 19:00:00,3499.0
2017-10-28 20:00:00,3305.0
2017-10-28 21:00:00,3278.0
2017-10-28 22:00:00,3321.0
2017-10-28 23:00:00,3496.0
2017-10-29 00:00:00,3462.0
2017-10-29 01:00:00,3474.0
2017-10-29 02:00:00,3390.0
2017-10-29 03:00:00,3366.0
2017-10-29 04:00:00,3150.0
2017-10-29 05:00:00,3007.0
2017-10-29 06:00:00,2941.0
2017-10-29 07:00:00,2858.0
2017-10-29 08:00:00,2827.0
2017-10-29 09:00:00,2950.0
2017-10-29 10:00:00,3114.0
2017-10-29 11:00:00,3327.0
2017-10-29 12:00:00,3428.0
2017-10-29 13:00:00,3372.0
2017-10-29 14:00:00,3398.0
2017-10-29 15:00:00,3282.0
2017-10-29 16:00:00,3448.0
2017-10-29 17:00:00,3327.0
2017-10-29 18:00:00,3429.0
2017-10-29 19:00:00,3372.0
2017-10-29 20:00:00,3243.0
2017-10-29 21:00:00,3385.0
2017-10-29 22:00:00,3354.0
2017-10-29 23:00:00,3393.0
2017-10-30 00:00:00,3606.0
2017-10-30 01:00:00,3627.0
2017-10-30 02:00:00,3447.0
2017-10-30 03:00:00,3380.0
2017-10-30 04:00:00,3216.0
2017-10-30 05:00:00,3027.0
2017-10-30 06:00:00,3028.0
2017-10-30 07:00:00,2885.0
2017-10-30 08:00:00,2758.0
2017-10-30 09:00:00,2728.0
2017-10-30 10:00:00,2759.0
2017-10-30 11:00:00,2778.0
2017-10-30 12:00:00,2768.0
2017-10-30 13:00:00,2739.0
2017-10-30 14:00:00,2685.0
2017-10-30 15:00:00,2728.0
2017-10-30 16:00:00,2940.0
2017-10-30 17:00:00,2823.0
2017-10-30 18:00:00,2878.0
2017-10-30 19:00:00,2861.0
2017-10-30 20:00:00,2677.0
2017-10-30 21:00:00,2756.0
2017-10-30 22:00:00,2798.0
2017-10-30 23:00:00,2801.0
2017-10-31 00:00:00,2832.0
2017-10-31 01:00:00,2830.0
2017-10-31 02:00:00,2737.0
2017-10-31 03:00:00,2778.0
2017-10-31 04:00:00,2839.0
2017-10-31 05:00:00,2779.0
2017-10-31 06:00:00,2780.0
2017-10-31 07:00:00,2731.0
2017-10-31 08:00:00,2679.0
2017-10-31 09:00:00,2733.0
2017-10-31 10:00:00,3022.0
2017-10-31 11:00:00,3274.0
2017-10-31 12:00:00,3388.0
2017-10-31 13:00:00,3537.0
2017-10-31 14:00:00,3595.0
2017-10-31 15:00:00,3577.0
2017-10-31 16:00:00,3650.0
2017-10-31 17:00:00,3669.0
2017-10-31 18:00:00,3827.0
2017-10-31 19:00:00,3931.0
2017-10-31 20:00:00,3678.0
2017-10-31 21:00:00,3675.0
2017-10-31 22:00:00,3563.0
2017-10-31 23:00:00,3648.8152360808067
2017-11-01 00:00:00,3654.575942676396
2017-11-01 01:00:00,3662.3956382287856
2017-11-01 02:00:00,3672.1176809992885
2017-11-01 03:00:00,3683.585429249218
2017-11-01 04:00:00,3696.6422412398883
2017-11-01 05:00:00,3711.1314752326125
2017-11-01 06:00:00,3726.896489488704
2017-11-01 07:00:00,3743.7806422694766
2017-11-01 08:00:00,3761.6272918362433
2017-11-01 09:00:00,3780.279796450318
2017-11-01 10:00:00,3799.581514373014
2017-11-01 11:00:00,3819.375803865645
2017-11-01 12:00:00,3839.5060231895245
2017-11-01 13:00:00,3859.815530605966
2017-11-01 14:00:00,3880.147684376283
2017-11-01 15:00:00,3900.345842761789
2017-11-01 16:00:00,3920.253364023797
2017-11-01 17:00:00,3939.713606423621
2017-11-01 18:00:00,3958.569928222575
2017-11-01 19:00:00,3976.665687681972
2017-11-01 20:00:00,3993.844243063125
2017-11-01 21:00:00,4009.948952627348
2017-11-01 22:00:00,4024.8231746359547
2017-11-01 23:00:00,4038.3102673502585
2017-11-02 00:00:00,4050.253589031573
2017-11-02 01:00:00,4060.4964979412116
2017-11-02 02:00:00,4068.8823523404867
2017-11-02 03:00:00,4075.2545104907135
2017-11-02 04:00:00,4079.4563306532045
2017-11-02 05:00:00,4081.331171089274
2017-11-02 06:00:00,4080.722390060234
2017-11-02 07:00:00,4077.4733458273995
2017-11-02 08:00:00,4071.427396652085
2017-11-02 09:00:00,4062.427900795602
2017-11-02 10:00:00,4050.318216519263
2017-11-02 11:00:00,4034.9417020843816
2017-11-02 12:00:00,4016.1417157522733
2017-11-02 13:00:00,3993.761615784254
2017-11-02 14:00:00,3967.6447604416308
2017-11-02 15:00:00,3937.6345079857224
2017-11-02 16:00:00,3903.574216677839
2017-11-02 17:00:00,3865.307244779299
2017-11-02 18:00:00,3822.676950551407
2017-11-02 19:00:00,3775.5266922554865
2017-11-02 20:00:00,3723.699828152846
2017-11-02 21:00:00,3667.0397165047975
2017-11-02 22:00:00,3605.389715572659
2017-11-02 23:00:00,3538.5931836177374
2017-11-03 00:00:00,3466.4934789013496
2017-11-03 01:00:00,3528.0
2017-11-03 02:00:00,3166.0
2017-11-03 03:00:00,3113.0
2017-11-03 04:00:00,3041.0
2017-11-03 05:00:00,2792.0
2017-11-03 06:00:00,2887.0
2017-11-03 07:00:00,2774.0
2017-11-03 08:00:00,2714.0
2017-11-03 09:00:00,2687.0
2017-11-03 10:00:00,2668.0
2017-11-03 11:00:00,2653.0
2017-11-03 12:00:00,2850.0
2017-11-03 13:00:00,2882.0
2017-11-03 14:00:00,2903.0
2017-11-03 15:00:00,2976.0
2017-11-03 16:00:00,3030.0
2017-11-03 17:00:00,3154.0
2017-11-03 18:00:00,3219.0
2017-11-03 19:00:00,2985.0
2017-11-03 20:00:00,2974.0
2017-11-03 21:00:00,2847.0
2017-11-03 22:00:00,2895.0
2017-11-03 23:00:00,2779.0
2017-11-04 00:00:00,2724.0
2017-11-04 01:00:00,2723.0
2017-11-04 02:00:00,2652.0
2017-11-04 03:00:00,2682.0
2017-11-04 04:00:00,2747.0
2017-11-04 05:00:00,2689.0
2017-11-04 06:00:00,2711.0
2017-11-04 07:00:00,2686.0
2017-11-04 08:00:00,2577.0
2017-11-04 09:00:00,2693.0
2017-11-04 10:00:00,3052.0
2017-11-04 11:00:00,3284.0
2017-11-04 12:00:00,3476.0
2017-11-04 13:00:00,3584.0
2017-11-04 14:00:00,3644.0
2017-11-04 15:00:00,3547.0
2017-11-04 16:00:00,3835.0
2017-11-04 17:00:00,3881.0
2017-11-04 18:00:00,3997.0
2017-11-04 19:00:00,3958.0
2017-11-04 20:00:00,3863.0
2017-11-04 21:00:00,3626.0
2017-11-04 22:00:00,3666.0
2017-11-04 23:00:00,3747.0
2017-11-05 00:00:00,3948.0
2017-11-05 01:00:00,3906.0
2017-11-05 02:00:00,3799.0
2017-11-05 03:00:00,3609.0
2017-11-05 04:00:00,3477.0
2017-11-05 05:00:00,3319.0
2017-11-05 06:00:00,3060.0
2017-11-05 07:00:00,2950.0
2017-11-05 08:00:00,2820.0
2017-11-05 09:00:00,2909.0
2017-11-05 10:00:00,3106.0
2017-11-05 11:00:00,3336.0
2017-11-05 12:00:00,3613.0
2017-11-05 13:00:00,3586.0
2017-11-05 14:00:00,3751.0
2017-11-05 15:00:00,3569.0
2017-11-05 16:00:00,3591.0
2017-11-05 17:00:00,3620.0
2017-11-05 18:00:00,3845.0
2017-11-05 19:00:00,3936.0
2017-11-05 20:00:00,3867.0
2017-11-05 21:00:00,3612.0
2017-11-05 22:00:00,3564.0
2017-11-05 23:00:00,3801.0
2017-11-06 00:00:00,3912.0
2017-11-06 01:00:00,3939.0
2017-11-06 02:00:00,3628.0
2017-11-06 03:00:00,3589.0
2017-11-06 04:00:00,3487.0
2017-11-06 05:00:00,3366.0
2017-11-06 06:00:00,3112.0
2017-11-06 07:00:00,2965.0
2017-11-06 08:00:00,2882.0
2017-11-06 09:00:00,2929.0
2017-11-06 10:00:00,2961.0
2017-11-06 11:00:00,3239.0
2017-11-06 12:00:00,3283.0
2017-11-06 13:00:00,3302.0
2017-11-06 14:00:00,3379.0
2017-11-06 15:00:00,3407.0
2017-11-06 16:00:00,3458.0
2017-11-06 17:00:00,3493.0
2017-11-06 18:00:00,3497.0
2017-11-06 19:00:00,3439.0
2017-11-06 20:00:00,3226.0
2017-11-06 21:00:00,3267.0
2017-11-06 22:00:00,3177.0
2017-11-06 23:00:00,3196.0
2017-11-07 00:00:00,3224.0
2017-11-07 01:00:00,3174.0
2017-11-07 02:00:00,3049.0
2017-11-07 03:00:00,2983.0
2017-11-07 04:00:00,2931.0
2017-11-07 05:00:00,2884.0
2017-11-07 06:00:00,2885.0
2017-11-07 07:00:00,2927.0
2017-11-07 08:00:00,2831.0
2017-11-07 09:00:00,3059.0
2017-11-07 10:00:00,3178.0
2017-11-07 11:00:00,3260.0
2017-11-07 12:00:00,3232.0
2017-11-07 13:00:00,3212.0
2017-11-07 14:00:00,3226.0
2017-11-07 15:00:00,3162.0
2017-11-07 16:00:00,3212.0
2017-11-07 17:00:00,3312.0
2017-11-07 18:00:00,3463.0
2017-11-07 19:00:00,3531.0
2017-11-07 20:00:00,3515.0
2017-11-07 21:00:00,3493.0
2017-11-07 22:00:00,3567.0
2017-11-07 23:00:00,3615.0
2017-11-08 00:00:00,3596.0
2017-11-08 01:00:00,3638.0
2017-11-08 02:00:00,3414.0
2017-11-08 03:00:00,3398.0
2017-11-08 04:00:00,3202.0
2017-11-08 05:00:00,3165.0
2017-11-08 06:00:00,3091.0
2017-11-08 07:00:00,3056.0
2017-11-08 08:00:00,3026.0
2017-11-08 09:00:00,3057.0
2017-11-08 10:00:00,3261.0
2017-11-08 11:00:00,3532.0
2017-11-08 12:00:00,3507.0
2017-11-08 13:00:00,3560.0
2017-11-08 14:00:00,3869.0
2017-11-08 15:00:00,3789.0
2017-11-08 16:00:00,3843.0
2017-11-08 17:00:00,3865.0
2017-11-08 18:00:00,4189.0
2017-11-08 19:00:00,4089.0
2017-11-08 20:00:00,3971.0
2017-11-08 21:00:00,3782.0
2017-11-08 22:00:00,3630.0
2017-11-08 23:00:00,3751.0
2017-11-09 00:00:00,3743.0
2017-11-09 01:00:00,3724.0
2017-11-09 02:00:00,3357.0
2017-11-09 03:00:00,3315.0
2017-11-09 04:00:00,3253.0
2017-11-09 05:00:00,3142.0
2017-11-09 06:00:00,3081.0
2017-11-09 07:00:00,2943.0
2017-11-09 08:00:00,2927.0
2017-11-09 09:00:00,2912.0
2017-11-09 10:00:00,3062.0
2017-11-09 11:00:00,3043.0
2017-11-09 12:00:00,3010.0
2017-11-09 13:00:00,2991.0
2017-11-09 14:00:00,3142.0
2017-11-09 15:00:00,3170.0
2017-11-09 16:00:00,3143.0
2017-11-09 17:00:00,3189.0
2017-11-09 18:00:00,3288.0
2017-11-09 19:00:00,3189.0
2017-11-09 20:00:00,3212.0
2017-11-09 21:00:00,3216.0
2017-11-09 22:00:00,3436.0
2017-11-09 23:00:00,3517.0
2017-11-10 00:00:00,3540.0
2017-11-10 01:00:00,3570.0
2017-11-10 02:00:00,3346.0
2017-11-10 03:00:00,3145.0
2017-11-10 04:00:00,3230.0
2017-11-10 05:00:00,2889.0
2017-11-10 06:00:00,2889.0
2017-11-10 07:00:00,2873.0
2017-11-10 08:00:00,2700.0
2017-11-10 09:00:00,2708.0
2017-11-10 10:00:00,2863.0
2017-11-10 11:00:00,2877.0
2017-11-10 12:00:00,2956.0
2017-11-10 13:00:00,2996.0
2017-11-10 14:00:00,2986.0
2017-11-10 15:00:00,3177.0
2017-11-10 16:00:00,3189.0
2017-11-10 17:00:00,3272.0
2017-11-10 18:00:00,3359.0
2017-11-10 19:00:00,3351.0
2017-11-10 20:00:00,3207.0
2017-11-10 21:00:00,3114.0
2017-11-10 22:00:00,3092.0
2017-11-10 23:00:00,2944.0
2017-11-11 00:00:00,2974.0
2017-11-11 01:00:00,3021.0
2017-11-11 02:00:00,2891.0
2017-11-11 03:00:00,2853.0
2017-11-11 04:00:00,2815.0
2017-11-11 05:00:00,2773.0
2017-11-11 06:00:00,2815.0
2017-11-11 07:00:00,2799.0
2017-11-11 08:00:00,2764.0
2017-11-11 09:00:00,2963.0
2017-11-11 10:00:00,3154.0
2017-11-11 11:00:00,3570.0
2017-11-11 12:00:00,3618.0
2017-11-11 13:00:00,3875.0
2017-11-11 14:00:00,4064.0
2017-11-11 15:00:00,4066.0
2017-11-11 16:00:00,4118.0
2017-11-11 17:00:00,4125.0
2017-11-11 18:00:00,4378.0
2017-11-11 19:00:00,4378.0
2017-11-11 20:00:00,4157.0
2017-11-11 21:00:00,4066.0
2017-11-11 22:00:00,3982.0
2017-11-11 23:00:00,4141.0
2017-11-12 00:00:00,4219.0
2017-11-12 01:00:00,4188.0
2017-11-12 02:00:00,3864.0
2017-11-12 03:00:00,3714.0
2017-11-12 04:00:00,3548.0
2017-11-12 05:00:00,3413.0
2017-11-12 06:00:00,3194.0
2017-11-12 07:00:00,3027.0
2017-11-12 08:00:00,2946.0
2017-11-12 09:00:00,3115.0
2017-11-12 10:00:00,3129.0
2017-11-12 11:00:00,3329.0
2017-11-12 12:00:00,3541.0
2017-11-12 13:00:00,3597.0
2017-11-12 14:00:00,3609.0
2017-11-12 15:00:00,3716.0
2017-11-12 16:00:00,3814.0
2017-11-12 17:00:00,3747.0
2017-11-12 18:00:00,3744.0
2017-11-12 19:00:00,3830.0
2017-11-12 20:00:00,3679.0
2017-11-12 21:00:00,3582.0
2017-11-12 22:00:00,3574.0
2017-11-12 23:00:00,3755.0
2017-11-13 00:00:00,3855.0
2017-11-13 01:00:00,3897.0
2017-11-13 02:00:00,3752.0
2017-11-13 03:00:00,3497.0
2017-11-13 04:00:00,3357.0
2017-11-13 05:00:00,3221.0
2017-11-13 06:00:00,3027.0
2017-11-13 07:00:00,2848.0
2017-11-13 08:00:00,2911.0
2017-11-13 09:00:00,2858.0
2017-11-13 10:00:00,3098.0
2017-11-13 11:00:00,3238.0
2017-11-13 12:00:00,3284.0
2017-11-13 13:00:00,3181.0
2017-11-13 14:00:00,3107.0
2017-11-13 15:00:00,3178.0
2017-11-13 16:00:00,3206.0
2017-11-13 17:00:00,3189.0
2017-11-13 18:00:00,3243.0
2017-11-13 19:00:00,3241.0
2017-11-13 20:00:00,3037.0
2017-11-13 21:00:00,3031.0
2017-11-13 22:00:00,2985.0
2017-11-13 23:00:00,3104.0
2017-11-14 00:00:00,3083.0
2017-11-14 01:00:00,3209.0
2017-11-14 02:00:00,2975.0
2017-11-14 03:00:00,2872.0
2017-11-14 04:00:00,2871.0
2017-11-14 05:00:00,2801.0
2017-11-14 06:00:00,2898.0
2017-11-14 07:00:00,2766.0
2017-11-14 08:00:00,2811.0
2017-11-14 09:00:00,2834.0
2017-11-14 10:00:00,2996.0
2017-11-14 11:00:00,3380.0
2017-11-14 12:00:00,3347.0
2017-11-14 13:00:00,3343.0
2017-11-14 14:00:00,3369.0
2017-11-14 15:00:00,3413.0
2017-11-14 16:00:00,3397.0
2017-11-14 17:00:00,3462.0
2017-11-14 18:00:00,3507.0
2017-11-14 19:00:00,3589.0
2017-11-14 20:00:00,3302.0
2017-11-14 21:00:00,3461.0
2017-11-14 22:00:00,3345.0
2017-11-14 23:00:00,3480.0
2017-11-15 00:00:00,3425.0
2017-11-15 01:00:00,3553.0
2017-11-15 02:00:00,3348.0
2017-11-15 03:00:00,3310.0
2017-11-15 04:00:00,3240.0
2017-11-15 05:00:00,3157.0
2017-11-15 06:00:00,3043.0
2017-11-15 07:00:00,3068.0
2017-11-15 08:00:00,2913.0
2017-11-15 09:00:00,2935.0
2017-11-15 10:00:00,3237.0
2017-11-15 11:00:00,3381.0
2017-11-15 12:00:00,3384.0
2017-11-15 13:00:00,3397.0
2017-11-15 14:00:00,3432.0
2017-11-15 15:00:00,3358.0
2017-11-15 16:00:00,3387.0
2017-11-15 17:00:00,3262.0
2017-11-15 18:00:00,3631.0
2017-11-15 19:00:00,3779.0
2017-11-15 20:00:00,3511.0
2017-11-15 21:00:00,3488.0
2017-11-15 22:00:00,3509.0
2017-11-15 23:00:00,3402.0
2017-11-16 00:00:00,3423.0
2017-11-16 01:00:00,3503.0
2017-11-16 02:00:00,3204.0
2017-11-16 03:00:00,3196.0
2017-11-16 04:00:00,3014.0
2017-11-16 05:00:00,3057.0
2017-11-16 06:00:00,2986.0
2017-11-16 07:00:00,2850.0
2017-11-16 08:00:00,2777.0
2017-11-16 09:00:00,2781.0
2017-11-16 10:00:00,2977.0
2017-11-16 11:00:00,2965.0
2017-11-16 12:00:00,3007.0
2017-11-16 13:00:00,2983.0
2017-11-16 14:00:00,2964.0
2017-11-16 15:00:00,2934.0
2017-11-16 16:00:00,2918.0
2017-11-16 17:00:00,2872.0
2017-11-16 18:00:00,3022.0
2017-11-16 19:00:00,2892.0
2017-11-16 20:00:00,2935.0
2017-11-16 21:00:00,3036.0
2017-11-16 22:00:00,3047.0
2017-11-16 23:00:00,3079.0
2017-11-17 00:00:00,3209.0
2017-11-17 01:00:00,3267.0
2017-11-17 02:00:00,2998.0
2017-11-17 03:00:00,3045.0
2017-11-17 04:00:00,2931.0
2017-11-17 05:00:00,2690.0
2017-11-17 06:00:00,2743.0
2017-11-17 07:00:00,2678.0
2017-11-17 08:00:00,2593.0
2017-11-17 09:00:00,2607.0
2017-11-17 10:00:00,2644.0
2017-11-17 11:00:00,2649.0
2017-11-17 12:00:00,2707.0
2017-11-17 13:00:00,2722.0
2017-11-17 14:00:00,2693.0
2017-11-17 15:00:00,2696.0
2017-11-17 16:00:00,2772.0
2017-11-17 17:00:00,2760.0
2017-11-17 18:00:00,2740.0
2017-11-17 19:00:00,2744.0
2017-11-17 20:00:00,2636.0
2017-11-17 21:00:00,2647.0
2017-11-17 22:00:00,2712.0
2017-11-17 23:00:00,2634.0
2017-11-18 00:00:00,2678.0
2017-11-18 01:00:00,2728.0
2017-11-18 02:00:00,2666.0
2017-11-18 03:00:00,2677.0
2017-11-18 04:00:00,2645.0
2017-11-18 05:00:00,2636.0
2017-11-18 06:00:00,2714.0
2017-11-18 07:00:00,2628.0
2017-11-18 08:00:00,2622.0
2017-11-18 09:00:00,2708.0
2017-11-18 10:00:00,2958.0
2017-11-18 11:00:00,3368.0
2017-11-18 12:00:00,3241.0
2017-11-18 13:00:00,3383.0
2017-11-18 14:00:00,3371.0
2017-11-18 15:00:00,3442.0
2017-11-18 16:00:00,3489.0
2017-11-18 17:00:00,3522.0
2017-11-18 18:00:00,3582.0
2017-11-18 19:00:00,3768.0
2017-11-18 20:00:00,3481.0
2017-11-18 21:00:00,3505.0
2017-11-18 22:00:00,3490.0
2017-11-18 23:00:00,3643.0
2017-11-19 00:00:00,3707.0
2017-11-19 01:00:00,3822.0
2017-11-19 02:00:00,3689.0
2017-11-19 03:00:00,3543.0
2017-11-19 04:00:00,3399.0
2017-11-19 05:00:00,3199.0
2017-11-19 06:00:00,3004.0
2017-11-19 07:00:00,2901.0
2017-11-19 08:00:00,2825.0
2017-11-19 09:00:00,2860.0
2017-11-19 10:00:00,3146.0
2017-11-19 11:00:00,3401.0
2017-11-19 12:00:00,3423.0
2017-11-19 13:00:00,3377.0
2017-11-19 14:00:00,3428.0
2017-11-19 15:00:00,3470.0
2017-11-19 16:00:00,3690.0
2017-11-19 17:00:00,3603.0
2017-11-19 18:00:00,3519.0
2017-11-19 19:00:00,3539.0
2017-11-19 20:00:00,3633.0
2017-11-19 21:00:00,3427.0
2017-11-19 22:00:00,3281.0
2017-11-19 23:00:00,3569.0
2017-11-20 00:00:00,3612.0
2017-11-20 01:00:00,3646.0
2017-11-20 02:00:00,3540.0
2017-11-20 03:00:00,3447.0
2017-11-20 04:00:00,3187.0
2017-11-20 05:00:00,3166.0
2017-11-20 06:00:00,3007.0
2017-11-20 07:00:00,2852.0
2017-11-20 08:00:00,2774.0
2017-11-20 09:00:00,2814.0
2017-11-20 10:00:00,3014.0
2017-11-20 11:00:00,2998.0
2017-11-20 12:00:00,3110.0
2017-11-20 13:00:00,3017.0
2017-11-20 14:00:00,3322.0
2017-11-20 15:00:00,3187.0
2017-11-20 16:00:00,3328.0
2017-11-20 17:00:00,3342.0
2017-11-20 18:00:00,3556.0
2017-11-20 19:00:00,3432.0
2017-11-20 20:00:00,3286.0
2017-11-20 21:00:00,2990.0
2017-11-20 22:00:00,2898.0
2017-11-20 23:00:00,2845.0
2017-11-21 00:00:00,2979.0
2017-11-21 01:00:00,3032.0
2017-11-21 02:00:00,3188.0
2017-11-21 03:00:00,2902.0
2017-11-21 04:00:00,2797.0
2017-11-21 05:00:00,2726.0
2017-11-21 06:00:00,2725.0
2017-11-21 07:00:00,2710.0
2017-11-21 08:00:00,2715.0
2017-11-21 09:00:00,2790.0
2017-11-21 10:00:00,3046.0
2017-11-21 11:00:00,3246.0
2017-11-21 12:00:00,3347.0
2017-11-21 13:00:00,3386.0
2017-11-21 14:00:00,3729.0
2017-11-21 15:00:00,3756.0
2017-11-21 16:00:00,3732.0
2017-11-21 17:00:00,3824.0
2017-11-21 18:00:00,4221.0
2017-11-21 19:00:00,4164.0
2017-11-21 20:00:00,4070.0
2017-11-21 21:00:00,3943.0
2017-11-21 22:00:00,3636.0
2017-11-21 23:00:00,3778.0
2017-11-22 00:00:00,3780.0
2017-11-22 01:00:00,3748.0
2017-11-22 02:00:00,3635.0
2017-11-22 03:00:00,3510.0
2017-11-22 04:00:00,3301.0
2017-11-22 05:00:00,3100.0
2017-11-22 06:00:00,3116.0
2017-11-22 07:00:00,2937.0
2017-11-22 08:00:00,2841.0
2017-11-22 09:00:00,2965.0
2017-11-22 10:00:00,3108.0
2017-11-22 11:00:00,3419.0
2017-11-22 12:00:00,3403.0
2017-11-22 13:00:00,3631.0
2017-11-22 14:00:00,3944.0
2017-11-22 15:00:00,3943.0
2017-11-22 16:00:00,3919.0
2017-11-22 17:00:00,4040.0
2017-11-22 18:00:00,4303.0
2017-11-22 19:00:00,4139.0
2017-11-22 20:00:00,4013.0
2017-11-22 21:00:00,3783.0
2017-11-22 22:00:00,3726.0
2017-11-22 23:00:00,3680.0
2017-11-23 00:00:00,3692.0
2017-11-23 01:00:00,3667.0
2017-11-23 02:00:00,3513.0
2017-11-23 03:00:00,3239.0
2017-11-23 04:00:00,3143.0
2017-11-23 05:00:00,3121.0
2017-11-23 06:00:00,3037.0
2017-11-23 07:00:00,2907.0
2017-11-23 08:00:00,2779.0
2017-11-23 09:00:00,2953.0
2017-11-23 10:00:00,2986.0
2017-11-23 11:00:00,3067.0
2017-11-23 12:00:00,3084.0
2017-11-23 13:00:00,3178.0
2017-11-23 14:00:00,3407.0
2017-11-23 15:00:00,3401.0
2017-11-23 16:00:00,3435.0
2017-11-23 17:00:00,3463.0
2017-11-23 18:00:00,3645.0
2017-11-23 19:00:00,3447.0
2017-11-23 20:00:00,3190.0
2017-11-23 21:00:00,3121.0
2017-11-23 22:00:00,3309.0
2017-11-23 23:00:00,3384.0
2017-11-24 00:00:00,3300.0
2017-11-24 01:00:00,3388.0
2017-11-24 02:00:00,3278.0
2017-11-24 03:00:00,3179.0
2017-11-24 04:00:00,3096.0
2017-11-24 05:00:00,2901.0
2017-11-24 06:00:00,2749.0
2017-11-24 07:00:00,2663.0
2017-11-24 08:00:00,2593.0
2017-11-24 09:00:00,2646.0
2017-11-24 10:00:00,2681.0
2017-11-24 11:00:00,2633.0
2017-11-24 12:00:00,2681.0
2017-11-24 13:00:00,2701.0
2017-11-24 14:00:00,2668.0
2017-11-24 15:00:00,2674.0
2017-11-24 16:00:00,2756.0
2017-11-24 17:00:00,2713.0
2017-11-24 18:00:00,2686.0
2017-11-24 19:00:00,2841.0
2017-11-24 20:00:00,2708.0
2017-11-24 21:00:00,2693.0
2017-11-24 22:00:00,2686.0
2017-11-24 23:00:00,2626.0
2017-11-25 00:00:00,2711.0
2017-11-25 01:00:00,2742.0
2017-11-25 02:00:00,2662.0
2017-11-25 03:00:00,2610.0
2017-11-25 04:00:00,2673.0
2017-11-25 05:00:00,2568.0
2017-11-25 06:00:00,2665.0
2017-11-25 07:00:00,2678.0
2017-11-25 08:00:00,2614.0
2017-11-25 09:00:00,2832.0
2017-11-25 10:00:00,3058.0
2017-11-25 11:00:00,3192.0
2017-11-25 12:00:00,3152.0
2017-11-25 13:00:00,3240.0
2017-11-25 14:00:00,3464.0
2017-11-25 15:00:00,3436.0
2017-11-25 16:00:00,3260.0
2017-11-25 17:00:00,3423.0
2017-11-25 18:00:00,3555.0
2017-11-25 19:00:00,3491.0
2017-11-25 20:00:00,3349.0
2017-11-25 21:00:00,3207.0
2017-11-25 22:00:00,3283.0
2017-11-25 23:00:00,3389.0
2017-11-26 00:00:00,3542.0
2017-11-26 01:00:00,3493.0
2017-11-26 02:00:00,3528.0
2017-11-26 03:00:00,3372.0
2017-11-26 04:00:00,3272.0
2017-11-26 05:00:00,3068.0
2017-11-26 06:00:00,2993.0
2017-11-26 07:00:00,2854.0
2017-11-26 08:00:00,2655.0
2017-11-26 09:00:00,2959.0
2017-11-26 10:00:00,3087.0
2017-11-26 11:00:00,3221.0
2017-11-26 12:00:00,3270.0
2017-11-26 13:00:00,3341.0
2017-11-26 14:00:00,3550.0
2017-11-26 15:00:00,3425.0
2017-11-26 16:00:00,3229.0
2017-11-26 17:00:00,3272.0
2017-11-26 18:00:00,3258.0
2017-11-26 19:00:00,3388.0
2017-11-26 20:00:00,3281.0
2017-11-26 21:00:00,3450.0
2017-11-26 22:00:00,3274.0
2017-11-26 23:00:00,3402.0
2017-11-27 00:00:00,3486.0
2017-11-27 01:00:00,3580.0
2017-11-27 02:00:00,3340.0
2017-11-27 03:00:00,3370.0
2017-11-27 04:00:00,3109.0
2017-11-27 05:00:00,2994.0
2017-11-27 06:00:00,2984.0
2017-11-27 07:00:00,2800.0
2017-11-27 08:00:00,2629.0
2017-11-27 09:00:00,2695.0
2017-11-27 10:00:00,2769.0
2017-11-27 11:00:00,2869.0
2017-11-27 12:00:00,2831.0
2017-11-27 13:00:00,2754.0
2017-11-27 14:00:00,2890.0
2017-11-27 15:00:00,2836.0
2017-11-27 16:00:00,2744.0
2017-11-27 17:00:00,2830.0
2017-11-27 18:00:00,2952.0
2017-11-27 19:00:00,2907.0
2017-11-27 20:00:00,2881.0
2017-11-27 21:00:00,2796.0
2017-11-27 22:00:00,2676.0
2017-11-27 23:00:00,2762.0
2017-11-28 00:00:00,2862.0
2017-11-28 01:00:00,2801.0
2017-11-28 02:00:00,2784.0
2017-11-28 03:00:00,2785.0
2017-11-28 04:00:00,2791.0
2017-11-28 05:00:00,2701.0
2017-11-28 06:00:00,2730.0
2017-11-28 07:00:00,2586.0
2017-11-28 08:00:00,2702.0
2017-11-28 09:00:00,2844.0
2017-11-28 10:00:00,3085.0
2017-11-28 11:00:00,3151.0
2017-11-28 12:00:00,3176.0
2017-11-28 13:00:00,3108.0
2017-11-28 14:00:00,3500.0
2017-11-28 15:00:00,3414.0
2017-11-28 16:00:00,3455.0
2017-11-28 17:00:00,3728.0
2017-11-28 18:00:00,3622.0
2017-11-28 19:00:00,3693.0
2017-11-28 20:00:00,3539.0
2017-11-28 21:00:00,3482.0
2017-11-28 22:00:00,3503.0
2017-11-28 23:00:00,3736.0
2017-11-29 00:00:00,3894.0
2017-11-29 01:00:00,3879.0
2017-11-29 02:00:00,3708.0
2017-11-29 03:00:00,3467.0
2017-11-29 04:00:00,3242.0
2017-11-29 05:00:00,3141.0
2017-11-29 06:00:00,3092.0
2017-11-29 07:00:00,2828.0
2017-11-29 08:00:00,2688.0
2017-11-29 09:00:00,2997.0
2017-11-29 10:00:00,3188.0
2017-11-29 11:00:00,3339.0
2017-11-29 12:00:00,3439.0
2017-11-29 13:00:00,3532.0
2017-11-29 14:00:00,3786.0
2017-11-29 15:00:00,3913.0
2017-11-29 16:00:00,3833.0
2017-11-29 17:00:00,4116.0
2017-11-29 18:00:00,4067.0
2017-11-29 19:00:00,3970.0
2017-11-29 20:00:00,3807.0
2017-11-29 21:00:00,3784.0
2017-11-29 22:00:00,3871.0
2017-11-29 23:00:00,3933.0
2017-11-30 00:00:00,3989.0
2017-11-30 01:00:00,4030.0
2017-11-30 02:00:00,3685.0
2017-11-30 03:00:00,3556.0
2017-11-30 04:00:00,3421.0
2017-11-30 05:00:00,3272.0
2017-11-30 06:00:00,3143.0
2017-11-30 07:00:00,2939.0
2017-11-30 08:00:00,2910.0
2017-11-30 09:00:00,2991.0
2017-11-30 10:00:00,3095.0
2017-11-30 11:00:00,3281.0
2017-11-30 12:00:00,3342.0
2017-11-30 13:00:00,3404.0
2017-11-30 14:00:00,3621.0
2017-11-30 15:00:00,3583.0
2017-11-30 16:00:00,3598.0
2017-11-30 17:00:00,3928.0
2017-11-30 18:00:00,3873.0
2017-11-30 19:00:00,3644.0
2017-11-30 20:00:00,3275.0
2017-11-30 21:00:00,3470.0
2017-11-30 22:00:00,3540.0
2017-11-30 23:00:00,3718.0
2017-12-01 00:00:00,3764.0
2017-12-01 01:00:00,3692.0
2017-12-01 02:00:00,3530.0
2017-12-01 03:00:00,3329.0
2017-12-01 04:00:00,3275.0
2017-12-01 05:00:00,2886.0
2017-12-01 06:00:00,2812.0
2017-12-01 07:00:00,2950.0
2017-12-01 08:00:00,2771.0
2017-12-01 09:00:00,2819.0
2017-12-01 10:00:00,2843.0
2017-12-01 11:00:00,2877.0
2017-12-01 12:00:00,3097.0
2017-12-01 13:00:00,3044.0
2017-12-01 14:00:00,3259.0
2017-12-01 15:00:00,3306.0
2017-12-01 16:00:00,3177.0
2017-12-01 17:00:00,3251.0
2017-12-01 18:00:00,3526.0
2017-12-01 19:00:00,3542.0
2017-12-01 20:00:00,3612.0
2017-12-01 21:00:00,3373.0
2017-12-01 22:00:00,3315.0
2017-12-01 23:00:00,3048.0
2017-12-02 00:00:00,3099.0
2017-12-02 01:00:00,3068.0
2017-12-02 02:00:00,3030.0
2017-12-02 03:00:00,2923.0
2017-12-02 04:00:00,2940.0
2017-12-02 05:00:00,2840.0
2017-12-02 06:00:00,2960.0
2017-12-02 07:00:00,2896.0
2017-12-02 08:00:00,2808.0
2017-12-02 09:00:00,2796.4334258512476
2017-12-02 10:00:00,2765.261334277393
2017-12-02 11:00:00,2734.795917846892
2017-12-02 12:00:00,2705.0986724594063
2017-12-02 13:00:00,2676.231094014598
2017-12-02 14:00:00,2648.2546784121287
2017-12-02 15:00:00,2621.2309215516602
2017-12-02 16:00:00,2595.2213193328544
2017-12-02 17:00:00,2570.287367655373
2017-12-02 18:00:00,2546.490562418878
2017-12-02 19:00:00,2523.892399523031
2017-12-02 20:00:00,2502.554374867494
2017-12-02 21:00:00,2482.537984351929
2017-12-02 22:00:00,2463.9047238759977
2017-12-02 23:00:00,2446.716089339362
2017-12-03 00:00:00,2431.0335766416833
2017-12-03 01:00:00,2416.918681682624
2017-12-03 02:00:00,2404.432900361846
2017-12-03 03:00:00,2393.6377285790104
2017-12-03 04:00:00,2384.5946622337797
2017-12-03 05:00:00,2377.3651972258153
2017-12-03 06:00:00,2372.0108294547795
2017-12-03 07:00:00,2368.593054820333
2017-12-03 08:00:00,2367.1733692221387
2017-12-03 09:00:00,2367.8132685598584
2017-12-03 10:00:00,2370.574248733154
2017-12-03 11:00:00,2375.517805641687
2017-12-03 12:00:00,2382.7054351851193
2017-12-03 13:00:00,2392.198633263113
2017-12-03 14:00:00,2404.0588957753303
2017-12-03 15:00:00,2418.347718621431
2017-12-03 16:00:00,2435.126597701079
2017-12-03 17:00:00,2454.4570289139347
2017-12-03 18:00:00,2476.4005081596606
2017-12-03 19:00:00,2501.0185313379193
2017-12-03 20:00:00,2528.372594348372
2017-12-03 21:00:00,2558.5241930906805
2017-12-03 22:00:00,2591.534823464507
2017-12-03 23:00:00,2627.4659813695116
2017-12-04 00:00:00,2666.3791627053597
2017-12-04 01:00:00,2708.3358633717107
2017-12-04 02:00:00,2753.3975792682277
2017-12-04 03:00:00,2801.62580629457
2017-12-04 04:00:00,2853.0820403504017
2017-12-04 05:00:00,2907.827777335382
2017-12-04 06:00:00,2965.924513149177
2017-12-04 07:00:00,3027.4337436914457
2017-12-04 08:00:00,3092.4169648618463
2017-12-04 09:00:00,3160.9356725600487
2017-12-04 10:00:00,3233.051362685712
2017-12-04 11:00:00,3251.0
2017-12-04 12:00:00,3280.0
2017-12-04 13:00:00,3679.0
2017-12-04 14:00:00,3780.0
2017-12-04 15:00:00,3688.0
2017-12-04 16:00:00,4037.0
2017-12-04 17:00:00,4092.0
2017-12-04 18:00:00,3993.0
2017-12-04 19:00:00,3949.0
2017-12-04 20:00:00,3727.0
2017-12-04 21:00:00,3511.0
2017-12-04 22:00:00,3185.0
2017-12-04 23:00:00,3295.0
2017-12-05 00:00:00,3329.0
2017-12-05 01:00:00,3153.0
2017-12-05 02:00:00,3109.0
2017-12-05 03:00:00,3042.0
2017-12-05 04:00:00,2894.0
2017-12-05 05:00:00,2798.0
2017-12-05 06:00:00,2790.0
2017-12-05 07:00:00,2795.0
2017-12-05 08:00:00,2779.0
2017-12-05 09:00:00,2992.0
2017-12-05 10:00:00,3190.0
2017-12-05 11:00:00,3336.0
2017-12-05 12:00:00,3549.0
2017-12-05 13:00:00,3564.0
2017-12-05 14:00:00,3698.0
2017-12-05 15:00:00,3680.0
2017-12-05 16:00:00,3707.0
2017-12-05 17:00:00,3730.0
2017-12-05 18:00:00,3855.0
2017-12-05 19:00:00,3731.0
2017-12-05 20:00:00,3772.0
2017-12-05 21:00:00,3752.0
2017-12-05 22:00:00,3594.0
2017-12-05 23:00:00,3722.0
2017-12-06 00:00:00,3778.0
2017-12-06 01:00:00,3828.0
2017-12-06 02:00:00,3803.0
2017-12-06 03:00:00,3705.0
2017-12-06 04:00:00,3329.0
2017-12-06 05:00:00,3286.0
2017-12-06 06:00:00,3271.0
2017-12-06 07:00:00,3202.0
2017-12-06 08:00:00,3170.0
2017-12-06 09:00:00,3146.0
2017-12-06 10:00:00,3379.0
2017-12-06 11:00:00,3567.0
2017-12-06 12:00:00,3547.0
2017-12-06 13:00:00,3787.0
2017-12-06 14:00:00,3855.0
2017-12-06 15:00:00,3696.0
2017-12-06 16:00:00,3578.0
2017-12-06 17:00:00,3698.0
2017-12-06 18:00:00,3921.0
2017-12-06 19:00:00,3816.0
2017-12-06 20:00:00,3692.0
2017-12-06 21:00:00,3544.0
2017-12-06 22:00:00,3377.0
2017-12-06 23:00:00,3608.0
2017-12-07 00:00:00,3582.0
2017-12-07 01:00:00,3863.0
2017-12-07 02:00:00,3670.0
2017-12-07 03:00:00,3626.0
2017-12-07 04:00:00,3386.0
2017-12-07 05:00:00,3298.0
2017-12-07 06:00:00,3200.0
2017-12-07 07:00:00,3129.0
2017-12-07 08:00:00,2968.0
2017-12-07 09:00:00,2399.0
2017-12-07 10:00:00,2318.0
2017-12-07 11:00:00,3443.0
2017-12-07 12:00:00,3082.0
2017-12-07 13:00:00,3076.0
2017-12-07 14:00:00,3269.0
2017-12-07 15:00:00,3254.0
2017-12-07 16:00:00,3059.0
2017-12-07 17:00:00,3229.0
2017-12-07 18:00:00,3225.0
2017-12-07 19:00:00,3229.0
2017-12-07 20:00:00,3156.0
2017-12-07 21:00:00,3189.0
2017-12-07 22:00:00,3209.0
2017-12-07 23:00:00,3298.0
2017-12-08 00:00:00,3407.0
2017-12-08 01:00:00,3470.0
2017-12-08 02:00:00,3279.0
2017-12-08 03:00:00,3166.0
2017-12-08 04:00:00,3060.0
2017-12-08 05:00:00,2962.0
2017-12-08 06:00:00,2960.0
2017-12-08 07:00:00,2892.0
2017-12-08 08:00:00,2737.0
2017-12-08 09:00:00,2649.0
2017-12-08 10:00:00,2689.0
2017-12-08 11:00:00,2771.0
2017-12-08 12:00:00,2674.0
2017-12-08 13:00:00,2669.0
2017-12-08 14:00:00,2650.0
2017-12-08 15:00:00,2689.0
2017-12-08 16:00:00,2643.0
2017-12-08 17:00:00,2645.0
2017-12-08 18:00:00,2615.0
2017-12-08 19:00:00,2192.0
2017-12-08 20:00:00,2875.0
2017-12-08 21:00:00,2698.0
2017-12-08 22:00:00,2687.0
2017-12-08 23:00:00,2670.0
2017-12-09 00:00:00,2645.0
2017-12-09 01:00:00,2748.0
2017-12-09 02:00:00,2681.0
2017-12-09 03:00:00,2676.0
2017-12-09 04:00:00,2642.0
2017-12-09 05:00:00,2641.0
2017-12-09 06:00:00,2662.0
2017-12-09 07:00:00,2735.0
2017-12-09 08:00:00,2670.0
2017-12-09 09:00:00,2834.0
2017-12-09 10:00:00,2950.0
2017-12-09 11:00:00,2993.0
2017-12-09 12:00:00,2908.0
2017-12-09 13:00:00,2993.0
2017-12-09 14:00:00,3148.0
2017-12-09 15:00:00,2925.0
2017-12-09 16:00:00,3138.0
2017-12-09 17:00:00,3171.0
2017-12-09 18:00:00,3299.0
2017-12-09 19:00:00,3176.0
2017-12-09 20:00:00,3316.0
2017-12-09 21:00:00,3333.0
2017-12-09 22:00:00,3347.0
2017-12-09 23:00:00,3365.0
2017-12-10 00:00:00,3565.0
2017-12-10 01:00:00,3602.0
2017-12-10 02:00:00,3462.0
2017-12-10 03:00:00,3171.0
2017-12-10 04:00:00,2962.0
2017-12-10 05:00:00,3028.0
2017-12-10 06:00:00,2865.0
2017-12-10 07:00:00,2752.0
2017-12-10 08:00:00,2688.0
2017-12-10 09:00:00,2836.0
2017-12-10 10:00:00,3106.0
2017-12-10 11:00:00,3260.0
2017-12-10 12:00:00,3242.0
2017-12-10 13:00:00,3726.0
2017-12-10 14:00:00,3816.0
2017-12-10 15:00:00,3640.0
2017-12-10 16:00:00,3848.0
2017-12-10 17:00:00,3966.0
2017-12-10 18:00:00,4002.0
2017-12-10 19:00:00,4014.0
2017-12-10 20:00:00,3811.0
2017-12-10 21:00:00,3659.0
2017-12-10 22:00:00,3556.0
2017-12-10 23:00:00,3694.0
2017-12-11 00:00:00,4003.0
2017-12-11 01:00:00,3881.0
2017-12-11 02:00:00,3681.0
2017-12-11 03:00:00,3622.0
2017-12-11 04:00:00,3390.0
2017-12-11 05:00:00,3240.0
2017-12-11 06:00:00,3226.0
2017-12-11 07:00:00,3152.0
2017-12-11 08:00:00,2967.0
2017-12-11 09:00:00,2926.0
2017-12-11 10:00:00,3051.0
2017-12-11 11:00:00,3225.0
2017-12-11 12:00:00,3376.0
2017-12-11 13:00:00,3365.0
2017-12-11 14:00:00,3352.0
2017-12-11 15:00:00,3486.0
2017-12-11 16:00:00,3832.0
2017-12-11 17:00:00,4140.0
2017-12-11 18:00:00,4340.0
2017-12-11 19:00:00,3993.0
2017-12-11 20:00:00,3950.0
2017-12-11 21:00:00,3630.0
2017-12-11 22:00:00,3465.0
2017-12-11 23:00:00,3370.0
2017-12-12 00:00:00,3211.0
2017-12-12 01:00:00,3262.0
2017-12-12 02:00:00,3098.0
2017-12-12 03:00:00,3060.0
2017-12-12 04:00:00,2969.0
2017-12-12 05:00:00,2862.0
2017-12-12 06:00:00,2879.0
2017-12-12 07:00:00,2852.0
2017-12-12 08:00:00,2795.0
2017-12-12 09:00:00,3056.0
2017-12-12 10:00:00,3297.0
2017-12-12 11:00:00,3510.0
2017-12-12 12:00:00,3360.0
2017-12-12 13:00:00,3379.0
2017-12-12 14:00:00,3826.0
2017-12-12 15:00:00,4300.0
2017-12-12 16:00:00,4298.0
2017-12-12 17:00:00,4304.0
2017-12-12 18:00:00,4442.0
2017-12-12 19:00:00,4632.0
2017-12-12 20:00:00,4440.0
2017-12-12 21:00:00,4121.0
2017-12-12 22:00:00,3607.0
2017-12-12 23:00:00,3795.0
2017-12-13 00:00:00,3911.0
2017-12-13 01:00:00,3954.0
2017-12-13 02:00:00,3822.0
2017-12-13 03:00:00,3665.0
2017-12-13 04:00:00,3433.0
2017-12-13 05:00:00,3387.0
2017-12-13 06:00:00,3263.0
2017-12-13 07:00:00,3023.0
2017-12-13 08:00:00,2820.0
2017-12-13 09:00:00,3101.0
2017-12-13 10:00:00,3193.0
2017-12-13 11:00:00,3517.0
2017-12-13 12:00:00,3637.0
2017-12-13 13:00:00,3823.0
2017-12-13 14:00:00,4054.0
2017-12-13 15:00:00,4058.0
2017-12-13 16:00:00,4240.0
2017-12-13 17:00:00,4307.0
2017-12-13 18:00:00,4330.0
2017-12-13 19:00:00,4269.0
2017-12-13 20:00:00,3922.0
2017-12-13 21:00:00,3762.0
2017-12-13 22:00:00,3518.0
2017-12-13 23:00:00,3653.0
2017-12-14 00:00:00,3736.0
2017-12-14 01:00:00,3756.0
2017-12-14 02:00:00,3549.0
2017-12-14 03:00:00,3464.0
2017-12-14 04:00:00,3299.0
2017-12-14 05:00:00,3149.0
2017-12-14 06:00:00,3188.0
2017-12-14 07:00:00,3125.0
2017-12-14 08:00:00,3030.0
2017-12-14 09:00:00,3006.0
2017-12-14 10:00:00,3126.0
2017-12-14 11:00:00,3217.0
2017-12-14 12:00:00,3236.0
2017-12-14 13:00:00,3354.0
2017-12-14 14:00:00,3618.0
2017-12-14 15:00:00,3574.0
2017-12-14 16:00:00,3985.0
2017-12-14 17:00:00,3990.0
2017-12-14 18:00:00,3994.0
2017-12-14 19:00:00,3860.0
2017-12-14 20:00:00,3812.0
2017-12-14 21:00:00,3662.0
2017-12-14 22:00:00,3637.0
2017-12-14 23:00:00,3572.0
2017-12-15 00:00:00,3762.0
2017-12-15 01:00:00,3846.0
2017-12-15 02:00:00,3584.0
2017-12-15 03:00:00,3358.0
2017-12-15 04:00:00,3234.0
2017-12-15 05:00:00,2832.0
2017-12-15 06:00:00,2907.0
2017-12-15 07:00:00,2765.0
2017-12-15 08:00:00,2722.0
2017-12-15 09:00:00,2729.0
2017-12-15 10:00:00,2721.0
2017-12-15 11:00:00,2800.0
2017-12-15 12:00:00,2880.0
2017-12-15 13:00:00,2877.0
2017-12-15 14:00:00,3042.0
2017-12-15 15:00:00,2972.0
2017-12-15 16:00:00,3094.0
2017-12-15 17:00:00,3188.0
2017-12-15 18:00:00,3072.0
2017-12-15 19:00:00,3072.0
2017-12-15 20:00:00,3085.0
2017-12-15 21:00:00,2996.0
2017-12-15 22:00:00,3009.0
2017-12-15 23:00:00,2943.0
2017-12-16 00:00:00,2976.0
2017-12-16 01:00:00,2831.0
2017-12-16 02:00:00,2832.0
2017-12-16 03:00:00,2862.0
2017-12-16 04:00:00,2842.0
2017-12-16 05:00:00,2822.0
2017-12-16 06:00:00,2843.0
2017-12-16 07:00:00,2722.0
2017-12-16 08:00:00,2803.0
2017-12-16 09:00:00,2814.0
2017-12-16 10:00:00,3123.0
2017-12-16 11:00:00,3337.0
2017-12-16 12:00:00,3265.0
2017-12-16 13:00:00,3412.0
2017-12-16 14:00:00,3586.0
2017-12-16 15:00:00,3480.0
2017-12-16 16:00:00,3639.0
2017-12-16 17:00:00,3719.0
2017-12-16 18:00:00,3877.0
2017-12-16 19:00:00,3712.0
2017-12-16 20:00:00,3582.0
2017-12-16 21:00:00,3729.0
2017-12-16 22:00:00,3381.0
2017-12-16 23:00:00,3560.0
2017-12-17 00:00:00,3861.0
2017-12-17 01:00:00,3818.0
2017-12-17 02:00:00,3784.0
2017-12-17 03:00:00,3471.0
2017-12-17 04:00:00,3377.0
2017-12-17 05:00:00,3232.0
2017-12-17 06:00:00,3144.0
2017-12-17 07:00:00,3070.0
2017-12-17 08:00:00,3072.0
2017-12-17 09:00:00,3069.0
2017-12-17 10:00:00,3197.0
2017-12-17 11:00:00,3395.0
2017-12-17 12:00:00,3496.0
2017-12-17 13:00:00,3499.0
2017-12-17 14:00:00,3632.0
2017-12-17 15:00:00,3639.0
2017-12-17 16:00:00,3773.0
2017-12-17 17:00:00,3858.0
2017-12-17 18:00:00,4182.0
2017-12-17 19:00:00,4077.0
2017-12-17 20:00:00,3905.0
2017-12-17 21:00:00,3725.0
2017-12-17 22:00:00,3768.0
2017-12-17 23:00:00,3730.0
2017-12-18 00:00:00,3793.0
2017-12-18 01:00:00,3834.0
2017-12-18 02:00:00,3838.0
2017-12-18 03:00:00,3615.0
2017-12-18 04:00:00,3585.0
2017-12-18 05:00:00,3311.0
2017-12-18 06:00:00,3342.0
2017-12-18 07:00:00,3011.0
2017-12-18 08:00:00,3028.8705059945696
2017-12-18 09:00:00,2941.698418512105
2017-12-18 10:00:00,2858.5655891187084
2017-12-18 11:00:00,2779.453404290382
2017-12-18 12:00:00,2704.3432505031274
2017-12-18 13:00:00,2633.216514232946
2017-12-18 14:00:00,2566.0545819558392
2017-12-18 15:00:00,2502.8388401478096
2017-12-18 16:00:00,2443.5506752848582
2017-12-18 17:00:00,2388.1714738429873
2017-12-18 18:00:00,2336.6826222981977
2017-12-18 19:00:00,2289.065507126492
2017-12-18 20:00:00,2245.3015148038708
2017-12-18 21:00:00,2205.372031806337
2017-12-18 22:00:00,2169.258444609892
2017-12-18 23:00:00,2136.9421396905373
2017-12-19 00:00:00,2108.4045035242743
2017-12-19 01:00:00,2083.626922587105
2017-12-19 02:00:00,2062.590783355031
2017-12-19 03:00:00,2045.2774723040548
2017-12-19 04:00:00,2031.6683759101766
2017-12-19 05:00:00,2021.7448806493987
2017-12-19 06:00:00,2015.4883729977207
2017-12-19 07:00:00,2012.8802394311488
2017-12-19 08:00:00,2013.9018664256823
2017-12-19 09:00:00,2018.5346404573233
2017-12-19 10:00:00,2026.759948002073
2017-12-19 11:00:00,2038.5591755359328
2017-12-19 12:00:00,2053.9137095349056
2017-12-19 13:00:00,2072.8049364749927
2017-12-19 14:00:00,2095.214242832194
2017-12-19 15:00:00,2121.1230150825127
2017-12-19 16:00:00,2150.512639701949
2017-12-19 17:00:00,2183.3645031665064
2017-12-19 18:00:00,2219.6599919521896
2017-12-19 19:00:00,2259.380492534993
2017-12-19 20:00:00,2302.507391390922
2017-12-19 21:00:00,2349.02207499598
2017-12-19 22:00:00,2398.9059298261664
2017-12-19 23:00:00,2452.1403423574848
2017-12-20 00:00:00,2508.7066990659387
2017-12-20 01:00:00,2568.586386427526
2017-12-20 02:00:00,2631.760790918249
2017-12-20 03:00:00,2698.211299014106
2017-12-20 04:00:00,2767.9192971911034
2017-12-20 05:00:00,2840.866171925246
2017-12-20 06:00:00,2917.0333096925287
2017-12-20 07:00:00,2996.402096968949
2017-12-20 08:00:00,3078.95392023052
2017-12-20 09:00:00,3164.670165953242
2017-12-20 10:00:00,3217.0
2017-12-20 11:00:00,3328.0
2017-12-20 12:00:00,3486.0
2017-12-20 13:00:00,3614.0
2017-12-20 14:00:00,3802.0
2017-12-20 15:00:00,3868.0
2017-12-20 16:00:00,3828.0
2017-12-20 17:00:00,4043.0
2017-12-20 18:00:00,4314.0
2017-12-20 19:00:00,4062.0
2017-12-20 20:00:00,3869.0
2017-12-20 21:00:00,3789.0
2017-12-20 22:00:00,3693.0
2017-12-20 23:00:00,3741.0
2017-12-21 00:00:00,3897.0
2017-12-21 01:00:00,3914.0
2017-12-21 02:00:00,3762.0
2017-12-21 03:00:00,3665.0
2017-12-21 04:00:00,3552.0
2017-12-21 05:00:00,3389.0
2017-12-21 06:00:00,3364.0
2017-12-21 07:00:00,3158.0
2017-12-21 08:00:00,3022.0
2017-12-21 09:00:00,3125.0
2017-12-21 10:00:00,3186.0
2017-12-21 11:00:00,3507.0
2017-12-21 12:00:00,3582.0
2017-12-21 13:00:00,3612.0
2017-12-21 14:00:00,3909.0
2017-12-21 15:00:00,3764.0
2017-12-21 16:00:00,3886.0
2017-12-21 17:00:00,3745.0
2017-12-21 18:00:00,3166.0
2017-12-21 19:00:00,3675.0
2017-12-21 20:00:00,3629.0
2017-12-21 21:00:00,3541.0
2017-12-21 22:00:00,3511.0
2017-12-21 23:00:00,3608.0
2017-12-22 00:00:00,3855.0
2017-12-22 01:00:00,3860.0
2017-12-22 02:00:00,3602.0
2017-12-22 03:00:00,3526.0
2017-12-22 04:00:00,3406.0
2017-12-22 05:00:00,3241.0
2017-12-22 06:00:00,3239.0
2017-12-22 07:00:00,2864.0
2017-12-22 08:00:00,2711.0
2017-12-22 09:00:00,2802.0
2017-12-22 10:00:00,2844.0
2017-12-22 11:00:00,3035.0
2017-12-22 12:00:00,2970.0
2017-12-22 13:00:00,3097.0
2017-12-22 14:00:00,3364.0
2017-12-22 15:00:00,3270.0
2017-12-22 16:00:00,3269.0
2017-12-22 17:00:00,3443.0
2017-12-22 18:00:00,3366.0
2017-12-22 19:00:00,3239.0
2017-12-22 20:00:00,3195.0
2017-12-22 21:00:00,3201.0
2017-12-22 22:00:00,3095.0
2017-12-22 23:00:00,3042.0
2017-12-23 00:00:00,3044.0
2017-12-23 01:00:00,3134.0
2017-12-23 02:00:00,3046.0
2017-12-23 03:00:00,3033.0
2017-12-23 04:00:00,2990.0
2017-12-23 05:00:00,2983.0
2017-12-23 06:00:00,2905.0
2017-12-23 07:00:00,2946.0
2017-12-23 08:00:00,3057.0
2017-12-23 09:00:00,3215.0
2017-12-23 10:00:00,3642.0
2017-12-23 11:00:00,3865.0
2017-12-23 12:00:00,3956.0
2017-12-23 13:00:00,4127.0
2017-12-23 14:00:00,4441.0
2017-12-23 15:00:00,4427.0
2017-12-23 16:00:00,4743.0
2017-12-23 17:00:00,4712.0
2017-12-23 18:00:00,4802.0
2017-12-23 19:00:00,4503.0
2017-12-23 20:00:00,4417.0
2017-12-23 21:00:00,4324.0
2017-12-23 22:00:00,4243.0
2017-12-23 23:00:00,4301.0
2017-12-24 00:00:00,4481.0
2017-12-24 01:00:00,4400.0
2017-12-24 02:00:00,4146.0
2017-12-24 03:00:00,4074.0
2017-12-24 04:00:00,3929.0
2017-12-24 05:00:00,3760.0
2017-12-24 06:00:00,3658.0
2017-12-24 07:00:00,3519.0
2017-12-24 08:00:00,3492.0
2017-12-24 09:00:00,3595.0
2017-12-24 10:00:00,3855.0
2017-12-24 11:00:00,4315.0
2017-12-24 12:00:00,4216.0
2017-12-24 13:00:00,4607.0
2017-12-24 14:00:00,4844.0
2017-12-24 15:00:00,4728.0
2017-12-24 16:00:00,4657.0
2017-12-24 17:00:00,4317.0
2017-12-24 18:00:00,4261.0
2017-12-24 19:00:00,4252.0
2017-12-24 20:00:00,4302.0
2017-12-24 21:00:00,4290.0
2017-12-24 22:00:00,4392.0
2017-12-24 23:00:00,4355.0
2017-12-25 00:00:00,4470.0
2017-12-25 01:00:00,4416.0
2017-12-25 02:00:00,4138.0
2017-12-25 03:00:00,4073.0
2017-12-25 04:00:00,3872.0
2017-12-25 05:00:00,3641.0
2017-12-25 06:00:00,3499.0
2017-12-25 07:00:00,3521.0
2017-12-25 08:00:00,3537.0
2017-12-25 09:00:00,3548.0
2017-12-25 10:00:00,3693.0
2017-12-25 11:00:00,4240.0
2017-12-25 12:00:00,4025.0
2017-12-25 13:00:00,4305.0
2017-12-25 14:00:00,4714.0
2017-12-25 15:00:00,4638.0
2017-12-25 16:00:00,4828.0
2017-12-25 17:00:00,4888.0
2017-12-25 18:00:00,4943.0
2017-12-25 19:00:00,4644.0
2017-12-25 20:00:00,4475.0
2017-12-25 21:00:00,3829.0
2017-12-25 22:00:00,3901.0
2017-12-25 23:00:00,4129.0
2017-12-26 00:00:00,4114.0
2017-12-26 01:00:00,4043.0
2017-12-26 02:00:00,3800.0
2017-12-26 03:00:00,3713.0
2017-12-26 04:00:00,3460.0
2017-12-26 05:00:00,3365.0
2017-12-26 06:00:00,3268.0
2017-12-26 07:00:00,3247.0
2017-12-26 08:00:00,3191.0
2017-12-26 09:00:00,3373.0
2017-12-26 10:00:00,3810.0
2017-12-26 11:00:00,4349.0
2017-12-26 12:00:00,4468.0
2017-12-26 13:00:00,4962.0
2017-12-26 14:00:00,5074.0
2017-12-26 15:00:00,4982.0
2017-12-26 16:00:00,5003.0
2017-12-26 17:00:00,5063.0
2017-12-26 18:00:00,5112.0
2017-12-26 19:00:00,4883.0
2017-12-26 20:00:00,4938.0
2017-12-26 21:00:00,5100.0
2017-12-26 22:00:00,4994.0
2017-12-26 23:00:00,4887.0
2017-12-27 00:00:00,5058.0
2017-12-27 01:00:00,4892.0
2017-12-27 02:00:00,4618.0
2017-12-27 03:00:00,4558.0
2017-12-27 04:00:00,4320.0
2017-12-27 05:00:00,4148.0
2017-12-27 06:00:00,4035.0
2017-12-27 07:00:00,3869.0
2017-12-27 08:00:00,3804.0
2017-12-27 09:00:00,3934.0
2017-12-27 10:00:00,4169.0
2017-12-27 11:00:00,4304.0
2017-12-27 12:00:00,4426.0
2017-12-27 13:00:00,4615.0
2017-12-27 14:00:00,4899.0
2017-12-27 15:00:00,4848.0
2017-12-27 16:00:00,4934.0
2017-12-27 17:00:00,5026.0
2017-12-27 18:00:00,4932.0
2017-12-27 19:00:00,4705.0
2017-12-27 20:00:00,4654.0
2017-12-27 21:00:00,4460.0
2017-12-27 22:00:00,4308.0
2017-12-27 23:00:00,4291.0
2017-12-28 00:00:00,4481.0
2017-12-28 01:00:00,4389.0
2017-12-28 02:00:00,4078.0
2017-12-28 03:00:00,4050.0
2017-12-28 04:00:00,3834.0
2017-12-28 05:00:00,3678.0
2017-12-28 06:00:00,3640.0
2017-12-28 07:00:00,3601.0
2017-12-28 08:00:00,3576.0
2017-12-28 09:00:00,3688.0
2017-12-28 10:00:00,3697.0
2017-12-28 11:00:00,3792.0
2017-12-28 12:00:00,3881.0
2017-12-28 13:00:00,3795.0
2017-12-28 14:00:00,3955.0
2017-12-28 15:00:00,3914.0
2017-12-28 16:00:00,3997.0
2017-12-28 17:00:00,3866.0
2017-12-28 18:00:00,3710.0
2017-12-28 19:00:00,3565.0
2017-12-28 20:00:00,3656.0
2017-12-28 21:00:00,3913.0
2017-12-28 22:00:00,4430.0
2017-12-28 23:00:00,4458.0
2017-12-29 00:00:00,4567.0
2017-12-29 01:00:00,4564.0
2017-12-29 02:00:00,4380.0
2017-12-29 03:00:00,4331.0
2017-12-29 04:00:00,4167.0
2017-12-29 05:00:00,3981.0
2017-12-29 06:00:00,3944.0
2017-12-29 07:00:00,3907.480697064082
2017-12-29 08:00:00,3837.680846362047
2017-12-29 09:00:00,3767.1874769464407
2017-12-29 10:00:00,3696.180187798313
2017-12-29 11:00:00,3624.838577898712
2017-12-29 12:00:00,3553.342246228687
2017-12-29 13:00:00,3481.870791769287
2017-12-29 14:00:00,3410.60381350156
2017-12-29 15:00:00,3339.720910406556
2017-12-29 16:00:00,3269.4016814653232
2017-12-29 17:00:00,3199.825725658911
2017-12-29 18:00:00,3131.1726419683678
2017-12-29 19:00:00,3063.622029374743
2017-12-29 20:00:00,2997.3534868590846
2017-12-29 21:00:00,2932.5466134024423
2017-12-29 22:00:00,2869.3810079858645
2017-12-29 23:00:00,2808.0362695904005
2017-12-30 00:00:00,2748.6919971970988
2017-12-30 01:00:00,2691.5277897870087
2017-12-30 02:00:00,2636.7232463411788
2017-12-30 03:00:00,2584.4579658406574
2017-12-30 04:00:00,2534.911547266495
2017-12-30 05:00:00,2488.263589599738
2017-12-30 06:00:00,2444.6936918214374
2017-12-30 07:00:00,2404.381452912641
2017-12-30 08:00:00,2367.5064718543986
2017-12-30 09:00:00,2334.248347627758
2017-12-30 10:00:00,2304.7866792137697
2017-12-30 11:00:00,2279.3010655934813
2017-12-30 12:00:00,2257.971105747942
2017-12-30 13:00:00,2240.9763986581993
2017-12-30 14:00:00,2228.496543305305
2017-12-30 15:00:00,2220.7111386703045
2017-12-30 16:00:00,2217.7997837342477
2017-12-30 17:00:00,2219.942077478186
2017-12-30 18:00:00,2227.3176188831676
2017-12-30 19:00:00,2240.1060069302407
2017-12-30 20:00:00,2258.4868406004543
2017-12-30 21:00:00,2282.6397188748533
2017-12-30 22:00:00,2312.7442407344943
2017-12-30 23:00:00,2348.9800051604207
2017-12-31 00:00:00,2391.526611133685
2017-12-31 01:00:00,2440.56365763533
2017-12-31 02:00:00,2496.2707436464125
2017-12-31 03:00:00,2558.8274681479725
2017-12-31 04:00:00,2628.413430121067
2017-12-31 05:00:00,2705.208228546742
2017-12-31 06:00:00,2789.3914624060394
2017-12-31 07:00:00,2881.142730680022
2017-12-31 08:00:00,2980.641632349733
2017-12-31 09:00:00,2956.0
2017-12-31 10:00:00,3298.0
2017-12-31 11:00:00,3479.0
2017-12-31 12:00:00,3550.0
2017-12-31 13:00:00,3829.0
2017-12-31 14:00:00,3887.0
2017-12-31 15:00:00,3863.0
2017-12-31 16:00:00,3881.0
2017-12-31 17:00:00,4117.0
2017-12-31 18:00:00,4301.0
2017-12-31 19:00:00,4414.0
2017-12-31 20:00:00,4294.0
2017-12-31 21:00:00,4180.0
2017-12-31 22:00:00,3919.0
2017-12-31 23:00:00,3919.0
2018-01-01 00:00:00,4147.0
2018-01-01 01:00:00,4218.0
2018-01-01 02:00:00,3893.0
2018-01-01 03:00:00,3857.0
2018-01-01 04:00:00,3424.0
2018-01-01 05:00:00,3397.0
2018-01-01 06:00:00,3357.0
2018-01-01 07:00:00,3283.0
2018-01-01 08:00:00,3213.0
2018-01-01 09:00:00,3383.0
2018-01-01 10:00:00,3622.0
2018-01-01 11:00:00,4069.0
2018-01-01 12:00:00,4152.0
2018-01-01 13:00:00,4638.0
2018-01-01 14:00:00,4964.0
2018-01-01 15:00:00,4823.0
2018-01-01 16:00:00,4943.0
2018-01-01 17:00:00,5032.0
2018-01-01 18:00:00,4992.0
2018-01-01 19:00:00,4890.0
2018-01-01 20:00:00,4818.0
2018-01-01 21:00:00,4642.0
2018-01-01 22:00:00,4104.0
2018-01-01 23:00:00,4168.0
2018-01-02 00:00:00,4310.0
2018-01-02 01:00:00,4212.0
2018-01-02 02:00:00,3928.0
2018-01-02 03:00:00,3817.0
2018-01-02 04:00:00,3708.0
2018-01-02 05:00:00,3548.0
2018-01-02 06:00:00,3497.0
2018-01-02 07:00:00,3481.0
2018-01-02 08:00:00,3480.0
2018-01-02 09:00:00,3543.0
2018-01-02 10:00:00,4002.0
2018-01-02 11:00:00,4676.0
2018-01-02 12:00:00,4925.0
2018-01-02 13:00:00,5090.0
2018-01-02 14:00:00,4792.0
2018-01-02 15:00:00,4531.0
2018-01-02 16:00:00,4580.0
2018-01-02 17:00:00,4606.0
2018-01-02 18:00:00,4600.0
2018-01-02 19:00:00,4769.0
2018-01-02 20:00:00,4581.0
2018-01-02 21:00:00,4636.0
2018-01-02 22:00:00,4542.0
2018-01-02 23:00:00,4604.0
2018-01-03 00:00:00,4818.0
2018-01-03 01:00:00,4765.0
2018-01-03 02:00:00,4433.0
2018-01-03 03:00:00,4307.0
2018-01-03 04:00:00,4223.0
2018-01-03 05:00:00,4039.0
2018-01-03 06:00:00,3970.0
2018-01-03 07:00:00,3873.0
2018-01-03 08:00:00,3875.0
2018-01-03 09:00:00,3897.0
2018-01-03 10:00:00,4223.0
2018-01-03 11:00:00,4543.0
2018-01-03 12:00:00,4624.0
2018-01-03 13:00:00,4643.0
2018-01-03 14:00:00,4850.0
2018-01-03 15:00:00,4721.0
2018-01-03 16:00:00,4786.0
2018-01-03 17:00:00,4724.0
2018-01-03 18:00:00,4997.0
2018-01-03 19:00:00,5306.0
2018-01-03 20:00:00,4546.0
2018-01-03 21:00:00,4693.0
2018-01-03 22:00:00,4645.0
2018-01-03 23:00:00,4702.0
2018-01-04 00:00:00,4893.0
2018-01-04 01:00:00,4819.0
2018-01-04 02:00:00,4457.0
2018-01-04 03:00:00,4309.0
2018-01-04 04:00:00,4160.0
2018-01-04 05:00:00,3980.0
2018-01-04 06:00:00,3946.0
2018-01-04 07:00:00,3779.0
2018-01-04 08:00:00,3742.0
2018-01-04 09:00:00,3842.0
2018-01-04 10:00:00,3850.0
2018-01-04 11:00:00,3937.0
2018-01-04 12:00:00,3870.0
2018-01-04 13:00:00,3897.0
2018-01-04 14:00:00,4011.0
2018-01-04 15:00:00,4048.0
2018-01-04 16:00:00,3824.0
2018-01-04 17:00:00,3744.0
2018-01-04 18:00:00,4064.0
2018-01-04 19:00:00,3920.0
2018-01-04 20:00:00,3877.0
2018-01-04 21:00:00,3839.0
2018-01-04 22:00:00,3952.0
2018-01-04 23:00:00,4715.0
2018-01-05 00:00:00,5076.0
2018-01-05 01:00:00,5090.0
2018-01-05 02:00:00,4859.0
2018-01-05 03:00:00,4763.0
2018-01-05 04:00:00,4583.0
2018-01-05 05:00:00,4317.0
2018-01-05 06:00:00,4073.0
2018-01-05 07:00:00,3777.0
2018-01-05 08:00:00,3663.0
2018-01-05 09:00:00,3583.0
2018-01-05 10:00:00,3748.0
2018-01-05 11:00:00,3462.0
2018-01-05 12:00:00,3498.0
2018-01-05 13:00:00,3645.0
2018-01-05 14:00:00,3705.0
2018-01-05 15:00:00,3750.0
2018-01-05 16:00:00,3858.0
2018-01-05 17:00:00,3956.0
2018-01-05 18:00:00,3700.0
2018-01-05 19:00:00,3308.0
2018-01-05 20:00:00,3422.0
2018-01-05 21:00:00,3327.0
2018-01-05 22:00:00,3281.0
2018-01-05 23:00:00,3223.0
2018-01-06 00:00:00,3213.0
2018-01-06 01:00:00,3272.0
2018-01-06 02:00:00,3172.0
2018-01-06 03:00:00,3194.0
2018-01-06 04:00:00,3133.0
2018-01-06 05:00:00,3092.0
2018-01-06 06:00:00,3189.0
2018-01-06 07:00:00,3140.0
2018-01-06 08:00:00,3143.0
2018-01-06 09:00:00,3266.0
2018-01-06 10:00:00,3900.0
2018-01-06 11:00:00,4563.0
2018-01-06 12:00:00,4453.0
2018-01-06 13:00:00,4578.0
2018-01-06 14:00:00,4864.0
2018-01-06 15:00:00,5130.0
2018-01-06 16:00:00,4825.0
2018-01-06 17:00:00,4697.0
2018-01-06 18:00:00,4773.0
2018-01-06 19:00:00,4812.0
2018-01-06 20:00:00,4690.0
2018-01-06 21:00:00,4576.0
2018-01-06 22:00:00,4580.0
2018-01-06 23:00:00,4529.0
2018-01-07 00:00:00,4829.0
2018-01-07 01:00:00,4653.0
2018-01-07 02:00:00,4361.0
2018-01-07 03:00:00,4248.0
2018-01-07 04:00:00,4082.0
2018-01-07 05:00:00,3851.0
2018-01-07 06:00:00,3783.0
2018-01-07 07:00:00,3649.0
2018-01-07 08:00:00,3536.0
2018-01-07 09:00:00,3485.0
2018-01-07 10:00:00,3859.0
2018-01-07 11:00:00,4597.0
2018-01-07 12:00:00,4688.0
2018-01-07 13:00:00,4946.0
2018-01-07 14:00:00,4765.0
2018-01-07 15:00:00,4805.0
2018-01-07 16:00:00,4778.0
2018-01-07 17:00:00,4740.0
2018-01-07 18:00:00,4620.0
2018-01-07 19:00:00,4711.0
2018-01-07 20:00:00,4814.0
2018-01-07 21:00:00,4896.0
2018-01-07 22:00:00,4651.0
2018-01-07 23:00:00,4576.0
2018-01-08 00:00:00,4689.0
2018-01-08 01:00:00,4561.0
2018-01-08 02:00:00,4238.0
2018-01-08 03:00:00,4121.0
2018-01-08 04:00:00,3939.0
2018-01-08 05:00:00,3807.0
2018-01-08 06:00:00,3743.0
2018-01-08 07:00:00,3509.0
2018-01-08 08:00:00,3196.0
2018-01-08 09:00:00,3269.0
2018-01-08 10:00:00,3664.0
2018-01-08 11:00:00,4103.0
2018-01-08 12:00:00,4285.0
2018-01-08 13:00:00,4452.0
2018-01-08 14:00:00,4906.0
2018-01-08 15:00:00,5190.0
2018-01-08 16:00:00,5227.0
2018-01-08 17:00:00,5255.0
2018-01-08 18:00:00,5222.0
2018-01-08 19:00:00,5180.0
2018-01-08 20:00:00,5229.0
2018-01-08 21:00:00,4940.0
2018-01-08 22:00:00,4569.0
2018-01-08 23:00:00,4319.0
2018-01-09 00:00:00,4368.0
2018-01-09 01:00:00,4171.0
2018-01-09 02:00:00,3917.0
2018-01-09 03:00:00,3754.0
2018-01-09 04:00:00,3526.0
2018-01-09 05:00:00,3385.0
2018-01-09 06:00:00,3354.0
2018-01-09 07:00:00,3262.0
2018-01-09 08:00:00,3197.0
2018-01-09 09:00:00,3304.0
2018-01-09 10:00:00,3579.0
2018-01-09 11:00:00,3799.0
2018-01-09 12:00:00,3779.0
2018-01-09 13:00:00,3842.0
2018-01-09 14:00:00,4011.0
2018-01-09 15:00:00,4021.0
2018-01-09 16:00:00,4185.0
2018-01-09 17:00:00,4555.0
2018-01-09 18:00:00,4904.0
2018-01-09 19:00:00,4907.0
2018-01-09 20:00:00,4847.0
2018-01-09 21:00:00,4760.0
2018-01-09 22:00:00,4509.0
2018-01-09 23:00:00,4394.0
2018-01-10 00:00:00,4336.0
2018-01-10 01:00:00,4154.0
2018-01-10 02:00:00,3940.0
2018-01-10 03:00:00,3868.0
2018-01-10 04:00:00,3769.0
2018-01-10 05:00:00,3735.0
2018-01-10 06:00:00,3498.0
2018-01-10 07:00:00,3507.0
2018-01-10 08:00:00,3396.0
2018-01-10 09:00:00,3438.0
2018-01-10 10:00:00,3627.0
2018-01-10 11:00:00,3714.0
2018-01-10 12:00:00,3755.0
2018-01-10 13:00:00,3774.0
2018-01-10 14:00:00,3931.0
2018-01-10 15:00:00,3865.0
2018-01-10 16:00:00,3854.0
2018-01-10 17:00:00,3860.0
2018-01-10 18:00:00,4075.0
2018-01-10 19:00:00,4052.0
2018-01-10 20:00:00,4120.0
2018-01-10 21:00:00,4069.0
2018-01-10 22:00:00,3990.0
2018-01-10 23:00:00,4088.0
2018-01-11 00:00:00,4245.0
2018-01-11 01:00:00,4145.0
2018-01-11 02:00:00,3974.0
2018-01-11 03:00:00,3838.0
2018-01-11 04:00:00,3681.0
2018-01-11 05:00:00,3601.0
2018-01-11 06:00:00,3481.0
2018-01-11 07:00:00,3437.0
2018-01-11 08:00:00,3292.0
2018-01-11 09:00:00,3207.0
2018-01-11 10:00:00,3193.0
2018-01-11 11:00:00,3320.0
2018-01-11 12:00:00,3252.0
2018-01-11 13:00:00,3138.0
2018-01-11 14:00:00,3256.0
2018-01-11 15:00:00,3114.0
2018-01-11 16:00:00,3098.0
2018-01-11 17:00:00,3154.0
2018-01-11 18:00:00,3654.0
2018-01-11 19:00:00,3562.0
2018-01-11 20:00:00,3642.0
2018-01-11 21:00:00,3667.0
2018-01-11 22:00:00,3595.0
2018-01-11 23:00:00,3636.0
2018-01-12 00:00:00,3801.0
2018-01-12 01:00:00,3855.0
2018-01-12 02:00:00,3686.0
2018-01-12 03:00:00,3574.0
2018-01-12 04:00:00,3441.0
2018-01-12 05:00:00,3210.0
2018-01-12 06:00:00,3283.0
2018-01-12 07:00:00,3181.0
2018-01-12 08:00:00,2868.0
2018-01-12 09:00:00,2787.0
2018-01-12 10:00:00,2932.0
2018-01-12 11:00:00,2848.0
2018-01-12 12:00:00,2823.0
2018-01-12 13:00:00,2977.0
2018-01-12 14:00:00,3001.0
2018-01-12 15:00:00,3037.0
2018-01-12 16:00:00,3130.0
2018-01-12 17:00:00,3094.0
2018-01-12 18:00:00,3166.0
2018-01-12 19:00:00,3196.0
2018-01-12 20:00:00,3359.0
2018-01-12 21:00:00,3202.0
2018-01-12 22:00:00,3122.0
2018-01-12 23:00:00,3025.0
2018-01-13 00:00:00,2946.0
2018-01-13 01:00:00,2977.0
2018-01-13 02:00:00,2892.0
2018-01-13 03:00:00,2888.0
2018-01-13 04:00:00,2770.0
2018-01-13 05:00:00,2761.0
2018-01-13 06:00:00,2827.0
2018-01-13 07:00:00,2835.0
2018-01-13 08:00:00,2806.0
2018-01-13 09:00:00,2990.0
2018-01-13 10:00:00,3330.0
2018-01-13 11:00:00,3595.0
2018-01-13 12:00:00,3583.0
2018-01-13 13:00:00,3803.0
2018-01-13 14:00:00,4068.0
2018-01-13 15:00:00,4122.0
2018-01-13 16:00:00,4292.0
2018-01-13 17:00:00,4447.0
2018-01-13 18:00:00,4658.0
2018-01-13 19:00:00,5143.0
2018-01-13 20:00:00,4976.0
2018-01-13 21:00:00,4587.0
2018-01-13 22:00:00,4359.0
2018-01-13 23:00:00,4290.0
2018-01-14 00:00:00,4315.0
2018-01-14 01:00:00,4025.0
2018-01-14 02:00:00,3797.0
2018-01-14 03:00:00,3652.0
2018-01-14 04:00:00,3492.0
2018-01-14 05:00:00,3434.0
2018-01-14 06:00:00,3357.0
2018-01-14 07:00:00,3192.0
2018-01-14 08:00:00,3013.0
2018-01-14 09:00:00,3239.0
2018-01-14 10:00:00,3380.0
2018-01-14 11:00:00,3524.0
2018-01-14 12:00:00,3651.0
2018-01-14 13:00:00,3902.0
2018-01-14 14:00:00,4251.0
2018-01-14 15:00:00,4228.0
2018-01-14 16:00:00,4453.0
2018-01-14 17:00:00,4596.0
2018-01-14 18:00:00,5186.0
2018-01-14 19:00:00,5117.0
2018-01-14 20:00:00,4980.0
2018-01-14 21:00:00,4627.0
2018-01-14 22:00:00,4394.0
2018-01-14 23:00:00,4300.0
2018-01-15 00:00:00,4409.0
2018-01-15 01:00:00,4059.0
2018-01-15 02:00:00,3808.0
2018-01-15 03:00:00,3730.0
2018-01-15 04:00:00,3577.0
2018-01-15 05:00:00,3403.0
2018-01-15 06:00:00,3260.0
2018-01-15 07:00:00,3119.0
2018-01-15 08:00:00,3008.0
2018-01-15 09:00:00,3254.0
2018-01-15 10:00:00,3477.0
2018-01-15 11:00:00,3618.0
2018-01-15 12:00:00,3710.0
2018-01-15 13:00:00,4048.0
2018-01-15 14:00:00,4219.0
2018-01-15 15:00:00,4109.0
2018-01-15 16:00:00,4419.0
2018-01-15 17:00:00,4713.0
2018-01-15 18:00:00,5130.0
2018-01-15 19:00:00,5179.0
2018-01-15 20:00:00,5097.0
2018-01-15 21:00:00,4812.0
2018-01-15 22:00:00,4549.0
2018-01-15 23:00:00,4399.0
2018-01-16 00:00:00,4481.0
2018-01-16 01:00:00,4442.0
2018-01-16 02:00:00,4091.0
2018-01-16 03:00:00,3750.0
2018-01-16 04:00:00,3560.0
2018-01-16 05:00:00,3481.0
2018-01-16 06:00:00,3413.0
2018-01-16 07:00:00,3175.0
2018-01-16 08:00:00,3102.0
2018-01-16 09:00:00,3340.0
2018-01-16 10:00:00,3540.0
2018-01-16 11:00:00,3847.0
2018-01-16 12:00:00,3765.0
2018-01-16 13:00:00,3896.0
2018-01-16 14:00:00,4032.0
2018-01-16 15:00:00,4045.0
2018-01-16 16:00:00,4193.0
2018-01-16 17:00:00,4503.0
2018-01-16 18:00:00,4670.0
2018-01-16 19:00:00,4695.0
2018-01-16 20:00:00,5045.0
2018-01-16 21:00:00,4859.0
2018-01-16 22:00:00,4689.0
2018-01-16 23:00:00,4374.0
2018-01-17 00:00:00,4470.0
2018-01-17 01:00:00,4179.0
2018-01-17 02:00:00,3886.0
2018-01-17 03:00:00,3729.0
2018-01-17 04:00:00,3531.0
2018-01-17 05:00:00,3328.0
2018-01-17 06:00:00,3330.0
2018-01-17 07:00:00,3169.0
2018-01-17 08:00:00,3144.0
2018-01-17 09:00:00,3227.0
2018-01-17 10:00:00,3425.0
2018-01-17 11:00:00,3636.0
2018-01-17 12:00:00,3773.0
2018-01-17 13:00:00,3854.0
2018-01-17 14:00:00,4085.0
2018-01-17 15:00:00,4171.0
2018-01-17 16:00:00,4439.0
2018-01-17 17:00:00,4592.0
2018-01-17 18:00:00,4816.0
2018-01-17 19:00:00,4639.0
2018-01-17 20:00:00,4441.0
2018-01-17 21:00:00,4262.0
2018-01-17 22:00:00,4091.0
2018-01-17 23:00:00,4121.0
2018-01-18 00:00:00,4287.0
2018-01-18 01:00:00,4225.0
2018-01-18 02:00:00,3981.0
2018-01-18 03:00:00,3863.0
2018-01-18 04:00:00,3617.0
2018-01-18 05:00:00,3605.4107223833007
2018-01-18 06:00:00,3504.970281288577
2018-01-18 07:00:00,3405.240746121097
2018-01-18 08:00:00,3306.391797374005
2018-01-18 09:00:00,3208.5931155404455
2018-01-18 10:00:00,3112.0143811135636
2018-01-18 11:00:00,3016.825274586504
2018-01-18 12:00:00,2923.1954764524107
2018-01-18 13:00:00,2831.2946672044286
2018-01-18 14:00:00,2741.2925273357023
2018-01-18 15:00:00,2653.3587373393766
2018-01-18 16:00:00,2567.662977708596
2018-01-18 17:00:00,2484.3749289365046
2018-01-18 18:00:00,2403.664271516248
2018-01-18 19:00:00,2325.70068594097
2018-01-18 20:00:00,2250.653852703815
2018-01-18 21:00:00,2178.6934522979286
2018-01-18 22:00:00,2109.989165216455
2018-01-18 23:00:00,2044.7106719525389
2018-01-19 00:00:00,1983.0276529993248
2018-01-19 01:00:00,1925.1097888499569
2018-01-19 02:00:00,1871.1267599975808
2018-01-19 03:00:00,1821.248246935339
2018-01-19 04:00:00,1775.6439301563782
2018-01-19 05:00:00,1734.483490153843
2018-01-19 06:00:00,1697.9366074208772
2018-01-19 07:00:00,1666.1729624506256
2018-01-19 08:00:00,1639.3622357362335
2018-01-19 09:00:00,1617.674107770845
2018-01-19 10:00:00,1601.278259047605
2018-01-19 11:00:00,1590.3443700596558
2018-01-19 12:00:00,1585.0421213001453
2018-01-19 13:00:00,1585.541193262215
2018-01-19 14:00:00,1592.0112664390106
2018-01-19 15:00:00,1604.6220213236795
2018-01-19 16:00:00,1623.5431384093645
2018-01-19 17:00:00,1648.9442981892098
2018-01-19 18:00:00,1680.9951811563612
2018-01-19 19:00:00,1719.8654678039588
2018-01-19 20:00:00,1765.7248386251554
2018-01-19 21:00:00,1818.74297411309
2018-01-19 22:00:00,1879.0895547609105
2018-01-19 23:00:00,1946.9342610617553
2018-01-20 00:00:00,2022.4467735087758
2018-01-20 01:00:00,2105.7967725951094
2018-01-20 02:00:00,2197.153938813909
2018-01-20 03:00:00,2296.687952658315
2018-01-20 04:00:00,2404.568494621465
2018-01-20 05:00:00,2520.9652451965185
2018-01-20 06:00:00,2646.047884876615
2018-01-20 07:00:00,2797.0
2018-01-20 08:00:00,2856.0
2018-01-20 09:00:00,2997.0
2018-01-20 10:00:00,3328.0
2018-01-20 11:00:00,3550.0
2018-01-20 12:00:00,3807.0
2018-01-20 13:00:00,3903.0
2018-01-20 14:00:00,4182.0
2018-01-20 15:00:00,4130.0
2018-01-20 16:00:00,4268.0
2018-01-20 17:00:00,4530.0
2018-01-20 18:00:00,5131.0
2018-01-20 19:00:00,4823.0
2018-01-20 20:00:00,4494.0
2018-01-20 21:00:00,4277.0
2018-01-20 22:00:00,4102.0
2018-01-20 23:00:00,4096.0
2018-01-21 00:00:00,4369.0
2018-01-21 01:00:00,4363.0
2018-01-21 02:00:00,4090.0
2018-01-21 03:00:00,3762.0
2018-01-21 04:00:00,3556.0
2018-01-21 05:00:00,3442.0
2018-01-21 06:00:00,3392.0
2018-01-21 07:00:00,3268.0
2018-01-21 08:00:00,3252.0
2018-01-21 09:00:00,3248.0
2018-01-21 10:00:00,3379.0
2018-01-21 11:00:00,3736.0
2018-01-21 12:00:00,3859.0
2018-01-21 13:00:00,3941.0
2018-01-21 14:00:00,4162.0
2018-01-21 15:00:00,4121.0
2018-01-21 16:00:00,4370.0
2018-01-21 17:00:00,4434.0
2018-01-21 18:00:00,4502.0
2018-01-21 19:00:00,4517.0
2018-01-21 20:00:00,4148.0
2018-01-21 21:00:00,3769.0
2018-01-21 22:00:00,3682.0
2018-01-21 23:00:00,3631.0
2018-01-22 00:00:00,3832.0
2018-01-22 01:00:00,3838.0
2018-01-22 02:00:00,3669.0
2018-01-22 03:00:00,3575.0
2018-01-22 04:00:00,3397.0
2018-01-22 05:00:00,3231.0
2018-01-22 06:00:00,3196.0
2018-01-22 07:00:00,3103.0
2018-01-22 08:00:00,3051.0
2018-01-22 09:00:00,3185.0
2018-01-22 10:00:00,3675.0
2018-01-22 11:00:00,3785.0
2018-01-22 12:00:00,3940.0
2018-01-22 13:00:00,4115.0
2018-01-22 14:00:00,4363.0
2018-01-22 15:00:00,4303.0
2018-01-22 16:00:00,4402.0
2018-01-22 17:00:00,4520.0
2018-01-22 18:00:00,4548.0
2018-01-22 19:00:00,4506.0
2018-01-22 20:00:00,4447.0
2018-01-22 21:00:00,4211.0
2018-01-22 22:00:00,4157.0
2018-01-22 23:00:00,4201.0
2018-01-23 00:00:00,4442.0
2018-01-23 01:00:00,4482.0
2018-01-23 02:00:00,4200.0
2018-01-23 03:00:00,4082.0
2018-01-23 04:00:00,3909.0
2018-01-23 05:00:00,3798.0
2018-01-23 06:00:00,3788.0
2018-01-23 07:00:00,3608.0
2018-01-23 08:00:00,3374.0
2018-01-23 09:00:00,3530.0
2018-01-23 10:00:00,3682.0
2018-01-23 11:00:00,3981.0
2018-01-23 12:00:00,4105.0
2018-01-23 13:00:00,4113.0
2018-01-23 14:00:00,4314.0
2018-01-23 15:00:00,4423.0
2018-01-23 16:00:00,4329.0
2018-01-23 17:00:00,4417.0
2018-01-23 18:00:00,4897.0
2018-01-23 19:00:00,4814.0
2018-01-23 20:00:00,4729.0
2018-01-23 21:00:00,4286.0
2018-01-23 22:00:00,4243.0
2018-01-23 23:00:00,4206.0
2018-01-24 00:00:00,4306.0
2018-01-24 01:00:00,4168.0
2018-01-24 02:00:00,3958.0
2018-01-24 03:00:00,3875.0
2018-01-24 04:00:00,3609.0
2018-01-24 05:00:00,3404.0
2018-01-24 06:00:00,3376.0
2018-01-24 07:00:00,3219.0
2018-01-24 08:00:00,3146.0
2018-01-24 09:00:00,3045.0
2018-01-24 10:00:00,3398.0
2018-01-24 11:00:00,3655.0
2018-01-24 12:00:00,3697.0
2018-01-24 13:00:00,3760.0
2018-01-24 14:00:00,3970.0
2018-01-24 15:00:00,3956.0
2018-01-24 16:00:00,4093.0
2018-01-24 17:00:00,4186.0
2018-01-24 18:00:00,4265.0
2018-01-24 19:00:00,4139.0
2018-01-24 20:00:00,4065.0
2018-01-24 21:00:00,3822.0
2018-01-24 22:00:00,3745.0
2018-01-24 23:00:00,3861.0
2018-01-25 00:00:00,4063.0
2018-01-25 01:00:00,4063.0
2018-01-25 02:00:00,3844.0
2018-01-25 03:00:00,3727.0
2018-01-25 04:00:00,3558.0
2018-01-25 05:00:00,3352.0
2018-01-25 06:00:00,3361.0
2018-01-25 07:00:00,3300.0
2018-01-25 08:00:00,3218.0
2018-01-25 09:00:00,3133.0
2018-01-25 10:00:00,3144.0
2018-01-25 11:00:00,3103.0
2018-01-25 12:00:00,3111.0
2018-01-25 13:00:00,3215.0
2018-01-25 14:00:00,3320.0
2018-01-25 15:00:00,3231.0
2018-01-25 16:00:00,3267.0
2018-01-25 17:00:00,3327.0
2018-01-25 18:00:00,3302.0
2018-01-25 19:00:00,3413.0
2018-01-25 20:00:00,3439.0
2018-01-25 21:00:00,3400.0
2018-01-25 22:00:00,3399.0
2018-01-25 23:00:00,3529.0
2018-01-26 00:00:00,3653.0
2018-01-26 01:00:00,3718.0
2018-01-26 02:00:00,3538.0
2018-01-26 03:00:00,3408.0
2018-01-26 04:00:00,3246.0
2018-01-26 05:00:00,3092.0
2018-01-26 06:00:00,3160.0
2018-01-26 07:00:00,3048.0
2018-01-26 08:00:00,3015.0
2018-01-26 09:00:00,2865.0
2018-01-26 10:00:00,2789.0
2018-01-26 11:00:00,2692.0
2018-01-26 12:00:00,2687.0
2018-01-26 13:00:00,2729.0
2018-01-26 14:00:00,2844.0
2018-01-26 15:00:00,2831.0
2018-01-26 16:00:00,2950.0
2018-01-26 17:00:00,2982.0
2018-01-26 18:00:00,2995.0
2018-01-26 19:00:00,2978.0
2018-01-26 20:00:00,2999.0
2018-01-26 21:00:00,2962.0
2018-01-26 22:00:00,2928.0
2018-01-26 23:00:00,2799.0
2018-01-27 00:00:00,2792.0
2018-01-27 01:00:00,2823.0
2018-01-27 02:00:00,2771.0
2018-01-27 03:00:00,2695.0
2018-01-27 04:00:00,2736.0
2018-01-27 05:00:00,2659.0
2018-01-27 06:00:00,2737.0
2018-01-27 07:00:00,2750.0
2018-01-27 08:00:00,2726.0
2018-01-27 09:00:00,2927.0
2018-01-27 10:00:00,3252.0
2018-01-27 11:00:00,3470.0
2018-01-27 12:00:00,3638.0
2018-01-27 13:00:00,3744.0
2018-01-27 14:00:00,3956.0
2018-01-27 15:00:00,3947.0
2018-01-27 16:00:00,4077.0
2018-01-27 17:00:00,4293.0
2018-01-27 18:00:00,4474.0
2018-01-27 19:00:00,4703.0
2018-01-27 20:00:00,4795.0
2018-01-27 21:00:00,4542.0
2018-01-27 22:00:00,4294.0
2018-01-27 23:00:00,4145.0
2018-01-28 00:00:00,4303.0
2018-01-28 01:00:00,4151.0
2018-01-28 02:00:00,3852.0
2018-01-28 03:00:00,3577.0
2018-01-28 04:00:00,3344.0
2018-01-28 05:00:00,3210.0
2018-01-28 06:00:00,3179.0
2018-01-28 07:00:00,2955.0
2018-01-28 08:00:00,2921.0
2018-01-28 09:00:00,3103.0
2018-01-28 10:00:00,3368.0
2018-01-28 11:00:00,3702.0
2018-01-28 12:00:00,4012.0
2018-01-28 13:00:00,4242.0
2018-01-28 14:00:00,4401.0
2018-01-28 15:00:00,4403.0
2018-01-28 16:00:00,4481.0
2018-01-28 17:00:00,4932.0
2018-01-28 18:00:00,5331.0
2018-01-28 19:00:00,5227.0
2018-01-28 20:00:00,5120.0
2018-01-28 21:00:00,4919.0
2018-01-28 22:00:00,4584.0
2018-01-28 23:00:00,4518.0
2018-01-29 00:00:00,4573.0
2018-01-29 01:00:00,4465.0
2018-01-29 02:00:00,4159.0
2018-01-29 03:00:00,4100.0
2018-01-29 04:00:00,3973.0
2018-01-29 05:00:00,3581.0
2018-01-29 06:00:00,3229.0
2018-01-29 07:00:00,3293.0
2018-01-29 08:00:00,3083.0
2018-01-29 09:00:00,3256.0
2018-01-29 10:00:00,3480.0
2018-01-29 11:00:00,3711.0
2018-01-29 12:00:00,3917.0
2018-01-29 13:00:00,4191.0
2018-01-29 14:00:00,4672.0
2018-01-29 15:00:00,4652.0
2018-01-29 16:00:00,4876.0
2018-01-29 17:00:00,5204.0
2018-01-29 18:00:00,5315.0
2018-01-29 19:00:00,5288.0
2018-01-29 20:00:00,5237.0
2018-01-29 21:00:00,4968.0
2018-01-29 22:00:00,4776.0
2018-01-29 23:00:00,4658.0
2018-01-30 00:00:00,4565.0
2018-01-30 01:00:00,4409.0
2018-01-30 02:00:00,4113.0
2018-01-30 03:00:00,3817.0
2018-01-30 04:00:00,3727.0
2018-01-30 05:00:00,3590.0
2018-01-30 06:00:00,3338.0
2018-01-30 07:00:00,3141.0
2018-01-30 08:00:00,2950.0
2018-01-30 09:00:00,3146.0
2018-01-30 10:00:00,3426.0
2018-01-30 11:00:00,3745.0
2018-01-30 12:00:00,3767.0
2018-01-30 13:00:00,3932.0
2018-01-30 14:00:00,4272.0
2018-01-30 15:00:00,4228.0
2018-01-30 16:00:00,4358.0
2018-01-30 17:00:00,4990.0
2018-01-30 18:00:00,5170.0
2018-01-30 19:00:00,5189.0
2018-01-30 20:00:00,4949.0
2018-01-30 21:00:00,4602.0
2018-01-30 22:00:00,4370.0
2018-01-30 23:00:00,4328.0
2018-01-31 00:00:00,4465.0
2018-01-31 01:00:00,4291.0
2018-01-31 02:00:00,4036.0
2018-01-31 03:00:00,3927.0
2018-01-31 04:00:00,3823.0
2018-01-31 05:00:00,3719.0
2018-01-31 06:00:00,3749.0
2018-01-31 07:00:00,3432.0
2018-01-31 08:00:00,3109.0
2018-01-31 09:00:00,3281.0
2018-01-31 10:00:00,3481.0
2018-01-31 11:00:00,3711.0
2018-01-31 12:00:00,3678.0
2018-01-31 13:00:00,3817.0
2018-01-31 14:00:00,4176.0
2018-01-31 15:00:00,4065.0
2018-01-31 16:00:00,4171.0
2018-01-31 17:00:00,4215.0
2018-01-31 18:00:00,4232.0
2018-01-31 19:00:00,4218.0
2018-01-31 20:00:00,4113.0
2018-01-31 21:00:00,3939.0
2018-01-31 22:00:00,3866.0
2018-01-31 23:00:00,3896.0
2018-02-01 00:00:00,4084.0
2018-02-01 01:00:00,3925.0
2018-02-01 02:00:00,3679.0
2018-02-01 03:00:00,3590.0
2018-02-01 04:00:00,3525.0
2018-02-01 05:00:00,3482.0
2018-02-01 06:00:00,3385.0
2018-02-01 07:00:00,3213.0
2018-02-01 08:00:00,3037.0
2018-02-01 09:00:00,3069.0
2018-02-01 10:00:00,3095.0
2018-02-01 11:00:00,3215.0
2018-02-01 12:00:00,3224.0
2018-02-01 13:00:00,3188.0
2018-02-01 14:00:00,3330.0
2018-02-01 15:00:00,3256.0
2018-02-01 16:00:00,3278.0
2018-02-01 17:00:00,3431.0
2018-02-01 18:00:00,3478.0
2018-02-01 19:00:00,3428.0
2018-02-01 20:00:00,3435.0
2018-02-01 21:00:00,3478.0
2018-02-01 22:00:00,3494.0
2018-02-01 23:00:00,3556.0
2018-02-02 00:00:00,3732.0
2018-02-02 01:00:00,3768.0
2018-02-02 02:00:00,3607.0
2018-02-02 03:00:00,3452.0
2018-02-02 04:00:00,3408.0
2018-02-02 05:00:00,3266.0
2018-02-02 06:00:00,2997.0
2018-02-02 07:00:00,2792.0
2018-02-02 08:00:00,2748.0
2018-02-02 09:00:00,2841.0
2018-02-02 10:00:00,2890.0
2018-02-02 11:00:00,2831.0
2018-02-02 12:00:00,2931.0
2018-02-02 13:00:00,2940.0
2018-02-02 14:00:00,3088.0
2018-02-02 15:00:00,3297.0
2018-02-02 16:00:00,3265.0
2018-02-02 17:00:00,3280.0
2018-02-02 18:00:00,3318.0
2018-02-02 19:00:00,3200.0
2018-02-02 20:00:00,3197.0
2018-02-02 21:00:00,3126.0
2018-02-02 22:00:00,3026.0
2018-02-02 23:00:00,3011.0
2018-02-03 00:00:00,2927.0
2018-02-03 01:00:00,2938.0
2018-02-03 02:00:00,2878.0
2018-02-03 03:00:00,2851.0
2018-02-03 04:00:00,2811.0
2018-02-03 05:00:00,2772.0
2018-02-03 06:00:00,2828.0
2018-02-03 07:00:00,2787.0
2018-02-03 08:00:00,2883.0
2018-02-03 09:00:00,3105.0
2018-02-03 10:00:00,3289.0
2018-02-03 11:00:00,3498.0
2018-02-03 12:00:00,3627.0
2018-02-03 13:00:00,3726.0
2018-02-03 14:00:00,3933.0
2018-02-03 15:00:00,3841.0
2018-02-03 16:00:00,4062.0
2018-02-03 17:00:00,4200.0
2018-02-03 18:00:00,4316.0
2018-02-03 19:00:00,4453.0
2018-02-03 20:00:00,4317.0
2018-02-03 21:00:00,4058.0
2018-02-03 22:00:00,3929.0
2018-02-03 23:00:00,4009.0
2018-02-04 00:00:00,4139.0
2018-02-04 01:00:00,3992.0
2018-02-04 02:00:00,3877.0
2018-02-04 03:00:00,3663.0
2018-02-04 04:00:00,3547.0
2018-02-04 05:00:00,3366.0
2018-02-04 06:00:00,3399.0
2018-02-04 07:00:00,3446.0
2018-02-04 08:00:00,3215.0
2018-02-04 09:00:00,3289.0
2018-02-04 10:00:00,3419.0
2018-02-04 11:00:00,3707.0
2018-02-04 12:00:00,3689.0
2018-02-04 13:00:00,3862.0
2018-02-04 14:00:00,4085.0
2018-02-04 15:00:00,4008.0
2018-02-04 16:00:00,4058.0
2018-02-04 17:00:00,4197.0
2018-02-04 18:00:00,4295.0
2018-02-04 19:00:00,4266.0
2018-02-04 20:00:00,4288.0
2018-02-04 21:00:00,3997.0
2018-02-04 22:00:00,3862.0
2018-02-04 23:00:00,3840.0
2018-02-05 00:00:00,4065.0
2018-02-05 01:00:00,4133.0
2018-02-05 02:00:00,3872.0
2018-02-05 03:00:00,3812.0
2018-02-05 04:00:00,3637.0
2018-02-05 05:00:00,3415.0
2018-02-05 06:00:00,3367.0
2018-02-05 07:00:00,3262.0
2018-02-05 08:00:00,3116.0
2018-02-05 09:00:00,3184.0
2018-02-05 10:00:00,3238.0
2018-02-05 11:00:00,3539.0
2018-02-05 12:00:00,3705.0
2018-02-05 13:00:00,3696.0
2018-02-05 14:00:00,4016.0
2018-02-05 15:00:00,3950.0
2018-02-05 16:00:00,4029.0
2018-02-05 17:00:00,4106.0
2018-02-05 18:00:00,4000.0
2018-02-05 19:00:00,4187.0
2018-02-05 20:00:00,4134.0
2018-02-05 21:00:00,4140.0
2018-02-05 22:00:00,3974.0
2018-02-05 23:00:00,3963.0
2018-02-06 00:00:00,4037.0
2018-02-06 01:00:00,4130.0
2018-02-06 02:00:00,3837.0
2018-02-06 03:00:00,3780.0
2018-02-06 04:00:00,3614.0
2018-02-06 05:00:00,3468.0
2018-02-06 06:00:00,3414.0
2018-02-06 07:00:00,3291.0
2018-02-06 08:00:00,3156.0
2018-02-06 09:00:00,3201.0
2018-02-06 10:00:00,3413.0
2018-02-06 11:00:00,3764.0
2018-02-06 12:00:00,4021.0
2018-02-06 13:00:00,4028.0
2018-02-06 14:00:00,4298.0
2018-02-06 15:00:00,4313.0
2018-02-06 16:00:00,4332.0
2018-02-06 17:00:00,4375.0
2018-02-06 18:00:00,4509.0
2018-02-06 19:00:00,4462.0
2018-02-06 20:00:00,4323.0
2018-02-06 21:00:00,4246.0
2018-02-06 22:00:00,4122.0
2018-02-06 23:00:00,4125.0
2018-02-07 00:00:00,4316.0
2018-02-07 01:00:00,4259.0
2018-02-07 02:00:00,4051.0
2018-02-07 03:00:00,3960.0
2018-02-07 04:00:00,3748.0
2018-02-07 05:00:00,3692.0
2018-02-07 06:00:00,3580.0
2018-02-07 07:00:00,3315.0
2018-02-07 08:00:00,3225.0
2018-02-07 09:00:00,3426.0
2018-02-07 10:00:00,3780.0
2018-02-07 11:00:00,4186.0
2018-02-07 12:00:00,4345.0
2018-02-07 13:00:00,4510.0
2018-02-07 14:00:00,4692.0
2018-02-07 15:00:00,4712.0
2018-02-07 16:00:00,4670.0
2018-02-07 17:00:00,4727.0
2018-02-07 18:00:00,4823.0
2018-02-07 19:00:00,4785.0
2018-02-07 20:00:00,4661.0
2018-02-07 21:00:00,4561.0
2018-02-07 22:00:00,4424.0
2018-02-07 23:00:00,4447.0
2018-02-08 00:00:00,4603.0
2018-02-08 01:00:00,4568.0
2018-02-08 02:00:00,4308.0
2018-02-08 03:00:00,4234.0
2018-02-08 04:00:00,4066.0
2018-02-08 05:00:00,3875.0
2018-02-08 06:00:00,3719.0
2018-02-08 07:00:00,3582.0
2018-02-08 08:00:00,3350.0
2018-02-08 09:00:00,3456.0
2018-02-08 10:00:00,3373.0
2018-02-08 11:00:00,3628.0
2018-02-08 12:00:00,3830.0
2018-02-08 13:00:00,3910.0
2018-02-08 14:00:00,4059.0
2018-02-08 15:00:00,4022.0
2018-02-08 16:00:00,3915.0
2018-02-08 17:00:00,3832.0
2018-02-08 18:00:00,3859.0
2018-02-08 19:00:00,3993.0
2018-02-08 20:00:00,4078.0
2018-02-08 21:00:00,4056.0
2018-02-08 22:00:00,4044.0
2018-02-08 23:00:00,4173.0
2018-02-09 00:00:00,4350.0
2018-02-09 01:00:00,4273.0
2018-02-09 02:00:00,4063.0
2018-02-09 03:00:00,4042.0
2018-02-09 04:00:00,3877.0
2018-02-09 05:00:00,3677.0
2018-02-09 06:00:00,3641.0
2018-02-09 07:00:00,3393.0
2018-02-09 08:00:00,3183.0
2018-02-09 09:00:00,3084.0
2018-02-09 10:00:00,3117.0
2018-02-09 11:00:00,3080.0
2018-02-09 12:00:00,3233.0
2018-02-09 13:00:00,3302.0
2018-02-09 14:00:00,3672.0
2018-02-09 15:00:00,3778.0
2018-02-09 16:00:00,3835.0
2018-02-09 17:00:00,3775.0
2018-02-09 18:00:00,3814.0
2018-02-09 19:00:00,3786.0
2018-02-09 20:00:00,3842.0
2018-02-09 21:00:00,3741.0
2018-02-09 22:00:00,3652.0
2018-02-09 23:00:00,3432.0
2018-02-10 00:00:00,3386.0
2018-02-10 01:00:00,3365.0
2018-02-10 02:00:00,3173.0
2018-02-10 03:00:00,3013.0
2018-02-10 04:00:00,2938.0
2018-02-10 05:00:00,2938.0
2018-02-10 06:00:00,2964.0
2018-02-10 07:00:00,3002.0
2018-02-10 08:00:00,3056.0
2018-02-10 09:00:00,3329.0
2018-02-10 10:00:00,3490.0
2018-02-10 11:00:00,3657.0
2018-02-10 12:00:00,3834.0
2018-02-10 13:00:00,3937.0
2018-02-10 14:00:00,4176.0
2018-02-10 15:00:00,4319.0
2018-02-10 16:00:00,4438.0
2018-02-10 17:00:00,4542.0
2018-02-10 18:00:00,4711.0
2018-02-10 19:00:00,4604.0
2018-02-10 20:00:00,4500.0
2018-02-10 21:00:00,4389.0
2018-02-10 22:00:00,4061.0
2018-02-10 23:00:00,4138.0
2018-02-11 00:00:00,4288.0
2018-02-11 01:00:00,4156.0
2018-02-11 02:00:00,3799.0
2018-02-11 03:00:00,3695.0
2018-02-11 04:00:00,3612.0
2018-02-11 05:00:00,3394.0
2018-02-11 06:00:00,3353.0
2018-02-11 07:00:00,3128.0
2018-02-11 08:00:00,3118.0
2018-02-11 09:00:00,3315.0
2018-02-11 10:00:00,3506.0
2018-02-11 11:00:00,3659.0
2018-02-11 12:00:00,3701.0
2018-02-11 13:00:00,3922.0
2018-02-11 14:00:00,4362.0
2018-02-11 15:00:00,4419.0
2018-02-11 16:00:00,4402.0
2018-02-11 17:00:00,4504.0
2018-02-11 18:00:00,4576.0
2018-02-11 19:00:00,4743.0
2018-02-11 20:00:00,4675.0
2018-02-11 21:00:00,4478.0
2018-02-11 22:00:00,4377.0
2018-02-11 23:00:00,4404.0
2018-02-12 00:00:00,4607.0
2018-02-12 01:00:00,4452.0
2018-02-12 02:00:00,4177.0
2018-02-12 03:00:00,3993.0
2018-02-12 04:00:00,3885.0
2018-02-12 05:00:00,3724.0
2018-02-12 06:00:00,3674.0
2018-02-12 07:00:00,3400.0
2018-02-12 08:00:00,3316.0
2018-02-12 09:00:00,3414.0
2018-02-12 10:00:00,3753.0
2018-02-12 11:00:00,4086.0
2018-02-12 12:00:00,4245.0
2018-02-12 13:00:00,4528.0
2018-02-12 14:00:00,4713.0
2018-02-12 15:00:00,4812.0
2018-02-12 16:00:00,4836.0
2018-02-12 17:00:00,4812.0
2018-02-12 18:00:00,4859.0
2018-02-12 19:00:00,4804.0
2018-02-12 20:00:00,4804.0
2018-02-12 21:00:00,4648.0
2018-02-12 22:00:00,4501.0
2018-02-12 23:00:00,4516.0
2018-02-13 00:00:00,4594.0
2018-02-13 01:00:00,4419.0
2018-02-13 02:00:00,4162.0
2018-02-13 03:00:00,4083.0
2018-02-13 04:00:00,3965.0
2018-02-13 05:00:00,3785.0
2018-02-13 06:00:00,3646.0
2018-02-13 07:00:00,3543.0
2018-02-13 08:00:00,3367.0
2018-02-13 09:00:00,3472.0
2018-02-13 10:00:00,3565.0
2018-02-13 11:00:00,3557.0
2018-02-13 12:00:00,3593.0
2018-02-13 13:00:00,3862.0
2018-02-13 14:00:00,4100.0
2018-02-13 15:00:00,4248.0
2018-02-13 16:00:00,4380.0
2018-02-13 17:00:00,4430.0
2018-02-13 18:00:00,4460.0
2018-02-13 19:00:00,4385.0
2018-02-13 20:00:00,4352.0
2018-02-13 21:00:00,4215.0
2018-02-13 22:00:00,4066.0
2018-02-13 23:00:00,4148.0
2018-02-14 00:00:00,4320.0
2018-02-14 01:00:00,4194.0
2018-02-14 02:00:00,3952.0
2018-02-14 03:00:00,3882.0
2018-02-14 04:00:00,3652.0
2018-02-14 05:00:00,3479.0
2018-02-14 06:00:00,3557.0
2018-02-14 07:00:00,3473.0
2018-02-14 08:00:00,3352.0
2018-02-14 09:00:00,3384.0
2018-02-14 10:00:00,3664.0
2018-02-14 11:00:00,3907.0
2018-02-14 12:00:00,3928.0
2018-02-14 13:00:00,3962.0
2018-02-14 14:00:00,4212.0
2018-02-14 15:00:00,4269.0
2018-02-14 16:00:00,4320.0
2018-02-14 17:00:00,4286.0
2018-02-14 18:00:00,4238.0
2018-02-14 19:00:00,4142.0
2018-02-14 20:00:00,4115.0
2018-02-14 21:00:00,4057.0
2018-02-14 22:00:00,3963.0
2018-02-14 23:00:00,4013.0
2018-02-15 00:00:00,4268.0
2018-02-15 01:00:00,4136.0
2018-02-15 02:00:00,3920.0
2018-02-15 03:00:00,3808.0
2018-02-15 04:00:00,3777.0
2018-02-15 05:00:00,3655.0
2018-02-15 06:00:00,3634.0
2018-02-15 07:00:00,3479.0
2018-02-15 08:00:00,3220.0
2018-02-15 09:00:00,3313.0
2018-02-15 10:00:00,3343.0
2018-02-15 11:00:00,3462.0
2018-02-15 12:00:00,3542.0
2018-02-15 13:00:00,3693.0
2018-02-15 14:00:00,3827.0
2018-02-15 15:00:00,3853.0
2018-02-15 16:00:00,3872.0
2018-02-15 17:00:00,3863.0
2018-02-15 18:00:00,3889.0
2018-02-15 19:00:00,3827.0
2018-02-15 20:00:00,3812.0
2018-02-15 21:00:00,3738.0
2018-02-15 22:00:00,3772.0
2018-02-15 23:00:00,3872.0
2018-02-16 00:00:00,3982.0
2018-02-16 01:00:00,3948.0
2018-02-16 02:00:00,3801.0
2018-02-16 03:00:00,3659.0
2018-02-16 04:00:00,3588.0
2018-02-16 05:00:00,3403.0
2018-02-16 06:00:00,3195.0
2018-02-16 07:00:00,2953.0
2018-02-16 08:00:00,2869.0
2018-02-16 09:00:00,2925.0
2018-02-16 10:00:00,2896.0
2018-02-16 11:00:00,2924.0
2018-02-16 12:00:00,3099.0
2018-02-16 13:00:00,1519.0
2018-02-16 14:00:00,2162.0
2018-02-16 15:00:00,3526.0
2018-02-16 16:00:00,3641.0
2018-02-16 17:00:00,3669.0
2018-02-16 18:00:00,3613.0
2018-02-16 19:00:00,3597.0
2018-02-16 20:00:00,3511.0
2018-02-16 21:00:00,3508.0
2018-02-16 22:00:00,3334.0
2018-02-16 23:00:00,3269.0
2018-02-17 00:00:00,3192.0
2018-02-17 01:00:00,3169.0
2018-02-17 02:00:00,3198.0
2018-02-17 03:00:00,3141.0
2018-02-17 04:00:00,3047.0
2018-02-17 05:00:00,3049.0
2018-02-17 06:00:00,3127.0
2018-02-17 07:00:00,3182.0
2018-02-17 08:00:00,3246.0
2018-02-17 09:00:00,3372.0
2018-02-17 10:00:00,3633.0
2018-02-17 11:00:00,3905.0
2018-02-17 12:00:00,4041.0
2018-02-17 13:00:00,4336.0
2018-02-17 14:00:00,4655.0
2018-02-17 15:00:00,4614.0
2018-02-17 16:00:00,4625.0
2018-02-17 17:00:00,4603.0
2018-02-17 18:00:00,4296.0
2018-02-17 19:00:00,4312.0
2018-02-17 20:00:00,4197.0
2018-02-17 21:00:00,3909.0
2018-02-17 22:00:00,3746.0
2018-02-17 23:00:00,3849.0
2018-02-18 00:00:00,4038.0
2018-02-18 01:00:00,3970.0
2018-02-18 02:00:00,3732.0
2018-02-18 03:00:00,3510.0
2018-02-18 04:00:00,3366.0
2018-02-18 05:00:00,3254.0
2018-02-18 06:00:00,3203.0
2018-02-18 07:00:00,3090.0
2018-02-18 08:00:00,3121.0
2018-02-18 09:00:00,3251.0
2018-02-18 10:00:00,3328.0
2018-02-18 11:00:00,4013.0
2018-02-18 12:00:00,4267.0
2018-02-18 13:00:00,4373.0
2018-02-18 14:00:00,4584.0
2018-02-18 15:00:00,4735.0
2018-02-18 16:00:00,4763.0
2018-02-18 17:00:00,4587.0
2018-02-18 18:00:00,4644.0
2018-02-18 19:00:00,4638.0
2018-02-18 20:00:00,4770.0
2018-02-18 21:00:00,4654.0
2018-02-18 22:00:00,4499.0
2018-02-18 23:00:00,4491.0
2018-02-19 00:00:00,4673.0
2018-02-19 01:00:00,4497.0
2018-02-19 02:00:00,4182.0
2018-02-19 03:00:00,4048.0
2018-02-19 04:00:00,3827.0
2018-02-19 05:00:00,3556.0
2018-02-19 06:00:00,3347.0
2018-02-19 07:00:00,3215.0
2018-02-19 08:00:00,3066.0
2018-02-19 09:00:00,3233.0
2018-02-19 10:00:00,3432.0
2018-02-19 11:00:00,3636.0
2018-02-19 12:00:00,3795.0
2018-02-19 13:00:00,3947.0
2018-02-19 14:00:00,4324.0
2018-02-19 15:00:00,4511.0
2018-02-19 16:00:00,4553.0
2018-02-19 17:00:00,4659.0
2018-02-19 18:00:00,4811.0
2018-02-19 19:00:00,4672.0
2018-02-19 20:00:00,4509.0
2018-02-19 21:00:00,4347.0
2018-02-19 22:00:00,4149.0
2018-02-19 23:00:00,4140.0
2018-02-20 00:00:00,4298.0
2018-02-20 01:00:00,4141.0
2018-02-20 02:00:00,3822.0
2018-02-20 03:00:00,3710.0
2018-02-20 04:00:00,3650.0
2018-02-20 05:00:00,3435.0
2018-02-20 06:00:00,3344.0
2018-02-20 07:00:00,3177.0
2018-02-20 08:00:00,3132.0
2018-02-20 09:00:00,3287.0
2018-02-20 10:00:00,3437.0
2018-02-20 11:00:00,3622.0
2018-02-20 12:00:00,3634.0
2018-02-20 13:00:00,3956.0
2018-02-20 14:00:00,4117.0
2018-02-20 15:00:00,4272.0
2018-02-20 16:00:00,4408.0
2018-02-20 17:00:00,4474.0
2018-02-20 18:00:00,4593.0
2018-02-20 19:00:00,4750.0
2018-02-20 20:00:00,4495.0
2018-02-20 21:00:00,4287.0
2018-02-20 22:00:00,4147.0
2018-02-20 23:00:00,4128.0
2018-02-21 00:00:00,4311.0
2018-02-21 01:00:00,4291.0
2018-02-21 02:00:00,3916.0
2018-02-21 03:00:00,3754.0
2018-02-21 04:00:00,3641.0
2018-02-21 05:00:00,3520.0
2018-02-21 06:00:00,3387.0
2018-02-21 07:00:00,3316.0
2018-02-21 08:00:00,3001.0
2018-02-21 09:00:00,3311.0
2018-02-21 10:00:00,3369.0
2018-02-21 11:00:00,3729.0
2018-02-21 12:00:00,3901.0
2018-02-21 13:00:00,4124.0
2018-02-21 14:00:00,4331.0
2018-02-21 15:00:00,4385.0
2018-02-21 16:00:00,4359.0
2018-02-21 17:00:00,4388.0
2018-02-21 18:00:00,4459.0
2018-02-21 19:00:00,4382.0
2018-02-21 20:00:00,4249.0
2018-02-21 21:00:00,4118.0
2018-02-21 22:00:00,3967.0
2018-02-21 23:00:00,4130.0
2018-02-22 00:00:00,4287.0
2018-02-22 01:00:00,4223.0
2018-02-22 02:00:00,4029.0
2018-02-22 03:00:00,3964.0
2018-02-22 04:00:00,3847.0
2018-02-22 05:00:00,3741.0
2018-02-22 06:00:00,3682.0
2018-02-22 07:00:00,3552.0
2018-02-22 08:00:00,3167.0
2018-02-22 09:00:00,3204.0
2018-02-22 10:00:00,3168.0
2018-02-22 11:00:00,3219.0
2018-02-22 12:00:00,3292.0
2018-02-22 13:00:00,3414.0
2018-02-22 14:00:00,3668.0
2018-02-22 15:00:00,3798.0
2018-02-22 16:00:00,3870.0
2018-02-22 17:00:00,3858.0
2018-02-22 18:00:00,3886.0
2018-02-22 19:00:00,3845.0
2018-02-22 20:00:00,3872.0
2018-02-22 21:00:00,3776.0
2018-02-22 22:00:00,3823.0
2018-02-22 23:00:00,3880.0
2018-02-23 00:00:00,3927.0
2018-02-23 01:00:00,3970.0
2018-02-23 02:00:00,3705.0
2018-02-23 03:00:00,3572.0
2018-02-23 04:00:00,3460.0
2018-02-23 05:00:00,3219.0
2018-02-23 06:00:00,3221.0
2018-02-23 07:00:00,2888.0
2018-02-23 08:00:00,2767.0
2018-02-23 09:00:00,2865.0
2018-02-23 10:00:00,2889.0
2018-02-23 11:00:00,2979.0
2018-02-23 12:00:00,3320.0
2018-02-23 13:00:00,3596.0
2018-02-23 14:00:00,3708.0
2018-02-23 15:00:00,3728.0
2018-02-23 16:00:00,3765.0
2018-02-23 17:00:00,3782.0
2018-02-23 18:00:00,3733.0
2018-02-23 19:00:00,3576.0
2018-02-23 20:00:00,3364.0
2018-02-23 21:00:00,3310.0
2018-02-23 22:00:00,3215.0
2018-02-23 23:00:00,3157.0
2018-02-24 00:00:00,2990.0
2018-02-24 01:00:00,3077.0
2018-02-24 02:00:00,2943.0
2018-02-24 03:00:00,2901.0
2018-02-24 04:00:00,2850.0
2018-02-24 05:00:00,2795.0
2018-02-24 06:00:00,2912.0
2018-02-24 07:00:00,2819.0
2018-02-24 08:00:00,2819.0
2018-02-24 09:00:00,3036.0
2018-02-24 10:00:00,3206.0
2018-02-24 11:00:00,3422.0
2018-02-24 12:00:00,3549.0
2018-02-24 13:00:00,3764.0
2018-02-24 14:00:00,4060.0
2018-02-24 15:00:00,4139.0
2018-02-24 16:00:00,4236.0
2018-02-24 17:00:00,4342.0
2018-02-24 18:00:00,4453.0
2018-02-24 19:00:00,4503.0
2018-02-24 20:00:00,4457.0
2018-02-24 21:00:00,4209.0
2018-02-24 22:00:00,4083.0
2018-02-24 23:00:00,4169.0
2018-02-25 00:00:00,4346.0
2018-02-25 01:00:00,4155.0
2018-02-25 02:00:00,3926.0
2018-02-25 03:00:00,3749.0
2018-02-25 04:00:00,3636.0
2018-02-25 05:00:00,3284.0
2018-02-25 06:00:00,2987.0
2018-02-25 07:00:00,2932.0
2018-02-25 08:00:00,2996.0
2018-02-25 09:00:00,3084.0
2018-02-25 10:00:00,3204.0
2018-02-25 11:00:00,3437.0
2018-02-25 12:00:00,3845.0
2018-02-25 13:00:00,3801.0
2018-02-25 14:00:00,4048.0
2018-02-25 15:00:00,4143.0
2018-02-25 16:00:00,4287.0
2018-02-25 17:00:00,4496.0
2018-02-25 18:00:00,4623.0
2018-02-25 19:00:00,4633.0
2018-02-25 20:00:00,4487.0
2018-02-25 21:00:00,4280.0
2018-02-25 22:00:00,4251.0
2018-02-25 23:00:00,4245.0
2018-02-26 00:00:00,4421.0
2018-02-26 01:00:00,4327.0
2018-02-26 02:00:00,3957.0
2018-02-26 03:00:00,3841.0
2018-02-26 04:00:00,3618.0
2018-02-26 05:00:00,3473.0
2018-02-26 06:00:00,3312.0
2018-02-26 07:00:00,3091.0
2018-02-26 08:00:00,2970.0
2018-02-26 09:00:00,3154.0
2018-02-26 10:00:00,3398.0
2018-02-26 11:00:00,3677.0
2018-02-26 12:00:00,3780.0
2018-02-26 13:00:00,4104.0
2018-02-26 14:00:00,4285.0
2018-02-26 15:00:00,4218.0
2018-02-26 16:00:00,4300.0
2018-02-26 17:00:00,4479.0
2018-02-26 18:00:00,4526.0
2018-02-26 19:00:00,4553.0
2018-02-26 20:00:00,4384.0
2018-02-26 21:00:00,4120.0
2018-02-26 22:00:00,4073.0
2018-02-26 23:00:00,4166.0
2018-02-27 00:00:00,4278.0
2018-02-27 01:00:00,4115.0
2018-02-27 02:00:00,3959.0
2018-02-27 03:00:00,3851.0
2018-02-27 04:00:00,3782.0
2018-02-27 05:00:00,3660.0
2018-02-27 06:00:00,3568.0
2018-02-27 07:00:00,3369.0
2018-02-27 08:00:00,3263.0
2018-02-27 09:00:00,3437.0
2018-02-27 10:00:00,3612.0
2018-02-27 11:00:00,3898.0
2018-02-27 12:00:00,3980.0
2018-02-27 13:00:00,4043.0
2018-02-27 14:00:00,4221.0
2018-02-27 15:00:00,4247.0
2018-02-27 16:00:00,4236.0
2018-02-27 17:00:00,4385.0
2018-02-27 18:00:00,4483.0
2018-02-27 19:00:00,4499.0
2018-02-27 20:00:00,4317.0
2018-02-27 21:00:00,4097.0
2018-02-27 22:00:00,4080.0
2018-02-27 23:00:00,4139.0
2018-02-28 00:00:00,4294.0
2018-02-28 01:00:00,4006.0
2018-02-28 02:00:00,3761.0
2018-02-28 03:00:00,3515.0
2018-02-28 04:00:00,3444.0
2018-02-28 05:00:00,3271.0
2018-02-28 06:00:00,3157.0
2018-02-28 07:00:00,2987.0
2018-02-28 08:00:00,2945.0
2018-02-28 09:00:00,3121.0
2018-02-28 10:00:00,3324.0
2018-02-28 11:00:00,3711.0
2018-02-28 12:00:00,3779.0
2018-02-28 13:00:00,3894.0
2018-02-28 14:00:00,4114.0
2018-02-28 15:00:00,4245.0
2018-02-28 16:00:00,4313.0
2018-02-28 17:00:00,4414.0
2018-02-28 18:00:00,4501.0
2018-02-28 19:00:00,4494.0
2018-02-28 20:00:00,4304.0
2018-02-28 21:00:00,4129.0
2018-02-28 22:00:00,4002.0
2018-02-28 23:00:00,4081.0
2018-03-01 00:00:00,4239.0
2018-03-01 01:00:00,4177.0
2018-03-01 02:00:00,3939.0
2018-03-01 03:00:00,3716.0
2018-03-01 04:00:00,3631.0
2018-03-01 05:00:00,3443.0
2018-03-01 06:00:00,3382.0
2018-03-01 07:00:00,3144.0
2018-03-01 08:00:00,3048.0
2018-03-01 09:00:00,3057.0
2018-03-01 10:00:00,2923.0
2018-03-01 11:00:00,3044.0
2018-03-01 12:00:00,3224.0
2018-03-01 13:00:00,3331.0
2018-03-01 14:00:00,3610.0
2018-03-01 15:00:00,3664.0
2018-03-01 16:00:00,3701.0
2018-03-01 17:00:00,3769.0
2018-03-01 18:00:00,3823.0
2018-03-01 19:00:00,3880.0
2018-03-01 20:00:00,3786.0
2018-03-01 21:00:00,3782.0
2018-03-01 22:00:00,3735.0
2018-03-01 23:00:00,3804.0
2018-03-02 00:00:00,3869.0
2018-03-02 01:00:00,3828.0
2018-03-02 02:00:00,3562.0
2018-03-02 03:00:00,3438.0
2018-03-02 04:00:00,3380.0
2018-03-02 05:00:00,2967.0
2018-03-02 06:00:00,2693.0
2018-03-02 07:00:00,2672.0
2018-03-02 08:00:00,2595.0
2018-03-02 09:00:00,2627.0
2018-03-02 10:00:00,2637.0
2018-03-02 11:00:00,2619.0
2018-03-02 12:00:00,2765.0
2018-03-02 13:00:00,2979.0
2018-03-02 14:00:00,3194.0
2018-03-02 15:00:00,3364.0
2018-03-02 16:00:00,3408.0
2018-03-02 17:00:00,3476.0
2018-03-02 18:00:00,3533.0
2018-03-02 19:00:00,3537.0
2018-03-02 20:00:00,3472.0
2018-03-02 21:00:00,3405.0
2018-03-02 22:00:00,3220.0
2018-03-02 23:00:00,3149.0
2018-03-03 00:00:00,3089.0
2018-03-03 01:00:00,3054.0
2018-03-03 02:00:00,2952.0
2018-03-03 03:00:00,2921.0
2018-03-03 04:00:00,2840.0
2018-03-03 05:00:00,2755.0
2018-03-03 06:00:00,2826.0
2018-03-03 07:00:00,2766.0
2018-03-03 08:00:00,2769.0
2018-03-03 09:00:00,2995.0
2018-03-03 10:00:00,3168.0
2018-03-03 11:00:00,3514.0
2018-03-03 12:00:00,3896.0
2018-03-03 13:00:00,4112.0
2018-03-03 14:00:00,4394.0
2018-03-03 15:00:00,4374.0
2018-03-03 16:00:00,4459.0
2018-03-03 17:00:00,4609.0
2018-03-03 18:00:00,4690.0
2018-03-03 19:00:00,4722.0
2018-03-03 20:00:00,4584.0
2018-03-03 21:00:00,4369.0
2018-03-03 22:00:00,4269.0
2018-03-03 23:00:00,4386.0
2018-03-04 00:00:00,4502.0
2018-03-04 01:00:00,4290.0
2018-03-04 02:00:00,3994.0
2018-03-04 03:00:00,3911.0
2018-03-04 04:00:00,3739.0
2018-03-04 05:00:00,3533.0
2018-03-04 06:00:00,3558.0
2018-03-04 07:00:00,3309.0
2018-03-04 08:00:00,3101.0
2018-03-04 09:00:00,3198.0
2018-03-04 10:00:00,3365.0
2018-03-04 11:00:00,3740.0
2018-03-04 12:00:00,3880.0
2018-03-04 13:00:00,4119.0
2018-03-04 14:00:00,4402.0
2018-03-04 15:00:00,4526.0
2018-03-04 16:00:00,4763.0
2018-03-04 17:00:00,4894.0
2018-03-04 18:00:00,4848.0
2018-03-04 19:00:00,4808.0
2018-03-04 20:00:00,4664.0
2018-03-04 21:00:00,4542.0
2018-03-04 22:00:00,4365.0
2018-03-04 23:00:00,4415.0
2018-03-05 00:00:00,4556.0
2018-03-05 01:00:00,4403.0
2018-03-05 02:00:00,4121.0
2018-03-05 03:00:00,3960.0
2018-03-05 04:00:00,3842.0
2018-03-05 05:00:00,3749.0
2018-03-05 06:00:00,3560.0
2018-03-05 07:00:00,3218.0
2018-03-05 08:00:00,3070.0
2018-03-05 09:00:00,3192.0
2018-03-05 10:00:00,3382.0
2018-03-05 11:00:00,3720.0
2018-03-05 12:00:00,3818.0
2018-03-05 13:00:00,3795.0
2018-03-05 14:00:00,4015.0
2018-03-05 15:00:00,4319.0
2018-03-05 16:00:00,4442.0
2018-03-05 17:00:00,4632.0
2018-03-05 18:00:00,4757.0
2018-03-05 19:00:00,4811.0
2018-03-05 20:00:00,4653.0
2018-03-05 21:00:00,4403.0
2018-03-05 22:00:00,4252.0
2018-03-05 23:00:00,4360.0
2018-03-06 00:00:00,4301.0
2018-03-06 01:00:00,4004.0
2018-03-06 02:00:00,3823.0
2018-03-06 03:00:00,3763.0
2018-03-06 04:00:00,3669.0
2018-03-06 05:00:00,3361.0
2018-03-06 06:00:00,3170.0
2018-03-06 07:00:00,3043.0
2018-03-06 08:00:00,3031.0
2018-03-06 09:00:00,3269.0
2018-03-06 10:00:00,3430.0
2018-03-06 11:00:00,3668.0
2018-03-06 12:00:00,3845.0
2018-03-06 13:00:00,3973.0
2018-03-06 14:00:00,4265.0
2018-03-06 15:00:00,4294.0
2018-03-06 16:00:00,4369.0
2018-03-06 17:00:00,4519.0
2018-03-06 18:00:00,4555.0
2018-03-06 19:00:00,4607.0
2018-03-06 20:00:00,4456.0
2018-03-06 21:00:00,4223.0
2018-03-06 22:00:00,4213.0
2018-03-06 23:00:00,4202.0
2018-03-07 00:00:00,4159.0
2018-03-07 01:00:00,3978.0
2018-03-07 02:00:00,3782.0
2018-03-07 03:00:00,3649.0
2018-03-07 04:00:00,3501.0
2018-03-07 05:00:00,3388.0
2018-03-07 06:00:00,3338.0
2018-03-07 07:00:00,3309.0
2018-03-07 08:00:00,3178.0
2018-03-07 09:00:00,3257.0
2018-03-07 10:00:00,3375.0
2018-03-07 11:00:00,3616.0
2018-03-07 12:00:00,3686.0
2018-03-07 13:00:00,3960.0
2018-03-07 14:00:00,3990.0
2018-03-07 15:00:00,4330.0
2018-03-07 16:00:00,4417.0
2018-03-07 17:00:00,4487.0
2018-03-07 18:00:00,4632.0
2018-03-07 19:00:00,4577.0
2018-03-07 20:00:00,4373.0
2018-03-07 21:00:00,4122.0
2018-03-07 22:00:00,4063.0
2018-03-07 23:00:00,3961.0
2018-03-08 00:00:00,4029.0
2018-03-08 01:00:00,3944.0
2018-03-08 02:00:00,3678.0
2018-03-08 03:00:00,3636.0
2018-03-08 04:00:00,3563.999374353768
2018-03-08 05:00:00,3476.5796210314534
2018-03-08 06:00:00,3389.7083077920647
2018-03-08 07:00:00,3303.5227684035326
2018-03-08 08:00:00,3218.160336633787
2018-03-08 09:00:00,3133.7583462507587
2018-03-08 10:00:00,3050.4541310223776
2018-03-08 11:00:00,2968.3850247165738
2018-03-08 12:00:00,2887.6883611012777
2018-03-08 13:00:00,2808.5014739444196
2018-03-08 14:00:00,2730.9616970139296
2018-03-08 15:00:00,2655.2063640777383
2018-03-08 16:00:00,2581.3728089037754
2018-03-08 17:00:00,2509.598365259972
2018-03-08 18:00:00,2440.020366914258
2018-03-08 19:00:00,2372.776147634563
2018-03-08 20:00:00,2308.003041188818
2018-03-08 21:00:00,2245.8383813449527
2018-03-08 22:00:00,2186.419501870898
2018-03-08 23:00:00,2129.883736534584
2018-03-09 00:00:00,2076.36841910394
2018-03-09 01:00:00,2026.010883346898
2018-03-09 02:00:00,1978.9484630313857
2018-03-09 03:00:00,1935.3184919253354
2018-03-09 04:00:00,1895.2583037966772
2018-03-09 05:00:00,1858.9052324133409
2018-03-09 06:00:00,1826.3966115432568
2018-03-09 07:00:00,1797.8697749543555
2018-03-09 08:00:00,1773.462056414567
2018-03-09 09:00:00,1753.3107896918218
2018-03-09 10:00:00,1737.5533085540483
2018-03-09 11:00:00,1726.3269467691794
2018-03-09 12:00:00,1719.769038105143
2018-03-09 13:00:00,1718.01691632987
2018-03-09 14:00:00,1721.2079152112929
2018-03-09 15:00:00,1729.4793685173402
2018-03-09 16:00:00,1742.9686100159427
2018-03-09 17:00:00,1761.8129734750312
2018-03-09 18:00:00,1786.1497926625316
2018-03-09 19:00:00,1816.1164013463813
2018-03-09 20:00:00,1851.8501332945066
2018-03-09 21:00:00,1893.4883222748397
2018-03-09 22:00:00,1941.1683020553055
2018-03-09 23:00:00,1995.0274064038406
2018-03-10 00:00:00,2055.2029690883687
2018-03-10 01:00:00,2121.832323876828
2018-03-10 02:00:00,2195.0528045371443
2018-03-10 03:00:00,2275.001744837242
2018-03-10 04:00:00,2361.8164785450635
2018-03-10 05:00:00,2455.634339428536
2018-03-10 06:00:00,2620.0
2018-03-10 07:00:00,2565.0
2018-03-10 08:00:00,2682.0
2018-03-10 09:00:00,2858.0
2018-03-10 10:00:00,3143.0
2018-03-10 11:00:00,3330.0
2018-03-10 12:00:00,3578.0
2018-03-10 13:00:00,3658.0
2018-03-10 14:00:00,3857.0
2018-03-10 15:00:00,3943.0
2018-03-10 16:00:00,3968.0
2018-03-10 17:00:00,4041.0
2018-03-10 18:00:00,4108.0
2018-03-10 19:00:00,3976.0
2018-03-10 20:00:00,4036.0
2018-03-10 21:00:00,3797.0
2018-03-10 22:00:00,3613.0
2018-03-10 23:00:00,3667.0
2018-03-11 00:00:00,3794.0
2018-03-11 01:00:00,3650.0
2018-03-11 02:00:00,3594.0
2018-03-11 03:00:00,3362.0
2018-03-11 04:00:00,3263.0
2018-03-11 05:00:00,3088.0
2018-03-11 06:00:00,3083.0
2018-03-11 07:00:00,2926.0
2018-03-11 08:00:00,2877.0
2018-03-11 09:00:00,3058.0
2018-03-11 10:00:00,3064.0
2018-03-11 11:00:00,3412.0
2018-03-11 12:00:00,3659.0
2018-03-11 13:00:00,3725.0
2018-03-11 14:00:00,4038.0
2018-03-11 15:00:00,4131.0
2018-03-11 16:00:00,4352.0
2018-03-11 17:00:00,4510.0
2018-03-11 18:00:00,4611.0
2018-03-11 19:00:00,4606.0
2018-03-11 20:00:00,4479.0
2018-03-11 21:00:00,4257.0
2018-03-11 22:00:00,4097.0
2018-03-11 23:00:00,4115.0
2018-03-12 00:00:00,4176.0
2018-03-12 01:00:00,3989.0
2018-03-12 02:00:00,3689.0
2018-03-12 03:00:00,3478.0
2018-03-12 04:00:00,3260.0
2018-03-12 05:00:00,3241.0
2018-03-12 06:00:00,2945.0
2018-03-12 07:00:00,2870.0
2018-03-12 08:00:00,2863.0
2018-03-12 09:00:00,2965.0
2018-03-12 10:00:00,3089.0
2018-03-12 11:00:00,3277.0
2018-03-12 12:00:00,3451.0
2018-03-12 13:00:00,3762.0
2018-03-12 14:00:00,4001.0
2018-03-12 15:00:00,4218.0
2018-03-12 16:00:00,4429.0
2018-03-12 17:00:00,4560.0
2018-03-12 18:00:00,4714.0
2018-03-12 19:00:00,4632.0
2018-03-12 20:00:00,4489.0
2018-03-12 21:00:00,4243.0
2018-03-12 22:00:00,4167.0
2018-03-12 23:00:00,4318.0
2018-03-13 00:00:00,4234.0
2018-03-13 01:00:00,4115.0
2018-03-13 02:00:00,3922.0
2018-03-13 03:00:00,3751.0
2018-03-13 04:00:00,3630.0
2018-03-13 05:00:00,3471.0
2018-03-13 06:00:00,3330.0
2018-03-13 07:00:00,3337.0
2018-03-13 08:00:00,3238.0
2018-03-13 09:00:00,3297.0
2018-03-13 10:00:00,3618.0
2018-03-13 11:00:00,3824.0
2018-03-13 12:00:00,4062.0
2018-03-13 13:00:00,4172.0
2018-03-13 14:00:00,4448.0
2018-03-13 15:00:00,4518.0
2018-03-13 16:00:00,4662.0
2018-03-13 17:00:00,4714.0
2018-03-13 18:00:00,4877.0
2018-03-13 19:00:00,4844.0
2018-03-13 20:00:00,4679.0
2018-03-13 21:00:00,4553.0
2018-03-13 22:00:00,4266.0
2018-03-13 23:00:00,4319.0
2018-03-14 00:00:00,4445.0
2018-03-14 01:00:00,4370.0
2018-03-14 02:00:00,4111.0
2018-03-14 03:00:00,3975.0
2018-03-14 04:00:00,3864.0
2018-03-14 05:00:00,3605.0
2018-03-14 06:00:00,3482.0
2018-03-14 07:00:00,3362.0
2018-03-14 08:00:00,3275.0
2018-03-14 09:00:00,3379.0
2018-03-14 10:00:00,3490.0
2018-03-14 11:00:00,3827.0
2018-03-14 12:00:00,4088.0
2018-03-14 13:00:00,4184.0
2018-03-14 14:00:00,4420.0
2018-03-14 15:00:00,4484.0
2018-03-14 16:00:00,4714.0
2018-03-14 17:00:00,4776.0
2018-03-14 18:00:00,4859.0
2018-03-14 19:00:00,4966.0
2018-03-14 20:00:00,4595.0
2018-03-14 21:00:00,4267.0
2018-03-14 22:00:00,4226.0
2018-03-14 23:00:00,4303.0
2018-03-15 00:00:00,4271.0
2018-03-15 01:00:00,4235.0
2018-03-15 02:00:00,3847.0
2018-03-15 03:00:00,3701.0
2018-03-15 04:00:00,3521.0
2018-03-15 05:00:00,3460.0
2018-03-15 06:00:00,3238.0
2018-03-15 07:00:00,3102.0
2018-03-15 08:00:00,3123.0
2018-03-15 09:00:00,3070.0
2018-03-15 10:00:00,2961.0
2018-03-15 11:00:00,3105.0
2018-03-15 12:00:00,3333.0
2018-03-15 13:00:00,3541.0
2018-03-15 14:00:00,3688.0
2018-03-15 15:00:00,3718.0
2018-03-15 16:00:00,3907.0
2018-03-15 17:00:00,4051.0
2018-03-15 18:00:00,3980.0
2018-03-15 19:00:00,3883.0
2018-03-15 20:00:00,3773.0
2018-03-15 21:00:00,3729.0
2018-03-15 22:00:00,3564.0
2018-03-15 23:00:00,3780.0
2018-03-16 00:00:00,3838.0
2018-03-16 01:00:00,3826.0
2018-03-16 02:00:00,3698.0
2018-03-16 03:00:00,3491.0
2018-03-16 04:00:00,3387.0
2018-03-16 05:00:00,3118.0
2018-03-16 06:00:00,2873.0
2018-03-16 07:00:00,2838.0
2018-03-16 08:00:00,2703.0
2018-03-16 09:00:00,2797.0
2018-03-16 10:00:00,2926.0
2018-03-16 11:00:00,2901.0
2018-03-16 12:00:00,2917.0
2018-03-16 13:00:00,3089.0
2018-03-16 14:00:00,3193.0
2018-03-16 15:00:00,3240.0
2018-03-16 16:00:00,3305.0
2018-03-16 17:00:00,3344.0
2018-03-16 18:00:00,3434.0
2018-03-16 19:00:00,3325.0
2018-03-16 20:00:00,3247.0
2018-03-16 21:00:00,3169.0
2018-03-16 22:00:00,3022.0
2018-03-16 23:00:00,2990.0
2018-03-17 00:00:00,2951.0
2018-03-17 01:00:00,3036.0
2018-03-17 02:00:00,2911.0
2018-03-17 03:00:00,2832.0
2018-03-17 04:00:00,2810.0
2018-03-17 05:00:00,2737.0
2018-03-17 06:00:00,2741.0
2018-03-17 07:00:00,2782.0
2018-03-17 08:00:00,2823.0
2018-03-17 09:00:00,2994.0
2018-03-17 10:00:00,3141.0
2018-03-17 11:00:00,3305.0
2018-03-17 12:00:00,3355.0
2018-03-17 13:00:00,3605.0
2018-03-17 14:00:00,3879.0
2018-03-17 15:00:00,4037.0
2018-03-17 16:00:00,4310.0
2018-03-17 17:00:00,4392.0
2018-03-17 18:00:00,4360.0
2018-03-17 19:00:00,4329.0
2018-03-17 20:00:00,4114.0
2018-03-17 21:00:00,3837.0
2018-03-17 22:00:00,3760.0
2018-03-17 23:00:00,3879.0
2018-03-18 00:00:00,4048.0
2018-03-18 01:00:00,3882.0
2018-03-18 02:00:00,3759.0
2018-03-18 03:00:00,3555.0
2018-03-18 04:00:00,3382.0
2018-03-18 05:00:00,3265.0
2018-03-18 06:00:00,3019.0
2018-03-18 07:00:00,2895.0
2018-03-18 08:00:00,2964.0
2018-03-18 09:00:00,3076.0
2018-03-18 10:00:00,3223.0
2018-03-18 11:00:00,3397.0
2018-03-18 12:00:00,3563.0
2018-03-18 13:00:00,3691.0
2018-03-18 14:00:00,3893.0
2018-03-18 15:00:00,3937.0
2018-03-18 16:00:00,4187.0
2018-03-18 17:00:00,4297.0
2018-03-18 18:00:00,4473.0
2018-03-18 19:00:00,4328.0
2018-03-18 20:00:00,4257.0
2018-03-18 21:00:00,4002.0
2018-03-18 22:00:00,3798.0
2018-03-18 23:00:00,3984.0
2018-03-19 00:00:00,4026.0
2018-03-19 01:00:00,3938.0
2018-03-19 02:00:00,3651.0
2018-03-19 03:00:00,3534.0
2018-03-19 04:00:00,3352.0
2018-03-19 05:00:00,3240.0
2018-03-19 06:00:00,2935.0
2018-03-19 07:00:00,3042.0
2018-03-19 08:00:00,2900.0
2018-03-19 09:00:00,3119.0
2018-03-19 10:00:00,3158.0
2018-03-19 11:00:00,3219.0
2018-03-19 12:00:00,3329.0
2018-03-19 13:00:00,3566.0
2018-03-19 14:00:00,3932.0
2018-03-19 15:00:00,3829.0
2018-03-19 16:00:00,3910.0
2018-03-19 17:00:00,4064.0
2018-03-19 18:00:00,4033.0
2018-03-19 19:00:00,4154.5513025923665
2018-03-19 20:00:00,4231.987576878063
2018-03-19 21:00:00,4307.183326006138
2018-03-19 22:00:00,4380.0973843151805
2018-03-19 23:00:00,4450.688586143783
2018-03-20 00:00:00,4518.915765830536
2018-03-20 01:00:00,4584.737757714029
2018-03-20 02:00:00,4648.113396132854
2018-03-20 03:00:00,4709.001515425602
2018-03-20 04:00:00,4767.360949930862
2018-03-20 05:00:00,4823.150533987227
2018-03-20 06:00:00,4876.329101933287
2018-03-20 07:00:00,4926.8554881076325
2018-03-20 08:00:00,4974.688526848854
2018-03-20 09:00:00,5019.787052495542
2018-03-20 10:00:00,5062.109899386289
2018-03-20 11:00:00,5101.615901859684
2018-03-20 12:00:00,5138.263894254318
2018-03-20 13:00:00,5172.012710908783
2018-03-20 14:00:00,5202.821186161669
2018-03-20 15:00:00,5230.648154351567
2018-03-20 16:00:00,5255.452449817068
2018-03-20 17:00:00,5277.192906896763
2018-03-20 18:00:00,5295.828359929241
2018-03-20 19:00:00,5311.317643253094
2018-03-20 20:00:00,5323.619591206912
2018-03-20 21:00:00,5332.693038129288
2018-03-20 22:00:00,5338.496818358811
2018-03-20 23:00:00,5340.989766234071
2018-03-21 00:00:00,5340.130716093659
2018-03-21 01:00:00,5335.878502276169
2018-03-21 02:00:00,5328.191959120188
2018-03-21 03:00:00,5317.029920964309
2018-03-21 04:00:00,5302.351222147123
2018-03-21 05:00:00,5284.114697007218
2018-03-21 06:00:00,5262.279179883187
2018-03-21 07:00:00,5236.803505113621
2018-03-21 08:00:00,5207.646507037109
2018-03-21 09:00:00,5174.767019992244
2018-03-21 10:00:00,5138.123878317614
2018-03-21 11:00:00,5097.675916351811
2018-03-21 12:00:00,5053.381968433425
2018-03-21 13:00:00,5005.200868901049
2018-03-21 14:00:00,4953.091452093274
2018-03-21 15:00:00,4897.01255234869
2018-03-21 16:00:00,4836.923004005885
2018-03-21 17:00:00,4772.781641403453
2018-03-21 18:00:00,4704.54729887999
2018-03-21 19:00:00,4632.178810774076
2018-03-21 20:00:00,4555.635011424303
2018-03-21 21:00:00,4548.0
2018-03-21 22:00:00,4248.0
2018-03-21 23:00:00,4262.0
2018-03-22 00:00:00,4304.0
2018-03-22 01:00:00,4186.0
2018-03-22 02:00:00,3975.0
2018-03-22 03:00:00,3782.0
2018-03-22 04:00:00,3717.0
2018-03-22 05:00:00,3632.0
2018-03-22 06:00:00,3457.0
2018-03-22 07:00:00,3275.0
2018-03-22 08:00:00,3223.0
2018-03-22 09:00:00,3405.0
2018-03-22 10:00:00,3365.0
2018-03-22 11:00:00,3407.0
2018-03-22 12:00:00,3664.0
2018-03-22 13:00:00,3748.0
2018-03-22 14:00:00,3961.0
2018-03-22 15:00:00,3958.0
2018-03-22 16:00:00,3989.0
2018-03-22 17:00:00,4057.0
2018-03-22 18:00:00,4023.0
2018-03-22 19:00:00,4012.0
2018-03-22 20:00:00,3917.0
2018-03-22 21:00:00,3838.0
2018-03-22 22:00:00,3803.0
2018-03-22 23:00:00,3962.0
2018-03-23 00:00:00,4083.0
2018-03-23 01:00:00,3970.0
2018-03-23 02:00:00,3803.0
2018-03-23 03:00:00,3552.0
2018-03-23 04:00:00,3406.0
2018-03-23 05:00:00,3115.0
2018-03-23 06:00:00,3035.0
2018-03-23 07:00:00,2905.0
2018-03-23 08:00:00,2886.0
2018-03-23 09:00:00,2904.0
2018-03-23 10:00:00,2884.0
2018-03-23 11:00:00,2916.0
2018-03-23 12:00:00,3057.0
2018-03-23 13:00:00,3091.0
2018-03-23 14:00:00,3330.0
2018-03-23 15:00:00,3067.0
2018-03-23 16:00:00,315.0
2018-03-23 17:00:00,334.0
2018-03-23 18:00:00,3250.0
2018-03-23 19:00:00,3769.0
2018-03-23 20:00:00,3779.0
2018-03-23 21:00:00,3594.0
2018-03-23 22:00:00,3361.0
2018-03-23 23:00:00,3187.0
2018-03-24 00:00:00,3162.0
2018-03-24 01:00:00,2952.0
2018-03-24 02:00:00,2930.0
2018-03-24 03:00:00,2859.0
2018-03-24 04:00:00,2826.0
2018-03-24 05:00:00,2702.0
2018-03-24 06:00:00,2817.0
2018-03-24 07:00:00,2782.0
2018-03-24 08:00:00,2834.0
2018-03-24 09:00:00,3172.0
2018-03-24 10:00:00,3215.0
2018-03-24 11:00:00,3587.0
2018-03-24 12:00:00,3640.0
2018-03-24 13:00:00,3867.0
2018-03-24 14:00:00,4094.0
2018-03-24 15:00:00,4240.0
2018-03-24 16:00:00,4642.0
2018-03-24 17:00:00,4532.0
2018-03-24 18:00:00,4663.0
2018-03-24 19:00:00,4656.0
2018-03-24 20:00:00,4598.0
2018-03-24 21:00:00,4383.0
2018-03-24 22:00:00,4565.87890435527
2018-03-24 23:00:00,4595.065220410979
2018-03-25 00:00:00,4623.289984490587
2018-03-25 01:00:00,4650.494096222509
2018-03-25 02:00:00,4676.6184552351615
2018-03-25 03:00:00,4701.6039611569595
2018-03-25 04:00:00,4725.39151361632
2018-03-25 05:00:00,4747.922012241658
2018-03-25 06:00:00,4769.136356661391
2018-03-25 07:00:00,4788.975446503934
2018-03-25 08:00:00,4807.380181397704
2018-03-25 09:00:00,4824.291460971117
2018-03-25 10:00:00,4839.650184852588
2018-03-25 11:00:00,4853.397252670533
2018-03-25 12:00:00,4865.473564053369
2018-03-25 13:00:00,4875.820018629512
2018-03-25 14:00:00,4884.377516027377
2018-03-25 15:00:00,4891.086955875382
2018-03-25 16:00:00,4895.889237801942
2018-03-25 17:00:00,4898.725261435472
2018-03-25 18:00:00,4899.53592640439
2018-03-25 19:00:00,4898.26213233711
2018-03-25 20:00:00,4894.8447788620515
2018-03-25 21:00:00,4889.224765607627
2018-03-25 22:00:00,4881.342992202253
2018-03-25 23:00:00,4871.140358274348
2018-03-26 00:00:00,4858.557763452325
2018-03-26 01:00:00,4843.536107364602
2018-03-26 02:00:00,4826.016289639594
2018-03-26 03:00:00,4805.939209905718
2018-03-26 04:00:00,4783.245767791391
2018-03-26 05:00:00,4757.876862925027
2018-03-26 06:00:00,4729.773394935044
2018-03-26 07:00:00,4698.876263449857
2018-03-26 08:00:00,4665.126368097881
2018-03-26 09:00:00,4628.464608507533
2018-03-26 10:00:00,4588.831884307229
2018-03-26 11:00:00,4546.169095125385
2018-03-26 12:00:00,4500.417140590418
2018-03-26 13:00:00,4451.516920330741
2018-03-26 14:00:00,4399.409333974773
2018-03-26 15:00:00,4344.035281150928
2018-03-26 16:00:00,4285.335661487626
2018-03-26 17:00:00,4223.251374613279
2018-03-26 18:00:00,4157.723320156307
2018-03-26 19:00:00,4088.6923977451206
2018-03-26 20:00:00,4016.09950700814
2018-03-26 21:00:00,3939.8855475737837
2018-03-26 22:00:00,3859.991419070461
2018-03-26 23:00:00,3776.358021126589
2018-03-27 00:00:00,3763.0
2018-03-27 01:00:00,3621.0
2018-03-27 02:00:00,3388.0
2018-03-27 03:00:00,3244.0
2018-03-27 04:00:00,3132.0
2018-03-27 05:00:00,2987.0
2018-03-27 06:00:00,2936.0
2018-03-27 07:00:00,2796.0
2018-03-27 08:00:00,2841.0
2018-03-27 09:00:00,3099.0
2018-03-27 10:00:00,3305.0
2018-03-27 11:00:00,3492.0
2018-03-27 12:00:00,3566.0
2018-03-27 13:00:00,3732.0
2018-03-27 14:00:00,3774.0
2018-03-27 15:00:00,3651.0
2018-03-27 16:00:00,3853.0
2018-03-27 17:00:00,4067.0
2018-03-27 18:00:00,4176.0
2018-03-27 19:00:00,4260.0
2018-03-27 20:00:00,4129.0
2018-03-27 21:00:00,3950.0
2018-03-27 22:00:00,3828.0
2018-03-27 23:00:00,4019.0
2018-03-28 00:00:00,4046.0
2018-03-28 01:00:00,3853.0
2018-03-28 02:00:00,3633.0
2018-03-28 03:00:00,3480.0
2018-03-28 04:00:00,3472.0
2018-03-28 05:00:00,3462.0
2018-03-28 06:00:00,3428.0
2018-03-28 07:00:00,3341.0
2018-03-28 08:00:00,3180.0
2018-03-28 09:00:00,3364.0
2018-03-28 10:00:00,3562.0
2018-03-28 11:00:00,3612.0
2018-03-28 12:00:00,3677.0
2018-03-28 13:00:00,3752.0
2018-03-28 14:00:00,3713.0
2018-03-28 15:00:00,3613.0
2018-03-28 16:00:00,3640.0
2018-03-28 17:00:00,3841.0
2018-03-28 18:00:00,3956.0
2018-03-28 19:00:00,3956.0
2018-03-28 20:00:00,3866.0
2018-03-28 21:00:00,3761.0
2018-03-28 22:00:00,3889.0
2018-03-28 23:00:00,3919.0
2018-03-29 00:00:00,3981.0
2018-03-29 01:00:00,3978.0
2018-03-29 02:00:00,3834.0
2018-03-29 03:00:00,3602.0
2018-03-29 04:00:00,3527.0
2018-03-29 05:00:00,3450.0
2018-03-29 06:00:00,3329.0
2018-03-29 07:00:00,3102.0
2018-03-29 08:00:00,2991.0
2018-03-29 09:00:00,3069.0
2018-03-29 10:00:00,3067.0
2018-03-29 11:00:00,3072.0
2018-03-29 12:00:00,3086.0
2018-03-29 13:00:00,3234.0
2018-03-29 14:00:00,3229.0
2018-03-29 15:00:00,3042.0
2018-03-29 16:00:00,3301.0
2018-03-29 17:00:00,3170.0
2018-03-29 18:00:00,3242.0
2018-03-29 19:00:00,3521.0
2018-03-29 20:00:00,3441.0
2018-03-29 21:00:00,3242.0
2018-03-29 22:00:00,3419.0
2018-03-29 23:00:00,3556.0
2018-03-30 00:00:00,3617.0
2018-03-30 01:00:00,3553.0
2018-03-30 02:00:00,3517.0
2018-03-30 03:00:00,3270.0
2018-03-30 04:00:00,3310.0
2018-03-30 05:00:00,3083.0
2018-03-30 06:00:00,2728.0
2018-03-30 07:00:00,2715.0
2018-03-30 08:00:00,2637.0
2018-03-30 09:00:00,2692.0
2018-03-30 10:00:00,2715.0
2018-03-30 11:00:00,2772.0
2018-03-30 12:00:00,2703.0
2018-03-30 13:00:00,2616.0
2018-03-30 14:00:00,2619.0
2018-03-30 15:00:00,2585.0
2018-03-30 16:00:00,2623.0
2018-03-30 17:00:00,2780.0
2018-03-30 18:00:00,2818.0
2018-03-30 19:00:00,2673.0
2018-03-30 20:00:00,2594.0
2018-03-30 21:00:00,2514.0
2018-03-30 22:00:00,2485.0
2018-03-30 23:00:00,2568.0
2018-03-31 00:00:00,2581.0
2018-03-31 01:00:00,2567.0
2018-03-31 02:00:00,2472.0
2018-03-31 03:00:00,2520.0
2018-03-31 04:00:00,2479.0
2018-03-31 05:00:00,2499.0
2018-03-31 06:00:00,2512.0
2018-03-31 07:00:00,2741.0
2018-03-31 08:00:00,2645.0
2018-03-31 09:00:00,2988.0
2018-03-31 10:00:00,3176.0
2018-03-31 11:00:00,3442.0
2018-03-31 12:00:00,3616.0
2018-03-31 13:00:00,3663.0
2018-03-31 14:00:00,3957.0
2018-03-31 15:00:00,3850.0
2018-03-31 16:00:00,3851.0
2018-03-31 17:00:00,3942.0
2018-03-31 18:00:00,3976.0
2018-03-31 19:00:00,3932.0
2018-03-31 20:00:00,3900.0
2018-03-31 21:00:00,3738.0
2018-03-31 22:00:00,3791.0
2018-03-31 23:00:00,3903.0
2018-04-01 00:00:00,3880.0
2018-04-01 01:00:00,3728.0
2018-04-01 02:00:00,3535.0
2018-04-01 03:00:00,3409.0
2018-04-01 04:00:00,3334.0
2018-04-01 05:00:00,3260.0
2018-04-01 06:00:00,3291.0
2018-04-01 07:00:00,3290.0
2018-04-01 08:00:00,3334.0
2018-04-01 09:00:00,3521.0
2018-04-01 10:00:00,3383.0
2018-04-01 11:00:00,3632.0
2018-04-01 12:00:00,3746.0
2018-04-01 13:00:00,3867.0
2018-04-01 14:00:00,3983.0
2018-04-01 15:00:00,3823.0
2018-04-01 16:00:00,3924.0
2018-04-01 17:00:00,3943.0
2018-04-01 18:00:00,4068.0
2018-04-01 19:00:00,3806.0
2018-04-01 20:00:00,4034.0
2018-04-01 21:00:00,4121.0
2018-04-01 22:00:00,4042.0
2018-04-01 23:00:00,4116.0
2018-04-02 00:00:00,3919.0
2018-04-02 01:00:00,3802.0
2018-04-02 02:00:00,3641.0
2018-04-02 03:00:00,3409.0
2018-04-02 04:00:00,3345.0
2018-04-02 05:00:00,3426.0
2018-04-02 06:00:00,3162.0
2018-04-02 07:00:00,3196.0
2018-04-02 08:00:00,3075.0
2018-04-02 09:00:00,3077.0
2018-04-02 10:00:00,3238.0
2018-04-02 11:00:00,3316.0
2018-04-02 12:00:00,3351.0
2018-04-02 13:00:00,3544.0
2018-04-02 14:00:00,3613.0
2018-04-02 15:00:00,3544.0
2018-04-02 16:00:00,3614.0
2018-04-02 17:00:00,3663.0
2018-04-02 18:00:00,3682.0
2018-04-02 19:00:00,3756.0
2018-04-02 20:00:00,3842.0
2018-04-02 21:00:00,3783.0
2018-04-02 22:00:00,3711.0
2018-04-02 23:00:00,3876.0
2018-04-03 00:00:00,3726.0
2018-04-03 01:00:00,3655.0
2018-04-03 02:00:00,3450.0
2018-04-03 03:00:00,3306.0
2018-04-03 04:00:00,3368.0
2018-04-03 05:00:00,3235.0
2018-04-03 06:00:00,3067.0
2018-04-03 07:00:00,2900.0
2018-04-03 08:00:00,2821.0
2018-04-03 09:00:00,3117.0
2018-04-03 10:00:00,3310.0
2018-04-03 11:00:00,3446.0
2018-04-03 12:00:00,3569.0
2018-04-03 13:00:00,3590.0
2018-04-03 14:00:00,3860.0
2018-04-03 15:00:00,3757.0
2018-04-03 16:00:00,3838.0
2018-04-03 17:00:00,3932.0
2018-04-03 18:00:00,4185.0
2018-04-03 19:00:00,4065.0
2018-04-03 20:00:00,4217.0
2018-04-03 21:00:00,3918.0
2018-04-03 22:00:00,3781.0
2018-04-03 23:00:00,3790.0
2018-04-04 00:00:00,3768.0
2018-04-04 01:00:00,3563.0
2018-04-04 02:00:00,3423.0
2018-04-04 03:00:00,3261.0
2018-04-04 04:00:00,3286.0
2018-04-04 05:00:00,3239.0
2018-04-04 06:00:00,3007.0
2018-04-04 07:00:00,3171.0
2018-04-04 08:00:00,2940.0
2018-04-04 09:00:00,3064.0
2018-04-04 10:00:00,3294.0
2018-04-04 11:00:00,3376.0
2018-04-04 12:00:00,3389.0
2018-04-04 13:00:00,3479.0
2018-04-04 14:00:00,3829.0
2018-04-04 15:00:00,3735.0
2018-04-04 16:00:00,3890.0
2018-04-04 17:00:00,4007.0
2018-04-04 18:00:00,4123.0
2018-04-04 19:00:00,4183.0
2018-04-04 20:00:00,4087.0
2018-04-04 21:00:00,3878.0
2018-04-04 22:00:00,3662.0
2018-04-04 23:00:00,3882.0
2018-04-05 00:00:00,3804.0
2018-04-05 01:00:00,3639.0
2018-04-05 02:00:00,3364.0
2018-04-05 03:00:00,3162.0
2018-04-05 04:00:00,3086.0
2018-04-05 05:00:00,2996.0
2018-04-05 06:00:00,2901.0
2018-04-05 07:00:00,2994.0
2018-04-05 08:00:00,2812.0
2018-04-05 09:00:00,2960.0
2018-04-05 10:00:00,2970.0
2018-04-05 11:00:00,2909.0
2018-04-05 12:00:00,2940.0
2018-04-05 13:00:00,2982.0
2018-04-05 14:00:00,3328.0
2018-04-05 15:00:00,3155.0
2018-04-05 16:00:00,3353.0
2018-04-05 17:00:00,3400.0
2018-04-05 18:00:00,3382.0
2018-04-05 19:00:00,3320.0
2018-04-05 20:00:00,3235.0
2018-04-05 21:00:00,3198.0
2018-04-05 22:00:00,3201.0
2018-04-05 23:00:00,3395.0
2018-04-06 00:00:00,3504.0
2018-04-06 01:00:00,3470.0
2018-04-06 02:00:00,3321.0
2018-04-06 03:00:00,3197.0
2018-04-06 04:00:00,3180.0
2018-04-06 05:00:00,2923.0
2018-04-06 06:00:00,2953.7391563929373
2018-04-06 07:00:00,2887.6543859464914
2018-04-06 08:00:00,2821.820062987815
2018-04-06 09:00:00,2756.3835296224197
2018-04-06 10:00:00,2691.492127955816
2018-04-06 11:00:00,2627.2932000935148
2018-04-06 12:00:00,2563.9340881410267
2018-04-06 13:00:00,2501.562134203863
2018-04-06 14:00:00,2440.324680387534
2018-04-06 15:00:00,2380.3690687975513
2018-04-06 16:00:00,2321.842641539425
2018-04-06 17:00:00,2264.8927407186666
2018-04-06 18:00:00,2209.6667084407864
2018-04-06 19:00:00,2156.311886811295
2018-04-06 20:00:00,2104.975617935704
2018-04-06 21:00:00,2055.805243919524
2018-04-06 22:00:00,2008.9481068682653
2018-04-06 23:00:00,1964.5515488874396
2018-04-07 00:00:00,1922.7629120825572
2018-04-07 01:00:00,1883.7295385591294
2018-04-07 02:00:00,1847.5987704226663
2018-04-07 03:00:00,1814.5179497786798
2018-04-07 04:00:00,1784.634418732679
2018-04-07 05:00:00,1758.0955193901762
2018-04-07 06:00:00,1735.0485938566821
2018-04-07 07:00:00,1715.6409842377075
2018-04-07 08:00:00,1700.0200326387628
2018-04-07 09:00:00,1688.3330811653598
2018-04-07 10:00:00,1680.7274719230086
2018-04-07 11:00:00,1677.3505470172204
2018-04-07 12:00:00,1678.3496485535043
2018-04-07 13:00:00,1683.8721186373737
2018-04-07 14:00:00,1694.065299374337
2018-04-07 15:00:00,1709.0765328699058
2018-04-07 16:00:00,1729.0531612295931
2018-04-07 17:00:00,1754.1425265589087
2018-04-07 18:00:00,1784.4919709633632
2018-04-07 19:00:00,1820.2488365484678
2018-04-07 20:00:00,1861.5604654197296
2018-04-07 21:00:00,1908.5741996826666
2018-04-07 22:00:00,1961.437381442785
2018-04-07 23:00:00,2020.2973528055982
2018-04-08 00:00:00,2085.3014558766117
2018-04-08 01:00:00,2156.597032761343
2018-04-08 02:00:00,2234.331425565296
2018-04-08 03:00:00,2318.651976393988
2018-04-08 04:00:00,2409.706027352928
2018-04-08 05:00:00,2507.6409205476193
2018-04-08 06:00:00,2612.6039980835862
2018-04-08 07:00:00,2724.742602066335
2018-04-08 08:00:00,2809.0
2018-04-08 09:00:00,2938.0
2018-04-08 10:00:00,3151.0
2018-04-08 11:00:00,3349.0
2018-04-08 12:00:00,3515.0
2018-04-08 13:00:00,3711.0
2018-04-08 14:00:00,3967.0
2018-04-08 15:00:00,3980.0
2018-04-08 16:00:00,3984.0
2018-04-08 17:00:00,4278.0
2018-04-08 18:00:00,4188.0
2018-04-08 19:00:00,4128.0
2018-04-08 20:00:00,4243.0
2018-04-08 21:00:00,3990.0
2018-04-08 22:00:00,3828.0
2018-04-08 23:00:00,3851.0
2018-04-09 00:00:00,3779.0
2018-04-09 01:00:00,3721.0
2018-04-09 02:00:00,3436.0
2018-04-09 03:00:00,3348.0
2018-04-09 04:00:00,3201.0
2018-04-09 05:00:00,3042.0
2018-04-09 06:00:00,2929.0
2018-04-09 07:00:00,2847.0
2018-04-09 08:00:00,2798.0
2018-04-09 09:00:00,2939.0
2018-04-09 10:00:00,3100.0
2018-04-09 11:00:00,3300.0
2018-04-09 12:00:00,3454.0
2018-04-09 13:00:00,3575.0
2018-04-09 14:00:00,3767.0
2018-04-09 15:00:00,3753.0
2018-04-09 16:00:00,3849.0
2018-04-09 17:00:00,4024.0
2018-04-09 18:00:00,4134.0
2018-04-09 19:00:00,4296.0
2018-04-09 20:00:00,4299.0
2018-04-09 21:00:00,3998.0
2018-04-09 22:00:00,3765.0
2018-04-09 23:00:00,3904.0
2018-04-10 00:00:00,3737.0
2018-04-10 01:00:00,3471.0
2018-04-10 02:00:00,3129.0
2018-04-10 03:00:00,3066.0
2018-04-10 04:00:00,3069.0
2018-04-10 05:00:00,2969.0
2018-04-10 06:00:00,2901.0
2018-04-10 07:00:00,2834.0
2018-04-10 08:00:00,2799.0
2018-04-10 09:00:00,2954.0
2018-04-10 10:00:00,3164.0
2018-04-10 11:00:00,3338.0
2018-04-10 12:00:00,3636.0
2018-04-10 13:00:00,3765.0
2018-04-10 14:00:00,3907.0
2018-04-10 15:00:00,3808.0
2018-04-10 16:00:00,3977.0
2018-04-10 17:00:00,4259.0
2018-04-10 18:00:00,4272.0
2018-04-10 19:00:00,4468.0
2018-04-10 20:00:00,4368.0
2018-04-10 21:00:00,4074.0
2018-04-10 22:00:00,3928.0
2018-04-10 23:00:00,3955.0
2018-04-11 00:00:00,3743.0
2018-04-11 01:00:00,3606.0
2018-04-11 02:00:00,3440.0
2018-04-11 03:00:00,3218.0
2018-04-11 04:00:00,3075.0
2018-04-11 05:00:00,2956.0
2018-04-11 06:00:00,2912.0
2018-04-11 07:00:00,2815.0
2018-04-11 08:00:00,2770.0
2018-04-11 09:00:00,2934.0
2018-04-11 10:00:00,3102.0
2018-04-11 11:00:00,3285.0
2018-04-11 12:00:00,3300.0
2018-04-11 13:00:00,3416.0
2018-04-11 14:00:00,3577.0
2018-04-11 15:00:00,3531.0
2018-04-11 16:00:00,3801.0
2018-04-11 17:00:00,3867.0
2018-04-11 18:00:00,3683.0
2018-04-11 19:00:00,3713.0
2018-04-11 20:00:00,3793.0
2018-04-11 21:00:00,3526.0
2018-04-11 22:00:00,3450.0
2018-04-11 23:00:00,3679.0
2018-04-12 00:00:00,3505.0
2018-04-12 01:00:00,3390.0
2018-04-12 02:00:00,3099.0
2018-04-12 03:00:00,2985.0
2018-04-12 04:00:00,2881.0
2018-04-12 05:00:00,2764.0
2018-04-12 06:00:00,2759.0
2018-04-12 07:00:00,2682.0
2018-04-12 08:00:00,2628.0
2018-04-12 09:00:00,2823.0
2018-04-12 10:00:00,2786.0
2018-04-12 11:00:00,2770.0
2018-04-12 12:00:00,2775.0
2018-04-12 13:00:00,2753.0
2018-04-12 14:00:00,2767.0
2018-04-12 15:00:00,2740.0
2018-04-12 16:00:00,2753.0
2018-04-12 17:00:00,2814.0
2018-04-12 18:00:00,2741.0
2018-04-12 19:00:00,2746.0
2018-04-12 20:00:00,2751.0
2018-04-12 21:00:00,2715.0
2018-04-12 22:00:00,2841.0
2018-04-12 23:00:00,3106.0
2018-04-13 00:00:00,3348.0
2018-04-13 01:00:00,3325.0
2018-04-13 02:00:00,3103.0
2018-04-13 03:00:00,2943.0
2018-04-13 04:00:00,2935.0
2018-04-13 05:00:00,2623.0
2018-04-13 06:00:00,2618.0
2018-04-13 07:00:00,2519.0
2018-04-13 08:00:00,2424.0
2018-04-13 09:00:00,2384.0
2018-04-13 10:00:00,2353.0
2018-04-13 11:00:00,2277.0
2018-04-13 12:00:00,2365.0
2018-04-13 13:00:00,2519.0
2018-04-13 14:00:00,2498.0
2018-04-13 15:00:00,2592.0
2018-04-13 16:00:00,2636.0
2018-04-13 17:00:00,2621.0
2018-04-13 18:00:00,2655.0
2018-04-13 19:00:00,2625.0
2018-04-13 20:00:00,2613.0
2018-04-13 21:00:00,2616.0
2018-04-13 22:00:00,2654.0
2018-04-13 23:00:00,2616.0
2018-04-14 00:00:00,2634.0
2018-04-14 01:00:00,2603.0
2018-04-14 02:00:00,2532.0
2018-04-14 03:00:00,2501.0
2018-04-14 04:00:00,2436.0
2018-04-14 05:00:00,2376.0
2018-04-14 06:00:00,2410.0
2018-04-14 07:00:00,2444.0
2018-04-14 08:00:00,2505.0
2018-04-14 09:00:00,2818.0
2018-04-14 10:00:00,2918.0
2018-04-14 11:00:00,3085.0
2018-04-14 12:00:00,3217.0
2018-04-14 13:00:00,3213.0
2018-04-14 14:00:00,3271.0
2018-04-14 15:00:00,3202.0
2018-04-14 16:00:00,3335.0
2018-04-14 17:00:00,3436.0
2018-04-14 18:00:00,3515.0
2018-04-14 19:00:00,3642.0
2018-04-14 20:00:00,3305.0
2018-04-14 21:00:00,3135.0
2018-04-14 22:00:00,3182.0
2018-04-14 23:00:00,3383.0
2018-04-15 00:00:00,3556.0
2018-04-15 01:00:00,3553.0
2018-04-15 02:00:00,3266.0
2018-04-15 03:00:00,3076.0
2018-04-15 04:00:00,2954.0
2018-04-15 05:00:00,2861.0
2018-04-15 06:00:00,2777.0
2018-04-15 07:00:00,2750.0
2018-04-15 08:00:00,2729.0
2018-04-15 09:00:00,2963.0
2018-04-15 10:00:00,3125.0
2018-04-15 11:00:00,3217.0
2018-04-15 12:00:00,3197.0
2018-04-15 13:00:00,3280.0
2018-04-15 14:00:00,3416.0
2018-04-15 15:00:00,3407.0
2018-04-15 16:00:00,3684.0
2018-04-15 17:00:00,3862.0
2018-04-15 18:00:00,3976.0
2018-04-15 19:00:00,3994.0
2018-04-15 20:00:00,4043.0
2018-04-15 21:00:00,3906.0
2018-04-15 22:00:00,3791.0
2018-04-15 23:00:00,3763.0
2018-04-16 00:00:00,3665.0
2018-04-16 01:00:00,3550.0
2018-04-16 02:00:00,3240.0
2018-04-16 03:00:00,3029.0
2018-04-16 04:00:00,2968.0
2018-04-16 05:00:00,2776.0
2018-04-16 06:00:00,2801.0
2018-04-16 07:00:00,2750.0
2018-04-16 08:00:00,2697.0
2018-04-16 09:00:00,2920.0
2018-04-16 10:00:00,3118.0
2018-04-16 11:00:00,3177.0
2018-04-16 12:00:00,3242.0
2018-04-16 13:00:00,3474.0
2018-04-16 14:00:00,3488.0
2018-04-16 15:00:00,3270.0
2018-04-16 16:00:00,3553.0
2018-04-16 17:00:00,3709.0
2018-04-16 18:00:00,3866.0
2018-04-16 19:00:00,3688.0
2018-04-16 20:00:00,3706.0
2018-04-16 21:00:00,3453.0
2018-04-16 22:00:00,3297.0
2018-04-16 23:00:00,3516.0
2018-04-17 00:00:00,3414.0
2018-04-17 01:00:00,3221.0
2018-04-17 02:00:00,3052.0
2018-04-17 03:00:00,2933.0
2018-04-17 04:00:00,2777.0
2018-04-17 05:00:00,2611.0
2018-04-17 06:00:00,2588.0
2018-04-17 07:00:00,2678.0
2018-04-17 08:00:00,2494.0
2018-04-17 09:00:00,2799.0
2018-04-17 10:00:00,3098.0
2018-04-17 11:00:00,3270.0
2018-04-17 12:00:00,3435.0
2018-04-17 13:00:00,3643.0
2018-04-17 14:00:00,3830.0
2018-04-17 15:00:00,3686.0
2018-04-17 16:00:00,3792.0
2018-04-17 17:00:00,3953.0
2018-04-17 18:00:00,4029.0
2018-04-17 19:00:00,4112.0
2018-04-17 20:00:00,4166.0
2018-04-17 21:00:00,4050.0
2018-04-17 22:00:00,3675.0
2018-04-17 23:00:00,3775.0
2018-04-18 00:00:00,3713.0
2018-04-18 01:00:00,3660.0
2018-04-18 02:00:00,3422.0
2018-04-18 03:00:00,3198.0
2018-04-18 04:00:00,3115.0
2018-04-18 05:00:00,3014.0
2018-04-18 06:00:00,2978.0
2018-04-18 07:00:00,2955.0
2018-04-18 08:00:00,2883.0
2018-04-18 09:00:00,3153.0
2018-04-18 10:00:00,3313.0
2018-04-18 11:00:00,3468.0
2018-04-18 12:00:00,3493.0
2018-04-18 13:00:00,3532.0
2018-04-18 14:00:00,3744.0
2018-04-18 15:00:00,3557.0
2018-04-18 16:00:00,3615.0
2018-04-18 17:00:00,3686.0
2018-04-18 18:00:00,3640.0
2018-04-18 19:00:00,3737.0
2018-04-18 20:00:00,3886.0
2018-04-18 21:00:00,3734.0
2018-04-18 22:00:00,3741.0
2018-04-18 23:00:00,3866.0
2018-04-19 00:00:00,3822.0
2018-04-19 01:00:00,3695.0
2018-04-19 02:00:00,3374.0
2018-04-19 03:00:00,3159.0
2018-04-19 04:00:00,3073.0
2018-04-19 05:00:00,2978.0
2018-04-19 06:00:00,2964.0
2018-04-19 07:00:00,2885.0
2018-04-19 08:00:00,2846.0
2018-04-19 09:00:00,3047.0
2018-04-19 10:00:00,3058.0
2018-04-19 11:00:00,3104.0
2018-04-19 12:00:00,2992.0
2018-04-19 13:00:00,3087.0
2018-04-19 14:00:00,3204.0
2018-04-19 15:00:00,3070.0
2018-04-19 16:00:00,3185.0
2018-04-19 17:00:00,3181.0
2018-04-19 18:00:00,3389.0
2018-04-19 19:00:00,3384.0
2018-04-19 20:00:00,3315.0
2018-04-19 21:00:00,3121.0
2018-04-19 22:00:00,3185.0
2018-04-19 23:00:00,3251.0
2018-04-20 00:00:00,3276.0
2018-04-20 01:00:00,3255.0
2018-04-20 02:00:00,3067.0
2018-04-20 03:00:00,2952.0
2018-04-20 04:00:00,2911.0
2018-04-20 05:00:00,2813.0
2018-04-20 06:00:00,2843.0
2018-04-20 07:00:00,2770.0
2018-04-20 08:00:00,2618.0
2018-04-20 09:00:00,2649.0
2018-04-20 10:00:00,2639.0
2018-04-20 11:00:00,2562.0
2018-04-20 12:00:00,2702.0
2018-04-20 13:00:00,2746.0
2018-04-20 14:00:00,2712.0
2018-04-20 15:00:00,2789.0
2018-04-20 16:00:00,2875.0
2018-04-20 17:00:00,2809.0
2018-04-20 18:00:00,2840.0
2018-04-20 19:00:00,2799.0
2018-04-20 20:00:00,2840.0
2018-04-20 21:00:00,2801.0
2018-04-20 22:00:00,2830.0
2018-04-20 23:00:00,2790.0
2018-04-21 00:00:00,2802.0
2018-04-21 01:00:00,2717.0
2018-04-21 02:00:00,2664.0
2018-04-21 03:00:00,2633.0
2018-04-21 04:00:00,2665.0
2018-04-21 05:00:00,2662.0
2018-04-21 06:00:00,2686.0
2018-04-21 07:00:00,2744.0
2018-04-21 08:00:00,2817.0
2018-04-21 09:00:00,3115.0
2018-04-21 10:00:00,3266.0
2018-04-21 11:00:00,3331.0
2018-04-21 12:00:00,3311.0
2018-04-21 13:00:00,3332.0
2018-04-21 14:00:00,3657.0
2018-04-21 15:00:00,3372.0
2018-04-21 16:00:00,3551.0
2018-04-21 17:00:00,3737.0
2018-04-21 18:00:00,3750.0
2018-04-21 19:00:00,3924.0
2018-04-21 20:00:00,3806.0
2018-04-21 21:00:00,3557.0
2018-04-21 22:00:00,3526.0
2018-04-21 23:00:00,3666.0
2018-04-22 00:00:00,3568.0
2018-04-22 01:00:00,3368.0
2018-04-22 02:00:00,3227.0
2018-04-22 03:00:00,3080.0
2018-04-22 04:00:00,3044.0
2018-04-22 05:00:00,2951.0
2018-04-22 06:00:00,2925.0
2018-04-22 07:00:00,2867.0
2018-04-22 08:00:00,2863.0
2018-04-22 09:00:00,3047.0
2018-04-22 10:00:00,3335.0
2018-04-22 11:00:00,3425.0
2018-04-22 12:00:00,3392.0
2018-04-22 13:00:00,3468.0
2018-04-22 14:00:00,3583.0
2018-04-22 15:00:00,3391.0
2018-04-22 16:00:00,3660.0
2018-04-22 17:00:00,3758.0
2018-04-22 18:00:00,3828.0
2018-04-22 19:00:00,3865.0
2018-04-22 20:00:00,3834.0
2018-04-22 21:00:00,3507.0
2018-04-22 22:00:00,3556.0
2018-04-22 23:00:00,3644.0
2018-04-23 00:00:00,3560.0
2018-04-23 01:00:00,3400.0
2018-04-23 02:00:00,3235.0
2018-04-23 03:00:00,3091.0
2018-04-23 04:00:00,2926.0
2018-04-23 05:00:00,2769.0
2018-04-23 06:00:00,2817.0
2018-04-23 07:00:00,2835.0
2018-04-23 08:00:00,2826.0
2018-04-23 09:00:00,2988.0
2018-04-23 10:00:00,3080.0
2018-04-23 11:00:00,3276.0
2018-04-23 12:00:00,3346.0
2018-04-23 13:00:00,3452.0
2018-04-23 14:00:00,3588.0
2018-04-23 15:00:00,3462.0
2018-04-23 16:00:00,3519.0
2018-04-23 17:00:00,3658.0
2018-04-23 18:00:00,3630.0
2018-04-23 19:00:00,3826.0
2018-04-23 20:00:00,3677.0
2018-04-23 21:00:00,3482.0
2018-04-23 22:00:00,3444.0
2018-04-23 23:00:00,3500.0
2018-04-24 00:00:00,3453.0
2018-04-24 01:00:00,3235.0
2018-04-24 02:00:00,3096.0
2018-04-24 03:00:00,2980.0
2018-04-24 04:00:00,2930.0
2018-04-24 05:00:00,2887.0
2018-04-24 06:00:00,2969.0
2018-04-24 07:00:00,3030.0
2018-04-24 08:00:00,3037.0
2018-04-24 09:00:00,3230.0
2018-04-24 10:00:00,3561.0
2018-04-24 11:00:00,3599.0
2018-04-24 12:00:00,3639.0
2018-04-24 13:00:00,3687.0
2018-04-24 14:00:00,3722.0
2018-04-24 15:00:00,3588.0
2018-04-24 16:00:00,3674.0
2018-04-24 17:00:00,3746.0
2018-04-24 18:00:00,3822.0
2018-04-24 19:00:00,3851.0
2018-04-24 20:00:00,3780.0
2018-04-24 21:00:00,3604.0
2018-04-24 22:00:00,3550.0
2018-04-24 23:00:00,3696.0
2018-04-25 00:00:00,3622.0
2018-04-25 01:00:00,3519.0
2018-04-25 02:00:00,3424.0
2018-04-25 03:00:00,3302.0
2018-04-25 04:00:00,3214.0
2018-04-25 05:00:00,3185.0
2018-04-25 06:00:00,3085.0
2018-04-25 07:00:00,3046.0
2018-04-25 08:00:00,2953.0
2018-04-25 09:00:00,3169.0
2018-04-25 10:00:00,3349.0
2018-04-25 11:00:00,3475.0
2018-04-25 12:00:00,3517.0
2018-04-25 13:00:00,3614.0
2018-04-25 14:00:00,3669.0
2018-04-25 15:00:00,3507.0
2018-04-25 16:00:00,3541.0
2018-04-25 17:00:00,3551.0
2018-04-25 18:00:00,3605.0
2018-04-25 19:00:00,3570.0
2018-04-25 20:00:00,3471.0
2018-04-25 21:00:00,3133.0
2018-04-25 22:00:00,3185.0
2018-04-25 23:00:00,3133.0
2018-04-26 00:00:00,3166.0
2018-04-26 01:00:00,3353.0
2018-04-26 02:00:00,3074.0
2018-04-26 03:00:00,2962.0
2018-04-26 04:00:00,2942.0
2018-04-26 05:00:00,2828.0
2018-04-26 06:00:00,2798.0
2018-04-26 07:00:00,2773.0
2018-04-26 08:00:00,2739.0
2018-04-26 09:00:00,2828.0
2018-04-26 10:00:00,2786.0
2018-04-26 11:00:00,2832.0
2018-04-26 12:00:00,2753.0
2018-04-26 13:00:00,2806.0
2018-04-26 14:00:00,2891.0
2018-04-26 15:00:00,2796.0
2018-04-26 16:00:00,2970.0
2018-04-26 17:00:00,3210.0
2018-04-26 18:00:00,3230.0
2018-04-26 19:00:00,3043.0
2018-04-26 20:00:00,3106.0
2018-04-26 21:00:00,3022.0
2018-04-26 22:00:00,2998.0
2018-04-26 23:00:00,3134.0
2018-04-27 00:00:00,3142.0
2018-04-27 01:00:00,3116.0
2018-04-27 02:00:00,3041.0
2018-04-27 03:00:00,5653.0
2018-04-27 04:00:00,2655.0
2018-04-27 05:00:00,2540.0
2018-04-27 06:00:00,2616.0
2018-04-27 07:00:00,2554.0
2018-04-27 08:00:00,2528.0
2018-04-27 09:00:00,2410.0
2018-04-27 10:00:00,2492.0
2018-04-27 11:00:00,2500.0
2018-04-27 12:00:00,2614.0
2018-04-27 13:00:00,2732.0
2018-04-27 14:00:00,2634.0
2018-04-27 15:00:00,2671.0
2018-04-27 16:00:00,2792.0
2018-04-27 17:00:00,2855.0
2018-04-27 18:00:00,2717.0
2018-04-27 19:00:00,2683.0
2018-04-27 20:00:00,2602.0
2018-04-27 21:00:00,2595.0
2018-04-27 22:00:00,2523.0
2018-04-27 23:00:00,2620.0
2018-04-28 00:00:00,2632.0
2018-04-28 01:00:00,2545.0
2018-04-28 02:00:00,2418.0
2018-04-28 03:00:00,2458.0
2018-04-28 04:00:00,2516.0
2018-04-28 05:00:00,2489.0
2018-04-28 06:00:00,2482.0
2018-04-28 07:00:00,2624.0
2018-04-28 08:00:00,2610.0
2018-04-28 09:00:00,2721.0
2018-04-28 10:00:00,2888.0
2018-04-28 11:00:00,3158.0
2018-04-28 12:00:00,3232.0
2018-04-28 13:00:00,3427.0
2018-04-28 14:00:00,3351.0
2018-04-28 15:00:00,3298.0
2018-04-28 16:00:00,3369.0
2018-04-28 17:00:00,3370.0
2018-04-28 18:00:00,3214.0
2018-04-28 19:00:00,3310.0
2018-04-28 20:00:00,3186.0
2018-04-28 21:00:00,3164.0
2018-04-28 22:00:00,2983.0
2018-04-28 23:00:00,3189.0
2018-04-29 00:00:00,3216.0
2018-04-29 01:00:00,3069.0
2018-04-29 02:00:00,2958.0
2018-04-29 03:00:00,2816.0
2018-04-29 04:00:00,2694.0
2018-04-29 05:00:00,2661.0
2018-04-29 06:00:00,2626.0
2018-04-29 07:00:00,2617.0
2018-04-29 08:00:00,2827.0
2018-04-29 09:00:00,2733.0
2018-04-29 10:00:00,2909.0
2018-04-29 11:00:00,3055.0
2018-04-29 12:00:00,3151.0
2018-04-29 13:00:00,3240.0
2018-04-29 14:00:00,3361.0
2018-04-29 15:00:00,3351.0
2018-04-29 16:00:00,3316.0
2018-04-29 17:00:00,3387.0
2018-04-29 18:00:00,3416.0
2018-04-29 19:00:00,3564.0
2018-04-29 20:00:00,3360.0
2018-04-29 21:00:00,3238.0
2018-04-29 22:00:00,3203.0
2018-04-29 23:00:00,3328.0
2018-04-30 00:00:00,3352.0
2018-04-30 01:00:00,3209.0
2018-04-30 02:00:00,2998.0
2018-04-30 03:00:00,2907.0
2018-04-30 04:00:00,2758.0
2018-04-30 05:00:00,2733.0
2018-04-30 06:00:00,2703.0
2018-04-30 07:00:00,2680.0
2018-04-30 08:00:00,2703.0
2018-04-30 09:00:00,2717.0
2018-04-30 10:00:00,2901.0
2018-04-30 11:00:00,3086.0
2018-04-30 12:00:00,3185.0
2018-04-30 13:00:00,3121.0
2018-04-30 14:00:00,3406.0
2018-04-30 15:00:00,3265.0
2018-04-30 16:00:00,3210.0
2018-04-30 17:00:00,3297.0
2018-04-30 18:00:00,3359.0
2018-04-30 19:00:00,3444.0
2018-04-30 20:00:00,3251.0
2018-04-30 21:00:00,3186.0
2018-04-30 22:00:00,3076.0
2018-04-30 23:00:00,3111.0
2018-05-01 00:00:00,3158.0
2018-05-01 01:00:00,2957.0
2018-05-01 02:00:00,2789.0
2018-05-01 03:00:00,2609.0
2018-05-01 04:00:00,2664.0
2018-05-01 05:00:00,2637.0
2018-05-01 06:00:00,2650.0
2018-05-01 07:00:00,2578.0
2018-05-01 08:00:00,2296.0
2018-05-01 09:00:00,2543.0
2018-05-01 10:00:00,2948.0
2018-05-01 11:00:00,3140.0
2018-05-01 12:00:00,3218.0
2018-05-01 13:00:00,3522.0
2018-05-01 14:00:00,3534.0
2018-05-01 15:00:00,3504.0
2018-05-01 16:00:00,3539.0
2018-05-01 17:00:00,3769.0
2018-05-01 18:00:00,3688.0
2018-05-01 19:00:00,3741.0
2018-05-01 20:00:00,3561.0
2018-05-01 21:00:00,3339.0
2018-05-01 22:00:00,3294.0
2018-05-01 23:00:00,3368.0
2018-05-02 00:00:00,3364.0
2018-05-02 01:00:00,3179.0
2018-05-02 02:00:00,2954.0
2018-05-02 03:00:00,2829.0
2018-05-02 04:00:00,2800.0
2018-05-02 05:00:00,2751.0
2018-05-02 06:00:00,2545.0
2018-05-02 07:00:00,2535.0
2018-05-02 08:00:00,2606.0
2018-05-02 09:00:00,2726.0
2018-05-02 10:00:00,3048.0
2018-05-02 11:00:00,3407.0
2018-05-02 12:00:00,3418.0
2018-05-02 13:00:00,3504.0
2018-05-02 14:00:00,3541.0
2018-05-02 15:00:00,3396.0
2018-05-02 16:00:00,3448.0
2018-05-02 17:00:00,3488.0
2018-05-02 18:00:00,3524.0
2018-05-02 19:00:00,3644.0
2018-05-02 20:00:00,3516.0
2018-05-02 21:00:00,3336.0
2018-05-02 22:00:00,3326.0
2018-05-02 23:00:00,3521.0
2018-05-03 00:00:00,3456.0
2018-05-03 01:00:00,3334.0
2018-05-03 02:00:00,3078.0
2018-05-03 03:00:00,2939.0
2018-05-03 04:00:00,2987.0
2018-05-03 05:00:00,2967.0
2018-05-03 06:00:00,2969.0
2018-05-03 07:00:00,2961.0
2018-05-03 08:00:00,3014.0
2018-05-03 09:00:00,3049.0
2018-05-03 10:00:00,2882.0
2018-05-03 11:00:00,3038.0
2018-05-03 12:00:00,3033.0
2018-05-03 13:00:00,3096.0
2018-05-03 14:00:00,3202.0
2018-05-03 15:00:00,3172.0
2018-05-03 16:00:00,3143.0
2018-05-03 17:00:00,3177.0
2018-05-03 18:00:00,3210.0
2018-05-03 19:00:00,3160.0
2018-05-03 20:00:00,3070.0
2018-05-03 21:00:00,3078.0
2018-05-03 22:00:00,3095.0
2018-05-03 23:00:00,3235.0
2018-05-04 00:00:00,3256.0
2018-05-04 01:00:00,3128.0
2018-05-04 02:00:00,3006.0
2018-05-04 03:00:00,2904.0
2018-05-04 04:00:00,2953.0
2018-05-04 05:00:00,2751.0
2018-05-04 06:00:00,2733.0
2018-05-04 07:00:00,2626.0
2018-05-04 08:00:00,2709.0
2018-05-04 09:00:00,2627.0
2018-05-04 10:00:00,2556.0
2018-05-04 11:00:00,2561.0
2018-05-04 12:00:00,2566.0
2018-05-04 13:00:00,2618.0
2018-05-04 14:00:00,2618.0
2018-05-04 15:00:00,2647.0
2018-05-04 16:00:00,2689.0
2018-05-04 17:00:00,2674.0
2018-05-04 18:00:00,2650.0
2018-05-04 19:00:00,2676.0
2018-05-04 20:00:00,2640.0
2018-05-04 21:00:00,2631.0
2018-05-04 22:00:00,2669.0
2018-05-04 23:00:00,2687.0
2018-05-05 00:00:00,2678.0
2018-05-05 01:00:00,2570.0
2018-05-05 02:00:00,2500.0
2018-05-05 03:00:00,2494.0
2018-05-05 04:00:00,2498.0
2018-05-05 05:00:00,2507.0
2018-05-05 06:00:00,2498.0
2018-05-05 07:00:00,2552.0
2018-05-05 08:00:00,2756.0
2018-05-05 09:00:00,2792.0
2018-05-05 10:00:00,2960.0
2018-05-05 11:00:00,3284.0
2018-05-05 12:00:00,3639.0
2018-05-05 13:00:00,3697.0
2018-05-05 14:00:00,3656.0
2018-05-05 15:00:00,3517.0
2018-05-05 16:00:00,3532.0
2018-05-05 17:00:00,3588.0
2018-05-05 18:00:00,3599.0
2018-05-05 19:00:00,3499.0
2018-05-05 20:00:00,3432.0
2018-05-05 21:00:00,3256.0
2018-05-05 22:00:00,3188.0
2018-05-05 23:00:00,3298.0
2018-05-06 00:00:00,3411.0
2018-05-06 01:00:00,3250.0
2018-05-06 02:00:00,3111.0
2018-05-06 03:00:00,3033.0
2018-05-06 04:00:00,2958.0
2018-05-06 05:00:00,2877.0
2018-05-06 06:00:00,2843.0
2018-05-06 07:00:00,2842.0
2018-05-06 08:00:00,2953.0
2018-05-06 09:00:00,2940.0
2018-05-06 10:00:00,3288.0
2018-05-06 11:00:00,3399.0
2018-05-06 12:00:00,3518.0
2018-05-06 13:00:00,3576.0
2018-05-06 14:00:00,3660.0
2018-05-06 15:00:00,3452.0
2018-05-06 16:00:00,3550.0
2018-05-06 17:00:00,3610.0
2018-05-06 18:00:00,3600.0
2018-05-06 19:00:00,3619.0
2018-05-06 20:00:00,3530.0
2018-05-06 21:00:00,3384.0
2018-05-06 22:00:00,3270.0
2018-05-06 23:00:00,3414.0
2018-05-07 00:00:00,3430.0
2018-05-07 01:00:00,3283.0
2018-05-07 02:00:00,3056.0
2018-05-07 03:00:00,3008.0
2018-05-07 04:00:00,2862.0
2018-05-07 05:00:00,2793.0
2018-05-07 06:00:00,2795.0
2018-05-07 07:00:00,2800.0
2018-05-07 08:00:00,2906.0
2018-05-07 09:00:00,2819.0
2018-05-07 10:00:00,3059.0
2018-05-07 11:00:00,3304.0
2018-05-07 12:00:00,3257.0
2018-05-07 13:00:00,3327.0
2018-05-07 14:00:00,3505.0
2018-05-07 15:00:00,3294.0
2018-05-07 16:00:00,3363.0
2018-05-07 17:00:00,3510.0
2018-05-07 18:00:00,3465.0
2018-05-07 19:00:00,3511.0
2018-05-07 20:00:00,3412.0
2018-05-07 21:00:00,3221.0
2018-05-07 22:00:00,3112.0
2018-05-07 23:00:00,3173.0
2018-05-08 00:00:00,3218.0
2018-05-08 01:00:00,2950.0
2018-05-08 02:00:00,2839.0
2018-05-08 03:00:00,2773.0
2018-05-08 04:00:00,2802.0
2018-05-08 05:00:00,2749.0
2018-05-08 06:00:00,2747.0
2018-05-08 07:00:00,2657.0
2018-05-08 08:00:00,2866.0
2018-05-08 09:00:00,2924.0
2018-05-08 10:00:00,3211.0
2018-05-08 11:00:00,3374.0
2018-05-08 12:00:00,3572.0
2018-05-08 13:00:00,3776.0
2018-05-08 14:00:00,3734.0
2018-05-08 15:00:00,3518.0
2018-05-08 16:00:00,3641.0
2018-05-08 17:00:00,3628.0
2018-05-08 18:00:00,3615.0
2018-05-08 19:00:00,3604.0
2018-05-08 20:00:00,3636.0
2018-05-08 21:00:00,3655.0
2018-05-08 22:00:00,3685.0
2018-05-08 23:00:00,3552.0
2018-05-09 00:00:00,3410.0
2018-05-09 01:00:00,2992.0
2018-05-09 02:00:00,2938.0
2018-05-09 03:00:00,2899.0
2018-05-09 04:00:00,2946.0
2018-05-09 05:00:00,2894.0
2018-05-09 06:00:00,2855.0
2018-05-09 07:00:00,2877.0
2018-05-09 08:00:00,2973.0
2018-05-09 09:00:00,3072.0
2018-05-09 10:00:00,3225.0
2018-05-09 11:00:00,3467.0
2018-05-09 12:00:00,3510.0
2018-05-09 13:00:00,3533.0
2018-05-09 14:00:00,3657.0
2018-05-09 15:00:00,3573.0
2018-05-09 16:00:00,3598.0
2018-05-09 17:00:00,3613.0
2018-05-09 18:00:00,3748.0
2018-05-09 19:00:00,3855.0
2018-05-09 20:00:00,3622.0
2018-05-09 21:00:00,3428.0
2018-05-09 22:00:00,3186.0
2018-05-09 23:00:00,3201.0
2018-05-10 00:00:00,3098.0
2018-05-10 01:00:00,2880.0
2018-05-10 02:00:00,2800.0
2018-05-10 03:00:00,2781.0
2018-05-10 04:00:00,2747.0
2018-05-10 05:00:00,2726.0
2018-05-10 06:00:00,2698.0
2018-05-10 07:00:00,2701.0
2018-05-10 08:00:00,2863.0
2018-05-10 09:00:00,2850.0
2018-05-10 10:00:00,2901.0
2018-05-10 11:00:00,2943.0
2018-05-10 12:00:00,3032.0
2018-05-10 13:00:00,2973.0
2018-05-10 14:00:00,2995.0
2018-05-10 15:00:00,2872.0
2018-05-10 16:00:00,2942.0
2018-05-10 17:00:00,2939.0
2018-05-10 18:00:00,2897.0
2018-05-10 19:00:00,2870.0
2018-05-10 20:00:00,2902.0
2018-05-10 21:00:00,2895.0
2018-05-10 22:00:00,2928.0
2018-05-10 23:00:00,2919.2403546774603
2018-05-11 00:00:00,2924.422646425082
2018-05-11 01:00:00,2930.184444235165
2018-05-11 02:00:00,2936.478192597549
2018-05-11 03:00:00,2943.2563360020736
2018-05-11 04:00:00,2950.4713189385784
2018-05-11 05:00:00,2958.0755858969023
2018-05-11 06:00:00,2966.021581366885
2018-05-11 07:00:00,2974.2617498383656
2018-05-11 08:00:00,2982.7485358011836
2018-05-11 09:00:00,2991.434383745178
2018-05-11 10:00:00,3000.2717381601883
2018-05-11 11:00:00,3009.213043536054
2018-05-11 12:00:00,3018.2107443626146
2018-05-11 13:00:00,3027.217285129709
2018-05-11 14:00:00,3036.185110327177
2018-05-11 15:00:00,3045.0666644448575
2018-05-11 16:00:00,3053.8143919725903
2018-05-11 17:00:00,3062.3807374002145
2018-05-11 18:00:00,3070.7181452175696
2018-05-11 19:00:00,3078.7790599144946
2018-05-11 20:00:00,3086.515925980829
2018-05-11 21:00:00,3093.881187906412
2018-05-11 22:00:00,3100.8272901810838
2018-05-11 23:00:00,3107.3066772946827
2018-05-12 00:00:00,3113.271793737049
2018-05-12 01:00:00,3118.6750839980214
2018-05-12 02:00:00,3123.468992567439
2018-05-12 03:00:00,3127.6059639351415
2018-05-12 04:00:00,3131.0384425909683
2018-05-12 05:00:00,3133.718873024759
2018-05-12 06:00:00,3135.5996997263524
2018-05-12 07:00:00,3136.633367185588
2018-05-12 08:00:00,3136.7723198923063
2018-05-12 09:00:00,3135.969002336345
2018-05-12 10:00:00,3134.1758590075437
2018-05-12 11:00:00,3131.3453343957417
2018-05-12 12:00:00,3127.429872990779
2018-05-12 13:00:00,3122.381919282496
2018-05-12 14:00:00,3116.153917760729
2018-05-12 15:00:00,3108.69831291532
2018-05-12 16:00:00,3099.9675492361066
2018-05-12 17:00:00,3089.91407121293
2018-05-12 18:00:00,3078.4903233356276
2018-05-12 19:00:00,3065.6487500940407
2018-05-12 20:00:00,3051.341795978007
2018-05-12 21:00:00,3035.5219054773665
2018-05-12 22:00:00,3018.1415230819593
2018-05-12 23:00:00,2999.1530932816227
2018-05-13 00:00:00,2978.5090605661967
2018-05-13 01:00:00,3048.0
2018-05-13 02:00:00,2862.0
2018-05-13 03:00:00,2866.0
2018-05-13 04:00:00,2778.0
2018-05-13 05:00:00,2678.0
2018-05-13 06:00:00,2619.0
2018-05-13 07:00:00,2585.0
2018-05-13 08:00:00,2710.0
2018-05-13 09:00:00,2799.0
2018-05-13 10:00:00,3176.0
2018-05-13 11:00:00,3323.0
2018-05-13 12:00:00,3449.0
2018-05-13 13:00:00,3674.0
2018-05-13 14:00:00,3752.0
2018-05-13 15:00:00,3698.0
2018-05-13 16:00:00,3776.0
2018-05-13 17:00:00,3832.0
2018-05-13 18:00:00,3752.0
2018-05-13 19:00:00,3624.0
2018-05-13 20:00:00,3503.0
2018-05-13 21:00:00,3214.0
2018-05-13 22:00:00,3138.0
2018-05-13 23:00:00,3261.0
2018-05-14 00:00:00,3311.0
2018-05-14 01:00:00,3162.0
2018-05-14 02:00:00,2974.0
2018-05-14 03:00:00,2853.0
2018-05-14 04:00:00,2800.0
2018-05-14 05:00:00,2684.0
2018-05-14 06:00:00,2695.0
2018-05-14 07:00:00,2631.0
2018-05-14 08:00:00,2785.0
2018-05-14 09:00:00,2789.0
2018-05-14 10:00:00,2967.0
2018-05-14 11:00:00,3271.0
2018-05-14 12:00:00,3437.0
2018-05-14 13:00:00,3710.0
2018-05-14 14:00:00,3826.0
2018-05-14 15:00:00,3598.0
2018-05-14 16:00:00,3607.0
2018-05-14 17:00:00,3792.0
2018-05-14 18:00:00,3752.0
2018-05-14 19:00:00,3604.0
2018-05-14 20:00:00,3366.0
2018-05-14 21:00:00,3280.0
2018-05-14 22:00:00,3206.0
2018-05-14 23:00:00,3292.0
2018-05-15 00:00:00,3183.0
2018-05-15 01:00:00,3017.0
2018-05-15 02:00:00,2866.0
2018-05-15 03:00:00,2837.0
2018-05-15 04:00:00,2792.0
2018-05-15 05:00:00,2729.0
2018-05-15 06:00:00,2734.0
2018-05-15 07:00:00,2689.0
2018-05-15 08:00:00,2836.0
2018-05-15 09:00:00,2896.0
2018-05-15 10:00:00,3085.0
2018-05-15 11:00:00,3319.0
2018-05-15 12:00:00,3397.0
2018-05-15 13:00:00,3511.0
2018-05-15 14:00:00,3529.0
2018-05-15 15:00:00,3461.0
2018-05-15 16:00:00,3613.0
2018-05-15 17:00:00,3635.0
2018-05-15 18:00:00,3581.0
2018-05-15 19:00:00,3515.0
2018-05-15 20:00:00,3306.0
2018-05-15 21:00:00,3151.0
2018-05-15 22:00:00,3064.0
2018-05-15 23:00:00,3234.0
2018-05-16 00:00:00,3316.0
2018-05-16 01:00:00,3125.0
2018-05-16 02:00:00,2935.0
2018-05-16 03:00:00,2873.0
2018-05-16 04:00:00,2775.0
2018-05-16 05:00:00,2709.0
2018-05-16 06:00:00,2687.0
2018-05-16 07:00:00,2679.0
2018-05-16 08:00:00,2700.0
2018-05-16 09:00:00,2827.0
2018-05-16 10:00:00,3136.0
2018-05-16 11:00:00,3303.0
2018-05-16 12:00:00,3430.0
2018-05-16 13:00:00,3469.0
2018-05-16 14:00:00,3542.0
2018-05-16 15:00:00,3472.0
2018-05-16 16:00:00,3469.0
2018-05-16 17:00:00,3506.0
2018-05-16 18:00:00,3506.0
2018-05-16 19:00:00,3497.0
2018-05-16 20:00:00,3264.0
2018-05-16 21:00:00,3269.0
2018-05-16 22:00:00,3067.0
2018-05-16 23:00:00,3235.0
2018-05-17 00:00:00,3208.0
2018-05-17 01:00:00,2961.0
2018-05-17 02:00:00,2749.0
2018-05-17 03:00:00,2689.0
2018-05-17 04:00:00,2644.0
2018-05-17 05:00:00,2574.0
2018-05-17 06:00:00,2481.0
2018-05-17 07:00:00,2495.0
2018-05-17 08:00:00,2556.0
2018-05-17 09:00:00,2606.0
2018-05-17 10:00:00,2622.0
2018-05-17 11:00:00,2604.0
2018-05-17 12:00:00,2558.0
2018-05-17 13:00:00,2548.0
2018-05-17 14:00:00,2588.0
2018-05-17 15:00:00,2533.0
2018-05-17 16:00:00,2579.0
2018-05-17 17:00:00,2685.0
2018-05-17 18:00:00,2740.0
2018-05-17 19:00:00,2685.0
2018-05-17 20:00:00,2731.0
2018-05-17 21:00:00,2693.0
2018-05-17 22:00:00,2617.0
2018-05-17 23:00:00,2827.0
2018-05-18 00:00:00,2831.0
2018-05-18 01:00:00,2831.0
2018-05-18 02:00:00,2719.0
2018-05-18 03:00:00,2652.0
2018-05-18 04:00:00,2560.0
2018-05-18 05:00:00,2424.0
2018-05-18 06:00:00,2464.0
2018-05-18 07:00:00,2453.0
2018-05-18 08:00:00,2488.0
2018-05-18 09:00:00,2463.0
2018-05-18 10:00:00,2450.0
2018-05-18 11:00:00,2390.0
2018-05-18 12:00:00,2423.0
2018-05-18 13:00:00,2465.0
2018-05-18 14:00:00,2482.0
2018-05-18 15:00:00,2498.0
2018-05-18 16:00:00,2546.0
2018-05-18 17:00:00,2506.0
2018-05-18 18:00:00,2491.0
2018-05-18 19:00:00,2528.0
2018-05-18 20:00:00,2487.0
2018-05-18 21:00:00,2563.0
2018-05-18 22:00:00,2520.0
2018-05-18 23:00:00,2512.0
2018-05-19 00:00:00,2560.0
2018-05-19 01:00:00,2443.0
2018-05-19 02:00:00,2376.0
2018-05-19 03:00:00,2400.0
2018-05-19 04:00:00,2385.0
2018-05-19 05:00:00,2358.0
2018-05-19 06:00:00,2381.0
2018-05-19 07:00:00,2417.0
2018-05-19 08:00:00,2517.0
2018-05-19 09:00:00,2651.0
2018-05-19 10:00:00,2814.0
2018-05-19 11:00:00,3047.0
2018-05-19 12:00:00,3202.0
2018-05-19 13:00:00,3258.0
2018-05-19 14:00:00,3377.0
2018-05-19 15:00:00,3322.0
2018-05-19 16:00:00,3339.0
2018-05-19 17:00:00,3377.0
2018-05-19 18:00:00,3376.0
2018-05-19 19:00:00,3404.0
2018-05-19 20:00:00,3199.0
2018-05-19 21:00:00,3127.0
2018-05-19 22:00:00,2991.0
2018-05-19 23:00:00,3123.0
2018-05-20 00:00:00,3178.0
2018-05-20 01:00:00,3010.0
2018-05-20 02:00:00,2890.0
2018-05-20 03:00:00,2812.0
2018-05-20 04:00:00,2823.0
2018-05-20 05:00:00,2761.0
2018-05-20 06:00:00,2701.0
2018-05-20 07:00:00,2650.0
2018-05-20 08:00:00,2746.0
2018-05-20 09:00:00,2809.0
2018-05-20 10:00:00,3076.0
2018-05-20 11:00:00,3196.0
2018-05-20 12:00:00,3303.0
2018-05-20 13:00:00,3459.0
2018-05-20 14:00:00,3488.0
2018-05-20 15:00:00,3430.0
2018-05-20 16:00:00,3484.0
2018-05-20 17:00:00,3474.0
2018-05-20 18:00:00,3525.0
2018-05-20 19:00:00,3492.0
2018-05-20 20:00:00,3367.0
2018-05-20 21:00:00,3218.0
2018-05-20 22:00:00,3056.0
2018-05-20 23:00:00,3298.0
2018-05-21 00:00:00,3238.0
2018-05-21 01:00:00,2936.0
2018-05-21 02:00:00,2850.0
2018-05-21 03:00:00,2790.0
2018-05-21 04:00:00,2710.0
2018-05-21 05:00:00,2693.0
2018-05-21 06:00:00,2592.0
2018-05-21 07:00:00,2586.0
2018-05-21 08:00:00,2749.0
2018-05-21 09:00:00,2711.0
2018-05-21 10:00:00,2904.0
2018-05-21 11:00:00,3190.0
2018-05-21 12:00:00,3287.0
2018-05-21 13:00:00,3336.0
2018-05-21 14:00:00,3347.0
2018-05-21 15:00:00,3317.0
2018-05-21 16:00:00,3368.0
2018-05-21 17:00:00,3350.0
2018-05-21 18:00:00,3283.0
2018-05-21 19:00:00,3233.0
2018-05-21 20:00:00,3196.0
2018-05-21 21:00:00,3124.0
2018-05-21 22:00:00,3043.0
2018-05-21 23:00:00,3083.0
2018-05-22 00:00:00,2987.0
2018-05-22 01:00:00,2786.0
2018-05-22 02:00:00,2582.0
2018-05-22 03:00:00,2506.0
2018-05-22 04:00:00,2533.0
2018-05-22 05:00:00,2509.0
2018-05-22 06:00:00,2507.0
2018-05-22 07:00:00,2418.0
2018-05-22 08:00:00,2724.0
2018-05-22 09:00:00,2731.0
2018-05-22 10:00:00,2947.0
2018-05-22 11:00:00,3237.0
2018-05-22 12:00:00,3375.0
2018-05-22 13:00:00,3451.0
2018-05-22 14:00:00,3505.0
2018-05-22 15:00:00,3441.0
2018-05-22 16:00:00,3389.0
2018-05-22 17:00:00,3431.0
2018-05-22 18:00:00,3442.0
2018-05-22 19:00:00,3420.0
2018-05-22 20:00:00,3227.0
2018-05-22 21:00:00,3011.0
2018-05-22 22:00:00,3089.0
2018-05-22 23:00:00,3193.0
2018-05-23 00:00:00,3229.0
2018-05-23 01:00:00,3099.0
2018-05-23 02:00:00,2917.0
2018-05-23 03:00:00,2861.0
2018-05-23 04:00:00,2784.0
2018-05-23 05:00:00,2769.0
2018-05-23 06:00:00,2710.0
2018-05-23 07:00:00,2635.0
2018-05-23 08:00:00,2840.0
2018-05-23 09:00:00,2927.0
2018-05-23 10:00:00,3149.0
2018-05-23 11:00:00,3402.0
2018-05-23 12:00:00,3510.0
2018-05-23 13:00:00,3619.0
2018-05-23 14:00:00,3702.0
2018-05-23 15:00:00,3370.0
2018-05-23 16:00:00,3606.0
2018-05-23 17:00:00,3574.0
2018-05-23 18:00:00,3509.0
2018-05-23 19:00:00,3491.0
2018-05-23 20:00:00,3370.0
2018-05-23 21:00:00,3318.0
2018-05-23 22:00:00,3169.0
2018-05-23 23:00:00,3289.0
2018-05-24 00:00:00,3293.0
2018-05-24 01:00:00,3038.0
2018-05-24 02:00:00,2779.0
2018-05-24 03:00:00,2744.0
2018-05-24 04:00:00,2765.0
2018-05-24 05:00:00,2714.0
2018-05-24 06:00:00,2788.0
2018-05-24 07:00:00,2676.0
2018-05-24 08:00:00,2739.0
2018-05-24 09:00:00,2778.0
2018-05-24 10:00:00,2859.0
2018-05-24 11:00:00,2685.0
2018-05-24 12:00:00,2722.0
2018-05-24 13:00:00,2838.0
2018-05-24 14:00:00,2807.0
2018-05-24 15:00:00,2692.0
2018-05-24 16:00:00,2751.0
2018-05-24 17:00:00,2820.0
2018-05-24 18:00:00,2750.0
2018-05-24 19:00:00,2698.0
2018-05-24 20:00:00,2709.0
2018-05-24 21:00:00,2758.0
2018-05-24 22:00:00,2788.0
2018-05-24 23:00:00,2960.0
2018-05-25 00:00:00,2953.0
2018-05-25 01:00:00,2923.0
2018-05-25 02:00:00,2815.0
2018-05-25 03:00:00,2786.0
2018-05-25 04:00:00,2776.0
2018-05-25 05:00:00,2637.0
2018-05-25 06:00:00,2708.0
2018-05-25 07:00:00,2631.0
2018-05-25 08:00:00,2660.0
2018-05-25 09:00:00,2543.0
2018-05-25 10:00:00,2409.0
2018-05-25 11:00:00,2377.0
2018-05-25 12:00:00,2409.0
2018-05-25 13:00:00,2456.0
2018-05-25 14:00:00,2430.0
2018-05-25 15:00:00,2463.0
2018-05-25 16:00:00,2437.0
2018-05-25 17:00:00,2391.0
2018-05-25 18:00:00,2546.0
2018-05-25 19:00:00,2592.0
2018-05-25 20:00:00,2533.0
2018-05-25 21:00:00,2536.0
2018-05-25 22:00:00,2512.0
2018-05-25 23:00:00,2591.0
2018-05-26 00:00:00,2595.0
2018-05-26 01:00:00,2504.0
2018-05-26 02:00:00,2411.0
2018-05-26 03:00:00,2438.0
2018-05-26 04:00:00,2408.0
2018-05-26 05:00:00,2405.0
2018-05-26 06:00:00,2447.0
2018-05-26 07:00:00,2420.0
2018-05-26 08:00:00,2608.0
2018-05-26 09:00:00,2850.0
2018-05-26 10:00:00,3118.0
2018-05-26 11:00:00,3325.0
2018-05-26 12:00:00,3402.0
2018-05-26 13:00:00,3441.0
2018-05-26 14:00:00,3542.0
2018-05-26 15:00:00,3465.0
2018-05-26 16:00:00,3516.0
2018-05-26 17:00:00,3445.0
2018-05-26 18:00:00,3411.0
2018-05-26 19:00:00,3367.0
2018-05-26 20:00:00,3253.0
2018-05-26 21:00:00,3123.0
2018-05-26 22:00:00,2985.0
2018-05-26 23:00:00,3186.0
2018-05-27 00:00:00,3197.0
2018-05-27 01:00:00,3054.0
2018-05-27 02:00:00,2834.0
2018-05-27 03:00:00,2803.0
2018-05-27 04:00:00,2771.0
2018-05-27 05:00:00,2744.0
2018-05-27 06:00:00,2709.0
2018-05-27 07:00:00,2604.0
2018-05-27 08:00:00,2807.0
2018-05-27 09:00:00,2826.0
2018-05-27 10:00:00,3042.0
2018-05-27 11:00:00,3317.0
2018-05-27 12:00:00,3406.0
2018-05-27 13:00:00,3416.0
2018-05-27 14:00:00,3460.0
2018-05-27 15:00:00,3334.0
2018-05-27 16:00:00,3278.0
2018-05-27 17:00:00,3324.0
2018-05-27 18:00:00,3299.0
2018-05-27 19:00:00,3319.0
2018-05-27 20:00:00,3194.0
2018-05-27 21:00:00,3094.0
2018-05-27 22:00:00,3109.0
2018-05-27 23:00:00,3393.0
2018-05-28 00:00:00,3359.0
2018-05-28 01:00:00,3187.0
2018-05-28 02:00:00,2925.0
2018-05-28 03:00:00,2781.0
2018-05-28 04:00:00,2759.0
2018-05-28 05:00:00,2697.0
2018-05-28 06:00:00,2659.0
2018-05-28 07:00:00,2662.0
2018-05-28 08:00:00,2860.0
2018-05-28 09:00:00,2778.0
2018-05-28 10:00:00,2969.0
2018-05-28 11:00:00,3240.0
2018-05-28 12:00:00,3297.0
2018-05-28 13:00:00,3272.0
2018-05-28 14:00:00,3535.0
2018-05-28 15:00:00,3367.0
2018-05-28 16:00:00,3347.0
2018-05-28 17:00:00,3176.0
2018-05-28 18:00:00,3305.0
2018-05-28 19:00:00,3393.0
2018-05-28 20:00:00,3329.0
2018-05-28 21:00:00,3234.0
2018-05-28 22:00:00,3131.0
2018-05-28 23:00:00,3353.0
2018-05-29 00:00:00,3202.0
2018-05-29 01:00:00,3066.0
2018-05-29 02:00:00,2900.0
2018-05-29 03:00:00,2870.0
2018-05-29 04:00:00,2801.0
2018-05-29 05:00:00,2795.0
2018-05-29 06:00:00,2847.0
2018-05-29 07:00:00,2820.0
2018-05-29 08:00:00,3032.0
2018-05-29 09:00:00,2985.0
2018-05-29 10:00:00,3042.0
2018-05-29 11:00:00,3297.0
2018-05-29 12:00:00,3398.0
2018-05-29 13:00:00,3480.0
2018-05-29 14:00:00,3480.0
2018-05-29 15:00:00,3395.0
2018-05-29 16:00:00,3360.0
2018-05-29 17:00:00,3414.0
2018-05-29 18:00:00,3461.0
2018-05-29 19:00:00,3475.0
2018-05-29 20:00:00,3365.0
2018-05-29 21:00:00,3272.0
2018-05-29 22:00:00,3227.0
2018-05-29 23:00:00,3412.0
2018-05-30 00:00:00,3323.0
2018-05-30 01:00:00,3282.0
2018-05-30 02:00:00,3181.0
2018-05-30 03:00:00,3120.0
2018-05-30 04:00:00,3032.0
2018-05-30 05:00:00,2984.0
2018-05-30 06:00:00,2909.0
2018-05-30 07:00:00,2904.0
2018-05-30 08:00:00,3080.0
2018-05-30 09:00:00,3020.0
2018-05-30 10:00:00,3126.0
2018-05-30 11:00:00,3308.0
2018-05-30 12:00:00,3440.0
2018-05-30 13:00:00,3559.0
2018-05-30 14:00:00,3572.0
2018-05-30 15:00:00,3444.0
2018-05-30 16:00:00,3350.0
2018-05-30 17:00:00,3362.0
2018-05-30 18:00:00,3352.0
2018-05-30 19:00:00,3264.0
2018-05-30 20:00:00,3167.0
2018-05-30 21:00:00,2958.0
2018-05-30 22:00:00,2879.0
2018-05-30 23:00:00,3095.0
2018-05-31 00:00:00,3067.0
2018-05-31 01:00:00,2968.0
2018-05-31 02:00:00,2861.0
2018-05-31 03:00:00,2748.0
2018-05-31 04:00:00,2715.0
2018-05-31 05:00:00,2690.0
2018-05-31 06:00:00,2673.0
2018-05-31 07:00:00,2624.0
2018-05-31 08:00:00,2689.0
2018-05-31 09:00:00,2646.0
2018-05-31 10:00:00,2544.0
2018-05-31 11:00:00,2649.0
2018-05-31 12:00:00,2746.0
2018-05-31 13:00:00,2650.0
2018-05-31 14:00:00,2661.0
2018-05-31 15:00:00,2630.0
2018-05-31 16:00:00,2673.0
2018-05-31 17:00:00,2758.0
2018-05-31 18:00:00,2784.0
2018-05-31 19:00:00,2818.0
2018-05-31 20:00:00,2725.0
2018-05-31 21:00:00,2696.0
2018-05-31 22:00:00,2874.0
2018-05-31 23:00:00,2981.0
2018-06-01 00:00:00,2998.0
2018-06-01 01:00:00,2955.0
2018-06-01 02:00:00,2877.0
2018-06-01 03:00:00,2822.0
2018-06-01 04:00:00,2733.0
2018-06-01 05:00:00,2600.0
2018-06-01 06:00:00,2609.0
2018-06-01 07:00:00,2598.0
2018-06-01 08:00:00,2675.0
2018-06-01 09:00:00,2575.0
2018-06-01 10:00:00,2482.0
2018-06-01 11:00:00,2490.0
2018-06-01 12:00:00,2552.0
2018-06-01 13:00:00,2501.0
2018-06-01 14:00:00,2545.0
2018-06-01 15:00:00,2526.0
2018-06-01 16:00:00,2520.0
2018-06-01 17:00:00,2608.0
2018-06-01 18:00:00,2590.0
2018-06-01 19:00:00,2593.0
2018-06-01 20:00:00,2571.0
2018-06-01 21:00:00,2483.0
2018-06-01 22:00:00,2447.0
2018-06-01 23:00:00,2574.0
2018-06-02 00:00:00,2491.0
2018-06-02 01:00:00,2499.0
2018-06-02 02:00:00,2428.0
2018-06-02 03:00:00,2496.0
2018-06-02 04:00:00,2436.0
2018-06-02 05:00:00,2472.0
2018-06-02 06:00:00,2470.0
2018-06-02 07:00:00,2495.0
2018-06-02 08:00:00,2668.0
2018-06-02 09:00:00,2663.0
2018-06-02 10:00:00,2804.0
2018-06-02 11:00:00,3069.0
2018-06-02 12:00:00,3330.0
2018-06-02 13:00:00,3513.0
2018-06-02 14:00:00,3562.0
2018-06-02 15:00:00,3401.0
2018-06-02 16:00:00,3340.0
2018-06-02 17:00:00,3281.0
2018-06-02 18:00:00,3314.0
2018-06-02 19:00:00,3316.0
2018-06-02 20:00:00,3227.0
2018-06-02 21:00:00,3210.0
2018-06-02 22:00:00,3168.0
2018-06-02 23:00:00,3276.0
2018-06-03 00:00:00,3162.0
2018-06-03 01:00:00,3195.0
2018-06-03 02:00:00,3010.0
2018-06-03 03:00:00,2993.0
2018-06-03 04:00:00,2840.0
2018-06-03 05:00:00,2817.0
2018-06-03 06:00:00,2801.0
2018-06-03 07:00:00,2645.0
2018-06-03 08:00:00,2903.0
2018-06-03 09:00:00,2845.0
2018-06-03 10:00:00,3017.0
2018-06-03 11:00:00,3229.0
2018-06-03 12:00:00,3311.0
2018-06-03 13:00:00,3353.0
2018-06-03 14:00:00,3373.0
2018-06-03 15:00:00,3259.0
2018-06-03 16:00:00,3353.0
2018-06-03 17:00:00,3425.0
2018-06-03 18:00:00,3377.0
2018-06-03 19:00:00,3267.0
2018-06-03 20:00:00,3214.0
2018-06-03 21:00:00,3162.0
2018-06-03 22:00:00,3108.0
2018-06-03 23:00:00,3150.0
2018-06-04 00:00:00,3238.0
2018-06-04 01:00:00,3144.0
2018-06-04 02:00:00,3029.0
2018-06-04 03:00:00,2948.0
2018-06-04 04:00:00,2813.0
2018-06-04 05:00:00,2759.0
2018-06-04 06:00:00,2729.0
2018-06-04 07:00:00,2659.0
2018-06-04 08:00:00,2791.0
2018-06-04 09:00:00,2891.0
2018-06-04 10:00:00,2789.0
2018-06-04 11:00:00,3018.0
2018-06-04 12:00:00,3161.0
2018-06-04 13:00:00,3177.0
2018-06-04 14:00:00,3289.0
2018-06-04 15:00:00,3222.0
2018-06-04 16:00:00,3219.0
2018-06-04 17:00:00,3376.0
2018-06-04 18:00:00,3235.0
2018-06-04 19:00:00,3269.0
2018-06-04 20:00:00,3243.0
2018-06-04 21:00:00,3079.0
2018-06-04 22:00:00,2921.0
2018-06-04 23:00:00,3019.0
2018-06-05 00:00:00,2945.0
2018-06-05 01:00:00,2900.0
2018-06-05 02:00:00,2796.0
2018-06-05 03:00:00,2816.0
2018-06-05 04:00:00,2800.0
2018-06-05 05:00:00,2721.0
2018-06-05 06:00:00,2708.0
2018-06-05 07:00:00,2752.0
2018-06-05 08:00:00,2893.0
2018-06-05 09:00:00,2888.0
2018-06-05 10:00:00,2988.0
2018-06-05 11:00:00,3194.0
2018-06-05 12:00:00,3185.0
2018-06-05 13:00:00,3444.0
2018-06-05 14:00:00,3423.0
2018-06-05 15:00:00,3358.0
2018-06-05 16:00:00,3338.0
2018-06-05 17:00:00,3331.0
2018-06-05 18:00:00,3425.0
2018-06-05 19:00:00,3367.0
2018-06-05 20:00:00,3192.0
2018-06-05 21:00:00,2976.0
2018-06-05 22:00:00,2897.0
2018-06-05 23:00:00,3157.0
2018-06-06 00:00:00,3025.0
2018-06-06 01:00:00,2981.0
2018-06-06 02:00:00,2829.0
2018-06-06 03:00:00,2813.0
2018-06-06 04:00:00,2718.0
2018-06-06 05:00:00,2655.0
2018-06-06 06:00:00,2606.0
2018-06-06 07:00:00,2629.0
2018-06-06 08:00:00,2736.0
2018-06-06 09:00:00,2768.0
2018-06-06 10:00:00,2822.0
2018-06-06 11:00:00,3230.0
2018-06-06 12:00:00,3297.0
2018-06-06 13:00:00,3320.0
2018-06-06 14:00:00,3372.0
2018-06-06 15:00:00,3297.0
2018-06-06 16:00:00,3511.0
2018-06-06 17:00:00,3466.0
2018-06-06 18:00:00,3326.0
2018-06-06 19:00:00,3296.0
2018-06-06 20:00:00,3226.0
2018-06-06 21:00:00,3111.0
2018-06-06 22:00:00,2992.0
2018-06-06 23:00:00,3107.0
2018-06-07 00:00:00,3049.0
2018-06-07 01:00:00,2942.0
2018-06-07 02:00:00,2736.0
2018-06-07 03:00:00,2716.0
2018-06-07 04:00:00,2678.0
2018-06-07 05:00:00,2640.0
2018-06-07 06:00:00,2580.0
2018-06-07 07:00:00,2556.0
2018-06-07 08:00:00,2593.0
2018-06-07 09:00:00,2550.0
2018-06-07 10:00:00,2562.0
2018-06-07 11:00:00,2666.0
2018-06-07 12:00:00,2714.0
2018-06-07 13:00:00,2783.0
2018-06-07 14:00:00,2695.0
2018-06-07 15:00:00,2678.0
2018-06-07 16:00:00,2665.0
2018-06-07 17:00:00,2773.0
2018-06-07 18:00:00,2729.0
2018-06-07 19:00:00,2697.0
2018-06-07 20:00:00,2752.0
2018-06-07 21:00:00,2718.0
2018-06-07 22:00:00,2650.0
2018-06-07 23:00:00,2858.0
2018-06-08 00:00:00,2820.0
2018-06-08 01:00:00,2760.0
2018-06-08 02:00:00,2637.0
2018-06-08 03:00:00,2640.0
2018-06-08 04:00:00,2485.0
2018-06-08 05:00:00,2445.0
2018-06-08 06:00:00,2499.0
2018-06-08 07:00:00,2403.0
2018-06-08 08:00:00,2440.0
2018-06-08 09:00:00,2425.0
2018-06-08 10:00:00,2311.0
2018-06-08 11:00:00,2330.0
2018-06-08 12:00:00,2325.0
2018-06-08 13:00:00,2356.0
2018-06-08 14:00:00,2365.0
2018-06-08 15:00:00,2407.0
2018-06-08 16:00:00,2463.0
2018-06-08 17:00:00,2515.0
2018-06-08 18:00:00,2495.0
2018-06-08 19:00:00,2503.0
2018-06-08 20:00:00,2515.0
2018-06-08 21:00:00,2605.0
2018-06-08 22:00:00,2593.0
2018-06-08 23:00:00,2645.0
2018-06-09 00:00:00,2585.0
2018-06-09 01:00:00,2614.0
2018-06-09 02:00:00,2530.0
2018-06-09 03:00:00,2526.0
2018-06-09 04:00:00,2489.0
2018-06-09 05:00:00,2530.0
2018-06-09 06:00:00,2545.0
2018-06-09 07:00:00,2564.0
2018-06-09 08:00:00,2696.0
2018-06-09 09:00:00,2730.0
2018-06-09 10:00:00,2695.0
2018-06-09 11:00:00,2965.0
2018-06-09 12:00:00,3075.0
2018-06-09 13:00:00,3109.0
2018-06-09 14:00:00,3216.0
2018-06-09 15:00:00,3219.0
2018-06-09 16:00:00,3162.0
2018-06-09 17:00:00,3184.0
2018-06-09 18:00:00,3306.0
2018-06-09 19:00:00,3341.0
2018-06-09 20:00:00,3169.0
2018-06-09 21:00:00,3076.0
2018-06-09 22:00:00,3020.0
2018-06-09 23:00:00,3212.0
2018-06-10 00:00:00,3080.0
2018-06-10 01:00:00,3004.0
2018-06-10 02:00:00,2805.0
2018-06-10 03:00:00,2876.0
2018-06-10 04:00:00,2759.0
2018-06-10 05:00:00,2662.0
2018-06-10 06:00:00,2656.0
2018-06-10 07:00:00,2647.0
2018-06-10 08:00:00,2767.0
2018-06-10 09:00:00,2860.0
2018-06-10 10:00:00,2996.0
2018-06-10 11:00:00,3272.0
2018-06-10 12:00:00,3275.0
2018-06-10 13:00:00,3317.0
2018-06-10 14:00:00,3305.0
2018-06-10 15:00:00,3327.0
2018-06-10 16:00:00,3346.0
2018-06-10 17:00:00,3428.0
2018-06-10 18:00:00,3425.0
2018-06-10 19:00:00,3424.0
2018-06-10 20:00:00,3336.0
2018-06-10 21:00:00,3129.0
2018-06-10 22:00:00,3008.0
2018-06-10 23:00:00,3107.0
2018-06-11 00:00:00,3024.0
2018-06-11 01:00:00,2941.0
2018-06-11 02:00:00,2857.0
2018-06-11 03:00:00,2826.0
2018-06-11 04:00:00,2685.0
2018-06-11 05:00:00,2694.0
2018-06-11 06:00:00,2671.0
2018-06-11 07:00:00,2630.0
2018-06-11 08:00:00,2777.0
2018-06-11 09:00:00,2824.0
2018-06-11 10:00:00,2887.0
2018-06-11 11:00:00,3093.0
2018-06-11 12:00:00,3207.0
2018-06-11 13:00:00,3222.0
2018-06-11 14:00:00,3165.0
2018-06-11 15:00:00,3068.0
2018-06-11 16:00:00,3103.0
2018-06-11 17:00:00,3223.0
2018-06-11 18:00:00,3244.0
2018-06-11 19:00:00,3275.0
2018-06-11 20:00:00,3171.0
2018-06-11 21:00:00,3127.0
2018-06-11 22:00:00,3027.0
2018-06-11 23:00:00,3162.0
2018-06-12 00:00:00,2986.0
2018-06-12 01:00:00,2897.0
2018-06-12 02:00:00,2783.0
2018-06-12 03:00:00,2723.0
2018-06-12 04:00:00,2681.0
2018-06-12 05:00:00,2638.0
2018-06-12 06:00:00,2612.0
2018-06-12 07:00:00,2641.0
2018-06-12 08:00:00,2849.0
2018-06-12 09:00:00,2896.0
2018-06-12 10:00:00,2999.0
2018-06-12 11:00:00,3331.0
2018-06-12 12:00:00,3376.0
2018-06-12 13:00:00,3559.0
2018-06-12 14:00:00,3392.0
2018-06-12 15:00:00,3367.0
2018-06-12 16:00:00,3284.0
2018-06-12 17:00:00,3350.0
2018-06-12 18:00:00,3525.0
2018-06-12 19:00:00,3475.0
2018-06-12 20:00:00,3328.0
2018-06-12 21:00:00,3325.0
2018-06-12 22:00:00,3185.0
2018-06-12 23:00:00,3389.0
2018-06-13 00:00:00,3346.0
2018-06-13 01:00:00,3278.0
2018-06-13 02:00:00,3103.0
2018-06-13 03:00:00,3050.0
2018-06-13 04:00:00,2935.0
2018-06-13 05:00:00,2971.0
2018-06-13 06:00:00,2940.0
2018-06-13 07:00:00,2903.0
2018-06-13 08:00:00,3018.0
2018-06-13 09:00:00,3040.0
2018-06-13 10:00:00,3053.0
2018-06-13 11:00:00,3308.0
2018-06-13 12:00:00,3365.0
2018-06-13 13:00:00,3569.0
2018-06-13 14:00:00,3584.0
2018-06-13 15:00:00,3408.0
2018-06-13 16:00:00,3484.0
2018-06-13 17:00:00,3557.0
2018-06-13 18:00:00,3600.0
2018-06-13 19:00:00,3637.0
2018-06-13 20:00:00,3544.0
2018-06-13 21:00:00,3463.0
2018-06-13 22:00:00,3373.0
2018-06-13 23:00:00,3559.0
2018-06-14 00:00:00,3507.0
2018-06-14 01:00:00,3345.0
2018-06-14 02:00:00,3188.0
2018-06-14 03:00:00,3157.0
2018-06-14 04:00:00,3075.0
2018-06-14 05:00:00,2960.0
2018-06-14 06:00:00,2883.0
2018-06-14 07:00:00,2896.0
2018-06-14 08:00:00,3025.0
2018-06-14 09:00:00,3046.0
2018-06-14 10:00:00,2958.0
2018-06-14 11:00:00,2999.0
2018-06-14 12:00:00,3001.0
2018-06-14 13:00:00,3030.0
2018-06-14 14:00:00,2970.0
2018-06-14 15:00:00,2962.0
2018-06-14 16:00:00,2966.0
2018-06-14 17:00:00,3028.0
2018-06-14 18:00:00,3033.0
2018-06-14 19:00:00,3037.0
2018-06-14 20:00:00,2927.0
2018-06-14 21:00:00,2899.0
2018-06-14 22:00:00,2946.0
2018-06-14 23:00:00,3204.0
2018-06-15 00:00:00,3121.0
2018-06-15 01:00:00,3104.0
2018-06-15 02:00:00,3056.0
2018-06-15 03:00:00,2984.0
2018-06-15 04:00:00,2856.0
2018-06-15 05:00:00,2700.0
2018-06-15 06:00:00,2731.0
2018-06-15 07:00:00,2668.0
2018-06-15 08:00:00,2722.0
2018-06-15 09:00:00,2745.0
2018-06-15 10:00:00,2619.0
2018-06-15 11:00:00,2653.0
2018-06-15 12:00:00,2721.0
2018-06-15 13:00:00,2701.0
2018-06-15 14:00:00,2667.0
2018-06-15 15:00:00,2680.0
2018-06-15 16:00:00,2657.0
2018-06-15 17:00:00,2690.0
2018-06-15 18:00:00,2777.0
2018-06-15 19:00:00,2762.0
2018-06-15 20:00:00,2663.0
2018-06-15 21:00:00,2720.0
2018-06-15 22:00:00,2690.0
2018-06-15 23:00:00,2741.0
2018-06-16 00:00:00,2639.0
2018-06-16 01:00:00,2666.0
2018-06-16 02:00:00,2569.0
2018-06-16 03:00:00,2550.0
2018-06-16 04:00:00,2526.0
2018-06-16 05:00:00,2545.0
2018-06-16 06:00:00,2584.0
2018-06-16 07:00:00,2597.0
2018-06-16 08:00:00,2797.0
2018-06-16 09:00:00,2874.0
2018-06-16 10:00:00,2952.0
2018-06-16 11:00:00,3175.0
2018-06-16 12:00:00,3252.0
2018-06-16 13:00:00,3382.0
2018-06-16 14:00:00,3560.0
2018-06-16 15:00:00,3422.0
2018-06-16 16:00:00,3441.0
2018-06-16 17:00:00,3412.0
2018-06-16 18:00:00,3425.0
2018-06-16 19:00:00,3404.0
2018-06-16 20:00:00,3338.0
2018-06-16 21:00:00,3347.0
2018-06-16 22:00:00,3239.0
2018-06-16 23:00:00,3121.0
2018-06-17 00:00:00,3069.0
2018-06-17 01:00:00,3073.0
2018-06-17 02:00:00,3026.0
2018-06-17 03:00:00,2994.0
2018-06-17 04:00:00,2926.0
2018-06-17 05:00:00,2830.0
2018-06-17 06:00:00,2770.0
2018-06-17 07:00:00,2787.0
2018-06-17 08:00:00,2951.0
2018-06-17 09:00:00,3025.0
2018-06-17 10:00:00,3135.0
2018-06-17 11:00:00,3338.0
2018-06-17 12:00:00,3313.0
2018-06-17 13:00:00,3356.0
2018-06-17 14:00:00,3434.0
2018-06-17 15:00:00,3396.0
2018-06-17 16:00:00,3446.0
2018-06-17 17:00:00,3463.0
2018-06-17 18:00:00,3437.0
2018-06-17 19:00:00,3430.0
2018-06-17 20:00:00,3344.0
2018-06-17 21:00:00,3215.0
2018-06-17 22:00:00,3097.0
2018-06-17 23:00:00,3218.0
2018-06-18 00:00:00,3215.0
2018-06-18 01:00:00,3223.0
2018-06-18 02:00:00,3112.0
2018-06-18 03:00:00,3017.0
2018-06-18 04:00:00,2947.0
2018-06-18 05:00:00,2888.0
2018-06-18 06:00:00,2811.0
2018-06-18 07:00:00,2753.0
2018-06-18 08:00:00,2991.0
2018-06-18 09:00:00,3087.0
2018-06-18 10:00:00,3198.0
2018-06-18 11:00:00,3402.0
2018-06-18 12:00:00,3443.0
2018-06-18 13:00:00,3390.0
2018-06-18 14:00:00,3432.0
2018-06-18 15:00:00,3333.0
2018-06-18 16:00:00,3308.0
2018-06-18 17:00:00,3257.0
2018-06-18 18:00:00,3262.0
2018-06-18 19:00:00,3326.0
2018-06-18 20:00:00,3238.0
2018-06-18 21:00:00,3161.0
2018-06-18 22:00:00,3121.0
2018-06-18 23:00:00,3280.0
2018-06-19 00:00:00,3189.0
2018-06-19 01:00:00,3136.0
2018-06-19 02:00:00,3025.0
2018-06-19 03:00:00,2998.0
2018-06-19 04:00:00,2335.0
2018-06-19 05:00:00,2613.0
2018-06-19 06:00:00,2929.0
2018-06-19 07:00:00,3139.0
2018-06-19 08:00:00,1718.0
2018-06-19 09:00:00,3191.0
2018-06-19 10:00:00,3136.0
2018-06-19 11:00:00,3278.0
2018-06-19 12:00:00,3417.0
2018-06-19 13:00:00,3587.0
2018-06-19 14:00:00,3490.0
2018-06-19 15:00:00,3346.0
2018-06-19 16:00:00,3478.0
2018-06-19 17:00:00,3427.0
2018-06-19 18:00:00,3552.0
2018-06-19 19:00:00,3442.0
2018-06-19 20:00:00,3312.0
2018-06-19 21:00:00,3322.0
2018-06-19 22:00:00,3210.0
2018-06-19 23:00:00,3297.0
2018-06-20 00:00:00,3295.0
2018-06-20 01:00:00,3165.0
2018-06-20 02:00:00,2969.0
2018-06-20 03:00:00,2958.0
2018-06-20 04:00:00,2928.0
2018-06-20 05:00:00,2800.0
2018-06-20 06:00:00,2827.0
2018-06-20 07:00:00,2802.0
2018-06-20 08:00:00,2960.0
2018-06-20 09:00:00,2985.0
2018-06-20 10:00:00,3068.0
2018-06-20 11:00:00,3293.0
2018-06-20 12:00:00,3357.0
2018-06-20 13:00:00,3515.0
2018-06-20 14:00:00,3556.0
2018-06-20 15:00:00,3302.0
2018-06-20 16:00:00,3288.0
2018-06-20 17:00:00,3291.0
2018-06-20 18:00:00,3310.0
2018-06-20 19:00:00,3353.0
2018-06-20 20:00:00,3232.0
2018-06-20 21:00:00,3147.0
2018-06-20 22:00:00,3069.0
2018-06-20 23:00:00,3220.0
2018-06-21 00:00:00,3257.0
2018-06-21 01:00:00,3215.0
2018-06-21 02:00:00,2983.0
2018-06-21 03:00:00,2926.0
2018-06-21 04:00:00,2903.0
2018-06-21 05:00:00,2777.0
2018-06-21 06:00:00,2754.0
2018-06-21 07:00:00,2785.0
2018-06-21 08:00:00,2826.0
2018-06-21 09:00:00,2796.0
2018-06-21 10:00:00,2741.0
2018-06-21 11:00:00,2856.0
2018-06-21 12:00:00,2863.0
2018-06-21 13:00:00,2869.0
2018-06-21 14:00:00,2878.0
2018-06-21 15:00:00,2803.0
2018-06-21 16:00:00,2862.0
2018-06-21 17:00:00,2909.0
2018-06-21 18:00:00,2944.0
2018-06-21 19:00:00,2912.0
2018-06-21 20:00:00,2903.0
2018-06-21 21:00:00,3147.0
2018-06-21 22:00:00,3451.0
2018-06-21 23:00:00,3326.0
2018-06-22 00:00:00,3114.0
2018-06-22 01:00:00,2980.0
2018-06-22 02:00:00,2784.0
2018-06-22 03:00:00,2703.0
2018-06-22 04:00:00,2760.0
2018-06-22 05:00:00,2616.0
2018-06-22 06:00:00,2648.0
2018-06-22 07:00:00,2668.0
2018-06-22 08:00:00,2665.0
2018-06-22 09:00:00,2662.0
2018-06-22 10:00:00,2535.0
2018-06-22 11:00:00,2508.0
2018-06-22 12:00:00,2523.0
2018-06-22 13:00:00,2559.0
2018-06-22 14:00:00,2588.0
2018-06-22 15:00:00,2628.0
2018-06-22 16:00:00,2636.0
2018-06-22 17:00:00,2640.0
2018-06-22 18:00:00,2637.0
2018-06-22 19:00:00,2689.0
2018-06-22 20:00:00,2660.0
2018-06-22 21:00:00,2688.0
2018-06-22 22:00:00,2719.0
2018-06-22 23:00:00,2737.0
2018-06-23 00:00:00,2763.0
2018-06-23 01:00:00,2752.0
2018-06-23 02:00:00,2685.0
2018-06-23 03:00:00,2704.0
2018-06-23 04:00:00,2768.0
2018-06-23 05:00:00,2736.0
2018-06-23 06:00:00,2698.0
2018-06-23 07:00:00,2816.0
2018-06-23 08:00:00,2922.0
2018-06-23 09:00:00,2928.0
2018-06-23 10:00:00,3062.0
2018-06-23 11:00:00,3257.0
2018-06-23 12:00:00,3338.0
2018-06-23 13:00:00,3442.0
2018-06-23 14:00:00,3364.0
2018-06-23 15:00:00,3297.0
2018-06-23 16:00:00,3402.0
2018-06-23 17:00:00,3420.0
2018-06-23 18:00:00,3410.0
2018-06-23 19:00:00,3455.0
2018-06-23 20:00:00,3278.0
2018-06-23 21:00:00,3210.0
2018-06-23 22:00:00,3157.0
2018-06-23 23:00:00,3267.0
2018-06-24 00:00:00,3442.0
2018-06-24 01:00:00,3379.0
2018-06-24 02:00:00,2976.0
2018-06-24 03:00:00,3188.0
2018-06-24 04:00:00,3188.0
2018-06-24 05:00:00,3107.0
2018-06-24 06:00:00,3099.0
2018-06-24 07:00:00,3020.0
2018-06-24 08:00:00,2998.0
2018-06-24 09:00:00,3177.0
2018-06-24 10:00:00,3181.0
2018-06-24 11:00:00,3323.0
2018-06-24 12:00:00,3512.0
2018-06-24 13:00:00,3464.0
2018-06-24 14:00:00,3048.0
2018-06-24 15:00:00,3206.0
2018-06-24 16:00:00,2554.0
2018-06-24 17:00:00,2470.0
2018-06-24 18:00:00,3559.0
2018-06-24 19:00:00,2947.0
2018-06-24 20:00:00,3380.0
2018-06-24 21:00:00,3160.0
2018-06-24 22:00:00,2965.0
2018-06-24 23:00:00,2831.0
2018-06-25 00:00:00,2911.0
2018-06-25 01:00:00,2788.0
2018-06-25 02:00:00,2661.0
2018-06-25 03:00:00,2696.0
2018-06-25 04:00:00,2675.0
2018-06-25 05:00:00,2665.0
2018-06-25 06:00:00,2608.0
2018-06-25 07:00:00,2721.0
2018-06-25 08:00:00,2673.0
2018-06-25 09:00:00,2696.0
2018-06-25 10:00:00,2606.0
2018-06-25 11:00:00,2531.0
2018-06-25 12:00:00,2553.0
2018-06-25 13:00:00,2588.0
2018-06-25 14:00:00,2483.0
2018-06-25 15:00:00,2560.0
2018-06-25 16:00:00,2583.0
2018-06-25 17:00:00,2540.0
2018-06-25 18:00:00,2559.0
2018-06-25 19:00:00,2637.0
2018-06-25 20:00:00,2664.0
2018-06-25 21:00:00,2702.0
2018-06-25 22:00:00,2632.0
2018-06-25 23:00:00,2711.0
2018-06-26 00:00:00,2797.0
2018-06-26 01:00:00,2697.0
2018-06-26 02:00:00,2614.0
2018-06-26 03:00:00,2671.0
2018-06-26 04:00:00,2647.0
2018-06-26 05:00:00,2723.0
2018-06-26 06:00:00,2661.0
2018-06-26 07:00:00,2730.0
2018-06-26 08:00:00,2775.0
2018-06-26 09:00:00,2897.0
2018-06-26 10:00:00,2968.0
2018-06-26 11:00:00,3258.0
2018-06-26 12:00:00,3345.0
2018-06-26 13:00:00,3368.0
2018-06-26 14:00:00,3435.0
2018-06-26 15:00:00,3460.0
2018-06-26 16:00:00,3551.0
2018-06-26 17:00:00,3441.0
2018-06-26 18:00:00,3337.0
2018-06-26 19:00:00,3384.0
2018-06-26 20:00:00,3408.0
2018-06-26 21:00:00,3204.0
2018-06-26 22:00:00,3096.0
2018-06-26 23:00:00,3314.0
2018-06-27 00:00:00,3304.0
2018-06-27 01:00:00,3236.0
2018-06-27 02:00:00,3234.0
2018-06-27 03:00:00,3224.7823892872425
2018-06-27 04:00:00,3214.1868167654234
2018-06-27 05:00:00,3203.579425970872
2018-06-27 06:00:00,3192.9626790824423
2018-06-27 07:00:00,3182.339038278989
2018-06-27 08:00:00,3171.7109657393657
2018-06-27 09:00:00,3161.0809236424266
2018-06-27 10:00:00,3150.4513741670257
2018-06-27 11:00:00,3139.824779492017
2018-06-27 12:00:00,3129.2036017962555
2018-06-27 13:00:00,3118.5903032585943
2018-06-27 14:00:00,3107.987346057888
2018-06-27 15:00:00,3097.3971923729905
2018-06-27 16:00:00,3086.822304382756
2018-06-27 17:00:00,3076.2651442660385
2018-06-27 18:00:00,3065.728174201692
2018-06-27 19:00:00,3055.213856368571
2018-06-27 20:00:00,3044.7246529455297
2018-06-27 21:00:00,3034.263026111422
2018-06-27 22:00:00,3023.8314380451015
2018-06-27 23:00:00,3013.432350925423
2018-06-28 00:00:00,3003.0682269312406
2018-06-28 01:00:00,2992.7415282414077
2018-06-28 02:00:00,2982.454717034779
2018-06-28 03:00:00,2972.2102554902085
2018-06-28 04:00:00,2962.0106057865505
2018-06-28 05:00:00,2951.8582301026586
2018-06-28 06:00:00,2941.7555906173875
2018-06-28 07:00:00,2931.7051495095907
2018-06-28 08:00:00,2921.709368958123
2018-06-28 09:00:00,2911.7707111418376
2018-06-28 10:00:00,2901.8916382395896
2018-06-28 11:00:00,2892.0746124302323
2018-06-28 12:00:00,2882.3220958926204
2018-06-28 13:00:00,2872.636550805608
2018-06-28 14:00:00,2863.0204393480485
2018-06-28 15:00:00,2853.4762236987967
2018-06-28 16:00:00,2844.0063660367064
2018-06-28 17:00:00,2834.6133285406318
2018-06-28 18:00:00,2825.299573389427
2018-06-28 19:00:00,2816.067562761946
2018-06-28 20:00:00,2806.9197588370434
2018-06-28 21:00:00,2797.858623793573
2018-06-28 22:00:00,2788.8866198103883
2018-06-28 23:00:00,2780.006209066344
2018-06-29 00:00:00,2771.2198537402946
2018-06-29 01:00:00,2762.5300160110937
2018-06-29 02:00:00,2753.9391580575953
2018-06-29 03:00:00,2745.4497420586536
2018-06-29 04:00:00,2737.064230193123
2018-06-29 05:00:00,2670.0
2018-06-29 06:00:00,2808.0
2018-06-29 07:00:00,2786.0
2018-06-29 08:00:00,2719.0
2018-06-29 09:00:00,2698.0
2018-06-29 10:00:00,2495.0
2018-06-29 11:00:00,2542.0
2018-06-29 12:00:00,2558.0
2018-06-29 13:00:00,2706.0
2018-06-29 14:00:00,2798.0
2018-06-29 15:00:00,2682.0
2018-06-29 16:00:00,2725.0
2018-06-29 17:00:00,2658.0
2018-06-29 18:00:00,2672.0
2018-06-29 19:00:00,2715.0
2018-06-29 20:00:00,2774.0
2018-06-29 21:00:00,2803.0
2018-06-29 22:00:00,2803.9659915181137
2018-06-29 23:00:00,2821.41375489725
2018-06-30 00:00:00,2838.438046692836
2018-06-30 01:00:00,2855.0248798957036
2018-06-30 02:00:00,2871.160267496683
2018-06-30 03:00:00,2886.830222486605
2018-06-30 04:00:00,2902.020757856301
2018-06-30 05:00:00,2916.717886596601
2018-06-30 06:00:00,2930.9076216983367
2018-06-30 07:00:00,2944.575976152338
2018-06-30 08:00:00,2957.7089629494367
2018-06-30 09:00:00,2970.2925950804624
2018-06-30 10:00:00,2982.312885536247
2018-06-30 11:00:00,2993.7558473076206
2018-06-30 12:00:00,3004.6074933854143
2018-06-30 13:00:00,3014.8538367604588
2018-06-30 14:00:00,3024.480890423585
2018-06-30 15:00:00,3033.474667365624
2018-06-30 16:00:00,3041.8211805774063
2018-06-30 17:00:00,3049.5064430497623
2018-06-30 18:00:00,3056.5164677735233
2018-06-30 19:00:00,3062.83726773952
2018-06-30 20:00:00,3068.4548559385835
2018-06-30 21:00:00,3073.3552453615443
2018-06-30 22:00:00,3077.5244489992333
2018-06-30 23:00:00,3080.9484798424814
2018-07-01 00:00:00,3083.6133508821194
2018-07-01 01:00:00,3085.505075108978
2018-07-01 02:00:00,3086.609665513888
2018-07-01 03:00:00,3086.9131350876805
2018-07-01 04:00:00,3086.4014968211854
2018-07-01 05:00:00,3085.0607637052344
2018-07-01 06:00:00,3082.876948730658
2018-07-01 07:00:00,3079.836064888287
2018-07-01 08:00:00,3075.9241251689527
2018-07-01 09:00:00,3071.1271425634854
2018-07-01 10:00:00,3065.4311300627164
2018-07-01 11:00:00,3058.822100657476
2018-07-01 12:00:00,3051.286067338594
2018-07-01 13:00:00,3042.809043096902
2018-07-01 14:00:00,3033.377040923232
2018-07-01 15:00:00,3022.976073808414
2018-07-01 16:00:00,3011.5921547432786
2018-07-01 17:00:00,2999.211296718657
2018-07-01 18:00:00,2985.81951272538
2018-07-01 19:00:00,2971.402815754278
2018-07-01 20:00:00,2955.9472187961824
2018-07-01 21:00:00,2939.438734841923
2018-07-01 22:00:00,2921.863376882332
2018-07-01 23:00:00,2903.2071579082394
2018-07-02 00:00:00,2889.0
2018-07-02 01:00:00,2863.0
2018-07-02 02:00:00,2900.0
2018-07-02 03:00:00,2726.0
2018-07-02 04:00:00,2660.0
2018-07-02 05:00:00,2805.0
2018-07-02 06:00:00,2716.0
2018-07-02 07:00:00,2780.0
2018-07-02 08:00:00,2775.0
2018-07-02 09:00:00,2761.0
2018-07-02 10:00:00,2656.0
2018-07-02 11:00:00,2626.0
2018-07-02 12:00:00,2609.0
2018-07-02 13:00:00,2721.0
2018-07-02 14:00:00,2655.0
2018-07-02 15:00:00,2710.0
2018-07-02 16:00:00,2775.0
2018-07-02 17:00:00,2711.0
2018-07-02 18:00:00,2712.0
2018-07-02 19:00:00,2753.0
2018-07-02 20:00:00,2787.0
2018-07-02 21:00:00,2783.0
2018-07-02 22:00:00,2804.0
2018-07-02 23:00:00,2931.0
2018-07-03 00:00:00,2987.0
2018-07-03 01:00:00,2981.0
2018-07-03 02:00:00,3153.0
2018-07-03 03:00:00,2756.0
2018-07-03 04:00:00,2917.0
2018-07-03 05:00:00,2885.0
2018-07-03 06:00:00,2720.0
2018-07-03 07:00:00,2775.0
2018-07-03 08:00:00,2797.0
2018-07-03 09:00:00,2971.0
2018-07-03 10:00:00,3226.0
2018-07-03 11:00:00,3367.0
2018-07-03 12:00:00,3392.0
2018-07-03 13:00:00,3453.0
2018-07-03 14:00:00,3458.0
2018-07-03 15:00:00,3366.0
2018-07-03 16:00:00,3540.0
2018-07-03 17:00:00,3589.0
2018-07-03 18:00:00,3630.0
2018-07-03 19:00:00,3600.0
2018-07-03 20:00:00,3431.0
2018-07-03 21:00:00,3282.0
2018-07-03 22:00:00,3175.0
2018-07-03 23:00:00,3495.0
2018-07-04 00:00:00,3499.0
2018-07-04 01:00:00,3552.0
2018-07-04 02:00:00,3293.0
2018-07-04 03:00:00,3137.0
2018-07-04 04:00:00,3134.0
2018-07-04 05:00:00,3099.0
2018-07-04 06:00:00,2838.0
2018-07-04 07:00:00,2997.0
2018-07-04 08:00:00,3083.0
2018-07-04 09:00:00,3071.0
2018-07-04 10:00:00,3057.0
2018-07-04 11:00:00,3237.0
2018-07-04 12:00:00,3332.0
2018-07-04 13:00:00,3221.0
2018-07-04 14:00:00,3201.0
2018-07-04 15:00:00,3134.0
2018-07-04 16:00:00,3255.0
2018-07-04 17:00:00,3362.0
2018-07-04 18:00:00,3201.0
2018-07-04 19:00:00,3153.0
2018-07-04 20:00:00,3071.0
2018-07-04 21:00:00,3023.0
2018-07-04 22:00:00,2980.0
2018-07-04 23:00:00,3122.0
2018-07-05 00:00:00,3130.0
2018-07-05 01:00:00,3161.0
2018-07-05 02:00:00,3114.0
2018-07-05 03:00:00,3069.0
2018-07-05 04:00:00,3082.0
2018-07-05 05:00:00,3062.0
2018-07-05 06:00:00,2881.0
2018-07-05 07:00:00,2986.0
2018-07-05 08:00:00,2873.0
2018-07-05 09:00:00,2923.0
2018-07-05 10:00:00,3000.0
2018-07-05 11:00:00,2945.0
2018-07-05 12:00:00,2875.0
2018-07-05 13:00:00,2827.0
2018-07-05 14:00:00,2812.0
2018-07-05 15:00:00,2779.0
2018-07-05 16:00:00,2801.0
2018-07-05 17:00:00,2760.0
2018-07-05 18:00:00,2808.0
2018-07-05 19:00:00,2805.0
2018-07-05 20:00:00,2806.0
2018-07-05 21:00:00,2766.0
2018-07-05 22:00:00,2682.0
2018-07-05 23:00:00,2803.0
2018-07-06 00:00:00,2816.0
2018-07-06 01:00:00,2802.0
2018-07-06 02:00:00,2758.0
2018-07-06 03:00:00,2815.0
2018-07-06 04:00:00,2717.0
2018-07-06 05:00:00,2625.0
2018-07-06 06:00:00,2633.0
2018-07-06 07:00:00,2657.0
2018-07-06 08:00:00,2609.0
2018-07-06 09:00:00,2643.0
2018-07-06 10:00:00,2579.0
2018-07-06 11:00:00,2548.0
2018-07-06 12:00:00,2494.0
2018-07-06 13:00:00,2551.0
2018-07-06 14:00:00,2566.0
2018-07-06 15:00:00,2697.0
2018-07-06 16:00:00,2727.0
2018-07-06 17:00:00,2691.0
2018-07-06 18:00:00,2656.0
2018-07-06 19:00:00,2718.0
2018-07-06 20:00:00,2699.0
2018-07-06 21:00:00,2701.0
2018-07-06 22:00:00,2690.0
2018-07-06 23:00:00,2751.0
2018-07-07 00:00:00,2716.0
2018-07-07 01:00:00,2769.0
2018-07-07 02:00:00,2677.0
2018-07-07 03:00:00,2641.0
2018-07-07 04:00:00,2672.0
2018-07-07 05:00:00,2707.0
2018-07-07 06:00:00,2703.0
2018-07-07 07:00:00,2732.0
2018-07-07 08:00:00,2773.0
2018-07-07 09:00:00,2865.0
2018-07-07 10:00:00,3022.0
2018-07-07 11:00:00,3395.0
2018-07-07 12:00:00,3488.0
2018-07-07 13:00:00,3542.0
2018-07-07 14:00:00,3480.0
2018-07-07 15:00:00,2961.0
2018-07-07 16:00:00,3239.0
2018-07-07 17:00:00,3178.0
2018-07-07 18:00:00,3190.0
2018-07-07 19:00:00,3190.0
2018-07-07 20:00:00,3161.0
2018-07-07 21:00:00,3102.0
2018-07-07 22:00:00,3017.0
2018-07-07 23:00:00,3220.0
2018-07-08 00:00:00,3137.0
2018-07-08 01:00:00,3153.0
2018-07-08 02:00:00,2971.0
2018-07-08 03:00:00,2935.0
2018-07-08 04:00:00,2831.0
2018-07-08 05:00:00,2759.0
2018-07-08 06:00:00,2657.0
2018-07-08 07:00:00,2638.0
2018-07-08 08:00:00,2611.0
2018-07-08 09:00:00,2728.0
2018-07-08 10:00:00,2947.0
2018-07-08 11:00:00,3262.0
2018-07-08 12:00:00,3517.0
2018-07-08 13:00:00,3581.0
2018-07-08 14:00:00,3254.0
2018-07-08 15:00:00,2822.0
2018-07-08 16:00:00,3378.0
2018-07-08 17:00:00,3399.0
2018-07-08 18:00:00,3535.0
2018-07-08 19:00:00,3313.0
2018-07-08 20:00:00,3244.0
2018-07-08 21:00:00,3282.0
2018-07-08 22:00:00,3149.0
2018-07-08 23:00:00,3275.0
2018-07-09 00:00:00,3264.0
2018-07-09 01:00:00,3208.0
2018-07-09 02:00:00,3118.0
2018-07-09 03:00:00,3092.0
2018-07-09 04:00:00,2941.0
2018-07-09 05:00:00,2864.0
2018-07-09 06:00:00,2880.0
2018-07-09 07:00:00,2874.0
2018-07-09 08:00:00,2907.0
2018-07-09 09:00:00,2991.0
2018-07-09 10:00:00,2977.0
2018-07-09 11:00:00,3188.0
2018-07-09 12:00:00,3171.0
2018-07-09 13:00:00,3055.0
2018-07-09 14:00:00,3266.0
2018-07-09 15:00:00,3159.0
2018-07-09 16:00:00,3176.0
2018-07-09 17:00:00,3269.0
2018-07-09 18:00:00,3201.0
2018-07-09 19:00:00,3141.0
2018-07-09 20:00:00,2996.0
2018-07-09 21:00:00,2966.0
2018-07-09 22:00:00,2862.0
2018-07-09 23:00:00,2929.0
2018-07-10 00:00:00,2953.0
2018-07-10 01:00:00,2900.0
2018-07-10 02:00:00,2772.0
2018-07-10 03:00:00,2797.0
2018-07-10 04:00:00,2771.0
2018-07-10 05:00:00,2736.0
2018-07-10 06:00:00,2663.0
2018-07-10 07:00:00,2621.0
2018-07-10 08:00:00,2746.0
2018-07-10 09:00:00,2814.0
2018-07-10 10:00:00,2933.0
2018-07-10 11:00:00,3143.0
2018-07-10 12:00:00,3295.0
2018-07-10 13:00:00,3378.0
2018-07-10 14:00:00,3422.0
2018-07-10 15:00:00,3269.0
2018-07-10 16:00:00,3418.0
2018-07-10 17:00:00,3448.0
2018-07-10 18:00:00,3362.0
2018-07-10 19:00:00,3480.0
2018-07-10 20:00:00,3241.0
2018-07-10 21:00:00,3227.0
2018-07-10 22:00:00,3092.0
2018-07-10 23:00:00,3173.0
2018-07-11 00:00:00,3225.0
2018-07-11 01:00:00,3163.0
2018-07-11 02:00:00,3109.0
2018-07-11 03:00:00,2956.0
2018-07-11 04:00:00,2954.0
2018-07-11 05:00:00,2867.0
2018-07-11 06:00:00,2717.0
2018-07-11 07:00:00,2776.0
2018-07-11 08:00:00,2892.0
2018-07-11 09:00:00,2935.0
2018-07-11 10:00:00,2969.0
2018-07-11 11:00:00,3177.0
2018-07-11 12:00:00,3144.0
2018-07-11 13:00:00,3333.0
2018-07-11 14:00:00,3238.0
2018-07-11 15:00:00,3393.0
2018-07-11 16:00:00,3334.0
2018-07-11 17:00:00,3441.0
2018-07-11 18:00:00,3421.0
2018-07-11 19:00:00,3355.0
2018-07-11 20:00:00,3140.0
2018-07-11 21:00:00,3137.0
2018-07-11 22:00:00,3061.0
2018-07-11 23:00:00,3127.0
2018-07-12 00:00:00,3127.0
2018-07-12 01:00:00,3066.0
2018-07-12 02:00:00,2984.0
2018-07-12 03:00:00,2870.0
2018-07-12 04:00:00,2874.0
2018-07-12 05:00:00,2796.0
2018-07-12 06:00:00,2622.0
2018-07-12 07:00:00,2705.0
2018-07-12 08:00:00,2663.0
2018-07-12 09:00:00,2758.0
2018-07-12 10:00:00,2720.0
2018-07-12 11:00:00,2780.0
2018-07-12 12:00:00,2676.0
2018-07-12 13:00:00,2695.0
2018-07-12 14:00:00,2687.0
2018-07-12 15:00:00,2732.0
2018-07-12 16:00:00,2616.0
2018-07-12 17:00:00,2755.0
2018-07-12 18:00:00,2690.0
2018-07-12 19:00:00,2698.0
2018-07-12 20:00:00,2671.0
2018-07-12 21:00:00,2697.0
2018-07-12 22:00:00,2653.0
2018-07-12 23:00:00,2909.0
2018-07-13 00:00:00,2858.0
2018-07-13 01:00:00,2973.0
2018-07-13 02:00:00,2867.0
2018-07-13 03:00:00,2717.0
2018-07-13 04:00:00,2706.0
2018-07-13 05:00:00,2615.0
2018-07-13 06:00:00,2543.0
2018-07-13 07:00:00,2637.0
2018-07-13 08:00:00,2563.0
2018-07-13 09:00:00,2642.0
2018-07-13 10:00:00,2522.0
2018-07-13 11:00:00,2522.0
2018-07-13 12:00:00,2452.0
2018-07-13 13:00:00,2527.0
2018-07-13 14:00:00,2540.0
2018-07-13 15:00:00,2499.0
2018-07-13 16:00:00,2601.0
2018-07-13 17:00:00,2507.0
2018-07-13 18:00:00,2538.0
2018-07-13 19:00:00,2537.0
2018-07-13 20:00:00,2557.0
2018-07-13 21:00:00,2568.0
2018-07-13 22:00:00,2556.0
2018-07-13 23:00:00,2586.0
2018-07-14 00:00:00,2567.0
2018-07-14 01:00:00,2625.0
2018-07-14 02:00:00,2584.0
2018-07-14 03:00:00,2606.0
2018-07-14 04:00:00,2665.0
2018-07-14 05:00:00,2600.0
2018-07-14 06:00:00,2575.0
2018-07-14 07:00:00,2617.0
2018-07-14 08:00:00,2719.0
2018-07-14 09:00:00,2747.0
2018-07-14 10:00:00,2903.0
2018-07-14 11:00:00,3143.0
2018-07-14 12:00:00,3201.0
2018-07-14 13:00:00,3228.0
2018-07-14 14:00:00,3249.0
2018-07-14 15:00:00,3261.0
2018-07-14 16:00:00,3313.0
2018-07-14 17:00:00,3375.0
2018-07-14 18:00:00,3361.0
2018-07-14 19:00:00,3251.0
2018-07-14 20:00:00,3090.0
2018-07-14 21:00:00,3102.0
2018-07-14 22:00:00,2985.0
2018-07-14 23:00:00,3098.0
2018-07-15 00:00:00,3103.0
2018-07-15 01:00:00,3080.0
2018-07-15 02:00:00,3074.0
2018-07-15 03:00:00,2967.0
2018-07-15 04:00:00,2944.0
2018-07-15 05:00:00,2875.0
2018-07-15 06:00:00,2768.0
2018-07-15 07:00:00,2750.0
2018-07-15 08:00:00,2896.0
2018-07-15 09:00:00,3024.0
2018-07-15 10:00:00,3176.0
2018-07-15 11:00:00,3338.0
2018-07-15 12:00:00,3268.0
2018-07-15 13:00:00,3340.0
2018-07-15 14:00:00,3355.0
2018-07-15 15:00:00,3388.0
2018-07-15 16:00:00,3436.0
2018-07-15 17:00:00,3483.0
2018-07-15 18:00:00,3414.0
2018-07-15 19:00:00,3333.0
2018-07-15 20:00:00,3151.0
2018-07-15 21:00:00,3073.0
2018-07-15 22:00:00,3131.0
2018-07-15 23:00:00,3204.0
2018-07-16 00:00:00,3261.0
2018-07-16 01:00:00,3178.0
2018-07-16 02:00:00,3032.0
2018-07-16 03:00:00,2932.0
2018-07-16 04:00:00,2993.0
2018-07-16 05:00:00,2769.0
2018-07-16 06:00:00,2806.0
2018-07-16 07:00:00,2785.0
2018-07-16 08:00:00,2879.0
2018-07-16 09:00:00,2927.0
2018-07-16 10:00:00,3024.0
2018-07-16 11:00:00,3254.0
2018-07-16 12:00:00,3170.0
2018-07-16 13:00:00,3211.0
2018-07-16 14:00:00,3246.0
2018-07-16 15:00:00,3121.0
2018-07-16 16:00:00,3164.0
2018-07-16 17:00:00,3202.0
2018-07-16 18:00:00,3227.0
2018-07-16 19:00:00,3243.0
2018-07-16 20:00:00,3179.0
2018-07-16 21:00:00,3072.0
2018-07-16 22:00:00,3064.0
2018-07-16 23:00:00,3123.0
2018-07-17 00:00:00,3006.0
2018-07-17 01:00:00,2950.0
2018-07-17 02:00:00,2817.0
2018-07-17 03:00:00,2772.0
2018-07-17 04:00:00,2760.0
2018-07-17 05:00:00,2774.0
2018-07-17 06:00:00,2667.0
2018-07-17 07:00:00,2772.0
2018-07-17 08:00:00,2864.0
2018-07-17 09:00:00,2854.0
2018-07-17 10:00:00,3022.0
2018-07-17 11:00:00,3274.0
2018-07-17 12:00:00,3277.0
2018-07-17 13:00:00,3349.0
2018-07-17 14:00:00,3308.0
2018-07-17 15:00:00,3250.0
2018-07-17 16:00:00,3234.0
2018-07-17 17:00:00,3287.0
2018-07-17 18:00:00,3328.0
2018-07-17 19:00:00,3285.0
2018-07-17 20:00:00,3164.0
2018-07-17 21:00:00,3065.0
2018-07-17 22:00:00,2997.0
2018-07-17 23:00:00,3013.0
2018-07-18 00:00:00,3095.0
2018-07-18 01:00:00,3030.0
2018-07-18 02:00:00,2963.0
2018-07-18 03:00:00,2942.0
2018-07-18 04:00:00,2890.0
2018-07-18 05:00:00,2788.0
2018-07-18 06:00:00,2723.0
2018-07-18 07:00:00,2746.0
2018-07-18 08:00:00,2790.0
2018-07-18 09:00:00,2872.0
2018-07-18 10:00:00,3003.0
2018-07-18 11:00:00,3246.0
2018-07-18 12:00:00,3278.0
2018-07-18 13:00:00,3346.0
2018-07-18 14:00:00,3400.0
2018-07-18 15:00:00,3329.0
2018-07-18 16:00:00,3463.0
2018-07-18 17:00:00,3378.0
2018-07-18 18:00:00,3349.0
2018-07-18 19:00:00,3199.0
2018-07-18 20:00:00,3033.0
2018-07-18 21:00:00,3020.0
2018-07-18 22:00:00,2972.0
2018-07-18 23:00:00,3031.0
2018-07-19 00:00:00,3031.0
2018-07-19 01:00:00,3082.0
2018-07-19 02:00:00,2935.0
2018-07-19 03:00:00,2897.0
2018-07-19 04:00:00,2829.0
2018-07-19 05:00:00,2761.0
2018-07-19 06:00:00,2615.0
2018-07-19 07:00:00,2683.0
2018-07-19 08:00:00,2662.0
2018-07-19 09:00:00,2710.0
2018-07-19 10:00:00,2603.0
2018-07-19 11:00:00,2584.0
2018-07-19 12:00:00,2536.0
2018-07-19 13:00:00,2642.0
2018-07-19 14:00:00,2620.0
2018-07-19 15:00:00,2585.0
2018-07-19 16:00:00,2586.0
2018-07-19 17:00:00,2608.0
2018-07-19 18:00:00,2647.0
2018-07-19 19:00:00,2715.0
2018-07-19 20:00:00,2638.0
2018-07-19 21:00:00,2648.0
2018-07-19 22:00:00,2580.0
2018-07-19 23:00:00,2752.0
2018-07-20 00:00:00,2780.0
2018-07-20 01:00:00,2844.0
2018-07-20 02:00:00,2871.0
2018-07-20 03:00:00,2739.0
2018-07-20 04:00:00,2768.0
2018-07-20 05:00:00,2544.0
2018-07-20 06:00:00,2608.0
2018-07-20 07:00:00,2599.0
2018-07-20 08:00:00,2565.0
2018-07-20 09:00:00,2620.0
2018-07-20 10:00:00,2479.0
2018-07-20 11:00:00,2502.0
2018-07-20 12:00:00,2510.0
2018-07-20 13:00:00,2523.0
2018-07-20 14:00:00,2543.0
2018-07-20 15:00:00,2599.0
2018-07-20 16:00:00,2554.0
2018-07-20 17:00:00,2511.0
2018-07-20 18:00:00,2563.0
2018-07-20 19:00:00,2581.0
2018-07-20 20:00:00,2595.0
2018-07-20 21:00:00,2584.0
2018-07-20 22:00:00,2608.0
2018-07-20 23:00:00,2662.0
2018-07-21 00:00:00,2592.0
2018-07-21 01:00:00,2658.0
2018-07-21 02:00:00,2551.0
2018-07-21 03:00:00,2594.0
2018-07-21 04:00:00,2608.0
2018-07-21 05:00:00,2555.0
2018-07-21 06:00:00,2541.0
2018-07-21 07:00:00,2559.0
2018-07-21 08:00:00,2605.0
2018-07-21 09:00:00,2767.0
2018-07-21 10:00:00,2949.0
2018-07-21 11:00:00,3249.0
2018-07-21 12:00:00,3407.0
2018-07-21 13:00:00,3442.0
2018-07-21 14:00:00,3458.0
2018-07-21 15:00:00,3427.0
2018-07-21 16:00:00,3407.0
2018-07-21 17:00:00,3353.0
2018-07-21 18:00:00,3386.0
2018-07-21 19:00:00,3358.0
2018-07-21 20:00:00,3167.0
2018-07-21 21:00:00,3118.0
2018-07-21 22:00:00,2908.0
2018-07-21 23:00:00,3110.0
2018-07-22 00:00:00,3105.0
2018-07-22 01:00:00,3039.0
2018-07-22 02:00:00,2892.0
2018-07-22 03:00:00,2879.0
2018-07-22 04:00:00,2810.0
2018-07-22 05:00:00,2759.0
2018-07-22 06:00:00,2697.0
2018-07-22 07:00:00,2696.0
2018-07-22 08:00:00,2746.0
2018-07-22 09:00:00,2861.0
2018-07-22 10:00:00,2928.0
2018-07-22 11:00:00,3117.0
2018-07-22 12:00:00,3201.0
2018-07-22 13:00:00,3308.0
2018-07-22 14:00:00,3426.0
2018-07-22 15:00:00,3326.0
2018-07-22 16:00:00,3345.0
2018-07-22 17:00:00,3336.0
2018-07-22 18:00:00,3378.0
2018-07-22 19:00:00,3255.0
2018-07-22 20:00:00,3211.0
2018-07-22 21:00:00,3098.0
2018-07-22 22:00:00,3120.0
2018-07-22 23:00:00,3147.0
2018-07-23 00:00:00,3140.0
2018-07-23 01:00:00,3047.0
2018-07-23 02:00:00,2953.0
2018-07-23 03:00:00,2803.0
2018-07-23 04:00:00,2907.0
2018-07-23 05:00:00,2732.0
2018-07-23 06:00:00,2741.0
2018-07-23 07:00:00,2746.0
2018-07-23 08:00:00,2749.0
2018-07-23 09:00:00,2944.0
2018-07-23 10:00:00,2885.0
2018-07-23 11:00:00,3073.0
2018-07-23 12:00:00,3228.0
2018-07-23 13:00:00,3309.0
2018-07-23 14:00:00,3255.0
2018-07-23 15:00:00,3249.0
2018-07-23 16:00:00,3243.0
2018-07-23 17:00:00,3287.0
2018-07-23 18:00:00,3181.0
2018-07-23 19:00:00,3197.0
2018-07-23 20:00:00,3099.0
2018-07-23 21:00:00,3174.0
2018-07-23 22:00:00,2912.0
2018-07-23 23:00:00,3037.0
2018-07-24 00:00:00,2956.0
2018-07-24 01:00:00,2926.0
2018-07-24 02:00:00,2804.0
2018-07-24 03:00:00,2714.0
2018-07-24 04:00:00,2821.0
2018-07-24 05:00:00,2737.0
2018-07-24 06:00:00,2652.0
2018-07-24 07:00:00,2770.0
2018-07-24 08:00:00,2782.0
2018-07-24 09:00:00,2902.0
2018-07-24 10:00:00,2897.0
2018-07-24 11:00:00,3145.0
2018-07-24 12:00:00,3159.0
2018-07-24 13:00:00,3323.0
2018-07-24 14:00:00,3390.0
2018-07-24 15:00:00,3281.0
2018-07-24 16:00:00,3426.0
2018-07-24 17:00:00,3407.0
2018-07-24 18:00:00,3347.0
2018-07-24 19:00:00,3211.0
2018-07-24 20:00:00,3083.0
2018-07-24 21:00:00,2972.0
2018-07-24 22:00:00,2940.0
2018-07-24 23:00:00,3042.0
2018-07-25 00:00:00,3089.0
2018-07-25 01:00:00,2981.0
2018-07-25 02:00:00,3003.0
2018-07-25 03:00:00,2895.0
2018-07-25 04:00:00,2912.0
2018-07-25 05:00:00,2812.0
2018-07-25 06:00:00,2711.0
2018-07-25 07:00:00,2793.0
2018-07-25 08:00:00,2749.0
2018-07-25 09:00:00,2936.0
2018-07-25 10:00:00,3068.0
2018-07-25 11:00:00,3188.0
2018-07-25 12:00:00,3331.0
2018-07-25 13:00:00,3554.0
2018-07-25 14:00:00,3478.0
2018-07-25 15:00:00,3431.0
2018-07-25 16:00:00,3334.0
2018-07-25 17:00:00,3472.0
2018-07-25 18:00:00,3379.0
2018-07-25 19:00:00,3296.0
2018-07-25 20:00:00,3216.0
2018-07-25 21:00:00,3233.0
2018-07-25 22:00:00,3083.0
2018-07-25 23:00:00,3224.0
2018-07-26 00:00:00,3212.0
2018-07-26 01:00:00,3075.0
2018-07-26 02:00:00,2992.0
2018-07-26 03:00:00,2931.0
2018-07-26 04:00:00,2884.0
2018-07-26 05:00:00,2902.0
2018-07-26 06:00:00,2751.0
2018-07-26 07:00:00,2847.0
2018-07-26 08:00:00,2727.0
2018-07-26 09:00:00,2882.0
2018-07-26 10:00:00,2803.0
2018-07-26 11:00:00,2843.0
2018-07-26 12:00:00,2885.0
2018-07-26 13:00:00,2981.0
2018-07-26 14:00:00,2961.0
2018-07-26 15:00:00,2929.0
2018-07-26 16:00:00,2942.0
2018-07-26 17:00:00,2986.0
2018-07-26 18:00:00,3036.0
2018-07-26 19:00:00,2969.0
2018-07-26 20:00:00,2961.0
2018-07-26 21:00:00,2937.0
2018-07-26 22:00:00,2874.0
2018-07-26 23:00:00,3018.0
2018-07-27 00:00:00,2960.0
2018-07-27 01:00:00,3015.0
2018-07-27 02:00:00,2861.0
2018-07-27 03:00:00,2809.0
2018-07-27 04:00:00,2680.0
2018-07-27 05:00:00,2726.0
2018-07-27 06:00:00,2594.0
2018-07-27 07:00:00,2629.0
2018-07-27 08:00:00,2572.0
2018-07-27 09:00:00,2629.0
2018-07-27 10:00:00,2515.0
2018-07-27 11:00:00,2532.0
2018-07-27 12:00:00,2468.0
2018-07-27 13:00:00,2601.0
2018-07-27 14:00:00,2593.0
2018-07-27 15:00:00,2632.0
2018-07-27 16:00:00,2542.0
2018-07-27 17:00:00,2609.0
2018-07-27 18:00:00,2660.0
2018-07-27 19:00:00,2634.0
2018-07-27 20:00:00,2660.0
2018-07-27 21:00:00,2633.0
2018-07-27 22:00:00,2615.0
2018-07-27 23:00:00,2647.0
2018-07-28 00:00:00,2668.0
2018-07-28 01:00:00,2628.0
2018-07-28 02:00:00,2572.0
2018-07-28 03:00:00,2593.0
2018-07-28 04:00:00,2713.0
2018-07-28 05:00:00,2646.0
2018-07-28 06:00:00,2541.0
2018-07-28 07:00:00,2699.0
2018-07-28 08:00:00,2805.0
2018-07-28 09:00:00,2761.0
2018-07-28 10:00:00,2987.0
2018-07-28 11:00:00,3115.0
2018-07-28 12:00:00,3166.0
2018-07-28 13:00:00,3241.0
2018-07-28 14:00:00,3362.0
2018-07-28 15:00:00,3184.0
2018-07-28 16:00:00,3227.0
2018-07-28 17:00:00,3152.0
2018-07-28 18:00:00,3338.0
2018-07-28 19:00:00,3341.0
2018-07-28 20:00:00,3165.0
2018-07-28 21:00:00,3116.0
2018-07-28 22:00:00,2898.0
2018-07-28 23:00:00,3109.0
2018-07-29 00:00:00,3095.0
2018-07-29 01:00:00,3143.0
2018-07-29 02:00:00,2959.0
2018-07-29 03:00:00,2787.0
2018-07-29 04:00:00,2794.0
2018-07-29 05:00:00,2797.0
2018-07-29 06:00:00,2664.0
2018-07-29 07:00:00,2759.0
2018-07-29 08:00:00,2826.0
2018-07-29 09:00:00,2961.0
2018-07-29 10:00:00,2982.0
2018-07-29 11:00:00,3179.0
2018-07-29 12:00:00,3259.0
2018-07-29 13:00:00,3378.0
2018-07-29 14:00:00,3523.0
2018-07-29 15:00:00,3432.0
2018-07-29 16:00:00,3519.0
2018-07-29 17:00:00,3470.0
2018-07-29 18:00:00,3236.0
2018-07-29 19:00:00,3198.0
2018-07-29 20:00:00,3193.0
2018-07-29 21:00:00,3083.0
2018-07-29 22:00:00,3012.0
2018-07-29 23:00:00,3195.0
2018-07-30 00:00:00,3108.0
2018-07-30 01:00:00,3164.0
2018-07-30 02:00:00,2970.0
2018-07-30 03:00:00,2871.0
2018-07-30 04:00:00,2862.0
2018-07-30 05:00:00,2745.0
2018-07-30 06:00:00,2663.0
2018-07-30 07:00:00,2653.0
2018-07-30 08:00:00,2733.0
2018-07-30 09:00:00,2916.0
2018-07-30 10:00:00,2855.0
2018-07-30 11:00:00,3095.0
2018-07-30 12:00:00,3149.0
2018-07-30 13:00:00,3193.0
2018-07-30 14:00:00,3183.0
2018-07-30 15:00:00,3181.0
2018-07-30 16:00:00,3150.0
2018-07-30 17:00:00,3146.0
2018-07-30 18:00:00,3137.0
2018-07-30 19:00:00,3148.0
2018-07-30 20:00:00,3054.0
2018-07-30 21:00:00,3027.0
2018-07-30 22:00:00,2949.0
2018-07-30 23:00:00,3022.0
2018-07-31 00:00:00,3010.0
2018-07-31 01:00:00,2970.0
2018-07-31 02:00:00,2805.0
2018-07-31 03:00:00,2731.0
2018-07-31 04:00:00,2715.0
2018-07-31 05:00:00,2710.0
2018-07-31 06:00:00,2607.0
2018-07-31 07:00:00,2700.0
2018-07-31 08:00:00,2777.0
2018-07-31 09:00:00,2817.0
2018-07-31 10:00:00,2880.0
2018-07-31 11:00:00,3035.0
2018-07-31 12:00:00,3165.0
2018-07-31 13:00:00,3349.0
2018-07-31 14:00:00,3288.0
2018-07-31 15:00:00,3279.0
2018-07-31 16:00:00,3395.0
2018-07-31 17:00:00,3152.0
2018-07-31 18:00:00,3218.0
2018-07-31 19:00:00,3152.0
2018-07-31 20:00:00,3162.0
2018-07-31 21:00:00,2995.0
2018-07-31 22:00:00,2933.0
2018-07-31 23:00:00,3169.0
2018-08-01 00:00:00,3137.0
2018-08-01 01:00:00,3106.0
2018-08-01 02:00:00,2989.0
2018-08-01 03:00:00,2907.0
2018-08-01 04:00:00,2866.0
2018-08-01 05:00:00,2793.0
2018-08-01 06:00:00,2694.0
2018-08-01 07:00:00,2770.0
2018-08-01 08:00:00,2692.0
2018-08-01 09:00:00,2921.0
2018-08-01 10:00:00,2984.0
2018-08-01 11:00:00,3248.0
2018-08-01 12:00:00,3281.0
2018-08-01 13:00:00,3469.0
2018-08-01 14:00:00,3491.0
2018-08-01 15:00:00,3449.0
2018-08-01 16:00:00,3448.0
2018-08-01 17:00:00,3368.0
2018-08-01 18:00:00,3446.0
2018-08-01 19:00:00,3371.0
2018-08-01 20:00:00,3159.0
2018-08-01 21:00:00,3106.0
2018-08-01 22:00:00,3065.0
2018-08-01 23:00:00,3146.0
2018-08-02 00:00:00,3211.0
2018-08-02 01:00:00,3200.0
2018-08-02 02:00:00,2920.0
2018-08-02 03:00:00,2878.0
2018-08-02 04:00:00,2857.0
2018-08-02 05:00:00,2905.0
2018-08-02 06:00:00,2794.0
2018-08-02 07:00:00,2750.0
2018-08-02 08:00:00,2747.0
2018-08-02 09:00:00,2772.0
2018-08-02 10:00:00,2671.0
2018-08-02 11:00:00,2651.0
2018-08-02 12:00:00,2554.0
2018-08-02 13:00:00,2772.0
2018-08-02 14:00:00,2669.0
2018-08-02 15:00:00,2763.0
2018-08-02 16:00:00,2697.0
2018-08-02 17:00:00,2837.0
2018-08-02 18:00:00,2727.0
2018-08-02 19:00:00,2728.0
2018-08-02 20:00:00,2737.0
2018-08-02 21:00:00,2751.0
2018-08-02 22:00:00,2754.0
2018-08-02 23:00:00,2924.0
2018-08-03 00:00:00,2925.0
2018-08-03 01:00:00,2891.0
2018-08-03 02:00:00,2751.0
2018-08-03 03:00:00,2710.0
2018-08-03 04:00:00,2664.0
2018-08-03 05:00:00,2574.0
2018-08-03 06:00:00,2630.0
2018-08-03 07:00:00,2592.0
2018-08-03 08:00:00,2484.0
2018-08-03 09:00:00,2522.0
2018-08-03 10:00:00,2411.0
2018-08-03 11:00:00,2406.0
2018-08-03 12:00:00,2397.0
2018-08-03 13:00:00,2479.0
2018-08-03 14:00:00,2527.0
2018-08-03 15:00:00,2544.0
2018-08-03 16:00:00,2497.0
2018-08-03 17:00:00,2515.0
2018-08-03 18:00:00,2557.0
2018-08-03 19:00:00,2598.0
2018-08-03 20:00:00,2548.0
2018-08-03 21:00:00,2577.0
2018-08-03 22:00:00,2583.0
2018-08-03 23:00:00,2599.0
2018-08-04 00:00:00,2551.0
2018-08-04 01:00:00,2573.0
2018-08-04 02:00:00,2484.0
2018-08-04 03:00:00,2525.0
2018-08-04 04:00:00,2521.0
2018-08-04 05:00:00,2538.0
2018-08-04 06:00:00,2526.0
2018-08-04 07:00:00,2555.0
2018-08-04 08:00:00,2649.0
2018-08-04 09:00:00,2788.0
2018-08-04 10:00:00,2910.0
2018-08-04 11:00:00,3095.0
2018-08-04 12:00:00,3233.0
2018-08-04 13:00:00,3358.0
2018-08-04 14:00:00,3437.0
2018-08-04 15:00:00,3286.0
2018-08-04 16:00:00,3384.0
2018-08-04 17:00:00,3254.0
2018-08-04 18:00:00,3206.0
2018-08-04 19:00:00,3215.0
2018-08-04 20:00:00,3052.0
2018-08-04 21:00:00,2960.0
2018-08-04 22:00:00,2864.0
2018-08-04 23:00:00,3097.0
2018-08-05 00:00:00,3052.0
2018-08-05 01:00:00,3064.0
2018-08-05 02:00:00,2864.0
2018-08-05 03:00:00,2778.0
2018-08-05 04:00:00,2736.0
2018-08-05 05:00:00,2757.0
2018-08-05 06:00:00,2700.0
2018-08-05 07:00:00,2715.0
2018-08-05 08:00:00,2715.0
2018-08-05 09:00:00,2898.0
2018-08-05 10:00:00,2969.0
2018-08-05 11:00:00,3163.0
2018-08-05 12:00:00,3223.0
2018-08-05 13:00:00,3312.0
2018-08-05 14:00:00,3359.0
2018-08-05 15:00:00,3289.0
2018-08-05 16:00:00,3167.0
2018-08-05 17:00:00,3213.0
2018-08-05 18:00:00,3051.0
2018-08-05 19:00:00,3097.0
2018-08-05 20:00:00,2993.0
2018-08-05 21:00:00,2900.0
2018-08-05 22:00:00,2893.0
2018-08-05 23:00:00,3147.0
2018-08-06 00:00:00,3185.0
2018-08-06 01:00:00,3099.0
2018-08-06 02:00:00,2972.0
2018-08-06 03:00:00,2904.0
2018-08-06 04:00:00,2865.0
2018-08-06 05:00:00,2817.0
2018-08-06 06:00:00,2690.0
2018-08-06 07:00:00,2665.0
2018-08-06 08:00:00,2725.0
2018-08-06 09:00:00,2788.0
2018-08-06 10:00:00,2791.0
2018-08-06 11:00:00,3064.0
2018-08-06 12:00:00,3062.0
2018-08-06 13:00:00,3203.0
2018-08-06 14:00:00,3225.0
2018-08-06 15:00:00,3185.0
2018-08-06 16:00:00,3183.0
2018-08-06 17:00:00,3226.0
2018-08-06 18:00:00,3144.0
2018-08-06 19:00:00,3097.0
2018-08-06 20:00:00,3050.0
2018-08-06 21:00:00,3016.0
2018-08-06 22:00:00,2868.0
2018-08-06 23:00:00,3118.0
2018-08-07 00:00:00,3041.0
2018-08-07 01:00:00,3016.0
2018-08-07 02:00:00,2894.0
2018-08-07 03:00:00,2902.0
2018-08-07 04:00:00,2972.0
2018-08-07 05:00:00,2919.0
2018-08-07 06:00:00,2825.0
2018-08-07 07:00:00,2882.0
2018-08-07 08:00:00,2909.0
2018-08-07 09:00:00,3053.0
2018-08-07 10:00:00,3210.0
2018-08-07 11:00:00,3388.0
2018-08-07 12:00:00,3427.0
2018-08-07 13:00:00,3469.0
2018-08-07 14:00:00,3492.0
2018-08-07 15:00:00,3237.0
2018-08-07 16:00:00,3362.0
2018-08-07 17:00:00,3448.0
2018-08-07 18:00:00,3439.0
2018-08-07 19:00:00,3378.0
2018-08-07 20:00:00,3117.0
2018-08-07 21:00:00,3049.0
2018-08-07 22:00:00,3017.0
2018-08-07 23:00:00,3088.0
2018-08-08 00:00:00,3146.0
2018-08-08 01:00:00,3129.0
2018-08-08 02:00:00,2932.0
2018-08-08 03:00:00,2904.0
2018-08-08 04:00:00,2906.0
2018-08-08 05:00:00,2779.0
2018-08-08 06:00:00,2807.0
2018-08-08 07:00:00,2721.0
2018-08-08 08:00:00,2758.0
2018-08-08 09:00:00,2878.0
2018-08-08 10:00:00,3040.0
2018-08-08 11:00:00,3175.0
2018-08-08 12:00:00,3205.0
2018-08-08 13:00:00,3215.0
2018-08-08 14:00:00,3496.0
2018-08-08 15:00:00,3401.0
2018-08-08 16:00:00,3403.0
2018-08-08 17:00:00,3403.0
2018-08-08 18:00:00,3284.0
2018-08-08 19:00:00,3299.0
2018-08-08 20:00:00,3199.0
2018-08-08 21:00:00,3035.0
2018-08-08 22:00:00,2919.0
2018-08-08 23:00:00,3185.0
2018-08-09 00:00:00,3095.0
2018-08-09 01:00:00,3049.0
2018-08-09 02:00:00,2951.0
2018-08-09 03:00:00,2856.0
2018-08-09 04:00:00,2890.0
2018-08-09 05:00:00,2908.0
2018-08-09 06:00:00,2867.0
2018-08-09 07:00:00,2869.0
2018-08-09 08:00:00,2785.0
2018-08-09 09:00:00,2858.0
2018-08-09 10:00:00,2782.0
2018-08-09 11:00:00,2770.0
2018-08-09 12:00:00,2727.0
2018-08-09 13:00:00,2794.0
2018-08-09 14:00:00,2840.0
2018-08-09 15:00:00,2829.0
2018-08-09 16:00:00,2783.0
2018-08-09 17:00:00,2849.0
2018-08-09 18:00:00,2853.0
2018-08-09 19:00:00,2739.0
2018-08-09 20:00:00,2707.0
2018-08-09 21:00:00,2825.0
2018-08-09 22:00:00,2711.0
2018-08-09 23:00:00,2966.0
2018-08-10 00:00:00,2969.0
2018-08-10 01:00:00,2990.0
2018-08-10 02:00:00,2792.0
2018-08-10 03:00:00,2712.0
2018-08-10 04:00:00,2703.0
2018-08-10 05:00:00,2481.0
2018-08-10 06:00:00,2546.0
2018-08-10 07:00:00,2596.0
2018-08-10 08:00:00,2561.0
2018-08-10 09:00:00,2522.0
2018-08-10 10:00:00,2493.0
2018-08-10 11:00:00,2491.0
2018-08-10 12:00:00,2503.0
2018-08-10 13:00:00,2522.0
2018-08-10 14:00:00,2575.0
2018-08-10 15:00:00,2642.0
2018-08-10 16:00:00,2200.0
2018-08-10 17:00:00,2454.0
2018-08-10 18:00:00,3078.0
2018-08-10 19:00:00,2902.0
2018-08-10 20:00:00,2975.0
2018-08-10 21:00:00,2816.0
2018-08-10 22:00:00,2789.0
2018-08-10 23:00:00,2925.0
2018-08-11 00:00:00,2678.0
2018-08-11 01:00:00,2455.0
2018-08-11 02:00:00,2535.0
2018-08-11 03:00:00,2505.0
2018-08-11 04:00:00,2430.0
2018-08-11 05:00:00,2432.0
2018-08-11 06:00:00,2436.0
2018-08-11 07:00:00,2391.0
2018-08-11 08:00:00,2597.0
2018-08-11 09:00:00,2622.0
2018-08-11 10:00:00,2839.0
2018-08-11 11:00:00,3109.0
2018-08-11 12:00:00,3334.0
2018-08-11 13:00:00,3378.0
2018-08-11 14:00:00,3357.0
2018-08-11 15:00:00,3213.0
2018-08-11 16:00:00,3362.0
2018-08-11 17:00:00,3411.0
2018-08-11 18:00:00,3355.0
2018-08-11 19:00:00,3266.0
2018-08-11 20:00:00,3121.0
2018-08-11 21:00:00,3187.0
2018-08-11 22:00:00,3017.0
2018-08-11 23:00:00,3297.0
2018-08-12 00:00:00,3246.0
2018-08-12 01:00:00,3135.0
2018-08-12 02:00:00,2923.0
2018-08-12 03:00:00,2770.0
2018-08-12 04:00:00,2816.0
2018-08-12 05:00:00,2747.0
2018-08-12 06:00:00,2694.0
2018-08-12 07:00:00,2674.0
2018-08-12 08:00:00,2757.0
2018-08-12 09:00:00,2882.0
2018-08-12 10:00:00,3030.0
2018-08-12 11:00:00,3239.0
2018-08-12 12:00:00,3334.0
2018-08-12 13:00:00,3537.0
2018-08-12 14:00:00,3482.0
2018-08-12 15:00:00,3369.0
2018-08-12 16:00:00,3428.0
2018-08-12 17:00:00,3548.0
2018-08-12 18:00:00,3244.0
2018-08-12 19:00:00,3315.0
2018-08-12 20:00:00,3144.0
2018-08-12 21:00:00,3105.0
2018-08-12 22:00:00,2932.0
2018-08-12 23:00:00,3081.0
2018-08-13 00:00:00,3066.0
2018-08-13 01:00:00,3029.0
2018-08-13 02:00:00,2925.0
2018-08-13 03:00:00,2901.0
2018-08-13 04:00:00,2864.0
2018-08-13 05:00:00,2808.0
2018-08-13 06:00:00,2678.0
2018-08-13 07:00:00,2739.0
2018-08-13 08:00:00,2823.0
2018-08-13 09:00:00,2874.0
2018-08-13 10:00:00,2868.0
2018-08-13 11:00:00,3115.0
2018-08-13 12:00:00,3205.0
2018-08-13 13:00:00,3225.0
2018-08-13 14:00:00,3289.0
2018-08-13 15:00:00,3144.0
2018-08-13 16:00:00,3266.0
2018-08-13 17:00:00,3730.0
2018-08-13 18:00:00,3613.0
2018-08-13 19:00:00,3364.0
2018-08-13 20:00:00,3255.0
2018-08-13 21:00:00,2994.0
2018-08-13 22:00:00,3071.0
2018-08-13 23:00:00,3142.0
2018-08-14 00:00:00,3153.0
2018-08-14 01:00:00,2994.0
2018-08-14 02:00:00,2843.0
2018-08-14 03:00:00,2813.0
2018-08-14 04:00:00,2920.0
2018-08-14 05:00:00,2894.0
2018-08-14 06:00:00,2830.0
2018-08-14 07:00:00,2780.0
2018-08-14 08:00:00,2901.0
2018-08-14 09:00:00,3020.0
2018-08-14 10:00:00,3090.0
2018-08-14 11:00:00,3303.0
2018-08-14 12:00:00,3476.0
2018-08-14 13:00:00,3552.0
2018-08-14 14:00:00,3537.0
2018-08-14 15:00:00,3387.0
2018-08-14 16:00:00,3494.0
2018-08-14 17:00:00,3511.0
2018-08-14 18:00:00,3463.0
2018-08-14 19:00:00,3386.0
2018-08-14 20:00:00,3291.0
2018-08-14 21:00:00,3201.0
2018-08-14 22:00:00,3135.0
2018-08-14 23:00:00,3111.0
2018-08-15 00:00:00,3216.0
2018-08-15 01:00:00,3096.0
2018-08-15 02:00:00,3085.0
2018-08-15 03:00:00,2976.0
2018-08-15 04:00:00,2911.0
2018-08-15 05:00:00,2847.0
2018-08-15 06:00:00,2827.0
2018-08-15 07:00:00,2898.0
2018-08-15 08:00:00,2809.0
2018-08-15 09:00:00,2967.0
2018-08-15 10:00:00,3148.0
2018-08-15 11:00:00,3284.0
2018-08-15 12:00:00,3315.0
2018-08-15 13:00:00,3461.0
2018-08-15 14:00:00,3548.0
2018-08-15 15:00:00,3501.0
2018-08-15 16:00:00,3429.0
2018-08-15 17:00:00,3516.0
2018-08-15 18:00:00,3367.0
2018-08-15 19:00:00,3270.0
2018-08-15 20:00:00,3145.0
2018-08-15 21:00:00,2986.0
2018-08-15 22:00:00,2924.0
2018-08-15 23:00:00,3099.0
2018-08-16 00:00:00,3046.0
2018-08-16 01:00:00,3070.0
2018-08-16 02:00:00,2928.0
2018-08-16 03:00:00,2837.0
2018-08-16 04:00:00,2782.0
2018-08-16 05:00:00,2763.0
2018-08-16 06:00:00,2760.0
2018-08-16 07:00:00,2754.0
2018-08-16 08:00:00,2764.0
2018-08-16 09:00:00,2759.0
2018-08-16 10:00:00,2815.0
2018-08-16 11:00:00,2831.0
2018-08-16 12:00:00,2757.0
2018-08-16 13:00:00,2826.0
2018-08-16 14:00:00,2935.0
2018-08-16 15:00:00,2826.0
2018-08-16 16:00:00,2956.0
2018-08-16 17:00:00,2822.0
2018-08-16 18:00:00,2826.0
2018-08-16 19:00:00,2746.0
2018-08-16 20:00:00,2742.0
2018-08-16 21:00:00,2729.0
2018-08-16 22:00:00,2772.0
2018-08-16 23:00:00,3016.0
2018-08-17 00:00:00,3028.0
2018-08-17 01:00:00,2967.0
2018-08-17 02:00:00,2715.0
2018-08-17 03:00:00,2671.0
2018-08-17 04:00:00,2713.0
2018-08-17 05:00:00,2546.0
2018-08-17 06:00:00,2452.0
2018-08-17 07:00:00,2578.0
2018-08-17 08:00:00,2586.0
2018-08-17 09:00:00,2539.0
2018-08-17 10:00:00,2602.0
2018-08-17 11:00:00,2476.0
2018-08-17 12:00:00,2533.0
2018-08-17 13:00:00,2561.0
2018-08-17 14:00:00,2576.0
2018-08-17 15:00:00,2556.0
2018-08-17 16:00:00,2654.0
2018-08-17 17:00:00,2666.0
2018-08-17 18:00:00,2639.0
2018-08-17 19:00:00,2619.0
2018-08-17 20:00:00,2621.0
2018-08-17 21:00:00,2601.0
2018-08-17 22:00:00,2606.0
2018-08-17 23:00:00,2680.0
2018-08-18 00:00:00,2634.0
2018-08-18 01:00:00,2558.0
2018-08-18 02:00:00,2505.0
2018-08-18 03:00:00,2446.0
2018-08-18 04:00:00,2535.0
2018-08-18 05:00:00,2502.0
2018-08-18 06:00:00,2522.0
2018-08-18 07:00:00,2520.0
2018-08-18 08:00:00,2669.0
2018-08-18 09:00:00,2760.0
2018-08-18 10:00:00,2890.0
2018-08-18 11:00:00,3134.0
2018-08-18 12:00:00,3303.0
2018-08-18 13:00:00,3442.0
2018-08-18 14:00:00,3508.0
2018-08-18 15:00:00,3508.0
2018-08-18 16:00:00,3498.0
2018-08-18 17:00:00,3592.0
2018-08-18 18:00:00,3506.0
2018-08-18 19:00:00,3284.0
2018-08-18 20:00:00,3187.0
2018-08-18 21:00:00,3163.0
2018-08-18 22:00:00,3063.0
2018-08-18 23:00:00,3143.0
2018-08-19 00:00:00,3230.0
2018-08-19 01:00:00,3162.0
2018-08-19 02:00:00,3083.0
2018-08-19 03:00:00,2966.0
2018-08-19 04:00:00,2971.0
2018-08-19 05:00:00,2830.0
2018-08-19 06:00:00,2829.0
2018-08-19 07:00:00,2833.0
2018-08-19 08:00:00,2903.0
2018-08-19 09:00:00,2975.0
2018-08-19 10:00:00,3122.0
2018-08-19 11:00:00,3173.0
2018-08-19 12:00:00,3201.0
2018-08-19 13:00:00,3371.0
2018-08-19 14:00:00,3375.0
2018-08-19 15:00:00,3238.0
2018-08-19 16:00:00,3319.0
2018-08-19 17:00:00,3339.0
2018-08-19 18:00:00,3272.0
2018-08-19 19:00:00,3197.0
2018-08-19 20:00:00,3117.0
2018-08-19 21:00:00,3122.0
2018-08-19 22:00:00,3023.0
2018-08-19 23:00:00,3279.0
2018-08-20 00:00:00,3183.0
2018-08-20 01:00:00,3191.0
2018-08-20 02:00:00,3031.0
2018-08-20 03:00:00,2973.0
2018-08-20 04:00:00,2921.0
2018-08-20 05:00:00,2866.0
2018-08-20 06:00:00,2784.0
2018-08-20 07:00:00,2823.0
2018-08-20 08:00:00,2850.0
2018-08-20 09:00:00,2874.0
2018-08-20 10:00:00,2984.0
2018-08-20 11:00:00,3163.0
2018-08-20 12:00:00,3255.0
2018-08-20 13:00:00,3365.0
2018-08-20 14:00:00,3408.0
2018-08-20 15:00:00,3348.0
2018-08-20 16:00:00,3384.0
2018-08-20 17:00:00,3391.0
2018-08-20 18:00:00,3466.0
2018-08-20 19:00:00,3431.0
2018-08-20 20:00:00,3183.0
2018-08-20 21:00:00,3138.0
2018-08-20 22:00:00,3115.0
2018-08-20 23:00:00,3271.0
2018-08-21 00:00:00,3212.0
2018-08-21 01:00:00,3123.0
2018-08-21 02:00:00,2959.0
2018-08-21 03:00:00,2982.0
2018-08-21 04:00:00,2966.0
2018-08-21 05:00:00,2893.0
2018-08-21 06:00:00,2801.0
2018-08-21 07:00:00,2935.0
2018-08-21 08:00:00,2928.0
2018-08-21 09:00:00,3104.0
2018-08-21 10:00:00,3138.0
2018-08-21 11:00:00,3278.0
2018-08-21 12:00:00,3366.0
2018-08-21 13:00:00,3386.0
2018-08-21 14:00:00,3426.0
2018-08-21 15:00:00,3267.0
2018-08-21 16:00:00,3291.0
2018-08-21 17:00:00,3327.0
2018-08-21 18:00:00,3341.0
2018-08-21 19:00:00,3332.0
2018-08-21 20:00:00,3254.0
2018-08-21 21:00:00,3177.0
2018-08-21 22:00:00,3139.0
2018-08-21 23:00:00,3254.0
2018-08-22 00:00:00,3181.0
2018-08-22 01:00:00,3228.0
2018-08-22 02:00:00,3125.0
2018-08-22 03:00:00,3060.0
2018-08-22 04:00:00,3009.0
2018-08-22 05:00:00,2906.0
2018-08-22 06:00:00,2827.0
2018-08-22 07:00:00,2909.0
2018-08-22 08:00:00,2979.0
2018-08-22 09:00:00,3024.0
2018-08-22 10:00:00,3160.0
2018-08-22 11:00:00,3277.0
2018-08-22 12:00:00,3422.0
2018-08-22 13:00:00,3405.0
2018-08-22 14:00:00,3391.0
2018-08-22 15:00:00,3267.0
2018-08-22 16:00:00,3348.6174782645735
2018-08-22 17:00:00,3356.08114505826
2018-08-22 18:00:00,3360.9936304014177
2018-08-22 19:00:00,3363.46192235452
2018-08-22 20:00:00,3363.593008978041
2018-08-22 21:00:00,3361.4938783324537
2018-08-22 22:00:00,3357.271518478232
2018-08-22 23:00:00,3351.032917475849
2018-08-23 00:00:00,3342.8850633857787
2018-08-23 01:00:00,3332.9349442684947
2018-08-23 02:00:00,3321.2895481844707
2018-08-23 03:00:00,3308.0558631941803
2018-08-23 04:00:00,3293.340877358097
2018-08-23 05:00:00,3277.251578736694
2018-08-23 06:00:00,3259.894955390445
2018-08-23 07:00:00,3241.3779953798244
2018-08-23 08:00:00,3221.8076867653053
2018-08-23 09:00:00,3201.291017607361
2018-08-23 10:00:00,3179.9349759664656
2018-08-23 11:00:00,3157.8465499030917
2018-08-23 12:00:00,3135.132727477714
2018-08-23 13:00:00,3111.9004967508063
2018-08-23 14:00:00,3088.2568457828424
2018-08-23 15:00:00,3064.308762634294
2018-08-23 16:00:00,3040.163235365636
2018-08-23 17:00:00,3015.9272520373415
2018-08-23 18:00:00,2991.7078007098844
2018-08-23 19:00:00,2967.611869443739
2018-08-23 20:00:00,2943.7464462993776
2018-08-23 21:00:00,2920.2185193372743
2018-08-23 22:00:00,2897.135076617903
2018-08-23 23:00:00,2874.603106201738
2018-08-24 00:00:00,2852.729596149252
2018-08-24 01:00:00,2831.6215345209175
2018-08-24 02:00:00,2811.385909377209
2018-08-24 03:00:00,2792.1297087786024
2018-08-24 04:00:00,2773.95992078557
2018-08-24 05:00:00,2756.983533458584
2018-08-24 06:00:00,2741.3075348581174
2018-08-24 07:00:00,2727.0389130446465
2018-08-24 08:00:00,2714.2846560786415
2018-08-24 09:00:00,2703.151752020579
2018-08-24 10:00:00,2693.74718893093
2018-08-24 11:00:00,2686.1779548701734
2018-08-24 12:00:00,2680.5510378987765
2018-08-24 13:00:00,2676.9734260772148
2018-08-24 14:00:00,2675.5521074659646
2018-08-24 15:00:00,2676.394070125498
2018-08-24 16:00:00,2679.6063021162886
2018-08-24 17:00:00,2685.295791498809
2018-08-24 18:00:00,2680.0
2018-08-24 19:00:00,2716.0
2018-08-24 20:00:00,2719.0
2018-08-24 21:00:00,2756.0
2018-08-24 22:00:00,2777.0
2018-08-24 23:00:00,2814.0
2018-08-25 00:00:00,2817.5777292834427
2018-08-25 01:00:00,2834.0191068858894
2018-08-25 02:00:00,2850.032632024436
2018-08-25 03:00:00,2865.6075807582483
2018-08-25 04:00:00,2880.733229146491
2018-08-25 05:00:00,2895.398853248329
2018-08-25 06:00:00,2909.5937291229275
2018-08-25 07:00:00,2923.307132829452
2018-08-25 08:00:00,2936.5283404270667
2018-08-25 09:00:00,2949.246627974938
2018-08-25 10:00:00,2961.4512715322303
2018-08-25 11:00:00,2973.131547158109
2018-08-25 12:00:00,2984.276730911739
2018-08-25 13:00:00,2994.8760988522854
2018-08-25 14:00:00,3004.9189270389134
2018-08-25 15:00:00,3014.3944915307884
2018-08-25 16:00:00,3023.2920683870752
2018-08-25 17:00:00,3031.6009336669395
2018-08-25 18:00:00,3039.3103634295458
2018-08-25 19:00:00,3046.4096337340593
2018-08-25 20:00:00,3052.888020639645
2018-08-25 21:00:00,3058.734800205469
2018-08-25 22:00:00,3063.9392484906957
2018-08-25 23:00:00,3068.49064155449
2018-08-26 00:00:00,3072.3782554560175
2018-08-26 01:00:00,3075.591366254443
2018-08-26 02:00:00,3078.119250008932
2018-08-26 03:00:00,3079.9511827786496
2018-08-26 04:00:00,3081.0764406227604
2018-08-26 05:00:00,3081.48429960043
2018-08-26 06:00:00,3081.1640357708234
2018-08-26 07:00:00,3080.1049251931054
2018-08-26 08:00:00,3078.296243926442
2018-08-26 09:00:00,3075.7272680299975
2018-08-26 10:00:00,3072.3872735629375
2018-08-26 11:00:00,3068.265536584427
2018-08-26 12:00:00,3063.3513331536315
2018-08-26 13:00:00,3057.6339393297153
2018-08-26 14:00:00,3051.102631171844
2018-08-26 15:00:00,3043.7466847391834
2018-08-26 16:00:00,3035.555376090898
2018-08-26 17:00:00,3026.5179812861516
2018-08-26 18:00:00,3016.6237763841104
2018-08-26 19:00:00,3005.8620374439406
2018-08-26 20:00:00,2994.2220405248054
2018-08-26 21:00:00,2981.6930616858726
2018-08-26 22:00:00,2968.264376986305
2018-08-26 23:00:00,2953.925262485269
2018-08-27 00:00:00,2938.664994241929
2018-08-27 01:00:00,2922.4728483154504
2018-08-27 02:00:00,2986.0
2018-08-27 03:00:00,2828.0
2018-08-27 04:00:00,2797.0
2018-08-27 05:00:00,2764.0
2018-08-27 06:00:00,2683.0
2018-08-27 07:00:00,2669.0
2018-08-27 08:00:00,2783.0
2018-08-27 09:00:00,2868.0
2018-08-27 10:00:00,2967.0
2018-08-27 11:00:00,3066.0
2018-08-27 12:00:00,3160.0
2018-08-27 13:00:00,3150.0
2018-08-27 14:00:00,3176.0
2018-08-27 15:00:00,3053.0
2018-08-27 16:00:00,3068.0
2018-08-27 17:00:00,3268.0
2018-08-27 18:00:00,3259.0
2018-08-27 19:00:00,3188.0
2018-08-27 20:00:00,3116.0
2018-08-27 21:00:00,3042.0
2018-08-27 22:00:00,3019.0
2018-08-27 23:00:00,3108.0
2018-08-28 00:00:00,3086.0
2018-08-28 01:00:00,2941.0
2018-08-28 02:00:00,2819.0
2018-08-28 03:00:00,2791.0
2018-08-28 04:00:00,2820.0
2018-08-28 05:00:00,2732.0
2018-08-28 06:00:00,2752.0
2018-08-28 07:00:00,2787.0
2018-08-28 08:00:00,2852.0
2018-08-28 09:00:00,3053.0
2018-08-28 10:00:00,3155.0
2018-08-28 11:00:00,3194.0
2018-08-28 12:00:00,3320.0
2018-08-28 13:00:00,3438.0
2018-08-28 14:00:00,3654.0
2018-08-28 15:00:00,3419.0
2018-08-28 16:00:00,3376.0
2018-08-28 17:00:00,3532.0
2018-08-28 18:00:00,3421.0
2018-08-28 19:00:00,3486.0
2018-08-28 20:00:00,3241.0
2018-08-28 21:00:00,3179.0
2018-08-28 22:00:00,3215.0
2018-08-28 23:00:00,3344.0
2018-08-29 00:00:00,3323.0
2018-08-29 01:00:00,3223.0
2018-08-29 02:00:00,3076.0
2018-08-29 03:00:00,2983.0
2018-08-29 04:00:00,2999.0
2018-08-29 05:00:00,2928.0
2018-08-29 06:00:00,2822.0
2018-08-29 07:00:00,2834.0
2018-08-29 08:00:00,2824.0
2018-08-29 09:00:00,2968.0
2018-08-29 10:00:00,3158.0
2018-08-29 11:00:00,3184.0
2018-08-29 12:00:00,3349.0
2018-08-29 13:00:00,3361.0
2018-08-29 14:00:00,3500.0
2018-08-29 15:00:00,3422.0
2018-08-29 16:00:00,3447.0
2018-08-29 17:00:00,3442.0
2018-08-29 18:00:00,3405.0
2018-08-29 19:00:00,3312.0
2018-08-29 20:00:00,3117.0
2018-08-29 21:00:00,3164.0
2018-08-29 22:00:00,3007.0
2018-08-29 23:00:00,3206.0
2018-08-30 00:00:00,3086.0
2018-08-30 01:00:00,3098.0
2018-08-30 02:00:00,2947.0
2018-08-30 03:00:00,2881.0
2018-08-30 04:00:00,2855.0
2018-08-30 05:00:00,2823.0
2018-08-30 06:00:00,2672.0
2018-08-30 07:00:00,2722.0
2018-08-30 08:00:00,2757.0
2018-08-30 09:00:00,2911.0
2018-08-30 10:00:00,2837.0
2018-08-30 11:00:00,2862.0
2018-08-30 12:00:00,2848.0
2018-08-30 13:00:00,2802.0
2018-08-30 14:00:00,2886.0
2018-08-30 15:00:00,2841.0
2018-08-30 16:00:00,2860.454999790996
2018-08-30 17:00:00,2868.232483075778
2018-08-30 18:00:00,2876.8126659137074
2018-08-30 19:00:00,2886.142340179604
2018-08-30 20:00:00,2896.1682977482874
2018-08-30 21:00:00,2906.8373304945767
2018-08-30 22:00:00,2918.096230293291
2018-08-30 23:00:00,2929.891789019249
2018-08-31 00:00:00,2942.1707985472704
2018-08-31 01:00:00,2954.880050752174
2018-08-31 02:00:00,2967.9663375087794
2018-08-31 03:00:00,2981.3764506919056
2018-08-31 04:00:00,2995.0571821763715
2018-08-31 05:00:00,3008.9553238369967
2018-08-31 06:00:00,3023.0176675486005
2018-08-31 07:00:00,3037.191005186002
2018-08-31 08:00:00,3051.42212862402
2018-08-31 09:00:00,3065.657829737474
2018-08-31 10:00:00,3079.844900401183
2018-08-31 11:00:00,3093.9301324899666
2018-08-31 12:00:00,3107.8603178786434
2018-08-31 13:00:00,3121.582248442033
2018-08-31 14:00:00,3135.042716054954
2018-08-31 15:00:00,3148.1885125922263
2018-08-31 16:00:00,3160.966429928669
2018-08-31 17:00:00,3173.3232599391013
2018-08-31 18:00:00,3185.205794498342
2018-08-31 19:00:00,3196.5608254812105
2018-08-31 20:00:00,3207.335144762526
2018-08-31 21:00:00,3217.4755442171077
2018-08-31 22:00:00,3226.928815719775
2018-08-31 23:00:00,3235.641751145346
2018-09-01 00:00:00,3243.5611423686414
2018-09-01 01:00:00,3250.6337812644797
2018-09-01 02:00:00,3256.80645970768
2018-09-01 03:00:00,3262.025969573061
2018-09-01 04:00:00,3266.2391027354424
2018-09-01 05:00:00,3269.3926510696438
2018-09-01 06:00:00,3271.4334064504847
2018-09-01 07:00:00,3272.3081607527824
2018-09-01 08:00:00,3271.963705851358
2018-09-01 09:00:00,3270.34683362103
2018-09-01 10:00:00,3267.404335936618
2018-09-01 11:00:00,3263.0830046729393
2018-09-01 12:00:00,3257.3296317048157
2018-09-01 13:00:00,3250.0910089070653
2018-09-01 14:00:00,3241.3139281545064
2018-09-01 15:00:00,3230.94518132196
2018-09-01 16:00:00,3218.9315602842426
2018-09-01 17:00:00,3205.219856916175
2018-09-01 18:00:00,3235.0
2018-09-01 19:00:00,3133.0
2018-09-01 20:00:00,3068.0
2018-09-01 21:00:00,3082.0
2018-09-01 22:00:00,3142.0
2018-09-01 23:00:00,3176.0
2018-09-02 00:00:00,3134.0
2018-09-02 01:00:00,3131.0
2018-09-02 02:00:00,2961.0
2018-09-02 03:00:00,2952.0
2018-09-02 04:00:00,2878.0
2018-09-02 05:00:00,2864.0
2018-09-02 06:00:00,2834.0
2018-09-02 07:00:00,2805.0
2018-09-02 08:00:00,2866.0
2018-09-02 09:00:00,2852.0
2018-09-02 10:00:00,2985.0
2018-09-02 11:00:00,3025.0
2018-09-02 12:00:00,2927.0
2018-09-02 13:00:00,3087.0
2018-09-02 14:00:00,3137.0
2018-09-02 15:00:00,3019.0
2018-09-02 16:00:00,3165.0
2018-09-02 17:00:00,3154.0
2018-09-02 18:00:00,3130.0
2018-09-02 19:00:00,3017.0
2018-09-02 20:00:00,2973.0
2018-09-02 21:00:00,3037.0
2018-09-02 22:00:00,2932.0
2018-09-02 23:00:00,3256.0
2018-09-03 00:00:00,3129.0
2018-09-03 01:00:00,3290.0
2018-09-03 02:00:00,3099.0
2018-09-03 03:00:00,2925.0
2018-09-03 04:00:00,2952.0
2018-09-03 05:00:00,2909.0
2018-09-03 06:00:00,2725.0
2018-09-03 07:00:00,2851.0
2018-09-03 08:00:00,2870.0
2018-09-03 09:00:00,2860.0
2018-09-03 10:00:00,3109.0
2018-09-03 11:00:00,3236.0
2018-09-03 12:00:00,3202.0
2018-09-03 13:00:00,3357.0
2018-09-03 14:00:00,3375.0
2018-09-03 15:00:00,3187.0
2018-09-03 16:00:00,3082.0
2018-09-03 17:00:00,3053.0
2018-09-03 18:00:00,3080.0
2018-09-03 19:00:00,3238.0
2018-09-03 20:00:00,3156.0
2018-09-03 21:00:00,2997.0
2018-09-03 22:00:00,2951.0
2018-09-03 23:00:00,3061.0
2018-09-04 00:00:00,2949.0
2018-09-04 01:00:00,2834.0
2018-09-04 02:00:00,2833.0
2018-09-04 03:00:00,2754.0
2018-09-04 04:00:00,2756.0
2018-09-04 05:00:00,2655.0
2018-09-04 06:00:00,2659.0
2018-09-04 07:00:00,2720.0
2018-09-04 08:00:00,2836.0
2018-09-04 09:00:00,2844.0
2018-09-04 10:00:00,3044.0
2018-09-04 11:00:00,3201.0
2018-09-04 12:00:00,3227.0
2018-09-04 13:00:00,3335.0
2018-09-04 14:00:00,3480.0
2018-09-04 15:00:00,3476.0
2018-09-04 16:00:00,3616.0
2018-09-04 17:00:00,3606.0
2018-09-04 18:00:00,3511.0
2018-09-04 19:00:00,3437.0
2018-09-04 20:00:00,3324.0
2018-09-04 21:00:00,3171.0
2018-09-04 22:00:00,3207.0
2018-09-04 23:00:00,3364.0
2018-09-05 00:00:00,3344.0
2018-09-05 01:00:00,3253.0
2018-09-05 02:00:00,3143.0
2018-09-05 03:00:00,2970.0
2018-09-05 04:00:00,2925.0
2018-09-05 05:00:00,2914.0
2018-09-05 06:00:00,2818.0
2018-09-05 07:00:00,2851.0
2018-09-05 08:00:00,2931.0
2018-09-05 09:00:00,2941.0
2018-09-05 10:00:00,3117.0
2018-09-05 11:00:00,3213.0
2018-09-05 12:00:00,3338.0
2018-09-05 13:00:00,3531.0
2018-09-05 14:00:00,3707.0
2018-09-05 15:00:00,3621.0
2018-09-05 16:00:00,3668.0
2018-09-05 17:00:00,3746.0
2018-09-05 18:00:00,3760.0
2018-09-05 19:00:00,3694.0
2018-09-05 20:00:00,3482.0
2018-09-05 21:00:00,3335.0
2018-09-05 22:00:00,3119.0
2018-09-05 23:00:00,3323.0
2018-09-06 00:00:00,3267.0
2018-09-06 01:00:00,3308.0
2018-09-06 02:00:00,3059.0
2018-09-06 03:00:00,3107.0
2018-09-06 04:00:00,3027.0
2018-09-06 05:00:00,2913.0
2018-09-06 06:00:00,2834.0
2018-09-06 07:00:00,2852.0
2018-09-06 08:00:00,2872.0
2018-09-06 09:00:00,2790.0
2018-09-06 10:00:00,2927.0
2018-09-06 11:00:00,2836.0
2018-09-06 12:00:00,2838.0
2018-09-06 13:00:00,3035.0
2018-09-06 14:00:00,3114.0
2018-09-06 15:00:00,3132.0
2018-09-06 16:00:00,3172.0
2018-09-06 17:00:00,3185.0
2018-09-06 18:00:00,3106.0
2018-09-06 19:00:00,3044.0
2018-09-06 20:00:00,3004.0
2018-09-06 21:00:00,2863.0
2018-09-06 22:00:00,2969.0
2018-09-06 23:00:00,3072.0
2018-09-07 00:00:00,3040.0
2018-09-07 01:00:00,2974.0
2018-09-07 02:00:00,2961.0
2018-09-07 03:00:00,2832.0
2018-09-07 04:00:00,2750.0
2018-09-07 05:00:00,2622.0
2018-09-07 06:00:00,2676.0
2018-09-07 07:00:00,2748.0
2018-09-07 08:00:00,2647.0
2018-09-07 09:00:00,2593.0
2018-09-07 10:00:00,2656.0
2018-09-07 11:00:00,2578.0
2018-09-07 12:00:00,2583.0
2018-09-07 13:00:00,2598.0
2018-09-07 14:00:00,2706.0
2018-09-07 15:00:00,2651.0
2018-09-07 16:00:00,2752.0
2018-09-07 17:00:00,2754.0
2018-09-07 18:00:00,2719.0
2018-09-07 19:00:00,2672.0
2018-09-07 20:00:00,2584.0
2018-09-07 21:00:00,2657.0
2018-09-07 22:00:00,2797.0
2018-09-07 23:00:00,2726.0
2018-09-08 00:00:00,2658.0
2018-09-08 01:00:00,2657.0
2018-09-08 02:00:00,2586.0
2018-09-08 03:00:00,2601.0
2018-09-08 04:00:00,2613.0
2018-09-08 05:00:00,2634.0
2018-09-08 06:00:00,2570.0
2018-09-08 07:00:00,2582.0
2018-09-08 08:00:00,2684.0
2018-09-08 09:00:00,2736.0
2018-09-08 10:00:00,3011.0
2018-09-08 11:00:00,3077.0
2018-09-08 12:00:00,3299.0
2018-09-08 13:00:00,3498.0
2018-09-08 14:00:00,3588.0
2018-09-08 15:00:00,3379.0
2018-09-08 16:00:00,3507.0
2018-09-08 17:00:00,3522.0
2018-09-08 18:00:00,3590.0
2018-09-08 19:00:00,3498.0
2018-09-08 20:00:00,3349.0
2018-09-08 21:00:00,3126.0
2018-09-08 22:00:00,2990.0
2018-09-08 23:00:00,3154.0
2018-09-09 00:00:00,3113.0
2018-09-09 01:00:00,3057.0
2018-09-09 02:00:00,2958.0
2018-09-09 03:00:00,2869.0
2018-09-09 04:00:00,2836.0
2018-09-09 05:00:00,2843.0
2018-09-09 06:00:00,2761.0
2018-09-09 07:00:00,2741.0
2018-09-09 08:00:00,2795.0
2018-09-09 09:00:00,2915.0
2018-09-09 10:00:00,3101.0
2018-09-09 11:00:00,3233.0
2018-09-09 12:00:00,3399.0
2018-09-09 13:00:00,3626.0
2018-09-09 14:00:00,3635.0
2018-09-09 15:00:00,3574.0
2018-09-09 16:00:00,3668.0
2018-09-09 17:00:00,3779.0
2018-09-09 18:00:00,3794.0
2018-09-09 19:00:00,3799.0
2018-09-09 20:00:00,3610.0
2018-09-09 21:00:00,3394.0
2018-09-09 22:00:00,3137.0
2018-09-09 23:00:00,3272.0
2018-09-10 00:00:00,3210.0
2018-09-10 01:00:00,3169.0
2018-09-10 02:00:00,3030.0
2018-09-10 03:00:00,3018.0
2018-09-10 04:00:00,2921.0
2018-09-10 05:00:00,2876.0
2018-09-10 06:00:00,2782.0
2018-09-10 07:00:00,2748.0
2018-09-10 08:00:00,2829.0
2018-09-10 09:00:00,2838.0
2018-09-10 10:00:00,2889.0
2018-09-10 11:00:00,3083.0
2018-09-10 12:00:00,3236.0
2018-09-10 13:00:00,3317.0
2018-09-10 14:00:00,3484.0
2018-09-10 15:00:00,3380.0
2018-09-10 16:00:00,3486.0
2018-09-10 17:00:00,3516.0
2018-09-10 18:00:00,3616.0
2018-09-10 19:00:00,3603.0
2018-09-10 20:00:00,3540.0
2018-09-10 21:00:00,3244.0
2018-09-10 22:00:00,3250.0
2018-09-10 23:00:00,3183.0
2018-09-11 00:00:00,3089.0
2018-09-11 01:00:00,3023.0
2018-09-11 02:00:00,2849.0
2018-09-11 03:00:00,2723.0
2018-09-11 04:00:00,2806.0
2018-09-11 05:00:00,2692.0
2018-09-11 06:00:00,2706.0
2018-09-11 07:00:00,2785.0
2018-09-11 08:00:00,2781.0
2018-09-11 09:00:00,2890.0
2018-09-11 10:00:00,3114.0
2018-09-11 11:00:00,3305.0
2018-09-11 12:00:00,3410.0
2018-09-11 13:00:00,3441.0
2018-09-11 14:00:00,3527.0
2018-09-11 15:00:00,3428.0
2018-09-11 16:00:00,3566.0
2018-09-11 17:00:00,3631.0
2018-09-11 18:00:00,3620.0
2018-09-11 19:00:00,3588.0
2018-09-11 20:00:00,3407.0
2018-09-11 21:00:00,3230.0
2018-09-11 22:00:00,3102.0
2018-09-11 23:00:00,3299.0
2018-09-12 00:00:00,3269.0
2018-09-12 01:00:00,3214.0
2018-09-12 02:00:00,3100.0
2018-09-12 03:00:00,2972.0
2018-09-12 04:00:00,2866.0
2018-09-12 05:00:00,2840.0
2018-09-12 06:00:00,2786.0
2018-09-12 07:00:00,2738.0
2018-09-12 08:00:00,2780.0
2018-09-12 09:00:00,2900.0
2018-09-12 10:00:00,3005.0
2018-09-12 11:00:00,3236.0
2018-09-12 12:00:00,3307.0
2018-09-12 13:00:00,3469.0
2018-09-12 14:00:00,3643.0
2018-09-12 15:00:00,3524.0
2018-09-12 16:00:00,3608.0
2018-09-12 17:00:00,3659.0
2018-09-12 18:00:00,3656.0
2018-09-12 19:00:00,3545.0
2018-09-12 20:00:00,3302.0
2018-09-12 21:00:00,3135.0
2018-09-12 22:00:00,3075.0
2018-09-12 23:00:00,3253.0
2018-09-13 00:00:00,3174.0
2018-09-13 01:00:00,3174.0
2018-09-13 02:00:00,3018.0
2018-09-13 03:00:00,2871.0
2018-09-13 04:00:00,2815.0
2018-09-13 05:00:00,2808.0
2018-09-13 06:00:00,2769.0
2018-09-13 07:00:00,2803.0
2018-09-13 08:00:00,2795.0
2018-09-13 09:00:00,2700.0
2018-09-13 10:00:00,2765.0
2018-09-13 11:00:00,2816.0
2018-09-13 12:00:00,2880.0
2018-09-13 13:00:00,3015.0
2018-09-13 14:00:00,3020.0
2018-09-13 15:00:00,3005.0
2018-09-13 16:00:00,3019.0
2018-09-13 17:00:00,3079.0
2018-09-13 18:00:00,3054.0
2018-09-13 19:00:00,2986.0
2018-09-13 20:00:00,2877.0
2018-09-13 21:00:00,2929.0
2018-09-13 22:00:00,2899.0
2018-09-13 23:00:00,3088.0
2018-09-14 00:00:00,3027.0
2018-09-14 01:00:00,3002.0
2018-09-14 02:00:00,2857.0
2018-09-14 03:00:00,2801.0
2018-09-14 04:00:00,2738.0
2018-09-14 05:00:00,2616.0
2018-09-14 06:00:00,2672.0
2018-09-14 07:00:00,2639.0
2018-09-14 08:00:00,2584.0
2018-09-14 09:00:00,2561.0
2018-09-14 10:00:00,2543.0
2018-09-14 11:00:00,2578.0
2018-09-14 12:00:00,2666.0
2018-09-14 13:00:00,2697.0
2018-09-14 14:00:00,2781.0
2018-09-14 15:00:00,2811.0
2018-09-14 16:00:00,2919.0
2018-09-14 17:00:00,2930.0
2018-09-14 18:00:00,2939.0
2018-09-14 19:00:00,2881.0
2018-09-14 20:00:00,2765.0
2018-09-14 21:00:00,2712.0
2018-09-14 22:00:00,2766.0
2018-09-14 23:00:00,2725.0
2018-09-15 00:00:00,2651.0
2018-09-15 01:00:00,2561.0
2018-09-15 02:00:00,2567.0
2018-09-15 03:00:00,2583.0
2018-09-15 04:00:00,2528.0
2018-09-15 05:00:00,2519.0
2018-09-15 06:00:00,2519.0
2018-09-15 07:00:00,2585.0
2018-09-15 08:00:00,2666.0
2018-09-15 09:00:00,2781.0
2018-09-15 10:00:00,2858.0
2018-09-15 11:00:00,3138.0
2018-09-15 12:00:00,3309.0
2018-09-15 13:00:00,3540.0
2018-09-15 14:00:00,3560.0
2018-09-15 15:00:00,3526.0
2018-09-15 16:00:00,3615.0
2018-09-15 17:00:00,3734.0
2018-09-15 18:00:00,3872.0
2018-09-15 19:00:00,3788.0
2018-09-15 20:00:00,3406.0
2018-09-15 21:00:00,3161.0
2018-09-15 22:00:00,3142.0
2018-09-15 23:00:00,3229.0
2018-09-16 00:00:00,3114.0
2018-09-16 01:00:00,3166.0
2018-09-16 02:00:00,3104.0
2018-09-16 03:00:00,3013.0
2018-09-16 04:00:00,2933.0
2018-09-16 05:00:00,2890.0
2018-09-16 06:00:00,2855.0
2018-09-16 07:00:00,2835.0
2018-09-16 08:00:00,2773.0
2018-09-16 09:00:00,2941.0
2018-09-16 10:00:00,3053.0
2018-09-16 11:00:00,3199.0
2018-09-16 12:00:00,3364.0
2018-09-16 13:00:00,3509.0
2018-09-16 14:00:00,3558.0
2018-09-16 15:00:00,3566.0
2018-09-16 16:00:00,3653.0
2018-09-16 17:00:00,3726.0
2018-09-16 18:00:00,3638.0
2018-09-16 19:00:00,3491.0
2018-09-16 20:00:00,3366.0
2018-09-16 21:00:00,3147.0
2018-09-16 22:00:00,3127.0
2018-09-16 23:00:00,3346.0
2018-09-17 00:00:00,3206.0
2018-09-17 01:00:00,3203.0
2018-09-17 02:00:00,3089.0
2018-09-17 03:00:00,2939.0
2018-09-17 04:00:00,2900.0
2018-09-17 05:00:00,2837.0
2018-09-17 06:00:00,2784.0
2018-09-17 07:00:00,2845.0
2018-09-17 08:00:00,2835.0
2018-09-17 09:00:00,2903.0
2018-09-17 10:00:00,2912.0
2018-09-17 11:00:00,3125.0
2018-09-17 12:00:00,3277.0
2018-09-17 13:00:00,3418.0
2018-09-17 14:00:00,3498.0
2018-09-17 15:00:00,3522.0
2018-09-17 16:00:00,3641.0
2018-09-17 17:00:00,3746.0
2018-09-17 18:00:00,3799.0
2018-09-17 19:00:00,3696.0
2018-09-17 20:00:00,3431.0
2018-09-17 21:00:00,3251.0
2018-09-17 22:00:00,3205.0
2018-09-17 23:00:00,3274.0
2018-09-18 00:00:00,3135.0
2018-09-18 01:00:00,3073.0
2018-09-18 02:00:00,2950.0
2018-09-18 03:00:00,2880.0
2018-09-18 04:00:00,2819.0
2018-09-18 05:00:00,2765.0
2018-09-18 06:00:00,2788.0
2018-09-18 07:00:00,2847.0
2018-09-18 08:00:00,2913.0
2018-09-18 09:00:00,2931.0
2018-09-18 10:00:00,3011.0
2018-09-18 11:00:00,3302.0
2018-09-18 12:00:00,3341.0
2018-09-18 13:00:00,3498.0
2018-09-18 14:00:00,3467.0
2018-09-18 15:00:00,3406.0
2018-09-18 16:00:00,3460.0
2018-09-18 17:00:00,3580.0
2018-09-18 18:00:00,3783.0
2018-09-18 19:00:00,3631.0
2018-09-18 20:00:00,3305.0
2018-09-18 21:00:00,3214.0
2018-09-18 22:00:00,3230.0
2018-09-18 23:00:00,3431.0
2018-09-19 00:00:00,3370.0
2018-09-19 01:00:00,3359.0
2018-09-19 02:00:00,3142.0
2018-09-19 03:00:00,3075.0
2018-09-19 04:00:00,2964.0
2018-09-19 05:00:00,2900.0
2018-09-19 06:00:00,2837.0
2018-09-19 07:00:00,2975.0
2018-09-19 08:00:00,2878.0
2018-09-19 09:00:00,2938.0
2018-09-19 10:00:00,3017.0
2018-09-19 11:00:00,3254.0
2018-09-19 12:00:00,3373.0
2018-09-19 13:00:00,3404.0
2018-09-19 14:00:00,3391.0
2018-09-19 15:00:00,3321.0
2018-09-19 16:00:00,3398.0
2018-09-19 17:00:00,3471.0
2018-09-19 18:00:00,3537.0
2018-09-19 19:00:00,3467.0
2018-09-19 20:00:00,3260.0
2018-09-19 21:00:00,3261.0
2018-09-19 22:00:00,3185.0
2018-09-19 23:00:00,3274.0
2018-09-20 00:00:00,3234.0
2018-09-20 01:00:00,3198.0
2018-09-20 02:00:00,3047.0
2018-09-20 03:00:00,2987.0
2018-09-20 04:00:00,2921.0
2018-09-20 05:00:00,2896.0
2018-09-20 06:00:00,2915.0
2018-09-20 07:00:00,2926.0
2018-09-20 08:00:00,2874.0
2018-09-20 09:00:00,2768.0
2018-09-20 10:00:00,2855.0
2018-09-20 11:00:00,3009.0
2018-09-20 12:00:00,2940.0
2018-09-20 13:00:00,3002.0
2018-09-20 14:00:00,2953.0
2018-09-20 15:00:00,2901.0
2018-09-20 16:00:00,2880.0
2018-09-20 17:00:00,2914.0
2018-09-20 18:00:00,2855.0
2018-09-20 19:00:00,2839.0
2018-09-20 20:00:00,2802.0
2018-09-20 21:00:00,2903.0
2018-09-20 22:00:00,2911.0
2018-09-20 23:00:00,3083.0
2018-09-21 00:00:00,3028.8954669332747
2018-09-21 01:00:00,3049.9307609906878
2018-09-21 02:00:00,3069.5248546634057
2018-09-21 03:00:00,3087.7092683775277
2018-09-21 04:00:00,3104.5155225591525
2018-09-21 05:00:00,3119.9751376343793
2018-09-21 06:00:00,3134.119634029307
2018-09-21 07:00:00,3146.980532170034
2018-09-21 08:00:00,3158.58935248266
2018-09-21 09:00:00,3168.9776153932844
2018-09-21 10:00:00,3178.1768413280056
2018-09-21 11:00:00,3186.2185507129225
2018-09-21 12:00:00,3193.1342639741342
2018-09-21 13:00:00,3198.95550153774
2018-09-21 14:00:00,3203.7137838298386
2018-09-21 15:00:00,3207.440631276529
2018-09-21 16:00:00,3210.1675643039102
2018-09-21 17:00:00,3211.9261033380812
2018-09-21 18:00:00,3212.7477688051413
2018-09-21 19:00:00,3212.6640811311886
2018-09-21 20:00:00,3211.706560742323
2018-09-21 21:00:00,3209.906728064643
2018-09-21 22:00:00,3207.296103524249
2018-09-21 23:00:00,3203.9062075472375
2018-09-22 00:00:00,3199.7685605597094
2018-09-22 01:00:00,3194.9146829877627
2018-09-22 02:00:00,3189.3760952574967
2018-09-22 03:00:00,3183.184317795011
2018-09-22 04:00:00,3176.3708710264036
2018-09-22 05:00:00,3168.967275377774
2018-09-22 06:00:00,3161.0050512752214
2018-09-22 07:00:00,3152.5157191448448
2018-09-22 08:00:00,3143.5307994127434
2018-09-22 09:00:00,3134.0818125050155
2018-09-22 10:00:00,3124.2002788477594
2018-09-22 11:00:00,3113.917718867076
2018-09-22 12:00:00,3103.2656529890637
2018-09-22 13:00:00,3092.2756016398207
2018-09-22 14:00:00,3080.979085245446
2018-09-22 15:00:00,3069.4076242320393
2018-09-22 16:00:00,3057.5927390256984
2018-09-22 17:00:00,3045.5659500525235
2018-09-22 18:00:00,3033.358777738613
2018-09-22 19:00:00,3021.002742510068
2018-09-22 20:00:00,3008.529364792985
2018-09-22 21:00:00,2995.970165013462
2018-09-22 22:00:00,2983.3566635976013
2018-09-22 23:00:00,2970.7203809715015
2018-09-23 00:00:00,2958.0928375612602
2018-09-23 01:00:00,2945.5055537929757
2018-09-23 02:00:00,2991.0
2018-09-23 03:00:00,2934.0
2018-09-23 04:00:00,2810.0
2018-09-23 05:00:00,2778.0
2018-09-23 06:00:00,2701.0
2018-09-23 07:00:00,2787.0
2018-09-23 08:00:00,2767.0
2018-09-23 09:00:00,2872.0
2018-09-23 10:00:00,3069.0
2018-09-23 11:00:00,3385.0
2018-09-23 12:00:00,3387.0
2018-09-23 13:00:00,3501.0
2018-09-23 14:00:00,3554.0
2018-09-23 15:00:00,3379.0
2018-09-23 16:00:00,3438.0
2018-09-23 17:00:00,3425.0
2018-09-23 18:00:00,3396.0
2018-09-23 19:00:00,3349.0
2018-09-23 20:00:00,3247.0
2018-09-23 21:00:00,3209.0
2018-09-23 22:00:00,3105.0
2018-09-23 23:00:00,3333.0
2018-09-24 00:00:00,3211.0
2018-09-24 01:00:00,3203.0
2018-09-24 02:00:00,2998.0
2018-09-24 03:00:00,3014.0
2018-09-24 04:00:00,2887.0
2018-09-24 05:00:00,2823.0
2018-09-24 06:00:00,2798.0
2018-09-24 07:00:00,2868.0
2018-09-24 08:00:00,2829.0
2018-09-24 09:00:00,2956.0
2018-09-24 10:00:00,3096.0
2018-09-24 11:00:00,3281.0
2018-09-24 12:00:00,3344.0
2018-09-24 13:00:00,3387.0
2018-09-24 14:00:00,3441.0
2018-09-24 15:00:00,3323.0
2018-09-24 16:00:00,3371.0
2018-09-24 17:00:00,3385.0
2018-09-24 18:00:00,3360.0
2018-09-24 19:00:00,3349.0
2018-09-24 20:00:00,3143.0
2018-09-24 21:00:00,3130.0
2018-09-24 22:00:00,3086.0
2018-09-24 23:00:00,3093.0
2018-09-25 00:00:00,2963.0
2018-09-25 01:00:00,2979.0
2018-09-25 02:00:00,2802.0
2018-09-25 03:00:00,2835.0
2018-09-25 04:00:00,2799.0
2018-09-25 05:00:00,2741.0
2018-09-25 06:00:00,2692.0
2018-09-25 07:00:00,2799.0
2018-09-25 08:00:00,2843.0
2018-09-25 09:00:00,2910.0
2018-09-25 10:00:00,3032.0
2018-09-25 11:00:00,3249.0
2018-09-25 12:00:00,3285.0
2018-09-25 13:00:00,3450.0
2018-09-25 14:00:00,3421.0
2018-09-25 15:00:00,3356.0
2018-09-25 16:00:00,3322.0
2018-09-25 17:00:00,3303.0
2018-09-25 18:00:00,3304.0
2018-09-25 19:00:00,3401.0
2018-09-25 20:00:00,3354.0
2018-09-25 21:00:00,3217.0
2018-09-25 22:00:00,3141.0
2018-09-25 23:00:00,3299.0
2018-09-26 00:00:00,3123.0
2018-09-26 01:00:00,3184.0
2018-09-26 02:00:00,3033.0
2018-09-26 03:00:00,2980.0
2018-09-26 04:00:00,2838.0
2018-09-26 05:00:00,2808.0
2018-09-26 06:00:00,2808.0
2018-09-26 07:00:00,2795.0
2018-09-26 08:00:00,2861.0
2018-09-26 09:00:00,2947.0
2018-09-26 10:00:00,3109.0
2018-09-26 11:00:00,3321.0
2018-09-26 12:00:00,3362.0
2018-09-26 13:00:00,3514.0
2018-09-26 14:00:00,3521.0
2018-09-26 15:00:00,3418.0
2018-09-26 16:00:00,3464.0
2018-09-26 17:00:00,3531.0
2018-09-26 18:00:00,3390.0
2018-09-26 19:00:00,3378.0
2018-09-26 20:00:00,3199.0
2018-09-26 21:00:00,3101.0
2018-09-26 22:00:00,3119.0
2018-09-26 23:00:00,3261.0
2018-09-27 00:00:00,3133.0
2018-09-27 01:00:00,3147.0
2018-09-27 02:00:00,2934.0
2018-09-27 03:00:00,2884.0
2018-09-27 04:00:00,2832.0
2018-09-27 05:00:00,2780.0
2018-09-27 06:00:00,2763.0
2018-09-27 07:00:00,2786.0
2018-09-27 08:00:00,2737.0
2018-09-27 09:00:00,2729.0
2018-09-27 10:00:00,2824.0
2018-09-27 11:00:00,2846.0
2018-09-27 12:00:00,2827.0
2018-09-27 13:00:00,2895.0
2018-09-27 14:00:00,2852.0
2018-09-27 15:00:00,2841.0
2018-09-27 16:00:00,2863.0
2018-09-27 17:00:00,2864.0
2018-09-27 18:00:00,2997.0
2018-09-27 19:00:00,2904.0
2018-09-27 20:00:00,2765.0
2018-09-27 21:00:00,2914.0
2018-09-27 22:00:00,3005.0
2018-09-27 23:00:00,3241.0
2018-09-28 00:00:00,3132.0
2018-09-28 01:00:00,3102.0
2018-09-28 02:00:00,2926.0
2018-09-28 03:00:00,0.0
2018-09-28 04:00:00,2832.0
2018-09-28 05:00:00,2764.0
2018-09-28 06:00:00,2783.0
2018-09-28 07:00:00,2742.0
2018-09-28 08:00:00,2712.0
2018-09-28 09:00:00,2589.0
2018-09-28 10:00:00,2540.0
2018-09-28 11:00:00,2794.0
2018-09-28 12:00:00,2661.0
2018-09-28 13:00:00,2671.0
2018-09-28 14:00:00,2581.0
2018-09-28 15:00:00,2744.0
2018-09-28 16:00:00,2809.0
2018-09-28 17:00:00,2677.0
2018-09-28 18:00:00,2720.0
2018-09-28 19:00:00,2784.0
2018-09-28 20:00:00,2609.0
2018-09-28 21:00:00,2777.0
2018-09-28 22:00:00,2665.0
2018-09-28 23:00:00,2668.0
2018-09-29 00:00:00,2655.0
2018-09-29 01:00:00,2549.0
2018-09-29 02:00:00,2467.0
2018-09-29 03:00:00,2477.0
2018-09-29 04:00:00,2510.0
2018-09-29 05:00:00,2496.0
2018-09-29 06:00:00,2491.0
2018-09-29 07:00:00,2509.0
2018-09-29 08:00:00,2567.0
2018-09-29 09:00:00,2753.0
2018-09-29 10:00:00,2970.0
2018-09-29 11:00:00,3161.0
2018-09-29 12:00:00,3425.0
2018-09-29 13:00:00,3413.0
2018-09-29 14:00:00,3328.0
2018-09-29 15:00:00,3362.0
2018-09-29 16:00:00,3406.0
2018-09-29 17:00:00,3344.0
2018-09-29 18:00:00,3471.0
2018-09-29 19:00:00,3439.0
2018-09-29 20:00:00,3275.0
2018-09-29 21:00:00,3169.0
2018-09-29 22:00:00,3145.0
2018-09-29 23:00:00,3137.0
2018-09-30 00:00:00,3057.0
2018-09-30 01:00:00,3033.0
2018-09-30 02:00:00,2904.0
2018-09-30 03:00:00,2857.0
2018-09-30 04:00:00,2774.0
2018-09-30 05:00:00,2750.0
2018-09-30 06:00:00,2676.0
2018-09-30 07:00:00,2564.0
2018-09-30 08:00:00,2589.0
2018-09-30 09:00:00,2840.0
2018-09-30 10:00:00,3176.0
2018-09-30 11:00:00,3370.0
2018-09-30 12:00:00,3408.0
2018-09-30 13:00:00,3452.0
2018-09-30 14:00:00,3427.0
2018-09-30 15:00:00,3260.0
2018-09-30 16:00:00,3407.0
2018-09-30 17:00:00,3270.0
2018-09-30 18:00:00,3340.0
2018-09-30 19:00:00,3357.0
2018-09-30 20:00:00,3155.0
2018-09-30 21:00:00,3168.0
2018-09-30 22:00:00,3065.0
2018-09-30 23:00:00,3116.0
2018-10-01 00:00:00,3084.0
2018-10-01 01:00:00,2962.0
2018-10-01 02:00:00,2854.0
2018-10-01 03:00:00,2858.0
2018-10-01 04:00:00,2806.0
2018-10-01 05:00:00,2720.0
2018-10-01 06:00:00,2633.0
2018-10-01 07:00:00,2623.0
2018-10-01 08:00:00,2525.0
2018-10-01 09:00:00,2833.0
2018-10-01 10:00:00,3143.0
2018-10-01 11:00:00,3313.0
2018-10-01 12:00:00,3446.0
2018-10-01 13:00:00,3451.0
2018-10-01 14:00:00,3505.0
2018-10-01 15:00:00,3424.0
2018-10-01 16:00:00,3468.0
2018-10-01 17:00:00,3431.0
2018-10-01 18:00:00,3477.0
2018-10-01 19:00:00,3403.0
2018-10-01 20:00:00,3282.0
2018-10-01 21:00:00,3188.0
2018-10-01 22:00:00,3227.0
2018-10-01 23:00:00,3025.0
2018-10-02 00:00:00,3055.0
2018-10-02 01:00:00,2907.0
2018-10-02 02:00:00,2729.0
2018-10-02 03:00:00,2773.0
2018-10-02 04:00:00,2719.0
2018-10-02 05:00:00,2741.0
2018-10-02 06:00:00,2662.0
2018-10-02 07:00:00,2701.0
2018-10-02 08:00:00,2716.0
2018-10-02 09:00:00,2858.0
2018-10-02 10:00:00,3185.0
2018-10-02 11:00:00,3275.0
2018-10-02 12:00:00,3391.0
2018-10-02 13:00:00,3443.0
2018-10-02 14:00:00,3315.0
2018-10-02 15:00:00,3347.0
2018-10-02 16:00:00,3453.0
2018-10-02 17:00:00,3485.0
2018-10-02 18:00:00,3469.0
2018-10-02 19:00:00,3532.0
2018-10-02 20:00:00,3344.0
2018-10-02 21:00:00,3243.0
2018-10-02 22:00:00,3269.0
2018-10-02 23:00:00,3096.0
2018-10-03 00:00:00,3163.0
2018-10-03 01:00:00,3093.0
2018-10-03 02:00:00,2946.0
2018-10-03 03:00:00,2874.0
2018-10-03 04:00:00,2802.0
2018-10-03 05:00:00,2686.0
2018-10-03 06:00:00,2631.0
2018-10-03 07:00:00,2606.0
2018-10-03 08:00:00,2557.0
2018-10-03 09:00:00,2741.0
2018-10-03 10:00:00,3081.0
2018-10-03 11:00:00,3378.0
2018-10-03 12:00:00,3488.0
2018-10-03 13:00:00,3487.0
2018-10-03 14:00:00,3487.0
2018-10-03 15:00:00,3327.0
2018-10-03 16:00:00,3390.0
2018-10-03 17:00:00,3409.0
2018-10-03 18:00:00,3417.0
2018-10-03 19:00:00,3462.0
2018-10-03 20:00:00,3311.0
2018-10-03 21:00:00,3256.0
2018-10-03 22:00:00,3128.0
2018-10-03 23:00:00,3227.0
2018-10-04 00:00:00,3265.0
2018-10-04 01:00:00,3157.0
2018-10-04 02:00:00,2955.0
2018-10-04 03:00:00,3044.0
2018-10-04 04:00:00,2973.0
2018-10-04 05:00:00,2836.0
2018-10-04 06:00:00,2832.0
2018-10-04 07:00:00,2700.0
2018-10-04 08:00:00,2747.0
2018-10-04 09:00:00,2765.0
2018-10-04 10:00:00,2951.0
2018-10-04 11:00:00,3005.0
2018-10-04 12:00:00,3056.0
2018-10-04 13:00:00,3007.0
2018-10-04 14:00:00,3113.0
2018-10-04 15:00:00,3010.0
2018-10-04 16:00:00,3076.0
2018-10-04 17:00:00,3135.0
2018-10-04 18:00:00,3140.0
2018-10-04 19:00:00,3002.0
2018-10-04 20:00:00,2985.0
2018-10-04 21:00:00,3010.0
2018-10-04 22:00:00,3030.0
2018-10-04 23:00:00,3060.0
2018-10-05 00:00:00,3109.0
2018-10-05 01:00:00,3014.0
2018-10-05 02:00:00,2921.0
2018-10-05 03:00:00,2720.0
2018-10-05 04:00:00,2826.0
2018-10-05 05:00:00,2519.0
2018-10-05 06:00:00,2592.0
2018-10-05 07:00:00,2639.0
2018-10-05 08:00:00,2572.0
2018-10-05 09:00:00,2580.0
2018-10-05 10:00:00,2686.0
2018-10-05 11:00:00,2745.0
2018-10-05 12:00:00,2798.0
2018-10-05 13:00:00,2721.0
2018-10-05 14:00:00,2747.0
2018-10-05 15:00:00,2680.0
2018-10-05 16:00:00,2953.0
2018-10-05 17:00:00,2803.0
2018-10-05 18:00:00,2931.0
2018-10-05 19:00:00,2847.0
2018-10-05 20:00:00,2831.0
2018-10-05 21:00:00,2884.0
2018-10-05 22:00:00,2856.0
2018-10-05 23:00:00,2696.0
2018-10-06 00:00:00,2716.0
2018-10-06 01:00:00,2554.0
2018-10-06 02:00:00,2596.0
2018-10-06 03:00:00,2453.0
2018-10-06 04:00:00,2560.0
2018-10-06 05:00:00,2505.0
2018-10-06 06:00:00,2485.0
2018-10-06 07:00:00,2495.0
2018-10-06 08:00:00,2555.0
2018-10-06 09:00:00,2766.0
2018-10-06 10:00:00,3100.0
2018-10-06 11:00:00,3304.0
2018-10-06 12:00:00,3409.0
2018-10-06 13:00:00,3506.0
2018-10-06 14:00:00,3633.0
2018-10-06 15:00:00,3564.0
2018-10-06 16:00:00,3677.0
2018-10-06 17:00:00,3819.0
2018-10-06 18:00:00,3991.0
2018-10-06 19:00:00,4029.0
2018-10-06 20:00:00,3796.0
2018-10-06 21:00:00,3621.0
2018-10-06 22:00:00,3511.0
2018-10-06 23:00:00,3475.0
2018-10-07 00:00:00,3368.0
2018-10-07 01:00:00,3156.0
2018-10-07 02:00:00,3018.0
2018-10-07 03:00:00,2925.0
2018-10-07 04:00:00,2933.0
2018-10-07 05:00:00,2902.0
2018-10-07 06:00:00,2736.0
2018-10-07 07:00:00,2733.0
2018-10-07 08:00:00,2659.0
2018-10-07 09:00:00,2792.0
2018-10-07 10:00:00,3099.0
2018-10-07 11:00:00,3352.0
2018-10-07 12:00:00,3479.0
2018-10-07 13:00:00,3549.0
2018-10-07 14:00:00,3646.0
2018-10-07 15:00:00,3708.0
2018-10-07 16:00:00,3855.0
2018-10-07 17:00:00,4105.0
2018-10-07 18:00:00,4185.0
2018-10-07 19:00:00,4210.0
2018-10-07 20:00:00,4023.0
2018-10-07 21:00:00,3779.0
2018-10-07 22:00:00,3673.0
2018-10-07 23:00:00,3622.0
2018-10-08 00:00:00,3528.0
2018-10-08 01:00:00,3289.0
2018-10-08 02:00:00,3202.0
2018-10-08 03:00:00,3117.0
2018-10-08 04:00:00,3047.0
2018-10-08 05:00:00,2902.0
2018-10-08 06:00:00,2820.0
2018-10-08 07:00:00,2773.0
2018-10-08 08:00:00,2767.0
2018-10-08 09:00:00,2835.0
2018-10-08 10:00:00,3203.0
2018-10-08 11:00:00,3481.0
2018-10-08 12:00:00,3461.0
2018-10-08 13:00:00,3563.0
2018-10-08 14:00:00,3547.0
2018-10-08 15:00:00,3509.0
2018-10-08 16:00:00,3731.0
2018-10-08 17:00:00,3750.0
2018-10-08 18:00:00,3952.0
2018-10-08 19:00:00,3948.0
2018-10-08 20:00:00,3821.0
2018-10-08 21:00:00,3734.0
2018-10-08 22:00:00,3506.0
2018-10-08 23:00:00,3269.0
2018-10-09 00:00:00,3276.0
2018-10-09 01:00:00,3046.0
2018-10-09 02:00:00,2936.0
2018-10-09 03:00:00,2967.0
2018-10-09 04:00:00,2993.0
2018-10-09 05:00:00,2918.0
2018-10-09 06:00:00,2796.0
2018-10-09 07:00:00,2810.0
2018-10-09 08:00:00,2724.0
2018-10-09 09:00:00,2959.0
2018-10-09 10:00:00,3157.0
2018-10-09 11:00:00,3303.0
2018-10-09 12:00:00,3460.0
2018-10-09 13:00:00,3673.0
2018-10-09 14:00:00,3738.0
2018-10-09 15:00:00,3664.0
2018-10-09 16:00:00,3877.0
2018-10-09 17:00:00,4206.0
2018-10-09 18:00:00,4221.0
2018-10-09 19:00:00,4120.0
2018-10-09 20:00:00,3765.0
2018-10-09 21:00:00,3519.0
2018-10-09 22:00:00,3448.0
2018-10-09 23:00:00,3335.0
2018-10-10 00:00:00,3412.0
2018-10-10 01:00:00,3280.0
2018-10-10 02:00:00,3079.0
2018-10-10 03:00:00,3054.0
2018-10-10 04:00:00,2956.0
2018-10-10 05:00:00,2914.0
2018-10-10 06:00:00,2764.0
2018-10-10 07:00:00,2746.0
2018-10-10 08:00:00,2718.0
2018-10-10 09:00:00,2776.0
2018-10-10 10:00:00,3007.0
2018-10-10 11:00:00,3335.0
2018-10-10 12:00:00,3388.0
2018-10-10 13:00:00,3520.0
2018-10-10 14:00:00,3614.0
2018-10-10 15:00:00,3546.0
2018-10-10 16:00:00,3670.0
2018-10-10 17:00:00,3641.0
2018-10-10 18:00:00,3809.0
2018-10-10 19:00:00,3917.0
2018-10-10 20:00:00,3789.0
2018-10-10 21:00:00,3573.0
2018-10-10 22:00:00,3441.0
2018-10-10 23:00:00,3246.0
2018-10-11 00:00:00,3178.0
2018-10-11 01:00:00,2992.0
2018-10-11 02:00:00,2945.0
2018-10-11 03:00:00,2854.0
2018-10-11 04:00:00,2899.0
2018-10-11 05:00:00,2823.0
2018-10-11 06:00:00,2739.0
2018-10-11 07:00:00,2727.0
2018-10-11 08:00:00,2714.0
2018-10-11 09:00:00,2727.0
2018-10-11 10:00:00,2898.0
2018-10-11 11:00:00,2843.0
2018-10-11 12:00:00,2939.0
2018-10-11 13:00:00,2939.0
2018-10-11 14:00:00,2936.0
2018-10-11 15:00:00,3001.0
2018-10-11 16:00:00,3031.0
2018-10-11 17:00:00,3114.0
2018-10-11 18:00:00,3375.0
2018-10-11 19:00:00,3495.0
2018-10-11 20:00:00,3411.0
2018-10-11 21:00:00,3256.0
2018-10-11 22:00:00,3098.0
2018-10-11 23:00:00,2962.0
2018-10-12 00:00:00,2893.0
2018-10-12 01:00:00,2823.0
2018-10-12 02:00:00,2792.0
2018-10-12 03:00:00,2674.0
2018-10-12 04:00:00,2781.0
2018-10-12 05:00:00,2593.0
2018-10-12 06:00:00,2616.0
2018-10-12 07:00:00,2614.0
2018-10-12 08:00:00,2612.0
2018-10-12 09:00:00,2517.0
2018-10-12 10:00:00,2665.0
2018-10-12 11:00:00,2693.0
2018-10-12 12:00:00,2650.0
2018-10-12 13:00:00,2704.0
2018-10-12 14:00:00,2742.0
2018-10-12 15:00:00,2804.0
2018-10-12 16:00:00,3007.0
2018-10-12 17:00:00,2940.0
2018-10-12 18:00:00,3005.0
2018-10-12 19:00:00,3019.0
2018-10-12 20:00:00,2930.0
2018-10-12 21:00:00,2936.0
2018-10-12 22:00:00,2858.0
2018-10-12 23:00:00,2786.0
2018-10-13 00:00:00,2820.0
2018-10-13 01:00:00,2629.0
2018-10-13 02:00:00,2625.0
2018-10-13 03:00:00,2543.0
2018-10-13 04:00:00,2631.0
2018-10-13 05:00:00,2585.0
2018-10-13 06:00:00,2607.0
2018-10-13 07:00:00,2660.0
2018-10-13 08:00:00,2791.0
2018-10-13 09:00:00,2948.0
2018-10-13 10:00:00,3211.0
2018-10-13 11:00:00,3425.0
2018-10-13 12:00:00,3361.0
2018-10-13 13:00:00,3374.0
2018-10-13 14:00:00,3583.0
2018-10-13 15:00:00,3493.0
2018-10-13 16:00:00,3598.0
2018-10-13 17:00:00,3864.0
2018-10-13 18:00:00,3973.0
2018-10-13 19:00:00,4114.0
2018-10-13 20:00:00,3895.0
2018-10-13 21:00:00,3579.0
2018-10-13 22:00:00,3519.0
2018-10-13 23:00:00,3299.0
2018-10-14 00:00:00,3155.0
2018-10-14 01:00:00,3073.0
2018-10-14 02:00:00,2976.0
2018-10-14 03:00:00,2913.0
2018-10-14 04:00:00,2842.0
2018-10-14 05:00:00,2785.0
2018-10-14 06:00:00,2730.0
2018-10-14 07:00:00,2797.0
2018-10-14 08:00:00,2635.0
2018-10-14 09:00:00,2823.0
2018-10-14 10:00:00,3079.0
2018-10-14 11:00:00,3251.0
2018-10-14 12:00:00,3285.0
2018-10-14 13:00:00,3619.0
2018-10-14 14:00:00,3664.0
2018-10-14 15:00:00,3771.0
2018-10-14 16:00:00,3792.0
2018-10-14 17:00:00,3752.0
2018-10-14 18:00:00,3859.0
2018-10-14 19:00:00,3998.0
2018-10-14 20:00:00,3797.0
2018-10-14 21:00:00,3656.0
2018-10-14 22:00:00,3565.0
2018-10-14 23:00:00,3127.0
2018-10-15 00:00:00,3199.0
2018-10-15 01:00:00,3039.0
2018-10-15 02:00:00,2811.0
2018-10-15 03:00:00,2876.0
2018-10-15 04:00:00,2765.0
2018-10-15 05:00:00,2759.0
2018-10-15 06:00:00,2673.0
2018-10-15 07:00:00,2750.0
2018-10-15 08:00:00,2566.0
2018-10-15 09:00:00,2867.0
2018-10-15 10:00:00,3173.0
2018-10-15 11:00:00,3233.0
2018-10-15 12:00:00,3391.0
2018-10-15 13:00:00,3471.0
2018-10-15 14:00:00,3582.0
2018-10-15 15:00:00,3577.0
2018-10-15 16:00:00,3729.0
2018-10-15 17:00:00,3994.0
2018-10-15 18:00:00,4188.0
2018-10-15 19:00:00,4077.0
2018-10-15 20:00:00,3629.0
2018-10-15 21:00:00,3451.0
2018-10-15 22:00:00,3457.0
2018-10-15 23:00:00,3238.0
2018-10-16 00:00:00,3164.0
2018-10-16 01:00:00,3114.0
2018-10-16 02:00:00,3018.0
2018-10-16 03:00:00,2873.0
2018-10-16 04:00:00,2892.0
2018-10-16 05:00:00,2803.0
2018-10-16 06:00:00,2722.0
2018-10-16 07:00:00,2660.0
2018-10-16 08:00:00,2673.0
2018-10-16 09:00:00,2902.0
2018-10-16 10:00:00,3187.0
2018-10-16 11:00:00,3299.0
2018-10-16 12:00:00,3442.0
2018-10-16 13:00:00,3642.0
2018-10-16 14:00:00,3708.0
2018-10-16 15:00:00,3774.0
2018-10-16 16:00:00,4226.0
2018-10-16 17:00:00,4317.0
2018-10-16 18:00:00,4553.0
2018-10-16 19:00:00,4856.0
2018-10-16 20:00:00,4413.0
2018-10-16 21:00:00,4144.0
2018-10-16 22:00:00,3739.0
2018-10-16 23:00:00,3403.0
2018-10-17 00:00:00,3239.0
2018-10-17 01:00:00,3143.0
2018-10-17 02:00:00,3097.0
2018-10-17 03:00:00,3028.0
2018-10-17 04:00:00,2931.0
2018-10-17 05:00:00,2880.0
2018-10-17 06:00:00,2868.0
2018-10-17 07:00:00,2876.0
2018-10-17 08:00:00,2844.0
2018-10-17 09:00:00,2955.0
2018-10-17 10:00:00,3101.0
2018-10-17 11:00:00,3155.0
2018-10-17 12:00:00,3265.0
2018-10-17 13:00:00,3296.0
2018-10-17 14:00:00,3168.0
2018-10-17 15:00:00,3153.0
2018-10-17 16:00:00,3232.0
2018-10-17 17:00:00,3331.0
2018-10-17 18:00:00,3403.0
2018-10-17 19:00:00,3334.0
2018-10-17 20:00:00,3423.0
2018-10-17 21:00:00,3395.0
2018-10-17 22:00:00,3224.0
2018-10-17 23:00:00,3082.0
2018-10-18 00:00:00,3067.0
2018-10-18 01:00:00,2951.0
2018-10-18 02:00:00,2838.0
2018-10-18 03:00:00,2865.0
2018-10-18 04:00:00,2821.0
2018-10-18 05:00:00,2803.0
2018-10-18 06:00:00,2781.0
2018-10-18 07:00:00,2691.0
2018-10-18 08:00:00,2736.0
2018-10-18 09:00:00,2566.0
2018-10-18 10:00:00,2703.0
2018-10-18 11:00:00,2642.0
2018-10-18 12:00:00,2825.0
2018-10-18 13:00:00,2835.0
2018-10-18 14:00:00,2768.0
2018-10-18 15:00:00,2806.0
2018-10-18 16:00:00,2928.0
2018-10-18 17:00:00,2840.0
2018-10-18 18:00:00,2961.0
2018-10-18 19:00:00,2879.0
2018-10-18 20:00:00,2798.0
2018-10-18 21:00:00,2705.0
2018-10-18 22:00:00,2738.0
2018-10-18 23:00:00,2608.0
2018-10-19 00:00:00,2666.0
2018-10-19 01:00:00,2523.0
2018-10-19 02:00:00,2568.0
2018-10-19 03:00:00,2432.0
2018-10-19 04:00:00,2530.0
2018-10-19 05:00:00,2395.0
2018-10-19 06:00:00,2509.0
2018-10-19 07:00:00,2463.0
2018-10-19 08:00:00,2503.0
2018-10-19 09:00:00,2013.0
2018-10-19 10:00:00,2777.0
2018-10-19 11:00:00,2609.0
2018-10-19 12:00:00,2569.0
2018-10-19 13:00:00,2719.0
2018-10-19 14:00:00,2708.0
2018-10-19 15:00:00,2587.0
2018-10-19 16:00:00,2754.0
2018-10-19 17:00:00,2622.0
2018-10-19 18:00:00,2714.0
2018-10-19 19:00:00,2613.0
2018-10-19 20:00:00,2603.0
2018-10-19 21:00:00,2659.0
2018-10-19 22:00:00,2590.0
2018-10-19 23:00:00,2501.0
2018-10-20 00:00:00,2605.0
2018-10-20 01:00:00,2424.0
2018-10-20 02:00:00,2491.0
2018-10-20 03:00:00,2499.0
2018-10-20 04:00:00,2464.0
2018-10-20 05:00:00,2432.0
2018-10-20 06:00:00,2439.0
2018-10-20 07:00:00,2439.0
2018-10-20 08:00:00,2665.0
2018-10-20 09:00:00,2701.0
2018-10-20 10:00:00,3002.0
2018-10-20 11:00:00,3047.0
2018-10-20 12:00:00,3180.0
2018-10-20 13:00:00,3376.0
2018-10-20 14:00:00,3326.0
2018-10-20 15:00:00,3404.0
2018-10-20 16:00:00,3389.0
2018-10-20 17:00:00,3283.0
2018-10-20 18:00:00,3399.0
2018-10-20 19:00:00,3764.0
2018-10-20 20:00:00,3571.0
2018-10-20 21:00:00,3429.0
2018-10-20 22:00:00,3169.0
2018-10-20 23:00:00,2922.0
2018-10-21 00:00:00,2913.0
2018-10-21 01:00:00,2742.0
2018-10-21 02:00:00,2664.0
2018-10-21 03:00:00,2594.0
2018-10-21 04:00:00,2607.0
2018-10-21 05:00:00,2510.0
2018-10-21 06:00:00,2501.0
2018-10-21 07:00:00,2406.0
2018-10-21 08:00:00,2547.0
2018-10-21 09:00:00,2558.0
2018-10-21 10:00:00,2986.0
2018-10-21 11:00:00,3137.0
2018-10-21 12:00:00,3235.0
2018-10-21 13:00:00,3313.0
2018-10-21 14:00:00,3326.0
2018-10-21 15:00:00,3220.0
2018-10-21 16:00:00,3384.0
2018-10-21 17:00:00,3685.0
2018-10-21 18:00:00,3604.0
2018-10-21 19:00:00,3700.0
2018-10-21 20:00:00,3426.0
2018-10-21 21:00:00,3340.0
2018-10-21 22:00:00,3289.0
2018-10-21 23:00:00,3058.0
2018-10-22 00:00:00,2919.0
2018-10-22 01:00:00,2771.0
2018-10-22 02:00:00,2731.0
2018-10-22 03:00:00,2582.0
2018-10-22 04:00:00,2613.0
2018-10-22 05:00:00,2607.0
2018-10-22 06:00:00,2550.0
2018-10-22 07:00:00,2643.0
2018-10-22 08:00:00,2639.0
2018-10-22 09:00:00,2693.0
2018-10-22 10:00:00,3124.0
2018-10-22 11:00:00,3194.0
2018-10-22 12:00:00,3276.0
2018-10-22 13:00:00,3296.0
2018-10-22 14:00:00,3287.0
2018-10-22 15:00:00,3253.0
2018-10-22 16:00:00,3347.0
2018-10-22 17:00:00,3493.0
2018-10-22 18:00:00,3500.0
2018-10-22 19:00:00,3475.0
2018-10-22 20:00:00,3396.0
2018-10-22 21:00:00,3262.0
2018-10-22 22:00:00,3056.0
2018-10-22 23:00:00,2969.0
2018-10-23 00:00:00,2900.0
2018-10-23 01:00:00,2661.0
2018-10-23 02:00:00,2651.0
2018-10-23 03:00:00,2532.0
2018-10-23 04:00:00,2578.0
2018-10-23 05:00:00,2558.0
2018-10-23 06:00:00,2518.0
2018-10-23 07:00:00,2507.0
2018-10-23 08:00:00,2670.0
2018-10-23 09:00:00,2692.0
2018-10-23 10:00:00,3128.0
2018-10-23 11:00:00,3258.0
2018-10-23 12:00:00,3341.0
2018-10-23 13:00:00,3470.0
2018-10-23 14:00:00,3495.0
2018-10-23 15:00:00,3315.0
2018-10-23 16:00:00,3267.0
2018-10-23 17:00:00,3448.0
2018-10-23 18:00:00,3431.0
2018-10-23 19:00:00,3679.0
2018-10-23 20:00:00,3653.0
2018-10-23 21:00:00,3508.0
2018-10-23 22:00:00,3203.0
2018-10-23 23:00:00,3058.0
2018-10-24 00:00:00,3040.0
2018-10-24 01:00:00,2719.0
2018-10-24 02:00:00,2654.0
2018-10-24 03:00:00,2584.0
2018-10-24 04:00:00,2629.0
2018-10-24 05:00:00,2627.0
2018-10-24 06:00:00,2592.0
2018-10-24 07:00:00,2640.0
2018-10-24 08:00:00,2618.0
2018-10-24 09:00:00,2615.0
2018-10-24 10:00:00,2967.0
2018-10-24 11:00:00,3064.0
2018-10-24 12:00:00,3005.0
2018-10-24 13:00:00,3091.0
2018-10-24 14:00:00,3066.0
2018-10-24 15:00:00,3049.0
2018-10-24 16:00:00,3209.0
2018-10-24 17:00:00,3316.0
2018-10-24 18:00:00,3514.0
2018-10-24 19:00:00,3544.0
2018-10-24 20:00:00,3233.0
2018-10-24 21:00:00,3202.0
2018-10-24 22:00:00,3047.0
2018-10-24 23:00:00,2816.0
2018-10-25 00:00:00,2971.0
2018-10-25 01:00:00,2787.0
2018-10-25 02:00:00,2796.0
2018-10-25 03:00:00,2643.0
2018-10-25 04:00:00,2654.0
2018-10-25 05:00:00,2622.0
2018-10-25 06:00:00,2703.0
2018-10-25 07:00:00,2771.0
2018-10-25 08:00:00,2678.0
2018-10-25 09:00:00,2607.0
2018-10-25 10:00:00,2891.0
2018-10-25 11:00:00,2947.0
2018-10-25 12:00:00,2976.0
2018-10-25 13:00:00,3107.0
2018-10-25 14:00:00,3043.0
2018-10-25 15:00:00,2831.0
2018-10-25 16:00:00,2916.0
2018-10-25 17:00:00,2946.0
2018-10-25 18:00:00,3128.0
2018-10-25 19:00:00,2977.0
2018-10-25 20:00:00,3114.0
2018-10-25 21:00:00,2963.0
2018-10-25 22:00:00,2810.0
2018-10-25 23:00:00,2664.0
2018-10-26 00:00:00,2587.0
2018-10-26 01:00:00,2504.0
2018-10-26 02:00:00,2501.0
2018-10-26 03:00:00,2365.0
2018-10-26 04:00:00,2461.0
2018-10-26 05:00:00,2271.0
2018-10-26 06:00:00,2339.0
2018-10-26 07:00:00,2324.0
2018-10-26 08:00:00,2331.0
2018-10-26 09:00:00,2183.0
2018-10-26 10:00:00,2498.0
2018-10-26 11:00:00,2449.0
2018-10-26 12:00:00,2538.0
2018-10-26 13:00:00,2669.0
2018-10-26 14:00:00,2689.0
2018-10-26 15:00:00,2634.0
2018-10-26 16:00:00,2789.0
2018-10-26 17:00:00,2727.0
2018-10-26 18:00:00,2780.0
2018-10-26 19:00:00,2715.0
2018-10-26 20:00:00,2743.0
2018-10-26 21:00:00,2660.0
2018-10-26 22:00:00,2592.0
2018-10-26 23:00:00,2434.0
2018-10-27 00:00:00,2557.0
2018-10-27 01:00:00,2338.0
2018-10-27 02:00:00,2372.0
2018-10-27 03:00:00,2179.0
2018-10-27 04:00:00,2285.0
2018-10-27 05:00:00,2267.0
2018-10-27 06:00:00,2254.0
2018-10-27 07:00:00,2262.0
2018-10-27 08:00:00,2440.0
2018-10-27 09:00:00,2408.0
2018-10-27 10:00:00,2946.0
2018-10-27 11:00:00,3089.0
2018-10-27 12:00:00,3165.0
2018-10-27 13:00:00,3291.0
2018-10-27 14:00:00,3454.0
2018-10-27 15:00:00,3387.0
2018-10-27 16:00:00,3492.0
2018-10-27 17:00:00,3777.0
2018-10-27 18:00:00,3997.0
2018-10-27 19:00:00,4053.0
2018-10-27 20:00:00,3820.0
2018-10-27 21:00:00,3491.0
2018-10-27 22:00:00,3209.0
2018-10-27 23:00:00,2967.0
2018-10-28 00:00:00,2925.0
2018-10-28 01:00:00,2598.0
2018-10-28 02:00:00,2727.0
2018-10-28 03:00:00,2563.0
2018-10-28 04:00:00,2680.0
2018-10-28 05:00:00,2581.0
2018-10-28 06:00:00,2518.0
2018-10-28 07:00:00,2469.0
2018-10-28 08:00:00,2513.0
2018-10-28 09:00:00,2689.0
2018-10-28 10:00:00,3118.0
2018-10-28 11:00:00,3244.0
2018-10-28 12:00:00,3367.0
2018-10-28 13:00:00,3541.0
2018-10-28 14:00:00,3590.0
2018-10-28 15:00:00,3556.0
2018-10-28 16:00:00,3709.0
2018-10-28 17:00:00,3895.0
2018-10-28 18:00:00,3979.0
2018-10-28 19:00:00,4625.0
2018-10-28 20:00:00,4184.0
2018-10-28 21:00:00,3973.0
2018-10-28 22:00:00,3377.0
2018-10-28 23:00:00,3246.0
2018-10-29 00:00:00,3109.0
2018-10-29 01:00:00,2954.0
2018-10-29 02:00:00,2896.0
2018-10-29 03:00:00,2845.0
2018-10-29 04:00:00,2822.0
2018-10-29 05:00:00,2750.0
2018-10-29 06:00:00,2578.0
2018-10-29 07:00:00,2674.0
2018-10-29 08:00:00,2733.0
2018-10-29 09:00:00,2728.0
2018-10-29 10:00:00,3068.0
2018-10-29 11:00:00,3355.0
2018-10-29 12:00:00,3575.0
2018-10-29 13:00:00,3716.0
2018-10-29 14:00:00,3821.0
2018-10-29 15:00:00,3785.0
2018-10-29 16:00:00,3562.0
2018-10-29 17:00:00,3720.0
2018-10-29 18:00:00,3982.0
2018-10-29 19:00:00,4486.0
2018-10-29 20:00:00,3686.0
2018-10-29 21:00:00,3516.0
2018-10-29 22:00:00,3258.0
2018-10-29 23:00:00,3108.0
2018-10-30 00:00:00,3006.0
2018-10-30 01:00:00,2776.0
2018-10-30 02:00:00,2663.0
2018-10-30 03:00:00,2573.0
2018-10-30 04:00:00,2616.0
2018-10-30 05:00:00,2570.0
2018-10-30 06:00:00,2554.0
2018-10-30 07:00:00,2565.0
2018-10-30 08:00:00,2657.0
2018-10-30 09:00:00,2711.0
2018-10-30 10:00:00,3016.0
2018-10-30 11:00:00,3114.0
2018-10-30 12:00:00,3162.0
2018-10-30 13:00:00,3329.0
2018-10-30 14:00:00,3489.0
2018-10-30 15:00:00,3411.0
2018-10-30 16:00:00,3537.0
2018-10-30 17:00:00,3681.0
2018-10-30 18:00:00,3783.0
2018-10-30 19:00:00,3914.0
2018-10-30 20:00:00,3782.0
2018-10-30 21:00:00,3553.0
2018-10-30 22:00:00,3200.0
2018-10-30 23:00:00,3001.0
2018-10-31 00:00:00,2981.0
2018-10-31 01:00:00,2734.0
2018-10-31 02:00:00,2736.0
2018-10-31 03:00:00,2665.0
2018-10-31 04:00:00,2723.0
2018-10-31 05:00:00,2657.0
2018-10-31 06:00:00,2616.0
2018-10-31 07:00:00,2597.0
2018-10-31 08:00:00,2642.0
2018-10-31 09:00:00,2682.0
2018-10-31 10:00:00,3101.0
2018-10-31 11:00:00,3368.0
2018-10-31 12:00:00,3479.0
2018-10-31 13:00:00,4232.0
2018-10-31 14:00:00,4159.0
2018-10-31 15:00:00,4117.0
2018-10-31 16:00:00,4227.0
2018-10-31 17:00:00,4512.0
2018-10-31 18:00:00,4561.0
2018-10-31 19:00:00,4617.0
2018-10-31 20:00:00,4344.0
2018-10-31 21:00:00,4026.0
2018-10-31 22:00:00,3786.0
2018-10-31 23:00:00,3546.0
2018-11-01 00:00:00,3308.0
2018-11-01 01:00:00,2992.0
2018-11-01 02:00:00,2904.0
2018-11-01 03:00:00,2850.0
2018-11-01 04:00:00,2821.0
2018-11-01 05:00:00,2771.0
2018-11-01 06:00:00,2747.0
2018-11-01 07:00:00,2697.0
2018-11-01 08:00:00,2752.0
2018-11-01 09:00:00,2674.0
2018-11-01 10:00:00,2968.0
2018-11-01 11:00:00,3138.0
2018-11-01 12:00:00,3089.0
2018-11-01 13:00:00,3185.0
2018-11-01 14:00:00,3443.0
2018-11-01 15:00:00,3325.0
2018-11-01 16:00:00,3429.0
2018-11-01 17:00:00,3496.0
2018-11-01 18:00:00,3791.0
2018-11-01 19:00:00,3750.0
2018-11-01 20:00:00,3637.0
2018-11-01 21:00:00,3519.0
2018-11-01 22:00:00,3264.0
2018-11-01 23:00:00,3011.0
2018-11-02 00:00:00,2987.0
2018-11-02 01:00:00,2809.0
2018-11-02 02:00:00,2796.0
2018-11-02 03:00:00,2609.0
2018-11-02 04:00:00,2711.0
2018-11-02 05:00:00,2508.0
2018-11-02 06:00:00,2444.0
2018-11-02 07:00:00,2465.0
2018-11-02 08:00:00,2571.0
2018-11-02 09:00:00,2433.0
2018-11-02 10:00:00,2738.0
2018-11-02 11:00:00,2733.0
2018-11-02 12:00:00,2869.0
2018-11-02 13:00:00,2924.0
2018-11-02 14:00:00,3040.0
2018-11-02 15:00:00,3097.0
2018-11-02 16:00:00,3211.0
2018-11-02 17:00:00,3222.0
2018-11-02 18:00:00,3258.0
2018-11-02 19:00:00,3218.0
2018-11-02 20:00:00,3166.0
2018-11-02 21:00:00,3032.0
2018-11-02 22:00:00,2943.0
2018-11-02 23:00:00,2799.0
2018-11-03 00:00:00,2729.0
2018-11-03 01:00:00,2637.0
2018-11-03 02:00:00,2612.0
2018-11-03 03:00:00,2518.0
2018-11-03 04:00:00,2554.0
2018-11-03 05:00:00,2456.1828961156207
2018-11-03 06:00:00,2398.3837792211966
2018-11-03 07:00:00,2341.001866133774
2018-11-03 08:00:00,2284.160585122926
2018-11-03 09:00:00,2227.9833644582263
2018-11-03 10:00:00,2172.593632409248
2018-11-03 11:00:00,2118.1148172455646
2018-11-03 12:00:00,2064.6703472367494
2018-11-03 13:00:00,2012.383650652376
2018-11-03 14:00:00,1961.378155762018
2018-11-03 15:00:00,1911.7772908352483
2018-11-03 16:00:00,1863.7044841416405
2018-11-03 17:00:00,1817.2831639507679
2018-11-03 18:00:00,1772.636758532204
2018-11-03 19:00:00,1729.8886961555224
2018-11-03 20:00:00,1689.1624050902963
2018-11-03 21:00:00,1650.581313606099
2018-11-03 22:00:00,1614.268849972504
2018-11-03 23:00:00,1580.3484424590847
2018-11-04 00:00:00,1548.9435193354145
2018-11-04 01:00:00,1520.1775088710665
2018-11-04 02:00:00,1494.173839335615
2018-11-04 03:00:00,1471.0559389986315
2018-11-04 04:00:00,1450.947236129691
2018-11-04 05:00:00,1433.971158998367
2018-11-04 06:00:00,1420.2511358742322
2018-11-04 07:00:00,1409.9105950268604
2018-11-04 08:00:00,1403.0729647258254
2018-11-04 09:00:00,1399.8616732407
2018-11-04 10:00:00,1400.4001488410577
2018-11-04 11:00:00,1404.8118197964704
2018-11-04 12:00:00,1413.2201143765142
2018-11-04 13:00:00,1425.7484608507598
2018-11-04 14:00:00,1442.5202874887816
2018-11-04 15:00:00,1463.6590225601549
2018-11-04 16:00:00,1489.2880943344517
2018-11-04 17:00:00,1519.5309310812454
2018-11-04 18:00:00,1554.5109610701102
2018-11-04 19:00:00,1594.3516125706155
2018-11-04 20:00:00,1639.1763138523413
2018-11-04 21:00:00,1689.1084931848573
2018-11-04 22:00:00,1744.2715788377386
2018-11-04 23:00:00,1804.788999080554
2018-11-05 00:00:00,1870.7841821828827
2018-11-05 01:00:00,1942.3805564142917
2018-11-05 02:00:00,2019.7015500443617
2018-11-05 03:00:00,2102.870591342662
2018-11-05 04:00:00,2192.0111085787607
2018-11-05 05:00:00,2287.2465300222434
2018-11-05 06:00:00,2388.7002839426787
2018-11-05 07:00:00,2552.0
2018-11-05 08:00:00,2545.0
2018-11-05 09:00:00,2543.0
2018-11-05 10:00:00,2893.0
2018-11-05 11:00:00,3150.0
2018-11-05 12:00:00,3327.0
2018-11-05 13:00:00,3467.0
2018-11-05 14:00:00,3633.0
2018-11-05 15:00:00,3626.0
2018-11-05 16:00:00,3821.0
2018-11-05 17:00:00,4158.0
2018-11-05 18:00:00,4180.0
2018-11-05 19:00:00,4236.0
2018-11-05 20:00:00,4130.0
2018-11-05 21:00:00,3879.0
2018-11-05 22:00:00,3403.0
2018-11-05 23:00:00,3039.0
2018-11-06 00:00:00,3026.0
2018-11-06 01:00:00,2779.0
2018-11-06 02:00:00,2659.0
2018-11-06 03:00:00,2632.0
2018-11-06 04:00:00,2583.0
2018-11-06 05:00:00,2487.0
2018-11-06 06:00:00,2490.0
2018-11-06 07:00:00,2425.0
2018-11-06 08:00:00,2582.0
2018-11-06 09:00:00,2693.0
2018-11-06 10:00:00,3097.0
2018-11-06 11:00:00,3370.0
2018-11-06 12:00:00,3468.0
2018-11-06 13:00:00,3605.0
2018-11-06 14:00:00,4017.0
2018-11-06 15:00:00,3873.0
2018-11-06 16:00:00,3913.0
2018-11-06 17:00:00,4056.0
2018-11-06 18:00:00,4070.0
2018-11-06 19:00:00,3953.0
2018-11-06 20:00:00,3954.0
2018-11-06 21:00:00,3892.0
2018-11-06 22:00:00,3484.0
2018-11-06 23:00:00,3263.0
2018-11-07 00:00:00,3172.0
2018-11-07 01:00:00,2964.0
2018-11-07 02:00:00,2762.0
2018-11-07 03:00:00,2822.0
2018-11-07 04:00:00,2678.0
2018-11-07 05:00:00,2681.0
2018-11-07 06:00:00,2714.0
2018-11-07 07:00:00,2608.0
2018-11-07 08:00:00,2643.0
2018-11-07 09:00:00,2729.0
2018-11-07 10:00:00,3082.0
2018-11-07 11:00:00,3268.0
2018-11-07 12:00:00,3524.0
2018-11-07 13:00:00,3754.0
2018-11-07 14:00:00,4021.0
2018-11-07 15:00:00,4032.0
2018-11-07 16:00:00,4043.0
2018-11-07 17:00:00,4342.0
2018-11-07 18:00:00,4633.0
2018-11-07 19:00:00,4511.0
2018-11-07 20:00:00,4238.0
2018-11-07 21:00:00,4053.0
2018-11-07 22:00:00,3615.0
2018-11-07 23:00:00,3449.0
2018-11-08 00:00:00,3442.0
2018-11-08 01:00:00,3210.0
2018-11-08 02:00:00,3212.0
2018-11-08 03:00:00,3130.0
2018-11-08 04:00:00,3045.0
2018-11-08 05:00:00,2909.0
2018-11-08 06:00:00,2809.0
2018-11-08 07:00:00,2726.0
2018-11-08 08:00:00,2684.0
2018-11-08 09:00:00,2663.0
2018-11-08 10:00:00,2857.0
2018-11-08 11:00:00,3089.0
2018-11-08 12:00:00,3244.0
2018-11-08 13:00:00,3283.0
2018-11-08 14:00:00,3559.0
2018-11-08 15:00:00,3501.0
2018-11-08 16:00:00,3624.0
2018-11-08 17:00:00,3817.0
2018-11-08 18:00:00,4023.0
2018-11-08 19:00:00,3875.0
2018-11-08 20:00:00,3620.0
2018-11-08 21:00:00,3441.0
2018-11-08 22:00:00,3120.0
2018-11-08 23:00:00,2975.0
2018-11-09 00:00:00,2792.0
2018-11-09 01:00:00,2841.0
2018-11-09 02:00:00,2804.0
2018-11-09 03:00:00,2697.0
2018-11-09 04:00:00,2721.0
2018-11-09 05:00:00,2505.0
2018-11-09 06:00:00,2469.0
2018-11-09 07:00:00,2475.0
2018-11-09 08:00:00,2554.0
2018-11-09 09:00:00,2460.0
2018-11-09 10:00:00,2663.0
2018-11-09 11:00:00,2688.0
2018-11-09 12:00:00,2785.0
2018-11-09 13:00:00,2878.0
2018-11-09 14:00:00,3000.0
2018-11-09 15:00:00,2967.0
2018-11-09 16:00:00,3052.0
2018-11-09 17:00:00,3078.0
2018-11-09 18:00:00,3071.0
2018-11-09 19:00:00,2910.0
2018-11-09 20:00:00,2900.0
2018-11-09 21:00:00,2720.0
2018-11-09 22:00:00,2735.0
2018-11-09 23:00:00,2575.0
2018-11-10 00:00:00,2608.0
2018-11-10 01:00:00,2440.0
2018-11-10 02:00:00,2443.0
2018-11-10 03:00:00,2381.0
2018-11-10 04:00:00,2422.0
2018-11-10 05:00:00,2337.0
2018-11-10 06:00:00,2358.0
2018-11-10 07:00:00,2406.0
2018-11-10 08:00:00,2577.0
2018-11-10 09:00:00,2652.0
2018-11-10 10:00:00,2914.0
2018-11-10 11:00:00,3244.0
2018-11-10 12:00:00,3321.0
2018-11-10 13:00:00,3555.0
2018-11-10 14:00:00,3774.0
2018-11-10 15:00:00,3741.0
2018-11-10 16:00:00,3799.0
2018-11-10 17:00:00,4024.0
2018-11-10 18:00:00,4215.0
2018-11-10 19:00:00,4167.0
2018-11-10 20:00:00,4068.0
2018-11-10 21:00:00,3888.0
2018-11-10 22:00:00,3668.0
2018-11-10 23:00:00,3332.0
2018-11-11 00:00:00,3279.0
2018-11-11 01:00:00,2994.0
2018-11-11 02:00:00,2986.0
2018-11-11 03:00:00,2819.0
2018-11-11 04:00:00,2839.0
2018-11-11 05:00:00,2762.0
2018-11-11 06:00:00,2705.0
2018-11-11 07:00:00,2641.0
2018-11-11 08:00:00,2699.0
2018-11-11 09:00:00,2786.0
2018-11-11 10:00:00,3154.0
2018-11-11 11:00:00,3528.0
2018-11-11 12:00:00,3674.0
2018-11-11 13:00:00,3871.0
2018-11-11 14:00:00,3985.0
2018-11-11 15:00:00,3985.0
2018-11-11 16:00:00,4061.0
2018-11-11 17:00:00,4432.0
2018-11-11 18:00:00,4704.0
2018-11-11 19:00:00,4793.0
2018-11-11 20:00:00,4659.0
2018-11-11 21:00:00,4340.0
2018-11-11 22:00:00,3954.0
2018-11-11 23:00:00,3616.0
2018-11-12 00:00:00,3504.0
2018-11-12 01:00:00,3243.0
2018-11-12 02:00:00,3238.0
2018-11-12 03:00:00,3058.0
2018-11-12 04:00:00,3013.0
2018-11-12 05:00:00,2931.0
2018-11-12 06:00:00,2847.0
2018-11-12 07:00:00,2821.0
2018-11-12 08:00:00,2863.0
2018-11-12 09:00:00,2971.0
2018-11-12 10:00:00,3377.0
2018-11-12 11:00:00,3682.0
2018-11-12 12:00:00,3761.0
2018-11-12 13:00:00,4035.0
2018-11-12 14:00:00,4250.0
2018-11-12 15:00:00,4262.0
2018-11-12 16:00:00,4473.0
2018-11-12 17:00:00,4546.0
2018-11-12 18:00:00,4640.0
2018-11-12 19:00:00,4842.0
2018-11-12 20:00:00,4764.0
2018-11-12 21:00:00,4577.0
2018-11-12 22:00:00,4350.0
2018-11-12 23:00:00,3781.0
2018-11-13 00:00:00,3547.0
2018-11-13 01:00:00,3348.0
2018-11-13 02:00:00,3302.0
2018-11-13 03:00:00,3268.0
2018-11-13 04:00:00,3245.0
2018-11-13 05:00:00,3097.0
2018-11-13 06:00:00,2998.0
2018-11-13 07:00:00,3011.0
2018-11-13 08:00:00,2978.0
2018-11-13 09:00:00,3197.0
2018-11-13 10:00:00,3548.0
2018-11-13 11:00:00,3910.0
2018-11-13 12:00:00,4074.0
2018-11-13 13:00:00,4449.0
2018-11-13 14:00:00,4616.0
2018-11-13 15:00:00,4599.0
2018-11-13 16:00:00,5006.0
2018-11-13 17:00:00,5067.0
2018-11-13 18:00:00,5179.0
2018-11-13 19:00:00,5058.0
2018-11-13 20:00:00,4682.0
2018-11-13 21:00:00,4625.0
2018-11-13 22:00:00,4077.0
2018-11-13 23:00:00,3847.0
2018-11-14 00:00:00,3667.0
2018-11-14 01:00:00,3347.0
2018-11-14 02:00:00,3319.0
2018-11-14 03:00:00,3114.0
2018-11-14 04:00:00,3196.0
2018-11-14 05:00:00,3042.0
2018-11-14 06:00:00,2955.0
2018-11-14 07:00:00,3102.0
2018-11-14 08:00:00,2929.0
2018-11-14 09:00:00,2983.0
2018-11-14 10:00:00,3353.0
2018-11-14 11:00:00,3475.0
2018-11-14 12:00:00,3542.0
2018-11-14 13:00:00,3858.0
2018-11-14 14:00:00,3879.0
2018-11-14 15:00:00,3901.0
2018-11-14 16:00:00,4112.0
2018-11-14 17:00:00,4496.0
2018-11-14 18:00:00,4791.0
2018-11-14 19:00:00,5115.0
2018-11-14 20:00:00,4777.0
2018-11-14 21:00:00,4344.0
2018-11-14 22:00:00,3842.0
2018-11-14 23:00:00,3625.0
2018-11-15 00:00:00,3540.0
2018-11-15 01:00:00,3295.0
2018-11-15 02:00:00,3240.0
2018-11-15 03:00:00,3087.0
2018-11-15 04:00:00,3080.0
2018-11-15 05:00:00,3060.0
2018-11-15 06:00:00,2827.0
2018-11-15 07:00:00,2747.0
2018-11-15 08:00:00,2708.0
2018-11-15 09:00:00,2798.0
2018-11-15 10:00:00,3228.0
2018-11-15 11:00:00,3446.0
2018-11-15 12:00:00,3430.0
2018-11-15 13:00:00,3603.0
2018-11-15 14:00:00,3708.0
2018-11-15 15:00:00,3704.0
2018-11-15 16:00:00,3865.0
2018-11-15 17:00:00,4258.0
2018-11-15 18:00:00,4325.0
2018-11-15 19:00:00,4079.0
2018-11-15 20:00:00,3928.0
2018-11-15 21:00:00,3889.0
2018-11-15 22:00:00,3610.0
2018-11-15 23:00:00,3434.0
2018-11-16 00:00:00,3263.0
2018-11-16 01:00:00,3093.0
2018-11-16 02:00:00,3153.0
2018-11-16 03:00:00,2949.0
2018-11-16 04:00:00,2895.0
2018-11-16 05:00:00,2657.0
2018-11-16 06:00:00,2663.0
2018-11-16 07:00:00,2558.0
2018-11-16 08:00:00,2639.0
2018-11-16 09:00:00,2497.0
2018-11-16 10:00:00,2853.0
2018-11-16 11:00:00,3047.0
2018-11-16 12:00:00,2867.0
2018-11-16 13:00:00,2981.0
2018-11-16 14:00:00,3154.0
2018-11-16 15:00:00,3179.0
2018-11-16 16:00:00,3302.0
2018-11-16 17:00:00,3348.0
2018-11-16 18:00:00,3393.0
2018-11-16 19:00:00,3403.0
2018-11-16 20:00:00,3358.0
2018-11-16 21:00:00,3162.0
2018-11-16 22:00:00,3049.0
2018-11-16 23:00:00,2823.0
2018-11-17 00:00:00,2822.0
2018-11-17 01:00:00,2627.0
2018-11-17 02:00:00,2688.0
2018-11-17 03:00:00,2561.0
2018-11-17 04:00:00,2629.0
2018-11-17 05:00:00,2535.0
2018-11-17 06:00:00,2588.0
2018-11-17 07:00:00,2612.0
2018-11-17 08:00:00,2590.0
2018-11-17 09:00:00,2784.0
2018-11-17 10:00:00,3097.0
2018-11-17 11:00:00,3548.0
2018-11-17 12:00:00,3646.0
2018-11-17 13:00:00,3705.0
2018-11-17 14:00:00,3652.0
2018-11-17 15:00:00,3492.0
2018-11-17 16:00:00,3545.0
2018-11-17 17:00:00,3723.0
2018-11-17 18:00:00,3747.0
2018-11-17 19:00:00,3859.0
2018-11-17 20:00:00,3719.0
2018-11-17 21:00:00,3458.0
2018-11-17 22:00:00,3149.0
2018-11-17 23:00:00,2932.0
2018-11-18 00:00:00,2937.0
2018-11-18 01:00:00,2743.0
2018-11-18 02:00:00,2774.0
2018-11-18 03:00:00,2602.0
2018-11-18 04:00:00,2605.0
2018-11-18 05:00:00,2463.0
2018-11-18 06:00:00,2491.0
2018-11-18 07:00:00,2478.0
2018-11-18 08:00:00,2519.0
2018-11-18 09:00:00,2713.0
2018-11-18 10:00:00,3047.0
2018-11-18 11:00:00,3326.0
2018-11-18 12:00:00,3474.0
2018-11-18 13:00:00,3438.0
2018-11-18 14:00:00,3543.0
2018-11-18 15:00:00,3489.0
2018-11-18 16:00:00,3559.0
2018-11-18 17:00:00,3568.0
2018-11-18 18:00:00,3455.0
2018-11-18 19:00:00,3683.0
2018-11-18 20:00:00,3519.0
2018-11-18 21:00:00,3457.0
2018-11-18 22:00:00,3118.0
2018-11-18 23:00:00,2975.0
2018-11-19 00:00:00,2815.0
2018-11-19 01:00:00,2621.0
2018-11-19 02:00:00,2819.0
2018-11-19 03:00:00,2580.0
2018-11-19 04:00:00,2668.0
2018-11-19 05:00:00,2361.0
2018-11-19 06:00:00,2457.0
2018-11-19 07:00:00,2374.0
2018-11-19 08:00:00,2376.0
2018-11-19 09:00:00,2673.0
2018-11-19 10:00:00,2859.0
2018-11-19 11:00:00,3169.0
2018-11-19 12:00:00,3191.0
2018-11-19 13:00:00,3341.0
2018-11-19 14:00:00,3239.0
2018-11-19 15:00:00,3205.0
2018-11-19 16:00:00,3376.0
2018-11-19 17:00:00,3439.0
2018-11-19 18:00:00,3484.0
2018-11-19 19:00:00,3544.0
2018-11-19 20:00:00,3270.0
2018-11-19 21:00:00,3108.0
2018-11-19 22:00:00,2946.0
2018-11-19 23:00:00,2804.0
2018-11-20 00:00:00,2792.0
2018-11-20 01:00:00,2587.0
2018-11-20 02:00:00,2603.0
2018-11-20 03:00:00,2541.0
2018-11-20 04:00:00,2610.0
2018-11-20 05:00:00,2374.0
2018-11-20 06:00:00,2465.0
2018-11-20 07:00:00,2466.0
2018-11-20 08:00:00,2470.0
2018-11-20 09:00:00,2711.0
2018-11-20 10:00:00,2945.0
2018-11-20 11:00:00,3224.0
2018-11-20 12:00:00,3318.0
2018-11-20 13:00:00,3531.0
2018-11-20 14:00:00,3505.0
2018-11-20 15:00:00,3419.0
2018-11-20 16:00:00,3391.0
2018-11-20 17:00:00,3530.0
2018-11-20 18:00:00,3648.0
2018-11-20 19:00:00,3679.0
2018-11-20 20:00:00,3611.0
2018-11-20 21:00:00,3477.0
2018-11-20 22:00:00,3208.0
2018-11-20 23:00:00,3085.0
2018-11-21 00:00:00,2958.0
2018-11-21 01:00:00,2831.0
2018-11-21 02:00:00,2805.0
2018-11-21 03:00:00,2705.0
2018-11-21 04:00:00,2688.0
2018-11-21 05:00:00,2588.0
2018-11-21 06:00:00,2564.0
2018-11-21 07:00:00,2568.0
2018-11-21 08:00:00,2551.0
2018-11-21 09:00:00,2701.0
2018-11-21 10:00:00,2994.0
2018-11-21 11:00:00,3278.0
2018-11-21 12:00:00,3267.0
2018-11-21 13:00:00,3395.0
2018-11-21 14:00:00,3538.0
2018-11-21 15:00:00,3490.0
2018-11-21 16:00:00,3488.0
2018-11-21 17:00:00,3554.0
2018-11-21 18:00:00,3705.0
2018-11-21 19:00:00,3826.0
2018-11-21 20:00:00,3548.0
2018-11-21 21:00:00,3398.0
2018-11-21 22:00:00,3160.0
2018-11-21 23:00:00,2964.0
2018-11-22 00:00:00,2896.0
2018-11-22 01:00:00,2710.0
2018-11-22 02:00:00,2740.0
2018-11-22 03:00:00,2713.0
2018-11-22 04:00:00,2720.0
2018-11-22 05:00:00,2617.0
2018-11-22 06:00:00,2583.0
2018-11-22 07:00:00,2509.0
2018-11-22 08:00:00,2548.0
2018-11-22 09:00:00,2541.0
2018-11-22 10:00:00,2755.0
2018-11-22 11:00:00,2987.0
2018-11-22 12:00:00,3172.0
2018-11-22 13:00:00,3082.0
2018-11-22 14:00:00,3340.0
2018-11-22 15:00:00,3107.0
2018-11-22 16:00:00,3264.0
2018-11-22 17:00:00,3282.0
2018-11-22 18:00:00,3357.0
2018-11-22 19:00:00,3190.0
2018-11-22 20:00:00,3079.0
2018-11-22 21:00:00,2945.0
2018-11-22 22:00:00,2844.0
2018-11-22 23:00:00,2708.0
2018-11-23 00:00:00,2782.0
2018-11-23 01:00:00,2620.0
2018-11-23 02:00:00,2679.0
2018-11-23 03:00:00,2558.0
2018-11-23 04:00:00,2621.0
2018-11-23 05:00:00,2460.0
2018-11-23 06:00:00,2513.0
2018-11-23 07:00:00,2481.0
2018-11-23 08:00:00,2477.0
2018-11-23 09:00:00,2416.0
2018-11-23 10:00:00,2672.0
2018-11-23 11:00:00,2705.0
2018-11-23 12:00:00,2771.0
2018-11-23 13:00:00,2763.0
2018-11-23 14:00:00,2816.0
2018-11-23 15:00:00,2743.0
2018-11-23 16:00:00,2843.0
2018-11-23 17:00:00,2743.0
2018-11-23 18:00:00,2837.0
2018-11-23 19:00:00,2788.0
2018-11-23 20:00:00,2776.0
2018-11-23 21:00:00,2720.0
2018-11-23 22:00:00,2652.0
2018-11-23 23:00:00,2575.0
2018-11-24 00:00:00,2642.0
2018-11-24 01:00:00,2428.0
2018-11-24 02:00:00,2562.0
2018-11-24 03:00:00,2421.0
2018-11-24 04:00:00,2500.0
2018-11-24 05:00:00,2414.0
2018-11-24 06:00:00,2476.0
2018-11-24 07:00:00,2451.0
2018-11-24 08:00:00,2459.0
2018-11-24 09:00:00,2578.0
2018-11-24 10:00:00,2933.0
2018-11-24 11:00:00,3146.0
2018-11-24 12:00:00,3190.0
2018-11-24 13:00:00,3229.0
2018-11-24 14:00:00,3261.0
2018-11-24 15:00:00,3231.0
2018-11-24 16:00:00,3123.0
2018-11-24 17:00:00,3392.0
2018-11-24 18:00:00,3454.0
2018-11-24 19:00:00,3676.0
2018-11-24 20:00:00,3433.0
2018-11-24 21:00:00,3333.0
2018-11-24 22:00:00,3019.0
2018-11-24 23:00:00,2927.0
2018-11-25 00:00:00,2857.0
2018-11-25 01:00:00,2731.0
2018-11-25 02:00:00,2693.0
2018-11-25 03:00:00,2690.0
2018-11-25 04:00:00,2626.0
2018-11-25 05:00:00,2545.0
2018-11-25 06:00:00,2457.0
2018-11-25 07:00:00,2556.0
2018-11-25 08:00:00,2454.0
2018-11-25 09:00:00,2669.0
2018-11-25 10:00:00,3005.0
2018-11-25 11:00:00,3271.0
2018-11-25 12:00:00,3214.0
2018-11-25 13:00:00,3437.0
2018-11-25 14:00:00,3670.0
2018-11-25 15:00:00,3533.0
2018-11-25 16:00:00,3481.0
2018-11-25 17:00:00,3589.0
2018-11-25 18:00:00,3664.0
2018-11-25 19:00:00,3912.0
2018-11-25 20:00:00,3700.0
2018-11-25 21:00:00,3461.0
2018-11-25 22:00:00,3197.0
2018-11-25 23:00:00,2994.0
2018-11-26 00:00:00,2896.0
2018-11-26 01:00:00,2791.0
2018-11-26 02:00:00,2727.0
2018-11-26 03:00:00,2753.0
2018-11-26 04:00:00,2679.0
2018-11-26 05:00:00,2670.0
2018-11-26 06:00:00,2551.0
2018-11-26 07:00:00,2543.0
2018-11-26 08:00:00,2514.0
2018-11-26 09:00:00,2568.0
2018-11-26 10:00:00,2923.0
2018-11-26 11:00:00,3321.0
2018-11-26 12:00:00,3248.0
2018-11-26 13:00:00,3519.0
2018-11-26 14:00:00,3577.0
2018-11-26 15:00:00,3402.0
2018-11-26 16:00:00,3678.0
2018-11-26 17:00:00,3462.0
2018-11-26 18:00:00,3478.0
2018-11-26 19:00:00,3691.0
2018-11-26 20:00:00,3542.0
2018-11-26 21:00:00,3402.0
2018-11-26 22:00:00,3218.0
2018-11-26 23:00:00,3006.0
2018-11-27 00:00:00,2900.0
2018-11-27 01:00:00,2766.0
2018-11-27 02:00:00,2704.0
2018-11-27 03:00:00,2662.0
2018-11-27 04:00:00,2704.0
2018-11-27 05:00:00,2596.0
2018-11-27 06:00:00,2525.0
2018-11-27 07:00:00,2568.0
2018-11-27 08:00:00,2511.0
2018-11-27 09:00:00,2798.0
2018-11-27 10:00:00,3069.0
2018-11-27 11:00:00,3217.0
2018-11-27 12:00:00,3214.0
2018-11-27 13:00:00,3397.0
2018-11-27 14:00:00,3438.0
2018-11-27 15:00:00,3350.0
2018-11-27 16:00:00,3489.0
2018-11-27 17:00:00,3540.0
2018-11-27 18:00:00,3875.0
2018-11-27 19:00:00,3743.0
2018-11-27 20:00:00,3569.0
2018-11-27 21:00:00,3395.0
2018-11-27 22:00:00,3316.0
2018-11-27 23:00:00,3251.0
2018-11-28 00:00:00,3081.0
2018-11-28 01:00:00,2827.0
2018-11-28 02:00:00,2838.0
2018-11-28 03:00:00,2819.0
2018-11-28 04:00:00,2816.0
2018-11-28 05:00:00,2777.0
2018-11-28 06:00:00,2705.0
2018-11-28 07:00:00,2643.0
2018-11-28 08:00:00,2598.0
2018-11-28 09:00:00,2749.0
2018-11-28 10:00:00,3197.0
2018-11-28 11:00:00,3559.0
2018-11-28 12:00:00,3429.194716083554
2018-11-28 13:00:00,3513.518021131065
2018-11-28 14:00:00,3591.531415992202
2018-11-28 15:00:00,3663.4003390713715
2018-11-28 16:00:00,3729.2902287729803
2018-11-28 17:00:00,3789.366523501435
2018-11-28 18:00:00,3843.794661661142
2018-11-28 19:00:00,3892.7400816565087
2018-11-28 20:00:00,3936.368221891941
2018-11-28 21:00:00,3974.844520771846
2018-11-28 22:00:00,4008.3344167006308
2018-11-28 23:00:00,4037.003348082702
2018-11-29 00:00:00,4061.0167533224662
2018-11-29 01:00:00,4080.5400708243296
2018-11-29 02:00:00,4095.738738992699
2018-11-29 03:00:00,4106.778196231981
2018-11-29 04:00:00,4113.823880946584
2018-11-29 05:00:00,4117.041231540913
2018-11-29 06:00:00,4116.595686419375
2018-11-29 07:00:00,4112.652683986375
2018-11-29 08:00:00,4105.377662646323
2018-11-29 09:00:00,4094.936060803625
2018-11-29 10:00:00,4081.4933168626885
2018-11-29 11:00:00,4065.2148692279156
2018-11-29 12:00:00,4046.2661563037163
2018-11-29 13:00:00,4024.8126164944965
2018-11-29 14:00:00,4001.0196882046635
2018-11-29 15:00:00,3975.0528098386253
2018-11-29 16:00:00,3947.0774198007853
2018-11-29 17:00:00,3917.258956495552
2018-11-29 18:00:00,3885.762858327333
2018-11-29 19:00:00,3852.7545637005355
2018-11-29 20:00:00,3818.3995110195656
2018-11-29 21:00:00,3782.8631386888273
2018-11-29 22:00:00,3746.310885112727
2018-11-29 23:00:00,3708.9081886956783
2018-11-30 00:00:00,3670.8204878420847
2018-11-30 01:00:00,3632.2132209563497
2018-11-30 02:00:00,3593.25182644288
2018-11-30 03:00:00,3554.101742706085
2018-11-30 04:00:00,3514.9284081503656
2018-11-30 05:00:00,3475.8972611801346
2018-11-30 06:00:00,3437.173740199796
2018-11-30 07:00:00,3398.9232836137653
2018-11-30 08:00:00,3361.311329826438
2018-11-30 09:00:00,3324.50331724222
2018-11-30 10:00:00,3288.664684265528
2018-11-30 11:00:00,3253.9608693007685
2018-11-30 12:00:00,3220.5573107523414
2018-11-30 13:00:00,3188.619447024653
2018-11-30 14:00:00,3101.0
2018-11-30 15:00:00,3142.0
2018-11-30 16:00:00,3191.0
2018-11-30 17:00:00,3179.0
2018-11-30 18:00:00,3169.0
2018-11-30 19:00:00,3103.0
2018-11-30 20:00:00,3014.0
2018-11-30 21:00:00,2951.0
2018-11-30 22:00:00,2753.0
2018-11-30 23:00:00,2672.0
2018-12-01 00:00:00,2626.0
2018-12-01 01:00:00,2573.0
2018-12-01 02:00:00,2584.0
2018-12-01 03:00:00,2488.0
2018-12-01 04:00:00,2493.0
2018-12-01 05:00:00,2345.0
2018-12-01 06:00:00,2446.0
2018-12-01 07:00:00,2467.0
2018-12-01 08:00:00,2461.0
2018-12-01 09:00:00,2674.0
2018-12-01 10:00:00,3110.0
2018-12-01 11:00:00,3453.0
2018-12-01 12:00:00,3545.0
2018-12-01 13:00:00,3758.0
2018-12-01 14:00:00,4102.0
2018-12-01 15:00:00,3889.0
2018-12-01 16:00:00,4020.0
2018-12-01 17:00:00,4209.0
2018-12-01 18:00:00,4120.0
2018-12-01 19:00:00,3951.0
2018-12-01 20:00:00,3907.0
2018-12-01 21:00:00,3814.0
2018-12-01 22:00:00,3469.0
2018-12-01 23:00:00,3197.0
2018-12-02 00:00:00,3053.0
2018-12-02 01:00:00,2806.0
2018-12-02 02:00:00,2762.0
2018-12-02 03:00:00,2754.0
2018-12-02 04:00:00,2733.0
2018-12-02 05:00:00,2647.0
2018-12-02 06:00:00,2620.0
2018-12-02 07:00:00,2571.0
2018-12-02 08:00:00,2515.0
2018-12-02 09:00:00,2799.0
2018-12-02 10:00:00,3017.0
2018-12-02 11:00:00,3442.0
2018-12-02 12:00:00,3520.0
2018-12-02 13:00:00,3696.0
2018-12-02 14:00:00,3847.0
2018-12-02 15:00:00,3716.0
2018-12-02 16:00:00,3885.0
2018-12-02 17:00:00,3987.0
2018-12-02 18:00:00,3981.0
2018-12-02 19:00:00,3926.0
2018-12-02 20:00:00,3960.0
2018-12-02 21:00:00,3686.0
2018-12-02 22:00:00,3333.0
2018-12-02 23:00:00,3022.0
2018-12-03 00:00:00,2966.0
2018-12-03 01:00:00,2794.0
2018-12-03 02:00:00,2773.0
2018-12-03 03:00:00,2706.0
2018-12-03 04:00:00,2696.0
2018-12-03 05:00:00,2632.0
2018-12-03 06:00:00,2578.0
2018-12-03 07:00:00,2591.0
2018-12-03 08:00:00,2508.0
2018-12-03 09:00:00,2730.0
2018-12-03 10:00:00,3061.0
2018-12-03 11:00:00,3217.0
2018-12-03 12:00:00,3134.0
2018-12-03 13:00:00,3336.0
2018-12-03 14:00:00,3669.0
2018-12-03 15:00:00,3568.0
2018-12-03 16:00:00,3542.0
2018-12-03 17:00:00,3649.0
2018-12-03 18:00:00,3948.0
2018-12-03 19:00:00,3875.0
2018-12-03 20:00:00,3562.0
2018-12-03 21:00:00,3375.0
2018-12-03 22:00:00,3195.0
2018-12-03 23:00:00,2885.0
2018-12-04 00:00:00,2770.0
2018-12-04 01:00:00,2618.0
2018-12-04 02:00:00,2652.0
2018-12-04 03:00:00,2573.0
2018-12-04 04:00:00,2542.0
2018-12-04 05:00:00,2438.0
2018-12-04 06:00:00,2429.0
2018-12-04 07:00:00,2461.0
2018-12-04 08:00:00,2422.0
2018-12-04 09:00:00,2663.0
2018-12-04 10:00:00,2930.0
2018-12-04 11:00:00,3178.0
2018-12-04 12:00:00,3339.0
2018-12-04 13:00:00,3461.0
2018-12-04 14:00:00,3645.0
2018-12-04 15:00:00,3673.0
2018-12-04 16:00:00,3654.0
2018-12-04 17:00:00,3882.0
2018-12-04 18:00:00,4187.0
2018-12-04 19:00:00,4140.0
2018-12-04 20:00:00,4126.0
2018-12-04 21:00:00,3917.0
2018-12-04 22:00:00,3679.0
2018-12-04 23:00:00,3390.0
2018-12-05 00:00:00,3151.0
2018-12-05 01:00:00,2879.0
2018-12-05 02:00:00,2868.0
2018-12-05 03:00:00,2650.0
2018-12-05 04:00:00,2656.0
2018-12-05 05:00:00,2670.0
2018-12-05 06:00:00,2623.0
2018-12-05 07:00:00,2641.0
2018-12-05 08:00:00,2582.0
2018-12-05 09:00:00,2764.0
2018-12-05 10:00:00,3166.0
2018-12-05 11:00:00,3502.0
2018-12-05 12:00:00,3571.0
2018-12-05 13:00:00,3615.0
2018-12-05 14:00:00,3816.0
2018-12-05 15:00:00,3513.0
2018-12-05 16:00:00,3350.0
2018-12-05 17:00:00,3529.0
2018-12-05 18:00:00,3685.0
2018-12-05 19:00:00,3777.0
2018-12-05 20:00:00,3651.0
2018-12-05 21:00:00,3499.0
2018-12-05 22:00:00,3225.0
2018-12-05 23:00:00,3129.0
2018-12-06 00:00:00,3000.0
2018-12-06 01:00:00,2795.0
2018-12-06 02:00:00,2825.0
2018-12-06 03:00:00,2758.0
2018-12-06 04:00:00,2721.0
2018-12-06 05:00:00,2746.0
2018-12-06 06:00:00,2668.0
2018-12-06 07:00:00,2669.0
2018-12-06 08:00:00,2538.0
2018-12-06 09:00:00,2630.0
2018-12-06 10:00:00,2822.0
2018-12-06 11:00:00,3129.0
2018-12-06 12:00:00,3131.0
2018-12-06 13:00:00,3251.0
2018-12-06 14:00:00,3296.0
2018-12-06 15:00:00,3186.0
2018-12-06 16:00:00,3196.0
2018-12-06 17:00:00,3317.0
2018-12-06 18:00:00,3527.0
2018-12-06 19:00:00,3599.0
2018-12-06 20:00:00,3403.0
2018-12-06 21:00:00,3249.0
2018-12-06 22:00:00,3063.0
2018-12-06 23:00:00,2831.0
2018-12-07 00:00:00,2758.0
2018-12-07 01:00:00,2648.0
2018-12-07 02:00:00,2704.0
2018-12-07 03:00:00,2616.0
2018-12-07 04:00:00,2533.0
2018-12-07 05:00:00,2419.0
2018-12-07 06:00:00,2379.0
2018-12-07 07:00:00,2418.0
2018-12-07 08:00:00,2383.0
2018-12-07 09:00:00,2417.0
2018-12-07 10:00:00,2527.0
2018-12-07 11:00:00,2663.0
2018-12-07 12:00:00,2683.0
2018-12-07 13:00:00,2731.0
2018-12-07 14:00:00,2797.0
2018-12-07 15:00:00,2874.0
2018-12-07 16:00:00,2785.0
2018-12-07 17:00:00,2819.0
2018-12-07 18:00:00,2832.0
2018-12-07 19:00:00,2903.0
2018-12-07 20:00:00,2804.0
2018-12-07 21:00:00,2839.0
2018-12-07 22:00:00,2738.0
2018-12-07 23:00:00,2575.0
2018-12-08 00:00:00,2587.0
2018-12-08 01:00:00,2438.0
2018-12-08 02:00:00,2494.0
2018-12-08 03:00:00,2431.0
2018-12-08 04:00:00,2392.0
2018-12-08 05:00:00,2353.0
2018-12-08 06:00:00,2410.0
2018-12-08 07:00:00,2354.0
2018-12-08 08:00:00,2402.0
2018-12-08 09:00:00,2562.0
2018-12-08 10:00:00,2877.0
2018-12-08 11:00:00,3268.0
2018-12-08 12:00:00,3286.0
2018-12-08 13:00:00,3392.0
2018-12-08 14:00:00,3513.0
2018-12-08 15:00:00,3558.0
2018-12-08 16:00:00,3641.0
2018-12-08 17:00:00,3739.0
2018-12-08 18:00:00,3864.0
2018-12-08 19:00:00,3914.0
2018-12-08 20:00:00,3964.0
2018-12-08 21:00:00,3883.0
2018-12-08 22:00:00,3698.0
2018-12-08 23:00:00,3370.0
2018-12-09 00:00:00,3135.0
2018-12-09 01:00:00,2925.0
2018-12-09 02:00:00,2884.0
2018-12-09 03:00:00,2850.0
2018-12-09 04:00:00,2752.0
2018-12-09 05:00:00,2700.0
2018-12-09 06:00:00,2703.0
2018-12-09 07:00:00,2623.0
2018-12-09 08:00:00,2617.0
2018-12-09 09:00:00,2748.0
2018-12-09 10:00:00,3084.0
2018-12-09 11:00:00,3145.0
2018-12-09 12:00:00,3181.0
2018-12-09 13:00:00,3285.0
2018-12-09 14:00:00,3376.0
2018-12-09 15:00:00,3403.0
2018-12-09 16:00:00,3581.0
2018-12-09 17:00:00,3702.0
2018-12-09 18:00:00,3768.0
2018-12-09 19:00:00,3744.0
2018-12-09 20:00:00,3715.0
2018-12-09 21:00:00,3862.0
2018-12-09 22:00:00,3572.0
2018-12-09 23:00:00,3298.0
2018-12-10 00:00:00,3037.0
2018-12-10 01:00:00,2834.0
2018-12-10 02:00:00,2847.0
2018-12-10 03:00:00,2755.0
2018-12-10 04:00:00,2755.0
2018-12-10 05:00:00,2728.0
2018-12-10 06:00:00,2667.0
2018-12-10 07:00:00,2611.0
2018-12-10 08:00:00,2543.0
2018-12-10 09:00:00,2493.2580839763045
2018-12-10 10:00:00,2444.2638848676256
2018-12-10 11:00:00,2398.185008325141
2018-12-10 12:00:00,2355.056088946283
2018-12-10 13:00:00,2314.9117613284848
2018-12-10 14:00:00,2277.7866600691777
2018-12-10 15:00:00,2243.715419765795
2018-12-10 16:00:00,2212.7326750157686
2018-12-10 17:00:00,2184.873060416531
2018-12-10 18:00:00,2160.171210565515
2018-12-10 19:00:00,2138.661760060153
2018-12-10 20:00:00,2120.379343497877
2018-12-10 21:00:00,2105.3585954761193
2018-12-10 22:00:00,2093.6341505923133
2018-12-10 23:00:00,2085.240643443891
2018-12-11 00:00:00,2080.2127086282844
2018-12-11 01:00:00,2078.5849807429263
2018-12-11 02:00:00,2080.392094385249
2018-12-11 03:00:00,2085.668684152685
2018-12-11 04:00:00,2094.449384642667
2018-12-11 05:00:00,2106.7688304526273
2018-12-11 06:00:00,2122.6616561799983
2018-12-11 07:00:00,2142.1624964222106
2018-12-11 08:00:00,2165.3059857767
2018-12-11 09:00:00,2192.1267588408973
2018-12-11 10:00:00,2222.6594502122352
2018-12-11 11:00:00,2256.9386944881458
2018-12-11 12:00:00,2294.9991262660615
2018-12-11 13:00:00,2336.875380143416
2018-12-11 14:00:00,2382.6020907176407
2018-12-11 15:00:00,2432.2138925861664
2018-12-11 16:00:00,2485.7454203464276
2018-12-11 17:00:00,2543.2313085958544
2018-12-11 18:00:00,2604.706191931882
2018-12-11 19:00:00,2670.204704951944
2018-12-11 20:00:00,2739.7614822534692
2018-12-11 21:00:00,2813.4111584338907
2018-12-11 22:00:00,2891.188368090643
2018-12-11 23:00:00,2973.1277458211566
2018-12-12 00:00:00,3059.2639262228663
2018-12-12 01:00:00,3149.6315438932043
2018-12-12 02:00:00,3244.2652334296026
2018-12-12 03:00:00,3343.199629429491
2018-12-12 04:00:00,3446.4693664903025
2018-12-12 05:00:00,3554.10907920947
2018-12-12 06:00:00,3666.153402184431
2018-12-12 07:00:00,3782.636970012611
2018-12-12 08:00:00,3903.5944172914387
2018-12-12 09:00:00,4029.0603786183583
2018-12-12 10:00:00,4159.069488590799
2018-12-12 11:00:00,4171.0
2018-12-12 12:00:00,4459.0
2018-12-12 13:00:00,4730.0
2018-12-12 14:00:00,5068.0
2018-12-12 15:00:00,4872.0
2018-12-12 16:00:00,4923.0
2018-12-12 17:00:00,5562.0
2018-12-12 18:00:00,5699.0
2018-12-12 19:00:00,5770.0
2018-12-12 20:00:00,5620.0
2018-12-12 21:00:00,5334.0
2018-12-12 22:00:00,5025.0
2018-12-12 23:00:00,4640.0
2018-12-13 00:00:00,4213.0
2018-12-13 01:00:00,4011.0
2018-12-13 02:00:00,3628.0
2018-12-13 03:00:00,3427.0
2018-12-13 04:00:00,3451.0
2018-12-13 05:00:00,3306.0
2018-12-13 06:00:00,3209.0
2018-12-13 07:00:00,3171.0
2018-12-13 08:00:00,2922.0
2018-12-13 09:00:00,2870.0
2018-12-13 10:00:00,3254.0
2018-12-13 11:00:00,3519.0
2018-12-13 12:00:00,3424.0
2018-12-13 13:00:00,3406.0
2018-12-13 14:00:00,3558.0
2018-12-13 15:00:00,3748.0
2018-12-13 16:00:00,3804.0
2018-12-13 17:00:00,4375.0
2018-12-13 18:00:00,4578.0
2018-12-13 19:00:00,4786.0
2018-12-13 20:00:00,4625.0
2018-12-13 21:00:00,4528.0
2018-12-13 22:00:00,4258.0
2018-12-13 23:00:00,3909.0
2018-12-14 00:00:00,3632.0
2018-12-14 01:00:00,3413.0
2018-12-14 02:00:00,3290.0
2018-12-14 03:00:00,3158.0
2018-12-14 04:00:00,3204.0
2018-12-14 05:00:00,3004.0
2018-12-14 06:00:00,2965.0
2018-12-14 07:00:00,2932.0
2018-12-14 08:00:00,2735.0
2018-12-14 09:00:00,2843.0
2018-12-14 10:00:00,3051.0
2018-12-14 11:00:00,3189.0
2018-12-14 12:00:00,3240.0
2018-12-14 13:00:00,3326.0
2018-12-14 14:00:00,3342.0
2018-12-14 15:00:00,3407.0
2018-12-14 16:00:00,3275.0
2018-12-14 17:00:00,3384.0
2018-12-14 18:00:00,3429.0
2018-12-14 19:00:00,3566.0
2018-12-14 20:00:00,3442.0
2018-12-14 21:00:00,3464.0
2018-12-14 22:00:00,3358.0
2018-12-14 23:00:00,3283.0
2018-12-15 00:00:00,3230.0
2018-12-15 01:00:00,3133.0
2018-12-15 02:00:00,2975.0
2018-12-15 03:00:00,2809.0
2018-12-15 04:00:00,2864.0
2018-12-15 05:00:00,2760.0
2018-12-15 06:00:00,2781.0
2018-12-15 07:00:00,2939.0
2018-12-15 08:00:00,2992.0
2018-12-15 09:00:00,2989.0
2018-12-15 10:00:00,3510.0
2018-12-15 11:00:00,4077.0
2018-12-15 12:00:00,4103.0
2018-12-15 13:00:00,4188.0
2018-12-15 14:00:00,4258.0
2018-12-15 15:00:00,4238.0
2018-12-15 16:00:00,4125.0
2018-12-15 17:00:00,4700.0
2018-12-15 18:00:00,4610.0
2018-12-15 19:00:00,5046.0
2018-12-15 20:00:00,4911.0
2018-12-15 21:00:00,4641.0
2018-12-15 22:00:00,4443.0
2018-12-15 23:00:00,4081.0
2018-12-16 00:00:00,3823.0
2018-12-16 01:00:00,3718.0
2018-12-16 02:00:00,3520.0
2018-12-16 03:00:00,3387.0
2018-12-16 04:00:00,3325.0
2018-12-16 05:00:00,3193.0
2018-12-16 06:00:00,3047.0
2018-12-16 07:00:00,3020.0
2018-12-16 08:00:00,2881.0
2018-12-16 09:00:00,3142.0
2018-12-16 10:00:00,3460.0
2018-12-16 11:00:00,3907.0
2018-12-16 12:00:00,4067.0
2018-12-16 13:00:00,4131.0
2018-12-16 14:00:00,4257.0
2018-12-16 15:00:00,4230.0
2018-12-16 16:00:00,4328.0
2018-12-16 17:00:00,4708.0
2018-12-16 18:00:00,4737.0
2018-12-16 19:00:00,4892.0
2018-12-16 20:00:00,4775.0
2018-12-16 21:00:00,3180.0
2018-12-16 22:00:00,4483.0
2018-12-16 23:00:00,4284.0
2018-12-17 00:00:00,3923.0
2018-12-17 01:00:00,3695.0
2018-12-17 02:00:00,3456.0
2018-12-17 03:00:00,3257.0
2018-12-17 04:00:00,3145.0
2018-12-17 05:00:00,3089.0
2018-12-17 06:00:00,3155.0
2018-12-17 07:00:00,3068.0
2018-12-17 08:00:00,3021.0
2018-12-17 09:00:00,3133.0
2018-12-17 10:00:00,3415.0
2018-12-17 11:00:00,3528.0
2018-12-17 12:00:00,3766.0
2018-12-17 13:00:00,3882.0
2018-12-17 14:00:00,4088.0
2018-12-17 15:00:00,3938.0
2018-12-17 16:00:00,3935.0
2018-12-17 17:00:00,4083.0
2018-12-17 18:00:00,4202.0
2018-12-17 19:00:00,4144.0
2018-12-17 20:00:00,4009.0
2018-12-17 21:00:00,3839.0
2018-12-17 22:00:00,3756.0
2018-12-17 23:00:00,3503.0
2018-12-18 00:00:00,3324.0
2018-12-18 01:00:00,3177.0
2018-12-18 02:00:00,3074.0
2018-12-18 03:00:00,2991.0
2018-12-18 04:00:00,3013.0
2018-12-18 05:00:00,2929.0
2018-12-18 06:00:00,2867.0
2018-12-18 07:00:00,2844.0
2018-12-18 08:00:00,2774.0
2018-12-18 09:00:00,2997.0
2018-12-18 10:00:00,3372.0
2018-12-18 11:00:00,3546.0
2018-12-18 12:00:00,3781.0
2018-12-18 13:00:00,3829.0
2018-12-18 14:00:00,3986.0
2018-12-18 15:00:00,3983.0
2018-12-18 16:00:00,3980.0
2018-12-18 17:00:00,4364.0
2018-12-18 18:00:00,4375.0
2018-12-18 19:00:00,4392.0
2018-12-18 20:00:00,4333.0
2018-12-18 21:00:00,4212.0
2018-12-18 22:00:00,4205.0
2018-12-18 23:00:00,3921.0
2018-12-19 00:00:00,3659.0
2018-12-19 01:00:00,3377.0
2018-12-19 02:00:00,3289.0
2018-12-19 03:00:00,3126.0
2018-12-19 04:00:00,3057.0
2018-12-19 05:00:00,3047.0
2018-12-19 06:00:00,2991.0
2018-12-19 07:00:00,2944.0
2018-12-19 08:00:00,2918.0
2018-12-19 09:00:00,3002.0
2018-12-19 10:00:00,3308.0
2018-12-19 11:00:00,3401.0
2018-12-19 12:00:00,3776.0
2018-12-19 13:00:00,4016.0
2018-12-19 14:00:00,4057.0
2018-12-19 15:00:00,4033.0
2018-12-19 16:00:00,4038.0
2018-12-19 17:00:00,4137.0
2018-12-19 18:00:00,4206.0
2018-12-19 19:00:00,4381.0
2018-12-19 20:00:00,4349.0
2018-12-19 21:00:00,4032.0
2018-12-19 22:00:00,3875.0
2018-12-19 23:00:00,3701.0
2018-12-20 00:00:00,3560.0
2018-12-20 01:00:00,3255.0
2018-12-20 02:00:00,3201.0
2018-12-20 03:00:00,3247.0
2018-12-20 04:00:00,3203.0
2018-12-20 05:00:00,3205.0
2018-12-20 06:00:00,3292.0
2018-12-20 07:00:00,3293.0
2018-12-20 08:00:00,3129.0
2018-12-20 09:00:00,3112.0
2018-12-20 10:00:00,3260.0
2018-12-20 11:00:00,3376.0
2018-12-20 12:00:00,3336.0
2018-12-20 13:00:00,3331.0
2018-12-20 14:00:00,3414.0
2018-12-20 15:00:00,3354.0
2018-12-20 16:00:00,3420.0
2018-12-20 17:00:00,3493.0
2018-12-20 18:00:00,3743.0
2018-12-20 19:00:00,3823.0
2018-12-20 20:00:00,3679.0
2018-12-20 21:00:00,3452.0
2018-12-20 22:00:00,3477.0
2018-12-20 23:00:00,3316.0
2018-12-21 00:00:00,3174.0
2018-12-21 01:00:00,3090.0
2018-12-21 02:00:00,3081.0
2018-12-21 03:00:00,3045.0
2018-12-21 04:00:00,2987.0
2018-12-21 05:00:00,2747.0
2018-12-21 06:00:00,2790.0
2018-12-21 07:00:00,2643.0
2018-12-21 08:00:00,2675.0
2018-12-21 09:00:00,2719.0
2018-12-21 10:00:00,2767.0
2018-12-21 11:00:00,2799.0
2018-12-21 12:00:00,2876.0
2018-12-21 13:00:00,2948.0
2018-12-21 14:00:00,3076.0
2018-12-21 15:00:00,3072.0
2018-12-21 16:00:00,2936.0
2018-12-21 17:00:00,2893.0
2018-12-21 18:00:00,2838.0
2018-12-21 19:00:00,2799.0
2018-12-21 20:00:00,2875.0
2018-12-21 21:00:00,2856.0
2018-12-21 22:00:00,2899.0
2018-12-21 23:00:00,2883.038427371257
2018-12-22 00:00:00,2887.7125644920184
2018-12-22 01:00:00,2893.186850174169
2018-12-22 02:00:00,2899.4139134062493
2018-12-22 03:00:00,2906.3463831767995
2018-12-22 04:00:00,2913.93688847436
2018-12-22 05:00:00,2922.138058287471
2018-12-22 06:00:00,2930.9025216046725
2018-12-22 07:00:00,2940.1829074145053
2018-12-22 08:00:00,2949.93184470551
2018-12-22 09:00:00,2960.101962466226
2018-12-22 10:00:00,2970.645889685194
2018-12-22 11:00:00,2981.516255350955
2018-12-22 12:00:00,2992.6656884520485
2018-12-22 13:00:00,3004.0468179770155
2018-12-22 14:00:00,3015.612272914396
2018-12-22 15:00:00,3027.31468225273
2018-12-22 16:00:00,3039.1066749805586
2018-12-22 17:00:00,3050.9408800864217
2018-12-22 18:00:00,3062.7699265588594
2018-12-22 19:00:00,3074.546443386412
2018-12-22 20:00:00,3086.22305955762
2018-12-22 21:00:00,3097.752404061024
2018-12-22 22:00:00,3109.0871058851644
2018-12-22 23:00:00,3120.179794018581
2018-12-23 00:00:00,3130.9830974498145
2018-12-23 01:00:00,3141.449645167405
2018-12-23 02:00:00,3151.5320661598926
2018-12-23 03:00:00,3161.182989415818
2018-12-23 04:00:00,3170.355043923722
2018-12-23 05:00:00,3179.000858672144
2018-12-23 06:00:00,3187.073062649625
2018-12-23 07:00:00,3194.524284844705
2018-12-23 08:00:00,3201.3071542459247
2018-12-23 09:00:00,3207.3742998418243
2018-12-23 10:00:00,3212.678350620943
2018-12-23 11:00:00,3217.1719355718224
2018-12-23 12:00:00,3220.8076836830023
2018-12-23 13:00:00,3223.538223943024
2018-12-23 14:00:00,3225.3161853404263
2018-12-23 15:00:00,3226.0941968637508
2018-12-23 16:00:00,3225.824887501537
2018-12-23 17:00:00,3224.4608862423265
2018-12-23 18:00:00,3221.9548220746574
2018-12-23 19:00:00,3218.259323987072
2018-12-23 20:00:00,3213.3270209681104
2018-12-23 21:00:00,3207.110542006312
2018-12-23 22:00:00,3199.5625160902173
2018-12-23 23:00:00,3190.6355722083663
2018-12-24 00:00:00,3180.2823393493
2018-12-24 01:00:00,3240.0
2018-12-24 02:00:00,3112.0
2018-12-24 03:00:00,3050.0
2018-12-24 04:00:00,3046.0
2018-12-24 05:00:00,3054.0
2018-12-24 06:00:00,3044.0
2018-12-24 07:00:00,2997.0
2018-12-24 08:00:00,2850.0
2018-12-24 09:00:00,2973.0
2018-12-24 10:00:00,3287.0
2018-12-24 11:00:00,3448.0
2018-12-24 12:00:00,3485.0
2018-12-24 13:00:00,3669.0
2018-12-24 14:00:00,3794.0
2018-12-24 15:00:00,3723.0
2018-12-24 16:00:00,3763.0
2018-12-24 17:00:00,3940.0
2018-12-24 18:00:00,4090.0
2018-12-24 19:00:00,4078.0
2018-12-24 20:00:00,3889.0
2018-12-24 21:00:00,3678.0
2018-12-24 22:00:00,3463.0
2018-12-24 23:00:00,3367.0
2018-12-25 00:00:00,3212.0
2018-12-25 01:00:00,3145.0
2018-12-25 02:00:00,3060.0
2018-12-25 03:00:00,3021.0
2018-12-25 04:00:00,3070.0
2018-12-25 05:00:00,2930.0
2018-12-25 06:00:00,2909.0
2018-12-25 07:00:00,2849.0
2018-12-25 08:00:00,2788.0
2018-12-25 09:00:00,2984.0
2018-12-25 10:00:00,3278.0
2018-12-25 11:00:00,3457.0
2018-12-25 12:00:00,3580.0
2018-12-25 13:00:00,3910.0
2018-12-25 14:00:00,4131.0
2018-12-25 15:00:00,3858.0
2018-12-25 16:00:00,4026.0
2018-12-25 17:00:00,4156.0
2018-12-25 18:00:00,4307.0
2018-12-25 19:00:00,4389.0
2018-12-25 20:00:00,4261.0
2018-12-25 21:00:00,3966.0
2018-12-25 22:00:00,3805.0
2018-12-25 23:00:00,3639.0
2018-12-26 00:00:00,3431.0
2018-12-26 01:00:00,3193.0
2018-12-26 02:00:00,3072.0
2018-12-26 03:00:00,3028.0
2018-12-26 04:00:00,3052.0
2018-12-26 05:00:00,3015.0
2018-12-26 06:00:00,3020.0
2018-12-26 07:00:00,2948.0
2018-12-26 08:00:00,2829.0
2018-12-26 09:00:00,2978.0
2018-12-26 10:00:00,3287.0
2018-12-26 11:00:00,3533.0
2018-12-26 12:00:00,3634.0
2018-12-26 13:00:00,3677.0
2018-12-26 14:00:00,3894.0
2018-12-26 15:00:00,3931.0
2018-12-26 16:00:00,4019.0
2018-12-26 17:00:00,4169.0
2018-12-26 18:00:00,4299.0
2018-12-26 19:00:00,4460.0
2018-12-26 20:00:00,4188.0
2018-12-26 21:00:00,3747.0
2018-12-26 22:00:00,3630.0
2018-12-26 23:00:00,3519.0
2018-12-27 00:00:00,3429.0
2018-12-27 01:00:00,3236.0
2018-12-27 02:00:00,3069.0
2018-12-27 03:00:00,3029.0
2018-12-27 04:00:00,3081.0
2018-12-27 05:00:00,3068.0
2018-12-27 06:00:00,3056.0
2018-12-27 07:00:00,3066.0
2018-12-27 08:00:00,2929.0
2018-12-27 09:00:00,2934.0
2018-12-27 10:00:00,3032.0
2018-12-27 11:00:00,3194.0
2018-12-27 12:00:00,3299.0
2018-12-27 13:00:00,3359.0
2018-12-27 14:00:00,3616.0
2018-12-27 15:00:00,3403.0
2018-12-27 16:00:00,3305.0
2018-12-27 17:00:00,3486.0
2018-12-27 18:00:00,3642.0
2018-12-27 19:00:00,3764.0
2018-12-27 20:00:00,3613.0
2018-12-27 21:00:00,3440.0
2018-12-27 22:00:00,3310.0
2018-12-27 23:00:00,3135.0
2018-12-28 00:00:00,3065.0
2018-12-28 01:00:00,3014.0
2018-12-28 02:00:00,2983.0
2018-12-28 03:00:00,2964.0
2018-12-28 04:00:00,2820.0
2018-12-28 05:00:00,2731.0
2018-12-28 06:00:00,2717.0
2018-12-28 07:00:00,2689.0
2018-12-28 08:00:00,2613.0
2018-12-28 09:00:00,2641.0
2018-12-28 10:00:00,2732.0
2018-12-28 11:00:00,2726.0
2018-12-28 12:00:00,2819.0
2018-12-28 13:00:00,2807.0
2018-12-28 14:00:00,2940.0
2018-12-28 15:00:00,2981.0
2018-12-28 16:00:00,3032.0
2018-12-28 17:00:00,3024.0
2018-12-28 18:00:00,3131.0
2018-12-28 19:00:00,3141.0
2018-12-28 20:00:00,3107.0
2018-12-28 21:00:00,3034.0
2018-12-28 22:00:00,3014.0
2018-12-28 23:00:00,2944.0
2018-12-29 00:00:00,2965.0
2018-12-29 01:00:00,2882.0
2018-12-29 02:00:00,2820.0
2018-12-29 03:00:00,2757.0
2018-12-29 04:00:00,2724.0
2018-12-29 05:00:00,2725.0
2018-12-29 06:00:00,2708.0
2018-12-29 07:00:00,2734.0
2018-12-29 08:00:00,2720.0
2018-12-29 09:00:00,2850.0
2018-12-29 10:00:00,3105.0
2018-12-29 11:00:00,3367.0
2018-12-29 12:00:00,3485.0
2018-12-29 13:00:00,3560.0
2018-12-29 14:00:00,3790.0
2018-12-29 15:00:00,3702.0
2018-12-29 16:00:00,3877.0
2018-12-29 17:00:00,4020.0
2018-12-29 18:00:00,4078.0
2018-12-29 19:00:00,4201.0
2018-12-29 20:00:00,4211.0
2018-12-29 21:00:00,3964.0
2018-12-29 22:00:00,3825.0
2018-12-29 23:00:00,3584.0
2018-12-30 00:00:00,3402.0
2018-12-30 01:00:00,3249.0
2018-12-30 02:00:00,3143.0
2018-12-30 03:00:00,3086.0
2018-12-30 04:00:00,3118.0
2018-12-30 05:00:00,3108.0
2018-12-30 06:00:00,3106.0
2018-12-30 07:00:00,3055.0
2018-12-30 08:00:00,2930.0
2018-12-30 09:00:00,2996.0
2018-12-30 10:00:00,3318.0
2018-12-30 11:00:00,3517.0
2018-12-30 12:00:00,3631.0
2018-12-30 13:00:00,3710.0
2018-12-30 14:00:00,3856.0
2018-12-30 15:00:00,3567.0
2018-12-30 16:00:00,3634.0
2018-12-30 17:00:00,3813.0
2018-12-30 18:00:00,3865.0
2018-12-30 19:00:00,3987.0
2018-12-30 20:00:00,3939.0
2018-12-30 21:00:00,3862.0
2018-12-30 22:00:00,3573.0
2018-12-30 23:00:00,3509.0
2018-12-31 00:00:00,3549.7058518144613
2018-12-31 01:00:00,3513.885607228683
2018-12-31 02:00:00,3479.9287412318604
2018-12-31 03:00:00,3447.790681160244
2018-12-31 04:00:00,3417.4268543500843
2018-12-31 05:00:00,3388.792688137632
2018-12-31 06:00:00,3361.843609859138
2018-12-31 07:00:00,3336.535046850852
2018-12-31 08:00:00,3312.822426449025
2018-12-31 09:00:00,3290.661175989908
2018-12-31 10:00:00,3270.006722809751
2018-12-31 11:00:00,3250.814494244805
2018-12-31 12:00:00,3233.03991763132
2018-12-31 13:00:00,3216.6384203055472
2018-12-31 14:00:00,3201.5654296037374
2018-12-31 15:00:00,3187.7763728621403
2018-12-31 16:00:00,3175.226677417007
2018-12-31 17:00:00,3163.871770604588
2018-12-31 18:00:00,3153.667079761134
2018-12-31 19:00:00,3144.568032222896
2018-12-31 20:00:00,3136.530055326123
2018-12-31 21:00:00,3129.508576407067
2018-12-31 22:00:00,3123.459022801977
2018-12-31 23:00:00,3118.336821847106
2019-01-01 00:00:00,3114.097400878703
2019-01-01 01:00:00,3110.6961872330194
2019-01-01 02:00:00,3108.088608246305
2019-01-01 03:00:00,3106.2300912548103
2019-01-01 04:00:00,3105.076063594787
2019-01-01 05:00:00,3104.5819526024848
2019-01-01 06:00:00,3104.703185614154
2019-01-01 07:00:00,3105.395189966045
2019-01-01 08:00:00,3106.613392994409
2019-01-01 09:00:00,3108.3132220354973
2019-01-01 10:00:00,3110.4501044255603
2019-01-01 11:00:00,3112.979467500847
2019-01-01 12:00:00,3115.8567385976085
2019-01-01 13:00:00,3119.0373450520965
2019-01-01 14:00:00,3122.476714200561
2019-01-01 15:00:00,3126.1302733792522
2019-01-01 16:00:00,3129.9534499244223
2019-01-01 17:00:00,3133.90167117232
2019-01-01 18:00:00,3137.9303644591973
2019-01-01 19:00:00,3141.994957121302
2019-01-01 20:00:00,3146.0508764948872
2019-01-01 21:00:00,3150.0535499162042
2019-01-01 22:00:00,3153.958404721501
2019-01-01 23:00:00,3157.720868247028
2019-01-02 00:00:00,3161.296367829038
2019-01-02 01:00:00,3164.640330803781
2019-01-02 02:00:00,3257.0
2019-01-02 03:00:00,3134.0
2019-01-02 04:00:00,3056.0
2019-01-02 05:00:00,3053.0
2019-01-02 06:00:00,3044.0
2019-01-02 07:00:00,3080.0
2019-01-02 08:00:00,3023.0
2019-01-02 09:00:00,3163.0
2019-01-02 10:00:00,3476.0
2019-01-02 11:00:00,3633.0
2019-01-02 12:00:00,3735.0
2019-01-02 13:00:00,3994.0
2019-01-02 14:00:00,4082.0
2019-01-02 15:00:00,3891.0
2019-01-02 16:00:00,4077.0
2019-01-02 17:00:00,4193.0
2019-01-02 18:00:00,4341.0
2019-01-02 19:00:00,4656.0
2019-01-02 20:00:00,4291.0
2019-01-02 21:00:00,3964.0
2019-01-02 22:00:00,3831.0
2019-01-02 23:00:00,3683.0
2019-01-03 00:00:00,3457.0
2019-01-03 01:00:00,3198.0
2019-01-03 02:00:00,3125.0
2019-01-03 03:00:00,3043.0
2019-01-03 04:00:00,3036.0
2019-01-03 05:00:00,3026.0
2019-01-03 06:00:00,3043.0
2019-01-03 07:00:00,3034.0
2019-01-03 08:00:00,2937.0
2019-01-03 09:00:00,3007.0
2019-01-03 10:00:00,3230.0
2019-01-03 11:00:00,3311.0
2019-01-03 12:00:00,3475.0
2019-01-03 13:00:00,3425.0
2019-01-03 14:00:00,3537.0
2019-01-03 15:00:00,3378.0
2019-01-03 16:00:00,3428.0
2019-01-03 17:00:00,3478.0
2019-01-03 18:00:00,3791.0
2019-01-03 19:00:00,3789.0
2019-01-03 20:00:00,3613.0
2019-01-03 21:00:00,3543.0
2019-01-03 22:00:00,3497.0
2019-01-03 23:00:00,3406.0
2019-01-04 00:00:00,3330.0
2019-01-04 01:00:00,3315.0
2019-01-04 02:00:00,3272.0
2019-01-04 03:00:00,3215.0
2019-01-04 04:00:00,3195.0
2019-01-04 05:00:00,3025.0
2019-01-04 06:00:00,3009.0
2019-01-04 07:00:00,2943.0
2019-01-04 08:00:00,2878.0
2019-01-04 09:00:00,2841.0
2019-01-04 10:00:00,2913.0
2019-01-04 11:00:00,2898.0
2019-01-04 12:00:00,2926.0
2019-01-04 13:00:00,2974.0
2019-01-04 14:00:00,3018.0
2019-01-04 15:00:00,2989.0
2019-01-04 16:00:00,3052.0
2019-01-04 17:00:00,3115.0
2019-01-04 18:00:00,3018.0
2019-01-04 19:00:00,3018.0
2019-01-04 20:00:00,3005.0
2019-01-04 21:00:00,2973.0
2019-01-04 22:00:00,3012.0
2019-01-04 23:00:00,2971.0
2019-01-05 00:00:00,2930.0
2019-01-05 01:00:00,2921.0
2019-01-05 02:00:00,2884.0
2019-01-05 03:00:00,2773.0
2019-01-05 04:00:00,2720.0
2019-01-05 05:00:00,2677.0
2019-01-05 06:00:00,2726.0
2019-01-05 07:00:00,2720.0
2019-01-05 08:00:00,2665.869839301334
2019-01-05 09:00:00,2636.869241767065
2019-01-05 10:00:00,2607.623325063791
2019-01-05 11:00:00,2578.265230920097
2019-01-05 12:00:00,2548.9281010645686
2019-01-05 13:00:00,2519.7450772257907
2019-01-05 14:00:00,2490.8493011323485
2019-01-05 15:00:00,2462.3739145128266
2019-01-05 16:00:00,2434.4520590958105
2019-01-05 17:00:00,2407.216876609885
2019-01-05 18:00:00,2380.801508783635
2019-01-05 19:00:00,2355.339097345646
2019-01-05 20:00:00,2330.962784024503
2019-01-05 21:00:00,2307.805710548791
2019-01-05 22:00:00,2286.001018647095
2019-01-05 23:00:00,2265.681850048
2019-01-06 00:00:00,2246.981346480091
2019-01-06 01:00:00,2230.0326496719535
2019-01-06 02:00:00,2214.968901352172
2019-01-06 03:00:00,2201.9232432493322
2019-01-06 04:00:00,2191.0288170920185
2019-01-06 05:00:00,2182.4187646088167
2019-01-06 06:00:00,2176.2262275283106
2019-01-06 07:00:00,2172.584347579086
2019-01-06 08:00:00,2171.6262664897286
2019-01-06 09:00:00,2173.4851259888223
2019-01-06 10:00:00,2178.294067804953
2019-01-06 11:00:00,2186.1862336667064
2019-01-06 12:00:00,2197.294765302666
2019-01-06 13:00:00,2211.7528044414175
2019-01-06 14:00:00,2229.693492811545
2019-01-06 15:00:00,2251.249972141636
2019-01-06 16:00:00,2276.5553841602728
2019-01-06 17:00:00,2305.742870596041
2019-01-06 18:00:00,2338.945573177528
2019-01-06 19:00:00,2376.2966336333175
2019-01-06 20:00:00,2417.929193691995
2019-01-06 21:00:00,2463.9763950821452
2019-01-06 22:00:00,2514.5713795323504
2019-01-06 23:00:00,2569.8472887712014
2019-01-07 00:00:00,2629.9372645272792
2019-01-07 01:00:00,2694.9744485291712
2019-01-07 02:00:00,2765.091982505458
2019-01-07 03:00:00,2840.423008184731
2019-01-07 04:00:00,2921.100667295568
2019-01-07 05:00:00,3007.258101566561
2019-01-07 06:00:00,3099.028452726292
2019-01-07 07:00:00,3196.5448625033414
2019-01-07 08:00:00,3299.940472626304
2019-01-07 09:00:00,3409.348424823762
2019-01-07 10:00:00,3385.0
2019-01-07 11:00:00,3726.0
2019-01-07 12:00:00,3868.0
2019-01-07 13:00:00,4120.0
2019-01-07 14:00:00,4424.0
2019-01-07 15:00:00,4214.0
2019-01-07 16:00:00,4378.0
2019-01-07 17:00:00,4760.0
2019-01-07 18:00:00,4726.0
2019-01-07 19:00:00,4785.0
2019-01-07 20:00:00,4342.0
2019-01-07 21:00:00,3862.0
2019-01-07 22:00:00,3675.0
2019-01-07 23:00:00,3496.0
2019-01-08 00:00:00,3445.0
2019-01-08 01:00:00,3358.0
2019-01-08 02:00:00,3274.0
2019-01-08 03:00:00,3178.0
2019-01-08 04:00:00,3199.0
2019-01-08 05:00:00,3104.0
2019-01-08 06:00:00,3113.0
2019-01-08 07:00:00,3120.0
2019-01-08 08:00:00,3113.0
2019-01-08 09:00:00,3350.0
2019-01-08 10:00:00,3665.0
2019-01-08 11:00:00,3970.0
2019-01-08 12:00:00,4119.0
2019-01-08 13:00:00,4278.0
2019-01-08 14:00:00,4560.0
2019-01-08 15:00:00,4280.0
2019-01-08 16:00:00,4460.0
2019-01-08 17:00:00,4616.0
2019-01-08 18:00:00,4540.0
2019-01-08 19:00:00,4622.0
2019-01-08 20:00:00,4459.0
2019-01-08 21:00:00,4467.0
2019-01-08 22:00:00,4314.0
2019-01-08 23:00:00,4053.0
2019-01-09 00:00:00,3916.0
2019-01-09 01:00:00,3699.0
2019-01-09 02:00:00,3537.0
2019-01-09 03:00:00,3407.0
2019-01-09 04:00:00,3350.0
2019-01-09 05:00:00,3340.0
2019-01-09 06:00:00,3256.0
2019-01-09 07:00:00,3242.0
2019-01-09 08:00:00,3183.0
2019-01-09 09:00:00,3333.0
2019-01-09 10:00:00,3583.0
2019-01-09 11:00:00,3860.0
2019-01-09 12:00:00,4116.0
2019-01-09 13:00:00,4348.0
2019-01-09 14:00:00,4520.0
2019-01-09 15:00:00,4434.0
2019-01-09 16:00:00,4683.0
2019-01-09 17:00:00,4758.0
2019-01-09 18:00:00,4730.0
2019-01-09 19:00:00,4728.0
2019-01-09 20:00:00,4751.0
2019-01-09 21:00:00,4600.0
2019-01-09 22:00:00,4415.0
2019-01-09 23:00:00,4218.0
2019-01-10 00:00:00,3890.0
2019-01-10 01:00:00,3685.0
2019-01-10 02:00:00,3523.0
2019-01-10 03:00:00,3352.0
2019-01-10 04:00:00,3184.0
2019-01-10 05:00:00,3169.0
2019-01-10 06:00:00,3158.0
2019-01-10 07:00:00,3131.0
2019-01-10 08:00:00,3109.0
2019-01-10 09:00:00,3088.0
2019-01-10 10:00:00,3257.0
2019-01-10 11:00:00,3388.0
2019-01-10 12:00:00,3571.0
2019-01-10 13:00:00,3619.0
2019-01-10 14:00:00,3750.0
2019-01-10 15:00:00,3602.0
2019-01-10 16:00:00,3579.0
2019-01-10 17:00:00,3610.0
2019-01-10 18:00:00,3588.0
2019-01-10 19:00:00,3759.0
2019-01-10 20:00:00,3811.0
2019-01-10 21:00:00,3700.0
2019-01-10 22:00:00,3522.0
2019-01-10 23:00:00,3353.0
2019-01-11 00:00:00,3250.0
2019-01-11 01:00:00,3175.0
2019-01-11 02:00:00,3100.0
2019-01-11 03:00:00,3029.0
2019-01-11 04:00:00,3014.0
2019-01-11 05:00:00,2892.0
2019-01-11 06:00:00,2953.0
2019-01-11 07:00:00,2973.0
2019-01-11 08:00:00,2927.0
2019-01-11 09:00:00,2834.0
2019-01-11 10:00:00,2841.0
2019-01-11 11:00:00,2855.0
2019-01-11 12:00:00,2877.0
2019-01-11 13:00:00,2999.0
2019-01-11 14:00:00,3113.0
2019-01-11 15:00:00,3166.0
2019-01-11 16:00:00,3149.0
2019-01-11 17:00:00,3155.0
2019-01-11 18:00:00,3132.0
2019-01-11 19:00:00,3152.0
2019-01-11 20:00:00,3126.0
2019-01-11 21:00:00,3073.0
2019-01-11 22:00:00,3087.0
2019-01-11 23:00:00,3041.0
2019-01-12 00:00:00,3002.0
2019-01-12 01:00:00,3039.0
2019-01-12 02:00:00,2995.0
2019-01-12 03:00:00,2858.0
2019-01-12 04:00:00,2731.0
2019-01-12 05:00:00,2645.0
2019-01-12 06:00:00,2653.0
2019-01-12 07:00:00,2749.0
2019-01-12 08:00:00,2829.0
2019-01-12 09:00:00,3078.0
2019-01-12 10:00:00,3218.0
2019-01-12 11:00:00,3749.0
2019-01-12 12:00:00,3819.0
2019-01-12 13:00:00,4069.0
2019-01-12 14:00:00,4341.0
2019-01-12 15:00:00,4392.0
2019-01-12 16:00:00,4475.0
2019-01-12 17:00:00,4234.0
2019-01-12 18:00:00,4218.0
2019-01-12 19:00:00,4159.0
2019-01-12 20:00:00,4070.0
2019-01-12 21:00:00,3947.0
2019-01-12 22:00:00,3921.0
2019-01-12 23:00:00,3782.0
2019-01-13 00:00:00,3621.0
2019-01-13 01:00:00,3516.0
2019-01-13 02:00:00,3375.0
2019-01-13 03:00:00,3328.614380232879
2019-01-13 04:00:00,3244.3515687857935
2019-01-13 05:00:00,3163.156555387331
2019-01-13 06:00:00,3085.037431656231
2019-01-13 07:00:00,3010.0022892112333
2019-01-13 08:00:00,2938.0592196710772
2019-01-13 09:00:00,2869.216314654502
2019-01-13 10:00:00,2803.4816657802476
2019-01-13 11:00:00,2740.8633646670537
2019-01-13 12:00:00,2681.3695029336595
2019-01-13 13:00:00,2625.0081721988045
2019-01-13 14:00:00,2571.7874640812283
2019-01-13 15:00:00,2521.71547019967
2019-01-13 16:00:00,2474.80028217287
2019-01-13 17:00:00,2431.0499916195677
2019-01-13 18:00:00,2390.472690158502
2019-01-13 19:00:00,2353.076469408413
2019-01-13 20:00:00,2318.86942098804
2019-01-13 21:00:00,2287.859636516123
2019-01-13 22:00:00,2260.055207611402
2019-01-13 23:00:00,2235.4642258926146
2019-01-14 00:00:00,2214.094782978502
2019-01-14 01:00:00,2195.9549704878013
2019-01-14 02:00:00,2181.052880039256
2019-01-14 03:00:00,2169.396603251603
2019-01-14 04:00:00,2160.9942317435834
2019-01-14 05:00:00,2155.853857133936
2019-01-14 06:00:00,2153.9835710413995
2019-01-14 07:00:00,2155.391465084715
2019-01-14 08:00:00,2160.0856308826214
2019-01-14 09:00:00,2168.0741600538563
2019-01-14 10:00:00,2179.3651442171617
2019-01-14 11:00:00,2193.9666749912753
2019-01-14 12:00:00,2211.8868439949383
2019-01-14 13:00:00,2233.1337428468914
2019-01-14 14:00:00,2257.7154631658705
2019-01-14 15:00:00,2285.640096570617
2019-01-14 16:00:00,2316.915734679872
2019-01-14 17:00:00,2351.5504691123724
2019-01-14 18:00:00,2389.55239148686
2019-01-14 19:00:00,2430.9295934220754
2019-01-14 20:00:00,2475.690166536757
2019-01-14 21:00:00,2523.8422024496417
2019-01-14 22:00:00,2575.3937927794686
2019-01-14 23:00:00,2630.3530291449792
2019-01-15 00:00:00,2688.728003164918
2019-01-15 01:00:00,2750.526806458017
2019-01-15 02:00:00,2815.7575306430126
2019-01-15 03:00:00,2884.428267338655
2019-01-15 04:00:00,2956.5471081636815
2019-01-15 05:00:00,3108.0
2019-01-15 06:00:00,3078.0
2019-01-15 07:00:00,3075.0
2019-01-15 08:00:00,3105.0
2019-01-15 09:00:00,3303.0
2019-01-15 10:00:00,3438.0
2019-01-15 11:00:00,3766.0
2019-01-15 12:00:00,3964.0
2019-01-15 13:00:00,3963.0
2019-01-15 14:00:00,4254.0
2019-01-15 15:00:00,4138.0
2019-01-15 16:00:00,4248.0
2019-01-15 17:00:00,4701.0
2019-01-15 18:00:00,4894.0
2019-01-15 19:00:00,4962.0
2019-01-15 20:00:00,4704.0
2019-01-15 21:00:00,4343.0
2019-01-15 22:00:00,4101.0
2019-01-15 23:00:00,3853.0
2019-01-16 00:00:00,3601.0
2019-01-16 01:00:00,3470.0
2019-01-16 02:00:00,3348.0
2019-01-16 03:00:00,3174.0
2019-01-16 04:00:00,3142.0
2019-01-16 05:00:00,3145.0
2019-01-16 06:00:00,3159.0
2019-01-16 07:00:00,3114.0
2019-01-16 08:00:00,3116.0
2019-01-16 09:00:00,3235.0
2019-01-16 10:00:00,3497.0
2019-01-16 11:00:00,3686.0
2019-01-16 12:00:00,3870.0
2019-01-16 13:00:00,3877.0
2019-01-16 14:00:00,4013.0
2019-01-16 15:00:00,4002.0
2019-01-16 16:00:00,3998.0
2019-01-16 17:00:00,4341.0
2019-01-16 18:00:00,4435.0
2019-01-16 19:00:00,4498.0
2019-01-16 20:00:00,4448.0
2019-01-16 21:00:00,4066.0
2019-01-16 22:00:00,3961.0
2019-01-16 23:00:00,3903.0
2019-01-17 00:00:00,3633.0
2019-01-17 01:00:00,3500.0
2019-01-17 02:00:00,3339.0
2019-01-17 03:00:00,3245.0
2019-01-17 04:00:00,3213.0
2019-01-17 05:00:00,3249.0
2019-01-17 06:00:00,3209.0
2019-01-17 07:00:00,3272.0
2019-01-17 08:00:00,3261.0
2019-01-17 09:00:00,3210.0
2019-01-17 10:00:00,3259.0
2019-01-17 11:00:00,3376.0
2019-01-17 12:00:00,3473.0
2019-01-17 13:00:00,3670.0
2019-01-17 14:00:00,3675.0
2019-01-17 15:00:00,3594.0
2019-01-17 16:00:00,3525.0
2019-01-17 17:00:00,3710.0
2019-01-17 18:00:00,3786.0
2019-01-17 19:00:00,3876.0
2019-01-17 20:00:00,3681.0
2019-01-17 21:00:00,3621.0
2019-01-17 22:00:00,3509.0
2019-01-17 23:00:00,3376.0
2019-01-18 00:00:00,3259.0
2019-01-18 01:00:00,3223.0
2019-01-18 02:00:00,3068.0
2019-01-18 03:00:00,3038.0
2019-01-18 04:00:00,3021.0
2019-01-18 05:00:00,2951.0
2019-01-18 06:00:00,2961.0
2019-01-18 07:00:00,2950.0
2019-01-18 08:00:00,2866.0
2019-01-18 09:00:00,2896.0
2019-01-18 10:00:00,2986.0
2019-01-18 11:00:00,2991.0
2019-01-18 12:00:00,3123.0
2019-01-18 13:00:00,3210.0
2019-01-18 14:00:00,3274.0
2019-01-18 15:00:00,3221.0
2019-01-18 16:00:00,3378.0
2019-01-18 17:00:00,3358.0
2019-01-18 18:00:00,3355.0
2019-01-18 19:00:00,3337.0
2019-01-18 20:00:00,3322.0
2019-01-18 21:00:00,3239.0
2019-01-18 22:00:00,3198.0
2019-01-18 23:00:00,3129.0
2019-01-19 00:00:00,3081.0
2019-01-19 01:00:00,3079.0
2019-01-19 02:00:00,3033.0
2019-01-19 03:00:00,2856.0
2019-01-19 04:00:00,2851.0
2019-01-19 05:00:00,2782.0
2019-01-19 06:00:00,2769.0
2019-01-19 07:00:00,2864.0
2019-01-19 08:00:00,3040.0
2019-01-19 09:00:00,2936.4985918576444
2019-01-19 10:00:00,2937.8110647492126
2019-01-19 11:00:00,2938.375692181525
2019-01-19 12:00:00,2938.2734564909338
2019-01-19 13:00:00,2937.58534001379
2019-01-19 14:00:00,2936.3923250864455
2019-01-19 15:00:00,2934.7753940452517
2019-01-19 16:00:00,2932.8155292265606
2019-01-19 17:00:00,2930.593712966723
2019-01-19 18:00:00,2928.190927602092
2019-01-19 19:00:00,2925.688155469018
2019-01-19 20:00:00,2923.166378903853
2019-01-19 21:00:00,2920.706580242949
2019-01-19 22:00:00,2918.389741822657
2019-01-19 23:00:00,2916.296845979329
2019-01-20 00:00:00,2914.508875049317
2019-01-20 01:00:00,2913.106811368972
2019-01-20 02:00:00,2912.1716372746464
2019-01-20 03:00:00,2911.784335102691
2019-01-20 04:00:00,2912.0258871894575
2019-01-20 05:00:00,2912.977275871298
2019-01-20 06:00:00,2914.7194834845645
2019-01-20 07:00:00,2917.333492365608
2019-01-20 08:00:00,2920.90028485078
2019-01-20 09:00:00,2925.5008432764325
2019-01-20 10:00:00,2931.216149978917
2019-01-20 11:00:00,2938.1271872945854
2019-01-20 12:00:00,2946.3149375597895
2019-01-20 13:00:00,2955.8603831108803
2019-01-20 14:00:00,2966.8445062842097
2019-01-20 15:00:00,2979.348289416129
2019-01-20 16:00:00,2993.4527148429906
2019-01-20 17:00:00,3009.2387649011457
2019-01-20 18:00:00,3026.787421926945
2019-01-20 19:00:00,3046.179668256742
2019-01-20 20:00:00,3067.496486226888
2019-01-20 21:00:00,3090.8188581737345
2019-01-20 22:00:00,3116.227766433633
2019-01-20 23:00:00,3143.804193342933
2019-01-21 00:00:00,3173.62912123799
2019-01-21 01:00:00,3205.783532455153
2019-01-21 02:00:00,3240.348409330775
2019-01-21 03:00:00,3277.404734201206
2019-01-21 04:00:00,3317.0334894028006
2019-01-21 05:00:00,3359.3156572719063
2019-01-21 06:00:00,3404.3322201448777
2019-01-21 07:00:00,3452.1641603580665
2019-01-21 08:00:00,3502.892460247822
2019-01-21 09:00:00,3556.5981021504995
2019-01-21 10:00:00,3613.362068402449
2019-01-21 11:00:00,3623.0
2019-01-21 12:00:00,3643.0
2019-01-21 13:00:00,3974.0
2019-01-21 14:00:00,4123.0
2019-01-21 15:00:00,3996.0
2019-01-21 16:00:00,4130.0
2019-01-21 17:00:00,4131.0
2019-01-21 18:00:00,4288.0
2019-01-21 19:00:00,4364.0
2019-01-21 20:00:00,4145.0
2019-01-21 21:00:00,3942.0
2019-01-21 22:00:00,3735.0
2019-01-21 23:00:00,3637.0
2019-01-22 00:00:00,3477.0
2019-01-22 01:00:00,3320.0
2019-01-22 02:00:00,3289.0
2019-01-22 03:00:00,3115.0
2019-01-22 04:00:00,3212.0
2019-01-22 05:00:00,3133.0
2019-01-22 06:00:00,3045.0
2019-01-22 07:00:00,3104.0
2019-01-22 08:00:00,3106.0
2019-01-22 09:00:00,3301.0
2019-01-22 10:00:00,3434.0
2019-01-22 11:00:00,3732.0
2019-01-22 12:00:00,3883.0
2019-01-22 13:00:00,4038.0
2019-01-22 14:00:00,4075.0
2019-01-22 15:00:00,3936.0
2019-01-22 16:00:00,3945.0
2019-01-22 17:00:00,3912.0
2019-01-22 18:00:00,4023.0
2019-01-22 19:00:00,4475.0
2019-01-22 20:00:00,4426.0
2019-01-22 21:00:00,4023.0
2019-01-22 22:00:00,3859.0
2019-01-22 23:00:00,3735.0
2019-01-23 00:00:00,3553.0
2019-01-23 01:00:00,3422.0
2019-01-23 02:00:00,3468.0
2019-01-23 03:00:00,3234.0
2019-01-23 04:00:00,3265.0
2019-01-23 05:00:00,3267.0
2019-01-23 06:00:00,3243.0
2019-01-23 07:00:00,3165.0
2019-01-23 08:00:00,3137.0
2019-01-23 09:00:00,3247.0
2019-01-23 10:00:00,3375.0
2019-01-23 11:00:00,3663.0
2019-01-23 12:00:00,3804.0
2019-01-23 13:00:00,3887.0
2019-01-23 14:00:00,4121.0
2019-01-23 15:00:00,4040.0
2019-01-23 16:00:00,4278.0
2019-01-23 17:00:00,4401.0
2019-01-23 18:00:00,4574.0
2019-01-23 19:00:00,4833.0
2019-01-23 20:00:00,4501.0
2019-01-23 21:00:00,4128.0
2019-01-23 22:00:00,4041.0
2019-01-23 23:00:00,3802.0
2019-01-24 00:00:00,3669.0
2019-01-24 01:00:00,3520.0
2019-01-24 02:00:00,3373.0
2019-01-24 03:00:00,3200.0
2019-01-24 04:00:00,3183.0
2019-01-24 05:00:00,3119.0
2019-01-24 06:00:00,3128.0
2019-01-24 07:00:00,3055.0
2019-01-24 08:00:00,3067.0
2019-01-24 09:00:00,3089.0
2019-01-24 10:00:00,3185.0
2019-01-24 11:00:00,3209.0
2019-01-24 12:00:00,3258.0
2019-01-24 13:00:00,3269.0
2019-01-24 14:00:00,3297.0
2019-01-24 15:00:00,3332.0
2019-01-24 16:00:00,3485.0
2019-01-24 17:00:00,3687.0
2019-01-24 18:00:00,3992.0
2019-01-24 19:00:00,4043.0
2019-01-24 20:00:00,3894.0
2019-01-24 21:00:00,3822.0
2019-01-24 22:00:00,3925.0
2019-01-24 23:00:00,3567.0
2019-01-25 00:00:00,3476.0
2019-01-25 01:00:00,3200.0
2019-01-25 02:00:00,3276.0
2019-01-25 03:00:00,3040.0
2019-01-25 04:00:00,3016.0
2019-01-25 05:00:00,2869.0
2019-01-25 06:00:00,2822.0
2019-01-25 07:00:00,2853.0
2019-01-25 08:00:00,2755.0
2019-01-25 09:00:00,2605.0
2019-01-25 10:00:00,2732.0
2019-01-25 11:00:00,2767.0
2019-01-25 12:00:00,2770.0
2019-01-25 13:00:00,2828.0
2019-01-25 14:00:00,2960.0
2019-01-25 15:00:00,2956.0
2019-01-25 16:00:00,3216.0
2019-01-25 17:00:00,3162.0
2019-01-25 18:00:00,3254.0
2019-01-25 19:00:00,3341.0
2019-01-25 20:00:00,3311.0
2019-01-25 21:00:00,3209.0
2019-01-25 22:00:00,3241.0
2019-01-25 23:00:00,3122.0
2019-01-26 00:00:00,3064.0
2019-01-26 01:00:00,3002.0
2019-01-26 02:00:00,2934.0
2019-01-26 03:00:00,2809.0
2019-01-26 04:00:00,2702.0
2019-01-26 05:00:00,2611.0
2019-01-26 06:00:00,2647.0
2019-01-26 07:00:00,2744.0
2019-01-26 08:00:00,2911.0
2019-01-26 09:00:00,2977.0
2019-01-26 10:00:00,3104.0
2019-01-26 11:00:00,3504.0
2019-01-26 12:00:00,3567.0
2019-01-26 13:00:00,3715.0
2019-01-26 14:00:00,3895.0
2019-01-26 15:00:00,4044.0
2019-01-26 16:00:00,4273.0
2019-01-26 17:00:00,4537.0
2019-01-26 18:00:00,4814.0
2019-01-26 19:00:00,5115.0
2019-01-26 20:00:00,4853.0
2019-01-26 21:00:00,4297.0
2019-01-26 22:00:00,4379.0
2019-01-26 23:00:00,4134.0
2019-01-27 00:00:00,3780.0
2019-01-27 01:00:00,3590.0
2019-01-27 02:00:00,3481.0
2019-01-27 03:00:00,3350.0
2019-01-27 04:00:00,3276.0
2019-01-27 05:00:00,3181.0
2019-01-27 06:00:00,3108.0
2019-01-27 07:00:00,3162.0
2019-01-27 08:00:00,3111.0
2019-01-27 09:00:00,3232.0
2019-01-27 10:00:00,3369.0
2019-01-27 11:00:00,3632.0
2019-01-27 12:00:00,3926.0
2019-01-27 13:00:00,4295.0
2019-01-27 14:00:00,4451.0
2019-01-27 15:00:00,4435.0
2019-01-27 16:00:00,4603.0
2019-01-27 17:00:00,4805.0
2019-01-27 18:00:00,5171.0
2019-01-27 19:00:00,5187.0
2019-01-27 20:00:00,4976.0
2019-01-27 21:00:00,4754.0
2019-01-27 22:00:00,4688.0
2019-01-27 23:00:00,4383.0
2019-01-28 00:00:00,4138.0
2019-01-28 01:00:00,3937.0
2019-01-28 02:00:00,3552.0
2019-01-28 03:00:00,3422.0
2019-01-28 04:00:00,3407.0
2019-01-28 05:00:00,3337.0
2019-01-28 06:00:00,3164.0
2019-01-28 07:00:00,3257.0
2019-01-28 08:00:00,3123.0
2019-01-28 09:00:00,3251.0
2019-01-28 10:00:00,3405.0
2019-01-28 11:00:00,3854.0
2019-01-28 12:00:00,4170.0
2019-01-28 13:00:00,4278.0
2019-01-28 14:00:00,4449.0
2019-01-28 15:00:00,4439.0
2019-01-28 16:00:00,4685.0
2019-01-28 17:00:00,4947.0
2019-01-28 18:00:00,5151.0
2019-01-28 19:00:00,5421.0
2019-01-28 20:00:00,5176.0
2019-01-28 21:00:00,4809.0
2019-01-28 22:00:00,4556.0
2019-01-28 23:00:00,4248.0
2019-01-29 00:00:00,4027.0
2019-01-29 01:00:00,3745.0
2019-01-29 02:00:00,3515.0
2019-01-29 03:00:00,3392.0
2019-01-29 04:00:00,3427.0
2019-01-29 05:00:00,3322.0
2019-01-29 06:00:00,3148.0
2019-01-29 07:00:00,3273.0
2019-01-29 08:00:00,3183.0
2019-01-29 09:00:00,3277.0
2019-01-29 10:00:00,3415.0
2019-01-29 11:00:00,3635.0
2019-01-29 12:00:00,3731.0
2019-01-29 13:00:00,3779.0
2019-01-29 14:00:00,3930.0
2019-01-29 15:00:00,3927.0
2019-01-29 16:00:00,4068.0
2019-01-29 17:00:00,4349.0
2019-01-29 18:00:00,4533.0
2019-01-29 19:00:00,4716.0
2019-01-29 20:00:00,4579.0
2019-01-29 21:00:00,4431.0
2019-01-29 22:00:00,4274.0
2019-01-29 23:00:00,3973.0
2019-01-30 00:00:00,3670.0
2019-01-30 01:00:00,3540.0
2019-01-30 02:00:00,3408.0
2019-01-30 03:00:00,3370.0
2019-01-30 04:00:00,3376.0
2019-01-30 05:00:00,3345.0
2019-01-30 06:00:00,3286.0
2019-01-30 07:00:00,3322.0
2019-01-30 08:00:00,3289.0
2019-01-30 09:00:00,3335.0
2019-01-30 10:00:00,3466.0
2019-01-30 11:00:00,3721.0
2019-01-30 12:00:00,3829.0
2019-01-30 13:00:00,3890.0
2019-01-30 14:00:00,4148.0
2019-01-30 15:00:00,4072.0
2019-01-30 16:00:00,4037.0
2019-01-30 17:00:00,4146.0
2019-01-30 18:00:00,4163.0
2019-01-30 19:00:00,4233.0
2019-01-30 20:00:00,4089.0
2019-01-30 21:00:00,4048.0
2019-01-30 22:00:00,3969.0
2019-01-30 23:00:00,3879.0
2019-01-31 00:00:00,3707.0
2019-01-31 01:00:00,3434.0
2019-01-31 02:00:00,3258.0
2019-01-31 03:00:00,3250.0
2019-01-31 04:00:00,3375.0
2019-01-31 05:00:00,3136.0
2019-01-31 06:00:00,3109.0
2019-01-31 07:00:00,3323.0
2019-01-31 08:00:00,3308.0
2019-01-31 09:00:00,3207.0
2019-01-31 10:00:00,3205.0
2019-01-31 11:00:00,3321.0
2019-01-31 12:00:00,3404.0
2019-01-31 13:00:00,3485.0
2019-01-31 14:00:00,3671.0
2019-01-31 15:00:00,3601.0
2019-01-31 16:00:00,3672.0
2019-01-31 17:00:00,3797.0
2019-01-31 18:00:00,3803.0
2019-01-31 19:00:00,4075.0
2019-01-31 20:00:00,3890.0
2019-01-31 21:00:00,3771.0
2019-01-31 22:00:00,3924.0
2019-01-31 23:00:00,3686.0
2019-02-01 00:00:00,3365.0
2019-02-01 01:00:00,3442.0
2019-02-01 02:00:00,3277.0
2019-02-01 03:00:00,3186.0
2019-02-01 04:00:00,3205.0
2019-02-01 05:00:00,3125.0
2019-02-01 06:00:00,3209.0
2019-02-01 07:00:00,3149.0
2019-02-01 08:00:00,3037.0
2019-02-01 09:00:00,2909.0
2019-02-01 10:00:00,2947.0
2019-02-01 11:00:00,2970.0
2019-02-01 12:00:00,3063.0
2019-02-01 13:00:00,3102.0
2019-02-01 14:00:00,3151.0
2019-02-01 15:00:00,3146.0
2019-02-01 16:00:00,3336.0
2019-02-01 17:00:00,3251.0
2019-02-01 18:00:00,3346.0
2019-02-01 19:00:00,3327.0
2019-02-01 20:00:00,3209.0
2019-02-01 21:00:00,3087.0
2019-02-01 22:00:00,3070.0
2019-02-01 23:00:00,3036.0
2019-02-02 00:00:00,3002.0
2019-02-02 01:00:00,2968.0
2019-02-02 02:00:00,2867.0
2019-02-02 03:00:00,2803.0
2019-02-02 04:00:00,2801.0
2019-02-02 05:00:00,2726.0
2019-02-02 06:00:00,2739.0
2019-02-02 07:00:00,2816.0
2019-02-02 08:00:00,2927.0
2019-02-02 09:00:00,3039.0
2019-02-02 10:00:00,3277.0
2019-02-02 11:00:00,3444.0
2019-02-02 12:00:00,3631.0
2019-02-02 13:00:00,3817.0
2019-02-02 14:00:00,4019.0
2019-02-02 15:00:00,4095.0
2019-02-02 16:00:00,4300.0
2019-02-02 17:00:00,4796.0
2019-02-02 18:00:00,4601.0
2019-02-02 19:00:00,4557.0
2019-02-02 20:00:00,4440.0
2019-02-02 21:00:00,4126.0
2019-02-02 22:00:00,4086.0
2019-02-02 23:00:00,3759.0
2019-02-03 00:00:00,3622.0
2019-02-03 01:00:00,3483.0
2019-02-03 02:00:00,3378.0
2019-02-03 03:00:00,3256.0
2019-02-03 04:00:00,3331.0
2019-02-03 05:00:00,3287.0
2019-02-03 06:00:00,3221.0
2019-02-03 07:00:00,3224.0
2019-02-03 08:00:00,3270.0
2019-02-03 09:00:00,3284.0
2019-02-03 10:00:00,3472.0
2019-02-03 11:00:00,3849.0
2019-02-03 12:00:00,4029.0
2019-02-03 13:00:00,4303.0
2019-02-03 14:00:00,4546.0
2019-02-03 15:00:00,4598.0
2019-02-03 16:00:00,4788.0
2019-02-03 17:00:00,4917.0
2019-02-03 18:00:00,4941.0
2019-02-03 19:00:00,4877.0
2019-02-03 20:00:00,4736.0
2019-02-03 21:00:00,4445.0
2019-02-03 22:00:00,4170.0
2019-02-03 23:00:00,3913.0
2019-02-04 00:00:00,3833.0
2019-02-04 01:00:00,3736.0
2019-02-04 02:00:00,3530.0
2019-02-04 03:00:00,3350.0
2019-02-04 04:00:00,3408.0
2019-02-04 05:00:00,3285.0
2019-02-04 06:00:00,3244.0
2019-02-04 07:00:00,3260.0
2019-02-04 08:00:00,3234.0
2019-02-04 09:00:00,3303.0
2019-02-04 10:00:00,3482.0
2019-02-04 11:00:00,3691.0
2019-02-04 12:00:00,3962.0
2019-02-04 13:00:00,4180.0
2019-02-04 14:00:00,4523.0
2019-02-04 15:00:00,4718.0
2019-02-04 16:00:00,4774.0
2019-02-04 17:00:00,4960.0
2019-02-04 18:00:00,4710.0
2019-02-04 19:00:00,5147.0
2019-02-04 20:00:00,4564.0
2019-02-04 21:00:00,4460.0
2019-02-04 22:00:00,4300.0
2019-02-04 23:00:00,4123.0
2019-02-05 00:00:00,4004.0
2019-02-05 01:00:00,3829.0
2019-02-05 02:00:00,3560.0
2019-02-05 03:00:00,3467.0
2019-02-05 04:00:00,3526.0
2019-02-05 05:00:00,3340.0
2019-02-05 06:00:00,3318.0
2019-02-05 07:00:00,3414.0
2019-02-05 08:00:00,3433.0
2019-02-05 09:00:00,3521.0
2019-02-05 10:00:00,3806.0
2019-02-05 11:00:00,3988.0
2019-02-05 12:00:00,4187.0
2019-02-05 13:00:00,4462.0
2019-02-05 14:00:00,4605.0
2019-02-05 15:00:00,4499.0
2019-02-05 16:00:00,4615.0
2019-02-05 17:00:00,4796.0
2019-02-05 18:00:00,5000.0
2019-02-05 19:00:00,5053.0
2019-02-05 20:00:00,4992.0
2019-02-05 21:00:00,4628.0
2019-02-05 22:00:00,4653.0
2019-02-05 23:00:00,4456.0
2019-02-06 00:00:00,4307.0
2019-02-06 01:00:00,3995.0
2019-02-06 02:00:00,3805.0
2019-02-06 03:00:00,3683.0
2019-02-06 04:00:00,3612.0
2019-02-06 05:00:00,3547.0
2019-02-06 06:00:00,3556.0
2019-02-06 07:00:00,3581.0
2019-02-06 08:00:00,3567.0
2019-02-06 09:00:00,3596.0
2019-02-06 10:00:00,3703.0
2019-02-06 11:00:00,3922.0
2019-02-06 12:00:00,4326.0
2019-02-06 13:00:00,4534.0
2019-02-06 14:00:00,4650.0
2019-02-06 15:00:00,4468.0
2019-02-06 16:00:00,4640.0
2019-02-06 17:00:00,4621.0
2019-02-06 18:00:00,4909.0
2019-02-06 19:00:00,4922.0
2019-02-06 20:00:00,4742.0
2019-02-06 21:00:00,4567.0
2019-02-06 22:00:00,4504.0
2019-02-06 23:00:00,4378.0
2019-02-07 00:00:00,3892.0
2019-02-07 01:00:00,3875.0
2019-02-07 02:00:00,3613.0
2019-02-07 03:00:00,3403.0
2019-02-07 04:00:00,3545.0
2019-02-07 05:00:00,3537.0
2019-02-07 06:00:00,3496.0
2019-02-07 07:00:00,3437.0
2019-02-07 08:00:00,3359.0
2019-02-07 09:00:00,3265.0
2019-02-07 10:00:00,3338.0
2019-02-07 11:00:00,3422.0
2019-02-07 12:00:00,3507.0
2019-02-07 13:00:00,3900.0
2019-02-07 14:00:00,4563.0
2019-02-07 15:00:00,4577.0
2019-02-07 16:00:00,4570.0
2019-02-07 17:00:00,4765.0
2019-02-07 18:00:00,4677.0
2019-02-07 19:00:00,4713.0
2019-02-07 20:00:00,4647.0
2019-02-07 21:00:00,4575.0
2019-02-07 22:00:00,4412.0
2019-02-07 23:00:00,4128.0
2019-02-08 00:00:00,3955.0
2019-02-08 01:00:00,3928.0
2019-02-08 02:00:00,3600.0
2019-02-08 03:00:00,3306.0
2019-02-08 04:00:00,3379.0
2019-02-08 05:00:00,3281.0
2019-02-08 06:00:00,3234.0
2019-02-08 07:00:00,3242.0
2019-02-08 08:00:00,3147.0
2019-02-08 09:00:00,2998.0
2019-02-08 10:00:00,3048.0
2019-02-08 11:00:00,3089.0
2019-02-08 12:00:00,3108.0
2019-02-08 13:00:00,3302.0
2019-02-08 14:00:00,3536.0
2019-02-08 15:00:00,3532.0
2019-02-08 16:00:00,3890.0
2019-02-08 17:00:00,3687.0
2019-02-08 18:00:00,3663.0
2019-02-08 19:00:00,3694.0
2019-02-08 20:00:00,3583.0
2019-02-08 21:00:00,3468.0
2019-02-08 22:00:00,3415.0
2019-02-08 23:00:00,3334.0
2019-02-09 00:00:00,3246.0
2019-02-09 01:00:00,3280.0
2019-02-09 02:00:00,3227.0
2019-02-09 03:00:00,2953.0
2019-02-09 04:00:00,3179.0
2019-02-09 05:00:00,2888.0
2019-02-09 06:00:00,3077.0
2019-02-09 07:00:00,3140.0
2019-02-09 08:00:00,3255.0
2019-02-09 09:00:00,3284.0
2019-02-09 10:00:00,3528.0
2019-02-09 11:00:00,3800.0
2019-02-09 12:00:00,3889.0
2019-02-09 13:00:00,4340.0
2019-02-09 14:00:00,4321.0
2019-02-09 15:00:00,4293.0
2019-02-09 16:00:00,4393.0
2019-02-09 17:00:00,4384.0
2019-02-09 18:00:00,4495.0
2019-02-09 19:00:00,4374.0
2019-02-09 20:00:00,4171.0
2019-02-09 21:00:00,3979.0
2019-02-09 22:00:00,4055.0
2019-02-09 23:00:00,3888.0
2019-02-10 00:00:00,3630.0
2019-02-10 01:00:00,3526.0
2019-02-10 02:00:00,3377.0
2019-02-10 03:00:00,3272.0
2019-02-10 04:00:00,3265.0
2019-02-10 05:00:00,3199.0
2019-02-10 06:00:00,3180.0
2019-02-10 07:00:00,3215.0
2019-02-10 08:00:00,3207.0
2019-02-10 09:00:00,3301.0
2019-02-10 10:00:00,3458.0
2019-02-10 11:00:00,3561.0
2019-02-10 12:00:00,3804.0
2019-02-10 13:00:00,3920.0
2019-02-10 14:00:00,4373.0
2019-02-10 15:00:00,4335.0
2019-02-10 16:00:00,4524.0
2019-02-10 17:00:00,4779.0
2019-02-10 18:00:00,5027.0
2019-02-10 19:00:00,4988.0
2019-02-10 20:00:00,4738.0
2019-02-10 21:00:00,4566.0
2019-02-10 22:00:00,4649.0
2019-02-10 23:00:00,4458.0
2019-02-11 00:00:00,4319.0
2019-02-11 01:00:00,4200.0
2019-02-11 02:00:00,4097.0
2019-02-11 03:00:00,3880.0
2019-02-11 04:00:00,3823.0
2019-02-11 05:00:00,3676.0
2019-02-11 06:00:00,3583.0
2019-02-11 07:00:00,3508.0
2019-02-11 08:00:00,3521.0
2019-02-11 09:00:00,3314.0
2019-02-11 10:00:00,3545.0
2019-02-11 11:00:00,3623.0
2019-02-11 12:00:00,3908.0
2019-02-11 13:00:00,3903.0
2019-02-11 14:00:00,4145.0
2019-02-11 15:00:00,4044.0
2019-02-11 16:00:00,4097.0
2019-02-11 17:00:00,4524.0
2019-02-11 18:00:00,4527.0
2019-02-11 19:00:00,4374.0
2019-02-11 20:00:00,4217.0
2019-02-11 21:00:00,4068.0
2019-02-11 22:00:00,3929.0
2019-02-11 23:00:00,3847.0
2019-02-12 00:00:00,3506.0
2019-02-12 01:00:00,3412.0
2019-02-12 02:00:00,3315.0
2019-02-12 03:00:00,3206.0
2019-02-12 04:00:00,3326.0
2019-02-12 05:00:00,3226.0
2019-02-12 06:00:00,3123.0
2019-02-12 07:00:00,3096.0
2019-02-12 08:00:00,3062.0
2019-02-12 09:00:00,3089.0
2019-02-12 10:00:00,3459.0
2019-02-12 11:00:00,3568.0
2019-02-12 12:00:00,3778.0
2019-02-12 13:00:00,3961.0
2019-02-12 14:00:00,4256.0
2019-02-12 15:00:00,4301.0
2019-02-12 16:00:00,4531.0
2019-02-12 17:00:00,4720.0
2019-02-12 18:00:00,4774.0
2019-02-12 19:00:00,4627.0
2019-02-12 20:00:00,4495.0
2019-02-12 21:00:00,4179.0
2019-02-12 22:00:00,4201.0
2019-02-12 23:00:00,4088.0
2019-02-13 00:00:00,4007.0
2019-02-13 01:00:00,3876.0
2019-02-13 02:00:00,3604.0
2019-02-13 03:00:00,3374.0
2019-02-13 04:00:00,3319.0
2019-02-13 05:00:00,3316.0
2019-02-13 06:00:00,3243.0
2019-02-13 07:00:00,3196.0
2019-02-13 08:00:00,3100.0
2019-02-13 09:00:00,3179.0
2019-02-13 10:00:00,3406.0
2019-02-13 11:00:00,3459.0
2019-02-13 12:00:00,3580.0
2019-02-13 13:00:00,3770.0
2019-02-13 14:00:00,3868.0
2019-02-13 15:00:00,3762.0
2019-02-13 16:00:00,4099.0
2019-02-13 17:00:00,4259.0
2019-02-13 18:00:00,4007.0
2019-02-13 19:00:00,3968.0
2019-02-13 20:00:00,4043.0
2019-02-13 21:00:00,3921.0
2019-02-13 22:00:00,4021.0
2019-02-13 23:00:00,3973.0
2019-02-14 00:00:00,3883.0
2019-02-14 01:00:00,3691.0
2019-02-14 02:00:00,3475.0
2019-02-14 03:00:00,3294.0
2019-02-14 04:00:00,3360.0
2019-02-14 05:00:00,3469.0
2019-02-14 06:00:00,3327.0
2019-02-14 07:00:00,3295.0
2019-02-14 08:00:00,3151.0
2019-02-14 09:00:00,3234.0
2019-02-14 10:00:00,3263.0
2019-02-14 11:00:00,3287.0
2019-02-14 12:00:00,3581.0
2019-02-14 13:00:00,3729.0
2019-02-14 14:00:00,3920.0
2019-02-14 15:00:00,3982.0
2019-02-14 16:00:00,4128.0
2019-02-14 17:00:00,4220.0
2019-02-14 18:00:00,4355.0
2019-02-14 19:00:00,4257.0
2019-02-14 20:00:00,4288.0
2019-02-14 21:00:00,4270.0
2019-02-14 22:00:00,4181.0
2019-02-14 23:00:00,3951.0
2019-02-15 00:00:00,3868.0
2019-02-15 01:00:00,3837.0
2019-02-15 02:00:00,3615.0
2019-02-15 03:00:00,3455.0
2019-02-15 04:00:00,3484.0
2019-02-15 05:00:00,3295.0
2019-02-15 06:00:00,3191.0
2019-02-15 07:00:00,3135.0
2019-02-15 08:00:00,2941.0
2019-02-15 09:00:00,2932.0
2019-02-15 10:00:00,3103.0
2019-02-15 11:00:00,3154.0
2019-02-15 12:00:00,3377.0
2019-02-15 13:00:00,3582.0
2019-02-15 14:00:00,3681.0
2019-02-15 15:00:00,3734.0
2019-02-15 16:00:00,3801.0
2019-02-15 17:00:00,3993.0
2019-02-15 18:00:00,4057.0
2019-02-15 19:00:00,4012.0
2019-02-15 20:00:00,3859.0
2019-02-15 21:00:00,3758.0
2019-02-15 22:00:00,3747.0
2019-02-15 23:00:00,3571.0
2019-02-16 00:00:00,3428.0
2019-02-16 01:00:00,3091.0
2019-02-16 02:00:00,3381.0
2019-02-16 03:00:00,3097.0
2019-02-16 04:00:00,3148.0
2019-02-16 05:00:00,3049.0
2019-02-16 06:00:00,3043.0
2019-02-16 07:00:00,3035.0
2019-02-16 08:00:00,3205.0
2019-02-16 09:00:00,3305.0
2019-02-16 10:00:00,3520.0
2019-02-16 11:00:00,3859.0
2019-02-16 12:00:00,3994.0
2019-02-16 13:00:00,3974.0
2019-02-16 14:00:00,4405.0
2019-02-16 15:00:00,4696.0
2019-02-16 16:00:00,4490.0
2019-02-16 17:00:00,4644.0
2019-02-16 18:00:00,4683.0
2019-02-16 19:00:00,4681.0
2019-02-16 20:00:00,4583.0
2019-02-16 21:00:00,4284.0
2019-02-16 22:00:00,4128.0
2019-02-16 23:00:00,4089.0
2019-02-17 00:00:00,3884.0
2019-02-17 01:00:00,3786.0
2019-02-17 02:00:00,3414.0
2019-02-17 03:00:00,3341.0
2019-02-17 04:00:00,3480.0
2019-02-17 05:00:00,3306.0
2019-02-17 06:00:00,3185.0
2019-02-17 07:00:00,3156.0
2019-02-17 08:00:00,3250.0
2019-02-17 09:00:00,3287.0
2019-02-17 10:00:00,3402.0
2019-02-17 11:00:00,3664.0
2019-02-17 12:00:00,3881.0
2019-02-17 13:00:00,4225.0
2019-02-17 14:00:00,4366.0
2019-02-17 15:00:00,4450.0
2019-02-17 16:00:00,4736.0
2019-02-17 17:00:00,4815.0
2019-02-17 18:00:00,4960.0
2019-02-17 19:00:00,4877.0
2019-02-17 20:00:00,4475.0
2019-02-17 21:00:00,4293.0
2019-02-17 22:00:00,4296.0
2019-02-17 23:00:00,4166.0
2019-02-18 00:00:00,3871.0
2019-02-18 01:00:00,3770.0
2019-02-18 02:00:00,3606.0
2019-02-18 03:00:00,3496.0
2019-02-18 04:00:00,3453.0
2019-02-18 05:00:00,3226.0
2019-02-18 06:00:00,3214.0
2019-02-18 07:00:00,3226.0
2019-02-18 08:00:00,3236.0
2019-02-18 09:00:00,3269.0
2019-02-18 10:00:00,3430.0
2019-02-18 11:00:00,3635.0
2019-02-18 12:00:00,3872.0
2019-02-18 13:00:00,4092.0
2019-02-18 14:00:00,4345.0
2019-02-18 15:00:00,4583.0
2019-02-18 16:00:00,4583.0
2019-02-18 17:00:00,4769.0
2019-02-18 18:00:00,4562.0
2019-02-18 19:00:00,4777.0
2019-02-18 20:00:00,4728.0
2019-02-18 21:00:00,4525.0
2019-02-18 22:00:00,4233.0
2019-02-18 23:00:00,4073.0
2019-02-19 00:00:00,3804.0
2019-02-19 01:00:00,3488.0
2019-02-19 02:00:00,3416.0
2019-02-19 03:00:00,3357.0
2019-02-19 04:00:00,3407.0
2019-02-19 05:00:00,3231.0
2019-02-19 06:00:00,2933.0
2019-02-19 07:00:00,3018.0
2019-02-19 08:00:00,3071.0
2019-02-19 09:00:00,3158.0
2019-02-19 10:00:00,3327.0
2019-02-19 11:00:00,3572.0
2019-02-19 12:00:00,4014.0
2019-02-19 13:00:00,4212.0
2019-02-19 14:00:00,4400.0
2019-02-19 15:00:00,4463.0
2019-02-19 16:00:00,4464.0
2019-02-19 17:00:00,4526.0
2019-02-19 18:00:00,4563.0
2019-02-19 19:00:00,4770.0
2019-02-19 20:00:00,4606.0
2019-02-19 21:00:00,4330.0
2019-02-19 22:00:00,4120.0
2019-02-19 23:00:00,3960.0
2019-02-20 00:00:00,3821.0
2019-02-20 01:00:00,3610.0
2019-02-20 02:00:00,3490.0
2019-02-20 03:00:00,3355.0
2019-02-20 04:00:00,3403.0
2019-02-20 05:00:00,3304.0
2019-02-20 06:00:00,3260.0
2019-02-20 07:00:00,3224.0
2019-02-20 08:00:00,3261.0
2019-02-20 09:00:00,3361.0
2019-02-20 10:00:00,3555.0
2019-02-20 11:00:00,3668.0
2019-02-20 12:00:00,3918.0
2019-02-20 13:00:00,3943.0
2019-02-20 14:00:00,4235.0
2019-02-20 15:00:00,4389.0
2019-02-20 16:00:00,4448.0
2019-02-20 17:00:00,4532.0
2019-02-20 18:00:00,4520.0
2019-02-20 19:00:00,4463.0
2019-02-20 20:00:00,4321.0
2019-02-20 21:00:00,4109.0
2019-02-20 22:00:00,4041.0
2019-02-20 23:00:00,4116.0
2019-02-21 00:00:00,3822.0
2019-02-21 01:00:00,3596.0
2019-02-21 02:00:00,3458.0
2019-02-21 03:00:00,3363.0
2019-02-21 04:00:00,3363.0
2019-02-21 05:00:00,3405.0
2019-02-21 06:00:00,3257.0
2019-02-21 07:00:00,3146.0
2019-02-21 08:00:00,3093.0
2019-02-21 09:00:00,3018.0
2019-02-21 10:00:00,3059.0
2019-02-21 11:00:00,3179.0
2019-02-21 12:00:00,3343.0
2019-02-21 13:00:00,3515.0
2019-02-21 14:00:00,3700.0
2019-02-21 15:00:00,3684.0
2019-02-21 16:00:00,3784.0
2019-02-21 17:00:00,3920.0
2019-02-21 18:00:00,4119.0
2019-02-21 19:00:00,4053.0
2019-02-21 20:00:00,3915.0
2019-02-21 21:00:00,3864.0
2019-02-21 22:00:00,3828.0
2019-02-21 23:00:00,3520.0
2019-02-22 00:00:00,3409.0
2019-02-22 01:00:00,3307.0
2019-02-22 02:00:00,3224.0
2019-02-22 03:00:00,3105.0
2019-02-22 04:00:00,3043.0
2019-02-22 05:00:00,2900.0
2019-02-22 06:00:00,2945.0
2019-02-22 07:00:00,2887.0
2019-02-22 08:00:00,2840.0
2019-02-22 09:00:00,2803.0
2019-02-22 10:00:00,2775.0
2019-02-22 11:00:00,2815.0
2019-02-22 12:00:00,2907.0
2019-02-22 13:00:00,3067.0
2019-02-22 14:00:00,3189.0
2019-02-22 15:00:00,3419.0
2019-02-22 16:00:00,3867.0
2019-02-22 17:00:00,3628.0
2019-02-22 18:00:00,3635.0
2019-02-22 19:00:00,3635.0
2019-02-22 20:00:00,3582.0
2019-02-22 21:00:00,3488.0
2019-02-22 22:00:00,3230.0
2019-02-22 23:00:00,3195.0
2019-02-23 00:00:00,3073.0
2019-02-23 01:00:00,3062.0
2019-02-23 02:00:00,2929.0
2019-02-23 03:00:00,2869.0
2019-02-23 04:00:00,2876.0
2019-02-23 05:00:00,2875.0
2019-02-23 06:00:00,2879.0
2019-02-23 07:00:00,2850.0
2019-02-23 08:00:00,2961.0
2019-02-23 09:00:00,3042.0
2019-02-23 10:00:00,3267.0
2019-02-23 11:00:00,3674.0
2019-02-23 12:00:00,3839.0
2019-02-23 13:00:00,3982.0
2019-02-23 14:00:00,4325.0
2019-02-23 15:00:00,4232.0
2019-02-23 16:00:00,4501.0
2019-02-23 17:00:00,4592.0
2019-02-23 18:00:00,4792.0
2019-02-23 19:00:00,4810.0
2019-02-23 20:00:00,4743.0
2019-02-23 21:00:00,4545.0
2019-02-23 22:00:00,4421.0
2019-02-23 23:00:00,4246.0
2019-02-24 00:00:00,3901.0
2019-02-24 01:00:00,3852.0
2019-02-24 02:00:00,3680.0
2019-02-24 03:00:00,3556.0
2019-02-24 04:00:00,3663.0
2019-02-24 05:00:00,3599.0
2019-02-24 06:00:00,3320.0
2019-02-24 07:00:00,3293.0
2019-02-24 08:00:00,3400.0
2019-02-24 09:00:00,3426.0
2019-02-24 10:00:00,3650.0
2019-02-24 11:00:00,3856.0
2019-02-24 12:00:00,4058.0
2019-02-24 13:00:00,4167.0
2019-02-24 14:00:00,4482.0
2019-02-24 15:00:00,4589.0
2019-02-24 16:00:00,4709.0
2019-02-24 17:00:00,4771.0
2019-02-24 18:00:00,4822.0
2019-02-24 19:00:00,4821.0
2019-02-24 20:00:00,4655.0
2019-02-24 21:00:00,4478.0
2019-02-24 22:00:00,4396.0
2019-02-24 23:00:00,4360.0
2019-02-25 00:00:00,4033.0
2019-02-25 01:00:00,3897.0
2019-02-25 02:00:00,3620.0
2019-02-25 03:00:00,3552.0
2019-02-25 04:00:00,3455.0
2019-02-25 05:00:00,3341.3698816007636
2019-02-25 06:00:00,3233.055193799909
2019-02-25 07:00:00,3129.9402496093057
2019-02-25 08:00:00,3031.9721551316266
2019-02-25 09:00:00,2939.0980164695447
2019-02-25 10:00:00,2851.264939725733
2019-02-25 11:00:00,2768.4200310028637
2019-02-25 12:00:00,2690.51039640361
2019-02-25 13:00:00,2617.483142030645
2019-02-25 14:00:00,2549.2853739866414
2019-02-25 15:00:00,2485.864198374272
2019-02-25 16:00:00,2427.1667212962093
2019-02-25 17:00:00,2373.140048855126
2019-02-25 18:00:00,2323.731287153696
2019-02-25 19:00:00,2278.887542294592
2019-02-25 20:00:00,2238.555920380486
2019-02-25 21:00:00,2202.683527514051
2019-02-25 22:00:00,2171.21746979796
2019-02-25 23:00:00,2144.104853334886
2019-02-26 00:00:00,2121.292784227502
2019-02-26 01:00:00,2102.7283685784805
2019-02-26 02:00:00,2088.3587124904943
2019-02-26 03:00:00,2078.1309220662138
2019-02-26 04:00:00,2071.9921034083172
2019-02-26 05:00:00,2069.8893626194745
2019-02-26 06:00:00,2071.769805802359
2019-02-26 07:00:00,2077.5805390596424
2019-02-26 08:00:00,2087.268668493998
2019-02-26 09:00:00,2100.7813002081
2019-02-26 10:00:00,2118.0655403046208
2019-02-26 11:00:00,2139.068494886231
2019-02-26 12:00:00,2163.7372700556043
2019-02-26 13:00:00,2192.018971915413
2019-02-26 14:00:00,2223.8607065683327
2019-02-26 15:00:00,2259.209580117037
2019-02-26 16:00:00,2298.012698664194
2019-02-26 17:00:00,2340.217168312477
2019-02-26 18:00:00,2385.7700951645634
2019-02-26 19:00:00,2434.6185853231236
2019-02-26 20:00:00,2486.7097448908303
2019-02-26 21:00:00,2541.9906799703604
2019-02-26 22:00:00,2600.4084966643827
2019-02-26 23:00:00,2661.91030107557
2019-02-27 00:00:00,2726.4431993065905
2019-02-27 01:00:00,2793.9542974601227
2019-02-27 02:00:00,2864.3907016388443
2019-02-27 03:00:00,2937.699517945418
2019-02-27 04:00:00,3013.827852482514
2019-02-27 05:00:00,3092.722811352817
2019-02-27 06:00:00,3174.3315006589987
2019-02-27 07:00:00,3346.0
2019-02-27 08:00:00,3287.0
2019-02-27 09:00:00,3208.0
2019-02-27 10:00:00,3488.0
2019-02-27 11:00:00,3669.0
2019-02-27 12:00:00,3774.0
2019-02-27 13:00:00,3992.0
2019-02-27 14:00:00,4141.0
2019-02-27 15:00:00,4352.0
2019-02-27 16:00:00,4389.0
2019-02-27 17:00:00,4560.0
2019-02-27 18:00:00,4644.0
2019-02-27 19:00:00,4589.0
2019-02-27 20:00:00,4403.0
2019-02-27 21:00:00,4211.0
2019-02-27 22:00:00,4003.0
2019-02-27 23:00:00,3815.0
2019-02-28 00:00:00,3415.0
2019-02-28 01:00:00,3370.0
2019-02-28 02:00:00,3398.0
2019-02-28 03:00:00,3172.0
2019-02-28 04:00:00,3219.0
2019-02-28 05:00:00,3325.0
2019-02-28 06:00:00,1974.0
2019-02-28 07:00:00,2820.0
2019-02-28 08:00:00,3473.0
2019-02-28 09:00:00,3101.0
2019-02-28 10:00:00,3137.0
2019-02-28 11:00:00,3250.0
2019-02-28 12:00:00,3273.0
2019-02-28 13:00:00,3489.0
2019-02-28 14:00:00,3674.0
2019-02-28 15:00:00,3725.0
2019-02-28 16:00:00,3850.0
2019-02-28 17:00:00,4193.0
2019-02-28 18:00:00,4311.0
2019-02-28 19:00:00,4232.0
2019-02-28 20:00:00,4022.0
2019-02-28 21:00:00,3938.0
2019-02-28 22:00:00,3657.0
2019-02-28 23:00:00,3429.0
2019-03-01 00:00:00,3256.0
2019-03-01 01:00:00,3229.0
2019-03-01 02:00:00,3238.0
2019-03-01 03:00:00,3073.0
2019-03-01 04:00:00,3019.0
2019-03-01 05:00:00,2889.0
2019-03-01 06:00:00,2928.0
2019-03-01 07:00:00,2825.0
2019-03-01 08:00:00,2950.0
2019-03-01 09:00:00,2853.0
2019-03-01 10:00:00,2845.0
2019-03-01 11:00:00,2851.0
2019-03-01 12:00:00,2904.0
2019-03-01 13:00:00,3088.0
2019-03-01 14:00:00,3262.0
2019-03-01 15:00:00,3347.0
2019-03-01 16:00:00,3569.0
2019-03-01 17:00:00,3624.0
2019-03-01 18:00:00,3669.0
2019-03-01 19:00:00,3691.0
2019-03-01 20:00:00,3685.0
2019-03-01 21:00:00,3584.0
2019-03-01 22:00:00,3419.0
2019-03-01 23:00:00,3281.0
2019-03-02 00:00:00,3159.0
2019-03-02 01:00:00,3119.0
2019-03-02 02:00:00,3068.0
2019-03-02 03:00:00,2886.0
2019-03-02 04:00:00,2937.0
2019-03-02 05:00:00,2856.0
2019-03-02 06:00:00,2883.0
2019-03-02 07:00:00,2983.0
2019-03-02 08:00:00,2995.0
2019-03-02 09:00:00,3104.0
2019-03-02 10:00:00,3366.0
2019-03-02 11:00:00,3656.0
2019-03-02 12:00:00,3873.0
2019-03-02 13:00:00,4116.0
2019-03-02 14:00:00,4443.0
2019-03-02 15:00:00,4516.0
2019-03-02 16:00:00,4780.0
2019-03-02 17:00:00,4863.0
2019-03-02 18:00:00,4849.0
2019-03-02 19:00:00,5057.0
2019-03-02 20:00:00,5020.0
2019-03-02 21:00:00,4638.0
2019-03-02 22:00:00,4363.0
2019-03-02 23:00:00,4195.0
2019-03-03 00:00:00,3988.0
2019-03-03 01:00:00,3867.0
2019-03-03 02:00:00,3740.0
2019-03-03 03:00:00,3662.0
2019-03-03 04:00:00,3648.0
2019-03-03 05:00:00,3515.0
2019-03-03 06:00:00,3342.0
2019-03-03 07:00:00,3183.0
2019-03-03 08:00:00,3214.0
2019-03-03 09:00:00,3228.0
2019-03-03 10:00:00,3454.0
2019-03-03 11:00:00,3634.0
2019-03-03 12:00:00,3780.0
2019-03-03 13:00:00,4041.0
2019-03-03 14:00:00,4237.0
2019-03-03 15:00:00,4237.0
2019-03-03 16:00:00,4520.0
2019-03-03 17:00:00,4643.0
2019-03-03 18:00:00,4729.0
2019-03-03 19:00:00,4894.0
2019-03-03 20:00:00,4848.0
2019-03-03 21:00:00,4596.0
2019-03-03 22:00:00,4380.0
2019-03-03 23:00:00,4149.0
2019-03-04 00:00:00,3747.0
2019-03-04 01:00:00,3619.0
2019-03-04 02:00:00,3436.0
2019-03-04 03:00:00,3294.0
2019-03-04 04:00:00,3319.0
2019-03-04 05:00:00,3220.0
2019-03-04 06:00:00,3018.0
2019-03-04 07:00:00,3182.0
2019-03-04 08:00:00,3212.0
2019-03-04 09:00:00,3305.0
2019-03-04 10:00:00,3471.0
2019-03-04 11:00:00,3665.0
2019-03-04 12:00:00,3594.0
2019-03-04 13:00:00,3889.0
2019-03-04 14:00:00,4090.0
2019-03-04 15:00:00,3871.0
2019-03-04 16:00:00,3887.0
2019-03-04 17:00:00,4048.0
2019-03-04 18:00:00,4272.0
2019-03-04 19:00:00,4234.0
2019-03-04 20:00:00,4080.0
2019-03-04 21:00:00,3860.0
2019-03-04 22:00:00,3836.0
2019-03-04 23:00:00,3779.0
2019-03-05 00:00:00,3377.0
2019-03-05 01:00:00,3424.0
2019-03-05 02:00:00,3337.0
2019-03-05 03:00:00,3185.0
2019-03-05 04:00:00,3246.0
2019-03-05 05:00:00,3180.0
2019-03-05 06:00:00,3136.0
2019-03-05 07:00:00,3156.0
2019-03-05 08:00:00,3210.0
2019-03-05 09:00:00,3234.0
2019-03-05 10:00:00,3413.0
2019-03-05 11:00:00,3704.0
2019-03-05 12:00:00,3868.0
2019-03-05 13:00:00,4008.0
2019-03-05 14:00:00,4148.0
2019-03-05 15:00:00,3984.0
2019-03-05 16:00:00,4131.0
2019-03-05 17:00:00,4424.0
2019-03-05 18:00:00,4477.0
2019-03-05 19:00:00,4500.0
2019-03-05 20:00:00,4391.0
2019-03-05 21:00:00,4055.0
2019-03-05 22:00:00,3928.0
2019-03-05 23:00:00,3906.0
2019-03-06 00:00:00,3703.0
2019-03-06 01:00:00,3184.0
2019-03-06 02:00:00,3522.0
2019-03-06 03:00:00,3392.0
2019-03-06 04:00:00,3328.0
2019-03-06 05:00:00,3281.0
2019-03-06 06:00:00,3135.0
2019-03-06 07:00:00,3138.0
2019-03-06 08:00:00,3170.0
2019-03-06 09:00:00,3308.0
2019-03-06 10:00:00,3472.0
2019-03-06 11:00:00,4028.0
2019-03-06 12:00:00,3801.0
2019-03-06 13:00:00,4049.0
2019-03-06 14:00:00,4282.0
2019-03-06 15:00:00,4257.0
2019-03-06 16:00:00,4187.0
2019-03-06 17:00:00,4893.0
2019-03-06 18:00:00,5060.0
2019-03-06 19:00:00,4593.0
2019-03-06 20:00:00,4580.0
2019-03-06 21:00:00,4419.0
2019-03-06 22:00:00,4253.0
2019-03-06 23:00:00,4083.0
2019-03-07 00:00:00,3778.0
2019-03-07 01:00:00,3554.0
2019-03-07 02:00:00,3427.0
2019-03-07 03:00:00,3327.0
2019-03-07 04:00:00,3417.0
2019-03-07 05:00:00,3417.0
2019-03-07 06:00:00,3295.0
2019-03-07 07:00:00,3433.0
2019-03-07 08:00:00,3149.0
2019-03-07 09:00:00,3173.0
2019-03-07 10:00:00,3301.0
2019-03-07 11:00:00,3374.0
2019-03-07 12:00:00,3569.0
2019-03-07 13:00:00,3342.0
2019-03-07 14:00:00,3468.0
2019-03-07 15:00:00,3392.0
2019-03-07 16:00:00,3262.0
2019-03-07 17:00:00,3460.0
2019-03-07 18:00:00,3611.0
2019-03-07 19:00:00,3725.0
2019-03-07 20:00:00,3620.0
2019-03-07 21:00:00,3535.0
2019-03-07 22:00:00,3474.0
2019-03-07 23:00:00,3399.0
2019-03-08 00:00:00,3213.0
2019-03-08 01:00:00,3274.0
2019-03-08 02:00:00,3248.0
2019-03-08 03:00:00,3178.0
2019-03-08 04:00:00,3149.0
2019-03-08 05:00:00,2871.0
2019-03-08 06:00:00,2872.0
2019-03-08 07:00:00,2824.0
2019-03-08 08:00:00,2774.0
2019-03-08 09:00:00,2720.0
2019-03-08 10:00:00,2814.0
2019-03-08 11:00:00,2821.0
2019-03-08 12:00:00,2872.0
2019-03-08 13:00:00,2954.0
2019-03-08 14:00:00,3047.0
2019-03-08 15:00:00,2975.0
2019-03-08 16:00:00,3112.0
2019-03-08 17:00:00,3102.0
2019-03-08 18:00:00,3080.0
2019-03-08 19:00:00,3147.0
2019-03-08 20:00:00,3105.0
2019-03-08 21:00:00,3048.0
2019-03-08 22:00:00,2982.0
2019-03-08 23:00:00,2975.0
2019-03-09 00:00:00,2922.0
2019-03-09 01:00:00,2974.0
2019-03-09 02:00:00,2926.0
2019-03-09 03:00:00,2802.0
2019-03-09 04:00:00,2775.0
2019-03-09 05:00:00,2750.0
2019-03-09 06:00:00,2749.0
2019-03-09 07:00:00,2927.0
2019-03-09 08:00:00,2941.0
2019-03-09 09:00:00,3112.0
2019-03-09 10:00:00,3331.0
2019-03-09 11:00:00,3528.0
2019-03-09 12:00:00,3488.0
2019-03-09 13:00:00,3728.0
2019-03-09 14:00:00,3950.0
2019-03-09 15:00:00,3844.0
2019-03-09 16:00:00,3956.0
2019-03-09 17:00:00,4072.0
2019-03-09 18:00:00,4408.0
2019-03-09 19:00:00,4525.0
2019-03-09 20:00:00,4288.0
2019-03-09 21:00:00,3985.0
2019-03-09 22:00:00,3820.0
2019-03-09 23:00:00,3784.0
2019-03-10 00:00:00,3408.0
2019-03-10 01:00:00,3239.0
2019-03-10 02:00:00,3215.0
2019-03-10 03:00:00,3125.0
2019-03-10 04:00:00,3150.0
2019-03-10 05:00:00,3004.0
2019-03-10 06:00:00,2814.0
2019-03-10 07:00:00,2835.0
2019-03-10 08:00:00,2826.0
2019-03-10 09:00:00,2984.0
2019-03-10 10:00:00,3302.0
2019-03-10 11:00:00,3668.0
2019-03-10 12:00:00,3501.0
2019-03-10 13:00:00,4170.0
2019-03-10 14:00:00,4095.0
2019-03-10 15:00:00,4075.0
2019-03-10 16:00:00,4135.0
2019-03-10 17:00:00,4384.0
2019-03-10 18:00:00,4477.0
2019-03-10 19:00:00,4604.0
2019-03-10 20:00:00,4563.0
2019-03-10 21:00:00,4279.0
2019-03-10 22:00:00,4236.0
2019-03-10 23:00:00,3889.0
2019-03-11 00:00:00,3600.0
2019-03-11 01:00:00,3474.0
2019-03-11 02:00:00,3364.0
2019-03-11 03:00:00,3177.0
2019-03-11 04:00:00,3344.0
2019-03-11 05:00:00,3126.0
2019-03-11 06:00:00,3131.0
2019-03-11 07:00:00,3215.0
2019-03-11 08:00:00,3171.0
2019-03-11 09:00:00,3251.0
2019-03-11 10:00:00,3418.0
2019-03-11 11:00:00,3565.0
2019-03-11 12:00:00,3670.0
2019-03-11 13:00:00,3753.0
2019-03-11 14:00:00,3852.0
2019-03-11 15:00:00,3612.0
2019-03-11 16:00:00,3543.0
2019-03-11 17:00:00,3497.0
2019-03-11 18:00:00,3547.0
2019-03-11 19:00:00,3717.0
2019-03-11 20:00:00,3709.0
2019-03-11 21:00:00,3620.0
2019-03-11 22:00:00,3626.0
2019-03-11 23:00:00,3465.0
2019-03-12 00:00:00,3266.0
2019-03-12 01:00:00,3335.0
2019-03-12 02:00:00,3260.0
2019-03-12 03:00:00,3149.0
2019-03-12 04:00:00,3220.0
2019-03-12 05:00:00,3195.0
2019-03-12 06:00:00,3037.0
2019-03-12 07:00:00,3169.0
2019-03-12 08:00:00,3070.0
2019-03-12 09:00:00,3343.0
2019-03-12 10:00:00,3580.0
2019-03-12 11:00:00,3660.0
2019-03-12 12:00:00,3789.0
2019-03-12 13:00:00,4046.0
2019-03-12 14:00:00,4179.0
2019-03-12 15:00:00,3740.0
2019-03-12 16:00:00,3855.0
2019-03-12 17:00:00,4098.0
2019-03-12 18:00:00,4328.0
2019-03-12 19:00:00,4363.0
2019-03-12 20:00:00,4295.0
2019-03-12 21:00:00,4222.0
2019-03-12 22:00:00,4092.0
2019-03-12 23:00:00,3954.0
2019-03-13 00:00:00,3615.0
2019-03-13 01:00:00,3462.0
2019-03-13 02:00:00,3315.0
2019-03-13 03:00:00,3345.0
2019-03-13 04:00:00,3407.0
2019-03-13 05:00:00,3338.0
2019-03-13 06:00:00,3151.0
2019-03-13 07:00:00,3118.0
2019-03-13 08:00:00,3069.0
2019-03-13 09:00:00,3224.0
2019-03-13 10:00:00,3463.0
2019-03-13 11:00:00,3680.0
2019-03-13 12:00:00,3762.0
2019-03-13 13:00:00,3970.0
2019-03-13 14:00:00,4172.0
2019-03-13 15:00:00,4090.0
2019-03-13 16:00:00,4209.0
2019-03-13 17:00:00,4800.0
2019-03-13 18:00:00,4474.0
2019-03-13 19:00:00,4957.0
2019-03-13 20:00:00,4747.0
2019-03-13 21:00:00,4201.0
2019-03-13 22:00:00,3958.0
2019-03-13 23:00:00,3562.0
2019-03-14 00:00:00,3353.0
2019-03-14 01:00:00,3332.0
2019-03-14 02:00:00,3148.0
2019-03-14 03:00:00,3207.0
2019-03-14 04:00:00,3215.0
2019-03-14 05:00:00,3136.0
2019-03-14 06:00:00,3036.0
2019-03-14 07:00:00,3108.0
2019-03-14 08:00:00,2964.0
2019-03-14 09:00:00,2987.0
2019-03-14 10:00:00,2956.0
2019-03-14 11:00:00,3157.0
2019-03-14 12:00:00,3101.0
2019-03-14 13:00:00,3244.0
2019-03-14 14:00:00,3345.0
2019-03-14 15:00:00,3281.0
2019-03-14 16:00:00,3407.0
2019-03-14 17:00:00,3850.0
2019-03-14 18:00:00,3949.0
2019-03-14 19:00:00,3838.0
2019-03-14 20:00:00,3660.0
2019-03-14 21:00:00,3608.0
2019-03-14 22:00:00,3741.0
2019-03-14 23:00:00,3695.0
2019-03-15 00:00:00,3328.0
2019-03-15 01:00:00,3312.0
2019-03-15 02:00:00,3194.0
2019-03-15 03:00:00,3139.0
2019-03-15 04:00:00,3135.0
2019-03-15 05:00:00,2893.0
2019-03-15 06:00:00,2840.0
2019-03-15 07:00:00,2818.0
2019-03-15 08:00:00,2816.0
2019-03-15 09:00:00,2810.0
2019-03-15 10:00:00,2790.0
2019-03-15 11:00:00,2755.0
2019-03-15 12:00:00,2766.0
2019-03-15 13:00:00,2956.0
2019-03-15 14:00:00,3166.0
2019-03-15 15:00:00,3031.0
2019-03-15 16:00:00,3198.0
2019-03-15 17:00:00,3154.0
2019-03-15 18:00:00,3074.0
2019-03-15 19:00:00,3029.0
2019-03-15 20:00:00,3002.0
2019-03-15 21:00:00,2972.0
2019-03-15 22:00:00,3021.0
2019-03-15 23:00:00,2926.0
2019-03-16 00:00:00,2776.0
2019-03-16 01:00:00,2839.0
2019-03-16 02:00:00,2797.0
2019-03-16 03:00:00,2700.0
2019-03-16 04:00:00,2737.0
2019-03-16 05:00:00,2689.0
2019-03-16 06:00:00,2714.0
2019-03-16 07:00:00,2899.0
2019-03-16 08:00:00,3006.0
2019-03-16 09:00:00,2957.0
2019-03-16 10:00:00,3285.0
2019-03-16 11:00:00,3443.0
2019-03-16 12:00:00,3733.0
2019-03-16 13:00:00,3889.0
2019-03-16 14:00:00,3916.0
2019-03-16 15:00:00,3711.0
2019-03-16 16:00:00,3781.0
2019-03-16 17:00:00,4014.0
2019-03-16 18:00:00,4163.0
2019-03-16 19:00:00,4343.0
2019-03-16 20:00:00,4388.0
2019-03-16 21:00:00,4081.0
2019-03-16 22:00:00,3905.0
2019-03-16 23:00:00,3684.0
2019-03-17 00:00:00,3374.0
2019-03-17 01:00:00,3297.0
2019-03-17 02:00:00,3142.0
2019-03-17 03:00:00,3138.0
2019-03-17 04:00:00,3180.0
2019-03-17 05:00:00,3075.0
2019-03-17 06:00:00,2934.0
2019-03-17 07:00:00,2935.0
2019-03-17 08:00:00,2922.0
2019-03-17 09:00:00,3064.0
2019-03-17 10:00:00,3182.0
2019-03-17 11:00:00,3375.0
2019-03-17 12:00:00,3571.0
2019-03-17 13:00:00,3791.0
2019-03-17 14:00:00,3782.0
2019-03-17 15:00:00,3714.0
2019-03-17 16:00:00,3797.0
2019-03-17 17:00:00,3913.0
2019-03-17 18:00:00,4067.0
2019-03-17 19:00:00,4321.0
2019-03-17 20:00:00,4384.0
2019-03-17 21:00:00,4284.0
2019-03-17 22:00:00,3852.0
2019-03-17 23:00:00,3615.0
2019-03-18 00:00:00,3468.0
2019-03-18 01:00:00,3476.0
2019-03-18 02:00:00,3517.0
2019-03-18 03:00:00,3203.0
2019-03-18 04:00:00,3256.0
2019-03-18 05:00:00,3162.0
2019-03-18 06:00:00,2988.0
2019-03-18 07:00:00,2936.0
2019-03-18 08:00:00,2932.0
2019-03-18 09:00:00,2990.0
2019-03-18 10:00:00,3169.0
2019-03-18 11:00:00,3356.0
2019-03-18 12:00:00,3570.0
2019-03-18 13:00:00,3836.0
2019-03-18 14:00:00,3854.0
2019-03-18 15:00:00,3520.0
2019-03-18 16:00:00,3718.0
2019-03-18 17:00:00,3827.0
2019-03-18 18:00:00,4040.0
2019-03-18 19:00:00,4104.0
2019-03-18 20:00:00,3989.0
2019-03-18 21:00:00,3612.0
2019-03-18 22:00:00,3453.0
2019-03-18 23:00:00,3308.0
2019-03-19 00:00:00,3124.0
2019-03-19 01:00:00,3038.0
2019-03-19 02:00:00,3009.0
2019-03-19 03:00:00,2835.0
2019-03-19 04:00:00,2930.0
2019-03-19 05:00:00,2790.0
2019-03-19 06:00:00,2745.0
2019-03-19 07:00:00,2819.0
2019-03-19 08:00:00,2804.0
2019-03-19 09:00:00,3094.0
2019-03-19 10:00:00,3353.0
2019-03-19 11:00:00,3509.0
2019-03-19 12:00:00,3743.0
2019-03-19 13:00:00,3896.0
2019-03-19 14:00:00,4225.0
2019-03-19 15:00:00,3830.0
2019-03-19 16:00:00,4013.0
2019-03-19 17:00:00,4330.0
2019-03-19 18:00:00,4412.0
2019-03-19 19:00:00,4115.0
2019-03-19 20:00:00,3835.0
2019-03-19 21:00:00,3789.0
2019-03-19 22:00:00,3712.0
2019-03-19 23:00:00,3417.0
2019-03-20 00:00:00,3244.0
2019-03-20 01:00:00,3162.0
2019-03-20 02:00:00,3095.0
2019-03-20 03:00:00,3053.0
2019-03-20 04:00:00,3101.0
2019-03-20 05:00:00,3076.0
2019-03-20 06:00:00,3061.0
2019-03-20 07:00:00,2990.0
2019-03-20 08:00:00,2973.0
2019-03-20 09:00:00,3032.0
2019-03-20 10:00:00,3254.0
2019-03-20 11:00:00,3468.0
2019-03-20 12:00:00,3689.0
2019-03-20 13:00:00,3966.0
2019-03-20 14:00:00,4182.0
2019-03-20 15:00:00,4047.0
2019-03-20 16:00:00,4080.0
2019-03-20 17:00:00,4097.0
2019-03-20 18:00:00,4396.0
2019-03-20 19:00:00,4414.0
2019-03-20 20:00:00,4205.0
2019-03-20 21:00:00,3934.0
2019-03-20 22:00:00,3874.0
2019-03-20 23:00:00,3635.0
2019-03-21 00:00:00,3235.0
2019-03-21 01:00:00,3112.0
2019-03-21 02:00:00,3089.0
2019-03-21 03:00:00,2939.0
2019-03-21 04:00:00,2962.0
2019-03-21 05:00:00,2847.0
2019-03-21 06:00:00,2868.0
2019-03-21 07:00:00,2742.0
2019-03-21 08:00:00,2815.0
2019-03-21 09:00:00,2800.0
2019-03-21 10:00:00,2868.0
2019-03-21 11:00:00,2929.0
2019-03-21 12:00:00,3107.0
2019-03-21 13:00:00,3255.0
2019-03-21 14:00:00,3366.0
2019-03-21 15:00:00,3214.0
2019-03-21 16:00:00,3371.0
2019-03-21 17:00:00,3520.0
2019-03-21 18:00:00,3939.0
2019-03-21 19:00:00,3847.0
2019-03-21 20:00:00,3600.0
2019-03-21 21:00:00,3480.0
2019-03-21 22:00:00,3407.0
2019-03-21 23:00:00,3139.0
2019-03-22 00:00:00,3004.0
2019-03-22 01:00:00,3044.0
2019-03-22 02:00:00,2927.0
2019-03-22 03:00:00,2884.0
2019-03-22 04:00:00,2898.0
2019-03-22 05:00:00,2658.0
2019-03-22 06:00:00,2662.0
2019-03-22 07:00:00,2629.0
2019-03-22 08:00:00,2679.0
2019-03-22 09:00:00,2618.0
2019-03-22 10:00:00,2636.0
2019-03-22 11:00:00,2700.0
2019-03-22 12:00:00,2857.0
2019-03-22 13:00:00,3033.0
2019-03-22 14:00:00,3139.0
2019-03-22 15:00:00,3127.0
2019-03-22 16:00:00,3171.0
2019-03-22 17:00:00,3210.0
2019-03-22 18:00:00,3227.0
2019-03-22 19:00:00,3150.0
2019-03-22 20:00:00,2908.0
2019-03-22 21:00:00,2932.0
2019-03-22 22:00:00,3014.0
2019-03-22 23:00:00,2884.0
2019-03-23 00:00:00,2837.0
2019-03-23 01:00:00,2753.0
2019-03-23 02:00:00,2749.0
2019-03-23 03:00:00,2600.0
2019-03-23 04:00:00,2660.0
2019-03-23 05:00:00,2610.0
2019-03-23 06:00:00,2649.0
2019-03-23 07:00:00,2728.0
2019-03-23 08:00:00,2761.0
2019-03-23 09:00:00,2901.0
2019-03-23 10:00:00,3067.0
2019-03-23 11:00:00,3248.0
2019-03-23 12:00:00,3405.0
2019-03-23 13:00:00,3540.0
2019-03-23 14:00:00,3688.0
2019-03-23 15:00:00,3643.0
2019-03-23 16:00:00,3685.0
2019-03-23 17:00:00,3723.0
2019-03-23 18:00:00,3834.0
2019-03-23 19:00:00,3784.0
2019-03-23 20:00:00,3725.0
2019-03-23 21:00:00,3747.0
2019-03-23 22:00:00,3595.0
2019-03-23 23:00:00,3319.0
2019-03-24 00:00:00,3232.0
2019-03-24 01:00:00,3179.0
2019-03-24 02:00:00,3074.0
2019-03-24 03:00:00,3100.0
2019-03-24 04:00:00,3070.0
2019-03-24 05:00:00,2943.0
2019-03-24 06:00:00,2890.0
2019-03-24 07:00:00,2837.0
2019-03-24 08:00:00,2876.0
2019-03-24 09:00:00,3098.0
2019-03-24 10:00:00,3230.0
2019-03-24 11:00:00,3480.0
2019-03-24 12:00:00,3588.0
2019-03-24 13:00:00,3783.0
2019-03-24 14:00:00,3866.0
2019-03-24 15:00:00,3785.0
2019-03-24 16:00:00,3870.0
2019-03-24 17:00:00,3970.0
2019-03-24 18:00:00,4246.0
2019-03-24 19:00:00,4245.0
2019-03-24 20:00:00,3972.0
2019-03-24 21:00:00,4126.0
2019-03-24 22:00:00,3763.0
2019-03-24 23:00:00,3466.0
2019-03-25 00:00:00,3276.0
2019-03-25 01:00:00,3182.0
2019-03-25 02:00:00,3023.0
2019-03-25 03:00:00,3042.0
2019-03-25 04:00:00,3047.0
2019-03-25 05:00:00,2978.0
2019-03-25 06:00:00,2942.0
2019-03-25 07:00:00,2890.0
2019-03-25 08:00:00,2867.0
2019-03-25 09:00:00,2982.0
2019-03-25 10:00:00,3078.0
2019-03-25 11:00:00,3343.0
2019-03-25 12:00:00,3488.0
2019-03-25 13:00:00,3726.0
2019-03-25 14:00:00,3897.0
2019-03-25 15:00:00,3648.0
2019-03-25 16:00:00,3817.0
2019-03-25 17:00:00,4176.0
2019-03-25 18:00:00,4005.0
2019-03-25 19:00:00,4274.0
2019-03-25 20:00:00,4037.0
2019-03-25 21:00:00,3747.0
2019-03-25 22:00:00,3576.0
2019-03-25 23:00:00,3396.0
2019-03-26 00:00:00,3217.0
2019-03-26 01:00:00,3198.0
2019-03-26 02:00:00,3075.0
2019-03-26 03:00:00,2992.0
2019-03-26 04:00:00,3001.0
2019-03-26 05:00:00,2862.0
2019-03-26 06:00:00,2805.0
2019-03-26 07:00:00,2862.0
2019-03-26 08:00:00,2809.0
2019-03-26 09:00:00,2965.0
2019-03-26 10:00:00,3111.0
2019-03-26 11:00:00,3362.0
2019-03-26 12:00:00,3605.0
2019-03-26 13:00:00,3850.0
2019-03-26 14:00:00,3959.0
2019-03-26 15:00:00,3906.0
2019-03-26 16:00:00,3994.0
2019-03-26 17:00:00,4460.0
2019-03-26 18:00:00,4435.0
2019-03-26 19:00:00,4419.0
2019-03-26 20:00:00,4127.0
2019-03-26 21:00:00,3951.0
2019-03-26 22:00:00,3879.0
2019-03-26 23:00:00,3683.0
2019-03-27 00:00:00,3330.0
2019-03-27 01:00:00,3272.0
2019-03-27 02:00:00,3079.0
2019-03-27 03:00:00,3093.0
2019-03-27 04:00:00,3098.0
2019-03-27 05:00:00,3005.0
2019-03-27 06:00:00,2884.0
2019-03-27 07:00:00,2871.0
2019-03-27 08:00:00,2813.0
2019-03-27 09:00:00,2982.0
2019-03-27 10:00:00,3127.0
2019-03-27 11:00:00,3317.0
2019-03-27 12:00:00,3504.0
2019-03-27 13:00:00,3796.0
2019-03-27 14:00:00,3956.0
2019-03-27 15:00:00,3886.0
2019-03-27 16:00:00,4077.0
2019-03-27 17:00:00,4654.0
2019-03-27 18:00:00,4815.0
2019-03-27 19:00:00,4738.0
2019-03-27 20:00:00,4093.0
2019-03-27 21:00:00,3866.0
2019-03-27 22:00:00,3743.0
2019-03-27 23:00:00,3565.0
2019-03-28 00:00:00,3372.0
2019-03-28 01:00:00,3288.0
2019-03-28 02:00:00,3212.0
2019-03-28 03:00:00,2994.0
2019-03-28 04:00:00,3132.0
2019-03-28 05:00:00,3077.0
2019-03-28 06:00:00,2959.0
2019-03-28 07:00:00,2971.0
2019-03-28 08:00:00,2943.0
2019-03-28 09:00:00,2960.0
2019-03-28 10:00:00,2931.0
2019-03-28 11:00:00,3070.0
2019-03-28 12:00:00,3065.0
2019-03-28 13:00:00,3171.0
2019-03-28 14:00:00,3240.0
2019-03-28 15:00:00,3039.0
2019-03-28 16:00:00,3145.0
2019-03-28 17:00:00,3293.0
2019-03-28 18:00:00,3585.0
2019-03-28 19:00:00,3629.0
2019-03-28 20:00:00,3529.0
2019-03-28 21:00:00,3424.0
2019-03-28 22:00:00,3347.0
2019-03-28 23:00:00,3081.0
2019-03-29 00:00:00,2983.0
2019-03-29 01:00:00,3065.0
2019-03-29 02:00:00,3010.0
2019-03-29 03:00:00,2923.0
2019-03-29 04:00:00,2996.0
2019-03-29 05:00:00,2766.0
2019-03-29 06:00:00,2820.0
2019-03-29 07:00:00,2794.0
2019-03-29 08:00:00,2745.0
2019-03-29 09:00:00,2769.0
2019-03-29 10:00:00,2737.0
2019-03-29 11:00:00,2759.0
2019-03-29 12:00:00,2792.0
2019-03-29 13:00:00,2953.0
2019-03-29 14:00:00,3084.0
2019-03-29 15:00:00,3027.0
2019-03-29 16:00:00,3070.0
2019-03-29 17:00:00,3061.0
2019-03-29 18:00:00,3047.0
2019-03-29 19:00:00,3067.0
2019-03-29 20:00:00,3030.0
2019-03-29 21:00:00,2962.0
2019-03-29 22:00:00,3023.0
2019-03-29 23:00:00,2936.0
2019-03-30 00:00:00,2815.0
2019-03-30 01:00:00,2814.0
2019-03-30 02:00:00,2828.0
2019-03-30 03:00:00,2625.0
2019-03-30 04:00:00,2624.0
2019-03-30 05:00:00,2609.0
2019-03-30 06:00:00,2595.0
2019-03-30 07:00:00,2683.0
2019-03-30 08:00:00,2701.0
2019-03-30 09:00:00,2952.0
2019-03-30 10:00:00,3045.0
2019-03-30 11:00:00,3267.0
2019-03-30 12:00:00,3413.0
2019-03-30 13:00:00,3778.0
2019-03-30 14:00:00,3956.0
2019-03-30 15:00:00,3828.0
2019-03-30 16:00:00,3969.0
2019-03-30 17:00:00,4059.0
2019-03-30 18:00:00,4273.0
2019-03-30 19:00:00,4467.0
2019-03-30 20:00:00,4227.0
2019-03-30 21:00:00,3654.0
2019-03-30 22:00:00,3538.0
2019-03-30 23:00:00,3164.0
2019-03-31 00:00:00,3023.0
2019-03-31 01:00:00,2999.0
2019-03-31 02:00:00,2887.0
2019-03-31 03:00:00,2871.0
2019-03-31 04:00:00,2967.0
2019-03-31 05:00:00,2910.0
2019-03-31 06:00:00,2886.0
2019-03-31 07:00:00,2825.0
2019-03-31 08:00:00,2809.0
2019-03-31 09:00:00,2984.0
2019-03-31 10:00:00,3115.0
2019-03-31 11:00:00,3354.0
2019-03-31 12:00:00,3492.0
2019-03-31 13:00:00,3808.0
2019-03-31 14:00:00,4100.0
2019-03-31 15:00:00,3952.0
2019-03-31 16:00:00,4050.0
2019-03-31 17:00:00,4396.0
2019-03-31 18:00:00,4359.0
2019-03-31 19:00:00,4313.0
2019-03-31 20:00:00,4272.0
2019-03-31 21:00:00,4135.0
2019-03-31 22:00:00,3907.0
2019-03-31 23:00:00,3678.0
2019-04-01 00:00:00,3311.0
2019-04-01 01:00:00,3187.0
2019-04-01 02:00:00,3090.0
2019-04-01 03:00:00,2963.0
2019-04-01 04:00:00,2993.0
2019-04-01 05:00:00,2909.0
2019-04-01 06:00:00,2836.0
2019-04-01 07:00:00,2814.0
2019-04-01 08:00:00,2856.0
2019-04-01 09:00:00,2996.0
2019-04-01 10:00:00,3175.0
2019-04-01 11:00:00,3471.0
2019-04-01 12:00:00,3748.0
2019-04-01 13:00:00,4062.0
2019-04-01 14:00:00,4295.0
2019-04-01 15:00:00,4188.0
2019-04-01 16:00:00,4414.0
2019-04-01 17:00:00,4375.0
2019-04-01 18:00:00,4754.0
2019-04-01 19:00:00,4864.0
2019-04-01 20:00:00,4714.0
2019-04-01 21:00:00,4234.0
2019-04-01 22:00:00,4076.0
2019-04-01 23:00:00,3756.0
2019-04-02 00:00:00,3531.0
2019-04-02 01:00:00,3475.0
2019-04-02 02:00:00,3369.0
2019-04-02 03:00:00,3163.0
2019-04-02 04:00:00,3391.0
2019-04-02 05:00:00,3390.0
2019-04-02 06:00:00,3272.0
2019-04-02 07:00:00,3290.0
2019-04-02 08:00:00,3331.0
2019-04-02 09:00:00,3500.0
2019-04-02 10:00:00,3454.0
2019-04-02 11:00:00,3964.0
2019-04-02 12:00:00,3920.0
2019-04-02 13:00:00,4374.0
2019-04-02 14:00:00,4523.0
2019-04-02 15:00:00,4382.0
2019-04-02 16:00:00,4587.0
2019-04-02 17:00:00,4972.0
2019-04-02 18:00:00,5085.0
2019-04-02 19:00:00,5073.0
2019-04-02 20:00:00,4823.0
2019-04-02 21:00:00,4432.0
2019-04-02 22:00:00,4254.0
2019-04-02 23:00:00,3916.0
2019-04-03 00:00:00,3645.0
2019-04-03 01:00:00,3532.0
2019-04-03 02:00:00,3489.0
2019-04-03 03:00:00,3357.0
2019-04-03 04:00:00,3382.0
2019-04-03 05:00:00,3321.0
2019-04-03 06:00:00,3183.0
2019-04-03 07:00:00,3165.0
2019-04-03 08:00:00,3002.0
2019-04-03 09:00:00,3286.0
2019-04-03 10:00:00,3477.0
2019-04-03 11:00:00,3731.0
2019-04-03 12:00:00,3902.0
2019-04-03 13:00:00,4169.0
2019-04-03 14:00:00,4310.0
2019-04-03 15:00:00,4394.0
2019-04-03 16:00:00,4690.0
2019-04-03 17:00:00,4685.0
2019-04-03 18:00:00,4833.0
2019-04-03 19:00:00,4955.0
2019-04-03 20:00:00,4498.0
2019-04-03 21:00:00,4262.0
2019-04-03 22:00:00,4080.0
2019-04-03 23:00:00,3864.0
2019-04-04 00:00:00,3500.0
2019-04-04 01:00:00,3345.0
2019-04-04 02:00:00,3223.0
2019-04-04 03:00:00,3128.0
2019-04-04 04:00:00,3111.0
2019-04-04 05:00:00,3048.0
2019-04-04 06:00:00,2982.0
2019-04-04 07:00:00,2962.0
2019-04-04 08:00:00,2937.0
2019-04-04 09:00:00,2965.0
2019-04-04 10:00:00,2958.0
2019-04-04 11:00:00,3041.0
2019-04-04 12:00:00,3198.0
2019-04-04 13:00:00,3264.0
2019-04-04 14:00:00,3337.0
2019-04-04 15:00:00,3286.0
2019-04-04 16:00:00,3291.0
2019-04-04 17:00:00,3498.0
2019-04-04 18:00:00,3821.0
2019-04-04 19:00:00,3793.0
2019-04-04 20:00:00,3610.0
2019-04-04 21:00:00,3559.0
2019-04-04 22:00:00,3465.0
2019-04-04 23:00:00,3212.0
2019-04-05 00:00:00,3132.0
2019-04-05 01:00:00,3254.0
2019-04-05 02:00:00,3226.0
2019-04-05 03:00:00,3187.0
2019-04-05 04:00:00,3154.0
2019-04-05 05:00:00,3011.0
2019-04-05 06:00:00,2869.0
2019-04-05 07:00:00,2955.0
2019-04-05 08:00:00,2941.0
2019-04-05 09:00:00,2869.0
2019-04-05 10:00:00,2547.0
2019-04-05 11:00:00,2540.0
2019-04-05 12:00:00,2588.0
2019-04-05 13:00:00,2679.0
2019-04-05 14:00:00,2757.0
2019-04-05 15:00:00,2683.0
2019-04-05 16:00:00,2590.0
2019-04-05 17:00:00,2767.0
2019-04-05 18:00:00,2624.0
2019-04-05 19:00:00,2628.0
2019-04-05 20:00:00,2602.0
2019-04-05 21:00:00,2590.0
2019-04-05 22:00:00,2662.0
2019-04-05 23:00:00,2592.0
2019-04-06 00:00:00,2549.0
2019-04-06 01:00:00,2629.0
2019-04-06 02:00:00,2587.0
2019-04-06 03:00:00,2419.0
2019-04-06 04:00:00,2500.0
2019-04-06 05:00:00,2491.0
2019-04-06 06:00:00,2506.0
2019-04-06 07:00:00,2560.0
2019-04-06 08:00:00,2733.0
2019-04-06 09:00:00,3058.0
2019-04-06 10:00:00,3155.0
2019-04-06 11:00:00,3323.0
2019-04-06 12:00:00,3519.0
2019-04-06 13:00:00,3797.0
2019-04-06 14:00:00,3961.0
2019-04-06 15:00:00,3775.0
2019-04-06 16:00:00,3896.0
2019-04-06 17:00:00,4068.0
2019-04-06 18:00:00,4185.0
2019-04-06 19:00:00,4083.0
2019-04-06 20:00:00,4200.0
2019-04-06 21:00:00,3963.0
2019-04-06 22:00:00,3713.0
2019-04-06 23:00:00,3522.0
2019-04-07 00:00:00,3272.0
2019-04-07 01:00:00,3203.0
2019-04-07 02:00:00,3073.0
2019-04-07 03:00:00,3056.0
2019-04-07 04:00:00,3068.0
2019-04-07 05:00:00,3027.0
2019-04-07 06:00:00,2979.0
2019-04-07 07:00:00,2965.0
2019-04-07 08:00:00,2992.0
2019-04-07 09:00:00,3120.0
2019-04-07 10:00:00,3189.0
2019-04-07 11:00:00,3479.0
2019-04-07 12:00:00,3678.0
2019-04-07 13:00:00,3945.0
2019-04-07 14:00:00,4002.0
2019-04-07 15:00:00,3862.0
2019-04-07 16:00:00,4029.0
2019-04-07 17:00:00,4205.0
2019-04-07 18:00:00,4226.0
2019-04-07 19:00:00,4092.0
2019-04-07 20:00:00,3965.0
2019-04-07 21:00:00,3764.0
2019-04-07 22:00:00,3852.0
2019-04-07 23:00:00,3690.0
2019-04-08 00:00:00,3261.0
2019-04-08 01:00:00,3140.0
2019-04-08 02:00:00,3074.0
2019-04-08 03:00:00,2981.0
2019-04-08 04:00:00,2987.0
2019-04-08 05:00:00,2984.0
2019-04-08 06:00:00,2987.0
2019-04-08 07:00:00,3014.0
2019-04-08 08:00:00,2972.0
2019-04-08 09:00:00,3082.0
2019-04-08 10:00:00,3182.0
2019-04-08 11:00:00,3465.0
2019-04-08 12:00:00,3672.0
2019-04-08 13:00:00,3718.0
2019-04-08 14:00:00,3814.0
2019-04-08 15:00:00,3687.0
2019-04-08 16:00:00,3857.0
2019-04-08 17:00:00,3774.0
2019-04-08 18:00:00,3840.0
2019-04-08 19:00:00,4035.0
2019-04-08 20:00:00,3928.0
2019-04-08 21:00:00,3767.0
2019-04-08 22:00:00,3669.0
2019-04-08 23:00:00,3457.0
2019-04-09 00:00:00,3263.0
2019-04-09 01:00:00,3188.0
2019-04-09 02:00:00,3045.0
2019-04-09 03:00:00,2945.0
2019-04-09 04:00:00,3063.0
2019-04-09 05:00:00,2977.0
2019-04-09 06:00:00,2935.0
2019-04-09 07:00:00,3055.0
2019-04-09 08:00:00,3046.0
2019-04-09 09:00:00,3106.0
2019-04-09 10:00:00,3189.0
2019-04-09 11:00:00,3527.0
2019-04-09 12:00:00,3555.0
2019-04-09 13:00:00,3858.0
2019-04-09 14:00:00,3896.0
2019-04-09 15:00:00,3624.0
2019-04-09 16:00:00,3654.0
2019-04-09 17:00:00,3808.0
2019-04-09 18:00:00,3895.0
2019-04-09 19:00:00,4022.0
2019-04-09 20:00:00,3793.0
2019-04-09 21:00:00,3761.0
2019-04-09 22:00:00,3593.0
2019-04-09 23:00:00,3381.0
2019-04-10 00:00:00,3127.0
2019-04-10 01:00:00,3068.0
2019-04-10 02:00:00,2957.0
2019-04-10 03:00:00,2896.0
2019-04-10 04:00:00,2963.0
2019-04-10 05:00:00,2928.0
2019-04-10 06:00:00,2880.0
2019-04-10 07:00:00,2914.0
2019-04-10 08:00:00,2941.0
2019-04-10 09:00:00,3099.0
2019-04-10 10:00:00,3079.0
2019-04-10 11:00:00,3439.0
2019-04-10 12:00:00,3535.0
2019-04-10 13:00:00,3767.0
2019-04-10 14:00:00,3916.0
2019-04-10 15:00:00,3744.0
2019-04-10 16:00:00,3891.0
2019-04-10 17:00:00,3972.0
2019-04-10 18:00:00,4015.0
2019-04-10 19:00:00,4017.0
2019-04-10 20:00:00,3863.0
2019-04-10 21:00:00,3691.0
2019-04-10 22:00:00,3629.0
2019-04-10 23:00:00,3395.0
2019-04-11 00:00:00,3157.0
2019-04-11 01:00:00,3091.0
2019-04-11 02:00:00,2953.0
2019-04-11 03:00:00,2935.0
2019-04-11 04:00:00,2891.0
2019-04-11 05:00:00,2879.0
2019-04-11 06:00:00,2846.0
2019-04-11 07:00:00,2923.0
2019-04-11 08:00:00,2951.0
2019-04-11 09:00:00,2840.0
2019-04-11 10:00:00,2711.0
2019-04-11 11:00:00,2919.0
2019-04-11 12:00:00,2832.0
2019-04-11 13:00:00,3172.0
2019-04-11 14:00:00,3163.0
2019-04-11 15:00:00,2890.0
2019-04-11 16:00:00,2986.0
2019-04-11 17:00:00,3125.0
2019-04-11 18:00:00,3142.0
2019-04-11 19:00:00,3272.0
2019-04-11 20:00:00,3024.0
2019-04-11 21:00:00,3099.0
2019-04-11 22:00:00,3021.0
2019-04-11 23:00:00,2830.0
2019-04-12 00:00:00,2709.0
2019-04-12 01:00:00,2777.0
2019-04-12 02:00:00,2655.0
2019-04-12 03:00:00,2598.0
2019-04-12 04:00:00,2722.0
2019-04-12 05:00:00,2593.0
2019-04-12 06:00:00,2672.0
2019-04-12 07:00:00,2633.0
2019-04-12 08:00:00,2591.0
2019-04-12 09:00:00,2632.0
2019-04-12 10:00:00,2648.0
2019-04-12 11:00:00,2533.0
2019-04-12 12:00:00,2545.0
2019-04-12 13:00:00,2722.0
2019-04-12 14:00:00,2695.0
2019-04-12 15:00:00,2656.0
2019-04-12 16:00:00,2834.0
2019-04-12 17:00:00,2799.0
2019-04-12 18:00:00,2765.0
2019-04-12 19:00:00,2765.0
2019-04-12 20:00:00,2681.0
2019-04-12 21:00:00,2745.0
2019-04-12 22:00:00,2779.0
2019-04-12 23:00:00,2733.0
2019-04-13 00:00:00,2647.0
2019-04-13 01:00:00,2702.0
2019-04-13 02:00:00,2532.0
2019-04-13 03:00:00,2692.0
2019-04-13 04:00:00,2686.0
2019-04-13 05:00:00,2628.0
2019-04-13 06:00:00,2605.0
2019-04-13 07:00:00,2632.0
2019-04-13 08:00:00,2755.0
2019-04-13 09:00:00,2854.0
2019-04-13 10:00:00,2888.0
2019-04-13 11:00:00,3162.0
2019-04-13 12:00:00,3229.0
2019-04-13 13:00:00,3367.0
2019-04-13 14:00:00,3351.0
2019-04-13 15:00:00,3285.0
2019-04-13 16:00:00,3321.0
2019-04-13 17:00:00,3284.0
2019-04-13 18:00:00,3373.0
2019-04-13 19:00:00,3438.0
2019-04-13 20:00:00,3402.0
2019-04-13 21:00:00,3396.0
2019-04-13 22:00:00,3342.0
2019-04-13 23:00:00,3141.0
2019-04-14 00:00:00,2890.0
2019-04-14 01:00:00,2826.0
2019-04-14 02:00:00,2751.0
2019-04-14 03:00:00,2730.0
2019-04-14 04:00:00,2695.0
2019-04-14 05:00:00,2712.0
2019-04-14 06:00:00,2752.0
2019-04-14 07:00:00,2741.0
2019-04-14 08:00:00,2687.0
2019-04-14 09:00:00,2833.0
2019-04-14 10:00:00,2927.0
2019-04-14 11:00:00,3182.0
2019-04-14 12:00:00,3355.0
2019-04-14 13:00:00,3506.0
2019-04-14 14:00:00,3717.0
2019-04-14 15:00:00,3765.0
2019-04-14 16:00:00,3581.0
2019-04-14 17:00:00,3914.0
2019-04-14 18:00:00,3968.0
2019-04-14 19:00:00,3994.0
2019-04-14 20:00:00,3777.0
2019-04-14 21:00:00,3706.0
2019-04-14 22:00:00,3766.0
2019-04-14 23:00:00,3600.0
2019-04-15 00:00:00,3289.0
2019-04-15 01:00:00,3150.0
2019-04-15 02:00:00,3019.0
2019-04-15 03:00:00,3018.0
2019-04-15 04:00:00,3021.0
2019-04-15 05:00:00,3028.0
2019-04-15 06:00:00,2975.0
2019-04-15 07:00:00,3037.0
2019-04-15 08:00:00,3029.0
2019-04-15 09:00:00,3199.0
2019-04-15 10:00:00,3302.0
2019-04-15 11:00:00,3530.0
2019-04-15 12:00:00,3697.0
2019-04-15 13:00:00,3879.0
2019-04-15 14:00:00,4001.0
2019-04-15 15:00:00,3804.0
2019-04-15 16:00:00,3867.0
2019-04-15 17:00:00,3902.0
2019-04-15 18:00:00,3993.0
2019-04-15 19:00:00,4068.0
2019-04-15 20:00:00,3922.0
2019-04-15 21:00:00,3581.0
2019-04-15 22:00:00,3629.0
2019-04-15 23:00:00,3493.0
2019-04-16 00:00:00,3321.0
2019-04-16 01:00:00,3236.0
2019-04-16 02:00:00,3141.0
2019-04-16 03:00:00,3056.0
2019-04-16 04:00:00,3161.0
2019-04-16 05:00:00,3198.0
2019-04-16 06:00:00,3067.0
2019-04-16 07:00:00,3150.0
2019-04-16 08:00:00,3061.0
2019-04-16 09:00:00,3152.0
2019-04-16 10:00:00,3236.0
2019-04-16 11:00:00,3577.0
2019-04-16 12:00:00,3586.0
2019-04-16 13:00:00,3840.0
2019-04-16 14:00:00,3878.0
2019-04-16 15:00:00,3768.0
2019-04-16 16:00:00,3824.0
2019-04-16 17:00:00,3983.0
2019-04-16 18:00:00,4148.0
2019-04-16 19:00:00,4479.0
2019-04-16 20:00:00,4158.0
2019-04-16 21:00:00,3647.0
2019-04-16 22:00:00,3641.0
2019-04-16 23:00:00,3368.0
2019-04-17 00:00:00,3041.0
2019-04-17 01:00:00,3162.0
2019-04-17 02:00:00,3019.0
2019-04-17 03:00:00,3048.0
2019-04-17 04:00:00,3080.0
2019-04-17 05:00:00,3012.0
2019-04-17 06:00:00,3058.0
2019-04-17 07:00:00,3027.0
2019-04-17 08:00:00,3009.0
2019-04-17 09:00:00,3125.0
2019-04-17 10:00:00,3199.0
2019-04-17 11:00:00,3474.0
2019-04-17 12:00:00,3507.0
2019-04-17 13:00:00,3710.0
2019-04-17 14:00:00,3870.0
2019-04-17 15:00:00,3705.0
2019-04-17 16:00:00,3948.0
2019-04-17 17:00:00,3959.0
2019-04-17 18:00:00,4107.0
2019-04-17 19:00:00,4290.0
2019-04-17 20:00:00,4133.0
2019-04-17 21:00:00,3867.0
2019-04-17 22:00:00,3718.0
2019-04-17 23:00:00,3577.0
2019-04-18 00:00:00,3392.0
2019-04-18 01:00:00,3310.0
2019-04-18 02:00:00,3177.0
2019-04-18 03:00:00,3200.0
2019-04-18 04:00:00,3222.0
2019-04-18 05:00:00,3280.0
2019-04-18 06:00:00,3275.0
2019-04-18 07:00:00,3295.0
2019-04-18 08:00:00,3081.0
2019-04-18 09:00:00,3011.0
2019-04-18 10:00:00,3087.0
2019-04-18 11:00:00,3038.0
2019-04-18 12:00:00,3088.0
2019-04-18 13:00:00,3370.0
2019-04-18 14:00:00,3394.0
2019-04-18 15:00:00,3187.0
2019-04-18 16:00:00,3179.0
2019-04-18 17:00:00,3247.0
2019-04-18 18:00:00,3235.0
2019-04-18 19:00:00,3517.0
2019-04-18 20:00:00,3361.0
2019-04-18 21:00:00,3356.0
2019-04-18 22:00:00,3338.0
2019-04-18 23:00:00,3223.0
2019-04-19 00:00:00,3077.0
2019-04-19 01:00:00,3121.8885878191395
2019-04-19 02:00:00,3091.0180694711926
2019-04-19 03:00:00,3061.231367939703
2019-04-19 04:00:00,3032.5339242732325
2019-04-19 05:00:00,3004.9311795203425
2019-04-19 06:00:00,2978.4285747295944
2019-04-19 07:00:00,2953.03155094955
2019-04-19 08:00:00,2928.7455492287704
2019-04-19 09:00:00,2905.5760106158177
2019-04-19 10:00:00,2883.528376159253
2019-04-19 11:00:00,2862.608086907638
2019-04-19 12:00:00,2842.820583909535
2019-04-19 13:00:00,2824.1713082135043
2019-04-19 14:00:00,2806.665700868108
2019-04-19 15:00:00,2790.3092029219083
2019-04-19 16:00:00,2775.1072554234656
2019-04-19 17:00:00,2761.0652994213424
2019-04-19 18:00:00,2748.1887759640995
2019-04-19 19:00:00,2736.4831261002987
2019-04-19 20:00:00,2725.9537908785023
2019-04-19 21:00:00,2716.606211347271
2019-04-19 22:00:00,2708.4458285551664
2019-04-19 23:00:00,2701.47808355075
2019-04-20 00:00:00,2695.7084173825842
2019-04-20 01:00:00,2691.1422710992297
2019-04-20 02:00:00,2687.7850857492485
2019-04-20 03:00:00,2685.642302381202
2019-04-20 04:00:00,2684.719362043652
2019-04-20 05:00:00,2685.0217057851596
2019-04-20 06:00:00,2686.5547746542866
2019-04-20 07:00:00,2689.324009699594
2019-04-20 08:00:00,2693.3348519696447
2019-04-20 09:00:00,2698.5927425129985
2019-04-20 10:00:00,2705.1031223782184
2019-04-20 11:00:00,2712.8714326138656
2019-04-20 12:00:00,2721.903114268501
2019-04-20 13:00:00,2732.203608390687
2019-04-20 14:00:00,2743.778356028985
2019-04-20 15:00:00,2756.632798231956
2019-04-20 16:00:00,2770.772376048162
2019-04-20 17:00:00,2786.202530526166
2019-04-20 18:00:00,2802.928702714528
2019-04-20 19:00:00,2820.956333661809
2019-04-20 20:00:00,2840.2908644165705
2019-04-20 21:00:00,2860.9377360273747
2019-04-20 22:00:00,2882.9023895427845
2019-04-20 23:00:00,2906.190266011359
2019-04-21 00:00:00,2930.8068064816594
2019-04-21 01:00:00,2956.7574520022504
2019-04-21 02:00:00,2984.0476436216927
2019-04-21 03:00:00,3042.0
2019-04-21 04:00:00,3077.0
2019-04-21 05:00:00,3065.0
2019-04-21 06:00:00,3011.0
2019-04-21 07:00:00,2936.0
2019-04-21 08:00:00,2903.0
2019-04-21 09:00:00,3039.0
2019-04-21 10:00:00,3304.0
2019-04-21 11:00:00,3502.0
2019-04-21 12:00:00,3643.0
2019-04-21 13:00:00,4039.0
2019-04-21 14:00:00,4140.0
2019-04-21 15:00:00,4271.0
2019-04-21 16:00:00,4629.0
2019-04-21 17:00:00,4867.0
2019-04-21 18:00:00,4850.0
2019-04-21 19:00:00,4935.0
2019-04-21 20:00:00,4575.0
2019-04-21 21:00:00,4403.0
2019-04-21 22:00:00,4241.0
2019-04-21 23:00:00,3913.0
2019-04-22 00:00:00,3773.0
2019-04-22 01:00:00,3618.0
2019-04-22 02:00:00,3420.0
2019-04-22 03:00:00,3311.0
2019-04-22 04:00:00,3388.0
2019-04-22 05:00:00,3125.0
2019-04-22 06:00:00,3124.0
2019-04-22 07:00:00,3135.0
2019-04-22 08:00:00,3025.0
2019-04-22 09:00:00,3129.0
2019-04-22 10:00:00,3207.0
2019-04-22 11:00:00,3410.0
2019-04-22 12:00:00,3501.0
2019-04-22 13:00:00,3748.0
2019-04-22 14:00:00,4018.0
2019-04-22 15:00:00,3924.0
2019-04-22 16:00:00,4378.0
2019-04-22 17:00:00,4469.0
2019-04-22 18:00:00,4580.0
2019-04-22 19:00:00,4629.0
2019-04-22 20:00:00,4295.0
2019-04-22 21:00:00,3965.0
2019-04-22 22:00:00,3874.0
2019-04-22 23:00:00,3645.0
2019-04-23 00:00:00,3444.0
2019-04-23 01:00:00,3436.0
2019-04-23 02:00:00,3260.0
2019-04-23 03:00:00,3102.0
2019-04-23 04:00:00,3138.0
2019-04-23 05:00:00,3214.0
2019-04-23 06:00:00,2974.0
2019-04-23 07:00:00,2787.0
2019-04-23 08:00:00,2774.0
2019-04-23 09:00:00,3071.0
2019-04-23 10:00:00,3182.0
2019-04-23 11:00:00,3429.0
2019-04-23 12:00:00,3701.0
2019-04-23 13:00:00,3983.0
2019-04-23 14:00:00,4145.0
2019-04-23 15:00:00,4026.0
2019-04-23 16:00:00,3983.0
2019-04-23 17:00:00,4251.0
2019-04-23 18:00:00,4332.0
2019-04-23 19:00:00,4511.0
2019-04-23 20:00:00,4355.0
2019-04-23 21:00:00,4301.0
2019-04-23 22:00:00,4037.0
2019-04-23 23:00:00,3697.0
2019-04-24 00:00:00,3504.0
2019-04-24 01:00:00,3436.0
2019-04-24 02:00:00,3378.0
2019-04-24 03:00:00,3376.0
2019-04-24 04:00:00,3377.0
2019-04-24 05:00:00,3278.0
2019-04-24 06:00:00,3250.0
2019-04-24 07:00:00,3146.0
2019-04-24 08:00:00,3183.0
2019-04-24 09:00:00,3317.0
2019-04-24 10:00:00,3400.0
2019-04-24 11:00:00,3734.0
2019-04-24 12:00:00,3844.0
2019-04-24 13:00:00,4020.0
2019-04-24 14:00:00,4242.0
2019-04-24 15:00:00,4231.0
2019-04-24 16:00:00,4437.0
2019-04-24 17:00:00,4382.0
2019-04-24 18:00:00,4508.0
2019-04-24 19:00:00,4397.0
2019-04-24 20:00:00,4376.0
2019-04-24 21:00:00,4158.0
2019-04-24 22:00:00,4023.0
2019-04-24 23:00:00,3788.0
2019-04-25 00:00:00,3697.0
2019-04-25 01:00:00,3653.0
2019-04-25 02:00:00,3504.0
2019-04-25 03:00:00,3295.0
2019-04-25 04:00:00,3444.0
2019-04-25 05:00:00,3471.0
2019-04-25 06:00:00,3256.0
2019-04-25 07:00:00,3202.0
2019-04-25 08:00:00,2987.0
2019-04-25 09:00:00,2986.0
2019-04-25 10:00:00,2959.0
2019-04-25 11:00:00,2989.0
2019-04-25 12:00:00,3164.0
2019-04-25 13:00:00,3185.0
2019-04-25 14:00:00,3303.0
2019-04-25 15:00:00,3261.0
2019-04-25 16:00:00,3345.0
2019-04-25 17:00:00,3419.0
2019-04-25 18:00:00,3506.0
2019-04-25 19:00:00,3635.0
2019-04-25 20:00:00,3500.0
2019-04-25 21:00:00,3506.0
2019-04-25 22:00:00,3414.0
2019-04-25 23:00:00,3262.0
2019-04-26 00:00:00,3165.0
2019-04-26 01:00:00,3141.0
2019-04-26 02:00:00,3086.0
2019-04-26 03:00:00,6035.0
2019-04-26 04:00:00,2970.0
2019-04-26 05:00:00,2870.0
2019-04-26 06:00:00,2923.0
2019-04-26 07:00:00,2837.0
2019-04-26 08:00:00,2715.0
2019-04-26 09:00:00,2580.0
2019-04-26 10:00:00,2597.0
2019-04-26 11:00:00,2687.0
2019-04-26 12:00:00,2939.0
2019-04-26 13:00:00,3056.0
2019-04-26 14:00:00,2962.0
2019-04-26 15:00:00,3040.0
2019-04-26 16:00:00,3055.0
2019-04-26 17:00:00,3047.0
2019-04-26 18:00:00,3078.0
2019-04-26 19:00:00,3069.0
2019-04-26 20:00:00,3027.0
2019-04-26 21:00:00,3028.0
2019-04-26 22:00:00,2997.0
2019-04-26 23:00:00,2789.0
2019-04-27 00:00:00,2759.0
2019-04-27 01:00:00,2790.0
2019-04-27 02:00:00,2678.0
2019-04-27 03:00:00,2652.0
2019-04-27 04:00:00,2633.0
2019-04-27 05:00:00,2614.0
2019-04-27 06:00:00,2623.0
2019-04-27 07:00:00,2769.0
2019-04-27 08:00:00,2762.0
2019-04-27 09:00:00,2902.0
2019-04-27 10:00:00,3109.0
2019-04-27 11:00:00,3539.0
2019-04-27 12:00:00,3432.0
2019-04-27 13:00:00,3732.0
2019-04-27 14:00:00,3756.0
2019-04-27 15:00:00,3578.0
2019-04-27 16:00:00,3682.0
2019-04-27 17:00:00,3758.0
2019-04-27 18:00:00,3699.0
2019-04-27 19:00:00,3747.0
2019-04-27 20:00:00,3574.0
2019-04-27 21:00:00,3620.0
2019-04-27 22:00:00,3431.0
2019-04-27 23:00:00,3252.0
2019-04-28 00:00:00,3071.0
2019-04-28 01:00:00,3041.0
2019-04-28 02:00:00,2844.0
2019-04-28 03:00:00,2923.0
2019-04-28 04:00:00,2925.0
2019-04-28 05:00:00,2932.0
2019-04-28 06:00:00,2919.0
2019-04-28 07:00:00,2946.0
2019-04-28 08:00:00,2836.0
2019-04-28 09:00:00,2973.0
2019-04-28 10:00:00,3186.0
2019-04-28 11:00:00,3432.0
2019-04-28 12:00:00,3543.0
2019-04-28 13:00:00,3675.0
2019-04-28 14:00:00,3762.0
2019-04-28 15:00:00,3746.0
2019-04-28 16:00:00,3809.0
2019-04-28 17:00:00,3725.0
2019-04-28 18:00:00,3837.0
2019-04-28 19:00:00,3908.0
2019-04-28 20:00:00,3846.0
2019-04-28 21:00:00,3850.0
2019-04-28 22:00:00,3734.0
2019-04-28 23:00:00,3499.0
2019-04-29 00:00:00,3357.0
2019-04-29 01:00:00,3264.0
2019-04-29 02:00:00,3059.0
2019-04-29 03:00:00,3047.0
2019-04-29 04:00:00,3104.0
2019-04-29 05:00:00,3191.0
2019-04-29 06:00:00,3117.0
2019-04-29 07:00:00,3078.0
2019-04-29 08:00:00,2976.0
2019-04-29 09:00:00,2994.0
2019-04-29 10:00:00,3212.0
2019-04-29 11:00:00,3418.0
2019-04-29 12:00:00,3502.0
2019-04-29 13:00:00,3681.0
2019-04-29 14:00:00,3758.0
2019-04-29 15:00:00,3732.0
2019-04-29 16:00:00,3863.0
2019-04-29 17:00:00,3898.0
2019-04-29 18:00:00,4018.0
2019-04-29 19:00:00,4154.0
2019-04-29 20:00:00,3937.0
2019-04-29 21:00:00,3779.0
2019-04-29 22:00:00,3561.0
2019-04-29 23:00:00,3402.0
2019-04-30 00:00:00,3264.0
2019-04-30 01:00:00,3164.0
2019-04-30 02:00:00,3083.0
2019-04-30 03:00:00,3007.0
2019-04-30 04:00:00,3037.0
2019-04-30 05:00:00,2962.0
2019-04-30 06:00:00,2933.0
2019-04-30 07:00:00,2912.0
2019-04-30 08:00:00,2899.0
2019-04-30 09:00:00,2983.0
2019-04-30 10:00:00,3141.0
2019-04-30 11:00:00,3514.0
2019-04-30 12:00:00,3572.0
2019-04-30 13:00:00,3818.0
2019-04-30 14:00:00,3995.0
2019-04-30 15:00:00,4070.0
2019-04-30 16:00:00,3885.0
2019-04-30 17:00:00,3748.0
2019-04-30 18:00:00,4389.0
2019-04-30 19:00:00,4439.0
2019-04-30 20:00:00,4305.0
2019-04-30 21:00:00,4117.0
2019-04-30 22:00:00,3840.0
2019-04-30 23:00:00,3337.0
2019-05-01 00:00:00,3322.0
2019-05-01 01:00:00,3130.0
2019-05-01 02:00:00,3039.0
2019-05-01 03:00:00,3021.0
2019-05-01 04:00:00,2936.0
2019-05-01 05:00:00,2892.0
2019-05-01 06:00:00,2894.0
2019-05-01 07:00:00,2846.0
2019-05-01 08:00:00,2843.0
2019-05-01 09:00:00,2939.0
2019-05-01 10:00:00,3112.0
2019-05-01 11:00:00,3347.0
2019-05-01 12:00:00,3481.0
2019-05-01 13:00:00,3623.0
2019-05-01 14:00:00,3678.0
2019-05-01 15:00:00,3631.0
2019-05-01 16:00:00,3739.0
2019-05-01 17:00:00,3815.0
2019-05-01 18:00:00,3848.0
2019-05-01 19:00:00,3957.0
2019-05-01 20:00:00,3850.0
2019-05-01 21:00:00,3657.0
2019-05-01 22:00:00,3477.0
2019-05-01 23:00:00,3184.0
2019-05-02 00:00:00,3119.0
2019-05-02 01:00:00,3104.0
2019-05-02 02:00:00,2934.0
2019-05-02 03:00:00,3009.0
2019-05-02 04:00:00,3030.0
2019-05-02 05:00:00,2973.0
2019-05-02 06:00:00,2886.0
2019-05-02 07:00:00,2852.0
2019-05-02 08:00:00,2873.0
2019-05-02 09:00:00,2825.0
2019-05-02 10:00:00,2823.0
2019-05-02 11:00:00,2941.0
2019-05-02 12:00:00,3003.0
2019-05-02 13:00:00,3064.0
2019-05-02 14:00:00,3140.0
2019-05-02 15:00:00,3116.0
2019-05-02 16:00:00,3143.0
2019-05-02 17:00:00,3223.0
2019-05-02 18:00:00,3467.0
2019-05-02 19:00:00,3407.0
2019-05-02 20:00:00,3426.0
2019-05-02 21:00:00,3369.0
2019-05-02 22:00:00,3203.0
2019-05-02 23:00:00,3041.0
2019-05-03 00:00:00,2914.0
2019-05-03 01:00:00,2961.0
2019-05-03 02:00:00,2857.0
2019-05-03 03:00:00,2824.0
2019-05-03 04:00:00,2813.0
2019-05-03 05:00:00,2605.0
2019-05-03 06:00:00,2662.0
2019-05-03 07:00:00,2683.0
2019-05-03 08:00:00,2662.0
2019-05-03 09:00:00,2638.0
2019-05-03 10:00:00,2628.0
2019-05-03 11:00:00,2639.0
2019-05-03 12:00:00,2728.0
2019-05-03 13:00:00,2821.0
2019-05-03 14:00:00,2814.0
2019-05-03 15:00:00,2839.0
2019-05-03 16:00:00,2819.0
2019-05-03 17:00:00,2779.0
2019-05-03 18:00:00,2805.0
2019-05-03 19:00:00,2750.0
2019-05-03 20:00:00,2786.0
2019-05-03 21:00:00,2781.0
2019-05-03 22:00:00,2671.0
2019-05-03 23:00:00,2619.0
2019-05-04 00:00:00,2675.0
2019-05-04 01:00:00,2648.0
2019-05-04 02:00:00,2548.0
2019-05-04 03:00:00,2534.0
2019-05-04 04:00:00,2521.0
2019-05-04 05:00:00,2510.0
2019-05-04 06:00:00,2522.0
2019-05-04 07:00:00,2591.0
2019-05-04 08:00:00,2625.0
2019-05-04 09:00:00,2788.0
2019-05-04 10:00:00,2975.0
2019-05-04 11:00:00,3192.0
2019-05-04 12:00:00,3390.0
2019-05-04 13:00:00,3570.0
2019-05-04 14:00:00,3566.0
2019-05-04 15:00:00,3391.0
2019-05-04 16:00:00,3470.0
2019-05-04 17:00:00,3441.0
2019-05-04 18:00:00,3496.0
2019-05-04 19:00:00,3639.0
2019-05-04 20:00:00,3654.0
2019-05-04 21:00:00,3603.0
2019-05-04 22:00:00,3366.0
2019-05-04 23:00:00,3125.0
2019-05-05 00:00:00,3005.0
2019-05-05 01:00:00,2864.0
2019-05-05 02:00:00,2802.0
2019-05-05 03:00:00,2824.0
2019-05-05 04:00:00,2768.0
2019-05-05 05:00:00,2728.0
2019-05-05 06:00:00,2676.0
2019-05-05 07:00:00,2645.0
2019-05-05 08:00:00,2630.0
2019-05-05 09:00:00,2819.0
2019-05-05 10:00:00,2887.0
2019-05-05 11:00:00,3200.0
2019-05-05 12:00:00,3274.0
2019-05-05 13:00:00,3358.0
2019-05-05 14:00:00,3339.0
2019-05-05 15:00:00,3260.0
2019-05-05 16:00:00,3241.0
2019-05-05 17:00:00,3302.0
2019-05-05 18:00:00,3446.0
2019-05-05 19:00:00,3384.0
2019-05-05 20:00:00,3420.0
2019-05-05 21:00:00,3440.0
2019-05-05 22:00:00,3197.0
2019-05-05 23:00:00,3044.0
2019-05-06 00:00:00,2942.0
2019-05-06 01:00:00,2800.0
2019-05-06 02:00:00,2722.0
2019-05-06 03:00:00,2703.0
2019-05-06 04:00:00,2731.0
2019-05-06 05:00:00,2702.0
2019-05-06 06:00:00,2681.0
2019-05-06 07:00:00,2689.0
2019-05-06 08:00:00,2655.0
2019-05-06 09:00:00,2768.0
2019-05-06 10:00:00,2866.0
2019-05-06 11:00:00,3092.0
2019-05-06 12:00:00,3183.0
2019-05-06 13:00:00,3269.0
2019-05-06 14:00:00,3282.0
2019-05-06 15:00:00,3253.0
2019-05-06 16:00:00,3226.0
2019-05-06 17:00:00,3285.0
2019-05-06 18:00:00,3341.0
2019-05-06 19:00:00,3369.0
2019-05-06 20:00:00,3296.0
2019-05-06 21:00:00,3247.0
2019-05-06 22:00:00,3089.0
2019-05-06 23:00:00,2915.0
2019-05-07 00:00:00,2883.0
2019-05-07 01:00:00,2836.0
2019-05-07 02:00:00,2721.0
2019-05-07 03:00:00,2706.0
2019-05-07 04:00:00,2671.0
2019-05-07 05:00:00,2655.0
2019-05-07 06:00:00,2592.0
2019-05-07 07:00:00,2631.0
2019-05-07 08:00:00,2622.0
2019-05-07 09:00:00,2793.0
2019-05-07 10:00:00,2973.0
2019-05-07 11:00:00,3175.0
2019-05-07 12:00:00,3382.0
2019-05-07 13:00:00,3520.0
2019-05-07 14:00:00,3401.0
2019-05-07 15:00:00,3376.0
2019-05-07 16:00:00,3386.0
2019-05-07 17:00:00,3296.0
2019-05-07 18:00:00,3433.0
2019-05-07 19:00:00,3539.0
2019-05-07 20:00:00,3465.0
2019-05-07 21:00:00,3399.0
2019-05-07 22:00:00,3272.0
2019-05-07 23:00:00,3164.0
2019-05-08 00:00:00,3074.0
2019-05-08 01:00:00,3040.0
2019-05-08 02:00:00,2952.0
2019-05-08 03:00:00,2912.0
2019-05-08 04:00:00,2997.0
2019-05-08 05:00:00,2959.0
2019-05-08 06:00:00,2963.0
2019-05-08 07:00:00,2849.0
2019-05-08 08:00:00,2822.0
2019-05-08 09:00:00,2972.0
2019-05-08 10:00:00,3079.0
2019-05-08 11:00:00,3275.0
2019-05-08 12:00:00,3474.0
2019-05-08 13:00:00,3587.0
2019-05-08 14:00:00,3524.0
2019-05-08 15:00:00,3429.0
2019-05-08 16:00:00,3508.0
2019-05-08 17:00:00,3608.0
2019-05-08 18:00:00,3655.0
2019-05-08 19:00:00,3652.0
2019-05-08 20:00:00,3494.0
2019-05-08 21:00:00,3416.0
2019-05-08 22:00:00,3176.0
2019-05-08 23:00:00,3027.0
2019-05-09 00:00:00,2969.0
2019-05-09 01:00:00,2895.0
2019-05-09 02:00:00,2796.0
2019-05-09 03:00:00,2789.0
2019-05-09 04:00:00,2848.0
2019-05-09 05:00:00,2876.0
2019-05-09 06:00:00,2796.0
2019-05-09 07:00:00,2844.0
2019-05-09 08:00:00,2791.0
2019-05-09 09:00:00,2842.0
2019-05-09 10:00:00,2810.0
2019-05-09 11:00:00,2688.0
2019-05-09 12:00:00,2724.358670681095
2019-05-09 13:00:00,2713.6862713284436
2019-05-09 14:00:00,2705.375715247359
2019-05-09 15:00:00,2699.3402593442333
2019-05-09 16:00:00,2695.493160525458
2019-05-09 17:00:00,2693.7476756974233
2019-05-09 18:00:00,2694.017061766522
2019-05-09 19:00:00,2696.214575639145
2019-05-09 20:00:00,2700.253474221684
2019-05-09 21:00:00,2706.04701442053
2019-05-09 22:00:00,2713.508453142075
2019-05-09 23:00:00,2722.55104729271
2019-05-10 00:00:00,2733.088053778826
2019-05-10 01:00:00,2745.032729506816
2019-05-10 02:00:00,2758.2983313830705
2019-05-10 03:00:00,2772.7981163139807
2019-05-10 04:00:00,2788.4453412059383
2019-05-10 05:00:00,2805.1532629653348
2019-05-10 06:00:00,2822.8351384985617
2019-05-10 07:00:00,2841.4042247120105
2019-05-10 08:00:00,2860.7737785120726
2019-05-10 09:00:00,2880.857056805139
2019-05-10 10:00:00,2901.567316497601
2019-05-10 11:00:00,2922.8178144958515
2019-05-10 12:00:00,2944.521807706281
2019-05-10 13:00:00,2966.5925530352806
2019-05-10 14:00:00,2988.9433073892424
2019-05-10 15:00:00,3011.487327674557
2019-05-10 16:00:00,3034.1378707976173
2019-05-10 17:00:00,3056.8081936648136
2019-05-10 18:00:00,3079.411553182538
2019-05-10 19:00:00,3101.8612062571806
2019-05-10 20:00:00,3124.070409795134
2019-05-10 21:00:00,3145.95242070279
2019-05-10 22:00:00,3167.4204958865403
2019-05-10 23:00:00,3188.387892252774
2019-05-11 00:00:00,3208.767866707883
2019-05-11 01:00:00,3228.473676158261
2019-05-11 02:00:00,3247.4185775102987
2019-05-11 03:00:00,3265.515827670386
2019-05-11 04:00:00,3282.6786835449175
2019-05-11 05:00:00,3298.8204020402823
2019-05-11 06:00:00,3313.854240062873
2019-05-11 07:00:00,3327.693454519077
2019-05-11 08:00:00,3340.2513023152915
2019-05-11 09:00:00,3351.441040357906
2019-05-11 10:00:00,3361.1759255533098
2019-05-11 11:00:00,3369.3692148078953
2019-05-11 12:00:00,3375.934165028054
2019-05-11 13:00:00,3380.7840331201783
2019-05-11 14:00:00,3444.0
2019-05-11 15:00:00,3280.0
2019-05-11 16:00:00,3335.0
2019-05-11 17:00:00,3363.0
2019-05-11 18:00:00,3443.0
2019-05-11 19:00:00,3360.0
2019-05-11 20:00:00,3708.0
2019-05-11 21:00:00,3486.0
2019-05-11 22:00:00,3336.0
2019-05-11 23:00:00,3180.0
2019-05-12 00:00:00,3141.0
2019-05-12 01:00:00,2973.0
2019-05-12 02:00:00,2959.0
2019-05-12 03:00:00,2920.0
2019-05-12 04:00:00,3129.0
2019-05-12 05:00:00,2954.0
2019-05-12 06:00:00,2910.0
2019-05-12 07:00:00,2988.0
2019-05-12 08:00:00,2950.0
2019-05-12 09:00:00,3045.0
2019-05-12 10:00:00,3213.0
2019-05-12 11:00:00,3423.0
2019-05-12 12:00:00,3492.0
2019-05-12 13:00:00,3620.0
2019-05-12 14:00:00,3646.0
2019-05-12 15:00:00,3466.0
2019-05-12 16:00:00,3645.0
2019-05-12 17:00:00,3152.0
2019-05-12 18:00:00,3827.0
2019-05-12 19:00:00,3618.0
2019-05-12 20:00:00,3621.0
2019-05-12 21:00:00,3476.0
2019-05-12 22:00:00,3359.0
2019-05-12 23:00:00,3103.0
2019-05-13 00:00:00,3067.0
2019-05-13 01:00:00,2886.0
2019-05-13 02:00:00,2799.0
2019-05-13 03:00:00,2956.0
2019-05-13 04:00:00,3016.0
2019-05-13 05:00:00,2901.0
2019-05-13 06:00:00,2809.0
2019-05-13 07:00:00,2773.0
2019-05-13 08:00:00,2734.0
2019-05-13 09:00:00,2914.0
2019-05-13 10:00:00,3014.0
2019-05-13 11:00:00,3274.0
2019-05-13 12:00:00,3289.0
2019-05-13 13:00:00,3382.0
2019-05-13 14:00:00,3485.0
2019-05-13 15:00:00,3430.0
2019-05-13 16:00:00,3580.0
2019-05-13 17:00:00,3658.0
2019-05-13 18:00:00,3620.0
2019-05-13 19:00:00,3545.0
2019-05-13 20:00:00,3492.0
2019-05-13 21:00:00,3442.0
2019-05-13 22:00:00,3327.0
2019-05-13 23:00:00,3112.0
2019-05-14 00:00:00,3109.0
2019-05-14 01:00:00,3141.0
2019-05-14 02:00:00,3083.0
2019-05-14 03:00:00,3129.0
2019-05-14 04:00:00,3204.0
2019-05-14 05:00:00,3006.0
2019-05-14 06:00:00,2864.0
2019-05-14 07:00:00,2923.0
2019-05-14 08:00:00,2929.0
2019-05-14 09:00:00,3070.0
2019-05-14 10:00:00,3321.0
2019-05-14 11:00:00,3565.0
2019-05-14 12:00:00,3554.0
2019-05-14 13:00:00,3671.0
2019-05-14 14:00:00,3791.0
2019-05-14 15:00:00,3534.0
2019-05-14 16:00:00,3578.0
2019-05-14 17:00:00,3662.0
2019-05-14 18:00:00,3740.0
2019-05-14 19:00:00,3770.0
2019-05-14 20:00:00,3722.0
2019-05-14 21:00:00,3569.0
2019-05-14 22:00:00,3416.0
2019-05-14 23:00:00,3235.0
2019-05-15 00:00:00,3077.0
2019-05-15 01:00:00,2950.0
2019-05-15 02:00:00,2917.0
2019-05-15 03:00:00,2952.0
2019-05-15 04:00:00,3056.0
2019-05-15 05:00:00,2920.0
2019-05-15 06:00:00,2776.0
2019-05-15 07:00:00,2748.0
2019-05-15 08:00:00,2814.0
2019-05-15 09:00:00,2909.0
2019-05-15 10:00:00,3128.0
2019-05-15 11:00:00,3300.0
2019-05-15 12:00:00,3348.0
2019-05-15 13:00:00,3404.0
2019-05-15 14:00:00,3431.0
2019-05-15 15:00:00,3309.0
2019-05-15 16:00:00,3390.0
2019-05-15 17:00:00,3413.0
2019-05-15 18:00:00,3506.0
2019-05-15 19:00:00,3639.0
2019-05-15 20:00:00,3530.0
2019-05-15 21:00:00,3410.0
2019-05-15 22:00:00,3148.0
2019-05-15 23:00:00,2990.0
2019-05-16 00:00:00,2908.0
2019-05-16 01:00:00,2764.0
2019-05-16 02:00:00,2692.0
2019-05-16 03:00:00,2740.0
2019-05-16 04:00:00,2793.0
2019-05-16 05:00:00,2714.0
2019-05-16 06:00:00,2601.0
2019-05-16 07:00:00,2592.0
2019-05-16 08:00:00,2638.0
2019-05-16 09:00:00,2672.0
2019-05-16 10:00:00,2756.0
2019-05-16 11:00:00,2827.0
2019-05-16 12:00:00,2831.0
2019-05-16 13:00:00,2900.0
2019-05-16 14:00:00,2952.0
2019-05-16 15:00:00,2930.0
2019-05-16 16:00:00,2988.0
2019-05-16 17:00:00,2979.0
2019-05-16 18:00:00,3269.0
2019-05-16 19:00:00,3148.0
2019-05-16 20:00:00,3178.0
2019-05-16 21:00:00,3075.0
2019-05-16 22:00:00,2986.0
2019-05-16 23:00:00,2794.0
2019-05-17 00:00:00,2719.0
2019-05-17 01:00:00,2709.0
2019-05-17 02:00:00,2657.0
2019-05-17 03:00:00,2654.0
2019-05-17 04:00:00,2678.0
2019-05-17 05:00:00,2533.0
2019-05-17 06:00:00,2509.0
2019-05-17 07:00:00,2535.0
2019-05-17 08:00:00,2578.0
2019-05-17 09:00:00,2514.0
2019-05-17 10:00:00,2571.0
2019-05-17 11:00:00,2579.0
2019-05-17 12:00:00,2586.0
2019-05-17 13:00:00,2687.0
2019-05-17 14:00:00,2759.0
2019-05-17 15:00:00,2677.0
2019-05-17 16:00:00,2715.0
2019-05-17 17:00:00,2671.0
2019-05-17 18:00:00,2640.0
2019-05-17 19:00:00,2652.0
2019-05-17 20:00:00,2716.0
2019-05-17 21:00:00,2696.0
2019-05-17 22:00:00,2615.0
2019-05-17 23:00:00,2554.0
2019-05-18 00:00:00,2545.0
2019-05-18 01:00:00,2555.0
2019-05-18 02:00:00,2536.0
2019-05-18 03:00:00,2537.0
2019-05-18 04:00:00,2621.0
2019-05-18 05:00:00,2484.0
2019-05-18 06:00:00,2488.0
2019-05-18 07:00:00,2547.0
2019-05-18 08:00:00,2610.0
2019-05-18 09:00:00,2733.0
2019-05-18 10:00:00,2983.0
2019-05-18 11:00:00,3278.0
2019-05-18 12:00:00,3244.0
2019-05-18 13:00:00,3346.0
2019-05-18 14:00:00,3403.0
2019-05-18 15:00:00,3227.0
2019-05-18 16:00:00,3373.0
2019-05-18 17:00:00,3455.0
2019-05-18 18:00:00,3455.0
2019-05-18 19:00:00,3574.0
2019-05-18 20:00:00,3611.0
2019-05-18 21:00:00,3360.0
2019-05-18 22:00:00,3199.0
2019-05-18 23:00:00,3009.0
2019-05-19 00:00:00,2920.0
2019-05-19 01:00:00,2822.0
2019-05-19 02:00:00,2765.0
2019-05-19 03:00:00,2769.0
2019-05-19 04:00:00,2852.0
2019-05-19 05:00:00,2797.0
2019-05-19 06:00:00,2726.0
2019-05-19 07:00:00,2722.0
2019-05-19 08:00:00,2744.0
2019-05-19 09:00:00,2819.0
2019-05-19 10:00:00,2995.0
2019-05-19 11:00:00,3188.0
2019-05-19 12:00:00,3340.0
2019-05-19 13:00:00,3734.0
2019-05-19 14:00:00,3492.0
2019-05-19 15:00:00,3462.0
2019-05-19 16:00:00,3533.0
2019-05-19 17:00:00,3541.0
2019-05-19 18:00:00,3695.0
2019-05-19 19:00:00,3732.0
2019-05-19 20:00:00,3606.0
2019-05-19 21:00:00,3491.0
2019-05-19 22:00:00,3342.0
2019-05-19 23:00:00,3086.0
2019-05-20 00:00:00,3090.0
2019-05-20 01:00:00,2977.0
2019-05-20 02:00:00,2927.0
2019-05-20 03:00:00,2958.0
2019-05-20 04:00:00,3124.0
2019-05-20 05:00:00,3026.0
2019-05-20 06:00:00,2866.0
2019-05-20 07:00:00,2850.0
2019-05-20 08:00:00,2871.0
2019-05-20 09:00:00,2943.0
2019-05-20 10:00:00,3183.0
2019-05-20 11:00:00,3471.0
2019-05-20 12:00:00,3494.0
2019-05-20 13:00:00,3566.0
2019-05-20 14:00:00,3461.0
2019-05-20 15:00:00,3386.0
2019-05-20 16:00:00,3482.0
2019-05-20 17:00:00,3488.0
2019-05-20 18:00:00,3610.0
2019-05-20 19:00:00,3464.0
2019-05-20 20:00:00,3542.7205692320567
2019-05-20 21:00:00,3561.5031705620527
2019-05-20 22:00:00,3580.189515219506
2019-05-20 23:00:00,3598.7223257549576
2019-05-21 00:00:00,3617.0443247189487
2019-05-21 01:00:00,3635.09823466202
2019-05-21 02:00:00,3652.8267781347126
2019-05-21 03:00:00,3670.172677687568
2019-05-21 04:00:00,3687.0786558711266
2019-05-21 05:00:00,3703.4874352359298
2019-05-21 06:00:00,3719.341738332518
2019-05-21 07:00:00,3734.5842877114333
2019-05-21 08:00:00,3749.1578059232156
2019-05-21 09:00:00,3763.0050155184063
2019-05-21 10:00:00,3776.0686390475466
2019-05-21 11:00:00,3788.2913990611773
2019-05-21 12:00:00,3799.61601810984
2019-05-21 13:00:00,3809.9852187440747
2019-05-21 14:00:00,3819.3417235144234
2019-05-21 15:00:00,3827.6282549714265
2019-05-21 16:00:00,3834.787535665625
2019-05-21 17:00:00,3840.76228814756
2019-05-21 18:00:00,3845.4952349677733
2019-05-21 19:00:00,3848.929098676805
2019-05-21 20:00:00,3851.0066018251964
2019-05-21 21:00:00,3851.6704669634883
2019-05-21 22:00:00,3850.863416642222
2019-05-21 23:00:00,3848.528173411938
2019-05-22 00:00:00,3844.607459823178
2019-05-22 01:00:00,3839.0439984264826
2019-05-22 02:00:00,3831.7805117723933
2019-05-22 03:00:00,3822.7597224114506
2019-05-22 04:00:00,3811.924352894196
2019-05-22 05:00:00,3799.2171257711707
2019-05-22 06:00:00,3784.5807635929145
2019-05-22 07:00:00,3767.9579889099687
2019-05-22 08:00:00,3749.2915242728745
2019-05-22 09:00:00,3728.524092232173
2019-05-22 10:00:00,3705.598415338407
2019-05-22 11:00:00,3680.4572161421142
2019-05-22 12:00:00,3653.0432171938373
2019-05-22 13:00:00,3623.2991410441164
2019-05-22 14:00:00,3591.167710243495
2019-05-22 15:00:00,3556.5916473425114
2019-05-22 16:00:00,3519.5136748917093
2019-05-22 17:00:00,3479.876515441627
2019-05-22 18:00:00,3437.6228915428064
2019-05-22 19:00:00,3392.695525745791
2019-05-22 20:00:00,3345.0371406011172
2019-05-22 21:00:00,3294.590458659328
2019-05-22 22:00:00,3346.0
2019-05-22 23:00:00,3099.0
2019-05-23 00:00:00,3038.0
2019-05-23 01:00:00,2888.0
2019-05-23 02:00:00,2880.0
2019-05-23 03:00:00,2933.0
2019-05-23 04:00:00,3013.0
2019-05-23 05:00:00,2894.0
2019-05-23 06:00:00,2821.0
2019-05-23 07:00:00,2777.0
2019-05-23 08:00:00,2796.0
2019-05-23 09:00:00,2827.0
2019-05-23 10:00:00,2911.0
2019-05-23 11:00:00,2885.0
2019-05-23 12:00:00,2914.0
2019-05-23 13:00:00,2934.0
2019-05-23 14:00:00,3034.0
2019-05-23 15:00:00,3087.0
2019-05-23 16:00:00,3175.0
2019-05-23 17:00:00,3200.0
2019-05-23 18:00:00,3501.0
2019-05-23 19:00:00,3308.0
2019-05-23 20:00:00,3316.0
2019-05-23 21:00:00,3170.0
2019-05-23 22:00:00,3105.0
2019-05-23 23:00:00,2918.0
2019-05-24 00:00:00,2948.0
2019-05-24 01:00:00,2881.0
2019-05-24 02:00:00,2829.0
2019-05-24 03:00:00,2807.0
2019-05-24 04:00:00,2944.0
2019-05-24 05:00:00,2679.0
2019-05-24 06:00:00,2695.0
2019-05-24 07:00:00,2754.0
2019-05-24 08:00:00,2744.0
2019-05-24 09:00:00,2698.0
2019-05-24 10:00:00,2773.0
2019-05-24 11:00:00,2728.0
2019-05-24 12:00:00,2784.0
2019-05-24 13:00:00,2860.0
2019-05-24 14:00:00,2860.0
2019-05-24 15:00:00,2791.0
2019-05-24 16:00:00,2814.0
2019-05-24 17:00:00,2775.0
2019-05-24 18:00:00,2761.0
2019-05-24 19:00:00,2747.0
2019-05-24 20:00:00,2822.0
2019-05-24 21:00:00,2732.0
2019-05-24 22:00:00,2790.0
2019-05-24 23:00:00,2681.0
2019-05-25 00:00:00,2699.0
2019-05-25 01:00:00,2657.0
2019-05-25 02:00:00,2667.0
2019-05-25 03:00:00,2612.0
2019-05-25 04:00:00,2776.0
2019-05-25 05:00:00,2664.0
2019-05-25 06:00:00,2644.0
2019-05-25 07:00:00,2690.0
2019-05-25 08:00:00,2768.0
2019-05-25 09:00:00,2876.0
2019-05-25 10:00:00,3292.0
2019-05-25 11:00:00,3481.0
2019-05-25 12:00:00,3524.0
2019-05-25 13:00:00,3545.0
2019-05-25 14:00:00,3615.0
2019-05-25 15:00:00,3511.0
2019-05-25 16:00:00,3582.0
2019-05-25 17:00:00,3709.0
2019-05-25 18:00:00,3826.0
2019-05-25 19:00:00,3836.0
2019-05-25 20:00:00,3761.0
2019-05-25 21:00:00,3531.0
2019-05-25 22:00:00,3376.0
2019-05-25 23:00:00,3039.0
2019-05-26 00:00:00,3007.0
2019-05-26 01:00:00,2902.0
2019-05-26 02:00:00,2859.0
2019-05-26 03:00:00,2852.0
2019-05-26 04:00:00,2937.0
2019-05-26 05:00:00,2851.0
2019-05-26 06:00:00,2767.0
2019-05-26 07:00:00,2810.0
2019-05-26 08:00:00,2795.0
2019-05-26 09:00:00,2890.0
2019-05-26 10:00:00,3218.0
2019-05-26 11:00:00,3348.0
2019-05-26 12:00:00,3271.0
2019-05-26 13:00:00,3293.0
2019-05-26 14:00:00,3366.0
2019-05-26 15:00:00,3296.0
2019-05-26 16:00:00,3474.0
2019-05-26 17:00:00,3447.0
2019-05-26 18:00:00,3455.0
2019-05-26 19:00:00,3861.0
2019-05-26 20:00:00,3579.0
2019-05-26 21:00:00,3311.0
2019-05-26 22:00:00,3212.0
2019-05-26 23:00:00,3064.0
2019-05-27 00:00:00,2898.0
2019-05-27 01:00:00,2810.0
2019-05-27 02:00:00,2716.0
2019-05-27 03:00:00,2777.0
2019-05-27 04:00:00,2903.0
2019-05-27 05:00:00,2808.0
2019-05-27 06:00:00,2679.0
2019-05-27 07:00:00,2621.0
2019-05-27 08:00:00,2709.0
2019-05-27 09:00:00,2775.0
2019-05-27 10:00:00,3079.0
2019-05-27 11:00:00,3278.0
2019-05-27 12:00:00,3349.0
2019-05-27 13:00:00,3334.0
2019-05-27 14:00:00,3341.0
2019-05-27 15:00:00,3240.0
2019-05-27 16:00:00,3262.0
2019-05-27 17:00:00,3337.0
2019-05-27 18:00:00,3399.0
2019-05-27 19:00:00,3298.0
2019-05-27 20:00:00,3301.0
2019-05-27 21:00:00,3193.0
2019-05-27 22:00:00,3084.0
2019-05-27 23:00:00,3012.0
2019-05-28 00:00:00,2939.0
2019-05-28 01:00:00,2850.0
2019-05-28 02:00:00,2711.0
2019-05-28 03:00:00,2749.0
2019-05-28 04:00:00,2857.0
2019-05-28 05:00:00,2790.0
2019-05-28 06:00:00,2737.0
2019-05-28 07:00:00,2632.0
2019-05-28 08:00:00,2679.0
2019-05-28 09:00:00,2823.0
2019-05-28 10:00:00,3069.0
2019-05-28 11:00:00,3340.0
2019-05-28 12:00:00,3268.0
2019-05-28 13:00:00,3348.0
2019-05-28 14:00:00,3348.0
2019-05-28 15:00:00,3337.0
2019-05-28 16:00:00,3483.0
2019-05-28 17:00:00,3439.0
2019-05-28 18:00:00,3422.0
2019-05-28 19:00:00,3570.0
2019-05-28 20:00:00,3521.0
2019-05-28 21:00:00,3405.0
2019-05-28 22:00:00,3324.0
2019-05-28 23:00:00,3083.0
2019-05-29 00:00:00,2903.0
2019-05-29 01:00:00,2813.0
2019-05-29 02:00:00,2776.0
2019-05-29 03:00:00,2779.0
2019-05-29 04:00:00,2903.0
2019-05-29 05:00:00,2785.0
2019-05-29 06:00:00,2686.0
2019-05-29 07:00:00,2614.0
2019-05-29 08:00:00,2679.0
2019-05-29 09:00:00,2745.0
2019-05-29 10:00:00,3023.0
2019-05-29 11:00:00,3352.0
2019-05-29 12:00:00,3370.0
2019-05-29 13:00:00,3335.0
2019-05-29 14:00:00,3384.0
2019-05-29 15:00:00,3290.0
2019-05-29 16:00:00,3329.0
2019-05-29 17:00:00,3429.0
2019-05-29 18:00:00,3577.0
2019-05-29 19:00:00,3507.0
2019-05-29 20:00:00,3479.0
2019-05-29 21:00:00,3284.0
2019-05-29 22:00:00,3088.0
2019-05-29 23:00:00,2999.0
2019-05-30 00:00:00,2889.0
2019-05-30 01:00:00,2766.0
2019-05-30 02:00:00,2699.0
2019-05-30 03:00:00,2722.0
2019-05-30 04:00:00,2878.0
2019-05-30 05:00:00,2779.0
2019-05-30 06:00:00,2784.0
2019-05-30 07:00:00,2684.0
2019-05-30 08:00:00,2631.0
2019-05-30 09:00:00,2620.0
2019-05-30 10:00:00,2739.0
2019-05-30 11:00:00,2791.0
2019-05-30 12:00:00,2856.0
2019-05-30 13:00:00,2920.0
2019-05-30 14:00:00,2964.0
2019-05-30 15:00:00,2922.0
2019-05-30 16:00:00,2889.0
2019-05-30 17:00:00,3116.0
2019-05-30 18:00:00,3212.0
2019-05-30 19:00:00,3117.0
2019-05-30 20:00:00,3048.0
2019-05-30 21:00:00,2895.0
2019-05-30 22:00:00,2865.0
2019-05-30 23:00:00,2766.0
2019-05-31 00:00:00,2800.0
2019-05-31 01:00:00,2785.0
2019-05-31 02:00:00,2777.0
2019-05-31 03:00:00,2735.0
2019-05-31 04:00:00,2840.0
2019-05-31 05:00:00,2630.0
2019-05-31 06:00:00,2632.0
2019-05-31 07:00:00,2624.0
2019-05-31 08:00:00,2578.0
2019-05-31 09:00:00,2627.0
2019-05-31 10:00:00,2664.0
2019-05-31 11:00:00,2669.0
2019-05-31 12:00:00,2730.0
2019-05-31 13:00:00,2728.0
2019-05-31 14:00:00,2712.0
2019-05-31 15:00:00,2757.0
2019-05-31 16:00:00,2796.0
2019-05-31 17:00:00,2759.0
2019-05-31 18:00:00,2732.0
2019-05-31 19:00:00,2717.0
2019-05-31 20:00:00,2822.0
2019-05-31 21:00:00,2700.0
2019-05-31 22:00:00,2684.0
2019-05-31 23:00:00,2616.0
2019-06-01 00:00:00,2625.0
2019-06-01 01:00:00,2616.0
2019-06-01 02:00:00,2629.0
2019-06-01 03:00:00,2575.0
2019-06-01 04:00:00,2699.0
2019-06-01 05:00:00,2597.0
2019-06-01 06:00:00,2546.0
2019-06-01 07:00:00,2595.0
2019-06-01 08:00:00,2668.0
2019-06-01 09:00:00,2777.0
2019-06-01 10:00:00,2900.0
2019-06-01 11:00:00,3184.0
2019-06-01 12:00:00,3266.0
2019-06-01 13:00:00,3325.0
2019-06-01 14:00:00,3431.0
2019-06-01 15:00:00,3387.0
2019-06-01 16:00:00,3559.0
2019-06-01 17:00:00,3503.0
2019-06-01 18:00:00,3644.0
2019-06-01 19:00:00,3578.0
2019-06-01 20:00:00,3575.0
2019-06-01 21:00:00,3392.0
2019-06-01 22:00:00,3192.0
2019-06-01 23:00:00,2926.0
2019-06-02 00:00:00,2886.0
2019-06-02 01:00:00,2801.0
2019-06-02 02:00:00,2728.0
2019-06-02 03:00:00,2842.0
2019-06-02 04:00:00,2949.0
2019-06-02 05:00:00,2823.0
2019-06-02 06:00:00,2771.0
2019-06-02 07:00:00,2718.0
2019-06-02 08:00:00,2731.0
2019-06-02 09:00:00,2771.0
2019-06-02 10:00:00,3013.0
2019-06-02 11:00:00,3146.0
2019-06-02 12:00:00,3307.0
2019-06-02 13:00:00,3279.0
2019-06-02 14:00:00,3373.0
2019-06-02 15:00:00,3365.0
2019-06-02 16:00:00,3511.0
2019-06-02 17:00:00,3504.0
2019-06-02 18:00:00,3656.0
2019-06-02 19:00:00,3562.0
2019-06-02 20:00:00,3572.0
2019-06-02 21:00:00,3426.0
2019-06-02 22:00:00,3366.0
2019-06-02 23:00:00,3078.0
2019-06-03 00:00:00,2959.0
2019-06-03 01:00:00,2885.0
2019-06-03 02:00:00,2763.0
2019-06-03 03:00:00,2856.0
2019-06-03 04:00:00,3026.0
2019-06-03 05:00:00,2921.0
2019-06-03 06:00:00,2882.0
2019-06-03 07:00:00,2776.0
2019-06-03 08:00:00,2803.0
2019-06-03 09:00:00,2859.0
2019-06-03 10:00:00,3069.0
2019-06-03 11:00:00,3280.0
2019-06-03 12:00:00,3304.0
2019-06-03 13:00:00,3303.0
2019-06-03 14:00:00,3359.0
2019-06-03 15:00:00,3222.0
2019-06-03 16:00:00,3340.0
2019-06-03 17:00:00,3378.0
2019-06-03 18:00:00,3305.0
2019-06-03 19:00:00,3275.0
2019-06-03 20:00:00,3258.0
2019-06-03 21:00:00,3128.0
2019-06-03 22:00:00,3061.0
2019-06-03 23:00:00,2907.0
2019-06-04 00:00:00,2857.0
2019-06-04 01:00:00,2812.0
2019-06-04 02:00:00,2736.0
2019-06-04 03:00:00,2793.0
2019-06-04 04:00:00,2889.0
2019-06-04 05:00:00,2720.0
2019-06-04 06:00:00,2627.0
2019-06-04 07:00:00,2618.0
2019-06-04 08:00:00,2685.0
2019-06-04 09:00:00,2762.0
2019-06-04 10:00:00,3044.0
2019-06-04 11:00:00,3201.0
2019-06-04 12:00:00,3368.0
2019-06-04 13:00:00,3386.0
2019-06-04 14:00:00,3506.0
2019-06-04 15:00:00,3377.0
2019-06-04 16:00:00,3437.0
2019-06-04 17:00:00,3703.0
2019-06-04 18:00:00,3421.0
2019-06-04 19:00:00,3702.0
2019-06-04 20:00:00,3647.0
2019-06-04 21:00:00,3398.0
2019-06-04 22:00:00,3204.0
2019-06-04 23:00:00,2951.0
2019-06-05 00:00:00,2893.0
2019-06-05 01:00:00,2781.0
2019-06-05 02:00:00,2765.0
2019-06-05 03:00:00,2697.0
2019-06-05 04:00:00,2920.0
2019-06-05 05:00:00,2746.0
2019-06-05 06:00:00,2684.0
2019-06-05 07:00:00,2650.0
2019-06-05 08:00:00,2729.0
2019-06-05 09:00:00,2786.0
2019-06-05 10:00:00,3028.0
2019-06-05 11:00:00,3375.0
2019-06-05 12:00:00,3450.0
2019-06-05 13:00:00,3532.0
2019-06-05 14:00:00,3514.0
2019-06-05 15:00:00,3459.0
2019-06-05 16:00:00,3467.0
2019-06-05 17:00:00,3447.0
2019-06-05 18:00:00,3640.0
2019-06-05 19:00:00,3683.0
2019-06-05 20:00:00,3691.0
2019-06-05 21:00:00,3332.0
2019-06-05 22:00:00,3098.0
2019-06-05 23:00:00,2804.0
2019-06-06 00:00:00,2766.0
2019-06-06 01:00:00,2675.0
2019-06-06 02:00:00,2589.0
2019-06-06 03:00:00,2597.0
2019-06-06 04:00:00,2789.0
2019-06-06 05:00:00,2639.0
2019-06-06 06:00:00,2585.0
2019-06-06 07:00:00,2561.0
2019-06-06 08:00:00,2538.0
2019-06-06 09:00:00,2544.0
2019-06-06 10:00:00,2575.0
2019-06-06 11:00:00,2685.0
2019-06-06 12:00:00,2802.0
2019-06-06 13:00:00,2880.0
2019-06-06 14:00:00,2924.0
2019-06-06 15:00:00,2864.0
2019-06-06 16:00:00,2883.0
2019-06-06 17:00:00,3184.0
2019-06-06 18:00:00,3267.0
2019-06-06 19:00:00,3125.0
2019-06-06 20:00:00,3148.0
2019-06-06 21:00:00,3048.0
2019-06-06 22:00:00,2875.0
2019-06-06 23:00:00,2680.0
2019-06-07 00:00:00,2727.0
2019-06-07 01:00:00,2714.0
2019-06-07 02:00:00,2635.0
2019-06-07 03:00:00,2599.0
2019-06-07 04:00:00,2749.0
2019-06-07 05:00:00,2467.0
2019-06-07 06:00:00,2543.0
2019-06-07 07:00:00,2540.0
2019-06-07 08:00:00,2545.0
2019-06-07 09:00:00,2492.0
2019-06-07 10:00:00,2630.0
2019-06-07 11:00:00,2543.0
2019-06-07 12:00:00,2627.0
2019-06-07 13:00:00,2659.0
2019-06-07 14:00:00,2689.0
2019-06-07 15:00:00,2671.0
2019-06-07 16:00:00,2759.0
2019-06-07 17:00:00,2767.0
2019-06-07 18:00:00,2826.0
2019-06-07 19:00:00,2836.0
2019-06-07 20:00:00,2889.0
2019-06-07 21:00:00,2784.0
2019-06-07 22:00:00,2834.0
2019-06-07 23:00:00,2657.0
2019-06-08 00:00:00,2710.0
2019-06-08 01:00:00,2646.0
2019-06-08 02:00:00,2631.0
2019-06-08 03:00:00,2570.0
2019-06-08 04:00:00,2771.0
2019-06-08 05:00:00,2569.0
2019-06-08 06:00:00,2670.0
2019-06-08 07:00:00,2669.0
2019-06-08 08:00:00,2693.0
2019-06-08 09:00:00,2844.0
2019-06-08 10:00:00,3096.0
2019-06-08 11:00:00,3162.0
2019-06-08 12:00:00,3056.0
2019-06-08 13:00:00,3226.0
2019-06-08 14:00:00,3293.0
2019-06-08 15:00:00,3145.0
2019-06-08 16:00:00,3126.0
2019-06-08 17:00:00,3137.0
2019-06-08 18:00:00,3299.0
2019-06-08 19:00:00,3284.0
2019-06-08 20:00:00,3357.0
2019-06-08 21:00:00,3249.0
2019-06-08 22:00:00,3099.0
2019-06-08 23:00:00,2916.0
2019-06-09 00:00:00,2934.0
2019-06-09 01:00:00,2886.0
2019-06-09 02:00:00,2915.0
2019-06-09 03:00:00,2872.0
2019-06-09 04:00:00,2971.0
2019-06-09 05:00:00,2867.0
2019-06-09 06:00:00,2788.0
2019-06-09 07:00:00,2813.0
2019-06-09 08:00:00,2791.0
2019-06-09 09:00:00,2853.0
2019-06-09 10:00:00,3172.0
2019-06-09 11:00:00,3379.0
2019-06-09 12:00:00,3519.0
2019-06-09 13:00:00,3461.0
2019-06-09 14:00:00,3699.0
2019-06-09 15:00:00,3400.0
2019-06-09 16:00:00,3439.0
2019-06-09 17:00:00,3417.0
2019-06-09 18:00:00,3555.0
2019-06-09 19:00:00,3491.0
2019-06-09 20:00:00,3452.0
2019-06-09 21:00:00,3376.0
2019-06-09 22:00:00,3128.0
2019-06-09 23:00:00,2976.0
2019-06-10 00:00:00,2870.0
2019-06-10 01:00:00,2837.0
2019-06-10 02:00:00,2758.0
2019-06-10 03:00:00,2846.0
2019-06-10 04:00:00,2973.0
2019-06-10 05:00:00,2809.0
2019-06-10 06:00:00,2744.0
2019-06-10 07:00:00,2781.0
2019-06-10 08:00:00,2696.0
2019-06-10 09:00:00,2876.0
2019-06-10 10:00:00,2989.0
2019-06-10 11:00:00,3241.0
2019-06-10 12:00:00,3209.0
2019-06-10 13:00:00,3245.0
2019-06-10 14:00:00,3477.0
2019-06-10 15:00:00,3314.0
2019-06-10 16:00:00,3354.0
2019-06-10 17:00:00,3347.0
2019-06-10 18:00:00,3426.0
2019-06-10 19:00:00,3418.0
2019-06-10 20:00:00,3340.0
2019-06-10 21:00:00,3348.0
2019-06-10 22:00:00,3126.0
2019-06-10 23:00:00,2962.0
2019-06-11 00:00:00,2887.0
2019-06-11 01:00:00,2875.0
2019-06-11 02:00:00,2811.0
2019-06-11 03:00:00,2834.0
2019-06-11 04:00:00,2955.0
2019-06-11 05:00:00,2781.0
2019-06-11 06:00:00,2728.0
2019-06-11 07:00:00,2695.0
2019-06-11 08:00:00,2759.0
2019-06-11 09:00:00,2799.0
2019-06-11 10:00:00,3075.0
2019-06-11 11:00:00,3264.0
2019-06-11 12:00:00,3402.0
2019-06-11 13:00:00,3336.0
2019-06-11 14:00:00,3377.0
2019-06-11 15:00:00,3417.0
2019-06-11 16:00:00,3451.0
2019-06-11 17:00:00,3426.0
2019-06-11 18:00:00,3549.0
2019-06-11 19:00:00,3632.0
2019-06-11 20:00:00,3523.0
2019-06-11 21:00:00,3555.0
2019-06-11 22:00:00,3313.0
2019-06-11 23:00:00,2938.0
2019-06-12 00:00:00,2874.0
2019-06-12 01:00:00,2751.0
2019-06-12 02:00:00,2682.0
2019-06-12 03:00:00,2779.0
2019-06-12 04:00:00,2908.0
2019-06-12 05:00:00,2809.0
2019-06-12 06:00:00,2761.0
2019-06-12 07:00:00,2739.0
2019-06-12 08:00:00,2809.0
2019-06-12 09:00:00,2830.0
2019-06-12 10:00:00,3040.0
2019-06-12 11:00:00,3351.0
2019-06-12 12:00:00,3360.0
2019-06-12 13:00:00,3389.0
2019-06-12 14:00:00,3337.0
2019-06-12 15:00:00,3392.0
2019-06-12 16:00:00,3379.0
2019-06-12 17:00:00,3396.0
2019-06-12 18:00:00,3619.0
2019-06-12 19:00:00,3619.0
2019-06-12 20:00:00,3530.0
2019-06-12 21:00:00,3323.0
2019-06-12 22:00:00,3272.0
2019-06-12 23:00:00,3056.0
2019-06-13 00:00:00,2946.0
2019-06-13 01:00:00,2831.0
2019-06-13 02:00:00,2789.0
2019-06-13 03:00:00,2807.0
2019-06-13 04:00:00,2860.0
2019-06-13 05:00:00,2794.0
2019-06-13 06:00:00,2762.0
2019-06-13 07:00:00,2730.0
2019-06-13 08:00:00,2777.0
2019-06-13 09:00:00,2729.0
2019-06-13 10:00:00,2811.0
2019-06-13 11:00:00,2872.0
2019-06-13 12:00:00,2967.0
2019-06-13 13:00:00,2998.0
2019-06-13 14:00:00,3013.0
2019-06-13 15:00:00,2939.0
2019-06-13 16:00:00,3080.0
2019-06-13 17:00:00,3188.0
2019-06-13 18:00:00,3323.0
2019-06-13 19:00:00,3188.0
2019-06-13 20:00:00,3202.0
2019-06-13 21:00:00,3054.0
2019-06-13 22:00:00,3059.0
2019-06-13 23:00:00,2810.0
2019-06-14 00:00:00,2807.0
2019-06-14 01:00:00,2763.0
2019-06-14 02:00:00,2734.0
2019-06-14 03:00:00,2692.0
2019-06-14 04:00:00,2795.0
2019-06-14 05:00:00,2569.0
2019-06-14 06:00:00,2611.0
2019-06-14 07:00:00,2650.0
2019-06-14 08:00:00,2671.0
2019-06-14 09:00:00,2631.0
2019-06-14 10:00:00,2701.0
2019-06-14 11:00:00,2709.0
2019-06-14 12:00:00,2721.0
2019-06-14 13:00:00,2723.0
2019-06-14 14:00:00,2812.0
2019-06-14 15:00:00,2751.0
2019-06-14 16:00:00,2772.0
2019-06-14 17:00:00,2789.0
2019-06-14 18:00:00,2728.0
2019-06-14 19:00:00,2761.0
2019-06-14 20:00:00,2854.0
2019-06-14 21:00:00,2801.0
2019-06-14 22:00:00,2796.0
2019-06-14 23:00:00,2684.0
2019-06-15 00:00:00,2668.0
2019-06-15 01:00:00,2656.0
2019-06-15 02:00:00,2651.0
2019-06-15 03:00:00,2597.0
2019-06-15 04:00:00,2778.0
2019-06-15 05:00:00,2638.0
2019-06-15 06:00:00,2596.0
2019-06-15 07:00:00,2687.0
2019-06-15 08:00:00,2676.0
2019-06-15 09:00:00,2785.0
2019-06-15 10:00:00,3024.0
2019-06-15 11:00:00,3224.0
2019-06-15 12:00:00,3243.0
2019-06-15 13:00:00,3291.0
2019-06-15 14:00:00,3318.0
2019-06-15 15:00:00,3271.0
2019-06-15 16:00:00,3327.0
2019-06-15 17:00:00,3376.0
2019-06-15 18:00:00,3515.0
2019-06-15 19:00:00,3593.0
2019-06-15 20:00:00,3666.0
2019-06-15 21:00:00,3433.0
2019-06-15 22:00:00,3171.0
2019-06-15 23:00:00,3092.0
2019-06-16 00:00:00,2999.0
2019-06-16 01:00:00,2897.0
2019-06-16 02:00:00,2815.0
2019-06-16 03:00:00,2859.0
2019-06-16 04:00:00,3015.0
2019-06-16 05:00:00,2906.0
2019-06-16 06:00:00,2841.0
2019-06-16 07:00:00,2781.0
2019-06-16 08:00:00,2817.0
2019-06-16 09:00:00,2865.0
2019-06-16 10:00:00,3130.0
2019-06-16 11:00:00,3346.0
2019-06-16 12:00:00,3351.0
2019-06-16 13:00:00,3513.0
2019-06-16 14:00:00,3606.0
2019-06-16 15:00:00,3563.0
2019-06-16 16:00:00,3533.0
2019-06-16 17:00:00,3643.0
2019-06-16 18:00:00,3779.0
2019-06-16 19:00:00,3800.0
2019-06-16 20:00:00,3686.0
2019-06-16 21:00:00,3458.0
2019-06-16 22:00:00,3148.0
2019-06-16 23:00:00,3118.0
2019-06-17 00:00:00,2984.0
2019-06-17 01:00:00,2843.0
2019-06-17 02:00:00,2825.0
2019-06-17 03:00:00,2875.0
2019-06-17 04:00:00,3005.0
2019-06-17 05:00:00,2924.0
2019-06-17 06:00:00,2841.0
2019-06-17 07:00:00,2859.0
2019-06-17 08:00:00,2885.0
2019-06-17 09:00:00,2889.0
2019-06-17 10:00:00,2994.0
2019-06-17 11:00:00,3290.0
2019-06-17 12:00:00,3271.0
2019-06-17 13:00:00,3428.0
2019-06-17 14:00:00,3441.0
2019-06-17 15:00:00,3332.0
2019-06-17 16:00:00,3456.0
2019-06-17 17:00:00,3372.0
2019-06-17 18:00:00,3711.0
2019-06-17 19:00:00,3661.0
2019-06-17 20:00:00,3579.0
2019-06-17 21:00:00,3371.0
2019-06-17 22:00:00,3230.0
2019-06-17 23:00:00,3036.0
2019-06-18 00:00:00,2918.0
2019-06-18 01:00:00,2893.0
2019-06-18 02:00:00,2893.0
2019-06-18 03:00:00,2879.0
2019-06-18 04:00:00,2958.0
2019-06-18 05:00:00,2901.0
2019-06-18 06:00:00,2786.0
2019-06-18 07:00:00,2780.0
2019-06-18 08:00:00,2796.0
2019-06-18 09:00:00,2827.0
2019-06-18 10:00:00,3099.0
2019-06-18 11:00:00,3432.0
2019-06-18 12:00:00,3481.0
2019-06-18 13:00:00,3558.0
2019-06-18 14:00:00,3515.0
2019-06-18 15:00:00,3443.0
2019-06-18 16:00:00,3496.0
2019-06-18 17:00:00,3515.0
2019-06-18 18:00:00,3540.0
2019-06-18 19:00:00,3578.0
2019-06-18 20:00:00,3554.0
2019-06-18 21:00:00,3335.0
2019-06-18 22:00:00,3271.0
2019-06-18 23:00:00,3120.0
2019-06-19 00:00:00,2966.0
2019-06-19 01:00:00,2853.0
2019-06-19 02:00:00,2806.0
2019-06-19 03:00:00,2862.0
2019-06-19 04:00:00,3006.0
2019-06-19 05:00:00,2905.0
2019-06-19 06:00:00,2835.0
2019-06-19 07:00:00,2764.0
2019-06-19 08:00:00,2838.0
2019-06-19 09:00:00,2917.0
2019-06-19 10:00:00,3060.0
2019-06-19 11:00:00,3516.0
2019-06-19 12:00:00,3586.0
2019-06-19 13:00:00,3554.0
2019-06-19 14:00:00,3593.0
2019-06-19 15:00:00,3456.0
2019-06-19 16:00:00,3427.0
2019-06-19 17:00:00,3407.0
2019-06-19 18:00:00,3649.0
2019-06-19 19:00:00,3657.0
2019-06-19 20:00:00,3561.0
2019-06-19 21:00:00,3422.0
2019-06-19 22:00:00,3229.0
2019-06-19 23:00:00,3049.0
2019-06-20 00:00:00,2920.0
2019-06-20 01:00:00,2839.0
2019-06-20 02:00:00,2812.0
2019-06-20 03:00:00,2828.0
2019-06-20 04:00:00,3029.0
2019-06-20 05:00:00,2933.0
2019-06-20 06:00:00,2872.0
2019-06-20 07:00:00,2824.0
2019-06-20 08:00:00,2794.0
2019-06-20 09:00:00,2797.0
2019-06-20 10:00:00,2722.0
2019-06-20 11:00:00,2761.0
2019-06-20 12:00:00,2650.0
2019-06-20 13:00:00,2693.0
2019-06-20 14:00:00,3435.0
2019-06-20 15:00:00,2949.0
2019-06-20 16:00:00,2941.0
2019-06-20 17:00:00,2975.0
2019-06-20 18:00:00,3016.0
2019-06-20 19:00:00,3178.0
2019-06-20 20:00:00,3175.0
2019-06-20 21:00:00,3083.0
2019-06-20 22:00:00,2984.0
2019-06-20 23:00:00,2829.0
2019-06-21 00:00:00,2813.0
2019-06-21 01:00:00,2781.0
2019-06-21 02:00:00,2722.0
2019-06-21 03:00:00,2675.0
2019-06-21 04:00:00,2749.0
2019-06-21 05:00:00,2570.0
2019-06-21 06:00:00,2536.0
2019-06-21 07:00:00,2545.0
2019-06-21 08:00:00,2554.0
2019-06-21 09:00:00,2580.0
2019-06-21 10:00:00,2556.0
2019-06-21 11:00:00,2601.0
2019-06-21 12:00:00,2599.0
2019-06-21 13:00:00,2675.0
2019-06-21 14:00:00,2700.0
2019-06-21 15:00:00,2692.0
2019-06-21 16:00:00,2741.0
2019-06-21 17:00:00,2771.0
2019-06-21 18:00:00,2772.0
2019-06-21 19:00:00,2727.0
2019-06-21 20:00:00,2763.0
2019-06-21 21:00:00,2720.0
2019-06-21 22:00:00,2679.0
2019-06-21 23:00:00,2565.0
2019-06-22 00:00:00,2639.0
2019-06-22 01:00:00,2525.0
2019-06-22 02:00:00,2528.0
2019-06-22 03:00:00,2494.0
2019-06-22 04:00:00,2579.0
2019-06-22 05:00:00,2504.0
2019-06-22 06:00:00,2511.0
2019-06-22 07:00:00,2510.0
2019-06-22 08:00:00,2575.0
2019-06-22 09:00:00,2678.0
2019-06-22 10:00:00,2889.0
2019-06-22 11:00:00,3409.0
2019-06-22 12:00:00,3446.0
2019-06-22 13:00:00,3536.0
2019-06-22 14:00:00,3618.0
2019-06-22 15:00:00,3530.0
2019-06-22 16:00:00,3612.0
2019-06-22 17:00:00,3634.0
2019-06-22 18:00:00,3622.0
2019-06-22 19:00:00,3770.0
2019-06-22 20:00:00,3788.0
2019-06-22 21:00:00,3559.0
2019-06-22 22:00:00,3458.0
2019-06-22 23:00:00,3208.0
2019-06-23 00:00:00,3130.0
2019-06-23 01:00:00,3038.0
2019-06-23 02:00:00,2950.0
2019-06-23 03:00:00,2887.0
2019-06-23 04:00:00,3157.0
2019-06-23 05:00:00,3011.0
2019-06-23 06:00:00,2951.0
2019-06-23 07:00:00,2916.0
2019-06-23 08:00:00,2927.0
2019-06-23 09:00:00,2961.0
2019-06-23 10:00:00,3214.0
2019-06-23 11:00:00,3438.0
2019-06-23 12:00:00,3470.0
2019-06-23 13:00:00,3437.0
2019-06-23 14:00:00,3541.0
2019-06-23 15:00:00,3403.0
2019-06-23 16:00:00,3495.0
2019-06-23 17:00:00,3582.0
2019-06-23 18:00:00,3631.0
2019-06-23 19:00:00,3860.0
2019-06-23 20:00:00,3904.0
2019-06-23 21:00:00,3706.0
2019-06-23 22:00:00,3450.0
2019-06-23 23:00:00,3172.0
2019-06-24 00:00:00,3018.0
2019-06-24 01:00:00,2888.0
2019-06-24 02:00:00,2886.0
2019-06-24 03:00:00,2973.0
2019-06-24 04:00:00,3138.0
2019-06-24 05:00:00,2996.0
2019-06-24 06:00:00,2938.0
2019-06-24 07:00:00,2958.0
2019-06-24 08:00:00,3054.0
2019-06-24 09:00:00,3073.0
2019-06-24 10:00:00,3079.0
2019-06-24 11:00:00,3247.0
2019-06-24 12:00:00,3407.0
2019-06-24 13:00:00,3417.0
2019-06-24 14:00:00,3695.0
2019-06-24 15:00:00,3639.0
2019-06-24 16:00:00,3587.0
2019-06-24 17:00:00,3432.0
2019-06-24 18:00:00,3233.0
2019-06-24 19:00:00,3073.0
2019-06-24 20:00:00,3084.0
2019-06-24 21:00:00,2950.0
2019-06-24 22:00:00,2924.0
2019-06-24 23:00:00,2771.0
2019-06-25 00:00:00,2809.0
2019-06-25 01:00:00,2756.0
2019-06-25 02:00:00,2752.0
2019-06-25 03:00:00,2712.0
2019-06-25 04:00:00,2794.0
2019-06-25 05:00:00,2717.0
2019-06-25 06:00:00,2674.0
2019-06-25 07:00:00,2716.0
2019-06-25 08:00:00,2784.0
2019-06-25 09:00:00,2759.0
2019-06-25 10:00:00,2822.0
2019-06-25 11:00:00,2816.0
2019-06-25 12:00:00,2802.0
2019-06-25 13:00:00,2819.0
2019-06-25 14:00:00,2787.0
2019-06-25 15:00:00,2870.0
2019-06-25 16:00:00,2890.0
2019-06-25 17:00:00,2905.0
2019-06-25 18:00:00,2965.0
2019-06-25 19:00:00,2952.0
2019-06-25 20:00:00,3012.0
2019-06-25 21:00:00,2975.0
2019-06-25 22:00:00,2917.0
2019-06-25 23:00:00,2753.0
2019-06-26 00:00:00,2786.0
2019-06-26 01:00:00,2786.0
2019-06-26 02:00:00,2735.0
2019-06-26 03:00:00,2703.0
2019-06-26 04:00:00,2830.0
2019-06-26 05:00:00,2736.0
2019-06-26 06:00:00,2709.0
2019-06-26 07:00:00,2730.0
2019-06-26 08:00:00,2805.0
2019-06-26 09:00:00,2859.0
2019-06-26 10:00:00,3193.0
2019-06-26 11:00:00,3387.0
2019-06-26 12:00:00,3494.0
2019-06-26 13:00:00,3436.0
2019-06-26 14:00:00,3525.0
2019-06-26 15:00:00,3388.0
2019-06-26 16:00:00,3400.0
2019-06-26 17:00:00,3561.0
2019-06-26 18:00:00,3671.0
2019-06-26 19:00:00,3684.0
2019-06-26 20:00:00,3755.0
2019-06-26 21:00:00,3609.0
2019-06-26 22:00:00,3413.0
2019-06-26 23:00:00,3115.0
2019-06-27 00:00:00,3054.0
2019-06-27 01:00:00,2980.0
2019-06-27 02:00:00,2920.0
2019-06-27 03:00:00,2852.0
2019-06-27 04:00:00,2956.0
2019-06-27 05:00:00,2940.0
2019-06-27 06:00:00,2678.0
2019-06-27 07:00:00,2804.0
2019-06-27 08:00:00,2706.0
2019-06-27 09:00:00,2770.0
2019-06-27 10:00:00,2849.0
2019-06-27 11:00:00,2875.0
2019-06-27 12:00:00,2880.0
2019-06-27 13:00:00,3038.0
2019-06-27 14:00:00,3039.0
2019-06-27 15:00:00,3001.0
2019-06-27 16:00:00,3097.0
2019-06-27 17:00:00,3197.0
2019-06-27 18:00:00,3336.0
2019-06-27 19:00:00,3113.0
2019-06-27 20:00:00,3248.0
2019-06-27 21:00:00,3062.0
2019-06-27 22:00:00,2970.0
2019-06-27 23:00:00,2804.0
2019-06-28 00:00:00,2877.0
2019-06-28 01:00:00,3004.0
2019-06-28 02:00:00,2846.0
2019-06-28 03:00:00,2821.0
2019-06-28 04:00:00,2871.0
2019-06-28 05:00:00,2690.0
2019-06-28 06:00:00,2744.0
2019-06-28 07:00:00,2690.0
2019-06-28 08:00:00,2687.0
2019-06-28 09:00:00,2671.0
2019-06-28 10:00:00,2663.0
2019-06-28 11:00:00,2779.0
2019-06-28 12:00:00,2762.0
2019-06-28 13:00:00,2763.0
2019-06-28 14:00:00,2800.0
2019-06-28 15:00:00,2783.0
2019-06-28 16:00:00,2784.0
2019-06-28 17:00:00,2810.0
2019-06-28 18:00:00,2816.0
2019-06-28 19:00:00,2763.0
2019-06-28 20:00:00,2821.0
2019-06-28 21:00:00,2771.0
2019-06-28 22:00:00,2758.0
2019-06-28 23:00:00,2715.0
2019-06-29 00:00:00,2708.0
2019-06-29 01:00:00,2665.0
2019-06-29 02:00:00,2680.0
2019-06-29 03:00:00,2682.0
2019-06-29 04:00:00,2713.0
2019-06-29 05:00:00,2696.0
2019-06-29 06:00:00,2634.0
2019-06-29 07:00:00,2656.0
2019-06-29 08:00:00,2752.0
2019-06-29 09:00:00,2869.0
2019-06-29 10:00:00,3113.0
2019-06-29 11:00:00,3392.0
2019-06-29 12:00:00,3515.0
2019-06-29 13:00:00,3462.0
2019-06-29 14:00:00,3487.0
2019-06-29 15:00:00,3174.0
2019-06-29 16:00:00,3397.0
2019-06-29 17:00:00,3377.0
2019-06-29 18:00:00,3503.0
2019-06-29 19:00:00,3512.0
2019-06-29 20:00:00,3374.0
2019-06-29 21:00:00,3150.0
2019-06-29 22:00:00,3126.0
2019-06-29 23:00:00,2959.0
2019-06-30 00:00:00,2935.0
2019-06-30 01:00:00,2774.0
2019-06-30 02:00:00,2716.0
2019-06-30 03:00:00,2852.0
2019-06-30 04:00:00,2964.0
2019-06-30 05:00:00,2839.0
2019-06-30 06:00:00,2792.0
2019-06-30 07:00:00,2744.0
2019-06-30 08:00:00,2765.0
2019-06-30 09:00:00,2924.0
2019-06-30 10:00:00,3065.0
2019-06-30 11:00:00,3340.0
2019-06-30 12:00:00,3390.0
2019-06-30 13:00:00,3288.0
2019-06-30 14:00:00,3360.0
2019-06-30 15:00:00,3252.0
2019-06-30 16:00:00,3284.0
2019-06-30 17:00:00,3090.0
2019-06-30 18:00:00,3420.0
2019-06-30 19:00:00,3432.0
2019-06-30 20:00:00,3388.0
2019-06-30 21:00:00,3197.0
2019-06-30 22:00:00,3130.0
2019-06-30 23:00:00,2999.0
2019-07-01 00:00:00,2930.0
2019-07-01 01:00:00,2840.0
2019-07-01 02:00:00,2858.0
2019-07-01 03:00:00,2870.0
2019-07-01 04:00:00,2980.0
2019-07-01 05:00:00,2844.0
2019-07-01 06:00:00,2775.0
2019-07-01 07:00:00,2836.0
2019-07-01 08:00:00,2889.0
2019-07-01 09:00:00,2910.0
2019-07-01 10:00:00,2942.0
2019-07-01 11:00:00,3287.0
2019-07-01 12:00:00,3428.0
2019-07-01 13:00:00,3299.0
2019-07-01 14:00:00,3282.0
2019-07-01 15:00:00,3141.0
2019-07-01 16:00:00,3061.0
2019-07-01 17:00:00,3012.0
2019-07-01 18:00:00,2840.0
2019-07-01 19:00:00,2792.0
2019-07-01 20:00:00,2880.0
2019-07-01 21:00:00,2773.0
2019-07-01 22:00:00,2755.0
2019-07-01 23:00:00,2650.0
2019-07-02 00:00:00,2719.0
2019-07-02 01:00:00,2640.0
