date,OT
2016-07-01 02:00:00,2162.0
2016-07-01 03:00:00,2835.0
2016-07-01 04:00:00,2764.0
2016-07-01 05:00:00,2735.0
2016-07-01 06:00:00,2721.0
2016-07-01 07:00:00,2742.0
2016-07-01 08:00:00,2716.0
2016-07-01 09:00:00,2716.0
2016-07-01 10:00:00,2680.0
2016-07-01 11:00:00,2581.0
2016-07-01 12:00:00,2600.0
2016-07-01 13:00:00,2637.0
2016-07-01 14:00:00,2665.0
2016-07-01 15:00:00,2737.0
2016-07-01 16:00:00,2812.0
2016-07-01 17:00:00,2807.0
2016-07-01 18:00:00,2823.0
2016-07-01 19:00:00,2854.0
2016-07-01 20:00:00,2946.0
2016-07-01 21:00:00,3003.0
2016-07-01 22:00:00,2964.0
2016-07-01 23:00:00,2921.0
2016-07-02 00:00:00,2887.0
2016-07-02 01:00:00,2820.0
2016-07-02 02:00:00,2785.0
2016-07-02 03:00:00,2818.0
2016-07-02 04:00:00,2820.0
2016-07-02 05:00:00,2834.0
2016-07-02 06:00:00,2852.0
2016-07-02 07:00:00,2798.0
2016-07-02 08:00:00,2746.0
2016-07-02 09:00:00,3003.0
2016-07-02 10:00:00,3061.0
2016-07-02 11:00:00,3350.0
2016-07-02 12:00:00,3469.0
2016-07-02 13:00:00,3505.0
2016-07-02 14:00:00,3586.0
2016-07-02 15:00:00,3506.0
2016-07-02 16:00:00,3421.0
2016-07-02 17:00:00,3380.0
2016-07-02 18:00:00,3410.0
2016-07-02 19:00:00,3486.0
2016-07-02 20:00:00,3472.0
2016-07-02 21:00:00,3308.0
2016-07-02 22:00:00,3203.0
2016-07-02 23:00:00,3301.0
2016-07-03 00:00:00,3537.0
2016-07-03 01:00:00,3703.0
2016-07-03 02:00:00,3502.0
2016-07-03 03:00:00,3376.0
2016-07-03 04:00:00,3177.0
2016-07-03 05:00:00,2996.0
2016-07-03 06:00:00,2928.0
2016-07-03 07:00:00,2941.0
2016-07-03 08:00:00,2965.0
2016-07-03 09:00:00,3041.0
2016-07-03 10:00:00,3073.0
2016-07-03 11:00:00,3311.0
2016-07-03 12:00:00,3450.0
2016-07-03 13:00:00,3431.0
2016-07-03 14:00:00,3470.0
2016-07-03 15:00:00,3498.0
2016-07-03 16:00:00,3460.0
2016-07-03 17:00:00,3481.0
2016-07-03 18:00:00,3483.0
2016-07-03 19:00:00,3575.0
2016-07-03 20:00:00,3560.0
2016-07-03 21:00:00,3595.0
2016-07-03 22:00:00,3404.0
2016-07-03 23:00:00,3403.0
2016-07-04 00:00:00,3572.0
2016-07-04 01:00:00,3681.0
2016-07-04 02:00:00,3495.0
2016-07-04 03:00:00,3419.0
2016-07-04 04:00:00,3242.0
2016-07-04 05:00:00,3049.0
2016-07-04 06:00:00,2925.0
2016-07-04 07:00:00,2907.0
2016-07-04 08:00:00,2823.0
2016-07-04 09:00:00,2905.0
2016-07-04 10:00:00,2952.0
2016-07-04 11:00:00,2989.0
2016-07-04 12:00:00,2821.0
2016-07-04 13:00:00,2884.0
2016-07-04 14:00:00,3111.0
2016-07-04 15:00:00,3486.0
2016-07-04 16:00:00,3379.0
2016-07-04 17:00:00,3317.0
2016-07-04 18:00:00,2959.0
2016-07-04 19:00:00,3073.0
2016-07-04 20:00:00,3633.0
2016-07-04 21:00:00,3612.0
2016-07-04 22:00:00,3332.0
2016-07-04 23:00:00,3436.0
2016-07-05 00:00:00,3417.0
2016-07-05 01:00:00,3514.0
2016-07-05 02:00:00,3369.0
2016-07-05 03:00:00,3223.0
2016-07-05 04:00:00,3049.0
2016-07-05 05:00:00,2960.0
2016-07-05 06:00:00,2908.0
2016-07-05 07:00:00,2883.0
2016-07-05 08:00:00,2872.0
2016-07-05 09:00:00,3067.0
2016-07-05 10:00:00,3103.0
2016-07-05 11:00:00,3397.0
2016-07-05 12:00:00,3485.0
2016-07-05 13:00:00,3473.0
2016-07-05 14:00:00,3468.0
2016-07-05 15:00:00,3476.0
2016-07-05 16:00:00,3390.0
2016-07-05 17:00:00,3037.0
2016-07-05 18:00:00,3476.0
2016-07-05 19:00:00,3751.0
2016-07-05 20:00:00,3619.0
2016-07-05 21:00:00,3549.0
2016-07-05 22:00:00,3348.0
2016-07-05 23:00:00,3471.0
2016-07-06 00:00:00,3638.0
2016-07-06 01:00:00,3876.0
2016-07-06 02:00:00,3724.0
2016-07-06 03:00:00,3566.0
2016-07-06 04:00:00,3383.0
2016-07-06 05:00:00,3178.0
2016-07-06 06:00:00,3080.0
2016-07-06 07:00:00,3043.0
2016-07-06 08:00:00,2982.0
2016-07-06 09:00:00,3127.0
2016-07-06 10:00:00,3044.0
2016-07-06 11:00:00,3198.0
2016-07-06 12:00:00,3337.0
2016-07-06 13:00:00,3396.0
2016-07-06 14:00:00,3488.0
2016-07-06 15:00:00,3396.0
2016-07-06 16:00:00,3340.0
2016-07-06 17:00:00,3444.0
2016-07-06 18:00:00,3436.0
2016-07-06 19:00:00,3555.0
2016-07-06 20:00:00,3505.0
2016-07-06 21:00:00,3450.0
2016-07-06 22:00:00,3297.0
2016-07-06 23:00:00,3401.0
2016-07-07 00:00:00,3670.0
2016-07-07 01:00:00,3876.0
2016-07-07 02:00:00,3549.0
2016-07-07 03:00:00,3398.0
2016-07-07 04:00:00,3223.0
2016-07-07 05:00:00,3111.0
2016-07-07 06:00:00,3003.0
2016-07-07 07:00:00,2935.0
2016-07-07 08:00:00,2840.0
2016-07-07 09:00:00,2920.0
2016-07-07 10:00:00,2999.0
2016-07-07 11:00:00,3000.0
2016-07-07 12:00:00,3019.0
2016-07-07 13:00:00,2999.0
2016-07-07 14:00:00,3116.0
2016-07-07 15:00:00,3097.0
2016-07-07 16:00:00,3069.0
2016-07-07 17:00:00,3073.0
2016-07-07 18:00:00,3038.0
2016-07-07 19:00:00,3044.0
2016-07-07 20:00:00,3107.0
2016-07-07 21:00:00,3237.0
2016-07-07 22:00:00,3114.0
2016-07-07 23:00:00,3232.0
2016-07-08 00:00:00,3413.0
2016-07-08 01:00:00,3482.0
2016-07-08 02:00:00,3260.0
2016-07-08 03:00:00,3098.0
2016-07-08 04:00:00,2954.0
2016-07-08 05:00:00,2925.0
2016-07-08 06:00:00,2855.0
2016-07-08 07:00:00,2819.0
2016-07-08 08:00:00,2818.0
2016-07-08 09:00:00,2815.0
2016-07-08 10:00:00,2769.0
2016-07-08 11:00:00,2714.0
2016-07-08 12:00:00,2709.0
2016-07-08 13:00:00,2761.0
2016-07-08 14:00:00,2763.0
2016-07-08 15:00:00,2834.0
2016-07-08 16:00:00,2890.0
2016-07-08 17:00:00,2863.0
2016-07-08 18:00:00,2800.0
2016-07-08 19:00:00,2825.0
2016-07-08 20:00:00,2859.0
2016-07-08 21:00:00,2923.0
2016-07-08 22:00:00,2821.0
2016-07-08 23:00:00,2801.0
2016-07-09 00:00:00,2771.0
2016-07-09 01:00:00,2743.0
2016-07-09 02:00:00,2752.0
2016-07-09 03:00:00,2681.0
2016-07-09 04:00:00,2705.0
2016-07-09 05:00:00,2680.0
2016-07-09 06:00:00,2608.0
2016-07-09 07:00:00,2700.0
2016-07-09 08:00:00,2702.0
2016-07-09 09:00:00,2784.0
2016-07-09 10:00:00,2820.0
2016-07-09 11:00:00,3286.0
2016-07-09 12:00:00,3350.0
2016-07-09 13:00:00,3366.0
2016-07-09 14:00:00,3500.0
2016-07-09 15:00:00,3380.0
2016-07-09 16:00:00,3311.0
2016-07-09 17:00:00,3310.0
2016-07-09 18:00:00,3375.0
2016-07-09 19:00:00,3468.0
2016-07-09 20:00:00,3419.0
2016-07-09 21:00:00,3326.0
2016-07-09 22:00:00,3222.0
2016-07-09 23:00:00,3337.0
2016-07-10 00:00:00,3626.0
2016-07-10 01:00:00,3706.0
2016-07-10 02:00:00,3325.0
2016-07-10 03:00:00,3258.0
2016-07-10 04:00:00,3116.0
2016-07-10 05:00:00,2894.0
2016-07-10 06:00:00,2818.0
2016-07-10 07:00:00,2838.0
2016-07-10 08:00:00,2783.0
2016-07-10 09:00:00,2876.0
2016-07-10 10:00:00,2862.0
2016-07-10 11:00:00,3248.0
2016-07-10 12:00:00,3351.0
2016-07-10 13:00:00,3401.0
2016-07-10 14:00:00,3581.0
2016-07-10 15:00:00,3500.0
2016-07-10 16:00:00,3390.0
2016-07-10 17:00:00,3297.0
2016-07-10 18:00:00,3314.0
2016-07-10 19:00:00,3458.0
2016-07-10 20:00:00,3468.0
2016-07-10 21:00:00,3373.0
2016-07-10 22:00:00,3225.0
2016-07-10 23:00:00,3494.0
2016-07-11 00:00:00,3618.0
2016-07-11 01:00:00,3824.0
2016-07-11 02:00:00,3610.0
2016-07-11 03:00:00,3463.0
2016-07-11 04:00:00,3293.0
2016-07-11 05:00:00,3095.0
2016-07-11 06:00:00,3001.0
2016-07-11 07:00:00,3000.0
2016-07-11 08:00:00,2943.0
2016-07-11 09:00:00,3001.0
2016-07-11 10:00:00,3000.0
2016-07-11 11:00:00,3231.0
2016-07-11 12:00:00,3355.0
2016-07-11 13:00:00,3317.0
2016-07-11 14:00:00,3507.0
2016-07-11 15:00:00,3511.0
2016-07-11 16:00:00,3267.0
2016-07-11 17:00:00,3349.0
2016-07-11 18:00:00,3514.0
2016-07-11 19:00:00,3631.0
2016-07-11 20:00:00,3486.0
2016-07-11 21:00:00,3567.0
2016-07-11 22:00:00,3404.0
2016-07-11 23:00:00,3617.0
2016-07-12 00:00:00,3533.0
2016-07-12 01:00:00,3720.0
2016-07-12 02:00:00,3496.0
2016-07-12 03:00:00,3359.0
2016-07-12 04:00:00,3202.0
2016-07-12 05:00:00,3080.0
2016-07-12 06:00:00,2964.0
2016-07-12 07:00:00,2962.0
2016-07-12 08:00:00,2893.0
2016-07-12 09:00:00,3008.0
2016-07-12 10:00:00,2956.0
2016-07-12 11:00:00,3314.0
2016-07-12 12:00:00,3456.0
2016-07-12 13:00:00,3474.0
2016-07-12 14:00:00,3532.0
2016-07-12 15:00:00,3460.0
2016-07-12 16:00:00,3399.0
2016-07-12 17:00:00,3501.0
2016-07-12 18:00:00,3474.0
2016-07-12 19:00:00,3591.0
2016-07-12 20:00:00,3557.0
2016-07-12 21:00:00,3512.0
2016-07-12 22:00:00,3377.0
2016-07-12 23:00:00,3490.0
2016-07-13 00:00:00,3637.0
2016-07-13 01:00:00,3787.0
2016-07-13 02:00:00,3597.0
2016-07-13 03:00:00,3596.0
2016-07-13 04:00:00,3307.0
2016-07-13 05:00:00,3130.0
2016-07-13 06:00:00,3049.0
2016-07-13 07:00:00,3062.0
2016-07-13 08:00:00,2996.0
2016-07-13 09:00:00,3072.0
2016-07-13 10:00:00,2982.0
2016-07-13 11:00:00,3292.0
2016-07-13 12:00:00,3609.0
2016-07-13 13:00:00,3712.0
2016-07-13 14:00:00,3637.0
2016-07-13 15:00:00,3621.0
2016-07-13 16:00:00,3583.0
2016-07-13 17:00:00,3484.0
2016-07-13 18:00:00,3539.0
2016-07-13 19:00:00,3610.0
2016-07-13 20:00:00,3534.0
2016-07-13 21:00:00,3513.0
2016-07-13 22:00:00,3386.0
2016-07-13 23:00:00,3572.0
2016-07-14 00:00:00,3678.0
2016-07-14 01:00:00,3829.0
2016-07-14 02:00:00,3558.0
2016-07-14 03:00:00,3500.0
2016-07-14 04:00:00,3273.0
2016-07-14 05:00:00,3131.0
2016-07-14 06:00:00,2994.0
2016-07-14 07:00:00,2970.0
2016-07-14 08:00:00,2875.0
2016-07-14 09:00:00,2946.0
2016-07-14 10:00:00,2918.0
2016-07-14 11:00:00,2941.0
2016-07-14 12:00:00,2928.0
2016-07-14 13:00:00,2869.0
2016-07-14 14:00:00,2913.0
2016-07-14 15:00:00,3002.0
2016-07-14 16:00:00,3021.0
2016-07-14 17:00:00,3142.0
2016-07-14 18:00:00,3157.0
2016-07-14 19:00:00,3090.0
2016-07-14 20:00:00,3166.0
2016-07-14 21:00:00,3332.0
2016-07-14 22:00:00,3157.0
2016-07-14 23:00:00,3310.0
2016-07-15 00:00:00,3318.0
2016-07-15 01:00:00,3437.0
2016-07-15 02:00:00,3321.0
2016-07-15 03:00:00,3225.0
2016-07-15 04:00:00,3183.0
2016-07-15 05:00:00,3101.0
2016-07-15 06:00:00,2928.0
2016-07-15 07:00:00,2892.0
2016-07-15 08:00:00,2874.0
2016-07-15 09:00:00,2848.0
2016-07-15 10:00:00,2918.0
2016-07-15 11:00:00,2780.0
2016-07-15 12:00:00,2855.0
2016-07-15 13:00:00,2823.0
2016-07-15 14:00:00,2860.0
2016-07-15 15:00:00,2886.0
2016-07-15 16:00:00,2837.0
2016-07-15 17:00:00,2829.0
2016-07-15 18:00:00,2878.0
2016-07-15 19:00:00,2871.0
2016-07-15 20:00:00,2826.0
2016-07-15 21:00:00,2895.0
2016-07-15 22:00:00,2874.0
2016-07-15 23:00:00,2881.0
2016-07-16 00:00:00,2851.0
2016-07-16 01:00:00,2873.0
2016-07-16 02:00:00,2882.0
2016-07-16 03:00:00,2881.0
2016-07-16 04:00:00,2791.0
2016-07-16 05:00:00,2782.0
2016-07-16 06:00:00,2770.0
2016-07-16 07:00:00,2851.0
2016-07-16 08:00:00,2794.0
2016-07-16 09:00:00,2881.0
2016-07-16 10:00:00,3002.0
2016-07-16 11:00:00,3355.0
2016-07-16 12:00:00,3570.0
2016-07-16 13:00:00,3558.0
2016-07-16 14:00:00,3626.0
2016-07-16 15:00:00,3512.0
2016-07-16 16:00:00,3415.0
2016-07-16 17:00:00,3389.0
2016-07-16 18:00:00,3399.0
2016-07-16 19:00:00,3411.0
2016-07-16 20:00:00,3484.0
2016-07-16 21:00:00,3433.0
2016-07-16 22:00:00,3315.0
2016-07-16 23:00:00,3481.0
2016-07-17 00:00:00,3657.0
2016-07-17 01:00:00,3752.0
2016-07-17 02:00:00,3516.0
2016-07-17 03:00:00,3477.0
2016-07-17 04:00:00,3213.0
2016-07-17 05:00:00,3052.0
2016-07-17 06:00:00,2991.0
2016-07-17 07:00:00,2940.0
2016-07-17 08:00:00,2852.0
2016-07-17 09:00:00,2954.0
2016-07-17 10:00:00,3052.0
2016-07-17 11:00:00,3363.0
2016-07-17 12:00:00,3609.0
2016-07-17 13:00:00,3554.0
2016-07-17 14:00:00,3633.0
2016-07-17 15:00:00,3550.0
2016-07-17 16:00:00,3549.0
2016-07-17 17:00:00,3602.0
2016-07-17 18:00:00,3507.0
2016-07-17 19:00:00,3554.0
2016-07-17 20:00:00,3499.0
2016-07-17 21:00:00,3461.0
2016-07-17 22:00:00,3379.0
2016-07-17 23:00:00,3557.0
2016-07-18 00:00:00,3566.0
2016-07-18 01:00:00,3646.0
2016-07-18 02:00:00,3576.0
2016-07-18 03:00:00,3475.0
2016-07-18 04:00:00,3249.0
2016-07-18 05:00:00,3120.0
2016-07-18 06:00:00,2974.0
2016-07-18 07:00:00,2941.0
2016-07-18 08:00:00,2915.0
2016-07-18 09:00:00,2967.0
2016-07-18 10:00:00,2937.0
2016-07-18 11:00:00,3408.0
2016-07-18 12:00:00,3585.0
2016-07-18 13:00:00,3557.0
2016-07-18 14:00:00,3576.0
2016-07-18 15:00:00,3544.0
2016-07-18 16:00:00,3388.0
2016-07-18 17:00:00,3468.0
2016-07-18 18:00:00,3426.0
2016-07-18 19:00:00,3588.0
2016-07-18 20:00:00,3523.0
2016-07-18 21:00:00,3557.0
2016-07-18 22:00:00,3431.0
2016-07-18 23:00:00,3558.0
2016-07-19 00:00:00,3505.0
2016-07-19 01:00:00,3488.0
2016-07-19 02:00:00,3339.0
2016-07-19 03:00:00,3304.0
2016-07-19 04:00:00,3153.0
2016-07-19 05:00:00,3050.0
2016-07-19 06:00:00,2933.0
2016-07-19 07:00:00,2931.0
2016-07-19 08:00:00,2854.0
2016-07-19 09:00:00,2997.0
2016-07-19 10:00:00,2921.0
2016-07-19 11:00:00,3261.0
2016-07-19 12:00:00,3414.0
2016-07-19 13:00:00,3400.0
2016-07-19 14:00:00,3549.0
2016-07-19 15:00:00,3406.0
2016-07-19 16:00:00,3456.0
2016-07-19 17:00:00,3575.0
2016-07-19 18:00:00,3442.0
2016-07-19 19:00:00,3607.0
2016-07-19 20:00:00,3543.0
2016-07-19 21:00:00,3401.0
2016-07-19 22:00:00,3297.0
2016-07-19 23:00:00,3527.0
2016-07-20 00:00:00,3646.0
2016-07-20 01:00:00,3724.0
2016-07-20 02:00:00,3553.0
2016-07-20 03:00:00,3546.0
2016-07-20 04:00:00,3309.0
2016-07-20 05:00:00,3121.0
2016-07-20 06:00:00,3116.0
2016-07-20 07:00:00,2958.0
2016-07-20 08:00:00,2915.0
2016-07-20 09:00:00,3065.0
2016-07-20 10:00:00,3065.0
2016-07-20 11:00:00,3413.0
2016-07-20 12:00:00,3506.0
2016-07-20 13:00:00,3551.0
2016-07-20 14:00:00,3592.0
2016-07-20 15:00:00,3612.0
2016-07-20 16:00:00,3351.0
2016-07-20 17:00:00,3418.0
2016-07-20 18:00:00,3477.0
2016-07-20 19:00:00,3605.0
2016-07-20 20:00:00,3395.0
2016-07-20 21:00:00,3433.0
2016-07-20 22:00:00,3430.0
2016-07-20 23:00:00,3636.0
2016-07-21 00:00:00,3800.0
2016-07-21 01:00:00,3781.0
2016-07-21 02:00:00,3518.0
2016-07-21 03:00:00,3585.0
2016-07-21 04:00:00,3328.0
2016-07-21 05:00:00,3254.0
2016-07-21 06:00:00,3144.0
2016-07-21 07:00:00,3080.0
2016-07-21 08:00:00,2976.0
2016-07-21 09:00:00,3093.0
2016-07-21 10:00:00,3071.0
2016-07-21 11:00:00,3055.0
2016-07-21 12:00:00,3048.0
2016-07-21 13:00:00,3039.0
2016-07-21 14:00:00,3106.0
2016-07-21 15:00:00,3178.0
2016-07-21 16:00:00,3122.0
2016-07-21 17:00:00,3314.0
2016-07-21 18:00:00,3333.0
2016-07-21 19:00:00,3257.0
2016-07-21 20:00:00,3261.0
2016-07-21 21:00:00,3337.0
2016-07-21 22:00:00,3226.0
2016-07-21 23:00:00,3346.0
2016-07-22 00:00:00,3405.0
2016-07-22 01:00:00,3541.0
2016-07-22 02:00:00,3342.0
2016-07-22 03:00:00,3166.0
2016-07-22 04:00:00,3110.0
2016-07-22 05:00:00,2990.0
2016-07-22 06:00:00,2945.0
2016-07-22 07:00:00,2853.0
2016-07-22 08:00:00,2801.0
2016-07-22 09:00:00,2877.0
2016-07-22 10:00:00,2905.0
2016-07-22 11:00:00,2866.0
2016-07-22 12:00:00,2827.0
2016-07-22 13:00:00,2828.0
2016-07-22 14:00:00,2886.0
2016-07-22 15:00:00,2975.0
2016-07-22 16:00:00,2992.0
2016-07-22 17:00:00,3020.0
2016-07-22 18:00:00,2960.0
2016-07-22 19:00:00,2982.0
2016-07-22 20:00:00,3017.0
2016-07-22 21:00:00,3120.0
2016-07-22 22:00:00,2989.0
2016-07-22 23:00:00,2974.0
2016-07-23 00:00:00,2907.0
2016-07-23 01:00:00,2835.0
2016-07-23 02:00:00,2858.0
2016-07-23 03:00:00,2919.0
2016-07-23 04:00:00,2934.0
2016-07-23 05:00:00,2882.0
2016-07-23 06:00:00,2812.0
2016-07-23 07:00:00,2773.0
2016-07-23 08:00:00,2835.0
2016-07-23 09:00:00,3061.0
2016-07-23 10:00:00,3053.0
2016-07-23 11:00:00,3435.0
2016-07-23 12:00:00,3628.0
2016-07-23 13:00:00,3570.0
2016-07-23 14:00:00,3632.0
2016-07-23 15:00:00,3554.0
2016-07-23 16:00:00,3422.0
2016-07-23 17:00:00,3535.0
2016-07-23 18:00:00,3645.0
2016-07-23 19:00:00,3669.0
2016-07-23 20:00:00,3573.0
2016-07-23 21:00:00,3544.0
2016-07-23 22:00:00,3447.0
2016-07-23 23:00:00,3662.0
2016-07-24 00:00:00,3817.0
2016-07-24 01:00:00,3821.0
2016-07-24 02:00:00,3562.0
2016-07-24 03:00:00,3441.0
2016-07-24 04:00:00,3173.0
2016-07-24 05:00:00,3140.0
2016-07-24 06:00:00,3122.0
2016-07-24 07:00:00,3051.0
2016-07-24 08:00:00,3030.0
2016-07-24 09:00:00,3127.0
2016-07-24 10:00:00,3144.0
2016-07-24 11:00:00,3642.0
2016-07-24 12:00:00,3744.0
2016-07-24 13:00:00,3557.0
2016-07-24 14:00:00,3737.0
2016-07-24 15:00:00,3764.0
2016-07-24 16:00:00,3642.0
2016-07-24 17:00:00,3599.0
2016-07-24 18:00:00,3570.0
2016-07-24 19:00:00,3730.0
2016-07-24 20:00:00,3618.0
2016-07-24 21:00:00,3549.0
2016-07-24 22:00:00,3402.0
2016-07-24 23:00:00,3635.0
2016-07-25 00:00:00,3754.0
2016-07-25 01:00:00,3877.0
2016-07-25 02:00:00,3628.0
2016-07-25 03:00:00,3587.0
2016-07-25 04:00:00,3333.0
2016-07-25 05:00:00,3238.0
2016-07-25 06:00:00,3090.0
2016-07-25 07:00:00,3022.0
2016-07-25 08:00:00,3026.0
2016-07-25 09:00:00,3095.0
2016-07-25 10:00:00,3131.0
2016-07-25 11:00:00,3572.0
2016-07-25 12:00:00,3516.0
2016-07-25 13:00:00,3500.0
2016-07-25 14:00:00,3613.0
2016-07-25 15:00:00,3678.0
2016-07-25 16:00:00,3504.0
2016-07-25 17:00:00,3429.0
2016-07-25 18:00:00,3420.0
2016-07-25 19:00:00,3609.0
2016-07-25 20:00:00,3675.0
2016-07-25 21:00:00,3636.0
2016-07-25 22:00:00,3501.0
2016-07-25 23:00:00,3704.0
2016-07-26 00:00:00,3665.0
2016-07-26 01:00:00,3655.0
2016-07-26 02:00:00,3510.0
2016-07-26 03:00:00,3409.0
2016-07-26 04:00:00,3210.0
2016-07-26 05:00:00,3128.0
2016-07-26 06:00:00,3015.0
2016-07-26 07:00:00,2845.0
2016-07-26 08:00:00,2926.0
2016-07-26 09:00:00,3018.0
2016-07-26 10:00:00,2996.0
2016-07-26 11:00:00,3407.0
2016-07-26 12:00:00,3582.0
2016-07-26 13:00:00,3541.0
2016-07-26 14:00:00,3681.0
2016-07-26 15:00:00,3670.0
2016-07-26 16:00:00,3524.0
2016-07-26 17:00:00,3604.0
2016-07-26 18:00:00,3699.0
2016-07-26 19:00:00,3724.0
2016-07-26 20:00:00,3751.0
2016-07-26 21:00:00,3751.0
2016-07-26 22:00:00,3579.0
2016-07-26 23:00:00,3799.0
2016-07-27 00:00:00,3733.0
2016-07-27 01:00:00,3786.0
2016-07-27 02:00:00,3658.0
2016-07-27 03:00:00,3611.0
2016-07-27 04:00:00,3382.0
2016-07-27 05:00:00,3241.0
2016-07-27 06:00:00,3169.0
2016-07-27 07:00:00,3033.0
2016-07-27 08:00:00,3043.0
2016-07-27 09:00:00,3105.0
2016-07-27 10:00:00,3127.0
2016-07-27 11:00:00,3534.0
2016-07-27 12:00:00,3683.0
2016-07-27 13:00:00,3687.0
2016-07-27 14:00:00,3746.0
2016-07-27 15:00:00,3639.0
2016-07-27 16:00:00,3626.0
2016-07-27 17:00:00,3586.0
2016-07-27 18:00:00,3595.0
2016-07-27 19:00:00,3633.0
2016-07-27 20:00:00,3540.0
2016-07-27 21:00:00,3522.0
2016-07-27 22:00:00,3378.0
2016-07-27 23:00:00,3573.0
2016-07-28 00:00:00,3548.0
2016-07-28 01:00:00,3802.0
2016-07-28 02:00:00,3709.0
2016-07-28 03:00:00,3528.0
2016-07-28 04:00:00,3317.0
2016-07-28 05:00:00,3268.0
2016-07-28 06:00:00,3135.0
2016-07-28 07:00:00,3077.0
2016-07-28 08:00:00,3068.0
2016-07-28 09:00:00,2971.0
2016-07-28 10:00:00,3059.0
2016-07-28 11:00:00,3057.0
2016-07-28 12:00:00,3110.0
2016-07-28 13:00:00,3079.0
2016-07-28 14:00:00,3197.0
2016-07-28 15:00:00,3061.0
2016-07-28 16:00:00,3084.0
2016-07-28 17:00:00,3158.0
2016-07-28 18:00:00,3220.0
2016-07-28 19:00:00,3081.0
2016-07-28 20:00:00,3153.0
2016-07-28 21:00:00,3297.0
2016-07-28 22:00:00,3214.0
2016-07-28 23:00:00,3357.0
2016-07-29 00:00:00,3304.0
2016-07-29 01:00:00,3379.0
2016-07-29 02:00:00,3258.0
2016-07-29 03:00:00,3120.0
2016-07-29 04:00:00,2980.0
2016-07-29 05:00:00,2988.0
2016-07-29 06:00:00,2889.0
2016-07-29 07:00:00,2825.0
2016-07-29 08:00:00,2814.0
2016-07-29 09:00:00,2861.0
2016-07-29 10:00:00,2817.0
2016-07-29 11:00:00,2818.0
2016-07-29 12:00:00,2757.0
2016-07-29 13:00:00,2843.0
2016-07-29 14:00:00,2890.0
2016-07-29 15:00:00,2923.0
2016-07-29 16:00:00,2913.0
2016-07-29 17:00:00,2915.0
2016-07-29 18:00:00,2913.0
2016-07-29 19:00:00,2967.0
2016-07-29 20:00:00,2954.0
2016-07-29 21:00:00,3041.0
2016-07-29 22:00:00,2838.0
2016-07-29 23:00:00,2848.0
2016-07-30 00:00:00,2781.0
2016-07-30 01:00:00,2760.0
2016-07-30 02:00:00,2837.0
2016-07-30 03:00:00,2921.0
2016-07-30 04:00:00,2848.0
2016-07-30 05:00:00,2845.0
2016-07-30 06:00:00,2808.0
2016-07-30 07:00:00,2789.0
2016-07-30 08:00:00,2825.0
2016-07-30 09:00:00,2958.0
2016-07-30 10:00:00,2986.0
2016-07-30 11:00:00,3435.0
2016-07-30 12:00:00,3484.0
2016-07-30 13:00:00,3415.0
2016-07-30 14:00:00,3624.0
2016-07-30 15:00:00,3542.0
2016-07-30 16:00:00,3255.0
2016-07-30 17:00:00,3421.0
2016-07-30 18:00:00,3413.0
2016-07-30 19:00:00,3407.0
2016-07-30 20:00:00,3349.0
2016-07-30 21:00:00,3296.0
2016-07-30 22:00:00,3197.0
2016-07-30 23:00:00,3333.0
2016-07-31 00:00:00,3462.0
2016-07-31 01:00:00,3572.0
2016-07-31 02:00:00,3350.0
2016-07-31 03:00:00,3323.0
2016-07-31 04:00:00,3179.0
2016-07-31 05:00:00,3033.0
2016-07-31 06:00:00,2855.0
2016-07-31 07:00:00,2909.0
2016-07-31 08:00:00,2899.0
2016-07-31 09:00:00,2951.0
2016-07-31 10:00:00,3053.0
2016-07-31 11:00:00,3340.0
2016-07-31 12:00:00,3560.0
2016-07-31 13:00:00,3376.0
2016-07-31 14:00:00,3591.0
2016-07-31 15:00:00,3512.0
2016-07-31 16:00:00,3456.0
2016-07-31 17:00:00,3342.0
2016-07-31 18:00:00,3334.0
2016-07-31 19:00:00,3529.0
2016-07-31 20:00:00,3399.0
2016-07-31 21:00:00,3362.0
2016-07-31 22:00:00,3277.0
2016-07-31 23:00:00,3375.0
2016-08-01 00:00:00,3548.0
2016-08-01 01:00:00,3678.0
2016-08-01 02:00:00,3475.0
2016-08-01 03:00:00,3371.0
2016-08-01 04:00:00,3172.0
2016-08-01 05:00:00,3017.0
2016-08-01 06:00:00,2928.0
2016-08-01 07:00:00,2901.0
2016-08-01 08:00:00,2901.0
2016-08-01 09:00:00,2883.0
2016-08-01 10:00:00,2969.0
2016-08-01 11:00:00,3495.0
2016-08-01 12:00:00,3528.0
2016-08-01 13:00:00,3517.0
2016-08-01 14:00:00,3664.0
2016-08-01 15:00:00,3655.0
2016-08-01 16:00:00,3458.0
2016-08-01 17:00:00,3400.0
2016-08-01 18:00:00,3355.0
2016-08-01 19:00:00,3737.0
2016-08-01 20:00:00,3595.0
2016-08-01 21:00:00,3518.0
2016-08-01 22:00:00,3396.0
2016-08-01 23:00:00,3654.0
2016-08-02 00:00:00,3533.0
2016-08-02 01:00:00,3618.0
2016-08-02 02:00:00,3431.0
2016-08-02 03:00:00,3339.0
2016-08-02 04:00:00,3264.0
2016-08-02 05:00:00,3178.0
2016-08-02 06:00:00,3016.0
2016-08-02 07:00:00,3007.0
2016-08-02 08:00:00,2967.0
2016-08-02 09:00:00,2994.0
2016-08-02 10:00:00,3080.0
2016-08-02 11:00:00,3425.0
2016-08-02 12:00:00,3520.0
2016-08-02 13:00:00,3624.0
2016-08-02 14:00:00,3467.0
2016-08-02 15:00:00,3397.0
2016-08-02 16:00:00,3437.0
2016-08-02 17:00:00,3441.0
2016-08-02 18:00:00,3484.0
2016-08-02 19:00:00,3498.0
2016-08-02 20:00:00,3495.0
2016-08-02 21:00:00,3411.0
2016-08-02 22:00:00,3257.0
2016-08-02 23:00:00,3341.0
2016-08-03 00:00:00,3537.0
2016-08-03 01:00:00,3800.0
2016-08-03 02:00:00,3517.0
2016-08-03 03:00:00,3447.0
2016-08-03 04:00:00,3228.0
2016-08-03 05:00:00,3135.0
2016-08-03 06:00:00,3032.0
2016-08-03 07:00:00,2953.0
2016-08-03 08:00:00,2976.0
2016-08-03 09:00:00,2981.0
2016-08-03 10:00:00,3075.0
2016-08-03 11:00:00,3435.0
2016-08-03 12:00:00,3525.0
2016-08-03 13:00:00,3433.0
2016-08-03 14:00:00,3549.0
2016-08-03 15:00:00,3512.0
2016-08-03 16:00:00,3455.0
2016-08-03 17:00:00,3519.0
2016-08-03 18:00:00,3521.0
2016-08-03 19:00:00,3568.0
2016-08-03 20:00:00,3388.0
2016-08-03 21:00:00,3351.0
2016-08-03 22:00:00,3289.0
2016-08-03 23:00:00,3371.0
2016-08-04 00:00:00,3518.0
2016-08-04 01:00:00,3712.0
2016-08-04 02:00:00,3544.0
2016-08-04 03:00:00,3377.0
2016-08-04 04:00:00,3226.0
2016-08-04 05:00:00,3106.0
2016-08-04 06:00:00,2949.0
2016-08-04 07:00:00,2938.0
2016-08-04 08:00:00,2941.0
2016-08-04 09:00:00,2984.0
2016-08-04 10:00:00,2986.0
2016-08-04 11:00:00,3021.0
2016-08-04 12:00:00,3011.0
2016-08-04 13:00:00,2973.0
2016-08-04 14:00:00,2999.0
2016-08-04 15:00:00,2954.0
2016-08-04 16:00:00,3028.0
2016-08-04 17:00:00,3079.0
2016-08-04 18:00:00,2922.0
2016-08-04 19:00:00,2928.0
2016-08-04 20:00:00,2969.0
2016-08-04 21:00:00,3143.0
2016-08-04 22:00:00,3090.0
2016-08-04 23:00:00,3194.0
2016-08-05 00:00:00,3218.0
2016-08-05 01:00:00,3344.0
2016-08-05 02:00:00,3251.0
2016-08-05 03:00:00,3145.0
2016-08-05 04:00:00,3084.0
2016-08-05 05:00:00,2975.0
2016-08-05 06:00:00,2843.0
2016-08-05 07:00:00,2849.0
2016-08-05 08:00:00,2858.0
2016-08-05 09:00:00,2855.0
2016-08-05 10:00:00,2884.0
2016-08-05 11:00:00,2858.0
2016-08-05 12:00:00,2706.0
2016-08-05 13:00:00,2747.0
2016-08-05 14:00:00,2806.0
2016-08-05 15:00:00,2855.0
2016-08-05 16:00:00,2910.0
2016-08-05 17:00:00,2860.0
2016-08-05 18:00:00,2846.0
2016-08-05 19:00:00,2882.0
2016-08-05 20:00:00,2932.0
2016-08-05 21:00:00,3050.0
2016-08-05 22:00:00,2960.0
2016-08-05 23:00:00,2965.0
2016-08-06 00:00:00,2883.0
2016-08-06 01:00:00,2976.0
2016-08-06 02:00:00,2957.0
2016-08-06 03:00:00,2975.0
2016-08-06 04:00:00,2936.0
2016-08-06 05:00:00,2935.0
2016-08-06 06:00:00,2819.0
2016-08-06 07:00:00,2898.0
2016-08-06 08:00:00,2916.0
2016-08-06 09:00:00,3123.0
2016-08-06 10:00:00,3214.0
2016-08-06 11:00:00,3654.0
2016-08-06 12:00:00,3684.0
2016-08-06 13:00:00,3576.0
2016-08-06 14:00:00,3674.0
2016-08-06 15:00:00,3621.0
2016-08-06 16:00:00,3596.0
2016-08-06 17:00:00,3572.0
2016-08-06 18:00:00,3608.0
2016-08-06 19:00:00,3717.0
2016-08-06 20:00:00,3675.0
2016-08-06 21:00:00,3522.0
2016-08-06 22:00:00,3537.0
2016-08-06 23:00:00,3643.0
2016-08-07 00:00:00,3672.0
2016-08-07 01:00:00,3785.0
2016-08-07 02:00:00,3713.0
2016-08-07 03:00:00,3667.0
2016-08-07 04:00:00,3492.0
2016-08-07 05:00:00,3330.0
2016-08-07 06:00:00,3210.0
2016-08-07 07:00:00,3071.0
2016-08-07 08:00:00,2918.0
2016-08-07 09:00:00,2935.0
2016-08-07 10:00:00,3082.0
2016-08-07 11:00:00,3325.0
2016-08-07 12:00:00,3390.0
2016-08-07 13:00:00,3493.0
2016-08-07 14:00:00,3584.0
2016-08-07 15:00:00,3498.0
2016-08-07 16:00:00,3473.0
2016-08-07 17:00:00,3401.0
2016-08-07 18:00:00,3347.0
2016-08-07 19:00:00,3524.0
2016-08-07 20:00:00,3491.0
2016-08-07 21:00:00,3468.0
2016-08-07 22:00:00,3396.0
2016-08-07 23:00:00,3566.0
2016-08-08 00:00:00,3685.0
2016-08-08 01:00:00,3865.0
2016-08-08 02:00:00,3670.0
2016-08-08 03:00:00,3557.0
2016-08-08 04:00:00,3291.0
2016-08-08 05:00:00,3164.0
2016-08-08 06:00:00,2982.0
2016-08-08 07:00:00,3000.0
2016-08-08 08:00:00,2937.0
2016-08-08 09:00:00,2905.0
2016-08-08 10:00:00,2911.0
2016-08-08 11:00:00,3363.0
2016-08-08 12:00:00,3449.0
2016-08-08 13:00:00,3484.0
2016-08-08 14:00:00,3582.0
2016-08-08 15:00:00,3577.0
2016-08-08 16:00:00,3537.0
2016-08-08 17:00:00,3516.0
2016-08-08 18:00:00,3535.0
2016-08-08 19:00:00,3438.0
2016-08-08 20:00:00,3324.0
2016-08-08 21:00:00,3405.0
2016-08-08 22:00:00,3204.0
2016-08-08 23:00:00,3335.0
2016-08-09 00:00:00,3378.0
2016-08-09 01:00:00,3543.0
2016-08-09 02:00:00,3285.0
2016-08-09 03:00:00,3266.0
2016-08-09 04:00:00,3096.0
2016-08-09 05:00:00,2906.0
2016-08-09 06:00:00,2780.0
2016-08-09 07:00:00,2847.0
2016-08-09 08:00:00,2780.0
2016-08-09 09:00:00,2863.0
2016-08-09 10:00:00,3010.0
2016-08-09 11:00:00,3429.0
2016-08-09 12:00:00,3573.0
2016-08-09 13:00:00,3556.0
2016-08-09 14:00:00,3574.0
2016-08-09 15:00:00,3491.0
2016-08-09 16:00:00,3415.0
2016-08-09 17:00:00,3426.0
2016-08-09 18:00:00,3477.0
2016-08-09 19:00:00,3590.0
2016-08-09 20:00:00,3461.0
2016-08-09 21:00:00,3429.0
2016-08-09 22:00:00,3314.0
2016-08-09 23:00:00,3466.0
2016-08-10 00:00:00,3444.0
2016-08-10 01:00:00,3658.0
2016-08-10 02:00:00,3328.0
2016-08-10 03:00:00,3156.0
2016-08-10 04:00:00,3082.0
2016-08-10 05:00:00,2986.0
2016-08-10 06:00:00,2882.0
2016-08-10 07:00:00,2911.0
2016-08-10 08:00:00,2861.0
2016-08-10 09:00:00,2928.0
2016-08-10 10:00:00,2996.0
2016-08-10 11:00:00,3505.0
2016-08-10 12:00:00,3595.0
2016-08-10 13:00:00,3580.0
2016-08-10 14:00:00,3675.0
2016-08-10 15:00:00,3617.0
2016-08-10 16:00:00,3558.0
2016-08-10 17:00:00,3661.0
2016-08-10 18:00:00,3534.0
2016-08-10 19:00:00,3484.0
2016-08-10 20:00:00,3423.0
2016-08-10 21:00:00,3403.0
2016-08-10 22:00:00,3263.0
2016-08-10 23:00:00,3439.0
2016-08-11 00:00:00,3609.0
2016-08-11 01:00:00,3826.0
2016-08-11 02:00:00,3572.0
2016-08-11 03:00:00,3448.0
2016-08-11 04:00:00,3254.0
2016-08-11 05:00:00,3116.0
2016-08-11 06:00:00,2975.0
2016-08-11 07:00:00,2946.0
2016-08-11 08:00:00,2882.0
2016-08-11 09:00:00,2910.0
2016-08-11 10:00:00,2949.0
2016-08-11 11:00:00,2959.0
2016-08-11 12:00:00,2947.0
2016-08-11 13:00:00,2927.0
2016-08-11 14:00:00,3071.0
2016-08-11 15:00:00,2843.0
2016-08-11 16:00:00,2857.0
2016-08-11 17:00:00,3059.0
2016-08-11 18:00:00,3020.0
2016-08-11 19:00:00,3037.0
2016-08-11 20:00:00,3013.0
2016-08-11 21:00:00,3133.0
2016-08-11 22:00:00,3036.0
2016-08-11 23:00:00,3178.0
2016-08-12 00:00:00,3151.0
2016-08-12 01:00:00,3214.0
2016-08-12 02:00:00,3130.0
2016-08-12 03:00:00,2961.0
2016-08-12 04:00:00,2890.0
2016-08-12 05:00:00,2797.0
2016-08-12 06:00:00,2770.0
2016-08-12 07:00:00,2776.0
2016-08-12 08:00:00,2787.0
2016-08-12 09:00:00,2780.0
2016-08-12 10:00:00,2705.0
2016-08-12 11:00:00,2694.0
2016-08-12 12:00:00,2707.0
2016-08-12 13:00:00,2794.0
2016-08-12 14:00:00,2832.0
2016-08-12 15:00:00,2883.0
2016-08-12 16:00:00,2891.0
2016-08-12 17:00:00,2875.0
2016-08-12 18:00:00,2745.0
2016-08-12 19:00:00,2818.0
2016-08-12 20:00:00,2819.0
2016-08-12 21:00:00,2830.0
2016-08-12 22:00:00,2746.0
2016-08-12 23:00:00,2681.0
2016-08-13 00:00:00,2684.0
2016-08-13 01:00:00,2780.0
2016-08-13 02:00:00,2769.0
2016-08-13 03:00:00,2814.0
2016-08-13 04:00:00,2741.0
2016-08-13 05:00:00,2731.0
2016-08-13 06:00:00,2680.0
2016-08-13 07:00:00,2699.0
2016-08-13 08:00:00,2694.0
2016-08-13 09:00:00,2863.0
2016-08-13 10:00:00,2829.0
2016-08-13 11:00:00,3274.0
2016-08-13 12:00:00,3562.0
2016-08-13 13:00:00,3471.0
2016-08-13 14:00:00,3856.0
2016-08-13 15:00:00,3587.0
2016-08-13 16:00:00,3577.0
2016-08-13 17:00:00,3596.0
2016-08-13 18:00:00,3528.0
2016-08-13 19:00:00,3541.0
2016-08-13 20:00:00,3463.0
2016-08-13 21:00:00,3446.0
2016-08-13 22:00:00,3343.0
2016-08-13 23:00:00,3455.0
2016-08-14 00:00:00,3627.0
2016-08-14 01:00:00,3778.0
2016-08-14 02:00:00,3532.0
2016-08-14 03:00:00,3400.0
2016-08-14 04:00:00,3287.0
2016-08-14 05:00:00,3146.0
2016-08-14 06:00:00,3084.0
2016-08-14 07:00:00,3082.0
2016-08-14 08:00:00,3032.0
2016-08-14 09:00:00,3150.0
2016-08-14 10:00:00,3122.0
2016-08-14 11:00:00,3441.0
2016-08-14 12:00:00,3605.0
2016-08-14 13:00:00,3514.0
2016-08-14 14:00:00,3698.0
2016-08-14 15:00:00,3422.0
2016-08-14 16:00:00,3505.0
2016-08-14 17:00:00,3459.0
2016-08-14 18:00:00,3405.0
2016-08-14 19:00:00,3598.0
2016-08-14 20:00:00,3547.0
2016-08-14 21:00:00,3358.0
2016-08-14 22:00:00,3303.0
2016-08-14 23:00:00,3500.0
2016-08-15 00:00:00,3667.0
2016-08-15 01:00:00,3797.0
2016-08-15 02:00:00,3612.0
2016-08-15 03:00:00,3575.0
2016-08-15 04:00:00,3348.0
2016-08-15 05:00:00,3320.0
2016-08-15 06:00:00,3127.0
2016-08-15 07:00:00,3138.0
2016-08-15 08:00:00,3099.0
2016-08-15 09:00:00,3111.0
2016-08-15 10:00:00,3154.0
2016-08-15 11:00:00,3487.0
2016-08-15 12:00:00,3670.0
2016-08-15 13:00:00,3598.0
2016-08-15 14:00:00,3725.0
2016-08-15 15:00:00,3457.0
2016-08-15 16:00:00,3613.0
2016-08-15 17:00:00,3603.0
2016-08-15 18:00:00,3655.0
2016-08-15 19:00:00,3598.0
2016-08-15 20:00:00,3456.0
2016-08-15 21:00:00,3470.0
2016-08-15 22:00:00,3212.0
2016-08-15 23:00:00,3412.0
2016-08-16 00:00:00,3446.0
2016-08-16 01:00:00,3516.0
2016-08-16 02:00:00,3350.0
2016-08-16 03:00:00,3254.0
2016-08-16 04:00:00,3179.0
2016-08-16 05:00:00,3059.0
2016-08-16 06:00:00,2964.0
2016-08-16 07:00:00,2991.0
2016-08-16 08:00:00,2983.0
2016-08-16 09:00:00,3062.0
2016-08-16 10:00:00,3079.0
2016-08-16 11:00:00,3431.0
2016-08-16 12:00:00,3509.0
2016-08-16 13:00:00,3472.0
2016-08-16 14:00:00,3693.0
2016-08-16 15:00:00,3557.0
2016-08-16 16:00:00,3537.0
2016-08-16 17:00:00,3618.0
2016-08-16 18:00:00,3597.0
2016-08-16 19:00:00,3592.0
2016-08-16 20:00:00,3591.0
2016-08-16 21:00:00,3490.0
2016-08-16 22:00:00,3377.0
2016-08-16 23:00:00,3574.0
2016-08-17 00:00:00,3690.0
2016-08-17 01:00:00,3858.0
2016-08-17 02:00:00,3529.0
2016-08-17 03:00:00,3461.0
2016-08-17 04:00:00,3258.0
2016-08-17 05:00:00,3177.0
2016-08-17 06:00:00,3036.0
2016-08-17 07:00:00,3095.0
2016-08-17 08:00:00,2961.0
2016-08-17 09:00:00,3094.0
2016-08-17 10:00:00,3028.0
2016-08-17 11:00:00,3432.0
2016-08-17 12:00:00,3528.0
2016-08-17 13:00:00,3588.0
2016-08-17 14:00:00,3811.0
2016-08-17 15:00:00,3417.0
2016-08-17 16:00:00,3550.0
2016-08-17 17:00:00,3549.0
2016-08-17 18:00:00,3615.0
2016-08-17 19:00:00,3558.0
2016-08-17 20:00:00,3526.0
2016-08-17 21:00:00,3421.0
2016-08-17 22:00:00,3337.0
2016-08-17 23:00:00,3469.0
2016-08-18 00:00:00,3561.0
2016-08-18 01:00:00,3685.0
2016-08-18 02:00:00,3493.0
2016-08-18 03:00:00,3369.0
2016-08-18 04:00:00,3246.0
2016-08-18 05:00:00,3132.0
2016-08-18 06:00:00,3004.0
2016-08-18 07:00:00,2970.0
2016-08-18 08:00:00,2943.0
2016-08-18 09:00:00,2961.0
2016-08-18 10:00:00,2888.0
2016-08-18 11:00:00,3006.0
2016-08-18 12:00:00,2843.0
2016-08-18 13:00:00,2931.0
2016-08-18 14:00:00,3139.0
2016-08-18 15:00:00,3098.0
2016-08-18 16:00:00,3126.0
2016-08-18 17:00:00,3154.0
2016-08-18 18:00:00,3077.0
2016-08-18 19:00:00,3033.0
2016-08-18 20:00:00,3159.0
2016-08-18 21:00:00,3214.0
2016-08-18 22:00:00,3049.0
2016-08-18 23:00:00,3308.0
2016-08-19 00:00:00,3270.0
2016-08-19 01:00:00,3379.0
2016-08-19 02:00:00,3245.0
2016-08-19 03:00:00,3205.0
2016-08-19 04:00:00,3082.0
2016-08-19 05:00:00,3021.0
2016-08-19 06:00:00,2890.0
2016-08-19 07:00:00,2874.0
2016-08-19 08:00:00,2894.0
2016-08-19 09:00:00,2898.0
2016-08-19 10:00:00,2754.0
2016-08-19 11:00:00,2769.0
2016-08-19 12:00:00,2726.0
2016-08-19 13:00:00,2714.0
2016-08-19 14:00:00,2840.0
2016-08-19 15:00:00,2884.0
2016-08-19 16:00:00,2890.0
2016-08-19 17:00:00,2916.0
2016-08-19 18:00:00,2961.0
2016-08-19 19:00:00,2933.0
2016-08-19 20:00:00,2979.0
2016-08-19 21:00:00,3028.0
2016-08-19 22:00:00,2898.0
2016-08-19 23:00:00,2921.0
2016-08-20 00:00:00,2876.0
2016-08-20 01:00:00,2856.0
2016-08-20 02:00:00,2906.0
2016-08-20 03:00:00,2955.0
2016-08-20 04:00:00,2910.0
2016-08-20 05:00:00,2883.0
2016-08-20 06:00:00,2872.0
2016-08-20 07:00:00,2831.0
2016-08-20 08:00:00,2891.0
2016-08-20 09:00:00,3014.0
2016-08-20 10:00:00,3021.0
2016-08-20 11:00:00,3467.0
2016-08-20 12:00:00,3614.0
2016-08-20 13:00:00,3486.0
2016-08-20 14:00:00,3567.0
2016-08-20 15:00:00,3561.0
2016-08-20 16:00:00,3525.0
2016-08-20 17:00:00,3671.0
2016-08-20 18:00:00,3468.0
2016-08-20 19:00:00,3414.0
2016-08-20 20:00:00,3447.0
2016-08-20 21:00:00,3368.0
2016-08-20 22:00:00,3264.0
2016-08-20 23:00:00,3408.0
2016-08-21 00:00:00,3513.0
2016-08-21 01:00:00,3643.0
2016-08-21 02:00:00,3420.0
2016-08-21 03:00:00,3394.0
2016-08-21 04:00:00,3220.0
2016-08-21 05:00:00,3192.0
2016-08-21 06:00:00,2945.0
2016-08-21 07:00:00,2961.0
2016-08-21 08:00:00,2936.0
2016-08-21 09:00:00,2971.0
2016-08-21 10:00:00,3026.0
2016-08-21 11:00:00,3188.0
2016-08-21 12:00:00,3181.0
2016-08-21 13:00:00,3217.0
2016-08-21 14:00:00,3331.0
2016-08-21 15:00:00,3321.0
2016-08-21 16:00:00,3384.0
2016-08-21 17:00:00,3527.0
2016-08-21 18:00:00,3261.0
2016-08-21 19:00:00,3307.0
2016-08-21 20:00:00,3241.0
2016-08-21 21:00:00,3279.0
2016-08-21 22:00:00,3147.0
2016-08-21 23:00:00,3308.0
2016-08-22 00:00:00,3382.0
2016-08-22 01:00:00,3613.0
2016-08-22 02:00:00,3444.0
2016-08-22 03:00:00,3327.0
2016-08-22 04:00:00,3189.0
2016-08-22 05:00:00,3079.0
2016-08-22 06:00:00,2958.0
2016-08-22 07:00:00,2935.0
2016-08-22 08:00:00,2974.0
2016-08-22 09:00:00,2972.0
2016-08-22 10:00:00,3060.0
2016-08-22 11:00:00,3521.0
2016-08-22 12:00:00,3688.0
2016-08-22 13:00:00,3664.0
2016-08-22 14:00:00,3782.0
2016-08-22 15:00:00,3666.0
2016-08-22 16:00:00,3700.0
2016-08-22 17:00:00,3784.0
2016-08-22 18:00:00,3733.0
2016-08-22 19:00:00,3742.0
2016-08-22 20:00:00,3623.0
2016-08-22 21:00:00,3538.0
2016-08-22 22:00:00,3369.0
2016-08-22 23:00:00,3516.0
2016-08-23 00:00:00,3426.0
2016-08-23 01:00:00,3524.0
2016-08-23 02:00:00,3365.0
2016-08-23 03:00:00,3285.0
2016-08-23 04:00:00,3154.0
2016-08-23 05:00:00,3142.0
2016-08-23 06:00:00,2997.0
2016-08-23 07:00:00,2960.0
2016-08-23 08:00:00,2977.0
2016-08-23 09:00:00,2924.0
2016-08-23 10:00:00,3140.0
2016-08-23 11:00:00,3587.0
2016-08-23 12:00:00,3615.0
2016-08-23 13:00:00,3602.0
2016-08-23 14:00:00,3879.0
2016-08-23 15:00:00,3628.0
2016-08-23 16:00:00,3677.0
2016-08-23 17:00:00,3665.0
2016-08-23 18:00:00,3700.0
2016-08-23 19:00:00,3557.0
2016-08-23 20:00:00,3602.0
2016-08-23 21:00:00,3558.0
2016-08-23 22:00:00,3372.0
2016-08-23 23:00:00,3542.0
2016-08-24 00:00:00,3633.0
2016-08-24 01:00:00,3711.0
2016-08-24 02:00:00,3563.0
2016-08-24 03:00:00,3428.0
2016-08-24 04:00:00,3257.0
2016-08-24 05:00:00,3108.0
2016-08-24 06:00:00,2996.0
2016-08-24 07:00:00,3006.0
2016-08-24 08:00:00,2928.0
2016-08-24 09:00:00,2944.0
2016-08-24 10:00:00,3049.0
2016-08-24 11:00:00,3415.0
2016-08-24 12:00:00,3520.0
2016-08-24 13:00:00,3523.0
2016-08-24 14:00:00,3816.0
2016-08-24 15:00:00,3654.0
2016-08-24 16:00:00,3623.0
2016-08-24 17:00:00,3628.0
2016-08-24 18:00:00,3777.0
2016-08-24 19:00:00,3695.0
2016-08-24 20:00:00,3578.0
2016-08-24 21:00:00,3599.0
2016-08-24 22:00:00,3378.0
2016-08-24 23:00:00,3522.0
2016-08-25 00:00:00,3648.0
2016-08-25 01:00:00,3735.0
2016-08-25 02:00:00,3575.0
2016-08-25 03:00:00,3320.0
2016-08-25 04:00:00,3310.0
2016-08-25 05:00:00,3145.0
2016-08-25 06:00:00,3043.0
2016-08-25 07:00:00,3018.0
2016-08-25 08:00:00,2923.0
2016-08-25 09:00:00,2985.0
2016-08-25 10:00:00,2977.0
2016-08-25 11:00:00,3019.0
2016-08-25 12:00:00,2992.0
2016-08-25 13:00:00,2983.0
2016-08-25 14:00:00,3139.0
2016-08-25 15:00:00,3171.0
2016-08-25 16:00:00,3213.0
2016-08-25 17:00:00,3372.0
2016-08-25 18:00:00,3270.0
2016-08-25 19:00:00,3185.0
2016-08-25 20:00:00,3137.0
2016-08-25 21:00:00,3232.0
2016-08-25 22:00:00,3196.0
2016-08-25 23:00:00,3299.0
2016-08-26 00:00:00,3192.0
2016-08-26 01:00:00,3358.0
2016-08-26 02:00:00,3224.0
2016-08-26 03:00:00,3177.0
2016-08-26 04:00:00,2979.0
2016-08-26 05:00:00,2885.0
2016-08-26 06:00:00,2785.0
2016-08-26 07:00:00,2850.0
2016-08-26 08:00:00,2864.0
2016-08-26 09:00:00,2856.0
2016-08-26 10:00:00,2851.0
2016-08-26 11:00:00,2840.0
2016-08-26 12:00:00,2803.0
2016-08-26 13:00:00,2884.0
2016-08-26 14:00:00,2954.0
2016-08-26 15:00:00,3066.0
2016-08-26 16:00:00,3148.0
2016-08-26 17:00:00,3069.0
2016-08-26 18:00:00,2986.0
2016-08-26 19:00:00,2911.0
2016-08-26 20:00:00,2933.0
2016-08-26 21:00:00,2910.0
2016-08-26 22:00:00,2899.0
2016-08-26 23:00:00,2862.0
2016-08-27 00:00:00,2810.0
2016-08-27 01:00:00,2866.0
2016-08-27 02:00:00,2885.0
2016-08-27 03:00:00,2894.0
2016-08-27 04:00:00,2838.0
2016-08-27 05:00:00,2868.0
2016-08-27 06:00:00,2795.0
2016-08-27 07:00:00,2808.0
2016-08-27 08:00:00,2924.0
2016-08-27 09:00:00,3013.0
2016-08-27 10:00:00,2993.0
2016-08-27 11:00:00,3340.0
2016-08-27 12:00:00,3368.0
2016-08-27 13:00:00,3575.0
2016-08-27 14:00:00,3706.0
2016-08-27 15:00:00,3602.0
2016-08-27 16:00:00,3519.0
2016-08-27 17:00:00,3518.0
2016-08-27 18:00:00,3581.0
2016-08-27 19:00:00,3740.0
2016-08-27 20:00:00,3679.0
2016-08-27 21:00:00,3561.0
2016-08-27 22:00:00,3347.0
2016-08-27 23:00:00,3620.0
2016-08-28 00:00:00,3604.0
2016-08-28 01:00:00,3817.0
2016-08-28 02:00:00,3550.0
2016-08-28 03:00:00,3466.0
2016-08-28 04:00:00,3351.0
2016-08-28 05:00:00,3204.0
2016-08-28 06:00:00,3093.0
2016-08-28 07:00:00,3021.0
2016-08-28 08:00:00,2985.0
2016-08-28 09:00:00,3022.0
2016-08-28 10:00:00,3156.0
2016-08-28 11:00:00,3601.0
2016-08-28 12:00:00,3697.0
2016-08-28 13:00:00,3678.0
2016-08-28 14:00:00,3794.0
2016-08-28 15:00:00,3774.0
2016-08-28 16:00:00,3690.0
2016-08-28 17:00:00,3708.0
2016-08-28 18:00:00,3555.0
2016-08-28 19:00:00,3595.0
2016-08-28 20:00:00,3492.0
2016-08-28 21:00:00,3580.0
2016-08-28 22:00:00,3332.0
2016-08-28 23:00:00,3600.0
2016-08-29 00:00:00,3590.0
2016-08-29 01:00:00,3776.0
2016-08-29 02:00:00,3573.0
2016-08-29 03:00:00,3456.0
2016-08-29 04:00:00,3206.0
2016-08-29 05:00:00,3094.0
2016-08-29 06:00:00,2978.0
2016-08-29 07:00:00,2961.0
2016-08-29 08:00:00,2939.0
2016-08-29 09:00:00,2903.0
2016-08-29 10:00:00,2979.0
2016-08-29 11:00:00,3365.0
2016-08-29 12:00:00,3524.0
2016-08-29 13:00:00,3633.0
2016-08-29 14:00:00,3823.0
2016-08-29 15:00:00,3578.0
2016-08-29 16:00:00,3678.0
2016-08-29 17:00:00,3555.0
2016-08-29 18:00:00,3710.0
2016-08-29 19:00:00,3672.0
2016-08-29 20:00:00,3618.0
2016-08-29 21:00:00,3572.0
2016-08-29 22:00:00,3400.0
2016-08-29 23:00:00,3521.0
2016-08-30 00:00:00,3443.0
2016-08-30 01:00:00,3579.0
2016-08-30 02:00:00,3372.0
2016-08-30 03:00:00,3375.0
2016-08-30 04:00:00,3313.0
2016-08-30 05:00:00,3149.0
2016-08-30 06:00:00,3033.0
2016-08-30 07:00:00,3072.0
2016-08-30 08:00:00,3047.0
2016-08-30 09:00:00,3003.0
2016-08-30 10:00:00,3100.0
2016-08-30 11:00:00,3516.0
2016-08-30 12:00:00,3584.0
2016-08-30 13:00:00,3552.0
2016-08-30 14:00:00,3669.0
2016-08-30 15:00:00,3566.0
2016-08-30 16:00:00,3675.0
2016-08-30 17:00:00,3643.0
2016-08-30 18:00:00,3580.0
2016-08-30 19:00:00,3694.0
2016-08-30 20:00:00,3491.0
2016-08-30 21:00:00,3524.0
2016-08-30 22:00:00,3360.0
2016-08-30 23:00:00,3610.0
2016-08-31 00:00:00,3668.0
2016-08-31 01:00:00,3750.0
2016-08-31 02:00:00,3693.0
2016-08-31 03:00:00,3596.0
2016-08-31 04:00:00,3356.0
2016-08-31 05:00:00,3290.0
2016-08-31 06:00:00,2993.0
2016-08-31 07:00:00,3046.0
2016-08-31 08:00:00,3028.0
2016-08-31 09:00:00,2981.0
2016-08-31 10:00:00,3097.0
2016-08-31 11:00:00,3505.0
2016-08-31 12:00:00,3606.0
2016-08-31 13:00:00,3631.0
2016-08-31 14:00:00,3725.0
2016-08-31 15:00:00,3647.0
2016-08-31 16:00:00,3608.0
2016-08-31 17:00:00,3546.0
2016-08-31 18:00:00,3642.0
2016-08-31 19:00:00,3759.0
2016-08-31 20:00:00,3635.0
2016-08-31 21:00:00,3507.0
2016-08-31 22:00:00,3453.0
2016-08-31 23:00:00,3628.0
2016-09-01 00:00:00,3686.0
2016-09-01 01:00:00,3715.0
2016-09-01 02:00:00,3715.0
2016-09-01 03:00:00,3559.0
2016-09-01 04:00:00,3266.0
2016-09-01 05:00:00,3072.0
2016-09-01 06:00:00,3014.0
2016-09-01 07:00:00,2986.0
2016-09-01 08:00:00,2923.0
2016-09-01 09:00:00,2950.0
2016-09-01 10:00:00,2921.0
2016-09-01 11:00:00,2983.0
2016-09-01 12:00:00,3027.0
2016-09-01 13:00:00,3015.0
2016-09-01 14:00:00,3076.0
2016-09-01 15:00:00,2902.0
2016-09-01 16:00:00,2913.0
2016-09-01 17:00:00,3088.0
2016-09-01 18:00:00,3091.0
2016-09-01 19:00:00,3214.0
2016-09-01 20:00:00,3177.0
2016-09-01 21:00:00,3348.0
2016-09-01 22:00:00,3261.0
2016-09-01 23:00:00,3251.0
2016-09-02 00:00:00,3330.0
2016-09-02 01:00:00,3499.0
2016-09-02 02:00:00,3324.0
2016-09-02 03:00:00,3331.0
2016-09-02 04:00:00,3132.0
2016-09-02 05:00:00,3149.0
2016-09-02 06:00:00,2915.0
2016-09-02 07:00:00,2971.0
2016-09-02 08:00:00,2832.0
2016-09-02 09:00:00,2935.0
2016-09-02 10:00:00,2852.0
2016-09-02 11:00:00,2880.0
2016-09-02 12:00:00,2892.0
2016-09-02 13:00:00,2922.0
2016-09-02 14:00:00,2918.0
2016-09-02 15:00:00,3023.0
2016-09-02 16:00:00,3019.0
2016-09-02 17:00:00,3018.0
2016-09-02 18:00:00,2925.0
2016-09-02 19:00:00,2890.0
2016-09-02 20:00:00,2842.0
2016-09-02 21:00:00,2999.0
2016-09-02 22:00:00,2988.0
2016-09-02 23:00:00,2947.0
2016-09-03 00:00:00,2911.0
2016-09-03 01:00:00,2906.0
2016-09-03 02:00:00,2881.0
2016-09-03 03:00:00,2893.0
2016-09-03 04:00:00,2943.0
2016-09-03 05:00:00,2865.0
2016-09-03 06:00:00,2833.0
2016-09-03 07:00:00,2859.0
2016-09-03 08:00:00,2804.0
2016-09-03 09:00:00,2953.0
2016-09-03 10:00:00,2979.0
2016-09-03 11:00:00,3517.0
2016-09-03 12:00:00,3693.0
2016-09-03 13:00:00,3595.0
2016-09-03 14:00:00,3815.0
2016-09-03 15:00:00,3767.0
2016-09-03 16:00:00,3622.0
2016-09-03 17:00:00,3722.0
2016-09-03 18:00:00,3780.0
2016-09-03 19:00:00,3608.0
2016-09-03 20:00:00,3370.0
2016-09-03 21:00:00,3510.0
2016-09-03 22:00:00,3375.0
2016-09-03 23:00:00,3267.0
2016-09-04 00:00:00,3534.0
2016-09-04 01:00:00,3605.0
2016-09-04 02:00:00,3385.0
2016-09-04 03:00:00,3413.0
2016-09-04 04:00:00,3185.0
2016-09-04 05:00:00,3115.0
2016-09-04 06:00:00,2995.0
2016-09-04 07:00:00,2930.0
2016-09-04 08:00:00,2880.0
2016-09-04 09:00:00,3070.0
2016-09-04 10:00:00,3159.0
2016-09-04 11:00:00,3613.0
2016-09-04 12:00:00,3729.0
2016-09-04 13:00:00,3768.0
2016-09-04 14:00:00,3904.0
2016-09-04 15:00:00,3825.0
2016-09-04 16:00:00,3752.0
2016-09-04 17:00:00,3723.0
2016-09-04 18:00:00,3720.0
2016-09-04 19:00:00,3621.0
2016-09-04 20:00:00,3476.0
2016-09-04 21:00:00,3621.0
2016-09-04 22:00:00,3369.0
2016-09-04 23:00:00,3704.0
2016-09-05 00:00:00,3787.0
2016-09-05 01:00:00,3909.0
2016-09-05 02:00:00,3684.0
2016-09-05 03:00:00,3572.0
2016-09-05 04:00:00,3429.0
2016-09-05 05:00:00,3242.0
2016-09-05 06:00:00,3137.0
2016-09-05 07:00:00,2995.0
2016-09-05 08:00:00,2950.0
2016-09-05 09:00:00,3088.0
2016-09-05 10:00:00,3190.0
2016-09-05 11:00:00,3688.0
2016-09-05 12:00:00,3733.0
2016-09-05 13:00:00,3620.0
2016-09-05 14:00:00,3844.0
2016-09-05 15:00:00,3590.0
2016-09-05 16:00:00,3723.0
2016-09-05 17:00:00,3790.0
2016-09-05 18:00:00,3932.0
2016-09-05 19:00:00,3844.0
2016-09-05 20:00:00,3676.0
2016-09-05 21:00:00,3565.0
2016-09-05 22:00:00,3475.0
2016-09-05 23:00:00,3579.0
2016-09-06 00:00:00,3509.0
2016-09-06 01:00:00,3596.0
2016-09-06 02:00:00,3473.0
2016-09-06 03:00:00,3498.0
2016-09-06 04:00:00,3174.0
2016-09-06 05:00:00,3115.0
2016-09-06 06:00:00,3019.0
2016-09-06 07:00:00,3044.0
2016-09-06 08:00:00,3021.0
2016-09-06 09:00:00,3147.0
2016-09-06 10:00:00,3154.0
2016-09-06 11:00:00,3504.0
2016-09-06 12:00:00,3703.0
2016-09-06 13:00:00,3684.0
2016-09-06 14:00:00,3976.0
2016-09-06 15:00:00,3935.0
2016-09-06 16:00:00,3700.0
2016-09-06 17:00:00,4052.0
2016-09-06 18:00:00,4033.0
2016-09-06 19:00:00,3919.0
2016-09-06 20:00:00,3689.0
2016-09-06 21:00:00,3691.0
2016-09-06 22:00:00,3592.0
2016-09-06 23:00:00,3817.0
2016-09-07 00:00:00,3749.0
2016-09-07 01:00:00,3930.0
2016-09-07 02:00:00,3959.0
2016-09-07 03:00:00,3659.0
2016-09-07 04:00:00,3340.0
2016-09-07 05:00:00,3233.0
2016-09-07 06:00:00,3172.0
2016-09-07 07:00:00,3033.0
2016-09-07 08:00:00,3072.0
2016-09-07 09:00:00,3086.0
2016-09-07 10:00:00,3146.0
2016-09-07 11:00:00,3565.0
2016-09-07 12:00:00,3709.0
2016-09-07 13:00:00,3766.0
2016-09-07 14:00:00,4047.0
2016-09-07 15:00:00,3762.0
2016-09-07 16:00:00,3835.0
2016-09-07 17:00:00,3975.0
2016-09-07 18:00:00,3904.0
2016-09-07 19:00:00,4056.0
2016-09-07 20:00:00,3930.0
2016-09-07 21:00:00,3872.0
2016-09-07 22:00:00,3653.0
2016-09-07 23:00:00,3798.0
2016-09-08 00:00:00,3631.0
2016-09-08 01:00:00,3706.0
2016-09-08 02:00:00,3661.0
2016-09-08 03:00:00,3561.0
2016-09-08 04:00:00,3339.0
2016-09-08 05:00:00,3209.0
2016-09-08 06:00:00,3024.0
2016-09-08 07:00:00,2986.0
2016-09-08 08:00:00,3068.0
2016-09-08 09:00:00,3020.0
2016-09-08 10:00:00,3031.0
2016-09-08 11:00:00,3061.0
2016-09-08 12:00:00,3176.0
2016-09-08 13:00:00,3116.0
2016-09-08 14:00:00,3354.0
2016-09-08 15:00:00,3363.0
2016-09-08 16:00:00,3348.0
2016-09-08 17:00:00,3553.0
2016-09-08 18:00:00,3442.0
2016-09-08 19:00:00,3463.0
2016-09-08 20:00:00,3305.0
2016-09-08 21:00:00,3391.0
2016-09-08 22:00:00,3379.0
2016-09-08 23:00:00,3485.0
2016-09-09 00:00:00,3365.0
2016-09-09 01:00:00,3407.0
2016-09-09 02:00:00,3350.0
2016-09-09 03:00:00,3200.0
2016-09-09 04:00:00,3039.0
2016-09-09 05:00:00,3017.0
2016-09-09 06:00:00,2929.0
2016-09-09 07:00:00,2917.0
2016-09-09 08:00:00,2933.0
2016-09-09 09:00:00,2853.0
2016-09-09 10:00:00,2832.0
2016-09-09 11:00:00,2884.0
2016-09-09 12:00:00,2880.0
2016-09-09 13:00:00,2931.0
2016-09-09 14:00:00,3050.0
2016-09-09 15:00:00,3224.0
2016-09-09 16:00:00,3191.0
2016-09-09 17:00:00,3245.0
2016-09-09 18:00:00,3235.0
2016-09-09 19:00:00,3192.0
2016-09-09 20:00:00,3165.0
2016-09-09 21:00:00,3226.0
2016-09-09 22:00:00,3151.0
2016-09-09 23:00:00,3107.0
2016-09-10 00:00:00,3007.0
2016-09-10 01:00:00,2977.0
2016-09-10 02:00:00,3015.0
2016-09-10 03:00:00,3042.0
2016-09-10 04:00:00,2962.0
2016-09-10 05:00:00,2952.0
2016-09-10 06:00:00,2877.0
2016-09-10 07:00:00,2839.0
2016-09-10 08:00:00,2901.0
2016-09-10 09:00:00,2910.0
2016-09-10 10:00:00,2997.0
2016-09-10 11:00:00,3427.0
2016-09-10 12:00:00,3622.0
2016-09-10 13:00:00,3815.0
2016-09-10 14:00:00,3939.0
2016-09-10 15:00:00,3713.0
2016-09-10 16:00:00,3840.0
2016-09-10 17:00:00,4001.0
2016-09-10 18:00:00,3955.0
2016-09-10 19:00:00,3921.0
2016-09-10 20:00:00,3782.0
2016-09-10 21:00:00,3566.0
2016-09-10 22:00:00,3398.0
2016-09-10 23:00:00,3683.0
2016-09-11 00:00:00,3658.0
2016-09-11 01:00:00,3693.0
2016-09-11 02:00:00,3632.0
2016-09-11 03:00:00,3491.0
2016-09-11 04:00:00,3148.0
2016-09-11 05:00:00,3175.0
2016-09-11 06:00:00,2927.0
2016-09-11 07:00:00,2935.0
2016-09-11 08:00:00,2952.0
2016-09-11 09:00:00,2995.0
2016-09-11 10:00:00,3146.0
2016-09-11 11:00:00,3484.0
2016-09-11 12:00:00,3713.0
2016-09-11 13:00:00,3863.0
2016-09-11 14:00:00,3976.0
2016-09-11 15:00:00,3916.0
2016-09-11 16:00:00,4055.0
2016-09-11 17:00:00,4233.0
2016-09-11 18:00:00,4132.0
2016-09-11 19:00:00,4142.0
2016-09-11 20:00:00,3837.0
2016-09-11 21:00:00,3586.0
2016-09-11 22:00:00,3371.0
2016-09-11 23:00:00,3548.0
2016-09-12 00:00:00,3812.0
2016-09-12 01:00:00,3863.0
2016-09-12 02:00:00,3721.0
2016-09-12 03:00:00,3579.0
2016-09-12 04:00:00,3311.0
2016-09-12 05:00:00,3280.0
2016-09-12 06:00:00,3015.0
2016-09-12 07:00:00,3006.0
2016-09-12 08:00:00,3049.0
2016-09-12 09:00:00,3088.0
2016-09-12 10:00:00,3246.0
2016-09-12 11:00:00,3662.0
2016-09-12 12:00:00,4003.0
2016-09-12 13:00:00,3884.0
2016-09-12 14:00:00,4066.0
2016-09-12 15:00:00,4219.0
2016-09-12 16:00:00,4038.0
2016-09-12 17:00:00,4205.0
2016-09-12 18:00:00,4104.0
2016-09-12 19:00:00,4105.0
2016-09-12 20:00:00,3922.0
2016-09-12 21:00:00,3857.0
2016-09-12 22:00:00,3653.0
2016-09-12 23:00:00,3643.0
2016-09-13 00:00:00,3577.0
2016-09-13 01:00:00,3623.0
2016-09-13 02:00:00,3557.0
2016-09-13 03:00:00,3447.0
2016-09-13 04:00:00,3228.0
2016-09-13 05:00:00,3166.0
2016-09-13 06:00:00,3015.0
2016-09-13 07:00:00,3011.0
2016-09-13 08:00:00,3115.0
2016-09-13 09:00:00,3132.0
2016-09-13 10:00:00,3111.0
2016-09-13 11:00:00,3505.0
2016-09-13 12:00:00,3700.0
2016-09-13 13:00:00,3693.0
2016-09-13 14:00:00,4045.0
2016-09-13 15:00:00,3970.0
2016-09-13 16:00:00,4031.0
2016-09-13 17:00:00,4056.0
2016-09-13 18:00:00,4100.0
2016-09-13 19:00:00,4069.0
2016-09-13 20:00:00,3788.0
2016-09-13 21:00:00,3642.0
2016-09-13 22:00:00,3395.0
2016-09-13 23:00:00,3623.0
2016-09-14 00:00:00,3746.0
2016-09-14 01:00:00,3876.0
2016-09-14 02:00:00,3621.0
2016-09-14 03:00:00,3558.0
2016-09-14 04:00:00,3306.0
2016-09-14 05:00:00,3097.0
2016-09-14 06:00:00,3070.0
2016-09-14 07:00:00,3015.0
2016-09-14 08:00:00,3011.0
2016-09-14 09:00:00,3015.0
2016-09-14 10:00:00,3065.0
2016-09-14 11:00:00,3529.0
2016-09-14 12:00:00,3537.0
2016-09-14 13:00:00,3573.0
2016-09-14 14:00:00,3924.0
2016-09-14 15:00:00,3781.0
2016-09-14 16:00:00,3695.0
2016-09-14 17:00:00,3830.0
2016-09-14 18:00:00,3994.0
2016-09-14 19:00:00,3860.0
2016-09-14 20:00:00,3486.0
2016-09-14 21:00:00,3393.0
2016-09-14 22:00:00,3423.0
2016-09-14 23:00:00,3654.0
2016-09-15 00:00:00,3558.0
2016-09-15 01:00:00,3628.0
2016-09-15 02:00:00,3642.0
2016-09-15 03:00:00,3454.0
2016-09-15 04:00:00,3213.0
2016-09-15 05:00:00,3043.0
2016-09-15 06:00:00,3030.0
2016-09-15 07:00:00,2990.0
2016-09-15 08:00:00,2944.0
2016-09-15 09:00:00,2938.0
2016-09-15 10:00:00,3076.0
2016-09-15 11:00:00,3124.0
2016-09-15 12:00:00,3015.0
2016-09-15 13:00:00,3041.0
2016-09-15 14:00:00,3124.0
2016-09-15 15:00:00,2982.0
2016-09-15 16:00:00,3024.0
2016-09-15 17:00:00,3071.0
2016-09-15 18:00:00,3032.0
2016-09-15 19:00:00,3138.0
2016-09-15 20:00:00,3097.0
2016-09-15 21:00:00,3176.0
2016-09-15 22:00:00,3106.0
2016-09-15 23:00:00,3337.0
2016-09-16 00:00:00,3253.0
2016-09-16 01:00:00,3349.0
2016-09-16 02:00:00,3226.0
2016-09-16 03:00:00,3221.0
2016-09-16 04:00:00,3073.0
2016-09-16 05:00:00,2960.0
2016-09-16 06:00:00,2806.0
2016-09-16 07:00:00,2807.0
2016-09-16 08:00:00,2892.0
2016-09-16 09:00:00,2787.0
2016-09-16 10:00:00,2790.0
2016-09-16 11:00:00,2773.0
2016-09-16 12:00:00,2727.0
2016-09-16 13:00:00,2804.0
2016-09-16 14:00:00,2812.0
2016-09-16 15:00:00,2893.0
2016-09-16 16:00:00,2841.0
2016-09-16 17:00:00,2917.0
2016-09-16 18:00:00,2773.0
2016-09-16 19:00:00,2784.0
2016-09-16 20:00:00,2844.0
2016-09-16 21:00:00,2949.0
2016-09-16 22:00:00,2904.0
2016-09-16 23:00:00,2927.0
2016-09-17 00:00:00,2783.0
2016-09-17 01:00:00,2808.0
2016-09-17 02:00:00,2865.0
2016-09-17 03:00:00,2874.0
2016-09-17 04:00:00,2849.0
2016-09-17 05:00:00,2769.0
2016-09-17 06:00:00,2705.0
2016-09-17 07:00:00,2745.0
2016-09-17 08:00:00,2776.0
2016-09-17 09:00:00,2835.0
2016-09-17 10:00:00,2917.0
2016-09-17 11:00:00,3313.0
2016-09-17 12:00:00,3428.0
2016-09-17 13:00:00,3429.0
2016-09-17 14:00:00,3768.0
2016-09-17 15:00:00,3807.0
2016-09-17 16:00:00,3749.0
2016-09-17 17:00:00,3650.0
2016-09-17 18:00:00,3683.0
2016-09-17 19:00:00,3598.0
2016-09-17 20:00:00,3390.0
2016-09-17 21:00:00,3360.0
2016-09-17 22:00:00,3271.0
2016-09-17 23:00:00,3409.0
2016-09-18 00:00:00,3446.0
2016-09-18 01:00:00,3705.0
2016-09-18 02:00:00,3713.0
2016-09-18 03:00:00,3459.0
2016-09-18 04:00:00,3206.0
2016-09-18 05:00:00,3023.0
2016-09-18 06:00:00,2990.0
2016-09-18 07:00:00,2967.0
2016-09-18 08:00:00,2899.0
2016-09-18 09:00:00,2929.0
2016-09-18 10:00:00,3050.0
2016-09-18 11:00:00,3491.0
2016-09-18 12:00:00,3622.0
2016-09-18 13:00:00,3738.0
2016-09-18 14:00:00,3736.0
2016-09-18 15:00:00,3631.0
2016-09-18 16:00:00,3681.0
2016-09-18 17:00:00,3694.0
2016-09-18 18:00:00,3664.0
2016-09-18 19:00:00,3640.0
2016-09-18 20:00:00,3533.0
2016-09-18 21:00:00,3451.0
2016-09-18 22:00:00,3312.0
2016-09-18 23:00:00,3544.0
2016-09-19 00:00:00,3490.0
2016-09-19 01:00:00,3617.0
2016-09-19 02:00:00,3511.0
2016-09-19 03:00:00,3372.0
2016-09-19 04:00:00,3258.0
2016-09-19 05:00:00,3030.0
2016-09-19 06:00:00,2933.0
2016-09-19 07:00:00,3013.0
2016-09-19 08:00:00,2965.0
2016-09-19 09:00:00,2967.0
2016-09-19 10:00:00,3040.0
2016-09-19 11:00:00,3556.0
2016-09-19 12:00:00,3747.0
2016-09-19 13:00:00,3588.0
2016-09-19 14:00:00,3726.0
2016-09-19 15:00:00,3594.0
2016-09-19 16:00:00,3785.0
2016-09-19 17:00:00,3704.0
2016-09-19 18:00:00,3710.0
2016-09-19 19:00:00,3799.0
2016-09-19 20:00:00,3380.0
2016-09-19 21:00:00,3305.0
2016-09-19 22:00:00,3260.0
2016-09-19 23:00:00,3302.0
2016-09-20 00:00:00,3343.0
2016-09-20 01:00:00,3455.0
2016-09-20 02:00:00,3262.0
2016-09-20 03:00:00,3249.0
2016-09-20 04:00:00,3055.0
2016-09-20 05:00:00,3044.0
2016-09-20 06:00:00,2863.0
2016-09-20 07:00:00,2902.0
2016-09-20 08:00:00,2893.0
2016-09-20 09:00:00,3054.0
2016-09-20 10:00:00,2994.0
2016-09-20 11:00:00,3471.0
2016-09-20 12:00:00,3481.0
2016-09-20 13:00:00,3654.0
2016-09-20 14:00:00,3654.0
2016-09-20 15:00:00,3465.0
2016-09-20 16:00:00,3647.0
2016-09-20 17:00:00,3746.0
2016-09-20 18:00:00,3806.0
2016-09-20 19:00:00,3758.0
2016-09-20 20:00:00,3548.0
2016-09-20 21:00:00,3638.0
2016-09-20 22:00:00,3528.0
2016-09-20 23:00:00,3636.0
2016-09-21 00:00:00,3632.0
2016-09-21 01:00:00,3679.0
2016-09-21 02:00:00,3483.0
2016-09-21 03:00:00,3378.0
2016-09-21 04:00:00,3181.0
2016-09-21 05:00:00,3052.0
2016-09-21 06:00:00,2987.0
2016-09-21 07:00:00,2936.0
2016-09-21 08:00:00,2931.0
2016-09-21 09:00:00,2991.0
2016-09-21 10:00:00,3091.0
2016-09-21 11:00:00,3567.0
2016-09-21 12:00:00,3709.0
2016-09-21 13:00:00,3658.0
2016-09-21 14:00:00,3835.0
2016-09-21 15:00:00,3939.0
2016-09-21 16:00:00,4013.0
2016-09-21 17:00:00,3950.0
2016-09-21 18:00:00,3922.0
2016-09-21 19:00:00,3931.0
2016-09-21 20:00:00,3814.0
2016-09-21 21:00:00,3854.0
2016-09-21 22:00:00,3586.0
2016-09-21 23:00:00,3755.0
2016-09-22 00:00:00,3801.0
2016-09-22 01:00:00,3867.0
2016-09-22 02:00:00,3678.0
2016-09-22 03:00:00,3519.0
2016-09-22 04:00:00,3350.0
2016-09-22 05:00:00,3138.0
2016-09-22 06:00:00,3000.0
2016-09-22 07:00:00,2995.0
2016-09-22 08:00:00,3066.0
2016-09-22 09:00:00,3036.0
2016-09-22 10:00:00,3071.0
2016-09-22 11:00:00,3094.0
2016-09-22 12:00:00,3176.0
2016-09-22 13:00:00,3215.0
2016-09-22 14:00:00,3286.0
2016-09-22 15:00:00,3178.0
2016-09-22 16:00:00,3228.0
2016-09-22 17:00:00,3261.0
2016-09-22 18:00:00,3149.0
2016-09-22 19:00:00,3185.0
2016-09-22 20:00:00,3212.0
2016-09-22 21:00:00,3481.0
2016-09-22 22:00:00,3365.0
2016-09-22 23:00:00,3409.0
2016-09-23 00:00:00,3381.0
2016-09-23 01:00:00,3420.0
2016-09-23 02:00:00,3305.0
2016-09-23 03:00:00,0.0
2016-09-23 04:00:00,3172.0
2016-09-23 05:00:00,3089.0
2016-09-23 06:00:00,2965.0
2016-09-23 07:00:00,2839.0
2016-09-23 08:00:00,2878.0
2016-09-23 09:00:00,2966.0
2016-09-23 10:00:00,2795.0
2016-09-23 11:00:00,2917.0
2016-09-23 12:00:00,2919.0
2016-09-23 13:00:00,2887.0
2016-09-23 14:00:00,3034.0
2016-09-23 15:00:00,3181.0
2016-09-23 16:00:00,3215.0
2016-09-23 17:00:00,3207.0
2016-09-23 18:00:00,3190.0
2016-09-23 19:00:00,3149.0
2016-09-23 20:00:00,3232.0
2016-09-23 21:00:00,3253.0
2016-09-23 22:00:00,3209.0
2016-09-23 23:00:00,3213.0
2016-09-24 00:00:00,3035.0
2016-09-24 01:00:00,3008.0
2016-09-24 02:00:00,3006.0
2016-09-24 03:00:00,3023.0
2016-09-24 04:00:00,2929.0
2016-09-24 05:00:00,2955.0
2016-09-24 06:00:00,2897.0
2016-09-24 07:00:00,2843.0
2016-09-24 08:00:00,2926.0
2016-09-24 09:00:00,3142.0
2016-09-24 10:00:00,3106.0
2016-09-24 11:00:00,3443.0
2016-09-24 12:00:00,3648.0
2016-09-24 13:00:00,3676.0
2016-09-24 14:00:00,3953.0
2016-09-24 15:00:00,3966.0
2016-09-24 16:00:00,4010.0
2016-09-24 17:00:00,3902.0
2016-09-24 18:00:00,3916.0
2016-09-24 19:00:00,4080.0
2016-09-24 20:00:00,3973.0
2016-09-24 21:00:00,3961.0
2016-09-24 22:00:00,3714.0
2016-09-24 23:00:00,3830.0
2016-09-25 00:00:00,3875.0
2016-09-25 01:00:00,3927.0
2016-09-25 02:00:00,3876.0
2016-09-25 03:00:00,3722.0
2016-09-25 04:00:00,3481.0
2016-09-25 05:00:00,3300.0
2016-09-25 06:00:00,3110.0
2016-09-25 07:00:00,3049.0
2016-09-25 08:00:00,3096.0
2016-09-25 09:00:00,3148.0
2016-09-25 10:00:00,3067.0
2016-09-25 11:00:00,3646.0
2016-09-25 12:00:00,3835.0
2016-09-25 13:00:00,3817.0
2016-09-25 14:00:00,4113.0
2016-09-25 15:00:00,4084.0
2016-09-25 16:00:00,4089.0
2016-09-25 17:00:00,4237.0
2016-09-25 18:00:00,4276.0
2016-09-25 19:00:00,4140.0
2016-09-25 20:00:00,3827.0
2016-09-25 21:00:00,3880.0
2016-09-25 22:00:00,3599.0
2016-09-25 23:00:00,3850.0
2016-09-26 00:00:00,3983.0
2016-09-26 01:00:00,4011.0
2016-09-26 02:00:00,3806.0
2016-09-26 03:00:00,3675.0
2016-09-26 04:00:00,3461.0
2016-09-26 05:00:00,3372.0
2016-09-26 06:00:00,3227.0
2016-09-26 07:00:00,3047.0
2016-09-26 08:00:00,3123.0
2016-09-26 09:00:00,3229.0
2016-09-26 10:00:00,3118.0
2016-09-26 11:00:00,3640.0
2016-09-26 12:00:00,3882.0
2016-09-26 13:00:00,3738.0
2016-09-26 14:00:00,4106.0
2016-09-26 15:00:00,4282.0
2016-09-26 16:00:00,4042.0
2016-09-26 17:00:00,4071.0
2016-09-26 18:00:00,4226.0
2016-09-26 19:00:00,4232.0
2016-09-26 20:00:00,3721.0
2016-09-26 21:00:00,3723.0
2016-09-26 22:00:00,3731.0
2016-09-26 23:00:00,3789.0
2016-09-27 00:00:00,3870.0
2016-09-27 01:00:00,3720.0
2016-09-27 02:00:00,3586.0
2016-09-27 03:00:00,3555.0
2016-09-27 04:00:00,3359.0
2016-09-27 05:00:00,3200.0
2016-09-27 06:00:00,3134.0
2016-09-27 07:00:00,3001.0
2016-09-27 08:00:00,2970.0
2016-09-27 09:00:00,3091.0
2016-09-27 10:00:00,3070.0
2016-09-27 11:00:00,3472.0
2016-09-27 12:00:00,3741.0
2016-09-27 13:00:00,3706.0
2016-09-27 14:00:00,4000.0
2016-09-27 15:00:00,4153.0
2016-09-27 16:00:00,4049.0
2016-09-27 17:00:00,3261.0
2016-09-27 18:00:00,4148.0
2016-09-27 19:00:00,4122.0
2016-09-27 20:00:00,3682.0
2016-09-27 21:00:00,3765.0
2016-09-27 22:00:00,3616.0
2016-09-27 23:00:00,3690.0
2016-09-28 00:00:00,3795.0
2016-09-28 01:00:00,3849.0
2016-09-28 02:00:00,3768.0
2016-09-28 03:00:00,3623.0
2016-09-28 04:00:00,3265.0
2016-09-28 05:00:00,3179.0
2016-09-28 06:00:00,3133.0
2016-09-28 07:00:00,3005.0
2016-09-28 08:00:00,3092.0
2016-09-28 09:00:00,3159.0
2016-09-28 10:00:00,3137.0
2016-09-28 11:00:00,3498.0
2016-09-28 12:00:00,3815.0
2016-09-28 13:00:00,3623.0
2016-09-28 14:00:00,3888.0
2016-09-28 15:00:00,3817.0
2016-09-28 16:00:00,3749.0
2016-09-28 17:00:00,3833.0
2016-09-28 18:00:00,3969.0
2016-09-28 19:00:00,3757.0
2016-09-28 20:00:00,3773.0
2016-09-28 21:00:00,3678.0
2016-09-28 22:00:00,3614.0
2016-09-28 23:00:00,3656.0
2016-09-29 00:00:00,3618.0
2016-09-29 01:00:00,3682.0
2016-09-29 02:00:00,3668.0
2016-09-29 03:00:00,3474.0
2016-09-29 04:00:00,3366.0
2016-09-29 05:00:00,3293.0
2016-09-29 06:00:00,3118.0
2016-09-29 07:00:00,3050.0
2016-09-29 08:00:00,3036.0
2016-09-29 09:00:00,3088.0
2016-09-29 10:00:00,2959.0
2016-09-29 11:00:00,3141.0
2016-09-29 12:00:00,3051.0
2016-09-29 13:00:00,2974.0
2016-09-29 14:00:00,3241.0
2016-09-29 15:00:00,3297.0
2016-09-29 16:00:00,3329.0
2016-09-29 17:00:00,3394.0
2016-09-29 18:00:00,3601.0
2016-09-29 19:00:00,3484.0
2016-09-29 20:00:00,3365.0
2016-09-29 21:00:00,3619.0
2016-09-29 22:00:00,3471.0
2016-09-29 23:00:00,3434.0
2016-09-30 00:00:00,3388.0
2016-09-30 01:00:00,3392.0
2016-09-30 02:00:00,3410.0
2016-09-30 03:00:00,3306.0
2016-09-30 04:00:00,3150.0
2016-09-30 05:00:00,3046.0
2016-09-30 06:00:00,2970.0
2016-09-30 07:00:00,2835.0
2016-09-30 08:00:00,2948.0
2016-09-30 09:00:00,2957.0
2016-09-30 10:00:00,2793.0
2016-09-30 11:00:00,2827.0
2016-09-30 12:00:00,2676.0
2016-09-30 13:00:00,2706.0
2016-09-30 14:00:00,2895.0
2016-09-30 15:00:00,3033.0
2016-09-30 16:00:00,2981.0
2016-09-30 17:00:00,3121.0
2016-09-30 18:00:00,3061.0
2016-09-30 19:00:00,3025.0
2016-09-30 20:00:00,2960.0
2016-09-30 21:00:00,2965.0
2016-09-30 22:00:00,2890.0
2016-09-30 23:00:00,2944.0
2016-10-01 00:00:00,2879.0
2016-10-01 01:00:00,2781.0
2016-10-01 02:00:00,2867.0
2016-10-01 03:00:00,2890.0
2016-10-01 04:00:00,2815.0
2016-10-01 05:00:00,2814.0
2016-10-01 06:00:00,2795.0
2016-10-01 07:00:00,2826.0
2016-10-01 08:00:00,2803.0
2016-10-01 09:00:00,3026.0
2016-10-01 10:00:00,2989.0
2016-10-01 11:00:00,3197.0
2016-10-01 12:00:00,3616.0
2016-10-01 13:00:00,3599.0
2016-10-01 14:00:00,3773.0
2016-10-01 15:00:00,3638.0
2016-10-01 16:00:00,3526.0
2016-10-01 17:00:00,3659.0
2016-10-01 18:00:00,3803.0
2016-10-01 19:00:00,3569.0
2016-10-01 20:00:00,3495.0
2016-10-01 21:00:00,3601.0
2016-10-01 22:00:00,3484.0
2016-10-01 23:00:00,3501.0
2016-10-02 00:00:00,3609.0
2016-10-02 01:00:00,3850.0
2016-10-02 02:00:00,3755.0
2016-10-02 03:00:00,3499.0
2016-10-02 04:00:00,3287.0
2016-10-02 05:00:00,3196.0
2016-10-02 06:00:00,3086.0
2016-10-02 07:00:00,2922.0
2016-10-02 08:00:00,3021.0
2016-10-02 09:00:00,3263.0
2016-10-02 10:00:00,3068.0
2016-10-02 11:00:00,3484.0
2016-10-02 12:00:00,3509.0
2016-10-02 13:00:00,3536.0
2016-10-02 14:00:00,3842.0
2016-10-02 15:00:00,3615.0
2016-10-02 16:00:00,3649.0
2016-10-02 17:00:00,3635.0
2016-10-02 18:00:00,3742.0
2016-10-02 19:00:00,3669.0
2016-10-02 20:00:00,3501.0
2016-10-02 21:00:00,3504.0
2016-10-02 22:00:00,3296.0
2016-10-02 23:00:00,3583.0
2016-10-03 00:00:00,3733.0
2016-10-03 01:00:00,3705.0
2016-10-03 02:00:00,3682.0
2016-10-03 03:00:00,3650.0
2016-10-03 04:00:00,3312.0
2016-10-03 05:00:00,3185.0
2016-10-03 06:00:00,3185.0
2016-10-03 07:00:00,3087.0
2016-10-03 08:00:00,3104.0
2016-10-03 09:00:00,3116.0
2016-10-03 10:00:00,3127.0
2016-10-03 11:00:00,3484.0
2016-10-03 12:00:00,3506.0
2016-10-03 13:00:00,3491.0
2016-10-03 14:00:00,3719.0
2016-10-03 15:00:00,3913.0
2016-10-03 16:00:00,3599.0
2016-10-03 17:00:00,3608.0
2016-10-03 18:00:00,3661.0
2016-10-03 19:00:00,3521.0
2016-10-03 20:00:00,3621.0
2016-10-03 21:00:00,3491.0
2016-10-03 22:00:00,3426.0
2016-10-03 23:00:00,3587.0
2016-10-04 00:00:00,3667.0
2016-10-04 01:00:00,3664.0
2016-10-04 02:00:00,3598.0
2016-10-04 03:00:00,3579.0
2016-10-04 04:00:00,3213.0
2016-10-04 05:00:00,3100.0
2016-10-04 06:00:00,3042.0
2016-10-04 07:00:00,3000.0
2016-10-04 08:00:00,3033.0
2016-10-04 09:00:00,3117.0
2016-10-04 10:00:00,3002.0
2016-10-04 11:00:00,3358.0
2016-10-04 12:00:00,3487.0
2016-10-04 13:00:00,3474.0
2016-10-04 14:00:00,3606.0
2016-10-04 15:00:00,3524.0
2016-10-04 16:00:00,3319.0
2016-10-04 17:00:00,3298.0
2016-10-04 18:00:00,3397.0
2016-10-04 19:00:00,3366.0
2016-10-04 20:00:00,3314.0
2016-10-04 21:00:00,3241.0
2016-10-04 22:00:00,3186.0
2016-10-04 23:00:00,3245.0
2016-10-05 00:00:00,3517.0
2016-10-05 01:00:00,3636.0
2016-10-05 02:00:00,3532.0
2016-10-05 03:00:00,3363.0
2016-10-05 04:00:00,3104.0
2016-10-05 05:00:00,3091.0
2016-10-05 06:00:00,2992.0
2016-10-05 07:00:00,2931.0
2016-10-05 08:00:00,2943.0
2016-10-05 09:00:00,2921.0
2016-10-05 10:00:00,2824.0
2016-10-05 11:00:00,3021.0
2016-10-05 12:00:00,3009.0
2016-10-05 13:00:00,2863.0
2016-10-05 14:00:00,3093.0
2016-10-05 15:00:00,3093.0
2016-10-05 16:00:00,3099.0
2016-10-05 17:00:00,3215.0
2016-10-05 18:00:00,3245.0
2016-10-05 19:00:00,3076.0
2016-10-05 20:00:00,3060.0
2016-10-05 21:00:00,3199.0
2016-10-05 22:00:00,3102.0
2016-10-05 23:00:00,3339.0
2016-10-06 00:00:00,3371.0
2016-10-06 01:00:00,3296.0
2016-10-06 02:00:00,3368.0
2016-10-06 03:00:00,3145.0
2016-10-06 04:00:00,2957.0
2016-10-06 05:00:00,3021.0
2016-10-06 06:00:00,2926.0
2016-10-06 07:00:00,2787.0
2016-10-06 08:00:00,2831.0
2016-10-06 09:00:00,2837.0
2016-10-06 10:00:00,2692.0
2016-10-06 11:00:00,2858.0
2016-10-06 12:00:00,2926.0
2016-10-06 13:00:00,2855.0
2016-10-06 14:00:00,2912.0
2016-10-06 15:00:00,3014.0
2016-10-06 16:00:00,3069.0
2016-10-06 17:00:00,3059.0
2016-10-06 18:00:00,3035.0
2016-10-06 19:00:00,3045.0
2016-10-06 20:00:00,3085.0
2016-10-06 21:00:00,3165.0
2016-10-06 22:00:00,3007.0
2016-10-06 23:00:00,2983.0
2016-10-07 00:00:00,2897.0
2016-10-07 01:00:00,2778.0
2016-10-07 02:00:00,2857.0
2016-10-07 03:00:00,2872.0
2016-10-07 04:00:00,2793.0
2016-10-07 05:00:00,2769.0
2016-10-07 06:00:00,2758.0
2016-10-07 07:00:00,2684.0
2016-10-07 08:00:00,2784.0
2016-10-07 09:00:00,2759.0
2016-10-07 10:00:00,2606.0
2016-10-07 11:00:00,2712.0
2016-10-07 12:00:00,2670.0
2016-10-07 13:00:00,2780.0
2016-10-07 14:00:00,2858.0
2016-10-07 15:00:00,3020.0
2016-10-07 16:00:00,2849.0
2016-10-07 17:00:00,3008.0
2016-10-07 18:00:00,3004.0
2016-10-07 19:00:00,3059.0
2016-10-07 20:00:00,3101.0
2016-10-07 21:00:00,3089.0
2016-10-07 22:00:00,3071.0
2016-10-07 23:00:00,3023.0
2016-10-08 00:00:00,2968.0
2016-10-08 01:00:00,2802.0
2016-10-08 02:00:00,2821.0
2016-10-08 03:00:00,2894.0
2016-10-08 04:00:00,2800.0
2016-10-08 05:00:00,2742.0
2016-10-08 06:00:00,2749.0
2016-10-08 07:00:00,2706.0
2016-10-08 08:00:00,2820.0
2016-10-08 09:00:00,2917.0
2016-10-08 10:00:00,2929.0
2016-10-08 11:00:00,3170.0
2016-10-08 12:00:00,3520.0
2016-10-08 13:00:00,3475.0
2016-10-08 14:00:00,3699.0
2016-10-08 15:00:00,3832.0
2016-10-08 16:00:00,3868.0
2016-10-08 17:00:00,3798.0
2016-10-08 18:00:00,3904.0
2016-10-08 19:00:00,3732.0
2016-10-08 20:00:00,3790.0
2016-10-08 21:00:00,3649.0
2016-10-08 22:00:00,3403.0
2016-10-08 23:00:00,3593.0
2016-10-09 00:00:00,3814.0
2016-10-09 01:00:00,3668.0
2016-10-09 02:00:00,3756.0
2016-10-09 03:00:00,3532.0
2016-10-09 04:00:00,3219.0
2016-10-09 05:00:00,3199.0
2016-10-09 06:00:00,3085.0
2016-10-09 07:00:00,2984.0
2016-10-09 08:00:00,2923.0
2016-10-09 09:00:00,3111.0
2016-10-09 10:00:00,3044.0
2016-10-09 11:00:00,3503.0
2016-10-09 12:00:00,3658.0
2016-10-09 13:00:00,3668.0
2016-10-09 14:00:00,3913.0
2016-10-09 15:00:00,3704.0
2016-10-09 16:00:00,3641.0
2016-10-09 17:00:00,3696.0
2016-10-09 18:00:00,3781.0
2016-10-09 19:00:00,3661.0
2016-10-09 20:00:00,3579.0
2016-10-09 21:00:00,3498.0
2016-10-09 22:00:00,3330.0
2016-10-09 23:00:00,3601.0
2016-10-10 00:00:00,3563.0
2016-10-10 01:00:00,3548.0
2016-10-10 02:00:00,3504.0
2016-10-10 03:00:00,3397.0
2016-10-10 04:00:00,3288.0
2016-10-10 05:00:00,3229.0
2016-10-10 06:00:00,3150.0
2016-10-10 07:00:00,3058.0
2016-10-10 08:00:00,3031.0
2016-10-10 09:00:00,3126.0
2016-10-10 10:00:00,3177.0
2016-10-10 11:00:00,3499.0
2016-10-10 12:00:00,3615.0
2016-10-10 13:00:00,3706.0
2016-10-10 14:00:00,3721.0
2016-10-10 15:00:00,3495.0
2016-10-10 16:00:00,3548.0
2016-10-10 17:00:00,3718.0
2016-10-10 18:00:00,3622.0
2016-10-10 19:00:00,3541.0
2016-10-10 20:00:00,3409.0
2016-10-10 21:00:00,3513.0
2016-10-10 22:00:00,3423.0
2016-10-10 23:00:00,3567.0
2016-10-11 00:00:00,3554.0
2016-10-11 01:00:00,3724.0
2016-10-11 02:00:00,3505.0
2016-10-11 03:00:00,3471.0
2016-10-11 04:00:00,3370.0
2016-10-11 05:00:00,3187.0
2016-10-11 06:00:00,3176.0
2016-10-11 07:00:00,3101.0
2016-10-11 08:00:00,3088.0
2016-10-11 09:00:00,3216.0
2016-10-11 10:00:00,3192.0
2016-10-11 11:00:00,3513.0
2016-10-11 12:00:00,3684.0
2016-10-11 13:00:00,3693.0
2016-10-11 14:00:00,3859.0
2016-10-11 15:00:00,3793.0
2016-10-11 16:00:00,3666.0
2016-10-11 17:00:00,3744.0
2016-10-11 18:00:00,3755.0
2016-10-11 19:00:00,3680.0
2016-10-11 20:00:00,3555.0
2016-10-11 21:00:00,3563.0
2016-10-11 22:00:00,3454.0
2016-10-11 23:00:00,3622.0
2016-10-12 00:00:00,3692.0
2016-10-12 01:00:00,3822.0
2016-10-12 02:00:00,3671.0
2016-10-12 03:00:00,3513.0
2016-10-12 04:00:00,3455.0
2016-10-12 05:00:00,3257.0
2016-10-12 06:00:00,3113.0
2016-10-12 07:00:00,3103.0
2016-10-12 08:00:00,3119.0
2016-10-12 09:00:00,3162.0
2016-10-12 10:00:00,3076.0
2016-10-12 11:00:00,3300.0
2016-10-12 12:00:00,3629.0
2016-10-12 13:00:00,3605.0
2016-10-12 14:00:00,3580.0
2016-10-12 15:00:00,3520.0
2016-10-12 16:00:00,3604.0
2016-10-12 17:00:00,3706.0
2016-10-12 18:00:00,3727.0
2016-10-12 19:00:00,3653.0
2016-10-12 20:00:00,3451.0
2016-10-12 21:00:00,3384.0
2016-10-12 22:00:00,3338.0
2016-10-12 23:00:00,3528.0
2016-10-13 00:00:00,3669.0
2016-10-13 01:00:00,3780.0
2016-10-13 02:00:00,3666.0
2016-10-13 03:00:00,3507.0
2016-10-13 04:00:00,3362.0
2016-10-13 05:00:00,3239.0
2016-10-13 06:00:00,3262.0
2016-10-13 07:00:00,3129.0
2016-10-13 08:00:00,3164.0
2016-10-13 09:00:00,3209.0
2016-10-13 10:00:00,2897.0
2016-10-13 11:00:00,3233.0
2016-10-13 12:00:00,3276.0
2016-10-13 13:00:00,3074.0
2016-10-13 14:00:00,3137.0
2016-10-13 15:00:00,3132.0
2016-10-13 16:00:00,3175.0
2016-10-13 17:00:00,3258.0
2016-10-13 18:00:00,3297.0
2016-10-13 19:00:00,3106.0
2016-10-13 20:00:00,3261.0
2016-10-13 21:00:00,3331.0
2016-10-13 22:00:00,3191.0
2016-10-13 23:00:00,3486.0
2016-10-14 00:00:00,3311.0
2016-10-14 01:00:00,3198.0
2016-10-14 02:00:00,3273.0
2016-10-14 03:00:00,3206.0
2016-10-14 04:00:00,3099.0
2016-10-14 05:00:00,2924.0
2016-10-14 06:00:00,2799.0
2016-10-14 07:00:00,2859.0
2016-10-14 08:00:00,2819.0
2016-10-14 09:00:00,2879.0
2016-10-14 10:00:00,2790.0
2016-10-14 11:00:00,2715.0
2016-10-14 12:00:00,2838.0
2016-10-14 13:00:00,2759.0
2016-10-14 14:00:00,2863.0
2016-10-14 15:00:00,2947.0
2016-10-14 16:00:00,2910.0
2016-10-14 17:00:00,2876.0
2016-10-14 18:00:00,2905.0
2016-10-14 19:00:00,2881.0
2016-10-14 20:00:00,2867.0
2016-10-14 21:00:00,2950.0
2016-10-14 22:00:00,2894.0
2016-10-14 23:00:00,2943.0
2016-10-15 00:00:00,2915.0
2016-10-15 01:00:00,2790.0
2016-10-15 02:00:00,2869.0
2016-10-15 03:00:00,2889.0
2016-10-15 04:00:00,2894.0
2016-10-15 05:00:00,2811.0
2016-10-15 06:00:00,2831.0
2016-10-15 07:00:00,2791.0
2016-10-15 08:00:00,2774.0
2016-10-15 09:00:00,2968.0
2016-10-15 10:00:00,3067.0
2016-10-15 11:00:00,3298.0
2016-10-15 12:00:00,3510.0
2016-10-15 13:00:00,3569.0
2016-10-15 14:00:00,3690.0
2016-10-15 15:00:00,3579.0
2016-10-15 16:00:00,3605.0
2016-10-15 17:00:00,3637.0
2016-10-15 18:00:00,3697.0
2016-10-15 19:00:00,3780.0
2016-10-15 20:00:00,3572.0
2016-10-15 21:00:00,3547.0
2016-10-15 22:00:00,3519.0
2016-10-15 23:00:00,3522.0
2016-10-16 00:00:00,3605.0
2016-10-16 01:00:00,3756.0
2016-10-16 02:00:00,3819.0
2016-10-16 03:00:00,3601.0
2016-10-16 04:00:00,3325.0
2016-10-16 05:00:00,3204.0
2016-10-16 06:00:00,3043.0
2016-10-16 07:00:00,3023.0
2016-10-16 08:00:00,3068.0
2016-10-16 09:00:00,3158.0
2016-10-16 10:00:00,3260.0
2016-10-16 11:00:00,3451.0
2016-10-16 12:00:00,3765.0
2016-10-16 13:00:00,3675.0
2016-10-16 14:00:00,3845.0
2016-10-16 15:00:00,3868.0
2016-10-16 16:00:00,3702.0
2016-10-16 17:00:00,3664.0
2016-10-16 18:00:00,3790.0
2016-10-16 19:00:00,3891.0
2016-10-16 20:00:00,3662.0
2016-10-16 21:00:00,3677.0
2016-10-16 22:00:00,3504.0
2016-10-16 23:00:00,3724.0
2016-10-17 00:00:00,3839.0
2016-10-17 01:00:00,3811.0
2016-10-17 02:00:00,3753.0
2016-10-17 03:00:00,3522.0
2016-10-17 04:00:00,3308.0
2016-10-17 05:00:00,3272.0
2016-10-17 06:00:00,3079.0
2016-10-17 07:00:00,3004.0
2016-10-17 08:00:00,2988.0
2016-10-17 09:00:00,3126.0
2016-10-17 10:00:00,3138.0
2016-10-17 11:00:00,3484.0
2016-10-17 12:00:00,3723.0
2016-10-17 13:00:00,3647.0
2016-10-17 14:00:00,3830.0
2016-10-17 15:00:00,3719.0
2016-10-17 16:00:00,3541.0
2016-10-17 17:00:00,3747.0
2016-10-17 18:00:00,3787.0
2016-10-17 19:00:00,3925.0
2016-10-17 20:00:00,3711.0
2016-10-17 21:00:00,3618.0
2016-10-17 22:00:00,3495.0
2016-10-17 23:00:00,3639.0
2016-10-18 00:00:00,3588.0
2016-10-18 01:00:00,3527.0
2016-10-18 02:00:00,3543.0
2016-10-18 03:00:00,3406.0
2016-10-18 04:00:00,3289.0
2016-10-18 05:00:00,3265.0
2016-10-18 06:00:00,3226.0
2016-10-18 07:00:00,2958.0
2016-10-18 08:00:00,3120.0
2016-10-18 09:00:00,3087.0
2016-10-18 10:00:00,3057.0
2016-10-18 11:00:00,3534.0
2016-10-18 12:00:00,3853.0
2016-10-18 13:00:00,3583.0
2016-10-18 14:00:00,3751.0
2016-10-18 15:00:00,3701.0
2016-10-18 16:00:00,3752.0
2016-10-18 17:00:00,3645.0
2016-10-18 18:00:00,3641.0
2016-10-18 19:00:00,3658.0
2016-10-18 20:00:00,3552.0
2016-10-18 21:00:00,3581.0
2016-10-18 22:00:00,3474.0
2016-10-18 23:00:00,3611.0
2016-10-19 00:00:00,3615.0
2016-10-19 01:00:00,3762.0
2016-10-19 02:00:00,3770.0
2016-10-19 03:00:00,3596.0
2016-10-19 04:00:00,3364.0
2016-10-19 05:00:00,3259.0
2016-10-19 06:00:00,3168.0
2016-10-19 07:00:00,3236.0
2016-10-19 08:00:00,3202.0
2016-10-19 09:00:00,3263.0
2016-10-19 10:00:00,3196.0
2016-10-19 11:00:00,3657.0
2016-10-19 12:00:00,3796.0
2016-10-19 13:00:00,3585.0
2016-10-19 14:00:00,3950.0
2016-10-19 15:00:00,3635.0
2016-10-19 16:00:00,3455.0
2016-10-19 17:00:00,3510.0
2016-10-19 18:00:00,3473.0
2016-10-19 19:00:00,3535.0
2016-10-19 20:00:00,3450.0
2016-10-19 21:00:00,3286.0
2016-10-19 22:00:00,3150.0
2016-10-19 23:00:00,3501.0
2016-10-20 00:00:00,3584.0
2016-10-20 01:00:00,3588.0
2016-10-20 02:00:00,3464.0
2016-10-20 03:00:00,3355.0
2016-10-20 04:00:00,3137.0
2016-10-20 05:00:00,2989.0
2016-10-20 06:00:00,2957.0
2016-10-20 07:00:00,2833.0
2016-10-20 08:00:00,2867.0
2016-10-20 09:00:00,3025.0
2016-10-20 10:00:00,2858.0
2016-10-20 11:00:00,2900.0
2016-10-20 12:00:00,2948.0
2016-10-20 13:00:00,2901.0
2016-10-20 14:00:00,3138.0
2016-10-20 15:00:00,3050.0
2016-10-20 16:00:00,2888.0
2016-10-20 17:00:00,2901.0
2016-10-20 18:00:00,3049.0
2016-10-20 19:00:00,3031.0
2016-10-20 20:00:00,3041.0
2016-10-20 21:00:00,3188.0
2016-10-20 22:00:00,3118.0
2016-10-20 23:00:00,3270.0
2016-10-21 00:00:00,3227.0
2016-10-21 01:00:00,3263.0
2016-10-21 02:00:00,3093.0
2016-10-21 03:00:00,3091.0
2016-10-21 04:00:00,2939.0
2016-10-21 05:00:00,2859.0
2016-10-21 06:00:00,2789.0
2016-10-21 07:00:00,2698.0
2016-10-21 08:00:00,2684.0
2016-10-21 09:00:00,2722.0
2016-10-21 10:00:00,2604.0
2016-10-21 11:00:00,2596.0
2016-10-21 12:00:00,2615.0
2016-10-21 13:00:00,2636.0
2016-10-21 14:00:00,2498.0
2016-10-21 15:00:00,2753.0
2016-10-21 16:00:00,2725.0
2016-10-21 17:00:00,2612.0
2016-10-21 18:00:00,2707.0
2016-10-21 19:00:00,2625.0
2016-10-21 20:00:00,2682.0
2016-10-21 21:00:00,2746.0
2016-10-21 22:00:00,2698.0
2016-10-21 23:00:00,2726.0
2016-10-22 00:00:00,2683.0
2016-10-22 01:00:00,2511.0
2016-10-22 02:00:00,2698.0
2016-10-22 03:00:00,2727.0
2016-10-22 04:00:00,2632.0
2016-10-22 05:00:00,2582.0
2016-10-22 06:00:00,2664.0
2016-10-22 07:00:00,2559.0
2016-10-22 08:00:00,2588.0
2016-10-22 09:00:00,2780.0
2016-10-22 10:00:00,2662.0
2016-10-22 11:00:00,3182.0
2016-10-22 12:00:00,3341.0
2016-10-22 13:00:00,3260.0
2016-10-22 14:00:00,3505.0
2016-10-22 15:00:00,3390.0
2016-10-22 16:00:00,3403.0
2016-10-22 17:00:00,3376.0
2016-10-22 18:00:00,3491.0
2016-10-22 19:00:00,3502.0
2016-10-22 20:00:00,3302.0
2016-10-22 21:00:00,3368.0
2016-10-22 22:00:00,3195.0
2016-10-22 23:00:00,3336.0
2016-10-23 00:00:00,3576.0
2016-10-23 01:00:00,3492.0
2016-10-23 02:00:00,3435.0
2016-10-23 03:00:00,3395.0
2016-10-23 04:00:00,3102.0
2016-10-23 05:00:00,2983.0
2016-10-23 06:00:00,2885.0
2016-10-23 07:00:00,2765.0
2016-10-23 08:00:00,2811.0
2016-10-23 09:00:00,2868.0
2016-10-23 10:00:00,2839.0
2016-10-23 11:00:00,3272.0
2016-10-23 12:00:00,3305.0
2016-10-23 13:00:00,3327.0
2016-10-23 14:00:00,3413.0
2016-10-23 15:00:00,3357.0
2016-10-23 16:00:00,3314.0
2016-10-23 17:00:00,3358.0
2016-10-23 18:00:00,3562.0
2016-10-23 19:00:00,3430.0
2016-10-23 20:00:00,3201.0
2016-10-23 21:00:00,3290.0
2016-10-23 22:00:00,3204.0
2016-10-23 23:00:00,3344.0
2016-10-24 00:00:00,3502.0
2016-10-24 01:00:00,3444.0
2016-10-24 02:00:00,3371.0
2016-10-24 03:00:00,3207.0
2016-10-24 04:00:00,3043.0
2016-10-24 05:00:00,2934.0
2016-10-24 06:00:00,2783.0
2016-10-24 07:00:00,2793.0
2016-10-24 08:00:00,2858.0
2016-10-24 09:00:00,2885.0
2016-10-24 10:00:00,2799.0
2016-10-24 11:00:00,3063.0
2016-10-24 12:00:00,3256.0
2016-10-24 13:00:00,3065.0
2016-10-24 14:00:00,3261.0
2016-10-24 15:00:00,3210.0
2016-10-24 16:00:00,3024.0
2016-10-24 17:00:00,3293.0
2016-10-24 18:00:00,3151.0
2016-10-24 19:00:00,3015.0
2016-10-24 20:00:00,2957.0
2016-10-24 21:00:00,3097.0
2016-10-24 22:00:00,3007.0
2016-10-24 23:00:00,3125.0
2016-10-25 00:00:00,3071.0
2016-10-25 01:00:00,3142.0
2016-10-25 02:00:00,3050.0
2016-10-25 03:00:00,3048.0
2016-10-25 04:00:00,2994.0
2016-10-25 05:00:00,2868.0
2016-10-25 06:00:00,2857.0
2016-10-25 07:00:00,2715.0
2016-10-25 08:00:00,2713.0
2016-10-25 09:00:00,2804.0
2016-10-25 10:00:00,2843.0
2016-10-25 11:00:00,3139.0
2016-10-25 12:00:00,3446.0
2016-10-25 13:00:00,3506.0
2016-10-25 14:00:00,3534.0
2016-10-25 15:00:00,3442.0
2016-10-25 16:00:00,3286.0
2016-10-25 17:00:00,3293.0
2016-10-25 18:00:00,3272.0
2016-10-25 19:00:00,3196.0
2016-10-25 20:00:00,3117.0
2016-10-25 21:00:00,3120.0
2016-10-25 22:00:00,3100.0
2016-10-25 23:00:00,3289.0
2016-10-26 00:00:00,3453.0
2016-10-26 01:00:00,3430.0
2016-10-26 02:00:00,3282.0
2016-10-26 03:00:00,3230.0
2016-10-26 04:00:00,3026.0
2016-10-26 05:00:00,2933.0
2016-10-26 06:00:00,2896.0
2016-10-26 07:00:00,2792.0
2016-10-26 08:00:00,2678.0
2016-10-26 09:00:00,2789.0
2016-10-26 10:00:00,2807.0
2016-10-26 11:00:00,3025.0
2016-10-26 12:00:00,3306.0
2016-10-26 13:00:00,3207.0
2016-10-26 14:00:00,3420.0
2016-10-26 15:00:00,3278.0
2016-10-26 16:00:00,3259.0
2016-10-26 17:00:00,3298.0
2016-10-26 18:00:00,3423.0
2016-10-26 19:00:00,3436.0
2016-10-26 20:00:00,3198.0
2016-10-26 21:00:00,3139.0
2016-10-26 22:00:00,3161.0
2016-10-26 23:00:00,3388.0
2016-10-27 00:00:00,3317.0
2016-10-27 01:00:00,3315.0
2016-10-27 02:00:00,3213.0
2016-10-27 03:00:00,3162.0
2016-10-27 04:00:00,3037.0
2016-10-27 05:00:00,2934.0
2016-10-27 06:00:00,2793.0
2016-10-27 07:00:00,2776.0
2016-10-27 08:00:00,2756.0
2016-10-27 09:00:00,2773.0
2016-10-27 10:00:00,2728.0
2016-10-27 11:00:00,2866.0
2016-10-27 12:00:00,2893.0
2016-10-27 13:00:00,2849.0
2016-10-27 14:00:00,2997.0
2016-10-27 15:00:00,2859.0
2016-10-27 16:00:00,2807.0
2016-10-27 17:00:00,2829.0
2016-10-27 18:00:00,2890.0
2016-10-27 19:00:00,2970.0
2016-10-27 20:00:00,2844.0
2016-10-27 21:00:00,3030.0
2016-10-27 22:00:00,2930.0
2016-10-27 23:00:00,2953.0
2016-10-28 00:00:00,3068.0
2016-10-28 01:00:00,3055.0
2016-10-28 02:00:00,3063.0
2016-10-28 03:00:00,2924.0
2016-10-28 04:00:00,2817.0
2016-10-28 05:00:00,2770.0
2016-10-28 06:00:00,2616.0
2016-10-28 07:00:00,2537.0
2016-10-28 08:00:00,2588.0
2016-10-28 09:00:00,2629.0
2016-10-28 10:00:00,2496.0
2016-10-28 11:00:00,2585.0
2016-10-28 12:00:00,2551.0
2016-10-28 13:00:00,2521.0
2016-10-28 14:00:00,2454.0
2016-10-28 15:00:00,2606.0
2016-10-28 16:00:00,2517.0
2016-10-28 17:00:00,2524.0
2016-10-28 18:00:00,2567.0
2016-10-28 19:00:00,2439.0
2016-10-28 20:00:00,2573.0
2016-10-28 21:00:00,2635.0
2016-10-28 22:00:00,2629.0
2016-10-28 23:00:00,2659.0
2016-10-29 00:00:00,2631.0
2016-10-29 01:00:00,2553.0
2016-10-29 02:00:00,2611.0
2016-10-29 03:00:00,2585.0
2016-10-29 04:00:00,2573.0
2016-10-29 05:00:00,2590.0
2016-10-29 06:00:00,2486.0
2016-10-29 07:00:00,2537.0
2016-10-29 08:00:00,2572.0
2016-10-29 09:00:00,2606.0
2016-10-29 10:00:00,2628.0
2016-10-29 11:00:00,3038.0
2016-10-29 12:00:00,3286.0
2016-10-29 13:00:00,3350.0
2016-10-29 14:00:00,3568.0
2016-10-29 15:00:00,3277.0
2016-10-29 16:00:00,3254.0
2016-10-29 17:00:00,3338.0
2016-10-29 18:00:00,3182.0
2016-10-29 19:00:00,3392.0
2016-10-29 20:00:00,3295.0
2016-10-29 21:00:00,3292.0
2016-10-29 22:00:00,3156.0
2016-10-29 23:00:00,3279.0
2016-10-30 00:00:00,3378.0
2016-10-30 01:00:00,3566.0
2016-10-30 02:00:00,3402.0
2016-10-30 03:00:00,3349.0
2016-10-30 04:00:00,3064.0
2016-10-30 05:00:00,2973.0
2016-10-30 06:00:00,2903.0
2016-10-30 07:00:00,2800.0
2016-10-30 08:00:00,2813.0
2016-10-30 09:00:00,2828.0
2016-10-30 10:00:00,2727.0
2016-10-30 11:00:00,2976.0
2016-10-30 12:00:00,3004.0
2016-10-30 13:00:00,3101.0
2016-10-30 14:00:00,3179.0
2016-10-30 15:00:00,3234.0
2016-10-30 16:00:00,3194.0
2016-10-30 17:00:00,3243.0
2016-10-30 18:00:00,3297.0
2016-10-30 19:00:00,3287.0
2016-10-30 20:00:00,3104.0
2016-10-30 21:00:00,3037.0
2016-10-30 22:00:00,3054.0
2016-10-30 23:00:00,3136.0
2016-10-31 00:00:00,3310.0
2016-10-31 01:00:00,3358.0
2016-10-31 02:00:00,3353.0
2016-10-31 03:00:00,3124.0
2016-10-31 04:00:00,3027.0
2016-10-31 05:00:00,2997.0
2016-10-31 06:00:00,2875.0
2016-10-31 07:00:00,2814.0
2016-10-31 08:00:00,2797.0
2016-10-31 09:00:00,2812.0
2016-10-31 10:00:00,2752.0
2016-10-31 11:00:00,3284.0
2016-10-31 12:00:00,3501.0
2016-10-31 13:00:00,3326.0
2016-10-31 14:00:00,3393.0
2016-10-31 15:00:00,3346.0
2016-10-31 16:00:00,3369.0
2016-10-31 17:00:00,3386.0
2016-10-31 18:00:00,3394.0
2016-10-31 19:00:00,3516.0
2016-10-31 20:00:00,3370.0
2016-10-31 21:00:00,3333.0
2016-10-31 22:00:00,3110.0
2016-10-31 23:00:00,3272.0
2016-11-01 00:00:00,3292.0
2016-11-01 01:00:00,3360.0
2016-11-01 02:00:00,3338.0
2016-11-01 03:00:00,3129.0
2016-11-01 04:00:00,3014.0
2016-11-01 05:00:00,2947.0
2016-11-01 06:00:00,2826.0
2016-11-01 07:00:00,2779.0
2016-11-01 08:00:00,2763.0
2016-11-01 09:00:00,2777.0
2016-11-01 10:00:00,2761.0
2016-11-01 11:00:00,3300.0
2016-11-01 12:00:00,3416.0
2016-11-01 13:00:00,3304.0
2016-11-01 14:00:00,3488.0
2016-11-01 15:00:00,3419.0
2016-11-01 16:00:00,3339.0
2016-11-01 17:00:00,3560.0
2016-11-01 18:00:00,3519.0
2016-11-01 19:00:00,3372.0
2016-11-01 20:00:00,3311.0
2016-11-01 21:00:00,3220.0
2016-11-01 22:00:00,3194.0
2016-11-01 23:00:00,3306.0
2016-11-02 00:00:00,3396.0
2016-11-02 01:00:00,3578.0
2016-11-02 02:00:00,3531.0
2016-11-02 03:00:00,3306.0
2016-11-02 04:00:00,3152.0
2016-11-02 05:00:00,2952.0
2016-11-02 06:00:00,2860.0
2016-11-02 07:00:00,2839.0
2016-11-02 08:00:00,2763.0
2016-11-02 09:00:00,2768.0
2016-11-02 10:00:00,2894.0
2016-11-02 11:00:00,3199.0
2016-11-02 12:00:00,3438.0
2016-11-02 13:00:00,3468.0
2016-11-02 14:00:00,3591.0
2016-11-02 15:00:00,3567.0
2016-11-02 16:00:00,3494.0
2016-11-02 17:00:00,3592.0
2016-11-02 18:00:00,3690.0
2016-11-02 19:00:00,3595.0
2016-11-02 20:00:00,3415.0
2016-11-02 21:00:00,3339.0
2016-11-02 22:00:00,3295.0
2016-11-02 23:00:00,3431.0
2016-11-03 00:00:00,3581.0
2016-11-03 01:00:00,3633.0
2016-11-03 02:00:00,3566.0
2016-11-03 03:00:00,3279.0
2016-11-03 04:00:00,3204.0
2016-11-03 05:00:00,3009.0
2016-11-03 06:00:00,3001.0
2016-11-03 07:00:00,2881.0
2016-11-03 08:00:00,2846.0
2016-11-03 09:00:00,2855.0
2016-11-03 10:00:00,2879.0
2016-11-03 11:00:00,2970.0
2016-11-03 12:00:00,3016.0
2016-11-03 13:00:00,3042.0
2016-11-03 14:00:00,2997.0
2016-11-03 15:00:00,3031.0
2016-11-03 16:00:00,2905.0
2016-11-03 17:00:00,2885.0
2016-11-03 18:00:00,3107.0
2016-11-03 19:00:00,2912.0
2016-11-03 20:00:00,2762.0
2016-11-03 21:00:00,2986.0
2016-11-03 22:00:00,2997.0
2016-11-03 23:00:00,3186.0
2016-11-04 00:00:00,3148.0
2016-11-04 01:00:00,3083.0
2016-11-04 02:00:00,3182.0
2016-11-04 03:00:00,2990.0
2016-11-04 04:00:00,2912.0
2016-11-04 05:00:00,2785.0
2016-11-04 06:00:00,2724.0
2016-11-04 07:00:00,2541.0
2016-11-04 08:00:00,2672.0
2016-11-04 09:00:00,2644.0
2016-11-04 10:00:00,2509.0
2016-11-04 11:00:00,2632.0
2016-11-04 12:00:00,2578.0
2016-11-04 13:00:00,2550.0
2016-11-04 14:00:00,2698.0
2016-11-04 15:00:00,2710.0
2016-11-04 16:00:00,2671.0
2016-11-04 17:00:00,2695.0
2016-11-04 18:00:00,2758.0
2016-11-04 19:00:00,2708.0
2016-11-04 20:00:00,2760.0
2016-11-04 21:00:00,2862.0
2016-11-04 22:00:00,2808.0
2016-11-04 23:00:00,2768.0
2016-11-05 00:00:00,2736.0
2016-11-05 01:00:00,2702.0
2016-11-05 02:00:00,2769.0
2016-11-05 03:00:00,2707.0
2016-11-05 04:00:00,2789.0
2016-11-05 05:00:00,2653.0
2016-11-05 06:00:00,2698.0
2016-11-05 07:00:00,2651.0
2016-11-05 08:00:00,2687.0
2016-11-05 09:00:00,2824.0
2016-11-05 10:00:00,2925.0
2016-11-05 11:00:00,3148.0
2016-11-05 12:00:00,3307.0
2016-11-05 13:00:00,3412.0
2016-11-05 14:00:00,3492.0
2016-11-05 15:00:00,3524.0
2016-11-05 16:00:00,3037.0
2016-11-05 17:00:00,2796.0
2016-11-05 18:00:00,3598.0
2016-11-05 19:00:00,3634.0
2016-11-05 20:00:00,3472.0
2016-11-05 21:00:00,3473.0
2016-11-05 22:00:00,3293.0
2016-11-05 23:00:00,3494.0
2016-11-06 00:00:00,3673.0
2016-11-06 01:00:00,3595.0
2016-11-06 02:00:00,3577.0
2016-11-06 03:00:00,3608.0
2016-11-06 04:00:00,3401.0
2016-11-06 05:00:00,3240.0
2016-11-06 06:00:00,3078.0
2016-11-06 07:00:00,2958.0
2016-11-06 08:00:00,2865.0
2016-11-06 09:00:00,2957.0
2016-11-06 10:00:00,3012.0
2016-11-06 11:00:00,3163.0
2016-11-06 12:00:00,3594.0
2016-11-06 13:00:00,3670.0
2016-11-06 14:00:00,4022.0
2016-11-06 15:00:00,3905.0
2016-11-06 16:00:00,3832.0
2016-11-06 17:00:00,3830.0
2016-11-06 18:00:00,3872.0
2016-11-06 19:00:00,3912.0
2016-11-06 20:00:00,3794.0
2016-11-06 21:00:00,3733.0
2016-11-06 22:00:00,3544.0
2016-11-06 23:00:00,3591.0
2016-11-07 00:00:00,3737.0
2016-11-07 01:00:00,3780.0
2016-11-07 02:00:00,3572.0
2016-11-07 03:00:00,3413.0
2016-11-07 04:00:00,3205.0
2016-11-07 05:00:00,3106.0
2016-11-07 06:00:00,2963.0
2016-11-07 07:00:00,2814.0
2016-11-07 08:00:00,2832.0
2016-11-07 09:00:00,2923.0
2016-11-07 10:00:00,2975.0
2016-11-07 11:00:00,3257.0
2016-11-07 12:00:00,3433.0
2016-11-07 13:00:00,3337.0
2016-11-07 14:00:00,3575.0
2016-11-07 15:00:00,3751.0
2016-11-07 16:00:00,3820.0
2016-11-07 17:00:00,3930.0
2016-11-07 18:00:00,3971.0
2016-11-07 19:00:00,3968.0
2016-11-07 20:00:00,3928.0
2016-11-07 21:00:00,3843.0
2016-11-07 22:00:00,3675.0
2016-11-07 23:00:00,3806.0
2016-11-08 00:00:00,3753.0
2016-11-08 01:00:00,3739.0
2016-11-08 02:00:00,3652.0
2016-11-08 03:00:00,3541.0
2016-11-08 04:00:00,3268.0
2016-11-08 05:00:00,3149.0
2016-11-08 06:00:00,3019.0
2016-11-08 07:00:00,2920.0
2016-11-08 08:00:00,2919.0
2016-11-08 09:00:00,2993.0
2016-11-08 10:00:00,3109.0
2016-11-08 11:00:00,3577.0
2016-11-08 12:00:00,4022.0
2016-11-08 13:00:00,3995.0
2016-11-08 14:00:00,4201.0
2016-11-08 15:00:00,4134.0
2016-11-08 16:00:00,4277.0
2016-11-08 17:00:00,4383.0
2016-11-08 18:00:00,4335.0
2016-11-08 19:00:00,4266.0
2016-11-08 20:00:00,4058.0
2016-11-08 21:00:00,3981.0
2016-11-08 22:00:00,3784.0
2016-11-08 23:00:00,3817.0
2016-11-09 00:00:00,3968.0
2016-11-09 01:00:00,4038.0
2016-11-09 02:00:00,3832.0
2016-11-09 03:00:00,3673.0
2016-11-09 04:00:00,3476.0
2016-11-09 05:00:00,3293.0
2016-11-09 06:00:00,3205.0
2016-11-09 07:00:00,3071.0
2016-11-09 08:00:00,3136.0
2016-11-09 09:00:00,3083.0
2016-11-09 10:00:00,3162.0
2016-11-09 11:00:00,3697.0
2016-11-09 12:00:00,3861.0
2016-11-09 13:00:00,3901.0
2016-11-09 14:00:00,4094.0
2016-11-09 15:00:00,4140.0
2016-11-09 16:00:00,4125.0
2016-11-09 17:00:00,4148.0
2016-11-09 18:00:00,4022.0
2016-11-09 19:00:00,4007.0
2016-11-09 20:00:00,3898.0
2016-11-09 21:00:00,3871.0
2016-11-09 22:00:00,3755.0
2016-11-09 23:00:00,3773.0
2016-11-10 00:00:00,3968.0
2016-11-10 01:00:00,3975.0
2016-11-10 02:00:00,3714.0
2016-11-10 03:00:00,3552.0
2016-11-10 04:00:00,3375.0
2016-11-10 05:00:00,3272.0
2016-11-10 06:00:00,3115.0
2016-11-10 07:00:00,2912.0
2016-11-10 08:00:00,2888.0
2016-11-10 09:00:00,2949.0
2016-11-10 10:00:00,2838.0
2016-11-10 11:00:00,2989.0
2016-11-10 12:00:00,3106.0
2016-11-10 13:00:00,3220.0
2016-11-10 14:00:00,3520.0
2016-11-10 15:00:00,3554.0
2016-11-10 16:00:00,3650.0
2016-11-10 17:00:00,3580.0
2016-11-10 18:00:00,3579.0
2016-11-10 19:00:00,3607.0
2016-11-10 20:00:00,3526.0
2016-11-10 21:00:00,3633.0
2016-11-10 22:00:00,3528.0
2016-11-10 23:00:00,3601.0
2016-11-11 00:00:00,3633.0
2016-11-11 01:00:00,3617.0
2016-11-11 02:00:00,3451.0
2016-11-11 03:00:00,3345.0
2016-11-11 04:00:00,3050.0
2016-11-11 05:00:00,2911.0
2016-11-11 06:00:00,2782.0
2016-11-11 07:00:00,2698.0
2016-11-11 08:00:00,2745.0
2016-11-11 09:00:00,2756.0
2016-11-11 10:00:00,2637.0
2016-11-11 11:00:00,2820.0
2016-11-11 12:00:00,2900.0
2016-11-11 13:00:00,2976.0
2016-11-11 14:00:00,2954.0
2016-11-11 15:00:00,2996.0
2016-11-11 16:00:00,3017.0
2016-11-11 17:00:00,3189.0
2016-11-11 18:00:00,3163.0
2016-11-11 19:00:00,3030.0
2016-11-11 20:00:00,3082.0
2016-11-11 21:00:00,3226.0
2016-11-11 22:00:00,2917.0
2016-11-11 23:00:00,2956.0
2016-11-12 00:00:00,2867.0
2016-11-12 01:00:00,2772.0
2016-11-12 02:00:00,2853.0
2016-11-12 03:00:00,2889.0
2016-11-12 04:00:00,2704.0
2016-11-12 05:00:00,2784.0
2016-11-12 06:00:00,2804.0
2016-11-12 07:00:00,2808.0
2016-11-12 08:00:00,2720.0
2016-11-12 09:00:00,2835.0
2016-11-12 10:00:00,3001.0
2016-11-12 11:00:00,3257.0
2016-11-12 12:00:00,3708.0
2016-11-12 13:00:00,3792.0
2016-11-12 14:00:00,3949.0
2016-11-12 15:00:00,3959.0
2016-11-12 16:00:00,3990.0
2016-11-12 17:00:00,3929.0
2016-11-12 18:00:00,3952.0
2016-11-12 19:00:00,3855.0
2016-11-12 20:00:00,3757.0
2016-11-12 21:00:00,3663.0
2016-11-12 22:00:00,3511.0
2016-11-12 23:00:00,3558.0
2016-11-13 00:00:00,3706.0
2016-11-13 01:00:00,3718.0
2016-11-13 02:00:00,3583.0
2016-11-13 03:00:00,3438.0
2016-11-13 04:00:00,3115.0
2016-11-13 05:00:00,3083.0
2016-11-13 06:00:00,2957.0
2016-11-13 07:00:00,2961.0
2016-11-13 08:00:00,2864.0
2016-11-13 09:00:00,3024.0
2016-11-13 10:00:00,2999.0
2016-11-13 11:00:00,3487.0
2016-11-13 12:00:00,3628.0
2016-11-13 13:00:00,3797.0
2016-11-13 14:00:00,4124.0
2016-11-13 15:00:00,4164.0
2016-11-13 16:00:00,4106.0
2016-11-13 17:00:00,4084.0
2016-11-13 18:00:00,4103.0
2016-11-13 19:00:00,4002.0
2016-11-13 20:00:00,3934.0
2016-11-13 21:00:00,3872.0
2016-11-13 22:00:00,3753.0
2016-11-13 23:00:00,3843.0
2016-11-14 00:00:00,4081.0
2016-11-14 01:00:00,4190.0
2016-11-14 02:00:00,3916.0
2016-11-14 03:00:00,3741.0
2016-11-14 04:00:00,3517.0
2016-11-14 05:00:00,3311.0
2016-11-14 06:00:00,3076.0
2016-11-14 07:00:00,3173.0
2016-11-14 08:00:00,3105.0
2016-11-14 09:00:00,3105.0
2016-11-14 10:00:00,3153.0
2016-11-14 11:00:00,3685.0
2016-11-14 12:00:00,3867.0
2016-11-14 13:00:00,3974.0
2016-11-14 14:00:00,4131.0
2016-11-14 15:00:00,4120.0
2016-11-14 16:00:00,4149.0
2016-11-14 17:00:00,4143.0
2016-11-14 18:00:00,4061.0
2016-11-14 19:00:00,4041.0
2016-11-14 20:00:00,4111.0
2016-11-14 21:00:00,3947.0
2016-11-14 22:00:00,3697.0
2016-11-14 23:00:00,3802.0
2016-11-15 00:00:00,3774.0
2016-11-15 01:00:00,3802.0
2016-11-15 02:00:00,3575.0
2016-11-15 03:00:00,3417.0
2016-11-15 04:00:00,3233.0
2016-11-15 05:00:00,3121.0
2016-11-15 06:00:00,3084.0
2016-11-15 07:00:00,3139.0
2016-11-15 08:00:00,3213.0
2016-11-15 09:00:00,3285.0
2016-11-15 10:00:00,3130.0
2016-11-15 11:00:00,3331.0
2016-11-15 12:00:00,3422.0
2016-11-15 13:00:00,3491.0
2016-11-15 14:00:00,3493.0
2016-11-15 15:00:00,3609.0
2016-11-15 16:00:00,3591.0
2016-11-15 17:00:00,3661.0
2016-11-15 18:00:00,3633.0
2016-11-15 19:00:00,3680.0
2016-11-15 20:00:00,3542.0
2016-11-15 21:00:00,3563.0
2016-11-15 22:00:00,3478.0
2016-11-15 23:00:00,3604.0
2016-11-16 00:00:00,3685.0
2016-11-16 01:00:00,3710.0
2016-11-16 02:00:00,3605.0
2016-11-16 03:00:00,3523.0
2016-11-16 04:00:00,3331.0
2016-11-16 05:00:00,3148.0
2016-11-16 06:00:00,3092.0
2016-11-16 07:00:00,2998.0
2016-11-16 08:00:00,2912.0
2016-11-16 09:00:00,2964.0
2016-11-16 10:00:00,2973.0
2016-11-16 11:00:00,3383.0
2016-11-16 12:00:00,3644.0
2016-11-16 13:00:00,3532.0
2016-11-16 14:00:00,3697.0
2016-11-16 15:00:00,3631.0
2016-11-16 16:00:00,3661.0
2016-11-16 17:00:00,3881.0
2016-11-16 18:00:00,3824.0
2016-11-16 19:00:00,3736.0
2016-11-16 20:00:00,3618.0
2016-11-16 21:00:00,3573.0
2016-11-16 22:00:00,3396.0
2016-11-16 23:00:00,3601.0
2016-11-17 00:00:00,3700.0
2016-11-17 01:00:00,3699.0
2016-11-17 02:00:00,3584.0
2016-11-17 03:00:00,3439.0
2016-11-17 04:00:00,3282.0
2016-11-17 05:00:00,3155.0
2016-11-17 06:00:00,2954.0
2016-11-17 07:00:00,2958.0
2016-11-17 08:00:00,2924.0
2016-11-17 09:00:00,2898.0
2016-11-17 10:00:00,2791.0
2016-11-17 11:00:00,2957.0
2016-11-17 12:00:00,2971.0
2016-11-17 13:00:00,2877.0
2016-11-17 14:00:00,2975.0
2016-11-17 15:00:00,3166.0
2016-11-17 16:00:00,3034.0
2016-11-17 17:00:00,3072.0
2016-11-17 18:00:00,3227.0
2016-11-17 19:00:00,3081.0
2016-11-17 20:00:00,2940.0
2016-11-17 21:00:00,3067.0
2016-11-17 22:00:00,3085.0
2016-11-17 23:00:00,3210.0
2016-11-18 00:00:00,3233.0
2016-11-18 01:00:00,3196.0
2016-11-18 02:00:00,3129.0
2016-11-18 03:00:00,2964.0
2016-11-18 04:00:00,2859.0
2016-11-18 05:00:00,2871.0
2016-11-18 06:00:00,2718.0
2016-11-18 07:00:00,2605.0
2016-11-18 08:00:00,2614.0
2016-11-18 09:00:00,2723.0
2016-11-18 10:00:00,2516.0
2016-11-18 11:00:00,2537.0
2016-11-18 12:00:00,2564.0
2016-11-18 13:00:00,2609.0
2016-11-18 14:00:00,2591.0
2016-11-18 15:00:00,2677.0
2016-11-18 16:00:00,2610.0
2016-11-18 17:00:00,2571.0
2016-11-18 18:00:00,2619.0
2016-11-18 19:00:00,2557.0
2016-11-18 20:00:00,2629.0
2016-11-18 21:00:00,2669.0
2016-11-18 22:00:00,2551.0
2016-11-18 23:00:00,2600.0
2016-11-19 00:00:00,2644.0
2016-11-19 01:00:00,2552.0
2016-11-19 02:00:00,2672.0
2016-11-19 03:00:00,2664.0
2016-11-19 04:00:00,2663.0
2016-11-19 05:00:00,2578.0
2016-11-19 06:00:00,2571.0
2016-11-19 07:00:00,2670.0
2016-11-19 08:00:00,2656.0
2016-11-19 09:00:00,2793.0
2016-11-19 10:00:00,2812.0
2016-11-19 11:00:00,3147.0
2016-11-19 12:00:00,3192.0
2016-11-19 13:00:00,3320.0
2016-11-19 14:00:00,3333.0
2016-11-19 15:00:00,3353.0
2016-11-19 16:00:00,3344.0
2016-11-19 17:00:00,3220.0
2016-11-19 18:00:00,3291.0
2016-11-19 19:00:00,3238.0
2016-11-19 20:00:00,3051.0
2016-11-19 21:00:00,3211.0
2016-11-19 22:00:00,3226.0
2016-11-19 23:00:00,3343.0
2016-11-20 00:00:00,3510.0
2016-11-20 01:00:00,3515.0
2016-11-20 02:00:00,3562.0
2016-11-20 03:00:00,3370.0
2016-11-20 04:00:00,3145.0
2016-11-20 05:00:00,2928.0
2016-11-20 06:00:00,2749.0
2016-11-20 07:00:00,2760.0
2016-11-20 08:00:00,2750.0
2016-11-20 09:00:00,2777.0
2016-11-20 10:00:00,2871.0
2016-11-20 11:00:00,3218.0
2016-11-20 12:00:00,3450.0
2016-11-20 13:00:00,3513.0
2016-11-20 14:00:00,3430.0
2016-11-20 15:00:00,3644.0
2016-11-20 16:00:00,3558.0
2016-11-20 17:00:00,3585.0
2016-11-20 18:00:00,3548.0
2016-11-20 19:00:00,3653.0
2016-11-20 20:00:00,3542.0
2016-11-20 21:00:00,3542.0
2016-11-20 22:00:00,3466.0
2016-11-20 23:00:00,3538.0
2016-11-21 00:00:00,3750.0
2016-11-21 01:00:00,3734.0
2016-11-21 02:00:00,3520.0
2016-11-21 03:00:00,3445.0
2016-11-21 04:00:00,3178.0
2016-11-21 05:00:00,3031.0
2016-11-21 06:00:00,2814.0
2016-11-21 07:00:00,2804.0
2016-11-21 08:00:00,2749.0
2016-11-21 09:00:00,2895.0
2016-11-21 10:00:00,2943.0
2016-11-21 11:00:00,3280.0
2016-11-21 12:00:00,3559.0
2016-11-21 13:00:00,3597.0
2016-11-21 14:00:00,3651.0
2016-11-21 15:00:00,3749.0
2016-11-21 16:00:00,3897.0
2016-11-21 17:00:00,4075.0
2016-11-21 18:00:00,4108.0
2016-11-21 19:00:00,4055.0
2016-11-21 20:00:00,3943.0
2016-11-21 21:00:00,3765.0
2016-11-21 22:00:00,3546.0
2016-11-21 23:00:00,3665.0
2016-11-22 00:00:00,3722.0
2016-11-22 01:00:00,3733.0
2016-11-22 02:00:00,3613.0
2016-11-22 03:00:00,3494.0
2016-11-22 04:00:00,3241.0
2016-11-22 05:00:00,3170.0
2016-11-22 06:00:00,3041.0
2016-11-22 07:00:00,3037.0
2016-11-22 08:00:00,2933.0
2016-11-22 09:00:00,2970.0
2016-11-22 10:00:00,3122.0
2016-11-22 11:00:00,3514.0
2016-11-22 12:00:00,3803.0
2016-11-22 13:00:00,3932.0
2016-11-22 14:00:00,4160.0
2016-11-22 15:00:00,4161.0
2016-11-22 16:00:00,4237.0
2016-11-22 17:00:00,4223.0
2016-11-22 18:00:00,4192.0
2016-11-22 19:00:00,3992.0
2016-11-22 20:00:00,3828.0
2016-11-22 21:00:00,3676.0
2016-11-22 22:00:00,3550.0
2016-11-22 23:00:00,3663.0
2016-11-23 00:00:00,3853.0
2016-11-23 01:00:00,3893.0
2016-11-23 02:00:00,3728.0
2016-11-23 03:00:00,3535.0
2016-11-23 04:00:00,3328.0
2016-11-23 05:00:00,3119.0
2016-11-23 06:00:00,3062.0
2016-11-23 07:00:00,3009.0
2016-11-23 08:00:00,2791.0
2016-11-23 09:00:00,2975.0
2016-11-23 10:00:00,3046.0
2016-11-23 11:00:00,3318.0
2016-11-23 12:00:00,3536.0
2016-11-23 13:00:00,3591.0
2016-11-23 14:00:00,3824.0
2016-11-23 15:00:00,3870.0
2016-11-23 16:00:00,3485.0
2016-11-23 17:00:00,3359.0
2016-11-23 18:00:00,3631.0
2016-11-23 19:00:00,3737.0
2016-11-23 20:00:00,3659.0
2016-11-23 21:00:00,3587.0
2016-11-23 22:00:00,3449.0
2016-11-23 23:00:00,3612.0
2016-11-24 00:00:00,3630.0
2016-11-24 01:00:00,3711.0
2016-11-24 02:00:00,3606.0
2016-11-24 03:00:00,3350.0
2016-11-24 04:00:00,3270.0
2016-11-24 05:00:00,3058.0
2016-11-24 06:00:00,2979.0
2016-11-24 07:00:00,2958.0
2016-11-24 08:00:00,2967.0
2016-11-24 09:00:00,2915.0
2016-11-24 10:00:00,3012.0
2016-11-24 11:00:00,3048.0
2016-11-24 12:00:00,2892.0
2016-11-24 13:00:00,2951.0
2016-11-24 14:00:00,3035.0
2016-11-24 15:00:00,3007.0
2016-11-24 16:00:00,2926.0
2016-11-24 17:00:00,3048.0
2016-11-24 18:00:00,3199.0
2016-11-24 19:00:00,3145.0
2016-11-24 20:00:00,2944.0
2016-11-24 21:00:00,3217.0
2016-11-24 22:00:00,3159.0
2016-11-24 23:00:00,3225.0
2016-11-25 00:00:00,3245.0
2016-11-25 01:00:00,3240.0
2016-11-25 02:00:00,3225.0
2016-11-25 03:00:00,3004.0
2016-11-25 04:00:00,2950.0
2016-11-25 05:00:00,2860.0
2016-11-25 06:00:00,2754.0
2016-11-25 07:00:00,2655.0
2016-11-25 08:00:00,2749.0
2016-11-25 09:00:00,2760.0
2016-11-25 10:00:00,2698.0
2016-11-25 11:00:00,2711.0
2016-11-25 12:00:00,2615.0
2016-11-25 13:00:00,2803.0
2016-11-25 14:00:00,2720.0
2016-11-25 15:00:00,2760.0
2016-11-25 16:00:00,2841.0
2016-11-25 17:00:00,2795.0
2016-11-25 18:00:00,2916.0
2016-11-25 19:00:00,2815.0
2016-11-25 20:00:00,2869.0
2016-11-25 21:00:00,2901.0
2016-11-25 22:00:00,2863.0
2016-11-25 23:00:00,2841.0
2016-11-26 00:00:00,2799.0
2016-11-26 01:00:00,2698.0
2016-11-26 02:00:00,2752.0
2016-11-26 03:00:00,2831.0
2016-11-26 04:00:00,2699.0
2016-11-26 05:00:00,2637.0
2016-11-26 06:00:00,2749.0
2016-11-26 07:00:00,2699.0
2016-11-26 08:00:00,2683.0
2016-11-26 09:00:00,2753.0
2016-11-26 10:00:00,2900.0
2016-11-26 11:00:00,3145.0
2016-11-26 12:00:00,3438.0
2016-11-26 13:00:00,3563.0
2016-11-26 14:00:00,3710.0
2016-11-26 15:00:00,3575.0
2016-11-26 16:00:00,3874.0
2016-11-26 17:00:00,3669.0
2016-11-26 18:00:00,3923.0
2016-11-26 19:00:00,3962.0
2016-11-26 20:00:00,3523.0
2016-11-26 21:00:00,3568.0
2016-11-26 22:00:00,3474.0
2016-11-26 23:00:00,3567.0
2016-11-27 00:00:00,3638.0
2016-11-27 01:00:00,3701.0
2016-11-27 02:00:00,3661.0
2016-11-27 03:00:00,3394.0
2016-11-27 04:00:00,3145.0
2016-11-27 05:00:00,2999.0
2016-11-27 06:00:00,2909.0
2016-11-27 07:00:00,2793.0
2016-11-27 08:00:00,2878.0
2016-11-27 09:00:00,2910.0
2016-11-27 10:00:00,2984.0
2016-11-27 11:00:00,3394.0
2016-11-27 12:00:00,3516.0
2016-11-27 13:00:00,3569.0
2016-11-27 14:00:00,3766.0
2016-11-27 15:00:00,3825.0
2016-11-27 16:00:00,3994.0
2016-11-27 17:00:00,3993.0
2016-11-27 18:00:00,3956.0
2016-11-27 19:00:00,3863.0
2016-11-27 20:00:00,3730.0
2016-11-27 21:00:00,3616.0
2016-11-27 22:00:00,3529.0
2016-11-27 23:00:00,3558.0
2016-11-28 00:00:00,3639.0
2016-11-28 01:00:00,3682.0
2016-11-28 02:00:00,3560.0
2016-11-28 03:00:00,3475.0
2016-11-28 04:00:00,3233.0
2016-11-28 05:00:00,3054.0
2016-11-28 06:00:00,2956.0
2016-11-28 07:00:00,2912.0
2016-11-28 08:00:00,2891.0
2016-11-28 09:00:00,3018.0
2016-11-28 10:00:00,2854.0
2016-11-28 11:00:00,3305.0
2016-11-28 12:00:00,3534.0
2016-11-28 13:00:00,3525.0
2016-11-28 14:00:00,3705.0
2016-11-28 15:00:00,3877.0
2016-11-28 16:00:00,3923.0
2016-11-28 17:00:00,3943.0
2016-11-28 18:00:00,4082.0
2016-11-28 19:00:00,4086.0
2016-11-28 20:00:00,3789.0
2016-11-28 21:00:00,3605.0
2016-11-28 22:00:00,3428.0
2016-11-28 23:00:00,3571.0
2016-11-29 00:00:00,3529.0
2016-11-29 01:00:00,3542.0
2016-11-29 02:00:00,3479.0
2016-11-29 03:00:00,3266.0
2016-11-29 04:00:00,3208.0
2016-11-29 05:00:00,3102.0
2016-11-29 06:00:00,3004.0
2016-11-29 07:00:00,2916.0
2016-11-29 08:00:00,2808.0
2016-11-29 09:00:00,2894.0
2016-11-29 10:00:00,3088.0
2016-11-29 11:00:00,3504.0
2016-11-29 12:00:00,3710.0
2016-11-29 13:00:00,3901.0
2016-11-29 14:00:00,4279.0
2016-11-29 15:00:00,4323.0
2016-11-29 16:00:00,4154.0
2016-11-29 17:00:00,4216.0
2016-11-29 18:00:00,4299.0
2016-11-29 19:00:00,4221.0
2016-11-29 20:00:00,4105.0
2016-11-29 21:00:00,4108.0
2016-11-29 22:00:00,3987.0
2016-11-29 23:00:00,3968.0
2016-11-30 00:00:00,4124.0
2016-11-30 01:00:00,4105.0
2016-11-30 02:00:00,3996.0
2016-11-30 03:00:00,3851.0
2016-11-30 04:00:00,3591.0
2016-11-30 05:00:00,3425.0
2016-11-30 06:00:00,3299.0
2016-11-30 07:00:00,3270.0
2016-11-30 08:00:00,3208.0
2016-11-30 09:00:00,3263.0
2016-11-30 10:00:00,3198.0
2016-11-30 11:00:00,3766.0
2016-11-30 12:00:00,3995.0
2016-11-30 13:00:00,4039.0
2016-11-30 14:00:00,4208.0
2016-11-30 15:00:00,4303.0
2016-11-30 16:00:00,4410.0
2016-11-30 17:00:00,4076.0
2016-11-30 18:00:00,4115.0
2016-11-30 19:00:00,4213.0
2016-11-30 20:00:00,4102.0
2016-11-30 21:00:00,3937.0
2016-11-30 22:00:00,3788.0
2016-11-30 23:00:00,3812.0
2016-12-01 00:00:00,3963.0
2016-12-01 01:00:00,4004.0
2016-12-01 02:00:00,3859.0
2016-12-01 03:00:00,3740.0
2016-12-01 04:00:00,3588.0
2016-12-01 05:00:00,3368.0
2016-12-01 06:00:00,3272.0
2016-12-01 07:00:00,3287.0
2016-12-01 08:00:00,3269.0
2016-12-01 09:00:00,3275.0
2016-12-01 10:00:00,3239.0
2016-12-01 11:00:00,3326.0
2016-12-01 12:00:00,3309.0
2016-12-01 13:00:00,3267.0
2016-12-01 14:00:00,3255.0
2016-12-01 15:00:00,3408.0
2016-12-01 16:00:00,3324.0
2016-12-01 17:00:00,3375.0
2016-12-01 18:00:00,3398.0
2016-12-01 19:00:00,3296.0
2016-12-01 20:00:00,3347.0
2016-12-01 21:00:00,3428.0
2016-12-01 22:00:00,3397.0
2016-12-01 23:00:00,3448.0
2016-12-02 00:00:00,3581.0
2016-12-02 01:00:00,3566.0
2016-12-02 02:00:00,3461.0
2016-12-02 03:00:00,3359.0
2016-12-02 04:00:00,3303.0
2016-12-02 05:00:00,3206.0
2016-12-02 06:00:00,3068.0
2016-12-02 07:00:00,2993.0
2016-12-02 08:00:00,2977.0
2016-12-02 09:00:00,2854.0
2016-12-02 10:00:00,2816.0
2016-12-02 11:00:00,2936.0
2016-12-02 12:00:00,2908.0
2016-12-02 13:00:00,2907.0
2016-12-02 14:00:00,2935.0
2016-12-02 15:00:00,3000.0
2016-12-02 16:00:00,3011.0
2016-12-02 17:00:00,3078.0
2016-12-02 18:00:00,3132.0
2016-12-02 19:00:00,2970.0
2016-12-02 20:00:00,3035.0
2016-12-02 21:00:00,3035.0
2016-12-02 22:00:00,3036.0
2016-12-02 23:00:00,2894.0
2016-12-03 00:00:00,2858.0
2016-12-03 01:00:00,2920.0
2016-12-03 02:00:00,2869.0
2016-12-03 03:00:00,2927.0
2016-12-03 04:00:00,2902.0
2016-12-03 05:00:00,2818.0
2016-12-03 06:00:00,2803.0
2016-12-03 07:00:00,2841.0
2016-12-03 08:00:00,2786.0
2016-12-03 09:00:00,2930.0
2016-12-03 10:00:00,3048.0
2016-12-03 11:00:00,3297.0
2016-12-03 12:00:00,3500.0
2016-12-03 13:00:00,3606.0
2016-12-03 14:00:00,3892.0
2016-12-03 15:00:00,3912.0
2016-12-03 16:00:00,3913.0
2016-12-03 17:00:00,3896.0
2016-12-03 18:00:00,3902.0
2016-12-03 19:00:00,3901.0
2016-12-03 20:00:00,3874.0
2016-12-03 21:00:00,3725.0
2016-12-03 22:00:00,3549.0
2016-12-03 23:00:00,3620.0
2016-12-04 00:00:00,3816.0
2016-12-04 01:00:00,3949.0
2016-12-04 02:00:00,3850.0
2016-12-04 03:00:00,3725.0
2016-12-04 04:00:00,3561.0
2016-12-04 05:00:00,3356.0
2016-12-04 06:00:00,3227.0
2016-12-04 07:00:00,3055.0
2016-12-04 08:00:00,3041.0
2016-12-04 09:00:00,3033.0
2016-12-04 10:00:00,3185.0
2016-12-04 11:00:00,3579.0
2016-12-04 12:00:00,3718.0
2016-12-04 13:00:00,3862.0
2016-12-04 14:00:00,4054.0
2016-12-04 15:00:00,4117.0
2016-12-04 16:00:00,4282.0
2016-12-04 17:00:00,4241.0
2016-12-04 18:00:00,4135.0
2016-12-04 19:00:00,4000.0
2016-12-04 20:00:00,3889.0
2016-12-04 21:00:00,3712.0
2016-12-04 22:00:00,3586.0
2016-12-04 23:00:00,3760.0
2016-12-05 00:00:00,3893.0
2016-12-05 01:00:00,3958.0
2016-12-05 02:00:00,3901.0
2016-12-05 03:00:00,3773.0
2016-12-05 04:00:00,3543.0
2016-12-05 05:00:00,3347.0
2016-12-05 06:00:00,3250.0
2016-12-05 07:00:00,3130.0
2016-12-05 08:00:00,3173.0
2016-12-05 09:00:00,3104.0
2016-12-05 10:00:00,3234.0
2016-12-05 11:00:00,3664.0
2016-12-05 12:00:00,3776.0
2016-12-05 13:00:00,3758.0
2016-12-05 14:00:00,3898.0
2016-12-05 15:00:00,3869.0
2016-12-05 16:00:00,3939.0
2016-12-05 17:00:00,3886.0
2016-12-05 18:00:00,3941.0
2016-12-05 19:00:00,3814.0
2016-12-05 20:00:00,3738.0
2016-12-05 21:00:00,3648.0
2016-12-05 22:00:00,3507.0
2016-12-05 23:00:00,3645.0
2016-12-06 00:00:00,3713.0
2016-12-06 01:00:00,3732.0
2016-12-06 02:00:00,3640.0
2016-12-06 03:00:00,3561.0
2016-12-06 04:00:00,3478.0
2016-12-06 05:00:00,3303.0
2016-12-06 06:00:00,3235.0
2016-12-06 07:00:00,3219.0
2016-12-06 08:00:00,3231.0
2016-12-06 09:00:00,3151.0
2016-12-06 10:00:00,3114.0
2016-12-06 11:00:00,3455.0
2016-12-06 12:00:00,3375.0
2016-12-06 13:00:00,3370.0
2016-12-06 14:00:00,3437.0
2016-12-06 15:00:00,3503.0
2016-12-06 16:00:00,3525.0
2016-12-06 17:00:00,3536.0
2016-12-06 18:00:00,3497.0
2016-12-06 19:00:00,3385.0
2016-12-06 20:00:00,3419.0
2016-12-06 21:00:00,3404.0
2016-12-06 22:00:00,3338.0
2016-12-06 23:00:00,3491.0
2016-12-07 00:00:00,3639.0
2016-12-07 01:00:00,3670.0
2016-12-07 02:00:00,3623.0
2016-12-07 03:00:00,3478.0
2016-12-07 04:00:00,3320.0
2016-12-07 05:00:00,3130.0
2016-12-07 06:00:00,3011.0
2016-12-07 07:00:00,3003.0
2016-12-07 08:00:00,2882.0
2016-12-07 09:00:00,2973.0
2016-12-07 10:00:00,2976.0
2016-12-07 11:00:00,3390.0
2016-12-07 12:00:00,3350.0
2016-12-07 13:00:00,3305.0
2016-12-07 14:00:00,3484.0
2016-12-07 15:00:00,3667.0
2016-12-07 16:00:00,3583.0
2016-12-07 17:00:00,3686.0
2016-12-07 18:00:00,3763.0
2016-12-07 19:00:00,3627.0
2016-12-07 20:00:00,3556.0
2016-12-07 21:00:00,3474.0
2016-12-07 22:00:00,3360.0
2016-12-07 23:00:00,3533.0
2016-12-08 00:00:00,3701.0
2016-12-08 01:00:00,3795.0
2016-12-08 02:00:00,3692.0
2016-12-08 03:00:00,3455.0
2016-12-08 04:00:00,3255.0
2016-12-08 05:00:00,3064.0
2016-12-08 06:00:00,3057.0
2016-12-08 07:00:00,2931.0
2016-12-08 08:00:00,3058.0
2016-12-08 09:00:00,2981.0
2016-12-08 10:00:00,3019.0
2016-12-08 11:00:00,3028.0
2016-12-08 12:00:00,3074.0
2016-12-08 13:00:00,2989.0
2016-12-08 14:00:00,3307.0
2016-12-08 15:00:00,3424.0
2016-12-08 16:00:00,3134.0
2016-12-08 17:00:00,3175.0
2016-12-08 18:00:00,3315.0
2016-12-08 19:00:00,3328.0
2016-12-08 20:00:00,3220.0
2016-12-08 21:00:00,3320.0
2016-12-08 22:00:00,3326.0
2016-12-08 23:00:00,3426.0
2016-12-09 00:00:00,3522.0
2016-12-09 01:00:00,3595.0
2016-12-09 02:00:00,3585.0
2016-12-09 03:00:00,3480.0
2016-12-09 04:00:00,3343.0
2016-12-09 05:00:00,3258.0
2016-12-09 06:00:00,3197.0
2016-12-09 07:00:00,3004.0
2016-12-09 08:00:00,2918.0
2016-12-09 09:00:00,2932.0
2016-12-09 10:00:00,2904.0
2016-12-09 11:00:00,2953.0
2016-12-09 12:00:00,2920.0
2016-12-09 13:00:00,2924.0
2016-12-09 14:00:00,2988.0
2016-12-09 15:00:00,3048.0
2016-12-09 16:00:00,2990.0
2016-12-09 17:00:00,2993.0
2016-12-09 18:00:00,2947.0
2016-12-09 19:00:00,3009.0
2016-12-09 20:00:00,3010.0
2016-12-09 21:00:00,3077.0
2016-12-09 22:00:00,3043.0
2016-12-09 23:00:00,2930.0
2016-12-10 00:00:00,2781.0
2016-12-10 01:00:00,2909.0
2016-12-10 02:00:00,2859.0
2016-12-10 03:00:00,2928.0
2016-12-10 04:00:00,3024.0
2016-12-10 05:00:00,2803.0
2016-12-10 06:00:00,2813.0
2016-12-10 07:00:00,2940.0
2016-12-10 08:00:00,2953.0
2016-12-10 09:00:00,2995.0
2016-12-10 10:00:00,3188.0
2016-12-10 11:00:00,3326.0
2016-12-10 12:00:00,3541.0
2016-12-10 13:00:00,3468.0
2016-12-10 14:00:00,3638.0
2016-12-10 15:00:00,3775.0
2016-12-10 16:00:00,3704.0
2016-12-10 17:00:00,3735.0
2016-12-10 18:00:00,3791.0
2016-12-10 19:00:00,3623.0
2016-12-10 20:00:00,3615.0
2016-12-10 21:00:00,3573.0
2016-12-10 22:00:00,3456.0
2016-12-10 23:00:00,3617.0
2016-12-11 00:00:00,3637.0
2016-12-11 01:00:00,3775.0
2016-12-11 02:00:00,3726.0
2016-12-11 03:00:00,3547.0
2016-12-11 04:00:00,3286.0
2016-12-11 05:00:00,3087.0
2016-12-11 06:00:00,3017.0
2016-12-11 07:00:00,2975.0
2016-12-11 08:00:00,3056.0
2016-12-11 09:00:00,3059.0
2016-12-11 10:00:00,3159.0
2016-12-11 11:00:00,3350.0
2016-12-11 12:00:00,3513.0
2016-12-11 13:00:00,3602.0
2016-12-11 14:00:00,3923.0
2016-12-11 15:00:00,3736.0
2016-12-11 16:00:00,3591.0
2016-12-11 17:00:00,3599.0
2016-12-11 18:00:00,3882.0
2016-12-11 19:00:00,3685.0
2016-12-11 20:00:00,3624.0
2016-12-11 21:00:00,3576.0
2016-12-11 22:00:00,3460.0
2016-12-11 23:00:00,3614.0
2016-12-12 00:00:00,3642.0
2016-12-12 01:00:00,3675.0
2016-12-12 02:00:00,3638.0
2016-12-12 03:00:00,3527.0
2016-12-12 04:00:00,3246.0
2016-12-12 05:00:00,3081.0
2016-12-12 06:00:00,3074.0
2016-12-12 07:00:00,2945.0
2016-12-12 08:00:00,2972.0
2016-12-12 09:00:00,2926.0
2016-12-12 10:00:00,3087.0
2016-12-12 11:00:00,3269.0
2016-12-12 12:00:00,3343.0
2016-12-12 13:00:00,3488.0
2016-12-12 14:00:00,3594.0
2016-12-12 15:00:00,3576.0
2016-12-12 16:00:00,3629.0
2016-12-12 17:00:00,3726.0
2016-12-12 18:00:00,3827.0
2016-12-12 19:00:00,3696.0
2016-12-12 20:00:00,3500.0
2016-12-12 21:00:00,3556.0
2016-12-12 22:00:00,3420.0
2016-12-12 23:00:00,3599.0
2016-12-13 00:00:00,3541.0
2016-12-13 01:00:00,3576.0
2016-12-13 02:00:00,3504.0
2016-12-13 03:00:00,3376.0
2016-12-13 04:00:00,3195.0
2016-12-13 05:00:00,3149.0
2016-12-13 06:00:00,3003.0
2016-12-13 07:00:00,2913.0
2016-12-13 08:00:00,2991.0
2016-12-13 09:00:00,2999.0
2016-12-13 10:00:00,3103.0
2016-12-13 11:00:00,3384.0
2016-12-13 12:00:00,3470.0
2016-12-13 13:00:00,3552.0
2016-12-13 14:00:00,3866.0
2016-12-13 15:00:00,3754.0
2016-12-13 16:00:00,3821.0
2016-12-13 17:00:00,3808.0
2016-12-13 18:00:00,3968.0
2016-12-13 19:00:00,3832.0
2016-12-13 20:00:00,3721.0
2016-12-13 21:00:00,3665.0
2016-12-13 22:00:00,3528.0
2016-12-13 23:00:00,3667.0
2016-12-14 00:00:00,3729.0
2016-12-14 01:00:00,3728.0
2016-12-14 02:00:00,3650.0
2016-12-14 03:00:00,3510.0
2016-12-14 04:00:00,3202.0
2016-12-14 05:00:00,3033.0
2016-12-14 06:00:00,2935.0
2016-12-14 07:00:00,2877.0
2016-12-14 08:00:00,2991.0
2016-12-14 09:00:00,2969.0
2016-12-14 10:00:00,3055.0
2016-12-14 11:00:00,3454.0
2016-12-14 12:00:00,3534.0
2016-12-14 13:00:00,3669.0
2016-12-14 14:00:00,3788.0
2016-12-14 15:00:00,3754.0
2016-12-14 16:00:00,3737.0
2016-12-14 17:00:00,3790.0
2016-12-14 18:00:00,3874.0
2016-12-14 19:00:00,3713.0
2016-12-14 20:00:00,3604.0
2016-12-14 21:00:00,3666.0
2016-12-14 22:00:00,3441.0
2016-12-14 23:00:00,3595.0
2016-12-15 00:00:00,3730.0
2016-12-15 01:00:00,3718.0
2016-12-15 02:00:00,3727.0
2016-12-15 03:00:00,3642.0
2016-12-15 04:00:00,3425.0
2016-12-15 05:00:00,3200.0
2016-12-15 06:00:00,3101.0
2016-12-15 07:00:00,3055.0
2016-12-15 08:00:00,3086.0
2016-12-15 09:00:00,3146.0
2016-12-15 10:00:00,3094.0
2016-12-15 11:00:00,3265.0
2016-12-15 12:00:00,3204.0
2016-12-15 13:00:00,3228.0
2016-12-15 14:00:00,3349.0
2016-12-15 15:00:00,3390.0
2016-12-15 16:00:00,3431.0
2016-12-15 17:00:00,3386.0
2016-12-15 18:00:00,3463.0
2016-12-15 19:00:00,3357.0
2016-12-15 20:00:00,3259.0
2016-12-15 21:00:00,3378.0
2016-12-15 22:00:00,3313.0
2016-12-15 23:00:00,3485.0
2016-12-16 00:00:00,3533.0
2016-12-16 01:00:00,3539.0
2016-12-16 02:00:00,3392.0
2016-12-16 03:00:00,3281.0
2016-12-16 04:00:00,3198.0
2016-12-16 05:00:00,3108.0
2016-12-16 06:00:00,2966.0
2016-12-16 07:00:00,2848.0
2016-12-16 08:00:00,2848.0
2016-12-16 09:00:00,2873.0
2016-12-16 10:00:00,2704.0
2016-12-16 11:00:00,2810.0
2016-12-16 12:00:00,2835.0
2016-12-16 13:00:00,2985.0
2016-12-16 14:00:00,3080.0
2016-12-16 15:00:00,3143.0
2016-12-16 16:00:00,3070.0
2016-12-16 17:00:00,3044.0
2016-12-16 18:00:00,3049.0
2016-12-16 19:00:00,3047.0
2016-12-16 20:00:00,3035.0
2016-12-16 21:00:00,3116.0
2016-12-16 22:00:00,3030.0
2016-12-16 23:00:00,2897.0
2016-12-17 00:00:00,2930.0
2016-12-17 01:00:00,2941.0
2016-12-17 02:00:00,2962.0
2016-12-17 03:00:00,2869.0
2016-12-17 04:00:00,2921.0
2016-12-17 05:00:00,2868.0
2016-12-17 06:00:00,2831.0
2016-12-17 07:00:00,2802.0
2016-12-17 08:00:00,2720.0
2016-12-17 09:00:00,2809.0
2016-12-17 10:00:00,3055.0
2016-12-17 11:00:00,3284.0
2016-12-17 12:00:00,3398.0
2016-12-17 13:00:00,3232.0
2016-12-17 14:00:00,3421.0
2016-12-17 15:00:00,3377.0
2016-12-17 16:00:00,3366.0
2016-12-17 17:00:00,3391.0
2016-12-17 18:00:00,3411.0
2016-12-17 19:00:00,3396.0
2016-12-17 20:00:00,3786.0
2016-12-17 21:00:00,3592.0
2016-12-17 22:00:00,3304.0
2016-12-17 23:00:00,3447.0
2016-12-18 00:00:00,3526.0
2016-12-18 01:00:00,3688.0
2016-12-18 02:00:00,3608.0
2016-12-18 03:00:00,3465.0
2016-12-18 04:00:00,3282.0
2016-12-18 05:00:00,3085.0
2016-12-18 06:00:00,2966.0
2016-12-18 07:00:00,2978.0
2016-12-18 08:00:00,3010.0
2016-12-18 09:00:00,2955.0
2016-12-18 10:00:00,3010.0
2016-12-18 11:00:00,3277.0
2016-12-18 12:00:00,2794.0
2016-12-18 13:00:00,2861.0
2016-12-18 14:00:00,3821.0
2016-12-18 15:00:00,3867.0
2016-12-18 16:00:00,4549.0
2016-12-18 17:00:00,4202.0
2016-12-18 18:00:00,3782.0
2016-12-18 19:00:00,3930.0
2016-12-18 20:00:00,3913.0
2016-12-18 21:00:00,3733.0
2016-12-18 22:00:00,3618.0
2016-12-18 23:00:00,3730.0
2016-12-19 00:00:00,3772.0
2016-12-19 01:00:00,3622.0
2016-12-19 02:00:00,3940.0
2016-12-19 03:00:00,3788.0
2016-12-19 04:00:00,3362.0
2016-12-19 05:00:00,3180.0
2016-12-19 06:00:00,3087.0
2016-12-19 07:00:00,2906.0
2016-12-19 08:00:00,2927.0
2016-12-19 09:00:00,3031.0
2016-12-19 10:00:00,3069.0
2016-12-19 11:00:00,3046.0
2016-12-19 12:00:00,3504.0
2016-12-19 13:00:00,3465.0
2016-12-19 14:00:00,3689.0
2016-12-19 15:00:00,3901.0
2016-12-19 16:00:00,3895.0
2016-12-19 17:00:00,3935.0
2016-12-19 18:00:00,4157.0
2016-12-19 19:00:00,4019.0
2016-12-19 20:00:00,3892.0
2016-12-19 21:00:00,3835.0
2016-12-19 22:00:00,3833.0
2016-12-19 23:00:00,4054.0
2016-12-20 00:00:00,3957.0
2016-12-20 01:00:00,3856.0
2016-12-20 02:00:00,3692.0
2016-12-20 03:00:00,3696.0
2016-12-20 04:00:00,3610.0
2016-12-20 05:00:00,3476.0
2016-12-20 06:00:00,3371.0
2016-12-20 07:00:00,3326.0
2016-12-20 08:00:00,3240.0
2016-12-20 09:00:00,3322.0
2016-12-20 10:00:00,3477.0
2016-12-20 11:00:00,3670.0
2016-12-20 12:00:00,3804.0
2016-12-20 13:00:00,3885.0
2016-12-20 14:00:00,4076.0
2016-12-20 15:00:00,4059.0
2016-12-20 16:00:00,3946.0
2016-12-20 17:00:00,4063.0
2016-12-20 18:00:00,4173.0
2016-12-20 19:00:00,4125.0
2016-12-20 20:00:00,3966.0
2016-12-20 21:00:00,3934.0
2016-12-20 22:00:00,3794.0
2016-12-20 23:00:00,3907.0
2016-12-21 00:00:00,3915.0
2016-12-21 01:00:00,4046.0
2016-12-21 02:00:00,3856.0
2016-12-21 03:00:00,3634.0
2016-12-21 04:00:00,3488.0
2016-12-21 05:00:00,3338.0
2016-12-21 06:00:00,3295.0
2016-12-21 07:00:00,3170.0
2016-12-21 08:00:00,3099.0
2016-12-21 09:00:00,3184.0
2016-12-21 10:00:00,3342.0
2016-12-21 11:00:00,3442.0
2016-12-21 12:00:00,3621.0
2016-12-21 13:00:00,3791.0
2016-12-21 14:00:00,3964.0
2016-12-21 15:00:00,4118.0
2016-12-21 16:00:00,3950.0
2016-12-21 17:00:00,4053.0
2016-12-21 18:00:00,4219.0
2016-12-21 19:00:00,4070.0
2016-12-21 20:00:00,3760.0
2016-12-21 21:00:00,3692.0
2016-12-21 22:00:00,3677.0
2016-12-21 23:00:00,3800.0
2016-12-22 00:00:00,3987.0
2016-12-22 01:00:00,3998.0
2016-12-22 02:00:00,3853.0
2016-12-22 03:00:00,3590.0
2016-12-22 04:00:00,3480.0
2016-12-22 05:00:00,3262.0
2016-12-22 06:00:00,3185.0
2016-12-22 07:00:00,3162.0
2016-12-22 08:00:00,3188.0
2016-12-22 09:00:00,3091.0
2016-12-22 10:00:00,3092.0
2016-12-22 11:00:00,3330.0
2016-12-22 12:00:00,3464.0
2016-12-22 13:00:00,3459.0
2016-12-22 14:00:00,3708.0
2016-12-22 15:00:00,3738.0
2016-12-22 16:00:00,3710.0
2016-12-22 17:00:00,3737.0
2016-12-22 18:00:00,3885.0
2016-12-22 19:00:00,3828.0
2016-12-22 20:00:00,3747.0
2016-12-22 21:00:00,3821.0
2016-12-22 22:00:00,3704.0
2016-12-22 23:00:00,3854.0
2016-12-23 00:00:00,3781.0
2016-12-23 01:00:00,3636.0
2016-12-23 02:00:00,3442.0
2016-12-23 03:00:00,3388.0
2016-12-23 04:00:00,3302.0
2016-12-23 05:00:00,3136.0
2016-12-23 06:00:00,2924.0
2016-12-23 07:00:00,2966.0
2016-12-23 08:00:00,2965.0
2016-12-23 09:00:00,2948.0
2016-12-23 10:00:00,2959.0
2016-12-23 11:00:00,3137.0
2016-12-23 12:00:00,3296.0
2016-12-23 13:00:00,3355.0
2016-12-23 14:00:00,3506.0
2016-12-23 15:00:00,3642.0
2016-12-23 16:00:00,3751.0
2016-12-23 17:00:00,3784.0
2016-12-23 18:00:00,3764.0
2016-12-23 19:00:00,3717.0
2016-12-23 20:00:00,3639.0
2016-12-23 21:00:00,3622.0
2016-12-23 22:00:00,3578.0
2016-12-23 23:00:00,3444.0
2016-12-24 00:00:00,3291.0
2016-12-24 01:00:00,3254.0
2016-12-24 02:00:00,3269.0
2016-12-24 03:00:00,3299.0
2016-12-24 04:00:00,3146.0
2016-12-24 05:00:00,3058.0
2016-12-24 06:00:00,3006.0
2016-12-24 07:00:00,3034.0
2016-12-24 08:00:00,3144.0
2016-12-24 09:00:00,3209.0
2016-12-24 10:00:00,3520.0
2016-12-24 11:00:00,3820.0
2016-12-24 12:00:00,4159.0
2016-12-24 13:00:00,4429.0
2016-12-24 14:00:00,4750.0
2016-12-24 15:00:00,4495.0
2016-12-24 16:00:00,4463.0
2016-12-24 17:00:00,4466.0
2016-12-24 18:00:00,4620.0
2016-12-24 19:00:00,4563.0
2016-12-24 20:00:00,4528.0
2016-12-24 21:00:00,4465.0
2016-12-24 22:00:00,4330.0
2016-12-24 23:00:00,4269.0
2016-12-25 00:00:00,4464.0
2016-12-25 01:00:00,4443.0
2016-12-25 02:00:00,4172.0
2016-12-25 03:00:00,4118.0
2016-12-25 04:00:00,3959.0
2016-12-25 05:00:00,3741.0
2016-12-25 06:00:00,3616.0
2016-12-25 07:00:00,3600.0
2016-12-25 08:00:00,3578.0
2016-12-25 09:00:00,3707.0
2016-12-25 10:00:00,3878.0
2016-12-25 11:00:00,4253.0
2016-12-25 12:00:00,4617.0
2016-12-25 13:00:00,4641.0
2016-12-25 14:00:00,4860.0
2016-12-25 15:00:00,4987.0
2016-12-25 16:00:00,4914.0
2016-12-25 17:00:00,4669.0
2016-12-25 18:00:00,4554.0
2016-12-25 19:00:00,4129.0
2016-12-25 20:00:00,4434.0
2016-12-25 21:00:00,4292.0
2016-12-25 22:00:00,4020.0
2016-12-25 23:00:00,4155.0
2016-12-26 00:00:00,4347.0
2016-12-26 01:00:00,4442.0
2016-12-26 02:00:00,4249.0
2016-12-26 03:00:00,4078.0
2016-12-26 04:00:00,3819.0
2016-12-26 05:00:00,3617.0
2016-12-26 06:00:00,3452.0
2016-12-26 07:00:00,3462.0
2016-12-26 08:00:00,3475.0
2016-12-26 09:00:00,3552.0
2016-12-26 10:00:00,3632.0
2016-12-26 11:00:00,4113.0
2016-12-26 12:00:00,4242.0
2016-12-26 13:00:00,4249.0
2016-12-26 14:00:00,4340.0
2016-12-26 15:00:00,4296.0
2016-12-26 16:00:00,4390.0
2016-12-26 17:00:00,4410.0
2016-12-26 18:00:00,5045.0
2016-12-26 19:00:00,4491.0
2016-12-26 20:00:00,4324.0
2016-12-26 21:00:00,4111.0
2016-12-26 22:00:00,3879.0
2016-12-26 23:00:00,3955.0
2016-12-27 00:00:00,3952.0
2016-12-27 01:00:00,3951.0
2016-12-27 02:00:00,3761.0
2016-12-27 03:00:00,3644.0
2016-12-27 04:00:00,3428.0
2016-12-27 05:00:00,3402.0
2016-12-27 06:00:00,3233.0
2016-12-27 07:00:00,3215.0
2016-12-27 08:00:00,3173.0
2016-12-27 09:00:00,3213.0
2016-12-27 10:00:00,3427.0
2016-12-27 11:00:00,3696.0
2016-12-27 12:00:00,3853.0
2016-12-27 13:00:00,3931.0
2016-12-27 14:00:00,4086.0
2016-12-27 15:00:00,4115.0
2016-12-27 16:00:00,4425.0
2016-12-27 17:00:00,4248.0
2016-12-27 18:00:00,4230.0
2016-12-27 19:00:00,4205.0
2016-12-27 20:00:00,4441.0
2016-12-27 21:00:00,4127.0
2016-12-27 22:00:00,3966.0
2016-12-27 23:00:00,4091.0
2016-12-28 00:00:00,4031.0
2016-12-28 01:00:00,4142.0
2016-12-28 02:00:00,3962.0
2016-12-28 03:00:00,3806.0
2016-12-28 04:00:00,3545.0
2016-12-28 05:00:00,3360.0
2016-12-28 06:00:00,3226.0
2016-12-28 07:00:00,3134.0
2016-12-28 08:00:00,3203.0
2016-12-28 09:00:00,3175.0
2016-12-28 10:00:00,3234.0
2016-12-28 11:00:00,3782.0
2016-12-28 12:00:00,3758.0
2016-12-28 13:00:00,3861.0
2016-12-28 14:00:00,4369.0
2016-12-28 15:00:00,4073.0
2016-12-28 16:00:00,3432.0
2016-12-28 17:00:00,3879.0
2016-12-28 18:00:00,4187.0
2016-12-28 19:00:00,4233.0
2016-12-28 20:00:00,4135.0
2016-12-28 21:00:00,4192.0
2016-12-28 22:00:00,4082.0
2016-12-28 23:00:00,4038.0
2016-12-29 00:00:00,4060.0
2016-12-29 01:00:00,4015.0
2016-12-29 02:00:00,3912.0
2016-12-29 03:00:00,3796.0
2016-12-29 04:00:00,3658.0
2016-12-29 05:00:00,3532.0
2016-12-29 06:00:00,3429.0
2016-12-29 07:00:00,3381.0
2016-12-29 08:00:00,3206.0
2016-12-29 09:00:00,3183.0
2016-12-29 10:00:00,3185.0
2016-12-29 11:00:00,3321.0
2016-12-29 12:00:00,3393.0
2016-12-29 13:00:00,3552.0
2016-12-29 14:00:00,3555.0
2016-12-29 15:00:00,3661.0
2016-12-29 16:00:00,3611.0
2016-12-29 17:00:00,3664.0
2016-12-29 18:00:00,3594.0
2016-12-29 19:00:00,3524.0
2016-12-29 20:00:00,3523.0
2016-12-29 21:00:00,3575.0
2016-12-29 22:00:00,3541.0
2016-12-29 23:00:00,3660.0
2016-12-30 00:00:00,3610.0
2016-12-30 01:00:00,3635.0
2016-12-30 02:00:00,3473.0
2016-12-30 03:00:00,3464.0
2016-12-30 04:00:00,3288.0
2016-12-30 05:00:00,3256.0
2016-12-30 06:00:00,3072.0
2016-12-30 07:00:00,3064.0
2016-12-30 08:00:00,3013.0
2016-12-30 09:00:00,3065.0
2016-12-30 10:00:00,2992.0
2016-12-30 11:00:00,3177.0
2016-12-30 12:00:00,3239.0
2016-12-30 13:00:00,3245.0
2016-12-30 14:00:00,3238.0
2016-12-30 15:00:00,3389.0
2016-12-30 16:00:00,3506.0
2016-12-30 17:00:00,3424.0
2016-12-30 18:00:00,3403.0
2016-12-30 19:00:00,3383.0
2016-12-30 20:00:00,3354.0
2016-12-30 21:00:00,3259.0
2016-12-30 22:00:00,3217.0
2016-12-30 23:00:00,3177.0
2016-12-31 00:00:00,3185.0
2016-12-31 01:00:00,3086.0
2016-12-31 02:00:00,3049.0
2016-12-31 03:00:00,3060.0
2016-12-31 04:00:00,2985.0
2016-12-31 05:00:00,2943.0
2016-12-31 06:00:00,2893.0
2016-12-31 07:00:00,2951.0
2016-12-31 08:00:00,2948.0
2016-12-31 09:00:00,3270.0
2016-12-31 10:00:00,3349.0
2016-12-31 11:00:00,3724.0
2016-12-31 12:00:00,3829.0
2016-12-31 13:00:00,4040.0
2016-12-31 14:00:00,4198.0
2016-12-31 15:00:00,4309.0
2016-12-31 16:00:00,4450.0
2016-12-31 17:00:00,4568.0
2016-12-31 18:00:00,4664.0
2016-12-31 19:00:00,4502.0
2016-12-31 20:00:00,4394.0
2016-12-31 21:00:00,4153.0
2016-12-31 22:00:00,3975.0
2016-12-31 23:00:00,4170.0
2017-01-01 00:00:00,4157.0
2017-01-01 01:00:00,4240.0
2017-01-01 02:00:00,4028.0
2017-01-01 03:00:00,3923.0
2017-01-01 04:00:00,3747.0
2017-01-01 05:00:00,3455.0
2017-01-01 06:00:00,3292.0
2017-01-01 07:00:00,3287.0
2017-01-01 08:00:00,3337.0
2017-01-01 09:00:00,3412.0
2017-01-01 10:00:00,3530.0
2017-01-01 11:00:00,4013.0
2017-01-01 12:00:00,4203.0
2017-01-01 13:00:00,4371.0
2017-01-01 14:00:00,4563.0
2017-01-01 15:00:00,4611.0
2017-01-01 16:00:00,4647.0
2017-01-01 17:00:00,4789.0
2017-01-01 18:00:00,4748.0
2017-01-01 19:00:00,4763.0
2017-01-01 20:00:00,4695.0
2017-01-01 21:00:00,4559.0
2017-01-01 22:00:00,4233.0
2017-01-01 23:00:00,4210.0
2017-01-02 00:00:00,4310.0
2017-01-02 01:00:00,4343.0
2017-01-02 02:00:00,4120.0
2017-01-02 03:00:00,4096.0
2017-01-02 04:00:00,3818.0
2017-01-02 05:00:00,3675.0
2017-01-02 06:00:00,3523.0
2017-01-02 07:00:00,3313.0
2017-01-02 08:00:00,3478.0
2017-01-02 09:00:00,3569.0
2017-01-02 10:00:00,3594.0
2017-01-02 11:00:00,4047.0
2017-01-02 12:00:00,3958.0
2017-01-02 13:00:00,4138.0
2017-01-02 14:00:00,4282.0
2017-01-02 15:00:00,4272.0
2017-01-02 16:00:00,4199.0
2017-01-02 17:00:00,4384.0
2017-01-02 18:00:00,4298.0
2017-01-02 19:00:00,4282.0
2017-01-02 20:00:00,4202.0
2017-01-02 21:00:00,3982.0
2017-01-02 22:00:00,4005.0
2017-01-02 23:00:00,4082.0
2017-01-03 00:00:00,3999.0
2017-01-03 01:00:00,3890.0
2017-01-03 02:00:00,3859.0
2017-01-03 03:00:00,3795.0
2017-01-03 04:00:00,3626.0
2017-01-03 05:00:00,3498.0
2017-01-03 06:00:00,3303.0
2017-01-03 07:00:00,3149.0
2017-01-03 08:00:00,3250.0
2017-01-03 09:00:00,3426.0
2017-01-03 10:00:00,3441.0
2017-01-03 11:00:00,3711.0
2017-01-03 12:00:00,3845.0
2017-01-03 13:00:00,3819.0
2017-01-03 14:00:00,4079.0
2017-01-03 15:00:00,4164.0
2017-01-03 16:00:00,4112.0
2017-01-03 17:00:00,4266.0
2017-01-03 18:00:00,4232.0
2017-01-03 19:00:00,4220.0
2017-01-03 20:00:00,4127.0
2017-01-03 21:00:00,4096.0
2017-01-03 22:00:00,3895.0
2017-01-03 23:00:00,4056.0
2017-01-04 00:00:00,3928.0
2017-01-04 01:00:00,3953.0
2017-01-04 02:00:00,3867.0
2017-01-04 03:00:00,3829.0
2017-01-04 04:00:00,3671.0
2017-01-04 05:00:00,3506.0
2017-01-04 06:00:00,3307.0
2017-01-04 07:00:00,3226.0
2017-01-04 08:00:00,3277.0
2017-01-04 09:00:00,3383.0
2017-01-04 10:00:00,3365.0
2017-01-04 11:00:00,3741.0
2017-01-04 12:00:00,3850.0
2017-01-04 13:00:00,3901.0
2017-01-04 14:00:00,4151.0
2017-01-04 15:00:00,4331.0
2017-01-04 16:00:00,4364.0
2017-01-04 17:00:00,4474.0
2017-01-04 18:00:00,4463.0
2017-01-04 19:00:00,4297.0
2017-01-04 20:00:00,4276.0
2017-01-04 21:00:00,4310.0
2017-01-04 22:00:00,4174.0
2017-01-04 23:00:00,4333.0
2017-01-05 00:00:00,4115.0
2017-01-05 01:00:00,4157.0
2017-01-05 02:00:00,3917.0
2017-01-05 03:00:00,3862.0
2017-01-05 04:00:00,3714.0
2017-01-05 05:00:00,3535.0
2017-01-05 06:00:00,3470.0
2017-01-05 07:00:00,3404.0
2017-01-05 08:00:00,3299.0
2017-01-05 09:00:00,3561.0
2017-01-05 10:00:00,3493.0
2017-01-05 11:00:00,3719.0
2017-01-05 12:00:00,3537.0
2017-01-05 13:00:00,3535.0
2017-01-05 14:00:00,3687.0
2017-01-05 15:00:00,3669.0
2017-01-05 16:00:00,3611.0
2017-01-05 17:00:00,3757.0
2017-01-05 18:00:00,3871.0
2017-01-05 19:00:00,3839.0
2017-01-05 20:00:00,3707.0
2017-01-05 21:00:00,3791.0
2017-01-05 22:00:00,3760.0
2017-01-05 23:00:00,3731.0
2017-01-06 00:00:00,3771.0
2017-01-06 01:00:00,3824.0
2017-01-06 02:00:00,3770.0
2017-01-06 03:00:00,3650.0
2017-01-06 04:00:00,3496.0
2017-01-06 05:00:00,3416.0
2017-01-06 06:00:00,3203.0
2017-01-06 07:00:00,3097.0
2017-01-06 08:00:00,3073.0
2017-01-06 09:00:00,3035.0
2017-01-06 10:00:00,2986.0
2017-01-06 11:00:00,3076.0
2017-01-06 12:00:00,3170.0
2017-01-06 13:00:00,3254.0
2017-01-06 14:00:00,3485.0
2017-01-06 15:00:00,3523.0
2017-01-06 16:00:00,3542.0
2017-01-06 17:00:00,3594.0
2017-01-06 18:00:00,3669.0
2017-01-06 19:00:00,3495.0
2017-01-06 20:00:00,3483.0
2017-01-06 21:00:00,3467.0
2017-01-06 22:00:00,3299.0
2017-01-06 23:00:00,3238.0
2017-01-07 00:00:00,3177.0
2017-01-07 01:00:00,3137.0
2017-01-07 02:00:00,3188.0
2017-01-07 03:00:00,3112.0
2017-01-07 04:00:00,3061.0
2017-01-07 05:00:00,3005.0
2017-01-07 06:00:00,3029.0
2017-01-07 07:00:00,3017.0
2017-01-07 08:00:00,3025.0
2017-01-07 09:00:00,3206.0
2017-01-07 10:00:00,3292.0
2017-01-07 11:00:00,3767.0
2017-01-07 12:00:00,3931.0
2017-01-07 13:00:00,4043.0
2017-01-07 14:00:00,4106.0
2017-01-07 15:00:00,4156.0
2017-01-07 16:00:00,4087.0
2017-01-07 17:00:00,4266.0
2017-01-07 18:00:00,4357.0
2017-01-07 19:00:00,4374.0
2017-01-07 20:00:00,4245.0
2017-01-07 21:00:00,4165.0
2017-01-07 22:00:00,3902.0
2017-01-07 23:00:00,3996.0
2017-01-08 00:00:00,4008.0
2017-01-08 01:00:00,4036.0
2017-01-08 02:00:00,3933.0
2017-01-08 03:00:00,3787.0
2017-01-08 04:00:00,3615.0
2017-01-08 05:00:00,3408.0
2017-01-08 06:00:00,3253.0
2017-01-08 07:00:00,3330.0
2017-01-08 08:00:00,3308.0
2017-01-08 09:00:00,3396.0
2017-01-08 10:00:00,3461.0
2017-01-08 11:00:00,3822.0
2017-01-08 12:00:00,3917.0
2017-01-08 13:00:00,4121.0
2017-01-08 14:00:00,4204.0
2017-01-08 15:00:00,4198.0
2017-01-08 16:00:00,4164.0
2017-01-08 17:00:00,4299.0
2017-01-08 18:00:00,4441.0
2017-01-08 19:00:00,4401.0
2017-01-08 20:00:00,4138.0
2017-01-08 21:00:00,3954.0
2017-01-08 22:00:00,3885.0
2017-01-08 23:00:00,4004.0
2017-01-09 00:00:00,3988.0
2017-01-09 01:00:00,4036.0
2017-01-09 02:00:00,3918.0
2017-01-09 03:00:00,3768.0
2017-01-09 04:00:00,3547.0
2017-01-09 05:00:00,3367.0
2017-01-09 06:00:00,3293.0
2017-01-09 07:00:00,3250.0
2017-01-09 08:00:00,3232.0
2017-01-09 09:00:00,3262.0
2017-01-09 10:00:00,3313.0
2017-01-09 11:00:00,3586.0
2017-01-09 12:00:00,3747.0
2017-01-09 13:00:00,3980.0
2017-01-09 14:00:00,3932.0
2017-01-09 15:00:00,4128.0
2017-01-09 16:00:00,4202.0
2017-01-09 17:00:00,4258.0
2017-01-09 18:00:00,4231.0
2017-01-09 19:00:00,4186.0
2017-01-09 20:00:00,4039.0
2017-01-09 21:00:00,4019.0
2017-01-09 22:00:00,3932.0
2017-01-09 23:00:00,4045.0
2017-01-10 00:00:00,4061.0
2017-01-10 01:00:00,3852.0
2017-01-10 02:00:00,3811.0
2017-01-10 03:00:00,3744.0
2017-01-10 04:00:00,3389.0
2017-01-10 05:00:00,3293.0
2017-01-10 06:00:00,3285.0
2017-01-10 07:00:00,3167.0
2017-01-10 08:00:00,3211.0
2017-01-10 09:00:00,3200.0
2017-01-10 10:00:00,3337.0
2017-01-10 11:00:00,3818.0
2017-01-10 12:00:00,3958.0
2017-01-10 13:00:00,4193.0
2017-01-10 14:00:00,4415.0
2017-01-10 15:00:00,4440.0
2017-01-10 16:00:00,4353.0
2017-01-10 17:00:00,4457.0
2017-01-10 18:00:00,4498.0
2017-01-10 19:00:00,4581.0
2017-01-10 20:00:00,4207.0
2017-01-10 21:00:00,4064.0
2017-01-10 22:00:00,3946.0
2017-01-10 23:00:00,4083.0
2017-01-11 00:00:00,4079.0
2017-01-11 01:00:00,4045.0
2017-01-11 02:00:00,3947.0
2017-01-11 03:00:00,3795.0
2017-01-11 04:00:00,3603.0
2017-01-11 05:00:00,3454.0
2017-01-11 06:00:00,3356.0
2017-01-11 07:00:00,3268.0
2017-01-11 08:00:00,3232.0
2017-01-11 09:00:00,3258.0
2017-01-11 10:00:00,3453.0
2017-01-11 11:00:00,3920.0
2017-01-11 12:00:00,4113.0
2017-01-11 13:00:00,4350.0
2017-01-11 14:00:00,4545.0
2017-01-11 15:00:00,4567.0
2017-01-11 16:00:00,4462.0
2017-01-11 17:00:00,4779.0
2017-01-11 18:00:00,4690.0
2017-01-11 19:00:00,4777.0
2017-01-11 20:00:00,4515.0
2017-01-11 21:00:00,4320.0
2017-01-11 22:00:00,4378.0
2017-01-11 23:00:00,4455.0
2017-01-12 00:00:00,4356.0
2017-01-12 01:00:00,4509.0
2017-01-12 02:00:00,4303.0
2017-01-12 03:00:00,3980.0
2017-01-12 04:00:00,3814.0
2017-01-12 05:00:00,3540.0
2017-01-12 06:00:00,3459.0
2017-01-12 07:00:00,3412.0
2017-01-12 08:00:00,3211.0
2017-01-12 09:00:00,3341.0
2017-01-12 10:00:00,3328.0
2017-01-12 11:00:00,3579.0
2017-01-12 12:00:00,3653.0
2017-01-12 13:00:00,3581.0
2017-01-12 14:00:00,3856.0
2017-01-12 15:00:00,3841.0
2017-01-12 16:00:00,3835.0
2017-01-12 17:00:00,4017.0
2017-01-12 18:00:00,3918.0
2017-01-12 19:00:00,4055.0
2017-01-12 20:00:00,3803.0
2017-01-12 21:00:00,3763.0
2017-01-12 22:00:00,3712.0
2017-01-12 23:00:00,3710.0
2017-01-13 00:00:00,3824.0
2017-01-13 01:00:00,3828.0
2017-01-13 02:00:00,3640.0
2017-01-13 03:00:00,3541.0
2017-01-13 04:00:00,3540.0
2017-01-13 05:00:00,3359.0
2017-01-13 06:00:00,3272.0
2017-01-13 07:00:00,3258.0
2017-01-13 08:00:00,3033.0
2017-01-13 09:00:00,2910.0
2017-01-13 10:00:00,2868.0
2017-01-13 11:00:00,3035.0
2017-01-13 12:00:00,3173.0
2017-01-13 13:00:00,3337.0
2017-01-13 14:00:00,3378.0
2017-01-13 15:00:00,3453.0
2017-01-13 16:00:00,3605.0
2017-01-13 17:00:00,3563.0
2017-01-13 18:00:00,3556.0
2017-01-13 19:00:00,3587.0
2017-01-13 20:00:00,3484.0
2017-01-13 21:00:00,3430.0
2017-01-13 22:00:00,3387.0
2017-01-13 23:00:00,3372.0
2017-01-14 00:00:00,3285.0
2017-01-14 01:00:00,3193.0
2017-01-14 02:00:00,3198.0
2017-01-14 03:00:00,3209.0
2017-01-14 04:00:00,3165.0
2017-01-14 05:00:00,3114.0
2017-01-14 06:00:00,3097.0
2017-01-14 07:00:00,3092.0
2017-01-14 08:00:00,3147.0
2017-01-14 09:00:00,3094.0
2017-01-14 10:00:00,3269.0
2017-01-14 11:00:00,3894.0
2017-01-14 12:00:00,4271.0
2017-01-14 13:00:00,4691.0
2017-01-14 14:00:00,4945.0
2017-01-14 15:00:00,4943.0
2017-01-14 16:00:00,4934.0
2017-01-14 17:00:00,5050.0
2017-01-14 18:00:00,5274.0
2017-01-14 19:00:00,4998.0
2017-01-14 20:00:00,4912.0
2017-01-14 21:00:00,4860.0
2017-01-14 22:00:00,4762.0
2017-01-14 23:00:00,4925.0
2017-01-15 00:00:00,5020.0
2017-01-15 01:00:00,5033.0
2017-01-15 02:00:00,4818.0
2017-01-15 03:00:00,4594.0
2017-01-15 04:00:00,4389.0
2017-01-15 05:00:00,4032.0
2017-01-15 06:00:00,4043.0
2017-01-15 07:00:00,3958.0
2017-01-15 08:00:00,3721.0
2017-01-15 09:00:00,3582.0
2017-01-15 10:00:00,3886.0
2017-01-15 11:00:00,4325.0
2017-01-15 12:00:00,5015.0
2017-01-15 13:00:00,5025.0
2017-01-15 14:00:00,4963.0
2017-01-15 15:00:00,4885.0
2017-01-15 16:00:00,4886.0
2017-01-15 17:00:00,4962.0
2017-01-15 18:00:00,5031.0
2017-01-15 19:00:00,5034.0
2017-01-15 20:00:00,5173.0
2017-01-15 21:00:00,4911.0
2017-01-15 22:00:00,4878.0
2017-01-15 23:00:00,5029.0
2017-01-16 00:00:00,5047.0
2017-01-16 01:00:00,5197.0
2017-01-16 02:00:00,5023.0
2017-01-16 03:00:00,4772.0
2017-01-16 04:00:00,4631.0
2017-01-16 05:00:00,4436.0
2017-01-16 06:00:00,4316.0
2017-01-16 07:00:00,4050.0
2017-01-16 08:00:00,3807.0
2017-01-16 09:00:00,3857.0
2017-01-16 10:00:00,3989.0
2017-01-16 11:00:00,4566.0
2017-01-16 12:00:00,4944.0
2017-01-16 13:00:00,4971.0
2017-01-16 14:00:00,4970.0
2017-01-16 15:00:00,4997.0
2017-01-16 16:00:00,4879.0
2017-01-16 17:00:00,4807.0
2017-01-16 18:00:00,5238.0
2017-01-16 19:00:00,5257.0
2017-01-16 20:00:00,5203.0
2017-01-16 21:00:00,4902.0
2017-01-16 22:00:00,4694.0
2017-01-16 23:00:00,4765.0
2017-01-17 00:00:00,4696.0
2017-01-17 01:00:00,4681.0
2017-01-17 02:00:00,4295.0
2017-01-17 03:00:00,4104.0
2017-01-17 04:00:00,3878.0
2017-01-17 05:00:00,3750.0
2017-01-17 06:00:00,3620.0
2017-01-17 07:00:00,3413.0
2017-01-17 08:00:00,3461.0
2017-01-17 09:00:00,3596.0
2017-01-17 10:00:00,3733.0
2017-01-17 11:00:00,4257.0
2017-01-17 12:00:00,4304.0
2017-01-17 13:00:00,4651.0
2017-01-17 14:00:00,4944.0
2017-01-17 15:00:00,5067.0
2017-01-17 16:00:00,5050.0
2017-01-17 17:00:00,5288.0
2017-01-17 18:00:00,5159.0
2017-01-17 19:00:00,5077.0
2017-01-17 20:00:00,5102.0
2017-01-17 21:00:00,4948.0
2017-01-17 22:00:00,4610.0
2017-01-17 23:00:00,4624.0
2017-01-18 00:00:00,4592.0
2017-01-18 01:00:00,4441.0
2017-01-18 02:00:00,4315.0
2017-01-18 03:00:00,4161.0
2017-01-18 04:00:00,3780.0
2017-01-18 05:00:00,3680.0
2017-01-18 06:00:00,3591.0
2017-01-18 07:00:00,3491.0
2017-01-18 08:00:00,3506.0
2017-01-18 09:00:00,3570.0
2017-01-18 10:00:00,3694.0
2017-01-18 11:00:00,4110.0
2017-01-18 12:00:00,4316.0
2017-01-18 13:00:00,4589.0
2017-01-18 14:00:00,4790.0
2017-01-18 15:00:00,4779.0
2017-01-18 16:00:00,4710.0
2017-01-18 17:00:00,4908.0
2017-01-18 18:00:00,5035.0
2017-01-18 19:00:00,4849.0
2017-01-18 20:00:00,4821.0
2017-01-18 21:00:00,4733.0
2017-01-18 22:00:00,4488.0
2017-01-18 23:00:00,4529.0
2017-01-19 00:00:00,4560.0
2017-01-19 01:00:00,4512.0
2017-01-19 02:00:00,4342.0
2017-01-19 03:00:00,4213.0
2017-01-19 04:00:00,4005.0
2017-01-19 05:00:00,3870.0
2017-01-19 06:00:00,3703.0
2017-01-19 07:00:00,3657.0
2017-01-19 08:00:00,3663.0
2017-01-19 09:00:00,3716.0
2017-01-19 10:00:00,3673.0
2017-01-19 11:00:00,3888.0
2017-01-19 12:00:00,3891.0
2017-01-19 13:00:00,4120.0
2017-01-19 14:00:00,4143.0
2017-01-19 15:00:00,4328.0
2017-01-19 16:00:00,4209.0
2017-01-19 17:00:00,4277.0
2017-01-19 18:00:00,4393.0
2017-01-19 19:00:00,4534.0
2017-01-19 20:00:00,4502.0
2017-01-19 21:00:00,4351.0
2017-01-19 22:00:00,4305.0
2017-01-19 23:00:00,4286.0
2017-01-20 00:00:00,4305.0
2017-01-20 01:00:00,4368.0
2017-01-20 02:00:00,4317.0
2017-01-20 03:00:00,4157.0
2017-01-20 04:00:00,3912.0
2017-01-20 05:00:00,3892.0
2017-01-20 06:00:00,3695.0
2017-01-20 07:00:00,3522.0
2017-01-20 08:00:00,3402.0
2017-01-20 09:00:00,3381.0
2017-01-20 10:00:00,3303.0
2017-01-20 11:00:00,3595.0
2017-01-20 12:00:00,3670.0
2017-01-20 13:00:00,3868.0
2017-01-20 14:00:00,3949.0
2017-01-20 15:00:00,4072.0
2017-01-20 16:00:00,3978.0
2017-01-20 17:00:00,4036.0
2017-01-20 18:00:00,4060.0
2017-01-20 19:00:00,3918.0
2017-01-20 20:00:00,3802.0
2017-01-20 21:00:00,3804.0
2017-01-20 22:00:00,3613.0
2017-01-20 23:00:00,3536.0
2017-01-21 00:00:00,3514.0
2017-01-21 01:00:00,3448.0
2017-01-21 02:00:00,3438.0
2017-01-21 03:00:00,3448.0
2017-01-21 04:00:00,3354.0
2017-01-21 05:00:00,3335.0
2017-01-21 06:00:00,3348.0
2017-01-21 07:00:00,3368.0
2017-01-21 08:00:00,3418.0
2017-01-21 09:00:00,3411.0
2017-01-21 10:00:00,3477.0
2017-01-21 11:00:00,3959.0
2017-01-21 12:00:00,4240.0
2017-01-21 13:00:00,4553.0
2017-01-21 14:00:00,4647.0
2017-01-21 15:00:00,4758.0
2017-01-21 16:00:00,4871.0
2017-01-21 17:00:00,5080.0
2017-01-21 18:00:00,5232.0
2017-01-21 19:00:00,5203.0
2017-01-21 20:00:00,5093.0
2017-01-21 21:00:00,4858.0
2017-01-21 22:00:00,4628.0
2017-01-21 23:00:00,4362.0
2017-01-22 00:00:00,4518.0
2017-01-22 01:00:00,4475.0
2017-01-22 02:00:00,4333.0
2017-01-22 03:00:00,4204.0
2017-01-22 04:00:00,3942.0
2017-01-22 05:00:00,3848.0
2017-01-22 06:00:00,3613.0
2017-01-22 07:00:00,3521.0
2017-01-22 08:00:00,3435.0
2017-01-22 09:00:00,3596.0
2017-01-22 10:00:00,3648.0
2017-01-22 11:00:00,4085.0
2017-01-22 12:00:00,4231.0
2017-01-22 13:00:00,4350.0
2017-01-22 14:00:00,4705.0
2017-01-22 15:00:00,4720.0
2017-01-22 16:00:00,4701.0
2017-01-22 17:00:00,4885.0
2017-01-22 18:00:00,5031.0
2017-01-22 19:00:00,5236.0
2017-01-22 20:00:00,5209.0
2017-01-22 21:00:00,5046.0
2017-01-22 22:00:00,4925.0
2017-01-22 23:00:00,4855.0
2017-01-23 00:00:00,4832.0
2017-01-23 01:00:00,4715.0
2017-01-23 02:00:00,4286.0
2017-01-23 03:00:00,4225.0
2017-01-23 04:00:00,4020.0
2017-01-23 05:00:00,3794.0
2017-01-23 06:00:00,3669.0
2017-01-23 07:00:00,3627.0
2017-01-23 08:00:00,3547.0
2017-01-23 09:00:00,3643.0
2017-01-23 10:00:00,3710.0
2017-01-23 11:00:00,4278.0
2017-01-23 12:00:00,4551.0
2017-01-23 13:00:00,4683.0
2017-01-23 14:00:00,4934.0
2017-01-23 15:00:00,4952.0
2017-01-23 16:00:00,4997.0
2017-01-23 17:00:00,4999.0
2017-01-23 18:00:00,5221.0
2017-01-23 19:00:00,5455.0
2017-01-23 20:00:00,5313.0
2017-01-23 21:00:00,5116.0
2017-01-23 22:00:00,4858.0
2017-01-23 23:00:00,4601.0
2017-01-24 00:00:00,4548.0
2017-01-24 01:00:00,4427.0
2017-01-24 02:00:00,4313.0
2017-01-24 03:00:00,4245.0
2017-01-24 04:00:00,4038.0
2017-01-24 05:00:00,3871.0
2017-01-24 06:00:00,3695.0
2017-01-24 07:00:00,3633.0
2017-01-24 08:00:00,3567.0
2017-01-24 09:00:00,3704.0
2017-01-24 10:00:00,3767.0
2017-01-24 11:00:00,4223.0
2017-01-24 12:00:00,4474.0
2017-01-24 13:00:00,4475.0
2017-01-24 14:00:00,4673.0
2017-01-24 15:00:00,4833.0
2017-01-24 16:00:00,4897.0
2017-01-24 17:00:00,5144.0
2017-01-24 18:00:00,5327.0
2017-01-24 19:00:00,5366.0
2017-01-24 20:00:00,5236.0
2017-01-24 21:00:00,5151.0
2017-01-24 22:00:00,4872.0
2017-01-24 23:00:00,4637.0
2017-01-25 00:00:00,4686.0
2017-01-25 01:00:00,4709.0
2017-01-25 02:00:00,4449.0
2017-01-25 03:00:00,4353.0
2017-01-25 04:00:00,4154.0
2017-01-25 05:00:00,3936.0
2017-01-25 06:00:00,3850.0
2017-01-25 07:00:00,3650.0
2017-01-25 08:00:00,3609.0
2017-01-25 09:00:00,3722.0
2017-01-25 10:00:00,3905.0
2017-01-25 11:00:00,4203.0
2017-01-25 12:00:00,4431.0
2017-01-25 13:00:00,4282.0
2017-01-25 14:00:00,4376.0
2017-01-25 15:00:00,4534.0
2017-01-25 16:00:00,4718.0
2017-01-25 17:00:00,4969.0
2017-01-25 18:00:00,4991.0
2017-01-25 19:00:00,5086.0
2017-01-25 20:00:00,5068.0
2017-01-25 21:00:00,4978.0
2017-01-25 22:00:00,4753.0
2017-01-25 23:00:00,4587.0
2017-01-26 00:00:00,4629.0
2017-01-26 01:00:00,4639.0
2017-01-26 02:00:00,4417.0
2017-01-26 03:00:00,4354.0
2017-01-26 04:00:00,4077.0
2017-01-26 05:00:00,3975.0
2017-01-26 06:00:00,3825.0
2017-01-26 07:00:00,3761.0
2017-01-26 08:00:00,3639.0
2017-01-26 09:00:00,3653.0
2017-01-26 10:00:00,3762.0
2017-01-26 11:00:00,3845.0
2017-01-26 12:00:00,3765.0
2017-01-26 13:00:00,3850.0
2017-01-26 14:00:00,3940.0
2017-01-26 15:00:00,4072.0
2017-01-26 16:00:00,4182.0
2017-01-26 17:00:00,4326.0
2017-01-26 18:00:00,4319.0
2017-01-26 19:00:00,4541.0
2017-01-26 20:00:00,4616.0
2017-01-26 21:00:00,4564.0
2017-01-26 22:00:00,4303.0
2017-01-26 23:00:00,4458.0
2017-01-27 00:00:00,4303.0
2017-01-27 01:00:00,4306.0
2017-01-27 02:00:00,4127.0
2017-01-27 03:00:00,3936.0
2017-01-27 04:00:00,3872.0
2017-01-27 05:00:00,3639.0
2017-01-27 06:00:00,3517.0
2017-01-27 07:00:00,3430.0
2017-01-27 08:00:00,3284.0
2017-01-27 09:00:00,3309.0
2017-01-27 10:00:00,3177.0
2017-01-27 11:00:00,3312.0
2017-01-27 12:00:00,3360.0
2017-01-27 13:00:00,3508.0
2017-01-27 14:00:00,3640.0
2017-01-27 15:00:00,3837.0
2017-01-27 16:00:00,3909.0
2017-01-27 17:00:00,3853.0
2017-01-27 18:00:00,3897.0
2017-01-27 19:00:00,3850.0
2017-01-27 20:00:00,3627.0
2017-01-27 21:00:00,3667.0
2017-01-27 22:00:00,3411.0
2017-01-27 23:00:00,3444.0
2017-01-28 00:00:00,3389.0
2017-01-28 01:00:00,3274.0
2017-01-28 02:00:00,3286.0
2017-01-28 03:00:00,3293.0
2017-01-28 04:00:00,3237.0
2017-01-28 05:00:00,3218.0
2017-01-28 06:00:00,3148.0
2017-01-28 07:00:00,3126.0
2017-01-28 08:00:00,3184.0
2017-01-28 09:00:00,3296.0
2017-01-28 10:00:00,3402.0
2017-01-28 11:00:00,3825.0
2017-01-28 12:00:00,3952.0
2017-01-28 13:00:00,4243.0
2017-01-28 14:00:00,4408.0
2017-01-28 15:00:00,4551.0
2017-01-28 16:00:00,4585.0
2017-01-28 17:00:00,4864.0
2017-01-28 18:00:00,4934.0
2017-01-28 19:00:00,4799.0
2017-01-28 20:00:00,5003.0
2017-01-28 21:00:00,4832.0
2017-01-28 22:00:00,4459.0
2017-01-28 23:00:00,4410.0
2017-01-29 00:00:00,4403.0
2017-01-29 01:00:00,4363.0
2017-01-29 02:00:00,4167.0
2017-01-29 03:00:00,4002.0
2017-01-29 04:00:00,3765.0
2017-01-29 05:00:00,3574.0
2017-01-29 06:00:00,3529.0
2017-01-29 07:00:00,3406.0
2017-01-29 08:00:00,3475.0
2017-01-29 09:00:00,3456.0
2017-01-29 10:00:00,3572.0
2017-01-29 11:00:00,3913.0
2017-01-29 12:00:00,4015.0
2017-01-29 13:00:00,4238.0
2017-01-29 14:00:00,4563.0
2017-01-29 15:00:00,4684.0
2017-01-29 16:00:00,4809.0
2017-01-29 17:00:00,5205.0
2017-01-29 18:00:00,5213.0
2017-01-29 19:00:00,5053.0
2017-01-29 20:00:00,5192.0
2017-01-29 21:00:00,5017.0
2017-01-29 22:00:00,4685.0
2017-01-29 23:00:00,4623.0
2017-01-30 00:00:00,4573.0
2017-01-30 01:00:00,4575.0
2017-01-30 02:00:00,4244.0
2017-01-30 03:00:00,4093.0
2017-01-30 04:00:00,3988.0
2017-01-30 05:00:00,3742.0
2017-01-30 06:00:00,3603.0
2017-01-30 07:00:00,3571.0
2017-01-30 08:00:00,3500.0
2017-01-30 09:00:00,3532.0
2017-01-30 10:00:00,3687.0
2017-01-30 11:00:00,4096.0
2017-01-30 12:00:00,4233.0
2017-01-30 13:00:00,4389.0
2017-01-30 14:00:00,4544.0
2017-01-30 15:00:00,4540.0
2017-01-30 16:00:00,4769.0
2017-01-30 17:00:00,4850.0
2017-01-30 18:00:00,4815.0
2017-01-30 19:00:00,4985.0
2017-01-30 20:00:00,4939.0
2017-01-30 21:00:00,4818.0
2017-01-30 22:00:00,4707.0
2017-01-30 23:00:00,4674.0
2017-01-31 00:00:00,4623.0
2017-01-31 01:00:00,4632.0
2017-01-31 02:00:00,4499.0
2017-01-31 03:00:00,4393.0
2017-01-31 04:00:00,4304.0
2017-01-31 05:00:00,4122.0
2017-01-31 06:00:00,3919.0
2017-01-31 07:00:00,3825.0
2017-01-31 08:00:00,3705.0
2017-01-31 09:00:00,3688.0
2017-01-31 10:00:00,3901.0
2017-01-31 11:00:00,4214.0
2017-01-31 12:00:00,4341.0
2017-01-31 13:00:00,4534.0
2017-01-31 14:00:00,4666.0
2017-01-31 15:00:00,4769.0
2017-01-31 16:00:00,4729.0
2017-01-31 17:00:00,4904.0
2017-01-31 18:00:00,4828.0
2017-01-31 19:00:00,4741.0
2017-01-31 20:00:00,4874.0
2017-01-31 21:00:00,4712.0
2017-01-31 22:00:00,4448.0
2017-01-31 23:00:00,4389.0
2017-02-01 00:00:00,4387.0
2017-02-01 01:00:00,4319.0
2017-02-01 02:00:00,4239.0
2017-02-01 03:00:00,4094.0
2017-02-01 04:00:00,3904.0
2017-02-01 05:00:00,3753.0
2017-02-01 06:00:00,3688.0
2017-02-01 07:00:00,3659.0
2017-02-01 08:00:00,3583.0
2017-02-01 09:00:00,3544.0
2017-02-01 10:00:00,3632.0
2017-02-01 11:00:00,4127.0
2017-02-01 12:00:00,4347.0
2017-02-01 13:00:00,4458.0
2017-02-01 14:00:00,4788.0
2017-02-01 15:00:00,4795.0
2017-02-01 16:00:00,4801.0
2017-02-01 17:00:00,4984.0
2017-02-01 18:00:00,4873.0
2017-02-01 19:00:00,4853.0
2017-02-01 20:00:00,4911.0
2017-02-01 21:00:00,4759.0
2017-02-01 22:00:00,4442.0
2017-02-01 23:00:00,4511.0
2017-02-02 00:00:00,4681.0
2017-02-02 01:00:00,4577.0
2017-02-02 02:00:00,4368.0
2017-02-02 03:00:00,4191.0
2017-02-02 04:00:00,4012.0
2017-02-02 05:00:00,3951.0
2017-02-02 06:00:00,3751.0
2017-02-02 07:00:00,3748.0
2017-02-02 08:00:00,2540.0
2017-02-02 09:00:00,2750.0
2017-02-02 10:00:00,3501.0
2017-02-02 11:00:00,3739.0
2017-02-02 12:00:00,3811.0
2017-02-02 13:00:00,3995.0
2017-02-02 14:00:00,4085.0
2017-02-02 15:00:00,4214.0
2017-02-02 16:00:00,4028.0
2017-02-02 17:00:00,4028.0
2017-02-02 18:00:00,4087.0
2017-02-02 19:00:00,4459.0
2017-02-02 20:00:00,4502.0
2017-02-02 21:00:00,4392.0
2017-02-02 22:00:00,4206.0
2017-02-02 23:00:00,4295.0
2017-02-03 00:00:00,4239.0
2017-02-03 01:00:00,4160.0
2017-02-03 02:00:00,4010.0
2017-02-03 03:00:00,3995.0
2017-02-03 04:00:00,3958.0
2017-02-03 05:00:00,3806.0
2017-02-03 06:00:00,3717.0
2017-02-03 07:00:00,3523.0
2017-02-03 08:00:00,3389.0
2017-02-03 09:00:00,3387.0
2017-02-03 10:00:00,3372.0
2017-02-03 11:00:00,3505.0
2017-02-03 12:00:00,3472.0
2017-02-03 13:00:00,3486.0
2017-02-03 14:00:00,3645.0
2017-02-03 15:00:00,3753.0
2017-02-03 16:00:00,3651.0
2017-02-03 17:00:00,3640.0
2017-02-03 18:00:00,3634.0
2017-02-03 19:00:00,3559.0
2017-02-03 20:00:00,3469.0
2017-02-03 21:00:00,3539.0
2017-02-03 22:00:00,3430.0
2017-02-03 23:00:00,3370.0
2017-02-04 00:00:00,3300.0
2017-02-04 01:00:00,3349.0
2017-02-04 02:00:00,3252.0
2017-02-04 03:00:00,3242.0
2017-02-04 04:00:00,3263.0
2017-02-04 05:00:00,3163.0
2017-02-04 06:00:00,3235.0
2017-02-04 07:00:00,3295.0
2017-02-04 08:00:00,3235.0
2017-02-04 09:00:00,3360.0
2017-02-04 10:00:00,3496.0
2017-02-04 11:00:00,4035.0
2017-02-04 12:00:00,4124.0
2017-02-04 13:00:00,4301.0
2017-02-04 14:00:00,4471.0
2017-02-04 15:00:00,4595.0
2017-02-04 16:00:00,4464.0
2017-02-04 17:00:00,4638.0
2017-02-04 18:00:00,4848.0
2017-02-04 19:00:00,4770.0
2017-02-04 20:00:00,4800.0
2017-02-04 21:00:00,4669.0
2017-02-04 22:00:00,4273.0
2017-02-04 23:00:00,4237.0
2017-02-05 00:00:00,4404.0
2017-02-05 01:00:00,4252.0
2017-02-05 02:00:00,3999.0
2017-02-05 03:00:00,3972.0
2017-02-05 04:00:00,3844.0
2017-02-05 05:00:00,3650.0
2017-02-05 06:00:00,3525.0
2017-02-05 07:00:00,3471.0
2017-02-05 08:00:00,3379.0
2017-02-05 09:00:00,3443.0
2017-02-05 10:00:00,3506.0
2017-02-05 11:00:00,4052.0
2017-02-05 12:00:00,3775.0
2017-02-05 13:00:00,4213.0
2017-02-05 14:00:00,4544.0
2017-02-05 15:00:00,4690.0
2017-02-05 16:00:00,4552.0
2017-02-05 17:00:00,4773.0
2017-02-05 18:00:00,4963.0
2017-02-05 19:00:00,5121.0
2017-02-05 20:00:00,4883.0
2017-02-05 21:00:00,4561.0
2017-02-05 22:00:00,4734.0
2017-02-05 23:00:00,4754.0
2017-02-06 00:00:00,4781.0
2017-02-06 01:00:00,4896.0
2017-02-06 02:00:00,4486.0
2017-02-06 03:00:00,4247.0
2017-02-06 04:00:00,4075.0
2017-02-06 05:00:00,3913.0
2017-02-06 06:00:00,3710.0
2017-02-06 07:00:00,3540.0
2017-02-06 08:00:00,3389.0
2017-02-06 09:00:00,3587.0
2017-02-06 10:00:00,3740.0
2017-02-06 11:00:00,4064.0
2017-02-06 12:00:00,4200.0
2017-02-06 13:00:00,4312.0
2017-02-06 14:00:00,4549.0
2017-02-06 15:00:00,4815.0
2017-02-06 16:00:00,4827.0
2017-02-06 17:00:00,5156.0
2017-02-06 18:00:00,5136.0
2017-02-06 19:00:00,5163.0
2017-02-06 20:00:00,4987.0
2017-02-06 21:00:00,5047.0
2017-02-06 22:00:00,4941.0
2017-02-06 23:00:00,4792.0
2017-02-07 00:00:00,4756.0
2017-02-07 01:00:00,4775.0
2017-02-07 02:00:00,4391.0
2017-02-07 03:00:00,4339.0
2017-02-07 04:00:00,4151.0
2017-02-07 05:00:00,3982.0
2017-02-07 06:00:00,3866.0
2017-02-07 07:00:00,3698.0
2017-02-07 08:00:00,3576.0
2017-02-07 09:00:00,3701.0
2017-02-07 10:00:00,3782.0
2017-02-07 11:00:00,4265.0
2017-02-07 12:00:00,4416.0
2017-02-07 13:00:00,4591.0
2017-02-07 14:00:00,4871.0
2017-02-07 15:00:00,5100.0
2017-02-07 16:00:00,5313.0
2017-02-07 17:00:00,5315.0
2017-02-07 18:00:00,5047.0
2017-02-07 19:00:00,1188.0
2017-02-07 20:00:00,4367.0
2017-02-07 21:00:00,4473.0
2017-02-07 22:00:00,4097.0
2017-02-07 23:00:00,4255.0
2017-02-08 00:00:00,4209.0
2017-02-08 01:00:00,4060.0
2017-02-08 02:00:00,4115.0
2017-02-08 03:00:00,4061.0
2017-02-08 04:00:00,3809.0
2017-02-08 05:00:00,3666.0
2017-02-08 06:00:00,3571.0
2017-02-08 07:00:00,3559.0
2017-02-08 08:00:00,3620.0
2017-02-08 09:00:00,3656.0
2017-02-08 10:00:00,3678.0
2017-02-08 11:00:00,4387.0
2017-02-08 12:00:00,4685.0
2017-02-08 13:00:00,4802.0
2017-02-08 14:00:00,5069.0
2017-02-08 15:00:00,5370.0
2017-02-08 16:00:00,5315.0
2017-02-08 17:00:00,5227.0
2017-02-08 18:00:00,5202.0
2017-02-08 19:00:00,5189.0
2017-02-08 20:00:00,4231.0
2017-02-08 21:00:00,4165.0
2017-02-08 22:00:00,4057.0
2017-02-08 23:00:00,4162.0
2017-02-09 00:00:00,4296.0
2017-02-09 01:00:00,4175.0
2017-02-09 02:00:00,3986.0
2017-02-09 03:00:00,3961.0
2017-02-09 04:00:00,3725.0
2017-02-09 05:00:00,3535.0
2017-02-09 06:00:00,3400.0
2017-02-09 07:00:00,3361.0
2017-02-09 08:00:00,3453.0
2017-02-09 09:00:00,3303.0
2017-02-09 10:00:00,3327.0
2017-02-09 11:00:00,3570.0
2017-02-09 12:00:00,3477.0
2017-02-09 13:00:00,3522.0
2017-02-09 14:00:00,3603.0
2017-02-09 15:00:00,3870.0
2017-02-09 16:00:00,3883.0
2017-02-09 17:00:00,3940.0
2017-02-09 18:00:00,3953.0
2017-02-09 19:00:00,4067.0
2017-02-09 20:00:00,4286.0
2017-02-09 21:00:00,4161.0
2017-02-09 22:00:00,3920.0
2017-02-09 23:00:00,4007.0
2017-02-10 00:00:00,3894.0
2017-02-10 01:00:00,3825.0
2017-02-10 02:00:00,3707.0
2017-02-10 03:00:00,3672.0
2017-02-10 04:00:00,3486.0
2017-02-10 05:00:00,3391.0
2017-02-10 06:00:00,3235.0
2017-02-10 07:00:00,3127.0
2017-02-10 08:00:00,3099.0
2017-02-10 09:00:00,3059.0
2017-02-10 10:00:00,2869.0
2017-02-10 11:00:00,2964.0
2017-02-10 12:00:00,2735.0
2017-02-10 13:00:00,3172.0
2017-02-10 14:00:00,3237.0
2017-02-10 15:00:00,3339.0
2017-02-10 16:00:00,3359.0
2017-02-10 17:00:00,3404.0
2017-02-10 18:00:00,3341.0
2017-02-10 19:00:00,3341.0
2017-02-10 20:00:00,3207.0
2017-02-10 21:00:00,3227.0
2017-02-10 22:00:00,3075.0
2017-02-10 23:00:00,3040.0
2017-02-11 00:00:00,3039.0
2017-02-11 01:00:00,3016.0
2017-02-11 02:00:00,2885.0
2017-02-11 03:00:00,2940.0
2017-02-11 04:00:00,2890.0
2017-02-11 05:00:00,2825.0
2017-02-11 06:00:00,2933.0
2017-02-11 07:00:00,2894.0
2017-02-11 08:00:00,2897.0
2017-02-11 09:00:00,3055.0
2017-02-11 10:00:00,3302.0
2017-02-11 11:00:00,3683.0
2017-02-11 12:00:00,3783.0
2017-02-11 13:00:00,3978.0
2017-02-11 14:00:00,4219.0
2017-02-11 15:00:00,4222.0
2017-02-11 16:00:00,4273.0
2017-02-11 17:00:00,4387.0
2017-02-11 18:00:00,4465.0
2017-02-11 19:00:00,4404.0
2017-02-11 20:00:00,4366.0
2017-02-11 21:00:00,4348.0
2017-02-11 22:00:00,4210.0
2017-02-11 23:00:00,4327.0
2017-02-12 00:00:00,4196.0
2017-02-12 01:00:00,4249.0
2017-02-12 02:00:00,3924.0
2017-02-12 03:00:00,3849.0
2017-02-12 04:00:00,3703.0
2017-02-12 05:00:00,3524.0
2017-02-12 06:00:00,3442.0
2017-02-12 07:00:00,3343.0
2017-02-12 08:00:00,3204.0
2017-02-12 09:00:00,3338.0
2017-02-12 10:00:00,3355.0
2017-02-12 11:00:00,3863.0
2017-02-12 12:00:00,3974.0
2017-02-12 13:00:00,4186.0
2017-02-12 14:00:00,4389.0
2017-02-12 15:00:00,4480.0
2017-02-12 16:00:00,4468.0
2017-02-12 17:00:00,4575.0
2017-02-12 18:00:00,4461.0
2017-02-12 19:00:00,4444.0
2017-02-12 20:00:00,4432.0
2017-02-12 21:00:00,4425.0
2017-02-12 22:00:00,4249.0
2017-02-12 23:00:00,4343.0
2017-02-13 00:00:00,4403.0
2017-02-13 01:00:00,4400.0
2017-02-13 02:00:00,4324.0
2017-02-13 03:00:00,4275.0
2017-02-13 04:00:00,3998.0
2017-02-13 05:00:00,3790.0
2017-02-13 06:00:00,3418.0
2017-02-13 07:00:00,3370.0
2017-02-13 08:00:00,3246.0
2017-02-13 09:00:00,3307.0
2017-02-13 10:00:00,3341.0
2017-02-13 11:00:00,3441.0
2017-02-13 12:00:00,3478.0
2017-02-13 13:00:00,3546.0
2017-02-13 14:00:00,3621.0
2017-02-13 15:00:00,3785.0
2017-02-13 16:00:00,3600.0
2017-02-13 17:00:00,3794.0
2017-02-13 18:00:00,3787.0
2017-02-13 19:00:00,3865.0
2017-02-13 20:00:00,4032.0
2017-02-13 21:00:00,4083.0
2017-02-13 22:00:00,3697.0
2017-02-13 23:00:00,3759.0
2017-02-14 00:00:00,3848.0
2017-02-14 01:00:00,3908.0
2017-02-14 02:00:00,3746.0
2017-02-14 03:00:00,3653.0
2017-02-14 04:00:00,3425.0
2017-02-14 05:00:00,3277.0
2017-02-14 06:00:00,3199.0
2017-02-14 07:00:00,3263.0
2017-02-14 08:00:00,3191.0
2017-02-14 09:00:00,3241.0
2017-02-14 10:00:00,3308.0
2017-02-14 11:00:00,3583.0
2017-02-14 12:00:00,3644.0
2017-02-14 13:00:00,3754.0
2017-02-14 14:00:00,4021.0
2017-02-14 15:00:00,4251.0
2017-02-14 16:00:00,3936.0
2017-02-14 17:00:00,4019.0
2017-02-14 18:00:00,4117.0
2017-02-14 19:00:00,4368.0
2017-02-14 20:00:00,4423.0
2017-02-14 21:00:00,4187.0
2017-02-14 22:00:00,3899.0
2017-02-14 23:00:00,3978.0
2017-02-15 00:00:00,4035.0
2017-02-15 01:00:00,4085.0
2017-02-15 02:00:00,3812.0
2017-02-15 03:00:00,3695.0
2017-02-15 04:00:00,3394.0
2017-02-15 05:00:00,3272.0
2017-02-15 06:00:00,3140.0
2017-02-15 07:00:00,3071.0
2017-02-15 08:00:00,2988.0
2017-02-15 09:00:00,3116.0
2017-02-15 10:00:00,3303.0
2017-02-15 11:00:00,3637.0
2017-02-15 12:00:00,3837.0
2017-02-15 13:00:00,3883.0
2017-02-15 14:00:00,4196.0
2017-02-15 15:00:00,4298.0
2017-02-15 16:00:00,4728.0
2017-02-15 17:00:00,4992.0
2017-02-15 18:00:00,4977.0
2017-02-15 19:00:00,5038.0
2017-02-15 20:00:00,5053.0
2017-02-15 21:00:00,5032.0
2017-02-15 22:00:00,4760.0
2017-02-15 23:00:00,4441.0
2017-02-16 00:00:00,4502.0
2017-02-16 01:00:00,4330.0
2017-02-16 02:00:00,4048.0
2017-02-16 03:00:00,4071.0
2017-02-16 04:00:00,3933.0
2017-02-16 05:00:00,3795.0
2017-02-16 06:00:00,3613.0
2017-02-16 07:00:00,3549.0
2017-02-16 08:00:00,3436.0
2017-02-16 09:00:00,3357.0
2017-02-16 10:00:00,3438.0
2017-02-16 11:00:00,3535.0
2017-02-16 12:00:00,3540.0
2017-02-16 13:00:00,3718.0
2017-02-16 14:00:00,3737.0
2017-02-16 15:00:00,3855.0
2017-02-16 16:00:00,3823.0
2017-02-16 17:00:00,4225.0
2017-02-16 18:00:00,4446.0
2017-02-16 19:00:00,4582.0
2017-02-16 20:00:00,4535.0
2017-02-16 21:00:00,4717.0
2017-02-16 22:00:00,4464.0
2017-02-16 23:00:00,4492.0
2017-02-17 00:00:00,4214.0
2017-02-17 01:00:00,4230.0
2017-02-17 02:00:00,3960.0
2017-02-17 03:00:00,3949.0
2017-02-17 04:00:00,3760.0
2017-02-17 05:00:00,3672.0
2017-02-17 06:00:00,3516.0
2017-02-17 07:00:00,3390.0
2017-02-17 08:00:00,3271.0
2017-02-17 09:00:00,3124.0
2017-02-17 10:00:00,3057.0
2017-02-17 11:00:00,3163.0
2017-02-17 12:00:00,3424.0
2017-02-17 13:00:00,3445.0
2017-02-17 14:00:00,3546.0
2017-02-17 15:00:00,3794.0
2017-02-17 16:00:00,3916.0
2017-02-17 17:00:00,3900.0
2017-02-17 18:00:00,3904.0
2017-02-17 19:00:00,4003.0
2017-02-17 20:00:00,4070.0
2017-02-17 21:00:00,3964.0
2017-02-17 22:00:00,3733.0
2017-02-17 23:00:00,3508.0
2017-02-18 00:00:00,3436.0
2017-02-18 01:00:00,3486.0
2017-02-18 02:00:00,3328.0
2017-02-18 03:00:00,3444.0
2017-02-18 04:00:00,3357.0
2017-02-18 05:00:00,3324.0
2017-02-18 06:00:00,3382.0
2017-02-18 07:00:00,3334.0
2017-02-18 08:00:00,3417.0
2017-02-18 09:00:00,3460.0
2017-02-18 10:00:00,3545.0
2017-02-18 11:00:00,4242.0
2017-02-18 12:00:00,4428.0
2017-02-18 13:00:00,4604.0
2017-02-18 14:00:00,4886.0
2017-02-18 15:00:00,5041.0
2017-02-18 16:00:00,5074.0
2017-02-18 17:00:00,5085.0
2017-02-18 18:00:00,5197.0
2017-02-18 19:00:00,5159.0
2017-02-18 20:00:00,5204.0
2017-02-18 21:00:00,5308.0
2017-02-18 22:00:00,5086.0
2017-02-18 23:00:00,4958.0
2017-02-19 00:00:00,4821.0
2017-02-19 01:00:00,4795.0
2017-02-19 02:00:00,4538.0
2017-02-19 03:00:00,4446.0
2017-02-19 04:00:00,4159.0
2017-02-19 05:00:00,3887.0
2017-02-19 06:00:00,3762.0
2017-02-19 07:00:00,3634.0
2017-02-19 08:00:00,3577.0
2017-02-19 09:00:00,3514.0
2017-02-19 10:00:00,3591.0
2017-02-19 11:00:00,4207.0
2017-02-19 12:00:00,4446.0
2017-02-19 13:00:00,4640.0
2017-02-19 14:00:00,4486.0
2017-02-19 15:00:00,4975.0
2017-02-19 16:00:00,5090.0
2017-02-19 17:00:00,5196.0
2017-02-19 18:00:00,5370.0
2017-02-19 19:00:00,5387.0
2017-02-19 20:00:00,5257.0
2017-02-19 21:00:00,5104.0
2017-02-19 22:00:00,4678.0
2017-02-19 23:00:00,4362.0
2017-02-20 00:00:00,4416.0
2017-02-20 01:00:00,4214.0
2017-02-20 02:00:00,4177.0
2017-02-20 03:00:00,4149.0
2017-02-20 04:00:00,3809.0
2017-02-20 05:00:00,3601.0
2017-02-20 06:00:00,3406.0
2017-02-20 07:00:00,3378.0
2017-02-20 08:00:00,3392.0
2017-02-20 09:00:00,3384.0
2017-02-20 10:00:00,3604.0
2017-02-20 11:00:00,3956.0
2017-02-20 12:00:00,4123.0
2017-02-20 13:00:00,4257.0
2017-02-20 14:00:00,4442.0
2017-02-20 15:00:00,4814.0
2017-02-20 16:00:00,4799.0
2017-02-20 17:00:00,4918.0
2017-02-20 18:00:00,4849.0
2017-02-20 19:00:00,4940.0
2017-02-20 20:00:00,4951.0
2017-02-20 21:00:00,4869.0
2017-02-20 22:00:00,4467.0
2017-02-20 23:00:00,4300.0
2017-02-21 00:00:00,4265.0
2017-02-21 01:00:00,4272.0
2017-02-21 02:00:00,4156.0
2017-02-21 03:00:00,4167.0
2017-02-21 04:00:00,3988.0
2017-02-21 05:00:00,3743.0
2017-02-21 06:00:00,3695.0
2017-02-21 07:00:00,3523.0
2017-02-21 08:00:00,3346.0
2017-02-21 09:00:00,3364.0
2017-02-21 10:00:00,3580.0
2017-02-21 11:00:00,3852.0
2017-02-21 12:00:00,4118.0
2017-02-21 13:00:00,4401.0
2017-02-21 14:00:00,4452.0
2017-02-21 15:00:00,4582.0
2017-02-21 16:00:00,4537.0
2017-02-21 17:00:00,4626.0
2017-02-21 18:00:00,4615.0
2017-02-21 19:00:00,4727.0
2017-02-21 20:00:00,4717.0
2017-02-21 21:00:00,4489.0
2017-02-21 22:00:00,4234.0
2017-02-21 23:00:00,4266.0
2017-02-22 00:00:00,4219.0
2017-02-22 01:00:00,4209.0
2017-02-22 02:00:00,4045.0
2017-02-22 03:00:00,4024.0
2017-02-22 04:00:00,3814.0
2017-02-22 05:00:00,3530.0
2017-02-22 06:00:00,3453.0
2017-02-22 07:00:00,3436.0
2017-02-22 08:00:00,3370.0
2017-02-22 09:00:00,3289.0
2017-02-22 10:00:00,3409.0
2017-02-22 11:00:00,3759.0
2017-02-22 12:00:00,4007.0
2017-02-22 13:00:00,4237.0
2017-02-22 14:00:00,4505.0
2017-02-22 15:00:00,4549.0
2017-02-22 16:00:00,4421.0
2017-02-22 17:00:00,4616.0
2017-02-22 18:00:00,4827.0
2017-02-22 19:00:00,4847.0
2017-02-22 20:00:00,4848.0
2017-02-22 21:00:00,4792.0
2017-02-22 22:00:00,4465.0
2017-02-22 23:00:00,4371.0
2017-02-23 00:00:00,4447.0
2017-02-23 01:00:00,4521.0
2017-02-23 02:00:00,4417.0
2017-02-23 03:00:00,4309.0
2017-02-23 04:00:00,4188.0
2017-02-23 05:00:00,3928.0
2017-02-23 06:00:00,3809.0
2017-02-23 07:00:00,3879.0
2017-02-23 08:00:00,3697.0
2017-02-23 09:00:00,3627.0
2017-02-23 10:00:00,3271.0
2017-02-23 11:00:00,3438.0
2017-02-23 12:00:00,3638.0
2017-02-23 13:00:00,3362.0
2017-02-23 14:00:00,1599.0
2017-02-23 15:00:00,3019.0
2017-02-23 16:00:00,3522.0
2017-02-23 17:00:00,3560.0
2017-02-23 18:00:00,3581.0
2017-02-23 19:00:00,3534.0
2017-02-23 20:00:00,3584.0
2017-02-23 21:00:00,3591.0
2017-02-23 22:00:00,3471.0
2017-02-23 23:00:00,3608.0
2017-02-24 00:00:00,3752.0
2017-02-24 01:00:00,3812.0
2017-02-24 02:00:00,3710.0
2017-02-24 03:00:00,3554.0
2017-02-24 04:00:00,3339.0
2017-02-24 05:00:00,3256.0
2017-02-24 06:00:00,3076.0
2017-02-24 07:00:00,2898.0
2017-02-24 08:00:00,2911.0
2017-02-24 09:00:00,2782.0
2017-02-24 10:00:00,2755.0
2017-02-24 11:00:00,2792.0
2017-02-24 12:00:00,2832.0
2017-02-24 13:00:00,2930.0
2017-02-24 14:00:00,3044.0
2017-02-24 15:00:00,3162.0
2017-02-24 16:00:00,3100.0
2017-02-24 17:00:00,3216.0
2017-02-24 18:00:00,3205.0
2017-02-24 19:00:00,3193.0
2017-02-24 20:00:00,3193.0
2017-02-24 21:00:00,3162.0
2017-02-24 22:00:00,3002.0
2017-02-24 23:00:00,2986.0
2017-02-25 00:00:00,2886.0
2017-02-25 01:00:00,2842.0
2017-02-25 02:00:00,2914.0
2017-02-25 03:00:00,2862.0
2017-02-25 04:00:00,2818.0
2017-02-25 05:00:00,2791.0
2017-02-25 06:00:00,2780.0
2017-02-25 07:00:00,2845.0
2017-02-25 08:00:00,2954.0
2017-02-25 09:00:00,3022.0
2017-02-25 10:00:00,2995.0
2017-02-25 11:00:00,3293.0
2017-02-25 12:00:00,3344.0
2017-02-25 13:00:00,3466.0
2017-02-25 14:00:00,3598.0
2017-02-25 15:00:00,3679.0
2017-02-25 16:00:00,3634.0
2017-02-25 17:00:00,3769.0
2017-02-25 18:00:00,3902.0
2017-02-25 19:00:00,3976.0
2017-02-25 20:00:00,3862.0
2017-02-25 21:00:00,3778.0
2017-02-25 22:00:00,3567.0
2017-02-25 23:00:00,3778.0
2017-02-26 00:00:00,3919.0
2017-02-26 01:00:00,3919.0
2017-02-26 02:00:00,3755.0
2017-02-26 03:00:00,3718.0
2017-02-26 04:00:00,3459.0
2017-02-26 05:00:00,3309.0
2017-02-26 06:00:00,3213.0
2017-02-26 07:00:00,3240.0
2017-02-26 08:00:00,3161.0
2017-02-26 09:00:00,3244.0
2017-02-26 10:00:00,3303.0
2017-02-26 11:00:00,3549.0
2017-02-26 12:00:00,3791.0
2017-02-26 13:00:00,3988.0
2017-02-26 14:00:00,4084.0
2017-02-26 15:00:00,4054.0
2017-02-26 16:00:00,3911.0
2017-02-26 17:00:00,3992.0
2017-02-26 18:00:00,4033.0
2017-02-26 19:00:00,4032.0
2017-02-26 20:00:00,3859.0
2017-02-26 21:00:00,3848.0
2017-02-26 22:00:00,3605.0
2017-02-26 23:00:00,3774.0
2017-02-27 00:00:00,3962.0
2017-02-27 01:00:00,3924.0
2017-02-27 02:00:00,3786.0
2017-02-27 03:00:00,3715.0
2017-02-27 04:00:00,3476.0
2017-02-27 05:00:00,3233.0
2017-02-27 06:00:00,3049.0
2017-02-27 07:00:00,3080.0
2017-02-27 08:00:00,3075.0
2017-02-27 09:00:00,3210.0
2017-02-27 10:00:00,3187.0
2017-02-27 11:00:00,3597.0
2017-02-27 12:00:00,3614.0
2017-02-27 13:00:00,3590.0
2017-02-27 14:00:00,3888.0
2017-02-27 15:00:00,4066.0
2017-02-27 16:00:00,3876.0
2017-02-27 17:00:00,3972.0
2017-02-27 18:00:00,4437.0
2017-02-27 19:00:00,4348.0
2017-02-27 20:00:00,4067.0
2017-02-27 21:00:00,3962.0
2017-02-27 22:00:00,3770.0
2017-02-27 23:00:00,3925.0
2017-02-28 00:00:00,4037.0
2017-02-28 01:00:00,4020.0
2017-02-28 02:00:00,3949.0
2017-02-28 03:00:00,3776.0
2017-02-28 04:00:00,3614.0
2017-02-28 05:00:00,3384.0
2017-02-28 06:00:00,3343.0
2017-02-28 07:00:00,3290.0
2017-02-28 08:00:00,3318.0
2017-02-28 09:00:00,3278.0
2017-02-28 10:00:00,3290.0
2017-02-28 11:00:00,3618.0
2017-02-28 12:00:00,3762.0
2017-02-28 13:00:00,4254.0
2017-02-28 14:00:00,4342.0
2017-02-28 15:00:00,4496.0
2017-02-28 16:00:00,4608.0
2017-02-28 17:00:00,4349.0
2017-02-28 18:00:00,4333.0
2017-02-28 19:00:00,4591.0
2017-02-28 20:00:00,4552.0
2017-02-28 21:00:00,4264.0
2017-02-28 22:00:00,4034.0
2017-02-28 23:00:00,4132.0
2017-03-01 00:00:00,4305.0
2017-03-01 01:00:00,4158.0
2017-03-01 02:00:00,4039.0
2017-03-01 03:00:00,3859.0
2017-03-01 04:00:00,3814.0
2017-03-01 05:00:00,3646.0
2017-03-01 06:00:00,3475.0
2017-03-01 07:00:00,3475.0
2017-03-01 08:00:00,3342.0
2017-03-01 09:00:00,3589.0
2017-03-01 10:00:00,3549.0
2017-03-01 11:00:00,3948.0
2017-03-01 12:00:00,4049.0
2017-03-01 13:00:00,4255.0
2017-03-01 14:00:00,4428.0
2017-03-01 15:00:00,4412.0
2017-03-01 16:00:00,4521.0
2017-03-01 17:00:00,4671.0
2017-03-01 18:00:00,4741.0
2017-03-01 19:00:00,4716.0
2017-03-01 20:00:00,4969.0
2017-03-01 21:00:00,4809.0
2017-03-01 22:00:00,4292.0
2017-03-01 23:00:00,4404.0
2017-03-02 00:00:00,4459.0
2017-03-02 01:00:00,4322.0
2017-03-02 02:00:00,3985.0
2017-03-02 03:00:00,4023.0
2017-03-02 04:00:00,3828.0
2017-03-02 05:00:00,3741.0
2017-03-02 06:00:00,3567.0
2017-03-02 07:00:00,3519.0
2017-03-02 08:00:00,3293.0
2017-03-02 09:00:00,3405.0
2017-03-02 10:00:00,3188.0
2017-03-02 11:00:00,3310.0
2017-03-02 12:00:00,3456.0
2017-03-02 13:00:00,3572.0
2017-03-02 14:00:00,3675.0
2017-03-02 15:00:00,3857.0
2017-03-02 16:00:00,3957.0
2017-03-02 17:00:00,3979.0
2017-03-02 18:00:00,4273.0
2017-03-02 19:00:00,4292.0
2017-03-02 20:00:00,4390.0
2017-03-02 21:00:00,4471.0
2017-03-02 22:00:00,4181.0
2017-03-02 23:00:00,4037.0
2017-03-03 00:00:00,4021.0
2017-03-03 01:00:00,3807.0
2017-03-03 02:00:00,3643.0
2017-03-03 03:00:00,3594.0
2017-03-03 04:00:00,3486.0
2017-03-03 05:00:00,3287.0
2017-03-03 06:00:00,3224.0
2017-03-03 07:00:00,3153.0
2017-03-03 08:00:00,3073.0
2017-03-03 09:00:00,3068.0
2017-03-03 10:00:00,3132.0
2017-03-03 11:00:00,3268.0
2017-03-03 12:00:00,3354.0
2017-03-03 13:00:00,3412.0
2017-03-03 14:00:00,3418.0
2017-03-03 15:00:00,3641.0
2017-03-03 16:00:00,3936.0
2017-03-03 17:00:00,3919.0
2017-03-03 18:00:00,3963.0
2017-03-03 19:00:00,3979.0
2017-03-03 20:00:00,3990.0
2017-03-03 21:00:00,3868.0
2017-03-03 22:00:00,3642.0
2017-03-03 23:00:00,3546.0
2017-03-04 00:00:00,3426.0
2017-03-04 01:00:00,3154.0
2017-03-04 02:00:00,3329.0
2017-03-04 03:00:00,3252.0
2017-03-04 04:00:00,3446.0
2017-03-04 05:00:00,3184.0
2017-03-04 06:00:00,3151.0
2017-03-04 07:00:00,3183.0
2017-03-04 08:00:00,3203.0
2017-03-04 09:00:00,3398.0
2017-03-04 10:00:00,3553.0
2017-03-04 11:00:00,4074.0
2017-03-04 12:00:00,4325.0
2017-03-04 13:00:00,4466.0
2017-03-04 14:00:00,4592.0
2017-03-04 15:00:00,4670.0
2017-03-04 16:00:00,4520.0
2017-03-04 17:00:00,4716.0
2017-03-04 18:00:00,4873.0
2017-03-04 19:00:00,5030.0
2017-03-04 20:00:00,4987.0
2017-03-04 21:00:00,4510.0
2017-03-04 22:00:00,4319.0
2017-03-04 23:00:00,4464.0
2017-03-05 00:00:00,4414.0
2017-03-05 01:00:00,4301.0
2017-03-05 02:00:00,4108.0
2017-03-05 03:00:00,3964.0
2017-03-05 04:00:00,3947.0
2017-03-05 05:00:00,3803.0
2017-03-05 06:00:00,3635.0
2017-03-05 07:00:00,3498.0
2017-03-05 08:00:00,3495.0
2017-03-05 09:00:00,3454.0
2017-03-05 10:00:00,3551.0
2017-03-05 11:00:00,4193.0
2017-03-05 12:00:00,4412.0
2017-03-05 13:00:00,4570.0
2017-03-05 14:00:00,4927.0
2017-03-05 15:00:00,5004.0
2017-03-05 16:00:00,4820.0
2017-03-05 17:00:00,4943.0
2017-03-05 18:00:00,5018.0
2017-03-05 19:00:00,5074.0
2017-03-05 20:00:00,5138.0
2017-03-05 21:00:00,5035.0
2017-03-05 22:00:00,4730.0
2017-03-05 23:00:00,4854.0
2017-03-06 00:00:00,4852.0
2017-03-06 01:00:00,4774.0
2017-03-06 02:00:00,4463.0
2017-03-06 03:00:00,4279.0
2017-03-06 04:00:00,3940.0
2017-03-06 05:00:00,3827.0
2017-03-06 06:00:00,3657.0
2017-03-06 07:00:00,3553.0
2017-03-06 08:00:00,3405.0
2017-03-06 09:00:00,3469.0
2017-03-06 10:00:00,3472.0
2017-03-06 11:00:00,4159.0
2017-03-06 12:00:00,4167.0
2017-03-06 13:00:00,4474.0
2017-03-06 14:00:00,4976.0
2017-03-06 15:00:00,4978.0
2017-03-06 16:00:00,4950.0
2017-03-06 17:00:00,5172.0
2017-03-06 18:00:00,5328.0
2017-03-06 19:00:00,5204.0
2017-03-06 20:00:00,5204.0
2017-03-06 21:00:00,5143.0
2017-03-06 22:00:00,4756.0
2017-03-06 23:00:00,4672.0
2017-03-07 00:00:00,4562.0
2017-03-07 01:00:00,4520.0
2017-03-07 02:00:00,4307.0
2017-03-07 03:00:00,4191.0
2017-03-07 04:00:00,4005.0
2017-03-07 05:00:00,3845.0
2017-03-07 06:00:00,3367.0
2017-03-07 07:00:00,3196.0
2017-03-07 08:00:00,3180.0
2017-03-07 09:00:00,3134.0
2017-03-07 10:00:00,3213.0
2017-03-07 11:00:00,3810.0
2017-03-07 12:00:00,4130.0
2017-03-07 13:00:00,4565.0
2017-03-07 14:00:00,4860.0
2017-03-07 15:00:00,5112.0
2017-03-07 16:00:00,4967.0
2017-03-07 17:00:00,5215.0
2017-03-07 18:00:00,5439.0
2017-03-07 19:00:00,5363.0
2017-03-07 20:00:00,5351.0
2017-03-07 21:00:00,4994.0
2017-03-07 22:00:00,4617.0
2017-03-07 23:00:00,4657.0
2017-03-08 00:00:00,4839.0
2017-03-08 01:00:00,4717.0
2017-03-08 02:00:00,4409.0
2017-03-08 03:00:00,4394.0
2017-03-08 04:00:00,4060.0
2017-03-08 05:00:00,3943.0
2017-03-08 06:00:00,3779.0
2017-03-08 07:00:00,3642.0
2017-03-08 08:00:00,3397.0
2017-03-08 09:00:00,3516.0
2017-03-08 10:00:00,3562.0
2017-03-08 11:00:00,4199.0
2017-03-08 12:00:00,4498.0
2017-03-08 13:00:00,4496.0
2017-03-08 14:00:00,4885.0
2017-03-08 15:00:00,5061.0
2017-03-08 16:00:00,5145.0
2017-03-08 17:00:00,5272.0
2017-03-08 18:00:00,5261.0
2017-03-08 19:00:00,5347.0
2017-03-08 20:00:00,5182.0
2017-03-08 21:00:00,5047.0
2017-03-08 22:00:00,4828.0
2017-03-08 23:00:00,4591.0
2017-03-09 00:00:00,4575.0
2017-03-09 01:00:00,4425.0
2017-03-09 02:00:00,4304.0
2017-03-09 03:00:00,4148.0
2017-03-09 04:00:00,4112.0
2017-03-09 05:00:00,3847.0
2017-03-09 06:00:00,3691.0
2017-03-09 07:00:00,3346.0
2017-03-09 08:00:00,3450.0
2017-03-09 09:00:00,3440.0
2017-03-09 10:00:00,3334.0
2017-03-09 11:00:00,3505.0
2017-03-09 12:00:00,3563.0
2017-03-09 13:00:00,3959.0
2017-03-09 14:00:00,4035.0
2017-03-09 15:00:00,4046.0
2017-03-09 16:00:00,4118.0
2017-03-09 17:00:00,4167.0
2017-03-09 18:00:00,4238.0
2017-03-09 19:00:00,4280.0
2017-03-09 20:00:00,4502.0
2017-03-09 21:00:00,4436.0
2017-03-09 22:00:00,4142.0
2017-03-09 23:00:00,3998.0
2017-03-10 00:00:00,4022.0
2017-03-10 01:00:00,4053.0
2017-03-10 02:00:00,4016.0
2017-03-10 03:00:00,3894.0
2017-03-10 04:00:00,3605.0
2017-03-10 05:00:00,3309.0
2017-03-10 06:00:00,3319.0
2017-03-10 07:00:00,3127.0
2017-03-10 08:00:00,3190.0
2017-03-10 09:00:00,3179.0
2017-03-10 10:00:00,3095.0
2017-03-10 11:00:00,3246.0
2017-03-10 12:00:00,3381.0
2017-03-10 13:00:00,3455.0
2017-03-10 14:00:00,3714.0
2017-03-10 15:00:00,3688.0
2017-03-10 16:00:00,3791.0
2017-03-10 17:00:00,3777.0
2017-03-10 18:00:00,3672.0
2017-03-10 19:00:00,3711.0
2017-03-10 20:00:00,3634.0
2017-03-10 21:00:00,3609.0
2017-03-10 22:00:00,3463.0
2017-03-10 23:00:00,3414.0
2017-03-11 00:00:00,3297.0
2017-03-11 01:00:00,3243.0
2017-03-11 02:00:00,3287.0
2017-03-11 03:00:00,3305.0
2017-03-11 04:00:00,3200.0
2017-03-11 05:00:00,3200.0
2017-03-11 06:00:00,3198.0
2017-03-11 07:00:00,3214.0
2017-03-11 08:00:00,3297.0
2017-03-11 09:00:00,3435.0
2017-03-11 10:00:00,3433.0
2017-03-11 11:00:00,3932.0
2017-03-11 12:00:00,4265.0
2017-03-11 13:00:00,4209.0
2017-03-11 14:00:00,4514.0
2017-03-11 15:00:00,4635.0
2017-03-11 16:00:00,4752.0
2017-03-11 17:00:00,4769.0
2017-03-11 18:00:00,4814.0
2017-03-11 19:00:00,4850.0
2017-03-11 20:00:00,4825.0
2017-03-11 21:00:00,4663.0
2017-03-11 22:00:00,4463.0
2017-03-11 23:00:00,4431.0
2017-03-12 00:00:00,4373.0
2017-03-12 01:00:00,4216.0
2017-03-12 02:00:00,4043.0
2017-03-12 03:00:00,3954.0
2017-03-12 04:00:00,3814.0
2017-03-12 05:00:00,3628.0
2017-03-12 06:00:00,3542.0
2017-03-12 07:00:00,3389.0
2017-03-12 08:00:00,3340.0
2017-03-12 09:00:00,3567.0
2017-03-12 10:00:00,3559.0
2017-03-12 11:00:00,4046.0
2017-03-12 12:00:00,4142.0
2017-03-12 13:00:00,4310.0
2017-03-12 14:00:00,4727.0
2017-03-12 15:00:00,4631.0
2017-03-12 16:00:00,4746.0
2017-03-12 17:00:00,4905.0
2017-03-12 18:00:00,4987.0
2017-03-12 19:00:00,5079.0
2017-03-12 20:00:00,5068.0
2017-03-12 21:00:00,4970.0
2017-03-12 22:00:00,4607.0
2017-03-12 23:00:00,4545.0
2017-03-13 00:00:00,4514.0
2017-03-13 01:00:00,4438.0
2017-03-13 02:00:00,4297.0
2017-03-13 03:00:00,4292.0
2017-03-13 04:00:00,4130.0
2017-03-13 05:00:00,3868.0
2017-03-13 06:00:00,3344.0
2017-03-13 07:00:00,3081.0
2017-03-13 08:00:00,3447.0
2017-03-13 09:00:00,2006.0
2017-03-13 10:00:00,2868.0
2017-03-13 11:00:00,4029.0
2017-03-13 12:00:00,4106.0
2017-03-13 13:00:00,4164.0
2017-03-13 14:00:00,4419.0
2017-03-13 15:00:00,4467.0
2017-03-13 16:00:00,4315.0
2017-03-13 17:00:00,4940.0
2017-03-13 18:00:00,5233.0
2017-03-13 19:00:00,4972.0
2017-03-13 20:00:00,4722.0
2017-03-13 21:00:00,4855.0
2017-03-13 22:00:00,4303.0
2017-03-13 23:00:00,4483.0
2017-03-14 00:00:00,4393.0
2017-03-14 01:00:00,4322.0
2017-03-14 02:00:00,4257.0
2017-03-14 03:00:00,4127.0
2017-03-14 04:00:00,3819.0
2017-03-14 05:00:00,3602.0
2017-03-14 06:00:00,3383.0
2017-03-14 07:00:00,3208.0
2017-03-14 08:00:00,3170.0
2017-03-14 09:00:00,3374.0
2017-03-14 10:00:00,3389.0
2017-03-14 11:00:00,3745.0
2017-03-14 12:00:00,4206.0
2017-03-14 13:00:00,4413.0
2017-03-14 14:00:00,4581.0
2017-03-14 15:00:00,4769.0
2017-03-14 16:00:00,5039.0
2017-03-14 17:00:00,4970.0
2017-03-14 18:00:00,4994.0
2017-03-14 19:00:00,4961.0
2017-03-14 20:00:00,5067.0
2017-03-14 21:00:00,5034.0
2017-03-14 22:00:00,4667.0
2017-03-14 23:00:00,4768.0
2017-03-15 00:00:00,4667.0
2017-03-15 01:00:00,4600.0
2017-03-15 02:00:00,4290.0
2017-03-15 03:00:00,4360.0
2017-03-15 04:00:00,4111.0
2017-03-15 05:00:00,3838.0
2017-03-15 06:00:00,3651.0
2017-03-15 07:00:00,3372.0
2017-03-15 08:00:00,3578.0
2017-03-15 09:00:00,2718.0
2017-03-15 10:00:00,3571.0
2017-03-15 11:00:00,4271.0
2017-03-15 12:00:00,4321.0
2017-03-15 13:00:00,4527.0
2017-03-15 14:00:00,4813.0
2017-03-15 15:00:00,4940.0
2017-03-15 16:00:00,4836.0
2017-03-15 17:00:00,5078.0
2017-03-15 18:00:00,5046.0
2017-03-15 19:00:00,4971.0
2017-03-15 20:00:00,5073.0
2017-03-15 21:00:00,4946.0
2017-03-15 22:00:00,4571.0
2017-03-15 23:00:00,4537.0
2017-03-16 00:00:00,4566.0
2017-03-16 01:00:00,4409.0
2017-03-16 02:00:00,4217.0
2017-03-16 03:00:00,4202.0
2017-03-16 04:00:00,3961.0
2017-03-16 05:00:00,3654.0
2017-03-16 06:00:00,3493.0
2017-03-16 07:00:00,3209.0
2017-03-16 08:00:00,3067.0
2017-03-16 09:00:00,3164.0
2017-03-16 10:00:00,3094.0
2017-03-16 11:00:00,3351.0
2017-03-16 12:00:00,3517.0
2017-03-16 13:00:00,3537.0
2017-03-16 14:00:00,3737.0
2017-03-16 15:00:00,4154.0
2017-03-16 16:00:00,4128.0
2017-03-16 17:00:00,4211.0
2017-03-16 18:00:00,4380.0
2017-03-16 19:00:00,4443.0
2017-03-16 20:00:00,4461.0
2017-03-16 21:00:00,4544.0
2017-03-16 22:00:00,4146.0
2017-03-16 23:00:00,4225.0
2017-03-17 00:00:00,4276.0
2017-03-17 01:00:00,3996.0
2017-03-17 02:00:00,3826.0
2017-03-17 03:00:00,3685.0
2017-03-17 04:00:00,3602.0
2017-03-17 05:00:00,3511.0
2017-03-17 06:00:00,3286.0
2017-03-17 07:00:00,3143.0
2017-03-17 08:00:00,3063.0
2017-03-17 09:00:00,3046.0
2017-03-17 10:00:00,2982.0
2017-03-17 11:00:00,3089.0
2017-03-17 12:00:00,3083.0
2017-03-17 13:00:00,3240.0
2017-03-17 14:00:00,3498.0
2017-03-17 15:00:00,3583.0
2017-03-17 16:00:00,3646.0
2017-03-17 17:00:00,3684.0
2017-03-17 18:00:00,3880.0
2017-03-17 19:00:00,3780.0
2017-03-17 20:00:00,3561.0
2017-03-17 21:00:00,3457.0
2017-03-17 22:00:00,3342.0
2017-03-17 23:00:00,3296.0
2017-03-18 00:00:00,3308.0
2017-03-18 01:00:00,3172.0
2017-03-18 02:00:00,3231.0
2017-03-18 03:00:00,3158.0
2017-03-18 04:00:00,3093.0
2017-03-18 05:00:00,3083.0
2017-03-18 06:00:00,3080.0
2017-03-18 07:00:00,3098.0
2017-03-18 08:00:00,3200.0
2017-03-18 09:00:00,3419.0
2017-03-18 10:00:00,3370.0
2017-03-18 11:00:00,3820.0
2017-03-18 12:00:00,4034.0
2017-03-18 13:00:00,4133.0
2017-03-18 14:00:00,4304.0
2017-03-18 15:00:00,4455.0
2017-03-18 16:00:00,4487.0
2017-03-18 17:00:00,4640.0
2017-03-18 18:00:00,4628.0
2017-03-18 19:00:00,4778.0
2017-03-18 20:00:00,4823.0
2017-03-18 21:00:00,4469.0
2017-03-18 22:00:00,4179.0
2017-03-18 23:00:00,4158.0
2017-03-19 00:00:00,4297.0
2017-03-19 01:00:00,4297.0
2017-03-19 02:00:00,4061.0
2017-03-19 03:00:00,4217.0
2017-03-19 04:00:00,3906.0
2017-03-19 05:00:00,3771.0
2017-03-19 06:00:00,3670.0
2017-03-19 07:00:00,3404.0
2017-03-19 08:00:00,3381.0
2017-03-19 09:00:00,3485.0
2017-03-19 10:00:00,3539.0
2017-03-19 11:00:00,4040.0
2017-03-19 12:00:00,4275.0
2017-03-19 13:00:00,4584.0
2017-03-19 14:00:00,4735.0
2017-03-19 15:00:00,4812.0
2017-03-19 16:00:00,4876.0
2017-03-19 17:00:00,4915.0
2017-03-19 18:00:00,4873.0
2017-03-19 19:00:00,4991.0
2017-03-19 20:00:00,4969.0
2017-03-19 21:00:00,4719.0
2017-03-19 22:00:00,4146.0
2017-03-19 23:00:00,4092.0
2017-03-20 00:00:00,4074.0
2017-03-20 01:00:00,4225.0
2017-03-20 02:00:00,4245.0
2017-03-20 03:00:00,4034.0
2017-03-20 04:00:00,3880.0
2017-03-20 05:00:00,3621.0
2017-03-20 06:00:00,3438.0
2017-03-20 07:00:00,3126.0
2017-03-20 08:00:00,3011.0
2017-03-20 09:00:00,3080.0
2017-03-20 10:00:00,3265.0
2017-03-20 11:00:00,4117.0
2017-03-20 12:00:00,4169.0
2017-03-20 13:00:00,4436.0
2017-03-20 14:00:00,4752.0
2017-03-20 15:00:00,4675.0
2017-03-20 16:00:00,4702.0
2017-03-20 17:00:00,4962.0
2017-03-20 18:00:00,5168.0
2017-03-20 19:00:00,5072.0
2017-03-20 20:00:00,5059.0
2017-03-20 21:00:00,4994.0
2017-03-20 22:00:00,4598.0
2017-03-20 23:00:00,4379.0
2017-03-21 00:00:00,4388.0
2017-03-21 01:00:00,4344.0
2017-03-21 02:00:00,4040.0
2017-03-21 03:00:00,4058.0
2017-03-21 04:00:00,3939.0
2017-03-21 05:00:00,3534.0
2017-03-21 06:00:00,3443.0
2017-03-21 07:00:00,3202.0
2017-03-21 08:00:00,3202.0
2017-03-21 09:00:00,3295.0
2017-03-21 10:00:00,3430.0
2017-03-21 11:00:00,3894.0
2017-03-21 12:00:00,3933.0
2017-03-21 13:00:00,4014.0
2017-03-21 14:00:00,4403.0
2017-03-21 15:00:00,4694.0
2017-03-21 16:00:00,4765.0
2017-03-21 17:00:00,4871.0
2017-03-21 18:00:00,5011.0
2017-03-21 19:00:00,5021.0
2017-03-21 20:00:00,4993.0
2017-03-21 21:00:00,4856.0
2017-03-21 22:00:00,4502.0
2017-03-21 23:00:00,4305.0
2017-03-22 00:00:00,4336.0
2017-03-22 01:00:00,4320.0
2017-03-22 02:00:00,4108.0
2017-03-22 03:00:00,3912.0
2017-03-22 04:00:00,3737.0
2017-03-22 05:00:00,3490.0
2017-03-22 06:00:00,3375.0
2017-03-22 07:00:00,3269.0
2017-03-22 08:00:00,3344.0
2017-03-22 09:00:00,3424.0
2017-03-22 10:00:00,3641.0
2017-03-22 11:00:00,3953.0
2017-03-22 12:00:00,4160.0
2017-03-22 13:00:00,4203.0
2017-03-22 14:00:00,4466.0
2017-03-22 15:00:00,4505.0
2017-03-22 16:00:00,4600.0
2017-03-22 17:00:00,4730.0
2017-03-22 18:00:00,4553.0
2017-03-22 19:00:00,4756.0
2017-03-22 20:00:00,4760.0
2017-03-22 21:00:00,4731.0
2017-03-22 22:00:00,4303.0
2017-03-22 23:00:00,4086.0
2017-03-23 00:00:00,4234.0
2017-03-23 01:00:00,4155.0
2017-03-23 02:00:00,4026.0
2017-03-23 03:00:00,3800.0
2017-03-23 04:00:00,3693.0
2017-03-23 05:00:00,3396.0
2017-03-23 06:00:00,3190.0
2017-03-23 07:00:00,3153.0
2017-03-23 08:00:00,3209.0
2017-03-23 09:00:00,3226.0
2017-03-23 10:00:00,3181.0
2017-03-23 11:00:00,3233.0
2017-03-23 12:00:00,3360.0
2017-03-23 13:00:00,3537.0
2017-03-23 14:00:00,3693.0
2017-03-23 15:00:00,3971.0
2017-03-23 16:00:00,3839.0
2017-03-23 17:00:00,4043.0
2017-03-23 18:00:00,4012.0
2017-03-23 19:00:00,4064.0
2017-03-23 20:00:00,4244.0
2017-03-23 21:00:00,4222.0
2017-03-23 22:00:00,4014.0
2017-03-23 23:00:00,3994.0
2017-03-24 00:00:00,3916.0
2017-03-24 01:00:00,3990.0
2017-03-24 02:00:00,4025.0
2017-03-24 03:00:00,3748.0
2017-03-24 04:00:00,3707.0
2017-03-24 05:00:00,3177.0
2017-03-24 06:00:00,2762.0
2017-03-24 07:00:00,2760.0
2017-03-24 08:00:00,2765.0
2017-03-24 09:00:00,2868.0
2017-03-24 10:00:00,3002.0
2017-03-24 11:00:00,3082.0
2017-03-24 12:00:00,3067.0
2017-03-24 13:00:00,3078.0
2017-03-24 14:00:00,3190.0
2017-03-24 15:00:00,3406.0
2017-03-24 16:00:00,3694.0
2017-03-24 17:00:00,3501.0
2017-03-24 18:00:00,3164.0
2017-03-24 19:00:00,3377.0
2017-03-24 20:00:00,3252.0
2017-03-24 21:00:00,3267.0
2017-03-24 22:00:00,3143.0
2017-03-24 23:00:00,3090.0
2017-03-25 00:00:00,3063.0
2017-03-25 01:00:00,3072.0
2017-03-25 02:00:00,3045.0
2017-03-25 03:00:00,3059.0
2017-03-25 04:00:00,2989.0
2017-03-25 05:00:00,2980.0
2017-03-25 06:00:00,2961.0
2017-03-25 07:00:00,2973.0
2017-03-25 08:00:00,3000.0
2017-03-25 09:00:00,3208.0
2017-03-25 10:00:00,3235.0
2017-03-25 11:00:00,3647.0
2017-03-25 12:00:00,3819.0
2017-03-25 13:00:00,3940.0
2017-03-25 14:00:00,3960.0
2017-03-25 15:00:00,4120.0
2017-03-25 16:00:00,4269.0
2017-03-25 17:00:00,4232.0
2017-03-25 18:00:00,4035.0
2017-03-25 19:00:00,4368.0
2017-03-25 20:00:00,4383.0
2017-03-25 21:00:00,4009.0
2017-03-25 22:00:00,3679.0
2017-03-25 23:00:00,3819.0
2017-03-26 00:00:00,4019.0
2017-03-26 01:00:00,4072.0
2017-03-26 02:00:00,3896.0
2017-03-26 03:00:00,3695.0
2017-03-26 04:00:00,3585.0
2017-03-26 05:00:00,3335.0
2017-03-26 06:00:00,3364.0
2017-03-26 07:00:00,3001.0
2017-03-26 08:00:00,3051.0
2017-03-26 09:00:00,3158.0
2017-03-26 10:00:00,3321.0
2017-03-26 11:00:00,3624.0
2017-03-26 12:00:00,3740.0
2017-03-26 13:00:00,3797.0
2017-03-26 14:00:00,4146.0
2017-03-26 15:00:00,3963.0
2017-03-26 16:00:00,4199.0
2017-03-26 17:00:00,4235.0
2017-03-26 18:00:00,4188.0
2017-03-26 19:00:00,4165.0
2017-03-26 20:00:00,4162.0
2017-03-26 21:00:00,3994.0
2017-03-26 22:00:00,3944.0
2017-03-26 23:00:00,3992.0
2017-03-27 00:00:00,4081.0
2017-03-27 01:00:00,3978.0
2017-03-27 02:00:00,3909.0
2017-03-27 03:00:00,3662.0
2017-03-27 04:00:00,3524.0
2017-03-27 05:00:00,3374.0
2017-03-27 06:00:00,3209.0
2017-03-27 07:00:00,3084.0
2017-03-27 08:00:00,3164.0
2017-03-27 09:00:00,3149.0
2017-03-27 10:00:00,3282.0
2017-03-27 11:00:00,3555.0
2017-03-27 12:00:00,3619.0
2017-03-27 13:00:00,3723.0
2017-03-27 14:00:00,3786.0
2017-03-27 15:00:00,3911.0
2017-03-27 16:00:00,3827.0
2017-03-27 17:00:00,3845.0
2017-03-27 18:00:00,4017.0
2017-03-27 19:00:00,4010.0
2017-03-27 20:00:00,4076.0
2017-03-27 21:00:00,3878.0
2017-03-27 22:00:00,3669.0
2017-03-27 23:00:00,3730.0
2017-03-28 00:00:00,3679.0
2017-03-28 01:00:00,3624.0
2017-03-28 02:00:00,3397.0
2017-03-28 03:00:00,3493.0
2017-03-28 04:00:00,3362.0
2017-03-28 05:00:00,3352.0
2017-03-28 06:00:00,3269.0
2017-03-28 07:00:00,3198.0
2017-03-28 08:00:00,3182.0
2017-03-28 09:00:00,3244.0
2017-03-28 10:00:00,3374.0
2017-03-28 11:00:00,3672.0
2017-03-28 12:00:00,3818.0
2017-03-28 13:00:00,3899.0
2017-03-28 14:00:00,4029.0
2017-03-28 15:00:00,4085.0
2017-03-28 16:00:00,3910.0
2017-03-28 17:00:00,4114.0
2017-03-28 18:00:00,3954.0
2017-03-28 19:00:00,4053.0
2017-03-28 20:00:00,3864.0
2017-03-28 21:00:00,3943.0
2017-03-28 22:00:00,3629.0
2017-03-28 23:00:00,3714.0
2017-03-29 00:00:00,3825.0
2017-03-29 01:00:00,3963.0
2017-03-29 02:00:00,3777.0
2017-03-29 03:00:00,3632.0
2017-03-29 04:00:00,3434.0
2017-03-29 05:00:00,3351.0
2017-03-29 06:00:00,3153.0
2017-03-29 07:00:00,3104.0
2017-03-29 08:00:00,3142.0
2017-03-29 09:00:00,3171.0
2017-03-29 10:00:00,3339.0
2017-03-29 11:00:00,3600.0
2017-03-29 12:00:00,3724.0
2017-03-29 13:00:00,3675.0
2017-03-29 14:00:00,3906.0
2017-03-29 15:00:00,3999.0
2017-03-29 16:00:00,3946.0
2017-03-29 17:00:00,3990.0
2017-03-29 18:00:00,4031.0
2017-03-29 19:00:00,4088.0
2017-03-29 20:00:00,3968.0
2017-03-29 21:00:00,3987.0
2017-03-29 22:00:00,3781.0
2017-03-29 23:00:00,3840.0
2017-03-30 00:00:00,3995.0
2017-03-30 01:00:00,4128.0
2017-03-30 02:00:00,3933.0
2017-03-30 03:00:00,3741.0
2017-03-30 04:00:00,3701.0
2017-03-30 05:00:00,3570.0
2017-03-30 06:00:00,3418.0
2017-03-30 07:00:00,3338.0
2017-03-30 08:00:00,3247.0
2017-03-30 09:00:00,3278.0
2017-03-30 10:00:00,3189.0
2017-03-30 11:00:00,3372.0
2017-03-30 12:00:00,3504.0
2017-03-30 13:00:00,3571.0
2017-03-30 14:00:00,3675.0
2017-03-30 15:00:00,3751.0
2017-03-30 16:00:00,3758.0
2017-03-30 17:00:00,3807.0
2017-03-30 18:00:00,3811.0
2017-03-30 19:00:00,3925.0
2017-03-30 20:00:00,3792.0
2017-03-30 21:00:00,3860.0
2017-03-30 22:00:00,3641.0
2017-03-30 23:00:00,3806.0
2017-03-31 00:00:00,3793.0
2017-03-31 01:00:00,3654.0
2017-03-31 02:00:00,3560.0
2017-03-31 03:00:00,3485.0
2017-03-31 04:00:00,3407.0
2017-03-31 05:00:00,3296.0
2017-03-31 06:00:00,2878.0
2017-03-31 07:00:00,2983.0
2017-03-31 08:00:00,2830.0
2017-03-31 09:00:00,2882.0
2017-03-31 10:00:00,2835.0
2017-03-31 11:00:00,2915.0
2017-03-31 12:00:00,2903.0
2017-03-31 13:00:00,3016.0
2017-03-31 14:00:00,3020.0
2017-03-31 15:00:00,3258.0
2017-03-31 16:00:00,3217.0
2017-03-31 17:00:00,3169.0
2017-03-31 18:00:00,3227.0
2017-03-31 19:00:00,3161.0
2017-03-31 20:00:00,3160.0
2017-03-31 21:00:00,3244.0
2017-03-31 22:00:00,3053.0
2017-03-31 23:00:00,3042.0
2017-04-01 00:00:00,3058.0
2017-04-01 01:00:00,2885.0
2017-04-01 02:00:00,2906.0
2017-04-01 03:00:00,2912.0
2017-04-01 04:00:00,2837.0
2017-04-01 05:00:00,2846.0
2017-04-01 06:00:00,2767.0
2017-04-01 07:00:00,2784.0
2017-04-01 08:00:00,2712.0
2017-04-01 09:00:00,3032.0
2017-04-01 10:00:00,3084.0
2017-04-01 11:00:00,3588.0
2017-04-01 12:00:00,3862.0
2017-04-01 13:00:00,3909.0
2017-04-01 14:00:00,4149.0
2017-04-01 15:00:00,3715.0
2017-04-01 16:00:00,3675.0
2017-04-01 17:00:00,3695.0
2017-04-01 18:00:00,3947.0
2017-04-01 19:00:00,3824.0
2017-04-01 20:00:00,3728.0
2017-04-01 21:00:00,3649.0
2017-04-01 22:00:00,3550.0
2017-04-01 23:00:00,3636.0
2017-04-02 00:00:00,3646.0
2017-04-02 01:00:00,3544.0
2017-04-02 02:00:00,3450.0
2017-04-02 03:00:00,3331.0
2017-04-02 04:00:00,3109.0
2017-04-02 05:00:00,2987.0
2017-04-02 06:00:00,2883.0
2017-04-02 07:00:00,2837.0
2017-04-02 08:00:00,2777.0
2017-04-02 09:00:00,2890.0
2017-04-02 10:00:00,2960.0
2017-04-02 11:00:00,3249.0
2017-04-02 12:00:00,3271.0
2017-04-02 13:00:00,3349.0
2017-04-02 14:00:00,3641.0
2017-04-02 15:00:00,3601.0
2017-04-02 16:00:00,3505.0
2017-04-02 17:00:00,3549.0
2017-04-02 18:00:00,3675.0
2017-04-02 19:00:00,3739.0
2017-04-02 20:00:00,3686.0
2017-04-02 21:00:00,3616.0
2017-04-02 22:00:00,3420.0
2017-04-02 23:00:00,3566.0
2017-04-03 00:00:00,3693.0
2017-04-03 01:00:00,3756.0
2017-04-03 02:00:00,3610.0
2017-04-03 03:00:00,3455.0
2017-04-03 04:00:00,3130.0
2017-04-03 05:00:00,2945.0
2017-04-03 06:00:00,2886.0
2017-04-03 07:00:00,2830.0
2017-04-03 08:00:00,2838.0
2017-04-03 09:00:00,2871.0
2017-04-03 10:00:00,3157.0
2017-04-03 11:00:00,3288.0
2017-04-03 12:00:00,3214.0
2017-04-03 13:00:00,3397.0
2017-04-03 14:00:00,4126.0
2017-04-03 15:00:00,4166.0
2017-04-03 16:00:00,4111.0
2017-04-03 17:00:00,4005.0
2017-04-03 18:00:00,4000.0
2017-04-03 19:00:00,4104.0
2017-04-03 20:00:00,4146.0
2017-04-03 21:00:00,3972.0
2017-04-03 22:00:00,3648.0
2017-04-03 23:00:00,3845.0
2017-04-04 00:00:00,3795.0
2017-04-04 01:00:00,3761.0
2017-04-04 02:00:00,3513.0
2017-04-04 03:00:00,3408.0
2017-04-04 04:00:00,3275.0
2017-04-04 05:00:00,3257.0
2017-04-04 06:00:00,3170.0
2017-04-04 07:00:00,3109.0
2017-04-04 08:00:00,3174.0
2017-04-04 09:00:00,3175.0
2017-04-04 10:00:00,3259.0
2017-04-04 11:00:00,3540.0
2017-04-04 12:00:00,3582.0
2017-04-04 13:00:00,3775.0
2017-04-04 14:00:00,4096.0
2017-04-04 15:00:00,4002.0
2017-04-04 16:00:00,3985.0
2017-04-04 17:00:00,4125.0
2017-04-04 18:00:00,4088.0
2017-04-04 19:00:00,4174.0
2017-04-04 20:00:00,4233.0
2017-04-04 21:00:00,4111.0
2017-04-04 22:00:00,3728.0
2017-04-04 23:00:00,3777.0
2017-04-05 00:00:00,3948.0
2017-04-05 01:00:00,4039.0
2017-04-05 02:00:00,3976.0
2017-04-05 03:00:00,3783.0
2017-04-05 04:00:00,3344.0
2017-04-05 05:00:00,3186.0
2017-04-05 06:00:00,3115.0
2017-04-05 07:00:00,3116.0
2017-04-05 08:00:00,3261.0
2017-04-05 09:00:00,3196.0
2017-04-05 10:00:00,3149.0
2017-04-05 11:00:00,3313.0
2017-04-05 12:00:00,3322.0
2017-04-05 13:00:00,3583.0
2017-04-05 14:00:00,3739.0
2017-04-05 15:00:00,3956.0
2017-04-05 16:00:00,3902.0
2017-04-05 17:00:00,3970.0
2017-04-05 18:00:00,4042.0
2017-04-05 19:00:00,4029.0
2017-04-05 20:00:00,4082.0
2017-04-05 21:00:00,3975.0
2017-04-05 22:00:00,3788.0
2017-04-05 23:00:00,3678.0
2017-04-06 00:00:00,3886.0
2017-04-06 01:00:00,3963.0
2017-04-06 02:00:00,3867.0
2017-04-06 03:00:00,3637.0
2017-04-06 04:00:00,3431.0
2017-04-06 05:00:00,3255.0
2017-04-06 06:00:00,3134.0
2017-04-06 07:00:00,3112.0
2017-04-06 08:00:00,3198.0
2017-04-06 09:00:00,3156.0
2017-04-06 10:00:00,2996.0
2017-04-06 11:00:00,3019.0
2017-04-06 12:00:00,2987.0
2017-04-06 13:00:00,3070.0
2017-04-06 14:00:00,3268.0
2017-04-06 15:00:00,3370.0
2017-04-06 16:00:00,3609.0
2017-04-06 17:00:00,3680.0
2017-04-06 18:00:00,3503.0
2017-04-06 19:00:00,3567.0
2017-04-06 20:00:00,3735.0
2017-04-06 21:00:00,3836.0
2017-04-06 22:00:00,3657.0
2017-04-06 23:00:00,3862.0
2017-04-07 00:00:00,3773.0
2017-04-07 01:00:00,3668.0
2017-04-07 02:00:00,3529.0
2017-04-07 03:00:00,3504.0
2017-04-07 04:00:00,3370.0
2017-04-07 05:00:00,3309.0
2017-04-07 06:00:00,2942.0
2017-04-07 07:00:00,2955.0
2017-04-07 08:00:00,2960.0
2017-04-07 09:00:00,2871.0
2017-04-07 10:00:00,2798.0
2017-04-07 11:00:00,2961.0
2017-04-07 12:00:00,2855.0
2017-04-07 13:00:00,2934.0
2017-04-07 14:00:00,3136.0
2017-04-07 15:00:00,3271.0
2017-04-07 16:00:00,3241.0
2017-04-07 17:00:00,3254.0
2017-04-07 18:00:00,3253.0
2017-04-07 19:00:00,3283.0
2017-04-07 20:00:00,3286.0
2017-04-07 21:00:00,3336.0
2017-04-07 22:00:00,3103.0
2017-04-07 23:00:00,3047.0
2017-04-08 00:00:00,3081.0
2017-04-08 01:00:00,3111.0
2017-04-08 02:00:00,3083.0
2017-04-08 03:00:00,3104.0
2017-04-08 04:00:00,2990.0
2017-04-08 05:00:00,2993.0
2017-04-08 06:00:00,2887.0
2017-04-08 07:00:00,2957.0
2017-04-08 08:00:00,3049.0
2017-04-08 09:00:00,3163.0
2017-04-08 10:00:00,3229.0
2017-04-08 11:00:00,3521.0
2017-04-08 12:00:00,3612.0
2017-04-08 13:00:00,3724.0
2017-04-08 14:00:00,4038.0
2017-04-08 15:00:00,4367.0
2017-04-08 16:00:00,4301.0
2017-04-08 17:00:00,4369.0
2017-04-08 18:00:00,4371.0
2017-04-08 19:00:00,4323.0
2017-04-08 20:00:00,4398.0
2017-04-08 21:00:00,4305.0
2017-04-08 22:00:00,4046.0
2017-04-08 23:00:00,4241.0
2017-04-09 00:00:00,4381.0
2017-04-09 01:00:00,4380.0
2017-04-09 02:00:00,4112.0
2017-04-09 03:00:00,4002.0
2017-04-09 04:00:00,3819.0
2017-04-09 05:00:00,3603.0
2017-04-09 06:00:00,3549.0
2017-04-09 07:00:00,3447.0
2017-04-09 08:00:00,3293.0
2017-04-09 09:00:00,3389.0
2017-04-09 10:00:00,3460.0
2017-04-09 11:00:00,3955.0
2017-04-09 12:00:00,4115.0
2017-04-09 13:00:00,3827.0
2017-04-09 14:00:00,3964.0
2017-04-09 15:00:00,3963.0
2017-04-09 16:00:00,4118.0
2017-04-09 17:00:00,3988.0
2017-04-09 18:00:00,4086.0
2017-04-09 19:00:00,3947.0
2017-04-09 20:00:00,4110.0
2017-04-09 21:00:00,4139.0
2017-04-09 22:00:00,3895.0
2017-04-09 23:00:00,4021.0
2017-04-10 00:00:00,4132.0
2017-04-10 01:00:00,4184.0
2017-04-10 02:00:00,4034.0
2017-04-10 03:00:00,3972.0
2017-04-10 04:00:00,3694.0
2017-04-10 05:00:00,3470.0
2017-04-10 06:00:00,3236.0
2017-04-10 07:00:00,3111.0
2017-04-10 08:00:00,3139.0
2017-04-10 09:00:00,3136.0
2017-04-10 10:00:00,3334.0
2017-04-10 11:00:00,3584.0
2017-04-10 12:00:00,3686.0
2017-04-10 13:00:00,3727.0
2017-04-10 14:00:00,4121.0
2017-04-10 15:00:00,3996.0
2017-04-10 16:00:00,3610.0
2017-04-10 17:00:00,3782.0
2017-04-10 18:00:00,4010.0
2017-04-10 19:00:00,3868.0
2017-04-10 20:00:00,4046.0
2017-04-10 21:00:00,4125.0
2017-04-10 22:00:00,3978.0
2017-04-10 23:00:00,4134.0
2017-04-11 00:00:00,4042.0
2017-04-11 01:00:00,3970.0
2017-04-11 02:00:00,3854.0
2017-04-11 03:00:00,3635.0
2017-04-11 04:00:00,3559.0
2017-04-11 05:00:00,3497.0
2017-04-11 06:00:00,3298.0
2017-04-11 07:00:00,3064.0
2017-04-11 08:00:00,3198.0
2017-04-11 09:00:00,3227.0
2017-04-11 10:00:00,3315.0
2017-04-11 11:00:00,3445.0
2017-04-11 12:00:00,3643.0
2017-04-11 13:00:00,3569.0
2017-04-11 14:00:00,4234.0
2017-04-11 15:00:00,3926.0
2017-04-11 16:00:00,3844.0
2017-04-11 17:00:00,3992.0
2017-04-11 18:00:00,3958.0
2017-04-11 19:00:00,3844.0
2017-04-11 20:00:00,3655.0
2017-04-11 21:00:00,4061.0
2017-04-11 22:00:00,3658.0
2017-04-11 23:00:00,3738.0
2017-04-12 00:00:00,3961.0
2017-04-12 01:00:00,3970.0
2017-04-12 02:00:00,3829.0
2017-04-12 03:00:00,3589.0
2017-04-12 04:00:00,3393.0
2017-04-12 05:00:00,3262.0
2017-04-12 06:00:00,3191.0
2017-04-12 07:00:00,3008.0
2017-04-12 08:00:00,3115.0
2017-04-12 09:00:00,3130.0
2017-04-12 10:00:00,3024.0
2017-04-12 11:00:00,3469.0
2017-04-12 12:00:00,3394.0
2017-04-12 13:00:00,3409.0
2017-04-12 14:00:00,3621.0
2017-04-12 15:00:00,3824.0
2017-04-12 16:00:00,3776.0
2017-04-12 17:00:00,3865.0
2017-04-12 18:00:00,3877.0
2017-04-12 19:00:00,3956.0
2017-04-12 20:00:00,4041.0
2017-04-12 21:00:00,3804.0
2017-04-12 22:00:00,3625.0
2017-04-12 23:00:00,3728.0
2017-04-13 00:00:00,3937.0
2017-04-13 01:00:00,3986.0
2017-04-13 02:00:00,3962.0
2017-04-13 03:00:00,3705.0
2017-04-13 04:00:00,3317.0
2017-04-13 05:00:00,3260.0
2017-04-13 06:00:00,3082.0
2017-04-13 07:00:00,3060.0
2017-04-13 08:00:00,3079.0
2017-04-13 09:00:00,3065.0
2017-04-13 10:00:00,2947.0
2017-04-13 11:00:00,3002.0
2017-04-13 12:00:00,3057.0
2017-04-13 13:00:00,3009.0
2017-04-13 14:00:00,3259.0
2017-04-13 15:00:00,3267.0
2017-04-13 16:00:00,3149.0
2017-04-13 17:00:00,3176.0
2017-04-13 18:00:00,3287.0
2017-04-13 19:00:00,3146.0
2017-04-13 20:00:00,3323.0
2017-04-13 21:00:00,3218.0
2017-04-13 22:00:00,3159.0
2017-04-13 23:00:00,3295.0
2017-04-14 00:00:00,3306.0
2017-04-14 01:00:00,3360.0
2017-04-14 02:00:00,3316.0
2017-04-14 03:00:00,3278.0
2017-04-14 04:00:00,3117.0
2017-04-14 05:00:00,3014.0
2017-04-14 06:00:00,2962.0
2017-04-14 07:00:00,2876.0
2017-04-14 08:00:00,2984.0
2017-04-14 09:00:00,2884.0
2017-04-14 10:00:00,2787.0
2017-04-14 11:00:00,2823.0
2017-04-14 12:00:00,2825.0
2017-04-14 13:00:00,2955.0
2017-04-14 14:00:00,3079.0
2017-04-14 15:00:00,3277.0
2017-04-14 16:00:00,3332.0
2017-04-14 17:00:00,3293.0
2017-04-14 18:00:00,3078.0
2017-04-14 19:00:00,3159.0
2017-04-14 20:00:00,3236.0
2017-04-14 21:00:00,3178.0
2017-04-14 22:00:00,3082.0
2017-04-14 23:00:00,3038.0
2017-04-15 00:00:00,2947.0
2017-04-15 01:00:00,3003.0
2017-04-15 02:00:00,3092.0
2017-04-15 03:00:00,3041.0
2017-04-15 04:00:00,2930.0
2017-04-15 05:00:00,2939.0
2017-04-15 06:00:00,2976.0
2017-04-15 07:00:00,2911.0
2017-04-15 08:00:00,3143.0
2017-04-15 09:00:00,3172.0
2017-04-15 10:00:00,3117.0
2017-04-15 11:00:00,3022.0
2017-04-15 12:00:00,3057.0
2017-04-15 13:00:00,3055.0
2017-04-15 14:00:00,3387.0
2017-04-15 15:00:00,3342.0
2017-04-15 16:00:00,3232.0
2017-04-15 17:00:00,3288.0
2017-04-15 18:00:00,3339.0
2017-04-15 19:00:00,3335.0
2017-04-15 20:00:00,3470.0
2017-04-15 21:00:00,3425.0
2017-04-15 22:00:00,3264.0
2017-04-15 23:00:00,3313.0
2017-04-16 00:00:00,3385.0
2017-04-16 01:00:00,3503.0
2017-04-16 02:00:00,3247.0
2017-04-16 03:00:00,3211.0
2017-04-16 04:00:00,2943.0
2017-04-16 05:00:00,2808.0
2017-04-16 06:00:00,2729.0
2017-04-16 07:00:00,2531.0
2017-04-16 08:00:00,2597.0
2017-04-16 09:00:00,2769.0
2017-04-16 10:00:00,2894.0
2017-04-16 11:00:00,3267.0
2017-04-16 12:00:00,3095.0
2017-04-16 13:00:00,3233.0
2017-04-16 14:00:00,3378.0
2017-04-16 15:00:00,3361.0
2017-04-16 16:00:00,3114.0
2017-04-16 17:00:00,3208.0
2017-04-16 18:00:00,3220.0
2017-04-16 19:00:00,3422.0
2017-04-16 20:00:00,3570.0
2017-04-16 21:00:00,3496.0
2017-04-16 22:00:00,3388.0
2017-04-16 23:00:00,3393.0
2017-04-17 00:00:00,3437.0
2017-04-17 01:00:00,3579.0
2017-04-17 02:00:00,3425.0
2017-04-17 03:00:00,3260.0
2017-04-17 04:00:00,3029.0
2017-04-17 05:00:00,2916.0
2017-04-17 06:00:00,2816.0
2017-04-17 07:00:00,2711.0
2017-04-17 08:00:00,2843.0
2017-04-17 09:00:00,2810.0
2017-04-17 10:00:00,2822.0
2017-04-17 11:00:00,3240.0
2017-04-17 12:00:00,3195.0
2017-04-17 13:00:00,3174.0
2017-04-17 14:00:00,3297.0
2017-04-17 15:00:00,3270.0
2017-04-17 16:00:00,3209.0
2017-04-17 17:00:00,3418.0
2017-04-17 18:00:00,3428.0
2017-04-17 19:00:00,3363.0
2017-04-17 20:00:00,3378.0
2017-04-17 21:00:00,3300.0
2017-04-17 22:00:00,3274.0
2017-04-17 23:00:00,3428.0
2017-04-18 00:00:00,3326.0
2017-04-18 01:00:00,3361.0
2017-04-18 02:00:00,3425.0
2017-04-18 03:00:00,3119.0
2017-04-18 04:00:00,2926.0
2017-04-18 05:00:00,2857.0
2017-04-18 06:00:00,2724.0
2017-04-18 07:00:00,2765.0
2017-04-18 08:00:00,2818.0
2017-04-18 09:00:00,2816.0
2017-04-18 10:00:00,2918.0
2017-04-18 11:00:00,3192.0
2017-04-18 12:00:00,3089.0
2017-04-18 13:00:00,3261.0
2017-04-18 14:00:00,3398.0
2017-04-18 15:00:00,3380.0
2017-04-18 16:00:00,3144.0
2017-04-18 17:00:00,2763.0
2017-04-18 18:00:00,3288.0
2017-04-18 19:00:00,3248.0
2017-04-18 20:00:00,3481.0
2017-04-18 21:00:00,3420.0
2017-04-18 22:00:00,3206.0
2017-04-18 23:00:00,3306.0
2017-04-19 00:00:00,3423.0
2017-04-19 01:00:00,3551.0
2017-04-19 02:00:00,3464.0
2017-04-19 03:00:00,3236.0
2017-04-19 04:00:00,3079.0
2017-04-19 05:00:00,2897.0
2017-04-19 06:00:00,2753.0
2017-04-19 07:00:00,2735.0
2017-04-19 08:00:00,2740.0
2017-04-19 09:00:00,2789.0
2017-04-19 10:00:00,2867.0
2017-04-19 11:00:00,3139.0
2017-04-19 12:00:00,3188.0
2017-04-19 13:00:00,3024.0
2017-04-19 14:00:00,3104.0
2017-04-19 15:00:00,3209.0
2017-04-19 16:00:00,3091.0
2017-04-19 17:00:00,3084.0
2017-04-19 18:00:00,3074.0
2017-04-19 19:00:00,3153.0
2017-04-19 20:00:00,3342.0
2017-04-19 21:00:00,3080.0
2017-04-19 22:00:00,3028.0
2017-04-19 23:00:00,3218.0
2017-04-20 00:00:00,3399.0
2017-04-20 01:00:00,3562.0
2017-04-20 02:00:00,3500.0
2017-04-20 03:00:00,3241.0
2017-04-20 04:00:00,3036.0
2017-04-20 05:00:00,2883.0
2017-04-20 06:00:00,2844.0
2017-04-20 07:00:00,2751.0
2017-04-20 08:00:00,2758.0
2017-04-20 09:00:00,2659.0
2017-04-20 10:00:00,2667.0
2017-04-20 11:00:00,2650.0
2017-04-20 12:00:00,2587.0
2017-04-20 13:00:00,2580.0
2017-04-20 14:00:00,2816.0
2017-04-20 15:00:00,2876.0
2017-04-20 16:00:00,2941.0
2017-04-20 17:00:00,2971.0
2017-04-20 18:00:00,3056.0
2017-04-20 19:00:00,2988.0
2017-04-20 20:00:00,3100.0
2017-04-20 21:00:00,3085.0
2017-04-20 22:00:00,2936.0
2017-04-20 23:00:00,3110.0
2017-04-21 00:00:00,3142.0
2017-04-21 01:00:00,3297.0
2017-04-21 02:00:00,3211.0
2017-04-21 03:00:00,3076.0
2017-04-21 04:00:00,2872.0
2017-04-21 05:00:00,2805.0
2017-04-21 06:00:00,2638.0
2017-04-21 07:00:00,2571.0
2017-04-21 08:00:00,2627.0
2017-04-21 09:00:00,2599.0
2017-04-21 10:00:00,2568.0
2017-04-21 11:00:00,2538.0
2017-04-21 12:00:00,2499.0
2017-04-21 13:00:00,2516.0
2017-04-21 14:00:00,2561.0
2017-04-21 15:00:00,2541.0
2017-04-21 16:00:00,2529.0
2017-04-21 17:00:00,2538.0
2017-04-21 18:00:00,2617.0
2017-04-21 19:00:00,2626.0
2017-04-21 20:00:00,2658.0
2017-04-21 21:00:00,2765.0
2017-04-21 22:00:00,2724.0
2017-04-21 23:00:00,2735.0
2017-04-22 00:00:00,2635.0
2017-04-22 01:00:00,2662.0
2017-04-22 02:00:00,2780.0
2017-04-22 03:00:00,2760.0
2017-04-22 04:00:00,2702.0
2017-04-22 05:00:00,2664.0
2017-04-22 06:00:00,2604.0
2017-04-22 07:00:00,2633.0
2017-04-22 08:00:00,2802.0
2017-04-22 09:00:00,2852.0
2017-04-22 10:00:00,2945.0
2017-04-22 11:00:00,3120.0
2017-04-22 12:00:00,3407.0
2017-04-22 13:00:00,3352.0
2017-04-22 14:00:00,3408.0
2017-04-22 15:00:00,3444.0
2017-04-22 16:00:00,3583.0
2017-04-22 17:00:00,3647.0
2017-04-22 18:00:00,3632.0
2017-04-22 19:00:00,3365.0
2017-04-22 20:00:00,3697.0
2017-04-22 21:00:00,3665.0
2017-04-22 22:00:00,3637.0
2017-04-22 23:00:00,3673.0
2017-04-23 00:00:00,3729.0
2017-04-23 01:00:00,3773.0
2017-04-23 02:00:00,3720.0
2017-04-23 03:00:00,3599.0
2017-04-23 04:00:00,3401.0
2017-04-23 05:00:00,3248.0
2017-04-23 06:00:00,3106.0
2017-04-23 07:00:00,2916.0
2017-04-23 08:00:00,2986.0
2017-04-23 09:00:00,2922.0
2017-04-23 10:00:00,2922.0
2017-04-23 11:00:00,3370.0
2017-04-23 12:00:00,3357.0
2017-04-23 13:00:00,3460.0
2017-04-23 14:00:00,3782.0
2017-04-23 15:00:00,3672.0
2017-04-23 16:00:00,3674.0
2017-04-23 17:00:00,3923.0
2017-04-23 18:00:00,3900.0
2017-04-23 19:00:00,3895.0
2017-04-23 20:00:00,3873.0
2017-04-23 21:00:00,3789.0
2017-04-23 22:00:00,3643.0
2017-04-23 23:00:00,3786.0
2017-04-24 00:00:00,3845.0
2017-04-24 01:00:00,3935.0
2017-04-24 02:00:00,3823.0
2017-04-24 03:00:00,3652.0
2017-04-24 04:00:00,3489.0
2017-04-24 05:00:00,3276.0
2017-04-24 06:00:00,3020.0
2017-04-24 07:00:00,2946.0
2017-04-24 08:00:00,2999.0
2017-04-24 09:00:00,3160.0
2017-04-24 10:00:00,3123.0
2017-04-24 11:00:00,3386.0
2017-04-24 12:00:00,3235.0
2017-04-24 13:00:00,3233.0
2017-04-24 14:00:00,3428.0
2017-04-24 15:00:00,3467.0
2017-04-24 16:00:00,3429.0
2017-04-24 17:00:00,3338.0
2017-04-24 18:00:00,3305.0
2017-04-24 19:00:00,3378.0
2017-04-24 20:00:00,3298.0
2017-04-24 21:00:00,3246.0
2017-04-24 22:00:00,3099.0
2017-04-24 23:00:00,3237.0
2017-04-25 00:00:00,3223.0
2017-04-25 01:00:00,3448.0
2017-04-25 02:00:00,3344.0
2017-04-25 03:00:00,3233.0
2017-04-25 04:00:00,3081.0
2017-04-25 05:00:00,2961.0
2017-04-25 06:00:00,2814.0
2017-04-25 07:00:00,2867.0
2017-04-25 08:00:00,2890.0
2017-04-25 09:00:00,3041.0
2017-04-25 10:00:00,2933.0
2017-04-25 11:00:00,3185.0
2017-04-25 12:00:00,3232.0
2017-04-25 13:00:00,3261.0
2017-04-25 14:00:00,3277.0
2017-04-25 15:00:00,3212.0
2017-04-25 16:00:00,2996.0
2017-04-25 17:00:00,2987.0
2017-04-25 18:00:00,3156.0
2017-04-25 19:00:00,3164.0
2017-04-25 20:00:00,3450.0
2017-04-25 21:00:00,3248.0
2017-04-25 22:00:00,3108.0
2017-04-25 23:00:00,3328.0
2017-04-26 00:00:00,3615.0
2017-04-26 01:00:00,3873.0
2017-04-26 02:00:00,3585.0
2017-04-26 03:00:00,3293.0
2017-04-26 04:00:00,3206.0
2017-04-26 05:00:00,3181.0
2017-04-26 06:00:00,3123.0
2017-04-26 07:00:00,2898.0
2017-04-26 08:00:00,2952.0
2017-04-26 09:00:00,2939.0
2017-04-26 10:00:00,3102.0
2017-04-26 11:00:00,3273.0
2017-04-26 12:00:00,3329.0
2017-04-26 13:00:00,3174.0
2017-04-26 14:00:00,3492.0
2017-04-26 15:00:00,3375.0
2017-04-26 16:00:00,3409.0
2017-04-26 17:00:00,3621.0
2017-04-26 18:00:00,3549.0
2017-04-26 19:00:00,3638.0
2017-04-26 20:00:00,3569.0
2017-04-26 21:00:00,3465.0
2017-04-26 22:00:00,3470.0
2017-04-26 23:00:00,3551.0
2017-04-27 00:00:00,3430.0
2017-04-27 01:00:00,3646.0
2017-04-27 02:00:00,3576.0
2017-04-27 03:00:00,3360.0
2017-04-27 04:00:00,3144.0
2017-04-27 05:00:00,3040.0
2017-04-27 06:00:00,3036.0
2017-04-27 07:00:00,2733.0
2017-04-27 08:00:00,2733.0
2017-04-27 09:00:00,2463.0
2017-04-27 10:00:00,2653.0
2017-04-27 11:00:00,2717.0
2017-04-27 12:00:00,2627.0
2017-04-27 13:00:00,2607.0
2017-04-27 14:00:00,2653.0
2017-04-27 15:00:00,2594.0
2017-04-27 16:00:00,2595.0
2017-04-27 17:00:00,2803.0
2017-04-27 18:00:00,2857.0
2017-04-27 19:00:00,2801.0
2017-04-27 20:00:00,2845.0
2017-04-27 21:00:00,3009.0
2017-04-27 22:00:00,2927.0
2017-04-27 23:00:00,2922.0
2017-04-28 00:00:00,3060.0
2017-04-28 01:00:00,3190.0
2017-04-28 02:00:00,3018.0
2017-04-28 03:00:00,2807.0
2017-04-28 04:00:00,2752.0
2017-04-28 05:00:00,2682.0
2017-04-28 06:00:00,2441.0
2017-04-28 07:00:00,2257.0
2017-04-28 08:00:00,2369.0
2017-04-28 09:00:00,2208.0
2017-04-28 10:00:00,2253.0
2017-04-28 11:00:00,2221.0
2017-04-28 12:00:00,2339.0
2017-04-28 13:00:00,2319.0
2017-04-28 14:00:00,2360.0
2017-04-28 15:00:00,2324.0
2017-04-28 16:00:00,2297.0
2017-04-28 17:00:00,2323.0
2017-04-28 18:00:00,2328.0
2017-04-28 19:00:00,2356.0
2017-04-28 20:00:00,2373.0
2017-04-28 21:00:00,2224.0
2017-04-28 22:00:00,2279.0
2017-04-28 23:00:00,2304.0
2017-04-29 00:00:00,2286.0
2017-04-29 01:00:00,2251.0
2017-04-29 02:00:00,2308.0
2017-04-29 03:00:00,2261.0
2017-04-29 04:00:00,2296.0
2017-04-29 05:00:00,2326.0
2017-04-29 06:00:00,2319.0
2017-04-29 07:00:00,2322.0
2017-04-29 08:00:00,2261.0
2017-04-29 09:00:00,2494.0
2017-04-29 10:00:00,2604.0
2017-04-29 11:00:00,2995.0
2017-04-29 12:00:00,3028.0
2017-04-29 13:00:00,3104.0
2017-04-29 14:00:00,3129.0
2017-04-29 15:00:00,2999.0
2017-04-29 16:00:00,3084.0
2017-04-29 17:00:00,3120.0
2017-04-29 18:00:00,3181.0
2017-04-29 19:00:00,3114.0
2017-04-29 20:00:00,3038.0
2017-04-29 21:00:00,2958.0
2017-04-29 22:00:00,2975.0
2017-04-29 23:00:00,3227.0
2017-04-30 00:00:00,3439.0
2017-04-30 01:00:00,3494.0
2017-04-30 02:00:00,3335.0
2017-04-30 03:00:00,3118.0
2017-04-30 04:00:00,3093.0
2017-04-30 05:00:00,2884.0
2017-04-30 06:00:00,2821.0
2017-04-30 07:00:00,2692.0
2017-04-30 08:00:00,2699.0
2017-04-30 09:00:00,2714.0
2017-04-30 10:00:00,2801.0
2017-04-30 11:00:00,3065.0
2017-04-30 12:00:00,3129.0
2017-04-30 13:00:00,3142.0
2017-04-30 14:00:00,3310.0
2017-04-30 15:00:00,3272.0
2017-04-30 16:00:00,3196.0
2017-04-30 17:00:00,3225.0
2017-04-30 18:00:00,3296.0
2017-04-30 19:00:00,3206.0
2017-04-30 20:00:00,3232.0
2017-04-30 21:00:00,3023.0
2017-04-30 22:00:00,3004.0
2017-04-30 23:00:00,3242.0
2017-05-01 00:00:00,3483.0
2017-05-01 01:00:00,3457.0
2017-05-01 02:00:00,3272.0
2017-05-01 03:00:00,3007.0
2017-05-01 04:00:00,2907.0
2017-05-01 05:00:00,2816.0
2017-05-01 06:00:00,2614.0
2017-05-01 07:00:00,2573.0
2017-05-01 08:00:00,2689.0
2017-05-01 09:00:00,2585.0
2017-05-01 10:00:00,2727.0
2017-05-01 11:00:00,2982.0
2017-05-01 12:00:00,3220.0
2017-05-01 13:00:00,3083.0
2017-05-01 14:00:00,3230.0
2017-05-01 15:00:00,3185.0
2017-05-01 16:00:00,3145.0
2017-05-01 17:00:00,3208.0
2017-05-01 18:00:00,3407.0
2017-05-01 19:00:00,3306.0
2017-05-01 20:00:00,3378.0
2017-05-01 21:00:00,3239.0
2017-05-01 22:00:00,3153.0
2017-05-01 23:00:00,3320.0
2017-05-02 00:00:00,3292.0
2017-05-02 01:00:00,3360.0
2017-05-02 02:00:00,3139.0
2017-05-02 03:00:00,2988.0
2017-05-02 04:00:00,2800.0
2017-05-02 05:00:00,2827.0
2017-05-02 06:00:00,2769.0
2017-05-02 07:00:00,2829.0
2017-05-02 08:00:00,2854.0
2017-05-02 09:00:00,2834.0
2017-05-02 10:00:00,2827.0
2017-05-02 11:00:00,2846.0
2017-05-02 12:00:00,2864.0
2017-05-02 13:00:00,2962.0
2017-05-02 14:00:00,3228.0
2017-05-02 15:00:00,3184.0
2017-05-02 16:00:00,3138.0
2017-05-02 17:00:00,3215.0
2017-05-02 18:00:00,2981.0
2017-05-02 19:00:00,3079.0
2017-05-02 20:00:00,3274.0
2017-05-02 21:00:00,3267.0
2017-05-02 22:00:00,3028.0
2017-05-02 23:00:00,3178.0
2017-05-03 00:00:00,3384.0
2017-05-03 01:00:00,3353.0
2017-05-03 02:00:00,3208.0
2017-05-03 03:00:00,3126.0
2017-05-03 04:00:00,2938.0
2017-05-03 05:00:00,2862.0
2017-05-03 06:00:00,2726.0
2017-05-03 07:00:00,2703.0
2017-05-03 08:00:00,2694.0
2017-05-03 09:00:00,2781.0
2017-05-03 10:00:00,3059.0
2017-05-03 11:00:00,3228.0
2017-05-03 12:00:00,3274.0
2017-05-03 13:00:00,3268.0
2017-05-03 14:00:00,3426.0
2017-05-03 15:00:00,3396.0
2017-05-03 16:00:00,3375.0
2017-05-03 17:00:00,3558.0
2017-05-03 18:00:00,3416.0
2017-05-03 19:00:00,3474.0
2017-05-03 20:00:00,3566.0
2017-05-03 21:00:00,3433.0
2017-05-03 22:00:00,3380.0
2017-05-03 23:00:00,3414.0
2017-05-04 00:00:00,3438.0
2017-05-04 01:00:00,3537.0
2017-05-04 02:00:00,3446.0
2017-05-04 03:00:00,3158.0
2017-05-04 04:00:00,3155.0
2017-05-04 05:00:00,3014.0
2017-05-04 06:00:00,2955.0
2017-05-04 07:00:00,2761.0
2017-05-04 08:00:00,2791.0
2017-05-04 09:00:00,2747.0
2017-05-04 10:00:00,2829.0
2017-05-04 11:00:00,2877.0
2017-05-04 12:00:00,2768.0
2017-05-04 13:00:00,2807.0
2017-05-04 14:00:00,2884.0
2017-05-04 15:00:00,2786.0
2017-05-04 16:00:00,2913.0
2017-05-04 17:00:00,2972.0
2017-05-04 18:00:00,3047.0
2017-05-04 19:00:00,3048.0
2017-05-04 20:00:00,3455.0
2017-05-04 21:00:00,3058.0
2017-05-04 22:00:00,3040.0
2017-05-04 23:00:00,3177.0
2017-05-05 00:00:00,3262.0
2017-05-05 01:00:00,3272.0
2017-05-05 02:00:00,3165.0
2017-05-05 03:00:00,3045.0
2017-05-05 04:00:00,2939.0
2017-05-05 05:00:00,2787.0
2017-05-05 06:00:00,2705.0
2017-05-05 07:00:00,2673.0
2017-05-05 08:00:00,2636.0
2017-05-05 09:00:00,2560.0
2017-05-05 10:00:00,2653.0
2017-05-05 11:00:00,2567.0
2017-05-05 12:00:00,2534.0
2017-05-05 13:00:00,2557.0
2017-05-05 14:00:00,2638.0
2017-05-05 15:00:00,2548.0
2017-05-05 16:00:00,2601.0
2017-05-05 17:00:00,2584.0
2017-05-05 18:00:00,2617.0
2017-05-05 19:00:00,2545.0
2017-05-05 20:00:00,2572.0
2017-05-05 21:00:00,2466.0
2017-05-05 22:00:00,2519.0
2017-05-05 23:00:00,2529.0
2017-05-06 00:00:00,2573.0
2017-05-06 01:00:00,2513.0
2017-05-06 02:00:00,2457.0
2017-05-06 03:00:00,2424.0
2017-05-06 04:00:00,2418.0
2017-05-06 05:00:00,2462.0
2017-05-06 06:00:00,2435.0
2017-05-06 07:00:00,2473.0
2017-05-06 08:00:00,2517.0
2017-05-06 09:00:00,2712.0
2017-05-06 10:00:00,2795.0
2017-05-06 11:00:00,3033.0
2017-05-06 12:00:00,3063.0
2017-05-06 13:00:00,3149.0
2017-05-06 14:00:00,3284.0
2017-05-06 15:00:00,3199.0
2017-05-06 16:00:00,3247.0
2017-05-06 17:00:00,3334.0
2017-05-06 18:00:00,3363.0
2017-05-06 19:00:00,3309.0
2017-05-06 20:00:00,3426.0
2017-05-06 21:00:00,3225.0
2017-05-06 22:00:00,3138.0
2017-05-06 23:00:00,3309.0
2017-05-07 00:00:00,3425.0
2017-05-07 01:00:00,3457.0
2017-05-07 02:00:00,3295.0
2017-05-07 03:00:00,3128.0
2017-05-07 04:00:00,2964.0
2017-05-07 05:00:00,2844.0
2017-05-07 06:00:00,2704.0
2017-05-07 07:00:00,2748.0
2017-05-07 08:00:00,2778.0
2017-05-07 09:00:00,2747.0
2017-05-07 10:00:00,2947.0
2017-05-07 11:00:00,3353.0
2017-05-07 12:00:00,3260.0
2017-05-07 13:00:00,3313.0
2017-05-07 14:00:00,3668.0
2017-05-07 15:00:00,3473.0
2017-05-07 16:00:00,3477.0
2017-05-07 17:00:00,3608.0
2017-05-07 18:00:00,3721.0
2017-05-07 19:00:00,3584.0
2017-05-07 20:00:00,3420.0
2017-05-07 21:00:00,3131.0
2017-05-07 22:00:00,3132.0
2017-05-07 23:00:00,3311.0
2017-05-08 00:00:00,3463.0
2017-05-08 01:00:00,3503.0
2017-05-08 02:00:00,3223.0
2017-05-08 03:00:00,2993.0
2017-05-08 04:00:00,2887.0
2017-05-08 05:00:00,2788.0
2017-05-08 06:00:00,2672.0
2017-05-08 07:00:00,2673.0
2017-05-08 08:00:00,2701.0
2017-05-08 09:00:00,2740.0
2017-05-08 10:00:00,2986.0
2017-05-08 11:00:00,3230.0
2017-05-08 12:00:00,3263.0
2017-05-08 13:00:00,3333.0
2017-05-08 14:00:00,3453.0
2017-05-08 15:00:00,3198.0
2017-05-08 16:00:00,3212.0
2017-05-08 17:00:00,3217.0
2017-05-08 18:00:00,3106.0
2017-05-08 19:00:00,3274.0
2017-05-08 20:00:00,3105.0
2017-05-08 21:00:00,3181.0
2017-05-08 22:00:00,3125.0
2017-05-08 23:00:00,3367.0
2017-05-09 00:00:00,3312.0
2017-05-09 01:00:00,3348.0
2017-05-09 02:00:00,3160.0
2017-05-09 03:00:00,2946.0
2017-05-09 04:00:00,2817.0
2017-05-09 05:00:00,2814.0
2017-05-09 06:00:00,2664.0
2017-05-09 07:00:00,2662.0
2017-05-09 08:00:00,2623.0
2017-05-09 09:00:00,2678.0
2017-05-09 10:00:00,2744.0
2017-05-09 11:00:00,3134.0
2017-05-09 12:00:00,3250.0
2017-05-09 13:00:00,3284.0
2017-05-09 14:00:00,3406.0
2017-05-09 15:00:00,3207.0
2017-05-09 16:00:00,3232.0
2017-05-09 17:00:00,3293.0
2017-05-09 18:00:00,3353.0
2017-05-09 19:00:00,3390.0
2017-05-09 20:00:00,3315.0
2017-05-09 21:00:00,3144.0
2017-05-09 22:00:00,3114.0
2017-05-09 23:00:00,3363.0
2017-05-10 00:00:00,3538.0
2017-05-10 01:00:00,3376.0
2017-05-10 02:00:00,3112.0
2017-05-10 03:00:00,2938.0
2017-05-10 04:00:00,2857.0
2017-05-10 05:00:00,2789.0
2017-05-10 06:00:00,2679.0
2017-05-10 07:00:00,2617.0
2017-05-10 08:00:00,2695.0
2017-05-10 09:00:00,2774.0
2017-05-10 10:00:00,2882.0
2017-05-10 11:00:00,3030.0
2017-05-10 12:00:00,3219.0
2017-05-10 13:00:00,3253.0
2017-05-10 14:00:00,3317.0
2017-05-10 15:00:00,3438.0
2017-05-10 16:00:00,3405.0
2017-05-10 17:00:00,3359.0
2017-05-10 18:00:00,3447.0
2017-05-10 19:00:00,3473.0
2017-05-10 20:00:00,3415.0
2017-05-10 21:00:00,3212.0
2017-05-10 22:00:00,3149.0
2017-05-10 23:00:00,3212.0
2017-05-11 00:00:00,3377.0
2017-05-11 01:00:00,3297.0
2017-05-11 02:00:00,3159.0
2017-05-11 03:00:00,3028.0
2017-05-11 04:00:00,2888.0
2017-05-11 05:00:00,2872.0
2017-05-11 06:00:00,2756.0
2017-05-11 07:00:00,2558.0
2017-05-11 08:00:00,2555.0
2017-05-11 09:00:00,2692.0
2017-05-11 10:00:00,2656.0
2017-05-11 11:00:00,2679.0
2017-05-11 12:00:00,2727.0
2017-05-11 13:00:00,2702.0
2017-05-11 14:00:00,2803.0
2017-05-11 15:00:00,2934.0
2017-05-11 16:00:00,2820.0
2017-05-11 17:00:00,3069.0
2017-05-11 18:00:00,2976.0
2017-05-11 19:00:00,3052.0
2017-05-11 20:00:00,3073.0
2017-05-11 21:00:00,3042.0
2017-05-11 22:00:00,2797.0
2017-05-11 23:00:00,2980.0
2017-05-12 00:00:00,3051.0
2017-05-12 01:00:00,3004.0
2017-05-12 02:00:00,2838.0
2017-05-12 03:00:00,2867.0
2017-05-12 04:00:00,2723.0
2017-05-12 05:00:00,2709.0
2017-05-12 06:00:00,2582.0
2017-05-12 07:00:00,2544.0
2017-05-12 08:00:00,2501.0
2017-05-12 09:00:00,2527.0
2017-05-12 10:00:00,2532.0
2017-05-12 11:00:00,2567.0
2017-05-12 12:00:00,2496.0
2017-05-12 13:00:00,2562.0
2017-05-12 14:00:00,2625.0
2017-05-12 15:00:00,2511.0
2017-05-12 16:00:00,2611.0
2017-05-12 17:00:00,2552.0
2017-05-12 18:00:00,2682.0
2017-05-12 19:00:00,2554.0
2017-05-12 20:00:00,2615.0
2017-05-12 21:00:00,2615.0
2017-05-12 22:00:00,2550.0
2017-05-12 23:00:00,2488.0
2017-05-13 00:00:00,2543.0
2017-05-13 01:00:00,2534.0
2017-05-13 02:00:00,2540.0
2017-05-13 03:00:00,2505.0
2017-05-13 04:00:00,2454.0
2017-05-13 05:00:00,2451.0
2017-05-13 06:00:00,2423.0
2017-05-13 07:00:00,2444.0
2017-05-13 08:00:00,2555.0
2017-05-13 09:00:00,2759.0
2017-05-13 10:00:00,2783.0
2017-05-13 11:00:00,3170.0
2017-05-13 12:00:00,3144.0
2017-05-13 13:00:00,3179.0
2017-05-13 14:00:00,3505.0
2017-05-13 15:00:00,3451.0
2017-05-13 16:00:00,3269.0
2017-05-13 17:00:00,3415.0
2017-05-13 18:00:00,3408.0
2017-05-13 19:00:00,3528.0
2017-05-13 20:00:00,3375.0
2017-05-13 21:00:00,3270.0
2017-05-13 22:00:00,2963.0
2017-05-13 23:00:00,3149.0
2017-05-14 00:00:00,3212.0
2017-05-14 01:00:00,3357.0
2017-05-14 02:00:00,3158.0
2017-05-14 03:00:00,3036.0
2017-05-14 04:00:00,2882.0
2017-05-14 05:00:00,2769.0
2017-05-14 06:00:00,2642.0
2017-05-14 07:00:00,2577.0
2017-05-14 08:00:00,2628.0
2017-05-14 09:00:00,2702.0
2017-05-14 10:00:00,3004.0
2017-05-14 11:00:00,3306.0
2017-05-14 12:00:00,3131.0
2017-05-14 13:00:00,3200.0
2017-05-14 14:00:00,3492.0
2017-05-14 15:00:00,3380.0
2017-05-14 16:00:00,3380.0
2017-05-14 17:00:00,3435.0
2017-05-14 18:00:00,3477.0
2017-05-14 19:00:00,3465.0
2017-05-14 20:00:00,3481.0
2017-05-14 21:00:00,3399.0
2017-05-14 22:00:00,3167.0
2017-05-14 23:00:00,3348.0
2017-05-15 00:00:00,3401.0
2017-05-15 01:00:00,3448.0
2017-05-15 02:00:00,3302.0
2017-05-15 03:00:00,3134.0
2017-05-15 04:00:00,2921.0
2017-05-15 05:00:00,2852.0
2017-05-15 06:00:00,2755.0
2017-05-15 07:00:00,2675.0
2017-05-15 08:00:00,2780.0
2017-05-15 09:00:00,2877.0
2017-05-15 10:00:00,3014.0
2017-05-15 11:00:00,3190.0
2017-05-15 12:00:00,3241.0
2017-05-15 13:00:00,3312.0
2017-05-15 14:00:00,3401.0
2017-05-15 15:00:00,3592.0
2017-05-15 16:00:00,3465.0
2017-05-15 17:00:00,3592.0
2017-05-15 18:00:00,3492.0
2017-05-15 19:00:00,3387.0
2017-05-15 20:00:00,3489.0
2017-05-15 21:00:00,3445.0
2017-05-15 22:00:00,3264.0
2017-05-15 23:00:00,3386.0
2017-05-16 00:00:00,3460.0
2017-05-16 01:00:00,3509.0
2017-05-16 02:00:00,3200.0
2017-05-16 03:00:00,3107.0
2017-05-16 04:00:00,2930.0
2017-05-16 05:00:00,2823.0
2017-05-16 06:00:00,2739.0
2017-05-16 07:00:00,2694.0
2017-05-16 08:00:00,2715.0
2017-05-16 09:00:00,2907.0
2017-05-16 10:00:00,3134.0
2017-05-16 11:00:00,3218.0
2017-05-16 12:00:00,3372.0
2017-05-16 13:00:00,3397.0
2017-05-16 14:00:00,3779.0
2017-05-16 15:00:00,3493.0
2017-05-16 16:00:00,3419.0
2017-05-16 17:00:00,3482.0
2017-05-16 18:00:00,3531.0
2017-05-16 19:00:00,3448.0
2017-05-16 20:00:00,3411.0
2017-05-16 21:00:00,3229.0
2017-05-16 22:00:00,2970.0
2017-05-16 23:00:00,3245.0
2017-05-17 00:00:00,3353.0
2017-05-17 01:00:00,3484.0
2017-05-17 02:00:00,3369.0
2017-05-17 03:00:00,3172.0
2017-05-17 04:00:00,2928.0
2017-05-17 05:00:00,2890.0
2017-05-17 06:00:00,2765.0
2017-05-17 07:00:00,2738.0
2017-05-17 08:00:00,2711.0
2017-05-17 09:00:00,2818.0
2017-05-17 10:00:00,3009.0
2017-05-17 11:00:00,3342.0
2017-05-17 12:00:00,3470.0
2017-05-17 13:00:00,3431.0
2017-05-17 14:00:00,3667.0
2017-05-17 15:00:00,3617.0
2017-05-17 16:00:00,3432.0
2017-05-17 17:00:00,3549.0
2017-05-17 18:00:00,3709.0
2017-05-17 19:00:00,3690.0
2017-05-17 20:00:00,3683.0
2017-05-17 21:00:00,3726.0
2017-05-17 22:00:00,3408.0
2017-05-17 23:00:00,3611.0
2017-05-18 00:00:00,3850.0
2017-05-18 01:00:00,3762.0
2017-05-18 02:00:00,3486.0
2017-05-18 03:00:00,3271.0
2017-05-18 04:00:00,3181.0
2017-05-18 05:00:00,3128.0
2017-05-18 06:00:00,2905.0
2017-05-18 07:00:00,2800.0
2017-05-18 08:00:00,2756.0
2017-05-18 09:00:00,2839.0
2017-05-18 10:00:00,2747.0
2017-05-18 11:00:00,2777.0
2017-05-18 12:00:00,2715.0
2017-05-18 13:00:00,2691.0
2017-05-18 14:00:00,2791.0
2017-05-18 15:00:00,2705.0
2017-05-18 16:00:00,2747.0
2017-05-18 17:00:00,2998.0
2017-05-18 18:00:00,2880.0
2017-05-18 19:00:00,2826.0
2017-05-18 20:00:00,2974.0
2017-05-18 21:00:00,2945.0
2017-05-18 22:00:00,2915.0
2017-05-18 23:00:00,3084.0
2017-05-19 00:00:00,3204.0
2017-05-19 01:00:00,3247.0
2017-05-19 02:00:00,3090.0
2017-05-19 03:00:00,3024.0
2017-05-19 04:00:00,2825.0
2017-05-19 05:00:00,2746.0
2017-05-19 06:00:00,2662.0
2017-05-19 07:00:00,2625.0
2017-05-19 08:00:00,2630.0
2017-05-19 09:00:00,2643.0
2017-05-19 10:00:00,2534.0
2017-05-19 11:00:00,2520.0
2017-05-19 12:00:00,2493.0
2017-05-19 13:00:00,2541.0
2017-05-19 14:00:00,2631.0
2017-05-19 15:00:00,2593.0
2017-05-19 16:00:00,2674.0
2017-05-19 17:00:00,2623.0
2017-05-19 18:00:00,2650.0
2017-05-19 19:00:00,2631.0
2017-05-19 20:00:00,2637.0
2017-05-19 21:00:00,2628.0
2017-05-19 22:00:00,2653.0
2017-05-19 23:00:00,2596.0
2017-05-20 00:00:00,2553.0
2017-05-20 01:00:00,2589.0
2017-05-20 02:00:00,2572.0
2017-05-20 03:00:00,2588.0
2017-05-20 04:00:00,2532.0
2017-05-20 05:00:00,2514.0
2017-05-20 06:00:00,2561.0
2017-05-20 07:00:00,2572.0
2017-05-20 08:00:00,2673.0
2017-05-20 09:00:00,2832.0
2017-05-20 10:00:00,2891.0
2017-05-20 11:00:00,3205.0
2017-05-20 12:00:00,3239.0
2017-05-20 13:00:00,3321.0
2017-05-20 14:00:00,3272.0
2017-05-20 15:00:00,3430.0
2017-05-20 16:00:00,3349.0
2017-05-20 17:00:00,3351.0
2017-05-20 18:00:00,3390.0
2017-05-20 19:00:00,3311.0
2017-05-20 20:00:00,3342.0
2017-05-20 21:00:00,3210.0
2017-05-20 22:00:00,2923.0
2017-05-20 23:00:00,3151.0
2017-05-21 00:00:00,3262.0
2017-05-21 01:00:00,3395.0
2017-05-21 02:00:00,3286.0
2017-05-21 03:00:00,3197.0
2017-05-21 04:00:00,2944.0
2017-05-21 05:00:00,2816.0
2017-05-21 06:00:00,2744.0
2017-05-21 07:00:00,2635.0
2017-05-21 08:00:00,2717.0
2017-05-21 09:00:00,2780.0
2017-05-21 10:00:00,3043.0
2017-05-21 11:00:00,3210.0
2017-05-21 12:00:00,3308.0
2017-05-21 13:00:00,3288.0
2017-05-21 14:00:00,3421.0
2017-05-21 15:00:00,3433.0
2017-05-21 16:00:00,3235.0
2017-05-21 17:00:00,3300.0
2017-05-21 18:00:00,3405.0
2017-05-21 19:00:00,3502.0
2017-05-21 20:00:00,3541.0
2017-05-21 21:00:00,3372.0
2017-05-21 22:00:00,3074.0
2017-05-21 23:00:00,3158.0
2017-05-22 00:00:00,3383.0
2017-05-22 01:00:00,3576.0
2017-05-22 02:00:00,3329.0
2017-05-22 03:00:00,3207.0
2017-05-22 04:00:00,3024.0
2017-05-22 05:00:00,2887.0
2017-05-22 06:00:00,2766.0
2017-05-22 07:00:00,2867.0
2017-05-22 08:00:00,2855.0
2017-05-22 09:00:00,2830.0
2017-05-22 10:00:00,3044.0
2017-05-22 11:00:00,3414.0
2017-05-22 12:00:00,3228.0
2017-05-22 13:00:00,3261.0
2017-05-22 14:00:00,3251.0
2017-05-22 15:00:00,3253.0
2017-05-22 16:00:00,3199.0
2017-05-22 17:00:00,3361.0
2017-05-22 18:00:00,3205.0
2017-05-22 19:00:00,3162.0
2017-05-22 20:00:00,3343.0
2017-05-22 21:00:00,3133.0
2017-05-22 22:00:00,2927.0
2017-05-22 23:00:00,3082.0
2017-05-23 00:00:00,3141.0
2017-05-23 01:00:00,3256.0
2017-05-23 02:00:00,3130.0
2017-05-23 03:00:00,2943.0
2017-05-23 04:00:00,2786.0
2017-05-23 05:00:00,2750.0
2017-05-23 06:00:00,2596.0
2017-05-23 07:00:00,2551.0
2017-05-23 08:00:00,2628.0
2017-05-23 09:00:00,2710.0
2017-05-23 10:00:00,2996.0
2017-05-23 11:00:00,3126.0
2017-05-23 12:00:00,3284.0
2017-05-23 13:00:00,3287.0
2017-05-23 14:00:00,3458.0
2017-05-23 15:00:00,3464.0
2017-05-23 16:00:00,3333.0
2017-05-23 17:00:00,3355.0
2017-05-23 18:00:00,3413.0
2017-05-23 19:00:00,3359.0
2017-05-23 20:00:00,3316.0
2017-05-23 21:00:00,3067.0
2017-05-23 22:00:00,2969.0
2017-05-23 23:00:00,3097.0
2017-05-24 00:00:00,3379.0
2017-05-24 01:00:00,3595.0
2017-05-24 02:00:00,3336.0
2017-05-24 03:00:00,3076.0
2017-05-24 04:00:00,2891.0
2017-05-24 05:00:00,2867.0
2017-05-24 06:00:00,2697.0
2017-05-24 07:00:00,2716.0
2017-05-24 08:00:00,2827.0
2017-05-24 09:00:00,2859.0
2017-05-24 10:00:00,3133.0
2017-05-24 11:00:00,3331.0
2017-05-24 12:00:00,3366.0
2017-05-24 13:00:00,3315.0
2017-05-24 14:00:00,3515.0
2017-05-24 15:00:00,3444.0
2017-05-24 16:00:00,3369.0
2017-05-24 17:00:00,3419.0
2017-05-24 18:00:00,3532.0
2017-05-24 19:00:00,3476.0
2017-05-24 20:00:00,3479.0
2017-05-24 21:00:00,3385.0
2017-05-24 22:00:00,3160.0
2017-05-24 23:00:00,3321.0
2017-05-25 00:00:00,3486.0
2017-05-25 01:00:00,3722.0
2017-05-25 02:00:00,3542.0
2017-05-25 03:00:00,3271.0
2017-05-25 04:00:00,3127.0
2017-05-25 05:00:00,3038.0
2017-05-25 06:00:00,2842.0
2017-05-25 07:00:00,2768.0
2017-05-25 08:00:00,2805.0
2017-05-25 09:00:00,2945.0
2017-05-25 10:00:00,2879.0
2017-05-25 11:00:00,3037.0
2017-05-25 12:00:00,2888.0
2017-05-25 13:00:00,2870.0
2017-05-25 14:00:00,2882.0
2017-05-25 15:00:00,2868.0
2017-05-25 16:00:00,2855.0
2017-05-25 17:00:00,2847.0
2017-05-25 18:00:00,2860.0
2017-05-25 19:00:00,2892.0
2017-05-25 20:00:00,3051.0
2017-05-25 21:00:00,2945.0
2017-05-25 22:00:00,2928.0
2017-05-25 23:00:00,3038.0
2017-05-26 00:00:00,3178.0
2017-05-26 01:00:00,3224.0
2017-05-26 02:00:00,3209.0
2017-05-26 03:00:00,3054.0
2017-05-26 04:00:00,2961.0
2017-05-26 05:00:00,2824.0
2017-05-26 06:00:00,2672.0
2017-05-26 07:00:00,2692.0
2017-05-26 08:00:00,2678.0
2017-05-26 09:00:00,2672.0
2017-05-26 10:00:00,2661.0
2017-05-26 11:00:00,2691.0
2017-05-26 12:00:00,2575.0
2017-05-26 13:00:00,2580.0
2017-05-26 14:00:00,2618.0
2017-05-26 15:00:00,2631.0
2017-05-26 16:00:00,2472.0
2017-05-26 17:00:00,2372.0
2017-05-26 18:00:00,2433.0
2017-05-26 19:00:00,2656.0
2017-05-26 20:00:00,2702.0
2017-05-26 21:00:00,2751.0
2017-05-26 22:00:00,2643.0
2017-05-26 23:00:00,2668.0
2017-05-27 00:00:00,2654.0
2017-05-27 01:00:00,2677.0
2017-05-27 02:00:00,2678.0
2017-05-27 03:00:00,2716.0
2017-05-27 04:00:00,2570.0
2017-05-27 05:00:00,2561.0
2017-05-27 06:00:00,2585.0
2017-05-27 07:00:00,2640.0
2017-05-27 08:00:00,2830.0
2017-05-27 09:00:00,2972.0
2017-05-27 10:00:00,2973.0
2017-05-27 11:00:00,3347.0
2017-05-27 12:00:00,3356.0
2017-05-27 13:00:00,3262.0
2017-05-27 14:00:00,3424.0
2017-05-27 15:00:00,3417.0
2017-05-27 16:00:00,3321.0
2017-05-27 17:00:00,3292.0
2017-05-27 18:00:00,3351.0
2017-05-27 19:00:00,3280.0
2017-05-27 20:00:00,3290.0
2017-05-27 21:00:00,3119.0
2017-05-27 22:00:00,2963.0
2017-05-27 23:00:00,3201.0
2017-05-28 00:00:00,3316.0
2017-05-28 01:00:00,3469.0
2017-05-28 02:00:00,3318.0
2017-05-28 03:00:00,3142.0
2017-05-28 04:00:00,2970.0
2017-05-28 05:00:00,2807.0
2017-05-28 06:00:00,2702.0
2017-05-28 07:00:00,2725.0
2017-05-28 08:00:00,2753.0
2017-05-28 09:00:00,2926.0
2017-05-28 10:00:00,3099.0
2017-05-28 11:00:00,3399.0
2017-05-28 12:00:00,3408.0
2017-05-28 13:00:00,3417.0
2017-05-28 14:00:00,3482.0
2017-05-28 15:00:00,3507.0
2017-05-28 16:00:00,3462.0
2017-05-28 17:00:00,3455.0
2017-05-28 18:00:00,3325.0
2017-05-28 19:00:00,3373.0
2017-05-28 20:00:00,3397.0
2017-05-28 21:00:00,3254.0
2017-05-28 22:00:00,3036.0
2017-05-28 23:00:00,3130.0
2017-05-29 00:00:00,3273.0
2017-05-29 01:00:00,3537.0
2017-05-29 02:00:00,3339.0
2017-05-29 03:00:00,3153.0
2017-05-29 04:00:00,2922.0
2017-05-29 05:00:00,2832.0
2017-05-29 06:00:00,2684.0
2017-05-29 07:00:00,2672.0
2017-05-29 08:00:00,2742.0
2017-05-29 09:00:00,2870.0
2017-05-29 10:00:00,3115.0
2017-05-29 11:00:00,3377.0
2017-05-29 12:00:00,3262.0
2017-05-29 13:00:00,3407.0
2017-05-29 14:00:00,3541.0
2017-05-29 15:00:00,3536.0
2017-05-29 16:00:00,3329.0
2017-05-29 17:00:00,3370.0
2017-05-29 18:00:00,3391.0
2017-05-29 19:00:00,3347.0
2017-05-29 20:00:00,3494.0
2017-05-29 21:00:00,3392.0
2017-05-29 22:00:00,3099.0
2017-05-29 23:00:00,3173.0
2017-05-30 00:00:00,3281.0
2017-05-30 01:00:00,3346.0
2017-05-30 02:00:00,3291.0
2017-05-30 03:00:00,3070.0
2017-05-30 04:00:00,2929.0
2017-05-30 05:00:00,2848.0
2017-05-30 06:00:00,2692.0
2017-05-30 07:00:00,2653.0
2017-05-30 08:00:00,2721.0
2017-05-30 09:00:00,2906.0
2017-05-30 10:00:00,3236.0
2017-05-30 11:00:00,3459.0
2017-05-30 12:00:00,3497.0
2017-05-30 13:00:00,3482.0
2017-05-30 14:00:00,3534.0
2017-05-30 15:00:00,3474.0
2017-05-30 16:00:00,3471.0
2017-05-30 17:00:00,3442.0
2017-05-30 18:00:00,3521.0
2017-05-30 19:00:00,3364.0
2017-05-30 20:00:00,3411.0
2017-05-30 21:00:00,3238.0
2017-05-30 22:00:00,3025.0
2017-05-30 23:00:00,3223.0
2017-05-31 00:00:00,3367.0
2017-05-31 01:00:00,3441.0
2017-05-31 02:00:00,3331.0
2017-05-31 03:00:00,3104.0
2017-05-31 04:00:00,2910.0
2017-05-31 05:00:00,2825.0
2017-05-31 06:00:00,2773.0
2017-05-31 07:00:00,2685.0
2017-05-31 08:00:00,2689.0
2017-05-31 09:00:00,2850.0
2017-05-31 10:00:00,3159.0
2017-05-31 11:00:00,3254.0
2017-05-31 12:00:00,3271.0
2017-05-31 13:00:00,3258.0
2017-05-31 14:00:00,3513.0
2017-05-31 15:00:00,3394.0
2017-05-31 16:00:00,3541.0
2017-05-31 17:00:00,3455.0
2017-05-31 18:00:00,3492.0
2017-05-31 19:00:00,3368.0
2017-05-31 20:00:00,3305.0
2017-05-31 21:00:00,3295.0
2017-05-31 22:00:00,3093.0
2017-05-31 23:00:00,3254.0
2017-06-01 00:00:00,3423.0
2017-06-01 01:00:00,3583.0
2017-06-01 02:00:00,3363.0
2017-06-01 03:00:00,3158.0
2017-06-01 04:00:00,2973.0
2017-06-01 05:00:00,2846.0
2017-06-01 06:00:00,2786.0
2017-06-01 07:00:00,2709.0
2017-06-01 08:00:00,2745.0
2017-06-01 09:00:00,2826.0
2017-06-01 10:00:00,2832.0
2017-06-01 11:00:00,2868.0
2017-06-01 12:00:00,2757.0
2017-06-01 13:00:00,2738.0
2017-06-01 14:00:00,2933.0
2017-06-01 15:00:00,2731.0
2017-06-01 16:00:00,2830.0
2017-06-01 17:00:00,2953.0
2017-06-01 18:00:00,2891.0
2017-06-01 19:00:00,2695.0
2017-06-01 20:00:00,2864.0
2017-06-01 21:00:00,2832.0
2017-06-01 22:00:00,2766.0
2017-06-01 23:00:00,2927.0
2017-06-02 00:00:00,2969.0
2017-06-02 01:00:00,3068.0
2017-06-02 02:00:00,2959.0
2017-06-02 03:00:00,2790.0
2017-06-02 04:00:00,2640.0
2017-06-02 05:00:00,2601.0
2017-06-02 06:00:00,2555.0
2017-06-02 07:00:00,2489.0
2017-06-02 08:00:00,2442.0
2017-06-02 09:00:00,2466.0
2017-06-02 10:00:00,2406.0
2017-06-02 11:00:00,2457.0
2017-06-02 12:00:00,2397.0
2017-06-02 13:00:00,2437.0
2017-06-02 14:00:00,2546.0
2017-06-02 15:00:00,2566.0
2017-06-02 16:00:00,2500.0
2017-06-02 17:00:00,2599.0
2017-06-02 18:00:00,2530.0
2017-06-02 19:00:00,2525.0
2017-06-02 20:00:00,2644.0
2017-06-02 21:00:00,2574.0
2017-06-02 22:00:00,2557.0
2017-06-02 23:00:00,2557.0
2017-06-03 00:00:00,2579.0
2017-06-03 01:00:00,2504.0
2017-06-03 02:00:00,2492.0
2017-06-03 03:00:00,2443.0
2017-06-03 04:00:00,2497.0
2017-06-03 05:00:00,2506.0
2017-06-03 06:00:00,2452.0
2017-06-03 07:00:00,2461.0
2017-06-03 08:00:00,2562.0
2017-06-03 09:00:00,2708.0
2017-06-03 10:00:00,2965.0
2017-06-03 11:00:00,3290.0
2017-06-03 12:00:00,3362.0
2017-06-03 13:00:00,3413.0
2017-06-03 14:00:00,3464.0
2017-06-03 15:00:00,3545.0
2017-06-03 16:00:00,3465.0
2017-06-03 17:00:00,3423.0
2017-06-03 18:00:00,3461.0
2017-06-03 19:00:00,3473.0
2017-06-03 20:00:00,3419.0
2017-06-03 21:00:00,3389.0
2017-06-03 22:00:00,3048.0
2017-06-03 23:00:00,3174.0
2017-06-04 00:00:00,3360.0
2017-06-04 01:00:00,3453.0
2017-06-04 02:00:00,3289.0
2017-06-04 03:00:00,3125.0
2017-06-04 04:00:00,2982.0
2017-06-04 05:00:00,2925.0
2017-06-04 06:00:00,2730.0
2017-06-04 07:00:00,2732.0
2017-06-04 08:00:00,2693.0
2017-06-04 09:00:00,2781.0
2017-06-04 10:00:00,3208.0
2017-06-04 11:00:00,3491.0
2017-06-04 12:00:00,3452.0
2017-06-04 13:00:00,3407.0
2017-06-04 14:00:00,3700.0
2017-06-04 15:00:00,3467.0
2017-06-04 16:00:00,3409.0
2017-06-04 17:00:00,3461.0
2017-06-04 18:00:00,3503.0
2017-06-04 19:00:00,3521.0
2017-06-04 20:00:00,3375.0
2017-06-04 21:00:00,3354.0
2017-06-04 22:00:00,3067.0
2017-06-04 23:00:00,3173.0
2017-06-05 00:00:00,3446.0
2017-06-05 01:00:00,3596.0
2017-06-05 02:00:00,3441.0
2017-06-05 03:00:00,3231.0
2017-06-05 04:00:00,3054.0
2017-06-05 05:00:00,2894.0
2017-06-05 06:00:00,2720.0
2017-06-05 07:00:00,2690.0
2017-06-05 08:00:00,2717.0
2017-06-05 09:00:00,2905.0
2017-06-05 10:00:00,3149.0
2017-06-05 11:00:00,3454.0
2017-06-05 12:00:00,3275.0
2017-06-05 13:00:00,3254.0
2017-06-05 14:00:00,3391.0
2017-06-05 15:00:00,3326.0
2017-06-05 16:00:00,3290.0
2017-06-05 17:00:00,3413.0
2017-06-05 18:00:00,3346.0
2017-06-05 19:00:00,3354.0
2017-06-05 20:00:00,3291.0
2017-06-05 21:00:00,3103.0
2017-06-05 22:00:00,2896.0
2017-06-05 23:00:00,3196.0
2017-06-06 00:00:00,3229.0
2017-06-06 01:00:00,3293.0
2017-06-06 02:00:00,3286.0
2017-06-06 03:00:00,3092.0
2017-06-06 04:00:00,2928.0
2017-06-06 05:00:00,2849.0
2017-06-06 06:00:00,2776.0
2017-06-06 07:00:00,2724.0
2017-06-06 08:00:00,2912.0
2017-06-06 09:00:00,2824.0
2017-06-06 10:00:00,3107.0
2017-06-06 11:00:00,3447.0
2017-06-06 12:00:00,3544.0
2017-06-06 13:00:00,3527.0
2017-06-06 14:00:00,3542.0
2017-06-06 15:00:00,3502.0
2017-06-06 16:00:00,3208.0
2017-06-06 17:00:00,3573.0
2017-06-06 18:00:00,3540.0
2017-06-06 19:00:00,3521.0
2017-06-06 20:00:00,3585.0
2017-06-06 21:00:00,3557.0
2017-06-06 22:00:00,3104.0
2017-06-06 23:00:00,3283.0
2017-06-07 00:00:00,3491.0
2017-06-07 01:00:00,3576.0
2017-06-07 02:00:00,3534.0
2017-06-07 03:00:00,3356.0
2017-06-07 04:00:00,3023.0
2017-06-07 05:00:00,3014.0
2017-06-07 06:00:00,2939.0
2017-06-07 07:00:00,2904.0
2017-06-07 08:00:00,3033.0
2017-06-07 09:00:00,3055.0
2017-06-07 10:00:00,3258.0
2017-06-07 11:00:00,3590.0
2017-06-07 12:00:00,2904.0
2017-06-07 13:00:00,3682.0
2017-06-07 14:00:00,3640.0
2017-06-07 15:00:00,3605.0
2017-06-07 16:00:00,3384.0
2017-06-07 17:00:00,3532.0
2017-06-07 18:00:00,3657.0
2017-06-07 19:00:00,3595.0
2017-06-07 20:00:00,3652.0
2017-06-07 21:00:00,3542.0
2017-06-07 22:00:00,3179.0
2017-06-07 23:00:00,3442.0
2017-06-08 00:00:00,3515.0
2017-06-08 01:00:00,3588.0
2017-06-08 02:00:00,3514.0
2017-06-08 03:00:00,3258.0
2017-06-08 04:00:00,2980.0
2017-06-08 05:00:00,2929.0
2017-06-08 06:00:00,2825.0
2017-06-08 07:00:00,2603.0
2017-06-08 08:00:00,2703.0
2017-06-08 09:00:00,2751.0
2017-06-08 10:00:00,2629.0
2017-06-08 11:00:00,2665.0
2017-06-08 12:00:00,2627.0
2017-06-08 13:00:00,2661.0
2017-06-08 14:00:00,2724.0
2017-06-08 15:00:00,2650.0
2017-06-08 16:00:00,2653.0
2017-06-08 17:00:00,2767.0
2017-06-08 18:00:00,2776.0
2017-06-08 19:00:00,2800.0
2017-06-08 20:00:00,2809.0
2017-06-08 21:00:00,2828.0
2017-06-08 22:00:00,2762.0
2017-06-08 23:00:00,2967.0
2017-06-09 00:00:00,3071.0
2017-06-09 01:00:00,3146.0
2017-06-09 02:00:00,2990.0
2017-06-09 03:00:00,2849.0
2017-06-09 04:00:00,2734.0
2017-06-09 05:00:00,2699.0
2017-06-09 06:00:00,2561.0
2017-06-09 07:00:00,2541.0
2017-06-09 08:00:00,2587.0
2017-06-09 09:00:00,2589.0
2017-06-09 10:00:00,2408.0
2017-06-09 11:00:00,2499.0
2017-06-09 12:00:00,2394.0
2017-06-09 13:00:00,2377.0
2017-06-09 14:00:00,2603.0
2017-06-09 15:00:00,2565.0
2017-06-09 16:00:00,2439.0
2017-06-09 17:00:00,2506.0
2017-06-09 18:00:00,2484.0
2017-06-09 19:00:00,2551.0
2017-06-09 20:00:00,2701.0
2017-06-09 21:00:00,2647.0
2017-06-09 22:00:00,2572.0
2017-06-09 23:00:00,2576.0
2017-06-10 00:00:00,2577.0
2017-06-10 01:00:00,2599.0
2017-06-10 02:00:00,2590.0
2017-06-10 03:00:00,2499.0
2017-06-10 04:00:00,2419.0
2017-06-10 05:00:00,2488.0
2017-06-10 06:00:00,2475.0
2017-06-10 07:00:00,2442.0
2017-06-10 08:00:00,2614.0
2017-06-10 09:00:00,2811.0
2017-06-10 10:00:00,2918.0
2017-06-10 11:00:00,3279.0
2017-06-10 12:00:00,3322.0
2017-06-10 13:00:00,3359.0
2017-06-10 14:00:00,3409.0
2017-06-10 15:00:00,3489.0
2017-06-10 16:00:00,3309.0
2017-06-10 17:00:00,3558.0
2017-06-10 18:00:00,3473.0
2017-06-10 19:00:00,3414.0
2017-06-10 20:00:00,3337.0
2017-06-10 21:00:00,3234.0
2017-06-10 22:00:00,2993.0
2017-06-10 23:00:00,3130.0
2017-06-11 00:00:00,3289.0
2017-06-11 01:00:00,3350.0
2017-06-11 02:00:00,3268.0
2017-06-11 03:00:00,3045.0
2017-06-11 04:00:00,2856.0
2017-06-11 05:00:00,2757.0
2017-06-11 06:00:00,2670.0
2017-06-11 07:00:00,2675.0
2017-06-11 08:00:00,2746.0
2017-06-11 09:00:00,2867.0
2017-06-11 10:00:00,3108.0
2017-06-11 11:00:00,3416.0
2017-06-11 12:00:00,3366.0
2017-06-11 13:00:00,3391.0
2017-06-11 14:00:00,3495.0
2017-06-11 15:00:00,3374.0
2017-06-11 16:00:00,3401.0
2017-06-11 17:00:00,3327.0
2017-06-11 18:00:00,3274.0
2017-06-11 19:00:00,3345.0
2017-06-11 20:00:00,3303.0
2017-06-11 21:00:00,3157.0
2017-06-11 22:00:00,2890.0
2017-06-11 23:00:00,3096.0
2017-06-12 00:00:00,3190.0
2017-06-12 01:00:00,3366.0
2017-06-12 02:00:00,3270.0
2017-06-12 03:00:00,3006.0
2017-06-12 04:00:00,2797.0
2017-06-12 05:00:00,2693.0
2017-06-12 06:00:00,2613.0
2017-06-12 07:00:00,2656.0
2017-06-12 08:00:00,2736.0
2017-06-12 09:00:00,2794.0
2017-06-12 10:00:00,3090.0
2017-06-12 11:00:00,3459.0
2017-06-12 12:00:00,3440.0
2017-06-12 13:00:00,3380.0
2017-06-12 14:00:00,3527.0
2017-06-12 15:00:00,3529.0
2017-06-12 16:00:00,3512.0
2017-06-12 17:00:00,3404.0
2017-06-12 18:00:00,3338.0
2017-06-12 19:00:00,3174.0
2017-06-12 20:00:00,3200.0
2017-06-12 21:00:00,3076.0
2017-06-12 22:00:00,3051.0
2017-06-12 23:00:00,3003.0
2017-06-13 00:00:00,3086.0
2017-06-13 01:00:00,3221.0
2017-06-13 02:00:00,3185.0
2017-06-13 03:00:00,3027.0
2017-06-13 04:00:00,2994.0
2017-06-13 05:00:00,2779.0
2017-06-13 06:00:00,2647.0
2017-06-13 07:00:00,2631.0
2017-06-13 08:00:00,2792.0
2017-06-13 09:00:00,2970.0
2017-06-13 10:00:00,3071.0
2017-06-13 11:00:00,3320.0
2017-06-13 12:00:00,3160.0
2017-06-13 13:00:00,3368.0
2017-06-13 14:00:00,3443.0
2017-06-13 15:00:00,3468.0
2017-06-13 16:00:00,3514.0
2017-06-13 17:00:00,3458.0
2017-06-13 18:00:00,3507.0
2017-06-13 19:00:00,3620.0
2017-06-13 20:00:00,3557.0
2017-06-13 21:00:00,3455.0
2017-06-13 22:00:00,3274.0
2017-06-13 23:00:00,3370.0
2017-06-14 00:00:00,3601.0
2017-06-14 01:00:00,3711.0
2017-06-14 02:00:00,3613.0
2017-06-14 03:00:00,3373.0
2017-06-14 04:00:00,3326.0
2017-06-14 05:00:00,3112.0
2017-06-14 06:00:00,2948.0
2017-06-14 07:00:00,2882.0
2017-06-14 08:00:00,3074.0
2017-06-14 09:00:00,3250.0
2017-06-14 10:00:00,3390.0
2017-06-14 11:00:00,3719.0
2017-06-14 12:00:00,3705.0
2017-06-14 13:00:00,3736.0
2017-06-14 14:00:00,3963.0
2017-06-14 15:00:00,3998.0
2017-06-14 16:00:00,3882.0
2017-06-14 17:00:00,3797.0
2017-06-14 18:00:00,3887.0
2017-06-14 19:00:00,3932.0
2017-06-14 20:00:00,3768.0
2017-06-14 21:00:00,3586.0
2017-06-14 22:00:00,3476.0
2017-06-14 23:00:00,3570.0
2017-06-15 00:00:00,3925.0
2017-06-15 01:00:00,3860.0
2017-06-15 02:00:00,3533.0
2017-06-15 03:00:00,3474.0
2017-06-15 04:00:00,3247.0
2017-06-15 05:00:00,3275.0
2017-06-15 06:00:00,3169.0
2017-06-15 07:00:00,3003.0
2017-06-15 08:00:00,2978.0
2017-06-15 09:00:00,3083.0
2017-06-15 10:00:00,3102.0
2017-06-15 11:00:00,3184.0
2017-06-15 12:00:00,3095.0
2017-06-15 13:00:00,3150.0
2017-06-15 14:00:00,3141.0
2017-06-15 15:00:00,3119.0
2017-06-15 16:00:00,3167.0
2017-06-15 17:00:00,3039.0
2017-06-15 18:00:00,3029.0
2017-06-15 19:00:00,3220.0
2017-06-15 20:00:00,3252.0
2017-06-15 21:00:00,3212.0
2017-06-15 22:00:00,3178.0
2017-06-15 23:00:00,3264.0
2017-06-16 00:00:00,3470.0
2017-06-16 01:00:00,3446.0
2017-06-16 02:00:00,3288.0
2017-06-16 03:00:00,3155.0
2017-06-16 04:00:00,3103.0
2017-06-16 05:00:00,3040.0
2017-06-16 06:00:00,2905.0
2017-06-16 07:00:00,2865.0
2017-06-16 08:00:00,2726.0
2017-06-16 09:00:00,2814.0
2017-06-16 10:00:00,2849.0
2017-06-16 11:00:00,2781.0
2017-06-16 12:00:00,2817.0
2017-06-16 13:00:00,2846.0
2017-06-16 14:00:00,2846.0
2017-06-16 15:00:00,2899.0
2017-06-16 16:00:00,2872.0
2017-06-16 17:00:00,2839.0
2017-06-16 18:00:00,2941.0
2017-06-16 19:00:00,2921.0
2017-06-16 20:00:00,2804.0
2017-06-16 21:00:00,2838.0
2017-06-16 22:00:00,2827.0
2017-06-16 23:00:00,2788.0
2017-06-17 00:00:00,2856.0
2017-06-17 01:00:00,2827.0
2017-06-17 02:00:00,2766.0
2017-06-17 03:00:00,2714.0
2017-06-17 04:00:00,2664.0
2017-06-17 05:00:00,2755.0
2017-06-17 06:00:00,2825.0
2017-06-17 07:00:00,2788.0
2017-06-17 08:00:00,2793.0
2017-06-17 09:00:00,2946.0
2017-06-17 10:00:00,3084.0
2017-06-17 11:00:00,3484.0
2017-06-17 12:00:00,3482.0
2017-06-17 13:00:00,3349.0
2017-06-17 14:00:00,3468.0
2017-06-17 15:00:00,3541.0
2017-06-17 16:00:00,3520.0
2017-06-17 17:00:00,3395.0
2017-06-17 18:00:00,3584.0
2017-06-17 19:00:00,3600.0
2017-06-17 20:00:00,3608.0
2017-06-17 21:00:00,3574.0
2017-06-17 22:00:00,3406.0
2017-06-17 23:00:00,3562.0
2017-06-18 00:00:00,3765.0
2017-06-18 01:00:00,3861.0
2017-06-18 02:00:00,3706.0
2017-06-18 03:00:00,3502.0
2017-06-18 04:00:00,3269.0
2017-06-18 05:00:00,3187.0
2017-06-18 06:00:00,3051.0
2017-06-18 07:00:00,3016.0
2017-06-18 08:00:00,2971.0
2017-06-18 09:00:00,3086.0
2017-06-18 10:00:00,3262.0
2017-06-18 11:00:00,3608.0
2017-06-18 12:00:00,3689.0
2017-06-18 13:00:00,3400.0
2017-06-18 14:00:00,3501.0
2017-06-18 15:00:00,3498.0
2017-06-18 16:00:00,3529.0
2017-06-18 17:00:00,3625.0
2017-06-18 18:00:00,3573.0
2017-06-18 19:00:00,3692.0
2017-06-18 20:00:00,3737.0
2017-06-18 21:00:00,3653.0
2017-06-18 22:00:00,3342.0
2017-06-18 23:00:00,3523.0
2017-06-19 00:00:00,3661.0
2017-06-19 01:00:00,3717.0
2017-06-19 02:00:00,3750.0
2017-06-19 03:00:00,3489.0
2017-06-19 04:00:00,3340.0
2017-06-19 05:00:00,3193.0
2017-06-19 06:00:00,3042.0
2017-06-19 07:00:00,3056.0
2017-06-19 08:00:00,3067.0
2017-06-19 09:00:00,3186.0
2017-06-19 10:00:00,3332.0
2017-06-19 11:00:00,3644.0
2017-06-19 12:00:00,3518.0
2017-06-19 13:00:00,3625.0
2017-06-19 14:00:00,3503.0
2017-06-19 15:00:00,3501.0
2017-06-19 16:00:00,3536.0
2017-06-19 17:00:00,3474.0
2017-06-19 18:00:00,3543.0
2017-06-19 19:00:00,3652.0
2017-06-19 20:00:00,3569.0
2017-06-19 21:00:00,3512.0
2017-06-19 22:00:00,3347.0
2017-06-19 23:00:00,3633.0
2017-06-20 00:00:00,3676.0
2017-06-20 01:00:00,3786.0
2017-06-20 02:00:00,3605.0
2017-06-20 03:00:00,3492.0
2017-06-20 04:00:00,3425.0
2017-06-20 05:00:00,3182.0
2017-06-20 06:00:00,3001.0
2017-06-20 07:00:00,2895.0
2017-06-20 08:00:00,2854.0
2017-06-20 09:00:00,3032.0
2017-06-20 10:00:00,3194.0
2017-06-20 11:00:00,3452.0
2017-06-20 12:00:00,3355.0
2017-06-20 13:00:00,3471.0
2017-06-20 14:00:00,3892.0
2017-06-20 15:00:00,3617.0
2017-06-20 16:00:00,3624.0
2017-06-20 17:00:00,3548.0
2017-06-20 18:00:00,3538.0
2017-06-20 19:00:00,3597.0
2017-06-20 20:00:00,3509.0
2017-06-20 21:00:00,3482.0
2017-06-20 22:00:00,3353.0
2017-06-20 23:00:00,3481.0
2017-06-21 00:00:00,3604.0
2017-06-21 01:00:00,3794.0
2017-06-21 02:00:00,3662.0
2017-06-21 03:00:00,3438.0
2017-06-21 04:00:00,3268.0
2017-06-21 05:00:00,3233.0
2017-06-21 06:00:00,3043.0
2017-06-21 07:00:00,2933.0
2017-06-21 08:00:00,2864.0
2017-06-21 09:00:00,3064.0
2017-06-21 10:00:00,3134.0
2017-06-21 11:00:00,3587.0
2017-06-21 12:00:00,3473.0
2017-06-21 13:00:00,3618.0
2017-06-21 14:00:00,3489.0
2017-06-21 15:00:00,3676.0
2017-06-21 16:00:00,3662.0
2017-06-21 17:00:00,3362.0
2017-06-21 18:00:00,3434.0
2017-06-21 19:00:00,3337.0
2017-06-21 20:00:00,3553.0
2017-06-21 21:00:00,3447.0
2017-06-21 22:00:00,3274.0
2017-06-21 23:00:00,3427.0
2017-06-22 00:00:00,3689.0
2017-06-22 01:00:00,3779.0
2017-06-22 02:00:00,3585.0
2017-06-22 03:00:00,3522.0
2017-06-22 04:00:00,3288.0
2017-06-22 05:00:00,3172.0
2017-06-22 06:00:00,2993.0
2017-06-22 07:00:00,2934.0
2017-06-22 08:00:00,2864.0
2017-06-22 09:00:00,2981.0
2017-06-22 10:00:00,3006.0
2017-06-22 11:00:00,2987.0
2017-06-22 12:00:00,2957.0
2017-06-22 13:00:00,2970.0
2017-06-22 14:00:00,2958.0
2017-06-22 15:00:00,3024.0
2017-06-22 16:00:00,2940.0
2017-06-22 17:00:00,2966.0
2017-06-22 18:00:00,3029.0
2017-06-22 19:00:00,2960.0
2017-06-22 20:00:00,2996.0
2017-06-22 21:00:00,3059.0
2017-06-22 22:00:00,3141.0
2017-06-22 23:00:00,3270.0
2017-06-23 00:00:00,3393.0
2017-06-23 01:00:00,3522.0
2017-06-23 02:00:00,3276.0
2017-06-23 03:00:00,3238.0
2017-06-23 04:00:00,3125.0
2017-06-23 05:00:00,2886.0
2017-06-23 06:00:00,2927.0
2017-06-23 07:00:00,2769.0
2017-06-23 08:00:00,2677.0
2017-06-23 09:00:00,2706.0
2017-06-23 10:00:00,2669.0
2017-06-23 11:00:00,2693.0
2017-06-23 12:00:00,2675.0
2017-06-23 13:00:00,2706.0
2017-06-23 14:00:00,2728.0
2017-06-23 15:00:00,2783.0
2017-06-23 16:00:00,2767.0
2017-06-23 17:00:00,2739.0
2017-06-23 18:00:00,2761.0
2017-06-23 19:00:00,2804.0
2017-06-23 20:00:00,2735.0
2017-06-23 21:00:00,2843.0
2017-06-23 22:00:00,2714.0
2017-06-23 23:00:00,2713.0
2017-06-24 00:00:00,2787.0
2017-06-24 01:00:00,2791.0
2017-06-24 02:00:00,2716.0
2017-06-24 03:00:00,2744.0
2017-06-24 04:00:00,2693.0
2017-06-24 05:00:00,2724.0
2017-06-24 06:00:00,2726.0
2017-06-24 07:00:00,2785.0
2017-06-24 08:00:00,2862.0
2017-06-24 09:00:00,3099.0
2017-06-24 10:00:00,3025.0
2017-06-24 11:00:00,3286.0
2017-06-24 12:00:00,3223.0
2017-06-24 13:00:00,3206.0
2017-06-24 14:00:00,3145.0
2017-06-24 15:00:00,3311.0
2017-06-24 16:00:00,3291.0
2017-06-24 17:00:00,3192.0
2017-06-24 18:00:00,3110.0
2017-06-24 19:00:00,2975.0
2017-06-24 20:00:00,2982.0
2017-06-24 21:00:00,2906.0
2017-06-24 22:00:00,2784.0
2017-06-24 23:00:00,3067.0
2017-06-25 00:00:00,3241.0
2017-06-25 01:00:00,3435.0
2017-06-25 02:00:00,3196.0
2017-06-25 03:00:00,2956.0
2017-06-25 04:00:00,2841.0
2017-06-25 05:00:00,2787.0
2017-06-25 06:00:00,2713.0
2017-06-25 07:00:00,2711.0
2017-06-25 08:00:00,2726.0
2017-06-25 09:00:00,2805.0
2017-06-25 10:00:00,2637.0
2017-06-25 11:00:00,2622.0
2017-06-25 12:00:00,2615.0
2017-06-25 13:00:00,2622.0
2017-06-25 14:00:00,2589.0
2017-06-25 15:00:00,2684.0
2017-06-25 16:00:00,2638.0
2017-06-25 17:00:00,2667.0
2017-06-25 18:00:00,2753.0
2017-06-25 19:00:00,2781.0
2017-06-25 20:00:00,2798.0
2017-06-25 21:00:00,2921.0
2017-06-25 22:00:00,2848.0
2017-06-25 23:00:00,3005.0
2017-06-26 00:00:00,3000.0
2017-06-26 01:00:00,3021.0
2017-06-26 02:00:00,2871.0
2017-06-26 03:00:00,2864.0
2017-06-26 04:00:00,2780.0
2017-06-26 05:00:00,2806.0
2017-06-26 06:00:00,2652.0
2017-06-26 07:00:00,2693.0
2017-06-26 08:00:00,2737.0
2017-06-26 09:00:00,2868.0
2017-06-26 10:00:00,3180.0
2017-06-26 11:00:00,3401.0
2017-06-26 12:00:00,3466.0
2017-06-26 13:00:00,3445.0
2017-06-26 14:00:00,3615.0
2017-06-26 15:00:00,3513.0
2017-06-26 16:00:00,3373.0
2017-06-26 17:00:00,3401.0
2017-06-26 18:00:00,3501.0
2017-06-26 19:00:00,3378.0
2017-06-26 20:00:00,3337.0
2017-06-26 21:00:00,3251.0
2017-06-26 22:00:00,3094.0
2017-06-26 23:00:00,3257.0
2017-06-27 00:00:00,3449.0
2017-06-27 01:00:00,3569.0
2017-06-27 02:00:00,3484.0
2017-06-27 03:00:00,3286.0
2017-06-27 04:00:00,3018.0
2017-06-27 05:00:00,2902.0
2017-06-27 06:00:00,2805.0
2017-06-27 07:00:00,2757.0
2017-06-27 08:00:00,2721.0
2017-06-27 09:00:00,2910.0
2017-06-27 10:00:00,3029.0
2017-06-27 11:00:00,3274.0
2017-06-27 12:00:00,3300.0
2017-06-27 13:00:00,3236.0
2017-06-27 14:00:00,3331.0
2017-06-27 15:00:00,3328.0
2017-06-27 16:00:00,3177.0
2017-06-27 17:00:00,3262.0
2017-06-27 18:00:00,3389.0
2017-06-27 19:00:00,3300.0
2017-06-27 20:00:00,3369.0
2017-06-27 21:00:00,3336.0
2017-06-27 22:00:00,3246.0
2017-06-27 23:00:00,3307.0
2017-06-28 00:00:00,3575.0
2017-06-28 01:00:00,3652.0
2017-06-28 02:00:00,3440.0
2017-06-28 03:00:00,3265.0
2017-06-28 04:00:00,2993.0
2017-06-28 05:00:00,2919.0
2017-06-28 06:00:00,2740.0
2017-06-28 07:00:00,2657.0
2017-06-28 08:00:00,2733.0
2017-06-28 09:00:00,2901.0
2017-06-28 10:00:00,2966.0
2017-06-28 11:00:00,3307.0
2017-06-28 12:00:00,3310.0
2017-06-28 13:00:00,3263.0
2017-06-28 14:00:00,3541.0
2017-06-28 15:00:00,3410.0
2017-06-28 16:00:00,3497.0
2017-06-28 17:00:00,3341.0
2017-06-28 18:00:00,3505.0
2017-06-28 19:00:00,3354.0
2017-06-28 20:00:00,3409.0
2017-06-28 21:00:00,3232.0
2017-06-28 22:00:00,3068.0
2017-06-28 23:00:00,3304.0
2017-06-29 00:00:00,3486.0
2017-06-29 01:00:00,3597.0
2017-06-29 02:00:00,3445.0
2017-06-29 03:00:00,3225.0
2017-06-29 04:00:00,3024.0
2017-06-29 05:00:00,2927.0
2017-06-29 06:00:00,2842.0
2017-06-29 07:00:00,2772.0
2017-06-29 08:00:00,2700.0
2017-06-29 09:00:00,2779.0
2017-06-29 10:00:00,2762.0
2017-06-29 11:00:00,2782.0
2017-06-29 12:00:00,2793.0
2017-06-29 13:00:00,2844.0
2017-06-29 14:00:00,2940.0
2017-06-29 15:00:00,2968.0
2017-06-29 16:00:00,3071.0
2017-06-29 17:00:00,3041.0
2017-06-29 18:00:00,3023.0
2017-06-29 19:00:00,2990.0
2017-06-29 20:00:00,2938.0
2017-06-29 21:00:00,2833.0
2017-06-29 22:00:00,2789.0
2017-06-29 23:00:00,3113.0
2017-06-30 00:00:00,3270.0
2017-06-30 01:00:00,3345.0
2017-06-30 02:00:00,3096.0
2017-06-30 03:00:00,2979.0
2017-06-30 04:00:00,2839.0
2017-06-30 05:00:00,2714.0
2017-06-30 06:00:00,2651.0
2017-06-30 07:00:00,2579.0
2017-06-30 08:00:00,2544.0
2017-06-30 09:00:00,2542.0
2017-06-30 10:00:00,2572.0
2017-06-30 11:00:00,2551.0
2017-06-30 12:00:00,2500.0
2017-06-30 13:00:00,2498.0
2017-06-30 14:00:00,2576.0
2017-06-30 15:00:00,2574.0
2017-06-30 16:00:00,2568.0
2017-06-30 17:00:00,2621.0
2017-06-30 18:00:00,2650.0
2017-06-30 19:00:00,2655.0
2017-06-30 20:00:00,2649.0
2017-06-30 21:00:00,2641.0
2017-06-30 22:00:00,2563.0
2017-06-30 23:00:00,2564.0
2017-07-01 00:00:00,2588.0
2017-07-01 01:00:00,2570.0
2017-07-01 02:00:00,2540.0
2017-07-01 03:00:00,2565.0
2017-07-01 04:00:00,2513.0
2017-07-01 05:00:00,2550.0
2017-07-01 06:00:00,2585.0
2017-07-01 07:00:00,2747.0
2017-07-01 08:00:00,2826.0
2017-07-01 09:00:00,2984.0
2017-07-01 10:00:00,2978.0
2017-07-01 11:00:00,3242.0
2017-07-01 12:00:00,3277.0
2017-07-01 13:00:00,3115.0
2017-07-01 14:00:00,3059.0
2017-07-01 15:00:00,3033.0
2017-07-01 16:00:00,3059.0
2017-07-01 17:00:00,3062.0
2017-07-01 18:00:00,2900.0
2017-07-01 19:00:00,2849.0
2017-07-01 20:00:00,2827.0
2017-07-01 21:00:00,2836.0
2017-07-01 22:00:00,2727.0
2017-07-01 23:00:00,2954.0
2017-07-02 00:00:00,3146.0
2017-07-02 01:00:00,3202.0
2017-07-02 02:00:00,2953.0
2017-07-02 03:00:00,2808.0
2017-07-02 04:00:00,2760.0
2017-07-02 05:00:00,2717.0
2017-07-02 06:00:00,2705.0
2017-07-02 07:00:00,2680.0
2017-07-02 08:00:00,2579.0
2017-07-02 09:00:00,2630.0
2017-07-02 10:00:00,2624.0
2017-07-02 11:00:00,2669.0
2017-07-02 12:00:00,2598.0
2017-07-02 13:00:00,2652.0
2017-07-02 14:00:00,2615.0
2017-07-02 15:00:00,2597.0
2017-07-02 16:00:00,2683.0
2017-07-02 17:00:00,2731.0
2017-07-02 18:00:00,2774.0
2017-07-02 19:00:00,2817.0
2017-07-02 20:00:00,2817.0
2017-07-02 21:00:00,2890.0
2017-07-02 22:00:00,2821.0
2017-07-02 23:00:00,2908.0
2017-07-03 00:00:00,3004.0
2017-07-03 01:00:00,2920.0
2017-07-03 02:00:00,2884.0
2017-07-03 03:00:00,2904.0
2017-07-03 04:00:00,2840.0
2017-07-03 05:00:00,2815.0
2017-07-03 06:00:00,2654.0
2017-07-03 07:00:00,2738.0
2017-07-03 08:00:00,2872.0
2017-07-03 09:00:00,2894.0
2017-07-03 10:00:00,3050.0
2017-07-03 11:00:00,3470.0
2017-07-03 12:00:00,3418.0
2017-07-03 13:00:00,3470.0
2017-07-03 14:00:00,3559.0
2017-07-03 15:00:00,3512.0
2017-07-03 16:00:00,3520.0
2017-07-03 17:00:00,3560.0
2017-07-03 18:00:00,3353.0
2017-07-03 19:00:00,3329.0
2017-07-03 20:00:00,3184.0
2017-07-03 21:00:00,3180.0
2017-07-03 22:00:00,3052.0
2017-07-03 23:00:00,3252.0
2017-07-04 00:00:00,3443.0
2017-07-04 01:00:00,3474.0
2017-07-04 02:00:00,3306.0
2017-07-04 03:00:00,3175.0
2017-07-04 04:00:00,3040.0
2017-07-04 05:00:00,2920.0
2017-07-04 06:00:00,2862.0
2017-07-04 07:00:00,2816.0
2017-07-04 08:00:00,2783.0
2017-07-04 09:00:00,2924.0
2017-07-04 10:00:00,3100.0
2017-07-04 11:00:00,3311.0
2017-07-04 12:00:00,3368.0
2017-07-04 13:00:00,3409.0
2017-07-04 14:00:00,3465.0
2017-07-04 15:00:00,3554.0
2017-07-04 16:00:00,3449.0
2017-07-04 17:00:00,3455.0
2017-07-04 18:00:00,3438.0
2017-07-04 19:00:00,3294.0
2017-07-04 20:00:00,3324.0
2017-07-04 21:00:00,3139.0
2017-07-04 22:00:00,3125.0
2017-07-04 23:00:00,3179.0
2017-07-05 00:00:00,3130.0
2017-07-05 01:00:00,3105.0
2017-07-05 02:00:00,2982.0
2017-07-05 03:00:00,2836.0
2017-07-05 04:00:00,2800.0
2017-07-05 05:00:00,2812.0
2017-07-05 06:00:00,2688.0
2017-07-05 07:00:00,2658.0
2017-07-05 08:00:00,2669.0
2017-07-05 09:00:00,2849.0
2017-07-05 10:00:00,3053.0
2017-07-05 11:00:00,3415.0
2017-07-05 12:00:00,3430.0
2017-07-05 13:00:00,3509.0
2017-07-05 14:00:00,3585.0
2017-07-05 15:00:00,3589.0
2017-07-05 16:00:00,3651.0
2017-07-05 17:00:00,3671.0
2017-07-05 18:00:00,3574.0
2017-07-05 19:00:00,3524.0
2017-07-05 20:00:00,3287.0
2017-07-05 21:00:00,3452.0
2017-07-05 22:00:00,3172.0
2017-07-05 23:00:00,3283.0
2017-07-06 00:00:00,3524.0
2017-07-06 01:00:00,3554.0
2017-07-06 02:00:00,3463.0
2017-07-06 03:00:00,3271.0
2017-07-06 04:00:00,3103.0
2017-07-06 05:00:00,2991.0
2017-07-06 06:00:00,2834.0
2017-07-06 07:00:00,2805.0
2017-07-06 08:00:00,2747.0
2017-07-06 09:00:00,2751.0
2017-07-06 10:00:00,2796.0
2017-07-06 11:00:00,2841.0
2017-07-06 12:00:00,2937.0
2017-07-06 13:00:00,2865.0
2017-07-06 14:00:00,2984.0
2017-07-06 15:00:00,2847.0
2017-07-06 16:00:00,2943.0
2017-07-06 17:00:00,2969.0
2017-07-06 18:00:00,2926.0
2017-07-06 19:00:00,2882.0
2017-07-06 20:00:00,2797.0
2017-07-06 21:00:00,2865.0
2017-07-06 22:00:00,2867.0
2017-07-06 23:00:00,3107.0
2017-07-07 00:00:00,3323.0
2017-07-07 01:00:00,3197.0
2017-07-07 02:00:00,3157.0
2017-07-07 03:00:00,3034.0
2017-07-07 04:00:00,2824.0
2017-07-07 05:00:00,2692.0
2017-07-07 06:00:00,2647.0
2017-07-07 07:00:00,2539.0
2017-07-07 08:00:00,2460.0
2017-07-07 09:00:00,2485.0
2017-07-07 10:00:00,2563.0
2017-07-07 11:00:00,2591.0
2017-07-07 12:00:00,2522.0
2017-07-07 13:00:00,2570.0
2017-07-07 14:00:00,2591.0
2017-07-07 15:00:00,2639.0
2017-07-07 16:00:00,2586.0
2017-07-07 17:00:00,2565.0
2017-07-07 18:00:00,2626.0
2017-07-07 19:00:00,2647.0
2017-07-07 20:00:00,2694.0
2017-07-07 21:00:00,2649.0
2017-07-07 22:00:00,2611.0
2017-07-07 23:00:00,2609.0
2017-07-08 00:00:00,2666.0
2017-07-08 01:00:00,2673.0
2017-07-08 02:00:00,2605.0
2017-07-08 03:00:00,2572.0
2017-07-08 04:00:00,2498.0
2017-07-08 05:00:00,2586.0
2017-07-08 06:00:00,2559.0
2017-07-08 07:00:00,2639.0
2017-07-08 08:00:00,2626.0
2017-07-08 09:00:00,2751.0
2017-07-08 10:00:00,2963.0
2017-07-08 11:00:00,3449.0
2017-07-08 12:00:00,3469.0
2017-07-08 13:00:00,3481.0
2017-07-08 14:00:00,3524.0
2017-07-08 15:00:00,3365.0
2017-07-08 16:00:00,3451.0
2017-07-08 17:00:00,3709.0
2017-07-08 18:00:00,3477.0
2017-07-08 19:00:00,3445.0
2017-07-08 20:00:00,3275.0
2017-07-08 21:00:00,3306.0
2017-07-08 22:00:00,3138.0
2017-07-08 23:00:00,3237.0
2017-07-09 00:00:00,3401.0
2017-07-09 01:00:00,3507.0
2017-07-09 02:00:00,3404.0
2017-07-09 03:00:00,3220.0
2017-07-09 04:00:00,3034.0
2017-07-09 05:00:00,2952.0
2017-07-09 06:00:00,2899.0
2017-07-09 07:00:00,2840.0
2017-07-09 08:00:00,2830.0
2017-07-09 09:00:00,2786.0
2017-07-09 10:00:00,3000.0
2017-07-09 11:00:00,3432.0
2017-07-09 12:00:00,3356.0
2017-07-09 13:00:00,3413.0
2017-07-09 14:00:00,3445.0
2017-07-09 15:00:00,3475.0
2017-07-09 16:00:00,3393.0
2017-07-09 17:00:00,3306.0
2017-07-09 18:00:00,3427.0
2017-07-09 19:00:00,3455.0
2017-07-09 20:00:00,3188.0
2017-07-09 21:00:00,3226.0
2017-07-09 22:00:00,3135.0
2017-07-09 23:00:00,3303.0
2017-07-10 00:00:00,3418.0
2017-07-10 01:00:00,3564.0
2017-07-10 02:00:00,3384.0
2017-07-10 03:00:00,3231.0
2017-07-10 04:00:00,2980.0
2017-07-10 05:00:00,2868.0
2017-07-10 06:00:00,2769.0
2017-07-10 07:00:00,2771.0
2017-07-10 08:00:00,2832.0
2017-07-10 09:00:00,2935.0
2017-07-10 10:00:00,3136.0
2017-07-10 11:00:00,3553.0
2017-07-10 12:00:00,3458.0
2017-07-10 13:00:00,3578.0
2017-07-10 14:00:00,3558.0
2017-07-10 15:00:00,3503.0
2017-07-10 16:00:00,3408.0
2017-07-10 17:00:00,3231.0
2017-07-10 18:00:00,3531.0
2017-07-10 19:00:00,3496.0
2017-07-10 20:00:00,3288.0
2017-07-10 21:00:00,3215.0
2017-07-10 22:00:00,3093.0
2017-07-10 23:00:00,3311.0
2017-07-11 00:00:00,3402.0
2017-07-11 01:00:00,3463.0
2017-07-11 02:00:00,3340.0
2017-07-11 03:00:00,3288.0
2017-07-11 04:00:00,3080.0
2017-07-11 05:00:00,3046.0
2017-07-11 06:00:00,3018.0
2017-07-11 07:00:00,2925.0
2017-07-11 08:00:00,2957.0
2017-07-11 09:00:00,3113.0
2017-07-11 10:00:00,3232.0
2017-07-11 11:00:00,3631.0
2017-07-11 12:00:00,3642.0
2017-07-11 13:00:00,3709.0
2017-07-11 14:00:00,3827.0
2017-07-11 15:00:00,3698.0
2017-07-11 16:00:00,3614.0
2017-07-11 17:00:00,3714.0
2017-07-11 18:00:00,3601.0
2017-07-11 19:00:00,3579.0
2017-07-11 20:00:00,3447.0
2017-07-11 21:00:00,3397.0
2017-07-11 22:00:00,3252.0
2017-07-11 23:00:00,3403.0
2017-07-12 00:00:00,3558.0
2017-07-12 01:00:00,3702.0
2017-07-12 02:00:00,3540.0
2017-07-12 03:00:00,3369.0
2017-07-12 04:00:00,3178.0
2017-07-12 05:00:00,2981.0
2017-07-12 06:00:00,2938.0
2017-07-12 07:00:00,2855.0
2017-07-12 08:00:00,2855.0
2017-07-12 09:00:00,3012.0
2017-07-12 10:00:00,3187.0
2017-07-12 11:00:00,3527.0
2017-07-12 12:00:00,3456.0
2017-07-12 13:00:00,3489.0
2017-07-12 14:00:00,3507.0
2017-07-12 15:00:00,3564.0
2017-07-12 16:00:00,3515.0
2017-07-12 17:00:00,3610.0
2017-07-12 18:00:00,3654.0
2017-07-12 19:00:00,3556.0
2017-07-12 20:00:00,3350.0
2017-07-12 21:00:00,3231.0
2017-07-12 22:00:00,3295.0
2017-07-12 23:00:00,3424.0
2017-07-13 00:00:00,3626.0
2017-07-13 01:00:00,3621.0
2017-07-13 02:00:00,3461.0
2017-07-13 03:00:00,3196.0
2017-07-13 04:00:00,3034.0
2017-07-13 05:00:00,2993.0
2017-07-13 06:00:00,2875.0
2017-07-13 07:00:00,2920.0
2017-07-13 08:00:00,2879.0
2017-07-13 09:00:00,2960.0
2017-07-13 10:00:00,3010.0
2017-07-13 11:00:00,2963.0
2017-07-13 12:00:00,2877.0
2017-07-13 13:00:00,3038.0
2017-07-13 14:00:00,2936.0
2017-07-13 15:00:00,2902.0
2017-07-13 16:00:00,2913.0
2017-07-13 17:00:00,3080.0
2017-07-13 18:00:00,3114.0
2017-07-13 19:00:00,2983.0
2017-07-13 20:00:00,2945.0
2017-07-13 21:00:00,3000.0
2017-07-13 22:00:00,2876.0
2017-07-13 23:00:00,3067.0
2017-07-14 00:00:00,3189.0
2017-07-14 01:00:00,3278.0
2017-07-14 02:00:00,3085.0
2017-07-14 03:00:00,3016.0
2017-07-14 04:00:00,2909.0
2017-07-14 05:00:00,2839.0
2017-07-14 06:00:00,2760.0
2017-07-14 07:00:00,2740.0
2017-07-14 08:00:00,2693.0
2017-07-14 09:00:00,2723.0
2017-07-14 10:00:00,2711.0
2017-07-14 11:00:00,2705.0
2017-07-14 12:00:00,2707.0
2017-07-14 13:00:00,2707.0
2017-07-14 14:00:00,2742.0
2017-07-14 15:00:00,2697.0
2017-07-14 16:00:00,2715.0
2017-07-14 17:00:00,2771.0
2017-07-14 18:00:00,2742.0
2017-07-14 19:00:00,2805.0
2017-07-14 20:00:00,2778.0
2017-07-14 21:00:00,2767.0
2017-07-14 22:00:00,2711.0
2017-07-14 23:00:00,2731.0
2017-07-15 00:00:00,2729.0
2017-07-15 01:00:00,2769.0
2017-07-15 02:00:00,2777.0
2017-07-15 03:00:00,2730.0
2017-07-15 04:00:00,2708.0
2017-07-15 05:00:00,2687.0
2017-07-15 06:00:00,2677.0
2017-07-15 07:00:00,2711.0
2017-07-15 08:00:00,2815.0
2017-07-15 09:00:00,2913.0
2017-07-15 10:00:00,3095.0
2017-07-15 11:00:00,3533.0
2017-07-15 12:00:00,3542.0
2017-07-15 13:00:00,3648.0
2017-07-15 14:00:00,3709.0
2017-07-15 15:00:00,3627.0
2017-07-15 16:00:00,3547.0
2017-07-15 17:00:00,3529.0
2017-07-15 18:00:00,3469.0
2017-07-15 19:00:00,3524.0
2017-07-15 20:00:00,3392.0
2017-07-15 21:00:00,3188.0
2017-07-15 22:00:00,3160.0
2017-07-15 23:00:00,3317.0
2017-07-16 00:00:00,3638.0
2017-07-16 01:00:00,3636.0
2017-07-16 02:00:00,3466.0
2017-07-16 03:00:00,3338.0
2017-07-16 04:00:00,3106.0
2017-07-16 05:00:00,3019.0
2017-07-16 06:00:00,2922.0
2017-07-16 07:00:00,2983.0
2017-07-16 08:00:00,2921.0
2017-07-16 09:00:00,3019.0
2017-07-16 10:00:00,3153.0
2017-07-16 11:00:00,3457.0
2017-07-16 12:00:00,3440.0
2017-07-16 13:00:00,3603.0
2017-07-16 14:00:00,3647.0
2017-07-16 15:00:00,3668.0
2017-07-16 16:00:00,3639.0
2017-07-16 17:00:00,3748.0
2017-07-16 18:00:00,3591.0
2017-07-16 19:00:00,3466.0
2017-07-16 20:00:00,3434.0
2017-07-16 21:00:00,3309.0
2017-07-16 22:00:00,3180.0
2017-07-16 23:00:00,3291.0
2017-07-17 00:00:00,3493.0
2017-07-17 01:00:00,3587.0
2017-07-17 02:00:00,3459.0
2017-07-17 03:00:00,3235.0
2017-07-17 04:00:00,3095.0
2017-07-17 05:00:00,3110.0
2017-07-17 06:00:00,2919.0
2017-07-17 07:00:00,2946.0
2017-07-17 08:00:00,2915.0
2017-07-17 09:00:00,3082.0
2017-07-17 10:00:00,3250.0
2017-07-17 11:00:00,3525.0
2017-07-17 12:00:00,3528.0
2017-07-17 13:00:00,3578.0
2017-07-17 14:00:00,3561.0
2017-07-17 15:00:00,3565.0
2017-07-17 16:00:00,3717.0
2017-07-17 17:00:00,3895.0
2017-07-17 18:00:00,3754.0
2017-07-17 19:00:00,3783.0
2017-07-17 20:00:00,3722.0
2017-07-17 21:00:00,3582.0
2017-07-17 22:00:00,3322.0
2017-07-17 23:00:00,3457.0
2017-07-18 00:00:00,3519.0
2017-07-18 01:00:00,3514.0
2017-07-18 02:00:00,3375.0
2017-07-18 03:00:00,3243.0
2017-07-18 04:00:00,3105.0
2017-07-18 05:00:00,3124.0
2017-07-18 06:00:00,2940.0
2017-07-18 07:00:00,2901.0
2017-07-18 08:00:00,3032.0
2017-07-18 09:00:00,3173.0
2017-07-18 10:00:00,3246.0
2017-07-18 11:00:00,3591.0
2017-07-18 12:00:00,3514.0
2017-07-18 13:00:00,3643.0
2017-07-18 14:00:00,3572.0
2017-07-18 15:00:00,3555.0
2017-07-18 16:00:00,3541.0
2017-07-18 17:00:00,3676.0
2017-07-18 18:00:00,3746.0
2017-07-18 19:00:00,3655.0
2017-07-18 20:00:00,3518.0
2017-07-18 21:00:00,3572.0
2017-07-18 22:00:00,3493.0
2017-07-18 23:00:00,3488.0
2017-07-19 00:00:00,3796.0
2017-07-19 01:00:00,3861.0
2017-07-19 02:00:00,3676.0
2017-07-19 03:00:00,3575.0
2017-07-19 04:00:00,3501.0
2017-07-19 05:00:00,3256.0
2017-07-19 06:00:00,3217.0
2017-07-19 07:00:00,3179.0
2017-07-19 08:00:00,3129.0
2017-07-19 09:00:00,3270.0
2017-07-19 10:00:00,3304.0
2017-07-19 11:00:00,3595.0
2017-07-19 12:00:00,3692.0
2017-07-19 13:00:00,3724.0
2017-07-19 14:00:00,3859.0
2017-07-19 15:00:00,3800.0
2017-07-19 16:00:00,3763.0
2017-07-19 17:00:00,3692.0
2017-07-19 18:00:00,3802.0
2017-07-19 19:00:00,3766.0
2017-07-19 20:00:00,3523.0
2017-07-19 21:00:00,3495.0
2017-07-19 22:00:00,3623.0
2017-07-19 23:00:00,3601.0
2017-07-20 00:00:00,3810.0
2017-07-20 01:00:00,3848.0
2017-07-20 02:00:00,4105.0
2017-07-20 03:00:00,4186.0
2017-07-20 04:00:00,4029.0
2017-07-20 05:00:00,1968.0
2017-07-20 06:00:00,3061.0
2017-07-20 07:00:00,3464.0
2017-07-20 08:00:00,3083.0
2017-07-20 09:00:00,1580.0
2017-07-20 10:00:00,2250.0
2017-07-20 11:00:00,2963.0
2017-07-20 12:00:00,2877.0
2017-07-20 13:00:00,2250.0
2017-07-20 14:00:00,2936.0
2017-07-20 15:00:00,2902.0
2017-07-20 16:00:00,2913.0
2017-07-20 17:00:00,3080.0
2017-07-20 18:00:00,3114.0
2017-07-20 19:00:00,2983.0
2017-07-20 20:00:00,2945.0
2017-07-20 21:00:00,3000.0
2017-07-20 22:00:00,2876.0
2017-07-20 23:00:00,3067.0
2017-07-21 00:00:00,3189.0
2017-07-21 01:00:00,3278.0
2017-07-21 02:00:00,2804.0
2017-07-21 03:00:00,3473.0
2017-07-21 04:00:00,3256.0
2017-07-21 05:00:00,2907.0
2017-07-21 06:00:00,2813.0
2017-07-21 07:00:00,2723.0
2017-07-21 08:00:00,2683.0
2017-07-21 09:00:00,2597.0
2017-07-21 10:00:00,2781.0
2017-07-21 11:00:00,2552.0
2017-07-21 12:00:00,2619.0
2017-07-21 13:00:00,2552.0
2017-07-21 14:00:00,2680.0
2017-07-21 15:00:00,2596.0
2017-07-21 16:00:00,2641.0
2017-07-21 17:00:00,2635.0
2017-07-21 18:00:00,2533.0
2017-07-21 19:00:00,2295.0
2017-07-21 20:00:00,2007.0
2017-07-21 21:00:00,2730.0
2017-07-21 22:00:00,2553.0
2017-07-21 23:00:00,2508.0
2017-07-22 00:00:00,2407.0
2017-07-22 01:00:00,2512.0
2017-07-22 02:00:00,2488.0
2017-07-22 03:00:00,2463.0
2017-07-22 04:00:00,2448.0
2017-07-22 05:00:00,2433.0
2017-07-22 06:00:00,2504.0
2017-07-22 07:00:00,2539.0
2017-07-22 08:00:00,2656.0
2017-07-22 09:00:00,2539.0
2017-07-22 10:00:00,2747.0
2017-07-22 11:00:00,3033.0
2017-07-22 12:00:00,3279.0
2017-07-22 13:00:00,3313.0
2017-07-22 14:00:00,3356.0
2017-07-22 15:00:00,3326.0
2017-07-22 16:00:00,3350.0
2017-07-22 17:00:00,3322.0
2017-07-22 18:00:00,3302.0
2017-07-22 19:00:00,3270.0
2017-07-22 20:00:00,3323.0
2017-07-22 21:00:00,3266.0
2017-07-22 22:00:00,3011.0
2017-07-22 23:00:00,3175.0
2017-07-23 00:00:00,3291.0
2017-07-23 01:00:00,3373.0
2017-07-23 02:00:00,3259.0
2017-07-23 03:00:00,3086.0
2017-07-23 04:00:00,2981.0
2017-07-23 05:00:00,2902.0
2017-07-23 06:00:00,2840.0
2017-07-23 07:00:00,2818.0
2017-07-23 08:00:00,2799.0
2017-07-23 09:00:00,2971.0
2017-07-23 10:00:00,3126.0
2017-07-23 11:00:00,3299.0
2017-07-23 12:00:00,3460.0
2017-07-23 13:00:00,3618.0
2017-07-23 14:00:00,3482.0
2017-07-23 15:00:00,3483.0
2017-07-23 16:00:00,3288.0
2017-07-23 17:00:00,3590.0
2017-07-23 18:00:00,3509.0
2017-07-23 19:00:00,3497.0
2017-07-23 20:00:00,3346.0
2017-07-23 21:00:00,3088.0
2017-07-23 22:00:00,2930.0
2017-07-23 23:00:00,3120.0
2017-07-24 00:00:00,3192.0
2017-07-24 01:00:00,3136.0
2017-07-24 02:00:00,3337.0
2017-07-24 03:00:00,3000.0
2017-07-24 04:00:00,2897.0
2017-07-24 05:00:00,2717.0
2017-07-24 06:00:00,2606.0
2017-07-24 07:00:00,2565.0
2017-07-24 08:00:00,2722.0
2017-07-24 09:00:00,2758.0
2017-07-24 10:00:00,2885.0
2017-07-24 11:00:00,3246.0
2017-07-24 12:00:00,3447.0
2017-07-24 13:00:00,3511.0
2017-07-24 14:00:00,3647.0
2017-07-24 15:00:00,3670.0
2017-07-24 16:00:00,3625.0
2017-07-24 17:00:00,3593.0
2017-07-24 18:00:00,3463.0
2017-07-24 19:00:00,3634.0
2017-07-24 20:00:00,3469.0
2017-07-24 21:00:00,3367.0
2017-07-24 22:00:00,3243.0
2017-07-24 23:00:00,3360.0
2017-07-25 00:00:00,3380.0
2017-07-25 01:00:00,3392.0
2017-07-25 02:00:00,3380.0
2017-07-25 03:00:00,3188.0
2017-07-25 04:00:00,2954.0
2017-07-25 05:00:00,2922.0
2017-07-25 06:00:00,2781.0
2017-07-25 07:00:00,2713.0
2017-07-25 08:00:00,2859.0
2017-07-25 09:00:00,2989.0
2017-07-25 10:00:00,3125.0
2017-07-25 11:00:00,3491.0
2017-07-25 12:00:00,3527.0
2017-07-25 13:00:00,3553.0
2017-07-25 14:00:00,3671.0
2017-07-25 15:00:00,3533.0
2017-07-25 16:00:00,3295.0
2017-07-25 17:00:00,3323.0
2017-07-25 18:00:00,3436.0
2017-07-25 19:00:00,3488.0
2017-07-25 20:00:00,3217.0
2017-07-25 21:00:00,3363.0
2017-07-25 22:00:00,3219.0
2017-07-25 23:00:00,3423.0
2017-07-26 00:00:00,3506.0
2017-07-26 01:00:00,3562.0
2017-07-26 02:00:00,3269.0
2017-07-26 03:00:00,3190.0
2017-07-26 04:00:00,3069.0
2017-07-26 05:00:00,2988.0
2017-07-26 06:00:00,2877.0
2017-07-26 07:00:00,2842.0
2017-07-26 08:00:00,2876.0
2017-07-26 09:00:00,2930.0
2017-07-26 10:00:00,3193.0
2017-07-26 11:00:00,3490.0
2017-07-26 12:00:00,3473.0
2017-07-26 13:00:00,3533.0
2017-07-26 14:00:00,3571.0
2017-07-26 15:00:00,3668.0
2017-07-26 16:00:00,3494.0
2017-07-26 17:00:00,3743.0
2017-07-26 18:00:00,3768.0
2017-07-26 19:00:00,3534.0
2017-07-26 20:00:00,3380.0
2017-07-26 21:00:00,3333.0
2017-07-26 22:00:00,3370.0
2017-07-26 23:00:00,3274.0
2017-07-27 00:00:00,3425.0
2017-07-27 01:00:00,3438.0
2017-07-27 02:00:00,3302.0
2017-07-27 03:00:00,3189.0
2017-07-27 04:00:00,3052.0
2017-07-27 05:00:00,2992.0
2017-07-27 06:00:00,2953.0
2017-07-27 07:00:00,2799.0
2017-07-27 08:00:00,2726.0
2017-07-27 09:00:00,2833.0
2017-07-27 10:00:00,2753.0
2017-07-27 11:00:00,2777.0
2017-07-27 12:00:00,2775.0
2017-07-27 13:00:00,2831.0
2017-07-27 14:00:00,2898.0
2017-07-27 15:00:00,2910.0
2017-07-27 16:00:00,2910.0
2017-07-27 17:00:00,2908.0
2017-07-27 18:00:00,2874.0
2017-07-27 19:00:00,2968.0
2017-07-27 20:00:00,2803.0
2017-07-27 21:00:00,2918.0
2017-07-27 22:00:00,2772.0
2017-07-27 23:00:00,3006.0
2017-07-28 00:00:00,3081.0
2017-07-28 01:00:00,2998.0
2017-07-28 02:00:00,2860.0
2017-07-28 03:00:00,2753.0
2017-07-28 04:00:00,2760.0
2017-07-28 05:00:00,2635.0
2017-07-28 06:00:00,2608.0
2017-07-28 07:00:00,2604.0
2017-07-28 08:00:00,2535.0
2017-07-28 09:00:00,2501.0
2017-07-28 10:00:00,2499.0
2017-07-28 11:00:00,2554.0
2017-07-28 12:00:00,2496.0
2017-07-28 13:00:00,2587.0
2017-07-28 14:00:00,2542.0
2017-07-28 15:00:00,2563.0
2017-07-28 16:00:00,2604.0
2017-07-28 17:00:00,2685.0
2017-07-28 18:00:00,2546.0
2017-07-28 19:00:00,2573.0
2017-07-28 20:00:00,2534.0
2017-07-28 21:00:00,2543.0
2017-07-28 22:00:00,2509.0
2017-07-28 23:00:00,2538.0
2017-07-29 00:00:00,2534.0
2017-07-29 01:00:00,2512.0
2017-07-29 02:00:00,2503.0
2017-07-29 03:00:00,2452.0
2017-07-29 04:00:00,2432.0
2017-07-29 05:00:00,2463.0
2017-07-29 06:00:00,2414.0
2017-07-29 07:00:00,2419.0
2017-07-29 08:00:00,2485.0
2017-07-29 09:00:00,2650.0
2017-07-29 10:00:00,2953.0
2017-07-29 11:00:00,3378.0
2017-07-29 12:00:00,3498.0
2017-07-29 13:00:00,3501.0
2017-07-29 14:00:00,3703.0
2017-07-29 15:00:00,3482.0
2017-07-29 16:00:00,3529.0
2017-07-29 17:00:00,3526.0
2017-07-29 18:00:00,3586.0
2017-07-29 19:00:00,3384.0
2017-07-29 20:00:00,3267.0
2017-07-29 21:00:00,3165.0
2017-07-29 22:00:00,3016.0
2017-07-29 23:00:00,3209.0
2017-07-30 00:00:00,3463.0
2017-07-30 01:00:00,3392.0
2017-07-30 02:00:00,3181.0
2017-07-30 03:00:00,3002.0
2017-07-30 04:00:00,2775.0
2017-07-30 05:00:00,2717.0
2017-07-30 06:00:00,2691.0
2017-07-30 07:00:00,2610.0
2017-07-30 08:00:00,2594.0
2017-07-30 09:00:00,2761.0
2017-07-30 10:00:00,2982.0
2017-07-30 11:00:00,3445.0
2017-07-30 12:00:00,3577.0
2017-07-30 13:00:00,3525.0
2017-07-30 14:00:00,3546.0
2017-07-30 15:00:00,3327.0
2017-07-30 16:00:00,3372.0
2017-07-30 17:00:00,3668.0
2017-07-30 18:00:00,3777.0
2017-07-30 19:00:00,3535.0
2017-07-30 20:00:00,3290.0
2017-07-30 21:00:00,3235.0
2017-07-30 22:00:00,3178.0
2017-07-30 23:00:00,3251.0
2017-07-31 00:00:00,3423.0
2017-07-31 01:00:00,3363.0
2017-07-31 02:00:00,3212.0
2017-07-31 03:00:00,3006.0
2017-07-31 04:00:00,2828.0
2017-07-31 05:00:00,2732.0
2017-07-31 06:00:00,2617.0
2017-07-31 07:00:00,2547.0
2017-07-31 08:00:00,2719.0
2017-07-31 09:00:00,2714.0
2017-07-31 10:00:00,2970.0
2017-07-31 11:00:00,3254.0
2017-07-31 12:00:00,3373.0
2017-07-31 13:00:00,3474.0
2017-07-31 14:00:00,3534.0
2017-07-31 15:00:00,3492.0
2017-07-31 16:00:00,3310.0
2017-07-31 17:00:00,3425.0
2017-07-31 18:00:00,3334.0
2017-07-31 19:00:00,3391.0
2017-07-31 20:00:00,3205.0
2017-07-31 21:00:00,3265.0
2017-07-31 22:00:00,3202.0
2017-07-31 23:00:00,3349.0
2017-08-01 00:00:00,3465.0
2017-08-01 01:00:00,3240.0
2017-08-01 02:00:00,3088.0
2017-08-01 03:00:00,2927.0
2017-08-01 04:00:00,2829.0
2017-08-01 05:00:00,2707.0
2017-08-01 06:00:00,2698.0
2017-08-01 07:00:00,2617.0
2017-08-01 08:00:00,2714.0
2017-08-01 09:00:00,2770.0
2017-08-01 10:00:00,2933.0
2017-08-01 11:00:00,3341.0
2017-08-01 12:00:00,3356.0
2017-08-01 13:00:00,3399.0
2017-08-01 14:00:00,3575.0
2017-08-01 15:00:00,3428.0
2017-08-01 16:00:00,3515.0
2017-08-01 17:00:00,3475.0
2017-08-01 18:00:00,3681.0
2017-08-01 19:00:00,3630.0
2017-08-01 20:00:00,3376.0
2017-08-01 21:00:00,3353.0
2017-08-01 22:00:00,3288.0
2017-08-01 23:00:00,3398.0
2017-08-02 00:00:00,3599.0
2017-08-02 01:00:00,3513.0
2017-08-02 02:00:00,3283.0
2017-08-02 03:00:00,3099.0
2017-08-02 04:00:00,2840.0
2017-08-02 05:00:00,2790.0
2017-08-02 06:00:00,2708.0
2017-08-02 07:00:00,2648.0
2017-08-02 08:00:00,2626.0
2017-08-02 09:00:00,2670.0
2017-08-02 10:00:00,3006.0
2017-08-02 11:00:00,3371.0
2017-08-02 12:00:00,3236.0
2017-08-02 13:00:00,3237.0
2017-08-02 14:00:00,3536.0
2017-08-02 15:00:00,3463.0
2017-08-02 16:00:00,3429.0
2017-08-02 17:00:00,3383.0
2017-08-02 18:00:00,3544.0
2017-08-02 19:00:00,3622.0
2017-08-02 20:00:00,3413.0
2017-08-02 21:00:00,3319.0
2017-08-02 22:00:00,3476.0
2017-08-02 23:00:00,3595.0
2017-08-03 00:00:00,3671.0
2017-08-03 01:00:00,3618.0
2017-08-03 02:00:00,3340.0
2017-08-03 03:00:00,3218.0
2017-08-03 04:00:00,2963.0
2017-08-03 05:00:00,2893.0
2017-08-03 06:00:00,2785.0
2017-08-03 07:00:00,2702.0
2017-08-03 08:00:00,2715.0
2017-08-03 09:00:00,2776.0
2017-08-03 10:00:00,2723.0
2017-08-03 11:00:00,2823.0
2017-08-03 12:00:00,2775.0
2017-08-03 13:00:00,2786.0
2017-08-03 14:00:00,2912.0
2017-08-03 15:00:00,2785.0
2017-08-03 16:00:00,2754.0
2017-08-03 17:00:00,2861.0
2017-08-03 18:00:00,2812.0
2017-08-03 19:00:00,2820.0
2017-08-03 20:00:00,2810.0
2017-08-03 21:00:00,2711.0
2017-08-03 22:00:00,2572.0
2017-08-03 23:00:00,2871.0
2017-08-04 00:00:00,2985.0
2017-08-04 01:00:00,2976.0
2017-08-04 02:00:00,2826.0
2017-08-04 03:00:00,2704.0
2017-08-04 04:00:00,2629.0
2017-08-04 05:00:00,2428.0
2017-08-04 06:00:00,2457.0
2017-08-04 07:00:00,2493.0
2017-08-04 08:00:00,2457.0
2017-08-04 09:00:00,2388.0
2017-08-04 10:00:00,2398.0
2017-08-04 11:00:00,2376.0
2017-08-04 12:00:00,2459.0
2017-08-04 13:00:00,2543.0
2017-08-04 14:00:00,2510.0
2017-08-04 15:00:00,2459.0
2017-08-04 16:00:00,2575.0
2017-08-04 17:00:00,2537.0
2017-08-04 18:00:00,2586.0
2017-08-04 19:00:00,2476.0
2017-08-04 20:00:00,2523.0
2017-08-04 21:00:00,2521.0
2017-08-04 22:00:00,2486.0
2017-08-04 23:00:00,2431.0
2017-08-05 00:00:00,2509.0
2017-08-05 01:00:00,2460.0
2017-08-05 02:00:00,2478.0
2017-08-05 03:00:00,2361.0
2017-08-05 04:00:00,2421.0
2017-08-05 05:00:00,2397.0
2017-08-05 06:00:00,2423.0
2017-08-05 07:00:00,2384.0
2017-08-05 08:00:00,2535.0
2017-08-05 09:00:00,2499.0
2017-08-05 10:00:00,2955.0
2017-08-05 11:00:00,3266.0
2017-08-05 12:00:00,3390.0
2017-08-05 13:00:00,3335.0
2017-08-05 14:00:00,3545.0
2017-08-05 15:00:00,3619.0
2017-08-05 16:00:00,3554.0
2017-08-05 17:00:00,3501.0
2017-08-05 18:00:00,3448.0
2017-08-05 19:00:00,3578.0
2017-08-05 20:00:00,3370.0
2017-08-05 21:00:00,3375.0
2017-08-05 22:00:00,3177.0
2017-08-05 23:00:00,3247.0
2017-08-06 00:00:00,3503.0
2017-08-06 01:00:00,3418.0
2017-08-06 02:00:00,3160.0
2017-08-06 03:00:00,3095.0
2017-08-06 04:00:00,2917.0
2017-08-06 05:00:00,2888.0
2017-08-06 06:00:00,2873.0
2017-08-06 07:00:00,2621.0
2017-08-06 08:00:00,2783.0
2017-08-06 09:00:00,2873.0
2017-08-06 10:00:00,2994.0
2017-08-06 11:00:00,3461.0
2017-08-06 12:00:00,3447.0
2017-08-06 13:00:00,3444.0
2017-08-06 14:00:00,3587.0
2017-08-06 15:00:00,3477.0
2017-08-06 16:00:00,3410.0
2017-08-06 17:00:00,3500.0
2017-08-06 18:00:00,3657.0
2017-08-06 19:00:00,3426.0
2017-08-06 20:00:00,3340.0
2017-08-06 21:00:00,3288.0
2017-08-06 22:00:00,3147.0
2017-08-06 23:00:00,3320.0
2017-08-07 00:00:00,3552.0
2017-08-07 01:00:00,3506.0
2017-08-07 02:00:00,3417.0
2017-08-07 03:00:00,3194.0
2017-08-07 04:00:00,2965.0
2017-08-07 05:00:00,2763.0
2017-08-07 06:00:00,2728.0
2017-08-07 07:00:00,2653.0
2017-08-07 08:00:00,2706.0
2017-08-07 09:00:00,2896.0
2017-08-07 10:00:00,3059.0
2017-08-07 11:00:00,3325.0
2017-08-07 12:00:00,3529.0
2017-08-07 13:00:00,3490.0
2017-08-07 14:00:00,3549.0
2017-08-07 15:00:00,3421.0
2017-08-07 16:00:00,3370.0
2017-08-07 17:00:00,3286.0
2017-08-07 18:00:00,3452.0
2017-08-07 19:00:00,3280.0
2017-08-07 20:00:00,3203.0
2017-08-07 21:00:00,3138.0
2017-08-07 22:00:00,3130.0
2017-08-07 23:00:00,3212.0
2017-08-08 00:00:00,3323.0
2017-08-08 01:00:00,3328.0
2017-08-08 02:00:00,3135.0
2017-08-08 03:00:00,2999.0
2017-08-08 04:00:00,2788.0
2017-08-08 05:00:00,2767.0
2017-08-08 06:00:00,2763.0
2017-08-08 07:00:00,2646.0
2017-08-08 08:00:00,2720.0
2017-08-08 09:00:00,2724.0
2017-08-08 10:00:00,3005.0
2017-08-08 11:00:00,3348.0
2017-08-08 12:00:00,3323.0
2017-08-08 13:00:00,3357.0
2017-08-08 14:00:00,3633.0
2017-08-08 15:00:00,3518.0
2017-08-08 16:00:00,3219.0
2017-08-08 17:00:00,3412.0
2017-08-08 18:00:00,3310.0
2017-08-08 19:00:00,3339.0
2017-08-08 20:00:00,3253.0
2017-08-08 21:00:00,3214.0
2017-08-08 22:00:00,3134.0
2017-08-08 23:00:00,3286.0
2017-08-09 00:00:00,3577.0
2017-08-09 01:00:00,3390.0
2017-08-09 02:00:00,3121.0
2017-08-09 03:00:00,2949.0
2017-08-09 04:00:00,2860.0
2017-08-09 05:00:00,2747.0
2017-08-09 06:00:00,2770.0
2017-08-09 07:00:00,2688.0
2017-08-09 08:00:00,2720.0
2017-08-09 09:00:00,2777.0
2017-08-09 10:00:00,3192.0
2017-08-09 11:00:00,3602.0
2017-08-09 12:00:00,3614.0
2017-08-09 13:00:00,3638.0
2017-08-09 14:00:00,3689.0
2017-08-09 15:00:00,3349.0
2017-08-09 16:00:00,3280.0
2017-08-09 17:00:00,3363.0
2017-08-09 18:00:00,3449.0
2017-08-09 19:00:00,3435.0
2017-08-09 20:00:00,3150.0
2017-08-09 21:00:00,3240.0
2017-08-09 22:00:00,3129.0
2017-08-09 23:00:00,3359.0
2017-08-10 00:00:00,3397.0
2017-08-10 01:00:00,3328.0
2017-08-10 02:00:00,3090.0
2017-08-10 03:00:00,2920.0
2017-08-10 04:00:00,2860.0
2017-08-10 05:00:00,2697.0
2017-08-10 06:00:00,2700.0
2017-08-10 07:00:00,2537.0
2017-08-10 08:00:00,2667.0
2017-08-10 09:00:00,2497.0
2017-08-10 10:00:00,2608.0
2017-08-10 11:00:00,2622.0
2017-08-10 12:00:00,2535.0
2017-08-10 13:00:00,2597.0
2017-08-10 14:00:00,2727.0
2017-08-10 15:00:00,2633.0
2017-08-10 16:00:00,2579.0
2017-08-10 17:00:00,2680.0
2017-08-10 18:00:00,2705.0
2017-08-10 19:00:00,2645.0
2017-08-10 20:00:00,2656.0
2017-08-10 21:00:00,2593.0
2017-08-10 22:00:00,2622.0
2017-08-10 23:00:00,2693.0
2017-08-11 00:00:00,2948.0
2017-08-11 01:00:00,2762.0
2017-08-11 02:00:00,2753.0
2017-08-11 03:00:00,2588.0
2017-08-11 04:00:00,2565.0
2017-08-11 05:00:00,2415.0
2017-08-11 06:00:00,2428.0
2017-08-11 07:00:00,2486.0
2017-08-11 08:00:00,2366.0
2017-08-11 09:00:00,2238.0
2017-08-11 10:00:00,2371.0
2017-08-11 11:00:00,2325.0
2017-08-11 12:00:00,2443.0
2017-08-11 13:00:00,2363.0
2017-08-11 14:00:00,2465.0
2017-08-11 15:00:00,2408.0
2017-08-11 16:00:00,2473.0
2017-08-11 17:00:00,2468.0
2017-08-11 18:00:00,2517.0
2017-08-11 19:00:00,2415.0
2017-08-11 20:00:00,2482.0
2017-08-11 21:00:00,2293.0
2017-08-11 22:00:00,2395.0
2017-08-11 23:00:00,2424.0
2017-08-12 00:00:00,2453.0
2017-08-12 01:00:00,2376.0
2017-08-12 02:00:00,2433.0
2017-08-12 03:00:00,2361.0
2017-08-12 04:00:00,2344.0
2017-08-12 05:00:00,2321.0
2017-08-12 06:00:00,2455.0
2017-08-12 07:00:00,2390.0
2017-08-12 08:00:00,2507.0
2017-08-12 09:00:00,2472.0
2017-08-12 10:00:00,2970.0
2017-08-12 11:00:00,3303.0
2017-08-12 12:00:00,3474.0
2017-08-12 13:00:00,3377.0
2017-08-12 14:00:00,3642.0
2017-08-12 15:00:00,3424.0
2017-08-12 16:00:00,3426.0
2017-08-12 17:00:00,3646.0
2017-08-12 18:00:00,3588.0
2017-08-12 19:00:00,3478.0
2017-08-12 20:00:00,3371.0
2017-08-12 21:00:00,3269.0
2017-08-12 22:00:00,3124.0
2017-08-12 23:00:00,3373.0
2017-08-13 00:00:00,3471.0
2017-08-13 01:00:00,3439.0
2017-08-13 02:00:00,3329.0
2017-08-13 03:00:00,3029.0
2017-08-13 04:00:00,2923.0
2017-08-13 05:00:00,2764.0
2017-08-13 06:00:00,2816.0
2017-08-13 07:00:00,2622.0
2017-08-13 08:00:00,2775.0
2017-08-13 09:00:00,2804.0
2017-08-13 10:00:00,3044.0
2017-08-13 11:00:00,3120.0
2017-08-13 12:00:00,3116.0
2017-08-13 13:00:00,3035.0
2017-08-13 14:00:00,3170.0
2017-08-13 15:00:00,3123.0
2017-08-13 16:00:00,3131.0
2017-08-13 17:00:00,3275.0
2017-08-13 18:00:00,3268.0
2017-08-13 19:00:00,3208.0
2017-08-13 20:00:00,3136.0
2017-08-13 21:00:00,3075.0
2017-08-13 22:00:00,3037.0
2017-08-13 23:00:00,3243.0
2017-08-14 00:00:00,3378.0
2017-08-14 01:00:00,3400.0
2017-08-14 02:00:00,3298.0
2017-08-14 03:00:00,3022.0
2017-08-14 04:00:00,2874.0
2017-08-14 05:00:00,2812.0
2017-08-14 06:00:00,2724.0
2017-08-14 07:00:00,2694.0
2017-08-14 08:00:00,2726.0
2017-08-14 09:00:00,2809.0
2017-08-14 10:00:00,3017.0
2017-08-14 11:00:00,3509.0
2017-08-14 12:00:00,3493.0
2017-08-14 13:00:00,3387.0
2017-08-14 14:00:00,3761.0
2017-08-14 15:00:00,3579.0
2017-08-14 16:00:00,3471.0
2017-08-14 17:00:00,3687.0
2017-08-14 18:00:00,3703.0
2017-08-14 19:00:00,3464.0
2017-08-14 20:00:00,3447.0
2017-08-14 21:00:00,3521.0
2017-08-14 22:00:00,3321.0
2017-08-14 23:00:00,3422.0
2017-08-15 00:00:00,3382.0
2017-08-15 01:00:00,3343.0
2017-08-15 02:00:00,3138.0
2017-08-15 03:00:00,2862.0
2017-08-15 04:00:00,2949.0
2017-08-15 05:00:00,2857.0
2017-08-15 06:00:00,2701.0
2017-08-15 07:00:00,2582.0
2017-08-15 08:00:00,2719.0
2017-08-15 09:00:00,2748.0
2017-08-15 10:00:00,3116.0
2017-08-15 11:00:00,3376.0
2017-08-15 12:00:00,3455.0
2017-08-15 13:00:00,3601.0
2017-08-15 14:00:00,3675.0
2017-08-15 15:00:00,3515.0
2017-08-15 16:00:00,3583.0
2017-08-15 17:00:00,3361.0
2017-08-15 18:00:00,3497.0
2017-08-15 19:00:00,3396.0
2017-08-15 20:00:00,3175.0
2017-08-15 21:00:00,3097.0
2017-08-15 22:00:00,3037.0
2017-08-15 23:00:00,3202.0
2017-08-16 00:00:00,3398.0
2017-08-16 01:00:00,3318.0
2017-08-16 02:00:00,3319.0
2017-08-16 03:00:00,2952.0
2017-08-16 04:00:00,2676.0
2017-08-16 05:00:00,2731.0
2017-08-16 06:00:00,2662.0
2017-08-16 07:00:00,2722.0
2017-08-16 08:00:00,2626.0
2017-08-16 09:00:00,2611.0
2017-08-16 10:00:00,2841.0
2017-08-16 11:00:00,3141.0
2017-08-16 12:00:00,3198.0
2017-08-16 13:00:00,3263.0
2017-08-16 14:00:00,3457.0
2017-08-16 15:00:00,3306.0
2017-08-16 16:00:00,3335.0
2017-08-16 17:00:00,3345.0
2017-08-16 18:00:00,3512.0
2017-08-16 19:00:00,3564.0
2017-08-16 20:00:00,3285.0
2017-08-16 21:00:00,3210.0
2017-08-16 22:00:00,3094.0
2017-08-16 23:00:00,3186.0
2017-08-17 00:00:00,3383.0
2017-08-17 01:00:00,3326.0
2017-08-17 02:00:00,3171.0
2017-08-17 03:00:00,3053.0
2017-08-17 04:00:00,3007.0
2017-08-17 05:00:00,2927.0
2017-08-17 06:00:00,2810.0
2017-08-17 07:00:00,2803.0
2017-08-17 08:00:00,2693.0
2017-08-17 09:00:00,2635.0
2017-08-17 10:00:00,2554.0
2017-08-17 11:00:00,2686.0
2017-08-17 12:00:00,2678.0
2017-08-17 13:00:00,2628.0
2017-08-17 14:00:00,2582.0
2017-08-17 15:00:00,2719.0
2017-08-17 16:00:00,2635.0
2017-08-17 17:00:00,2840.0
2017-08-17 18:00:00,2967.0
2017-08-17 19:00:00,2849.0
2017-08-17 20:00:00,2819.0
2017-08-17 21:00:00,3042.0
2017-08-17 22:00:00,2776.0
2017-08-17 23:00:00,2948.0
2017-08-18 00:00:00,3108.0
2017-08-18 01:00:00,3080.0
2017-08-18 02:00:00,2937.0
2017-08-18 03:00:00,2851.0
2017-08-18 04:00:00,2726.0
2017-08-18 05:00:00,2590.0
2017-08-18 06:00:00,2579.0
2017-08-18 07:00:00,2576.0
2017-08-18 08:00:00,2582.0
2017-08-18 09:00:00,2547.0
2017-08-18 10:00:00,2473.0
2017-08-18 11:00:00,2577.0
2017-08-18 12:00:00,2621.0
2017-08-18 13:00:00,2651.0
2017-08-18 14:00:00,2650.0
2017-08-18 15:00:00,2635.0
2017-08-18 16:00:00,2718.0
2017-08-18 17:00:00,2658.0
2017-08-18 18:00:00,2673.0
2017-08-18 19:00:00,2709.0
2017-08-18 20:00:00,2680.0
2017-08-18 21:00:00,2680.0
2017-08-18 22:00:00,2651.0
2017-08-18 23:00:00,2612.0
2017-08-19 00:00:00,2654.0
2017-08-19 01:00:00,2596.0
2017-08-19 02:00:00,2637.0
2017-08-19 03:00:00,2620.0
2017-08-19 04:00:00,2564.0
2017-08-19 05:00:00,2590.0
2017-08-19 06:00:00,2622.0
2017-08-19 07:00:00,2572.0
2017-08-19 08:00:00,2678.0
2017-08-19 09:00:00,2733.0
2017-08-19 10:00:00,3039.0
2017-08-19 11:00:00,3354.0
2017-08-19 12:00:00,3354.0
2017-08-19 13:00:00,3431.0
2017-08-19 14:00:00,3508.0
2017-08-19 15:00:00,3381.0
2017-08-19 16:00:00,3530.0
2017-08-19 17:00:00,3410.0
2017-08-19 18:00:00,3396.0
2017-08-19 19:00:00,3473.0
2017-08-19 20:00:00,3370.0
2017-08-19 21:00:00,3234.0
2017-08-19 22:00:00,3128.0
2017-08-19 23:00:00,3201.0
2017-08-20 00:00:00,3523.0
2017-08-20 01:00:00,3483.0
2017-08-20 02:00:00,3256.0
2017-08-20 03:00:00,3061.0
2017-08-20 04:00:00,2896.0
2017-08-20 05:00:00,2798.0
2017-08-20 06:00:00,2746.0
2017-08-20 07:00:00,2753.0
2017-08-20 08:00:00,2675.0
2017-08-20 09:00:00,2672.0
2017-08-20 10:00:00,3008.0
2017-08-20 11:00:00,3343.0
2017-08-20 12:00:00,3573.0
2017-08-20 13:00:00,3510.0
2017-08-20 14:00:00,3642.0
2017-08-20 15:00:00,3462.0
2017-08-20 16:00:00,3413.0
2017-08-20 17:00:00,3535.0
2017-08-20 18:00:00,3507.0
2017-08-20 19:00:00,3495.0
2017-08-20 20:00:00,3303.0
2017-08-20 21:00:00,3125.0
2017-08-20 22:00:00,3109.0
2017-08-20 23:00:00,3223.0
2017-08-21 00:00:00,3444.0
2017-08-21 01:00:00,3418.0
2017-08-21 02:00:00,3274.0
2017-08-21 03:00:00,3064.0
2017-08-21 04:00:00,2911.0
2017-08-21 05:00:00,2868.0
2017-08-21 06:00:00,2779.0
2017-08-21 07:00:00,2721.0
2017-08-21 08:00:00,2721.0
2017-08-21 09:00:00,2725.0
2017-08-21 10:00:00,2992.0
2017-08-21 11:00:00,3284.0
2017-08-21 12:00:00,3478.0
2017-08-21 13:00:00,3447.0
2017-08-21 14:00:00,3462.0
2017-08-21 15:00:00,3374.0
2017-08-21 16:00:00,3429.0
2017-08-21 17:00:00,3399.0
2017-08-21 18:00:00,3531.0
2017-08-21 19:00:00,3383.0
2017-08-21 20:00:00,3381.0
2017-08-21 21:00:00,3278.0
2017-08-21 22:00:00,3140.0
2017-08-21 23:00:00,3322.0
2017-08-22 00:00:00,3444.0
2017-08-22 01:00:00,3261.0
2017-08-22 02:00:00,3113.0
2017-08-22 03:00:00,2998.0
2017-08-22 04:00:00,2868.0
2017-08-22 05:00:00,2762.0
2017-08-22 06:00:00,2781.0
2017-08-22 07:00:00,2695.0
2017-08-22 08:00:00,2652.0
2017-08-22 09:00:00,2671.0
2017-08-22 10:00:00,2989.0
2017-08-22 11:00:00,3425.0
2017-08-22 12:00:00,3592.0
2017-08-22 13:00:00,3548.0
2017-08-22 14:00:00,3821.0
2017-08-22 15:00:00,3637.0
2017-08-22 16:00:00,3977.0
2017-08-22 17:00:00,3747.0
2017-08-22 18:00:00,3694.0
2017-08-22 19:00:00,3659.0
2017-08-22 20:00:00,3232.0
2017-08-22 21:00:00,3209.0
2017-08-22 22:00:00,3072.0
2017-08-22 23:00:00,3314.0
2017-08-23 00:00:00,3517.0
2017-08-23 01:00:00,3411.0
2017-08-23 02:00:00,3283.0
2017-08-23 03:00:00,2955.0
2017-08-23 04:00:00,2861.0
2017-08-23 05:00:00,2735.0
2017-08-23 06:00:00,2742.0
2017-08-23 07:00:00,2688.0
2017-08-23 08:00:00,2670.0
2017-08-23 09:00:00,2778.0
2017-08-23 10:00:00,2950.0
2017-08-23 11:00:00,3377.0
2017-08-23 12:00:00,3441.0
2017-08-23 13:00:00,3563.0
2017-08-23 14:00:00,3608.0
2017-08-23 15:00:00,3589.0
2017-08-23 16:00:00,3539.0
2017-08-23 17:00:00,3704.0
2017-08-23 18:00:00,3637.0
2017-08-23 19:00:00,3533.0
2017-08-23 20:00:00,3372.0
2017-08-23 21:00:00,3322.0
2017-08-23 22:00:00,3220.0
2017-08-23 23:00:00,3430.0
2017-08-24 00:00:00,3418.0
2017-08-24 01:00:00,3372.0
2017-08-24 02:00:00,3235.0
2017-08-24 03:00:00,3071.0
2017-08-24 04:00:00,3006.0
2017-08-24 05:00:00,2897.0
2017-08-24 06:00:00,2813.0
2017-08-24 07:00:00,2798.0
2017-08-24 08:00:00,2739.0
2017-08-24 09:00:00,2677.0
2017-08-24 10:00:00,2805.0
2017-08-24 11:00:00,2778.0
2017-08-24 12:00:00,2775.0
2017-08-24 13:00:00,2706.0
2017-08-24 14:00:00,2744.0
2017-08-24 15:00:00,2834.0
2017-08-24 16:00:00,2796.0
2017-08-24 17:00:00,2835.0
2017-08-24 18:00:00,2891.0
2017-08-24 19:00:00,2765.0
2017-08-24 20:00:00,2661.0
2017-08-24 21:00:00,2687.0
2017-08-24 22:00:00,2671.0
2017-08-24 23:00:00,2786.0
2017-08-25 00:00:00,2972.0
2017-08-25 01:00:00,2928.0
2017-08-25 02:00:00,2824.0
2017-08-25 03:00:00,2722.0
2017-08-25 04:00:00,2649.0
2017-08-25 05:00:00,2530.0
2017-08-25 06:00:00,2542.0
2017-08-25 07:00:00,2464.0
2017-08-25 08:00:00,2401.0
2017-08-25 09:00:00,2440.0
2017-08-25 10:00:00,2397.0
2017-08-25 11:00:00,2411.0
2017-08-25 12:00:00,2394.0
2017-08-25 13:00:00,2446.0
2017-08-25 14:00:00,2466.0
2017-08-25 15:00:00,2494.0
2017-08-25 16:00:00,2529.0
2017-08-25 17:00:00,2504.0
2017-08-25 18:00:00,2575.0
2017-08-25 19:00:00,2502.0
2017-08-25 20:00:00,2510.0
2017-08-25 21:00:00,2484.0
2017-08-25 22:00:00,2503.0
2017-08-25 23:00:00,2372.0
2017-08-26 00:00:00,2496.0
2017-08-26 01:00:00,2533.0
2017-08-26 02:00:00,2482.0
2017-08-26 03:00:00,2431.0
2017-08-26 04:00:00,2422.0
2017-08-26 05:00:00,2406.0
2017-08-26 06:00:00,2477.0
2017-08-26 07:00:00,2308.0
2017-08-26 08:00:00,2522.0
2017-08-26 09:00:00,2571.0
2017-08-26 10:00:00,2906.0
2017-08-26 11:00:00,3278.0
2017-08-26 12:00:00,3486.0
2017-08-26 13:00:00,3442.0
2017-08-26 14:00:00,3512.0
2017-08-26 15:00:00,3326.0
2017-08-26 16:00:00,3360.0
2017-08-26 17:00:00,3442.0
2017-08-26 18:00:00,3524.0
2017-08-26 19:00:00,3376.0
2017-08-26 20:00:00,3185.0
2017-08-26 21:00:00,3122.0
2017-08-26 22:00:00,3073.0
2017-08-26 23:00:00,3191.0
2017-08-27 00:00:00,3429.0
2017-08-27 01:00:00,3312.0
2017-08-27 02:00:00,3139.0
2017-08-27 03:00:00,2851.0
2017-08-27 04:00:00,2732.0
2017-08-27 05:00:00,2591.0
2017-08-27 06:00:00,2609.0
2017-08-27 07:00:00,2552.0
2017-08-27 08:00:00,2534.0
2017-08-27 09:00:00,2474.0
2017-08-27 10:00:00,2968.0
2017-08-27 11:00:00,3299.0
2017-08-27 12:00:00,3394.0
2017-08-27 13:00:00,3347.0
2017-08-27 14:00:00,3546.0
2017-08-27 15:00:00,3429.0
2017-08-27 16:00:00,3352.0
2017-08-27 17:00:00,3360.0
2017-08-27 18:00:00,3363.0
2017-08-27 19:00:00,3353.0
2017-08-27 20:00:00,3146.0
2017-08-27 21:00:00,3079.0
2017-08-27 22:00:00,3014.0
2017-08-27 23:00:00,3171.0
2017-08-28 00:00:00,3425.0
2017-08-28 01:00:00,3308.0
2017-08-28 02:00:00,3057.0
2017-08-28 03:00:00,2950.0
2017-08-28 04:00:00,2745.0
2017-08-28 05:00:00,2596.0
2017-08-28 06:00:00,2602.0
2017-08-28 07:00:00,2551.0
2017-08-28 08:00:00,2638.0
2017-08-28 09:00:00,2569.0
2017-08-28 10:00:00,2902.0
2017-08-28 11:00:00,3263.0
2017-08-28 12:00:00,3417.0
2017-08-28 13:00:00,3346.0
2017-08-28 14:00:00,3578.0
2017-08-28 15:00:00,3386.0
2017-08-28 16:00:00,3377.0
2017-08-28 17:00:00,3383.0
2017-08-28 18:00:00,3511.0
2017-08-28 19:00:00,3482.0
2017-08-28 20:00:00,3291.0
2017-08-28 21:00:00,3175.0
2017-08-28 22:00:00,3086.0
2017-08-28 23:00:00,3218.0
2017-08-29 00:00:00,3333.0
2017-08-29 01:00:00,3158.0
2017-08-29 02:00:00,2885.0
2017-08-29 03:00:00,2738.0
2017-08-29 04:00:00,2683.0
2017-08-29 05:00:00,2637.0
2017-08-29 06:00:00,2650.0
2017-08-29 07:00:00,2627.0
2017-08-29 08:00:00,2601.0
2017-08-29 09:00:00,2617.0
2017-08-29 10:00:00,3004.0
2017-08-29 11:00:00,3288.0
2017-08-29 12:00:00,3420.0
2017-08-29 13:00:00,3464.0
2017-08-29 14:00:00,3606.0
2017-08-29 15:00:00,3417.0
2017-08-29 16:00:00,3336.0
2017-08-29 17:00:00,3438.0
2017-08-29 18:00:00,3432.0
2017-08-29 19:00:00,3310.0
2017-08-29 20:00:00,3204.0
2017-08-29 21:00:00,3279.0
2017-08-29 22:00:00,3094.0
2017-08-29 23:00:00,3301.0
2017-08-30 00:00:00,3478.0
2017-08-30 01:00:00,3326.0
2017-08-30 02:00:00,3137.0
2017-08-30 03:00:00,3003.0
2017-08-30 04:00:00,2865.0
2017-08-30 05:00:00,2719.0
2017-08-30 06:00:00,2675.0
2017-08-30 07:00:00,2639.0
2017-08-30 08:00:00,2641.0
2017-08-30 09:00:00,2597.0
2017-08-30 10:00:00,3036.0
2017-08-30 11:00:00,3292.0
2017-08-30 12:00:00,3427.0
2017-08-30 13:00:00,3417.0
2017-08-30 14:00:00,3439.0
2017-08-30 15:00:00,3426.0
2017-08-30 16:00:00,3595.0
2017-08-30 17:00:00,3525.0
2017-08-30 18:00:00,3632.0
2017-08-30 19:00:00,3569.0
2017-08-30 20:00:00,3465.0
2017-08-30 21:00:00,3316.0
2017-08-30 22:00:00,3225.0
2017-08-30 23:00:00,3429.0
2017-08-31 00:00:00,3526.0
2017-08-31 01:00:00,3534.0
2017-08-31 02:00:00,3141.0
2017-08-31 03:00:00,2962.0
2017-08-31 04:00:00,2939.0
2017-08-31 05:00:00,2819.0
2017-08-31 06:00:00,2739.0
2017-08-31 07:00:00,2779.0
2017-08-31 08:00:00,2675.0
2017-08-31 09:00:00,2589.0
2017-08-31 10:00:00,2854.0
2017-08-31 11:00:00,2675.0
2017-08-31 12:00:00,2683.0
2017-08-31 13:00:00,2816.0
2017-08-31 14:00:00,2864.0
2017-08-31 15:00:00,2752.0
2017-08-31 16:00:00,2940.0
2017-08-31 17:00:00,2944.0
2017-08-31 18:00:00,2903.0
2017-08-31 19:00:00,2937.0
2017-08-31 20:00:00,2666.0
2017-08-31 21:00:00,2724.0
2017-08-31 22:00:00,2897.0
2017-08-31 23:00:00,2955.0
2017-09-01 00:00:00,3040.0
2017-09-01 01:00:00,3060.0
2017-09-01 02:00:00,2865.0
2017-09-01 03:00:00,2812.0
2017-09-01 04:00:00,2769.0
2017-09-01 05:00:00,2564.0
2017-09-01 06:00:00,2647.0
2017-09-01 07:00:00,2593.0
2017-09-01 08:00:00,2569.0
2017-09-01 09:00:00,2355.0
2017-09-01 10:00:00,2657.0
2017-09-01 11:00:00,2485.0
2017-09-01 12:00:00,2569.0
2017-09-01 13:00:00,2580.0
2017-09-01 14:00:00,2563.0
2017-09-01 15:00:00,2421.0
2017-09-01 16:00:00,2618.0
2017-09-01 17:00:00,2615.0
2017-09-01 18:00:00,2557.0
2017-09-01 19:00:00,2593.0
2017-09-01 20:00:00,2586.0
2017-09-01 21:00:00,2414.0
2017-09-01 22:00:00,2700.0
2017-09-01 23:00:00,2569.0
2017-09-02 00:00:00,2617.0
2017-09-02 01:00:00,2622.0
2017-09-02 02:00:00,2585.0
2017-09-02 03:00:00,2519.0
2017-09-02 04:00:00,2593.0
2017-09-02 05:00:00,2593.0
2017-09-02 06:00:00,2567.0
2017-09-02 07:00:00,2598.0
2017-09-02 08:00:00,2583.0
2017-09-02 09:00:00,2608.0
2017-09-02 10:00:00,3216.0
2017-09-02 11:00:00,3349.0
2017-09-02 12:00:00,3527.0
2017-09-02 13:00:00,3495.0
2017-09-02 14:00:00,3667.0
2017-09-02 15:00:00,3633.0
2017-09-02 16:00:00,3560.0
2017-09-02 17:00:00,3560.0
2017-09-02 18:00:00,3655.0
2017-09-02 19:00:00,3579.0
2017-09-02 20:00:00,3262.0
2017-09-02 21:00:00,3259.0
2017-09-02 22:00:00,3339.0
2017-09-02 23:00:00,3439.0
2017-09-03 00:00:00,3694.0
2017-09-03 01:00:00,3650.0
2017-09-03 02:00:00,3429.0
2017-09-03 03:00:00,3167.0
2017-09-03 04:00:00,3130.0
2017-09-03 05:00:00,2985.0
2017-09-03 06:00:00,2890.0
2017-09-03 07:00:00,2796.0
2017-09-03 08:00:00,2715.0
2017-09-03 09:00:00,2783.0
2017-09-03 10:00:00,3224.0
2017-09-03 11:00:00,3547.0
2017-09-03 12:00:00,3543.0
2017-09-03 13:00:00,3573.0
2017-09-03 14:00:00,3767.0
2017-09-03 15:00:00,3544.0
2017-09-03 16:00:00,3672.0
2017-09-03 17:00:00,3783.0
2017-09-03 18:00:00,3640.0
2017-09-03 19:00:00,3576.0
2017-09-03 20:00:00,3359.0
2017-09-03 21:00:00,3365.0
2017-09-03 22:00:00,3255.0
2017-09-03 23:00:00,3488.0
2017-09-04 00:00:00,3654.0
2017-09-04 01:00:00,3640.0
2017-09-04 02:00:00,3463.0
2017-09-04 03:00:00,3243.0
2017-09-04 04:00:00,3166.0
2017-09-04 05:00:00,2987.0
2017-09-04 06:00:00,2873.0
2017-09-04 07:00:00,2969.0
2017-09-04 08:00:00,2842.0
2017-09-04 09:00:00,2952.0
2017-09-04 10:00:00,3225.0
2017-09-04 11:00:00,3528.0
2017-09-04 12:00:00,3518.0
2017-09-04 13:00:00,3647.0
2017-09-04 14:00:00,3750.0
2017-09-04 15:00:00,3756.0
2017-09-04 16:00:00,3786.0
2017-09-04 17:00:00,3688.0
2017-09-04 18:00:00,3766.0
2017-09-04 19:00:00,3632.0
2017-09-04 20:00:00,3290.0
2017-09-04 21:00:00,3296.0
2017-09-04 22:00:00,3422.0
2017-09-04 23:00:00,3456.0
2017-09-05 00:00:00,3560.0
2017-09-05 01:00:00,3514.0
2017-09-05 02:00:00,3277.0
2017-09-05 03:00:00,3238.0
2017-09-05 04:00:00,3151.0
2017-09-05 05:00:00,3027.0
2017-09-05 06:00:00,3028.0
2017-09-05 07:00:00,2924.0
2017-09-05 08:00:00,2734.0
2017-09-05 09:00:00,2982.0
2017-09-05 10:00:00,3359.0
2017-09-05 11:00:00,3608.0
2017-09-05 12:00:00,3824.0
2017-09-05 13:00:00,3766.0
2017-09-05 14:00:00,4354.0
2017-09-05 15:00:00,3920.0
2017-09-05 16:00:00,3954.0
2017-09-05 17:00:00,3875.0
2017-09-05 18:00:00,4002.0
2017-09-05 19:00:00,3835.0
2017-09-05 20:00:00,3410.0
2017-09-05 21:00:00,3222.0
2017-09-05 22:00:00,3351.0
2017-09-05 23:00:00,3416.0
2017-09-06 00:00:00,3658.0
2017-09-06 01:00:00,3642.0
2017-09-06 02:00:00,3438.0
2017-09-06 03:00:00,3202.0
2017-09-06 04:00:00,3078.0
2017-09-06 05:00:00,2930.0
2017-09-06 06:00:00,2913.0
2017-09-06 07:00:00,2817.0
2017-09-06 08:00:00,2763.0
2017-09-06 09:00:00,2844.0
2017-09-06 10:00:00,3198.0
2017-09-06 11:00:00,3405.0
2017-09-06 12:00:00,3525.0
2017-09-06 13:00:00,3553.0
2017-09-06 14:00:00,3631.0
2017-09-06 15:00:00,3650.0
2017-09-06 16:00:00,3454.0
2017-09-06 17:00:00,3590.0
2017-09-06 18:00:00,3844.0
2017-09-06 19:00:00,3606.0
2017-09-06 20:00:00,3422.0
2017-09-06 21:00:00,3314.0
2017-09-06 22:00:00,3282.0
2017-09-06 23:00:00,3487.0
2017-09-07 00:00:00,3684.0
2017-09-07 01:00:00,3601.0
2017-09-07 02:00:00,3368.0
2017-09-07 03:00:00,3159.0
2017-09-07 04:00:00,2964.0
2017-09-07 05:00:00,2876.0
2017-09-07 06:00:00,2822.0
2017-09-07 07:00:00,2752.0
2017-09-07 08:00:00,2694.0
2017-09-07 09:00:00,2618.0
2017-09-07 10:00:00,2747.0
2017-09-07 11:00:00,2746.0
2017-09-07 12:00:00,2810.0
2017-09-07 13:00:00,2813.0
2017-09-07 14:00:00,2784.0
2017-09-07 15:00:00,2863.0
2017-09-07 16:00:00,3080.0
2017-09-07 17:00:00,3106.0
2017-09-07 18:00:00,3209.0
2017-09-07 19:00:00,3065.0
2017-09-07 20:00:00,2844.0
2017-09-07 21:00:00,2984.0
2017-09-07 22:00:00,3028.0
2017-09-07 23:00:00,2994.0
2017-09-08 00:00:00,3237.0
2017-09-08 01:00:00,3080.0
2017-09-08 02:00:00,2976.0
2017-09-08 03:00:00,2895.0
2017-09-08 04:00:00,2822.0
2017-09-08 05:00:00,2678.0
2017-09-08 06:00:00,2721.0
2017-09-08 07:00:00,2691.0
2017-09-08 08:00:00,2578.0
2017-09-08 09:00:00,2517.0
2017-09-08 10:00:00,2580.0
2017-09-08 11:00:00,2557.0
2017-09-08 12:00:00,2591.0
2017-09-08 13:00:00,2644.0
2017-09-08 14:00:00,2564.0
2017-09-08 15:00:00,2496.0
2017-09-08 16:00:00,2728.0
2017-09-08 17:00:00,2645.0
2017-09-08 18:00:00,2701.0
2017-09-08 19:00:00,2592.0
2017-09-08 20:00:00,2568.0
2017-09-08 21:00:00,2465.0
2017-09-08 22:00:00,2657.0
2017-09-08 23:00:00,2551.0
2017-09-09 00:00:00,2628.0
2017-09-09 01:00:00,2544.0
2017-09-09 02:00:00,2546.0
2017-09-09 03:00:00,2524.0
2017-09-09 04:00:00,2594.0
2017-09-09 05:00:00,2592.0
2017-09-09 06:00:00,2588.0
2017-09-09 07:00:00,2534.0
2017-09-09 08:00:00,2607.0
2017-09-09 09:00:00,2646.0
2017-09-09 10:00:00,3024.0
2017-09-09 11:00:00,3324.0
2017-09-09 12:00:00,3415.0
2017-09-09 13:00:00,3505.0
2017-09-09 14:00:00,3636.0
2017-09-09 15:00:00,3507.0
2017-09-09 16:00:00,3550.0
2017-09-09 17:00:00,3665.0
2017-09-09 18:00:00,3651.0
2017-09-09 19:00:00,3568.0
2017-09-09 20:00:00,3310.0
2017-09-09 21:00:00,3315.0
2017-09-09 22:00:00,3317.0
2017-09-09 23:00:00,3433.0
2017-09-10 00:00:00,3593.0
2017-09-10 01:00:00,3584.0
2017-09-10 02:00:00,3360.0
2017-09-10 03:00:00,3057.0
2017-09-10 04:00:00,2995.0
2017-09-10 05:00:00,2872.0
2017-09-10 06:00:00,2801.0
2017-09-10 07:00:00,2736.0
2017-09-10 08:00:00,2688.0
2017-09-10 09:00:00,2591.0
2017-09-10 10:00:00,3051.0
2017-09-10 11:00:00,3289.0
2017-09-10 12:00:00,3416.0
2017-09-10 13:00:00,3468.0
2017-09-10 14:00:00,3413.0
2017-09-10 15:00:00,3553.0
2017-09-10 16:00:00,3570.0
2017-09-10 17:00:00,3568.0
2017-09-10 18:00:00,3625.0
2017-09-10 19:00:00,3703.0
2017-09-10 20:00:00,3345.0
2017-09-10 21:00:00,3245.0
2017-09-10 22:00:00,3296.0
2017-09-10 23:00:00,3270.0
2017-09-11 00:00:00,3409.0
2017-09-11 01:00:00,3457.0
2017-09-11 02:00:00,3213.0
2017-09-11 03:00:00,3024.0
2017-09-11 04:00:00,2908.0
2017-09-11 05:00:00,2735.0
2017-09-11 06:00:00,2693.0
2017-09-11 07:00:00,2653.0
2017-09-11 08:00:00,2634.0
2017-09-11 09:00:00,2591.0
2017-09-11 10:00:00,3012.0
2017-09-11 11:00:00,3332.0
2017-09-11 12:00:00,3419.0
2017-09-11 13:00:00,3357.0
2017-09-11 14:00:00,3544.0
2017-09-11 15:00:00,3422.0
2017-09-11 16:00:00,3415.0
2017-09-11 17:00:00,3337.0
2017-09-11 18:00:00,3571.0
2017-09-11 19:00:00,3506.0
2017-09-11 20:00:00,3201.0
2017-09-11 21:00:00,3213.0
2017-09-11 22:00:00,3165.0
2017-09-11 23:00:00,3240.0
2017-09-12 00:00:00,3321.0
2017-09-12 01:00:00,3191.0
2017-09-12 02:00:00,3001.0
2017-09-12 03:00:00,2755.0
2017-09-12 04:00:00,2761.0
2017-09-12 05:00:00,2721.0
2017-09-12 06:00:00,2654.0
2017-09-12 07:00:00,2645.0
2017-09-12 08:00:00,2581.0
2017-09-12 09:00:00,2556.0
2017-09-12 10:00:00,3062.0
2017-09-12 11:00:00,3302.0
2017-09-12 12:00:00,3359.0
2017-09-12 13:00:00,3511.0
2017-09-12 14:00:00,3507.0
2017-09-12 15:00:00,3515.0
2017-09-12 16:00:00,3479.0
2017-09-12 17:00:00,3543.0
2017-09-12 18:00:00,3501.0
2017-09-12 19:00:00,3767.0
2017-09-12 20:00:00,3524.0
2017-09-12 21:00:00,3339.0
2017-09-12 22:00:00,3356.0
2017-09-12 23:00:00,3497.0
2017-09-13 00:00:00,3286.0
2017-09-13 01:00:00,3120.0
2017-09-13 02:00:00,2924.0
2017-09-13 03:00:00,2880.0
2017-09-13 04:00:00,2782.0
2017-09-13 05:00:00,2621.0
2017-09-13 06:00:00,2675.0
2017-09-13 07:00:00,2643.0
2017-09-13 08:00:00,2653.0
2017-09-13 09:00:00,2620.0
2017-09-13 10:00:00,3043.0
2017-09-13 11:00:00,3311.0
2017-09-13 12:00:00,3484.0
2017-09-13 13:00:00,3528.0
2017-09-13 14:00:00,3609.0
2017-09-13 15:00:00,3579.0
2017-09-13 16:00:00,3614.0
2017-09-13 17:00:00,3602.0
2017-09-13 18:00:00,3755.0
2017-09-13 19:00:00,4043.0
2017-09-13 20:00:00,3832.0
2017-09-13 21:00:00,3796.0
2017-09-13 22:00:00,3696.0
2017-09-13 23:00:00,3429.0
2017-09-14 00:00:00,3314.0
2017-09-14 01:00:00,3079.0
2017-09-14 02:00:00,2897.0
2017-09-14 03:00:00,2939.0
2017-09-14 04:00:00,2906.0
2017-09-14 05:00:00,2815.0
2017-09-14 06:00:00,2852.0
2017-09-14 07:00:00,2784.0
2017-09-14 08:00:00,2689.0
2017-09-14 09:00:00,2613.0
2017-09-14 10:00:00,2714.0
2017-09-14 11:00:00,2836.0
2017-09-14 12:00:00,2861.0
2017-09-14 13:00:00,2814.0
2017-09-14 14:00:00,2907.0
2017-09-14 15:00:00,2684.0
2017-09-14 16:00:00,2872.0
2017-09-14 17:00:00,3052.0
2017-09-14 18:00:00,3013.0
2017-09-14 19:00:00,3174.0
2017-09-14 20:00:00,3040.0
2017-09-14 21:00:00,2977.0
2017-09-14 22:00:00,2876.0
2017-09-14 23:00:00,3042.0
2017-09-15 00:00:00,2924.0
2017-09-15 01:00:00,3086.0
2017-09-15 02:00:00,2801.0
2017-09-15 03:00:00,2867.0
2017-09-15 04:00:00,2902.0
2017-09-15 05:00:00,2657.0
2017-09-15 06:00:00,2675.0
2017-09-15 07:00:00,2635.0
2017-09-15 08:00:00,2596.0
2017-09-15 09:00:00,2360.0
2017-09-15 10:00:00,2673.0
2017-09-15 11:00:00,2640.0
2017-09-15 12:00:00,2577.0
2017-09-15 13:00:00,2632.0
2017-09-15 14:00:00,2594.0
2017-09-15 15:00:00,2453.0
2017-09-15 16:00:00,2606.0
2017-09-15 17:00:00,2516.0
2017-09-15 18:00:00,2589.0
2017-09-15 19:00:00,2585.0
2017-09-15 20:00:00,2543.0
2017-09-15 21:00:00,2417.0
2017-09-15 22:00:00,2565.0
2017-09-15 23:00:00,2469.0
2017-09-16 00:00:00,2512.0
2017-09-16 01:00:00,2469.0
2017-09-16 02:00:00,2473.0
2017-09-16 03:00:00,2407.0
2017-09-16 04:00:00,2388.0
2017-09-16 05:00:00,2434.0
2017-09-16 06:00:00,2447.0
2017-09-16 07:00:00,2457.0
2017-09-16 08:00:00,2464.0
2017-09-16 09:00:00,2441.0
2017-09-16 10:00:00,3061.0
2017-09-16 11:00:00,3492.0
2017-09-16 12:00:00,3520.0
2017-09-16 13:00:00,3509.0
2017-09-16 14:00:00,3546.0
2017-09-16 15:00:00,3559.0
2017-09-16 16:00:00,3601.0
2017-09-16 17:00:00,3581.0
2017-09-16 18:00:00,3772.0
2017-09-16 19:00:00,3710.0
2017-09-16 20:00:00,3711.0
2017-09-16 21:00:00,3551.0
2017-09-16 22:00:00,3491.0
2017-09-16 23:00:00,3465.0
2017-09-17 00:00:00,3281.0
2017-09-17 01:00:00,3172.0
2017-09-17 02:00:00,2955.0
2017-09-17 03:00:00,2814.0
2017-09-17 04:00:00,2742.0
2017-09-17 05:00:00,2612.0
2017-09-17 06:00:00,2601.0
2017-09-17 07:00:00,2598.0
2017-09-17 08:00:00,2599.0
2017-09-17 09:00:00,2515.0
2017-09-17 10:00:00,3090.0
2017-09-17 11:00:00,3458.0
2017-09-17 12:00:00,3507.0
2017-09-17 13:00:00,3456.0
2017-09-17 14:00:00,3485.0
2017-09-17 15:00:00,3400.0
2017-09-17 16:00:00,3430.0
2017-09-17 17:00:00,3388.0
2017-09-17 18:00:00,3673.0
2017-09-17 19:00:00,3502.0
2017-09-17 20:00:00,3384.0
2017-09-17 21:00:00,2139.0
2017-09-17 22:00:00,2630.0
2017-09-17 23:00:00,3553.0
2017-09-18 00:00:00,3635.0
2017-09-18 01:00:00,3413.0
2017-09-18 02:00:00,3100.0
2017-09-18 03:00:00,2954.0
2017-09-18 04:00:00,2943.0
2017-09-18 05:00:00,2801.0
2017-09-18 06:00:00,2686.0
2017-09-18 07:00:00,2654.0
2017-09-18 08:00:00,2524.0
2017-09-18 09:00:00,2615.0
2017-09-18 10:00:00,2928.0
2017-09-18 11:00:00,3277.0
2017-09-18 12:00:00,3412.0
2017-09-18 13:00:00,3336.0
2017-09-18 14:00:00,3439.0
2017-09-18 15:00:00,3459.0
2017-09-18 16:00:00,3385.0
2017-09-18 17:00:00,3568.0
2017-09-18 18:00:00,3798.0
2017-09-18 19:00:00,3607.0
2017-09-18 20:00:00,3277.0
2017-09-18 21:00:00,3283.0
2017-09-18 22:00:00,3391.0
2017-09-18 23:00:00,3540.0
2017-09-19 00:00:00,3588.0
2017-09-19 01:00:00,3162.0
2017-09-19 02:00:00,3088.0
2017-09-19 03:00:00,2965.0
2017-09-19 04:00:00,2973.0
2017-09-19 05:00:00,2834.0
2017-09-19 06:00:00,2764.0
2017-09-19 07:00:00,2721.0
2017-09-19 08:00:00,2748.0
2017-09-19 09:00:00,2866.0
2017-09-19 10:00:00,3225.0
2017-09-19 11:00:00,3329.0
2017-09-19 12:00:00,3322.0
2017-09-19 13:00:00,3566.0
2017-09-19 14:00:00,3612.0
2017-09-19 15:00:00,3438.0
2017-09-19 16:00:00,3602.0
2017-09-19 17:00:00,3700.0
2017-09-19 18:00:00,3887.0
2017-09-19 19:00:00,3774.0
2017-09-19 20:00:00,3537.0
2017-09-19 21:00:00,3351.0
2017-09-19 22:00:00,3416.0
2017-09-19 23:00:00,3516.0
2017-09-20 00:00:00,3743.0
2017-09-20 01:00:00,3635.0
2017-09-20 02:00:00,3422.0
2017-09-20 03:00:00,3240.0
2017-09-20 04:00:00,3153.0
2017-09-20 05:00:00,3056.0
2017-09-20 06:00:00,3029.0
2017-09-20 07:00:00,3020.0
2017-09-20 08:00:00,2840.0
2017-09-20 09:00:00,2945.0
2017-09-20 10:00:00,3268.0
2017-09-20 11:00:00,3559.0
2017-09-20 12:00:00,3666.0
2017-09-20 13:00:00,3643.0
2017-09-20 14:00:00,3894.0
2017-09-20 15:00:00,3683.0
2017-09-20 16:00:00,3693.0
2017-09-20 17:00:00,3728.0
2017-09-20 18:00:00,3865.0
2017-09-20 19:00:00,3821.0
2017-09-20 20:00:00,3655.0
2017-09-20 21:00:00,3489.0
2017-09-20 22:00:00,3428.0
2017-09-20 23:00:00,3514.0
2017-09-21 00:00:00,3704.0
2017-09-21 01:00:00,3430.0
2017-09-21 02:00:00,3150.0
2017-09-21 03:00:00,2973.0
2017-09-21 04:00:00,2932.0
2017-09-21 05:00:00,2882.0
2017-09-21 06:00:00,2841.0
2017-09-21 07:00:00,2847.0
2017-09-21 08:00:00,2770.0
2017-09-21 09:00:00,2792.0
2017-09-21 10:00:00,2897.0
2017-09-21 11:00:00,2795.0
2017-09-21 12:00:00,2779.0
2017-09-21 13:00:00,2683.0
2017-09-21 14:00:00,2813.0
2017-09-21 15:00:00,2780.0
2017-09-21 16:00:00,2792.0
2017-09-21 17:00:00,3014.0
2017-09-21 18:00:00,2910.0
2017-09-21 19:00:00,2961.0
2017-09-21 20:00:00,2874.0
2017-09-21 21:00:00,2736.0
2017-09-21 22:00:00,2789.0
2017-09-21 23:00:00,3013.0
2017-09-22 00:00:00,3093.0
2017-09-22 01:00:00,3162.0
2017-09-22 02:00:00,2927.0
2017-09-22 03:00:00,2751.0
2017-09-22 04:00:00,2833.0
2017-09-22 05:00:00,2589.0
2017-09-22 06:00:00,2554.0
2017-09-22 07:00:00,2584.0
2017-09-22 08:00:00,2512.0
2017-09-22 09:00:00,2389.0
2017-09-22 10:00:00,2598.0
2017-09-22 11:00:00,2509.0
2017-09-22 12:00:00,2696.0
2017-09-22 13:00:00,2729.0
2017-09-22 14:00:00,2558.0
2017-09-22 15:00:00,2515.0
2017-09-22 16:00:00,2710.0
2017-09-22 17:00:00,2546.0
2017-09-22 18:00:00,2693.0
2017-09-22 19:00:00,2600.0
2017-09-22 20:00:00,2579.0
2017-09-22 21:00:00,2570.0
2017-09-22 22:00:00,2709.0
2017-09-22 23:00:00,2602.0
2017-09-23 00:00:00,2639.0
2017-09-23 01:00:00,2555.0
2017-09-23 02:00:00,2591.0
2017-09-23 03:00:00,2428.0
2017-09-23 04:00:00,2560.0
2017-09-23 05:00:00,2655.0
2017-09-23 06:00:00,2565.0
2017-09-23 07:00:00,2585.0
2017-09-23 08:00:00,2700.0
2017-09-23 09:00:00,2760.0
2017-09-23 10:00:00,3180.0
2017-09-23 11:00:00,3400.0
2017-09-23 12:00:00,3550.0
2017-09-23 13:00:00,3563.0
2017-09-23 14:00:00,3758.0
2017-09-23 15:00:00,3631.0
2017-09-23 16:00:00,3832.0
2017-09-23 17:00:00,3682.0
2017-09-23 18:00:00,3836.0
2017-09-23 19:00:00,3711.0
2017-09-23 20:00:00,3516.0
2017-09-23 21:00:00,3348.0
2017-09-23 22:00:00,3509.0
2017-09-23 23:00:00,3569.0
2017-09-24 00:00:00,3976.0
2017-09-24 01:00:00,3701.0
2017-09-24 02:00:00,3693.0
2017-09-24 03:00:00,3423.0
2017-09-24 04:00:00,3239.0
2017-09-24 05:00:00,3080.0
2017-09-24 06:00:00,3115.0
2017-09-24 07:00:00,3110.0
2017-09-24 08:00:00,2719.0
2017-09-24 09:00:00,2908.0
2017-09-24 10:00:00,3295.0
2017-09-24 11:00:00,3415.0
2017-09-24 12:00:00,3534.0
2017-09-24 13:00:00,3719.0
2017-09-24 14:00:00,3638.0
2017-09-24 15:00:00,3605.0
2017-09-24 16:00:00,3527.0
2017-09-24 17:00:00,3467.0
2017-09-24 18:00:00,3746.0
2017-09-24 19:00:00,3685.0
2017-09-24 20:00:00,3585.0
2017-09-24 21:00:00,3459.0
2017-09-24 22:00:00,3352.0
2017-09-24 23:00:00,3685.0
2017-09-25 00:00:00,3847.0
2017-09-25 01:00:00,3635.0
2017-09-25 02:00:00,3492.0
2017-09-25 03:00:00,3398.0
2017-09-25 04:00:00,3197.0
2017-09-25 05:00:00,3069.0
2017-09-25 06:00:00,2967.0
2017-09-25 07:00:00,2861.0
2017-09-25 08:00:00,2849.0
2017-09-25 09:00:00,2930.0
2017-09-25 10:00:00,3175.0
2017-09-25 11:00:00,3409.0
2017-09-25 12:00:00,3518.0
2017-09-25 13:00:00,3598.0
2017-09-25 14:00:00,3713.0
2017-09-25 15:00:00,3561.0
2017-09-25 16:00:00,3663.0
2017-09-25 17:00:00,3736.0
2017-09-25 18:00:00,3691.0
2017-09-25 19:00:00,3738.0
2017-09-25 20:00:00,3591.0
2017-09-25 21:00:00,3386.0
2017-09-25 22:00:00,3349.0
2017-09-25 23:00:00,3650.0
2017-09-26 00:00:00,3677.0
2017-09-26 01:00:00,3492.0
2017-09-26 02:00:00,3361.0
2017-09-26 03:00:00,3213.0
2017-09-26 04:00:00,3092.0
2017-09-26 05:00:00,2932.0
2017-09-26 06:00:00,2926.0
2017-09-26 07:00:00,2868.0
2017-09-26 08:00:00,2812.0
2017-09-26 09:00:00,2902.0
2017-09-26 10:00:00,3136.0
2017-09-26 11:00:00,3481.0
2017-09-26 12:00:00,3602.0
2017-09-26 13:00:00,3426.0
2017-09-26 14:00:00,3583.0
2017-09-26 15:00:00,3546.0
2017-09-26 16:00:00,3604.0
2017-09-26 17:00:00,3502.0
2017-09-26 18:00:00,3617.0
2017-09-26 19:00:00,3703.0
2017-09-26 20:00:00,3408.0
2017-09-26 21:00:00,3426.0
2017-09-26 22:00:00,3359.0
2017-09-26 23:00:00,3517.0
2017-09-27 00:00:00,3700.0
2017-09-27 01:00:00,3606.0
2017-09-27 02:00:00,3330.0
2017-09-27 03:00:00,3269.0
2017-09-27 04:00:00,3133.0
2017-09-27 05:00:00,3119.0
2017-09-27 06:00:00,3234.0
2017-09-27 07:00:00,3533.0
2017-09-27 08:00:00,3311.0
2017-09-27 09:00:00,2948.0
2017-09-27 10:00:00,2879.0
2017-09-27 11:00:00,3023.0
2017-09-27 12:00:00,2941.0
2017-09-27 13:00:00,3397.0
2017-09-27 14:00:00,3391.0
2017-09-27 15:00:00,3196.0
2017-09-27 16:00:00,3358.0
2017-09-27 17:00:00,3443.0
2017-09-27 18:00:00,3488.0
2017-09-27 19:00:00,3324.0
2017-09-27 20:00:00,3188.0
2017-09-27 21:00:00,3211.0
2017-09-27 22:00:00,3156.0
2017-09-27 23:00:00,3289.0
2017-09-28 00:00:00,3619.0
2017-09-28 01:00:00,3452.0
2017-09-28 02:00:00,3290.0
2017-09-28 03:00:00,3154.0
2017-09-28 04:00:00,3165.0
2017-09-28 05:00:00,2950.0
2017-09-28 06:00:00,2987.0
2017-09-28 07:00:00,2882.0
2017-09-28 08:00:00,2778.0
2017-09-28 09:00:00,2615.0
2017-09-28 10:00:00,2781.0
2017-09-28 11:00:00,2578.0
2017-09-28 12:00:00,2691.0
2017-09-28 13:00:00,2786.0
2017-09-28 14:00:00,2690.0
2017-09-28 15:00:00,2797.0
2017-09-28 16:00:00,2859.0
2017-09-28 17:00:00,2834.0
2017-09-28 18:00:00,2888.0
2017-09-28 19:00:00,2694.0
2017-09-28 20:00:00,2608.0
2017-09-28 21:00:00,2678.0
2017-09-28 22:00:00,2696.0
2017-09-28 23:00:00,2630.0
2017-09-29 00:00:00,2672.0
2017-09-29 01:00:00,2628.0
2017-09-29 02:00:00,2565.0
2017-09-29 03:00:00,0.0
2017-09-29 04:00:00,2507.0
2017-09-29 05:00:00,2522.0
2017-09-29 06:00:00,2601.0
2017-09-29 07:00:00,2546.0
2017-09-29 08:00:00,2441.0
2017-09-29 09:00:00,2513.0
2017-09-29 10:00:00,2523.0
2017-09-29 11:00:00,2483.0
2017-09-29 12:00:00,2634.0
2017-09-29 13:00:00,2556.0
2017-09-29 14:00:00,2461.0
2017-09-29 15:00:00,2599.0
2017-09-29 16:00:00,2697.0
2017-09-29 17:00:00,2716.0
2017-09-29 18:00:00,2845.0
2017-09-29 19:00:00,2701.0
2017-09-29 20:00:00,2493.0
2017-09-29 21:00:00,2592.0
2017-09-29 22:00:00,2670.0
2017-09-29 23:00:00,2646.0
2017-09-30 00:00:00,2695.0
2017-09-30 01:00:00,2580.0
2017-09-30 02:00:00,2440.0
2017-09-30 03:00:00,2533.0
2017-09-30 04:00:00,2630.0
2017-09-30 05:00:00,2487.0
2017-09-30 06:00:00,2521.0
2017-09-30 07:00:00,2519.0
2017-09-30 08:00:00,2501.0
2017-09-30 09:00:00,2661.0
2017-09-30 10:00:00,3066.0
2017-09-30 11:00:00,3378.0
2017-09-30 12:00:00,3479.0
2017-09-30 13:00:00,3617.0
2017-09-30 14:00:00,3573.0
2017-09-30 15:00:00,3717.0
2017-09-30 16:00:00,3572.0
2017-09-30 17:00:00,3554.0
2017-09-30 18:00:00,3737.0
2017-09-30 19:00:00,3637.0
2017-09-30 20:00:00,3382.0
2017-09-30 21:00:00,3274.0
2017-09-30 22:00:00,3275.0
2017-09-30 23:00:00,3432.0
2017-10-01 00:00:00,3532.0
2017-10-01 01:00:00,3525.0
2017-10-01 02:00:00,3384.0
2017-10-01 03:00:00,3221.0
2017-10-01 04:00:00,3167.0
2017-10-01 05:00:00,2903.0
2017-10-01 06:00:00,2858.0
2017-10-01 07:00:00,2795.0
2017-10-01 08:00:00,2585.0
2017-10-01 09:00:00,2726.0
2017-10-01 10:00:00,3039.0
2017-10-01 11:00:00,3395.0
2017-10-01 12:00:00,3440.0
2017-10-01 13:00:00,3447.0
2017-10-01 14:00:00,3611.0
2017-10-01 15:00:00,3598.0
2017-10-01 16:00:00,3560.0
2017-10-01 17:00:00,3594.0
2017-10-01 18:00:00,3713.0
2017-10-01 19:00:00,3675.0
2017-10-01 20:00:00,3460.0
2017-10-01 21:00:00,3282.0
2017-10-01 22:00:00,3304.0
2017-10-01 23:00:00,3309.0
2017-10-02 00:00:00,3464.0
2017-10-02 01:00:00,3392.0
2017-10-02 02:00:00,3184.0
2017-10-02 03:00:00,3143.0
2017-10-02 04:00:00,2963.0
2017-10-02 05:00:00,2869.0
2017-10-02 06:00:00,2759.0
2017-10-02 07:00:00,2600.0
2017-10-02 08:00:00,2591.0
2017-10-02 09:00:00,2678.0
2017-10-02 10:00:00,2999.0
2017-10-02 11:00:00,3508.0
2017-10-02 12:00:00,3579.0
2017-10-02 13:00:00,3533.0
2017-10-02 14:00:00,3625.0
2017-10-02 15:00:00,3472.0
2017-10-02 16:00:00,3536.0
2017-10-02 17:00:00,3553.0
2017-10-02 18:00:00,3676.0
2017-10-02 19:00:00,3488.0
2017-10-02 20:00:00,3264.0
2017-10-02 21:00:00,3290.0
2017-10-02 22:00:00,3395.0
2017-10-02 23:00:00,3363.0
2017-10-03 00:00:00,3449.0
2017-10-03 01:00:00,3371.0
2017-10-03 02:00:00,3085.0
2017-10-03 03:00:00,3049.0
2017-10-03 04:00:00,2907.0
2017-10-03 05:00:00,2815.0
2017-10-03 06:00:00,2767.0
2017-10-03 07:00:00,2641.0
2017-10-03 08:00:00,2554.0
2017-10-03 09:00:00,2676.0
2017-10-03 10:00:00,2986.0
2017-10-03 11:00:00,3445.0
2017-10-03 12:00:00,3440.0
2017-10-03 13:00:00,3520.0
2017-10-03 14:00:00,3471.0
2017-10-03 15:00:00,3410.0
2017-10-03 16:00:00,3544.0
2017-10-03 17:00:00,3584.0
2017-10-03 18:00:00,3603.0
2017-10-03 19:00:00,3394.0
2017-10-03 20:00:00,3211.0
2017-10-03 21:00:00,3258.0
2017-10-03 22:00:00,3302.0
2017-10-03 23:00:00,3433.0
2017-10-04 00:00:00,3544.0
2017-10-04 01:00:00,3408.0
2017-10-04 02:00:00,3216.0
2017-10-04 03:00:00,3166.0
2017-10-04 04:00:00,3093.0
2017-10-04 05:00:00,2882.0
2017-10-04 06:00:00,2796.0
2017-10-04 07:00:00,2667.0
2017-10-04 08:00:00,2636.0
2017-10-04 09:00:00,2795.0
2017-10-04 10:00:00,3093.0
2017-10-04 11:00:00,3362.0
2017-10-04 12:00:00,3446.0
2017-10-04 13:00:00,3412.0
2017-10-04 14:00:00,3504.0
2017-10-04 15:00:00,3460.0
2017-10-04 16:00:00,3498.0
2017-10-04 17:00:00,3516.0
2017-10-04 18:00:00,3725.0
2017-10-04 19:00:00,3495.0
2017-10-04 20:00:00,3272.0
2017-10-04 21:00:00,3230.0
2017-10-04 22:00:00,3284.0
2017-10-04 23:00:00,3327.0
2017-10-05 00:00:00,3541.0
2017-10-05 01:00:00,3339.0
2017-10-05 02:00:00,3052.0
2017-10-05 03:00:00,2993.0
2017-10-05 04:00:00,2951.0
2017-10-05 05:00:00,2843.0
2017-10-05 06:00:00,2808.0
2017-10-05 07:00:00,2745.0
2017-10-05 08:00:00,2621.0
2017-10-05 09:00:00,2595.0
2017-10-05 10:00:00,2515.0
2017-10-05 11:00:00,2707.0
2017-10-05 12:00:00,2738.0
2017-10-05 13:00:00,2797.0
2017-10-05 14:00:00,2769.0
2017-10-05 15:00:00,2678.0
2017-10-05 16:00:00,2807.0
2017-10-05 17:00:00,2947.0
2017-10-05 18:00:00,3029.0
2017-10-05 19:00:00,2814.0
2017-10-05 20:00:00,2664.0
2017-10-05 21:00:00,2775.0
2017-10-05 22:00:00,2875.0
2017-10-05 23:00:00,2828.0
2017-10-06 00:00:00,2880.0
2017-10-06 01:00:00,2960.0
2017-10-06 02:00:00,2774.0
2017-10-06 03:00:00,2721.0
2017-10-06 04:00:00,2625.0
2017-10-06 05:00:00,2510.0
2017-10-06 06:00:00,2516.0
2017-10-06 07:00:00,2528.0
2017-10-06 08:00:00,2430.0
2017-10-06 09:00:00,2385.0
2017-10-06 10:00:00,2385.0
2017-10-06 11:00:00,2410.0
2017-10-06 12:00:00,2497.0
2017-10-06 13:00:00,2534.0
2017-10-06 14:00:00,2477.0
2017-10-06 15:00:00,2436.0
2017-10-06 16:00:00,2593.0
2017-10-06 17:00:00,2574.0
2017-10-06 18:00:00,2682.0
2017-10-06 19:00:00,2621.0
2017-10-06 20:00:00,2530.0
2017-10-06 21:00:00,2520.0
2017-10-06 22:00:00,2615.0
2017-10-06 23:00:00,2524.0
2017-10-07 00:00:00,2577.0
2017-10-07 01:00:00,2600.0
2017-10-07 02:00:00,2458.0
2017-10-07 03:00:00,2489.0
2017-10-07 04:00:00,2503.0
2017-10-07 05:00:00,2478.0
2017-10-07 06:00:00,2490.0
2017-10-07 07:00:00,2480.0
2017-10-07 08:00:00,2547.0
2017-10-07 09:00:00,2664.0
2017-10-07 10:00:00,2954.0
2017-10-07 11:00:00,3269.0
2017-10-07 12:00:00,3344.0
2017-10-07 13:00:00,3505.0
2017-10-07 14:00:00,3440.0
2017-10-07 15:00:00,3536.0
2017-10-07 16:00:00,3479.0
2017-10-07 17:00:00,3620.0
2017-10-07 18:00:00,3719.0
2017-10-07 19:00:00,3580.0
2017-10-07 20:00:00,3234.0
2017-10-07 21:00:00,3294.0
2017-10-07 22:00:00,3274.0
2017-10-07 23:00:00,3348.0
2017-10-08 00:00:00,3451.0
2017-10-08 01:00:00,3374.0
2017-10-08 02:00:00,3167.0
2017-10-08 03:00:00,3129.0
2017-10-08 04:00:00,3046.0
2017-10-08 05:00:00,2836.0
2017-10-08 06:00:00,2784.0
2017-10-08 07:00:00,2647.0
2017-10-08 08:00:00,2561.0
2017-10-08 09:00:00,2775.0
2017-10-08 10:00:00,2975.0
2017-10-08 11:00:00,3461.0
2017-10-08 12:00:00,3469.0
2017-10-08 13:00:00,3586.0
2017-10-08 14:00:00,3629.0
2017-10-08 15:00:00,3713.0
2017-10-08 16:00:00,3608.0
2017-10-08 17:00:00,3611.0
2017-10-08 18:00:00,3807.0
2017-10-08 19:00:00,3649.0
2017-10-08 20:00:00,3477.0
2017-10-08 21:00:00,3316.0
2017-10-08 22:00:00,3228.0
2017-10-08 23:00:00,3404.0
2017-10-09 00:00:00,3515.0
2017-10-09 01:00:00,3507.0
2017-10-09 02:00:00,3302.0
2017-10-09 03:00:00,3294.0
2017-10-09 04:00:00,3134.0
2017-10-09 05:00:00,2985.0
2017-10-09 06:00:00,2952.0
2017-10-09 07:00:00,2770.0
2017-10-09 08:00:00,2723.0
2017-10-09 09:00:00,2900.0
2017-10-09 10:00:00,3161.0
2017-10-09 11:00:00,3515.0
2017-10-09 12:00:00,3511.0
2017-10-09 13:00:00,3609.0
2017-10-09 14:00:00,3661.0
2017-10-09 15:00:00,3669.0
2017-10-09 16:00:00,3540.0
2017-10-09 17:00:00,3725.0
2017-10-09 18:00:00,3731.0
2017-10-09 19:00:00,3730.0
2017-10-09 20:00:00,3365.0
2017-10-09 21:00:00,3371.0
2017-10-09 22:00:00,3382.0
2017-10-09 23:00:00,3514.0
2017-10-10 00:00:00,3440.0
2017-10-10 01:00:00,3410.0
2017-10-10 02:00:00,3128.0
2017-10-10 03:00:00,3091.0
2017-10-10 04:00:00,3049.0
2017-10-10 05:00:00,2975.0
2017-10-10 06:00:00,2910.0
2017-10-10 07:00:00,2807.0
2017-10-10 08:00:00,2724.0
2017-10-10 09:00:00,2785.0
2017-10-10 10:00:00,3155.0
2017-10-10 11:00:00,3434.0
2017-10-10 12:00:00,3488.0
2017-10-10 13:00:00,3534.0
2017-10-10 14:00:00,3555.0
2017-10-10 15:00:00,3503.0
2017-10-10 16:00:00,3648.0
2017-10-10 17:00:00,3709.0
2017-10-10 18:00:00,3804.0
2017-10-10 19:00:00,3756.0
2017-10-10 20:00:00,3499.0
2017-10-10 21:00:00,3477.0
2017-10-10 22:00:00,3339.0
2017-10-10 23:00:00,3384.0
2017-10-11 00:00:00,3530.0
2017-10-11 01:00:00,3417.0
2017-10-11 02:00:00,3219.0
2017-10-11 03:00:00,3226.0
2017-10-11 04:00:00,3173.0
2017-10-11 05:00:00,3018.0
2017-10-11 06:00:00,2890.0
2017-10-11 07:00:00,2792.0
2017-10-11 08:00:00,2647.0
2017-10-11 09:00:00,2788.0
2017-10-11 10:00:00,3019.0
2017-10-11 11:00:00,3342.0
2017-10-11 12:00:00,3401.0
2017-10-11 13:00:00,3480.0
2017-10-11 14:00:00,3648.0
2017-10-11 15:00:00,3624.0
2017-10-11 16:00:00,3674.0
2017-10-11 17:00:00,3705.0
2017-10-11 18:00:00,3887.0
2017-10-11 19:00:00,3859.0
2017-10-11 20:00:00,3605.0
2017-10-11 21:00:00,3371.0
2017-10-11 22:00:00,3322.0
2017-10-11 23:00:00,3446.0
2017-10-12 00:00:00,3572.0
2017-10-12 01:00:00,3425.0
2017-10-12 02:00:00,3198.0
2017-10-12 03:00:00,3195.0
2017-10-12 04:00:00,3057.0
2017-10-12 05:00:00,2967.0
2017-10-12 06:00:00,2822.0
2017-10-12 07:00:00,2772.0
2017-10-12 08:00:00,2655.0
2017-10-12 09:00:00,2694.0
2017-10-12 10:00:00,2767.0
2017-10-12 11:00:00,2780.0
2017-10-12 12:00:00,2714.0
2017-10-12 13:00:00,2805.0
2017-10-12 14:00:00,2851.0
2017-10-12 15:00:00,2936.0
2017-10-12 16:00:00,2963.0
2017-10-12 17:00:00,2989.0
2017-10-12 18:00:00,3143.0
2017-10-12 19:00:00,3188.0
2017-10-12 20:00:00,2995.0
2017-10-12 21:00:00,3078.0
2017-10-12 22:00:00,3257.0
2017-10-12 23:00:00,3253.0
2017-10-13 00:00:00,3179.0
2017-10-13 01:00:00,3112.0
2017-10-13 02:00:00,2946.0
2017-10-13 03:00:00,2957.0
2017-10-13 04:00:00,2840.0
2017-10-13 05:00:00,2759.0
2017-10-13 06:00:00,2674.0
2017-10-13 07:00:00,2560.0
2017-10-13 08:00:00,2489.0
2017-10-13 09:00:00,2407.0
2017-10-13 10:00:00,2472.0
2017-10-13 11:00:00,2586.0
2017-10-13 12:00:00,2584.0
2017-10-13 13:00:00,2671.0
2017-10-13 14:00:00,2549.0
2017-10-13 15:00:00,2749.0
2017-10-13 16:00:00,3047.0
2017-10-13 17:00:00,2966.0
2017-10-13 18:00:00,3126.0
2017-10-13 19:00:00,3011.0
2017-10-13 20:00:00,2833.0
2017-10-13 21:00:00,2817.0
2017-10-13 22:00:00,2785.0
2017-10-13 23:00:00,2696.0
2017-10-14 00:00:00,2691.0
2017-10-14 01:00:00,2643.0
2017-10-14 02:00:00,2515.0
2017-10-14 03:00:00,2570.0
2017-10-14 04:00:00,2575.0
2017-10-14 05:00:00,2552.0
2017-10-14 06:00:00,2605.0
2017-10-14 07:00:00,2582.0
2017-10-14 08:00:00,2532.0
2017-10-14 09:00:00,2721.0
2017-10-14 10:00:00,2965.0
2017-10-14 11:00:00,3378.0
2017-10-14 12:00:00,3487.0
2017-10-14 13:00:00,3453.0
2017-10-14 14:00:00,3543.0
2017-10-14 15:00:00,3674.0
2017-10-14 16:00:00,3761.0
2017-10-14 17:00:00,3922.0
2017-10-14 18:00:00,4016.0
2017-10-14 19:00:00,4090.0
2017-10-14 20:00:00,3538.0
2017-10-14 21:00:00,3395.0
2017-10-14 22:00:00,3407.0
2017-10-14 23:00:00,3372.0
2017-10-15 00:00:00,3543.0
2017-10-15 01:00:00,3394.0
2017-10-15 02:00:00,3215.0
2017-10-15 03:00:00,3170.0
2017-10-15 04:00:00,2981.0
2017-10-15 05:00:00,2936.0
2017-10-15 06:00:00,2775.0
2017-10-15 07:00:00,2675.0
2017-10-15 08:00:00,2604.0
2017-10-15 09:00:00,2725.0
2017-10-15 10:00:00,3047.0
2017-10-15 11:00:00,3314.0
2017-10-15 12:00:00,3449.0
2017-10-15 13:00:00,3547.0
2017-10-15 14:00:00,3704.0
2017-10-15 15:00:00,3690.0
2017-10-15 16:00:00,3851.0
2017-10-15 17:00:00,3742.0
2017-10-15 18:00:00,4032.0
2017-10-15 19:00:00,3958.0
2017-10-15 20:00:00,3782.0
2017-10-15 21:00:00,3478.0
2017-10-15 22:00:00,3484.0
2017-10-15 23:00:00,3313.0
2017-10-16 00:00:00,3561.0
2017-10-16 01:00:00,3365.0
2017-10-16 02:00:00,3139.0
2017-10-16 03:00:00,3083.0
2017-10-16 04:00:00,2911.0
2017-10-16 05:00:00,2779.0
2017-10-16 06:00:00,2741.0
2017-10-16 07:00:00,2593.0
2017-10-16 08:00:00,2554.0
2017-10-16 09:00:00,2752.0
2017-10-16 10:00:00,3033.0
2017-10-16 11:00:00,3350.0
2017-10-16 12:00:00,3495.0
2017-10-16 13:00:00,3550.0
2017-10-16 14:00:00,3595.0
2017-10-16 15:00:00,3806.0
2017-10-16 16:00:00,3887.0
2017-10-16 17:00:00,3746.0
2017-10-16 18:00:00,4039.0
2017-10-16 19:00:00,4308.0
2017-10-16 20:00:00,3871.0
2017-10-16 21:00:00,3551.0
2017-10-16 22:00:00,3708.0
2017-10-16 23:00:00,3761.0
2017-10-17 00:00:00,3745.0
2017-10-17 01:00:00,3633.0
2017-10-17 02:00:00,3336.0
2017-10-17 03:00:00,3026.0
2017-10-17 04:00:00,3124.0
2017-10-17 05:00:00,2999.0
2017-10-17 06:00:00,2948.0
2017-10-17 07:00:00,2935.0
2017-10-17 08:00:00,2712.0
2017-10-17 09:00:00,2623.0
2017-10-17 10:00:00,3091.0
2017-10-17 11:00:00,3416.0
2017-10-17 12:00:00,3427.0
2017-10-17 13:00:00,3538.0
2017-10-17 14:00:00,3538.0
2017-10-17 15:00:00,3679.0
2017-10-17 16:00:00,3899.0
2017-10-17 17:00:00,3867.0
2017-10-17 18:00:00,4002.0
2017-10-17 19:00:00,3871.0
2017-10-17 20:00:00,3693.0
2017-10-17 21:00:00,3547.0
2017-10-17 22:00:00,3519.0
2017-10-17 23:00:00,3418.0
2017-10-18 00:00:00,3754.0
2017-10-18 01:00:00,3586.0
2017-10-18 02:00:00,3462.0
2017-10-18 03:00:00,3410.0
2017-10-18 04:00:00,3208.0
2017-10-18 05:00:00,3079.0
2017-10-18 06:00:00,3073.0
2017-10-18 07:00:00,3051.0
2017-10-18 08:00:00,2900.0
2017-10-18 09:00:00,2811.0
2017-10-18 10:00:00,3173.0
2017-10-18 11:00:00,3448.0
2017-10-18 12:00:00,3607.0
2017-10-18 13:00:00,3607.0
2017-10-18 14:00:00,3794.0
2017-10-18 15:00:00,3860.0
2017-10-18 16:00:00,4109.0
2017-10-18 17:00:00,4185.0
2017-10-18 18:00:00,4404.0
2017-10-18 19:00:00,4253.0
2017-10-18 20:00:00,3887.0
2017-10-18 21:00:00,3841.0
2017-10-18 22:00:00,4014.0
2017-10-18 23:00:00,3862.0
2017-10-19 00:00:00,4002.0
2017-10-19 01:00:00,3897.0
2017-10-19 02:00:00,3658.0
2017-10-19 03:00:00,3635.0
2017-10-19 04:00:00,3542.0
2017-10-19 05:00:00,3476.0
2017-10-19 06:00:00,3335.0
2017-10-19 07:00:00,3202.0
2017-10-19 08:00:00,2947.0
2017-10-19 09:00:00,2900.0
2017-10-19 10:00:00,2874.0
2017-10-19 11:00:00,2868.0
2017-10-19 12:00:00,2939.0
2017-10-19 13:00:00,3085.0
2017-10-19 14:00:00,3073.0
2017-10-19 15:00:00,3172.0
2017-10-19 16:00:00,3235.0
2017-10-19 17:00:00,3270.0
2017-10-19 18:00:00,3467.0
2017-10-19 19:00:00,3391.0
2017-10-19 20:00:00,3218.0
2017-10-19 21:00:00,3224.0
2017-10-19 22:00:00,3399.0
2017-10-19 23:00:00,3436.0
2017-10-20 00:00:00,3592.0
2017-10-20 01:00:00,3513.0
2017-10-20 02:00:00,3209.0
2017-10-20 03:00:00,3180.0
2017-10-20 04:00:00,3226.0
2017-10-20 05:00:00,2819.0
2017-10-20 06:00:00,2788.0
2017-10-20 07:00:00,2806.0
2017-10-20 08:00:00,2673.0
2017-10-20 09:00:00,2652.0
2017-10-20 10:00:00,2766.0
2017-10-20 11:00:00,2719.0
2017-10-20 12:00:00,2768.0
2017-10-20 13:00:00,2826.0
2017-10-20 14:00:00,2853.0
2017-10-20 15:00:00,2966.0
2017-10-20 16:00:00,3135.0
2017-10-20 17:00:00,3140.0
2017-10-20 18:00:00,3182.0
2017-10-20 19:00:00,3183.0
2017-10-20 20:00:00,2868.0
2017-10-20 21:00:00,2939.0
2017-10-20 22:00:00,2929.0
2017-10-20 23:00:00,2760.0
2017-10-21 00:00:00,2910.0
2017-10-21 01:00:00,2889.0
2017-10-21 02:00:00,2685.0
2017-10-21 03:00:00,2762.0
2017-10-21 04:00:00,2880.0
2017-10-21 05:00:00,2851.0
2017-10-21 06:00:00,2861.0
2017-10-21 07:00:00,2811.0
2017-10-21 08:00:00,2721.0
2017-10-21 09:00:00,2844.0
2017-10-21 10:00:00,3098.0
2017-10-21 11:00:00,3187.0
2017-10-21 12:00:00,3455.0
2017-10-21 13:00:00,3534.0
2017-10-21 14:00:00,3813.0
2017-10-21 15:00:00,3806.0
2017-10-21 16:00:00,3815.0
2017-10-21 17:00:00,3807.0
2017-10-21 18:00:00,4048.0
2017-10-21 19:00:00,3926.0
2017-10-21 20:00:00,3648.0
2017-10-21 21:00:00,3516.0
2017-10-21 22:00:00,3861.0
2017-10-21 23:00:00,3824.0
2017-10-22 00:00:00,3897.0
2017-10-22 01:00:00,3885.0
2017-10-22 02:00:00,3551.0
2017-10-22 03:00:00,3453.0
2017-10-22 04:00:00,3494.0
2017-10-22 05:00:00,3290.0
2017-10-22 06:00:00,3220.0
2017-10-22 07:00:00,3151.0
2017-10-22 08:00:00,3066.0
2017-10-22 09:00:00,3042.0
2017-10-22 10:00:00,3111.0
2017-10-22 11:00:00,3132.0
2017-10-22 12:00:00,3427.0
2017-10-22 13:00:00,3922.0
2017-10-22 14:00:00,3836.0
2017-10-22 15:00:00,3812.0
2017-10-22 16:00:00,3834.0
2017-10-22 17:00:00,3870.0
2017-10-22 18:00:00,4002.0
2017-10-22 19:00:00,4068.0
2017-10-22 20:00:00,3893.0
2017-10-22 21:00:00,3741.0
2017-10-22 22:00:00,3816.0
2017-10-22 23:00:00,3804.0
2017-10-23 00:00:00,3866.0
2017-10-23 01:00:00,3868.0
2017-10-23 02:00:00,3631.0
2017-10-23 03:00:00,3602.0
2017-10-23 04:00:00,3404.0
2017-10-23 05:00:00,3185.0
2017-10-23 06:00:00,3016.0
2017-10-23 07:00:00,3046.0
2017-10-23 08:00:00,2852.0
2017-10-23 09:00:00,2900.0
2017-10-23 10:00:00,3118.0
2017-10-23 11:00:00,3356.0
2017-10-23 12:00:00,3533.0
2017-10-23 13:00:00,3652.0
2017-10-23 14:00:00,3868.0
2017-10-23 15:00:00,4011.0
2017-10-23 16:00:00,4216.0
2017-10-23 17:00:00,4109.0
2017-10-23 18:00:00,4344.0
2017-10-23 19:00:00,4290.0
2017-10-23 20:00:00,4049.0
2017-10-23 21:00:00,4010.0
2017-10-23 22:00:00,4042.0
2017-10-23 23:00:00,3991.0
2017-10-24 00:00:00,3956.0
2017-10-24 01:00:00,3882.0
2017-10-24 02:00:00,3688.0
2017-10-24 03:00:00,3565.0
2017-10-24 04:00:00,3581.0
2017-10-24 05:00:00,3279.0
2017-10-24 06:00:00,3286.0
2017-10-24 07:00:00,3319.0
2017-10-24 08:00:00,3034.0
2017-10-24 09:00:00,3098.0
2017-10-24 10:00:00,3293.0
2017-10-24 11:00:00,3143.0
2017-10-24 12:00:00,3321.0
2017-10-24 13:00:00,3553.0
2017-10-24 14:00:00,3723.0
2017-10-24 15:00:00,3859.0
2017-10-24 16:00:00,3897.0
2017-10-24 17:00:00,3912.0
2017-10-24 18:00:00,3784.0
2017-10-24 19:00:00,3723.0
2017-10-24 20:00:00,3520.0
2017-10-24 21:00:00,3521.0
2017-10-24 22:00:00,3831.0
2017-10-24 23:00:00,3795.0
2017-10-25 00:00:00,3942.0
2017-10-25 01:00:00,3804.0
2017-10-25 02:00:00,3645.0
2017-10-25 03:00:00,3485.0
2017-10-25 04:00:00,3402.0
2017-10-25 05:00:00,3363.0
2017-10-25 06:00:00,3220.0
2017-10-25 07:00:00,3120.0
2017-10-25 08:00:00,2872.0
2017-10-25 09:00:00,2911.0
2017-10-25 10:00:00,3059.0
2017-10-25 11:00:00,3336.0
2017-10-25 12:00:00,3511.0
2017-10-25 13:00:00,3534.0
2017-10-25 14:00:00,3673.0
2017-10-25 15:00:00,3799.0
2017-10-25 16:00:00,3936.0
2017-10-25 17:00:00,4189.0
2017-10-25 18:00:00,4275.0
2017-10-25 19:00:00,4102.0
2017-10-25 20:00:00,3654.0
2017-10-25 21:00:00,3619.0
2017-10-25 22:00:00,3509.0
2017-10-25 23:00:00,3972.0
2017-10-26 00:00:00,4094.0
2017-10-26 01:00:00,3982.0
2017-10-26 02:00:00,3771.0
2017-10-26 03:00:00,3636.0
2017-10-26 04:00:00,3596.0
2017-10-26 05:00:00,3327.0
2017-10-26 06:00:00,3266.0
2017-10-26 07:00:00,3127.0
2017-10-26 08:00:00,3027.0
2017-10-26 09:00:00,2878.0
2017-10-26 10:00:00,2992.0
2017-10-26 11:00:00,3038.0
2017-10-26 12:00:00,2994.0
2017-10-26 13:00:00,3193.0
2017-10-26 14:00:00,3064.0
2017-10-26 15:00:00,2964.0
2017-10-26 16:00:00,3123.0
2017-10-26 17:00:00,3152.0
2017-10-26 18:00:00,3100.0
2017-10-26 19:00:00,3106.0
2017-10-26 20:00:00,3092.0
2017-10-26 21:00:00,3081.0
2017-10-26 22:00:00,3226.0
2017-10-26 23:00:00,3228.0
2017-10-27 00:00:00,3247.0
2017-10-27 01:00:00,3276.0
2017-10-27 02:00:00,3052.0
2017-10-27 03:00:00,2991.0
2017-10-27 04:00:00,3016.0
2017-10-27 05:00:00,2784.0
2017-10-27 06:00:00,2825.0
2017-10-27 07:00:00,2753.0
2017-10-27 08:00:00,2624.0
2017-10-27 09:00:00,2550.0
2017-10-27 10:00:00,2568.0
2017-10-27 11:00:00,2594.0
2017-10-27 12:00:00,2682.0
2017-10-27 13:00:00,2573.0
2017-10-27 14:00:00,2597.0
2017-10-27 15:00:00,2569.0
2017-10-27 16:00:00,2806.0
2017-10-27 17:00:00,2631.0
2017-10-27 18:00:00,2728.0
2017-10-27 19:00:00,2683.0
2017-10-27 20:00:00,2678.0
2017-10-27 21:00:00,2657.0
2017-10-27 22:00:00,2690.0
2017-10-27 23:00:00,2650.0
2017-10-28 00:00:00,2703.0
2017-10-28 01:00:00,2722.0
2017-10-28 02:00:00,2667.0
2017-10-28 03:00:00,2646.0
2017-10-28 04:00:00,2658.0
2017-10-28 05:00:00,2598.0
2017-10-28 06:00:00,2678.0
2017-10-28 07:00:00,2657.0
2017-10-28 08:00:00,2661.0
2017-10-28 09:00:00,2806.0
2017-10-28 10:00:00,2902.0
2017-10-28 11:00:00,3162.0
2017-10-28 12:00:00,3182.0
2017-10-28 13:00:00,3391.0
2017-10-28 14:00:00,3426.0
2017-10-28 15:00:00,3348.0
2017-10-28 16:00:00,3358.0
2017-10-28 17:00:00,3294.0
2017-10-28 18:00:00,3446.0
2017-10-28 19:00:00,3499.0
2017-10-28 20:00:00,3305.0
2017-10-28 21:00:00,3278.0
2017-10-28 22:00:00,3321.0
2017-10-28 23:00:00,3496.0
2017-10-29 00:00:00,3462.0
2017-10-29 01:00:00,3474.0
2017-10-29 02:00:00,3390.0
2017-10-29 03:00:00,3366.0
2017-10-29 04:00:00,3150.0
2017-10-29 05:00:00,3007.0
2017-10-29 06:00:00,2941.0
2017-10-29 07:00:00,2858.0
2017-10-29 08:00:00,2827.0
2017-10-29 09:00:00,2950.0
2017-10-29 10:00:00,3114.0
2017-10-29 11:00:00,3327.0
2017-10-29 12:00:00,3428.0
2017-10-29 13:00:00,3372.0
2017-10-29 14:00:00,3398.0
2017-10-29 15:00:00,3282.0
2017-10-29 16:00:00,3448.0
2017-10-29 17:00:00,3327.0
2017-10-29 18:00:00,3429.0
2017-10-29 19:00:00,3372.0
2017-10-29 20:00:00,3243.0
2017-10-29 21:00:00,3385.0
2017-10-29 22:00:00,3354.0
2017-10-29 23:00:00,3393.0
2017-10-30 00:00:00,3606.0
2017-10-30 01:00:00,3627.0
2017-10-30 02:00:00,3447.0
2017-10-30 03:00:00,3380.0
2017-10-30 04:00:00,3216.0
2017-10-30 05:00:00,3027.0
2017-10-30 06:00:00,3028.0
2017-10-30 07:00:00,2885.0
2017-10-30 08:00:00,2758.0
2017-10-30 09:00:00,2728.0
2017-10-30 10:00:00,2759.0
2017-10-30 11:00:00,2778.0
2017-10-30 12:00:00,2768.0
2017-10-30 13:00:00,2739.0
2017-10-30 14:00:00,2685.0
2017-10-30 15:00:00,2728.0
2017-10-30 16:00:00,2940.0
2017-10-30 17:00:00,2823.0
2017-10-30 18:00:00,2878.0
2017-10-30 19:00:00,2861.0
2017-10-30 20:00:00,2677.0
2017-10-30 21:00:00,2756.0
2017-10-30 22:00:00,2798.0
2017-10-30 23:00:00,2801.0
2017-10-31 00:00:00,2832.0
2017-10-31 01:00:00,2830.0
2017-10-31 02:00:00,2737.0
2017-10-31 03:00:00,2778.0
2017-10-31 04:00:00,2839.0
2017-10-31 05:00:00,2779.0
2017-10-31 06:00:00,2780.0
2017-10-31 07:00:00,2731.0
2017-10-31 08:00:00,2679.0
2017-10-31 09:00:00,2733.0
2017-10-31 10:00:00,3022.0
2017-10-31 11:00:00,3274.0
2017-10-31 12:00:00,3388.0
2017-10-31 13:00:00,3537.0
2017-10-31 14:00:00,3595.0
2017-10-31 15:00:00,3577.0
2017-10-31 16:00:00,3650.0
2017-10-31 17:00:00,3669.0
2017-10-31 18:00:00,3827.0
2017-10-31 19:00:00,3931.0
2017-10-31 20:00:00,3678.0
2017-10-31 21:00:00,3675.0
2017-10-31 22:00:00,3563.0
2017-10-31 23:00:00,3585.0
2017-11-01 00:00:00,3772.0
2017-11-01 01:00:00,3688.0
2017-11-01 02:00:00,3575.0
2017-11-01 03:00:00,3573.0
2017-11-01 04:00:00,3391.0
2017-11-01 05:00:00,3200.0
2017-11-01 06:00:00,3124.0
2017-11-01 07:00:00,3083.0
2017-11-01 08:00:00,3053.0
2017-11-01 09:00:00,3019.0
2017-11-01 10:00:00,3243.0
2017-11-01 11:00:00,3511.0
2017-11-01 12:00:00,3435.0
2017-11-01 13:00:00,3627.0
2017-11-01 14:00:00,3776.0
2017-11-01 15:00:00,3926.0
2017-11-01 16:00:00,3825.0
2017-11-01 17:00:00,3948.0
2017-11-01 18:00:00,4131.0
2017-11-01 19:00:00,4081.0
2017-11-01 20:00:00,3838.0
2017-11-01 21:00:00,3728.0
2017-11-01 22:00:00,3780.0
2017-11-01 23:00:00,3846.0
2017-11-02 00:00:00,3890.0
2017-11-02 01:00:00,3730.0
2017-11-02 02:00:00,3571.0
2017-11-02 03:00:00,3417.0
2017-11-02 04:00:00,3233.0
2017-11-02 05:00:00,3245.0
2017-11-02 06:00:00,3201.0
2017-11-02 07:00:00,2970.0
2017-11-02 08:00:00,2840.0
2017-11-02 09:00:00,2883.0
2017-11-02 10:00:00,3019.0
2017-11-02 11:00:00,3138.0
2017-11-02 12:00:00,3205.0
2017-11-02 13:00:00,3350.0
2017-11-02 14:00:00,3302.0
2017-11-02 15:00:00,3370.0
2017-11-02 16:00:00,3358.0
2017-11-02 17:00:00,3498.0
2017-11-02 18:00:00,3627.0
2017-11-02 19:00:00,3443.0
2017-11-02 20:00:00,3382.0
2017-11-02 21:00:00,3236.0
2017-11-02 22:00:00,3474.0
2017-11-02 23:00:00,3468.0
2017-11-03 00:00:00,3406.0
2017-11-03 01:00:00,3528.0
2017-11-03 02:00:00,3166.0
2017-11-03 03:00:00,3113.0
2017-11-03 04:00:00,3041.0
2017-11-03 05:00:00,2792.0
2017-11-03 06:00:00,2887.0
2017-11-03 07:00:00,2774.0
2017-11-03 08:00:00,2714.0
2017-11-03 09:00:00,2687.0
2017-11-03 10:00:00,2668.0
2017-11-03 11:00:00,2653.0
2017-11-03 12:00:00,2850.0
2017-11-03 13:00:00,2882.0
2017-11-03 14:00:00,2903.0
2017-11-03 15:00:00,2976.0
2017-11-03 16:00:00,3030.0
2017-11-03 17:00:00,3154.0
2017-11-03 18:00:00,3219.0
2017-11-03 19:00:00,2985.0
2017-11-03 20:00:00,2974.0
2017-11-03 21:00:00,2847.0
2017-11-03 22:00:00,2895.0
2017-11-03 23:00:00,2779.0
2017-11-04 00:00:00,2724.0
2017-11-04 01:00:00,2723.0
2017-11-04 02:00:00,2652.0
2017-11-04 03:00:00,2682.0
2017-11-04 04:00:00,2747.0
2017-11-04 05:00:00,2689.0
2017-11-04 06:00:00,2711.0
2017-11-04 07:00:00,2686.0
2017-11-04 08:00:00,2577.0
2017-11-04 09:00:00,2693.0
2017-11-04 10:00:00,3052.0
2017-11-04 11:00:00,3284.0
2017-11-04 12:00:00,3476.0
2017-11-04 13:00:00,3584.0
2017-11-04 14:00:00,3644.0
2017-11-04 15:00:00,3547.0
2017-11-04 16:00:00,3835.0
2017-11-04 17:00:00,3881.0
2017-11-04 18:00:00,3997.0
2017-11-04 19:00:00,3958.0
2017-11-04 20:00:00,3863.0
2017-11-04 21:00:00,3626.0
2017-11-04 22:00:00,3666.0
2017-11-04 23:00:00,3747.0
2017-11-05 00:00:00,3948.0
2017-11-05 01:00:00,3906.0
2017-11-05 02:00:00,3799.0
2017-11-05 03:00:00,3609.0
2017-11-05 04:00:00,3477.0
2017-11-05 05:00:00,3319.0
2017-11-05 06:00:00,3060.0
2017-11-05 07:00:00,2950.0
2017-11-05 08:00:00,2820.0
2017-11-05 09:00:00,2909.0
2017-11-05 10:00:00,3106.0
2017-11-05 11:00:00,3336.0
2017-11-05 12:00:00,3613.0
2017-11-05 13:00:00,3586.0
2017-11-05 14:00:00,3751.0
2017-11-05 15:00:00,3569.0
2017-11-05 16:00:00,3591.0
2017-11-05 17:00:00,3620.0
2017-11-05 18:00:00,3845.0
2017-11-05 19:00:00,3936.0
2017-11-05 20:00:00,3867.0
2017-11-05 21:00:00,3612.0
2017-11-05 22:00:00,3564.0
2017-11-05 23:00:00,3801.0
2017-11-06 00:00:00,3912.0
2017-11-06 01:00:00,3939.0
2017-11-06 02:00:00,3628.0
2017-11-06 03:00:00,3589.0
2017-11-06 04:00:00,3487.0
2017-11-06 05:00:00,3366.0
2017-11-06 06:00:00,3112.0
2017-11-06 07:00:00,2965.0
2017-11-06 08:00:00,2882.0
2017-11-06 09:00:00,2929.0
2017-11-06 10:00:00,2961.0
2017-11-06 11:00:00,3239.0
2017-11-06 12:00:00,3283.0
2017-11-06 13:00:00,3302.0
2017-11-06 14:00:00,3379.0
2017-11-06 15:00:00,3407.0
2017-11-06 16:00:00,3458.0
2017-11-06 17:00:00,3493.0
2017-11-06 18:00:00,3497.0
2017-11-06 19:00:00,3439.0
2017-11-06 20:00:00,3226.0
2017-11-06 21:00:00,3267.0
2017-11-06 22:00:00,3177.0
2017-11-06 23:00:00,3196.0
2017-11-07 00:00:00,3224.0
2017-11-07 01:00:00,3174.0
2017-11-07 02:00:00,3049.0
2017-11-07 03:00:00,2983.0
2017-11-07 04:00:00,2931.0
2017-11-07 05:00:00,2884.0
2017-11-07 06:00:00,2885.0
2017-11-07 07:00:00,2927.0
2017-11-07 08:00:00,2831.0
2017-11-07 09:00:00,3059.0
2017-11-07 10:00:00,3178.0
2017-11-07 11:00:00,3260.0
2017-11-07 12:00:00,3232.0
2017-11-07 13:00:00,3212.0
2017-11-07 14:00:00,3226.0
2017-11-07 15:00:00,3162.0
2017-11-07 16:00:00,3212.0
2017-11-07 17:00:00,3312.0
2017-11-07 18:00:00,3463.0
2017-11-07 19:00:00,3531.0
2017-11-07 20:00:00,3515.0
2017-11-07 21:00:00,3493.0
2017-11-07 22:00:00,3567.0
2017-11-07 23:00:00,3615.0
2017-11-08 00:00:00,3596.0
2017-11-08 01:00:00,3638.0
2017-11-08 02:00:00,3414.0
2017-11-08 03:00:00,3398.0
2017-11-08 04:00:00,3202.0
2017-11-08 05:00:00,3165.0
2017-11-08 06:00:00,3091.0
2017-11-08 07:00:00,3056.0
2017-11-08 08:00:00,3026.0
2017-11-08 09:00:00,3057.0
2017-11-08 10:00:00,3261.0
2017-11-08 11:00:00,3532.0
2017-11-08 12:00:00,3507.0
2017-11-08 13:00:00,3560.0
2017-11-08 14:00:00,3869.0
2017-11-08 15:00:00,3789.0
2017-11-08 16:00:00,3843.0
2017-11-08 17:00:00,3865.0
2017-11-08 18:00:00,4189.0
2017-11-08 19:00:00,4089.0
2017-11-08 20:00:00,3971.0
2017-11-08 21:00:00,3782.0
2017-11-08 22:00:00,3630.0
2017-11-08 23:00:00,3751.0
2017-11-09 00:00:00,3743.0
2017-11-09 01:00:00,3724.0
2017-11-09 02:00:00,3357.0
2017-11-09 03:00:00,3315.0
2017-11-09 04:00:00,3253.0
2017-11-09 05:00:00,3142.0
2017-11-09 06:00:00,3081.0
2017-11-09 07:00:00,2943.0
2017-11-09 08:00:00,2927.0
2017-11-09 09:00:00,2912.0
2017-11-09 10:00:00,3062.0
2017-11-09 11:00:00,3043.0
2017-11-09 12:00:00,3010.0
2017-11-09 13:00:00,2991.0
2017-11-09 14:00:00,3142.0
2017-11-09 15:00:00,3170.0
2017-11-09 16:00:00,3143.0
2017-11-09 17:00:00,3189.0
2017-11-09 18:00:00,3288.0
2017-11-09 19:00:00,3189.0
2017-11-09 20:00:00,3212.0
2017-11-09 21:00:00,3216.0
2017-11-09 22:00:00,3436.0
2017-11-09 23:00:00,3517.0
2017-11-10 00:00:00,3540.0
2017-11-10 01:00:00,3570.0
2017-11-10 02:00:00,3346.0
2017-11-10 03:00:00,3145.0
2017-11-10 04:00:00,3230.0
2017-11-10 05:00:00,2889.0
2017-11-10 06:00:00,2889.0
2017-11-10 07:00:00,2873.0
2017-11-10 08:00:00,2700.0
2017-11-10 09:00:00,2708.0
2017-11-10 10:00:00,2863.0
2017-11-10 11:00:00,2877.0
2017-11-10 12:00:00,2956.0
2017-11-10 13:00:00,2996.0
2017-11-10 14:00:00,2986.0
2017-11-10 15:00:00,3177.0
2017-11-10 16:00:00,3189.0
2017-11-10 17:00:00,3272.0
2017-11-10 18:00:00,3359.0
2017-11-10 19:00:00,3351.0
2017-11-10 20:00:00,3207.0
2017-11-10 21:00:00,3114.0
2017-11-10 22:00:00,3092.0
2017-11-10 23:00:00,2944.0
2017-11-11 00:00:00,2974.0
2017-11-11 01:00:00,3021.0
2017-11-11 02:00:00,2891.0
2017-11-11 03:00:00,2853.0
2017-11-11 04:00:00,2815.0
2017-11-11 05:00:00,2773.0
2017-11-11 06:00:00,2815.0
2017-11-11 07:00:00,2799.0
2017-11-11 08:00:00,2764.0
2017-11-11 09:00:00,2963.0
2017-11-11 10:00:00,3154.0
2017-11-11 11:00:00,3570.0
2017-11-11 12:00:00,3618.0
2017-11-11 13:00:00,3875.0
2017-11-11 14:00:00,4064.0
2017-11-11 15:00:00,4066.0
2017-11-11 16:00:00,4118.0
2017-11-11 17:00:00,4125.0
2017-11-11 18:00:00,4378.0
2017-11-11 19:00:00,4378.0
2017-11-11 20:00:00,4157.0
2017-11-11 21:00:00,4066.0
2017-11-11 22:00:00,3982.0
2017-11-11 23:00:00,4141.0
2017-11-12 00:00:00,4219.0
2017-11-12 01:00:00,4188.0
2017-11-12 02:00:00,3864.0
2017-11-12 03:00:00,3714.0
2017-11-12 04:00:00,3548.0
2017-11-12 05:00:00,3413.0
2017-11-12 06:00:00,3194.0
2017-11-12 07:00:00,3027.0
2017-11-12 08:00:00,2946.0
2017-11-12 09:00:00,3115.0
2017-11-12 10:00:00,3129.0
2017-11-12 11:00:00,3329.0
2017-11-12 12:00:00,3541.0
2017-11-12 13:00:00,3597.0
2017-11-12 14:00:00,3609.0
2017-11-12 15:00:00,3716.0
2017-11-12 16:00:00,3814.0
2017-11-12 17:00:00,3747.0
2017-11-12 18:00:00,3744.0
2017-11-12 19:00:00,3830.0
2017-11-12 20:00:00,3679.0
2017-11-12 21:00:00,3582.0
2017-11-12 22:00:00,3574.0
2017-11-12 23:00:00,3755.0
2017-11-13 00:00:00,3855.0
2017-11-13 01:00:00,3897.0
2017-11-13 02:00:00,3752.0
2017-11-13 03:00:00,3497.0
2017-11-13 04:00:00,3357.0
2017-11-13 05:00:00,3221.0
2017-11-13 06:00:00,3027.0
2017-11-13 07:00:00,2848.0
2017-11-13 08:00:00,2911.0
2017-11-13 09:00:00,2858.0
2017-11-13 10:00:00,3098.0
2017-11-13 11:00:00,3238.0
2017-11-13 12:00:00,3284.0
2017-11-13 13:00:00,3181.0
2017-11-13 14:00:00,3107.0
2017-11-13 15:00:00,3178.0
2017-11-13 16:00:00,3206.0
2017-11-13 17:00:00,3189.0
2017-11-13 18:00:00,3243.0
2017-11-13 19:00:00,3241.0
2017-11-13 20:00:00,3037.0
2017-11-13 21:00:00,3031.0
2017-11-13 22:00:00,2985.0
2017-11-13 23:00:00,3104.0
2017-11-14 00:00:00,3083.0
2017-11-14 01:00:00,3209.0
2017-11-14 02:00:00,2975.0
2017-11-14 03:00:00,2872.0
2017-11-14 04:00:00,2871.0
2017-11-14 05:00:00,2801.0
2017-11-14 06:00:00,2898.0
2017-11-14 07:00:00,2766.0
2017-11-14 08:00:00,2811.0
2017-11-14 09:00:00,2834.0
2017-11-14 10:00:00,2996.0
2017-11-14 11:00:00,3380.0
2017-11-14 12:00:00,3347.0
2017-11-14 13:00:00,3343.0
2017-11-14 14:00:00,3369.0
2017-11-14 15:00:00,3413.0
2017-11-14 16:00:00,3397.0
2017-11-14 17:00:00,3462.0
2017-11-14 18:00:00,3507.0
2017-11-14 19:00:00,3589.0
2017-11-14 20:00:00,3302.0
2017-11-14 21:00:00,3461.0
2017-11-14 22:00:00,3345.0
2017-11-14 23:00:00,3480.0
2017-11-15 00:00:00,3425.0
2017-11-15 01:00:00,3553.0
2017-11-15 02:00:00,3348.0
2017-11-15 03:00:00,3310.0
2017-11-15 04:00:00,3240.0
2017-11-15 05:00:00,3157.0
2017-11-15 06:00:00,3043.0
2017-11-15 07:00:00,3068.0
2017-11-15 08:00:00,2913.0
2017-11-15 09:00:00,2935.0
2017-11-15 10:00:00,3237.0
2017-11-15 11:00:00,3381.0
2017-11-15 12:00:00,3384.0
2017-11-15 13:00:00,3397.0
2017-11-15 14:00:00,3432.0
2017-11-15 15:00:00,3358.0
2017-11-15 16:00:00,3387.0
2017-11-15 17:00:00,3262.0
2017-11-15 18:00:00,3631.0
2017-11-15 19:00:00,3779.0
2017-11-15 20:00:00,3511.0
2017-11-15 21:00:00,3488.0
2017-11-15 22:00:00,3509.0
2017-11-15 23:00:00,3402.0
2017-11-16 00:00:00,3423.0
2017-11-16 01:00:00,3503.0
2017-11-16 02:00:00,3204.0
2017-11-16 03:00:00,3196.0
2017-11-16 04:00:00,3014.0
2017-11-16 05:00:00,3057.0
2017-11-16 06:00:00,2986.0
2017-11-16 07:00:00,2850.0
2017-11-16 08:00:00,2777.0
2017-11-16 09:00:00,2781.0
2017-11-16 10:00:00,2977.0
2017-11-16 11:00:00,2965.0
2017-11-16 12:00:00,3007.0
2017-11-16 13:00:00,2983.0
2017-11-16 14:00:00,2964.0
2017-11-16 15:00:00,2934.0
2017-11-16 16:00:00,2918.0
2017-11-16 17:00:00,2872.0
2017-11-16 18:00:00,3022.0
2017-11-16 19:00:00,2892.0
2017-11-16 20:00:00,2935.0
2017-11-16 21:00:00,3036.0
2017-11-16 22:00:00,3047.0
2017-11-16 23:00:00,3079.0
2017-11-17 00:00:00,3209.0
2017-11-17 01:00:00,3267.0
2017-11-17 02:00:00,2998.0
2017-11-17 03:00:00,3045.0
2017-11-17 04:00:00,2931.0
2017-11-17 05:00:00,2690.0
2017-11-17 06:00:00,2743.0
2017-11-17 07:00:00,2678.0
2017-11-17 08:00:00,2593.0
2017-11-17 09:00:00,2607.0
2017-11-17 10:00:00,2644.0
2017-11-17 11:00:00,2649.0
2017-11-17 12:00:00,2707.0
2017-11-17 13:00:00,2722.0
2017-11-17 14:00:00,2693.0
2017-11-17 15:00:00,2696.0
2017-11-17 16:00:00,2772.0
2017-11-17 17:00:00,2760.0
2017-11-17 18:00:00,2740.0
2017-11-17 19:00:00,2744.0
2017-11-17 20:00:00,2636.0
2017-11-17 21:00:00,2647.0
2017-11-17 22:00:00,2712.0
2017-11-17 23:00:00,2634.0
2017-11-18 00:00:00,2678.0
2017-11-18 01:00:00,2728.0
2017-11-18 02:00:00,2666.0
2017-11-18 03:00:00,2677.0
2017-11-18 04:00:00,2645.0
2017-11-18 05:00:00,2636.0
2017-11-18 06:00:00,2714.0
2017-11-18 07:00:00,2628.0
2017-11-18 08:00:00,2622.0
2017-11-18 09:00:00,2708.0
2017-11-18 10:00:00,2958.0
2017-11-18 11:00:00,3368.0
2017-11-18 12:00:00,3241.0
2017-11-18 13:00:00,3383.0
2017-11-18 14:00:00,3371.0
2017-11-18 15:00:00,3442.0
2017-11-18 16:00:00,3489.0
2017-11-18 17:00:00,3522.0
2017-11-18 18:00:00,3582.0
2017-11-18 19:00:00,3768.0
2017-11-18 20:00:00,3481.0
2017-11-18 21:00:00,3505.0
2017-11-18 22:00:00,3490.0
2017-11-18 23:00:00,3643.0
2017-11-19 00:00:00,3707.0
2017-11-19 01:00:00,3822.0
2017-11-19 02:00:00,3689.0
2017-11-19 03:00:00,3543.0
2017-11-19 04:00:00,3399.0
2017-11-19 05:00:00,3199.0
2017-11-19 06:00:00,3004.0
2017-11-19 07:00:00,2901.0
2017-11-19 08:00:00,2825.0
2017-11-19 09:00:00,2860.0
2017-11-19 10:00:00,3146.0
2017-11-19 11:00:00,3401.0
2017-11-19 12:00:00,3423.0
2017-11-19 13:00:00,3377.0
2017-11-19 14:00:00,3428.0
2017-11-19 15:00:00,3470.0
2017-11-19 16:00:00,3690.0
2017-11-19 17:00:00,3603.0
2017-11-19 18:00:00,3519.0
2017-11-19 19:00:00,3539.0
2017-11-19 20:00:00,3633.0
2017-11-19 21:00:00,3427.0
2017-11-19 22:00:00,3281.0
2017-11-19 23:00:00,3569.0
2017-11-20 00:00:00,3612.0
2017-11-20 01:00:00,3646.0
2017-11-20 02:00:00,3540.0
2017-11-20 03:00:00,3447.0
2017-11-20 04:00:00,3187.0
2017-11-20 05:00:00,3166.0
2017-11-20 06:00:00,3007.0
2017-11-20 07:00:00,2852.0
2017-11-20 08:00:00,2774.0
2017-11-20 09:00:00,2814.0
2017-11-20 10:00:00,3014.0
2017-11-20 11:00:00,2998.0
2017-11-20 12:00:00,3110.0
2017-11-20 13:00:00,3017.0
2017-11-20 14:00:00,3322.0
2017-11-20 15:00:00,3187.0
2017-11-20 16:00:00,3328.0
2017-11-20 17:00:00,3342.0
2017-11-20 18:00:00,3556.0
2017-11-20 19:00:00,3432.0
2017-11-20 20:00:00,3286.0
2017-11-20 21:00:00,2990.0
2017-11-20 22:00:00,2898.0
2017-11-20 23:00:00,2845.0
2017-11-21 00:00:00,2979.0
2017-11-21 01:00:00,3032.0
2017-11-21 02:00:00,3188.0
2017-11-21 03:00:00,2902.0
2017-11-21 04:00:00,2797.0
2017-11-21 05:00:00,2726.0
2017-11-21 06:00:00,2725.0
2017-11-21 07:00:00,2710.0
2017-11-21 08:00:00,2715.0
2017-11-21 09:00:00,2790.0
2017-11-21 10:00:00,3046.0
2017-11-21 11:00:00,3246.0
2017-11-21 12:00:00,3347.0
2017-11-21 13:00:00,3386.0
2017-11-21 14:00:00,3729.0
2017-11-21 15:00:00,3756.0
2017-11-21 16:00:00,3732.0
2017-11-21 17:00:00,3824.0
2017-11-21 18:00:00,4221.0
2017-11-21 19:00:00,4164.0
2017-11-21 20:00:00,4070.0
2017-11-21 21:00:00,3943.0
2017-11-21 22:00:00,3636.0
2017-11-21 23:00:00,3778.0
2017-11-22 00:00:00,3780.0
2017-11-22 01:00:00,3748.0
2017-11-22 02:00:00,3635.0
2017-11-22 03:00:00,3510.0
2017-11-22 04:00:00,3301.0
2017-11-22 05:00:00,3100.0
2017-11-22 06:00:00,3116.0
2017-11-22 07:00:00,2937.0
2017-11-22 08:00:00,2841.0
2017-11-22 09:00:00,2965.0
2017-11-22 10:00:00,3108.0
2017-11-22 11:00:00,3419.0
2017-11-22 12:00:00,3403.0
2017-11-22 13:00:00,3631.0
2017-11-22 14:00:00,3944.0
2017-11-22 15:00:00,3943.0
2017-11-22 16:00:00,3919.0
2017-11-22 17:00:00,4040.0
2017-11-22 18:00:00,4303.0
2017-11-22 19:00:00,4139.0
2017-11-22 20:00:00,4013.0
2017-11-22 21:00:00,3783.0
2017-11-22 22:00:00,3726.0
2017-11-22 23:00:00,3680.0
2017-11-23 00:00:00,3692.0
2017-11-23 01:00:00,3667.0
2017-11-23 02:00:00,3513.0
2017-11-23 03:00:00,3239.0
2017-11-23 04:00:00,3143.0
2017-11-23 05:00:00,3121.0
2017-11-23 06:00:00,3037.0
2017-11-23 07:00:00,2907.0
2017-11-23 08:00:00,2779.0
2017-11-23 09:00:00,2953.0
2017-11-23 10:00:00,2986.0
2017-11-23 11:00:00,3067.0
2017-11-23 12:00:00,3084.0
2017-11-23 13:00:00,3178.0
2017-11-23 14:00:00,3407.0
2017-11-23 15:00:00,3401.0
2017-11-23 16:00:00,3435.0
2017-11-23 17:00:00,3463.0
2017-11-23 18:00:00,3645.0
2017-11-23 19:00:00,3447.0
2017-11-23 20:00:00,3190.0
2017-11-23 21:00:00,3121.0
2017-11-23 22:00:00,3309.0
2017-11-23 23:00:00,3384.0
2017-11-24 00:00:00,3300.0
2017-11-24 01:00:00,3388.0
2017-11-24 02:00:00,3278.0
2017-11-24 03:00:00,3179.0
2017-11-24 04:00:00,3096.0
2017-11-24 05:00:00,2901.0
2017-11-24 06:00:00,2749.0
2017-11-24 07:00:00,2663.0
2017-11-24 08:00:00,2593.0
2017-11-24 09:00:00,2646.0
2017-11-24 10:00:00,2681.0
2017-11-24 11:00:00,2633.0
2017-11-24 12:00:00,2681.0
2017-11-24 13:00:00,2701.0
2017-11-24 14:00:00,2668.0
2017-11-24 15:00:00,2674.0
2017-11-24 16:00:00,2756.0
2017-11-24 17:00:00,2713.0
2017-11-24 18:00:00,2686.0
2017-11-24 19:00:00,2841.0
2017-11-24 20:00:00,2708.0
2017-11-24 21:00:00,2693.0
2017-11-24 22:00:00,2686.0
2017-11-24 23:00:00,2626.0
2017-11-25 00:00:00,2711.0
2017-11-25 01:00:00,2742.0
2017-11-25 02:00:00,2662.0
2017-11-25 03:00:00,2610.0
2017-11-25 04:00:00,2673.0
2017-11-25 05:00:00,2568.0
2017-11-25 06:00:00,2665.0
2017-11-25 07:00:00,2678.0
2017-11-25 08:00:00,2614.0
2017-11-25 09:00:00,2832.0
2017-11-25 10:00:00,3058.0
2017-11-25 11:00:00,3192.0
2017-11-25 12:00:00,3152.0
2017-11-25 13:00:00,3240.0
2017-11-25 14:00:00,3464.0
2017-11-25 15:00:00,3436.0
2017-11-25 16:00:00,3260.0
2017-11-25 17:00:00,3423.0
2017-11-25 18:00:00,3555.0
2017-11-25 19:00:00,3491.0
2017-11-25 20:00:00,3349.0
2017-11-25 21:00:00,3207.0
2017-11-25 22:00:00,3283.0
2017-11-25 23:00:00,3389.0
2017-11-26 00:00:00,3542.0
2017-11-26 01:00:00,3493.0
2017-11-26 02:00:00,3528.0
2017-11-26 03:00:00,3372.0
2017-11-26 04:00:00,3272.0
2017-11-26 05:00:00,3068.0
2017-11-26 06:00:00,2993.0
2017-11-26 07:00:00,2854.0
2017-11-26 08:00:00,2655.0
2017-11-26 09:00:00,2959.0
2017-11-26 10:00:00,3087.0
2017-11-26 11:00:00,3221.0
2017-11-26 12:00:00,3270.0
2017-11-26 13:00:00,3341.0
2017-11-26 14:00:00,3550.0
2017-11-26 15:00:00,3425.0
2017-11-26 16:00:00,3229.0
2017-11-26 17:00:00,3272.0
2017-11-26 18:00:00,3258.0
2017-11-26 19:00:00,3388.0
2017-11-26 20:00:00,3281.0
2017-11-26 21:00:00,3450.0
2017-11-26 22:00:00,3274.0
2017-11-26 23:00:00,3402.0
2017-11-27 00:00:00,3486.0
2017-11-27 01:00:00,3580.0
2017-11-27 02:00:00,3340.0
2017-11-27 03:00:00,3370.0
2017-11-27 04:00:00,3109.0
2017-11-27 05:00:00,2994.0
2017-11-27 06:00:00,2984.0
2017-11-27 07:00:00,2800.0
2017-11-27 08:00:00,2629.0
2017-11-27 09:00:00,2695.0
2017-11-27 10:00:00,2769.0
2017-11-27 11:00:00,2869.0
2017-11-27 12:00:00,2831.0
2017-11-27 13:00:00,2754.0
2017-11-27 14:00:00,2890.0
2017-11-27 15:00:00,2836.0
2017-11-27 16:00:00,2744.0
2017-11-27 17:00:00,2830.0
2017-11-27 18:00:00,2952.0
2017-11-27 19:00:00,2907.0
2017-11-27 20:00:00,2881.0
2017-11-27 21:00:00,2796.0
2017-11-27 22:00:00,2676.0
2017-11-27 23:00:00,2762.0
2017-11-28 00:00:00,2862.0
2017-11-28 01:00:00,2801.0
2017-11-28 02:00:00,2784.0
2017-11-28 03:00:00,2785.0
2017-11-28 04:00:00,2791.0
2017-11-28 05:00:00,2701.0
2017-11-28 06:00:00,2730.0
2017-11-28 07:00:00,2586.0
2017-11-28 08:00:00,2702.0
2017-11-28 09:00:00,2844.0
2017-11-28 10:00:00,3085.0
2017-11-28 11:00:00,3151.0
2017-11-28 12:00:00,3176.0
2017-11-28 13:00:00,3108.0
2017-11-28 14:00:00,3500.0
2017-11-28 15:00:00,3414.0
2017-11-28 16:00:00,3455.0
2017-11-28 17:00:00,3728.0
2017-11-28 18:00:00,3622.0
2017-11-28 19:00:00,3693.0
2017-11-28 20:00:00,3539.0
2017-11-28 21:00:00,3482.0
2017-11-28 22:00:00,3503.0
2017-11-28 23:00:00,3736.0
2017-11-29 00:00:00,3894.0
2017-11-29 01:00:00,3879.0
2017-11-29 02:00:00,3708.0
2017-11-29 03:00:00,3467.0
2017-11-29 04:00:00,3242.0
2017-11-29 05:00:00,3141.0
2017-11-29 06:00:00,3092.0
2017-11-29 07:00:00,2828.0
2017-11-29 08:00:00,2688.0
2017-11-29 09:00:00,2997.0
2017-11-29 10:00:00,3188.0
2017-11-29 11:00:00,3339.0
2017-11-29 12:00:00,3439.0
2017-11-29 13:00:00,3532.0
2017-11-29 14:00:00,3786.0
2017-11-29 15:00:00,3913.0
2017-11-29 16:00:00,3833.0
2017-11-29 17:00:00,4116.0
2017-11-29 18:00:00,4067.0
2017-11-29 19:00:00,3970.0
2017-11-29 20:00:00,3807.0
2017-11-29 21:00:00,3784.0
2017-11-29 22:00:00,3871.0
2017-11-29 23:00:00,3933.0
2017-11-30 00:00:00,3989.0
2017-11-30 01:00:00,4030.0
2017-11-30 02:00:00,3685.0
2017-11-30 03:00:00,3556.0
2017-11-30 04:00:00,3421.0
2017-11-30 05:00:00,3272.0
2017-11-30 06:00:00,3143.0
2017-11-30 07:00:00,2939.0
2017-11-30 08:00:00,2910.0
2017-11-30 09:00:00,2991.0
2017-11-30 10:00:00,3095.0
2017-11-30 11:00:00,3281.0
2017-11-30 12:00:00,3342.0
2017-11-30 13:00:00,3404.0
2017-11-30 14:00:00,3621.0
2017-11-30 15:00:00,3583.0
2017-11-30 16:00:00,3598.0
2017-11-30 17:00:00,3928.0
2017-11-30 18:00:00,3873.0
2017-11-30 19:00:00,3644.0
2017-11-30 20:00:00,3275.0
2017-11-30 21:00:00,3470.0
2017-11-30 22:00:00,3540.0
2017-11-30 23:00:00,3718.0
2017-12-01 00:00:00,3764.0
2017-12-01 01:00:00,3692.0
2017-12-01 02:00:00,3530.0
2017-12-01 03:00:00,3329.0
2017-12-01 04:00:00,3275.0
2017-12-01 05:00:00,2886.0
2017-12-01 06:00:00,2812.0
2017-12-01 07:00:00,2950.0
2017-12-01 08:00:00,2771.0
2017-12-01 09:00:00,2819.0
2017-12-01 10:00:00,2843.0
2017-12-01 11:00:00,2877.0
2017-12-01 12:00:00,3097.0
2017-12-01 13:00:00,3044.0
2017-12-01 14:00:00,3259.0
2017-12-01 15:00:00,3306.0
2017-12-01 16:00:00,3177.0
2017-12-01 17:00:00,3251.0
2017-12-01 18:00:00,3526.0
2017-12-01 19:00:00,3542.0
2017-12-01 20:00:00,3612.0
2017-12-01 21:00:00,3373.0
2017-12-01 22:00:00,3315.0
2017-12-01 23:00:00,3048.0
2017-12-02 00:00:00,3099.0
2017-12-02 01:00:00,3068.0
2017-12-02 02:00:00,3030.0
2017-12-02 03:00:00,2923.0
2017-12-02 04:00:00,2940.0
2017-12-02 05:00:00,2840.0
2017-12-02 06:00:00,2960.0
2017-12-02 07:00:00,2896.0
2017-12-02 08:00:00,2808.0
2017-12-02 09:00:00,2917.0
2017-12-02 10:00:00,3284.0
2017-12-02 11:00:00,3686.0
2017-12-02 12:00:00,3837.0
2017-12-02 13:00:00,3935.0
2017-12-02 14:00:00,4194.0
2017-12-02 15:00:00,4310.0
2017-12-02 16:00:00,4240.0
2017-12-02 17:00:00,4466.0
2017-12-02 18:00:00,4587.0
2017-12-02 19:00:00,4642.0
2017-12-02 20:00:00,4573.0
2017-12-02 21:00:00,4479.0
2017-12-02 22:00:00,4270.0
2017-12-02 23:00:00,4305.0
2017-12-03 00:00:00,4436.0
2017-12-03 01:00:00,4307.0
2017-12-03 02:00:00,4135.0
2017-12-03 03:00:00,4070.0
2017-12-03 04:00:00,3852.0
2017-12-03 05:00:00,3436.0
2017-12-03 06:00:00,3200.0
2017-12-03 07:00:00,2967.0
2017-12-03 08:00:00,2882.0
2017-12-03 09:00:00,3053.0
2017-12-03 10:00:00,3164.0
2017-12-03 11:00:00,3608.0
2017-12-03 12:00:00,3923.0
2017-12-03 13:00:00,4133.0
2017-12-03 14:00:00,4612.0
2017-12-03 15:00:00,4360.0
2017-12-03 16:00:00,4601.0
2017-12-03 17:00:00,4705.0
2017-12-03 18:00:00,4637.0
2017-12-03 19:00:00,4634.0
2017-12-03 20:00:00,4382.0
2017-12-03 21:00:00,4143.0
2017-12-03 22:00:00,4069.0
2017-12-03 23:00:00,3977.0
2017-12-04 00:00:00,3998.0
2017-12-04 01:00:00,4014.0
2017-12-04 02:00:00,3796.0
2017-12-04 03:00:00,3668.0
2017-12-04 04:00:00,3447.0
2017-12-04 05:00:00,3288.0
2017-12-04 06:00:00,3206.0
2017-12-04 07:00:00,2910.0
2017-12-04 08:00:00,2796.0
2017-12-04 09:00:00,2866.0
2017-12-04 10:00:00,2948.0
2017-12-04 11:00:00,3251.0
2017-12-04 12:00:00,3280.0
2017-12-04 13:00:00,3679.0
2017-12-04 14:00:00,3780.0
2017-12-04 15:00:00,3688.0
2017-12-04 16:00:00,4037.0
2017-12-04 17:00:00,4092.0
2017-12-04 18:00:00,3993.0
2017-12-04 19:00:00,3949.0
2017-12-04 20:00:00,3727.0
2017-12-04 21:00:00,3511.0
2017-12-04 22:00:00,3185.0
2017-12-04 23:00:00,3295.0
2017-12-05 00:00:00,3329.0
2017-12-05 01:00:00,3153.0
2017-12-05 02:00:00,3109.0
2017-12-05 03:00:00,3042.0
2017-12-05 04:00:00,2894.0
2017-12-05 05:00:00,2798.0
2017-12-05 06:00:00,2790.0
2017-12-05 07:00:00,2795.0
2017-12-05 08:00:00,2779.0
2017-12-05 09:00:00,2992.0
2017-12-05 10:00:00,3190.0
2017-12-05 11:00:00,3336.0
2017-12-05 12:00:00,3549.0
2017-12-05 13:00:00,3564.0
2017-12-05 14:00:00,3698.0
2017-12-05 15:00:00,3680.0
2017-12-05 16:00:00,3707.0
2017-12-05 17:00:00,3730.0
2017-12-05 18:00:00,3855.0
2017-12-05 19:00:00,3731.0
2017-12-05 20:00:00,3772.0
2017-12-05 21:00:00,3752.0
2017-12-05 22:00:00,3594.0
2017-12-05 23:00:00,3722.0
2017-12-06 00:00:00,3778.0
2017-12-06 01:00:00,3828.0
2017-12-06 02:00:00,3803.0
2017-12-06 03:00:00,3705.0
2017-12-06 04:00:00,3329.0
2017-12-06 05:00:00,3286.0
2017-12-06 06:00:00,3271.0
2017-12-06 07:00:00,3202.0
2017-12-06 08:00:00,3170.0
2017-12-06 09:00:00,3146.0
2017-12-06 10:00:00,3379.0
2017-12-06 11:00:00,3567.0
2017-12-06 12:00:00,3547.0
2017-12-06 13:00:00,3787.0
2017-12-06 14:00:00,3855.0
2017-12-06 15:00:00,3696.0
2017-12-06 16:00:00,3578.0
2017-12-06 17:00:00,3698.0
2017-12-06 18:00:00,3921.0
2017-12-06 19:00:00,3816.0
2017-12-06 20:00:00,3692.0
2017-12-06 21:00:00,3544.0
2017-12-06 22:00:00,3377.0
2017-12-06 23:00:00,3608.0
2017-12-07 00:00:00,3582.0
2017-12-07 01:00:00,3863.0
2017-12-07 02:00:00,3670.0
2017-12-07 03:00:00,3626.0
2017-12-07 04:00:00,3386.0
2017-12-07 05:00:00,3298.0
2017-12-07 06:00:00,3200.0
2017-12-07 07:00:00,3129.0
2017-12-07 08:00:00,2968.0
2017-12-07 09:00:00,2399.0
2017-12-07 10:00:00,2318.0
2017-12-07 11:00:00,3443.0
2017-12-07 12:00:00,3082.0
2017-12-07 13:00:00,3076.0
2017-12-07 14:00:00,3269.0
2017-12-07 15:00:00,3254.0
2017-12-07 16:00:00,3059.0
2017-12-07 17:00:00,3229.0
2017-12-07 18:00:00,3225.0
2017-12-07 19:00:00,3229.0
2017-12-07 20:00:00,3156.0
2017-12-07 21:00:00,3189.0
2017-12-07 22:00:00,3209.0
2017-12-07 23:00:00,3298.0
2017-12-08 00:00:00,3407.0
2017-12-08 01:00:00,3470.0
2017-12-08 02:00:00,3279.0
2017-12-08 03:00:00,3166.0
2017-12-08 04:00:00,3060.0
2017-12-08 05:00:00,2962.0
2017-12-08 06:00:00,2960.0
2017-12-08 07:00:00,2892.0
2017-12-08 08:00:00,2737.0
2017-12-08 09:00:00,2649.0
2017-12-08 10:00:00,2689.0
2017-12-08 11:00:00,2771.0
2017-12-08 12:00:00,2674.0
2017-12-08 13:00:00,2669.0
2017-12-08 14:00:00,2650.0
2017-12-08 15:00:00,2689.0
2017-12-08 16:00:00,2643.0
2017-12-08 17:00:00,2645.0
2017-12-08 18:00:00,2615.0
2017-12-08 19:00:00,2192.0
2017-12-08 20:00:00,2875.0
2017-12-08 21:00:00,2698.0
2017-12-08 22:00:00,2687.0
2017-12-08 23:00:00,2670.0
2017-12-09 00:00:00,2645.0
2017-12-09 01:00:00,2748.0
2017-12-09 02:00:00,2681.0
2017-12-09 03:00:00,2676.0
2017-12-09 04:00:00,2642.0
2017-12-09 05:00:00,2641.0
2017-12-09 06:00:00,2662.0
2017-12-09 07:00:00,2735.0
2017-12-09 08:00:00,2670.0
2017-12-09 09:00:00,2834.0
2017-12-09 10:00:00,2950.0
2017-12-09 11:00:00,2993.0
2017-12-09 12:00:00,2908.0
2017-12-09 13:00:00,2993.0
2017-12-09 14:00:00,3148.0
2017-12-09 15:00:00,2925.0
2017-12-09 16:00:00,3138.0
2017-12-09 17:00:00,3171.0
2017-12-09 18:00:00,3299.0
2017-12-09 19:00:00,3176.0
2017-12-09 20:00:00,3316.0
2017-12-09 21:00:00,3333.0
2017-12-09 22:00:00,3347.0
2017-12-09 23:00:00,3365.0
2017-12-10 00:00:00,3565.0
2017-12-10 01:00:00,3602.0
2017-12-10 02:00:00,3462.0
2017-12-10 03:00:00,3171.0
2017-12-10 04:00:00,2962.0
2017-12-10 05:00:00,3028.0
2017-12-10 06:00:00,2865.0
2017-12-10 07:00:00,2752.0
2017-12-10 08:00:00,2688.0
2017-12-10 09:00:00,2836.0
2017-12-10 10:00:00,3106.0
2017-12-10 11:00:00,3260.0
2017-12-10 12:00:00,3242.0
2017-12-10 13:00:00,3726.0
2017-12-10 14:00:00,3816.0
2017-12-10 15:00:00,3640.0
2017-12-10 16:00:00,3848.0
2017-12-10 17:00:00,3966.0
2017-12-10 18:00:00,4002.0
2017-12-10 19:00:00,4014.0
2017-12-10 20:00:00,3811.0
2017-12-10 21:00:00,3659.0
2017-12-10 22:00:00,3556.0
2017-12-10 23:00:00,3694.0
2017-12-11 00:00:00,4003.0
2017-12-11 01:00:00,3881.0
2017-12-11 02:00:00,3681.0
2017-12-11 03:00:00,3622.0
2017-12-11 04:00:00,3390.0
2017-12-11 05:00:00,3240.0
2017-12-11 06:00:00,3226.0
2017-12-11 07:00:00,3152.0
2017-12-11 08:00:00,2967.0
2017-12-11 09:00:00,2926.0
2017-12-11 10:00:00,3051.0
2017-12-11 11:00:00,3225.0
2017-12-11 12:00:00,3376.0
2017-12-11 13:00:00,3365.0
2017-12-11 14:00:00,3352.0
2017-12-11 15:00:00,3486.0
2017-12-11 16:00:00,3832.0
2017-12-11 17:00:00,4140.0
2017-12-11 18:00:00,4340.0
2017-12-11 19:00:00,3993.0
2017-12-11 20:00:00,3950.0
2017-12-11 21:00:00,3630.0
2017-12-11 22:00:00,3465.0
2017-12-11 23:00:00,3370.0
2017-12-12 00:00:00,3211.0
2017-12-12 01:00:00,3262.0
2017-12-12 02:00:00,3098.0
2017-12-12 03:00:00,3060.0
2017-12-12 04:00:00,2969.0
2017-12-12 05:00:00,2862.0
2017-12-12 06:00:00,2879.0
2017-12-12 07:00:00,2852.0
2017-12-12 08:00:00,2795.0
2017-12-12 09:00:00,3056.0
2017-12-12 10:00:00,3297.0
2017-12-12 11:00:00,3510.0
2017-12-12 12:00:00,3360.0
2017-12-12 13:00:00,3379.0
2017-12-12 14:00:00,3826.0
2017-12-12 15:00:00,4300.0
2017-12-12 16:00:00,4298.0
2017-12-12 17:00:00,4304.0
2017-12-12 18:00:00,4442.0
2017-12-12 19:00:00,4632.0
2017-12-12 20:00:00,4440.0
2017-12-12 21:00:00,4121.0
2017-12-12 22:00:00,3607.0
2017-12-12 23:00:00,3795.0
2017-12-13 00:00:00,3911.0
2017-12-13 01:00:00,3954.0
2017-12-13 02:00:00,3822.0
2017-12-13 03:00:00,3665.0
2017-12-13 04:00:00,3433.0
2017-12-13 05:00:00,3387.0
2017-12-13 06:00:00,3263.0
2017-12-13 07:00:00,3023.0
2017-12-13 08:00:00,2820.0
2017-12-13 09:00:00,3101.0
2017-12-13 10:00:00,3193.0
2017-12-13 11:00:00,3517.0
2017-12-13 12:00:00,3637.0
2017-12-13 13:00:00,3823.0
2017-12-13 14:00:00,4054.0
2017-12-13 15:00:00,4058.0
2017-12-13 16:00:00,4240.0
2017-12-13 17:00:00,4307.0
2017-12-13 18:00:00,4330.0
2017-12-13 19:00:00,4269.0
2017-12-13 20:00:00,3922.0
2017-12-13 21:00:00,3762.0
2017-12-13 22:00:00,3518.0
2017-12-13 23:00:00,3653.0
2017-12-14 00:00:00,3736.0
2017-12-14 01:00:00,3756.0
2017-12-14 02:00:00,3549.0
2017-12-14 03:00:00,3464.0
2017-12-14 04:00:00,3299.0
2017-12-14 05:00:00,3149.0
2017-12-14 06:00:00,3188.0
2017-12-14 07:00:00,3125.0
2017-12-14 08:00:00,3030.0
2017-12-14 09:00:00,3006.0
2017-12-14 10:00:00,3126.0
2017-12-14 11:00:00,3217.0
2017-12-14 12:00:00,3236.0
2017-12-14 13:00:00,3354.0
2017-12-14 14:00:00,3618.0
2017-12-14 15:00:00,3574.0
2017-12-14 16:00:00,3985.0
2017-12-14 17:00:00,3990.0
2017-12-14 18:00:00,3994.0
2017-12-14 19:00:00,3860.0
2017-12-14 20:00:00,3812.0
2017-12-14 21:00:00,3662.0
2017-12-14 22:00:00,3637.0
2017-12-14 23:00:00,3572.0
2017-12-15 00:00:00,3762.0
2017-12-15 01:00:00,3846.0
2017-12-15 02:00:00,3584.0
2017-12-15 03:00:00,3358.0
2017-12-15 04:00:00,3234.0
2017-12-15 05:00:00,2832.0
2017-12-15 06:00:00,2907.0
2017-12-15 07:00:00,2765.0
2017-12-15 08:00:00,2722.0
2017-12-15 09:00:00,2729.0
2017-12-15 10:00:00,2721.0
2017-12-15 11:00:00,2800.0
2017-12-15 12:00:00,2880.0
2017-12-15 13:00:00,2877.0
2017-12-15 14:00:00,3042.0
2017-12-15 15:00:00,2972.0
2017-12-15 16:00:00,3094.0
2017-12-15 17:00:00,3188.0
2017-12-15 18:00:00,3072.0
2017-12-15 19:00:00,3072.0
2017-12-15 20:00:00,3085.0
2017-12-15 21:00:00,2996.0
2017-12-15 22:00:00,3009.0
2017-12-15 23:00:00,2943.0
2017-12-16 00:00:00,2976.0
2017-12-16 01:00:00,2831.0
2017-12-16 02:00:00,2832.0
2017-12-16 03:00:00,2862.0
2017-12-16 04:00:00,2842.0
2017-12-16 05:00:00,2822.0
2017-12-16 06:00:00,2843.0
2017-12-16 07:00:00,2722.0
2017-12-16 08:00:00,2803.0
2017-12-16 09:00:00,2814.0
2017-12-16 10:00:00,3123.0
2017-12-16 11:00:00,3337.0
2017-12-16 12:00:00,3265.0
2017-12-16 13:00:00,3412.0
2017-12-16 14:00:00,3586.0
2017-12-16 15:00:00,3480.0
2017-12-16 16:00:00,3639.0
2017-12-16 17:00:00,3719.0
2017-12-16 18:00:00,3877.0
2017-12-16 19:00:00,3712.0
2017-12-16 20:00:00,3582.0
2017-12-16 21:00:00,3729.0
2017-12-16 22:00:00,3381.0
2017-12-16 23:00:00,3560.0
2017-12-17 00:00:00,3861.0
2017-12-17 01:00:00,3818.0
2017-12-17 02:00:00,3784.0
2017-12-17 03:00:00,3471.0
2017-12-17 04:00:00,3377.0
2017-12-17 05:00:00,3232.0
2017-12-17 06:00:00,3144.0
2017-12-17 07:00:00,3070.0
2017-12-17 08:00:00,3072.0
2017-12-17 09:00:00,3069.0
2017-12-17 10:00:00,3197.0
2017-12-17 11:00:00,3395.0
2017-12-17 12:00:00,3496.0
2017-12-17 13:00:00,3499.0
2017-12-17 14:00:00,3632.0
2017-12-17 15:00:00,3639.0
2017-12-17 16:00:00,3773.0
2017-12-17 17:00:00,3858.0
2017-12-17 18:00:00,4182.0
2017-12-17 19:00:00,4077.0
2017-12-17 20:00:00,3905.0
2017-12-17 21:00:00,3725.0
2017-12-17 22:00:00,3768.0
2017-12-17 23:00:00,3730.0
2017-12-18 00:00:00,3793.0
2017-12-18 01:00:00,3834.0
2017-12-18 02:00:00,3838.0
2017-12-18 03:00:00,3615.0
2017-12-18 04:00:00,3585.0
2017-12-18 05:00:00,3311.0
2017-12-18 06:00:00,3342.0
2017-12-18 07:00:00,3011.0
2017-12-18 08:00:00,3007.0
2017-12-18 09:00:00,3018.0
2017-12-18 10:00:00,3260.0
2017-12-18 11:00:00,3351.0
2017-12-18 12:00:00,3366.0
2017-12-18 13:00:00,3241.0
2017-12-18 14:00:00,3421.0
2017-12-18 15:00:00,3307.0
2017-12-18 16:00:00,3490.0
2017-12-18 17:00:00,3632.0
2017-12-18 18:00:00,3665.0
2017-12-18 19:00:00,3468.0
2017-12-18 20:00:00,3445.0
2017-12-18 21:00:00,3465.0
2017-12-18 22:00:00,3321.0
2017-12-18 23:00:00,3510.0
2017-12-19 00:00:00,3481.0
2017-12-19 01:00:00,3459.0
2017-12-19 02:00:00,3250.0
2017-12-19 03:00:00,3054.0
2017-12-19 04:00:00,3028.0
2017-12-19 05:00:00,2907.0
2017-12-19 06:00:00,2929.0
2017-12-19 07:00:00,2852.0
2017-12-19 08:00:00,2892.0
2017-12-19 09:00:00,3023.0
2017-12-19 10:00:00,3163.0
2017-12-19 11:00:00,3430.0
2017-12-19 12:00:00,3423.0
2017-12-19 13:00:00,3576.0
2017-12-19 14:00:00,3807.0
2017-12-19 15:00:00,3982.0
2017-12-19 16:00:00,4009.0
2017-12-19 17:00:00,4140.0
2017-12-19 18:00:00,4037.0
2017-12-19 19:00:00,4224.0
2017-12-19 20:00:00,4030.0
2017-12-19 21:00:00,3858.0
2017-12-19 22:00:00,3675.0
2017-12-19 23:00:00,3751.0
2017-12-20 00:00:00,3853.0
2017-12-20 01:00:00,3935.0
2017-12-20 02:00:00,3798.0
2017-12-20 03:00:00,3782.0
2017-12-20 04:00:00,3630.0
2017-12-20 05:00:00,3344.0
2017-12-20 06:00:00,3324.0
2017-12-20 07:00:00,3109.0
2017-12-20 08:00:00,2884.0
2017-12-20 09:00:00,2909.0
2017-12-20 10:00:00,3217.0
2017-12-20 11:00:00,3328.0
2017-12-20 12:00:00,3486.0
2017-12-20 13:00:00,3614.0
2017-12-20 14:00:00,3802.0
2017-12-20 15:00:00,3868.0
2017-12-20 16:00:00,3828.0
2017-12-20 17:00:00,4043.0
2017-12-20 18:00:00,4314.0
2017-12-20 19:00:00,4062.0
2017-12-20 20:00:00,3869.0
2017-12-20 21:00:00,3789.0
2017-12-20 22:00:00,3693.0
2017-12-20 23:00:00,3741.0
2017-12-21 00:00:00,3897.0
2017-12-21 01:00:00,3914.0
2017-12-21 02:00:00,3762.0
2017-12-21 03:00:00,3665.0
2017-12-21 04:00:00,3552.0
2017-12-21 05:00:00,3389.0
2017-12-21 06:00:00,3364.0
2017-12-21 07:00:00,3158.0
2017-12-21 08:00:00,3022.0
2017-12-21 09:00:00,3125.0
2017-12-21 10:00:00,3186.0
2017-12-21 11:00:00,3507.0
2017-12-21 12:00:00,3582.0
2017-12-21 13:00:00,3612.0
2017-12-21 14:00:00,3909.0
2017-12-21 15:00:00,3764.0
2017-12-21 16:00:00,3886.0
2017-12-21 17:00:00,3745.0
2017-12-21 18:00:00,3166.0
2017-12-21 19:00:00,3675.0
2017-12-21 20:00:00,3629.0
2017-12-21 21:00:00,3541.0
2017-12-21 22:00:00,3511.0
2017-12-21 23:00:00,3608.0
2017-12-22 00:00:00,3855.0
2017-12-22 01:00:00,3860.0
2017-12-22 02:00:00,3602.0
2017-12-22 03:00:00,3526.0
2017-12-22 04:00:00,3406.0
2017-12-22 05:00:00,3241.0
2017-12-22 06:00:00,3239.0
2017-12-22 07:00:00,2864.0
2017-12-22 08:00:00,2711.0
2017-12-22 09:00:00,2802.0
2017-12-22 10:00:00,2844.0
2017-12-22 11:00:00,3035.0
2017-12-22 12:00:00,2970.0
2017-12-22 13:00:00,3097.0
2017-12-22 14:00:00,3364.0
2017-12-22 15:00:00,3270.0
2017-12-22 16:00:00,3269.0
2017-12-22 17:00:00,3443.0
2017-12-22 18:00:00,3366.0
2017-12-22 19:00:00,3239.0
2017-12-22 20:00:00,3195.0
2017-12-22 21:00:00,3201.0
2017-12-22 22:00:00,3095.0
2017-12-22 23:00:00,3042.0
2017-12-23 00:00:00,3044.0
2017-12-23 01:00:00,3134.0
2017-12-23 02:00:00,3046.0
2017-12-23 03:00:00,3033.0
2017-12-23 04:00:00,2990.0
2017-12-23 05:00:00,2983.0
2017-12-23 06:00:00,2905.0
2017-12-23 07:00:00,2946.0
2017-12-23 08:00:00,3057.0
2017-12-23 09:00:00,3215.0
2017-12-23 10:00:00,3642.0
2017-12-23 11:00:00,3865.0
2017-12-23 12:00:00,3956.0
2017-12-23 13:00:00,4127.0
2017-12-23 14:00:00,4441.0
2017-12-23 15:00:00,4427.0
2017-12-23 16:00:00,4743.0
2017-12-23 17:00:00,4712.0
2017-12-23 18:00:00,4802.0
2017-12-23 19:00:00,4503.0
2017-12-23 20:00:00,4417.0
2017-12-23 21:00:00,4324.0
2017-12-23 22:00:00,4243.0
2017-12-23 23:00:00,4301.0
2017-12-24 00:00:00,4481.0
2017-12-24 01:00:00,4400.0
2017-12-24 02:00:00,4146.0
2017-12-24 03:00:00,4074.0
2017-12-24 04:00:00,3929.0
2017-12-24 05:00:00,3760.0
2017-12-24 06:00:00,3658.0
2017-12-24 07:00:00,3519.0
2017-12-24 08:00:00,3492.0
2017-12-24 09:00:00,3595.0
2017-12-24 10:00:00,3855.0
2017-12-24 11:00:00,4315.0
2017-12-24 12:00:00,4216.0
2017-12-24 13:00:00,4607.0
2017-12-24 14:00:00,4844.0
2017-12-24 15:00:00,4728.0
2017-12-24 16:00:00,4657.0
2017-12-24 17:00:00,4317.0
2017-12-24 18:00:00,4261.0
2017-12-24 19:00:00,4252.0
2017-12-24 20:00:00,4302.0
2017-12-24 21:00:00,4290.0
2017-12-24 22:00:00,4392.0
2017-12-24 23:00:00,4355.0
2017-12-25 00:00:00,4470.0
2017-12-25 01:00:00,4416.0
2017-12-25 02:00:00,4138.0
2017-12-25 03:00:00,4073.0
2017-12-25 04:00:00,3872.0
2017-12-25 05:00:00,3641.0
2017-12-25 06:00:00,3499.0
2017-12-25 07:00:00,3521.0
2017-12-25 08:00:00,3537.0
2017-12-25 09:00:00,3548.0
2017-12-25 10:00:00,3693.0
2017-12-25 11:00:00,4240.0
2017-12-25 12:00:00,4025.0
2017-12-25 13:00:00,4305.0
2017-12-25 14:00:00,4714.0
2017-12-25 15:00:00,4638.0
2017-12-25 16:00:00,4828.0
2017-12-25 17:00:00,4888.0
2017-12-25 18:00:00,4943.0
2017-12-25 19:00:00,4644.0
2017-12-25 20:00:00,4475.0
2017-12-25 21:00:00,3829.0
2017-12-25 22:00:00,3901.0
2017-12-25 23:00:00,4129.0
2017-12-26 00:00:00,4114.0
2017-12-26 01:00:00,4043.0
2017-12-26 02:00:00,3800.0
2017-12-26 03:00:00,3713.0
2017-12-26 04:00:00,3460.0
2017-12-26 05:00:00,3365.0
2017-12-26 06:00:00,3268.0
2017-12-26 07:00:00,3247.0
2017-12-26 08:00:00,3191.0
2017-12-26 09:00:00,3373.0
2017-12-26 10:00:00,3810.0
2017-12-26 11:00:00,4349.0
2017-12-26 12:00:00,4468.0
2017-12-26 13:00:00,4962.0
2017-12-26 14:00:00,5074.0
2017-12-26 15:00:00,4982.0
2017-12-26 16:00:00,5003.0
2017-12-26 17:00:00,5063.0
2017-12-26 18:00:00,5112.0
2017-12-26 19:00:00,4883.0
2017-12-26 20:00:00,4938.0
2017-12-26 21:00:00,5100.0
2017-12-26 22:00:00,4994.0
2017-12-26 23:00:00,4887.0
2017-12-27 00:00:00,5058.0
2017-12-27 01:00:00,4892.0
2017-12-27 02:00:00,4618.0
2017-12-27 03:00:00,4558.0
2017-12-27 04:00:00,4320.0
2017-12-27 05:00:00,4148.0
2017-12-27 06:00:00,4035.0
2017-12-27 07:00:00,3869.0
2017-12-27 08:00:00,3804.0
2017-12-27 09:00:00,3934.0
2017-12-27 10:00:00,4169.0
2017-12-27 11:00:00,4304.0
2017-12-27 12:00:00,4426.0
2017-12-27 13:00:00,4615.0
2017-12-27 14:00:00,4899.0
2017-12-27 15:00:00,4848.0
2017-12-27 16:00:00,4934.0
2017-12-27 17:00:00,5026.0
2017-12-27 18:00:00,4932.0
2017-12-27 19:00:00,4705.0
2017-12-27 20:00:00,4654.0
2017-12-27 21:00:00,4460.0
2017-12-27 22:00:00,4308.0
2017-12-27 23:00:00,4291.0
2017-12-28 00:00:00,4481.0
2017-12-28 01:00:00,4389.0
2017-12-28 02:00:00,4078.0
2017-12-28 03:00:00,4050.0
2017-12-28 04:00:00,3834.0
2017-12-28 05:00:00,3678.0
2017-12-28 06:00:00,3640.0
2017-12-28 07:00:00,3601.0
2017-12-28 08:00:00,3576.0
2017-12-28 09:00:00,3688.0
2017-12-28 10:00:00,3697.0
2017-12-28 11:00:00,3792.0
2017-12-28 12:00:00,3881.0
2017-12-28 13:00:00,3795.0
2017-12-28 14:00:00,3955.0
2017-12-28 15:00:00,3914.0
2017-12-28 16:00:00,3997.0
2017-12-28 17:00:00,3866.0
2017-12-28 18:00:00,3710.0
2017-12-28 19:00:00,3565.0
2017-12-28 20:00:00,3656.0
2017-12-28 21:00:00,3913.0
2017-12-28 22:00:00,4430.0
2017-12-28 23:00:00,4458.0
2017-12-29 00:00:00,4567.0
2017-12-29 01:00:00,4564.0
2017-12-29 02:00:00,4380.0
2017-12-29 03:00:00,4331.0
2017-12-29 04:00:00,4167.0
2017-12-29 05:00:00,3981.0
2017-12-29 06:00:00,3944.0
2017-12-29 07:00:00,3825.0
2017-12-29 08:00:00,3428.0
2017-12-29 09:00:00,3265.0
2017-12-29 10:00:00,3315.0
2017-12-29 11:00:00,3465.0
2017-12-29 12:00:00,3542.0
2017-12-29 13:00:00,3707.0
2017-12-29 14:00:00,3574.0
2017-12-29 15:00:00,3557.0
2017-12-29 16:00:00,3625.0
2017-12-29 17:00:00,3506.0
2017-12-29 18:00:00,3517.0
2017-12-29 19:00:00,3478.0
2017-12-29 20:00:00,3532.0
2017-12-29 21:00:00,3867.0
2017-12-29 22:00:00,4051.0
2017-12-29 23:00:00,3630.0
2017-12-30 00:00:00,3551.0
2017-12-30 01:00:00,3629.0
2017-12-30 02:00:00,3556.0
2017-12-30 03:00:00,3489.0
2017-12-30 04:00:00,3401.0
2017-12-30 05:00:00,3333.0
2017-12-30 06:00:00,3342.0
2017-12-30 07:00:00,3242.0
2017-12-30 08:00:00,3245.0
2017-12-30 09:00:00,3349.0
2017-12-30 10:00:00,3546.0
2017-12-30 11:00:00,3890.0
2017-12-30 12:00:00,4027.0
2017-12-30 13:00:00,4536.0
2017-12-30 14:00:00,5019.0
2017-12-30 15:00:00,4966.0
2017-12-30 16:00:00,4903.0
2017-12-30 17:00:00,4982.0
2017-12-30 18:00:00,4938.0
2017-12-30 19:00:00,4889.0
2017-12-30 20:00:00,4739.0
2017-12-30 21:00:00,4268.0
2017-12-30 22:00:00,4025.0
2017-12-30 23:00:00,3992.0
2017-12-31 00:00:00,4072.0
2017-12-31 01:00:00,3976.0
2017-12-31 02:00:00,3851.0
2017-12-31 03:00:00,3794.0
2017-12-31 04:00:00,3608.0
2017-12-31 05:00:00,3479.0
2017-12-31 06:00:00,3358.0
2017-12-31 07:00:00,3276.0
2017-12-31 08:00:00,3061.0
2017-12-31 09:00:00,2956.0
2017-12-31 10:00:00,3298.0
2017-12-31 11:00:00,3479.0
2017-12-31 12:00:00,3550.0
2017-12-31 13:00:00,3829.0
2017-12-31 14:00:00,3887.0
2017-12-31 15:00:00,3863.0
2017-12-31 16:00:00,3881.0
2017-12-31 17:00:00,4117.0
2017-12-31 18:00:00,4301.0
2017-12-31 19:00:00,4414.0
2017-12-31 20:00:00,4294.0
2017-12-31 21:00:00,4180.0
2017-12-31 22:00:00,3919.0
2017-12-31 23:00:00,3919.0
2018-01-01 00:00:00,4147.0
2018-01-01 01:00:00,4218.0
2018-01-01 02:00:00,3893.0
2018-01-01 03:00:00,3857.0
2018-01-01 04:00:00,3424.0
2018-01-01 05:00:00,3397.0
2018-01-01 06:00:00,3357.0
2018-01-01 07:00:00,3283.0
2018-01-01 08:00:00,3213.0
2018-01-01 09:00:00,3383.0
2018-01-01 10:00:00,3622.0
2018-01-01 11:00:00,4069.0
2018-01-01 12:00:00,4152.0
2018-01-01 13:00:00,4638.0
2018-01-01 14:00:00,4964.0
2018-01-01 15:00:00,4823.0
2018-01-01 16:00:00,4943.0
2018-01-01 17:00:00,5032.0
2018-01-01 18:00:00,4992.0
2018-01-01 19:00:00,4890.0
2018-01-01 20:00:00,4818.0
2018-01-01 21:00:00,4642.0
2018-01-01 22:00:00,4104.0
2018-01-01 23:00:00,4168.0
2018-01-02 00:00:00,4310.0
2018-01-02 01:00:00,4212.0
2018-01-02 02:00:00,3928.0
2018-01-02 03:00:00,3817.0
2018-01-02 04:00:00,3708.0
2018-01-02 05:00:00,3548.0
2018-01-02 06:00:00,3497.0
2018-01-02 07:00:00,3481.0
2018-01-02 08:00:00,3480.0
2018-01-02 09:00:00,3543.0
2018-01-02 10:00:00,4002.0
2018-01-02 11:00:00,4676.0
2018-01-02 12:00:00,4925.0
2018-01-02 13:00:00,5090.0
2018-01-02 14:00:00,4792.0
2018-01-02 15:00:00,4531.0
2018-01-02 16:00:00,4580.0
2018-01-02 17:00:00,4606.0
2018-01-02 18:00:00,4600.0
2018-01-02 19:00:00,4769.0
2018-01-02 20:00:00,4581.0
2018-01-02 21:00:00,4636.0
2018-01-02 22:00:00,4542.0
2018-01-02 23:00:00,4604.0
2018-01-03 00:00:00,4818.0
2018-01-03 01:00:00,4765.0
2018-01-03 02:00:00,4433.0
2018-01-03 03:00:00,4307.0
2018-01-03 04:00:00,4223.0
2018-01-03 05:00:00,4039.0
2018-01-03 06:00:00,3970.0
2018-01-03 07:00:00,3873.0
2018-01-03 08:00:00,3875.0
2018-01-03 09:00:00,3897.0
2018-01-03 10:00:00,4223.0
2018-01-03 11:00:00,4543.0
2018-01-03 12:00:00,4624.0
2018-01-03 13:00:00,4643.0
2018-01-03 14:00:00,4850.0
2018-01-03 15:00:00,4721.0
2018-01-03 16:00:00,4786.0
2018-01-03 17:00:00,4724.0
2018-01-03 18:00:00,4997.0
2018-01-03 19:00:00,5306.0
2018-01-03 20:00:00,4546.0
2018-01-03 21:00:00,4693.0
2018-01-03 22:00:00,4645.0
2018-01-03 23:00:00,4702.0
2018-01-04 00:00:00,4893.0
2018-01-04 01:00:00,4819.0
2018-01-04 02:00:00,4457.0
2018-01-04 03:00:00,4309.0
2018-01-04 04:00:00,4160.0
2018-01-04 05:00:00,3980.0
2018-01-04 06:00:00,3946.0
2018-01-04 07:00:00,3779.0
2018-01-04 08:00:00,3742.0
2018-01-04 09:00:00,3842.0
2018-01-04 10:00:00,3850.0
2018-01-04 11:00:00,3937.0
2018-01-04 12:00:00,3870.0
2018-01-04 13:00:00,3897.0
2018-01-04 14:00:00,4011.0
2018-01-04 15:00:00,4048.0
2018-01-04 16:00:00,3824.0
2018-01-04 17:00:00,3744.0
2018-01-04 18:00:00,4064.0
2018-01-04 19:00:00,3920.0
2018-01-04 20:00:00,3877.0
2018-01-04 21:00:00,3839.0
2018-01-04 22:00:00,3952.0
2018-01-04 23:00:00,4715.0
2018-01-05 00:00:00,5076.0
2018-01-05 01:00:00,5090.0
2018-01-05 02:00:00,4859.0
2018-01-05 03:00:00,4763.0
2018-01-05 04:00:00,4583.0
2018-01-05 05:00:00,4317.0
2018-01-05 06:00:00,4073.0
2018-01-05 07:00:00,3777.0
2018-01-05 08:00:00,3663.0
2018-01-05 09:00:00,3583.0
2018-01-05 10:00:00,3748.0
2018-01-05 11:00:00,3462.0
2018-01-05 12:00:00,3498.0
2018-01-05 13:00:00,3645.0
2018-01-05 14:00:00,3705.0
2018-01-05 15:00:00,3750.0
2018-01-05 16:00:00,3858.0
2018-01-05 17:00:00,3956.0
2018-01-05 18:00:00,3700.0
2018-01-05 19:00:00,3308.0
2018-01-05 20:00:00,3422.0
2018-01-05 21:00:00,3327.0
2018-01-05 22:00:00,3281.0
2018-01-05 23:00:00,3223.0
2018-01-06 00:00:00,3213.0
2018-01-06 01:00:00,3272.0
2018-01-06 02:00:00,3172.0
2018-01-06 03:00:00,3194.0
2018-01-06 04:00:00,3133.0
2018-01-06 05:00:00,3092.0
2018-01-06 06:00:00,3189.0
2018-01-06 07:00:00,3140.0
2018-01-06 08:00:00,3143.0
2018-01-06 09:00:00,3266.0
2018-01-06 10:00:00,3900.0
2018-01-06 11:00:00,4563.0
2018-01-06 12:00:00,4453.0
2018-01-06 13:00:00,4578.0
2018-01-06 14:00:00,4864.0
2018-01-06 15:00:00,5130.0
2018-01-06 16:00:00,4825.0
2018-01-06 17:00:00,4697.0
2018-01-06 18:00:00,4773.0
2018-01-06 19:00:00,4812.0
2018-01-06 20:00:00,4690.0
2018-01-06 21:00:00,4576.0
2018-01-06 22:00:00,4580.0
2018-01-06 23:00:00,4529.0
2018-01-07 00:00:00,4829.0
2018-01-07 01:00:00,4653.0
2018-01-07 02:00:00,4361.0
2018-01-07 03:00:00,4248.0
2018-01-07 04:00:00,4082.0
2018-01-07 05:00:00,3851.0
2018-01-07 06:00:00,3783.0
2018-01-07 07:00:00,3649.0
2018-01-07 08:00:00,3536.0
2018-01-07 09:00:00,3485.0
2018-01-07 10:00:00,3859.0
2018-01-07 11:00:00,4597.0
2018-01-07 12:00:00,4688.0
2018-01-07 13:00:00,4946.0
2018-01-07 14:00:00,4765.0
2018-01-07 15:00:00,4805.0
2018-01-07 16:00:00,4778.0
2018-01-07 17:00:00,4740.0
2018-01-07 18:00:00,4620.0
2018-01-07 19:00:00,4711.0
2018-01-07 20:00:00,4814.0
2018-01-07 21:00:00,4896.0
2018-01-07 22:00:00,4651.0
2018-01-07 23:00:00,4576.0
2018-01-08 00:00:00,4689.0
2018-01-08 01:00:00,4561.0
2018-01-08 02:00:00,4238.0
2018-01-08 03:00:00,4121.0
2018-01-08 04:00:00,3939.0
2018-01-08 05:00:00,3807.0
2018-01-08 06:00:00,3743.0
2018-01-08 07:00:00,3509.0
2018-01-08 08:00:00,3196.0
2018-01-08 09:00:00,3269.0
2018-01-08 10:00:00,3664.0
2018-01-08 11:00:00,4103.0
2018-01-08 12:00:00,4285.0
2018-01-08 13:00:00,4452.0
2018-01-08 14:00:00,4906.0
2018-01-08 15:00:00,5190.0
2018-01-08 16:00:00,5227.0
2018-01-08 17:00:00,5255.0
2018-01-08 18:00:00,5222.0
2018-01-08 19:00:00,5180.0
2018-01-08 20:00:00,5229.0
2018-01-08 21:00:00,4940.0
2018-01-08 22:00:00,4569.0
2018-01-08 23:00:00,4319.0
2018-01-09 00:00:00,4368.0
2018-01-09 01:00:00,4171.0
2018-01-09 02:00:00,3917.0
2018-01-09 03:00:00,3754.0
2018-01-09 04:00:00,3526.0
2018-01-09 05:00:00,3385.0
2018-01-09 06:00:00,3354.0
2018-01-09 07:00:00,3262.0
2018-01-09 08:00:00,3197.0
2018-01-09 09:00:00,3304.0
2018-01-09 10:00:00,3579.0
2018-01-09 11:00:00,3799.0
2018-01-09 12:00:00,3779.0
2018-01-09 13:00:00,3842.0
2018-01-09 14:00:00,4011.0
2018-01-09 15:00:00,4021.0
2018-01-09 16:00:00,4185.0
2018-01-09 17:00:00,4555.0
2018-01-09 18:00:00,4904.0
2018-01-09 19:00:00,4907.0
2018-01-09 20:00:00,4847.0
2018-01-09 21:00:00,4760.0
2018-01-09 22:00:00,4509.0
2018-01-09 23:00:00,4394.0
2018-01-10 00:00:00,4336.0
2018-01-10 01:00:00,4154.0
2018-01-10 02:00:00,3940.0
2018-01-10 03:00:00,3868.0
2018-01-10 04:00:00,3769.0
2018-01-10 05:00:00,3735.0
2018-01-10 06:00:00,3498.0
2018-01-10 07:00:00,3507.0
2018-01-10 08:00:00,3396.0
2018-01-10 09:00:00,3438.0
2018-01-10 10:00:00,3627.0
2018-01-10 11:00:00,3714.0
2018-01-10 12:00:00,3755.0
2018-01-10 13:00:00,3774.0
2018-01-10 14:00:00,3931.0
2018-01-10 15:00:00,3865.0
2018-01-10 16:00:00,3854.0
2018-01-10 17:00:00,3860.0
2018-01-10 18:00:00,4075.0
2018-01-10 19:00:00,4052.0
2018-01-10 20:00:00,4120.0
2018-01-10 21:00:00,4069.0
2018-01-10 22:00:00,3990.0
2018-01-10 23:00:00,4088.0
2018-01-11 00:00:00,4245.0
2018-01-11 01:00:00,4145.0
2018-01-11 02:00:00,3974.0
2018-01-11 03:00:00,3838.0
2018-01-11 04:00:00,3681.0
2018-01-11 05:00:00,3601.0
2018-01-11 06:00:00,3481.0
2018-01-11 07:00:00,3437.0
2018-01-11 08:00:00,3292.0
2018-01-11 09:00:00,3207.0
2018-01-11 10:00:00,3193.0
2018-01-11 11:00:00,3320.0
2018-01-11 12:00:00,3252.0
2018-01-11 13:00:00,3138.0
2018-01-11 14:00:00,3256.0
2018-01-11 15:00:00,3114.0
2018-01-11 16:00:00,3098.0
2018-01-11 17:00:00,3154.0
2018-01-11 18:00:00,3654.0
2018-01-11 19:00:00,3562.0
2018-01-11 20:00:00,3642.0
2018-01-11 21:00:00,3667.0
2018-01-11 22:00:00,3595.0
2018-01-11 23:00:00,3636.0
2018-01-12 00:00:00,3801.0
2018-01-12 01:00:00,3855.0
2018-01-12 02:00:00,3686.0
2018-01-12 03:00:00,3574.0
2018-01-12 04:00:00,3441.0
2018-01-12 05:00:00,3210.0
2018-01-12 06:00:00,3283.0
2018-01-12 07:00:00,3181.0
2018-01-12 08:00:00,2868.0
2018-01-12 09:00:00,2787.0
2018-01-12 10:00:00,2932.0
2018-01-12 11:00:00,2848.0
2018-01-12 12:00:00,2823.0
2018-01-12 13:00:00,2977.0
2018-01-12 14:00:00,3001.0
2018-01-12 15:00:00,3037.0
2018-01-12 16:00:00,3130.0
2018-01-12 17:00:00,3094.0
2018-01-12 18:00:00,3166.0
2018-01-12 19:00:00,3196.0
2018-01-12 20:00:00,3359.0
2018-01-12 21:00:00,3202.0
2018-01-12 22:00:00,3122.0
2018-01-12 23:00:00,3025.0
2018-01-13 00:00:00,2946.0
2018-01-13 01:00:00,2977.0
2018-01-13 02:00:00,2892.0
2018-01-13 03:00:00,2888.0
2018-01-13 04:00:00,2770.0
2018-01-13 05:00:00,2761.0
2018-01-13 06:00:00,2827.0
2018-01-13 07:00:00,2835.0
2018-01-13 08:00:00,2806.0
2018-01-13 09:00:00,2990.0
2018-01-13 10:00:00,3330.0
2018-01-13 11:00:00,3595.0
2018-01-13 12:00:00,3583.0
2018-01-13 13:00:00,3803.0
2018-01-13 14:00:00,4068.0
2018-01-13 15:00:00,4122.0
2018-01-13 16:00:00,4292.0
2018-01-13 17:00:00,4447.0
2018-01-13 18:00:00,4658.0
2018-01-13 19:00:00,5143.0
2018-01-13 20:00:00,4976.0
2018-01-13 21:00:00,4587.0
2018-01-13 22:00:00,4359.0
2018-01-13 23:00:00,4290.0
2018-01-14 00:00:00,4315.0
2018-01-14 01:00:00,4025.0
2018-01-14 02:00:00,3797.0
2018-01-14 03:00:00,3652.0
2018-01-14 04:00:00,3492.0
2018-01-14 05:00:00,3434.0
2018-01-14 06:00:00,3357.0
2018-01-14 07:00:00,3192.0
2018-01-14 08:00:00,3013.0
2018-01-14 09:00:00,3239.0
2018-01-14 10:00:00,3380.0
2018-01-14 11:00:00,3524.0
2018-01-14 12:00:00,3651.0
2018-01-14 13:00:00,3902.0
2018-01-14 14:00:00,4251.0
2018-01-14 15:00:00,4228.0
2018-01-14 16:00:00,4453.0
2018-01-14 17:00:00,4596.0
2018-01-14 18:00:00,5186.0
2018-01-14 19:00:00,5117.0
2018-01-14 20:00:00,4980.0
2018-01-14 21:00:00,4627.0
2018-01-14 22:00:00,4394.0
2018-01-14 23:00:00,4300.0
2018-01-15 00:00:00,4409.0
2018-01-15 01:00:00,4059.0
2018-01-15 02:00:00,3808.0
2018-01-15 03:00:00,3730.0
2018-01-15 04:00:00,3577.0
2018-01-15 05:00:00,3403.0
2018-01-15 06:00:00,3260.0
2018-01-15 07:00:00,3119.0
2018-01-15 08:00:00,3008.0
2018-01-15 09:00:00,3254.0
2018-01-15 10:00:00,3477.0
2018-01-15 11:00:00,3618.0
2018-01-15 12:00:00,3710.0
2018-01-15 13:00:00,4048.0
2018-01-15 14:00:00,4219.0
2018-01-15 15:00:00,4109.0
2018-01-15 16:00:00,4419.0
2018-01-15 17:00:00,4713.0
2018-01-15 18:00:00,5130.0
2018-01-15 19:00:00,5179.0
2018-01-15 20:00:00,5097.0
2018-01-15 21:00:00,4812.0
2018-01-15 22:00:00,4549.0
2018-01-15 23:00:00,4399.0
2018-01-16 00:00:00,4481.0
2018-01-16 01:00:00,4442.0
2018-01-16 02:00:00,4091.0
2018-01-16 03:00:00,3750.0
2018-01-16 04:00:00,3560.0
2018-01-16 05:00:00,3481.0
2018-01-16 06:00:00,3413.0
2018-01-16 07:00:00,3175.0
2018-01-16 08:00:00,3102.0
2018-01-16 09:00:00,3340.0
2018-01-16 10:00:00,3540.0
2018-01-16 11:00:00,3847.0
2018-01-16 12:00:00,3765.0
2018-01-16 13:00:00,3896.0
2018-01-16 14:00:00,4032.0
2018-01-16 15:00:00,4045.0
2018-01-16 16:00:00,4193.0
2018-01-16 17:00:00,4503.0
2018-01-16 18:00:00,4670.0
2018-01-16 19:00:00,4695.0
2018-01-16 20:00:00,5045.0
2018-01-16 21:00:00,4859.0
2018-01-16 22:00:00,4689.0
2018-01-16 23:00:00,4374.0
2018-01-17 00:00:00,4470.0
2018-01-17 01:00:00,4179.0
2018-01-17 02:00:00,3886.0
2018-01-17 03:00:00,3729.0
2018-01-17 04:00:00,3531.0
2018-01-17 05:00:00,3328.0
2018-01-17 06:00:00,3330.0
2018-01-17 07:00:00,3169.0
2018-01-17 08:00:00,3144.0
2018-01-17 09:00:00,3227.0
2018-01-17 10:00:00,3425.0
2018-01-17 11:00:00,3636.0
2018-01-17 12:00:00,3773.0
2018-01-17 13:00:00,3854.0
2018-01-17 14:00:00,4085.0
2018-01-17 15:00:00,4171.0
2018-01-17 16:00:00,4439.0
2018-01-17 17:00:00,4592.0
2018-01-17 18:00:00,4816.0
2018-01-17 19:00:00,4639.0
2018-01-17 20:00:00,4441.0
2018-01-17 21:00:00,4262.0
2018-01-17 22:00:00,4091.0
2018-01-17 23:00:00,4121.0
2018-01-18 00:00:00,4287.0
2018-01-18 01:00:00,4225.0
2018-01-18 02:00:00,3981.0
2018-01-18 03:00:00,3863.0
2018-01-18 04:00:00,3617.0
2018-01-18 05:00:00,3504.0
2018-01-18 06:00:00,3434.0
2018-01-18 07:00:00,3286.0
2018-01-18 08:00:00,3086.0
2018-01-18 09:00:00,3116.0
2018-01-18 10:00:00,3163.0
2018-01-18 11:00:00,3237.0
2018-01-18 12:00:00,3175.0
2018-01-18 13:00:00,3302.0
2018-01-18 14:00:00,3395.0
2018-01-18 15:00:00,3413.0
2018-01-18 16:00:00,3508.0
2018-01-18 17:00:00,3750.0
2018-01-18 18:00:00,3745.0
2018-01-18 19:00:00,3720.0
2018-01-18 20:00:00,3767.0
2018-01-18 21:00:00,3658.0
2018-01-18 22:00:00,3811.0
2018-01-18 23:00:00,3654.0
2018-01-19 00:00:00,3645.0
2018-01-19 01:00:00,3737.0
2018-01-19 02:00:00,3544.0
2018-01-19 03:00:00,3446.0
2018-01-19 04:00:00,3334.0
2018-01-19 05:00:00,3162.0
2018-01-19 06:00:00,3150.0
2018-01-19 07:00:00,2900.0
2018-01-19 08:00:00,2812.0
2018-01-19 09:00:00,2833.0
2018-01-19 10:00:00,2865.0
2018-01-19 11:00:00,2767.0
2018-01-19 12:00:00,2745.0
2018-01-19 13:00:00,2867.0
2018-01-19 14:00:00,3008.0
2018-01-19 15:00:00,3093.0
2018-01-19 16:00:00,3104.0
2018-01-19 17:00:00,3097.0
2018-01-19 18:00:00,3190.0
2018-01-19 19:00:00,3124.0
2018-01-19 20:00:00,3185.0
2018-01-19 21:00:00,2991.0
2018-01-19 22:00:00,2950.0
2018-01-19 23:00:00,2837.0
2018-01-20 00:00:00,2828.0
2018-01-20 01:00:00,2866.0
2018-01-20 02:00:00,2824.0
2018-01-20 03:00:00,2762.0
2018-01-20 04:00:00,2743.0
2018-01-20 05:00:00,2705.0
2018-01-20 06:00:00,2732.0
2018-01-20 07:00:00,2797.0
2018-01-20 08:00:00,2856.0
2018-01-20 09:00:00,2997.0
2018-01-20 10:00:00,3328.0
2018-01-20 11:00:00,3550.0
2018-01-20 12:00:00,3807.0
2018-01-20 13:00:00,3903.0
2018-01-20 14:00:00,4182.0
2018-01-20 15:00:00,4130.0
2018-01-20 16:00:00,4268.0
2018-01-20 17:00:00,4530.0
2018-01-20 18:00:00,5131.0
2018-01-20 19:00:00,4823.0
2018-01-20 20:00:00,4494.0
2018-01-20 21:00:00,4277.0
2018-01-20 22:00:00,4102.0
2018-01-20 23:00:00,4096.0
2018-01-21 00:00:00,4369.0
2018-01-21 01:00:00,4363.0
2018-01-21 02:00:00,4090.0
2018-01-21 03:00:00,3762.0
2018-01-21 04:00:00,3556.0
2018-01-21 05:00:00,3442.0
2018-01-21 06:00:00,3392.0
2018-01-21 07:00:00,3268.0
2018-01-21 08:00:00,3252.0
2018-01-21 09:00:00,3248.0
2018-01-21 10:00:00,3379.0
2018-01-21 11:00:00,3736.0
2018-01-21 12:00:00,3859.0
2018-01-21 13:00:00,3941.0
2018-01-21 14:00:00,4162.0
2018-01-21 15:00:00,4121.0
2018-01-21 16:00:00,4370.0
2018-01-21 17:00:00,4434.0
2018-01-21 18:00:00,4502.0
2018-01-21 19:00:00,4517.0
2018-01-21 20:00:00,4148.0
2018-01-21 21:00:00,3769.0
2018-01-21 22:00:00,3682.0
2018-01-21 23:00:00,3631.0
2018-01-22 00:00:00,3832.0
2018-01-22 01:00:00,3838.0
2018-01-22 02:00:00,3669.0
2018-01-22 03:00:00,3575.0
2018-01-22 04:00:00,3397.0
2018-01-22 05:00:00,3231.0
2018-01-22 06:00:00,3196.0
2018-01-22 07:00:00,3103.0
2018-01-22 08:00:00,3051.0
2018-01-22 09:00:00,3185.0
2018-01-22 10:00:00,3675.0
2018-01-22 11:00:00,3785.0
2018-01-22 12:00:00,3940.0
2018-01-22 13:00:00,4115.0
2018-01-22 14:00:00,4363.0
2018-01-22 15:00:00,4303.0
2018-01-22 16:00:00,4402.0
2018-01-22 17:00:00,4520.0
2018-01-22 18:00:00,4548.0
2018-01-22 19:00:00,4506.0
2018-01-22 20:00:00,4447.0
2018-01-22 21:00:00,4211.0
2018-01-22 22:00:00,4157.0
2018-01-22 23:00:00,4201.0
2018-01-23 00:00:00,4442.0
2018-01-23 01:00:00,4482.0
2018-01-23 02:00:00,4200.0
2018-01-23 03:00:00,4082.0
2018-01-23 04:00:00,3909.0
2018-01-23 05:00:00,3798.0
2018-01-23 06:00:00,3788.0
2018-01-23 07:00:00,3608.0
2018-01-23 08:00:00,3374.0
2018-01-23 09:00:00,3530.0
2018-01-23 10:00:00,3682.0
2018-01-23 11:00:00,3981.0
2018-01-23 12:00:00,4105.0
2018-01-23 13:00:00,4113.0
2018-01-23 14:00:00,4314.0
2018-01-23 15:00:00,4423.0
2018-01-23 16:00:00,4329.0
2018-01-23 17:00:00,4417.0
2018-01-23 18:00:00,4897.0
2018-01-23 19:00:00,4814.0
2018-01-23 20:00:00,4729.0
2018-01-23 21:00:00,4286.0
2018-01-23 22:00:00,4243.0
2018-01-23 23:00:00,4206.0
2018-01-24 00:00:00,4306.0
2018-01-24 01:00:00,4168.0
2018-01-24 02:00:00,3958.0
2018-01-24 03:00:00,3875.0
2018-01-24 04:00:00,3609.0
2018-01-24 05:00:00,3404.0
2018-01-24 06:00:00,3376.0
2018-01-24 07:00:00,3219.0
2018-01-24 08:00:00,3146.0
2018-01-24 09:00:00,3045.0
2018-01-24 10:00:00,3398.0
2018-01-24 11:00:00,3655.0
2018-01-24 12:00:00,3697.0
2018-01-24 13:00:00,3760.0
2018-01-24 14:00:00,3970.0
2018-01-24 15:00:00,3956.0
2018-01-24 16:00:00,4093.0
2018-01-24 17:00:00,4186.0
2018-01-24 18:00:00,4265.0
2018-01-24 19:00:00,4139.0
2018-01-24 20:00:00,4065.0
2018-01-24 21:00:00,3822.0
2018-01-24 22:00:00,3745.0
2018-01-24 23:00:00,3861.0
2018-01-25 00:00:00,4063.0
2018-01-25 01:00:00,4063.0
2018-01-25 02:00:00,3844.0
2018-01-25 03:00:00,3727.0
2018-01-25 04:00:00,3558.0
2018-01-25 05:00:00,3352.0
2018-01-25 06:00:00,3361.0
2018-01-25 07:00:00,3300.0
2018-01-25 08:00:00,3218.0
2018-01-25 09:00:00,3133.0
2018-01-25 10:00:00,3144.0
2018-01-25 11:00:00,3103.0
2018-01-25 12:00:00,3111.0
2018-01-25 13:00:00,3215.0
2018-01-25 14:00:00,3320.0
2018-01-25 15:00:00,3231.0
2018-01-25 16:00:00,3267.0
2018-01-25 17:00:00,3327.0
2018-01-25 18:00:00,3302.0
2018-01-25 19:00:00,3413.0
2018-01-25 20:00:00,3439.0
2018-01-25 21:00:00,3400.0
2018-01-25 22:00:00,3399.0
2018-01-25 23:00:00,3529.0
2018-01-26 00:00:00,3653.0
2018-01-26 01:00:00,3718.0
2018-01-26 02:00:00,3538.0
2018-01-26 03:00:00,3408.0
2018-01-26 04:00:00,3246.0
2018-01-26 05:00:00,3092.0
2018-01-26 06:00:00,3160.0
2018-01-26 07:00:00,3048.0
2018-01-26 08:00:00,3015.0
2018-01-26 09:00:00,2865.0
2018-01-26 10:00:00,2789.0
2018-01-26 11:00:00,2692.0
2018-01-26 12:00:00,2687.0
2018-01-26 13:00:00,2729.0
2018-01-26 14:00:00,2844.0
2018-01-26 15:00:00,2831.0
2018-01-26 16:00:00,2950.0
2018-01-26 17:00:00,2982.0
2018-01-26 18:00:00,2995.0
2018-01-26 19:00:00,2978.0
2018-01-26 20:00:00,2999.0
2018-01-26 21:00:00,2962.0
2018-01-26 22:00:00,2928.0
2018-01-26 23:00:00,2799.0
2018-01-27 00:00:00,2792.0
2018-01-27 01:00:00,2823.0
2018-01-27 02:00:00,2771.0
2018-01-27 03:00:00,2695.0
2018-01-27 04:00:00,2736.0
2018-01-27 05:00:00,2659.0
2018-01-27 06:00:00,2737.0
2018-01-27 07:00:00,2750.0
2018-01-27 08:00:00,2726.0
2018-01-27 09:00:00,2927.0
2018-01-27 10:00:00,3252.0
2018-01-27 11:00:00,3470.0
2018-01-27 12:00:00,3638.0
2018-01-27 13:00:00,3744.0
2018-01-27 14:00:00,3956.0
2018-01-27 15:00:00,3947.0
2018-01-27 16:00:00,4077.0
2018-01-27 17:00:00,4293.0
2018-01-27 18:00:00,4474.0
2018-01-27 19:00:00,4703.0
2018-01-27 20:00:00,4795.0
2018-01-27 21:00:00,4542.0
2018-01-27 22:00:00,4294.0
2018-01-27 23:00:00,4145.0
2018-01-28 00:00:00,4303.0
2018-01-28 01:00:00,4151.0
2018-01-28 02:00:00,3852.0
2018-01-28 03:00:00,3577.0
2018-01-28 04:00:00,3344.0
2018-01-28 05:00:00,3210.0
2018-01-28 06:00:00,3179.0
2018-01-28 07:00:00,2955.0
2018-01-28 08:00:00,2921.0
2018-01-28 09:00:00,3103.0
2018-01-28 10:00:00,3368.0
2018-01-28 11:00:00,3702.0
2018-01-28 12:00:00,4012.0
2018-01-28 13:00:00,4242.0
2018-01-28 14:00:00,4401.0
2018-01-28 15:00:00,4403.0
2018-01-28 16:00:00,4481.0
2018-01-28 17:00:00,4932.0
2018-01-28 18:00:00,5331.0
2018-01-28 19:00:00,5227.0
2018-01-28 20:00:00,5120.0
2018-01-28 21:00:00,4919.0
2018-01-28 22:00:00,4584.0
2018-01-28 23:00:00,4518.0
2018-01-29 00:00:00,4573.0
2018-01-29 01:00:00,4465.0
2018-01-29 02:00:00,4159.0
2018-01-29 03:00:00,4100.0
2018-01-29 04:00:00,3973.0
2018-01-29 05:00:00,3581.0
2018-01-29 06:00:00,3229.0
2018-01-29 07:00:00,3293.0
2018-01-29 08:00:00,3083.0
2018-01-29 09:00:00,3256.0
2018-01-29 10:00:00,3480.0
2018-01-29 11:00:00,3711.0
2018-01-29 12:00:00,3917.0
2018-01-29 13:00:00,4191.0
2018-01-29 14:00:00,4672.0
2018-01-29 15:00:00,4652.0
2018-01-29 16:00:00,4876.0
2018-01-29 17:00:00,5204.0
2018-01-29 18:00:00,5315.0
2018-01-29 19:00:00,5288.0
2018-01-29 20:00:00,5237.0
2018-01-29 21:00:00,4968.0
2018-01-29 22:00:00,4776.0
2018-01-29 23:00:00,4658.0
2018-01-30 00:00:00,4565.0
2018-01-30 01:00:00,4409.0
2018-01-30 02:00:00,4113.0
2018-01-30 03:00:00,3817.0
2018-01-30 04:00:00,3727.0
2018-01-30 05:00:00,3590.0
2018-01-30 06:00:00,3338.0
2018-01-30 07:00:00,3141.0
2018-01-30 08:00:00,2950.0
2018-01-30 09:00:00,3146.0
2018-01-30 10:00:00,3426.0
2018-01-30 11:00:00,3745.0
2018-01-30 12:00:00,3767.0
2018-01-30 13:00:00,3932.0
2018-01-30 14:00:00,4272.0
2018-01-30 15:00:00,4228.0
2018-01-30 16:00:00,4358.0
2018-01-30 17:00:00,4990.0
2018-01-30 18:00:00,5170.0
2018-01-30 19:00:00,5189.0
2018-01-30 20:00:00,4949.0
2018-01-30 21:00:00,4602.0
2018-01-30 22:00:00,4370.0
2018-01-30 23:00:00,4328.0
2018-01-31 00:00:00,4465.0
2018-01-31 01:00:00,4291.0
2018-01-31 02:00:00,4036.0
2018-01-31 03:00:00,3927.0
2018-01-31 04:00:00,3823.0
2018-01-31 05:00:00,3719.0
2018-01-31 06:00:00,3749.0
2018-01-31 07:00:00,3432.0
2018-01-31 08:00:00,3109.0
2018-01-31 09:00:00,3281.0
2018-01-31 10:00:00,3481.0
2018-01-31 11:00:00,3711.0
2018-01-31 12:00:00,3678.0
2018-01-31 13:00:00,3817.0
2018-01-31 14:00:00,4176.0
2018-01-31 15:00:00,4065.0
2018-01-31 16:00:00,4171.0
2018-01-31 17:00:00,4215.0
2018-01-31 18:00:00,4232.0
2018-01-31 19:00:00,4218.0
2018-01-31 20:00:00,4113.0
2018-01-31 21:00:00,3939.0
2018-01-31 22:00:00,3866.0
2018-01-31 23:00:00,3896.0
2018-02-01 00:00:00,4084.0
2018-02-01 01:00:00,3925.0
2018-02-01 02:00:00,3679.0
2018-02-01 03:00:00,3590.0
2018-02-01 04:00:00,3525.0
2018-02-01 05:00:00,3482.0
2018-02-01 06:00:00,3385.0
2018-02-01 07:00:00,3213.0
2018-02-01 08:00:00,3037.0
2018-02-01 09:00:00,3069.0
2018-02-01 10:00:00,3095.0
2018-02-01 11:00:00,3215.0
2018-02-01 12:00:00,3224.0
2018-02-01 13:00:00,3188.0
2018-02-01 14:00:00,3330.0
2018-02-01 15:00:00,3256.0
2018-02-01 16:00:00,3278.0
2018-02-01 17:00:00,3431.0
2018-02-01 18:00:00,3478.0
2018-02-01 19:00:00,3428.0
2018-02-01 20:00:00,3435.0
2018-02-01 21:00:00,3478.0
2018-02-01 22:00:00,3494.0
2018-02-01 23:00:00,3556.0
2018-02-02 00:00:00,3732.0
2018-02-02 01:00:00,3768.0
2018-02-02 02:00:00,3607.0
2018-02-02 03:00:00,3452.0
2018-02-02 04:00:00,3408.0
2018-02-02 05:00:00,3266.0
2018-02-02 06:00:00,2997.0
2018-02-02 07:00:00,2792.0
2018-02-02 08:00:00,2748.0
2018-02-02 09:00:00,2841.0
2018-02-02 10:00:00,2890.0
2018-02-02 11:00:00,2831.0
2018-02-02 12:00:00,2931.0
2018-02-02 13:00:00,2940.0
2018-02-02 14:00:00,3088.0
2018-02-02 15:00:00,3297.0
2018-02-02 16:00:00,3265.0
2018-02-02 17:00:00,3280.0
2018-02-02 18:00:00,3318.0
2018-02-02 19:00:00,3200.0
2018-02-02 20:00:00,3197.0
2018-02-02 21:00:00,3126.0
2018-02-02 22:00:00,3026.0
2018-02-02 23:00:00,3011.0
2018-02-03 00:00:00,2927.0
2018-02-03 01:00:00,2938.0
2018-02-03 02:00:00,2878.0
2018-02-03 03:00:00,2851.0
2018-02-03 04:00:00,2811.0
2018-02-03 05:00:00,2772.0
2018-02-03 06:00:00,2828.0
2018-02-03 07:00:00,2787.0
2018-02-03 08:00:00,2883.0
2018-02-03 09:00:00,3105.0
2018-02-03 10:00:00,3289.0
2018-02-03 11:00:00,3498.0
2018-02-03 12:00:00,3627.0
2018-02-03 13:00:00,3726.0
2018-02-03 14:00:00,3933.0
2018-02-03 15:00:00,3841.0
2018-02-03 16:00:00,4062.0
2018-02-03 17:00:00,4200.0
2018-02-03 18:00:00,4316.0
2018-02-03 19:00:00,4453.0
2018-02-03 20:00:00,4317.0
2018-02-03 21:00:00,4058.0
2018-02-03 22:00:00,3929.0
2018-02-03 23:00:00,4009.0
2018-02-04 00:00:00,4139.0
2018-02-04 01:00:00,3992.0
2018-02-04 02:00:00,3877.0
2018-02-04 03:00:00,3663.0
2018-02-04 04:00:00,3547.0
2018-02-04 05:00:00,3366.0
2018-02-04 06:00:00,3399.0
2018-02-04 07:00:00,3446.0
2018-02-04 08:00:00,3215.0
2018-02-04 09:00:00,3289.0
2018-02-04 10:00:00,3419.0
2018-02-04 11:00:00,3707.0
2018-02-04 12:00:00,3689.0
2018-02-04 13:00:00,3862.0
2018-02-04 14:00:00,4085.0
2018-02-04 15:00:00,4008.0
2018-02-04 16:00:00,4058.0
2018-02-04 17:00:00,4197.0
2018-02-04 18:00:00,4295.0
2018-02-04 19:00:00,4266.0
2018-02-04 20:00:00,4288.0
2018-02-04 21:00:00,3997.0
2018-02-04 22:00:00,3862.0
2018-02-04 23:00:00,3840.0
2018-02-05 00:00:00,4065.0
2018-02-05 01:00:00,4133.0
2018-02-05 02:00:00,3872.0
2018-02-05 03:00:00,3812.0
2018-02-05 04:00:00,3637.0
2018-02-05 05:00:00,3415.0
2018-02-05 06:00:00,3367.0
2018-02-05 07:00:00,3262.0
2018-02-05 08:00:00,3116.0
2018-02-05 09:00:00,3184.0
2018-02-05 10:00:00,3238.0
2018-02-05 11:00:00,3539.0
2018-02-05 12:00:00,3705.0
2018-02-05 13:00:00,3696.0
2018-02-05 14:00:00,4016.0
2018-02-05 15:00:00,3950.0
2018-02-05 16:00:00,4029.0
2018-02-05 17:00:00,4106.0
2018-02-05 18:00:00,4000.0
2018-02-05 19:00:00,4187.0
2018-02-05 20:00:00,4134.0
2018-02-05 21:00:00,4140.0
2018-02-05 22:00:00,3974.0
2018-02-05 23:00:00,3963.0
2018-02-06 00:00:00,4037.0
2018-02-06 01:00:00,4130.0
2018-02-06 02:00:00,3837.0
2018-02-06 03:00:00,3780.0
2018-02-06 04:00:00,3614.0
2018-02-06 05:00:00,3468.0
2018-02-06 06:00:00,3414.0
2018-02-06 07:00:00,3291.0
2018-02-06 08:00:00,3156.0
2018-02-06 09:00:00,3201.0
2018-02-06 10:00:00,3413.0
2018-02-06 11:00:00,3764.0
2018-02-06 12:00:00,4021.0
2018-02-06 13:00:00,4028.0
2018-02-06 14:00:00,4298.0
2018-02-06 15:00:00,4313.0
2018-02-06 16:00:00,4332.0
2018-02-06 17:00:00,4375.0
2018-02-06 18:00:00,4509.0
2018-02-06 19:00:00,4462.0
2018-02-06 20:00:00,4323.0
2018-02-06 21:00:00,4246.0
2018-02-06 22:00:00,4122.0
2018-02-06 23:00:00,4125.0
2018-02-07 00:00:00,4316.0
2018-02-07 01:00:00,4259.0
2018-02-07 02:00:00,4051.0
2018-02-07 03:00:00,3960.0
2018-02-07 04:00:00,3748.0
2018-02-07 05:00:00,3692.0
2018-02-07 06:00:00,3580.0
2018-02-07 07:00:00,3315.0
2018-02-07 08:00:00,3225.0
2018-02-07 09:00:00,3426.0
2018-02-07 10:00:00,3780.0
2018-02-07 11:00:00,4186.0
2018-02-07 12:00:00,4345.0
2018-02-07 13:00:00,4510.0
2018-02-07 14:00:00,4692.0
2018-02-07 15:00:00,4712.0
2018-02-07 16:00:00,4670.0
2018-02-07 17:00:00,4727.0
2018-02-07 18:00:00,4823.0
2018-02-07 19:00:00,4785.0
2018-02-07 20:00:00,4661.0
2018-02-07 21:00:00,4561.0
2018-02-07 22:00:00,4424.0
2018-02-07 23:00:00,4447.0
2018-02-08 00:00:00,4603.0
2018-02-08 01:00:00,4568.0
2018-02-08 02:00:00,4308.0
2018-02-08 03:00:00,4234.0
2018-02-08 04:00:00,4066.0
2018-02-08 05:00:00,3875.0
2018-02-08 06:00:00,3719.0
2018-02-08 07:00:00,3582.0
2018-02-08 08:00:00,3350.0
2018-02-08 09:00:00,3456.0
2018-02-08 10:00:00,3373.0
2018-02-08 11:00:00,3628.0
2018-02-08 12:00:00,3830.0
2018-02-08 13:00:00,3910.0
2018-02-08 14:00:00,4059.0
2018-02-08 15:00:00,4022.0
2018-02-08 16:00:00,3915.0
2018-02-08 17:00:00,3832.0
2018-02-08 18:00:00,3859.0
2018-02-08 19:00:00,3993.0
2018-02-08 20:00:00,4078.0
2018-02-08 21:00:00,4056.0
2018-02-08 22:00:00,4044.0
2018-02-08 23:00:00,4173.0
2018-02-09 00:00:00,4350.0
2018-02-09 01:00:00,4273.0
2018-02-09 02:00:00,4063.0
2018-02-09 03:00:00,4042.0
2018-02-09 04:00:00,3877.0
2018-02-09 05:00:00,3677.0
2018-02-09 06:00:00,3641.0
2018-02-09 07:00:00,3393.0
2018-02-09 08:00:00,3183.0
2018-02-09 09:00:00,3084.0
2018-02-09 10:00:00,3117.0
2018-02-09 11:00:00,3080.0
2018-02-09 12:00:00,3233.0
2018-02-09 13:00:00,3302.0
2018-02-09 14:00:00,3672.0
2018-02-09 15:00:00,3778.0
2018-02-09 16:00:00,3835.0
2018-02-09 17:00:00,3775.0
2018-02-09 18:00:00,3814.0
2018-02-09 19:00:00,3786.0
2018-02-09 20:00:00,3842.0
2018-02-09 21:00:00,3741.0
2018-02-09 22:00:00,3652.0
2018-02-09 23:00:00,3432.0
2018-02-10 00:00:00,3386.0
2018-02-10 01:00:00,3365.0
2018-02-10 02:00:00,3173.0
2018-02-10 03:00:00,3013.0
2018-02-10 04:00:00,2938.0
2018-02-10 05:00:00,2938.0
2018-02-10 06:00:00,2964.0
2018-02-10 07:00:00,3002.0
2018-02-10 08:00:00,3056.0
2018-02-10 09:00:00,3329.0
2018-02-10 10:00:00,3490.0
2018-02-10 11:00:00,3657.0
2018-02-10 12:00:00,3834.0
2018-02-10 13:00:00,3937.0
2018-02-10 14:00:00,4176.0
2018-02-10 15:00:00,4319.0
2018-02-10 16:00:00,4438.0
2018-02-10 17:00:00,4542.0
2018-02-10 18:00:00,4711.0
2018-02-10 19:00:00,4604.0
2018-02-10 20:00:00,4500.0
2018-02-10 21:00:00,4389.0
2018-02-10 22:00:00,4061.0
2018-02-10 23:00:00,4138.0
2018-02-11 00:00:00,4288.0
2018-02-11 01:00:00,4156.0
2018-02-11 02:00:00,3799.0
2018-02-11 03:00:00,3695.0
2018-02-11 04:00:00,3612.0
2018-02-11 05:00:00,3394.0
2018-02-11 06:00:00,3353.0
2018-02-11 07:00:00,3128.0
2018-02-11 08:00:00,3118.0
2018-02-11 09:00:00,3315.0
2018-02-11 10:00:00,3506.0
2018-02-11 11:00:00,3659.0
2018-02-11 12:00:00,3701.0
2018-02-11 13:00:00,3922.0
2018-02-11 14:00:00,4362.0
2018-02-11 15:00:00,4419.0
2018-02-11 16:00:00,4402.0
2018-02-11 17:00:00,4504.0
2018-02-11 18:00:00,4576.0
2018-02-11 19:00:00,4743.0
2018-02-11 20:00:00,4675.0
2018-02-11 21:00:00,4478.0
2018-02-11 22:00:00,4377.0
2018-02-11 23:00:00,4404.0
2018-02-12 00:00:00,4607.0
2018-02-12 01:00:00,4452.0
2018-02-12 02:00:00,4177.0
2018-02-12 03:00:00,3993.0
2018-02-12 04:00:00,3885.0
2018-02-12 05:00:00,3724.0
2018-02-12 06:00:00,3674.0
2018-02-12 07:00:00,3400.0
2018-02-12 08:00:00,3316.0
2018-02-12 09:00:00,3414.0
2018-02-12 10:00:00,3753.0
2018-02-12 11:00:00,4086.0
2018-02-12 12:00:00,4245.0
2018-02-12 13:00:00,4528.0
2018-02-12 14:00:00,4713.0
2018-02-12 15:00:00,4812.0
2018-02-12 16:00:00,4836.0
2018-02-12 17:00:00,4812.0
2018-02-12 18:00:00,4859.0
2018-02-12 19:00:00,4804.0
2018-02-12 20:00:00,4804.0
2018-02-12 21:00:00,4648.0
2018-02-12 22:00:00,4501.0
2018-02-12 23:00:00,4516.0
2018-02-13 00:00:00,4594.0
2018-02-13 01:00:00,4419.0
2018-02-13 02:00:00,4162.0
2018-02-13 03:00:00,4083.0
2018-02-13 04:00:00,3965.0
2018-02-13 05:00:00,3785.0
2018-02-13 06:00:00,3646.0
2018-02-13 07:00:00,3543.0
2018-02-13 08:00:00,3367.0
2018-02-13 09:00:00,3472.0
2018-02-13 10:00:00,3565.0
2018-02-13 11:00:00,3557.0
2018-02-13 12:00:00,3593.0
2018-02-13 13:00:00,3862.0
2018-02-13 14:00:00,4100.0
2018-02-13 15:00:00,4248.0
2018-02-13 16:00:00,4380.0
2018-02-13 17:00:00,4430.0
2018-02-13 18:00:00,4460.0
2018-02-13 19:00:00,4385.0
2018-02-13 20:00:00,4352.0
2018-02-13 21:00:00,4215.0
2018-02-13 22:00:00,4066.0
2018-02-13 23:00:00,4148.0
2018-02-14 00:00:00,4320.0
2018-02-14 01:00:00,4194.0
2018-02-14 02:00:00,3952.0
2018-02-14 03:00:00,3882.0
2018-02-14 04:00:00,3652.0
2018-02-14 05:00:00,3479.0
2018-02-14 06:00:00,3557.0
2018-02-14 07:00:00,3473.0
2018-02-14 08:00:00,3352.0
2018-02-14 09:00:00,3384.0
2018-02-14 10:00:00,3664.0
2018-02-14 11:00:00,3907.0
2018-02-14 12:00:00,3928.0
2018-02-14 13:00:00,3962.0
2018-02-14 14:00:00,4212.0
2018-02-14 15:00:00,4269.0
2018-02-14 16:00:00,4320.0
2018-02-14 17:00:00,4286.0
2018-02-14 18:00:00,4238.0
2018-02-14 19:00:00,4142.0
2018-02-14 20:00:00,4115.0
2018-02-14 21:00:00,4057.0
2018-02-14 22:00:00,3963.0
2018-02-14 23:00:00,4013.0
2018-02-15 00:00:00,4268.0
2018-02-15 01:00:00,4136.0
2018-02-15 02:00:00,3920.0
2018-02-15 03:00:00,3808.0
2018-02-15 04:00:00,3777.0
2018-02-15 05:00:00,3655.0
2018-02-15 06:00:00,3634.0
2018-02-15 07:00:00,3479.0
2018-02-15 08:00:00,3220.0
2018-02-15 09:00:00,3313.0
2018-02-15 10:00:00,3343.0
2018-02-15 11:00:00,3462.0
2018-02-15 12:00:00,3542.0
2018-02-15 13:00:00,3693.0
2018-02-15 14:00:00,3827.0
2018-02-15 15:00:00,3853.0
2018-02-15 16:00:00,3872.0
2018-02-15 17:00:00,3863.0
2018-02-15 18:00:00,3889.0
2018-02-15 19:00:00,3827.0
2018-02-15 20:00:00,3812.0
2018-02-15 21:00:00,3738.0
2018-02-15 22:00:00,3772.0
2018-02-15 23:00:00,3872.0
2018-02-16 00:00:00,3982.0
2018-02-16 01:00:00,3948.0
2018-02-16 02:00:00,3801.0
2018-02-16 03:00:00,3659.0
2018-02-16 04:00:00,3588.0
2018-02-16 05:00:00,3403.0
2018-02-16 06:00:00,3195.0
2018-02-16 07:00:00,2953.0
2018-02-16 08:00:00,2869.0
2018-02-16 09:00:00,2925.0
2018-02-16 10:00:00,2896.0
2018-02-16 11:00:00,2924.0
2018-02-16 12:00:00,3099.0
2018-02-16 13:00:00,1519.0
2018-02-16 14:00:00,2162.0
2018-02-16 15:00:00,3526.0
2018-02-16 16:00:00,3641.0
2018-02-16 17:00:00,3669.0
2018-02-16 18:00:00,3613.0
2018-02-16 19:00:00,3597.0
2018-02-16 20:00:00,3511.0
2018-02-16 21:00:00,3508.0
2018-02-16 22:00:00,3334.0
2018-02-16 23:00:00,3269.0
2018-02-17 00:00:00,3192.0
2018-02-17 01:00:00,3169.0
2018-02-17 02:00:00,3198.0
2018-02-17 03:00:00,3141.0
2018-02-17 04:00:00,3047.0
2018-02-17 05:00:00,3049.0
2018-02-17 06:00:00,3127.0
2018-02-17 07:00:00,3182.0
2018-02-17 08:00:00,3246.0
2018-02-17 09:00:00,3372.0
2018-02-17 10:00:00,3633.0
2018-02-17 11:00:00,3905.0
2018-02-17 12:00:00,4041.0
2018-02-17 13:00:00,4336.0
2018-02-17 14:00:00,4655.0
2018-02-17 15:00:00,4614.0
2018-02-17 16:00:00,4625.0
2018-02-17 17:00:00,4603.0
2018-02-17 18:00:00,4296.0
2018-02-17 19:00:00,4312.0
2018-02-17 20:00:00,4197.0
2018-02-17 21:00:00,3909.0
2018-02-17 22:00:00,3746.0
2018-02-17 23:00:00,3849.0
2018-02-18 00:00:00,4038.0
2018-02-18 01:00:00,3970.0
2018-02-18 02:00:00,3732.0
2018-02-18 03:00:00,3510.0
2018-02-18 04:00:00,3366.0
2018-02-18 05:00:00,3254.0
2018-02-18 06:00:00,3203.0
2018-02-18 07:00:00,3090.0
2018-02-18 08:00:00,3121.0
2018-02-18 09:00:00,3251.0
2018-02-18 10:00:00,3328.0
2018-02-18 11:00:00,4013.0
2018-02-18 12:00:00,4267.0
2018-02-18 13:00:00,4373.0
2018-02-18 14:00:00,4584.0
2018-02-18 15:00:00,4735.0
2018-02-18 16:00:00,4763.0
2018-02-18 17:00:00,4587.0
2018-02-18 18:00:00,4644.0
2018-02-18 19:00:00,4638.0
2018-02-18 20:00:00,4770.0
2018-02-18 21:00:00,4654.0
2018-02-18 22:00:00,4499.0
2018-02-18 23:00:00,4491.0
2018-02-19 00:00:00,4673.0
2018-02-19 01:00:00,4497.0
2018-02-19 02:00:00,4182.0
2018-02-19 03:00:00,4048.0
2018-02-19 04:00:00,3827.0
2018-02-19 05:00:00,3556.0
2018-02-19 06:00:00,3347.0
2018-02-19 07:00:00,3215.0
2018-02-19 08:00:00,3066.0
2018-02-19 09:00:00,3233.0
2018-02-19 10:00:00,3432.0
2018-02-19 11:00:00,3636.0
2018-02-19 12:00:00,3795.0
2018-02-19 13:00:00,3947.0
2018-02-19 14:00:00,4324.0
2018-02-19 15:00:00,4511.0
2018-02-19 16:00:00,4553.0
2018-02-19 17:00:00,4659.0
2018-02-19 18:00:00,4811.0
2018-02-19 19:00:00,4672.0
2018-02-19 20:00:00,4509.0
2018-02-19 21:00:00,4347.0
2018-02-19 22:00:00,4149.0
2018-02-19 23:00:00,4140.0
2018-02-20 00:00:00,4298.0
2018-02-20 01:00:00,4141.0
2018-02-20 02:00:00,3822.0
2018-02-20 03:00:00,3710.0
2018-02-20 04:00:00,3650.0
2018-02-20 05:00:00,3435.0
2018-02-20 06:00:00,3344.0
2018-02-20 07:00:00,3177.0
2018-02-20 08:00:00,3132.0
2018-02-20 09:00:00,3287.0
2018-02-20 10:00:00,3437.0
2018-02-20 11:00:00,3622.0
2018-02-20 12:00:00,3634.0
2018-02-20 13:00:00,3956.0
2018-02-20 14:00:00,4117.0
2018-02-20 15:00:00,4272.0
2018-02-20 16:00:00,4408.0
2018-02-20 17:00:00,4474.0
2018-02-20 18:00:00,4593.0
2018-02-20 19:00:00,4750.0
2018-02-20 20:00:00,4495.0
2018-02-20 21:00:00,4287.0
2018-02-20 22:00:00,4147.0
2018-02-20 23:00:00,4128.0
2018-02-21 00:00:00,4311.0
2018-02-21 01:00:00,4291.0
2018-02-21 02:00:00,3916.0
2018-02-21 03:00:00,3754.0
2018-02-21 04:00:00,3641.0
2018-02-21 05:00:00,3520.0
2018-02-21 06:00:00,3387.0
2018-02-21 07:00:00,3316.0
2018-02-21 08:00:00,3001.0
2018-02-21 09:00:00,3311.0
2018-02-21 10:00:00,3369.0
2018-02-21 11:00:00,3729.0
2018-02-21 12:00:00,3901.0
2018-02-21 13:00:00,4124.0
2018-02-21 14:00:00,4331.0
2018-02-21 15:00:00,4385.0
2018-02-21 16:00:00,4359.0
2018-02-21 17:00:00,4388.0
2018-02-21 18:00:00,4459.0
2018-02-21 19:00:00,4382.0
2018-02-21 20:00:00,4249.0
2018-02-21 21:00:00,4118.0
2018-02-21 22:00:00,3967.0
2018-02-21 23:00:00,4130.0
2018-02-22 00:00:00,4287.0
2018-02-22 01:00:00,4223.0
2018-02-22 02:00:00,4029.0
2018-02-22 03:00:00,3964.0
2018-02-22 04:00:00,3847.0
2018-02-22 05:00:00,3741.0
2018-02-22 06:00:00,3682.0
2018-02-22 07:00:00,3552.0
2018-02-22 08:00:00,3167.0
2018-02-22 09:00:00,3204.0
2018-02-22 10:00:00,3168.0
2018-02-22 11:00:00,3219.0
2018-02-22 12:00:00,3292.0
2018-02-22 13:00:00,3414.0
2018-02-22 14:00:00,3668.0
2018-02-22 15:00:00,3798.0
2018-02-22 16:00:00,3870.0
2018-02-22 17:00:00,3858.0
2018-02-22 18:00:00,3886.0
2018-02-22 19:00:00,3845.0
2018-02-22 20:00:00,3872.0
2018-02-22 21:00:00,3776.0
2018-02-22 22:00:00,3823.0
2018-02-22 23:00:00,3880.0
2018-02-23 00:00:00,3927.0
2018-02-23 01:00:00,3970.0
2018-02-23 02:00:00,3705.0
2018-02-23 03:00:00,3572.0
2018-02-23 04:00:00,3460.0
2018-02-23 05:00:00,3219.0
2018-02-23 06:00:00,3221.0
2018-02-23 07:00:00,2888.0
2018-02-23 08:00:00,2767.0
2018-02-23 09:00:00,2865.0
2018-02-23 10:00:00,2889.0
2018-02-23 11:00:00,2979.0
2018-02-23 12:00:00,3320.0
2018-02-23 13:00:00,3596.0
2018-02-23 14:00:00,3708.0
2018-02-23 15:00:00,3728.0
2018-02-23 16:00:00,3765.0
2018-02-23 17:00:00,3782.0
2018-02-23 18:00:00,3733.0
2018-02-23 19:00:00,3576.0
2018-02-23 20:00:00,3364.0
2018-02-23 21:00:00,3310.0
2018-02-23 22:00:00,3215.0
2018-02-23 23:00:00,3157.0
2018-02-24 00:00:00,2990.0
2018-02-24 01:00:00,3077.0
2018-02-24 02:00:00,2943.0
2018-02-24 03:00:00,2901.0
2018-02-24 04:00:00,2850.0
2018-02-24 05:00:00,2795.0
2018-02-24 06:00:00,2912.0
2018-02-24 07:00:00,2819.0
2018-02-24 08:00:00,2819.0
2018-02-24 09:00:00,3036.0
2018-02-24 10:00:00,3206.0
2018-02-24 11:00:00,3422.0
2018-02-24 12:00:00,3549.0
2018-02-24 13:00:00,3764.0
2018-02-24 14:00:00,4060.0
2018-02-24 15:00:00,4139.0
2018-02-24 16:00:00,4236.0
2018-02-24 17:00:00,4342.0
2018-02-24 18:00:00,4453.0
2018-02-24 19:00:00,4503.0
2018-02-24 20:00:00,4457.0
2018-02-24 21:00:00,4209.0
2018-02-24 22:00:00,4083.0
2018-02-24 23:00:00,4169.0
2018-02-25 00:00:00,4346.0
2018-02-25 01:00:00,4155.0
2018-02-25 02:00:00,3926.0
2018-02-25 03:00:00,3749.0
2018-02-25 04:00:00,3636.0
2018-02-25 05:00:00,3284.0
2018-02-25 06:00:00,2987.0
2018-02-25 07:00:00,2932.0
2018-02-25 08:00:00,2996.0
2018-02-25 09:00:00,3084.0
2018-02-25 10:00:00,3204.0
2018-02-25 11:00:00,3437.0
2018-02-25 12:00:00,3845.0
2018-02-25 13:00:00,3801.0
2018-02-25 14:00:00,4048.0
2018-02-25 15:00:00,4143.0
2018-02-25 16:00:00,4287.0
2018-02-25 17:00:00,4496.0
2018-02-25 18:00:00,4623.0
2018-02-25 19:00:00,4633.0
2018-02-25 20:00:00,4487.0
2018-02-25 21:00:00,4280.0
2018-02-25 22:00:00,4251.0
2018-02-25 23:00:00,4245.0
2018-02-26 00:00:00,4421.0
2018-02-26 01:00:00,4327.0
2018-02-26 02:00:00,3957.0
2018-02-26 03:00:00,3841.0
2018-02-26 04:00:00,3618.0
2018-02-26 05:00:00,3473.0
2018-02-26 06:00:00,3312.0
2018-02-26 07:00:00,3091.0
2018-02-26 08:00:00,2970.0
2018-02-26 09:00:00,3154.0
2018-02-26 10:00:00,3398.0
2018-02-26 11:00:00,3677.0
2018-02-26 12:00:00,3780.0
2018-02-26 13:00:00,4104.0
2018-02-26 14:00:00,4285.0
2018-02-26 15:00:00,4218.0
2018-02-26 16:00:00,4300.0
2018-02-26 17:00:00,4479.0
2018-02-26 18:00:00,4526.0
2018-02-26 19:00:00,4553.0
2018-02-26 20:00:00,4384.0
2018-02-26 21:00:00,4120.0
2018-02-26 22:00:00,4073.0
2018-02-26 23:00:00,4166.0
2018-02-27 00:00:00,4278.0
2018-02-27 01:00:00,4115.0
2018-02-27 02:00:00,3959.0
2018-02-27 03:00:00,3851.0
2018-02-27 04:00:00,3782.0
2018-02-27 05:00:00,3660.0
2018-02-27 06:00:00,3568.0
2018-02-27 07:00:00,3369.0
2018-02-27 08:00:00,3263.0
2018-02-27 09:00:00,3437.0
2018-02-27 10:00:00,3612.0
2018-02-27 11:00:00,3898.0
2018-02-27 12:00:00,3980.0
2018-02-27 13:00:00,4043.0
2018-02-27 14:00:00,4221.0
2018-02-27 15:00:00,4247.0
2018-02-27 16:00:00,4236.0
2018-02-27 17:00:00,4385.0
2018-02-27 18:00:00,4483.0
2018-02-27 19:00:00,4499.0
2018-02-27 20:00:00,4317.0
2018-02-27 21:00:00,4097.0
2018-02-27 22:00:00,4080.0
2018-02-27 23:00:00,4139.0
2018-02-28 00:00:00,4294.0
2018-02-28 01:00:00,4006.0
2018-02-28 02:00:00,3761.0
2018-02-28 03:00:00,3515.0
2018-02-28 04:00:00,3444.0
2018-02-28 05:00:00,3271.0
2018-02-28 06:00:00,3157.0
2018-02-28 07:00:00,2987.0
2018-02-28 08:00:00,2945.0
2018-02-28 09:00:00,3121.0
2018-02-28 10:00:00,3324.0
2018-02-28 11:00:00,3711.0
2018-02-28 12:00:00,3779.0
2018-02-28 13:00:00,3894.0
2018-02-28 14:00:00,4114.0
2018-02-28 15:00:00,4245.0
2018-02-28 16:00:00,4313.0
2018-02-28 17:00:00,4414.0
2018-02-28 18:00:00,4501.0
2018-02-28 19:00:00,4494.0
2018-02-28 20:00:00,4304.0
2018-02-28 21:00:00,4129.0
2018-02-28 22:00:00,4002.0
2018-02-28 23:00:00,4081.0
2018-03-01 00:00:00,4239.0
2018-03-01 01:00:00,4177.0
2018-03-01 02:00:00,3939.0
2018-03-01 03:00:00,3716.0
2018-03-01 04:00:00,3631.0
2018-03-01 05:00:00,3443.0
2018-03-01 06:00:00,3382.0
2018-03-01 07:00:00,3144.0
2018-03-01 08:00:00,3048.0
2018-03-01 09:00:00,3057.0
2018-03-01 10:00:00,2923.0
2018-03-01 11:00:00,3044.0
2018-03-01 12:00:00,3224.0
2018-03-01 13:00:00,3331.0
2018-03-01 14:00:00,3610.0
2018-03-01 15:00:00,3664.0
2018-03-01 16:00:00,3701.0
2018-03-01 17:00:00,3769.0
2018-03-01 18:00:00,3823.0
2018-03-01 19:00:00,3880.0
2018-03-01 20:00:00,3786.0
2018-03-01 21:00:00,3782.0
2018-03-01 22:00:00,3735.0
2018-03-01 23:00:00,3804.0
2018-03-02 00:00:00,3869.0
2018-03-02 01:00:00,3828.0
2018-03-02 02:00:00,3562.0
2018-03-02 03:00:00,3438.0
2018-03-02 04:00:00,3380.0
2018-03-02 05:00:00,2967.0
2018-03-02 06:00:00,2693.0
2018-03-02 07:00:00,2672.0
2018-03-02 08:00:00,2595.0
2018-03-02 09:00:00,2627.0
2018-03-02 10:00:00,2637.0
2018-03-02 11:00:00,2619.0
2018-03-02 12:00:00,2765.0
2018-03-02 13:00:00,2979.0
2018-03-02 14:00:00,3194.0
2018-03-02 15:00:00,3364.0
2018-03-02 16:00:00,3408.0
2018-03-02 17:00:00,3476.0
2018-03-02 18:00:00,3533.0
2018-03-02 19:00:00,3537.0
2018-03-02 20:00:00,3472.0
2018-03-02 21:00:00,3405.0
2018-03-02 22:00:00,3220.0
2018-03-02 23:00:00,3149.0
2018-03-03 00:00:00,3089.0
2018-03-03 01:00:00,3054.0
2018-03-03 02:00:00,2952.0
2018-03-03 03:00:00,2921.0
2018-03-03 04:00:00,2840.0
2018-03-03 05:00:00,2755.0
2018-03-03 06:00:00,2826.0
2018-03-03 07:00:00,2766.0
2018-03-03 08:00:00,2769.0
2018-03-03 09:00:00,2995.0
2018-03-03 10:00:00,3168.0
2018-03-03 11:00:00,3514.0
2018-03-03 12:00:00,3896.0
2018-03-03 13:00:00,4112.0
2018-03-03 14:00:00,4394.0
2018-03-03 15:00:00,4374.0
2018-03-03 16:00:00,4459.0
2018-03-03 17:00:00,4609.0
2018-03-03 18:00:00,4690.0
2018-03-03 19:00:00,4722.0
2018-03-03 20:00:00,4584.0
2018-03-03 21:00:00,4369.0
2018-03-03 22:00:00,4269.0
2018-03-03 23:00:00,4386.0
2018-03-04 00:00:00,4502.0
2018-03-04 01:00:00,4290.0
2018-03-04 02:00:00,3994.0
2018-03-04 03:00:00,3911.0
2018-03-04 04:00:00,3739.0
2018-03-04 05:00:00,3533.0
2018-03-04 06:00:00,3558.0
2018-03-04 07:00:00,3309.0
2018-03-04 08:00:00,3101.0
2018-03-04 09:00:00,3198.0
2018-03-04 10:00:00,3365.0
2018-03-04 11:00:00,3740.0
2018-03-04 12:00:00,3880.0
2018-03-04 13:00:00,4119.0
2018-03-04 14:00:00,4402.0
2018-03-04 15:00:00,4526.0
2018-03-04 16:00:00,4763.0
2018-03-04 17:00:00,4894.0
2018-03-04 18:00:00,4848.0
2018-03-04 19:00:00,4808.0
2018-03-04 20:00:00,4664.0
2018-03-04 21:00:00,4542.0
2018-03-04 22:00:00,4365.0
2018-03-04 23:00:00,4415.0
2018-03-05 00:00:00,4556.0
2018-03-05 01:00:00,4403.0
2018-03-05 02:00:00,4121.0
2018-03-05 03:00:00,3960.0
2018-03-05 04:00:00,3842.0
2018-03-05 05:00:00,3749.0
2018-03-05 06:00:00,3560.0
2018-03-05 07:00:00,3218.0
2018-03-05 08:00:00,3070.0
2018-03-05 09:00:00,3192.0
2018-03-05 10:00:00,3382.0
2018-03-05 11:00:00,3720.0
2018-03-05 12:00:00,3818.0
2018-03-05 13:00:00,3795.0
2018-03-05 14:00:00,4015.0
2018-03-05 15:00:00,4319.0
2018-03-05 16:00:00,4442.0
2018-03-05 17:00:00,4632.0
2018-03-05 18:00:00,4757.0
2018-03-05 19:00:00,4811.0
2018-03-05 20:00:00,4653.0
2018-03-05 21:00:00,4403.0
2018-03-05 22:00:00,4252.0
2018-03-05 23:00:00,4360.0
2018-03-06 00:00:00,4301.0
2018-03-06 01:00:00,4004.0
2018-03-06 02:00:00,3823.0
2018-03-06 03:00:00,3763.0
2018-03-06 04:00:00,3669.0
2018-03-06 05:00:00,3361.0
2018-03-06 06:00:00,3170.0
2018-03-06 07:00:00,3043.0
2018-03-06 08:00:00,3031.0
2018-03-06 09:00:00,3269.0
2018-03-06 10:00:00,3430.0
2018-03-06 11:00:00,3668.0
2018-03-06 12:00:00,3845.0
2018-03-06 13:00:00,3973.0
2018-03-06 14:00:00,4265.0
2018-03-06 15:00:00,4294.0
2018-03-06 16:00:00,4369.0
2018-03-06 17:00:00,4519.0
2018-03-06 18:00:00,4555.0
2018-03-06 19:00:00,4607.0
2018-03-06 20:00:00,4456.0
2018-03-06 21:00:00,4223.0
2018-03-06 22:00:00,4213.0
2018-03-06 23:00:00,4202.0
2018-03-07 00:00:00,4159.0
2018-03-07 01:00:00,3978.0
2018-03-07 02:00:00,3782.0
2018-03-07 03:00:00,3649.0
2018-03-07 04:00:00,3501.0
2018-03-07 05:00:00,3388.0
2018-03-07 06:00:00,3338.0
2018-03-07 07:00:00,3309.0
2018-03-07 08:00:00,3178.0
2018-03-07 09:00:00,3257.0
2018-03-07 10:00:00,3375.0
2018-03-07 11:00:00,3616.0
2018-03-07 12:00:00,3686.0
2018-03-07 13:00:00,3960.0
2018-03-07 14:00:00,3990.0
2018-03-07 15:00:00,4330.0
2018-03-07 16:00:00,4417.0
2018-03-07 17:00:00,4487.0
2018-03-07 18:00:00,4632.0
2018-03-07 19:00:00,4577.0
2018-03-07 20:00:00,4373.0
2018-03-07 21:00:00,4122.0
2018-03-07 22:00:00,4063.0
2018-03-07 23:00:00,3961.0
2018-03-08 00:00:00,4029.0
2018-03-08 01:00:00,3944.0
2018-03-08 02:00:00,3678.0
2018-03-08 03:00:00,3636.0
2018-03-08 04:00:00,3560.0
2018-03-08 05:00:00,3277.0
2018-03-08 06:00:00,3220.0
2018-03-08 07:00:00,3119.0
2018-03-08 08:00:00,3144.0
2018-03-08 09:00:00,3129.0
2018-03-08 10:00:00,3133.0
2018-03-08 11:00:00,3195.0
2018-03-08 12:00:00,3140.0
2018-03-08 13:00:00,3258.0
2018-03-08 14:00:00,3478.0
2018-03-08 15:00:00,3543.0
2018-03-08 16:00:00,3603.0
2018-03-08 17:00:00,3734.0
2018-03-08 18:00:00,3832.0
2018-03-08 19:00:00,3655.0
2018-03-08 20:00:00,3535.0
2018-03-08 21:00:00,3445.0
2018-03-08 22:00:00,3310.0
2018-03-08 23:00:00,3283.0
2018-03-09 00:00:00,3380.0
2018-03-09 01:00:00,3437.0
2018-03-09 02:00:00,3352.0
2018-03-09 03:00:00,3191.0
2018-03-09 04:00:00,3162.0
2018-03-09 05:00:00,2973.0
2018-03-09 06:00:00,2797.0
2018-03-09 07:00:00,2742.0
2018-03-09 08:00:00,2675.0
2018-03-09 09:00:00,2705.0
2018-03-09 10:00:00,2690.0
2018-03-09 11:00:00,2614.0
2018-03-09 12:00:00,2801.0
2018-03-09 13:00:00,2897.0
2018-03-09 14:00:00,2895.0
2018-03-09 15:00:00,2985.0
2018-03-09 16:00:00,3073.0
2018-03-09 17:00:00,3001.0
2018-03-09 18:00:00,2939.0
2018-03-09 19:00:00,2889.0
2018-03-09 20:00:00,2879.0
2018-03-09 21:00:00,2818.0
2018-03-09 22:00:00,2679.0
2018-03-09 23:00:00,2713.0
2018-03-10 00:00:00,2634.0
2018-03-10 01:00:00,2653.0
2018-03-10 02:00:00,2547.0
2018-03-10 03:00:00,2528.0
2018-03-10 04:00:00,2548.0
2018-03-10 05:00:00,2584.0
2018-03-10 06:00:00,2620.0
2018-03-10 07:00:00,2565.0
2018-03-10 08:00:00,2682.0
2018-03-10 09:00:00,2858.0
2018-03-10 10:00:00,3143.0
2018-03-10 11:00:00,3330.0
2018-03-10 12:00:00,3578.0
2018-03-10 13:00:00,3658.0
2018-03-10 14:00:00,3857.0
2018-03-10 15:00:00,3943.0
2018-03-10 16:00:00,3968.0
2018-03-10 17:00:00,4041.0
2018-03-10 18:00:00,4108.0
2018-03-10 19:00:00,3976.0
2018-03-10 20:00:00,4036.0
2018-03-10 21:00:00,3797.0
2018-03-10 22:00:00,3613.0
2018-03-10 23:00:00,3667.0
2018-03-11 00:00:00,3794.0
2018-03-11 01:00:00,3650.0
2018-03-11 02:00:00,3594.0
2018-03-11 03:00:00,3362.0
2018-03-11 04:00:00,3263.0
2018-03-11 05:00:00,3088.0
2018-03-11 06:00:00,3083.0
2018-03-11 07:00:00,2926.0
2018-03-11 08:00:00,2877.0
2018-03-11 09:00:00,3058.0
2018-03-11 10:00:00,3064.0
2018-03-11 11:00:00,3412.0
2018-03-11 12:00:00,3659.0
2018-03-11 13:00:00,3725.0
2018-03-11 14:00:00,4038.0
2018-03-11 15:00:00,4131.0
2018-03-11 16:00:00,4352.0
2018-03-11 17:00:00,4510.0
2018-03-11 18:00:00,4611.0
2018-03-11 19:00:00,4606.0
2018-03-11 20:00:00,4479.0
2018-03-11 21:00:00,4257.0
2018-03-11 22:00:00,4097.0
2018-03-11 23:00:00,4115.0
2018-03-12 00:00:00,4176.0
2018-03-12 01:00:00,3989.0
2018-03-12 02:00:00,3689.0
2018-03-12 03:00:00,3478.0
2018-03-12 04:00:00,3260.0
2018-03-12 05:00:00,3241.0
2018-03-12 06:00:00,2945.0
2018-03-12 07:00:00,2870.0
2018-03-12 08:00:00,2863.0
2018-03-12 09:00:00,2965.0
2018-03-12 10:00:00,3089.0
2018-03-12 11:00:00,3277.0
2018-03-12 12:00:00,3451.0
2018-03-12 13:00:00,3762.0
2018-03-12 14:00:00,4001.0
2018-03-12 15:00:00,4218.0
2018-03-12 16:00:00,4429.0
2018-03-12 17:00:00,4560.0
2018-03-12 18:00:00,4714.0
2018-03-12 19:00:00,4632.0
2018-03-12 20:00:00,4489.0
2018-03-12 21:00:00,4243.0
2018-03-12 22:00:00,4167.0
2018-03-12 23:00:00,4318.0
2018-03-13 00:00:00,4234.0
2018-03-13 01:00:00,4115.0
2018-03-13 02:00:00,3922.0
2018-03-13 03:00:00,3751.0
2018-03-13 04:00:00,3630.0
2018-03-13 05:00:00,3471.0
2018-03-13 06:00:00,3330.0
2018-03-13 07:00:00,3337.0
2018-03-13 08:00:00,3238.0
2018-03-13 09:00:00,3297.0
2018-03-13 10:00:00,3618.0
2018-03-13 11:00:00,3824.0
2018-03-13 12:00:00,4062.0
2018-03-13 13:00:00,4172.0
2018-03-13 14:00:00,4448.0
2018-03-13 15:00:00,4518.0
2018-03-13 16:00:00,4662.0
2018-03-13 17:00:00,4714.0
2018-03-13 18:00:00,4877.0
2018-03-13 19:00:00,4844.0
2018-03-13 20:00:00,4679.0
2018-03-13 21:00:00,4553.0
2018-03-13 22:00:00,4266.0
2018-03-13 23:00:00,4319.0
2018-03-14 00:00:00,4445.0
2018-03-14 01:00:00,4370.0
2018-03-14 02:00:00,4111.0
2018-03-14 03:00:00,3975.0
2018-03-14 04:00:00,3864.0
2018-03-14 05:00:00,3605.0
2018-03-14 06:00:00,3482.0
2018-03-14 07:00:00,3362.0
2018-03-14 08:00:00,3275.0
2018-03-14 09:00:00,3379.0
2018-03-14 10:00:00,3490.0
2018-03-14 11:00:00,3827.0
2018-03-14 12:00:00,4088.0
2018-03-14 13:00:00,4184.0
2018-03-14 14:00:00,4420.0
2018-03-14 15:00:00,4484.0
2018-03-14 16:00:00,4714.0
2018-03-14 17:00:00,4776.0
2018-03-14 18:00:00,4859.0
2018-03-14 19:00:00,4966.0
2018-03-14 20:00:00,4595.0
2018-03-14 21:00:00,4267.0
2018-03-14 22:00:00,4226.0
2018-03-14 23:00:00,4303.0
2018-03-15 00:00:00,4271.0
2018-03-15 01:00:00,4235.0
2018-03-15 02:00:00,3847.0
2018-03-15 03:00:00,3701.0
2018-03-15 04:00:00,3521.0
2018-03-15 05:00:00,3460.0
2018-03-15 06:00:00,3238.0
2018-03-15 07:00:00,3102.0
2018-03-15 08:00:00,3123.0
2018-03-15 09:00:00,3070.0
2018-03-15 10:00:00,2961.0
2018-03-15 11:00:00,3105.0
2018-03-15 12:00:00,3333.0
2018-03-15 13:00:00,3541.0
2018-03-15 14:00:00,3688.0
2018-03-15 15:00:00,3718.0
2018-03-15 16:00:00,3907.0
2018-03-15 17:00:00,4051.0
2018-03-15 18:00:00,3980.0
2018-03-15 19:00:00,3883.0
2018-03-15 20:00:00,3773.0
2018-03-15 21:00:00,3729.0
2018-03-15 22:00:00,3564.0
2018-03-15 23:00:00,3780.0
2018-03-16 00:00:00,3838.0
2018-03-16 01:00:00,3826.0
2018-03-16 02:00:00,3698.0
2018-03-16 03:00:00,3491.0
2018-03-16 04:00:00,3387.0
2018-03-16 05:00:00,3118.0
2018-03-16 06:00:00,2873.0
2018-03-16 07:00:00,2838.0
2018-03-16 08:00:00,2703.0
2018-03-16 09:00:00,2797.0
2018-03-16 10:00:00,2926.0
2018-03-16 11:00:00,2901.0
2018-03-16 12:00:00,2917.0
2018-03-16 13:00:00,3089.0
2018-03-16 14:00:00,3193.0
2018-03-16 15:00:00,3240.0
2018-03-16 16:00:00,3305.0
2018-03-16 17:00:00,3344.0
2018-03-16 18:00:00,3434.0
2018-03-16 19:00:00,3325.0
2018-03-16 20:00:00,3247.0
2018-03-16 21:00:00,3169.0
2018-03-16 22:00:00,3022.0
2018-03-16 23:00:00,2990.0
2018-03-17 00:00:00,2951.0
2018-03-17 01:00:00,3036.0
2018-03-17 02:00:00,2911.0
2018-03-17 03:00:00,2832.0
2018-03-17 04:00:00,2810.0
2018-03-17 05:00:00,2737.0
2018-03-17 06:00:00,2741.0
2018-03-17 07:00:00,2782.0
2018-03-17 08:00:00,2823.0
2018-03-17 09:00:00,2994.0
2018-03-17 10:00:00,3141.0
2018-03-17 11:00:00,3305.0
2018-03-17 12:00:00,3355.0
2018-03-17 13:00:00,3605.0
2018-03-17 14:00:00,3879.0
2018-03-17 15:00:00,4037.0
2018-03-17 16:00:00,4310.0
2018-03-17 17:00:00,4392.0
2018-03-17 18:00:00,4360.0
2018-03-17 19:00:00,4329.0
2018-03-17 20:00:00,4114.0
2018-03-17 21:00:00,3837.0
2018-03-17 22:00:00,3760.0
2018-03-17 23:00:00,3879.0
2018-03-18 00:00:00,4048.0
2018-03-18 01:00:00,3882.0
2018-03-18 02:00:00,3759.0
2018-03-18 03:00:00,3555.0
2018-03-18 04:00:00,3382.0
2018-03-18 05:00:00,3265.0
2018-03-18 06:00:00,3019.0
2018-03-18 07:00:00,2895.0
2018-03-18 08:00:00,2964.0
2018-03-18 09:00:00,3076.0
2018-03-18 10:00:00,3223.0
2018-03-18 11:00:00,3397.0
2018-03-18 12:00:00,3563.0
2018-03-18 13:00:00,3691.0
2018-03-18 14:00:00,3893.0
2018-03-18 15:00:00,3937.0
2018-03-18 16:00:00,4187.0
2018-03-18 17:00:00,4297.0
2018-03-18 18:00:00,4473.0
2018-03-18 19:00:00,4328.0
2018-03-18 20:00:00,4257.0
2018-03-18 21:00:00,4002.0
2018-03-18 22:00:00,3798.0
2018-03-18 23:00:00,3984.0
2018-03-19 00:00:00,4026.0
2018-03-19 01:00:00,3938.0
2018-03-19 02:00:00,3651.0
2018-03-19 03:00:00,3534.0
2018-03-19 04:00:00,3352.0
2018-03-19 05:00:00,3240.0
2018-03-19 06:00:00,2935.0
2018-03-19 07:00:00,3042.0
2018-03-19 08:00:00,2900.0
2018-03-19 09:00:00,3119.0
2018-03-19 10:00:00,3158.0
2018-03-19 11:00:00,3219.0
2018-03-19 12:00:00,3329.0
2018-03-19 13:00:00,3566.0
2018-03-19 14:00:00,3932.0
2018-03-19 15:00:00,3829.0
2018-03-19 16:00:00,3910.0
2018-03-19 17:00:00,4064.0
2018-03-19 18:00:00,4033.0
2018-03-19 19:00:00,4103.0
2018-03-19 20:00:00,3928.0
2018-03-19 21:00:00,3619.0
2018-03-19 22:00:00,3512.0
2018-03-19 23:00:00,3745.0
2018-03-20 00:00:00,3733.0
2018-03-20 01:00:00,3677.0
2018-03-20 02:00:00,3389.0
2018-03-20 03:00:00,3281.0
2018-03-20 04:00:00,3151.0
2018-03-20 05:00:00,3057.0
2018-03-20 06:00:00,2973.0
2018-03-20 07:00:00,2919.0
2018-03-20 08:00:00,2803.0
2018-03-20 09:00:00,3068.0
2018-03-20 10:00:00,3265.0
2018-03-20 11:00:00,3550.0
2018-03-20 12:00:00,3688.0
2018-03-20 13:00:00,3912.0
2018-03-20 14:00:00,4153.0
2018-03-20 15:00:00,4086.0
2018-03-20 16:00:00,4212.0
2018-03-20 17:00:00,4450.0
2018-03-20 18:00:00,4547.0
2018-03-20 19:00:00,4375.0
2018-03-20 20:00:00,4403.0
2018-03-20 21:00:00,4291.0
2018-03-20 22:00:00,4151.0
2018-03-20 23:00:00,4236.0
2018-03-21 00:00:00,4300.0
2018-03-21 01:00:00,4205.0
2018-03-21 02:00:00,3996.0
2018-03-21 03:00:00,3821.0
2018-03-21 04:00:00,3595.0
2018-03-21 05:00:00,3411.0
2018-03-21 06:00:00,3373.0
2018-03-21 07:00:00,3170.0
2018-03-21 08:00:00,3078.0
2018-03-21 09:00:00,3315.0
2018-03-21 10:00:00,3366.0
2018-03-21 11:00:00,3801.0
2018-03-21 12:00:00,3953.0
2018-03-21 13:00:00,4192.0
2018-03-21 14:00:00,4471.0
2018-03-21 15:00:00,4568.0
2018-03-21 16:00:00,4656.0
2018-03-21 17:00:00,4679.0
2018-03-21 18:00:00,4825.0
2018-03-21 19:00:00,4809.0
2018-03-21 20:00:00,4693.0
2018-03-21 21:00:00,4548.0
2018-03-21 22:00:00,4248.0
2018-03-21 23:00:00,4262.0
2018-03-22 00:00:00,4304.0
2018-03-22 01:00:00,4186.0
2018-03-22 02:00:00,3975.0
2018-03-22 03:00:00,3782.0
2018-03-22 04:00:00,3717.0
2018-03-22 05:00:00,3632.0
2018-03-22 06:00:00,3457.0
2018-03-22 07:00:00,3275.0
2018-03-22 08:00:00,3223.0
2018-03-22 09:00:00,3405.0
2018-03-22 10:00:00,3365.0
2018-03-22 11:00:00,3407.0
2018-03-22 12:00:00,3664.0
2018-03-22 13:00:00,3748.0
2018-03-22 14:00:00,3961.0
2018-03-22 15:00:00,3958.0
2018-03-22 16:00:00,3989.0
2018-03-22 17:00:00,4057.0
2018-03-22 18:00:00,4023.0
2018-03-22 19:00:00,4012.0
2018-03-22 20:00:00,3917.0
2018-03-22 21:00:00,3838.0
2018-03-22 22:00:00,3803.0
2018-03-22 23:00:00,3962.0
2018-03-23 00:00:00,4083.0
2018-03-23 01:00:00,3970.0
2018-03-23 02:00:00,3803.0
2018-03-23 03:00:00,3552.0
2018-03-23 04:00:00,3406.0
2018-03-23 05:00:00,3115.0
2018-03-23 06:00:00,3035.0
2018-03-23 07:00:00,2905.0
2018-03-23 08:00:00,2886.0
2018-03-23 09:00:00,2904.0
2018-03-23 10:00:00,2884.0
2018-03-23 11:00:00,2916.0
2018-03-23 12:00:00,3057.0
2018-03-23 13:00:00,3091.0
2018-03-23 14:00:00,3330.0
2018-03-23 15:00:00,3067.0
2018-03-23 16:00:00,315.0
2018-03-23 17:00:00,334.0
2018-03-23 18:00:00,3250.0
2018-03-23 19:00:00,3769.0
2018-03-23 20:00:00,3779.0
2018-03-23 21:00:00,3594.0
2018-03-23 22:00:00,3361.0
2018-03-23 23:00:00,3187.0
2018-03-24 00:00:00,3162.0
2018-03-24 01:00:00,2952.0
2018-03-24 02:00:00,2930.0
2018-03-24 03:00:00,2859.0
2018-03-24 04:00:00,2826.0
2018-03-24 05:00:00,2702.0
2018-03-24 06:00:00,2817.0
2018-03-24 07:00:00,2782.0
2018-03-24 08:00:00,2834.0
2018-03-24 09:00:00,3172.0
2018-03-24 10:00:00,3215.0
2018-03-24 11:00:00,3587.0
2018-03-24 12:00:00,3640.0
2018-03-24 13:00:00,3867.0
2018-03-24 14:00:00,4094.0
2018-03-24 15:00:00,4240.0
2018-03-24 16:00:00,4642.0
2018-03-24 17:00:00,4532.0
2018-03-24 18:00:00,4663.0
2018-03-24 19:00:00,4656.0
2018-03-24 20:00:00,4598.0
2018-03-24 21:00:00,4383.0
2018-03-24 22:00:00,4122.0
2018-03-24 23:00:00,4064.0
2018-03-25 00:00:00,3926.0
2018-03-25 01:00:00,3864.0
2018-03-25 02:00:00,3684.0
2018-03-25 03:00:00,3560.0
2018-03-25 04:00:00,3505.0
2018-03-25 05:00:00,3352.0
2018-03-25 06:00:00,3207.0
2018-03-25 07:00:00,3038.0
2018-03-25 08:00:00,2947.0
2018-03-25 09:00:00,3221.0
2018-03-25 10:00:00,3408.0
2018-03-25 11:00:00,3666.0
2018-03-25 12:00:00,3775.0
2018-03-25 13:00:00,3774.0
2018-03-25 14:00:00,4169.0
2018-03-25 15:00:00,4138.0
2018-03-25 16:00:00,4124.0
2018-03-25 17:00:00,4332.0
2018-03-25 18:00:00,4456.0
2018-03-25 19:00:00,4540.0
2018-03-25 20:00:00,4453.0
2018-03-25 21:00:00,4303.0
2018-03-25 22:00:00,4163.0
2018-03-25 23:00:00,4024.0
2018-03-26 00:00:00,3936.0
2018-03-26 01:00:00,3795.0
2018-03-26 02:00:00,3567.0
2018-03-26 03:00:00,3462.0
2018-03-26 04:00:00,3419.0
2018-03-26 05:00:00,3207.0
2018-03-26 06:00:00,3099.0
2018-03-26 07:00:00,3078.0
2018-03-26 08:00:00,3034.0
2018-03-26 09:00:00,3165.0
2018-03-26 10:00:00,3422.0
2018-03-26 11:00:00,3541.0
2018-03-26 12:00:00,3497.0
2018-03-26 13:00:00,3669.0
2018-03-26 14:00:00,3895.0
2018-03-26 15:00:00,3683.0
2018-03-26 16:00:00,3634.0
2018-03-26 17:00:00,3633.0
2018-03-26 18:00:00,3667.0
2018-03-26 19:00:00,3721.0
2018-03-26 20:00:00,3545.0
2018-03-26 21:00:00,3434.0
2018-03-26 22:00:00,3478.0
2018-03-26 23:00:00,3648.0
2018-03-27 00:00:00,3763.0
2018-03-27 01:00:00,3621.0
2018-03-27 02:00:00,3388.0
2018-03-27 03:00:00,3244.0
2018-03-27 04:00:00,3132.0
2018-03-27 05:00:00,2987.0
2018-03-27 06:00:00,2936.0
2018-03-27 07:00:00,2796.0
2018-03-27 08:00:00,2841.0
2018-03-27 09:00:00,3099.0
2018-03-27 10:00:00,3305.0
2018-03-27 11:00:00,3492.0
2018-03-27 12:00:00,3566.0
2018-03-27 13:00:00,3732.0
2018-03-27 14:00:00,3774.0
2018-03-27 15:00:00,3651.0
2018-03-27 16:00:00,3853.0
2018-03-27 17:00:00,4067.0
2018-03-27 18:00:00,4176.0
2018-03-27 19:00:00,4260.0
2018-03-27 20:00:00,4129.0
2018-03-27 21:00:00,3950.0
2018-03-27 22:00:00,3828.0
2018-03-27 23:00:00,4019.0
2018-03-28 00:00:00,4046.0
2018-03-28 01:00:00,3853.0
2018-03-28 02:00:00,3633.0
2018-03-28 03:00:00,3480.0
2018-03-28 04:00:00,3472.0
2018-03-28 05:00:00,3462.0
2018-03-28 06:00:00,3428.0
2018-03-28 07:00:00,3341.0
2018-03-28 08:00:00,3180.0
2018-03-28 09:00:00,3364.0
2018-03-28 10:00:00,3562.0
2018-03-28 11:00:00,3612.0
2018-03-28 12:00:00,3677.0
2018-03-28 13:00:00,3752.0
2018-03-28 14:00:00,3713.0
2018-03-28 15:00:00,3613.0
2018-03-28 16:00:00,3640.0
2018-03-28 17:00:00,3841.0
2018-03-28 18:00:00,3956.0
2018-03-28 19:00:00,3956.0
2018-03-28 20:00:00,3866.0
2018-03-28 21:00:00,3761.0
2018-03-28 22:00:00,3889.0
2018-03-28 23:00:00,3919.0
2018-03-29 00:00:00,3981.0
2018-03-29 01:00:00,3978.0
2018-03-29 02:00:00,3834.0
2018-03-29 03:00:00,3602.0
2018-03-29 04:00:00,3527.0
2018-03-29 05:00:00,3450.0
2018-03-29 06:00:00,3329.0
2018-03-29 07:00:00,3102.0
2018-03-29 08:00:00,2991.0
2018-03-29 09:00:00,3069.0
2018-03-29 10:00:00,3067.0
2018-03-29 11:00:00,3072.0
2018-03-29 12:00:00,3086.0
2018-03-29 13:00:00,3234.0
2018-03-29 14:00:00,3229.0
2018-03-29 15:00:00,3042.0
2018-03-29 16:00:00,3301.0
2018-03-29 17:00:00,3170.0
2018-03-29 18:00:00,3242.0
2018-03-29 19:00:00,3521.0
2018-03-29 20:00:00,3441.0
2018-03-29 21:00:00,3242.0
2018-03-29 22:00:00,3419.0
2018-03-29 23:00:00,3556.0
2018-03-30 00:00:00,3617.0
2018-03-30 01:00:00,3553.0
2018-03-30 02:00:00,3517.0
2018-03-30 03:00:00,3270.0
2018-03-30 04:00:00,3310.0
2018-03-30 05:00:00,3083.0
2018-03-30 06:00:00,2728.0
2018-03-30 07:00:00,2715.0
2018-03-30 08:00:00,2637.0
2018-03-30 09:00:00,2692.0
2018-03-30 10:00:00,2715.0
2018-03-30 11:00:00,2772.0
2018-03-30 12:00:00,2703.0
2018-03-30 13:00:00,2616.0
2018-03-30 14:00:00,2619.0
2018-03-30 15:00:00,2585.0
2018-03-30 16:00:00,2623.0
2018-03-30 17:00:00,2780.0
2018-03-30 18:00:00,2818.0
2018-03-30 19:00:00,2673.0
2018-03-30 20:00:00,2594.0
2018-03-30 21:00:00,2514.0
2018-03-30 22:00:00,2485.0
2018-03-30 23:00:00,2568.0
2018-03-31 00:00:00,2581.0
2018-03-31 01:00:00,2567.0
2018-03-31 02:00:00,2472.0
2018-03-31 03:00:00,2520.0
2018-03-31 04:00:00,2479.0
2018-03-31 05:00:00,2499.0
2018-03-31 06:00:00,2512.0
2018-03-31 07:00:00,2741.0
2018-03-31 08:00:00,2645.0
2018-03-31 09:00:00,2988.0
2018-03-31 10:00:00,3176.0
2018-03-31 11:00:00,3442.0
2018-03-31 12:00:00,3616.0
2018-03-31 13:00:00,3663.0
2018-03-31 14:00:00,3957.0
2018-03-31 15:00:00,3850.0
2018-03-31 16:00:00,3851.0
2018-03-31 17:00:00,3942.0
2018-03-31 18:00:00,3976.0
2018-03-31 19:00:00,3932.0
2018-03-31 20:00:00,3900.0
2018-03-31 21:00:00,3738.0
2018-03-31 22:00:00,3791.0
2018-03-31 23:00:00,3903.0
2018-04-01 00:00:00,3880.0
2018-04-01 01:00:00,3728.0
2018-04-01 02:00:00,3535.0
2018-04-01 03:00:00,3409.0
2018-04-01 04:00:00,3334.0
2018-04-01 05:00:00,3260.0
2018-04-01 06:00:00,3291.0
2018-04-01 07:00:00,3290.0
2018-04-01 08:00:00,3334.0
2018-04-01 09:00:00,3521.0
2018-04-01 10:00:00,3383.0
2018-04-01 11:00:00,3632.0
2018-04-01 12:00:00,3746.0
2018-04-01 13:00:00,3867.0
2018-04-01 14:00:00,3983.0
2018-04-01 15:00:00,3823.0
2018-04-01 16:00:00,3924.0
2018-04-01 17:00:00,3943.0
2018-04-01 18:00:00,4068.0
2018-04-01 19:00:00,3806.0
2018-04-01 20:00:00,4034.0
2018-04-01 21:00:00,4121.0
2018-04-01 22:00:00,4042.0
2018-04-01 23:00:00,4116.0
2018-04-02 00:00:00,3919.0
2018-04-02 01:00:00,3802.0
2018-04-02 02:00:00,3641.0
2018-04-02 03:00:00,3409.0
2018-04-02 04:00:00,3345.0
2018-04-02 05:00:00,3426.0
2018-04-02 06:00:00,3162.0
2018-04-02 07:00:00,3196.0
2018-04-02 08:00:00,3075.0
2018-04-02 09:00:00,3077.0
2018-04-02 10:00:00,3238.0
2018-04-02 11:00:00,3316.0
2018-04-02 12:00:00,3351.0
2018-04-02 13:00:00,3544.0
2018-04-02 14:00:00,3613.0
2018-04-02 15:00:00,3544.0
2018-04-02 16:00:00,3614.0
2018-04-02 17:00:00,3663.0
2018-04-02 18:00:00,3682.0
2018-04-02 19:00:00,3756.0
2018-04-02 20:00:00,3842.0
2018-04-02 21:00:00,3783.0
2018-04-02 22:00:00,3711.0
2018-04-02 23:00:00,3876.0
2018-04-03 00:00:00,3726.0
2018-04-03 01:00:00,3655.0
2018-04-03 02:00:00,3450.0
2018-04-03 03:00:00,3306.0
2018-04-03 04:00:00,3368.0
2018-04-03 05:00:00,3235.0
2018-04-03 06:00:00,3067.0
2018-04-03 07:00:00,2900.0
2018-04-03 08:00:00,2821.0
2018-04-03 09:00:00,3117.0
2018-04-03 10:00:00,3310.0
2018-04-03 11:00:00,3446.0
2018-04-03 12:00:00,3569.0
2018-04-03 13:00:00,3590.0
2018-04-03 14:00:00,3860.0
2018-04-03 15:00:00,3757.0
2018-04-03 16:00:00,3838.0
2018-04-03 17:00:00,3932.0
2018-04-03 18:00:00,4185.0
2018-04-03 19:00:00,4065.0
2018-04-03 20:00:00,4217.0
2018-04-03 21:00:00,3918.0
2018-04-03 22:00:00,3781.0
2018-04-03 23:00:00,3790.0
2018-04-04 00:00:00,3768.0
2018-04-04 01:00:00,3563.0
2018-04-04 02:00:00,3423.0
2018-04-04 03:00:00,3261.0
2018-04-04 04:00:00,3286.0
2018-04-04 05:00:00,3239.0
2018-04-04 06:00:00,3007.0
2018-04-04 07:00:00,3171.0
2018-04-04 08:00:00,2940.0
2018-04-04 09:00:00,3064.0
2018-04-04 10:00:00,3294.0
2018-04-04 11:00:00,3376.0
2018-04-04 12:00:00,3389.0
2018-04-04 13:00:00,3479.0
2018-04-04 14:00:00,3829.0
2018-04-04 15:00:00,3735.0
2018-04-04 16:00:00,3890.0
2018-04-04 17:00:00,4007.0
2018-04-04 18:00:00,4123.0
2018-04-04 19:00:00,4183.0
2018-04-04 20:00:00,4087.0
2018-04-04 21:00:00,3878.0
2018-04-04 22:00:00,3662.0
2018-04-04 23:00:00,3882.0
2018-04-05 00:00:00,3804.0
2018-04-05 01:00:00,3639.0
2018-04-05 02:00:00,3364.0
2018-04-05 03:00:00,3162.0
2018-04-05 04:00:00,3086.0
2018-04-05 05:00:00,2996.0
2018-04-05 06:00:00,2901.0
2018-04-05 07:00:00,2994.0
2018-04-05 08:00:00,2812.0
2018-04-05 09:00:00,2960.0
2018-04-05 10:00:00,2970.0
2018-04-05 11:00:00,2909.0
2018-04-05 12:00:00,2940.0
2018-04-05 13:00:00,2982.0
2018-04-05 14:00:00,3328.0
2018-04-05 15:00:00,3155.0
2018-04-05 16:00:00,3353.0
2018-04-05 17:00:00,3400.0
2018-04-05 18:00:00,3382.0
2018-04-05 19:00:00,3320.0
2018-04-05 20:00:00,3235.0
2018-04-05 21:00:00,3198.0
2018-04-05 22:00:00,3201.0
2018-04-05 23:00:00,3395.0
2018-04-06 00:00:00,3504.0
2018-04-06 01:00:00,3470.0
2018-04-06 02:00:00,3321.0
2018-04-06 03:00:00,3197.0
2018-04-06 04:00:00,3180.0
2018-04-06 05:00:00,2923.0
2018-04-06 06:00:00,2851.0
2018-04-06 07:00:00,2788.0
2018-04-06 08:00:00,2520.0
2018-04-06 09:00:00,2572.0
2018-04-06 10:00:00,2520.0
2018-04-06 11:00:00,2572.0
2018-04-06 12:00:00,2676.0
2018-04-06 13:00:00,2832.0
2018-04-06 14:00:00,2800.0
2018-04-06 15:00:00,2896.0
2018-04-06 16:00:00,3009.0
2018-04-06 17:00:00,3036.0
2018-04-06 18:00:00,3047.0
2018-04-06 19:00:00,3055.0
2018-04-06 20:00:00,3058.0
2018-04-06 21:00:00,2871.0
2018-04-06 22:00:00,2846.0
2018-04-06 23:00:00,2811.0
2018-04-07 00:00:00,2834.0
2018-04-07 01:00:00,2708.0
2018-04-07 02:00:00,2685.0
2018-04-07 03:00:00,2572.0
2018-04-07 04:00:00,2600.0
2018-04-07 05:00:00,2547.0
2018-04-07 06:00:00,2575.0
2018-04-07 07:00:00,2670.0
2018-04-07 08:00:00,2569.0
2018-04-07 09:00:00,2966.0
2018-04-07 10:00:00,3075.0
2018-04-07 11:00:00,3364.0
2018-04-07 12:00:00,3588.0
2018-04-07 13:00:00,3848.0
2018-04-07 14:00:00,3994.0
2018-04-07 15:00:00,4072.0
2018-04-07 16:00:00,4188.0
2018-04-07 17:00:00,4321.0
2018-04-07 18:00:00,4236.0
2018-04-07 19:00:00,4123.0
2018-04-07 20:00:00,3924.0
2018-04-07 21:00:00,3716.0
2018-04-07 22:00:00,3657.0
2018-04-07 23:00:00,3757.0
2018-04-08 00:00:00,3729.0
2018-04-08 01:00:00,3540.0
2018-04-08 02:00:00,3289.0
2018-04-08 03:00:00,3198.0
2018-04-08 04:00:00,3107.0
2018-04-08 05:00:00,3069.0
2018-04-08 06:00:00,2886.0
2018-04-08 07:00:00,2804.0
2018-04-08 08:00:00,2809.0
2018-04-08 09:00:00,2938.0
2018-04-08 10:00:00,3151.0
2018-04-08 11:00:00,3349.0
2018-04-08 12:00:00,3515.0
2018-04-08 13:00:00,3711.0
2018-04-08 14:00:00,3967.0
2018-04-08 15:00:00,3980.0
2018-04-08 16:00:00,3984.0
2018-04-08 17:00:00,4278.0
2018-04-08 18:00:00,4188.0
2018-04-08 19:00:00,4128.0
2018-04-08 20:00:00,4243.0
2018-04-08 21:00:00,3990.0
2018-04-08 22:00:00,3828.0
2018-04-08 23:00:00,3851.0
2018-04-09 00:00:00,3779.0
2018-04-09 01:00:00,3721.0
2018-04-09 02:00:00,3436.0
2018-04-09 03:00:00,3348.0
2018-04-09 04:00:00,3201.0
2018-04-09 05:00:00,3042.0
2018-04-09 06:00:00,2929.0
2018-04-09 07:00:00,2847.0
2018-04-09 08:00:00,2798.0
2018-04-09 09:00:00,2939.0
2018-04-09 10:00:00,3100.0
2018-04-09 11:00:00,3300.0
2018-04-09 12:00:00,3454.0
2018-04-09 13:00:00,3575.0
2018-04-09 14:00:00,3767.0
2018-04-09 15:00:00,3753.0
2018-04-09 16:00:00,3849.0
2018-04-09 17:00:00,4024.0
2018-04-09 18:00:00,4134.0
2018-04-09 19:00:00,4296.0
2018-04-09 20:00:00,4299.0
2018-04-09 21:00:00,3998.0
2018-04-09 22:00:00,3765.0
2018-04-09 23:00:00,3904.0
2018-04-10 00:00:00,3737.0
2018-04-10 01:00:00,3471.0
2018-04-10 02:00:00,3129.0
2018-04-10 03:00:00,3066.0
2018-04-10 04:00:00,3069.0
2018-04-10 05:00:00,2969.0
2018-04-10 06:00:00,2901.0
2018-04-10 07:00:00,2834.0
2018-04-10 08:00:00,2799.0
2018-04-10 09:00:00,2954.0
2018-04-10 10:00:00,3164.0
2018-04-10 11:00:00,3338.0
2018-04-10 12:00:00,3636.0
2018-04-10 13:00:00,3765.0
2018-04-10 14:00:00,3907.0
2018-04-10 15:00:00,3808.0
2018-04-10 16:00:00,3977.0
2018-04-10 17:00:00,4259.0
2018-04-10 18:00:00,4272.0
2018-04-10 19:00:00,4468.0
2018-04-10 20:00:00,4368.0
2018-04-10 21:00:00,4074.0
2018-04-10 22:00:00,3928.0
2018-04-10 23:00:00,3955.0
2018-04-11 00:00:00,3743.0
2018-04-11 01:00:00,3606.0
2018-04-11 02:00:00,3440.0
2018-04-11 03:00:00,3218.0
2018-04-11 04:00:00,3075.0
2018-04-11 05:00:00,2956.0
2018-04-11 06:00:00,2912.0
2018-04-11 07:00:00,2815.0
2018-04-11 08:00:00,2770.0
2018-04-11 09:00:00,2934.0
2018-04-11 10:00:00,3102.0
2018-04-11 11:00:00,3285.0
2018-04-11 12:00:00,3300.0
2018-04-11 13:00:00,3416.0
2018-04-11 14:00:00,3577.0
2018-04-11 15:00:00,3531.0
2018-04-11 16:00:00,3801.0
2018-04-11 17:00:00,3867.0
2018-04-11 18:00:00,3683.0
2018-04-11 19:00:00,3713.0
2018-04-11 20:00:00,3793.0
2018-04-11 21:00:00,3526.0
2018-04-11 22:00:00,3450.0
2018-04-11 23:00:00,3679.0
2018-04-12 00:00:00,3505.0
2018-04-12 01:00:00,3390.0
2018-04-12 02:00:00,3099.0
2018-04-12 03:00:00,2985.0
2018-04-12 04:00:00,2881.0
2018-04-12 05:00:00,2764.0
2018-04-12 06:00:00,2759.0
2018-04-12 07:00:00,2682.0
2018-04-12 08:00:00,2628.0
2018-04-12 09:00:00,2823.0
2018-04-12 10:00:00,2786.0
2018-04-12 11:00:00,2770.0
2018-04-12 12:00:00,2775.0
2018-04-12 13:00:00,2753.0
2018-04-12 14:00:00,2767.0
2018-04-12 15:00:00,2740.0
2018-04-12 16:00:00,2753.0
2018-04-12 17:00:00,2814.0
2018-04-12 18:00:00,2741.0
2018-04-12 19:00:00,2746.0
2018-04-12 20:00:00,2751.0
2018-04-12 21:00:00,2715.0
2018-04-12 22:00:00,2841.0
2018-04-12 23:00:00,3106.0
2018-04-13 00:00:00,3348.0
2018-04-13 01:00:00,3325.0
2018-04-13 02:00:00,3103.0
2018-04-13 03:00:00,2943.0
2018-04-13 04:00:00,2935.0
2018-04-13 05:00:00,2623.0
2018-04-13 06:00:00,2618.0
2018-04-13 07:00:00,2519.0
2018-04-13 08:00:00,2424.0
2018-04-13 09:00:00,2384.0
2018-04-13 10:00:00,2353.0
2018-04-13 11:00:00,2277.0
2018-04-13 12:00:00,2365.0
2018-04-13 13:00:00,2519.0
2018-04-13 14:00:00,2498.0
2018-04-13 15:00:00,2592.0
2018-04-13 16:00:00,2636.0
2018-04-13 17:00:00,2621.0
2018-04-13 18:00:00,2655.0
2018-04-13 19:00:00,2625.0
2018-04-13 20:00:00,2613.0
2018-04-13 21:00:00,2616.0
2018-04-13 22:00:00,2654.0
2018-04-13 23:00:00,2616.0
2018-04-14 00:00:00,2634.0
2018-04-14 01:00:00,2603.0
2018-04-14 02:00:00,2532.0
2018-04-14 03:00:00,2501.0
2018-04-14 04:00:00,2436.0
2018-04-14 05:00:00,2376.0
2018-04-14 06:00:00,2410.0
2018-04-14 07:00:00,2444.0
2018-04-14 08:00:00,2505.0
2018-04-14 09:00:00,2818.0
2018-04-14 10:00:00,2918.0
2018-04-14 11:00:00,3085.0
2018-04-14 12:00:00,3217.0
2018-04-14 13:00:00,3213.0
2018-04-14 14:00:00,3271.0
2018-04-14 15:00:00,3202.0
2018-04-14 16:00:00,3335.0
2018-04-14 17:00:00,3436.0
2018-04-14 18:00:00,3515.0
2018-04-14 19:00:00,3642.0
2018-04-14 20:00:00,3305.0
2018-04-14 21:00:00,3135.0
2018-04-14 22:00:00,3182.0
2018-04-14 23:00:00,3383.0
2018-04-15 00:00:00,3556.0
2018-04-15 01:00:00,3553.0
2018-04-15 02:00:00,3266.0
2018-04-15 03:00:00,3076.0
2018-04-15 04:00:00,2954.0
2018-04-15 05:00:00,2861.0
2018-04-15 06:00:00,2777.0
2018-04-15 07:00:00,2750.0
2018-04-15 08:00:00,2729.0
2018-04-15 09:00:00,2963.0
2018-04-15 10:00:00,3125.0
2018-04-15 11:00:00,3217.0
2018-04-15 12:00:00,3197.0
2018-04-15 13:00:00,3280.0
2018-04-15 14:00:00,3416.0
2018-04-15 15:00:00,3407.0
2018-04-15 16:00:00,3684.0
2018-04-15 17:00:00,3862.0
2018-04-15 18:00:00,3976.0
2018-04-15 19:00:00,3994.0
2018-04-15 20:00:00,4043.0
2018-04-15 21:00:00,3906.0
2018-04-15 22:00:00,3791.0
2018-04-15 23:00:00,3763.0
2018-04-16 00:00:00,3665.0
2018-04-16 01:00:00,3550.0
2018-04-16 02:00:00,3240.0
2018-04-16 03:00:00,3029.0
2018-04-16 04:00:00,2968.0
2018-04-16 05:00:00,2776.0
2018-04-16 06:00:00,2801.0
2018-04-16 07:00:00,2750.0
2018-04-16 08:00:00,2697.0
2018-04-16 09:00:00,2920.0
2018-04-16 10:00:00,3118.0
2018-04-16 11:00:00,3177.0
2018-04-16 12:00:00,3242.0
2018-04-16 13:00:00,3474.0
2018-04-16 14:00:00,3488.0
2018-04-16 15:00:00,3270.0
2018-04-16 16:00:00,3553.0
2018-04-16 17:00:00,3709.0
2018-04-16 18:00:00,3866.0
2018-04-16 19:00:00,3688.0
2018-04-16 20:00:00,3706.0
2018-04-16 21:00:00,3453.0
2018-04-16 22:00:00,3297.0
2018-04-16 23:00:00,3516.0
2018-04-17 00:00:00,3414.0
2018-04-17 01:00:00,3221.0
2018-04-17 02:00:00,3052.0
2018-04-17 03:00:00,2933.0
2018-04-17 04:00:00,2777.0
2018-04-17 05:00:00,2611.0
2018-04-17 06:00:00,2588.0
2018-04-17 07:00:00,2678.0
2018-04-17 08:00:00,2494.0
2018-04-17 09:00:00,2799.0
2018-04-17 10:00:00,3098.0
2018-04-17 11:00:00,3270.0
2018-04-17 12:00:00,3435.0
2018-04-17 13:00:00,3643.0
2018-04-17 14:00:00,3830.0
2018-04-17 15:00:00,3686.0
2018-04-17 16:00:00,3792.0
2018-04-17 17:00:00,3953.0
2018-04-17 18:00:00,4029.0
2018-04-17 19:00:00,4112.0
2018-04-17 20:00:00,4166.0
2018-04-17 21:00:00,4050.0
2018-04-17 22:00:00,3675.0
2018-04-17 23:00:00,3775.0
2018-04-18 00:00:00,3713.0
2018-04-18 01:00:00,3660.0
2018-04-18 02:00:00,3422.0
2018-04-18 03:00:00,3198.0
2018-04-18 04:00:00,3115.0
2018-04-18 05:00:00,3014.0
2018-04-18 06:00:00,2978.0
2018-04-18 07:00:00,2955.0
2018-04-18 08:00:00,2883.0
2018-04-18 09:00:00,3153.0
2018-04-18 10:00:00,3313.0
2018-04-18 11:00:00,3468.0
2018-04-18 12:00:00,3493.0
2018-04-18 13:00:00,3532.0
2018-04-18 14:00:00,3744.0
2018-04-18 15:00:00,3557.0
2018-04-18 16:00:00,3615.0
2018-04-18 17:00:00,3686.0
2018-04-18 18:00:00,3640.0
2018-04-18 19:00:00,3737.0
2018-04-18 20:00:00,3886.0
2018-04-18 21:00:00,3734.0
2018-04-18 22:00:00,3741.0
2018-04-18 23:00:00,3866.0
2018-04-19 00:00:00,3822.0
2018-04-19 01:00:00,3695.0
2018-04-19 02:00:00,3374.0
2018-04-19 03:00:00,3159.0
2018-04-19 04:00:00,3073.0
2018-04-19 05:00:00,2978.0
2018-04-19 06:00:00,2964.0
2018-04-19 07:00:00,2885.0
2018-04-19 08:00:00,2846.0
2018-04-19 09:00:00,3047.0
2018-04-19 10:00:00,3058.0
2018-04-19 11:00:00,3104.0
2018-04-19 12:00:00,2992.0
2018-04-19 13:00:00,3087.0
2018-04-19 14:00:00,3204.0
2018-04-19 15:00:00,3070.0
2018-04-19 16:00:00,3185.0
2018-04-19 17:00:00,3181.0
2018-04-19 18:00:00,3389.0
2018-04-19 19:00:00,3384.0
2018-04-19 20:00:00,3315.0
2018-04-19 21:00:00,3121.0
2018-04-19 22:00:00,3185.0
2018-04-19 23:00:00,3251.0
2018-04-20 00:00:00,3276.0
2018-04-20 01:00:00,3255.0
2018-04-20 02:00:00,3067.0
2018-04-20 03:00:00,2952.0
2018-04-20 04:00:00,2911.0
2018-04-20 05:00:00,2813.0
2018-04-20 06:00:00,2843.0
2018-04-20 07:00:00,2770.0
2018-04-20 08:00:00,2618.0
2018-04-20 09:00:00,2649.0
2018-04-20 10:00:00,2639.0
2018-04-20 11:00:00,2562.0
2018-04-20 12:00:00,2702.0
2018-04-20 13:00:00,2746.0
2018-04-20 14:00:00,2712.0
2018-04-20 15:00:00,2789.0
2018-04-20 16:00:00,2875.0
2018-04-20 17:00:00,2809.0
2018-04-20 18:00:00,2840.0
2018-04-20 19:00:00,2799.0
2018-04-20 20:00:00,2840.0
2018-04-20 21:00:00,2801.0
2018-04-20 22:00:00,2830.0
2018-04-20 23:00:00,2790.0
2018-04-21 00:00:00,2802.0
2018-04-21 01:00:00,2717.0
2018-04-21 02:00:00,2664.0
2018-04-21 03:00:00,2633.0
2018-04-21 04:00:00,2665.0
2018-04-21 05:00:00,2662.0
2018-04-21 06:00:00,2686.0
2018-04-21 07:00:00,2744.0
2018-04-21 08:00:00,2817.0
2018-04-21 09:00:00,3115.0
2018-04-21 10:00:00,3266.0
2018-04-21 11:00:00,3331.0
2018-04-21 12:00:00,3311.0
2018-04-21 13:00:00,3332.0
2018-04-21 14:00:00,3657.0
2018-04-21 15:00:00,3372.0
2018-04-21 16:00:00,3551.0
2018-04-21 17:00:00,3737.0
2018-04-21 18:00:00,3750.0
2018-04-21 19:00:00,3924.0
2018-04-21 20:00:00,3806.0
2018-04-21 21:00:00,3557.0
2018-04-21 22:00:00,3526.0
2018-04-21 23:00:00,3666.0
2018-04-22 00:00:00,3568.0
2018-04-22 01:00:00,3368.0
2018-04-22 02:00:00,3227.0
2018-04-22 03:00:00,3080.0
2018-04-22 04:00:00,3044.0
2018-04-22 05:00:00,2951.0
2018-04-22 06:00:00,2925.0
2018-04-22 07:00:00,2867.0
2018-04-22 08:00:00,2863.0
2018-04-22 09:00:00,3047.0
2018-04-22 10:00:00,3335.0
2018-04-22 11:00:00,3425.0
2018-04-22 12:00:00,3392.0
2018-04-22 13:00:00,3468.0
2018-04-22 14:00:00,3583.0
2018-04-22 15:00:00,3391.0
2018-04-22 16:00:00,3660.0
2018-04-22 17:00:00,3758.0
2018-04-22 18:00:00,3828.0
2018-04-22 19:00:00,3865.0
2018-04-22 20:00:00,3834.0
2018-04-22 21:00:00,3507.0
2018-04-22 22:00:00,3556.0
2018-04-22 23:00:00,3644.0
2018-04-23 00:00:00,3560.0
2018-04-23 01:00:00,3400.0
2018-04-23 02:00:00,3235.0
2018-04-23 03:00:00,3091.0
2018-04-23 04:00:00,2926.0
2018-04-23 05:00:00,2769.0
2018-04-23 06:00:00,2817.0
2018-04-23 07:00:00,2835.0
2018-04-23 08:00:00,2826.0
2018-04-23 09:00:00,2988.0
2018-04-23 10:00:00,3080.0
2018-04-23 11:00:00,3276.0
2018-04-23 12:00:00,3346.0
2018-04-23 13:00:00,3452.0
2018-04-23 14:00:00,3588.0
2018-04-23 15:00:00,3462.0
2018-04-23 16:00:00,3519.0
2018-04-23 17:00:00,3658.0
2018-04-23 18:00:00,3630.0
2018-04-23 19:00:00,3826.0
2018-04-23 20:00:00,3677.0
2018-04-23 21:00:00,3482.0
2018-04-23 22:00:00,3444.0
2018-04-23 23:00:00,3500.0
2018-04-24 00:00:00,3453.0
2018-04-24 01:00:00,3235.0
2018-04-24 02:00:00,3096.0
2018-04-24 03:00:00,2980.0
2018-04-24 04:00:00,2930.0
2018-04-24 05:00:00,2887.0
2018-04-24 06:00:00,2969.0
2018-04-24 07:00:00,3030.0
2018-04-24 08:00:00,3037.0
2018-04-24 09:00:00,3230.0
2018-04-24 10:00:00,3561.0
2018-04-24 11:00:00,3599.0
2018-04-24 12:00:00,3639.0
2018-04-24 13:00:00,3687.0
2018-04-24 14:00:00,3722.0
2018-04-24 15:00:00,3588.0
2018-04-24 16:00:00,3674.0
2018-04-24 17:00:00,3746.0
2018-04-24 18:00:00,3822.0
2018-04-24 19:00:00,3851.0
2018-04-24 20:00:00,3780.0
2018-04-24 21:00:00,3604.0
2018-04-24 22:00:00,3550.0
2018-04-24 23:00:00,3696.0
2018-04-25 00:00:00,3622.0
2018-04-25 01:00:00,3519.0
2018-04-25 02:00:00,3424.0
2018-04-25 03:00:00,3302.0
2018-04-25 04:00:00,3214.0
2018-04-25 05:00:00,3185.0
2018-04-25 06:00:00,3085.0
2018-04-25 07:00:00,3046.0
2018-04-25 08:00:00,2953.0
2018-04-25 09:00:00,3169.0
2018-04-25 10:00:00,3349.0
2018-04-25 11:00:00,3475.0
2018-04-25 12:00:00,3517.0
2018-04-25 13:00:00,3614.0
2018-04-25 14:00:00,3669.0
2018-04-25 15:00:00,3507.0
2018-04-25 16:00:00,3541.0
2018-04-25 17:00:00,3551.0
2018-04-25 18:00:00,3605.0
2018-04-25 19:00:00,3570.0
2018-04-25 20:00:00,3471.0
2018-04-25 21:00:00,3133.0
2018-04-25 22:00:00,3185.0
2018-04-25 23:00:00,3133.0
2018-04-26 00:00:00,3166.0
2018-04-26 01:00:00,3353.0
2018-04-26 02:00:00,3074.0
2018-04-26 03:00:00,2962.0
2018-04-26 04:00:00,2942.0
2018-04-26 05:00:00,2828.0
2018-04-26 06:00:00,2798.0
2018-04-26 07:00:00,2773.0
2018-04-26 08:00:00,2739.0
2018-04-26 09:00:00,2828.0
2018-04-26 10:00:00,2786.0
2018-04-26 11:00:00,2832.0
2018-04-26 12:00:00,2753.0
2018-04-26 13:00:00,2806.0
2018-04-26 14:00:00,2891.0
2018-04-26 15:00:00,2796.0
2018-04-26 16:00:00,2970.0
2018-04-26 17:00:00,3210.0
2018-04-26 18:00:00,3230.0
2018-04-26 19:00:00,3043.0
2018-04-26 20:00:00,3106.0
2018-04-26 21:00:00,3022.0
2018-04-26 22:00:00,2998.0
2018-04-26 23:00:00,3134.0
2018-04-27 00:00:00,3142.0
2018-04-27 01:00:00,3116.0
2018-04-27 02:00:00,3041.0
2018-04-27 03:00:00,5653.0
2018-04-27 04:00:00,2655.0
2018-04-27 05:00:00,2540.0
2018-04-27 06:00:00,2616.0
2018-04-27 07:00:00,2554.0
2018-04-27 08:00:00,2528.0
2018-04-27 09:00:00,2410.0
2018-04-27 10:00:00,2492.0
2018-04-27 11:00:00,2500.0
2018-04-27 12:00:00,2614.0
2018-04-27 13:00:00,2732.0
2018-04-27 14:00:00,2634.0
2018-04-27 15:00:00,2671.0
2018-04-27 16:00:00,2792.0
2018-04-27 17:00:00,2855.0
2018-04-27 18:00:00,2717.0
2018-04-27 19:00:00,2683.0
2018-04-27 20:00:00,2602.0
2018-04-27 21:00:00,2595.0
2018-04-27 22:00:00,2523.0
2018-04-27 23:00:00,2620.0
2018-04-28 00:00:00,2632.0
2018-04-28 01:00:00,2545.0
2018-04-28 02:00:00,2418.0
2018-04-28 03:00:00,2458.0
2018-04-28 04:00:00,2516.0
2018-04-28 05:00:00,2489.0
2018-04-28 06:00:00,2482.0
2018-04-28 07:00:00,2624.0
2018-04-28 08:00:00,2610.0
2018-04-28 09:00:00,2721.0
2018-04-28 10:00:00,2888.0
2018-04-28 11:00:00,3158.0
2018-04-28 12:00:00,3232.0
2018-04-28 13:00:00,3427.0
2018-04-28 14:00:00,3351.0
2018-04-28 15:00:00,3298.0
2018-04-28 16:00:00,3369.0
2018-04-28 17:00:00,3370.0
2018-04-28 18:00:00,3214.0
2018-04-28 19:00:00,3310.0
2018-04-28 20:00:00,3186.0
2018-04-28 21:00:00,3164.0
2018-04-28 22:00:00,2983.0
2018-04-28 23:00:00,3189.0
2018-04-29 00:00:00,3216.0
2018-04-29 01:00:00,3069.0
2018-04-29 02:00:00,2958.0
2018-04-29 03:00:00,2816.0
2018-04-29 04:00:00,2694.0
2018-04-29 05:00:00,2661.0
2018-04-29 06:00:00,2626.0
2018-04-29 07:00:00,2617.0
2018-04-29 08:00:00,2827.0
2018-04-29 09:00:00,2733.0
2018-04-29 10:00:00,2909.0
2018-04-29 11:00:00,3055.0
2018-04-29 12:00:00,3151.0
2018-04-29 13:00:00,3240.0
2018-04-29 14:00:00,3361.0
2018-04-29 15:00:00,3351.0
2018-04-29 16:00:00,3316.0
2018-04-29 17:00:00,3387.0
2018-04-29 18:00:00,3416.0
2018-04-29 19:00:00,3564.0
2018-04-29 20:00:00,3360.0
2018-04-29 21:00:00,3238.0
2018-04-29 22:00:00,3203.0
2018-04-29 23:00:00,3328.0
2018-04-30 00:00:00,3352.0
2018-04-30 01:00:00,3209.0
2018-04-30 02:00:00,2998.0
2018-04-30 03:00:00,2907.0
2018-04-30 04:00:00,2758.0
2018-04-30 05:00:00,2733.0
2018-04-30 06:00:00,2703.0
2018-04-30 07:00:00,2680.0
2018-04-30 08:00:00,2703.0
2018-04-30 09:00:00,2717.0
2018-04-30 10:00:00,2901.0
2018-04-30 11:00:00,3086.0
2018-04-30 12:00:00,3185.0
2018-04-30 13:00:00,3121.0
2018-04-30 14:00:00,3406.0
2018-04-30 15:00:00,3265.0
2018-04-30 16:00:00,3210.0
2018-04-30 17:00:00,3297.0
2018-04-30 18:00:00,3359.0
2018-04-30 19:00:00,3444.0
2018-04-30 20:00:00,3251.0
2018-04-30 21:00:00,3186.0
2018-04-30 22:00:00,3076.0
2018-04-30 23:00:00,3111.0
2018-05-01 00:00:00,3158.0
2018-05-01 01:00:00,2957.0
2018-05-01 02:00:00,2789.0
2018-05-01 03:00:00,2609.0
2018-05-01 04:00:00,2664.0
2018-05-01 05:00:00,2637.0
2018-05-01 06:00:00,2650.0
2018-05-01 07:00:00,2578.0
2018-05-01 08:00:00,2296.0
2018-05-01 09:00:00,2543.0
2018-05-01 10:00:00,2948.0
2018-05-01 11:00:00,3140.0
2018-05-01 12:00:00,3218.0
2018-05-01 13:00:00,3522.0
2018-05-01 14:00:00,3534.0
2018-05-01 15:00:00,3504.0
2018-05-01 16:00:00,3539.0
2018-05-01 17:00:00,3769.0
2018-05-01 18:00:00,3688.0
2018-05-01 19:00:00,3741.0
2018-05-01 20:00:00,3561.0
2018-05-01 21:00:00,3339.0
2018-05-01 22:00:00,3294.0
2018-05-01 23:00:00,3368.0
2018-05-02 00:00:00,3364.0
2018-05-02 01:00:00,3179.0
2018-05-02 02:00:00,2954.0
2018-05-02 03:00:00,2829.0
2018-05-02 04:00:00,2800.0
2018-05-02 05:00:00,2751.0
2018-05-02 06:00:00,2545.0
2018-05-02 07:00:00,2535.0
2018-05-02 08:00:00,2606.0
2018-05-02 09:00:00,2726.0
2018-05-02 10:00:00,3048.0
2018-05-02 11:00:00,3407.0
2018-05-02 12:00:00,3418.0
2018-05-02 13:00:00,3504.0
2018-05-02 14:00:00,3541.0
2018-05-02 15:00:00,3396.0
2018-05-02 16:00:00,3448.0
2018-05-02 17:00:00,3488.0
2018-05-02 18:00:00,3524.0
2018-05-02 19:00:00,3644.0
2018-05-02 20:00:00,3516.0
2018-05-02 21:00:00,3336.0
2018-05-02 22:00:00,3326.0
2018-05-02 23:00:00,3521.0
2018-05-03 00:00:00,3456.0
2018-05-03 01:00:00,3334.0
2018-05-03 02:00:00,3078.0
2018-05-03 03:00:00,2939.0
2018-05-03 04:00:00,2987.0
2018-05-03 05:00:00,2967.0
2018-05-03 06:00:00,2969.0
2018-05-03 07:00:00,2961.0
2018-05-03 08:00:00,3014.0
2018-05-03 09:00:00,3049.0
2018-05-03 10:00:00,2882.0
2018-05-03 11:00:00,3038.0
2018-05-03 12:00:00,3033.0
2018-05-03 13:00:00,3096.0
2018-05-03 14:00:00,3202.0
2018-05-03 15:00:00,3172.0
2018-05-03 16:00:00,3143.0
2018-05-03 17:00:00,3177.0
2018-05-03 18:00:00,3210.0
2018-05-03 19:00:00,3160.0
2018-05-03 20:00:00,3070.0
2018-05-03 21:00:00,3078.0
2018-05-03 22:00:00,3095.0
2018-05-03 23:00:00,3235.0
2018-05-04 00:00:00,3256.0
2018-05-04 01:00:00,3128.0
2018-05-04 02:00:00,3006.0
2018-05-04 03:00:00,2904.0
2018-05-04 04:00:00,2953.0
2018-05-04 05:00:00,2751.0
2018-05-04 06:00:00,2733.0
2018-05-04 07:00:00,2626.0
2018-05-04 08:00:00,2709.0
2018-05-04 09:00:00,2627.0
2018-05-04 10:00:00,2556.0
2018-05-04 11:00:00,2561.0
2018-05-04 12:00:00,2566.0
2018-05-04 13:00:00,2618.0
2018-05-04 14:00:00,2618.0
2018-05-04 15:00:00,2647.0
2018-05-04 16:00:00,2689.0
2018-05-04 17:00:00,2674.0
2018-05-04 18:00:00,2650.0
2018-05-04 19:00:00,2676.0
2018-05-04 20:00:00,2640.0
2018-05-04 21:00:00,2631.0
2018-05-04 22:00:00,2669.0
2018-05-04 23:00:00,2687.0
2018-05-05 00:00:00,2678.0
2018-05-05 01:00:00,2570.0
2018-05-05 02:00:00,2500.0
2018-05-05 03:00:00,2494.0
2018-05-05 04:00:00,2498.0
2018-05-05 05:00:00,2507.0
2018-05-05 06:00:00,2498.0
2018-05-05 07:00:00,2552.0
2018-05-05 08:00:00,2756.0
2018-05-05 09:00:00,2792.0
2018-05-05 10:00:00,2960.0
2018-05-05 11:00:00,3284.0
2018-05-05 12:00:00,3639.0
2018-05-05 13:00:00,3697.0
2018-05-05 14:00:00,3656.0
2018-05-05 15:00:00,3517.0
2018-05-05 16:00:00,3532.0
2018-05-05 17:00:00,3588.0
2018-05-05 18:00:00,3599.0
2018-05-05 19:00:00,3499.0
2018-05-05 20:00:00,3432.0
2018-05-05 21:00:00,3256.0
2018-05-05 22:00:00,3188.0
2018-05-05 23:00:00,3298.0
2018-05-06 00:00:00,3411.0
2018-05-06 01:00:00,3250.0
2018-05-06 02:00:00,3111.0
2018-05-06 03:00:00,3033.0
2018-05-06 04:00:00,2958.0
2018-05-06 05:00:00,2877.0
2018-05-06 06:00:00,2843.0
2018-05-06 07:00:00,2842.0
2018-05-06 08:00:00,2953.0
2018-05-06 09:00:00,2940.0
2018-05-06 10:00:00,3288.0
2018-05-06 11:00:00,3399.0
2018-05-06 12:00:00,3518.0
2018-05-06 13:00:00,3576.0
2018-05-06 14:00:00,3660.0
2018-05-06 15:00:00,3452.0
2018-05-06 16:00:00,3550.0
2018-05-06 17:00:00,3610.0
2018-05-06 18:00:00,3600.0
2018-05-06 19:00:00,3619.0
2018-05-06 20:00:00,3530.0
2018-05-06 21:00:00,3384.0
2018-05-06 22:00:00,3270.0
2018-05-06 23:00:00,3414.0
2018-05-07 00:00:00,3430.0
2018-05-07 01:00:00,3283.0
2018-05-07 02:00:00,3056.0
2018-05-07 03:00:00,3008.0
2018-05-07 04:00:00,2862.0
2018-05-07 05:00:00,2793.0
2018-05-07 06:00:00,2795.0
2018-05-07 07:00:00,2800.0
2018-05-07 08:00:00,2906.0
2018-05-07 09:00:00,2819.0
2018-05-07 10:00:00,3059.0
2018-05-07 11:00:00,3304.0
2018-05-07 12:00:00,3257.0
2018-05-07 13:00:00,3327.0
2018-05-07 14:00:00,3505.0
2018-05-07 15:00:00,3294.0
2018-05-07 16:00:00,3363.0
2018-05-07 17:00:00,3510.0
2018-05-07 18:00:00,3465.0
2018-05-07 19:00:00,3511.0
2018-05-07 20:00:00,3412.0
2018-05-07 21:00:00,3221.0
2018-05-07 22:00:00,3112.0
2018-05-07 23:00:00,3173.0
2018-05-08 00:00:00,3218.0
2018-05-08 01:00:00,2950.0
2018-05-08 02:00:00,2839.0
2018-05-08 03:00:00,2773.0
2018-05-08 04:00:00,2802.0
2018-05-08 05:00:00,2749.0
2018-05-08 06:00:00,2747.0
2018-05-08 07:00:00,2657.0
2018-05-08 08:00:00,2866.0
2018-05-08 09:00:00,2924.0
2018-05-08 10:00:00,3211.0
2018-05-08 11:00:00,3374.0
2018-05-08 12:00:00,3572.0
2018-05-08 13:00:00,3776.0
2018-05-08 14:00:00,3734.0
2018-05-08 15:00:00,3518.0
2018-05-08 16:00:00,3641.0
2018-05-08 17:00:00,3628.0
2018-05-08 18:00:00,3615.0
2018-05-08 19:00:00,3604.0
2018-05-08 20:00:00,3636.0
2018-05-08 21:00:00,3655.0
2018-05-08 22:00:00,3685.0
2018-05-08 23:00:00,3552.0
2018-05-09 00:00:00,3410.0
2018-05-09 01:00:00,2992.0
2018-05-09 02:00:00,2938.0
2018-05-09 03:00:00,2899.0
2018-05-09 04:00:00,2946.0
2018-05-09 05:00:00,2894.0
2018-05-09 06:00:00,2855.0
2018-05-09 07:00:00,2877.0
2018-05-09 08:00:00,2973.0
2018-05-09 09:00:00,3072.0
2018-05-09 10:00:00,3225.0
2018-05-09 11:00:00,3467.0
2018-05-09 12:00:00,3510.0
2018-05-09 13:00:00,3533.0
2018-05-09 14:00:00,3657.0
2018-05-09 15:00:00,3573.0
2018-05-09 16:00:00,3598.0
2018-05-09 17:00:00,3613.0
2018-05-09 18:00:00,3748.0
2018-05-09 19:00:00,3855.0
2018-05-09 20:00:00,3622.0
2018-05-09 21:00:00,3428.0
2018-05-09 22:00:00,3186.0
2018-05-09 23:00:00,3201.0
2018-05-10 00:00:00,3098.0
2018-05-10 01:00:00,2880.0
2018-05-10 02:00:00,2800.0
2018-05-10 03:00:00,2781.0
2018-05-10 04:00:00,2747.0
2018-05-10 05:00:00,2726.0
2018-05-10 06:00:00,2698.0
2018-05-10 07:00:00,2701.0
2018-05-10 08:00:00,2863.0
2018-05-10 09:00:00,2850.0
2018-05-10 10:00:00,2901.0
2018-05-10 11:00:00,2943.0
2018-05-10 12:00:00,3032.0
2018-05-10 13:00:00,2973.0
2018-05-10 14:00:00,2995.0
2018-05-10 15:00:00,2872.0
2018-05-10 16:00:00,2942.0
2018-05-10 17:00:00,2939.0
2018-05-10 18:00:00,2897.0
2018-05-10 19:00:00,2870.0
2018-05-10 20:00:00,2902.0
2018-05-10 21:00:00,2895.0
2018-05-10 22:00:00,2928.0
2018-05-10 23:00:00,3075.0
2018-05-11 00:00:00,3030.0
2018-05-11 01:00:00,2993.0
2018-05-11 02:00:00,2860.0
2018-05-11 03:00:00,2837.0
2018-05-11 04:00:00,2800.0
2018-05-11 05:00:00,2668.0
2018-05-11 06:00:00,2620.0
2018-05-11 07:00:00,2647.0
2018-05-11 08:00:00,2695.0
2018-05-11 09:00:00,2594.0
2018-05-11 10:00:00,2504.0
2018-05-11 11:00:00,2517.0
2018-05-11 12:00:00,2613.0
2018-05-11 13:00:00,2600.0
2018-05-11 14:00:00,2595.0
2018-05-11 15:00:00,2615.0
2018-05-11 16:00:00,2653.0
2018-05-11 17:00:00,2634.0
2018-05-11 18:00:00,2584.0
2018-05-11 19:00:00,2574.0
2018-05-11 20:00:00,2610.0
2018-05-11 21:00:00,2608.0
2018-05-11 22:00:00,2613.0
2018-05-11 23:00:00,2646.0
2018-05-12 00:00:00,2677.0
2018-05-12 01:00:00,2547.0
2018-05-12 02:00:00,2483.0
2018-05-12 03:00:00,2496.0
2018-05-12 04:00:00,2480.0
2018-05-12 05:00:00,2509.0
2018-05-12 06:00:00,2488.0
2018-05-12 07:00:00,2464.0
2018-05-12 08:00:00,2597.0
2018-05-12 09:00:00,2719.0
2018-05-12 10:00:00,2879.0
2018-05-12 11:00:00,3031.0
2018-05-12 12:00:00,3301.0
2018-05-12 13:00:00,3436.0
2018-05-12 14:00:00,3553.0
2018-05-12 15:00:00,3441.0
2018-05-12 16:00:00,3706.0
2018-05-12 17:00:00,3673.0
2018-05-12 18:00:00,3722.0
2018-05-12 19:00:00,3582.0
2018-05-12 20:00:00,3355.0
2018-05-12 21:00:00,3237.0
2018-05-12 22:00:00,3103.0
2018-05-12 23:00:00,3204.0
2018-05-13 00:00:00,3197.0
2018-05-13 01:00:00,3048.0
2018-05-13 02:00:00,2862.0
2018-05-13 03:00:00,2866.0
2018-05-13 04:00:00,2778.0
2018-05-13 05:00:00,2678.0
2018-05-13 06:00:00,2619.0
2018-05-13 07:00:00,2585.0
2018-05-13 08:00:00,2710.0
2018-05-13 09:00:00,2799.0
2018-05-13 10:00:00,3176.0
2018-05-13 11:00:00,3323.0
2018-05-13 12:00:00,3449.0
2018-05-13 13:00:00,3674.0
2018-05-13 14:00:00,3752.0
2018-05-13 15:00:00,3698.0
2018-05-13 16:00:00,3776.0
2018-05-13 17:00:00,3832.0
2018-05-13 18:00:00,3752.0
2018-05-13 19:00:00,3624.0
2018-05-13 20:00:00,3503.0
2018-05-13 21:00:00,3214.0
2018-05-13 22:00:00,3138.0
2018-05-13 23:00:00,3261.0
2018-05-14 00:00:00,3311.0
2018-05-14 01:00:00,3162.0
2018-05-14 02:00:00,2974.0
2018-05-14 03:00:00,2853.0
2018-05-14 04:00:00,2800.0
2018-05-14 05:00:00,2684.0
2018-05-14 06:00:00,2695.0
2018-05-14 07:00:00,2631.0
2018-05-14 08:00:00,2785.0
2018-05-14 09:00:00,2789.0
2018-05-14 10:00:00,2967.0
2018-05-14 11:00:00,3271.0
2018-05-14 12:00:00,3437.0
2018-05-14 13:00:00,3710.0
2018-05-14 14:00:00,3826.0
2018-05-14 15:00:00,3598.0
2018-05-14 16:00:00,3607.0
2018-05-14 17:00:00,3792.0
2018-05-14 18:00:00,3752.0
2018-05-14 19:00:00,3604.0
2018-05-14 20:00:00,3366.0
2018-05-14 21:00:00,3280.0
2018-05-14 22:00:00,3206.0
2018-05-14 23:00:00,3292.0
2018-05-15 00:00:00,3183.0
2018-05-15 01:00:00,3017.0
2018-05-15 02:00:00,2866.0
2018-05-15 03:00:00,2837.0
2018-05-15 04:00:00,2792.0
2018-05-15 05:00:00,2729.0
2018-05-15 06:00:00,2734.0
2018-05-15 07:00:00,2689.0
2018-05-15 08:00:00,2836.0
2018-05-15 09:00:00,2896.0
2018-05-15 10:00:00,3085.0
2018-05-15 11:00:00,3319.0
2018-05-15 12:00:00,3397.0
2018-05-15 13:00:00,3511.0
2018-05-15 14:00:00,3529.0
2018-05-15 15:00:00,3461.0
2018-05-15 16:00:00,3613.0
2018-05-15 17:00:00,3635.0
2018-05-15 18:00:00,3581.0
2018-05-15 19:00:00,3515.0
2018-05-15 20:00:00,3306.0
2018-05-15 21:00:00,3151.0
2018-05-15 22:00:00,3064.0
2018-05-15 23:00:00,3234.0
2018-05-16 00:00:00,3316.0
2018-05-16 01:00:00,3125.0
2018-05-16 02:00:00,2935.0
2018-05-16 03:00:00,2873.0
2018-05-16 04:00:00,2775.0
2018-05-16 05:00:00,2709.0
2018-05-16 06:00:00,2687.0
2018-05-16 07:00:00,2679.0
2018-05-16 08:00:00,2700.0
2018-05-16 09:00:00,2827.0
2018-05-16 10:00:00,3136.0
2018-05-16 11:00:00,3303.0
2018-05-16 12:00:00,3430.0
2018-05-16 13:00:00,3469.0
2018-05-16 14:00:00,3542.0
2018-05-16 15:00:00,3472.0
2018-05-16 16:00:00,3469.0
2018-05-16 17:00:00,3506.0
2018-05-16 18:00:00,3506.0
2018-05-16 19:00:00,3497.0
2018-05-16 20:00:00,3264.0
2018-05-16 21:00:00,3269.0
2018-05-16 22:00:00,3067.0
2018-05-16 23:00:00,3235.0
2018-05-17 00:00:00,3208.0
2018-05-17 01:00:00,2961.0
2018-05-17 02:00:00,2749.0
2018-05-17 03:00:00,2689.0
2018-05-17 04:00:00,2644.0
2018-05-17 05:00:00,2574.0
2018-05-17 06:00:00,2481.0
2018-05-17 07:00:00,2495.0
2018-05-17 08:00:00,2556.0
2018-05-17 09:00:00,2606.0
2018-05-17 10:00:00,2622.0
2018-05-17 11:00:00,2604.0
2018-05-17 12:00:00,2558.0
2018-05-17 13:00:00,2548.0
2018-05-17 14:00:00,2588.0
2018-05-17 15:00:00,2533.0
2018-05-17 16:00:00,2579.0
2018-05-17 17:00:00,2685.0
2018-05-17 18:00:00,2740.0
2018-05-17 19:00:00,2685.0
2018-05-17 20:00:00,2731.0
2018-05-17 21:00:00,2693.0
2018-05-17 22:00:00,2617.0
2018-05-17 23:00:00,2827.0
2018-05-18 00:00:00,2831.0
2018-05-18 01:00:00,2831.0
2018-05-18 02:00:00,2719.0
2018-05-18 03:00:00,2652.0
2018-05-18 04:00:00,2560.0
2018-05-18 05:00:00,2424.0
2018-05-18 06:00:00,2464.0
2018-05-18 07:00:00,2453.0
2018-05-18 08:00:00,2488.0
2018-05-18 09:00:00,2463.0
2018-05-18 10:00:00,2450.0
2018-05-18 11:00:00,2390.0
2018-05-18 12:00:00,2423.0
2018-05-18 13:00:00,2465.0
2018-05-18 14:00:00,2482.0
2018-05-18 15:00:00,2498.0
2018-05-18 16:00:00,2546.0
2018-05-18 17:00:00,2506.0
2018-05-18 18:00:00,2491.0
2018-05-18 19:00:00,2528.0
2018-05-18 20:00:00,2487.0
2018-05-18 21:00:00,2563.0
2018-05-18 22:00:00,2520.0
2018-05-18 23:00:00,2512.0
2018-05-19 00:00:00,2560.0
2018-05-19 01:00:00,2443.0
2018-05-19 02:00:00,2376.0
2018-05-19 03:00:00,2400.0
2018-05-19 04:00:00,2385.0
2018-05-19 05:00:00,2358.0
2018-05-19 06:00:00,2381.0
2018-05-19 07:00:00,2417.0
2018-05-19 08:00:00,2517.0
2018-05-19 09:00:00,2651.0
2018-05-19 10:00:00,2814.0
2018-05-19 11:00:00,3047.0
2018-05-19 12:00:00,3202.0
2018-05-19 13:00:00,3258.0
2018-05-19 14:00:00,3377.0
2018-05-19 15:00:00,3322.0
2018-05-19 16:00:00,3339.0
2018-05-19 17:00:00,3377.0
2018-05-19 18:00:00,3376.0
2018-05-19 19:00:00,3404.0
2018-05-19 20:00:00,3199.0
2018-05-19 21:00:00,3127.0
2018-05-19 22:00:00,2991.0
2018-05-19 23:00:00,3123.0
2018-05-20 00:00:00,3178.0
2018-05-20 01:00:00,3010.0
2018-05-20 02:00:00,2890.0
2018-05-20 03:00:00,2812.0
2018-05-20 04:00:00,2823.0
2018-05-20 05:00:00,2761.0
2018-05-20 06:00:00,2701.0
2018-05-20 07:00:00,2650.0
2018-05-20 08:00:00,2746.0
2018-05-20 09:00:00,2809.0
2018-05-20 10:00:00,3076.0
2018-05-20 11:00:00,3196.0
2018-05-20 12:00:00,3303.0
2018-05-20 13:00:00,3459.0
2018-05-20 14:00:00,3488.0
2018-05-20 15:00:00,3430.0
2018-05-20 16:00:00,3484.0
2018-05-20 17:00:00,3474.0
2018-05-20 18:00:00,3525.0
2018-05-20 19:00:00,3492.0
2018-05-20 20:00:00,3367.0
2018-05-20 21:00:00,3218.0
2018-05-20 22:00:00,3056.0
2018-05-20 23:00:00,3298.0
2018-05-21 00:00:00,3238.0
2018-05-21 01:00:00,2936.0
2018-05-21 02:00:00,2850.0
2018-05-21 03:00:00,2790.0
2018-05-21 04:00:00,2710.0
2018-05-21 05:00:00,2693.0
2018-05-21 06:00:00,2592.0
2018-05-21 07:00:00,2586.0
2018-05-21 08:00:00,2749.0
2018-05-21 09:00:00,2711.0
2018-05-21 10:00:00,2904.0
2018-05-21 11:00:00,3190.0
2018-05-21 12:00:00,3287.0
2018-05-21 13:00:00,3336.0
2018-05-21 14:00:00,3347.0
2018-05-21 15:00:00,3317.0
2018-05-21 16:00:00,3368.0
2018-05-21 17:00:00,3350.0
2018-05-21 18:00:00,3283.0
2018-05-21 19:00:00,3233.0
2018-05-21 20:00:00,3196.0
2018-05-21 21:00:00,3124.0
2018-05-21 22:00:00,3043.0
2018-05-21 23:00:00,3083.0
2018-05-22 00:00:00,2987.0
2018-05-22 01:00:00,2786.0
2018-05-22 02:00:00,2582.0
2018-05-22 03:00:00,2506.0
2018-05-22 04:00:00,2533.0
2018-05-22 05:00:00,2509.0
2018-05-22 06:00:00,2507.0
2018-05-22 07:00:00,2418.0
2018-05-22 08:00:00,2724.0
2018-05-22 09:00:00,2731.0
2018-05-22 10:00:00,2947.0
2018-05-22 11:00:00,3237.0
2018-05-22 12:00:00,3375.0
2018-05-22 13:00:00,3451.0
2018-05-22 14:00:00,3505.0
2018-05-22 15:00:00,3441.0
2018-05-22 16:00:00,3389.0
2018-05-22 17:00:00,3431.0
2018-05-22 18:00:00,3442.0
2018-05-22 19:00:00,3420.0
2018-05-22 20:00:00,3227.0
2018-05-22 21:00:00,3011.0
2018-05-22 22:00:00,3089.0
2018-05-22 23:00:00,3193.0
2018-05-23 00:00:00,3229.0
2018-05-23 01:00:00,3099.0
2018-05-23 02:00:00,2917.0
2018-05-23 03:00:00,2861.0
2018-05-23 04:00:00,2784.0
2018-05-23 05:00:00,2769.0
2018-05-23 06:00:00,2710.0
2018-05-23 07:00:00,2635.0
2018-05-23 08:00:00,2840.0
2018-05-23 09:00:00,2927.0
2018-05-23 10:00:00,3149.0
2018-05-23 11:00:00,3402.0
2018-05-23 12:00:00,3510.0
2018-05-23 13:00:00,3619.0
2018-05-23 14:00:00,3702.0
2018-05-23 15:00:00,3370.0
2018-05-23 16:00:00,3606.0
2018-05-23 17:00:00,3574.0
2018-05-23 18:00:00,3509.0
2018-05-23 19:00:00,3491.0
2018-05-23 20:00:00,3370.0
2018-05-23 21:00:00,3318.0
2018-05-23 22:00:00,3169.0
2018-05-23 23:00:00,3289.0
2018-05-24 00:00:00,3293.0
2018-05-24 01:00:00,3038.0
2018-05-24 02:00:00,2779.0
2018-05-24 03:00:00,2744.0
2018-05-24 04:00:00,2765.0
2018-05-24 05:00:00,2714.0
2018-05-24 06:00:00,2788.0
2018-05-24 07:00:00,2676.0
2018-05-24 08:00:00,2739.0
2018-05-24 09:00:00,2778.0
2018-05-24 10:00:00,2859.0
2018-05-24 11:00:00,2685.0
2018-05-24 12:00:00,2722.0
2018-05-24 13:00:00,2838.0
2018-05-24 14:00:00,2807.0
2018-05-24 15:00:00,2692.0
2018-05-24 16:00:00,2751.0
2018-05-24 17:00:00,2820.0
2018-05-24 18:00:00,2750.0
2018-05-24 19:00:00,2698.0
2018-05-24 20:00:00,2709.0
2018-05-24 21:00:00,2758.0
2018-05-24 22:00:00,2788.0
2018-05-24 23:00:00,2960.0
2018-05-25 00:00:00,2953.0
2018-05-25 01:00:00,2923.0
2018-05-25 02:00:00,2815.0
2018-05-25 03:00:00,2786.0
2018-05-25 04:00:00,2776.0
2018-05-25 05:00:00,2637.0
2018-05-25 06:00:00,2708.0
2018-05-25 07:00:00,2631.0
2018-05-25 08:00:00,2660.0
2018-05-25 09:00:00,2543.0
2018-05-25 10:00:00,2409.0
2018-05-25 11:00:00,2377.0
2018-05-25 12:00:00,2409.0
2018-05-25 13:00:00,2456.0
2018-05-25 14:00:00,2430.0
2018-05-25 15:00:00,2463.0
2018-05-25 16:00:00,2437.0
2018-05-25 17:00:00,2391.0
2018-05-25 18:00:00,2546.0
2018-05-25 19:00:00,2592.0
2018-05-25 20:00:00,2533.0
2018-05-25 21:00:00,2536.0
2018-05-25 22:00:00,2512.0
2018-05-25 23:00:00,2591.0
2018-05-26 00:00:00,2595.0
2018-05-26 01:00:00,2504.0
2018-05-26 02:00:00,2411.0
2018-05-26 03:00:00,2438.0
2018-05-26 04:00:00,2408.0
2018-05-26 05:00:00,2405.0
2018-05-26 06:00:00,2447.0
2018-05-26 07:00:00,2420.0
2018-05-26 08:00:00,2608.0
2018-05-26 09:00:00,2850.0
2018-05-26 10:00:00,3118.0
2018-05-26 11:00:00,3325.0
2018-05-26 12:00:00,3402.0
2018-05-26 13:00:00,3441.0
2018-05-26 14:00:00,3542.0
2018-05-26 15:00:00,3465.0
2018-05-26 16:00:00,3516.0
2018-05-26 17:00:00,3445.0
2018-05-26 18:00:00,3411.0
2018-05-26 19:00:00,3367.0
2018-05-26 20:00:00,3253.0
2018-05-26 21:00:00,3123.0
2018-05-26 22:00:00,2985.0
2018-05-26 23:00:00,3186.0
2018-05-27 00:00:00,3197.0
2018-05-27 01:00:00,3054.0
2018-05-27 02:00:00,2834.0
2018-05-27 03:00:00,2803.0
2018-05-27 04:00:00,2771.0
2018-05-27 05:00:00,2744.0
2018-05-27 06:00:00,2709.0
2018-05-27 07:00:00,2604.0
2018-05-27 08:00:00,2807.0
2018-05-27 09:00:00,2826.0
2018-05-27 10:00:00,3042.0
2018-05-27 11:00:00,3317.0
2018-05-27 12:00:00,3406.0
2018-05-27 13:00:00,3416.0
2018-05-27 14:00:00,3460.0
2018-05-27 15:00:00,3334.0
2018-05-27 16:00:00,3278.0
2018-05-27 17:00:00,3324.0
2018-05-27 18:00:00,3299.0
2018-05-27 19:00:00,3319.0
2018-05-27 20:00:00,3194.0
2018-05-27 21:00:00,3094.0
2018-05-27 22:00:00,3109.0
2018-05-27 23:00:00,3393.0
2018-05-28 00:00:00,3359.0
2018-05-28 01:00:00,3187.0
2018-05-28 02:00:00,2925.0
2018-05-28 03:00:00,2781.0
2018-05-28 04:00:00,2759.0
2018-05-28 05:00:00,2697.0
2018-05-28 06:00:00,2659.0
2018-05-28 07:00:00,2662.0
2018-05-28 08:00:00,2860.0
2018-05-28 09:00:00,2778.0
2018-05-28 10:00:00,2969.0
2018-05-28 11:00:00,3240.0
2018-05-28 12:00:00,3297.0
2018-05-28 13:00:00,3272.0
2018-05-28 14:00:00,3535.0
2018-05-28 15:00:00,3367.0
2018-05-28 16:00:00,3347.0
2018-05-28 17:00:00,3176.0
2018-05-28 18:00:00,3305.0
2018-05-28 19:00:00,3393.0
2018-05-28 20:00:00,3329.0
2018-05-28 21:00:00,3234.0
2018-05-28 22:00:00,3131.0
2018-05-28 23:00:00,3353.0
2018-05-29 00:00:00,3202.0
2018-05-29 01:00:00,3066.0
2018-05-29 02:00:00,2900.0
2018-05-29 03:00:00,2870.0
2018-05-29 04:00:00,2801.0
2018-05-29 05:00:00,2795.0
2018-05-29 06:00:00,2847.0
2018-05-29 07:00:00,2820.0
2018-05-29 08:00:00,3032.0
2018-05-29 09:00:00,2985.0
2018-05-29 10:00:00,3042.0
2018-05-29 11:00:00,3297.0
2018-05-29 12:00:00,3398.0
2018-05-29 13:00:00,3480.0
2018-05-29 14:00:00,3480.0
2018-05-29 15:00:00,3395.0
2018-05-29 16:00:00,3360.0
2018-05-29 17:00:00,3414.0
2018-05-29 18:00:00,3461.0
2018-05-29 19:00:00,3475.0
2018-05-29 20:00:00,3365.0
2018-05-29 21:00:00,3272.0
2018-05-29 22:00:00,3227.0
2018-05-29 23:00:00,3412.0
2018-05-30 00:00:00,3323.0
2018-05-30 01:00:00,3282.0
2018-05-30 02:00:00,3181.0
2018-05-30 03:00:00,3120.0
2018-05-30 04:00:00,3032.0
2018-05-30 05:00:00,2984.0
2018-05-30 06:00:00,2909.0
2018-05-30 07:00:00,2904.0
2018-05-30 08:00:00,3080.0
2018-05-30 09:00:00,3020.0
2018-05-30 10:00:00,3126.0
2018-05-30 11:00:00,3308.0
2018-05-30 12:00:00,3440.0
2018-05-30 13:00:00,3559.0
2018-05-30 14:00:00,3572.0
2018-05-30 15:00:00,3444.0
2018-05-30 16:00:00,3350.0
2018-05-30 17:00:00,3362.0
2018-05-30 18:00:00,3352.0
2018-05-30 19:00:00,3264.0
2018-05-30 20:00:00,3167.0
2018-05-30 21:00:00,2958.0
2018-05-30 22:00:00,2879.0
2018-05-30 23:00:00,3095.0
2018-05-31 00:00:00,3067.0
2018-05-31 01:00:00,2968.0
2018-05-31 02:00:00,2861.0
2018-05-31 03:00:00,2748.0
2018-05-31 04:00:00,2715.0
2018-05-31 05:00:00,2690.0
2018-05-31 06:00:00,2673.0
2018-05-31 07:00:00,2624.0
2018-05-31 08:00:00,2689.0
2018-05-31 09:00:00,2646.0
2018-05-31 10:00:00,2544.0
2018-05-31 11:00:00,2649.0
2018-05-31 12:00:00,2746.0
2018-05-31 13:00:00,2650.0
2018-05-31 14:00:00,2661.0
2018-05-31 15:00:00,2630.0
2018-05-31 16:00:00,2673.0
2018-05-31 17:00:00,2758.0
2018-05-31 18:00:00,2784.0
2018-05-31 19:00:00,2818.0
2018-05-31 20:00:00,2725.0
2018-05-31 21:00:00,2696.0
2018-05-31 22:00:00,2874.0
2018-05-31 23:00:00,2981.0
2018-06-01 00:00:00,2998.0
2018-06-01 01:00:00,2955.0
2018-06-01 02:00:00,2877.0
2018-06-01 03:00:00,2822.0
2018-06-01 04:00:00,2733.0
2018-06-01 05:00:00,2600.0
2018-06-01 06:00:00,2609.0
2018-06-01 07:00:00,2598.0
2018-06-01 08:00:00,2675.0
2018-06-01 09:00:00,2575.0
2018-06-01 10:00:00,2482.0
2018-06-01 11:00:00,2490.0
2018-06-01 12:00:00,2552.0
2018-06-01 13:00:00,2501.0
2018-06-01 14:00:00,2545.0
2018-06-01 15:00:00,2526.0
2018-06-01 16:00:00,2520.0
2018-06-01 17:00:00,2608.0
2018-06-01 18:00:00,2590.0
2018-06-01 19:00:00,2593.0
2018-06-01 20:00:00,2571.0
2018-06-01 21:00:00,2483.0
2018-06-01 22:00:00,2447.0
2018-06-01 23:00:00,2574.0
2018-06-02 00:00:00,2491.0
2018-06-02 01:00:00,2499.0
2018-06-02 02:00:00,2428.0
2018-06-02 03:00:00,2496.0
2018-06-02 04:00:00,2436.0
2018-06-02 05:00:00,2472.0
2018-06-02 06:00:00,2470.0
2018-06-02 07:00:00,2495.0
2018-06-02 08:00:00,2668.0
2018-06-02 09:00:00,2663.0
2018-06-02 10:00:00,2804.0
2018-06-02 11:00:00,3069.0
2018-06-02 12:00:00,3330.0
2018-06-02 13:00:00,3513.0
2018-06-02 14:00:00,3562.0
2018-06-02 15:00:00,3401.0
2018-06-02 16:00:00,3340.0
2018-06-02 17:00:00,3281.0
2018-06-02 18:00:00,3314.0
2018-06-02 19:00:00,3316.0
2018-06-02 20:00:00,3227.0
2018-06-02 21:00:00,3210.0
2018-06-02 22:00:00,3168.0
2018-06-02 23:00:00,3276.0
2018-06-03 00:00:00,3162.0
2018-06-03 01:00:00,3195.0
2018-06-03 02:00:00,3010.0
2018-06-03 03:00:00,2993.0
2018-06-03 04:00:00,2840.0
2018-06-03 05:00:00,2817.0
2018-06-03 06:00:00,2801.0
2018-06-03 07:00:00,2645.0
2018-06-03 08:00:00,2903.0
2018-06-03 09:00:00,2845.0
2018-06-03 10:00:00,3017.0
2018-06-03 11:00:00,3229.0
2018-06-03 12:00:00,3311.0
2018-06-03 13:00:00,3353.0
2018-06-03 14:00:00,3373.0
2018-06-03 15:00:00,3259.0
2018-06-03 16:00:00,3353.0
2018-06-03 17:00:00,3425.0
2018-06-03 18:00:00,3377.0
2018-06-03 19:00:00,3267.0
2018-06-03 20:00:00,3214.0
2018-06-03 21:00:00,3162.0
2018-06-03 22:00:00,3108.0
2018-06-03 23:00:00,3150.0
2018-06-04 00:00:00,3238.0
2018-06-04 01:00:00,3144.0
2018-06-04 02:00:00,3029.0
2018-06-04 03:00:00,2948.0
2018-06-04 04:00:00,2813.0
2018-06-04 05:00:00,2759.0
2018-06-04 06:00:00,2729.0
2018-06-04 07:00:00,2659.0
2018-06-04 08:00:00,2791.0
2018-06-04 09:00:00,2891.0
2018-06-04 10:00:00,2789.0
2018-06-04 11:00:00,3018.0
2018-06-04 12:00:00,3161.0
2018-06-04 13:00:00,3177.0
2018-06-04 14:00:00,3289.0
2018-06-04 15:00:00,3222.0
2018-06-04 16:00:00,3219.0
2018-06-04 17:00:00,3376.0
2018-06-04 18:00:00,3235.0
2018-06-04 19:00:00,3269.0
2018-06-04 20:00:00,3243.0
2018-06-04 21:00:00,3079.0
2018-06-04 22:00:00,2921.0
2018-06-04 23:00:00,3019.0
2018-06-05 00:00:00,2945.0
2018-06-05 01:00:00,2900.0
2018-06-05 02:00:00,2796.0
2018-06-05 03:00:00,2816.0
2018-06-05 04:00:00,2800.0
2018-06-05 05:00:00,2721.0
2018-06-05 06:00:00,2708.0
2018-06-05 07:00:00,2752.0
2018-06-05 08:00:00,2893.0
2018-06-05 09:00:00,2888.0
2018-06-05 10:00:00,2988.0
2018-06-05 11:00:00,3194.0
2018-06-05 12:00:00,3185.0
2018-06-05 13:00:00,3444.0
2018-06-05 14:00:00,3423.0
2018-06-05 15:00:00,3358.0
2018-06-05 16:00:00,3338.0
2018-06-05 17:00:00,3331.0
2018-06-05 18:00:00,3425.0
2018-06-05 19:00:00,3367.0
2018-06-05 20:00:00,3192.0
2018-06-05 21:00:00,2976.0
2018-06-05 22:00:00,2897.0
2018-06-05 23:00:00,3157.0
2018-06-06 00:00:00,3025.0
2018-06-06 01:00:00,2981.0
2018-06-06 02:00:00,2829.0
2018-06-06 03:00:00,2813.0
2018-06-06 04:00:00,2718.0
2018-06-06 05:00:00,2655.0
2018-06-06 06:00:00,2606.0
2018-06-06 07:00:00,2629.0
2018-06-06 08:00:00,2736.0
2018-06-06 09:00:00,2768.0
2018-06-06 10:00:00,2822.0
2018-06-06 11:00:00,3230.0
2018-06-06 12:00:00,3297.0
2018-06-06 13:00:00,3320.0
2018-06-06 14:00:00,3372.0
2018-06-06 15:00:00,3297.0
2018-06-06 16:00:00,3511.0
2018-06-06 17:00:00,3466.0
2018-06-06 18:00:00,3326.0
2018-06-06 19:00:00,3296.0
2018-06-06 20:00:00,3226.0
2018-06-06 21:00:00,3111.0
2018-06-06 22:00:00,2992.0
2018-06-06 23:00:00,3107.0
2018-06-07 00:00:00,3049.0
2018-06-07 01:00:00,2942.0
2018-06-07 02:00:00,2736.0
2018-06-07 03:00:00,2716.0
2018-06-07 04:00:00,2678.0
2018-06-07 05:00:00,2640.0
2018-06-07 06:00:00,2580.0
2018-06-07 07:00:00,2556.0
2018-06-07 08:00:00,2593.0
2018-06-07 09:00:00,2550.0
2018-06-07 10:00:00,2562.0
2018-06-07 11:00:00,2666.0
2018-06-07 12:00:00,2714.0
2018-06-07 13:00:00,2783.0
2018-06-07 14:00:00,2695.0
2018-06-07 15:00:00,2678.0
2018-06-07 16:00:00,2665.0
2018-06-07 17:00:00,2773.0
2018-06-07 18:00:00,2729.0
2018-06-07 19:00:00,2697.0
2018-06-07 20:00:00,2752.0
2018-06-07 21:00:00,2718.0
2018-06-07 22:00:00,2650.0
2018-06-07 23:00:00,2858.0
2018-06-08 00:00:00,2820.0
2018-06-08 01:00:00,2760.0
2018-06-08 02:00:00,2637.0
2018-06-08 03:00:00,2640.0
2018-06-08 04:00:00,2485.0
2018-06-08 05:00:00,2445.0
2018-06-08 06:00:00,2499.0
2018-06-08 07:00:00,2403.0
2018-06-08 08:00:00,2440.0
2018-06-08 09:00:00,2425.0
2018-06-08 10:00:00,2311.0
2018-06-08 11:00:00,2330.0
2018-06-08 12:00:00,2325.0
2018-06-08 13:00:00,2356.0
2018-06-08 14:00:00,2365.0
2018-06-08 15:00:00,2407.0
2018-06-08 16:00:00,2463.0
2018-06-08 17:00:00,2515.0
2018-06-08 18:00:00,2495.0
2018-06-08 19:00:00,2503.0
2018-06-08 20:00:00,2515.0
2018-06-08 21:00:00,2605.0
2018-06-08 22:00:00,2593.0
2018-06-08 23:00:00,2645.0
2018-06-09 00:00:00,2585.0
2018-06-09 01:00:00,2614.0
2018-06-09 02:00:00,2530.0
2018-06-09 03:00:00,2526.0
2018-06-09 04:00:00,2489.0
2018-06-09 05:00:00,2530.0
2018-06-09 06:00:00,2545.0
2018-06-09 07:00:00,2564.0
2018-06-09 08:00:00,2696.0
2018-06-09 09:00:00,2730.0
2018-06-09 10:00:00,2695.0
2018-06-09 11:00:00,2965.0
2018-06-09 12:00:00,3075.0
2018-06-09 13:00:00,3109.0
2018-06-09 14:00:00,3216.0
2018-06-09 15:00:00,3219.0
2018-06-09 16:00:00,3162.0
2018-06-09 17:00:00,3184.0
2018-06-09 18:00:00,3306.0
2018-06-09 19:00:00,3341.0
2018-06-09 20:00:00,3169.0
2018-06-09 21:00:00,3076.0
2018-06-09 22:00:00,3020.0
2018-06-09 23:00:00,3212.0
2018-06-10 00:00:00,3080.0
2018-06-10 01:00:00,3004.0
2018-06-10 02:00:00,2805.0
2018-06-10 03:00:00,2876.0
2018-06-10 04:00:00,2759.0
2018-06-10 05:00:00,2662.0
2018-06-10 06:00:00,2656.0
2018-06-10 07:00:00,2647.0
2018-06-10 08:00:00,2767.0
2018-06-10 09:00:00,2860.0
2018-06-10 10:00:00,2996.0
2018-06-10 11:00:00,3272.0
2018-06-10 12:00:00,3275.0
2018-06-10 13:00:00,3317.0
2018-06-10 14:00:00,3305.0
2018-06-10 15:00:00,3327.0
2018-06-10 16:00:00,3346.0
2018-06-10 17:00:00,3428.0
2018-06-10 18:00:00,3425.0
2018-06-10 19:00:00,3424.0
2018-06-10 20:00:00,3336.0
2018-06-10 21:00:00,3129.0
2018-06-10 22:00:00,3008.0
2018-06-10 23:00:00,3107.0
2018-06-11 00:00:00,3024.0
2018-06-11 01:00:00,2941.0
2018-06-11 02:00:00,2857.0
2018-06-11 03:00:00,2826.0
2018-06-11 04:00:00,2685.0
2018-06-11 05:00:00,2694.0
2018-06-11 06:00:00,2671.0
2018-06-11 07:00:00,2630.0
2018-06-11 08:00:00,2777.0
2018-06-11 09:00:00,2824.0
2018-06-11 10:00:00,2887.0
2018-06-11 11:00:00,3093.0
2018-06-11 12:00:00,3207.0
2018-06-11 13:00:00,3222.0
2018-06-11 14:00:00,3165.0
2018-06-11 15:00:00,3068.0
2018-06-11 16:00:00,3103.0
2018-06-11 17:00:00,3223.0
2018-06-11 18:00:00,3244.0
2018-06-11 19:00:00,3275.0
2018-06-11 20:00:00,3171.0
2018-06-11 21:00:00,3127.0
2018-06-11 22:00:00,3027.0
2018-06-11 23:00:00,3162.0
2018-06-12 00:00:00,2986.0
2018-06-12 01:00:00,2897.0
2018-06-12 02:00:00,2783.0
2018-06-12 03:00:00,2723.0
2018-06-12 04:00:00,2681.0
2018-06-12 05:00:00,2638.0
2018-06-12 06:00:00,2612.0
2018-06-12 07:00:00,2641.0
2018-06-12 08:00:00,2849.0
2018-06-12 09:00:00,2896.0
2018-06-12 10:00:00,2999.0
2018-06-12 11:00:00,3331.0
2018-06-12 12:00:00,3376.0
2018-06-12 13:00:00,3559.0
2018-06-12 14:00:00,3392.0
2018-06-12 15:00:00,3367.0
2018-06-12 16:00:00,3284.0
2018-06-12 17:00:00,3350.0
2018-06-12 18:00:00,3525.0
2018-06-12 19:00:00,3475.0
2018-06-12 20:00:00,3328.0
2018-06-12 21:00:00,3325.0
2018-06-12 22:00:00,3185.0
2018-06-12 23:00:00,3389.0
2018-06-13 00:00:00,3346.0
2018-06-13 01:00:00,3278.0
2018-06-13 02:00:00,3103.0
2018-06-13 03:00:00,3050.0
2018-06-13 04:00:00,2935.0
2018-06-13 05:00:00,2971.0
2018-06-13 06:00:00,2940.0
2018-06-13 07:00:00,2903.0
2018-06-13 08:00:00,3018.0
2018-06-13 09:00:00,3040.0
2018-06-13 10:00:00,3053.0
2018-06-13 11:00:00,3308.0
2018-06-13 12:00:00,3365.0
2018-06-13 13:00:00,3569.0
2018-06-13 14:00:00,3584.0
2018-06-13 15:00:00,3408.0
2018-06-13 16:00:00,3484.0
2018-06-13 17:00:00,3557.0
2018-06-13 18:00:00,3600.0
2018-06-13 19:00:00,3637.0
2018-06-13 20:00:00,3544.0
2018-06-13 21:00:00,3463.0
2018-06-13 22:00:00,3373.0
2018-06-13 23:00:00,3559.0
2018-06-14 00:00:00,3507.0
2018-06-14 01:00:00,3345.0
2018-06-14 02:00:00,3188.0
2018-06-14 03:00:00,3157.0
2018-06-14 04:00:00,3075.0
2018-06-14 05:00:00,2960.0
2018-06-14 06:00:00,2883.0
2018-06-14 07:00:00,2896.0
2018-06-14 08:00:00,3025.0
2018-06-14 09:00:00,3046.0
2018-06-14 10:00:00,2958.0
2018-06-14 11:00:00,2999.0
2018-06-14 12:00:00,3001.0
2018-06-14 13:00:00,3030.0
2018-06-14 14:00:00,2970.0
2018-06-14 15:00:00,2962.0
2018-06-14 16:00:00,2966.0
2018-06-14 17:00:00,3028.0
2018-06-14 18:00:00,3033.0
2018-06-14 19:00:00,3037.0
2018-06-14 20:00:00,2927.0
2018-06-14 21:00:00,2899.0
2018-06-14 22:00:00,2946.0
2018-06-14 23:00:00,3204.0
2018-06-15 00:00:00,3121.0
2018-06-15 01:00:00,3104.0
2018-06-15 02:00:00,3056.0
2018-06-15 03:00:00,2984.0
2018-06-15 04:00:00,2856.0
2018-06-15 05:00:00,2700.0
2018-06-15 06:00:00,2731.0
2018-06-15 07:00:00,2668.0
2018-06-15 08:00:00,2722.0
2018-06-15 09:00:00,2745.0
2018-06-15 10:00:00,2619.0
2018-06-15 11:00:00,2653.0
2018-06-15 12:00:00,2721.0
2018-06-15 13:00:00,2701.0
2018-06-15 14:00:00,2667.0
2018-06-15 15:00:00,2680.0
2018-06-15 16:00:00,2657.0
2018-06-15 17:00:00,2690.0
2018-06-15 18:00:00,2777.0
2018-06-15 19:00:00,2762.0
2018-06-15 20:00:00,2663.0
2018-06-15 21:00:00,2720.0
2018-06-15 22:00:00,2690.0
2018-06-15 23:00:00,2741.0
2018-06-16 00:00:00,2639.0
2018-06-16 01:00:00,2666.0
2018-06-16 02:00:00,2569.0
2018-06-16 03:00:00,2550.0
2018-06-16 04:00:00,2526.0
2018-06-16 05:00:00,2545.0
2018-06-16 06:00:00,2584.0
2018-06-16 07:00:00,2597.0
2018-06-16 08:00:00,2797.0
2018-06-16 09:00:00,2874.0
2018-06-16 10:00:00,2952.0
2018-06-16 11:00:00,3175.0
2018-06-16 12:00:00,3252.0
2018-06-16 13:00:00,3382.0
2018-06-16 14:00:00,3560.0
2018-06-16 15:00:00,3422.0
2018-06-16 16:00:00,3441.0
2018-06-16 17:00:00,3412.0
2018-06-16 18:00:00,3425.0
2018-06-16 19:00:00,3404.0
2018-06-16 20:00:00,3338.0
2018-06-16 21:00:00,3347.0
2018-06-16 22:00:00,3239.0
2018-06-16 23:00:00,3121.0
2018-06-17 00:00:00,3069.0
2018-06-17 01:00:00,3073.0
2018-06-17 02:00:00,3026.0
2018-06-17 03:00:00,2994.0
2018-06-17 04:00:00,2926.0
2018-06-17 05:00:00,2830.0
2018-06-17 06:00:00,2770.0
2018-06-17 07:00:00,2787.0
2018-06-17 08:00:00,2951.0
2018-06-17 09:00:00,3025.0
2018-06-17 10:00:00,3135.0
2018-06-17 11:00:00,3338.0
2018-06-17 12:00:00,3313.0
2018-06-17 13:00:00,3356.0
2018-06-17 14:00:00,3434.0
2018-06-17 15:00:00,3396.0
2018-06-17 16:00:00,3446.0
2018-06-17 17:00:00,3463.0
2018-06-17 18:00:00,3437.0
2018-06-17 19:00:00,3430.0
2018-06-17 20:00:00,3344.0
2018-06-17 21:00:00,3215.0
2018-06-17 22:00:00,3097.0
2018-06-17 23:00:00,3218.0
2018-06-18 00:00:00,3215.0
2018-06-18 01:00:00,3223.0
2018-06-18 02:00:00,3112.0
2018-06-18 03:00:00,3017.0
2018-06-18 04:00:00,2947.0
2018-06-18 05:00:00,2888.0
2018-06-18 06:00:00,2811.0
2018-06-18 07:00:00,2753.0
2018-06-18 08:00:00,2991.0
2018-06-18 09:00:00,3087.0
2018-06-18 10:00:00,3198.0
2018-06-18 11:00:00,3402.0
2018-06-18 12:00:00,3443.0
2018-06-18 13:00:00,3390.0
2018-06-18 14:00:00,3432.0
2018-06-18 15:00:00,3333.0
2018-06-18 16:00:00,3308.0
2018-06-18 17:00:00,3257.0
2018-06-18 18:00:00,3262.0
2018-06-18 19:00:00,3326.0
2018-06-18 20:00:00,3238.0
2018-06-18 21:00:00,3161.0
2018-06-18 22:00:00,3121.0
2018-06-18 23:00:00,3280.0
2018-06-19 00:00:00,3189.0
2018-06-19 01:00:00,3136.0
2018-06-19 02:00:00,3025.0
2018-06-19 03:00:00,2998.0
2018-06-19 04:00:00,2335.0
2018-06-19 05:00:00,2613.0
2018-06-19 06:00:00,2929.0
2018-06-19 07:00:00,3139.0
2018-06-19 08:00:00,1718.0
2018-06-19 09:00:00,3191.0
2018-06-19 10:00:00,3136.0
2018-06-19 11:00:00,3278.0
2018-06-19 12:00:00,3417.0
2018-06-19 13:00:00,3587.0
2018-06-19 14:00:00,3490.0
2018-06-19 15:00:00,3346.0
2018-06-19 16:00:00,3478.0
2018-06-19 17:00:00,3427.0
2018-06-19 18:00:00,3552.0
2018-06-19 19:00:00,3442.0
2018-06-19 20:00:00,3312.0
2018-06-19 21:00:00,3322.0
2018-06-19 22:00:00,3210.0
2018-06-19 23:00:00,3297.0
2018-06-20 00:00:00,3295.0
2018-06-20 01:00:00,3165.0
2018-06-20 02:00:00,2969.0
2018-06-20 03:00:00,2958.0
2018-06-20 04:00:00,2928.0
2018-06-20 05:00:00,2800.0
2018-06-20 06:00:00,2827.0
2018-06-20 07:00:00,2802.0
2018-06-20 08:00:00,2960.0
2018-06-20 09:00:00,2985.0
2018-06-20 10:00:00,3068.0
2018-06-20 11:00:00,3293.0
2018-06-20 12:00:00,3357.0
2018-06-20 13:00:00,3515.0
2018-06-20 14:00:00,3556.0
2018-06-20 15:00:00,3302.0
2018-06-20 16:00:00,3288.0
2018-06-20 17:00:00,3291.0
2018-06-20 18:00:00,3310.0
2018-06-20 19:00:00,3353.0
2018-06-20 20:00:00,3232.0
2018-06-20 21:00:00,3147.0
2018-06-20 22:00:00,3069.0
2018-06-20 23:00:00,3220.0
2018-06-21 00:00:00,3257.0
2018-06-21 01:00:00,3215.0
2018-06-21 02:00:00,2983.0
2018-06-21 03:00:00,2926.0
2018-06-21 04:00:00,2903.0
2018-06-21 05:00:00,2777.0
2018-06-21 06:00:00,2754.0
2018-06-21 07:00:00,2785.0
2018-06-21 08:00:00,2826.0
2018-06-21 09:00:00,2796.0
2018-06-21 10:00:00,2741.0
2018-06-21 11:00:00,2856.0
2018-06-21 12:00:00,2863.0
2018-06-21 13:00:00,2869.0
2018-06-21 14:00:00,2878.0
2018-06-21 15:00:00,2803.0
2018-06-21 16:00:00,2862.0
2018-06-21 17:00:00,2909.0
2018-06-21 18:00:00,2944.0
2018-06-21 19:00:00,2912.0
2018-06-21 20:00:00,2903.0
2018-06-21 21:00:00,3147.0
2018-06-21 22:00:00,3451.0
2018-06-21 23:00:00,3326.0
2018-06-22 00:00:00,3114.0
2018-06-22 01:00:00,2980.0
2018-06-22 02:00:00,2784.0
2018-06-22 03:00:00,2703.0
2018-06-22 04:00:00,2760.0
2018-06-22 05:00:00,2616.0
2018-06-22 06:00:00,2648.0
2018-06-22 07:00:00,2668.0
2018-06-22 08:00:00,2665.0
2018-06-22 09:00:00,2662.0
2018-06-22 10:00:00,2535.0
2018-06-22 11:00:00,2508.0
2018-06-22 12:00:00,2523.0
2018-06-22 13:00:00,2559.0
2018-06-22 14:00:00,2588.0
2018-06-22 15:00:00,2628.0
2018-06-22 16:00:00,2636.0
2018-06-22 17:00:00,2640.0
2018-06-22 18:00:00,2637.0
2018-06-22 19:00:00,2689.0
2018-06-22 20:00:00,2660.0
2018-06-22 21:00:00,2688.0
2018-06-22 22:00:00,2719.0
2018-06-22 23:00:00,2737.0
2018-06-23 00:00:00,2763.0
2018-06-23 01:00:00,2752.0
2018-06-23 02:00:00,2685.0
2018-06-23 03:00:00,2704.0
2018-06-23 04:00:00,2768.0
2018-06-23 05:00:00,2736.0
2018-06-23 06:00:00,2698.0
2018-06-23 07:00:00,2816.0
2018-06-23 08:00:00,2922.0
2018-06-23 09:00:00,2928.0
2018-06-23 10:00:00,3062.0
2018-06-23 11:00:00,3257.0
2018-06-23 12:00:00,3338.0
2018-06-23 13:00:00,3442.0
2018-06-23 14:00:00,3364.0
2018-06-23 15:00:00,3297.0
2018-06-23 16:00:00,3402.0
2018-06-23 17:00:00,3420.0
2018-06-23 18:00:00,3410.0
2018-06-23 19:00:00,3455.0
2018-06-23 20:00:00,3278.0
2018-06-23 21:00:00,3210.0
2018-06-23 22:00:00,3157.0
2018-06-23 23:00:00,3267.0
2018-06-24 00:00:00,3442.0
2018-06-24 01:00:00,3379.0
2018-06-24 02:00:00,2976.0
2018-06-24 03:00:00,3188.0
2018-06-24 04:00:00,3188.0
2018-06-24 05:00:00,3107.0
2018-06-24 06:00:00,3099.0
2018-06-24 07:00:00,3020.0
2018-06-24 08:00:00,2998.0
2018-06-24 09:00:00,3177.0
2018-06-24 10:00:00,3181.0
2018-06-24 11:00:00,3323.0
2018-06-24 12:00:00,3512.0
2018-06-24 13:00:00,3464.0
2018-06-24 14:00:00,3048.0
2018-06-24 15:00:00,3206.0
2018-06-24 16:00:00,2554.0
2018-06-24 17:00:00,2470.0
2018-06-24 18:00:00,3559.0
2018-06-24 19:00:00,2947.0
2018-06-24 20:00:00,3380.0
2018-06-24 21:00:00,3160.0
2018-06-24 22:00:00,2965.0
2018-06-24 23:00:00,2831.0
2018-06-25 00:00:00,2911.0
2018-06-25 01:00:00,2788.0
2018-06-25 02:00:00,2661.0
2018-06-25 03:00:00,2696.0
2018-06-25 04:00:00,2675.0
2018-06-25 05:00:00,2665.0
2018-06-25 06:00:00,2608.0
2018-06-25 07:00:00,2721.0
2018-06-25 08:00:00,2673.0
2018-06-25 09:00:00,2696.0
2018-06-25 10:00:00,2606.0
2018-06-25 11:00:00,2531.0
2018-06-25 12:00:00,2553.0
2018-06-25 13:00:00,2588.0
2018-06-25 14:00:00,2483.0
2018-06-25 15:00:00,2560.0
2018-06-25 16:00:00,2583.0
2018-06-25 17:00:00,2540.0
2018-06-25 18:00:00,2559.0
2018-06-25 19:00:00,2637.0
2018-06-25 20:00:00,2664.0
2018-06-25 21:00:00,2702.0
2018-06-25 22:00:00,2632.0
2018-06-25 23:00:00,2711.0
2018-06-26 00:00:00,2797.0
2018-06-26 01:00:00,2697.0
2018-06-26 02:00:00,2614.0
2018-06-26 03:00:00,2671.0
2018-06-26 04:00:00,2647.0
2018-06-26 05:00:00,2723.0
2018-06-26 06:00:00,2661.0
2018-06-26 07:00:00,2730.0
2018-06-26 08:00:00,2775.0
2018-06-26 09:00:00,2897.0
2018-06-26 10:00:00,2968.0
2018-06-26 11:00:00,3258.0
2018-06-26 12:00:00,3345.0
2018-06-26 13:00:00,3368.0
2018-06-26 14:00:00,3435.0
2018-06-26 15:00:00,3460.0
2018-06-26 16:00:00,3551.0
2018-06-26 17:00:00,3441.0
2018-06-26 18:00:00,3337.0
2018-06-26 19:00:00,3384.0
2018-06-26 20:00:00,3408.0
2018-06-26 21:00:00,3204.0
2018-06-26 22:00:00,3096.0
2018-06-26 23:00:00,3314.0
2018-06-27 00:00:00,3304.0
2018-06-27 01:00:00,3236.0
2018-06-27 02:00:00,3234.0
2018-06-27 03:00:00,3160.0
2018-06-27 04:00:00,3049.0
2018-06-27 05:00:00,2937.0
2018-06-27 06:00:00,2915.0
2018-06-27 07:00:00,2909.0
2018-06-27 08:00:00,2900.0
2018-06-27 09:00:00,3078.0
2018-06-27 10:00:00,3225.0
2018-06-27 11:00:00,3386.0
2018-06-27 12:00:00,3634.0
2018-06-27 13:00:00,3593.0
2018-06-27 14:00:00,3501.0
2018-06-27 15:00:00,3475.0
2018-06-27 16:00:00,3611.0
2018-06-27 17:00:00,3576.0
2018-06-27 18:00:00,3541.0
2018-06-27 19:00:00,3578.0
2018-06-27 20:00:00,3206.0
2018-06-27 21:00:00,3160.0
2018-06-27 22:00:00,3308.0
2018-06-27 23:00:00,3482.0
2018-06-28 00:00:00,3456.0
2018-06-28 01:00:00,3397.0
2018-06-28 02:00:00,3271.0
2018-06-28 03:00:00,3042.0
2018-06-28 04:00:00,3101.0
2018-06-28 05:00:00,2912.0
2018-06-28 06:00:00,2832.0
2018-06-28 07:00:00,2923.0
2018-06-28 08:00:00,2914.0
2018-06-28 09:00:00,2968.0
2018-06-28 10:00:00,2905.0
2018-06-28 11:00:00,3000.0
2018-06-28 12:00:00,2931.0
2018-06-28 13:00:00,3007.0
2018-06-28 14:00:00,2952.0
2018-06-28 15:00:00,2989.0
2018-06-28 16:00:00,3028.0
2018-06-28 17:00:00,3002.0
2018-06-28 18:00:00,3031.0
2018-06-28 19:00:00,2870.0
2018-06-28 20:00:00,2908.0
2018-06-28 21:00:00,2915.0
2018-06-28 22:00:00,2922.0
2018-06-28 23:00:00,3089.0
2018-06-29 00:00:00,3144.0
2018-06-29 01:00:00,3137.0
2018-06-29 02:00:00,2912.0
2018-06-29 03:00:00,2834.0
2018-06-29 04:00:00,2696.0
2018-06-29 05:00:00,2670.0
2018-06-29 06:00:00,2808.0
2018-06-29 07:00:00,2786.0
2018-06-29 08:00:00,2719.0
2018-06-29 09:00:00,2698.0
2018-06-29 10:00:00,2495.0
2018-06-29 11:00:00,2542.0
2018-06-29 12:00:00,2558.0
2018-06-29 13:00:00,2706.0
2018-06-29 14:00:00,2798.0
2018-06-29 15:00:00,2682.0
2018-06-29 16:00:00,2725.0
2018-06-29 17:00:00,2658.0
2018-06-29 18:00:00,2672.0
2018-06-29 19:00:00,2715.0
2018-06-29 20:00:00,2774.0
2018-06-29 21:00:00,2803.0
2018-06-29 22:00:00,2728.0
2018-06-29 23:00:00,2660.0
2018-06-30 00:00:00,2771.0
2018-06-30 01:00:00,2708.0
2018-06-30 02:00:00,2612.0
2018-06-30 03:00:00,2683.0
2018-06-30 04:00:00,2639.0
2018-06-30 05:00:00,2681.0
2018-06-30 06:00:00,2666.0
2018-06-30 07:00:00,2716.0
2018-06-30 08:00:00,2811.0
2018-06-30 09:00:00,2845.0
2018-06-30 10:00:00,2892.0
2018-06-30 11:00:00,3203.0
2018-06-30 12:00:00,3307.0
2018-06-30 13:00:00,3344.0
2018-06-30 14:00:00,3317.0
2018-06-30 15:00:00,3268.0
2018-06-30 16:00:00,3324.0
2018-06-30 17:00:00,3303.0
2018-06-30 18:00:00,3267.0
2018-06-30 19:00:00,3305.0
2018-06-30 20:00:00,3235.0
2018-06-30 21:00:00,3122.0
2018-06-30 22:00:00,3100.0
2018-06-30 23:00:00,3086.0
2018-07-01 00:00:00,3236.0
2018-07-01 01:00:00,3123.0
2018-07-01 02:00:00,2931.0
2018-07-01 03:00:00,2903.0
2018-07-01 04:00:00,2863.0
2018-07-01 05:00:00,2914.0
2018-07-01 06:00:00,2872.0
2018-07-01 07:00:00,2922.0
2018-07-01 08:00:00,3071.0
2018-07-01 09:00:00,3160.0
2018-07-01 10:00:00,3050.0
2018-07-01 11:00:00,3197.0
2018-07-01 12:00:00,3177.0
2018-07-01 13:00:00,3167.0
2018-07-01 14:00:00,3063.0
2018-07-01 15:00:00,2980.0
2018-07-01 16:00:00,2965.0
2018-07-01 17:00:00,2895.0
2018-07-01 18:00:00,2874.0
2018-07-01 19:00:00,2791.0
2018-07-01 20:00:00,2784.0
2018-07-01 21:00:00,2780.0
2018-07-01 22:00:00,2780.0
2018-07-01 23:00:00,2947.0
2018-07-02 00:00:00,2889.0
2018-07-02 01:00:00,2863.0
2018-07-02 02:00:00,2900.0
2018-07-02 03:00:00,2726.0
2018-07-02 04:00:00,2660.0
2018-07-02 05:00:00,2805.0
2018-07-02 06:00:00,2716.0
2018-07-02 07:00:00,2780.0
2018-07-02 08:00:00,2775.0
2018-07-02 09:00:00,2761.0
2018-07-02 10:00:00,2656.0
2018-07-02 11:00:00,2626.0
2018-07-02 12:00:00,2609.0
2018-07-02 13:00:00,2721.0
2018-07-02 14:00:00,2655.0
2018-07-02 15:00:00,2710.0
2018-07-02 16:00:00,2775.0
2018-07-02 17:00:00,2711.0
2018-07-02 18:00:00,2712.0
2018-07-02 19:00:00,2753.0
2018-07-02 20:00:00,2787.0
2018-07-02 21:00:00,2783.0
2018-07-02 22:00:00,2804.0
2018-07-02 23:00:00,2931.0
2018-07-03 00:00:00,2987.0
2018-07-03 01:00:00,2981.0
2018-07-03 02:00:00,3153.0
2018-07-03 03:00:00,2756.0
2018-07-03 04:00:00,2917.0
2018-07-03 05:00:00,2885.0
2018-07-03 06:00:00,2720.0
2018-07-03 07:00:00,2775.0
2018-07-03 08:00:00,2797.0
2018-07-03 09:00:00,2971.0
2018-07-03 10:00:00,3226.0
2018-07-03 11:00:00,3367.0
2018-07-03 12:00:00,3392.0
2018-07-03 13:00:00,3453.0
2018-07-03 14:00:00,3458.0
2018-07-03 15:00:00,3366.0
2018-07-03 16:00:00,3540.0
2018-07-03 17:00:00,3589.0
2018-07-03 18:00:00,3630.0
2018-07-03 19:00:00,3600.0
2018-07-03 20:00:00,3431.0
2018-07-03 21:00:00,3282.0
2018-07-03 22:00:00,3175.0
2018-07-03 23:00:00,3495.0
2018-07-04 00:00:00,3499.0
2018-07-04 01:00:00,3552.0
2018-07-04 02:00:00,3293.0
2018-07-04 03:00:00,3137.0
2018-07-04 04:00:00,3134.0
2018-07-04 05:00:00,3099.0
2018-07-04 06:00:00,2838.0
2018-07-04 07:00:00,2997.0
2018-07-04 08:00:00,3083.0
2018-07-04 09:00:00,3071.0
2018-07-04 10:00:00,3057.0
2018-07-04 11:00:00,3237.0
2018-07-04 12:00:00,3332.0
2018-07-04 13:00:00,3221.0
2018-07-04 14:00:00,3201.0
2018-07-04 15:00:00,3134.0
2018-07-04 16:00:00,3255.0
2018-07-04 17:00:00,3362.0
2018-07-04 18:00:00,3201.0
2018-07-04 19:00:00,3153.0
2018-07-04 20:00:00,3071.0
2018-07-04 21:00:00,3023.0
2018-07-04 22:00:00,2980.0
2018-07-04 23:00:00,3122.0
2018-07-05 00:00:00,3130.0
2018-07-05 01:00:00,3161.0
2018-07-05 02:00:00,3114.0
2018-07-05 03:00:00,3069.0
2018-07-05 04:00:00,3082.0
2018-07-05 05:00:00,3062.0
2018-07-05 06:00:00,2881.0
2018-07-05 07:00:00,2986.0
2018-07-05 08:00:00,2873.0
2018-07-05 09:00:00,2923.0
2018-07-05 10:00:00,3000.0
2018-07-05 11:00:00,2945.0
2018-07-05 12:00:00,2875.0
2018-07-05 13:00:00,2827.0
2018-07-05 14:00:00,2812.0
2018-07-05 15:00:00,2779.0
2018-07-05 16:00:00,2801.0
2018-07-05 17:00:00,2760.0
2018-07-05 18:00:00,2808.0
2018-07-05 19:00:00,2805.0
2018-07-05 20:00:00,2806.0
2018-07-05 21:00:00,2766.0
2018-07-05 22:00:00,2682.0
2018-07-05 23:00:00,2803.0
2018-07-06 00:00:00,2816.0
2018-07-06 01:00:00,2802.0
2018-07-06 02:00:00,2758.0
2018-07-06 03:00:00,2815.0
2018-07-06 04:00:00,2717.0
2018-07-06 05:00:00,2625.0
2018-07-06 06:00:00,2633.0
2018-07-06 07:00:00,2657.0
2018-07-06 08:00:00,2609.0
2018-07-06 09:00:00,2643.0
2018-07-06 10:00:00,2579.0
2018-07-06 11:00:00,2548.0
2018-07-06 12:00:00,2494.0
2018-07-06 13:00:00,2551.0
2018-07-06 14:00:00,2566.0
2018-07-06 15:00:00,2697.0
2018-07-06 16:00:00,2727.0
2018-07-06 17:00:00,2691.0
2018-07-06 18:00:00,2656.0
2018-07-06 19:00:00,2718.0
2018-07-06 20:00:00,2699.0
2018-07-06 21:00:00,2701.0
2018-07-06 22:00:00,2690.0
2018-07-06 23:00:00,2751.0
2018-07-07 00:00:00,2716.0
2018-07-07 01:00:00,2769.0
2018-07-07 02:00:00,2677.0
2018-07-07 03:00:00,2641.0
2018-07-07 04:00:00,2672.0
2018-07-07 05:00:00,2707.0
2018-07-07 06:00:00,2703.0
2018-07-07 07:00:00,2732.0
2018-07-07 08:00:00,2773.0
2018-07-07 09:00:00,2865.0
2018-07-07 10:00:00,3022.0
2018-07-07 11:00:00,3395.0
2018-07-07 12:00:00,3488.0
2018-07-07 13:00:00,3542.0
2018-07-07 14:00:00,3480.0
2018-07-07 15:00:00,2961.0
2018-07-07 16:00:00,3239.0
2018-07-07 17:00:00,3178.0
2018-07-07 18:00:00,3190.0
2018-07-07 19:00:00,3190.0
2018-07-07 20:00:00,3161.0
2018-07-07 21:00:00,3102.0
2018-07-07 22:00:00,3017.0
2018-07-07 23:00:00,3220.0
2018-07-08 00:00:00,3137.0
2018-07-08 01:00:00,3153.0
2018-07-08 02:00:00,2971.0
2018-07-08 03:00:00,2935.0
2018-07-08 04:00:00,2831.0
2018-07-08 05:00:00,2759.0
2018-07-08 06:00:00,2657.0
2018-07-08 07:00:00,2638.0
2018-07-08 08:00:00,2611.0
2018-07-08 09:00:00,2728.0
2018-07-08 10:00:00,2947.0
2018-07-08 11:00:00,3262.0
2018-07-08 12:00:00,3517.0
2018-07-08 13:00:00,3581.0
2018-07-08 14:00:00,3254.0
2018-07-08 15:00:00,2822.0
2018-07-08 16:00:00,3378.0
2018-07-08 17:00:00,3399.0
2018-07-08 18:00:00,3535.0
2018-07-08 19:00:00,3313.0
2018-07-08 20:00:00,3244.0
2018-07-08 21:00:00,3282.0
2018-07-08 22:00:00,3149.0
2018-07-08 23:00:00,3275.0
2018-07-09 00:00:00,3264.0
2018-07-09 01:00:00,3208.0
2018-07-09 02:00:00,3118.0
2018-07-09 03:00:00,3092.0
2018-07-09 04:00:00,2941.0
2018-07-09 05:00:00,2864.0
2018-07-09 06:00:00,2880.0
2018-07-09 07:00:00,2874.0
2018-07-09 08:00:00,2907.0
2018-07-09 09:00:00,2991.0
2018-07-09 10:00:00,2977.0
2018-07-09 11:00:00,3188.0
2018-07-09 12:00:00,3171.0
2018-07-09 13:00:00,3055.0
2018-07-09 14:00:00,3266.0
2018-07-09 15:00:00,3159.0
2018-07-09 16:00:00,3176.0
2018-07-09 17:00:00,3269.0
2018-07-09 18:00:00,3201.0
2018-07-09 19:00:00,3141.0
2018-07-09 20:00:00,2996.0
2018-07-09 21:00:00,2966.0
2018-07-09 22:00:00,2862.0
2018-07-09 23:00:00,2929.0
2018-07-10 00:00:00,2953.0
2018-07-10 01:00:00,2900.0
2018-07-10 02:00:00,2772.0
2018-07-10 03:00:00,2797.0
2018-07-10 04:00:00,2771.0
2018-07-10 05:00:00,2736.0
2018-07-10 06:00:00,2663.0
2018-07-10 07:00:00,2621.0
2018-07-10 08:00:00,2746.0
2018-07-10 09:00:00,2814.0
2018-07-10 10:00:00,2933.0
2018-07-10 11:00:00,3143.0
2018-07-10 12:00:00,3295.0
2018-07-10 13:00:00,3378.0
2018-07-10 14:00:00,3422.0
2018-07-10 15:00:00,3269.0
2018-07-10 16:00:00,3418.0
2018-07-10 17:00:00,3448.0
2018-07-10 18:00:00,3362.0
2018-07-10 19:00:00,3480.0
2018-07-10 20:00:00,3241.0
2018-07-10 21:00:00,3227.0
2018-07-10 22:00:00,3092.0
2018-07-10 23:00:00,3173.0
2018-07-11 00:00:00,3225.0
2018-07-11 01:00:00,3163.0
2018-07-11 02:00:00,3109.0
2018-07-11 03:00:00,2956.0
2018-07-11 04:00:00,2954.0
2018-07-11 05:00:00,2867.0
2018-07-11 06:00:00,2717.0
2018-07-11 07:00:00,2776.0
2018-07-11 08:00:00,2892.0
2018-07-11 09:00:00,2935.0
2018-07-11 10:00:00,2969.0
2018-07-11 11:00:00,3177.0
2018-07-11 12:00:00,3144.0
2018-07-11 13:00:00,3333.0
2018-07-11 14:00:00,3238.0
2018-07-11 15:00:00,3393.0
2018-07-11 16:00:00,3334.0
2018-07-11 17:00:00,3441.0
2018-07-11 18:00:00,3421.0
2018-07-11 19:00:00,3355.0
2018-07-11 20:00:00,3140.0
2018-07-11 21:00:00,3137.0
2018-07-11 22:00:00,3061.0
2018-07-11 23:00:00,3127.0
2018-07-12 00:00:00,3127.0
2018-07-12 01:00:00,3066.0
2018-07-12 02:00:00,2984.0
2018-07-12 03:00:00,2870.0
2018-07-12 04:00:00,2874.0
2018-07-12 05:00:00,2796.0
2018-07-12 06:00:00,2622.0
2018-07-12 07:00:00,2705.0
2018-07-12 08:00:00,2663.0
2018-07-12 09:00:00,2758.0
2018-07-12 10:00:00,2720.0
2018-07-12 11:00:00,2780.0
2018-07-12 12:00:00,2676.0
2018-07-12 13:00:00,2695.0
2018-07-12 14:00:00,2687.0
2018-07-12 15:00:00,2732.0
2018-07-12 16:00:00,2616.0
2018-07-12 17:00:00,2755.0
2018-07-12 18:00:00,2690.0
2018-07-12 19:00:00,2698.0
2018-07-12 20:00:00,2671.0
2018-07-12 21:00:00,2697.0
2018-07-12 22:00:00,2653.0
2018-07-12 23:00:00,2909.0
2018-07-13 00:00:00,2858.0
2018-07-13 01:00:00,2973.0
2018-07-13 02:00:00,2867.0
2018-07-13 03:00:00,2717.0
2018-07-13 04:00:00,2706.0
2018-07-13 05:00:00,2615.0
2018-07-13 06:00:00,2543.0
2018-07-13 07:00:00,2637.0
2018-07-13 08:00:00,2563.0
2018-07-13 09:00:00,2642.0
2018-07-13 10:00:00,2522.0
2018-07-13 11:00:00,2522.0
2018-07-13 12:00:00,2452.0
2018-07-13 13:00:00,2527.0
2018-07-13 14:00:00,2540.0
2018-07-13 15:00:00,2499.0
2018-07-13 16:00:00,2601.0
2018-07-13 17:00:00,2507.0
2018-07-13 18:00:00,2538.0
2018-07-13 19:00:00,2537.0
2018-07-13 20:00:00,2557.0
2018-07-13 21:00:00,2568.0
2018-07-13 22:00:00,2556.0
2018-07-13 23:00:00,2586.0
2018-07-14 00:00:00,2567.0
2018-07-14 01:00:00,2625.0
2018-07-14 02:00:00,2584.0
2018-07-14 03:00:00,2606.0
2018-07-14 04:00:00,2665.0
2018-07-14 05:00:00,2600.0
2018-07-14 06:00:00,2575.0
2018-07-14 07:00:00,2617.0
2018-07-14 08:00:00,2719.0
2018-07-14 09:00:00,2747.0
2018-07-14 10:00:00,2903.0
2018-07-14 11:00:00,3143.0
2018-07-14 12:00:00,3201.0
2018-07-14 13:00:00,3228.0
2018-07-14 14:00:00,3249.0
2018-07-14 15:00:00,3261.0
2018-07-14 16:00:00,3313.0
2018-07-14 17:00:00,3375.0
2018-07-14 18:00:00,3361.0
2018-07-14 19:00:00,3251.0
2018-07-14 20:00:00,3090.0
2018-07-14 21:00:00,3102.0
2018-07-14 22:00:00,2985.0
2018-07-14 23:00:00,3098.0
2018-07-15 00:00:00,3103.0
2018-07-15 01:00:00,3080.0
2018-07-15 02:00:00,3074.0
2018-07-15 03:00:00,2967.0
2018-07-15 04:00:00,2944.0
2018-07-15 05:00:00,2875.0
2018-07-15 06:00:00,2768.0
2018-07-15 07:00:00,2750.0
2018-07-15 08:00:00,2896.0
2018-07-15 09:00:00,3024.0
2018-07-15 10:00:00,3176.0
2018-07-15 11:00:00,3338.0
2018-07-15 12:00:00,3268.0
2018-07-15 13:00:00,3340.0
2018-07-15 14:00:00,3355.0
2018-07-15 15:00:00,3388.0
2018-07-15 16:00:00,3436.0
2018-07-15 17:00:00,3483.0
2018-07-15 18:00:00,3414.0
2018-07-15 19:00:00,3333.0
2018-07-15 20:00:00,3151.0
2018-07-15 21:00:00,3073.0
2018-07-15 22:00:00,3131.0
2018-07-15 23:00:00,3204.0
2018-07-16 00:00:00,3261.0
2018-07-16 01:00:00,3178.0
2018-07-16 02:00:00,3032.0
2018-07-16 03:00:00,2932.0
2018-07-16 04:00:00,2993.0
2018-07-16 05:00:00,2769.0
2018-07-16 06:00:00,2806.0
2018-07-16 07:00:00,2785.0
2018-07-16 08:00:00,2879.0
2018-07-16 09:00:00,2927.0
2018-07-16 10:00:00,3024.0
2018-07-16 11:00:00,3254.0
2018-07-16 12:00:00,3170.0
2018-07-16 13:00:00,3211.0
2018-07-16 14:00:00,3246.0
2018-07-16 15:00:00,3121.0
2018-07-16 16:00:00,3164.0
2018-07-16 17:00:00,3202.0
2018-07-16 18:00:00,3227.0
2018-07-16 19:00:00,3243.0
2018-07-16 20:00:00,3179.0
2018-07-16 21:00:00,3072.0
2018-07-16 22:00:00,3064.0
2018-07-16 23:00:00,3123.0
2018-07-17 00:00:00,3006.0
2018-07-17 01:00:00,2950.0
2018-07-17 02:00:00,2817.0
2018-07-17 03:00:00,2772.0
2018-07-17 04:00:00,2760.0
2018-07-17 05:00:00,2774.0
2018-07-17 06:00:00,2667.0
2018-07-17 07:00:00,2772.0
2018-07-17 08:00:00,2864.0
2018-07-17 09:00:00,2854.0
2018-07-17 10:00:00,3022.0
2018-07-17 11:00:00,3274.0
2018-07-17 12:00:00,3277.0
2018-07-17 13:00:00,3349.0
2018-07-17 14:00:00,3308.0
2018-07-17 15:00:00,3250.0
2018-07-17 16:00:00,3234.0
2018-07-17 17:00:00,3287.0
2018-07-17 18:00:00,3328.0
2018-07-17 19:00:00,3285.0
2018-07-17 20:00:00,3164.0
2018-07-17 21:00:00,3065.0
2018-07-17 22:00:00,2997.0
2018-07-17 23:00:00,3013.0
2018-07-18 00:00:00,3095.0
2018-07-18 01:00:00,3030.0
2018-07-18 02:00:00,2963.0
2018-07-18 03:00:00,2942.0
2018-07-18 04:00:00,2890.0
2018-07-18 05:00:00,2788.0
2018-07-18 06:00:00,2723.0
2018-07-18 07:00:00,2746.0
2018-07-18 08:00:00,2790.0
2018-07-18 09:00:00,2872.0
2018-07-18 10:00:00,3003.0
2018-07-18 11:00:00,3246.0
2018-07-18 12:00:00,3278.0
2018-07-18 13:00:00,3346.0
2018-07-18 14:00:00,3400.0
2018-07-18 15:00:00,3329.0
2018-07-18 16:00:00,3463.0
2018-07-18 17:00:00,3378.0
2018-07-18 18:00:00,3349.0
2018-07-18 19:00:00,3199.0
2018-07-18 20:00:00,3033.0
2018-07-18 21:00:00,3020.0
2018-07-18 22:00:00,2972.0
2018-07-18 23:00:00,3031.0
2018-07-19 00:00:00,3031.0
2018-07-19 01:00:00,3082.0
2018-07-19 02:00:00,2935.0
2018-07-19 03:00:00,2897.0
2018-07-19 04:00:00,2829.0
2018-07-19 05:00:00,2761.0
2018-07-19 06:00:00,2615.0
2018-07-19 07:00:00,2683.0
2018-07-19 08:00:00,2662.0
2018-07-19 09:00:00,2710.0
2018-07-19 10:00:00,2603.0
2018-07-19 11:00:00,2584.0
2018-07-19 12:00:00,2536.0
2018-07-19 13:00:00,2642.0
2018-07-19 14:00:00,2620.0
2018-07-19 15:00:00,2585.0
2018-07-19 16:00:00,2586.0
2018-07-19 17:00:00,2608.0
2018-07-19 18:00:00,2647.0
2018-07-19 19:00:00,2715.0
2018-07-19 20:00:00,2638.0
2018-07-19 21:00:00,2648.0
2018-07-19 22:00:00,2580.0
2018-07-19 23:00:00,2752.0
2018-07-20 00:00:00,2780.0
2018-07-20 01:00:00,2844.0
2018-07-20 02:00:00,2871.0
2018-07-20 03:00:00,2739.0
2018-07-20 04:00:00,2768.0
2018-07-20 05:00:00,2544.0
2018-07-20 06:00:00,2608.0
2018-07-20 07:00:00,2599.0
2018-07-20 08:00:00,2565.0
2018-07-20 09:00:00,2620.0
2018-07-20 10:00:00,2479.0
2018-07-20 11:00:00,2502.0
2018-07-20 12:00:00,2510.0
2018-07-20 13:00:00,2523.0
2018-07-20 14:00:00,2543.0
2018-07-20 15:00:00,2599.0
2018-07-20 16:00:00,2554.0
2018-07-20 17:00:00,2511.0
2018-07-20 18:00:00,2563.0
2018-07-20 19:00:00,2581.0
2018-07-20 20:00:00,2595.0
2018-07-20 21:00:00,2584.0
2018-07-20 22:00:00,2608.0
2018-07-20 23:00:00,2662.0
2018-07-21 00:00:00,2592.0
2018-07-21 01:00:00,2658.0
2018-07-21 02:00:00,2551.0
2018-07-21 03:00:00,2594.0
2018-07-21 04:00:00,2608.0
2018-07-21 05:00:00,2555.0
2018-07-21 06:00:00,2541.0
2018-07-21 07:00:00,2559.0
2018-07-21 08:00:00,2605.0
2018-07-21 09:00:00,2767.0
2018-07-21 10:00:00,2949.0
2018-07-21 11:00:00,3249.0
2018-07-21 12:00:00,3407.0
2018-07-21 13:00:00,3442.0
2018-07-21 14:00:00,3458.0
2018-07-21 15:00:00,3427.0
2018-07-21 16:00:00,3407.0
2018-07-21 17:00:00,3353.0
2018-07-21 18:00:00,3386.0
2018-07-21 19:00:00,3358.0
2018-07-21 20:00:00,3167.0
2018-07-21 21:00:00,3118.0
2018-07-21 22:00:00,2908.0
2018-07-21 23:00:00,3110.0
2018-07-22 00:00:00,3105.0
2018-07-22 01:00:00,3039.0
2018-07-22 02:00:00,2892.0
2018-07-22 03:00:00,2879.0
2018-07-22 04:00:00,2810.0
2018-07-22 05:00:00,2759.0
2018-07-22 06:00:00,2697.0
2018-07-22 07:00:00,2696.0
2018-07-22 08:00:00,2746.0
2018-07-22 09:00:00,2861.0
2018-07-22 10:00:00,2928.0
2018-07-22 11:00:00,3117.0
2018-07-22 12:00:00,3201.0
2018-07-22 13:00:00,3308.0
2018-07-22 14:00:00,3426.0
2018-07-22 15:00:00,3326.0
2018-07-22 16:00:00,3345.0
2018-07-22 17:00:00,3336.0
2018-07-22 18:00:00,3378.0
2018-07-22 19:00:00,3255.0
2018-07-22 20:00:00,3211.0
2018-07-22 21:00:00,3098.0
2018-07-22 22:00:00,3120.0
2018-07-22 23:00:00,3147.0
2018-07-23 00:00:00,3140.0
2018-07-23 01:00:00,3047.0
2018-07-23 02:00:00,2953.0
2018-07-23 03:00:00,2803.0
2018-07-23 04:00:00,2907.0
2018-07-23 05:00:00,2732.0
2018-07-23 06:00:00,2741.0
2018-07-23 07:00:00,2746.0
2018-07-23 08:00:00,2749.0
2018-07-23 09:00:00,2944.0
2018-07-23 10:00:00,2885.0
2018-07-23 11:00:00,3073.0
2018-07-23 12:00:00,3228.0
2018-07-23 13:00:00,3309.0
2018-07-23 14:00:00,3255.0
2018-07-23 15:00:00,3249.0
2018-07-23 16:00:00,3243.0
2018-07-23 17:00:00,3287.0
2018-07-23 18:00:00,3181.0
2018-07-23 19:00:00,3197.0
2018-07-23 20:00:00,3099.0
2018-07-23 21:00:00,3174.0
2018-07-23 22:00:00,2912.0
2018-07-23 23:00:00,3037.0
2018-07-24 00:00:00,2956.0
2018-07-24 01:00:00,2926.0
2018-07-24 02:00:00,2804.0
2018-07-24 03:00:00,2714.0
2018-07-24 04:00:00,2821.0
2018-07-24 05:00:00,2737.0
2018-07-24 06:00:00,2652.0
2018-07-24 07:00:00,2770.0
2018-07-24 08:00:00,2782.0
2018-07-24 09:00:00,2902.0
2018-07-24 10:00:00,2897.0
2018-07-24 11:00:00,3145.0
2018-07-24 12:00:00,3159.0
2018-07-24 13:00:00,3323.0
2018-07-24 14:00:00,3390.0
2018-07-24 15:00:00,3281.0
2018-07-24 16:00:00,3426.0
2018-07-24 17:00:00,3407.0
2018-07-24 18:00:00,3347.0
2018-07-24 19:00:00,3211.0
2018-07-24 20:00:00,3083.0
2018-07-24 21:00:00,2972.0
2018-07-24 22:00:00,2940.0
2018-07-24 23:00:00,3042.0
2018-07-25 00:00:00,3089.0
2018-07-25 01:00:00,2981.0
2018-07-25 02:00:00,3003.0
2018-07-25 03:00:00,2895.0
2018-07-25 04:00:00,2912.0
2018-07-25 05:00:00,2812.0
2018-07-25 06:00:00,2711.0
2018-07-25 07:00:00,2793.0
2018-07-25 08:00:00,2749.0
2018-07-25 09:00:00,2936.0
2018-07-25 10:00:00,3068.0
2018-07-25 11:00:00,3188.0
2018-07-25 12:00:00,3331.0
2018-07-25 13:00:00,3554.0
2018-07-25 14:00:00,3478.0
2018-07-25 15:00:00,3431.0
2018-07-25 16:00:00,3334.0
2018-07-25 17:00:00,3472.0
2018-07-25 18:00:00,3379.0
2018-07-25 19:00:00,3296.0
2018-07-25 20:00:00,3216.0
2018-07-25 21:00:00,3233.0
2018-07-25 22:00:00,3083.0
2018-07-25 23:00:00,3224.0
2018-07-26 00:00:00,3212.0
2018-07-26 01:00:00,3075.0
2018-07-26 02:00:00,2992.0
2018-07-26 03:00:00,2931.0
2018-07-26 04:00:00,2884.0
2018-07-26 05:00:00,2902.0
2018-07-26 06:00:00,2751.0
2018-07-26 07:00:00,2847.0
2018-07-26 08:00:00,2727.0
2018-07-26 09:00:00,2882.0
2018-07-26 10:00:00,2803.0
2018-07-26 11:00:00,2843.0
2018-07-26 12:00:00,2885.0
2018-07-26 13:00:00,2981.0
2018-07-26 14:00:00,2961.0
2018-07-26 15:00:00,2929.0
2018-07-26 16:00:00,2942.0
2018-07-26 17:00:00,2986.0
2018-07-26 18:00:00,3036.0
2018-07-26 19:00:00,2969.0
2018-07-26 20:00:00,2961.0
2018-07-26 21:00:00,2937.0
2018-07-26 22:00:00,2874.0
2018-07-26 23:00:00,3018.0
2018-07-27 00:00:00,2960.0
2018-07-27 01:00:00,3015.0
2018-07-27 02:00:00,2861.0
2018-07-27 03:00:00,2809.0
2018-07-27 04:00:00,2680.0
2018-07-27 05:00:00,2726.0
2018-07-27 06:00:00,2594.0
2018-07-27 07:00:00,2629.0
2018-07-27 08:00:00,2572.0
2018-07-27 09:00:00,2629.0
2018-07-27 10:00:00,2515.0
2018-07-27 11:00:00,2532.0
2018-07-27 12:00:00,2468.0
2018-07-27 13:00:00,2601.0
2018-07-27 14:00:00,2593.0
2018-07-27 15:00:00,2632.0
2018-07-27 16:00:00,2542.0
2018-07-27 17:00:00,2609.0
2018-07-27 18:00:00,2660.0
2018-07-27 19:00:00,2634.0
2018-07-27 20:00:00,2660.0
2018-07-27 21:00:00,2633.0
2018-07-27 22:00:00,2615.0
2018-07-27 23:00:00,2647.0
2018-07-28 00:00:00,2668.0
2018-07-28 01:00:00,2628.0
2018-07-28 02:00:00,2572.0
2018-07-28 03:00:00,2593.0
2018-07-28 04:00:00,2713.0
2018-07-28 05:00:00,2646.0
2018-07-28 06:00:00,2541.0
2018-07-28 07:00:00,2699.0
2018-07-28 08:00:00,2805.0
2018-07-28 09:00:00,2761.0
2018-07-28 10:00:00,2987.0
2018-07-28 11:00:00,3115.0
2018-07-28 12:00:00,3166.0
2018-07-28 13:00:00,3241.0
2018-07-28 14:00:00,3362.0
2018-07-28 15:00:00,3184.0
2018-07-28 16:00:00,3227.0
2018-07-28 17:00:00,3152.0
2018-07-28 18:00:00,3338.0
2018-07-28 19:00:00,3341.0
2018-07-28 20:00:00,3165.0
2018-07-28 21:00:00,3116.0
2018-07-28 22:00:00,2898.0
2018-07-28 23:00:00,3109.0
2018-07-29 00:00:00,3095.0
2018-07-29 01:00:00,3143.0
2018-07-29 02:00:00,2959.0
2018-07-29 03:00:00,2787.0
2018-07-29 04:00:00,2794.0
2018-07-29 05:00:00,2797.0
2018-07-29 06:00:00,2664.0
2018-07-29 07:00:00,2759.0
2018-07-29 08:00:00,2826.0
2018-07-29 09:00:00,2961.0
2018-07-29 10:00:00,2982.0
2018-07-29 11:00:00,3179.0
2018-07-29 12:00:00,3259.0
2018-07-29 13:00:00,3378.0
2018-07-29 14:00:00,3523.0
2018-07-29 15:00:00,3432.0
2018-07-29 16:00:00,3519.0
2018-07-29 17:00:00,3470.0
2018-07-29 18:00:00,3236.0
2018-07-29 19:00:00,3198.0
2018-07-29 20:00:00,3193.0
2018-07-29 21:00:00,3083.0
2018-07-29 22:00:00,3012.0
2018-07-29 23:00:00,3195.0
2018-07-30 00:00:00,3108.0
2018-07-30 01:00:00,3164.0
2018-07-30 02:00:00,2970.0
2018-07-30 03:00:00,2871.0
2018-07-30 04:00:00,2862.0
2018-07-30 05:00:00,2745.0
2018-07-30 06:00:00,2663.0
2018-07-30 07:00:00,2653.0
2018-07-30 08:00:00,2733.0
2018-07-30 09:00:00,2916.0
2018-07-30 10:00:00,2855.0
2018-07-30 11:00:00,3095.0
2018-07-30 12:00:00,3149.0
2018-07-30 13:00:00,3193.0
2018-07-30 14:00:00,3183.0
2018-07-30 15:00:00,3181.0
2018-07-30 16:00:00,3150.0
2018-07-30 17:00:00,3146.0
2018-07-30 18:00:00,3137.0
2018-07-30 19:00:00,3148.0
2018-07-30 20:00:00,3054.0
2018-07-30 21:00:00,3027.0
2018-07-30 22:00:00,2949.0
2018-07-30 23:00:00,3022.0
2018-07-31 00:00:00,3010.0
2018-07-31 01:00:00,2970.0
2018-07-31 02:00:00,2805.0
2018-07-31 03:00:00,2731.0
2018-07-31 04:00:00,2715.0
2018-07-31 05:00:00,2710.0
2018-07-31 06:00:00,2607.0
2018-07-31 07:00:00,2700.0
2018-07-31 08:00:00,2777.0
2018-07-31 09:00:00,2817.0
2018-07-31 10:00:00,2880.0
2018-07-31 11:00:00,3035.0
2018-07-31 12:00:00,3165.0
2018-07-31 13:00:00,3349.0
2018-07-31 14:00:00,3288.0
2018-07-31 15:00:00,3279.0
2018-07-31 16:00:00,3395.0
2018-07-31 17:00:00,3152.0
2018-07-31 18:00:00,3218.0
2018-07-31 19:00:00,3152.0
2018-07-31 20:00:00,3162.0
2018-07-31 21:00:00,2995.0
2018-07-31 22:00:00,2933.0
2018-07-31 23:00:00,3169.0
2018-08-01 00:00:00,3137.0
2018-08-01 01:00:00,3106.0
2018-08-01 02:00:00,2989.0
2018-08-01 03:00:00,2907.0
2018-08-01 04:00:00,2866.0
2018-08-01 05:00:00,2793.0
2018-08-01 06:00:00,2694.0
2018-08-01 07:00:00,2770.0
2018-08-01 08:00:00,2692.0
2018-08-01 09:00:00,2921.0
2018-08-01 10:00:00,2984.0
2018-08-01 11:00:00,3248.0
2018-08-01 12:00:00,3281.0
2018-08-01 13:00:00,3469.0
2018-08-01 14:00:00,3491.0
2018-08-01 15:00:00,3449.0
2018-08-01 16:00:00,3448.0
2018-08-01 17:00:00,3368.0
2018-08-01 18:00:00,3446.0
2018-08-01 19:00:00,3371.0
2018-08-01 20:00:00,3159.0
2018-08-01 21:00:00,3106.0
2018-08-01 22:00:00,3065.0
2018-08-01 23:00:00,3146.0
2018-08-02 00:00:00,3211.0
2018-08-02 01:00:00,3200.0
2018-08-02 02:00:00,2920.0
2018-08-02 03:00:00,2878.0
2018-08-02 04:00:00,2857.0
2018-08-02 05:00:00,2905.0
2018-08-02 06:00:00,2794.0
2018-08-02 07:00:00,2750.0
2018-08-02 08:00:00,2747.0
2018-08-02 09:00:00,2772.0
2018-08-02 10:00:00,2671.0
2018-08-02 11:00:00,2651.0
2018-08-02 12:00:00,2554.0
2018-08-02 13:00:00,2772.0
2018-08-02 14:00:00,2669.0
2018-08-02 15:00:00,2763.0
2018-08-02 16:00:00,2697.0
2018-08-02 17:00:00,2837.0
2018-08-02 18:00:00,2727.0
2018-08-02 19:00:00,2728.0
2018-08-02 20:00:00,2737.0
2018-08-02 21:00:00,2751.0
2018-08-02 22:00:00,2754.0
2018-08-02 23:00:00,2924.0
2018-08-03 00:00:00,2925.0
2018-08-03 01:00:00,2891.0
2018-08-03 02:00:00,2751.0
2018-08-03 03:00:00,2710.0
2018-08-03 04:00:00,2664.0
2018-08-03 05:00:00,2574.0
2018-08-03 06:00:00,2630.0
2018-08-03 07:00:00,2592.0
2018-08-03 08:00:00,2484.0
2018-08-03 09:00:00,2522.0
2018-08-03 10:00:00,2411.0
2018-08-03 11:00:00,2406.0
2018-08-03 12:00:00,2397.0
2018-08-03 13:00:00,2479.0
2018-08-03 14:00:00,2527.0
2018-08-03 15:00:00,2544.0
2018-08-03 16:00:00,2497.0
2018-08-03 17:00:00,2515.0
2018-08-03 18:00:00,2557.0
2018-08-03 19:00:00,2598.0
2018-08-03 20:00:00,2548.0
2018-08-03 21:00:00,2577.0
2018-08-03 22:00:00,2583.0
2018-08-03 23:00:00,2599.0
2018-08-04 00:00:00,2551.0
2018-08-04 01:00:00,2573.0
2018-08-04 02:00:00,2484.0
2018-08-04 03:00:00,2525.0
2018-08-04 04:00:00,2521.0
2018-08-04 05:00:00,2538.0
2018-08-04 06:00:00,2526.0
2018-08-04 07:00:00,2555.0
2018-08-04 08:00:00,2649.0
2018-08-04 09:00:00,2788.0
2018-08-04 10:00:00,2910.0
2018-08-04 11:00:00,3095.0
2018-08-04 12:00:00,3233.0
2018-08-04 13:00:00,3358.0
2018-08-04 14:00:00,3437.0
2018-08-04 15:00:00,3286.0
2018-08-04 16:00:00,3384.0
2018-08-04 17:00:00,3254.0
2018-08-04 18:00:00,3206.0
2018-08-04 19:00:00,3215.0
2018-08-04 20:00:00,3052.0
2018-08-04 21:00:00,2960.0
2018-08-04 22:00:00,2864.0
2018-08-04 23:00:00,3097.0
2018-08-05 00:00:00,3052.0
2018-08-05 01:00:00,3064.0
2018-08-05 02:00:00,2864.0
2018-08-05 03:00:00,2778.0
2018-08-05 04:00:00,2736.0
2018-08-05 05:00:00,2757.0
2018-08-05 06:00:00,2700.0
2018-08-05 07:00:00,2715.0
2018-08-05 08:00:00,2715.0
2018-08-05 09:00:00,2898.0
2018-08-05 10:00:00,2969.0
2018-08-05 11:00:00,3163.0
2018-08-05 12:00:00,3223.0
2018-08-05 13:00:00,3312.0
2018-08-05 14:00:00,3359.0
2018-08-05 15:00:00,3289.0
2018-08-05 16:00:00,3167.0
2018-08-05 17:00:00,3213.0
2018-08-05 18:00:00,3051.0
2018-08-05 19:00:00,3097.0
2018-08-05 20:00:00,2993.0
2018-08-05 21:00:00,2900.0
2018-08-05 22:00:00,2893.0
2018-08-05 23:00:00,3147.0
2018-08-06 00:00:00,3185.0
2018-08-06 01:00:00,3099.0
2018-08-06 02:00:00,2972.0
2018-08-06 03:00:00,2904.0
2018-08-06 04:00:00,2865.0
2018-08-06 05:00:00,2817.0
2018-08-06 06:00:00,2690.0
2018-08-06 07:00:00,2665.0
2018-08-06 08:00:00,2725.0
2018-08-06 09:00:00,2788.0
2018-08-06 10:00:00,2791.0
2018-08-06 11:00:00,3064.0
2018-08-06 12:00:00,3062.0
2018-08-06 13:00:00,3203.0
2018-08-06 14:00:00,3225.0
2018-08-06 15:00:00,3185.0
2018-08-06 16:00:00,3183.0
2018-08-06 17:00:00,3226.0
2018-08-06 18:00:00,3144.0
2018-08-06 19:00:00,3097.0
2018-08-06 20:00:00,3050.0
2018-08-06 21:00:00,3016.0
2018-08-06 22:00:00,2868.0
2018-08-06 23:00:00,3118.0
2018-08-07 00:00:00,3041.0
2018-08-07 01:00:00,3016.0
2018-08-07 02:00:00,2894.0
2018-08-07 03:00:00,2902.0
2018-08-07 04:00:00,2972.0
2018-08-07 05:00:00,2919.0
2018-08-07 06:00:00,2825.0
2018-08-07 07:00:00,2882.0
2018-08-07 08:00:00,2909.0
2018-08-07 09:00:00,3053.0
2018-08-07 10:00:00,3210.0
2018-08-07 11:00:00,3388.0
2018-08-07 12:00:00,3427.0
2018-08-07 13:00:00,3469.0
2018-08-07 14:00:00,3492.0
2018-08-07 15:00:00,3237.0
2018-08-07 16:00:00,3362.0
2018-08-07 17:00:00,3448.0
2018-08-07 18:00:00,3439.0
2018-08-07 19:00:00,3378.0
2018-08-07 20:00:00,3117.0
2018-08-07 21:00:00,3049.0
2018-08-07 22:00:00,3017.0
2018-08-07 23:00:00,3088.0
2018-08-08 00:00:00,3146.0
2018-08-08 01:00:00,3129.0
2018-08-08 02:00:00,2932.0
2018-08-08 03:00:00,2904.0
2018-08-08 04:00:00,2906.0
2018-08-08 05:00:00,2779.0
2018-08-08 06:00:00,2807.0
2018-08-08 07:00:00,2721.0
2018-08-08 08:00:00,2758.0
2018-08-08 09:00:00,2878.0
2018-08-08 10:00:00,3040.0
2018-08-08 11:00:00,3175.0
2018-08-08 12:00:00,3205.0
2018-08-08 13:00:00,3215.0
2018-08-08 14:00:00,3496.0
2018-08-08 15:00:00,3401.0
2018-08-08 16:00:00,3403.0
2018-08-08 17:00:00,3403.0
2018-08-08 18:00:00,3284.0
2018-08-08 19:00:00,3299.0
2018-08-08 20:00:00,3199.0
2018-08-08 21:00:00,3035.0
2018-08-08 22:00:00,2919.0
2018-08-08 23:00:00,3185.0
2018-08-09 00:00:00,3095.0
2018-08-09 01:00:00,3049.0
2018-08-09 02:00:00,2951.0
2018-08-09 03:00:00,2856.0
2018-08-09 04:00:00,2890.0
2018-08-09 05:00:00,2908.0
2018-08-09 06:00:00,2867.0
2018-08-09 07:00:00,2869.0
2018-08-09 08:00:00,2785.0
2018-08-09 09:00:00,2858.0
2018-08-09 10:00:00,2782.0
2018-08-09 11:00:00,2770.0
2018-08-09 12:00:00,2727.0
2018-08-09 13:00:00,2794.0
2018-08-09 14:00:00,2840.0
2018-08-09 15:00:00,2829.0
2018-08-09 16:00:00,2783.0
2018-08-09 17:00:00,2849.0
2018-08-09 18:00:00,2853.0
2018-08-09 19:00:00,2739.0
2018-08-09 20:00:00,2707.0
2018-08-09 21:00:00,2825.0
2018-08-09 22:00:00,2711.0
2018-08-09 23:00:00,2966.0
2018-08-10 00:00:00,2969.0
2018-08-10 01:00:00,2990.0
2018-08-10 02:00:00,2792.0
2018-08-10 03:00:00,2712.0
2018-08-10 04:00:00,2703.0
2018-08-10 05:00:00,2481.0
2018-08-10 06:00:00,2546.0
2018-08-10 07:00:00,2596.0
2018-08-10 08:00:00,2561.0
2018-08-10 09:00:00,2522.0
2018-08-10 10:00:00,2493.0
2018-08-10 11:00:00,2491.0
2018-08-10 12:00:00,2503.0
2018-08-10 13:00:00,2522.0
2018-08-10 14:00:00,2575.0
2018-08-10 15:00:00,2642.0
2018-08-10 16:00:00,2200.0
2018-08-10 17:00:00,2454.0
2018-08-10 18:00:00,3078.0
2018-08-10 19:00:00,2902.0
2018-08-10 20:00:00,2975.0
2018-08-10 21:00:00,2816.0
2018-08-10 22:00:00,2789.0
2018-08-10 23:00:00,2925.0
2018-08-11 00:00:00,2678.0
2018-08-11 01:00:00,2455.0
2018-08-11 02:00:00,2535.0
2018-08-11 03:00:00,2505.0
2018-08-11 04:00:00,2430.0
2018-08-11 05:00:00,2432.0
2018-08-11 06:00:00,2436.0
2018-08-11 07:00:00,2391.0
2018-08-11 08:00:00,2597.0
2018-08-11 09:00:00,2622.0
2018-08-11 10:00:00,2839.0
2018-08-11 11:00:00,3109.0
2018-08-11 12:00:00,3334.0
2018-08-11 13:00:00,3378.0
2018-08-11 14:00:00,3357.0
2018-08-11 15:00:00,3213.0
2018-08-11 16:00:00,3362.0
2018-08-11 17:00:00,3411.0
2018-08-11 18:00:00,3355.0
2018-08-11 19:00:00,3266.0
2018-08-11 20:00:00,3121.0
2018-08-11 21:00:00,3187.0
2018-08-11 22:00:00,3017.0
2018-08-11 23:00:00,3297.0
2018-08-12 00:00:00,3246.0
2018-08-12 01:00:00,3135.0
2018-08-12 02:00:00,2923.0
2018-08-12 03:00:00,2770.0
2018-08-12 04:00:00,2816.0
2018-08-12 05:00:00,2747.0
2018-08-12 06:00:00,2694.0
2018-08-12 07:00:00,2674.0
2018-08-12 08:00:00,2757.0
2018-08-12 09:00:00,2882.0
2018-08-12 10:00:00,3030.0
2018-08-12 11:00:00,3239.0
2018-08-12 12:00:00,3334.0
2018-08-12 13:00:00,3537.0
2018-08-12 14:00:00,3482.0
2018-08-12 15:00:00,3369.0
2018-08-12 16:00:00,3428.0
2018-08-12 17:00:00,3548.0
2018-08-12 18:00:00,3244.0
2018-08-12 19:00:00,3315.0
2018-08-12 20:00:00,3144.0
2018-08-12 21:00:00,3105.0
2018-08-12 22:00:00,2932.0
2018-08-12 23:00:00,3081.0
2018-08-13 00:00:00,3066.0
2018-08-13 01:00:00,3029.0
2018-08-13 02:00:00,2925.0
2018-08-13 03:00:00,2901.0
2018-08-13 04:00:00,2864.0
2018-08-13 05:00:00,2808.0
2018-08-13 06:00:00,2678.0
2018-08-13 07:00:00,2739.0
2018-08-13 08:00:00,2823.0
2018-08-13 09:00:00,2874.0
2018-08-13 10:00:00,2868.0
2018-08-13 11:00:00,3115.0
2018-08-13 12:00:00,3205.0
2018-08-13 13:00:00,3225.0
2018-08-13 14:00:00,3289.0
2018-08-13 15:00:00,3144.0
2018-08-13 16:00:00,3266.0
2018-08-13 17:00:00,3730.0
2018-08-13 18:00:00,3613.0
2018-08-13 19:00:00,3364.0
2018-08-13 20:00:00,3255.0
2018-08-13 21:00:00,2994.0
2018-08-13 22:00:00,3071.0
2018-08-13 23:00:00,3142.0
2018-08-14 00:00:00,3153.0
2018-08-14 01:00:00,2994.0
2018-08-14 02:00:00,2843.0
2018-08-14 03:00:00,2813.0
2018-08-14 04:00:00,2920.0
2018-08-14 05:00:00,2894.0
2018-08-14 06:00:00,2830.0
2018-08-14 07:00:00,2780.0
2018-08-14 08:00:00,2901.0
2018-08-14 09:00:00,3020.0
2018-08-14 10:00:00,3090.0
2018-08-14 11:00:00,3303.0
2018-08-14 12:00:00,3476.0
2018-08-14 13:00:00,3552.0
2018-08-14 14:00:00,3537.0
2018-08-14 15:00:00,3387.0
2018-08-14 16:00:00,3494.0
2018-08-14 17:00:00,3511.0
2018-08-14 18:00:00,3463.0
2018-08-14 19:00:00,3386.0
2018-08-14 20:00:00,3291.0
2018-08-14 21:00:00,3201.0
2018-08-14 22:00:00,3135.0
2018-08-14 23:00:00,3111.0
2018-08-15 00:00:00,3216.0
2018-08-15 01:00:00,3096.0
2018-08-15 02:00:00,3085.0
2018-08-15 03:00:00,2976.0
2018-08-15 04:00:00,2911.0
2018-08-15 05:00:00,2847.0
2018-08-15 06:00:00,2827.0
2018-08-15 07:00:00,2898.0
2018-08-15 08:00:00,2809.0
2018-08-15 09:00:00,2967.0
2018-08-15 10:00:00,3148.0
2018-08-15 11:00:00,3284.0
2018-08-15 12:00:00,3315.0
2018-08-15 13:00:00,3461.0
2018-08-15 14:00:00,3548.0
2018-08-15 15:00:00,3501.0
2018-08-15 16:00:00,3429.0
2018-08-15 17:00:00,3516.0
2018-08-15 18:00:00,3367.0
2018-08-15 19:00:00,3270.0
2018-08-15 20:00:00,3145.0
2018-08-15 21:00:00,2986.0
2018-08-15 22:00:00,2924.0
2018-08-15 23:00:00,3099.0
2018-08-16 00:00:00,3046.0
2018-08-16 01:00:00,3070.0
2018-08-16 02:00:00,2928.0
2018-08-16 03:00:00,2837.0
2018-08-16 04:00:00,2782.0
2018-08-16 05:00:00,2763.0
2018-08-16 06:00:00,2760.0
2018-08-16 07:00:00,2754.0
2018-08-16 08:00:00,2764.0
2018-08-16 09:00:00,2759.0
2018-08-16 10:00:00,2815.0
2018-08-16 11:00:00,2831.0
2018-08-16 12:00:00,2757.0
2018-08-16 13:00:00,2826.0
2018-08-16 14:00:00,2935.0
2018-08-16 15:00:00,2826.0
2018-08-16 16:00:00,2956.0
2018-08-16 17:00:00,2822.0
2018-08-16 18:00:00,2826.0
2018-08-16 19:00:00,2746.0
2018-08-16 20:00:00,2742.0
2018-08-16 21:00:00,2729.0
2018-08-16 22:00:00,2772.0
2018-08-16 23:00:00,3016.0
2018-08-17 00:00:00,3028.0
2018-08-17 01:00:00,2967.0
2018-08-17 02:00:00,2715.0
2018-08-17 03:00:00,2671.0
2018-08-17 04:00:00,2713.0
2018-08-17 05:00:00,2546.0
2018-08-17 06:00:00,2452.0
2018-08-17 07:00:00,2578.0
2018-08-17 08:00:00,2586.0
2018-08-17 09:00:00,2539.0
2018-08-17 10:00:00,2602.0
2018-08-17 11:00:00,2476.0
2018-08-17 12:00:00,2533.0
2018-08-17 13:00:00,2561.0
2018-08-17 14:00:00,2576.0
2018-08-17 15:00:00,2556.0
2018-08-17 16:00:00,2654.0
2018-08-17 17:00:00,2666.0
2018-08-17 18:00:00,2639.0
2018-08-17 19:00:00,2619.0
2018-08-17 20:00:00,2621.0
2018-08-17 21:00:00,2601.0
2018-08-17 22:00:00,2606.0
2018-08-17 23:00:00,2680.0
2018-08-18 00:00:00,2634.0
2018-08-18 01:00:00,2558.0
2018-08-18 02:00:00,2505.0
2018-08-18 03:00:00,2446.0
2018-08-18 04:00:00,2535.0
2018-08-18 05:00:00,2502.0
2018-08-18 06:00:00,2522.0
2018-08-18 07:00:00,2520.0
2018-08-18 08:00:00,2669.0
2018-08-18 09:00:00,2760.0
2018-08-18 10:00:00,2890.0
2018-08-18 11:00:00,3134.0
2018-08-18 12:00:00,3303.0
2018-08-18 13:00:00,3442.0
2018-08-18 14:00:00,3508.0
2018-08-18 15:00:00,3508.0
2018-08-18 16:00:00,3498.0
2018-08-18 17:00:00,3592.0
2018-08-18 18:00:00,3506.0
2018-08-18 19:00:00,3284.0
2018-08-18 20:00:00,3187.0
2018-08-18 21:00:00,3163.0
2018-08-18 22:00:00,3063.0
2018-08-18 23:00:00,3143.0
2018-08-19 00:00:00,3230.0
2018-08-19 01:00:00,3162.0
2018-08-19 02:00:00,3083.0
2018-08-19 03:00:00,2966.0
2018-08-19 04:00:00,2971.0
2018-08-19 05:00:00,2830.0
2018-08-19 06:00:00,2829.0
2018-08-19 07:00:00,2833.0
2018-08-19 08:00:00,2903.0
2018-08-19 09:00:00,2975.0
2018-08-19 10:00:00,3122.0
2018-08-19 11:00:00,3173.0
2018-08-19 12:00:00,3201.0
2018-08-19 13:00:00,3371.0
2018-08-19 14:00:00,3375.0
2018-08-19 15:00:00,3238.0
2018-08-19 16:00:00,3319.0
2018-08-19 17:00:00,3339.0
2018-08-19 18:00:00,3272.0
2018-08-19 19:00:00,3197.0
2018-08-19 20:00:00,3117.0
2018-08-19 21:00:00,3122.0
2018-08-19 22:00:00,3023.0
2018-08-19 23:00:00,3279.0
2018-08-20 00:00:00,3183.0
2018-08-20 01:00:00,3191.0
2018-08-20 02:00:00,3031.0
2018-08-20 03:00:00,2973.0
2018-08-20 04:00:00,2921.0
2018-08-20 05:00:00,2866.0
2018-08-20 06:00:00,2784.0
2018-08-20 07:00:00,2823.0
2018-08-20 08:00:00,2850.0
2018-08-20 09:00:00,2874.0
2018-08-20 10:00:00,2984.0
2018-08-20 11:00:00,3163.0
2018-08-20 12:00:00,3255.0
2018-08-20 13:00:00,3365.0
2018-08-20 14:00:00,3408.0
2018-08-20 15:00:00,3348.0
2018-08-20 16:00:00,3384.0
2018-08-20 17:00:00,3391.0
2018-08-20 18:00:00,3466.0
2018-08-20 19:00:00,3431.0
2018-08-20 20:00:00,3183.0
2018-08-20 21:00:00,3138.0
2018-08-20 22:00:00,3115.0
2018-08-20 23:00:00,3271.0
2018-08-21 00:00:00,3212.0
2018-08-21 01:00:00,3123.0
2018-08-21 02:00:00,2959.0
2018-08-21 03:00:00,2982.0
2018-08-21 04:00:00,2966.0
2018-08-21 05:00:00,2893.0
2018-08-21 06:00:00,2801.0
2018-08-21 07:00:00,2935.0
2018-08-21 08:00:00,2928.0
2018-08-21 09:00:00,3104.0
2018-08-21 10:00:00,3138.0
2018-08-21 11:00:00,3278.0
2018-08-21 12:00:00,3366.0
2018-08-21 13:00:00,3386.0
2018-08-21 14:00:00,3426.0
2018-08-21 15:00:00,3267.0
2018-08-21 16:00:00,3291.0
2018-08-21 17:00:00,3327.0
2018-08-21 18:00:00,3341.0
2018-08-21 19:00:00,3332.0
2018-08-21 20:00:00,3254.0
2018-08-21 21:00:00,3177.0
2018-08-21 22:00:00,3139.0
2018-08-21 23:00:00,3254.0
2018-08-22 00:00:00,3181.0
2018-08-22 01:00:00,3228.0
2018-08-22 02:00:00,3125.0
2018-08-22 03:00:00,3060.0
2018-08-22 04:00:00,3009.0
2018-08-22 05:00:00,2906.0
2018-08-22 06:00:00,2827.0
2018-08-22 07:00:00,2909.0
2018-08-22 08:00:00,2979.0
2018-08-22 09:00:00,3024.0
2018-08-22 10:00:00,3160.0
2018-08-22 11:00:00,3277.0
2018-08-22 12:00:00,3422.0
2018-08-22 13:00:00,3405.0
2018-08-22 14:00:00,3391.0
2018-08-22 15:00:00,3267.0
2018-08-22 16:00:00,3403.0
2018-08-22 17:00:00,3402.0
2018-08-22 18:00:00,3275.0
2018-08-22 19:00:00,3289.0
2018-08-22 20:00:00,3166.0
2018-08-22 21:00:00,3116.0
2018-08-22 22:00:00,3216.0
2018-08-22 23:00:00,3207.0
2018-08-23 00:00:00,3167.0
2018-08-23 01:00:00,3184.0
2018-08-23 02:00:00,3108.0
2018-08-23 03:00:00,3037.0
2018-08-23 04:00:00,2994.0
2018-08-23 05:00:00,2847.0
2018-08-23 06:00:00,2861.0
2018-08-23 07:00:00,2862.0
2018-08-23 08:00:00,2891.0
2018-08-23 09:00:00,2830.0
2018-08-23 10:00:00,2827.0
2018-08-23 11:00:00,2925.0
2018-08-23 12:00:00,2846.0
2018-08-23 13:00:00,2818.0
2018-08-23 14:00:00,2959.0
2018-08-23 15:00:00,2966.0
2018-08-23 16:00:00,2960.0
2018-08-23 17:00:00,2925.0
2018-08-23 18:00:00,2931.0
2018-08-23 19:00:00,2909.0
2018-08-23 20:00:00,2854.0
2018-08-23 21:00:00,2858.0
2018-08-23 22:00:00,2943.0
2018-08-23 23:00:00,3160.0
2018-08-24 00:00:00,3114.0
2018-08-24 01:00:00,3189.0
2018-08-24 02:00:00,2976.0
2018-08-24 03:00:00,2923.0
2018-08-24 04:00:00,2883.0
2018-08-24 05:00:00,2739.0
2018-08-24 06:00:00,2729.0
2018-08-24 07:00:00,2865.0
2018-08-24 08:00:00,2752.0
2018-08-24 09:00:00,2737.0
2018-08-24 10:00:00,2761.0
2018-08-24 11:00:00,2666.0
2018-08-24 12:00:00,2737.0
2018-08-24 13:00:00,2769.0
2018-08-24 14:00:00,1478.0
2018-08-24 15:00:00,1856.0
2018-08-24 16:00:00,2860.0
2018-08-24 17:00:00,2660.0
2018-08-24 18:00:00,2680.0
2018-08-24 19:00:00,2716.0
2018-08-24 20:00:00,2719.0
2018-08-24 21:00:00,2756.0
2018-08-24 22:00:00,2777.0
2018-08-24 23:00:00,2814.0
2018-08-25 00:00:00,2772.0
2018-08-25 01:00:00,2757.0
2018-08-25 02:00:00,2695.0
2018-08-25 03:00:00,2692.0
2018-08-25 04:00:00,2701.0
2018-08-25 05:00:00,2661.0
2018-08-25 06:00:00,2654.0
2018-08-25 07:00:00,2741.0
2018-08-25 08:00:00,2872.0
2018-08-25 09:00:00,2866.0
2018-08-25 10:00:00,2959.0
2018-08-25 11:00:00,3136.0
2018-08-25 12:00:00,3296.0
2018-08-25 13:00:00,3356.0
2018-08-25 14:00:00,3432.0
2018-08-25 15:00:00,3413.0
2018-08-25 16:00:00,3390.0
2018-08-25 17:00:00,3354.0
2018-08-25 18:00:00,3409.0
2018-08-25 19:00:00,3309.0
2018-08-25 20:00:00,3187.0
2018-08-25 21:00:00,3009.0
2018-08-25 22:00:00,3085.0
2018-08-25 23:00:00,3213.0
2018-08-26 00:00:00,3247.0
2018-08-26 01:00:00,3259.0
2018-08-26 02:00:00,3002.0
2018-08-26 03:00:00,2884.0
2018-08-26 04:00:00,2829.0
2018-08-26 05:00:00,2913.0
2018-08-26 06:00:00,2759.0
2018-08-26 07:00:00,2777.0
2018-08-26 08:00:00,2875.0
2018-08-26 09:00:00,2887.0
2018-08-26 10:00:00,3072.0
2018-08-26 11:00:00,3147.0
2018-08-26 12:00:00,3335.0
2018-08-26 13:00:00,3354.0
2018-08-26 14:00:00,3400.0
2018-08-26 15:00:00,3339.0
2018-08-26 16:00:00,3310.0
2018-08-26 17:00:00,3254.0
2018-08-26 18:00:00,3279.0
2018-08-26 19:00:00,3365.0
2018-08-26 20:00:00,3287.0
2018-08-26 21:00:00,3173.0
2018-08-26 22:00:00,3139.0
2018-08-26 23:00:00,3236.0
2018-08-27 00:00:00,3286.0
2018-08-27 01:00:00,3048.0
2018-08-27 02:00:00,2986.0
2018-08-27 03:00:00,2828.0
2018-08-27 04:00:00,2797.0
2018-08-27 05:00:00,2764.0
2018-08-27 06:00:00,2683.0
2018-08-27 07:00:00,2669.0
2018-08-27 08:00:00,2783.0
2018-08-27 09:00:00,2868.0
2018-08-27 10:00:00,2967.0
2018-08-27 11:00:00,3066.0
2018-08-27 12:00:00,3160.0
2018-08-27 13:00:00,3150.0
2018-08-27 14:00:00,3176.0
2018-08-27 15:00:00,3053.0
2018-08-27 16:00:00,3068.0
2018-08-27 17:00:00,3268.0
2018-08-27 18:00:00,3259.0
2018-08-27 19:00:00,3188.0
2018-08-27 20:00:00,3116.0
2018-08-27 21:00:00,3042.0
2018-08-27 22:00:00,3019.0
2018-08-27 23:00:00,3108.0
2018-08-28 00:00:00,3086.0
2018-08-28 01:00:00,2941.0
2018-08-28 02:00:00,2819.0
2018-08-28 03:00:00,2791.0
2018-08-28 04:00:00,2820.0
2018-08-28 05:00:00,2732.0
2018-08-28 06:00:00,2752.0
2018-08-28 07:00:00,2787.0
2018-08-28 08:00:00,2852.0
2018-08-28 09:00:00,3053.0
2018-08-28 10:00:00,3155.0
2018-08-28 11:00:00,3194.0
2018-08-28 12:00:00,3320.0
2018-08-28 13:00:00,3438.0
2018-08-28 14:00:00,3654.0
2018-08-28 15:00:00,3419.0
2018-08-28 16:00:00,3376.0
2018-08-28 17:00:00,3532.0
2018-08-28 18:00:00,3421.0
2018-08-28 19:00:00,3486.0
2018-08-28 20:00:00,3241.0
2018-08-28 21:00:00,3179.0
2018-08-28 22:00:00,3215.0
2018-08-28 23:00:00,3344.0
2018-08-29 00:00:00,3323.0
2018-08-29 01:00:00,3223.0
2018-08-29 02:00:00,3076.0
2018-08-29 03:00:00,2983.0
2018-08-29 04:00:00,2999.0
2018-08-29 05:00:00,2928.0
2018-08-29 06:00:00,2822.0
2018-08-29 07:00:00,2834.0
2018-08-29 08:00:00,2824.0
2018-08-29 09:00:00,2968.0
2018-08-29 10:00:00,3158.0
2018-08-29 11:00:00,3184.0
2018-08-29 12:00:00,3349.0
2018-08-29 13:00:00,3361.0
2018-08-29 14:00:00,3500.0
2018-08-29 15:00:00,3422.0
2018-08-29 16:00:00,3447.0
2018-08-29 17:00:00,3442.0
2018-08-29 18:00:00,3405.0
2018-08-29 19:00:00,3312.0
2018-08-29 20:00:00,3117.0
2018-08-29 21:00:00,3164.0
2018-08-29 22:00:00,3007.0
2018-08-29 23:00:00,3206.0
2018-08-30 00:00:00,3086.0
2018-08-30 01:00:00,3098.0
2018-08-30 02:00:00,2947.0
2018-08-30 03:00:00,2881.0
2018-08-30 04:00:00,2855.0
2018-08-30 05:00:00,2823.0
2018-08-30 06:00:00,2672.0
2018-08-30 07:00:00,2722.0
2018-08-30 08:00:00,2757.0
2018-08-30 09:00:00,2911.0
2018-08-30 10:00:00,2837.0
2018-08-30 11:00:00,2862.0
2018-08-30 12:00:00,2848.0
2018-08-30 13:00:00,2802.0
2018-08-30 14:00:00,2886.0
2018-08-30 15:00:00,2841.0
2018-08-30 16:00:00,2872.0
2018-08-30 17:00:00,2902.0
2018-08-30 18:00:00,2741.0
2018-08-30 19:00:00,2781.0
2018-08-30 20:00:00,2719.0
2018-08-30 21:00:00,2950.0
2018-08-30 22:00:00,2802.0
2018-08-30 23:00:00,3006.0
2018-08-31 00:00:00,3136.0
2018-08-31 01:00:00,3164.0
2018-08-31 02:00:00,3100.0
2018-08-31 03:00:00,2839.0
2018-08-31 04:00:00,2915.0
2018-08-31 05:00:00,2632.0
2018-08-31 06:00:00,2624.0
2018-08-31 07:00:00,2604.0
2018-08-31 08:00:00,2658.0
2018-08-31 09:00:00,2625.0
2018-08-31 10:00:00,2596.0
2018-08-31 11:00:00,2586.0
2018-08-31 12:00:00,2552.0
2018-08-31 13:00:00,2634.0
2018-08-31 14:00:00,2700.0
2018-08-31 15:00:00,2602.0
2018-08-31 16:00:00,2652.0
2018-08-31 17:00:00,2659.0
2018-08-31 18:00:00,2598.0
2018-08-31 19:00:00,2588.0
2018-08-31 20:00:00,2576.0
2018-08-31 21:00:00,2626.0
2018-08-31 22:00:00,2682.0
2018-08-31 23:00:00,2688.0
2018-09-01 00:00:00,2638.0
2018-09-01 01:00:00,2639.0
2018-09-01 02:00:00,2593.0
2018-09-01 03:00:00,2574.0
2018-09-01 04:00:00,2608.0
2018-09-01 05:00:00,2601.0
2018-09-01 06:00:00,2558.0
2018-09-01 07:00:00,2595.0
2018-09-01 08:00:00,2677.0
2018-09-01 09:00:00,2805.0
2018-09-01 10:00:00,2961.0
2018-09-01 11:00:00,3100.0
2018-09-01 12:00:00,3178.0
2018-09-01 13:00:00,2922.168144974505
2018-09-01 14:00:00,2922.5046349137247
2018-09-01 15:00:00,2922.8404252106748
2018-09-01 16:00:00,2923.1755066672463
2018-09-01 17:00:00,2923.5098700803906
2018-09-01 18:00:00,2923.8435062799754
2018-09-01 19:00:00,2924.1764061024514
2018-09-01 20:00:00,2924.508560438579
2018-09-01 21:00:00,2924.839960134683
2018-09-01 22:00:00,2925.170596127605
2018-09-01 23:00:00,2925.5004593377294
2018-09-02 00:00:00,2925.829540713417
2018-09-02 01:00:00,2926.1578312244246
2018-09-02 02:00:00,2926.485321868486
2018-09-02 03:00:00,2926.8120036433365
2018-09-02 04:00:00,2927.1378676273516
2018-09-02 05:00:00,2927.4629048380148
2018-09-02 06:00:00,2927.787106391554
2018-09-02 07:00:00,2928.1104633663463
2018-09-02 08:00:00,2928.432966926346
2018-09-02 09:00:00,2928.754608191073
2018-09-02 10:00:00,2929.075378388668
2018-09-02 11:00:00,2929.395268684731
2018-09-02 12:00:00,2929.7142703304426
2018-09-02 13:00:00,2930.0323745786286
2018-09-02 14:00:00,2930.3495727018635
2018-09-02 15:00:00,2930.665856018804
2018-09-02 16:00:00,2930.9812158464597
2018-09-02 17:00:00,2931.295643570963
2018-09-02 18:00:00,2931.6091305669247
2018-09-02 19:00:00,2931.9216682468095
2018-09-02 20:00:00,2932.2332480592872
2018-09-02 21:00:00,2932.543861471132
2018-09-02 22:00:00,2932.853499977095
2018-09-02 23:00:00,2933.16215510978
2018-09-03 00:00:00,2933.4698184248314
2018-09-03 01:00:00,2933.7764815009346
2018-09-03 02:00:00,2934.082135946397
2018-09-03 03:00:00,2934.3867734254836
2018-09-03 04:00:00,2934.6903855942287
2018-09-03 05:00:00,2934.9929641531035
2018-09-03 06:00:00,2935.2945008486595
2018-09-03 07:00:00,2935.5949874373223
2018-09-03 08:00:00,2935.894415719954
2018-09-03 09:00:00,2936.192777510582
2018-09-03 10:00:00,2936.4900646758974
2018-09-03 11:00:00,2936.7862691039873
2018-09-03 12:00:00,2937.0813827273723
2018-09-03 13:00:00,2937.375397486803
2018-09-03 14:00:00,2937.668305377341
2018-09-03 15:00:00,3187.0
2018-09-03 16:00:00,3082.0
2018-09-03 17:00:00,3053.0
2018-09-03 18:00:00,3080.0
2018-09-03 19:00:00,3238.0
2018-09-03 20:00:00,3156.0
2018-09-03 21:00:00,2997.0
2018-09-03 22:00:00,2951.0
2018-09-03 23:00:00,3061.0
2018-09-04 00:00:00,2949.0
2018-09-04 01:00:00,2834.0
2018-09-04 02:00:00,2833.0
2018-09-04 03:00:00,2754.0
2018-09-04 04:00:00,2756.0
2018-09-04 05:00:00,2655.0
2018-09-04 06:00:00,2659.0
2018-09-04 07:00:00,2720.0
2018-09-04 08:00:00,2836.0
2018-09-04 09:00:00,2844.0
2018-09-04 10:00:00,3044.0
2018-09-04 11:00:00,3201.0
2018-09-04 12:00:00,3227.0
2018-09-04 13:00:00,3335.0
2018-09-04 14:00:00,3480.0
2018-09-04 15:00:00,3476.0
2018-09-04 16:00:00,3616.0
2018-09-04 17:00:00,3606.0
2018-09-04 18:00:00,3511.0
2018-09-04 19:00:00,3437.0
2018-09-04 20:00:00,3324.0
2018-09-04 21:00:00,3171.0
2018-09-04 22:00:00,3207.0
2018-09-04 23:00:00,3364.0
2018-09-05 00:00:00,3344.0
2018-09-05 01:00:00,3253.0
2018-09-05 02:00:00,3143.0
2018-09-05 03:00:00,2970.0
2018-09-05 04:00:00,2925.0
2018-09-05 05:00:00,2914.0
2018-09-05 06:00:00,2818.0
2018-09-05 07:00:00,2851.0
2018-09-05 08:00:00,2931.0
2018-09-05 09:00:00,2941.0
2018-09-05 10:00:00,3117.0
2018-09-05 11:00:00,3213.0
2018-09-05 12:00:00,3338.0
2018-09-05 13:00:00,3531.0
2018-09-05 14:00:00,3707.0
2018-09-05 15:00:00,3621.0
2018-09-05 16:00:00,3668.0
2018-09-05 17:00:00,3746.0
2018-09-05 18:00:00,3760.0
2018-09-05 19:00:00,3694.0
2018-09-05 20:00:00,3482.0
2018-09-05 21:00:00,3335.0
2018-09-05 22:00:00,3119.0
2018-09-05 23:00:00,3323.0
2018-09-06 00:00:00,3267.0
2018-09-06 01:00:00,3308.0
2018-09-06 02:00:00,3059.0
2018-09-06 03:00:00,3107.0
2018-09-06 04:00:00,3027.0
2018-09-06 05:00:00,2913.0
2018-09-06 06:00:00,2834.0
2018-09-06 07:00:00,2852.0
2018-09-06 08:00:00,2872.0
2018-09-06 09:00:00,2790.0
2018-09-06 10:00:00,2927.0
2018-09-06 11:00:00,2836.0
2018-09-06 12:00:00,2838.0
2018-09-06 13:00:00,3035.0
2018-09-06 14:00:00,3114.0
2018-09-06 15:00:00,3132.0
2018-09-06 16:00:00,3172.0
2018-09-06 17:00:00,3185.0
2018-09-06 18:00:00,3106.0
2018-09-06 19:00:00,3044.0
2018-09-06 20:00:00,3004.0
2018-09-06 21:00:00,2863.0
2018-09-06 22:00:00,2969.0
2018-09-06 23:00:00,3072.0
2018-09-07 00:00:00,3040.0
2018-09-07 01:00:00,2974.0
2018-09-07 02:00:00,2961.0
2018-09-07 03:00:00,2832.0
2018-09-07 04:00:00,2750.0
2018-09-07 05:00:00,2622.0
2018-09-07 06:00:00,2676.0
2018-09-07 07:00:00,2748.0
2018-09-07 08:00:00,2647.0
2018-09-07 09:00:00,2593.0
2018-09-07 10:00:00,2656.0
2018-09-07 11:00:00,2578.0
2018-09-07 12:00:00,2583.0
2018-09-07 13:00:00,2598.0
2018-09-07 14:00:00,2706.0
2018-09-07 15:00:00,2651.0
2018-09-07 16:00:00,2752.0
2018-09-07 17:00:00,2754.0
2018-09-07 18:00:00,2719.0
2018-09-07 19:00:00,2672.0
2018-09-07 20:00:00,2584.0
2018-09-07 21:00:00,2657.0
2018-09-07 22:00:00,2797.0
2018-09-07 23:00:00,2726.0
2018-09-08 00:00:00,2658.0
2018-09-08 01:00:00,2657.0
2018-09-08 02:00:00,2586.0
2018-09-08 03:00:00,2601.0
2018-09-08 04:00:00,2613.0
2018-09-08 05:00:00,2634.0
2018-09-08 06:00:00,2570.0
2018-09-08 07:00:00,2582.0
2018-09-08 08:00:00,2684.0
2018-09-08 09:00:00,2736.0
2018-09-08 10:00:00,3011.0
2018-09-08 11:00:00,3077.0
2018-09-08 12:00:00,3299.0
2018-09-08 13:00:00,3498.0
2018-09-08 14:00:00,3588.0
2018-09-08 15:00:00,3379.0
2018-09-08 16:00:00,3507.0
2018-09-08 17:00:00,3522.0
2018-09-08 18:00:00,3590.0
2018-09-08 19:00:00,3498.0
2018-09-08 20:00:00,3349.0
2018-09-08 21:00:00,3126.0
2018-09-08 22:00:00,2990.0
2018-09-08 23:00:00,3154.0
2018-09-09 00:00:00,3113.0
2018-09-09 01:00:00,3057.0
2018-09-09 02:00:00,2958.0
2018-09-09 03:00:00,2869.0
2018-09-09 04:00:00,2836.0
2018-09-09 05:00:00,2843.0
2018-09-09 06:00:00,2761.0
2018-09-09 07:00:00,2741.0
2018-09-09 08:00:00,2795.0
2018-09-09 09:00:00,2915.0
2018-09-09 10:00:00,3101.0
2018-09-09 11:00:00,3233.0
2018-09-09 12:00:00,3399.0
2018-09-09 13:00:00,3626.0
2018-09-09 14:00:00,3635.0
2018-09-09 15:00:00,3574.0
2018-09-09 16:00:00,3668.0
2018-09-09 17:00:00,3779.0
2018-09-09 18:00:00,3794.0
2018-09-09 19:00:00,3799.0
2018-09-09 20:00:00,3610.0
2018-09-09 21:00:00,3394.0
2018-09-09 22:00:00,3137.0
2018-09-09 23:00:00,3272.0
2018-09-10 00:00:00,3210.0
2018-09-10 01:00:00,3169.0
2018-09-10 02:00:00,3030.0
2018-09-10 03:00:00,3018.0
2018-09-10 04:00:00,2921.0
2018-09-10 05:00:00,2876.0
2018-09-10 06:00:00,2782.0
2018-09-10 07:00:00,2748.0
2018-09-10 08:00:00,2829.0
2018-09-10 09:00:00,2838.0
2018-09-10 10:00:00,2889.0
2018-09-10 11:00:00,3083.0
2018-09-10 12:00:00,3236.0
2018-09-10 13:00:00,3317.0
2018-09-10 14:00:00,3484.0
2018-09-10 15:00:00,3380.0
2018-09-10 16:00:00,3486.0
2018-09-10 17:00:00,3516.0
2018-09-10 18:00:00,3616.0
2018-09-10 19:00:00,3603.0
2018-09-10 20:00:00,3540.0
2018-09-10 21:00:00,3244.0
2018-09-10 22:00:00,3250.0
2018-09-10 23:00:00,3183.0
2018-09-11 00:00:00,3089.0
2018-09-11 01:00:00,3023.0
2018-09-11 02:00:00,2849.0
2018-09-11 03:00:00,2723.0
2018-09-11 04:00:00,2806.0
2018-09-11 05:00:00,2692.0
2018-09-11 06:00:00,2706.0
2018-09-11 07:00:00,2785.0
2018-09-11 08:00:00,2781.0
2018-09-11 09:00:00,2890.0
2018-09-11 10:00:00,3114.0
2018-09-11 11:00:00,3305.0
2018-09-11 12:00:00,3410.0
2018-09-11 13:00:00,3441.0
2018-09-11 14:00:00,3527.0
2018-09-11 15:00:00,3428.0
2018-09-11 16:00:00,3566.0
2018-09-11 17:00:00,3631.0
2018-09-11 18:00:00,3620.0
2018-09-11 19:00:00,3588.0
2018-09-11 20:00:00,3407.0
2018-09-11 21:00:00,3230.0
2018-09-11 22:00:00,3102.0
2018-09-11 23:00:00,3299.0
2018-09-12 00:00:00,3269.0
2018-09-12 01:00:00,3214.0
2018-09-12 02:00:00,3100.0
2018-09-12 03:00:00,2972.0
2018-09-12 04:00:00,2866.0
2018-09-12 05:00:00,2840.0
2018-09-12 06:00:00,2786.0
2018-09-12 07:00:00,2738.0
2018-09-12 08:00:00,2780.0
2018-09-12 09:00:00,2900.0
2018-09-12 10:00:00,3005.0
2018-09-12 11:00:00,3236.0
2018-09-12 12:00:00,3307.0
2018-09-12 13:00:00,3469.0
2018-09-12 14:00:00,3643.0
2018-09-12 15:00:00,3524.0
2018-09-12 16:00:00,3608.0
2018-09-12 17:00:00,3659.0
2018-09-12 18:00:00,3656.0
2018-09-12 19:00:00,3545.0
2018-09-12 20:00:00,3302.0
2018-09-12 21:00:00,3135.0
2018-09-12 22:00:00,3075.0
2018-09-12 23:00:00,3253.0
2018-09-13 00:00:00,3174.0
2018-09-13 01:00:00,3174.0
2018-09-13 02:00:00,3018.0
2018-09-13 03:00:00,2871.0
2018-09-13 04:00:00,2815.0
2018-09-13 05:00:00,2808.0
2018-09-13 06:00:00,2769.0
2018-09-13 07:00:00,2803.0
2018-09-13 08:00:00,2795.0
2018-09-13 09:00:00,2700.0
2018-09-13 10:00:00,2765.0
2018-09-13 11:00:00,2816.0
2018-09-13 12:00:00,2880.0
2018-09-13 13:00:00,3015.0
2018-09-13 14:00:00,3020.0
2018-09-13 15:00:00,3005.0
2018-09-13 16:00:00,3019.0
2018-09-13 17:00:00,3079.0
2018-09-13 18:00:00,3054.0
2018-09-13 19:00:00,2986.0
2018-09-13 20:00:00,2877.0
2018-09-13 21:00:00,2929.0
2018-09-13 22:00:00,2899.0
2018-09-13 23:00:00,3088.0
2018-09-14 00:00:00,3027.0
2018-09-14 01:00:00,3002.0
2018-09-14 02:00:00,2857.0
2018-09-14 03:00:00,2801.0
2018-09-14 04:00:00,2738.0
2018-09-14 05:00:00,2616.0
2018-09-14 06:00:00,2672.0
2018-09-14 07:00:00,2639.0
2018-09-14 08:00:00,2584.0
2018-09-14 09:00:00,2561.0
2018-09-14 10:00:00,2543.0
2018-09-14 11:00:00,2578.0
2018-09-14 12:00:00,2666.0
2018-09-14 13:00:00,2697.0
2018-09-14 14:00:00,2781.0
2018-09-14 15:00:00,2811.0
2018-09-14 16:00:00,2919.0
2018-09-14 17:00:00,2930.0
2018-09-14 18:00:00,2939.0
2018-09-14 19:00:00,2881.0
2018-09-14 20:00:00,2765.0
2018-09-14 21:00:00,2712.0
2018-09-14 22:00:00,2766.0
2018-09-14 23:00:00,2725.0
2018-09-15 00:00:00,2651.0
2018-09-15 01:00:00,2561.0
2018-09-15 02:00:00,2567.0
2018-09-15 03:00:00,2583.0
2018-09-15 04:00:00,2528.0
2018-09-15 05:00:00,2519.0
2018-09-15 06:00:00,2519.0
2018-09-15 07:00:00,2585.0
2018-09-15 08:00:00,2666.0
2018-09-15 09:00:00,2781.0
2018-09-15 10:00:00,2858.0
2018-09-15 11:00:00,3138.0
2018-09-15 12:00:00,3309.0
2018-09-15 13:00:00,3540.0
2018-09-15 14:00:00,3560.0
2018-09-15 15:00:00,3526.0
2018-09-15 16:00:00,3615.0
2018-09-15 17:00:00,3734.0
2018-09-15 18:00:00,3872.0
2018-09-15 19:00:00,3788.0
2018-09-15 20:00:00,3406.0
2018-09-15 21:00:00,3161.0
2018-09-15 22:00:00,3142.0
2018-09-15 23:00:00,3229.0
2018-09-16 00:00:00,3114.0
2018-09-16 01:00:00,3166.0
2018-09-16 02:00:00,3104.0
2018-09-16 03:00:00,3013.0
2018-09-16 04:00:00,2933.0
2018-09-16 05:00:00,2890.0
2018-09-16 06:00:00,2855.0
2018-09-16 07:00:00,2835.0
2018-09-16 08:00:00,2773.0
2018-09-16 09:00:00,2941.0
2018-09-16 10:00:00,3053.0
2018-09-16 11:00:00,3199.0
2018-09-16 12:00:00,3364.0
2018-09-16 13:00:00,3509.0
2018-09-16 14:00:00,3558.0
2018-09-16 15:00:00,3566.0
2018-09-16 16:00:00,3653.0
2018-09-16 17:00:00,3726.0
2018-09-16 18:00:00,3638.0
2018-09-16 19:00:00,3491.0
2018-09-16 20:00:00,3366.0
2018-09-16 21:00:00,3147.0
2018-09-16 22:00:00,3127.0
2018-09-16 23:00:00,3346.0
2018-09-17 00:00:00,3206.0
2018-09-17 01:00:00,3203.0
2018-09-17 02:00:00,3089.0
2018-09-17 03:00:00,2939.0
2018-09-17 04:00:00,2900.0
2018-09-17 05:00:00,2837.0
2018-09-17 06:00:00,2784.0
2018-09-17 07:00:00,2845.0
2018-09-17 08:00:00,2835.0
2018-09-17 09:00:00,2903.0
2018-09-17 10:00:00,2912.0
2018-09-17 11:00:00,3125.0
2018-09-17 12:00:00,3277.0
2018-09-17 13:00:00,3418.0
2018-09-17 14:00:00,3498.0
2018-09-17 15:00:00,3522.0
2018-09-17 16:00:00,3641.0
2018-09-17 17:00:00,3746.0
2018-09-17 18:00:00,3799.0
2018-09-17 19:00:00,3696.0
2018-09-17 20:00:00,3431.0
2018-09-17 21:00:00,3251.0
2018-09-17 22:00:00,3205.0
2018-09-17 23:00:00,3274.0
2018-09-18 00:00:00,3135.0
2018-09-18 01:00:00,3073.0
2018-09-18 02:00:00,2950.0
2018-09-18 03:00:00,2880.0
2018-09-18 04:00:00,2819.0
2018-09-18 05:00:00,2765.0
2018-09-18 06:00:00,2788.0
2018-09-18 07:00:00,2847.0
2018-09-18 08:00:00,2913.0
2018-09-18 09:00:00,2931.0
2018-09-18 10:00:00,3011.0
2018-09-18 11:00:00,3302.0
2018-09-18 12:00:00,3341.0
2018-09-18 13:00:00,3498.0
2018-09-18 14:00:00,3467.0
2018-09-18 15:00:00,3406.0
2018-09-18 16:00:00,3460.0
2018-09-18 17:00:00,3580.0
2018-09-18 18:00:00,3783.0
2018-09-18 19:00:00,3631.0
2018-09-18 20:00:00,3305.0
2018-09-18 21:00:00,3214.0
2018-09-18 22:00:00,3230.0
2018-09-18 23:00:00,3431.0
2018-09-19 00:00:00,3370.0
2018-09-19 01:00:00,3359.0
2018-09-19 02:00:00,3142.0
2018-09-19 03:00:00,3075.0
2018-09-19 04:00:00,2964.0
2018-09-19 05:00:00,2900.0
2018-09-19 06:00:00,2837.0
2018-09-19 07:00:00,2975.0
2018-09-19 08:00:00,2878.0
2018-09-19 09:00:00,2938.0
2018-09-19 10:00:00,3017.0
2018-09-19 11:00:00,3254.0
2018-09-19 12:00:00,3373.0
2018-09-19 13:00:00,3404.0
2018-09-19 14:00:00,3391.0
2018-09-19 15:00:00,3321.0
2018-09-19 16:00:00,3398.0
2018-09-19 17:00:00,3471.0
2018-09-19 18:00:00,3537.0
2018-09-19 19:00:00,3467.0
2018-09-19 20:00:00,3260.0
2018-09-19 21:00:00,3261.0
2018-09-19 22:00:00,3185.0
2018-09-19 23:00:00,3274.0
2018-09-20 00:00:00,3234.0
2018-09-20 01:00:00,3198.0
2018-09-20 02:00:00,3047.0
2018-09-20 03:00:00,2987.0
2018-09-20 04:00:00,2921.0
2018-09-20 05:00:00,2896.0
2018-09-20 06:00:00,2915.0
2018-09-20 07:00:00,2926.0
2018-09-20 08:00:00,2874.0
2018-09-20 09:00:00,2768.0
2018-09-20 10:00:00,2855.0
2018-09-20 11:00:00,3009.0
2018-09-20 12:00:00,2940.0
2018-09-20 13:00:00,3002.0
2018-09-20 14:00:00,2953.0
2018-09-20 15:00:00,2901.0
2018-09-20 16:00:00,2880.0
2018-09-20 17:00:00,2914.0
2018-09-20 18:00:00,2855.0
2018-09-20 19:00:00,2839.0
2018-09-20 20:00:00,2802.0
2018-09-20 21:00:00,2903.0
2018-09-20 22:00:00,2911.0
2018-09-20 23:00:00,3083.0
2018-09-21 00:00:00,3089.0
2018-09-21 01:00:00,3083.0
2018-09-21 02:00:00,2849.0
2018-09-21 03:00:00,2864.0
2018-09-21 04:00:00,2805.0
2018-09-21 05:00:00,2635.0
2018-09-21 06:00:00,2659.0
2018-09-21 07:00:00,2681.0
2018-09-21 08:00:00,2732.0
2018-09-21 09:00:00,2603.0
2018-09-21 10:00:00,2627.0
2018-09-21 11:00:00,2596.0
2018-09-21 12:00:00,2643.0
2018-09-21 13:00:00,2655.0
2018-09-21 14:00:00,2668.0
2018-09-21 15:00:00,2679.0
2018-09-21 16:00:00,2735.0
2018-09-21 17:00:00,2755.0
2018-09-21 18:00:00,2734.0
2018-09-21 19:00:00,2719.0
2018-09-21 20:00:00,2676.0
2018-09-21 21:00:00,2680.0
2018-09-21 22:00:00,2701.0
2018-09-21 23:00:00,2728.0
2018-09-22 00:00:00,2640.0
2018-09-22 01:00:00,2619.0
2018-09-22 02:00:00,2615.0
2018-09-22 03:00:00,2587.0
2018-09-22 04:00:00,2637.0
2018-09-22 05:00:00,2595.0
2018-09-22 06:00:00,2623.0
2018-09-22 07:00:00,2640.0
2018-09-22 08:00:00,2787.0
2018-09-22 09:00:00,2863.0
2018-09-22 10:00:00,3000.0
2018-09-22 11:00:00,3226.0
2018-09-22 12:00:00,3316.0
2018-09-22 13:00:00,3420.0
2018-09-22 14:00:00,3422.0
2018-09-22 15:00:00,3321.0
2018-09-22 16:00:00,3384.0
2018-09-22 17:00:00,3395.0
2018-09-22 18:00:00,3392.0
2018-09-22 19:00:00,3292.0
2018-09-22 20:00:00,3149.0
2018-09-22 21:00:00,3071.0
2018-09-22 22:00:00,3074.0
2018-09-22 23:00:00,3224.0
2018-09-23 00:00:00,3110.0
2018-09-23 01:00:00,3146.0
2018-09-23 02:00:00,2991.0
2018-09-23 03:00:00,2934.0
2018-09-23 04:00:00,2810.0
2018-09-23 05:00:00,2778.0
2018-09-23 06:00:00,2701.0
2018-09-23 07:00:00,2787.0
2018-09-23 08:00:00,2767.0
2018-09-23 09:00:00,2872.0
2018-09-23 10:00:00,3069.0
2018-09-23 11:00:00,3385.0
2018-09-23 12:00:00,3387.0
2018-09-23 13:00:00,3501.0
2018-09-23 14:00:00,3554.0
2018-09-23 15:00:00,3379.0
2018-09-23 16:00:00,3438.0
2018-09-23 17:00:00,3425.0
2018-09-23 18:00:00,3396.0
2018-09-23 19:00:00,3349.0
2018-09-23 20:00:00,3247.0
2018-09-23 21:00:00,3209.0
2018-09-23 22:00:00,3105.0
2018-09-23 23:00:00,3333.0
2018-09-24 00:00:00,3211.0
2018-09-24 01:00:00,3203.0
2018-09-24 02:00:00,2998.0
2018-09-24 03:00:00,3014.0
2018-09-24 04:00:00,2887.0
2018-09-24 05:00:00,2823.0
2018-09-24 06:00:00,2798.0
2018-09-24 07:00:00,2868.0
2018-09-24 08:00:00,2829.0
2018-09-24 09:00:00,2956.0
2018-09-24 10:00:00,3096.0
2018-09-24 11:00:00,3281.0
2018-09-24 12:00:00,3344.0
2018-09-24 13:00:00,3387.0
2018-09-24 14:00:00,3441.0
2018-09-24 15:00:00,3323.0
2018-09-24 16:00:00,3371.0
2018-09-24 17:00:00,3385.0
2018-09-24 18:00:00,3360.0
2018-09-24 19:00:00,3349.0
2018-09-24 20:00:00,3143.0
2018-09-24 21:00:00,3130.0
2018-09-24 22:00:00,3086.0
2018-09-24 23:00:00,3093.0
2018-09-25 00:00:00,2963.0
2018-09-25 01:00:00,2979.0
2018-09-25 02:00:00,2802.0
2018-09-25 03:00:00,2835.0
2018-09-25 04:00:00,2799.0
2018-09-25 05:00:00,2741.0
2018-09-25 06:00:00,2692.0
2018-09-25 07:00:00,2799.0
2018-09-25 08:00:00,2843.0
2018-09-25 09:00:00,2910.0
2018-09-25 10:00:00,3032.0
2018-09-25 11:00:00,3249.0
2018-09-25 12:00:00,3285.0
2018-09-25 13:00:00,3450.0
2018-09-25 14:00:00,3421.0
2018-09-25 15:00:00,3356.0
2018-09-25 16:00:00,3322.0
2018-09-25 17:00:00,3303.0
2018-09-25 18:00:00,3304.0
2018-09-25 19:00:00,3401.0
2018-09-25 20:00:00,3354.0
2018-09-25 21:00:00,3217.0
2018-09-25 22:00:00,3141.0
2018-09-25 23:00:00,3299.0
2018-09-26 00:00:00,3123.0
2018-09-26 01:00:00,3184.0
2018-09-26 02:00:00,3033.0
2018-09-26 03:00:00,2980.0
2018-09-26 04:00:00,2838.0
2018-09-26 05:00:00,2808.0
2018-09-26 06:00:00,2808.0
2018-09-26 07:00:00,2795.0
2018-09-26 08:00:00,2861.0
2018-09-26 09:00:00,2947.0
2018-09-26 10:00:00,3109.0
2018-09-26 11:00:00,3321.0
2018-09-26 12:00:00,3362.0
2018-09-26 13:00:00,3514.0
2018-09-26 14:00:00,3521.0
2018-09-26 15:00:00,2893.560303519271
2018-09-26 16:00:00,2893.365304605018
2018-09-26 17:00:00,2893.1714602683755
2018-09-26 18:00:00,2892.9787779053554
2018-09-26 19:00:00,2892.7872648313264
2018-09-26 20:00:00,2892.596928302412
2018-09-26 21:00:00,2892.4077755484013
2018-09-26 22:00:00,2892.219813771108
2018-09-26 23:00:00,2892.0330500703076
2018-09-27 00:00:00,2891.8474915589422
2018-09-27 01:00:00,2891.663145252854
2018-09-27 02:00:00,2891.480018164594
2018-09-27 03:00:00,2891.2981172310097
2018-09-27 04:00:00,2891.117449339574
2018-09-27 05:00:00,2890.9380213448458
2018-09-27 06:00:00,2890.7598400371994
2018-09-27 07:00:00,2890.5829121724496
2018-09-27 08:00:00,2890.407244458682
2018-09-27 09:00:00,2890.2328435414456
2018-09-27 10:00:00,2890.0597160185616
2018-09-27 11:00:00,2889.887868445062
2018-09-27 12:00:00,2889.71730732496
2018-09-27 13:00:00,2889.5480390947937
2018-09-27 14:00:00,2889.3800701861637
2018-09-27 15:00:00,2889.213406918759
2018-09-27 16:00:00,2889.048055610623
2018-09-27 17:00:00,2888.884022490929
2018-09-27 18:00:00,2888.7213137674553
2018-09-27 19:00:00,2888.559935577212
2018-09-27 20:00:00,2888.3998940160664
2018-09-27 21:00:00,2888.2411951321583
2018-09-27 22:00:00,2888.083844891341
2018-09-27 23:00:00,2887.927849252884
2018-09-28 00:00:00,2887.7732140723733
2018-09-28 01:00:00,2887.6199451922307
2018-09-28 02:00:00,2887.468048385756
2018-09-28 03:00:00,2887.317529355481
2018-09-28 04:00:00,2887.1683937841885
2018-09-28 05:00:00,2887.0206472789578
2018-09-28 06:00:00,2886.874295390911
2018-09-28 07:00:00,2886.7293436415475
2018-09-28 08:00:00,2886.585797455268
2018-09-28 09:00:00,2886.443662251535
2018-09-28 10:00:00,2886.30294334942
2018-09-28 11:00:00,2886.1636460103937
2018-09-28 12:00:00,2886.0257754926347
2018-09-28 13:00:00,2885.8893369736807
2018-09-28 14:00:00,2885.7543355356147
2018-09-28 15:00:00,2885.6207762424174
2018-09-28 16:00:00,2885.488664121862
2018-09-28 17:00:00,2677.0
2018-09-28 18:00:00,2720.0
2018-09-28 19:00:00,2784.0
2018-09-28 20:00:00,2609.0
2018-09-28 21:00:00,2777.0
2018-09-28 22:00:00,2665.0
2018-09-28 23:00:00,2668.0
2018-09-29 00:00:00,2655.0
2018-09-29 01:00:00,2549.0
2018-09-29 02:00:00,2467.0
2018-09-29 03:00:00,2477.0
2018-09-29 04:00:00,2510.0
2018-09-29 05:00:00,2496.0
2018-09-29 06:00:00,2491.0
2018-09-29 07:00:00,2509.0
2018-09-29 08:00:00,2567.0
2018-09-29 09:00:00,2753.0
2018-09-29 10:00:00,2970.0
2018-09-29 11:00:00,3161.0
2018-09-29 12:00:00,3425.0
2018-09-29 13:00:00,3413.0
2018-09-29 14:00:00,3328.0
2018-09-29 15:00:00,3362.0
2018-09-29 16:00:00,3406.0
2018-09-29 17:00:00,3344.0
2018-09-29 18:00:00,3471.0
2018-09-29 19:00:00,3439.0
2018-09-29 20:00:00,3275.0
2018-09-29 21:00:00,3169.0
2018-09-29 22:00:00,3145.0
2018-09-29 23:00:00,3137.0
2018-09-30 00:00:00,3057.0
2018-09-30 01:00:00,3033.0
2018-09-30 02:00:00,2904.0
2018-09-30 03:00:00,2857.0
2018-09-30 04:00:00,2774.0
2018-09-30 05:00:00,2750.0
2018-09-30 06:00:00,2676.0
2018-09-30 07:00:00,2564.0
2018-09-30 08:00:00,2589.0
2018-09-30 09:00:00,2840.0
2018-09-30 10:00:00,3176.0
2018-09-30 11:00:00,3370.0
2018-09-30 12:00:00,3408.0
2018-09-30 13:00:00,3452.0
2018-09-30 14:00:00,3427.0
2018-09-30 15:00:00,3260.0
2018-09-30 16:00:00,3407.0
2018-09-30 17:00:00,3270.0
2018-09-30 18:00:00,3340.0
2018-09-30 19:00:00,3357.0
2018-09-30 20:00:00,3155.0
2018-09-30 21:00:00,3168.0
2018-09-30 22:00:00,3065.0
2018-09-30 23:00:00,3116.0
2018-10-01 00:00:00,3084.0
2018-10-01 01:00:00,2962.0
2018-10-01 02:00:00,2854.0
2018-10-01 03:00:00,2858.0
2018-10-01 04:00:00,2806.0
2018-10-01 05:00:00,2720.0
2018-10-01 06:00:00,2633.0
2018-10-01 07:00:00,2623.0
2018-10-01 08:00:00,2525.0
2018-10-01 09:00:00,2833.0
2018-10-01 10:00:00,3143.0
2018-10-01 11:00:00,3313.0
2018-10-01 12:00:00,3446.0
2018-10-01 13:00:00,3451.0
2018-10-01 14:00:00,3505.0
2018-10-01 15:00:00,3424.0
2018-10-01 16:00:00,3468.0
2018-10-01 17:00:00,3431.0
2018-10-01 18:00:00,3477.0
2018-10-01 19:00:00,3403.0
2018-10-01 20:00:00,3282.0
2018-10-01 21:00:00,3188.0
2018-10-01 22:00:00,3227.0
2018-10-01 23:00:00,3025.0
2018-10-02 00:00:00,3055.0
2018-10-02 01:00:00,2907.0
2018-10-02 02:00:00,2729.0
2018-10-02 03:00:00,2773.0
2018-10-02 04:00:00,2719.0
2018-10-02 05:00:00,2741.0
2018-10-02 06:00:00,2662.0
2018-10-02 07:00:00,2701.0
2018-10-02 08:00:00,2716.0
2018-10-02 09:00:00,2858.0
2018-10-02 10:00:00,3185.0
2018-10-02 11:00:00,3275.0
2018-10-02 12:00:00,3391.0
2018-10-02 13:00:00,3443.0
2018-10-02 14:00:00,3315.0
2018-10-02 15:00:00,3347.0
2018-10-02 16:00:00,3453.0
2018-10-02 17:00:00,3485.0
2018-10-02 18:00:00,3469.0
2018-10-02 19:00:00,3532.0
2018-10-02 20:00:00,3344.0
2018-10-02 21:00:00,3243.0
2018-10-02 22:00:00,3269.0
2018-10-02 23:00:00,3096.0
2018-10-03 00:00:00,3163.0
2018-10-03 01:00:00,3093.0
2018-10-03 02:00:00,2946.0
2018-10-03 03:00:00,2874.0
2018-10-03 04:00:00,2802.0
2018-10-03 05:00:00,2686.0
2018-10-03 06:00:00,2631.0
2018-10-03 07:00:00,2606.0
2018-10-03 08:00:00,2557.0
2018-10-03 09:00:00,2741.0
2018-10-03 10:00:00,3081.0
2018-10-03 11:00:00,3378.0
2018-10-03 12:00:00,3488.0
2018-10-03 13:00:00,3487.0
2018-10-03 14:00:00,3487.0
2018-10-03 15:00:00,3327.0
2018-10-03 16:00:00,3390.0
2018-10-03 17:00:00,3409.0
2018-10-03 18:00:00,3417.0
2018-10-03 19:00:00,3462.0
2018-10-03 20:00:00,3311.0
2018-10-03 21:00:00,3256.0
2018-10-03 22:00:00,3128.0
2018-10-03 23:00:00,3227.0
2018-10-04 00:00:00,3265.0
2018-10-04 01:00:00,3157.0
2018-10-04 02:00:00,2955.0
2018-10-04 03:00:00,3044.0
2018-10-04 04:00:00,2973.0
2018-10-04 05:00:00,2836.0
2018-10-04 06:00:00,2832.0
2018-10-04 07:00:00,2700.0
2018-10-04 08:00:00,2747.0
2018-10-04 09:00:00,2765.0
2018-10-04 10:00:00,2951.0
2018-10-04 11:00:00,3005.0
2018-10-04 12:00:00,3056.0
2018-10-04 13:00:00,3007.0
2018-10-04 14:00:00,3113.0
2018-10-04 15:00:00,3010.0
2018-10-04 16:00:00,3076.0
2018-10-04 17:00:00,3135.0
2018-10-04 18:00:00,3140.0
2018-10-04 19:00:00,3002.0
2018-10-04 20:00:00,2985.0
2018-10-04 21:00:00,3010.0
2018-10-04 22:00:00,3030.0
2018-10-04 23:00:00,3060.0
2018-10-05 00:00:00,3109.0
2018-10-05 01:00:00,3014.0
2018-10-05 02:00:00,2921.0
2018-10-05 03:00:00,2720.0
2018-10-05 04:00:00,2826.0
2018-10-05 05:00:00,2519.0
2018-10-05 06:00:00,2592.0
2018-10-05 07:00:00,2639.0
2018-10-05 08:00:00,2572.0
2018-10-05 09:00:00,2580.0
2018-10-05 10:00:00,2686.0
2018-10-05 11:00:00,2745.0
2018-10-05 12:00:00,2798.0
2018-10-05 13:00:00,2721.0
2018-10-05 14:00:00,2747.0
2018-10-05 15:00:00,2680.0
2018-10-05 16:00:00,2953.0
2018-10-05 17:00:00,2803.0
2018-10-05 18:00:00,2931.0
2018-10-05 19:00:00,2847.0
2018-10-05 20:00:00,2831.0
2018-10-05 21:00:00,2884.0
2018-10-05 22:00:00,2856.0
2018-10-05 23:00:00,2696.0
2018-10-06 00:00:00,2716.0
2018-10-06 01:00:00,2554.0
2018-10-06 02:00:00,2596.0
2018-10-06 03:00:00,2453.0
2018-10-06 04:00:00,2560.0
2018-10-06 05:00:00,2505.0
2018-10-06 06:00:00,2485.0
2018-10-06 07:00:00,2495.0
2018-10-06 08:00:00,2555.0
2018-10-06 09:00:00,2766.0
2018-10-06 10:00:00,3100.0
2018-10-06 11:00:00,3304.0
2018-10-06 12:00:00,3409.0
2018-10-06 13:00:00,3506.0
2018-10-06 14:00:00,3633.0
2018-10-06 15:00:00,3564.0
2018-10-06 16:00:00,3677.0
2018-10-06 17:00:00,3819.0
2018-10-06 18:00:00,3991.0
2018-10-06 19:00:00,4029.0
2018-10-06 20:00:00,3796.0
2018-10-06 21:00:00,3621.0
2018-10-06 22:00:00,3511.0
2018-10-06 23:00:00,3475.0
2018-10-07 00:00:00,3368.0
2018-10-07 01:00:00,3156.0
2018-10-07 02:00:00,3018.0
2018-10-07 03:00:00,2925.0
2018-10-07 04:00:00,2933.0
2018-10-07 05:00:00,2902.0
2018-10-07 06:00:00,2736.0
2018-10-07 07:00:00,2733.0
2018-10-07 08:00:00,2659.0
2018-10-07 09:00:00,2792.0
2018-10-07 10:00:00,3099.0
2018-10-07 11:00:00,3352.0
2018-10-07 12:00:00,3479.0
2018-10-07 13:00:00,3549.0
2018-10-07 14:00:00,3646.0
2018-10-07 15:00:00,3708.0
2018-10-07 16:00:00,3855.0
2018-10-07 17:00:00,4105.0
2018-10-07 18:00:00,4185.0
2018-10-07 19:00:00,4210.0
2018-10-07 20:00:00,4023.0
2018-10-07 21:00:00,3779.0
2018-10-07 22:00:00,3673.0
2018-10-07 23:00:00,3622.0
2018-10-08 00:00:00,3528.0
2018-10-08 01:00:00,3289.0
2018-10-08 02:00:00,3202.0
2018-10-08 03:00:00,3117.0
2018-10-08 04:00:00,3047.0
2018-10-08 05:00:00,2902.0
2018-10-08 06:00:00,2820.0
2018-10-08 07:00:00,2773.0
2018-10-08 08:00:00,2767.0
2018-10-08 09:00:00,2835.0
2018-10-08 10:00:00,3203.0
2018-10-08 11:00:00,3481.0
2018-10-08 12:00:00,3461.0
2018-10-08 13:00:00,3563.0
2018-10-08 14:00:00,3547.0
2018-10-08 15:00:00,3509.0
2018-10-08 16:00:00,3731.0
2018-10-08 17:00:00,3750.0
2018-10-08 18:00:00,3952.0
2018-10-08 19:00:00,3948.0
2018-10-08 20:00:00,3821.0
2018-10-08 21:00:00,3734.0
2018-10-08 22:00:00,3506.0
2018-10-08 23:00:00,3269.0
2018-10-09 00:00:00,3276.0
2018-10-09 01:00:00,3046.0
2018-10-09 02:00:00,2936.0
2018-10-09 03:00:00,2967.0
2018-10-09 04:00:00,2993.0
2018-10-09 05:00:00,2918.0
2018-10-09 06:00:00,2796.0
2018-10-09 07:00:00,2810.0
2018-10-09 08:00:00,2724.0
2018-10-09 09:00:00,2959.0
2018-10-09 10:00:00,3157.0
2018-10-09 11:00:00,3303.0
2018-10-09 12:00:00,3460.0
2018-10-09 13:00:00,3673.0
2018-10-09 14:00:00,3738.0
2018-10-09 15:00:00,3664.0
2018-10-09 16:00:00,3877.0
2018-10-09 17:00:00,4206.0
2018-10-09 18:00:00,4221.0
2018-10-09 19:00:00,4120.0
2018-10-09 20:00:00,3765.0
2018-10-09 21:00:00,3519.0
2018-10-09 22:00:00,3448.0
2018-10-09 23:00:00,3335.0
2018-10-10 00:00:00,3412.0
2018-10-10 01:00:00,3280.0
2018-10-10 02:00:00,3079.0
2018-10-10 03:00:00,3054.0
2018-10-10 04:00:00,2956.0
2018-10-10 05:00:00,2914.0
2018-10-10 06:00:00,2764.0
2018-10-10 07:00:00,2746.0
2018-10-10 08:00:00,2718.0
2018-10-10 09:00:00,2776.0
2018-10-10 10:00:00,3007.0
2018-10-10 11:00:00,3335.0
2018-10-10 12:00:00,3388.0
2018-10-10 13:00:00,3520.0
2018-10-10 14:00:00,3614.0
2018-10-10 15:00:00,3546.0
2018-10-10 16:00:00,3670.0
2018-10-10 17:00:00,3641.0
2018-10-10 18:00:00,3809.0
2018-10-10 19:00:00,3917.0
2018-10-10 20:00:00,3789.0
2018-10-10 21:00:00,3573.0
2018-10-10 22:00:00,3441.0
2018-10-10 23:00:00,3246.0
2018-10-11 00:00:00,3178.0
2018-10-11 01:00:00,2992.0
2018-10-11 02:00:00,2945.0
2018-10-11 03:00:00,2854.0
2018-10-11 04:00:00,2899.0
2018-10-11 05:00:00,2823.0
2018-10-11 06:00:00,2739.0
2018-10-11 07:00:00,2727.0
2018-10-11 08:00:00,2714.0
2018-10-11 09:00:00,2727.0
2018-10-11 10:00:00,2898.0
2018-10-11 11:00:00,2843.0
2018-10-11 12:00:00,2939.0
2018-10-11 13:00:00,2939.0
2018-10-11 14:00:00,2936.0
2018-10-11 15:00:00,3001.0
2018-10-11 16:00:00,3031.0
2018-10-11 17:00:00,3114.0
2018-10-11 18:00:00,3375.0
2018-10-11 19:00:00,3495.0
2018-10-11 20:00:00,3411.0
2018-10-11 21:00:00,3256.0
2018-10-11 22:00:00,3098.0
2018-10-11 23:00:00,2962.0
2018-10-12 00:00:00,2893.0
2018-10-12 01:00:00,2823.0
2018-10-12 02:00:00,2792.0
2018-10-12 03:00:00,2674.0
2018-10-12 04:00:00,2781.0
2018-10-12 05:00:00,2593.0
2018-10-12 06:00:00,2616.0
2018-10-12 07:00:00,2614.0
2018-10-12 08:00:00,2612.0
2018-10-12 09:00:00,2517.0
2018-10-12 10:00:00,2665.0
2018-10-12 11:00:00,2693.0
2018-10-12 12:00:00,2650.0
2018-10-12 13:00:00,2704.0
2018-10-12 14:00:00,2742.0
2018-10-12 15:00:00,2804.0
2018-10-12 16:00:00,3007.0
2018-10-12 17:00:00,2940.0
2018-10-12 18:00:00,3005.0
2018-10-12 19:00:00,3019.0
2018-10-12 20:00:00,2930.0
2018-10-12 21:00:00,2936.0
2018-10-12 22:00:00,2858.0
2018-10-12 23:00:00,2786.0
2018-10-13 00:00:00,2820.0
2018-10-13 01:00:00,2629.0
2018-10-13 02:00:00,2625.0
2018-10-13 03:00:00,2543.0
2018-10-13 04:00:00,2631.0
2018-10-13 05:00:00,2585.0
2018-10-13 06:00:00,2607.0
2018-10-13 07:00:00,2660.0
2018-10-13 08:00:00,2791.0
2018-10-13 09:00:00,2948.0
2018-10-13 10:00:00,3211.0
2018-10-13 11:00:00,3425.0
2018-10-13 12:00:00,3361.0
2018-10-13 13:00:00,3374.0
2018-10-13 14:00:00,3583.0
2018-10-13 15:00:00,3493.0
2018-10-13 16:00:00,3598.0
2018-10-13 17:00:00,3864.0
2018-10-13 18:00:00,3973.0
2018-10-13 19:00:00,4114.0
2018-10-13 20:00:00,3895.0
2018-10-13 21:00:00,3579.0
2018-10-13 22:00:00,3519.0
2018-10-13 23:00:00,3299.0
2018-10-14 00:00:00,3155.0
2018-10-14 01:00:00,3073.0
2018-10-14 02:00:00,2976.0
2018-10-14 03:00:00,2913.0
2018-10-14 04:00:00,2842.0
2018-10-14 05:00:00,2785.0
2018-10-14 06:00:00,2730.0
2018-10-14 07:00:00,2797.0
2018-10-14 08:00:00,2635.0
2018-10-14 09:00:00,2823.0
2018-10-14 10:00:00,3079.0
2018-10-14 11:00:00,3251.0
2018-10-14 12:00:00,3285.0
2018-10-14 13:00:00,3619.0
2018-10-14 14:00:00,3664.0
2018-10-14 15:00:00,3771.0
2018-10-14 16:00:00,3792.0
2018-10-14 17:00:00,3752.0
2018-10-14 18:00:00,3859.0
2018-10-14 19:00:00,3998.0
2018-10-14 20:00:00,3797.0
2018-10-14 21:00:00,3656.0
2018-10-14 22:00:00,3565.0
2018-10-14 23:00:00,3127.0
2018-10-15 00:00:00,3199.0
2018-10-15 01:00:00,3039.0
2018-10-15 02:00:00,2811.0
2018-10-15 03:00:00,2876.0
2018-10-15 04:00:00,2765.0
2018-10-15 05:00:00,2759.0
2018-10-15 06:00:00,2673.0
2018-10-15 07:00:00,2750.0
2018-10-15 08:00:00,2566.0
2018-10-15 09:00:00,2867.0
2018-10-15 10:00:00,3173.0
2018-10-15 11:00:00,3233.0
2018-10-15 12:00:00,3391.0
2018-10-15 13:00:00,3471.0
2018-10-15 14:00:00,3582.0
2018-10-15 15:00:00,3577.0
2018-10-15 16:00:00,3729.0
2018-10-15 17:00:00,3994.0
2018-10-15 18:00:00,4188.0
2018-10-15 19:00:00,4077.0
2018-10-15 20:00:00,3629.0
2018-10-15 21:00:00,3451.0
2018-10-15 22:00:00,3457.0
2018-10-15 23:00:00,3238.0
2018-10-16 00:00:00,3164.0
2018-10-16 01:00:00,3114.0
2018-10-16 02:00:00,3018.0
2018-10-16 03:00:00,2873.0
2018-10-16 04:00:00,2892.0
2018-10-16 05:00:00,2803.0
2018-10-16 06:00:00,2722.0
2018-10-16 07:00:00,2660.0
2018-10-16 08:00:00,2673.0
2018-10-16 09:00:00,2902.0
2018-10-16 10:00:00,3187.0
2018-10-16 11:00:00,3299.0
2018-10-16 12:00:00,3442.0
2018-10-16 13:00:00,3642.0
2018-10-16 14:00:00,3708.0
2018-10-16 15:00:00,3774.0
2018-10-16 16:00:00,4226.0
2018-10-16 17:00:00,4317.0
2018-10-16 18:00:00,4553.0
2018-10-16 19:00:00,4856.0
2018-10-16 20:00:00,4413.0
2018-10-16 21:00:00,4144.0
2018-10-16 22:00:00,3739.0
2018-10-16 23:00:00,3403.0
2018-10-17 00:00:00,3239.0
2018-10-17 01:00:00,3143.0
2018-10-17 02:00:00,3097.0
2018-10-17 03:00:00,3028.0
2018-10-17 04:00:00,2931.0
2018-10-17 05:00:00,2880.0
2018-10-17 06:00:00,2868.0
2018-10-17 07:00:00,2876.0
2018-10-17 08:00:00,2844.0
2018-10-17 09:00:00,2955.0
2018-10-17 10:00:00,3101.0
2018-10-17 11:00:00,3155.0
2018-10-17 12:00:00,3265.0
2018-10-17 13:00:00,3296.0
2018-10-17 14:00:00,3168.0
2018-10-17 15:00:00,3153.0
2018-10-17 16:00:00,3232.0
2018-10-17 17:00:00,3331.0
2018-10-17 18:00:00,3403.0
2018-10-17 19:00:00,3334.0
2018-10-17 20:00:00,3423.0
2018-10-17 21:00:00,3395.0
2018-10-17 22:00:00,3224.0
2018-10-17 23:00:00,3082.0
2018-10-18 00:00:00,3067.0
2018-10-18 01:00:00,2951.0
2018-10-18 02:00:00,2838.0
2018-10-18 03:00:00,2865.0
2018-10-18 04:00:00,2821.0
2018-10-18 05:00:00,2803.0
2018-10-18 06:00:00,2781.0
2018-10-18 07:00:00,2691.0
2018-10-18 08:00:00,2736.0
2018-10-18 09:00:00,2566.0
2018-10-18 10:00:00,2703.0
2018-10-18 11:00:00,2642.0
2018-10-18 12:00:00,2825.0
2018-10-18 13:00:00,2835.0
2018-10-18 14:00:00,2768.0
2018-10-18 15:00:00,2806.0
2018-10-18 16:00:00,2928.0
2018-10-18 17:00:00,2840.0
2018-10-18 18:00:00,2961.0
2018-10-18 19:00:00,2879.0
2018-10-18 20:00:00,2798.0
2018-10-18 21:00:00,2705.0
2018-10-18 22:00:00,2738.0
2018-10-18 23:00:00,2608.0
2018-10-19 00:00:00,2666.0
2018-10-19 01:00:00,2523.0
2018-10-19 02:00:00,2568.0
2018-10-19 03:00:00,2432.0
2018-10-19 04:00:00,2530.0
2018-10-19 05:00:00,2395.0
2018-10-19 06:00:00,2509.0
2018-10-19 07:00:00,2463.0
2018-10-19 08:00:00,2503.0
2018-10-19 09:00:00,2013.0
2018-10-19 10:00:00,2777.0
2018-10-19 11:00:00,2609.0
2018-10-19 12:00:00,2569.0
2018-10-19 13:00:00,2719.0
2018-10-19 14:00:00,2708.0
2018-10-19 15:00:00,2587.0
2018-10-19 16:00:00,2754.0
2018-10-19 17:00:00,2622.0
2018-10-19 18:00:00,2714.0
2018-10-19 19:00:00,2613.0
2018-10-19 20:00:00,2603.0
2018-10-19 21:00:00,2659.0
2018-10-19 22:00:00,2590.0
2018-10-19 23:00:00,2501.0
2018-10-20 00:00:00,2605.0
2018-10-20 01:00:00,2424.0
2018-10-20 02:00:00,2491.0
2018-10-20 03:00:00,2499.0
2018-10-20 04:00:00,2464.0
2018-10-20 05:00:00,2432.0
2018-10-20 06:00:00,2439.0
2018-10-20 07:00:00,2439.0
2018-10-20 08:00:00,2665.0
2018-10-20 09:00:00,2701.0
2018-10-20 10:00:00,3002.0
2018-10-20 11:00:00,3047.0
2018-10-20 12:00:00,3180.0
2018-10-20 13:00:00,3376.0
2018-10-20 14:00:00,3326.0
2018-10-20 15:00:00,3404.0
2018-10-20 16:00:00,3389.0
2018-10-20 17:00:00,3283.0
2018-10-20 18:00:00,3399.0
2018-10-20 19:00:00,3764.0
2018-10-20 20:00:00,3571.0
2018-10-20 21:00:00,3429.0
2018-10-20 22:00:00,3169.0
2018-10-20 23:00:00,2922.0
2018-10-21 00:00:00,2913.0
2018-10-21 01:00:00,2742.0
2018-10-21 02:00:00,2664.0
2018-10-21 03:00:00,2594.0
2018-10-21 04:00:00,2607.0
2018-10-21 05:00:00,2510.0
2018-10-21 06:00:00,2501.0
2018-10-21 07:00:00,2406.0
2018-10-21 08:00:00,2547.0
2018-10-21 09:00:00,2558.0
2018-10-21 10:00:00,2986.0
2018-10-21 11:00:00,3137.0
2018-10-21 12:00:00,3235.0
2018-10-21 13:00:00,3313.0
2018-10-21 14:00:00,3326.0
2018-10-21 15:00:00,3220.0
2018-10-21 16:00:00,3384.0
2018-10-21 17:00:00,3685.0
2018-10-21 18:00:00,3604.0
2018-10-21 19:00:00,3700.0
2018-10-21 20:00:00,3426.0
2018-10-21 21:00:00,3340.0
2018-10-21 22:00:00,3289.0
2018-10-21 23:00:00,3058.0
2018-10-22 00:00:00,2919.0
2018-10-22 01:00:00,2771.0
2018-10-22 02:00:00,2731.0
2018-10-22 03:00:00,2582.0
2018-10-22 04:00:00,2613.0
2018-10-22 05:00:00,2607.0
2018-10-22 06:00:00,2550.0
2018-10-22 07:00:00,2643.0
2018-10-22 08:00:00,2639.0
2018-10-22 09:00:00,2693.0
2018-10-22 10:00:00,3124.0
2018-10-22 11:00:00,3194.0
2018-10-22 12:00:00,3276.0
2018-10-22 13:00:00,3296.0
2018-10-22 14:00:00,3287.0
2018-10-22 15:00:00,3253.0
2018-10-22 16:00:00,3347.0
2018-10-22 17:00:00,3493.0
2018-10-22 18:00:00,3500.0
2018-10-22 19:00:00,3475.0
2018-10-22 20:00:00,3396.0
2018-10-22 21:00:00,3262.0
2018-10-22 22:00:00,3056.0
2018-10-22 23:00:00,2969.0
2018-10-23 00:00:00,2900.0
2018-10-23 01:00:00,2661.0
2018-10-23 02:00:00,2651.0
2018-10-23 03:00:00,2532.0
2018-10-23 04:00:00,2578.0
2018-10-23 05:00:00,2558.0
2018-10-23 06:00:00,2518.0
2018-10-23 07:00:00,2507.0
2018-10-23 08:00:00,2670.0
2018-10-23 09:00:00,2692.0
2018-10-23 10:00:00,3128.0
2018-10-23 11:00:00,3258.0
2018-10-23 12:00:00,3341.0
2018-10-23 13:00:00,3470.0
2018-10-23 14:00:00,3495.0
2018-10-23 15:00:00,3315.0
2018-10-23 16:00:00,3267.0
2018-10-23 17:00:00,3448.0
2018-10-23 18:00:00,3431.0
2018-10-23 19:00:00,3679.0
2018-10-23 20:00:00,3653.0
2018-10-23 21:00:00,3508.0
2018-10-23 22:00:00,3203.0
2018-10-23 23:00:00,3058.0
2018-10-24 00:00:00,3040.0
2018-10-24 01:00:00,2719.0
2018-10-24 02:00:00,2654.0
2018-10-24 03:00:00,2584.0
2018-10-24 04:00:00,2629.0
2018-10-24 05:00:00,2627.0
2018-10-24 06:00:00,2592.0
2018-10-24 07:00:00,2640.0
2018-10-24 08:00:00,2618.0
2018-10-24 09:00:00,2615.0
2018-10-24 10:00:00,2967.0
2018-10-24 11:00:00,3064.0
2018-10-24 12:00:00,3005.0
2018-10-24 13:00:00,3091.0
2018-10-24 14:00:00,3066.0
2018-10-24 15:00:00,3049.0
2018-10-24 16:00:00,3209.0
2018-10-24 17:00:00,3316.0
2018-10-24 18:00:00,3514.0
2018-10-24 19:00:00,3544.0
2018-10-24 20:00:00,3233.0
2018-10-24 21:00:00,3202.0
2018-10-24 22:00:00,3047.0
2018-10-24 23:00:00,2816.0
2018-10-25 00:00:00,2971.0
2018-10-25 01:00:00,2787.0
2018-10-25 02:00:00,2796.0
2018-10-25 03:00:00,2643.0
2018-10-25 04:00:00,2654.0
2018-10-25 05:00:00,2622.0
2018-10-25 06:00:00,2703.0
2018-10-25 07:00:00,2771.0
2018-10-25 08:00:00,2678.0
2018-10-25 09:00:00,2607.0
2018-10-25 10:00:00,2891.0
2018-10-25 11:00:00,2947.0
2018-10-25 12:00:00,2976.0
2018-10-25 13:00:00,3107.0
2018-10-25 14:00:00,3043.0
2018-10-25 15:00:00,2831.0
2018-10-25 16:00:00,2916.0
2018-10-25 17:00:00,2946.0
2018-10-25 18:00:00,3128.0
2018-10-25 19:00:00,2977.0
2018-10-25 20:00:00,3114.0
2018-10-25 21:00:00,2963.0
2018-10-25 22:00:00,2810.0
2018-10-25 23:00:00,2664.0
2018-10-26 00:00:00,2587.0
2018-10-26 01:00:00,2504.0
2018-10-26 02:00:00,2501.0
2018-10-26 03:00:00,2365.0
2018-10-26 04:00:00,2461.0
2018-10-26 05:00:00,2271.0
2018-10-26 06:00:00,2339.0
2018-10-26 07:00:00,2324.0
2018-10-26 08:00:00,2331.0
2018-10-26 09:00:00,2183.0
2018-10-26 10:00:00,2498.0
2018-10-26 11:00:00,2449.0
2018-10-26 12:00:00,2538.0
2018-10-26 13:00:00,2669.0
2018-10-26 14:00:00,2689.0
2018-10-26 15:00:00,2634.0
2018-10-26 16:00:00,2789.0
2018-10-26 17:00:00,2727.0
2018-10-26 18:00:00,2780.0
2018-10-26 19:00:00,2715.0
2018-10-26 20:00:00,2743.0
2018-10-26 21:00:00,2660.0
2018-10-26 22:00:00,2592.0
2018-10-26 23:00:00,2434.0
2018-10-27 00:00:00,2557.0
2018-10-27 01:00:00,2338.0
2018-10-27 02:00:00,2372.0
2018-10-27 03:00:00,2179.0
2018-10-27 04:00:00,2285.0
2018-10-27 05:00:00,2267.0
2018-10-27 06:00:00,2254.0
2018-10-27 07:00:00,2262.0
2018-10-27 08:00:00,2440.0
2018-10-27 09:00:00,2408.0
2018-10-27 10:00:00,2946.0
2018-10-27 11:00:00,3089.0
2018-10-27 12:00:00,3165.0
2018-10-27 13:00:00,3291.0
2018-10-27 14:00:00,3454.0
2018-10-27 15:00:00,3387.0
2018-10-27 16:00:00,3492.0
2018-10-27 17:00:00,3777.0
2018-10-27 18:00:00,3997.0
2018-10-27 19:00:00,4053.0
2018-10-27 20:00:00,3820.0
2018-10-27 21:00:00,3491.0
2018-10-27 22:00:00,3209.0
2018-10-27 23:00:00,2967.0
2018-10-28 00:00:00,2925.0
2018-10-28 01:00:00,2598.0
2018-10-28 02:00:00,2727.0
2018-10-28 03:00:00,2563.0
2018-10-28 04:00:00,2680.0
2018-10-28 05:00:00,2581.0
2018-10-28 06:00:00,2518.0
2018-10-28 07:00:00,2469.0
2018-10-28 08:00:00,2513.0
2018-10-28 09:00:00,2689.0
2018-10-28 10:00:00,3118.0
2018-10-28 11:00:00,3244.0
2018-10-28 12:00:00,3367.0
2018-10-28 13:00:00,3541.0
2018-10-28 14:00:00,3590.0
2018-10-28 15:00:00,3556.0
2018-10-28 16:00:00,3709.0
2018-10-28 17:00:00,3895.0
2018-10-28 18:00:00,3979.0
2018-10-28 19:00:00,4625.0
2018-10-28 20:00:00,4184.0
2018-10-28 21:00:00,3973.0
2018-10-28 22:00:00,3377.0
2018-10-28 23:00:00,3246.0
2018-10-29 00:00:00,3109.0
2018-10-29 01:00:00,2954.0
2018-10-29 02:00:00,2896.0
2018-10-29 03:00:00,2845.0
2018-10-29 04:00:00,2822.0
2018-10-29 05:00:00,2750.0
2018-10-29 06:00:00,2578.0
2018-10-29 07:00:00,2674.0
2018-10-29 08:00:00,2733.0
2018-10-29 09:00:00,2728.0
2018-10-29 10:00:00,3068.0
2018-10-29 11:00:00,3355.0
2018-10-29 12:00:00,3575.0
2018-10-29 13:00:00,3716.0
2018-10-29 14:00:00,3821.0
2018-10-29 15:00:00,3785.0
2018-10-29 16:00:00,3562.0
2018-10-29 17:00:00,3720.0
2018-10-29 18:00:00,3982.0
2018-10-29 19:00:00,4486.0
2018-10-29 20:00:00,3686.0
2018-10-29 21:00:00,3516.0
2018-10-29 22:00:00,3258.0
2018-10-29 23:00:00,3108.0
2018-10-30 00:00:00,3006.0
2018-10-30 01:00:00,2776.0
2018-10-30 02:00:00,2663.0
2018-10-30 03:00:00,2573.0
2018-10-30 04:00:00,2616.0
2018-10-30 05:00:00,2570.0
2018-10-30 06:00:00,2554.0
2018-10-30 07:00:00,2565.0
2018-10-30 08:00:00,2657.0
2018-10-30 09:00:00,2711.0
2018-10-30 10:00:00,3016.0
2018-10-30 11:00:00,3114.0
2018-10-30 12:00:00,3162.0
2018-10-30 13:00:00,3329.0
2018-10-30 14:00:00,3489.0
2018-10-30 15:00:00,3411.0
2018-10-30 16:00:00,3537.0
2018-10-30 17:00:00,3681.0
2018-10-30 18:00:00,3783.0
2018-10-30 19:00:00,3914.0
2018-10-30 20:00:00,3782.0
2018-10-30 21:00:00,3553.0
2018-10-30 22:00:00,3200.0
2018-10-30 23:00:00,3001.0
2018-10-31 00:00:00,2981.0
2018-10-31 01:00:00,2734.0
2018-10-31 02:00:00,2736.0
2018-10-31 03:00:00,2665.0
2018-10-31 04:00:00,2723.0
2018-10-31 05:00:00,2657.0
2018-10-31 06:00:00,2616.0
2018-10-31 07:00:00,2597.0
2018-10-31 08:00:00,2642.0
2018-10-31 09:00:00,2682.0
2018-10-31 10:00:00,3101.0
2018-10-31 11:00:00,3368.0
2018-10-31 12:00:00,3479.0
2018-10-31 13:00:00,4232.0
2018-10-31 14:00:00,4159.0
2018-10-31 15:00:00,4117.0
2018-10-31 16:00:00,4227.0
2018-10-31 17:00:00,4512.0
2018-10-31 18:00:00,4561.0
2018-10-31 19:00:00,4617.0
2018-10-31 20:00:00,4344.0
2018-10-31 21:00:00,4026.0
2018-10-31 22:00:00,3786.0
2018-10-31 23:00:00,3546.0
2018-11-01 00:00:00,3308.0
2018-11-01 01:00:00,2992.0
2018-11-01 02:00:00,2904.0
2018-11-01 03:00:00,2850.0
2018-11-01 04:00:00,2821.0
2018-11-01 05:00:00,2771.0
2018-11-01 06:00:00,2747.0
2018-11-01 07:00:00,2697.0
2018-11-01 08:00:00,2752.0
2018-11-01 09:00:00,2674.0
2018-11-01 10:00:00,2968.0
2018-11-01 11:00:00,3138.0
2018-11-01 12:00:00,3089.0
2018-11-01 13:00:00,3185.0
2018-11-01 14:00:00,3443.0
2018-11-01 15:00:00,3325.0
2018-11-01 16:00:00,3429.0
2018-11-01 17:00:00,3496.0
2018-11-01 18:00:00,3791.0
2018-11-01 19:00:00,3750.0
2018-11-01 20:00:00,3637.0
2018-11-01 21:00:00,3519.0
2018-11-01 22:00:00,3264.0
2018-11-01 23:00:00,3011.0
2018-11-02 00:00:00,2987.0
2018-11-02 01:00:00,2809.0
2018-11-02 02:00:00,2796.0
2018-11-02 03:00:00,2609.0
2018-11-02 04:00:00,2711.0
2018-11-02 05:00:00,2508.0
2018-11-02 06:00:00,2444.0
2018-11-02 07:00:00,2465.0
2018-11-02 08:00:00,2571.0
2018-11-02 09:00:00,2433.0
2018-11-02 10:00:00,2738.0
2018-11-02 11:00:00,2733.0
2018-11-02 12:00:00,2869.0
2018-11-02 13:00:00,2924.0
2018-11-02 14:00:00,3040.0
2018-11-02 15:00:00,3097.0
2018-11-02 16:00:00,3211.0
2018-11-02 17:00:00,3222.0
2018-11-02 18:00:00,3258.0
2018-11-02 19:00:00,3218.0
2018-11-02 20:00:00,3166.0
2018-11-02 21:00:00,3032.0
2018-11-02 22:00:00,2943.0
2018-11-02 23:00:00,2799.0
2018-11-03 00:00:00,2729.0
2018-11-03 01:00:00,2637.0
2018-11-03 02:00:00,2612.0
2018-11-03 03:00:00,2518.0
2018-11-03 04:00:00,2554.0
2018-11-03 05:00:00,2453.0
2018-11-03 06:00:00,2482.0
2018-11-03 07:00:00,2414.0
2018-11-03 08:00:00,2521.0
2018-11-03 09:00:00,2564.0
2018-11-03 10:00:00,2986.0
2018-11-03 11:00:00,3283.0
2018-11-03 12:00:00,3365.0
2018-11-03 13:00:00,3532.0
2018-11-03 14:00:00,3707.0
2018-11-03 15:00:00,3730.0
2018-11-03 16:00:00,4042.0
2018-11-03 17:00:00,4416.0
2018-11-03 18:00:00,4521.0
2018-11-03 19:00:00,4457.0
2018-11-03 20:00:00,4239.0
2018-11-03 21:00:00,3905.0
2018-11-03 22:00:00,3444.0
2018-11-03 23:00:00,3151.0
2018-11-04 00:00:00,3076.0
2018-11-04 01:00:00,2772.0
2018-11-04 02:00:00,2751.0
2018-11-04 03:00:00,2609.0
2018-11-04 04:00:00,2652.0
2018-11-04 05:00:00,2566.0
2018-11-04 06:00:00,2508.0
2018-11-04 07:00:00,2453.0
2018-11-04 08:00:00,2521.0
2018-11-04 09:00:00,2581.0
2018-11-04 10:00:00,2949.0
2018-11-04 11:00:00,3207.0
2018-11-04 12:00:00,3354.0
2018-11-04 13:00:00,3492.0
2018-11-04 14:00:00,3627.0
2018-11-04 15:00:00,3524.0
2018-11-04 16:00:00,3740.0
2018-11-04 17:00:00,3850.0
2018-11-04 18:00:00,3978.0
2018-11-04 19:00:00,4103.0
2018-11-04 20:00:00,4048.0
2018-11-04 21:00:00,3836.0
2018-11-04 22:00:00,3411.0
2018-11-04 23:00:00,3206.0
2018-11-05 00:00:00,3039.0
2018-11-05 01:00:00,2820.0
2018-11-05 02:00:00,2861.0
2018-11-05 03:00:00,2698.0
2018-11-05 04:00:00,2720.0
2018-11-05 05:00:00,2629.0
2018-11-05 06:00:00,2558.0
2018-11-05 07:00:00,2552.0
2018-11-05 08:00:00,2545.0
2018-11-05 09:00:00,2543.0
2018-11-05 10:00:00,2893.0
2018-11-05 11:00:00,3150.0
2018-11-05 12:00:00,3327.0
2018-11-05 13:00:00,3467.0
2018-11-05 14:00:00,3633.0
2018-11-05 15:00:00,3626.0
2018-11-05 16:00:00,3821.0
2018-11-05 17:00:00,4158.0
2018-11-05 18:00:00,4180.0
2018-11-05 19:00:00,4236.0
2018-11-05 20:00:00,4130.0
2018-11-05 21:00:00,3879.0
2018-11-05 22:00:00,3403.0
2018-11-05 23:00:00,3039.0
2018-11-06 00:00:00,3026.0
2018-11-06 01:00:00,2779.0
2018-11-06 02:00:00,2659.0
2018-11-06 03:00:00,2632.0
2018-11-06 04:00:00,2583.0
2018-11-06 05:00:00,2487.0
2018-11-06 06:00:00,2490.0
2018-11-06 07:00:00,2425.0
2018-11-06 08:00:00,2582.0
2018-11-06 09:00:00,2693.0
2018-11-06 10:00:00,3097.0
2018-11-06 11:00:00,3370.0
2018-11-06 12:00:00,3468.0
2018-11-06 13:00:00,3605.0
2018-11-06 14:00:00,4017.0
2018-11-06 15:00:00,3873.0
2018-11-06 16:00:00,3913.0
2018-11-06 17:00:00,4056.0
2018-11-06 18:00:00,4070.0
2018-11-06 19:00:00,3953.0
2018-11-06 20:00:00,3954.0
2018-11-06 21:00:00,3892.0
2018-11-06 22:00:00,3484.0
2018-11-06 23:00:00,3263.0
2018-11-07 00:00:00,3172.0
2018-11-07 01:00:00,2964.0
2018-11-07 02:00:00,2762.0
2018-11-07 03:00:00,2822.0
2018-11-07 04:00:00,2678.0
2018-11-07 05:00:00,2681.0
2018-11-07 06:00:00,2714.0
2018-11-07 07:00:00,2608.0
2018-11-07 08:00:00,2643.0
2018-11-07 09:00:00,2729.0
2018-11-07 10:00:00,3082.0
2018-11-07 11:00:00,3268.0
2018-11-07 12:00:00,3524.0
2018-11-07 13:00:00,3754.0
2018-11-07 14:00:00,4021.0
2018-11-07 15:00:00,4032.0
2018-11-07 16:00:00,4043.0
2018-11-07 17:00:00,4342.0
2018-11-07 18:00:00,4633.0
2018-11-07 19:00:00,4511.0
2018-11-07 20:00:00,4238.0
2018-11-07 21:00:00,4053.0
2018-11-07 22:00:00,3615.0
2018-11-07 23:00:00,3449.0
2018-11-08 00:00:00,3442.0
2018-11-08 01:00:00,3210.0
2018-11-08 02:00:00,3212.0
2018-11-08 03:00:00,3130.0
2018-11-08 04:00:00,3045.0
2018-11-08 05:00:00,2909.0
2018-11-08 06:00:00,2809.0
2018-11-08 07:00:00,2726.0
2018-11-08 08:00:00,2684.0
2018-11-08 09:00:00,2663.0
2018-11-08 10:00:00,2857.0
2018-11-08 11:00:00,3089.0
2018-11-08 12:00:00,3244.0
2018-11-08 13:00:00,3283.0
2018-11-08 14:00:00,3559.0
2018-11-08 15:00:00,3501.0
2018-11-08 16:00:00,3624.0
2018-11-08 17:00:00,3817.0
2018-11-08 18:00:00,4023.0
2018-11-08 19:00:00,3875.0
2018-11-08 20:00:00,3620.0
2018-11-08 21:00:00,3441.0
2018-11-08 22:00:00,3120.0
2018-11-08 23:00:00,2975.0
2018-11-09 00:00:00,2792.0
2018-11-09 01:00:00,2841.0
2018-11-09 02:00:00,2804.0
2018-11-09 03:00:00,2697.0
2018-11-09 04:00:00,2721.0
2018-11-09 05:00:00,2505.0
2018-11-09 06:00:00,2469.0
2018-11-09 07:00:00,2475.0
2018-11-09 08:00:00,2554.0
2018-11-09 09:00:00,2460.0
2018-11-09 10:00:00,2663.0
2018-11-09 11:00:00,2688.0
2018-11-09 12:00:00,2785.0
2018-11-09 13:00:00,2878.0
2018-11-09 14:00:00,3000.0
2018-11-09 15:00:00,2967.0
2018-11-09 16:00:00,3052.0
2018-11-09 17:00:00,3078.0
2018-11-09 18:00:00,3071.0
2018-11-09 19:00:00,2910.0
2018-11-09 20:00:00,2900.0
2018-11-09 21:00:00,2720.0
2018-11-09 22:00:00,2735.0
2018-11-09 23:00:00,2575.0
2018-11-10 00:00:00,2608.0
2018-11-10 01:00:00,2440.0
2018-11-10 02:00:00,2443.0
2018-11-10 03:00:00,2381.0
2018-11-10 04:00:00,2422.0
2018-11-10 05:00:00,2337.0
2018-11-10 06:00:00,2358.0
2018-11-10 07:00:00,2406.0
2018-11-10 08:00:00,2577.0
2018-11-10 09:00:00,2652.0
2018-11-10 10:00:00,2914.0
2018-11-10 11:00:00,3244.0
2018-11-10 12:00:00,3321.0
2018-11-10 13:00:00,3555.0
2018-11-10 14:00:00,3774.0
2018-11-10 15:00:00,3741.0
2018-11-10 16:00:00,3799.0
2018-11-10 17:00:00,4024.0
2018-11-10 18:00:00,4215.0
2018-11-10 19:00:00,4167.0
2018-11-10 20:00:00,4068.0
2018-11-10 21:00:00,3888.0
2018-11-10 22:00:00,3668.0
2018-11-10 23:00:00,3332.0
2018-11-11 00:00:00,3279.0
2018-11-11 01:00:00,2994.0
2018-11-11 02:00:00,2986.0
2018-11-11 03:00:00,2819.0
2018-11-11 04:00:00,2839.0
2018-11-11 05:00:00,2762.0
2018-11-11 06:00:00,2705.0
2018-11-11 07:00:00,2641.0
2018-11-11 08:00:00,2699.0
2018-11-11 09:00:00,2786.0
2018-11-11 10:00:00,3154.0
2018-11-11 11:00:00,3528.0
2018-11-11 12:00:00,3674.0
2018-11-11 13:00:00,3871.0
2018-11-11 14:00:00,3985.0
2018-11-11 15:00:00,3985.0
2018-11-11 16:00:00,4061.0
2018-11-11 17:00:00,4432.0
2018-11-11 18:00:00,4704.0
2018-11-11 19:00:00,4793.0
2018-11-11 20:00:00,4659.0
2018-11-11 21:00:00,4340.0
2018-11-11 22:00:00,3954.0
2018-11-11 23:00:00,3616.0
2018-11-12 00:00:00,3504.0
2018-11-12 01:00:00,3243.0
2018-11-12 02:00:00,3238.0
2018-11-12 03:00:00,3058.0
2018-11-12 04:00:00,3013.0
2018-11-12 05:00:00,2931.0
2018-11-12 06:00:00,2847.0
2018-11-12 07:00:00,2821.0
2018-11-12 08:00:00,2863.0
2018-11-12 09:00:00,2971.0
2018-11-12 10:00:00,3377.0
2018-11-12 11:00:00,3682.0
2018-11-12 12:00:00,3761.0
2018-11-12 13:00:00,4035.0
2018-11-12 14:00:00,4250.0
2018-11-12 15:00:00,4262.0
2018-11-12 16:00:00,4473.0
2018-11-12 17:00:00,4546.0
2018-11-12 18:00:00,4640.0
2018-11-12 19:00:00,4842.0
2018-11-12 20:00:00,4764.0
2018-11-12 21:00:00,4577.0
2018-11-12 22:00:00,4350.0
2018-11-12 23:00:00,3781.0
2018-11-13 00:00:00,3547.0
2018-11-13 01:00:00,3348.0
2018-11-13 02:00:00,3302.0
2018-11-13 03:00:00,3268.0
2018-11-13 04:00:00,3245.0
2018-11-13 05:00:00,3097.0
2018-11-13 06:00:00,2998.0
2018-11-13 07:00:00,3011.0
2018-11-13 08:00:00,2978.0
2018-11-13 09:00:00,3197.0
2018-11-13 10:00:00,3548.0
2018-11-13 11:00:00,3910.0
2018-11-13 12:00:00,4074.0
2018-11-13 13:00:00,4449.0
2018-11-13 14:00:00,4616.0
2018-11-13 15:00:00,4599.0
2018-11-13 16:00:00,5006.0
2018-11-13 17:00:00,5067.0
2018-11-13 18:00:00,5179.0
2018-11-13 19:00:00,5058.0
2018-11-13 20:00:00,4682.0
2018-11-13 21:00:00,4625.0
2018-11-13 22:00:00,4077.0
2018-11-13 23:00:00,3847.0
2018-11-14 00:00:00,3667.0
2018-11-14 01:00:00,3347.0
2018-11-14 02:00:00,3319.0
2018-11-14 03:00:00,3114.0
2018-11-14 04:00:00,3196.0
2018-11-14 05:00:00,3042.0
2018-11-14 06:00:00,2955.0
2018-11-14 07:00:00,3102.0
2018-11-14 08:00:00,2929.0
2018-11-14 09:00:00,2983.0
2018-11-14 10:00:00,3353.0
2018-11-14 11:00:00,3475.0
2018-11-14 12:00:00,3542.0
2018-11-14 13:00:00,3858.0
2018-11-14 14:00:00,3879.0
2018-11-14 15:00:00,3901.0
2018-11-14 16:00:00,4112.0
2018-11-14 17:00:00,4496.0
2018-11-14 18:00:00,4791.0
2018-11-14 19:00:00,5115.0
2018-11-14 20:00:00,4777.0
2018-11-14 21:00:00,4344.0
2018-11-14 22:00:00,3842.0
2018-11-14 23:00:00,3625.0
2018-11-15 00:00:00,3540.0
2018-11-15 01:00:00,3295.0
2018-11-15 02:00:00,3240.0
2018-11-15 03:00:00,3087.0
2018-11-15 04:00:00,3080.0
2018-11-15 05:00:00,3060.0
2018-11-15 06:00:00,2827.0
2018-11-15 07:00:00,2747.0
2018-11-15 08:00:00,2708.0
2018-11-15 09:00:00,2798.0
2018-11-15 10:00:00,3228.0
2018-11-15 11:00:00,3446.0
2018-11-15 12:00:00,3430.0
2018-11-15 13:00:00,3603.0
2018-11-15 14:00:00,3708.0
2018-11-15 15:00:00,3704.0
2018-11-15 16:00:00,3865.0
2018-11-15 17:00:00,4258.0
2018-11-15 18:00:00,4325.0
2018-11-15 19:00:00,4079.0
2018-11-15 20:00:00,3928.0
2018-11-15 21:00:00,3889.0
2018-11-15 22:00:00,3610.0
2018-11-15 23:00:00,3434.0
2018-11-16 00:00:00,3263.0
2018-11-16 01:00:00,3093.0
2018-11-16 02:00:00,3153.0
2018-11-16 03:00:00,2949.0
2018-11-16 04:00:00,2895.0
2018-11-16 05:00:00,2657.0
2018-11-16 06:00:00,2663.0
2018-11-16 07:00:00,2558.0
2018-11-16 08:00:00,2639.0
2018-11-16 09:00:00,2497.0
2018-11-16 10:00:00,2853.0
2018-11-16 11:00:00,3047.0
2018-11-16 12:00:00,2867.0
2018-11-16 13:00:00,2981.0
2018-11-16 14:00:00,3154.0
2018-11-16 15:00:00,3179.0
2018-11-16 16:00:00,3302.0
2018-11-16 17:00:00,3348.0
2018-11-16 18:00:00,3393.0
2018-11-16 19:00:00,3403.0
2018-11-16 20:00:00,3358.0
2018-11-16 21:00:00,3162.0
2018-11-16 22:00:00,3049.0
2018-11-16 23:00:00,2823.0
2018-11-17 00:00:00,2822.0
2018-11-17 01:00:00,2627.0
2018-11-17 02:00:00,2688.0
2018-11-17 03:00:00,2561.0
2018-11-17 04:00:00,2629.0
2018-11-17 05:00:00,2535.0
2018-11-17 06:00:00,2588.0
2018-11-17 07:00:00,2612.0
2018-11-17 08:00:00,2590.0
2018-11-17 09:00:00,2784.0
2018-11-17 10:00:00,3097.0
2018-11-17 11:00:00,3548.0
2018-11-17 12:00:00,3646.0
2018-11-17 13:00:00,3705.0
2018-11-17 14:00:00,3652.0
2018-11-17 15:00:00,3492.0
2018-11-17 16:00:00,3545.0
2018-11-17 17:00:00,3723.0
2018-11-17 18:00:00,3747.0
2018-11-17 19:00:00,3859.0
2018-11-17 20:00:00,3719.0
2018-11-17 21:00:00,3458.0
2018-11-17 22:00:00,3149.0
2018-11-17 23:00:00,2932.0
2018-11-18 00:00:00,2937.0
2018-11-18 01:00:00,2743.0
2018-11-18 02:00:00,2774.0
2018-11-18 03:00:00,2602.0
2018-11-18 04:00:00,2605.0
2018-11-18 05:00:00,2463.0
2018-11-18 06:00:00,2491.0
2018-11-18 07:00:00,2478.0
2018-11-18 08:00:00,2519.0
2018-11-18 09:00:00,2713.0
2018-11-18 10:00:00,3047.0
2018-11-18 11:00:00,3326.0
2018-11-18 12:00:00,3474.0
2018-11-18 13:00:00,3438.0
2018-11-18 14:00:00,3543.0
2018-11-18 15:00:00,3489.0
2018-11-18 16:00:00,3559.0
2018-11-18 17:00:00,3568.0
2018-11-18 18:00:00,3455.0
2018-11-18 19:00:00,3683.0
2018-11-18 20:00:00,3519.0
2018-11-18 21:00:00,3457.0
2018-11-18 22:00:00,3118.0
2018-11-18 23:00:00,2975.0
2018-11-19 00:00:00,2815.0
2018-11-19 01:00:00,2621.0
2018-11-19 02:00:00,2819.0
2018-11-19 03:00:00,2580.0
2018-11-19 04:00:00,2668.0
2018-11-19 05:00:00,2361.0
2018-11-19 06:00:00,2457.0
2018-11-19 07:00:00,2374.0
2018-11-19 08:00:00,2376.0
2018-11-19 09:00:00,2673.0
2018-11-19 10:00:00,2859.0
2018-11-19 11:00:00,3169.0
2018-11-19 12:00:00,3191.0
2018-11-19 13:00:00,3341.0
2018-11-19 14:00:00,3239.0
2018-11-19 15:00:00,3205.0
2018-11-19 16:00:00,3376.0
2018-11-19 17:00:00,3439.0
2018-11-19 18:00:00,3484.0
2018-11-19 19:00:00,3544.0
2018-11-19 20:00:00,3270.0
2018-11-19 21:00:00,3108.0
2018-11-19 22:00:00,2946.0
2018-11-19 23:00:00,2804.0
2018-11-20 00:00:00,2792.0
2018-11-20 01:00:00,2587.0
2018-11-20 02:00:00,2603.0
2018-11-20 03:00:00,2541.0
2018-11-20 04:00:00,2610.0
2018-11-20 05:00:00,2374.0
2018-11-20 06:00:00,2465.0
2018-11-20 07:00:00,2466.0
2018-11-20 08:00:00,2470.0
2018-11-20 09:00:00,2711.0
2018-11-20 10:00:00,2945.0
2018-11-20 11:00:00,3224.0
2018-11-20 12:00:00,3318.0
2018-11-20 13:00:00,3531.0
2018-11-20 14:00:00,3505.0
2018-11-20 15:00:00,3419.0
2018-11-20 16:00:00,3391.0
2018-11-20 17:00:00,3530.0
2018-11-20 18:00:00,3648.0
2018-11-20 19:00:00,3679.0
2018-11-20 20:00:00,3611.0
2018-11-20 21:00:00,3477.0
2018-11-20 22:00:00,3208.0
2018-11-20 23:00:00,3085.0
2018-11-21 00:00:00,2958.0
2018-11-21 01:00:00,2831.0
2018-11-21 02:00:00,2805.0
2018-11-21 03:00:00,2705.0
2018-11-21 04:00:00,2688.0
2018-11-21 05:00:00,2588.0
2018-11-21 06:00:00,2564.0
2018-11-21 07:00:00,2568.0
2018-11-21 08:00:00,2551.0
2018-11-21 09:00:00,2701.0
2018-11-21 10:00:00,2994.0
2018-11-21 11:00:00,3278.0
2018-11-21 12:00:00,3267.0
2018-11-21 13:00:00,3395.0
2018-11-21 14:00:00,3538.0
2018-11-21 15:00:00,3490.0
2018-11-21 16:00:00,3488.0
2018-11-21 17:00:00,3554.0
2018-11-21 18:00:00,3705.0
2018-11-21 19:00:00,3826.0
2018-11-21 20:00:00,3548.0
2018-11-21 21:00:00,3398.0
2018-11-21 22:00:00,3160.0
2018-11-21 23:00:00,2964.0
2018-11-22 00:00:00,2896.0
2018-11-22 01:00:00,2710.0
2018-11-22 02:00:00,2740.0
2018-11-22 03:00:00,2713.0
2018-11-22 04:00:00,2720.0
2018-11-22 05:00:00,2617.0
2018-11-22 06:00:00,2583.0
2018-11-22 07:00:00,2509.0
2018-11-22 08:00:00,2548.0
2018-11-22 09:00:00,2541.0
2018-11-22 10:00:00,2755.0
2018-11-22 11:00:00,2987.0
2018-11-22 12:00:00,3172.0
2018-11-22 13:00:00,3082.0
2018-11-22 14:00:00,3340.0
2018-11-22 15:00:00,3107.0
2018-11-22 16:00:00,3264.0
2018-11-22 17:00:00,3282.0
2018-11-22 18:00:00,3357.0
2018-11-22 19:00:00,3190.0
2018-11-22 20:00:00,3079.0
2018-11-22 21:00:00,2945.0
2018-11-22 22:00:00,2844.0
2018-11-22 23:00:00,2708.0
2018-11-23 00:00:00,2782.0
2018-11-23 01:00:00,2620.0
2018-11-23 02:00:00,2679.0
2018-11-23 03:00:00,2558.0
2018-11-23 04:00:00,2621.0
2018-11-23 05:00:00,2460.0
2018-11-23 06:00:00,2513.0
2018-11-23 07:00:00,2481.0
2018-11-23 08:00:00,2477.0
2018-11-23 09:00:00,2416.0
2018-11-23 10:00:00,2672.0
2018-11-23 11:00:00,2705.0
2018-11-23 12:00:00,2771.0
2018-11-23 13:00:00,2763.0
2018-11-23 14:00:00,2816.0
2018-11-23 15:00:00,2743.0
2018-11-23 16:00:00,2843.0
2018-11-23 17:00:00,2743.0
2018-11-23 18:00:00,2837.0
2018-11-23 19:00:00,2788.0
2018-11-23 20:00:00,2776.0
2018-11-23 21:00:00,2720.0
2018-11-23 22:00:00,2652.0
2018-11-23 23:00:00,2575.0
2018-11-24 00:00:00,2642.0
2018-11-24 01:00:00,2428.0
2018-11-24 02:00:00,2562.0
2018-11-24 03:00:00,2421.0
2018-11-24 04:00:00,2500.0
2018-11-24 05:00:00,2414.0
2018-11-24 06:00:00,2476.0
2018-11-24 07:00:00,2451.0
2018-11-24 08:00:00,2459.0
2018-11-24 09:00:00,2578.0
2018-11-24 10:00:00,2933.0
2018-11-24 11:00:00,3146.0
2018-11-24 12:00:00,3190.0
2018-11-24 13:00:00,3229.0
2018-11-24 14:00:00,3261.0
2018-11-24 15:00:00,3231.0
2018-11-24 16:00:00,3123.0
2018-11-24 17:00:00,3392.0
2018-11-24 18:00:00,3454.0
2018-11-24 19:00:00,3676.0
2018-11-24 20:00:00,3433.0
2018-11-24 21:00:00,3333.0
2018-11-24 22:00:00,3019.0
2018-11-24 23:00:00,2927.0
2018-11-25 00:00:00,2857.0
2018-11-25 01:00:00,2731.0
2018-11-25 02:00:00,2693.0
2018-11-25 03:00:00,2690.0
2018-11-25 04:00:00,2626.0
2018-11-25 05:00:00,2545.0
2018-11-25 06:00:00,2457.0
2018-11-25 07:00:00,2556.0
2018-11-25 08:00:00,2454.0
2018-11-25 09:00:00,2669.0
2018-11-25 10:00:00,3005.0
2018-11-25 11:00:00,3271.0
2018-11-25 12:00:00,3214.0
2018-11-25 13:00:00,3437.0
2018-11-25 14:00:00,3670.0
2018-11-25 15:00:00,3533.0
2018-11-25 16:00:00,3481.0
2018-11-25 17:00:00,3589.0
2018-11-25 18:00:00,3664.0
2018-11-25 19:00:00,3912.0
2018-11-25 20:00:00,3700.0
2018-11-25 21:00:00,3461.0
2018-11-25 22:00:00,3197.0
2018-11-25 23:00:00,2994.0
2018-11-26 00:00:00,2896.0
2018-11-26 01:00:00,2791.0
2018-11-26 02:00:00,2727.0
2018-11-26 03:00:00,2753.0
2018-11-26 04:00:00,2679.0
2018-11-26 05:00:00,2670.0
2018-11-26 06:00:00,2551.0
2018-11-26 07:00:00,2543.0
2018-11-26 08:00:00,2514.0
2018-11-26 09:00:00,2568.0
2018-11-26 10:00:00,2923.0
2018-11-26 11:00:00,3321.0
2018-11-26 12:00:00,3248.0
2018-11-26 13:00:00,3519.0
2018-11-26 14:00:00,3577.0
2018-11-26 15:00:00,3402.0
2018-11-26 16:00:00,3678.0
2018-11-26 17:00:00,3462.0
2018-11-26 18:00:00,3478.0
2018-11-26 19:00:00,3691.0
2018-11-26 20:00:00,3542.0
2018-11-26 21:00:00,3402.0
2018-11-26 22:00:00,3218.0
2018-11-26 23:00:00,3006.0
2018-11-27 00:00:00,2900.0
2018-11-27 01:00:00,2766.0
2018-11-27 02:00:00,2704.0
2018-11-27 03:00:00,2662.0
2018-11-27 04:00:00,2704.0
2018-11-27 05:00:00,2596.0
2018-11-27 06:00:00,2525.0
2018-11-27 07:00:00,2568.0
2018-11-27 08:00:00,2511.0
2018-11-27 09:00:00,2798.0
2018-11-27 10:00:00,3069.0
2018-11-27 11:00:00,3217.0
2018-11-27 12:00:00,3214.0
2018-11-27 13:00:00,3397.0
2018-11-27 14:00:00,3438.0
2018-11-27 15:00:00,3350.0
2018-11-27 16:00:00,3489.0
2018-11-27 17:00:00,3540.0
2018-11-27 18:00:00,3875.0
2018-11-27 19:00:00,3743.0
2018-11-27 20:00:00,3569.0
2018-11-27 21:00:00,3395.0
2018-11-27 22:00:00,3316.0
2018-11-27 23:00:00,3251.0
2018-11-28 00:00:00,3081.0
2018-11-28 01:00:00,2827.0
2018-11-28 02:00:00,2838.0
2018-11-28 03:00:00,2819.0
2018-11-28 04:00:00,2816.0
2018-11-28 05:00:00,2777.0
2018-11-28 06:00:00,2705.0
2018-11-28 07:00:00,2643.0
2018-11-28 08:00:00,2598.0
2018-11-28 09:00:00,2749.0
2018-11-28 10:00:00,3197.0
2018-11-28 11:00:00,3559.0
2018-11-28 12:00:00,3560.0
2018-11-28 13:00:00,3755.0
2018-11-28 14:00:00,3881.0
2018-11-28 15:00:00,3671.0
2018-11-28 16:00:00,3744.0
2018-11-28 17:00:00,3694.0
2018-11-28 18:00:00,3961.0
2018-11-28 19:00:00,3989.0
2018-11-28 20:00:00,3783.0
2018-11-28 21:00:00,3505.0
2018-11-28 22:00:00,3217.0
2018-11-28 23:00:00,2962.0
2018-11-29 00:00:00,2955.0
2018-11-29 01:00:00,2789.0
2018-11-29 02:00:00,2787.0
2018-11-29 03:00:00,2803.0
2018-11-29 04:00:00,2756.0
2018-11-29 05:00:00,2685.0
2018-11-29 06:00:00,2643.0
2018-11-29 07:00:00,2498.0
2018-11-29 08:00:00,2452.0
2018-11-29 09:00:00,2552.0
2018-11-29 10:00:00,2874.0
2018-11-29 11:00:00,2985.0
2018-11-29 12:00:00,3131.0
2018-11-29 13:00:00,3267.0
2018-11-29 14:00:00,3592.0
2018-11-29 15:00:00,3656.0
2018-11-29 16:00:00,3507.0
2018-11-29 17:00:00,3657.0
2018-11-29 18:00:00,3751.0
2018-11-29 19:00:00,3774.0
2018-11-29 20:00:00,3548.0
2018-11-29 21:00:00,3457.0
2018-11-29 22:00:00,3210.0
2018-11-29 23:00:00,3011.0
2018-11-30 00:00:00,2875.0
2018-11-30 01:00:00,2815.0
2018-11-30 02:00:00,2837.0
2018-11-30 03:00:00,2658.0
2018-11-30 04:00:00,2574.0
2018-11-30 05:00:00,2409.0
2018-11-30 06:00:00,2421.0
2018-11-30 07:00:00,2419.0
2018-11-30 08:00:00,2458.0
2018-11-30 09:00:00,2443.0
2018-11-30 10:00:00,2704.0
2018-11-30 11:00:00,2767.0
2018-11-30 12:00:00,2840.0
2018-11-30 13:00:00,2926.0
2018-11-30 14:00:00,3101.0
2018-11-30 15:00:00,3142.0
2018-11-30 16:00:00,3191.0
2018-11-30 17:00:00,3179.0
2018-11-30 18:00:00,3169.0
2018-11-30 19:00:00,3103.0
2018-11-30 20:00:00,3014.0
2018-11-30 21:00:00,2951.0
2018-11-30 22:00:00,2753.0
2018-11-30 23:00:00,2672.0
2018-12-01 00:00:00,2626.0
2018-12-01 01:00:00,2573.0
2018-12-01 02:00:00,2584.0
2018-12-01 03:00:00,2488.0
2018-12-01 04:00:00,2493.0
2018-12-01 05:00:00,2345.0
2018-12-01 06:00:00,2446.0
2018-12-01 07:00:00,2467.0
2018-12-01 08:00:00,2461.0
2018-12-01 09:00:00,2674.0
2018-12-01 10:00:00,3110.0
2018-12-01 11:00:00,3453.0
2018-12-01 12:00:00,3545.0
2018-12-01 13:00:00,3758.0
2018-12-01 14:00:00,4102.0
2018-12-01 15:00:00,3889.0
2018-12-01 16:00:00,4020.0
2018-12-01 17:00:00,4209.0
2018-12-01 18:00:00,4120.0
2018-12-01 19:00:00,3951.0
2018-12-01 20:00:00,3907.0
2018-12-01 21:00:00,3814.0
2018-12-01 22:00:00,3469.0
2018-12-01 23:00:00,3197.0
2018-12-02 00:00:00,3053.0
2018-12-02 01:00:00,2806.0
2018-12-02 02:00:00,2762.0
2018-12-02 03:00:00,2754.0
2018-12-02 04:00:00,2733.0
2018-12-02 05:00:00,2647.0
2018-12-02 06:00:00,2620.0
2018-12-02 07:00:00,2571.0
2018-12-02 08:00:00,2515.0
2018-12-02 09:00:00,2799.0
2018-12-02 10:00:00,3017.0
2018-12-02 11:00:00,3442.0
2018-12-02 12:00:00,3520.0
2018-12-02 13:00:00,3696.0
2018-12-02 14:00:00,3847.0
2018-12-02 15:00:00,3716.0
2018-12-02 16:00:00,3885.0
2018-12-02 17:00:00,3987.0
2018-12-02 18:00:00,3981.0
2018-12-02 19:00:00,3926.0
2018-12-02 20:00:00,3960.0
2018-12-02 21:00:00,3686.0
2018-12-02 22:00:00,3333.0
2018-12-02 23:00:00,3022.0
2018-12-03 00:00:00,2966.0
2018-12-03 01:00:00,2794.0
2018-12-03 02:00:00,2773.0
2018-12-03 03:00:00,2706.0
2018-12-03 04:00:00,2696.0
2018-12-03 05:00:00,2632.0
2018-12-03 06:00:00,2578.0
2018-12-03 07:00:00,2591.0
2018-12-03 08:00:00,2508.0
2018-12-03 09:00:00,2730.0
2018-12-03 10:00:00,3061.0
2018-12-03 11:00:00,3217.0
2018-12-03 12:00:00,3134.0
2018-12-03 13:00:00,3336.0
2018-12-03 14:00:00,3669.0
2018-12-03 15:00:00,3568.0
2018-12-03 16:00:00,3542.0
2018-12-03 17:00:00,3649.0
2018-12-03 18:00:00,3948.0
2018-12-03 19:00:00,3875.0
2018-12-03 20:00:00,3562.0
2018-12-03 21:00:00,3375.0
2018-12-03 22:00:00,3195.0
2018-12-03 23:00:00,2885.0
2018-12-04 00:00:00,2770.0
2018-12-04 01:00:00,2618.0
2018-12-04 02:00:00,2652.0
2018-12-04 03:00:00,2573.0
2018-12-04 04:00:00,2542.0
2018-12-04 05:00:00,2438.0
2018-12-04 06:00:00,2429.0
2018-12-04 07:00:00,2461.0
2018-12-04 08:00:00,2422.0
2018-12-04 09:00:00,2663.0
2018-12-04 10:00:00,2930.0
2018-12-04 11:00:00,3178.0
2018-12-04 12:00:00,3339.0
2018-12-04 13:00:00,3461.0
2018-12-04 14:00:00,3645.0
2018-12-04 15:00:00,3673.0
2018-12-04 16:00:00,3654.0
2018-12-04 17:00:00,3882.0
2018-12-04 18:00:00,4187.0
2018-12-04 19:00:00,4140.0
2018-12-04 20:00:00,4126.0
2018-12-04 21:00:00,3917.0
2018-12-04 22:00:00,3679.0
2018-12-04 23:00:00,3390.0
2018-12-05 00:00:00,3151.0
2018-12-05 01:00:00,2879.0
2018-12-05 02:00:00,2868.0
2018-12-05 03:00:00,2650.0
2018-12-05 04:00:00,2656.0
2018-12-05 05:00:00,2670.0
2018-12-05 06:00:00,2623.0
2018-12-05 07:00:00,2641.0
2018-12-05 08:00:00,2582.0
2018-12-05 09:00:00,2764.0
2018-12-05 10:00:00,3166.0
2018-12-05 11:00:00,3502.0
2018-12-05 12:00:00,3571.0
2018-12-05 13:00:00,3615.0
2018-12-05 14:00:00,3816.0
2018-12-05 15:00:00,3513.0
2018-12-05 16:00:00,3350.0
2018-12-05 17:00:00,3529.0
2018-12-05 18:00:00,3685.0
2018-12-05 19:00:00,3777.0
2018-12-05 20:00:00,3651.0
2018-12-05 21:00:00,3499.0
2018-12-05 22:00:00,3225.0
2018-12-05 23:00:00,3129.0
2018-12-06 00:00:00,3000.0
2018-12-06 01:00:00,2795.0
2018-12-06 02:00:00,2825.0
2018-12-06 03:00:00,2758.0
2018-12-06 04:00:00,2721.0
2018-12-06 05:00:00,2746.0
2018-12-06 06:00:00,2668.0
2018-12-06 07:00:00,2669.0
2018-12-06 08:00:00,2538.0
2018-12-06 09:00:00,2630.0
2018-12-06 10:00:00,2822.0
2018-12-06 11:00:00,3129.0
2018-12-06 12:00:00,3131.0
2018-12-06 13:00:00,3251.0
2018-12-06 14:00:00,3296.0
2018-12-06 15:00:00,3186.0
2018-12-06 16:00:00,3196.0
2018-12-06 17:00:00,3317.0
2018-12-06 18:00:00,3527.0
2018-12-06 19:00:00,3599.0
2018-12-06 20:00:00,3403.0
2018-12-06 21:00:00,3249.0
2018-12-06 22:00:00,3063.0
2018-12-06 23:00:00,2831.0
2018-12-07 00:00:00,2758.0
2018-12-07 01:00:00,2648.0
2018-12-07 02:00:00,2704.0
2018-12-07 03:00:00,2616.0
2018-12-07 04:00:00,2533.0
2018-12-07 05:00:00,2419.0
2018-12-07 06:00:00,2379.0
2018-12-07 07:00:00,2418.0
2018-12-07 08:00:00,2383.0
2018-12-07 09:00:00,2417.0
2018-12-07 10:00:00,2527.0
2018-12-07 11:00:00,2663.0
2018-12-07 12:00:00,2683.0
2018-12-07 13:00:00,2731.0
2018-12-07 14:00:00,2797.0
2018-12-07 15:00:00,2874.0
2018-12-07 16:00:00,2785.0
2018-12-07 17:00:00,2819.0
2018-12-07 18:00:00,2832.0
2018-12-07 19:00:00,2903.0
2018-12-07 20:00:00,2804.0
2018-12-07 21:00:00,2839.0
2018-12-07 22:00:00,2738.0
2018-12-07 23:00:00,2575.0
2018-12-08 00:00:00,2587.0
2018-12-08 01:00:00,2438.0
2018-12-08 02:00:00,2494.0
2018-12-08 03:00:00,2431.0
2018-12-08 04:00:00,2392.0
2018-12-08 05:00:00,2353.0
2018-12-08 06:00:00,2410.0
2018-12-08 07:00:00,2354.0
2018-12-08 08:00:00,2402.0
2018-12-08 09:00:00,2562.0
2018-12-08 10:00:00,2877.0
2018-12-08 11:00:00,3268.0
2018-12-08 12:00:00,3286.0
2018-12-08 13:00:00,3392.0
2018-12-08 14:00:00,3513.0
2018-12-08 15:00:00,3558.0
2018-12-08 16:00:00,3641.0
2018-12-08 17:00:00,3739.0
2018-12-08 18:00:00,3864.0
2018-12-08 19:00:00,3914.0
2018-12-08 20:00:00,3964.0
2018-12-08 21:00:00,3883.0
2018-12-08 22:00:00,3698.0
2018-12-08 23:00:00,3370.0
2018-12-09 00:00:00,3135.0
2018-12-09 01:00:00,2925.0
2018-12-09 02:00:00,2884.0
2018-12-09 03:00:00,2850.0
2018-12-09 04:00:00,2752.0
2018-12-09 05:00:00,2700.0
2018-12-09 06:00:00,2703.0
2018-12-09 07:00:00,2623.0
2018-12-09 08:00:00,2617.0
2018-12-09 09:00:00,2748.0
2018-12-09 10:00:00,3084.0
2018-12-09 11:00:00,3145.0
2018-12-09 12:00:00,3181.0
2018-12-09 13:00:00,3285.0
2018-12-09 14:00:00,3376.0
2018-12-09 15:00:00,3403.0
2018-12-09 16:00:00,3581.0
2018-12-09 17:00:00,3702.0
2018-12-09 18:00:00,3768.0
2018-12-09 19:00:00,3744.0
2018-12-09 20:00:00,3715.0
2018-12-09 21:00:00,3862.0
2018-12-09 22:00:00,3572.0
2018-12-09 23:00:00,3298.0
2018-12-10 00:00:00,3037.0
2018-12-10 01:00:00,2834.0
2018-12-10 02:00:00,2847.0
2018-12-10 03:00:00,2755.0
2018-12-10 04:00:00,2755.0
2018-12-10 05:00:00,2728.0
2018-12-10 06:00:00,2667.0
2018-12-10 07:00:00,2611.0
2018-12-10 08:00:00,2543.0
2018-12-10 09:00:00,2724.0
2018-12-10 10:00:00,3023.0
2018-12-10 11:00:00,3437.0
2018-12-10 12:00:00,3604.0
2018-12-10 13:00:00,3832.0
2018-12-10 14:00:00,4057.0
2018-12-10 15:00:00,4031.0
2018-12-10 16:00:00,4427.0
2018-12-10 17:00:00,4834.0
2018-12-10 18:00:00,4933.0
2018-12-10 19:00:00,4974.0
2018-12-10 20:00:00,4736.0
2018-12-10 21:00:00,4464.0
2018-12-10 22:00:00,4089.0
2018-12-10 23:00:00,3684.0
2018-12-11 00:00:00,3520.0
2018-12-11 01:00:00,3349.0
2018-12-11 02:00:00,3142.0
2018-12-11 03:00:00,3059.0
2018-12-11 04:00:00,3031.0
2018-12-11 05:00:00,2884.0
2018-12-11 06:00:00,2865.0
2018-12-11 07:00:00,2862.0
2018-12-11 08:00:00,2967.0
2018-12-11 09:00:00,3183.0
2018-12-11 10:00:00,3589.0
2018-12-11 11:00:00,3995.0
2018-12-11 12:00:00,4256.0
2018-12-11 13:00:00,4442.0
2018-12-11 14:00:00,4758.0
2018-12-11 15:00:00,4830.0
2018-12-11 16:00:00,4954.0
2018-12-11 17:00:00,5015.0
2018-12-11 18:00:00,4999.0
2018-12-11 19:00:00,5327.0
2018-12-11 20:00:00,5424.0
2018-12-11 21:00:00,5173.0
2018-12-11 22:00:00,4877.0
2018-12-11 23:00:00,4380.0
2018-12-12 00:00:00,4173.0
2018-12-12 01:00:00,3883.0
2018-12-12 02:00:00,3610.0
2018-12-12 03:00:00,3433.0
2018-12-12 04:00:00,3381.0
2018-12-12 05:00:00,3243.0
2018-12-12 06:00:00,3083.0
2018-12-12 07:00:00,3090.0
2018-12-12 08:00:00,2793.0
2018-12-12 09:00:00,3210.0
2018-12-12 10:00:00,3639.0
2018-12-12 11:00:00,4171.0
2018-12-12 12:00:00,4459.0
2018-12-12 13:00:00,4730.0
2018-12-12 14:00:00,5068.0
2018-12-12 15:00:00,4872.0
2018-12-12 16:00:00,4923.0
2018-12-12 17:00:00,5562.0
2018-12-12 18:00:00,5699.0
2018-12-12 19:00:00,5770.0
2018-12-12 20:00:00,5620.0
2018-12-12 21:00:00,5334.0
2018-12-12 22:00:00,5025.0
2018-12-12 23:00:00,4640.0
2018-12-13 00:00:00,4213.0
2018-12-13 01:00:00,4011.0
2018-12-13 02:00:00,3628.0
2018-12-13 03:00:00,3427.0
2018-12-13 04:00:00,3451.0
2018-12-13 05:00:00,3306.0
2018-12-13 06:00:00,3209.0
2018-12-13 07:00:00,3171.0
2018-12-13 08:00:00,2922.0
2018-12-13 09:00:00,2870.0
2018-12-13 10:00:00,3254.0
2018-12-13 11:00:00,3519.0
2018-12-13 12:00:00,3424.0
2018-12-13 13:00:00,3406.0
2018-12-13 14:00:00,3558.0
2018-12-13 15:00:00,3748.0
2018-12-13 16:00:00,3804.0
2018-12-13 17:00:00,4375.0
2018-12-13 18:00:00,4578.0
2018-12-13 19:00:00,4786.0
2018-12-13 20:00:00,4625.0
2018-12-13 21:00:00,4528.0
2018-12-13 22:00:00,4258.0
2018-12-13 23:00:00,3909.0
2018-12-14 00:00:00,3632.0
2018-12-14 01:00:00,3413.0
2018-12-14 02:00:00,3290.0
2018-12-14 03:00:00,3158.0
2018-12-14 04:00:00,3204.0
2018-12-14 05:00:00,3004.0
2018-12-14 06:00:00,2965.0
2018-12-14 07:00:00,2932.0
2018-12-14 08:00:00,2735.0
2018-12-14 09:00:00,2843.0
2018-12-14 10:00:00,3051.0
2018-12-14 11:00:00,3189.0
2018-12-14 12:00:00,3240.0
2018-12-14 13:00:00,3326.0
2018-12-14 14:00:00,3342.0
2018-12-14 15:00:00,3407.0
2018-12-14 16:00:00,3275.0
2018-12-14 17:00:00,3384.0
2018-12-14 18:00:00,3429.0
2018-12-14 19:00:00,3566.0
2018-12-14 20:00:00,3442.0
2018-12-14 21:00:00,3464.0
2018-12-14 22:00:00,3358.0
2018-12-14 23:00:00,3283.0
2018-12-15 00:00:00,3230.0
2018-12-15 01:00:00,3133.0
2018-12-15 02:00:00,2975.0
2018-12-15 03:00:00,2809.0
2018-12-15 04:00:00,2864.0
2018-12-15 05:00:00,2760.0
2018-12-15 06:00:00,2781.0
2018-12-15 07:00:00,2939.0
2018-12-15 08:00:00,2992.0
2018-12-15 09:00:00,2989.0
2018-12-15 10:00:00,3510.0
2018-12-15 11:00:00,4077.0
2018-12-15 12:00:00,4103.0
2018-12-15 13:00:00,4188.0
2018-12-15 14:00:00,4258.0
2018-12-15 15:00:00,4238.0
2018-12-15 16:00:00,4125.0
2018-12-15 17:00:00,4700.0
2018-12-15 18:00:00,4610.0
2018-12-15 19:00:00,5046.0
2018-12-15 20:00:00,4911.0
2018-12-15 21:00:00,4641.0
2018-12-15 22:00:00,4443.0
2018-12-15 23:00:00,4081.0
2018-12-16 00:00:00,3823.0
2018-12-16 01:00:00,3718.0
2018-12-16 02:00:00,3520.0
2018-12-16 03:00:00,3387.0
2018-12-16 04:00:00,3325.0
2018-12-16 05:00:00,3193.0
2018-12-16 06:00:00,3047.0
2018-12-16 07:00:00,3020.0
2018-12-16 08:00:00,2881.0
2018-12-16 09:00:00,3142.0
2018-12-16 10:00:00,3460.0
2018-12-16 11:00:00,3907.0
2018-12-16 12:00:00,4067.0
2018-12-16 13:00:00,4131.0
2018-12-16 14:00:00,4257.0
2018-12-16 15:00:00,4230.0
2018-12-16 16:00:00,4328.0
2018-12-16 17:00:00,4708.0
2018-12-16 18:00:00,4737.0
2018-12-16 19:00:00,4892.0
2018-12-16 20:00:00,4775.0
2018-12-16 21:00:00,3180.0
2018-12-16 22:00:00,4483.0
2018-12-16 23:00:00,4284.0
2018-12-17 00:00:00,3923.0
2018-12-17 01:00:00,3695.0
2018-12-17 02:00:00,3456.0
2018-12-17 03:00:00,3257.0
2018-12-17 04:00:00,3145.0
2018-12-17 05:00:00,3089.0
2018-12-17 06:00:00,3155.0
2018-12-17 07:00:00,3068.0
2018-12-17 08:00:00,3021.0
2018-12-17 09:00:00,3133.0
2018-12-17 10:00:00,3415.0
2018-12-17 11:00:00,3528.0
2018-12-17 12:00:00,3766.0
2018-12-17 13:00:00,3882.0
2018-12-17 14:00:00,4088.0
2018-12-17 15:00:00,3938.0
2018-12-17 16:00:00,3935.0
2018-12-17 17:00:00,4083.0
2018-12-17 18:00:00,4202.0
2018-12-17 19:00:00,4144.0
2018-12-17 20:00:00,4009.0
2018-12-17 21:00:00,3839.0
2018-12-17 22:00:00,3756.0
2018-12-17 23:00:00,3503.0
2018-12-18 00:00:00,3324.0
2018-12-18 01:00:00,3177.0
2018-12-18 02:00:00,3074.0
2018-12-18 03:00:00,2991.0
2018-12-18 04:00:00,3013.0
2018-12-18 05:00:00,2929.0
2018-12-18 06:00:00,2867.0
2018-12-18 07:00:00,2844.0
2018-12-18 08:00:00,2774.0
2018-12-18 09:00:00,2997.0
2018-12-18 10:00:00,3372.0
2018-12-18 11:00:00,3546.0
2018-12-18 12:00:00,3781.0
2018-12-18 13:00:00,3829.0
2018-12-18 14:00:00,3986.0
2018-12-18 15:00:00,3983.0
2018-12-18 16:00:00,3980.0
2018-12-18 17:00:00,4364.0
2018-12-18 18:00:00,4375.0
2018-12-18 19:00:00,4392.0
2018-12-18 20:00:00,4333.0
2018-12-18 21:00:00,4212.0
2018-12-18 22:00:00,4205.0
2018-12-18 23:00:00,3921.0
2018-12-19 00:00:00,3659.0
2018-12-19 01:00:00,3377.0
2018-12-19 02:00:00,3289.0
2018-12-19 03:00:00,3126.0
2018-12-19 04:00:00,3057.0
2018-12-19 05:00:00,3047.0
2018-12-19 06:00:00,2991.0
2018-12-19 07:00:00,2944.0
2018-12-19 08:00:00,2918.0
2018-12-19 09:00:00,3002.0
2018-12-19 10:00:00,3308.0
2018-12-19 11:00:00,3401.0
2018-12-19 12:00:00,3776.0
2018-12-19 13:00:00,4016.0
2018-12-19 14:00:00,4057.0
2018-12-19 15:00:00,4033.0
2018-12-19 16:00:00,4038.0
2018-12-19 17:00:00,4137.0
2018-12-19 18:00:00,4206.0
2018-12-19 19:00:00,4381.0
2018-12-19 20:00:00,4349.0
2018-12-19 21:00:00,4032.0
2018-12-19 22:00:00,3875.0
2018-12-19 23:00:00,3701.0
2018-12-20 00:00:00,3560.0
2018-12-20 01:00:00,3255.0
2018-12-20 02:00:00,3201.0
2018-12-20 03:00:00,3247.0
2018-12-20 04:00:00,3203.0
2018-12-20 05:00:00,3205.0
2018-12-20 06:00:00,3292.0
2018-12-20 07:00:00,3293.0
2018-12-20 08:00:00,3129.0
2018-12-20 09:00:00,3112.0
2018-12-20 10:00:00,3260.0
2018-12-20 11:00:00,3376.0
2018-12-20 12:00:00,3336.0
2018-12-20 13:00:00,3331.0
2018-12-20 14:00:00,3414.0
2018-12-20 15:00:00,3354.0
2018-12-20 16:00:00,3420.0
2018-12-20 17:00:00,3493.0
2018-12-20 18:00:00,3743.0
2018-12-20 19:00:00,3823.0
2018-12-20 20:00:00,3679.0
2018-12-20 21:00:00,3452.0
2018-12-20 22:00:00,3477.0
2018-12-20 23:00:00,3316.0
2018-12-21 00:00:00,3174.0
2018-12-21 01:00:00,3090.0
2018-12-21 02:00:00,3081.0
2018-12-21 03:00:00,3045.0
2018-12-21 04:00:00,2987.0
2018-12-21 05:00:00,2747.0
2018-12-21 06:00:00,2790.0
2018-12-21 07:00:00,2643.0
2018-12-21 08:00:00,2675.0
2018-12-21 09:00:00,2719.0
2018-12-21 10:00:00,2767.0
2018-12-21 11:00:00,2799.0
2018-12-21 12:00:00,2876.0
2018-12-21 13:00:00,2948.0
2018-12-21 14:00:00,3076.0
2018-12-21 15:00:00,3072.0
2018-12-21 16:00:00,2936.0
2018-12-21 17:00:00,2893.0
2018-12-21 18:00:00,2838.0
2018-12-21 19:00:00,2799.0
2018-12-21 20:00:00,2875.0
2018-12-21 21:00:00,2856.0
2018-12-21 22:00:00,2899.0
2018-12-21 23:00:00,2876.0
2018-12-22 00:00:00,2891.0
2018-12-22 01:00:00,2847.0
2018-12-22 02:00:00,2798.0
2018-12-22 03:00:00,2709.0
2018-12-22 04:00:00,2706.0
2018-12-22 05:00:00,2655.0
2018-12-22 06:00:00,2732.0
2018-12-22 07:00:00,2724.0
2018-12-22 08:00:00,2778.0
2018-12-22 09:00:00,2966.0
2018-12-22 10:00:00,3293.0
2018-12-22 11:00:00,3450.0
2018-12-22 12:00:00,3560.0
2018-12-22 13:00:00,3126.0
2018-12-22 14:00:00,3960.0
2018-12-22 15:00:00,3616.0
2018-12-22 16:00:00,3714.0
2018-12-22 17:00:00,3702.0
2018-12-22 18:00:00,3753.0
2018-12-22 19:00:00,3670.0
2018-12-22 20:00:00,3645.0
2018-12-22 21:00:00,3636.0
2018-12-22 22:00:00,3672.0
2018-12-22 23:00:00,3457.0
2018-12-23 00:00:00,3280.0
2018-12-23 01:00:00,3167.0
2018-12-23 02:00:00,3072.0
2018-12-23 03:00:00,2994.0
2018-12-23 04:00:00,2973.0
2018-12-23 05:00:00,2970.0
2018-12-23 06:00:00,2947.0
2018-12-23 07:00:00,2990.0
2018-12-23 08:00:00,2901.0
2018-12-23 09:00:00,2944.0
2018-12-23 10:00:00,3235.0
2018-12-23 11:00:00,3436.0
2018-12-23 12:00:00,3550.0
2018-12-23 13:00:00,3590.0
2018-12-23 14:00:00,3929.0
2018-12-23 15:00:00,3840.0
2018-12-23 16:00:00,3707.0
2018-12-23 17:00:00,3915.0
2018-12-23 18:00:00,3916.0
2018-12-23 19:00:00,4022.0
2018-12-23 20:00:00,3966.0
2018-12-23 21:00:00,3888.0
2018-12-23 22:00:00,3813.0
2018-12-23 23:00:00,3633.0
2018-12-24 00:00:00,3416.0
2018-12-24 01:00:00,3240.0
2018-12-24 02:00:00,3112.0
2018-12-24 03:00:00,3050.0
2018-12-24 04:00:00,3046.0
2018-12-24 05:00:00,3054.0
2018-12-24 06:00:00,3044.0
2018-12-24 07:00:00,2997.0
2018-12-24 08:00:00,2850.0
2018-12-24 09:00:00,2973.0
2018-12-24 10:00:00,3287.0
2018-12-24 11:00:00,3448.0
2018-12-24 12:00:00,3485.0
2018-12-24 13:00:00,3669.0
2018-12-24 14:00:00,3794.0
2018-12-24 15:00:00,3723.0
2018-12-24 16:00:00,3763.0
2018-12-24 17:00:00,3940.0
2018-12-24 18:00:00,4090.0
2018-12-24 19:00:00,4078.0
2018-12-24 20:00:00,3889.0
2018-12-24 21:00:00,3678.0
2018-12-24 22:00:00,3463.0
2018-12-24 23:00:00,3367.0
2018-12-25 00:00:00,3212.0
2018-12-25 01:00:00,3145.0
2018-12-25 02:00:00,3060.0
2018-12-25 03:00:00,3021.0
2018-12-25 04:00:00,3070.0
2018-12-25 05:00:00,2930.0
2018-12-25 06:00:00,2909.0
2018-12-25 07:00:00,2849.0
2018-12-25 08:00:00,2788.0
2018-12-25 09:00:00,2984.0
2018-12-25 10:00:00,3278.0
2018-12-25 11:00:00,3457.0
2018-12-25 12:00:00,3580.0
2018-12-25 13:00:00,3910.0
2018-12-25 14:00:00,4131.0
2018-12-25 15:00:00,3858.0
2018-12-25 16:00:00,4026.0
2018-12-25 17:00:00,4156.0
2018-12-25 18:00:00,4307.0
2018-12-25 19:00:00,4389.0
2018-12-25 20:00:00,4261.0
2018-12-25 21:00:00,3966.0
2018-12-25 22:00:00,3805.0
2018-12-25 23:00:00,3639.0
2018-12-26 00:00:00,3431.0
2018-12-26 01:00:00,3193.0
2018-12-26 02:00:00,3072.0
2018-12-26 03:00:00,3028.0
2018-12-26 04:00:00,3052.0
2018-12-26 05:00:00,3015.0
2018-12-26 06:00:00,3020.0
2018-12-26 07:00:00,2948.0
2018-12-26 08:00:00,2829.0
2018-12-26 09:00:00,2978.0
2018-12-26 10:00:00,3287.0
2018-12-26 11:00:00,3533.0
2018-12-26 12:00:00,3634.0
2018-12-26 13:00:00,3677.0
2018-12-26 14:00:00,3894.0
2018-12-26 15:00:00,3931.0
2018-12-26 16:00:00,4019.0
2018-12-26 17:00:00,4169.0
2018-12-26 18:00:00,4299.0
2018-12-26 19:00:00,4460.0
2018-12-26 20:00:00,4188.0
2018-12-26 21:00:00,3747.0
2018-12-26 22:00:00,3630.0
2018-12-26 23:00:00,3519.0
2018-12-27 00:00:00,3429.0
2018-12-27 01:00:00,3236.0
2018-12-27 02:00:00,3069.0
2018-12-27 03:00:00,3029.0
2018-12-27 04:00:00,3081.0
2018-12-27 05:00:00,3068.0
2018-12-27 06:00:00,3056.0
2018-12-27 07:00:00,3066.0
2018-12-27 08:00:00,2929.0
2018-12-27 09:00:00,2934.0
2018-12-27 10:00:00,3032.0
2018-12-27 11:00:00,3194.0
2018-12-27 12:00:00,3299.0
2018-12-27 13:00:00,3359.0
2018-12-27 14:00:00,3616.0
2018-12-27 15:00:00,3403.0
2018-12-27 16:00:00,3305.0
2018-12-27 17:00:00,3486.0
2018-12-27 18:00:00,3642.0
2018-12-27 19:00:00,3764.0
2018-12-27 20:00:00,3613.0
2018-12-27 21:00:00,3440.0
2018-12-27 22:00:00,3310.0
2018-12-27 23:00:00,3135.0
2018-12-28 00:00:00,3065.0
2018-12-28 01:00:00,3014.0
2018-12-28 02:00:00,2983.0
2018-12-28 03:00:00,2964.0
2018-12-28 04:00:00,2820.0
2018-12-28 05:00:00,2731.0
2018-12-28 06:00:00,2717.0
2018-12-28 07:00:00,2689.0
2018-12-28 08:00:00,2613.0
2018-12-28 09:00:00,2641.0
2018-12-28 10:00:00,2732.0
2018-12-28 11:00:00,2726.0
2018-12-28 12:00:00,2819.0
2018-12-28 13:00:00,2807.0
2018-12-28 14:00:00,2940.0
2018-12-28 15:00:00,2981.0
2018-12-28 16:00:00,3032.0
2018-12-28 17:00:00,3024.0
2018-12-28 18:00:00,3131.0
2018-12-28 19:00:00,3141.0
2018-12-28 20:00:00,3107.0
2018-12-28 21:00:00,3034.0
2018-12-28 22:00:00,3014.0
2018-12-28 23:00:00,2944.0
2018-12-29 00:00:00,2965.0
2018-12-29 01:00:00,2882.0
2018-12-29 02:00:00,2820.0
2018-12-29 03:00:00,2757.0
2018-12-29 04:00:00,2724.0
2018-12-29 05:00:00,2725.0
2018-12-29 06:00:00,2708.0
2018-12-29 07:00:00,2734.0
2018-12-29 08:00:00,2720.0
2018-12-29 09:00:00,2850.0
2018-12-29 10:00:00,3105.0
2018-12-29 11:00:00,3367.0
2018-12-29 12:00:00,3485.0
2018-12-29 13:00:00,3560.0
2018-12-29 14:00:00,3790.0
2018-12-29 15:00:00,3702.0
2018-12-29 16:00:00,3877.0
2018-12-29 17:00:00,4020.0
2018-12-29 18:00:00,4078.0
2018-12-29 19:00:00,4201.0
2018-12-29 20:00:00,4211.0
2018-12-29 21:00:00,3964.0
2018-12-29 22:00:00,3825.0
2018-12-29 23:00:00,3584.0
2018-12-30 00:00:00,3402.0
2018-12-30 01:00:00,3249.0
2018-12-30 02:00:00,3143.0
2018-12-30 03:00:00,3086.0
2018-12-30 04:00:00,3118.0
2018-12-30 05:00:00,3108.0
2018-12-30 06:00:00,3106.0
2018-12-30 07:00:00,3055.0
2018-12-30 08:00:00,2930.0
2018-12-30 09:00:00,2996.0
2018-12-30 10:00:00,3318.0
2018-12-30 11:00:00,3517.0
2018-12-30 12:00:00,3631.0
2018-12-30 13:00:00,3710.0
2018-12-30 14:00:00,3856.0
2018-12-30 15:00:00,3567.0
2018-12-30 16:00:00,3634.0
2018-12-30 17:00:00,3813.0
2018-12-30 18:00:00,3865.0
2018-12-30 19:00:00,3987.0
2018-12-30 20:00:00,3939.0
2018-12-30 21:00:00,3862.0
2018-12-30 22:00:00,3573.0
2018-12-30 23:00:00,3509.0
2018-12-31 00:00:00,3342.0
2018-12-31 01:00:00,3230.0
2018-12-31 02:00:00,3089.0
2018-12-31 03:00:00,3052.0
2018-12-31 04:00:00,3024.0
2018-12-31 05:00:00,2942.0
2018-12-31 06:00:00,2902.0
2018-12-31 07:00:00,2845.0
2018-12-31 08:00:00,2768.0
2018-12-31 09:00:00,2930.0
2018-12-31 10:00:00,3278.0
2018-12-31 11:00:00,3452.0
2018-12-31 12:00:00,3449.0
2018-12-31 13:00:00,3639.0
2018-12-31 14:00:00,3857.0
2018-12-31 15:00:00,3640.0
2018-12-31 16:00:00,3622.0
2018-12-31 17:00:00,3839.0
2018-12-31 18:00:00,3966.0
2018-12-31 19:00:00,4184.0
2018-12-31 20:00:00,4033.0
2018-12-31 21:00:00,3750.0
2018-12-31 22:00:00,3649.0
2018-12-31 23:00:00,3457.0
2019-01-01 00:00:00,3303.0
2019-01-01 01:00:00,3173.0
2019-01-01 02:00:00,3136.0
2019-01-01 03:00:00,3066.0
2019-01-01 04:00:00,3064.0
2019-01-01 05:00:00,2963.0
2019-01-01 06:00:00,2871.0
2019-01-01 07:00:00,2840.0
2019-01-01 08:00:00,2885.0
2019-01-01 09:00:00,3115.0
2019-01-01 10:00:00,3395.0
2019-01-01 11:00:00,3716.0
2019-01-01 12:00:00,3838.0
2019-01-01 13:00:00,4114.0
2019-01-01 14:00:00,4268.0
2019-01-01 15:00:00,4024.0
2019-01-01 16:00:00,4133.0
2019-01-01 17:00:00,4339.0
2019-01-01 18:00:00,4561.0
2019-01-01 19:00:00,4639.0
2019-01-01 20:00:00,4556.0
2019-01-01 21:00:00,4276.0
2019-01-01 22:00:00,4066.0
2019-01-01 23:00:00,3908.0
2019-01-02 00:00:00,3632.0
2019-01-02 01:00:00,3435.0
2019-01-02 02:00:00,3257.0
2019-01-02 03:00:00,3134.0
2019-01-02 04:00:00,3056.0
2019-01-02 05:00:00,3053.0
2019-01-02 06:00:00,3044.0
2019-01-02 07:00:00,3080.0
2019-01-02 08:00:00,3023.0
2019-01-02 09:00:00,3163.0
2019-01-02 10:00:00,3476.0
2019-01-02 11:00:00,3633.0
2019-01-02 12:00:00,3735.0
2019-01-02 13:00:00,3994.0
2019-01-02 14:00:00,4082.0
2019-01-02 15:00:00,3891.0
2019-01-02 16:00:00,4077.0
2019-01-02 17:00:00,4193.0
2019-01-02 18:00:00,4341.0
2019-01-02 19:00:00,4656.0
2019-01-02 20:00:00,4291.0
2019-01-02 21:00:00,3964.0
2019-01-02 22:00:00,3831.0
2019-01-02 23:00:00,3683.0
2019-01-03 00:00:00,3457.0
2019-01-03 01:00:00,3198.0
2019-01-03 02:00:00,3125.0
2019-01-03 03:00:00,3043.0
2019-01-03 04:00:00,3036.0
2019-01-03 05:00:00,3026.0
2019-01-03 06:00:00,3043.0
2019-01-03 07:00:00,3034.0
2019-01-03 08:00:00,2937.0
2019-01-03 09:00:00,3007.0
2019-01-03 10:00:00,3230.0
2019-01-03 11:00:00,3311.0
2019-01-03 12:00:00,3475.0
2019-01-03 13:00:00,3425.0
2019-01-03 14:00:00,3537.0
2019-01-03 15:00:00,3378.0
2019-01-03 16:00:00,3428.0
2019-01-03 17:00:00,3478.0
2019-01-03 18:00:00,3791.0
2019-01-03 19:00:00,3789.0
2019-01-03 20:00:00,3613.0
2019-01-03 21:00:00,3543.0
2019-01-03 22:00:00,3497.0
2019-01-03 23:00:00,3406.0
2019-01-04 00:00:00,3330.0
2019-01-04 01:00:00,3315.0
2019-01-04 02:00:00,3272.0
2019-01-04 03:00:00,3215.0
2019-01-04 04:00:00,3195.0
2019-01-04 05:00:00,3025.0
2019-01-04 06:00:00,3009.0
2019-01-04 07:00:00,2943.0
2019-01-04 08:00:00,2878.0
2019-01-04 09:00:00,2841.0
2019-01-04 10:00:00,2913.0
2019-01-04 11:00:00,2898.0
2019-01-04 12:00:00,2926.0
2019-01-04 13:00:00,2974.0
2019-01-04 14:00:00,3018.0
2019-01-04 15:00:00,2989.0
2019-01-04 16:00:00,3052.0
2019-01-04 17:00:00,3115.0
2019-01-04 18:00:00,3018.0
2019-01-04 19:00:00,3018.0
2019-01-04 20:00:00,3005.0
2019-01-04 21:00:00,2973.0
2019-01-04 22:00:00,3012.0
2019-01-04 23:00:00,2971.0
2019-01-05 00:00:00,2930.0
2019-01-05 01:00:00,2921.0
2019-01-05 02:00:00,2884.0
2019-01-05 03:00:00,2773.0
2019-01-05 04:00:00,2720.0
2019-01-05 05:00:00,2677.0
2019-01-05 06:00:00,2726.0
2019-01-05 07:00:00,2720.0
2019-01-05 08:00:00,2795.0
2019-01-05 09:00:00,2971.0
2019-01-05 10:00:00,3306.0
2019-01-05 11:00:00,3460.0
2019-01-05 12:00:00,3616.0
2019-01-05 13:00:00,3548.0
2019-01-05 14:00:00,3814.0
2019-01-05 15:00:00,3730.0
2019-01-05 16:00:00,3721.0
2019-01-05 17:00:00,3864.0
2019-01-05 18:00:00,3828.0
2019-01-05 19:00:00,3982.0
2019-01-05 20:00:00,3943.0
2019-01-05 21:00:00,3800.0
2019-01-05 22:00:00,3755.0
2019-01-05 23:00:00,3519.0
2019-01-06 00:00:00,3324.0
2019-01-06 01:00:00,3199.0
2019-01-06 02:00:00,3115.0
2019-01-06 03:00:00,3081.0
2019-01-06 04:00:00,3031.0
2019-01-06 05:00:00,2954.0
2019-01-06 06:00:00,2768.0
2019-01-06 07:00:00,2779.0
2019-01-06 08:00:00,2803.0
2019-01-06 09:00:00,2989.0
2019-01-06 10:00:00,3221.0
2019-01-06 11:00:00,3727.0
2019-01-06 12:00:00,3731.0
2019-01-06 13:00:00,4013.0
2019-01-06 14:00:00,4311.0
2019-01-06 15:00:00,4005.0
2019-01-06 16:00:00,4119.0
2019-01-06 17:00:00,4252.0
2019-01-06 18:00:00,4241.0
2019-01-06 19:00:00,4488.0
2019-01-06 20:00:00,4236.0
2019-01-06 21:00:00,4113.0
2019-01-06 22:00:00,4036.0
2019-01-06 23:00:00,3803.0
2019-01-07 00:00:00,3597.0
2019-01-07 01:00:00,3431.0
2019-01-07 02:00:00,3247.0
2019-01-07 03:00:00,3133.0
2019-01-07 04:00:00,3126.0
2019-01-07 05:00:00,3063.0
2019-01-07 06:00:00,3065.0
2019-01-07 07:00:00,3003.0
2019-01-07 08:00:00,2937.0
2019-01-07 09:00:00,2960.0
2019-01-07 10:00:00,3385.0
2019-01-07 11:00:00,3726.0
2019-01-07 12:00:00,3868.0
2019-01-07 13:00:00,4120.0
2019-01-07 14:00:00,4424.0
2019-01-07 15:00:00,4214.0
2019-01-07 16:00:00,4378.0
2019-01-07 17:00:00,4760.0
2019-01-07 18:00:00,4726.0
2019-01-07 19:00:00,4785.0
2019-01-07 20:00:00,4342.0
2019-01-07 21:00:00,3862.0
2019-01-07 22:00:00,3675.0
2019-01-07 23:00:00,3496.0
2019-01-08 00:00:00,3445.0
2019-01-08 01:00:00,3358.0
2019-01-08 02:00:00,3274.0
2019-01-08 03:00:00,3178.0
2019-01-08 04:00:00,3199.0
2019-01-08 05:00:00,3104.0
2019-01-08 06:00:00,3113.0
2019-01-08 07:00:00,3120.0
2019-01-08 08:00:00,3113.0
2019-01-08 09:00:00,3350.0
2019-01-08 10:00:00,3665.0
2019-01-08 11:00:00,3970.0
2019-01-08 12:00:00,4119.0
2019-01-08 13:00:00,4278.0
2019-01-08 14:00:00,4560.0
2019-01-08 15:00:00,4280.0
2019-01-08 16:00:00,4460.0
2019-01-08 17:00:00,4616.0
2019-01-08 18:00:00,4540.0
2019-01-08 19:00:00,4622.0
2019-01-08 20:00:00,4459.0
2019-01-08 21:00:00,4467.0
2019-01-08 22:00:00,4314.0
2019-01-08 23:00:00,4053.0
2019-01-09 00:00:00,3916.0
2019-01-09 01:00:00,3699.0
2019-01-09 02:00:00,3537.0
2019-01-09 03:00:00,3407.0
2019-01-09 04:00:00,3350.0
2019-01-09 05:00:00,3340.0
2019-01-09 06:00:00,3256.0
2019-01-09 07:00:00,3242.0
2019-01-09 08:00:00,3183.0
2019-01-09 09:00:00,3333.0
2019-01-09 10:00:00,3583.0
2019-01-09 11:00:00,3860.0
2019-01-09 12:00:00,4116.0
2019-01-09 13:00:00,4348.0
2019-01-09 14:00:00,4520.0
2019-01-09 15:00:00,4434.0
2019-01-09 16:00:00,4683.0
2019-01-09 17:00:00,4758.0
2019-01-09 18:00:00,4730.0
2019-01-09 19:00:00,4728.0
2019-01-09 20:00:00,4751.0
2019-01-09 21:00:00,4600.0
2019-01-09 22:00:00,4415.0
2019-01-09 23:00:00,4218.0
2019-01-10 00:00:00,3890.0
2019-01-10 01:00:00,3685.0
2019-01-10 02:00:00,3523.0
2019-01-10 03:00:00,3352.0
2019-01-10 04:00:00,3184.0
2019-01-10 05:00:00,3169.0
2019-01-10 06:00:00,3158.0
2019-01-10 07:00:00,3131.0
2019-01-10 08:00:00,3109.0
2019-01-10 09:00:00,3088.0
2019-01-10 10:00:00,3257.0
2019-01-10 11:00:00,3388.0
2019-01-10 12:00:00,3571.0
2019-01-10 13:00:00,3619.0
2019-01-10 14:00:00,3750.0
2019-01-10 15:00:00,3602.0
2019-01-10 16:00:00,3579.0
2019-01-10 17:00:00,3610.0
2019-01-10 18:00:00,3588.0
2019-01-10 19:00:00,3759.0
2019-01-10 20:00:00,3811.0
2019-01-10 21:00:00,3700.0
2019-01-10 22:00:00,3522.0
2019-01-10 23:00:00,3353.0
2019-01-11 00:00:00,3250.0
2019-01-11 01:00:00,3175.0
2019-01-11 02:00:00,3100.0
2019-01-11 03:00:00,3029.0
2019-01-11 04:00:00,3014.0
2019-01-11 05:00:00,2892.0
2019-01-11 06:00:00,2953.0
2019-01-11 07:00:00,2973.0
2019-01-11 08:00:00,2927.0
2019-01-11 09:00:00,2834.0
2019-01-11 10:00:00,2841.0
2019-01-11 11:00:00,2855.0
2019-01-11 12:00:00,2877.0
2019-01-11 13:00:00,2999.0
2019-01-11 14:00:00,3113.0
2019-01-11 15:00:00,3166.0
2019-01-11 16:00:00,3149.0
2019-01-11 17:00:00,3155.0
2019-01-11 18:00:00,3132.0
2019-01-11 19:00:00,3152.0
2019-01-11 20:00:00,3126.0
2019-01-11 21:00:00,3073.0
2019-01-11 22:00:00,3087.0
2019-01-11 23:00:00,3041.0
2019-01-12 00:00:00,3002.0
2019-01-12 01:00:00,3039.0
2019-01-12 02:00:00,2995.0
2019-01-12 03:00:00,2858.0
2019-01-12 04:00:00,2731.0
2019-01-12 05:00:00,2645.0
2019-01-12 06:00:00,2653.0
2019-01-12 07:00:00,2749.0
2019-01-12 08:00:00,2829.0
2019-01-12 09:00:00,3078.0
2019-01-12 10:00:00,3218.0
2019-01-12 11:00:00,3749.0
2019-01-12 12:00:00,3819.0
2019-01-12 13:00:00,4069.0
2019-01-12 14:00:00,4341.0
2019-01-12 15:00:00,4392.0
2019-01-12 16:00:00,4475.0
2019-01-12 17:00:00,4234.0
2019-01-12 18:00:00,4218.0
2019-01-12 19:00:00,4159.0
2019-01-12 20:00:00,4070.0
2019-01-12 21:00:00,3947.0
2019-01-12 22:00:00,3921.0
2019-01-12 23:00:00,3782.0
2019-01-13 00:00:00,3621.0
2019-01-13 01:00:00,3516.0
2019-01-13 02:00:00,3375.0
2019-01-13 03:00:00,3215.0
2019-01-13 04:00:00,3201.0
2019-01-13 05:00:00,3163.0
2019-01-13 06:00:00,3105.0
2019-01-13 07:00:00,3134.0
2019-01-13 08:00:00,3087.0
2019-01-13 09:00:00,3222.0
2019-01-13 10:00:00,3465.0
2019-01-13 11:00:00,3712.0
2019-01-13 12:00:00,3844.0
2019-01-13 13:00:00,4132.0
2019-01-13 14:00:00,4394.0
2019-01-13 15:00:00,4429.0
2019-01-13 16:00:00,4374.0
2019-01-13 17:00:00,4386.0
2019-01-13 18:00:00,4678.0
2019-01-13 19:00:00,4875.0
2019-01-13 20:00:00,4277.0
2019-01-13 21:00:00,4098.0
2019-01-13 22:00:00,4147.0
2019-01-13 23:00:00,3902.0
2019-01-14 00:00:00,3694.0
2019-01-14 01:00:00,3580.0
2019-01-14 02:00:00,3386.0
2019-01-14 03:00:00,3265.0
2019-01-14 04:00:00,3213.0
2019-01-14 05:00:00,3117.0
2019-01-14 06:00:00,3070.0
2019-01-14 07:00:00,3103.0
2019-01-14 08:00:00,3136.0
2019-01-14 09:00:00,3222.0
2019-01-14 10:00:00,3414.0
2019-01-14 11:00:00,3626.0
2019-01-14 12:00:00,3820.0
2019-01-14 13:00:00,4073.0
2019-01-14 14:00:00,4426.0
2019-01-14 15:00:00,4470.0
2019-01-14 16:00:00,4540.0
2019-01-14 17:00:00,4539.0
2019-01-14 18:00:00,4650.0
2019-01-14 19:00:00,5306.0
2019-01-14 20:00:00,5031.0
2019-01-14 21:00:00,4249.0
2019-01-14 22:00:00,4032.0
2019-01-14 23:00:00,3733.0
2019-01-15 00:00:00,3525.0
2019-01-15 01:00:00,3401.0
2019-01-15 02:00:00,3256.0
2019-01-15 03:00:00,3141.0
2019-01-15 04:00:00,3156.0
2019-01-15 05:00:00,3108.0
2019-01-15 06:00:00,3078.0
2019-01-15 07:00:00,3075.0
2019-01-15 08:00:00,3105.0
2019-01-15 09:00:00,3303.0
2019-01-15 10:00:00,3438.0
2019-01-15 11:00:00,3766.0
2019-01-15 12:00:00,3964.0
2019-01-15 13:00:00,3963.0
2019-01-15 14:00:00,4254.0
2019-01-15 15:00:00,4138.0
2019-01-15 16:00:00,4248.0
2019-01-15 17:00:00,4701.0
2019-01-15 18:00:00,4894.0
2019-01-15 19:00:00,4962.0
2019-01-15 20:00:00,4704.0
2019-01-15 21:00:00,4343.0
2019-01-15 22:00:00,4101.0
2019-01-15 23:00:00,3853.0
2019-01-16 00:00:00,3601.0
2019-01-16 01:00:00,3470.0
2019-01-16 02:00:00,3348.0
2019-01-16 03:00:00,3174.0
2019-01-16 04:00:00,3142.0
2019-01-16 05:00:00,3145.0
2019-01-16 06:00:00,3159.0
2019-01-16 07:00:00,3114.0
2019-01-16 08:00:00,3116.0
2019-01-16 09:00:00,3235.0
2019-01-16 10:00:00,3497.0
2019-01-16 11:00:00,3686.0
2019-01-16 12:00:00,3870.0
2019-01-16 13:00:00,3877.0
2019-01-16 14:00:00,4013.0
2019-01-16 15:00:00,4002.0
2019-01-16 16:00:00,3998.0
2019-01-16 17:00:00,4341.0
2019-01-16 18:00:00,4435.0
2019-01-16 19:00:00,4498.0
2019-01-16 20:00:00,4448.0
2019-01-16 21:00:00,4066.0
2019-01-16 22:00:00,3961.0
2019-01-16 23:00:00,3903.0
2019-01-17 00:00:00,3633.0
2019-01-17 01:00:00,3500.0
2019-01-17 02:00:00,3339.0
2019-01-17 03:00:00,3245.0
2019-01-17 04:00:00,3213.0
2019-01-17 05:00:00,3249.0
2019-01-17 06:00:00,3209.0
2019-01-17 07:00:00,3272.0
2019-01-17 08:00:00,3261.0
2019-01-17 09:00:00,3210.0
2019-01-17 10:00:00,3259.0
2019-01-17 11:00:00,3376.0
2019-01-17 12:00:00,3473.0
2019-01-17 13:00:00,3670.0
2019-01-17 14:00:00,3675.0
2019-01-17 15:00:00,3594.0
2019-01-17 16:00:00,3525.0
2019-01-17 17:00:00,3710.0
2019-01-17 18:00:00,3786.0
2019-01-17 19:00:00,3876.0
2019-01-17 20:00:00,3681.0
2019-01-17 21:00:00,3621.0
2019-01-17 22:00:00,3509.0
2019-01-17 23:00:00,3376.0
2019-01-18 00:00:00,3259.0
2019-01-18 01:00:00,3223.0
2019-01-18 02:00:00,3068.0
2019-01-18 03:00:00,3038.0
2019-01-18 04:00:00,3021.0
2019-01-18 05:00:00,2951.0
2019-01-18 06:00:00,2961.0
2019-01-18 07:00:00,2950.0
2019-01-18 08:00:00,2866.0
2019-01-18 09:00:00,2896.0
2019-01-18 10:00:00,2986.0
2019-01-18 11:00:00,2991.0
2019-01-18 12:00:00,3123.0
2019-01-18 13:00:00,3210.0
2019-01-18 14:00:00,3274.0
2019-01-18 15:00:00,3221.0
2019-01-18 16:00:00,3378.0
2019-01-18 17:00:00,3358.0
2019-01-18 18:00:00,3355.0
2019-01-18 19:00:00,3337.0
2019-01-18 20:00:00,3322.0
2019-01-18 21:00:00,3239.0
2019-01-18 22:00:00,3198.0
2019-01-18 23:00:00,3129.0
2019-01-19 00:00:00,3081.0
2019-01-19 01:00:00,3079.0
2019-01-19 02:00:00,3033.0
2019-01-19 03:00:00,2856.0
2019-01-19 04:00:00,2851.0
2019-01-19 05:00:00,2782.0
2019-01-19 06:00:00,2769.0
2019-01-19 07:00:00,2864.0
2019-01-19 08:00:00,3040.0
2019-01-19 09:00:00,3100.0
2019-01-19 10:00:00,3292.0
2019-01-19 11:00:00,3592.0
2019-01-19 12:00:00,3848.0
2019-01-19 13:00:00,4127.0
2019-01-19 14:00:00,4403.0
2019-01-19 15:00:00,4303.0
2019-01-19 16:00:00,4373.0
2019-01-19 17:00:00,4691.0
2019-01-19 18:00:00,4949.0
2019-01-19 19:00:00,4942.0
2019-01-19 20:00:00,4545.0
2019-01-19 21:00:00,4196.0
2019-01-19 22:00:00,4068.0
2019-01-19 23:00:00,3777.0
2019-01-20 00:00:00,3677.0
2019-01-20 01:00:00,3524.0
2019-01-20 02:00:00,3381.0
2019-01-20 03:00:00,3204.0
2019-01-20 04:00:00,3198.0
2019-01-20 05:00:00,3181.0
2019-01-20 06:00:00,3114.0
2019-01-20 07:00:00,3094.0
2019-01-20 08:00:00,3087.0
2019-01-20 09:00:00,3131.0
2019-01-20 10:00:00,3339.0
2019-01-20 11:00:00,3648.0
2019-01-20 12:00:00,3842.0
2019-01-20 13:00:00,4191.0
2019-01-20 14:00:00,4375.0
2019-01-20 15:00:00,4445.0
2019-01-20 16:00:00,4618.0
2019-01-20 17:00:00,4916.0
2019-01-20 18:00:00,4881.0
2019-01-20 19:00:00,5065.0
2019-01-20 20:00:00,4942.0
2019-01-20 21:00:00,4515.0
2019-01-20 22:00:00,4244.0
2019-01-20 23:00:00,3941.0
2019-01-21 00:00:00,3661.0
2019-01-21 01:00:00,3548.0
2019-01-21 02:00:00,3393.0
2019-01-21 03:00:00,3246.0
2019-01-21 04:00:00,3245.0
2019-01-21 05:00:00,3187.0
2019-01-21 06:00:00,3031.0
2019-01-21 07:00:00,3119.0
2019-01-21 08:00:00,3125.0
2019-01-21 09:00:00,3248.0
2019-01-21 10:00:00,3443.0
2019-01-21 11:00:00,3623.0
2019-01-21 12:00:00,3643.0
2019-01-21 13:00:00,3974.0
2019-01-21 14:00:00,4123.0
2019-01-21 15:00:00,3996.0
2019-01-21 16:00:00,4130.0
2019-01-21 17:00:00,4131.0
2019-01-21 18:00:00,4288.0
2019-01-21 19:00:00,4364.0
2019-01-21 20:00:00,4145.0
2019-01-21 21:00:00,3942.0
2019-01-21 22:00:00,3735.0
2019-01-21 23:00:00,3637.0
2019-01-22 00:00:00,3477.0
2019-01-22 01:00:00,3320.0
2019-01-22 02:00:00,3289.0
2019-01-22 03:00:00,3115.0
2019-01-22 04:00:00,3212.0
2019-01-22 05:00:00,3133.0
2019-01-22 06:00:00,3045.0
2019-01-22 07:00:00,3104.0
2019-01-22 08:00:00,3106.0
2019-01-22 09:00:00,3301.0
2019-01-22 10:00:00,3434.0
2019-01-22 11:00:00,3732.0
2019-01-22 12:00:00,3883.0
2019-01-22 13:00:00,4038.0
2019-01-22 14:00:00,4075.0
2019-01-22 15:00:00,3936.0
2019-01-22 16:00:00,3945.0
2019-01-22 17:00:00,3912.0
2019-01-22 18:00:00,4023.0
2019-01-22 19:00:00,4475.0
2019-01-22 20:00:00,4426.0
2019-01-22 21:00:00,4023.0
2019-01-22 22:00:00,3859.0
2019-01-22 23:00:00,3735.0
2019-01-23 00:00:00,3553.0
2019-01-23 01:00:00,3422.0
2019-01-23 02:00:00,3468.0
2019-01-23 03:00:00,3234.0
2019-01-23 04:00:00,3265.0
2019-01-23 05:00:00,3267.0
2019-01-23 06:00:00,3243.0
2019-01-23 07:00:00,3165.0
2019-01-23 08:00:00,3137.0
2019-01-23 09:00:00,3247.0
2019-01-23 10:00:00,3375.0
2019-01-23 11:00:00,3663.0
2019-01-23 12:00:00,3804.0
2019-01-23 13:00:00,3887.0
2019-01-23 14:00:00,4121.0
2019-01-23 15:00:00,4040.0
2019-01-23 16:00:00,4278.0
2019-01-23 17:00:00,4401.0
2019-01-23 18:00:00,4574.0
2019-01-23 19:00:00,4833.0
2019-01-23 20:00:00,4501.0
2019-01-23 21:00:00,4128.0
2019-01-23 22:00:00,4041.0
2019-01-23 23:00:00,3802.0
2019-01-24 00:00:00,3669.0
2019-01-24 01:00:00,3520.0
2019-01-24 02:00:00,3373.0
2019-01-24 03:00:00,3200.0
2019-01-24 04:00:00,3183.0
2019-01-24 05:00:00,3119.0
2019-01-24 06:00:00,3128.0
2019-01-24 07:00:00,3055.0
2019-01-24 08:00:00,3067.0
2019-01-24 09:00:00,3089.0
2019-01-24 10:00:00,3185.0
2019-01-24 11:00:00,3209.0
2019-01-24 12:00:00,3258.0
2019-01-24 13:00:00,3269.0
2019-01-24 14:00:00,3297.0
2019-01-24 15:00:00,3332.0
2019-01-24 16:00:00,3485.0
2019-01-24 17:00:00,3687.0
2019-01-24 18:00:00,3992.0
2019-01-24 19:00:00,4043.0
2019-01-24 20:00:00,3894.0
2019-01-24 21:00:00,3822.0
2019-01-24 22:00:00,3925.0
2019-01-24 23:00:00,3567.0
2019-01-25 00:00:00,3476.0
2019-01-25 01:00:00,3200.0
2019-01-25 02:00:00,3276.0
2019-01-25 03:00:00,3040.0
2019-01-25 04:00:00,3016.0
2019-01-25 05:00:00,2869.0
2019-01-25 06:00:00,2822.0
2019-01-25 07:00:00,2853.0
2019-01-25 08:00:00,2755.0
2019-01-25 09:00:00,2605.0
2019-01-25 10:00:00,2732.0
2019-01-25 11:00:00,2767.0
2019-01-25 12:00:00,2770.0
2019-01-25 13:00:00,2828.0
2019-01-25 14:00:00,2960.0
2019-01-25 15:00:00,2956.0
2019-01-25 16:00:00,3216.0
2019-01-25 17:00:00,3162.0
2019-01-25 18:00:00,3254.0
2019-01-25 19:00:00,3341.0
2019-01-25 20:00:00,3311.0
2019-01-25 21:00:00,3209.0
2019-01-25 22:00:00,3241.0
2019-01-25 23:00:00,3122.0
2019-01-26 00:00:00,3064.0
2019-01-26 01:00:00,3002.0
2019-01-26 02:00:00,2934.0
2019-01-26 03:00:00,2809.0
2019-01-26 04:00:00,2702.0
2019-01-26 05:00:00,2611.0
2019-01-26 06:00:00,2647.0
2019-01-26 07:00:00,2744.0
2019-01-26 08:00:00,2911.0
2019-01-26 09:00:00,2977.0
2019-01-26 10:00:00,3104.0
2019-01-26 11:00:00,3504.0
2019-01-26 12:00:00,3567.0
2019-01-26 13:00:00,3715.0
2019-01-26 14:00:00,3895.0
2019-01-26 15:00:00,4044.0
2019-01-26 16:00:00,4273.0
2019-01-26 17:00:00,4537.0
2019-01-26 18:00:00,4814.0
2019-01-26 19:00:00,5115.0
2019-01-26 20:00:00,4853.0
2019-01-26 21:00:00,4297.0
2019-01-26 22:00:00,4379.0
2019-01-26 23:00:00,4134.0
2019-01-27 00:00:00,3780.0
2019-01-27 01:00:00,3590.0
2019-01-27 02:00:00,3481.0
2019-01-27 03:00:00,3350.0
2019-01-27 04:00:00,3276.0
2019-01-27 05:00:00,3181.0
2019-01-27 06:00:00,3108.0
2019-01-27 07:00:00,3162.0
2019-01-27 08:00:00,3111.0
2019-01-27 09:00:00,3232.0
2019-01-27 10:00:00,3369.0
2019-01-27 11:00:00,3632.0
2019-01-27 12:00:00,3926.0
2019-01-27 13:00:00,4295.0
2019-01-27 14:00:00,4451.0
2019-01-27 15:00:00,4435.0
2019-01-27 16:00:00,4603.0
2019-01-27 17:00:00,4805.0
2019-01-27 18:00:00,5171.0
2019-01-27 19:00:00,5187.0
2019-01-27 20:00:00,4976.0
2019-01-27 21:00:00,4754.0
2019-01-27 22:00:00,4688.0
2019-01-27 23:00:00,4383.0
2019-01-28 00:00:00,4138.0
2019-01-28 01:00:00,3937.0
2019-01-28 02:00:00,3552.0
2019-01-28 03:00:00,3422.0
2019-01-28 04:00:00,3407.0
2019-01-28 05:00:00,3337.0
2019-01-28 06:00:00,3164.0
2019-01-28 07:00:00,3257.0
2019-01-28 08:00:00,3123.0
2019-01-28 09:00:00,3251.0
2019-01-28 10:00:00,3405.0
2019-01-28 11:00:00,3854.0
2019-01-28 12:00:00,4170.0
2019-01-28 13:00:00,4278.0
2019-01-28 14:00:00,4449.0
2019-01-28 15:00:00,4439.0
2019-01-28 16:00:00,4685.0
2019-01-28 17:00:00,4947.0
2019-01-28 18:00:00,5151.0
2019-01-28 19:00:00,5421.0
2019-01-28 20:00:00,5176.0
2019-01-28 21:00:00,4809.0
2019-01-28 22:00:00,4556.0
2019-01-28 23:00:00,4248.0
2019-01-29 00:00:00,4027.0
2019-01-29 01:00:00,3745.0
2019-01-29 02:00:00,3515.0
2019-01-29 03:00:00,3392.0
2019-01-29 04:00:00,3427.0
2019-01-29 05:00:00,3322.0
2019-01-29 06:00:00,3148.0
2019-01-29 07:00:00,3273.0
2019-01-29 08:00:00,3183.0
2019-01-29 09:00:00,3277.0
2019-01-29 10:00:00,3415.0
2019-01-29 11:00:00,3635.0
2019-01-29 12:00:00,3731.0
2019-01-29 13:00:00,3779.0
2019-01-29 14:00:00,3930.0
2019-01-29 15:00:00,3927.0
2019-01-29 16:00:00,4068.0
2019-01-29 17:00:00,4349.0
2019-01-29 18:00:00,4533.0
2019-01-29 19:00:00,4716.0
2019-01-29 20:00:00,4579.0
2019-01-29 21:00:00,4431.0
2019-01-29 22:00:00,4274.0
2019-01-29 23:00:00,3973.0
2019-01-30 00:00:00,3670.0
2019-01-30 01:00:00,3540.0
2019-01-30 02:00:00,3408.0
2019-01-30 03:00:00,3370.0
2019-01-30 04:00:00,3376.0
2019-01-30 05:00:00,3345.0
2019-01-30 06:00:00,3286.0
2019-01-30 07:00:00,3322.0
2019-01-30 08:00:00,3289.0
2019-01-30 09:00:00,3335.0
2019-01-30 10:00:00,3466.0
2019-01-30 11:00:00,3721.0
2019-01-30 12:00:00,3829.0
2019-01-30 13:00:00,3890.0
2019-01-30 14:00:00,4148.0
2019-01-30 15:00:00,4072.0
2019-01-30 16:00:00,4037.0
2019-01-30 17:00:00,4146.0
2019-01-30 18:00:00,4163.0
2019-01-30 19:00:00,4233.0
2019-01-30 20:00:00,4089.0
2019-01-30 21:00:00,4048.0
2019-01-30 22:00:00,3969.0
2019-01-30 23:00:00,3879.0
2019-01-31 00:00:00,3707.0
2019-01-31 01:00:00,3434.0
2019-01-31 02:00:00,3258.0
2019-01-31 03:00:00,3250.0
2019-01-31 04:00:00,3375.0
2019-01-31 05:00:00,3136.0
2019-01-31 06:00:00,3109.0
2019-01-31 07:00:00,3323.0
2019-01-31 08:00:00,3308.0
2019-01-31 09:00:00,3207.0
2019-01-31 10:00:00,3205.0
2019-01-31 11:00:00,3321.0
2019-01-31 12:00:00,3404.0
2019-01-31 13:00:00,3485.0
2019-01-31 14:00:00,3671.0
2019-01-31 15:00:00,3601.0
2019-01-31 16:00:00,3672.0
2019-01-31 17:00:00,3797.0
2019-01-31 18:00:00,3803.0
2019-01-31 19:00:00,4075.0
2019-01-31 20:00:00,3890.0
2019-01-31 21:00:00,3771.0
2019-01-31 22:00:00,3924.0
2019-01-31 23:00:00,3686.0
2019-02-01 00:00:00,3365.0
2019-02-01 01:00:00,3442.0
2019-02-01 02:00:00,3277.0
2019-02-01 03:00:00,3186.0
2019-02-01 04:00:00,3205.0
2019-02-01 05:00:00,3125.0
2019-02-01 06:00:00,3209.0
2019-02-01 07:00:00,3149.0
2019-02-01 08:00:00,3037.0
2019-02-01 09:00:00,2909.0
2019-02-01 10:00:00,2947.0
2019-02-01 11:00:00,2970.0
2019-02-01 12:00:00,3063.0
2019-02-01 13:00:00,3102.0
2019-02-01 14:00:00,3151.0
2019-02-01 15:00:00,3146.0
2019-02-01 16:00:00,3336.0
2019-02-01 17:00:00,3251.0
2019-02-01 18:00:00,3346.0
2019-02-01 19:00:00,3327.0
2019-02-01 20:00:00,3209.0
2019-02-01 21:00:00,3087.0
2019-02-01 22:00:00,3070.0
2019-02-01 23:00:00,3036.0
2019-02-02 00:00:00,3002.0
2019-02-02 01:00:00,2968.0
2019-02-02 02:00:00,2867.0
2019-02-02 03:00:00,2803.0
2019-02-02 04:00:00,2801.0
2019-02-02 05:00:00,2726.0
2019-02-02 06:00:00,2739.0
2019-02-02 07:00:00,2816.0
2019-02-02 08:00:00,2927.0
2019-02-02 09:00:00,3039.0
2019-02-02 10:00:00,3277.0
2019-02-02 11:00:00,3444.0
2019-02-02 12:00:00,3631.0
2019-02-02 13:00:00,3817.0
2019-02-02 14:00:00,4019.0
2019-02-02 15:00:00,4095.0
2019-02-02 16:00:00,4300.0
2019-02-02 17:00:00,4796.0
2019-02-02 18:00:00,4601.0
2019-02-02 19:00:00,4557.0
2019-02-02 20:00:00,4440.0
2019-02-02 21:00:00,4126.0
2019-02-02 22:00:00,4086.0
2019-02-02 23:00:00,3759.0
2019-02-03 00:00:00,3622.0
2019-02-03 01:00:00,3483.0
2019-02-03 02:00:00,3378.0
2019-02-03 03:00:00,3256.0
2019-02-03 04:00:00,3331.0
2019-02-03 05:00:00,3287.0
2019-02-03 06:00:00,3221.0
2019-02-03 07:00:00,3224.0
2019-02-03 08:00:00,3270.0
2019-02-03 09:00:00,3284.0
2019-02-03 10:00:00,3472.0
2019-02-03 11:00:00,3849.0
2019-02-03 12:00:00,4029.0
2019-02-03 13:00:00,4303.0
2019-02-03 14:00:00,4546.0
2019-02-03 15:00:00,4598.0
2019-02-03 16:00:00,4788.0
2019-02-03 17:00:00,4917.0
2019-02-03 18:00:00,4941.0
2019-02-03 19:00:00,4877.0
2019-02-03 20:00:00,4736.0
2019-02-03 21:00:00,4445.0
2019-02-03 22:00:00,4170.0
2019-02-03 23:00:00,3913.0
2019-02-04 00:00:00,3833.0
2019-02-04 01:00:00,3736.0
2019-02-04 02:00:00,3530.0
2019-02-04 03:00:00,3350.0
2019-02-04 04:00:00,3408.0
2019-02-04 05:00:00,3285.0
2019-02-04 06:00:00,3244.0
2019-02-04 07:00:00,3260.0
2019-02-04 08:00:00,3234.0
2019-02-04 09:00:00,3303.0
2019-02-04 10:00:00,3482.0
2019-02-04 11:00:00,3691.0
2019-02-04 12:00:00,3962.0
2019-02-04 13:00:00,4180.0
2019-02-04 14:00:00,4523.0
2019-02-04 15:00:00,4718.0
2019-02-04 16:00:00,4774.0
2019-02-04 17:00:00,4960.0
2019-02-04 18:00:00,4710.0
2019-02-04 19:00:00,5147.0
2019-02-04 20:00:00,4564.0
2019-02-04 21:00:00,4460.0
2019-02-04 22:00:00,4300.0
2019-02-04 23:00:00,4123.0
2019-02-05 00:00:00,4004.0
2019-02-05 01:00:00,3829.0
2019-02-05 02:00:00,3560.0
2019-02-05 03:00:00,3467.0
2019-02-05 04:00:00,3526.0
2019-02-05 05:00:00,3340.0
2019-02-05 06:00:00,3318.0
2019-02-05 07:00:00,3414.0
2019-02-05 08:00:00,3433.0
2019-02-05 09:00:00,3521.0
2019-02-05 10:00:00,3806.0
2019-02-05 11:00:00,3988.0
2019-02-05 12:00:00,4187.0
2019-02-05 13:00:00,4462.0
2019-02-05 14:00:00,4605.0
2019-02-05 15:00:00,4499.0
2019-02-05 16:00:00,4615.0
2019-02-05 17:00:00,4796.0
2019-02-05 18:00:00,5000.0
2019-02-05 19:00:00,5053.0
2019-02-05 20:00:00,4992.0
2019-02-05 21:00:00,4628.0
2019-02-05 22:00:00,4653.0
2019-02-05 23:00:00,4456.0
2019-02-06 00:00:00,4307.0
2019-02-06 01:00:00,3995.0
2019-02-06 02:00:00,3805.0
2019-02-06 03:00:00,3683.0
2019-02-06 04:00:00,3612.0
2019-02-06 05:00:00,3547.0
2019-02-06 06:00:00,3556.0
2019-02-06 07:00:00,3581.0
2019-02-06 08:00:00,3567.0
2019-02-06 09:00:00,3596.0
2019-02-06 10:00:00,3703.0
2019-02-06 11:00:00,3922.0
2019-02-06 12:00:00,4326.0
2019-02-06 13:00:00,4534.0
2019-02-06 14:00:00,4650.0
2019-02-06 15:00:00,4468.0
2019-02-06 16:00:00,4640.0
2019-02-06 17:00:00,4621.0
2019-02-06 18:00:00,4909.0
2019-02-06 19:00:00,4922.0
2019-02-06 20:00:00,4742.0
2019-02-06 21:00:00,4567.0
2019-02-06 22:00:00,4504.0
2019-02-06 23:00:00,4378.0
2019-02-07 00:00:00,3892.0
2019-02-07 01:00:00,3875.0
2019-02-07 02:00:00,3613.0
2019-02-07 03:00:00,3403.0
2019-02-07 04:00:00,3545.0
2019-02-07 05:00:00,3537.0
2019-02-07 06:00:00,3496.0
2019-02-07 07:00:00,3437.0
2019-02-07 08:00:00,3359.0
2019-02-07 09:00:00,3265.0
2019-02-07 10:00:00,3338.0
2019-02-07 11:00:00,3422.0
2019-02-07 12:00:00,3507.0
2019-02-07 13:00:00,3900.0
2019-02-07 14:00:00,4563.0
2019-02-07 15:00:00,4577.0
2019-02-07 16:00:00,4570.0
2019-02-07 17:00:00,4765.0
2019-02-07 18:00:00,4677.0
2019-02-07 19:00:00,4713.0
2019-02-07 20:00:00,4647.0
2019-02-07 21:00:00,4575.0
2019-02-07 22:00:00,4412.0
2019-02-07 23:00:00,4128.0
2019-02-08 00:00:00,3955.0
2019-02-08 01:00:00,3928.0
2019-02-08 02:00:00,3600.0
2019-02-08 03:00:00,3306.0
2019-02-08 04:00:00,3379.0
2019-02-08 05:00:00,3281.0
2019-02-08 06:00:00,3234.0
2019-02-08 07:00:00,3242.0
2019-02-08 08:00:00,3147.0
2019-02-08 09:00:00,2998.0
2019-02-08 10:00:00,3048.0
2019-02-08 11:00:00,3089.0
2019-02-08 12:00:00,3108.0
2019-02-08 13:00:00,3302.0
2019-02-08 14:00:00,3536.0
2019-02-08 15:00:00,3532.0
2019-02-08 16:00:00,3890.0
2019-02-08 17:00:00,3687.0
2019-02-08 18:00:00,3663.0
2019-02-08 19:00:00,3694.0
2019-02-08 20:00:00,3583.0
2019-02-08 21:00:00,3468.0
2019-02-08 22:00:00,3415.0
2019-02-08 23:00:00,3334.0
2019-02-09 00:00:00,3246.0
2019-02-09 01:00:00,3280.0
2019-02-09 02:00:00,3227.0
2019-02-09 03:00:00,2953.0
2019-02-09 04:00:00,3179.0
2019-02-09 05:00:00,2888.0
2019-02-09 06:00:00,3077.0
2019-02-09 07:00:00,3140.0
2019-02-09 08:00:00,3255.0
2019-02-09 09:00:00,3284.0
2019-02-09 10:00:00,3528.0
2019-02-09 11:00:00,3800.0
2019-02-09 12:00:00,3889.0
2019-02-09 13:00:00,4340.0
2019-02-09 14:00:00,4321.0
2019-02-09 15:00:00,4293.0
2019-02-09 16:00:00,4393.0
2019-02-09 17:00:00,4384.0
2019-02-09 18:00:00,4495.0
2019-02-09 19:00:00,4374.0
2019-02-09 20:00:00,4171.0
2019-02-09 21:00:00,3979.0
2019-02-09 22:00:00,4055.0
2019-02-09 23:00:00,3888.0
2019-02-10 00:00:00,3630.0
2019-02-10 01:00:00,3526.0
2019-02-10 02:00:00,3377.0
2019-02-10 03:00:00,3272.0
2019-02-10 04:00:00,3265.0
2019-02-10 05:00:00,3199.0
2019-02-10 06:00:00,3180.0
2019-02-10 07:00:00,3215.0
2019-02-10 08:00:00,3207.0
2019-02-10 09:00:00,3301.0
2019-02-10 10:00:00,3458.0
2019-02-10 11:00:00,3561.0
2019-02-10 12:00:00,3804.0
2019-02-10 13:00:00,3920.0
2019-02-10 14:00:00,4373.0
2019-02-10 15:00:00,4335.0
2019-02-10 16:00:00,4524.0
2019-02-10 17:00:00,4779.0
2019-02-10 18:00:00,5027.0
2019-02-10 19:00:00,4988.0
2019-02-10 20:00:00,4738.0
2019-02-10 21:00:00,4566.0
2019-02-10 22:00:00,4649.0
2019-02-10 23:00:00,4458.0
2019-02-11 00:00:00,4319.0
2019-02-11 01:00:00,4200.0
2019-02-11 02:00:00,4097.0
2019-02-11 03:00:00,3880.0
2019-02-11 04:00:00,3823.0
2019-02-11 05:00:00,3676.0
2019-02-11 06:00:00,3583.0
2019-02-11 07:00:00,3508.0
2019-02-11 08:00:00,3521.0
2019-02-11 09:00:00,3314.0
2019-02-11 10:00:00,3545.0
2019-02-11 11:00:00,3623.0
2019-02-11 12:00:00,3908.0
2019-02-11 13:00:00,3903.0
2019-02-11 14:00:00,4145.0
2019-02-11 15:00:00,4044.0
2019-02-11 16:00:00,4097.0
2019-02-11 17:00:00,4524.0
2019-02-11 18:00:00,4527.0
2019-02-11 19:00:00,4374.0
2019-02-11 20:00:00,4217.0
2019-02-11 21:00:00,4068.0
2019-02-11 22:00:00,3929.0
2019-02-11 23:00:00,3847.0
2019-02-12 00:00:00,3506.0
2019-02-12 01:00:00,3412.0
2019-02-12 02:00:00,3315.0
2019-02-12 03:00:00,3206.0
2019-02-12 04:00:00,3326.0
2019-02-12 05:00:00,3226.0
2019-02-12 06:00:00,3123.0
2019-02-12 07:00:00,3096.0
2019-02-12 08:00:00,3062.0
2019-02-12 09:00:00,3089.0
2019-02-12 10:00:00,3459.0
2019-02-12 11:00:00,3568.0
2019-02-12 12:00:00,3778.0
2019-02-12 13:00:00,3961.0
2019-02-12 14:00:00,4256.0
2019-02-12 15:00:00,4301.0
2019-02-12 16:00:00,4531.0
2019-02-12 17:00:00,4720.0
2019-02-12 18:00:00,4774.0
2019-02-12 19:00:00,4627.0
2019-02-12 20:00:00,4495.0
2019-02-12 21:00:00,4179.0
2019-02-12 22:00:00,4201.0
2019-02-12 23:00:00,4088.0
2019-02-13 00:00:00,4007.0
2019-02-13 01:00:00,3876.0
2019-02-13 02:00:00,3604.0
2019-02-13 03:00:00,3374.0
2019-02-13 04:00:00,3319.0
2019-02-13 05:00:00,3316.0
2019-02-13 06:00:00,3243.0
2019-02-13 07:00:00,3196.0
2019-02-13 08:00:00,3100.0
2019-02-13 09:00:00,3179.0
2019-02-13 10:00:00,3406.0
2019-02-13 11:00:00,3459.0
2019-02-13 12:00:00,3580.0
2019-02-13 13:00:00,3770.0
2019-02-13 14:00:00,3868.0
2019-02-13 15:00:00,3762.0
2019-02-13 16:00:00,4099.0
2019-02-13 17:00:00,4259.0
2019-02-13 18:00:00,4007.0
2019-02-13 19:00:00,3968.0
2019-02-13 20:00:00,4043.0
2019-02-13 21:00:00,3921.0
2019-02-13 22:00:00,4021.0
2019-02-13 23:00:00,3973.0
2019-02-14 00:00:00,3883.0
2019-02-14 01:00:00,3691.0
2019-02-14 02:00:00,3475.0
2019-02-14 03:00:00,3294.0
2019-02-14 04:00:00,3360.0
2019-02-14 05:00:00,3469.0
2019-02-14 06:00:00,3327.0
2019-02-14 07:00:00,3295.0
2019-02-14 08:00:00,3151.0
2019-02-14 09:00:00,3234.0
2019-02-14 10:00:00,3263.0
2019-02-14 11:00:00,3287.0
2019-02-14 12:00:00,3581.0
2019-02-14 13:00:00,3729.0
2019-02-14 14:00:00,3920.0
2019-02-14 15:00:00,3982.0
2019-02-14 16:00:00,4128.0
2019-02-14 17:00:00,4220.0
2019-02-14 18:00:00,4355.0
2019-02-14 19:00:00,4257.0
2019-02-14 20:00:00,4288.0
2019-02-14 21:00:00,4270.0
2019-02-14 22:00:00,4181.0
2019-02-14 23:00:00,3951.0
2019-02-15 00:00:00,3868.0
2019-02-15 01:00:00,3837.0
2019-02-15 02:00:00,3615.0
2019-02-15 03:00:00,3455.0
2019-02-15 04:00:00,3484.0
2019-02-15 05:00:00,3295.0
2019-02-15 06:00:00,3191.0
2019-02-15 07:00:00,3135.0
2019-02-15 08:00:00,2941.0
2019-02-15 09:00:00,2932.0
2019-02-15 10:00:00,3103.0
2019-02-15 11:00:00,3154.0
2019-02-15 12:00:00,3377.0
2019-02-15 13:00:00,3582.0
2019-02-15 14:00:00,3681.0
2019-02-15 15:00:00,3734.0
2019-02-15 16:00:00,3801.0
2019-02-15 17:00:00,3993.0
2019-02-15 18:00:00,4057.0
2019-02-15 19:00:00,4012.0
2019-02-15 20:00:00,3859.0
2019-02-15 21:00:00,3758.0
2019-02-15 22:00:00,3747.0
2019-02-15 23:00:00,3571.0
2019-02-16 00:00:00,3428.0
2019-02-16 01:00:00,3091.0
2019-02-16 02:00:00,3381.0
2019-02-16 03:00:00,3097.0
2019-02-16 04:00:00,3148.0
2019-02-16 05:00:00,3049.0
2019-02-16 06:00:00,3043.0
2019-02-16 07:00:00,3035.0
2019-02-16 08:00:00,3205.0
2019-02-16 09:00:00,3305.0
2019-02-16 10:00:00,3520.0
2019-02-16 11:00:00,3859.0
2019-02-16 12:00:00,3994.0
2019-02-16 13:00:00,3974.0
2019-02-16 14:00:00,4405.0
2019-02-16 15:00:00,4696.0
2019-02-16 16:00:00,4490.0
2019-02-16 17:00:00,4644.0
2019-02-16 18:00:00,4683.0
2019-02-16 19:00:00,4681.0
2019-02-16 20:00:00,4583.0
2019-02-16 21:00:00,4284.0
2019-02-16 22:00:00,4128.0
2019-02-16 23:00:00,4089.0
2019-02-17 00:00:00,3884.0
2019-02-17 01:00:00,3786.0
2019-02-17 02:00:00,3414.0
2019-02-17 03:00:00,3341.0
2019-02-17 04:00:00,3480.0
2019-02-17 05:00:00,3306.0
2019-02-17 06:00:00,3185.0
2019-02-17 07:00:00,3156.0
2019-02-17 08:00:00,3250.0
2019-02-17 09:00:00,3287.0
2019-02-17 10:00:00,3402.0
2019-02-17 11:00:00,3664.0
2019-02-17 12:00:00,3881.0
2019-02-17 13:00:00,4225.0
2019-02-17 14:00:00,4366.0
2019-02-17 15:00:00,4450.0
2019-02-17 16:00:00,4736.0
2019-02-17 17:00:00,4815.0
2019-02-17 18:00:00,4960.0
2019-02-17 19:00:00,4877.0
2019-02-17 20:00:00,4475.0
2019-02-17 21:00:00,4293.0
2019-02-17 22:00:00,4296.0
2019-02-17 23:00:00,4166.0
2019-02-18 00:00:00,3871.0
2019-02-18 01:00:00,3770.0
2019-02-18 02:00:00,3606.0
2019-02-18 03:00:00,3496.0
2019-02-18 04:00:00,3453.0
2019-02-18 05:00:00,3226.0
2019-02-18 06:00:00,3214.0
2019-02-18 07:00:00,3226.0
2019-02-18 08:00:00,3236.0
2019-02-18 09:00:00,3269.0
2019-02-18 10:00:00,3430.0
2019-02-18 11:00:00,3635.0
2019-02-18 12:00:00,3872.0
2019-02-18 13:00:00,4092.0
2019-02-18 14:00:00,4345.0
2019-02-18 15:00:00,4583.0
2019-02-18 16:00:00,4583.0
2019-02-18 17:00:00,4769.0
2019-02-18 18:00:00,4562.0
2019-02-18 19:00:00,4777.0
2019-02-18 20:00:00,4728.0
2019-02-18 21:00:00,4525.0
2019-02-18 22:00:00,4233.0
2019-02-18 23:00:00,4073.0
2019-02-19 00:00:00,3804.0
2019-02-19 01:00:00,3488.0
2019-02-19 02:00:00,3416.0
2019-02-19 03:00:00,3357.0
2019-02-19 04:00:00,3407.0
2019-02-19 05:00:00,3231.0
2019-02-19 06:00:00,2933.0
2019-02-19 07:00:00,3018.0
2019-02-19 08:00:00,3071.0
2019-02-19 09:00:00,3158.0
2019-02-19 10:00:00,3327.0
2019-02-19 11:00:00,3572.0
2019-02-19 12:00:00,4014.0
2019-02-19 13:00:00,4212.0
2019-02-19 14:00:00,4400.0
2019-02-19 15:00:00,4463.0
2019-02-19 16:00:00,4464.0
2019-02-19 17:00:00,4526.0
2019-02-19 18:00:00,4563.0
2019-02-19 19:00:00,4770.0
2019-02-19 20:00:00,4606.0
2019-02-19 21:00:00,4330.0
2019-02-19 22:00:00,4120.0
2019-02-19 23:00:00,3960.0
2019-02-20 00:00:00,3821.0
2019-02-20 01:00:00,3610.0
2019-02-20 02:00:00,3490.0
2019-02-20 03:00:00,3355.0
2019-02-20 04:00:00,3403.0
2019-02-20 05:00:00,3304.0
2019-02-20 06:00:00,3260.0
2019-02-20 07:00:00,3224.0
2019-02-20 08:00:00,3261.0
2019-02-20 09:00:00,3361.0
2019-02-20 10:00:00,3555.0
2019-02-20 11:00:00,3668.0
2019-02-20 12:00:00,3918.0
2019-02-20 13:00:00,3943.0
2019-02-20 14:00:00,4235.0
2019-02-20 15:00:00,4389.0
2019-02-20 16:00:00,4448.0
2019-02-20 17:00:00,4532.0
2019-02-20 18:00:00,4520.0
2019-02-20 19:00:00,4463.0
2019-02-20 20:00:00,4321.0
2019-02-20 21:00:00,4109.0
2019-02-20 22:00:00,4041.0
2019-02-20 23:00:00,4116.0
2019-02-21 00:00:00,3822.0
2019-02-21 01:00:00,3596.0
2019-02-21 02:00:00,3458.0
2019-02-21 03:00:00,3363.0
2019-02-21 04:00:00,3363.0
2019-02-21 05:00:00,3405.0
2019-02-21 06:00:00,3257.0
2019-02-21 07:00:00,3146.0
2019-02-21 08:00:00,3093.0
2019-02-21 09:00:00,3018.0
2019-02-21 10:00:00,3059.0
2019-02-21 11:00:00,3179.0
2019-02-21 12:00:00,3343.0
2019-02-21 13:00:00,3515.0
2019-02-21 14:00:00,3700.0
2019-02-21 15:00:00,3684.0
2019-02-21 16:00:00,3784.0
2019-02-21 17:00:00,3920.0
2019-02-21 18:00:00,4119.0
2019-02-21 19:00:00,4053.0
2019-02-21 20:00:00,3915.0
2019-02-21 21:00:00,3864.0
2019-02-21 22:00:00,3828.0
2019-02-21 23:00:00,3520.0
2019-02-22 00:00:00,3409.0
2019-02-22 01:00:00,3307.0
2019-02-22 02:00:00,3224.0
2019-02-22 03:00:00,3105.0
2019-02-22 04:00:00,3043.0
2019-02-22 05:00:00,2900.0
2019-02-22 06:00:00,2945.0
2019-02-22 07:00:00,2887.0
2019-02-22 08:00:00,2840.0
2019-02-22 09:00:00,2803.0
2019-02-22 10:00:00,2775.0
2019-02-22 11:00:00,2815.0
2019-02-22 12:00:00,2907.0
2019-02-22 13:00:00,3067.0
2019-02-22 14:00:00,3189.0
2019-02-22 15:00:00,3419.0
2019-02-22 16:00:00,3867.0
2019-02-22 17:00:00,3628.0
2019-02-22 18:00:00,3635.0
2019-02-22 19:00:00,3635.0
2019-02-22 20:00:00,3582.0
2019-02-22 21:00:00,3488.0
2019-02-22 22:00:00,3230.0
2019-02-22 23:00:00,3195.0
2019-02-23 00:00:00,3073.0
2019-02-23 01:00:00,3062.0
2019-02-23 02:00:00,2929.0
2019-02-23 03:00:00,2869.0
2019-02-23 04:00:00,2876.0
2019-02-23 05:00:00,2875.0
2019-02-23 06:00:00,2879.0
2019-02-23 07:00:00,2850.0
2019-02-23 08:00:00,2961.0
2019-02-23 09:00:00,3042.0
2019-02-23 10:00:00,3267.0
2019-02-23 11:00:00,3674.0
2019-02-23 12:00:00,3839.0
2019-02-23 13:00:00,3982.0
2019-02-23 14:00:00,4325.0
2019-02-23 15:00:00,4232.0
2019-02-23 16:00:00,4501.0
2019-02-23 17:00:00,4592.0
2019-02-23 18:00:00,4792.0
2019-02-23 19:00:00,4810.0
2019-02-23 20:00:00,4743.0
2019-02-23 21:00:00,4545.0
2019-02-23 22:00:00,4421.0
2019-02-23 23:00:00,4246.0
2019-02-24 00:00:00,3901.0
2019-02-24 01:00:00,3852.0
2019-02-24 02:00:00,3680.0
2019-02-24 03:00:00,3556.0
2019-02-24 04:00:00,3663.0
2019-02-24 05:00:00,3599.0
2019-02-24 06:00:00,3320.0
2019-02-24 07:00:00,3293.0
2019-02-24 08:00:00,3400.0
2019-02-24 09:00:00,3426.0
2019-02-24 10:00:00,3650.0
2019-02-24 11:00:00,3856.0
2019-02-24 12:00:00,4058.0
2019-02-24 13:00:00,4167.0
2019-02-24 14:00:00,4482.0
2019-02-24 15:00:00,4589.0
2019-02-24 16:00:00,4709.0
2019-02-24 17:00:00,4771.0
2019-02-24 18:00:00,4822.0
2019-02-24 19:00:00,4821.0
2019-02-24 20:00:00,4655.0
2019-02-24 21:00:00,4478.0
2019-02-24 22:00:00,4396.0
2019-02-24 23:00:00,4360.0
2019-02-25 00:00:00,4033.0
2019-02-25 01:00:00,3897.0
2019-02-25 02:00:00,3620.0
2019-02-25 03:00:00,3552.0
2019-02-25 04:00:00,3455.0
2019-02-25 05:00:00,3286.0
2019-02-25 06:00:00,3144.0
2019-02-25 07:00:00,3279.0
2019-02-25 08:00:00,3308.0
2019-02-25 09:00:00,3440.0
2019-02-25 10:00:00,3662.0
2019-02-25 11:00:00,3776.0
2019-02-25 12:00:00,4293.0
2019-02-25 13:00:00,4352.0
2019-02-25 14:00:00,4262.0
2019-02-25 15:00:00,4569.0
2019-02-25 16:00:00,4596.0
2019-02-25 17:00:00,4910.0
2019-02-25 18:00:00,4913.0
2019-02-25 19:00:00,4801.0
2019-02-25 20:00:00,4640.0
2019-02-25 21:00:00,4365.0
2019-02-25 22:00:00,4135.0
2019-02-25 23:00:00,3878.0
2019-02-26 00:00:00,3664.0
2019-02-26 01:00:00,3599.0
2019-02-26 02:00:00,3422.0
2019-02-26 03:00:00,3465.0
2019-02-26 04:00:00,3555.0
2019-02-26 05:00:00,3351.0
2019-02-26 06:00:00,3193.0
2019-02-26 07:00:00,3238.0
2019-02-26 08:00:00,3354.0
2019-02-26 09:00:00,3434.0
2019-02-26 10:00:00,3552.0
2019-02-26 11:00:00,3879.0
2019-02-26 12:00:00,4099.0
2019-02-26 13:00:00,4246.0
2019-02-26 14:00:00,4491.0
2019-02-26 15:00:00,4449.0
2019-02-26 16:00:00,4512.0
2019-02-26 17:00:00,4653.0
2019-02-26 18:00:00,4607.0
2019-02-26 19:00:00,4625.0
2019-02-26 20:00:00,4560.0
2019-02-26 21:00:00,4344.0
2019-02-26 22:00:00,4220.0
2019-02-26 23:00:00,4320.0
2019-02-27 00:00:00,3909.0
2019-02-27 01:00:00,3777.0
2019-02-27 02:00:00,3657.0
2019-02-27 03:00:00,3439.0
2019-02-27 04:00:00,3427.0
2019-02-27 05:00:00,3396.0
2019-02-27 06:00:00,3371.0
2019-02-27 07:00:00,3346.0
2019-02-27 08:00:00,3287.0
2019-02-27 09:00:00,3208.0
2019-02-27 10:00:00,3488.0
2019-02-27 11:00:00,3669.0
2019-02-27 12:00:00,3774.0
2019-02-27 13:00:00,3992.0
2019-02-27 14:00:00,4141.0
2019-02-27 15:00:00,4352.0
2019-02-27 16:00:00,4389.0
2019-02-27 17:00:00,4560.0
2019-02-27 18:00:00,4644.0
2019-02-27 19:00:00,4589.0
2019-02-27 20:00:00,4403.0
2019-02-27 21:00:00,4211.0
2019-02-27 22:00:00,4003.0
2019-02-27 23:00:00,3815.0
2019-02-28 00:00:00,3415.0
2019-02-28 01:00:00,3370.0
2019-02-28 02:00:00,3398.0
2019-02-28 03:00:00,3172.0
2019-02-28 04:00:00,3219.0
2019-02-28 05:00:00,3325.0
2019-02-28 06:00:00,1974.0
2019-02-28 07:00:00,2820.0
2019-02-28 08:00:00,3473.0
2019-02-28 09:00:00,3101.0
2019-02-28 10:00:00,3137.0
2019-02-28 11:00:00,3250.0
2019-02-28 12:00:00,3273.0
2019-02-28 13:00:00,3489.0
2019-02-28 14:00:00,3674.0
2019-02-28 15:00:00,3725.0
2019-02-28 16:00:00,3850.0
2019-02-28 17:00:00,4193.0
2019-02-28 18:00:00,4311.0
2019-02-28 19:00:00,4232.0
2019-02-28 20:00:00,4022.0
2019-02-28 21:00:00,3938.0
2019-02-28 22:00:00,3657.0
2019-02-28 23:00:00,3429.0
2019-03-01 00:00:00,3256.0
2019-03-01 01:00:00,3229.0
2019-03-01 02:00:00,3238.0
2019-03-01 03:00:00,3073.0
2019-03-01 04:00:00,3019.0
2019-03-01 05:00:00,2889.0
2019-03-01 06:00:00,2928.0
2019-03-01 07:00:00,2825.0
2019-03-01 08:00:00,2950.0
2019-03-01 09:00:00,2853.0
2019-03-01 10:00:00,2845.0
2019-03-01 11:00:00,2851.0
2019-03-01 12:00:00,2904.0
2019-03-01 13:00:00,3088.0
2019-03-01 14:00:00,3262.0
2019-03-01 15:00:00,3347.0
2019-03-01 16:00:00,3569.0
2019-03-01 17:00:00,3624.0
2019-03-01 18:00:00,3669.0
2019-03-01 19:00:00,3691.0
2019-03-01 20:00:00,3685.0
2019-03-01 21:00:00,3584.0
2019-03-01 22:00:00,3419.0
2019-03-01 23:00:00,3281.0
2019-03-02 00:00:00,3159.0
2019-03-02 01:00:00,3119.0
2019-03-02 02:00:00,3068.0
2019-03-02 03:00:00,2886.0
2019-03-02 04:00:00,2937.0
2019-03-02 05:00:00,2856.0
2019-03-02 06:00:00,2883.0
2019-03-02 07:00:00,2983.0
2019-03-02 08:00:00,2995.0
2019-03-02 09:00:00,3104.0
2019-03-02 10:00:00,3366.0
2019-03-02 11:00:00,3656.0
2019-03-02 12:00:00,3873.0
2019-03-02 13:00:00,4116.0
2019-03-02 14:00:00,4443.0
2019-03-02 15:00:00,4516.0
2019-03-02 16:00:00,4780.0
2019-03-02 17:00:00,4863.0
2019-03-02 18:00:00,4849.0
2019-03-02 19:00:00,5057.0
2019-03-02 20:00:00,5020.0
2019-03-02 21:00:00,4638.0
2019-03-02 22:00:00,4363.0
2019-03-02 23:00:00,4195.0
2019-03-03 00:00:00,3988.0
2019-03-03 01:00:00,3867.0
2019-03-03 02:00:00,3740.0
2019-03-03 03:00:00,3662.0
2019-03-03 04:00:00,3648.0
2019-03-03 05:00:00,3515.0
2019-03-03 06:00:00,3342.0
2019-03-03 07:00:00,3183.0
2019-03-03 08:00:00,3214.0
2019-03-03 09:00:00,3228.0
2019-03-03 10:00:00,3454.0
2019-03-03 11:00:00,3634.0
2019-03-03 12:00:00,3780.0
2019-03-03 13:00:00,4041.0
2019-03-03 14:00:00,4237.0
2019-03-03 15:00:00,4237.0
2019-03-03 16:00:00,4520.0
2019-03-03 17:00:00,4643.0
2019-03-03 18:00:00,4729.0
2019-03-03 19:00:00,4894.0
2019-03-03 20:00:00,4848.0
2019-03-03 21:00:00,4596.0
2019-03-03 22:00:00,4380.0
2019-03-03 23:00:00,4149.0
2019-03-04 00:00:00,3747.0
2019-03-04 01:00:00,3619.0
2019-03-04 02:00:00,3436.0
2019-03-04 03:00:00,3294.0
2019-03-04 04:00:00,3319.0
2019-03-04 05:00:00,3220.0
2019-03-04 06:00:00,3018.0
2019-03-04 07:00:00,3182.0
2019-03-04 08:00:00,3212.0
2019-03-04 09:00:00,3305.0
2019-03-04 10:00:00,3471.0
2019-03-04 11:00:00,3665.0
2019-03-04 12:00:00,3594.0
2019-03-04 13:00:00,3889.0
2019-03-04 14:00:00,4090.0
2019-03-04 15:00:00,3871.0
2019-03-04 16:00:00,3887.0
2019-03-04 17:00:00,4048.0
2019-03-04 18:00:00,4272.0
2019-03-04 19:00:00,4234.0
2019-03-04 20:00:00,4080.0
2019-03-04 21:00:00,3860.0
2019-03-04 22:00:00,3836.0
2019-03-04 23:00:00,3779.0
2019-03-05 00:00:00,3377.0
2019-03-05 01:00:00,3424.0
2019-03-05 02:00:00,3337.0
2019-03-05 03:00:00,3185.0
2019-03-05 04:00:00,3246.0
2019-03-05 05:00:00,3180.0
2019-03-05 06:00:00,3136.0
2019-03-05 07:00:00,3156.0
2019-03-05 08:00:00,3210.0
2019-03-05 09:00:00,3234.0
2019-03-05 10:00:00,3413.0
2019-03-05 11:00:00,3704.0
2019-03-05 12:00:00,3868.0
2019-03-05 13:00:00,4008.0
2019-03-05 14:00:00,4148.0
2019-03-05 15:00:00,3984.0
2019-03-05 16:00:00,4131.0
2019-03-05 17:00:00,4424.0
2019-03-05 18:00:00,4477.0
2019-03-05 19:00:00,4500.0
2019-03-05 20:00:00,4391.0
2019-03-05 21:00:00,4055.0
2019-03-05 22:00:00,3928.0
2019-03-05 23:00:00,3906.0
2019-03-06 00:00:00,3703.0
2019-03-06 01:00:00,3184.0
2019-03-06 02:00:00,3522.0
2019-03-06 03:00:00,3392.0
2019-03-06 04:00:00,3328.0
2019-03-06 05:00:00,3281.0
2019-03-06 06:00:00,3135.0
2019-03-06 07:00:00,3138.0
2019-03-06 08:00:00,3170.0
2019-03-06 09:00:00,3308.0
2019-03-06 10:00:00,3472.0
2019-03-06 11:00:00,4028.0
2019-03-06 12:00:00,3801.0
2019-03-06 13:00:00,4049.0
2019-03-06 14:00:00,4282.0
2019-03-06 15:00:00,4257.0
2019-03-06 16:00:00,4187.0
2019-03-06 17:00:00,4893.0
2019-03-06 18:00:00,5060.0
2019-03-06 19:00:00,4593.0
2019-03-06 20:00:00,4580.0
2019-03-06 21:00:00,4419.0
2019-03-06 22:00:00,4253.0
2019-03-06 23:00:00,4083.0
2019-03-07 00:00:00,3778.0
2019-03-07 01:00:00,3554.0
2019-03-07 02:00:00,3427.0
2019-03-07 03:00:00,3327.0
2019-03-07 04:00:00,3417.0
2019-03-07 05:00:00,3417.0
2019-03-07 06:00:00,3295.0
2019-03-07 07:00:00,3433.0
2019-03-07 08:00:00,3149.0
2019-03-07 09:00:00,3173.0
2019-03-07 10:00:00,3301.0
2019-03-07 11:00:00,3374.0
2019-03-07 12:00:00,3569.0
2019-03-07 13:00:00,3342.0
2019-03-07 14:00:00,3468.0
2019-03-07 15:00:00,3392.0
2019-03-07 16:00:00,3262.0
2019-03-07 17:00:00,3460.0
2019-03-07 18:00:00,3611.0
2019-03-07 19:00:00,3725.0
2019-03-07 20:00:00,3620.0
2019-03-07 21:00:00,3535.0
2019-03-07 22:00:00,3474.0
2019-03-07 23:00:00,3399.0
2019-03-08 00:00:00,3213.0
2019-03-08 01:00:00,3274.0
2019-03-08 02:00:00,3248.0
2019-03-08 03:00:00,3178.0
2019-03-08 04:00:00,3149.0
2019-03-08 05:00:00,2871.0
2019-03-08 06:00:00,2872.0
2019-03-08 07:00:00,2824.0
2019-03-08 08:00:00,2774.0
2019-03-08 09:00:00,2720.0
2019-03-08 10:00:00,2814.0
2019-03-08 11:00:00,2821.0
2019-03-08 12:00:00,2872.0
2019-03-08 13:00:00,2954.0
2019-03-08 14:00:00,3047.0
2019-03-08 15:00:00,2975.0
2019-03-08 16:00:00,3112.0
2019-03-08 17:00:00,3102.0
2019-03-08 18:00:00,3080.0
2019-03-08 19:00:00,3147.0
2019-03-08 20:00:00,3105.0
2019-03-08 21:00:00,3048.0
2019-03-08 22:00:00,2982.0
2019-03-08 23:00:00,2975.0
2019-03-09 00:00:00,2922.0
2019-03-09 01:00:00,2974.0
2019-03-09 02:00:00,2926.0
2019-03-09 03:00:00,2802.0
2019-03-09 04:00:00,2775.0
2019-03-09 05:00:00,2750.0
2019-03-09 06:00:00,2749.0
2019-03-09 07:00:00,2927.0
2019-03-09 08:00:00,2941.0
2019-03-09 09:00:00,3112.0
2019-03-09 10:00:00,3331.0
2019-03-09 11:00:00,3528.0
2019-03-09 12:00:00,3488.0
2019-03-09 13:00:00,3728.0
2019-03-09 14:00:00,3950.0
2019-03-09 15:00:00,3844.0
2019-03-09 16:00:00,3956.0
2019-03-09 17:00:00,4072.0
2019-03-09 18:00:00,4408.0
2019-03-09 19:00:00,4525.0
2019-03-09 20:00:00,4288.0
2019-03-09 21:00:00,3985.0
2019-03-09 22:00:00,3820.0
2019-03-09 23:00:00,3784.0
2019-03-10 00:00:00,3408.0
2019-03-10 01:00:00,3239.0
2019-03-10 02:00:00,3215.0
2019-03-10 03:00:00,3125.0
2019-03-10 04:00:00,3150.0
2019-03-10 05:00:00,3004.0
2019-03-10 06:00:00,2814.0
2019-03-10 07:00:00,2835.0
2019-03-10 08:00:00,2826.0
2019-03-10 09:00:00,2984.0
2019-03-10 10:00:00,3302.0
2019-03-10 11:00:00,3668.0
2019-03-10 12:00:00,3501.0
2019-03-10 13:00:00,4170.0
2019-03-10 14:00:00,4095.0
2019-03-10 15:00:00,4075.0
2019-03-10 16:00:00,4135.0
2019-03-10 17:00:00,4384.0
2019-03-10 18:00:00,4477.0
2019-03-10 19:00:00,4604.0
2019-03-10 20:00:00,4563.0
2019-03-10 21:00:00,4279.0
2019-03-10 22:00:00,4236.0
2019-03-10 23:00:00,3889.0
2019-03-11 00:00:00,3600.0
2019-03-11 01:00:00,3474.0
2019-03-11 02:00:00,3364.0
2019-03-11 03:00:00,3177.0
2019-03-11 04:00:00,3344.0
2019-03-11 05:00:00,3126.0
2019-03-11 06:00:00,3131.0
2019-03-11 07:00:00,3215.0
2019-03-11 08:00:00,3171.0
2019-03-11 09:00:00,3251.0
2019-03-11 10:00:00,3418.0
2019-03-11 11:00:00,3565.0
2019-03-11 12:00:00,3670.0
2019-03-11 13:00:00,3753.0
2019-03-11 14:00:00,3852.0
2019-03-11 15:00:00,3612.0
2019-03-11 16:00:00,3543.0
2019-03-11 17:00:00,3497.0
2019-03-11 18:00:00,3547.0
2019-03-11 19:00:00,3717.0
2019-03-11 20:00:00,3709.0
2019-03-11 21:00:00,3620.0
2019-03-11 22:00:00,3626.0
2019-03-11 23:00:00,3465.0
2019-03-12 00:00:00,3266.0
2019-03-12 01:00:00,3335.0
2019-03-12 02:00:00,3260.0
2019-03-12 03:00:00,3149.0
2019-03-12 04:00:00,3220.0
2019-03-12 05:00:00,3195.0
2019-03-12 06:00:00,3037.0
2019-03-12 07:00:00,3169.0
2019-03-12 08:00:00,3070.0
2019-03-12 09:00:00,3343.0
2019-03-12 10:00:00,3580.0
2019-03-12 11:00:00,3660.0
2019-03-12 12:00:00,3789.0
2019-03-12 13:00:00,4046.0
2019-03-12 14:00:00,4179.0
2019-03-12 15:00:00,3740.0
2019-03-12 16:00:00,3855.0
2019-03-12 17:00:00,4098.0
2019-03-12 18:00:00,4328.0
2019-03-12 19:00:00,4363.0
2019-03-12 20:00:00,4295.0
2019-03-12 21:00:00,4222.0
2019-03-12 22:00:00,4092.0
2019-03-12 23:00:00,3954.0
2019-03-13 00:00:00,3615.0
2019-03-13 01:00:00,3462.0
2019-03-13 02:00:00,3315.0
2019-03-13 03:00:00,3345.0
2019-03-13 04:00:00,3407.0
2019-03-13 05:00:00,3338.0
2019-03-13 06:00:00,3151.0
2019-03-13 07:00:00,3118.0
2019-03-13 08:00:00,3069.0
2019-03-13 09:00:00,3224.0
2019-03-13 10:00:00,3463.0
2019-03-13 11:00:00,3680.0
2019-03-13 12:00:00,3762.0
2019-03-13 13:00:00,3970.0
2019-03-13 14:00:00,4172.0
2019-03-13 15:00:00,4090.0
2019-03-13 16:00:00,4209.0
2019-03-13 17:00:00,4800.0
2019-03-13 18:00:00,4474.0
2019-03-13 19:00:00,4957.0
2019-03-13 20:00:00,4747.0
2019-03-13 21:00:00,4201.0
2019-03-13 22:00:00,3958.0
2019-03-13 23:00:00,3562.0
2019-03-14 00:00:00,3353.0
2019-03-14 01:00:00,3332.0
2019-03-14 02:00:00,3148.0
2019-03-14 03:00:00,3207.0
2019-03-14 04:00:00,3215.0
2019-03-14 05:00:00,3136.0
2019-03-14 06:00:00,3036.0
2019-03-14 07:00:00,3108.0
2019-03-14 08:00:00,2964.0
2019-03-14 09:00:00,2987.0
2019-03-14 10:00:00,2956.0
2019-03-14 11:00:00,3157.0
2019-03-14 12:00:00,3101.0
2019-03-14 13:00:00,3244.0
2019-03-14 14:00:00,3345.0
2019-03-14 15:00:00,3281.0
2019-03-14 16:00:00,3407.0
2019-03-14 17:00:00,3850.0
2019-03-14 18:00:00,3949.0
2019-03-14 19:00:00,3838.0
2019-03-14 20:00:00,3660.0
2019-03-14 21:00:00,3608.0
2019-03-14 22:00:00,3741.0
2019-03-14 23:00:00,3695.0
2019-03-15 00:00:00,3328.0
2019-03-15 01:00:00,3312.0
2019-03-15 02:00:00,3194.0
2019-03-15 03:00:00,3139.0
2019-03-15 04:00:00,3135.0
2019-03-15 05:00:00,2893.0
2019-03-15 06:00:00,2840.0
2019-03-15 07:00:00,2818.0
2019-03-15 08:00:00,2816.0
2019-03-15 09:00:00,2810.0
2019-03-15 10:00:00,2790.0
2019-03-15 11:00:00,2755.0
2019-03-15 12:00:00,2766.0
2019-03-15 13:00:00,2956.0
2019-03-15 14:00:00,3166.0
2019-03-15 15:00:00,3031.0
2019-03-15 16:00:00,3198.0
2019-03-15 17:00:00,3154.0
2019-03-15 18:00:00,3074.0
2019-03-15 19:00:00,3029.0
2019-03-15 20:00:00,3002.0
2019-03-15 21:00:00,2972.0
2019-03-15 22:00:00,3021.0
2019-03-15 23:00:00,2926.0
2019-03-16 00:00:00,2776.0
2019-03-16 01:00:00,2839.0
2019-03-16 02:00:00,2797.0
2019-03-16 03:00:00,2700.0
2019-03-16 04:00:00,2737.0
2019-03-16 05:00:00,2689.0
2019-03-16 06:00:00,2714.0
2019-03-16 07:00:00,2899.0
2019-03-16 08:00:00,3006.0
2019-03-16 09:00:00,2957.0
2019-03-16 10:00:00,3285.0
2019-03-16 11:00:00,3443.0
2019-03-16 12:00:00,3733.0
2019-03-16 13:00:00,3889.0
2019-03-16 14:00:00,3916.0
2019-03-16 15:00:00,3711.0
2019-03-16 16:00:00,3781.0
2019-03-16 17:00:00,4014.0
2019-03-16 18:00:00,4163.0
2019-03-16 19:00:00,4343.0
2019-03-16 20:00:00,4388.0
2019-03-16 21:00:00,4081.0
2019-03-16 22:00:00,3905.0
2019-03-16 23:00:00,3684.0
2019-03-17 00:00:00,3374.0
2019-03-17 01:00:00,3297.0
2019-03-17 02:00:00,3142.0
2019-03-17 03:00:00,3138.0
2019-03-17 04:00:00,3180.0
2019-03-17 05:00:00,3075.0
2019-03-17 06:00:00,2934.0
2019-03-17 07:00:00,2935.0
2019-03-17 08:00:00,2922.0
2019-03-17 09:00:00,3064.0
2019-03-17 10:00:00,3182.0
2019-03-17 11:00:00,3375.0
2019-03-17 12:00:00,3571.0
2019-03-17 13:00:00,3791.0
2019-03-17 14:00:00,3782.0
2019-03-17 15:00:00,3714.0
2019-03-17 16:00:00,3797.0
2019-03-17 17:00:00,3913.0
2019-03-17 18:00:00,4067.0
2019-03-17 19:00:00,4321.0
2019-03-17 20:00:00,4384.0
2019-03-17 21:00:00,4284.0
2019-03-17 22:00:00,3852.0
2019-03-17 23:00:00,3615.0
2019-03-18 00:00:00,3468.0
2019-03-18 01:00:00,3476.0
2019-03-18 02:00:00,3517.0
2019-03-18 03:00:00,3203.0
2019-03-18 04:00:00,3256.0
2019-03-18 05:00:00,3162.0
2019-03-18 06:00:00,2988.0
2019-03-18 07:00:00,2936.0
2019-03-18 08:00:00,2932.0
2019-03-18 09:00:00,2990.0
2019-03-18 10:00:00,3169.0
2019-03-18 11:00:00,3356.0
2019-03-18 12:00:00,3570.0
2019-03-18 13:00:00,3836.0
2019-03-18 14:00:00,3854.0
2019-03-18 15:00:00,3520.0
2019-03-18 16:00:00,3718.0
2019-03-18 17:00:00,3827.0
2019-03-18 18:00:00,4040.0
2019-03-18 19:00:00,4104.0
2019-03-18 20:00:00,3989.0
2019-03-18 21:00:00,3612.0
2019-03-18 22:00:00,3453.0
2019-03-18 23:00:00,3308.0
2019-03-19 00:00:00,3124.0
2019-03-19 01:00:00,3038.0
2019-03-19 02:00:00,3009.0
2019-03-19 03:00:00,2835.0
2019-03-19 04:00:00,2930.0
2019-03-19 05:00:00,2790.0
2019-03-19 06:00:00,2745.0
2019-03-19 07:00:00,2819.0
2019-03-19 08:00:00,2804.0
2019-03-19 09:00:00,3094.0
2019-03-19 10:00:00,3353.0
2019-03-19 11:00:00,3509.0
2019-03-19 12:00:00,3743.0
2019-03-19 13:00:00,3896.0
2019-03-19 14:00:00,4225.0
2019-03-19 15:00:00,3830.0
2019-03-19 16:00:00,4013.0
2019-03-19 17:00:00,4330.0
2019-03-19 18:00:00,4412.0
2019-03-19 19:00:00,4115.0
2019-03-19 20:00:00,3835.0
2019-03-19 21:00:00,3789.0
2019-03-19 22:00:00,3712.0
2019-03-19 23:00:00,3417.0
2019-03-20 00:00:00,3244.0
2019-03-20 01:00:00,3162.0
2019-03-20 02:00:00,3095.0
2019-03-20 03:00:00,3053.0
2019-03-20 04:00:00,3101.0
2019-03-20 05:00:00,3076.0
2019-03-20 06:00:00,3061.0
2019-03-20 07:00:00,2990.0
2019-03-20 08:00:00,2973.0
2019-03-20 09:00:00,3032.0
2019-03-20 10:00:00,3254.0
2019-03-20 11:00:00,3468.0
2019-03-20 12:00:00,3689.0
2019-03-20 13:00:00,3966.0
2019-03-20 14:00:00,4182.0
2019-03-20 15:00:00,4047.0
2019-03-20 16:00:00,4080.0
2019-03-20 17:00:00,4097.0
2019-03-20 18:00:00,4396.0
2019-03-20 19:00:00,4414.0
2019-03-20 20:00:00,4205.0
2019-03-20 21:00:00,3934.0
2019-03-20 22:00:00,3874.0
2019-03-20 23:00:00,3635.0
2019-03-21 00:00:00,3235.0
2019-03-21 01:00:00,3112.0
2019-03-21 02:00:00,3089.0
2019-03-21 03:00:00,2939.0
2019-03-21 04:00:00,2962.0
2019-03-21 05:00:00,2847.0
2019-03-21 06:00:00,2868.0
2019-03-21 07:00:00,2742.0
2019-03-21 08:00:00,2815.0
2019-03-21 09:00:00,2800.0
2019-03-21 10:00:00,2868.0
2019-03-21 11:00:00,2929.0
2019-03-21 12:00:00,3107.0
2019-03-21 13:00:00,3255.0
2019-03-21 14:00:00,3366.0
2019-03-21 15:00:00,3214.0
2019-03-21 16:00:00,3371.0
2019-03-21 17:00:00,3520.0
2019-03-21 18:00:00,3939.0
2019-03-21 19:00:00,3847.0
2019-03-21 20:00:00,3600.0
2019-03-21 21:00:00,3480.0
2019-03-21 22:00:00,3407.0
2019-03-21 23:00:00,3139.0
2019-03-22 00:00:00,3004.0
2019-03-22 01:00:00,3044.0
2019-03-22 02:00:00,2927.0
2019-03-22 03:00:00,2884.0
2019-03-22 04:00:00,2898.0
2019-03-22 05:00:00,2658.0
2019-03-22 06:00:00,2662.0
2019-03-22 07:00:00,2629.0
2019-03-22 08:00:00,2679.0
2019-03-22 09:00:00,2618.0
2019-03-22 10:00:00,2636.0
2019-03-22 11:00:00,2700.0
2019-03-22 12:00:00,2857.0
2019-03-22 13:00:00,3033.0
2019-03-22 14:00:00,3139.0
2019-03-22 15:00:00,3127.0
2019-03-22 16:00:00,3171.0
2019-03-22 17:00:00,3210.0
2019-03-22 18:00:00,3227.0
2019-03-22 19:00:00,3150.0
2019-03-22 20:00:00,2908.0
2019-03-22 21:00:00,2932.0
2019-03-22 22:00:00,3014.0
2019-03-22 23:00:00,2884.0
2019-03-23 00:00:00,2837.0
2019-03-23 01:00:00,2753.0
2019-03-23 02:00:00,2749.0
2019-03-23 03:00:00,2600.0
2019-03-23 04:00:00,2660.0
2019-03-23 05:00:00,2610.0
2019-03-23 06:00:00,2649.0
2019-03-23 07:00:00,2728.0
2019-03-23 08:00:00,2761.0
2019-03-23 09:00:00,2901.0
2019-03-23 10:00:00,3067.0
2019-03-23 11:00:00,3248.0
2019-03-23 12:00:00,3405.0
2019-03-23 13:00:00,3540.0
2019-03-23 14:00:00,3688.0
2019-03-23 15:00:00,3643.0
2019-03-23 16:00:00,3685.0
2019-03-23 17:00:00,3723.0
2019-03-23 18:00:00,3834.0
2019-03-23 19:00:00,3784.0
2019-03-23 20:00:00,3725.0
2019-03-23 21:00:00,3747.0
2019-03-23 22:00:00,3595.0
2019-03-23 23:00:00,3319.0
2019-03-24 00:00:00,3232.0
2019-03-24 01:00:00,3179.0
2019-03-24 02:00:00,3074.0
2019-03-24 03:00:00,3100.0
2019-03-24 04:00:00,3070.0
2019-03-24 05:00:00,2943.0
2019-03-24 06:00:00,2890.0
2019-03-24 07:00:00,2837.0
2019-03-24 08:00:00,2876.0
2019-03-24 09:00:00,3098.0
2019-03-24 10:00:00,3230.0
2019-03-24 11:00:00,3480.0
2019-03-24 12:00:00,3588.0
2019-03-24 13:00:00,3783.0
2019-03-24 14:00:00,3866.0
2019-03-24 15:00:00,3785.0
2019-03-24 16:00:00,3870.0
2019-03-24 17:00:00,3970.0
2019-03-24 18:00:00,4246.0
2019-03-24 19:00:00,4245.0
2019-03-24 20:00:00,3972.0
2019-03-24 21:00:00,4126.0
2019-03-24 22:00:00,3763.0
2019-03-24 23:00:00,3466.0
2019-03-25 00:00:00,3276.0
2019-03-25 01:00:00,3182.0
2019-03-25 02:00:00,3023.0
2019-03-25 03:00:00,3042.0
2019-03-25 04:00:00,3047.0
2019-03-25 05:00:00,2978.0
2019-03-25 06:00:00,2942.0
2019-03-25 07:00:00,2890.0
2019-03-25 08:00:00,2867.0
2019-03-25 09:00:00,2982.0
2019-03-25 10:00:00,3078.0
2019-03-25 11:00:00,3343.0
2019-03-25 12:00:00,3488.0
2019-03-25 13:00:00,3726.0
2019-03-25 14:00:00,3897.0
2019-03-25 15:00:00,3648.0
2019-03-25 16:00:00,3817.0
2019-03-25 17:00:00,4176.0
2019-03-25 18:00:00,4005.0
2019-03-25 19:00:00,4274.0
2019-03-25 20:00:00,4037.0
2019-03-25 21:00:00,3747.0
2019-03-25 22:00:00,3576.0
2019-03-25 23:00:00,3396.0
2019-03-26 00:00:00,3217.0
2019-03-26 01:00:00,3198.0
2019-03-26 02:00:00,3075.0
2019-03-26 03:00:00,2992.0
2019-03-26 04:00:00,3001.0
2019-03-26 05:00:00,2862.0
2019-03-26 06:00:00,2805.0
2019-03-26 07:00:00,2862.0
2019-03-26 08:00:00,2809.0
2019-03-26 09:00:00,2965.0
2019-03-26 10:00:00,3111.0
2019-03-26 11:00:00,3362.0
2019-03-26 12:00:00,3605.0
2019-03-26 13:00:00,3850.0
2019-03-26 14:00:00,3959.0
2019-03-26 15:00:00,3906.0
2019-03-26 16:00:00,3994.0
2019-03-26 17:00:00,4460.0
2019-03-26 18:00:00,4435.0
2019-03-26 19:00:00,4419.0
2019-03-26 20:00:00,4127.0
2019-03-26 21:00:00,3951.0
2019-03-26 22:00:00,3879.0
2019-03-26 23:00:00,3683.0
2019-03-27 00:00:00,3330.0
2019-03-27 01:00:00,3272.0
2019-03-27 02:00:00,3079.0
2019-03-27 03:00:00,3093.0
2019-03-27 04:00:00,3098.0
2019-03-27 05:00:00,3005.0
2019-03-27 06:00:00,2884.0
2019-03-27 07:00:00,2871.0
2019-03-27 08:00:00,2813.0
2019-03-27 09:00:00,2982.0
2019-03-27 10:00:00,3127.0
2019-03-27 11:00:00,3317.0
2019-03-27 12:00:00,3504.0
2019-03-27 13:00:00,3796.0
2019-03-27 14:00:00,3956.0
2019-03-27 15:00:00,3886.0
2019-03-27 16:00:00,4077.0
2019-03-27 17:00:00,4654.0
2019-03-27 18:00:00,4815.0
2019-03-27 19:00:00,4738.0
2019-03-27 20:00:00,4093.0
2019-03-27 21:00:00,3866.0
2019-03-27 22:00:00,3743.0
2019-03-27 23:00:00,3565.0
2019-03-28 00:00:00,3372.0
2019-03-28 01:00:00,3288.0
2019-03-28 02:00:00,3212.0
2019-03-28 03:00:00,2994.0
2019-03-28 04:00:00,3132.0
2019-03-28 05:00:00,3077.0
2019-03-28 06:00:00,2959.0
2019-03-28 07:00:00,2971.0
2019-03-28 08:00:00,2943.0
2019-03-28 09:00:00,2960.0
2019-03-28 10:00:00,2931.0
2019-03-28 11:00:00,3070.0
2019-03-28 12:00:00,3065.0
2019-03-28 13:00:00,3171.0
2019-03-28 14:00:00,3240.0
2019-03-28 15:00:00,3039.0
2019-03-28 16:00:00,3145.0
2019-03-28 17:00:00,3293.0
2019-03-28 18:00:00,3585.0
2019-03-28 19:00:00,3629.0
2019-03-28 20:00:00,3529.0
2019-03-28 21:00:00,3424.0
2019-03-28 22:00:00,3347.0
2019-03-28 23:00:00,3081.0
2019-03-29 00:00:00,2983.0
2019-03-29 01:00:00,3065.0
2019-03-29 02:00:00,3010.0
2019-03-29 03:00:00,2923.0
2019-03-29 04:00:00,2996.0
2019-03-29 05:00:00,2766.0
2019-03-29 06:00:00,2820.0
2019-03-29 07:00:00,2794.0
2019-03-29 08:00:00,2745.0
2019-03-29 09:00:00,2769.0
2019-03-29 10:00:00,2737.0
2019-03-29 11:00:00,2759.0
2019-03-29 12:00:00,2792.0
2019-03-29 13:00:00,2953.0
2019-03-29 14:00:00,3084.0
2019-03-29 15:00:00,3027.0
2019-03-29 16:00:00,3070.0
2019-03-29 17:00:00,3061.0
2019-03-29 18:00:00,3047.0
2019-03-29 19:00:00,3067.0
2019-03-29 20:00:00,3030.0
2019-03-29 21:00:00,2962.0
2019-03-29 22:00:00,3023.0
2019-03-29 23:00:00,2936.0
2019-03-30 00:00:00,2815.0
2019-03-30 01:00:00,2814.0
2019-03-30 02:00:00,2828.0
2019-03-30 03:00:00,2625.0
2019-03-30 04:00:00,2624.0
2019-03-30 05:00:00,2609.0
2019-03-30 06:00:00,2595.0
2019-03-30 07:00:00,2683.0
2019-03-30 08:00:00,2701.0
2019-03-30 09:00:00,2952.0
2019-03-30 10:00:00,3045.0
2019-03-30 11:00:00,3267.0
2019-03-30 12:00:00,3413.0
2019-03-30 13:00:00,3778.0
2019-03-30 14:00:00,3956.0
2019-03-30 15:00:00,3828.0
2019-03-30 16:00:00,3969.0
2019-03-30 17:00:00,4059.0
2019-03-30 18:00:00,4273.0
2019-03-30 19:00:00,4467.0
2019-03-30 20:00:00,4227.0
2019-03-30 21:00:00,3654.0
2019-03-30 22:00:00,3538.0
2019-03-30 23:00:00,3164.0
2019-03-31 00:00:00,3023.0
2019-03-31 01:00:00,2999.0
2019-03-31 02:00:00,2887.0
2019-03-31 03:00:00,2871.0
2019-03-31 04:00:00,2967.0
2019-03-31 05:00:00,2910.0
2019-03-31 06:00:00,2886.0
2019-03-31 07:00:00,2825.0
2019-03-31 08:00:00,2809.0
2019-03-31 09:00:00,2984.0
2019-03-31 10:00:00,3115.0
2019-03-31 11:00:00,3354.0
2019-03-31 12:00:00,3492.0
2019-03-31 13:00:00,3808.0
2019-03-31 14:00:00,4100.0
2019-03-31 15:00:00,3952.0
2019-03-31 16:00:00,4050.0
2019-03-31 17:00:00,4396.0
2019-03-31 18:00:00,4359.0
2019-03-31 19:00:00,4313.0
2019-03-31 20:00:00,4272.0
2019-03-31 21:00:00,4135.0
2019-03-31 22:00:00,3907.0
2019-03-31 23:00:00,3678.0
2019-04-01 00:00:00,3311.0
2019-04-01 01:00:00,3187.0
2019-04-01 02:00:00,3090.0
2019-04-01 03:00:00,2963.0
2019-04-01 04:00:00,2993.0
2019-04-01 05:00:00,2909.0
2019-04-01 06:00:00,2836.0
2019-04-01 07:00:00,2814.0
2019-04-01 08:00:00,2856.0
2019-04-01 09:00:00,2996.0
2019-04-01 10:00:00,3175.0
2019-04-01 11:00:00,3471.0
2019-04-01 12:00:00,3748.0
2019-04-01 13:00:00,4062.0
2019-04-01 14:00:00,4295.0
2019-04-01 15:00:00,4188.0
2019-04-01 16:00:00,4414.0
2019-04-01 17:00:00,4375.0
2019-04-01 18:00:00,4754.0
2019-04-01 19:00:00,4864.0
2019-04-01 20:00:00,4714.0
2019-04-01 21:00:00,4234.0
2019-04-01 22:00:00,4076.0
2019-04-01 23:00:00,3756.0
2019-04-02 00:00:00,3531.0
2019-04-02 01:00:00,3475.0
2019-04-02 02:00:00,3369.0
2019-04-02 03:00:00,3163.0
2019-04-02 04:00:00,3391.0
2019-04-02 05:00:00,3390.0
2019-04-02 06:00:00,3272.0
2019-04-02 07:00:00,3290.0
2019-04-02 08:00:00,3331.0
2019-04-02 09:00:00,3500.0
2019-04-02 10:00:00,3454.0
2019-04-02 11:00:00,3964.0
2019-04-02 12:00:00,3920.0
2019-04-02 13:00:00,4374.0
2019-04-02 14:00:00,4523.0
2019-04-02 15:00:00,4382.0
2019-04-02 16:00:00,4587.0
2019-04-02 17:00:00,4972.0
2019-04-02 18:00:00,5085.0
2019-04-02 19:00:00,5073.0
2019-04-02 20:00:00,4823.0
2019-04-02 21:00:00,4432.0
2019-04-02 22:00:00,4254.0
2019-04-02 23:00:00,3916.0
2019-04-03 00:00:00,3645.0
2019-04-03 01:00:00,3532.0
2019-04-03 02:00:00,3489.0
2019-04-03 03:00:00,3357.0
2019-04-03 04:00:00,3382.0
2019-04-03 05:00:00,3321.0
2019-04-03 06:00:00,3183.0
2019-04-03 07:00:00,3165.0
2019-04-03 08:00:00,3002.0
2019-04-03 09:00:00,3286.0
2019-04-03 10:00:00,3477.0
2019-04-03 11:00:00,3731.0
2019-04-03 12:00:00,3902.0
2019-04-03 13:00:00,4169.0
2019-04-03 14:00:00,4310.0
2019-04-03 15:00:00,4394.0
2019-04-03 16:00:00,4690.0
2019-04-03 17:00:00,4685.0
2019-04-03 18:00:00,4833.0
2019-04-03 19:00:00,4955.0
2019-04-03 20:00:00,4498.0
2019-04-03 21:00:00,4262.0
2019-04-03 22:00:00,4080.0
2019-04-03 23:00:00,3864.0
2019-04-04 00:00:00,3500.0
2019-04-04 01:00:00,3345.0
2019-04-04 02:00:00,3223.0
2019-04-04 03:00:00,3128.0
2019-04-04 04:00:00,3111.0
2019-04-04 05:00:00,3048.0
2019-04-04 06:00:00,2982.0
2019-04-04 07:00:00,2962.0
2019-04-04 08:00:00,2937.0
2019-04-04 09:00:00,2965.0
2019-04-04 10:00:00,2958.0
2019-04-04 11:00:00,3041.0
2019-04-04 12:00:00,3198.0
2019-04-04 13:00:00,3264.0
2019-04-04 14:00:00,3337.0
2019-04-04 15:00:00,3286.0
2019-04-04 16:00:00,3291.0
2019-04-04 17:00:00,3498.0
2019-04-04 18:00:00,3821.0
2019-04-04 19:00:00,3793.0
2019-04-04 20:00:00,3610.0
2019-04-04 21:00:00,3559.0
2019-04-04 22:00:00,3465.0
2019-04-04 23:00:00,3212.0
2019-04-05 00:00:00,3132.0
2019-04-05 01:00:00,3254.0
2019-04-05 02:00:00,3226.0
2019-04-05 03:00:00,3187.0
2019-04-05 04:00:00,3154.0
2019-04-05 05:00:00,3011.0
2019-04-05 06:00:00,2869.0
2019-04-05 07:00:00,2955.0
2019-04-05 08:00:00,2941.0
2019-04-05 09:00:00,2869.0
2019-04-05 10:00:00,2547.0
2019-04-05 11:00:00,2540.0
2019-04-05 12:00:00,2588.0
2019-04-05 13:00:00,2679.0
2019-04-05 14:00:00,2757.0
2019-04-05 15:00:00,2683.0
2019-04-05 16:00:00,2590.0
2019-04-05 17:00:00,3061.2519762868005
2019-04-05 18:00:00,3060.9142867191435
2019-04-05 19:00:00,3060.5836785361457
2019-04-05 20:00:00,3060.260138425316
2019-04-05 21:00:00,3059.9436528042593
2019-04-05 22:00:00,3059.634207934235
2019-04-05 23:00:00,3059.331789823055
2019-04-06 00:00:00,3059.036384254711
2019-04-06 01:00:00,3058.7479768601374
2019-04-06 02:00:00,3058.466552977327
2019-04-06 03:00:00,3058.1920977961536
2019-04-06 04:00:00,3057.9245962398786
2019-04-06 05:00:00,3057.6640330836467
2019-04-06 06:00:00,3057.4103928376367
2019-04-06 07:00:00,3057.163659817827
2019-04-06 08:00:00,3056.9238181525825
2019-04-06 09:00:00,3056.6908517316315
2019-04-06 10:00:00,3056.4647442537967
2019-04-06 11:00:00,3056.2454791957243
2019-04-06 12:00:00,3056.033039857964
2019-04-06 13:00:00,3055.8274092826828
2019-04-06 14:00:00,3055.628570350764
2019-04-06 15:00:00,3055.4365057307896
2019-04-06 16:00:00,3055.251197842831
2019-04-06 17:00:00,3055.0726289785935
2019-04-06 18:00:00,3054.900781197729
2019-04-06 19:00:00,3054.7356362899873
2019-04-06 20:00:00,3054.5771759480185
2019-04-06 21:00:00,3054.4253816044434
2019-04-06 22:00:00,3054.2802344927477
2019-04-06 23:00:00,3054.141715655509
2019-04-07 00:00:00,3054.0098059526267
2019-04-07 01:00:00,3053.8844860103036
2019-04-07 02:00:00,3053.7657362885207
2019-04-07 03:00:00,3053.6535370283746
2019-04-07 04:00:00,3053.547868308032
2019-04-07 05:00:00,3053.4487099555063
2019-04-07 06:00:00,3053.3560416473997
2019-04-07 07:00:00,3053.269842846369
2019-04-07 08:00:00,3053.1900928488476
2019-04-07 09:00:00,3053.1167707340314
2019-04-07 10:00:00,3053.049855391854
2019-04-07 11:00:00,3052.9893255131133
2019-04-07 12:00:00,3052.935159614157
2019-04-07 13:00:00,3052.8873360368825
2019-04-07 14:00:00,3052.8458328812635
2019-04-07 15:00:00,3052.8106281090286
2019-04-07 16:00:00,3052.7816995008743
2019-04-07 17:00:00,3052.7590246202585
2019-04-07 18:00:00,3052.742580834794
2019-04-07 19:00:00,4092.0
2019-04-07 20:00:00,3965.0
2019-04-07 21:00:00,3764.0
2019-04-07 22:00:00,3852.0
2019-04-07 23:00:00,3690.0
2019-04-08 00:00:00,3261.0
2019-04-08 01:00:00,3140.0
2019-04-08 02:00:00,3074.0
2019-04-08 03:00:00,2981.0
2019-04-08 04:00:00,2987.0
2019-04-08 05:00:00,2984.0
2019-04-08 06:00:00,2987.0
2019-04-08 07:00:00,3014.0
2019-04-08 08:00:00,2972.0
2019-04-08 09:00:00,3082.0
2019-04-08 10:00:00,3182.0
2019-04-08 11:00:00,3465.0
2019-04-08 12:00:00,3672.0
2019-04-08 13:00:00,3718.0
2019-04-08 14:00:00,3814.0
2019-04-08 15:00:00,3687.0
2019-04-08 16:00:00,3857.0
2019-04-08 17:00:00,3774.0
2019-04-08 18:00:00,3840.0
2019-04-08 19:00:00,4035.0
2019-04-08 20:00:00,3928.0
2019-04-08 21:00:00,3767.0
2019-04-08 22:00:00,3669.0
2019-04-08 23:00:00,3457.0
2019-04-09 00:00:00,3263.0
2019-04-09 01:00:00,3188.0
2019-04-09 02:00:00,3045.0
2019-04-09 03:00:00,2945.0
2019-04-09 04:00:00,3063.0
2019-04-09 05:00:00,2977.0
2019-04-09 06:00:00,2935.0
2019-04-09 07:00:00,3055.0
2019-04-09 08:00:00,3046.0
2019-04-09 09:00:00,3106.0
2019-04-09 10:00:00,3189.0
2019-04-09 11:00:00,3527.0
2019-04-09 12:00:00,3555.0
2019-04-09 13:00:00,3858.0
2019-04-09 14:00:00,3896.0
2019-04-09 15:00:00,3624.0
2019-04-09 16:00:00,3654.0
2019-04-09 17:00:00,3808.0
2019-04-09 18:00:00,3895.0
2019-04-09 19:00:00,4022.0
2019-04-09 20:00:00,3793.0
2019-04-09 21:00:00,3761.0
2019-04-09 22:00:00,3593.0
2019-04-09 23:00:00,3381.0
2019-04-10 00:00:00,3127.0
2019-04-10 01:00:00,3068.0
2019-04-10 02:00:00,2957.0
2019-04-10 03:00:00,2896.0
2019-04-10 04:00:00,2963.0
2019-04-10 05:00:00,2928.0
2019-04-10 06:00:00,2880.0
2019-04-10 07:00:00,2914.0
2019-04-10 08:00:00,2941.0
2019-04-10 09:00:00,3063.155901250265
2019-04-10 10:00:00,3063.4834292578444
2019-04-10 11:00:00,3063.8153653622635
2019-04-10 12:00:00,3064.1516768426736
2019-04-10 13:00:00,3064.4923308597304
2019-04-10 14:00:00,3064.8372944160983
2019-04-10 15:00:00,3065.1865344370904
2019-04-10 16:00:00,3065.5400177361093
2019-04-10 17:00:00,3065.897711013001
2019-04-10 18:00:00,3066.259580842533
2019-04-10 19:00:00,3066.6255936925004
2019-04-10 20:00:00,3066.9957159270148
2019-04-10 21:00:00,3067.369913813089
2019-04-10 22:00:00,3067.7481534745557
2019-04-10 23:00:00,3068.1304009661244
2019-04-11 00:00:00,3068.5166222273037
2019-04-11 01:00:00,3068.9067830856907
2019-04-11 02:00:00,3069.300849291531
2019-04-11 03:00:00,3069.698786442016
2019-04-11 04:00:00,3070.1005601211714
2019-04-11 05:00:00,3070.5061357171785
2019-04-11 06:00:00,3070.915478578719
2019-04-11 07:00:00,3071.32855396396
2019-04-11 08:00:00,3071.7453270092824
2019-04-11 09:00:00,3072.165762762196
2019-04-11 10:00:00,3072.589826201089
2019-04-11 11:00:00,3073.0174821924393
2019-04-11 12:00:00,3073.4486955072703
2019-04-11 13:00:00,3073.883430847484
2019-04-11 14:00:00,3074.321652826112
2019-04-11 15:00:00,3074.7633259574404
2019-04-11 16:00:00,3075.208414675114
2019-04-11 17:00:00,3075.656883343655
2019-04-11 18:00:00,3076.1086962140303
2019-04-11 19:00:00,3076.563817509227
2019-04-11 20:00:00,3077.022211330448
2019-04-11 21:00:00,3077.4838416850885
2019-04-11 22:00:00,3077.9486725443353
2019-04-11 23:00:00,3078.416667826713
2019-04-12 00:00:00,3078.887791289462
2019-04-12 01:00:00,3079.3620066914677
2019-04-12 02:00:00,3079.839277694517
2019-04-12 03:00:00,3080.3195678797542
2019-04-12 04:00:00,3080.8028407690776
2019-04-12 05:00:00,3081.2890598366575
2019-04-12 06:00:00,3081.7781884776687
2019-04-12 07:00:00,3082.27018997702
2019-04-12 08:00:00,3082.7650276360787
2019-04-12 09:00:00,3083.262664626197
2019-04-12 10:00:00,3083.763064095687
2019-04-12 11:00:00,2533.0
2019-04-12 12:00:00,2545.0
2019-04-12 13:00:00,2722.0
2019-04-12 14:00:00,2695.0
2019-04-12 15:00:00,2656.0
2019-04-12 16:00:00,2834.0
2019-04-12 17:00:00,2799.0
2019-04-12 18:00:00,2765.0
2019-04-12 19:00:00,2765.0
2019-04-12 20:00:00,2681.0
2019-04-12 21:00:00,2745.0
2019-04-12 22:00:00,2779.0
2019-04-12 23:00:00,2733.0
2019-04-13 00:00:00,2647.0
2019-04-13 01:00:00,2702.0
2019-04-13 02:00:00,2532.0
2019-04-13 03:00:00,2692.0
2019-04-13 04:00:00,2686.0
2019-04-13 05:00:00,2628.0
2019-04-13 06:00:00,2605.0
2019-04-13 07:00:00,2632.0
2019-04-13 08:00:00,2755.0
2019-04-13 09:00:00,2854.0
2019-04-13 10:00:00,2888.0
2019-04-13 11:00:00,3162.0
2019-04-13 12:00:00,3229.0
2019-04-13 13:00:00,3367.0
2019-04-13 14:00:00,3351.0
2019-04-13 15:00:00,3285.0
2019-04-13 16:00:00,3321.0
2019-04-13 17:00:00,3284.0
2019-04-13 18:00:00,3373.0
2019-04-13 19:00:00,3438.0
2019-04-13 20:00:00,3402.0
2019-04-13 21:00:00,3396.0
2019-04-13 22:00:00,3342.0
2019-04-13 23:00:00,3141.0
2019-04-14 00:00:00,2890.0
2019-04-14 01:00:00,2826.0
2019-04-14 02:00:00,2751.0
2019-04-14 03:00:00,2730.0
2019-04-14 04:00:00,2695.0
2019-04-14 05:00:00,2712.0
2019-04-14 06:00:00,2752.0
2019-04-14 07:00:00,2741.0
2019-04-14 08:00:00,2687.0
2019-04-14 09:00:00,2833.0
2019-04-14 10:00:00,2927.0
2019-04-14 11:00:00,3182.0
2019-04-14 12:00:00,3355.0
2019-04-14 13:00:00,3506.0
2019-04-14 14:00:00,3717.0
2019-04-14 15:00:00,3765.0
2019-04-14 16:00:00,3581.0
2019-04-14 17:00:00,3914.0
2019-04-14 18:00:00,3968.0
2019-04-14 19:00:00,3994.0
2019-04-14 20:00:00,3777.0
2019-04-14 21:00:00,3706.0
2019-04-14 22:00:00,3766.0
2019-04-14 23:00:00,3600.0
2019-04-15 00:00:00,3289.0
2019-04-15 01:00:00,3150.0
2019-04-15 02:00:00,3019.0
2019-04-15 03:00:00,3018.0
2019-04-15 04:00:00,3021.0
2019-04-15 05:00:00,3028.0
2019-04-15 06:00:00,2975.0
2019-04-15 07:00:00,3037.0
2019-04-15 08:00:00,3029.0
2019-04-15 09:00:00,3199.0
2019-04-15 10:00:00,3302.0
2019-04-15 11:00:00,3530.0
2019-04-15 12:00:00,3697.0
2019-04-15 13:00:00,3879.0
2019-04-15 14:00:00,4001.0
2019-04-15 15:00:00,3804.0
2019-04-15 16:00:00,3867.0
2019-04-15 17:00:00,3902.0
2019-04-15 18:00:00,3993.0
2019-04-15 19:00:00,4068.0
2019-04-15 20:00:00,3922.0
2019-04-15 21:00:00,3581.0
2019-04-15 22:00:00,3629.0
2019-04-15 23:00:00,3493.0
2019-04-16 00:00:00,3321.0
2019-04-16 01:00:00,3236.0
2019-04-16 02:00:00,3141.0
2019-04-16 03:00:00,3056.0
2019-04-16 04:00:00,3161.0
2019-04-16 05:00:00,3198.0
2019-04-16 06:00:00,3067.0
2019-04-16 07:00:00,3150.0
2019-04-16 08:00:00,3061.0
2019-04-16 09:00:00,3152.0
2019-04-16 10:00:00,3236.0
2019-04-16 11:00:00,3577.0
2019-04-16 12:00:00,3586.0
2019-04-16 13:00:00,3840.0
2019-04-16 14:00:00,3878.0
2019-04-16 15:00:00,3768.0
2019-04-16 16:00:00,3824.0
2019-04-16 17:00:00,3983.0
2019-04-16 18:00:00,4148.0
2019-04-16 19:00:00,4479.0
2019-04-16 20:00:00,4158.0
2019-04-16 21:00:00,3647.0
2019-04-16 22:00:00,3641.0
2019-04-16 23:00:00,3368.0
2019-04-17 00:00:00,3041.0
2019-04-17 01:00:00,3162.0
2019-04-17 02:00:00,3019.0
2019-04-17 03:00:00,3048.0
2019-04-17 04:00:00,3080.0
2019-04-17 05:00:00,3012.0
2019-04-17 06:00:00,3058.0
2019-04-17 07:00:00,3027.0
2019-04-17 08:00:00,3009.0
2019-04-17 09:00:00,3125.0
2019-04-17 10:00:00,3199.0
2019-04-17 11:00:00,3474.0
2019-04-17 12:00:00,3507.0
2019-04-17 13:00:00,3710.0
2019-04-17 14:00:00,3870.0
2019-04-17 15:00:00,3705.0
2019-04-17 16:00:00,3948.0
2019-04-17 17:00:00,3959.0
2019-04-17 18:00:00,4107.0
2019-04-17 19:00:00,4290.0
2019-04-17 20:00:00,4133.0
2019-04-17 21:00:00,3867.0
2019-04-17 22:00:00,3718.0
2019-04-17 23:00:00,3577.0
2019-04-18 00:00:00,3392.0
2019-04-18 01:00:00,3310.0
2019-04-18 02:00:00,3177.0
2019-04-18 03:00:00,3200.0
2019-04-18 04:00:00,3222.0
2019-04-18 05:00:00,3280.0
2019-04-18 06:00:00,3275.0
2019-04-18 07:00:00,3295.0
2019-04-18 08:00:00,3081.0
2019-04-18 09:00:00,3011.0
2019-04-18 10:00:00,3087.0
2019-04-18 11:00:00,3038.0
2019-04-18 12:00:00,3088.0
2019-04-18 13:00:00,3370.0
2019-04-18 14:00:00,3394.0
2019-04-18 15:00:00,3187.0
2019-04-18 16:00:00,3179.0
2019-04-18 17:00:00,3247.0
2019-04-18 18:00:00,3235.0
2019-04-18 19:00:00,3517.0
2019-04-18 20:00:00,3361.0
2019-04-18 21:00:00,3356.0
2019-04-18 22:00:00,3338.0
2019-04-18 23:00:00,3223.0
2019-04-19 00:00:00,3077.0
2019-04-19 01:00:00,3122.0
2019-04-19 02:00:00,2991.0
2019-04-19 03:00:00,2925.0
2019-04-19 04:00:00,2924.0
2019-04-19 05:00:00,2853.0
2019-04-19 06:00:00,2852.0
2019-04-19 07:00:00,2833.0
2019-04-19 08:00:00,2795.0
2019-04-19 09:00:00,2737.0
2019-04-19 10:00:00,2700.0
2019-04-19 11:00:00,2720.0
2019-04-19 12:00:00,2747.0
2019-04-19 13:00:00,3004.0
2019-04-19 14:00:00,3118.0
2019-04-19 15:00:00,3056.0
2019-04-19 16:00:00,3415.0
2019-04-19 17:00:00,3442.0
2019-04-19 18:00:00,3357.0
2019-04-19 19:00:00,3359.0
2019-04-19 20:00:00,3199.0
2019-04-19 21:00:00,3181.456730451785
2019-04-19 22:00:00,3181.853485716689
2019-04-19 23:00:00,3182.246651134754
2019-04-20 00:00:00,3182.6362003673567
2019-04-20 01:00:00,3183.0221071762667
2019-04-20 02:00:00,3183.4043456112604
2019-04-20 03:00:00,3183.782889774777
2019-04-20 04:00:00,3184.157714024348
2019-04-20 05:00:00,3184.5287928211874
2019-04-20 06:00:00,3184.8961008075426
2019-04-20 07:00:00,3185.259612828087
2019-04-20 08:00:00,3185.619303877259
2019-04-20 09:00:00,3185.9751490992594
2019-04-20 10:00:00,3186.3271238440084
2019-04-20 11:00:00,3186.6752036309385
2019-04-20 12:00:00,3187.0193641243095
2019-04-20 13:00:00,3187.359581207265
2019-04-20 14:00:00,3187.6958308830885
2019-04-20 15:00:00,3188.0280894068646
2019-04-20 16:00:00,3188.3563331241935
2019-04-20 17:00:00,3188.6805386061437
2019-04-20 18:00:00,3189.0006826278577
2019-04-20 19:00:00,3189.316742101074
2019-04-20 20:00:00,3189.6286941267936
2019-04-20 21:00:00,3189.9365159607187
2019-04-20 22:00:00,3190.2401851251616
2019-04-20 23:00:00,3190.5396792642223
2019-04-21 00:00:00,3190.83497616518
2019-04-21 01:00:00,3191.126053883572
2019-04-21 02:00:00,3191.4128906279907
2019-04-21 03:00:00,3191.695464751854
2019-04-21 04:00:00,3191.9737548900043
2019-04-21 05:00:00,3192.2477397595717
2019-04-21 06:00:00,3192.5173983212567
2019-04-21 07:00:00,3192.7827097266677
2019-04-21 08:00:00,3193.043653291988
2019-04-21 09:00:00,3193.3002085374756
2019-04-21 10:00:00,3193.5523551858137
2019-04-21 11:00:00,3193.8000731226166
2019-04-21 12:00:00,3194.043342462258
2019-04-21 13:00:00,3194.282143468875
2019-04-21 14:00:00,3194.51645666005
2019-04-21 15:00:00,3194.746262666923
2019-04-21 16:00:00,3194.9715423855996
2019-04-21 17:00:00,3195.1922768685326
2019-04-21 18:00:00,3195.40844738706
2019-04-21 19:00:00,3195.6200353787385
2019-04-21 20:00:00,3195.82702253622
2019-04-21 21:00:00,3196.0293906755846
2019-04-21 22:00:00,3196.2271218647147
2019-04-21 23:00:00,3913.0
2019-04-22 00:00:00,3773.0
2019-04-22 01:00:00,3618.0
2019-04-22 02:00:00,3420.0
2019-04-22 03:00:00,3311.0
2019-04-22 04:00:00,3388.0
2019-04-22 05:00:00,3125.0
2019-04-22 06:00:00,3124.0
2019-04-22 07:00:00,3135.0
2019-04-22 08:00:00,3025.0
2019-04-22 09:00:00,3129.0
2019-04-22 10:00:00,3207.0
2019-04-22 11:00:00,3410.0
2019-04-22 12:00:00,3501.0
2019-04-22 13:00:00,3748.0
2019-04-22 14:00:00,4018.0
2019-04-22 15:00:00,3924.0
2019-04-22 16:00:00,4378.0
2019-04-22 17:00:00,4469.0
2019-04-22 18:00:00,4580.0
2019-04-22 19:00:00,4629.0
2019-04-22 20:00:00,4295.0
2019-04-22 21:00:00,3965.0
2019-04-22 22:00:00,3874.0
2019-04-22 23:00:00,3645.0
2019-04-23 00:00:00,3444.0
2019-04-23 01:00:00,3436.0
2019-04-23 02:00:00,3260.0
2019-04-23 03:00:00,3102.0
2019-04-23 04:00:00,3138.0
2019-04-23 05:00:00,3214.0
2019-04-23 06:00:00,2974.0
2019-04-23 07:00:00,2787.0
2019-04-23 08:00:00,2774.0
2019-04-23 09:00:00,3071.0
2019-04-23 10:00:00,3182.0
2019-04-23 11:00:00,3429.0
2019-04-23 12:00:00,3701.0
2019-04-23 13:00:00,3983.0
2019-04-23 14:00:00,4145.0
2019-04-23 15:00:00,4026.0
2019-04-23 16:00:00,3983.0
2019-04-23 17:00:00,4251.0
2019-04-23 18:00:00,4332.0
2019-04-23 19:00:00,4511.0
2019-04-23 20:00:00,4355.0
2019-04-23 21:00:00,4301.0
2019-04-23 22:00:00,4037.0
2019-04-23 23:00:00,3697.0
2019-04-24 00:00:00,3504.0
2019-04-24 01:00:00,3436.0
2019-04-24 02:00:00,3378.0
2019-04-24 03:00:00,3376.0
2019-04-24 04:00:00,3377.0
2019-04-24 05:00:00,3278.0
2019-04-24 06:00:00,3250.0
2019-04-24 07:00:00,3146.0
2019-04-24 08:00:00,3183.0
2019-04-24 09:00:00,3317.0
2019-04-24 10:00:00,3400.0
2019-04-24 11:00:00,3734.0
2019-04-24 12:00:00,3844.0
2019-04-24 13:00:00,4020.0
2019-04-24 14:00:00,4242.0
2019-04-24 15:00:00,4231.0
2019-04-24 16:00:00,4437.0
2019-04-24 17:00:00,4382.0
2019-04-24 18:00:00,4508.0
2019-04-24 19:00:00,4397.0
2019-04-24 20:00:00,4376.0
2019-04-24 21:00:00,4158.0
2019-04-24 22:00:00,4023.0
2019-04-24 23:00:00,3788.0
2019-04-25 00:00:00,3697.0
2019-04-25 01:00:00,3653.0
2019-04-25 02:00:00,3504.0
2019-04-25 03:00:00,3295.0
2019-04-25 04:00:00,3444.0
2019-04-25 05:00:00,3471.0
2019-04-25 06:00:00,3256.0
2019-04-25 07:00:00,3202.0
2019-04-25 08:00:00,2987.0
2019-04-25 09:00:00,2986.0
2019-04-25 10:00:00,2959.0
2019-04-25 11:00:00,2989.0
2019-04-25 12:00:00,3164.0
2019-04-25 13:00:00,3185.0
2019-04-25 14:00:00,3303.0
2019-04-25 15:00:00,3261.0
2019-04-25 16:00:00,3345.0
2019-04-25 17:00:00,3419.0
2019-04-25 18:00:00,3506.0
2019-04-25 19:00:00,3635.0
2019-04-25 20:00:00,3500.0
2019-04-25 21:00:00,3506.0
2019-04-25 22:00:00,3414.0
2019-04-25 23:00:00,3191.3698007843595
2019-04-26 00:00:00,3191.0600375270715
2019-04-26 01:00:00,3190.7449135612464
2019-04-26 02:00:00,3190.424432603817
2019-04-26 03:00:00,3190.0985985428724
2019-04-26 04:00:00,3189.767415532292
2019-04-26 05:00:00,3189.4308879423716
2019-04-26 06:00:00,3189.089020334314
2019-04-26 07:00:00,3188.7418174947893
2019-04-26 08:00:00,3188.3892844482807
2019-04-26 09:00:00,3188.031426472716
2019-04-26 10:00:00,3187.668248959579
2019-04-26 11:00:00,3187.299757617987
2019-04-26 12:00:00,3186.9259583282114
2019-04-26 13:00:00,3186.5468572099835
2019-04-26 14:00:00,3186.162460589576
2019-04-26 15:00:00,3185.77277502778
2019-04-26 16:00:00,3185.3778072549003
2019-04-26 17:00:00,3184.977564276905
2019-04-26 18:00:00,3184.572053299721
2019-04-26 19:00:00,3184.1612817177147
2019-04-26 20:00:00,3183.745257168822
2019-04-26 21:00:00,3183.323987509865
2019-04-26 22:00:00,3182.897480804209
2019-04-26 23:00:00,3182.465745306124
2019-04-27 00:00:00,3182.028789534025
2019-04-27 01:00:00,3181.586622187359
2019-04-27 02:00:00,3181.1392521976245
2019-04-27 03:00:00,3180.6866886855814
2019-04-27 04:00:00,3180.228941016384
2019-04-27 05:00:00,3179.766018744448
2019-04-27 06:00:00,3179.297931624148
2019-04-27 07:00:00,3178.8246896855217
2019-04-27 08:00:00,3178.346303103434
2019-04-27 09:00:00,3177.86278229056
2019-04-27 10:00:00,3177.374137852952
2019-04-27 11:00:00,3176.880380659158
2019-04-27 12:00:00,3176.3815217241995
2019-04-27 13:00:00,3175.877572303377
2019-04-27 14:00:00,3175.368543861825
2019-04-27 15:00:00,3174.854448065459
2019-04-27 16:00:00,3174.3352968081326
2019-04-27 17:00:00,3173.8111021556792
2019-04-27 18:00:00,3173.2818764092754
2019-04-27 19:00:00,3172.74763209392
2019-04-27 20:00:00,3172.208381856397
2019-04-27 21:00:00,3171.664138649601
2019-04-27 22:00:00,3171.114915575368
2019-04-27 23:00:00,3170.560726013664
2019-04-28 00:00:00,3170.001583399589
2019-04-28 01:00:00,3041.0
2019-04-28 02:00:00,2844.0
2019-04-28 03:00:00,2923.0
2019-04-28 04:00:00,2925.0
2019-04-28 05:00:00,2932.0
2019-04-28 06:00:00,2919.0
2019-04-28 07:00:00,2946.0
2019-04-28 08:00:00,2836.0
2019-04-28 09:00:00,2973.0
2019-04-28 10:00:00,3186.0
2019-04-28 11:00:00,3432.0
2019-04-28 12:00:00,3543.0
2019-04-28 13:00:00,3675.0
2019-04-28 14:00:00,3762.0
2019-04-28 15:00:00,3746.0
2019-04-28 16:00:00,3809.0
2019-04-28 17:00:00,3725.0
2019-04-28 18:00:00,3837.0
2019-04-28 19:00:00,3908.0
2019-04-28 20:00:00,3846.0
2019-04-28 21:00:00,3850.0
2019-04-28 22:00:00,3734.0
2019-04-28 23:00:00,3499.0
2019-04-29 00:00:00,3357.0
2019-04-29 01:00:00,3264.0
2019-04-29 02:00:00,3059.0
2019-04-29 03:00:00,3047.0
2019-04-29 04:00:00,3104.0
2019-04-29 05:00:00,3191.0
2019-04-29 06:00:00,3117.0
2019-04-29 07:00:00,3078.0
2019-04-29 08:00:00,2976.0
2019-04-29 09:00:00,2994.0
2019-04-29 10:00:00,3212.0
2019-04-29 11:00:00,3418.0
2019-04-29 12:00:00,3502.0
2019-04-29 13:00:00,3681.0
2019-04-29 14:00:00,3758.0
2019-04-29 15:00:00,3732.0
2019-04-29 16:00:00,3863.0
2019-04-29 17:00:00,3898.0
2019-04-29 18:00:00,4018.0
2019-04-29 19:00:00,4154.0
2019-04-29 20:00:00,3937.0
2019-04-29 21:00:00,3779.0
2019-04-29 22:00:00,3561.0
2019-04-29 23:00:00,3402.0
2019-04-30 00:00:00,3264.0
2019-04-30 01:00:00,3164.0
2019-04-30 02:00:00,3083.0
2019-04-30 03:00:00,3007.0
2019-04-30 04:00:00,3037.0
2019-04-30 05:00:00,3133.7065795302674
2019-04-30 06:00:00,3132.9054753835867
2019-04-30 07:00:00,3132.100457857358
2019-04-30 08:00:00,3131.291550795242
2019-04-30 09:00:00,3130.478778263899
2019-04-30 10:00:00,3129.662164484691
2019-04-30 11:00:00,3128.8417337843066
2019-04-30 12:00:00,3128.017510691863
2019-04-30 13:00:00,3127.1895199323226
2019-04-30 14:00:00,3126.3577863104647
2019-04-30 15:00:00,3125.5223348219774
2019-04-30 16:00:00,3124.683190641935
2019-04-30 17:00:00,3123.840379023587
2019-04-30 18:00:00,3122.993925480209
2019-04-30 19:00:00,3122.143855624646
2019-04-30 20:00:00,3121.2901951898834
2019-04-30 21:00:00,3120.432970101459
2019-04-30 22:00:00,3119.5722064025813
2019-04-30 23:00:00,3118.7079303569913
2019-05-01 00:00:00,3117.840168262989
2019-05-01 01:00:00,3116.9689466731443
2019-05-01 02:00:00,3116.094292193514
2019-05-01 03:00:00,3115.2162316572676
2019-05-01 04:00:00,3114.3347919815096
2019-05-01 05:00:00,3113.450000246273
2019-05-01 06:00:00,3112.561883673125
2019-05-01 07:00:00,3111.6704696391585
2019-05-01 08:00:00,3110.7757856086887
2019-05-01 09:00:00,3109.8778592624494
2019-05-01 10:00:00,3108.9767183486483
2019-05-01 11:00:00,3108.072390793236
2019-05-01 12:00:00,3107.164904605273
2019-05-01 13:00:00,3106.2542880168185
2019-05-01 14:00:00,3105.340569308483
2019-05-01 15:00:00,3104.423776929565
2019-05-01 16:00:00,3103.503939457733
2019-05-01 17:00:00,3102.5810855891486
2019-05-01 18:00:00,3101.6552441590397
2019-05-01 19:00:00,3100.7264441351185
2019-05-01 20:00:00,3099.7947145863095
2019-05-01 21:00:00,3098.8600847214266
2019-05-01 22:00:00,3097.9225838899956
2019-05-01 23:00:00,3096.9822415246526
2019-05-02 00:00:00,3096.039087229193
2019-05-02 01:00:00,3095.0931506880515
2019-05-02 02:00:00,3094.144461725555
2019-05-02 03:00:00,3093.193050259014
2019-05-02 04:00:00,3092.2389463456266
2019-05-02 05:00:00,3091.2821801627333
2019-05-02 06:00:00,3090.322781994646
2019-05-02 07:00:00,2852.0
2019-05-02 08:00:00,2873.0
2019-05-02 09:00:00,2825.0
2019-05-02 10:00:00,2823.0
2019-05-02 11:00:00,2941.0
2019-05-02 12:00:00,3003.0
2019-05-02 13:00:00,3064.0
2019-05-02 14:00:00,3140.0
2019-05-02 15:00:00,3116.0
2019-05-02 16:00:00,3143.0
2019-05-02 17:00:00,3223.0
2019-05-02 18:00:00,3467.0
2019-05-02 19:00:00,3407.0
2019-05-02 20:00:00,3426.0
2019-05-02 21:00:00,3369.0
2019-05-02 22:00:00,3203.0
2019-05-02 23:00:00,3041.0
2019-05-03 00:00:00,2914.0
2019-05-03 01:00:00,2961.0
2019-05-03 02:00:00,2857.0
2019-05-03 03:00:00,2824.0
2019-05-03 04:00:00,2813.0
2019-05-03 05:00:00,2605.0
2019-05-03 06:00:00,2662.0
2019-05-03 07:00:00,2683.0
2019-05-03 08:00:00,2662.0
2019-05-03 09:00:00,2638.0
2019-05-03 10:00:00,2628.0
2019-05-03 11:00:00,2639.0
2019-05-03 12:00:00,2728.0
2019-05-03 13:00:00,2821.0
2019-05-03 14:00:00,2814.0
2019-05-03 15:00:00,2839.0
2019-05-03 16:00:00,2819.0
2019-05-03 17:00:00,2779.0
2019-05-03 18:00:00,2805.0
2019-05-03 19:00:00,2750.0
2019-05-03 20:00:00,2786.0
2019-05-03 21:00:00,2781.0
2019-05-03 22:00:00,2671.0
2019-05-03 23:00:00,2619.0
2019-05-04 00:00:00,2675.0
2019-05-04 01:00:00,2648.0
2019-05-04 02:00:00,3045.981671190997
2019-05-04 03:00:00,3044.9368002908177
2019-05-04 04:00:00,3043.8907933655946
2019-05-04 05:00:00,3042.843684689768
2019-05-04 06:00:00,3041.7955086365228
2019-05-04 07:00:00,3040.746299569992
2019-05-04 08:00:00,3039.696091941534
2019-05-04 09:00:00,3038.644920286441
2019-05-04 10:00:00,3037.5928191342446
2019-05-04 11:00:00,3036.539823082774
2019-05-04 12:00:00,3035.485966764422
2019-05-04 13:00:00,3034.431284869179
2019-05-04 14:00:00,3033.3758121504
2019-05-04 15:00:00,3032.3195833647305
2019-05-04 16:00:00,3031.2626333428743
2019-05-04 17:00:00,3030.2049969278787
2019-05-04 18:00:00,3029.146709035205
2019-05-04 19:00:00,3028.087804583604
2019-05-04 20:00:00,3027.0283185510757
2019-05-04 21:00:00,3025.9682859279615
2019-05-04 22:00:00,3024.907741765497
2019-05-04 23:00:00,3023.8467211280836
2019-05-05 00:00:00,3022.785259105631
2019-05-05 01:00:00,3021.7233908744515
2019-05-05 02:00:00,3020.6611515162267
2019-05-05 03:00:00,3019.5985762698074
2019-05-05 04:00:00,3018.5357003304316
2019-05-05 05:00:00,3017.4725589139102
2019-05-05 06:00:00,3016.4091872961235
2019-05-05 07:00:00,3015.345620747191
2019-05-05 08:00:00,3014.281894564388
2019-05-05 09:00:00,3013.218044049927
2019-05-05 10:00:00,3012.154104553747
2019-05-05 11:00:00,3011.090111412621
2019-05-05 12:00:00,3010.0260999954144
2019-05-05 13:00:00,3008.962105654535
2019-05-05 14:00:00,3007.898163814804
2019-05-05 15:00:00,3006.8343098385026
2019-05-05 16:00:00,3005.770579147161
2019-05-05 17:00:00,3004.707007149965
2019-05-05 18:00:00,3003.643629270913
2019-05-05 19:00:00,3002.580480917545
2019-05-05 20:00:00,3001.5175975187967
2019-05-05 21:00:00,3000.4550145175917
2019-05-05 22:00:00,2999.3927673403973
2019-05-05 23:00:00,2998.3308914219083
2019-05-06 00:00:00,2997.2694221721335
2019-05-06 01:00:00,2996.2083950290607
2019-05-06 02:00:00,2995.1478454059898
2019-05-06 03:00:00,2994.0878086874213
2019-05-06 04:00:00,2731.0
2019-05-06 05:00:00,2702.0
2019-05-06 06:00:00,2681.0
2019-05-06 07:00:00,2689.0
2019-05-06 08:00:00,2655.0
2019-05-06 09:00:00,2768.0
2019-05-06 10:00:00,2866.0
2019-05-06 11:00:00,3092.0
2019-05-06 12:00:00,3183.0
2019-05-06 13:00:00,3269.0
2019-05-06 14:00:00,3282.0
2019-05-06 15:00:00,3253.0
2019-05-06 16:00:00,3226.0
2019-05-06 17:00:00,3285.0
2019-05-06 18:00:00,3341.0
2019-05-06 19:00:00,3369.0
2019-05-06 20:00:00,3296.0
2019-05-06 21:00:00,3247.0
2019-05-06 22:00:00,3089.0
2019-05-06 23:00:00,2973.0492136503253
2019-05-07 00:00:00,2972.008103461471
2019-05-07 01:00:00,2970.9682809759634
2019-05-07 02:00:00,2969.9297810730563
2019-05-07 03:00:00,2968.892638626244
2019-05-07 04:00:00,2967.8568884292017
2019-05-07 05:00:00,2966.822565273957
2019-05-07 06:00:00,2965.7897038883557
2019-05-07 07:00:00,2964.7583389426413
2019-05-07 08:00:00,2963.7285051119934
2019-05-07 09:00:00,2962.7002369670886
2019-05-07 10:00:00,2961.673569053915
2019-05-07 11:00:00,2960.648535871558
2019-05-07 12:00:00,2959.6251718738445
2019-05-07 13:00:00,2958.603511457823
2019-05-07 14:00:00,2957.583588958004
2019-05-07 15:00:00,2956.565438657878
2019-05-07 16:00:00,2955.5490947858043
2019-05-07 17:00:00,2954.534591507603
2019-05-07 18:00:00,2953.521962962763
2019-05-07 19:00:00,2952.511243172278
2019-05-07 20:00:00,2951.5024661513808
2019-05-07 21:00:00,2950.49566581327
2019-05-07 22:00:00,2949.490876029999
2019-05-07 23:00:00,2948.4881305888644
2019-05-08 00:00:00,2947.4874632261453
2019-05-08 01:00:00,2946.4889076188733
2019-05-08 02:00:00,2945.4924973453353
2019-05-08 03:00:00,2944.4982659311536
2019-05-08 04:00:00,2943.5062468402357
2019-05-08 05:00:00,2942.5164734360965
2019-05-08 06:00:00,2941.5289790131314
2019-05-08 07:00:00,2940.5437968328188
2019-05-08 08:00:00,2939.560960007698
2019-05-08 09:00:00,2938.5805016429017
2019-05-08 10:00:00,2937.6024547036736
2019-05-08 11:00:00,2936.626852120697
2019-05-08 12:00:00,2935.6537266921714
2019-05-08 13:00:00,2934.6831112039545
2019-05-08 14:00:00,2933.715038276504
2019-05-08 15:00:00,2932.749540518759
2019-05-08 16:00:00,2931.786650387426
2019-05-08 17:00:00,2930.826400291484
2019-05-08 18:00:00,2929.8688225419905
2019-05-08 19:00:00,2928.913949351258
2019-05-08 20:00:00,2927.96181283779
2019-05-08 21:00:00,2927.01244503369
2019-05-08 22:00:00,2926.065877879719
2019-05-08 23:00:00,2925.1221432104912
2019-05-09 00:00:00,2924.18127275282
2019-05-09 01:00:00,2895.0
2019-05-09 02:00:00,2796.0
2019-05-09 03:00:00,2789.0
2019-05-09 04:00:00,2848.0
2019-05-09 05:00:00,2876.0
2019-05-09 06:00:00,2796.0
2019-05-09 07:00:00,2844.0
2019-05-09 08:00:00,2791.0
2019-05-09 09:00:00,2842.0
2019-05-09 10:00:00,2810.0
2019-05-09 11:00:00,2688.0
2019-05-09 12:00:00,2618.0
2019-05-09 13:00:00,2803.0
2019-05-09 14:00:00,2941.0
2019-05-09 15:00:00,3051.0
2019-05-09 16:00:00,3130.0
2019-05-09 17:00:00,3088.0
2019-05-09 18:00:00,3190.0
2019-05-09 19:00:00,3178.0
2019-05-09 20:00:00,3147.0
2019-05-09 21:00:00,3114.0
2019-05-09 22:00:00,2982.0
2019-05-09 23:00:00,2842.0
2019-05-10 00:00:00,2796.0
2019-05-10 01:00:00,2795.0
2019-05-10 02:00:00,2785.0
2019-05-10 03:00:00,2721.0
2019-05-10 04:00:00,2678.0
2019-05-10 05:00:00,2495.0
2019-05-10 06:00:00,2508.0
2019-05-10 07:00:00,2541.0
2019-05-10 08:00:00,2508.0
2019-05-10 09:00:00,2496.0
2019-05-10 10:00:00,2509.0
2019-05-10 11:00:00,2653.0
2019-05-10 12:00:00,2687.0
2019-05-10 13:00:00,2806.0
2019-05-10 14:00:00,2741.0
2019-05-10 15:00:00,2744.0
2019-05-10 16:00:00,2800.0
2019-05-10 17:00:00,2777.0
2019-05-10 18:00:00,2721.0
2019-05-10 19:00:00,2693.0
2019-05-10 20:00:00,2725.0
2019-05-10 21:00:00,2732.0
2019-05-10 22:00:00,2884.523190457109
2019-05-10 23:00:00,2883.7506657113136
2019-05-11 00:00:00,2882.9823905039875
2019-05-11 01:00:00,2882.218390359927
2019-05-11 02:00:00,2881.458690634418
2019-05-11 03:00:00,2880.703316532981
2019-05-11 04:00:00,2879.9522931335914
2019-05-11 05:00:00,2879.2056452517268
2019-05-11 06:00:00,2878.463397683117
2019-05-11 07:00:00,2877.7255749856786
2019-05-11 08:00:00,2876.9922015650977
2019-05-11 09:00:00,2876.2633016822338
2019-05-11 10:00:00,2875.5388993938723
2019-05-11 11:00:00,2874.8190186646375
2019-05-11 12:00:00,2874.103683238622
2019-05-11 13:00:00,2873.392916684647
2019-05-11 14:00:00,2872.686742471964
2019-05-11 15:00:00,2871.9851838270774
2019-05-11 16:00:00,2871.288263871574
2019-05-11 17:00:00,2870.596005494168
2019-05-11 18:00:00,2869.9084314716606
2019-05-11 19:00:00,2869.2255643804833
2019-05-11 20:00:00,2868.547426626322
2019-05-11 21:00:00,2867.8740404313594
2019-05-11 22:00:00,2867.205427893113
2019-05-11 23:00:00,2866.541610879108
2019-05-12 00:00:00,2865.8826110996974
2019-05-12 01:00:00,2865.228450102307
2019-05-12 02:00:00,2864.579149227408
2019-05-12 03:00:00,2863.9347296624173
2019-05-12 04:00:00,2863.2952124207136
2019-05-12 05:00:00,2862.6606183116014
2019-05-12 06:00:00,2862.0309679773422
2019-05-12 07:00:00,2861.4062818849243
2019-05-12 08:00:00,2860.7865802902684
2019-05-12 09:00:00,2860.1718833044697
2019-05-12 10:00:00,2859.562210827966
2019-05-12 11:00:00,2858.9575826007344
2019-05-12 12:00:00,2858.358018128233
2019-05-12 13:00:00,2857.763536808946
2019-05-12 14:00:00,2857.1741577599328
2019-05-12 15:00:00,2856.58989999704
2019-05-12 16:00:00,2856.010782272793
2019-05-12 17:00:00,2855.4368232027105
2019-05-12 18:00:00,2854.868041196589
2019-05-12 19:00:00,2854.3044544617987
2019-05-12 20:00:00,2853.7460810255016
2019-05-12 21:00:00,2853.1929387079044
2019-05-12 22:00:00,2852.645045168753
2019-05-12 23:00:00,2852.10241783492
2019-05-13 00:00:00,3067.0
2019-05-13 01:00:00,2886.0
2019-05-13 02:00:00,2799.0
2019-05-13 03:00:00,2956.0
2019-05-13 04:00:00,3016.0
2019-05-13 05:00:00,2901.0
2019-05-13 06:00:00,2809.0
2019-05-13 07:00:00,2847.9530112179486
2019-05-13 08:00:00,2847.458532312757
2019-05-13 09:00:00,2846.969483211372
2019-05-13 10:00:00,2846.4858791497577
2019-05-13 11:00:00,2846.0077352264584
2019-05-13 12:00:00,2845.535066268058
2019-05-13 13:00:00,2845.0678869439703
2019-05-13 14:00:00,2844.6062116960843
2019-05-13 15:00:00,2844.1500547416435
2019-05-13 16:00:00,2843.6994301563573
2019-05-13 17:00:00,2843.254351729574
2019-05-13 18:00:00,2842.8148331037573
2019-05-13 19:00:00,2842.380887689322
2019-05-13 20:00:00,2841.952528713591
2019-05-13 21:00:00,2841.529769159494
2019-05-13 22:00:00,2841.1126218009495
2019-05-13 23:00:00,2840.7010992423643
2019-05-14 00:00:00,2840.2952138318187
2019-05-14 01:00:00,2839.8949777544635
2019-05-14 02:00:00,2839.5004029341862
2019-05-14 03:00:00,2839.1115011261854
2019-05-14 04:00:00,2838.7282838503165
2019-05-14 05:00:00,2838.350762377926
2019-05-14 06:00:00,2837.978947863924
2019-05-14 07:00:00,2837.6128511653396
2019-05-14 08:00:00,2837.2524829355393
2019-05-14 09:00:00,2836.897853657966
2019-05-14 10:00:00,2836.548973554388
2019-05-14 11:00:00,2836.205852661838
2019-05-14 12:00:00,2835.868500760611
2019-05-14 13:00:00,2835.536927469307
2019-05-14 14:00:00,2835.211142155549
2019-05-14 15:00:00,2834.891153957378
2019-05-14 16:00:00,2834.5769718182223
2019-05-14 17:00:00,2834.268604472503
2019-05-14 18:00:00,2833.9660604110677
2019-05-14 19:00:00,2833.669347906702
2019-05-14 20:00:00,2833.3784750453997
2019-05-14 21:00:00,2833.0934496436616
2019-05-14 22:00:00,2832.8142793361335
2019-05-14 23:00:00,2832.5409715143005
2019-05-15 00:00:00,2832.273533364752
2019-05-15 01:00:00,2832.0119718420265
2019-05-15 02:00:00,2831.756293694943
2019-05-15 03:00:00,2831.5065054291613
2019-05-15 04:00:00,2831.2626133215804
2019-05-15 05:00:00,2831.0246234676565
2019-05-15 06:00:00,2830.792541693353
2019-05-15 07:00:00,2830.5663736497722
2019-05-15 08:00:00,2830.346124706593
2019-05-15 09:00:00,2909.0
2019-05-15 10:00:00,3128.0
2019-05-15 11:00:00,3300.0
2019-05-15 12:00:00,2829.524420189721
2019-05-15 13:00:00,2829.333839950793
2019-05-15 14:00:00,2829.1492065180973
2019-05-15 15:00:00,2828.970523701962
2019-05-15 16:00:00,2828.7977951119333
2019-05-15 17:00:00,2828.6310241242727
2019-05-15 18:00:00,2828.470213887304
2019-05-15 19:00:00,2828.315367323061
2019-05-15 20:00:00,2828.1664871462126
2019-05-15 21:00:00,2828.0235758085178
2019-05-15 22:00:00,2827.8866355346227
2019-05-15 23:00:00,2827.755668364849
2019-05-16 00:00:00,2827.6306760971815
2019-05-16 01:00:00,2827.5116602790386
2019-05-16 02:00:00,2827.398622246359
2019-05-16 03:00:00,2827.2915631022097
2019-05-16 04:00:00,2827.1904837464053
2019-05-16 05:00:00,2827.095384799394
2019-05-16 06:00:00,2827.006266698124
2019-05-16 07:00:00,2826.923129652016
2019-05-16 08:00:00,2826.8459736182813
2019-05-16 09:00:00,2826.774798328662
2019-05-16 10:00:00,2826.7096033132966
2019-05-16 11:00:00,2826.6503878385897
2019-05-16 12:00:00,2826.5971509557658
2019-05-16 13:00:00,2826.549891518969
2019-05-16 14:00:00,2826.5086080828187
2019-05-16 15:00:00,2826.4732990591624
2019-05-16 16:00:00,2826.44396256814
2019-05-16 17:00:00,2826.420596520057
2019-05-16 18:00:00,2826.403198607569
2019-05-16 19:00:00,2826.391766273588
2019-05-16 20:00:00,2826.386296777936
2019-05-16 21:00:00,2826.386787086669
2019-05-16 22:00:00,2826.393233981106
2019-05-16 23:00:00,2826.405633996527
2019-05-17 00:00:00,2826.423983472367
2019-05-17 01:00:00,2826.448278457586
2019-05-17 02:00:00,2826.4785148349238
2019-05-17 03:00:00,2826.5146882233857
2019-05-17 04:00:00,2826.5567940272094
2019-05-17 05:00:00,2826.6048274202253
2019-05-17 06:00:00,2826.6587833524422
2019-05-17 07:00:00,2826.718656528652
2019-05-17 08:00:00,2826.7844414532756
2019-05-17 09:00:00,2826.8561324019747
2019-05-17 10:00:00,2826.9337233751594
2019-05-17 11:00:00,2827.017208190971
2019-05-17 12:00:00,2827.106580472943
2019-05-17 13:00:00,2827.201833521216
2019-05-17 14:00:00,2759.0
2019-05-17 15:00:00,2827.4099542606214
2019-05-17 16:00:00,2827.5228075452483
2019-05-17 17:00:00,2827.6415127535424
2019-05-17 18:00:00,2827.766062143474
2019-05-17 19:00:00,2827.8964476981705
2019-05-17 20:00:00,2828.0326611732353
2019-05-17 21:00:00,2828.174694138714
2019-05-17 22:00:00,2828.3225379075016
2019-05-17 23:00:00,2828.4761835929467
2019-05-18 00:00:00,2828.635622029031
2019-05-18 01:00:00,2828.8008439020305
2019-05-18 02:00:00,2828.971839616797
2019-05-18 03:00:00,2829.1485993963265
2019-05-18 04:00:00,2829.3311131854834
2019-05-18 05:00:00,2829.519370756328
2019-05-18 06:00:00,2829.713361649692
2019-05-18 07:00:00,2829.9130751640705
2019-05-18 08:00:00,2830.1185003856563
2019-05-18 09:00:00,2830.329626180522
2019-05-18 10:00:00,2830.5464411938
2019-05-18 11:00:00,2830.768933856262
2019-05-18 12:00:00,2830.997092365805
2019-05-18 13:00:00,2831.2309046969176
2019-05-18 14:00:00,2831.470358624126
2019-05-18 15:00:00,2831.7154416853837
2019-05-18 16:00:00,2831.966141197286
2019-05-18 17:00:00,2832.2224442842903
2019-05-18 18:00:00,2832.484337803006
2019-05-18 19:00:00,2832.751808436827
2019-05-18 20:00:00,2833.0248426506746
2019-05-18 21:00:00,2833.3034266477944
2019-05-18 22:00:00,2833.587546484549
2019-05-18 23:00:00,2833.8771879284714
2019-05-19 00:00:00,2834.1723365849884
2019-05-19 01:00:00,2834.4729778052574
2019-05-19 02:00:00,2834.779096755289
2019-05-19 03:00:00,2835.0906783978435
2019-05-19 04:00:00,2835.407707420429
2019-05-19 05:00:00,2835.730168369841
2019-05-19 06:00:00,2836.0580455139216
2019-05-19 07:00:00,2836.3913229777427
2019-05-19 08:00:00,2836.7299846263472
2019-05-19 09:00:00,2837.0740141170027
2019-05-19 10:00:00,2837.4233949144227
2019-05-19 11:00:00,2837.778110257853
2019-05-19 12:00:00,2838.1381431890495
2019-05-19 13:00:00,2838.5034765341748
2019-05-19 14:00:00,2838.8740929153164
2019-05-19 15:00:00,2839.249974733622
2019-05-19 16:00:00,2839.631104217433
2019-05-19 17:00:00,3541.0
2019-05-19 18:00:00,2840.409033888607
2019-05-19 19:00:00,2840.8057974740245
2019-05-19 20:00:00,2841.2077354708617
2019-05-19 21:00:00,2841.6148290471856
2019-05-19 22:00:00,2842.027059176864
2019-05-19 23:00:00,2842.444406647382
2019-05-20 00:00:00,2842.8668520080046
2019-05-20 01:00:00,2843.2943756388936
2019-05-20 02:00:00,2843.7269577144925
2019-05-20 03:00:00,2844.164578183365
2019-05-20 04:00:00,2844.6072168303235
2019-05-20 05:00:00,2845.0548532097732
2019-05-20 06:00:00,2845.5074667193635
2019-05-20 07:00:00,2845.965036506176
2019-05-20 08:00:00,2846.427541553953
2019-05-20 09:00:00,2846.894960649768
2019-05-20 10:00:00,2847.3672723811483
2019-05-20 11:00:00,2847.8444551422444
2019-05-20 12:00:00,2848.3264871206648
2019-05-20 13:00:00,2848.8133463423237
2019-05-20 14:00:00,2849.3050106121927
2019-05-20 15:00:00,2849.8014575369293
2019-05-20 16:00:00,2850.302664585772
2019-05-20 17:00:00,2850.808608966284
2019-05-20 18:00:00,2851.3192677609513
2019-05-20 19:00:00,2851.834617816506
2019-05-20 20:00:00,2852.3546358198364
2019-05-20 21:00:00,2852.879298266924
2019-05-20 22:00:00,2853.4085814562586
2019-05-20 23:00:00,2853.9424615192884
2019-05-21 00:00:00,2854.4809143947004
2019-05-21 01:00:00,2855.0239158374766
2019-05-21 02:00:00,2855.5714414205363
2019-05-21 03:00:00,2856.1234665372062
2019-05-21 04:00:00,2856.679966394638
2019-05-21 05:00:00,2857.240916026356
2019-05-21 06:00:00,2857.8062902971947
2019-05-21 07:00:00,2858.3760638722356
2019-05-21 08:00:00,2858.9502112587734
2019-05-21 09:00:00,2859.5287067847166
2019-05-21 10:00:00,2860.111524600644
2019-05-21 11:00:00,2860.698638655939
2019-05-21 12:00:00,2861.2900227782015
2019-05-21 13:00:00,2861.8856505911635
2019-05-21 14:00:00,2862.485495549044
2019-05-21 15:00:00,2863.08953094231
2019-05-21 16:00:00,2863.6977298962356
2019-05-21 17:00:00,2864.310065360411
2019-05-21 18:00:00,2864.9265101126516
2019-05-21 19:00:00,2865.5470367756598
2019-05-21 20:00:00,3554.0
2019-05-21 21:00:00,2866.8002254638563
2019-05-21 22:00:00,2867.432831920008
2019-05-21 23:00:00,2868.0694090955744
2019-05-22 00:00:00,2868.7099288167133
2019-05-22 01:00:00,2869.354362703247
2019-05-22 02:00:00,2870.002682263498
2019-05-22 03:00:00,2870.6548587984253
2019-05-22 04:00:00,2871.3108634820574
2019-05-22 05:00:00,2871.9706673322826
2019-05-22 06:00:00,2872.6342411917167
2019-05-22 07:00:00,2873.301555763292
2019-05-22 08:00:00,2873.9725816051155
2019-05-22 09:00:00,2874.647289106398
2019-05-22 10:00:00,2875.3256485224274
2019-05-22 11:00:00,2876.007629940419
2019-05-22 12:00:00,2876.6932033128423
2019-05-22 13:00:00,2877.382338432117
2019-05-22 14:00:00,2878.0750049534495
2019-05-22 15:00:00,2878.7711724028527
2019-05-22 16:00:00,2879.4708101238684
2019-05-22 17:00:00,2880.1738873485374
2019-05-22 18:00:00,2880.8803731665434
2019-05-22 19:00:00,2881.590236505258
2019-05-22 20:00:00,2882.303446167593
2019-05-22 21:00:00,2883.0199708128675
2019-05-22 22:00:00,2883.7397789833467
2019-05-22 23:00:00,2884.46283905775
2019-05-23 00:00:00,2885.189119272849
2019-05-23 01:00:00,2885.918587773666
2019-05-23 02:00:00,2886.651212539208
2019-05-23 03:00:00,2887.3869614147634
2019-05-23 04:00:00,2888.125802163129
2019-05-23 05:00:00,2888.867702354958
2019-05-23 06:00:00,2889.6126294574287
2019-05-23 07:00:00,2890.3605508272476
2019-05-23 08:00:00,2891.111433677735
2019-05-23 09:00:00,2891.865245102688
2019-05-23 10:00:00,2892.6219520786444
2019-05-23 11:00:00,2893.38152146159
2019-05-23 12:00:00,2894.1439199787324
2019-05-23 13:00:00,2894.909114228085
2019-05-23 14:00:00,2895.6770707249634
2019-05-23 15:00:00,2896.4477558417084
2019-05-23 16:00:00,2897.22113582579
2019-05-23 17:00:00,2897.997176840949
2019-05-23 18:00:00,2898.7758449254393
2019-05-23 19:00:00,2899.5571059928475
2019-05-23 20:00:00,2900.3409258662446
2019-05-23 21:00:00,2901.1272702497963
2019-05-23 22:00:00,2901.916104736579
2019-05-23 23:00:00,2918.0
2019-05-24 00:00:00,2903.501105888753
2019-05-24 01:00:00,2904.2972032336115
2019-05-24 02:00:00,2905.095652024592
2019-05-24 03:00:00,2905.8964173579584
2019-05-24 04:00:00,2906.699464201609
2019-05-24 05:00:00,2907.5047574283976
2019-05-24 06:00:00,2908.3122618591324
2019-05-24 07:00:00,2909.121942143668
2019-05-24 08:00:00,2909.9337629104657
2019-05-24 09:00:00,2910.7476886402783
2019-05-24 10:00:00,2911.5636837554366
2019-05-24 11:00:00,2912.3817125815826
2019-05-24 12:00:00,2913.201739333681
2019-05-24 13:00:00,2914.023728188639
2019-05-24 14:00:00,2914.8476431762742
2019-05-24 15:00:00,2915.6734482813526
2019-05-24 16:00:00,2916.5011074061463
2019-05-24 17:00:00,2917.330584334844
2019-05-24 18:00:00,2918.161842827978
2019-05-24 19:00:00,2918.994846516066
2019-05-24 20:00:00,2919.829558967291
2019-05-24 21:00:00,2920.6659436877117
2019-05-24 22:00:00,2921.503964103154
2019-05-24 23:00:00,2922.3435835497517
2019-05-25 00:00:00,2923.1847653021273
2019-05-25 01:00:00,2924.0274725777153
2019-05-25 02:00:00,2924.8716684999345
2019-05-25 03:00:00,2925.717316155176
2019-05-25 04:00:00,2926.5643785207985
2019-05-25 05:00:00,2927.412818562847
2019-05-25 06:00:00,2928.2625991198206
2019-05-25 07:00:00,2929.1136830347436
2019-05-25 08:00:00,2929.9660330379074
2019-05-25 09:00:00,2930.8196118244236
2019-05-25 10:00:00,2931.6743820355073
2019-05-25 11:00:00,2932.530306254566
2019-05-25 12:00:00,2933.3873469818955
2019-05-25 13:00:00,2934.2454667120332
2019-05-25 14:00:00,2935.104627840565
2019-05-25 15:00:00,2935.964792750939
2019-05-25 16:00:00,2936.8259237611846
2019-05-25 17:00:00,2937.687983140371
2019-05-25 18:00:00,2938.5509331121025
2019-05-25 19:00:00,2939.4147358574
2019-05-25 20:00:00,2940.27935350462
2019-05-25 21:00:00,2941.144748182119
2019-05-25 22:00:00,2942.010881911692
2019-05-25 23:00:00,2942.877716725625
2019-05-26 00:00:00,2943.7452146179394
2019-05-26 01:00:00,2944.6133375184736
2019-05-26 02:00:00,2859.0
2019-05-26 03:00:00,2946.3513059697443
2019-05-26 04:00:00,2947.2210752398564
2019-05-26 05:00:00,2948.091316989031
2019-05-26 06:00:00,2948.961993010302
2019-05-26 07:00:00,2949.8330650629678
2019-05-26 08:00:00,2950.704494861477
2019-05-26 09:00:00,2951.5762441638926
2019-05-26 10:00:00,2952.4482746352915
2019-05-26 11:00:00,2953.320547975519
2019-05-26 12:00:00,2954.193025821056
2019-05-26 13:00:00,2955.065669817437
2019-05-26 14:00:00,2955.9384415935338
2019-05-26 15:00:00,2956.8113027475642
2019-05-26 16:00:00,2957.6842148845362
2019-05-26 17:00:00,2958.5571395761303
2019-05-26 18:00:00,2959.430038418817
2019-05-26 19:00:00,2960.3028729659677
2019-05-26 20:00:00,2961.175604787413
2019-05-26 21:00:00,2962.048195430661
2019-05-26 22:00:00,2962.9206064523755
2019-05-26 23:00:00,2963.7927994176544
2019-05-27 00:00:00,2964.664735854977
2019-05-27 01:00:00,2965.536377324814
2019-05-27 02:00:00,2966.407685396994
2019-05-27 03:00:00,2967.2786216110035
2019-05-27 04:00:00,2968.1491475458256
2019-05-27 05:00:00,2969.019224776228
2019-05-27 06:00:00,2969.888814873068
2019-05-27 07:00:00,2970.757879444028
2019-05-27 08:00:00,2971.626380070869
2019-05-27 09:00:00,2972.4942784064283
2019-05-27 10:00:00,2973.3615360681592
2019-05-27 11:00:00,2974.228114698613
2019-05-27 12:00:00,2975.093975979941
2019-05-27 13:00:00,2975.959081616309
2019-05-27 14:00:00,2976.823393300256
2019-05-27 15:00:00,2977.6868727632054
2019-05-27 16:00:00,2978.5494817693902
2019-05-27 17:00:00,2979.4111821260403
2019-05-27 18:00:00,2980.27193562331
2019-05-27 19:00:00,2981.1317041162583
2019-05-27 20:00:00,2981.990449494196
2019-05-27 21:00:00,2982.848133626892
2019-05-27 22:00:00,2983.7047184870758
2019-05-27 23:00:00,2984.5601660521065
2019-05-28 00:00:00,2985.4144383276293
2019-05-28 01:00:00,2986.2674973656794
2019-05-28 02:00:00,2987.1193052690014
2019-05-28 03:00:00,2987.969824190947
2019-05-28 04:00:00,2988.8190162921705
2019-05-28 05:00:00,2790.0
2019-05-28 06:00:00,2990.513268969352
2019-05-28 07:00:00,2991.3582541760206
2019-05-28 08:00:00,2992.2017617428496
2019-05-28 09:00:00,2993.043754122512
2019-05-28 10:00:00,2993.8841937743664
2019-05-28 11:00:00,2994.7230432422193
2019-05-28 12:00:00,2995.5602651068034
2019-05-28 13:00:00,2996.3958220138593
2019-05-28 14:00:00,2997.2296766832883
2019-05-28 15:00:00,2998.061791861222
2019-05-28 16:00:00,2998.892130391199
2019-05-28 17:00:00,2999.7206551671597
2019-05-28 18:00:00,3000.547329140337
2019-05-28 19:00:00,3001.3721153578285
2019-05-28 20:00:00,3002.1949768915224
2019-05-28 21:00:00,3003.015876923673
2019-05-28 22:00:00,3003.8347786778863
2019-05-28 23:00:00,3004.6516454888547
2019-05-29 00:00:00,3005.4664407289188
2019-05-29 01:00:00,3006.279127873277
2019-05-29 02:00:00,3007.0896704606967
2019-05-29 03:00:00,3007.898032110586
2019-05-29 04:00:00,3008.7041765410986
2019-05-29 05:00:00,3009.508067542801
2019-05-29 06:00:00,3010.3096689632443
2019-05-29 07:00:00,3011.108944781434
2019-05-29 08:00:00,3011.905859042616
2019-05-29 09:00:00,3012.700375889755
2019-05-29 10:00:00,3013.4924595271177
2019-05-29 11:00:00,3014.2820743103816
2019-05-29 12:00:00,3015.069184635133
2019-05-29 13:00:00,3015.8537549998173
2019-05-29 14:00:00,3016.6357500335125
2019-05-29 15:00:00,3017.415134440384
2019-05-29 16:00:00,3018.1918730159355
2019-05-29 17:00:00,3018.96593067972
2019-05-29 18:00:00,3019.7372724259662
2019-05-29 19:00:00,3020.5058634029865
2019-05-29 20:00:00,3021.271668803529
2019-05-29 21:00:00,3022.034653974219
2019-05-29 22:00:00,3022.7947843647476
2019-05-29 23:00:00,3023.552025498247
2019-05-30 00:00:00,3024.3063430813513
2019-05-30 01:00:00,3025.0577028603984
2019-05-30 02:00:00,3025.806070739101
2019-05-30 03:00:00,3026.5514127390484
2019-05-30 04:00:00,3027.2936949787245
2019-05-30 05:00:00,3028.032883731931
2019-05-30 06:00:00,3028.7689453517733
2019-05-30 07:00:00,3029.501846335773
2019-05-30 08:00:00,2631.0
2019-05-30 09:00:00,3030.9580330388667
2019-05-30 10:00:00,3031.6812523828116
2019-05-30 11:00:00,3032.401178339586
2019-05-30 12:00:00,3033.117778065114
2019-05-30 13:00:00,3033.831018826821
2019-05-30 14:00:00,3034.540868017208
2019-05-30 15:00:00,3035.2472931834773
2019-05-30 16:00:00,3035.950261998526
2019-05-30 17:00:00,3036.649742274316
2019-05-30 18:00:00,3037.3457019742195
2019-05-30 19:00:00,3038.0381091936806
2019-05-30 20:00:00,3038.7269321556882
2019-05-30 21:00:00,3039.4121392574757
2019-05-30 22:00:00,3040.093699030817
2019-05-30 23:00:00,3040.7715801496374
2019-05-31 00:00:00,3041.4457514300148
2019-05-31 01:00:00,3042.1161818682363
2019-05-31 02:00:00,3042.78284056962
2019-05-31 03:00:00,3043.445696834506
2019-05-31 04:00:00,3044.1047200784374
2019-05-31 05:00:00,3044.7598799125954
2019-05-31 06:00:00,3045.4111460831136
2019-05-31 07:00:00,3046.0584884772484
2019-05-31 08:00:00,3046.7018772021693
2019-05-31 09:00:00,3047.3412824543298
2019-05-31 10:00:00,3047.9766746461864
2019-05-31 11:00:00,3048.6080243321426
2019-05-31 12:00:00,3049.2353022441375
2019-05-31 13:00:00,3049.858479276628
2019-05-31 14:00:00,3050.477526480623
2019-05-31 15:00:00,3051.0924150889878
2019-05-31 16:00:00,3051.703116516031
2019-05-31 17:00:00,3052.3096023373464
2019-05-31 18:00:00,3052.911844306061
2019-05-31 19:00:00,3053.509814364154
2019-05-31 20:00:00,3054.1034845891727
2019-05-31 21:00:00,3054.6928272933897
2019-05-31 22:00:00,3055.27781491868
2019-05-31 23:00:00,3055.858420146789
2019-06-01 00:00:00,3056.4346157857713
2019-06-01 01:00:00,3057.006374854957
2019-06-01 02:00:00,3057.573670546684
2019-06-01 03:00:00,3058.136476259627
2019-06-01 04:00:00,3058.694765579461
2019-06-01 05:00:00,3059.2485122568455
2019-06-01 06:00:00,3059.797690263177
2019-06-01 07:00:00,3060.3422737368974
2019-06-01 08:00:00,3060.8822370363605
2019-06-01 09:00:00,3061.417554686141
2019-06-01 10:00:00,3061.948201439781
2019-06-01 11:00:00,3184.0
2019-06-01 12:00:00,3062.9953821703516
2019-06-01 13:00:00,3063.511866627621
2019-06-01 14:00:00,3064.0235811130133
2019-06-01 15:00:00,3064.530501374515
2019-06-01 16:00:00,3065.0326033547235
2019-06-01 17:00:00,3065.529863208949
2019-06-01 18:00:00,3066.0222572897856
2019-06-01 19:00:00,3066.5097621660398
2019-06-01 20:00:00,3066.9923546260193
2019-06-01 21:00:00,3067.470011628984
2019-06-01 22:00:00,3067.9427103792063
2019-06-01 23:00:00,3068.4104283084835
2019-06-02 00:00:00,3068.87314302985
2019-06-02 01:00:00,3069.330832393125
2019-06-02 02:00:00,3069.7834744449992
2019-06-02 03:00:00,3070.2310474664782
2019-06-02 04:00:00,3070.6735299689726
2019-06-02 05:00:00,3071.1109006615893
2019-06-02 06:00:00,3071.5431384986514
2019-06-02 07:00:00,3071.9702226245677
2019-06-02 08:00:00,3072.3921324369862
2019-06-02 09:00:00,3072.808847553263
2019-06-02 10:00:00,3073.220347815143
2019-06-02 11:00:00,3073.62661329385
2019-06-02 12:00:00,3074.027624286796
2019-06-02 13:00:00,3074.4233613158317
2019-06-02 14:00:00,3074.8138051613473
2019-06-02 15:00:00,3075.1989368116097
2019-06-02 16:00:00,3075.5787374863216
2019-06-02 17:00:00,3075.9531886639797
2019-06-02 18:00:00,3076.322272035999
2019-06-02 19:00:00,3076.6859695408643
2019-06-02 20:00:00,3077.044263343557
2019-06-02 21:00:00,3077.397135887601
2019-06-02 22:00:00,3077.7445698115425
2019-06-02 23:00:00,3078.0865480176603
2019-06-03 00:00:00,3078.4230536474834
2019-06-03 01:00:00,3078.75407010401
2019-06-03 02:00:00,3079.0795809982205
2019-06-03 03:00:00,3079.3995702128504
2019-06-03 04:00:00,3079.7140218857253
2019-06-03 05:00:00,3080.022920378495
2019-06-03 06:00:00,3080.326250316952
2019-06-03 07:00:00,3080.623996587946
2019-06-03 08:00:00,3080.9161443095545
2019-06-03 09:00:00,3081.202678860708
2019-06-03 10:00:00,3081.483585883245
2019-06-03 11:00:00,3081.758851252289
2019-06-03 12:00:00,3082.028461128503
2019-06-03 13:00:00,3082.292401896577
2019-06-03 14:00:00,3359.0
2019-06-03 15:00:00,3082.8032230414287
2019-06-03 16:00:00,3083.0500775076866
2019-06-03 17:00:00,3083.2912110733587
2019-06-03 18:00:00,3083.5266114382966
2019-06-03 19:00:00,3083.7562665642336
2019-06-03 20:00:00,3083.980164686508
2019-06-03 21:00:00,3084.1982942867044
2019-06-03 22:00:00,3084.4106441360595
2019-06-03 23:00:00,3084.617203247942
2019-06-04 00:00:00,3084.81796092887
2019-06-04 01:00:00,3085.0129067383955
2019-06-04 02:00:00,3085.2020305067967
2019-06-04 03:00:00,3085.3853223445426
2019-06-04 04:00:00,3085.562772599706
2019-06-04 05:00:00,3085.7343719468367
2019-06-04 06:00:00,3085.900111290684
2019-06-04 07:00:00,3086.059981840461
2019-06-04 08:00:00,3086.213975052039
2019-06-04 09:00:00,3086.3620826672377
2019-06-04 10:00:00,3086.5042967204095
2019-06-04 11:00:00,3086.640609497913
2019-06-04 12:00:00,3086.771013579256
2019-06-04 13:00:00,3086.895501838125
2019-06-04 14:00:00,3087.0140673872515
2019-06-04 15:00:00,3087.126703662141
2019-06-04 16:00:00,3087.2334043562705
2019-06-04 17:00:00,3087.334163459351
2019-06-04 18:00:00,3087.428975218862
2019-06-04 19:00:00,3087.517834210197
2019-06-04 20:00:00,3087.600735250882
2019-06-04 21:00:00,3087.6776734635237
2019-06-04 22:00:00,3087.74864426429
2019-06-04 23:00:00,3087.813643339253
2019-06-05 00:00:00,3087.8726666663983
2019-06-05 01:00:00,3087.9257105359957
2019-06-05 02:00:00,3087.972771498342
2019-06-05 03:00:00,3088.01384639606
2019-06-05 04:00:00,3088.04893238776
2019-06-05 05:00:00,3088.078026898044
2019-06-05 06:00:00,3088.1011276559793
2019-06-05 07:00:00,3088.1182326815206
2019-06-05 08:00:00,3088.129340287566
2019-06-05 09:00:00,3088.1344490824254
2019-06-05 10:00:00,3088.1335579652964
2019-06-05 11:00:00,3088.1266661484815
2019-06-05 12:00:00,3088.1137731092476
2019-06-05 13:00:00,3088.0948786525737
2019-06-05 14:00:00,3088.0699828663014
2019-06-05 15:00:00,3088.0390861341484
2019-06-05 16:00:00,3088.002189142856
2019-06-05 17:00:00,3447.0
2019-06-05 18:00:00,3087.9103986597534
2019-06-05 19:00:00,3087.8555080329406
2019-06-05 20:00:00,3087.794622903111
2019-06-05 21:00:00,3087.7277454599375
2019-06-05 22:00:00,3087.6548782016725
2019-06-05 23:00:00,3087.576023928564
2019-06-06 00:00:00,3087.4911857290717
2019-06-06 01:00:00,3087.400367023687
2019-06-06 02:00:00,3087.303571512472
2019-06-06 03:00:00,3087.2008032018057
2019-06-06 04:00:00,3087.092066426394
2019-06-06 05:00:00,3086.9773658175905
2019-06-06 06:00:00,3086.8567062894053
2019-06-06 07:00:00,3086.7300930954925
2019-06-06 08:00:00,3086.5975317863567
2019-06-06 09:00:00,3086.459028215529
2019-06-06 10:00:00,3086.3145885430604
2019-06-06 11:00:00,3086.1642192468375
2019-06-06 12:00:00,3086.0079271145614
2019-06-06 13:00:00,3085.8457192412757
2019-06-06 14:00:00,3085.677603026695
2019-06-06 15:00:00,3085.503586181787
2019-06-06 16:00:00,3085.32367674132
2019-06-06 17:00:00,3085.1378830350645
2019-06-06 18:00:00,3084.9462137274954
2019-06-06 19:00:00,3084.7486777641006
2019-06-06 20:00:00,3084.5452844261
2019-06-06 21:00:00,3084.336043302882
2019-06-06 22:00:00,3084.120964298379
2019-06-06 23:00:00,3083.9000576179014
2019-06-07 00:00:00,3083.673333804551
2019-06-07 01:00:00,3083.4408036925215
2019-06-07 02:00:00,3083.202478445569
2019-06-07 03:00:00,3082.958369540759
2019-06-07 04:00:00,3082.7084887540677
2019-06-07 05:00:00,3082.452848194118
2019-06-07 06:00:00,3082.1914602859297
2019-06-07 07:00:00,3081.9243377754437
2019-06-07 08:00:00,3081.6514937013394
2019-06-07 09:00:00,3081.372941435972
2019-06-07 10:00:00,3081.088694668299
2019-06-07 11:00:00,3080.7987674051137
2019-06-07 12:00:00,3080.5031739630217
2019-06-07 13:00:00,3080.2019289762598
2019-06-07 14:00:00,3079.8950474201456
2019-06-07 15:00:00,3079.582544555536
2019-06-07 16:00:00,3079.2644359635924
2019-06-07 17:00:00,3078.940737581781
2019-06-07 18:00:00,3078.6114656195286
2019-06-07 19:00:00,3078.276636643185
2019-06-07 20:00:00,2889.0
2019-06-07 21:00:00,3077.5903753861594
2019-06-07 22:00:00,3077.2389778065785
2019-06-07 23:00:00,3076.8820925786968
2019-06-08 00:00:00,3076.5197378621574
2019-06-08 01:00:00,3076.151932102554
2019-06-08 02:00:00,3075.7786940830642
2019-06-08 03:00:00,3075.4000429219827
2019-06-08 04:00:00,3075.0159980155304
2019-06-08 05:00:00,3074.6265791316623
2019-06-08 06:00:00,3074.2318063139974
2019-06-08 07:00:00,3073.831699940036
2019-06-08 08:00:00,3073.426280718487
2019-06-08 09:00:00,3073.0155696736315
2019-06-08 10:00:00,3072.59958813257
2019-06-08 11:00:00,3072.1783577636893
2019-06-08 12:00:00,3071.7519005367567
2019-06-08 13:00:00,3071.3202387622086
2019-06-08 14:00:00,3070.883395055563
2019-06-08 15:00:00,3070.4413923534667
2019-06-08 16:00:00,3069.994253911429
2019-06-08 17:00:00,3069.5420033050596
2019-06-08 18:00:00,3069.084664446112
2019-06-08 19:00:00,3068.6222615374336
2019-06-08 20:00:00,3068.1548191165234
2019-06-08 21:00:00,3067.682362033987
2019-06-08 22:00:00,3067.2049154750293
2019-06-08 23:00:00,3066.722504936523
2019-06-09 00:00:00,3066.2351562096696
2019-06-09 01:00:00,3065.7428954364245
2019-06-09 02:00:00,3065.245749076578
2019-06-09 03:00:00,3064.7437438806005
2019-06-09 04:00:00,3064.23690694951
2019-06-09 05:00:00,3063.7252656747964
2019-06-09 06:00:00,3063.208847791504
2019-06-09 07:00:00,3062.687681323299
2019-06-09 08:00:00,3062.161794644187
2019-06-09 09:00:00,3061.631216419678
2019-06-09 10:00:00,3061.095975649576
2019-06-09 11:00:00,3060.556101629919
2019-06-09 12:00:00,3060.011623992068
2019-06-09 13:00:00,3059.4625726811064
2019-06-09 14:00:00,3058.9089779533683
2019-06-09 15:00:00,3058.350870381792
2019-06-09 16:00:00,3057.788280853035
2019-06-09 17:00:00,3057.221240573649
2019-06-09 18:00:00,3056.649781066171
2019-06-09 19:00:00,3056.0739341588346
2019-06-09 20:00:00,3055.493732004706
2019-06-09 21:00:00,3054.909207066251
2019-06-09 22:00:00,3054.32039210896
2019-06-09 23:00:00,2976.0
2019-06-10 00:00:00,3053.1300248449693
2019-06-10 01:00:00,3052.5285396479385
2019-06-10 02:00:00,3051.9228986726002
2019-06-10 03:00:00,3051.313136257578
2019-06-10 04:00:00,3050.6992870585095
2019-06-10 05:00:00,3050.081386025827
2019-06-10 06:00:00,3049.4594684405547
2019-06-10 07:00:00,3048.833569882625
2019-06-10 08:00:00,3048.203726237258
2019-06-10 09:00:00,3047.569973713475
2019-06-10 10:00:00,3046.932348821266
2019-06-10 11:00:00,3046.2908883711743
2019-06-10 12:00:00,3045.64562949117
2019-06-10 13:00:00,3044.9966096212966
2019-06-10 14:00:00,3044.3438664939263
2019-06-10 15:00:00,3043.6874381590605
2019-06-10 16:00:00,3043.027362971371
2019-06-10 17:00:00,3042.363679589994
2019-06-10 18:00:00,3041.6964269637165
2019-06-10 19:00:00,3041.025644378912
2019-06-10 20:00:00,3040.3513713908296
2019-06-10 21:00:00,3039.673647882427
2019-06-10 22:00:00,3038.9925140271375
2019-06-10 23:00:00,3038.30801030286
2019-06-11 00:00:00,3037.6201774864016
2019-06-11 01:00:00,3036.9290566662344
2019-06-11 02:00:00,3036.234689213077
2019-06-11 03:00:00,3035.5371168224788
2019-06-11 04:00:00,3034.8363814572176
2019-06-11 05:00:00,3034.132525399965
2019-06-11 06:00:00,3033.425591235181
2019-06-11 07:00:00,3032.7156218275168
2019-06-11 08:00:00,3032.00266035123
2019-06-11 09:00:00,3031.286750264265
2019-06-11 10:00:00,3030.5679353265605
2019-06-11 11:00:00,3029.8462596014924
2019-06-11 12:00:00,3029.1217674307736
2019-06-11 13:00:00,3028.3945034539993
2019-06-11 14:00:00,3027.6645126026783
2019-06-11 15:00:00,3026.9318401035275
2019-06-11 16:00:00,3026.1965314702416
2019-06-11 17:00:00,3025.4586325102823
2019-06-11 18:00:00,3024.718189318294
2019-06-11 19:00:00,3023.975248275284
2019-06-11 20:00:00,3023.229856050675
2019-06-11 21:00:00,3022.4820596060135
2019-06-11 22:00:00,3021.7319061787143
2019-06-11 23:00:00,3020.979443298415
2019-06-12 00:00:00,3020.22471878667
2019-06-12 01:00:00,3019.4677807207418
2019-06-12 02:00:00,2682.0
2019-06-12 03:00:00,2779.0
2019-06-12 04:00:00,2908.0
2019-06-12 05:00:00,2809.0
2019-06-12 06:00:00,2761.0
2019-06-12 07:00:00,2739.0
2019-06-12 08:00:00,2809.0
2019-06-12 09:00:00,2830.0
2019-06-12 10:00:00,3040.0
2019-06-12 11:00:00,3351.0
2019-06-12 12:00:00,3360.0
2019-06-12 13:00:00,3389.0
2019-06-12 14:00:00,3337.0
2019-06-12 15:00:00,3392.0
2019-06-12 16:00:00,3379.0
2019-06-12 17:00:00,3396.0
2019-06-12 18:00:00,3619.0
2019-06-12 19:00:00,3619.0
2019-06-12 20:00:00,3530.0
2019-06-12 21:00:00,3323.0
2019-06-12 22:00:00,3272.0
2019-06-12 23:00:00,3056.0
2019-06-13 00:00:00,2946.0
2019-06-13 01:00:00,2831.0
2019-06-13 02:00:00,2789.0
2019-06-13 03:00:00,2807.0
2019-06-13 04:00:00,2860.0
2019-06-13 05:00:00,2794.0
2019-06-13 06:00:00,2762.0
2019-06-13 07:00:00,2730.0
2019-06-13 08:00:00,2777.0
2019-06-13 09:00:00,2729.0
2019-06-13 10:00:00,2811.0
2019-06-13 11:00:00,2872.0
2019-06-13 12:00:00,2967.0
2019-06-13 13:00:00,2998.0
2019-06-13 14:00:00,3013.0
2019-06-13 15:00:00,2939.0
2019-06-13 16:00:00,3080.0
2019-06-13 17:00:00,3188.0
2019-06-13 18:00:00,3323.0
2019-06-13 19:00:00,3188.0
2019-06-13 20:00:00,3202.0
2019-06-13 21:00:00,3054.0
2019-06-13 22:00:00,3059.0
2019-06-13 23:00:00,2810.0
2019-06-14 00:00:00,2807.0
2019-06-14 01:00:00,2763.0
2019-06-14 02:00:00,2734.0
2019-06-14 03:00:00,2692.0
2019-06-14 04:00:00,2795.0
2019-06-14 05:00:00,2569.0
2019-06-14 06:00:00,2611.0
2019-06-14 07:00:00,2650.0
2019-06-14 08:00:00,2671.0
2019-06-14 09:00:00,2631.0
2019-06-14 10:00:00,2701.0
2019-06-14 11:00:00,2709.0
2019-06-14 12:00:00,2721.0
2019-06-14 13:00:00,2723.0
2019-06-14 14:00:00,2812.0
2019-06-14 15:00:00,2751.0
2019-06-14 16:00:00,2772.0
2019-06-14 17:00:00,2789.0
2019-06-14 18:00:00,2728.0
2019-06-14 19:00:00,2761.0
2019-06-14 20:00:00,2854.0
2019-06-14 21:00:00,2801.0
2019-06-14 22:00:00,2796.0
2019-06-14 23:00:00,2684.0
2019-06-15 00:00:00,2668.0
2019-06-15 01:00:00,2656.0
2019-06-15 02:00:00,2651.0
2019-06-15 03:00:00,2597.0
2019-06-15 04:00:00,2778.0
2019-06-15 05:00:00,2638.0
2019-06-15 06:00:00,2596.0
2019-06-15 07:00:00,2687.0
2019-06-15 08:00:00,2676.0
2019-06-15 09:00:00,2785.0
2019-06-15 10:00:00,3024.0
2019-06-15 11:00:00,3224.0
2019-06-15 12:00:00,3243.0
2019-06-15 13:00:00,3291.0
2019-06-15 14:00:00,3318.0
2019-06-15 15:00:00,3271.0
2019-06-15 16:00:00,3327.0
2019-06-15 17:00:00,3376.0
2019-06-15 18:00:00,3515.0
2019-06-15 19:00:00,3593.0
2019-06-15 20:00:00,3666.0
2019-06-15 21:00:00,3433.0
2019-06-15 22:00:00,3171.0
2019-06-15 23:00:00,3092.0
2019-06-16 00:00:00,2999.0
2019-06-16 01:00:00,2897.0
2019-06-16 02:00:00,2815.0
2019-06-16 03:00:00,2859.0
2019-06-16 04:00:00,3015.0
2019-06-16 05:00:00,2906.0
2019-06-16 06:00:00,2841.0
2019-06-16 07:00:00,2781.0
2019-06-16 08:00:00,2817.0
2019-06-16 09:00:00,2865.0
2019-06-16 10:00:00,3130.0
2019-06-16 11:00:00,3346.0
2019-06-16 12:00:00,3351.0
2019-06-16 13:00:00,3513.0
2019-06-16 14:00:00,3606.0
2019-06-16 15:00:00,3563.0
2019-06-16 16:00:00,3533.0
2019-06-16 17:00:00,3643.0
2019-06-16 18:00:00,3779.0
2019-06-16 19:00:00,3800.0
2019-06-16 20:00:00,3686.0
2019-06-16 21:00:00,3458.0
2019-06-16 22:00:00,3148.0
2019-06-16 23:00:00,3118.0
2019-06-17 00:00:00,2984.0
2019-06-17 01:00:00,2843.0
2019-06-17 02:00:00,2825.0
2019-06-17 03:00:00,2875.0
2019-06-17 04:00:00,3005.0
2019-06-17 05:00:00,2924.0
2019-06-17 06:00:00,2841.0
2019-06-17 07:00:00,2859.0
2019-06-17 08:00:00,2885.0
2019-06-17 09:00:00,2889.0
2019-06-17 10:00:00,2994.0
2019-06-17 11:00:00,3290.0
2019-06-17 12:00:00,3271.0
2019-06-17 13:00:00,3428.0
2019-06-17 14:00:00,3441.0
2019-06-17 15:00:00,3332.0
2019-06-17 16:00:00,3456.0
2019-06-17 17:00:00,3372.0
2019-06-17 18:00:00,3711.0
2019-06-17 19:00:00,3661.0
2019-06-17 20:00:00,3579.0
2019-06-17 21:00:00,3371.0
2019-06-17 22:00:00,3230.0
2019-06-17 23:00:00,3036.0
2019-06-18 00:00:00,2918.0
2019-06-18 01:00:00,2893.0
2019-06-18 02:00:00,2893.0
2019-06-18 03:00:00,2879.0
2019-06-18 04:00:00,2958.0
2019-06-18 05:00:00,2901.0
2019-06-18 06:00:00,2786.0
2019-06-18 07:00:00,2780.0
2019-06-18 08:00:00,2796.0
2019-06-18 09:00:00,2827.0
2019-06-18 10:00:00,3099.0
2019-06-18 11:00:00,3432.0
2019-06-18 12:00:00,3481.0
2019-06-18 13:00:00,3558.0
2019-06-18 14:00:00,3515.0
2019-06-18 15:00:00,3443.0
2019-06-18 16:00:00,3496.0
2019-06-18 17:00:00,3515.0
2019-06-18 18:00:00,3540.0
2019-06-18 19:00:00,3578.0
2019-06-18 20:00:00,3554.0
2019-06-18 21:00:00,3335.0
2019-06-18 22:00:00,3271.0
2019-06-18 23:00:00,3120.0
2019-06-19 00:00:00,2966.0
2019-06-19 01:00:00,2853.0
2019-06-19 02:00:00,2806.0
2019-06-19 03:00:00,2862.0
2019-06-19 04:00:00,3006.0
2019-06-19 05:00:00,2905.0
2019-06-19 06:00:00,2835.0
2019-06-19 07:00:00,2764.0
2019-06-19 08:00:00,2838.0
2019-06-19 09:00:00,2917.0
2019-06-19 10:00:00,3060.0
2019-06-19 11:00:00,3516.0
2019-06-19 12:00:00,3586.0
2019-06-19 13:00:00,3554.0
2019-06-19 14:00:00,3593.0
2019-06-19 15:00:00,3456.0
2019-06-19 16:00:00,3427.0
2019-06-19 17:00:00,3407.0
2019-06-19 18:00:00,3649.0
2019-06-19 19:00:00,3657.0
2019-06-19 20:00:00,3561.0
2019-06-19 21:00:00,3422.0
2019-06-19 22:00:00,3229.0
2019-06-19 23:00:00,3049.0
2019-06-20 00:00:00,2920.0
2019-06-20 01:00:00,2839.0
2019-06-20 02:00:00,2812.0
2019-06-20 03:00:00,2828.0
2019-06-20 04:00:00,3029.0
2019-06-20 05:00:00,2933.0
2019-06-20 06:00:00,2872.0
2019-06-20 07:00:00,2824.0
2019-06-20 08:00:00,2794.0
2019-06-20 09:00:00,2797.0
2019-06-20 10:00:00,2722.0
2019-06-20 11:00:00,2761.0
2019-06-20 12:00:00,2650.0
2019-06-20 13:00:00,2693.0
2019-06-20 14:00:00,3435.0
2019-06-20 15:00:00,2949.0
2019-06-20 16:00:00,2941.0
2019-06-20 17:00:00,2975.0
2019-06-20 18:00:00,3016.0
2019-06-20 19:00:00,3178.0
2019-06-20 20:00:00,3175.0
2019-06-20 21:00:00,3083.0
2019-06-20 22:00:00,2984.0
2019-06-20 23:00:00,2829.0
2019-06-21 00:00:00,2813.0
2019-06-21 01:00:00,2781.0
2019-06-21 02:00:00,2722.0
2019-06-21 03:00:00,2675.0
2019-06-21 04:00:00,2749.0
2019-06-21 05:00:00,2570.0
2019-06-21 06:00:00,2536.0
2019-06-21 07:00:00,2545.0
2019-06-21 08:00:00,2554.0
2019-06-21 09:00:00,2580.0
2019-06-21 10:00:00,2556.0
2019-06-21 11:00:00,2601.0
2019-06-21 12:00:00,2599.0
2019-06-21 13:00:00,2675.0
2019-06-21 14:00:00,2700.0
2019-06-21 15:00:00,2692.0
2019-06-21 16:00:00,2741.0
2019-06-21 17:00:00,2771.0
2019-06-21 18:00:00,2772.0
2019-06-21 19:00:00,2727.0
2019-06-21 20:00:00,2763.0
2019-06-21 21:00:00,2720.0
2019-06-21 22:00:00,2679.0
2019-06-21 23:00:00,2565.0
2019-06-22 00:00:00,2639.0
2019-06-22 01:00:00,2525.0
2019-06-22 02:00:00,2528.0
2019-06-22 03:00:00,2494.0
2019-06-22 04:00:00,2579.0
2019-06-22 05:00:00,2504.0
2019-06-22 06:00:00,2511.0
2019-06-22 07:00:00,2510.0
2019-06-22 08:00:00,2575.0
2019-06-22 09:00:00,2678.0
2019-06-22 10:00:00,2889.0
2019-06-22 11:00:00,3409.0
2019-06-22 12:00:00,3446.0
2019-06-22 13:00:00,3536.0
2019-06-22 14:00:00,3618.0
2019-06-22 15:00:00,3530.0
2019-06-22 16:00:00,3612.0
2019-06-22 17:00:00,3634.0
2019-06-22 18:00:00,3622.0
2019-06-22 19:00:00,3770.0
2019-06-22 20:00:00,3788.0
2019-06-22 21:00:00,3559.0
2019-06-22 22:00:00,3458.0
2019-06-22 23:00:00,3208.0
2019-06-23 00:00:00,3130.0
2019-06-23 01:00:00,3038.0
2019-06-23 02:00:00,2950.0
2019-06-23 03:00:00,2887.0
2019-06-23 04:00:00,3157.0
2019-06-23 05:00:00,3011.0
2019-06-23 06:00:00,2951.0
2019-06-23 07:00:00,2916.0
2019-06-23 08:00:00,2927.0
2019-06-23 09:00:00,2961.0
2019-06-23 10:00:00,3214.0
2019-06-23 11:00:00,3438.0
2019-06-23 12:00:00,3470.0
2019-06-23 13:00:00,3437.0
2019-06-23 14:00:00,3541.0
2019-06-23 15:00:00,3403.0
2019-06-23 16:00:00,3495.0
2019-06-23 17:00:00,3582.0
2019-06-23 18:00:00,3631.0
2019-06-23 19:00:00,3860.0
2019-06-23 20:00:00,3904.0
2019-06-23 21:00:00,3706.0
2019-06-23 22:00:00,3450.0
2019-06-23 23:00:00,3172.0
2019-06-24 00:00:00,3018.0
2019-06-24 01:00:00,2888.0
2019-06-24 02:00:00,2886.0
2019-06-24 03:00:00,2973.0
2019-06-24 04:00:00,3138.0
2019-06-24 05:00:00,2996.0
2019-06-24 06:00:00,2938.0
2019-06-24 07:00:00,2958.0
2019-06-24 08:00:00,3054.0
2019-06-24 09:00:00,3073.0
2019-06-24 10:00:00,3079.0
2019-06-24 11:00:00,3247.0
2019-06-24 12:00:00,3407.0
2019-06-24 13:00:00,3417.0
2019-06-24 14:00:00,3695.0
2019-06-24 15:00:00,3639.0
2019-06-24 16:00:00,3587.0
2019-06-24 17:00:00,3432.0
2019-06-24 18:00:00,3233.0
2019-06-24 19:00:00,3073.0
2019-06-24 20:00:00,3084.0
2019-06-24 21:00:00,2950.0
2019-06-24 22:00:00,2924.0
2019-06-24 23:00:00,2771.0
2019-06-25 00:00:00,2809.0
2019-06-25 01:00:00,2756.0
2019-06-25 02:00:00,2752.0
2019-06-25 03:00:00,2712.0
2019-06-25 04:00:00,2794.0
2019-06-25 05:00:00,2717.0
2019-06-25 06:00:00,2674.0
2019-06-25 07:00:00,2716.0
2019-06-25 08:00:00,2784.0
2019-06-25 09:00:00,2759.0
2019-06-25 10:00:00,2822.0
2019-06-25 11:00:00,2816.0
2019-06-25 12:00:00,2802.0
2019-06-25 13:00:00,2819.0
2019-06-25 14:00:00,2787.0
2019-06-25 15:00:00,2870.0
2019-06-25 16:00:00,2890.0
2019-06-25 17:00:00,2905.0
2019-06-25 18:00:00,2965.0
2019-06-25 19:00:00,2952.0
2019-06-25 20:00:00,3012.0
2019-06-25 21:00:00,2975.0
2019-06-25 22:00:00,2917.0
2019-06-25 23:00:00,2753.0
2019-06-26 00:00:00,2786.0
2019-06-26 01:00:00,2786.0
2019-06-26 02:00:00,2735.0
2019-06-26 03:00:00,2703.0
2019-06-26 04:00:00,2830.0
2019-06-26 05:00:00,2736.0
2019-06-26 06:00:00,2709.0
2019-06-26 07:00:00,2730.0
2019-06-26 08:00:00,2805.0
2019-06-26 09:00:00,2859.0
2019-06-26 10:00:00,3193.0
2019-06-26 11:00:00,3387.0
2019-06-26 12:00:00,3494.0
2019-06-26 13:00:00,3436.0
2019-06-26 14:00:00,3525.0
2019-06-26 15:00:00,3388.0
2019-06-26 16:00:00,3400.0
2019-06-26 17:00:00,3561.0
2019-06-26 18:00:00,3671.0
2019-06-26 19:00:00,3684.0
2019-06-26 20:00:00,3755.0
2019-06-26 21:00:00,3609.0
2019-06-26 22:00:00,3413.0
2019-06-26 23:00:00,3115.0
2019-06-27 00:00:00,3054.0
2019-06-27 01:00:00,2980.0
2019-06-27 02:00:00,2920.0
2019-06-27 03:00:00,2852.0
2019-06-27 04:00:00,2956.0
2019-06-27 05:00:00,2940.0
2019-06-27 06:00:00,2678.0
2019-06-27 07:00:00,2804.0
2019-06-27 08:00:00,2706.0
2019-06-27 09:00:00,2770.0
2019-06-27 10:00:00,2849.0
2019-06-27 11:00:00,2875.0
2019-06-27 12:00:00,2880.0
2019-06-27 13:00:00,3038.0
2019-06-27 14:00:00,3039.0
2019-06-27 15:00:00,3001.0
2019-06-27 16:00:00,3097.0
2019-06-27 17:00:00,3197.0
2019-06-27 18:00:00,3336.0
2019-06-27 19:00:00,3113.0
2019-06-27 20:00:00,3248.0
2019-06-27 21:00:00,3062.0
2019-06-27 22:00:00,2970.0
2019-06-27 23:00:00,2804.0
2019-06-28 00:00:00,2877.0
2019-06-28 01:00:00,3004.0
2019-06-28 02:00:00,2846.0
2019-06-28 03:00:00,2821.0
2019-06-28 04:00:00,2871.0
2019-06-28 05:00:00,2690.0
2019-06-28 06:00:00,2744.0
2019-06-28 07:00:00,2690.0
2019-06-28 08:00:00,2687.0
2019-06-28 09:00:00,2671.0
2019-06-28 10:00:00,2663.0
2019-06-28 11:00:00,2779.0
2019-06-28 12:00:00,2762.0
2019-06-28 13:00:00,2763.0
2019-06-28 14:00:00,2800.0
2019-06-28 15:00:00,2783.0
2019-06-28 16:00:00,2784.0
2019-06-28 17:00:00,2810.0
2019-06-28 18:00:00,2816.0
2019-06-28 19:00:00,2763.0
2019-06-28 20:00:00,2821.0
2019-06-28 21:00:00,2771.0
2019-06-28 22:00:00,2758.0
2019-06-28 23:00:00,2715.0
2019-06-29 00:00:00,2708.0
2019-06-29 01:00:00,2665.0
2019-06-29 02:00:00,2680.0
2019-06-29 03:00:00,2682.0
2019-06-29 04:00:00,2713.0
2019-06-29 05:00:00,2696.0
2019-06-29 06:00:00,2634.0
2019-06-29 07:00:00,2656.0
2019-06-29 08:00:00,2752.0
2019-06-29 09:00:00,2869.0
2019-06-29 10:00:00,3113.0
2019-06-29 11:00:00,3392.0
2019-06-29 12:00:00,3515.0
2019-06-29 13:00:00,3462.0
2019-06-29 14:00:00,3487.0
2019-06-29 15:00:00,3174.0
2019-06-29 16:00:00,3397.0
2019-06-29 17:00:00,3377.0
2019-06-29 18:00:00,3503.0
2019-06-29 19:00:00,3512.0
2019-06-29 20:00:00,3374.0
2019-06-29 21:00:00,3150.0
2019-06-29 22:00:00,3126.0
2019-06-29 23:00:00,2959.0
2019-06-30 00:00:00,2935.0
2019-06-30 01:00:00,2774.0
2019-06-30 02:00:00,2716.0
2019-06-30 03:00:00,2852.0
2019-06-30 04:00:00,2964.0
2019-06-30 05:00:00,2839.0
2019-06-30 06:00:00,2792.0
2019-06-30 07:00:00,2744.0
2019-06-30 08:00:00,2765.0
2019-06-30 09:00:00,2924.0
2019-06-30 10:00:00,3065.0
2019-06-30 11:00:00,3340.0
2019-06-30 12:00:00,3390.0
2019-06-30 13:00:00,3288.0
2019-06-30 14:00:00,3360.0
2019-06-30 15:00:00,3252.0
2019-06-30 16:00:00,3284.0
2019-06-30 17:00:00,3090.0
2019-06-30 18:00:00,3420.0
2019-06-30 19:00:00,3432.0
2019-06-30 20:00:00,3388.0
2019-06-30 21:00:00,3197.0
2019-06-30 22:00:00,3130.0
2019-06-30 23:00:00,2999.0
2019-07-01 00:00:00,2930.0
2019-07-01 01:00:00,2840.0
2019-07-01 02:00:00,2858.0
2019-07-01 03:00:00,2870.0
2019-07-01 04:00:00,2980.0
2019-07-01 05:00:00,2844.0
2019-07-01 06:00:00,2775.0
2019-07-01 07:00:00,2836.0
2019-07-01 08:00:00,2889.0
2019-07-01 09:00:00,2910.0
2019-07-01 10:00:00,2942.0
2019-07-01 11:00:00,3287.0
2019-07-01 12:00:00,3428.0
2019-07-01 13:00:00,3299.0
2019-07-01 14:00:00,3282.0
2019-07-01 15:00:00,3141.0
2019-07-01 16:00:00,3061.0
2019-07-01 17:00:00,3012.0
2019-07-01 18:00:00,2840.0
2019-07-01 19:00:00,2792.0
2019-07-01 20:00:00,2880.0
2019-07-01 21:00:00,2773.0
2019-07-01 22:00:00,2755.0
2019-07-01 23:00:00,2650.0
2019-07-02 00:00:00,2719.0
2019-07-02 01:00:00,2640.0
