window_idx,history_start,history_end,history_length,n_series,trend_strength,trend_linearity,seasonal_strength,seasonal_correlation,residual_autocorr_lag1,spectral_entropy
0,6016,8064,2048,1,0.9963319216155275,-0.05736931937592706,0.1102383047423331,0.09631803998747238,0.8947933915528297,9159.923961362845
1,5296,7344,2048,1,0.9731243827354414,-0.04005019849522661,0.0,0.05105215902532858,0.3889906978411812,10825.61790717515
2,4576,6624,2048,1,0.8679381048454295,0.03254039976603123,0.04587576072605781,0.06675317004987465,0.11231910488030282,11711.81480941183
3,3856,5904,2048,1,0.7081182150939727,0.018153420277415296,0.09700005314412619,0.05694911572808434,0.05068655317625143,12214.116580490412
4,3136,5184,2048,1,0.05199530977056921,0.00042398722031465017,0.2551170620553521,0.05995408110209778,-0.016531970576197128,12321.356738136637
5,2416,4464,2048,1,0.08152276143958959,0.0015320138592108655,0.21207741766128485,0.06448818671745492,-0.033226944389479145,12303.770300067312
6,1696,3744,2048,1,0.09778284554980465,0.00021027691052987225,0.2179802045933864,0.049567652592915616,-0.02172360240647098,12318.953916489572
7,976,3024,2048,1,0.1147839525236708,-0.0008598202325707558,0.23248004832599434,0.05472942408616535,-0.021170465001477318,12245.340005104012
