window_idx,history_start,history_end,history_length,n_series,trend_strength,trend_linearity,seasonal_strength,seasonal_correlation,residual_autocorr_lag1,spectral_entropy
0,6016,8064,2048,1,0.9793576233511502,-0.0552197554949844,0.15784950466501135,0.1727788934894384,0.7876407210797536,9201.696840099525
1,5296,7344,2048,1,0.9822153147080017,-0.04340450174654709,0.0,0.10208589688634387,0.4332537854909574,10561.511139648977
2,4576,6624,2048,1,0.904458544587728,0.03208103893893782,0.08607598333835254,0.06516984197375406,0.08218557571694043,11395.426670970697
3,3856,5904,2048,1,0.7644699192812079,0.015746811152287078,0.08605193154395063,0.059518203667783466,0.06117792646850177,12020.430569955435
4,3136,5184,2048,1,0.19442810085497142,0.0010761111651582456,0.14795946369919488,0.04756600044911206,0.00857390592586403,12149.880664230956
5,2416,4464,2048,1,0.17362528024886392,0.003297763255595085,0.08733479764024732,0.06645187117975541,-0.005691408746908939,12074.276704818698
6,1696,3744,2048,1,0.18399309441577838,-0.0025665949915933154,0.1090544289267843,0.03396625820942093,0.002871363453782394,12128.644779969798
7,976,3024,2048,1,0.22128625030632643,0.001267955649018629,0.12134710241339419,0.034737833277360984,-0.019339012425955204,12042.930325584086
