window_idx,history_start,history_end,history_length,n_series,trend_strength,trend_linearity,seasonal_strength,seasonal_correlation,residual_autocorr_lag1,spectral_entropy
0,6016,8064,2048,1,0.9993096083256497,-0.05677942099899462,0.06765348001581262,0.18684404147324046,0.9321330630456067,9070.079439090838
1,5296,7344,2048,1,0.9914972607964356,-0.040600427427860054,0.09605859557869068,0.10918626357930872,-0.011653811958504779,10230.998599098488
2,4576,6624,2048,1,0.8992170840226839,0.03149539128645901,0.03430333008921116,0.06476394233677238,0.08092134449405582,11354.038521090577
3,3856,5904,2048,1,0.7507831193544952,0.015712304833774917,0.06686394920367955,0.06728760055380906,0.041554601048870286,11969.599433017478
4,3136,5184,2048,1,0.17331842017892596,0.0021398721462694186,0.1495476511473075,0.05640058488836569,0.007818347454822471,12160.93238475571
5,2416,4464,2048,1,0.14619303195347244,0.002428775277591382,0.07807643430606159,0.07775745844146002,-0.0025655314861548545,12077.338494504816
6,1696,3744,2048,1,0.1653302804823351,-0.0027678510186151624,0.10977732319357159,0.048860399345167976,0.008083327262153613,12113.426566782193
7,976,3024,2048,1,0.15813618341011015,-0.0013837000007846842,0.13773781769997007,0.040633572309164465,-0.009488470054969054,12063.532581240835
