window_idx,history_start,history_end,history_length,n_series,trend_strength,trend_linearity,seasonal_strength,seasonal_correlation,residual_autocorr_lag1,spectral_entropy
0,5430,7478,2048,1,0.9695697704717328,0.0004585497280921374,0.4296836488200021,0.6798707297229029,0.9519320406237686,212.0901014822748
1,4710,6758,2048,1,0.9377440470224377,0.0003124246131988551,0.310044357620363,0.5325767426441577,0.9637257544614719,-243.53490812342636
2,3990,6038,2048,1,0.9813945144896958,0.0008056037820332628,0.36074858551482014,0.4887015415919731,0.9391239307427769,791.7721206051056
3,3270,5318,2048,1,0.9961228145631355,0.0011150579867427225,0.43557076947407714,0.29080506442721266,0.9304798815184501,1621.1403365557896
4,2550,4598,2048,1,0.9969451737503375,0.0015593332493664856,0.2557373207709487,0.2887654293875133,0.9297635663044767,1754.5409715693363
5,1830,3878,2048,1,0.9945582600356789,0.0010816099683736687,0.1709801451889763,0.1897762153777886,0.9443400047216199,1743.179642986803
6,1110,3158,2048,1,0.9937896829907626,0.0008142466741472133,0.2323036033111482,0.2784247216654126,0.9450345432956598,1077.0799859647823
