window_idx,history_start,history_end,history_length,n_series,trend_strength,trend_linearity,seasonal_strength,seasonal_correlation,residual_autocorr_lag1,spectral_entropy
0,6016,8064,2048,1,0.9716637552401401,-0.0487204796160674,0.000645411319773137,0.11956168058450012,0.8105542916209232,10136.224970254112
1,5296,7344,2048,1,0.9590878948054613,-0.03479185460932486,0.11053128195755357,0.04077139509062268,0.6158093389708655,11079.050225496887
2,4576,6624,2048,1,0.8534519101961637,0.027259281404588113,0.08093156847065464,0.03956565840506127,0.19718312647714334,11835.570452697451
3,3856,5904,2048,1,0.7060509666286925,0.01846162193223962,0.09528937424304851,0.06190846471596994,0.0521138713630671,12209.319853353487
4,3136,5184,2048,1,0.05318520898111223,0.0004257934028688798,0.25495604311350784,0.05972662619569621,-0.016705558444824253,12325.475063879298
5,2416,4464,2048,1,0.03864398288669213,0.0006820562863357345,0.20292024866797032,0.06629044513278895,-0.03482225327363666,12282.550166066503
6,1696,3744,2048,1,0.028265424044988885,-0.00024882405574715947,0.1981186191100135,0.05299013777388976,-0.02892583830447064,12287.125513143013
7,976,3024,2048,1,0.021895063491940703,-2.140103847863808e-05,0.20562235619224123,0.049086973256867714,-0.02629827857319462,12195.242565237928
