window_idx,history_start,history_end,history_length,n_series,trend_strength,trend_linearity,seasonal_strength,seasonal_correlation,residual_autocorr_lag1,spectral_entropy
0,13991,16039,2048,1,0.43579900109904735,-0.00258716734359279,0.6495653992837946,0.7954083619672287,0.8126540144550222,9378.896291264302
1,13271,15319,2048,1,0.38240667957011665,-0.003226147673392372,0.484118301009991,0.7779735858373072,0.7205651720059559,9279.060989340209
2,12551,14599,2048,1,0.650745078450454,0.0077342276679650155,0.5588428292295422,0.743278888521445,0.842766916985417,9543.929216781384
3,11831,13879,2048,1,0.7150720250195894,0.011086923095506969,0.6051644606057444,0.7505118861612041,0.7969890037099652,9880.708074352591
4,11111,13159,2048,1,0.5673955680429301,-0.0028921252185566586,0.5935082440427732,0.7926434991316967,0.7627086776269424,10005.630773693356
5,10391,12439,2048,1,0.6725356033368133,-0.0068674285997303115,0.5816590400709114,0.7123927319727091,0.686138698002573,9834.313121186628
6,9671,11719,2048,1,0.5301977143781227,-0.0035326555551040352,0.6266695320891436,0.7442494948695478,0.6707824944900436,9452.3732366719
7,8951,10999,2048,1,0.6909537871495235,0.0019207432506530714,0.6962609398784064,0.7332444759250129,0.7099161440801688,9210.972668955637
8,8231,10279,2048,1,0.640256060322336,0.0007329363616464678,0.7789276028595362,0.8717882352760327,0.717931552457167,9173.283328651345
9,7511,9559,2048,1,0.6412883252678813,-0.0009928087537694735,0.5822278465643027,0.6853524109557751,0.8106540369724757,9116.263438118349
10,6791,8839,2048,1,0.5042641211987411,0.00019635330641053304,0.4926399149178161,0.6083767976553599,0.7883236136672588,9510.655232528814
11,6071,8119,2048,1,0.3886875788022792,0.0008476271119464332,0.5633994204841826,0.5343008367856427,0.7865305627714907,9341.613312076799
12,5351,7399,2048,1,0.4022852206099067,-0.00048245681164161235,0.5268386519222183,0.7123581046401022,0.7948284292818524,9411.614514237473
13,4631,6679,2048,1,0.518420298032896,0.005369670064817316,0.5547960917921037,0.7335811705868899,0.7486711538394268,9667.684855474006
