window_idx,history_start,history_end,history_length,n_series,trend_strength,trend_linearity,seasonal_strength,seasonal_correlation,residual_autocorr_lag1,spectral_entropy
0,14652,16700,2048,1,0.9061236236682331,0.0023344263514935406,0.3078145176382143,0.45854364557603144,0.771022329039616,6298.340574325604
1,13932,15980,2048,1,0.9106600914829788,0.003025414720761903,0.2888530152975014,0.35079591699990503,0.7814206802497196,6081.903307335939
2,13212,15260,2048,1,0.9303628424040653,0.0033579482073572784,0.26701183498776093,0.2383834681850112,0.764331195123475,6115.161629468413
3,12492,14540,2048,1,0.8587974933516311,-0.0004945742562884863,0.2644765175251983,0.2470177058595643,0.7751940315033397,5940.182130443463
4,11772,13820,2048,1,0.9144222807723089,-0.0030816341553326345,0.33463357591227405,0.4025477986097369,0.7747265566821506,6137.010000249134
5,11052,13100,2048,1,0.9129346253052584,-0.00346750092672475,0.4051939329321682,0.7779784479835108,0.7822608082177321,6077.634713220308
6,10332,12380,2048,1,0.9011396246263603,-0.00436803760215534,0.3055804194805638,0.599176935122244,0.7839789489768357,6523.703134774631
7,9612,11660,2048,1,0.8690727497301829,-0.004671311841796348,0.22427974189640332,0.6605609955244929,0.8119412371554932,6851.764785020696
8,8892,10940,2048,1,0.8906144041888497,-0.005382378638735004,0.25812358274843394,0.5813785484030928,0.7918666726908903,6986.289592431491
9,8172,10220,2048,1,0.8126801774453742,-0.0012147090804509474,0.2937348951388068,0.583098196754078,0.7713113560698736,7046.759845892257
10,7452,9500,2048,1,0.7559232755522423,0.002615293714908145,0.3062662784317992,0.6087797746193858,0.7698107811028071,7092.368917152295
11,6732,8780,2048,1,0.7575745340399349,0.0021877602176043156,0.32006961286392477,0.7009070992052281,0.7826426163169895,7190.967081502287
12,6012,8060,2048,1,0.8859512133850281,0.005825768044354319,0.3211195501887951,0.5590570251547506,0.7982004012221923,7227.383593634244
13,5292,7340,2048,1,0.8903511506827586,0.005138995106760394,0.33688044415143326,0.6008697702116661,0.795706953100959,7115.307363323817
14,4572,6620,2048,1,0.7404159564881978,0.0017042674474374653,0.20779341123710127,0.4667242498768539,0.7976186980015747,6894.98275182774
