window_idx,history_start,history_end,history_length,n_series,trend_strength,trend_linearity,seasonal_strength,seasonal_correlation,residual_autocorr_lag1,spectral_entropy
0,14652,16700,2048,1,0.8620313649293686,0.0077932560787169446,0.5942409106432727,0.8471150252641615,0.9100949661358986,6691.65404765775
1,13932,15980,2048,1,0.8882669345053975,0.010113812183185836,0.5988925699820047,0.8288866535585302,0.909683218699588,6921.866124541308
2,13212,15260,2048,1,0.9111024517751337,0.007355199764625172,0.67948306981453,0.8148258397171023,0.9188941733940424,6528.766751938867
3,12492,14540,2048,1,0.8025177663624568,-0.00028147531812672906,0.5781372955072613,0.7223258411998613,0.9285038245794288,6091.335171654753
4,11772,13820,2048,1,0.8774677989324281,-0.0066146381323341,0.6013512251901705,0.7487927980281237,0.8948335050839955,7112.071127807761
5,11052,13100,2048,1,0.8701895271889849,-0.008370852120929135,0.6101378850775809,0.7970351123640493,0.895234160416155,6110.643709930877
6,10332,12380,2048,1,0.8939231993107535,-0.00858658768110164,0.590857731785507,0.7781796823637561,0.9165217311082421,6284.393565998954
7,9612,11660,2048,1,0.8860554999779151,-0.010138290137511207,0.48609258772122743,0.7358468291944874,0.9185309437700185,7077.097625177764
8,8892,10940,2048,1,0.8742717917975692,-0.007955342285227275,0.5860123149202938,0.8296648943257746,0.9143794728085727,6612.403666605929
9,8172,10220,2048,1,0.811975304375908,0.0028931702493837884,0.5737280574355299,0.7974934368054215,0.8489220201052066,6356.533058192902
10,7452,9500,2048,1,0.8262525669661799,0.0077205463866832575,0.5427638475476946,0.8141520120339287,0.8748006098353168,7244.198653856736
11,6732,8780,2048,1,0.8192417506526641,0.005503959133103033,0.5594583770374708,0.8023460203685634,0.921045572148689,7316.99720622309
12,6012,8060,2048,1,0.8767713856226523,0.009704002246369869,0.5564820956234339,0.7688330025998107,0.9146232731750517,7584.391173171284
13,5292,7340,2048,1,0.8766365048209793,0.01032866963493706,0.5645764911427315,0.7390171387291703,0.9333905173045731,6944.973289344559
14,4572,6620,2048,1,0.7057770624153601,0.004832834704153648,0.4728816214882614,0.6964133445993244,0.9125491277374973,6753.261477761369
