window_idx,history_start,history_end,history_length,n_series,trend_strength,trend_linearity,seasonal_strength,seasonal_correlation,residual_autocorr_lag1,spectral_entropy
0,14652,16700,2048,1,0.879877816350494,0.0024178691772934365,0.13367186119895358,0.2302593698897903,0.8336583474308029,6409.302039768114
1,13932,15980,2048,1,0.8742955704573327,0.003112017126512653,0.0951664275289239,0.1729255023514254,0.8560703971275174,6334.145485985029
2,13212,15260,2048,1,0.8975969923665603,0.00320278447309445,0.12431897216461762,0.20305449288374278,0.808975464120688,6200.427045059914
3,12492,14540,2048,1,0.8420564840483777,-0.0007612367688719598,0.13753303448369958,0.19584126313019998,0.7892569717657826,5937.314484434515
4,11772,13820,2048,1,0.9067426347330309,-0.0030473293604334497,0.2518805043143524,0.32791509518650325,0.7901068969257301,6156.039767758699
5,11052,13100,2048,1,0.8945852159456629,-0.0033629190279198086,0.28870425749642326,0.6209858139852892,0.8249327517217966,5928.179768115218
6,10332,12380,2048,1,0.8865779564542435,-0.0041352464486368425,0.25229320044079406,0.48822433235414137,0.8006370451299883,6397.367049842573
7,9612,11660,2048,1,0.8592239792600362,-0.004490306944890752,0.19274096789084316,0.5430008108439391,0.8151976277233715,6799.910426707437
8,8892,10940,2048,1,0.8952326664586139,-0.005639474590268104,0.24366737777167047,0.4432134880148489,0.7859757146748193,6927.785275700397
9,8172,10220,2048,1,0.8227822105342639,-0.0011822098696735968,0.2652638019146587,0.49383176527241396,0.7938478264348658,6970.492642045849
10,7452,9500,2048,1,0.7774258139760661,0.0022760695570425635,0.34685165168361365,0.5107213404758507,0.7792822427641112,7064.02154406193
11,6732,8780,2048,1,0.777977154760137,0.002148186382099064,0.3400746416053694,0.7278316647408455,0.7821737355335632,7207.428523498302
12,6012,8060,2048,1,0.8969865308909883,0.006559046241530563,0.3128559741163591,0.41958606662725134,0.8035209790161806,7226.024297477129
13,5292,7340,2048,1,0.8994380879980672,0.004441961894694315,0.33439281505897156,0.438290192282053,0.8067715056854191,7159.6191629235755
14,4572,6620,2048,1,0.8036308482445691,0.001577420732198338,0.2508886080211007,0.34714617333907777,0.788910891837985,7010.505403006104
