window_idx,history_start,history_end,history_length,n_series,trend_strength,trend_linearity,seasonal_strength,seasonal_correlation,residual_autocorr_lag1,spectral_entropy
0,14652,16700,2048,1,0.9151381958512224,0.0025854414125016964,0.23458787302660278,0.3744144251740632,0.813036124605007,5855.22016963568
1,13932,15980,2048,1,0.8974090783364147,0.0032139778194042665,0.1526292425244189,0.21227471816497281,0.8205598005666858,5929.056343498758
2,13212,15260,2048,1,0.905640759604105,0.0032915247101126025,0.0912803168719224,0.12284255477037573,0.7998389257458189,5812.097883934348
3,12492,14540,2048,1,0.8410119968905209,-0.0004283826818277843,0.05315500175639054,0.09515457020904693,0.816555887723939,5541.837219571404
4,11772,13820,2048,1,0.914381927092898,-0.0030729754610972944,0.17788588167815,0.23344228953580246,0.8089566031415264,5866.4890182943245
5,11052,13100,2048,1,0.9317026185278995,-0.0034721606827196752,0.29506464605001315,0.5017977765682085,0.8112030291425227,5530.919756566849
6,10332,12380,2048,1,0.9439830603625348,-0.004456020760872227,0.33988926370854733,0.33700876728046064,0.7791301662277331,6037.210901847373
7,9612,11660,2048,1,0.9135712838144865,-0.004332799474983525,0.2739103125321233,0.43819567261326836,0.7951395692405321,6545.806532898108
8,8892,10940,2048,1,0.9240067959650204,-0.005328536039571394,0.32851923634045277,0.5238119786065735,0.7639617367994666,6749.425954363896
9,8172,10220,2048,1,0.8614187997311149,-0.0012094629839853185,0.31466469121740825,0.4694401600180034,0.7612144125784412,6827.222807420955
10,7452,9500,2048,1,0.7756324224961523,0.002385988780042837,0.34458699834195095,0.4707930875264573,0.7819156521900003,6966.6172019247715
11,6732,8780,2048,1,0.7726986331084249,0.0015805992889686815,0.32991676155912486,0.5807751872166581,0.8043726663849564,6995.587871573276
12,6012,8060,2048,1,0.9014618379699351,0.006079019354422803,0.31838076739380294,0.4259747705244436,0.8045488819866063,7025.316863837648
13,5292,7340,2048,1,0.899132618389536,0.005543859189934126,0.21989721321595734,0.4123250762651403,0.8177835948877745,6950.5324509769
14,4572,6620,2048,1,0.7558727402768421,0.001541398426638528,0.12665339311488832,0.34234390054987335,0.8440156701927836,6844.457673409164
