{
  "model": "timesfm2p0",
  "dataset": "exchange_rate",
  "method": "BM",
  "ratio": 0.3,
  "term": "long",
  "imputation_method": "backward",
  "n_windows": 11,
  "period": 7,
  "inject_range": {
    "dataset_name": "exchange_rate",
    "term": "long",
    "frequency": "D",
    "prediction_length": 450,
    "windows": 11,
    "max_context": 2048,
    "start_index": 590,
    "end_index": 7138,
    "injection_length": 6548,
    "total_length": 7588
  },
  "summary": {
    "mean": {
      "trend_strength": 0.9924680097866309,
      "trend_linearity": 3.6446648503413563e-05,
      "seasonal_strength": 0.0,
      "seasonal_correlation": 0.014437020826242595,
      "residual_autocorr_lag1": 0.6465959464093928,
      "spectral_entropy": -3403.5939802902385
    },
    "std": {
      "trend_strength": 0.005341143217248078,
      "trend_linearity": 8.941230639631659e-05,
      "seasonal_strength": 0.0,
      "seasonal_correlation": 0.009894047065805123,
      "residual_autocorr_lag1": 0.05362406391563257,
      "spectral_entropy": 499.0590232930778
    },
    "min": {
      "trend_strength": 0.9833512642180685,
      "trend_linearity": -0.00014762480718030565,
      "seasonal_strength": 0.0,
      "seasonal_correlation": 0.00012908357123048416,
      "residual_autocorr_lag1": 0.5591337289895243,
      "spectral_entropy": -4178.904088132137
    },
    "max": {
      "trend_strength": 0.9980096337727675,
      "trend_linearity": 0.00016152948181294313,
      "seasonal_strength": 0.0,
      "seasonal_correlation": 0.032493159089999765,
      "residual_autocorr_lag1": 0.7346717209524128,
      "spectral_entropy": -2528.032866069405
    }
  }
}