window_idx,history_start,history_end,history_length,n_series,trend_strength,trend_linearity,seasonal_strength,seasonal_correlation,residual_autocorr_lag1,spectral_entropy
0,5996,8044,2048,1,0.9246575385578312,0.00037640595916768734,0.06998152569293681,0.43911758404648543,0.9511921351525644,1371.5269158278468
1,5276,7324,2048,1,0.9523114079056018,0.001231765955392889,0.09265528130568224,0.46198353598580677,0.9513559061293345,2319.3299061223406
2,4556,6604,2048,1,0.8866023114579925,0.0006062218192254876,0.04632109548177721,0.41383961340765757,0.9519921425632637,2565.150248513314
3,3836,5884,2048,1,0.8825739616764032,0.00018447358929963754,0.14680855455135355,0.5349471990698136,0.9439116019511974,1007.1466375347649
4,3116,5164,2048,1,0.9083492696989421,-0.0003710599308892681,0.07539092041882489,0.6778333629261082,0.94130337484935,1807.1480185303196
5,2396,4444,2048,1,0.9076090433472441,-0.0008804992070708526,0.07248556057792077,0.6351206800108465,0.9306697985991875,2446.5537382594316
6,1676,3724,2048,1,0.9154059903231707,-0.0007273382274886132,0.1258189688359368,0.6062280170444931,0.9423980464458206,2242.74020333163
7,956,3004,2048,1,0.939276409860585,-0.0007323006837747607,0.0986982946176681,0.5600218057236103,0.9594344769319176,1682.122047004623
