window_idx,history_start,history_end,history_length,n_series,trend_strength,trend_linearity,seasonal_strength,seasonal_correlation,residual_autocorr_lag1,spectral_entropy
0,5996,8044,2048,1,0.9270946053698992,0.00033903252896658637,0.09313049999139533,0.6292934601025356,0.9710909136259916,545.7526078781924
1,5276,7324,2048,1,0.9527981306269574,0.0011949094044055079,0.12323055537453553,0.602899833107665,0.9675001025204213,2194.2695875224417
2,4556,6604,2048,1,0.8923214483280655,0.0006152930507348735,0.09750773833360993,0.5753250173425403,0.954446523144981,2562.7873446200433
3,3836,5884,2048,1,0.9048509340523851,0.0001868573432397348,0.2864506371563905,0.7009311188749597,0.9246775619566303,807.861455473581
4,3116,5164,2048,1,0.9123258618017586,-0.00029852466835575804,0.18852280701736335,0.6991682398856166,0.9496119069929146,1293.3873748321132
5,2396,4444,2048,1,0.9343579932763895,-0.0007162770221882953,0.20210854692931923,0.6754785627630615,0.9367302998066407,1693.5812376568447
6,1676,3724,2048,1,0.9440311361260479,-0.0008637540474052566,0.21052399847038938,0.6987405208380966,0.9631446383554361,929.4851658372049
7,956,3004,2048,1,0.9549460277196143,-0.0009026018022110808,0.1553964851559797,0.7599181287586211,0.9594483977453631,620.626727373842
