{
  "model": "chronos2",
  "window_type": "prediction",
  "total_combinations": 24,
  "clean_combinations": 24,
  "imputed_combinations": 0,
  "overall_summary": {
    "mean": {
      "trend_strength": 0.6629296532446733,
      "trend_linearity": -0.9532370725339844,
      "seasonal_strength": 0.8004075138918797,
      "seasonal_correlation": 0.8529293720219929,
      "residual_autocorr_lag1": 0.7053174190929213,
      "spectral_entropy": 1578.9221667440331
    },
    "std": {
      "trend_strength": 0.2864484576070176,
      "trend_linearity": 8.017931850109964,
      "seasonal_strength": 0.2563380644949576,
      "seasonal_correlation": 0.2299092090102459,
      "residual_autocorr_lag1": 0.2274958502999592,
      "spectral_entropy": 2947.736463978395
    },
    "min": {
      "trend_strength": 0.02853608647750444,
      "trend_linearity": -38.062305093723026,
      "seasonal_strength": 0.09766064438392826,
      "seasonal_correlation": 0.019124685499943964,
      "residual_autocorr_lag1": 0.1627722762706803,
      "spectral_entropy": -2729.427559901058
    },
    "max": {
      "trend_strength": 0.9880075391287146,
      "trend_linearity": 9.275517049665927,
      "seasonal_strength": 0.9988967379268452,
      "seasonal_correlation": 0.9984542559875796,
      "residual_autocorr_lag1": 0.9355215383959509,
      "spectral_entropy": 9149.905257570927
    },
    "count": {
      "trend_strength": 24,
      "trend_linearity": 24,
      "seasonal_strength": 24,
      "seasonal_correlation": 24,
      "residual_autocorr_lag1": 24,
      "spectral_entropy": 24
    }
  },
  "clean_summary": {
    "mean": {
      "trend_strength": 0.6629296532446733,
      "trend_linearity": -0.9532370725339844,
      "seasonal_strength": 0.8004075138918797,
      "seasonal_correlation": 0.8529293720219929,
      "residual_autocorr_lag1": 0.7053174190929213,
      "spectral_entropy": 1578.9221667440331
    },
    "std": {
      "trend_strength": 0.2864484576070176,
      "trend_linearity": 8.017931850109964,
      "seasonal_strength": 0.2563380644949576,
      "seasonal_correlation": 0.2299092090102459,
      "residual_autocorr_lag1": 0.2274958502999592,
      "spectral_entropy": 2947.736463978395
    },
    "min": {
      "trend_strength": 0.02853608647750444,
      "trend_linearity": -38.062305093723026,
      "seasonal_strength": 0.09766064438392826,
      "seasonal_correlation": 0.019124685499943964,
      "residual_autocorr_lag1": 0.1627722762706803,
      "spectral_entropy": -2729.427559901058
    },
    "max": {
      "trend_strength": 0.9880075391287146,
      "trend_linearity": 9.275517049665927,
      "seasonal_strength": 0.9988967379268452,
      "seasonal_correlation": 0.9984542559875796,
      "residual_autocorr_lag1": 0.9355215383959509,
      "spectral_entropy": 9149.905257570927
    },
    "count": {
      "trend_strength": 24,
      "trend_linearity": 24,
      "seasonal_strength": 24,
      "seasonal_correlation": 24,
      "residual_autocorr_lag1": 24,
      "spectral_entropy": 24
    }
  }
}