date,OT
2016-07-01 02:00:00,2162.0
2016-07-01 03:00:00,2835.0
2016-07-01 04:00:00,2764.0
2016-07-01 05:00:00,2735.0
2016-07-01 06:00:00,2721.0
2016-07-01 07:00:00,2742.0
2016-07-01 08:00:00,2716.0
2016-07-01 09:00:00,2716.0
2016-07-01 10:00:00,2680.0
2016-07-01 11:00:00,2581.0
2016-07-01 12:00:00,2600.0
2016-07-01 13:00:00,2637.0
2016-07-01 14:00:00,2665.0
2016-07-01 15:00:00,2737.0
2016-07-01 16:00:00,2812.0
2016-07-01 17:00:00,2807.0
2016-07-01 18:00:00,2823.0
2016-07-01 19:00:00,2854.0
2016-07-01 20:00:00,2946.0
2016-07-01 21:00:00,3003.0
2016-07-01 22:00:00,2964.0
2016-07-01 23:00:00,2921.0
2016-07-02 00:00:00,2887.0
2016-07-02 01:00:00,2820.0
2016-07-02 02:00:00,2785.0
2016-07-02 03:00:00,2818.0
2016-07-02 04:00:00,2820.0
2016-07-02 05:00:00,2834.0
2016-07-02 06:00:00,2852.0
2016-07-02 07:00:00,2798.0
2016-07-02 08:00:00,2746.0
2016-07-02 09:00:00,3003.0
2016-07-02 10:00:00,3061.0
2016-07-02 11:00:00,3350.0
2016-07-02 12:00:00,3469.0
2016-07-02 13:00:00,3505.0
2016-07-02 14:00:00,3586.0
2016-07-02 15:00:00,3506.0
2016-07-02 16:00:00,3421.0
2016-07-02 17:00:00,3380.0
2016-07-02 18:00:00,3410.0
2016-07-02 19:00:00,3486.0
2016-07-02 20:00:00,3472.0
2016-07-02 21:00:00,3308.0
2016-07-02 22:00:00,3203.0
2016-07-02 23:00:00,3301.0
2016-07-03 00:00:00,3537.0
2016-07-03 01:00:00,3703.0
2016-07-03 02:00:00,3502.0
2016-07-03 03:00:00,3376.0
2016-07-03 04:00:00,3177.0
2016-07-03 05:00:00,2996.0
2016-07-03 06:00:00,2928.0
2016-07-03 07:00:00,2941.0
2016-07-03 08:00:00,2965.0
2016-07-03 09:00:00,3041.0
2016-07-03 10:00:00,3073.0
2016-07-03 11:00:00,3311.0
2016-07-03 12:00:00,3450.0
2016-07-03 13:00:00,3431.0
2016-07-03 14:00:00,3470.0
2016-07-03 15:00:00,3498.0
2016-07-03 16:00:00,3460.0
2016-07-03 17:00:00,3481.0
2016-07-03 18:00:00,3483.0
2016-07-03 19:00:00,3575.0
2016-07-03 20:00:00,3560.0
2016-07-03 21:00:00,3595.0
2016-07-03 22:00:00,3404.0
2016-07-03 23:00:00,3403.0
2016-07-04 00:00:00,3572.0
2016-07-04 01:00:00,3681.0
2016-07-04 02:00:00,3495.0
2016-07-04 03:00:00,3419.0
2016-07-04 04:00:00,3242.0
2016-07-04 05:00:00,3049.0
2016-07-04 06:00:00,2925.0
2016-07-04 07:00:00,2907.0
2016-07-04 08:00:00,2823.0
2016-07-04 09:00:00,2905.0
2016-07-04 10:00:00,2952.0
2016-07-04 11:00:00,2989.0
2016-07-04 12:00:00,2821.0
2016-07-04 13:00:00,2884.0
2016-07-04 14:00:00,3111.0
2016-07-04 15:00:00,3486.0
2016-07-04 16:00:00,3379.0
2016-07-04 17:00:00,3317.0
2016-07-04 18:00:00,2959.0
2016-07-04 19:00:00,3073.0
2016-07-04 20:00:00,3633.0
2016-07-04 21:00:00,3612.0
2016-07-04 22:00:00,3332.0
2016-07-04 23:00:00,3436.0
2016-07-05 00:00:00,3417.0
2016-07-05 01:00:00,3514.0
2016-07-05 02:00:00,3369.0
2016-07-05 03:00:00,3223.0
2016-07-05 04:00:00,3049.0
2016-07-05 05:00:00,2960.0
2016-07-05 06:00:00,2908.0
2016-07-05 07:00:00,2883.0
2016-07-05 08:00:00,2872.0
2016-07-05 09:00:00,3067.0
2016-07-05 10:00:00,3103.0
2016-07-05 11:00:00,3397.0
2016-07-05 12:00:00,3485.0
2016-07-05 13:00:00,3473.0
2016-07-05 14:00:00,3468.0
2016-07-05 15:00:00,3476.0
2016-07-05 16:00:00,3390.0
2016-07-05 17:00:00,3037.0
2016-07-05 18:00:00,3476.0
2016-07-05 19:00:00,3751.0
2016-07-05 20:00:00,3619.0
2016-07-05 21:00:00,3549.0
2016-07-05 22:00:00,3348.0
2016-07-05 23:00:00,3471.0
2016-07-06 00:00:00,3638.0
2016-07-06 01:00:00,3876.0
2016-07-06 02:00:00,3724.0
2016-07-06 03:00:00,3566.0
2016-07-06 04:00:00,3383.0
2016-07-06 05:00:00,3178.0
2016-07-06 06:00:00,3080.0
2016-07-06 07:00:00,3043.0
2016-07-06 08:00:00,2982.0
2016-07-06 09:00:00,3127.0
2016-07-06 10:00:00,3044.0
2016-07-06 11:00:00,3198.0
2016-07-06 12:00:00,3337.0
2016-07-06 13:00:00,3396.0
2016-07-06 14:00:00,3488.0
2016-07-06 15:00:00,3396.0
2016-07-06 16:00:00,3340.0
2016-07-06 17:00:00,3444.0
2016-07-06 18:00:00,3436.0
2016-07-06 19:00:00,3555.0
2016-07-06 20:00:00,3505.0
2016-07-06 21:00:00,3450.0
2016-07-06 22:00:00,3297.0
2016-07-06 23:00:00,3401.0
2016-07-07 00:00:00,3670.0
2016-07-07 01:00:00,3876.0
2016-07-07 02:00:00,3549.0
2016-07-07 03:00:00,3398.0
2016-07-07 04:00:00,3223.0
2016-07-07 05:00:00,3111.0
2016-07-07 06:00:00,3003.0
2016-07-07 07:00:00,2935.0
2016-07-07 08:00:00,2840.0
2016-07-07 09:00:00,2920.0
2016-07-07 10:00:00,2999.0
2016-07-07 11:00:00,3000.0
2016-07-07 12:00:00,3019.0
2016-07-07 13:00:00,2999.0
2016-07-07 14:00:00,3116.0
2016-07-07 15:00:00,3097.0
2016-07-07 16:00:00,3069.0
2016-07-07 17:00:00,3073.0
2016-07-07 18:00:00,3038.0
2016-07-07 19:00:00,3044.0
2016-07-07 20:00:00,3107.0
2016-07-07 21:00:00,3237.0
2016-07-07 22:00:00,3114.0
2016-07-07 23:00:00,3232.0
2016-07-08 00:00:00,3413.0
2016-07-08 01:00:00,3482.0
2016-07-08 02:00:00,3260.0
2016-07-08 03:00:00,3098.0
2016-07-08 04:00:00,2954.0
2016-07-08 05:00:00,2925.0
2016-07-08 06:00:00,2855.0
2016-07-08 07:00:00,2819.0
2016-07-08 08:00:00,2818.0
2016-07-08 09:00:00,2815.0
2016-07-08 10:00:00,2769.0
2016-07-08 11:00:00,2714.0
2016-07-08 12:00:00,2709.0
2016-07-08 13:00:00,2761.0
2016-07-08 14:00:00,2763.0
2016-07-08 15:00:00,2834.0
2016-07-08 16:00:00,2890.0
2016-07-08 17:00:00,2863.0
2016-07-08 18:00:00,2800.0
2016-07-08 19:00:00,2825.0
2016-07-08 20:00:00,2859.0
2016-07-08 21:00:00,2923.0
2016-07-08 22:00:00,2821.0
2016-07-08 23:00:00,2801.0
2016-07-09 00:00:00,2771.0
2016-07-09 01:00:00,2743.0
2016-07-09 02:00:00,2752.0
2016-07-09 03:00:00,2681.0
2016-07-09 04:00:00,2705.0
2016-07-09 05:00:00,2680.0
2016-07-09 06:00:00,2608.0
2016-07-09 07:00:00,2700.0
2016-07-09 08:00:00,2702.0
2016-07-09 09:00:00,2784.0
2016-07-09 10:00:00,2820.0
2016-07-09 11:00:00,3286.0
2016-07-09 12:00:00,3350.0
2016-07-09 13:00:00,3366.0
2016-07-09 14:00:00,3500.0
2016-07-09 15:00:00,3380.0
2016-07-09 16:00:00,3311.0
2016-07-09 17:00:00,3310.0
2016-07-09 18:00:00,3375.0
2016-07-09 19:00:00,3468.0
2016-07-09 20:00:00,3419.0
2016-07-09 21:00:00,3326.0
2016-07-09 22:00:00,3222.0
2016-07-09 23:00:00,3337.0
2016-07-10 00:00:00,3626.0
2016-07-10 01:00:00,3706.0
2016-07-10 02:00:00,3325.0
2016-07-10 03:00:00,3258.0
2016-07-10 04:00:00,3116.0
2016-07-10 05:00:00,2894.0
2016-07-10 06:00:00,2818.0
2016-07-10 07:00:00,2838.0
2016-07-10 08:00:00,2783.0
2016-07-10 09:00:00,2876.0
2016-07-10 10:00:00,2862.0
2016-07-10 11:00:00,3248.0
2016-07-10 12:00:00,3351.0
2016-07-10 13:00:00,3401.0
2016-07-10 14:00:00,3581.0
2016-07-10 15:00:00,3500.0
2016-07-10 16:00:00,3390.0
2016-07-10 17:00:00,3297.0
2016-07-10 18:00:00,3314.0
2016-07-10 19:00:00,3458.0
2016-07-10 20:00:00,3468.0
2016-07-10 21:00:00,3373.0
2016-07-10 22:00:00,3225.0
2016-07-10 23:00:00,3494.0
2016-07-11 00:00:00,3618.0
2016-07-11 01:00:00,3824.0
2016-07-11 02:00:00,3610.0
2016-07-11 03:00:00,3463.0
2016-07-11 04:00:00,3293.0
2016-07-11 05:00:00,3095.0
2016-07-11 06:00:00,3001.0
2016-07-11 07:00:00,3000.0
2016-07-11 08:00:00,2943.0
2016-07-11 09:00:00,3001.0
2016-07-11 10:00:00,3000.0
2016-07-11 11:00:00,3231.0
2016-07-11 12:00:00,3355.0
2016-07-11 13:00:00,3317.0
2016-07-11 14:00:00,3507.0
2016-07-11 15:00:00,3511.0
2016-07-11 16:00:00,3267.0
2016-07-11 17:00:00,3349.0
2016-07-11 18:00:00,3514.0
2016-07-11 19:00:00,3631.0
2016-07-11 20:00:00,3486.0
2016-07-11 21:00:00,3567.0
2016-07-11 22:00:00,3404.0
2016-07-11 23:00:00,3617.0
2016-07-12 00:00:00,3533.0
2016-07-12 01:00:00,3720.0
2016-07-12 02:00:00,3496.0
2016-07-12 03:00:00,3359.0
2016-07-12 04:00:00,3202.0
2016-07-12 05:00:00,3080.0
2016-07-12 06:00:00,2964.0
2016-07-12 07:00:00,2962.0
2016-07-12 08:00:00,2893.0
2016-07-12 09:00:00,3008.0
2016-07-12 10:00:00,2956.0
2016-07-12 11:00:00,3314.0
2016-07-12 12:00:00,3456.0
2016-07-12 13:00:00,3474.0
2016-07-12 14:00:00,3532.0
2016-07-12 15:00:00,3460.0
2016-07-12 16:00:00,3399.0
2016-07-12 17:00:00,3501.0
2016-07-12 18:00:00,3474.0
2016-07-12 19:00:00,3591.0
2016-07-12 20:00:00,3557.0
2016-07-12 21:00:00,3512.0
2016-07-12 22:00:00,3377.0
2016-07-12 23:00:00,3490.0
2016-07-13 00:00:00,3637.0
2016-07-13 01:00:00,3787.0
2016-07-13 02:00:00,3597.0
2016-07-13 03:00:00,3596.0
2016-07-13 04:00:00,3307.0
2016-07-13 05:00:00,3130.0
2016-07-13 06:00:00,3049.0
2016-07-13 07:00:00,3062.0
2016-07-13 08:00:00,2996.0
2016-07-13 09:00:00,3072.0
2016-07-13 10:00:00,2982.0
2016-07-13 11:00:00,3292.0
2016-07-13 12:00:00,3609.0
2016-07-13 13:00:00,3712.0
2016-07-13 14:00:00,3637.0
2016-07-13 15:00:00,3621.0
2016-07-13 16:00:00,3583.0
2016-07-13 17:00:00,3484.0
2016-07-13 18:00:00,3539.0
2016-07-13 19:00:00,3610.0
2016-07-13 20:00:00,3534.0
2016-07-13 21:00:00,3513.0
2016-07-13 22:00:00,3386.0
2016-07-13 23:00:00,3572.0
2016-07-14 00:00:00,3678.0
2016-07-14 01:00:00,3829.0
2016-07-14 02:00:00,3558.0
2016-07-14 03:00:00,3500.0
2016-07-14 04:00:00,3273.0
2016-07-14 05:00:00,3131.0
2016-07-14 06:00:00,2994.0
2016-07-14 07:00:00,2970.0
2016-07-14 08:00:00,2875.0
2016-07-14 09:00:00,2946.0
2016-07-14 10:00:00,2918.0
2016-07-14 11:00:00,2941.0
2016-07-14 12:00:00,2928.0
2016-07-14 13:00:00,2869.0
2016-07-14 14:00:00,2913.0
2016-07-14 15:00:00,3002.0
2016-07-14 16:00:00,3021.0
2016-07-14 17:00:00,3142.0
2016-07-14 18:00:00,3157.0
2016-07-14 19:00:00,3090.0
2016-07-14 20:00:00,3166.0
2016-07-14 21:00:00,3332.0
2016-07-14 22:00:00,3157.0
2016-07-14 23:00:00,3310.0
2016-07-15 00:00:00,3318.0
2016-07-15 01:00:00,3437.0
2016-07-15 02:00:00,3321.0
2016-07-15 03:00:00,3225.0
2016-07-15 04:00:00,3183.0
2016-07-15 05:00:00,3101.0
2016-07-15 06:00:00,2928.0
2016-07-15 07:00:00,2892.0
2016-07-15 08:00:00,2874.0
2016-07-15 09:00:00,2848.0
2016-07-15 10:00:00,2918.0
2016-07-15 11:00:00,2780.0
2016-07-15 12:00:00,2855.0
2016-07-15 13:00:00,2823.0
2016-07-15 14:00:00,2860.0
2016-07-15 15:00:00,2886.0
2016-07-15 16:00:00,2837.0
2016-07-15 17:00:00,2829.0
2016-07-15 18:00:00,2878.0
2016-07-15 19:00:00,2871.0
2016-07-15 20:00:00,2826.0
2016-07-15 21:00:00,2895.0
2016-07-15 22:00:00,2874.0
2016-07-15 23:00:00,2881.0
2016-07-16 00:00:00,2851.0
2016-07-16 01:00:00,2873.0
2016-07-16 02:00:00,2882.0
2016-07-16 03:00:00,2881.0
2016-07-16 04:00:00,2791.0
2016-07-16 05:00:00,2782.0
2016-07-16 06:00:00,2770.0
2016-07-16 07:00:00,2851.0
2016-07-16 08:00:00,2794.0
2016-07-16 09:00:00,2881.0
2016-07-16 10:00:00,3002.0
2016-07-16 11:00:00,3355.0
2016-07-16 12:00:00,3570.0
2016-07-16 13:00:00,3558.0
2016-07-16 14:00:00,3626.0
2016-07-16 15:00:00,3512.0
2016-07-16 16:00:00,3415.0
2016-07-16 17:00:00,3389.0
2016-07-16 18:00:00,3399.0
2016-07-16 19:00:00,3411.0
2016-07-16 20:00:00,3484.0
2016-07-16 21:00:00,3433.0
2016-07-16 22:00:00,3315.0
2016-07-16 23:00:00,3481.0
2016-07-17 00:00:00,3657.0
2016-07-17 01:00:00,3752.0
2016-07-17 02:00:00,3516.0
2016-07-17 03:00:00,3477.0
2016-07-17 04:00:00,3213.0
2016-07-17 05:00:00,3052.0
2016-07-17 06:00:00,2991.0
2016-07-17 07:00:00,2940.0
2016-07-17 08:00:00,2852.0
2016-07-17 09:00:00,2954.0
2016-07-17 10:00:00,3052.0
2016-07-17 11:00:00,3363.0
2016-07-17 12:00:00,3609.0
2016-07-17 13:00:00,3554.0
2016-07-17 14:00:00,3633.0
2016-07-17 15:00:00,3550.0
2016-07-17 16:00:00,3549.0
2016-07-17 17:00:00,3602.0
2016-07-17 18:00:00,3507.0
2016-07-17 19:00:00,3554.0
2016-07-17 20:00:00,3499.0
2016-07-17 21:00:00,3461.0
2016-07-17 22:00:00,3379.0
2016-07-17 23:00:00,3557.0
2016-07-18 00:00:00,3566.0
2016-07-18 01:00:00,3646.0
2016-07-18 02:00:00,3576.0
2016-07-18 03:00:00,3475.0
2016-07-18 04:00:00,3249.0
2016-07-18 05:00:00,3120.0
2016-07-18 06:00:00,2974.0
2016-07-18 07:00:00,2941.0
2016-07-18 08:00:00,2915.0
2016-07-18 09:00:00,2967.0
2016-07-18 10:00:00,2937.0
2016-07-18 11:00:00,3408.0
2016-07-18 12:00:00,3585.0
2016-07-18 13:00:00,3557.0
2016-07-18 14:00:00,3576.0
2016-07-18 15:00:00,3544.0
2016-07-18 16:00:00,3388.0
2016-07-18 17:00:00,3468.0
2016-07-18 18:00:00,3426.0
2016-07-18 19:00:00,3588.0
2016-07-18 20:00:00,3523.0
2016-07-18 21:00:00,3557.0
2016-07-18 22:00:00,3431.0
2016-07-18 23:00:00,3558.0
2016-07-19 00:00:00,3505.0
2016-07-19 01:00:00,3488.0
2016-07-19 02:00:00,3339.0
2016-07-19 03:00:00,3304.0
2016-07-19 04:00:00,3153.0
2016-07-19 05:00:00,3050.0
2016-07-19 06:00:00,2933.0
2016-07-19 07:00:00,2931.0
2016-07-19 08:00:00,2854.0
2016-07-19 09:00:00,2997.0
2016-07-19 10:00:00,2921.0
2016-07-19 11:00:00,3261.0
2016-07-19 12:00:00,3414.0
2016-07-19 13:00:00,3400.0
2016-07-19 14:00:00,3549.0
2016-07-19 15:00:00,3406.0
2016-07-19 16:00:00,3456.0
2016-07-19 17:00:00,3575.0
2016-07-19 18:00:00,3442.0
2016-07-19 19:00:00,3607.0
2016-07-19 20:00:00,3543.0
2016-07-19 21:00:00,3401.0
2016-07-19 22:00:00,3297.0
2016-07-19 23:00:00,3527.0
2016-07-20 00:00:00,3646.0
2016-07-20 01:00:00,3724.0
2016-07-20 02:00:00,3553.0
2016-07-20 03:00:00,3546.0
2016-07-20 04:00:00,3309.0
2016-07-20 05:00:00,3121.0
2016-07-20 06:00:00,3116.0
2016-07-20 07:00:00,2958.0
2016-07-20 08:00:00,2915.0
2016-07-20 09:00:00,3065.0
2016-07-20 10:00:00,3065.0
2016-07-20 11:00:00,3413.0
2016-07-20 12:00:00,3506.0
2016-07-20 13:00:00,3551.0
2016-07-20 14:00:00,3592.0
2016-07-20 15:00:00,3612.0
2016-07-20 16:00:00,3351.0
2016-07-20 17:00:00,3418.0
2016-07-20 18:00:00,3477.0
2016-07-20 19:00:00,3605.0
2016-07-20 20:00:00,3395.0
2016-07-20 21:00:00,3433.0
2016-07-20 22:00:00,3430.0
2016-07-20 23:00:00,3636.0
2016-07-21 00:00:00,3800.0
2016-07-21 01:00:00,3781.0
2016-07-21 02:00:00,3518.0
2016-07-21 03:00:00,3585.0
2016-07-21 04:00:00,3328.0
2016-07-21 05:00:00,3254.0
2016-07-21 06:00:00,3144.0
2016-07-21 07:00:00,3080.0
2016-07-21 08:00:00,2976.0
2016-07-21 09:00:00,3093.0
2016-07-21 10:00:00,3071.0
2016-07-21 11:00:00,3055.0
2016-07-21 12:00:00,3048.0
2016-07-21 13:00:00,3039.0
2016-07-21 14:00:00,3106.0
2016-07-21 15:00:00,3178.0
2016-07-21 16:00:00,3122.0
2016-07-21 17:00:00,3314.0
2016-07-21 18:00:00,3333.0
2016-07-21 19:00:00,3257.0
2016-07-21 20:00:00,3261.0
2016-07-21 21:00:00,3337.0
2016-07-21 22:00:00,3226.0
2016-07-21 23:00:00,3346.0
2016-07-22 00:00:00,3405.0
2016-07-22 01:00:00,3541.0
2016-07-22 02:00:00,3342.0
2016-07-22 03:00:00,3166.0
2016-07-22 04:00:00,3110.0
2016-07-22 05:00:00,2990.0
2016-07-22 06:00:00,2945.0
2016-07-22 07:00:00,2853.0
2016-07-22 08:00:00,2801.0
2016-07-22 09:00:00,2877.0
2016-07-22 10:00:00,2905.0
2016-07-22 11:00:00,2866.0
2016-07-22 12:00:00,2827.0
2016-07-22 13:00:00,2828.0
2016-07-22 14:00:00,2886.0
2016-07-22 15:00:00,2975.0
2016-07-22 16:00:00,2992.0
2016-07-22 17:00:00,3020.0
2016-07-22 18:00:00,2960.0
2016-07-22 19:00:00,2982.0
2016-07-22 20:00:00,3017.0
2016-07-22 21:00:00,3120.0
2016-07-22 22:00:00,2989.0
2016-07-22 23:00:00,2974.0
2016-07-23 00:00:00,2907.0
2016-07-23 01:00:00,2835.0
2016-07-23 02:00:00,2858.0
2016-07-23 03:00:00,2919.0
2016-07-23 04:00:00,2934.0
2016-07-23 05:00:00,2882.0
2016-07-23 06:00:00,2812.0
2016-07-23 07:00:00,2773.0
2016-07-23 08:00:00,2835.0
2016-07-23 09:00:00,3061.0
2016-07-23 10:00:00,3053.0
2016-07-23 11:00:00,3435.0
2016-07-23 12:00:00,3628.0
2016-07-23 13:00:00,3570.0
2016-07-23 14:00:00,3632.0
2016-07-23 15:00:00,3554.0
2016-07-23 16:00:00,3422.0
2016-07-23 17:00:00,3535.0
2016-07-23 18:00:00,3645.0
2016-07-23 19:00:00,3669.0
2016-07-23 20:00:00,3573.0
2016-07-23 21:00:00,3544.0
2016-07-23 22:00:00,3447.0
2016-07-23 23:00:00,3662.0
2016-07-24 00:00:00,3817.0
2016-07-24 01:00:00,3821.0
2016-07-24 02:00:00,3562.0
2016-07-24 03:00:00,3441.0
2016-07-24 04:00:00,3173.0
2016-07-24 05:00:00,3140.0
2016-07-24 06:00:00,3122.0
2016-07-24 07:00:00,3051.0
2016-07-24 08:00:00,3030.0
2016-07-24 09:00:00,3127.0
2016-07-24 10:00:00,3144.0
2016-07-24 11:00:00,3642.0
2016-07-24 12:00:00,3744.0
2016-07-24 13:00:00,3557.0
2016-07-24 14:00:00,3737.0
2016-07-24 15:00:00,3764.0
2016-07-24 16:00:00,3642.0
2016-07-24 17:00:00,3599.0
2016-07-24 18:00:00,3570.0
2016-07-24 19:00:00,3730.0
2016-07-24 20:00:00,3618.0
2016-07-24 21:00:00,3549.0
2016-07-24 22:00:00,3402.0
2016-07-24 23:00:00,3635.0
2016-07-25 00:00:00,3754.0
2016-07-25 01:00:00,3877.0
2016-07-25 02:00:00,3628.0
2016-07-25 03:00:00,3587.0
2016-07-25 04:00:00,3333.0
2016-07-25 05:00:00,3238.0
2016-07-25 06:00:00,3090.0
2016-07-25 07:00:00,3022.0
2016-07-25 08:00:00,3026.0
2016-07-25 09:00:00,3095.0
2016-07-25 10:00:00,3131.0
2016-07-25 11:00:00,3572.0
2016-07-25 12:00:00,3516.0
2016-07-25 13:00:00,3500.0
2016-07-25 14:00:00,3613.0
2016-07-25 15:00:00,3678.0
2016-07-25 16:00:00,3504.0
2016-07-25 17:00:00,3429.0
2016-07-25 18:00:00,3420.0
2016-07-25 19:00:00,3609.0
2016-07-25 20:00:00,3675.0
2016-07-25 21:00:00,3636.0
2016-07-25 22:00:00,3501.0
2016-07-25 23:00:00,3704.0
2016-07-26 00:00:00,3665.0
2016-07-26 01:00:00,3655.0
2016-07-26 02:00:00,3510.0
2016-07-26 03:00:00,3409.0
2016-07-26 04:00:00,3210.0
2016-07-26 05:00:00,3128.0
2016-07-26 06:00:00,3015.0
2016-07-26 07:00:00,2845.0
2016-07-26 08:00:00,2926.0
2016-07-26 09:00:00,3018.0
2016-07-26 10:00:00,2996.0
2016-07-26 11:00:00,3407.0
2016-07-26 12:00:00,3582.0
2016-07-26 13:00:00,3541.0
2016-07-26 14:00:00,3681.0
2016-07-26 15:00:00,3670.0
2016-07-26 16:00:00,3524.0
2016-07-26 17:00:00,3604.0
2016-07-26 18:00:00,3699.0
2016-07-26 19:00:00,3724.0
2016-07-26 20:00:00,3751.0
2016-07-26 21:00:00,3751.0
2016-07-26 22:00:00,3579.0
2016-07-26 23:00:00,3799.0
2016-07-27 00:00:00,3733.0
2016-07-27 01:00:00,3786.0
2016-07-27 02:00:00,3658.0
2016-07-27 03:00:00,3611.0
2016-07-27 04:00:00,3382.0
2016-07-27 05:00:00,3241.0
2016-07-27 06:00:00,3169.0
2016-07-27 07:00:00,3033.0
2016-07-27 08:00:00,3043.0
2016-07-27 09:00:00,3105.0
2016-07-27 10:00:00,3127.0
2016-07-27 11:00:00,3534.0
2016-07-27 12:00:00,3683.0
2016-07-27 13:00:00,3687.0
2016-07-27 14:00:00,3746.0
2016-07-27 15:00:00,3639.0
2016-07-27 16:00:00,3626.0
2016-07-27 17:00:00,3586.0
2016-07-27 18:00:00,3595.0
2016-07-27 19:00:00,3633.0
2016-07-27 20:00:00,3540.0
2016-07-27 21:00:00,3522.0
2016-07-27 22:00:00,3378.0
2016-07-27 23:00:00,3573.0
2016-07-28 00:00:00,3548.0
2016-07-28 01:00:00,3802.0
2016-07-28 02:00:00,3709.0
2016-07-28 03:00:00,3528.0
2016-07-28 04:00:00,3317.0
2016-07-28 05:00:00,3268.0
2016-07-28 06:00:00,3135.0
2016-07-28 07:00:00,3077.0
2016-07-28 08:00:00,3068.0
2016-07-28 09:00:00,2971.0
2016-07-28 10:00:00,3059.0
2016-07-28 11:00:00,3057.0
2016-07-28 12:00:00,3110.0
2016-07-28 13:00:00,3079.0
2016-07-28 14:00:00,3197.0
2016-07-28 15:00:00,3061.0
2016-07-28 16:00:00,3084.0
2016-07-28 17:00:00,3158.0
2016-07-28 18:00:00,3220.0
2016-07-28 19:00:00,3081.0
2016-07-28 20:00:00,3153.0
2016-07-28 21:00:00,3297.0
2016-07-28 22:00:00,3214.0
2016-07-28 23:00:00,3357.0
2016-07-29 00:00:00,3304.0
2016-07-29 01:00:00,3379.0
2016-07-29 02:00:00,3258.0
2016-07-29 03:00:00,3120.0
2016-07-29 04:00:00,2980.0
2016-07-29 05:00:00,2988.0
2016-07-29 06:00:00,2889.0
2016-07-29 07:00:00,2825.0
2016-07-29 08:00:00,2814.0
2016-07-29 09:00:00,2861.0
2016-07-29 10:00:00,2817.0
2016-07-29 11:00:00,2818.0
2016-07-29 12:00:00,2757.0
2016-07-29 13:00:00,2843.0
2016-07-29 14:00:00,2890.0
2016-07-29 15:00:00,2923.0
2016-07-29 16:00:00,2913.0
2016-07-29 17:00:00,2915.0
2016-07-29 18:00:00,2913.0
2016-07-29 19:00:00,2967.0
2016-07-29 20:00:00,2954.0
2016-07-29 21:00:00,3041.0
2016-07-29 22:00:00,2838.0
2016-07-29 23:00:00,2848.0
2016-07-30 00:00:00,2781.0
2016-07-30 01:00:00,2760.0
2016-07-30 02:00:00,2837.0
2016-07-30 03:00:00,2921.0
2016-07-30 04:00:00,2848.0
2016-07-30 05:00:00,2845.0
2016-07-30 06:00:00,2808.0
2016-07-30 07:00:00,2789.0
2016-07-30 08:00:00,2825.0
2016-07-30 09:00:00,2958.0
2016-07-30 10:00:00,2986.0
2016-07-30 11:00:00,3435.0
2016-07-30 12:00:00,3484.0
2016-07-30 13:00:00,3415.0
2016-07-30 14:00:00,3624.0
2016-07-30 15:00:00,3542.0
2016-07-30 16:00:00,3255.0
2016-07-30 17:00:00,3421.0
2016-07-30 18:00:00,3413.0
2016-07-30 19:00:00,3407.0
2016-07-30 20:00:00,3349.0
2016-07-30 21:00:00,3296.0
2016-07-30 22:00:00,3197.0
2016-07-30 23:00:00,3333.0
2016-07-31 00:00:00,3462.0
2016-07-31 01:00:00,3572.0
2016-07-31 02:00:00,3350.0
2016-07-31 03:00:00,3323.0
2016-07-31 04:00:00,3179.0
2016-07-31 05:00:00,3033.0
2016-07-31 06:00:00,2855.0
2016-07-31 07:00:00,2909.0
2016-07-31 08:00:00,2899.0
2016-07-31 09:00:00,2951.0
2016-07-31 10:00:00,3053.0
2016-07-31 11:00:00,3340.0
2016-07-31 12:00:00,3560.0
2016-07-31 13:00:00,3376.0
2016-07-31 14:00:00,3591.0
2016-07-31 15:00:00,3512.0
2016-07-31 16:00:00,3456.0
2016-07-31 17:00:00,3342.0
2016-07-31 18:00:00,3334.0
2016-07-31 19:00:00,3529.0
2016-07-31 20:00:00,3399.0
2016-07-31 21:00:00,3362.0
2016-07-31 22:00:00,3277.0
2016-07-31 23:00:00,3375.0
2016-08-01 00:00:00,3548.0
2016-08-01 01:00:00,3678.0
2016-08-01 02:00:00,3475.0
2016-08-01 03:00:00,3371.0
2016-08-01 04:00:00,3172.0
2016-08-01 05:00:00,3017.0
2016-08-01 06:00:00,2928.0
2016-08-01 07:00:00,2901.0
2016-08-01 08:00:00,2901.0
2016-08-01 09:00:00,2883.0
2016-08-01 10:00:00,2969.0
2016-08-01 11:00:00,3495.0
2016-08-01 12:00:00,3528.0
2016-08-01 13:00:00,3517.0
2016-08-01 14:00:00,3664.0
2016-08-01 15:00:00,3655.0
2016-08-01 16:00:00,3458.0
2016-08-01 17:00:00,3400.0
2016-08-01 18:00:00,3355.0
2016-08-01 19:00:00,3737.0
2016-08-01 20:00:00,3595.0
2016-08-01 21:00:00,3518.0
2016-08-01 22:00:00,3396.0
2016-08-01 23:00:00,3654.0
2016-08-02 00:00:00,3533.0
2016-08-02 01:00:00,3618.0
2016-08-02 02:00:00,3431.0
2016-08-02 03:00:00,3339.0
2016-08-02 04:00:00,3264.0
2016-08-02 05:00:00,3178.0
2016-08-02 06:00:00,3016.0
2016-08-02 07:00:00,3007.0
2016-08-02 08:00:00,2967.0
2016-08-02 09:00:00,2994.0
2016-08-02 10:00:00,3080.0
2016-08-02 11:00:00,3425.0
2016-08-02 12:00:00,3520.0
2016-08-02 13:00:00,3624.0
2016-08-02 14:00:00,3467.0
2016-08-02 15:00:00,3397.0
2016-08-02 16:00:00,3437.0
2016-08-02 17:00:00,3441.0
2016-08-02 18:00:00,3484.0
2016-08-02 19:00:00,3498.0
2016-08-02 20:00:00,3495.0
2016-08-02 21:00:00,3411.0
2016-08-02 22:00:00,3257.0
2016-08-02 23:00:00,3341.0
2016-08-03 00:00:00,3537.0
2016-08-03 01:00:00,3800.0
2016-08-03 02:00:00,3517.0
2016-08-03 03:00:00,3447.0
2016-08-03 04:00:00,3228.0
2016-08-03 05:00:00,3135.0
2016-08-03 06:00:00,3032.0
2016-08-03 07:00:00,2953.0
2016-08-03 08:00:00,2976.0
2016-08-03 09:00:00,2981.0
2016-08-03 10:00:00,3075.0
2016-08-03 11:00:00,3435.0
2016-08-03 12:00:00,3525.0
2016-08-03 13:00:00,3433.0
2016-08-03 14:00:00,3549.0
2016-08-03 15:00:00,3512.0
2016-08-03 16:00:00,3455.0
2016-08-03 17:00:00,3519.0
2016-08-03 18:00:00,3521.0
2016-08-03 19:00:00,3568.0
2016-08-03 20:00:00,3388.0
2016-08-03 21:00:00,3351.0
2016-08-03 22:00:00,3289.0
2016-08-03 23:00:00,3371.0
2016-08-04 00:00:00,3518.0
2016-08-04 01:00:00,3712.0
2016-08-04 02:00:00,3544.0
2016-08-04 03:00:00,3377.0
2016-08-04 04:00:00,3226.0
2016-08-04 05:00:00,3106.0
2016-08-04 06:00:00,2949.0
2016-08-04 07:00:00,2938.0
2016-08-04 08:00:00,2941.0
2016-08-04 09:00:00,2984.0
2016-08-04 10:00:00,2986.0
2016-08-04 11:00:00,3021.0
2016-08-04 12:00:00,3011.0
2016-08-04 13:00:00,2973.0
2016-08-04 14:00:00,2999.0
2016-08-04 15:00:00,2954.0
2016-08-04 16:00:00,3028.0
2016-08-04 17:00:00,3079.0
2016-08-04 18:00:00,2922.0
2016-08-04 19:00:00,2928.0
2016-08-04 20:00:00,2969.0
2016-08-04 21:00:00,3143.0
2016-08-04 22:00:00,3090.0
2016-08-04 23:00:00,3194.0
2016-08-05 00:00:00,3218.0
2016-08-05 01:00:00,3344.0
2016-08-05 02:00:00,3251.0
2016-08-05 03:00:00,3145.0
2016-08-05 04:00:00,3084.0
2016-08-05 05:00:00,2975.0
2016-08-05 06:00:00,2843.0
2016-08-05 07:00:00,2849.0
2016-08-05 08:00:00,2858.0
2016-08-05 09:00:00,2855.0
2016-08-05 10:00:00,2884.0
2016-08-05 11:00:00,2858.0
2016-08-05 12:00:00,2706.0
2016-08-05 13:00:00,2747.0
2016-08-05 14:00:00,2806.0
2016-08-05 15:00:00,2855.0
2016-08-05 16:00:00,2910.0
2016-08-05 17:00:00,2860.0
2016-08-05 18:00:00,2846.0
2016-08-05 19:00:00,2882.0
2016-08-05 20:00:00,2932.0
2016-08-05 21:00:00,3050.0
2016-08-05 22:00:00,2960.0
2016-08-05 23:00:00,2965.0
2016-08-06 00:00:00,2883.0
2016-08-06 01:00:00,2976.0
2016-08-06 02:00:00,2957.0
2016-08-06 03:00:00,2975.0
2016-08-06 04:00:00,2936.0
2016-08-06 05:00:00,2935.0
2016-08-06 06:00:00,2819.0
2016-08-06 07:00:00,2898.0
2016-08-06 08:00:00,2916.0
2016-08-06 09:00:00,3123.0
2016-08-06 10:00:00,3214.0
2016-08-06 11:00:00,3654.0
2016-08-06 12:00:00,3684.0
2016-08-06 13:00:00,3576.0
2016-08-06 14:00:00,3674.0
2016-08-06 15:00:00,3621.0
2016-08-06 16:00:00,3596.0
2016-08-06 17:00:00,3572.0
2016-08-06 18:00:00,3608.0
2016-08-06 19:00:00,3717.0
2016-08-06 20:00:00,3675.0
2016-08-06 21:00:00,3522.0
2016-08-06 22:00:00,3537.0
2016-08-06 23:00:00,3643.0
2016-08-07 00:00:00,3672.0
2016-08-07 01:00:00,3785.0
2016-08-07 02:00:00,3713.0
2016-08-07 03:00:00,3667.0
2016-08-07 04:00:00,3492.0
2016-08-07 05:00:00,3330.0
2016-08-07 06:00:00,3210.0
2016-08-07 07:00:00,3071.0
2016-08-07 08:00:00,2918.0
2016-08-07 09:00:00,2935.0
2016-08-07 10:00:00,3082.0
2016-08-07 11:00:00,3325.0
2016-08-07 12:00:00,3390.0
2016-08-07 13:00:00,3493.0
2016-08-07 14:00:00,3584.0
2016-08-07 15:00:00,3498.0
2016-08-07 16:00:00,3473.0
2016-08-07 17:00:00,3401.0
2016-08-07 18:00:00,3347.0
2016-08-07 19:00:00,3524.0
2016-08-07 20:00:00,3491.0
2016-08-07 21:00:00,3468.0
2016-08-07 22:00:00,3396.0
2016-08-07 23:00:00,3566.0
2016-08-08 00:00:00,3685.0
2016-08-08 01:00:00,3865.0
2016-08-08 02:00:00,3670.0
2016-08-08 03:00:00,3557.0
2016-08-08 04:00:00,3291.0
2016-08-08 05:00:00,3164.0
2016-08-08 06:00:00,2982.0
2016-08-08 07:00:00,3000.0
2016-08-08 08:00:00,2937.0
2016-08-08 09:00:00,2905.0
2016-08-08 10:00:00,2911.0
2016-08-08 11:00:00,3363.0
2016-08-08 12:00:00,3449.0
2016-08-08 13:00:00,3484.0
2016-08-08 14:00:00,3582.0
2016-08-08 15:00:00,3577.0
2016-08-08 16:00:00,3537.0
2016-08-08 17:00:00,3516.0
2016-08-08 18:00:00,3535.0
2016-08-08 19:00:00,3438.0
2016-08-08 20:00:00,3324.0
2016-08-08 21:00:00,3405.0
2016-08-08 22:00:00,3204.0
2016-08-08 23:00:00,3335.0
2016-08-09 00:00:00,3378.0
2016-08-09 01:00:00,3543.0
2016-08-09 02:00:00,3285.0
2016-08-09 03:00:00,3266.0
2016-08-09 04:00:00,3096.0
2016-08-09 05:00:00,2906.0
2016-08-09 06:00:00,2780.0
2016-08-09 07:00:00,2847.0
2016-08-09 08:00:00,2780.0
2016-08-09 09:00:00,2863.0
2016-08-09 10:00:00,3010.0
2016-08-09 11:00:00,3429.0
2016-08-09 12:00:00,3573.0
2016-08-09 13:00:00,3556.0
2016-08-09 14:00:00,3574.0
2016-08-09 15:00:00,3491.0
2016-08-09 16:00:00,3415.0
2016-08-09 17:00:00,3426.0
2016-08-09 18:00:00,3477.0
2016-08-09 19:00:00,3590.0
2016-08-09 20:00:00,3461.0
2016-08-09 21:00:00,3429.0
2016-08-09 22:00:00,3314.0
2016-08-09 23:00:00,3466.0
2016-08-10 00:00:00,3444.0
2016-08-10 01:00:00,3658.0
2016-08-10 02:00:00,3328.0
2016-08-10 03:00:00,3156.0
2016-08-10 04:00:00,3082.0
2016-08-10 05:00:00,2986.0
2016-08-10 06:00:00,2882.0
2016-08-10 07:00:00,2911.0
2016-08-10 08:00:00,2861.0
2016-08-10 09:00:00,2928.0
2016-08-10 10:00:00,2996.0
2016-08-10 11:00:00,3505.0
2016-08-10 12:00:00,3595.0
2016-08-10 13:00:00,3580.0
2016-08-10 14:00:00,3675.0
2016-08-10 15:00:00,3617.0
2016-08-10 16:00:00,3558.0
2016-08-10 17:00:00,3661.0
2016-08-10 18:00:00,3534.0
2016-08-10 19:00:00,3484.0
2016-08-10 20:00:00,3423.0
2016-08-10 21:00:00,3403.0
2016-08-10 22:00:00,3263.0
2016-08-10 23:00:00,3439.0
2016-08-11 00:00:00,3609.0
2016-08-11 01:00:00,3826.0
2016-08-11 02:00:00,3572.0
2016-08-11 03:00:00,3448.0
2016-08-11 04:00:00,3254.0
2016-08-11 05:00:00,3116.0
2016-08-11 06:00:00,2975.0
2016-08-11 07:00:00,2946.0
2016-08-11 08:00:00,2882.0
2016-08-11 09:00:00,2910.0
2016-08-11 10:00:00,2949.0
2016-08-11 11:00:00,2959.0
2016-08-11 12:00:00,2947.0
2016-08-11 13:00:00,2927.0
2016-08-11 14:00:00,3071.0
2016-08-11 15:00:00,2843.0
2016-08-11 16:00:00,2857.0
2016-08-11 17:00:00,3059.0
2016-08-11 18:00:00,3020.0
2016-08-11 19:00:00,3037.0
2016-08-11 20:00:00,3013.0
2016-08-11 21:00:00,3133.0
2016-08-11 22:00:00,3036.0
2016-08-11 23:00:00,3178.0
2016-08-12 00:00:00,3151.0
2016-08-12 01:00:00,3214.0
2016-08-12 02:00:00,3130.0
2016-08-12 03:00:00,2961.0
2016-08-12 04:00:00,2890.0
2016-08-12 05:00:00,2797.0
2016-08-12 06:00:00,2770.0
2016-08-12 07:00:00,2776.0
2016-08-12 08:00:00,2787.0
2016-08-12 09:00:00,2780.0
2016-08-12 10:00:00,2705.0
2016-08-12 11:00:00,2694.0
2016-08-12 12:00:00,2707.0
2016-08-12 13:00:00,2794.0
2016-08-12 14:00:00,2832.0
2016-08-12 15:00:00,2883.0
2016-08-12 16:00:00,2891.0
2016-08-12 17:00:00,2875.0
2016-08-12 18:00:00,2745.0
2016-08-12 19:00:00,2818.0
2016-08-12 20:00:00,2819.0
2016-08-12 21:00:00,2830.0
2016-08-12 22:00:00,2746.0
2016-08-12 23:00:00,2681.0
2016-08-13 00:00:00,2684.0
2016-08-13 01:00:00,2780.0
2016-08-13 02:00:00,2769.0
2016-08-13 03:00:00,2814.0
2016-08-13 04:00:00,2741.0
2016-08-13 05:00:00,2731.0
2016-08-13 06:00:00,2680.0
2016-08-13 07:00:00,2699.0
2016-08-13 08:00:00,2694.0
2016-08-13 09:00:00,2863.0
2016-08-13 10:00:00,2829.0
2016-08-13 11:00:00,3274.0
2016-08-13 12:00:00,3562.0
2016-08-13 13:00:00,3471.0
2016-08-13 14:00:00,3856.0
2016-08-13 15:00:00,3587.0
2016-08-13 16:00:00,3577.0
2016-08-13 17:00:00,3596.0
2016-08-13 18:00:00,3528.0
2016-08-13 19:00:00,3541.0
2016-08-13 20:00:00,3463.0
2016-08-13 21:00:00,3446.0
2016-08-13 22:00:00,3343.0
2016-08-13 23:00:00,3455.0
2016-08-14 00:00:00,3627.0
2016-08-14 01:00:00,3778.0
2016-08-14 02:00:00,3532.0
2016-08-14 03:00:00,3400.0
2016-08-14 04:00:00,3287.0
2016-08-14 05:00:00,3146.0
2016-08-14 06:00:00,3084.0
2016-08-14 07:00:00,3082.0
2016-08-14 08:00:00,3032.0
2016-08-14 09:00:00,3150.0
2016-08-14 10:00:00,3122.0
2016-08-14 11:00:00,3441.0
2016-08-14 12:00:00,3605.0
2016-08-14 13:00:00,3514.0
2016-08-14 14:00:00,3698.0
2016-08-14 15:00:00,3422.0
2016-08-14 16:00:00,3505.0
2016-08-14 17:00:00,3459.0
2016-08-14 18:00:00,3405.0
2016-08-14 19:00:00,3598.0
2016-08-14 20:00:00,3547.0
2016-08-14 21:00:00,3358.0
2016-08-14 22:00:00,3303.0
2016-08-14 23:00:00,3500.0
2016-08-15 00:00:00,3667.0
2016-08-15 01:00:00,3797.0
2016-08-15 02:00:00,3612.0
2016-08-15 03:00:00,3575.0
2016-08-15 04:00:00,3348.0
2016-08-15 05:00:00,3320.0
2016-08-15 06:00:00,3127.0
2016-08-15 07:00:00,3138.0
2016-08-15 08:00:00,3099.0
2016-08-15 09:00:00,3111.0
2016-08-15 10:00:00,3154.0
2016-08-15 11:00:00,3487.0
2016-08-15 12:00:00,3670.0
2016-08-15 13:00:00,3598.0
2016-08-15 14:00:00,3725.0
2016-08-15 15:00:00,3457.0
2016-08-15 16:00:00,3613.0
2016-08-15 17:00:00,3603.0
2016-08-15 18:00:00,3655.0
2016-08-15 19:00:00,3598.0
2016-08-15 20:00:00,3456.0
2016-08-15 21:00:00,3470.0
2016-08-15 22:00:00,3212.0
2016-08-15 23:00:00,3412.0
2016-08-16 00:00:00,3446.0
2016-08-16 01:00:00,3516.0
2016-08-16 02:00:00,3350.0
2016-08-16 03:00:00,3254.0
2016-08-16 04:00:00,3179.0
2016-08-16 05:00:00,3059.0
2016-08-16 06:00:00,2964.0
2016-08-16 07:00:00,2991.0
2016-08-16 08:00:00,2983.0
2016-08-16 09:00:00,3062.0
2016-08-16 10:00:00,3079.0
2016-08-16 11:00:00,3431.0
2016-08-16 12:00:00,3509.0
2016-08-16 13:00:00,3472.0
2016-08-16 14:00:00,3693.0
2016-08-16 15:00:00,3557.0
2016-08-16 16:00:00,3537.0
2016-08-16 17:00:00,3618.0
2016-08-16 18:00:00,3597.0
2016-08-16 19:00:00,3592.0
2016-08-16 20:00:00,3591.0
2016-08-16 21:00:00,3490.0
2016-08-16 22:00:00,3377.0
2016-08-16 23:00:00,3574.0
2016-08-17 00:00:00,3690.0
2016-08-17 01:00:00,3858.0
2016-08-17 02:00:00,3529.0
2016-08-17 03:00:00,3461.0
2016-08-17 04:00:00,3258.0
2016-08-17 05:00:00,3177.0
2016-08-17 06:00:00,3036.0
2016-08-17 07:00:00,3095.0
2016-08-17 08:00:00,2961.0
2016-08-17 09:00:00,3094.0
2016-08-17 10:00:00,3028.0
2016-08-17 11:00:00,3432.0
2016-08-17 12:00:00,3528.0
2016-08-17 13:00:00,3588.0
2016-08-17 14:00:00,3811.0
2016-08-17 15:00:00,3417.0
2016-08-17 16:00:00,3550.0
2016-08-17 17:00:00,3549.0
2016-08-17 18:00:00,3615.0
2016-08-17 19:00:00,3558.0
2016-08-17 20:00:00,3526.0
2016-08-17 21:00:00,3421.0
2016-08-17 22:00:00,3337.0
2016-08-17 23:00:00,3469.0
2016-08-18 00:00:00,3561.0
2016-08-18 01:00:00,3685.0
2016-08-18 02:00:00,3493.0
2016-08-18 03:00:00,3369.0
2016-08-18 04:00:00,3246.0
2016-08-18 05:00:00,3132.0
2016-08-18 06:00:00,3004.0
2016-08-18 07:00:00,2970.0
2016-08-18 08:00:00,2943.0
2016-08-18 09:00:00,2961.0
2016-08-18 10:00:00,2888.0
2016-08-18 11:00:00,3006.0
2016-08-18 12:00:00,2843.0
2016-08-18 13:00:00,2931.0
2016-08-18 14:00:00,3139.0
2016-08-18 15:00:00,3098.0
2016-08-18 16:00:00,3126.0
2016-08-18 17:00:00,3154.0
2016-08-18 18:00:00,3077.0
2016-08-18 19:00:00,3033.0
2016-08-18 20:00:00,3159.0
2016-08-18 21:00:00,3214.0
2016-08-18 22:00:00,3049.0
2016-08-18 23:00:00,3308.0
2016-08-19 00:00:00,3270.0
2016-08-19 01:00:00,3379.0
2016-08-19 02:00:00,3245.0
2016-08-19 03:00:00,3205.0
2016-08-19 04:00:00,3082.0
2016-08-19 05:00:00,3021.0
2016-08-19 06:00:00,2890.0
2016-08-19 07:00:00,2874.0
2016-08-19 08:00:00,2894.0
2016-08-19 09:00:00,2898.0
2016-08-19 10:00:00,2754.0
2016-08-19 11:00:00,2769.0
2016-08-19 12:00:00,2726.0
2016-08-19 13:00:00,2714.0
2016-08-19 14:00:00,2840.0
2016-08-19 15:00:00,2884.0
2016-08-19 16:00:00,2890.0
2016-08-19 17:00:00,2916.0
2016-08-19 18:00:00,2961.0
2016-08-19 19:00:00,2933.0
2016-08-19 20:00:00,2979.0
2016-08-19 21:00:00,3028.0
2016-08-19 22:00:00,2898.0
2016-08-19 23:00:00,2921.0
2016-08-20 00:00:00,2876.0
2016-08-20 01:00:00,2856.0
2016-08-20 02:00:00,2906.0
2016-08-20 03:00:00,2955.0
2016-08-20 04:00:00,2910.0
2016-08-20 05:00:00,2883.0
2016-08-20 06:00:00,2872.0
2016-08-20 07:00:00,2831.0
2016-08-20 08:00:00,2891.0
2016-08-20 09:00:00,3014.0
2016-08-20 10:00:00,3021.0
2016-08-20 11:00:00,3467.0
2016-08-20 12:00:00,3614.0
2016-08-20 13:00:00,3486.0
2016-08-20 14:00:00,3567.0
2016-08-20 15:00:00,3561.0
2016-08-20 16:00:00,3525.0
2016-08-20 17:00:00,3671.0
2016-08-20 18:00:00,3468.0
2016-08-20 19:00:00,3414.0
2016-08-20 20:00:00,3447.0
2016-08-20 21:00:00,3368.0
2016-08-20 22:00:00,3264.0
2016-08-20 23:00:00,3408.0
2016-08-21 00:00:00,3513.0
2016-08-21 01:00:00,3643.0
2016-08-21 02:00:00,3420.0
2016-08-21 03:00:00,3394.0
2016-08-21 04:00:00,3220.0
2016-08-21 05:00:00,3192.0
2016-08-21 06:00:00,2945.0
2016-08-21 07:00:00,2961.0
2016-08-21 08:00:00,2936.0
2016-08-21 09:00:00,2971.0
2016-08-21 10:00:00,3026.0
2016-08-21 11:00:00,3188.0
2016-08-21 12:00:00,3181.0
2016-08-21 13:00:00,3217.0
2016-08-21 14:00:00,3331.0
2016-08-21 15:00:00,3321.0
2016-08-21 16:00:00,3384.0
2016-08-21 17:00:00,3527.0
2016-08-21 18:00:00,3261.0
2016-08-21 19:00:00,3307.0
2016-08-21 20:00:00,3241.0
2016-08-21 21:00:00,3279.0
2016-08-21 22:00:00,3147.0
2016-08-21 23:00:00,3308.0
2016-08-22 00:00:00,3382.0
2016-08-22 01:00:00,3613.0
2016-08-22 02:00:00,3444.0
2016-08-22 03:00:00,3327.0
2016-08-22 04:00:00,3189.0
2016-08-22 05:00:00,3079.0
2016-08-22 06:00:00,2958.0
2016-08-22 07:00:00,2935.0
2016-08-22 08:00:00,2974.0
2016-08-22 09:00:00,2972.0
2016-08-22 10:00:00,3060.0
2016-08-22 11:00:00,3521.0
2016-08-22 12:00:00,3688.0
2016-08-22 13:00:00,3664.0
2016-08-22 14:00:00,3782.0
2016-08-22 15:00:00,3666.0
2016-08-22 16:00:00,3700.0
2016-08-22 17:00:00,3784.0
2016-08-22 18:00:00,3733.0
2016-08-22 19:00:00,3742.0
2016-08-22 20:00:00,3623.0
2016-08-22 21:00:00,3538.0
2016-08-22 22:00:00,3369.0
2016-08-22 23:00:00,3516.0
2016-08-23 00:00:00,3426.0
2016-08-23 01:00:00,3524.0
2016-08-23 02:00:00,3365.0
2016-08-23 03:00:00,3285.0
2016-08-23 04:00:00,3154.0
2016-08-23 05:00:00,3142.0
2016-08-23 06:00:00,2997.0
2016-08-23 07:00:00,2960.0
2016-08-23 08:00:00,2977.0
2016-08-23 09:00:00,2924.0
2016-08-23 10:00:00,3140.0
2016-08-23 11:00:00,3587.0
2016-08-23 12:00:00,3615.0
2016-08-23 13:00:00,3602.0
2016-08-23 14:00:00,3879.0
2016-08-23 15:00:00,3628.0
2016-08-23 16:00:00,3677.0
2016-08-23 17:00:00,3665.0
2016-08-23 18:00:00,3700.0
2016-08-23 19:00:00,3557.0
2016-08-23 20:00:00,3602.0
2016-08-23 21:00:00,3558.0
2016-08-23 22:00:00,3372.0
2016-08-23 23:00:00,3542.0
2016-08-24 00:00:00,3633.0
2016-08-24 01:00:00,3711.0
2016-08-24 02:00:00,3563.0
2016-08-24 03:00:00,3428.0
2016-08-24 04:00:00,3257.0
2016-08-24 05:00:00,3108.0
2016-08-24 06:00:00,2996.0
2016-08-24 07:00:00,3006.0
2016-08-24 08:00:00,2928.0
2016-08-24 09:00:00,2944.0
2016-08-24 10:00:00,3049.0
2016-08-24 11:00:00,3415.0
2016-08-24 12:00:00,3520.0
2016-08-24 13:00:00,3523.0
2016-08-24 14:00:00,3816.0
2016-08-24 15:00:00,3654.0
2016-08-24 16:00:00,3623.0
2016-08-24 17:00:00,3628.0
2016-08-24 18:00:00,3777.0
2016-08-24 19:00:00,3695.0
2016-08-24 20:00:00,3578.0
2016-08-24 21:00:00,3599.0
2016-08-24 22:00:00,3378.0
2016-08-24 23:00:00,3522.0
2016-08-25 00:00:00,3648.0
2016-08-25 01:00:00,3735.0
2016-08-25 02:00:00,3575.0
2016-08-25 03:00:00,3320.0
2016-08-25 04:00:00,3310.0
2016-08-25 05:00:00,3145.0
2016-08-25 06:00:00,3043.0
2016-08-25 07:00:00,3018.0
2016-08-25 08:00:00,2923.0
2016-08-25 09:00:00,2985.0
2016-08-25 10:00:00,2977.0
2016-08-25 11:00:00,3019.0
2016-08-25 12:00:00,2992.0
2016-08-25 13:00:00,2983.0
2016-08-25 14:00:00,3139.0
2016-08-25 15:00:00,3171.0
2016-08-25 16:00:00,3213.0
2016-08-25 17:00:00,3372.0
2016-08-25 18:00:00,3270.0
2016-08-25 19:00:00,3185.0
2016-08-25 20:00:00,3137.0
2016-08-25 21:00:00,3232.0
2016-08-25 22:00:00,3196.0
2016-08-25 23:00:00,3299.0
2016-08-26 00:00:00,3192.0
2016-08-26 01:00:00,3358.0
2016-08-26 02:00:00,3224.0
2016-08-26 03:00:00,3177.0
2016-08-26 04:00:00,2979.0
2016-08-26 05:00:00,2885.0
2016-08-26 06:00:00,2785.0
2016-08-26 07:00:00,2850.0
2016-08-26 08:00:00,2864.0
2016-08-26 09:00:00,2856.0
2016-08-26 10:00:00,2851.0
2016-08-26 11:00:00,2840.0
2016-08-26 12:00:00,2803.0
2016-08-26 13:00:00,2884.0
2016-08-26 14:00:00,2954.0
2016-08-26 15:00:00,3066.0
2016-08-26 16:00:00,3148.0
2016-08-26 17:00:00,3069.0
2016-08-26 18:00:00,2986.0
2016-08-26 19:00:00,2911.0
2016-08-26 20:00:00,2933.0
2016-08-26 21:00:00,2910.0
2016-08-26 22:00:00,2899.0
2016-08-26 23:00:00,2862.0
2016-08-27 00:00:00,2810.0
2016-08-27 01:00:00,2866.0
2016-08-27 02:00:00,2885.0
2016-08-27 03:00:00,2894.0
2016-08-27 04:00:00,2838.0
2016-08-27 05:00:00,2868.0
2016-08-27 06:00:00,2795.0
2016-08-27 07:00:00,2808.0
2016-08-27 08:00:00,2924.0
2016-08-27 09:00:00,3013.0
2016-08-27 10:00:00,2993.0
2016-08-27 11:00:00,3340.0
2016-08-27 12:00:00,3368.0
2016-08-27 13:00:00,3575.0
2016-08-27 14:00:00,3706.0
2016-08-27 15:00:00,3602.0
2016-08-27 16:00:00,3519.0
2016-08-27 17:00:00,3518.0
2016-08-27 18:00:00,3581.0
2016-08-27 19:00:00,3740.0
2016-08-27 20:00:00,3679.0
2016-08-27 21:00:00,3561.0
2016-08-27 22:00:00,3347.0
2016-08-27 23:00:00,3620.0
2016-08-28 00:00:00,3604.0
2016-08-28 01:00:00,3817.0
2016-08-28 02:00:00,3550.0
2016-08-28 03:00:00,3466.0
2016-08-28 04:00:00,3351.0
2016-08-28 05:00:00,3204.0
2016-08-28 06:00:00,3093.0
2016-08-28 07:00:00,3021.0
2016-08-28 08:00:00,2985.0
2016-08-28 09:00:00,3022.0
2016-08-28 10:00:00,3156.0
2016-08-28 11:00:00,3601.0
2016-08-28 12:00:00,3697.0
2016-08-28 13:00:00,3678.0
2016-08-28 14:00:00,3794.0
2016-08-28 15:00:00,3774.0
2016-08-28 16:00:00,3690.0
2016-08-28 17:00:00,3708.0
2016-08-28 18:00:00,3555.0
2016-08-28 19:00:00,3595.0
2016-08-28 20:00:00,3492.0
2016-08-28 21:00:00,3580.0
2016-08-28 22:00:00,3332.0
2016-08-28 23:00:00,3600.0
2016-08-29 00:00:00,3590.0
2016-08-29 01:00:00,3776.0
2016-08-29 02:00:00,3573.0
2016-08-29 03:00:00,3456.0
2016-08-29 04:00:00,3206.0
2016-08-29 05:00:00,3094.0
2016-08-29 06:00:00,2978.0
2016-08-29 07:00:00,2961.0
2016-08-29 08:00:00,2939.0
2016-08-29 09:00:00,2903.0
2016-08-29 10:00:00,2979.0
2016-08-29 11:00:00,3365.0
2016-08-29 12:00:00,3524.0
2016-08-29 13:00:00,3633.0
2016-08-29 14:00:00,3823.0
2016-08-29 15:00:00,3578.0
2016-08-29 16:00:00,3678.0
2016-08-29 17:00:00,3555.0
2016-08-29 18:00:00,3710.0
2016-08-29 19:00:00,3672.0
2016-08-29 20:00:00,3618.0
2016-08-29 21:00:00,3572.0
2016-08-29 22:00:00,3400.0
2016-08-29 23:00:00,3521.0
2016-08-30 00:00:00,3443.0
2016-08-30 01:00:00,3579.0
2016-08-30 02:00:00,3372.0
2016-08-30 03:00:00,3375.0
2016-08-30 04:00:00,3313.0
2016-08-30 05:00:00,3149.0
2016-08-30 06:00:00,3033.0
2016-08-30 07:00:00,3072.0
2016-08-30 08:00:00,3047.0
2016-08-30 09:00:00,3003.0
2016-08-30 10:00:00,3100.0
2016-08-30 11:00:00,3516.0
2016-08-30 12:00:00,3584.0
2016-08-30 13:00:00,3552.0
2016-08-30 14:00:00,3669.0
2016-08-30 15:00:00,3566.0
2016-08-30 16:00:00,3675.0
2016-08-30 17:00:00,3643.0
2016-08-30 18:00:00,3580.0
2016-08-30 19:00:00,3694.0
2016-08-30 20:00:00,3491.0
2016-08-30 21:00:00,3524.0
2016-08-30 22:00:00,3360.0
2016-08-30 23:00:00,3610.0
2016-08-31 00:00:00,3668.0
2016-08-31 01:00:00,3750.0
2016-08-31 02:00:00,3693.0
2016-08-31 03:00:00,3596.0
2016-08-31 04:00:00,3356.0
2016-08-31 05:00:00,3290.0
2016-08-31 06:00:00,2993.0
2016-08-31 07:00:00,3046.0
2016-08-31 08:00:00,3028.0
2016-08-31 09:00:00,2981.0
2016-08-31 10:00:00,3097.0
2016-08-31 11:00:00,3505.0
2016-08-31 12:00:00,3606.0
2016-08-31 13:00:00,3631.0
2016-08-31 14:00:00,3725.0
2016-08-31 15:00:00,3647.0
2016-08-31 16:00:00,3608.0
2016-08-31 17:00:00,3546.0
2016-08-31 18:00:00,3642.0
2016-08-31 19:00:00,3759.0
2016-08-31 20:00:00,3635.0
2016-08-31 21:00:00,3507.0
2016-08-31 22:00:00,3453.0
2016-08-31 23:00:00,3628.0
2016-09-01 00:00:00,3686.0
2016-09-01 01:00:00,3715.0
2016-09-01 02:00:00,3715.0
2016-09-01 03:00:00,3559.0
2016-09-01 04:00:00,3266.0
2016-09-01 05:00:00,3072.0
2016-09-01 06:00:00,3014.0
2016-09-01 07:00:00,2986.0
2016-09-01 08:00:00,2923.0
2016-09-01 09:00:00,2950.0
2016-09-01 10:00:00,2921.0
2016-09-01 11:00:00,2983.0
2016-09-01 12:00:00,3027.0
2016-09-01 13:00:00,3015.0
2016-09-01 14:00:00,3076.0
2016-09-01 15:00:00,2902.0
2016-09-01 16:00:00,2913.0
2016-09-01 17:00:00,3088.0
2016-09-01 18:00:00,3091.0
2016-09-01 19:00:00,3214.0
2016-09-01 20:00:00,3177.0
2016-09-01 21:00:00,3348.0
2016-09-01 22:00:00,3261.0
2016-09-01 23:00:00,3251.0
2016-09-02 00:00:00,3330.0
2016-09-02 01:00:00,3499.0
2016-09-02 02:00:00,3324.0
2016-09-02 03:00:00,3331.0
2016-09-02 04:00:00,3132.0
2016-09-02 05:00:00,3149.0
2016-09-02 06:00:00,2915.0
2016-09-02 07:00:00,2971.0
2016-09-02 08:00:00,2832.0
2016-09-02 09:00:00,2935.0
2016-09-02 10:00:00,2852.0
2016-09-02 11:00:00,2880.0
2016-09-02 12:00:00,2892.0
2016-09-02 13:00:00,2922.0
2016-09-02 14:00:00,2918.0
2016-09-02 15:00:00,3023.0
2016-09-02 16:00:00,3019.0
2016-09-02 17:00:00,3018.0
2016-09-02 18:00:00,2925.0
2016-09-02 19:00:00,2890.0
2016-09-02 20:00:00,2842.0
2016-09-02 21:00:00,2999.0
2016-09-02 22:00:00,2988.0
2016-09-02 23:00:00,2947.0
2016-09-03 00:00:00,2911.0
2016-09-03 01:00:00,2906.0
2016-09-03 02:00:00,2881.0
2016-09-03 03:00:00,2893.0
2016-09-03 04:00:00,2943.0
2016-09-03 05:00:00,2865.0
2016-09-03 06:00:00,2833.0
2016-09-03 07:00:00,2859.0
2016-09-03 08:00:00,2804.0
2016-09-03 09:00:00,2953.0
2016-09-03 10:00:00,2979.0
2016-09-03 11:00:00,3517.0
2016-09-03 12:00:00,3693.0
2016-09-03 13:00:00,3595.0
2016-09-03 14:00:00,3815.0
2016-09-03 15:00:00,3767.0
2016-09-03 16:00:00,3622.0
2016-09-03 17:00:00,3722.0
2016-09-03 18:00:00,3780.0
2016-09-03 19:00:00,3608.0
2016-09-03 20:00:00,3370.0
2016-09-03 21:00:00,3510.0
2016-09-03 22:00:00,3375.0
2016-09-03 23:00:00,3267.0
2016-09-04 00:00:00,3534.0
2016-09-04 01:00:00,3605.0
2016-09-04 02:00:00,3385.0
2016-09-04 03:00:00,3413.0
2016-09-04 04:00:00,3185.0
2016-09-04 05:00:00,3115.0
2016-09-04 06:00:00,2995.0
2016-09-04 07:00:00,2930.0
2016-09-04 08:00:00,2880.0
2016-09-04 09:00:00,3070.0
2016-09-04 10:00:00,3159.0
2016-09-04 11:00:00,3613.0
2016-09-04 12:00:00,3729.0
2016-09-04 13:00:00,3768.0
2016-09-04 14:00:00,3904.0
2016-09-04 15:00:00,3825.0
2016-09-04 16:00:00,3752.0
2016-09-04 17:00:00,3723.0
2016-09-04 18:00:00,3720.0
2016-09-04 19:00:00,3621.0
2016-09-04 20:00:00,3476.0
2016-09-04 21:00:00,3621.0
2016-09-04 22:00:00,3369.0
2016-09-04 23:00:00,3704.0
2016-09-05 00:00:00,3787.0
2016-09-05 01:00:00,3909.0
2016-09-05 02:00:00,3684.0
2016-09-05 03:00:00,3572.0
2016-09-05 04:00:00,3429.0
2016-09-05 05:00:00,3242.0
2016-09-05 06:00:00,3137.0
2016-09-05 07:00:00,2995.0
2016-09-05 08:00:00,2950.0
2016-09-05 09:00:00,3088.0
2016-09-05 10:00:00,3190.0
2016-09-05 11:00:00,3688.0
2016-09-05 12:00:00,3733.0
2016-09-05 13:00:00,3620.0
2016-09-05 14:00:00,3844.0
2016-09-05 15:00:00,3590.0
2016-09-05 16:00:00,3723.0
2016-09-05 17:00:00,3790.0
2016-09-05 18:00:00,3932.0
2016-09-05 19:00:00,3844.0
2016-09-05 20:00:00,3676.0
2016-09-05 21:00:00,3565.0
2016-09-05 22:00:00,3475.0
2016-09-05 23:00:00,3579.0
2016-09-06 00:00:00,3509.0
2016-09-06 01:00:00,3596.0
2016-09-06 02:00:00,3473.0
2016-09-06 03:00:00,3498.0
2016-09-06 04:00:00,3174.0
2016-09-06 05:00:00,3115.0
2016-09-06 06:00:00,3019.0
2016-09-06 07:00:00,3044.0
2016-09-06 08:00:00,3021.0
2016-09-06 09:00:00,3147.0
2016-09-06 10:00:00,3154.0
2016-09-06 11:00:00,3504.0
2016-09-06 12:00:00,3703.0
2016-09-06 13:00:00,3684.0
2016-09-06 14:00:00,3976.0
2016-09-06 15:00:00,3935.0
2016-09-06 16:00:00,3700.0
2016-09-06 17:00:00,4052.0
2016-09-06 18:00:00,4033.0
2016-09-06 19:00:00,3919.0
2016-09-06 20:00:00,3689.0
2016-09-06 21:00:00,3691.0
2016-09-06 22:00:00,3592.0
2016-09-06 23:00:00,3817.0
2016-09-07 00:00:00,3749.0
2016-09-07 01:00:00,3930.0
2016-09-07 02:00:00,3959.0
2016-09-07 03:00:00,3659.0
2016-09-07 04:00:00,3340.0
2016-09-07 05:00:00,3233.0
2016-09-07 06:00:00,3172.0
2016-09-07 07:00:00,3033.0
2016-09-07 08:00:00,3072.0
2016-09-07 09:00:00,3086.0
2016-09-07 10:00:00,3146.0
2016-09-07 11:00:00,3565.0
2016-09-07 12:00:00,3709.0
2016-09-07 13:00:00,3766.0
2016-09-07 14:00:00,4047.0
2016-09-07 15:00:00,3762.0
2016-09-07 16:00:00,3835.0
2016-09-07 17:00:00,3975.0
2016-09-07 18:00:00,3904.0
2016-09-07 19:00:00,4056.0
2016-09-07 20:00:00,3930.0
2016-09-07 21:00:00,3872.0
2016-09-07 22:00:00,3653.0
2016-09-07 23:00:00,3798.0
2016-09-08 00:00:00,3631.0
2016-09-08 01:00:00,3706.0
2016-09-08 02:00:00,3661.0
2016-09-08 03:00:00,3561.0
2016-09-08 04:00:00,3339.0
2016-09-08 05:00:00,3209.0
2016-09-08 06:00:00,3024.0
2016-09-08 07:00:00,2986.0
2016-09-08 08:00:00,3068.0
2016-09-08 09:00:00,3020.0
2016-09-08 10:00:00,3031.0
2016-09-08 11:00:00,3061.0
2016-09-08 12:00:00,3176.0
2016-09-08 13:00:00,3116.0
2016-09-08 14:00:00,3354.0
2016-09-08 15:00:00,3363.0
2016-09-08 16:00:00,3348.0
2016-09-08 17:00:00,3553.0
2016-09-08 18:00:00,3442.0
2016-09-08 19:00:00,3463.0
2016-09-08 20:00:00,3305.0
2016-09-08 21:00:00,3391.0
2016-09-08 22:00:00,3379.0
2016-09-08 23:00:00,3485.0
2016-09-09 00:00:00,3365.0
2016-09-09 01:00:00,3407.0
2016-09-09 02:00:00,3350.0
2016-09-09 03:00:00,3200.0
2016-09-09 04:00:00,3039.0
2016-09-09 05:00:00,3017.0
2016-09-09 06:00:00,2929.0
2016-09-09 07:00:00,2917.0
2016-09-09 08:00:00,2933.0
2016-09-09 09:00:00,2853.0
2016-09-09 10:00:00,2832.0
2016-09-09 11:00:00,2884.0
2016-09-09 12:00:00,2880.0
2016-09-09 13:00:00,2931.0
2016-09-09 14:00:00,3050.0
2016-09-09 15:00:00,3224.0
2016-09-09 16:00:00,3191.0
2016-09-09 17:00:00,3245.0
2016-09-09 18:00:00,3235.0
2016-09-09 19:00:00,3192.0
2016-09-09 20:00:00,3165.0
2016-09-09 21:00:00,3226.0
2016-09-09 22:00:00,3151.0
2016-09-09 23:00:00,3107.0
2016-09-10 00:00:00,3007.0
2016-09-10 01:00:00,2977.0
2016-09-10 02:00:00,3015.0
2016-09-10 03:00:00,3042.0
2016-09-10 04:00:00,2962.0
2016-09-10 05:00:00,2952.0
2016-09-10 06:00:00,2877.0
2016-09-10 07:00:00,2839.0
2016-09-10 08:00:00,2901.0
2016-09-10 09:00:00,2910.0
2016-09-10 10:00:00,2997.0
2016-09-10 11:00:00,3427.0
2016-09-10 12:00:00,3622.0
2016-09-10 13:00:00,3815.0
2016-09-10 14:00:00,3939.0
2016-09-10 15:00:00,3713.0
2016-09-10 16:00:00,3840.0
2016-09-10 17:00:00,4001.0
2016-09-10 18:00:00,3955.0
2016-09-10 19:00:00,3921.0
2016-09-10 20:00:00,3782.0
2016-09-10 21:00:00,3566.0
2016-09-10 22:00:00,3398.0
2016-09-10 23:00:00,3683.0
2016-09-11 00:00:00,3658.0
2016-09-11 01:00:00,3693.0
2016-09-11 02:00:00,3632.0
2016-09-11 03:00:00,3491.0
2016-09-11 04:00:00,3148.0
2016-09-11 05:00:00,3175.0
2016-09-11 06:00:00,2927.0
2016-09-11 07:00:00,2935.0
2016-09-11 08:00:00,2952.0
2016-09-11 09:00:00,2995.0
2016-09-11 10:00:00,3146.0
2016-09-11 11:00:00,3484.0
2016-09-11 12:00:00,3713.0
2016-09-11 13:00:00,3863.0
2016-09-11 14:00:00,3976.0
2016-09-11 15:00:00,3916.0
2016-09-11 16:00:00,4055.0
2016-09-11 17:00:00,4233.0
2016-09-11 18:00:00,4132.0
2016-09-11 19:00:00,4142.0
2016-09-11 20:00:00,3837.0
2016-09-11 21:00:00,3586.0
2016-09-11 22:00:00,3371.0
2016-09-11 23:00:00,3548.0
2016-09-12 00:00:00,3812.0
2016-09-12 01:00:00,3863.0
2016-09-12 02:00:00,3721.0
2016-09-12 03:00:00,3579.0
2016-09-12 04:00:00,3311.0
2016-09-12 05:00:00,3280.0
2016-09-12 06:00:00,3015.0
2016-09-12 07:00:00,3006.0
2016-09-12 08:00:00,3049.0
2016-09-12 09:00:00,3088.0
2016-09-12 10:00:00,3246.0
2016-09-12 11:00:00,3662.0
2016-09-12 12:00:00,4003.0
2016-09-12 13:00:00,3884.0
2016-09-12 14:00:00,4066.0
2016-09-12 15:00:00,4219.0
2016-09-12 16:00:00,4038.0
2016-09-12 17:00:00,4205.0
2016-09-12 18:00:00,4104.0
2016-09-12 19:00:00,4105.0
2016-09-12 20:00:00,3922.0
2016-09-12 21:00:00,3857.0
2016-09-12 22:00:00,3653.0
2016-09-12 23:00:00,3643.0
2016-09-13 00:00:00,3577.0
2016-09-13 01:00:00,3623.0
2016-09-13 02:00:00,3557.0
2016-09-13 03:00:00,3447.0
2016-09-13 04:00:00,3228.0
2016-09-13 05:00:00,3166.0
2016-09-13 06:00:00,3015.0
2016-09-13 07:00:00,3011.0
2016-09-13 08:00:00,3115.0
2016-09-13 09:00:00,3132.0
2016-09-13 10:00:00,3111.0
2016-09-13 11:00:00,3505.0
2016-09-13 12:00:00,3700.0
2016-09-13 13:00:00,3693.0
2016-09-13 14:00:00,4045.0
2016-09-13 15:00:00,3970.0
2016-09-13 16:00:00,4031.0
2016-09-13 17:00:00,4056.0
2016-09-13 18:00:00,4100.0
2016-09-13 19:00:00,4069.0
2016-09-13 20:00:00,3788.0
2016-09-13 21:00:00,3642.0
2016-09-13 22:00:00,3395.0
2016-09-13 23:00:00,3623.0
2016-09-14 00:00:00,3746.0
2016-09-14 01:00:00,3876.0
2016-09-14 02:00:00,3621.0
2016-09-14 03:00:00,3558.0
2016-09-14 04:00:00,3306.0
2016-09-14 05:00:00,3097.0
2016-09-14 06:00:00,3070.0
2016-09-14 07:00:00,3015.0
2016-09-14 08:00:00,3011.0
2016-09-14 09:00:00,3015.0
2016-09-14 10:00:00,3065.0
2016-09-14 11:00:00,3529.0
2016-09-14 12:00:00,3537.0
2016-09-14 13:00:00,3573.0
2016-09-14 14:00:00,3924.0
2016-09-14 15:00:00,3781.0
2016-09-14 16:00:00,3695.0
2016-09-14 17:00:00,3830.0
2016-09-14 18:00:00,3994.0
2016-09-14 19:00:00,3860.0
2016-09-14 20:00:00,3486.0
2016-09-14 21:00:00,3393.0
2016-09-14 22:00:00,3423.0
2016-09-14 23:00:00,3654.0
2016-09-15 00:00:00,3558.0
2016-09-15 01:00:00,3628.0
2016-09-15 02:00:00,3642.0
2016-09-15 03:00:00,3454.0
2016-09-15 04:00:00,3213.0
2016-09-15 05:00:00,3043.0
2016-09-15 06:00:00,3030.0
2016-09-15 07:00:00,2990.0
2016-09-15 08:00:00,2944.0
2016-09-15 09:00:00,2938.0
2016-09-15 10:00:00,3076.0
2016-09-15 11:00:00,3124.0
2016-09-15 12:00:00,3015.0
2016-09-15 13:00:00,3041.0
2016-09-15 14:00:00,3124.0
2016-09-15 15:00:00,2982.0
2016-09-15 16:00:00,3024.0
2016-09-15 17:00:00,3071.0
2016-09-15 18:00:00,3032.0
2016-09-15 19:00:00,3138.0
2016-09-15 20:00:00,3097.0
2016-09-15 21:00:00,3176.0
2016-09-15 22:00:00,3106.0
2016-09-15 23:00:00,3337.0
2016-09-16 00:00:00,3253.0
2016-09-16 01:00:00,3349.0
2016-09-16 02:00:00,3226.0
2016-09-16 03:00:00,3221.0
2016-09-16 04:00:00,3073.0
2016-09-16 05:00:00,2960.0
2016-09-16 06:00:00,2806.0
2016-09-16 07:00:00,2807.0
2016-09-16 08:00:00,2892.0
2016-09-16 09:00:00,2787.0
2016-09-16 10:00:00,2790.0
2016-09-16 11:00:00,2773.0
2016-09-16 12:00:00,2727.0
2016-09-16 13:00:00,2804.0
2016-09-16 14:00:00,2812.0
2016-09-16 15:00:00,2893.0
2016-09-16 16:00:00,2841.0
2016-09-16 17:00:00,2917.0
2016-09-16 18:00:00,2773.0
2016-09-16 19:00:00,2784.0
2016-09-16 20:00:00,2844.0
2016-09-16 21:00:00,2949.0
2016-09-16 22:00:00,2904.0
2016-09-16 23:00:00,2927.0
2016-09-17 00:00:00,2783.0
2016-09-17 01:00:00,2808.0
2016-09-17 02:00:00,2865.0
2016-09-17 03:00:00,2874.0
2016-09-17 04:00:00,2849.0
2016-09-17 05:00:00,2769.0
2016-09-17 06:00:00,2705.0
2016-09-17 07:00:00,2745.0
2016-09-17 08:00:00,2776.0
2016-09-17 09:00:00,2835.0
2016-09-17 10:00:00,2917.0
2016-09-17 11:00:00,3313.0
2016-09-17 12:00:00,3428.0
2016-09-17 13:00:00,3429.0
2016-09-17 14:00:00,3768.0
2016-09-17 15:00:00,3807.0
2016-09-17 16:00:00,3749.0
2016-09-17 17:00:00,3650.0
2016-09-17 18:00:00,3683.0
2016-09-17 19:00:00,3598.0
2016-09-17 20:00:00,3390.0
2016-09-17 21:00:00,3360.0
2016-09-17 22:00:00,3271.0
2016-09-17 23:00:00,3409.0
2016-09-18 00:00:00,3446.0
2016-09-18 01:00:00,3705.0
2016-09-18 02:00:00,3713.0
2016-09-18 03:00:00,3459.0
2016-09-18 04:00:00,3206.0
2016-09-18 05:00:00,3023.0
2016-09-18 06:00:00,2990.0
2016-09-18 07:00:00,2967.0
2016-09-18 08:00:00,2899.0
2016-09-18 09:00:00,2929.0
2016-09-18 10:00:00,3050.0
2016-09-18 11:00:00,3491.0
2016-09-18 12:00:00,3622.0
2016-09-18 13:00:00,3738.0
2016-09-18 14:00:00,3736.0
2016-09-18 15:00:00,3631.0
2016-09-18 16:00:00,3681.0
2016-09-18 17:00:00,3694.0
2016-09-18 18:00:00,3664.0
2016-09-18 19:00:00,3640.0
2016-09-18 20:00:00,3533.0
2016-09-18 21:00:00,3451.0
2016-09-18 22:00:00,3312.0
2016-09-18 23:00:00,3544.0
2016-09-19 00:00:00,3490.0
2016-09-19 01:00:00,3617.0
2016-09-19 02:00:00,3511.0
2016-09-19 03:00:00,3372.0
2016-09-19 04:00:00,3258.0
2016-09-19 05:00:00,3030.0
2016-09-19 06:00:00,2933.0
2016-09-19 07:00:00,3013.0
2016-09-19 08:00:00,2965.0
2016-09-19 09:00:00,2967.0
2016-09-19 10:00:00,3040.0
2016-09-19 11:00:00,3556.0
2016-09-19 12:00:00,3747.0
2016-09-19 13:00:00,3588.0
2016-09-19 14:00:00,3726.0
2016-09-19 15:00:00,3594.0
2016-09-19 16:00:00,3785.0
2016-09-19 17:00:00,3704.0
2016-09-19 18:00:00,3710.0
2016-09-19 19:00:00,3799.0
2016-09-19 20:00:00,3380.0
2016-09-19 21:00:00,3305.0
2016-09-19 22:00:00,3260.0
2016-09-19 23:00:00,3302.0
2016-09-20 00:00:00,3343.0
2016-09-20 01:00:00,3455.0
2016-09-20 02:00:00,3262.0
2016-09-20 03:00:00,3249.0
2016-09-20 04:00:00,3055.0
2016-09-20 05:00:00,3044.0
2016-09-20 06:00:00,2863.0
2016-09-20 07:00:00,2902.0
2016-09-20 08:00:00,2893.0
2016-09-20 09:00:00,3054.0
2016-09-20 10:00:00,2994.0
2016-09-20 11:00:00,3471.0
2016-09-20 12:00:00,3481.0
2016-09-20 13:00:00,3654.0
2016-09-20 14:00:00,3654.0
2016-09-20 15:00:00,3465.0
2016-09-20 16:00:00,3647.0
2016-09-20 17:00:00,3746.0
2016-09-20 18:00:00,3806.0
2016-09-20 19:00:00,3758.0
2016-09-20 20:00:00,3548.0
2016-09-20 21:00:00,3638.0
2016-09-20 22:00:00,3528.0
2016-09-20 23:00:00,3636.0
2016-09-21 00:00:00,3632.0
2016-09-21 01:00:00,3679.0
2016-09-21 02:00:00,3483.0
2016-09-21 03:00:00,3378.0
2016-09-21 04:00:00,3181.0
2016-09-21 05:00:00,3052.0
2016-09-21 06:00:00,2987.0
2016-09-21 07:00:00,2936.0
2016-09-21 08:00:00,2931.0
2016-09-21 09:00:00,2991.0
2016-09-21 10:00:00,3091.0
2016-09-21 11:00:00,3567.0
2016-09-21 12:00:00,3709.0
2016-09-21 13:00:00,3658.0
2016-09-21 14:00:00,3835.0
2016-09-21 15:00:00,3939.0
2016-09-21 16:00:00,4013.0
2016-09-21 17:00:00,3950.0
2016-09-21 18:00:00,3922.0
2016-09-21 19:00:00,3931.0
2016-09-21 20:00:00,3814.0
2016-09-21 21:00:00,3854.0
2016-09-21 22:00:00,3586.0
2016-09-21 23:00:00,3755.0
2016-09-22 00:00:00,3801.0
2016-09-22 01:00:00,3867.0
2016-09-22 02:00:00,3678.0
2016-09-22 03:00:00,3519.0
2016-09-22 04:00:00,3350.0
2016-09-22 05:00:00,3138.0
2016-09-22 06:00:00,3000.0
2016-09-22 07:00:00,2995.0
2016-09-22 08:00:00,3066.0
2016-09-22 09:00:00,3036.0
2016-09-22 10:00:00,3071.0
2016-09-22 11:00:00,3094.0
2016-09-22 12:00:00,3176.0
2016-09-22 13:00:00,3215.0
2016-09-22 14:00:00,3286.0
2016-09-22 15:00:00,3178.0
2016-09-22 16:00:00,3228.0
2016-09-22 17:00:00,3261.0
2016-09-22 18:00:00,3149.0
2016-09-22 19:00:00,3185.0
2016-09-22 20:00:00,3212.0
2016-09-22 21:00:00,3481.0
2016-09-22 22:00:00,3365.0
2016-09-22 23:00:00,3409.0
2016-09-23 00:00:00,3381.0
2016-09-23 01:00:00,3420.0
2016-09-23 02:00:00,3305.0
2016-09-23 03:00:00,0.0
2016-09-23 04:00:00,3172.0
2016-09-23 05:00:00,3089.0
2016-09-23 06:00:00,2965.0
2016-09-23 07:00:00,2839.0
2016-09-23 08:00:00,2878.0
2016-09-23 09:00:00,2966.0
2016-09-23 10:00:00,2795.0
2016-09-23 11:00:00,2917.0
2016-09-23 12:00:00,2919.0
2016-09-23 13:00:00,2887.0
2016-09-23 14:00:00,3034.0
2016-09-23 15:00:00,3181.0
2016-09-23 16:00:00,3215.0
2016-09-23 17:00:00,3207.0
2016-09-23 18:00:00,3190.0
2016-09-23 19:00:00,3149.0
2016-09-23 20:00:00,3232.0
2016-09-23 21:00:00,3253.0
2016-09-23 22:00:00,3209.0
2016-09-23 23:00:00,3213.0
2016-09-24 00:00:00,3035.0
2016-09-24 01:00:00,3008.0
2016-09-24 02:00:00,3006.0
2016-09-24 03:00:00,3023.0
2016-09-24 04:00:00,2929.0
2016-09-24 05:00:00,2955.0
2016-09-24 06:00:00,2897.0
2016-09-24 07:00:00,2843.0
2016-09-24 08:00:00,2926.0
2016-09-24 09:00:00,3142.0
2016-09-24 10:00:00,3106.0
2016-09-24 11:00:00,3443.0
2016-09-24 12:00:00,3648.0
2016-09-24 13:00:00,3676.0
2016-09-24 14:00:00,3953.0
2016-09-24 15:00:00,3966.0
2016-09-24 16:00:00,4010.0
2016-09-24 17:00:00,3902.0
2016-09-24 18:00:00,3916.0
2016-09-24 19:00:00,4080.0
2016-09-24 20:00:00,3973.0
2016-09-24 21:00:00,3961.0
2016-09-24 22:00:00,3714.0
2016-09-24 23:00:00,3830.0
2016-09-25 00:00:00,3875.0
2016-09-25 01:00:00,3927.0
2016-09-25 02:00:00,3876.0
2016-09-25 03:00:00,3722.0
2016-09-25 04:00:00,3481.0
2016-09-25 05:00:00,3300.0
2016-09-25 06:00:00,3110.0
2016-09-25 07:00:00,3049.0
2016-09-25 08:00:00,3096.0
2016-09-25 09:00:00,3148.0
2016-09-25 10:00:00,3067.0
2016-09-25 11:00:00,3646.0
2016-09-25 12:00:00,3835.0
2016-09-25 13:00:00,3817.0
2016-09-25 14:00:00,4113.0
2016-09-25 15:00:00,4084.0
2016-09-25 16:00:00,4089.0
2016-09-25 17:00:00,4237.0
2016-09-25 18:00:00,4276.0
2016-09-25 19:00:00,4140.0
2016-09-25 20:00:00,3827.0
2016-09-25 21:00:00,3880.0
2016-09-25 22:00:00,3599.0
2016-09-25 23:00:00,3850.0
2016-09-26 00:00:00,3983.0
2016-09-26 01:00:00,4011.0
2016-09-26 02:00:00,3806.0
2016-09-26 03:00:00,3675.0
2016-09-26 04:00:00,3461.0
2016-09-26 05:00:00,3372.0
2016-09-26 06:00:00,3227.0
2016-09-26 07:00:00,3047.0
2016-09-26 08:00:00,3123.0
2016-09-26 09:00:00,3229.0
2016-09-26 10:00:00,3118.0
2016-09-26 11:00:00,3640.0
2016-09-26 12:00:00,3882.0
2016-09-26 13:00:00,3738.0
2016-09-26 14:00:00,4106.0
2016-09-26 15:00:00,4282.0
2016-09-26 16:00:00,4042.0
2016-09-26 17:00:00,4071.0
2016-09-26 18:00:00,4226.0
2016-09-26 19:00:00,4232.0
2016-09-26 20:00:00,3721.0
2016-09-26 21:00:00,3723.0
2016-09-26 22:00:00,3731.0
2016-09-26 23:00:00,3789.0
2016-09-27 00:00:00,3870.0
2016-09-27 01:00:00,3720.0
2016-09-27 02:00:00,3586.0
2016-09-27 03:00:00,3555.0
2016-09-27 04:00:00,3359.0
2016-09-27 05:00:00,3200.0
2016-09-27 06:00:00,3134.0
2016-09-27 07:00:00,3001.0
2016-09-27 08:00:00,2970.0
2016-09-27 09:00:00,3091.0
2016-09-27 10:00:00,3070.0
2016-09-27 11:00:00,3472.0
2016-09-27 12:00:00,3741.0
2016-09-27 13:00:00,3706.0
2016-09-27 14:00:00,4000.0
2016-09-27 15:00:00,4153.0
2016-09-27 16:00:00,4049.0
2016-09-27 17:00:00,3261.0
2016-09-27 18:00:00,4148.0
2016-09-27 19:00:00,4122.0
2016-09-27 20:00:00,3682.0
2016-09-27 21:00:00,3765.0
2016-09-27 22:00:00,3616.0
2016-09-27 23:00:00,3690.0
2016-09-28 00:00:00,3795.0
2016-09-28 01:00:00,3849.0
2016-09-28 02:00:00,3768.0
2016-09-28 03:00:00,3623.0
2016-09-28 04:00:00,3265.0
2016-09-28 05:00:00,3179.0
2016-09-28 06:00:00,3133.0
2016-09-28 07:00:00,3005.0
2016-09-28 08:00:00,3092.0
2016-09-28 09:00:00,3159.0
2016-09-28 10:00:00,3137.0
2016-09-28 11:00:00,3498.0
2016-09-28 12:00:00,3815.0
2016-09-28 13:00:00,3623.0
2016-09-28 14:00:00,3888.0
2016-09-28 15:00:00,3817.0
2016-09-28 16:00:00,3749.0
2016-09-28 17:00:00,3833.0
2016-09-28 18:00:00,3969.0
2016-09-28 19:00:00,3757.0
2016-09-28 20:00:00,3773.0
2016-09-28 21:00:00,3678.0
2016-09-28 22:00:00,3614.0
2016-09-28 23:00:00,3656.0
2016-09-29 00:00:00,3618.0
2016-09-29 01:00:00,3682.0
2016-09-29 02:00:00,3668.0
2016-09-29 03:00:00,3474.0
2016-09-29 04:00:00,3366.0
2016-09-29 05:00:00,3293.0
2016-09-29 06:00:00,3118.0
2016-09-29 07:00:00,3050.0
2016-09-29 08:00:00,3036.0
2016-09-29 09:00:00,3088.0
2016-09-29 10:00:00,2959.0
2016-09-29 11:00:00,3141.0
2016-09-29 12:00:00,3051.0
2016-09-29 13:00:00,2974.0
2016-09-29 14:00:00,3241.0
2016-09-29 15:00:00,3297.0
2016-09-29 16:00:00,3329.0
2016-09-29 17:00:00,3394.0
2016-09-29 18:00:00,3601.0
2016-09-29 19:00:00,3484.0
2016-09-29 20:00:00,3365.0
2016-09-29 21:00:00,3619.0
2016-09-29 22:00:00,3471.0
2016-09-29 23:00:00,3434.0
2016-09-30 00:00:00,3388.0
2016-09-30 01:00:00,3392.0
2016-09-30 02:00:00,3410.0
2016-09-30 03:00:00,3306.0
2016-09-30 04:00:00,3150.0
2016-09-30 05:00:00,3046.0
2016-09-30 06:00:00,2970.0
2016-09-30 07:00:00,2835.0
2016-09-30 08:00:00,2948.0
2016-09-30 09:00:00,2957.0
2016-09-30 10:00:00,2793.0
2016-09-30 11:00:00,2827.0
2016-09-30 12:00:00,2676.0
2016-09-30 13:00:00,2706.0
2016-09-30 14:00:00,2895.0
2016-09-30 15:00:00,3033.0
2016-09-30 16:00:00,2981.0
2016-09-30 17:00:00,3121.0
2016-09-30 18:00:00,3061.0
2016-09-30 19:00:00,3025.0
2016-09-30 20:00:00,2960.0
2016-09-30 21:00:00,2965.0
2016-09-30 22:00:00,2890.0
2016-09-30 23:00:00,2944.0
2016-10-01 00:00:00,2879.0
2016-10-01 01:00:00,2781.0
2016-10-01 02:00:00,2867.0
2016-10-01 03:00:00,2890.0
2016-10-01 04:00:00,2815.0
2016-10-01 05:00:00,2814.0
2016-10-01 06:00:00,2795.0
2016-10-01 07:00:00,2826.0
2016-10-01 08:00:00,2803.0
2016-10-01 09:00:00,3026.0
2016-10-01 10:00:00,2989.0
2016-10-01 11:00:00,3197.0
2016-10-01 12:00:00,3616.0
2016-10-01 13:00:00,3599.0
2016-10-01 14:00:00,3773.0
2016-10-01 15:00:00,3638.0
2016-10-01 16:00:00,3526.0
2016-10-01 17:00:00,3659.0
2016-10-01 18:00:00,3803.0
2016-10-01 19:00:00,3569.0
2016-10-01 20:00:00,3495.0
2016-10-01 21:00:00,3601.0
2016-10-01 22:00:00,3484.0
2016-10-01 23:00:00,3501.0
2016-10-02 00:00:00,3609.0
2016-10-02 01:00:00,3850.0
2016-10-02 02:00:00,3755.0
2016-10-02 03:00:00,3499.0
2016-10-02 04:00:00,3287.0
2016-10-02 05:00:00,3196.0
2016-10-02 06:00:00,3086.0
2016-10-02 07:00:00,2922.0
2016-10-02 08:00:00,3021.0
2016-10-02 09:00:00,3263.0
2016-10-02 10:00:00,3068.0
2016-10-02 11:00:00,3484.0
2016-10-02 12:00:00,3509.0
2016-10-02 13:00:00,3536.0
2016-10-02 14:00:00,3842.0
2016-10-02 15:00:00,3615.0
2016-10-02 16:00:00,3649.0
2016-10-02 17:00:00,3635.0
2016-10-02 18:00:00,3742.0
2016-10-02 19:00:00,3669.0
2016-10-02 20:00:00,3501.0
2016-10-02 21:00:00,3504.0
2016-10-02 22:00:00,3296.0
2016-10-02 23:00:00,3583.0
2016-10-03 00:00:00,3733.0
2016-10-03 01:00:00,3705.0
2016-10-03 02:00:00,3682.0
2016-10-03 03:00:00,3650.0
2016-10-03 04:00:00,3312.0
2016-10-03 05:00:00,3185.0
2016-10-03 06:00:00,3185.0
2016-10-03 07:00:00,3087.0
2016-10-03 08:00:00,3104.0
2016-10-03 09:00:00,3116.0
2016-10-03 10:00:00,3127.0
2016-10-03 11:00:00,3484.0
2016-10-03 12:00:00,3506.0
2016-10-03 13:00:00,3491.0
2016-10-03 14:00:00,3719.0
2016-10-03 15:00:00,3913.0
2016-10-03 16:00:00,3599.0
2016-10-03 17:00:00,3608.0
2016-10-03 18:00:00,3661.0
2016-10-03 19:00:00,3521.0
2016-10-03 20:00:00,3621.0
2016-10-03 21:00:00,3491.0
2016-10-03 22:00:00,3426.0
2016-10-03 23:00:00,3587.0
2016-10-04 00:00:00,3667.0
2016-10-04 01:00:00,3664.0
2016-10-04 02:00:00,3598.0
2016-10-04 03:00:00,3579.0
2016-10-04 04:00:00,3213.0
2016-10-04 05:00:00,3100.0
2016-10-04 06:00:00,3042.0
2016-10-04 07:00:00,3000.0
2016-10-04 08:00:00,3033.0
2016-10-04 09:00:00,3117.0
2016-10-04 10:00:00,3002.0
2016-10-04 11:00:00,3358.0
2016-10-04 12:00:00,3487.0
2016-10-04 13:00:00,3474.0
2016-10-04 14:00:00,3606.0
2016-10-04 15:00:00,3524.0
2016-10-04 16:00:00,3319.0
2016-10-04 17:00:00,3298.0
2016-10-04 18:00:00,3397.0
2016-10-04 19:00:00,3366.0
2016-10-04 20:00:00,3314.0
2016-10-04 21:00:00,3241.0
2016-10-04 22:00:00,3186.0
2016-10-04 23:00:00,3245.0
2016-10-05 00:00:00,3517.0
2016-10-05 01:00:00,3636.0
2016-10-05 02:00:00,3532.0
2016-10-05 03:00:00,3363.0
2016-10-05 04:00:00,3104.0
2016-10-05 05:00:00,3091.0
2016-10-05 06:00:00,2992.0
2016-10-05 07:00:00,2931.0
2016-10-05 08:00:00,2943.0
2016-10-05 09:00:00,2921.0
2016-10-05 10:00:00,2824.0
2016-10-05 11:00:00,3021.0
2016-10-05 12:00:00,3009.0
2016-10-05 13:00:00,2863.0
2016-10-05 14:00:00,3093.0
2016-10-05 15:00:00,3093.0
2016-10-05 16:00:00,3099.0
2016-10-05 17:00:00,3215.0
2016-10-05 18:00:00,3245.0
2016-10-05 19:00:00,3076.0
2016-10-05 20:00:00,3060.0
2016-10-05 21:00:00,3199.0
2016-10-05 22:00:00,3102.0
2016-10-05 23:00:00,3339.0
2016-10-06 00:00:00,3371.0
2016-10-06 01:00:00,3296.0
2016-10-06 02:00:00,3368.0
2016-10-06 03:00:00,3145.0
2016-10-06 04:00:00,2957.0
2016-10-06 05:00:00,3021.0
2016-10-06 06:00:00,2926.0
2016-10-06 07:00:00,2787.0
2016-10-06 08:00:00,2831.0
2016-10-06 09:00:00,2837.0
2016-10-06 10:00:00,2692.0
2016-10-06 11:00:00,2858.0
2016-10-06 12:00:00,2926.0
2016-10-06 13:00:00,2855.0
2016-10-06 14:00:00,2912.0
2016-10-06 15:00:00,3014.0
2016-10-06 16:00:00,3069.0
2016-10-06 17:00:00,3059.0
2016-10-06 18:00:00,3035.0
2016-10-06 19:00:00,3045.0
2016-10-06 20:00:00,3085.0
2016-10-06 21:00:00,3165.0
2016-10-06 22:00:00,3007.0
2016-10-06 23:00:00,2983.0
2016-10-07 00:00:00,2897.0
2016-10-07 01:00:00,2778.0
2016-10-07 02:00:00,2857.0
2016-10-07 03:00:00,2872.0
2016-10-07 04:00:00,2793.0
2016-10-07 05:00:00,2769.0
2016-10-07 06:00:00,2758.0
2016-10-07 07:00:00,2684.0
2016-10-07 08:00:00,2784.0
2016-10-07 09:00:00,2759.0
2016-10-07 10:00:00,2606.0
2016-10-07 11:00:00,2712.0
2016-10-07 12:00:00,2670.0
2016-10-07 13:00:00,2780.0
2016-10-07 14:00:00,2858.0
2016-10-07 15:00:00,3020.0
2016-10-07 16:00:00,2849.0
2016-10-07 17:00:00,3008.0
2016-10-07 18:00:00,3004.0
2016-10-07 19:00:00,3059.0
2016-10-07 20:00:00,3101.0
2016-10-07 21:00:00,3089.0
2016-10-07 22:00:00,3071.0
2016-10-07 23:00:00,3023.0
2016-10-08 00:00:00,2968.0
2016-10-08 01:00:00,2802.0
2016-10-08 02:00:00,2821.0
2016-10-08 03:00:00,2894.0
2016-10-08 04:00:00,2800.0
2016-10-08 05:00:00,2742.0
2016-10-08 06:00:00,2749.0
2016-10-08 07:00:00,2706.0
2016-10-08 08:00:00,2820.0
2016-10-08 09:00:00,2917.0
2016-10-08 10:00:00,2929.0
2016-10-08 11:00:00,3170.0
2016-10-08 12:00:00,3520.0
2016-10-08 13:00:00,3475.0
2016-10-08 14:00:00,3699.0
2016-10-08 15:00:00,3832.0
2016-10-08 16:00:00,3868.0
2016-10-08 17:00:00,3798.0
2016-10-08 18:00:00,3904.0
2016-10-08 19:00:00,3732.0
2016-10-08 20:00:00,3790.0
2016-10-08 21:00:00,3649.0
2016-10-08 22:00:00,3403.0
2016-10-08 23:00:00,3593.0
2016-10-09 00:00:00,3814.0
2016-10-09 01:00:00,3668.0
2016-10-09 02:00:00,3756.0
2016-10-09 03:00:00,3532.0
2016-10-09 04:00:00,3219.0
2016-10-09 05:00:00,3199.0
2016-10-09 06:00:00,3085.0
2016-10-09 07:00:00,2984.0
2016-10-09 08:00:00,2923.0
2016-10-09 09:00:00,3111.0
2016-10-09 10:00:00,3044.0
2016-10-09 11:00:00,3503.0
2016-10-09 12:00:00,3658.0
2016-10-09 13:00:00,3668.0
2016-10-09 14:00:00,3913.0
2016-10-09 15:00:00,3704.0
2016-10-09 16:00:00,3641.0
2016-10-09 17:00:00,3696.0
2016-10-09 18:00:00,3781.0
2016-10-09 19:00:00,3661.0
2016-10-09 20:00:00,3579.0
2016-10-09 21:00:00,3498.0
2016-10-09 22:00:00,3330.0
2016-10-09 23:00:00,3601.0
2016-10-10 00:00:00,3563.0
2016-10-10 01:00:00,3548.0
2016-10-10 02:00:00,3504.0
2016-10-10 03:00:00,3397.0
2016-10-10 04:00:00,3288.0
2016-10-10 05:00:00,3229.0
2016-10-10 06:00:00,3150.0
2016-10-10 07:00:00,3058.0
2016-10-10 08:00:00,3031.0
2016-10-10 09:00:00,3126.0
2016-10-10 10:00:00,3177.0
2016-10-10 11:00:00,3499.0
2016-10-10 12:00:00,3615.0
2016-10-10 13:00:00,3706.0
2016-10-10 14:00:00,3721.0
2016-10-10 15:00:00,3495.0
2016-10-10 16:00:00,3548.0
2016-10-10 17:00:00,3718.0
2016-10-10 18:00:00,3622.0
2016-10-10 19:00:00,3541.0
2016-10-10 20:00:00,3409.0
2016-10-10 21:00:00,3513.0
2016-10-10 22:00:00,3423.0
2016-10-10 23:00:00,3567.0
2016-10-11 00:00:00,3554.0
2016-10-11 01:00:00,3724.0
2016-10-11 02:00:00,3505.0
2016-10-11 03:00:00,3471.0
2016-10-11 04:00:00,3370.0
2016-10-11 05:00:00,3187.0
2016-10-11 06:00:00,3176.0
2016-10-11 07:00:00,3101.0
2016-10-11 08:00:00,3088.0
2016-10-11 09:00:00,3216.0
2016-10-11 10:00:00,3192.0
2016-10-11 11:00:00,3513.0
2016-10-11 12:00:00,3684.0
2016-10-11 13:00:00,3693.0
2016-10-11 14:00:00,3859.0
2016-10-11 15:00:00,3793.0
2016-10-11 16:00:00,3666.0
2016-10-11 17:00:00,3744.0
2016-10-11 18:00:00,3755.0
2016-10-11 19:00:00,3680.0
2016-10-11 20:00:00,3555.0
2016-10-11 21:00:00,3563.0
2016-10-11 22:00:00,3454.0
2016-10-11 23:00:00,3622.0
2016-10-12 00:00:00,3692.0
2016-10-12 01:00:00,3822.0
2016-10-12 02:00:00,3671.0
2016-10-12 03:00:00,3513.0
2016-10-12 04:00:00,3455.0
2016-10-12 05:00:00,3257.0
2016-10-12 06:00:00,3113.0
2016-10-12 07:00:00,3103.0
2016-10-12 08:00:00,3119.0
2016-10-12 09:00:00,3162.0
2016-10-12 10:00:00,3076.0
2016-10-12 11:00:00,3300.0
2016-10-12 12:00:00,3629.0
2016-10-12 13:00:00,3605.0
2016-10-12 14:00:00,3580.0
2016-10-12 15:00:00,3520.0
2016-10-12 16:00:00,3604.0
2016-10-12 17:00:00,3706.0
2016-10-12 18:00:00,3727.0
2016-10-12 19:00:00,3653.0
2016-10-12 20:00:00,3451.0
2016-10-12 21:00:00,3384.0
2016-10-12 22:00:00,3338.0
2016-10-12 23:00:00,3528.0
2016-10-13 00:00:00,3669.0
2016-10-13 01:00:00,3780.0
2016-10-13 02:00:00,3666.0
2016-10-13 03:00:00,3507.0
2016-10-13 04:00:00,3362.0
2016-10-13 05:00:00,3239.0
2016-10-13 06:00:00,3262.0
2016-10-13 07:00:00,3129.0
2016-10-13 08:00:00,3164.0
2016-10-13 09:00:00,3209.0
2016-10-13 10:00:00,2897.0
2016-10-13 11:00:00,3233.0
2016-10-13 12:00:00,3276.0
2016-10-13 13:00:00,3074.0
2016-10-13 14:00:00,3137.0
2016-10-13 15:00:00,3132.0
2016-10-13 16:00:00,3175.0
2016-10-13 17:00:00,3258.0
2016-10-13 18:00:00,3297.0
2016-10-13 19:00:00,3106.0
2016-10-13 20:00:00,3261.0
2016-10-13 21:00:00,3331.0
2016-10-13 22:00:00,3191.0
2016-10-13 23:00:00,3486.0
2016-10-14 00:00:00,3311.0
2016-10-14 01:00:00,3198.0
2016-10-14 02:00:00,3273.0
2016-10-14 03:00:00,3206.0
2016-10-14 04:00:00,3099.0
2016-10-14 05:00:00,2924.0
2016-10-14 06:00:00,2799.0
2016-10-14 07:00:00,2859.0
2016-10-14 08:00:00,2819.0
2016-10-14 09:00:00,2879.0
2016-10-14 10:00:00,2790.0
2016-10-14 11:00:00,2715.0
2016-10-14 12:00:00,2838.0
2016-10-14 13:00:00,2759.0
2016-10-14 14:00:00,2863.0
2016-10-14 15:00:00,2947.0
2016-10-14 16:00:00,2910.0
2016-10-14 17:00:00,2876.0
2016-10-14 18:00:00,2905.0
2016-10-14 19:00:00,2881.0
2016-10-14 20:00:00,2867.0
2016-10-14 21:00:00,2950.0
2016-10-14 22:00:00,2894.0
2016-10-14 23:00:00,2943.0
2016-10-15 00:00:00,2915.0
2016-10-15 01:00:00,2790.0
2016-10-15 02:00:00,2869.0
2016-10-15 03:00:00,2889.0
2016-10-15 04:00:00,2894.0
2016-10-15 05:00:00,2811.0
2016-10-15 06:00:00,2831.0
2016-10-15 07:00:00,2791.0
2016-10-15 08:00:00,2774.0
2016-10-15 09:00:00,2968.0
2016-10-15 10:00:00,3067.0
2016-10-15 11:00:00,3298.0
2016-10-15 12:00:00,3510.0
2016-10-15 13:00:00,3569.0
2016-10-15 14:00:00,3690.0
2016-10-15 15:00:00,3579.0
2016-10-15 16:00:00,3605.0
2016-10-15 17:00:00,3637.0
2016-10-15 18:00:00,3697.0
2016-10-15 19:00:00,3780.0
2016-10-15 20:00:00,3572.0
2016-10-15 21:00:00,3547.0
2016-10-15 22:00:00,3519.0
2016-10-15 23:00:00,3522.0
2016-10-16 00:00:00,3605.0
2016-10-16 01:00:00,3756.0
2016-10-16 02:00:00,3819.0
2016-10-16 03:00:00,3601.0
2016-10-16 04:00:00,3325.0
2016-10-16 05:00:00,3204.0
2016-10-16 06:00:00,3043.0
2016-10-16 07:00:00,3023.0
2016-10-16 08:00:00,3068.0
2016-10-16 09:00:00,3158.0
2016-10-16 10:00:00,3260.0
2016-10-16 11:00:00,3451.0
2016-10-16 12:00:00,3765.0
2016-10-16 13:00:00,3675.0
2016-10-16 14:00:00,3845.0
2016-10-16 15:00:00,3868.0
2016-10-16 16:00:00,3702.0
2016-10-16 17:00:00,3664.0
2016-10-16 18:00:00,3790.0
2016-10-16 19:00:00,3891.0
2016-10-16 20:00:00,3662.0
2016-10-16 21:00:00,3677.0
2016-10-16 22:00:00,3504.0
2016-10-16 23:00:00,3724.0
2016-10-17 00:00:00,3839.0
2016-10-17 01:00:00,3811.0
2016-10-17 02:00:00,3753.0
2016-10-17 03:00:00,3522.0
2016-10-17 04:00:00,3308.0
2016-10-17 05:00:00,3272.0
2016-10-17 06:00:00,3079.0
2016-10-17 07:00:00,3004.0
2016-10-17 08:00:00,2988.0
2016-10-17 09:00:00,3126.0
2016-10-17 10:00:00,3138.0
2016-10-17 11:00:00,3484.0
2016-10-17 12:00:00,3723.0
2016-10-17 13:00:00,3647.0
2016-10-17 14:00:00,3830.0
2016-10-17 15:00:00,3719.0
2016-10-17 16:00:00,3541.0
2016-10-17 17:00:00,3747.0
2016-10-17 18:00:00,3787.0
2016-10-17 19:00:00,3925.0
2016-10-17 20:00:00,3711.0
2016-10-17 21:00:00,3618.0
2016-10-17 22:00:00,3495.0
2016-10-17 23:00:00,3639.0
2016-10-18 00:00:00,3588.0
2016-10-18 01:00:00,3527.0
2016-10-18 02:00:00,3543.0
2016-10-18 03:00:00,3406.0
2016-10-18 04:00:00,3289.0
2016-10-18 05:00:00,3265.0
2016-10-18 06:00:00,3226.0
2016-10-18 07:00:00,2958.0
2016-10-18 08:00:00,3120.0
2016-10-18 09:00:00,3087.0
2016-10-18 10:00:00,3057.0
2016-10-18 11:00:00,3534.0
2016-10-18 12:00:00,3853.0
2016-10-18 13:00:00,3583.0
2016-10-18 14:00:00,3751.0
2016-10-18 15:00:00,3701.0
2016-10-18 16:00:00,3752.0
2016-10-18 17:00:00,3645.0
2016-10-18 18:00:00,3641.0
2016-10-18 19:00:00,3658.0
2016-10-18 20:00:00,3552.0
2016-10-18 21:00:00,3581.0
2016-10-18 22:00:00,3474.0
2016-10-18 23:00:00,3611.0
2016-10-19 00:00:00,3615.0
2016-10-19 01:00:00,3762.0
2016-10-19 02:00:00,3770.0
2016-10-19 03:00:00,3596.0
2016-10-19 04:00:00,3364.0
2016-10-19 05:00:00,3259.0
2016-10-19 06:00:00,3168.0
2016-10-19 07:00:00,3236.0
2016-10-19 08:00:00,3202.0
2016-10-19 09:00:00,3263.0
2016-10-19 10:00:00,3196.0
2016-10-19 11:00:00,3657.0
2016-10-19 12:00:00,3796.0
2016-10-19 13:00:00,3585.0
2016-10-19 14:00:00,3950.0
2016-10-19 15:00:00,3635.0
2016-10-19 16:00:00,3455.0
2016-10-19 17:00:00,3510.0
2016-10-19 18:00:00,3473.0
2016-10-19 19:00:00,3535.0
2016-10-19 20:00:00,3450.0
2016-10-19 21:00:00,3286.0
2016-10-19 22:00:00,3150.0
2016-10-19 23:00:00,3501.0
2016-10-20 00:00:00,3584.0
2016-10-20 01:00:00,3588.0
2016-10-20 02:00:00,3464.0
2016-10-20 03:00:00,3355.0
2016-10-20 04:00:00,3137.0
2016-10-20 05:00:00,2989.0
2016-10-20 06:00:00,2957.0
2016-10-20 07:00:00,2833.0
2016-10-20 08:00:00,2867.0
2016-10-20 09:00:00,3025.0
2016-10-20 10:00:00,2858.0
2016-10-20 11:00:00,2900.0
2016-10-20 12:00:00,2948.0
2016-10-20 13:00:00,2901.0
2016-10-20 14:00:00,3138.0
2016-10-20 15:00:00,3050.0
2016-10-20 16:00:00,2888.0
2016-10-20 17:00:00,2901.0
2016-10-20 18:00:00,3049.0
2016-10-20 19:00:00,3031.0
2016-10-20 20:00:00,3041.0
2016-10-20 21:00:00,3188.0
2016-10-20 22:00:00,3118.0
2016-10-20 23:00:00,3270.0
2016-10-21 00:00:00,3227.0
2016-10-21 01:00:00,3263.0
2016-10-21 02:00:00,3093.0
2016-10-21 03:00:00,3091.0
2016-10-21 04:00:00,2939.0
2016-10-21 05:00:00,2859.0
2016-10-21 06:00:00,2789.0
2016-10-21 07:00:00,2698.0
2016-10-21 08:00:00,2684.0
2016-10-21 09:00:00,2722.0
2016-10-21 10:00:00,2604.0
2016-10-21 11:00:00,2596.0
2016-10-21 12:00:00,2615.0
2016-10-21 13:00:00,2636.0
2016-10-21 14:00:00,2498.0
2016-10-21 15:00:00,2753.0
2016-10-21 16:00:00,2725.0
2016-10-21 17:00:00,2612.0
2016-10-21 18:00:00,2707.0
2016-10-21 19:00:00,2625.0
2016-10-21 20:00:00,2682.0
2016-10-21 21:00:00,2746.0
2016-10-21 22:00:00,2698.0
2016-10-21 23:00:00,2726.0
2016-10-22 00:00:00,2683.0
2016-10-22 01:00:00,2511.0
2016-10-22 02:00:00,2698.0
2016-10-22 03:00:00,2727.0
2016-10-22 04:00:00,2632.0
2016-10-22 05:00:00,2582.0
2016-10-22 06:00:00,2664.0
2016-10-22 07:00:00,2559.0
2016-10-22 08:00:00,2588.0
2016-10-22 09:00:00,2780.0
2016-10-22 10:00:00,2662.0
2016-10-22 11:00:00,3182.0
2016-10-22 12:00:00,3341.0
2016-10-22 13:00:00,3260.0
2016-10-22 14:00:00,3505.0
2016-10-22 15:00:00,3390.0
2016-10-22 16:00:00,3403.0
2016-10-22 17:00:00,3376.0
2016-10-22 18:00:00,3491.0
2016-10-22 19:00:00,3502.0
2016-10-22 20:00:00,3302.0
2016-10-22 21:00:00,3368.0
2016-10-22 22:00:00,3195.0
2016-10-22 23:00:00,3336.0
2016-10-23 00:00:00,3576.0
2016-10-23 01:00:00,3492.0
2016-10-23 02:00:00,3435.0
2016-10-23 03:00:00,3395.0
2016-10-23 04:00:00,3102.0
2016-10-23 05:00:00,2983.0
2016-10-23 06:00:00,2885.0
2016-10-23 07:00:00,2765.0
2016-10-23 08:00:00,2811.0
2016-10-23 09:00:00,2868.0
2016-10-23 10:00:00,2839.0
2016-10-23 11:00:00,3272.0
2016-10-23 12:00:00,3305.0
2016-10-23 13:00:00,3327.0
2016-10-23 14:00:00,3413.0
2016-10-23 15:00:00,3357.0
2016-10-23 16:00:00,3314.0
2016-10-23 17:00:00,3358.0
2016-10-23 18:00:00,3562.0
2016-10-23 19:00:00,3430.0
2016-10-23 20:00:00,3201.0
2016-10-23 21:00:00,3290.0
2016-10-23 22:00:00,3204.0
2016-10-23 23:00:00,3344.0
2016-10-24 00:00:00,3502.0
2016-10-24 01:00:00,3444.0
2016-10-24 02:00:00,3371.0
2016-10-24 03:00:00,3207.0
2016-10-24 04:00:00,3043.0
2016-10-24 05:00:00,2934.0
2016-10-24 06:00:00,2783.0
2016-10-24 07:00:00,2793.0
2016-10-24 08:00:00,2858.0
2016-10-24 09:00:00,2885.0
2016-10-24 10:00:00,2799.0
2016-10-24 11:00:00,3063.0
2016-10-24 12:00:00,3256.0
2016-10-24 13:00:00,3065.0
2016-10-24 14:00:00,3261.0
2016-10-24 15:00:00,3210.0
2016-10-24 16:00:00,3024.0
2016-10-24 17:00:00,3293.0
2016-10-24 18:00:00,3151.0
2016-10-24 19:00:00,3015.0
2016-10-24 20:00:00,2957.0
2016-10-24 21:00:00,3097.0
2016-10-24 22:00:00,3007.0
2016-10-24 23:00:00,3125.0
2016-10-25 00:00:00,3071.0
2016-10-25 01:00:00,3142.0
2016-10-25 02:00:00,3050.0
2016-10-25 03:00:00,3048.0
2016-10-25 04:00:00,2994.0
2016-10-25 05:00:00,2868.0
2016-10-25 06:00:00,2857.0
2016-10-25 07:00:00,2715.0
2016-10-25 08:00:00,2713.0
2016-10-25 09:00:00,2804.0
2016-10-25 10:00:00,2843.0
2016-10-25 11:00:00,3139.0
2016-10-25 12:00:00,3446.0
2016-10-25 13:00:00,3506.0
2016-10-25 14:00:00,3534.0
2016-10-25 15:00:00,3442.0
2016-10-25 16:00:00,3286.0
2016-10-25 17:00:00,3293.0
2016-10-25 18:00:00,3272.0
2016-10-25 19:00:00,3196.0
2016-10-25 20:00:00,3117.0
2016-10-25 21:00:00,3120.0
2016-10-25 22:00:00,3100.0
2016-10-25 23:00:00,3289.0
2016-10-26 00:00:00,3453.0
2016-10-26 01:00:00,3430.0
2016-10-26 02:00:00,3282.0
2016-10-26 03:00:00,3230.0
2016-10-26 04:00:00,3026.0
2016-10-26 05:00:00,2933.0
2016-10-26 06:00:00,2896.0
2016-10-26 07:00:00,2792.0
2016-10-26 08:00:00,2678.0
2016-10-26 09:00:00,2789.0
2016-10-26 10:00:00,2807.0
2016-10-26 11:00:00,3025.0
2016-10-26 12:00:00,3306.0
2016-10-26 13:00:00,3207.0
2016-10-26 14:00:00,3420.0
2016-10-26 15:00:00,3278.0
2016-10-26 16:00:00,3259.0
2016-10-26 17:00:00,3298.0
2016-10-26 18:00:00,3423.0
2016-10-26 19:00:00,3436.0
2016-10-26 20:00:00,3198.0
2016-10-26 21:00:00,3139.0
2016-10-26 22:00:00,3161.0
2016-10-26 23:00:00,3388.0
2016-10-27 00:00:00,3317.0
2016-10-27 01:00:00,3315.0
2016-10-27 02:00:00,3213.0
2016-10-27 03:00:00,3162.0
2016-10-27 04:00:00,3037.0
2016-10-27 05:00:00,2934.0
2016-10-27 06:00:00,2793.0
2016-10-27 07:00:00,2776.0
2016-10-27 08:00:00,2756.0
2016-10-27 09:00:00,2773.0
2016-10-27 10:00:00,2728.0
2016-10-27 11:00:00,2866.0
2016-10-27 12:00:00,2893.0
2016-10-27 13:00:00,2849.0
2016-10-27 14:00:00,2997.0
2016-10-27 15:00:00,2859.0
2016-10-27 16:00:00,2807.0
2016-10-27 17:00:00,2829.0
2016-10-27 18:00:00,2890.0
2016-10-27 19:00:00,2970.0
2016-10-27 20:00:00,2844.0
2016-10-27 21:00:00,3030.0
2016-10-27 22:00:00,2930.0
2016-10-27 23:00:00,2953.0
2016-10-28 00:00:00,3068.0
2016-10-28 01:00:00,3055.0
2016-10-28 02:00:00,3063.0
2016-10-28 03:00:00,2924.0
2016-10-28 04:00:00,2817.0
2016-10-28 05:00:00,2770.0
2016-10-28 06:00:00,2616.0
2016-10-28 07:00:00,2537.0
2016-10-28 08:00:00,2588.0
2016-10-28 09:00:00,2629.0
2016-10-28 10:00:00,2496.0
2016-10-28 11:00:00,2585.0
2016-10-28 12:00:00,2551.0
2016-10-28 13:00:00,2521.0
2016-10-28 14:00:00,2454.0
2016-10-28 15:00:00,2606.0
2016-10-28 16:00:00,2517.0
2016-10-28 17:00:00,2524.0
2016-10-28 18:00:00,2567.0
2016-10-28 19:00:00,2439.0
2016-10-28 20:00:00,2573.0
2016-10-28 21:00:00,2635.0
2016-10-28 22:00:00,2629.0
2016-10-28 23:00:00,2659.0
2016-10-29 00:00:00,2631.0
2016-10-29 01:00:00,2553.0
2016-10-29 02:00:00,2611.0
2016-10-29 03:00:00,2585.0
2016-10-29 04:00:00,2573.0
2016-10-29 05:00:00,2590.0
2016-10-29 06:00:00,2486.0
2016-10-29 07:00:00,2537.0
2016-10-29 08:00:00,2572.0
2016-10-29 09:00:00,2606.0
2016-10-29 10:00:00,2628.0
2016-10-29 11:00:00,3038.0
2016-10-29 12:00:00,3286.0
2016-10-29 13:00:00,3350.0
2016-10-29 14:00:00,3568.0
2016-10-29 15:00:00,3277.0
2016-10-29 16:00:00,3254.0
2016-10-29 17:00:00,3338.0
2016-10-29 18:00:00,3182.0
2016-10-29 19:00:00,3392.0
2016-10-29 20:00:00,3295.0
2016-10-29 21:00:00,3292.0
2016-10-29 22:00:00,3156.0
2016-10-29 23:00:00,3279.0
2016-10-30 00:00:00,3378.0
2016-10-30 01:00:00,3566.0
2016-10-30 02:00:00,3402.0
2016-10-30 03:00:00,3349.0
2016-10-30 04:00:00,3064.0
2016-10-30 05:00:00,2973.0
2016-10-30 06:00:00,2903.0
2016-10-30 07:00:00,2800.0
2016-10-30 08:00:00,2813.0
2016-10-30 09:00:00,2828.0
2016-10-30 10:00:00,2727.0
2016-10-30 11:00:00,2976.0
2016-10-30 12:00:00,3004.0
2016-10-30 13:00:00,3101.0
2016-10-30 14:00:00,3179.0
2016-10-30 15:00:00,3234.0
2016-10-30 16:00:00,3194.0
2016-10-30 17:00:00,3243.0
2016-10-30 18:00:00,3297.0
2016-10-30 19:00:00,3287.0
2016-10-30 20:00:00,3104.0
2016-10-30 21:00:00,3037.0
2016-10-30 22:00:00,3054.0
2016-10-30 23:00:00,3136.0
2016-10-31 00:00:00,3310.0
2016-10-31 01:00:00,3358.0
2016-10-31 02:00:00,3353.0
2016-10-31 03:00:00,3124.0
2016-10-31 04:00:00,3027.0
2016-10-31 05:00:00,2997.0
2016-10-31 06:00:00,2875.0
2016-10-31 07:00:00,2814.0
2016-10-31 08:00:00,2797.0
2016-10-31 09:00:00,2812.0
2016-10-31 10:00:00,2752.0
2016-10-31 11:00:00,3284.0
2016-10-31 12:00:00,3501.0
2016-10-31 13:00:00,3326.0
2016-10-31 14:00:00,3393.0
2016-10-31 15:00:00,3346.0
2016-10-31 16:00:00,3369.0
2016-10-31 17:00:00,3386.0
2016-10-31 18:00:00,3394.0
2016-10-31 19:00:00,3516.0
2016-10-31 20:00:00,3370.0
2016-10-31 21:00:00,3333.0
2016-10-31 22:00:00,3110.0
2016-10-31 23:00:00,3272.0
2016-11-01 00:00:00,3292.0
2016-11-01 01:00:00,3360.0
2016-11-01 02:00:00,3338.0
2016-11-01 03:00:00,3129.0
2016-11-01 04:00:00,3014.0
2016-11-01 05:00:00,2947.0
2016-11-01 06:00:00,2826.0
2016-11-01 07:00:00,2779.0
2016-11-01 08:00:00,2763.0
2016-11-01 09:00:00,2777.0
2016-11-01 10:00:00,2761.0
2016-11-01 11:00:00,3300.0
2016-11-01 12:00:00,3416.0
2016-11-01 13:00:00,3304.0
2016-11-01 14:00:00,3488.0
2016-11-01 15:00:00,3419.0
2016-11-01 16:00:00,3339.0
2016-11-01 17:00:00,3560.0
2016-11-01 18:00:00,3519.0
2016-11-01 19:00:00,3372.0
2016-11-01 20:00:00,3311.0
2016-11-01 21:00:00,3220.0
2016-11-01 22:00:00,3194.0
2016-11-01 23:00:00,3306.0
2016-11-02 00:00:00,3396.0
2016-11-02 01:00:00,3578.0
2016-11-02 02:00:00,3531.0
2016-11-02 03:00:00,3306.0
2016-11-02 04:00:00,3152.0
2016-11-02 05:00:00,2952.0
2016-11-02 06:00:00,2860.0
2016-11-02 07:00:00,2839.0
2016-11-02 08:00:00,2763.0
2016-11-02 09:00:00,2768.0
2016-11-02 10:00:00,2894.0
2016-11-02 11:00:00,3199.0
2016-11-02 12:00:00,3438.0
2016-11-02 13:00:00,3468.0
2016-11-02 14:00:00,3591.0
2016-11-02 15:00:00,3567.0
2016-11-02 16:00:00,3494.0
2016-11-02 17:00:00,3592.0
2016-11-02 18:00:00,3690.0
2016-11-02 19:00:00,3595.0
2016-11-02 20:00:00,3415.0
2016-11-02 21:00:00,3339.0
2016-11-02 22:00:00,3295.0
2016-11-02 23:00:00,3431.0
2016-11-03 00:00:00,3581.0
2016-11-03 01:00:00,3633.0
2016-11-03 02:00:00,3566.0
2016-11-03 03:00:00,3279.0
2016-11-03 04:00:00,3204.0
2016-11-03 05:00:00,3009.0
2016-11-03 06:00:00,3001.0
2016-11-03 07:00:00,2881.0
2016-11-03 08:00:00,2846.0
2016-11-03 09:00:00,2855.0
2016-11-03 10:00:00,2879.0
2016-11-03 11:00:00,2970.0
2016-11-03 12:00:00,3016.0
2016-11-03 13:00:00,3042.0
2016-11-03 14:00:00,2997.0
2016-11-03 15:00:00,3031.0
2016-11-03 16:00:00,2905.0
2016-11-03 17:00:00,2885.0
2016-11-03 18:00:00,3107.0
2016-11-03 19:00:00,2912.0
2016-11-03 20:00:00,2762.0
2016-11-03 21:00:00,2986.0
2016-11-03 22:00:00,2997.0
2016-11-03 23:00:00,3186.0
2016-11-04 00:00:00,3148.0
2016-11-04 01:00:00,3083.0
2016-11-04 02:00:00,3182.0
2016-11-04 03:00:00,2990.0
2016-11-04 04:00:00,2912.0
2016-11-04 05:00:00,2785.0
2016-11-04 06:00:00,2724.0
2016-11-04 07:00:00,2541.0
2016-11-04 08:00:00,2672.0
2016-11-04 09:00:00,2644.0
2016-11-04 10:00:00,2509.0
2016-11-04 11:00:00,2632.0
2016-11-04 12:00:00,2578.0
2016-11-04 13:00:00,2550.0
2016-11-04 14:00:00,2698.0
2016-11-04 15:00:00,2710.0
2016-11-04 16:00:00,2671.0
2016-11-04 17:00:00,2695.0
2016-11-04 18:00:00,2758.0
2016-11-04 19:00:00,2708.0
2016-11-04 20:00:00,2760.0
2016-11-04 21:00:00,2862.0
2016-11-04 22:00:00,2808.0
2016-11-04 23:00:00,2768.0
2016-11-05 00:00:00,2736.0
2016-11-05 01:00:00,2702.0
2016-11-05 02:00:00,2769.0
2016-11-05 03:00:00,2707.0
2016-11-05 04:00:00,2789.0
2016-11-05 05:00:00,2653.0
2016-11-05 06:00:00,2698.0
2016-11-05 07:00:00,2651.0
2016-11-05 08:00:00,2687.0
2016-11-05 09:00:00,2824.0
2016-11-05 10:00:00,2925.0
2016-11-05 11:00:00,3148.0
2016-11-05 12:00:00,3307.0
2016-11-05 13:00:00,3412.0
2016-11-05 14:00:00,3492.0
2016-11-05 15:00:00,3524.0
2016-11-05 16:00:00,3037.0
2016-11-05 17:00:00,2796.0
2016-11-05 18:00:00,3598.0
2016-11-05 19:00:00,3634.0
2016-11-05 20:00:00,3472.0
2016-11-05 21:00:00,3473.0
2016-11-05 22:00:00,3293.0
2016-11-05 23:00:00,3494.0
2016-11-06 00:00:00,3673.0
2016-11-06 01:00:00,3595.0
2016-11-06 02:00:00,3577.0
2016-11-06 03:00:00,3608.0
2016-11-06 04:00:00,3401.0
2016-11-06 05:00:00,3240.0
2016-11-06 06:00:00,3078.0
2016-11-06 07:00:00,2958.0
2016-11-06 08:00:00,2865.0
2016-11-06 09:00:00,2957.0
2016-11-06 10:00:00,3012.0
2016-11-06 11:00:00,3163.0
2016-11-06 12:00:00,3594.0
2016-11-06 13:00:00,3670.0
2016-11-06 14:00:00,4022.0
2016-11-06 15:00:00,3905.0
2016-11-06 16:00:00,3832.0
2016-11-06 17:00:00,3830.0
2016-11-06 18:00:00,3872.0
2016-11-06 19:00:00,3912.0
2016-11-06 20:00:00,3794.0
2016-11-06 21:00:00,3733.0
2016-11-06 22:00:00,3544.0
2016-11-06 23:00:00,3591.0
2016-11-07 00:00:00,3737.0
2016-11-07 01:00:00,3780.0
2016-11-07 02:00:00,3572.0
2016-11-07 03:00:00,3413.0
2016-11-07 04:00:00,3205.0
2016-11-07 05:00:00,3106.0
2016-11-07 06:00:00,2963.0
2016-11-07 07:00:00,2814.0
2016-11-07 08:00:00,2832.0
2016-11-07 09:00:00,2923.0
2016-11-07 10:00:00,2975.0
2016-11-07 11:00:00,3257.0
2016-11-07 12:00:00,3433.0
2016-11-07 13:00:00,3337.0
2016-11-07 14:00:00,3575.0
2016-11-07 15:00:00,3751.0
2016-11-07 16:00:00,3820.0
2016-11-07 17:00:00,3930.0
2016-11-07 18:00:00,3971.0
2016-11-07 19:00:00,3968.0
2016-11-07 20:00:00,3928.0
2016-11-07 21:00:00,3843.0
2016-11-07 22:00:00,3675.0
2016-11-07 23:00:00,3806.0
2016-11-08 00:00:00,3753.0
2016-11-08 01:00:00,3739.0
2016-11-08 02:00:00,3652.0
2016-11-08 03:00:00,3541.0
2016-11-08 04:00:00,3268.0
2016-11-08 05:00:00,3149.0
2016-11-08 06:00:00,3019.0
2016-11-08 07:00:00,2920.0
2016-11-08 08:00:00,2919.0
2016-11-08 09:00:00,2993.0
2016-11-08 10:00:00,3109.0
2016-11-08 11:00:00,3577.0
2016-11-08 12:00:00,4022.0
2016-11-08 13:00:00,3995.0
2016-11-08 14:00:00,4201.0
2016-11-08 15:00:00,4134.0
2016-11-08 16:00:00,4277.0
2016-11-08 17:00:00,4383.0
2016-11-08 18:00:00,4335.0
2016-11-08 19:00:00,4266.0
2016-11-08 20:00:00,4058.0
2016-11-08 21:00:00,3981.0
2016-11-08 22:00:00,3784.0
2016-11-08 23:00:00,3817.0
2016-11-09 00:00:00,3968.0
2016-11-09 01:00:00,4038.0
2016-11-09 02:00:00,3832.0
2016-11-09 03:00:00,3673.0
2016-11-09 04:00:00,3476.0
2016-11-09 05:00:00,3293.0
2016-11-09 06:00:00,3205.0
2016-11-09 07:00:00,3071.0
2016-11-09 08:00:00,3136.0
2016-11-09 09:00:00,3083.0
2016-11-09 10:00:00,3162.0
2016-11-09 11:00:00,3697.0
2016-11-09 12:00:00,3861.0
2016-11-09 13:00:00,3901.0
2016-11-09 14:00:00,4094.0
2016-11-09 15:00:00,4140.0
2016-11-09 16:00:00,4125.0
2016-11-09 17:00:00,4148.0
2016-11-09 18:00:00,4022.0
2016-11-09 19:00:00,4007.0
2016-11-09 20:00:00,3898.0
2016-11-09 21:00:00,3871.0
2016-11-09 22:00:00,3755.0
2016-11-09 23:00:00,3773.0
2016-11-10 00:00:00,3968.0
2016-11-10 01:00:00,3975.0
2016-11-10 02:00:00,3714.0
2016-11-10 03:00:00,3552.0
2016-11-10 04:00:00,3375.0
2016-11-10 05:00:00,3272.0
2016-11-10 06:00:00,3115.0
2016-11-10 07:00:00,2912.0
2016-11-10 08:00:00,2888.0
2016-11-10 09:00:00,2949.0
2016-11-10 10:00:00,2838.0
2016-11-10 11:00:00,2989.0
2016-11-10 12:00:00,3106.0
2016-11-10 13:00:00,3220.0
2016-11-10 14:00:00,3520.0
2016-11-10 15:00:00,3554.0
2016-11-10 16:00:00,3650.0
2016-11-10 17:00:00,3580.0
2016-11-10 18:00:00,3579.0
2016-11-10 19:00:00,3607.0
2016-11-10 20:00:00,3526.0
2016-11-10 21:00:00,3633.0
2016-11-10 22:00:00,3528.0
2016-11-10 23:00:00,3601.0
2016-11-11 00:00:00,3633.0
2016-11-11 01:00:00,3617.0
2016-11-11 02:00:00,3451.0
2016-11-11 03:00:00,3345.0
2016-11-11 04:00:00,3050.0
2016-11-11 05:00:00,2911.0
2016-11-11 06:00:00,2782.0
2016-11-11 07:00:00,2698.0
2016-11-11 08:00:00,2745.0
2016-11-11 09:00:00,2756.0
2016-11-11 10:00:00,2637.0
2016-11-11 11:00:00,2820.0
2016-11-11 12:00:00,2900.0
2016-11-11 13:00:00,2976.0
2016-11-11 14:00:00,2954.0
2016-11-11 15:00:00,2996.0
2016-11-11 16:00:00,3017.0
2016-11-11 17:00:00,3189.0
2016-11-11 18:00:00,3163.0
2016-11-11 19:00:00,3030.0
2016-11-11 20:00:00,3082.0
2016-11-11 21:00:00,3226.0
2016-11-11 22:00:00,2917.0
2016-11-11 23:00:00,2956.0
2016-11-12 00:00:00,2867.0
2016-11-12 01:00:00,2772.0
2016-11-12 02:00:00,2853.0
2016-11-12 03:00:00,2889.0
2016-11-12 04:00:00,2704.0
2016-11-12 05:00:00,2784.0
2016-11-12 06:00:00,2804.0
2016-11-12 07:00:00,2808.0
2016-11-12 08:00:00,2720.0
2016-11-12 09:00:00,2835.0
2016-11-12 10:00:00,3001.0
2016-11-12 11:00:00,3257.0
2016-11-12 12:00:00,3708.0
2016-11-12 13:00:00,3792.0
2016-11-12 14:00:00,3949.0
2016-11-12 15:00:00,3959.0
2016-11-12 16:00:00,3990.0
2016-11-12 17:00:00,3929.0
2016-11-12 18:00:00,3952.0
2016-11-12 19:00:00,3855.0
2016-11-12 20:00:00,3757.0
2016-11-12 21:00:00,3663.0
2016-11-12 22:00:00,3511.0
2016-11-12 23:00:00,3558.0
2016-11-13 00:00:00,3706.0
2016-11-13 01:00:00,3718.0
2016-11-13 02:00:00,3583.0
2016-11-13 03:00:00,3438.0
2016-11-13 04:00:00,3115.0
2016-11-13 05:00:00,3083.0
2016-11-13 06:00:00,2957.0
2016-11-13 07:00:00,2961.0
2016-11-13 08:00:00,2864.0
2016-11-13 09:00:00,3024.0
2016-11-13 10:00:00,2999.0
2016-11-13 11:00:00,3487.0
2016-11-13 12:00:00,3628.0
2016-11-13 13:00:00,3797.0
2016-11-13 14:00:00,4124.0
2016-11-13 15:00:00,4164.0
2016-11-13 16:00:00,4106.0
2016-11-13 17:00:00,4084.0
2016-11-13 18:00:00,4103.0
2016-11-13 19:00:00,4002.0
2016-11-13 20:00:00,3934.0
2016-11-13 21:00:00,3872.0
2016-11-13 22:00:00,3753.0
2016-11-13 23:00:00,3843.0
2016-11-14 00:00:00,4081.0
2016-11-14 01:00:00,4190.0
2016-11-14 02:00:00,3916.0
2016-11-14 03:00:00,3741.0
2016-11-14 04:00:00,3517.0
2016-11-14 05:00:00,3311.0
2016-11-14 06:00:00,3076.0
2016-11-14 07:00:00,3173.0
2016-11-14 08:00:00,3105.0
2016-11-14 09:00:00,3105.0
2016-11-14 10:00:00,3153.0
2016-11-14 11:00:00,3685.0
2016-11-14 12:00:00,3867.0
2016-11-14 13:00:00,3974.0
2016-11-14 14:00:00,4131.0
2016-11-14 15:00:00,4120.0
2016-11-14 16:00:00,4149.0
2016-11-14 17:00:00,4143.0
2016-11-14 18:00:00,4061.0
2016-11-14 19:00:00,4041.0
2016-11-14 20:00:00,4111.0
2016-11-14 21:00:00,3947.0
2016-11-14 22:00:00,3697.0
2016-11-14 23:00:00,3802.0
2016-11-15 00:00:00,3774.0
2016-11-15 01:00:00,3802.0
2016-11-15 02:00:00,3575.0
2016-11-15 03:00:00,3417.0
2016-11-15 04:00:00,3233.0
2016-11-15 05:00:00,3121.0
2016-11-15 06:00:00,3084.0
2016-11-15 07:00:00,3139.0
2016-11-15 08:00:00,3213.0
2016-11-15 09:00:00,3285.0
2016-11-15 10:00:00,3130.0
2016-11-15 11:00:00,3331.0
2016-11-15 12:00:00,3422.0
2016-11-15 13:00:00,3491.0
2016-11-15 14:00:00,3493.0
2016-11-15 15:00:00,3609.0
2016-11-15 16:00:00,3591.0
2016-11-15 17:00:00,3661.0
2016-11-15 18:00:00,3633.0
2016-11-15 19:00:00,3680.0
2016-11-15 20:00:00,3542.0
2016-11-15 21:00:00,3563.0
2016-11-15 22:00:00,3478.0
2016-11-15 23:00:00,3604.0
2016-11-16 00:00:00,3685.0
2016-11-16 01:00:00,3710.0
2016-11-16 02:00:00,3605.0
2016-11-16 03:00:00,3523.0
2016-11-16 04:00:00,3331.0
2016-11-16 05:00:00,3148.0
2016-11-16 06:00:00,3092.0
2016-11-16 07:00:00,2998.0
2016-11-16 08:00:00,2912.0
2016-11-16 09:00:00,2964.0
2016-11-16 10:00:00,2973.0
2016-11-16 11:00:00,3383.0
2016-11-16 12:00:00,3644.0
2016-11-16 13:00:00,3532.0
2016-11-16 14:00:00,3697.0
2016-11-16 15:00:00,3631.0
2016-11-16 16:00:00,3661.0
2016-11-16 17:00:00,3881.0
2016-11-16 18:00:00,3824.0
2016-11-16 19:00:00,3736.0
2016-11-16 20:00:00,3618.0
2016-11-16 21:00:00,3573.0
2016-11-16 22:00:00,3396.0
2016-11-16 23:00:00,3601.0
2016-11-17 00:00:00,3700.0
2016-11-17 01:00:00,3699.0
2016-11-17 02:00:00,3584.0
2016-11-17 03:00:00,3439.0
2016-11-17 04:00:00,3282.0
2016-11-17 05:00:00,3155.0
2016-11-17 06:00:00,2954.0
2016-11-17 07:00:00,2958.0
2016-11-17 08:00:00,2924.0
2016-11-17 09:00:00,2898.0
2016-11-17 10:00:00,2791.0
2016-11-17 11:00:00,2957.0
2016-11-17 12:00:00,2971.0
2016-11-17 13:00:00,2877.0
2016-11-17 14:00:00,2975.0
2016-11-17 15:00:00,3166.0
2016-11-17 16:00:00,3034.0
2016-11-17 17:00:00,3072.0
2016-11-17 18:00:00,3227.0
2016-11-17 19:00:00,3081.0
2016-11-17 20:00:00,2940.0
2016-11-17 21:00:00,3067.0
2016-11-17 22:00:00,3085.0
2016-11-17 23:00:00,3210.0
2016-11-18 00:00:00,3233.0
2016-11-18 01:00:00,3196.0
2016-11-18 02:00:00,3129.0
2016-11-18 03:00:00,2964.0
2016-11-18 04:00:00,2859.0
2016-11-18 05:00:00,2871.0
2016-11-18 06:00:00,2718.0
2016-11-18 07:00:00,2605.0
2016-11-18 08:00:00,2614.0
2016-11-18 09:00:00,2723.0
2016-11-18 10:00:00,2516.0
2016-11-18 11:00:00,2537.0
2016-11-18 12:00:00,2564.0
2016-11-18 13:00:00,2609.0
2016-11-18 14:00:00,2591.0
2016-11-18 15:00:00,2677.0
2016-11-18 16:00:00,2610.0
2016-11-18 17:00:00,2571.0
2016-11-18 18:00:00,2619.0
2016-11-18 19:00:00,2557.0
2016-11-18 20:00:00,2629.0
2016-11-18 21:00:00,2669.0
2016-11-18 22:00:00,2551.0
2016-11-18 23:00:00,2600.0
2016-11-19 00:00:00,2644.0
2016-11-19 01:00:00,2552.0
2016-11-19 02:00:00,2672.0
2016-11-19 03:00:00,2664.0
2016-11-19 04:00:00,2663.0
2016-11-19 05:00:00,2578.0
2016-11-19 06:00:00,2571.0
2016-11-19 07:00:00,2670.0
2016-11-19 08:00:00,2656.0
2016-11-19 09:00:00,2793.0
2016-11-19 10:00:00,2812.0
2016-11-19 11:00:00,3147.0
2016-11-19 12:00:00,3192.0
2016-11-19 13:00:00,3320.0
2016-11-19 14:00:00,3333.0
2016-11-19 15:00:00,3353.0
2016-11-19 16:00:00,3344.0
2016-11-19 17:00:00,3220.0
2016-11-19 18:00:00,3291.0
2016-11-19 19:00:00,3238.0
2016-11-19 20:00:00,3051.0
2016-11-19 21:00:00,3211.0
2016-11-19 22:00:00,3226.0
2016-11-19 23:00:00,3343.0
2016-11-20 00:00:00,3510.0
2016-11-20 01:00:00,3515.0
2016-11-20 02:00:00,3562.0
2016-11-20 03:00:00,3370.0
2016-11-20 04:00:00,3145.0
2016-11-20 05:00:00,2928.0
2016-11-20 06:00:00,2749.0
2016-11-20 07:00:00,2760.0
2016-11-20 08:00:00,2750.0
2016-11-20 09:00:00,2777.0
2016-11-20 10:00:00,2871.0
2016-11-20 11:00:00,3218.0
2016-11-20 12:00:00,3450.0
2016-11-20 13:00:00,3513.0
2016-11-20 14:00:00,3430.0
2016-11-20 15:00:00,3644.0
2016-11-20 16:00:00,3558.0
2016-11-20 17:00:00,3585.0
2016-11-20 18:00:00,3548.0
2016-11-20 19:00:00,3653.0
2016-11-20 20:00:00,3542.0
2016-11-20 21:00:00,3542.0
2016-11-20 22:00:00,3466.0
2016-11-20 23:00:00,3538.0
2016-11-21 00:00:00,3750.0
2016-11-21 01:00:00,3734.0
2016-11-21 02:00:00,3520.0
2016-11-21 03:00:00,3445.0
2016-11-21 04:00:00,3178.0
2016-11-21 05:00:00,3031.0
2016-11-21 06:00:00,2814.0
2016-11-21 07:00:00,2804.0
2016-11-21 08:00:00,2749.0
2016-11-21 09:00:00,2895.0
2016-11-21 10:00:00,2943.0
2016-11-21 11:00:00,3280.0
2016-11-21 12:00:00,3559.0
2016-11-21 13:00:00,3597.0
2016-11-21 14:00:00,3651.0
2016-11-21 15:00:00,3749.0
2016-11-21 16:00:00,3897.0
2016-11-21 17:00:00,4075.0
2016-11-21 18:00:00,4108.0
2016-11-21 19:00:00,4055.0
2016-11-21 20:00:00,3943.0
2016-11-21 21:00:00,3765.0
2016-11-21 22:00:00,3546.0
2016-11-21 23:00:00,3665.0
2016-11-22 00:00:00,3722.0
2016-11-22 01:00:00,3733.0
2016-11-22 02:00:00,3613.0
2016-11-22 03:00:00,3494.0
2016-11-22 04:00:00,3241.0
2016-11-22 05:00:00,3170.0
2016-11-22 06:00:00,3041.0
2016-11-22 07:00:00,3037.0
2016-11-22 08:00:00,2933.0
2016-11-22 09:00:00,2970.0
2016-11-22 10:00:00,3122.0
2016-11-22 11:00:00,3514.0
2016-11-22 12:00:00,3803.0
2016-11-22 13:00:00,3932.0
2016-11-22 14:00:00,4160.0
2016-11-22 15:00:00,4161.0
2016-11-22 16:00:00,4237.0
2016-11-22 17:00:00,4223.0
2016-11-22 18:00:00,4192.0
2016-11-22 19:00:00,3992.0
2016-11-22 20:00:00,3828.0
2016-11-22 21:00:00,3676.0
2016-11-22 22:00:00,3550.0
2016-11-22 23:00:00,3663.0
2016-11-23 00:00:00,3853.0
2016-11-23 01:00:00,3893.0
2016-11-23 02:00:00,3728.0
2016-11-23 03:00:00,3535.0
2016-11-23 04:00:00,3328.0
2016-11-23 05:00:00,3119.0
2016-11-23 06:00:00,3062.0
2016-11-23 07:00:00,3009.0
2016-11-23 08:00:00,2791.0
2016-11-23 09:00:00,2975.0
2016-11-23 10:00:00,3046.0
2016-11-23 11:00:00,3318.0
2016-11-23 12:00:00,3536.0
2016-11-23 13:00:00,3591.0
2016-11-23 14:00:00,3824.0
2016-11-23 15:00:00,3870.0
2016-11-23 16:00:00,3485.0
2016-11-23 17:00:00,3359.0
2016-11-23 18:00:00,3631.0
2016-11-23 19:00:00,3737.0
2016-11-23 20:00:00,3659.0
2016-11-23 21:00:00,3587.0
2016-11-23 22:00:00,3449.0
2016-11-23 23:00:00,3612.0
2016-11-24 00:00:00,3630.0
2016-11-24 01:00:00,3711.0
2016-11-24 02:00:00,3606.0
2016-11-24 03:00:00,3350.0
2016-11-24 04:00:00,3270.0
2016-11-24 05:00:00,3058.0
2016-11-24 06:00:00,2979.0
2016-11-24 07:00:00,2958.0
2016-11-24 08:00:00,2967.0
2016-11-24 09:00:00,2915.0
2016-11-24 10:00:00,3012.0
2016-11-24 11:00:00,3048.0
2016-11-24 12:00:00,2892.0
2016-11-24 13:00:00,2951.0
2016-11-24 14:00:00,3035.0
2016-11-24 15:00:00,3007.0
2016-11-24 16:00:00,2926.0
2016-11-24 17:00:00,3048.0
2016-11-24 18:00:00,3199.0
2016-11-24 19:00:00,3145.0
2016-11-24 20:00:00,2944.0
2016-11-24 21:00:00,3217.0
2016-11-24 22:00:00,3159.0
2016-11-24 23:00:00,3225.0
2016-11-25 00:00:00,3245.0
2016-11-25 01:00:00,3240.0
2016-11-25 02:00:00,3225.0
2016-11-25 03:00:00,3004.0
2016-11-25 04:00:00,2950.0
2016-11-25 05:00:00,2860.0
2016-11-25 06:00:00,2754.0
2016-11-25 07:00:00,2655.0
2016-11-25 08:00:00,2749.0
2016-11-25 09:00:00,2760.0
2016-11-25 10:00:00,2698.0
2016-11-25 11:00:00,2711.0
2016-11-25 12:00:00,2615.0
2016-11-25 13:00:00,2803.0
2016-11-25 14:00:00,2720.0
2016-11-25 15:00:00,2760.0
2016-11-25 16:00:00,2841.0
2016-11-25 17:00:00,2795.0
2016-11-25 18:00:00,2916.0
2016-11-25 19:00:00,2815.0
2016-11-25 20:00:00,2869.0
2016-11-25 21:00:00,2901.0
2016-11-25 22:00:00,2863.0
2016-11-25 23:00:00,2841.0
2016-11-26 00:00:00,2799.0
2016-11-26 01:00:00,2698.0
2016-11-26 02:00:00,2752.0
2016-11-26 03:00:00,2831.0
2016-11-26 04:00:00,2699.0
2016-11-26 05:00:00,2637.0
2016-11-26 06:00:00,2749.0
2016-11-26 07:00:00,2699.0
2016-11-26 08:00:00,2683.0
2016-11-26 09:00:00,2753.0
2016-11-26 10:00:00,2900.0
2016-11-26 11:00:00,3145.0
2016-11-26 12:00:00,3438.0
2016-11-26 13:00:00,3563.0
2016-11-26 14:00:00,3710.0
2016-11-26 15:00:00,3575.0
2016-11-26 16:00:00,3874.0
2016-11-26 17:00:00,3669.0
2016-11-26 18:00:00,3923.0
2016-11-26 19:00:00,3962.0
2016-11-26 20:00:00,3523.0
2016-11-26 21:00:00,3568.0
2016-11-26 22:00:00,3474.0
2016-11-26 23:00:00,3567.0
2016-11-27 00:00:00,3638.0
2016-11-27 01:00:00,3701.0
2016-11-27 02:00:00,3661.0
2016-11-27 03:00:00,3394.0
2016-11-27 04:00:00,3145.0
2016-11-27 05:00:00,2999.0
2016-11-27 06:00:00,2909.0
2016-11-27 07:00:00,2793.0
2016-11-27 08:00:00,2878.0
2016-11-27 09:00:00,2910.0
2016-11-27 10:00:00,2984.0
2016-11-27 11:00:00,3394.0
2016-11-27 12:00:00,3516.0
2016-11-27 13:00:00,3569.0
2016-11-27 14:00:00,3766.0
2016-11-27 15:00:00,3825.0
2016-11-27 16:00:00,3994.0
2016-11-27 17:00:00,3993.0
2016-11-27 18:00:00,3956.0
2016-11-27 19:00:00,3863.0
2016-11-27 20:00:00,3730.0
2016-11-27 21:00:00,3616.0
2016-11-27 22:00:00,3529.0
2016-11-27 23:00:00,3558.0
2016-11-28 00:00:00,3639.0
2016-11-28 01:00:00,3682.0
2016-11-28 02:00:00,3560.0
2016-11-28 03:00:00,3475.0
2016-11-28 04:00:00,3233.0
2016-11-28 05:00:00,3054.0
2016-11-28 06:00:00,2956.0
2016-11-28 07:00:00,2912.0
2016-11-28 08:00:00,2891.0
2016-11-28 09:00:00,3018.0
2016-11-28 10:00:00,2854.0
2016-11-28 11:00:00,3305.0
2016-11-28 12:00:00,3534.0
2016-11-28 13:00:00,3525.0
2016-11-28 14:00:00,3705.0
2016-11-28 15:00:00,3877.0
2016-11-28 16:00:00,3923.0
2016-11-28 17:00:00,3943.0
2016-11-28 18:00:00,4082.0
2016-11-28 19:00:00,4086.0
2016-11-28 20:00:00,3789.0
2016-11-28 21:00:00,3605.0
2016-11-28 22:00:00,3428.0
2016-11-28 23:00:00,3571.0
2016-11-29 00:00:00,3529.0
2016-11-29 01:00:00,3542.0
2016-11-29 02:00:00,3479.0
2016-11-29 03:00:00,3266.0
2016-11-29 04:00:00,3208.0
2016-11-29 05:00:00,3102.0
2016-11-29 06:00:00,3004.0
2016-11-29 07:00:00,2916.0
2016-11-29 08:00:00,2808.0
2016-11-29 09:00:00,2894.0
2016-11-29 10:00:00,3088.0
2016-11-29 11:00:00,3504.0
2016-11-29 12:00:00,3710.0
2016-11-29 13:00:00,3901.0
2016-11-29 14:00:00,4279.0
2016-11-29 15:00:00,4323.0
2016-11-29 16:00:00,4154.0
2016-11-29 17:00:00,4216.0
2016-11-29 18:00:00,4299.0
2016-11-29 19:00:00,4221.0
2016-11-29 20:00:00,4105.0
2016-11-29 21:00:00,4108.0
2016-11-29 22:00:00,3987.0
2016-11-29 23:00:00,3968.0
2016-11-30 00:00:00,4124.0
2016-11-30 01:00:00,4105.0
2016-11-30 02:00:00,3996.0
2016-11-30 03:00:00,3851.0
2016-11-30 04:00:00,3591.0
2016-11-30 05:00:00,3425.0
2016-11-30 06:00:00,3299.0
2016-11-30 07:00:00,3270.0
2016-11-30 08:00:00,3208.0
2016-11-30 09:00:00,3263.0
2016-11-30 10:00:00,3198.0
2016-11-30 11:00:00,3766.0
2016-11-30 12:00:00,3995.0
2016-11-30 13:00:00,4039.0
2016-11-30 14:00:00,4208.0
2016-11-30 15:00:00,4303.0
2016-11-30 16:00:00,4410.0
2016-11-30 17:00:00,4076.0
2016-11-30 18:00:00,4115.0
2016-11-30 19:00:00,4213.0
2016-11-30 20:00:00,4102.0
2016-11-30 21:00:00,3937.0
2016-11-30 22:00:00,3788.0
2016-11-30 23:00:00,3812.0
2016-12-01 00:00:00,3963.0
2016-12-01 01:00:00,4004.0
2016-12-01 02:00:00,3859.0
2016-12-01 03:00:00,3740.0
2016-12-01 04:00:00,3588.0
2016-12-01 05:00:00,3368.0
2016-12-01 06:00:00,3272.0
2016-12-01 07:00:00,3287.0
2016-12-01 08:00:00,3269.0
2016-12-01 09:00:00,3275.0
2016-12-01 10:00:00,3239.0
2016-12-01 11:00:00,3326.0
2016-12-01 12:00:00,3309.0
2016-12-01 13:00:00,3267.0
2016-12-01 14:00:00,3255.0
2016-12-01 15:00:00,3408.0
2016-12-01 16:00:00,3324.0
2016-12-01 17:00:00,3375.0
2016-12-01 18:00:00,3398.0
2016-12-01 19:00:00,3296.0
2016-12-01 20:00:00,3347.0
2016-12-01 21:00:00,3428.0
2016-12-01 22:00:00,3397.0
2016-12-01 23:00:00,3448.0
2016-12-02 00:00:00,3581.0
2016-12-02 01:00:00,3566.0
2016-12-02 02:00:00,3461.0
2016-12-02 03:00:00,3359.0
2016-12-02 04:00:00,3303.0
2016-12-02 05:00:00,3206.0
2016-12-02 06:00:00,3068.0
2016-12-02 07:00:00,2993.0
2016-12-02 08:00:00,2977.0
2016-12-02 09:00:00,2854.0
2016-12-02 10:00:00,2816.0
2016-12-02 11:00:00,2936.0
2016-12-02 12:00:00,2908.0
2016-12-02 13:00:00,2907.0
2016-12-02 14:00:00,2935.0
2016-12-02 15:00:00,3000.0
2016-12-02 16:00:00,3011.0
2016-12-02 17:00:00,3078.0
2016-12-02 18:00:00,3132.0
2016-12-02 19:00:00,2970.0
2016-12-02 20:00:00,3035.0
2016-12-02 21:00:00,3035.0
2016-12-02 22:00:00,3036.0
2016-12-02 23:00:00,2894.0
2016-12-03 00:00:00,2858.0
2016-12-03 01:00:00,2920.0
2016-12-03 02:00:00,2869.0
2016-12-03 03:00:00,2927.0
2016-12-03 04:00:00,2902.0
2016-12-03 05:00:00,2818.0
2016-12-03 06:00:00,2803.0
2016-12-03 07:00:00,2841.0
2016-12-03 08:00:00,2786.0
2016-12-03 09:00:00,2930.0
2016-12-03 10:00:00,3048.0
2016-12-03 11:00:00,3297.0
2016-12-03 12:00:00,3500.0
2016-12-03 13:00:00,3606.0
2016-12-03 14:00:00,3892.0
2016-12-03 15:00:00,3912.0
2016-12-03 16:00:00,3913.0
2016-12-03 17:00:00,3896.0
2016-12-03 18:00:00,3902.0
2016-12-03 19:00:00,3901.0
2016-12-03 20:00:00,3874.0
2016-12-03 21:00:00,3725.0
2016-12-03 22:00:00,3549.0
2016-12-03 23:00:00,3620.0
2016-12-04 00:00:00,3816.0
2016-12-04 01:00:00,3949.0
2016-12-04 02:00:00,3850.0
2016-12-04 03:00:00,3725.0
2016-12-04 04:00:00,3561.0
2016-12-04 05:00:00,3356.0
2016-12-04 06:00:00,3227.0
2016-12-04 07:00:00,3055.0
2016-12-04 08:00:00,3041.0
2016-12-04 09:00:00,3033.0
2016-12-04 10:00:00,3185.0
2016-12-04 11:00:00,3579.0
2016-12-04 12:00:00,3718.0
2016-12-04 13:00:00,3862.0
2016-12-04 14:00:00,4054.0
2016-12-04 15:00:00,4117.0
2016-12-04 16:00:00,4282.0
2016-12-04 17:00:00,4241.0
2016-12-04 18:00:00,4135.0
2016-12-04 19:00:00,4000.0
2016-12-04 20:00:00,3889.0
2016-12-04 21:00:00,3712.0
2016-12-04 22:00:00,3586.0
2016-12-04 23:00:00,3760.0
2016-12-05 00:00:00,3893.0
2016-12-05 01:00:00,3958.0
2016-12-05 02:00:00,3901.0
2016-12-05 03:00:00,3773.0
2016-12-05 04:00:00,3543.0
2016-12-05 05:00:00,3347.0
2016-12-05 06:00:00,3250.0
2016-12-05 07:00:00,3130.0
2016-12-05 08:00:00,3173.0
2016-12-05 09:00:00,3104.0
2016-12-05 10:00:00,3234.0
2016-12-05 11:00:00,3664.0
2016-12-05 12:00:00,3776.0
2016-12-05 13:00:00,3758.0
2016-12-05 14:00:00,3898.0
2016-12-05 15:00:00,3869.0
2016-12-05 16:00:00,3939.0
2016-12-05 17:00:00,3886.0
2016-12-05 18:00:00,3941.0
2016-12-05 19:00:00,3814.0
2016-12-05 20:00:00,3738.0
2016-12-05 21:00:00,3648.0
2016-12-05 22:00:00,3507.0
2016-12-05 23:00:00,3645.0
2016-12-06 00:00:00,3713.0
2016-12-06 01:00:00,3732.0
2016-12-06 02:00:00,3640.0
2016-12-06 03:00:00,3561.0
2016-12-06 04:00:00,3478.0
2016-12-06 05:00:00,3303.0
2016-12-06 06:00:00,3235.0
2016-12-06 07:00:00,3219.0
2016-12-06 08:00:00,3231.0
2016-12-06 09:00:00,3151.0
2016-12-06 10:00:00,3114.0
2016-12-06 11:00:00,3455.0
2016-12-06 12:00:00,3375.0
2016-12-06 13:00:00,3370.0
2016-12-06 14:00:00,3437.0
2016-12-06 15:00:00,3503.0
2016-12-06 16:00:00,3525.0
2016-12-06 17:00:00,3536.0
2016-12-06 18:00:00,3497.0
2016-12-06 19:00:00,3385.0
2016-12-06 20:00:00,3419.0
2016-12-06 21:00:00,3404.0
2016-12-06 22:00:00,3338.0
2016-12-06 23:00:00,3491.0
2016-12-07 00:00:00,3639.0
2016-12-07 01:00:00,3670.0
2016-12-07 02:00:00,3623.0
2016-12-07 03:00:00,3478.0
2016-12-07 04:00:00,3320.0
2016-12-07 05:00:00,3130.0
2016-12-07 06:00:00,3011.0
2016-12-07 07:00:00,3003.0
2016-12-07 08:00:00,2882.0
2016-12-07 09:00:00,2973.0
2016-12-07 10:00:00,2976.0
2016-12-07 11:00:00,3390.0
2016-12-07 12:00:00,3350.0
2016-12-07 13:00:00,3305.0
2016-12-07 14:00:00,3484.0
2016-12-07 15:00:00,3667.0
2016-12-07 16:00:00,3583.0
2016-12-07 17:00:00,3686.0
2016-12-07 18:00:00,3763.0
2016-12-07 19:00:00,3627.0
2016-12-07 20:00:00,3556.0
2016-12-07 21:00:00,3474.0
2016-12-07 22:00:00,3360.0
2016-12-07 23:00:00,3533.0
2016-12-08 00:00:00,3701.0
2016-12-08 01:00:00,3795.0
2016-12-08 02:00:00,3692.0
2016-12-08 03:00:00,3455.0
2016-12-08 04:00:00,3255.0
2016-12-08 05:00:00,3064.0
2016-12-08 06:00:00,3057.0
2016-12-08 07:00:00,2931.0
2016-12-08 08:00:00,3058.0
2016-12-08 09:00:00,2981.0
2016-12-08 10:00:00,3019.0
2016-12-08 11:00:00,3028.0
2016-12-08 12:00:00,3074.0
2016-12-08 13:00:00,2989.0
2016-12-08 14:00:00,3307.0
2016-12-08 15:00:00,3424.0
2016-12-08 16:00:00,3134.0
2016-12-08 17:00:00,3175.0
2016-12-08 18:00:00,3315.0
2016-12-08 19:00:00,3328.0
2016-12-08 20:00:00,3220.0
2016-12-08 21:00:00,3320.0
2016-12-08 22:00:00,3326.0
2016-12-08 23:00:00,3426.0
2016-12-09 00:00:00,3522.0
2016-12-09 01:00:00,3595.0
2016-12-09 02:00:00,3585.0
2016-12-09 03:00:00,3480.0
2016-12-09 04:00:00,3343.0
2016-12-09 05:00:00,3258.0
2016-12-09 06:00:00,3197.0
2016-12-09 07:00:00,3004.0
2016-12-09 08:00:00,2918.0
2016-12-09 09:00:00,2932.0
2016-12-09 10:00:00,2904.0
2016-12-09 11:00:00,2953.0
2016-12-09 12:00:00,2920.0
2016-12-09 13:00:00,2924.0
2016-12-09 14:00:00,2988.0
2016-12-09 15:00:00,3048.0
2016-12-09 16:00:00,2990.0
2016-12-09 17:00:00,2993.0
2016-12-09 18:00:00,2947.0
2016-12-09 19:00:00,3009.0
2016-12-09 20:00:00,3010.0
2016-12-09 21:00:00,3077.0
2016-12-09 22:00:00,3043.0
2016-12-09 23:00:00,2930.0
2016-12-10 00:00:00,2781.0
2016-12-10 01:00:00,2909.0
2016-12-10 02:00:00,2859.0
2016-12-10 03:00:00,2928.0
2016-12-10 04:00:00,3024.0
2016-12-10 05:00:00,2803.0
2016-12-10 06:00:00,2813.0
2016-12-10 07:00:00,2940.0
2016-12-10 08:00:00,2953.0
2016-12-10 09:00:00,2995.0
2016-12-10 10:00:00,3188.0
2016-12-10 11:00:00,3326.0
2016-12-10 12:00:00,3541.0
2016-12-10 13:00:00,3468.0
2016-12-10 14:00:00,3638.0
2016-12-10 15:00:00,3775.0
2016-12-10 16:00:00,3704.0
2016-12-10 17:00:00,3735.0
2016-12-10 18:00:00,3791.0
2016-12-10 19:00:00,3623.0
2016-12-10 20:00:00,3615.0
2016-12-10 21:00:00,3573.0
2016-12-10 22:00:00,3456.0
2016-12-10 23:00:00,3617.0
2016-12-11 00:00:00,3637.0
2016-12-11 01:00:00,3775.0
2016-12-11 02:00:00,3726.0
2016-12-11 03:00:00,3547.0
2016-12-11 04:00:00,3286.0
2016-12-11 05:00:00,3087.0
2016-12-11 06:00:00,3017.0
2016-12-11 07:00:00,2975.0
2016-12-11 08:00:00,3056.0
2016-12-11 09:00:00,3059.0
2016-12-11 10:00:00,3159.0
2016-12-11 11:00:00,3350.0
2016-12-11 12:00:00,3513.0
2016-12-11 13:00:00,3602.0
2016-12-11 14:00:00,3923.0
2016-12-11 15:00:00,3736.0
2016-12-11 16:00:00,3591.0
2016-12-11 17:00:00,3599.0
2016-12-11 18:00:00,3882.0
2016-12-11 19:00:00,3685.0
2016-12-11 20:00:00,3624.0
2016-12-11 21:00:00,3576.0
2016-12-11 22:00:00,3460.0
2016-12-11 23:00:00,3614.0
2016-12-12 00:00:00,3642.0
2016-12-12 01:00:00,3675.0
2016-12-12 02:00:00,3638.0
2016-12-12 03:00:00,3527.0
2016-12-12 04:00:00,3246.0
2016-12-12 05:00:00,3081.0
2016-12-12 06:00:00,3074.0
2016-12-12 07:00:00,2945.0
2016-12-12 08:00:00,2972.0
2016-12-12 09:00:00,2926.0
2016-12-12 10:00:00,3087.0
2016-12-12 11:00:00,3269.0
2016-12-12 12:00:00,3343.0
2016-12-12 13:00:00,3488.0
2016-12-12 14:00:00,3594.0
2016-12-12 15:00:00,3576.0
2016-12-12 16:00:00,3629.0
2016-12-12 17:00:00,3726.0
2016-12-12 18:00:00,3827.0
2016-12-12 19:00:00,3696.0
2016-12-12 20:00:00,3500.0
2016-12-12 21:00:00,3556.0
2016-12-12 22:00:00,3420.0
2016-12-12 23:00:00,3599.0
2016-12-13 00:00:00,3541.0
2016-12-13 01:00:00,3576.0
2016-12-13 02:00:00,3504.0
2016-12-13 03:00:00,3376.0
2016-12-13 04:00:00,3195.0
2016-12-13 05:00:00,3149.0
2016-12-13 06:00:00,3003.0
2016-12-13 07:00:00,2913.0
2016-12-13 08:00:00,2991.0
2016-12-13 09:00:00,2999.0
2016-12-13 10:00:00,3103.0
2016-12-13 11:00:00,3384.0
2016-12-13 12:00:00,3470.0
2016-12-13 13:00:00,3552.0
2016-12-13 14:00:00,3866.0
2016-12-13 15:00:00,3754.0
2016-12-13 16:00:00,3821.0
2016-12-13 17:00:00,3808.0
2016-12-13 18:00:00,3968.0
2016-12-13 19:00:00,3832.0
2016-12-13 20:00:00,3721.0
2016-12-13 21:00:00,3665.0
2016-12-13 22:00:00,3528.0
2016-12-13 23:00:00,3667.0
2016-12-14 00:00:00,3729.0
2016-12-14 01:00:00,3728.0
2016-12-14 02:00:00,3650.0
2016-12-14 03:00:00,3510.0
2016-12-14 04:00:00,3202.0
2016-12-14 05:00:00,3033.0
2016-12-14 06:00:00,2935.0
2016-12-14 07:00:00,2877.0
2016-12-14 08:00:00,2991.0
2016-12-14 09:00:00,2969.0
2016-12-14 10:00:00,3055.0
2016-12-14 11:00:00,3454.0
2016-12-14 12:00:00,3534.0
2016-12-14 13:00:00,3669.0
2016-12-14 14:00:00,3788.0
2016-12-14 15:00:00,3754.0
2016-12-14 16:00:00,3737.0
2016-12-14 17:00:00,3790.0
2016-12-14 18:00:00,3874.0
2016-12-14 19:00:00,3713.0
2016-12-14 20:00:00,3604.0
2016-12-14 21:00:00,3666.0
2016-12-14 22:00:00,3441.0
2016-12-14 23:00:00,3595.0
2016-12-15 00:00:00,3730.0
2016-12-15 01:00:00,3718.0
2016-12-15 02:00:00,3727.0
2016-12-15 03:00:00,3642.0
2016-12-15 04:00:00,3425.0
2016-12-15 05:00:00,3200.0
2016-12-15 06:00:00,3101.0
2016-12-15 07:00:00,3055.0
2016-12-15 08:00:00,3086.0
2016-12-15 09:00:00,3146.0
2016-12-15 10:00:00,3094.0
2016-12-15 11:00:00,3265.0
2016-12-15 12:00:00,3204.0
2016-12-15 13:00:00,3228.0
2016-12-15 14:00:00,3349.0
2016-12-15 15:00:00,3390.0
2016-12-15 16:00:00,3431.0
2016-12-15 17:00:00,3386.0
2016-12-15 18:00:00,3463.0
2016-12-15 19:00:00,3357.0
2016-12-15 20:00:00,3259.0
2016-12-15 21:00:00,3378.0
2016-12-15 22:00:00,3313.0
2016-12-15 23:00:00,3485.0
2016-12-16 00:00:00,3533.0
2016-12-16 01:00:00,3539.0
2016-12-16 02:00:00,3392.0
2016-12-16 03:00:00,3281.0
2016-12-16 04:00:00,3198.0
2016-12-16 05:00:00,3108.0
2016-12-16 06:00:00,2966.0
2016-12-16 07:00:00,2848.0
2016-12-16 08:00:00,2848.0
2016-12-16 09:00:00,2873.0
2016-12-16 10:00:00,2704.0
2016-12-16 11:00:00,2810.0
2016-12-16 12:00:00,2835.0
2016-12-16 13:00:00,2985.0
2016-12-16 14:00:00,3080.0
2016-12-16 15:00:00,3143.0
2016-12-16 16:00:00,3070.0
2016-12-16 17:00:00,3044.0
2016-12-16 18:00:00,3049.0
2016-12-16 19:00:00,3047.0
2016-12-16 20:00:00,3035.0
2016-12-16 21:00:00,3116.0
2016-12-16 22:00:00,3030.0
2016-12-16 23:00:00,2897.0
2016-12-17 00:00:00,2930.0
2016-12-17 01:00:00,2941.0
2016-12-17 02:00:00,2962.0
2016-12-17 03:00:00,2869.0
2016-12-17 04:00:00,2921.0
2016-12-17 05:00:00,2868.0
2016-12-17 06:00:00,2831.0
2016-12-17 07:00:00,2802.0
2016-12-17 08:00:00,2720.0
2016-12-17 09:00:00,2809.0
2016-12-17 10:00:00,3055.0
2016-12-17 11:00:00,3284.0
2016-12-17 12:00:00,3398.0
2016-12-17 13:00:00,3232.0
2016-12-17 14:00:00,3421.0
2016-12-17 15:00:00,3377.0
2016-12-17 16:00:00,3366.0
2016-12-17 17:00:00,3391.0
2016-12-17 18:00:00,3411.0
2016-12-17 19:00:00,3396.0
2016-12-17 20:00:00,3786.0
2016-12-17 21:00:00,3592.0
2016-12-17 22:00:00,3304.0
2016-12-17 23:00:00,3447.0
2016-12-18 00:00:00,3526.0
2016-12-18 01:00:00,3688.0
2016-12-18 02:00:00,3608.0
2016-12-18 03:00:00,3465.0
2016-12-18 04:00:00,3282.0
2016-12-18 05:00:00,3085.0
2016-12-18 06:00:00,2966.0
2016-12-18 07:00:00,2978.0
2016-12-18 08:00:00,3010.0
2016-12-18 09:00:00,2955.0
2016-12-18 10:00:00,3010.0
2016-12-18 11:00:00,3277.0
2016-12-18 12:00:00,2794.0
2016-12-18 13:00:00,2861.0
2016-12-18 14:00:00,3821.0
2016-12-18 15:00:00,3867.0
2016-12-18 16:00:00,4549.0
2016-12-18 17:00:00,4202.0
2016-12-18 18:00:00,3782.0
2016-12-18 19:00:00,3930.0
2016-12-18 20:00:00,3913.0
2016-12-18 21:00:00,3733.0
2016-12-18 22:00:00,3618.0
2016-12-18 23:00:00,3730.0
2016-12-19 00:00:00,3772.0
2016-12-19 01:00:00,3622.0
2016-12-19 02:00:00,3940.0
2016-12-19 03:00:00,3788.0
2016-12-19 04:00:00,3362.0
2016-12-19 05:00:00,3180.0
2016-12-19 06:00:00,3087.0
2016-12-19 07:00:00,2906.0
2016-12-19 08:00:00,2927.0
2016-12-19 09:00:00,3031.0
2016-12-19 10:00:00,3069.0
2016-12-19 11:00:00,3046.0
2016-12-19 12:00:00,3504.0
2016-12-19 13:00:00,3465.0
2016-12-19 14:00:00,3689.0
2016-12-19 15:00:00,3901.0
2016-12-19 16:00:00,3895.0
2016-12-19 17:00:00,3935.0
2016-12-19 18:00:00,4157.0
2016-12-19 19:00:00,4019.0
2016-12-19 20:00:00,3892.0
2016-12-19 21:00:00,3835.0
2016-12-19 22:00:00,3833.0
2016-12-19 23:00:00,4054.0
2016-12-20 00:00:00,3957.0
2016-12-20 01:00:00,3856.0
2016-12-20 02:00:00,3692.0
2016-12-20 03:00:00,3696.0
2016-12-20 04:00:00,3610.0
2016-12-20 05:00:00,3476.0
2016-12-20 06:00:00,3371.0
2016-12-20 07:00:00,3326.0
2016-12-20 08:00:00,3240.0
2016-12-20 09:00:00,3322.0
2016-12-20 10:00:00,3477.0
2016-12-20 11:00:00,3670.0
2016-12-20 12:00:00,3804.0
2016-12-20 13:00:00,3885.0
2016-12-20 14:00:00,4076.0
2016-12-20 15:00:00,4059.0
2016-12-20 16:00:00,3946.0
2016-12-20 17:00:00,4063.0
2016-12-20 18:00:00,4173.0
2016-12-20 19:00:00,4125.0
2016-12-20 20:00:00,3966.0
2016-12-20 21:00:00,3934.0
2016-12-20 22:00:00,3794.0
2016-12-20 23:00:00,3907.0
2016-12-21 00:00:00,3915.0
2016-12-21 01:00:00,4046.0
2016-12-21 02:00:00,3856.0
2016-12-21 03:00:00,3634.0
2016-12-21 04:00:00,3488.0
2016-12-21 05:00:00,3338.0
2016-12-21 06:00:00,3295.0
2016-12-21 07:00:00,3170.0
2016-12-21 08:00:00,3099.0
2016-12-21 09:00:00,3184.0
2016-12-21 10:00:00,3342.0
2016-12-21 11:00:00,3442.0
2016-12-21 12:00:00,3621.0
2016-12-21 13:00:00,3791.0
2016-12-21 14:00:00,3964.0
2016-12-21 15:00:00,4118.0
2016-12-21 16:00:00,3950.0
2016-12-21 17:00:00,4053.0
2016-12-21 18:00:00,4219.0
2016-12-21 19:00:00,4070.0
2016-12-21 20:00:00,3760.0
2016-12-21 21:00:00,3692.0
2016-12-21 22:00:00,3677.0
2016-12-21 23:00:00,3800.0
2016-12-22 00:00:00,3987.0
2016-12-22 01:00:00,3998.0
2016-12-22 02:00:00,3853.0
2016-12-22 03:00:00,3590.0
2016-12-22 04:00:00,3480.0
2016-12-22 05:00:00,3262.0
2016-12-22 06:00:00,3185.0
2016-12-22 07:00:00,3162.0
2016-12-22 08:00:00,3188.0
2016-12-22 09:00:00,3091.0
2016-12-22 10:00:00,3092.0
2016-12-22 11:00:00,3330.0
2016-12-22 12:00:00,3464.0
2016-12-22 13:00:00,3459.0
2016-12-22 14:00:00,3708.0
2016-12-22 15:00:00,3738.0
2016-12-22 16:00:00,3710.0
2016-12-22 17:00:00,3737.0
2016-12-22 18:00:00,3885.0
2016-12-22 19:00:00,3828.0
2016-12-22 20:00:00,3747.0
2016-12-22 21:00:00,3821.0
2016-12-22 22:00:00,3704.0
2016-12-22 23:00:00,3854.0
2016-12-23 00:00:00,3781.0
2016-12-23 01:00:00,3636.0
2016-12-23 02:00:00,3442.0
2016-12-23 03:00:00,3388.0
2016-12-23 04:00:00,3302.0
2016-12-23 05:00:00,3136.0
2016-12-23 06:00:00,2924.0
2016-12-23 07:00:00,2966.0
2016-12-23 08:00:00,2965.0
2016-12-23 09:00:00,2948.0
2016-12-23 10:00:00,2959.0
2016-12-23 11:00:00,3137.0
2016-12-23 12:00:00,3296.0
2016-12-23 13:00:00,3355.0
2016-12-23 14:00:00,3506.0
2016-12-23 15:00:00,3642.0
2016-12-23 16:00:00,3751.0
2016-12-23 17:00:00,3784.0
2016-12-23 18:00:00,3764.0
2016-12-23 19:00:00,3717.0
2016-12-23 20:00:00,3639.0
2016-12-23 21:00:00,3622.0
2016-12-23 22:00:00,3578.0
2016-12-23 23:00:00,3444.0
2016-12-24 00:00:00,3291.0
2016-12-24 01:00:00,3254.0
2016-12-24 02:00:00,3269.0
2016-12-24 03:00:00,3299.0
2016-12-24 04:00:00,3146.0
2016-12-24 05:00:00,3058.0
2016-12-24 06:00:00,3006.0
2016-12-24 07:00:00,3034.0
2016-12-24 08:00:00,3144.0
2016-12-24 09:00:00,3209.0
2016-12-24 10:00:00,3520.0
2016-12-24 11:00:00,3820.0
2016-12-24 12:00:00,4159.0
2016-12-24 13:00:00,4429.0
2016-12-24 14:00:00,4750.0
2016-12-24 15:00:00,4495.0
2016-12-24 16:00:00,4463.0
2016-12-24 17:00:00,4466.0
2016-12-24 18:00:00,4620.0
2016-12-24 19:00:00,4563.0
2016-12-24 20:00:00,4528.0
2016-12-24 21:00:00,4465.0
2016-12-24 22:00:00,4330.0
2016-12-24 23:00:00,4269.0
2016-12-25 00:00:00,4464.0
2016-12-25 01:00:00,4443.0
2016-12-25 02:00:00,4172.0
2016-12-25 03:00:00,4118.0
2016-12-25 04:00:00,3959.0
2016-12-25 05:00:00,3741.0
2016-12-25 06:00:00,3616.0
2016-12-25 07:00:00,3600.0
2016-12-25 08:00:00,3578.0
2016-12-25 09:00:00,3707.0
2016-12-25 10:00:00,3878.0
2016-12-25 11:00:00,4253.0
2016-12-25 12:00:00,4617.0
2016-12-25 13:00:00,4641.0
2016-12-25 14:00:00,4860.0
2016-12-25 15:00:00,4987.0
2016-12-25 16:00:00,4914.0
2016-12-25 17:00:00,4669.0
2016-12-25 18:00:00,4554.0
2016-12-25 19:00:00,4129.0
2016-12-25 20:00:00,4434.0
2016-12-25 21:00:00,4292.0
2016-12-25 22:00:00,4020.0
2016-12-25 23:00:00,4155.0
2016-12-26 00:00:00,4347.0
2016-12-26 01:00:00,4442.0
2016-12-26 02:00:00,4249.0
2016-12-26 03:00:00,4078.0
2016-12-26 04:00:00,3819.0
2016-12-26 05:00:00,3617.0
2016-12-26 06:00:00,3452.0
2016-12-26 07:00:00,3462.0
2016-12-26 08:00:00,3475.0
2016-12-26 09:00:00,3552.0
2016-12-26 10:00:00,3632.0
2016-12-26 11:00:00,4113.0
2016-12-26 12:00:00,4242.0
2016-12-26 13:00:00,4249.0
2016-12-26 14:00:00,4340.0
2016-12-26 15:00:00,4296.0
2016-12-26 16:00:00,4390.0
2016-12-26 17:00:00,4410.0
2016-12-26 18:00:00,5045.0
2016-12-26 19:00:00,4491.0
2016-12-26 20:00:00,4324.0
2016-12-26 21:00:00,4111.0
2016-12-26 22:00:00,3879.0
2016-12-26 23:00:00,3955.0
2016-12-27 00:00:00,3952.0
2016-12-27 01:00:00,3951.0
2016-12-27 02:00:00,3761.0
2016-12-27 03:00:00,3644.0
2016-12-27 04:00:00,3428.0
2016-12-27 05:00:00,3402.0
2016-12-27 06:00:00,3233.0
2016-12-27 07:00:00,3215.0
2016-12-27 08:00:00,3173.0
2016-12-27 09:00:00,3213.0
2016-12-27 10:00:00,3427.0
2016-12-27 11:00:00,3696.0
2016-12-27 12:00:00,3853.0
2016-12-27 13:00:00,3931.0
2016-12-27 14:00:00,4086.0
2016-12-27 15:00:00,4115.0
2016-12-27 16:00:00,4425.0
2016-12-27 17:00:00,4248.0
2016-12-27 18:00:00,4230.0
2016-12-27 19:00:00,4205.0
2016-12-27 20:00:00,4441.0
2016-12-27 21:00:00,4127.0
2016-12-27 22:00:00,3966.0
2016-12-27 23:00:00,4091.0
2016-12-28 00:00:00,4031.0
2016-12-28 01:00:00,4142.0
2016-12-28 02:00:00,3962.0
2016-12-28 03:00:00,3806.0
2016-12-28 04:00:00,3545.0
2016-12-28 05:00:00,3360.0
2016-12-28 06:00:00,3226.0
2016-12-28 07:00:00,3134.0
2016-12-28 08:00:00,3203.0
2016-12-28 09:00:00,3175.0
2016-12-28 10:00:00,3234.0
2016-12-28 11:00:00,3782.0
2016-12-28 12:00:00,3758.0
2016-12-28 13:00:00,3861.0
2016-12-28 14:00:00,4369.0
2016-12-28 15:00:00,4073.0
2016-12-28 16:00:00,3432.0
2016-12-28 17:00:00,3879.0
2016-12-28 18:00:00,4187.0
2016-12-28 19:00:00,4233.0
2016-12-28 20:00:00,4135.0
2016-12-28 21:00:00,4192.0
2016-12-28 22:00:00,4082.0
2016-12-28 23:00:00,4038.0
2016-12-29 00:00:00,4060.0
2016-12-29 01:00:00,4015.0
2016-12-29 02:00:00,3912.0
2016-12-29 03:00:00,3796.0
2016-12-29 04:00:00,3658.0
2016-12-29 05:00:00,3532.0
2016-12-29 06:00:00,3429.0
2016-12-29 07:00:00,3381.0
2016-12-29 08:00:00,3206.0
2016-12-29 09:00:00,3183.0
2016-12-29 10:00:00,3185.0
2016-12-29 11:00:00,3321.0
2016-12-29 12:00:00,3393.0
2016-12-29 13:00:00,3552.0
2016-12-29 14:00:00,3555.0
2016-12-29 15:00:00,3661.0
2016-12-29 16:00:00,3611.0
2016-12-29 17:00:00,3664.0
2016-12-29 18:00:00,3594.0
2016-12-29 19:00:00,3524.0
2016-12-29 20:00:00,3523.0
2016-12-29 21:00:00,3575.0
2016-12-29 22:00:00,3541.0
2016-12-29 23:00:00,3660.0
2016-12-30 00:00:00,3610.0
2016-12-30 01:00:00,3635.0
2016-12-30 02:00:00,3473.0
2016-12-30 03:00:00,3464.0
2016-12-30 04:00:00,3288.0
2016-12-30 05:00:00,3256.0
2016-12-30 06:00:00,3072.0
2016-12-30 07:00:00,3064.0
2016-12-30 08:00:00,3013.0
2016-12-30 09:00:00,3065.0
2016-12-30 10:00:00,2992.0
2016-12-30 11:00:00,3177.0
2016-12-30 12:00:00,3239.0
2016-12-30 13:00:00,3245.0
2016-12-30 14:00:00,3238.0
2016-12-30 15:00:00,3389.0
2016-12-30 16:00:00,3506.0
2016-12-30 17:00:00,3424.0
2016-12-30 18:00:00,3403.0
2016-12-30 19:00:00,3383.0
2016-12-30 20:00:00,3354.0
2016-12-30 21:00:00,3259.0
2016-12-30 22:00:00,3217.0
2016-12-30 23:00:00,3177.0
2016-12-31 00:00:00,3185.0
2016-12-31 01:00:00,3086.0
2016-12-31 02:00:00,3049.0
2016-12-31 03:00:00,3060.0
2016-12-31 04:00:00,2985.0
2016-12-31 05:00:00,2943.0
2016-12-31 06:00:00,2893.0
2016-12-31 07:00:00,2951.0
2016-12-31 08:00:00,2948.0
2016-12-31 09:00:00,3270.0
2016-12-31 10:00:00,3349.0
2016-12-31 11:00:00,3724.0
2016-12-31 12:00:00,3829.0
2016-12-31 13:00:00,4040.0
2016-12-31 14:00:00,4198.0
2016-12-31 15:00:00,4309.0
2016-12-31 16:00:00,4450.0
2016-12-31 17:00:00,4568.0
2016-12-31 18:00:00,4664.0
2016-12-31 19:00:00,4502.0
2016-12-31 20:00:00,4394.0
2016-12-31 21:00:00,4153.0
2016-12-31 22:00:00,3975.0
2016-12-31 23:00:00,4170.0
2017-01-01 00:00:00,4157.0
2017-01-01 01:00:00,4240.0
2017-01-01 02:00:00,4028.0
2017-01-01 03:00:00,3923.0
2017-01-01 04:00:00,3747.0
2017-01-01 05:00:00,3455.0
2017-01-01 06:00:00,3292.0
2017-01-01 07:00:00,3287.0
2017-01-01 08:00:00,3337.0
2017-01-01 09:00:00,3412.0
2017-01-01 10:00:00,3530.0
2017-01-01 11:00:00,4013.0
2017-01-01 12:00:00,4203.0
2017-01-01 13:00:00,4371.0
2017-01-01 14:00:00,4563.0
2017-01-01 15:00:00,4611.0
2017-01-01 16:00:00,4647.0
2017-01-01 17:00:00,4789.0
2017-01-01 18:00:00,4748.0
2017-01-01 19:00:00,4763.0
2017-01-01 20:00:00,4695.0
2017-01-01 21:00:00,4559.0
2017-01-01 22:00:00,4233.0
2017-01-01 23:00:00,4210.0
2017-01-02 00:00:00,4310.0
2017-01-02 01:00:00,4343.0
2017-01-02 02:00:00,4120.0
2017-01-02 03:00:00,4096.0
2017-01-02 04:00:00,3818.0
2017-01-02 05:00:00,3675.0
2017-01-02 06:00:00,3523.0
2017-01-02 07:00:00,3313.0
2017-01-02 08:00:00,3478.0
2017-01-02 09:00:00,3569.0
2017-01-02 10:00:00,3594.0
2017-01-02 11:00:00,4047.0
2017-01-02 12:00:00,3958.0
2017-01-02 13:00:00,4138.0
2017-01-02 14:00:00,4282.0
2017-01-02 15:00:00,4272.0
2017-01-02 16:00:00,4199.0
2017-01-02 17:00:00,4384.0
2017-01-02 18:00:00,4298.0
2017-01-02 19:00:00,4282.0
2017-01-02 20:00:00,4202.0
2017-01-02 21:00:00,3982.0
2017-01-02 22:00:00,4005.0
2017-01-02 23:00:00,4082.0
2017-01-03 00:00:00,3999.0
2017-01-03 01:00:00,3890.0
2017-01-03 02:00:00,3859.0
2017-01-03 03:00:00,3795.0
2017-01-03 04:00:00,3626.0
2017-01-03 05:00:00,3498.0
2017-01-03 06:00:00,3303.0
2017-01-03 07:00:00,3149.0
2017-01-03 08:00:00,3250.0
2017-01-03 09:00:00,3426.0
2017-01-03 10:00:00,3441.0
2017-01-03 11:00:00,3711.0
2017-01-03 12:00:00,3845.0
2017-01-03 13:00:00,3819.0
2017-01-03 14:00:00,4079.0
2017-01-03 15:00:00,4164.0
2017-01-03 16:00:00,4112.0
2017-01-03 17:00:00,4266.0
2017-01-03 18:00:00,4232.0
2017-01-03 19:00:00,4220.0
2017-01-03 20:00:00,4127.0
2017-01-03 21:00:00,4096.0
2017-01-03 22:00:00,3895.0
2017-01-03 23:00:00,4056.0
2017-01-04 00:00:00,3928.0
2017-01-04 01:00:00,3953.0
2017-01-04 02:00:00,3867.0
2017-01-04 03:00:00,3829.0
2017-01-04 04:00:00,3671.0
2017-01-04 05:00:00,3506.0
2017-01-04 06:00:00,3307.0
2017-01-04 07:00:00,3226.0
2017-01-04 08:00:00,3277.0
2017-01-04 09:00:00,3383.0
2017-01-04 10:00:00,3365.0
2017-01-04 11:00:00,3741.0
2017-01-04 12:00:00,3850.0
2017-01-04 13:00:00,3901.0
2017-01-04 14:00:00,4151.0
2017-01-04 15:00:00,4331.0
2017-01-04 16:00:00,4364.0
2017-01-04 17:00:00,4474.0
2017-01-04 18:00:00,4463.0
2017-01-04 19:00:00,4297.0
2017-01-04 20:00:00,4276.0
2017-01-04 21:00:00,4310.0
2017-01-04 22:00:00,4174.0
2017-01-04 23:00:00,4333.0
2017-01-05 00:00:00,4115.0
2017-01-05 01:00:00,4157.0
2017-01-05 02:00:00,3917.0
2017-01-05 03:00:00,3862.0
2017-01-05 04:00:00,3714.0
2017-01-05 05:00:00,3535.0
2017-01-05 06:00:00,3470.0
2017-01-05 07:00:00,3404.0
2017-01-05 08:00:00,3299.0
2017-01-05 09:00:00,3561.0
2017-01-05 10:00:00,3493.0
2017-01-05 11:00:00,3719.0
2017-01-05 12:00:00,3537.0
2017-01-05 13:00:00,3535.0
2017-01-05 14:00:00,3687.0
2017-01-05 15:00:00,3669.0
2017-01-05 16:00:00,3611.0
2017-01-05 17:00:00,3757.0
2017-01-05 18:00:00,3871.0
2017-01-05 19:00:00,3839.0
2017-01-05 20:00:00,3707.0
2017-01-05 21:00:00,3791.0
2017-01-05 22:00:00,3760.0
2017-01-05 23:00:00,3731.0
2017-01-06 00:00:00,3771.0
2017-01-06 01:00:00,3824.0
2017-01-06 02:00:00,3770.0
2017-01-06 03:00:00,3650.0
2017-01-06 04:00:00,3496.0
2017-01-06 05:00:00,3416.0
2017-01-06 06:00:00,3203.0
2017-01-06 07:00:00,3097.0
2017-01-06 08:00:00,3073.0
2017-01-06 09:00:00,3035.0
2017-01-06 10:00:00,2986.0
2017-01-06 11:00:00,3076.0
2017-01-06 12:00:00,3170.0
2017-01-06 13:00:00,3254.0
2017-01-06 14:00:00,3485.0
2017-01-06 15:00:00,3523.0
2017-01-06 16:00:00,3542.0
2017-01-06 17:00:00,3594.0
2017-01-06 18:00:00,3669.0
2017-01-06 19:00:00,3495.0
2017-01-06 20:00:00,3483.0
2017-01-06 21:00:00,3467.0
2017-01-06 22:00:00,3299.0
2017-01-06 23:00:00,3238.0
2017-01-07 00:00:00,3177.0
2017-01-07 01:00:00,3137.0
2017-01-07 02:00:00,3188.0
2017-01-07 03:00:00,3112.0
2017-01-07 04:00:00,3061.0
2017-01-07 05:00:00,3005.0
2017-01-07 06:00:00,3029.0
2017-01-07 07:00:00,3017.0
2017-01-07 08:00:00,3025.0
2017-01-07 09:00:00,3206.0
2017-01-07 10:00:00,3292.0
2017-01-07 11:00:00,3767.0
2017-01-07 12:00:00,3931.0
2017-01-07 13:00:00,4043.0
2017-01-07 14:00:00,4106.0
2017-01-07 15:00:00,4156.0
2017-01-07 16:00:00,4087.0
2017-01-07 17:00:00,4266.0
2017-01-07 18:00:00,4357.0
2017-01-07 19:00:00,4374.0
2017-01-07 20:00:00,4245.0
2017-01-07 21:00:00,4165.0
2017-01-07 22:00:00,3902.0
2017-01-07 23:00:00,3996.0
2017-01-08 00:00:00,4008.0
2017-01-08 01:00:00,4036.0
2017-01-08 02:00:00,3933.0
2017-01-08 03:00:00,3787.0
2017-01-08 04:00:00,3615.0
2017-01-08 05:00:00,3408.0
2017-01-08 06:00:00,3253.0
2017-01-08 07:00:00,3330.0
2017-01-08 08:00:00,3308.0
2017-01-08 09:00:00,3396.0
2017-01-08 10:00:00,3461.0
2017-01-08 11:00:00,3822.0
2017-01-08 12:00:00,3917.0
2017-01-08 13:00:00,4121.0
2017-01-08 14:00:00,4204.0
2017-01-08 15:00:00,4198.0
2017-01-08 16:00:00,4164.0
2017-01-08 17:00:00,4299.0
2017-01-08 18:00:00,4441.0
2017-01-08 19:00:00,4401.0
2017-01-08 20:00:00,4138.0
2017-01-08 21:00:00,3954.0
2017-01-08 22:00:00,3885.0
2017-01-08 23:00:00,4004.0
2017-01-09 00:00:00,3988.0
2017-01-09 01:00:00,4036.0
2017-01-09 02:00:00,3918.0
2017-01-09 03:00:00,3768.0
2017-01-09 04:00:00,3547.0
2017-01-09 05:00:00,3367.0
2017-01-09 06:00:00,3293.0
2017-01-09 07:00:00,3250.0
2017-01-09 08:00:00,3232.0
2017-01-09 09:00:00,3262.0
2017-01-09 10:00:00,3313.0
2017-01-09 11:00:00,3586.0
2017-01-09 12:00:00,3747.0
2017-01-09 13:00:00,3980.0
2017-01-09 14:00:00,3932.0
2017-01-09 15:00:00,4128.0
2017-01-09 16:00:00,4202.0
2017-01-09 17:00:00,4258.0
2017-01-09 18:00:00,4231.0
2017-01-09 19:00:00,4186.0
2017-01-09 20:00:00,4039.0
2017-01-09 21:00:00,4019.0
2017-01-09 22:00:00,3932.0
2017-01-09 23:00:00,4045.0
2017-01-10 00:00:00,4061.0
2017-01-10 01:00:00,3852.0
2017-01-10 02:00:00,3811.0
2017-01-10 03:00:00,3744.0
2017-01-10 04:00:00,3389.0
2017-01-10 05:00:00,3293.0
2017-01-10 06:00:00,3285.0
2017-01-10 07:00:00,3167.0
2017-01-10 08:00:00,3211.0
2017-01-10 09:00:00,3200.0
2017-01-10 10:00:00,3337.0
2017-01-10 11:00:00,3818.0
2017-01-10 12:00:00,3958.0
2017-01-10 13:00:00,4193.0
2017-01-10 14:00:00,4415.0
2017-01-10 15:00:00,4440.0
2017-01-10 16:00:00,4353.0
2017-01-10 17:00:00,4457.0
2017-01-10 18:00:00,4498.0
2017-01-10 19:00:00,4581.0
2017-01-10 20:00:00,4207.0
2017-01-10 21:00:00,4064.0
2017-01-10 22:00:00,3946.0
2017-01-10 23:00:00,4083.0
2017-01-11 00:00:00,4079.0
2017-01-11 01:00:00,4045.0
2017-01-11 02:00:00,3947.0
2017-01-11 03:00:00,3795.0
2017-01-11 04:00:00,3603.0
2017-01-11 05:00:00,3454.0
2017-01-11 06:00:00,3356.0
2017-01-11 07:00:00,3268.0
2017-01-11 08:00:00,3232.0
2017-01-11 09:00:00,3258.0
2017-01-11 10:00:00,3453.0
2017-01-11 11:00:00,3920.0
2017-01-11 12:00:00,4113.0
2017-01-11 13:00:00,4350.0
2017-01-11 14:00:00,4545.0
2017-01-11 15:00:00,4567.0
2017-01-11 16:00:00,4462.0
2017-01-11 17:00:00,4779.0
2017-01-11 18:00:00,4690.0
2017-01-11 19:00:00,4777.0
2017-01-11 20:00:00,4515.0
2017-01-11 21:00:00,4320.0
2017-01-11 22:00:00,4378.0
2017-01-11 23:00:00,4455.0
2017-01-12 00:00:00,4356.0
2017-01-12 01:00:00,4509.0
2017-01-12 02:00:00,4303.0
2017-01-12 03:00:00,3980.0
2017-01-12 04:00:00,3814.0
2017-01-12 05:00:00,3540.0
2017-01-12 06:00:00,3459.0
2017-01-12 07:00:00,3412.0
2017-01-12 08:00:00,3211.0
2017-01-12 09:00:00,3341.0
2017-01-12 10:00:00,3328.0
2017-01-12 11:00:00,3579.0
2017-01-12 12:00:00,3653.0
2017-01-12 13:00:00,3581.0
2017-01-12 14:00:00,3856.0
2017-01-12 15:00:00,3841.0
2017-01-12 16:00:00,3835.0
2017-01-12 17:00:00,4017.0
2017-01-12 18:00:00,3918.0
2017-01-12 19:00:00,4055.0
2017-01-12 20:00:00,3803.0
2017-01-12 21:00:00,3763.0
2017-01-12 22:00:00,3712.0
2017-01-12 23:00:00,3710.0
2017-01-13 00:00:00,3824.0
2017-01-13 01:00:00,3828.0
2017-01-13 02:00:00,3640.0
2017-01-13 03:00:00,3541.0
2017-01-13 04:00:00,3540.0
2017-01-13 05:00:00,3359.0
2017-01-13 06:00:00,3272.0
2017-01-13 07:00:00,3258.0
2017-01-13 08:00:00,3033.0
2017-01-13 09:00:00,2910.0
2017-01-13 10:00:00,2868.0
2017-01-13 11:00:00,3035.0
2017-01-13 12:00:00,3173.0
2017-01-13 13:00:00,3337.0
2017-01-13 14:00:00,3378.0
2017-01-13 15:00:00,3453.0
2017-01-13 16:00:00,3605.0
2017-01-13 17:00:00,3563.0
2017-01-13 18:00:00,3556.0
2017-01-13 19:00:00,3587.0
2017-01-13 20:00:00,3484.0
2017-01-13 21:00:00,3430.0
2017-01-13 22:00:00,3387.0
2017-01-13 23:00:00,3372.0
2017-01-14 00:00:00,3285.0
2017-01-14 01:00:00,3193.0
2017-01-14 02:00:00,3198.0
2017-01-14 03:00:00,3209.0
2017-01-14 04:00:00,3165.0
2017-01-14 05:00:00,3114.0
2017-01-14 06:00:00,3097.0
2017-01-14 07:00:00,3092.0
2017-01-14 08:00:00,3147.0
2017-01-14 09:00:00,3094.0
2017-01-14 10:00:00,3269.0
2017-01-14 11:00:00,3894.0
2017-01-14 12:00:00,4271.0
2017-01-14 13:00:00,4691.0
2017-01-14 14:00:00,4945.0
2017-01-14 15:00:00,4943.0
2017-01-14 16:00:00,4934.0
2017-01-14 17:00:00,5050.0
2017-01-14 18:00:00,5274.0
2017-01-14 19:00:00,4998.0
2017-01-14 20:00:00,4912.0
2017-01-14 21:00:00,4860.0
2017-01-14 22:00:00,4762.0
2017-01-14 23:00:00,4925.0
2017-01-15 00:00:00,5020.0
2017-01-15 01:00:00,5033.0
2017-01-15 02:00:00,4818.0
2017-01-15 03:00:00,4594.0
2017-01-15 04:00:00,4389.0
2017-01-15 05:00:00,4032.0
2017-01-15 06:00:00,4043.0
2017-01-15 07:00:00,3958.0
2017-01-15 08:00:00,3721.0
2017-01-15 09:00:00,3582.0
2017-01-15 10:00:00,3886.0
2017-01-15 11:00:00,4325.0
2017-01-15 12:00:00,5015.0
2017-01-15 13:00:00,5025.0
2017-01-15 14:00:00,4963.0
2017-01-15 15:00:00,4885.0
2017-01-15 16:00:00,4886.0
2017-01-15 17:00:00,4962.0
2017-01-15 18:00:00,5031.0
2017-01-15 19:00:00,5034.0
2017-01-15 20:00:00,5173.0
2017-01-15 21:00:00,4911.0
2017-01-15 22:00:00,4878.0
2017-01-15 23:00:00,5029.0
2017-01-16 00:00:00,5047.0
2017-01-16 01:00:00,5197.0
2017-01-16 02:00:00,5023.0
2017-01-16 03:00:00,4772.0
2017-01-16 04:00:00,4631.0
2017-01-16 05:00:00,4436.0
2017-01-16 06:00:00,4316.0
2017-01-16 07:00:00,4050.0
2017-01-16 08:00:00,3807.0
2017-01-16 09:00:00,3857.0
2017-01-16 10:00:00,3989.0
2017-01-16 11:00:00,4566.0
2017-01-16 12:00:00,4944.0
2017-01-16 13:00:00,4971.0
2017-01-16 14:00:00,4970.0
2017-01-16 15:00:00,4997.0
2017-01-16 16:00:00,4879.0
2017-01-16 17:00:00,4807.0
2017-01-16 18:00:00,5238.0
2017-01-16 19:00:00,5257.0
2017-01-16 20:00:00,5203.0
2017-01-16 21:00:00,4902.0
2017-01-16 22:00:00,4694.0
2017-01-16 23:00:00,4765.0
2017-01-17 00:00:00,4696.0
2017-01-17 01:00:00,4681.0
2017-01-17 02:00:00,4295.0
2017-01-17 03:00:00,4104.0
2017-01-17 04:00:00,3878.0
2017-01-17 05:00:00,3750.0
2017-01-17 06:00:00,3620.0
2017-01-17 07:00:00,3413.0
2017-01-17 08:00:00,3461.0
2017-01-17 09:00:00,3596.0
2017-01-17 10:00:00,3733.0
2017-01-17 11:00:00,4257.0
2017-01-17 12:00:00,4304.0
2017-01-17 13:00:00,4651.0
2017-01-17 14:00:00,4944.0
2017-01-17 15:00:00,5067.0
2017-01-17 16:00:00,5050.0
2017-01-17 17:00:00,5288.0
2017-01-17 18:00:00,5159.0
2017-01-17 19:00:00,5077.0
2017-01-17 20:00:00,5102.0
2017-01-17 21:00:00,4948.0
2017-01-17 22:00:00,4610.0
2017-01-17 23:00:00,4624.0
2017-01-18 00:00:00,4592.0
2017-01-18 01:00:00,4441.0
2017-01-18 02:00:00,4315.0
2017-01-18 03:00:00,4161.0
2017-01-18 04:00:00,3780.0
2017-01-18 05:00:00,3680.0
2017-01-18 06:00:00,3591.0
2017-01-18 07:00:00,3491.0
2017-01-18 08:00:00,3506.0
2017-01-18 09:00:00,3570.0
2017-01-18 10:00:00,3694.0
2017-01-18 11:00:00,4110.0
2017-01-18 12:00:00,4316.0
2017-01-18 13:00:00,4589.0
2017-01-18 14:00:00,4790.0
2017-01-18 15:00:00,4779.0
2017-01-18 16:00:00,4710.0
2017-01-18 17:00:00,4908.0
2017-01-18 18:00:00,5035.0
2017-01-18 19:00:00,4849.0
2017-01-18 20:00:00,4821.0
2017-01-18 21:00:00,4733.0
2017-01-18 22:00:00,4488.0
2017-01-18 23:00:00,4529.0
2017-01-19 00:00:00,4560.0
2017-01-19 01:00:00,4512.0
2017-01-19 02:00:00,4342.0
2017-01-19 03:00:00,4213.0
2017-01-19 04:00:00,4005.0
2017-01-19 05:00:00,3870.0
2017-01-19 06:00:00,3703.0
2017-01-19 07:00:00,3657.0
2017-01-19 08:00:00,3663.0
2017-01-19 09:00:00,3716.0
2017-01-19 10:00:00,3673.0
2017-01-19 11:00:00,3888.0
2017-01-19 12:00:00,3891.0
2017-01-19 13:00:00,4120.0
2017-01-19 14:00:00,4143.0
2017-01-19 15:00:00,4328.0
2017-01-19 16:00:00,4209.0
2017-01-19 17:00:00,4277.0
2017-01-19 18:00:00,4393.0
2017-01-19 19:00:00,4534.0
2017-01-19 20:00:00,4502.0
2017-01-19 21:00:00,4351.0
2017-01-19 22:00:00,4305.0
2017-01-19 23:00:00,4286.0
2017-01-20 00:00:00,4305.0
2017-01-20 01:00:00,4368.0
2017-01-20 02:00:00,4317.0
2017-01-20 03:00:00,4157.0
2017-01-20 04:00:00,3912.0
2017-01-20 05:00:00,3892.0
2017-01-20 06:00:00,3695.0
2017-01-20 07:00:00,3522.0
2017-01-20 08:00:00,3402.0
2017-01-20 09:00:00,3381.0
2017-01-20 10:00:00,3303.0
2017-01-20 11:00:00,3595.0
2017-01-20 12:00:00,3670.0
2017-01-20 13:00:00,3868.0
2017-01-20 14:00:00,3949.0
2017-01-20 15:00:00,4072.0
2017-01-20 16:00:00,3978.0
2017-01-20 17:00:00,4036.0
2017-01-20 18:00:00,4060.0
2017-01-20 19:00:00,3918.0
2017-01-20 20:00:00,3802.0
2017-01-20 21:00:00,3804.0
2017-01-20 22:00:00,3613.0
2017-01-20 23:00:00,3536.0
2017-01-21 00:00:00,3514.0
2017-01-21 01:00:00,3448.0
2017-01-21 02:00:00,3438.0
2017-01-21 03:00:00,3448.0
2017-01-21 04:00:00,3354.0
2017-01-21 05:00:00,3335.0
2017-01-21 06:00:00,3348.0
2017-01-21 07:00:00,3368.0
2017-01-21 08:00:00,3418.0
2017-01-21 09:00:00,3411.0
2017-01-21 10:00:00,3477.0
2017-01-21 11:00:00,3959.0
2017-01-21 12:00:00,4240.0
2017-01-21 13:00:00,4553.0
2017-01-21 14:00:00,4647.0
2017-01-21 15:00:00,4758.0
2017-01-21 16:00:00,4871.0
2017-01-21 17:00:00,5080.0
2017-01-21 18:00:00,5232.0
2017-01-21 19:00:00,5203.0
2017-01-21 20:00:00,5093.0
2017-01-21 21:00:00,4858.0
2017-01-21 22:00:00,4628.0
2017-01-21 23:00:00,4362.0
2017-01-22 00:00:00,4518.0
2017-01-22 01:00:00,4475.0
2017-01-22 02:00:00,4333.0
2017-01-22 03:00:00,4204.0
2017-01-22 04:00:00,3942.0
2017-01-22 05:00:00,3848.0
2017-01-22 06:00:00,3613.0
2017-01-22 07:00:00,3521.0
2017-01-22 08:00:00,3435.0
2017-01-22 09:00:00,3596.0
2017-01-22 10:00:00,3648.0
2017-01-22 11:00:00,4085.0
2017-01-22 12:00:00,4231.0
2017-01-22 13:00:00,4350.0
2017-01-22 14:00:00,4705.0
2017-01-22 15:00:00,4720.0
2017-01-22 16:00:00,4701.0
2017-01-22 17:00:00,4885.0
2017-01-22 18:00:00,5031.0
2017-01-22 19:00:00,5236.0
2017-01-22 20:00:00,5209.0
2017-01-22 21:00:00,5046.0
2017-01-22 22:00:00,4925.0
2017-01-22 23:00:00,4855.0
2017-01-23 00:00:00,4832.0
2017-01-23 01:00:00,4715.0
2017-01-23 02:00:00,4286.0
2017-01-23 03:00:00,4225.0
2017-01-23 04:00:00,4020.0
2017-01-23 05:00:00,3794.0
2017-01-23 06:00:00,3669.0
2017-01-23 07:00:00,3627.0
2017-01-23 08:00:00,3547.0
2017-01-23 09:00:00,3643.0
2017-01-23 10:00:00,3710.0
2017-01-23 11:00:00,4278.0
2017-01-23 12:00:00,4551.0
2017-01-23 13:00:00,4683.0
2017-01-23 14:00:00,4934.0
2017-01-23 15:00:00,4952.0
2017-01-23 16:00:00,4997.0
2017-01-23 17:00:00,4999.0
2017-01-23 18:00:00,5221.0
2017-01-23 19:00:00,5455.0
2017-01-23 20:00:00,5313.0
2017-01-23 21:00:00,5116.0
2017-01-23 22:00:00,4858.0
2017-01-23 23:00:00,4601.0
2017-01-24 00:00:00,4548.0
2017-01-24 01:00:00,4427.0
2017-01-24 02:00:00,4313.0
2017-01-24 03:00:00,4245.0
2017-01-24 04:00:00,4038.0
2017-01-24 05:00:00,3871.0
2017-01-24 06:00:00,3695.0
2017-01-24 07:00:00,3633.0
2017-01-24 08:00:00,3567.0
2017-01-24 09:00:00,3704.0
2017-01-24 10:00:00,3767.0
2017-01-24 11:00:00,4223.0
2017-01-24 12:00:00,4474.0
2017-01-24 13:00:00,4475.0
2017-01-24 14:00:00,4673.0
2017-01-24 15:00:00,4833.0
2017-01-24 16:00:00,4897.0
2017-01-24 17:00:00,5144.0
2017-01-24 18:00:00,5327.0
2017-01-24 19:00:00,5366.0
2017-01-24 20:00:00,5236.0
2017-01-24 21:00:00,5151.0
2017-01-24 22:00:00,4872.0
2017-01-24 23:00:00,4637.0
2017-01-25 00:00:00,4686.0
2017-01-25 01:00:00,4709.0
2017-01-25 02:00:00,4449.0
2017-01-25 03:00:00,4353.0
2017-01-25 04:00:00,4154.0
2017-01-25 05:00:00,3936.0
2017-01-25 06:00:00,3850.0
2017-01-25 07:00:00,3650.0
2017-01-25 08:00:00,3609.0
2017-01-25 09:00:00,3722.0
2017-01-25 10:00:00,3905.0
2017-01-25 11:00:00,4203.0
2017-01-25 12:00:00,4431.0
2017-01-25 13:00:00,4282.0
2017-01-25 14:00:00,4376.0
2017-01-25 15:00:00,4534.0
2017-01-25 16:00:00,4718.0
2017-01-25 17:00:00,4969.0
2017-01-25 18:00:00,4991.0
2017-01-25 19:00:00,5086.0
2017-01-25 20:00:00,5068.0
2017-01-25 21:00:00,4978.0
2017-01-25 22:00:00,4753.0
2017-01-25 23:00:00,4587.0
2017-01-26 00:00:00,4629.0
2017-01-26 01:00:00,4639.0
2017-01-26 02:00:00,4417.0
2017-01-26 03:00:00,4354.0
2017-01-26 04:00:00,4077.0
2017-01-26 05:00:00,3975.0
2017-01-26 06:00:00,3825.0
2017-01-26 07:00:00,3761.0
2017-01-26 08:00:00,3639.0
2017-01-26 09:00:00,3653.0
2017-01-26 10:00:00,3762.0
2017-01-26 11:00:00,3845.0
2017-01-26 12:00:00,3765.0
2017-01-26 13:00:00,3850.0
2017-01-26 14:00:00,3940.0
2017-01-26 15:00:00,4072.0
2017-01-26 16:00:00,4182.0
2017-01-26 17:00:00,4326.0
2017-01-26 18:00:00,4319.0
2017-01-26 19:00:00,4541.0
2017-01-26 20:00:00,4616.0
2017-01-26 21:00:00,4564.0
2017-01-26 22:00:00,4303.0
2017-01-26 23:00:00,4458.0
2017-01-27 00:00:00,4303.0
2017-01-27 01:00:00,4306.0
2017-01-27 02:00:00,4127.0
2017-01-27 03:00:00,3936.0
2017-01-27 04:00:00,3872.0
2017-01-27 05:00:00,3639.0
2017-01-27 06:00:00,3517.0
2017-01-27 07:00:00,3430.0
2017-01-27 08:00:00,3284.0
2017-01-27 09:00:00,3309.0
2017-01-27 10:00:00,3177.0
2017-01-27 11:00:00,3312.0
2017-01-27 12:00:00,3360.0
2017-01-27 13:00:00,3508.0
2017-01-27 14:00:00,3640.0
2017-01-27 15:00:00,3837.0
2017-01-27 16:00:00,3909.0
2017-01-27 17:00:00,3853.0
2017-01-27 18:00:00,3897.0
2017-01-27 19:00:00,3850.0
2017-01-27 20:00:00,3627.0
2017-01-27 21:00:00,3667.0
2017-01-27 22:00:00,3411.0
2017-01-27 23:00:00,3444.0
2017-01-28 00:00:00,3389.0
2017-01-28 01:00:00,3274.0
2017-01-28 02:00:00,3286.0
2017-01-28 03:00:00,3293.0
2017-01-28 04:00:00,3237.0
2017-01-28 05:00:00,3218.0
2017-01-28 06:00:00,3148.0
2017-01-28 07:00:00,3126.0
2017-01-28 08:00:00,3184.0
2017-01-28 09:00:00,3296.0
2017-01-28 10:00:00,3402.0
2017-01-28 11:00:00,3825.0
2017-01-28 12:00:00,3952.0
2017-01-28 13:00:00,4243.0
2017-01-28 14:00:00,4408.0
2017-01-28 15:00:00,4551.0
2017-01-28 16:00:00,4585.0
2017-01-28 17:00:00,4864.0
2017-01-28 18:00:00,4934.0
2017-01-28 19:00:00,4799.0
2017-01-28 20:00:00,5003.0
2017-01-28 21:00:00,4832.0
2017-01-28 22:00:00,4459.0
2017-01-28 23:00:00,4410.0
2017-01-29 00:00:00,4403.0
2017-01-29 01:00:00,4363.0
2017-01-29 02:00:00,4167.0
2017-01-29 03:00:00,4002.0
2017-01-29 04:00:00,3765.0
2017-01-29 05:00:00,3574.0
2017-01-29 06:00:00,3529.0
2017-01-29 07:00:00,3406.0
2017-01-29 08:00:00,3475.0
2017-01-29 09:00:00,3456.0
2017-01-29 10:00:00,3572.0
2017-01-29 11:00:00,3913.0
2017-01-29 12:00:00,4015.0
2017-01-29 13:00:00,4238.0
2017-01-29 14:00:00,4563.0
2017-01-29 15:00:00,4684.0
2017-01-29 16:00:00,4809.0
2017-01-29 17:00:00,5205.0
2017-01-29 18:00:00,5213.0
2017-01-29 19:00:00,5053.0
2017-01-29 20:00:00,5192.0
2017-01-29 21:00:00,5017.0
2017-01-29 22:00:00,4685.0
2017-01-29 23:00:00,4623.0
2017-01-30 00:00:00,4573.0
2017-01-30 01:00:00,4575.0
2017-01-30 02:00:00,4244.0
2017-01-30 03:00:00,4093.0
2017-01-30 04:00:00,3988.0
2017-01-30 05:00:00,3742.0
2017-01-30 06:00:00,3603.0
2017-01-30 07:00:00,3571.0
2017-01-30 08:00:00,3500.0
2017-01-30 09:00:00,3532.0
2017-01-30 10:00:00,3687.0
2017-01-30 11:00:00,4096.0
2017-01-30 12:00:00,4233.0
2017-01-30 13:00:00,4389.0
2017-01-30 14:00:00,4544.0
2017-01-30 15:00:00,4540.0
2017-01-30 16:00:00,4769.0
2017-01-30 17:00:00,4850.0
2017-01-30 18:00:00,4815.0
2017-01-30 19:00:00,4985.0
2017-01-30 20:00:00,4939.0
2017-01-30 21:00:00,4818.0
2017-01-30 22:00:00,4707.0
2017-01-30 23:00:00,4674.0
2017-01-31 00:00:00,4623.0
2017-01-31 01:00:00,4632.0
2017-01-31 02:00:00,4499.0
2017-01-31 03:00:00,4393.0
2017-01-31 04:00:00,4304.0
2017-01-31 05:00:00,4122.0
2017-01-31 06:00:00,3919.0
2017-01-31 07:00:00,3825.0
2017-01-31 08:00:00,3705.0
2017-01-31 09:00:00,3688.0
2017-01-31 10:00:00,3901.0
2017-01-31 11:00:00,4214.0
2017-01-31 12:00:00,4341.0
2017-01-31 13:00:00,4534.0
2017-01-31 14:00:00,4666.0
2017-01-31 15:00:00,4769.0
2017-01-31 16:00:00,4729.0
2017-01-31 17:00:00,4904.0
2017-01-31 18:00:00,4828.0
2017-01-31 19:00:00,4741.0
2017-01-31 20:00:00,4874.0
2017-01-31 21:00:00,4712.0
2017-01-31 22:00:00,4448.0
2017-01-31 23:00:00,4389.0
2017-02-01 00:00:00,4387.0
2017-02-01 01:00:00,4319.0
2017-02-01 02:00:00,4239.0
2017-02-01 03:00:00,4094.0
2017-02-01 04:00:00,3904.0
2017-02-01 05:00:00,3753.0
2017-02-01 06:00:00,3688.0
2017-02-01 07:00:00,3659.0
2017-02-01 08:00:00,3583.0
2017-02-01 09:00:00,3544.0
2017-02-01 10:00:00,3632.0
2017-02-01 11:00:00,4127.0
2017-02-01 12:00:00,4347.0
2017-02-01 13:00:00,4458.0
2017-02-01 14:00:00,4788.0
2017-02-01 15:00:00,4795.0
2017-02-01 16:00:00,4801.0
2017-02-01 17:00:00,4984.0
2017-02-01 18:00:00,4873.0
2017-02-01 19:00:00,4853.0
2017-02-01 20:00:00,4911.0
2017-02-01 21:00:00,4759.0
2017-02-01 22:00:00,4442.0
2017-02-01 23:00:00,4511.0
2017-02-02 00:00:00,4681.0
2017-02-02 01:00:00,4577.0
2017-02-02 02:00:00,4368.0
2017-02-02 03:00:00,4191.0
2017-02-02 04:00:00,4012.0
2017-02-02 05:00:00,3951.0
2017-02-02 06:00:00,3751.0
2017-02-02 07:00:00,3748.0
2017-02-02 08:00:00,2540.0
2017-02-02 09:00:00,2750.0
2017-02-02 10:00:00,3501.0
2017-02-02 11:00:00,3739.0
2017-02-02 12:00:00,3811.0
2017-02-02 13:00:00,3995.0
2017-02-02 14:00:00,4085.0
2017-02-02 15:00:00,4214.0
2017-02-02 16:00:00,4028.0
2017-02-02 17:00:00,4028.0
2017-02-02 18:00:00,4087.0
2017-02-02 19:00:00,4459.0
2017-02-02 20:00:00,4502.0
2017-02-02 21:00:00,4392.0
2017-02-02 22:00:00,4206.0
2017-02-02 23:00:00,4295.0
2017-02-03 00:00:00,4239.0
2017-02-03 01:00:00,4160.0
2017-02-03 02:00:00,4010.0
2017-02-03 03:00:00,3995.0
2017-02-03 04:00:00,3958.0
2017-02-03 05:00:00,3806.0
2017-02-03 06:00:00,3717.0
2017-02-03 07:00:00,3523.0
2017-02-03 08:00:00,3389.0
2017-02-03 09:00:00,3387.0
2017-02-03 10:00:00,3372.0
2017-02-03 11:00:00,3505.0
2017-02-03 12:00:00,3472.0
2017-02-03 13:00:00,3486.0
2017-02-03 14:00:00,3645.0
2017-02-03 15:00:00,3753.0
2017-02-03 16:00:00,3651.0
2017-02-03 17:00:00,3640.0
2017-02-03 18:00:00,3634.0
2017-02-03 19:00:00,3559.0
2017-02-03 20:00:00,3469.0
2017-02-03 21:00:00,3539.0
2017-02-03 22:00:00,3430.0
2017-02-03 23:00:00,3370.0
2017-02-04 00:00:00,3300.0
2017-02-04 01:00:00,3349.0
2017-02-04 02:00:00,3252.0
2017-02-04 03:00:00,3242.0
2017-02-04 04:00:00,3263.0
2017-02-04 05:00:00,3163.0
2017-02-04 06:00:00,3235.0
2017-02-04 07:00:00,3295.0
2017-02-04 08:00:00,3235.0
2017-02-04 09:00:00,3360.0
2017-02-04 10:00:00,3496.0
2017-02-04 11:00:00,4035.0
2017-02-04 12:00:00,4124.0
2017-02-04 13:00:00,4301.0
2017-02-04 14:00:00,4471.0
2017-02-04 15:00:00,4595.0
2017-02-04 16:00:00,4464.0
2017-02-04 17:00:00,4638.0
2017-02-04 18:00:00,4848.0
2017-02-04 19:00:00,4770.0
2017-02-04 20:00:00,4800.0
2017-02-04 21:00:00,4669.0
2017-02-04 22:00:00,4273.0
2017-02-04 23:00:00,4237.0
2017-02-05 00:00:00,4404.0
2017-02-05 01:00:00,4252.0
2017-02-05 02:00:00,3999.0
2017-02-05 03:00:00,3972.0
2017-02-05 04:00:00,3844.0
2017-02-05 05:00:00,3650.0
2017-02-05 06:00:00,3525.0
2017-02-05 07:00:00,3471.0
2017-02-05 08:00:00,3379.0
2017-02-05 09:00:00,3443.0
2017-02-05 10:00:00,3506.0
2017-02-05 11:00:00,4052.0
2017-02-05 12:00:00,3775.0
2017-02-05 13:00:00,4213.0
2017-02-05 14:00:00,4544.0
2017-02-05 15:00:00,4690.0
2017-02-05 16:00:00,4552.0
2017-02-05 17:00:00,4773.0
2017-02-05 18:00:00,4963.0
2017-02-05 19:00:00,5121.0
2017-02-05 20:00:00,4883.0
2017-02-05 21:00:00,4561.0
2017-02-05 22:00:00,4734.0
2017-02-05 23:00:00,4754.0
2017-02-06 00:00:00,4781.0
2017-02-06 01:00:00,4896.0
2017-02-06 02:00:00,4486.0
2017-02-06 03:00:00,4247.0
2017-02-06 04:00:00,4075.0
2017-02-06 05:00:00,3913.0
2017-02-06 06:00:00,3710.0
2017-02-06 07:00:00,3540.0
2017-02-06 08:00:00,3389.0
2017-02-06 09:00:00,3587.0
2017-02-06 10:00:00,3740.0
2017-02-06 11:00:00,4064.0
2017-02-06 12:00:00,4200.0
2017-02-06 13:00:00,4312.0
2017-02-06 14:00:00,4549.0
2017-02-06 15:00:00,4815.0
2017-02-06 16:00:00,4827.0
2017-02-06 17:00:00,5156.0
2017-02-06 18:00:00,5136.0
2017-02-06 19:00:00,5163.0
2017-02-06 20:00:00,4987.0
2017-02-06 21:00:00,5047.0
2017-02-06 22:00:00,4941.0
2017-02-06 23:00:00,4792.0
2017-02-07 00:00:00,4756.0
2017-02-07 01:00:00,4775.0
2017-02-07 02:00:00,4391.0
2017-02-07 03:00:00,4339.0
2017-02-07 04:00:00,4151.0
2017-02-07 05:00:00,3982.0
2017-02-07 06:00:00,3866.0
2017-02-07 07:00:00,3698.0
2017-02-07 08:00:00,3576.0
2017-02-07 09:00:00,3701.0
2017-02-07 10:00:00,3782.0
2017-02-07 11:00:00,4265.0
2017-02-07 12:00:00,4416.0
2017-02-07 13:00:00,4591.0
2017-02-07 14:00:00,4871.0
2017-02-07 15:00:00,5100.0
2017-02-07 16:00:00,5313.0
2017-02-07 17:00:00,5315.0
2017-02-07 18:00:00,5047.0
2017-02-07 19:00:00,1188.0
2017-02-07 20:00:00,4367.0
2017-02-07 21:00:00,4473.0
2017-02-07 22:00:00,4097.0
2017-02-07 23:00:00,4255.0
2017-02-08 00:00:00,4209.0
2017-02-08 01:00:00,4060.0
2017-02-08 02:00:00,4115.0
2017-02-08 03:00:00,4061.0
2017-02-08 04:00:00,3809.0
2017-02-08 05:00:00,3666.0
2017-02-08 06:00:00,3571.0
2017-02-08 07:00:00,3559.0
2017-02-08 08:00:00,3620.0
2017-02-08 09:00:00,3656.0
2017-02-08 10:00:00,3678.0
2017-02-08 11:00:00,4387.0
2017-02-08 12:00:00,4685.0
2017-02-08 13:00:00,4802.0
2017-02-08 14:00:00,5069.0
2017-02-08 15:00:00,5370.0
2017-02-08 16:00:00,5315.0
2017-02-08 17:00:00,5227.0
2017-02-08 18:00:00,5202.0
2017-02-08 19:00:00,5189.0
2017-02-08 20:00:00,4231.0
2017-02-08 21:00:00,4165.0
2017-02-08 22:00:00,4057.0
2017-02-08 23:00:00,4162.0
2017-02-09 00:00:00,4296.0
2017-02-09 01:00:00,4175.0
2017-02-09 02:00:00,3986.0
2017-02-09 03:00:00,3961.0
2017-02-09 04:00:00,3725.0
2017-02-09 05:00:00,3535.0
2017-02-09 06:00:00,3400.0
2017-02-09 07:00:00,3361.0
2017-02-09 08:00:00,3453.0
2017-02-09 09:00:00,3303.0
2017-02-09 10:00:00,3327.0
2017-02-09 11:00:00,3570.0
2017-02-09 12:00:00,3477.0
2017-02-09 13:00:00,3522.0
2017-02-09 14:00:00,3603.0
2017-02-09 15:00:00,3870.0
2017-02-09 16:00:00,3883.0
2017-02-09 17:00:00,3940.0
2017-02-09 18:00:00,3953.0
2017-02-09 19:00:00,4067.0
2017-02-09 20:00:00,4286.0
2017-02-09 21:00:00,4161.0
2017-02-09 22:00:00,3920.0
2017-02-09 23:00:00,4007.0
2017-02-10 00:00:00,3894.0
2017-02-10 01:00:00,3825.0
2017-02-10 02:00:00,3707.0
2017-02-10 03:00:00,3672.0
2017-02-10 04:00:00,3486.0
2017-02-10 05:00:00,3391.0
2017-02-10 06:00:00,3235.0
2017-02-10 07:00:00,3127.0
2017-02-10 08:00:00,3099.0
2017-02-10 09:00:00,3059.0
2017-02-10 10:00:00,2869.0
2017-02-10 11:00:00,2964.0
2017-02-10 12:00:00,2735.0
2017-02-10 13:00:00,3172.0
2017-02-10 14:00:00,3237.0
2017-02-10 15:00:00,3339.0
2017-02-10 16:00:00,3359.0
2017-02-10 17:00:00,3404.0
2017-02-10 18:00:00,3341.0
2017-02-10 19:00:00,3341.0
2017-02-10 20:00:00,3207.0
2017-02-10 21:00:00,3227.0
2017-02-10 22:00:00,3075.0
2017-02-10 23:00:00,3040.0
2017-02-11 00:00:00,3039.0
2017-02-11 01:00:00,3016.0
2017-02-11 02:00:00,2885.0
2017-02-11 03:00:00,2940.0
2017-02-11 04:00:00,2890.0
2017-02-11 05:00:00,2825.0
2017-02-11 06:00:00,2933.0
2017-02-11 07:00:00,2894.0
2017-02-11 08:00:00,2897.0
2017-02-11 09:00:00,3055.0
2017-02-11 10:00:00,3302.0
2017-02-11 11:00:00,3683.0
2017-02-11 12:00:00,3783.0
2017-02-11 13:00:00,3978.0
2017-02-11 14:00:00,4219.0
2017-02-11 15:00:00,4222.0
2017-02-11 16:00:00,4273.0
2017-02-11 17:00:00,4387.0
2017-02-11 18:00:00,4465.0
2017-02-11 19:00:00,4404.0
2017-02-11 20:00:00,4366.0
2017-02-11 21:00:00,4348.0
2017-02-11 22:00:00,4210.0
2017-02-11 23:00:00,4327.0
2017-02-12 00:00:00,4196.0
2017-02-12 01:00:00,4249.0
2017-02-12 02:00:00,3924.0
2017-02-12 03:00:00,3849.0
2017-02-12 04:00:00,3703.0
2017-02-12 05:00:00,3524.0
2017-02-12 06:00:00,3442.0
2017-02-12 07:00:00,3343.0
2017-02-12 08:00:00,3204.0
2017-02-12 09:00:00,3338.0
2017-02-12 10:00:00,3355.0
2017-02-12 11:00:00,3863.0
2017-02-12 12:00:00,3974.0
2017-02-12 13:00:00,4186.0
2017-02-12 14:00:00,4389.0
2017-02-12 15:00:00,4480.0
2017-02-12 16:00:00,4468.0
2017-02-12 17:00:00,4575.0
2017-02-12 18:00:00,4461.0
2017-02-12 19:00:00,4444.0
2017-02-12 20:00:00,4432.0
2017-02-12 21:00:00,4425.0
2017-02-12 22:00:00,4249.0
2017-02-12 23:00:00,4343.0
2017-02-13 00:00:00,4403.0
2017-02-13 01:00:00,4400.0
2017-02-13 02:00:00,4324.0
2017-02-13 03:00:00,4275.0
2017-02-13 04:00:00,3998.0
2017-02-13 05:00:00,3790.0
2017-02-13 06:00:00,3418.0
2017-02-13 07:00:00,3370.0
2017-02-13 08:00:00,3246.0
2017-02-13 09:00:00,3307.0
2017-02-13 10:00:00,3341.0
2017-02-13 11:00:00,3441.0
2017-02-13 12:00:00,3478.0
2017-02-13 13:00:00,3546.0
2017-02-13 14:00:00,3621.0
2017-02-13 15:00:00,3785.0
2017-02-13 16:00:00,3600.0
2017-02-13 17:00:00,3794.0
2017-02-13 18:00:00,3787.0
2017-02-13 19:00:00,3865.0
2017-02-13 20:00:00,4032.0
2017-02-13 21:00:00,4083.0
2017-02-13 22:00:00,3697.0
2017-02-13 23:00:00,3759.0
2017-02-14 00:00:00,3848.0
2017-02-14 01:00:00,3908.0
2017-02-14 02:00:00,3746.0
2017-02-14 03:00:00,3653.0
2017-02-14 04:00:00,3425.0
2017-02-14 05:00:00,3277.0
2017-02-14 06:00:00,3199.0
2017-02-14 07:00:00,3263.0
2017-02-14 08:00:00,3191.0
2017-02-14 09:00:00,3241.0
2017-02-14 10:00:00,3308.0
2017-02-14 11:00:00,3583.0
2017-02-14 12:00:00,3644.0
2017-02-14 13:00:00,3754.0
2017-02-14 14:00:00,4021.0
2017-02-14 15:00:00,4251.0
2017-02-14 16:00:00,3936.0
2017-02-14 17:00:00,4019.0
2017-02-14 18:00:00,4117.0
2017-02-14 19:00:00,4368.0
2017-02-14 20:00:00,4423.0
2017-02-14 21:00:00,4187.0
2017-02-14 22:00:00,3899.0
2017-02-14 23:00:00,3978.0
2017-02-15 00:00:00,4035.0
2017-02-15 01:00:00,4085.0
2017-02-15 02:00:00,3812.0
2017-02-15 03:00:00,3695.0
2017-02-15 04:00:00,3394.0
2017-02-15 05:00:00,3272.0
2017-02-15 06:00:00,3140.0
2017-02-15 07:00:00,3071.0
2017-02-15 08:00:00,2988.0
2017-02-15 09:00:00,3116.0
2017-02-15 10:00:00,3303.0
2017-02-15 11:00:00,3637.0
2017-02-15 12:00:00,3837.0
2017-02-15 13:00:00,3883.0
2017-02-15 14:00:00,4196.0
2017-02-15 15:00:00,4298.0
2017-02-15 16:00:00,4728.0
2017-02-15 17:00:00,4992.0
2017-02-15 18:00:00,4977.0
2017-02-15 19:00:00,5038.0
2017-02-15 20:00:00,5053.0
2017-02-15 21:00:00,5032.0
2017-02-15 22:00:00,4760.0
2017-02-15 23:00:00,4441.0
2017-02-16 00:00:00,4502.0
2017-02-16 01:00:00,4330.0
2017-02-16 02:00:00,4048.0
2017-02-16 03:00:00,4071.0
2017-02-16 04:00:00,3933.0
2017-02-16 05:00:00,3795.0
2017-02-16 06:00:00,3613.0
2017-02-16 07:00:00,3549.0
2017-02-16 08:00:00,3436.0
2017-02-16 09:00:00,3357.0
2017-02-16 10:00:00,3438.0
2017-02-16 11:00:00,3535.0
2017-02-16 12:00:00,3540.0
2017-02-16 13:00:00,3718.0
2017-02-16 14:00:00,3737.0
2017-02-16 15:00:00,3855.0
2017-02-16 16:00:00,3823.0
2017-02-16 17:00:00,4225.0
2017-02-16 18:00:00,4446.0
2017-02-16 19:00:00,4582.0
2017-02-16 20:00:00,4535.0
2017-02-16 21:00:00,4717.0
2017-02-16 22:00:00,4464.0
2017-02-16 23:00:00,4492.0
2017-02-17 00:00:00,4214.0
2017-02-17 01:00:00,4230.0
2017-02-17 02:00:00,3960.0
2017-02-17 03:00:00,3949.0
2017-02-17 04:00:00,3760.0
2017-02-17 05:00:00,3672.0
2017-02-17 06:00:00,3516.0
2017-02-17 07:00:00,3390.0
2017-02-17 08:00:00,3271.0
2017-02-17 09:00:00,3124.0
2017-02-17 10:00:00,3057.0
2017-02-17 11:00:00,3163.0
2017-02-17 12:00:00,3424.0
2017-02-17 13:00:00,3445.0
2017-02-17 14:00:00,3546.0
2017-02-17 15:00:00,3794.0
2017-02-17 16:00:00,3916.0
2017-02-17 17:00:00,3900.0
2017-02-17 18:00:00,3904.0
2017-02-17 19:00:00,4003.0
2017-02-17 20:00:00,4070.0
2017-02-17 21:00:00,3964.0
2017-02-17 22:00:00,3733.0
2017-02-17 23:00:00,3508.0
2017-02-18 00:00:00,3436.0
2017-02-18 01:00:00,3486.0
2017-02-18 02:00:00,3328.0
2017-02-18 03:00:00,3444.0
2017-02-18 04:00:00,3357.0
2017-02-18 05:00:00,3324.0
2017-02-18 06:00:00,3382.0
2017-02-18 07:00:00,3334.0
2017-02-18 08:00:00,3417.0
2017-02-18 09:00:00,3460.0
2017-02-18 10:00:00,3545.0
2017-02-18 11:00:00,4242.0
2017-02-18 12:00:00,4428.0
2017-02-18 13:00:00,4604.0
2017-02-18 14:00:00,4886.0
2017-02-18 15:00:00,5041.0
2017-02-18 16:00:00,5074.0
2017-02-18 17:00:00,5085.0
2017-02-18 18:00:00,5197.0
2017-02-18 19:00:00,5159.0
2017-02-18 20:00:00,5204.0
2017-02-18 21:00:00,5308.0
2017-02-18 22:00:00,5086.0
2017-02-18 23:00:00,4958.0
2017-02-19 00:00:00,4821.0
2017-02-19 01:00:00,4795.0
2017-02-19 02:00:00,4538.0
2017-02-19 03:00:00,4446.0
2017-02-19 04:00:00,4159.0
2017-02-19 05:00:00,3887.0
2017-02-19 06:00:00,3762.0
2017-02-19 07:00:00,3634.0
2017-02-19 08:00:00,3577.0
2017-02-19 09:00:00,3514.0
2017-02-19 10:00:00,3591.0
2017-02-19 11:00:00,4207.0
2017-02-19 12:00:00,4446.0
2017-02-19 13:00:00,4640.0
2017-02-19 14:00:00,4486.0
2017-02-19 15:00:00,4975.0
2017-02-19 16:00:00,5090.0
2017-02-19 17:00:00,5196.0
2017-02-19 18:00:00,5370.0
2017-02-19 19:00:00,5387.0
2017-02-19 20:00:00,5257.0
2017-02-19 21:00:00,5104.0
2017-02-19 22:00:00,4678.0
2017-02-19 23:00:00,4362.0
2017-02-20 00:00:00,4416.0
2017-02-20 01:00:00,4214.0
2017-02-20 02:00:00,4177.0
2017-02-20 03:00:00,4149.0
2017-02-20 04:00:00,3809.0
2017-02-20 05:00:00,3601.0
2017-02-20 06:00:00,3406.0
2017-02-20 07:00:00,3378.0
2017-02-20 08:00:00,3392.0
2017-02-20 09:00:00,3384.0
2017-02-20 10:00:00,3604.0
2017-02-20 11:00:00,3956.0
2017-02-20 12:00:00,4123.0
2017-02-20 13:00:00,4257.0
2017-02-20 14:00:00,4442.0
2017-02-20 15:00:00,4814.0
2017-02-20 16:00:00,4799.0
2017-02-20 17:00:00,4918.0
2017-02-20 18:00:00,4849.0
2017-02-20 19:00:00,4940.0
2017-02-20 20:00:00,4951.0
2017-02-20 21:00:00,4869.0
2017-02-20 22:00:00,4467.0
2017-02-20 23:00:00,4300.0
2017-02-21 00:00:00,4265.0
2017-02-21 01:00:00,4272.0
2017-02-21 02:00:00,4156.0
2017-02-21 03:00:00,4167.0
2017-02-21 04:00:00,3988.0
2017-02-21 05:00:00,3743.0
2017-02-21 06:00:00,3695.0
2017-02-21 07:00:00,3523.0
2017-02-21 08:00:00,3346.0
2017-02-21 09:00:00,3364.0
2017-02-21 10:00:00,3580.0
2017-02-21 11:00:00,3852.0
2017-02-21 12:00:00,4118.0
2017-02-21 13:00:00,4401.0
2017-02-21 14:00:00,4452.0
2017-02-21 15:00:00,4582.0
2017-02-21 16:00:00,4537.0
2017-02-21 17:00:00,4626.0
2017-02-21 18:00:00,4615.0
2017-02-21 19:00:00,4727.0
2017-02-21 20:00:00,4717.0
2017-02-21 21:00:00,4489.0
2017-02-21 22:00:00,4234.0
2017-02-21 23:00:00,4266.0
2017-02-22 00:00:00,4219.0
2017-02-22 01:00:00,4209.0
2017-02-22 02:00:00,4045.0
2017-02-22 03:00:00,4024.0
2017-02-22 04:00:00,3814.0
2017-02-22 05:00:00,3530.0
2017-02-22 06:00:00,3453.0
2017-02-22 07:00:00,3436.0
2017-02-22 08:00:00,3370.0
2017-02-22 09:00:00,3289.0
2017-02-22 10:00:00,3409.0
2017-02-22 11:00:00,3759.0
2017-02-22 12:00:00,4007.0
2017-02-22 13:00:00,4237.0
2017-02-22 14:00:00,4505.0
2017-02-22 15:00:00,4549.0
2017-02-22 16:00:00,4421.0
2017-02-22 17:00:00,4616.0
2017-02-22 18:00:00,4827.0
2017-02-22 19:00:00,4847.0
2017-02-22 20:00:00,4848.0
2017-02-22 21:00:00,4792.0
2017-02-22 22:00:00,4465.0
2017-02-22 23:00:00,4371.0
2017-02-23 00:00:00,4447.0
2017-02-23 01:00:00,4521.0
2017-02-23 02:00:00,4417.0
2017-02-23 03:00:00,4309.0
2017-02-23 04:00:00,4188.0
2017-02-23 05:00:00,3928.0
2017-02-23 06:00:00,3809.0
2017-02-23 07:00:00,3879.0
2017-02-23 08:00:00,3697.0
2017-02-23 09:00:00,3627.0
2017-02-23 10:00:00,3271.0
2017-02-23 11:00:00,3438.0
2017-02-23 12:00:00,3638.0
2017-02-23 13:00:00,3362.0
2017-02-23 14:00:00,1599.0
2017-02-23 15:00:00,3019.0
2017-02-23 16:00:00,3522.0
2017-02-23 17:00:00,3560.0
2017-02-23 18:00:00,3581.0
2017-02-23 19:00:00,3534.0
2017-02-23 20:00:00,3584.0
2017-02-23 21:00:00,3591.0
2017-02-23 22:00:00,3471.0
2017-02-23 23:00:00,3608.0
2017-02-24 00:00:00,3752.0
2017-02-24 01:00:00,3812.0
2017-02-24 02:00:00,3710.0
2017-02-24 03:00:00,3554.0
2017-02-24 04:00:00,3339.0
2017-02-24 05:00:00,3256.0
2017-02-24 06:00:00,3076.0
2017-02-24 07:00:00,2898.0
2017-02-24 08:00:00,2911.0
2017-02-24 09:00:00,2782.0
2017-02-24 10:00:00,2755.0
2017-02-24 11:00:00,2792.0
2017-02-24 12:00:00,2832.0
2017-02-24 13:00:00,2930.0
2017-02-24 14:00:00,3044.0
2017-02-24 15:00:00,3162.0
2017-02-24 16:00:00,3100.0
2017-02-24 17:00:00,3216.0
2017-02-24 18:00:00,3205.0
2017-02-24 19:00:00,3193.0
2017-02-24 20:00:00,3193.0
2017-02-24 21:00:00,3162.0
2017-02-24 22:00:00,3002.0
2017-02-24 23:00:00,2986.0
2017-02-25 00:00:00,2886.0
2017-02-25 01:00:00,2842.0
2017-02-25 02:00:00,2914.0
2017-02-25 03:00:00,2862.0
2017-02-25 04:00:00,2818.0
2017-02-25 05:00:00,2791.0
2017-02-25 06:00:00,2780.0
2017-02-25 07:00:00,2845.0
2017-02-25 08:00:00,2954.0
2017-02-25 09:00:00,3022.0
2017-02-25 10:00:00,2995.0
2017-02-25 11:00:00,3293.0
2017-02-25 12:00:00,3344.0
2017-02-25 13:00:00,3466.0
2017-02-25 14:00:00,3598.0
2017-02-25 15:00:00,3679.0
2017-02-25 16:00:00,3634.0
2017-02-25 17:00:00,3769.0
2017-02-25 18:00:00,3902.0
2017-02-25 19:00:00,3976.0
2017-02-25 20:00:00,3862.0
2017-02-25 21:00:00,3778.0
2017-02-25 22:00:00,3567.0
2017-02-25 23:00:00,3778.0
2017-02-26 00:00:00,3919.0
2017-02-26 01:00:00,3919.0
2017-02-26 02:00:00,3755.0
2017-02-26 03:00:00,3718.0
2017-02-26 04:00:00,3459.0
2017-02-26 05:00:00,3309.0
2017-02-26 06:00:00,3213.0
2017-02-26 07:00:00,3240.0
2017-02-26 08:00:00,3161.0
2017-02-26 09:00:00,3244.0
2017-02-26 10:00:00,3303.0
2017-02-26 11:00:00,3549.0
2017-02-26 12:00:00,3791.0
2017-02-26 13:00:00,3988.0
2017-02-26 14:00:00,4084.0
2017-02-26 15:00:00,4054.0
2017-02-26 16:00:00,3911.0
2017-02-26 17:00:00,3992.0
2017-02-26 18:00:00,4033.0
2017-02-26 19:00:00,4032.0
2017-02-26 20:00:00,3859.0
2017-02-26 21:00:00,3848.0
2017-02-26 22:00:00,3605.0
2017-02-26 23:00:00,3774.0
2017-02-27 00:00:00,3962.0
2017-02-27 01:00:00,3924.0
2017-02-27 02:00:00,3786.0
2017-02-27 03:00:00,3715.0
2017-02-27 04:00:00,3476.0
2017-02-27 05:00:00,3233.0
2017-02-27 06:00:00,3049.0
2017-02-27 07:00:00,3080.0
2017-02-27 08:00:00,3075.0
2017-02-27 09:00:00,3210.0
2017-02-27 10:00:00,3187.0
2017-02-27 11:00:00,3597.0
2017-02-27 12:00:00,3614.0
2017-02-27 13:00:00,3590.0
2017-02-27 14:00:00,3888.0
2017-02-27 15:00:00,4066.0
2017-02-27 16:00:00,3876.0
2017-02-27 17:00:00,3972.0
2017-02-27 18:00:00,4437.0
2017-02-27 19:00:00,4348.0
2017-02-27 20:00:00,4067.0
2017-02-27 21:00:00,3962.0
2017-02-27 22:00:00,3770.0
2017-02-27 23:00:00,3925.0
2017-02-28 00:00:00,4037.0
2017-02-28 01:00:00,4020.0
2017-02-28 02:00:00,3949.0
2017-02-28 03:00:00,3776.0
2017-02-28 04:00:00,3614.0
2017-02-28 05:00:00,3384.0
2017-02-28 06:00:00,3343.0
2017-02-28 07:00:00,3290.0
2017-02-28 08:00:00,3318.0
2017-02-28 09:00:00,3278.0
2017-02-28 10:00:00,3290.0
2017-02-28 11:00:00,3618.0
2017-02-28 12:00:00,3762.0
2017-02-28 13:00:00,4254.0
2017-02-28 14:00:00,4342.0
2017-02-28 15:00:00,4496.0
2017-02-28 16:00:00,4608.0
2017-02-28 17:00:00,4349.0
2017-02-28 18:00:00,4333.0
2017-02-28 19:00:00,4591.0
2017-02-28 20:00:00,4552.0
2017-02-28 21:00:00,4264.0
2017-02-28 22:00:00,4034.0
2017-02-28 23:00:00,4132.0
2017-03-01 00:00:00,4305.0
2017-03-01 01:00:00,4158.0
2017-03-01 02:00:00,4039.0
2017-03-01 03:00:00,3859.0
2017-03-01 04:00:00,3814.0
2017-03-01 05:00:00,3646.0
2017-03-01 06:00:00,3475.0
2017-03-01 07:00:00,3475.0
2017-03-01 08:00:00,3342.0
2017-03-01 09:00:00,3589.0
2017-03-01 10:00:00,3549.0
2017-03-01 11:00:00,3948.0
2017-03-01 12:00:00,4049.0
2017-03-01 13:00:00,4255.0
2017-03-01 14:00:00,4428.0
2017-03-01 15:00:00,4412.0
2017-03-01 16:00:00,4521.0
2017-03-01 17:00:00,4671.0
2017-03-01 18:00:00,4741.0
2017-03-01 19:00:00,4716.0
2017-03-01 20:00:00,4969.0
2017-03-01 21:00:00,4809.0
2017-03-01 22:00:00,4292.0
2017-03-01 23:00:00,4404.0
2017-03-02 00:00:00,4459.0
2017-03-02 01:00:00,4322.0
2017-03-02 02:00:00,3985.0
2017-03-02 03:00:00,4023.0
2017-03-02 04:00:00,3828.0
2017-03-02 05:00:00,3741.0
2017-03-02 06:00:00,3567.0
2017-03-02 07:00:00,3519.0
2017-03-02 08:00:00,3293.0
2017-03-02 09:00:00,3405.0
2017-03-02 10:00:00,3188.0
2017-03-02 11:00:00,3310.0
2017-03-02 12:00:00,3456.0
2017-03-02 13:00:00,3572.0
2017-03-02 14:00:00,3675.0
2017-03-02 15:00:00,3857.0
2017-03-02 16:00:00,3957.0
2017-03-02 17:00:00,3979.0
2017-03-02 18:00:00,4273.0
2017-03-02 19:00:00,4292.0
2017-03-02 20:00:00,4390.0
2017-03-02 21:00:00,4471.0
2017-03-02 22:00:00,4181.0
2017-03-02 23:00:00,4037.0
2017-03-03 00:00:00,4021.0
2017-03-03 01:00:00,3807.0
2017-03-03 02:00:00,3643.0
2017-03-03 03:00:00,3594.0
2017-03-03 04:00:00,3486.0
2017-03-03 05:00:00,3287.0
2017-03-03 06:00:00,3224.0
2017-03-03 07:00:00,3153.0
2017-03-03 08:00:00,3073.0
2017-03-03 09:00:00,3068.0
2017-03-03 10:00:00,3132.0
2017-03-03 11:00:00,3268.0
2017-03-03 12:00:00,3354.0
2017-03-03 13:00:00,3412.0
2017-03-03 14:00:00,3418.0
2017-03-03 15:00:00,3641.0
2017-03-03 16:00:00,3936.0
2017-03-03 17:00:00,3919.0
2017-03-03 18:00:00,3963.0
2017-03-03 19:00:00,3979.0
2017-03-03 20:00:00,3990.0
2017-03-03 21:00:00,3868.0
2017-03-03 22:00:00,3642.0
2017-03-03 23:00:00,3546.0
2017-03-04 00:00:00,3426.0
2017-03-04 01:00:00,3154.0
2017-03-04 02:00:00,3329.0
2017-03-04 03:00:00,3252.0
2017-03-04 04:00:00,3446.0
2017-03-04 05:00:00,3184.0
2017-03-04 06:00:00,3151.0
2017-03-04 07:00:00,3183.0
2017-03-04 08:00:00,3203.0
2017-03-04 09:00:00,3398.0
2017-03-04 10:00:00,3553.0
2017-03-04 11:00:00,4074.0
2017-03-04 12:00:00,4325.0
2017-03-04 13:00:00,4466.0
2017-03-04 14:00:00,4592.0
2017-03-04 15:00:00,4670.0
2017-03-04 16:00:00,4520.0
2017-03-04 17:00:00,4716.0
2017-03-04 18:00:00,4873.0
2017-03-04 19:00:00,5030.0
2017-03-04 20:00:00,4987.0
2017-03-04 21:00:00,4510.0
2017-03-04 22:00:00,4319.0
2017-03-04 23:00:00,4464.0
2017-03-05 00:00:00,4414.0
2017-03-05 01:00:00,4301.0
2017-03-05 02:00:00,4108.0
2017-03-05 03:00:00,3964.0
2017-03-05 04:00:00,3947.0
2017-03-05 05:00:00,3803.0
2017-03-05 06:00:00,3635.0
2017-03-05 07:00:00,3498.0
2017-03-05 08:00:00,3495.0
2017-03-05 09:00:00,3454.0
2017-03-05 10:00:00,3551.0
2017-03-05 11:00:00,4193.0
2017-03-05 12:00:00,4412.0
2017-03-05 13:00:00,4570.0
2017-03-05 14:00:00,4927.0
2017-03-05 15:00:00,5004.0
2017-03-05 16:00:00,4820.0
2017-03-05 17:00:00,4943.0
2017-03-05 18:00:00,5018.0
2017-03-05 19:00:00,5074.0
2017-03-05 20:00:00,5138.0
2017-03-05 21:00:00,5035.0
2017-03-05 22:00:00,4730.0
2017-03-05 23:00:00,4854.0
2017-03-06 00:00:00,4852.0
2017-03-06 01:00:00,4774.0
2017-03-06 02:00:00,4463.0
2017-03-06 03:00:00,4279.0
2017-03-06 04:00:00,3940.0
2017-03-06 05:00:00,3827.0
2017-03-06 06:00:00,3657.0
2017-03-06 07:00:00,3553.0
2017-03-06 08:00:00,3405.0
2017-03-06 09:00:00,3469.0
2017-03-06 10:00:00,3472.0
2017-03-06 11:00:00,4159.0
2017-03-06 12:00:00,4167.0
2017-03-06 13:00:00,4474.0
2017-03-06 14:00:00,4976.0
2017-03-06 15:00:00,4978.0
2017-03-06 16:00:00,4950.0
2017-03-06 17:00:00,5172.0
2017-03-06 18:00:00,5328.0
2017-03-06 19:00:00,5204.0
2017-03-06 20:00:00,5204.0
2017-03-06 21:00:00,5143.0
2017-03-06 22:00:00,4756.0
2017-03-06 23:00:00,4672.0
2017-03-07 00:00:00,4562.0
2017-03-07 01:00:00,4520.0
2017-03-07 02:00:00,4307.0
2017-03-07 03:00:00,4191.0
2017-03-07 04:00:00,4005.0
2017-03-07 05:00:00,3845.0
2017-03-07 06:00:00,3367.0
2017-03-07 07:00:00,3196.0
2017-03-07 08:00:00,3180.0
2017-03-07 09:00:00,3134.0
2017-03-07 10:00:00,3213.0
2017-03-07 11:00:00,3810.0
2017-03-07 12:00:00,4130.0
2017-03-07 13:00:00,4565.0
2017-03-07 14:00:00,4860.0
2017-03-07 15:00:00,5112.0
2017-03-07 16:00:00,4967.0
2017-03-07 17:00:00,5215.0
2017-03-07 18:00:00,5439.0
2017-03-07 19:00:00,5363.0
2017-03-07 20:00:00,5351.0
2017-03-07 21:00:00,4994.0
2017-03-07 22:00:00,4617.0
2017-03-07 23:00:00,4657.0
2017-03-08 00:00:00,4839.0
2017-03-08 01:00:00,4717.0
2017-03-08 02:00:00,4409.0
2017-03-08 03:00:00,4394.0
2017-03-08 04:00:00,4060.0
2017-03-08 05:00:00,3943.0
2017-03-08 06:00:00,3779.0
2017-03-08 07:00:00,3642.0
2017-03-08 08:00:00,3397.0
2017-03-08 09:00:00,3516.0
2017-03-08 10:00:00,3562.0
2017-03-08 11:00:00,4199.0
2017-03-08 12:00:00,4498.0
2017-03-08 13:00:00,4496.0
2017-03-08 14:00:00,4885.0
2017-03-08 15:00:00,5061.0
2017-03-08 16:00:00,5145.0
2017-03-08 17:00:00,5272.0
2017-03-08 18:00:00,5261.0
2017-03-08 19:00:00,5347.0
2017-03-08 20:00:00,5182.0
2017-03-08 21:00:00,5047.0
2017-03-08 22:00:00,4828.0
2017-03-08 23:00:00,4591.0
2017-03-09 00:00:00,4575.0
2017-03-09 01:00:00,4425.0
2017-03-09 02:00:00,4304.0
2017-03-09 03:00:00,4148.0
2017-03-09 04:00:00,4112.0
2017-03-09 05:00:00,3847.0
2017-03-09 06:00:00,3691.0
2017-03-09 07:00:00,3346.0
2017-03-09 08:00:00,3450.0
2017-03-09 09:00:00,3440.0
2017-03-09 10:00:00,3334.0
2017-03-09 11:00:00,3505.0
2017-03-09 12:00:00,3563.0
2017-03-09 13:00:00,3959.0
2017-03-09 14:00:00,4035.0
2017-03-09 15:00:00,4046.0
2017-03-09 16:00:00,4118.0
2017-03-09 17:00:00,4167.0
2017-03-09 18:00:00,4238.0
2017-03-09 19:00:00,4280.0
2017-03-09 20:00:00,4502.0
2017-03-09 21:00:00,4436.0
2017-03-09 22:00:00,4142.0
2017-03-09 23:00:00,3998.0
2017-03-10 00:00:00,4022.0
2017-03-10 01:00:00,4053.0
2017-03-10 02:00:00,4016.0
2017-03-10 03:00:00,3894.0
2017-03-10 04:00:00,3605.0
2017-03-10 05:00:00,3309.0
2017-03-10 06:00:00,3319.0
2017-03-10 07:00:00,3127.0
2017-03-10 08:00:00,3190.0
2017-03-10 09:00:00,3179.0
2017-03-10 10:00:00,3095.0
2017-03-10 11:00:00,3246.0
2017-03-10 12:00:00,3381.0
2017-03-10 13:00:00,3455.0
2017-03-10 14:00:00,3714.0
2017-03-10 15:00:00,3688.0
2017-03-10 16:00:00,3791.0
2017-03-10 17:00:00,3777.0
2017-03-10 18:00:00,3672.0
2017-03-10 19:00:00,3711.0
2017-03-10 20:00:00,3634.0
2017-03-10 21:00:00,3609.0
2017-03-10 22:00:00,3463.0
2017-03-10 23:00:00,3414.0
2017-03-11 00:00:00,3297.0
2017-03-11 01:00:00,3243.0
2017-03-11 02:00:00,3287.0
2017-03-11 03:00:00,3305.0
2017-03-11 04:00:00,3200.0
2017-03-11 05:00:00,3200.0
2017-03-11 06:00:00,3198.0
2017-03-11 07:00:00,3214.0
2017-03-11 08:00:00,3297.0
2017-03-11 09:00:00,3435.0
2017-03-11 10:00:00,3433.0
2017-03-11 11:00:00,3932.0
2017-03-11 12:00:00,4265.0
2017-03-11 13:00:00,4209.0
2017-03-11 14:00:00,4514.0
2017-03-11 15:00:00,4635.0
2017-03-11 16:00:00,4752.0
2017-03-11 17:00:00,4769.0
2017-03-11 18:00:00,4814.0
2017-03-11 19:00:00,4850.0
2017-03-11 20:00:00,4825.0
2017-03-11 21:00:00,4663.0
2017-03-11 22:00:00,4463.0
2017-03-11 23:00:00,4431.0
2017-03-12 00:00:00,4373.0
2017-03-12 01:00:00,4216.0
2017-03-12 02:00:00,4043.0
2017-03-12 03:00:00,3954.0
2017-03-12 04:00:00,3814.0
2017-03-12 05:00:00,3628.0
2017-03-12 06:00:00,3542.0
2017-03-12 07:00:00,3389.0
2017-03-12 08:00:00,3340.0
2017-03-12 09:00:00,3567.0
2017-03-12 10:00:00,3559.0
2017-03-12 11:00:00,4046.0
2017-03-12 12:00:00,4142.0
2017-03-12 13:00:00,4310.0
2017-03-12 14:00:00,4727.0
2017-03-12 15:00:00,4631.0
2017-03-12 16:00:00,4746.0
2017-03-12 17:00:00,4905.0
2017-03-12 18:00:00,4987.0
2017-03-12 19:00:00,5079.0
2017-03-12 20:00:00,5068.0
2017-03-12 21:00:00,4970.0
2017-03-12 22:00:00,4607.0
2017-03-12 23:00:00,4545.0
2017-03-13 00:00:00,4514.0
2017-03-13 01:00:00,4438.0
2017-03-13 02:00:00,4297.0
2017-03-13 03:00:00,4292.0
2017-03-13 04:00:00,4130.0
2017-03-13 05:00:00,3868.0
2017-03-13 06:00:00,3344.0
2017-03-13 07:00:00,3081.0
2017-03-13 08:00:00,3447.0
2017-03-13 09:00:00,2006.0
2017-03-13 10:00:00,2868.0
2017-03-13 11:00:00,4029.0
2017-03-13 12:00:00,4106.0
2017-03-13 13:00:00,4164.0
2017-03-13 14:00:00,4419.0
2017-03-13 15:00:00,4467.0
2017-03-13 16:00:00,4315.0
2017-03-13 17:00:00,4940.0
2017-03-13 18:00:00,5233.0
2017-03-13 19:00:00,4972.0
2017-03-13 20:00:00,4722.0
2017-03-13 21:00:00,4855.0
2017-03-13 22:00:00,4303.0
2017-03-13 23:00:00,4483.0
2017-03-14 00:00:00,4393.0
2017-03-14 01:00:00,4322.0
2017-03-14 02:00:00,4257.0
2017-03-14 03:00:00,4127.0
2017-03-14 04:00:00,3819.0
2017-03-14 05:00:00,3602.0
2017-03-14 06:00:00,3383.0
2017-03-14 07:00:00,3208.0
2017-03-14 08:00:00,3170.0
2017-03-14 09:00:00,3374.0
2017-03-14 10:00:00,3389.0
2017-03-14 11:00:00,3745.0
2017-03-14 12:00:00,4206.0
2017-03-14 13:00:00,4413.0
2017-03-14 14:00:00,4581.0
2017-03-14 15:00:00,4769.0
2017-03-14 16:00:00,5039.0
2017-03-14 17:00:00,4970.0
2017-03-14 18:00:00,4994.0
2017-03-14 19:00:00,4961.0
2017-03-14 20:00:00,5067.0
2017-03-14 21:00:00,5034.0
2017-03-14 22:00:00,4667.0
2017-03-14 23:00:00,4768.0
2017-03-15 00:00:00,4667.0
2017-03-15 01:00:00,4600.0
2017-03-15 02:00:00,4290.0
2017-03-15 03:00:00,4360.0
2017-03-15 04:00:00,4111.0
2017-03-15 05:00:00,3838.0
2017-03-15 06:00:00,3651.0
2017-03-15 07:00:00,3372.0
2017-03-15 08:00:00,3578.0
2017-03-15 09:00:00,2718.0
2017-03-15 10:00:00,3571.0
2017-03-15 11:00:00,4271.0
2017-03-15 12:00:00,4321.0
2017-03-15 13:00:00,4527.0
2017-03-15 14:00:00,4813.0
2017-03-15 15:00:00,4940.0
2017-03-15 16:00:00,4836.0
2017-03-15 17:00:00,5078.0
2017-03-15 18:00:00,5046.0
2017-03-15 19:00:00,4971.0
2017-03-15 20:00:00,5073.0
2017-03-15 21:00:00,4946.0
2017-03-15 22:00:00,4571.0
2017-03-15 23:00:00,4537.0
2017-03-16 00:00:00,4566.0
2017-03-16 01:00:00,4409.0
2017-03-16 02:00:00,4217.0
2017-03-16 03:00:00,4202.0
2017-03-16 04:00:00,3961.0
2017-03-16 05:00:00,3654.0
2017-03-16 06:00:00,3493.0
2017-03-16 07:00:00,3209.0
2017-03-16 08:00:00,3067.0
2017-03-16 09:00:00,3164.0
2017-03-16 10:00:00,3094.0
2017-03-16 11:00:00,3351.0
2017-03-16 12:00:00,3517.0
2017-03-16 13:00:00,3537.0
2017-03-16 14:00:00,3737.0
2017-03-16 15:00:00,4154.0
2017-03-16 16:00:00,4128.0
2017-03-16 17:00:00,4211.0
2017-03-16 18:00:00,4380.0
2017-03-16 19:00:00,4443.0
2017-03-16 20:00:00,4461.0
2017-03-16 21:00:00,4544.0
2017-03-16 22:00:00,4146.0
2017-03-16 23:00:00,4225.0
2017-03-17 00:00:00,4276.0
2017-03-17 01:00:00,3996.0
2017-03-17 02:00:00,3826.0
2017-03-17 03:00:00,3685.0
2017-03-17 04:00:00,3602.0
2017-03-17 05:00:00,3511.0
2017-03-17 06:00:00,3286.0
2017-03-17 07:00:00,3143.0
2017-03-17 08:00:00,3063.0
2017-03-17 09:00:00,3046.0
2017-03-17 10:00:00,2982.0
2017-03-17 11:00:00,3089.0
2017-03-17 12:00:00,3083.0
2017-03-17 13:00:00,3240.0
2017-03-17 14:00:00,3498.0
2017-03-17 15:00:00,3583.0
2017-03-17 16:00:00,3646.0
2017-03-17 17:00:00,3684.0
2017-03-17 18:00:00,3880.0
2017-03-17 19:00:00,3780.0
2017-03-17 20:00:00,3561.0
2017-03-17 21:00:00,3457.0
2017-03-17 22:00:00,3342.0
2017-03-17 23:00:00,3296.0
2017-03-18 00:00:00,3308.0
2017-03-18 01:00:00,3172.0
2017-03-18 02:00:00,3231.0
2017-03-18 03:00:00,3158.0
2017-03-18 04:00:00,3093.0
2017-03-18 05:00:00,3083.0
2017-03-18 06:00:00,3080.0
2017-03-18 07:00:00,3098.0
2017-03-18 08:00:00,3200.0
2017-03-18 09:00:00,3419.0
2017-03-18 10:00:00,3370.0
2017-03-18 11:00:00,3820.0
2017-03-18 12:00:00,4034.0
2017-03-18 13:00:00,4133.0
2017-03-18 14:00:00,4304.0
2017-03-18 15:00:00,4455.0
2017-03-18 16:00:00,4487.0
2017-03-18 17:00:00,4640.0
2017-03-18 18:00:00,4628.0
2017-03-18 19:00:00,4778.0
2017-03-18 20:00:00,4823.0
2017-03-18 21:00:00,4469.0
2017-03-18 22:00:00,4179.0
2017-03-18 23:00:00,4158.0
2017-03-19 00:00:00,4297.0
2017-03-19 01:00:00,4297.0
2017-03-19 02:00:00,4061.0
2017-03-19 03:00:00,4217.0
2017-03-19 04:00:00,3906.0
2017-03-19 05:00:00,3771.0
2017-03-19 06:00:00,3670.0
2017-03-19 07:00:00,3404.0
2017-03-19 08:00:00,3381.0
2017-03-19 09:00:00,3485.0
2017-03-19 10:00:00,3539.0
2017-03-19 11:00:00,4040.0
2017-03-19 12:00:00,4275.0
2017-03-19 13:00:00,4584.0
2017-03-19 14:00:00,4735.0
2017-03-19 15:00:00,4812.0
2017-03-19 16:00:00,4876.0
2017-03-19 17:00:00,4915.0
2017-03-19 18:00:00,4873.0
2017-03-19 19:00:00,4991.0
2017-03-19 20:00:00,4969.0
2017-03-19 21:00:00,4719.0
2017-03-19 22:00:00,4146.0
2017-03-19 23:00:00,4092.0
2017-03-20 00:00:00,4074.0
2017-03-20 01:00:00,4225.0
2017-03-20 02:00:00,4245.0
2017-03-20 03:00:00,4034.0
2017-03-20 04:00:00,3880.0
2017-03-20 05:00:00,3621.0
2017-03-20 06:00:00,3438.0
2017-03-20 07:00:00,3126.0
2017-03-20 08:00:00,3011.0
2017-03-20 09:00:00,3080.0
2017-03-20 10:00:00,3265.0
2017-03-20 11:00:00,4117.0
2017-03-20 12:00:00,4169.0
2017-03-20 13:00:00,4436.0
2017-03-20 14:00:00,4752.0
2017-03-20 15:00:00,4675.0
2017-03-20 16:00:00,4702.0
2017-03-20 17:00:00,4962.0
2017-03-20 18:00:00,5168.0
2017-03-20 19:00:00,5072.0
2017-03-20 20:00:00,5059.0
2017-03-20 21:00:00,4994.0
2017-03-20 22:00:00,4598.0
2017-03-20 23:00:00,4379.0
2017-03-21 00:00:00,4388.0
2017-03-21 01:00:00,4344.0
2017-03-21 02:00:00,4040.0
2017-03-21 03:00:00,4058.0
2017-03-21 04:00:00,3939.0
2017-03-21 05:00:00,3534.0
2017-03-21 06:00:00,3443.0
2017-03-21 07:00:00,3202.0
2017-03-21 08:00:00,3202.0
2017-03-21 09:00:00,3295.0
2017-03-21 10:00:00,3430.0
2017-03-21 11:00:00,3894.0
2017-03-21 12:00:00,3933.0
2017-03-21 13:00:00,4014.0
2017-03-21 14:00:00,4403.0
2017-03-21 15:00:00,4694.0
2017-03-21 16:00:00,4765.0
2017-03-21 17:00:00,4871.0
2017-03-21 18:00:00,5011.0
2017-03-21 19:00:00,5021.0
2017-03-21 20:00:00,4993.0
2017-03-21 21:00:00,4856.0
2017-03-21 22:00:00,4502.0
2017-03-21 23:00:00,4305.0
2017-03-22 00:00:00,4336.0
2017-03-22 01:00:00,4320.0
2017-03-22 02:00:00,4108.0
2017-03-22 03:00:00,3912.0
2017-03-22 04:00:00,3737.0
2017-03-22 05:00:00,3490.0
2017-03-22 06:00:00,3375.0
2017-03-22 07:00:00,3269.0
2017-03-22 08:00:00,3344.0
2017-03-22 09:00:00,3424.0
2017-03-22 10:00:00,3641.0
2017-03-22 11:00:00,3953.0
2017-03-22 12:00:00,4160.0
2017-03-22 13:00:00,4203.0
2017-03-22 14:00:00,4466.0
2017-03-22 15:00:00,4505.0
2017-03-22 16:00:00,4600.0
2017-03-22 17:00:00,4730.0
2017-03-22 18:00:00,4553.0
2017-03-22 19:00:00,4756.0
2017-03-22 20:00:00,4760.0
2017-03-22 21:00:00,4731.0
2017-03-22 22:00:00,4303.0
2017-03-22 23:00:00,4086.0
2017-03-23 00:00:00,4234.0
2017-03-23 01:00:00,4155.0
2017-03-23 02:00:00,4026.0
2017-03-23 03:00:00,3800.0
2017-03-23 04:00:00,3693.0
2017-03-23 05:00:00,3396.0
2017-03-23 06:00:00,3190.0
2017-03-23 07:00:00,3153.0
2017-03-23 08:00:00,3209.0
2017-03-23 09:00:00,3226.0
2017-03-23 10:00:00,3181.0
2017-03-23 11:00:00,3233.0
2017-03-23 12:00:00,3360.0
2017-03-23 13:00:00,3537.0
2017-03-23 14:00:00,3693.0
2017-03-23 15:00:00,3971.0
2017-03-23 16:00:00,3839.0
2017-03-23 17:00:00,4043.0
2017-03-23 18:00:00,4012.0
2017-03-23 19:00:00,4064.0
2017-03-23 20:00:00,4244.0
2017-03-23 21:00:00,4222.0
2017-03-23 22:00:00,4014.0
2017-03-23 23:00:00,3994.0
2017-03-24 00:00:00,3916.0
2017-03-24 01:00:00,3990.0
2017-03-24 02:00:00,4025.0
2017-03-24 03:00:00,3748.0
2017-03-24 04:00:00,3707.0
2017-03-24 05:00:00,3177.0
2017-03-24 06:00:00,2762.0
2017-03-24 07:00:00,2760.0
2017-03-24 08:00:00,2765.0
2017-03-24 09:00:00,2868.0
2017-03-24 10:00:00,3002.0
2017-03-24 11:00:00,3082.0
2017-03-24 12:00:00,3067.0
2017-03-24 13:00:00,3078.0
2017-03-24 14:00:00,3190.0
2017-03-24 15:00:00,3406.0
2017-03-24 16:00:00,3694.0
2017-03-24 17:00:00,3501.0
2017-03-24 18:00:00,3164.0
2017-03-24 19:00:00,3377.0
2017-03-24 20:00:00,3252.0
2017-03-24 21:00:00,3267.0
2017-03-24 22:00:00,3143.0
2017-03-24 23:00:00,3090.0
2017-03-25 00:00:00,3063.0
2017-03-25 01:00:00,3072.0
2017-03-25 02:00:00,3045.0
2017-03-25 03:00:00,3059.0
2017-03-25 04:00:00,2989.0
2017-03-25 05:00:00,2980.0
2017-03-25 06:00:00,2961.0
2017-03-25 07:00:00,2973.0
2017-03-25 08:00:00,3000.0
2017-03-25 09:00:00,3208.0
2017-03-25 10:00:00,3235.0
2017-03-25 11:00:00,3647.0
2017-03-25 12:00:00,3819.0
2017-03-25 13:00:00,3940.0
2017-03-25 14:00:00,3960.0
2017-03-25 15:00:00,4120.0
2017-03-25 16:00:00,4269.0
2017-03-25 17:00:00,4232.0
2017-03-25 18:00:00,4035.0
2017-03-25 19:00:00,4368.0
2017-03-25 20:00:00,4383.0
2017-03-25 21:00:00,4009.0
2017-03-25 22:00:00,3679.0
2017-03-25 23:00:00,3819.0
2017-03-26 00:00:00,4019.0
2017-03-26 01:00:00,4072.0
2017-03-26 02:00:00,3896.0
2017-03-26 03:00:00,3695.0
2017-03-26 04:00:00,3585.0
2017-03-26 05:00:00,3335.0
2017-03-26 06:00:00,3364.0
2017-03-26 07:00:00,3001.0
2017-03-26 08:00:00,3051.0
2017-03-26 09:00:00,3158.0
2017-03-26 10:00:00,3321.0
2017-03-26 11:00:00,3624.0
2017-03-26 12:00:00,3740.0
2017-03-26 13:00:00,3797.0
2017-03-26 14:00:00,4146.0
2017-03-26 15:00:00,3963.0
2017-03-26 16:00:00,4199.0
2017-03-26 17:00:00,4235.0
2017-03-26 18:00:00,4188.0
2017-03-26 19:00:00,4165.0
2017-03-26 20:00:00,4162.0
2017-03-26 21:00:00,3994.0
2017-03-26 22:00:00,3944.0
2017-03-26 23:00:00,3992.0
2017-03-27 00:00:00,4081.0
2017-03-27 01:00:00,3978.0
2017-03-27 02:00:00,3909.0
2017-03-27 03:00:00,3662.0
2017-03-27 04:00:00,3524.0
2017-03-27 05:00:00,3374.0
2017-03-27 06:00:00,3209.0
2017-03-27 07:00:00,3084.0
2017-03-27 08:00:00,3164.0
2017-03-27 09:00:00,3149.0
2017-03-27 10:00:00,3282.0
2017-03-27 11:00:00,3555.0
2017-03-27 12:00:00,3619.0
2017-03-27 13:00:00,3723.0
2017-03-27 14:00:00,3786.0
2017-03-27 15:00:00,3911.0
2017-03-27 16:00:00,3827.0
2017-03-27 17:00:00,3845.0
2017-03-27 18:00:00,4017.0
2017-03-27 19:00:00,4010.0
2017-03-27 20:00:00,4076.0
2017-03-27 21:00:00,3878.0
2017-03-27 22:00:00,3669.0
2017-03-27 23:00:00,3730.0
2017-03-28 00:00:00,3679.0
2017-03-28 01:00:00,3624.0
2017-03-28 02:00:00,3397.0
2017-03-28 03:00:00,3493.0
2017-03-28 04:00:00,3362.0
2017-03-28 05:00:00,3352.0
2017-03-28 06:00:00,3269.0
2017-03-28 07:00:00,3198.0
2017-03-28 08:00:00,3182.0
2017-03-28 09:00:00,3244.0
2017-03-28 10:00:00,3374.0
2017-03-28 11:00:00,3672.0
2017-03-28 12:00:00,3818.0
2017-03-28 13:00:00,3899.0
2017-03-28 14:00:00,4029.0
2017-03-28 15:00:00,4085.0
2017-03-28 16:00:00,3910.0
2017-03-28 17:00:00,4114.0
2017-03-28 18:00:00,3954.0
2017-03-28 19:00:00,4053.0
2017-03-28 20:00:00,3864.0
2017-03-28 21:00:00,3943.0
2017-03-28 22:00:00,3629.0
2017-03-28 23:00:00,3714.0
2017-03-29 00:00:00,3825.0
2017-03-29 01:00:00,3963.0
2017-03-29 02:00:00,3777.0
2017-03-29 03:00:00,3632.0
2017-03-29 04:00:00,3434.0
2017-03-29 05:00:00,3351.0
2017-03-29 06:00:00,3153.0
2017-03-29 07:00:00,3104.0
2017-03-29 08:00:00,3142.0
2017-03-29 09:00:00,3171.0
2017-03-29 10:00:00,3339.0
2017-03-29 11:00:00,3600.0
2017-03-29 12:00:00,3724.0
2017-03-29 13:00:00,3675.0
2017-03-29 14:00:00,3906.0
2017-03-29 15:00:00,3999.0
2017-03-29 16:00:00,3946.0
2017-03-29 17:00:00,3990.0
2017-03-29 18:00:00,4031.0
2017-03-29 19:00:00,4088.0
2017-03-29 20:00:00,3968.0
2017-03-29 21:00:00,3987.0
2017-03-29 22:00:00,3781.0
2017-03-29 23:00:00,3840.0
2017-03-30 00:00:00,3995.0
2017-03-30 01:00:00,4128.0
2017-03-30 02:00:00,3933.0
2017-03-30 03:00:00,3741.0
2017-03-30 04:00:00,3701.0
2017-03-30 05:00:00,3570.0
2017-03-30 06:00:00,3418.0
2017-03-30 07:00:00,3338.0
2017-03-30 08:00:00,3247.0
2017-03-30 09:00:00,3278.0
2017-03-30 10:00:00,3189.0
2017-03-30 11:00:00,3372.0
2017-03-30 12:00:00,3504.0
2017-03-30 13:00:00,3571.0
2017-03-30 14:00:00,3675.0
2017-03-30 15:00:00,3751.0
2017-03-30 16:00:00,3758.0
2017-03-30 17:00:00,3807.0
2017-03-30 18:00:00,3811.0
2017-03-30 19:00:00,3925.0
2017-03-30 20:00:00,3792.0
2017-03-30 21:00:00,3860.0
2017-03-30 22:00:00,3641.0
2017-03-30 23:00:00,3806.0
2017-03-31 00:00:00,3793.0
2017-03-31 01:00:00,3654.0
2017-03-31 02:00:00,3560.0
2017-03-31 03:00:00,3485.0
2017-03-31 04:00:00,3407.0
2017-03-31 05:00:00,3296.0
2017-03-31 06:00:00,2878.0
2017-03-31 07:00:00,2983.0
2017-03-31 08:00:00,2830.0
2017-03-31 09:00:00,2882.0
2017-03-31 10:00:00,2835.0
2017-03-31 11:00:00,2915.0
2017-03-31 12:00:00,2903.0
2017-03-31 13:00:00,3016.0
2017-03-31 14:00:00,3020.0
2017-03-31 15:00:00,3258.0
2017-03-31 16:00:00,3217.0
2017-03-31 17:00:00,3169.0
2017-03-31 18:00:00,3227.0
2017-03-31 19:00:00,3161.0
2017-03-31 20:00:00,3160.0
2017-03-31 21:00:00,3244.0
2017-03-31 22:00:00,3053.0
2017-03-31 23:00:00,3042.0
2017-04-01 00:00:00,3058.0
2017-04-01 01:00:00,2885.0
2017-04-01 02:00:00,2906.0
2017-04-01 03:00:00,2912.0
2017-04-01 04:00:00,2837.0
2017-04-01 05:00:00,2846.0
2017-04-01 06:00:00,2767.0
2017-04-01 07:00:00,2784.0
2017-04-01 08:00:00,2712.0
2017-04-01 09:00:00,3032.0
2017-04-01 10:00:00,3084.0
2017-04-01 11:00:00,3588.0
2017-04-01 12:00:00,3862.0
2017-04-01 13:00:00,3909.0
2017-04-01 14:00:00,4149.0
2017-04-01 15:00:00,3715.0
2017-04-01 16:00:00,3675.0
2017-04-01 17:00:00,3695.0
2017-04-01 18:00:00,3947.0
2017-04-01 19:00:00,3824.0
2017-04-01 20:00:00,3728.0
2017-04-01 21:00:00,3649.0
2017-04-01 22:00:00,3550.0
2017-04-01 23:00:00,3636.0
2017-04-02 00:00:00,3646.0
2017-04-02 01:00:00,3544.0
2017-04-02 02:00:00,3450.0
2017-04-02 03:00:00,3331.0
2017-04-02 04:00:00,3109.0
2017-04-02 05:00:00,2987.0
2017-04-02 06:00:00,2883.0
2017-04-02 07:00:00,2837.0
2017-04-02 08:00:00,2777.0
2017-04-02 09:00:00,2890.0
2017-04-02 10:00:00,2960.0
2017-04-02 11:00:00,3249.0
2017-04-02 12:00:00,3271.0
2017-04-02 13:00:00,3349.0
2017-04-02 14:00:00,3641.0
2017-04-02 15:00:00,3601.0
2017-04-02 16:00:00,3505.0
2017-04-02 17:00:00,3549.0
2017-04-02 18:00:00,3675.0
2017-04-02 19:00:00,3739.0
2017-04-02 20:00:00,3686.0
2017-04-02 21:00:00,3616.0
2017-04-02 22:00:00,3420.0
2017-04-02 23:00:00,3566.0
2017-04-03 00:00:00,3693.0
2017-04-03 01:00:00,3756.0
2017-04-03 02:00:00,3610.0
2017-04-03 03:00:00,3455.0
2017-04-03 04:00:00,3130.0
2017-04-03 05:00:00,2945.0
2017-04-03 06:00:00,2886.0
2017-04-03 07:00:00,2830.0
2017-04-03 08:00:00,2838.0
2017-04-03 09:00:00,2871.0
2017-04-03 10:00:00,3157.0
2017-04-03 11:00:00,3288.0
2017-04-03 12:00:00,3214.0
2017-04-03 13:00:00,3397.0
2017-04-03 14:00:00,4126.0
2017-04-03 15:00:00,4166.0
2017-04-03 16:00:00,4111.0
2017-04-03 17:00:00,4005.0
2017-04-03 18:00:00,4000.0
2017-04-03 19:00:00,4104.0
2017-04-03 20:00:00,4146.0
2017-04-03 21:00:00,3972.0
2017-04-03 22:00:00,3648.0
2017-04-03 23:00:00,3845.0
2017-04-04 00:00:00,3795.0
2017-04-04 01:00:00,3761.0
2017-04-04 02:00:00,3513.0
2017-04-04 03:00:00,3408.0
2017-04-04 04:00:00,3275.0
2017-04-04 05:00:00,3257.0
2017-04-04 06:00:00,3170.0
2017-04-04 07:00:00,3109.0
2017-04-04 08:00:00,3174.0
2017-04-04 09:00:00,3175.0
2017-04-04 10:00:00,3259.0
2017-04-04 11:00:00,3540.0
2017-04-04 12:00:00,3582.0
2017-04-04 13:00:00,3775.0
2017-04-04 14:00:00,4096.0
2017-04-04 15:00:00,4002.0
2017-04-04 16:00:00,3985.0
2017-04-04 17:00:00,4125.0
2017-04-04 18:00:00,4088.0
2017-04-04 19:00:00,4174.0
2017-04-04 20:00:00,4233.0
2017-04-04 21:00:00,4111.0
2017-04-04 22:00:00,3728.0
2017-04-04 23:00:00,3777.0
2017-04-05 00:00:00,3948.0
2017-04-05 01:00:00,4039.0
2017-04-05 02:00:00,3976.0
2017-04-05 03:00:00,3783.0
2017-04-05 04:00:00,3344.0
2017-04-05 05:00:00,3186.0
2017-04-05 06:00:00,3115.0
2017-04-05 07:00:00,3116.0
2017-04-05 08:00:00,3261.0
2017-04-05 09:00:00,3196.0
2017-04-05 10:00:00,3149.0
2017-04-05 11:00:00,3313.0
2017-04-05 12:00:00,3322.0
2017-04-05 13:00:00,3583.0
2017-04-05 14:00:00,3739.0
2017-04-05 15:00:00,3956.0
2017-04-05 16:00:00,3902.0
2017-04-05 17:00:00,3970.0
2017-04-05 18:00:00,4042.0
2017-04-05 19:00:00,4029.0
2017-04-05 20:00:00,4082.0
2017-04-05 21:00:00,3975.0
2017-04-05 22:00:00,3788.0
2017-04-05 23:00:00,3678.0
2017-04-06 00:00:00,3886.0
2017-04-06 01:00:00,3963.0
2017-04-06 02:00:00,3867.0
2017-04-06 03:00:00,3637.0
2017-04-06 04:00:00,3431.0
2017-04-06 05:00:00,3255.0
2017-04-06 06:00:00,3134.0
2017-04-06 07:00:00,3112.0
2017-04-06 08:00:00,3198.0
2017-04-06 09:00:00,3156.0
2017-04-06 10:00:00,2996.0
2017-04-06 11:00:00,3019.0
2017-04-06 12:00:00,2987.0
2017-04-06 13:00:00,3070.0
2017-04-06 14:00:00,3268.0
2017-04-06 15:00:00,3370.0
2017-04-06 16:00:00,3609.0
2017-04-06 17:00:00,3680.0
2017-04-06 18:00:00,3503.0
2017-04-06 19:00:00,3567.0
2017-04-06 20:00:00,3735.0
2017-04-06 21:00:00,3836.0
2017-04-06 22:00:00,3657.0
2017-04-06 23:00:00,3862.0
2017-04-07 00:00:00,3773.0
2017-04-07 01:00:00,3668.0
2017-04-07 02:00:00,3529.0
2017-04-07 03:00:00,3504.0
2017-04-07 04:00:00,3370.0
2017-04-07 05:00:00,3309.0
2017-04-07 06:00:00,2942.0
2017-04-07 07:00:00,2955.0
2017-04-07 08:00:00,2960.0
2017-04-07 09:00:00,2871.0
2017-04-07 10:00:00,2798.0
2017-04-07 11:00:00,2961.0
2017-04-07 12:00:00,2855.0
2017-04-07 13:00:00,2934.0
2017-04-07 14:00:00,3136.0
2017-04-07 15:00:00,3271.0
2017-04-07 16:00:00,3241.0
2017-04-07 17:00:00,3254.0
2017-04-07 18:00:00,3253.0
2017-04-07 19:00:00,3283.0
2017-04-07 20:00:00,3286.0
2017-04-07 21:00:00,3336.0
2017-04-07 22:00:00,3103.0
2017-04-07 23:00:00,3047.0
2017-04-08 00:00:00,3081.0
2017-04-08 01:00:00,3111.0
2017-04-08 02:00:00,3083.0
2017-04-08 03:00:00,3104.0
2017-04-08 04:00:00,2990.0
2017-04-08 05:00:00,2993.0
2017-04-08 06:00:00,2887.0
2017-04-08 07:00:00,2957.0
2017-04-08 08:00:00,3049.0
2017-04-08 09:00:00,3163.0
2017-04-08 10:00:00,3229.0
2017-04-08 11:00:00,3521.0
2017-04-08 12:00:00,3612.0
2017-04-08 13:00:00,3724.0
2017-04-08 14:00:00,4038.0
2017-04-08 15:00:00,4367.0
2017-04-08 16:00:00,4301.0
2017-04-08 17:00:00,4369.0
2017-04-08 18:00:00,4371.0
2017-04-08 19:00:00,4323.0
2017-04-08 20:00:00,4398.0
2017-04-08 21:00:00,4305.0
2017-04-08 22:00:00,4046.0
2017-04-08 23:00:00,4241.0
2017-04-09 00:00:00,4381.0
2017-04-09 01:00:00,4380.0
2017-04-09 02:00:00,4112.0
2017-04-09 03:00:00,4002.0
2017-04-09 04:00:00,3819.0
2017-04-09 05:00:00,3603.0
2017-04-09 06:00:00,3549.0
2017-04-09 07:00:00,3447.0
2017-04-09 08:00:00,3293.0
2017-04-09 09:00:00,3389.0
2017-04-09 10:00:00,3460.0
2017-04-09 11:00:00,3955.0
2017-04-09 12:00:00,4115.0
2017-04-09 13:00:00,3827.0
2017-04-09 14:00:00,3964.0
2017-04-09 15:00:00,3963.0
2017-04-09 16:00:00,4118.0
2017-04-09 17:00:00,3988.0
2017-04-09 18:00:00,4086.0
2017-04-09 19:00:00,3947.0
2017-04-09 20:00:00,4110.0
2017-04-09 21:00:00,4139.0
2017-04-09 22:00:00,3895.0
2017-04-09 23:00:00,4021.0
2017-04-10 00:00:00,4132.0
2017-04-10 01:00:00,4184.0
2017-04-10 02:00:00,4034.0
2017-04-10 03:00:00,3972.0
2017-04-10 04:00:00,3694.0
2017-04-10 05:00:00,3470.0
2017-04-10 06:00:00,3236.0
2017-04-10 07:00:00,3111.0
2017-04-10 08:00:00,3139.0
2017-04-10 09:00:00,3136.0
2017-04-10 10:00:00,3334.0
2017-04-10 11:00:00,3584.0
2017-04-10 12:00:00,3686.0
2017-04-10 13:00:00,3727.0
2017-04-10 14:00:00,4121.0
2017-04-10 15:00:00,3996.0
2017-04-10 16:00:00,3610.0
2017-04-10 17:00:00,3782.0
2017-04-10 18:00:00,4010.0
2017-04-10 19:00:00,3868.0
2017-04-10 20:00:00,4046.0
2017-04-10 21:00:00,4125.0
2017-04-10 22:00:00,3978.0
2017-04-10 23:00:00,4134.0
2017-04-11 00:00:00,4042.0
2017-04-11 01:00:00,3970.0
2017-04-11 02:00:00,3854.0
2017-04-11 03:00:00,3635.0
2017-04-11 04:00:00,3559.0
2017-04-11 05:00:00,3497.0
2017-04-11 06:00:00,3298.0
2017-04-11 07:00:00,3064.0
2017-04-11 08:00:00,3198.0
2017-04-11 09:00:00,3227.0
2017-04-11 10:00:00,3315.0
2017-04-11 11:00:00,3445.0
2017-04-11 12:00:00,3643.0
2017-04-11 13:00:00,3569.0
2017-04-11 14:00:00,4234.0
2017-04-11 15:00:00,3926.0
2017-04-11 16:00:00,3844.0
2017-04-11 17:00:00,3992.0
2017-04-11 18:00:00,3958.0
2017-04-11 19:00:00,3844.0
2017-04-11 20:00:00,3655.0
2017-04-11 21:00:00,4061.0
2017-04-11 22:00:00,3658.0
2017-04-11 23:00:00,3738.0
2017-04-12 00:00:00,3961.0
2017-04-12 01:00:00,3970.0
2017-04-12 02:00:00,3829.0
2017-04-12 03:00:00,3589.0
2017-04-12 04:00:00,3393.0
2017-04-12 05:00:00,3262.0
2017-04-12 06:00:00,3191.0
2017-04-12 07:00:00,3008.0
2017-04-12 08:00:00,3115.0
2017-04-12 09:00:00,3130.0
2017-04-12 10:00:00,3024.0
2017-04-12 11:00:00,3469.0
2017-04-12 12:00:00,3394.0
2017-04-12 13:00:00,3409.0
2017-04-12 14:00:00,3621.0
2017-04-12 15:00:00,3824.0
2017-04-12 16:00:00,3776.0
2017-04-12 17:00:00,3865.0
2017-04-12 18:00:00,3877.0
2017-04-12 19:00:00,3956.0
2017-04-12 20:00:00,4041.0
2017-04-12 21:00:00,3804.0
2017-04-12 22:00:00,3625.0
2017-04-12 23:00:00,3728.0
2017-04-13 00:00:00,3937.0
2017-04-13 01:00:00,3986.0
2017-04-13 02:00:00,3962.0
2017-04-13 03:00:00,3705.0
2017-04-13 04:00:00,3317.0
2017-04-13 05:00:00,3260.0
2017-04-13 06:00:00,3082.0
2017-04-13 07:00:00,3060.0
2017-04-13 08:00:00,3079.0
2017-04-13 09:00:00,3065.0
2017-04-13 10:00:00,2947.0
2017-04-13 11:00:00,3002.0
2017-04-13 12:00:00,3057.0
2017-04-13 13:00:00,3009.0
2017-04-13 14:00:00,3259.0
2017-04-13 15:00:00,3267.0
2017-04-13 16:00:00,3149.0
2017-04-13 17:00:00,3176.0
2017-04-13 18:00:00,3287.0
2017-04-13 19:00:00,3146.0
2017-04-13 20:00:00,3323.0
2017-04-13 21:00:00,3218.0
2017-04-13 22:00:00,3159.0
2017-04-13 23:00:00,3295.0
2017-04-14 00:00:00,3306.0
2017-04-14 01:00:00,3360.0
2017-04-14 02:00:00,3316.0
2017-04-14 03:00:00,3278.0
2017-04-14 04:00:00,3117.0
2017-04-14 05:00:00,3014.0
2017-04-14 06:00:00,2962.0
2017-04-14 07:00:00,2876.0
2017-04-14 08:00:00,2984.0
2017-04-14 09:00:00,2884.0
2017-04-14 10:00:00,2787.0
2017-04-14 11:00:00,2823.0
2017-04-14 12:00:00,2825.0
2017-04-14 13:00:00,2955.0
2017-04-14 14:00:00,3079.0
2017-04-14 15:00:00,3277.0
2017-04-14 16:00:00,3332.0
2017-04-14 17:00:00,3293.0
2017-04-14 18:00:00,3078.0
2017-04-14 19:00:00,3159.0
2017-04-14 20:00:00,3236.0
2017-04-14 21:00:00,3178.0
2017-04-14 22:00:00,3082.0
2017-04-14 23:00:00,3038.0
2017-04-15 00:00:00,2947.0
2017-04-15 01:00:00,3003.0
2017-04-15 02:00:00,3092.0
2017-04-15 03:00:00,3041.0
2017-04-15 04:00:00,2930.0
2017-04-15 05:00:00,2939.0
2017-04-15 06:00:00,2976.0
2017-04-15 07:00:00,2911.0
2017-04-15 08:00:00,3143.0
2017-04-15 09:00:00,3172.0
2017-04-15 10:00:00,3117.0
2017-04-15 11:00:00,3022.0
2017-04-15 12:00:00,3057.0
2017-04-15 13:00:00,3055.0
2017-04-15 14:00:00,3387.0
2017-04-15 15:00:00,3342.0
2017-04-15 16:00:00,3232.0
2017-04-15 17:00:00,3288.0
2017-04-15 18:00:00,3339.0
2017-04-15 19:00:00,3335.0
2017-04-15 20:00:00,3470.0
2017-04-15 21:00:00,3425.0
2017-04-15 22:00:00,3264.0
2017-04-15 23:00:00,3313.0
2017-04-16 00:00:00,3385.0
2017-04-16 01:00:00,3503.0
2017-04-16 02:00:00,3247.0
2017-04-16 03:00:00,3211.0
2017-04-16 04:00:00,2943.0
2017-04-16 05:00:00,2808.0
2017-04-16 06:00:00,2729.0
2017-04-16 07:00:00,2531.0
2017-04-16 08:00:00,2597.0
2017-04-16 09:00:00,2769.0
2017-04-16 10:00:00,2894.0
2017-04-16 11:00:00,3267.0
2017-04-16 12:00:00,3095.0
2017-04-16 13:00:00,3233.0
2017-04-16 14:00:00,3378.0
2017-04-16 15:00:00,3361.0
2017-04-16 16:00:00,3114.0
2017-04-16 17:00:00,3208.0
2017-04-16 18:00:00,3220.0
2017-04-16 19:00:00,3422.0
2017-04-16 20:00:00,3570.0
2017-04-16 21:00:00,3496.0
2017-04-16 22:00:00,3388.0
2017-04-16 23:00:00,3393.0
2017-04-17 00:00:00,3437.0
2017-04-17 01:00:00,3579.0
2017-04-17 02:00:00,3425.0
2017-04-17 03:00:00,3260.0
2017-04-17 04:00:00,3029.0
2017-04-17 05:00:00,2916.0
2017-04-17 06:00:00,2816.0
2017-04-17 07:00:00,2711.0
2017-04-17 08:00:00,2843.0
2017-04-17 09:00:00,2810.0
2017-04-17 10:00:00,2822.0
2017-04-17 11:00:00,3240.0
2017-04-17 12:00:00,3195.0
2017-04-17 13:00:00,3174.0
2017-04-17 14:00:00,3297.0
2017-04-17 15:00:00,3270.0
2017-04-17 16:00:00,3209.0
2017-04-17 17:00:00,3418.0
2017-04-17 18:00:00,3428.0
2017-04-17 19:00:00,3363.0
2017-04-17 20:00:00,3378.0
2017-04-17 21:00:00,3300.0
2017-04-17 22:00:00,3274.0
2017-04-17 23:00:00,3428.0
2017-04-18 00:00:00,3326.0
2017-04-18 01:00:00,3361.0
2017-04-18 02:00:00,3425.0
2017-04-18 03:00:00,3119.0
2017-04-18 04:00:00,2926.0
2017-04-18 05:00:00,2857.0
2017-04-18 06:00:00,2724.0
2017-04-18 07:00:00,2765.0
2017-04-18 08:00:00,2818.0
2017-04-18 09:00:00,2816.0
2017-04-18 10:00:00,2918.0
2017-04-18 11:00:00,3192.0
2017-04-18 12:00:00,3089.0
2017-04-18 13:00:00,3261.0
2017-04-18 14:00:00,3398.0
2017-04-18 15:00:00,3380.0
2017-04-18 16:00:00,3144.0
2017-04-18 17:00:00,2763.0
2017-04-18 18:00:00,3288.0
2017-04-18 19:00:00,3248.0
2017-04-18 20:00:00,3481.0
2017-04-18 21:00:00,3420.0
2017-04-18 22:00:00,3206.0
2017-04-18 23:00:00,3306.0
2017-04-19 00:00:00,3423.0
2017-04-19 01:00:00,3551.0
2017-04-19 02:00:00,3464.0
2017-04-19 03:00:00,3236.0
2017-04-19 04:00:00,3079.0
2017-04-19 05:00:00,2897.0
2017-04-19 06:00:00,2753.0
2017-04-19 07:00:00,2735.0
2017-04-19 08:00:00,2740.0
2017-04-19 09:00:00,2789.0
2017-04-19 10:00:00,2867.0
2017-04-19 11:00:00,3139.0
2017-04-19 12:00:00,3188.0
2017-04-19 13:00:00,3024.0
2017-04-19 14:00:00,3104.0
2017-04-19 15:00:00,3209.0
2017-04-19 16:00:00,3091.0
2017-04-19 17:00:00,3084.0
2017-04-19 18:00:00,3074.0
2017-04-19 19:00:00,3153.0
2017-04-19 20:00:00,3342.0
2017-04-19 21:00:00,3080.0
2017-04-19 22:00:00,3028.0
2017-04-19 23:00:00,3218.0
2017-04-20 00:00:00,3399.0
2017-04-20 01:00:00,3562.0
2017-04-20 02:00:00,3500.0
2017-04-20 03:00:00,3241.0
2017-04-20 04:00:00,3036.0
2017-04-20 05:00:00,2883.0
2017-04-20 06:00:00,2844.0
2017-04-20 07:00:00,2751.0
2017-04-20 08:00:00,2758.0
2017-04-20 09:00:00,2659.0
2017-04-20 10:00:00,2667.0
2017-04-20 11:00:00,2650.0
2017-04-20 12:00:00,2587.0
2017-04-20 13:00:00,2580.0
2017-04-20 14:00:00,2816.0
2017-04-20 15:00:00,2876.0
2017-04-20 16:00:00,2941.0
2017-04-20 17:00:00,2971.0
2017-04-20 18:00:00,3056.0
2017-04-20 19:00:00,2988.0
2017-04-20 20:00:00,3100.0
2017-04-20 21:00:00,3085.0
2017-04-20 22:00:00,2936.0
2017-04-20 23:00:00,3110.0
2017-04-21 00:00:00,3142.0
2017-04-21 01:00:00,3297.0
2017-04-21 02:00:00,3211.0
2017-04-21 03:00:00,3076.0
2017-04-21 04:00:00,2872.0
2017-04-21 05:00:00,2805.0
2017-04-21 06:00:00,2638.0
2017-04-21 07:00:00,2571.0
2017-04-21 08:00:00,2627.0
2017-04-21 09:00:00,2599.0
2017-04-21 10:00:00,2568.0
2017-04-21 11:00:00,2538.0
2017-04-21 12:00:00,2499.0
2017-04-21 13:00:00,2516.0
2017-04-21 14:00:00,2561.0
2017-04-21 15:00:00,2541.0
2017-04-21 16:00:00,2529.0
2017-04-21 17:00:00,2538.0
2017-04-21 18:00:00,2617.0
2017-04-21 19:00:00,2626.0
2017-04-21 20:00:00,2658.0
2017-04-21 21:00:00,2765.0
2017-04-21 22:00:00,2724.0
2017-04-21 23:00:00,2735.0
2017-04-22 00:00:00,2635.0
2017-04-22 01:00:00,2662.0
2017-04-22 02:00:00,2780.0
2017-04-22 03:00:00,2760.0
2017-04-22 04:00:00,2702.0
2017-04-22 05:00:00,2664.0
2017-04-22 06:00:00,2604.0
2017-04-22 07:00:00,2633.0
2017-04-22 08:00:00,2802.0
2017-04-22 09:00:00,2852.0
2017-04-22 10:00:00,2945.0
2017-04-22 11:00:00,3120.0
2017-04-22 12:00:00,3407.0
2017-04-22 13:00:00,3352.0
2017-04-22 14:00:00,3408.0
2017-04-22 15:00:00,3444.0
2017-04-22 16:00:00,3583.0
2017-04-22 17:00:00,3647.0
2017-04-22 18:00:00,3632.0
2017-04-22 19:00:00,3365.0
2017-04-22 20:00:00,3697.0
2017-04-22 21:00:00,3665.0
2017-04-22 22:00:00,3637.0
2017-04-22 23:00:00,3673.0
2017-04-23 00:00:00,3729.0
2017-04-23 01:00:00,3773.0
2017-04-23 02:00:00,3720.0
2017-04-23 03:00:00,3599.0
2017-04-23 04:00:00,3401.0
2017-04-23 05:00:00,3248.0
2017-04-23 06:00:00,3106.0
2017-04-23 07:00:00,2916.0
2017-04-23 08:00:00,2986.0
2017-04-23 09:00:00,2922.0
2017-04-23 10:00:00,2922.0
2017-04-23 11:00:00,3370.0
2017-04-23 12:00:00,3357.0
2017-04-23 13:00:00,3460.0
2017-04-23 14:00:00,3782.0
2017-04-23 15:00:00,3672.0
2017-04-23 16:00:00,3674.0
2017-04-23 17:00:00,3923.0
2017-04-23 18:00:00,3900.0
2017-04-23 19:00:00,3895.0
2017-04-23 20:00:00,3873.0
2017-04-23 21:00:00,3789.0
2017-04-23 22:00:00,3643.0
2017-04-23 23:00:00,3786.0
2017-04-24 00:00:00,3845.0
2017-04-24 01:00:00,3935.0
2017-04-24 02:00:00,3823.0
2017-04-24 03:00:00,3652.0
2017-04-24 04:00:00,3489.0
2017-04-24 05:00:00,3276.0
2017-04-24 06:00:00,3020.0
2017-04-24 07:00:00,2946.0
2017-04-24 08:00:00,2999.0
2017-04-24 09:00:00,3160.0
2017-04-24 10:00:00,3123.0
2017-04-24 11:00:00,3386.0
2017-04-24 12:00:00,3235.0
2017-04-24 13:00:00,3233.0
2017-04-24 14:00:00,3428.0
2017-04-24 15:00:00,3467.0
2017-04-24 16:00:00,3429.0
2017-04-24 17:00:00,3338.0
2017-04-24 18:00:00,3305.0
2017-04-24 19:00:00,3378.0
2017-04-24 20:00:00,3298.0
2017-04-24 21:00:00,3246.0
2017-04-24 22:00:00,3099.0
2017-04-24 23:00:00,3237.0
2017-04-25 00:00:00,3223.0
2017-04-25 01:00:00,3448.0
2017-04-25 02:00:00,3344.0
2017-04-25 03:00:00,3233.0
2017-04-25 04:00:00,3081.0
2017-04-25 05:00:00,2961.0
2017-04-25 06:00:00,2814.0
2017-04-25 07:00:00,2867.0
2017-04-25 08:00:00,2890.0
2017-04-25 09:00:00,3041.0
2017-04-25 10:00:00,2933.0
2017-04-25 11:00:00,3185.0
2017-04-25 12:00:00,3232.0
2017-04-25 13:00:00,3261.0
2017-04-25 14:00:00,3277.0
2017-04-25 15:00:00,3212.0
2017-04-25 16:00:00,2996.0
2017-04-25 17:00:00,2987.0
2017-04-25 18:00:00,3156.0
2017-04-25 19:00:00,3164.0
2017-04-25 20:00:00,3450.0
2017-04-25 21:00:00,3248.0
2017-04-25 22:00:00,3108.0
2017-04-25 23:00:00,3328.0
2017-04-26 00:00:00,3615.0
2017-04-26 01:00:00,3873.0
2017-04-26 02:00:00,3585.0
2017-04-26 03:00:00,3293.0
2017-04-26 04:00:00,3206.0
2017-04-26 05:00:00,3181.0
2017-04-26 06:00:00,3123.0
2017-04-26 07:00:00,2898.0
2017-04-26 08:00:00,2952.0
2017-04-26 09:00:00,2939.0
2017-04-26 10:00:00,3102.0
2017-04-26 11:00:00,3273.0
2017-04-26 12:00:00,3329.0
2017-04-26 13:00:00,3174.0
2017-04-26 14:00:00,3492.0
2017-04-26 15:00:00,3375.0
2017-04-26 16:00:00,3409.0
2017-04-26 17:00:00,3621.0
2017-04-26 18:00:00,3549.0
2017-04-26 19:00:00,3638.0
2017-04-26 20:00:00,3569.0
2017-04-26 21:00:00,3465.0
2017-04-26 22:00:00,3470.0
2017-04-26 23:00:00,3551.0
2017-04-27 00:00:00,3430.0
2017-04-27 01:00:00,3646.0
2017-04-27 02:00:00,3576.0
2017-04-27 03:00:00,3360.0
2017-04-27 04:00:00,3144.0
2017-04-27 05:00:00,3040.0
2017-04-27 06:00:00,3036.0
2017-04-27 07:00:00,2733.0
2017-04-27 08:00:00,2733.0
2017-04-27 09:00:00,2463.0
2017-04-27 10:00:00,2653.0
2017-04-27 11:00:00,2717.0
2017-04-27 12:00:00,2627.0
2017-04-27 13:00:00,2607.0
2017-04-27 14:00:00,2653.0
2017-04-27 15:00:00,2594.0
2017-04-27 16:00:00,2595.0
2017-04-27 17:00:00,2803.0
2017-04-27 18:00:00,2857.0
2017-04-27 19:00:00,2801.0
2017-04-27 20:00:00,2845.0
2017-04-27 21:00:00,3009.0
2017-04-27 22:00:00,2927.0
2017-04-27 23:00:00,2922.0
2017-04-28 00:00:00,3060.0
2017-04-28 01:00:00,3190.0
2017-04-28 02:00:00,3018.0
2017-04-28 03:00:00,2807.0
2017-04-28 04:00:00,2752.0
2017-04-28 05:00:00,2682.0
2017-04-28 06:00:00,2441.0
2017-04-28 07:00:00,2257.0
2017-04-28 08:00:00,2369.0
2017-04-28 09:00:00,2208.0
2017-04-28 10:00:00,2253.0
2017-04-28 11:00:00,2221.0
2017-04-28 12:00:00,2339.0
2017-04-28 13:00:00,2319.0
2017-04-28 14:00:00,2360.0
2017-04-28 15:00:00,2324.0
2017-04-28 16:00:00,2297.0
2017-04-28 17:00:00,2323.0
2017-04-28 18:00:00,2328.0
2017-04-28 19:00:00,2356.0
2017-04-28 20:00:00,2373.0
2017-04-28 21:00:00,2224.0
2017-04-28 22:00:00,2279.0
2017-04-28 23:00:00,2304.0
2017-04-29 00:00:00,2286.0
2017-04-29 01:00:00,2251.0
2017-04-29 02:00:00,2308.0
2017-04-29 03:00:00,2261.0
2017-04-29 04:00:00,2296.0
2017-04-29 05:00:00,2326.0
2017-04-29 06:00:00,2319.0
2017-04-29 07:00:00,2322.0
2017-04-29 08:00:00,2261.0
2017-04-29 09:00:00,2494.0
2017-04-29 10:00:00,2604.0
2017-04-29 11:00:00,2995.0
2017-04-29 12:00:00,3028.0
2017-04-29 13:00:00,3104.0
2017-04-29 14:00:00,3129.0
2017-04-29 15:00:00,2999.0
2017-04-29 16:00:00,3084.0
2017-04-29 17:00:00,3120.0
2017-04-29 18:00:00,3181.0
2017-04-29 19:00:00,3114.0
2017-04-29 20:00:00,3038.0
2017-04-29 21:00:00,2958.0
2017-04-29 22:00:00,2975.0
2017-04-29 23:00:00,3227.0
2017-04-30 00:00:00,3439.0
2017-04-30 01:00:00,3494.0
2017-04-30 02:00:00,3335.0
2017-04-30 03:00:00,3118.0
2017-04-30 04:00:00,3093.0
2017-04-30 05:00:00,2884.0
2017-04-30 06:00:00,2821.0
2017-04-30 07:00:00,2692.0
2017-04-30 08:00:00,2699.0
2017-04-30 09:00:00,2714.0
2017-04-30 10:00:00,2801.0
2017-04-30 11:00:00,3065.0
2017-04-30 12:00:00,3129.0
2017-04-30 13:00:00,3142.0
2017-04-30 14:00:00,3310.0
2017-04-30 15:00:00,3272.0
2017-04-30 16:00:00,3196.0
2017-04-30 17:00:00,3225.0
2017-04-30 18:00:00,3296.0
2017-04-30 19:00:00,3206.0
2017-04-30 20:00:00,3232.0
2017-04-30 21:00:00,3023.0
2017-04-30 22:00:00,3004.0
2017-04-30 23:00:00,3242.0
2017-05-01 00:00:00,3483.0
2017-05-01 01:00:00,3457.0
2017-05-01 02:00:00,3272.0
2017-05-01 03:00:00,3007.0
2017-05-01 04:00:00,2907.0
2017-05-01 05:00:00,2816.0
2017-05-01 06:00:00,2614.0
2017-05-01 07:00:00,2573.0
2017-05-01 08:00:00,2689.0
2017-05-01 09:00:00,2585.0
2017-05-01 10:00:00,2727.0
2017-05-01 11:00:00,2982.0
2017-05-01 12:00:00,3220.0
2017-05-01 13:00:00,3083.0
2017-05-01 14:00:00,3230.0
2017-05-01 15:00:00,3185.0
2017-05-01 16:00:00,3145.0
2017-05-01 17:00:00,3208.0
2017-05-01 18:00:00,3407.0
2017-05-01 19:00:00,3306.0
2017-05-01 20:00:00,3378.0
2017-05-01 21:00:00,3239.0
2017-05-01 22:00:00,3153.0
2017-05-01 23:00:00,3320.0
2017-05-02 00:00:00,3292.0
2017-05-02 01:00:00,3360.0
2017-05-02 02:00:00,3139.0
2017-05-02 03:00:00,2988.0
2017-05-02 04:00:00,2800.0
2017-05-02 05:00:00,2827.0
2017-05-02 06:00:00,2769.0
2017-05-02 07:00:00,2829.0
2017-05-02 08:00:00,2854.0
2017-05-02 09:00:00,2834.0
2017-05-02 10:00:00,2827.0
2017-05-02 11:00:00,2846.0
2017-05-02 12:00:00,2864.0
2017-05-02 13:00:00,2962.0
2017-05-02 14:00:00,3228.0
2017-05-02 15:00:00,3184.0
2017-05-02 16:00:00,3138.0
2017-05-02 17:00:00,3215.0
2017-05-02 18:00:00,2981.0
2017-05-02 19:00:00,3079.0
2017-05-02 20:00:00,3274.0
2017-05-02 21:00:00,3267.0
2017-05-02 22:00:00,3028.0
2017-05-02 23:00:00,3178.0
2017-05-03 00:00:00,3384.0
2017-05-03 01:00:00,3353.0
2017-05-03 02:00:00,3208.0
2017-05-03 03:00:00,3126.0
2017-05-03 04:00:00,2938.0
2017-05-03 05:00:00,2862.0
2017-05-03 06:00:00,2726.0
2017-05-03 07:00:00,2703.0
2017-05-03 08:00:00,2694.0
2017-05-03 09:00:00,2781.0
2017-05-03 10:00:00,3059.0
2017-05-03 11:00:00,3228.0
2017-05-03 12:00:00,3274.0
2017-05-03 13:00:00,3268.0
2017-05-03 14:00:00,3426.0
2017-05-03 15:00:00,3396.0
2017-05-03 16:00:00,3375.0
2017-05-03 17:00:00,3558.0
2017-05-03 18:00:00,3416.0
2017-05-03 19:00:00,3474.0
2017-05-03 20:00:00,3566.0
2017-05-03 21:00:00,3433.0
2017-05-03 22:00:00,3380.0
2017-05-03 23:00:00,3414.0
2017-05-04 00:00:00,3438.0
2017-05-04 01:00:00,3537.0
2017-05-04 02:00:00,3446.0
2017-05-04 03:00:00,3158.0
2017-05-04 04:00:00,3155.0
2017-05-04 05:00:00,3014.0
2017-05-04 06:00:00,2955.0
2017-05-04 07:00:00,2761.0
2017-05-04 08:00:00,2791.0
2017-05-04 09:00:00,2747.0
2017-05-04 10:00:00,2829.0
2017-05-04 11:00:00,2877.0
2017-05-04 12:00:00,2768.0
2017-05-04 13:00:00,2807.0
2017-05-04 14:00:00,2884.0
2017-05-04 15:00:00,2786.0
2017-05-04 16:00:00,2913.0
2017-05-04 17:00:00,2972.0
2017-05-04 18:00:00,3047.0
2017-05-04 19:00:00,3048.0
2017-05-04 20:00:00,3455.0
2017-05-04 21:00:00,3058.0
2017-05-04 22:00:00,3040.0
2017-05-04 23:00:00,3177.0
2017-05-05 00:00:00,3262.0
2017-05-05 01:00:00,3272.0
2017-05-05 02:00:00,3165.0
2017-05-05 03:00:00,3045.0
2017-05-05 04:00:00,2939.0
2017-05-05 05:00:00,2787.0
2017-05-05 06:00:00,2705.0
2017-05-05 07:00:00,2673.0
2017-05-05 08:00:00,2636.0
2017-05-05 09:00:00,2560.0
2017-05-05 10:00:00,2653.0
2017-05-05 11:00:00,2567.0
2017-05-05 12:00:00,2534.0
2017-05-05 13:00:00,2557.0
2017-05-05 14:00:00,2638.0
2017-05-05 15:00:00,2548.0
2017-05-05 16:00:00,2601.0
2017-05-05 17:00:00,2584.0
2017-05-05 18:00:00,2617.0
2017-05-05 19:00:00,2545.0
2017-05-05 20:00:00,2572.0
2017-05-05 21:00:00,2466.0
2017-05-05 22:00:00,2519.0
2017-05-05 23:00:00,2529.0
2017-05-06 00:00:00,2573.0
2017-05-06 01:00:00,2513.0
2017-05-06 02:00:00,2457.0
2017-05-06 03:00:00,2424.0
2017-05-06 04:00:00,2418.0
2017-05-06 05:00:00,2462.0
2017-05-06 06:00:00,2435.0
2017-05-06 07:00:00,2473.0
2017-05-06 08:00:00,2517.0
2017-05-06 09:00:00,2712.0
2017-05-06 10:00:00,2795.0
2017-05-06 11:00:00,3033.0
2017-05-06 12:00:00,3063.0
2017-05-06 13:00:00,3149.0
2017-05-06 14:00:00,3284.0
2017-05-06 15:00:00,3199.0
2017-05-06 16:00:00,3247.0
2017-05-06 17:00:00,3334.0
2017-05-06 18:00:00,3363.0
2017-05-06 19:00:00,3309.0
2017-05-06 20:00:00,3426.0
2017-05-06 21:00:00,3225.0
2017-05-06 22:00:00,3138.0
2017-05-06 23:00:00,3309.0
2017-05-07 00:00:00,3425.0
2017-05-07 01:00:00,3457.0
2017-05-07 02:00:00,3295.0
2017-05-07 03:00:00,3128.0
2017-05-07 04:00:00,2964.0
2017-05-07 05:00:00,2844.0
2017-05-07 06:00:00,2704.0
2017-05-07 07:00:00,2748.0
2017-05-07 08:00:00,2778.0
2017-05-07 09:00:00,2747.0
2017-05-07 10:00:00,2947.0
2017-05-07 11:00:00,3353.0
2017-05-07 12:00:00,3260.0
2017-05-07 13:00:00,3313.0
2017-05-07 14:00:00,3668.0
2017-05-07 15:00:00,3473.0
2017-05-07 16:00:00,3477.0
2017-05-07 17:00:00,3608.0
2017-05-07 18:00:00,3721.0
2017-05-07 19:00:00,3584.0
2017-05-07 20:00:00,3420.0
2017-05-07 21:00:00,3131.0
2017-05-07 22:00:00,3132.0
2017-05-07 23:00:00,3311.0
2017-05-08 00:00:00,3463.0
2017-05-08 01:00:00,3503.0
2017-05-08 02:00:00,3223.0
2017-05-08 03:00:00,2993.0
2017-05-08 04:00:00,2887.0
2017-05-08 05:00:00,2788.0
2017-05-08 06:00:00,2672.0
2017-05-08 07:00:00,2673.0
2017-05-08 08:00:00,2701.0
2017-05-08 09:00:00,2740.0
2017-05-08 10:00:00,2986.0
2017-05-08 11:00:00,3230.0
2017-05-08 12:00:00,3263.0
2017-05-08 13:00:00,3333.0
2017-05-08 14:00:00,3453.0
2017-05-08 15:00:00,3198.0
2017-05-08 16:00:00,3212.0
2017-05-08 17:00:00,3217.0
2017-05-08 18:00:00,3106.0
2017-05-08 19:00:00,3274.0
2017-05-08 20:00:00,3105.0
2017-05-08 21:00:00,3181.0
2017-05-08 22:00:00,3125.0
2017-05-08 23:00:00,3367.0
2017-05-09 00:00:00,3312.0
2017-05-09 01:00:00,3348.0
2017-05-09 02:00:00,3160.0
2017-05-09 03:00:00,2946.0
2017-05-09 04:00:00,2817.0
2017-05-09 05:00:00,2814.0
2017-05-09 06:00:00,2664.0
2017-05-09 07:00:00,2662.0
2017-05-09 08:00:00,2623.0
2017-05-09 09:00:00,2678.0
2017-05-09 10:00:00,2744.0
2017-05-09 11:00:00,3134.0
2017-05-09 12:00:00,3250.0
2017-05-09 13:00:00,3284.0
2017-05-09 14:00:00,3406.0
2017-05-09 15:00:00,3207.0
2017-05-09 16:00:00,3232.0
2017-05-09 17:00:00,3293.0
2017-05-09 18:00:00,3353.0
2017-05-09 19:00:00,3390.0
2017-05-09 20:00:00,3315.0
2017-05-09 21:00:00,3144.0
2017-05-09 22:00:00,3114.0
2017-05-09 23:00:00,3363.0
2017-05-10 00:00:00,3538.0
2017-05-10 01:00:00,3376.0
2017-05-10 02:00:00,3112.0
2017-05-10 03:00:00,2938.0
2017-05-10 04:00:00,2857.0
2017-05-10 05:00:00,2789.0
2017-05-10 06:00:00,2679.0
2017-05-10 07:00:00,2617.0
2017-05-10 08:00:00,2695.0
2017-05-10 09:00:00,2774.0
2017-05-10 10:00:00,2882.0
2017-05-10 11:00:00,3030.0
2017-05-10 12:00:00,3219.0
2017-05-10 13:00:00,3253.0
2017-05-10 14:00:00,3317.0
2017-05-10 15:00:00,3438.0
2017-05-10 16:00:00,3405.0
2017-05-10 17:00:00,3359.0
2017-05-10 18:00:00,3447.0
2017-05-10 19:00:00,3473.0
2017-05-10 20:00:00,3415.0
2017-05-10 21:00:00,3212.0
2017-05-10 22:00:00,3149.0
2017-05-10 23:00:00,3212.0
2017-05-11 00:00:00,3377.0
2017-05-11 01:00:00,3297.0
2017-05-11 02:00:00,3159.0
2017-05-11 03:00:00,3028.0
2017-05-11 04:00:00,2888.0
2017-05-11 05:00:00,2872.0
2017-05-11 06:00:00,2756.0
2017-05-11 07:00:00,2558.0
2017-05-11 08:00:00,2555.0
2017-05-11 09:00:00,2692.0
2017-05-11 10:00:00,2656.0
2017-05-11 11:00:00,2679.0
2017-05-11 12:00:00,2727.0
2017-05-11 13:00:00,2702.0
2017-05-11 14:00:00,2803.0
2017-05-11 15:00:00,2934.0
2017-05-11 16:00:00,2820.0
2017-05-11 17:00:00,3069.0
2017-05-11 18:00:00,2976.0
2017-05-11 19:00:00,3052.0
2017-05-11 20:00:00,3073.0
2017-05-11 21:00:00,3042.0
2017-05-11 22:00:00,2797.0
2017-05-11 23:00:00,2980.0
2017-05-12 00:00:00,3051.0
2017-05-12 01:00:00,3004.0
2017-05-12 02:00:00,2838.0
2017-05-12 03:00:00,2867.0
2017-05-12 04:00:00,2723.0
2017-05-12 05:00:00,2709.0
2017-05-12 06:00:00,2582.0
2017-05-12 07:00:00,2544.0
2017-05-12 08:00:00,2501.0
2017-05-12 09:00:00,2527.0
2017-05-12 10:00:00,2532.0
2017-05-12 11:00:00,2567.0
2017-05-12 12:00:00,2496.0
2017-05-12 13:00:00,2562.0
2017-05-12 14:00:00,2625.0
2017-05-12 15:00:00,2511.0
2017-05-12 16:00:00,2611.0
2017-05-12 17:00:00,2552.0
2017-05-12 18:00:00,2682.0
2017-05-12 19:00:00,2554.0
2017-05-12 20:00:00,2615.0
2017-05-12 21:00:00,2615.0
2017-05-12 22:00:00,2550.0
2017-05-12 23:00:00,2488.0
2017-05-13 00:00:00,2543.0
2017-05-13 01:00:00,2534.0
2017-05-13 02:00:00,2540.0
2017-05-13 03:00:00,2505.0
2017-05-13 04:00:00,2454.0
2017-05-13 05:00:00,2451.0
2017-05-13 06:00:00,2423.0
2017-05-13 07:00:00,2444.0
2017-05-13 08:00:00,2555.0
2017-05-13 09:00:00,2759.0
2017-05-13 10:00:00,2783.0
2017-05-13 11:00:00,3170.0
2017-05-13 12:00:00,3144.0
2017-05-13 13:00:00,3179.0
2017-05-13 14:00:00,3505.0
2017-05-13 15:00:00,3451.0
2017-05-13 16:00:00,3269.0
2017-05-13 17:00:00,3415.0
2017-05-13 18:00:00,3408.0
2017-05-13 19:00:00,3528.0
2017-05-13 20:00:00,3375.0
2017-05-13 21:00:00,3270.0
2017-05-13 22:00:00,2963.0
2017-05-13 23:00:00,3149.0
2017-05-14 00:00:00,3212.0
2017-05-14 01:00:00,3357.0
2017-05-14 02:00:00,3158.0
2017-05-14 03:00:00,3036.0
2017-05-14 04:00:00,2882.0
2017-05-14 05:00:00,2769.0
2017-05-14 06:00:00,2642.0
2017-05-14 07:00:00,2577.0
2017-05-14 08:00:00,2628.0
2017-05-14 09:00:00,2702.0
2017-05-14 10:00:00,3004.0
2017-05-14 11:00:00,3306.0
2017-05-14 12:00:00,3131.0
2017-05-14 13:00:00,3200.0
2017-05-14 14:00:00,3492.0
2017-05-14 15:00:00,3380.0
2017-05-14 16:00:00,3380.0
2017-05-14 17:00:00,3435.0
2017-05-14 18:00:00,3477.0
2017-05-14 19:00:00,3465.0
2017-05-14 20:00:00,3481.0
2017-05-14 21:00:00,3399.0
2017-05-14 22:00:00,3167.0
2017-05-14 23:00:00,3348.0
2017-05-15 00:00:00,3401.0
2017-05-15 01:00:00,3448.0
2017-05-15 02:00:00,3302.0
2017-05-15 03:00:00,3134.0
2017-05-15 04:00:00,2921.0
2017-05-15 05:00:00,2852.0
2017-05-15 06:00:00,2755.0
2017-05-15 07:00:00,2675.0
2017-05-15 08:00:00,2780.0
2017-05-15 09:00:00,2877.0
2017-05-15 10:00:00,3014.0
2017-05-15 11:00:00,3190.0
2017-05-15 12:00:00,3241.0
2017-05-15 13:00:00,3312.0
2017-05-15 14:00:00,3401.0
2017-05-15 15:00:00,3592.0
2017-05-15 16:00:00,3465.0
2017-05-15 17:00:00,3592.0
2017-05-15 18:00:00,3492.0
2017-05-15 19:00:00,3387.0
2017-05-15 20:00:00,3489.0
2017-05-15 21:00:00,3445.0
2017-05-15 22:00:00,3264.0
2017-05-15 23:00:00,3386.0
2017-05-16 00:00:00,3460.0
2017-05-16 01:00:00,3509.0
2017-05-16 02:00:00,3200.0
2017-05-16 03:00:00,3107.0
2017-05-16 04:00:00,2930.0
2017-05-16 05:00:00,2823.0
2017-05-16 06:00:00,2739.0
2017-05-16 07:00:00,2694.0
2017-05-16 08:00:00,2715.0
2017-05-16 09:00:00,2907.0
2017-05-16 10:00:00,3134.0
2017-05-16 11:00:00,3218.0
2017-05-16 12:00:00,3372.0
2017-05-16 13:00:00,3397.0
2017-05-16 14:00:00,3779.0
2017-05-16 15:00:00,3493.0
2017-05-16 16:00:00,3419.0
2017-05-16 17:00:00,3482.0
2017-05-16 18:00:00,3531.0
2017-05-16 19:00:00,3448.0
2017-05-16 20:00:00,3411.0
2017-05-16 21:00:00,3229.0
2017-05-16 22:00:00,2970.0
2017-05-16 23:00:00,3245.0
2017-05-17 00:00:00,3353.0
2017-05-17 01:00:00,3484.0
2017-05-17 02:00:00,3369.0
2017-05-17 03:00:00,3172.0
2017-05-17 04:00:00,2928.0
2017-05-17 05:00:00,2890.0
2017-05-17 06:00:00,2765.0
2017-05-17 07:00:00,2738.0
2017-05-17 08:00:00,2711.0
2017-05-17 09:00:00,2818.0
2017-05-17 10:00:00,3009.0
2017-05-17 11:00:00,3342.0
2017-05-17 12:00:00,3470.0
2017-05-17 13:00:00,3431.0
2017-05-17 14:00:00,3667.0
2017-05-17 15:00:00,3617.0
2017-05-17 16:00:00,3432.0
2017-05-17 17:00:00,3549.0
2017-05-17 18:00:00,3709.0
2017-05-17 19:00:00,3690.0
2017-05-17 20:00:00,3683.0
2017-05-17 21:00:00,3726.0
2017-05-17 22:00:00,3408.0
2017-05-17 23:00:00,3611.0
2017-05-18 00:00:00,3850.0
2017-05-18 01:00:00,3762.0
2017-05-18 02:00:00,3486.0
2017-05-18 03:00:00,3271.0
2017-05-18 04:00:00,3181.0
2017-05-18 05:00:00,3128.0
2017-05-18 06:00:00,2905.0
2017-05-18 07:00:00,2800.0
2017-05-18 08:00:00,2756.0
2017-05-18 09:00:00,2839.0
2017-05-18 10:00:00,2747.0
2017-05-18 11:00:00,2777.0
2017-05-18 12:00:00,2715.0
2017-05-18 13:00:00,2691.0
2017-05-18 14:00:00,2791.0
2017-05-18 15:00:00,2705.0
2017-05-18 16:00:00,2747.0
2017-05-18 17:00:00,2998.0
2017-05-18 18:00:00,2880.0
2017-05-18 19:00:00,2826.0
2017-05-18 20:00:00,2974.0
2017-05-18 21:00:00,2945.0
2017-05-18 22:00:00,2915.0
2017-05-18 23:00:00,3084.0
2017-05-19 00:00:00,3204.0
2017-05-19 01:00:00,3247.0
2017-05-19 02:00:00,3090.0
2017-05-19 03:00:00,3024.0
2017-05-19 04:00:00,2825.0
2017-05-19 05:00:00,2746.0
2017-05-19 06:00:00,2662.0
2017-05-19 07:00:00,2625.0
2017-05-19 08:00:00,2630.0
2017-05-19 09:00:00,2643.0
2017-05-19 10:00:00,2534.0
2017-05-19 11:00:00,2520.0
2017-05-19 12:00:00,2493.0
2017-05-19 13:00:00,2541.0
2017-05-19 14:00:00,2631.0
2017-05-19 15:00:00,2593.0
2017-05-19 16:00:00,2674.0
2017-05-19 17:00:00,2623.0
2017-05-19 18:00:00,2650.0
2017-05-19 19:00:00,2631.0
2017-05-19 20:00:00,2637.0
2017-05-19 21:00:00,2628.0
2017-05-19 22:00:00,2653.0
2017-05-19 23:00:00,2596.0
2017-05-20 00:00:00,2553.0
2017-05-20 01:00:00,2589.0
2017-05-20 02:00:00,2572.0
2017-05-20 03:00:00,2588.0
2017-05-20 04:00:00,2532.0
2017-05-20 05:00:00,2514.0
2017-05-20 06:00:00,2561.0
2017-05-20 07:00:00,2572.0
2017-05-20 08:00:00,2673.0
2017-05-20 09:00:00,2832.0
2017-05-20 10:00:00,2891.0
2017-05-20 11:00:00,3205.0
2017-05-20 12:00:00,3239.0
2017-05-20 13:00:00,3321.0
2017-05-20 14:00:00,3272.0
2017-05-20 15:00:00,3430.0
2017-05-20 16:00:00,3349.0
2017-05-20 17:00:00,3351.0
2017-05-20 18:00:00,3390.0
2017-05-20 19:00:00,3311.0
2017-05-20 20:00:00,3342.0
2017-05-20 21:00:00,3210.0
2017-05-20 22:00:00,2923.0
2017-05-20 23:00:00,3151.0
2017-05-21 00:00:00,3262.0
2017-05-21 01:00:00,3395.0
2017-05-21 02:00:00,3286.0
2017-05-21 03:00:00,3197.0
2017-05-21 04:00:00,2944.0
2017-05-21 05:00:00,2816.0
2017-05-21 06:00:00,2744.0
2017-05-21 07:00:00,2635.0
2017-05-21 08:00:00,2717.0
2017-05-21 09:00:00,2780.0
2017-05-21 10:00:00,3043.0
2017-05-21 11:00:00,3210.0
2017-05-21 12:00:00,3308.0
2017-05-21 13:00:00,3288.0
2017-05-21 14:00:00,3421.0
2017-05-21 15:00:00,3433.0
2017-05-21 16:00:00,3235.0
2017-05-21 17:00:00,3300.0
2017-05-21 18:00:00,3405.0
2017-05-21 19:00:00,3502.0
2017-05-21 20:00:00,3541.0
2017-05-21 21:00:00,3372.0
2017-05-21 22:00:00,3074.0
2017-05-21 23:00:00,3158.0
2017-05-22 00:00:00,3383.0
2017-05-22 01:00:00,3576.0
2017-05-22 02:00:00,3329.0
2017-05-22 03:00:00,3207.0
2017-05-22 04:00:00,3024.0
2017-05-22 05:00:00,2887.0
2017-05-22 06:00:00,2766.0
2017-05-22 07:00:00,2867.0
2017-05-22 08:00:00,2855.0
2017-05-22 09:00:00,2830.0
2017-05-22 10:00:00,3044.0
2017-05-22 11:00:00,3414.0
2017-05-22 12:00:00,3228.0
2017-05-22 13:00:00,3261.0
2017-05-22 14:00:00,3251.0
2017-05-22 15:00:00,3253.0
2017-05-22 16:00:00,3199.0
2017-05-22 17:00:00,3361.0
2017-05-22 18:00:00,3205.0
2017-05-22 19:00:00,3162.0
2017-05-22 20:00:00,3343.0
2017-05-22 21:00:00,3133.0
2017-05-22 22:00:00,2927.0
2017-05-22 23:00:00,3082.0
2017-05-23 00:00:00,3141.0
2017-05-23 01:00:00,3256.0
2017-05-23 02:00:00,3130.0
2017-05-23 03:00:00,2943.0
2017-05-23 04:00:00,2786.0
2017-05-23 05:00:00,2750.0
2017-05-23 06:00:00,2596.0
2017-05-23 07:00:00,2551.0
2017-05-23 08:00:00,2628.0
2017-05-23 09:00:00,2710.0
2017-05-23 10:00:00,2996.0
2017-05-23 11:00:00,3126.0
2017-05-23 12:00:00,3284.0
2017-05-23 13:00:00,3287.0
2017-05-23 14:00:00,3458.0
2017-05-23 15:00:00,3464.0
2017-05-23 16:00:00,3333.0
2017-05-23 17:00:00,3355.0
2017-05-23 18:00:00,3413.0
2017-05-23 19:00:00,3359.0
2017-05-23 20:00:00,3316.0
2017-05-23 21:00:00,3067.0
2017-05-23 22:00:00,2969.0
2017-05-23 23:00:00,3097.0
2017-05-24 00:00:00,3379.0
2017-05-24 01:00:00,3595.0
2017-05-24 02:00:00,3336.0
2017-05-24 03:00:00,3076.0
2017-05-24 04:00:00,2891.0
2017-05-24 05:00:00,2867.0
2017-05-24 06:00:00,2697.0
2017-05-24 07:00:00,2716.0
2017-05-24 08:00:00,2827.0
2017-05-24 09:00:00,2859.0
2017-05-24 10:00:00,3133.0
2017-05-24 11:00:00,3331.0
2017-05-24 12:00:00,3366.0
2017-05-24 13:00:00,3315.0
2017-05-24 14:00:00,3515.0
2017-05-24 15:00:00,3444.0
2017-05-24 16:00:00,3369.0
2017-05-24 17:00:00,3419.0
2017-05-24 18:00:00,3532.0
2017-05-24 19:00:00,3476.0
2017-05-24 20:00:00,3479.0
2017-05-24 21:00:00,3385.0
2017-05-24 22:00:00,3160.0
2017-05-24 23:00:00,3321.0
2017-05-25 00:00:00,3486.0
2017-05-25 01:00:00,3722.0
2017-05-25 02:00:00,3542.0
2017-05-25 03:00:00,3271.0
2017-05-25 04:00:00,3127.0
2017-05-25 05:00:00,3038.0
2017-05-25 06:00:00,2842.0
2017-05-25 07:00:00,2768.0
2017-05-25 08:00:00,2805.0
2017-05-25 09:00:00,2945.0
2017-05-25 10:00:00,2879.0
2017-05-25 11:00:00,3037.0
2017-05-25 12:00:00,2888.0
2017-05-25 13:00:00,2870.0
2017-05-25 14:00:00,2882.0
2017-05-25 15:00:00,2868.0
2017-05-25 16:00:00,2855.0
2017-05-25 17:00:00,2847.0
2017-05-25 18:00:00,2860.0
2017-05-25 19:00:00,2892.0
2017-05-25 20:00:00,3051.0
2017-05-25 21:00:00,2945.0
2017-05-25 22:00:00,2928.0
2017-05-25 23:00:00,3038.0
2017-05-26 00:00:00,3178.0
2017-05-26 01:00:00,3224.0
2017-05-26 02:00:00,3209.0
2017-05-26 03:00:00,3054.0
2017-05-26 04:00:00,2961.0
2017-05-26 05:00:00,2824.0
2017-05-26 06:00:00,2672.0
2017-05-26 07:00:00,2692.0
2017-05-26 08:00:00,2678.0
2017-05-26 09:00:00,2672.0
2017-05-26 10:00:00,2661.0
2017-05-26 11:00:00,2691.0
2017-05-26 12:00:00,2575.0
2017-05-26 13:00:00,2580.0
2017-05-26 14:00:00,2618.0
2017-05-26 15:00:00,2631.0
2017-05-26 16:00:00,2472.0
2017-05-26 17:00:00,2372.0
2017-05-26 18:00:00,2433.0
2017-05-26 19:00:00,2656.0
2017-05-26 20:00:00,2702.0
2017-05-26 21:00:00,2751.0
2017-05-26 22:00:00,2643.0
2017-05-26 23:00:00,2668.0
2017-05-27 00:00:00,2654.0
2017-05-27 01:00:00,2677.0
2017-05-27 02:00:00,2678.0
2017-05-27 03:00:00,2716.0
2017-05-27 04:00:00,2570.0
2017-05-27 05:00:00,2561.0
2017-05-27 06:00:00,2585.0
2017-05-27 07:00:00,2640.0
2017-05-27 08:00:00,2830.0
2017-05-27 09:00:00,2972.0
2017-05-27 10:00:00,2973.0
2017-05-27 11:00:00,3347.0
2017-05-27 12:00:00,3356.0
2017-05-27 13:00:00,3262.0
2017-05-27 14:00:00,3424.0
2017-05-27 15:00:00,3417.0
2017-05-27 16:00:00,3321.0
2017-05-27 17:00:00,3292.0
2017-05-27 18:00:00,3351.0
2017-05-27 19:00:00,3280.0
2017-05-27 20:00:00,3290.0
2017-05-27 21:00:00,3119.0
2017-05-27 22:00:00,2963.0
2017-05-27 23:00:00,3201.0
2017-05-28 00:00:00,3316.0
2017-05-28 01:00:00,3469.0
2017-05-28 02:00:00,3318.0
2017-05-28 03:00:00,3142.0
2017-05-28 04:00:00,2970.0
2017-05-28 05:00:00,2807.0
2017-05-28 06:00:00,2702.0
2017-05-28 07:00:00,2725.0
2017-05-28 08:00:00,2753.0
2017-05-28 09:00:00,2926.0
2017-05-28 10:00:00,3099.0
2017-05-28 11:00:00,3399.0
2017-05-28 12:00:00,3408.0
2017-05-28 13:00:00,3417.0
2017-05-28 14:00:00,3482.0
2017-05-28 15:00:00,3507.0
2017-05-28 16:00:00,3462.0
2017-05-28 17:00:00,3455.0
2017-05-28 18:00:00,3325.0
2017-05-28 19:00:00,3373.0
2017-05-28 20:00:00,3397.0
2017-05-28 21:00:00,3254.0
2017-05-28 22:00:00,3036.0
2017-05-28 23:00:00,3130.0
2017-05-29 00:00:00,3273.0
2017-05-29 01:00:00,3537.0
2017-05-29 02:00:00,3339.0
2017-05-29 03:00:00,3153.0
2017-05-29 04:00:00,2922.0
2017-05-29 05:00:00,2832.0
2017-05-29 06:00:00,2684.0
2017-05-29 07:00:00,2672.0
2017-05-29 08:00:00,2742.0
2017-05-29 09:00:00,2870.0
2017-05-29 10:00:00,3115.0
2017-05-29 11:00:00,3377.0
2017-05-29 12:00:00,3262.0
2017-05-29 13:00:00,3407.0
2017-05-29 14:00:00,3541.0
2017-05-29 15:00:00,3536.0
2017-05-29 16:00:00,3329.0
2017-05-29 17:00:00,3370.0
2017-05-29 18:00:00,3391.0
2017-05-29 19:00:00,3347.0
2017-05-29 20:00:00,3494.0
2017-05-29 21:00:00,3392.0
2017-05-29 22:00:00,3099.0
2017-05-29 23:00:00,3173.0
2017-05-30 00:00:00,3281.0
2017-05-30 01:00:00,3346.0
2017-05-30 02:00:00,3291.0
2017-05-30 03:00:00,3070.0
2017-05-30 04:00:00,2929.0
2017-05-30 05:00:00,2848.0
2017-05-30 06:00:00,2692.0
2017-05-30 07:00:00,2653.0
2017-05-30 08:00:00,2721.0
2017-05-30 09:00:00,2906.0
2017-05-30 10:00:00,3236.0
2017-05-30 11:00:00,3459.0
2017-05-30 12:00:00,3497.0
2017-05-30 13:00:00,3482.0
2017-05-30 14:00:00,3534.0
2017-05-30 15:00:00,3474.0
2017-05-30 16:00:00,3471.0
2017-05-30 17:00:00,3442.0
2017-05-30 18:00:00,3521.0
2017-05-30 19:00:00,3364.0
2017-05-30 20:00:00,3411.0
2017-05-30 21:00:00,3238.0
2017-05-30 22:00:00,3025.0
2017-05-30 23:00:00,3223.0
2017-05-31 00:00:00,3367.0
2017-05-31 01:00:00,3441.0
2017-05-31 02:00:00,3331.0
2017-05-31 03:00:00,3104.0
2017-05-31 04:00:00,2910.0
2017-05-31 05:00:00,2825.0
2017-05-31 06:00:00,2773.0
2017-05-31 07:00:00,2685.0
2017-05-31 08:00:00,2689.0
2017-05-31 09:00:00,2850.0
2017-05-31 10:00:00,3159.0
2017-05-31 11:00:00,3254.0
2017-05-31 12:00:00,3271.0
2017-05-31 13:00:00,3258.0
2017-05-31 14:00:00,3513.0
2017-05-31 15:00:00,3394.0
2017-05-31 16:00:00,3541.0
2017-05-31 17:00:00,3455.0
2017-05-31 18:00:00,3492.0
2017-05-31 19:00:00,3368.0
2017-05-31 20:00:00,3305.0
2017-05-31 21:00:00,3295.0
2017-05-31 22:00:00,3093.0
2017-05-31 23:00:00,3254.0
2017-06-01 00:00:00,3423.0
2017-06-01 01:00:00,3583.0
2017-06-01 02:00:00,3363.0
2017-06-01 03:00:00,3158.0
2017-06-01 04:00:00,2973.0
2017-06-01 05:00:00,2846.0
2017-06-01 06:00:00,2786.0
2017-06-01 07:00:00,2709.0
2017-06-01 08:00:00,2745.0
2017-06-01 09:00:00,2826.0
2017-06-01 10:00:00,2832.0
2017-06-01 11:00:00,2868.0
2017-06-01 12:00:00,2757.0
2017-06-01 13:00:00,2738.0
2017-06-01 14:00:00,2933.0
2017-06-01 15:00:00,2731.0
2017-06-01 16:00:00,2830.0
2017-06-01 17:00:00,2953.0
2017-06-01 18:00:00,2891.0
2017-06-01 19:00:00,2695.0
2017-06-01 20:00:00,2864.0
2017-06-01 21:00:00,2832.0
2017-06-01 22:00:00,2766.0
2017-06-01 23:00:00,2927.0
2017-06-02 00:00:00,2969.0
2017-06-02 01:00:00,3068.0
2017-06-02 02:00:00,2959.0
2017-06-02 03:00:00,2790.0
2017-06-02 04:00:00,2640.0
2017-06-02 05:00:00,2601.0
2017-06-02 06:00:00,2555.0
2017-06-02 07:00:00,2489.0
2017-06-02 08:00:00,2442.0
2017-06-02 09:00:00,2466.0
2017-06-02 10:00:00,2406.0
2017-06-02 11:00:00,2457.0
2017-06-02 12:00:00,2397.0
2017-06-02 13:00:00,2437.0
2017-06-02 14:00:00,2546.0
2017-06-02 15:00:00,2566.0
2017-06-02 16:00:00,2500.0
2017-06-02 17:00:00,2599.0
2017-06-02 18:00:00,2530.0
2017-06-02 19:00:00,2525.0
2017-06-02 20:00:00,2644.0
2017-06-02 21:00:00,2574.0
2017-06-02 22:00:00,2557.0
2017-06-02 23:00:00,2557.0
2017-06-03 00:00:00,2579.0
2017-06-03 01:00:00,2504.0
2017-06-03 02:00:00,2492.0
2017-06-03 03:00:00,2443.0
2017-06-03 04:00:00,2497.0
2017-06-03 05:00:00,2506.0
2017-06-03 06:00:00,2452.0
2017-06-03 07:00:00,2461.0
2017-06-03 08:00:00,2562.0
2017-06-03 09:00:00,2708.0
2017-06-03 10:00:00,2965.0
2017-06-03 11:00:00,3290.0
2017-06-03 12:00:00,3362.0
2017-06-03 13:00:00,3413.0
2017-06-03 14:00:00,3464.0
2017-06-03 15:00:00,3545.0
2017-06-03 16:00:00,3465.0
2017-06-03 17:00:00,3423.0
2017-06-03 18:00:00,3461.0
2017-06-03 19:00:00,3473.0
2017-06-03 20:00:00,3419.0
2017-06-03 21:00:00,3389.0
2017-06-03 22:00:00,3048.0
2017-06-03 23:00:00,3174.0
2017-06-04 00:00:00,3360.0
2017-06-04 01:00:00,3453.0
2017-06-04 02:00:00,3289.0
2017-06-04 03:00:00,3125.0
2017-06-04 04:00:00,2982.0
2017-06-04 05:00:00,2925.0
2017-06-04 06:00:00,2730.0
2017-06-04 07:00:00,2732.0
2017-06-04 08:00:00,2693.0
2017-06-04 09:00:00,2781.0
2017-06-04 10:00:00,3208.0
2017-06-04 11:00:00,3491.0
2017-06-04 12:00:00,3452.0
2017-06-04 13:00:00,3407.0
2017-06-04 14:00:00,3700.0
2017-06-04 15:00:00,3467.0
2017-06-04 16:00:00,3409.0
2017-06-04 17:00:00,3461.0
2017-06-04 18:00:00,3503.0
2017-06-04 19:00:00,3521.0
2017-06-04 20:00:00,3375.0
2017-06-04 21:00:00,3354.0
2017-06-04 22:00:00,3067.0
2017-06-04 23:00:00,3173.0
2017-06-05 00:00:00,3446.0
2017-06-05 01:00:00,3596.0
2017-06-05 02:00:00,3441.0
2017-06-05 03:00:00,3231.0
2017-06-05 04:00:00,3054.0
2017-06-05 05:00:00,2894.0
2017-06-05 06:00:00,2720.0
2017-06-05 07:00:00,2690.0
2017-06-05 08:00:00,2717.0
2017-06-05 09:00:00,2905.0
2017-06-05 10:00:00,3149.0
2017-06-05 11:00:00,3454.0
2017-06-05 12:00:00,3275.0
2017-06-05 13:00:00,3254.0
2017-06-05 14:00:00,3391.0
2017-06-05 15:00:00,3326.0
2017-06-05 16:00:00,3290.0
2017-06-05 17:00:00,3413.0
2017-06-05 18:00:00,3346.0
2017-06-05 19:00:00,3354.0
2017-06-05 20:00:00,3291.0
2017-06-05 21:00:00,3103.0
2017-06-05 22:00:00,2896.0
2017-06-05 23:00:00,3196.0
2017-06-06 00:00:00,3229.0
2017-06-06 01:00:00,3293.0
2017-06-06 02:00:00,3286.0
2017-06-06 03:00:00,3092.0
2017-06-06 04:00:00,2928.0
2017-06-06 05:00:00,2849.0
2017-06-06 06:00:00,2776.0
2017-06-06 07:00:00,2724.0
2017-06-06 08:00:00,2912.0
2017-06-06 09:00:00,2824.0
2017-06-06 10:00:00,3107.0
2017-06-06 11:00:00,3447.0
2017-06-06 12:00:00,3544.0
2017-06-06 13:00:00,3527.0
2017-06-06 14:00:00,3542.0
2017-06-06 15:00:00,3502.0
2017-06-06 16:00:00,3208.0
2017-06-06 17:00:00,3573.0
2017-06-06 18:00:00,3540.0
2017-06-06 19:00:00,3521.0
2017-06-06 20:00:00,3585.0
2017-06-06 21:00:00,3557.0
2017-06-06 22:00:00,3104.0
2017-06-06 23:00:00,3283.0
2017-06-07 00:00:00,3491.0
2017-06-07 01:00:00,3576.0
2017-06-07 02:00:00,3534.0
2017-06-07 03:00:00,3356.0
2017-06-07 04:00:00,3023.0
2017-06-07 05:00:00,3014.0
2017-06-07 06:00:00,2939.0
2017-06-07 07:00:00,2904.0
2017-06-07 08:00:00,3033.0
2017-06-07 09:00:00,3055.0
2017-06-07 10:00:00,3258.0
2017-06-07 11:00:00,3590.0
2017-06-07 12:00:00,2904.0
2017-06-07 13:00:00,3682.0
2017-06-07 14:00:00,3640.0
2017-06-07 15:00:00,3605.0
2017-06-07 16:00:00,3384.0
2017-06-07 17:00:00,3532.0
2017-06-07 18:00:00,3657.0
2017-06-07 19:00:00,3595.0
2017-06-07 20:00:00,3652.0
2017-06-07 21:00:00,3542.0
2017-06-07 22:00:00,3179.0
2017-06-07 23:00:00,3442.0
2017-06-08 00:00:00,3515.0
2017-06-08 01:00:00,3588.0
2017-06-08 02:00:00,3514.0
2017-06-08 03:00:00,3258.0
2017-06-08 04:00:00,2980.0
2017-06-08 05:00:00,2929.0
2017-06-08 06:00:00,2825.0
2017-06-08 07:00:00,2603.0
2017-06-08 08:00:00,2703.0
2017-06-08 09:00:00,2751.0
2017-06-08 10:00:00,2629.0
2017-06-08 11:00:00,2665.0
2017-06-08 12:00:00,2627.0
2017-06-08 13:00:00,2661.0
2017-06-08 14:00:00,2724.0
2017-06-08 15:00:00,2650.0
2017-06-08 16:00:00,2653.0
2017-06-08 17:00:00,2767.0
2017-06-08 18:00:00,2776.0
2017-06-08 19:00:00,2800.0
2017-06-08 20:00:00,2809.0
2017-06-08 21:00:00,2828.0
2017-06-08 22:00:00,2762.0
2017-06-08 23:00:00,2967.0
2017-06-09 00:00:00,3071.0
2017-06-09 01:00:00,3146.0
2017-06-09 02:00:00,2990.0
2017-06-09 03:00:00,2849.0
2017-06-09 04:00:00,2734.0
2017-06-09 05:00:00,2699.0
2017-06-09 06:00:00,2561.0
2017-06-09 07:00:00,2541.0
2017-06-09 08:00:00,2587.0
2017-06-09 09:00:00,2589.0
2017-06-09 10:00:00,2408.0
2017-06-09 11:00:00,2499.0
2017-06-09 12:00:00,2394.0
2017-06-09 13:00:00,2377.0
2017-06-09 14:00:00,2603.0
2017-06-09 15:00:00,2565.0
2017-06-09 16:00:00,2439.0
2017-06-09 17:00:00,2506.0
2017-06-09 18:00:00,2484.0
2017-06-09 19:00:00,2551.0
2017-06-09 20:00:00,2701.0
2017-06-09 21:00:00,2647.0
2017-06-09 22:00:00,2572.0
2017-06-09 23:00:00,2576.0
2017-06-10 00:00:00,2577.0
2017-06-10 01:00:00,2599.0
2017-06-10 02:00:00,2590.0
2017-06-10 03:00:00,2499.0
2017-06-10 04:00:00,2419.0
2017-06-10 05:00:00,2488.0
2017-06-10 06:00:00,2475.0
2017-06-10 07:00:00,2442.0
2017-06-10 08:00:00,2614.0
2017-06-10 09:00:00,2811.0
2017-06-10 10:00:00,2918.0
2017-06-10 11:00:00,3279.0
2017-06-10 12:00:00,3322.0
2017-06-10 13:00:00,3359.0
2017-06-10 14:00:00,3409.0
2017-06-10 15:00:00,3489.0
2017-06-10 16:00:00,3309.0
2017-06-10 17:00:00,3558.0
2017-06-10 18:00:00,3473.0
2017-06-10 19:00:00,3414.0
2017-06-10 20:00:00,3337.0
2017-06-10 21:00:00,3234.0
2017-06-10 22:00:00,2993.0
2017-06-10 23:00:00,3130.0
2017-06-11 00:00:00,3289.0
2017-06-11 01:00:00,3350.0
2017-06-11 02:00:00,3268.0
2017-06-11 03:00:00,3045.0
2017-06-11 04:00:00,2856.0
2017-06-11 05:00:00,2757.0
2017-06-11 06:00:00,2670.0
2017-06-11 07:00:00,2675.0
2017-06-11 08:00:00,2746.0
2017-06-11 09:00:00,2867.0
2017-06-11 10:00:00,3108.0
2017-06-11 11:00:00,3416.0
2017-06-11 12:00:00,3366.0
2017-06-11 13:00:00,3391.0
2017-06-11 14:00:00,3495.0
2017-06-11 15:00:00,3374.0
2017-06-11 16:00:00,3401.0
2017-06-11 17:00:00,3327.0
2017-06-11 18:00:00,3274.0
2017-06-11 19:00:00,3345.0
2017-06-11 20:00:00,3303.0
2017-06-11 21:00:00,3157.0
2017-06-11 22:00:00,2890.0
2017-06-11 23:00:00,3096.0
2017-06-12 00:00:00,3190.0
2017-06-12 01:00:00,3366.0
2017-06-12 02:00:00,3270.0
2017-06-12 03:00:00,3006.0
2017-06-12 04:00:00,2797.0
2017-06-12 05:00:00,2693.0
2017-06-12 06:00:00,2613.0
2017-06-12 07:00:00,2656.0
2017-06-12 08:00:00,2736.0
2017-06-12 09:00:00,2794.0
2017-06-12 10:00:00,3090.0
2017-06-12 11:00:00,3459.0
2017-06-12 12:00:00,3440.0
2017-06-12 13:00:00,3380.0
2017-06-12 14:00:00,3527.0
2017-06-12 15:00:00,3529.0
2017-06-12 16:00:00,3512.0
2017-06-12 17:00:00,3404.0
2017-06-12 18:00:00,3338.0
2017-06-12 19:00:00,3174.0
2017-06-12 20:00:00,3200.0
2017-06-12 21:00:00,3076.0
2017-06-12 22:00:00,3051.0
2017-06-12 23:00:00,3003.0
2017-06-13 00:00:00,3086.0
2017-06-13 01:00:00,3221.0
2017-06-13 02:00:00,3185.0
2017-06-13 03:00:00,3027.0
2017-06-13 04:00:00,2994.0
2017-06-13 05:00:00,2779.0
2017-06-13 06:00:00,2647.0
2017-06-13 07:00:00,2631.0
2017-06-13 08:00:00,2792.0
2017-06-13 09:00:00,2970.0
2017-06-13 10:00:00,3071.0
2017-06-13 11:00:00,3320.0
2017-06-13 12:00:00,3160.0
2017-06-13 13:00:00,3368.0
2017-06-13 14:00:00,3443.0
2017-06-13 15:00:00,3468.0
2017-06-13 16:00:00,3514.0
2017-06-13 17:00:00,3458.0
2017-06-13 18:00:00,3507.0
2017-06-13 19:00:00,3620.0
2017-06-13 20:00:00,3557.0
2017-06-13 21:00:00,3455.0
2017-06-13 22:00:00,3274.0
2017-06-13 23:00:00,3370.0
2017-06-14 00:00:00,3601.0
2017-06-14 01:00:00,3711.0
2017-06-14 02:00:00,3613.0
2017-06-14 03:00:00,3373.0
2017-06-14 04:00:00,3326.0
2017-06-14 05:00:00,3112.0
2017-06-14 06:00:00,2948.0
2017-06-14 07:00:00,2882.0
2017-06-14 08:00:00,3074.0
2017-06-14 09:00:00,3250.0
2017-06-14 10:00:00,3390.0
2017-06-14 11:00:00,3719.0
2017-06-14 12:00:00,3705.0
2017-06-14 13:00:00,3736.0
2017-06-14 14:00:00,3963.0
2017-06-14 15:00:00,3998.0
2017-06-14 16:00:00,3882.0
2017-06-14 17:00:00,3797.0
2017-06-14 18:00:00,3887.0
2017-06-14 19:00:00,3932.0
2017-06-14 20:00:00,3768.0
2017-06-14 21:00:00,3586.0
2017-06-14 22:00:00,3476.0
2017-06-14 23:00:00,3570.0
2017-06-15 00:00:00,3925.0
2017-06-15 01:00:00,3860.0
2017-06-15 02:00:00,3533.0
2017-06-15 03:00:00,3474.0
2017-06-15 04:00:00,3247.0
2017-06-15 05:00:00,3275.0
2017-06-15 06:00:00,3169.0
2017-06-15 07:00:00,3003.0
2017-06-15 08:00:00,2978.0
2017-06-15 09:00:00,3083.0
2017-06-15 10:00:00,3102.0
2017-06-15 11:00:00,3184.0
2017-06-15 12:00:00,3095.0
2017-06-15 13:00:00,3150.0
2017-06-15 14:00:00,3141.0
2017-06-15 15:00:00,3119.0
2017-06-15 16:00:00,3167.0
2017-06-15 17:00:00,3039.0
2017-06-15 18:00:00,3029.0
2017-06-15 19:00:00,3220.0
2017-06-15 20:00:00,3252.0
2017-06-15 21:00:00,3212.0
2017-06-15 22:00:00,3178.0
2017-06-15 23:00:00,3264.0
2017-06-16 00:00:00,3470.0
2017-06-16 01:00:00,3446.0
2017-06-16 02:00:00,3288.0
2017-06-16 03:00:00,3155.0
2017-06-16 04:00:00,3103.0
2017-06-16 05:00:00,3040.0
2017-06-16 06:00:00,2905.0
2017-06-16 07:00:00,2865.0
2017-06-16 08:00:00,2726.0
2017-06-16 09:00:00,2814.0
2017-06-16 10:00:00,2849.0
2017-06-16 11:00:00,2781.0
2017-06-16 12:00:00,2817.0
2017-06-16 13:00:00,2846.0
2017-06-16 14:00:00,2846.0
2017-06-16 15:00:00,2899.0
2017-06-16 16:00:00,2872.0
2017-06-16 17:00:00,2839.0
2017-06-16 18:00:00,2941.0
2017-06-16 19:00:00,2921.0
2017-06-16 20:00:00,2804.0
2017-06-16 21:00:00,2838.0
2017-06-16 22:00:00,2827.0
2017-06-16 23:00:00,2788.0
2017-06-17 00:00:00,2856.0
2017-06-17 01:00:00,2827.0
2017-06-17 02:00:00,2766.0
2017-06-17 03:00:00,2714.0
2017-06-17 04:00:00,2664.0
2017-06-17 05:00:00,2755.0
2017-06-17 06:00:00,2825.0
2017-06-17 07:00:00,2788.0
2017-06-17 08:00:00,2793.0
2017-06-17 09:00:00,2946.0
2017-06-17 10:00:00,3084.0
2017-06-17 11:00:00,3484.0
2017-06-17 12:00:00,3482.0
2017-06-17 13:00:00,3349.0
2017-06-17 14:00:00,3468.0
2017-06-17 15:00:00,3541.0
2017-06-17 16:00:00,3520.0
2017-06-17 17:00:00,3395.0
2017-06-17 18:00:00,3584.0
2017-06-17 19:00:00,3600.0
2017-06-17 20:00:00,3608.0
2017-06-17 21:00:00,3574.0
2017-06-17 22:00:00,3406.0
2017-06-17 23:00:00,3562.0
2017-06-18 00:00:00,3765.0
2017-06-18 01:00:00,3861.0
2017-06-18 02:00:00,3706.0
2017-06-18 03:00:00,3502.0
2017-06-18 04:00:00,3269.0
2017-06-18 05:00:00,3187.0
2017-06-18 06:00:00,3051.0
2017-06-18 07:00:00,3016.0
2017-06-18 08:00:00,2971.0
2017-06-18 09:00:00,3086.0
2017-06-18 10:00:00,3262.0
2017-06-18 11:00:00,3608.0
2017-06-18 12:00:00,3689.0
2017-06-18 13:00:00,3400.0
2017-06-18 14:00:00,3501.0
2017-06-18 15:00:00,3498.0
2017-06-18 16:00:00,3529.0
2017-06-18 17:00:00,3625.0
2017-06-18 18:00:00,3573.0
2017-06-18 19:00:00,3692.0
2017-06-18 20:00:00,3737.0
2017-06-18 21:00:00,3653.0
2017-06-18 22:00:00,3342.0
2017-06-18 23:00:00,3523.0
2017-06-19 00:00:00,3661.0
2017-06-19 01:00:00,3717.0
2017-06-19 02:00:00,3750.0
2017-06-19 03:00:00,3489.0
2017-06-19 04:00:00,3340.0
2017-06-19 05:00:00,3193.0
2017-06-19 06:00:00,3042.0
2017-06-19 07:00:00,3056.0
2017-06-19 08:00:00,3067.0
2017-06-19 09:00:00,3186.0
2017-06-19 10:00:00,3332.0
2017-06-19 11:00:00,3644.0
2017-06-19 12:00:00,3518.0
2017-06-19 13:00:00,3625.0
2017-06-19 14:00:00,3503.0
2017-06-19 15:00:00,3501.0
2017-06-19 16:00:00,3536.0
2017-06-19 17:00:00,3474.0
2017-06-19 18:00:00,3543.0
2017-06-19 19:00:00,3652.0
2017-06-19 20:00:00,3569.0
2017-06-19 21:00:00,3512.0
2017-06-19 22:00:00,3347.0
2017-06-19 23:00:00,3633.0
2017-06-20 00:00:00,3676.0
2017-06-20 01:00:00,3786.0
2017-06-20 02:00:00,3605.0
2017-06-20 03:00:00,3492.0
2017-06-20 04:00:00,3425.0
2017-06-20 05:00:00,3182.0
2017-06-20 06:00:00,3001.0
2017-06-20 07:00:00,2895.0
2017-06-20 08:00:00,2854.0
2017-06-20 09:00:00,3032.0
2017-06-20 10:00:00,3194.0
2017-06-20 11:00:00,3452.0
2017-06-20 12:00:00,3355.0
2017-06-20 13:00:00,3471.0
2017-06-20 14:00:00,3892.0
2017-06-20 15:00:00,3617.0
2017-06-20 16:00:00,3624.0
2017-06-20 17:00:00,3548.0
2017-06-20 18:00:00,3538.0
2017-06-20 19:00:00,3597.0
2017-06-20 20:00:00,3509.0
2017-06-20 21:00:00,3482.0
2017-06-20 22:00:00,3353.0
2017-06-20 23:00:00,3481.0
2017-06-21 00:00:00,3604.0
2017-06-21 01:00:00,3794.0
2017-06-21 02:00:00,3662.0
2017-06-21 03:00:00,3438.0
2017-06-21 04:00:00,3268.0
2017-06-21 05:00:00,3233.0
2017-06-21 06:00:00,3043.0
2017-06-21 07:00:00,2933.0
2017-06-21 08:00:00,2864.0
2017-06-21 09:00:00,3064.0
2017-06-21 10:00:00,3134.0
2017-06-21 11:00:00,3587.0
2017-06-21 12:00:00,3473.0
2017-06-21 13:00:00,3618.0
2017-06-21 14:00:00,3489.0
2017-06-21 15:00:00,3676.0
2017-06-21 16:00:00,3662.0
2017-06-21 17:00:00,3362.0
2017-06-21 18:00:00,3434.0
2017-06-21 19:00:00,3337.0
2017-06-21 20:00:00,3553.0
2017-06-21 21:00:00,3447.0
2017-06-21 22:00:00,3274.0
2017-06-21 23:00:00,3427.0
2017-06-22 00:00:00,3689.0
2017-06-22 01:00:00,3779.0
2017-06-22 02:00:00,3585.0
2017-06-22 03:00:00,3522.0
2017-06-22 04:00:00,3288.0
2017-06-22 05:00:00,3172.0
2017-06-22 06:00:00,2993.0
2017-06-22 07:00:00,2934.0
2017-06-22 08:00:00,2864.0
2017-06-22 09:00:00,2981.0
2017-06-22 10:00:00,3006.0
2017-06-22 11:00:00,2987.0
2017-06-22 12:00:00,2957.0
2017-06-22 13:00:00,2970.0
2017-06-22 14:00:00,2958.0
2017-06-22 15:00:00,3024.0
2017-06-22 16:00:00,2940.0
2017-06-22 17:00:00,2966.0
2017-06-22 18:00:00,3029.0
2017-06-22 19:00:00,2960.0
2017-06-22 20:00:00,2996.0
2017-06-22 21:00:00,3059.0
2017-06-22 22:00:00,3141.0
2017-06-22 23:00:00,3270.0
2017-06-23 00:00:00,3393.0
2017-06-23 01:00:00,3522.0
2017-06-23 02:00:00,3276.0
2017-06-23 03:00:00,3238.0
2017-06-23 04:00:00,3125.0
2017-06-23 05:00:00,2886.0
2017-06-23 06:00:00,2927.0
2017-06-23 07:00:00,2769.0
2017-06-23 08:00:00,2677.0
2017-06-23 09:00:00,2706.0
2017-06-23 10:00:00,2669.0
2017-06-23 11:00:00,2693.0
2017-06-23 12:00:00,2675.0
2017-06-23 13:00:00,2706.0
2017-06-23 14:00:00,2728.0
2017-06-23 15:00:00,2783.0
2017-06-23 16:00:00,2767.0
2017-06-23 17:00:00,2739.0
2017-06-23 18:00:00,2761.0
2017-06-23 19:00:00,2804.0
2017-06-23 20:00:00,2735.0
2017-06-23 21:00:00,2843.0
2017-06-23 22:00:00,2714.0
2017-06-23 23:00:00,2713.0
2017-06-24 00:00:00,2787.0
2017-06-24 01:00:00,2791.0
2017-06-24 02:00:00,2716.0
2017-06-24 03:00:00,2744.0
2017-06-24 04:00:00,2693.0
2017-06-24 05:00:00,2724.0
2017-06-24 06:00:00,2726.0
2017-06-24 07:00:00,2785.0
2017-06-24 08:00:00,2862.0
2017-06-24 09:00:00,3099.0
2017-06-24 10:00:00,3025.0
2017-06-24 11:00:00,3286.0
2017-06-24 12:00:00,3223.0
2017-06-24 13:00:00,3206.0
2017-06-24 14:00:00,3145.0
2017-06-24 15:00:00,3311.0
2017-06-24 16:00:00,3291.0
2017-06-24 17:00:00,3192.0
2017-06-24 18:00:00,3110.0
2017-06-24 19:00:00,2975.0
2017-06-24 20:00:00,2982.0
2017-06-24 21:00:00,2906.0
2017-06-24 22:00:00,2784.0
2017-06-24 23:00:00,3067.0
2017-06-25 00:00:00,3241.0
2017-06-25 01:00:00,3435.0
2017-06-25 02:00:00,3196.0
2017-06-25 03:00:00,2956.0
2017-06-25 04:00:00,2841.0
2017-06-25 05:00:00,2787.0
2017-06-25 06:00:00,2713.0
2017-06-25 07:00:00,2711.0
2017-06-25 08:00:00,2726.0
2017-06-25 09:00:00,2805.0
2017-06-25 10:00:00,2637.0
2017-06-25 11:00:00,2622.0
2017-06-25 12:00:00,2615.0
2017-06-25 13:00:00,2622.0
2017-06-25 14:00:00,2589.0
2017-06-25 15:00:00,2684.0
2017-06-25 16:00:00,2638.0
2017-06-25 17:00:00,2667.0
2017-06-25 18:00:00,2753.0
2017-06-25 19:00:00,2781.0
2017-06-25 20:00:00,2798.0
2017-06-25 21:00:00,2921.0
2017-06-25 22:00:00,2848.0
2017-06-25 23:00:00,3005.0
2017-06-26 00:00:00,3000.0
2017-06-26 01:00:00,3021.0
2017-06-26 02:00:00,2871.0
2017-06-26 03:00:00,2864.0
2017-06-26 04:00:00,2780.0
2017-06-26 05:00:00,2806.0
2017-06-26 06:00:00,2652.0
2017-06-26 07:00:00,2693.0
2017-06-26 08:00:00,2737.0
2017-06-26 09:00:00,2868.0
2017-06-26 10:00:00,3180.0
2017-06-26 11:00:00,3401.0
2017-06-26 12:00:00,3466.0
2017-06-26 13:00:00,3445.0
2017-06-26 14:00:00,3615.0
2017-06-26 15:00:00,3513.0
2017-06-26 16:00:00,3373.0
2017-06-26 17:00:00,3401.0
2017-06-26 18:00:00,3501.0
2017-06-26 19:00:00,3378.0
2017-06-26 20:00:00,3337.0
2017-06-26 21:00:00,3251.0
2017-06-26 22:00:00,3094.0
2017-06-26 23:00:00,3257.0
2017-06-27 00:00:00,3449.0
2017-06-27 01:00:00,3569.0
2017-06-27 02:00:00,3484.0
2017-06-27 03:00:00,3286.0
2017-06-27 04:00:00,3018.0
2017-06-27 05:00:00,2902.0
2017-06-27 06:00:00,2805.0
2017-06-27 07:00:00,2757.0
2017-06-27 08:00:00,2721.0
2017-06-27 09:00:00,2910.0
2017-06-27 10:00:00,3029.0
2017-06-27 11:00:00,3274.0
2017-06-27 12:00:00,3300.0
2017-06-27 13:00:00,3236.0
2017-06-27 14:00:00,3331.0
2017-06-27 15:00:00,3328.0
2017-06-27 16:00:00,3177.0
2017-06-27 17:00:00,3262.0
2017-06-27 18:00:00,3389.0
2017-06-27 19:00:00,3300.0
2017-06-27 20:00:00,3369.0
2017-06-27 21:00:00,3336.0
2017-06-27 22:00:00,3246.0
2017-06-27 23:00:00,3307.0
2017-06-28 00:00:00,3575.0
2017-06-28 01:00:00,3652.0
2017-06-28 02:00:00,3440.0
2017-06-28 03:00:00,3265.0
2017-06-28 04:00:00,2993.0
2017-06-28 05:00:00,2919.0
2017-06-28 06:00:00,2740.0
2017-06-28 07:00:00,2657.0
2017-06-28 08:00:00,2733.0
2017-06-28 09:00:00,2901.0
2017-06-28 10:00:00,2966.0
2017-06-28 11:00:00,3307.0
2017-06-28 12:00:00,3310.0
2017-06-28 13:00:00,3263.0
2017-06-28 14:00:00,3541.0
2017-06-28 15:00:00,3410.0
2017-06-28 16:00:00,3497.0
2017-06-28 17:00:00,3341.0
2017-06-28 18:00:00,3505.0
2017-06-28 19:00:00,3354.0
2017-06-28 20:00:00,3409.0
2017-06-28 21:00:00,3232.0
2017-06-28 22:00:00,3068.0
2017-06-28 23:00:00,3304.0
2017-06-29 00:00:00,3486.0
2017-06-29 01:00:00,3597.0
2017-06-29 02:00:00,3445.0
2017-06-29 03:00:00,3225.0
2017-06-29 04:00:00,3024.0
2017-06-29 05:00:00,2927.0
2017-06-29 06:00:00,2842.0
2017-06-29 07:00:00,2772.0
2017-06-29 08:00:00,2700.0
2017-06-29 09:00:00,2779.0
2017-06-29 10:00:00,2762.0
2017-06-29 11:00:00,2782.0
2017-06-29 12:00:00,2793.0
2017-06-29 13:00:00,2844.0
2017-06-29 14:00:00,2940.0
2017-06-29 15:00:00,2968.0
2017-06-29 16:00:00,3071.0
2017-06-29 17:00:00,3041.0
2017-06-29 18:00:00,3023.0
2017-06-29 19:00:00,2990.0
2017-06-29 20:00:00,2938.0
2017-06-29 21:00:00,2833.0
2017-06-29 22:00:00,2789.0
2017-06-29 23:00:00,3113.0
2017-06-30 00:00:00,3270.0
2017-06-30 01:00:00,3345.0
2017-06-30 02:00:00,3096.0
2017-06-30 03:00:00,2979.0
2017-06-30 04:00:00,2839.0
2017-06-30 05:00:00,2714.0
2017-06-30 06:00:00,2651.0
2017-06-30 07:00:00,2579.0
2017-06-30 08:00:00,2544.0
2017-06-30 09:00:00,2542.0
2017-06-30 10:00:00,2572.0
2017-06-30 11:00:00,2551.0
2017-06-30 12:00:00,2500.0
2017-06-30 13:00:00,2498.0
2017-06-30 14:00:00,2576.0
2017-06-30 15:00:00,2574.0
2017-06-30 16:00:00,2568.0
2017-06-30 17:00:00,2621.0
2017-06-30 18:00:00,2650.0
2017-06-30 19:00:00,2655.0
2017-06-30 20:00:00,2649.0
2017-06-30 21:00:00,2641.0
2017-06-30 22:00:00,2563.0
2017-06-30 23:00:00,2564.0
2017-07-01 00:00:00,2588.0
2017-07-01 01:00:00,2570.0
2017-07-01 02:00:00,2540.0
2017-07-01 03:00:00,2565.0
2017-07-01 04:00:00,2513.0
2017-07-01 05:00:00,2550.0
2017-07-01 06:00:00,2585.0
2017-07-01 07:00:00,2747.0
2017-07-01 08:00:00,2826.0
2017-07-01 09:00:00,2984.0
2017-07-01 10:00:00,2978.0
2017-07-01 11:00:00,3242.0
2017-07-01 12:00:00,3277.0
2017-07-01 13:00:00,3115.0
2017-07-01 14:00:00,3059.0
2017-07-01 15:00:00,3033.0
2017-07-01 16:00:00,3059.0
2017-07-01 17:00:00,3062.0
2017-07-01 18:00:00,2900.0
2017-07-01 19:00:00,2849.0
2017-07-01 20:00:00,2827.0
2017-07-01 21:00:00,2836.0
2017-07-01 22:00:00,2727.0
2017-07-01 23:00:00,2954.0
2017-07-02 00:00:00,3146.0
2017-07-02 01:00:00,3202.0
2017-07-02 02:00:00,2953.0
2017-07-02 03:00:00,2808.0
2017-07-02 04:00:00,2760.0
2017-07-02 05:00:00,2717.0
2017-07-02 06:00:00,2705.0
2017-07-02 07:00:00,2680.0
2017-07-02 08:00:00,2579.0
2017-07-02 09:00:00,2630.0
2017-07-02 10:00:00,2624.0
2017-07-02 11:00:00,2669.0
2017-07-02 12:00:00,2598.0
2017-07-02 13:00:00,2652.0
2017-07-02 14:00:00,2615.0
2017-07-02 15:00:00,2597.0
2017-07-02 16:00:00,2683.0
2017-07-02 17:00:00,2731.0
2017-07-02 18:00:00,2774.0
2017-07-02 19:00:00,2817.0
2017-07-02 20:00:00,2817.0
2017-07-02 21:00:00,2890.0
2017-07-02 22:00:00,2821.0
2017-07-02 23:00:00,2908.0
2017-07-03 00:00:00,3004.0
2017-07-03 01:00:00,2920.0
2017-07-03 02:00:00,2884.0
2017-07-03 03:00:00,2904.0
2017-07-03 04:00:00,2840.0
2017-07-03 05:00:00,2815.0
2017-07-03 06:00:00,2654.0
2017-07-03 07:00:00,2738.0
2017-07-03 08:00:00,2872.0
2017-07-03 09:00:00,2894.0
2017-07-03 10:00:00,3050.0
2017-07-03 11:00:00,3470.0
2017-07-03 12:00:00,3418.0
2017-07-03 13:00:00,3470.0
2017-07-03 14:00:00,3559.0
2017-07-03 15:00:00,3512.0
2017-07-03 16:00:00,3520.0
2017-07-03 17:00:00,3560.0
2017-07-03 18:00:00,3353.0
2017-07-03 19:00:00,3329.0
2017-07-03 20:00:00,3184.0
2017-07-03 21:00:00,3180.0
2017-07-03 22:00:00,3052.0
2017-07-03 23:00:00,3252.0
2017-07-04 00:00:00,3443.0
2017-07-04 01:00:00,3474.0
2017-07-04 02:00:00,3306.0
2017-07-04 03:00:00,3175.0
2017-07-04 04:00:00,3040.0
2017-07-04 05:00:00,2920.0
2017-07-04 06:00:00,2862.0
2017-07-04 07:00:00,2816.0
2017-07-04 08:00:00,2783.0
2017-07-04 09:00:00,2924.0
2017-07-04 10:00:00,3100.0
2017-07-04 11:00:00,3311.0
2017-07-04 12:00:00,3368.0
2017-07-04 13:00:00,3409.0
2017-07-04 14:00:00,3465.0
2017-07-04 15:00:00,3554.0
2017-07-04 16:00:00,3449.0
2017-07-04 17:00:00,3455.0
2017-07-04 18:00:00,3438.0
2017-07-04 19:00:00,3294.0
2017-07-04 20:00:00,3324.0
2017-07-04 21:00:00,3139.0
2017-07-04 22:00:00,3125.0
2017-07-04 23:00:00,3179.0
2017-07-05 00:00:00,3130.0
2017-07-05 01:00:00,3105.0
2017-07-05 02:00:00,2982.0
2017-07-05 03:00:00,2836.0
2017-07-05 04:00:00,2800.0
2017-07-05 05:00:00,2812.0
2017-07-05 06:00:00,2688.0
2017-07-05 07:00:00,2658.0
2017-07-05 08:00:00,2669.0
2017-07-05 09:00:00,2849.0
2017-07-05 10:00:00,3053.0
2017-07-05 11:00:00,3415.0
2017-07-05 12:00:00,3430.0
2017-07-05 13:00:00,3509.0
2017-07-05 14:00:00,3585.0
2017-07-05 15:00:00,3589.0
2017-07-05 16:00:00,3651.0
2017-07-05 17:00:00,3671.0
2017-07-05 18:00:00,3574.0
2017-07-05 19:00:00,3524.0
2017-07-05 20:00:00,3287.0
2017-07-05 21:00:00,3452.0
2017-07-05 22:00:00,3172.0
2017-07-05 23:00:00,3283.0
2017-07-06 00:00:00,3524.0
2017-07-06 01:00:00,3554.0
2017-07-06 02:00:00,3463.0
2017-07-06 03:00:00,3271.0
2017-07-06 04:00:00,3103.0
2017-07-06 05:00:00,2991.0
2017-07-06 06:00:00,2834.0
2017-07-06 07:00:00,2805.0
2017-07-06 08:00:00,2747.0
2017-07-06 09:00:00,2751.0
2017-07-06 10:00:00,2796.0
2017-07-06 11:00:00,2841.0
2017-07-06 12:00:00,2937.0
2017-07-06 13:00:00,2865.0
2017-07-06 14:00:00,2984.0
2017-07-06 15:00:00,2847.0
2017-07-06 16:00:00,2943.0
2017-07-06 17:00:00,2969.0
2017-07-06 18:00:00,2926.0
2017-07-06 19:00:00,2882.0
2017-07-06 20:00:00,2797.0
2017-07-06 21:00:00,2865.0
2017-07-06 22:00:00,2867.0
2017-07-06 23:00:00,3107.0
2017-07-07 00:00:00,3323.0
2017-07-07 01:00:00,3197.0
2017-07-07 02:00:00,3157.0
2017-07-07 03:00:00,3034.0
2017-07-07 04:00:00,2824.0
2017-07-07 05:00:00,2692.0
2017-07-07 06:00:00,2647.0
2017-07-07 07:00:00,2539.0
2017-07-07 08:00:00,2460.0
2017-07-07 09:00:00,2485.0
2017-07-07 10:00:00,2563.0
2017-07-07 11:00:00,2591.0
2017-07-07 12:00:00,2522.0
2017-07-07 13:00:00,2570.0
2017-07-07 14:00:00,2591.0
2017-07-07 15:00:00,2639.0
2017-07-07 16:00:00,2586.0
2017-07-07 17:00:00,2565.0
2017-07-07 18:00:00,2626.0
2017-07-07 19:00:00,2647.0
2017-07-07 20:00:00,2694.0
2017-07-07 21:00:00,2649.0
2017-07-07 22:00:00,2611.0
2017-07-07 23:00:00,2609.0
2017-07-08 00:00:00,2666.0
2017-07-08 01:00:00,2673.0
2017-07-08 02:00:00,2605.0
2017-07-08 03:00:00,2572.0
2017-07-08 04:00:00,2498.0
2017-07-08 05:00:00,2586.0
2017-07-08 06:00:00,2559.0
2017-07-08 07:00:00,2639.0
2017-07-08 08:00:00,2626.0
2017-07-08 09:00:00,2751.0
2017-07-08 10:00:00,2963.0
2017-07-08 11:00:00,3449.0
2017-07-08 12:00:00,3469.0
2017-07-08 13:00:00,3481.0
2017-07-08 14:00:00,3524.0
2017-07-08 15:00:00,3365.0
2017-07-08 16:00:00,3451.0
2017-07-08 17:00:00,3709.0
2017-07-08 18:00:00,3477.0
2017-07-08 19:00:00,3445.0
2017-07-08 20:00:00,3275.0
2017-07-08 21:00:00,3306.0
2017-07-08 22:00:00,3138.0
2017-07-08 23:00:00,3237.0
2017-07-09 00:00:00,3401.0
2017-07-09 01:00:00,3507.0
2017-07-09 02:00:00,3404.0
2017-07-09 03:00:00,3220.0
2017-07-09 04:00:00,3034.0
2017-07-09 05:00:00,2952.0
2017-07-09 06:00:00,2899.0
2017-07-09 07:00:00,2840.0
2017-07-09 08:00:00,2830.0
2017-07-09 09:00:00,2786.0
2017-07-09 10:00:00,3000.0
2017-07-09 11:00:00,3432.0
2017-07-09 12:00:00,3356.0
2017-07-09 13:00:00,3413.0
2017-07-09 14:00:00,3445.0
2017-07-09 15:00:00,3475.0
2017-07-09 16:00:00,3393.0
2017-07-09 17:00:00,3306.0
2017-07-09 18:00:00,3427.0
2017-07-09 19:00:00,3455.0
2017-07-09 20:00:00,3188.0
2017-07-09 21:00:00,3226.0
2017-07-09 22:00:00,3135.0
2017-07-09 23:00:00,3303.0
2017-07-10 00:00:00,3418.0
2017-07-10 01:00:00,3564.0
2017-07-10 02:00:00,3384.0
2017-07-10 03:00:00,3231.0
2017-07-10 04:00:00,2980.0
2017-07-10 05:00:00,2868.0
2017-07-10 06:00:00,2769.0
2017-07-10 07:00:00,2771.0
2017-07-10 08:00:00,2832.0
2017-07-10 09:00:00,2935.0
2017-07-10 10:00:00,3136.0
2017-07-10 11:00:00,3553.0
2017-07-10 12:00:00,3458.0
2017-07-10 13:00:00,3578.0
2017-07-10 14:00:00,3558.0
2017-07-10 15:00:00,3503.0
2017-07-10 16:00:00,3408.0
2017-07-10 17:00:00,3231.0
2017-07-10 18:00:00,3531.0
2017-07-10 19:00:00,3496.0
2017-07-10 20:00:00,3288.0
2017-07-10 21:00:00,3215.0
2017-07-10 22:00:00,3093.0
2017-07-10 23:00:00,3311.0
2017-07-11 00:00:00,3402.0
2017-07-11 01:00:00,3463.0
2017-07-11 02:00:00,3340.0
2017-07-11 03:00:00,3288.0
2017-07-11 04:00:00,3080.0
2017-07-11 05:00:00,3046.0
2017-07-11 06:00:00,3018.0
2017-07-11 07:00:00,2925.0
2017-07-11 08:00:00,2957.0
2017-07-11 09:00:00,3113.0
2017-07-11 10:00:00,3232.0
2017-07-11 11:00:00,3631.0
2017-07-11 12:00:00,3642.0
2017-07-11 13:00:00,3709.0
2017-07-11 14:00:00,3827.0
2017-07-11 15:00:00,3698.0
2017-07-11 16:00:00,3614.0
2017-07-11 17:00:00,3714.0
2017-07-11 18:00:00,3601.0
2017-07-11 19:00:00,3579.0
2017-07-11 20:00:00,3447.0
2017-07-11 21:00:00,3397.0
2017-07-11 22:00:00,3252.0
2017-07-11 23:00:00,3403.0
2017-07-12 00:00:00,3558.0
2017-07-12 01:00:00,3702.0
2017-07-12 02:00:00,3540.0
2017-07-12 03:00:00,3369.0
2017-07-12 04:00:00,3178.0
2017-07-12 05:00:00,2981.0
2017-07-12 06:00:00,2938.0
2017-07-12 07:00:00,2855.0
2017-07-12 08:00:00,2855.0
2017-07-12 09:00:00,3012.0
2017-07-12 10:00:00,3187.0
2017-07-12 11:00:00,3527.0
2017-07-12 12:00:00,3456.0
2017-07-12 13:00:00,3489.0
2017-07-12 14:00:00,3507.0
2017-07-12 15:00:00,3564.0
2017-07-12 16:00:00,3515.0
2017-07-12 17:00:00,3610.0
2017-07-12 18:00:00,3654.0
2017-07-12 19:00:00,3556.0
2017-07-12 20:00:00,3350.0
2017-07-12 21:00:00,3231.0
2017-07-12 22:00:00,3295.0
2017-07-12 23:00:00,3424.0
2017-07-13 00:00:00,3626.0
2017-07-13 01:00:00,3621.0
2017-07-13 02:00:00,3461.0
2017-07-13 03:00:00,3196.0
2017-07-13 04:00:00,3034.0
2017-07-13 05:00:00,2993.0
2017-07-13 06:00:00,2875.0
2017-07-13 07:00:00,2920.0
2017-07-13 08:00:00,2879.0
2017-07-13 09:00:00,2960.0
2017-07-13 10:00:00,3010.0
2017-07-13 11:00:00,2963.0
2017-07-13 12:00:00,2877.0
2017-07-13 13:00:00,3038.0
2017-07-13 14:00:00,2936.0
2017-07-13 15:00:00,2902.0
2017-07-13 16:00:00,2913.0
2017-07-13 17:00:00,3080.0
2017-07-13 18:00:00,3114.0
2017-07-13 19:00:00,2983.0
2017-07-13 20:00:00,2945.0
2017-07-13 21:00:00,3000.0
2017-07-13 22:00:00,2876.0
2017-07-13 23:00:00,3067.0
2017-07-14 00:00:00,3189.0
2017-07-14 01:00:00,3278.0
2017-07-14 02:00:00,3085.0
2017-07-14 03:00:00,3016.0
2017-07-14 04:00:00,2909.0
2017-07-14 05:00:00,2839.0
2017-07-14 06:00:00,2760.0
2017-07-14 07:00:00,2740.0
2017-07-14 08:00:00,2693.0
2017-07-14 09:00:00,2723.0
2017-07-14 10:00:00,2711.0
2017-07-14 11:00:00,2705.0
2017-07-14 12:00:00,2707.0
2017-07-14 13:00:00,2707.0
2017-07-14 14:00:00,2742.0
2017-07-14 15:00:00,2697.0
2017-07-14 16:00:00,2715.0
2017-07-14 17:00:00,2771.0
2017-07-14 18:00:00,2742.0
2017-07-14 19:00:00,2805.0
2017-07-14 20:00:00,2778.0
2017-07-14 21:00:00,2767.0
2017-07-14 22:00:00,2711.0
2017-07-14 23:00:00,2731.0
2017-07-15 00:00:00,2729.0
2017-07-15 01:00:00,2769.0
2017-07-15 02:00:00,2777.0
2017-07-15 03:00:00,2730.0
2017-07-15 04:00:00,2708.0
2017-07-15 05:00:00,2687.0
2017-07-15 06:00:00,2677.0
2017-07-15 07:00:00,2711.0
2017-07-15 08:00:00,2815.0
2017-07-15 09:00:00,2913.0
2017-07-15 10:00:00,3095.0
2017-07-15 11:00:00,3533.0
2017-07-15 12:00:00,3542.0
2017-07-15 13:00:00,3648.0
2017-07-15 14:00:00,3709.0
2017-07-15 15:00:00,3627.0
2017-07-15 16:00:00,3547.0
2017-07-15 17:00:00,3529.0
2017-07-15 18:00:00,3469.0
2017-07-15 19:00:00,3524.0
2017-07-15 20:00:00,3392.0
2017-07-15 21:00:00,3188.0
2017-07-15 22:00:00,3160.0
2017-07-15 23:00:00,3317.0
2017-07-16 00:00:00,3638.0
2017-07-16 01:00:00,3636.0
2017-07-16 02:00:00,3466.0
2017-07-16 03:00:00,3338.0
2017-07-16 04:00:00,3106.0
2017-07-16 05:00:00,3019.0
2017-07-16 06:00:00,2922.0
2017-07-16 07:00:00,2983.0
2017-07-16 08:00:00,2921.0
2017-07-16 09:00:00,3019.0
2017-07-16 10:00:00,3153.0
2017-07-16 11:00:00,3457.0
2017-07-16 12:00:00,3440.0
2017-07-16 13:00:00,3603.0
2017-07-16 14:00:00,3647.0
2017-07-16 15:00:00,3668.0
2017-07-16 16:00:00,3639.0
2017-07-16 17:00:00,3748.0
2017-07-16 18:00:00,3591.0
2017-07-16 19:00:00,3466.0
2017-07-16 20:00:00,3434.0
2017-07-16 21:00:00,3309.0
2017-07-16 22:00:00,3180.0
2017-07-16 23:00:00,3291.0
2017-07-17 00:00:00,3493.0
2017-07-17 01:00:00,3587.0
2017-07-17 02:00:00,3459.0
2017-07-17 03:00:00,3235.0
2017-07-17 04:00:00,3095.0
2017-07-17 05:00:00,3110.0
2017-07-17 06:00:00,2919.0
2017-07-17 07:00:00,2946.0
2017-07-17 08:00:00,2915.0
2017-07-17 09:00:00,3082.0
2017-07-17 10:00:00,3250.0
2017-07-17 11:00:00,3525.0
2017-07-17 12:00:00,3528.0
2017-07-17 13:00:00,3578.0
2017-07-17 14:00:00,3561.0
2017-07-17 15:00:00,3565.0
2017-07-17 16:00:00,3717.0
2017-07-17 17:00:00,3895.0
2017-07-17 18:00:00,3754.0
2017-07-17 19:00:00,3783.0
2017-07-17 20:00:00,3722.0
2017-07-17 21:00:00,3582.0
2017-07-17 22:00:00,3322.0
2017-07-17 23:00:00,3457.0
2017-07-18 00:00:00,3519.0
2017-07-18 01:00:00,3514.0
2017-07-18 02:00:00,3375.0
2017-07-18 03:00:00,3243.0
2017-07-18 04:00:00,3105.0
2017-07-18 05:00:00,3124.0
2017-07-18 06:00:00,2940.0
2017-07-18 07:00:00,2901.0
2017-07-18 08:00:00,3032.0
2017-07-18 09:00:00,3173.0
2017-07-18 10:00:00,3246.0
2017-07-18 11:00:00,3591.0
2017-07-18 12:00:00,3514.0
2017-07-18 13:00:00,3643.0
2017-07-18 14:00:00,3572.0
2017-07-18 15:00:00,3555.0
2017-07-18 16:00:00,3541.0
2017-07-18 17:00:00,3676.0
2017-07-18 18:00:00,3746.0
2017-07-18 19:00:00,3655.0
2017-07-18 20:00:00,3518.0
2017-07-18 21:00:00,3572.0
2017-07-18 22:00:00,3493.0
2017-07-18 23:00:00,3488.0
2017-07-19 00:00:00,3796.0
2017-07-19 01:00:00,3861.0
2017-07-19 02:00:00,3676.0
2017-07-19 03:00:00,3575.0
2017-07-19 04:00:00,3501.0
2017-07-19 05:00:00,3256.0
2017-07-19 06:00:00,3217.0
2017-07-19 07:00:00,3179.0
2017-07-19 08:00:00,3129.0
2017-07-19 09:00:00,3270.0
2017-07-19 10:00:00,3304.0
2017-07-19 11:00:00,3595.0
2017-07-19 12:00:00,3692.0
2017-07-19 13:00:00,3724.0
2017-07-19 14:00:00,3859.0
2017-07-19 15:00:00,3800.0
2017-07-19 16:00:00,3763.0
2017-07-19 17:00:00,3692.0
2017-07-19 18:00:00,3802.0
2017-07-19 19:00:00,3766.0
2017-07-19 20:00:00,3523.0
2017-07-19 21:00:00,3495.0
2017-07-19 22:00:00,3623.0
2017-07-19 23:00:00,3601.0
2017-07-20 00:00:00,3810.0
2017-07-20 01:00:00,3848.0
2017-07-20 02:00:00,4105.0
2017-07-20 03:00:00,4186.0
2017-07-20 04:00:00,4029.0
2017-07-20 05:00:00,1968.0
2017-07-20 06:00:00,3061.0
2017-07-20 07:00:00,3464.0
2017-07-20 08:00:00,3083.0
2017-07-20 09:00:00,1580.0
2017-07-20 10:00:00,2250.0
2017-07-20 11:00:00,2963.0
2017-07-20 12:00:00,2877.0
2017-07-20 13:00:00,2250.0
2017-07-20 14:00:00,2936.0
2017-07-20 15:00:00,2902.0
2017-07-20 16:00:00,2913.0
2017-07-20 17:00:00,3080.0
2017-07-20 18:00:00,3114.0
2017-07-20 19:00:00,2983.0
2017-07-20 20:00:00,2945.0
2017-07-20 21:00:00,3000.0
2017-07-20 22:00:00,2876.0
2017-07-20 23:00:00,3067.0
2017-07-21 00:00:00,3189.0
2017-07-21 01:00:00,3278.0
2017-07-21 02:00:00,2804.0
2017-07-21 03:00:00,3473.0
2017-07-21 04:00:00,3256.0
2017-07-21 05:00:00,2907.0
2017-07-21 06:00:00,2813.0
2017-07-21 07:00:00,2723.0
2017-07-21 08:00:00,2683.0
2017-07-21 09:00:00,2597.0
2017-07-21 10:00:00,2781.0
2017-07-21 11:00:00,2552.0
2017-07-21 12:00:00,2619.0
2017-07-21 13:00:00,2552.0
2017-07-21 14:00:00,2680.0
2017-07-21 15:00:00,2596.0
2017-07-21 16:00:00,2641.0
2017-07-21 17:00:00,2635.0
2017-07-21 18:00:00,2533.0
2017-07-21 19:00:00,2295.0
2017-07-21 20:00:00,2007.0
2017-07-21 21:00:00,2730.0
2017-07-21 22:00:00,2553.0
2017-07-21 23:00:00,2508.0
2017-07-22 00:00:00,2407.0
2017-07-22 01:00:00,2512.0
2017-07-22 02:00:00,2488.0
2017-07-22 03:00:00,2463.0
2017-07-22 04:00:00,2448.0
2017-07-22 05:00:00,2433.0
2017-07-22 06:00:00,2504.0
2017-07-22 07:00:00,2539.0
2017-07-22 08:00:00,2656.0
2017-07-22 09:00:00,2539.0
2017-07-22 10:00:00,2747.0
2017-07-22 11:00:00,3033.0
2017-07-22 12:00:00,3279.0
2017-07-22 13:00:00,3313.0
2017-07-22 14:00:00,3356.0
2017-07-22 15:00:00,3326.0
2017-07-22 16:00:00,3350.0
2017-07-22 17:00:00,3322.0
2017-07-22 18:00:00,3302.0
2017-07-22 19:00:00,3270.0
2017-07-22 20:00:00,3323.0
2017-07-22 21:00:00,3266.0
2017-07-22 22:00:00,3011.0
2017-07-22 23:00:00,3175.0
2017-07-23 00:00:00,3291.0
2017-07-23 01:00:00,3373.0
2017-07-23 02:00:00,3259.0
2017-07-23 03:00:00,3086.0
2017-07-23 04:00:00,2981.0
2017-07-23 05:00:00,2902.0
2017-07-23 06:00:00,2840.0
2017-07-23 07:00:00,2818.0
2017-07-23 08:00:00,2799.0
2017-07-23 09:00:00,2971.0
2017-07-23 10:00:00,3126.0
2017-07-23 11:00:00,3299.0
2017-07-23 12:00:00,3460.0
2017-07-23 13:00:00,3618.0
2017-07-23 14:00:00,3482.0
2017-07-23 15:00:00,3483.0
2017-07-23 16:00:00,3288.0
2017-07-23 17:00:00,3590.0
2017-07-23 18:00:00,3509.0
2017-07-23 19:00:00,3497.0
2017-07-23 20:00:00,3346.0
2017-07-23 21:00:00,3088.0
2017-07-23 22:00:00,2930.0
2017-07-23 23:00:00,3120.0
2017-07-24 00:00:00,3192.0
2017-07-24 01:00:00,3136.0
2017-07-24 02:00:00,3337.0
2017-07-24 03:00:00,3000.0
2017-07-24 04:00:00,2897.0
2017-07-24 05:00:00,2717.0
2017-07-24 06:00:00,2606.0
2017-07-24 07:00:00,2565.0
2017-07-24 08:00:00,2722.0
2017-07-24 09:00:00,2758.0
2017-07-24 10:00:00,2885.0
2017-07-24 11:00:00,3246.0
2017-07-24 12:00:00,3447.0
2017-07-24 13:00:00,3511.0
2017-07-24 14:00:00,3647.0
2017-07-24 15:00:00,3670.0
2017-07-24 16:00:00,3625.0
2017-07-24 17:00:00,3593.0
2017-07-24 18:00:00,3463.0
2017-07-24 19:00:00,3634.0
2017-07-24 20:00:00,3469.0
2017-07-24 21:00:00,3367.0
2017-07-24 22:00:00,3243.0
2017-07-24 23:00:00,3360.0
2017-07-25 00:00:00,3380.0
2017-07-25 01:00:00,3392.0
2017-07-25 02:00:00,3380.0
2017-07-25 03:00:00,3188.0
2017-07-25 04:00:00,2954.0
2017-07-25 05:00:00,2922.0
2017-07-25 06:00:00,2781.0
2017-07-25 07:00:00,2713.0
2017-07-25 08:00:00,2859.0
2017-07-25 09:00:00,2989.0
2017-07-25 10:00:00,3125.0
2017-07-25 11:00:00,3491.0
2017-07-25 12:00:00,3527.0
2017-07-25 13:00:00,3553.0
2017-07-25 14:00:00,3671.0
2017-07-25 15:00:00,3533.0
2017-07-25 16:00:00,3295.0
2017-07-25 17:00:00,3323.0
2017-07-25 18:00:00,3436.0
2017-07-25 19:00:00,3488.0
2017-07-25 20:00:00,3217.0
2017-07-25 21:00:00,3363.0
2017-07-25 22:00:00,3219.0
2017-07-25 23:00:00,3423.0
2017-07-26 00:00:00,3506.0
2017-07-26 01:00:00,3562.0
2017-07-26 02:00:00,3269.0
2017-07-26 03:00:00,3190.0
2017-07-26 04:00:00,3069.0
2017-07-26 05:00:00,2988.0
2017-07-26 06:00:00,2877.0
2017-07-26 07:00:00,2842.0
2017-07-26 08:00:00,2876.0
2017-07-26 09:00:00,2930.0
2017-07-26 10:00:00,3193.0
2017-07-26 11:00:00,3490.0
2017-07-26 12:00:00,3473.0
2017-07-26 13:00:00,3533.0
2017-07-26 14:00:00,3571.0
2017-07-26 15:00:00,3668.0
2017-07-26 16:00:00,3494.0
2017-07-26 17:00:00,3743.0
2017-07-26 18:00:00,3768.0
2017-07-26 19:00:00,3534.0
2017-07-26 20:00:00,3380.0
2017-07-26 21:00:00,3333.0
2017-07-26 22:00:00,3370.0
2017-07-26 23:00:00,3274.0
2017-07-27 00:00:00,3425.0
2017-07-27 01:00:00,3438.0
2017-07-27 02:00:00,3302.0
2017-07-27 03:00:00,3189.0
2017-07-27 04:00:00,3052.0
2017-07-27 05:00:00,2992.0
2017-07-27 06:00:00,2953.0
2017-07-27 07:00:00,2799.0
2017-07-27 08:00:00,2726.0
2017-07-27 09:00:00,2833.0
2017-07-27 10:00:00,2753.0
2017-07-27 11:00:00,2777.0
2017-07-27 12:00:00,2775.0
2017-07-27 13:00:00,2831.0
2017-07-27 14:00:00,2898.0
2017-07-27 15:00:00,2910.0
2017-07-27 16:00:00,2910.0
2017-07-27 17:00:00,2908.0
2017-07-27 18:00:00,2874.0
2017-07-27 19:00:00,2968.0
2017-07-27 20:00:00,2803.0
2017-07-27 21:00:00,2918.0
2017-07-27 22:00:00,2772.0
2017-07-27 23:00:00,3006.0
2017-07-28 00:00:00,3081.0
2017-07-28 01:00:00,2998.0
2017-07-28 02:00:00,2860.0
2017-07-28 03:00:00,2753.0
2017-07-28 04:00:00,2760.0
2017-07-28 05:00:00,2635.0
2017-07-28 06:00:00,2608.0
2017-07-28 07:00:00,2604.0
2017-07-28 08:00:00,2535.0
2017-07-28 09:00:00,2501.0
2017-07-28 10:00:00,2499.0
2017-07-28 11:00:00,2554.0
2017-07-28 12:00:00,2496.0
2017-07-28 13:00:00,2587.0
2017-07-28 14:00:00,2542.0
2017-07-28 15:00:00,2563.0
2017-07-28 16:00:00,2604.0
2017-07-28 17:00:00,2685.0
2017-07-28 18:00:00,2546.0
2017-07-28 19:00:00,2573.0
2017-07-28 20:00:00,2534.0
2017-07-28 21:00:00,2543.0
2017-07-28 22:00:00,2509.0
2017-07-28 23:00:00,2538.0
2017-07-29 00:00:00,2534.0
2017-07-29 01:00:00,2512.0
2017-07-29 02:00:00,2503.0
2017-07-29 03:00:00,2452.0
2017-07-29 04:00:00,2432.0
2017-07-29 05:00:00,2463.0
2017-07-29 06:00:00,2414.0
2017-07-29 07:00:00,2419.0
2017-07-29 08:00:00,2485.0
2017-07-29 09:00:00,2650.0
2017-07-29 10:00:00,2953.0
2017-07-29 11:00:00,3378.0
2017-07-29 12:00:00,3498.0
2017-07-29 13:00:00,3501.0
2017-07-29 14:00:00,3703.0
2017-07-29 15:00:00,3482.0
2017-07-29 16:00:00,3529.0
2017-07-29 17:00:00,3526.0
2017-07-29 18:00:00,3586.0
2017-07-29 19:00:00,3384.0
2017-07-29 20:00:00,3267.0
2017-07-29 21:00:00,3165.0
2017-07-29 22:00:00,3016.0
2017-07-29 23:00:00,3209.0
2017-07-30 00:00:00,3463.0
2017-07-30 01:00:00,3392.0
2017-07-30 02:00:00,3181.0
2017-07-30 03:00:00,3002.0
2017-07-30 04:00:00,2775.0
2017-07-30 05:00:00,2717.0
2017-07-30 06:00:00,2691.0
2017-07-30 07:00:00,2610.0
2017-07-30 08:00:00,2594.0
2017-07-30 09:00:00,2761.0
2017-07-30 10:00:00,2982.0
2017-07-30 11:00:00,3445.0
2017-07-30 12:00:00,3577.0
2017-07-30 13:00:00,3525.0
2017-07-30 14:00:00,3546.0
2017-07-30 15:00:00,3327.0
2017-07-30 16:00:00,3372.0
2017-07-30 17:00:00,3668.0
2017-07-30 18:00:00,3777.0
2017-07-30 19:00:00,3535.0
2017-07-30 20:00:00,3290.0
2017-07-30 21:00:00,3235.0
2017-07-30 22:00:00,3178.0
2017-07-30 23:00:00,3251.0
2017-07-31 00:00:00,3423.0
2017-07-31 01:00:00,3363.0
2017-07-31 02:00:00,3212.0
2017-07-31 03:00:00,3006.0
2017-07-31 04:00:00,2828.0
2017-07-31 05:00:00,2732.0
2017-07-31 06:00:00,2617.0
2017-07-31 07:00:00,2547.0
2017-07-31 08:00:00,2719.0
2017-07-31 09:00:00,2714.0
2017-07-31 10:00:00,2970.0
2017-07-31 11:00:00,3254.0
2017-07-31 12:00:00,3373.0
2017-07-31 13:00:00,3474.0
2017-07-31 14:00:00,3534.0
2017-07-31 15:00:00,3492.0
2017-07-31 16:00:00,3310.0
2017-07-31 17:00:00,3425.0
2017-07-31 18:00:00,3334.0
2017-07-31 19:00:00,3391.0
2017-07-31 20:00:00,3205.0
2017-07-31 21:00:00,3265.0
2017-07-31 22:00:00,3202.0
2017-07-31 23:00:00,3349.0
2017-08-01 00:00:00,3465.0
2017-08-01 01:00:00,3240.0
2017-08-01 02:00:00,3088.0
2017-08-01 03:00:00,2927.0
2017-08-01 04:00:00,2829.0
2017-08-01 05:00:00,2707.0
2017-08-01 06:00:00,2698.0
2017-08-01 07:00:00,2617.0
2017-08-01 08:00:00,2714.0
2017-08-01 09:00:00,2770.0
2017-08-01 10:00:00,2933.0
2017-08-01 11:00:00,3341.0
2017-08-01 12:00:00,3356.0
2017-08-01 13:00:00,3399.0
2017-08-01 14:00:00,3575.0
2017-08-01 15:00:00,3428.0
2017-08-01 16:00:00,3515.0
2017-08-01 17:00:00,3475.0
2017-08-01 18:00:00,3681.0
2017-08-01 19:00:00,3630.0
2017-08-01 20:00:00,3376.0
2017-08-01 21:00:00,3353.0
2017-08-01 22:00:00,3288.0
2017-08-01 23:00:00,3398.0
2017-08-02 00:00:00,3599.0
2017-08-02 01:00:00,3513.0
2017-08-02 02:00:00,3283.0
2017-08-02 03:00:00,3099.0
2017-08-02 04:00:00,2840.0
2017-08-02 05:00:00,2790.0
2017-08-02 06:00:00,2708.0
2017-08-02 07:00:00,2648.0
2017-08-02 08:00:00,2626.0
2017-08-02 09:00:00,2670.0
2017-08-02 10:00:00,3006.0
2017-08-02 11:00:00,3371.0
2017-08-02 12:00:00,3236.0
2017-08-02 13:00:00,3237.0
2017-08-02 14:00:00,3536.0
2017-08-02 15:00:00,3463.0
2017-08-02 16:00:00,3429.0
2017-08-02 17:00:00,3383.0
2017-08-02 18:00:00,3544.0
2017-08-02 19:00:00,3622.0
2017-08-02 20:00:00,3413.0
2017-08-02 21:00:00,3319.0
2017-08-02 22:00:00,3476.0
2017-08-02 23:00:00,3595.0
2017-08-03 00:00:00,3671.0
2017-08-03 01:00:00,3618.0
2017-08-03 02:00:00,3340.0
2017-08-03 03:00:00,3218.0
2017-08-03 04:00:00,2963.0
2017-08-03 05:00:00,2893.0
2017-08-03 06:00:00,2785.0
2017-08-03 07:00:00,2702.0
2017-08-03 08:00:00,2715.0
2017-08-03 09:00:00,2776.0
2017-08-03 10:00:00,2723.0
2017-08-03 11:00:00,2823.0
2017-08-03 12:00:00,2775.0
2017-08-03 13:00:00,2786.0
2017-08-03 14:00:00,2912.0
2017-08-03 15:00:00,2785.0
2017-08-03 16:00:00,2754.0
2017-08-03 17:00:00,2861.0
2017-08-03 18:00:00,2812.0
2017-08-03 19:00:00,2820.0
2017-08-03 20:00:00,2810.0
2017-08-03 21:00:00,2711.0
2017-08-03 22:00:00,2572.0
2017-08-03 23:00:00,2871.0
2017-08-04 00:00:00,2985.0
2017-08-04 01:00:00,2976.0
2017-08-04 02:00:00,2826.0
2017-08-04 03:00:00,2704.0
2017-08-04 04:00:00,2629.0
2017-08-04 05:00:00,2428.0
2017-08-04 06:00:00,2457.0
2017-08-04 07:00:00,2493.0
2017-08-04 08:00:00,2457.0
2017-08-04 09:00:00,2388.0
2017-08-04 10:00:00,2398.0
2017-08-04 11:00:00,2376.0
2017-08-04 12:00:00,2459.0
2017-08-04 13:00:00,2543.0
2017-08-04 14:00:00,2510.0
2017-08-04 15:00:00,2459.0
2017-08-04 16:00:00,2575.0
2017-08-04 17:00:00,2537.0
2017-08-04 18:00:00,2586.0
2017-08-04 19:00:00,2476.0
2017-08-04 20:00:00,2523.0
2017-08-04 21:00:00,2521.0
2017-08-04 22:00:00,2486.0
2017-08-04 23:00:00,2431.0
2017-08-05 00:00:00,2509.0
2017-08-05 01:00:00,2460.0
2017-08-05 02:00:00,2478.0
2017-08-05 03:00:00,2361.0
2017-08-05 04:00:00,2421.0
2017-08-05 05:00:00,2397.0
2017-08-05 06:00:00,2423.0
2017-08-05 07:00:00,2384.0
2017-08-05 08:00:00,2535.0
2017-08-05 09:00:00,2499.0
2017-08-05 10:00:00,2955.0
2017-08-05 11:00:00,3266.0
2017-08-05 12:00:00,3390.0
2017-08-05 13:00:00,3335.0
2017-08-05 14:00:00,3545.0
2017-08-05 15:00:00,3619.0
2017-08-05 16:00:00,3554.0
2017-08-05 17:00:00,3501.0
2017-08-05 18:00:00,3448.0
2017-08-05 19:00:00,3578.0
2017-08-05 20:00:00,3370.0
2017-08-05 21:00:00,3375.0
2017-08-05 22:00:00,3177.0
2017-08-05 23:00:00,3247.0
2017-08-06 00:00:00,3503.0
2017-08-06 01:00:00,3418.0
2017-08-06 02:00:00,3160.0
2017-08-06 03:00:00,3095.0
2017-08-06 04:00:00,2917.0
2017-08-06 05:00:00,2888.0
2017-08-06 06:00:00,2873.0
2017-08-06 07:00:00,2621.0
2017-08-06 08:00:00,2783.0
2017-08-06 09:00:00,2873.0
2017-08-06 10:00:00,2994.0
2017-08-06 11:00:00,3461.0
2017-08-06 12:00:00,3447.0
2017-08-06 13:00:00,3444.0
2017-08-06 14:00:00,3587.0
2017-08-06 15:00:00,3477.0
2017-08-06 16:00:00,3410.0
2017-08-06 17:00:00,3500.0
2017-08-06 18:00:00,3657.0
2017-08-06 19:00:00,3426.0
2017-08-06 20:00:00,3340.0
2017-08-06 21:00:00,3288.0
2017-08-06 22:00:00,3147.0
2017-08-06 23:00:00,3320.0
2017-08-07 00:00:00,3552.0
2017-08-07 01:00:00,3506.0
2017-08-07 02:00:00,3417.0
2017-08-07 03:00:00,3194.0
2017-08-07 04:00:00,2965.0
2017-08-07 05:00:00,2763.0
2017-08-07 06:00:00,2728.0
2017-08-07 07:00:00,2653.0
2017-08-07 08:00:00,2706.0
2017-08-07 09:00:00,2896.0
2017-08-07 10:00:00,3059.0
2017-08-07 11:00:00,3325.0
2017-08-07 12:00:00,3529.0
2017-08-07 13:00:00,3490.0
2017-08-07 14:00:00,3549.0
2017-08-07 15:00:00,3421.0
2017-08-07 16:00:00,3370.0
2017-08-07 17:00:00,3286.0
2017-08-07 18:00:00,3452.0
2017-08-07 19:00:00,3280.0
2017-08-07 20:00:00,3203.0
2017-08-07 21:00:00,3138.0
2017-08-07 22:00:00,3130.0
2017-08-07 23:00:00,3212.0
2017-08-08 00:00:00,3323.0
2017-08-08 01:00:00,3328.0
2017-08-08 02:00:00,3135.0
2017-08-08 03:00:00,2999.0
2017-08-08 04:00:00,2788.0
2017-08-08 05:00:00,2767.0
2017-08-08 06:00:00,2763.0
2017-08-08 07:00:00,2646.0
2017-08-08 08:00:00,2720.0
2017-08-08 09:00:00,2724.0
2017-08-08 10:00:00,3005.0
2017-08-08 11:00:00,3348.0
2017-08-08 12:00:00,3323.0
2017-08-08 13:00:00,3357.0
2017-08-08 14:00:00,3633.0
2017-08-08 15:00:00,3518.0
2017-08-08 16:00:00,3219.0
2017-08-08 17:00:00,3412.0
2017-08-08 18:00:00,3310.0
2017-08-08 19:00:00,3339.0
2017-08-08 20:00:00,3253.0
2017-08-08 21:00:00,3214.0
2017-08-08 22:00:00,3134.0
2017-08-08 23:00:00,3286.0
2017-08-09 00:00:00,3577.0
2017-08-09 01:00:00,3390.0
2017-08-09 02:00:00,3121.0
2017-08-09 03:00:00,2949.0
2017-08-09 04:00:00,2860.0
2017-08-09 05:00:00,2747.0
2017-08-09 06:00:00,2770.0
2017-08-09 07:00:00,2688.0
2017-08-09 08:00:00,2720.0
2017-08-09 09:00:00,2777.0
2017-08-09 10:00:00,3192.0
2017-08-09 11:00:00,3602.0
2017-08-09 12:00:00,3614.0
2017-08-09 13:00:00,3638.0
2017-08-09 14:00:00,3689.0
2017-08-09 15:00:00,3349.0
2017-08-09 16:00:00,3280.0
2017-08-09 17:00:00,3363.0
2017-08-09 18:00:00,3449.0
2017-08-09 19:00:00,3435.0
2017-08-09 20:00:00,3150.0
2017-08-09 21:00:00,3240.0
2017-08-09 22:00:00,3129.0
2017-08-09 23:00:00,3359.0
2017-08-10 00:00:00,3397.0
2017-08-10 01:00:00,3328.0
2017-08-10 02:00:00,3090.0
2017-08-10 03:00:00,2920.0
2017-08-10 04:00:00,2860.0
2017-08-10 05:00:00,2697.0
2017-08-10 06:00:00,2700.0
2017-08-10 07:00:00,2537.0
2017-08-10 08:00:00,2667.0
2017-08-10 09:00:00,2497.0
2017-08-10 10:00:00,2608.0
2017-08-10 11:00:00,2622.0
2017-08-10 12:00:00,2535.0
2017-08-10 13:00:00,2597.0
2017-08-10 14:00:00,2727.0
2017-08-10 15:00:00,2633.0
2017-08-10 16:00:00,2579.0
2017-08-10 17:00:00,2680.0
2017-08-10 18:00:00,2705.0
2017-08-10 19:00:00,2645.0
2017-08-10 20:00:00,2656.0
2017-08-10 21:00:00,2593.0
2017-08-10 22:00:00,2622.0
2017-08-10 23:00:00,2693.0
2017-08-11 00:00:00,2948.0
2017-08-11 01:00:00,2762.0
2017-08-11 02:00:00,2753.0
2017-08-11 03:00:00,2588.0
2017-08-11 04:00:00,2565.0
2017-08-11 05:00:00,2415.0
2017-08-11 06:00:00,2428.0
2017-08-11 07:00:00,2486.0
2017-08-11 08:00:00,2366.0
2017-08-11 09:00:00,2238.0
2017-08-11 10:00:00,2371.0
2017-08-11 11:00:00,2325.0
2017-08-11 12:00:00,2443.0
2017-08-11 13:00:00,2363.0
2017-08-11 14:00:00,2465.0
2017-08-11 15:00:00,2408.0
2017-08-11 16:00:00,2473.0
2017-08-11 17:00:00,2468.0
2017-08-11 18:00:00,2517.0
2017-08-11 19:00:00,2415.0
2017-08-11 20:00:00,2482.0
2017-08-11 21:00:00,2293.0
2017-08-11 22:00:00,2395.0
2017-08-11 23:00:00,2424.0
2017-08-12 00:00:00,2453.0
2017-08-12 01:00:00,2376.0
2017-08-12 02:00:00,2433.0
2017-08-12 03:00:00,2361.0
2017-08-12 04:00:00,2344.0
2017-08-12 05:00:00,2321.0
2017-08-12 06:00:00,2455.0
2017-08-12 07:00:00,2390.0
2017-08-12 08:00:00,2507.0
2017-08-12 09:00:00,2472.0
2017-08-12 10:00:00,2970.0
2017-08-12 11:00:00,3303.0
2017-08-12 12:00:00,3474.0
2017-08-12 13:00:00,3377.0
2017-08-12 14:00:00,3642.0
2017-08-12 15:00:00,3424.0
2017-08-12 16:00:00,3426.0
2017-08-12 17:00:00,3646.0
2017-08-12 18:00:00,3588.0
2017-08-12 19:00:00,3478.0
2017-08-12 20:00:00,3371.0
2017-08-12 21:00:00,3269.0
2017-08-12 22:00:00,3124.0
2017-08-12 23:00:00,3373.0
2017-08-13 00:00:00,3471.0
2017-08-13 01:00:00,3439.0
2017-08-13 02:00:00,3329.0
2017-08-13 03:00:00,3029.0
2017-08-13 04:00:00,2923.0
2017-08-13 05:00:00,2764.0
2017-08-13 06:00:00,2816.0
2017-08-13 07:00:00,2622.0
2017-08-13 08:00:00,2775.0
2017-08-13 09:00:00,2804.0
2017-08-13 10:00:00,3044.0
2017-08-13 11:00:00,3120.0
2017-08-13 12:00:00,3116.0
2017-08-13 13:00:00,3035.0
2017-08-13 14:00:00,3170.0
2017-08-13 15:00:00,3123.0
2017-08-13 16:00:00,3131.0
2017-08-13 17:00:00,3275.0
2017-08-13 18:00:00,3268.0
2017-08-13 19:00:00,3208.0
2017-08-13 20:00:00,3136.0
2017-08-13 21:00:00,3075.0
2017-08-13 22:00:00,3037.0
2017-08-13 23:00:00,3243.0
2017-08-14 00:00:00,3378.0
2017-08-14 01:00:00,3400.0
2017-08-14 02:00:00,3298.0
2017-08-14 03:00:00,3022.0
2017-08-14 04:00:00,2874.0
2017-08-14 05:00:00,2812.0
2017-08-14 06:00:00,2724.0
2017-08-14 07:00:00,2694.0
2017-08-14 08:00:00,2726.0
2017-08-14 09:00:00,2809.0
2017-08-14 10:00:00,3017.0
2017-08-14 11:00:00,3509.0
2017-08-14 12:00:00,3493.0
2017-08-14 13:00:00,3387.0
2017-08-14 14:00:00,3761.0
2017-08-14 15:00:00,3579.0
2017-08-14 16:00:00,3471.0
2017-08-14 17:00:00,3687.0
2017-08-14 18:00:00,3703.0
2017-08-14 19:00:00,3464.0
2017-08-14 20:00:00,3447.0
2017-08-14 21:00:00,3521.0
2017-08-14 22:00:00,3321.0
2017-08-14 23:00:00,3422.0
2017-08-15 00:00:00,3382.0
2017-08-15 01:00:00,3343.0
2017-08-15 02:00:00,3138.0
2017-08-15 03:00:00,2862.0
2017-08-15 04:00:00,2949.0
2017-08-15 05:00:00,2857.0
2017-08-15 06:00:00,2701.0
2017-08-15 07:00:00,2582.0
2017-08-15 08:00:00,2719.0
2017-08-15 09:00:00,2748.0
2017-08-15 10:00:00,3116.0
2017-08-15 11:00:00,3376.0
2017-08-15 12:00:00,3455.0
2017-08-15 13:00:00,3601.0
2017-08-15 14:00:00,3675.0
2017-08-15 15:00:00,3515.0
2017-08-15 16:00:00,3583.0
2017-08-15 17:00:00,3361.0
2017-08-15 18:00:00,3497.0
2017-08-15 19:00:00,3396.0
2017-08-15 20:00:00,3175.0
2017-08-15 21:00:00,3097.0
2017-08-15 22:00:00,3037.0
2017-08-15 23:00:00,3202.0
2017-08-16 00:00:00,3398.0
2017-08-16 01:00:00,3318.0
2017-08-16 02:00:00,3319.0
2017-08-16 03:00:00,2952.0
2017-08-16 04:00:00,2676.0
2017-08-16 05:00:00,2731.0
2017-08-16 06:00:00,2662.0
2017-08-16 07:00:00,2722.0
2017-08-16 08:00:00,2626.0
2017-08-16 09:00:00,2611.0
2017-08-16 10:00:00,2841.0
2017-08-16 11:00:00,3141.0
2017-08-16 12:00:00,3198.0
2017-08-16 13:00:00,3263.0
2017-08-16 14:00:00,3457.0
2017-08-16 15:00:00,3306.0
2017-08-16 16:00:00,3335.0
2017-08-16 17:00:00,3345.0
2017-08-16 18:00:00,3512.0
2017-08-16 19:00:00,3564.0
2017-08-16 20:00:00,3285.0
2017-08-16 21:00:00,3210.0
2017-08-16 22:00:00,3094.0
2017-08-16 23:00:00,3186.0
2017-08-17 00:00:00,3383.0
2017-08-17 01:00:00,3326.0
2017-08-17 02:00:00,3171.0
2017-08-17 03:00:00,3053.0
2017-08-17 04:00:00,3007.0
2017-08-17 05:00:00,2927.0
2017-08-17 06:00:00,2810.0
2017-08-17 07:00:00,2803.0
2017-08-17 08:00:00,2693.0
2017-08-17 09:00:00,2635.0
2017-08-17 10:00:00,2554.0
2017-08-17 11:00:00,2686.0
2017-08-17 12:00:00,2678.0
2017-08-17 13:00:00,2628.0
2017-08-17 14:00:00,2582.0
2017-08-17 15:00:00,2719.0
2017-08-17 16:00:00,2635.0
2017-08-17 17:00:00,2840.0
2017-08-17 18:00:00,2967.0
2017-08-17 19:00:00,2849.0
2017-08-17 20:00:00,2819.0
2017-08-17 21:00:00,3042.0
2017-08-17 22:00:00,2776.0
2017-08-17 23:00:00,2948.0
2017-08-18 00:00:00,3108.0
2017-08-18 01:00:00,3080.0
2017-08-18 02:00:00,2937.0
2017-08-18 03:00:00,2851.0
2017-08-18 04:00:00,2726.0
2017-08-18 05:00:00,2590.0
2017-08-18 06:00:00,2579.0
2017-08-18 07:00:00,2576.0
2017-08-18 08:00:00,2582.0
2017-08-18 09:00:00,2547.0
2017-08-18 10:00:00,2473.0
2017-08-18 11:00:00,2577.0
2017-08-18 12:00:00,2621.0
2017-08-18 13:00:00,2651.0
2017-08-18 14:00:00,2650.0
2017-08-18 15:00:00,2635.0
2017-08-18 16:00:00,2718.0
2017-08-18 17:00:00,2658.0
2017-08-18 18:00:00,2673.0
2017-08-18 19:00:00,2709.0
2017-08-18 20:00:00,2680.0
2017-08-18 21:00:00,2680.0
2017-08-18 22:00:00,2651.0
2017-08-18 23:00:00,2612.0
2017-08-19 00:00:00,2654.0
2017-08-19 01:00:00,2596.0
2017-08-19 02:00:00,2637.0
2017-08-19 03:00:00,2620.0
2017-08-19 04:00:00,2564.0
2017-08-19 05:00:00,2590.0
2017-08-19 06:00:00,2622.0
2017-08-19 07:00:00,2572.0
2017-08-19 08:00:00,2678.0
2017-08-19 09:00:00,2733.0
2017-08-19 10:00:00,3039.0
2017-08-19 11:00:00,3354.0
2017-08-19 12:00:00,3354.0
2017-08-19 13:00:00,3431.0
2017-08-19 14:00:00,3508.0
2017-08-19 15:00:00,3381.0
2017-08-19 16:00:00,3530.0
2017-08-19 17:00:00,3410.0
2017-08-19 18:00:00,3396.0
2017-08-19 19:00:00,3473.0
2017-08-19 20:00:00,3370.0
2017-08-19 21:00:00,3234.0
2017-08-19 22:00:00,3128.0
2017-08-19 23:00:00,3201.0
2017-08-20 00:00:00,3523.0
2017-08-20 01:00:00,3483.0
2017-08-20 02:00:00,3256.0
2017-08-20 03:00:00,3061.0
2017-08-20 04:00:00,2896.0
2017-08-20 05:00:00,2798.0
2017-08-20 06:00:00,2746.0
2017-08-20 07:00:00,2753.0
2017-08-20 08:00:00,2675.0
2017-08-20 09:00:00,2672.0
2017-08-20 10:00:00,3008.0
2017-08-20 11:00:00,3343.0
2017-08-20 12:00:00,3573.0
2017-08-20 13:00:00,3510.0
2017-08-20 14:00:00,3642.0
2017-08-20 15:00:00,3462.0
2017-08-20 16:00:00,3413.0
2017-08-20 17:00:00,3535.0
2017-08-20 18:00:00,3507.0
2017-08-20 19:00:00,3495.0
2017-08-20 20:00:00,3303.0
2017-08-20 21:00:00,3125.0
2017-08-20 22:00:00,3109.0
2017-08-20 23:00:00,3223.0
2017-08-21 00:00:00,3444.0
2017-08-21 01:00:00,3418.0
2017-08-21 02:00:00,3274.0
2017-08-21 03:00:00,3064.0
2017-08-21 04:00:00,2911.0
2017-08-21 05:00:00,2868.0
2017-08-21 06:00:00,2779.0
2017-08-21 07:00:00,2721.0
2017-08-21 08:00:00,2721.0
2017-08-21 09:00:00,2725.0
2017-08-21 10:00:00,2992.0
2017-08-21 11:00:00,3284.0
2017-08-21 12:00:00,3478.0
2017-08-21 13:00:00,3447.0
2017-08-21 14:00:00,3462.0
2017-08-21 15:00:00,3374.0
2017-08-21 16:00:00,3429.0
2017-08-21 17:00:00,3399.0
2017-08-21 18:00:00,3531.0
2017-08-21 19:00:00,3383.0
2017-08-21 20:00:00,3381.0
2017-08-21 21:00:00,3278.0
2017-08-21 22:00:00,3140.0
2017-08-21 23:00:00,3322.0
2017-08-22 00:00:00,3444.0
2017-08-22 01:00:00,3261.0
2017-08-22 02:00:00,3113.0
2017-08-22 03:00:00,2998.0
2017-08-22 04:00:00,2868.0
2017-08-22 05:00:00,2762.0
2017-08-22 06:00:00,2781.0
2017-08-22 07:00:00,2695.0
2017-08-22 08:00:00,2652.0
2017-08-22 09:00:00,2671.0
2017-08-22 10:00:00,2989.0
2017-08-22 11:00:00,3425.0
2017-08-22 12:00:00,3592.0
2017-08-22 13:00:00,3548.0
2017-08-22 14:00:00,3821.0
2017-08-22 15:00:00,3637.0
2017-08-22 16:00:00,3977.0
2017-08-22 17:00:00,3747.0
2017-08-22 18:00:00,3694.0
2017-08-22 19:00:00,3659.0
2017-08-22 20:00:00,3232.0
2017-08-22 21:00:00,3209.0
2017-08-22 22:00:00,3072.0
2017-08-22 23:00:00,3314.0
2017-08-23 00:00:00,3517.0
2017-08-23 01:00:00,3411.0
2017-08-23 02:00:00,3283.0
2017-08-23 03:00:00,2955.0
2017-08-23 04:00:00,2861.0
2017-08-23 05:00:00,2735.0
2017-08-23 06:00:00,2742.0
2017-08-23 07:00:00,2688.0
2017-08-23 08:00:00,2670.0
2017-08-23 09:00:00,2778.0
2017-08-23 10:00:00,2950.0
2017-08-23 11:00:00,3377.0
2017-08-23 12:00:00,3441.0
2017-08-23 13:00:00,3563.0
2017-08-23 14:00:00,3608.0
2017-08-23 15:00:00,3589.0
2017-08-23 16:00:00,3539.0
2017-08-23 17:00:00,3704.0
2017-08-23 18:00:00,3637.0
2017-08-23 19:00:00,3533.0
2017-08-23 20:00:00,3372.0
2017-08-23 21:00:00,3322.0
2017-08-23 22:00:00,3220.0
2017-08-23 23:00:00,3430.0
2017-08-24 00:00:00,3418.0
2017-08-24 01:00:00,3372.0
2017-08-24 02:00:00,3235.0
2017-08-24 03:00:00,3071.0
2017-08-24 04:00:00,3006.0
2017-08-24 05:00:00,2897.0
2017-08-24 06:00:00,2813.0
2017-08-24 07:00:00,2798.0
2017-08-24 08:00:00,2739.0
2017-08-24 09:00:00,2677.0
2017-08-24 10:00:00,2805.0
2017-08-24 11:00:00,2778.0
2017-08-24 12:00:00,2775.0
2017-08-24 13:00:00,2706.0
2017-08-24 14:00:00,2744.0
2017-08-24 15:00:00,2834.0
2017-08-24 16:00:00,2796.0
2017-08-24 17:00:00,2835.0
2017-08-24 18:00:00,2891.0
2017-08-24 19:00:00,2765.0
2017-08-24 20:00:00,2661.0
2017-08-24 21:00:00,2687.0
2017-08-24 22:00:00,2671.0
2017-08-24 23:00:00,2786.0
2017-08-25 00:00:00,2972.0
2017-08-25 01:00:00,2928.0
2017-08-25 02:00:00,2824.0
2017-08-25 03:00:00,2722.0
2017-08-25 04:00:00,2649.0
2017-08-25 05:00:00,2530.0
2017-08-25 06:00:00,2542.0
2017-08-25 07:00:00,2464.0
2017-08-25 08:00:00,2401.0
2017-08-25 09:00:00,2440.0
2017-08-25 10:00:00,2397.0
2017-08-25 11:00:00,2411.0
2017-08-25 12:00:00,2394.0
2017-08-25 13:00:00,2446.0
2017-08-25 14:00:00,2466.0
2017-08-25 15:00:00,2494.0
2017-08-25 16:00:00,2529.0
2017-08-25 17:00:00,2504.0
2017-08-25 18:00:00,2575.0
2017-08-25 19:00:00,2502.0
2017-08-25 20:00:00,2510.0
2017-08-25 21:00:00,2484.0
2017-08-25 22:00:00,2503.0
2017-08-25 23:00:00,2372.0
2017-08-26 00:00:00,2496.0
2017-08-26 01:00:00,2533.0
2017-08-26 02:00:00,2482.0
2017-08-26 03:00:00,2431.0
2017-08-26 04:00:00,2422.0
2017-08-26 05:00:00,2406.0
2017-08-26 06:00:00,2477.0
2017-08-26 07:00:00,2308.0
2017-08-26 08:00:00,2522.0
2017-08-26 09:00:00,2571.0
2017-08-26 10:00:00,2906.0
2017-08-26 11:00:00,3278.0
2017-08-26 12:00:00,3486.0
2017-08-26 13:00:00,3442.0
2017-08-26 14:00:00,3512.0
2017-08-26 15:00:00,3326.0
2017-08-26 16:00:00,3360.0
2017-08-26 17:00:00,3442.0
2017-08-26 18:00:00,3524.0
2017-08-26 19:00:00,3376.0
2017-08-26 20:00:00,3185.0
2017-08-26 21:00:00,3122.0
2017-08-26 22:00:00,3073.0
2017-08-26 23:00:00,3191.0
2017-08-27 00:00:00,3429.0
2017-08-27 01:00:00,3312.0
2017-08-27 02:00:00,3139.0
2017-08-27 03:00:00,2851.0
2017-08-27 04:00:00,2732.0
2017-08-27 05:00:00,2591.0
2017-08-27 06:00:00,2609.0
2017-08-27 07:00:00,2552.0
2017-08-27 08:00:00,2534.0
2017-08-27 09:00:00,2474.0
2017-08-27 10:00:00,2968.0
2017-08-27 11:00:00,3299.0
2017-08-27 12:00:00,3394.0
2017-08-27 13:00:00,3347.0
2017-08-27 14:00:00,3546.0
2017-08-27 15:00:00,3429.0
2017-08-27 16:00:00,3352.0
2017-08-27 17:00:00,3360.0
2017-08-27 18:00:00,3363.0
2017-08-27 19:00:00,3353.0
2017-08-27 20:00:00,3146.0
2017-08-27 21:00:00,3079.0
2017-08-27 22:00:00,3014.0
2017-08-27 23:00:00,3171.0
2017-08-28 00:00:00,3425.0
2017-08-28 01:00:00,3308.0
2017-08-28 02:00:00,3057.0
2017-08-28 03:00:00,2950.0
2017-08-28 04:00:00,2745.0
2017-08-28 05:00:00,2596.0
2017-08-28 06:00:00,2602.0
2017-08-28 07:00:00,2551.0
2017-08-28 08:00:00,2638.0
2017-08-28 09:00:00,2569.0
2017-08-28 10:00:00,2902.0
2017-08-28 11:00:00,3263.0
2017-08-28 12:00:00,3417.0
2017-08-28 13:00:00,3346.0
2017-08-28 14:00:00,3578.0
2017-08-28 15:00:00,3386.0
2017-08-28 16:00:00,3377.0
2017-08-28 17:00:00,3383.0
2017-08-28 18:00:00,3511.0
2017-08-28 19:00:00,3482.0
2017-08-28 20:00:00,3291.0
2017-08-28 21:00:00,3175.0
2017-08-28 22:00:00,3086.0
2017-08-28 23:00:00,3218.0
2017-08-29 00:00:00,3333.0
2017-08-29 01:00:00,3158.0
2017-08-29 02:00:00,2885.0
2017-08-29 03:00:00,2738.0
2017-08-29 04:00:00,2683.0
2017-08-29 05:00:00,2637.0
2017-08-29 06:00:00,2650.0
2017-08-29 07:00:00,2627.0
2017-08-29 08:00:00,2601.0
2017-08-29 09:00:00,2617.0
2017-08-29 10:00:00,3004.0
2017-08-29 11:00:00,3288.0
2017-08-29 12:00:00,3420.0
2017-08-29 13:00:00,3464.0
2017-08-29 14:00:00,3606.0
2017-08-29 15:00:00,3417.0
2017-08-29 16:00:00,3336.0
2017-08-29 17:00:00,3438.0
2017-08-29 18:00:00,3432.0
2017-08-29 19:00:00,3310.0
2017-08-29 20:00:00,3204.0
2017-08-29 21:00:00,3279.0
2017-08-29 22:00:00,3094.0
2017-08-29 23:00:00,3301.0
2017-08-30 00:00:00,3478.0
2017-08-30 01:00:00,3326.0
2017-08-30 02:00:00,3137.0
2017-08-30 03:00:00,3003.0
2017-08-30 04:00:00,2865.0
2017-08-30 05:00:00,2719.0
2017-08-30 06:00:00,2675.0
2017-08-30 07:00:00,2639.0
2017-08-30 08:00:00,2641.0
2017-08-30 09:00:00,2597.0
2017-08-30 10:00:00,3036.0
2017-08-30 11:00:00,3292.0
2017-08-30 12:00:00,3427.0
2017-08-30 13:00:00,3417.0
2017-08-30 14:00:00,3439.0
2017-08-30 15:00:00,3426.0
2017-08-30 16:00:00,3595.0
2017-08-30 17:00:00,3525.0
2017-08-30 18:00:00,3632.0
2017-08-30 19:00:00,3569.0
2017-08-30 20:00:00,3465.0
2017-08-30 21:00:00,3316.0
2017-08-30 22:00:00,3225.0
2017-08-30 23:00:00,3429.0
2017-08-31 00:00:00,3526.0
2017-08-31 01:00:00,3534.0
2017-08-31 02:00:00,3141.0
2017-08-31 03:00:00,2962.0
2017-08-31 04:00:00,2939.0
2017-08-31 05:00:00,2819.0
2017-08-31 06:00:00,2739.0
2017-08-31 07:00:00,2779.0
2017-08-31 08:00:00,2675.0
2017-08-31 09:00:00,2589.0
2017-08-31 10:00:00,2854.0
2017-08-31 11:00:00,2675.0
2017-08-31 12:00:00,2683.0
2017-08-31 13:00:00,2816.0
2017-08-31 14:00:00,2864.0
2017-08-31 15:00:00,2752.0
2017-08-31 16:00:00,2940.0
2017-08-31 17:00:00,2944.0
2017-08-31 18:00:00,2903.0
2017-08-31 19:00:00,2937.0
2017-08-31 20:00:00,2666.0
2017-08-31 21:00:00,2724.0
2017-08-31 22:00:00,2897.0
2017-08-31 23:00:00,2955.0
2017-09-01 00:00:00,3040.0
2017-09-01 01:00:00,3060.0
2017-09-01 02:00:00,2865.0
2017-09-01 03:00:00,2812.0
2017-09-01 04:00:00,2769.0
2017-09-01 05:00:00,2564.0
2017-09-01 06:00:00,2647.0
2017-09-01 07:00:00,2593.0
2017-09-01 08:00:00,2569.0
2017-09-01 09:00:00,2355.0
2017-09-01 10:00:00,2657.0
2017-09-01 11:00:00,2485.0
2017-09-01 12:00:00,2569.0
2017-09-01 13:00:00,2580.0
2017-09-01 14:00:00,2563.0
2017-09-01 15:00:00,2421.0
2017-09-01 16:00:00,2618.0
2017-09-01 17:00:00,2615.0
2017-09-01 18:00:00,2557.0
2017-09-01 19:00:00,2593.0
2017-09-01 20:00:00,2586.0
2017-09-01 21:00:00,2414.0
2017-09-01 22:00:00,2700.0
2017-09-01 23:00:00,2569.0
2017-09-02 00:00:00,2617.0
2017-09-02 01:00:00,2622.0
2017-09-02 02:00:00,2585.0
2017-09-02 03:00:00,2519.0
2017-09-02 04:00:00,2593.0
2017-09-02 05:00:00,2593.0
2017-09-02 06:00:00,2567.0
2017-09-02 07:00:00,2598.0
2017-09-02 08:00:00,2583.0
2017-09-02 09:00:00,2608.0
2017-09-02 10:00:00,3216.0
2017-09-02 11:00:00,3349.0
2017-09-02 12:00:00,3527.0
2017-09-02 13:00:00,3495.0
2017-09-02 14:00:00,3667.0
2017-09-02 15:00:00,3633.0
2017-09-02 16:00:00,3560.0
2017-09-02 17:00:00,3560.0
2017-09-02 18:00:00,3655.0
2017-09-02 19:00:00,3579.0
2017-09-02 20:00:00,3262.0
2017-09-02 21:00:00,3259.0
2017-09-02 22:00:00,3339.0
2017-09-02 23:00:00,3439.0
2017-09-03 00:00:00,3694.0
2017-09-03 01:00:00,3650.0
2017-09-03 02:00:00,3429.0
2017-09-03 03:00:00,3167.0
2017-09-03 04:00:00,3130.0
2017-09-03 05:00:00,2985.0
2017-09-03 06:00:00,2890.0
2017-09-03 07:00:00,2796.0
2017-09-03 08:00:00,2715.0
2017-09-03 09:00:00,2783.0
2017-09-03 10:00:00,3224.0
2017-09-03 11:00:00,3547.0
2017-09-03 12:00:00,3543.0
2017-09-03 13:00:00,3573.0
2017-09-03 14:00:00,3767.0
2017-09-03 15:00:00,3544.0
2017-09-03 16:00:00,3672.0
2017-09-03 17:00:00,3783.0
2017-09-03 18:00:00,3640.0
2017-09-03 19:00:00,3576.0
2017-09-03 20:00:00,3359.0
2017-09-03 21:00:00,3365.0
2017-09-03 22:00:00,3255.0
2017-09-03 23:00:00,3488.0
2017-09-04 00:00:00,3654.0
2017-09-04 01:00:00,3640.0
2017-09-04 02:00:00,3463.0
2017-09-04 03:00:00,3243.0
2017-09-04 04:00:00,3166.0
2017-09-04 05:00:00,2987.0
2017-09-04 06:00:00,2873.0
2017-09-04 07:00:00,2969.0
2017-09-04 08:00:00,2842.0
2017-09-04 09:00:00,2952.0
2017-09-04 10:00:00,3225.0
2017-09-04 11:00:00,3528.0
2017-09-04 12:00:00,3518.0
2017-09-04 13:00:00,3647.0
2017-09-04 14:00:00,3750.0
2017-09-04 15:00:00,3756.0
2017-09-04 16:00:00,3786.0
2017-09-04 17:00:00,3688.0
2017-09-04 18:00:00,3766.0
2017-09-04 19:00:00,3632.0
2017-09-04 20:00:00,3290.0
2017-09-04 21:00:00,3296.0
2017-09-04 22:00:00,3422.0
2017-09-04 23:00:00,3456.0
2017-09-05 00:00:00,3560.0
2017-09-05 01:00:00,3514.0
2017-09-05 02:00:00,3277.0
2017-09-05 03:00:00,3238.0
2017-09-05 04:00:00,3151.0
2017-09-05 05:00:00,3027.0
2017-09-05 06:00:00,3028.0
2017-09-05 07:00:00,2924.0
2017-09-05 08:00:00,2734.0
2017-09-05 09:00:00,2982.0
2017-09-05 10:00:00,3359.0
2017-09-05 11:00:00,3608.0
2017-09-05 12:00:00,3824.0
2017-09-05 13:00:00,3766.0
2017-09-05 14:00:00,4354.0
2017-09-05 15:00:00,3920.0
2017-09-05 16:00:00,3954.0
2017-09-05 17:00:00,3875.0
2017-09-05 18:00:00,4002.0
2017-09-05 19:00:00,3835.0
2017-09-05 20:00:00,3410.0
2017-09-05 21:00:00,3222.0
2017-09-05 22:00:00,3351.0
2017-09-05 23:00:00,3416.0
2017-09-06 00:00:00,3658.0
2017-09-06 01:00:00,3642.0
2017-09-06 02:00:00,3438.0
2017-09-06 03:00:00,3202.0
2017-09-06 04:00:00,3078.0
2017-09-06 05:00:00,2930.0
2017-09-06 06:00:00,2913.0
2017-09-06 07:00:00,2817.0
2017-09-06 08:00:00,2763.0
2017-09-06 09:00:00,2844.0
2017-09-06 10:00:00,3198.0
2017-09-06 11:00:00,3405.0
2017-09-06 12:00:00,3525.0
2017-09-06 13:00:00,3553.0
2017-09-06 14:00:00,3631.0
2017-09-06 15:00:00,3650.0
2017-09-06 16:00:00,3454.0
2017-09-06 17:00:00,3590.0
2017-09-06 18:00:00,3844.0
2017-09-06 19:00:00,3606.0
2017-09-06 20:00:00,3422.0
2017-09-06 21:00:00,3314.0
2017-09-06 22:00:00,3282.0
2017-09-06 23:00:00,3487.0
2017-09-07 00:00:00,3684.0
2017-09-07 01:00:00,3601.0
2017-09-07 02:00:00,3368.0
2017-09-07 03:00:00,3159.0
2017-09-07 04:00:00,2964.0
2017-09-07 05:00:00,2876.0
2017-09-07 06:00:00,2822.0
2017-09-07 07:00:00,2752.0
2017-09-07 08:00:00,2694.0
2017-09-07 09:00:00,2618.0
2017-09-07 10:00:00,2747.0
2017-09-07 11:00:00,2746.0
2017-09-07 12:00:00,2810.0
2017-09-07 13:00:00,2813.0
2017-09-07 14:00:00,2784.0
2017-09-07 15:00:00,2863.0
2017-09-07 16:00:00,3080.0
2017-09-07 17:00:00,3106.0
2017-09-07 18:00:00,3209.0
2017-09-07 19:00:00,3065.0
2017-09-07 20:00:00,2844.0
2017-09-07 21:00:00,2984.0
2017-09-07 22:00:00,3028.0
2017-09-07 23:00:00,2994.0
2017-09-08 00:00:00,3237.0
2017-09-08 01:00:00,3080.0
2017-09-08 02:00:00,2976.0
2017-09-08 03:00:00,2895.0
2017-09-08 04:00:00,2822.0
2017-09-08 05:00:00,2678.0
2017-09-08 06:00:00,2721.0
2017-09-08 07:00:00,2691.0
2017-09-08 08:00:00,2578.0
2017-09-08 09:00:00,2517.0
2017-09-08 10:00:00,2580.0
2017-09-08 11:00:00,2557.0
2017-09-08 12:00:00,2591.0
2017-09-08 13:00:00,2644.0
2017-09-08 14:00:00,2564.0
2017-09-08 15:00:00,2496.0
2017-09-08 16:00:00,2728.0
2017-09-08 17:00:00,2645.0
2017-09-08 18:00:00,2701.0
2017-09-08 19:00:00,2592.0
2017-09-08 20:00:00,2568.0
2017-09-08 21:00:00,2465.0
2017-09-08 22:00:00,2657.0
2017-09-08 23:00:00,2551.0
2017-09-09 00:00:00,2628.0
2017-09-09 01:00:00,2544.0
2017-09-09 02:00:00,2546.0
2017-09-09 03:00:00,2524.0
2017-09-09 04:00:00,2594.0
2017-09-09 05:00:00,2592.0
2017-09-09 06:00:00,2588.0
2017-09-09 07:00:00,2534.0
2017-09-09 08:00:00,2607.0
2017-09-09 09:00:00,2646.0
2017-09-09 10:00:00,3024.0
2017-09-09 11:00:00,3324.0
2017-09-09 12:00:00,3415.0
2017-09-09 13:00:00,3505.0
2017-09-09 14:00:00,3636.0
2017-09-09 15:00:00,3507.0
2017-09-09 16:00:00,3550.0
2017-09-09 17:00:00,3665.0
2017-09-09 18:00:00,3651.0
2017-09-09 19:00:00,3568.0
2017-09-09 20:00:00,3310.0
2017-09-09 21:00:00,3315.0
2017-09-09 22:00:00,3317.0
2017-09-09 23:00:00,3433.0
2017-09-10 00:00:00,3593.0
2017-09-10 01:00:00,3584.0
2017-09-10 02:00:00,3360.0
2017-09-10 03:00:00,3057.0
2017-09-10 04:00:00,2995.0
2017-09-10 05:00:00,2872.0
2017-09-10 06:00:00,2801.0
2017-09-10 07:00:00,2736.0
2017-09-10 08:00:00,2688.0
2017-09-10 09:00:00,2591.0
2017-09-10 10:00:00,3051.0
2017-09-10 11:00:00,3289.0
2017-09-10 12:00:00,3416.0
2017-09-10 13:00:00,3468.0
2017-09-10 14:00:00,3413.0
2017-09-10 15:00:00,3553.0
2017-09-10 16:00:00,3570.0
2017-09-10 17:00:00,3568.0
2017-09-10 18:00:00,3625.0
2017-09-10 19:00:00,3703.0
2017-09-10 20:00:00,3345.0
2017-09-10 21:00:00,3245.0
2017-09-10 22:00:00,3296.0
2017-09-10 23:00:00,3270.0
2017-09-11 00:00:00,3409.0
2017-09-11 01:00:00,3457.0
2017-09-11 02:00:00,3213.0
2017-09-11 03:00:00,3024.0
2017-09-11 04:00:00,2908.0
2017-09-11 05:00:00,2735.0
2017-09-11 06:00:00,2693.0
2017-09-11 07:00:00,2653.0
2017-09-11 08:00:00,2634.0
2017-09-11 09:00:00,2591.0
2017-09-11 10:00:00,3012.0
2017-09-11 11:00:00,3332.0
2017-09-11 12:00:00,3419.0
2017-09-11 13:00:00,3357.0
2017-09-11 14:00:00,3544.0
2017-09-11 15:00:00,3422.0
2017-09-11 16:00:00,3415.0
2017-09-11 17:00:00,3337.0
2017-09-11 18:00:00,3571.0
2017-09-11 19:00:00,3506.0
2017-09-11 20:00:00,3201.0
2017-09-11 21:00:00,3213.0
2017-09-11 22:00:00,3165.0
2017-09-11 23:00:00,3240.0
2017-09-12 00:00:00,3321.0
2017-09-12 01:00:00,3191.0
2017-09-12 02:00:00,3001.0
2017-09-12 03:00:00,2755.0
2017-09-12 04:00:00,2761.0
2017-09-12 05:00:00,2721.0
2017-09-12 06:00:00,2654.0
2017-09-12 07:00:00,2645.0
2017-09-12 08:00:00,2581.0
2017-09-12 09:00:00,2556.0
2017-09-12 10:00:00,3062.0
2017-09-12 11:00:00,3302.0
2017-09-12 12:00:00,3359.0
2017-09-12 13:00:00,3511.0
2017-09-12 14:00:00,3507.0
2017-09-12 15:00:00,3515.0
2017-09-12 16:00:00,3479.0
2017-09-12 17:00:00,3543.0
2017-09-12 18:00:00,3501.0
2017-09-12 19:00:00,3767.0
2017-09-12 20:00:00,3524.0
2017-09-12 21:00:00,3339.0
2017-09-12 22:00:00,3356.0
2017-09-12 23:00:00,3497.0
2017-09-13 00:00:00,3286.0
2017-09-13 01:00:00,3120.0
2017-09-13 02:00:00,2924.0
2017-09-13 03:00:00,2880.0
2017-09-13 04:00:00,2782.0
2017-09-13 05:00:00,2621.0
2017-09-13 06:00:00,2675.0
2017-09-13 07:00:00,2643.0
2017-09-13 08:00:00,2653.0
2017-09-13 09:00:00,2620.0
2017-09-13 10:00:00,3043.0
2017-09-13 11:00:00,3311.0
2017-09-13 12:00:00,3484.0
2017-09-13 13:00:00,3528.0
2017-09-13 14:00:00,3609.0
2017-09-13 15:00:00,3579.0
2017-09-13 16:00:00,3614.0
2017-09-13 17:00:00,3602.0
2017-09-13 18:00:00,3755.0
2017-09-13 19:00:00,4043.0
2017-09-13 20:00:00,3832.0
2017-09-13 21:00:00,3796.0
2017-09-13 22:00:00,3696.0
2017-09-13 23:00:00,3429.0
2017-09-14 00:00:00,3314.0
2017-09-14 01:00:00,3079.0
2017-09-14 02:00:00,2897.0
2017-09-14 03:00:00,2939.0
2017-09-14 04:00:00,2906.0
2017-09-14 05:00:00,2815.0
2017-09-14 06:00:00,2852.0
2017-09-14 07:00:00,2784.0
2017-09-14 08:00:00,2689.0
2017-09-14 09:00:00,2613.0
2017-09-14 10:00:00,2714.0
2017-09-14 11:00:00,2836.0
2017-09-14 12:00:00,2861.0
2017-09-14 13:00:00,2814.0
2017-09-14 14:00:00,2907.0
2017-09-14 15:00:00,2684.0
2017-09-14 16:00:00,2872.0
2017-09-14 17:00:00,3052.0
2017-09-14 18:00:00,3013.0
2017-09-14 19:00:00,3174.0
2017-09-14 20:00:00,3040.0
2017-09-14 21:00:00,2977.0
2017-09-14 22:00:00,2876.0
2017-09-14 23:00:00,3042.0
2017-09-15 00:00:00,2924.0
2017-09-15 01:00:00,3086.0
2017-09-15 02:00:00,2801.0
2017-09-15 03:00:00,2867.0
2017-09-15 04:00:00,2902.0
2017-09-15 05:00:00,2657.0
2017-09-15 06:00:00,2675.0
2017-09-15 07:00:00,2635.0
2017-09-15 08:00:00,2596.0
2017-09-15 09:00:00,2360.0
2017-09-15 10:00:00,2673.0
2017-09-15 11:00:00,2640.0
2017-09-15 12:00:00,2577.0
2017-09-15 13:00:00,2632.0
2017-09-15 14:00:00,2594.0
2017-09-15 15:00:00,2453.0
2017-09-15 16:00:00,2606.0
2017-09-15 17:00:00,2516.0
2017-09-15 18:00:00,2589.0
2017-09-15 19:00:00,2585.0
2017-09-15 20:00:00,2543.0
2017-09-15 21:00:00,2417.0
2017-09-15 22:00:00,2565.0
2017-09-15 23:00:00,2469.0
2017-09-16 00:00:00,2512.0
2017-09-16 01:00:00,2469.0
2017-09-16 02:00:00,2473.0
2017-09-16 03:00:00,2407.0
2017-09-16 04:00:00,2388.0
2017-09-16 05:00:00,2434.0
2017-09-16 06:00:00,2447.0
2017-09-16 07:00:00,2457.0
2017-09-16 08:00:00,2464.0
2017-09-16 09:00:00,2441.0
2017-09-16 10:00:00,3061.0
2017-09-16 11:00:00,3492.0
2017-09-16 12:00:00,3520.0
2017-09-16 13:00:00,3509.0
2017-09-16 14:00:00,3546.0
2017-09-16 15:00:00,3559.0
2017-09-16 16:00:00,3601.0
2017-09-16 17:00:00,3581.0
2017-09-16 18:00:00,3772.0
2017-09-16 19:00:00,3710.0
2017-09-16 20:00:00,3711.0
2017-09-16 21:00:00,3551.0
2017-09-16 22:00:00,3491.0
2017-09-16 23:00:00,3465.0
2017-09-17 00:00:00,3281.0
2017-09-17 01:00:00,3172.0
2017-09-17 02:00:00,2955.0
2017-09-17 03:00:00,2814.0
2017-09-17 04:00:00,2742.0
2017-09-17 05:00:00,2612.0
2017-09-17 06:00:00,2601.0
2017-09-17 07:00:00,2598.0
2017-09-17 08:00:00,2599.0
2017-09-17 09:00:00,2515.0
2017-09-17 10:00:00,3090.0
2017-09-17 11:00:00,3458.0
2017-09-17 12:00:00,3507.0
2017-09-17 13:00:00,3456.0
2017-09-17 14:00:00,3485.0
2017-09-17 15:00:00,3400.0
2017-09-17 16:00:00,3430.0
2017-09-17 17:00:00,3388.0
2017-09-17 18:00:00,3673.0
2017-09-17 19:00:00,3502.0
2017-09-17 20:00:00,3384.0
2017-09-17 21:00:00,2139.0
2017-09-17 22:00:00,2630.0
2017-09-17 23:00:00,3553.0
2017-09-18 00:00:00,3635.0
2017-09-18 01:00:00,3413.0
2017-09-18 02:00:00,3100.0
2017-09-18 03:00:00,2954.0
2017-09-18 04:00:00,2943.0
2017-09-18 05:00:00,2801.0
2017-09-18 06:00:00,2686.0
2017-09-18 07:00:00,2654.0
2017-09-18 08:00:00,2524.0
2017-09-18 09:00:00,2615.0
2017-09-18 10:00:00,2928.0
2017-09-18 11:00:00,3277.0
2017-09-18 12:00:00,3412.0
2017-09-18 13:00:00,3336.0
2017-09-18 14:00:00,3439.0
2017-09-18 15:00:00,3459.0
2017-09-18 16:00:00,3385.0
2017-09-18 17:00:00,3568.0
2017-09-18 18:00:00,3798.0
2017-09-18 19:00:00,3607.0
2017-09-18 20:00:00,3277.0
2017-09-18 21:00:00,3283.0
2017-09-18 22:00:00,3391.0
2017-09-18 23:00:00,3540.0
2017-09-19 00:00:00,3588.0
2017-09-19 01:00:00,3162.0
2017-09-19 02:00:00,3088.0
2017-09-19 03:00:00,2965.0
2017-09-19 04:00:00,2973.0
2017-09-19 05:00:00,2834.0
2017-09-19 06:00:00,2764.0
2017-09-19 07:00:00,2721.0
2017-09-19 08:00:00,2748.0
2017-09-19 09:00:00,2866.0
2017-09-19 10:00:00,3225.0
2017-09-19 11:00:00,3329.0
2017-09-19 12:00:00,3322.0
2017-09-19 13:00:00,3566.0
2017-09-19 14:00:00,3612.0
2017-09-19 15:00:00,3438.0
2017-09-19 16:00:00,3602.0
2017-09-19 17:00:00,3700.0
2017-09-19 18:00:00,3887.0
2017-09-19 19:00:00,3774.0
2017-09-19 20:00:00,3537.0
2017-09-19 21:00:00,3351.0
2017-09-19 22:00:00,3416.0
2017-09-19 23:00:00,3516.0
2017-09-20 00:00:00,3743.0
2017-09-20 01:00:00,3635.0
2017-09-20 02:00:00,3422.0
2017-09-20 03:00:00,3240.0
2017-09-20 04:00:00,3153.0
2017-09-20 05:00:00,3056.0
2017-09-20 06:00:00,3029.0
2017-09-20 07:00:00,3020.0
2017-09-20 08:00:00,2840.0
2017-09-20 09:00:00,2945.0
2017-09-20 10:00:00,3268.0
2017-09-20 11:00:00,3559.0
2017-09-20 12:00:00,3666.0
2017-09-20 13:00:00,3643.0
2017-09-20 14:00:00,3894.0
2017-09-20 15:00:00,3683.0
2017-09-20 16:00:00,3693.0
2017-09-20 17:00:00,3728.0
2017-09-20 18:00:00,3865.0
2017-09-20 19:00:00,3821.0
2017-09-20 20:00:00,3655.0
2017-09-20 21:00:00,3489.0
2017-09-20 22:00:00,3428.0
2017-09-20 23:00:00,3514.0
2017-09-21 00:00:00,3704.0
2017-09-21 01:00:00,3430.0
2017-09-21 02:00:00,3150.0
2017-09-21 03:00:00,2973.0
2017-09-21 04:00:00,2932.0
2017-09-21 05:00:00,2882.0
2017-09-21 06:00:00,2841.0
2017-09-21 07:00:00,2847.0
2017-09-21 08:00:00,2770.0
2017-09-21 09:00:00,2792.0
2017-09-21 10:00:00,2897.0
2017-09-21 11:00:00,2795.0
2017-09-21 12:00:00,2779.0
2017-09-21 13:00:00,2683.0
2017-09-21 14:00:00,2813.0
2017-09-21 15:00:00,2780.0
2017-09-21 16:00:00,2792.0
2017-09-21 17:00:00,3014.0
2017-09-21 18:00:00,2910.0
2017-09-21 19:00:00,2961.0
2017-09-21 20:00:00,2874.0
2017-09-21 21:00:00,2736.0
2017-09-21 22:00:00,2789.0
2017-09-21 23:00:00,3013.0
2017-09-22 00:00:00,3093.0
2017-09-22 01:00:00,3162.0
2017-09-22 02:00:00,2927.0
2017-09-22 03:00:00,2751.0
2017-09-22 04:00:00,2833.0
2017-09-22 05:00:00,2589.0
2017-09-22 06:00:00,2554.0
2017-09-22 07:00:00,2584.0
2017-09-22 08:00:00,2512.0
2017-09-22 09:00:00,2389.0
2017-09-22 10:00:00,2598.0
2017-09-22 11:00:00,2509.0
2017-09-22 12:00:00,2696.0
2017-09-22 13:00:00,2729.0
2017-09-22 14:00:00,2558.0
2017-09-22 15:00:00,2515.0
2017-09-22 16:00:00,2710.0
2017-09-22 17:00:00,2546.0
2017-09-22 18:00:00,2693.0
2017-09-22 19:00:00,2600.0
2017-09-22 20:00:00,2579.0
2017-09-22 21:00:00,2570.0
2017-09-22 22:00:00,2709.0
2017-09-22 23:00:00,2602.0
2017-09-23 00:00:00,2639.0
2017-09-23 01:00:00,2555.0
2017-09-23 02:00:00,2591.0
2017-09-23 03:00:00,2428.0
2017-09-23 04:00:00,2560.0
2017-09-23 05:00:00,2655.0
2017-09-23 06:00:00,2565.0
2017-09-23 07:00:00,2585.0
2017-09-23 08:00:00,2700.0
2017-09-23 09:00:00,2760.0
2017-09-23 10:00:00,3180.0
2017-09-23 11:00:00,3400.0
2017-09-23 12:00:00,3550.0
2017-09-23 13:00:00,3563.0
2017-09-23 14:00:00,3758.0
2017-09-23 15:00:00,3631.0
2017-09-23 16:00:00,3832.0
2017-09-23 17:00:00,3682.0
2017-09-23 18:00:00,3836.0
2017-09-23 19:00:00,3711.0
2017-09-23 20:00:00,3516.0
2017-09-23 21:00:00,3348.0
2017-09-23 22:00:00,3509.0
2017-09-23 23:00:00,3569.0
2017-09-24 00:00:00,3976.0
2017-09-24 01:00:00,3701.0
2017-09-24 02:00:00,3693.0
2017-09-24 03:00:00,3423.0
2017-09-24 04:00:00,3239.0
2017-09-24 05:00:00,3080.0
2017-09-24 06:00:00,3115.0
2017-09-24 07:00:00,3110.0
2017-09-24 08:00:00,2719.0
2017-09-24 09:00:00,2908.0
2017-09-24 10:00:00,3295.0
2017-09-24 11:00:00,3415.0
2017-09-24 12:00:00,3534.0
2017-09-24 13:00:00,3719.0
2017-09-24 14:00:00,3638.0
2017-09-24 15:00:00,3605.0
2017-09-24 16:00:00,3527.0
2017-09-24 17:00:00,3467.0
2017-09-24 18:00:00,3746.0
2017-09-24 19:00:00,3685.0
2017-09-24 20:00:00,3585.0
2017-09-24 21:00:00,3459.0
2017-09-24 22:00:00,3352.0
2017-09-24 23:00:00,3685.0
2017-09-25 00:00:00,3847.0
2017-09-25 01:00:00,3635.0
2017-09-25 02:00:00,3492.0
2017-09-25 03:00:00,3398.0
2017-09-25 04:00:00,3197.0
2017-09-25 05:00:00,3069.0
2017-09-25 06:00:00,2967.0
2017-09-25 07:00:00,2861.0
2017-09-25 08:00:00,2849.0
2017-09-25 09:00:00,2930.0
2017-09-25 10:00:00,3175.0
2017-09-25 11:00:00,3409.0
2017-09-25 12:00:00,3518.0
2017-09-25 13:00:00,3598.0
2017-09-25 14:00:00,3713.0
2017-09-25 15:00:00,3561.0
2017-09-25 16:00:00,3663.0
2017-09-25 17:00:00,3736.0
2017-09-25 18:00:00,3691.0
2017-09-25 19:00:00,3738.0
2017-09-25 20:00:00,3591.0
2017-09-25 21:00:00,3386.0
2017-09-25 22:00:00,3349.0
2017-09-25 23:00:00,3650.0
2017-09-26 00:00:00,3677.0
2017-09-26 01:00:00,3492.0
2017-09-26 02:00:00,3361.0
2017-09-26 03:00:00,3213.0
2017-09-26 04:00:00,3092.0
2017-09-26 05:00:00,2932.0
2017-09-26 06:00:00,2926.0
2017-09-26 07:00:00,2868.0
2017-09-26 08:00:00,2812.0
2017-09-26 09:00:00,2902.0
2017-09-26 10:00:00,3136.0
2017-09-26 11:00:00,3481.0
2017-09-26 12:00:00,3602.0
2017-09-26 13:00:00,3426.0
2017-09-26 14:00:00,3583.0
2017-09-26 15:00:00,3546.0
2017-09-26 16:00:00,3604.0
2017-09-26 17:00:00,3502.0
2017-09-26 18:00:00,3617.0
2017-09-26 19:00:00,3703.0
2017-09-26 20:00:00,3408.0
2017-09-26 21:00:00,3426.0
2017-09-26 22:00:00,3359.0
2017-09-26 23:00:00,3517.0
2017-09-27 00:00:00,3700.0
2017-09-27 01:00:00,3606.0
2017-09-27 02:00:00,3330.0
2017-09-27 03:00:00,3269.0
2017-09-27 04:00:00,3133.0
2017-09-27 05:00:00,3119.0
2017-09-27 06:00:00,3234.0
2017-09-27 07:00:00,3533.0
2017-09-27 08:00:00,3311.0
2017-09-27 09:00:00,2948.0
2017-09-27 10:00:00,2879.0
2017-09-27 11:00:00,3023.0
2017-09-27 12:00:00,2941.0
2017-09-27 13:00:00,3397.0
2017-09-27 14:00:00,3391.0
2017-09-27 15:00:00,3196.0
2017-09-27 16:00:00,3358.0
2017-09-27 17:00:00,3443.0
2017-09-27 18:00:00,3488.0
2017-09-27 19:00:00,3324.0
2017-09-27 20:00:00,3188.0
2017-09-27 21:00:00,3211.0
2017-09-27 22:00:00,3156.0
2017-09-27 23:00:00,3289.0
2017-09-28 00:00:00,3619.0
2017-09-28 01:00:00,3452.0
2017-09-28 02:00:00,3290.0
2017-09-28 03:00:00,3154.0
2017-09-28 04:00:00,3165.0
2017-09-28 05:00:00,2950.0
2017-09-28 06:00:00,2987.0
2017-09-28 07:00:00,2882.0
2017-09-28 08:00:00,2778.0
2017-09-28 09:00:00,2615.0
2017-09-28 10:00:00,2781.0
2017-09-28 11:00:00,2578.0
2017-09-28 12:00:00,2691.0
2017-09-28 13:00:00,2786.0
2017-09-28 14:00:00,2690.0
2017-09-28 15:00:00,2797.0
2017-09-28 16:00:00,2859.0
2017-09-28 17:00:00,2834.0
2017-09-28 18:00:00,2888.0
2017-09-28 19:00:00,2694.0
2017-09-28 20:00:00,2608.0
2017-09-28 21:00:00,2678.0
2017-09-28 22:00:00,2696.0
2017-09-28 23:00:00,2630.0
2017-09-29 00:00:00,2672.0
2017-09-29 01:00:00,2628.0
2017-09-29 02:00:00,2565.0
2017-09-29 03:00:00,0.0
2017-09-29 04:00:00,2507.0
2017-09-29 05:00:00,2522.0
2017-09-29 06:00:00,2601.0
2017-09-29 07:00:00,2546.0
2017-09-29 08:00:00,2441.0
2017-09-29 09:00:00,2513.0
2017-09-29 10:00:00,2523.0
2017-09-29 11:00:00,2483.0
2017-09-29 12:00:00,2634.0
2017-09-29 13:00:00,2556.0
2017-09-29 14:00:00,2461.0
2017-09-29 15:00:00,2599.0
2017-09-29 16:00:00,2697.0
2017-09-29 17:00:00,2716.0
2017-09-29 18:00:00,2845.0
2017-09-29 19:00:00,2701.0
2017-09-29 20:00:00,2493.0
2017-09-29 21:00:00,2592.0
2017-09-29 22:00:00,2670.0
2017-09-29 23:00:00,2646.0
2017-09-30 00:00:00,2695.0
2017-09-30 01:00:00,2580.0
2017-09-30 02:00:00,2440.0
2017-09-30 03:00:00,2533.0
2017-09-30 04:00:00,2630.0
2017-09-30 05:00:00,2487.0
2017-09-30 06:00:00,2521.0
2017-09-30 07:00:00,2519.0
2017-09-30 08:00:00,2501.0
2017-09-30 09:00:00,2661.0
2017-09-30 10:00:00,3066.0
2017-09-30 11:00:00,3378.0
2017-09-30 12:00:00,3479.0
2017-09-30 13:00:00,3617.0
2017-09-30 14:00:00,3573.0
2017-09-30 15:00:00,3717.0
2017-09-30 16:00:00,3572.0
2017-09-30 17:00:00,3554.0
2017-09-30 18:00:00,3737.0
2017-09-30 19:00:00,3637.0
2017-09-30 20:00:00,3382.0
2017-09-30 21:00:00,3274.0
2017-09-30 22:00:00,3275.0
2017-09-30 23:00:00,3432.0
2017-10-01 00:00:00,3532.0
2017-10-01 01:00:00,3525.0
2017-10-01 02:00:00,3384.0
2017-10-01 03:00:00,3221.0
2017-10-01 04:00:00,3167.0
2017-10-01 05:00:00,2903.0
2017-10-01 06:00:00,2858.0
2017-10-01 07:00:00,2795.0
2017-10-01 08:00:00,2585.0
2017-10-01 09:00:00,2726.0
2017-10-01 10:00:00,3039.0
2017-10-01 11:00:00,3395.0
2017-10-01 12:00:00,3440.0
2017-10-01 13:00:00,3447.0
2017-10-01 14:00:00,3611.0
2017-10-01 15:00:00,3598.0
2017-10-01 16:00:00,3560.0
2017-10-01 17:00:00,3594.0
2017-10-01 18:00:00,3713.0
2017-10-01 19:00:00,3675.0
2017-10-01 20:00:00,3460.0
2017-10-01 21:00:00,3282.0
2017-10-01 22:00:00,3304.0
2017-10-01 23:00:00,3309.0
2017-10-02 00:00:00,3464.0
2017-10-02 01:00:00,3392.0
2017-10-02 02:00:00,3184.0
2017-10-02 03:00:00,3143.0
2017-10-02 04:00:00,2963.0
2017-10-02 05:00:00,2869.0
2017-10-02 06:00:00,2759.0
2017-10-02 07:00:00,2600.0
2017-10-02 08:00:00,2591.0
2017-10-02 09:00:00,2678.0
2017-10-02 10:00:00,2999.0
2017-10-02 11:00:00,3508.0
2017-10-02 12:00:00,3579.0
2017-10-02 13:00:00,3533.0
2017-10-02 14:00:00,3625.0
2017-10-02 15:00:00,3472.0
2017-10-02 16:00:00,3536.0
2017-10-02 17:00:00,3553.0
2017-10-02 18:00:00,3676.0
2017-10-02 19:00:00,3488.0
2017-10-02 20:00:00,3264.0
2017-10-02 21:00:00,3290.0
2017-10-02 22:00:00,3395.0
2017-10-02 23:00:00,3363.0
2017-10-03 00:00:00,3449.0
2017-10-03 01:00:00,3371.0
2017-10-03 02:00:00,3085.0
2017-10-03 03:00:00,3049.0
2017-10-03 04:00:00,2907.0
2017-10-03 05:00:00,2815.0
2017-10-03 06:00:00,2767.0
2017-10-03 07:00:00,2641.0
2017-10-03 08:00:00,2554.0
2017-10-03 09:00:00,2676.0
2017-10-03 10:00:00,2986.0
2017-10-03 11:00:00,3445.0
2017-10-03 12:00:00,3440.0
2017-10-03 13:00:00,3520.0
2017-10-03 14:00:00,3471.0
2017-10-03 15:00:00,3410.0
2017-10-03 16:00:00,3544.0
2017-10-03 17:00:00,3584.0
2017-10-03 18:00:00,3603.0
2017-10-03 19:00:00,3394.0
2017-10-03 20:00:00,3211.0
2017-10-03 21:00:00,3258.0
2017-10-03 22:00:00,3302.0
2017-10-03 23:00:00,3433.0
2017-10-04 00:00:00,3544.0
2017-10-04 01:00:00,3408.0
2017-10-04 02:00:00,3216.0
2017-10-04 03:00:00,3166.0
2017-10-04 04:00:00,3093.0
2017-10-04 05:00:00,2882.0
2017-10-04 06:00:00,2796.0
2017-10-04 07:00:00,2667.0
2017-10-04 08:00:00,2636.0
2017-10-04 09:00:00,2795.0
2017-10-04 10:00:00,3093.0
2017-10-04 11:00:00,3362.0
2017-10-04 12:00:00,3446.0
2017-10-04 13:00:00,3412.0
2017-10-04 14:00:00,3504.0
2017-10-04 15:00:00,3460.0
2017-10-04 16:00:00,3498.0
2017-10-04 17:00:00,3516.0
2017-10-04 18:00:00,3725.0
2017-10-04 19:00:00,3495.0
2017-10-04 20:00:00,3272.0
2017-10-04 21:00:00,3230.0
2017-10-04 22:00:00,3284.0
2017-10-04 23:00:00,3327.0
2017-10-05 00:00:00,3541.0
2017-10-05 01:00:00,3339.0
2017-10-05 02:00:00,3052.0
2017-10-05 03:00:00,2993.0
2017-10-05 04:00:00,2951.0
2017-10-05 05:00:00,2843.0
2017-10-05 06:00:00,2808.0
2017-10-05 07:00:00,2745.0
2017-10-05 08:00:00,2621.0
2017-10-05 09:00:00,2595.0
2017-10-05 10:00:00,2515.0
2017-10-05 11:00:00,2707.0
2017-10-05 12:00:00,2738.0
2017-10-05 13:00:00,2797.0
2017-10-05 14:00:00,2769.0
2017-10-05 15:00:00,2678.0
2017-10-05 16:00:00,2807.0
2017-10-05 17:00:00,2947.0
2017-10-05 18:00:00,3029.0
2017-10-05 19:00:00,2814.0
2017-10-05 20:00:00,2664.0
2017-10-05 21:00:00,2775.0
2017-10-05 22:00:00,2875.0
2017-10-05 23:00:00,2828.0
2017-10-06 00:00:00,2880.0
2017-10-06 01:00:00,2960.0
2017-10-06 02:00:00,2774.0
2017-10-06 03:00:00,2721.0
2017-10-06 04:00:00,2625.0
2017-10-06 05:00:00,2510.0
2017-10-06 06:00:00,2516.0
2017-10-06 07:00:00,2528.0
2017-10-06 08:00:00,2430.0
2017-10-06 09:00:00,2385.0
2017-10-06 10:00:00,2385.0
2017-10-06 11:00:00,2410.0
2017-10-06 12:00:00,2497.0
2017-10-06 13:00:00,2534.0
2017-10-06 14:00:00,2477.0
2017-10-06 15:00:00,2436.0
2017-10-06 16:00:00,2593.0
2017-10-06 17:00:00,2574.0
2017-10-06 18:00:00,2682.0
2017-10-06 19:00:00,2621.0
2017-10-06 20:00:00,2530.0
2017-10-06 21:00:00,2520.0
2017-10-06 22:00:00,2615.0
2017-10-06 23:00:00,2524.0
2017-10-07 00:00:00,2577.0
2017-10-07 01:00:00,2600.0
2017-10-07 02:00:00,2458.0
2017-10-07 03:00:00,2489.0
2017-10-07 04:00:00,2503.0
2017-10-07 05:00:00,2478.0
2017-10-07 06:00:00,2490.0
2017-10-07 07:00:00,2480.0
2017-10-07 08:00:00,2547.0
2017-10-07 09:00:00,2664.0
2017-10-07 10:00:00,2954.0
2017-10-07 11:00:00,3269.0
2017-10-07 12:00:00,3344.0
2017-10-07 13:00:00,3505.0
2017-10-07 14:00:00,3440.0
2017-10-07 15:00:00,3536.0
2017-10-07 16:00:00,3479.0
2017-10-07 17:00:00,3620.0
2017-10-07 18:00:00,3719.0
2017-10-07 19:00:00,3580.0
2017-10-07 20:00:00,3234.0
2017-10-07 21:00:00,3294.0
2017-10-07 22:00:00,3274.0
2017-10-07 23:00:00,3348.0
2017-10-08 00:00:00,3451.0
2017-10-08 01:00:00,3374.0
2017-10-08 02:00:00,3167.0
2017-10-08 03:00:00,3129.0
2017-10-08 04:00:00,3046.0
2017-10-08 05:00:00,2836.0
2017-10-08 06:00:00,2784.0
2017-10-08 07:00:00,2647.0
2017-10-08 08:00:00,2561.0
2017-10-08 09:00:00,2775.0
2017-10-08 10:00:00,2975.0
2017-10-08 11:00:00,3461.0
2017-10-08 12:00:00,3469.0
2017-10-08 13:00:00,3586.0
2017-10-08 14:00:00,3629.0
2017-10-08 15:00:00,3713.0
2017-10-08 16:00:00,3608.0
2017-10-08 17:00:00,3611.0
2017-10-08 18:00:00,3807.0
2017-10-08 19:00:00,3649.0
2017-10-08 20:00:00,3477.0
2017-10-08 21:00:00,3316.0
2017-10-08 22:00:00,3228.0
2017-10-08 23:00:00,3404.0
2017-10-09 00:00:00,3515.0
2017-10-09 01:00:00,3507.0
2017-10-09 02:00:00,3302.0
2017-10-09 03:00:00,3294.0
2017-10-09 04:00:00,3134.0
2017-10-09 05:00:00,2985.0
2017-10-09 06:00:00,2952.0
2017-10-09 07:00:00,2770.0
2017-10-09 08:00:00,2723.0
2017-10-09 09:00:00,2900.0
2017-10-09 10:00:00,3161.0
2017-10-09 11:00:00,3515.0
2017-10-09 12:00:00,3511.0
2017-10-09 13:00:00,3609.0
2017-10-09 14:00:00,3661.0
2017-10-09 15:00:00,3669.0
2017-10-09 16:00:00,3540.0
2017-10-09 17:00:00,3725.0
2017-10-09 18:00:00,3731.0
2017-10-09 19:00:00,3730.0
2017-10-09 20:00:00,3365.0
2017-10-09 21:00:00,3371.0
2017-10-09 22:00:00,3382.0
2017-10-09 23:00:00,3514.0
2017-10-10 00:00:00,3440.0
2017-10-10 01:00:00,3410.0
2017-10-10 02:00:00,3128.0
2017-10-10 03:00:00,3091.0
2017-10-10 04:00:00,3049.0
2017-10-10 05:00:00,2975.0
2017-10-10 06:00:00,2910.0
2017-10-10 07:00:00,2807.0
2017-10-10 08:00:00,2724.0
2017-10-10 09:00:00,2785.0
2017-10-10 10:00:00,3155.0
2017-10-10 11:00:00,3434.0
2017-10-10 12:00:00,3488.0
2017-10-10 13:00:00,3534.0
2017-10-10 14:00:00,3555.0
2017-10-10 15:00:00,3503.0
2017-10-10 16:00:00,3648.0
2017-10-10 17:00:00,3709.0
2017-10-10 18:00:00,3804.0
2017-10-10 19:00:00,3756.0
2017-10-10 20:00:00,3499.0
2017-10-10 21:00:00,3477.0
2017-10-10 22:00:00,3339.0
2017-10-10 23:00:00,3384.0
2017-10-11 00:00:00,3530.0
2017-10-11 01:00:00,3417.0
2017-10-11 02:00:00,3219.0
2017-10-11 03:00:00,3226.0
2017-10-11 04:00:00,3173.0
2017-10-11 05:00:00,3018.0
2017-10-11 06:00:00,2890.0
2017-10-11 07:00:00,2792.0
2017-10-11 08:00:00,2647.0
2017-10-11 09:00:00,2788.0
2017-10-11 10:00:00,3019.0
2017-10-11 11:00:00,3342.0
2017-10-11 12:00:00,3401.0
2017-10-11 13:00:00,3480.0
2017-10-11 14:00:00,3648.0
2017-10-11 15:00:00,3624.0
2017-10-11 16:00:00,3674.0
2017-10-11 17:00:00,3705.0
2017-10-11 18:00:00,3887.0
2017-10-11 19:00:00,3859.0
2017-10-11 20:00:00,3605.0
2017-10-11 21:00:00,3371.0
2017-10-11 22:00:00,3322.0
2017-10-11 23:00:00,3446.0
2017-10-12 00:00:00,3572.0
2017-10-12 01:00:00,3425.0
2017-10-12 02:00:00,3198.0
2017-10-12 03:00:00,3195.0
2017-10-12 04:00:00,3057.0
2017-10-12 05:00:00,2967.0
2017-10-12 06:00:00,2822.0
2017-10-12 07:00:00,2772.0
2017-10-12 08:00:00,2655.0
2017-10-12 09:00:00,2694.0
2017-10-12 10:00:00,2767.0
2017-10-12 11:00:00,2780.0
2017-10-12 12:00:00,2714.0
2017-10-12 13:00:00,2805.0
2017-10-12 14:00:00,2851.0
2017-10-12 15:00:00,2936.0
2017-10-12 16:00:00,2963.0
2017-10-12 17:00:00,2989.0
2017-10-12 18:00:00,3143.0
2017-10-12 19:00:00,3188.0
2017-10-12 20:00:00,2995.0
2017-10-12 21:00:00,3078.0
2017-10-12 22:00:00,3257.0
2017-10-12 23:00:00,3253.0
2017-10-13 00:00:00,3179.0
2017-10-13 01:00:00,3112.0
2017-10-13 02:00:00,2946.0
2017-10-13 03:00:00,2957.0
2017-10-13 04:00:00,2840.0
2017-10-13 05:00:00,2759.0
2017-10-13 06:00:00,2674.0
2017-10-13 07:00:00,2560.0
2017-10-13 08:00:00,2489.0
2017-10-13 09:00:00,2407.0
2017-10-13 10:00:00,2472.0
2017-10-13 11:00:00,2586.0
2017-10-13 12:00:00,2584.0
2017-10-13 13:00:00,2671.0
2017-10-13 14:00:00,2549.0
2017-10-13 15:00:00,2749.0
2017-10-13 16:00:00,3047.0
2017-10-13 17:00:00,2966.0
2017-10-13 18:00:00,3126.0
2017-10-13 19:00:00,3011.0
2017-10-13 20:00:00,2833.0
2017-10-13 21:00:00,2817.0
2017-10-13 22:00:00,2785.0
2017-10-13 23:00:00,2696.0
2017-10-14 00:00:00,2691.0
2017-10-14 01:00:00,2643.0
2017-10-14 02:00:00,2515.0
2017-10-14 03:00:00,2570.0
2017-10-14 04:00:00,2575.0
2017-10-14 05:00:00,2552.0
2017-10-14 06:00:00,2605.0
2017-10-14 07:00:00,2582.0
2017-10-14 08:00:00,2532.0
2017-10-14 09:00:00,2721.0
2017-10-14 10:00:00,2965.0
2017-10-14 11:00:00,3378.0
2017-10-14 12:00:00,3487.0
2017-10-14 13:00:00,3453.0
2017-10-14 14:00:00,3543.0
2017-10-14 15:00:00,3674.0
2017-10-14 16:00:00,3761.0
2017-10-14 17:00:00,3922.0
2017-10-14 18:00:00,4016.0
2017-10-14 19:00:00,4090.0
2017-10-14 20:00:00,3538.0
2017-10-14 21:00:00,3395.0
2017-10-14 22:00:00,3407.0
2017-10-14 23:00:00,3372.0
2017-10-15 00:00:00,3543.0
2017-10-15 01:00:00,3394.0
2017-10-15 02:00:00,3215.0
2017-10-15 03:00:00,3170.0
2017-10-15 04:00:00,2981.0
2017-10-15 05:00:00,2936.0
2017-10-15 06:00:00,2775.0
2017-10-15 07:00:00,2675.0
2017-10-15 08:00:00,2604.0
2017-10-15 09:00:00,2725.0
2017-10-15 10:00:00,3047.0
2017-10-15 11:00:00,3314.0
2017-10-15 12:00:00,3449.0
2017-10-15 13:00:00,3547.0
2017-10-15 14:00:00,3704.0
2017-10-15 15:00:00,3690.0
2017-10-15 16:00:00,3851.0
2017-10-15 17:00:00,3742.0
2017-10-15 18:00:00,4032.0
2017-10-15 19:00:00,3958.0
2017-10-15 20:00:00,3782.0
2017-10-15 21:00:00,3478.0
2017-10-15 22:00:00,3484.0
2017-10-15 23:00:00,3313.0
2017-10-16 00:00:00,3561.0
2017-10-16 01:00:00,3365.0
2017-10-16 02:00:00,3139.0
2017-10-16 03:00:00,3083.0
2017-10-16 04:00:00,2911.0
2017-10-16 05:00:00,2779.0
2017-10-16 06:00:00,2741.0
2017-10-16 07:00:00,2593.0
2017-10-16 08:00:00,2554.0
2017-10-16 09:00:00,2752.0
2017-10-16 10:00:00,3033.0
2017-10-16 11:00:00,3350.0
2017-10-16 12:00:00,3495.0
2017-10-16 13:00:00,3550.0
2017-10-16 14:00:00,3595.0
2017-10-16 15:00:00,3806.0
2017-10-16 16:00:00,3887.0
2017-10-16 17:00:00,3746.0
2017-10-16 18:00:00,4039.0
2017-10-16 19:00:00,4308.0
2017-10-16 20:00:00,3871.0
2017-10-16 21:00:00,3551.0
2017-10-16 22:00:00,3708.0
2017-10-16 23:00:00,3761.0
2017-10-17 00:00:00,3745.0
2017-10-17 01:00:00,3633.0
2017-10-17 02:00:00,3336.0
2017-10-17 03:00:00,3026.0
2017-10-17 04:00:00,3124.0
2017-10-17 05:00:00,2999.0
2017-10-17 06:00:00,2948.0
2017-10-17 07:00:00,2935.0
2017-10-17 08:00:00,2712.0
2017-10-17 09:00:00,2623.0
2017-10-17 10:00:00,3091.0
2017-10-17 11:00:00,3416.0
2017-10-17 12:00:00,3427.0
2017-10-17 13:00:00,3538.0
2017-10-17 14:00:00,3538.0
2017-10-17 15:00:00,3679.0
2017-10-17 16:00:00,3899.0
2017-10-17 17:00:00,3867.0
2017-10-17 18:00:00,4002.0
2017-10-17 19:00:00,3871.0
2017-10-17 20:00:00,3693.0
2017-10-17 21:00:00,3547.0
2017-10-17 22:00:00,3519.0
2017-10-17 23:00:00,3418.0
2017-10-18 00:00:00,3754.0
2017-10-18 01:00:00,3586.0
2017-10-18 02:00:00,3462.0
2017-10-18 03:00:00,3410.0
2017-10-18 04:00:00,3208.0
2017-10-18 05:00:00,3079.0
2017-10-18 06:00:00,3073.0
2017-10-18 07:00:00,3051.0
2017-10-18 08:00:00,2900.0
2017-10-18 09:00:00,2811.0
2017-10-18 10:00:00,3173.0
2017-10-18 11:00:00,3448.0
2017-10-18 12:00:00,3607.0
2017-10-18 13:00:00,3607.0
2017-10-18 14:00:00,3794.0
2017-10-18 15:00:00,3860.0
2017-10-18 16:00:00,4109.0
2017-10-18 17:00:00,4185.0
2017-10-18 18:00:00,4404.0
2017-10-18 19:00:00,4253.0
2017-10-18 20:00:00,3887.0
2017-10-18 21:00:00,3841.0
2017-10-18 22:00:00,4014.0
2017-10-18 23:00:00,3862.0
2017-10-19 00:00:00,4002.0
2017-10-19 01:00:00,3897.0
2017-10-19 02:00:00,3658.0
2017-10-19 03:00:00,3635.0
2017-10-19 04:00:00,3542.0
2017-10-19 05:00:00,3476.0
2017-10-19 06:00:00,3335.0
2017-10-19 07:00:00,3202.0
2017-10-19 08:00:00,2947.0
2017-10-19 09:00:00,2900.0
2017-10-19 10:00:00,2874.0
2017-10-19 11:00:00,2868.0
2017-10-19 12:00:00,2939.0
2017-10-19 13:00:00,3085.0
2017-10-19 14:00:00,3073.0
2017-10-19 15:00:00,3172.0
2017-10-19 16:00:00,3235.0
2017-10-19 17:00:00,3270.0
2017-10-19 18:00:00,3467.0
2017-10-19 19:00:00,3391.0
2017-10-19 20:00:00,3218.0
2017-10-19 21:00:00,3224.0
2017-10-19 22:00:00,3399.0
2017-10-19 23:00:00,3436.0
2017-10-20 00:00:00,3592.0
2017-10-20 01:00:00,3513.0
2017-10-20 02:00:00,3209.0
2017-10-20 03:00:00,3180.0
2017-10-20 04:00:00,3226.0
2017-10-20 05:00:00,2819.0
2017-10-20 06:00:00,2788.0
2017-10-20 07:00:00,2806.0
2017-10-20 08:00:00,2673.0
2017-10-20 09:00:00,2652.0
2017-10-20 10:00:00,2766.0
2017-10-20 11:00:00,2719.0
2017-10-20 12:00:00,2768.0
2017-10-20 13:00:00,2826.0
2017-10-20 14:00:00,2853.0
2017-10-20 15:00:00,2966.0
2017-10-20 16:00:00,3135.0
2017-10-20 17:00:00,3140.0
2017-10-20 18:00:00,3182.0
2017-10-20 19:00:00,3183.0
2017-10-20 20:00:00,2868.0
2017-10-20 21:00:00,2939.0
2017-10-20 22:00:00,2929.0
2017-10-20 23:00:00,2760.0
2017-10-21 00:00:00,2910.0
2017-10-21 01:00:00,2889.0
2017-10-21 02:00:00,2685.0
2017-10-21 03:00:00,2762.0
2017-10-21 04:00:00,2880.0
2017-10-21 05:00:00,2851.0
2017-10-21 06:00:00,2861.0
2017-10-21 07:00:00,2811.0
2017-10-21 08:00:00,2721.0
2017-10-21 09:00:00,2844.0
2017-10-21 10:00:00,3098.0
2017-10-21 11:00:00,3187.0
2017-10-21 12:00:00,3455.0
2017-10-21 13:00:00,3534.0
2017-10-21 14:00:00,3813.0
2017-10-21 15:00:00,3806.0
2017-10-21 16:00:00,3815.0
2017-10-21 17:00:00,3807.0
2017-10-21 18:00:00,4048.0
2017-10-21 19:00:00,3926.0
2017-10-21 20:00:00,3648.0
2017-10-21 21:00:00,3516.0
2017-10-21 22:00:00,3861.0
2017-10-21 23:00:00,3824.0
2017-10-22 00:00:00,3897.0
2017-10-22 01:00:00,3885.0
2017-10-22 02:00:00,3551.0
2017-10-22 03:00:00,3453.0
2017-10-22 04:00:00,3494.0
2017-10-22 05:00:00,3290.0
2017-10-22 06:00:00,3220.0
2017-10-22 07:00:00,3151.0
2017-10-22 08:00:00,3066.0
2017-10-22 09:00:00,3042.0
2017-10-22 10:00:00,3111.0
2017-10-22 11:00:00,3132.0
2017-10-22 12:00:00,3427.0
2017-10-22 13:00:00,3922.0
2017-10-22 14:00:00,3836.0
2017-10-22 15:00:00,3812.0
2017-10-22 16:00:00,3834.0
2017-10-22 17:00:00,3870.0
2017-10-22 18:00:00,4002.0
2017-10-22 19:00:00,4068.0
2017-10-22 20:00:00,3893.0
2017-10-22 21:00:00,3741.0
2017-10-22 22:00:00,3816.0
2017-10-22 23:00:00,3804.0
2017-10-23 00:00:00,3866.0
2017-10-23 01:00:00,3868.0
2017-10-23 02:00:00,3631.0
2017-10-23 03:00:00,3602.0
2017-10-23 04:00:00,3404.0
2017-10-23 05:00:00,3185.0
2017-10-23 06:00:00,3016.0
2017-10-23 07:00:00,3046.0
2017-10-23 08:00:00,2852.0
2017-10-23 09:00:00,2900.0
2017-10-23 10:00:00,3118.0
2017-10-23 11:00:00,3356.0
2017-10-23 12:00:00,3533.0
2017-10-23 13:00:00,3652.0
2017-10-23 14:00:00,3868.0
2017-10-23 15:00:00,4011.0
2017-10-23 16:00:00,4216.0
2017-10-23 17:00:00,4109.0
2017-10-23 18:00:00,4344.0
2017-10-23 19:00:00,4290.0
2017-10-23 20:00:00,4049.0
2017-10-23 21:00:00,4010.0
2017-10-23 22:00:00,4042.0
2017-10-23 23:00:00,3991.0
2017-10-24 00:00:00,3956.0
2017-10-24 01:00:00,3882.0
2017-10-24 02:00:00,3688.0
2017-10-24 03:00:00,3565.0
2017-10-24 04:00:00,3581.0
2017-10-24 05:00:00,3279.0
2017-10-24 06:00:00,3286.0
2017-10-24 07:00:00,3319.0
2017-10-24 08:00:00,3034.0
2017-10-24 09:00:00,3098.0
2017-10-24 10:00:00,3293.0
2017-10-24 11:00:00,3143.0
2017-10-24 12:00:00,3321.0
2017-10-24 13:00:00,3553.0
2017-10-24 14:00:00,3723.0
2017-10-24 15:00:00,3859.0
2017-10-24 16:00:00,3897.0
2017-10-24 17:00:00,3912.0
2017-10-24 18:00:00,3784.0
2017-10-24 19:00:00,3723.0
2017-10-24 20:00:00,3520.0
2017-10-24 21:00:00,3521.0
2017-10-24 22:00:00,3831.0
2017-10-24 23:00:00,3795.0
2017-10-25 00:00:00,3942.0
2017-10-25 01:00:00,3804.0
2017-10-25 02:00:00,3645.0
2017-10-25 03:00:00,3485.0
2017-10-25 04:00:00,3402.0
2017-10-25 05:00:00,3363.0
2017-10-25 06:00:00,3220.0
2017-10-25 07:00:00,3120.0
2017-10-25 08:00:00,2872.0
2017-10-25 09:00:00,2911.0
2017-10-25 10:00:00,3059.0
2017-10-25 11:00:00,3336.0
2017-10-25 12:00:00,3511.0
2017-10-25 13:00:00,3534.0
2017-10-25 14:00:00,3673.0
2017-10-25 15:00:00,3799.0
2017-10-25 16:00:00,3936.0
2017-10-25 17:00:00,4189.0
2017-10-25 18:00:00,4275.0
2017-10-25 19:00:00,4102.0
2017-10-25 20:00:00,3654.0
2017-10-25 21:00:00,3619.0
2017-10-25 22:00:00,3509.0
2017-10-25 23:00:00,3972.0
2017-10-26 00:00:00,4094.0
2017-10-26 01:00:00,3982.0
2017-10-26 02:00:00,3771.0
2017-10-26 03:00:00,3636.0
2017-10-26 04:00:00,3596.0
2017-10-26 05:00:00,3327.0
2017-10-26 06:00:00,3266.0
2017-10-26 07:00:00,3127.0
2017-10-26 08:00:00,3027.0
2017-10-26 09:00:00,2878.0
2017-10-26 10:00:00,2992.0
2017-10-26 11:00:00,3038.0
2017-10-26 12:00:00,2994.0
2017-10-26 13:00:00,3193.0
2017-10-26 14:00:00,3064.0
2017-10-26 15:00:00,2964.0
2017-10-26 16:00:00,3123.0
2017-10-26 17:00:00,3152.0
2017-10-26 18:00:00,3100.0
2017-10-26 19:00:00,3106.0
2017-10-26 20:00:00,3092.0
2017-10-26 21:00:00,3081.0
2017-10-26 22:00:00,3226.0
2017-10-26 23:00:00,3228.0
2017-10-27 00:00:00,3247.0
2017-10-27 01:00:00,3276.0
2017-10-27 02:00:00,3052.0
2017-10-27 03:00:00,2991.0
2017-10-27 04:00:00,3016.0
2017-10-27 05:00:00,2784.0
2017-10-27 06:00:00,2825.0
2017-10-27 07:00:00,2753.0
2017-10-27 08:00:00,2624.0
2017-10-27 09:00:00,2550.0
2017-10-27 10:00:00,2568.0
2017-10-27 11:00:00,2594.0
2017-10-27 12:00:00,2682.0
2017-10-27 13:00:00,2573.0
2017-10-27 14:00:00,2597.0
2017-10-27 15:00:00,2569.0
2017-10-27 16:00:00,2806.0
2017-10-27 17:00:00,2631.0
2017-10-27 18:00:00,2728.0
2017-10-27 19:00:00,2683.0
2017-10-27 20:00:00,2678.0
2017-10-27 21:00:00,2657.0
2017-10-27 22:00:00,2690.0
2017-10-27 23:00:00,2650.0
2017-10-28 00:00:00,2703.0
2017-10-28 01:00:00,2722.0
2017-10-28 02:00:00,2667.0
2017-10-28 03:00:00,2646.0
2017-10-28 04:00:00,2658.0
2017-10-28 05:00:00,2598.0
2017-10-28 06:00:00,2678.0
2017-10-28 07:00:00,2657.0
2017-10-28 08:00:00,2661.0
2017-10-28 09:00:00,2806.0
2017-10-28 10:00:00,2902.0
2017-10-28 11:00:00,3162.0
2017-10-28 12:00:00,3182.0
2017-10-28 13:00:00,3391.0
2017-10-28 14:00:00,3426.0
2017-10-28 15:00:00,3348.0
2017-10-28 16:00:00,3358.0
2017-10-28 17:00:00,3294.0
2017-10-28 18:00:00,3446.0
2017-10-28 19:00:00,3499.0
2017-10-28 20:00:00,3305.0
2017-10-28 21:00:00,3278.0
2017-10-28 22:00:00,3321.0
2017-10-28 23:00:00,3496.0
2017-10-29 00:00:00,3462.0
2017-10-29 01:00:00,3474.0
2017-10-29 02:00:00,3390.0
2017-10-29 03:00:00,3366.0
2017-10-29 04:00:00,3150.0
2017-10-29 05:00:00,3007.0
2017-10-29 06:00:00,2941.0
2017-10-29 07:00:00,2858.0
2017-10-29 08:00:00,2827.0
2017-10-29 09:00:00,2950.0
2017-10-29 10:00:00,3114.0
2017-10-29 11:00:00,3327.0
2017-10-29 12:00:00,3428.0
2017-10-29 13:00:00,3372.0
2017-10-29 14:00:00,3398.0
2017-10-29 15:00:00,3282.0
2017-10-29 16:00:00,3448.0
2017-10-29 17:00:00,3327.0
2017-10-29 18:00:00,3429.0
2017-10-29 19:00:00,3372.0
2017-10-29 20:00:00,3243.0
2017-10-29 21:00:00,3385.0
2017-10-29 22:00:00,3354.0
2017-10-29 23:00:00,3393.0
2017-10-30 00:00:00,3606.0
2017-10-30 01:00:00,3627.0
2017-10-30 02:00:00,3447.0
2017-10-30 03:00:00,3380.0
2017-10-30 04:00:00,3216.0
2017-10-30 05:00:00,3027.0
2017-10-30 06:00:00,3028.0
2017-10-30 07:00:00,2885.0
2017-10-30 08:00:00,2758.0
2017-10-30 09:00:00,2728.0
2017-10-30 10:00:00,2759.0
2017-10-30 11:00:00,2778.0
2017-10-30 12:00:00,2768.0
2017-10-30 13:00:00,2739.0
2017-10-30 14:00:00,2685.0
2017-10-30 15:00:00,2728.0
2017-10-30 16:00:00,2940.0
2017-10-30 17:00:00,2823.0
2017-10-30 18:00:00,2878.0
2017-10-30 19:00:00,2861.0
2017-10-30 20:00:00,2677.0
2017-10-30 21:00:00,2756.0
2017-10-30 22:00:00,2798.0
2017-10-30 23:00:00,2801.0
2017-10-31 00:00:00,2832.0
2017-10-31 01:00:00,2830.0
2017-10-31 02:00:00,2737.0
2017-10-31 03:00:00,2778.0
2017-10-31 04:00:00,2839.0
2017-10-31 05:00:00,2779.0
2017-10-31 06:00:00,2780.0
2017-10-31 07:00:00,2731.0
2017-10-31 08:00:00,2679.0
2017-10-31 09:00:00,2733.0
2017-10-31 10:00:00,3022.0
2017-10-31 11:00:00,3274.0
2017-10-31 12:00:00,3388.0
2017-10-31 13:00:00,3537.0
2017-10-31 14:00:00,3595.0
2017-10-31 15:00:00,3577.0
2017-10-31 16:00:00,3650.0
2017-10-31 17:00:00,3669.0
2017-10-31 18:00:00,3827.0
2017-10-31 19:00:00,3931.0
2017-10-31 20:00:00,3678.0
2017-10-31 21:00:00,3675.0
2017-10-31 22:00:00,3563.0
2017-10-31 23:00:00,3585.0
2017-11-01 00:00:00,3772.0
2017-11-01 01:00:00,3688.0
2017-11-01 02:00:00,3575.0
2017-11-01 03:00:00,3573.0
2017-11-01 04:00:00,3391.0
2017-11-01 05:00:00,3200.0
2017-11-01 06:00:00,3124.0
2017-11-01 07:00:00,3083.0
2017-11-01 08:00:00,3053.0
2017-11-01 09:00:00,3019.0
2017-11-01 10:00:00,3243.0
2017-11-01 11:00:00,3511.0
2017-11-01 12:00:00,3435.0
2017-11-01 13:00:00,3627.0
2017-11-01 14:00:00,3776.0
2017-11-01 15:00:00,3926.0
2017-11-01 16:00:00,3825.0
2017-11-01 17:00:00,3948.0
2017-11-01 18:00:00,4131.0
2017-11-01 19:00:00,4081.0
2017-11-01 20:00:00,3838.0
2017-11-01 21:00:00,3728.0
2017-11-01 22:00:00,3780.0
2017-11-01 23:00:00,3846.0
2017-11-02 00:00:00,3890.0
2017-11-02 01:00:00,3730.0
2017-11-02 02:00:00,3571.0
2017-11-02 03:00:00,3417.0
2017-11-02 04:00:00,3233.0
2017-11-02 05:00:00,3245.0
2017-11-02 06:00:00,3201.0
2017-11-02 07:00:00,2970.0
2017-11-02 08:00:00,2840.0
2017-11-02 09:00:00,2883.0
2017-11-02 10:00:00,3019.0
2017-11-02 11:00:00,3138.0
2017-11-02 12:00:00,3205.0
2017-11-02 13:00:00,3350.0
2017-11-02 14:00:00,3302.0
2017-11-02 15:00:00,3370.0
2017-11-02 16:00:00,3358.0
2017-11-02 17:00:00,3498.0
2017-11-02 18:00:00,3627.0
2017-11-02 19:00:00,3443.0
2017-11-02 20:00:00,3382.0
2017-11-02 21:00:00,3236.0
2017-11-02 22:00:00,3474.0
2017-11-02 23:00:00,3468.0
2017-11-03 00:00:00,3406.0
2017-11-03 01:00:00,3528.0
2017-11-03 02:00:00,3166.0
2017-11-03 03:00:00,3113.0
2017-11-03 04:00:00,3041.0
2017-11-03 05:00:00,2792.0
2017-11-03 06:00:00,2887.0
2017-11-03 07:00:00,2774.0
2017-11-03 08:00:00,2714.0
2017-11-03 09:00:00,2687.0
2017-11-03 10:00:00,2668.0
2017-11-03 11:00:00,2653.0
2017-11-03 12:00:00,2850.0
2017-11-03 13:00:00,2882.0
2017-11-03 14:00:00,2903.0
2017-11-03 15:00:00,2976.0
2017-11-03 16:00:00,3030.0
2017-11-03 17:00:00,3154.0
2017-11-03 18:00:00,3219.0
2017-11-03 19:00:00,2985.0
2017-11-03 20:00:00,2974.0
2017-11-03 21:00:00,2847.0
2017-11-03 22:00:00,2895.0
2017-11-03 23:00:00,2779.0
2017-11-04 00:00:00,2724.0
2017-11-04 01:00:00,2723.0
2017-11-04 02:00:00,2652.0
2017-11-04 03:00:00,2682.0
2017-11-04 04:00:00,2747.0
2017-11-04 05:00:00,2689.0
2017-11-04 06:00:00,2711.0
2017-11-04 07:00:00,2686.0
2017-11-04 08:00:00,2577.0
2017-11-04 09:00:00,2693.0
2017-11-04 10:00:00,3052.0
2017-11-04 11:00:00,3284.0
2017-11-04 12:00:00,3476.0
2017-11-04 13:00:00,3584.0
2017-11-04 14:00:00,3644.0
2017-11-04 15:00:00,3547.0
2017-11-04 16:00:00,3835.0
2017-11-04 17:00:00,3881.0
2017-11-04 18:00:00,3997.0
2017-11-04 19:00:00,3958.0
2017-11-04 20:00:00,3863.0
2017-11-04 21:00:00,3626.0
2017-11-04 22:00:00,3666.0
2017-11-04 23:00:00,3747.0
2017-11-05 00:00:00,3948.0
2017-11-05 01:00:00,3906.0
2017-11-05 02:00:00,3799.0
2017-11-05 03:00:00,3609.0
2017-11-05 04:00:00,3477.0
2017-11-05 05:00:00,3319.0
2017-11-05 06:00:00,3060.0
2017-11-05 07:00:00,2950.0
2017-11-05 08:00:00,2820.0
2017-11-05 09:00:00,2909.0
2017-11-05 10:00:00,3106.0
2017-11-05 11:00:00,3336.0
2017-11-05 12:00:00,3613.0
2017-11-05 13:00:00,3586.0
2017-11-05 14:00:00,3751.0
2017-11-05 15:00:00,3569.0
2017-11-05 16:00:00,3591.0
2017-11-05 17:00:00,3620.0
2017-11-05 18:00:00,3845.0
2017-11-05 19:00:00,3936.0
2017-11-05 20:00:00,3867.0
2017-11-05 21:00:00,3612.0
2017-11-05 22:00:00,3564.0
2017-11-05 23:00:00,3801.0
2017-11-06 00:00:00,3912.0
2017-11-06 01:00:00,3939.0
2017-11-06 02:00:00,3628.0
2017-11-06 03:00:00,3589.0
2017-11-06 04:00:00,3487.0
2017-11-06 05:00:00,3366.0
2017-11-06 06:00:00,3112.0
2017-11-06 07:00:00,2965.0
2017-11-06 08:00:00,2882.0
2017-11-06 09:00:00,2929.0
2017-11-06 10:00:00,2961.0
2017-11-06 11:00:00,3239.0
2017-11-06 12:00:00,3283.0
2017-11-06 13:00:00,3302.0
2017-11-06 14:00:00,3379.0
2017-11-06 15:00:00,3407.0
2017-11-06 16:00:00,3458.0
2017-11-06 17:00:00,3493.0
2017-11-06 18:00:00,3497.0
2017-11-06 19:00:00,3439.0
2017-11-06 20:00:00,3226.0
2017-11-06 21:00:00,3267.0
2017-11-06 22:00:00,3177.0
2017-11-06 23:00:00,3196.0
2017-11-07 00:00:00,3224.0
2017-11-07 01:00:00,3174.0
2017-11-07 02:00:00,3049.0
2017-11-07 03:00:00,2983.0
2017-11-07 04:00:00,2931.0
2017-11-07 05:00:00,2884.0
2017-11-07 06:00:00,2885.0
2017-11-07 07:00:00,2927.0
2017-11-07 08:00:00,2831.0
2017-11-07 09:00:00,3059.0
2017-11-07 10:00:00,3178.0
2017-11-07 11:00:00,3260.0
2017-11-07 12:00:00,3232.0
2017-11-07 13:00:00,3212.0
2017-11-07 14:00:00,3226.0
2017-11-07 15:00:00,3162.0
2017-11-07 16:00:00,3212.0
2017-11-07 17:00:00,3312.0
2017-11-07 18:00:00,3463.0
2017-11-07 19:00:00,3531.0
2017-11-07 20:00:00,3515.0
2017-11-07 21:00:00,3493.0
2017-11-07 22:00:00,3567.0
2017-11-07 23:00:00,3615.0
2017-11-08 00:00:00,3596.0
2017-11-08 01:00:00,3638.0
2017-11-08 02:00:00,3414.0
2017-11-08 03:00:00,3398.0
2017-11-08 04:00:00,3202.0
2017-11-08 05:00:00,3165.0
2017-11-08 06:00:00,3091.0
2017-11-08 07:00:00,3056.0
2017-11-08 08:00:00,3026.0
2017-11-08 09:00:00,3057.0
2017-11-08 10:00:00,3261.0
2017-11-08 11:00:00,3532.0
2017-11-08 12:00:00,3507.0
2017-11-08 13:00:00,3560.0
2017-11-08 14:00:00,3869.0
2017-11-08 15:00:00,3789.0
2017-11-08 16:00:00,3843.0
2017-11-08 17:00:00,3865.0
2017-11-08 18:00:00,4189.0
2017-11-08 19:00:00,4089.0
2017-11-08 20:00:00,3971.0
2017-11-08 21:00:00,3782.0
2017-11-08 22:00:00,3630.0
2017-11-08 23:00:00,3751.0
2017-11-09 00:00:00,3743.0
2017-11-09 01:00:00,3724.0
2017-11-09 02:00:00,3357.0
2017-11-09 03:00:00,3315.0
2017-11-09 04:00:00,3253.0
2017-11-09 05:00:00,3142.0
2017-11-09 06:00:00,3081.0
2017-11-09 07:00:00,2943.0
2017-11-09 08:00:00,2927.0
2017-11-09 09:00:00,2912.0
2017-11-09 10:00:00,3062.0
2017-11-09 11:00:00,3043.0
2017-11-09 12:00:00,3010.0
2017-11-09 13:00:00,2991.0
2017-11-09 14:00:00,3142.0
2017-11-09 15:00:00,3170.0
2017-11-09 16:00:00,3143.0
2017-11-09 17:00:00,3189.0
2017-11-09 18:00:00,3288.0
2017-11-09 19:00:00,3189.0
2017-11-09 20:00:00,3212.0
2017-11-09 21:00:00,3216.0
2017-11-09 22:00:00,3436.0
2017-11-09 23:00:00,3517.0
2017-11-10 00:00:00,3540.0
2017-11-10 01:00:00,3570.0
2017-11-10 02:00:00,3346.0
2017-11-10 03:00:00,3145.0
2017-11-10 04:00:00,3230.0
2017-11-10 05:00:00,2889.0
2017-11-10 06:00:00,2889.0
2017-11-10 07:00:00,2873.0
2017-11-10 08:00:00,2700.0
2017-11-10 09:00:00,2708.0
2017-11-10 10:00:00,2863.0
2017-11-10 11:00:00,2877.0
2017-11-10 12:00:00,2956.0
2017-11-10 13:00:00,2996.0
2017-11-10 14:00:00,2986.0
2017-11-10 15:00:00,3177.0
2017-11-10 16:00:00,3189.0
2017-11-10 17:00:00,3272.0
2017-11-10 18:00:00,3359.0
2017-11-10 19:00:00,3351.0
2017-11-10 20:00:00,3207.0
2017-11-10 21:00:00,3114.0
2017-11-10 22:00:00,3092.0
2017-11-10 23:00:00,2944.0
2017-11-11 00:00:00,2974.0
2017-11-11 01:00:00,3021.0
2017-11-11 02:00:00,2891.0
2017-11-11 03:00:00,2853.0
2017-11-11 04:00:00,2815.0
2017-11-11 05:00:00,2773.0
2017-11-11 06:00:00,2815.0
2017-11-11 07:00:00,2799.0
2017-11-11 08:00:00,2764.0
2017-11-11 09:00:00,2963.0
2017-11-11 10:00:00,3154.0
2017-11-11 11:00:00,3570.0
2017-11-11 12:00:00,3618.0
2017-11-11 13:00:00,3875.0
2017-11-11 14:00:00,4064.0
2017-11-11 15:00:00,4066.0
2017-11-11 16:00:00,4118.0
2017-11-11 17:00:00,4125.0
2017-11-11 18:00:00,4378.0
2017-11-11 19:00:00,4378.0
2017-11-11 20:00:00,4157.0
2017-11-11 21:00:00,4066.0
2017-11-11 22:00:00,3982.0
2017-11-11 23:00:00,4141.0
2017-11-12 00:00:00,4219.0
2017-11-12 01:00:00,4188.0
2017-11-12 02:00:00,3864.0
2017-11-12 03:00:00,3714.0
2017-11-12 04:00:00,3548.0
2017-11-12 05:00:00,3413.0
2017-11-12 06:00:00,3194.0
2017-11-12 07:00:00,3027.0
2017-11-12 08:00:00,2946.0
2017-11-12 09:00:00,3115.0
2017-11-12 10:00:00,3129.0
2017-11-12 11:00:00,3329.0
2017-11-12 12:00:00,3541.0
2017-11-12 13:00:00,3597.0
2017-11-12 14:00:00,3609.0
2017-11-12 15:00:00,3716.0
2017-11-12 16:00:00,3814.0
2017-11-12 17:00:00,3747.0
2017-11-12 18:00:00,3744.0
2017-11-12 19:00:00,3830.0
2017-11-12 20:00:00,3679.0
2017-11-12 21:00:00,3582.0
2017-11-12 22:00:00,3574.0
2017-11-12 23:00:00,3755.0
2017-11-13 00:00:00,3855.0
2017-11-13 01:00:00,3897.0
2017-11-13 02:00:00,3752.0
2017-11-13 03:00:00,3497.0
2017-11-13 04:00:00,3357.0
2017-11-13 05:00:00,3221.0
2017-11-13 06:00:00,3027.0
2017-11-13 07:00:00,2848.0
2017-11-13 08:00:00,2911.0
2017-11-13 09:00:00,2858.0
2017-11-13 10:00:00,3098.0
2017-11-13 11:00:00,3238.0
2017-11-13 12:00:00,3284.0
2017-11-13 13:00:00,3181.0
2017-11-13 14:00:00,3107.0
2017-11-13 15:00:00,3178.0
2017-11-13 16:00:00,3206.0
2017-11-13 17:00:00,3189.0
2017-11-13 18:00:00,3243.0
2017-11-13 19:00:00,3241.0
2017-11-13 20:00:00,3037.0
2017-11-13 21:00:00,3031.0
2017-11-13 22:00:00,2985.0
2017-11-13 23:00:00,3104.0
2017-11-14 00:00:00,3083.0
2017-11-14 01:00:00,3209.0
2017-11-14 02:00:00,2975.0
2017-11-14 03:00:00,2872.0
2017-11-14 04:00:00,2871.0
2017-11-14 05:00:00,2801.0
2017-11-14 06:00:00,2898.0
2017-11-14 07:00:00,2766.0
2017-11-14 08:00:00,2811.0
2017-11-14 09:00:00,2834.0
2017-11-14 10:00:00,2996.0
2017-11-14 11:00:00,3380.0
2017-11-14 12:00:00,3347.0
2017-11-14 13:00:00,3343.0
2017-11-14 14:00:00,3369.0
2017-11-14 15:00:00,3413.0
2017-11-14 16:00:00,3397.0
2017-11-14 17:00:00,3462.0
2017-11-14 18:00:00,3507.0
2017-11-14 19:00:00,3589.0
2017-11-14 20:00:00,3302.0
2017-11-14 21:00:00,3461.0
2017-11-14 22:00:00,3345.0
2017-11-14 23:00:00,3480.0
2017-11-15 00:00:00,3425.0
2017-11-15 01:00:00,3553.0
2017-11-15 02:00:00,3348.0
2017-11-15 03:00:00,3310.0
2017-11-15 04:00:00,3240.0
2017-11-15 05:00:00,3157.0
2017-11-15 06:00:00,3043.0
2017-11-15 07:00:00,3068.0
2017-11-15 08:00:00,2913.0
2017-11-15 09:00:00,2935.0
2017-11-15 10:00:00,3237.0
2017-11-15 11:00:00,3381.0
2017-11-15 12:00:00,3384.0
2017-11-15 13:00:00,3397.0
2017-11-15 14:00:00,3432.0
2017-11-15 15:00:00,3358.0
2017-11-15 16:00:00,3387.0
2017-11-15 17:00:00,3262.0
2017-11-15 18:00:00,3631.0
2017-11-15 19:00:00,3779.0
2017-11-15 20:00:00,3511.0
2017-11-15 21:00:00,3488.0
2017-11-15 22:00:00,3509.0
2017-11-15 23:00:00,3402.0
2017-11-16 00:00:00,3423.0
2017-11-16 01:00:00,3503.0
2017-11-16 02:00:00,3204.0
2017-11-16 03:00:00,3196.0
2017-11-16 04:00:00,3014.0
2017-11-16 05:00:00,3057.0
2017-11-16 06:00:00,2986.0
2017-11-16 07:00:00,2850.0
2017-11-16 08:00:00,2777.0
2017-11-16 09:00:00,2781.0
2017-11-16 10:00:00,2977.0
2017-11-16 11:00:00,2965.0
2017-11-16 12:00:00,3007.0
2017-11-16 13:00:00,2983.0
2017-11-16 14:00:00,2964.0
2017-11-16 15:00:00,2934.0
2017-11-16 16:00:00,2918.0
2017-11-16 17:00:00,2872.0
2017-11-16 18:00:00,3022.0
2017-11-16 19:00:00,2892.0
2017-11-16 20:00:00,2935.0
2017-11-16 21:00:00,3036.0
2017-11-16 22:00:00,3047.0
2017-11-16 23:00:00,3079.0
2017-11-17 00:00:00,3209.0
2017-11-17 01:00:00,3267.0
2017-11-17 02:00:00,2998.0
2017-11-17 03:00:00,3045.0
2017-11-17 04:00:00,2931.0
2017-11-17 05:00:00,2690.0
2017-11-17 06:00:00,2743.0
2017-11-17 07:00:00,2678.0
2017-11-17 08:00:00,2593.0
2017-11-17 09:00:00,2607.0
2017-11-17 10:00:00,2644.0
2017-11-17 11:00:00,2649.0
2017-11-17 12:00:00,2707.0
2017-11-17 13:00:00,2722.0
2017-11-17 14:00:00,2693.0
2017-11-17 15:00:00,2696.0
2017-11-17 16:00:00,2772.0
2017-11-17 17:00:00,2760.0
2017-11-17 18:00:00,2740.0
2017-11-17 19:00:00,2744.0
2017-11-17 20:00:00,2636.0
2017-11-17 21:00:00,2647.0
2017-11-17 22:00:00,2712.0
2017-11-17 23:00:00,2634.0
2017-11-18 00:00:00,2678.0
2017-11-18 01:00:00,2728.0
2017-11-18 02:00:00,2666.0
2017-11-18 03:00:00,2677.0
2017-11-18 04:00:00,2645.0
2017-11-18 05:00:00,2636.0
2017-11-18 06:00:00,2714.0
2017-11-18 07:00:00,2628.0
2017-11-18 08:00:00,2622.0
2017-11-18 09:00:00,2708.0
2017-11-18 10:00:00,2958.0
2017-11-18 11:00:00,3368.0
2017-11-18 12:00:00,3241.0
2017-11-18 13:00:00,3383.0
2017-11-18 14:00:00,3371.0
2017-11-18 15:00:00,3442.0
2017-11-18 16:00:00,3489.0
2017-11-18 17:00:00,3522.0
2017-11-18 18:00:00,3582.0
2017-11-18 19:00:00,3768.0
2017-11-18 20:00:00,3481.0
2017-11-18 21:00:00,3505.0
2017-11-18 22:00:00,3490.0
2017-11-18 23:00:00,3643.0
2017-11-19 00:00:00,3707.0
2017-11-19 01:00:00,3822.0
2017-11-19 02:00:00,3689.0
2017-11-19 03:00:00,3543.0
2017-11-19 04:00:00,3399.0
2017-11-19 05:00:00,3199.0
2017-11-19 06:00:00,3004.0
2017-11-19 07:00:00,2901.0
2017-11-19 08:00:00,2825.0
2017-11-19 09:00:00,2860.0
2017-11-19 10:00:00,3146.0
2017-11-19 11:00:00,3401.0
2017-11-19 12:00:00,3423.0
2017-11-19 13:00:00,3377.0
2017-11-19 14:00:00,3428.0
2017-11-19 15:00:00,3470.0
2017-11-19 16:00:00,3690.0
2017-11-19 17:00:00,3603.0
2017-11-19 18:00:00,3519.0
2017-11-19 19:00:00,3539.0
2017-11-19 20:00:00,3633.0
2017-11-19 21:00:00,3427.0
2017-11-19 22:00:00,3281.0
2017-11-19 23:00:00,3569.0
2017-11-20 00:00:00,3612.0
2017-11-20 01:00:00,3646.0
2017-11-20 02:00:00,3540.0
2017-11-20 03:00:00,3447.0
2017-11-20 04:00:00,3187.0
2017-11-20 05:00:00,3166.0
2017-11-20 06:00:00,3007.0
2017-11-20 07:00:00,2852.0
2017-11-20 08:00:00,2774.0
2017-11-20 09:00:00,2814.0
2017-11-20 10:00:00,3014.0
2017-11-20 11:00:00,2998.0
2017-11-20 12:00:00,3110.0
2017-11-20 13:00:00,3017.0
2017-11-20 14:00:00,3322.0
2017-11-20 15:00:00,3187.0
2017-11-20 16:00:00,3328.0
2017-11-20 17:00:00,3342.0
2017-11-20 18:00:00,3556.0
2017-11-20 19:00:00,3432.0
2017-11-20 20:00:00,3286.0
2017-11-20 21:00:00,2990.0
2017-11-20 22:00:00,2898.0
2017-11-20 23:00:00,2845.0
2017-11-21 00:00:00,2979.0
2017-11-21 01:00:00,3032.0
2017-11-21 02:00:00,3188.0
2017-11-21 03:00:00,2902.0
2017-11-21 04:00:00,2797.0
2017-11-21 05:00:00,2726.0
2017-11-21 06:00:00,2725.0
2017-11-21 07:00:00,2710.0
2017-11-21 08:00:00,2715.0
2017-11-21 09:00:00,2790.0
2017-11-21 10:00:00,3046.0
2017-11-21 11:00:00,3246.0
2017-11-21 12:00:00,3347.0
2017-11-21 13:00:00,3386.0
2017-11-21 14:00:00,3729.0
2017-11-21 15:00:00,3756.0
2017-11-21 16:00:00,3732.0
2017-11-21 17:00:00,3824.0
2017-11-21 18:00:00,4221.0
2017-11-21 19:00:00,4164.0
2017-11-21 20:00:00,4070.0
2017-11-21 21:00:00,3943.0
2017-11-21 22:00:00,3636.0
2017-11-21 23:00:00,3778.0
2017-11-22 00:00:00,3780.0
2017-11-22 01:00:00,3748.0
2017-11-22 02:00:00,3635.0
2017-11-22 03:00:00,3510.0
2017-11-22 04:00:00,3301.0
2017-11-22 05:00:00,3100.0
2017-11-22 06:00:00,3116.0
2017-11-22 07:00:00,2937.0
2017-11-22 08:00:00,2841.0
2017-11-22 09:00:00,2965.0
2017-11-22 10:00:00,3108.0
2017-11-22 11:00:00,3419.0
2017-11-22 12:00:00,3403.0
2017-11-22 13:00:00,3631.0
2017-11-22 14:00:00,3944.0
2017-11-22 15:00:00,3943.0
2017-11-22 16:00:00,3919.0
2017-11-22 17:00:00,4040.0
2017-11-22 18:00:00,4303.0
2017-11-22 19:00:00,4139.0
2017-11-22 20:00:00,4013.0
2017-11-22 21:00:00,3783.0
2017-11-22 22:00:00,3726.0
2017-11-22 23:00:00,3680.0
2017-11-23 00:00:00,3692.0
2017-11-23 01:00:00,3667.0
2017-11-23 02:00:00,3513.0
2017-11-23 03:00:00,3239.0
2017-11-23 04:00:00,3143.0
2017-11-23 05:00:00,3121.0
2017-11-23 06:00:00,3037.0
2017-11-23 07:00:00,2907.0
2017-11-23 08:00:00,2779.0
2017-11-23 09:00:00,2953.0
2017-11-23 10:00:00,2986.0
2017-11-23 11:00:00,3067.0
2017-11-23 12:00:00,3084.0
2017-11-23 13:00:00,3178.0
2017-11-23 14:00:00,3407.0
2017-11-23 15:00:00,3401.0
2017-11-23 16:00:00,3435.0
2017-11-23 17:00:00,3463.0
2017-11-23 18:00:00,3645.0
2017-11-23 19:00:00,3447.0
2017-11-23 20:00:00,3190.0
2017-11-23 21:00:00,3121.0
2017-11-23 22:00:00,3309.0
2017-11-23 23:00:00,3384.0
2017-11-24 00:00:00,3300.0
2017-11-24 01:00:00,3388.0
2017-11-24 02:00:00,3278.0
2017-11-24 03:00:00,3179.0
2017-11-24 04:00:00,3096.0
2017-11-24 05:00:00,2901.0
2017-11-24 06:00:00,2749.0
2017-11-24 07:00:00,2663.0
2017-11-24 08:00:00,2593.0
2017-11-24 09:00:00,2646.0
2017-11-24 10:00:00,2681.0
2017-11-24 11:00:00,2633.0
2017-11-24 12:00:00,2681.0
2017-11-24 13:00:00,2701.0
2017-11-24 14:00:00,2668.0
2017-11-24 15:00:00,2674.0
2017-11-24 16:00:00,2756.0
2017-11-24 17:00:00,2713.0
2017-11-24 18:00:00,2686.0
2017-11-24 19:00:00,2841.0
2017-11-24 20:00:00,2708.0
2017-11-24 21:00:00,2693.0
2017-11-24 22:00:00,2686.0
2017-11-24 23:00:00,2626.0
2017-11-25 00:00:00,2711.0
2017-11-25 01:00:00,2742.0
2017-11-25 02:00:00,2662.0
2017-11-25 03:00:00,2610.0
2017-11-25 04:00:00,2673.0
2017-11-25 05:00:00,2568.0
2017-11-25 06:00:00,2665.0
2017-11-25 07:00:00,2678.0
2017-11-25 08:00:00,2614.0
2017-11-25 09:00:00,2832.0
2017-11-25 10:00:00,3058.0
2017-11-25 11:00:00,3192.0
2017-11-25 12:00:00,3152.0
2017-11-25 13:00:00,3240.0
2017-11-25 14:00:00,3464.0
2017-11-25 15:00:00,3436.0
2017-11-25 16:00:00,3260.0
2017-11-25 17:00:00,3423.0
2017-11-25 18:00:00,3555.0
2017-11-25 19:00:00,3491.0
2017-11-25 20:00:00,3349.0
2017-11-25 21:00:00,3207.0
2017-11-25 22:00:00,3283.0
2017-11-25 23:00:00,3389.0
2017-11-26 00:00:00,3542.0
2017-11-26 01:00:00,3493.0
2017-11-26 02:00:00,3528.0
2017-11-26 03:00:00,3372.0
2017-11-26 04:00:00,3272.0
2017-11-26 05:00:00,3068.0
2017-11-26 06:00:00,2993.0
2017-11-26 07:00:00,2854.0
2017-11-26 08:00:00,2655.0
2017-11-26 09:00:00,2959.0
2017-11-26 10:00:00,3087.0
2017-11-26 11:00:00,3221.0
2017-11-26 12:00:00,3270.0
2017-11-26 13:00:00,3341.0
2017-11-26 14:00:00,3550.0
2017-11-26 15:00:00,3425.0
2017-11-26 16:00:00,3229.0
2017-11-26 17:00:00,3272.0
2017-11-26 18:00:00,3258.0
2017-11-26 19:00:00,3388.0
2017-11-26 20:00:00,3281.0
2017-11-26 21:00:00,3450.0
2017-11-26 22:00:00,3274.0
2017-11-26 23:00:00,3402.0
2017-11-27 00:00:00,3486.0
2017-11-27 01:00:00,3580.0
2017-11-27 02:00:00,3340.0
2017-11-27 03:00:00,3370.0
2017-11-27 04:00:00,3109.0
2017-11-27 05:00:00,2994.0
2017-11-27 06:00:00,2984.0
2017-11-27 07:00:00,2800.0
2017-11-27 08:00:00,2629.0
2017-11-27 09:00:00,2695.0
2017-11-27 10:00:00,2769.0
2017-11-27 11:00:00,2869.0
2017-11-27 12:00:00,2831.0
2017-11-27 13:00:00,2754.0
2017-11-27 14:00:00,2890.0
2017-11-27 15:00:00,2836.0
2017-11-27 16:00:00,2744.0
2017-11-27 17:00:00,2830.0
2017-11-27 18:00:00,2952.0
2017-11-27 19:00:00,2907.0
2017-11-27 20:00:00,2881.0
2017-11-27 21:00:00,2796.0
2017-11-27 22:00:00,2676.0
2017-11-27 23:00:00,2762.0
2017-11-28 00:00:00,2862.0
2017-11-28 01:00:00,2801.0
2017-11-28 02:00:00,2784.0
2017-11-28 03:00:00,2785.0
2017-11-28 04:00:00,2791.0
2017-11-28 05:00:00,2701.0
2017-11-28 06:00:00,2730.0
2017-11-28 07:00:00,2586.0
2017-11-28 08:00:00,2702.0
2017-11-28 09:00:00,2844.0
2017-11-28 10:00:00,3085.0
2017-11-28 11:00:00,3151.0
2017-11-28 12:00:00,3176.0
2017-11-28 13:00:00,3108.0
2017-11-28 14:00:00,3500.0
2017-11-28 15:00:00,3414.0
2017-11-28 16:00:00,3455.0
2017-11-28 17:00:00,3728.0
2017-11-28 18:00:00,3622.0
2017-11-28 19:00:00,3693.0
2017-11-28 20:00:00,3539.0
2017-11-28 21:00:00,3482.0
2017-11-28 22:00:00,3503.0
2017-11-28 23:00:00,3736.0
2017-11-29 00:00:00,3894.0
2017-11-29 01:00:00,3879.0
2017-11-29 02:00:00,3708.0
2017-11-29 03:00:00,3467.0
2017-11-29 04:00:00,3242.0
2017-11-29 05:00:00,3141.0
2017-11-29 06:00:00,3092.0
2017-11-29 07:00:00,2828.0
2017-11-29 08:00:00,2688.0
2017-11-29 09:00:00,2997.0
2017-11-29 10:00:00,3188.0
2017-11-29 11:00:00,3339.0
2017-11-29 12:00:00,3439.0
2017-11-29 13:00:00,3532.0
2017-11-29 14:00:00,3786.0
2017-11-29 15:00:00,3913.0
2017-11-29 16:00:00,3833.0
2017-11-29 17:00:00,4116.0
2017-11-29 18:00:00,4067.0
2017-11-29 19:00:00,3970.0
2017-11-29 20:00:00,3807.0
2017-11-29 21:00:00,3784.0
2017-11-29 22:00:00,3871.0
2017-11-29 23:00:00,3933.0
2017-11-30 00:00:00,3989.0
2017-11-30 01:00:00,4030.0
2017-11-30 02:00:00,3685.0
2017-11-30 03:00:00,3556.0
2017-11-30 04:00:00,3421.0
2017-11-30 05:00:00,3272.0
2017-11-30 06:00:00,3143.0
2017-11-30 07:00:00,2939.0
2017-11-30 08:00:00,2910.0
2017-11-30 09:00:00,2991.0
2017-11-30 10:00:00,3095.0
2017-11-30 11:00:00,3281.0
2017-11-30 12:00:00,3342.0
2017-11-30 13:00:00,3404.0
2017-11-30 14:00:00,3621.0
2017-11-30 15:00:00,3583.0
2017-11-30 16:00:00,3598.0
2017-11-30 17:00:00,3928.0
2017-11-30 18:00:00,3873.0
2017-11-30 19:00:00,3644.0
2017-11-30 20:00:00,3275.0
2017-11-30 21:00:00,3470.0
2017-11-30 22:00:00,3540.0
2017-11-30 23:00:00,3718.0
2017-12-01 00:00:00,3764.0
2017-12-01 01:00:00,3692.0
2017-12-01 02:00:00,3530.0
2017-12-01 03:00:00,3329.0
2017-12-01 04:00:00,3275.0
2017-12-01 05:00:00,2886.0
2017-12-01 06:00:00,2812.0
2017-12-01 07:00:00,2950.0
2017-12-01 08:00:00,2771.0
2017-12-01 09:00:00,2819.0
2017-12-01 10:00:00,2843.0
2017-12-01 11:00:00,2877.0
2017-12-01 12:00:00,3097.0
2017-12-01 13:00:00,3044.0
2017-12-01 14:00:00,3259.0
2017-12-01 15:00:00,3306.0
2017-12-01 16:00:00,3177.0
2017-12-01 17:00:00,3251.0
2017-12-01 18:00:00,3526.0
2017-12-01 19:00:00,3542.0
2017-12-01 20:00:00,3612.0
2017-12-01 21:00:00,3373.0
2017-12-01 22:00:00,3315.0
2017-12-01 23:00:00,3048.0
2017-12-02 00:00:00,3099.0
2017-12-02 01:00:00,3068.0
2017-12-02 02:00:00,3030.0
2017-12-02 03:00:00,2923.0
2017-12-02 04:00:00,2940.0
2017-12-02 05:00:00,2840.0
2017-12-02 06:00:00,2960.0
2017-12-02 07:00:00,2896.0
2017-12-02 08:00:00,2808.0
2017-12-02 09:00:00,2917.0
2017-12-02 10:00:00,3284.0
2017-12-02 11:00:00,3686.0
2017-12-02 12:00:00,3837.0
2017-12-02 13:00:00,3935.0
2017-12-02 14:00:00,4194.0
2017-12-02 15:00:00,4310.0
2017-12-02 16:00:00,4240.0
2017-12-02 17:00:00,4466.0
2017-12-02 18:00:00,4587.0
2017-12-02 19:00:00,4642.0
2017-12-02 20:00:00,4573.0
2017-12-02 21:00:00,4479.0
2017-12-02 22:00:00,4270.0
2017-12-02 23:00:00,4305.0
2017-12-03 00:00:00,4436.0
2017-12-03 01:00:00,4307.0
2017-12-03 02:00:00,4135.0
2017-12-03 03:00:00,4070.0
2017-12-03 04:00:00,3852.0
2017-12-03 05:00:00,3436.0
2017-12-03 06:00:00,3200.0
2017-12-03 07:00:00,2967.0
2017-12-03 08:00:00,2882.0
2017-12-03 09:00:00,3053.0
2017-12-03 10:00:00,3164.0
2017-12-03 11:00:00,3608.0
2017-12-03 12:00:00,3923.0
2017-12-03 13:00:00,4133.0
2017-12-03 14:00:00,4612.0
2017-12-03 15:00:00,4360.0
2017-12-03 16:00:00,4601.0
2017-12-03 17:00:00,4705.0
2017-12-03 18:00:00,4637.0
2017-12-03 19:00:00,4634.0
2017-12-03 20:00:00,4382.0
2017-12-03 21:00:00,4143.0
2017-12-03 22:00:00,4069.0
2017-12-03 23:00:00,3977.0
2017-12-04 00:00:00,3998.0
2017-12-04 01:00:00,4014.0
2017-12-04 02:00:00,3796.0
2017-12-04 03:00:00,3668.0
2017-12-04 04:00:00,3447.0
2017-12-04 05:00:00,3288.0
2017-12-04 06:00:00,3206.0
2017-12-04 07:00:00,2910.0
2017-12-04 08:00:00,2796.0
2017-12-04 09:00:00,2866.0
2017-12-04 10:00:00,2948.0
2017-12-04 11:00:00,3251.0
2017-12-04 12:00:00,3280.0
2017-12-04 13:00:00,3679.0
2017-12-04 14:00:00,3780.0
2017-12-04 15:00:00,3688.0
2017-12-04 16:00:00,4037.0
2017-12-04 17:00:00,4092.0
2017-12-04 18:00:00,3993.0
2017-12-04 19:00:00,3949.0
2017-12-04 20:00:00,3727.0
2017-12-04 21:00:00,3511.0
2017-12-04 22:00:00,3185.0
2017-12-04 23:00:00,3295.0
2017-12-05 00:00:00,3329.0
2017-12-05 01:00:00,3153.0
2017-12-05 02:00:00,3109.0
2017-12-05 03:00:00,3042.0
2017-12-05 04:00:00,2894.0
2017-12-05 05:00:00,2798.0
2017-12-05 06:00:00,2790.0
2017-12-05 07:00:00,2795.0
2017-12-05 08:00:00,2779.0
2017-12-05 09:00:00,2992.0
2017-12-05 10:00:00,3190.0
2017-12-05 11:00:00,3336.0
2017-12-05 12:00:00,3549.0
2017-12-05 13:00:00,3564.0
2017-12-05 14:00:00,3698.0
2017-12-05 15:00:00,3680.0
2017-12-05 16:00:00,3707.0
2017-12-05 17:00:00,3730.0
2017-12-05 18:00:00,3855.0
2017-12-05 19:00:00,3731.0
2017-12-05 20:00:00,3772.0
2017-12-05 21:00:00,3752.0
2017-12-05 22:00:00,3594.0
2017-12-05 23:00:00,3722.0
2017-12-06 00:00:00,3778.0
2017-12-06 01:00:00,3828.0
2017-12-06 02:00:00,3803.0
2017-12-06 03:00:00,3705.0
2017-12-06 04:00:00,3329.0
2017-12-06 05:00:00,3286.0
2017-12-06 06:00:00,3271.0
2017-12-06 07:00:00,3202.0
2017-12-06 08:00:00,3170.0
2017-12-06 09:00:00,3146.0
2017-12-06 10:00:00,3379.0
2017-12-06 11:00:00,3567.0
2017-12-06 12:00:00,3547.0
2017-12-06 13:00:00,3787.0
2017-12-06 14:00:00,3855.0
2017-12-06 15:00:00,3696.0
2017-12-06 16:00:00,3578.0
2017-12-06 17:00:00,3698.0
2017-12-06 18:00:00,3921.0
2017-12-06 19:00:00,3816.0
2017-12-06 20:00:00,3692.0
2017-12-06 21:00:00,3544.0
2017-12-06 22:00:00,3377.0
2017-12-06 23:00:00,3608.0
2017-12-07 00:00:00,3582.0
2017-12-07 01:00:00,3863.0
2017-12-07 02:00:00,3670.0
2017-12-07 03:00:00,3626.0
2017-12-07 04:00:00,3386.0
2017-12-07 05:00:00,3298.0
2017-12-07 06:00:00,3200.0
2017-12-07 07:00:00,3129.0
2017-12-07 08:00:00,2968.0
2017-12-07 09:00:00,2399.0
2017-12-07 10:00:00,2318.0
2017-12-07 11:00:00,3443.0
2017-12-07 12:00:00,3082.0
2017-12-07 13:00:00,3076.0
2017-12-07 14:00:00,3269.0
2017-12-07 15:00:00,3254.0
2017-12-07 16:00:00,3059.0
2017-12-07 17:00:00,3229.0
2017-12-07 18:00:00,3225.0
2017-12-07 19:00:00,3229.0
2017-12-07 20:00:00,3156.0
2017-12-07 21:00:00,3189.0
2017-12-07 22:00:00,3209.0
2017-12-07 23:00:00,3298.0
2017-12-08 00:00:00,3407.0
2017-12-08 01:00:00,3470.0
2017-12-08 02:00:00,3279.0
2017-12-08 03:00:00,3166.0
2017-12-08 04:00:00,3060.0
2017-12-08 05:00:00,2962.0
2017-12-08 06:00:00,2960.0
2017-12-08 07:00:00,2892.0
2017-12-08 08:00:00,2737.0
2017-12-08 09:00:00,2649.0
2017-12-08 10:00:00,2689.0
2017-12-08 11:00:00,2771.0
2017-12-08 12:00:00,2674.0
2017-12-08 13:00:00,2669.0
2017-12-08 14:00:00,2650.0
2017-12-08 15:00:00,2689.0
2017-12-08 16:00:00,2643.0
2017-12-08 17:00:00,2645.0
2017-12-08 18:00:00,2615.0
2017-12-08 19:00:00,2192.0
2017-12-08 20:00:00,2875.0
2017-12-08 21:00:00,2698.0
2017-12-08 22:00:00,2687.0
2017-12-08 23:00:00,2670.0
2017-12-09 00:00:00,2645.0
2017-12-09 01:00:00,2748.0
2017-12-09 02:00:00,2681.0
2017-12-09 03:00:00,2676.0
2017-12-09 04:00:00,2642.0
2017-12-09 05:00:00,2641.0
2017-12-09 06:00:00,2662.0
2017-12-09 07:00:00,2735.0
2017-12-09 08:00:00,2670.0
2017-12-09 09:00:00,2834.0
2017-12-09 10:00:00,2950.0
2017-12-09 11:00:00,2993.0
2017-12-09 12:00:00,2908.0
2017-12-09 13:00:00,2993.0
2017-12-09 14:00:00,3148.0
2017-12-09 15:00:00,2925.0
2017-12-09 16:00:00,3138.0
2017-12-09 17:00:00,3171.0
2017-12-09 18:00:00,3299.0
2017-12-09 19:00:00,3176.0
2017-12-09 20:00:00,3316.0
2017-12-09 21:00:00,3333.0
2017-12-09 22:00:00,3347.0
2017-12-09 23:00:00,3365.0
2017-12-10 00:00:00,3565.0
2017-12-10 01:00:00,3602.0
2017-12-10 02:00:00,3462.0
2017-12-10 03:00:00,3171.0
2017-12-10 04:00:00,2962.0
2017-12-10 05:00:00,3028.0
2017-12-10 06:00:00,2865.0
2017-12-10 07:00:00,2752.0
2017-12-10 08:00:00,2688.0
2017-12-10 09:00:00,2836.0
2017-12-10 10:00:00,3106.0
2017-12-10 11:00:00,3260.0
2017-12-10 12:00:00,3242.0
2017-12-10 13:00:00,3726.0
2017-12-10 14:00:00,3816.0
2017-12-10 15:00:00,3640.0
2017-12-10 16:00:00,3848.0
2017-12-10 17:00:00,3966.0
2017-12-10 18:00:00,4002.0
2017-12-10 19:00:00,4014.0
2017-12-10 20:00:00,3811.0
2017-12-10 21:00:00,3659.0
2017-12-10 22:00:00,3556.0
2017-12-10 23:00:00,3694.0
2017-12-11 00:00:00,4003.0
2017-12-11 01:00:00,3881.0
2017-12-11 02:00:00,3681.0
2017-12-11 03:00:00,3622.0
2017-12-11 04:00:00,3390.0
2017-12-11 05:00:00,3240.0
2017-12-11 06:00:00,3226.0
2017-12-11 07:00:00,3152.0
2017-12-11 08:00:00,2967.0
2017-12-11 09:00:00,2926.0
2017-12-11 10:00:00,3051.0
2017-12-11 11:00:00,3225.0
2017-12-11 12:00:00,3376.0
2017-12-11 13:00:00,3365.0
2017-12-11 14:00:00,3352.0
2017-12-11 15:00:00,3486.0
2017-12-11 16:00:00,3832.0
2017-12-11 17:00:00,4140.0
2017-12-11 18:00:00,4340.0
2017-12-11 19:00:00,3993.0
2017-12-11 20:00:00,3950.0
2017-12-11 21:00:00,3630.0
2017-12-11 22:00:00,3465.0
2017-12-11 23:00:00,3370.0
2017-12-12 00:00:00,3211.0
2017-12-12 01:00:00,3262.0
2017-12-12 02:00:00,3098.0
2017-12-12 03:00:00,3060.0
2017-12-12 04:00:00,2969.0
2017-12-12 05:00:00,2862.0
2017-12-12 06:00:00,2879.0
2017-12-12 07:00:00,2852.0
2017-12-12 08:00:00,2795.0
2017-12-12 09:00:00,3056.0
2017-12-12 10:00:00,3297.0
2017-12-12 11:00:00,3510.0
2017-12-12 12:00:00,3360.0
2017-12-12 13:00:00,3379.0
2017-12-12 14:00:00,3826.0
2017-12-12 15:00:00,4300.0
2017-12-12 16:00:00,4298.0
2017-12-12 17:00:00,4304.0
2017-12-12 18:00:00,4442.0
2017-12-12 19:00:00,4632.0
2017-12-12 20:00:00,4440.0
2017-12-12 21:00:00,4121.0
2017-12-12 22:00:00,3607.0
2017-12-12 23:00:00,3795.0
2017-12-13 00:00:00,3911.0
2017-12-13 01:00:00,3954.0
2017-12-13 02:00:00,3822.0
2017-12-13 03:00:00,3665.0
2017-12-13 04:00:00,3433.0
2017-12-13 05:00:00,3387.0
2017-12-13 06:00:00,3263.0
2017-12-13 07:00:00,3023.0
2017-12-13 08:00:00,2820.0
2017-12-13 09:00:00,3101.0
2017-12-13 10:00:00,3193.0
2017-12-13 11:00:00,3517.0
2017-12-13 12:00:00,3637.0
2017-12-13 13:00:00,3823.0
2017-12-13 14:00:00,4054.0
2017-12-13 15:00:00,4058.0
2017-12-13 16:00:00,4240.0
2017-12-13 17:00:00,4307.0
2017-12-13 18:00:00,4330.0
2017-12-13 19:00:00,4269.0
2017-12-13 20:00:00,3922.0
2017-12-13 21:00:00,3762.0
2017-12-13 22:00:00,3518.0
2017-12-13 23:00:00,3653.0
2017-12-14 00:00:00,3736.0
2017-12-14 01:00:00,3756.0
2017-12-14 02:00:00,3549.0
2017-12-14 03:00:00,3464.0
2017-12-14 04:00:00,3299.0
2017-12-14 05:00:00,3149.0
2017-12-14 06:00:00,3188.0
2017-12-14 07:00:00,3125.0
2017-12-14 08:00:00,3030.0
2017-12-14 09:00:00,3006.0
2017-12-14 10:00:00,3126.0
2017-12-14 11:00:00,3217.0
2017-12-14 12:00:00,3236.0
2017-12-14 13:00:00,3354.0
2017-12-14 14:00:00,3618.0
2017-12-14 15:00:00,3574.0
2017-12-14 16:00:00,3985.0
2017-12-14 17:00:00,3990.0
2017-12-14 18:00:00,3994.0
2017-12-14 19:00:00,3860.0
2017-12-14 20:00:00,3812.0
2017-12-14 21:00:00,3662.0
2017-12-14 22:00:00,3637.0
2017-12-14 23:00:00,3572.0
2017-12-15 00:00:00,3762.0
2017-12-15 01:00:00,3846.0
2017-12-15 02:00:00,3584.0
2017-12-15 03:00:00,3358.0
2017-12-15 04:00:00,3234.0
2017-12-15 05:00:00,2832.0
2017-12-15 06:00:00,2907.0
2017-12-15 07:00:00,2765.0
2017-12-15 08:00:00,2722.0
2017-12-15 09:00:00,2729.0
2017-12-15 10:00:00,2721.0
2017-12-15 11:00:00,2800.0
2017-12-15 12:00:00,2880.0
2017-12-15 13:00:00,2877.0
2017-12-15 14:00:00,3042.0
2017-12-15 15:00:00,2972.0
2017-12-15 16:00:00,3094.0
2017-12-15 17:00:00,3188.0
2017-12-15 18:00:00,3072.0
2017-12-15 19:00:00,3072.0
2017-12-15 20:00:00,3085.0
2017-12-15 21:00:00,2996.0
2017-12-15 22:00:00,3009.0
2017-12-15 23:00:00,2943.0
2017-12-16 00:00:00,2976.0
2017-12-16 01:00:00,2831.0
2017-12-16 02:00:00,2832.0
2017-12-16 03:00:00,2862.0
2017-12-16 04:00:00,2842.0
2017-12-16 05:00:00,2822.0
2017-12-16 06:00:00,2843.0
2017-12-16 07:00:00,2722.0
2017-12-16 08:00:00,2803.0
2017-12-16 09:00:00,2814.0
2017-12-16 10:00:00,3123.0
2017-12-16 11:00:00,3337.0
2017-12-16 12:00:00,3265.0
2017-12-16 13:00:00,3412.0
2017-12-16 14:00:00,3586.0
2017-12-16 15:00:00,3480.0
2017-12-16 16:00:00,3639.0
2017-12-16 17:00:00,3719.0
2017-12-16 18:00:00,3877.0
2017-12-16 19:00:00,3712.0
2017-12-16 20:00:00,3582.0
2017-12-16 21:00:00,3729.0
2017-12-16 22:00:00,3381.0
2017-12-16 23:00:00,3560.0
2017-12-17 00:00:00,3861.0
2017-12-17 01:00:00,3818.0
2017-12-17 02:00:00,3784.0
2017-12-17 03:00:00,3471.0
2017-12-17 04:00:00,3377.0
2017-12-17 05:00:00,3232.0
2017-12-17 06:00:00,3144.0
2017-12-17 07:00:00,3070.0
2017-12-17 08:00:00,3072.0
2017-12-17 09:00:00,3069.0
2017-12-17 10:00:00,3197.0
2017-12-17 11:00:00,3395.0
2017-12-17 12:00:00,3496.0
2017-12-17 13:00:00,3499.0
2017-12-17 14:00:00,3632.0
2017-12-17 15:00:00,3639.0
2017-12-17 16:00:00,3773.0
2017-12-17 17:00:00,3858.0
2017-12-17 18:00:00,4182.0
2017-12-17 19:00:00,4077.0
2017-12-17 20:00:00,3905.0
2017-12-17 21:00:00,3725.0
2017-12-17 22:00:00,3768.0
2017-12-17 23:00:00,3730.0
2017-12-18 00:00:00,3793.0
2017-12-18 01:00:00,3834.0
2017-12-18 02:00:00,3838.0
2017-12-18 03:00:00,3615.0
2017-12-18 04:00:00,3585.0
2017-12-18 05:00:00,3311.0
2017-12-18 06:00:00,3342.0
2017-12-18 07:00:00,3011.0
2017-12-18 08:00:00,3007.0
2017-12-18 09:00:00,3018.0
2017-12-18 10:00:00,3260.0
2017-12-18 11:00:00,3351.0
2017-12-18 12:00:00,3366.0
2017-12-18 13:00:00,3241.0
2017-12-18 14:00:00,3421.0
2017-12-18 15:00:00,3307.0
2017-12-18 16:00:00,3490.0
2017-12-18 17:00:00,3632.0
2017-12-18 18:00:00,3665.0
2017-12-18 19:00:00,3468.0
2017-12-18 20:00:00,3445.0
2017-12-18 21:00:00,3465.0
2017-12-18 22:00:00,3321.0
2017-12-18 23:00:00,3510.0
2017-12-19 00:00:00,3481.0
2017-12-19 01:00:00,3459.0
2017-12-19 02:00:00,3250.0
2017-12-19 03:00:00,3054.0
2017-12-19 04:00:00,3028.0
2017-12-19 05:00:00,2907.0
2017-12-19 06:00:00,2929.0
2017-12-19 07:00:00,2852.0
2017-12-19 08:00:00,2892.0
2017-12-19 09:00:00,3023.0
2017-12-19 10:00:00,3163.0
2017-12-19 11:00:00,3430.0
2017-12-19 12:00:00,3423.0
2017-12-19 13:00:00,3576.0
2017-12-19 14:00:00,3807.0
2017-12-19 15:00:00,3982.0
2017-12-19 16:00:00,4009.0
2017-12-19 17:00:00,4140.0
2017-12-19 18:00:00,4037.0
2017-12-19 19:00:00,4224.0
2017-12-19 20:00:00,4030.0
2017-12-19 21:00:00,3858.0
2017-12-19 22:00:00,3675.0
2017-12-19 23:00:00,3751.0
2017-12-20 00:00:00,3853.0
2017-12-20 01:00:00,3935.0
2017-12-20 02:00:00,3798.0
2017-12-20 03:00:00,3782.0
2017-12-20 04:00:00,3630.0
2017-12-20 05:00:00,3344.0
2017-12-20 06:00:00,3324.0
2017-12-20 07:00:00,3109.0
2017-12-20 08:00:00,2884.0
2017-12-20 09:00:00,2909.0
2017-12-20 10:00:00,3217.0
2017-12-20 11:00:00,3328.0
2017-12-20 12:00:00,3486.0
2017-12-20 13:00:00,3614.0
2017-12-20 14:00:00,3802.0
2017-12-20 15:00:00,3868.0
2017-12-20 16:00:00,3828.0
2017-12-20 17:00:00,4043.0
2017-12-20 18:00:00,4314.0
2017-12-20 19:00:00,4062.0
2017-12-20 20:00:00,3869.0
2017-12-20 21:00:00,3789.0
2017-12-20 22:00:00,3693.0
2017-12-20 23:00:00,3741.0
2017-12-21 00:00:00,3897.0
2017-12-21 01:00:00,3914.0
2017-12-21 02:00:00,3762.0
2017-12-21 03:00:00,3665.0
2017-12-21 04:00:00,3552.0
2017-12-21 05:00:00,3389.0
2017-12-21 06:00:00,3364.0
2017-12-21 07:00:00,3158.0
2017-12-21 08:00:00,3022.0
2017-12-21 09:00:00,3125.0
2017-12-21 10:00:00,3186.0
2017-12-21 11:00:00,3507.0
2017-12-21 12:00:00,3582.0
2017-12-21 13:00:00,3612.0
2017-12-21 14:00:00,3909.0
2017-12-21 15:00:00,3764.0
2017-12-21 16:00:00,3886.0
2017-12-21 17:00:00,3745.0
2017-12-21 18:00:00,3166.0
2017-12-21 19:00:00,3675.0
2017-12-21 20:00:00,3629.0
2017-12-21 21:00:00,3541.0
2017-12-21 22:00:00,3511.0
2017-12-21 23:00:00,3608.0
2017-12-22 00:00:00,3855.0
2017-12-22 01:00:00,3860.0
2017-12-22 02:00:00,3602.0
2017-12-22 03:00:00,3526.0
2017-12-22 04:00:00,3406.0
2017-12-22 05:00:00,3241.0
2017-12-22 06:00:00,3239.0
2017-12-22 07:00:00,2864.0
2017-12-22 08:00:00,2711.0
2017-12-22 09:00:00,2802.0
2017-12-22 10:00:00,2844.0
2017-12-22 11:00:00,3035.0
2017-12-22 12:00:00,2970.0
2017-12-22 13:00:00,3097.0
2017-12-22 14:00:00,3364.0
2017-12-22 15:00:00,3270.0
2017-12-22 16:00:00,3269.0
2017-12-22 17:00:00,3443.0
2017-12-22 18:00:00,3366.0
2017-12-22 19:00:00,3239.0
2017-12-22 20:00:00,3195.0
2017-12-22 21:00:00,3201.0
2017-12-22 22:00:00,3095.0
2017-12-22 23:00:00,3042.0
2017-12-23 00:00:00,3044.0
2017-12-23 01:00:00,3134.0
2017-12-23 02:00:00,3046.0
2017-12-23 03:00:00,3033.0
2017-12-23 04:00:00,2990.0
2017-12-23 05:00:00,2983.0
2017-12-23 06:00:00,2905.0
2017-12-23 07:00:00,2946.0
2017-12-23 08:00:00,3057.0
2017-12-23 09:00:00,3215.0
2017-12-23 10:00:00,3642.0
2017-12-23 11:00:00,3865.0
2017-12-23 12:00:00,3956.0
2017-12-23 13:00:00,4127.0
2017-12-23 14:00:00,4441.0
2017-12-23 15:00:00,4427.0
2017-12-23 16:00:00,4743.0
2017-12-23 17:00:00,4712.0
2017-12-23 18:00:00,4802.0
2017-12-23 19:00:00,4503.0
2017-12-23 20:00:00,4417.0
2017-12-23 21:00:00,4324.0
2017-12-23 22:00:00,4243.0
2017-12-23 23:00:00,4301.0
2017-12-24 00:00:00,4481.0
2017-12-24 01:00:00,4400.0
2017-12-24 02:00:00,4146.0
2017-12-24 03:00:00,4074.0
2017-12-24 04:00:00,3929.0
2017-12-24 05:00:00,3760.0
2017-12-24 06:00:00,3658.0
2017-12-24 07:00:00,3519.0
2017-12-24 08:00:00,3492.0
2017-12-24 09:00:00,3595.0
2017-12-24 10:00:00,3855.0
2017-12-24 11:00:00,4315.0
2017-12-24 12:00:00,4216.0
2017-12-24 13:00:00,4607.0
2017-12-24 14:00:00,4844.0
2017-12-24 15:00:00,4728.0
2017-12-24 16:00:00,4657.0
2017-12-24 17:00:00,4317.0
2017-12-24 18:00:00,4261.0
2017-12-24 19:00:00,4252.0
2017-12-24 20:00:00,4302.0
2017-12-24 21:00:00,4290.0
2017-12-24 22:00:00,4392.0
2017-12-24 23:00:00,4355.0
2017-12-25 00:00:00,4470.0
2017-12-25 01:00:00,4416.0
2017-12-25 02:00:00,4138.0
2017-12-25 03:00:00,4073.0
2017-12-25 04:00:00,3872.0
2017-12-25 05:00:00,3641.0
2017-12-25 06:00:00,3499.0
2017-12-25 07:00:00,3521.0
2017-12-25 08:00:00,3537.0
2017-12-25 09:00:00,3548.0
2017-12-25 10:00:00,3693.0
2017-12-25 11:00:00,4240.0
2017-12-25 12:00:00,4025.0
2017-12-25 13:00:00,4305.0
2017-12-25 14:00:00,4714.0
2017-12-25 15:00:00,4638.0
2017-12-25 16:00:00,4828.0
2017-12-25 17:00:00,4888.0
2017-12-25 18:00:00,4943.0
2017-12-25 19:00:00,4644.0
2017-12-25 20:00:00,4475.0
2017-12-25 21:00:00,3829.0
2017-12-25 22:00:00,3901.0
2017-12-25 23:00:00,4129.0
2017-12-26 00:00:00,4114.0
2017-12-26 01:00:00,4043.0
2017-12-26 02:00:00,3800.0
2017-12-26 03:00:00,3713.0
2017-12-26 04:00:00,3460.0
2017-12-26 05:00:00,3365.0
2017-12-26 06:00:00,3268.0
2017-12-26 07:00:00,3247.0
2017-12-26 08:00:00,3191.0
2017-12-26 09:00:00,3373.0
2017-12-26 10:00:00,3810.0
2017-12-26 11:00:00,4349.0
2017-12-26 12:00:00,4468.0
2017-12-26 13:00:00,4962.0
2017-12-26 14:00:00,5074.0
2017-12-26 15:00:00,4982.0
2017-12-26 16:00:00,5003.0
2017-12-26 17:00:00,5063.0
2017-12-26 18:00:00,5112.0
2017-12-26 19:00:00,4883.0
2017-12-26 20:00:00,4938.0
2017-12-26 21:00:00,5100.0
2017-12-26 22:00:00,4994.0
2017-12-26 23:00:00,4887.0
2017-12-27 00:00:00,5058.0
2017-12-27 01:00:00,4892.0
2017-12-27 02:00:00,4618.0
2017-12-27 03:00:00,4558.0
2017-12-27 04:00:00,4320.0
2017-12-27 05:00:00,4148.0
2017-12-27 06:00:00,4035.0
2017-12-27 07:00:00,3869.0
2017-12-27 08:00:00,3804.0
2017-12-27 09:00:00,3934.0
2017-12-27 10:00:00,4169.0
2017-12-27 11:00:00,4304.0
2017-12-27 12:00:00,4426.0
2017-12-27 13:00:00,4615.0
2017-12-27 14:00:00,4899.0
2017-12-27 15:00:00,4848.0
2017-12-27 16:00:00,4934.0
2017-12-27 17:00:00,5026.0
2017-12-27 18:00:00,4932.0
2017-12-27 19:00:00,4705.0
2017-12-27 20:00:00,4654.0
2017-12-27 21:00:00,4460.0
2017-12-27 22:00:00,4308.0
2017-12-27 23:00:00,4291.0
2017-12-28 00:00:00,4481.0
2017-12-28 01:00:00,4389.0
2017-12-28 02:00:00,4078.0
2017-12-28 03:00:00,4050.0
2017-12-28 04:00:00,3834.0
2017-12-28 05:00:00,3678.0
2017-12-28 06:00:00,3640.0
2017-12-28 07:00:00,3601.0
2017-12-28 08:00:00,3576.0
2017-12-28 09:00:00,3688.0
2017-12-28 10:00:00,3697.0
2017-12-28 11:00:00,3792.0
2017-12-28 12:00:00,3881.0
2017-12-28 13:00:00,3795.0
2017-12-28 14:00:00,3955.0
2017-12-28 15:00:00,3914.0
2017-12-28 16:00:00,3997.0
2017-12-28 17:00:00,3866.0
2017-12-28 18:00:00,3710.0
2017-12-28 19:00:00,3565.0
2017-12-28 20:00:00,3656.0
2017-12-28 21:00:00,3913.0
2017-12-28 22:00:00,4430.0
2017-12-28 23:00:00,4458.0
2017-12-29 00:00:00,4567.0
2017-12-29 01:00:00,4564.0
2017-12-29 02:00:00,4380.0
2017-12-29 03:00:00,4331.0
2017-12-29 04:00:00,4167.0
2017-12-29 05:00:00,3981.0
2017-12-29 06:00:00,3944.0
2017-12-29 07:00:00,3825.0
2017-12-29 08:00:00,3428.0
2017-12-29 09:00:00,3265.0
2017-12-29 10:00:00,3315.0
2017-12-29 11:00:00,3465.0
2017-12-29 12:00:00,3542.0
2017-12-29 13:00:00,3707.0
2017-12-29 14:00:00,3574.0
2017-12-29 15:00:00,3557.0
2017-12-29 16:00:00,3625.0
2017-12-29 17:00:00,3506.0
2017-12-29 18:00:00,3517.0
2017-12-29 19:00:00,3478.0
2017-12-29 20:00:00,3532.0
2017-12-29 21:00:00,3867.0
2017-12-29 22:00:00,4051.0
2017-12-29 23:00:00,3630.0
2017-12-30 00:00:00,3551.0
2017-12-30 01:00:00,3629.0
2017-12-30 02:00:00,3556.0
2017-12-30 03:00:00,3489.0
2017-12-30 04:00:00,3401.0
2017-12-30 05:00:00,3333.0
2017-12-30 06:00:00,3342.0
2017-12-30 07:00:00,3242.0
2017-12-30 08:00:00,3245.0
2017-12-30 09:00:00,3349.0
2017-12-30 10:00:00,3546.0
2017-12-30 11:00:00,3890.0
2017-12-30 12:00:00,4027.0
2017-12-30 13:00:00,4536.0
2017-12-30 14:00:00,5019.0
2017-12-30 15:00:00,4966.0
2017-12-30 16:00:00,4903.0
2017-12-30 17:00:00,4982.0
2017-12-30 18:00:00,4938.0
2017-12-30 19:00:00,4889.0
2017-12-30 20:00:00,4739.0
2017-12-30 21:00:00,4268.0
2017-12-30 22:00:00,4025.0
2017-12-30 23:00:00,3992.0
2017-12-31 00:00:00,4072.0
2017-12-31 01:00:00,3976.0
2017-12-31 02:00:00,3851.0
2017-12-31 03:00:00,3794.0
2017-12-31 04:00:00,3608.0
2017-12-31 05:00:00,3479.0
2017-12-31 06:00:00,3358.0
2017-12-31 07:00:00,3276.0
2017-12-31 08:00:00,3061.0
2017-12-31 09:00:00,2956.0
2017-12-31 10:00:00,3298.0
2017-12-31 11:00:00,3479.0
2017-12-31 12:00:00,3550.0
2017-12-31 13:00:00,3829.0
2017-12-31 14:00:00,3887.0
2017-12-31 15:00:00,3863.0
2017-12-31 16:00:00,3881.0
2017-12-31 17:00:00,4117.0
2017-12-31 18:00:00,4301.0
2017-12-31 19:00:00,4414.0
2017-12-31 20:00:00,4294.0
2017-12-31 21:00:00,4180.0
2017-12-31 22:00:00,3919.0
2017-12-31 23:00:00,3919.0
2018-01-01 00:00:00,4147.0
2018-01-01 01:00:00,4218.0
2018-01-01 02:00:00,3893.0
2018-01-01 03:00:00,3857.0
2018-01-01 04:00:00,3424.0
2018-01-01 05:00:00,3397.0
2018-01-01 06:00:00,3357.0
2018-01-01 07:00:00,3283.0
2018-01-01 08:00:00,3213.0
2018-01-01 09:00:00,3383.0
2018-01-01 10:00:00,3622.0
2018-01-01 11:00:00,4069.0
2018-01-01 12:00:00,4152.0
2018-01-01 13:00:00,4638.0
2018-01-01 14:00:00,4964.0
2018-01-01 15:00:00,4823.0
2018-01-01 16:00:00,4943.0
2018-01-01 17:00:00,5032.0
2018-01-01 18:00:00,4992.0
2018-01-01 19:00:00,4890.0
2018-01-01 20:00:00,4818.0
2018-01-01 21:00:00,4642.0
2018-01-01 22:00:00,4104.0
2018-01-01 23:00:00,4168.0
2018-01-02 00:00:00,4310.0
2018-01-02 01:00:00,4212.0
2018-01-02 02:00:00,3928.0
2018-01-02 03:00:00,3817.0
2018-01-02 04:00:00,3708.0
2018-01-02 05:00:00,3548.0
2018-01-02 06:00:00,3497.0
2018-01-02 07:00:00,3481.0
2018-01-02 08:00:00,3480.0
2018-01-02 09:00:00,3543.0
2018-01-02 10:00:00,4002.0
2018-01-02 11:00:00,4676.0
2018-01-02 12:00:00,4925.0
2018-01-02 13:00:00,5090.0
2018-01-02 14:00:00,4792.0
2018-01-02 15:00:00,4531.0
2018-01-02 16:00:00,4580.0
2018-01-02 17:00:00,4606.0
2018-01-02 18:00:00,4600.0
2018-01-02 19:00:00,4769.0
2018-01-02 20:00:00,4581.0
2018-01-02 21:00:00,4636.0
2018-01-02 22:00:00,4542.0
2018-01-02 23:00:00,4604.0
2018-01-03 00:00:00,4818.0
2018-01-03 01:00:00,4765.0
2018-01-03 02:00:00,4433.0
2018-01-03 03:00:00,4307.0
2018-01-03 04:00:00,4223.0
2018-01-03 05:00:00,4039.0
2018-01-03 06:00:00,3970.0
2018-01-03 07:00:00,3873.0
2018-01-03 08:00:00,3875.0
2018-01-03 09:00:00,3897.0
2018-01-03 10:00:00,4223.0
2018-01-03 11:00:00,4543.0
2018-01-03 12:00:00,4624.0
2018-01-03 13:00:00,4643.0
2018-01-03 14:00:00,4850.0
2018-01-03 15:00:00,4721.0
2018-01-03 16:00:00,4786.0
2018-01-03 17:00:00,4724.0
2018-01-03 18:00:00,4997.0
2018-01-03 19:00:00,5306.0
2018-01-03 20:00:00,4546.0
2018-01-03 21:00:00,4693.0
2018-01-03 22:00:00,4645.0
2018-01-03 23:00:00,4702.0
2018-01-04 00:00:00,4893.0
2018-01-04 01:00:00,4819.0
2018-01-04 02:00:00,4457.0
2018-01-04 03:00:00,4309.0
2018-01-04 04:00:00,4160.0
2018-01-04 05:00:00,3980.0
2018-01-04 06:00:00,3946.0
2018-01-04 07:00:00,3779.0
2018-01-04 08:00:00,3742.0
2018-01-04 09:00:00,3842.0
2018-01-04 10:00:00,3850.0
2018-01-04 11:00:00,3937.0
2018-01-04 12:00:00,3870.0
2018-01-04 13:00:00,3897.0
2018-01-04 14:00:00,4011.0
2018-01-04 15:00:00,4048.0
2018-01-04 16:00:00,3824.0
2018-01-04 17:00:00,3744.0
2018-01-04 18:00:00,4064.0
2018-01-04 19:00:00,3920.0
2018-01-04 20:00:00,3877.0
2018-01-04 21:00:00,3839.0
2018-01-04 22:00:00,3952.0
2018-01-04 23:00:00,4715.0
2018-01-05 00:00:00,5076.0
2018-01-05 01:00:00,5090.0
2018-01-05 02:00:00,4859.0
2018-01-05 03:00:00,4763.0
2018-01-05 04:00:00,4583.0
2018-01-05 05:00:00,4317.0
2018-01-05 06:00:00,4073.0
2018-01-05 07:00:00,3777.0
2018-01-05 08:00:00,3663.0
2018-01-05 09:00:00,3583.0
2018-01-05 10:00:00,3748.0
2018-01-05 11:00:00,3462.0
2018-01-05 12:00:00,3498.0
2018-01-05 13:00:00,3645.0
2018-01-05 14:00:00,3705.0
2018-01-05 15:00:00,3750.0
2018-01-05 16:00:00,3858.0
2018-01-05 17:00:00,3956.0
2018-01-05 18:00:00,3700.0
2018-01-05 19:00:00,3308.0
2018-01-05 20:00:00,3422.0
2018-01-05 21:00:00,3327.0
2018-01-05 22:00:00,3281.0
2018-01-05 23:00:00,3223.0
2018-01-06 00:00:00,3213.0
2018-01-06 01:00:00,3272.0
2018-01-06 02:00:00,3172.0
2018-01-06 03:00:00,3194.0
2018-01-06 04:00:00,3133.0
2018-01-06 05:00:00,3092.0
2018-01-06 06:00:00,3189.0
2018-01-06 07:00:00,3140.0
2018-01-06 08:00:00,3143.0
2018-01-06 09:00:00,3266.0
2018-01-06 10:00:00,3900.0
2018-01-06 11:00:00,4563.0
2018-01-06 12:00:00,4453.0
2018-01-06 13:00:00,4578.0
2018-01-06 14:00:00,4864.0
2018-01-06 15:00:00,5130.0
2018-01-06 16:00:00,4825.0
2018-01-06 17:00:00,4697.0
2018-01-06 18:00:00,4773.0
2018-01-06 19:00:00,4812.0
2018-01-06 20:00:00,4690.0
2018-01-06 21:00:00,4576.0
2018-01-06 22:00:00,4580.0
2018-01-06 23:00:00,4529.0
2018-01-07 00:00:00,4829.0
2018-01-07 01:00:00,4653.0
2018-01-07 02:00:00,4361.0
2018-01-07 03:00:00,4248.0
2018-01-07 04:00:00,4082.0
2018-01-07 05:00:00,3851.0
2018-01-07 06:00:00,3783.0
2018-01-07 07:00:00,3649.0
2018-01-07 08:00:00,3536.0
2018-01-07 09:00:00,3485.0
2018-01-07 10:00:00,3859.0
2018-01-07 11:00:00,4597.0
2018-01-07 12:00:00,4688.0
2018-01-07 13:00:00,4946.0
2018-01-07 14:00:00,4765.0
2018-01-07 15:00:00,4805.0
2018-01-07 16:00:00,4778.0
2018-01-07 17:00:00,4740.0
2018-01-07 18:00:00,4620.0
2018-01-07 19:00:00,4711.0
2018-01-07 20:00:00,4814.0
2018-01-07 21:00:00,4896.0
2018-01-07 22:00:00,4651.0
2018-01-07 23:00:00,4576.0
2018-01-08 00:00:00,4689.0
2018-01-08 01:00:00,4561.0
2018-01-08 02:00:00,4238.0
2018-01-08 03:00:00,4121.0
2018-01-08 04:00:00,3939.0
2018-01-08 05:00:00,3807.0
2018-01-08 06:00:00,3743.0
2018-01-08 07:00:00,3509.0
2018-01-08 08:00:00,3196.0
2018-01-08 09:00:00,3269.0
2018-01-08 10:00:00,3664.0
2018-01-08 11:00:00,4103.0
2018-01-08 12:00:00,4285.0
2018-01-08 13:00:00,4452.0
2018-01-08 14:00:00,4906.0
2018-01-08 15:00:00,5190.0
2018-01-08 16:00:00,5227.0
2018-01-08 17:00:00,5255.0
2018-01-08 18:00:00,5222.0
2018-01-08 19:00:00,5180.0
2018-01-08 20:00:00,5229.0
2018-01-08 21:00:00,4940.0
2018-01-08 22:00:00,4569.0
2018-01-08 23:00:00,4319.0
2018-01-09 00:00:00,4368.0
2018-01-09 01:00:00,4171.0
2018-01-09 02:00:00,3917.0
2018-01-09 03:00:00,3754.0
2018-01-09 04:00:00,3526.0
2018-01-09 05:00:00,3385.0
2018-01-09 06:00:00,3354.0
2018-01-09 07:00:00,3262.0
2018-01-09 08:00:00,3197.0
2018-01-09 09:00:00,3304.0
2018-01-09 10:00:00,3579.0
2018-01-09 11:00:00,3799.0
2018-01-09 12:00:00,3779.0
2018-01-09 13:00:00,3842.0
2018-01-09 14:00:00,4011.0
2018-01-09 15:00:00,4021.0
2018-01-09 16:00:00,4185.0
2018-01-09 17:00:00,4555.0
2018-01-09 18:00:00,4904.0
2018-01-09 19:00:00,4907.0
2018-01-09 20:00:00,4847.0
2018-01-09 21:00:00,4760.0
2018-01-09 22:00:00,4509.0
2018-01-09 23:00:00,4394.0
2018-01-10 00:00:00,4336.0
2018-01-10 01:00:00,4154.0
2018-01-10 02:00:00,3940.0
2018-01-10 03:00:00,3868.0
2018-01-10 04:00:00,3769.0
2018-01-10 05:00:00,3735.0
2018-01-10 06:00:00,3498.0
2018-01-10 07:00:00,3507.0
2018-01-10 08:00:00,3396.0
2018-01-10 09:00:00,3438.0
2018-01-10 10:00:00,3627.0
2018-01-10 11:00:00,3714.0
2018-01-10 12:00:00,3755.0
2018-01-10 13:00:00,3774.0
2018-01-10 14:00:00,3931.0
2018-01-10 15:00:00,3865.0
2018-01-10 16:00:00,3854.0
2018-01-10 17:00:00,3860.0
2018-01-10 18:00:00,4075.0
2018-01-10 19:00:00,4052.0
2018-01-10 20:00:00,4120.0
2018-01-10 21:00:00,4069.0
2018-01-10 22:00:00,3990.0
2018-01-10 23:00:00,4088.0
2018-01-11 00:00:00,4245.0
2018-01-11 01:00:00,4145.0
2018-01-11 02:00:00,3974.0
2018-01-11 03:00:00,3838.0
2018-01-11 04:00:00,3681.0
2018-01-11 05:00:00,3601.0
2018-01-11 06:00:00,3481.0
2018-01-11 07:00:00,3437.0
2018-01-11 08:00:00,3292.0
2018-01-11 09:00:00,3207.0
2018-01-11 10:00:00,3193.0
2018-01-11 11:00:00,3320.0
2018-01-11 12:00:00,3252.0
2018-01-11 13:00:00,3138.0
2018-01-11 14:00:00,3256.0
2018-01-11 15:00:00,3114.0
2018-01-11 16:00:00,3098.0
2018-01-11 17:00:00,3154.0
2018-01-11 18:00:00,3654.0
2018-01-11 19:00:00,3562.0
2018-01-11 20:00:00,3642.0
2018-01-11 21:00:00,3667.0
2018-01-11 22:00:00,3595.0
2018-01-11 23:00:00,3636.0
2018-01-12 00:00:00,3801.0
2018-01-12 01:00:00,3855.0
2018-01-12 02:00:00,3686.0
2018-01-12 03:00:00,3574.0
2018-01-12 04:00:00,3441.0
2018-01-12 05:00:00,3210.0
2018-01-12 06:00:00,3283.0
2018-01-12 07:00:00,3181.0
2018-01-12 08:00:00,2868.0
2018-01-12 09:00:00,2787.0
2018-01-12 10:00:00,2932.0
2018-01-12 11:00:00,2848.0
2018-01-12 12:00:00,2823.0
2018-01-12 13:00:00,2977.0
2018-01-12 14:00:00,3001.0
2018-01-12 15:00:00,3037.0
2018-01-12 16:00:00,3130.0
2018-01-12 17:00:00,3094.0
2018-01-12 18:00:00,3166.0
2018-01-12 19:00:00,3196.0
2018-01-12 20:00:00,3359.0
2018-01-12 21:00:00,3202.0
2018-01-12 22:00:00,3122.0
2018-01-12 23:00:00,3025.0
2018-01-13 00:00:00,2946.0
2018-01-13 01:00:00,2977.0
2018-01-13 02:00:00,2892.0
2018-01-13 03:00:00,2888.0
2018-01-13 04:00:00,2770.0
2018-01-13 05:00:00,2761.0
2018-01-13 06:00:00,2827.0
2018-01-13 07:00:00,2835.0
2018-01-13 08:00:00,2806.0
2018-01-13 09:00:00,2990.0
2018-01-13 10:00:00,3330.0
2018-01-13 11:00:00,3595.0
2018-01-13 12:00:00,3583.0
2018-01-13 13:00:00,3803.0
2018-01-13 14:00:00,4068.0
2018-01-13 15:00:00,4122.0
2018-01-13 16:00:00,4292.0
2018-01-13 17:00:00,4447.0
2018-01-13 18:00:00,4658.0
2018-01-13 19:00:00,5143.0
2018-01-13 20:00:00,4976.0
2018-01-13 21:00:00,4587.0
2018-01-13 22:00:00,4359.0
2018-01-13 23:00:00,4290.0
2018-01-14 00:00:00,4315.0
2018-01-14 01:00:00,4025.0
2018-01-14 02:00:00,3797.0
2018-01-14 03:00:00,3652.0
2018-01-14 04:00:00,3492.0
2018-01-14 05:00:00,3434.0
2018-01-14 06:00:00,3357.0
2018-01-14 07:00:00,3192.0
2018-01-14 08:00:00,3013.0
2018-01-14 09:00:00,3239.0
2018-01-14 10:00:00,3380.0
2018-01-14 11:00:00,3524.0
2018-01-14 12:00:00,3651.0
2018-01-14 13:00:00,3902.0
2018-01-14 14:00:00,4251.0
2018-01-14 15:00:00,4228.0
2018-01-14 16:00:00,4453.0
2018-01-14 17:00:00,4596.0
2018-01-14 18:00:00,5186.0
2018-01-14 19:00:00,5117.0
2018-01-14 20:00:00,4980.0
2018-01-14 21:00:00,4627.0
2018-01-14 22:00:00,4394.0
2018-01-14 23:00:00,4300.0
2018-01-15 00:00:00,4409.0
2018-01-15 01:00:00,4059.0
2018-01-15 02:00:00,3808.0
2018-01-15 03:00:00,3730.0
2018-01-15 04:00:00,3577.0
2018-01-15 05:00:00,3403.0
2018-01-15 06:00:00,3260.0
2018-01-15 07:00:00,3119.0
2018-01-15 08:00:00,3008.0
2018-01-15 09:00:00,3254.0
2018-01-15 10:00:00,3477.0
2018-01-15 11:00:00,3618.0
2018-01-15 12:00:00,3710.0
2018-01-15 13:00:00,4048.0
2018-01-15 14:00:00,4219.0
2018-01-15 15:00:00,4109.0
2018-01-15 16:00:00,4419.0
2018-01-15 17:00:00,4713.0
2018-01-15 18:00:00,5130.0
2018-01-15 19:00:00,5179.0
2018-01-15 20:00:00,5097.0
2018-01-15 21:00:00,4812.0
2018-01-15 22:00:00,4549.0
2018-01-15 23:00:00,4399.0
2018-01-16 00:00:00,4481.0
2018-01-16 01:00:00,4442.0
2018-01-16 02:00:00,4091.0
2018-01-16 03:00:00,3750.0
2018-01-16 04:00:00,3560.0
2018-01-16 05:00:00,3481.0
2018-01-16 06:00:00,3413.0
2018-01-16 07:00:00,3175.0
2018-01-16 08:00:00,3102.0
2018-01-16 09:00:00,3340.0
2018-01-16 10:00:00,3540.0
2018-01-16 11:00:00,3847.0
2018-01-16 12:00:00,3765.0
2018-01-16 13:00:00,3896.0
2018-01-16 14:00:00,4032.0
2018-01-16 15:00:00,4045.0
2018-01-16 16:00:00,4193.0
2018-01-16 17:00:00,4503.0
2018-01-16 18:00:00,4670.0
2018-01-16 19:00:00,4695.0
2018-01-16 20:00:00,5045.0
2018-01-16 21:00:00,4859.0
2018-01-16 22:00:00,4689.0
2018-01-16 23:00:00,4374.0
2018-01-17 00:00:00,4470.0
2018-01-17 01:00:00,4179.0
2018-01-17 02:00:00,3886.0
2018-01-17 03:00:00,3729.0
2018-01-17 04:00:00,3531.0
2018-01-17 05:00:00,3328.0
2018-01-17 06:00:00,3330.0
2018-01-17 07:00:00,3169.0
2018-01-17 08:00:00,3144.0
2018-01-17 09:00:00,3227.0
2018-01-17 10:00:00,3425.0
2018-01-17 11:00:00,3636.0
2018-01-17 12:00:00,3773.0
2018-01-17 13:00:00,3854.0
2018-01-17 14:00:00,4085.0
2018-01-17 15:00:00,4171.0
2018-01-17 16:00:00,4439.0
2018-01-17 17:00:00,4592.0
2018-01-17 18:00:00,4816.0
2018-01-17 19:00:00,4639.0
2018-01-17 20:00:00,4441.0
2018-01-17 21:00:00,4262.0
2018-01-17 22:00:00,4091.0
2018-01-17 23:00:00,4121.0
2018-01-18 00:00:00,4287.0
2018-01-18 01:00:00,4225.0
2018-01-18 02:00:00,3981.0
2018-01-18 03:00:00,3863.0
2018-01-18 04:00:00,3617.0
2018-01-18 05:00:00,3504.0
2018-01-18 06:00:00,3434.0
2018-01-18 07:00:00,3286.0
2018-01-18 08:00:00,3086.0
2018-01-18 09:00:00,3116.0
2018-01-18 10:00:00,3163.0
2018-01-18 11:00:00,3237.0
2018-01-18 12:00:00,3175.0
2018-01-18 13:00:00,3302.0
2018-01-18 14:00:00,3395.0
2018-01-18 15:00:00,3413.0
2018-01-18 16:00:00,3508.0
2018-01-18 17:00:00,3750.0
2018-01-18 18:00:00,3745.0
2018-01-18 19:00:00,3720.0
2018-01-18 20:00:00,3767.0
2018-01-18 21:00:00,3658.0
2018-01-18 22:00:00,3811.0
2018-01-18 23:00:00,3654.0
2018-01-19 00:00:00,3645.0
2018-01-19 01:00:00,3737.0
2018-01-19 02:00:00,3544.0
2018-01-19 03:00:00,3446.0
2018-01-19 04:00:00,3334.0
2018-01-19 05:00:00,3162.0
2018-01-19 06:00:00,3150.0
2018-01-19 07:00:00,2900.0
2018-01-19 08:00:00,2812.0
2018-01-19 09:00:00,2833.0
2018-01-19 10:00:00,2865.0
2018-01-19 11:00:00,2767.0
2018-01-19 12:00:00,2745.0
2018-01-19 13:00:00,2867.0
2018-01-19 14:00:00,3008.0
2018-01-19 15:00:00,3093.0
2018-01-19 16:00:00,3104.0
2018-01-19 17:00:00,3097.0
2018-01-19 18:00:00,3190.0
2018-01-19 19:00:00,3124.0
2018-01-19 20:00:00,3185.0
2018-01-19 21:00:00,2991.0
2018-01-19 22:00:00,2950.0
2018-01-19 23:00:00,2837.0
2018-01-20 00:00:00,2828.0
2018-01-20 01:00:00,2866.0
2018-01-20 02:00:00,2824.0
2018-01-20 03:00:00,2762.0
2018-01-20 04:00:00,2743.0
2018-01-20 05:00:00,2705.0
2018-01-20 06:00:00,2732.0
2018-01-20 07:00:00,2797.0
2018-01-20 08:00:00,2856.0
2018-01-20 09:00:00,2997.0
2018-01-20 10:00:00,3328.0
2018-01-20 11:00:00,3550.0
2018-01-20 12:00:00,3807.0
2018-01-20 13:00:00,3903.0
2018-01-20 14:00:00,4182.0
2018-01-20 15:00:00,4130.0
2018-01-20 16:00:00,4268.0
2018-01-20 17:00:00,4530.0
2018-01-20 18:00:00,5131.0
2018-01-20 19:00:00,4823.0
2018-01-20 20:00:00,4494.0
2018-01-20 21:00:00,4277.0
2018-01-20 22:00:00,4102.0
2018-01-20 23:00:00,4096.0
2018-01-21 00:00:00,4369.0
2018-01-21 01:00:00,4363.0
2018-01-21 02:00:00,4090.0
2018-01-21 03:00:00,3762.0
2018-01-21 04:00:00,3556.0
2018-01-21 05:00:00,3442.0
2018-01-21 06:00:00,3392.0
2018-01-21 07:00:00,3268.0
2018-01-21 08:00:00,3252.0
2018-01-21 09:00:00,3248.0
2018-01-21 10:00:00,3379.0
2018-01-21 11:00:00,3736.0
2018-01-21 12:00:00,3859.0
2018-01-21 13:00:00,3941.0
2018-01-21 14:00:00,4162.0
2018-01-21 15:00:00,4121.0
2018-01-21 16:00:00,4370.0
2018-01-21 17:00:00,4434.0
2018-01-21 18:00:00,4502.0
2018-01-21 19:00:00,4517.0
2018-01-21 20:00:00,4148.0
2018-01-21 21:00:00,3769.0
2018-01-21 22:00:00,3682.0
2018-01-21 23:00:00,3631.0
2018-01-22 00:00:00,3832.0
2018-01-22 01:00:00,3838.0
2018-01-22 02:00:00,3669.0
2018-01-22 03:00:00,3575.0
2018-01-22 04:00:00,3397.0
2018-01-22 05:00:00,3231.0
2018-01-22 06:00:00,3196.0
2018-01-22 07:00:00,3103.0
2018-01-22 08:00:00,3051.0
2018-01-22 09:00:00,3185.0
2018-01-22 10:00:00,3675.0
2018-01-22 11:00:00,3785.0
2018-01-22 12:00:00,3940.0
2018-01-22 13:00:00,4115.0
2018-01-22 14:00:00,4363.0
2018-01-22 15:00:00,4303.0
2018-01-22 16:00:00,4402.0
2018-01-22 17:00:00,4520.0
2018-01-22 18:00:00,4548.0
2018-01-22 19:00:00,4506.0
2018-01-22 20:00:00,4447.0
2018-01-22 21:00:00,4211.0
2018-01-22 22:00:00,4157.0
2018-01-22 23:00:00,4201.0
2018-01-23 00:00:00,4442.0
2018-01-23 01:00:00,4482.0
2018-01-23 02:00:00,4200.0
2018-01-23 03:00:00,4082.0
2018-01-23 04:00:00,3909.0
2018-01-23 05:00:00,3798.0
2018-01-23 06:00:00,3788.0
2018-01-23 07:00:00,3608.0
2018-01-23 08:00:00,3374.0
2018-01-23 09:00:00,3530.0
2018-01-23 10:00:00,3682.0
2018-01-23 11:00:00,3981.0
2018-01-23 12:00:00,4105.0
2018-01-23 13:00:00,4113.0
2018-01-23 14:00:00,4314.0
2018-01-23 15:00:00,4423.0
2018-01-23 16:00:00,4329.0
2018-01-23 17:00:00,4417.0
2018-01-23 18:00:00,4897.0
2018-01-23 19:00:00,4814.0
2018-01-23 20:00:00,4729.0
2018-01-23 21:00:00,4286.0
2018-01-23 22:00:00,4243.0
2018-01-23 23:00:00,4206.0
2018-01-24 00:00:00,4306.0
2018-01-24 01:00:00,4168.0
2018-01-24 02:00:00,3958.0
2018-01-24 03:00:00,3875.0
2018-01-24 04:00:00,3609.0
2018-01-24 05:00:00,3404.0
2018-01-24 06:00:00,3376.0
2018-01-24 07:00:00,3219.0
2018-01-24 08:00:00,3146.0
2018-01-24 09:00:00,3045.0
2018-01-24 10:00:00,3398.0
2018-01-24 11:00:00,3655.0
2018-01-24 12:00:00,3697.0
2018-01-24 13:00:00,3760.0
2018-01-24 14:00:00,3970.0
2018-01-24 15:00:00,3956.0
2018-01-24 16:00:00,4093.0
2018-01-24 17:00:00,4186.0
2018-01-24 18:00:00,4265.0
2018-01-24 19:00:00,4139.0
2018-01-24 20:00:00,4065.0
2018-01-24 21:00:00,3822.0
2018-01-24 22:00:00,3745.0
2018-01-24 23:00:00,3861.0
2018-01-25 00:00:00,4063.0
2018-01-25 01:00:00,4063.0
2018-01-25 02:00:00,3844.0
2018-01-25 03:00:00,3727.0
2018-01-25 04:00:00,3558.0
2018-01-25 05:00:00,3352.0
2018-01-25 06:00:00,3361.0
2018-01-25 07:00:00,3300.0
2018-01-25 08:00:00,3218.0
2018-01-25 09:00:00,3133.0
2018-01-25 10:00:00,3144.0
2018-01-25 11:00:00,3103.0
2018-01-25 12:00:00,3111.0
2018-01-25 13:00:00,3215.0
2018-01-25 14:00:00,3320.0
2018-01-25 15:00:00,3231.0
2018-01-25 16:00:00,3267.0
2018-01-25 17:00:00,3327.0
2018-01-25 18:00:00,3302.0
2018-01-25 19:00:00,3413.0
2018-01-25 20:00:00,3439.0
2018-01-25 21:00:00,3400.0
2018-01-25 22:00:00,3399.0
2018-01-25 23:00:00,3529.0
2018-01-26 00:00:00,3653.0
2018-01-26 01:00:00,3718.0
2018-01-26 02:00:00,3538.0
2018-01-26 03:00:00,3408.0
2018-01-26 04:00:00,3246.0
2018-01-26 05:00:00,3092.0
2018-01-26 06:00:00,3160.0
2018-01-26 07:00:00,3048.0
2018-01-26 08:00:00,3015.0
2018-01-26 09:00:00,2865.0
2018-01-26 10:00:00,2789.0
2018-01-26 11:00:00,2692.0
2018-01-26 12:00:00,2687.0
2018-01-26 13:00:00,2729.0
2018-01-26 14:00:00,2844.0
2018-01-26 15:00:00,2831.0
2018-01-26 16:00:00,2950.0
2018-01-26 17:00:00,2982.0
2018-01-26 18:00:00,2995.0
2018-01-26 19:00:00,2978.0
2018-01-26 20:00:00,2999.0
2018-01-26 21:00:00,2962.0
2018-01-26 22:00:00,2928.0
2018-01-26 23:00:00,2799.0
2018-01-27 00:00:00,2792.0
2018-01-27 01:00:00,2823.0
2018-01-27 02:00:00,2771.0
2018-01-27 03:00:00,2695.0
2018-01-27 04:00:00,2736.0
2018-01-27 05:00:00,2659.0
2018-01-27 06:00:00,2737.0
2018-01-27 07:00:00,2750.0
2018-01-27 08:00:00,2726.0
2018-01-27 09:00:00,2927.0
2018-01-27 10:00:00,3252.0
2018-01-27 11:00:00,3470.0
2018-01-27 12:00:00,3638.0
2018-01-27 13:00:00,3744.0
2018-01-27 14:00:00,3956.0
2018-01-27 15:00:00,3947.0
2018-01-27 16:00:00,4077.0
2018-01-27 17:00:00,4293.0
2018-01-27 18:00:00,4474.0
2018-01-27 19:00:00,4703.0
2018-01-27 20:00:00,4795.0
2018-01-27 21:00:00,4542.0
2018-01-27 22:00:00,4294.0
2018-01-27 23:00:00,4145.0
2018-01-28 00:00:00,4303.0
2018-01-28 01:00:00,4151.0
2018-01-28 02:00:00,3852.0
2018-01-28 03:00:00,3577.0
2018-01-28 04:00:00,3344.0
2018-01-28 05:00:00,3210.0
2018-01-28 06:00:00,3179.0
2018-01-28 07:00:00,2955.0
2018-01-28 08:00:00,2921.0
2018-01-28 09:00:00,3103.0
2018-01-28 10:00:00,3368.0
2018-01-28 11:00:00,3702.0
2018-01-28 12:00:00,4012.0
2018-01-28 13:00:00,4242.0
2018-01-28 14:00:00,4401.0
2018-01-28 15:00:00,4403.0
2018-01-28 16:00:00,4481.0
2018-01-28 17:00:00,4932.0
2018-01-28 18:00:00,5331.0
2018-01-28 19:00:00,5227.0
2018-01-28 20:00:00,5120.0
2018-01-28 21:00:00,4919.0
2018-01-28 22:00:00,4584.0
2018-01-28 23:00:00,4518.0
2018-01-29 00:00:00,4573.0
2018-01-29 01:00:00,4465.0
2018-01-29 02:00:00,4159.0
2018-01-29 03:00:00,4100.0
2018-01-29 04:00:00,3973.0
2018-01-29 05:00:00,3581.0
2018-01-29 06:00:00,3229.0
2018-01-29 07:00:00,3293.0
2018-01-29 08:00:00,3083.0
2018-01-29 09:00:00,3256.0
2018-01-29 10:00:00,3480.0
2018-01-29 11:00:00,3711.0
2018-01-29 12:00:00,3917.0
2018-01-29 13:00:00,4191.0
2018-01-29 14:00:00,4672.0
2018-01-29 15:00:00,4652.0
2018-01-29 16:00:00,4876.0
2018-01-29 17:00:00,5204.0
2018-01-29 18:00:00,5315.0
2018-01-29 19:00:00,5288.0
2018-01-29 20:00:00,5237.0
2018-01-29 21:00:00,4968.0
2018-01-29 22:00:00,4776.0
2018-01-29 23:00:00,4658.0
2018-01-30 00:00:00,4565.0
2018-01-30 01:00:00,4409.0
2018-01-30 02:00:00,4113.0
2018-01-30 03:00:00,3817.0
2018-01-30 04:00:00,3727.0
2018-01-30 05:00:00,3590.0
2018-01-30 06:00:00,3338.0
2018-01-30 07:00:00,3141.0
2018-01-30 08:00:00,2950.0
2018-01-30 09:00:00,3146.0
2018-01-30 10:00:00,3426.0
2018-01-30 11:00:00,3745.0
2018-01-30 12:00:00,3767.0
2018-01-30 13:00:00,3932.0
2018-01-30 14:00:00,4272.0
2018-01-30 15:00:00,4228.0
2018-01-30 16:00:00,4358.0
2018-01-30 17:00:00,4990.0
2018-01-30 18:00:00,5170.0
2018-01-30 19:00:00,5189.0
2018-01-30 20:00:00,4949.0
2018-01-30 21:00:00,4602.0
2018-01-30 22:00:00,4370.0
2018-01-30 23:00:00,4328.0
2018-01-31 00:00:00,4465.0
2018-01-31 01:00:00,4291.0
2018-01-31 02:00:00,4036.0
2018-01-31 03:00:00,3927.0
2018-01-31 04:00:00,3823.0
2018-01-31 05:00:00,3719.0
2018-01-31 06:00:00,3749.0
2018-01-31 07:00:00,3432.0
2018-01-31 08:00:00,3109.0
2018-01-31 09:00:00,3281.0
2018-01-31 10:00:00,3481.0
2018-01-31 11:00:00,3711.0
2018-01-31 12:00:00,3678.0
2018-01-31 13:00:00,3817.0
2018-01-31 14:00:00,4176.0
2018-01-31 15:00:00,4065.0
2018-01-31 16:00:00,4171.0
2018-01-31 17:00:00,4215.0
2018-01-31 18:00:00,4232.0
2018-01-31 19:00:00,4218.0
2018-01-31 20:00:00,4113.0
2018-01-31 21:00:00,3939.0
2018-01-31 22:00:00,3866.0
2018-01-31 23:00:00,3896.0
2018-02-01 00:00:00,4084.0
2018-02-01 01:00:00,3925.0
2018-02-01 02:00:00,3679.0
2018-02-01 03:00:00,3590.0
2018-02-01 04:00:00,3525.0
2018-02-01 05:00:00,3482.0
2018-02-01 06:00:00,3385.0
2018-02-01 07:00:00,3213.0
2018-02-01 08:00:00,3037.0
2018-02-01 09:00:00,3069.0
2018-02-01 10:00:00,3095.0
2018-02-01 11:00:00,3215.0
2018-02-01 12:00:00,3224.0
2018-02-01 13:00:00,3188.0
2018-02-01 14:00:00,3330.0
2018-02-01 15:00:00,3256.0
2018-02-01 16:00:00,3278.0
2018-02-01 17:00:00,3431.0
2018-02-01 18:00:00,3478.0
2018-02-01 19:00:00,3428.0
2018-02-01 20:00:00,3435.0
2018-02-01 21:00:00,3478.0
2018-02-01 22:00:00,3494.0
2018-02-01 23:00:00,3556.0
2018-02-02 00:00:00,3732.0
2018-02-02 01:00:00,3768.0
2018-02-02 02:00:00,3607.0
2018-02-02 03:00:00,3452.0
2018-02-02 04:00:00,3408.0
2018-02-02 05:00:00,3266.0
2018-02-02 06:00:00,2997.0
2018-02-02 07:00:00,2792.0
2018-02-02 08:00:00,2748.0
2018-02-02 09:00:00,2841.0
2018-02-02 10:00:00,2890.0
2018-02-02 11:00:00,2831.0
2018-02-02 12:00:00,2931.0
2018-02-02 13:00:00,2940.0
2018-02-02 14:00:00,3088.0
2018-02-02 15:00:00,3297.0
2018-02-02 16:00:00,3265.0
2018-02-02 17:00:00,3280.0
2018-02-02 18:00:00,3318.0
2018-02-02 19:00:00,3200.0
2018-02-02 20:00:00,3197.0
2018-02-02 21:00:00,3126.0
2018-02-02 22:00:00,3026.0
2018-02-02 23:00:00,3011.0
2018-02-03 00:00:00,2927.0
2018-02-03 01:00:00,2938.0
2018-02-03 02:00:00,2878.0
2018-02-03 03:00:00,2851.0
2018-02-03 04:00:00,2811.0
2018-02-03 05:00:00,2772.0
2018-02-03 06:00:00,2828.0
2018-02-03 07:00:00,2787.0
2018-02-03 08:00:00,2883.0
2018-02-03 09:00:00,3105.0
2018-02-03 10:00:00,3289.0
2018-02-03 11:00:00,3498.0
2018-02-03 12:00:00,3627.0
2018-02-03 13:00:00,3726.0
2018-02-03 14:00:00,3933.0
2018-02-03 15:00:00,3841.0
2018-02-03 16:00:00,4062.0
2018-02-03 17:00:00,4200.0
2018-02-03 18:00:00,4316.0
2018-02-03 19:00:00,4453.0
2018-02-03 20:00:00,4317.0
2018-02-03 21:00:00,4058.0
2018-02-03 22:00:00,3929.0
2018-02-03 23:00:00,4009.0
2018-02-04 00:00:00,4139.0
2018-02-04 01:00:00,3992.0
2018-02-04 02:00:00,3877.0
2018-02-04 03:00:00,3663.0
2018-02-04 04:00:00,3547.0
2018-02-04 05:00:00,3366.0
2018-02-04 06:00:00,3399.0
2018-02-04 07:00:00,3446.0
2018-02-04 08:00:00,3215.0
2018-02-04 09:00:00,3289.0
2018-02-04 10:00:00,3419.0
2018-02-04 11:00:00,3707.0
2018-02-04 12:00:00,3689.0
2018-02-04 13:00:00,3862.0
2018-02-04 14:00:00,4085.0
2018-02-04 15:00:00,4008.0
2018-02-04 16:00:00,4058.0
2018-02-04 17:00:00,4197.0
2018-02-04 18:00:00,4295.0
2018-02-04 19:00:00,4266.0
2018-02-04 20:00:00,4288.0
2018-02-04 21:00:00,3997.0
2018-02-04 22:00:00,3862.0
2018-02-04 23:00:00,3840.0
2018-02-05 00:00:00,4065.0
2018-02-05 01:00:00,4133.0
2018-02-05 02:00:00,3872.0
2018-02-05 03:00:00,3812.0
2018-02-05 04:00:00,3637.0
2018-02-05 05:00:00,3415.0
2018-02-05 06:00:00,3367.0
2018-02-05 07:00:00,3262.0
2018-02-05 08:00:00,3116.0
2018-02-05 09:00:00,3184.0
2018-02-05 10:00:00,3238.0
2018-02-05 11:00:00,3539.0
2018-02-05 12:00:00,3705.0
2018-02-05 13:00:00,3696.0
2018-02-05 14:00:00,4016.0
2018-02-05 15:00:00,3950.0
2018-02-05 16:00:00,4029.0
2018-02-05 17:00:00,4106.0
2018-02-05 18:00:00,4000.0
2018-02-05 19:00:00,4187.0
2018-02-05 20:00:00,4134.0
2018-02-05 21:00:00,4140.0
2018-02-05 22:00:00,3974.0
2018-02-05 23:00:00,3963.0
2018-02-06 00:00:00,4037.0
2018-02-06 01:00:00,4130.0
2018-02-06 02:00:00,3837.0
2018-02-06 03:00:00,3780.0
2018-02-06 04:00:00,3614.0
2018-02-06 05:00:00,3468.0
2018-02-06 06:00:00,3414.0
2018-02-06 07:00:00,3291.0
2018-02-06 08:00:00,3156.0
2018-02-06 09:00:00,3201.0
2018-02-06 10:00:00,3413.0
2018-02-06 11:00:00,3764.0
2018-02-06 12:00:00,4021.0
2018-02-06 13:00:00,4028.0
2018-02-06 14:00:00,4298.0
2018-02-06 15:00:00,4313.0
2018-02-06 16:00:00,4332.0
2018-02-06 17:00:00,4375.0
2018-02-06 18:00:00,4509.0
2018-02-06 19:00:00,4462.0
2018-02-06 20:00:00,4323.0
2018-02-06 21:00:00,4246.0
2018-02-06 22:00:00,4122.0
2018-02-06 23:00:00,4125.0
2018-02-07 00:00:00,4316.0
2018-02-07 01:00:00,4259.0
2018-02-07 02:00:00,4051.0
2018-02-07 03:00:00,3960.0
2018-02-07 04:00:00,3748.0
2018-02-07 05:00:00,3692.0
2018-02-07 06:00:00,3580.0
2018-02-07 07:00:00,3315.0
2018-02-07 08:00:00,3225.0
2018-02-07 09:00:00,3426.0
2018-02-07 10:00:00,3780.0
2018-02-07 11:00:00,4186.0
2018-02-07 12:00:00,4345.0
2018-02-07 13:00:00,4510.0
2018-02-07 14:00:00,4692.0
2018-02-07 15:00:00,4712.0
2018-02-07 16:00:00,4670.0
2018-02-07 17:00:00,4727.0
2018-02-07 18:00:00,4823.0
2018-02-07 19:00:00,4785.0
2018-02-07 20:00:00,4661.0
2018-02-07 21:00:00,4561.0
2018-02-07 22:00:00,4424.0
2018-02-07 23:00:00,4447.0
2018-02-08 00:00:00,4603.0
2018-02-08 01:00:00,4568.0
2018-02-08 02:00:00,4308.0
2018-02-08 03:00:00,4234.0
2018-02-08 04:00:00,4066.0
2018-02-08 05:00:00,3875.0
2018-02-08 06:00:00,3719.0
2018-02-08 07:00:00,3582.0
2018-02-08 08:00:00,3350.0
2018-02-08 09:00:00,3456.0
2018-02-08 10:00:00,3373.0
2018-02-08 11:00:00,3628.0
2018-02-08 12:00:00,3830.0
2018-02-08 13:00:00,3910.0
2018-02-08 14:00:00,4059.0
2018-02-08 15:00:00,4022.0
2018-02-08 16:00:00,3915.0
2018-02-08 17:00:00,3832.0
2018-02-08 18:00:00,3859.0
2018-02-08 19:00:00,3993.0
2018-02-08 20:00:00,4078.0
2018-02-08 21:00:00,4056.0
2018-02-08 22:00:00,4044.0
2018-02-08 23:00:00,4173.0
2018-02-09 00:00:00,4350.0
2018-02-09 01:00:00,4273.0
2018-02-09 02:00:00,4063.0
2018-02-09 03:00:00,4042.0
2018-02-09 04:00:00,3877.0
2018-02-09 05:00:00,3677.0
2018-02-09 06:00:00,3641.0
2018-02-09 07:00:00,3393.0
2018-02-09 08:00:00,3183.0
2018-02-09 09:00:00,3084.0
2018-02-09 10:00:00,3117.0
2018-02-09 11:00:00,3080.0
2018-02-09 12:00:00,3233.0
2018-02-09 13:00:00,3302.0
2018-02-09 14:00:00,3672.0
2018-02-09 15:00:00,3778.0
2018-02-09 16:00:00,3835.0
2018-02-09 17:00:00,3775.0
2018-02-09 18:00:00,3814.0
2018-02-09 19:00:00,3786.0
2018-02-09 20:00:00,3842.0
2018-02-09 21:00:00,3741.0
2018-02-09 22:00:00,3652.0
2018-02-09 23:00:00,3432.0
2018-02-10 00:00:00,3386.0
2018-02-10 01:00:00,3365.0
2018-02-10 02:00:00,3173.0
2018-02-10 03:00:00,3013.0
2018-02-10 04:00:00,2938.0
2018-02-10 05:00:00,2938.0
2018-02-10 06:00:00,2964.0
2018-02-10 07:00:00,3002.0
2018-02-10 08:00:00,3056.0
2018-02-10 09:00:00,3329.0
2018-02-10 10:00:00,3490.0
2018-02-10 11:00:00,3657.0
2018-02-10 12:00:00,3834.0
2018-02-10 13:00:00,3937.0
2018-02-10 14:00:00,4176.0
2018-02-10 15:00:00,4319.0
2018-02-10 16:00:00,4438.0
2018-02-10 17:00:00,4542.0
2018-02-10 18:00:00,4711.0
2018-02-10 19:00:00,4604.0
2018-02-10 20:00:00,4500.0
2018-02-10 21:00:00,4389.0
2018-02-10 22:00:00,4061.0
2018-02-10 23:00:00,4138.0
2018-02-11 00:00:00,4288.0
2018-02-11 01:00:00,4156.0
2018-02-11 02:00:00,3799.0
2018-02-11 03:00:00,3695.0
2018-02-11 04:00:00,3612.0
2018-02-11 05:00:00,3394.0
2018-02-11 06:00:00,3353.0
2018-02-11 07:00:00,3128.0
2018-02-11 08:00:00,3118.0
2018-02-11 09:00:00,3315.0
2018-02-11 10:00:00,3506.0
2018-02-11 11:00:00,3659.0
2018-02-11 12:00:00,3701.0
2018-02-11 13:00:00,3922.0
2018-02-11 14:00:00,4362.0
2018-02-11 15:00:00,4419.0
2018-02-11 16:00:00,4402.0
2018-02-11 17:00:00,4504.0
2018-02-11 18:00:00,4576.0
2018-02-11 19:00:00,4743.0
2018-02-11 20:00:00,4675.0
2018-02-11 21:00:00,4478.0
2018-02-11 22:00:00,4377.0
2018-02-11 23:00:00,4404.0
2018-02-12 00:00:00,4607.0
2018-02-12 01:00:00,4452.0
2018-02-12 02:00:00,4177.0
2018-02-12 03:00:00,3993.0
2018-02-12 04:00:00,3885.0
2018-02-12 05:00:00,3724.0
2018-02-12 06:00:00,3674.0
2018-02-12 07:00:00,3400.0
2018-02-12 08:00:00,3316.0
2018-02-12 09:00:00,3414.0
2018-02-12 10:00:00,3753.0
2018-02-12 11:00:00,4086.0
2018-02-12 12:00:00,4245.0
2018-02-12 13:00:00,4528.0
2018-02-12 14:00:00,4713.0
2018-02-12 15:00:00,4812.0
2018-02-12 16:00:00,4836.0
2018-02-12 17:00:00,4812.0
2018-02-12 18:00:00,4859.0
2018-02-12 19:00:00,4804.0
2018-02-12 20:00:00,4804.0
2018-02-12 21:00:00,4648.0
2018-02-12 22:00:00,4501.0
2018-02-12 23:00:00,4516.0
2018-02-13 00:00:00,4594.0
2018-02-13 01:00:00,4419.0
2018-02-13 02:00:00,4162.0
2018-02-13 03:00:00,4083.0
2018-02-13 04:00:00,3965.0
2018-02-13 05:00:00,3785.0
2018-02-13 06:00:00,3646.0
2018-02-13 07:00:00,3543.0
2018-02-13 08:00:00,3367.0
2018-02-13 09:00:00,3472.0
2018-02-13 10:00:00,3565.0
2018-02-13 11:00:00,3557.0
2018-02-13 12:00:00,3593.0
2018-02-13 13:00:00,3862.0
2018-02-13 14:00:00,4100.0
2018-02-13 15:00:00,4248.0
2018-02-13 16:00:00,4380.0
2018-02-13 17:00:00,4430.0
2018-02-13 18:00:00,4460.0
2018-02-13 19:00:00,4385.0
2018-02-13 20:00:00,4352.0
2018-02-13 21:00:00,4215.0
2018-02-13 22:00:00,4066.0
2018-02-13 23:00:00,4148.0
2018-02-14 00:00:00,4320.0
2018-02-14 01:00:00,4194.0
2018-02-14 02:00:00,3952.0
2018-02-14 03:00:00,3882.0
2018-02-14 04:00:00,3652.0
2018-02-14 05:00:00,3479.0
2018-02-14 06:00:00,3557.0
2018-02-14 07:00:00,3473.0
2018-02-14 08:00:00,3352.0
2018-02-14 09:00:00,3384.0
2018-02-14 10:00:00,3664.0
2018-02-14 11:00:00,3907.0
2018-02-14 12:00:00,3928.0
2018-02-14 13:00:00,3962.0
2018-02-14 14:00:00,4212.0
2018-02-14 15:00:00,4269.0
2018-02-14 16:00:00,4320.0
2018-02-14 17:00:00,4286.0
2018-02-14 18:00:00,4238.0
2018-02-14 19:00:00,4142.0
2018-02-14 20:00:00,4115.0
2018-02-14 21:00:00,4057.0
2018-02-14 22:00:00,3963.0
2018-02-14 23:00:00,4013.0
2018-02-15 00:00:00,4268.0
2018-02-15 01:00:00,4136.0
2018-02-15 02:00:00,3920.0
2018-02-15 03:00:00,3808.0
2018-02-15 04:00:00,3777.0
2018-02-15 05:00:00,3655.0
2018-02-15 06:00:00,3634.0
2018-02-15 07:00:00,3479.0
2018-02-15 08:00:00,3220.0
2018-02-15 09:00:00,3313.0
2018-02-15 10:00:00,3343.0
2018-02-15 11:00:00,3462.0
2018-02-15 12:00:00,3542.0
2018-02-15 13:00:00,3693.0
2018-02-15 14:00:00,3827.0
2018-02-15 15:00:00,3853.0
2018-02-15 16:00:00,3872.0
2018-02-15 17:00:00,3863.0
2018-02-15 18:00:00,3889.0
2018-02-15 19:00:00,3827.0
2018-02-15 20:00:00,3812.0
2018-02-15 21:00:00,3738.0
2018-02-15 22:00:00,3772.0
2018-02-15 23:00:00,3872.0
2018-02-16 00:00:00,3982.0
2018-02-16 01:00:00,3948.0
2018-02-16 02:00:00,3801.0
2018-02-16 03:00:00,3659.0
2018-02-16 04:00:00,3588.0
2018-02-16 05:00:00,3403.0
2018-02-16 06:00:00,3195.0
2018-02-16 07:00:00,2953.0
2018-02-16 08:00:00,2869.0
2018-02-16 09:00:00,2925.0
2018-02-16 10:00:00,2896.0
2018-02-16 11:00:00,2924.0
2018-02-16 12:00:00,3099.0
2018-02-16 13:00:00,1519.0
2018-02-16 14:00:00,2162.0
2018-02-16 15:00:00,3526.0
2018-02-16 16:00:00,3641.0
2018-02-16 17:00:00,3669.0
2018-02-16 18:00:00,3613.0
2018-02-16 19:00:00,3597.0
2018-02-16 20:00:00,3511.0
2018-02-16 21:00:00,3508.0
2018-02-16 22:00:00,3334.0
2018-02-16 23:00:00,3269.0
2018-02-17 00:00:00,3192.0
2018-02-17 01:00:00,3169.0
2018-02-17 02:00:00,3198.0
2018-02-17 03:00:00,3141.0
2018-02-17 04:00:00,3047.0
2018-02-17 05:00:00,3049.0
2018-02-17 06:00:00,3127.0
2018-02-17 07:00:00,3182.0
2018-02-17 08:00:00,3246.0
2018-02-17 09:00:00,3372.0
2018-02-17 10:00:00,3633.0
2018-02-17 11:00:00,3905.0
2018-02-17 12:00:00,4041.0
2018-02-17 13:00:00,4336.0
2018-02-17 14:00:00,4655.0
2018-02-17 15:00:00,4614.0
2018-02-17 16:00:00,4625.0
2018-02-17 17:00:00,4603.0
2018-02-17 18:00:00,4296.0
2018-02-17 19:00:00,4312.0
2018-02-17 20:00:00,4197.0
2018-02-17 21:00:00,3909.0
2018-02-17 22:00:00,3746.0
2018-02-17 23:00:00,3849.0
2018-02-18 00:00:00,4038.0
2018-02-18 01:00:00,3970.0
2018-02-18 02:00:00,3732.0
2018-02-18 03:00:00,3510.0
2018-02-18 04:00:00,3366.0
2018-02-18 05:00:00,3254.0
2018-02-18 06:00:00,3203.0
2018-02-18 07:00:00,3090.0
2018-02-18 08:00:00,3121.0
2018-02-18 09:00:00,3251.0
2018-02-18 10:00:00,3328.0
2018-02-18 11:00:00,4013.0
2018-02-18 12:00:00,4267.0
2018-02-18 13:00:00,4373.0
2018-02-18 14:00:00,4584.0
2018-02-18 15:00:00,4735.0
2018-02-18 16:00:00,4763.0
2018-02-18 17:00:00,4587.0
2018-02-18 18:00:00,4644.0
2018-02-18 19:00:00,4638.0
2018-02-18 20:00:00,4770.0
2018-02-18 21:00:00,4654.0
2018-02-18 22:00:00,4499.0
2018-02-18 23:00:00,4491.0
2018-02-19 00:00:00,4673.0
2018-02-19 01:00:00,4497.0
2018-02-19 02:00:00,4182.0
2018-02-19 03:00:00,4048.0
2018-02-19 04:00:00,3827.0
2018-02-19 05:00:00,3556.0
2018-02-19 06:00:00,3347.0
2018-02-19 07:00:00,3215.0
2018-02-19 08:00:00,3066.0
2018-02-19 09:00:00,3233.0
2018-02-19 10:00:00,3432.0
2018-02-19 11:00:00,3636.0
2018-02-19 12:00:00,3795.0
2018-02-19 13:00:00,3947.0
2018-02-19 14:00:00,4324.0
2018-02-19 15:00:00,4511.0
2018-02-19 16:00:00,4553.0
2018-02-19 17:00:00,4659.0
2018-02-19 18:00:00,4811.0
2018-02-19 19:00:00,4672.0
2018-02-19 20:00:00,4509.0
2018-02-19 21:00:00,4347.0
2018-02-19 22:00:00,4149.0
2018-02-19 23:00:00,4140.0
2018-02-20 00:00:00,4298.0
2018-02-20 01:00:00,4141.0
2018-02-20 02:00:00,3822.0
2018-02-20 03:00:00,3710.0
2018-02-20 04:00:00,3650.0
2018-02-20 05:00:00,3435.0
2018-02-20 06:00:00,3344.0
2018-02-20 07:00:00,3177.0
2018-02-20 08:00:00,3132.0
2018-02-20 09:00:00,3287.0
2018-02-20 10:00:00,3437.0
2018-02-20 11:00:00,3622.0
2018-02-20 12:00:00,3634.0
2018-02-20 13:00:00,3956.0
2018-02-20 14:00:00,4117.0
2018-02-20 15:00:00,4272.0
2018-02-20 16:00:00,4408.0
2018-02-20 17:00:00,4474.0
2018-02-20 18:00:00,4593.0
2018-02-20 19:00:00,4750.0
2018-02-20 20:00:00,4495.0
2018-02-20 21:00:00,4287.0
2018-02-20 22:00:00,4147.0
2018-02-20 23:00:00,4128.0
2018-02-21 00:00:00,4311.0
2018-02-21 01:00:00,4291.0
2018-02-21 02:00:00,3916.0
2018-02-21 03:00:00,3754.0
2018-02-21 04:00:00,3641.0
2018-02-21 05:00:00,3520.0
2018-02-21 06:00:00,3387.0
2018-02-21 07:00:00,3316.0
2018-02-21 08:00:00,3001.0
2018-02-21 09:00:00,3311.0
2018-02-21 10:00:00,3369.0
2018-02-21 11:00:00,3729.0
2018-02-21 12:00:00,3901.0
2018-02-21 13:00:00,4124.0
2018-02-21 14:00:00,4331.0
2018-02-21 15:00:00,4385.0
2018-02-21 16:00:00,4359.0
2018-02-21 17:00:00,4388.0
2018-02-21 18:00:00,4459.0
2018-02-21 19:00:00,4382.0
2018-02-21 20:00:00,4249.0
2018-02-21 21:00:00,4118.0
2018-02-21 22:00:00,3967.0
2018-02-21 23:00:00,4130.0
2018-02-22 00:00:00,4287.0
2018-02-22 01:00:00,4223.0
2018-02-22 02:00:00,4029.0
2018-02-22 03:00:00,3964.0
2018-02-22 04:00:00,3847.0
2018-02-22 05:00:00,3741.0
2018-02-22 06:00:00,3682.0
2018-02-22 07:00:00,3552.0
2018-02-22 08:00:00,3167.0
2018-02-22 09:00:00,3204.0
2018-02-22 10:00:00,3168.0
2018-02-22 11:00:00,3219.0
2018-02-22 12:00:00,3292.0
2018-02-22 13:00:00,3414.0
2018-02-22 14:00:00,3668.0
2018-02-22 15:00:00,3798.0
2018-02-22 16:00:00,3870.0
2018-02-22 17:00:00,3858.0
2018-02-22 18:00:00,3886.0
2018-02-22 19:00:00,3845.0
2018-02-22 20:00:00,3872.0
2018-02-22 21:00:00,3776.0
2018-02-22 22:00:00,3823.0
2018-02-22 23:00:00,3880.0
2018-02-23 00:00:00,3927.0
2018-02-23 01:00:00,3970.0
2018-02-23 02:00:00,3705.0
2018-02-23 03:00:00,3572.0
2018-02-23 04:00:00,3460.0
2018-02-23 05:00:00,3219.0
2018-02-23 06:00:00,3221.0
2018-02-23 07:00:00,2888.0
2018-02-23 08:00:00,2767.0
2018-02-23 09:00:00,2865.0
2018-02-23 10:00:00,2889.0
2018-02-23 11:00:00,2979.0
2018-02-23 12:00:00,3320.0
2018-02-23 13:00:00,3596.0
2018-02-23 14:00:00,3708.0
2018-02-23 15:00:00,3728.0
2018-02-23 16:00:00,3765.0
2018-02-23 17:00:00,3782.0
2018-02-23 18:00:00,3733.0
2018-02-23 19:00:00,3576.0
2018-02-23 20:00:00,3364.0
2018-02-23 21:00:00,3310.0
2018-02-23 22:00:00,3215.0
2018-02-23 23:00:00,3157.0
2018-02-24 00:00:00,2990.0
2018-02-24 01:00:00,3077.0
2018-02-24 02:00:00,2943.0
2018-02-24 03:00:00,2901.0
2018-02-24 04:00:00,2850.0
2018-02-24 05:00:00,2795.0
2018-02-24 06:00:00,2912.0
2018-02-24 07:00:00,2819.0
2018-02-24 08:00:00,2819.0
2018-02-24 09:00:00,3036.0
2018-02-24 10:00:00,3206.0
2018-02-24 11:00:00,3422.0
2018-02-24 12:00:00,3549.0
2018-02-24 13:00:00,3764.0
2018-02-24 14:00:00,4060.0
2018-02-24 15:00:00,4139.0
2018-02-24 16:00:00,4236.0
2018-02-24 17:00:00,4342.0
2018-02-24 18:00:00,4453.0
2018-02-24 19:00:00,4503.0
2018-02-24 20:00:00,4457.0
2018-02-24 21:00:00,4209.0
2018-02-24 22:00:00,4083.0
2018-02-24 23:00:00,4169.0
2018-02-25 00:00:00,4346.0
2018-02-25 01:00:00,4155.0
2018-02-25 02:00:00,3926.0
2018-02-25 03:00:00,3749.0
2018-02-25 04:00:00,3636.0
2018-02-25 05:00:00,3284.0
2018-02-25 06:00:00,2987.0
2018-02-25 07:00:00,2932.0
2018-02-25 08:00:00,2996.0
2018-02-25 09:00:00,3084.0
2018-02-25 10:00:00,3204.0
2018-02-25 11:00:00,3437.0
2018-02-25 12:00:00,3845.0
2018-02-25 13:00:00,3801.0
2018-02-25 14:00:00,4048.0
2018-02-25 15:00:00,4143.0
2018-02-25 16:00:00,4287.0
2018-02-25 17:00:00,4496.0
2018-02-25 18:00:00,4623.0
2018-02-25 19:00:00,4633.0
2018-02-25 20:00:00,4487.0
2018-02-25 21:00:00,4280.0
2018-02-25 22:00:00,4251.0
2018-02-25 23:00:00,4245.0
2018-02-26 00:00:00,4421.0
2018-02-26 01:00:00,4327.0
2018-02-26 02:00:00,3957.0
2018-02-26 03:00:00,3841.0
2018-02-26 04:00:00,3618.0
2018-02-26 05:00:00,3473.0
2018-02-26 06:00:00,3312.0
2018-02-26 07:00:00,3091.0
2018-02-26 08:00:00,2970.0
2018-02-26 09:00:00,3154.0
2018-02-26 10:00:00,3398.0
2018-02-26 11:00:00,3677.0
2018-02-26 12:00:00,3780.0
2018-02-26 13:00:00,4104.0
2018-02-26 14:00:00,4285.0
2018-02-26 15:00:00,4218.0
2018-02-26 16:00:00,4300.0
2018-02-26 17:00:00,4479.0
2018-02-26 18:00:00,4526.0
2018-02-26 19:00:00,4553.0
2018-02-26 20:00:00,4384.0
2018-02-26 21:00:00,4120.0
2018-02-26 22:00:00,4073.0
2018-02-26 23:00:00,4166.0
2018-02-27 00:00:00,4278.0
2018-02-27 01:00:00,4115.0
2018-02-27 02:00:00,3959.0
2018-02-27 03:00:00,3851.0
2018-02-27 04:00:00,3782.0
2018-02-27 05:00:00,3660.0
2018-02-27 06:00:00,3568.0
2018-02-27 07:00:00,3369.0
2018-02-27 08:00:00,3263.0
2018-02-27 09:00:00,3437.0
2018-02-27 10:00:00,3612.0
2018-02-27 11:00:00,3898.0
2018-02-27 12:00:00,3980.0
2018-02-27 13:00:00,4043.0
2018-02-27 14:00:00,4221.0
2018-02-27 15:00:00,4247.0
2018-02-27 16:00:00,4236.0
2018-02-27 17:00:00,4385.0
2018-02-27 18:00:00,4483.0
2018-02-27 19:00:00,4499.0
2018-02-27 20:00:00,4317.0
2018-02-27 21:00:00,4097.0
2018-02-27 22:00:00,4080.0
2018-02-27 23:00:00,4139.0
2018-02-28 00:00:00,4294.0
2018-02-28 01:00:00,4006.0
2018-02-28 02:00:00,3761.0
2018-02-28 03:00:00,3515.0
2018-02-28 04:00:00,3444.0
2018-02-28 05:00:00,3271.0
2018-02-28 06:00:00,3157.0
2018-02-28 07:00:00,2987.0
2018-02-28 08:00:00,2945.0
2018-02-28 09:00:00,3121.0
2018-02-28 10:00:00,3324.0
2018-02-28 11:00:00,3711.0
2018-02-28 12:00:00,3779.0
2018-02-28 13:00:00,3894.0
2018-02-28 14:00:00,4114.0
2018-02-28 15:00:00,4245.0
2018-02-28 16:00:00,4313.0
2018-02-28 17:00:00,4414.0
2018-02-28 18:00:00,4501.0
2018-02-28 19:00:00,4494.0
2018-02-28 20:00:00,4304.0
2018-02-28 21:00:00,4129.0
2018-02-28 22:00:00,4002.0
2018-02-28 23:00:00,4081.0
2018-03-01 00:00:00,4239.0
2018-03-01 01:00:00,4177.0
2018-03-01 02:00:00,3939.0
2018-03-01 03:00:00,3716.0
2018-03-01 04:00:00,3631.0
2018-03-01 05:00:00,3443.0
2018-03-01 06:00:00,3382.0
2018-03-01 07:00:00,3144.0
2018-03-01 08:00:00,3048.0
2018-03-01 09:00:00,3057.0
2018-03-01 10:00:00,2923.0
2018-03-01 11:00:00,3044.0
2018-03-01 12:00:00,3224.0
2018-03-01 13:00:00,3331.0
2018-03-01 14:00:00,3610.0
2018-03-01 15:00:00,3664.0
2018-03-01 16:00:00,3701.0
2018-03-01 17:00:00,3769.0
2018-03-01 18:00:00,3823.0
2018-03-01 19:00:00,3880.0
2018-03-01 20:00:00,3786.0
2018-03-01 21:00:00,3782.0
2018-03-01 22:00:00,3735.0
2018-03-01 23:00:00,3804.0
2018-03-02 00:00:00,3869.0
2018-03-02 01:00:00,3828.0
2018-03-02 02:00:00,3562.0
2018-03-02 03:00:00,3438.0
2018-03-02 04:00:00,3380.0
2018-03-02 05:00:00,2967.0
2018-03-02 06:00:00,2693.0
2018-03-02 07:00:00,2672.0
2018-03-02 08:00:00,2595.0
2018-03-02 09:00:00,2627.0
2018-03-02 10:00:00,2637.0
2018-03-02 11:00:00,2619.0
2018-03-02 12:00:00,2765.0
2018-03-02 13:00:00,2979.0
2018-03-02 14:00:00,3194.0
2018-03-02 15:00:00,3364.0
2018-03-02 16:00:00,3408.0
2018-03-02 17:00:00,3476.0
2018-03-02 18:00:00,3533.0
2018-03-02 19:00:00,3537.0
2018-03-02 20:00:00,3472.0
2018-03-02 21:00:00,3405.0
2018-03-02 22:00:00,3220.0
2018-03-02 23:00:00,3149.0
2018-03-03 00:00:00,3089.0
2018-03-03 01:00:00,3054.0
2018-03-03 02:00:00,2952.0
2018-03-03 03:00:00,2921.0
2018-03-03 04:00:00,2840.0
2018-03-03 05:00:00,2755.0
2018-03-03 06:00:00,2826.0
2018-03-03 07:00:00,2766.0
2018-03-03 08:00:00,2769.0
2018-03-03 09:00:00,2995.0
2018-03-03 10:00:00,3168.0
2018-03-03 11:00:00,3514.0
2018-03-03 12:00:00,3896.0
2018-03-03 13:00:00,4112.0
2018-03-03 14:00:00,4394.0
2018-03-03 15:00:00,4374.0
2018-03-03 16:00:00,4459.0
2018-03-03 17:00:00,4609.0
2018-03-03 18:00:00,4690.0
2018-03-03 19:00:00,4722.0
2018-03-03 20:00:00,4584.0
2018-03-03 21:00:00,4369.0
2018-03-03 22:00:00,4269.0
2018-03-03 23:00:00,4386.0
2018-03-04 00:00:00,4502.0
2018-03-04 01:00:00,4290.0
2018-03-04 02:00:00,3994.0
2018-03-04 03:00:00,3911.0
2018-03-04 04:00:00,3739.0
2018-03-04 05:00:00,3533.0
2018-03-04 06:00:00,3558.0
2018-03-04 07:00:00,3309.0
2018-03-04 08:00:00,3101.0
2018-03-04 09:00:00,3198.0
2018-03-04 10:00:00,3365.0
2018-03-04 11:00:00,3740.0
2018-03-04 12:00:00,3880.0
2018-03-04 13:00:00,4119.0
2018-03-04 14:00:00,4402.0
2018-03-04 15:00:00,4526.0
2018-03-04 16:00:00,4763.0
2018-03-04 17:00:00,4894.0
2018-03-04 18:00:00,4848.0
2018-03-04 19:00:00,4808.0
2018-03-04 20:00:00,4664.0
2018-03-04 21:00:00,4542.0
2018-03-04 22:00:00,4365.0
2018-03-04 23:00:00,4415.0
2018-03-05 00:00:00,4556.0
2018-03-05 01:00:00,4403.0
2018-03-05 02:00:00,4121.0
2018-03-05 03:00:00,3960.0
2018-03-05 04:00:00,3842.0
2018-03-05 05:00:00,3749.0
2018-03-05 06:00:00,3560.0
2018-03-05 07:00:00,3218.0
2018-03-05 08:00:00,3070.0
2018-03-05 09:00:00,3192.0
2018-03-05 10:00:00,3382.0
2018-03-05 11:00:00,3720.0
2018-03-05 12:00:00,3818.0
2018-03-05 13:00:00,3795.0
2018-03-05 14:00:00,4015.0
2018-03-05 15:00:00,4319.0
2018-03-05 16:00:00,4442.0
2018-03-05 17:00:00,4632.0
2018-03-05 18:00:00,4757.0
2018-03-05 19:00:00,4811.0
2018-03-05 20:00:00,4653.0
2018-03-05 21:00:00,4403.0
2018-03-05 22:00:00,4252.0
2018-03-05 23:00:00,4360.0
2018-03-06 00:00:00,4301.0
2018-03-06 01:00:00,4004.0
2018-03-06 02:00:00,3823.0
2018-03-06 03:00:00,3763.0
2018-03-06 04:00:00,3669.0
2018-03-06 05:00:00,3361.0
2018-03-06 06:00:00,3170.0
2018-03-06 07:00:00,3043.0
2018-03-06 08:00:00,3031.0
2018-03-06 09:00:00,3269.0
2018-03-06 10:00:00,3430.0
2018-03-06 11:00:00,3668.0
2018-03-06 12:00:00,3845.0
2018-03-06 13:00:00,3973.0
2018-03-06 14:00:00,4265.0
2018-03-06 15:00:00,4294.0
2018-03-06 16:00:00,4369.0
2018-03-06 17:00:00,4519.0
2018-03-06 18:00:00,4555.0
2018-03-06 19:00:00,4607.0
2018-03-06 20:00:00,4456.0
2018-03-06 21:00:00,4223.0
2018-03-06 22:00:00,4213.0
2018-03-06 23:00:00,4202.0
2018-03-07 00:00:00,4159.0
2018-03-07 01:00:00,3978.0
2018-03-07 02:00:00,3782.0
2018-03-07 03:00:00,3649.0
2018-03-07 04:00:00,3501.0
2018-03-07 05:00:00,3388.0
2018-03-07 06:00:00,3338.0
2018-03-07 07:00:00,3309.0
2018-03-07 08:00:00,3178.0
2018-03-07 09:00:00,3257.0
2018-03-07 10:00:00,3375.0
2018-03-07 11:00:00,3616.0
2018-03-07 12:00:00,3686.0
2018-03-07 13:00:00,3960.0
2018-03-07 14:00:00,3990.0
2018-03-07 15:00:00,4330.0
2018-03-07 16:00:00,4417.0
2018-03-07 17:00:00,4487.0
2018-03-07 18:00:00,4632.0
2018-03-07 19:00:00,4577.0
2018-03-07 20:00:00,4373.0
2018-03-07 21:00:00,4122.0
2018-03-07 22:00:00,4063.0
2018-03-07 23:00:00,3961.0
2018-03-08 00:00:00,4029.0
2018-03-08 01:00:00,3944.0
2018-03-08 02:00:00,3678.0
2018-03-08 03:00:00,3636.0
2018-03-08 04:00:00,3560.0
2018-03-08 05:00:00,3277.0
2018-03-08 06:00:00,3220.0
2018-03-08 07:00:00,3119.0
2018-03-08 08:00:00,3144.0
2018-03-08 09:00:00,3129.0
2018-03-08 10:00:00,3133.0
2018-03-08 11:00:00,3195.0
2018-03-08 12:00:00,3140.0
2018-03-08 13:00:00,3258.0
2018-03-08 14:00:00,3478.0
2018-03-08 15:00:00,3543.0
2018-03-08 16:00:00,3603.0
2018-03-08 17:00:00,3734.0
2018-03-08 18:00:00,3832.0
2018-03-08 19:00:00,3655.0
2018-03-08 20:00:00,3535.0
2018-03-08 21:00:00,3445.0
2018-03-08 22:00:00,3310.0
2018-03-08 23:00:00,3283.0
2018-03-09 00:00:00,3380.0
2018-03-09 01:00:00,3437.0
2018-03-09 02:00:00,3352.0
2018-03-09 03:00:00,3191.0
2018-03-09 04:00:00,3162.0
2018-03-09 05:00:00,2973.0
2018-03-09 06:00:00,2797.0
2018-03-09 07:00:00,2742.0
2018-03-09 08:00:00,2675.0
2018-03-09 09:00:00,2705.0
2018-03-09 10:00:00,2690.0
2018-03-09 11:00:00,2614.0
2018-03-09 12:00:00,2801.0
2018-03-09 13:00:00,2897.0
2018-03-09 14:00:00,2895.0
2018-03-09 15:00:00,2985.0
2018-03-09 16:00:00,3073.0
2018-03-09 17:00:00,3001.0
2018-03-09 18:00:00,2939.0
2018-03-09 19:00:00,2889.0
2018-03-09 20:00:00,2879.0
2018-03-09 21:00:00,2818.0
2018-03-09 22:00:00,2679.0
2018-03-09 23:00:00,2713.0
2018-03-10 00:00:00,2634.0
2018-03-10 01:00:00,2653.0
2018-03-10 02:00:00,2547.0
2018-03-10 03:00:00,2528.0
2018-03-10 04:00:00,2548.0
2018-03-10 05:00:00,2584.0
2018-03-10 06:00:00,2620.0
2018-03-10 07:00:00,2565.0
2018-03-10 08:00:00,2682.0
2018-03-10 09:00:00,2858.0
2018-03-10 10:00:00,3143.0
2018-03-10 11:00:00,3330.0
2018-03-10 12:00:00,3578.0
2018-03-10 13:00:00,3658.0
2018-03-10 14:00:00,3857.0
2018-03-10 15:00:00,3943.0
2018-03-10 16:00:00,3968.0
2018-03-10 17:00:00,4041.0
2018-03-10 18:00:00,4108.0
2018-03-10 19:00:00,3976.0
2018-03-10 20:00:00,4036.0
2018-03-10 21:00:00,3797.0
2018-03-10 22:00:00,3613.0
2018-03-10 23:00:00,3667.0
2018-03-11 00:00:00,3794.0
2018-03-11 01:00:00,3650.0
2018-03-11 02:00:00,3594.0
2018-03-11 03:00:00,3362.0
2018-03-11 04:00:00,3263.0
2018-03-11 05:00:00,3088.0
2018-03-11 06:00:00,3083.0
2018-03-11 07:00:00,2926.0
2018-03-11 08:00:00,2877.0
2018-03-11 09:00:00,3058.0
2018-03-11 10:00:00,3064.0
2018-03-11 11:00:00,3412.0
2018-03-11 12:00:00,3659.0
2018-03-11 13:00:00,3725.0
2018-03-11 14:00:00,4038.0
2018-03-11 15:00:00,4131.0
2018-03-11 16:00:00,4352.0
2018-03-11 17:00:00,4510.0
2018-03-11 18:00:00,4611.0
2018-03-11 19:00:00,4606.0
2018-03-11 20:00:00,4479.0
2018-03-11 21:00:00,4257.0
2018-03-11 22:00:00,4097.0
2018-03-11 23:00:00,4115.0
2018-03-12 00:00:00,4176.0
2018-03-12 01:00:00,3989.0
2018-03-12 02:00:00,3689.0
2018-03-12 03:00:00,3478.0
2018-03-12 04:00:00,3260.0
2018-03-12 05:00:00,3241.0
2018-03-12 06:00:00,2945.0
2018-03-12 07:00:00,2870.0
2018-03-12 08:00:00,2863.0
2018-03-12 09:00:00,2965.0
2018-03-12 10:00:00,3089.0
2018-03-12 11:00:00,3277.0
2018-03-12 12:00:00,3451.0
2018-03-12 13:00:00,3762.0
2018-03-12 14:00:00,4001.0
2018-03-12 15:00:00,4218.0
2018-03-12 16:00:00,4429.0
2018-03-12 17:00:00,4560.0
2018-03-12 18:00:00,4714.0
2018-03-12 19:00:00,4632.0
2018-03-12 20:00:00,4489.0
2018-03-12 21:00:00,4243.0
2018-03-12 22:00:00,4167.0
2018-03-12 23:00:00,4318.0
2018-03-13 00:00:00,4234.0
2018-03-13 01:00:00,4115.0
2018-03-13 02:00:00,3922.0
2018-03-13 03:00:00,3751.0
2018-03-13 04:00:00,3630.0
2018-03-13 05:00:00,3471.0
2018-03-13 06:00:00,3330.0
2018-03-13 07:00:00,3337.0
2018-03-13 08:00:00,3238.0
2018-03-13 09:00:00,3297.0
2018-03-13 10:00:00,3618.0
2018-03-13 11:00:00,3824.0
2018-03-13 12:00:00,4062.0
2018-03-13 13:00:00,4172.0
2018-03-13 14:00:00,4448.0
2018-03-13 15:00:00,4518.0
2018-03-13 16:00:00,4662.0
2018-03-13 17:00:00,4714.0
2018-03-13 18:00:00,4877.0
2018-03-13 19:00:00,4844.0
2018-03-13 20:00:00,4679.0
2018-03-13 21:00:00,4553.0
2018-03-13 22:00:00,4266.0
2018-03-13 23:00:00,4319.0
2018-03-14 00:00:00,4445.0
2018-03-14 01:00:00,4370.0
2018-03-14 02:00:00,4111.0
2018-03-14 03:00:00,3975.0
2018-03-14 04:00:00,3864.0
2018-03-14 05:00:00,3605.0
2018-03-14 06:00:00,3482.0
2018-03-14 07:00:00,3362.0
2018-03-14 08:00:00,3275.0
2018-03-14 09:00:00,3379.0
2018-03-14 10:00:00,3490.0
2018-03-14 11:00:00,3827.0
2018-03-14 12:00:00,4088.0
2018-03-14 13:00:00,4184.0
2018-03-14 14:00:00,4420.0
2018-03-14 15:00:00,4484.0
2018-03-14 16:00:00,4714.0
2018-03-14 17:00:00,4776.0
2018-03-14 18:00:00,4859.0
2018-03-14 19:00:00,4966.0
2018-03-14 20:00:00,4595.0
2018-03-14 21:00:00,4267.0
2018-03-14 22:00:00,4226.0
2018-03-14 23:00:00,4303.0
2018-03-15 00:00:00,4271.0
2018-03-15 01:00:00,4235.0
2018-03-15 02:00:00,3847.0
2018-03-15 03:00:00,3701.0
2018-03-15 04:00:00,3521.0
2018-03-15 05:00:00,3460.0
2018-03-15 06:00:00,3238.0
2018-03-15 07:00:00,3102.0
2018-03-15 08:00:00,3123.0
2018-03-15 09:00:00,3070.0
2018-03-15 10:00:00,2961.0
2018-03-15 11:00:00,3105.0
2018-03-15 12:00:00,3333.0
2018-03-15 13:00:00,3541.0
2018-03-15 14:00:00,3688.0
2018-03-15 15:00:00,3718.0
2018-03-15 16:00:00,3907.0
2018-03-15 17:00:00,4051.0
2018-03-15 18:00:00,3980.0
2018-03-15 19:00:00,3883.0
2018-03-15 20:00:00,3773.0
2018-03-15 21:00:00,3729.0
2018-03-15 22:00:00,3564.0
2018-03-15 23:00:00,3780.0
2018-03-16 00:00:00,3838.0
2018-03-16 01:00:00,3826.0
2018-03-16 02:00:00,3698.0
2018-03-16 03:00:00,3491.0
2018-03-16 04:00:00,3387.0
2018-03-16 05:00:00,3118.0
2018-03-16 06:00:00,2873.0
2018-03-16 07:00:00,2838.0
2018-03-16 08:00:00,2703.0
2018-03-16 09:00:00,2797.0
2018-03-16 10:00:00,2926.0
2018-03-16 11:00:00,2901.0
2018-03-16 12:00:00,2917.0
2018-03-16 13:00:00,3089.0
2018-03-16 14:00:00,3193.0
2018-03-16 15:00:00,3240.0
2018-03-16 16:00:00,3305.0
2018-03-16 17:00:00,3344.0
2018-03-16 18:00:00,3434.0
2018-03-16 19:00:00,3325.0
2018-03-16 20:00:00,3247.0
2018-03-16 21:00:00,3169.0
2018-03-16 22:00:00,3022.0
2018-03-16 23:00:00,2990.0
2018-03-17 00:00:00,2951.0
2018-03-17 01:00:00,3036.0
2018-03-17 02:00:00,2911.0
2018-03-17 03:00:00,2832.0
2018-03-17 04:00:00,2810.0
2018-03-17 05:00:00,2737.0
2018-03-17 06:00:00,2741.0
2018-03-17 07:00:00,2782.0
2018-03-17 08:00:00,2823.0
2018-03-17 09:00:00,2994.0
2018-03-17 10:00:00,3141.0
2018-03-17 11:00:00,3305.0
2018-03-17 12:00:00,3355.0
2018-03-17 13:00:00,3605.0
2018-03-17 14:00:00,3879.0
2018-03-17 15:00:00,4037.0
2018-03-17 16:00:00,4310.0
2018-03-17 17:00:00,4392.0
2018-03-17 18:00:00,4360.0
2018-03-17 19:00:00,4329.0
2018-03-17 20:00:00,4114.0
2018-03-17 21:00:00,3837.0
2018-03-17 22:00:00,3760.0
2018-03-17 23:00:00,3879.0
2018-03-18 00:00:00,4048.0
2018-03-18 01:00:00,3882.0
2018-03-18 02:00:00,3759.0
2018-03-18 03:00:00,3555.0
2018-03-18 04:00:00,3382.0
2018-03-18 05:00:00,3265.0
2018-03-18 06:00:00,3019.0
2018-03-18 07:00:00,2895.0
2018-03-18 08:00:00,2964.0
2018-03-18 09:00:00,3076.0
2018-03-18 10:00:00,3223.0
2018-03-18 11:00:00,3397.0
2018-03-18 12:00:00,3563.0
2018-03-18 13:00:00,3691.0
2018-03-18 14:00:00,3893.0
2018-03-18 15:00:00,3937.0
2018-03-18 16:00:00,4187.0
2018-03-18 17:00:00,4297.0
2018-03-18 18:00:00,4473.0
2018-03-18 19:00:00,4328.0
2018-03-18 20:00:00,4257.0
2018-03-18 21:00:00,4002.0
2018-03-18 22:00:00,3798.0
2018-03-18 23:00:00,3984.0
2018-03-19 00:00:00,4026.0
2018-03-19 01:00:00,3938.0
2018-03-19 02:00:00,3651.0
2018-03-19 03:00:00,3534.0
2018-03-19 04:00:00,3352.0
2018-03-19 05:00:00,3240.0
2018-03-19 06:00:00,2935.0
2018-03-19 07:00:00,3042.0
2018-03-19 08:00:00,2900.0
2018-03-19 09:00:00,3119.0
2018-03-19 10:00:00,3158.0
2018-03-19 11:00:00,3219.0
2018-03-19 12:00:00,3329.0
2018-03-19 13:00:00,3566.0
2018-03-19 14:00:00,3932.0
2018-03-19 15:00:00,3829.0
2018-03-19 16:00:00,3910.0
2018-03-19 17:00:00,4064.0
2018-03-19 18:00:00,4033.0
2018-03-19 19:00:00,4103.0
2018-03-19 20:00:00,3928.0
2018-03-19 21:00:00,3619.0
2018-03-19 22:00:00,3512.0
2018-03-19 23:00:00,3745.0
2018-03-20 00:00:00,3733.0
2018-03-20 01:00:00,3677.0
2018-03-20 02:00:00,3389.0
2018-03-20 03:00:00,3281.0
2018-03-20 04:00:00,3151.0
2018-03-20 05:00:00,3057.0
2018-03-20 06:00:00,2973.0
2018-03-20 07:00:00,2919.0
2018-03-20 08:00:00,2803.0
2018-03-20 09:00:00,3068.0
2018-03-20 10:00:00,3265.0
2018-03-20 11:00:00,3550.0
2018-03-20 12:00:00,3688.0
2018-03-20 13:00:00,3912.0
2018-03-20 14:00:00,4153.0
2018-03-20 15:00:00,4086.0
2018-03-20 16:00:00,4212.0
2018-03-20 17:00:00,4450.0
2018-03-20 18:00:00,4547.0
2018-03-20 19:00:00,4375.0
2018-03-20 20:00:00,4403.0
2018-03-20 21:00:00,4291.0
2018-03-20 22:00:00,4151.0
2018-03-20 23:00:00,4236.0
2018-03-21 00:00:00,4300.0
2018-03-21 01:00:00,4205.0
2018-03-21 02:00:00,3996.0
2018-03-21 03:00:00,3821.0
2018-03-21 04:00:00,3595.0
2018-03-21 05:00:00,3411.0
2018-03-21 06:00:00,3373.0
2018-03-21 07:00:00,3170.0
2018-03-21 08:00:00,3078.0
2018-03-21 09:00:00,3315.0
2018-03-21 10:00:00,3366.0
2018-03-21 11:00:00,3801.0
2018-03-21 12:00:00,3953.0
2018-03-21 13:00:00,4192.0
2018-03-21 14:00:00,4471.0
2018-03-21 15:00:00,4568.0
2018-03-21 16:00:00,4656.0
2018-03-21 17:00:00,4679.0
2018-03-21 18:00:00,4825.0
2018-03-21 19:00:00,4809.0
2018-03-21 20:00:00,4693.0
2018-03-21 21:00:00,4548.0
2018-03-21 22:00:00,4248.0
2018-03-21 23:00:00,4262.0
2018-03-22 00:00:00,4304.0
2018-03-22 01:00:00,4186.0
2018-03-22 02:00:00,3975.0
2018-03-22 03:00:00,3782.0
2018-03-22 04:00:00,3717.0
2018-03-22 05:00:00,3632.0
2018-03-22 06:00:00,3457.0
2018-03-22 07:00:00,3275.0
2018-03-22 08:00:00,3223.0
2018-03-22 09:00:00,3405.0
2018-03-22 10:00:00,3365.0
2018-03-22 11:00:00,3407.0
2018-03-22 12:00:00,3664.0
2018-03-22 13:00:00,3748.0
2018-03-22 14:00:00,3961.0
2018-03-22 15:00:00,3958.0
2018-03-22 16:00:00,3989.0
2018-03-22 17:00:00,4057.0
2018-03-22 18:00:00,4023.0
2018-03-22 19:00:00,4012.0
2018-03-22 20:00:00,3917.0
2018-03-22 21:00:00,3838.0
2018-03-22 22:00:00,3803.0
2018-03-22 23:00:00,3962.0
2018-03-23 00:00:00,4083.0
2018-03-23 01:00:00,3970.0
2018-03-23 02:00:00,3803.0
2018-03-23 03:00:00,3552.0
2018-03-23 04:00:00,3406.0
2018-03-23 05:00:00,3115.0
2018-03-23 06:00:00,3035.0
2018-03-23 07:00:00,2905.0
2018-03-23 08:00:00,2886.0
2018-03-23 09:00:00,2904.0
2018-03-23 10:00:00,2884.0
2018-03-23 11:00:00,2916.0
2018-03-23 12:00:00,3057.0
2018-03-23 13:00:00,3091.0
2018-03-23 14:00:00,3330.0
2018-03-23 15:00:00,3067.0
2018-03-23 16:00:00,315.0
2018-03-23 17:00:00,334.0
2018-03-23 18:00:00,3250.0
2018-03-23 19:00:00,3769.0
2018-03-23 20:00:00,3779.0
2018-03-23 21:00:00,3594.0
2018-03-23 22:00:00,3361.0
2018-03-23 23:00:00,3187.0
2018-03-24 00:00:00,3162.0
2018-03-24 01:00:00,2952.0
2018-03-24 02:00:00,2930.0
2018-03-24 03:00:00,2859.0
2018-03-24 04:00:00,2826.0
2018-03-24 05:00:00,2702.0
2018-03-24 06:00:00,2817.0
2018-03-24 07:00:00,2782.0
2018-03-24 08:00:00,2834.0
2018-03-24 09:00:00,3172.0
2018-03-24 10:00:00,3215.0
2018-03-24 11:00:00,3587.0
2018-03-24 12:00:00,3640.0
2018-03-24 13:00:00,3867.0
2018-03-24 14:00:00,4094.0
2018-03-24 15:00:00,4240.0
2018-03-24 16:00:00,4642.0
2018-03-24 17:00:00,4532.0
2018-03-24 18:00:00,4663.0
2018-03-24 19:00:00,4656.0
2018-03-24 20:00:00,4598.0
2018-03-24 21:00:00,4383.0
2018-03-24 22:00:00,4122.0
2018-03-24 23:00:00,4064.0
2018-03-25 00:00:00,3926.0
2018-03-25 01:00:00,3864.0
2018-03-25 02:00:00,3684.0
2018-03-25 03:00:00,3560.0
2018-03-25 04:00:00,3505.0
2018-03-25 05:00:00,3352.0
2018-03-25 06:00:00,3207.0
2018-03-25 07:00:00,3038.0
2018-03-25 08:00:00,2947.0
2018-03-25 09:00:00,3221.0
2018-03-25 10:00:00,3408.0
2018-03-25 11:00:00,3666.0
2018-03-25 12:00:00,3775.0
2018-03-25 13:00:00,3774.0
2018-03-25 14:00:00,4169.0
2018-03-25 15:00:00,4138.0
2018-03-25 16:00:00,4124.0
2018-03-25 17:00:00,4332.0
2018-03-25 18:00:00,4456.0
2018-03-25 19:00:00,4540.0
2018-03-25 20:00:00,4453.0
2018-03-25 21:00:00,4303.0
2018-03-25 22:00:00,4163.0
2018-03-25 23:00:00,4024.0
2018-03-26 00:00:00,3936.0
2018-03-26 01:00:00,3795.0
2018-03-26 02:00:00,3567.0
2018-03-26 03:00:00,3462.0
2018-03-26 04:00:00,3419.0
2018-03-26 05:00:00,3207.0
2018-03-26 06:00:00,3099.0
2018-03-26 07:00:00,3078.0
2018-03-26 08:00:00,3034.0
2018-03-26 09:00:00,3165.0
2018-03-26 10:00:00,3422.0
2018-03-26 11:00:00,3541.0
2018-03-26 12:00:00,3497.0
2018-03-26 13:00:00,3669.0
2018-03-26 14:00:00,3895.0
2018-03-26 15:00:00,3683.0
2018-03-26 16:00:00,3634.0
2018-03-26 17:00:00,3633.0
2018-03-26 18:00:00,3667.0
2018-03-26 19:00:00,3721.0
2018-03-26 20:00:00,3545.0
2018-03-26 21:00:00,3434.0
2018-03-26 22:00:00,3478.0
2018-03-26 23:00:00,3648.0
2018-03-27 00:00:00,3763.0
2018-03-27 01:00:00,3621.0
2018-03-27 02:00:00,3388.0
2018-03-27 03:00:00,3244.0
2018-03-27 04:00:00,3132.0
2018-03-27 05:00:00,2987.0
2018-03-27 06:00:00,2936.0
2018-03-27 07:00:00,2796.0
2018-03-27 08:00:00,2841.0
2018-03-27 09:00:00,3099.0
2018-03-27 10:00:00,3305.0
2018-03-27 11:00:00,3492.0
2018-03-27 12:00:00,3566.0
2018-03-27 13:00:00,3732.0
2018-03-27 14:00:00,3774.0
2018-03-27 15:00:00,3651.0
2018-03-27 16:00:00,3853.0
2018-03-27 17:00:00,4067.0
2018-03-27 18:00:00,4176.0
2018-03-27 19:00:00,4260.0
2018-03-27 20:00:00,4129.0
2018-03-27 21:00:00,3950.0
2018-03-27 22:00:00,3828.0
2018-03-27 23:00:00,4019.0
2018-03-28 00:00:00,4046.0
2018-03-28 01:00:00,3853.0
2018-03-28 02:00:00,3633.0
2018-03-28 03:00:00,3480.0
2018-03-28 04:00:00,3472.0
2018-03-28 05:00:00,3462.0
2018-03-28 06:00:00,3428.0
2018-03-28 07:00:00,3341.0
2018-03-28 08:00:00,3180.0
2018-03-28 09:00:00,3364.0
2018-03-28 10:00:00,3562.0
2018-03-28 11:00:00,3612.0
2018-03-28 12:00:00,3677.0
2018-03-28 13:00:00,3752.0
2018-03-28 14:00:00,3713.0
2018-03-28 15:00:00,3613.0
2018-03-28 16:00:00,3640.0
2018-03-28 17:00:00,3841.0
2018-03-28 18:00:00,3956.0
2018-03-28 19:00:00,3956.0
2018-03-28 20:00:00,3866.0
2018-03-28 21:00:00,3761.0
2018-03-28 22:00:00,3889.0
2018-03-28 23:00:00,3919.0
2018-03-29 00:00:00,3981.0
2018-03-29 01:00:00,3978.0
2018-03-29 02:00:00,3834.0
2018-03-29 03:00:00,3602.0
2018-03-29 04:00:00,3527.0
2018-03-29 05:00:00,3450.0
2018-03-29 06:00:00,3329.0
2018-03-29 07:00:00,3102.0
2018-03-29 08:00:00,2991.0
2018-03-29 09:00:00,3069.0
2018-03-29 10:00:00,3067.0
2018-03-29 11:00:00,3072.0
2018-03-29 12:00:00,3086.0
2018-03-29 13:00:00,3234.0
2018-03-29 14:00:00,3229.0
2018-03-29 15:00:00,3042.0
2018-03-29 16:00:00,3301.0
2018-03-29 17:00:00,3170.0
2018-03-29 18:00:00,3242.0
2018-03-29 19:00:00,3521.0
2018-03-29 20:00:00,3441.0
2018-03-29 21:00:00,3242.0
2018-03-29 22:00:00,3419.0
2018-03-29 23:00:00,3556.0
2018-03-30 00:00:00,3617.0
2018-03-30 01:00:00,3553.0
2018-03-30 02:00:00,3517.0
2018-03-30 03:00:00,3270.0
2018-03-30 04:00:00,3310.0
2018-03-30 05:00:00,3083.0
2018-03-30 06:00:00,2728.0
2018-03-30 07:00:00,2715.0
2018-03-30 08:00:00,2637.0
2018-03-30 09:00:00,2692.0
2018-03-30 10:00:00,2715.0
2018-03-30 11:00:00,2772.0
2018-03-30 12:00:00,2703.0
2018-03-30 13:00:00,2616.0
2018-03-30 14:00:00,2619.0
2018-03-30 15:00:00,2585.0
2018-03-30 16:00:00,2623.0
2018-03-30 17:00:00,2780.0
2018-03-30 18:00:00,2818.0
2018-03-30 19:00:00,2673.0
2018-03-30 20:00:00,2594.0
2018-03-30 21:00:00,2514.0
2018-03-30 22:00:00,2485.0
2018-03-30 23:00:00,2568.0
2018-03-31 00:00:00,2581.0
2018-03-31 01:00:00,2567.0
2018-03-31 02:00:00,2472.0
2018-03-31 03:00:00,2520.0
2018-03-31 04:00:00,2479.0
2018-03-31 05:00:00,2499.0
2018-03-31 06:00:00,2512.0
2018-03-31 07:00:00,2741.0
2018-03-31 08:00:00,2645.0
2018-03-31 09:00:00,2988.0
2018-03-31 10:00:00,3176.0
2018-03-31 11:00:00,3442.0
2018-03-31 12:00:00,3616.0
2018-03-31 13:00:00,3663.0
2018-03-31 14:00:00,3957.0
2018-03-31 15:00:00,3850.0
2018-03-31 16:00:00,3851.0
2018-03-31 17:00:00,3942.0
2018-03-31 18:00:00,3976.0
2018-03-31 19:00:00,3932.0
2018-03-31 20:00:00,3900.0
2018-03-31 21:00:00,3738.0
2018-03-31 22:00:00,3791.0
2018-03-31 23:00:00,3903.0
2018-04-01 00:00:00,3880.0
2018-04-01 01:00:00,3728.0
2018-04-01 02:00:00,3535.0
2018-04-01 03:00:00,3409.0
2018-04-01 04:00:00,3334.0
2018-04-01 05:00:00,3260.0
2018-04-01 06:00:00,3291.0
2018-04-01 07:00:00,3290.0
2018-04-01 08:00:00,3334.0
2018-04-01 09:00:00,3521.0
2018-04-01 10:00:00,3383.0
2018-04-01 11:00:00,3632.0
2018-04-01 12:00:00,3746.0
2018-04-01 13:00:00,3867.0
2018-04-01 14:00:00,3983.0
2018-04-01 15:00:00,3823.0
2018-04-01 16:00:00,3924.0
2018-04-01 17:00:00,3943.0
2018-04-01 18:00:00,4068.0
2018-04-01 19:00:00,3806.0
2018-04-01 20:00:00,4034.0
2018-04-01 21:00:00,4121.0
2018-04-01 22:00:00,4042.0
2018-04-01 23:00:00,4116.0
2018-04-02 00:00:00,3919.0
2018-04-02 01:00:00,3802.0
2018-04-02 02:00:00,3641.0
2018-04-02 03:00:00,3409.0
2018-04-02 04:00:00,3345.0
2018-04-02 05:00:00,3426.0
2018-04-02 06:00:00,3162.0
2018-04-02 07:00:00,3196.0
2018-04-02 08:00:00,3075.0
2018-04-02 09:00:00,3077.0
2018-04-02 10:00:00,3238.0
2018-04-02 11:00:00,3316.0
2018-04-02 12:00:00,3351.0
2018-04-02 13:00:00,3544.0
2018-04-02 14:00:00,3613.0
2018-04-02 15:00:00,3544.0
2018-04-02 16:00:00,3614.0
2018-04-02 17:00:00,3663.0
2018-04-02 18:00:00,3682.0
2018-04-02 19:00:00,3756.0
2018-04-02 20:00:00,3842.0
2018-04-02 21:00:00,3783.0
2018-04-02 22:00:00,3711.0
2018-04-02 23:00:00,3876.0
2018-04-03 00:00:00,3726.0
2018-04-03 01:00:00,3655.0
2018-04-03 02:00:00,3450.0
2018-04-03 03:00:00,3306.0
2018-04-03 04:00:00,3368.0
2018-04-03 05:00:00,3235.0
2018-04-03 06:00:00,3067.0
2018-04-03 07:00:00,2900.0
2018-04-03 08:00:00,2821.0
2018-04-03 09:00:00,3117.0
2018-04-03 10:00:00,3310.0
2018-04-03 11:00:00,3446.0
2018-04-03 12:00:00,3569.0
2018-04-03 13:00:00,3590.0
2018-04-03 14:00:00,3860.0
2018-04-03 15:00:00,3757.0
2018-04-03 16:00:00,3838.0
2018-04-03 17:00:00,3932.0
2018-04-03 18:00:00,4185.0
2018-04-03 19:00:00,4065.0
2018-04-03 20:00:00,4217.0
2018-04-03 21:00:00,3918.0
2018-04-03 22:00:00,3781.0
2018-04-03 23:00:00,3790.0
2018-04-04 00:00:00,3768.0
2018-04-04 01:00:00,3563.0
2018-04-04 02:00:00,3423.0
2018-04-04 03:00:00,3261.0
2018-04-04 04:00:00,3286.0
2018-04-04 05:00:00,3239.0
2018-04-04 06:00:00,3007.0
2018-04-04 07:00:00,3171.0
2018-04-04 08:00:00,2940.0
2018-04-04 09:00:00,3064.0
2018-04-04 10:00:00,3294.0
2018-04-04 11:00:00,3376.0
2018-04-04 12:00:00,3389.0
2018-04-04 13:00:00,3479.0
2018-04-04 14:00:00,3829.0
2018-04-04 15:00:00,3735.0
2018-04-04 16:00:00,3890.0
2018-04-04 17:00:00,4007.0
2018-04-04 18:00:00,4123.0
2018-04-04 19:00:00,4183.0
2018-04-04 20:00:00,4087.0
2018-04-04 21:00:00,3878.0
2018-04-04 22:00:00,3662.0
2018-04-04 23:00:00,3882.0
2018-04-05 00:00:00,3804.0
2018-04-05 01:00:00,3639.0
2018-04-05 02:00:00,3364.0
2018-04-05 03:00:00,3162.0
2018-04-05 04:00:00,3086.0
2018-04-05 05:00:00,2996.0
2018-04-05 06:00:00,2901.0
2018-04-05 07:00:00,2994.0
2018-04-05 08:00:00,2812.0
2018-04-05 09:00:00,2960.0
2018-04-05 10:00:00,2970.0
2018-04-05 11:00:00,2909.0
2018-04-05 12:00:00,2940.0
2018-04-05 13:00:00,2982.0
2018-04-05 14:00:00,3328.0
2018-04-05 15:00:00,3155.0
2018-04-05 16:00:00,3353.0
2018-04-05 17:00:00,3400.0
2018-04-05 18:00:00,3382.0
2018-04-05 19:00:00,3320.0
2018-04-05 20:00:00,3235.0
2018-04-05 21:00:00,3198.0
2018-04-05 22:00:00,3201.0
2018-04-05 23:00:00,3395.0
2018-04-06 00:00:00,3504.0
2018-04-06 01:00:00,3470.0
2018-04-06 02:00:00,3321.0
2018-04-06 03:00:00,3197.0
2018-04-06 04:00:00,3180.0
2018-04-06 05:00:00,2923.0
2018-04-06 06:00:00,2851.0
2018-04-06 07:00:00,2788.0
2018-04-06 08:00:00,2520.0
2018-04-06 09:00:00,2572.0
2018-04-06 10:00:00,2520.0
2018-04-06 11:00:00,2572.0
2018-04-06 12:00:00,2676.0
2018-04-06 13:00:00,2832.0
2018-04-06 14:00:00,2800.0
2018-04-06 15:00:00,2896.0
2018-04-06 16:00:00,3009.0
2018-04-06 17:00:00,3036.0
2018-04-06 18:00:00,3047.0
2018-04-06 19:00:00,3055.0
2018-04-06 20:00:00,3058.0
2018-04-06 21:00:00,2871.0
2018-04-06 22:00:00,2846.0
2018-04-06 23:00:00,2811.0
2018-04-07 00:00:00,2834.0
2018-04-07 01:00:00,2708.0
2018-04-07 02:00:00,2685.0
2018-04-07 03:00:00,2572.0
2018-04-07 04:00:00,2600.0
2018-04-07 05:00:00,2547.0
2018-04-07 06:00:00,2575.0
2018-04-07 07:00:00,2670.0
2018-04-07 08:00:00,2569.0
2018-04-07 09:00:00,2966.0
2018-04-07 10:00:00,3075.0
2018-04-07 11:00:00,3364.0
2018-04-07 12:00:00,3588.0
2018-04-07 13:00:00,3848.0
2018-04-07 14:00:00,3994.0
2018-04-07 15:00:00,4072.0
2018-04-07 16:00:00,4188.0
2018-04-07 17:00:00,4321.0
2018-04-07 18:00:00,4236.0
2018-04-07 19:00:00,4123.0
2018-04-07 20:00:00,3924.0
2018-04-07 21:00:00,3716.0
2018-04-07 22:00:00,3657.0
2018-04-07 23:00:00,3757.0
2018-04-08 00:00:00,3729.0
2018-04-08 01:00:00,3540.0
2018-04-08 02:00:00,3289.0
2018-04-08 03:00:00,3198.0
2018-04-08 04:00:00,3107.0
2018-04-08 05:00:00,3069.0
2018-04-08 06:00:00,2886.0
2018-04-08 07:00:00,2804.0
2018-04-08 08:00:00,2809.0
2018-04-08 09:00:00,2938.0
2018-04-08 10:00:00,3151.0
2018-04-08 11:00:00,3349.0
2018-04-08 12:00:00,3515.0
2018-04-08 13:00:00,3711.0
2018-04-08 14:00:00,3967.0
2018-04-08 15:00:00,3980.0
2018-04-08 16:00:00,3984.0
2018-04-08 17:00:00,4278.0
2018-04-08 18:00:00,4188.0
2018-04-08 19:00:00,4128.0
2018-04-08 20:00:00,4243.0
2018-04-08 21:00:00,3990.0
2018-04-08 22:00:00,3828.0
2018-04-08 23:00:00,3851.0
2018-04-09 00:00:00,3779.0
2018-04-09 01:00:00,3721.0
2018-04-09 02:00:00,3436.0
2018-04-09 03:00:00,3348.0
2018-04-09 04:00:00,3201.0
2018-04-09 05:00:00,3042.0
2018-04-09 06:00:00,2929.0
2018-04-09 07:00:00,2847.0
2018-04-09 08:00:00,2798.0
2018-04-09 09:00:00,2939.0
2018-04-09 10:00:00,3100.0
2018-04-09 11:00:00,3300.0
2018-04-09 12:00:00,3454.0
2018-04-09 13:00:00,3575.0
2018-04-09 14:00:00,3767.0
2018-04-09 15:00:00,3753.0
2018-04-09 16:00:00,3849.0
2018-04-09 17:00:00,4024.0
2018-04-09 18:00:00,4134.0
2018-04-09 19:00:00,4296.0
2018-04-09 20:00:00,4299.0
2018-04-09 21:00:00,3998.0
2018-04-09 22:00:00,3765.0
2018-04-09 23:00:00,3904.0
2018-04-10 00:00:00,3737.0
2018-04-10 01:00:00,3471.0
2018-04-10 02:00:00,3129.0
2018-04-10 03:00:00,3066.0
2018-04-10 04:00:00,3069.0
2018-04-10 05:00:00,2969.0
2018-04-10 06:00:00,2901.0
2018-04-10 07:00:00,2834.0
2018-04-10 08:00:00,2799.0
2018-04-10 09:00:00,2954.0
2018-04-10 10:00:00,3164.0
2018-04-10 11:00:00,3338.0
2018-04-10 12:00:00,3636.0
2018-04-10 13:00:00,3765.0
2018-04-10 14:00:00,3907.0
2018-04-10 15:00:00,3808.0
2018-04-10 16:00:00,3977.0
2018-04-10 17:00:00,4259.0
2018-04-10 18:00:00,4272.0
2018-04-10 19:00:00,4468.0
2018-04-10 20:00:00,4368.0
2018-04-10 21:00:00,4074.0
2018-04-10 22:00:00,3928.0
2018-04-10 23:00:00,3955.0
2018-04-11 00:00:00,3743.0
2018-04-11 01:00:00,3606.0
2018-04-11 02:00:00,3440.0
2018-04-11 03:00:00,3218.0
2018-04-11 04:00:00,3075.0
2018-04-11 05:00:00,2956.0
2018-04-11 06:00:00,2912.0
2018-04-11 07:00:00,2815.0
2018-04-11 08:00:00,2770.0
2018-04-11 09:00:00,2934.0
2018-04-11 10:00:00,3102.0
2018-04-11 11:00:00,3285.0
2018-04-11 12:00:00,3300.0
2018-04-11 13:00:00,3416.0
2018-04-11 14:00:00,3577.0
2018-04-11 15:00:00,3531.0
2018-04-11 16:00:00,3801.0
2018-04-11 17:00:00,3867.0
2018-04-11 18:00:00,3683.0
2018-04-11 19:00:00,3713.0
2018-04-11 20:00:00,3793.0
2018-04-11 21:00:00,3526.0
2018-04-11 22:00:00,3450.0
2018-04-11 23:00:00,3679.0
2018-04-12 00:00:00,3505.0
2018-04-12 01:00:00,3390.0
2018-04-12 02:00:00,3099.0
2018-04-12 03:00:00,2985.0
2018-04-12 04:00:00,2881.0
2018-04-12 05:00:00,2764.0
2018-04-12 06:00:00,2759.0
2018-04-12 07:00:00,2682.0
2018-04-12 08:00:00,2628.0
2018-04-12 09:00:00,2823.0
2018-04-12 10:00:00,2786.0
2018-04-12 11:00:00,2770.0
2018-04-12 12:00:00,2775.0
2018-04-12 13:00:00,2753.0
2018-04-12 14:00:00,2767.0
2018-04-12 15:00:00,2740.0
2018-04-12 16:00:00,2753.0
2018-04-12 17:00:00,2814.0
2018-04-12 18:00:00,2741.0
2018-04-12 19:00:00,2746.0
2018-04-12 20:00:00,2751.0
2018-04-12 21:00:00,2715.0
2018-04-12 22:00:00,2841.0
2018-04-12 23:00:00,3106.0
2018-04-13 00:00:00,3348.0
2018-04-13 01:00:00,3325.0
2018-04-13 02:00:00,3103.0
2018-04-13 03:00:00,2943.0
2018-04-13 04:00:00,2935.0
2018-04-13 05:00:00,2623.0
2018-04-13 06:00:00,2618.0
2018-04-13 07:00:00,2519.0
2018-04-13 08:00:00,2424.0
2018-04-13 09:00:00,2384.0
2018-04-13 10:00:00,2353.0
2018-04-13 11:00:00,2277.0
2018-04-13 12:00:00,2365.0
2018-04-13 13:00:00,2519.0
2018-04-13 14:00:00,2498.0
2018-04-13 15:00:00,2592.0
2018-04-13 16:00:00,2636.0
2018-04-13 17:00:00,2621.0
2018-04-13 18:00:00,2655.0
2018-04-13 19:00:00,2625.0
2018-04-13 20:00:00,2613.0
2018-04-13 21:00:00,2616.0
2018-04-13 22:00:00,2654.0
2018-04-13 23:00:00,2616.0
2018-04-14 00:00:00,2634.0
2018-04-14 01:00:00,2603.0
2018-04-14 02:00:00,2532.0
2018-04-14 03:00:00,2501.0
2018-04-14 04:00:00,2436.0
2018-04-14 05:00:00,2376.0
2018-04-14 06:00:00,2410.0
2018-04-14 07:00:00,2444.0
2018-04-14 08:00:00,2505.0
2018-04-14 09:00:00,2818.0
2018-04-14 10:00:00,2918.0
2018-04-14 11:00:00,3085.0
2018-04-14 12:00:00,3217.0
2018-04-14 13:00:00,3213.0
2018-04-14 14:00:00,3271.0
2018-04-14 15:00:00,3202.0
2018-04-14 16:00:00,3335.0
2018-04-14 17:00:00,3436.0
2018-04-14 18:00:00,3515.0
2018-04-14 19:00:00,3642.0
2018-04-14 20:00:00,3305.0
2018-04-14 21:00:00,3135.0
2018-04-14 22:00:00,3182.0
2018-04-14 23:00:00,3383.0
2018-04-15 00:00:00,3556.0
2018-04-15 01:00:00,3553.0
2018-04-15 02:00:00,3266.0
2018-04-15 03:00:00,3076.0
2018-04-15 04:00:00,2954.0
2018-04-15 05:00:00,2861.0
2018-04-15 06:00:00,2777.0
2018-04-15 07:00:00,2750.0
2018-04-15 08:00:00,2729.0
2018-04-15 09:00:00,2963.0
2018-04-15 10:00:00,3125.0
2018-04-15 11:00:00,3217.0
2018-04-15 12:00:00,3197.0
2018-04-15 13:00:00,3280.0
2018-04-15 14:00:00,3416.0
2018-04-15 15:00:00,3407.0
2018-04-15 16:00:00,3684.0
2018-04-15 17:00:00,3862.0
2018-04-15 18:00:00,3976.0
2018-04-15 19:00:00,3994.0
2018-04-15 20:00:00,4043.0
2018-04-15 21:00:00,3906.0
2018-04-15 22:00:00,3791.0
2018-04-15 23:00:00,3763.0
2018-04-16 00:00:00,3665.0
2018-04-16 01:00:00,3550.0
2018-04-16 02:00:00,3240.0
2018-04-16 03:00:00,3029.0
2018-04-16 04:00:00,2968.0
2018-04-16 05:00:00,2776.0
2018-04-16 06:00:00,2801.0
2018-04-16 07:00:00,2750.0
2018-04-16 08:00:00,2697.0
2018-04-16 09:00:00,2920.0
2018-04-16 10:00:00,3118.0
2018-04-16 11:00:00,3177.0
2018-04-16 12:00:00,3242.0
2018-04-16 13:00:00,3474.0
2018-04-16 14:00:00,3488.0
2018-04-16 15:00:00,3270.0
2018-04-16 16:00:00,3553.0
2018-04-16 17:00:00,3709.0
2018-04-16 18:00:00,3866.0
2018-04-16 19:00:00,3688.0
2018-04-16 20:00:00,3706.0
2018-04-16 21:00:00,3453.0
2018-04-16 22:00:00,3297.0
2018-04-16 23:00:00,3516.0
2018-04-17 00:00:00,3414.0
2018-04-17 01:00:00,3221.0
2018-04-17 02:00:00,3052.0
2018-04-17 03:00:00,2933.0
2018-04-17 04:00:00,2777.0
2018-04-17 05:00:00,2611.0
2018-04-17 06:00:00,2588.0
2018-04-17 07:00:00,2678.0
2018-04-17 08:00:00,2494.0
2018-04-17 09:00:00,2799.0
2018-04-17 10:00:00,3098.0
2018-04-17 11:00:00,3270.0
2018-04-17 12:00:00,3435.0
2018-04-17 13:00:00,3643.0
2018-04-17 14:00:00,3830.0
2018-04-17 15:00:00,3686.0
2018-04-17 16:00:00,3792.0
2018-04-17 17:00:00,3953.0
2018-04-17 18:00:00,4029.0
2018-04-17 19:00:00,4112.0
2018-04-17 20:00:00,4166.0
2018-04-17 21:00:00,4050.0
2018-04-17 22:00:00,3675.0
2018-04-17 23:00:00,3775.0
2018-04-18 00:00:00,3713.0
2018-04-18 01:00:00,3660.0
2018-04-18 02:00:00,3422.0
2018-04-18 03:00:00,3198.0
2018-04-18 04:00:00,3115.0
2018-04-18 05:00:00,3014.0
2018-04-18 06:00:00,2978.0
2018-04-18 07:00:00,2955.0
2018-04-18 08:00:00,2883.0
2018-04-18 09:00:00,3153.0
2018-04-18 10:00:00,3313.0
2018-04-18 11:00:00,3468.0
2018-04-18 12:00:00,3493.0
2018-04-18 13:00:00,3532.0
2018-04-18 14:00:00,3744.0
2018-04-18 15:00:00,3557.0
2018-04-18 16:00:00,3615.0
2018-04-18 17:00:00,3686.0
2018-04-18 18:00:00,3640.0
2018-04-18 19:00:00,3737.0
2018-04-18 20:00:00,3886.0
2018-04-18 21:00:00,3734.0
2018-04-18 22:00:00,3741.0
2018-04-18 23:00:00,3866.0
2018-04-19 00:00:00,3822.0
2018-04-19 01:00:00,3695.0
2018-04-19 02:00:00,3374.0
2018-04-19 03:00:00,3159.0
2018-04-19 04:00:00,3073.0
2018-04-19 05:00:00,2978.0
2018-04-19 06:00:00,2964.0
2018-04-19 07:00:00,2885.0
2018-04-19 08:00:00,2846.0
2018-04-19 09:00:00,3047.0
2018-04-19 10:00:00,3058.0
2018-04-19 11:00:00,3104.0
2018-04-19 12:00:00,2992.0
2018-04-19 13:00:00,3087.0
2018-04-19 14:00:00,3204.0
2018-04-19 15:00:00,3070.0
2018-04-19 16:00:00,3185.0
2018-04-19 17:00:00,3181.0
2018-04-19 18:00:00,3389.0
2018-04-19 19:00:00,3384.0
2018-04-19 20:00:00,3315.0
2018-04-19 21:00:00,3121.0
2018-04-19 22:00:00,3185.0
2018-04-19 23:00:00,3251.0
2018-04-20 00:00:00,3276.0
2018-04-20 01:00:00,3255.0
2018-04-20 02:00:00,3067.0
2018-04-20 03:00:00,2952.0
2018-04-20 04:00:00,2911.0
2018-04-20 05:00:00,2813.0
2018-04-20 06:00:00,2843.0
2018-04-20 07:00:00,2770.0
2018-04-20 08:00:00,2618.0
2018-04-20 09:00:00,2649.0
2018-04-20 10:00:00,2639.0
2018-04-20 11:00:00,2562.0
2018-04-20 12:00:00,2702.0
2018-04-20 13:00:00,2746.0
2018-04-20 14:00:00,2712.0
2018-04-20 15:00:00,2789.0
2018-04-20 16:00:00,2875.0
2018-04-20 17:00:00,2809.0
2018-04-20 18:00:00,2840.0
2018-04-20 19:00:00,2799.0
2018-04-20 20:00:00,2840.0
2018-04-20 21:00:00,2801.0
2018-04-20 22:00:00,2830.0
2018-04-20 23:00:00,2790.0
2018-04-21 00:00:00,2802.0
2018-04-21 01:00:00,2717.0
2018-04-21 02:00:00,2664.0
2018-04-21 03:00:00,2633.0
2018-04-21 04:00:00,2665.0
2018-04-21 05:00:00,2662.0
2018-04-21 06:00:00,2686.0
2018-04-21 07:00:00,2744.0
2018-04-21 08:00:00,2817.0
2018-04-21 09:00:00,3115.0
2018-04-21 10:00:00,3266.0
2018-04-21 11:00:00,3331.0
2018-04-21 12:00:00,3311.0
2018-04-21 13:00:00,3332.0
2018-04-21 14:00:00,3657.0
2018-04-21 15:00:00,3372.0
2018-04-21 16:00:00,3551.0
2018-04-21 17:00:00,3737.0
2018-04-21 18:00:00,3750.0
2018-04-21 19:00:00,3924.0
2018-04-21 20:00:00,3806.0
2018-04-21 21:00:00,3557.0
2018-04-21 22:00:00,3526.0
2018-04-21 23:00:00,3666.0
2018-04-22 00:00:00,3568.0
2018-04-22 01:00:00,3368.0
2018-04-22 02:00:00,3227.0
2018-04-22 03:00:00,3080.0
2018-04-22 04:00:00,3044.0
2018-04-22 05:00:00,2951.0
2018-04-22 06:00:00,2925.0
2018-04-22 07:00:00,2867.0
2018-04-22 08:00:00,2863.0
2018-04-22 09:00:00,3047.0
2018-04-22 10:00:00,3335.0
2018-04-22 11:00:00,3425.0
2018-04-22 12:00:00,3392.0
2018-04-22 13:00:00,3468.0
2018-04-22 14:00:00,3583.0
2018-04-22 15:00:00,3391.0
2018-04-22 16:00:00,3660.0
2018-04-22 17:00:00,3758.0
2018-04-22 18:00:00,3828.0
2018-04-22 19:00:00,3865.0
2018-04-22 20:00:00,3834.0
2018-04-22 21:00:00,3507.0
2018-04-22 22:00:00,3556.0
2018-04-22 23:00:00,3644.0
2018-04-23 00:00:00,3560.0
2018-04-23 01:00:00,3400.0
2018-04-23 02:00:00,3235.0
2018-04-23 03:00:00,3091.0
2018-04-23 04:00:00,2926.0
2018-04-23 05:00:00,2769.0
2018-04-23 06:00:00,2817.0
2018-04-23 07:00:00,2835.0
2018-04-23 08:00:00,2826.0
2018-04-23 09:00:00,2988.0
2018-04-23 10:00:00,3080.0
2018-04-23 11:00:00,3276.0
2018-04-23 12:00:00,3346.0
2018-04-23 13:00:00,3452.0
2018-04-23 14:00:00,3588.0
2018-04-23 15:00:00,3462.0
2018-04-23 16:00:00,3519.0
2018-04-23 17:00:00,3658.0
2018-04-23 18:00:00,3630.0
2018-04-23 19:00:00,3826.0
2018-04-23 20:00:00,3677.0
2018-04-23 21:00:00,3482.0
2018-04-23 22:00:00,3444.0
2018-04-23 23:00:00,3500.0
2018-04-24 00:00:00,3453.0
2018-04-24 01:00:00,3235.0
2018-04-24 02:00:00,3096.0
2018-04-24 03:00:00,2980.0
2018-04-24 04:00:00,2930.0
2018-04-24 05:00:00,2887.0
2018-04-24 06:00:00,2969.0
2018-04-24 07:00:00,3030.0
2018-04-24 08:00:00,3037.0
2018-04-24 09:00:00,3230.0
2018-04-24 10:00:00,3561.0
2018-04-24 11:00:00,3599.0
2018-04-24 12:00:00,3639.0
2018-04-24 13:00:00,3687.0
2018-04-24 14:00:00,3722.0
2018-04-24 15:00:00,3588.0
2018-04-24 16:00:00,3674.0
2018-04-24 17:00:00,3746.0
2018-04-24 18:00:00,3822.0
2018-04-24 19:00:00,3851.0
2018-04-24 20:00:00,3780.0
2018-04-24 21:00:00,3604.0
2018-04-24 22:00:00,3550.0
2018-04-24 23:00:00,3696.0
2018-04-25 00:00:00,3622.0
2018-04-25 01:00:00,3519.0
2018-04-25 02:00:00,3424.0
2018-04-25 03:00:00,3302.0
2018-04-25 04:00:00,3214.0
2018-04-25 05:00:00,3185.0
2018-04-25 06:00:00,3085.0
2018-04-25 07:00:00,3046.0
2018-04-25 08:00:00,2953.0
2018-04-25 09:00:00,3169.0
2018-04-25 10:00:00,3349.0
2018-04-25 11:00:00,3475.0
2018-04-25 12:00:00,3517.0
2018-04-25 13:00:00,3614.0
2018-04-25 14:00:00,3669.0
2018-04-25 15:00:00,3507.0
2018-04-25 16:00:00,3541.0
2018-04-25 17:00:00,3551.0
2018-04-25 18:00:00,3605.0
2018-04-25 19:00:00,3570.0
2018-04-25 20:00:00,3471.0
2018-04-25 21:00:00,3133.0
2018-04-25 22:00:00,3185.0
2018-04-25 23:00:00,3133.0
2018-04-26 00:00:00,3166.0
2018-04-26 01:00:00,3353.0
2018-04-26 02:00:00,3074.0
2018-04-26 03:00:00,2962.0
2018-04-26 04:00:00,2942.0
2018-04-26 05:00:00,2828.0
2018-04-26 06:00:00,2798.0
2018-04-26 07:00:00,2773.0
2018-04-26 08:00:00,2739.0
2018-04-26 09:00:00,2828.0
2018-04-26 10:00:00,2786.0
2018-04-26 11:00:00,2832.0
2018-04-26 12:00:00,2753.0
2018-04-26 13:00:00,2806.0
2018-04-26 14:00:00,2891.0
2018-04-26 15:00:00,2796.0
2018-04-26 16:00:00,2970.0
2018-04-26 17:00:00,3210.0
2018-04-26 18:00:00,3230.0
2018-04-26 19:00:00,3043.0
2018-04-26 20:00:00,3106.0
2018-04-26 21:00:00,3022.0
2018-04-26 22:00:00,2998.0
2018-04-26 23:00:00,3134.0
2018-04-27 00:00:00,3142.0
2018-04-27 01:00:00,3116.0
2018-04-27 02:00:00,3041.0
2018-04-27 03:00:00,5653.0
2018-04-27 04:00:00,2655.0
2018-04-27 05:00:00,2540.0
2018-04-27 06:00:00,2616.0
2018-04-27 07:00:00,2554.0
2018-04-27 08:00:00,2528.0
2018-04-27 09:00:00,2410.0
2018-04-27 10:00:00,2492.0
2018-04-27 11:00:00,2500.0
2018-04-27 12:00:00,2614.0
2018-04-27 13:00:00,2732.0
2018-04-27 14:00:00,2634.0
2018-04-27 15:00:00,2671.0
2018-04-27 16:00:00,2792.0
2018-04-27 17:00:00,2855.0
2018-04-27 18:00:00,2717.0
2018-04-27 19:00:00,2683.0
2018-04-27 20:00:00,2602.0
2018-04-27 21:00:00,2595.0
2018-04-27 22:00:00,2523.0
2018-04-27 23:00:00,2620.0
2018-04-28 00:00:00,2632.0
2018-04-28 01:00:00,2545.0
2018-04-28 02:00:00,2418.0
2018-04-28 03:00:00,2458.0
2018-04-28 04:00:00,2516.0
2018-04-28 05:00:00,2489.0
2018-04-28 06:00:00,2482.0
2018-04-28 07:00:00,2624.0
2018-04-28 08:00:00,2610.0
2018-04-28 09:00:00,2721.0
2018-04-28 10:00:00,2888.0
2018-04-28 11:00:00,3158.0
2018-04-28 12:00:00,3232.0
2018-04-28 13:00:00,3427.0
2018-04-28 14:00:00,3351.0
2018-04-28 15:00:00,3298.0
2018-04-28 16:00:00,3369.0
2018-04-28 17:00:00,3370.0
2018-04-28 18:00:00,3214.0
2018-04-28 19:00:00,3310.0
2018-04-28 20:00:00,3186.0
2018-04-28 21:00:00,3164.0
2018-04-28 22:00:00,2983.0
2018-04-28 23:00:00,3189.0
2018-04-29 00:00:00,3216.0
2018-04-29 01:00:00,3069.0
2018-04-29 02:00:00,2958.0
2018-04-29 03:00:00,2816.0
2018-04-29 04:00:00,2694.0
2018-04-29 05:00:00,2661.0
2018-04-29 06:00:00,2626.0
2018-04-29 07:00:00,2617.0
2018-04-29 08:00:00,2827.0
2018-04-29 09:00:00,2733.0
2018-04-29 10:00:00,2909.0
2018-04-29 11:00:00,3055.0
2018-04-29 12:00:00,3151.0
2018-04-29 13:00:00,3240.0
2018-04-29 14:00:00,3361.0
2018-04-29 15:00:00,3351.0
2018-04-29 16:00:00,3316.0
2018-04-29 17:00:00,3387.0
2018-04-29 18:00:00,3416.0
2018-04-29 19:00:00,3564.0
2018-04-29 20:00:00,3360.0
2018-04-29 21:00:00,3238.0
2018-04-29 22:00:00,3203.0
2018-04-29 23:00:00,3328.0
2018-04-30 00:00:00,3352.0
2018-04-30 01:00:00,3209.0
2018-04-30 02:00:00,2998.0
2018-04-30 03:00:00,2907.0
2018-04-30 04:00:00,2758.0
2018-04-30 05:00:00,2733.0
2018-04-30 06:00:00,2703.0
2018-04-30 07:00:00,2680.0
2018-04-30 08:00:00,2703.0
2018-04-30 09:00:00,2717.0
2018-04-30 10:00:00,2901.0
2018-04-30 11:00:00,3086.0
2018-04-30 12:00:00,3185.0
2018-04-30 13:00:00,3121.0
2018-04-30 14:00:00,3406.0
2018-04-30 15:00:00,3265.0
2018-04-30 16:00:00,3210.0
2018-04-30 17:00:00,3297.0
2018-04-30 18:00:00,3359.0
2018-04-30 19:00:00,3444.0
2018-04-30 20:00:00,3251.0
2018-04-30 21:00:00,3186.0
2018-04-30 22:00:00,3076.0
2018-04-30 23:00:00,3111.0
2018-05-01 00:00:00,3158.0
2018-05-01 01:00:00,2957.0
2018-05-01 02:00:00,2789.0
2018-05-01 03:00:00,2609.0
2018-05-01 04:00:00,2664.0
2018-05-01 05:00:00,2637.0
2018-05-01 06:00:00,2650.0
2018-05-01 07:00:00,2578.0
2018-05-01 08:00:00,2296.0
2018-05-01 09:00:00,2543.0
2018-05-01 10:00:00,2948.0
2018-05-01 11:00:00,3140.0
2018-05-01 12:00:00,3218.0
2018-05-01 13:00:00,3522.0
2018-05-01 14:00:00,3534.0
2018-05-01 15:00:00,3504.0
2018-05-01 16:00:00,3539.0
2018-05-01 17:00:00,3769.0
2018-05-01 18:00:00,3688.0
2018-05-01 19:00:00,3741.0
2018-05-01 20:00:00,3561.0
2018-05-01 21:00:00,3339.0
2018-05-01 22:00:00,3294.0
2018-05-01 23:00:00,3368.0
2018-05-02 00:00:00,3364.0
2018-05-02 01:00:00,3179.0
2018-05-02 02:00:00,2954.0
2018-05-02 03:00:00,2829.0
2018-05-02 04:00:00,2800.0
2018-05-02 05:00:00,2751.0
2018-05-02 06:00:00,2545.0
2018-05-02 07:00:00,2535.0
2018-05-02 08:00:00,2606.0
2018-05-02 09:00:00,2726.0
2018-05-02 10:00:00,3048.0
2018-05-02 11:00:00,3407.0
2018-05-02 12:00:00,3418.0
2018-05-02 13:00:00,3504.0
2018-05-02 14:00:00,3541.0
2018-05-02 15:00:00,3396.0
2018-05-02 16:00:00,3448.0
2018-05-02 17:00:00,3488.0
2018-05-02 18:00:00,3524.0
2018-05-02 19:00:00,3644.0
2018-05-02 20:00:00,3516.0
2018-05-02 21:00:00,3336.0
2018-05-02 22:00:00,3326.0
2018-05-02 23:00:00,3521.0
2018-05-03 00:00:00,3456.0
2018-05-03 01:00:00,3334.0
2018-05-03 02:00:00,3078.0
2018-05-03 03:00:00,2939.0
2018-05-03 04:00:00,2987.0
2018-05-03 05:00:00,2967.0
2018-05-03 06:00:00,2969.0
2018-05-03 07:00:00,2961.0
2018-05-03 08:00:00,3014.0
2018-05-03 09:00:00,3049.0
2018-05-03 10:00:00,2882.0
2018-05-03 11:00:00,3038.0
2018-05-03 12:00:00,3033.0
2018-05-03 13:00:00,3096.0
2018-05-03 14:00:00,3202.0
2018-05-03 15:00:00,3172.0
2018-05-03 16:00:00,3143.0
2018-05-03 17:00:00,3177.0
2018-05-03 18:00:00,3210.0
2018-05-03 19:00:00,3160.0
2018-05-03 20:00:00,3070.0
2018-05-03 21:00:00,3078.0
2018-05-03 22:00:00,3095.0
2018-05-03 23:00:00,3235.0
2018-05-04 00:00:00,3256.0
2018-05-04 01:00:00,3128.0
2018-05-04 02:00:00,3006.0
2018-05-04 03:00:00,2904.0
2018-05-04 04:00:00,2953.0
2018-05-04 05:00:00,2751.0
2018-05-04 06:00:00,2733.0
2018-05-04 07:00:00,2626.0
2018-05-04 08:00:00,2709.0
2018-05-04 09:00:00,2627.0
2018-05-04 10:00:00,2556.0
2018-05-04 11:00:00,2561.0
2018-05-04 12:00:00,2566.0
2018-05-04 13:00:00,2618.0
2018-05-04 14:00:00,2618.0
2018-05-04 15:00:00,2647.0
2018-05-04 16:00:00,2689.0
2018-05-04 17:00:00,2674.0
2018-05-04 18:00:00,2650.0
2018-05-04 19:00:00,2676.0
2018-05-04 20:00:00,2640.0
2018-05-04 21:00:00,2631.0
2018-05-04 22:00:00,2669.0
2018-05-04 23:00:00,2687.0
2018-05-05 00:00:00,2678.0
2018-05-05 01:00:00,2570.0
2018-05-05 02:00:00,2500.0
2018-05-05 03:00:00,2494.0
2018-05-05 04:00:00,2498.0
2018-05-05 05:00:00,2507.0
2018-05-05 06:00:00,2498.0
2018-05-05 07:00:00,2552.0
2018-05-05 08:00:00,2756.0
2018-05-05 09:00:00,2792.0
2018-05-05 10:00:00,2960.0
2018-05-05 11:00:00,3284.0
2018-05-05 12:00:00,3639.0
2018-05-05 13:00:00,3697.0
2018-05-05 14:00:00,3656.0
2018-05-05 15:00:00,3517.0
2018-05-05 16:00:00,3532.0
2018-05-05 17:00:00,3588.0
2018-05-05 18:00:00,3599.0
2018-05-05 19:00:00,3499.0
2018-05-05 20:00:00,3432.0
2018-05-05 21:00:00,3256.0
2018-05-05 22:00:00,3188.0
2018-05-05 23:00:00,3298.0
2018-05-06 00:00:00,3411.0
2018-05-06 01:00:00,3250.0
2018-05-06 02:00:00,3111.0
2018-05-06 03:00:00,3033.0
2018-05-06 04:00:00,2958.0
2018-05-06 05:00:00,2877.0
2018-05-06 06:00:00,2843.0
2018-05-06 07:00:00,2842.0
2018-05-06 08:00:00,2953.0
2018-05-06 09:00:00,2940.0
2018-05-06 10:00:00,3288.0
2018-05-06 11:00:00,3399.0
2018-05-06 12:00:00,3518.0
2018-05-06 13:00:00,3576.0
2018-05-06 14:00:00,3660.0
2018-05-06 15:00:00,3452.0
2018-05-06 16:00:00,3550.0
2018-05-06 17:00:00,3610.0
2018-05-06 18:00:00,3600.0
2018-05-06 19:00:00,3619.0
2018-05-06 20:00:00,3530.0
2018-05-06 21:00:00,3384.0
2018-05-06 22:00:00,3270.0
2018-05-06 23:00:00,3414.0
2018-05-07 00:00:00,3430.0
2018-05-07 01:00:00,3283.0
2018-05-07 02:00:00,3056.0
2018-05-07 03:00:00,3008.0
2018-05-07 04:00:00,2862.0
2018-05-07 05:00:00,2793.0
2018-05-07 06:00:00,2795.0
2018-05-07 07:00:00,2800.0
2018-05-07 08:00:00,2906.0
2018-05-07 09:00:00,2819.0
2018-05-07 10:00:00,3059.0
2018-05-07 11:00:00,3304.0
2018-05-07 12:00:00,3257.0
2018-05-07 13:00:00,3327.0
2018-05-07 14:00:00,3505.0
2018-05-07 15:00:00,3294.0
2018-05-07 16:00:00,3363.0
2018-05-07 17:00:00,3510.0
2018-05-07 18:00:00,3465.0
2018-05-07 19:00:00,3511.0
2018-05-07 20:00:00,3412.0
2018-05-07 21:00:00,3221.0
2018-05-07 22:00:00,3112.0
2018-05-07 23:00:00,3173.0
2018-05-08 00:00:00,3218.0
2018-05-08 01:00:00,2950.0
2018-05-08 02:00:00,2839.0
2018-05-08 03:00:00,2773.0
2018-05-08 04:00:00,2802.0
2018-05-08 05:00:00,2749.0
2018-05-08 06:00:00,2747.0
2018-05-08 07:00:00,2657.0
2018-05-08 08:00:00,2866.0
2018-05-08 09:00:00,2924.0
2018-05-08 10:00:00,3211.0
2018-05-08 11:00:00,3374.0
2018-05-08 12:00:00,3572.0
2018-05-08 13:00:00,3776.0
2018-05-08 14:00:00,3734.0
2018-05-08 15:00:00,3518.0
2018-05-08 16:00:00,3641.0
2018-05-08 17:00:00,3628.0
2018-05-08 18:00:00,3615.0
2018-05-08 19:00:00,3604.0
2018-05-08 20:00:00,3636.0
2018-05-08 21:00:00,3655.0
2018-05-08 22:00:00,3685.0
2018-05-08 23:00:00,3552.0
2018-05-09 00:00:00,3410.0
2018-05-09 01:00:00,2992.0
2018-05-09 02:00:00,2938.0
2018-05-09 03:00:00,2899.0
2018-05-09 04:00:00,2946.0
2018-05-09 05:00:00,2894.0
2018-05-09 06:00:00,2855.0
2018-05-09 07:00:00,2877.0
2018-05-09 08:00:00,2973.0
2018-05-09 09:00:00,3072.0
2018-05-09 10:00:00,3225.0
2018-05-09 11:00:00,3467.0
2018-05-09 12:00:00,3510.0
2018-05-09 13:00:00,3533.0
2018-05-09 14:00:00,3657.0
2018-05-09 15:00:00,3573.0
2018-05-09 16:00:00,3598.0
2018-05-09 17:00:00,3613.0
2018-05-09 18:00:00,3748.0
2018-05-09 19:00:00,3855.0
2018-05-09 20:00:00,3622.0
2018-05-09 21:00:00,3428.0
2018-05-09 22:00:00,3186.0
2018-05-09 23:00:00,3201.0
2018-05-10 00:00:00,3098.0
2018-05-10 01:00:00,2880.0
2018-05-10 02:00:00,2800.0
2018-05-10 03:00:00,2781.0
2018-05-10 04:00:00,2747.0
2018-05-10 05:00:00,2726.0
2018-05-10 06:00:00,2698.0
2018-05-10 07:00:00,2701.0
2018-05-10 08:00:00,2863.0
2018-05-10 09:00:00,2850.0
2018-05-10 10:00:00,2901.0
2018-05-10 11:00:00,2943.0
2018-05-10 12:00:00,3032.0
2018-05-10 13:00:00,2973.0
2018-05-10 14:00:00,2995.0
2018-05-10 15:00:00,2872.0
2018-05-10 16:00:00,2942.0
2018-05-10 17:00:00,2939.0
2018-05-10 18:00:00,2897.0
2018-05-10 19:00:00,2870.0
2018-05-10 20:00:00,2902.0
2018-05-10 21:00:00,2895.0
2018-05-10 22:00:00,2928.0
2018-05-10 23:00:00,3075.0
2018-05-11 00:00:00,3030.0
2018-05-11 01:00:00,2993.0
2018-05-11 02:00:00,2860.0
2018-05-11 03:00:00,2837.0
2018-05-11 04:00:00,2800.0
2018-05-11 05:00:00,2668.0
2018-05-11 06:00:00,2620.0
2018-05-11 07:00:00,2647.0
2018-05-11 08:00:00,2695.0
2018-05-11 09:00:00,2594.0
2018-05-11 10:00:00,2504.0
2018-05-11 11:00:00,2517.0
2018-05-11 12:00:00,2613.0
2018-05-11 13:00:00,2600.0
2018-05-11 14:00:00,2595.0
2018-05-11 15:00:00,2615.0
2018-05-11 16:00:00,2653.0
2018-05-11 17:00:00,2634.0
2018-05-11 18:00:00,2584.0
2018-05-11 19:00:00,2574.0
2018-05-11 20:00:00,2610.0
2018-05-11 21:00:00,2608.0
2018-05-11 22:00:00,2613.0
2018-05-11 23:00:00,2646.0
2018-05-12 00:00:00,2677.0
2018-05-12 01:00:00,2547.0
2018-05-12 02:00:00,2483.0
2018-05-12 03:00:00,2496.0
2018-05-12 04:00:00,2480.0
2018-05-12 05:00:00,2509.0
2018-05-12 06:00:00,2488.0
2018-05-12 07:00:00,2464.0
2018-05-12 08:00:00,2597.0
2018-05-12 09:00:00,2719.0
2018-05-12 10:00:00,2879.0
2018-05-12 11:00:00,3031.0
2018-05-12 12:00:00,3301.0
2018-05-12 13:00:00,3436.0
2018-05-12 14:00:00,3553.0
2018-05-12 15:00:00,3441.0
2018-05-12 16:00:00,3706.0
2018-05-12 17:00:00,3673.0
2018-05-12 18:00:00,3722.0
2018-05-12 19:00:00,3582.0
2018-05-12 20:00:00,3355.0
2018-05-12 21:00:00,3237.0
2018-05-12 22:00:00,3103.0
2018-05-12 23:00:00,3204.0
2018-05-13 00:00:00,3197.0
2018-05-13 01:00:00,3048.0
2018-05-13 02:00:00,2862.0
2018-05-13 03:00:00,2866.0
2018-05-13 04:00:00,2778.0
2018-05-13 05:00:00,2678.0
2018-05-13 06:00:00,2619.0
2018-05-13 07:00:00,2585.0
2018-05-13 08:00:00,2710.0
2018-05-13 09:00:00,2799.0
2018-05-13 10:00:00,3176.0
2018-05-13 11:00:00,3323.0
2018-05-13 12:00:00,3449.0
2018-05-13 13:00:00,3674.0
2018-05-13 14:00:00,3752.0
2018-05-13 15:00:00,3698.0
2018-05-13 16:00:00,3776.0
2018-05-13 17:00:00,3832.0
2018-05-13 18:00:00,3752.0
2018-05-13 19:00:00,3624.0
2018-05-13 20:00:00,3503.0
2018-05-13 21:00:00,3214.0
2018-05-13 22:00:00,3138.0
2018-05-13 23:00:00,3261.0
2018-05-14 00:00:00,3311.0
2018-05-14 01:00:00,3162.0
2018-05-14 02:00:00,2974.0
2018-05-14 03:00:00,2853.0
2018-05-14 04:00:00,2800.0
2018-05-14 05:00:00,2684.0
2018-05-14 06:00:00,2695.0
2018-05-14 07:00:00,2631.0
2018-05-14 08:00:00,2785.0
2018-05-14 09:00:00,2789.0
2018-05-14 10:00:00,2967.0
2018-05-14 11:00:00,3271.0
2018-05-14 12:00:00,3437.0
2018-05-14 13:00:00,3710.0
2018-05-14 14:00:00,3826.0
2018-05-14 15:00:00,3598.0
2018-05-14 16:00:00,3607.0
2018-05-14 17:00:00,3792.0
2018-05-14 18:00:00,3752.0
2018-05-14 19:00:00,3604.0
2018-05-14 20:00:00,3366.0
2018-05-14 21:00:00,3280.0
2018-05-14 22:00:00,3206.0
2018-05-14 23:00:00,3292.0
2018-05-15 00:00:00,3183.0
2018-05-15 01:00:00,3017.0
2018-05-15 02:00:00,2866.0
2018-05-15 03:00:00,2837.0
2018-05-15 04:00:00,2792.0
2018-05-15 05:00:00,2729.0
2018-05-15 06:00:00,2734.0
2018-05-15 07:00:00,2689.0
2018-05-15 08:00:00,2836.0
2018-05-15 09:00:00,2896.0
2018-05-15 10:00:00,3085.0
2018-05-15 11:00:00,3319.0
2018-05-15 12:00:00,3397.0
2018-05-15 13:00:00,3511.0
2018-05-15 14:00:00,3529.0
2018-05-15 15:00:00,3461.0
2018-05-15 16:00:00,3613.0
2018-05-15 17:00:00,3635.0
2018-05-15 18:00:00,3581.0
2018-05-15 19:00:00,3515.0
2018-05-15 20:00:00,3306.0
2018-05-15 21:00:00,3151.0
2018-05-15 22:00:00,3064.0
2018-05-15 23:00:00,3234.0
2018-05-16 00:00:00,3316.0
2018-05-16 01:00:00,3125.0
2018-05-16 02:00:00,2935.0
2018-05-16 03:00:00,2873.0
2018-05-16 04:00:00,2775.0
2018-05-16 05:00:00,2709.0
2018-05-16 06:00:00,2687.0
2018-05-16 07:00:00,2679.0
2018-05-16 08:00:00,2700.0
2018-05-16 09:00:00,2827.0
2018-05-16 10:00:00,3136.0
2018-05-16 11:00:00,3303.0
2018-05-16 12:00:00,3430.0
2018-05-16 13:00:00,3469.0
2018-05-16 14:00:00,3542.0
2018-05-16 15:00:00,3472.0
2018-05-16 16:00:00,3469.0
2018-05-16 17:00:00,3506.0
2018-05-16 18:00:00,3506.0
2018-05-16 19:00:00,3497.0
2018-05-16 20:00:00,3264.0
2018-05-16 21:00:00,3269.0
2018-05-16 22:00:00,3067.0
2018-05-16 23:00:00,3235.0
2018-05-17 00:00:00,3208.0
2018-05-17 01:00:00,2961.0
2018-05-17 02:00:00,2749.0
2018-05-17 03:00:00,2689.0
2018-05-17 04:00:00,2644.0
2018-05-17 05:00:00,2574.0
2018-05-17 06:00:00,2481.0
2018-05-17 07:00:00,2495.0
2018-05-17 08:00:00,2556.0
2018-05-17 09:00:00,2606.0
2018-05-17 10:00:00,2622.0
2018-05-17 11:00:00,2604.0
2018-05-17 12:00:00,2558.0
2018-05-17 13:00:00,2548.0
2018-05-17 14:00:00,2588.0
2018-05-17 15:00:00,2533.0
2018-05-17 16:00:00,2579.0
2018-05-17 17:00:00,2685.0
2018-05-17 18:00:00,2740.0
2018-05-17 19:00:00,2685.0
2018-05-17 20:00:00,2731.0
2018-05-17 21:00:00,2693.0
2018-05-17 22:00:00,2617.0
2018-05-17 23:00:00,2827.0
2018-05-18 00:00:00,2831.0
2018-05-18 01:00:00,2831.0
2018-05-18 02:00:00,2719.0
2018-05-18 03:00:00,2652.0
2018-05-18 04:00:00,2560.0
2018-05-18 05:00:00,2424.0
2018-05-18 06:00:00,2464.0
2018-05-18 07:00:00,2453.0
2018-05-18 08:00:00,2488.0
2018-05-18 09:00:00,2463.0
2018-05-18 10:00:00,2450.0
2018-05-18 11:00:00,2390.0
2018-05-18 12:00:00,2423.0
2018-05-18 13:00:00,2465.0
2018-05-18 14:00:00,2482.0
2018-05-18 15:00:00,2498.0
2018-05-18 16:00:00,2546.0
2018-05-18 17:00:00,2506.0
2018-05-18 18:00:00,2491.0
2018-05-18 19:00:00,2528.0
2018-05-18 20:00:00,2487.0
2018-05-18 21:00:00,2563.0
2018-05-18 22:00:00,2520.0
2018-05-18 23:00:00,2512.0
2018-05-19 00:00:00,2560.0
2018-05-19 01:00:00,2443.0
2018-05-19 02:00:00,2376.0
2018-05-19 03:00:00,2400.0
2018-05-19 04:00:00,2385.0
2018-05-19 05:00:00,2358.0
2018-05-19 06:00:00,2381.0
2018-05-19 07:00:00,2417.0
2018-05-19 08:00:00,2517.0
2018-05-19 09:00:00,2651.0
2018-05-19 10:00:00,2814.0
2018-05-19 11:00:00,3047.0
2018-05-19 12:00:00,3202.0
2018-05-19 13:00:00,3258.0
2018-05-19 14:00:00,3377.0
2018-05-19 15:00:00,3322.0
2018-05-19 16:00:00,3339.0
2018-05-19 17:00:00,3377.0
2018-05-19 18:00:00,3376.0
2018-05-19 19:00:00,3404.0
2018-05-19 20:00:00,3199.0
2018-05-19 21:00:00,3127.0
2018-05-19 22:00:00,2991.0
2018-05-19 23:00:00,3123.0
2018-05-20 00:00:00,3178.0
2018-05-20 01:00:00,3010.0
2018-05-20 02:00:00,2890.0
2018-05-20 03:00:00,2812.0
2018-05-20 04:00:00,2823.0
2018-05-20 05:00:00,2761.0
2018-05-20 06:00:00,2701.0
2018-05-20 07:00:00,2650.0
2018-05-20 08:00:00,2746.0
2018-05-20 09:00:00,2809.0
2018-05-20 10:00:00,3076.0
2018-05-20 11:00:00,3196.0
2018-05-20 12:00:00,3303.0
2018-05-20 13:00:00,3459.0
2018-05-20 14:00:00,3488.0
2018-05-20 15:00:00,3430.0
2018-05-20 16:00:00,3484.0
2018-05-20 17:00:00,3474.0
2018-05-20 18:00:00,3525.0
2018-05-20 19:00:00,3492.0
2018-05-20 20:00:00,3367.0
2018-05-20 21:00:00,3218.0
2018-05-20 22:00:00,3056.0
2018-05-20 23:00:00,3298.0
2018-05-21 00:00:00,3238.0
2018-05-21 01:00:00,2936.0
2018-05-21 02:00:00,2850.0
2018-05-21 03:00:00,2790.0
2018-05-21 04:00:00,2710.0
2018-05-21 05:00:00,2693.0
2018-05-21 06:00:00,2592.0
2018-05-21 07:00:00,2586.0
2018-05-21 08:00:00,2749.0
2018-05-21 09:00:00,2711.0
2018-05-21 10:00:00,2904.0
2018-05-21 11:00:00,3190.0
2018-05-21 12:00:00,3287.0
2018-05-21 13:00:00,3336.0
2018-05-21 14:00:00,3347.0
2018-05-21 15:00:00,3317.0
2018-05-21 16:00:00,3368.0
2018-05-21 17:00:00,3350.0
2018-05-21 18:00:00,3283.0
2018-05-21 19:00:00,3233.0
2018-05-21 20:00:00,3196.0
2018-05-21 21:00:00,3124.0
2018-05-21 22:00:00,3043.0
2018-05-21 23:00:00,3083.0
2018-05-22 00:00:00,2987.0
2018-05-22 01:00:00,2786.0
2018-05-22 02:00:00,2582.0
2018-05-22 03:00:00,2506.0
2018-05-22 04:00:00,2533.0
2018-05-22 05:00:00,2509.0
2018-05-22 06:00:00,2507.0
2018-05-22 07:00:00,2418.0
2018-05-22 08:00:00,2724.0
2018-05-22 09:00:00,2731.0
2018-05-22 10:00:00,2947.0
2018-05-22 11:00:00,3237.0
2018-05-22 12:00:00,3375.0
2018-05-22 13:00:00,3451.0
2018-05-22 14:00:00,3505.0
2018-05-22 15:00:00,3441.0
2018-05-22 16:00:00,3389.0
2018-05-22 17:00:00,3431.0
2018-05-22 18:00:00,3442.0
2018-05-22 19:00:00,3420.0
2018-05-22 20:00:00,3227.0
2018-05-22 21:00:00,3011.0
2018-05-22 22:00:00,3089.0
2018-05-22 23:00:00,3193.0
2018-05-23 00:00:00,3229.0
2018-05-23 01:00:00,3099.0
2018-05-23 02:00:00,2917.0
2018-05-23 03:00:00,2861.0
2018-05-23 04:00:00,2784.0
2018-05-23 05:00:00,2769.0
2018-05-23 06:00:00,2710.0
2018-05-23 07:00:00,2635.0
2018-05-23 08:00:00,2840.0
2018-05-23 09:00:00,2927.0
2018-05-23 10:00:00,3149.0
2018-05-23 11:00:00,3402.0
2018-05-23 12:00:00,3510.0
2018-05-23 13:00:00,3619.0
2018-05-23 14:00:00,3702.0
2018-05-23 15:00:00,3370.0
2018-05-23 16:00:00,3606.0
2018-05-23 17:00:00,3574.0
2018-05-23 18:00:00,3509.0
2018-05-23 19:00:00,3491.0
2018-05-23 20:00:00,3370.0
2018-05-23 21:00:00,3318.0
2018-05-23 22:00:00,3169.0
2018-05-23 23:00:00,3289.0
2018-05-24 00:00:00,3293.0
2018-05-24 01:00:00,3038.0
2018-05-24 02:00:00,2779.0
2018-05-24 03:00:00,2744.0
2018-05-24 04:00:00,2765.0
2018-05-24 05:00:00,2714.0
2018-05-24 06:00:00,2788.0
2018-05-24 07:00:00,2676.0
2018-05-24 08:00:00,2739.0
2018-05-24 09:00:00,2778.0
2018-05-24 10:00:00,2859.0
2018-05-24 11:00:00,2685.0
2018-05-24 12:00:00,2722.0
2018-05-24 13:00:00,2838.0
2018-05-24 14:00:00,2807.0
2018-05-24 15:00:00,2692.0
2018-05-24 16:00:00,2751.0
2018-05-24 17:00:00,2820.0
2018-05-24 18:00:00,2750.0
2018-05-24 19:00:00,2698.0
2018-05-24 20:00:00,2709.0
2018-05-24 21:00:00,2758.0
2018-05-24 22:00:00,2788.0
2018-05-24 23:00:00,2960.0
2018-05-25 00:00:00,2953.0
2018-05-25 01:00:00,2923.0
2018-05-25 02:00:00,2815.0
2018-05-25 03:00:00,2786.0
2018-05-25 04:00:00,2776.0
2018-05-25 05:00:00,2637.0
2018-05-25 06:00:00,2708.0
2018-05-25 07:00:00,2631.0
2018-05-25 08:00:00,2660.0
2018-05-25 09:00:00,2543.0
2018-05-25 10:00:00,2409.0
2018-05-25 11:00:00,2377.0
2018-05-25 12:00:00,2409.0
2018-05-25 13:00:00,2456.0
2018-05-25 14:00:00,2430.0
2018-05-25 15:00:00,2463.0
2018-05-25 16:00:00,2437.0
2018-05-25 17:00:00,2391.0
2018-05-25 18:00:00,2546.0
2018-05-25 19:00:00,2592.0
2018-05-25 20:00:00,2533.0
2018-05-25 21:00:00,2536.0
2018-05-25 22:00:00,2512.0
2018-05-25 23:00:00,2591.0
2018-05-26 00:00:00,2595.0
2018-05-26 01:00:00,2504.0
2018-05-26 02:00:00,2411.0
2018-05-26 03:00:00,2438.0
2018-05-26 04:00:00,2408.0
2018-05-26 05:00:00,2405.0
2018-05-26 06:00:00,2447.0
2018-05-26 07:00:00,2420.0
2018-05-26 08:00:00,2608.0
2018-05-26 09:00:00,2850.0
2018-05-26 10:00:00,3118.0
2018-05-26 11:00:00,3325.0
2018-05-26 12:00:00,3402.0
2018-05-26 13:00:00,3441.0
2018-05-26 14:00:00,3542.0
2018-05-26 15:00:00,3465.0
2018-05-26 16:00:00,3516.0
2018-05-26 17:00:00,3445.0
2018-05-26 18:00:00,3411.0
2018-05-26 19:00:00,3367.0
2018-05-26 20:00:00,3253.0
2018-05-26 21:00:00,3123.0
2018-05-26 22:00:00,2985.0
2018-05-26 23:00:00,3186.0
2018-05-27 00:00:00,3197.0
2018-05-27 01:00:00,3054.0
2018-05-27 02:00:00,2834.0
2018-05-27 03:00:00,2803.0
2018-05-27 04:00:00,2771.0
2018-05-27 05:00:00,2744.0
2018-05-27 06:00:00,2709.0
2018-05-27 07:00:00,2604.0
2018-05-27 08:00:00,2807.0
2018-05-27 09:00:00,2826.0
2018-05-27 10:00:00,3042.0
2018-05-27 11:00:00,3317.0
2018-05-27 12:00:00,3406.0
2018-05-27 13:00:00,3416.0
2018-05-27 14:00:00,3460.0
2018-05-27 15:00:00,3334.0
2018-05-27 16:00:00,3278.0
2018-05-27 17:00:00,3324.0
2018-05-27 18:00:00,3299.0
2018-05-27 19:00:00,3319.0
2018-05-27 20:00:00,3194.0
2018-05-27 21:00:00,3094.0
2018-05-27 22:00:00,3109.0
2018-05-27 23:00:00,3393.0
2018-05-28 00:00:00,3359.0
2018-05-28 01:00:00,3187.0
2018-05-28 02:00:00,2925.0
2018-05-28 03:00:00,2781.0
2018-05-28 04:00:00,2759.0
2018-05-28 05:00:00,2697.0
2018-05-28 06:00:00,2659.0
2018-05-28 07:00:00,2662.0
2018-05-28 08:00:00,2860.0
2018-05-28 09:00:00,2778.0
2018-05-28 10:00:00,2969.0
2018-05-28 11:00:00,3240.0
2018-05-28 12:00:00,3297.0
2018-05-28 13:00:00,3272.0
2018-05-28 14:00:00,3535.0
2018-05-28 15:00:00,3367.0
2018-05-28 16:00:00,3347.0
2018-05-28 17:00:00,3176.0
2018-05-28 18:00:00,3305.0
2018-05-28 19:00:00,3393.0
2018-05-28 20:00:00,3329.0
2018-05-28 21:00:00,3234.0
2018-05-28 22:00:00,3131.0
2018-05-28 23:00:00,3353.0
2018-05-29 00:00:00,3202.0
2018-05-29 01:00:00,3066.0
2018-05-29 02:00:00,2900.0
2018-05-29 03:00:00,2870.0
2018-05-29 04:00:00,2801.0
2018-05-29 05:00:00,2795.0
2018-05-29 06:00:00,2847.0
2018-05-29 07:00:00,2820.0
2018-05-29 08:00:00,3032.0
2018-05-29 09:00:00,2985.0
2018-05-29 10:00:00,3042.0
2018-05-29 11:00:00,3297.0
2018-05-29 12:00:00,3398.0
2018-05-29 13:00:00,3480.0
2018-05-29 14:00:00,3480.0
2018-05-29 15:00:00,3395.0
2018-05-29 16:00:00,3360.0
2018-05-29 17:00:00,3414.0
2018-05-29 18:00:00,3461.0
2018-05-29 19:00:00,3475.0
2018-05-29 20:00:00,3365.0
2018-05-29 21:00:00,3272.0
2018-05-29 22:00:00,3227.0
2018-05-29 23:00:00,3412.0
2018-05-30 00:00:00,3323.0
2018-05-30 01:00:00,3282.0
2018-05-30 02:00:00,3181.0
2018-05-30 03:00:00,3120.0
2018-05-30 04:00:00,3032.0
2018-05-30 05:00:00,2984.0
2018-05-30 06:00:00,2909.0
2018-05-30 07:00:00,2904.0
2018-05-30 08:00:00,3080.0
2018-05-30 09:00:00,3020.0
2018-05-30 10:00:00,3126.0
2018-05-30 11:00:00,3308.0
2018-05-30 12:00:00,3440.0
2018-05-30 13:00:00,3559.0
2018-05-30 14:00:00,3572.0
2018-05-30 15:00:00,3444.0
2018-05-30 16:00:00,3350.0
2018-05-30 17:00:00,3362.0
2018-05-30 18:00:00,3352.0
2018-05-30 19:00:00,3264.0
2018-05-30 20:00:00,3167.0
2018-05-30 21:00:00,2958.0
2018-05-30 22:00:00,2879.0
2018-05-30 23:00:00,3095.0
2018-05-31 00:00:00,3067.0
2018-05-31 01:00:00,2968.0
2018-05-31 02:00:00,2861.0
2018-05-31 03:00:00,2748.0
2018-05-31 04:00:00,2715.0
2018-05-31 05:00:00,2690.0
2018-05-31 06:00:00,2673.0
2018-05-31 07:00:00,2624.0
2018-05-31 08:00:00,2689.0
2018-05-31 09:00:00,2646.0
2018-05-31 10:00:00,2544.0
2018-05-31 11:00:00,2649.0
2018-05-31 12:00:00,2746.0
2018-05-31 13:00:00,2650.0
2018-05-31 14:00:00,2661.0
2018-05-31 15:00:00,2630.0
2018-05-31 16:00:00,2673.0
2018-05-31 17:00:00,2758.0
2018-05-31 18:00:00,2784.0
2018-05-31 19:00:00,2818.0
2018-05-31 20:00:00,2725.0
2018-05-31 21:00:00,2696.0
2018-05-31 22:00:00,2874.0
2018-05-31 23:00:00,2981.0
2018-06-01 00:00:00,2998.0
2018-06-01 01:00:00,2955.0
2018-06-01 02:00:00,2877.0
2018-06-01 03:00:00,2822.0
2018-06-01 04:00:00,2733.0
2018-06-01 05:00:00,2600.0
2018-06-01 06:00:00,2609.0
2018-06-01 07:00:00,2598.0
2018-06-01 08:00:00,2675.0
2018-06-01 09:00:00,2575.0
2018-06-01 10:00:00,2482.0
2018-06-01 11:00:00,2490.0
2018-06-01 12:00:00,2552.0
2018-06-01 13:00:00,2501.0
2018-06-01 14:00:00,2545.0
2018-06-01 15:00:00,2526.0
2018-06-01 16:00:00,2520.0
2018-06-01 17:00:00,2608.0
2018-06-01 18:00:00,2590.0
2018-06-01 19:00:00,2593.0
2018-06-01 20:00:00,2571.0
2018-06-01 21:00:00,2483.0
2018-06-01 22:00:00,2447.0
2018-06-01 23:00:00,2574.0
2018-06-02 00:00:00,2491.0
2018-06-02 01:00:00,2499.0
2018-06-02 02:00:00,2428.0
2018-06-02 03:00:00,2496.0
2018-06-02 04:00:00,2436.0
2018-06-02 05:00:00,2472.0
2018-06-02 06:00:00,2470.0
2018-06-02 07:00:00,2495.0
2018-06-02 08:00:00,2668.0
2018-06-02 09:00:00,2663.0
2018-06-02 10:00:00,2804.0
2018-06-02 11:00:00,3069.0
2018-06-02 12:00:00,3330.0
2018-06-02 13:00:00,3513.0
2018-06-02 14:00:00,3562.0
2018-06-02 15:00:00,3401.0
2018-06-02 16:00:00,3340.0
2018-06-02 17:00:00,3281.0
2018-06-02 18:00:00,3314.0
2018-06-02 19:00:00,3316.0
2018-06-02 20:00:00,3227.0
2018-06-02 21:00:00,3210.0
2018-06-02 22:00:00,3168.0
2018-06-02 23:00:00,3276.0
2018-06-03 00:00:00,3162.0
2018-06-03 01:00:00,3195.0
2018-06-03 02:00:00,3010.0
2018-06-03 03:00:00,2993.0
2018-06-03 04:00:00,2840.0
2018-06-03 05:00:00,2817.0
2018-06-03 06:00:00,2801.0
2018-06-03 07:00:00,2645.0
2018-06-03 08:00:00,2903.0
2018-06-03 09:00:00,2845.0
2018-06-03 10:00:00,3017.0
2018-06-03 11:00:00,3229.0
2018-06-03 12:00:00,3311.0
2018-06-03 13:00:00,3353.0
2018-06-03 14:00:00,3373.0
2018-06-03 15:00:00,3259.0
2018-06-03 16:00:00,3353.0
2018-06-03 17:00:00,3425.0
2018-06-03 18:00:00,3377.0
2018-06-03 19:00:00,3267.0
2018-06-03 20:00:00,3214.0
2018-06-03 21:00:00,3162.0
2018-06-03 22:00:00,3108.0
2018-06-03 23:00:00,3150.0
2018-06-04 00:00:00,3238.0
2018-06-04 01:00:00,3144.0
2018-06-04 02:00:00,3029.0
2018-06-04 03:00:00,2948.0
2018-06-04 04:00:00,2813.0
2018-06-04 05:00:00,2759.0
2018-06-04 06:00:00,2729.0
2018-06-04 07:00:00,2659.0
2018-06-04 08:00:00,2791.0
2018-06-04 09:00:00,2891.0
2018-06-04 10:00:00,2789.0
2018-06-04 11:00:00,3018.0
2018-06-04 12:00:00,3161.0
2018-06-04 13:00:00,3177.0
2018-06-04 14:00:00,3289.0
2018-06-04 15:00:00,3222.0
2018-06-04 16:00:00,3219.0
2018-06-04 17:00:00,3376.0
2018-06-04 18:00:00,3235.0
2018-06-04 19:00:00,3269.0
2018-06-04 20:00:00,3243.0
2018-06-04 21:00:00,3079.0
2018-06-04 22:00:00,2921.0
2018-06-04 23:00:00,3019.0
2018-06-05 00:00:00,2945.0
2018-06-05 01:00:00,2900.0
2018-06-05 02:00:00,2796.0
2018-06-05 03:00:00,2816.0
2018-06-05 04:00:00,2800.0
2018-06-05 05:00:00,2721.0
2018-06-05 06:00:00,2708.0
2018-06-05 07:00:00,2752.0
2018-06-05 08:00:00,2893.0
2018-06-05 09:00:00,2888.0
2018-06-05 10:00:00,2988.0
2018-06-05 11:00:00,3194.0
2018-06-05 12:00:00,3185.0
2018-06-05 13:00:00,3444.0
2018-06-05 14:00:00,3423.0
2018-06-05 15:00:00,3358.0
2018-06-05 16:00:00,3338.0
2018-06-05 17:00:00,3331.0
2018-06-05 18:00:00,3425.0
2018-06-05 19:00:00,3367.0
2018-06-05 20:00:00,3192.0
2018-06-05 21:00:00,2976.0
2018-06-05 22:00:00,2897.0
2018-06-05 23:00:00,3157.0
2018-06-06 00:00:00,3025.0
2018-06-06 01:00:00,2981.0
2018-06-06 02:00:00,2829.0
2018-06-06 03:00:00,2813.0
2018-06-06 04:00:00,2718.0
2018-06-06 05:00:00,2655.0
2018-06-06 06:00:00,2606.0
2018-06-06 07:00:00,2629.0
2018-06-06 08:00:00,2736.0
2018-06-06 09:00:00,2768.0
2018-06-06 10:00:00,2822.0
2018-06-06 11:00:00,3230.0
2018-06-06 12:00:00,3297.0
2018-06-06 13:00:00,3320.0
2018-06-06 14:00:00,3372.0
2018-06-06 15:00:00,3297.0
2018-06-06 16:00:00,3511.0
2018-06-06 17:00:00,3466.0
2018-06-06 18:00:00,3326.0
2018-06-06 19:00:00,3296.0
2018-06-06 20:00:00,3226.0
2018-06-06 21:00:00,3111.0
2018-06-06 22:00:00,2992.0
2018-06-06 23:00:00,3107.0
2018-06-07 00:00:00,3049.0
2018-06-07 01:00:00,2942.0
2018-06-07 02:00:00,2736.0
2018-06-07 03:00:00,2716.0
2018-06-07 04:00:00,2678.0
2018-06-07 05:00:00,2640.0
2018-06-07 06:00:00,2580.0
2018-06-07 07:00:00,2556.0
2018-06-07 08:00:00,2593.0
2018-06-07 09:00:00,2550.0
2018-06-07 10:00:00,2562.0
2018-06-07 11:00:00,2666.0
2018-06-07 12:00:00,2714.0
2018-06-07 13:00:00,2783.0
2018-06-07 14:00:00,2695.0
2018-06-07 15:00:00,2678.0
2018-06-07 16:00:00,2665.0
2018-06-07 17:00:00,2773.0
2018-06-07 18:00:00,2729.0
2018-06-07 19:00:00,2697.0
2018-06-07 20:00:00,2752.0
2018-06-07 21:00:00,2718.0
2018-06-07 22:00:00,2650.0
2018-06-07 23:00:00,2858.0
2018-06-08 00:00:00,2820.0
2018-06-08 01:00:00,2760.0
2018-06-08 02:00:00,2637.0
2018-06-08 03:00:00,2640.0
2018-06-08 04:00:00,2485.0
2018-06-08 05:00:00,2445.0
2018-06-08 06:00:00,2499.0
2018-06-08 07:00:00,2403.0
2018-06-08 08:00:00,2440.0
2018-06-08 09:00:00,2425.0
2018-06-08 10:00:00,2311.0
2018-06-08 11:00:00,2330.0
2018-06-08 12:00:00,2325.0
2018-06-08 13:00:00,2356.0
2018-06-08 14:00:00,2365.0
2018-06-08 15:00:00,2407.0
2018-06-08 16:00:00,2463.0
2018-06-08 17:00:00,2515.0
2018-06-08 18:00:00,2495.0
2018-06-08 19:00:00,2503.0
2018-06-08 20:00:00,2515.0
2018-06-08 21:00:00,2605.0
2018-06-08 22:00:00,2593.0
2018-06-08 23:00:00,2645.0
2018-06-09 00:00:00,2585.0
2018-06-09 01:00:00,2614.0
2018-06-09 02:00:00,2530.0
2018-06-09 03:00:00,2526.0
2018-06-09 04:00:00,2489.0
2018-06-09 05:00:00,2530.0
2018-06-09 06:00:00,2545.0
2018-06-09 07:00:00,2564.0
2018-06-09 08:00:00,2696.0
2018-06-09 09:00:00,2730.0
2018-06-09 10:00:00,2695.0
2018-06-09 11:00:00,2965.0
2018-06-09 12:00:00,3075.0
2018-06-09 13:00:00,3109.0
2018-06-09 14:00:00,3216.0
2018-06-09 15:00:00,3219.0
2018-06-09 16:00:00,3162.0
2018-06-09 17:00:00,3184.0
2018-06-09 18:00:00,3306.0
2018-06-09 19:00:00,3341.0
2018-06-09 20:00:00,3169.0
2018-06-09 21:00:00,3076.0
2018-06-09 22:00:00,3020.0
2018-06-09 23:00:00,3212.0
2018-06-10 00:00:00,3080.0
2018-06-10 01:00:00,3004.0
2018-06-10 02:00:00,2805.0
2018-06-10 03:00:00,2876.0
2018-06-10 04:00:00,2759.0
2018-06-10 05:00:00,2662.0
2018-06-10 06:00:00,2656.0
2018-06-10 07:00:00,2647.0
2018-06-10 08:00:00,2767.0
2018-06-10 09:00:00,2860.0
2018-06-10 10:00:00,2996.0
2018-06-10 11:00:00,3272.0
2018-06-10 12:00:00,3275.0
2018-06-10 13:00:00,3317.0
2018-06-10 14:00:00,3305.0
2018-06-10 15:00:00,3327.0
2018-06-10 16:00:00,3346.0
2018-06-10 17:00:00,3428.0
2018-06-10 18:00:00,3425.0
2018-06-10 19:00:00,3424.0
2018-06-10 20:00:00,3336.0
2018-06-10 21:00:00,3129.0
2018-06-10 22:00:00,3008.0
2018-06-10 23:00:00,3107.0
2018-06-11 00:00:00,3024.0
2018-06-11 01:00:00,2941.0
2018-06-11 02:00:00,2857.0
2018-06-11 03:00:00,2826.0
2018-06-11 04:00:00,2685.0
2018-06-11 05:00:00,2694.0
2018-06-11 06:00:00,2671.0
2018-06-11 07:00:00,2630.0
2018-06-11 08:00:00,2777.0
2018-06-11 09:00:00,2824.0
2018-06-11 10:00:00,2887.0
2018-06-11 11:00:00,3093.0
2018-06-11 12:00:00,3207.0
2018-06-11 13:00:00,3222.0
2018-06-11 14:00:00,3165.0
2018-06-11 15:00:00,3068.0
2018-06-11 16:00:00,3103.0
2018-06-11 17:00:00,3223.0
2018-06-11 18:00:00,3244.0
2018-06-11 19:00:00,3275.0
2018-06-11 20:00:00,3171.0
2018-06-11 21:00:00,3127.0
2018-06-11 22:00:00,3027.0
2018-06-11 23:00:00,3162.0
2018-06-12 00:00:00,2986.0
2018-06-12 01:00:00,2897.0
2018-06-12 02:00:00,2783.0
2018-06-12 03:00:00,2723.0
2018-06-12 04:00:00,2681.0
2018-06-12 05:00:00,2638.0
2018-06-12 06:00:00,2612.0
2018-06-12 07:00:00,2641.0
2018-06-12 08:00:00,2849.0
2018-06-12 09:00:00,2896.0
2018-06-12 10:00:00,2999.0
2018-06-12 11:00:00,3331.0
2018-06-12 12:00:00,3376.0
2018-06-12 13:00:00,3559.0
2018-06-12 14:00:00,3392.0
2018-06-12 15:00:00,3367.0
2018-06-12 16:00:00,3284.0
2018-06-12 17:00:00,3350.0
2018-06-12 18:00:00,3525.0
2018-06-12 19:00:00,3475.0
2018-06-12 20:00:00,3328.0
2018-06-12 21:00:00,3325.0
2018-06-12 22:00:00,3185.0
2018-06-12 23:00:00,3389.0
2018-06-13 00:00:00,3346.0
2018-06-13 01:00:00,3278.0
2018-06-13 02:00:00,3103.0
2018-06-13 03:00:00,3050.0
2018-06-13 04:00:00,2935.0
2018-06-13 05:00:00,2971.0
2018-06-13 06:00:00,2940.0
2018-06-13 07:00:00,2903.0
2018-06-13 08:00:00,3018.0
2018-06-13 09:00:00,3040.0
2018-06-13 10:00:00,3053.0
2018-06-13 11:00:00,3308.0
2018-06-13 12:00:00,3365.0
2018-06-13 13:00:00,3569.0
2018-06-13 14:00:00,3584.0
2018-06-13 15:00:00,3408.0
2018-06-13 16:00:00,3484.0
2018-06-13 17:00:00,3557.0
2018-06-13 18:00:00,3600.0
2018-06-13 19:00:00,3637.0
2018-06-13 20:00:00,3544.0
2018-06-13 21:00:00,3463.0
2018-06-13 22:00:00,3373.0
2018-06-13 23:00:00,3559.0
2018-06-14 00:00:00,3507.0
2018-06-14 01:00:00,3345.0
2018-06-14 02:00:00,3188.0
2018-06-14 03:00:00,3157.0
2018-06-14 04:00:00,3075.0
2018-06-14 05:00:00,2960.0
2018-06-14 06:00:00,2883.0
2018-06-14 07:00:00,2896.0
2018-06-14 08:00:00,3025.0
2018-06-14 09:00:00,3046.0
2018-06-14 10:00:00,2958.0
2018-06-14 11:00:00,2999.0
2018-06-14 12:00:00,3001.0
2018-06-14 13:00:00,3030.0
2018-06-14 14:00:00,2970.0
2018-06-14 15:00:00,2962.0
2018-06-14 16:00:00,2966.0
2018-06-14 17:00:00,3028.0
2018-06-14 18:00:00,3033.0
2018-06-14 19:00:00,3037.0
2018-06-14 20:00:00,2927.0
2018-06-14 21:00:00,2899.0
2018-06-14 22:00:00,2946.0
2018-06-14 23:00:00,3204.0
2018-06-15 00:00:00,3121.0
2018-06-15 01:00:00,3104.0
2018-06-15 02:00:00,3056.0
2018-06-15 03:00:00,2984.0
2018-06-15 04:00:00,2856.0
2018-06-15 05:00:00,2700.0
2018-06-15 06:00:00,2731.0
2018-06-15 07:00:00,2668.0
2018-06-15 08:00:00,2722.0
2018-06-15 09:00:00,2745.0
2018-06-15 10:00:00,2619.0
2018-06-15 11:00:00,2653.0
2018-06-15 12:00:00,2721.0
2018-06-15 13:00:00,2701.0
2018-06-15 14:00:00,2667.0
2018-06-15 15:00:00,2680.0
2018-06-15 16:00:00,2657.0
2018-06-15 17:00:00,2690.0
2018-06-15 18:00:00,2777.0
2018-06-15 19:00:00,2762.0
2018-06-15 20:00:00,2663.0
2018-06-15 21:00:00,2720.0
2018-06-15 22:00:00,2690.0
2018-06-15 23:00:00,2741.0
2018-06-16 00:00:00,2639.0
2018-06-16 01:00:00,2666.0
2018-06-16 02:00:00,2569.0
2018-06-16 03:00:00,2550.0
2018-06-16 04:00:00,2526.0
2018-06-16 05:00:00,2545.0
2018-06-16 06:00:00,2584.0
2018-06-16 07:00:00,2597.0
2018-06-16 08:00:00,2797.0
2018-06-16 09:00:00,2874.0
2018-06-16 10:00:00,2952.0
2018-06-16 11:00:00,3175.0
2018-06-16 12:00:00,3252.0
2018-06-16 13:00:00,3382.0
2018-06-16 14:00:00,3560.0
2018-06-16 15:00:00,3422.0
2018-06-16 16:00:00,3441.0
2018-06-16 17:00:00,3412.0
2018-06-16 18:00:00,3425.0
2018-06-16 19:00:00,3404.0
2018-06-16 20:00:00,3338.0
2018-06-16 21:00:00,3347.0
2018-06-16 22:00:00,3239.0
2018-06-16 23:00:00,3121.0
2018-06-17 00:00:00,3069.0
2018-06-17 01:00:00,3073.0
2018-06-17 02:00:00,3026.0
2018-06-17 03:00:00,2994.0
2018-06-17 04:00:00,2926.0
2018-06-17 05:00:00,2830.0
2018-06-17 06:00:00,2770.0
2018-06-17 07:00:00,2787.0
2018-06-17 08:00:00,2951.0
2018-06-17 09:00:00,3025.0
2018-06-17 10:00:00,3135.0
2018-06-17 11:00:00,3338.0
2018-06-17 12:00:00,3313.0
2018-06-17 13:00:00,3356.0
2018-06-17 14:00:00,3434.0
2018-06-17 15:00:00,3396.0
2018-06-17 16:00:00,3446.0
2018-06-17 17:00:00,3463.0
2018-06-17 18:00:00,3437.0
2018-06-17 19:00:00,3430.0
2018-06-17 20:00:00,3344.0
2018-06-17 21:00:00,3215.0
2018-06-17 22:00:00,3097.0
2018-06-17 23:00:00,3218.0
2018-06-18 00:00:00,3215.0
2018-06-18 01:00:00,3223.0
2018-06-18 02:00:00,3112.0
2018-06-18 03:00:00,3017.0
2018-06-18 04:00:00,2947.0
2018-06-18 05:00:00,2888.0
2018-06-18 06:00:00,2811.0
2018-06-18 07:00:00,2753.0
2018-06-18 08:00:00,2991.0
2018-06-18 09:00:00,3087.0
2018-06-18 10:00:00,3198.0
2018-06-18 11:00:00,3402.0
2018-06-18 12:00:00,3443.0
2018-06-18 13:00:00,3390.0
2018-06-18 14:00:00,3432.0
2018-06-18 15:00:00,3333.0
2018-06-18 16:00:00,3308.0
2018-06-18 17:00:00,3257.0
2018-06-18 18:00:00,3262.0
2018-06-18 19:00:00,3326.0
2018-06-18 20:00:00,3238.0
2018-06-18 21:00:00,3161.0
2018-06-18 22:00:00,3121.0
2018-06-18 23:00:00,3280.0
2018-06-19 00:00:00,3189.0
2018-06-19 01:00:00,3136.0
2018-06-19 02:00:00,3025.0
2018-06-19 03:00:00,2998.0
2018-06-19 04:00:00,2335.0
2018-06-19 05:00:00,2613.0
2018-06-19 06:00:00,2929.0
2018-06-19 07:00:00,3139.0
2018-06-19 08:00:00,1718.0
2018-06-19 09:00:00,3191.0
2018-06-19 10:00:00,3136.0
2018-06-19 11:00:00,3278.0
2018-06-19 12:00:00,3417.0
2018-06-19 13:00:00,3587.0
2018-06-19 14:00:00,3490.0
2018-06-19 15:00:00,3346.0
2018-06-19 16:00:00,3478.0
2018-06-19 17:00:00,3427.0
2018-06-19 18:00:00,3552.0
2018-06-19 19:00:00,3442.0
2018-06-19 20:00:00,3312.0
2018-06-19 21:00:00,3322.0
2018-06-19 22:00:00,3210.0
2018-06-19 23:00:00,3297.0
2018-06-20 00:00:00,3295.0
2018-06-20 01:00:00,3165.0
2018-06-20 02:00:00,2969.0
2018-06-20 03:00:00,2958.0
2018-06-20 04:00:00,2928.0
2018-06-20 05:00:00,2800.0
2018-06-20 06:00:00,2827.0
2018-06-20 07:00:00,2802.0
2018-06-20 08:00:00,2960.0
2018-06-20 09:00:00,2985.0
2018-06-20 10:00:00,3068.0
2018-06-20 11:00:00,3293.0
2018-06-20 12:00:00,3357.0
2018-06-20 13:00:00,3515.0
2018-06-20 14:00:00,3556.0
2018-06-20 15:00:00,3302.0
2018-06-20 16:00:00,3288.0
2018-06-20 17:00:00,3291.0
2018-06-20 18:00:00,3310.0
2018-06-20 19:00:00,3353.0
2018-06-20 20:00:00,3232.0
2018-06-20 21:00:00,3147.0
2018-06-20 22:00:00,3069.0
2018-06-20 23:00:00,3220.0
2018-06-21 00:00:00,3257.0
2018-06-21 01:00:00,3215.0
2018-06-21 02:00:00,2983.0
2018-06-21 03:00:00,2926.0
2018-06-21 04:00:00,2903.0
2018-06-21 05:00:00,2777.0
2018-06-21 06:00:00,2754.0
2018-06-21 07:00:00,2785.0
2018-06-21 08:00:00,2826.0
2018-06-21 09:00:00,2796.0
2018-06-21 10:00:00,2741.0
2018-06-21 11:00:00,2856.0
2018-06-21 12:00:00,2863.0
2018-06-21 13:00:00,2869.0
2018-06-21 14:00:00,2878.0
2018-06-21 15:00:00,2803.0
2018-06-21 16:00:00,2862.0
2018-06-21 17:00:00,2909.0
2018-06-21 18:00:00,2944.0
2018-06-21 19:00:00,2912.0
2018-06-21 20:00:00,2903.0
2018-06-21 21:00:00,3147.0
2018-06-21 22:00:00,3451.0
2018-06-21 23:00:00,3326.0
2018-06-22 00:00:00,3114.0
2018-06-22 01:00:00,2980.0
2018-06-22 02:00:00,2784.0
2018-06-22 03:00:00,2703.0
2018-06-22 04:00:00,2760.0
2018-06-22 05:00:00,2616.0
2018-06-22 06:00:00,2648.0
2018-06-22 07:00:00,2668.0
2018-06-22 08:00:00,2665.0
2018-06-22 09:00:00,2662.0
2018-06-22 10:00:00,2535.0
2018-06-22 11:00:00,2508.0
2018-06-22 12:00:00,2523.0
2018-06-22 13:00:00,2559.0
2018-06-22 14:00:00,2588.0
2018-06-22 15:00:00,2628.0
2018-06-22 16:00:00,2636.0
2018-06-22 17:00:00,2640.0
2018-06-22 18:00:00,2637.0
2018-06-22 19:00:00,2689.0
2018-06-22 20:00:00,2660.0
2018-06-22 21:00:00,2688.0
2018-06-22 22:00:00,2719.0
2018-06-22 23:00:00,2737.0
2018-06-23 00:00:00,2763.0
2018-06-23 01:00:00,2752.0
2018-06-23 02:00:00,2685.0
2018-06-23 03:00:00,2704.0
2018-06-23 04:00:00,2768.0
2018-06-23 05:00:00,2736.0
2018-06-23 06:00:00,2698.0
2018-06-23 07:00:00,2816.0
2018-06-23 08:00:00,2922.0
2018-06-23 09:00:00,2928.0
2018-06-23 10:00:00,3062.0
2018-06-23 11:00:00,3257.0
2018-06-23 12:00:00,3338.0
2018-06-23 13:00:00,3442.0
2018-06-23 14:00:00,3364.0
2018-06-23 15:00:00,3297.0
2018-06-23 16:00:00,3402.0
2018-06-23 17:00:00,3420.0
2018-06-23 18:00:00,3410.0
2018-06-23 19:00:00,3455.0
2018-06-23 20:00:00,3278.0
2018-06-23 21:00:00,3210.0
2018-06-23 22:00:00,3157.0
2018-06-23 23:00:00,3267.0
2018-06-24 00:00:00,3442.0
2018-06-24 01:00:00,3379.0
2018-06-24 02:00:00,2976.0
2018-06-24 03:00:00,3188.0
2018-06-24 04:00:00,3188.0
2018-06-24 05:00:00,3107.0
2018-06-24 06:00:00,3099.0
2018-06-24 07:00:00,3020.0
2018-06-24 08:00:00,2998.0
2018-06-24 09:00:00,3177.0
2018-06-24 10:00:00,3181.0
2018-06-24 11:00:00,3323.0
2018-06-24 12:00:00,3512.0
2018-06-24 13:00:00,3464.0
2018-06-24 14:00:00,3048.0
2018-06-24 15:00:00,3206.0
2018-06-24 16:00:00,2554.0
2018-06-24 17:00:00,2470.0
2018-06-24 18:00:00,3559.0
2018-06-24 19:00:00,2947.0
2018-06-24 20:00:00,3380.0
2018-06-24 21:00:00,3160.0
2018-06-24 22:00:00,2965.0
2018-06-24 23:00:00,2831.0
2018-06-25 00:00:00,2911.0
2018-06-25 01:00:00,2788.0
2018-06-25 02:00:00,2661.0
2018-06-25 03:00:00,2696.0
2018-06-25 04:00:00,2675.0
2018-06-25 05:00:00,2665.0
2018-06-25 06:00:00,2608.0
2018-06-25 07:00:00,2721.0
2018-06-25 08:00:00,2673.0
2018-06-25 09:00:00,2696.0
2018-06-25 10:00:00,2606.0
2018-06-25 11:00:00,2531.0
2018-06-25 12:00:00,2553.0
2018-06-25 13:00:00,2588.0
2018-06-25 14:00:00,2483.0
2018-06-25 15:00:00,2560.0
2018-06-25 16:00:00,2583.0
2018-06-25 17:00:00,2540.0
2018-06-25 18:00:00,2559.0
2018-06-25 19:00:00,2637.0
2018-06-25 20:00:00,2664.0
2018-06-25 21:00:00,2702.0
2018-06-25 22:00:00,2632.0
2018-06-25 23:00:00,2711.0
2018-06-26 00:00:00,2797.0
2018-06-26 01:00:00,2697.0
2018-06-26 02:00:00,2614.0
2018-06-26 03:00:00,2671.0
2018-06-26 04:00:00,2647.0
2018-06-26 05:00:00,2723.0
2018-06-26 06:00:00,2661.0
2018-06-26 07:00:00,2730.0
2018-06-26 08:00:00,2775.0
2018-06-26 09:00:00,2897.0
2018-06-26 10:00:00,2968.0
2018-06-26 11:00:00,3258.0
2018-06-26 12:00:00,3345.0
2018-06-26 13:00:00,3368.0
2018-06-26 14:00:00,3435.0
2018-06-26 15:00:00,3460.0
2018-06-26 16:00:00,3551.0
2018-06-26 17:00:00,3441.0
2018-06-26 18:00:00,3337.0
2018-06-26 19:00:00,3384.0
2018-06-26 20:00:00,3408.0
2018-06-26 21:00:00,3204.0
2018-06-26 22:00:00,3096.0
2018-06-26 23:00:00,3314.0
2018-06-27 00:00:00,3304.0
2018-06-27 01:00:00,3236.0
2018-06-27 02:00:00,3234.0
2018-06-27 03:00:00,3160.0
2018-06-27 04:00:00,3049.0
2018-06-27 05:00:00,2937.0
2018-06-27 06:00:00,2915.0
2018-06-27 07:00:00,2909.0
2018-06-27 08:00:00,2900.0
2018-06-27 09:00:00,3078.0
2018-06-27 10:00:00,3225.0
2018-06-27 11:00:00,3386.0
2018-06-27 12:00:00,3634.0
2018-06-27 13:00:00,3593.0
2018-06-27 14:00:00,3501.0
2018-06-27 15:00:00,3475.0
2018-06-27 16:00:00,3611.0
2018-06-27 17:00:00,3576.0
2018-06-27 18:00:00,3541.0
2018-06-27 19:00:00,3578.0
2018-06-27 20:00:00,3206.0
2018-06-27 21:00:00,3160.0
2018-06-27 22:00:00,3308.0
2018-06-27 23:00:00,3482.0
2018-06-28 00:00:00,3456.0
2018-06-28 01:00:00,3397.0
2018-06-28 02:00:00,3271.0
2018-06-28 03:00:00,3042.0
2018-06-28 04:00:00,3101.0
2018-06-28 05:00:00,2912.0
2018-06-28 06:00:00,2832.0
2018-06-28 07:00:00,2923.0
2018-06-28 08:00:00,2914.0
2018-06-28 09:00:00,2968.0
2018-06-28 10:00:00,2905.0
2018-06-28 11:00:00,3000.0
2018-06-28 12:00:00,2931.0
2018-06-28 13:00:00,3007.0
2018-06-28 14:00:00,2952.0
2018-06-28 15:00:00,2989.0
2018-06-28 16:00:00,3028.0
2018-06-28 17:00:00,3002.0
2018-06-28 18:00:00,3031.0
2018-06-28 19:00:00,2870.0
2018-06-28 20:00:00,2908.0
2018-06-28 21:00:00,2915.0
2018-06-28 22:00:00,2922.0
2018-06-28 23:00:00,3089.0
2018-06-29 00:00:00,3144.0
2018-06-29 01:00:00,3137.0
2018-06-29 02:00:00,2912.0
2018-06-29 03:00:00,2834.0
2018-06-29 04:00:00,2696.0
2018-06-29 05:00:00,2670.0
2018-06-29 06:00:00,2808.0
2018-06-29 07:00:00,2786.0
2018-06-29 08:00:00,2719.0
2018-06-29 09:00:00,2698.0
2018-06-29 10:00:00,2495.0
2018-06-29 11:00:00,2542.0
2018-06-29 12:00:00,2558.0
2018-06-29 13:00:00,2706.0
2018-06-29 14:00:00,2798.0
2018-06-29 15:00:00,2682.0
2018-06-29 16:00:00,2725.0
2018-06-29 17:00:00,2658.0
2018-06-29 18:00:00,2672.0
2018-06-29 19:00:00,2715.0
2018-06-29 20:00:00,2774.0
2018-06-29 21:00:00,2803.0
2018-06-29 22:00:00,2728.0
2018-06-29 23:00:00,2660.0
2018-06-30 00:00:00,2771.0
2018-06-30 01:00:00,2708.0
2018-06-30 02:00:00,2612.0
2018-06-30 03:00:00,2683.0
2018-06-30 04:00:00,2639.0
2018-06-30 05:00:00,2681.0
2018-06-30 06:00:00,2666.0
2018-06-30 07:00:00,2716.0
2018-06-30 08:00:00,2811.0
2018-06-30 09:00:00,2845.0
2018-06-30 10:00:00,2892.0
2018-06-30 11:00:00,3203.0
2018-06-30 12:00:00,3307.0
2018-06-30 13:00:00,3344.0
2018-06-30 14:00:00,3317.0
2018-06-30 15:00:00,3268.0
2018-06-30 16:00:00,3324.0
2018-06-30 17:00:00,3303.0
2018-06-30 18:00:00,3267.0
2018-06-30 19:00:00,3305.0
2018-06-30 20:00:00,3235.0
2018-06-30 21:00:00,3122.0
2018-06-30 22:00:00,3100.0
2018-06-30 23:00:00,3086.0
2018-07-01 00:00:00,3236.0
2018-07-01 01:00:00,3123.0
2018-07-01 02:00:00,2931.0
2018-07-01 03:00:00,2903.0
2018-07-01 04:00:00,2863.0
2018-07-01 05:00:00,2914.0
2018-07-01 06:00:00,2872.0
2018-07-01 07:00:00,2922.0
2018-07-01 08:00:00,3071.0
2018-07-01 09:00:00,3160.0
2018-07-01 10:00:00,3050.0
2018-07-01 11:00:00,3197.0
2018-07-01 12:00:00,3177.0
2018-07-01 13:00:00,3167.0
2018-07-01 14:00:00,3063.0
2018-07-01 15:00:00,2980.0
2018-07-01 16:00:00,2965.0
2018-07-01 17:00:00,2895.0
2018-07-01 18:00:00,2874.0
2018-07-01 19:00:00,2791.0
2018-07-01 20:00:00,2784.0
2018-07-01 21:00:00,2780.0
2018-07-01 22:00:00,2780.0
2018-07-01 23:00:00,2947.0
2018-07-02 00:00:00,2889.0
2018-07-02 01:00:00,2863.0
2018-07-02 02:00:00,2900.0
2018-07-02 03:00:00,2726.0
2018-07-02 04:00:00,2660.0
2018-07-02 05:00:00,2805.0
2018-07-02 06:00:00,2716.0
2018-07-02 07:00:00,2780.0
2018-07-02 08:00:00,2775.0
2018-07-02 09:00:00,2761.0
2018-07-02 10:00:00,2656.0
2018-07-02 11:00:00,2626.0
2018-07-02 12:00:00,2609.0
2018-07-02 13:00:00,2721.0
2018-07-02 14:00:00,2655.0
2018-07-02 15:00:00,2710.0
2018-07-02 16:00:00,2775.0
2018-07-02 17:00:00,2711.0
2018-07-02 18:00:00,2712.0
2018-07-02 19:00:00,2753.0
2018-07-02 20:00:00,2787.0
2018-07-02 21:00:00,2783.0
2018-07-02 22:00:00,2804.0
2018-07-02 23:00:00,2931.0
2018-07-03 00:00:00,2987.0
2018-07-03 01:00:00,2981.0
2018-07-03 02:00:00,3153.0
2018-07-03 03:00:00,2756.0
2018-07-03 04:00:00,2917.0
2018-07-03 05:00:00,2885.0
2018-07-03 06:00:00,2720.0
2018-07-03 07:00:00,2775.0
2018-07-03 08:00:00,2797.0
2018-07-03 09:00:00,2971.0
2018-07-03 10:00:00,3226.0
2018-07-03 11:00:00,3367.0
2018-07-03 12:00:00,3392.0
2018-07-03 13:00:00,3453.0
2018-07-03 14:00:00,3458.0
2018-07-03 15:00:00,3366.0
2018-07-03 16:00:00,3540.0
2018-07-03 17:00:00,3589.0
2018-07-03 18:00:00,3630.0
2018-07-03 19:00:00,3600.0
2018-07-03 20:00:00,3431.0
2018-07-03 21:00:00,3282.0
2018-07-03 22:00:00,3175.0
2018-07-03 23:00:00,3495.0
2018-07-04 00:00:00,3499.0
2018-07-04 01:00:00,3552.0
2018-07-04 02:00:00,3293.0
2018-07-04 03:00:00,3137.0
2018-07-04 04:00:00,3134.0
2018-07-04 05:00:00,3099.0
2018-07-04 06:00:00,2838.0
2018-07-04 07:00:00,2997.0
2018-07-04 08:00:00,3083.0
2018-07-04 09:00:00,3071.0
2018-07-04 10:00:00,3057.0
2018-07-04 11:00:00,3237.0
2018-07-04 12:00:00,3332.0
2018-07-04 13:00:00,3221.0
2018-07-04 14:00:00,3201.0
2018-07-04 15:00:00,3134.0
2018-07-04 16:00:00,3255.0
2018-07-04 17:00:00,3362.0
2018-07-04 18:00:00,3201.0
2018-07-04 19:00:00,3153.0
2018-07-04 20:00:00,3071.0
2018-07-04 21:00:00,3023.0
2018-07-04 22:00:00,2980.0
2018-07-04 23:00:00,3122.0
2018-07-05 00:00:00,3130.0
2018-07-05 01:00:00,3161.0
2018-07-05 02:00:00,3114.0
2018-07-05 03:00:00,3069.0
2018-07-05 04:00:00,3082.0
2018-07-05 05:00:00,3062.0
2018-07-05 06:00:00,2881.0
2018-07-05 07:00:00,2986.0
2018-07-05 08:00:00,2873.0
2018-07-05 09:00:00,2923.0
2018-07-05 10:00:00,3000.0
2018-07-05 11:00:00,2945.0
2018-07-05 12:00:00,2875.0
2018-07-05 13:00:00,2827.0
2018-07-05 14:00:00,2812.0
2018-07-05 15:00:00,2779.0
2018-07-05 16:00:00,2801.0
2018-07-05 17:00:00,2760.0
2018-07-05 18:00:00,2808.0
2018-07-05 19:00:00,2805.0
2018-07-05 20:00:00,2806.0
2018-07-05 21:00:00,2766.0
2018-07-05 22:00:00,2682.0
2018-07-05 23:00:00,2803.0
2018-07-06 00:00:00,2816.0
2018-07-06 01:00:00,2802.0
2018-07-06 02:00:00,2758.0
2018-07-06 03:00:00,2815.0
2018-07-06 04:00:00,2717.0
2018-07-06 05:00:00,2625.0
2018-07-06 06:00:00,2633.0
2018-07-06 07:00:00,2657.0
2018-07-06 08:00:00,2609.0
2018-07-06 09:00:00,2643.0
2018-07-06 10:00:00,2579.0
2018-07-06 11:00:00,2548.0
2018-07-06 12:00:00,2494.0
2018-07-06 13:00:00,2551.0
2018-07-06 14:00:00,2566.0
2018-07-06 15:00:00,2697.0
2018-07-06 16:00:00,2727.0
2018-07-06 17:00:00,2691.0
2018-07-06 18:00:00,2656.0
2018-07-06 19:00:00,2718.0
2018-07-06 20:00:00,2699.0
2018-07-06 21:00:00,2701.0
2018-07-06 22:00:00,2690.0
2018-07-06 23:00:00,2751.0
2018-07-07 00:00:00,2716.0
2018-07-07 01:00:00,2769.0
2018-07-07 02:00:00,2677.0
2018-07-07 03:00:00,2641.0
2018-07-07 04:00:00,2672.0
2018-07-07 05:00:00,2707.0
2018-07-07 06:00:00,2703.0
2018-07-07 07:00:00,2732.0
2018-07-07 08:00:00,2773.0
2018-07-07 09:00:00,2865.0
2018-07-07 10:00:00,3022.0
2018-07-07 11:00:00,3395.0
2018-07-07 12:00:00,3488.0
2018-07-07 13:00:00,3542.0
2018-07-07 14:00:00,3480.0
2018-07-07 15:00:00,2961.0
2018-07-07 16:00:00,3239.0
2018-07-07 17:00:00,3178.0
2018-07-07 18:00:00,3190.0
2018-07-07 19:00:00,3190.0
2018-07-07 20:00:00,3161.0
2018-07-07 21:00:00,3102.0
2018-07-07 22:00:00,3017.0
2018-07-07 23:00:00,3220.0
2018-07-08 00:00:00,3137.0
2018-07-08 01:00:00,3153.0
2018-07-08 02:00:00,2971.0
2018-07-08 03:00:00,2935.0
2018-07-08 04:00:00,2831.0
2018-07-08 05:00:00,2759.0
2018-07-08 06:00:00,2657.0
2018-07-08 07:00:00,2638.0
2018-07-08 08:00:00,2611.0
2018-07-08 09:00:00,2728.0
2018-07-08 10:00:00,2947.0
2018-07-08 11:00:00,3262.0
2018-07-08 12:00:00,3517.0
2018-07-08 13:00:00,3581.0
2018-07-08 14:00:00,3254.0
2018-07-08 15:00:00,2822.0
2018-07-08 16:00:00,3378.0
2018-07-08 17:00:00,3399.0
2018-07-08 18:00:00,3535.0
2018-07-08 19:00:00,3313.0
2018-07-08 20:00:00,3244.0
2018-07-08 21:00:00,3282.0
2018-07-08 22:00:00,3149.0
2018-07-08 23:00:00,3275.0
2018-07-09 00:00:00,3264.0
2018-07-09 01:00:00,3208.0
2018-07-09 02:00:00,3118.0
2018-07-09 03:00:00,3092.0
2018-07-09 04:00:00,2941.0
2018-07-09 05:00:00,2864.0
2018-07-09 06:00:00,2880.0
2018-07-09 07:00:00,2874.0
2018-07-09 08:00:00,2907.0
2018-07-09 09:00:00,2991.0
2018-07-09 10:00:00,2977.0
2018-07-09 11:00:00,3188.0
2018-07-09 12:00:00,3171.0
2018-07-09 13:00:00,3055.0
2018-07-09 14:00:00,3266.0
2018-07-09 15:00:00,3159.0
2018-07-09 16:00:00,3176.0
2018-07-09 17:00:00,3269.0
2018-07-09 18:00:00,3201.0
2018-07-09 19:00:00,3141.0
2018-07-09 20:00:00,2996.0
2018-07-09 21:00:00,2966.0
2018-07-09 22:00:00,2862.0
2018-07-09 23:00:00,2929.0
2018-07-10 00:00:00,2953.0
2018-07-10 01:00:00,2900.0
2018-07-10 02:00:00,2772.0
2018-07-10 03:00:00,2797.0
2018-07-10 04:00:00,2771.0
2018-07-10 05:00:00,2736.0
2018-07-10 06:00:00,2663.0
2018-07-10 07:00:00,2621.0
2018-07-10 08:00:00,2746.0
2018-07-10 09:00:00,2814.0
2018-07-10 10:00:00,2933.0
2018-07-10 11:00:00,3143.0
2018-07-10 12:00:00,3295.0
2018-07-10 13:00:00,3378.0
2018-07-10 14:00:00,3422.0
2018-07-10 15:00:00,3269.0
2018-07-10 16:00:00,3418.0
2018-07-10 17:00:00,3448.0
2018-07-10 18:00:00,3362.0
2018-07-10 19:00:00,3480.0
2018-07-10 20:00:00,3241.0
2018-07-10 21:00:00,3227.0
2018-07-10 22:00:00,3092.0
2018-07-10 23:00:00,3173.0
2018-07-11 00:00:00,3225.0
2018-07-11 01:00:00,3163.0
2018-07-11 02:00:00,3109.0
2018-07-11 03:00:00,2956.0
2018-07-11 04:00:00,2954.0
2018-07-11 05:00:00,2867.0
2018-07-11 06:00:00,2717.0
2018-07-11 07:00:00,2776.0
2018-07-11 08:00:00,2892.0
2018-07-11 09:00:00,2935.0
2018-07-11 10:00:00,2969.0
2018-07-11 11:00:00,3177.0
2018-07-11 12:00:00,3144.0
2018-07-11 13:00:00,3333.0
2018-07-11 14:00:00,3238.0
2018-07-11 15:00:00,3393.0
2018-07-11 16:00:00,3334.0
2018-07-11 17:00:00,3441.0
2018-07-11 18:00:00,3421.0
2018-07-11 19:00:00,3355.0
2018-07-11 20:00:00,3140.0
2018-07-11 21:00:00,3137.0
2018-07-11 22:00:00,3061.0
2018-07-11 23:00:00,3127.0
2018-07-12 00:00:00,3127.0
2018-07-12 01:00:00,3066.0
2018-07-12 02:00:00,2984.0
2018-07-12 03:00:00,2870.0
2018-07-12 04:00:00,2874.0
2018-07-12 05:00:00,2796.0
2018-07-12 06:00:00,2622.0
2018-07-12 07:00:00,2705.0
2018-07-12 08:00:00,2663.0
2018-07-12 09:00:00,2758.0
2018-07-12 10:00:00,2720.0
2018-07-12 11:00:00,2780.0
2018-07-12 12:00:00,2676.0
2018-07-12 13:00:00,2695.0
2018-07-12 14:00:00,2687.0
2018-07-12 15:00:00,2732.0
2018-07-12 16:00:00,2616.0
2018-07-12 17:00:00,2755.0
2018-07-12 18:00:00,2690.0
2018-07-12 19:00:00,2698.0
2018-07-12 20:00:00,2671.0
2018-07-12 21:00:00,2697.0
2018-07-12 22:00:00,2653.0
2018-07-12 23:00:00,2909.0
2018-07-13 00:00:00,2858.0
2018-07-13 01:00:00,2973.0
2018-07-13 02:00:00,2867.0
2018-07-13 03:00:00,2717.0
2018-07-13 04:00:00,2706.0
2018-07-13 05:00:00,2615.0
2018-07-13 06:00:00,2543.0
2018-07-13 07:00:00,2637.0
2018-07-13 08:00:00,2563.0
2018-07-13 09:00:00,2642.0
2018-07-13 10:00:00,2522.0
2018-07-13 11:00:00,2522.0
2018-07-13 12:00:00,2452.0
2018-07-13 13:00:00,2527.0
2018-07-13 14:00:00,2540.0
2018-07-13 15:00:00,2499.0
2018-07-13 16:00:00,2601.0
2018-07-13 17:00:00,2507.0
2018-07-13 18:00:00,2538.0
2018-07-13 19:00:00,2537.0
2018-07-13 20:00:00,2557.0
2018-07-13 21:00:00,2568.0
2018-07-13 22:00:00,2556.0
2018-07-13 23:00:00,2586.0
2018-07-14 00:00:00,2567.0
2018-07-14 01:00:00,2625.0
2018-07-14 02:00:00,2584.0
2018-07-14 03:00:00,2606.0
2018-07-14 04:00:00,2665.0
2018-07-14 05:00:00,2600.0
2018-07-14 06:00:00,2575.0
2018-07-14 07:00:00,2617.0
2018-07-14 08:00:00,2719.0
2018-07-14 09:00:00,2747.0
2018-07-14 10:00:00,2903.0
2018-07-14 11:00:00,3143.0
2018-07-14 12:00:00,3201.0
2018-07-14 13:00:00,3228.0
2018-07-14 14:00:00,3249.0
2018-07-14 15:00:00,3261.0
2018-07-14 16:00:00,3313.0
2018-07-14 17:00:00,3375.0
2018-07-14 18:00:00,3361.0
2018-07-14 19:00:00,3251.0
2018-07-14 20:00:00,3090.0
2018-07-14 21:00:00,3102.0
2018-07-14 22:00:00,2985.0
2018-07-14 23:00:00,3098.0
2018-07-15 00:00:00,3103.0
2018-07-15 01:00:00,3080.0
2018-07-15 02:00:00,3074.0
2018-07-15 03:00:00,2967.0
2018-07-15 04:00:00,2944.0
2018-07-15 05:00:00,2875.0
2018-07-15 06:00:00,2768.0
2018-07-15 07:00:00,2750.0
2018-07-15 08:00:00,2896.0
2018-07-15 09:00:00,3024.0
2018-07-15 10:00:00,3176.0
2018-07-15 11:00:00,3338.0
2018-07-15 12:00:00,3268.0
2018-07-15 13:00:00,3340.0
2018-07-15 14:00:00,3355.0
2018-07-15 15:00:00,3388.0
2018-07-15 16:00:00,3436.0
2018-07-15 17:00:00,3483.0
2018-07-15 18:00:00,3414.0
2018-07-15 19:00:00,3333.0
2018-07-15 20:00:00,3151.0
2018-07-15 21:00:00,3073.0
2018-07-15 22:00:00,3131.0
2018-07-15 23:00:00,3204.0
2018-07-16 00:00:00,3261.0
2018-07-16 01:00:00,3178.0
2018-07-16 02:00:00,3032.0
2018-07-16 03:00:00,2932.0
2018-07-16 04:00:00,2993.0
2018-07-16 05:00:00,2769.0
2018-07-16 06:00:00,2806.0
2018-07-16 07:00:00,2785.0
2018-07-16 08:00:00,2879.0
2018-07-16 09:00:00,2927.0
2018-07-16 10:00:00,3024.0
2018-07-16 11:00:00,3254.0
2018-07-16 12:00:00,3170.0
2018-07-16 13:00:00,3211.0
2018-07-16 14:00:00,3246.0
2018-07-16 15:00:00,3121.0
2018-07-16 16:00:00,3164.0
2018-07-16 17:00:00,3202.0
2018-07-16 18:00:00,3227.0
2018-07-16 19:00:00,3243.0
2018-07-16 20:00:00,3179.0
2018-07-16 21:00:00,3072.0
2018-07-16 22:00:00,3064.0
2018-07-16 23:00:00,3123.0
2018-07-17 00:00:00,3006.0
2018-07-17 01:00:00,2950.0
2018-07-17 02:00:00,2817.0
2018-07-17 03:00:00,2772.0
2018-07-17 04:00:00,2760.0
2018-07-17 05:00:00,2774.0
2018-07-17 06:00:00,2667.0
2018-07-17 07:00:00,2772.0
2018-07-17 08:00:00,2864.0
2018-07-17 09:00:00,2854.0
2018-07-17 10:00:00,3022.0
2018-07-17 11:00:00,3274.0
2018-07-17 12:00:00,3277.0
2018-07-17 13:00:00,3349.0
2018-07-17 14:00:00,3308.0
2018-07-17 15:00:00,3250.0
2018-07-17 16:00:00,3234.0
2018-07-17 17:00:00,3287.0
2018-07-17 18:00:00,3328.0
2018-07-17 19:00:00,3285.0
2018-07-17 20:00:00,3164.0
2018-07-17 21:00:00,3065.0
2018-07-17 22:00:00,2997.0
2018-07-17 23:00:00,3013.0
2018-07-18 00:00:00,3095.0
2018-07-18 01:00:00,3030.0
2018-07-18 02:00:00,2963.0
2018-07-18 03:00:00,2942.0
2018-07-18 04:00:00,2890.0
2018-07-18 05:00:00,2788.0
2018-07-18 06:00:00,2723.0
2018-07-18 07:00:00,2746.0
2018-07-18 08:00:00,2790.0
2018-07-18 09:00:00,2872.0
2018-07-18 10:00:00,3003.0
2018-07-18 11:00:00,3246.0
2018-07-18 12:00:00,3278.0
2018-07-18 13:00:00,3346.0
2018-07-18 14:00:00,3400.0
2018-07-18 15:00:00,3329.0
2018-07-18 16:00:00,3463.0
2018-07-18 17:00:00,3378.0
2018-07-18 18:00:00,3349.0
2018-07-18 19:00:00,3199.0
2018-07-18 20:00:00,3033.0
2018-07-18 21:00:00,3020.0
2018-07-18 22:00:00,2972.0
2018-07-18 23:00:00,3031.0
2018-07-19 00:00:00,3031.0
2018-07-19 01:00:00,3082.0
2018-07-19 02:00:00,2935.0
2018-07-19 03:00:00,2897.0
2018-07-19 04:00:00,2829.0
2018-07-19 05:00:00,2761.0
2018-07-19 06:00:00,2615.0
2018-07-19 07:00:00,2683.0
2018-07-19 08:00:00,2662.0
2018-07-19 09:00:00,2710.0
2018-07-19 10:00:00,2603.0
2018-07-19 11:00:00,2584.0
2018-07-19 12:00:00,2536.0
2018-07-19 13:00:00,2642.0
2018-07-19 14:00:00,2620.0
2018-07-19 15:00:00,2585.0
2018-07-19 16:00:00,2586.0
2018-07-19 17:00:00,2608.0
2018-07-19 18:00:00,2647.0
2018-07-19 19:00:00,2715.0
2018-07-19 20:00:00,2638.0
2018-07-19 21:00:00,2648.0
2018-07-19 22:00:00,2580.0
2018-07-19 23:00:00,2752.0
2018-07-20 00:00:00,2780.0
2018-07-20 01:00:00,2844.0
2018-07-20 02:00:00,2871.0
2018-07-20 03:00:00,2739.0
2018-07-20 04:00:00,2768.0
2018-07-20 05:00:00,2544.0
2018-07-20 06:00:00,2608.0
2018-07-20 07:00:00,2599.0
2018-07-20 08:00:00,2565.0
2018-07-20 09:00:00,2620.0
2018-07-20 10:00:00,2479.0
2018-07-20 11:00:00,2502.0
2018-07-20 12:00:00,2510.0
2018-07-20 13:00:00,2523.0
2018-07-20 14:00:00,2543.0
2018-07-20 15:00:00,2599.0
2018-07-20 16:00:00,2554.0
2018-07-20 17:00:00,2511.0
2018-07-20 18:00:00,2563.0
2018-07-20 19:00:00,2581.0
2018-07-20 20:00:00,2595.0
2018-07-20 21:00:00,2584.0
2018-07-20 22:00:00,2608.0
2018-07-20 23:00:00,2662.0
2018-07-21 00:00:00,2592.0
2018-07-21 01:00:00,2658.0
2018-07-21 02:00:00,2551.0
2018-07-21 03:00:00,2594.0
2018-07-21 04:00:00,2608.0
2018-07-21 05:00:00,2555.0
2018-07-21 06:00:00,2541.0
2018-07-21 07:00:00,2559.0
2018-07-21 08:00:00,2605.0
2018-07-21 09:00:00,2767.0
2018-07-21 10:00:00,2949.0
2018-07-21 11:00:00,3249.0
2018-07-21 12:00:00,3407.0
2018-07-21 13:00:00,3442.0
2018-07-21 14:00:00,3458.0
2018-07-21 15:00:00,3427.0
2018-07-21 16:00:00,3407.0
2018-07-21 17:00:00,3353.0
2018-07-21 18:00:00,3386.0
2018-07-21 19:00:00,3358.0
2018-07-21 20:00:00,3167.0
2018-07-21 21:00:00,3118.0
2018-07-21 22:00:00,2908.0
2018-07-21 23:00:00,3110.0
2018-07-22 00:00:00,3105.0
2018-07-22 01:00:00,3039.0
2018-07-22 02:00:00,2892.0
2018-07-22 03:00:00,2879.0
2018-07-22 04:00:00,2810.0
2018-07-22 05:00:00,2759.0
2018-07-22 06:00:00,2697.0
2018-07-22 07:00:00,2696.0
2018-07-22 08:00:00,2746.0
2018-07-22 09:00:00,2861.0
2018-07-22 10:00:00,2928.0
2018-07-22 11:00:00,3117.0
2018-07-22 12:00:00,3201.0
2018-07-22 13:00:00,3308.0
2018-07-22 14:00:00,3426.0
2018-07-22 15:00:00,3326.0
2018-07-22 16:00:00,3345.0
2018-07-22 17:00:00,3336.0
2018-07-22 18:00:00,3378.0
2018-07-22 19:00:00,3255.0
2018-07-22 20:00:00,3211.0
2018-07-22 21:00:00,3098.0
2018-07-22 22:00:00,3120.0
2018-07-22 23:00:00,3147.0
2018-07-23 00:00:00,3140.0
2018-07-23 01:00:00,3047.0
2018-07-23 02:00:00,2953.0
2018-07-23 03:00:00,2803.0
2018-07-23 04:00:00,2907.0
2018-07-23 05:00:00,2732.0
2018-07-23 06:00:00,2741.0
2018-07-23 07:00:00,2746.0
2018-07-23 08:00:00,2749.0
2018-07-23 09:00:00,2944.0
2018-07-23 10:00:00,2885.0
2018-07-23 11:00:00,3073.0
2018-07-23 12:00:00,3228.0
2018-07-23 13:00:00,3309.0
2018-07-23 14:00:00,3255.0
2018-07-23 15:00:00,3249.0
2018-07-23 16:00:00,3243.0
2018-07-23 17:00:00,3287.0
2018-07-23 18:00:00,3181.0
2018-07-23 19:00:00,3197.0
2018-07-23 20:00:00,3099.0
2018-07-23 21:00:00,3174.0
2018-07-23 22:00:00,2912.0
2018-07-23 23:00:00,3037.0
2018-07-24 00:00:00,2956.0
2018-07-24 01:00:00,2926.0
2018-07-24 02:00:00,2804.0
2018-07-24 03:00:00,2714.0
2018-07-24 04:00:00,2821.0
2018-07-24 05:00:00,2737.0
2018-07-24 06:00:00,2652.0
2018-07-24 07:00:00,2770.0
2018-07-24 08:00:00,2782.0
2018-07-24 09:00:00,2902.0
2018-07-24 10:00:00,2897.0
2018-07-24 11:00:00,3145.0
2018-07-24 12:00:00,3159.0
2018-07-24 13:00:00,3323.0
2018-07-24 14:00:00,3390.0
2018-07-24 15:00:00,3281.0
2018-07-24 16:00:00,3426.0
2018-07-24 17:00:00,3407.0
2018-07-24 18:00:00,3347.0
2018-07-24 19:00:00,3211.0
2018-07-24 20:00:00,3083.0
2018-07-24 21:00:00,2972.0
2018-07-24 22:00:00,2940.0
2018-07-24 23:00:00,3042.0
2018-07-25 00:00:00,3089.0
2018-07-25 01:00:00,2981.0
2018-07-25 02:00:00,3003.0
2018-07-25 03:00:00,2895.0
2018-07-25 04:00:00,2912.0
2018-07-25 05:00:00,2812.0
2018-07-25 06:00:00,2711.0
2018-07-25 07:00:00,2793.0
2018-07-25 08:00:00,2749.0
2018-07-25 09:00:00,2936.0
2018-07-25 10:00:00,3068.0
2018-07-25 11:00:00,3188.0
2018-07-25 12:00:00,3331.0
2018-07-25 13:00:00,3554.0
2018-07-25 14:00:00,3478.0
2018-07-25 15:00:00,3431.0
2018-07-25 16:00:00,3334.0
2018-07-25 17:00:00,3472.0
2018-07-25 18:00:00,3379.0
2018-07-25 19:00:00,3296.0
2018-07-25 20:00:00,3216.0
2018-07-25 21:00:00,3233.0
2018-07-25 22:00:00,3083.0
2018-07-25 23:00:00,3224.0
2018-07-26 00:00:00,3212.0
2018-07-26 01:00:00,3075.0
2018-07-26 02:00:00,2992.0
2018-07-26 03:00:00,2931.0
2018-07-26 04:00:00,2884.0
2018-07-26 05:00:00,2902.0
2018-07-26 06:00:00,2751.0
2018-07-26 07:00:00,2847.0
2018-07-26 08:00:00,2727.0
2018-07-26 09:00:00,2882.0
2018-07-26 10:00:00,2803.0
2018-07-26 11:00:00,2843.0
2018-07-26 12:00:00,2885.0
2018-07-26 13:00:00,2981.0
2018-07-26 14:00:00,2961.0
2018-07-26 15:00:00,2929.0
2018-07-26 16:00:00,2942.0
2018-07-26 17:00:00,2986.0
2018-07-26 18:00:00,3036.0
2018-07-26 19:00:00,2969.0
2018-07-26 20:00:00,2961.0
2018-07-26 21:00:00,2937.0
2018-07-26 22:00:00,2874.0
2018-07-26 23:00:00,3018.0
2018-07-27 00:00:00,2960.0
2018-07-27 01:00:00,3015.0
2018-07-27 02:00:00,2861.0
2018-07-27 03:00:00,2809.0
2018-07-27 04:00:00,2680.0
2018-07-27 05:00:00,2726.0
2018-07-27 06:00:00,2594.0
2018-07-27 07:00:00,2629.0
2018-07-27 08:00:00,2572.0
2018-07-27 09:00:00,2629.0
2018-07-27 10:00:00,2515.0
2018-07-27 11:00:00,2532.0
2018-07-27 12:00:00,2468.0
2018-07-27 13:00:00,2601.0
2018-07-27 14:00:00,2593.0
2018-07-27 15:00:00,2632.0
2018-07-27 16:00:00,2542.0
2018-07-27 17:00:00,2609.0
2018-07-27 18:00:00,2660.0
2018-07-27 19:00:00,2634.0
2018-07-27 20:00:00,2660.0
2018-07-27 21:00:00,2633.0
2018-07-27 22:00:00,2615.0
2018-07-27 23:00:00,2647.0
2018-07-28 00:00:00,2668.0
2018-07-28 01:00:00,2628.0
2018-07-28 02:00:00,2572.0
2018-07-28 03:00:00,2593.0
2018-07-28 04:00:00,2713.0
2018-07-28 05:00:00,2646.0
2018-07-28 06:00:00,2541.0
2018-07-28 07:00:00,2699.0
2018-07-28 08:00:00,2805.0
2018-07-28 09:00:00,2761.0
2018-07-28 10:00:00,2987.0
2018-07-28 11:00:00,3115.0
2018-07-28 12:00:00,3166.0
2018-07-28 13:00:00,3241.0
2018-07-28 14:00:00,3362.0
2018-07-28 15:00:00,3184.0
2018-07-28 16:00:00,3227.0
2018-07-28 17:00:00,3152.0
2018-07-28 18:00:00,3338.0
2018-07-28 19:00:00,3341.0
2018-07-28 20:00:00,3165.0
2018-07-28 21:00:00,3116.0
2018-07-28 22:00:00,2898.0
2018-07-28 23:00:00,3109.0
2018-07-29 00:00:00,3095.0
2018-07-29 01:00:00,3143.0
2018-07-29 02:00:00,2959.0
2018-07-29 03:00:00,2787.0
2018-07-29 04:00:00,2794.0
2018-07-29 05:00:00,2797.0
2018-07-29 06:00:00,2664.0
2018-07-29 07:00:00,2759.0
2018-07-29 08:00:00,2826.0
2018-07-29 09:00:00,2961.0
2018-07-29 10:00:00,2982.0
2018-07-29 11:00:00,3179.0
2018-07-29 12:00:00,3259.0
2018-07-29 13:00:00,3378.0
2018-07-29 14:00:00,3523.0
2018-07-29 15:00:00,3432.0
2018-07-29 16:00:00,3519.0
2018-07-29 17:00:00,3470.0
2018-07-29 18:00:00,3236.0
2018-07-29 19:00:00,3198.0
2018-07-29 20:00:00,3193.0
2018-07-29 21:00:00,3083.0
2018-07-29 22:00:00,3012.0
2018-07-29 23:00:00,3195.0
2018-07-30 00:00:00,3108.0
2018-07-30 01:00:00,3164.0
2018-07-30 02:00:00,2970.0
2018-07-30 03:00:00,2871.0
2018-07-30 04:00:00,2862.0
2018-07-30 05:00:00,2745.0
2018-07-30 06:00:00,2663.0
2018-07-30 07:00:00,2653.0
2018-07-30 08:00:00,2733.0
2018-07-30 09:00:00,2916.0
2018-07-30 10:00:00,2855.0
2018-07-30 11:00:00,3095.0
2018-07-30 12:00:00,3149.0
2018-07-30 13:00:00,3193.0
2018-07-30 14:00:00,3183.0
2018-07-30 15:00:00,3181.0
2018-07-30 16:00:00,3150.0
2018-07-30 17:00:00,3146.0
2018-07-30 18:00:00,3137.0
2018-07-30 19:00:00,3148.0
2018-07-30 20:00:00,3054.0
2018-07-30 21:00:00,3027.0
2018-07-30 22:00:00,2949.0
2018-07-30 23:00:00,3022.0
2018-07-31 00:00:00,3010.0
2018-07-31 01:00:00,2970.0
2018-07-31 02:00:00,2805.0
2018-07-31 03:00:00,2731.0
2018-07-31 04:00:00,2715.0
2018-07-31 05:00:00,2710.0
2018-07-31 06:00:00,2607.0
2018-07-31 07:00:00,2700.0
2018-07-31 08:00:00,2777.0
2018-07-31 09:00:00,2817.0
2018-07-31 10:00:00,2880.0
2018-07-31 11:00:00,3035.0
2018-07-31 12:00:00,3165.0
2018-07-31 13:00:00,3349.0
2018-07-31 14:00:00,3288.0
2018-07-31 15:00:00,3279.0
2018-07-31 16:00:00,3395.0
2018-07-31 17:00:00,3152.0
2018-07-31 18:00:00,3218.0
2018-07-31 19:00:00,3152.0
2018-07-31 20:00:00,3162.0
2018-07-31 21:00:00,2995.0
2018-07-31 22:00:00,2933.0
2018-07-31 23:00:00,3169.0
2018-08-01 00:00:00,3137.0
2018-08-01 01:00:00,3106.0
2018-08-01 02:00:00,2989.0
2018-08-01 03:00:00,2907.0
2018-08-01 04:00:00,2866.0
2018-08-01 05:00:00,2793.0
2018-08-01 06:00:00,2694.0
2018-08-01 07:00:00,2770.0
2018-08-01 08:00:00,2692.0
2018-08-01 09:00:00,2921.0
2018-08-01 10:00:00,2984.0
2018-08-01 11:00:00,3248.0
2018-08-01 12:00:00,3281.0
2018-08-01 13:00:00,3469.0
2018-08-01 14:00:00,3491.0
2018-08-01 15:00:00,3449.0
2018-08-01 16:00:00,3448.0
2018-08-01 17:00:00,3368.0
2018-08-01 18:00:00,3446.0
2018-08-01 19:00:00,3371.0
2018-08-01 20:00:00,3159.0
2018-08-01 21:00:00,3106.0
2018-08-01 22:00:00,3065.0
2018-08-01 23:00:00,3146.0
2018-08-02 00:00:00,3211.0
2018-08-02 01:00:00,3200.0
2018-08-02 02:00:00,2920.0
2018-08-02 03:00:00,2878.0
2018-08-02 04:00:00,2857.0
2018-08-02 05:00:00,2905.0
2018-08-02 06:00:00,2794.0
2018-08-02 07:00:00,2750.0
2018-08-02 08:00:00,2747.0
2018-08-02 09:00:00,2772.0
2018-08-02 10:00:00,2671.0
2018-08-02 11:00:00,2651.0
2018-08-02 12:00:00,2554.0
2018-08-02 13:00:00,2772.0
2018-08-02 14:00:00,2669.0
2018-08-02 15:00:00,2763.0
2018-08-02 16:00:00,2697.0
2018-08-02 17:00:00,2837.0
2018-08-02 18:00:00,2727.0
2018-08-02 19:00:00,2728.0
2018-08-02 20:00:00,2737.0
2018-08-02 21:00:00,2751.0
2018-08-02 22:00:00,2754.0
2018-08-02 23:00:00,2924.0
2018-08-03 00:00:00,2925.0
2018-08-03 01:00:00,2891.0
2018-08-03 02:00:00,2751.0
2018-08-03 03:00:00,2710.0
2018-08-03 04:00:00,2664.0
2018-08-03 05:00:00,2574.0
2018-08-03 06:00:00,2630.0
2018-08-03 07:00:00,2592.0
2018-08-03 08:00:00,2484.0
2018-08-03 09:00:00,2522.0
2018-08-03 10:00:00,2411.0
2018-08-03 11:00:00,2406.0
2018-08-03 12:00:00,2397.0
2018-08-03 13:00:00,2479.0
2018-08-03 14:00:00,2527.0
2018-08-03 15:00:00,2544.0
2018-08-03 16:00:00,2497.0
2018-08-03 17:00:00,2515.0
2018-08-03 18:00:00,2557.0
2018-08-03 19:00:00,2598.0
2018-08-03 20:00:00,2548.0
2018-08-03 21:00:00,2577.0
2018-08-03 22:00:00,2583.0
2018-08-03 23:00:00,2599.0
2018-08-04 00:00:00,2551.0
2018-08-04 01:00:00,2573.0
2018-08-04 02:00:00,2484.0
2018-08-04 03:00:00,2525.0
2018-08-04 04:00:00,2521.0
2018-08-04 05:00:00,2538.0
2018-08-04 06:00:00,2526.0
2018-08-04 07:00:00,2555.0
2018-08-04 08:00:00,2649.0
2018-08-04 09:00:00,2788.0
2018-08-04 10:00:00,2910.0
2018-08-04 11:00:00,3095.0
2018-08-04 12:00:00,3233.0
2018-08-04 13:00:00,3358.0
2018-08-04 14:00:00,3437.0
2018-08-04 15:00:00,3286.0
2018-08-04 16:00:00,3384.0
2018-08-04 17:00:00,3254.0
2018-08-04 18:00:00,3206.0
2018-08-04 19:00:00,3215.0
2018-08-04 20:00:00,3052.0
2018-08-04 21:00:00,2960.0
2018-08-04 22:00:00,2864.0
2018-08-04 23:00:00,3097.0
2018-08-05 00:00:00,3052.0
2018-08-05 01:00:00,3064.0
2018-08-05 02:00:00,2864.0
2018-08-05 03:00:00,2778.0
2018-08-05 04:00:00,2736.0
2018-08-05 05:00:00,2757.0
2018-08-05 06:00:00,2700.0
2018-08-05 07:00:00,2715.0
2018-08-05 08:00:00,2715.0
2018-08-05 09:00:00,2898.0
2018-08-05 10:00:00,2969.0
2018-08-05 11:00:00,3163.0
2018-08-05 12:00:00,3223.0
2018-08-05 13:00:00,3312.0
2018-08-05 14:00:00,3359.0
2018-08-05 15:00:00,3289.0
2018-08-05 16:00:00,3167.0
2018-08-05 17:00:00,3213.0
2018-08-05 18:00:00,3051.0
2018-08-05 19:00:00,3097.0
2018-08-05 20:00:00,2993.0
2018-08-05 21:00:00,2900.0
2018-08-05 22:00:00,2893.0
2018-08-05 23:00:00,3147.0
2018-08-06 00:00:00,3185.0
2018-08-06 01:00:00,3099.0
2018-08-06 02:00:00,2972.0
2018-08-06 03:00:00,2904.0
2018-08-06 04:00:00,2865.0
2018-08-06 05:00:00,2817.0
2018-08-06 06:00:00,2690.0
2018-08-06 07:00:00,2665.0
2018-08-06 08:00:00,2725.0
2018-08-06 09:00:00,2788.0
2018-08-06 10:00:00,2791.0
2018-08-06 11:00:00,3064.0
2018-08-06 12:00:00,3062.0
2018-08-06 13:00:00,3203.0
2018-08-06 14:00:00,3225.0
2018-08-06 15:00:00,3185.0
2018-08-06 16:00:00,3183.0
2018-08-06 17:00:00,3226.0
2018-08-06 18:00:00,3144.0
2018-08-06 19:00:00,3097.0
2018-08-06 20:00:00,3050.0
2018-08-06 21:00:00,3016.0
2018-08-06 22:00:00,2868.0
2018-08-06 23:00:00,3118.0
2018-08-07 00:00:00,3041.0
2018-08-07 01:00:00,3016.0
2018-08-07 02:00:00,2894.0
2018-08-07 03:00:00,2902.0
2018-08-07 04:00:00,2972.0
2018-08-07 05:00:00,2919.0
2018-08-07 06:00:00,2825.0
2018-08-07 07:00:00,2882.0
2018-08-07 08:00:00,2909.0
2018-08-07 09:00:00,3053.0
2018-08-07 10:00:00,3210.0
2018-08-07 11:00:00,3388.0
2018-08-07 12:00:00,3427.0
2018-08-07 13:00:00,3469.0
2018-08-07 14:00:00,3492.0
2018-08-07 15:00:00,3237.0
2018-08-07 16:00:00,3362.0
2018-08-07 17:00:00,3448.0
2018-08-07 18:00:00,3439.0
2018-08-07 19:00:00,3378.0
2018-08-07 20:00:00,3117.0
2018-08-07 21:00:00,3049.0
2018-08-07 22:00:00,3017.0
2018-08-07 23:00:00,3088.0
2018-08-08 00:00:00,3146.0
2018-08-08 01:00:00,3129.0
2018-08-08 02:00:00,2932.0
2018-08-08 03:00:00,2904.0
2018-08-08 04:00:00,2906.0
2018-08-08 05:00:00,2779.0
2018-08-08 06:00:00,2807.0
2018-08-08 07:00:00,2721.0
2018-08-08 08:00:00,2758.0
2018-08-08 09:00:00,2878.0
2018-08-08 10:00:00,3040.0
2018-08-08 11:00:00,3175.0
2018-08-08 12:00:00,3205.0
2018-08-08 13:00:00,3215.0
2018-08-08 14:00:00,3496.0
2018-08-08 15:00:00,3401.0
2018-08-08 16:00:00,3403.0
2018-08-08 17:00:00,3403.0
2018-08-08 18:00:00,3284.0
2018-08-08 19:00:00,3299.0
2018-08-08 20:00:00,3199.0
2018-08-08 21:00:00,3035.0
2018-08-08 22:00:00,2919.0
2018-08-08 23:00:00,3185.0
2018-08-09 00:00:00,3095.0
2018-08-09 01:00:00,3049.0
2018-08-09 02:00:00,2951.0
2018-08-09 03:00:00,2856.0
2018-08-09 04:00:00,2890.0
2018-08-09 05:00:00,2908.0
2018-08-09 06:00:00,2867.0
2018-08-09 07:00:00,2869.0
2018-08-09 08:00:00,2785.0
2018-08-09 09:00:00,2858.0
2018-08-09 10:00:00,2782.0
2018-08-09 11:00:00,2770.0
2018-08-09 12:00:00,2727.0
2018-08-09 13:00:00,2794.0
2018-08-09 14:00:00,2840.0
2018-08-09 15:00:00,2829.0
2018-08-09 16:00:00,2783.0
2018-08-09 17:00:00,2849.0
2018-08-09 18:00:00,2853.0
2018-08-09 19:00:00,2739.0
2018-08-09 20:00:00,2707.0
2018-08-09 21:00:00,2825.0
2018-08-09 22:00:00,2711.0
2018-08-09 23:00:00,2966.0
2018-08-10 00:00:00,2969.0
2018-08-10 01:00:00,2990.0
2018-08-10 02:00:00,2792.0
2018-08-10 03:00:00,2712.0
2018-08-10 04:00:00,2703.0
2018-08-10 05:00:00,2481.0
2018-08-10 06:00:00,2546.0
2018-08-10 07:00:00,2596.0
2018-08-10 08:00:00,2561.0
2018-08-10 09:00:00,2522.0
2018-08-10 10:00:00,2493.0
2018-08-10 11:00:00,2491.0
2018-08-10 12:00:00,2503.0
2018-08-10 13:00:00,2522.0
2018-08-10 14:00:00,2575.0
2018-08-10 15:00:00,2642.0
2018-08-10 16:00:00,2200.0
2018-08-10 17:00:00,2454.0
2018-08-10 18:00:00,3078.0
2018-08-10 19:00:00,2902.0
2018-08-10 20:00:00,2975.0
2018-08-10 21:00:00,2816.0
2018-08-10 22:00:00,2789.0
2018-08-10 23:00:00,2925.0
2018-08-11 00:00:00,2678.0
2018-08-11 01:00:00,2455.0
2018-08-11 02:00:00,2535.0
2018-08-11 03:00:00,2505.0
2018-08-11 04:00:00,2430.0
2018-08-11 05:00:00,2432.0
2018-08-11 06:00:00,2436.0
2018-08-11 07:00:00,2391.0
2018-08-11 08:00:00,2597.0
2018-08-11 09:00:00,2622.0
2018-08-11 10:00:00,2839.0
2018-08-11 11:00:00,3109.0
2018-08-11 12:00:00,3334.0
2018-08-11 13:00:00,3378.0
2018-08-11 14:00:00,3357.0
2018-08-11 15:00:00,3213.0
2018-08-11 16:00:00,3362.0
2018-08-11 17:00:00,3411.0
2018-08-11 18:00:00,3355.0
2018-08-11 19:00:00,3266.0
2018-08-11 20:00:00,3121.0
2018-08-11 21:00:00,3187.0
2018-08-11 22:00:00,3017.0
2018-08-11 23:00:00,3297.0
2018-08-12 00:00:00,3246.0
2018-08-12 01:00:00,3135.0
2018-08-12 02:00:00,2923.0
2018-08-12 03:00:00,2770.0
2018-08-12 04:00:00,2816.0
2018-08-12 05:00:00,2747.0
2018-08-12 06:00:00,2694.0
2018-08-12 07:00:00,2674.0
2018-08-12 08:00:00,2757.0
2018-08-12 09:00:00,2882.0
2018-08-12 10:00:00,3030.0
2018-08-12 11:00:00,3239.0
2018-08-12 12:00:00,3334.0
2018-08-12 13:00:00,3537.0
2018-08-12 14:00:00,3482.0
2018-08-12 15:00:00,3369.0
2018-08-12 16:00:00,3428.0
2018-08-12 17:00:00,3548.0
2018-08-12 18:00:00,3244.0
2018-08-12 19:00:00,3315.0
2018-08-12 20:00:00,3144.0
2018-08-12 21:00:00,3105.0
2018-08-12 22:00:00,2932.0
2018-08-12 23:00:00,3081.0
2018-08-13 00:00:00,3066.0
2018-08-13 01:00:00,3029.0
2018-08-13 02:00:00,2925.0
2018-08-13 03:00:00,2901.0
2018-08-13 04:00:00,2864.0
2018-08-13 05:00:00,2808.0
2018-08-13 06:00:00,2678.0
2018-08-13 07:00:00,2739.0
2018-08-13 08:00:00,2823.0
2018-08-13 09:00:00,2874.0
2018-08-13 10:00:00,2868.0
2018-08-13 11:00:00,3115.0
2018-08-13 12:00:00,3205.0
2018-08-13 13:00:00,3225.0
2018-08-13 14:00:00,3289.0
2018-08-13 15:00:00,3144.0
2018-08-13 16:00:00,3266.0
2018-08-13 17:00:00,3730.0
2018-08-13 18:00:00,3613.0
2018-08-13 19:00:00,3364.0
2018-08-13 20:00:00,3255.0
2018-08-13 21:00:00,2994.0
2018-08-13 22:00:00,3071.0
2018-08-13 23:00:00,3142.0
2018-08-14 00:00:00,3153.0
2018-08-14 01:00:00,2994.0
2018-08-14 02:00:00,2843.0
2018-08-14 03:00:00,2813.0
2018-08-14 04:00:00,2920.0
2018-08-14 05:00:00,2894.0
2018-08-14 06:00:00,2830.0
2018-08-14 07:00:00,2780.0
2018-08-14 08:00:00,2901.0
2018-08-14 09:00:00,3020.0
2018-08-14 10:00:00,3090.0
2018-08-14 11:00:00,3303.0
2018-08-14 12:00:00,3476.0
2018-08-14 13:00:00,3552.0
2018-08-14 14:00:00,3537.0
2018-08-14 15:00:00,3387.0
2018-08-14 16:00:00,3494.0
2018-08-14 17:00:00,3511.0
2018-08-14 18:00:00,3463.0
2018-08-14 19:00:00,3386.0
2018-08-14 20:00:00,3291.0
2018-08-14 21:00:00,3201.0
2018-08-14 22:00:00,3135.0
2018-08-14 23:00:00,3111.0
2018-08-15 00:00:00,3216.0
2018-08-15 01:00:00,3096.0
2018-08-15 02:00:00,3085.0
2018-08-15 03:00:00,2976.0
2018-08-15 04:00:00,2911.0
2018-08-15 05:00:00,2847.0
2018-08-15 06:00:00,2827.0
2018-08-15 07:00:00,2898.0
2018-08-15 08:00:00,2809.0
2018-08-15 09:00:00,2967.0
2018-08-15 10:00:00,3148.0
2018-08-15 11:00:00,3284.0
2018-08-15 12:00:00,3315.0
2018-08-15 13:00:00,3461.0
2018-08-15 14:00:00,3548.0
2018-08-15 15:00:00,3501.0
2018-08-15 16:00:00,3429.0
2018-08-15 17:00:00,3516.0
2018-08-15 18:00:00,3367.0
2018-08-15 19:00:00,3270.0
2018-08-15 20:00:00,3145.0
2018-08-15 21:00:00,2986.0
2018-08-15 22:00:00,2924.0
2018-08-15 23:00:00,3099.0
2018-08-16 00:00:00,3046.0
2018-08-16 01:00:00,3070.0
2018-08-16 02:00:00,2928.0
2018-08-16 03:00:00,2837.0
2018-08-16 04:00:00,2782.0
2018-08-16 05:00:00,2763.0
2018-08-16 06:00:00,2760.0
2018-08-16 07:00:00,2754.0
2018-08-16 08:00:00,2764.0
2018-08-16 09:00:00,2759.0
2018-08-16 10:00:00,2815.0
2018-08-16 11:00:00,2831.0
2018-08-16 12:00:00,2757.0
2018-08-16 13:00:00,2826.0
2018-08-16 14:00:00,2935.0
2018-08-16 15:00:00,2826.0
2018-08-16 16:00:00,2956.0
2018-08-16 17:00:00,2822.0
2018-08-16 18:00:00,2826.0
2018-08-16 19:00:00,2746.0
2018-08-16 20:00:00,2742.0
2018-08-16 21:00:00,2729.0
2018-08-16 22:00:00,2772.0
2018-08-16 23:00:00,3016.0
2018-08-17 00:00:00,3028.0
2018-08-17 01:00:00,2967.0
2018-08-17 02:00:00,2715.0
2018-08-17 03:00:00,2671.0
2018-08-17 04:00:00,2713.0
2018-08-17 05:00:00,2546.0
2018-08-17 06:00:00,2452.0
2018-08-17 07:00:00,2578.0
2018-08-17 08:00:00,2586.0
2018-08-17 09:00:00,2539.0
2018-08-17 10:00:00,2602.0
2018-08-17 11:00:00,2476.0
2018-08-17 12:00:00,2533.0
2018-08-17 13:00:00,2561.0
2018-08-17 14:00:00,2576.0
2018-08-17 15:00:00,2556.0
2018-08-17 16:00:00,2654.0
2018-08-17 17:00:00,2666.0
2018-08-17 18:00:00,2639.0
2018-08-17 19:00:00,2619.0
2018-08-17 20:00:00,2621.0
2018-08-17 21:00:00,2601.0
2018-08-17 22:00:00,2606.0
2018-08-17 23:00:00,2680.0
2018-08-18 00:00:00,2634.0
2018-08-18 01:00:00,2558.0
2018-08-18 02:00:00,2505.0
2018-08-18 03:00:00,2446.0
2018-08-18 04:00:00,2535.0
2018-08-18 05:00:00,2502.0
2018-08-18 06:00:00,2522.0
2018-08-18 07:00:00,2520.0
2018-08-18 08:00:00,2669.0
2018-08-18 09:00:00,2760.0
2018-08-18 10:00:00,2890.0
2018-08-18 11:00:00,3134.0
2018-08-18 12:00:00,3303.0
2018-08-18 13:00:00,3442.0
2018-08-18 14:00:00,3508.0
2018-08-18 15:00:00,3508.0
2018-08-18 16:00:00,3498.0
2018-08-18 17:00:00,3592.0
2018-08-18 18:00:00,3506.0
2018-08-18 19:00:00,3284.0
2018-08-18 20:00:00,3187.0
2018-08-18 21:00:00,3163.0
2018-08-18 22:00:00,3063.0
2018-08-18 23:00:00,3143.0
2018-08-19 00:00:00,3230.0
2018-08-19 01:00:00,3162.0
2018-08-19 02:00:00,3083.0
2018-08-19 03:00:00,2966.0
2018-08-19 04:00:00,2971.0
2018-08-19 05:00:00,2830.0
2018-08-19 06:00:00,2829.0
2018-08-19 07:00:00,2833.0
2018-08-19 08:00:00,2903.0
2018-08-19 09:00:00,2975.0
2018-08-19 10:00:00,3122.0
2018-08-19 11:00:00,3173.0
2018-08-19 12:00:00,3201.0
2018-08-19 13:00:00,3371.0
2018-08-19 14:00:00,3375.0
2018-08-19 15:00:00,3238.0
2018-08-19 16:00:00,3319.0
2018-08-19 17:00:00,3339.0
2018-08-19 18:00:00,3272.0
2018-08-19 19:00:00,3197.0
2018-08-19 20:00:00,3117.0
2018-08-19 21:00:00,3122.0
2018-08-19 22:00:00,3023.0
2018-08-19 23:00:00,3279.0
2018-08-20 00:00:00,3183.0
2018-08-20 01:00:00,3191.0
2018-08-20 02:00:00,3031.0
2018-08-20 03:00:00,2973.0
2018-08-20 04:00:00,2921.0
2018-08-20 05:00:00,2866.0
2018-08-20 06:00:00,2784.0
2018-08-20 07:00:00,2823.0
2018-08-20 08:00:00,2850.0
2018-08-20 09:00:00,2874.0
2018-08-20 10:00:00,2984.0
2018-08-20 11:00:00,3163.0
2018-08-20 12:00:00,3255.0
2018-08-20 13:00:00,3365.0
2018-08-20 14:00:00,3408.0
2018-08-20 15:00:00,3348.0
2018-08-20 16:00:00,3384.0
2018-08-20 17:00:00,3391.0
2018-08-20 18:00:00,3466.0
2018-08-20 19:00:00,3431.0
2018-08-20 20:00:00,3183.0
2018-08-20 21:00:00,3138.0
2018-08-20 22:00:00,3115.0
2018-08-20 23:00:00,3271.0
2018-08-21 00:00:00,3212.0
2018-08-21 01:00:00,3123.0
2018-08-21 02:00:00,2959.0
2018-08-21 03:00:00,2982.0
2018-08-21 04:00:00,2966.0
2018-08-21 05:00:00,2893.0
2018-08-21 06:00:00,2801.0
2018-08-21 07:00:00,2935.0
2018-08-21 08:00:00,2928.0
2018-08-21 09:00:00,3104.0
2018-08-21 10:00:00,3138.0
2018-08-21 11:00:00,3278.0
2018-08-21 12:00:00,3366.0
2018-08-21 13:00:00,3386.0
2018-08-21 14:00:00,3426.0
2018-08-21 15:00:00,3267.0
2018-08-21 16:00:00,3291.0
2018-08-21 17:00:00,3327.0
2018-08-21 18:00:00,3341.0
2018-08-21 19:00:00,3332.0
2018-08-21 20:00:00,3254.0
2018-08-21 21:00:00,3177.0
2018-08-21 22:00:00,3139.0
2018-08-21 23:00:00,3254.0
2018-08-22 00:00:00,3181.0
2018-08-22 01:00:00,3228.0
2018-08-22 02:00:00,3125.0
2018-08-22 03:00:00,3060.0
2018-08-22 04:00:00,3009.0
2018-08-22 05:00:00,2906.0
2018-08-22 06:00:00,2827.0
2018-08-22 07:00:00,2909.0
2018-08-22 08:00:00,2979.0
2018-08-22 09:00:00,3024.0
2018-08-22 10:00:00,3160.0
2018-08-22 11:00:00,3277.0
2018-08-22 12:00:00,3422.0
2018-08-22 13:00:00,3405.0
2018-08-22 14:00:00,3391.0
2018-08-22 15:00:00,3267.0
2018-08-22 16:00:00,3403.0
2018-08-22 17:00:00,3402.0
2018-08-22 18:00:00,3275.0
2018-08-22 19:00:00,3289.0
2018-08-22 20:00:00,3166.0
2018-08-22 21:00:00,3116.0
2018-08-22 22:00:00,3216.0
2018-08-22 23:00:00,3207.0
2018-08-23 00:00:00,3167.0
2018-08-23 01:00:00,3184.0
2018-08-23 02:00:00,3108.0
2018-08-23 03:00:00,3037.0
2018-08-23 04:00:00,2994.0
2018-08-23 05:00:00,2847.0
2018-08-23 06:00:00,2861.0
2018-08-23 07:00:00,2862.0
2018-08-23 08:00:00,2891.0
2018-08-23 09:00:00,2830.0
2018-08-23 10:00:00,2827.0
2018-08-23 11:00:00,2925.0
2018-08-23 12:00:00,2846.0
2018-08-23 13:00:00,2818.0
2018-08-23 14:00:00,2959.0
2018-08-23 15:00:00,2966.0
2018-08-23 16:00:00,2960.0
2018-08-23 17:00:00,2925.0
2018-08-23 18:00:00,2931.0
2018-08-23 19:00:00,2909.0
2018-08-23 20:00:00,2854.0
2018-08-23 21:00:00,2858.0
2018-08-23 22:00:00,2943.0
2018-08-23 23:00:00,3160.0
2018-08-24 00:00:00,3114.0
2018-08-24 01:00:00,3189.0
2018-08-24 02:00:00,2976.0
2018-08-24 03:00:00,2923.0
2018-08-24 04:00:00,2883.0
2018-08-24 05:00:00,2739.0
2018-08-24 06:00:00,2729.0
2018-08-24 07:00:00,2865.0
2018-08-24 08:00:00,2752.0
2018-08-24 09:00:00,2737.0
2018-08-24 10:00:00,2761.0
2018-08-24 11:00:00,2666.0
2018-08-24 12:00:00,2737.0
2018-08-24 13:00:00,2769.0
2018-08-24 14:00:00,1478.0
2018-08-24 15:00:00,1856.0
2018-08-24 16:00:00,2860.0
2018-08-24 17:00:00,2660.0
2018-08-24 18:00:00,2680.0
2018-08-24 19:00:00,2716.0
2018-08-24 20:00:00,2719.0
2018-08-24 21:00:00,2756.0
2018-08-24 22:00:00,2777.0
2018-08-24 23:00:00,2814.0
2018-08-25 00:00:00,2772.0
2018-08-25 01:00:00,2757.0
2018-08-25 02:00:00,2695.0
2018-08-25 03:00:00,2692.0
2018-08-25 04:00:00,2701.0
2018-08-25 05:00:00,2661.0
2018-08-25 06:00:00,2654.0
2018-08-25 07:00:00,2741.0
2018-08-25 08:00:00,2872.0
2018-08-25 09:00:00,2866.0
2018-08-25 10:00:00,2959.0
2018-08-25 11:00:00,3136.0
2018-08-25 12:00:00,3296.0
2018-08-25 13:00:00,3356.0
2018-08-25 14:00:00,3432.0
2018-08-25 15:00:00,3413.0
2018-08-25 16:00:00,3390.0
2018-08-25 17:00:00,3354.0
2018-08-25 18:00:00,3409.0
2018-08-25 19:00:00,3309.0
2018-08-25 20:00:00,3187.0
2018-08-25 21:00:00,3009.0
2018-08-25 22:00:00,3085.0
2018-08-25 23:00:00,3213.0
2018-08-26 00:00:00,3247.0
2018-08-26 01:00:00,3259.0
2018-08-26 02:00:00,3002.0
2018-08-26 03:00:00,2884.0
2018-08-26 04:00:00,2829.0
2018-08-26 05:00:00,2913.0
2018-08-26 06:00:00,2759.0
2018-08-26 07:00:00,2777.0
2018-08-26 08:00:00,2875.0
2018-08-26 09:00:00,2887.0
2018-08-26 10:00:00,3072.0
2018-08-26 11:00:00,3147.0
2018-08-26 12:00:00,3335.0
2018-08-26 13:00:00,3354.0
2018-08-26 14:00:00,3400.0
2018-08-26 15:00:00,3339.0
2018-08-26 16:00:00,3310.0
2018-08-26 17:00:00,3254.0
2018-08-26 18:00:00,3279.0
2018-08-26 19:00:00,3365.0
2018-08-26 20:00:00,3287.0
2018-08-26 21:00:00,3173.0
2018-08-26 22:00:00,3139.0
2018-08-26 23:00:00,3236.0
2018-08-27 00:00:00,3286.0
2018-08-27 01:00:00,3048.0
2018-08-27 02:00:00,2986.0
2018-08-27 03:00:00,2828.0
2018-08-27 04:00:00,2797.0
2018-08-27 05:00:00,2764.0
2018-08-27 06:00:00,2683.0
2018-08-27 07:00:00,2669.0
2018-08-27 08:00:00,2783.0
2018-08-27 09:00:00,2868.0
2018-08-27 10:00:00,2967.0
2018-08-27 11:00:00,3066.0
2018-08-27 12:00:00,3160.0
2018-08-27 13:00:00,3150.0
2018-08-27 14:00:00,3176.0
2018-08-27 15:00:00,3053.0
2018-08-27 16:00:00,3068.0
2018-08-27 17:00:00,3268.0
2018-08-27 18:00:00,3259.0
2018-08-27 19:00:00,3188.0
2018-08-27 20:00:00,3116.0
2018-08-27 21:00:00,3042.0
2018-08-27 22:00:00,3019.0
2018-08-27 23:00:00,3108.0
2018-08-28 00:00:00,3086.0
2018-08-28 01:00:00,2941.0
2018-08-28 02:00:00,2819.0
2018-08-28 03:00:00,2791.0
2018-08-28 04:00:00,2820.0
2018-08-28 05:00:00,2732.0
2018-08-28 06:00:00,2752.0
2018-08-28 07:00:00,2787.0
2018-08-28 08:00:00,2852.0
2018-08-28 09:00:00,3053.0
2018-08-28 10:00:00,3155.0
2018-08-28 11:00:00,3194.0
2018-08-28 12:00:00,3320.0
2018-08-28 13:00:00,3438.0
2018-08-28 14:00:00,3654.0
2018-08-28 15:00:00,3419.0
2018-08-28 16:00:00,3376.0
2018-08-28 17:00:00,3532.0
2018-08-28 18:00:00,3421.0
2018-08-28 19:00:00,3486.0
2018-08-28 20:00:00,3241.0
2018-08-28 21:00:00,3179.0
2018-08-28 22:00:00,3215.0
2018-08-28 23:00:00,3344.0
2018-08-29 00:00:00,3323.0
2018-08-29 01:00:00,3223.0
2018-08-29 02:00:00,3076.0
2018-08-29 03:00:00,2983.0
2018-08-29 04:00:00,2999.0
2018-08-29 05:00:00,2928.0
2018-08-29 06:00:00,2822.0
2018-08-29 07:00:00,2834.0
2018-08-29 08:00:00,2824.0
2018-08-29 09:00:00,2968.0
2018-08-29 10:00:00,3158.0
2018-08-29 11:00:00,3184.0
2018-08-29 12:00:00,3349.0
2018-08-29 13:00:00,3361.0
2018-08-29 14:00:00,3500.0
2018-08-29 15:00:00,3422.0
2018-08-29 16:00:00,3447.0
2018-08-29 17:00:00,3442.0
2018-08-29 18:00:00,3405.0
2018-08-29 19:00:00,3312.0
2018-08-29 20:00:00,3117.0
2018-08-29 21:00:00,3164.0
2018-08-29 22:00:00,3007.0
2018-08-29 23:00:00,3206.0
2018-08-30 00:00:00,3086.0
2018-08-30 01:00:00,3098.0
2018-08-30 02:00:00,2947.0
2018-08-30 03:00:00,2881.0
2018-08-30 04:00:00,2855.0
2018-08-30 05:00:00,2823.0
2018-08-30 06:00:00,2672.0
2018-08-30 07:00:00,2722.0
2018-08-30 08:00:00,2757.0
2018-08-30 09:00:00,2911.0
2018-08-30 10:00:00,2837.0
2018-08-30 11:00:00,2862.0
2018-08-30 12:00:00,2848.0
2018-08-30 13:00:00,2802.0
2018-08-30 14:00:00,2886.0
2018-08-30 15:00:00,2841.0
2018-08-30 16:00:00,2872.0
2018-08-30 17:00:00,2902.0
2018-08-30 18:00:00,2741.0
2018-08-30 19:00:00,2781.0
2018-08-30 20:00:00,2719.0
2018-08-30 21:00:00,2950.0
2018-08-30 22:00:00,2802.0
2018-08-30 23:00:00,3006.0
2018-08-31 00:00:00,3136.0
2018-08-31 01:00:00,3164.0
2018-08-31 02:00:00,3100.0
2018-08-31 03:00:00,2839.0
2018-08-31 04:00:00,2915.0
2018-08-31 05:00:00,2632.0
2018-08-31 06:00:00,2624.0
2018-08-31 07:00:00,2604.0
2018-08-31 08:00:00,2658.0
2018-08-31 09:00:00,2625.0
2018-08-31 10:00:00,2596.0
2018-08-31 11:00:00,2586.0
2018-08-31 12:00:00,2552.0
2018-08-31 13:00:00,2634.0
2018-08-31 14:00:00,2700.0
2018-08-31 15:00:00,2602.0
2018-08-31 16:00:00,2652.0
2018-08-31 17:00:00,2659.0
2018-08-31 18:00:00,2598.0
2018-08-31 19:00:00,2588.0
2018-08-31 20:00:00,2576.0
2018-08-31 21:00:00,2626.0
2018-08-31 22:00:00,2682.0
2018-08-31 23:00:00,2688.0
2018-09-01 00:00:00,2638.0
2018-09-01 01:00:00,2639.0
2018-09-01 02:00:00,2593.0
2018-09-01 03:00:00,2574.0
2018-09-01 04:00:00,2608.0
2018-09-01 05:00:00,2601.0
2018-09-01 06:00:00,2558.0
2018-09-01 07:00:00,2595.0
2018-09-01 08:00:00,2677.0
2018-09-01 09:00:00,2805.0
2018-09-01 10:00:00,2961.0
2018-09-01 11:00:00,3100.0
2018-09-01 12:00:00,3178.0
2018-09-01 13:00:00,3253.0
2018-09-01 14:00:00,3266.0
2018-09-01 15:00:00,3116.0
2018-09-01 16:00:00,3307.0
2018-09-01 17:00:00,3225.0
2018-09-01 18:00:00,3235.0
2018-09-01 19:00:00,3133.0
2018-09-01 20:00:00,3068.0
2018-09-01 21:00:00,3082.0
2018-09-01 22:00:00,3142.0
2018-09-01 23:00:00,3176.0
2018-09-02 00:00:00,3134.0
2018-09-02 01:00:00,3131.0
2018-09-02 02:00:00,2961.0
2018-09-02 03:00:00,2952.0
2018-09-02 04:00:00,2878.0
2018-09-02 05:00:00,2864.0
2018-09-02 06:00:00,2834.0
2018-09-02 07:00:00,2805.0
2018-09-02 08:00:00,2866.0
2018-09-02 09:00:00,2852.0
2018-09-02 10:00:00,2985.0
2018-09-02 11:00:00,3025.0
2018-09-02 12:00:00,2927.0
2018-09-02 13:00:00,3087.0
2018-09-02 14:00:00,3137.0
2018-09-02 15:00:00,3019.0
2018-09-02 16:00:00,3165.0
2018-09-02 17:00:00,3154.0
2018-09-02 18:00:00,3130.0
2018-09-02 19:00:00,3017.0
2018-09-02 20:00:00,2973.0
2018-09-02 21:00:00,3037.0
2018-09-02 22:00:00,2932.0
2018-09-02 23:00:00,3256.0
2018-09-03 00:00:00,3129.0
2018-09-03 01:00:00,3290.0
2018-09-03 02:00:00,3099.0
2018-09-03 03:00:00,2925.0
2018-09-03 04:00:00,2952.0
2018-09-03 05:00:00,2909.0
2018-09-03 06:00:00,2725.0
2018-09-03 07:00:00,2851.0
2018-09-03 08:00:00,2870.0
2018-09-03 09:00:00,2860.0
2018-09-03 10:00:00,3109.0
2018-09-03 11:00:00,3236.0
2018-09-03 12:00:00,3202.0
2018-09-03 13:00:00,3357.0
2018-09-03 14:00:00,3375.0
2018-09-03 15:00:00,3187.0
2018-09-03 16:00:00,3082.0
2018-09-03 17:00:00,3053.0
2018-09-03 18:00:00,3080.0
2018-09-03 19:00:00,3238.0
2018-09-03 20:00:00,3156.0
2018-09-03 21:00:00,2997.0
2018-09-03 22:00:00,2951.0
2018-09-03 23:00:00,3061.0
2018-09-04 00:00:00,2949.0
2018-09-04 01:00:00,2834.0
2018-09-04 02:00:00,2833.0
2018-09-04 03:00:00,2754.0
2018-09-04 04:00:00,2756.0
2018-09-04 05:00:00,2655.0
2018-09-04 06:00:00,2659.0
2018-09-04 07:00:00,2720.0
2018-09-04 08:00:00,2836.0
2018-09-04 09:00:00,2844.0
2018-09-04 10:00:00,3044.0
2018-09-04 11:00:00,3201.0
2018-09-04 12:00:00,3227.0
2018-09-04 13:00:00,3335.0
2018-09-04 14:00:00,3480.0
2018-09-04 15:00:00,3476.0
2018-09-04 16:00:00,3616.0
2018-09-04 17:00:00,3606.0
2018-09-04 18:00:00,3511.0
2018-09-04 19:00:00,3437.0
2018-09-04 20:00:00,3324.0
2018-09-04 21:00:00,3171.0
2018-09-04 22:00:00,3207.0
2018-09-04 23:00:00,3364.0
2018-09-05 00:00:00,3344.0
2018-09-05 01:00:00,3253.0
2018-09-05 02:00:00,3143.0
2018-09-05 03:00:00,2970.0
2018-09-05 04:00:00,2925.0
2018-09-05 05:00:00,2914.0
2018-09-05 06:00:00,2818.0
2018-09-05 07:00:00,2851.0
2018-09-05 08:00:00,2931.0
2018-09-05 09:00:00,2941.0
2018-09-05 10:00:00,3117.0
2018-09-05 11:00:00,3213.0
2018-09-05 12:00:00,3338.0
2018-09-05 13:00:00,3531.0
2018-09-05 14:00:00,3707.0
2018-09-05 15:00:00,3621.0
2018-09-05 16:00:00,3668.0
2018-09-05 17:00:00,3746.0
2018-09-05 18:00:00,3760.0
2018-09-05 19:00:00,3694.0
2018-09-05 20:00:00,3482.0
2018-09-05 21:00:00,3335.0
2018-09-05 22:00:00,3119.0
2018-09-05 23:00:00,3323.0
2018-09-06 00:00:00,3267.0
2018-09-06 01:00:00,3308.0
2018-09-06 02:00:00,3059.0
2018-09-06 03:00:00,3107.0
2018-09-06 04:00:00,3027.0
2018-09-06 05:00:00,2913.0
2018-09-06 06:00:00,2834.0
2018-09-06 07:00:00,2852.0
2018-09-06 08:00:00,2872.0
2018-09-06 09:00:00,2790.0
2018-09-06 10:00:00,2927.0
2018-09-06 11:00:00,2836.0
2018-09-06 12:00:00,2838.0
2018-09-06 13:00:00,3035.0
2018-09-06 14:00:00,3114.0
2018-09-06 15:00:00,3132.0
2018-09-06 16:00:00,3172.0
2018-09-06 17:00:00,3185.0
2018-09-06 18:00:00,3106.0
2018-09-06 19:00:00,3044.0
2018-09-06 20:00:00,3004.0
2018-09-06 21:00:00,2863.0
2018-09-06 22:00:00,2969.0
2018-09-06 23:00:00,3072.0
2018-09-07 00:00:00,3040.0
2018-09-07 01:00:00,2974.0
2018-09-07 02:00:00,2961.0
2018-09-07 03:00:00,2832.0
2018-09-07 04:00:00,2750.0
2018-09-07 05:00:00,2622.0
2018-09-07 06:00:00,2676.0
2018-09-07 07:00:00,2748.0
2018-09-07 08:00:00,2647.0
2018-09-07 09:00:00,2593.0
2018-09-07 10:00:00,2656.0
2018-09-07 11:00:00,2578.0
2018-09-07 12:00:00,2583.0
2018-09-07 13:00:00,2598.0
2018-09-07 14:00:00,2706.0
2018-09-07 15:00:00,2651.0
2018-09-07 16:00:00,2752.0
2018-09-07 17:00:00,2754.0
2018-09-07 18:00:00,2719.0
2018-09-07 19:00:00,2672.0
2018-09-07 20:00:00,2584.0
2018-09-07 21:00:00,2657.0
2018-09-07 22:00:00,2797.0
2018-09-07 23:00:00,2726.0
2018-09-08 00:00:00,2658.0
2018-09-08 01:00:00,2657.0
2018-09-08 02:00:00,2586.0
2018-09-08 03:00:00,2601.0
2018-09-08 04:00:00,2613.0
2018-09-08 05:00:00,2634.0
2018-09-08 06:00:00,2570.0
2018-09-08 07:00:00,2582.0
2018-09-08 08:00:00,2684.0
2018-09-08 09:00:00,2736.0
2018-09-08 10:00:00,3011.0
2018-09-08 11:00:00,3077.0
2018-09-08 12:00:00,3299.0
2018-09-08 13:00:00,3498.0
2018-09-08 14:00:00,3588.0
2018-09-08 15:00:00,3379.0
2018-09-08 16:00:00,3507.0
2018-09-08 17:00:00,3522.0
2018-09-08 18:00:00,3590.0
2018-09-08 19:00:00,3498.0
2018-09-08 20:00:00,3349.0
2018-09-08 21:00:00,3126.0
2018-09-08 22:00:00,2990.0
2018-09-08 23:00:00,3154.0
2018-09-09 00:00:00,3113.0
2018-09-09 01:00:00,3057.0
2018-09-09 02:00:00,2958.0
2018-09-09 03:00:00,2869.0
2018-09-09 04:00:00,2836.0
2018-09-09 05:00:00,2843.0
2018-09-09 06:00:00,2761.0
2018-09-09 07:00:00,2741.0
2018-09-09 08:00:00,2795.0
2018-09-09 09:00:00,2915.0
2018-09-09 10:00:00,3101.0
2018-09-09 11:00:00,3233.0
2018-09-09 12:00:00,3399.0
2018-09-09 13:00:00,3626.0
2018-09-09 14:00:00,3635.0
2018-09-09 15:00:00,3574.0
2018-09-09 16:00:00,3668.0
2018-09-09 17:00:00,3779.0
2018-09-09 18:00:00,3794.0
2018-09-09 19:00:00,3799.0
2018-09-09 20:00:00,3610.0
2018-09-09 21:00:00,3394.0
2018-09-09 22:00:00,3137.0
2018-09-09 23:00:00,3272.0
2018-09-10 00:00:00,3210.0
2018-09-10 01:00:00,3169.0
2018-09-10 02:00:00,3030.0
2018-09-10 03:00:00,3018.0
2018-09-10 04:00:00,2921.0
2018-09-10 05:00:00,2876.0
2018-09-10 06:00:00,2782.0
2018-09-10 07:00:00,2748.0
2018-09-10 08:00:00,2829.0
2018-09-10 09:00:00,2838.0
2018-09-10 10:00:00,2889.0
2018-09-10 11:00:00,3083.0
2018-09-10 12:00:00,3236.0
2018-09-10 13:00:00,3317.0
2018-09-10 14:00:00,3484.0
2018-09-10 15:00:00,3380.0
2018-09-10 16:00:00,3486.0
2018-09-10 17:00:00,3516.0
2018-09-10 18:00:00,3616.0
2018-09-10 19:00:00,3603.0
2018-09-10 20:00:00,3540.0
2018-09-10 21:00:00,3244.0
2018-09-10 22:00:00,3250.0
2018-09-10 23:00:00,3183.0
2018-09-11 00:00:00,3089.0
2018-09-11 01:00:00,3023.0
2018-09-11 02:00:00,2849.0
2018-09-11 03:00:00,2723.0
2018-09-11 04:00:00,2806.0
2018-09-11 05:00:00,2692.0
2018-09-11 06:00:00,2706.0
2018-09-11 07:00:00,2785.0
2018-09-11 08:00:00,2781.0
2018-09-11 09:00:00,2890.0
2018-09-11 10:00:00,3114.0
2018-09-11 11:00:00,3305.0
2018-09-11 12:00:00,3410.0
2018-09-11 13:00:00,3441.0
2018-09-11 14:00:00,3527.0
2018-09-11 15:00:00,3428.0
2018-09-11 16:00:00,3566.0
2018-09-11 17:00:00,3631.0
2018-09-11 18:00:00,3620.0
2018-09-11 19:00:00,3588.0
2018-09-11 20:00:00,3407.0
2018-09-11 21:00:00,3230.0
2018-09-11 22:00:00,3102.0
2018-09-11 23:00:00,3299.0
2018-09-12 00:00:00,3269.0
2018-09-12 01:00:00,3214.0
2018-09-12 02:00:00,3100.0
2018-09-12 03:00:00,2972.0
2018-09-12 04:00:00,2866.0
2018-09-12 05:00:00,2840.0
2018-09-12 06:00:00,2786.0
2018-09-12 07:00:00,2738.0
2018-09-12 08:00:00,2780.0
2018-09-12 09:00:00,2900.0
2018-09-12 10:00:00,3005.0
2018-09-12 11:00:00,3236.0
2018-09-12 12:00:00,3307.0
2018-09-12 13:00:00,3469.0
2018-09-12 14:00:00,3643.0
2018-09-12 15:00:00,3524.0
2018-09-12 16:00:00,3608.0
2018-09-12 17:00:00,3659.0
2018-09-12 18:00:00,3656.0
2018-09-12 19:00:00,3545.0
2018-09-12 20:00:00,3302.0
2018-09-12 21:00:00,3135.0
2018-09-12 22:00:00,3075.0
2018-09-12 23:00:00,3253.0
2018-09-13 00:00:00,3174.0
2018-09-13 01:00:00,3174.0
2018-09-13 02:00:00,3018.0
2018-09-13 03:00:00,2871.0
2018-09-13 04:00:00,2815.0
2018-09-13 05:00:00,2808.0
2018-09-13 06:00:00,2769.0
2018-09-13 07:00:00,2803.0
2018-09-13 08:00:00,2795.0
2018-09-13 09:00:00,2700.0
2018-09-13 10:00:00,2765.0
2018-09-13 11:00:00,2816.0
2018-09-13 12:00:00,2880.0
2018-09-13 13:00:00,3015.0
2018-09-13 14:00:00,3020.0
2018-09-13 15:00:00,3005.0
2018-09-13 16:00:00,3019.0
2018-09-13 17:00:00,3079.0
2018-09-13 18:00:00,3054.0
2018-09-13 19:00:00,2986.0
2018-09-13 20:00:00,2877.0
2018-09-13 21:00:00,2929.0
2018-09-13 22:00:00,2899.0
2018-09-13 23:00:00,3088.0
2018-09-14 00:00:00,3027.0
2018-09-14 01:00:00,3002.0
2018-09-14 02:00:00,2857.0
2018-09-14 03:00:00,2801.0
2018-09-14 04:00:00,2738.0
2018-09-14 05:00:00,2616.0
2018-09-14 06:00:00,2672.0
2018-09-14 07:00:00,2639.0
2018-09-14 08:00:00,2584.0
2018-09-14 09:00:00,2561.0
2018-09-14 10:00:00,2543.0
2018-09-14 11:00:00,2578.0
2018-09-14 12:00:00,2666.0
2018-09-14 13:00:00,2697.0
2018-09-14 14:00:00,2781.0
2018-09-14 15:00:00,2811.0
2018-09-14 16:00:00,2919.0
2018-09-14 17:00:00,2930.0
2018-09-14 18:00:00,2939.0
2018-09-14 19:00:00,2881.0
2018-09-14 20:00:00,2765.0
2018-09-14 21:00:00,2712.0
2018-09-14 22:00:00,2766.0
2018-09-14 23:00:00,2725.0
2018-09-15 00:00:00,2651.0
2018-09-15 01:00:00,2561.0
2018-09-15 02:00:00,2567.0
2018-09-15 03:00:00,2583.0
2018-09-15 04:00:00,2528.0
2018-09-15 05:00:00,2519.0
2018-09-15 06:00:00,2519.0
2018-09-15 07:00:00,2585.0
2018-09-15 08:00:00,2666.0
2018-09-15 09:00:00,2781.0
2018-09-15 10:00:00,2858.0
2018-09-15 11:00:00,3138.0
2018-09-15 12:00:00,3309.0
2018-09-15 13:00:00,3540.0
2018-09-15 14:00:00,3560.0
2018-09-15 15:00:00,3526.0
2018-09-15 16:00:00,3615.0
2018-09-15 17:00:00,3734.0
2018-09-15 18:00:00,3872.0
2018-09-15 19:00:00,3788.0
2018-09-15 20:00:00,3406.0
2018-09-15 21:00:00,3161.0
2018-09-15 22:00:00,3142.0
2018-09-15 23:00:00,3229.0
2018-09-16 00:00:00,3114.0
2018-09-16 01:00:00,3166.0
2018-09-16 02:00:00,3104.0
2018-09-16 03:00:00,3013.0
2018-09-16 04:00:00,2933.0
2018-09-16 05:00:00,2890.0
2018-09-16 06:00:00,2855.0
2018-09-16 07:00:00,2835.0
2018-09-16 08:00:00,2773.0
2018-09-16 09:00:00,2941.0
2018-09-16 10:00:00,3053.0
2018-09-16 11:00:00,3199.0
2018-09-16 12:00:00,3364.0
2018-09-16 13:00:00,3509.0
2018-09-16 14:00:00,3558.0
2018-09-16 15:00:00,3566.0
2018-09-16 16:00:00,3653.0
2018-09-16 17:00:00,3726.0
2018-09-16 18:00:00,3638.0
2018-09-16 19:00:00,3491.0
2018-09-16 20:00:00,3366.0
2018-09-16 21:00:00,3147.0
2018-09-16 22:00:00,3127.0
2018-09-16 23:00:00,3346.0
2018-09-17 00:00:00,3206.0
2018-09-17 01:00:00,3203.0
2018-09-17 02:00:00,3089.0
2018-09-17 03:00:00,2939.0
2018-09-17 04:00:00,2900.0
2018-09-17 05:00:00,2837.0
2018-09-17 06:00:00,2784.0
2018-09-17 07:00:00,2845.0
2018-09-17 08:00:00,2835.0
2018-09-17 09:00:00,2903.0
2018-09-17 10:00:00,2912.0
2018-09-17 11:00:00,3125.0
2018-09-17 12:00:00,3277.0
2018-09-17 13:00:00,3418.0
2018-09-17 14:00:00,3498.0
2018-09-17 15:00:00,3522.0
2018-09-17 16:00:00,3641.0
2018-09-17 17:00:00,3746.0
2018-09-17 18:00:00,3799.0
2018-09-17 19:00:00,3696.0
2018-09-17 20:00:00,3431.0
2018-09-17 21:00:00,3251.0
2018-09-17 22:00:00,3205.0
2018-09-17 23:00:00,3274.0
2018-09-18 00:00:00,3135.0
2018-09-18 01:00:00,3073.0
2018-09-18 02:00:00,2950.0
2018-09-18 03:00:00,2880.0
2018-09-18 04:00:00,2819.0
2018-09-18 05:00:00,2765.0
2018-09-18 06:00:00,2788.0
2018-09-18 07:00:00,2847.0
2018-09-18 08:00:00,2913.0
2018-09-18 09:00:00,2931.0
2018-09-18 10:00:00,3011.0
2018-09-18 11:00:00,3302.0
2018-09-18 12:00:00,3341.0
2018-09-18 13:00:00,3498.0
2018-09-18 14:00:00,3467.0
2018-09-18 15:00:00,3406.0
2018-09-18 16:00:00,3460.0
2018-09-18 17:00:00,3580.0
2018-09-18 18:00:00,3783.0
2018-09-18 19:00:00,3631.0
2018-09-18 20:00:00,3305.0
2018-09-18 21:00:00,3214.0
2018-09-18 22:00:00,3230.0
2018-09-18 23:00:00,3431.0
2018-09-19 00:00:00,3370.0
2018-09-19 01:00:00,3359.0
2018-09-19 02:00:00,3142.0
2018-09-19 03:00:00,3075.0
2018-09-19 04:00:00,2964.0
2018-09-19 05:00:00,2900.0
2018-09-19 06:00:00,2837.0
2018-09-19 07:00:00,2975.0
2018-09-19 08:00:00,2878.0
2018-09-19 09:00:00,2938.0
2018-09-19 10:00:00,3017.0
2018-09-19 11:00:00,3254.0
2018-09-19 12:00:00,3373.0
2018-09-19 13:00:00,3404.0
2018-09-19 14:00:00,3391.0
2018-09-19 15:00:00,3321.0
2018-09-19 16:00:00,3398.0
2018-09-19 17:00:00,3471.0
2018-09-19 18:00:00,3537.0
2018-09-19 19:00:00,3467.0
2018-09-19 20:00:00,3260.0
2018-09-19 21:00:00,3261.0
2018-09-19 22:00:00,3185.0
2018-09-19 23:00:00,3274.0
2018-09-20 00:00:00,3234.0
2018-09-20 01:00:00,3198.0
2018-09-20 02:00:00,3047.0
2018-09-20 03:00:00,2987.0
2018-09-20 04:00:00,2921.0
2018-09-20 05:00:00,2896.0
2018-09-20 06:00:00,2915.0
2018-09-20 07:00:00,2926.0
2018-09-20 08:00:00,2874.0
2018-09-20 09:00:00,2768.0
2018-09-20 10:00:00,2855.0
2018-09-20 11:00:00,3009.0
2018-09-20 12:00:00,2940.0
2018-09-20 13:00:00,3002.0
2018-09-20 14:00:00,2953.0
2018-09-20 15:00:00,2901.0
2018-09-20 16:00:00,2880.0
2018-09-20 17:00:00,2914.0
2018-09-20 18:00:00,2855.0
2018-09-20 19:00:00,2839.0
2018-09-20 20:00:00,2802.0
2018-09-20 21:00:00,2903.0
2018-09-20 22:00:00,2911.0
2018-09-20 23:00:00,3083.0
2018-09-21 00:00:00,3089.0
2018-09-21 01:00:00,3083.0
2018-09-21 02:00:00,2849.0
2018-09-21 03:00:00,2864.0
2018-09-21 04:00:00,2805.0
2018-09-21 05:00:00,2635.0
2018-09-21 06:00:00,2659.0
2018-09-21 07:00:00,2681.0
2018-09-21 08:00:00,2732.0
2018-09-21 09:00:00,2603.0
2018-09-21 10:00:00,2627.0
2018-09-21 11:00:00,2596.0
2018-09-21 12:00:00,2643.0
2018-09-21 13:00:00,2655.0
2018-09-21 14:00:00,2668.0
2018-09-21 15:00:00,2679.0
2018-09-21 16:00:00,2735.0
2018-09-21 17:00:00,2755.0
2018-09-21 18:00:00,2734.0
2018-09-21 19:00:00,2719.0
2018-09-21 20:00:00,2676.0
2018-09-21 21:00:00,2680.0
2018-09-21 22:00:00,2701.0
2018-09-21 23:00:00,2728.0
2018-09-22 00:00:00,2640.0
2018-09-22 01:00:00,2619.0
2018-09-22 02:00:00,2615.0
2018-09-22 03:00:00,2587.0
2018-09-22 04:00:00,2637.0
2018-09-22 05:00:00,2595.0
2018-09-22 06:00:00,2623.0
2018-09-22 07:00:00,2640.0
2018-09-22 08:00:00,2787.0
2018-09-22 09:00:00,2863.0
2018-09-22 10:00:00,3000.0
2018-09-22 11:00:00,3226.0
2018-09-22 12:00:00,3316.0
2018-09-22 13:00:00,3420.0
2018-09-22 14:00:00,3422.0
2018-09-22 15:00:00,3321.0
2018-09-22 16:00:00,3384.0
2018-09-22 17:00:00,3395.0
2018-09-22 18:00:00,3392.0
2018-09-22 19:00:00,3292.0
2018-09-22 20:00:00,3149.0
2018-09-22 21:00:00,3071.0
2018-09-22 22:00:00,3074.0
2018-09-22 23:00:00,3224.0
2018-09-23 00:00:00,3110.0
2018-09-23 01:00:00,3146.0
2018-09-23 02:00:00,2991.0
2018-09-23 03:00:00,2934.0
2018-09-23 04:00:00,2810.0
2018-09-23 05:00:00,2778.0
2018-09-23 06:00:00,2701.0
2018-09-23 07:00:00,2787.0
2018-09-23 08:00:00,2767.0
2018-09-23 09:00:00,2872.0
2018-09-23 10:00:00,3069.0
2018-09-23 11:00:00,3385.0
2018-09-23 12:00:00,3387.0
2018-09-23 13:00:00,3501.0
2018-09-23 14:00:00,3554.0
2018-09-23 15:00:00,3379.0
2018-09-23 16:00:00,3438.0
2018-09-23 17:00:00,3425.0
2018-09-23 18:00:00,3396.0
2018-09-23 19:00:00,3349.0
2018-09-23 20:00:00,3247.0
2018-09-23 21:00:00,3209.0
2018-09-23 22:00:00,3105.0
2018-09-23 23:00:00,3333.0
2018-09-24 00:00:00,3211.0
2018-09-24 01:00:00,3203.0
2018-09-24 02:00:00,2998.0
2018-09-24 03:00:00,3014.0
2018-09-24 04:00:00,2887.0
2018-09-24 05:00:00,2823.0
2018-09-24 06:00:00,2798.0
2018-09-24 07:00:00,2868.0
2018-09-24 08:00:00,2829.0
2018-09-24 09:00:00,2956.0
2018-09-24 10:00:00,3096.0
2018-09-24 11:00:00,3281.0
2018-09-24 12:00:00,3344.0
2018-09-24 13:00:00,3387.0
2018-09-24 14:00:00,3441.0
2018-09-24 15:00:00,3323.0
2018-09-24 16:00:00,3371.0
2018-09-24 17:00:00,3385.0
2018-09-24 18:00:00,3360.0
2018-09-24 19:00:00,3349.0
2018-09-24 20:00:00,3143.0
2018-09-24 21:00:00,3130.0
2018-09-24 22:00:00,3086.0
2018-09-24 23:00:00,3093.0
2018-09-25 00:00:00,2963.0
2018-09-25 01:00:00,2979.0
2018-09-25 02:00:00,2802.0
2018-09-25 03:00:00,2835.0
2018-09-25 04:00:00,2799.0
2018-09-25 05:00:00,2741.0
2018-09-25 06:00:00,2692.0
2018-09-25 07:00:00,2799.0
2018-09-25 08:00:00,2843.0
2018-09-25 09:00:00,2910.0
2018-09-25 10:00:00,3032.0
2018-09-25 11:00:00,3249.0
2018-09-25 12:00:00,3285.0
2018-09-25 13:00:00,3450.0
2018-09-25 14:00:00,3421.0
2018-09-25 15:00:00,3356.0
2018-09-25 16:00:00,3322.0
2018-09-25 17:00:00,3303.0
2018-09-25 18:00:00,3304.0
2018-09-25 19:00:00,3401.0
2018-09-25 20:00:00,3354.0
2018-09-25 21:00:00,3217.0
2018-09-25 22:00:00,3141.0
2018-09-25 23:00:00,3299.0
2018-09-26 00:00:00,3123.0
2018-09-26 01:00:00,3184.0
2018-09-26 02:00:00,3033.0
2018-09-26 03:00:00,2980.0
2018-09-26 04:00:00,2838.0
2018-09-26 05:00:00,2808.0
2018-09-26 06:00:00,2808.0
2018-09-26 07:00:00,2795.0
2018-09-26 08:00:00,2861.0
2018-09-26 09:00:00,2947.0
2018-09-26 10:00:00,3109.0
2018-09-26 11:00:00,3321.0
2018-09-26 12:00:00,3362.0
2018-09-26 13:00:00,3514.0
2018-09-26 14:00:00,3521.0
2018-09-26 15:00:00,3418.0
2018-09-26 16:00:00,3464.0
2018-09-26 17:00:00,3531.0
2018-09-26 18:00:00,3390.0
2018-09-26 19:00:00,3378.0
2018-09-26 20:00:00,3199.0
2018-09-26 21:00:00,3101.0
2018-09-26 22:00:00,3119.0
2018-09-26 23:00:00,3261.0
2018-09-27 00:00:00,3133.0
2018-09-27 01:00:00,3147.0
2018-09-27 02:00:00,2934.0
2018-09-27 03:00:00,2884.0
2018-09-27 04:00:00,2832.0
2018-09-27 05:00:00,2780.0
2018-09-27 06:00:00,2763.0
2018-09-27 07:00:00,2786.0
2018-09-27 08:00:00,2737.0
2018-09-27 09:00:00,2729.0
2018-09-27 10:00:00,2824.0
2018-09-27 11:00:00,2846.0
2018-09-27 12:00:00,2827.0
2018-09-27 13:00:00,2895.0
2018-09-27 14:00:00,2852.0
2018-09-27 15:00:00,2841.0
2018-09-27 16:00:00,2863.0
2018-09-27 17:00:00,2864.0
2018-09-27 18:00:00,2997.0
2018-09-27 19:00:00,2904.0
2018-09-27 20:00:00,2765.0
2018-09-27 21:00:00,2914.0
2018-09-27 22:00:00,3005.0
2018-09-27 23:00:00,3241.0
2018-09-28 00:00:00,3132.0
2018-09-28 01:00:00,3102.0
2018-09-28 02:00:00,2926.0
2018-09-28 03:00:00,0.0
2018-09-28 04:00:00,2832.0
2018-09-28 05:00:00,2764.0
2018-09-28 06:00:00,2783.0
2018-09-28 07:00:00,2742.0
2018-09-28 08:00:00,2712.0
2018-09-28 09:00:00,2589.0
2018-09-28 10:00:00,2540.0
2018-09-28 11:00:00,2794.0
2018-09-28 12:00:00,2661.0
2018-09-28 13:00:00,2671.0
2018-09-28 14:00:00,2581.0
2018-09-28 15:00:00,2744.0
2018-09-28 16:00:00,2809.0
2018-09-28 17:00:00,2677.0
2018-09-28 18:00:00,2720.0
2018-09-28 19:00:00,2784.0
2018-09-28 20:00:00,2609.0
2018-09-28 21:00:00,2777.0
2018-09-28 22:00:00,2665.0
2018-09-28 23:00:00,2668.0
2018-09-29 00:00:00,2655.0
2018-09-29 01:00:00,2549.0
2018-09-29 02:00:00,2467.0
2018-09-29 03:00:00,2477.0
2018-09-29 04:00:00,2510.0
2018-09-29 05:00:00,2496.0
2018-09-29 06:00:00,2491.0
2018-09-29 07:00:00,2509.0
2018-09-29 08:00:00,2567.0
2018-09-29 09:00:00,2753.0
2018-09-29 10:00:00,2970.0
2018-09-29 11:00:00,3161.0
2018-09-29 12:00:00,3425.0
2018-09-29 13:00:00,3413.0
2018-09-29 14:00:00,3328.0
2018-09-29 15:00:00,3362.0
2018-09-29 16:00:00,3406.0
2018-09-29 17:00:00,3344.0
2018-09-29 18:00:00,3471.0
2018-09-29 19:00:00,3439.0
2018-09-29 20:00:00,3275.0
2018-09-29 21:00:00,3169.0
2018-09-29 22:00:00,3145.0
2018-09-29 23:00:00,3137.0
2018-09-30 00:00:00,3057.0
2018-09-30 01:00:00,3033.0
2018-09-30 02:00:00,2904.0
2018-09-30 03:00:00,2857.0
2018-09-30 04:00:00,2774.0
2018-09-30 05:00:00,2750.0
2018-09-30 06:00:00,2676.0
2018-09-30 07:00:00,2564.0
2018-09-30 08:00:00,2589.0
2018-09-30 09:00:00,2840.0
2018-09-30 10:00:00,3176.0
2018-09-30 11:00:00,3370.0
2018-09-30 12:00:00,3408.0
2018-09-30 13:00:00,3452.0
2018-09-30 14:00:00,3427.0
2018-09-30 15:00:00,3260.0
2018-09-30 16:00:00,3407.0
2018-09-30 17:00:00,3270.0
2018-09-30 18:00:00,3340.0
2018-09-30 19:00:00,3357.0
2018-09-30 20:00:00,3155.0
2018-09-30 21:00:00,3168.0
2018-09-30 22:00:00,3065.0
2018-09-30 23:00:00,3116.0
2018-10-01 00:00:00,3084.0
2018-10-01 01:00:00,2962.0
2018-10-01 02:00:00,2854.0
2018-10-01 03:00:00,2858.0
2018-10-01 04:00:00,2806.0
2018-10-01 05:00:00,2720.0
2018-10-01 06:00:00,2633.0
2018-10-01 07:00:00,2623.0
2018-10-01 08:00:00,2525.0
2018-10-01 09:00:00,2833.0
2018-10-01 10:00:00,3143.0
2018-10-01 11:00:00,3313.0
2018-10-01 12:00:00,3446.0
2018-10-01 13:00:00,3451.0
2018-10-01 14:00:00,3505.0
2018-10-01 15:00:00,3424.0
2018-10-01 16:00:00,3468.0
2018-10-01 17:00:00,3431.0
2018-10-01 18:00:00,3477.0
2018-10-01 19:00:00,3403.0
2018-10-01 20:00:00,3282.0
2018-10-01 21:00:00,3188.0
2018-10-01 22:00:00,3227.0
2018-10-01 23:00:00,3025.0
2018-10-02 00:00:00,3055.0
2018-10-02 01:00:00,2907.0
2018-10-02 02:00:00,2729.0
2018-10-02 03:00:00,2773.0
2018-10-02 04:00:00,2719.0
2018-10-02 05:00:00,2741.0
2018-10-02 06:00:00,2662.0
2018-10-02 07:00:00,2701.0
2018-10-02 08:00:00,2716.0
2018-10-02 09:00:00,2858.0
2018-10-02 10:00:00,3185.0
2018-10-02 11:00:00,3275.0
2018-10-02 12:00:00,3391.0
2018-10-02 13:00:00,3443.0
2018-10-02 14:00:00,3315.0
2018-10-02 15:00:00,3347.0
2018-10-02 16:00:00,3453.0
2018-10-02 17:00:00,3485.0
2018-10-02 18:00:00,3469.0
2018-10-02 19:00:00,3532.0
2018-10-02 20:00:00,3344.0
2018-10-02 21:00:00,3243.0
2018-10-02 22:00:00,3269.0
2018-10-02 23:00:00,3096.0
2018-10-03 00:00:00,3163.0
2018-10-03 01:00:00,3093.0
2018-10-03 02:00:00,2946.0
2018-10-03 03:00:00,2874.0
2018-10-03 04:00:00,2802.0
2018-10-03 05:00:00,2686.0
2018-10-03 06:00:00,2631.0
2018-10-03 07:00:00,2606.0
2018-10-03 08:00:00,2557.0
2018-10-03 09:00:00,2741.0
2018-10-03 10:00:00,3081.0
2018-10-03 11:00:00,3378.0
2018-10-03 12:00:00,3488.0
2018-10-03 13:00:00,3487.0
2018-10-03 14:00:00,3487.0
2018-10-03 15:00:00,3327.0
2018-10-03 16:00:00,3390.0
2018-10-03 17:00:00,3409.0
2018-10-03 18:00:00,3417.0
2018-10-03 19:00:00,3462.0
2018-10-03 20:00:00,3311.0
2018-10-03 21:00:00,3256.0
2018-10-03 22:00:00,3128.0
2018-10-03 23:00:00,3227.0
2018-10-04 00:00:00,3265.0
2018-10-04 01:00:00,3157.0
2018-10-04 02:00:00,2955.0
2018-10-04 03:00:00,3044.0
2018-10-04 04:00:00,2973.0
2018-10-04 05:00:00,2836.0
2018-10-04 06:00:00,2832.0
2018-10-04 07:00:00,2700.0
2018-10-04 08:00:00,2747.0
2018-10-04 09:00:00,2765.0
2018-10-04 10:00:00,2951.0
2018-10-04 11:00:00,3005.0
2018-10-04 12:00:00,3056.0
2018-10-04 13:00:00,3007.0
2018-10-04 14:00:00,3113.0
2018-10-04 15:00:00,3010.0
2018-10-04 16:00:00,3076.0
2018-10-04 17:00:00,3135.0
2018-10-04 18:00:00,3140.0
2018-10-04 19:00:00,3002.0
2018-10-04 20:00:00,2985.0
2018-10-04 21:00:00,3010.0
2018-10-04 22:00:00,3030.0
2018-10-04 23:00:00,3060.0
2018-10-05 00:00:00,3109.0
2018-10-05 01:00:00,3014.0
2018-10-05 02:00:00,2921.0
2018-10-05 03:00:00,2720.0
2018-10-05 04:00:00,2826.0
2018-10-05 05:00:00,2519.0
2018-10-05 06:00:00,2592.0
2018-10-05 07:00:00,2639.0
2018-10-05 08:00:00,2572.0
2018-10-05 09:00:00,2580.0
2018-10-05 10:00:00,2686.0
2018-10-05 11:00:00,2745.0
2018-10-05 12:00:00,2798.0
2018-10-05 13:00:00,2721.0
2018-10-05 14:00:00,2747.0
2018-10-05 15:00:00,2680.0
2018-10-05 16:00:00,2953.0
2018-10-05 17:00:00,2803.0
2018-10-05 18:00:00,2931.0
2018-10-05 19:00:00,2847.0
2018-10-05 20:00:00,2831.0
2018-10-05 21:00:00,2884.0
2018-10-05 22:00:00,2856.0
2018-10-05 23:00:00,2696.0
2018-10-06 00:00:00,2716.0
2018-10-06 01:00:00,2554.0
2018-10-06 02:00:00,2596.0
2018-10-06 03:00:00,2453.0
2018-10-06 04:00:00,2560.0
2018-10-06 05:00:00,2505.0
2018-10-06 06:00:00,2485.0
2018-10-06 07:00:00,2495.0
2018-10-06 08:00:00,2555.0
2018-10-06 09:00:00,2766.0
2018-10-06 10:00:00,3100.0
2018-10-06 11:00:00,3304.0
2018-10-06 12:00:00,3409.0
2018-10-06 13:00:00,3506.0
2018-10-06 14:00:00,3633.0
2018-10-06 15:00:00,3564.0
2018-10-06 16:00:00,3677.0
2018-10-06 17:00:00,3819.0
2018-10-06 18:00:00,3991.0
2018-10-06 19:00:00,4029.0
2018-10-06 20:00:00,3796.0
2018-10-06 21:00:00,3621.0
2018-10-06 22:00:00,3511.0
2018-10-06 23:00:00,3475.0
2018-10-07 00:00:00,3368.0
2018-10-07 01:00:00,3156.0
2018-10-07 02:00:00,3018.0
2018-10-07 03:00:00,2925.0
2018-10-07 04:00:00,2933.0
2018-10-07 05:00:00,2902.0
2018-10-07 06:00:00,2736.0
2018-10-07 07:00:00,2733.0
2018-10-07 08:00:00,2659.0
2018-10-07 09:00:00,2792.0
2018-10-07 10:00:00,3099.0
2018-10-07 11:00:00,3352.0
2018-10-07 12:00:00,3479.0
2018-10-07 13:00:00,3549.0
2018-10-07 14:00:00,3646.0
2018-10-07 15:00:00,3708.0
2018-10-07 16:00:00,3855.0
2018-10-07 17:00:00,4105.0
2018-10-07 18:00:00,4185.0
2018-10-07 19:00:00,4210.0
2018-10-07 20:00:00,4023.0
2018-10-07 21:00:00,3779.0
2018-10-07 22:00:00,3673.0
2018-10-07 23:00:00,3622.0
2018-10-08 00:00:00,3528.0
2018-10-08 01:00:00,3289.0
2018-10-08 02:00:00,3202.0
2018-10-08 03:00:00,3117.0
2018-10-08 04:00:00,3047.0
2018-10-08 05:00:00,2902.0
2018-10-08 06:00:00,2820.0
2018-10-08 07:00:00,2773.0
2018-10-08 08:00:00,2767.0
2018-10-08 09:00:00,2835.0
2018-10-08 10:00:00,3203.0
2018-10-08 11:00:00,3481.0
2018-10-08 12:00:00,3461.0
2018-10-08 13:00:00,3563.0
2018-10-08 14:00:00,3547.0
2018-10-08 15:00:00,3509.0
2018-10-08 16:00:00,3731.0
2018-10-08 17:00:00,3750.0
2018-10-08 18:00:00,3952.0
2018-10-08 19:00:00,3948.0
2018-10-08 20:00:00,3821.0
2018-10-08 21:00:00,3734.0
2018-10-08 22:00:00,3506.0
2018-10-08 23:00:00,3269.0
2018-10-09 00:00:00,3276.0
2018-10-09 01:00:00,3046.0
2018-10-09 02:00:00,2936.0
2018-10-09 03:00:00,2967.0
2018-10-09 04:00:00,2993.0
2018-10-09 05:00:00,2918.0
2018-10-09 06:00:00,2796.0
2018-10-09 07:00:00,2810.0
2018-10-09 08:00:00,2724.0
2018-10-09 09:00:00,2959.0
2018-10-09 10:00:00,3157.0
2018-10-09 11:00:00,3303.0
2018-10-09 12:00:00,3460.0
2018-10-09 13:00:00,3673.0
2018-10-09 14:00:00,3738.0
2018-10-09 15:00:00,3664.0
2018-10-09 16:00:00,3877.0
2018-10-09 17:00:00,4206.0
2018-10-09 18:00:00,4221.0
2018-10-09 19:00:00,4120.0
2018-10-09 20:00:00,3765.0
2018-10-09 21:00:00,3519.0
2018-10-09 22:00:00,3448.0
2018-10-09 23:00:00,3335.0
2018-10-10 00:00:00,3412.0
2018-10-10 01:00:00,3280.0
2018-10-10 02:00:00,3079.0
2018-10-10 03:00:00,3054.0
2018-10-10 04:00:00,2956.0
2018-10-10 05:00:00,2914.0
2018-10-10 06:00:00,2764.0
2018-10-10 07:00:00,2746.0
2018-10-10 08:00:00,2718.0
2018-10-10 09:00:00,2776.0
2018-10-10 10:00:00,3007.0
2018-10-10 11:00:00,3335.0
2018-10-10 12:00:00,3388.0
2018-10-10 13:00:00,3520.0
2018-10-10 14:00:00,3614.0
2018-10-10 15:00:00,3546.0
2018-10-10 16:00:00,3670.0
2018-10-10 17:00:00,3641.0
2018-10-10 18:00:00,3809.0
2018-10-10 19:00:00,3917.0
2018-10-10 20:00:00,3789.0
2018-10-10 21:00:00,3573.0
2018-10-10 22:00:00,3441.0
2018-10-10 23:00:00,3246.0
2018-10-11 00:00:00,3178.0
2018-10-11 01:00:00,2992.0
2018-10-11 02:00:00,2945.0
2018-10-11 03:00:00,2854.0
2018-10-11 04:00:00,2899.0
2018-10-11 05:00:00,2823.0
2018-10-11 06:00:00,2739.0
2018-10-11 07:00:00,2727.0
2018-10-11 08:00:00,2714.0
2018-10-11 09:00:00,2727.0
2018-10-11 10:00:00,2898.0
2018-10-11 11:00:00,2843.0
2018-10-11 12:00:00,2939.0
2018-10-11 13:00:00,2939.0
2018-10-11 14:00:00,2936.0
2018-10-11 15:00:00,3001.0
2018-10-11 16:00:00,3031.0
2018-10-11 17:00:00,3114.0
2018-10-11 18:00:00,3375.0
2018-10-11 19:00:00,3495.0
2018-10-11 20:00:00,3411.0
2018-10-11 21:00:00,3256.0
2018-10-11 22:00:00,3098.0
2018-10-11 23:00:00,2962.0
2018-10-12 00:00:00,2893.0
2018-10-12 01:00:00,2823.0
2018-10-12 02:00:00,2792.0
2018-10-12 03:00:00,2674.0
2018-10-12 04:00:00,2781.0
2018-10-12 05:00:00,2593.0
2018-10-12 06:00:00,2616.0
2018-10-12 07:00:00,2614.0
2018-10-12 08:00:00,2612.0
2018-10-12 09:00:00,2517.0
2018-10-12 10:00:00,2665.0
2018-10-12 11:00:00,2693.0
2018-10-12 12:00:00,2650.0
2018-10-12 13:00:00,2704.0
2018-10-12 14:00:00,2742.0
2018-10-12 15:00:00,2804.0
2018-10-12 16:00:00,3007.0
2018-10-12 17:00:00,2940.0
2018-10-12 18:00:00,3005.0
2018-10-12 19:00:00,3019.0
2018-10-12 20:00:00,2930.0
2018-10-12 21:00:00,2936.0
2018-10-12 22:00:00,2858.0
2018-10-12 23:00:00,2786.0
2018-10-13 00:00:00,2820.0
2018-10-13 01:00:00,2629.0
2018-10-13 02:00:00,2625.0
2018-10-13 03:00:00,2543.0
2018-10-13 04:00:00,2631.0
2018-10-13 05:00:00,2585.0
2018-10-13 06:00:00,2607.0
2018-10-13 07:00:00,2660.0
2018-10-13 08:00:00,2791.0
2018-10-13 09:00:00,2948.0
2018-10-13 10:00:00,3211.0
2018-10-13 11:00:00,3425.0
2018-10-13 12:00:00,3361.0
2018-10-13 13:00:00,3374.0
2018-10-13 14:00:00,3583.0
2018-10-13 15:00:00,3493.0
2018-10-13 16:00:00,3598.0
2018-10-13 17:00:00,3864.0
2018-10-13 18:00:00,3973.0
2018-10-13 19:00:00,4114.0
2018-10-13 20:00:00,3895.0
2018-10-13 21:00:00,3579.0
2018-10-13 22:00:00,3519.0
2018-10-13 23:00:00,3299.0
2018-10-14 00:00:00,3155.0
2018-10-14 01:00:00,3073.0
2018-10-14 02:00:00,2976.0
2018-10-14 03:00:00,2913.0
2018-10-14 04:00:00,2842.0
2018-10-14 05:00:00,2785.0
2018-10-14 06:00:00,2730.0
2018-10-14 07:00:00,2797.0
2018-10-14 08:00:00,2635.0
2018-10-14 09:00:00,2823.0
2018-10-14 10:00:00,3079.0
2018-10-14 11:00:00,3251.0
2018-10-14 12:00:00,3285.0
2018-10-14 13:00:00,3619.0
2018-10-14 14:00:00,3664.0
2018-10-14 15:00:00,3771.0
2018-10-14 16:00:00,3792.0
2018-10-14 17:00:00,3752.0
2018-10-14 18:00:00,3859.0
2018-10-14 19:00:00,3998.0
2018-10-14 20:00:00,3797.0
2018-10-14 21:00:00,3656.0
2018-10-14 22:00:00,3565.0
2018-10-14 23:00:00,3127.0
2018-10-15 00:00:00,3199.0
2018-10-15 01:00:00,3039.0
2018-10-15 02:00:00,2811.0
2018-10-15 03:00:00,2876.0
2018-10-15 04:00:00,2765.0
2018-10-15 05:00:00,2759.0
2018-10-15 06:00:00,2673.0
2018-10-15 07:00:00,2750.0
2018-10-15 08:00:00,2566.0
2018-10-15 09:00:00,2867.0
2018-10-15 10:00:00,3173.0
2018-10-15 11:00:00,3233.0
2018-10-15 12:00:00,3391.0
2018-10-15 13:00:00,3471.0
2018-10-15 14:00:00,3582.0
2018-10-15 15:00:00,3577.0
2018-10-15 16:00:00,3729.0
2018-10-15 17:00:00,3994.0
2018-10-15 18:00:00,4188.0
2018-10-15 19:00:00,4077.0
2018-10-15 20:00:00,3629.0
2018-10-15 21:00:00,3451.0
2018-10-15 22:00:00,3457.0
2018-10-15 23:00:00,3238.0
2018-10-16 00:00:00,3164.0
2018-10-16 01:00:00,3114.0
2018-10-16 02:00:00,3018.0
2018-10-16 03:00:00,2873.0
2018-10-16 04:00:00,2892.0
2018-10-16 05:00:00,2803.0
2018-10-16 06:00:00,2722.0
2018-10-16 07:00:00,2660.0
2018-10-16 08:00:00,2673.0
2018-10-16 09:00:00,2902.0
2018-10-16 10:00:00,3187.0
2018-10-16 11:00:00,3299.0
2018-10-16 12:00:00,3442.0
2018-10-16 13:00:00,3642.0
2018-10-16 14:00:00,3708.0
2018-10-16 15:00:00,3774.0
2018-10-16 16:00:00,4226.0
2018-10-16 17:00:00,4317.0
2018-10-16 18:00:00,4553.0
2018-10-16 19:00:00,4856.0
2018-10-16 20:00:00,4413.0
2018-10-16 21:00:00,4144.0
2018-10-16 22:00:00,3739.0
2018-10-16 23:00:00,3403.0
2018-10-17 00:00:00,3239.0
2018-10-17 01:00:00,3143.0
2018-10-17 02:00:00,3097.0
2018-10-17 03:00:00,3028.0
2018-10-17 04:00:00,2931.0
2018-10-17 05:00:00,2880.0
2018-10-17 06:00:00,2868.0
2018-10-17 07:00:00,2876.0
2018-10-17 08:00:00,2844.0
2018-10-17 09:00:00,2955.0
2018-10-17 10:00:00,3101.0
2018-10-17 11:00:00,3155.0
2018-10-17 12:00:00,3265.0
2018-10-17 13:00:00,3296.0
2018-10-17 14:00:00,3168.0
2018-10-17 15:00:00,3153.0
2018-10-17 16:00:00,3335.49134957547
2018-10-17 17:00:00,3376.0797918224907
2018-10-17 18:00:00,3425.258463966858
2018-10-17 19:00:00,3450.1850359921796
2018-10-17 20:00:00,3397.4609721923935
2018-10-17 21:00:00,3290.1817923433173
2018-10-17 22:00:00,3221.229176784803
2018-10-17 23:00:00,3251.4141941179273
2018-10-18 00:00:00,3274.840557932037
2018-10-18 01:00:00,3237.5606993844153
2018-10-18 02:00:00,3129.9306521379217
2018-10-18 03:00:00,3005.252295172206
2018-10-18 04:00:00,2915.303238466704
2018-10-18 05:00:00,2845.7092325394137
2018-10-18 06:00:00,2780.8302404101187
2018-10-18 07:00:00,2741.4737834466723
2018-10-18 08:00:00,2752.4796698796094
2018-10-18 09:00:00,2826.1149056177064
2018-10-18 10:00:00,2970.108032291591
2018-10-18 11:00:00,3161.6802390644116
2018-10-18 12:00:00,3300.2461959902557
2018-10-18 13:00:00,3381.7663521084683
2018-10-18 14:00:00,3409.654714718456
2018-10-18 15:00:00,3411.638648795425
2018-10-18 16:00:00,3426.8469182746976
2018-10-18 17:00:00,3472.6009736056503
2018-10-18 18:00:00,3534.728662011726
2018-10-18 19:00:00,3518.120059526237
2018-10-18 20:00:00,3417.8617409265626
2018-10-18 21:00:00,3317.6111409428286
2018-10-18 22:00:00,3272.5986705766513
2018-10-18 23:00:00,3291.887803014578
2018-10-19 00:00:00,3292.8627481504273
2018-10-19 01:00:00,3254.8749512519225
2018-10-19 02:00:00,2951.1121622170995
2018-10-19 03:00:00,2874.8257026986016
2018-10-19 04:00:00,2757.3087144557076
2018-10-19 05:00:00,2663.5325837026417
2018-10-19 06:00:00,2598.2636397254482
2018-10-19 07:00:00,2562.3044711707535
2018-10-19 08:00:00,2561.4733993981404
2018-10-19 09:00:00,2582.928285384455
2018-10-19 10:00:00,2628.104488682736
2018-10-19 11:00:00,2679.2119631029955
2018-10-19 12:00:00,2700.861759497156
2018-10-19 13:00:00,2694.757198281479
2018-10-19 14:00:00,2682.3885113801052
2018-10-19 15:00:00,2680.4373763024396
2018-10-19 16:00:00,2679.6917375287617
2018-10-19 17:00:00,2680.766037835535
2018-10-19 18:00:00,2714.0
2018-10-19 19:00:00,2613.0
2018-10-19 20:00:00,2603.0
2018-10-19 21:00:00,2659.0
2018-10-19 22:00:00,2590.0
2018-10-19 23:00:00,2501.0
2018-10-20 00:00:00,2605.0
2018-10-20 01:00:00,2424.0
2018-10-20 02:00:00,2491.0
2018-10-20 03:00:00,2499.0
2018-10-20 04:00:00,2464.0
2018-10-20 05:00:00,2432.0
2018-10-20 06:00:00,2439.0
2018-10-20 07:00:00,2439.0
2018-10-20 08:00:00,2665.0
2018-10-20 09:00:00,2701.0
2018-10-20 10:00:00,3002.0
2018-10-20 11:00:00,3047.0
2018-10-20 12:00:00,3180.0
2018-10-20 13:00:00,3376.0
2018-10-20 14:00:00,3326.0
2018-10-20 15:00:00,3404.0
2018-10-20 16:00:00,3389.0
2018-10-20 17:00:00,3283.0
2018-10-20 18:00:00,3399.0
2018-10-20 19:00:00,3764.0
2018-10-20 20:00:00,3571.0
2018-10-20 21:00:00,3429.0
2018-10-20 22:00:00,3169.0
2018-10-20 23:00:00,2922.0
2018-10-21 00:00:00,2913.0
2018-10-21 01:00:00,2742.0
2018-10-21 02:00:00,2664.0
2018-10-21 03:00:00,2594.0
2018-10-21 04:00:00,2607.0
2018-10-21 05:00:00,2510.0
2018-10-21 06:00:00,2501.0
2018-10-21 07:00:00,2406.0
2018-10-21 08:00:00,2547.0
2018-10-21 09:00:00,2558.0
2018-10-21 10:00:00,2986.0
2018-10-21 11:00:00,3137.0
2018-10-21 12:00:00,3235.0
2018-10-21 13:00:00,3313.0
2018-10-21 14:00:00,3326.0
2018-10-21 15:00:00,3220.0
2018-10-21 16:00:00,3384.0
2018-10-21 17:00:00,3685.0
2018-10-21 18:00:00,3604.0
2018-10-21 19:00:00,3700.0
2018-10-21 20:00:00,3426.0
2018-10-21 21:00:00,3340.0
2018-10-21 22:00:00,3289.0
2018-10-21 23:00:00,3058.0
2018-10-22 00:00:00,2919.0
2018-10-22 01:00:00,2771.0
2018-10-22 02:00:00,2731.0
2018-10-22 03:00:00,2582.0
2018-10-22 04:00:00,2613.0
2018-10-22 05:00:00,2607.0
2018-10-22 06:00:00,2550.0
2018-10-22 07:00:00,2643.0
2018-10-22 08:00:00,2639.0
2018-10-22 09:00:00,2693.0
2018-10-22 10:00:00,3124.0
2018-10-22 11:00:00,3194.0
2018-10-22 12:00:00,3276.0
2018-10-22 13:00:00,3296.0
2018-10-22 14:00:00,3287.0
2018-10-22 15:00:00,3253.0
2018-10-22 16:00:00,3347.0
2018-10-22 17:00:00,3493.0
2018-10-22 18:00:00,3500.0
2018-10-22 19:00:00,3475.0
2018-10-22 20:00:00,3396.0
2018-10-22 21:00:00,3262.0
2018-10-22 22:00:00,3056.0
2018-10-22 23:00:00,2969.0
2018-10-23 00:00:00,2900.0
2018-10-23 01:00:00,2661.0
2018-10-23 02:00:00,2651.0
2018-10-23 03:00:00,2532.0
2018-10-23 04:00:00,2578.0
2018-10-23 05:00:00,2558.0
2018-10-23 06:00:00,2518.0
2018-10-23 07:00:00,2507.0
2018-10-23 08:00:00,2670.0
2018-10-23 09:00:00,2692.0
2018-10-23 10:00:00,3128.0
2018-10-23 11:00:00,3258.0
2018-10-23 12:00:00,3341.0
2018-10-23 13:00:00,3470.0
2018-10-23 14:00:00,3495.0
2018-10-23 15:00:00,3315.0
2018-10-23 16:00:00,3267.0
2018-10-23 17:00:00,3448.0
2018-10-23 18:00:00,3431.0
2018-10-23 19:00:00,3679.0
2018-10-23 20:00:00,3653.0
2018-10-23 21:00:00,3508.0
2018-10-23 22:00:00,3203.0
2018-10-23 23:00:00,3058.0
2018-10-24 00:00:00,3040.0
2018-10-24 01:00:00,2719.0
2018-10-24 02:00:00,2654.0
2018-10-24 03:00:00,2584.0
2018-10-24 04:00:00,2629.0
2018-10-24 05:00:00,2627.0
2018-10-24 06:00:00,2592.0
2018-10-24 07:00:00,2640.0
2018-10-24 08:00:00,2618.0
2018-10-24 09:00:00,2615.0
2018-10-24 10:00:00,2967.0
2018-10-24 11:00:00,3064.0
2018-10-24 12:00:00,3005.0
2018-10-24 13:00:00,3091.0
2018-10-24 14:00:00,3066.0
2018-10-24 15:00:00,3049.0
2018-10-24 16:00:00,3209.0
2018-10-24 17:00:00,3316.0
2018-10-24 18:00:00,3514.0
2018-10-24 19:00:00,3544.0
2018-10-24 20:00:00,3233.0
2018-10-24 21:00:00,3202.0
2018-10-24 22:00:00,3047.0
2018-10-24 23:00:00,2816.0
2018-10-25 00:00:00,2971.0
2018-10-25 01:00:00,2787.0
2018-10-25 02:00:00,2796.0
2018-10-25 03:00:00,2643.0
2018-10-25 04:00:00,2654.0
2018-10-25 05:00:00,2622.0
2018-10-25 06:00:00,2703.0
2018-10-25 07:00:00,2771.0
2018-10-25 08:00:00,2678.0
2018-10-25 09:00:00,2607.0
2018-10-25 10:00:00,2891.0
2018-10-25 11:00:00,2947.0
2018-10-25 12:00:00,2976.0
2018-10-25 13:00:00,3107.0
2018-10-25 14:00:00,3043.0
2018-10-25 15:00:00,2831.0
2018-10-25 16:00:00,2916.0
2018-10-25 17:00:00,2946.0
2018-10-25 18:00:00,3128.0
2018-10-25 19:00:00,2977.0
2018-10-25 20:00:00,3114.0
2018-10-25 21:00:00,2963.0
2018-10-25 22:00:00,2810.0
2018-10-25 23:00:00,2664.0
2018-10-26 00:00:00,2587.0
2018-10-26 01:00:00,2504.0
2018-10-26 02:00:00,2501.0
2018-10-26 03:00:00,2365.0
2018-10-26 04:00:00,2461.0
2018-10-26 05:00:00,2271.0
2018-10-26 06:00:00,2339.0
2018-10-26 07:00:00,2324.0
2018-10-26 08:00:00,2331.0
2018-10-26 09:00:00,2183.0
2018-10-26 10:00:00,2498.0
2018-10-26 11:00:00,2449.0
2018-10-26 12:00:00,2538.0
2018-10-26 13:00:00,2669.0
2018-10-26 14:00:00,2689.0
2018-10-26 15:00:00,2634.0
2018-10-26 16:00:00,2789.0
2018-10-26 17:00:00,2727.0
2018-10-26 18:00:00,2780.0
2018-10-26 19:00:00,2715.0
2018-10-26 20:00:00,2743.0
2018-10-26 21:00:00,2660.0
2018-10-26 22:00:00,2592.0
2018-10-26 23:00:00,2434.0
2018-10-27 00:00:00,2557.0
2018-10-27 01:00:00,2338.0
2018-10-27 02:00:00,2372.0
2018-10-27 03:00:00,2179.0
2018-10-27 04:00:00,2285.0
2018-10-27 05:00:00,2267.0
2018-10-27 06:00:00,2254.0
2018-10-27 07:00:00,2262.0
2018-10-27 08:00:00,2440.0
2018-10-27 09:00:00,2408.0
2018-10-27 10:00:00,2946.0
2018-10-27 11:00:00,3089.0
2018-10-27 12:00:00,3165.0
2018-10-27 13:00:00,3291.0
2018-10-27 14:00:00,3454.0
2018-10-27 15:00:00,3387.0
2018-10-27 16:00:00,3492.0
2018-10-27 17:00:00,3777.0
2018-10-27 18:00:00,3997.0
2018-10-27 19:00:00,4053.0
2018-10-27 20:00:00,3820.0
2018-10-27 21:00:00,3491.0
2018-10-27 22:00:00,3209.0
2018-10-27 23:00:00,2967.0
2018-10-28 00:00:00,2925.0
2018-10-28 01:00:00,2598.0
2018-10-28 02:00:00,3053.46650475728
2018-10-28 03:00:00,2909.6619252396913
2018-10-28 04:00:00,2805.299522317436
2018-10-28 05:00:00,2724.718760659424
2018-10-28 06:00:00,2660.2447235657237
2018-10-28 07:00:00,2634.0345477568003
2018-10-28 08:00:00,2667.30424750569
2018-10-28 09:00:00,2771.023478840106
2018-10-28 10:00:00,2968.1824648733077
2018-10-28 11:00:00,3226.3587601065783
2018-10-28 12:00:00,3392.0175012188565
2018-10-28 13:00:00,3459.0815536732835
2018-10-28 14:00:00,3461.6391098994936
2018-10-28 15:00:00,3415.2951803308806
2018-10-28 16:00:00,3423.8788217650713
2018-10-28 17:00:00,3484.030581343072
2018-10-28 18:00:00,3582.901481798428
2018-10-28 19:00:00,3588.7267888125452
2018-10-28 20:00:00,3482.113743945577
2018-10-28 21:00:00,3359.796951782518
2018-10-28 22:00:00,3297.608963992704
2018-10-28 23:00:00,3322.1148366438138
2018-10-29 00:00:00,3320.9522656718736
2018-10-29 01:00:00,3272.102087175587
2018-10-29 02:00:00,3146.4928446536096
2018-10-29 03:00:00,3046.6498244443665
2018-10-29 04:00:00,2888.392171382778
2018-10-29 05:00:00,2785.6663607253927
2018-10-29 06:00:00,2702.242740684308
2018-10-29 07:00:00,2660.619508435667
2018-10-29 08:00:00,2660.6007053139692
2018-10-29 09:00:00,2720.2910185961514
2018-10-29 10:00:00,2843.6611827656793
2018-10-29 11:00:00,3011.759796803296
2018-10-29 12:00:00,3118.9162240429937
2018-10-29 13:00:00,3165.2168392776953
2018-10-29 14:00:00,3182.2910196682783
2018-10-29 15:00:00,3174.462930413173
2018-10-29 16:00:00,3184.826320893088
2018-10-29 17:00:00,3221.680906223524
2018-10-29 18:00:00,3258.485789399959
2018-10-29 19:00:00,3247.805284600187
2018-10-29 20:00:00,3166.242653573139
2018-10-29 21:00:00,3086.152619814443
2018-10-29 22:00:00,3029.0729676550955
2018-10-29 23:00:00,3007.6552620575044
2018-10-30 00:00:00,2947.52076597277
2018-10-30 01:00:00,2853.6349121254048
2018-10-30 02:00:00,2770.159599878676
2018-10-30 03:00:00,2706.5679828036896
2018-10-30 04:00:00,2616.0
2018-10-30 05:00:00,2570.0
2018-10-30 06:00:00,2554.0
2018-10-30 07:00:00,2565.0
2018-10-30 08:00:00,2657.0
2018-10-30 09:00:00,2711.0
2018-10-30 10:00:00,3016.0
2018-10-30 11:00:00,3114.0
2018-10-30 12:00:00,3162.0
2018-10-30 13:00:00,3329.0
2018-10-30 14:00:00,3489.0
2018-10-30 15:00:00,3411.0
2018-10-30 16:00:00,3537.0
2018-10-30 17:00:00,3681.0
2018-10-30 18:00:00,3783.0
2018-10-30 19:00:00,3914.0
2018-10-30 20:00:00,3782.0
2018-10-30 21:00:00,3553.0
2018-10-30 22:00:00,3200.0
2018-10-30 23:00:00,3001.0
2018-10-31 00:00:00,2981.0
2018-10-31 01:00:00,2734.0
2018-10-31 02:00:00,2736.0
2018-10-31 03:00:00,2665.0
2018-10-31 04:00:00,2723.0
2018-10-31 05:00:00,2657.0
2018-10-31 06:00:00,2616.0
2018-10-31 07:00:00,2597.0
2018-10-31 08:00:00,2642.0
2018-10-31 09:00:00,2682.0
2018-10-31 10:00:00,3101.0
2018-10-31 11:00:00,3368.0
2018-10-31 12:00:00,3479.0
2018-10-31 13:00:00,4232.0
2018-10-31 14:00:00,4159.0
2018-10-31 15:00:00,4117.0
2018-10-31 16:00:00,4227.0
2018-10-31 17:00:00,4512.0
2018-10-31 18:00:00,4561.0
2018-10-31 19:00:00,4617.0
2018-10-31 20:00:00,4344.0
2018-10-31 21:00:00,4026.0
2018-10-31 22:00:00,3786.0
2018-10-31 23:00:00,3546.0
2018-11-01 00:00:00,3308.0
2018-11-01 01:00:00,2992.0
2018-11-01 02:00:00,2904.0
2018-11-01 03:00:00,2850.0
2018-11-01 04:00:00,2821.0
2018-11-01 05:00:00,2771.0
2018-11-01 06:00:00,2747.0
2018-11-01 07:00:00,2697.0
2018-11-01 08:00:00,2752.0
2018-11-01 09:00:00,2674.0
2018-11-01 10:00:00,2968.0
2018-11-01 11:00:00,3138.0
2018-11-01 12:00:00,3089.0
2018-11-01 13:00:00,3185.0
2018-11-01 14:00:00,3443.0
2018-11-01 15:00:00,3325.0
2018-11-01 16:00:00,3429.0
2018-11-01 17:00:00,3496.0
2018-11-01 18:00:00,3791.0
2018-11-01 19:00:00,3750.0
2018-11-01 20:00:00,3637.0
2018-11-01 21:00:00,3519.0
2018-11-01 22:00:00,3264.0
2018-11-01 23:00:00,3011.0
2018-11-02 00:00:00,2987.0
2018-11-02 01:00:00,2809.0
2018-11-02 02:00:00,2796.0
2018-11-02 03:00:00,2609.0
2018-11-02 04:00:00,2711.0
2018-11-02 05:00:00,2508.0
2018-11-02 06:00:00,2444.0
2018-11-02 07:00:00,2465.0
2018-11-02 08:00:00,2571.0
2018-11-02 09:00:00,2433.0
2018-11-02 10:00:00,2738.0
2018-11-02 11:00:00,2733.0
2018-11-02 12:00:00,2869.0
2018-11-02 13:00:00,2924.0
2018-11-02 14:00:00,3040.0
2018-11-02 15:00:00,3097.0
2018-11-02 16:00:00,3211.0
2018-11-02 17:00:00,3222.0
2018-11-02 18:00:00,3258.0
2018-11-02 19:00:00,3218.0
2018-11-02 20:00:00,3166.0
2018-11-02 21:00:00,3032.0
2018-11-02 22:00:00,2943.0
2018-11-02 23:00:00,2799.0
2018-11-03 00:00:00,2729.0
2018-11-03 01:00:00,2637.0
2018-11-03 02:00:00,2612.0
2018-11-03 03:00:00,2518.0
2018-11-03 04:00:00,2554.0
2018-11-03 05:00:00,2453.0
2018-11-03 06:00:00,2482.0
2018-11-03 07:00:00,2414.0
2018-11-03 08:00:00,2521.0
2018-11-03 09:00:00,2564.0
2018-11-03 10:00:00,2986.0
2018-11-03 11:00:00,3283.0
2018-11-03 12:00:00,3365.0
2018-11-03 13:00:00,3532.0
2018-11-03 14:00:00,3707.0
2018-11-03 15:00:00,3730.0
2018-11-03 16:00:00,4042.0
2018-11-03 17:00:00,4416.0
2018-11-03 18:00:00,4521.0
2018-11-03 19:00:00,4457.0
2018-11-03 20:00:00,4239.0
2018-11-03 21:00:00,3905.0
2018-11-03 22:00:00,3444.0
2018-11-03 23:00:00,3151.0
2018-11-04 00:00:00,3076.0
2018-11-04 01:00:00,2772.0
2018-11-04 02:00:00,2751.0
2018-11-04 03:00:00,2609.0
2018-11-04 04:00:00,2652.0
2018-11-04 05:00:00,2566.0
2018-11-04 06:00:00,2508.0
2018-11-04 07:00:00,2453.0
2018-11-04 08:00:00,2521.0
2018-11-04 09:00:00,2581.0
2018-11-04 10:00:00,2949.0
2018-11-04 11:00:00,3207.0
2018-11-04 12:00:00,3354.0
2018-11-04 13:00:00,3492.0
2018-11-04 14:00:00,3627.0
2018-11-04 15:00:00,3524.0
2018-11-04 16:00:00,3740.0
2018-11-04 17:00:00,3850.0
2018-11-04 18:00:00,3978.0
2018-11-04 19:00:00,4103.0
2018-11-04 20:00:00,4048.0
2018-11-04 21:00:00,3836.0
2018-11-04 22:00:00,3411.0
2018-11-04 23:00:00,3206.0
2018-11-05 00:00:00,3039.0
2018-11-05 01:00:00,2820.0
2018-11-05 02:00:00,2861.0
2018-11-05 03:00:00,2698.0
2018-11-05 04:00:00,2720.0
2018-11-05 05:00:00,2629.0
2018-11-05 06:00:00,2558.0
2018-11-05 07:00:00,2552.0
2018-11-05 08:00:00,2545.0
2018-11-05 09:00:00,2543.0
2018-11-05 10:00:00,2893.0
2018-11-05 11:00:00,3150.0
2018-11-05 12:00:00,3327.0
2018-11-05 13:00:00,3467.0
2018-11-05 14:00:00,3633.0
2018-11-05 15:00:00,3626.0
2018-11-05 16:00:00,3821.0
2018-11-05 17:00:00,4158.0
2018-11-05 18:00:00,4180.0
2018-11-05 19:00:00,4236.0
2018-11-05 20:00:00,4130.0
2018-11-05 21:00:00,3879.0
2018-11-05 22:00:00,3403.0
2018-11-05 23:00:00,3039.0
2018-11-06 00:00:00,3026.0
2018-11-06 01:00:00,2779.0
2018-11-06 02:00:00,2659.0
2018-11-06 03:00:00,2632.0
2018-11-06 04:00:00,2583.0
2018-11-06 05:00:00,2487.0
2018-11-06 06:00:00,2490.0
2018-11-06 07:00:00,2425.0
2018-11-06 08:00:00,2582.0
2018-11-06 09:00:00,2693.0
2018-11-06 10:00:00,3097.0
2018-11-06 11:00:00,3370.0
2018-11-06 12:00:00,3468.0
2018-11-06 13:00:00,3605.0
2018-11-06 14:00:00,4017.0
2018-11-06 15:00:00,3873.0
2018-11-06 16:00:00,3913.0
2018-11-06 17:00:00,4056.0
2018-11-06 18:00:00,4070.0
2018-11-06 19:00:00,3953.0
2018-11-06 20:00:00,3954.0
2018-11-06 21:00:00,3892.0
2018-11-06 22:00:00,3484.0
2018-11-06 23:00:00,3263.0
2018-11-07 00:00:00,3172.0
2018-11-07 01:00:00,2964.0
2018-11-07 02:00:00,2762.0
2018-11-07 03:00:00,2822.0
2018-11-07 04:00:00,2678.0
2018-11-07 05:00:00,2681.0
2018-11-07 06:00:00,2714.0
2018-11-07 07:00:00,2608.0
2018-11-07 08:00:00,2643.0
2018-11-07 09:00:00,2729.0
2018-11-07 10:00:00,3082.0
2018-11-07 11:00:00,3268.0
2018-11-07 12:00:00,3524.0
2018-11-07 13:00:00,3754.0
2018-11-07 14:00:00,4021.0
2018-11-07 15:00:00,4032.0
2018-11-07 16:00:00,4043.0
2018-11-07 17:00:00,4342.0
2018-11-07 18:00:00,4633.0
2018-11-07 19:00:00,4511.0
2018-11-07 20:00:00,4238.0
2018-11-07 21:00:00,4053.0
2018-11-07 22:00:00,3615.0
2018-11-07 23:00:00,3449.0
2018-11-08 00:00:00,3442.0
2018-11-08 01:00:00,3210.0
2018-11-08 02:00:00,3212.0
2018-11-08 03:00:00,3130.0
2018-11-08 04:00:00,3045.0
2018-11-08 05:00:00,2909.0
2018-11-08 06:00:00,2809.0
2018-11-08 07:00:00,2726.0
2018-11-08 08:00:00,2684.0
2018-11-08 09:00:00,2663.0
2018-11-08 10:00:00,2857.0
2018-11-08 11:00:00,3089.0
2018-11-08 12:00:00,3244.0
2018-11-08 13:00:00,3283.0
2018-11-08 14:00:00,3559.0
2018-11-08 15:00:00,3501.0
2018-11-08 16:00:00,3624.0
2018-11-08 17:00:00,3817.0
2018-11-08 18:00:00,4023.0
2018-11-08 19:00:00,3875.0
2018-11-08 20:00:00,3620.0
2018-11-08 21:00:00,3441.0
2018-11-08 22:00:00,3120.0
2018-11-08 23:00:00,2975.0
2018-11-09 00:00:00,2792.0
2018-11-09 01:00:00,2841.0
2018-11-09 02:00:00,2804.0
2018-11-09 03:00:00,2697.0
2018-11-09 04:00:00,2721.0
2018-11-09 05:00:00,2505.0
2018-11-09 06:00:00,2469.0
2018-11-09 07:00:00,2475.0
2018-11-09 08:00:00,2554.0
2018-11-09 09:00:00,2460.0
2018-11-09 10:00:00,2663.0
2018-11-09 11:00:00,2688.0
2018-11-09 12:00:00,2785.0
2018-11-09 13:00:00,2878.0
2018-11-09 14:00:00,3000.0
2018-11-09 15:00:00,2967.0
2018-11-09 16:00:00,3052.0
2018-11-09 17:00:00,3078.0
2018-11-09 18:00:00,3071.0
2018-11-09 19:00:00,2910.0
2018-11-09 20:00:00,2900.0
2018-11-09 21:00:00,2720.0
2018-11-09 22:00:00,2735.0
2018-11-09 23:00:00,2575.0
2018-11-10 00:00:00,2608.0
2018-11-10 01:00:00,2440.0
2018-11-10 02:00:00,2443.0
2018-11-10 03:00:00,2381.0
2018-11-10 04:00:00,2422.0
2018-11-10 05:00:00,2337.0
2018-11-10 06:00:00,2358.0
2018-11-10 07:00:00,2406.0
2018-11-10 08:00:00,2577.0
2018-11-10 09:00:00,2652.0
2018-11-10 10:00:00,2914.0
2018-11-10 11:00:00,3244.0
2018-11-10 12:00:00,3321.0
2018-11-10 13:00:00,3555.0
2018-11-10 14:00:00,3774.0
2018-11-10 15:00:00,3741.0
2018-11-10 16:00:00,3799.0
2018-11-10 17:00:00,4024.0
2018-11-10 18:00:00,4215.0
2018-11-10 19:00:00,4167.0
2018-11-10 20:00:00,4068.0
2018-11-10 21:00:00,3888.0
2018-11-10 22:00:00,3668.0
2018-11-10 23:00:00,3332.0
2018-11-11 00:00:00,3279.0
2018-11-11 01:00:00,2994.0
2018-11-11 02:00:00,2986.0
2018-11-11 03:00:00,2819.0
2018-11-11 04:00:00,2839.0
2018-11-11 05:00:00,2762.0
2018-11-11 06:00:00,2705.0
2018-11-11 07:00:00,2641.0
2018-11-11 08:00:00,2699.0
2018-11-11 09:00:00,2786.0
2018-11-11 10:00:00,3154.0
2018-11-11 11:00:00,3528.0
2018-11-11 12:00:00,3674.0
2018-11-11 13:00:00,3871.0
2018-11-11 14:00:00,3985.0
2018-11-11 15:00:00,3985.0
2018-11-11 16:00:00,4061.0
2018-11-11 17:00:00,4432.0
2018-11-11 18:00:00,4704.0
2018-11-11 19:00:00,4793.0
2018-11-11 20:00:00,4659.0
2018-11-11 21:00:00,4340.0
2018-11-11 22:00:00,3954.0
2018-11-11 23:00:00,3616.0
2018-11-12 00:00:00,3504.0
2018-11-12 01:00:00,3243.0
2018-11-12 02:00:00,3238.0
2018-11-12 03:00:00,3058.0
2018-11-12 04:00:00,3013.0
2018-11-12 05:00:00,2931.0
2018-11-12 06:00:00,2847.0
2018-11-12 07:00:00,2821.0
2018-11-12 08:00:00,2863.0
2018-11-12 09:00:00,2971.0
2018-11-12 10:00:00,3377.0
2018-11-12 11:00:00,3682.0
2018-11-12 12:00:00,3761.0
2018-11-12 13:00:00,4035.0
2018-11-12 14:00:00,4250.0
2018-11-12 15:00:00,4262.0
2018-11-12 16:00:00,4473.0
2018-11-12 17:00:00,4546.0
2018-11-12 18:00:00,4640.0
2018-11-12 19:00:00,4842.0
2018-11-12 20:00:00,4764.0
2018-11-12 21:00:00,4577.0
2018-11-12 22:00:00,4350.0
2018-11-12 23:00:00,3781.0
2018-11-13 00:00:00,3547.0
2018-11-13 01:00:00,3348.0
2018-11-13 02:00:00,3302.0
2018-11-13 03:00:00,3268.0
2018-11-13 04:00:00,3245.0
2018-11-13 05:00:00,3097.0
2018-11-13 06:00:00,2998.0
2018-11-13 07:00:00,3011.0
2018-11-13 08:00:00,2978.0
2018-11-13 09:00:00,3197.0
2018-11-13 10:00:00,3548.0
2018-11-13 11:00:00,3910.0
2018-11-13 12:00:00,4074.0
2018-11-13 13:00:00,4449.0
2018-11-13 14:00:00,4616.0
2018-11-13 15:00:00,4599.0
2018-11-13 16:00:00,5006.0
2018-11-13 17:00:00,5067.0
2018-11-13 18:00:00,5179.0
2018-11-13 19:00:00,5058.0
2018-11-13 20:00:00,4682.0
2018-11-13 21:00:00,4625.0
2018-11-13 22:00:00,4077.0
2018-11-13 23:00:00,3847.0
2018-11-14 00:00:00,3667.0
2018-11-14 01:00:00,3347.0
2018-11-14 02:00:00,3319.0
2018-11-14 03:00:00,3114.0
2018-11-14 04:00:00,3196.0
2018-11-14 05:00:00,3042.0
2018-11-14 06:00:00,2955.0
2018-11-14 07:00:00,3102.0
2018-11-14 08:00:00,2929.0
2018-11-14 09:00:00,2983.0
2018-11-14 10:00:00,3353.0
2018-11-14 11:00:00,3475.0
2018-11-14 12:00:00,3542.0
2018-11-14 13:00:00,3858.0
2018-11-14 14:00:00,3879.0
2018-11-14 15:00:00,3901.0
2018-11-14 16:00:00,4112.0
2018-11-14 17:00:00,4496.0
2018-11-14 18:00:00,4791.0
2018-11-14 19:00:00,5115.0
2018-11-14 20:00:00,4777.0
2018-11-14 21:00:00,4344.0
2018-11-14 22:00:00,3842.0
2018-11-14 23:00:00,3625.0
2018-11-15 00:00:00,3540.0
2018-11-15 01:00:00,3295.0
2018-11-15 02:00:00,3240.0
2018-11-15 03:00:00,3087.0
2018-11-15 04:00:00,3080.0
2018-11-15 05:00:00,3060.0
2018-11-15 06:00:00,2827.0
2018-11-15 07:00:00,2747.0
2018-11-15 08:00:00,2708.0
2018-11-15 09:00:00,2798.0
2018-11-15 10:00:00,3228.0
2018-11-15 11:00:00,3446.0
2018-11-15 12:00:00,3430.0
2018-11-15 13:00:00,3603.0
2018-11-15 14:00:00,3708.0
2018-11-15 15:00:00,3704.0
2018-11-15 16:00:00,3865.0
2018-11-15 17:00:00,4258.0
2018-11-15 18:00:00,4325.0
2018-11-15 19:00:00,4079.0
2018-11-15 20:00:00,3928.0
2018-11-15 21:00:00,3889.0
2018-11-15 22:00:00,3610.0
2018-11-15 23:00:00,3434.0
2018-11-16 00:00:00,3263.0
2018-11-16 01:00:00,3093.0
2018-11-16 02:00:00,3153.0
2018-11-16 03:00:00,2949.0
2018-11-16 04:00:00,2895.0
2018-11-16 05:00:00,2657.0
2018-11-16 06:00:00,2663.0
2018-11-16 07:00:00,2558.0
2018-11-16 08:00:00,2639.0
2018-11-16 09:00:00,2497.0
2018-11-16 10:00:00,2853.0
2018-11-16 11:00:00,3047.0
2018-11-16 12:00:00,2867.0
2018-11-16 13:00:00,2981.0
2018-11-16 14:00:00,3154.0
2018-11-16 15:00:00,3179.0
2018-11-16 16:00:00,3302.0
2018-11-16 17:00:00,3348.0
2018-11-16 18:00:00,3393.0
2018-11-16 19:00:00,3403.0
2018-11-16 20:00:00,3358.0
2018-11-16 21:00:00,3162.0
2018-11-16 22:00:00,3049.0
2018-11-16 23:00:00,2823.0
2018-11-17 00:00:00,2822.0
2018-11-17 01:00:00,2627.0
2018-11-17 02:00:00,2688.0
2018-11-17 03:00:00,2561.0
2018-11-17 04:00:00,2629.0
2018-11-17 05:00:00,2535.0
2018-11-17 06:00:00,2588.0
2018-11-17 07:00:00,2612.0
2018-11-17 08:00:00,2590.0
2018-11-17 09:00:00,2784.0
2018-11-17 10:00:00,3097.0
2018-11-17 11:00:00,3548.0
2018-11-17 12:00:00,3646.0
2018-11-17 13:00:00,3705.0
2018-11-17 14:00:00,3652.0
2018-11-17 15:00:00,3492.0
2018-11-17 16:00:00,3545.0
2018-11-17 17:00:00,3723.0
2018-11-17 18:00:00,3747.0
2018-11-17 19:00:00,3859.0
2018-11-17 20:00:00,3719.0
2018-11-17 21:00:00,3458.0
2018-11-17 22:00:00,3149.0
2018-11-17 23:00:00,2932.0
2018-11-18 00:00:00,2937.0
2018-11-18 01:00:00,2743.0
2018-11-18 02:00:00,2774.0
2018-11-18 03:00:00,3070.689566398259
2018-11-18 04:00:00,2917.3302575712223
2018-11-18 05:00:00,2842.6362488428763
2018-11-18 06:00:00,2788.7365436085065
2018-11-18 07:00:00,2773.2383489923195
2018-11-18 08:00:00,2779.0459257109333
2018-11-18 09:00:00,2864.655654334805
2018-11-18 10:00:00,3022.6571148632574
2018-11-18 11:00:00,3210.329143901303
2018-11-18 12:00:00,3334.3532611524483
2018-11-18 13:00:00,3412.393083105995
2018-11-18 14:00:00,3467.1360379187117
2018-11-18 15:00:00,3471.9540225575915
2018-11-18 16:00:00,3495.905121223479
2018-11-18 17:00:00,3540.9115886766754
2018-11-18 18:00:00,3580.327657104773
2018-11-18 19:00:00,3596.4883669383507
2018-11-18 20:00:00,3522.4910400753593
2018-11-18 21:00:00,3398.8330636632545
2018-11-18 22:00:00,3311.5471546689864
2018-11-18 23:00:00,3326.520192673479
2018-11-19 00:00:00,3347.8118084351713
2018-11-19 01:00:00,3293.2502431444454
2018-11-19 02:00:00,3166.26316830304
2018-11-19 03:00:00,3010.572595871205
2018-11-19 04:00:00,2892.6232341034106
2018-11-19 05:00:00,2797.5642980442544
2018-11-19 06:00:00,2721.5948218134067
2018-11-19 07:00:00,2677.6273578662353
2018-11-19 08:00:00,2692.430786963094
2018-11-19 09:00:00,2784.265167820318
2018-11-19 10:00:00,2965.4201585394608
2018-11-19 11:00:00,3181.4915389418106
2018-11-19 12:00:00,3313.4485916874073
2018-11-19 13:00:00,3376.5808016552965
2018-11-19 14:00:00,3390.8676772237995
2018-11-19 15:00:00,3379.573511746048
2018-11-19 16:00:00,3392.187007757579
2018-11-19 17:00:00,3441.3229634024788
2018-11-19 18:00:00,3501.923975091538
2018-11-19 19:00:00,3473.7329321782404
2018-11-19 20:00:00,3361.9882811798016
2018-11-19 21:00:00,3260.3064204942534
2018-11-19 22:00:00,3205.501397363005
2018-11-19 23:00:00,3204.5528265535613
2018-11-20 00:00:00,3210.7792026793854
2018-11-20 01:00:00,3181.5726806359676
2018-11-20 02:00:00,2939.1404865237737
2018-11-20 03:00:00,2868.557793457929
2018-11-20 04:00:00,2774.931923888189
2018-11-20 05:00:00,2374.0
2018-11-20 06:00:00,2465.0
2018-11-20 07:00:00,2466.0
2018-11-20 08:00:00,2470.0
2018-11-20 09:00:00,2711.0
2018-11-20 10:00:00,2945.0
2018-11-20 11:00:00,3224.0
2018-11-20 12:00:00,3318.0
2018-11-20 13:00:00,3531.0
2018-11-20 14:00:00,3505.0
2018-11-20 15:00:00,3419.0
2018-11-20 16:00:00,3391.0
2018-11-20 17:00:00,3530.0
2018-11-20 18:00:00,3648.0
2018-11-20 19:00:00,3679.0
2018-11-20 20:00:00,3611.0
2018-11-20 21:00:00,3477.0
2018-11-20 22:00:00,3208.0
2018-11-20 23:00:00,3085.0
2018-11-21 00:00:00,2958.0
2018-11-21 01:00:00,2831.0
2018-11-21 02:00:00,2805.0
2018-11-21 03:00:00,2705.0
2018-11-21 04:00:00,2688.0
2018-11-21 05:00:00,2588.0
2018-11-21 06:00:00,2564.0
2018-11-21 07:00:00,2568.0
2018-11-21 08:00:00,2551.0
2018-11-21 09:00:00,2701.0
2018-11-21 10:00:00,2994.0
2018-11-21 11:00:00,3278.0
2018-11-21 12:00:00,3267.0
2018-11-21 13:00:00,3395.0
2018-11-21 14:00:00,3538.0
2018-11-21 15:00:00,3490.0
2018-11-21 16:00:00,3488.0
2018-11-21 17:00:00,3554.0
2018-11-21 18:00:00,3705.0
2018-11-21 19:00:00,3826.0
2018-11-21 20:00:00,3548.0
2018-11-21 21:00:00,3398.0
2018-11-21 22:00:00,3160.0
2018-11-21 23:00:00,2964.0
2018-11-22 00:00:00,2896.0
2018-11-22 01:00:00,2710.0
2018-11-22 02:00:00,2740.0
2018-11-22 03:00:00,2713.0
2018-11-22 04:00:00,2720.0
2018-11-22 05:00:00,2617.0
2018-11-22 06:00:00,2583.0
2018-11-22 07:00:00,2509.0
2018-11-22 08:00:00,2548.0
2018-11-22 09:00:00,2541.0
2018-11-22 10:00:00,2755.0
2018-11-22 11:00:00,2987.0
2018-11-22 12:00:00,3172.0
2018-11-22 13:00:00,3082.0
2018-11-22 14:00:00,3340.0
2018-11-22 15:00:00,3107.0
2018-11-22 16:00:00,3264.0
2018-11-22 17:00:00,3282.0
2018-11-22 18:00:00,3357.0
2018-11-22 19:00:00,3190.0
2018-11-22 20:00:00,3079.0
2018-11-22 21:00:00,2945.0
2018-11-22 22:00:00,2844.0
2018-11-22 23:00:00,2708.0
2018-11-23 00:00:00,2782.0
2018-11-23 01:00:00,2620.0
2018-11-23 02:00:00,2679.0
2018-11-23 03:00:00,2558.0
2018-11-23 04:00:00,2621.0
2018-11-23 05:00:00,2460.0
2018-11-23 06:00:00,2513.0
2018-11-23 07:00:00,2481.0
2018-11-23 08:00:00,2477.0
2018-11-23 09:00:00,2416.0
2018-11-23 10:00:00,2672.0
2018-11-23 11:00:00,2705.0
2018-11-23 12:00:00,2771.0
2018-11-23 13:00:00,2763.0
2018-11-23 14:00:00,2816.0
2018-11-23 15:00:00,2743.0
2018-11-23 16:00:00,2843.0
2018-11-23 17:00:00,2743.0
2018-11-23 18:00:00,2837.0
2018-11-23 19:00:00,2788.0
2018-11-23 20:00:00,2776.0
2018-11-23 21:00:00,2720.0
2018-11-23 22:00:00,2652.0
2018-11-23 23:00:00,2575.0
2018-11-24 00:00:00,2642.0
2018-11-24 01:00:00,2428.0
2018-11-24 02:00:00,2562.0
2018-11-24 03:00:00,2421.0
2018-11-24 04:00:00,2500.0
2018-11-24 05:00:00,2414.0
2018-11-24 06:00:00,2476.0
2018-11-24 07:00:00,2451.0
2018-11-24 08:00:00,2459.0
2018-11-24 09:00:00,2578.0
2018-11-24 10:00:00,2933.0
2018-11-24 11:00:00,3146.0
2018-11-24 12:00:00,3190.0
2018-11-24 13:00:00,3229.0
2018-11-24 14:00:00,3261.0
2018-11-24 15:00:00,3231.0
2018-11-24 16:00:00,3123.0
2018-11-24 17:00:00,3392.0
2018-11-24 18:00:00,3454.0
2018-11-24 19:00:00,3676.0
2018-11-24 20:00:00,3433.0
2018-11-24 21:00:00,3333.0
2018-11-24 22:00:00,3019.0
2018-11-24 23:00:00,2927.0
2018-11-25 00:00:00,2857.0
2018-11-25 01:00:00,2731.0
2018-11-25 02:00:00,2693.0
2018-11-25 03:00:00,2690.0
2018-11-25 04:00:00,2626.0
2018-11-25 05:00:00,2545.0
2018-11-25 06:00:00,2457.0
2018-11-25 07:00:00,2556.0
2018-11-25 08:00:00,2454.0
2018-11-25 09:00:00,2669.0
2018-11-25 10:00:00,3005.0
2018-11-25 11:00:00,3271.0
2018-11-25 12:00:00,3214.0
2018-11-25 13:00:00,3437.0
2018-11-25 14:00:00,3670.0
2018-11-25 15:00:00,3533.0
2018-11-25 16:00:00,3481.0
2018-11-25 17:00:00,3589.0
2018-11-25 18:00:00,3664.0
2018-11-25 19:00:00,3912.0
2018-11-25 20:00:00,3700.0
2018-11-25 21:00:00,3461.0
2018-11-25 22:00:00,3197.0
2018-11-25 23:00:00,2994.0
2018-11-26 00:00:00,2896.0
2018-11-26 01:00:00,2791.0
2018-11-26 02:00:00,2727.0
2018-11-26 03:00:00,2753.0
2018-11-26 04:00:00,2679.0
2018-11-26 05:00:00,2670.0
2018-11-26 06:00:00,2551.0
2018-11-26 07:00:00,2543.0
2018-11-26 08:00:00,2514.0
2018-11-26 09:00:00,2568.0
2018-11-26 10:00:00,2923.0
2018-11-26 11:00:00,3321.0
2018-11-26 12:00:00,3248.0
2018-11-26 13:00:00,3519.0
2018-11-26 14:00:00,3577.0
2018-11-26 15:00:00,3402.0
2018-11-26 16:00:00,3678.0
2018-11-26 17:00:00,3462.0
2018-11-26 18:00:00,3478.0
2018-11-26 19:00:00,3691.0
2018-11-26 20:00:00,3542.0
2018-11-26 21:00:00,3402.0
2018-11-26 22:00:00,3218.0
2018-11-26 23:00:00,3006.0
2018-11-27 00:00:00,2900.0
2018-11-27 01:00:00,2766.0
2018-11-27 02:00:00,2704.0
2018-11-27 03:00:00,2662.0
2018-11-27 04:00:00,2704.0
2018-11-27 05:00:00,2596.0
2018-11-27 06:00:00,2525.0
2018-11-27 07:00:00,2568.0
2018-11-27 08:00:00,2511.0
2018-11-27 09:00:00,2798.0
2018-11-27 10:00:00,3069.0
2018-11-27 11:00:00,3217.0
2018-11-27 12:00:00,3214.0
2018-11-27 13:00:00,3397.0
2018-11-27 14:00:00,3438.0
2018-11-27 15:00:00,3350.0
2018-11-27 16:00:00,3489.0
2018-11-27 17:00:00,3540.0
2018-11-27 18:00:00,3875.0
2018-11-27 19:00:00,3743.0
2018-11-27 20:00:00,3569.0
2018-11-27 21:00:00,3395.0
2018-11-27 22:00:00,3316.0
2018-11-27 23:00:00,3251.0
2018-11-28 00:00:00,3081.0
2018-11-28 01:00:00,2827.0
2018-11-28 02:00:00,2838.0
2018-11-28 03:00:00,2819.0
2018-11-28 04:00:00,2816.0
2018-11-28 05:00:00,2777.0
2018-11-28 06:00:00,2705.0
2018-11-28 07:00:00,2643.0
2018-11-28 08:00:00,2598.0
2018-11-28 09:00:00,2749.0
2018-11-28 10:00:00,3197.0
2018-11-28 11:00:00,3559.0
2018-11-28 12:00:00,3560.0
2018-11-28 13:00:00,3755.0
2018-11-28 14:00:00,3881.0
2018-11-28 15:00:00,3671.0
2018-11-28 16:00:00,3744.0
2018-11-28 17:00:00,3694.0
2018-11-28 18:00:00,3961.0
2018-11-28 19:00:00,3989.0
2018-11-28 20:00:00,3783.0
2018-11-28 21:00:00,3505.0
2018-11-28 22:00:00,3217.0
2018-11-28 23:00:00,2962.0
2018-11-29 00:00:00,2955.0
2018-11-29 01:00:00,2789.0
2018-11-29 02:00:00,2787.0
2018-11-29 03:00:00,2803.0
2018-11-29 04:00:00,2756.0
2018-11-29 05:00:00,2685.0
2018-11-29 06:00:00,2643.0
2018-11-29 07:00:00,2498.0
2018-11-29 08:00:00,2452.0
2018-11-29 09:00:00,2552.0
2018-11-29 10:00:00,2874.0
2018-11-29 11:00:00,2985.0
2018-11-29 12:00:00,3131.0
2018-11-29 13:00:00,3267.0
2018-11-29 14:00:00,3592.0
2018-11-29 15:00:00,3656.0
2018-11-29 16:00:00,3507.0
2018-11-29 17:00:00,3657.0
2018-11-29 18:00:00,3751.0
2018-11-29 19:00:00,3774.0
2018-11-29 20:00:00,3548.0
2018-11-29 21:00:00,3457.0
2018-11-29 22:00:00,3210.0
2018-11-29 23:00:00,3011.0
2018-11-30 00:00:00,2875.0
2018-11-30 01:00:00,2815.0
2018-11-30 02:00:00,2837.0
2018-11-30 03:00:00,2658.0
2018-11-30 04:00:00,2574.0
2018-11-30 05:00:00,2409.0
2018-11-30 06:00:00,2421.0
2018-11-30 07:00:00,2419.0
2018-11-30 08:00:00,2458.0
2018-11-30 09:00:00,2443.0
2018-11-30 10:00:00,2704.0
2018-11-30 11:00:00,2767.0
2018-11-30 12:00:00,2840.0
2018-11-30 13:00:00,2926.0
2018-11-30 14:00:00,3101.0
2018-11-30 15:00:00,3142.0
2018-11-30 16:00:00,3191.0
2018-11-30 17:00:00,3179.0
2018-11-30 18:00:00,3169.0
2018-11-30 19:00:00,3103.0
2018-11-30 20:00:00,3014.0
2018-11-30 21:00:00,2951.0
2018-11-30 22:00:00,2753.0
2018-11-30 23:00:00,2672.0
2018-12-01 00:00:00,2626.0
2018-12-01 01:00:00,2573.0
2018-12-01 02:00:00,2584.0
2018-12-01 03:00:00,2488.0
2018-12-01 04:00:00,2493.0
2018-12-01 05:00:00,2345.0
2018-12-01 06:00:00,2446.0
2018-12-01 07:00:00,2467.0
2018-12-01 08:00:00,2461.0
2018-12-01 09:00:00,2674.0
2018-12-01 10:00:00,3110.0
2018-12-01 11:00:00,3453.0
2018-12-01 12:00:00,3545.0
2018-12-01 13:00:00,3758.0
2018-12-01 14:00:00,4102.0
2018-12-01 15:00:00,3889.0
2018-12-01 16:00:00,4020.0
2018-12-01 17:00:00,4209.0
2018-12-01 18:00:00,4120.0
2018-12-01 19:00:00,3951.0
2018-12-01 20:00:00,3907.0
2018-12-01 21:00:00,3814.0
2018-12-01 22:00:00,3469.0
2018-12-01 23:00:00,3197.0
2018-12-02 00:00:00,3053.0
2018-12-02 01:00:00,2806.0
2018-12-02 02:00:00,2762.0
2018-12-02 03:00:00,2754.0
2018-12-02 04:00:00,2733.0
2018-12-02 05:00:00,2647.0
2018-12-02 06:00:00,2620.0
2018-12-02 07:00:00,2571.0
2018-12-02 08:00:00,2515.0
2018-12-02 09:00:00,2799.0
2018-12-02 10:00:00,3017.0
2018-12-02 11:00:00,3442.0
2018-12-02 12:00:00,3520.0
2018-12-02 13:00:00,3696.0
2018-12-02 14:00:00,3847.0
2018-12-02 15:00:00,3716.0
2018-12-02 16:00:00,3885.0
2018-12-02 17:00:00,3987.0
2018-12-02 18:00:00,3981.0
2018-12-02 19:00:00,3926.0
2018-12-02 20:00:00,3960.0
2018-12-02 21:00:00,3686.0
2018-12-02 22:00:00,3333.0
2018-12-02 23:00:00,3022.0
2018-12-03 00:00:00,2966.0
2018-12-03 01:00:00,2794.0
2018-12-03 02:00:00,2773.0
2018-12-03 03:00:00,2706.0
2018-12-03 04:00:00,2696.0
2018-12-03 05:00:00,2632.0
2018-12-03 06:00:00,2578.0
2018-12-03 07:00:00,2591.0
2018-12-03 08:00:00,2508.0
2018-12-03 09:00:00,2730.0
2018-12-03 10:00:00,3061.0
2018-12-03 11:00:00,3217.0
2018-12-03 12:00:00,3134.0
2018-12-03 13:00:00,3336.0
2018-12-03 14:00:00,3669.0
2018-12-03 15:00:00,3568.0
2018-12-03 16:00:00,3542.0
2018-12-03 17:00:00,3649.0
2018-12-03 18:00:00,3948.0
2018-12-03 19:00:00,3875.0
2018-12-03 20:00:00,3562.0
2018-12-03 21:00:00,3375.0
2018-12-03 22:00:00,3195.0
2018-12-03 23:00:00,2885.0
2018-12-04 00:00:00,2770.0
2018-12-04 01:00:00,2618.0
2018-12-04 02:00:00,2652.0
2018-12-04 03:00:00,2573.0
2018-12-04 04:00:00,2542.0
2018-12-04 05:00:00,2438.0
2018-12-04 06:00:00,2429.0
2018-12-04 07:00:00,2461.0
2018-12-04 08:00:00,2422.0
2018-12-04 09:00:00,2663.0
2018-12-04 10:00:00,2930.0
2018-12-04 11:00:00,3178.0
2018-12-04 12:00:00,3339.0
2018-12-04 13:00:00,3461.0
2018-12-04 14:00:00,3645.0
2018-12-04 15:00:00,3673.0
2018-12-04 16:00:00,3654.0
2018-12-04 17:00:00,3882.0
2018-12-04 18:00:00,4187.0
2018-12-04 19:00:00,4140.0
2018-12-04 20:00:00,4126.0
2018-12-04 21:00:00,3917.0
2018-12-04 22:00:00,3679.0
2018-12-04 23:00:00,3390.0
2018-12-05 00:00:00,3151.0
2018-12-05 01:00:00,2879.0
2018-12-05 02:00:00,2868.0
2018-12-05 03:00:00,2650.0
2018-12-05 04:00:00,2656.0
2018-12-05 05:00:00,2670.0
2018-12-05 06:00:00,2623.0
2018-12-05 07:00:00,2641.0
2018-12-05 08:00:00,2582.0
2018-12-05 09:00:00,2764.0
2018-12-05 10:00:00,3166.0
2018-12-05 11:00:00,3502.0
2018-12-05 12:00:00,3571.0
2018-12-05 13:00:00,3615.0
2018-12-05 14:00:00,3816.0
2018-12-05 15:00:00,3513.0
2018-12-05 16:00:00,3350.0
2018-12-05 17:00:00,3529.0
2018-12-05 18:00:00,3685.0
2018-12-05 19:00:00,3777.0
2018-12-05 20:00:00,3651.0
2018-12-05 21:00:00,3499.0
2018-12-05 22:00:00,3225.0
2018-12-05 23:00:00,3129.0
2018-12-06 00:00:00,3000.0
2018-12-06 01:00:00,2795.0
2018-12-06 02:00:00,2825.0
2018-12-06 03:00:00,2758.0
2018-12-06 04:00:00,2721.0
2018-12-06 05:00:00,2746.0
2018-12-06 06:00:00,2668.0
2018-12-06 07:00:00,2669.0
2018-12-06 08:00:00,2538.0
2018-12-06 09:00:00,2630.0
2018-12-06 10:00:00,2822.0
2018-12-06 11:00:00,3129.0
2018-12-06 12:00:00,3131.0
2018-12-06 13:00:00,3251.0
2018-12-06 14:00:00,3296.0
2018-12-06 15:00:00,3186.0
2018-12-06 16:00:00,3196.0
2018-12-06 17:00:00,3317.0
2018-12-06 18:00:00,3527.0
2018-12-06 19:00:00,3599.0
2018-12-06 20:00:00,3403.0
2018-12-06 21:00:00,3249.0
2018-12-06 22:00:00,3063.0
2018-12-06 23:00:00,2831.0
2018-12-07 00:00:00,2758.0
2018-12-07 01:00:00,2648.0
2018-12-07 02:00:00,2704.0
2018-12-07 03:00:00,2616.0
2018-12-07 04:00:00,2533.0
2018-12-07 05:00:00,2419.0
2018-12-07 06:00:00,2379.0
2018-12-07 07:00:00,2418.0
2018-12-07 08:00:00,2383.0
2018-12-07 09:00:00,2417.0
2018-12-07 10:00:00,2527.0
2018-12-07 11:00:00,2663.0
2018-12-07 12:00:00,2683.0
2018-12-07 13:00:00,2731.0
2018-12-07 14:00:00,2797.0
2018-12-07 15:00:00,2874.0
2018-12-07 16:00:00,2785.0
2018-12-07 17:00:00,2819.0
2018-12-07 18:00:00,2832.0
2018-12-07 19:00:00,2903.0
2018-12-07 20:00:00,2804.0
2018-12-07 21:00:00,2839.0
2018-12-07 22:00:00,2738.0
2018-12-07 23:00:00,2575.0
2018-12-08 00:00:00,2587.0
2018-12-08 01:00:00,2438.0
2018-12-08 02:00:00,2494.0
2018-12-08 03:00:00,2431.0
2018-12-08 04:00:00,2392.0
2018-12-08 05:00:00,2353.0
2018-12-08 06:00:00,2410.0
2018-12-08 07:00:00,2354.0
2018-12-08 08:00:00,2402.0
2018-12-08 09:00:00,2562.0
2018-12-08 10:00:00,2877.0
2018-12-08 11:00:00,3268.0
2018-12-08 12:00:00,3286.0
2018-12-08 13:00:00,3392.0
2018-12-08 14:00:00,3513.0
2018-12-08 15:00:00,3558.0
2018-12-08 16:00:00,3641.0
2018-12-08 17:00:00,3739.0
2018-12-08 18:00:00,3864.0
2018-12-08 19:00:00,3914.0
2018-12-08 20:00:00,3964.0
2018-12-08 21:00:00,3883.0
2018-12-08 22:00:00,3698.0
2018-12-08 23:00:00,3370.0
2018-12-09 00:00:00,3135.0
2018-12-09 01:00:00,2925.0
2018-12-09 02:00:00,2884.0
2018-12-09 03:00:00,2850.0
2018-12-09 04:00:00,2752.0
2018-12-09 05:00:00,2700.0
2018-12-09 06:00:00,2703.0
2018-12-09 07:00:00,2623.0
2018-12-09 08:00:00,2617.0
2018-12-09 09:00:00,2748.0
2018-12-09 10:00:00,3084.0
2018-12-09 11:00:00,3145.0
2018-12-09 12:00:00,3181.0
2018-12-09 13:00:00,3285.0
2018-12-09 14:00:00,3376.0
2018-12-09 15:00:00,3403.0
2018-12-09 16:00:00,3581.0
2018-12-09 17:00:00,3702.0
2018-12-09 18:00:00,3768.0
2018-12-09 19:00:00,3744.0
2018-12-09 20:00:00,3715.0
2018-12-09 21:00:00,3862.0
2018-12-09 22:00:00,3572.0
2018-12-09 23:00:00,3298.0
2018-12-10 00:00:00,3037.0
2018-12-10 01:00:00,2834.0
2018-12-10 02:00:00,2847.0
2018-12-10 03:00:00,2755.0
2018-12-10 04:00:00,2755.0
2018-12-10 05:00:00,2728.0
2018-12-10 06:00:00,2667.0
2018-12-10 07:00:00,2611.0
2018-12-10 08:00:00,2543.0
2018-12-10 09:00:00,2724.0
2018-12-10 10:00:00,3023.0
2018-12-10 11:00:00,3437.0
2018-12-10 12:00:00,3604.0
2018-12-10 13:00:00,3832.0
2018-12-10 14:00:00,4057.0
2018-12-10 15:00:00,4031.0
2018-12-10 16:00:00,4427.0
2018-12-10 17:00:00,4834.0
2018-12-10 18:00:00,4933.0
2018-12-10 19:00:00,4974.0
2018-12-10 20:00:00,4736.0
2018-12-10 21:00:00,4464.0
2018-12-10 22:00:00,4089.0
2018-12-10 23:00:00,3684.0
2018-12-11 00:00:00,3520.0
2018-12-11 01:00:00,3349.0
2018-12-11 02:00:00,3142.0
2018-12-11 03:00:00,3059.0
2018-12-11 04:00:00,3031.0
2018-12-11 05:00:00,2884.0
2018-12-11 06:00:00,2865.0
2018-12-11 07:00:00,2862.0
2018-12-11 08:00:00,2967.0
2018-12-11 09:00:00,3183.0
2018-12-11 10:00:00,3589.0
2018-12-11 11:00:00,3995.0
2018-12-11 12:00:00,4256.0
2018-12-11 13:00:00,4442.0
2018-12-11 14:00:00,4758.0
2018-12-11 15:00:00,4830.0
2018-12-11 16:00:00,4954.0
2018-12-11 17:00:00,5015.0
2018-12-11 18:00:00,4999.0
2018-12-11 19:00:00,5327.0
2018-12-11 20:00:00,5424.0
2018-12-11 21:00:00,5173.0
2018-12-11 22:00:00,4877.0
2018-12-11 23:00:00,4380.0
2018-12-12 00:00:00,4173.0
2018-12-12 01:00:00,3883.0
2018-12-12 02:00:00,3610.0
2018-12-12 03:00:00,3433.0
2018-12-12 04:00:00,3381.0
2018-12-12 05:00:00,3243.0
2018-12-12 06:00:00,3083.0
2018-12-12 07:00:00,3090.0
2018-12-12 08:00:00,2793.0
2018-12-12 09:00:00,3210.0
2018-12-12 10:00:00,3639.0
2018-12-12 11:00:00,4171.0
2018-12-12 12:00:00,4459.0
2018-12-12 13:00:00,4730.0
2018-12-12 14:00:00,5068.0
2018-12-12 15:00:00,4872.0
2018-12-12 16:00:00,4923.0
2018-12-12 17:00:00,5562.0
2018-12-12 18:00:00,5699.0
2018-12-12 19:00:00,5770.0
2018-12-12 20:00:00,5620.0
2018-12-12 21:00:00,5334.0
2018-12-12 22:00:00,5025.0
2018-12-12 23:00:00,4640.0
2018-12-13 00:00:00,4213.0
2018-12-13 01:00:00,4011.0
2018-12-13 02:00:00,3628.0
2018-12-13 03:00:00,3427.0
2018-12-13 04:00:00,3451.0
2018-12-13 05:00:00,3306.0
2018-12-13 06:00:00,3209.0
2018-12-13 07:00:00,3171.0
2018-12-13 08:00:00,2922.0
2018-12-13 09:00:00,2870.0
2018-12-13 10:00:00,3254.0
2018-12-13 11:00:00,3519.0
2018-12-13 12:00:00,3424.0
2018-12-13 13:00:00,3406.0
2018-12-13 14:00:00,3558.0
2018-12-13 15:00:00,3748.0
2018-12-13 16:00:00,3804.0
2018-12-13 17:00:00,4375.0
2018-12-13 18:00:00,4578.0
2018-12-13 19:00:00,4786.0
2018-12-13 20:00:00,4625.0
2018-12-13 21:00:00,4528.0
2018-12-13 22:00:00,4258.0
2018-12-13 23:00:00,3909.0
2018-12-14 00:00:00,3632.0
2018-12-14 01:00:00,3413.0
2018-12-14 02:00:00,3290.0
2018-12-14 03:00:00,3158.0
2018-12-14 04:00:00,3204.0
2018-12-14 05:00:00,3004.0
2018-12-14 06:00:00,2965.0
2018-12-14 07:00:00,2932.0
2018-12-14 08:00:00,2735.0
2018-12-14 09:00:00,2843.0
2018-12-14 10:00:00,3051.0
2018-12-14 11:00:00,3189.0
2018-12-14 12:00:00,3240.0
2018-12-14 13:00:00,3326.0
2018-12-14 14:00:00,3342.0
2018-12-14 15:00:00,3407.0
2018-12-14 16:00:00,3275.0
2018-12-14 17:00:00,3384.0
2018-12-14 18:00:00,3429.0
2018-12-14 19:00:00,3566.0
2018-12-14 20:00:00,3442.0
2018-12-14 21:00:00,3464.0
2018-12-14 22:00:00,3358.0
2018-12-14 23:00:00,3283.0
2018-12-15 00:00:00,3230.0
2018-12-15 01:00:00,3133.0
2018-12-15 02:00:00,2975.0
2018-12-15 03:00:00,2809.0
2018-12-15 04:00:00,2864.0
2018-12-15 05:00:00,2760.0
2018-12-15 06:00:00,2781.0
2018-12-15 07:00:00,2939.0
2018-12-15 08:00:00,2992.0
2018-12-15 09:00:00,2989.0
2018-12-15 10:00:00,3510.0
2018-12-15 11:00:00,4077.0
2018-12-15 12:00:00,4103.0
2018-12-15 13:00:00,4188.0
2018-12-15 14:00:00,4258.0
2018-12-15 15:00:00,4238.0
2018-12-15 16:00:00,4125.0
2018-12-15 17:00:00,4700.0
2018-12-15 18:00:00,4610.0
2018-12-15 19:00:00,5046.0
2018-12-15 20:00:00,4911.0
2018-12-15 21:00:00,4641.0
2018-12-15 22:00:00,4443.0
2018-12-15 23:00:00,4081.0
2018-12-16 00:00:00,3823.0
2018-12-16 01:00:00,3718.0
2018-12-16 02:00:00,3520.0
2018-12-16 03:00:00,3387.0
2018-12-16 04:00:00,3325.0
2018-12-16 05:00:00,3193.0
2018-12-16 06:00:00,3047.0
2018-12-16 07:00:00,3020.0
2018-12-16 08:00:00,2881.0
2018-12-16 09:00:00,3142.0
2018-12-16 10:00:00,3460.0
2018-12-16 11:00:00,3907.0
2018-12-16 12:00:00,4067.0
2018-12-16 13:00:00,4131.0
2018-12-16 14:00:00,4257.0
2018-12-16 15:00:00,4230.0
2018-12-16 16:00:00,4328.0
2018-12-16 17:00:00,4708.0
2018-12-16 18:00:00,4737.0
2018-12-16 19:00:00,4892.0
2018-12-16 20:00:00,4775.0
2018-12-16 21:00:00,3180.0
2018-12-16 22:00:00,4483.0
2018-12-16 23:00:00,4284.0
2018-12-17 00:00:00,3923.0
2018-12-17 01:00:00,3695.0
2018-12-17 02:00:00,3456.0
2018-12-17 03:00:00,3257.0
2018-12-17 04:00:00,3145.0
2018-12-17 05:00:00,3089.0
2018-12-17 06:00:00,3155.0
2018-12-17 07:00:00,3068.0
2018-12-17 08:00:00,3021.0
2018-12-17 09:00:00,3133.0
2018-12-17 10:00:00,3415.0
2018-12-17 11:00:00,3528.0
2018-12-17 12:00:00,3766.0
2018-12-17 13:00:00,3882.0
2018-12-17 14:00:00,4088.0
2018-12-17 15:00:00,3938.0
2018-12-17 16:00:00,3935.0
2018-12-17 17:00:00,4083.0
2018-12-17 18:00:00,4202.0
2018-12-17 19:00:00,4144.0
2018-12-17 20:00:00,4009.0
2018-12-17 21:00:00,3839.0
2018-12-17 22:00:00,3756.0
2018-12-17 23:00:00,3503.0
2018-12-18 00:00:00,3324.0
2018-12-18 01:00:00,3177.0
2018-12-18 02:00:00,3074.0
2018-12-18 03:00:00,2991.0
2018-12-18 04:00:00,3013.0
2018-12-18 05:00:00,2929.0
2018-12-18 06:00:00,2867.0
2018-12-18 07:00:00,2844.0
2018-12-18 08:00:00,2774.0
2018-12-18 09:00:00,2997.0
2018-12-18 10:00:00,3372.0
2018-12-18 11:00:00,3546.0
2018-12-18 12:00:00,3781.0
2018-12-18 13:00:00,3829.0
2018-12-18 14:00:00,3986.0
2018-12-18 15:00:00,3983.0
2018-12-18 16:00:00,3980.0
2018-12-18 17:00:00,4364.0
2018-12-18 18:00:00,4375.0
2018-12-18 19:00:00,4392.0
2018-12-18 20:00:00,4333.0
2018-12-18 21:00:00,4212.0
2018-12-18 22:00:00,4205.0
2018-12-18 23:00:00,3921.0
2018-12-19 00:00:00,3659.0
2018-12-19 01:00:00,3377.0
2018-12-19 02:00:00,3289.0
2018-12-19 03:00:00,3126.0
2018-12-19 04:00:00,3057.0
2018-12-19 05:00:00,3047.0
2018-12-19 06:00:00,2991.0
2018-12-19 07:00:00,2944.0
2018-12-19 08:00:00,2918.0
2018-12-19 09:00:00,3002.0
2018-12-19 10:00:00,3308.0
2018-12-19 11:00:00,3401.0
2018-12-19 12:00:00,3776.0
2018-12-19 13:00:00,4016.0
2018-12-19 14:00:00,4057.0
2018-12-19 15:00:00,4033.0
2018-12-19 16:00:00,4038.0
2018-12-19 17:00:00,4137.0
2018-12-19 18:00:00,4206.0
2018-12-19 19:00:00,4381.0
2018-12-19 20:00:00,4349.0
2018-12-19 21:00:00,4032.0
2018-12-19 22:00:00,3875.0
2018-12-19 23:00:00,3701.0
2018-12-20 00:00:00,3560.0
2018-12-20 01:00:00,3255.0
2018-12-20 02:00:00,3201.0
2018-12-20 03:00:00,3247.0
2018-12-20 04:00:00,3203.0
2018-12-20 05:00:00,3205.0
2018-12-20 06:00:00,3292.0
2018-12-20 07:00:00,3293.0
2018-12-20 08:00:00,3129.0
2018-12-20 09:00:00,3112.0
2018-12-20 10:00:00,3260.0
2018-12-20 11:00:00,3376.0
2018-12-20 12:00:00,3336.0
2018-12-20 13:00:00,3331.0
2018-12-20 14:00:00,3414.0
2018-12-20 15:00:00,3354.0
2018-12-20 16:00:00,3420.0
2018-12-20 17:00:00,3493.0
2018-12-20 18:00:00,3743.0
2018-12-20 19:00:00,3823.0
2018-12-20 20:00:00,3679.0
2018-12-20 21:00:00,3452.0
2018-12-20 22:00:00,3477.0
2018-12-20 23:00:00,3316.0
2018-12-21 00:00:00,3174.0
2018-12-21 01:00:00,3090.0
2018-12-21 02:00:00,3081.0
2018-12-21 03:00:00,3045.0
2018-12-21 04:00:00,2987.0
2018-12-21 05:00:00,2747.0
2018-12-21 06:00:00,2790.0
2018-12-21 07:00:00,2643.0
2018-12-21 08:00:00,2675.0
2018-12-21 09:00:00,2719.0
2018-12-21 10:00:00,2767.0
2018-12-21 11:00:00,2799.0
2018-12-21 12:00:00,2876.0
2018-12-21 13:00:00,2948.0
2018-12-21 14:00:00,3076.0
2018-12-21 15:00:00,3072.0
2018-12-21 16:00:00,2936.0
2018-12-21 17:00:00,2893.0
2018-12-21 18:00:00,2838.0
2018-12-21 19:00:00,2799.0
2018-12-21 20:00:00,2875.0
2018-12-21 21:00:00,2856.0
2018-12-21 22:00:00,2899.0
2018-12-21 23:00:00,2876.0
2018-12-22 00:00:00,2891.0
2018-12-22 01:00:00,2847.0
2018-12-22 02:00:00,2798.0
2018-12-22 03:00:00,2709.0
2018-12-22 04:00:00,2706.0
2018-12-22 05:00:00,2655.0
2018-12-22 06:00:00,2732.0
2018-12-22 07:00:00,2724.0
2018-12-22 08:00:00,2778.0
2018-12-22 09:00:00,2966.0
2018-12-22 10:00:00,3293.0
2018-12-22 11:00:00,3450.0
2018-12-22 12:00:00,3560.0
2018-12-22 13:00:00,3126.0
2018-12-22 14:00:00,3960.0
2018-12-22 15:00:00,3616.0
2018-12-22 16:00:00,3714.0
2018-12-22 17:00:00,3702.0
2018-12-22 18:00:00,3753.0
2018-12-22 19:00:00,3670.0
2018-12-22 20:00:00,3645.0
2018-12-22 21:00:00,3636.0
2018-12-22 22:00:00,3672.0
2018-12-22 23:00:00,3457.0
2018-12-23 00:00:00,3280.0
2018-12-23 01:00:00,3167.0
2018-12-23 02:00:00,3072.0
2018-12-23 03:00:00,2994.0
2018-12-23 04:00:00,2973.0
2018-12-23 05:00:00,2970.0
2018-12-23 06:00:00,2947.0
2018-12-23 07:00:00,2990.0
2018-12-23 08:00:00,2901.0
2018-12-23 09:00:00,2944.0
2018-12-23 10:00:00,3235.0
2018-12-23 11:00:00,3436.0
2018-12-23 12:00:00,3550.0
2018-12-23 13:00:00,3590.0
2018-12-23 14:00:00,3929.0
2018-12-23 15:00:00,3840.0
2018-12-23 16:00:00,3707.0
2018-12-23 17:00:00,3915.0
2018-12-23 18:00:00,3916.0
2018-12-23 19:00:00,4022.0
2018-12-23 20:00:00,3966.0
2018-12-23 21:00:00,3888.0
2018-12-23 22:00:00,3813.0
2018-12-23 23:00:00,3633.0
2018-12-24 00:00:00,3416.0
2018-12-24 01:00:00,3240.0
2018-12-24 02:00:00,3112.0
2018-12-24 03:00:00,3050.0
2018-12-24 04:00:00,3046.0
2018-12-24 05:00:00,3054.0
2018-12-24 06:00:00,3044.0
2018-12-24 07:00:00,2997.0
2018-12-24 08:00:00,2850.0
2018-12-24 09:00:00,2973.0
2018-12-24 10:00:00,3287.0
2018-12-24 11:00:00,3448.0
2018-12-24 12:00:00,3485.0
2018-12-24 13:00:00,3669.0
2018-12-24 14:00:00,3794.0
2018-12-24 15:00:00,3723.0
2018-12-24 16:00:00,3763.0
2018-12-24 17:00:00,3940.0
2018-12-24 18:00:00,4090.0
2018-12-24 19:00:00,4078.0
2018-12-24 20:00:00,3889.0
2018-12-24 21:00:00,3678.0
2018-12-24 22:00:00,3463.0
2018-12-24 23:00:00,3367.0
2018-12-25 00:00:00,3212.0
2018-12-25 01:00:00,3145.0
2018-12-25 02:00:00,3060.0
2018-12-25 03:00:00,3021.0
2018-12-25 04:00:00,3070.0
2018-12-25 05:00:00,2930.0
2018-12-25 06:00:00,2909.0
2018-12-25 07:00:00,2849.0
2018-12-25 08:00:00,2788.0
2018-12-25 09:00:00,2984.0
2018-12-25 10:00:00,3278.0
2018-12-25 11:00:00,3457.0
2018-12-25 12:00:00,3580.0
2018-12-25 13:00:00,3910.0
2018-12-25 14:00:00,4131.0
2018-12-25 15:00:00,3858.0
2018-12-25 16:00:00,4026.0
2018-12-25 17:00:00,4156.0
2018-12-25 18:00:00,4307.0
2018-12-25 19:00:00,4389.0
2018-12-25 20:00:00,4261.0
2018-12-25 21:00:00,3966.0
2018-12-25 22:00:00,3805.0
2018-12-25 23:00:00,3639.0
2018-12-26 00:00:00,3431.0
2018-12-26 01:00:00,3193.0
2018-12-26 02:00:00,3072.0
2018-12-26 03:00:00,3028.0
2018-12-26 04:00:00,3052.0
2018-12-26 05:00:00,3015.0
2018-12-26 06:00:00,3020.0
2018-12-26 07:00:00,2948.0
2018-12-26 08:00:00,2829.0
2018-12-26 09:00:00,2978.0
2018-12-26 10:00:00,3287.0
2018-12-26 11:00:00,3533.0
2018-12-26 12:00:00,3634.0
2018-12-26 13:00:00,3677.0
2018-12-26 14:00:00,3894.0
2018-12-26 15:00:00,3931.0
2018-12-26 16:00:00,4019.0
2018-12-26 17:00:00,4169.0
2018-12-26 18:00:00,4299.0
2018-12-26 19:00:00,4460.0
2018-12-26 20:00:00,4188.0
2018-12-26 21:00:00,3747.0
2018-12-26 22:00:00,3630.0
2018-12-26 23:00:00,3519.0
2018-12-27 00:00:00,3429.0
2018-12-27 01:00:00,3236.0
2018-12-27 02:00:00,3069.0
2018-12-27 03:00:00,3029.0
2018-12-27 04:00:00,3081.0
2018-12-27 05:00:00,3068.0
2018-12-27 06:00:00,3056.0
2018-12-27 07:00:00,3066.0
2018-12-27 08:00:00,2929.0
2018-12-27 09:00:00,2934.0
2018-12-27 10:00:00,3032.0
2018-12-27 11:00:00,3194.0
2018-12-27 12:00:00,3299.0
2018-12-27 13:00:00,3359.0
2018-12-27 14:00:00,3616.0
2018-12-27 15:00:00,3403.0
2018-12-27 16:00:00,3305.0
2018-12-27 17:00:00,3486.0
2018-12-27 18:00:00,3642.0
2018-12-27 19:00:00,3764.0
2018-12-27 20:00:00,3613.0
2018-12-27 21:00:00,3440.0
2018-12-27 22:00:00,3310.0
2018-12-27 23:00:00,3135.0
2018-12-28 00:00:00,3065.0
2018-12-28 01:00:00,3014.0
2018-12-28 02:00:00,2983.0
2018-12-28 03:00:00,2964.0
2018-12-28 04:00:00,2820.0
2018-12-28 05:00:00,2731.0
2018-12-28 06:00:00,2717.0
2018-12-28 07:00:00,2689.0
2018-12-28 08:00:00,2613.0
2018-12-28 09:00:00,2641.0
2018-12-28 10:00:00,2732.0
2018-12-28 11:00:00,2726.0
2018-12-28 12:00:00,2819.0
2018-12-28 13:00:00,2807.0
2018-12-28 14:00:00,2940.0
2018-12-28 15:00:00,2981.0
2018-12-28 16:00:00,3032.0
2018-12-28 17:00:00,3024.0
2018-12-28 18:00:00,3131.0
2018-12-28 19:00:00,3141.0
2018-12-28 20:00:00,3107.0
2018-12-28 21:00:00,3034.0
2018-12-28 22:00:00,3014.0
2018-12-28 23:00:00,2944.0
2018-12-29 00:00:00,2965.0
2018-12-29 01:00:00,2882.0
2018-12-29 02:00:00,2820.0
2018-12-29 03:00:00,2757.0
2018-12-29 04:00:00,2724.0
2018-12-29 05:00:00,2725.0
2018-12-29 06:00:00,2708.0
2018-12-29 07:00:00,2734.0
2018-12-29 08:00:00,2720.0
2018-12-29 09:00:00,2850.0
2018-12-29 10:00:00,3105.0
2018-12-29 11:00:00,3367.0
2018-12-29 12:00:00,3485.0
2018-12-29 13:00:00,3560.0
2018-12-29 14:00:00,3790.0
2018-12-29 15:00:00,3702.0
2018-12-29 16:00:00,3877.0
2018-12-29 17:00:00,4020.0
2018-12-29 18:00:00,4078.0
2018-12-29 19:00:00,4201.0
2018-12-29 20:00:00,4211.0
2018-12-29 21:00:00,3964.0
2018-12-29 22:00:00,3825.0
2018-12-29 23:00:00,3584.0
2018-12-30 00:00:00,3402.0
2018-12-30 01:00:00,3249.0
2018-12-30 02:00:00,3143.0
2018-12-30 03:00:00,3086.0
2018-12-30 04:00:00,3118.0
2018-12-30 05:00:00,3108.0
2018-12-30 06:00:00,3106.0
2018-12-30 07:00:00,3055.0
2018-12-30 08:00:00,2930.0
2018-12-30 09:00:00,2996.0
2018-12-30 10:00:00,3318.0
2018-12-30 11:00:00,3517.0
2018-12-30 12:00:00,3631.0
2018-12-30 13:00:00,3710.0
2018-12-30 14:00:00,3856.0
2018-12-30 15:00:00,3567.0
2018-12-30 16:00:00,3634.0
2018-12-30 17:00:00,3813.0
2018-12-30 18:00:00,3865.0
2018-12-30 19:00:00,3987.0
2018-12-30 20:00:00,3939.0
2018-12-30 21:00:00,3862.0
2018-12-30 22:00:00,3573.0
2018-12-30 23:00:00,3509.0
2018-12-31 00:00:00,3342.0
2018-12-31 01:00:00,3230.0
2018-12-31 02:00:00,3089.0
2018-12-31 03:00:00,3052.0
2018-12-31 04:00:00,3024.0
2018-12-31 05:00:00,2942.0
2018-12-31 06:00:00,2902.0
2018-12-31 07:00:00,2845.0
2018-12-31 08:00:00,2768.0
2018-12-31 09:00:00,2930.0
2018-12-31 10:00:00,3278.0
2018-12-31 11:00:00,3452.0
2018-12-31 12:00:00,3449.0
2018-12-31 13:00:00,3639.0
2018-12-31 14:00:00,3857.0
2018-12-31 15:00:00,3640.0
2018-12-31 16:00:00,3622.0
2018-12-31 17:00:00,3839.0
2018-12-31 18:00:00,3966.0
2018-12-31 19:00:00,4184.0
2018-12-31 20:00:00,4033.0
2018-12-31 21:00:00,3750.0
2018-12-31 22:00:00,3649.0
2018-12-31 23:00:00,3457.0
2019-01-01 00:00:00,3303.0
2019-01-01 01:00:00,3173.0
2019-01-01 02:00:00,3136.0
2019-01-01 03:00:00,3066.0
2019-01-01 04:00:00,3064.0
2019-01-01 05:00:00,2963.0
2019-01-01 06:00:00,2871.0
2019-01-01 07:00:00,2840.0
2019-01-01 08:00:00,2885.0
2019-01-01 09:00:00,3115.0
2019-01-01 10:00:00,3395.0
2019-01-01 11:00:00,3716.0
2019-01-01 12:00:00,3838.0
2019-01-01 13:00:00,4114.0
2019-01-01 14:00:00,4268.0
2019-01-01 15:00:00,4024.0
2019-01-01 16:00:00,4133.0
2019-01-01 17:00:00,4339.0
2019-01-01 18:00:00,4561.0
2019-01-01 19:00:00,4639.0
2019-01-01 20:00:00,4556.0
2019-01-01 21:00:00,4276.0
2019-01-01 22:00:00,4066.0
2019-01-01 23:00:00,3908.0
2019-01-02 00:00:00,3632.0
2019-01-02 01:00:00,3435.0
2019-01-02 02:00:00,3257.0
2019-01-02 03:00:00,3134.0
2019-01-02 04:00:00,3056.0
2019-01-02 05:00:00,3053.0
2019-01-02 06:00:00,3044.0
2019-01-02 07:00:00,3080.0
2019-01-02 08:00:00,3023.0
2019-01-02 09:00:00,3163.0
2019-01-02 10:00:00,3476.0
2019-01-02 11:00:00,3633.0
2019-01-02 12:00:00,3735.0
2019-01-02 13:00:00,3994.0
2019-01-02 14:00:00,4082.0
2019-01-02 15:00:00,3891.0
2019-01-02 16:00:00,4077.0
2019-01-02 17:00:00,4193.0
2019-01-02 18:00:00,4341.0
2019-01-02 19:00:00,4656.0
2019-01-02 20:00:00,4291.0
2019-01-02 21:00:00,3964.0
2019-01-02 22:00:00,3831.0
2019-01-02 23:00:00,3683.0
2019-01-03 00:00:00,3457.0
2019-01-03 01:00:00,3198.0
2019-01-03 02:00:00,3125.0
2019-01-03 03:00:00,3043.0
2019-01-03 04:00:00,3036.0
2019-01-03 05:00:00,3026.0
2019-01-03 06:00:00,3043.0
2019-01-03 07:00:00,3034.0
2019-01-03 08:00:00,2937.0
2019-01-03 09:00:00,3007.0
2019-01-03 10:00:00,3230.0
2019-01-03 11:00:00,3311.0
2019-01-03 12:00:00,3475.0
2019-01-03 13:00:00,3425.0
2019-01-03 14:00:00,3537.0
2019-01-03 15:00:00,3378.0
2019-01-03 16:00:00,3428.0
2019-01-03 17:00:00,3478.0
2019-01-03 18:00:00,3791.0
2019-01-03 19:00:00,3789.0
2019-01-03 20:00:00,3613.0
2019-01-03 21:00:00,3543.0
2019-01-03 22:00:00,3497.0
2019-01-03 23:00:00,3406.0
2019-01-04 00:00:00,3330.0
2019-01-04 01:00:00,3315.0
2019-01-04 02:00:00,3272.0
2019-01-04 03:00:00,3215.0
2019-01-04 04:00:00,3195.0
2019-01-04 05:00:00,3025.0
2019-01-04 06:00:00,3009.0
2019-01-04 07:00:00,2943.0
2019-01-04 08:00:00,2878.0
2019-01-04 09:00:00,2900.16294194479
2019-01-04 10:00:00,3017.780202584056
2019-01-04 11:00:00,3167.1912080035563
2019-01-04 12:00:00,3275.012263354982
2019-01-04 13:00:00,3313.885797024939
2019-01-04 14:00:00,3338.577096627916
2019-01-04 15:00:00,3326.047383428464
2019-01-04 16:00:00,3341.01542173531
2019-01-04 17:00:00,3389.197905147275
2019-01-04 18:00:00,3440.1042451298586
2019-01-04 19:00:00,3418.212059626613
2019-01-04 20:00:00,3338.8443941405917
2019-01-04 21:00:00,3254.1383987428453
2019-01-04 22:00:00,3237.947015088571
2019-01-04 23:00:00,3271.6713679322993
2019-01-05 00:00:00,3318.6782344782196
2019-01-05 01:00:00,3329.948089386824
2019-01-05 02:00:00,3410.411659114741
2019-01-05 03:00:00,3336.5946243790063
2019-01-05 04:00:00,3195.4536962276966
2019-01-05 05:00:00,3056.0679444885504
2019-01-05 06:00:00,2968.6199650333047
2019-01-05 07:00:00,2921.8285277198884
2019-01-05 08:00:00,2899.2047361733785
2019-01-05 09:00:00,2934.0220081815373
2019-01-05 10:00:00,3031.210938280853
2019-01-05 11:00:00,3155.0759783379985
2019-01-05 12:00:00,3249.8616426347935
2019-01-05 13:00:00,3317.510532776426
2019-01-05 14:00:00,3382.1697265680664
2019-01-05 15:00:00,3428.244016423305
2019-01-05 16:00:00,3528.233854125685
2019-01-05 17:00:00,3649.760427901406
2019-01-05 18:00:00,3743.8547539900364
2019-01-05 19:00:00,3772.947736626127
2019-01-05 20:00:00,3699.388876285659
2019-01-05 21:00:00,3571.5051930943814
2019-01-05 22:00:00,3489.014501893035
2019-01-05 23:00:00,3513.751908453834
2019-01-06 00:00:00,3526.180284620232
2019-01-06 01:00:00,3499.2318405992723
2019-01-06 02:00:00,3392.0318860983266
2019-01-06 03:00:00,3270.342901996841
2019-01-06 04:00:00,3177.1726887372747
2019-01-06 05:00:00,3111.8661426114413
2019-01-06 06:00:00,3034.6200032092042
2019-01-06 07:00:00,2986.9871425788256
2019-01-06 08:00:00,3029.4275080490643
2019-01-06 09:00:00,3173.8804922532577
2019-01-06 10:00:00,3425.4443740999886
2019-01-06 11:00:00,3727.0
2019-01-06 12:00:00,3731.0
2019-01-06 13:00:00,4013.0
2019-01-06 14:00:00,4311.0
2019-01-06 15:00:00,4005.0
2019-01-06 16:00:00,4119.0
2019-01-06 17:00:00,4252.0
2019-01-06 18:00:00,4241.0
2019-01-06 19:00:00,4488.0
2019-01-06 20:00:00,4236.0
2019-01-06 21:00:00,4113.0
2019-01-06 22:00:00,4036.0
2019-01-06 23:00:00,3803.0
2019-01-07 00:00:00,3597.0
2019-01-07 01:00:00,3431.0
2019-01-07 02:00:00,3247.0
2019-01-07 03:00:00,3133.0
2019-01-07 04:00:00,3126.0
2019-01-07 05:00:00,3063.0
2019-01-07 06:00:00,3065.0
2019-01-07 07:00:00,3003.0
2019-01-07 08:00:00,2937.0
2019-01-07 09:00:00,2960.0
2019-01-07 10:00:00,3385.0
2019-01-07 11:00:00,3726.0
2019-01-07 12:00:00,3868.0
2019-01-07 13:00:00,4120.0
2019-01-07 14:00:00,4424.0
2019-01-07 15:00:00,4214.0
2019-01-07 16:00:00,4378.0
2019-01-07 17:00:00,4760.0
2019-01-07 18:00:00,4726.0
2019-01-07 19:00:00,4785.0
2019-01-07 20:00:00,4342.0
2019-01-07 21:00:00,3862.0
2019-01-07 22:00:00,3675.0
2019-01-07 23:00:00,3496.0
2019-01-08 00:00:00,3445.0
2019-01-08 01:00:00,3358.0
2019-01-08 02:00:00,3274.0
2019-01-08 03:00:00,3178.0
2019-01-08 04:00:00,3199.0
2019-01-08 05:00:00,3104.0
2019-01-08 06:00:00,3113.0
2019-01-08 07:00:00,3120.0
2019-01-08 08:00:00,3113.0
2019-01-08 09:00:00,3350.0
2019-01-08 10:00:00,3665.0
2019-01-08 11:00:00,3970.0
2019-01-08 12:00:00,4119.0
2019-01-08 13:00:00,4278.0
2019-01-08 14:00:00,4560.0
2019-01-08 15:00:00,4280.0
2019-01-08 16:00:00,4460.0
2019-01-08 17:00:00,4616.0
2019-01-08 18:00:00,4540.0
2019-01-08 19:00:00,4622.0
2019-01-08 20:00:00,4459.0
2019-01-08 21:00:00,4467.0
2019-01-08 22:00:00,4314.0
2019-01-08 23:00:00,4053.0
2019-01-09 00:00:00,3916.0
2019-01-09 01:00:00,3699.0
2019-01-09 02:00:00,3537.0
2019-01-09 03:00:00,3407.0
2019-01-09 04:00:00,3350.0
2019-01-09 05:00:00,3340.0
2019-01-09 06:00:00,3256.0
2019-01-09 07:00:00,3242.0
2019-01-09 08:00:00,3183.0
2019-01-09 09:00:00,3333.0
2019-01-09 10:00:00,3583.0
2019-01-09 11:00:00,3860.0
2019-01-09 12:00:00,4116.0
2019-01-09 13:00:00,4348.0
2019-01-09 14:00:00,4520.0
2019-01-09 15:00:00,4434.0
2019-01-09 16:00:00,4683.0
2019-01-09 17:00:00,4758.0
2019-01-09 18:00:00,4730.0
2019-01-09 19:00:00,4728.0
2019-01-09 20:00:00,4751.0
2019-01-09 21:00:00,4600.0
2019-01-09 22:00:00,4415.0
2019-01-09 23:00:00,4218.0
2019-01-10 00:00:00,3890.0
2019-01-10 01:00:00,3685.0
2019-01-10 02:00:00,3523.0
2019-01-10 03:00:00,3352.0
2019-01-10 04:00:00,3184.0
2019-01-10 05:00:00,3169.0
2019-01-10 06:00:00,3158.0
2019-01-10 07:00:00,3131.0
2019-01-10 08:00:00,3109.0
2019-01-10 09:00:00,3088.0
2019-01-10 10:00:00,3257.0
2019-01-10 11:00:00,3388.0
2019-01-10 12:00:00,3571.0
2019-01-10 13:00:00,3619.0
2019-01-10 14:00:00,3750.0
2019-01-10 15:00:00,3602.0
2019-01-10 16:00:00,3579.0
2019-01-10 17:00:00,3610.0
2019-01-10 18:00:00,3588.0
2019-01-10 19:00:00,3759.0
2019-01-10 20:00:00,3811.0
2019-01-10 21:00:00,3700.0
2019-01-10 22:00:00,3522.0
2019-01-10 23:00:00,3353.0
2019-01-11 00:00:00,3250.0
2019-01-11 01:00:00,3175.0
2019-01-11 02:00:00,3100.0
2019-01-11 03:00:00,3029.0
2019-01-11 04:00:00,3014.0
2019-01-11 05:00:00,2892.0
2019-01-11 06:00:00,2953.0
2019-01-11 07:00:00,2973.0
2019-01-11 08:00:00,2927.0
2019-01-11 09:00:00,2834.0
2019-01-11 10:00:00,2841.0
2019-01-11 11:00:00,2855.0
2019-01-11 12:00:00,2877.0
2019-01-11 13:00:00,2999.0
2019-01-11 14:00:00,3113.0
2019-01-11 15:00:00,3166.0
2019-01-11 16:00:00,3149.0
2019-01-11 17:00:00,3155.0
2019-01-11 18:00:00,3132.0
2019-01-11 19:00:00,3152.0
2019-01-11 20:00:00,3126.0
2019-01-11 21:00:00,3073.0
2019-01-11 22:00:00,3087.0
2019-01-11 23:00:00,3041.0
2019-01-12 00:00:00,3002.0
2019-01-12 01:00:00,3039.0
2019-01-12 02:00:00,2995.0
2019-01-12 03:00:00,2858.0
2019-01-12 04:00:00,2731.0
2019-01-12 05:00:00,2645.0
2019-01-12 06:00:00,2653.0
2019-01-12 07:00:00,2749.0
2019-01-12 08:00:00,2829.0
2019-01-12 09:00:00,3078.0
2019-01-12 10:00:00,3218.0
2019-01-12 11:00:00,3749.0
2019-01-12 12:00:00,3819.0
2019-01-12 13:00:00,4069.0
2019-01-12 14:00:00,4341.0
2019-01-12 15:00:00,4392.0
2019-01-12 16:00:00,4475.0
2019-01-12 17:00:00,4234.0
2019-01-12 18:00:00,4218.0
2019-01-12 19:00:00,4159.0
2019-01-12 20:00:00,4070.0
2019-01-12 21:00:00,3947.0
2019-01-12 22:00:00,3921.0
2019-01-12 23:00:00,3782.0
2019-01-13 00:00:00,3621.0
2019-01-13 01:00:00,3516.0
2019-01-13 02:00:00,3375.0
2019-01-13 03:00:00,3215.0
2019-01-13 04:00:00,3201.0
2019-01-13 05:00:00,3163.0
2019-01-13 06:00:00,3105.0
2019-01-13 07:00:00,3134.0
2019-01-13 08:00:00,3087.0
2019-01-13 09:00:00,2936.518253619162
2019-01-13 10:00:00,3062.595207414352
2019-01-13 11:00:00,3191.9375206596724
2019-01-13 12:00:00,3284.0605695635745
2019-01-13 13:00:00,3345.240948345199
2019-01-13 14:00:00,3395.8480435251486
2019-01-13 15:00:00,3402.916313864929
2019-01-13 16:00:00,3417.80091331924
2019-01-13 17:00:00,3484.155749858766
2019-01-13 18:00:00,3584.7552558515695
2019-01-13 19:00:00,3662.840615591789
2019-01-13 20:00:00,3627.212581803096
2019-01-13 21:00:00,3518.2279481696387
2019-01-13 22:00:00,3410.9141430598747
2019-01-13 23:00:00,3390.9136654336844
2019-01-14 00:00:00,3405.6789395897804
2019-01-14 01:00:00,3348.680871358288
2019-01-14 02:00:00,3227.929213864987
2019-01-14 03:00:00,3102.117502014726
2019-01-14 04:00:00,2994.12011007079
2019-01-14 05:00:00,2917.9042113957375
2019-01-14 06:00:00,2852.6272908329456
2019-01-14 07:00:00,2804.0776306085536
2019-01-14 08:00:00,2810.375316918257
2019-01-14 09:00:00,2882.7012133283547
2019-01-14 10:00:00,3057.957961231184
2019-01-14 11:00:00,3292.587171040175
2019-01-14 12:00:00,3453.724387881809
2019-01-14 13:00:00,3505.754713946141
2019-01-14 14:00:00,3499.7183427099144
2019-01-14 15:00:00,3496.832018486941
2019-01-14 16:00:00,3551.907414292972
2019-01-14 17:00:00,3672.7957916099613
2019-01-14 18:00:00,3804.8861982894305
2019-01-14 19:00:00,3811.5350181557214
2019-01-14 20:00:00,3638.487190723959
2019-01-14 21:00:00,3461.010986541672
2019-01-14 22:00:00,3404.0806496769064
2019-01-14 23:00:00,3413.8223291876275
2019-01-15 00:00:00,3442.987309926684
2019-01-15 01:00:00,3411.8798749936727
2019-01-15 02:00:00,3570.722427163814
2019-01-15 03:00:00,3512.5400775615917
2019-01-15 04:00:00,3393.1181267149586
2019-01-15 05:00:00,3272.703496342215
2019-01-15 06:00:00,3176.495309553907
2019-01-15 07:00:00,3098.545490347513
2019-01-15 08:00:00,3093.5734241175232
2019-01-15 09:00:00,3214.373715033387
2019-01-15 10:00:00,3490.26270241222
2019-01-15 11:00:00,3766.0
2019-01-15 12:00:00,3964.0
2019-01-15 13:00:00,3963.0
2019-01-15 14:00:00,4254.0
2019-01-15 15:00:00,4138.0
2019-01-15 16:00:00,4248.0
2019-01-15 17:00:00,4701.0
2019-01-15 18:00:00,4894.0
2019-01-15 19:00:00,4962.0
2019-01-15 20:00:00,4704.0
2019-01-15 21:00:00,4343.0
2019-01-15 22:00:00,4101.0
2019-01-15 23:00:00,3853.0
2019-01-16 00:00:00,3601.0
2019-01-16 01:00:00,3470.0
2019-01-16 02:00:00,3348.0
2019-01-16 03:00:00,3174.0
2019-01-16 04:00:00,3142.0
2019-01-16 05:00:00,3145.0
2019-01-16 06:00:00,3159.0
2019-01-16 07:00:00,3114.0
2019-01-16 08:00:00,3116.0
2019-01-16 09:00:00,3235.0
2019-01-16 10:00:00,3497.0
2019-01-16 11:00:00,3686.0
2019-01-16 12:00:00,3870.0
2019-01-16 13:00:00,3877.0
2019-01-16 14:00:00,4013.0
2019-01-16 15:00:00,4002.0
2019-01-16 16:00:00,3998.0
2019-01-16 17:00:00,4341.0
2019-01-16 18:00:00,4435.0
2019-01-16 19:00:00,4498.0
2019-01-16 20:00:00,4448.0
2019-01-16 21:00:00,4066.0
2019-01-16 22:00:00,3961.0
2019-01-16 23:00:00,3903.0
2019-01-17 00:00:00,3633.0
2019-01-17 01:00:00,3500.0
2019-01-17 02:00:00,3339.0
2019-01-17 03:00:00,3245.0
2019-01-17 04:00:00,3213.0
2019-01-17 05:00:00,3249.0
2019-01-17 06:00:00,3209.0
2019-01-17 07:00:00,3272.0
2019-01-17 08:00:00,3261.0
2019-01-17 09:00:00,3210.0
2019-01-17 10:00:00,3259.0
2019-01-17 11:00:00,3376.0
2019-01-17 12:00:00,3473.0
2019-01-17 13:00:00,3670.0
2019-01-17 14:00:00,3675.0
2019-01-17 15:00:00,3594.0
2019-01-17 16:00:00,3525.0
2019-01-17 17:00:00,3710.0
2019-01-17 18:00:00,3786.0
2019-01-17 19:00:00,3876.0
2019-01-17 20:00:00,3681.0
2019-01-17 21:00:00,3621.0
2019-01-17 22:00:00,3509.0
2019-01-17 23:00:00,3376.0
2019-01-18 00:00:00,3259.0
2019-01-18 01:00:00,3223.0
2019-01-18 02:00:00,3068.0
2019-01-18 03:00:00,3038.0
2019-01-18 04:00:00,3021.0
2019-01-18 05:00:00,2951.0
2019-01-18 06:00:00,2961.0
2019-01-18 07:00:00,2950.0
2019-01-18 08:00:00,2866.0
2019-01-18 09:00:00,2896.0
2019-01-18 10:00:00,2986.0
2019-01-18 11:00:00,2991.0
2019-01-18 12:00:00,3123.0
2019-01-18 13:00:00,3210.0
2019-01-18 14:00:00,3274.0
2019-01-18 15:00:00,3221.0
2019-01-18 16:00:00,3378.0
2019-01-18 17:00:00,3358.0
2019-01-18 18:00:00,3355.0
2019-01-18 19:00:00,3337.0
2019-01-18 20:00:00,3322.0
2019-01-18 21:00:00,3239.0
2019-01-18 22:00:00,3198.0
2019-01-18 23:00:00,3129.0
2019-01-19 00:00:00,3081.0
2019-01-19 01:00:00,3079.0
2019-01-19 02:00:00,3033.0
2019-01-19 03:00:00,2856.0
2019-01-19 04:00:00,2851.0
2019-01-19 05:00:00,2782.0
2019-01-19 06:00:00,2769.0
2019-01-19 07:00:00,2864.0
2019-01-19 08:00:00,3040.0
2019-01-19 09:00:00,3100.0
2019-01-19 10:00:00,3292.0
2019-01-19 11:00:00,3592.0
2019-01-19 12:00:00,3848.0
2019-01-19 13:00:00,4127.0
2019-01-19 14:00:00,4403.0
2019-01-19 15:00:00,4303.0
2019-01-19 16:00:00,4373.0
2019-01-19 17:00:00,4691.0
2019-01-19 18:00:00,4949.0
2019-01-19 19:00:00,4942.0
2019-01-19 20:00:00,4545.0
2019-01-19 21:00:00,4196.0
2019-01-19 22:00:00,4068.0
2019-01-19 23:00:00,3777.0
2019-01-20 00:00:00,3677.0
2019-01-20 01:00:00,3524.0
2019-01-20 02:00:00,3381.0
2019-01-20 03:00:00,3204.0
2019-01-20 04:00:00,3198.0
2019-01-20 05:00:00,3181.0
2019-01-20 06:00:00,3114.0
2019-01-20 07:00:00,3094.0
2019-01-20 08:00:00,3087.0
2019-01-20 09:00:00,3131.0
2019-01-20 10:00:00,3339.0
2019-01-20 11:00:00,3648.0
2019-01-20 12:00:00,3842.0
2019-01-20 13:00:00,4191.0
2019-01-20 14:00:00,4375.0
2019-01-20 15:00:00,4445.0
2019-01-20 16:00:00,3995.5444472292265
2019-01-20 17:00:00,4146.372082785683
2019-01-20 18:00:00,4275.747092661395
2019-01-20 19:00:00,4274.616677811993
2019-01-20 20:00:00,4157.347471472452
2019-01-20 21:00:00,3985.1231773666455
2019-01-20 22:00:00,3880.56869760802
2019-01-20 23:00:00,3840.128915494546
2019-01-21 00:00:00,3830.439591540017
2019-01-21 01:00:00,3788.4269151932795
2019-01-21 02:00:00,3653.266358388749
2019-01-21 03:00:00,3539.313487122599
2019-01-21 04:00:00,3365.446900850921
2019-01-21 05:00:00,3214.8261037278994
2019-01-21 06:00:00,3078.585591757914
2019-01-21 07:00:00,2982.022938281253
2019-01-21 08:00:00,2935.325876914896
2019-01-21 09:00:00,2968.345157737268
2019-01-21 10:00:00,3081.6110025738135
2019-01-21 11:00:00,3234.737536779951
2019-01-21 12:00:00,3328.4161631920165
2019-01-21 13:00:00,3399.077135717247
2019-01-21 14:00:00,3457.176930934331
2019-01-21 15:00:00,3485.052370492908
2019-01-21 16:00:00,3552.2803769962875
2019-01-21 17:00:00,3642.7823077200105
2019-01-21 18:00:00,3742.2966827751843
2019-01-21 19:00:00,3812.3447152995745
2019-01-21 20:00:00,3770.5563988491963
2019-01-21 21:00:00,3643.514433797346
2019-01-21 22:00:00,3543.007121246405
2019-01-21 23:00:00,3544.8021887760738
2019-01-22 00:00:00,3532.3021912243053
2019-01-22 01:00:00,3454.246645405924
2019-01-22 02:00:00,3317.6816362701707
2019-01-22 03:00:00,3175.9237102143607
2019-01-22 04:00:00,3072.12945475195
2019-01-22 05:00:00,3012.262632897486
2019-01-22 06:00:00,2944.1281128283395
2019-01-22 07:00:00,2887.1022248214085
2019-01-22 08:00:00,2918.5291367487584
2019-01-22 09:00:00,3066.9352275098245
2019-01-22 10:00:00,3286.714831653274
2019-01-22 11:00:00,3527.078391650972
2019-01-22 12:00:00,3714.859394442883
2019-01-22 13:00:00,3838.9013402636874
2019-01-22 14:00:00,3938.6944699601327
2019-01-22 15:00:00,4029.5670907973317
2019-01-22 16:00:00,4148.163227538656
2019-01-22 17:00:00,4343.938513466412
2019-01-22 18:00:00,4023.0
2019-01-22 19:00:00,4475.0
2019-01-22 20:00:00,4426.0
2019-01-22 21:00:00,4164.765925385319
2019-01-22 22:00:00,4063.8276888532673
2019-01-22 23:00:00,4036.7021875626588
2019-01-23 00:00:00,4030.583704174993
2019-01-23 01:00:00,3985.4572603573033
2019-01-23 02:00:00,3765.937808376494
2019-01-23 03:00:00,3652.876422919876
2019-01-23 04:00:00,3490.0001466275335
2019-01-23 05:00:00,3361.2921889593786
2019-01-23 06:00:00,3269.0228057436025
2019-01-23 07:00:00,3176.8774690802484
2019-01-23 08:00:00,3107.120467277018
2019-01-23 09:00:00,3097.1258546593094
2019-01-23 10:00:00,3163.275335067241
2019-01-23 11:00:00,3296.9435374034647
2019-01-23 12:00:00,3392.916234747336
2019-01-23 13:00:00,3465.348979732693
2019-01-23 14:00:00,3512.5731304357964
2019-01-23 15:00:00,3513.3417489827693
2019-01-23 16:00:00,3545.11645314543
2019-01-23 17:00:00,3606.9087850915867
2019-01-23 18:00:00,3684.9742361258623
2019-01-23 19:00:00,3762.9958568869115
2019-01-23 20:00:00,3744.9027004441855
2019-01-23 21:00:00,3639.5269190018785
2019-01-23 22:00:00,3552.3703961224655
2019-01-23 23:00:00,3568.783441228587
2019-01-24 00:00:00,3591.559213756139
2019-01-24 01:00:00,3555.8514878170777
2019-01-24 02:00:00,3449.1993011730383
2019-01-24 03:00:00,3295.8725825127253
2019-01-24 04:00:00,3143.7100563479135
2019-01-24 05:00:00,3049.560868712133
2019-01-24 06:00:00,2973.3333900657913
2019-01-24 07:00:00,2913.246638841466
2019-01-24 08:00:00,2931.5026191803595
2019-01-24 09:00:00,3012.5779946615753
2019-01-24 10:00:00,3160.088181370881
2019-01-24 11:00:00,3340.1307209372444
2019-01-24 12:00:00,3494.0068248832686
2019-01-24 13:00:00,3557.472167858315
2019-01-24 14:00:00,3570.3011135761317
2019-01-24 15:00:00,3577.6578922670883
2019-01-24 16:00:00,3604.6633025400224
2019-01-24 17:00:00,3668.7561014275866
2019-01-24 18:00:00,3740.0815669375825
2019-01-24 19:00:00,3705.7214335414383
2019-01-24 20:00:00,3576.9583768302587
2019-01-24 21:00:00,3449.380883148583
2019-01-24 22:00:00,3429.1711839406935
2019-01-24 23:00:00,3567.0
2019-01-25 00:00:00,3587.2964166728843
2019-01-25 01:00:00,3608.1154279273846
2019-01-25 02:00:00,3581.2892287660006
2019-01-25 03:00:00,3508.9408316691147
2019-01-25 04:00:00,3364.4010509120826
2019-01-25 05:00:00,3240.450528718925
2019-01-25 06:00:00,3141.898904614841
2019-01-25 07:00:00,3067.4424572777043
2019-01-25 08:00:00,3019.172845637627
2019-01-25 09:00:00,3009.259325576997
2019-01-25 10:00:00,3090.9654491549304
2019-01-25 11:00:00,3232.8038904071577
2019-01-25 12:00:00,3338.593373284874
2019-01-25 13:00:00,3412.3522215312073
2019-01-25 14:00:00,3461.855239335353
2019-01-25 15:00:00,3471.6112996307875
2019-01-25 16:00:00,3501.0191117126274
2019-01-25 17:00:00,3542.4532644866317
2019-01-25 18:00:00,3574.936173159346
2019-01-25 19:00:00,3570.70956553375
2019-01-25 20:00:00,3511.2030658693866
2019-01-25 21:00:00,3428.2008126478177
2019-01-25 22:00:00,3393.029954323947
2019-01-25 23:00:00,3463.573407338565
2019-01-26 00:00:00,3508.902918318983
2019-01-26 01:00:00,3483.0514923136775
2019-01-26 02:00:00,3381.651985560335
2019-01-26 03:00:00,3239.9078178862555
2019-01-26 04:00:00,3108.1716485887773
2019-01-26 05:00:00,3028.4643721908665
2019-01-26 06:00:00,2961.7423301756185
2019-01-26 07:00:00,2905.93202795261
2019-01-26 08:00:00,2923.1423712800015
2019-01-26 09:00:00,2999.058026031842
2019-01-26 10:00:00,3145.6602455368347
2019-01-26 11:00:00,3317.6119721783916
2019-01-26 12:00:00,3467.48270819075
2019-01-26 13:00:00,3521.702242568515
2019-01-26 14:00:00,3534.793228131703
2019-01-26 15:00:00,3536.555095375935
2019-01-26 16:00:00,3559.832844098819
2019-01-26 17:00:00,3615.472738936682
2019-01-26 18:00:00,3678.865940492287
2019-01-26 19:00:00,3647.473359003159
2019-01-26 20:00:00,3521.3486685370726
2019-01-26 21:00:00,3400.547038635844
2019-01-26 22:00:00,3385.559812300192
2019-01-26 23:00:00,3455.5118391644487
2019-01-27 00:00:00,3540.0417231812908
2019-01-27 01:00:00,3566.8969951135928
2019-01-27 02:00:00,3481.0
2019-01-27 03:00:00,3505.399391453687
2019-01-27 04:00:00,3367.086920426954
2019-01-27 05:00:00,3245.935426343642
2019-01-27 06:00:00,3149.1113677088624
2019-01-27 07:00:00,3075.7991345504224
2019-01-27 08:00:00,3030.5573660115865
2019-01-27 09:00:00,3022.30754550364
2019-01-27 10:00:00,3104.2719089929433
2019-01-27 11:00:00,3243.10145767686
2019-01-27 12:00:00,3344.338115965496
2019-01-27 13:00:00,3415.914864395623
2019-01-27 14:00:00,3462.3126809593464
2019-01-27 15:00:00,3470.0278245468126
2019-01-27 16:00:00,3497.020430516273
2019-01-27 17:00:00,3535.4212736891523
2019-01-27 18:00:00,3564.360301671584
2019-01-27 19:00:00,3559.939659916026
2019-01-27 20:00:00,3498.294976698569
2019-01-27 21:00:00,3417.0313693573053
2019-01-27 22:00:00,3387.7391645348084
2019-01-27 23:00:00,3462.0921169022326
2019-01-28 00:00:00,3510.192512731297
2019-01-28 01:00:00,3483.443294991499
2019-01-28 02:00:00,3378.508780885139
2019-01-28 03:00:00,3243.109843738105
2019-01-28 04:00:00,3119.5069336109736
2019-01-28 05:00:00,3041.3067896574607
2019-01-28 06:00:00,2974.1968431725477
2019-01-28 07:00:00,2915.737774023019
2019-01-28 08:00:00,2925.087560771276
2019-01-28 09:00:00,2982.001137797821
2019-01-28 10:00:00,3111.7150788558483
2019-01-28 11:00:00,3267.5898416230975
2019-01-28 12:00:00,3404.2049337252033
2019-01-28 13:00:00,3466.5341537603326
2019-01-28 14:00:00,3492.209988418806
2019-01-28 15:00:00,3497.5146799061513
2019-01-28 16:00:00,3517.671294691198
2019-01-28 17:00:00,3559.824179594134
2019-01-28 18:00:00,3603.607526911507
2019-01-28 19:00:00,3566.0575331849786
2019-01-28 20:00:00,3454.1551808307127
2019-01-28 21:00:00,3347.703047608642
2019-01-28 22:00:00,3332.6897581480753
2019-01-28 23:00:00,3396.991168498625
2019-01-29 00:00:00,3480.9118796905764
2019-01-29 01:00:00,3516.243907629002
2019-01-29 02:00:00,3518.4094236815154
2019-01-29 03:00:00,3459.743704457349
2019-01-29 04:00:00,3319.5517402121036
2019-01-29 05:00:00,3322.0
2019-01-29 06:00:00,3095.2951791274004
2019-01-29 07:00:00,3031.795644935851
2019-01-29 08:00:00,2995.595106866432
2019-01-29 09:00:00,2998.3453091001616
2019-01-29 10:00:00,3090.08331576917
2019-01-29 11:00:00,3235.582919726417
2019-01-29 12:00:00,3340.079855872407
2019-01-29 13:00:00,3412.3288199979966
2019-01-29 14:00:00,3459.9835097751024
2019-01-29 15:00:00,3467.837240395206
2019-01-29 16:00:00,3495.6393469602094
2019-01-29 17:00:00,3534.362730005265
2019-01-29 18:00:00,3562.200800816321
2019-01-29 19:00:00,3552.4170927252194
2019-01-29 20:00:00,3486.314636500558
2019-01-29 21:00:00,3403.5663646436333
2019-01-29 22:00:00,3374.615453677933
2019-01-29 23:00:00,3450.9326361542053
2019-01-30 00:00:00,3502.3078871736475
2019-01-30 01:00:00,3479.4424231004346
2019-01-30 02:00:00,3376.0256919000444
2019-01-30 03:00:00,3242.9266484285126
2019-01-30 04:00:00,3122.0153159067672
2019-01-30 05:00:00,3047.788821903324
2019-01-30 06:00:00,2984.859376086185
2019-01-30 07:00:00,2927.3414457631116
2019-01-30 08:00:00,2934.411648827944
2019-01-30 09:00:00,2987.2230169303707
2019-01-30 10:00:00,3112.410057302512
2019-01-30 11:00:00,3266.518411740608
2019-01-30 12:00:00,3406.480062313591
2019-01-30 13:00:00,3471.4299592458747
2019-01-30 14:00:00,3498.2162795740232
2019-01-30 15:00:00,3505.295446060763
2019-01-30 16:00:00,3526.266970614646
2019-01-30 17:00:00,3568.5075652011124
2019-01-30 18:00:00,3610.943479671071
2019-01-30 19:00:00,3572.47562990336
2019-01-30 20:00:00,3459.5852742348707
2019-01-30 21:00:00,3351.064461855983
2019-01-30 22:00:00,3335.345449307782
2019-01-30 23:00:00,3400.0799047232927
2019-01-31 00:00:00,3484.5852816226775
2019-01-31 01:00:00,3517.7925690934917
2019-01-31 02:00:00,3530.5930767276423
2019-01-31 03:00:00,3473.5871219951946
2019-01-31 04:00:00,3335.2650651435715
2019-01-31 05:00:00,3206.722912354292
2019-01-31 06:00:00,3103.795340761491
2019-01-31 07:00:00,3036.6462443099936
2019-01-31 08:00:00,3308.0
2019-01-31 09:00:00,2999.0570924273675
2019-01-31 10:00:00,3090.462768661486
2019-01-31 11:00:00,3237.3737082355774
2019-01-31 12:00:00,3340.8025926731634
2019-01-31 13:00:00,3412.7334269792914
2019-01-31 14:00:00,3460.6926478896307
2019-01-31 15:00:00,3469.4418853701172
2019-01-31 16:00:00,3497.311706922821
2019-01-31 17:00:00,3535.9099664945043
2019-01-31 18:00:00,3563.678115244124
2019-01-31 19:00:00,3553.75085318079
2019-01-31 20:00:00,3487.892780211613
2019-01-31 21:00:00,3404.1132029908217
2019-01-31 22:00:00,3376.070910295713
2019-01-31 23:00:00,3453.057331579496
2019-02-01 00:00:00,3504.335233858683
2019-02-01 01:00:00,3479.891585126851
2019-02-01 02:00:00,3377.046506497841
2019-02-01 03:00:00,3243.621430326866
2019-02-01 04:00:00,3121.2951874658806
2019-02-01 05:00:00,3047.319300747752
2019-02-01 06:00:00,2983.365658063974
2019-02-01 07:00:00,2926.1306262757166
2019-02-01 08:00:00,2933.8876837903827
2019-02-01 09:00:00,2986.9511906170424
2019-02-01 10:00:00,3113.856681530592
2019-02-01 11:00:00,3268.868183644639
2019-02-01 12:00:00,3408.864058192176
2019-02-01 13:00:00,3472.5805162023394
2019-02-01 14:00:00,3498.102727882427
2019-02-01 15:00:00,3505.200566458658
2019-02-01 16:00:00,3526.4680436309754
2019-02-01 17:00:00,3569.119186690371
2019-02-01 18:00:00,3612.075622507702
2019-02-01 19:00:00,3573.0329016900278
2019-02-01 20:00:00,3458.760594377103
2019-02-01 21:00:00,3350.300327067342
2019-02-01 22:00:00,3335.40027809688
2019-02-01 23:00:00,3400.631214544543
2019-02-02 00:00:00,3485.6016575044637
2019-02-02 01:00:00,3518.8824622328925
2019-02-02 02:00:00,3542.8599516042123
2019-02-02 03:00:00,3483.709605667866
2019-02-02 04:00:00,3344.2958376049705
2019-02-02 05:00:00,3212.636232063918
2019-02-02 06:00:00,3109.3612449534016
2019-02-02 07:00:00,3042.580152455138
2019-02-02 08:00:00,3006.8577672879237
2019-02-02 09:00:00,3018.6850291101587
2019-02-02 10:00:00,3122.3141676127802
2019-02-02 11:00:00,3444.0
2019-02-02 12:00:00,3366.9063785195517
2019-02-02 13:00:00,3434.0485671168885
2019-02-02 14:00:00,3486.4618061427514
2019-02-02 15:00:00,3502.0348119595965
2019-02-02 16:00:00,3532.572076623068
2019-02-02 17:00:00,3573.33237989378
2019-02-02 18:00:00,3603.5375147654286
2019-02-02 19:00:00,3603.232103259555
2019-02-02 20:00:00,3540.121546363865
2019-02-02 21:00:00,3451.624789218907
2019-02-02 22:00:00,3420.846986276274
2019-02-02 23:00:00,3495.24434218283
2019-02-03 00:00:00,3551.6363946466677
2019-02-03 01:00:00,3529.836386206259
2019-02-03 02:00:00,3424.464048454141
2019-02-03 03:00:00,3287.613991036426
2019-02-03 04:00:00,3157.290512720182
2019-02-03 05:00:00,3072.354428861779
2019-02-03 06:00:00,3000.587892564147
2019-02-03 07:00:00,2934.2107273176043
2019-02-03 08:00:00,2935.845419615473
2019-02-03 09:00:00,2989.7679899699565
2019-02-03 10:00:00,3124.3179448795895
2019-02-03 11:00:00,3296.4032957089453
2019-02-03 12:00:00,3441.351176274539
2019-02-03 13:00:00,3482.4108758538737
2019-02-03 14:00:00,3501.166264975794
2019-02-03 15:00:00,3509.4395320592726
2019-02-03 16:00:00,3546.5277478147095
2019-02-03 17:00:00,3623.714034161663
2019-02-03 18:00:00,3710.5472186913885
2019-02-03 19:00:00,3668.3011739840645
2019-02-03 20:00:00,3504.429212614365
2019-02-03 21:00:00,3359.807131347096
2019-02-03 22:00:00,3343.7276491975613
2019-02-03 23:00:00,3402.361593111541
2019-02-04 00:00:00,3480.3213543866377
2019-02-04 01:00:00,3501.599187198061
2019-02-04 02:00:00,3517.4056801234306
2019-02-04 03:00:00,3452.07970437816
2019-02-04 04:00:00,3315.446918833359
2019-02-04 05:00:00,3187.6320029821936
2019-02-04 06:00:00,3091.0942128668025
2019-02-04 07:00:00,3027.193081339962
2019-02-04 08:00:00,3001.576677976856
2019-02-04 09:00:00,3054.803704808283
2019-02-04 10:00:00,3249.056580755261
2019-02-04 11:00:00,3517.5265245762953
2019-02-04 12:00:00,3683.891516999792
2019-02-04 13:00:00,3781.6637042103166
2019-02-04 14:00:00,4523.0
2019-02-04 15:00:00,3857.264013577094
2019-02-04 16:00:00,3925.5163152212676
2019-02-04 17:00:00,4053.2276746813736
2019-02-04 18:00:00,4169.368005799945
2019-02-04 19:00:00,4193.972775009254
2019-02-04 20:00:00,4097.328725963536
2019-02-04 21:00:00,3943.0007451675574
2019-02-04 22:00:00,3824.300617990988
2019-02-04 23:00:00,3840.6771870064986
2019-02-05 00:00:00,3843.779374506161
2019-02-05 01:00:00,3778.240848142183
2019-02-05 02:00:00,3633.0501526128323
2019-02-05 03:00:00,3434.817406780711
2019-02-05 04:00:00,3247.711109296194
2019-02-05 05:00:00,3114.730351054735
2019-02-05 06:00:00,3010.2993937197034
2019-02-05 07:00:00,2925.607021576724
2019-02-05 08:00:00,2923.0406575293528
2019-02-05 09:00:00,2986.0421383022654
2019-02-05 10:00:00,3121.189632833665
2019-02-05 11:00:00,3295.440630747741
2019-02-05 12:00:00,3441.90035272767
2019-02-05 13:00:00,3486.3407282887683
2019-02-05 14:00:00,3497.9064334468953
2019-02-05 15:00:00,3504.5166438544557
2019-02-05 16:00:00,3543.4613771498666
2019-02-05 17:00:00,3624.689495236828
2019-02-05 18:00:00,3721.371265179124
2019-02-05 19:00:00,3695.551106734202
2019-02-05 20:00:00,3546.8371517081387
2019-02-05 21:00:00,3397.2220677210626
2019-02-05 22:00:00,3384.9122060910986
2019-02-05 23:00:00,3438.8018218455327
2019-02-06 00:00:00,3507.205363319828
2019-02-06 01:00:00,3526.4472545523904
2019-02-06 02:00:00,3519.963428803195
2019-02-06 03:00:00,3448.547436417219
2019-02-06 04:00:00,3306.918040672163
2019-02-06 05:00:00,3178.7762895492865
2019-02-06 06:00:00,3085.4220661235904
2019-02-06 07:00:00,3024.671432033214
2019-02-06 08:00:00,2994.2993457508787
2019-02-06 09:00:00,3041.8754694356458
2019-02-06 10:00:00,3245.5558506086318
2019-02-06 11:00:00,3531.6475461288446
2019-02-06 12:00:00,3711.472928475475
2019-02-06 13:00:00,3814.517294806994
2019-02-06 14:00:00,3870.868383327132
2019-02-06 15:00:00,3899.0439931033047
2019-02-06 16:00:00,3986.007366320153
2019-02-06 17:00:00,4621.0
2019-02-06 18:00:00,4253.441938684148
2019-02-06 19:00:00,4265.603463666326
2019-02-06 20:00:00,4161.648177811081
2019-02-06 21:00:00,3991.0821290423437
2019-02-06 22:00:00,3854.783639415537
2019-02-06 23:00:00,3867.9031572417894
2019-02-07 00:00:00,3864.27464612484
2019-02-07 01:00:00,3792.3131175242324
2019-02-07 02:00:00,3640.4645363377717
2019-02-07 03:00:00,3440.5267871444807
2019-02-07 04:00:00,3259.155237040049
2019-02-07 05:00:00,3129.320963373716
2019-02-07 06:00:00,3028.1716789985803
2019-02-07 07:00:00,2943.856908917994
2019-02-07 08:00:00,2940.3295382857877
2019-02-07 09:00:00,3006.5312350281915
2019-02-07 10:00:00,3136.3348266843145
2019-02-07 11:00:00,3305.880560415544
2019-02-07 12:00:00,3454.405092007428
2019-02-07 13:00:00,3506.902523321016
2019-02-07 14:00:00,3514.629091279026
2019-02-07 15:00:00,3518.099974745765
2019-02-07 16:00:00,3549.5828292359715
2019-02-07 17:00:00,3619.627524533841
2019-02-07 18:00:00,3717.9379429134597
2019-02-07 19:00:00,3722.0285554872626
2019-02-07 20:00:00,3607.833061710909
2019-02-07 21:00:00,3449.212252887745
2019-02-07 22:00:00,3429.1526797362176
2019-02-07 23:00:00,3481.207910109383
2019-02-08 00:00:00,3548.148341866061
2019-02-08 01:00:00,3570.4461334711796
2019-02-08 02:00:00,3555.178522781182
2019-02-08 03:00:00,3485.288859057923
2019-02-08 04:00:00,3346.6366297080685
2019-02-08 05:00:00,3219.093376379973
2019-02-08 06:00:00,3124.7671928958916
2019-02-08 07:00:00,3060.9853211511627
2019-02-08 08:00:00,3028.1310590144244
2019-02-08 09:00:00,3056.26052088521
2019-02-08 10:00:00,3183.6266186695025
2019-02-08 11:00:00,3353.0037262346495
2019-02-08 12:00:00,3462.9498291604223
2019-02-08 13:00:00,3538.5469077643465
2019-02-08 14:00:00,3591.3811409868867
2019-02-08 15:00:00,3613.810235052887
2019-02-08 16:00:00,3655.3236459330737
2019-02-08 17:00:00,3714.0855468919012
2019-02-08 18:00:00,3761.1070276236533
2019-02-08 19:00:00,3776.243884550135
2019-02-08 20:00:00,3583.0
2019-02-08 21:00:00,3594.659697837111
2019-02-08 22:00:00,3543.8880425842517
2019-02-08 23:00:00,3606.9604445391788
2019-02-09 00:00:00,3667.7840553793158
2019-02-09 01:00:00,3640.2704694497584
2019-02-09 02:00:00,3522.671504182388
2019-02-09 03:00:00,3369.8886633603374
2019-02-09 04:00:00,3218.327648731066
2019-02-09 05:00:00,3116.140208464494
2019-02-09 06:00:00,3036.15266236542
2019-02-09 07:00:00,2960.1191850909877
2019-02-09 08:00:00,2956.834780928528
2019-02-09 09:00:00,3005.2839230711597
2019-02-09 10:00:00,3125.855652870529
2019-02-09 11:00:00,3283.6359064651024
2019-02-09 12:00:00,3417.4387443939722
2019-02-09 13:00:00,3460.940331518828
2019-02-09 14:00:00,3478.3435706338832
2019-02-09 15:00:00,3485.1581298629467
2019-02-09 16:00:00,3518.024033392321
2019-02-09 17:00:00,3578.963570882806
2019-02-09 18:00:00,3649.4938183078166
2019-02-09 19:00:00,3609.9706965666364
2019-02-09 20:00:00,3474.327146857756
2019-02-09 21:00:00,3351.4774712775493
2019-02-09 22:00:00,3341.8527748643437
2019-02-09 23:00:00,3404.235525650771
2019-02-10 00:00:00,3482.5477348992817
2019-02-10 01:00:00,3511.9500026808646
2019-02-10 02:00:00,3510.756819309575
2019-02-10 03:00:00,3450.270002188877
2019-02-10 04:00:00,3317.6722633726167
2019-02-10 05:00:00,3189.9012883531022
2019-02-10 06:00:00,3090.5996645597024
2019-02-10 07:00:00,3026.5359384430562
2019-02-10 08:00:00,2995.780959672972
2019-02-10 09:00:00,3034.1267979822255
2019-02-10 10:00:00,3196.043930803926
2019-02-10 11:00:00,3418.8555137526487
2019-02-10 12:00:00,3552.2644238250905
2019-02-10 13:00:00,3637.000658999348
2019-02-10 14:00:00,3689.5114719770713
2019-02-10 15:00:00,3705.697421889514
2019-02-10 16:00:00,3776.763853105385
2019-02-10 17:00:00,3891.629158955154
2019-02-10 18:00:00,4002.824825954015
2019-02-10 19:00:00,4060.821908299872
2019-02-10 20:00:00,3985.933415018352
2019-02-10 21:00:00,3840.695433241317
2019-02-10 22:00:00,3741.0486501410146
2019-02-10 23:00:00,4458.0
2019-02-11 00:00:00,3810.5957137801634
2019-02-11 01:00:00,3753.9774833480956
2019-02-11 02:00:00,3613.655780838939
2019-02-11 03:00:00,3426.7518912613596
2019-02-11 04:00:00,3259.6079123675145
2019-02-11 05:00:00,3141.1133624393883
2019-02-11 06:00:00,3047.1667628798305
2019-02-11 07:00:00,2964.441544501816
2019-02-11 08:00:00,2960.1643420653095
2019-02-11 09:00:00,3021.6476345513624
2019-02-11 10:00:00,3147.9226271483394
2019-02-11 11:00:00,3315.50701757403
2019-02-11 12:00:00,3465.1772784045042
2019-02-11 13:00:00,3513.2977385402583
2019-02-11 14:00:00,3518.7483425795613
2019-02-11 15:00:00,3518.9932745324118
2019-02-11 16:00:00,3543.1263892180295
2019-02-11 17:00:00,3602.511499826918
2019-02-11 18:00:00,3684.681985167275
2019-02-11 19:00:00,3671.096877151659
2019-02-11 20:00:00,3551.112937358908
2019-02-11 21:00:00,3411.473736573459
2019-02-11 22:00:00,3401.243540331914
2019-02-11 23:00:00,3465.114341997601
2019-02-12 00:00:00,3541.8099700560983
2019-02-12 01:00:00,3565.946536621418
2019-02-12 02:00:00,3552.4829896410483
2019-02-12 03:00:00,3479.7566629012517
2019-02-12 04:00:00,3339.922875193718
2019-02-12 05:00:00,3211.6284387916876
2019-02-12 06:00:00,3116.163974431031
2019-02-12 07:00:00,3052.1914221618867
2019-02-12 08:00:00,3013.832759075378
2019-02-12 09:00:00,3024.9000177182475
2019-02-12 10:00:00,3132.0723080445
2019-02-12 11:00:00,3291.9550430105282
2019-02-12 12:00:00,3395.8274796581695
2019-02-12 13:00:00,3467.169230014636
2019-02-12 14:00:00,3516.925619064712
2019-02-12 15:00:00,3533.297835354097
2019-02-12 16:00:00,3571.636667535035
2019-02-12 17:00:00,3623.466506133212
2019-02-12 18:00:00,3654.392694860709
2019-02-12 19:00:00,3655.6769415210765
2019-02-12 20:00:00,3593.0590575340248
2019-02-12 21:00:00,3502.6915986126896
2019-02-12 22:00:00,3471.0919043414433
2019-02-12 23:00:00,3555.914608488022
2019-02-13 00:00:00,3627.8185525284293
2019-02-13 01:00:00,3609.9624988641885
2019-02-13 02:00:00,3604.0
2019-02-13 03:00:00,3351.7115152729534
2019-02-13 04:00:00,3200.3724937708025
2019-02-13 05:00:00,3098.8264479677637
2019-02-13 06:00:00,3019.620762858077
2019-02-13 07:00:00,2948.896423976514
2019-02-13 08:00:00,2947.3011396148872
2019-02-13 09:00:00,2995.231590766287
2019-02-13 10:00:00,3115.979997022953
2019-02-13 11:00:00,3270.339798171439
2019-02-13 12:00:00,3410.7837414454157
2019-02-13 13:00:00,3474.5800062591275
2019-02-13 14:00:00,3498.0981867975047
2019-02-13 15:00:00,3505.1697288477026
2019-02-13 16:00:00,3525.5908771848094
2019-02-13 17:00:00,3570.8782203631267
2019-02-13 18:00:00,3618.6986044606842
2019-02-13 19:00:00,3582.0146926745642
2019-02-13 20:00:00,3468.382154206855
2019-02-13 21:00:00,3357.8364315230297
2019-02-13 22:00:00,3343.2221433221544
2019-02-13 23:00:00,3408.5281161820817
2019-02-14 00:00:00,3494.7331773539854
2019-02-14 01:00:00,3532.688859077517
2019-02-14 02:00:00,3522.3711742692903
2019-02-14 03:00:00,3459.361188687195
2019-02-14 04:00:00,3317.0435135170555
2019-02-14 05:00:00,3190.1526163155554
2019-02-14 06:00:00,3089.4406846891843
2019-02-14 07:00:00,3024.4235682347326
2019-02-14 08:00:00,2982.283790647249
2019-02-14 09:00:00,2984.199465133907
2019-02-14 10:00:00,3075.202675944363
2019-02-14 11:00:00,3224.0295602590395
2019-02-14 12:00:00,3330.0019845714473
2019-02-14 13:00:00,3402.096236513431
2019-02-14 14:00:00,3449.154471779234
2019-02-14 15:00:00,3456.3421247438196
2019-02-14 16:00:00,3482.141371267462
2019-02-14 17:00:00,3519.76726539987
2019-02-14 18:00:00,3545.4249684767055
2019-02-14 19:00:00,3532.7631379598347
2019-02-14 20:00:00,3466.4023312653794
2019-02-14 21:00:00,3386.344764830713
2019-02-14 22:00:00,3359.786612522438
2019-02-14 23:00:00,3433.771962222763
2019-02-15 00:00:00,3480.3301458287733
2019-02-15 01:00:00,3450.591600267066
2019-02-15 02:00:00,3341.9745611111957
2019-02-15 03:00:00,3211.5294480540897
2019-02-15 04:00:00,3093.779816222503
2019-02-15 05:00:00,3295.0
2019-02-15 06:00:00,2957.327789607197
2019-02-15 07:00:00,2900.996749014723
2019-02-15 08:00:00,2914.4653530193295
2019-02-15 09:00:00,2976.5680183686336
2019-02-15 10:00:00,3107.085207329078
2019-02-15 11:00:00,3264.7978032625415
2019-02-15 12:00:00,3404.357578056793
2019-02-15 13:00:00,3467.7804543125167
2019-02-15 14:00:00,3493.011328164709
2019-02-15 15:00:00,3500.7260786555544
2019-02-15 16:00:00,3523.9886604004832
2019-02-15 17:00:00,3569.047921548813
2019-02-15 18:00:00,3612.4892993745725
2019-02-15 19:00:00,3572.9014149651043
2019-02-15 20:00:00,3458.1939906404473
2019-02-15 21:00:00,3349.200495953995
2019-02-15 22:00:00,3331.9826346537293
2019-02-15 23:00:00,3394.6793386080208
2019-02-16 00:00:00,3477.4221357755487
2019-02-16 01:00:00,3509.320051160312
2019-02-16 02:00:00,3519.7654022856773
2019-02-16 03:00:00,3459.880387428229
2019-02-16 04:00:00,3320.712431690825
2019-02-16 05:00:00,3193.481759787177
2019-02-16 06:00:00,3090.185864850138
2019-02-16 07:00:00,3022.56865993405
2019-02-16 08:00:00,2979.889177065144
2019-02-16 09:00:00,2982.529033801591
2019-02-16 10:00:00,3075.534465871399
2019-02-16 11:00:00,3225.290442239004
2019-02-16 12:00:00,3333.158190098427
2019-02-16 13:00:00,3406.048540498036
2019-02-16 14:00:00,3453.7783649615617
2019-02-16 15:00:00,3462.0409037830955
2019-02-16 16:00:00,3489.160782973074
2019-02-16 17:00:00,3527.976392218044
2019-02-16 18:00:00,3557.1966972117307
2019-02-16 19:00:00,3548.1312257840277
2019-02-16 20:00:00,3483.541102344478
2019-02-16 21:00:00,3399.4109525487347
2019-02-16 22:00:00,3368.4999758415142
2019-02-16 23:00:00,3440.5484975432705
2019-02-17 00:00:00,3485.7090465875763
2019-02-17 01:00:00,3456.2904612014713
2019-02-17 02:00:00,3350.241071846503
2019-02-17 03:00:00,3215.016501714118
2019-02-17 04:00:00,3092.471770837548
2019-02-17 05:00:00,3018.031293050634
2019-02-17 06:00:00,2955.325437315638
2019-02-17 07:00:00,2896.2876152870144
2019-02-17 08:00:00,3250.0
2019-02-17 09:00:00,2971.2027244855717
2019-02-17 10:00:00,3103.394918621306
2019-02-17 11:00:00,3262.197039166088
2019-02-17 12:00:00,3400.1144972259285
2019-02-17 13:00:00,3461.275728926312
2019-02-17 14:00:00,3483.3929458659763
2019-02-17 15:00:00,3488.8827408194284
2019-02-17 16:00:00,3509.7490710796656
2019-02-17 17:00:00,3553.752274061284
2019-02-17 18:00:00,3598.532543072467
2019-02-17 19:00:00,3560.817571607869
2019-02-17 20:00:00,3446.483724199997
2019-02-17 21:00:00,3339.362081916489
2019-02-17 22:00:00,3324.304462622407
2019-02-17 23:00:00,3387.7091376856333
2019-02-18 00:00:00,3469.4793810550887
2019-02-18 01:00:00,3497.3335360695487
2019-02-18 02:00:00,3522.1642416564564
2019-02-18 03:00:00,3461.142477361351
2019-02-18 04:00:00,3321.5624703753942
2019-02-18 05:00:00,3193.2658473734105
2019-02-18 06:00:00,3089.9082813092164
2019-02-18 07:00:00,3022.8470706157777
2019-02-18 08:00:00,2980.8322158586
2019-02-18 09:00:00,2985.5533226542193
2019-02-18 10:00:00,3081.578236332562
2019-02-18 11:00:00,3230.406201662946
2019-02-18 12:00:00,3336.4776289972215
2019-02-18 13:00:00,3409.311770674803
2019-02-18 14:00:00,3458.1995922672945
2019-02-18 15:00:00,3469.497762416871
2019-02-18 16:00:00,3501.0249590248627
2019-02-18 17:00:00,3543.191205118151
2019-02-18 18:00:00,3573.2316079371185
2019-02-18 19:00:00,3565.0731578249843
2019-02-18 20:00:00,3499.9643024466386
2019-02-18 21:00:00,3414.904507805844
2019-02-18 22:00:00,3384.950696801892
2019-02-18 23:00:00,3460.988706971733
2019-02-19 00:00:00,3510.8972776459177
2019-02-19 01:00:00,3487.559565309326
2019-02-19 02:00:00,3388.0320952229695
2019-02-19 03:00:00,3252.357282048461
2019-02-19 04:00:00,3127.759784238706
2019-02-19 05:00:00,3054.6488329291747
2019-02-19 06:00:00,2993.698513944912
2019-02-19 07:00:00,2942.8706786333205
2019-02-19 08:00:00,2966.0884555529838
2019-02-19 09:00:00,3045.9956952882208
2019-02-19 10:00:00,3193.988449047203
2019-02-19 11:00:00,3572.0
2019-02-19 12:00:00,3508.0463689716307
2019-02-19 13:00:00,3568.8889712922637
2019-02-19 14:00:00,3585.371872943718
2019-02-19 15:00:00,3582.0431635162813
2019-02-19 16:00:00,3594.9583775633523
2019-02-19 17:00:00,3645.650242391689
2019-02-19 18:00:00,3710.67318977935
2019-02-19 19:00:00,3667.8795205315955
2019-02-19 20:00:00,3539.25779024513
2019-02-19 21:00:00,3411.567617054986
2019-02-19 22:00:00,3383.885847193045
2019-02-19 23:00:00,3448.201998666877
2019-02-20 00:00:00,3535.3320653247542
2019-02-20 01:00:00,3571.154436255388
2019-02-20 02:00:00,3545.8903252649507
2019-02-20 03:00:00,3477.6964967431304
2019-02-20 04:00:00,3334.8732870342888
2019-02-20 05:00:00,3211.101050537719
2019-02-20 06:00:00,3116.711451560228
2019-02-20 07:00:00,3052.2111425090334
2019-02-20 08:00:00,3010.3692502650365
2019-02-20 09:00:00,3003.810007291225
2019-02-20 10:00:00,3085.60094146511
2019-02-20 11:00:00,3221.281208855233
2019-02-20 12:00:00,3322.326216162171
2019-02-20 13:00:00,3394.379045547731
2019-02-20 14:00:00,3445.0556000816364
2019-02-20 15:00:00,3459.1124895583944
2019-02-20 16:00:00,3490.666224283051
2019-02-20 17:00:00,3530.8934885358694
2019-02-20 18:00:00,3564.8587973239187
2019-02-20 19:00:00,3563.1503175145085
2019-02-20 20:00:00,3508.415118170541
2019-02-20 21:00:00,3428.8715542309515
2019-02-20 22:00:00,3392.5905050598712
2019-02-20 23:00:00,3460.5401673482997
2019-02-21 00:00:00,3506.8229458238293
2019-02-21 01:00:00,3485.0909430988304
2019-02-21 02:00:00,3391.079904356746
2019-02-21 03:00:00,3255.5736723059977
2019-02-21 04:00:00,3123.735809731653
2019-02-21 05:00:00,3041.2563258787573
2019-02-21 06:00:00,2973.6250513794475
2019-02-21 07:00:00,2918.872391993903
2019-02-21 08:00:00,2943.8472125346793
2019-02-21 09:00:00,3038.020534665078
2019-02-21 10:00:00,3203.6233086459606
2019-02-21 11:00:00,3393.3430844457616
2019-02-21 12:00:00,3550.7607145970996
2019-02-21 13:00:00,3616.385640322538
2019-02-21 14:00:00,3700.0
2019-02-21 15:00:00,3637.184300637396
2019-02-21 16:00:00,3661.4042937709814
2019-02-21 17:00:00,3728.5742693857055
2019-02-21 18:00:00,3803.6976870352696
2019-02-21 19:00:00,3755.2912941501572
2019-02-21 20:00:00,3612.555970199374
2019-02-21 21:00:00,3470.6743538349547
2019-02-21 22:00:00,3436.3784139359495
2019-02-21 23:00:00,3499.75479013723
2019-02-22 00:00:00,3578.5414833861514
2019-02-22 01:00:00,3600.862713377289
2019-02-22 02:00:00,3549.1619087449108
2019-02-22 03:00:00,3474.78785609741
2019-02-22 04:00:00,3332.689168503144
2019-02-22 05:00:00,3207.6463086009744
2019-02-22 06:00:00,3110.8247805256915
2019-02-22 07:00:00,3041.6725169260985
2019-02-22 08:00:00,2994.9894760058855
2019-02-22 09:00:00,2989.6567600052776
2019-02-22 10:00:00,3072.214601117932
2019-02-22 11:00:00,3204.9635551957754
2019-02-22 12:00:00,3304.402807848799
2019-02-22 13:00:00,3375.56300079826
2019-02-22 14:00:00,3428.952929326227
2019-02-22 15:00:00,3446.400228020871
2019-02-22 16:00:00,3486.8016136029505
2019-02-22 17:00:00,3533.259283221957
2019-02-22 18:00:00,3575.376449564228
2019-02-22 19:00:00,3591.437050791692
2019-02-22 20:00:00,3540.346569610772
2019-02-22 21:00:00,3453.1593073945587
2019-02-22 22:00:00,3404.3013939033044
2019-02-22 23:00:00,3456.58487828623
2019-02-23 00:00:00,3485.886930998031
2019-02-23 01:00:00,3454.276893371948
2019-02-23 02:00:00,3358.5277001203344
2019-02-23 03:00:00,3221.9360054566832
2019-02-23 04:00:00,3096.3919842157184
2019-02-23 05:00:00,3015.4667798331857
2019-02-23 06:00:00,2942.291696447863
2019-02-23 07:00:00,2880.1647901402725
2019-02-23 08:00:00,2896.5992262541795
2019-02-23 09:00:00,3001.617789331788
2019-02-23 10:00:00,3205.292695815377
2019-02-23 11:00:00,3466.6325220949475
2019-02-23 12:00:00,3658.7994963394076
2019-02-23 13:00:00,3727.362557241401
2019-02-23 14:00:00,3728.856136041892
2019-02-23 15:00:00,3756.0277770483744
2019-02-23 16:00:00,3846.388520569103
2019-02-23 17:00:00,4592.0
2019-02-23 18:00:00,4214.782589440729
2019-02-23 19:00:00,4216.937938212934
2019-02-23 20:00:00,4064.7269628896
2019-02-23 21:00:00,3819.576022462859
2019-02-23 22:00:00,3696.1244381557344
2019-02-23 23:00:00,3691.0189483810127
2019-02-24 00:00:00,3723.038224157955
2019-02-24 01:00:00,3688.8163461191743
2019-02-24 02:00:00,3561.460403330921
2019-02-24 03:00:00,3472.5499570348234
2019-02-24 04:00:00,3329.1067725335297
2019-02-24 05:00:00,3210.271174433995
2019-02-24 06:00:00,3117.3454672726066
2019-02-24 07:00:00,3042.047809545844
2019-02-24 08:00:00,2995.073189207104
2019-02-24 09:00:00,3001.7917182074953
2019-02-24 10:00:00,3100.303483952126
2019-02-24 11:00:00,3246.2581504798595
2019-02-24 12:00:00,3344.5134616269406
2019-02-24 13:00:00,3417.1141243855104
2019-02-24 14:00:00,3469.4690295107393
2019-02-24 15:00:00,3485.649910114675
2019-02-24 16:00:00,3532.303583441504
2019-02-24 17:00:00,3602.3624506915066
2019-02-24 18:00:00,3679.8733979944873
2019-02-24 19:00:00,3743.6221882017167
2019-02-24 20:00:00,3724.014364962693
2019-02-24 21:00:00,3607.1213766578585
2019-02-24 22:00:00,3502.578198427083
2019-02-24 23:00:00,3521.112753237963
2019-02-25 00:00:00,3534.9610066831965
2019-02-25 01:00:00,3492.679435868761
2019-02-25 02:00:00,3386.717223878983
2019-02-25 03:00:00,3239.4650518694416
2019-02-25 04:00:00,3106.074805696978
2019-02-25 05:00:00,3022.8151478943587
2019-02-25 06:00:00,2949.742646348056
2019-02-25 07:00:00,2884.451328621525
2019-02-25 08:00:00,2900.081538186219
2019-02-25 09:00:00,3004.341588575816
2019-02-25 10:00:00,3203.0670114113327
2019-02-25 11:00:00,3470.692804807597
2019-02-25 12:00:00,3662.244885852381
2019-02-25 13:00:00,3738.1188355096015
2019-02-25 14:00:00,3749.5292511234607
2019-02-25 15:00:00,3780.63220229814
2019-02-25 16:00:00,3895.903200239668
2019-02-25 17:00:00,4124.829470736811
2019-02-25 18:00:00,4297.624524757088
2019-02-25 19:00:00,4292.44835948574
2019-02-25 20:00:00,4640.0
2019-02-25 21:00:00,3949.7872471253067
2019-02-25 22:00:00,3832.545754097536
2019-02-25 23:00:00,3814.283549728812
2019-02-26 00:00:00,3824.3477404484142
2019-02-26 01:00:00,3771.7202596694233
2019-02-26 02:00:00,3600.4797881314885
2019-02-26 03:00:00,3503.205871361693
2019-02-26 04:00:00,3356.977150973113
2019-02-26 05:00:00,3236.0578500552824
2019-02-26 06:00:00,3142.5106202834977
2019-02-26 07:00:00,3060.9325397402986
2019-02-26 08:00:00,3007.9356218433104
2019-02-26 09:00:00,3011.0858326468224
2019-02-26 10:00:00,3104.899102841047
2019-02-26 11:00:00,3250.792655128505
2019-02-26 12:00:00,3354.7743849210165
2019-02-26 13:00:00,3428.3914358456423
2019-02-26 14:00:00,3476.561356544765
2019-02-26 15:00:00,3483.6482252684204
2019-02-26 16:00:00,3515.7853440417366
2019-02-26 17:00:00,3567.6423226857796
2019-02-26 18:00:00,3624.789472810735
2019-02-26 19:00:00,3675.157827309612
2019-02-26 20:00:00,3661.014276406979
2019-02-26 21:00:00,3554.926007339354
2019-02-26 22:00:00,3471.503132543946
2019-02-26 23:00:00,3506.755505184812
2019-02-27 00:00:00,3536.1798109457022
2019-02-27 01:00:00,3502.7896844091083
2019-02-27 02:00:00,3397.9624774907315
2019-02-27 03:00:00,3252.733606546836
2019-02-27 04:00:00,3117.342297931101
2019-02-27 05:00:00,3035.91599363112
2019-02-27 06:00:00,2968.215779811926
2019-02-27 07:00:00,2912.790073495357
2019-02-27 08:00:00,2936.1740975275943
2019-02-27 09:00:00,3030.195651604287
2019-02-27 10:00:00,3195.8802142508484
2019-02-27 11:00:00,3398.5619825956032
2019-02-27 12:00:00,3565.177811610777
2019-02-27 13:00:00,3631.115216391752
2019-02-27 14:00:00,3637.3599493108195
2019-02-27 15:00:00,3647.2140298865693
2019-02-27 16:00:00,3687.151434518577
2019-02-27 17:00:00,3781.2102345000967
2019-02-27 18:00:00,3877.379946956638
2019-02-27 19:00:00,3845.625552786055
2019-02-27 20:00:00,3705.540871160254
2019-02-27 21:00:00,3545.396829310262
2019-02-27 22:00:00,3515.721474030359
2019-02-27 23:00:00,3815.0
2019-02-28 00:00:00,3660.2583516050554
2019-02-28 01:00:00,3662.7228708695707
2019-02-28 02:00:00,3599.540942368655
2019-02-28 03:00:00,3519.5678548546666
2019-02-28 04:00:00,3374.893225577652
2019-02-28 05:00:00,3254.719944245851
2019-02-28 06:00:00,3159.9330965644367
2019-02-28 07:00:00,3081.891845540883
2019-02-28 08:00:00,3029.8354113093155
2019-02-28 09:00:00,3018.8120975928537
2019-02-28 10:00:00,3097.4711900407397
2019-02-28 11:00:00,3237.9810343253016
2019-02-28 12:00:00,3343.0530913014
2019-02-28 13:00:00,3417.1249959639313
2019-02-28 14:00:00,3466.450981066968
2019-02-28 15:00:00,3475.539264382951
2019-02-28 16:00:00,3504.451467615765
2019-02-28 17:00:00,3546.8313371539552
2019-02-28 18:00:00,3581.886989504617
2019-02-28 19:00:00,3584.4748919710064
2019-02-28 20:00:00,3531.979024854389
2019-02-28 21:00:00,3447.6813995191314
2019-02-28 22:00:00,3406.1433013522033
2019-02-28 23:00:00,3471.481770199456
2019-03-01 00:00:00,3515.3105815978865
2019-03-01 01:00:00,3488.702305375695
2019-03-01 02:00:00,3385.8041013762772
2019-03-01 03:00:00,3239.2672300897475
2019-03-01 04:00:00,3100.2859256363945
2019-03-01 05:00:00,3015.4310735567906
2019-03-01 06:00:00,2944.6121621798575
2019-03-01 07:00:00,2883.9021235050986
2019-03-01 08:00:00,2892.8126084005125
2019-03-01 09:00:00,2956.1041125844945
2019-03-01 10:00:00,3091.2609349711274
2019-03-01 11:00:00,3248.5706150577166
2019-03-01 12:00:00,3385.7150035703044
2019-03-01 13:00:00,3452.1078189760647
2019-03-01 14:00:00,3481.181703667992
2019-03-01 15:00:00,3488.025286530896
2019-03-01 16:00:00,3508.084347837865
2019-03-01 17:00:00,3549.650097895217
2019-03-01 18:00:00,3592.1847778911683
2019-03-01 19:00:00,3555.0934050784954
2019-03-01 20:00:00,3445.982583334984
2019-03-01 21:00:00,3338.25489252577
2019-03-01 22:00:00,3321.000096522169
2019-03-01 23:00:00,3384.0917151691974
2019-03-02 00:00:00,3465.2777923915082
2019-03-02 01:00:00,3499.790529171677
2019-03-02 02:00:00,3068.0
2019-03-02 03:00:00,3318.71842041819
2019-03-02 04:00:00,3175.9272030416273
2019-03-02 05:00:00,3069.6732232745244
2019-03-02 06:00:00,2987.4408743534595
2019-03-02 07:00:00,2949.706874555557
2019-03-02 08:00:00,2922.091771423661
2019-03-02 09:00:00,2933.7486422397774
2019-03-02 10:00:00,3027.51086719988
2019-03-02 11:00:00,3180.5472635319015
2019-03-02 12:00:00,3301.6672853170053
2019-03-02 13:00:00,3382.989226558903
2019-03-02 14:00:00,3431.376566542173
2019-03-02 15:00:00,3438.051965472693
2019-03-02 16:00:00,3462.5571420152037
2019-03-02 17:00:00,3501.882548440358
2019-03-02 18:00:00,3539.084614804613
2019-03-02 19:00:00,3529.481862191316
2019-03-02 20:00:00,3456.929910655682
2019-03-02 21:00:00,3360.2391035858623
2019-03-02 22:00:00,3313.0517934066957
2019-03-02 23:00:00,3364.839189854089
2019-03-03 00:00:00,3403.1083579432475
2019-03-03 01:00:00,3377.970471915672
2019-03-03 02:00:00,3274.48571452609
2019-03-03 03:00:00,3138.142522442929
2019-03-03 04:00:00,3021.606277511042
2019-03-03 05:00:00,2942.434456037341
2019-03-03 06:00:00,2880.3587997016957
2019-03-03 07:00:00,2838.3548861337986
2019-03-03 08:00:00,2858.440927791131
2019-03-03 09:00:00,2936.240219655029
2019-03-03 10:00:00,3087.5649954994296
2019-03-03 11:00:00,3251.519961677479
2019-03-03 12:00:00,3390.4004859846573
2019-03-03 13:00:00,3456.8331556551148
2019-03-03 14:00:00,3487.1377030242775
2019-03-03 15:00:00,3493.1073133510604
2019-03-03 16:00:00,3513.20025467304
2019-03-03 17:00:00,3554.6308818617263
2019-03-03 18:00:00,3596.893579943603
2019-03-03 19:00:00,3560.0164693578404
2019-03-03 20:00:00,3450.2519402180997
2019-03-03 21:00:00,3343.0670380419274
2019-03-03 22:00:00,3324.795145479402
2019-03-03 23:00:00,3386.414265132233
2019-03-04 00:00:00,3465.9409709594465
2019-03-04 01:00:00,3499.276522581844
2019-03-04 02:00:00,3470.3934125937303
2019-03-04 03:00:00,3405.0466272960925
2019-03-04 04:00:00,3261.334933234209
2019-03-04 05:00:00,3220.0
2019-03-04 06:00:00,3040.7039104732603
2019-03-04 07:00:00,2980.7096188499677
2019-03-04 08:00:00,2946.641769170463
2019-03-04 09:00:00,2958.689541817978
2019-03-04 10:00:00,3061.3745850799746
2019-03-04 11:00:00,3214.998587154573
2019-03-04 12:00:00,3326.078294745036
2019-03-04 13:00:00,3401.1883634885166
2019-03-04 14:00:00,3449.2083096372667
2019-03-04 15:00:00,3456.5353767752963
2019-03-04 16:00:00,3483.160183529347
2019-03-04 17:00:00,3521.0163708602345
2019-03-04 18:00:00,3551.5724263611346
2019-03-04 19:00:00,3540.2595806043796
2019-03-04 20:00:00,3471.041759953744
2019-03-04 21:00:00,3383.572950472349
2019-03-04 22:00:00,3348.33981090261
2019-03-04 23:00:00,3416.673344325583
2019-03-05 00:00:00,3461.300563624286
2019-03-05 01:00:00,3429.64909115751
2019-03-05 02:00:00,3311.3569245677827
2019-03-05 03:00:00,3169.841924034155
2019-03-05 04:00:00,3054.2242885786404
2019-03-05 05:00:00,2988.0469802057564
2019-03-05 06:00:00,2933.659360169763
2019-03-05 07:00:00,2879.290166537873
2019-03-05 08:00:00,2890.960107816633
2019-03-05 09:00:00,2953.1462243027413
2019-03-05 10:00:00,3092.0401425583245
2019-03-05 11:00:00,3256.63820252384
2019-03-05 12:00:00,3399.3418617228613
2019-03-05 13:00:00,3464.88680866498
2019-03-05 14:00:00,3488.9933238125855
2019-03-05 15:00:00,3488.7302234252893
2019-03-05 16:00:00,3503.959024013489
2019-03-05 17:00:00,3546.721593585874
2019-03-05 18:00:00,3594.1838543775534
2019-03-05 19:00:00,3560.888918644556
2019-03-05 20:00:00,3450.125698876211
2019-03-05 21:00:00,3342.519376648689
2019-03-05 22:00:00,3327.4399363973926
2019-03-05 23:00:00,3391.1191894502936
2019-03-06 00:00:00,3471.822261483985
2019-03-06 01:00:00,3497.3201380263877
2019-03-06 02:00:00,3493.616811614023
2019-03-06 03:00:00,3431.766149861989
2019-03-06 04:00:00,3291.7001976522697
2019-03-06 05:00:00,3169.8764469259313
2019-03-06 06:00:00,3069.5526163175355
2019-03-06 07:00:00,3007.065748158413
2019-03-06 08:00:00,3170.0
2019-03-06 09:00:00,2972.6514984607966
2019-03-06 10:00:00,3066.5393833073695
2019-03-06 11:00:00,3216.2926530409495
2019-03-06 12:00:00,3326.0007646260833
2019-03-06 13:00:00,3401.3076887867314
2019-03-06 14:00:00,3449.8424973294163
2019-03-06 15:00:00,3458.9841926487593
2019-03-06 16:00:00,3485.4982649036633
2019-03-06 17:00:00,3524.0427726071994
2019-03-06 18:00:00,3554.7662872685883
2019-03-06 19:00:00,3543.369089528606
2019-03-06 20:00:00,3475.336004766668
2019-03-06 21:00:00,3388.5651383356194
2019-03-06 22:00:00,3354.9575843253656
2019-03-06 23:00:00,3425.386302263769
2019-03-07 00:00:00,3471.99939245925
2019-03-07 01:00:00,3446.1680184763645
2019-03-07 02:00:00,3339.710353238306
2019-03-07 03:00:00,3204.850228715785
2019-03-07 04:00:00,3083.6820648788944
2019-03-07 05:00:00,3009.7825535583947
2019-03-07 06:00:00,2948.8037023110674
2019-03-07 07:00:00,2894.5686365220217
2019-03-07 08:00:00,2907.2860820212327
2019-03-07 09:00:00,2964.1511116151005
2019-03-07 10:00:00,3096.0808318612776
2019-03-07 11:00:00,3254.5760217455368
2019-03-07 12:00:00,3396.5346154367853
2019-03-07 13:00:00,3463.5980905305505
2019-03-07 14:00:00,3491.9786510574268
2019-03-07 15:00:00,3497.6376085900574
2019-03-07 16:00:00,3517.44075580733
2019-03-07 17:00:00,3559.306827588267
2019-03-07 18:00:00,3602.941825973585
2019-03-07 19:00:00,3567.4482762715484
2019-03-07 20:00:00,3456.9535046424467
2019-03-07 21:00:00,3348.408631474557
2019-03-07 22:00:00,3331.375939156501
2019-03-07 23:00:00,3392.7422935873597
2019-03-08 00:00:00,3469.3859100492086
2019-03-08 01:00:00,3498.1919976681716
2019-03-08 02:00:00,3402.737209217047
2019-03-08 03:00:00,3324.554656337318
2019-03-08 04:00:00,3179.2253860595997
2019-03-08 05:00:00,3060.8469020035404
2019-03-08 06:00:00,2965.271535258722
2019-03-08 07:00:00,2914.857253971307
2019-03-08 08:00:00,2878.8960216593523
2019-03-08 09:00:00,2884.24559167758
2019-03-08 10:00:00,2971.2397902211137
2019-03-08 11:00:00,2821.0
2019-03-08 12:00:00,3247.766220623488
2019-03-08 13:00:00,3325.6448238254025
2019-03-08 14:00:00,3373.8810754845404
2019-03-08 15:00:00,3377.9182883392523
2019-03-08 16:00:00,3402.126427152865
2019-03-08 17:00:00,3438.71915690197
2019-03-08 18:00:00,3470.6864333665335
2019-03-08 19:00:00,3459.154780203189
2019-03-08 20:00:00,3386.857948374496
2019-03-08 21:00:00,3289.8443557471123
2019-03-08 22:00:00,3248.323119787317
2019-03-08 23:00:00,3292.366639741113
2019-03-09 00:00:00,3321.2646710217937
2019-03-09 01:00:00,3290.5068504907213
2019-03-09 02:00:00,3192.721662428413
2019-03-09 03:00:00,3066.905356261395
2019-03-09 04:00:00,2964.6144578779194
2019-03-09 05:00:00,2897.7202067846806
2019-03-09 06:00:00,2843.5651033999293
2019-03-09 07:00:00,2805.608054027738
2019-03-09 08:00:00,2834.3714415262593
2019-03-09 09:00:00,2925.2229661781384
2019-03-09 10:00:00,3094.973347648093
2019-03-09 11:00:00,3276.608526363405
2019-03-09 12:00:00,3422.132031414152
2019-03-09 13:00:00,3471.689206467335
2019-03-09 14:00:00,3493.0508630384015
2019-03-09 15:00:00,3501.701294045331
2019-03-09 16:00:00,3532.697150959363
2019-03-09 17:00:00,3592.255019343609
2019-03-09 18:00:00,3654.064164359821
2019-03-09 19:00:00,3604.4932227353947
2019-03-09 20:00:00,3460.432749601892
2019-03-09 21:00:00,3339.876190875234
2019-03-09 22:00:00,3328.211515453291
2019-03-09 23:00:00,3391.672419712327
2019-03-10 00:00:00,3471.1612039998968
2019-03-10 01:00:00,3494.7954012732635
2019-03-10 02:00:00,3541.3481757059803
2019-03-10 03:00:00,3481.4313159274852
2019-03-10 04:00:00,3345.948808895709
2019-03-10 05:00:00,3212.604837566083
2019-03-10 06:00:00,3105.1304238234
2019-03-10 07:00:00,3032.2759353009324
2019-03-10 08:00:00,3006.6123275852706
2019-03-10 09:00:00,3072.1492242361746
2019-03-10 10:00:00,3278.910651681182
2019-03-10 11:00:00,3540.8649166424602
2019-03-10 12:00:00,3695.2734658666905
2019-03-10 13:00:00,3789.156502521606
2019-03-10 14:00:00,4095.0
2019-03-10 15:00:00,3870.467981660729
2019-03-10 16:00:00,3921.737772227354
2019-03-10 17:00:00,4011.046507295518
2019-03-10 18:00:00,4079.1901668611
2019-03-10 19:00:00,4082.8028885971116
2019-03-10 20:00:00,3989.2281707251614
2019-03-10 21:00:00,3850.340288140611
2019-03-10 22:00:00,3764.1318733631606
2019-03-10 23:00:00,3812.1302974719183
2019-03-11 00:00:00,3845.6658615687197
2019-03-11 01:00:00,3798.6040720543033
2019-03-11 02:00:00,3666.0466665892463
2019-03-11 03:00:00,3467.8428338325402
2019-03-11 04:00:00,3272.2588590216956
2019-03-11 05:00:00,3136.496970850909
2019-03-11 06:00:00,3035.958022211501
2019-03-11 07:00:00,2945.7148637174882
2019-03-11 08:00:00,2935.9361430397635
2019-03-11 09:00:00,2989.0931904831637
2019-03-11 10:00:00,3119.6044461414867
2019-03-11 11:00:00,3286.511956944099
2019-03-11 12:00:00,3426.6967430812574
2019-03-11 13:00:00,3478.1377599843213
2019-03-11 14:00:00,3492.925755944055
2019-03-11 15:00:00,3494.850160451501
2019-03-11 16:00:00,3519.8629557637555
2019-03-11 17:00:00,3575.816660453007
2019-03-11 18:00:00,3639.8056900221754
2019-03-11 19:00:00,3598.2884546394484
2019-03-11 20:00:00,3471.2566363941246
2019-03-11 21:00:00,3354.640781207
2019-03-11 22:00:00,3348.4915052506994
2019-03-11 23:00:00,3412.845991834579
2019-03-12 00:00:00,3491.2111380947
2019-03-12 01:00:00,3520.436070163195
2019-03-12 02:00:00,3555.293695996339
2019-03-12 03:00:00,3488.291629965315
2019-03-12 04:00:00,3347.9458707619124
2019-03-12 05:00:00,3213.474944652099
2019-03-12 06:00:00,3112.4348797162174
2019-03-12 07:00:00,3048.5834339643516
2019-03-12 08:00:00,3023.3749666195486
2019-03-12 09:00:00,3083.8449788597045
2019-03-12 10:00:00,3302.0595834603596
2019-03-12 11:00:00,3582.788638499701
2019-03-12 12:00:00,3744.319869187649
2019-03-12 13:00:00,3833.4892187456644
2019-03-12 14:00:00,3887.9866601501117
2019-03-12 15:00:00,3928.110490854565
2019-03-12 16:00:00,3993.0769469820025
2019-03-12 17:00:00,4098.0
2019-03-12 18:00:00,4162.966853183825
2019-03-12 19:00:00,4152.321469110274
2019-03-12 20:00:00,4047.446238888048
2019-03-12 21:00:00,3904.103736258773
2019-03-12 22:00:00,3804.3121789488114
2019-03-12 23:00:00,3856.9442786130976
2019-03-13 00:00:00,3893.329432872604
2019-03-13 01:00:00,3848.0380358853836
2019-03-13 02:00:00,3719.0586286214952
2019-03-13 03:00:00,3524.6245351322978
2019-03-13 04:00:00,3337.6909094332527
2019-03-13 05:00:00,3199.6725115317354
2019-03-13 06:00:00,3096.7161947485333
2019-03-13 07:00:00,3006.060116917597
2019-03-13 08:00:00,2991.8451780307128
2019-03-13 09:00:00,3037.4586194245767
2019-03-13 10:00:00,3150.093261646437
2019-03-13 11:00:00,3307.3434613005816
2019-03-13 12:00:00,3449.9410417385598
2019-03-13 13:00:00,3500.493533341017
2019-03-13 14:00:00,3513.7808788558405
2019-03-13 15:00:00,3515.04206794254
2019-03-13 16:00:00,3541.298248340374
2019-03-13 17:00:00,3597.744277883964
2019-03-13 18:00:00,3666.9098903896406
2019-03-13 19:00:00,3642.946622107532
2019-03-13 20:00:00,3527.7984750495375
2019-03-13 21:00:00,3398.490119619601
2019-03-13 22:00:00,3384.153030052539
2019-03-13 23:00:00,3446.244127714823
2019-03-14 00:00:00,3524.291463546487
2019-03-14 01:00:00,3556.659211288314
2019-03-14 02:00:00,3567.144445341671
2019-03-14 03:00:00,3499.068468005738
2019-03-14 04:00:00,3362.8896844894975
2019-03-14 05:00:00,3234.474882721109
2019-03-14 06:00:00,3137.404954434248
2019-03-14 07:00:00,3072.4944695329623
2019-03-14 08:00:00,3041.695021707643
2019-03-14 09:00:00,3072.5287098865424
2019-03-14 10:00:00,3210.1889066818094
2019-03-14 11:00:00,3395.760792454342
2019-03-14 12:00:00,3518.7765390725954
2019-03-14 13:00:00,3596.601824450548
2019-03-14 14:00:00,3645.5141163076887
2019-03-14 15:00:00,3664.5231878770305
2019-03-14 16:00:00,3706.787380545018
2019-03-14 17:00:00,3771.580661231939
2019-03-14 18:00:00,3825.3300233878535
2019-03-14 19:00:00,3834.894309858896
2019-03-14 20:00:00,3660.0
2019-03-14 21:00:00,3638.341806395586
2019-03-14 22:00:00,3581.213025348143
2019-03-14 23:00:00,3644.649025298345
2019-03-15 00:00:00,3709.908371166379
2019-03-15 01:00:00,3681.5730822670057
2019-03-15 02:00:00,3563.5406133219503
2019-03-15 03:00:00,3405.4516969848682
2019-03-15 04:00:00,3247.7734765319483
2019-03-15 05:00:00,3141.2660886661074
2019-03-15 06:00:00,3060.4139634022476
2019-03-15 07:00:00,2985.438513872388
2019-03-15 08:00:00,2980.1584154923853
2019-03-15 09:00:00,3022.00610591154
2019-03-15 10:00:00,3134.642218150972
2019-03-15 11:00:00,3286.772932152789
2019-03-15 12:00:00,3425.9676184604123
2019-03-15 13:00:00,3483.688964000514
2019-03-15 14:00:00,3501.870161802044
2019-03-15 15:00:00,3507.0270162018924
2019-03-15 16:00:00,3528.8809280164373
2019-03-15 17:00:00,3576.6182131262467
2019-03-15 18:00:00,3627.9905978161614
2019-03-15 19:00:00,3592.2327192998882
2019-03-15 20:00:00,3476.7369765548933
2019-03-15 21:00:00,3365.3250245194267
2019-03-15 22:00:00,3351.770520713648
2019-03-15 23:00:00,3416.9384798068436
2019-03-16 00:00:00,3502.809560357001
2019-03-16 01:00:00,3540.17033948193
2019-03-16 02:00:00,3557.399170634772
2019-03-16 03:00:00,3494.619576525312
2019-03-16 04:00:00,3356.3438559378733
2019-03-16 05:00:00,3226.7992576283095
2019-03-16 06:00:00,3126.2002511957953
2019-03-16 07:00:00,3059.07973614444
2019-03-16 08:00:00,3025.491464342391
2019-03-16 09:00:00,3045.9490723910835
2019-03-16 10:00:00,3172.1435989287206
2019-03-16 11:00:00,3345.0426638580243
2019-03-16 12:00:00,3455.5864701958226
2019-03-16 13:00:00,3527.05816764878
2019-03-16 14:00:00,3576.226119720716
2019-03-16 15:00:00,3595.4390282670024
2019-03-16 16:00:00,3638.336532349256
2019-03-16 17:00:00,3696.731068136859
2019-03-16 18:00:00,3739.7381642812047
2019-03-16 19:00:00,3752.0569442907545
2019-03-16 20:00:00,3682.796464467242
2019-03-16 21:00:00,3581.447343692231
2019-03-16 22:00:00,3540.039921488445
2019-03-16 23:00:00,3684.0
2019-03-17 00:00:00,3686.153182028915
2019-03-17 01:00:00,3660.8669470692844
2019-03-17 02:00:00,3545.7931444097107
2019-03-17 03:00:00,3388.875471738767
2019-03-17 04:00:00,3238.83980303066
2019-03-17 05:00:00,3137.1256633798794
2019-03-17 06:00:00,3058.5310469673286
2019-03-17 07:00:00,2984.4309007694415
2019-03-17 08:00:00,2977.281816316022
2019-03-17 09:00:00,3018.221306129745
2019-03-17 10:00:00,3130.6170807330823
2019-03-17 11:00:00,3282.7206260257385
2019-03-17 12:00:00,3424.2712181825805
2019-03-17 13:00:00,3485.2209352376426
2019-03-17 14:00:00,3505.08007415485
2019-03-17 15:00:00,3508.820212427856
2019-03-17 16:00:00,3527.625917917247
2019-03-17 17:00:00,3571.6273970063926
2019-03-17 18:00:00,3619.962229927482
2019-03-17 19:00:00,3585.5932682363946
2019-03-17 20:00:00,3471.9047094054554
2019-03-17 21:00:00,3361.264471552851
2019-03-17 22:00:00,3347.577445048763
2019-03-17 23:00:00,3413.000208552652
2019-03-18 00:00:00,3498.1833208792173
2019-03-18 01:00:00,3533.513108985855
2019-03-18 02:00:00,3484.0578892739527
2019-03-18 03:00:00,3414.6417513780907
2019-03-18 04:00:00,3266.294645583937
2019-03-18 05:00:00,3144.9821497710855
2019-03-18 06:00:00,3049.339981169259
2019-03-18 07:00:00,2991.7100346882644
2019-03-18 08:00:00,2947.5145091848876
2019-03-18 09:00:00,2943.0536159732555
2019-03-18 10:00:00,3026.34309179247
2019-03-18 11:00:00,3174.040187755484
2019-03-18 12:00:00,3285.901887367542
2019-03-18 13:00:00,3357.91525149027
2019-03-18 14:00:00,3400.112335194514
2019-03-18 15:00:00,3402.0459160512037
2019-03-18 16:00:00,3419.9548125476554
2019-03-18 17:00:00,3455.7397123618566
2019-03-18 18:00:00,3487.056389350349
2019-03-18 19:00:00,3474.5768410123783
2019-03-18 20:00:00,3407.8664322002537
2019-03-18 21:00:00,3320.5286508310573
2019-03-18 22:00:00,3283.42346640482
2019-03-18 23:00:00,3333.759058757202
2019-03-19 00:00:00,3359.9944336974254
2019-03-19 01:00:00,3324.48196622051
2019-03-19 02:00:00,3009.0
2019-03-19 03:00:00,3103.376099120582
2019-03-19 04:00:00,2999.6913702041597
2019-03-19 05:00:00,2929.1173907800776
2019-03-19 06:00:00,2870.4300307679814
2019-03-19 07:00:00,2825.1424992308666
2019-03-19 08:00:00,2848.5404290560673
2019-03-19 09:00:00,2926.987363981867
2019-03-19 10:00:00,3078.8750582821035
2019-03-19 11:00:00,3247.2893698538396
2019-03-19 12:00:00,3391.3885138674204
2019-03-19 13:00:00,3460.0086188217606
2019-03-19 14:00:00,3490.118382720528
2019-03-19 15:00:00,3497.8460480732715
2019-03-19 16:00:00,3519.9422425332327
2019-03-19 17:00:00,3563.3017989352616
2019-03-19 18:00:00,3606.308936027172
2019-03-19 19:00:00,3568.8290936684416
2019-03-19 20:00:00,3456.0087051037094
2019-03-19 21:00:00,3347.266493337389
2019-03-19 22:00:00,3330.027433482892
2019-03-19 23:00:00,3391.479274144519
2019-03-20 00:00:00,3468.284821845626
2019-03-20 01:00:00,3496.6944305748816
2019-03-20 02:00:00,3439.1387957342567
2019-03-20 03:00:00,3368.8812468057017
2019-03-20 04:00:00,3217.140783569005
2019-03-20 05:00:00,3100.493013849974
2019-03-20 06:00:00,3007.048468286121
2019-03-20 07:00:00,2947.9688469834787
2019-03-20 08:00:00,2903.4074468002314
2019-03-20 09:00:00,2910.6909375399355
2019-03-20 10:00:00,3008.8113428404436
2019-03-20 11:00:00,3171.8750525153223
2019-03-20 12:00:00,3292.3377471394792
2019-03-20 13:00:00,3365.1894676065754
2019-03-20 14:00:00,3405.4568522832606
2019-03-20 15:00:00,3405.976964154987
2019-03-20 16:00:00,3424.618027676339
2019-03-20 17:00:00,3461.093864412571
2019-03-20 18:00:00,3491.4820389930665
2019-03-20 19:00:00,3476.465150241565
2019-03-20 20:00:00,3408.654607304115
2019-03-20 21:00:00,3319.9457253951223
2019-03-20 22:00:00,3279.0113294584444
2019-03-20 23:00:00,3324.7826646616895
2019-03-21 00:00:00,3339.0504914231065
2019-03-21 01:00:00,3287.86543365206
2019-03-21 02:00:00,3170.295590292685
2019-03-21 03:00:00,3036.6259425074286
2019-03-21 04:00:00,2936.3902842900443
2019-03-21 05:00:00,2847.0
2019-03-21 06:00:00,2805.5352001206707
2019-03-21 07:00:00,2761.773325706212
2019-03-21 08:00:00,2783.4198626742245
2019-03-21 09:00:00,2871.665123971715
2019-03-21 10:00:00,3038.0375033358787
2019-03-21 11:00:00,3224.8155241944078
2019-03-21 12:00:00,3374.350567976817
2019-03-21 13:00:00,3445.365347934609
2019-03-21 14:00:00,3474.117347915395
2019-03-21 15:00:00,3479.4062254532632
2019-03-21 16:00:00,3499.7129212523514
2019-03-21 17:00:00,3543.6538634618837
2019-03-21 18:00:00,3588.6300542857607
2019-03-21 19:00:00,3553.5696233543013
2019-03-21 20:00:00,3440.50680473292
2019-03-21 21:00:00,3332.2823257848177
2019-03-21 22:00:00,3314.393665574828
2019-03-21 23:00:00,3374.126797725389
2019-03-22 00:00:00,3445.6194234786517
2019-03-22 01:00:00,3462.595530357085
2019-03-22 02:00:00,3466.3329128589885
2019-03-22 03:00:00,3409.0235612408487
2019-03-22 04:00:00,3268.1787822562833
2019-03-22 05:00:00,3144.9634694920815
2019-03-22 06:00:00,3036.469932286023
2019-03-22 07:00:00,2962.31875723304
2019-03-22 08:00:00,2918.308871608867
2019-03-22 09:00:00,2931.7617189905873
2019-03-22 10:00:00,3038.7083063403597
2019-03-22 11:00:00,3200.9639936267804
2019-03-22 12:00:00,3317.780209342609
2019-03-22 13:00:00,3390.2152801496395
2019-03-22 14:00:00,3434.6788647903945
2019-03-22 15:00:00,3439.0825010223434
2019-03-22 16:00:00,3459.9046406707853
2019-03-22 17:00:00,3496.883071910576
2019-03-22 18:00:00,3525.9630373158575
2019-03-22 19:00:00,3516.508371570202
2019-03-22 20:00:00,3454.282323019024
2019-03-22 21:00:00,3368.3704095573744
2019-03-22 22:00:00,3329.1742459305988
2019-03-22 23:00:00,3386.2675254394694
2019-03-23 00:00:00,3411.935338470023
2019-03-23 01:00:00,3363.014349350146
2019-03-23 02:00:00,3242.386627850842
2019-03-23 03:00:00,3099.312331770179
2019-03-23 04:00:00,2981.236024362384
2019-03-23 05:00:00,2901.746253238506
2019-03-23 06:00:00,2832.271568514674
2019-03-23 07:00:00,2769.1883072655955
2019-03-23 08:00:00,2761.0
2019-03-23 09:00:00,2853.3377147010046
2019-03-23 10:00:00,3010.4805621248447
2019-03-23 11:00:00,3202.7570137782154
2019-03-23 12:00:00,3353.453940613478
2019-03-23 13:00:00,3423.5164562914933
2019-03-23 14:00:00,3450.0518130905143
2019-03-23 15:00:00,3458.377697794598
2019-03-23 16:00:00,3482.9110175983087
2019-03-23 17:00:00,3529.817271883069
2019-03-23 18:00:00,3575.2299391778265
2019-03-23 19:00:00,3539.276777630869
2019-03-23 20:00:00,3427.0405511185254
2019-03-23 21:00:00,3321.087855342777
2019-03-23 22:00:00,3303.919036940721
2019-03-23 23:00:00,3363.415565873086
2019-03-24 00:00:00,3432.8640891978484
2019-03-24 01:00:00,3442.667296519248
2019-03-24 02:00:00,3495.9132984521443
2019-03-24 03:00:00,3440.0663358744837
2019-03-24 04:00:00,3303.0939885548714
2019-03-24 05:00:00,3172.0680179138462
2019-03-24 06:00:00,3061.056569913694
2019-03-24 07:00:00,2987.981169279813
2019-03-24 08:00:00,2948.407493675287
2019-03-24 09:00:00,2964.9079536424733
2019-03-24 10:00:00,3071.0672421662684
2019-03-24 11:00:00,3224.5947963470353
2019-03-24 12:00:00,3333.4941280137646
2019-03-24 13:00:00,3406.566154568317
2019-03-24 14:00:00,3455.0462981121627
2019-03-24 15:00:00,3465.2784885001074
2019-03-24 16:00:00,3493.9428402187095
2019-03-24 17:00:00,3533.2407012171084
2019-03-24 18:00:00,3562.7654267856037
2019-03-24 19:00:00,3553.4985834243494
2019-03-24 20:00:00,3487.8327838398536
2019-03-24 21:00:00,3402.2055091845186
2019-03-24 22:00:00,3371.111410873322
2019-03-24 23:00:00,3443.0644715175545
2019-03-25 00:00:00,3488.3472244738723
2019-03-25 01:00:00,3458.541135904236
2019-03-25 02:00:00,3350.5185571132693
2019-03-25 03:00:00,3210.4493536669147
2019-03-25 04:00:00,3086.852970581592
2019-03-25 05:00:00,3016.310709141106
2019-03-25 06:00:00,2959.103472559749
2019-03-25 07:00:00,2906.8783425512397
2019-03-25 08:00:00,2928.697743758278
2019-03-25 09:00:00,3001.0177600980887
2019-03-25 10:00:00,3141.566909949981
2019-03-25 11:00:00,3343.0
2019-03-25 12:00:00,3433.185490727727
2019-03-25 13:00:00,3490.344405088013
2019-03-25 14:00:00,3509.66063662424
2019-03-25 15:00:00,3511.3787841536696
2019-03-25 16:00:00,3526.295208055245
2019-03-25 17:00:00,3566.072397150955
2019-03-25 18:00:00,3614.2781920114885
2019-03-25 19:00:00,3572.584931237743
2019-03-25 20:00:00,3458.6453269825474
2019-03-25 21:00:00,3351.177407523622
2019-03-25 22:00:00,3333.1084715654006
2019-03-25 23:00:00,3394.630488163365
2019-03-26 00:00:00,3477.8007533375458
2019-03-26 01:00:00,3513.810279207276
2019-03-26 02:00:00,3522.5470399648066
2019-03-26 03:00:00,3460.585737893025
2019-03-26 04:00:00,3320.359774884831
2019-03-26 05:00:00,3194.11499340107
2019-03-26 06:00:00,3095.074176931345
2019-03-26 07:00:00,3030.0373483192593
2019-03-26 08:00:00,2988.906371314097
2019-03-26 09:00:00,2989.326264021285
2019-03-26 10:00:00,3080.261763938797
2019-03-26 11:00:00,3225.3645040992287
2019-03-26 12:00:00,3330.772089515018
2019-03-26 13:00:00,3403.637707585564
2019-03-26 14:00:00,3452.976480613048
2019-03-26 15:00:00,3467.4753785766734
2019-03-26 16:00:00,3501.344763599719
2019-03-26 17:00:00,3545.573444346212
2019-03-26 18:00:00,3578.860800684988
2019-03-26 19:00:00,3572.517097502105
2019-03-26 20:00:00,3509.8686093052165
2019-03-26 21:00:00,3424.6514326996
2019-03-26 22:00:00,3389.3064776150068
2019-03-26 23:00:00,3460.2739262827927
2019-03-27 00:00:00,3507.1167282213355
2019-03-27 01:00:00,3484.591014281732
2019-03-27 02:00:00,3388.322208718681
2019-03-27 03:00:00,3252.066255422057
2019-03-27 04:00:00,3123.316752354784
2019-03-27 05:00:00,3044.233934507657
2019-03-27 06:00:00,2979.1193956073344
2019-03-27 07:00:00,2925.6182575884704
2019-03-27 08:00:00,2951.1409074075
2019-03-27 09:00:00,3053.0774783243432
2019-03-27 10:00:00,3233.876642895986
2019-03-27 11:00:00,3452.188612615922
2019-03-27 12:00:00,3625.354516445177
2019-03-27 13:00:00,3705.5408547812285
2019-03-27 14:00:00,3956.0
2019-03-27 15:00:00,3725.9019166619332
2019-03-27 16:00:00,3759.158906286748
2019-03-27 17:00:00,3860.092245490065
2019-03-27 18:00:00,3963.978002380495
2019-03-27 19:00:00,3927.6607228041917
2019-03-27 20:00:00,3773.9288075176523
2019-03-27 21:00:00,3581.807182701068
2019-03-27 22:00:00,3530.114682234806
2019-03-27 23:00:00,3592.5765396214256
2019-03-28 00:00:00,3667.098347461294
2019-03-28 01:00:00,3673.9679402172787
2019-03-28 02:00:00,3592.18762784167
2019-03-28 03:00:00,3508.2804006827655
2019-03-28 04:00:00,3363.049850888718
2019-03-28 05:00:00,3244.2621409660687
2019-03-28 06:00:00,3152.8699692387795
2019-03-28 07:00:00,3079.088190356229
2019-03-28 08:00:00,3027.6385908436096
2019-03-28 09:00:00,3017.6000496785186
2019-03-28 10:00:00,3095.0278324776473
2019-03-28 11:00:00,3232.271322286258
2019-03-28 12:00:00,3334.807676751412
2019-03-28 13:00:00,3406.5156948843696
2019-03-28 14:00:00,3455.3526063697027
2019-03-28 15:00:00,3465.1133756350746
2019-03-28 16:00:00,3492.6341191989372
2019-03-28 17:00:00,3533.279249254492
2019-03-28 18:00:00,3570.641232237823
2019-03-28 19:00:00,3578.5055396138814
2019-03-28 20:00:00,3532.2391811117855
2019-03-28 21:00:00,3448.5021074631254
2019-03-28 22:00:00,3402.793966636441
2019-03-28 23:00:00,3463.9741202064597
2019-03-29 00:00:00,3505.4195335607496
2019-03-29 01:00:00,3477.0058505488087
2019-03-29 02:00:00,3372.774017126028
2019-03-29 03:00:00,3226.2851773328603
2019-03-29 04:00:00,3087.480745885114
2019-03-29 05:00:00,3000.901796594934
2019-03-29 06:00:00,2926.7896527605976
2019-03-29 07:00:00,2860.477364835524
2019-03-29 08:00:00,2865.4560645709907
2019-03-29 09:00:00,2921.492626657359
2019-03-29 10:00:00,3042.8064532660624
2019-03-29 11:00:00,3189.8940201603727
2019-03-29 12:00:00,3300.430963686332
2019-03-29 13:00:00,3353.415204217297
2019-03-29 14:00:00,3368.869769203324
2019-03-29 15:00:00,3373.7542444977207
2019-03-29 16:00:00,3380.9528509358565
2019-03-29 17:00:00,3061.0
2019-03-29 18:00:00,3444.493410492452
2019-03-29 19:00:00,3412.4981750307293
2019-03-29 20:00:00,3323.3353893673316
2019-03-29 21:00:00,3250.8379021874694
2019-03-29 22:00:00,3247.7062201569724
2019-03-29 23:00:00,3306.0445472225483
2019-03-30 00:00:00,3382.4926922949157
2019-03-30 01:00:00,3410.907722481734
2019-03-30 02:00:00,3445.801038212248
2019-03-30 03:00:00,3395.739155761169
2019-03-30 04:00:00,3268.348931671771
2019-03-30 05:00:00,3143.3064566767093
2019-03-30 06:00:00,3044.585461160866
2019-03-30 07:00:00,2979.6847176852166
2019-03-30 08:00:00,2943.9309257358977
2019-03-30 09:00:00,2957.7735939333097
2019-03-30 10:00:00,3060.2149828064735
2019-03-30 11:00:00,3211.532617395595
2019-03-30 12:00:00,3315.662094190962
2019-03-30 13:00:00,3387.3212332159683
2019-03-30 14:00:00,3439.101087121949
2019-03-30 15:00:00,3456.085100975121
2019-03-30 16:00:00,3495.6720435906013
2019-03-30 17:00:00,3543.5475881525304
2019-03-30 18:00:00,3581.9652730587595
2019-03-30 19:00:00,3577.6180748552
2019-03-30 20:00:00,3514.79095700218
2019-03-30 21:00:00,3423.502435845349
2019-03-30 22:00:00,3384.6126418974604
2019-03-30 23:00:00,3447.5701736492088
2019-03-31 00:00:00,3486.5598796549007
2019-03-31 01:00:00,3455.3843612061073
2019-03-31 02:00:00,3352.9755993524755
2019-03-31 03:00:00,3216.647287614317
2019-03-31 04:00:00,3095.5659244250214
2019-03-31 05:00:00,3020.842228712287
2019-03-31 06:00:00,2956.9461255463884
2019-03-31 07:00:00,2900.431770896384
2019-03-31 08:00:00,2926.9302339396345
2019-03-31 09:00:00,3041.5039276128246
2019-03-31 10:00:00,3243.16706386498
2019-03-31 11:00:00,3490.8216612385518
2019-03-31 12:00:00,3665.3152079572146
2019-03-31 13:00:00,3743.2911025727926
2019-03-31 14:00:00,3764.5652951457164
2019-03-31 15:00:00,3786.852170130093
2019-03-31 16:00:00,3873.0651382767346
2019-03-31 17:00:00,4040.8053956073554
2019-03-31 18:00:00,4183.639542410721
2019-03-31 19:00:00,4168.1846539389335
2019-03-31 20:00:00,4272.0
2019-03-31 21:00:00,3815.8669592966835
2019-03-31 22:00:00,3719.5287148534594
2019-03-31 23:00:00,3732.297009038482
2019-04-01 00:00:00,3778.4993255494282
2019-04-01 01:00:00,3748.421160886319
2019-04-01 02:00:00,3622.160950360189
2019-04-01 03:00:00,3525.4096268845387
2019-04-01 04:00:00,3377.2384932495693
2019-04-01 05:00:00,3253.474012221749
2019-04-01 06:00:00,3156.5902110901106
2019-04-01 07:00:00,3072.7268551519974
2019-04-01 08:00:00,3018.33048871619
2019-04-01 09:00:00,3018.8167656152264
2019-04-01 10:00:00,3106.4591968655936
2019-04-01 11:00:00,3246.6140503329752
2019-04-01 12:00:00,3347.57456234021
2019-04-01 13:00:00,3419.882290315862
2019-04-01 14:00:00,3469.3669062844438
2019-04-01 15:00:00,3479.0027527195098
2019-04-01 16:00:00,3511.682045912398
2019-04-01 17:00:00,3561.7356610501693
2019-04-01 18:00:00,3613.8504455613966
2019-04-01 19:00:00,3651.237652244566
2019-04-01 20:00:00,3626.580748595915
2019-04-01 21:00:00,3526.8493268794323
2019-04-01 22:00:00,3456.359117983159
2019-04-01 23:00:00,3498.8795523213603
2019-04-02 00:00:00,3532.052050741228
2019-04-02 01:00:00,3501.4760292077926
2019-04-02 02:00:00,3399.556623510061
2019-04-02 03:00:00,3256.234918148884
2019-04-02 04:00:00,3120.6467664002503
2019-04-02 05:00:00,3037.363277114991
2019-04-02 06:00:00,2968.141615582789
2019-04-02 07:00:00,2911.6554492363066
2019-04-02 08:00:00,2935.1284441370663
2019-04-02 09:00:00,3033.622749840121
2019-04-02 10:00:00,3208.1858746606767
2019-04-02 11:00:00,3422.4078501150366
2019-04-02 12:00:00,3593.491046151817
2019-04-02 13:00:00,3660.6365187438405
2019-04-02 14:00:00,3663.363389055219
2019-04-02 15:00:00,3673.700896579504
2019-04-02 16:00:00,3719.3361056987483
2019-04-02 17:00:00,3827.475151647916
2019-04-02 18:00:00,3934.6131279149718
2019-04-02 19:00:00,3909.0307437885967
2019-04-02 20:00:00,3770.099145584001
2019-04-02 21:00:00,3598.9375718136785
2019-04-02 22:00:00,3554.461743851086
2019-04-02 23:00:00,3916.0
2019-04-03 00:00:00,3686.998069509849
2019-04-03 01:00:00,3679.978911679138
2019-04-03 02:00:00,3608.6992255464475
2019-04-03 03:00:00,3525.0915257283727
2019-04-03 04:00:00,3381.434148611029
2019-04-03 05:00:00,3261.6522441023767
2019-04-03 06:00:00,3167.677296543795
2019-04-03 07:00:00,3087.4276532727586
2019-04-03 08:00:00,3033.381191966599
2019-04-03 09:00:00,3022.8546704837813
2019-04-03 10:00:00,3101.679960907164
2019-04-03 11:00:00,3241.4410830664283
2019-04-03 12:00:00,3345.582262675778
2019-04-03 13:00:00,3419.338940701184
2019-04-03 14:00:00,3468.3915885257557
2019-04-03 15:00:00,3477.015788522755
2019-04-03 16:00:00,3506.2107142158575
2019-04-03 17:00:00,3549.4345621990456
2019-04-03 18:00:00,3586.736344072793
2019-04-03 19:00:00,3594.548312271686
2019-04-03 20:00:00,3547.0769242678407
2019-04-03 21:00:00,3461.5128398943098
2019-04-03 22:00:00,3416.5422138444724
2019-04-03 23:00:00,3478.8108355786417
2019-04-04 00:00:00,3521.0384334080804
2019-04-04 01:00:00,3493.2604490534263
2019-04-04 02:00:00,3389.758571487054
2019-04-04 03:00:00,3243.284280363614
2019-04-04 04:00:00,3105.703075515359
2019-04-04 05:00:00,3022.86990297784
2019-04-04 06:00:00,2953.975903858155
2019-04-04 07:00:00,2895.906295185749
2019-04-04 08:00:00,2908.610883149652
2019-04-04 09:00:00,2976.8467893889306
2019-04-04 10:00:00,3114.4041422807636
2019-04-04 11:00:00,3276.5250465633053
2019-04-04 12:00:00,3416.4580584095556
2019-04-04 13:00:00,3478.220457685936
2019-04-04 14:00:00,3500.800480380566
2019-04-04 15:00:00,3505.504192650712
2019-04-04 16:00:00,3526.5084179297432
2019-04-04 17:00:00,3571.4748100013935
2019-04-04 18:00:00,3619.9655384907073
2019-04-04 19:00:00,3584.152454467742
2019-04-04 20:00:00,3469.804574329456
2019-04-04 21:00:00,3359.4168969610014
2019-04-04 22:00:00,3345.4234393566794
2019-04-04 23:00:00,3412.327186190166
2019-04-05 00:00:00,3497.4728724426195
2019-04-05 01:00:00,3530.56012622235
2019-04-05 02:00:00,3226.0
2019-04-05 03:00:00,3405.9448121272053
2019-04-05 04:00:00,3265.0191248496017
2019-04-05 05:00:00,3153.801395302894
2019-04-05 06:00:00,3065.0646649551672
2019-04-05 07:00:00,3011.0069512582354
2019-04-05 08:00:00,2973.6765961738583
2019-04-05 09:00:00,2972.415722383407
2019-04-05 10:00:00,3057.7899206152774
2019-04-05 11:00:00,3203.0794349024545
2019-04-05 12:00:00,3315.9295268306005
2019-04-05 13:00:00,3393.747511257772
2019-04-05 14:00:00,3441.376682512574
2019-04-05 15:00:00,3447.422565868074
2019-04-05 16:00:00,3472.51004134878
2019-04-05 17:00:00,3510.1043034874774
2019-04-05 18:00:00,3544.778144366098
2019-04-05 19:00:00,3536.977813465085
2019-04-05 20:00:00,3468.415121091173
2019-04-05 21:00:00,3378.2470563360157
2019-04-05 22:00:00,3338.8810790637826
2019-04-05 23:00:00,3399.3570041322773
2019-04-06 00:00:00,3441.2459451280843
2019-04-06 01:00:00,3416.4033319893697
2019-04-06 02:00:00,3310.514313771445
2019-04-06 03:00:00,3175.8854979470075
2019-04-06 04:00:00,3057.0114910318084
2019-04-06 05:00:00,2977.870920739466
2019-04-06 06:00:00,2911.4798496999606
2019-04-06 07:00:00,2862.02054751586
2019-04-06 08:00:00,2876.4560545546146
2019-04-06 09:00:00,2940.377332283275
2019-04-06 10:00:00,3078.5298621223933
2019-04-06 11:00:00,3235.784885399656
2019-04-06 12:00:00,3372.7319803561345
2019-04-06 13:00:00,3442.0973514613142
2019-04-06 14:00:00,3475.5075873469195
2019-04-06 15:00:00,3483.077530870053
2019-04-06 16:00:00,3503.119635790491
2019-04-06 17:00:00,3543.7005068328035
2019-04-06 18:00:00,3584.846740900563
2019-04-06 19:00:00,3548.8171056818214
2019-04-06 20:00:00,3441.7697463753875
2019-04-06 21:00:00,3335.1412806555636
2019-04-06 22:00:00,3314.3208280467866
2019-04-06 23:00:00,3371.4345076323775
2019-04-07 00:00:00,3444.804231171619
2019-04-07 01:00:00,3477.737829214912
2019-04-07 02:00:00,3376.0473777302955
2019-04-07 03:00:00,3287.2102030064243
2019-04-07 04:00:00,3139.289607045909
2019-04-07 05:00:00,3027.0
2019-04-07 06:00:00,2943.080805156199
2019-04-07 07:00:00,2908.4527436548833
2019-04-07 08:00:00,2891.301676022113
2019-04-07 09:00:00,2913.5873225795494
2019-04-07 10:00:00,3018.5086597595973
2019-04-07 11:00:00,3180.254267327637
2019-04-07 12:00:00,3302.6179075994387
2019-04-07 13:00:00,3383.061494915795
2019-04-07 14:00:00,3432.08079094894
2019-04-07 15:00:00,3439.6951462007187
2019-04-07 16:00:00,3464.6976309161882
2019-04-07 17:00:00,3504.199312512506
2019-04-07 18:00:00,3539.2494123733977
2019-04-07 19:00:00,3526.8923054433135
2019-04-07 20:00:00,3453.5186918854283
2019-04-07 21:00:00,3357.87011498973
2019-04-07 22:00:00,3312.5478803915544
2019-04-07 23:00:00,3368.8338704733746
2019-04-08 00:00:00,3410.261074445654
2019-04-08 01:00:00,3386.2108130623965
2019-04-08 02:00:00,3276.848597840329
2019-04-08 03:00:00,3138.732028152507
2019-04-08 04:00:00,3021.9076352080133
2019-04-08 05:00:00,2949.9647623178707
2019-04-08 06:00:00,2893.1075291403167
2019-04-08 07:00:00,2847.978366404333
2019-04-08 08:00:00,2868.057152153205
2019-04-08 09:00:00,2940.9044584728294
2019-04-08 10:00:00,3088.3311039606883
2019-04-08 11:00:00,3253.3517141303387
2019-04-08 12:00:00,3396.959802664085
2019-04-08 13:00:00,3464.27179262261
2019-04-08 14:00:00,3490.898335553403
2019-04-08 15:00:00,3493.45286984934
2019-04-08 16:00:00,3510.7611720357
2019-04-08 17:00:00,3552.8779166180548
2019-04-08 18:00:00,3598.230997016699
2019-04-08 19:00:00,3563.62149704645
2019-04-08 20:00:00,3452.553570070344
2019-04-08 21:00:00,3344.2482278715247
2019-04-08 22:00:00,3327.7544710206753
2019-04-08 23:00:00,3390.5892051207247
2019-04-09 00:00:00,3470.11182847574
2019-04-09 01:00:00,3496.7360742481546
2019-04-09 02:00:00,3452.1452614292025
2019-04-09 03:00:00,3384.688751135919
2019-04-09 04:00:00,3244.812468045767
2019-04-09 05:00:00,3126.6240380163836
2019-04-09 06:00:00,3026.6239429490524
2019-04-09 07:00:00,2967.2858442391653
2019-04-09 08:00:00,3046.0
2019-04-09 09:00:00,2940.4720358108516
2019-04-09 10:00:00,3041.00590695224
2019-04-09 11:00:00,3195.1890684962377
2019-04-09 12:00:00,3311.2055496106977
2019-04-09 13:00:00,3389.531128239075
2019-04-09 14:00:00,3438.6043849729467
2019-04-09 15:00:00,3448.0344535165027
2019-04-09 16:00:00,3473.6975493876057
2019-04-09 17:00:00,3513.139468013282
2019-04-09 18:00:00,3546.436463408783
2019-04-09 19:00:00,3534.449219451368
2019-04-09 20:00:00,3464.3458299142962
2019-04-09 21:00:00,3373.968433019015
2019-04-09 22:00:00,3334.819203490868
2019-04-09 23:00:00,3398.0919495954727
2019-04-10 00:00:00,3438.2869307883025
2019-04-10 01:00:00,3409.3864590327676
2019-04-10 02:00:00,3298.660153493976
2019-04-10 03:00:00,3159.7272285882846
2019-04-10 04:00:00,3040.297497704363
2019-04-10 05:00:00,2967.7056878092753
2019-04-10 06:00:00,2910.197290079258
2019-04-10 07:00:00,2859.448942180211
2019-04-10 08:00:00,2876.544304745999
2019-04-10 09:00:00,2943.987728197613
2019-04-10 10:00:00,3087.989789630109
2019-04-10 11:00:00,3253.079699458213
2019-04-10 12:00:00,3396.37407231997
2019-04-10 13:00:00,3463.1131976592
2019-04-10 14:00:00,3490.204859882362
2019-04-10 15:00:00,3492.9521343652173
2019-04-10 16:00:00,3510.57661726696
2019-04-10 17:00:00,3553.1336792017614
2019-04-10 18:00:00,3598.917785950428
2019-04-10 19:00:00,3564.9657482680896
2019-04-10 20:00:00,3454.583394083042
2019-04-10 21:00:00,3346.2173225510555
2019-04-10 22:00:00,3329.718164716426
2019-04-10 23:00:00,3391.8276601195175
2019-04-11 00:00:00,3469.2101467226043
2019-04-11 01:00:00,3495.7388618266355
2019-04-11 02:00:00,3429.1039070919346
2019-04-11 03:00:00,3356.6907227582224
2019-04-11 04:00:00,3212.829242504763
2019-04-11 05:00:00,3092.6973182132824
2019-04-11 06:00:00,2994.325372022985
2019-04-11 07:00:00,2939.475928973579
2019-04-11 08:00:00,2900.524967553581
2019-04-11 09:00:00,2904.3083259810996
2019-04-11 10:00:00,2992.366587940239
2019-04-11 11:00:00,2919.0
2019-04-11 12:00:00,3264.93287699413
2019-04-11 13:00:00,3342.785826546776
2019-04-11 14:00:00,3389.6763528719457
2019-04-11 15:00:00,3393.233189371691
2019-04-11 16:00:00,3416.146406494826
2019-04-11 17:00:00,3453.548190511019
2019-04-11 18:00:00,3486.6569417622027
2019-04-11 19:00:00,3471.6943453867016
2019-04-11 20:00:00,3398.4735358559083
2019-04-11 21:00:00,3304.5813392307755
2019-04-11 22:00:00,3266.79009473746
2019-04-11 23:00:00,3319.138579284548
2019-04-12 00:00:00,3351.926121459407
2019-04-12 01:00:00,3324.212535339715
2019-04-12 02:00:00,3222.1998961319778
2019-04-12 03:00:00,3093.921306437476
2019-04-12 04:00:00,2988.836170809221
2019-04-12 05:00:00,2922.7465066037644
2019-04-12 06:00:00,2868.8415273230644
2019-04-12 07:00:00,2827.1202338465437
2019-04-12 08:00:00,2852.366553120131
2019-04-12 09:00:00,2934.8582229682734
2019-04-12 10:00:00,3091.091141799452
2019-04-12 11:00:00,3259.7553563583906
2019-04-12 12:00:00,3403.6402381450607
2019-04-12 13:00:00,3469.311000574395
2019-04-12 14:00:00,3495.733898981797
2019-04-12 15:00:00,3499.2687384497995
2019-04-12 16:00:00,3517.5942723220473
2019-04-12 17:00:00,3560.3841334462873
2019-04-12 18:00:00,3605.5822314073985
2019-04-12 19:00:00,3569.078640411831
2019-04-12 20:00:00,3454.805063724402
2019-04-12 21:00:00,3345.8562182624696
2019-04-12 22:00:00,3330.05499938343
2019-04-12 23:00:00,3394.191194500035
2019-04-13 00:00:00,3476.519307490602
2019-04-13 01:00:00,3504.984977530652
2019-04-13 02:00:00,3533.9835924091967
2019-04-13 03:00:00,3476.51120806231
2019-04-13 04:00:00,3339.459619015541
2019-04-13 05:00:00,3209.5566517147117
2019-04-13 06:00:00,3103.4360709238026
2019-04-13 07:00:00,3031.2635395224324
2019-04-13 08:00:00,2992.382393700203
2019-04-13 09:00:00,3008.7689375424675
2019-04-13 10:00:00,3119.3114499372223
2019-04-13 11:00:00,3274.850196988761
2019-04-13 12:00:00,3377.3720683002903
2019-04-13 13:00:00,3446.0820613486017
2019-04-13 14:00:00,3351.0
2019-04-13 15:00:00,3506.0479026039593
2019-04-13 16:00:00,3532.4261435973285
2019-04-13 17:00:00,3570.252557953942
2019-04-13 18:00:00,3597.079240296589
2019-04-13 19:00:00,3592.951185269649
2019-04-13 20:00:00,3526.5285354682674
2019-04-13 21:00:00,3439.2613722691067
2019-04-13 22:00:00,3412.635156918832
2019-04-13 23:00:00,3487.0382127263906
2019-04-14 00:00:00,3544.250035434991
2019-04-14 01:00:00,3520.1542690231117
2019-04-14 02:00:00,3410.3859604231516
2019-04-14 03:00:00,3269.3088531461417
2019-04-14 04:00:00,3136.8726156197104
2019-04-14 05:00:00,3051.6012449122477
2019-04-14 06:00:00,2982.674463172286
2019-04-14 07:00:00,2917.2667069508493
2019-04-14 08:00:00,2921.4409344517153
2019-04-14 09:00:00,2977.152110810162
2019-04-14 10:00:00,3112.215134610397
2019-04-14 11:00:00,3277.0882680311192
2019-04-14 12:00:00,3417.530397327981
2019-04-14 13:00:00,3474.2012576649236
2019-04-14 14:00:00,3494.5775970820087
2019-04-14 15:00:00,3500.2452641616455
2019-04-14 16:00:00,3522.5867713868092
2019-04-14 17:00:00,3571.122972146693
2019-04-14 18:00:00,3620.6401250501644
2019-04-14 19:00:00,3576.0100885590114
2019-04-14 20:00:00,3451.1802788358377
2019-04-14 21:00:00,3342.813863344308
2019-04-14 22:00:00,3331.7931375139333
2019-04-14 23:00:00,3397.1307382728146
2019-04-15 00:00:00,3481.135080770855
2019-04-15 01:00:00,3510.973530200853
2019-04-15 02:00:00,3567.0246737150014
2019-04-15 03:00:00,3501.534674309918
2019-04-15 04:00:00,3360.7146726967367
2019-04-15 05:00:00,3224.899859798609
2019-04-15 06:00:00,3120.484474822423
2019-04-15 07:00:00,3053.2734861269223
2019-04-15 08:00:00,3029.769796931683
2019-04-15 09:00:00,3087.7707365381316
2019-04-15 10:00:00,3289.895114348282
2019-04-15 11:00:00,3539.0815969690966
2019-04-15 12:00:00,3684.7656656104414
2019-04-15 13:00:00,3772.4964780843998
2019-04-15 14:00:00,3829.4284487569957
2019-04-15 15:00:00,3862.9061785134522
2019-04-15 16:00:00,3916.4857065501274
2019-04-15 17:00:00,3902.0
2019-04-15 18:00:00,4048.3779761536543
2019-04-15 19:00:00,4042.522441647295
2019-04-15 20:00:00,3944.015507715296
2019-04-15 21:00:00,3809.842606170689
2019-04-15 22:00:00,3729.909700501915
2019-04-15 23:00:00,3791.6924834759893
2019-04-16 00:00:00,3840.816769064957
2019-04-16 01:00:00,3805.049267870986
2019-04-16 02:00:00,3686.185809048447
2019-04-16 03:00:00,3504.043048416199
2019-04-16 04:00:00,3328.448798401061
2019-04-16 05:00:00,3200.076676279332
2019-04-16 06:00:00,3103.407997273462
2019-04-16 07:00:00,3015.6936620995284
2019-04-16 08:00:00,3001.012060197086
2019-04-16 09:00:00,3041.3738781474217
2019-04-16 10:00:00,3152.9258258117507
2019-04-16 11:00:00,3311.660718644852
2019-04-16 12:00:00,3448.4797296190313
2019-04-16 13:00:00,3488.2661523905754
2019-04-16 14:00:00,3496.815856483164
2019-04-16 15:00:00,3501.389011538105
2019-04-16 16:00:00,3533.094809138933
2019-04-16 17:00:00,3596.0215319430217
2019-04-16 18:00:00,3666.892004493391
2019-04-16 19:00:00,3628.987384383008
2019-04-16 20:00:00,3493.8950707897616
2019-04-16 21:00:00,3368.5539938688316
2019-04-16 22:00:00,3358.48341532914
2019-04-16 23:00:00,3422.0939010419283
2019-04-17 00:00:00,3501.420700858406
2019-04-17 01:00:00,3532.1570648655893
2019-04-17 02:00:00,3549.6287232664577
2019-04-17 03:00:00,3484.7134802581572
2019-04-17 04:00:00,3349.1138509071457
2019-04-17 05:00:00,3222.420128513818
2019-04-17 06:00:00,3127.4373876830055
2019-04-17 07:00:00,3064.3497368549943
2019-04-17 08:00:00,3039.520419390529
2019-04-17 09:00:00,3094.1013037422676
2019-04-17 10:00:00,3286.706683087904
2019-04-17 11:00:00,3544.1526539366846
2019-04-17 12:00:00,3700.662853296806
2019-04-17 13:00:00,3791.7922645015856
2019-04-17 14:00:00,3844.884696687931
2019-04-17 15:00:00,3872.566790035633
2019-04-17 16:00:00,3933.816321064478
2019-04-17 17:00:00,4043.2434791241176
2019-04-17 18:00:00,4131.138933566115
2019-04-17 19:00:00,4140.680240263863
2019-04-17 20:00:00,4133.0
2019-04-17 21:00:00,3905.591836275111
2019-04-17 22:00:00,3804.72719070629
2019-04-17 23:00:00,3849.7365408680394
2019-04-18 00:00:00,3882.1087191363636
2019-04-18 01:00:00,3833.917513893123
2019-04-18 02:00:00,3701.375586607513
2019-04-18 03:00:00,3507.8023173914203
2019-04-18 04:00:00,3324.4458996055455
2019-04-18 05:00:00,3193.6976312533793
2019-04-18 06:00:00,3097.4853497086037
2019-04-18 07:00:00,3009.730599288337
2019-04-18 08:00:00,2996.221440815678
2019-04-18 09:00:00,3038.469369110977
2019-04-18 10:00:00,3148.114839111673
2019-04-18 11:00:00,3307.1752732734417
2019-04-18 12:00:00,3455.2297882442213
2019-04-18 13:00:00,3507.1559969358577
2019-04-18 14:00:00,3515.4745765944035
2019-04-18 15:00:00,3512.3032040894686
2019-04-18 16:00:00,3533.0260663673594
2019-04-18 17:00:00,3587.543633499844
2019-04-18 18:00:00,3661.9243524108733
2019-04-18 19:00:00,3646.527216384301
2019-04-18 20:00:00,3533.068926183303
2019-04-18 21:00:00,3405.2897821246365
2019-04-18 22:00:00,3390.241142631487
2019-04-18 23:00:00,3452.518645892434
2019-04-19 00:00:00,3528.293539295953
2019-04-19 01:00:00,3558.095864784396
2019-04-19 02:00:00,3512.0156661955752
2019-04-19 03:00:00,3438.21597275348
2019-04-19 04:00:00,3288.3711647390724
2019-04-19 05:00:00,3162.467144793768
2019-04-19 06:00:00,3063.080042959112
2019-04-19 07:00:00,3001.0844554914293
2019-04-19 08:00:00,2954.3992197817497
2019-04-19 09:00:00,2947.7982430500233
2019-04-19 10:00:00,3031.273538917726
2019-04-19 11:00:00,3176.7382105075503
2019-04-19 12:00:00,3283.316318912339
2019-04-19 13:00:00,3352.0340633346427
2019-04-19 14:00:00,3393.6069874053255
2019-04-19 15:00:00,3393.5700731757724
2019-04-19 16:00:00,3411.221266173952
2019-04-19 17:00:00,3444.968111514955
2019-04-19 18:00:00,3470.9200801705606
2019-04-19 19:00:00,3453.793814477713
2019-04-19 20:00:00,3390.6114519326115
2019-04-19 21:00:00,3311.888960370342
2019-04-19 22:00:00,3286.7957849886334
2019-04-19 23:00:00,3051.0
2019-04-20 00:00:00,3375.345212986031
2019-04-20 01:00:00,3348.5755419376787
2019-04-20 02:00:00,3247.7883200241426
2019-04-20 03:00:00,3129.6037267815686
2019-04-20 04:00:00,3025.286333422403
2019-04-20 05:00:00,2957.8724577334574
2019-04-20 06:00:00,2901.9856163225613
2019-04-20 07:00:00,2852.857874759135
2019-04-20 08:00:00,2874.965956297121
2019-04-20 09:00:00,2947.314947133695
2019-04-20 10:00:00,3091.3385387956964
2019-04-20 11:00:00,3256.673781862785
2019-04-20 12:00:00,3399.510197161234
2019-04-20 13:00:00,3465.590979839913
2019-04-20 14:00:00,3493.3437568737545
2019-04-20 15:00:00,3500.2370459854155
2019-04-20 16:00:00,3522.655677948642
2019-04-20 17:00:00,3567.232683248786
2019-04-20 18:00:00,3611.3516531852492
2019-04-20 19:00:00,3572.6982986652984
2019-04-20 20:00:00,3458.791792326628
2019-04-20 21:00:00,3349.5874381558897
2019-04-20 22:00:00,3333.4478900237355
2019-04-20 23:00:00,3397.1959595538265
2019-04-21 00:00:00,3480.0729664593287
2019-04-21 01:00:00,3511.3268421678813
2019-04-21 02:00:00,3528.496164224983
2019-04-21 03:00:00,3467.251284839485
2019-04-21 04:00:00,3329.4147555464647
2019-04-21 05:00:00,3201.9564561307975
2019-04-21 06:00:00,3098.7991031840743
2019-04-21 07:00:00,3030.6474015167905
2019-04-21 08:00:00,2990.258509036693
2019-04-21 09:00:00,3000.9964673644586
2019-04-21 10:00:00,3105.0794850529464
2019-04-21 11:00:00,3258.8218378737215
2019-04-21 12:00:00,3362.7006828152344
2019-04-21 13:00:00,3434.0226473084504
2019-04-21 14:00:00,3482.2584894919414
2019-04-21 15:00:00,3494.5705745746673
2019-04-21 16:00:00,3523.961119068484
2019-04-21 17:00:00,3566.9276157024556
2019-04-21 18:00:00,3592.39148119764
2019-04-21 19:00:00,3585.724120274065
2019-04-21 20:00:00,3521.361902789975
2019-04-21 21:00:00,3436.0221537442644
2019-04-21 22:00:00,3408.7363140746643
2019-04-21 23:00:00,3489.2837239412497
2019-04-22 00:00:00,3552.8998563232067
2019-04-22 01:00:00,3527.5897980704485
2019-04-22 02:00:00,3420.0
2019-04-22 03:00:00,3275.720074768415
2019-04-22 04:00:00,3141.645144367046
2019-04-22 05:00:00,3056.1463181273357
2019-04-22 06:00:00,2987.3925562271447
2019-04-22 07:00:00,2925.298047632724
2019-04-22 08:00:00,2930.4947194444603
2019-04-22 09:00:00,2984.9574700721164
2019-04-22 10:00:00,3111.5683514473535
2019-04-22 11:00:00,3267.7198624252055
2019-04-22 12:00:00,3408.5527543317457
2019-04-22 13:00:00,3473.15099767337
2019-04-22 14:00:00,3498.1730676090233
2019-04-22 15:00:00,3502.8685657976953
2019-04-22 16:00:00,3521.4743939396462
2019-04-22 17:00:00,3563.563892012467
2019-04-22 18:00:00,3607.8860888071613
2019-04-22 19:00:00,3570.705917105737
2019-04-22 20:00:00,3457.349844310434
2019-04-22 21:00:00,3348.9580740868582
2019-04-22 22:00:00,3333.803785782095
2019-04-22 23:00:00,3398.2626149502753
2019-04-23 00:00:00,3482.786520622675
2019-04-23 01:00:00,3516.7148783283633
2019-04-23 02:00:00,3509.0897784356143
2019-04-23 03:00:00,3439.158217164181
2019-04-23 04:00:00,3287.5678308467695
2019-04-23 05:00:00,3166.801030944052
2019-04-23 06:00:00,3074.8619348796888
2019-04-23 07:00:00,3015.924704638442
2019-04-23 08:00:00,2975.3691719491494
2019-04-23 09:00:00,2978.980796290428
2019-04-23 10:00:00,3072.5044934967946
2019-04-23 11:00:00,3222.979058676854
2019-04-23 12:00:00,3329.809084689027
2019-04-23 13:00:00,3402.0371778409026
2019-04-23 14:00:00,3449.0967479973137
2019-04-23 15:00:00,3456.1300982539406
2019-04-23 16:00:00,3481.420571286515
2019-04-23 17:00:00,3518.729187308807
2019-04-23 18:00:00,3544.1489031397605
2019-04-23 19:00:00,3530.740934288922
2019-04-23 20:00:00,3463.8565638430387
2019-04-23 21:00:00,3382.986294713272
2019-04-23 22:00:00,3355.8915409489773
2019-04-23 23:00:00,3429.0981580538546
2019-04-24 00:00:00,3474.6330661134316
2019-04-24 01:00:00,3443.6862520976083
2019-04-24 02:00:00,3333.476753962074
2019-04-24 03:00:00,3202.173899983483
2019-04-24 04:00:00,3085.081628070895
2019-04-24 05:00:00,3278.0
2019-04-24 06:00:00,2947.8112479965635
2019-04-24 07:00:00,2892.4135825722824
2019-04-24 08:00:00,2907.493456867765
2019-04-24 09:00:00,2971.068121650977
2019-04-24 10:00:00,3103.76810244147
2019-04-24 11:00:00,3263.212792644891
2019-04-24 12:00:00,3403.6345464335714
2019-04-24 13:00:00,3467.4938991601753
2019-04-24 14:00:00,3492.481560857233
2019-04-24 15:00:00,3499.247523516542
2019-04-24 16:00:00,3520.9720369319625
2019-04-24 17:00:00,3565.0687395827563
2019-04-24 18:00:00,3608.7577478058784
2019-04-24 19:00:00,3570.3840323945956
2019-04-24 20:00:00,3455.961246876253
2019-04-24 21:00:00,3347.1462958560464
2019-04-24 22:00:00,3330.3494942685616
2019-04-24 23:00:00,3392.904495080544
2019-04-25 00:00:00,3473.5740310587685
2019-04-25 01:00:00,3503.0522483833074
2019-04-25 02:00:00,3484.7191474011083
2019-04-25 03:00:00,3422.4432820427483
2019-04-25 04:00:00,3277.7538788844
2019-04-25 05:00:00,3157.7284059768003
2019-04-25 06:00:00,3056.8833087753546
2019-04-25 07:00:00,2989.7326604111563
2019-04-25 08:00:00,2942.6027996652265
2019-04-25 09:00:00,2944.159429525802
2019-04-25 10:00:00,3041.0271833068446
2019-04-25 11:00:00,3199.536246226015
2019-04-25 12:00:00,3315.9130126777677
2019-04-25 13:00:00,3388.37988745828
2019-04-25 14:00:00,3432.5021168208914
2019-04-25 15:00:00,3436.4800744547642
2019-04-25 16:00:00,3457.071916809969
2019-04-25 17:00:00,3494.149957095585
2019-04-25 18:00:00,3523.4834165894904
2019-04-25 19:00:00,3514.923553406106
2019-04-25 20:00:00,3454.0573980462727
2019-04-25 21:00:00,3368.974242819832
2019-04-25 22:00:00,3329.59735711637
2019-04-25 23:00:00,3386.2132740110337
2019-04-26 00:00:00,3412.493003353311
2019-04-26 01:00:00,3366.099412578262
2019-04-26 02:00:00,3249.8593823292235
2019-04-26 03:00:00,3110.6070705138354
2019-04-26 04:00:00,2989.9274889238727
2019-04-26 05:00:00,2904.568211984569
2019-04-26 06:00:00,2829.669023199157
2019-04-26 07:00:00,2764.4921948634533
2019-04-26 08:00:00,2715.0
2019-04-26 09:00:00,2847.933340462218
2019-04-26 10:00:00,3005.2386678226826
2019-04-26 11:00:00,3198.897562491264
2019-04-26 12:00:00,3350.264833718283
2019-04-26 13:00:00,3421.2972211288848
2019-04-26 14:00:00,3449.07600396105
2019-04-26 15:00:00,3459.0863199698115
2019-04-26 16:00:00,3484.814190793472
2019-04-26 17:00:00,3531.6801608641067
2019-04-26 18:00:00,3576.3768477062786
2019-04-26 19:00:00,3540.1278481940685
2019-04-26 20:00:00,3428.1152281428936
2019-04-26 21:00:00,3322.196715394135
2019-04-26 22:00:00,3304.7086001670245
2019-04-26 23:00:00,3363.5058143056267
2019-04-27 00:00:00,3432.447689317927
2019-04-27 01:00:00,3442.977552122022
2019-04-27 02:00:00,3493.8204807059524
2019-04-27 03:00:00,3438.199945876667
2019-04-27 04:00:00,3301.3887190345317
2019-04-27 05:00:00,3169.256918461934
2019-04-27 06:00:00,3057.005127780258
2019-04-27 07:00:00,2982.914071941729
2019-04-27 08:00:00,2944.3523744505433
2019-04-27 09:00:00,2963.381641358782
2019-04-27 10:00:00,3071.8990182369935
2019-04-27 11:00:00,3225.742593437641
2019-04-27 12:00:00,3333.983537401499
2019-04-27 13:00:00,3406.873830474517
2019-04-27 14:00:00,3455.4994320523524
2019-04-27 15:00:00,3466.4056562076307
2019-04-27 16:00:00,3496.111980130697
2019-04-27 17:00:00,3536.0688266664115
2019-04-27 18:00:00,3565.528445607076
2019-04-27 19:00:00,3556.2462469090688
2019-04-27 20:00:00,3490.708588633462
2019-04-27 21:00:00,3405.179756018359
2019-04-27 22:00:00,3374.5374567567433
2019-04-27 23:00:00,3447.4097451855746
2019-04-28 00:00:00,3493.3862972986935
2019-04-28 01:00:00,3463.9682360414163
2019-04-28 02:00:00,3356.6735575391112
2019-04-28 03:00:00,3216.92456814326
2019-04-28 04:00:00,3093.7263550820653
2019-04-28 05:00:00,3023.9192744072398
2019-04-28 06:00:00,2968.0248003702886
2019-04-28 07:00:00,2917.231623077437
2019-04-28 08:00:00,2941.274198602805
2019-04-28 09:00:00,3018.599989207845
2019-04-28 10:00:00,3163.6109822548697
2019-04-28 11:00:00,3432.0
2019-04-28 12:00:00,3463.7789968712777
2019-04-28 13:00:00,3521.2395842247824
2019-04-28 14:00:00,3539.284275129961
2019-04-28 15:00:00,3538.8533020117725
2019-04-28 16:00:00,3552.5240313851205
2019-04-28 17:00:00,3595.4323701929866
2019-04-28 18:00:00,3648.5001191873466
2019-04-28 19:00:00,3604.215696521064
2019-04-28 20:00:00,3485.743360646773
2019-04-28 21:00:00,3371.6948153957633
2019-04-28 22:00:00,3350.0811224693757
2019-04-28 23:00:00,3413.1602029721007
2019-04-29 00:00:00,3497.9225913559153
2019-04-29 01:00:00,3534.4362963999574
2019-04-29 02:00:00,3530.6927144367623
2019-04-29 03:00:00,3466.889431210466
2019-04-29 04:00:00,3326.7009966452947
2019-04-29 05:00:00,3201.4679516842425
2019-04-29 06:00:00,3103.7478211126877
2019-04-29 07:00:00,3038.4013142584895
2019-04-29 08:00:00,2996.7945920679254
2019-04-29 09:00:00,2994.9138540434465
2019-04-29 10:00:00,3083.1892199904846
2019-04-29 11:00:00,3225.9983314528095
2019-04-29 12:00:00,3330.4611992249907
2019-04-29 13:00:00,3403.105532561285
2019-04-29 14:00:00,3452.5964544548265
2019-04-29 15:00:00,3467.3502755770833
2019-04-29 16:00:00,3501.743154740697
2019-04-29 17:00:00,3546.6126280215212
2019-04-29 18:00:00,3581.1732734523584
2019-04-29 19:00:00,3576.6902685558025
2019-04-29 20:00:00,3515.6249606204237
2019-04-29 21:00:00,3430.396801877961
2019-04-29 22:00:00,3393.7866694138693
2019-04-29 23:00:00,3463.55173788734
2019-04-30 00:00:00,3510.4918066710084
2019-04-30 01:00:00,3488.7575272614135
2019-04-30 02:00:00,3393.920490149979
2019-04-30 03:00:00,3257.498723784966
2019-04-30 04:00:00,3127.217957873433
2019-04-30 05:00:00,3046.5462516742814
2019-04-30 06:00:00,2979.7934252799114
2019-04-30 07:00:00,2925.0778643879617
2019-04-30 08:00:00,2949.694541149078
2019-04-30 09:00:00,3052.13986098845
2019-04-30 10:00:00,3234.7322750178905
2019-04-30 11:00:00,3456.8611269365433
2019-04-30 12:00:00,3631.5893236745674
2019-04-30 13:00:00,3712.3459633123653
2019-04-30 14:00:00,3995.0
2019-04-30 15:00:00,3732.838728940086
2019-04-30 16:00:00,3767.802101859
2019-04-30 17:00:00,3874.9141009910268
2019-04-30 18:00:00,3983.932569597174
2019-04-30 19:00:00,3949.794945267465
2019-04-30 20:00:00,3796.9043058866555
2019-04-30 21:00:00,3597.5938529103796
2019-04-30 22:00:00,3541.66338596408
2019-04-30 23:00:00,3602.446696211066
2019-05-01 00:00:00,3675.1531756662653
2019-05-01 01:00:00,3679.314529252798
2019-05-01 02:00:00,3595.2852783511667
2019-05-01 03:00:00,3510.0025487892635
2019-05-01 04:00:00,3366.184415627768
2019-05-01 05:00:00,3247.8573371444
2019-05-01 06:00:00,3156.3860629116743
2019-05-01 07:00:00,3081.2326552657437
2019-05-01 08:00:00,3029.1775723038104
2019-05-01 09:00:00,3020.2952347643527
2019-05-01 10:00:00,3098.744986882602
2019-05-01 11:00:00,3238.1449023843684
2019-05-01 12:00:00,3342.5808348485075
2019-05-01 13:00:00,3415.2850048610594
2019-05-01 14:00:00,3463.064089244887
2019-05-01 15:00:00,3471.0279360559102
2019-05-01 16:00:00,3499.191232899386
2019-05-01 17:00:00,3541.5458009373638
2019-05-01 18:00:00,3578.749062970507
2019-05-01 19:00:00,3587.174417498696
2019-05-01 20:00:00,3539.639912918663
2019-05-01 21:00:00,3452.7609940539537
2019-05-01 22:00:00,3406.698054863643
2019-05-01 23:00:00,3468.9255242953154
2019-05-02 00:00:00,3512.434342760092
2019-05-02 01:00:00,3485.932096161866
2019-05-02 02:00:00,3382.7683144474895
2019-05-02 03:00:00,3237.1917618267075
2019-05-02 04:00:00,3100.4722534346847
2019-05-02 05:00:00,3017.9791586112915
2019-05-02 06:00:00,2949.634446503163
2019-05-02 07:00:00,2891.180291061395
2019-05-02 08:00:00,2907.0465551469188
2019-05-02 09:00:00,2971.807765701187
2019-05-02 10:00:00,3104.5548157172725
2019-05-02 11:00:00,3261.8263367683426
2019-05-02 12:00:00,3388.1500283039854
2019-05-02 13:00:00,3445.1730663604153
2019-05-02 14:00:00,3461.4985041519176
2019-05-02 15:00:00,3460.431734102288
2019-05-02 16:00:00,3469.550871408252
2019-05-02 17:00:00,3223.0
2019-05-02 18:00:00,3545.6662028644664
2019-05-02 19:00:00,3510.2490654128674
2019-05-02 20:00:00,3408.8787297045988
2019-05-02 21:00:00,3316.5064575430674
2019-05-02 22:00:00,3305.5185593752917
2019-05-02 23:00:00,3367.7884668629913
2019-05-03 00:00:00,3452.821109173651
2019-05-03 01:00:00,3489.4801780722837
2019-05-03 02:00:00,3507.7678395419653
2019-05-03 03:00:00,3449.283206827811
2019-05-03 04:00:00,3311.5302105667247
2019-05-03 05:00:00,3186.1211893517316
2019-05-03 06:00:00,3086.189177800183
2019-05-03 07:00:00,3020.684613346346
2019-05-03 08:00:00,2980.4139446749737
2019-05-03 09:00:00,2983.239375774521
2019-05-03 10:00:00,3076.2338175179702
2019-05-03 11:00:00,3224.665885414065
2019-05-03 12:00:00,3332.285409136438
2019-05-03 13:00:00,3405.4268500026246
2019-05-03 14:00:00,3454.6901484789023
2019-05-03 15:00:00,3466.4184318478087
2019-05-03 16:00:00,3498.0511503299645
2019-05-03 17:00:00,3540.2485902780213
2019-05-03 18:00:00,3570.265824964896
2019-05-03 19:00:00,3560.6498626672355
2019-05-03 20:00:00,3494.6296004891437
2019-05-03 21:00:00,3409.114034884995
2019-05-03 22:00:00,3377.149002346975
2019-05-03 23:00:00,3449.7679277193897
2019-05-04 00:00:00,3496.718282531304
2019-05-04 01:00:00,3471.283555323141
2019-05-04 02:00:00,3369.4801663603985
2019-05-04 03:00:00,3232.281309397282
2019-05-04 04:00:00,3106.338598098117
2019-05-04 05:00:00,3030.7026152129965
2019-05-04 06:00:00,2969.1030644013226
2019-05-04 07:00:00,2920.138408798478
2019-05-04 08:00:00,2950.667635455004
2019-05-04 09:00:00,3046.87690325902
2019-05-04 10:00:00,3209.107661668067
2019-05-04 11:00:00,3401.634593669302
2019-05-04 12:00:00,3560.431137155776
2019-05-04 13:00:00,3636.3940781553015
2019-05-04 14:00:00,3655.2041936974083
2019-05-04 15:00:00,3664.379068828406
2019-05-04 16:00:00,3698.0930332749767
2019-05-04 17:00:00,3775.43518652686
2019-05-04 18:00:00,3854.1797611107586
2019-05-04 19:00:00,3810.0326683868775
2019-05-04 20:00:00,3654.0
2019-05-04 21:00:00,3519.400350651857
2019-05-04 22:00:00,3480.990134581424
2019-05-04 23:00:00,3546.3040062265773
2019-05-05 00:00:00,3627.199834826213
2019-05-05 01:00:00,3643.7927298258933
2019-05-05 02:00:00,3595.4354003127723
2019-05-05 03:00:00,3519.3230989763438
2019-05-05 04:00:00,3368.7897208091435
2019-05-05 05:00:00,3243.9505136198773
2019-05-05 06:00:00,3143.2629826472953
2019-05-05 07:00:00,3065.6600753035714
2019-05-05 08:00:00,3014.431674535318
2019-05-05 09:00:00,3004.0491246898923
2019-05-05 10:00:00,3087.7589518290188
2019-05-05 11:00:00,3232.4013922254435
2019-05-05 12:00:00,3340.077595566837
2019-05-05 13:00:00,3412.3168510248424
2019-05-05 14:00:00,3460.4954812709716
2019-05-05 15:00:00,3468.3263836237697
2019-05-05 16:00:00,3495.0305672319396
2019-05-05 17:00:00,3536.604691066267
2019-05-05 18:00:00,3570.9465045219763
2019-05-05 19:00:00,3570.879186725653
2019-05-05 20:00:00,3515.439304362194
2019-05-05 21:00:00,3430.2944329662773
2019-05-05 22:00:00,3388.7393988866
2019-05-05 23:00:00,3453.3810630258045
2019-05-06 00:00:00,3493.7549727919877
2019-05-06 01:00:00,3461.2079525172644
2019-05-06 02:00:00,3351.152933164217
2019-05-06 03:00:00,3204.0745958509833
2019-05-06 04:00:00,3067.1195120246375
2019-05-06 05:00:00,2977.2960169314506
2019-05-06 06:00:00,2900.4835286181315
2019-05-06 07:00:00,2827.995938464651
2019-05-06 08:00:00,2828.9619078943238
2019-05-06 09:00:00,2885.676921990254
2019-05-06 10:00:00,3009.711583239303
2019-05-06 11:00:00,3166.789602478752
2019-05-06 12:00:00,3292.984804651206
2019-05-06 13:00:00,3355.79534283529
2019-05-06 14:00:00,3381.7699063570817
2019-05-06 15:00:00,3390.9847504059576
2019-05-06 16:00:00,3406.82514382012
2019-05-06 17:00:00,3445.307800227217
2019-05-06 18:00:00,3486.3299099421815
2019-05-06 19:00:00,3451.9948855926955
2019-05-06 20:00:00,3354.2377138541365
2019-05-06 21:00:00,3259.6654764539326
2019-05-06 22:00:00,3241.246074384427
2019-05-06 23:00:00,2915.0
2019-05-07 00:00:00,3354.333273185815
2019-05-07 01:00:00,3382.32345601012
2019-05-07 02:00:00,3430.9521941714097
2019-05-07 03:00:00,3383.1808079297407
2019-05-07 04:00:00,3249.2243797805368
2019-05-07 05:00:00,3123.3994295826164
2019-05-07 06:00:00,3023.25215668358
2019-05-07 07:00:00,2960.7086007159237
2019-05-07 08:00:00,2928.2186244935465
2019-05-07 09:00:00,2948.286190609698
2019-05-07 10:00:00,3057.870415337912
2019-05-07 11:00:00,3219.415772935673
2019-05-07 12:00:00,3332.7582142866963
2019-05-07 13:00:00,3407.8841870642964
2019-05-07 14:00:00,3457.381255187295
2019-05-07 15:00:00,3467.054294295354
2019-05-07 16:00:00,3494.920745863485
2019-05-07 17:00:00,3534.973069835749
2019-05-07 18:00:00,3563.755309593046
2019-05-07 19:00:00,3550.8169028453444
2019-05-07 20:00:00,3482.172966408364
2019-05-07 21:00:00,3393.6383778084046
2019-05-07 22:00:00,3360.258320277964
2019-05-07 23:00:00,3430.1259050743506
2019-05-08 00:00:00,3474.3562073444045
2019-05-08 01:00:00,3446.299415116645
2019-05-08 02:00:00,3339.817951153999
2019-05-08 03:00:00,3195.343371204197
2019-05-08 04:00:00,3061.0689524572517
2019-05-08 05:00:00,2978.3520218663275
2019-05-08 06:00:00,2910.9246007229885
2019-05-08 07:00:00,2849.516127627107
2019-05-08 08:00:00,2855.168709623918
2019-05-08 09:00:00,2916.4328179857866
2019-05-08 10:00:00,3052.1383336442877
2019-05-08 11:00:00,3210.590454880023
2019-05-08 12:00:00,3349.5056822482625
2019-05-08 13:00:00,3424.0569518609136
2019-05-08 14:00:00,3460.802907397027
2019-05-08 15:00:00,3470.1530462943406
2019-05-08 16:00:00,3490.6106952905975
2019-05-08 17:00:00,3531.568460002434
2019-05-08 18:00:00,3571.9693542137375
2019-05-08 19:00:00,3535.3607245252692
2019-05-08 20:00:00,3427.8922932217856
2019-05-08 21:00:00,3319.9303864373956
2019-05-08 22:00:00,3295.7512876366495
2019-05-08 23:00:00,3348.4575720038547
2019-05-09 00:00:00,3416.6538532847985
2019-05-09 01:00:00,3447.184222378379
2019-05-09 02:00:00,2796.0
2019-05-09 03:00:00,3155.294245236734
2019-05-09 04:00:00,3011.6242767432527
2019-05-09 05:00:00,2919.1725704010114
2019-05-09 06:00:00,2857.0028493197983
2019-05-09 07:00:00,2836.4620112511507
2019-05-09 08:00:00,2830.4273229598325
2019-05-09 09:00:00,2868.286556789532
2019-05-09 10:00:00,2986.583661655559
2019-05-09 11:00:00,3158.058541622224
2019-05-09 12:00:00,3291.165062119065
2019-05-09 13:00:00,3377.276369746892
2019-05-09 14:00:00,3428.7768547981314
2019-05-09 15:00:00,3437.0769015889064
2019-05-09 16:00:00,3462.1078448618237
2019-05-09 17:00:00,3502.645254158992
2019-05-09 18:00:00,3538.8687064856026
2019-05-09 19:00:00,3526.0403586022303
2019-05-09 20:00:00,3449.30958934373
2019-05-09 21:00:00,3343.0471579992786
2019-05-09 22:00:00,3283.8076855936642
2019-05-09 23:00:00,3321.2081756668135
2019-05-10 00:00:00,3357.9533122516336
2019-05-10 01:00:00,3333.296134254299
2019-05-10 02:00:00,3229.7998992623384
2019-05-10 03:00:00,3083.307574831417
2019-05-10 04:00:00,2957.6992331558627
2019-05-10 05:00:00,2866.2102859542247
2019-05-10 06:00:00,2804.3586619344205
2019-05-10 07:00:00,2765.682950044158
2019-05-10 08:00:00,2789.9365693178534
2019-05-10 09:00:00,2872.1106989914656
2019-05-10 10:00:00,3027.8882972825013
2019-05-10 11:00:00,3203.669083928509
2019-05-10 12:00:00,3347.01179948512
2019-05-10 13:00:00,3424.7516395798684
2019-05-10 14:00:00,3464.952296105162
2019-05-10 15:00:00,3476.217544412741
2019-05-10 16:00:00,3498.156279107507
2019-05-10 17:00:00,3539.3747733426458
2019-05-10 18:00:00,3582.0125142641236
2019-05-10 19:00:00,3548.874141544655
2019-05-10 20:00:00,3442.5362520280232
2019-05-10 21:00:00,3332.8595963620714
2019-05-10 22:00:00,3304.688069058097
2019-05-10 23:00:00,3347.8073205820833
2019-05-11 00:00:00,3396.380062948682
2019-05-11 01:00:00,3416.7747059271755
2019-05-11 02:00:00,3158.8589518584095
2019-05-11 03:00:00,3041.247595857969
2019-05-11 04:00:00,2892.483389980538
2019-05-11 05:00:00,2503.0
2019-05-11 06:00:00,2736.5550964619906
2019-05-11 07:00:00,2717.552117890272
2019-05-11 08:00:00,2728.430641018049
2019-05-11 09:00:00,2800.3815068728154
2019-05-11 10:00:00,2946.7747832395485
2019-05-11 11:00:00,3145.5391513038257
2019-05-11 12:00:00,3285.7545457455776
2019-05-11 13:00:00,3371.4915353056986
2019-05-11 14:00:00,3423.93691816983
2019-05-11 15:00:00,3432.7284585793805
2019-05-11 16:00:00,3457.707943047773
2019-05-11 17:00:00,3498.42376497898
2019-05-11 18:00:00,3532.707432892853
2019-05-11 19:00:00,3516.798198432961
2019-05-11 20:00:00,3439.9786139066837
2019-05-11 21:00:00,3332.4138166044972
2019-05-11 22:00:00,3269.892847313515
2019-05-11 23:00:00,3303.191107988764
2019-05-12 00:00:00,3330.5965268314803
2019-05-12 01:00:00,3293.471974207152
2019-05-12 02:00:00,3173.1454179512652
2019-05-12 03:00:00,3014.2283125501235
2019-05-12 04:00:00,2890.815006026456
2019-05-12 05:00:00,2811.3718332311764
2019-05-12 06:00:00,2758.6933645446543
2019-05-12 07:00:00,2723.2503809902328
2019-05-12 08:00:00,2751.9553608825045
2019-05-12 09:00:00,2857.4890115656535
2019-05-12 10:00:00,3044.065746480517
2019-05-12 11:00:00,3236.9576482204434
2019-05-12 12:00:00,3388.105166152129
2019-05-12 13:00:00,3457.9680378838225
2019-05-12 14:00:00,3484.6786052173247
2019-05-12 15:00:00,3484.919577540672
2019-05-12 16:00:00,3501.695942198628
2019-05-12 17:00:00,3547.3366178177566
2019-05-12 18:00:00,3597.3091690617434
2019-05-12 19:00:00,3565.460927167686
2019-05-12 20:00:00,3453.87229048541
2019-05-12 21:00:00,3343.857432503794
2019-05-12 22:00:00,3325.4122007104925
2019-05-12 23:00:00,3384.1402912651693
2019-05-13 00:00:00,3453.4983737038374
2019-05-13 01:00:00,3468.7012462940856
2019-05-13 02:00:00,3345.030400062404
2019-05-13 03:00:00,3257.1711637413605
2019-05-13 04:00:00,3116.2252074192434
2019-05-13 05:00:00,3004.949397846803
2019-05-13 06:00:00,2907.144403447462
2019-05-13 07:00:00,2850.8455803988736
2019-05-13 08:00:00,2734.0
2019-05-13 09:00:00,2864.5805401221683
2019-05-13 10:00:00,2987.294544136342
2019-05-13 11:00:00,3157.9305559140803
2019-05-13 12:00:00,3287.624645592754
2019-05-13 13:00:00,3370.686465236653
2019-05-13 14:00:00,3422.157664589638
2019-05-13 15:00:00,3431.663768666036
2019-05-13 16:00:00,3458.073219893199
2019-05-13 17:00:00,3498.362220789276
2019-05-13 18:00:00,3533.781790526217
2019-05-13 19:00:00,3520.5566361726196
2019-05-13 20:00:00,3447.3059185405887
2019-05-13 21:00:00,3348.310111633952
2019-05-13 22:00:00,3298.148235229941
2019-05-13 23:00:00,3344.1496138515213
2019-05-14 00:00:00,3373.473610363231
2019-05-14 01:00:00,3334.4313113054723
2019-05-14 02:00:00,3215.341936579117
2019-05-14 03:00:00,3065.042364911446
2019-05-14 04:00:00,2944.7100104804013
2019-05-14 05:00:00,2867.7743191344925
2019-05-14 06:00:00,2814.003909930336
2019-05-14 07:00:00,2768.491019376284
2019-05-14 08:00:00,2788.1222973803524
2019-05-14 09:00:00,2885.6081300816027
2019-05-14 10:00:00,3066.56807117118
2019-05-14 11:00:00,3252.910872649064
2019-05-14 12:00:00,3400.274647246123
2019-05-14 13:00:00,3466.2623069732217
2019-05-14 14:00:00,3491.6522498299014
2019-05-14 15:00:00,3492.3602659811577
2019-05-14 16:00:00,3510.1966811933808
2019-05-14 17:00:00,3555.7349264794784
2019-05-14 18:00:00,3603.721074508347
2019-05-14 19:00:00,3569.252864110004
2019-05-14 20:00:00,3456.333095805809
2019-05-14 21:00:00,3347.17950023624
2019-05-14 22:00:00,3331.202055323115
2019-05-14 23:00:00,3394.6921306272247
2019-05-15 00:00:00,3473.99842799807
2019-05-15 01:00:00,3497.1046965096143
2019-05-15 02:00:00,3512.980431766847
2019-05-15 03:00:00,3451.5772163382694
2019-05-15 04:00:00,3309.728419446936
2019-05-15 05:00:00,3182.5115796306354
2019-05-15 06:00:00,3076.937272110522
2019-05-15 07:00:00,3005.454969238314
2019-05-15 08:00:00,2964.6279050581584
2019-05-15 09:00:00,2981.110544645199
2019-05-15 10:00:00,3087.4823264611105
2019-05-15 11:00:00,3300.0
2019-05-15 12:00:00,3342.821094684229
2019-05-15 13:00:00,3413.4166657591636
2019-05-15 14:00:00,3461.6434462465927
2019-05-15 15:00:00,3471.739178875263
2019-05-15 16:00:00,3497.1077184398873
2019-05-15 17:00:00,3534.865647994585
2019-05-15 18:00:00,3563.1353880324286
2019-05-15 19:00:00,3553.363292670668
2019-05-15 20:00:00,3485.93913914299
2019-05-15 21:00:00,3400.077660796748
2019-05-15 22:00:00,3369.0899074057647
2019-05-15 23:00:00,3443.340028154025
2019-05-16 00:00:00,3495.160211316452
2019-05-16 01:00:00,3468.329368701234
2019-05-16 02:00:00,3354.3878112472034
2019-05-16 03:00:00,3214.418769638797
2019-05-16 04:00:00,3088.0410559810803
2019-05-16 05:00:00,3012.1020365488366
2019-05-16 06:00:00,2949.672626012464
2019-05-16 07:00:00,2889.077518962231
2019-05-16 08:00:00,2894.8977894258933
2019-05-16 09:00:00,2952.5626887480926
2019-05-16 10:00:00,3089.3698044547345
2019-05-16 11:00:00,3254.409438862932
2019-05-16 12:00:00,3399.045982810044
2019-05-16 13:00:00,3466.31787691324
2019-05-16 14:00:00,3491.611654414284
2019-05-16 15:00:00,3491.901018569562
2019-05-16 16:00:00,3506.946148856419
2019-05-16 17:00:00,3549.509467579103
2019-05-16 18:00:00,3597.3023881450335
2019-05-16 19:00:00,3564.7201611542037
2019-05-16 20:00:00,3454.34225387468
2019-05-16 21:00:00,3346.2544619922146
2019-05-16 22:00:00,3330.4855507417024
2019-05-16 23:00:00,3392.4532529178423
2019-05-17 00:00:00,3468.9688099659315
2019-05-17 01:00:00,3495.5461216397175
2019-05-17 02:00:00,3397.9007408474736
2019-05-17 03:00:00,3322.4896051347314
2019-05-17 04:00:00,3177.494827323317
2019-05-17 05:00:00,3054.817749822966
2019-05-17 06:00:00,2955.043783586788
2019-05-17 07:00:00,2899.615620416338
2019-05-17 08:00:00,2859.210643732837
2019-05-17 09:00:00,2863.2979641224397
2019-05-17 10:00:00,2942.8790974526173
2019-05-17 11:00:00,3092.8930803304734
2019-05-17 12:00:00,3208.254486400044
2019-05-17 13:00:00,3276.3538038478405
2019-05-17 14:00:00,2759.0
2019-05-17 15:00:00,3303.7424300942844
2019-05-17 16:00:00,3324.020155491366
2019-05-17 17:00:00,3362.170088366952
2019-05-17 18:00:00,3393.290008212432
2019-05-17 19:00:00,3380.705466223882
2019-05-17 20:00:00,3312.87544043516
2019-05-17 21:00:00,3229.4767574609614
2019-05-17 22:00:00,3197.766410585698
2019-05-17 23:00:00,3240.3775847272154
2019-05-18 00:00:00,3253.282922221687
2019-05-18 01:00:00,3211.123981173936
2019-05-18 02:00:00,3119.5768966199744
2019-05-18 03:00:00,3011.338086024237
2019-05-18 04:00:00,2930.9460762603435
2019-05-18 05:00:00,2875.3667183020934
2019-05-18 06:00:00,2827.7077003674012
2019-05-18 07:00:00,2789.6430407952475
2019-05-18 08:00:00,2821.7324843190145
2019-05-18 09:00:00,2918.1333212095988
2019-05-18 10:00:00,3086.0707574431476
2019-05-18 11:00:00,3260.3868865535933
2019-05-18 12:00:00,3405.294466526035
2019-05-18 13:00:00,3470.234077430073
2019-05-18 14:00:00,3497.1889747872256
2019-05-18 15:00:00,3504.6695338714335
2019-05-18 16:00:00,3527.1070180934353
2019-05-18 17:00:00,3571.7768433331817
2019-05-18 18:00:00,3615.2990066092852
2019-05-18 19:00:00,3575.0903407403416
2019-05-18 20:00:00,3457.9126276393063
2019-05-18 21:00:00,3348.3082648987856
2019-05-18 22:00:00,3332.0182836035337
2019-05-18 23:00:00,3396.07249350615
2019-05-19 00:00:00,3478.2781364255347
2019-05-19 01:00:00,3505.8307453842262
2019-05-19 02:00:00,3561.892551644216
2019-05-19 03:00:00,3501.311608356603
2019-05-19 04:00:00,3365.6626699482113
2019-05-19 05:00:00,3232.007026230073
2019-05-19 06:00:00,3123.806108510684
2019-05-19 07:00:00,3051.2724932945102
2019-05-19 08:00:00,3020.4478217693522
2019-05-19 09:00:00,3059.608320067297
2019-05-19 10:00:00,3209.36556171465
2019-05-19 11:00:00,3393.871541431168
2019-05-19 12:00:00,3516.524959428651
2019-05-19 13:00:00,3589.986204869694
2019-05-19 14:00:00,3639.2357081114337
2019-05-19 15:00:00,3662.392915393432
2019-05-19 16:00:00,3698.476990399407
2019-05-19 17:00:00,3541.0
2019-05-19 18:00:00,3786.5624251624636
2019-05-19 19:00:00,3782.8460241926987
2019-05-19 20:00:00,3693.606523266885
2019-05-19 21:00:00,3586.0900113329612
2019-05-19 22:00:00,3535.9415288773544
2019-05-19 23:00:00,3609.86187431876
2019-05-20 00:00:00,3679.0262583974963
2019-05-20 01:00:00,3653.689690691369
2019-05-20 02:00:00,3540.4844564400532
2019-05-20 03:00:00,3385.9902694790653
2019-05-20 04:00:00,3240.498867319022
2019-05-20 05:00:00,3140.2104440697995
2019-05-20 06:00:00,3065.8308102692336
2019-05-20 07:00:00,2992.0735180303577
2019-05-20 08:00:00,2982.6282251822563
2019-05-20 09:00:00,3021.446172533169
2019-05-20 10:00:00,3134.3046464278036
2019-05-20 11:00:00,3287.4897315566677
2019-05-20 12:00:00,3426.8139432008657
2019-05-20 13:00:00,3484.999073142729
2019-05-20 14:00:00,3503.521798202175
2019-05-20 15:00:00,3504.75938101784
2019-05-20 16:00:00,3522.473236074239
2019-05-20 17:00:00,3567.4319422880003
2019-05-20 18:00:00,3618.6859189051484
2019-05-20 19:00:00,3584.1826737704705
2019-05-20 20:00:00,3467.2009234296934
2019-05-20 21:00:00,3355.9962111137957
2019-05-20 22:00:00,3342.981895770702
2019-05-20 23:00:00,3408.654214207494
2019-05-21 00:00:00,3494.3736249781005
2019-05-21 01:00:00,3529.142546101893
2019-05-21 02:00:00,3552.9651922574
2019-05-21 03:00:00,3490.4340065490314
2019-05-21 04:00:00,3352.4468843974114
2019-05-21 05:00:00,3227.582932594813
2019-05-21 06:00:00,3130.009124050862
2019-05-21 07:00:00,3064.2133650856053
2019-05-21 08:00:00,3031.8270025808783
2019-05-21 09:00:00,3056.0104950553136
2019-05-21 10:00:00,3183.07130008167
2019-05-21 11:00:00,3355.9589652089685
2019-05-21 12:00:00,3471.7780503984072
2019-05-21 13:00:00,3546.5537945605984
2019-05-21 14:00:00,3593.484871259064
2019-05-21 15:00:00,3610.2242438870944
2019-05-21 16:00:00,3646.763344610747
2019-05-21 17:00:00,3702.2716994918533
2019-05-21 18:00:00,3746.823370533734
2019-05-21 19:00:00,3758.2865429899184
2019-05-21 20:00:00,3554.0
2019-05-21 21:00:00,3567.8486247061173
2019-05-21 22:00:00,3519.491598204975
2019-05-21 23:00:00,3588.679396101192
2019-05-22 00:00:00,3655.4124202532857
2019-05-22 01:00:00,3630.904254538554
2019-05-22 02:00:00,3513.4138166965945
2019-05-22 03:00:00,3360.7347083401314
2019-05-22 04:00:00,3212.916165995052
2019-05-22 05:00:00,3113.6025159019073
2019-05-22 06:00:00,3038.2873489964904
2019-05-22 07:00:00,2968.430099365427
2019-05-22 08:00:00,2967.2650592553373
2019-05-22 09:00:00,3010.022145948812
2019-05-22 10:00:00,3123.6903784086476
2019-05-22 11:00:00,3275.6655285175134
2019-05-22 12:00:00,3416.8545823415843
2019-05-22 13:00:00,3479.831318501165
2019-05-22 14:00:00,3502.332119942421
2019-05-22 15:00:00,3506.4590652903585
2019-05-22 16:00:00,3525.7301807998288
2019-05-22 17:00:00,3569.5377813597584
2019-05-22 18:00:00,3616.810897160698
2019-05-22 19:00:00,3583.090618599655
2019-05-22 20:00:00,3470.482666000449
2019-05-22 21:00:00,3360.411935066836
2019-05-22 22:00:00,3344.3694367577145
2019-05-22 23:00:00,3407.047353969334
2019-05-23 00:00:00,3488.609370782912
2019-05-23 01:00:00,3523.153325986388
2019-05-23 02:00:00,3466.08998324205
2019-05-23 03:00:00,3394.0328748359816
2019-05-23 04:00:00,3242.0443799157883
2019-05-23 05:00:00,3118.8819468366055
2019-05-23 06:00:00,3020.0580255221994
2019-05-23 07:00:00,2960.9507809924285
2019-05-23 08:00:00,2916.7293111120744
2019-05-23 09:00:00,2914.795030052029
2019-05-23 10:00:00,2998.715049230137
2019-05-23 11:00:00,3150.350453300151
2019-05-23 12:00:00,3263.111607117826
2019-05-23 13:00:00,3331.817869842996
2019-05-23 14:00:00,3370.7676437836185
2019-05-23 15:00:00,3367.6928338256967
2019-05-23 16:00:00,3382.4414873652913
2019-05-23 17:00:00,3415.662262963909
2019-05-23 18:00:00,3442.641393089835
2019-05-23 19:00:00,3423.2984227938764
2019-05-23 20:00:00,3355.7972591813163
2019-05-23 21:00:00,3271.252617662166
2019-05-23 22:00:00,3239.385896132171
2019-05-23 23:00:00,2918.0
2019-05-24 00:00:00,3307.034458693286
2019-05-24 01:00:00,3274.7498549815286
2019-05-24 02:00:00,3179.741345848268
2019-05-24 03:00:00,3065.7519616386985
2019-05-24 04:00:00,2971.704266636718
2019-05-24 05:00:00,2907.9671219168818
2019-05-24 06:00:00,2854.720792403468
2019-05-24 07:00:00,2812.780511351073
2019-05-24 08:00:00,2840.66993040823
2019-05-24 09:00:00,2922.392211895183
2019-05-24 10:00:00,3076.6239659141793
2019-05-24 11:00:00,3248.1830258842997
2019-05-24 12:00:00,3394.9113556989732
2019-05-24 13:00:00,3463.6573907937104
2019-05-24 14:00:00,3492.90092124608
2019-05-24 15:00:00,3499.615977892987
2019-05-24 16:00:00,3521.7166602060365
2019-05-24 17:00:00,3565.3900510279927
2019-05-24 18:00:00,3608.9215462540856
2019-05-24 19:00:00,3570.952835015475
2019-05-24 20:00:00,3456.960867014575
2019-05-24 21:00:00,3347.669577069278
2019-05-24 22:00:00,3330.711081738411
2019-05-24 23:00:00,3393.053364046671
2019-05-25 00:00:00,3471.532262641455
2019-05-25 01:00:00,3498.4105757683988
2019-05-25 02:00:00,3432.4447779460793
2019-05-25 03:00:00,3363.3710231122345
2019-05-25 04:00:00,3217.2315110880522
2019-05-25 05:00:00,3096.9801959822526
2019-05-25 06:00:00,2998.106699451296
2019-05-25 07:00:00,2939.432377143792
2019-05-25 08:00:00,2896.726917139857
2019-05-25 09:00:00,2902.835917071545
2019-05-25 10:00:00,2995.26282556862
2019-05-25 11:00:00,3150.2092374338617
2019-05-25 12:00:00,3268.222231717158
2019-05-25 13:00:00,3340.315107820969
2019-05-25 14:00:00,3381.8983506779496
2019-05-25 15:00:00,3381.616393937121
2019-05-25 16:00:00,3399.3536750952694
2019-05-25 17:00:00,3435.8563734339273
2019-05-25 18:00:00,3467.6877531208524
2019-05-25 19:00:00,3455.6168901416186
2019-05-25 20:00:00,3385.1755890165914
2019-05-25 21:00:00,3288.398390774824
2019-05-25 22:00:00,3241.7450573127817
2019-05-25 23:00:00,3277.692437063607
2019-05-26 00:00:00,3293.736716591792
2019-05-26 01:00:00,3249.019011364673
2019-05-26 02:00:00,2859.0
2019-05-26 03:00:00,3030.342489571206
2019-05-26 04:00:00,2936.3285189834905
2019-05-26 05:00:00,2868.9624209130066
2019-05-26 06:00:00,2814.894634115165
2019-05-26 07:00:00,2776.154487137132
2019-05-26 08:00:00,2804.313373927892
2019-05-26 09:00:00,2896.4464427008697
2019-05-26 10:00:00,3063.434075603279
2019-05-26 11:00:00,3240.8570561410033
2019-05-26 12:00:00,3387.4201707217326
2019-05-26 13:00:00,3457.37800395066
2019-05-26 14:00:00,3487.9623009869156
2019-05-26 15:00:00,3493.859790368039
2019-05-26 16:00:00,3514.241555337443
2019-05-26 17:00:00,3556.649179134969
2019-05-26 18:00:00,3600.5757364650312
2019-05-26 19:00:00,3564.984719274803
2019-05-26 20:00:00,3451.958675661255
2019-05-26 21:00:00,3343.2080000333162
2019-05-26 22:00:00,3325.7899706579005
2019-05-26 23:00:00,3386.4240556949467
2019-05-27 00:00:00,3459.9672986342484
2019-05-27 01:00:00,3484.051960066588
2019-05-27 02:00:00,3420.4771069245785
2019-05-27 03:00:00,3346.5588416194582
2019-05-27 04:00:00,3193.5117620678134
2019-05-27 05:00:00,3078.4701278150474
2019-05-27 06:00:00,2986.5051406055413
2019-05-27 07:00:00,2928.593999008421
2019-05-27 08:00:00,2885.9370373000856
2019-05-27 09:00:00,2898.50581038148
2019-05-27 10:00:00,3000.401269943391
2019-05-27 11:00:00,3167.139728725249
2019-05-27 12:00:00,3289.661659997809
2019-05-27 13:00:00,3362.5522437985364
2019-05-27 14:00:00,3402.536275422438
2019-05-27 15:00:00,3402.804060211133
2019-05-27 16:00:00,3421.4321065016757
2019-05-27 17:00:00,3458.4357123042278
2019-05-27 18:00:00,3488.948109511673
2019-05-27 19:00:00,3473.7745512829742
2019-05-27 20:00:00,3405.5877329842265
2019-05-27 21:00:00,3315.106456212125
2019-05-27 22:00:00,3271.545257622618
2019-05-27 23:00:00,3313.3218344062043
2019-05-28 00:00:00,3324.8483281763997
2019-05-28 01:00:00,3270.8610279116806
2019-05-28 02:00:00,3152.2266870925155
2019-05-28 03:00:00,3016.7026510406477
2019-05-28 04:00:00,2916.3697914942413
2019-05-28 05:00:00,2790.0
2019-05-28 06:00:00,2785.701280808546
2019-05-28 07:00:00,2742.5384201281827
2019-05-28 08:00:00,2764.91518320653
2019-05-28 09:00:00,2856.6093104652346
2019-05-28 10:00:00,3028.466427758613
2019-05-28 11:00:00,3220.864833543851
2019-05-28 12:00:00,3372.115817781954
2019-05-28 13:00:00,3444.115419428195
2019-05-28 14:00:00,3473.157004681108
2019-05-28 15:00:00,3477.869471540581
2019-05-28 16:00:00,3497.6365930904535
2019-05-28 17:00:00,3541.8304192698965
2019-05-28 18:00:00,3587.937115027817
2019-05-28 19:00:00,3553.8324493929144
2019-05-28 20:00:00,3440.713012573859
2019-05-28 21:00:00,3332.1100061484026
2019-05-28 22:00:00,3313.784451802372
2019-05-28 23:00:00,3372.7580271020233
2019-05-29 00:00:00,3441.8866271039915
2019-05-29 01:00:00,3456.4097946891993
2019-05-29 02:00:00,3450.1163874000044
2019-05-29 03:00:00,3391.19589242844
2019-05-29 04:00:00,3248.2382232014793
2019-05-29 05:00:00,3126.52207448559
2019-05-29 06:00:00,3018.766776828273
2019-05-29 07:00:00,2945.0328410802867
2019-05-29 08:00:00,2901.6426395208564
2019-05-29 09:00:00,2918.9090810118505
2019-05-29 10:00:00,3030.06863225867
2019-05-29 11:00:00,3196.5451494693116
2019-05-29 12:00:00,3315.1294687434715
2019-05-29 13:00:00,3387.19102814982
2019-05-29 14:00:00,3431.068640855828
2019-05-29 15:00:00,3435.231661008243
2019-05-29 16:00:00,3455.476480942353
2019-05-29 17:00:00,3492.586796098444
2019-05-29 18:00:00,3520.853800838968
2019-05-29 19:00:00,3511.3633059742233
2019-05-29 20:00:00,3449.9840325867103
2019-05-29 21:00:00,3363.5975409452517
2019-05-29 22:00:00,3322.1624177139643
2019-05-29 23:00:00,3375.4116217464184
2019-05-30 00:00:00,3396.57895755457
2019-05-30 01:00:00,3343.3093780139347
2019-05-30 02:00:00,3220.382372957842
2019-05-30 03:00:00,3075.5065642008303
2019-05-30 04:00:00,2956.7743095650185
2019-05-30 05:00:00,2873.5120884448506
2019-05-30 06:00:00,2801.251577106023
2019-05-30 07:00:00,2737.6847578762026
2019-05-30 08:00:00,2631.0
2019-05-30 09:00:00,2824.9098843054694
2019-05-30 10:00:00,2990.6798840457222
2019-05-30 11:00:00,3193.3552522861182
2019-05-30 12:00:00,3347.7087638886705
2019-05-30 13:00:00,3420.213769041407
2019-05-30 14:00:00,3448.197265128401
2019-05-30 15:00:00,3456.685330851887
2019-05-30 16:00:00,3482.005204235897
2019-05-30 17:00:00,3529.5392993402834
2019-05-30 18:00:00,3575.9834562629476
2019-05-30 19:00:00,3540.7368203758924
2019-05-30 20:00:00,3428.3902237977277
2019-05-30 21:00:00,3321.6965982182387
2019-05-30 22:00:00,3303.374557173258
2019-05-30 23:00:00,3361.282336975318
2019-05-31 00:00:00,3427.506178160697
2019-05-31 01:00:00,3434.02450223313
2019-05-31 02:00:00,3485.721728048356
2019-05-31 03:00:00,3430.6951663079544
2019-05-31 04:00:00,3293.6380657189807
2019-05-31 05:00:00,3162.3130509183884
2019-05-31 06:00:00,3049.0258642111353
2019-05-31 07:00:00,2973.5893205345133
2019-05-31 08:00:00,2935.485654312252
2019-05-31 09:00:00,2956.6448661235727
2019-05-31 10:00:00,3066.301576230772
2019-05-31 11:00:00,3223.3950163230766
2019-05-31 12:00:00,3334.573612282226
2019-05-31 13:00:00,3407.969112313429
2019-05-31 14:00:00,3456.6035626599905
2019-05-31 15:00:00,3465.6531914749216
2019-05-31 16:00:00,3492.540287854488
2019-05-31 17:00:00,3531.6536964530583
2019-05-31 18:00:00,3561.3806210959115
2019-05-31 19:00:00,3551.167954506803
2019-05-31 20:00:00,3484.273875393336
2019-05-31 21:00:00,3396.761575503501
2019-05-31 22:00:00,3363.3481293288255
2019-05-31 23:00:00,3433.0127820894472
2019-06-01 00:00:00,3475.3424990504254
2019-06-01 01:00:00,3442.3300728503796
2019-06-01 02:00:00,3329.605202669761
2019-06-01 03:00:00,3186.552109238086
2019-06-01 04:00:00,3062.032473222557
2019-06-01 05:00:00,2989.7919688638294
2019-06-01 06:00:00,2930.500566756696
2019-06-01 07:00:00,2874.5590030203703
2019-06-01 08:00:00,2891.9205083775105
2019-06-01 09:00:00,2958.1763378004125
2019-06-01 10:00:00,3092.6058413538017
2019-06-01 11:00:00,3184.0
2019-06-01 12:00:00,3374.937665969592
2019-06-01 13:00:00,3434.182744096811
2019-06-01 14:00:00,3458.435777820331
2019-06-01 15:00:00,3463.8945877515944
2019-06-01 16:00:00,3481.4446075069786
2019-06-01 17:00:00,3519.5878004134192
2019-06-01 18:00:00,3562.831905156851
2019-06-01 19:00:00,3527.4421943840703
2019-06-01 20:00:00,3421.1641210699136
2019-06-01 21:00:00,3321.8605604567047
2019-06-01 22:00:00,3307.634889213119
2019-06-01 23:00:00,3366.4818628323123
2019-06-02 00:00:00,3445.262282914326
2019-06-02 01:00:00,3476.43587682758
2019-06-02 02:00:00,3509.3623377103504
2019-06-02 03:00:00,3452.4452965198343
2019-06-02 04:00:00,3314.730983423095
2019-06-02 05:00:00,3187.442272441279
2019-06-02 06:00:00,3084.3453335314753
2019-06-02 07:00:00,3017.0403619855356
2019-06-02 08:00:00,2976.8298698552076
2019-06-02 09:00:00,2979.5403857092556
2019-06-02 10:00:00,3074.148726577232
2019-06-02 11:00:00,3224.407236027049
2019-06-02 12:00:00,3333.9959240398125
2019-06-02 13:00:00,3407.567785232064
2019-06-02 14:00:00,3456.149228956156
2019-06-02 15:00:00,3465.9910088834777
2019-06-02 16:00:00,3494.5727079427866
2019-06-02 17:00:00,3534.7895510403955
2019-06-02 18:00:00,3564.5715419682215
2019-06-02 19:00:00,3554.8849041739345
2019-06-02 20:00:00,3488.401529134142
2019-06-02 21:00:00,3403.3775021910897
2019-06-02 22:00:00,3371.442017415739
2019-06-02 23:00:00,3444.4540762618267
2019-06-03 00:00:00,3491.169347010194
2019-06-03 01:00:00,3464.7412032197576
2019-06-03 02:00:00,3360.967442013466
2019-06-03 03:00:00,3222.484055851786
2019-06-03 04:00:00,3096.0101236065993
2019-06-03 05:00:00,3019.612245764625
2019-06-03 06:00:00,2957.538456637929
2019-06-03 07:00:00,2902.9690457938113
2019-06-03 08:00:00,2922.4625598112925
2019-06-03 09:00:00,2997.094475652568
2019-06-03 10:00:00,3140.0985139017644
2019-06-03 11:00:00,3305.2382323475367
2019-06-03 12:00:00,3442.2498975187486
2019-06-03 13:00:00,3499.6645089466383
2019-06-03 14:00:00,3359.0
2019-06-03 15:00:00,3517.0789799786835
2019-06-03 16:00:00,3533.3567670891753
2019-06-03 17:00:00,3575.862276040053
2019-06-03 18:00:00,3627.4812756277265
2019-06-03 19:00:00,3585.501234490034
2019-06-03 20:00:00,3469.9608302362503
2019-06-03 21:00:00,3361.7647279504667
2019-06-03 22:00:00,3341.4199345372062
2019-06-03 23:00:00,3405.176807793702
2019-06-04 00:00:00,3490.0478751089167
2019-06-04 01:00:00,3526.230617366729
2019-06-04 02:00:00,3538.747796516635
2019-06-04 03:00:00,3475.222539064958
2019-06-04 04:00:00,3333.191955460257
2019-06-04 05:00:00,3207.916812307964
2019-06-04 06:00:00,3108.1332315836003
2019-06-04 07:00:00,3038.921037128351
2019-06-04 08:00:00,2994.859999806388
2019-06-04 09:00:00,2991.2259525786944
2019-06-04 10:00:00,3079.9648531473495
2019-06-04 11:00:00,3226.890898278049
2019-06-04 12:00:00,3335.377261470777
2019-06-04 13:00:00,3409.049996988602
2019-06-04 14:00:00,3457.646611785405
2019-06-04 15:00:00,3467.698944090278
2019-06-04 16:00:00,3497.278539395436
2019-06-04 17:00:00,3538.020010881154
2019-06-04 18:00:00,3568.077030221866
2019-06-04 19:00:00,3559.480547631394
2019-06-04 20:00:00,3494.4779307095932
2019-06-04 21:00:00,3409.7007766339575
2019-06-04 22:00:00,3376.6456748820087
2019-06-04 23:00:00,3449.4468210119767
2019-06-05 00:00:00,3495.954675966247
2019-06-05 01:00:00,3469.9628653302143
2019-06-05 02:00:00,3367.9948057361376
2019-06-05 03:00:00,3229.0944873761955
2019-06-05 04:00:00,3101.1600824365564
2019-06-05 05:00:00,3024.915970889444
2019-06-05 06:00:00,2962.690053370473
2019-06-05 07:00:00,2912.570545411629
2019-06-05 08:00:00,2939.1135594052444
2019-06-05 09:00:00,3023.8449300088187
2019-06-05 10:00:00,3174.7551731822477
2019-06-05 11:00:00,3347.616042223224
2019-06-05 12:00:00,3492.6816470372537
2019-06-05 13:00:00,3558.1126532859116
2019-06-05 14:00:00,3577.0684848316655
2019-06-05 15:00:00,3577.752399246355
2019-06-05 16:00:00,3596.092232008187
2019-06-05 17:00:00,3447.0
2019-06-05 18:00:00,3698.734010073349
2019-06-05 19:00:00,3652.809350808941
2019-06-05 20:00:00,3527.625881064439
2019-06-05 21:00:00,3408.354191401131
2019-06-05 22:00:00,3381.7393758528615
2019-06-05 23:00:00,3447.6243636562976
2019-06-06 00:00:00,3534.7101537124936
2019-06-06 01:00:00,3567.8257759650296
2019-06-06 02:00:00,3553.760316162986
2019-06-06 03:00:00,3487.6358751908515
2019-06-06 04:00:00,3342.615840921547
2019-06-06 05:00:00,3220.061569262408
2019-06-06 06:00:00,3121.825589460609
2019-06-06 07:00:00,3052.0020888123495
2019-06-06 08:00:00,3005.8631837000567
2019-06-06 09:00:00,2999.255655357982
2019-06-06 10:00:00,3083.7575066720487
2019-06-06 11:00:00,3229.3874344433825
2019-06-06 12:00:00,3338.058692269637
2019-06-06 13:00:00,3410.530513515962
2019-06-06 14:00:00,3458.8183181590234
2019-06-06 15:00:00,3467.0953769869907
2019-06-06 16:00:00,3492.7607986797675
2019-06-06 17:00:00,3532.895210234932
2019-06-06 18:00:00,3564.6645912141853
2019-06-06 19:00:00,3558.708980859765
2019-06-06 20:00:00,3496.480213390292
2019-06-06 21:00:00,3411.952950017589
2019-06-06 22:00:00,3374.827774990278
2019-06-06 23:00:00,3443.846885299066
2019-06-07 00:00:00,3487.4657053015817
2019-06-07 01:00:00,3457.668252573335
2019-06-07 02:00:00,3349.6848073699266
2019-06-07 03:00:00,3202.6264852263057
2019-06-07 04:00:00,3063.4992968842907
2019-06-07 05:00:00,2970.3268069401283
2019-06-07 06:00:00,2888.017091690369
2019-06-07 07:00:00,2811.994121561032
2019-06-07 08:00:00,2803.9111378105913
2019-06-07 09:00:00,2854.3659571870335
2019-06-07 10:00:00,2963.8541598760885
2019-06-07 11:00:00,3102.5858275014093
2019-06-07 12:00:00,3206.0220047002636
2019-06-07 13:00:00,3268.0923419472574
2019-06-07 14:00:00,3301.328390987498
2019-06-07 15:00:00,3317.0887605760195
2019-06-07 16:00:00,3324.9397108564817
2019-06-07 17:00:00,3346.877475093965
2019-06-07 18:00:00,3374.24518941913
2019-06-07 19:00:00,3340.6972182102327
2019-06-07 20:00:00,2889.0
2019-06-07 21:00:00,3188.2662193376386
2019-06-07 22:00:00,3179.2455117876366
2019-06-07 23:00:00,3224.6701480555475
2019-06-08 00:00:00,3292.052256623819
2019-06-08 01:00:00,3324.28871828379
2019-06-08 02:00:00,3391.2164153478543
2019-06-08 03:00:00,3353.1068526762797
2019-06-08 04:00:00,3225.6483362385193
2019-06-08 05:00:00,3101.292990041974
2019-06-08 06:00:00,3003.9511453571413
2019-06-08 07:00:00,2940.472527181628
2019-06-08 08:00:00,2912.2490742708906
2019-06-08 09:00:00,2940.7842200439222
2019-06-08 10:00:00,3055.1647886230867
2019-06-08 11:00:00,3219.519722423353
2019-06-08 12:00:00,3334.033194513178
2019-06-08 13:00:00,3407.3501325467987
2019-06-08 14:00:00,3455.7795461527708
2019-06-08 15:00:00,3464.096225844316
2019-06-08 16:00:00,3490.6679522702802
2019-06-08 17:00:00,3530.628783004038
2019-06-08 18:00:00,3560.4884883148575
2019-06-08 19:00:00,3548.4436065654086
2019-06-08 20:00:00,3479.3633656373195
2019-06-08 21:00:00,3390.1312475574164
2019-06-08 22:00:00,3356.825153613045
2019-06-08 23:00:00,3427.3330027201796
2019-06-09 00:00:00,3469.368732545828
2019-06-09 01:00:00,3435.7687292665005
2019-06-09 02:00:00,3322.0995918654858
2019-06-09 03:00:00,3177.3288299908877
2019-06-09 04:00:00,3049.237464846342
2019-06-09 05:00:00,2970.1273267840647
2019-06-09 06:00:00,2903.3466150981526
2019-06-09 07:00:00,2837.203653542517
2019-06-09 08:00:00,2843.782928064966
2019-06-09 09:00:00,2903.8725947558964
2019-06-09 10:00:00,3030.68658014667
2019-06-09 11:00:00,3187.013150153014
2019-06-09 12:00:00,3314.0229877456213
2019-06-09 13:00:00,3374.716815279526
2019-06-09 14:00:00,3398.5174644032904
2019-06-09 15:00:00,3406.7160799816124
2019-06-09 16:00:00,3422.7736715630726
2019-06-09 17:00:00,3460.987392554907
2019-06-09 18:00:00,3502.1057290468543
2019-06-09 19:00:00,3467.0778186712587
2019-06-09 20:00:00,3366.708495318511
2019-06-09 21:00:00,3270.8070549266845
2019-06-09 22:00:00,3253.558540279504
2019-06-09 23:00:00,2976.0
2019-06-10 00:00:00,3373.767388665981
2019-06-10 01:00:00,3404.1686951304673
2019-06-10 02:00:00,3316.7686939367495
2019-06-10 03:00:00,3225.059661764504
2019-06-10 04:00:00,3078.0507264786356
2019-06-10 05:00:00,3001.0863718374558
2019-06-10 06:00:00,2948.965936562304
2019-06-10 07:00:00,2931.2017200961127
2019-06-10 08:00:00,2915.7149907980347
2019-06-10 09:00:00,2945.5798022701692
2019-06-10 10:00:00,3065.259174076879
2019-06-10 11:00:00,3235.5168590203293
2019-06-10 12:00:00,3347.628273260792
2019-06-10 13:00:00,3426.357775046134
2019-06-10 14:00:00,3472.561999713594
2019-06-10 15:00:00,3473.059217801911
2019-06-10 16:00:00,3495.294154895256
2019-06-10 17:00:00,3527.441289442891
2019-06-10 18:00:00,3544.194960960505
2019-06-10 19:00:00,3539.6379801936105
2019-06-10 20:00:00,3464.0331133628847
2019-06-10 21:00:00,3374.126232648997
2019-06-10 22:00:00,3338.778865752845
2019-06-10 23:00:00,3408.1499326642706
2019-06-11 00:00:00,3461.07429966617
2019-06-11 01:00:00,3435.218074606284
2019-06-11 02:00:00,3315.2430450036063
2019-06-11 03:00:00,3151.3022671567164
2019-06-11 04:00:00,3009.766878830638
2019-06-11 05:00:00,2907.651219644939
2019-06-11 06:00:00,2832.667220263575
2019-06-11 07:00:00,2783.4163739417145
2019-06-11 08:00:00,2804.992120759919
2019-06-11 09:00:00,2885.3032345150436
2019-06-11 10:00:00,3033.7504734838503
2019-06-11 11:00:00,3183.012380630861
2019-06-11 12:00:00,3290.220475507664
2019-06-11 13:00:00,3352.4093928071966
2019-06-11 14:00:00,3395.150469002884
2019-06-11 15:00:00,3417.0744502900984
2019-06-11 16:00:00,3443.984207051955
2019-06-11 17:00:00,3490.1040756414313
2019-06-11 18:00:00,3535.771391746136
2019-06-11 19:00:00,3487.7050806699062
2019-06-11 20:00:00,3376.9498866242375
2019-06-11 21:00:00,3266.655627029829
2019-06-11 22:00:00,3214.1379635245357
2019-06-11 23:00:00,3225.8204879899195
2019-06-12 00:00:00,3266.1023844835254
2019-06-12 01:00:00,3288.2725425295566
2019-06-12 02:00:00,2682.0
2019-06-12 03:00:00,2779.0
2019-06-12 04:00:00,2908.0
2019-06-12 05:00:00,2809.0
2019-06-12 06:00:00,2761.0
2019-06-12 07:00:00,2739.0
2019-06-12 08:00:00,2809.0
2019-06-12 09:00:00,2830.0
2019-06-12 10:00:00,3040.0
2019-06-12 11:00:00,3351.0
2019-06-12 12:00:00,3360.0
2019-06-12 13:00:00,3389.0
2019-06-12 14:00:00,3337.0
2019-06-12 15:00:00,3392.0
2019-06-12 16:00:00,3379.0
2019-06-12 17:00:00,3396.0
2019-06-12 18:00:00,3619.0
2019-06-12 19:00:00,3619.0
2019-06-12 20:00:00,3530.0
2019-06-12 21:00:00,3323.0
2019-06-12 22:00:00,3272.0
2019-06-12 23:00:00,3056.0
2019-06-13 00:00:00,2946.0
2019-06-13 01:00:00,2831.0
2019-06-13 02:00:00,2789.0
2019-06-13 03:00:00,2807.0
2019-06-13 04:00:00,2860.0
2019-06-13 05:00:00,2794.0
2019-06-13 06:00:00,2762.0
2019-06-13 07:00:00,2730.0
2019-06-13 08:00:00,2777.0
2019-06-13 09:00:00,2729.0
2019-06-13 10:00:00,2811.0
2019-06-13 11:00:00,2872.0
2019-06-13 12:00:00,2967.0
2019-06-13 13:00:00,2998.0
2019-06-13 14:00:00,3013.0
2019-06-13 15:00:00,2939.0
2019-06-13 16:00:00,3080.0
2019-06-13 17:00:00,3188.0
2019-06-13 18:00:00,3323.0
2019-06-13 19:00:00,3188.0
2019-06-13 20:00:00,3202.0
2019-06-13 21:00:00,3054.0
2019-06-13 22:00:00,3059.0
2019-06-13 23:00:00,2810.0
2019-06-14 00:00:00,2807.0
2019-06-14 01:00:00,2763.0
2019-06-14 02:00:00,2734.0
2019-06-14 03:00:00,2692.0
2019-06-14 04:00:00,2795.0
2019-06-14 05:00:00,2569.0
2019-06-14 06:00:00,2611.0
2019-06-14 07:00:00,2650.0
2019-06-14 08:00:00,2671.0
2019-06-14 09:00:00,2631.0
2019-06-14 10:00:00,2701.0
2019-06-14 11:00:00,2709.0
2019-06-14 12:00:00,2721.0
2019-06-14 13:00:00,2723.0
2019-06-14 14:00:00,2812.0
2019-06-14 15:00:00,2751.0
2019-06-14 16:00:00,2772.0
2019-06-14 17:00:00,2789.0
2019-06-14 18:00:00,2728.0
2019-06-14 19:00:00,2761.0
2019-06-14 20:00:00,2854.0
2019-06-14 21:00:00,2801.0
2019-06-14 22:00:00,2796.0
2019-06-14 23:00:00,2684.0
2019-06-15 00:00:00,2668.0
2019-06-15 01:00:00,2656.0
2019-06-15 02:00:00,2651.0
2019-06-15 03:00:00,2597.0
2019-06-15 04:00:00,2778.0
2019-06-15 05:00:00,2638.0
2019-06-15 06:00:00,2596.0
2019-06-15 07:00:00,2687.0
2019-06-15 08:00:00,2676.0
2019-06-15 09:00:00,2785.0
2019-06-15 10:00:00,3024.0
2019-06-15 11:00:00,3224.0
2019-06-15 12:00:00,3243.0
2019-06-15 13:00:00,3291.0
2019-06-15 14:00:00,3318.0
2019-06-15 15:00:00,3271.0
2019-06-15 16:00:00,3327.0
2019-06-15 17:00:00,3376.0
2019-06-15 18:00:00,3515.0
2019-06-15 19:00:00,3593.0
2019-06-15 20:00:00,3666.0
2019-06-15 21:00:00,3433.0
2019-06-15 22:00:00,3171.0
2019-06-15 23:00:00,3092.0
2019-06-16 00:00:00,2999.0
2019-06-16 01:00:00,2897.0
2019-06-16 02:00:00,2815.0
2019-06-16 03:00:00,2859.0
2019-06-16 04:00:00,3015.0
2019-06-16 05:00:00,2906.0
2019-06-16 06:00:00,2841.0
2019-06-16 07:00:00,2781.0
2019-06-16 08:00:00,2817.0
2019-06-16 09:00:00,2865.0
2019-06-16 10:00:00,3130.0
2019-06-16 11:00:00,3346.0
2019-06-16 12:00:00,3351.0
2019-06-16 13:00:00,3513.0
2019-06-16 14:00:00,3606.0
2019-06-16 15:00:00,3563.0
2019-06-16 16:00:00,3533.0
2019-06-16 17:00:00,3643.0
2019-06-16 18:00:00,3779.0
2019-06-16 19:00:00,3800.0
2019-06-16 20:00:00,3686.0
2019-06-16 21:00:00,3458.0
2019-06-16 22:00:00,3148.0
2019-06-16 23:00:00,3118.0
2019-06-17 00:00:00,2984.0
2019-06-17 01:00:00,2843.0
2019-06-17 02:00:00,2825.0
2019-06-17 03:00:00,2875.0
2019-06-17 04:00:00,3005.0
2019-06-17 05:00:00,2924.0
2019-06-17 06:00:00,2841.0
2019-06-17 07:00:00,2859.0
2019-06-17 08:00:00,2885.0
2019-06-17 09:00:00,2889.0
2019-06-17 10:00:00,2994.0
2019-06-17 11:00:00,3290.0
2019-06-17 12:00:00,3271.0
2019-06-17 13:00:00,3428.0
2019-06-17 14:00:00,3441.0
2019-06-17 15:00:00,3332.0
2019-06-17 16:00:00,3456.0
2019-06-17 17:00:00,3372.0
2019-06-17 18:00:00,3711.0
2019-06-17 19:00:00,3661.0
2019-06-17 20:00:00,3579.0
2019-06-17 21:00:00,3371.0
2019-06-17 22:00:00,3230.0
2019-06-17 23:00:00,3036.0
2019-06-18 00:00:00,2918.0
2019-06-18 01:00:00,2893.0
2019-06-18 02:00:00,2893.0
2019-06-18 03:00:00,2879.0
2019-06-18 04:00:00,2958.0
2019-06-18 05:00:00,2901.0
2019-06-18 06:00:00,2786.0
2019-06-18 07:00:00,2780.0
2019-06-18 08:00:00,2796.0
2019-06-18 09:00:00,2827.0
2019-06-18 10:00:00,3099.0
2019-06-18 11:00:00,3432.0
2019-06-18 12:00:00,3481.0
2019-06-18 13:00:00,3558.0
2019-06-18 14:00:00,3515.0
2019-06-18 15:00:00,3443.0
2019-06-18 16:00:00,3496.0
2019-06-18 17:00:00,3515.0
2019-06-18 18:00:00,3540.0
2019-06-18 19:00:00,3578.0
2019-06-18 20:00:00,3554.0
2019-06-18 21:00:00,3335.0
2019-06-18 22:00:00,3271.0
2019-06-18 23:00:00,3120.0
2019-06-19 00:00:00,2966.0
2019-06-19 01:00:00,2853.0
2019-06-19 02:00:00,2806.0
2019-06-19 03:00:00,2862.0
2019-06-19 04:00:00,3006.0
2019-06-19 05:00:00,2905.0
2019-06-19 06:00:00,2835.0
2019-06-19 07:00:00,2764.0
2019-06-19 08:00:00,2838.0
2019-06-19 09:00:00,2917.0
2019-06-19 10:00:00,3060.0
2019-06-19 11:00:00,3516.0
2019-06-19 12:00:00,3586.0
2019-06-19 13:00:00,3554.0
2019-06-19 14:00:00,3593.0
2019-06-19 15:00:00,3456.0
2019-06-19 16:00:00,3427.0
2019-06-19 17:00:00,3407.0
2019-06-19 18:00:00,3649.0
2019-06-19 19:00:00,3657.0
2019-06-19 20:00:00,3561.0
2019-06-19 21:00:00,3422.0
2019-06-19 22:00:00,3229.0
2019-06-19 23:00:00,3049.0
2019-06-20 00:00:00,2920.0
2019-06-20 01:00:00,2839.0
2019-06-20 02:00:00,2812.0
2019-06-20 03:00:00,2828.0
2019-06-20 04:00:00,3029.0
2019-06-20 05:00:00,2933.0
2019-06-20 06:00:00,2872.0
2019-06-20 07:00:00,2824.0
2019-06-20 08:00:00,2794.0
2019-06-20 09:00:00,2797.0
2019-06-20 10:00:00,2722.0
2019-06-20 11:00:00,2761.0
2019-06-20 12:00:00,2650.0
2019-06-20 13:00:00,2693.0
2019-06-20 14:00:00,3435.0
2019-06-20 15:00:00,2949.0
2019-06-20 16:00:00,2941.0
2019-06-20 17:00:00,2975.0
2019-06-20 18:00:00,3016.0
2019-06-20 19:00:00,3178.0
2019-06-20 20:00:00,3175.0
2019-06-20 21:00:00,3083.0
2019-06-20 22:00:00,2984.0
2019-06-20 23:00:00,2829.0
2019-06-21 00:00:00,2813.0
2019-06-21 01:00:00,2781.0
2019-06-21 02:00:00,2722.0
2019-06-21 03:00:00,2675.0
2019-06-21 04:00:00,2749.0
2019-06-21 05:00:00,2570.0
2019-06-21 06:00:00,2536.0
2019-06-21 07:00:00,2545.0
2019-06-21 08:00:00,2554.0
2019-06-21 09:00:00,2580.0
2019-06-21 10:00:00,2556.0
2019-06-21 11:00:00,2601.0
2019-06-21 12:00:00,2599.0
2019-06-21 13:00:00,2675.0
2019-06-21 14:00:00,2700.0
2019-06-21 15:00:00,2692.0
2019-06-21 16:00:00,2741.0
2019-06-21 17:00:00,2771.0
2019-06-21 18:00:00,2772.0
2019-06-21 19:00:00,2727.0
2019-06-21 20:00:00,2763.0
2019-06-21 21:00:00,2720.0
2019-06-21 22:00:00,2679.0
2019-06-21 23:00:00,2565.0
2019-06-22 00:00:00,2639.0
2019-06-22 01:00:00,2525.0
2019-06-22 02:00:00,2528.0
2019-06-22 03:00:00,2494.0
2019-06-22 04:00:00,2579.0
2019-06-22 05:00:00,2504.0
2019-06-22 06:00:00,2511.0
2019-06-22 07:00:00,2510.0
2019-06-22 08:00:00,2575.0
2019-06-22 09:00:00,2678.0
2019-06-22 10:00:00,2889.0
2019-06-22 11:00:00,3409.0
2019-06-22 12:00:00,3446.0
2019-06-22 13:00:00,3536.0
2019-06-22 14:00:00,3618.0
2019-06-22 15:00:00,3530.0
2019-06-22 16:00:00,3612.0
2019-06-22 17:00:00,3634.0
2019-06-22 18:00:00,3622.0
2019-06-22 19:00:00,3770.0
2019-06-22 20:00:00,3788.0
2019-06-22 21:00:00,3559.0
2019-06-22 22:00:00,3458.0
2019-06-22 23:00:00,3208.0
2019-06-23 00:00:00,3130.0
2019-06-23 01:00:00,3038.0
2019-06-23 02:00:00,2950.0
2019-06-23 03:00:00,2887.0
2019-06-23 04:00:00,3157.0
2019-06-23 05:00:00,3011.0
2019-06-23 06:00:00,2951.0
2019-06-23 07:00:00,2916.0
2019-06-23 08:00:00,2927.0
2019-06-23 09:00:00,2961.0
2019-06-23 10:00:00,3214.0
2019-06-23 11:00:00,3438.0
2019-06-23 12:00:00,3470.0
2019-06-23 13:00:00,3437.0
2019-06-23 14:00:00,3541.0
2019-06-23 15:00:00,3403.0
2019-06-23 16:00:00,3495.0
2019-06-23 17:00:00,3582.0
2019-06-23 18:00:00,3631.0
2019-06-23 19:00:00,3860.0
2019-06-23 20:00:00,3904.0
2019-06-23 21:00:00,3706.0
2019-06-23 22:00:00,3450.0
2019-06-23 23:00:00,3172.0
2019-06-24 00:00:00,3018.0
2019-06-24 01:00:00,2888.0
2019-06-24 02:00:00,2886.0
2019-06-24 03:00:00,2973.0
2019-06-24 04:00:00,3138.0
2019-06-24 05:00:00,2996.0
2019-06-24 06:00:00,2938.0
2019-06-24 07:00:00,2958.0
2019-06-24 08:00:00,3054.0
2019-06-24 09:00:00,3073.0
2019-06-24 10:00:00,3079.0
2019-06-24 11:00:00,3247.0
2019-06-24 12:00:00,3407.0
2019-06-24 13:00:00,3417.0
2019-06-24 14:00:00,3695.0
2019-06-24 15:00:00,3639.0
2019-06-24 16:00:00,3587.0
2019-06-24 17:00:00,3432.0
2019-06-24 18:00:00,3233.0
2019-06-24 19:00:00,3073.0
2019-06-24 20:00:00,3084.0
2019-06-24 21:00:00,2950.0
2019-06-24 22:00:00,2924.0
2019-06-24 23:00:00,2771.0
2019-06-25 00:00:00,2809.0
2019-06-25 01:00:00,2756.0
2019-06-25 02:00:00,2752.0
2019-06-25 03:00:00,2712.0
2019-06-25 04:00:00,2794.0
2019-06-25 05:00:00,2717.0
2019-06-25 06:00:00,2674.0
2019-06-25 07:00:00,2716.0
2019-06-25 08:00:00,2784.0
2019-06-25 09:00:00,2759.0
2019-06-25 10:00:00,2822.0
2019-06-25 11:00:00,2816.0
2019-06-25 12:00:00,2802.0
2019-06-25 13:00:00,2819.0
2019-06-25 14:00:00,2787.0
2019-06-25 15:00:00,2870.0
2019-06-25 16:00:00,2890.0
2019-06-25 17:00:00,2905.0
2019-06-25 18:00:00,2965.0
2019-06-25 19:00:00,2952.0
2019-06-25 20:00:00,3012.0
2019-06-25 21:00:00,2975.0
2019-06-25 22:00:00,2917.0
2019-06-25 23:00:00,2753.0
2019-06-26 00:00:00,2786.0
2019-06-26 01:00:00,2786.0
2019-06-26 02:00:00,2735.0
2019-06-26 03:00:00,2703.0
2019-06-26 04:00:00,2830.0
2019-06-26 05:00:00,2736.0
2019-06-26 06:00:00,2709.0
2019-06-26 07:00:00,2730.0
2019-06-26 08:00:00,2805.0
2019-06-26 09:00:00,2859.0
2019-06-26 10:00:00,3193.0
2019-06-26 11:00:00,3387.0
2019-06-26 12:00:00,3494.0
2019-06-26 13:00:00,3436.0
2019-06-26 14:00:00,3525.0
2019-06-26 15:00:00,3388.0
2019-06-26 16:00:00,3400.0
2019-06-26 17:00:00,3561.0
2019-06-26 18:00:00,3671.0
2019-06-26 19:00:00,3684.0
2019-06-26 20:00:00,3755.0
2019-06-26 21:00:00,3609.0
2019-06-26 22:00:00,3413.0
2019-06-26 23:00:00,3115.0
2019-06-27 00:00:00,3054.0
2019-06-27 01:00:00,2980.0
2019-06-27 02:00:00,2920.0
2019-06-27 03:00:00,2852.0
2019-06-27 04:00:00,2956.0
2019-06-27 05:00:00,2940.0
2019-06-27 06:00:00,2678.0
2019-06-27 07:00:00,2804.0
2019-06-27 08:00:00,2706.0
2019-06-27 09:00:00,2770.0
2019-06-27 10:00:00,2849.0
2019-06-27 11:00:00,2875.0
2019-06-27 12:00:00,2880.0
2019-06-27 13:00:00,3038.0
2019-06-27 14:00:00,3039.0
2019-06-27 15:00:00,3001.0
2019-06-27 16:00:00,3097.0
2019-06-27 17:00:00,3197.0
2019-06-27 18:00:00,3336.0
2019-06-27 19:00:00,3113.0
2019-06-27 20:00:00,3248.0
2019-06-27 21:00:00,3062.0
2019-06-27 22:00:00,2970.0
2019-06-27 23:00:00,2804.0
2019-06-28 00:00:00,2877.0
2019-06-28 01:00:00,3004.0
2019-06-28 02:00:00,2846.0
2019-06-28 03:00:00,2821.0
2019-06-28 04:00:00,2871.0
2019-06-28 05:00:00,2690.0
2019-06-28 06:00:00,2744.0
2019-06-28 07:00:00,2690.0
2019-06-28 08:00:00,2687.0
2019-06-28 09:00:00,2671.0
2019-06-28 10:00:00,2663.0
2019-06-28 11:00:00,2779.0
2019-06-28 12:00:00,2762.0
2019-06-28 13:00:00,2763.0
2019-06-28 14:00:00,2800.0
2019-06-28 15:00:00,2783.0
2019-06-28 16:00:00,2784.0
2019-06-28 17:00:00,2810.0
2019-06-28 18:00:00,2816.0
2019-06-28 19:00:00,2763.0
2019-06-28 20:00:00,2821.0
2019-06-28 21:00:00,2771.0
2019-06-28 22:00:00,2758.0
2019-06-28 23:00:00,2715.0
2019-06-29 00:00:00,2708.0
2019-06-29 01:00:00,2665.0
2019-06-29 02:00:00,2680.0
2019-06-29 03:00:00,2682.0
2019-06-29 04:00:00,2713.0
2019-06-29 05:00:00,2696.0
2019-06-29 06:00:00,2634.0
2019-06-29 07:00:00,2656.0
2019-06-29 08:00:00,2752.0
2019-06-29 09:00:00,2869.0
2019-06-29 10:00:00,3113.0
2019-06-29 11:00:00,3392.0
2019-06-29 12:00:00,3515.0
2019-06-29 13:00:00,3462.0
2019-06-29 14:00:00,3487.0
2019-06-29 15:00:00,3174.0
2019-06-29 16:00:00,3397.0
2019-06-29 17:00:00,3377.0
2019-06-29 18:00:00,3503.0
2019-06-29 19:00:00,3512.0
2019-06-29 20:00:00,3374.0
2019-06-29 21:00:00,3150.0
2019-06-29 22:00:00,3126.0
2019-06-29 23:00:00,2959.0
2019-06-30 00:00:00,2935.0
2019-06-30 01:00:00,2774.0
2019-06-30 02:00:00,2716.0
2019-06-30 03:00:00,2852.0
2019-06-30 04:00:00,2964.0
2019-06-30 05:00:00,2839.0
2019-06-30 06:00:00,2792.0
2019-06-30 07:00:00,2744.0
2019-06-30 08:00:00,2765.0
2019-06-30 09:00:00,2924.0
2019-06-30 10:00:00,3065.0
2019-06-30 11:00:00,3340.0
2019-06-30 12:00:00,3390.0
2019-06-30 13:00:00,3288.0
2019-06-30 14:00:00,3360.0
2019-06-30 15:00:00,3252.0
2019-06-30 16:00:00,3284.0
2019-06-30 17:00:00,3090.0
2019-06-30 18:00:00,3420.0
2019-06-30 19:00:00,3432.0
2019-06-30 20:00:00,3388.0
2019-06-30 21:00:00,3197.0
2019-06-30 22:00:00,3130.0
2019-06-30 23:00:00,2999.0
2019-07-01 00:00:00,2930.0
2019-07-01 01:00:00,2840.0
2019-07-01 02:00:00,2858.0
2019-07-01 03:00:00,2870.0
2019-07-01 04:00:00,2980.0
2019-07-01 05:00:00,2844.0
2019-07-01 06:00:00,2775.0
2019-07-01 07:00:00,2836.0
2019-07-01 08:00:00,2889.0
2019-07-01 09:00:00,2910.0
2019-07-01 10:00:00,2942.0
2019-07-01 11:00:00,3287.0
2019-07-01 12:00:00,3428.0
2019-07-01 13:00:00,3299.0
2019-07-01 14:00:00,3282.0
2019-07-01 15:00:00,3141.0
2019-07-01 16:00:00,3061.0
2019-07-01 17:00:00,3012.0
2019-07-01 18:00:00,2840.0
2019-07-01 19:00:00,2792.0
2019-07-01 20:00:00,2880.0
2019-07-01 21:00:00,2773.0
2019-07-01 22:00:00,2755.0
2019-07-01 23:00:00,2650.0
2019-07-02 00:00:00,2719.0
2019-07-02 01:00:00,2640.0
