date,OT
2016-07-01 00:00:00,38.66199875
2016-07-01 01:00:00,37.12400055
2016-07-01 02:00:00,36.46500015
2016-07-01 03:00:00,33.60850143
2016-07-01 04:00:00,31.85050011
2016-07-01 05:00:00,30.53199959
2016-07-01 06:00:00,30.09300041
2016-07-01 07:00:00,29.87299919
2016-07-01 08:00:00,29.65299988
2016-07-01 09:00:00,29.21349907
2016-07-01 10:00:00,27.45599937
2016-07-01 11:00:00,27.45599937
2016-07-01 12:00:00,27.23649979
2016-07-01 13:00:00,26.57699966
2016-07-01 14:00:00,26.79700089
2016-07-01 15:00:00,26.79700089
2016-07-01 16:00:00,26.79700089
2016-07-01 17:00:00,26.57749939
2016-07-01 18:00:00,26.57749939
2016-07-01 19:00:00,26.13750076
2016-07-01 20:00:00,26.13750076
2016-07-01 21:00:00,25.69849968
2016-07-01 22:00:00,25.91799927
2016-07-01 23:00:00,25.91799927
2016-07-02 00:00:00,25.91799927
2016-07-02 01:00:00,26.35750008
2016-07-02 02:00:00,26.13750076
2016-07-02 03:00:00,25.69849968
2016-07-02 04:00:00,25.69849968
2016-07-02 05:00:00,25.91799927
2016-07-02 06:00:00,25.91799927
2016-07-02 07:00:00,25.91799927
2016-07-02 08:00:00,25.47850037
2016-07-02 09:00:00,25.69799995
2016-07-02 10:00:00,25.91799927
2016-07-02 11:00:00,25.91799927
2016-07-02 12:00:00,26.13750076
2016-07-02 13:00:00,26.35750008
2016-07-02 14:00:00,26.57749939
2016-07-02 15:00:00,27.45599937
2016-07-02 16:00:00,27.6760006
2016-07-02 17:00:00,28.1154995
2016-07-02 18:00:00,28.55450058
2016-07-02 19:00:00,28.77449989
2016-07-02 20:00:00,29.6534996
2016-07-02 21:00:00,29.21349907
2016-07-02 22:00:00,27.89550018
2016-07-02 23:00:00,27.23649979
2016-07-03 00:00:00,27.67550087
2016-07-03 01:00:00,28.55450058
2016-07-03 02:00:00,28.55450058
2016-07-03 03:00:00,28.55450058
2016-07-03 04:00:00,28.1154995
2016-07-03 05:00:00,28.1154995
2016-07-03 06:00:00,27.89550018
2016-07-03 07:00:00,27.67550087
2016-07-03 08:00:00,27.23649979
2016-07-03 09:00:00,28.1154995
2016-07-03 10:00:00,28.77400017
2016-07-03 11:00:00,29.6534996
2016-07-03 12:00:00,31.41150093
2016-07-03 13:00:00,31.41150093
2016-07-03 14:00:00,31.41150093
2016-07-03 15:00:00,31.41150093
2016-07-03 16:00:00,32.50999832
2016-07-03 17:00:00,32.72949982
2016-07-03 18:00:00,32.94900131
2016-07-03 19:00:00,32.94900131
2016-07-03 20:00:00,31.85050011
2016-07-03 21:00:00,30.75200081
2016-07-03 22:00:00,29.87299919
2016-07-03 23:00:00,29.43350029
2016-07-04 00:00:00,28.99399948
2016-07-04 01:00:00,28.33499908
2016-07-04 02:00:00,28.77449989
2016-07-04 03:00:00,28.55500031
2016-07-04 04:00:00,28.55500031
2016-07-04 05:00:00,28.33499908
2016-07-04 06:00:00,27.89550018
2016-07-04 07:00:00,27.6760006
2016-07-04 08:00:00,27.89550018
2016-07-04 09:00:00,28.99399948
2016-07-04 10:00:00,30.9715004
2016-07-04 11:00:00,32.5094986
2016-07-04 12:00:00,32.18367315639588
2016-07-04 13:00:00,32.715626868409096
2016-07-04 14:00:00,33.224891553196144
2016-07-04 15:00:00,33.71169630113975
2016-07-04 16:00:00,34.17627020262265
2016-07-04 17:00:00,34.61884234802756
2016-07-04 18:00:00,35.0396418277372
2016-07-04 19:00:00,35.43889773213429
2016-07-04 20:00:00,35.81683915160156
2016-07-04 21:00:00,36.17369517652173
2016-07-04 22:00:00,36.509694897277534
2016-07-04 23:00:00,36.82506740425168
2016-07-05 00:00:00,37.120041787826906
2016-07-05 01:00:00,37.39484713838593
2016-07-05 02:00:00,37.64971254631146
2016-07-05 03:00:00,37.88486710198624
2016-07-05 04:00:00,38.10053989579298
2016-07-05 05:00:00,38.296960018114405
2016-07-05 06:00:00,38.47435655933325
2016-07-05 07:00:00,38.63295860983223
2016-07-05 08:00:00,38.77299525999407
2016-07-05 09:00:00,38.89469560020148
2016-07-05 10:00:00,38.99828872083721
2016-07-05 11:00:00,39.08400371228396
2016-07-05 12:00:00,39.15206966492446
2016-07-05 13:00:00,39.20271566914144
2016-07-05 14:00:00,39.23617081531762
2016-07-05 15:00:00,39.25266419383571
2016-07-05 16:00:00,39.25242489507846
2016-07-05 17:00:00,39.23568200942857
2016-07-05 18:00:00,39.202664627268774
2016-07-05 19:00:00,39.15360183898179
2016-07-05 20:00:00,39.08872273495035
2016-07-05 21:00:00,39.00825640555717
2016-07-05 22:00:00,38.912431941184956
2016-07-05 23:00:00,38.80147843221647
2016-07-06 00:00:00,38.67562496903442
2016-07-06 01:00:00,38.53510064202152
2016-07-06 02:00:00,38.380134541560494
2016-07-06 03:00:00,38.21095575803408
2016-07-06 04:00:00,38.027793381824985
2016-07-06 05:00:00,37.83087650331591
2016-07-06 06:00:00,37.620434212889634
2016-07-06 07:00:00,37.39669560092885
2016-07-06 08:00:00,37.15988975781627
2016-07-06 09:00:00,36.91024577393466
2016-07-06 10:00:00,36.64799273966669
2016-07-06 11:00:00,36.373359745395135
2016-07-06 12:00:00,36.086575881502654
2016-07-06 13:00:00,35.78787023837202
2016-07-06 14:00:00,35.36650085
2016-07-06 15:00:00,36.24549866
2016-07-06 16:00:00,33.82799911
2016-07-06 17:00:00,33.38850021
2016-07-06 18:00:00,33.82799911
2016-07-06 19:00:00,34.26750183
2016-07-06 20:00:00,32.94900131
2016-07-06 21:00:00,32.29000092
2016-07-06 22:00:00,32.94900131
2016-07-06 23:00:00,33.16899872
2016-07-07 00:00:00,33.60850143
2016-07-07 01:00:00,33.60850143
2016-07-07 02:00:00,33.60850143
2016-07-07 03:00:00,32.94950104
2016-07-07 04:00:00,32.94950104
2016-07-07 05:00:00,32.94950104
2016-07-07 06:00:00,33.16899872
2016-07-07 07:00:00,33.16899872
2016-07-07 08:00:00,33.60850143
2016-07-07 09:00:00,34.70700073
2016-07-07 10:00:00,35.80550003
2016-07-07 11:00:00,38.00299835
2016-07-07 12:00:00,40.20000076
2016-07-07 13:00:00,43.27600098
2016-07-07 14:00:00,48.11000061
2016-07-07 15:00:00,49.86800003
2016-07-07 16:00:00,48.98899841
2016-07-07 17:00:00,45.9129982
2016-07-07 18:00:00,43.71549988
2016-07-07 19:00:00,42.39749908
2016-07-07 20:00:00,41.29899979
2016-07-07 21:00:00,40.20050049
2016-07-07 22:00:00,39.32149887
2016-07-07 23:00:00,38.88150024
2016-07-08 00:00:00,38.22299957
2016-07-08 01:00:00,38.00299835
2016-07-08 02:00:00,37.56349945
2016-07-08 03:00:00,37.12400055
2016-07-08 04:00:00,36.68450165
2016-07-08 05:00:00,36.24549866
2016-07-08 06:00:00,36.24549866
2016-07-08 07:00:00,36.46500015
2016-07-08 08:00:00,37.78300095
2016-07-08 09:00:00,39.10150146
2016-07-08 10:00:00,40.85950089
2016-07-08 11:00:00,43.05649948
2016-07-08 12:00:00,44.59500122
2016-07-08 13:00:00,45.69350052
2016-07-08 14:00:00,47.23099899
2016-07-08 15:00:00,48.54999924
2016-07-08 16:00:00,47.01200104
2016-07-08 17:00:00,46.35250092
2016-07-08 18:00:00,45.25400162
2016-07-08 19:00:00,43.9355011
2016-07-08 20:00:00,42.61700058
2016-07-08 21:00:00,41.29899979
2016-07-08 22:00:00,40.41999817
2016-07-08 23:00:00,39.98049927
2016-07-09 00:00:00,39.32149887
2016-07-09 01:00:00,38.66199875
2016-07-09 02:00:00,38.22249985
2016-07-09 03:00:00,37.56349945
2016-07-09 04:00:00,37.12400055
2016-07-09 05:00:00,36.68450165
2016-07-09 06:00:00,36.46500015
2016-07-09 07:00:00,36.46500015
2016-07-09 08:00:00,37.56349945
2016-07-09 09:00:00,38.22249985
2016-07-09 10:00:00,39.54100037
2016-07-09 11:00:00,40.63999939
2016-07-09 12:00:00,42.8370018
2016-07-09 13:00:00,42.8370018
2016-07-09 14:00:00,42.61700058
2016-07-09 15:00:00,43.49599838
2016-07-09 16:00:00,44.1554985
2016-07-09 17:00:00,43.05649948
2016-07-09 18:00:00,42.17750168
2016-07-09 19:00:00,41.29899979
2016-07-09 20:00:00,40.63949966
2016-07-09 21:00:00,40.91679426053515
2016-07-09 22:00:00,40.70413809339017
2016-07-09 23:00:00,40.50268703273527
2016-07-10 00:00:00,40.312150877589616
2016-07-10 01:00:00,40.13223942697238
2016-07-10 02:00:00,39.96266247990275
2016-07-10 03:00:00,39.80312983539987
2016-07-10 04:00:00,39.65335129248294
2016-07-10 05:00:00,39.51303665017112
2016-07-10 06:00:00,39.38189570748357
2016-07-10 07:00:00,39.259638263439484
2016-07-10 08:00:00,39.145974117058024
2016-07-10 09:00:00,39.04061306735836
2016-07-10 10:00:00,38.94326491335966
2016-07-10 11:00:00,38.853639454081105
2016-07-10 12:00:00,38.77144648854186
2016-07-10 13:00:00,38.6963958157611
2016-07-10 14:00:00,38.628197234758
2016-07-10 15:00:00,38.56656054455172
2016-07-10 16:00:00,38.51119554416145
2016-07-10 17:00:00,38.46181203260635
2016-07-10 18:00:00,38.4181198089056
2016-07-10 19:00:00,38.37982867207836
2016-07-10 20:00:00,38.34664842114381
2016-07-10 21:00:00,38.31828885512112
2016-07-10 22:00:00,38.29445977302946
2016-07-10 23:00:00,38.27487097388801
2016-07-11 00:00:00,38.25923225671593
2016-07-11 01:00:00,38.2472534205324
2016-07-11 02:00:00,38.238644264356594
2016-07-11 03:00:00,38.23311458720767
2016-07-11 04:00:00,38.23037418810482
2016-07-11 05:00:00,38.2301328660672
2016-07-11 06:00:00,38.23210042011399
2016-07-11 07:00:00,38.23598664926436
2016-07-11 08:00:00,38.24150135253748
2016-07-11 09:00:00,38.248354328952516
2016-07-11 10:00:00,38.25625537752865
2016-07-11 11:00:00,38.26491429728506
2016-07-11 12:00:00,38.2740408872409
2016-07-11 13:00:00,38.283344946415355
2016-07-11 14:00:00,38.292536273827594
2016-07-11 15:00:00,38.3013246684968
2016-07-11 16:00:00,38.309419929442114
2016-07-11 17:00:00,38.31653185568274
2016-07-11 18:00:00,38.32237024623784
2016-07-11 19:00:00,38.32664490012658
2016-07-11 20:00:00,38.329065616368126
2016-07-11 21:00:00,38.32934219398167
2016-07-11 22:00:00,38.32718443198636
2016-07-11 23:00:00,38.44250107
2016-07-12 00:00:00,38.44250107
2016-07-12 01:00:00,38.22249985
2016-07-12 02:00:00,38.00299835
2016-07-12 03:00:00,37.78350067
2016-07-12 04:00:00,37.56349945
2016-07-12 05:00:00,37.12400055
2016-07-12 06:00:00,37.12400055
2016-07-12 07:00:00,36.90449905
2016-07-12 08:00:00,37.56349945
2016-07-12 09:00:00,39.54100037
2016-07-12 10:00:00,41.73799896
2016-07-12 11:00:00,44.1554985
2016-07-12 12:00:00,46.57249832
2016-07-12 13:00:00,47.01150131
2016-07-12 14:00:00,49.42900085
2016-07-12 15:00:00,49.20899963
2016-07-12 16:00:00,47.45100021
2016-07-12 17:00:00,47.01150131
2016-07-12 18:00:00,46.35250092
2016-07-12 19:00:00,45.25400162
2016-07-12 20:00:00,43.71549988
2016-07-12 21:00:00,42.39749908
2016-07-12 22:00:00,42.48204955293833
2016-07-12 23:00:00,41.881982095444386
2016-07-13 00:00:00,41.294505227227376
2016-07-13 01:00:00,40.719902519934784
2016-07-13 02:00:00,40.158457545214105
2016-07-13 03:00:00,39.61045387471282
2016-07-13 04:00:00,39.076175080078414
2016-07-13 05:00:00,38.55590473295839
2016-07-13 06:00:00,38.04992640500023
2016-07-13 07:00:00,37.55852366785142
2016-07-13 08:00:00,37.081980093159444
2016-07-13 09:00:00,36.6205792525718
2016-07-13 10:00:00,36.174604717735974
2016-07-13 11:00:00,35.74434006029945
2016-07-13 12:00:00,35.33006885190972
2016-07-13 13:00:00,34.93207466421428
2016-07-13 14:00:00,34.55064106886061
2016-07-13 15:00:00,34.1860516374962
2016-07-13 16:00:00,33.83858994176853
2016-07-13 17:00:00,33.50853955332511
2016-07-13 18:00:00,33.1961840438134
2016-07-13 19:00:00,32.90180698488092
2016-07-13 20:00:00,32.62569194817514
2016-07-13 21:00:00,32.36812250534354
2016-07-13 22:00:00,32.129382228033634
2016-07-13 23:00:00,31.909754687892885
2016-07-14 00:00:00,31.7095234565688
2016-07-14 01:00:00,31.52897210570886
2016-07-14 02:00:00,31.368384206960553
2016-07-14 03:00:00,31.22804333197137
2016-07-14 04:00:00,31.108233052388805
2016-07-14 05:00:00,31.00923693986033
2016-07-14 06:00:00,30.931338566033453
2016-07-14 07:00:00,30.874821502555648
2016-07-14 08:00:00,30.839969321074413
2016-07-14 09:00:00,30.82706559323724
2016-07-14 10:00:00,30.836393890691596
2016-07-14 11:00:00,30.868237785084972
2016-07-14 12:00:00,30.92288084806488
2016-07-14 13:00:00,31.000606651278808
2016-07-14 14:00:00,31.101698766374213
2016-07-14 15:00:00,31.226440764998607
2016-07-14 16:00:00,31.375116218799505
2016-07-14 17:00:00,31.54800869942434
2016-07-14 18:00:00,31.745401778520623
2016-07-14 19:00:00,31.96757902773585
2016-07-14 20:00:00,32.21482401871751
2016-07-14 21:00:00,32.48742032311309
2016-07-14 22:00:00,32.78565151257008
2016-07-14 23:00:00,33.10980115873595
2016-07-15 00:00:00,33.38899994
2016-07-15 01:00:00,34.04800034
2016-07-15 02:00:00,34.48699951
2016-07-15 03:00:00,34.48699951
2016-07-15 04:00:00,34.48699951
2016-07-15 05:00:00,35.14649963
2016-07-15 06:00:00,35.14649963
2016-07-15 07:00:00,36.02550125
2016-07-15 08:00:00,37.78350067
2016-07-15 09:00:00,39.98049927
2016-07-15 10:00:00,41.95800018
2016-07-15 11:00:00,43.05649948
2016-07-15 12:00:00,42.61700058
2016-07-15 13:00:00,42.61700058
2016-07-15 14:00:00,42.83649826
2016-07-15 15:00:00,43.2765007
2016-07-15 16:00:00,37.56349945
2016-07-15 17:00:00,37.56349945
2016-07-15 18:00:00,34.70700073
2016-07-15 19:00:00,34.04800034
2016-07-15 20:00:00,33.38850021
2016-07-15 21:00:00,33.38850021
2016-07-15 22:00:00,33.82799911
2016-07-15 23:00:00,33.38850021
2016-07-16 00:00:00,33.60800171
2016-07-16 01:00:00,33.60800171
2016-07-16 02:00:00,33.38850021
2016-07-16 03:00:00,33.16899872
2016-07-16 04:00:00,32.94950104
2016-07-16 05:00:00,32.94950104
2016-07-16 06:00:00,32.5094986
2016-07-16 07:00:00,32.50999832
2016-07-16 08:00:00,34.26750183
2016-07-16 09:00:00,33.74475621794565
2016-07-16 10:00:00,33.94024948779259
2016-07-16 11:00:00,34.15059375519202
2016-07-16 12:00:00,34.37490626589105
2016-07-16 13:00:00,34.61230426563681
2016-07-16 14:00:00,34.861905000176414
2016-07-16 15:00:00,35.12282571525699
2016-07-16 16:00:00,35.39418365662564
2016-07-16 17:00:00,35.675096070029504
2016-07-16 18:00:00,35.96468020121569
2016-07-16 19:00:00,36.26205329593133
2016-07-16 20:00:00,36.566332599923534
2016-07-16 21:00:00,36.87663535893942
2016-07-16 22:00:00,37.19207881872611
2016-07-16 23:00:00,37.51178022503073
2016-07-17 00:00:00,37.8348568236004
2016-07-17 01:00:00,38.16042586018223
2016-07-17 02:00:00,38.487604580523346
2016-07-17 03:00:00,38.81551023037087
2016-07-17 04:00:00,39.14326005547192
2016-07-17 05:00:00,39.469971301573615
2016-07-17 06:00:00,39.79476121442307
2016-07-17 07:00:00,40.11674703976742
2016-07-17 08:00:00,40.43504602335377
2016-07-17 09:00:00,40.74877541092925
2016-07-17 10:00:00,41.05705244824097
2016-07-17 11:00:00,41.358994381036055
2016-07-17 12:00:00,41.65371845506163
2016-07-17 13:00:00,41.94034191606481
2016-07-17 14:00:00,42.21798200979271
2016-07-17 15:00:00,42.48575598199247
2016-07-17 16:00:00,42.742781078411184
2016-07-17 17:00:00,42.98817454479599
2016-07-17 18:00:00,43.221053626894
2016-07-17 19:00:00,43.440535570452326
2016-07-17 20:00:00,43.6457376212181
2016-07-17 21:00:00,43.83577702493844
2016-07-17 22:00:00,44.009771027360465
2016-07-17 23:00:00,44.166836874231294
2016-07-18 00:00:00,44.30609181129805
2016-07-18 01:00:00,44.42665308430786
2016-07-18 02:00:00,44.52763793900783
2016-07-18 03:00:00,44.60816362114508
2016-07-18 04:00:00,44.66734737646675
2016-07-18 05:00:00,44.70430645071993
2016-07-18 06:00:00,44.71815808965177
2016-07-18 07:00:00,44.708019539009356
2016-07-18 08:00:00,44.67300804453981
2016-07-18 09:00:00,44.6122408519903
2016-07-18 10:00:00,44.524835207107934
2016-07-18 11:00:00,43.9355011
2016-07-18 12:00:00,45.9129982
2016-07-18 13:00:00,43.49599838
2016-07-18 14:00:00,42.83649826
2016-07-18 15:00:00,42.17750168
2016-07-18 16:00:00,43.2765007
2016-07-18 17:00:00,44.1554985
2016-07-18 18:00:00,44.5945015
2016-07-18 19:00:00,43.49599838
2016-07-18 20:00:00,42.39749908
2016-07-18 21:00:00,41.29899979
2016-07-18 22:00:00,40.63949966
2016-07-18 23:00:00,40.20050049
2016-07-19 00:00:00,39.76050186
2016-07-19 01:00:00,39.32149887
2016-07-19 02:00:00,38.88150024
2016-07-19 03:00:00,38.44250107
2016-07-19 04:00:00,38.22299957
2016-07-19 05:00:00,38.00299835
2016-07-19 06:00:00,38.00299835
2016-07-19 07:00:00,38.00299835
2016-07-19 08:00:00,39.10150146
2016-07-19 09:00:00,40.85950089
2016-07-19 10:00:00,42.61750031
2016-07-19 11:00:00,41.95800018
2016-07-19 12:00:00,41.95800018
2016-07-19 13:00:00,39.54100037
2016-07-19 14:00:00,41.29899979
2016-07-19 15:00:00,41.73799896
2016-07-19 16:00:00,42.1780014
2016-07-19 17:00:00,43.05649948
2016-07-19 18:00:00,42.39749908
2016-07-19 19:00:00,41.95800018
2016-07-19 20:00:00,41.51850128
2016-07-19 21:00:00,41.07899857
2016-07-19 22:00:00,40.63999939
2016-07-19 23:00:00,40.20000076
2016-07-20 00:00:00,40.20000076
2016-07-20 01:00:00,39.76100159
2016-07-20 02:00:00,38.88199997
2016-07-20 03:00:00,38.88199997
2016-07-20 04:00:00,38.66199875
2016-07-20 05:00:00,38.44250107
2016-07-20 06:00:00,38.22299957
2016-07-20 07:00:00,38.44250107
2016-07-20 08:00:00,39.54100037
2016-07-20 09:00:00,40.85950089
2016-07-20 10:00:00,43.71549988
2016-07-20 11:00:00,46.79199982
2016-07-20 12:00:00,47.23149872
2016-07-20 13:00:00,46.35250092
2016-07-20 14:00:00,46.79199982
2016-07-20 15:00:00,47.23149872
2016-07-20 16:00:00,47.23149872
2016-07-20 17:00:00,46.13249969
2016-07-20 18:00:00,45.0340004
2016-07-20 19:00:00,43.9355011
2016-07-20 20:00:00,43.49599838
2016-07-20 21:00:00,43.05649948
2016-07-20 22:00:00,43.05649948
2016-07-20 23:00:00,43.05649948
2016-07-21 00:00:00,42.83649826
2016-07-21 01:00:00,42.1780014
2016-07-21 02:00:00,41.73799896
2016-07-21 03:00:00,41.29899979
2016-07-21 04:00:00,40.63949966
2016-07-21 05:00:00,40.20050049
2016-07-21 06:00:00,39.76050186
2016-07-21 07:00:00,39.98049927
2016-07-21 08:00:00,41.51850128
2016-07-21 09:00:00,43.9355011
2016-07-21 10:00:00,46.13299942
2016-07-21 11:00:00,48.76950073
2016-07-21 12:00:00,50.08800125
2016-07-21 13:00:00,51.40650177
2016-07-21 14:00:00,51.62599945
2016-07-21 15:00:00,52.50500107
2016-07-21 16:00:00,52.28499985
2016-07-21 17:00:00,50.30749893
2016-07-21 18:00:00,48.98899841
2016-07-21 19:00:00,47.89049911
2016-07-21 20:00:00,46.13299942
2016-07-21 21:00:00,45.03450012
2016-07-21 22:00:00,44.375
2016-07-21 23:00:00,43.9355011
2016-07-22 00:00:00,43.49599838
2016-07-22 01:00:00,42.83649826
2016-07-22 02:00:00,42.39749908
2016-07-22 03:00:00,42.1780014
2016-07-22 04:00:00,41.95800018
2016-07-22 05:00:00,41.29899979
2016-07-22 06:00:00,40.85950089
2016-07-22 07:00:00,40.85950089
2016-07-22 08:00:00,42.17750168
2016-07-22 09:00:00,44.375
2016-07-22 10:00:00,46.35250092
2016-07-22 11:00:00,49.42850113
2016-07-22 12:00:00,50.52750015
2016-07-22 13:00:00,52.28499985
2016-07-22 14:00:00,54.04299927
2016-07-22 15:00:00,55.14149857
2016-07-22 16:00:00,54.48199844
2016-07-22 17:00:00,52.28549957
2016-07-22 18:00:00,51.18650055
2016-07-22 19:00:00,49.64849854
2016-07-22 20:00:00,47.89049911
2016-07-22 21:00:00,47.01200104
2016-07-22 22:00:00,46.13299942
2016-07-22 23:00:00,45.69350052
2016-07-23 00:00:00,44.8144989
2016-07-23 01:00:00,44.1554985
2016-07-23 02:00:00,43.2765007
2016-07-23 03:00:00,42.61700058
2016-07-23 04:00:00,41.51850128
2016-07-23 05:00:00,41.07949829
2016-07-23 06:00:00,40.20050049
2016-07-23 07:00:00,40.41999817
2016-07-23 08:00:00,42.39749908
2016-07-23 09:00:00,44.59500122
2016-07-23 10:00:00,47.23149872
2016-07-23 11:00:00,50.74700165
2016-07-23 12:00:00,52.72449875
2016-07-23 13:00:00,53.60350037
2016-07-23 14:00:00,55.58100128
2016-07-23 15:00:00,56.02050018
2016-07-23 16:00:00,54.70199966
2016-07-23 17:00:00,52.72449875
2016-07-23 18:00:00,51.62599945
2016-07-23 19:00:00,50.30749893
2016-07-23 20:00:00,48.76950073
2016-07-23 21:00:00,47.45100021
2016-07-23 22:00:00,46.5719986
2016-07-23 23:00:00,45.91350174
2016-07-24 00:00:00,45.4734993
2016-07-24 01:00:00,44.5945015
2016-07-24 02:00:00,43.71549988
2016-07-24 03:00:00,43.2765007
2016-07-24 04:00:00,42.61700058
2016-07-24 05:00:00,41.95800018
2016-07-24 06:00:00,41.51850128
2016-07-24 07:00:00,41.73799896
2016-07-24 08:00:00,43.7159996
2016-07-24 09:00:00,46.13299942
2016-07-24 10:00:00,48.54949951
2016-07-24 11:00:00,50.30749893
2016-07-24 12:00:00,52.94400024
2016-07-24 13:00:00,54.70199966
2016-07-24 14:00:00,56.8995018
2016-07-24 15:00:00,57.7784996
2016-07-24 16:00:00,56.45999908
2016-07-24 17:00:00,54.26300049
2016-07-24 18:00:00,52.94400024
2016-07-24 19:00:00,51.18650055
2016-07-24 20:00:00,49.42850113
2016-07-24 21:00:00,48.33000183
2016-07-24 22:00:00,47.67050171
2016-07-24 23:00:00,47.23149872
2016-07-25 00:00:00,46.35250092
2016-07-25 01:00:00,45.91350174
2016-07-25 02:00:00,45.03450012
2016-07-25 03:00:00,44.1554985
2016-07-25 04:00:00,43.71549988
2016-07-25 05:00:00,42.83649826
2016-07-25 06:00:00,42.83649826
2016-07-25 07:00:00,43.05649948
2016-07-25 08:00:00,43.9355011
2016-07-25 09:00:00,46.35250092
2016-07-25 10:00:00,48.98949814
2016-07-25 11:00:00,52.50500107
2016-07-25 12:00:00,54.48249817
2016-07-25 13:00:00,55.36100006
2016-07-25 14:00:00,57.11949921
2016-07-25 15:00:00,58.4375
2016-07-25 16:00:00,56.8995018
2016-07-25 17:00:00,54.26300049
2016-07-25 18:00:00,52.94400024
2016-07-25 19:00:00,51.18650055
2016-07-25 20:00:00,48.98949814
2016-07-25 21:00:00,47.67050171
2016-07-25 22:00:00,46.79199982
2016-07-25 23:00:00,46.35250092
2016-07-26 00:00:00,45.4734993
2016-07-26 01:00:00,44.5945015
2016-07-26 02:00:00,43.71549988
2016-07-26 03:00:00,43.2765007
2016-07-26 04:00:00,42.39749908
2016-07-26 05:00:00,41.95800018
2016-07-26 06:00:00,41.73799896
2016-07-26 07:00:00,41.95800018
2016-07-26 08:00:00,43.9355011
2016-07-26 09:00:00,46.13299942
2016-07-26 10:00:00,48.33000183
2016-07-26 11:00:00,51.84550095
2016-07-26 12:00:00,53.60350037
2016-07-26 13:00:00,54.92200089
2016-07-26 14:00:00,57.11899948
2016-07-26 15:00:00,57.9980011
2016-07-26 16:00:00,56.67950058
2016-07-26 17:00:00,54.26300049
2016-07-26 18:00:00,52.72449875
2016-07-26 19:00:00,51.40599823
2016-07-26 20:00:00,49.64849854
2016-07-26 21:00:00,48.76950073
2016-07-26 22:00:00,47.89049911
2016-07-26 23:00:00,47.23149872
2016-07-27 00:00:00,46.5719986
2016-07-27 01:00:00,45.91350174
2016-07-27 02:00:00,45.25400162
2016-07-27 03:00:00,44.8144989
2016-07-27 04:00:00,44.1554985
2016-07-27 05:00:00,43.9355011
2016-07-27 06:00:00,43.49599838
2016-07-27 07:00:00,43.71549988
2016-07-27 08:00:00,44.8144989
2016-07-27 09:00:00,46.5719986
2016-07-27 10:00:00,48.33000183
2016-07-27 11:00:00,51.40650177
2016-07-27 12:00:00,52.72449875
2016-07-27 13:00:00,53.60350037
2016-07-27 14:00:00,54.70199966
2016-07-27 15:00:00,48.98899841
2016-07-27 16:00:00,51.62599945
2016-07-27 17:00:00,51.84550095
2016-07-27 18:00:00,51.84550095
2016-07-27 19:00:00,50.74700165
2016-07-27 20:00:00,48.98949814
2016-07-27 21:00:00,47.89049911
2016-07-27 22:00:00,46.79199982
2016-07-27 23:00:00,46.35250092
2016-07-28 00:00:00,45.69350052
2016-07-28 01:00:00,45.25400162
2016-07-28 02:00:00,44.8144989
2016-07-28 03:00:00,44.1554985
2016-07-28 04:00:00,43.49599838
2016-07-28 05:00:00,43.05649948
2016-07-28 06:00:00,42.61700058
2016-07-28 07:00:00,42.1780014
2016-07-28 08:00:00,43.27600098
2016-07-28 09:00:00,45.25400162
2016-07-28 10:00:00,47.67100143
2016-07-28 11:00:00,50.74700165
2016-07-28 12:00:00,52.72449875
2016-07-28 13:00:00,53.82350159
2016-07-28 14:00:00,56.45999908
2016-07-28 15:00:00,57.11899948
2016-07-28 16:00:00,56.02050018
2016-07-28 17:00:00,54.26300049
2016-07-28 18:00:00,52.94400024
2016-07-28 19:00:00,51.62599945
2016-07-28 20:00:00,49.86800003
2016-07-28 21:00:00,48.76950073
2016-07-28 22:00:00,47.89049911
2016-07-28 23:00:00,47.45100021
2016-07-29 00:00:00,46.79199982
2016-07-29 01:00:00,45.91350174
2016-07-29 02:00:00,45.25400162
2016-07-29 03:00:00,44.5945015
2016-07-29 04:00:00,44.12352881423055
2016-07-29 05:00:00,43.62902614898571
2016-07-29 06:00:00,43.17829424952991
2016-07-29 07:00:00,42.77001899445286
2016-07-29 08:00:00,42.40288626234427
2016-07-29 09:00:00,42.07558193179383
2016-07-29 10:00:00,41.786791881391245
2016-07-29 11:00:00,41.535201989726225
2016-07-29 12:00:00,41.31949813538847
2016-07-29 13:00:00,41.13836619696769
2016-07-29 14:00:00,40.99049205305357
2016-07-29 15:00:00,40.874561582235835
2016-07-29 16:00:00,40.789260663104166
2016-07-29 17:00:00,40.733275174248284
2016-07-29 18:00:00,40.705290994257886
2016-07-29 19:00:00,40.70399400172268
2016-07-29 20:00:00,40.72807007523236
2016-07-29 21:00:00,40.77620509337664
2016-07-29 22:00:00,40.847084934745205
2016-07-29 23:00:00,40.93939547792779
2016-07-30 00:00:00,41.05182260151407
2016-07-30 01:00:00,41.18305218409376
2016-07-30 02:00:00,41.331770104256556
2016-07-30 03:00:00,41.49666224059219
2016-07-30 04:00:00,41.67641447169032
2016-07-30 05:00:00,41.869712676140686
2016-07-30 06:00:00,42.07524273253297
2016-07-30 07:00:00,42.29169051945689
2016-07-30 08:00:00,42.51774191550213
2016-07-30 09:00:00,42.75208279925842
2016-07-30 10:00:00,42.99339904931543
2016-07-30 11:00:00,43.240376544262894
2016-07-30 12:00:00,43.491701162690504
2016-07-30 13:00:00,43.746058783187955
2016-07-30 14:00:00,44.00213528434497
2016-07-30 15:00:00,44.25861654475123
2016-07-30 16:00:00,44.514188442996414
2016-07-30 17:00:00,44.7675368576703
2016-07-30 18:00:00,45.01734766736255
2016-07-30 19:00:00,45.26230675066285
2016-07-30 20:00:00,45.50109998616093
2016-07-30 21:00:00,45.73241325244649
2016-07-30 22:00:00,45.95493242810926
2016-07-30 23:00:00,46.16734339173887
2016-07-31 00:00:00,46.36833202192509
2016-07-31 01:00:00,46.55658419725759
2016-07-31 02:00:00,46.7307857963261
2016-07-31 03:00:00,46.889622697720284
2016-07-31 04:00:00,47.031780780029884
2016-07-31 05:00:00,47.15594592184455
2016-07-31 06:00:00,47.32899857
2016-07-31 07:00:00,47.32899857
2016-07-31 08:00:00,47.32899857
2016-07-31 09:00:00,47.32899857
2016-07-31 10:00:00,47.32899857
2016-07-31 11:00:00,47.32899857
2016-07-31 12:00:00,47.32899857
2016-07-31 13:00:00,47.32899857
2016-07-31 14:00:00,47.32899857
2016-07-31 15:00:00,47.32899857
2016-07-31 16:00:00,47.32899857
2016-07-31 17:00:00,47.32899857
2016-07-31 18:00:00,47.32899857
2016-07-31 19:00:00,47.32899857
2016-07-31 20:00:00,47.32899857
2016-07-31 21:00:00,47.32899857
2016-07-31 22:00:00,47.32899857
2016-07-31 23:00:00,47.32899857
2016-08-01 00:00:00,45.13199997
2016-08-01 01:00:00,44.69250107
2016-08-01 02:00:00,43.81349945
2016-08-01 03:00:00,42.93450165
2016-08-01 04:00:00,42.49499893
2016-08-01 05:00:00,41.83599854
2016-08-01 06:00:00,41.17649841
2016-08-01 07:00:00,41.17649841
2016-08-01 08:00:00,41.39649963
2016-08-01 09:00:00,43.37400055
2016-08-01 10:00:00,45.35150146
2016-08-01 11:00:00,49.5265007
2016-08-01 12:00:00,50.8445015
2016-08-01 13:00:00,51.7234993
2016-08-01 14:00:00,52.38249969
2016-08-01 15:00:00,53.92100143
2016-08-01 16:00:00,53.04199982
2016-08-01 17:00:00,51.50400162
2016-08-01 18:00:00,50.18600082
2016-08-01 19:00:00,48.86700058
2016-08-01 20:00:00,47.54899979
2016-08-01 21:00:00,46.88949966
2016-08-01 22:00:00,46.66999817
2016-08-01 23:00:00,45.79100037
2016-08-02 00:00:00,45.35200119
2016-08-02 01:00:00,44.69250107
2016-08-02 02:00:00,43.81349945
2016-08-02 03:00:00,43.22516180365652
2016-08-02 04:00:00,42.561786047800474
2016-08-02 05:00:00,41.904559609116085
2016-08-02 06:00:00,41.25440542819161
2016-08-02 07:00:00,40.61224644561533
2016-08-02 08:00:00,39.97900560197549
2016-08-02 09:00:00,39.35560583786037
2016-08-02 10:00:00,38.742970093858226
2016-08-02 11:00:00,38.14202131055733
2016-08-02 12:00:00,37.553682428545955
2016-08-02 13:00:00,36.97887638841236
2016-08-02 14:00:00,36.41852613074481
2016-08-02 15:00:00,35.87355459613157
2016-08-02 16:00:00,35.34488472516091
2016-08-02 17:00:00,34.8334394584211
2016-08-02 18:00:00,34.3401417365004
2016-08-02 19:00:00,33.86591449998708
2016-08-02 20:00:00,33.41168068946939
2016-08-02 21:00:00,32.97836324553562
2016-08-02 22:00:00,32.566885108774024
2016-08-02 23:00:00,32.178169219772876
2016-08-03 00:00:00,31.813138519120432
2016-08-03 01:00:00,31.47271594740496
2016-08-03 02:00:00,31.15782444521473
2016-08-03 03:00:00,30.869386953138005
2016-08-03 04:00:00,30.608326411763052
2016-08-03 05:00:00,30.375565761678146
2016-08-03 06:00:00,30.172027943471537
2016-08-03 07:00:00,29.998635897731504
2016-08-03 08:00:00,29.856312565046306
2016-08-03 09:00:00,29.745980886004208
2016-08-03 10:00:00,29.66856380119349
2016-08-03 11:00:00,29.624984251202406
2016-08-03 12:00:00,29.616165176619212
2016-08-03 13:00:00,29.6430295180322
2016-08-03 14:00:00,29.706500216029603
2016-08-03 15:00:00,29.807500211199713
2016-08-03 16:00:00,29.946952444130787
2016-08-03 17:00:00,30.125779855411096
2016-08-03 18:00:00,30.3449053856289
2016-08-03 19:00:00,30.60525197537249
2016-08-03 20:00:00,30.907742565230112
2016-08-03 21:00:00,31.25330009579004
2016-08-03 22:00:00,31.642847507640496
2016-08-03 23:00:00,32.07730774136978
2016-08-04 00:00:00,32.55760373756619
2016-08-04 01:00:00,33.08465843681792
2016-08-04 02:00:00,33.65939477971331
2016-08-04 03:00:00,34.2827357068406
2016-08-04 04:00:00,34.95560415878805
2016-08-04 05:00:00,36.1230011
2016-08-04 06:00:00,36.1230011
2016-08-04 07:00:00,36.1230011
2016-08-04 08:00:00,37.2215004
2016-08-04 09:00:00,39.63850021
2016-08-04 10:00:00,41.39649963
2016-08-04 11:00:00,43.81349945
2016-08-04 12:00:00,45.57099915
2016-08-04 13:00:00,44.91249847
2016-08-04 14:00:00,44.47249985
2016-08-04 15:00:00,46.01100159
2016-08-04 16:00:00,47.32899857
2016-08-04 17:00:00,46.88949966
2016-08-04 18:00:00,45.35200119
2016-08-04 19:00:00,44.03300095
2016-08-04 20:00:00,42.49499893
2016-08-04 21:00:00,41.61600113
2016-08-04 22:00:00,40.95700073
2016-08-04 23:00:00,40.51800156
2016-08-05 00:00:00,40.07799911
2016-08-05 01:00:00,39.63899994
2016-08-05 02:00:00,39.19900131
2016-08-05 03:00:00,38.75999832
2016-08-05 04:00:00,38.54000092
2016-08-05 05:00:00,38.31999969
2016-08-05 06:00:00,38.1004982
2016-08-05 07:00:00,38.1004982
2016-08-05 08:00:00,38.97949982
2016-08-05 09:00:00,41.39649963
2016-08-05 10:00:00,43.37400055
2016-08-05 11:00:00,43.59400177
2016-08-05 12:00:00,44.25299835
2016-08-05 13:00:00,42.05550003
2016-08-05 14:00:00,41.61600113
2016-08-05 15:00:00,46.45000076
2016-08-05 16:00:00,46.01050186
2016-08-05 17:00:00,45.35150146
2016-08-05 18:00:00,44.47299957
2016-08-05 19:00:00,43.59400177
2016-08-05 20:00:00,42.71500015
2016-08-05 21:00:00,41.83599854
2016-08-05 22:00:00,41.61600113
2016-08-05 23:00:00,41.17649841
2016-08-06 00:00:00,40.51800156
2016-08-06 01:00:00,40.07799911
2016-08-06 02:00:00,39.19900131
2016-08-06 03:00:00,38.75999832
2016-08-06 04:00:00,38.31999969
2016-08-06 05:00:00,37.88100052
2016-08-06 06:00:00,37.44100189
2016-08-06 07:00:00,37.6609993
2016-08-06 08:00:00,39.41899872
2016-08-06 09:00:00,41.61600113
2016-08-06 10:00:00,43.59400177
2016-08-06 11:00:00,46.22999954
2016-08-06 12:00:00,47.10950089
2016-08-06 13:00:00,46.88949966
2016-08-06 14:00:00,45.79100037
2016-08-06 15:00:00,47.54899979
2016-08-06 16:00:00,49.30699921
2016-08-06 17:00:00,47.98799896
2016-08-06 18:00:00,47.10900116
2016-08-06 19:00:00,45.35200119
2016-08-06 20:00:00,44.03300095
2016-08-06 21:00:00,42.93450165
2016-08-06 22:00:00,42.49499893
2016-08-06 23:00:00,42.27500153
2016-08-07 00:00:00,41.83599854
2016-08-07 01:00:00,41.39599991
2016-08-07 02:00:00,40.95700073
2016-08-07 03:00:00,40.07799911
2016-08-07 04:00:00,39.41899872
2016-08-07 05:00:00,39.19900131
2016-08-07 06:00:00,38.75999832
2016-08-07 07:00:00,39.19900131
2016-08-07 08:00:00,40.29800034
2016-08-07 09:00:00,41.39649963
2016-08-07 10:00:00,43.81349945
2016-08-07 11:00:00,47.54850006
2016-08-07 12:00:00,48.86750031
2016-08-07 13:00:00,49.74649811
2016-08-07 14:00:00,51.28450012
2016-08-07 15:00:00,52.1629982
2016-08-07 16:00:00,49.74649811
2016-08-07 17:00:00,48.4280014
2016-08-07 18:00:00,47.10900116
2016-08-07 19:00:00,46.22999954
2016-08-07 20:00:00,45.35200119
2016-08-07 21:00:00,44.25299835
2016-08-07 22:00:00,43.81349945
2016-08-07 23:00:00,43.59400177
2016-08-08 00:00:00,42.71500015
2016-08-08 01:00:00,42.49499893
2016-08-08 02:00:00,41.83599854
2016-08-08 03:00:00,41.39599991
2016-08-08 04:00:00,40.73749924
2016-08-08 05:00:00,40.07799911
2016-08-08 06:00:00,39.63899994
2016-08-08 07:00:00,39.63899994
2016-08-08 08:00:00,40.51750183
2016-08-08 09:00:00,42.27550125
2016-08-08 10:00:00,44.25299835
2016-08-08 11:00:00,47.54899979
2016-08-08 12:00:00,47.98849869
2016-08-08 13:00:00,47.76850128
2016-08-08 14:00:00,47.76850128
2016-08-08 15:00:00,49.30649948
2016-08-08 16:00:00,49.5265007
2016-08-08 17:00:00,48.4280014
2016-08-08 18:00:00,47.54899979
2016-08-08 19:00:00,46.66999817
2016-08-08 20:00:00,45.79100037
2016-08-08 21:00:00,44.69250107
2016-08-08 22:00:00,43.81349945
2016-08-08 23:00:00,43.15399933
2016-08-09 00:00:00,43.15399933
2016-08-09 01:00:00,42.71500015
2016-08-09 02:00:00,41.83599854
2016-08-09 03:00:00,41.39599991
2016-08-09 04:00:00,40.95700073
2016-08-09 05:00:00,40.07799911
2016-08-09 06:00:00,39.63899994
2016-08-09 07:00:00,39.63899994
2016-08-09 08:00:00,40.51800156
2016-08-09 09:00:00,42.93450165
2016-08-09 10:00:00,44.69250107
2016-08-09 11:00:00,46.88949966
2016-08-09 12:00:00,48.20800018
2016-08-09 13:00:00,49.5265007
2016-08-09 14:00:00,50.625
2016-08-09 15:00:00,48.64749908
2016-08-09 16:00:00,49.0870018
2016-08-09 17:00:00,48.64749908
2016-08-09 18:00:00,47.10900116
2016-08-09 19:00:00,45.57149887
2016-08-09 20:00:00,44.47299957
2016-08-09 21:00:00,43.59400177
2016-08-09 22:00:00,43.15399933
2016-08-09 23:00:00,42.71500015
2016-08-10 00:00:00,42.27500153
2016-08-10 01:00:00,41.83599854
2016-08-10 02:00:00,41.61600113
2016-08-10 03:00:00,41.17649841
2016-08-10 04:00:00,40.29800034
2016-08-10 05:00:00,39.41899872
2016-08-10 06:00:00,39.41899872
2016-08-10 07:00:00,38.1004982
2016-08-10 08:00:00,38.54000092
2016-08-10 09:00:00,40.51800156
2016-08-10 10:00:00,41.83599854
2016-08-10 11:00:00,44.69250107
2016-08-10 12:00:00,46.23049927
2016-08-10 13:00:00,47.76850128
2016-08-10 14:00:00,46.88949966
2016-08-10 15:00:00,46.45000076
2016-08-10 16:00:00,46.66999817
2016-08-10 17:00:00,47.10900116
2016-08-10 18:00:00,47.10900116
2016-08-10 19:00:00,46.22999954
2016-08-10 20:00:00,45.35200119
2016-08-10 21:00:00,44.69250107
2016-08-10 22:00:00,43.81349945
2016-08-10 23:00:00,43.37400055
2016-08-11 00:00:00,43.15399933
2016-08-11 01:00:00,42.93450165
2016-08-11 02:00:00,42.05550003
2016-08-11 03:00:00,41.61600113
2016-08-11 04:00:00,41.17649841
2016-08-11 05:00:00,40.95700073
2016-08-11 06:00:00,40.51800156
2016-08-11 07:00:00,40.51800156
2016-08-11 08:00:00,41.39649963
2016-08-11 09:00:00,43.15449905
2016-08-11 10:00:00,45.13199997
2016-08-11 11:00:00,48.20800018
2016-08-11 12:00:00,49.74599838
2016-08-11 13:00:00,50.1855011
2016-08-11 14:00:00,52.1629982
2016-08-11 15:00:00,52.1629982
2016-08-11 16:00:00,51.94300079
2016-08-11 17:00:00,50.625
2016-08-11 18:00:00,49.0870018
2016-08-11 19:00:00,47.32899857
2016-08-11 20:00:00,46.45000076
2016-08-11 21:00:00,45.79100037
2016-08-11 22:00:00,45.79100037
2016-08-11 23:00:00,44.91199875
2016-08-12 00:00:00,44.47299957
2016-08-12 01:00:00,44.03300095
2016-08-12 02:00:00,43.37400055
2016-08-12 03:00:00,42.71500015
2016-08-12 04:00:00,42.27500153
2016-08-12 05:00:00,41.61600113
2016-08-12 06:00:00,41.17649841
2016-08-12 07:00:00,41.17649841
2016-08-12 08:00:00,42.05550003
2016-08-12 09:00:00,43.37400055
2016-08-12 10:00:00,45.13199997
2016-08-12 11:00:00,46.88949966
2016-08-12 12:00:00,47.98849869
2016-08-12 13:00:00,49.0870018
2016-08-12 14:00:00,51.50400162
2016-08-12 15:00:00,52.1629982
2016-08-12 16:00:00,50.8445015
2016-08-12 17:00:00,49.0870018
2016-08-12 18:00:00,47.54899979
2016-08-12 19:00:00,46.22999954
2016-08-12 20:00:00,44.91199875
2016-08-12 21:00:00,44.25299835
2016-08-12 22:00:00,43.37400055
2016-08-12 23:00:00,42.71500015
2016-08-13 00:00:00,42.49499893
2016-08-13 01:00:00,42.05550003
2016-08-13 02:00:00,41.39599991
2016-08-13 03:00:00,41.39599991
2016-08-13 04:00:00,40.95700073
2016-08-13 05:00:00,40.95700073
2016-08-13 06:00:00,40.95700073
2016-08-13 07:00:00,40.73749924
2016-08-13 08:00:00,42.27550125
2016-08-13 09:00:00,44.03350067
2016-08-13 10:00:00,46.01100159
2016-08-13 11:00:00,49.0870018
2016-08-13 12:00:00,50.625
2016-08-13 13:00:00,51.0644989
2016-08-13 14:00:00,53.70149994
2016-08-13 15:00:00,55.01950073
2016-08-13 16:00:00,53.92100143
2016-08-13 17:00:00,52.1629982
2016-08-13 18:00:00,50.4054985
2016-08-13 19:00:00,49.30699921
2016-08-13 20:00:00,47.98799896
2016-08-13 21:00:00,47.32899857
2016-08-13 22:00:00,46.66999817
2016-08-13 23:00:00,46.22999954
2016-08-14 00:00:00,45.35200119
2016-08-14 01:00:00,44.25299835
2016-08-14 02:00:00,43.81349945
2016-08-14 03:00:00,43.59400177
2016-08-14 04:00:00,43.15399933
2016-08-14 05:00:00,42.27500153
2016-08-14 06:00:00,41.61600113
2016-08-14 07:00:00,41.61600113
2016-08-14 08:00:00,42.49499893
2016-08-14 09:00:00,44.25299835
2016-08-14 10:00:00,46.88949966
2016-08-14 11:00:00,49.9659996
2016-08-14 12:00:00,50.40499878
2016-08-14 13:00:00,52.1629982
2016-08-14 14:00:00,53.26200104
2016-08-14 15:00:00,54.14099884
2016-08-14 16:00:00,52.8219986
2016-08-14 17:00:00,51.50400162
2016-08-14 18:00:00,50.18600082
2016-08-14 19:00:00,48.86700058
2016-08-14 20:00:00,47.76850128
2016-08-14 21:00:00,46.88949966
2016-08-14 22:00:00,46.45000076
2016-08-14 23:00:00,45.79100037
2016-08-15 00:00:00,44.91199875
2016-08-15 01:00:00,44.03300095
2016-08-15 02:00:00,43.59400177
2016-08-15 03:00:00,42.49499893
2016-08-15 04:00:00,41.83599854
2016-08-15 05:00:00,40.95700073
2016-08-15 06:00:00,40.07799911
2016-08-15 07:00:00,40.07799911
2016-08-15 08:00:00,41.61600113
2016-08-15 09:00:00,43.59400177
2016-08-15 10:00:00,45.79100037
2016-08-15 11:00:00,49.5265007
2016-08-15 12:00:00,51.2840004
2016-08-15 13:00:00,53.26150131
2016-08-15 14:00:00,55.23949814
2016-08-15 15:00:00,56.11800003
2016-08-15 16:00:00,55.45899963
2016-08-15 17:00:00,53.48149872
2016-08-15 18:00:00,51.50400162
2016-08-15 19:00:00,49.74599838
2016-08-15 20:00:00,48.20800018
2016-08-15 21:00:00,48.76529464656845
2016-08-15 22:00:00,48.26886704312765
2016-08-15 23:00:00,47.805088347608724
2016-08-16 00:00:00,47.37285963393005
2016-08-16 01:00:00,46.971081976010005
2016-08-16 02:00:00,46.59865644776696
2016-08-16 03:00:00,46.2544841231193
2016-08-16 04:00:00,45.93746607598539
2016-08-16 05:00:00,45.64650338028361
2016-08-16 06:00:00,45.380497109932335
2016-08-16 07:00:00,45.138348338849944
2016-08-16 08:00:00,44.91895814095481
2016-08-16 09:00:00,44.7212275901653
2016-08-16 10:00:00,44.544057760399795
2016-08-16 11:00:00,44.38634972557668
2016-08-16 12:00:00,44.24700455961432
2016-08-16 13:00:00,44.124923336431095
2016-08-16 14:00:00,44.01900712994538
2016-08-16 15:00:00,43.92815701407554
2016-08-16 16:00:00,43.851274062739975
2016-08-16 17:00:00,43.787259349857045
2016-08-16 18:00:00,43.735013949345124
2016-08-16 19:00:00,43.693438935122586
2016-08-16 20:00:00,43.66143538110783
2016-08-16 21:00:00,43.6379043612192
2016-08-16 22:00:00,43.62174694937508
2016-08-16 23:00:00,43.61186421949385
2016-08-17 00:00:00,43.6071572454939
2016-08-17 01:00:00,43.60652710129357
2016-08-17 02:00:00,43.60887486081128
2016-08-17 03:00:00,43.61310159796536
2016-08-17 04:00:00,43.61810838667422
2016-08-17 05:00:00,43.62279630085622
2016-08-17 06:00:00,43.62606641442974
2016-08-17 07:00:00,43.62681980131316
2016-08-17 08:00:00,43.623957535424836
2016-08-17 09:00:00,43.616380690683144
2016-08-17 10:00:00,43.60299034100649
2016-08-17 11:00:00,43.58268756031323
2016-08-17 12:00:00,43.554373422521735
2016-08-17 13:00:00,43.516949001550394
2016-08-17 14:00:00,43.46931537131758
2016-08-17 15:00:00,43.41037360574168
2016-08-17 16:00:00,43.339024778741035
2016-08-17 17:00:00,43.25416996423406
2016-08-17 18:00:00,43.154710236139096
2016-08-17 19:00:00,43.03954666837454
2016-08-17 20:00:00,42.90758033485875
2016-08-17 21:00:00,42.757712309510126
2016-08-17 22:00:00,42.588843666247
2016-08-17 23:00:00,42.93450165
2016-08-18 00:00:00,42.05550003
2016-08-18 01:00:00,41.39599991
2016-08-18 02:00:00,40.95700073
2016-08-18 03:00:00,40.51800156
2016-08-18 04:00:00,40.07799911
2016-08-18 05:00:00,39.41899872
2016-08-18 06:00:00,38.97949982
2016-08-18 07:00:00,38.97949982
2016-08-18 08:00:00,40.73749924
2016-08-18 09:00:00,42.27500153
2016-08-18 10:00:00,44.69250107
2016-08-18 11:00:00,48.20800018
2016-08-18 12:00:00,49.96549988
2016-08-18 13:00:00,51.50350189
2016-08-18 14:00:00,53.92100143
2016-08-18 15:00:00,55.01950073
2016-08-18 16:00:00,53.92100143
2016-08-18 17:00:00,52.60250092
2016-08-18 18:00:00,51.0644989
2016-08-18 19:00:00,49.9659996
2016-08-18 20:00:00,48.64749908
2016-08-18 21:00:00,47.76850128
2016-08-18 22:00:00,47.32899857
2016-08-18 23:00:00,46.66999817
2016-08-19 00:00:00,45.79100037
2016-08-19 01:00:00,45.57149887
2016-08-19 02:00:00,45.13199997
2016-08-19 03:00:00,44.69250107
2016-08-19 04:00:00,44.03300095
2016-08-19 05:00:00,43.37400055
2016-08-19 06:00:00,42.71500015
2016-08-19 07:00:00,42.71500015
2016-08-19 08:00:00,43.81349945
2016-08-19 09:00:00,42.86536759601699
2016-08-19 10:00:00,42.612909249161554
2016-08-19 11:00:00,42.36398155341665
2016-08-19 12:00:00,42.118987071733365
2016-08-19 13:00:00,41.87832836706281
2016-08-19 14:00:00,41.64240800235606
2016-08-19 15:00:00,41.41162854056424
2016-08-19 16:00:00,41.18639254463843
2016-08-19 17:00:00,40.96710257752974
2016-08-19 18:00:00,40.75416120218925
2016-08-19 19:00:00,40.54797098156808
2016-08-19 20:00:00,40.34893447861731
2016-08-19 21:00:00,40.15745425628804
2016-08-19 22:00:00,39.973932877531375
2016-08-19 23:00:00,39.79877290529841
2016-08-20 00:00:00,39.63237690254023
2016-08-20 01:00:00,39.47514743220795
2016-08-20 02:00:00,39.32748705725266
2016-08-20 03:00:00,39.18979834062546
2016-08-20 04:00:00,39.06248384527744
2016-08-20 05:00:00,38.94594613415971
2016-08-20 06:00:00,38.840587770223365
2016-08-20 07:00:00,38.746811316419496
2016-08-20 08:00:00,38.6650193356992
2016-08-20 09:00:00,38.595614391013584
2016-08-20 10:00:00,38.53899904531374
2016-08-20 11:00:00,38.495575861550755
2016-08-20 12:00:00,38.46574740267574
2016-08-20 13:00:00,38.4499162316398
2016-08-20 14:00:00,38.44848491139401
2016-08-20 15:00:00,38.46185600488948
2016-08-20 16:00:00,38.49043207507731
2016-08-20 17:00:00,38.534615684908594
2016-08-20 18:00:00,38.59480939733443
2016-08-20 19:00:00,38.671415775305924
2016-08-20 20:00:00,38.764837381774164
2016-08-20 21:00:00,38.87547677969024
2016-08-20 22:00:00,39.00373653200526
2016-08-20 23:00:00,39.15001920167032
2016-08-21 00:00:00,39.31472735163653
2016-08-21 01:00:00,39.498263544854964
2016-08-21 02:00:00,39.70103034427673
2016-08-21 03:00:00,39.92343031285293
2016-08-21 04:00:00,40.16586601353467
2016-08-21 05:00:00,40.428740009273014
2016-08-21 06:00:00,40.71245486301909
2016-08-21 07:00:00,41.01741313772398
2016-08-21 08:00:00,41.344017396338785
2016-08-21 09:00:00,41.69267020181462
2016-08-21 10:00:00,42.06377411710257
2016-08-21 11:00:00,40.73749924
2016-08-21 12:00:00,43.81349945
2016-08-21 13:00:00,45.79100037
2016-08-21 14:00:00,47.54899979
2016-08-21 15:00:00,44.03350067
2016-08-21 16:00:00,44.47249985
2016-08-21 17:00:00,44.47249985
2016-08-21 18:00:00,43.81349945
2016-08-21 19:00:00,42.93450165
2016-08-21 20:00:00,42.27500153
2016-08-21 21:00:00,41.83599854
2016-08-21 22:00:00,41.61600113
2016-08-21 23:00:00,41.39599991
2016-08-22 00:00:00,41.17649841
2016-08-22 01:00:00,40.95700073
2016-08-22 02:00:00,40.51800156
2016-08-22 03:00:00,40.29800034
2016-08-22 04:00:00,40.07799911
2016-08-22 05:00:00,39.63899994
2016-08-22 06:00:00,39.63899994
2016-08-22 07:00:00,39.63899994
2016-08-22 08:00:00,40.07799911
2016-08-22 09:00:00,41.39599991
2016-08-22 10:00:00,41.61600113
2016-08-22 11:00:00,42.27500153
2016-08-22 12:00:00,44.03300095
2016-08-22 13:00:00,45.79100037
2016-08-22 14:00:00,47.98799896
2016-08-22 15:00:00,48.86700058
2016-08-22 16:00:00,49.30699921
2016-08-22 17:00:00,48.4280014
2016-08-22 18:00:00,47.98799896
2016-08-22 19:00:00,47.10900116
2016-08-22 20:00:00,46.01050186
2016-08-22 21:00:00,45.13199997
2016-08-22 22:00:00,44.47299957
2016-08-22 23:00:00,43.81349945
2016-08-23 00:00:00,43.15399933
2016-08-23 01:00:00,42.49499893
2016-08-23 02:00:00,42.05550003
2016-08-23 03:00:00,41.83599854
2016-08-23 04:00:00,41.39599991
2016-08-23 05:00:00,40.73749924
2016-08-23 06:00:00,40.51800156
2016-08-23 07:00:00,40.07799911
2016-08-23 08:00:00,41.39599991
2016-08-23 09:00:00,42.49499893
2016-08-23 10:00:00,45.13199997
2016-08-23 11:00:00,48.20800018
2016-08-23 12:00:00,49.74599838
2016-08-23 13:00:00,49.9659996
2016-08-23 14:00:00,51.06399918
2016-08-23 15:00:00,53.04199982
2016-08-23 16:00:00,52.1629982
2016-08-23 17:00:00,50.8445015
2016-08-23 18:00:00,49.30699921
2016-08-23 19:00:00,47.54899979
2016-08-23 20:00:00,46.66999817
2016-08-23 21:00:00,45.57149887
2016-08-23 22:00:00,44.91199875
2016-08-23 23:00:00,44.25299835
2016-08-24 00:00:00,43.59400177
2016-08-24 01:00:00,43.15399933
2016-08-24 02:00:00,42.27500153
2016-08-24 03:00:00,41.61600113
2016-08-24 04:00:00,40.95700073
2016-08-24 05:00:00,40.51800156
2016-08-24 06:00:00,40.07799911
2016-08-24 07:00:00,40.07799911
2016-08-24 08:00:00,40.73749924
2016-08-24 09:00:00,42.27550125
2016-08-24 10:00:00,44.91249847
2016-08-24 11:00:00,47.98799896
2016-08-24 12:00:00,50.1855011
2016-08-24 13:00:00,51.94350052
2016-08-24 14:00:00,54.36050034
2016-08-24 15:00:00,55.67850113
2016-08-24 16:00:00,54.58050156
2016-08-24 17:00:00,51.7234993
2016-08-24 18:00:00,49.30699921
2016-08-24 19:00:00,47.54899979
2016-08-24 20:00:00,46.22999954
2016-08-24 21:00:00,44.91199875
2016-08-24 22:00:00,44.03300095
2016-08-24 23:00:00,43.37400055
2016-08-25 00:00:00,42.27500153
2016-08-25 01:00:00,41.39599991
2016-08-25 02:00:00,40.51800156
2016-08-25 03:00:00,40.07799911
2016-08-25 04:00:00,39.19900131
2016-08-25 05:00:00,38.31999969
2016-08-25 06:00:00,37.88100052
2016-08-25 07:00:00,37.88100052
2016-08-25 08:00:00,39.41899872
2016-08-25 09:00:00,41.39649963
2016-08-25 10:00:00,43.81349945
2016-08-25 11:00:00,47.32899857
2016-08-25 12:00:00,49.9659996
2016-08-25 13:00:00,51.7234993
2016-08-25 14:00:00,54.14099884
2016-08-25 15:00:00,55.67850113
2016-08-25 16:00:00,53.70100021
2016-08-25 17:00:00,51.7234993
2016-08-25 18:00:00,50.18600082
2016-08-25 19:00:00,48.4280014
2016-08-25 20:00:00,47.10900116
2016-08-25 21:00:00,45.79100037
2016-08-25 22:00:00,44.91199875
2016-08-25 23:00:00,44.47299957
2016-08-26 00:00:00,43.59400177
2016-08-26 01:00:00,42.93450165
2016-08-26 02:00:00,42.05550003
2016-08-26 03:00:00,41.39599991
2016-08-26 04:00:00,40.73749924
2016-08-26 05:00:00,40.51800156
2016-08-26 06:00:00,39.41899872
2016-08-26 07:00:00,38.97949982
2016-08-26 08:00:00,38.54000092
2016-08-26 09:00:00,38.7594986
2016-08-26 10:00:00,39.41899872
2016-08-26 11:00:00,41.39599991
2016-08-26 12:00:00,42.49499893
2016-08-26 13:00:00,39.85850143
2016-08-26 14:00:00,38.1004982
2016-08-26 15:00:00,37.6609993
2016-08-26 16:00:00,37.2215004
2016-08-26 17:00:00,37.2215004
2016-08-26 18:00:00,36.56200027
2016-08-26 19:00:00,36.453730349674814
2016-08-26 20:00:00,36.22547207197975
2016-08-26 21:00:00,36.03470632655616
2016-08-26 22:00:00,35.87967548087722
2016-08-26 23:00:00,35.75862190241609
2016-08-27 00:00:00,35.66978795864594
2016-08-27 01:00:00,35.61141601703995
2016-08-27 02:00:00,35.58174844507129
2016-08-27 03:00:00,35.57902761021313
2016-08-27 04:00:00,35.60149587993864
2016-08-27 05:00:00,35.64739562172099
2016-08-27 06:00:00,35.714969203033355
2016-08-27 07:00:00,35.8024589913489
2016-08-27 08:00:00,35.908107354140796
2016-08-27 09:00:00,36.03015665888223
2016-08-27 10:00:00,36.16684927304635
2016-08-27 11:00:00,36.31642756410635
2016-08-27 12:00:00,36.47713389953539
2016-08-27 13:00:00,36.64721064680663
2016-08-27 14:00:00,36.82490017339326
2016-08-27 15:00:00,37.00844484676844
2016-08-27 16:00:00,37.196087034405345
2016-08-27 17:00:00,37.386069103777146
2016-08-27 18:00:00,37.576633422357034
2016-08-27 19:00:00,37.766022357618155
2016-08-27 20:00:00,37.952478277033684
2016-08-27 21:00:00,38.134243548076796
2016-08-27 22:00:00,38.309560538220666
2016-08-27 23:00:00,38.47667161493845
2016-08-28 00:00:00,38.633819145703335
2016-08-28 01:00:00,38.77924549798848
2016-08-28 02:00:00,38.91119303926707
2016-08-28 03:00:00,39.02790413701227
2016-08-28 04:00:00,39.12762115869725
2016-08-28 05:00:00,39.20858647179521
2016-08-28 06:00:00,39.269042443779256
2016-08-28 07:00:00,39.307231442122585
2016-08-28 08:00:00,39.321395834298414
2016-08-28 09:00:00,39.309777987779874
2016-08-28 10:00:00,39.27062027004011
2016-08-28 11:00:00,39.202165048552345
2016-08-28 12:00:00,39.102654690789734
2016-08-28 13:00:00,38.97033156422547
2016-08-28 14:00:00,38.803438036332665
2016-08-28 15:00:00,38.600216474584556
2016-08-28 16:00:00,38.35890924645426
2016-08-28 17:00:00,38.077758719415
2016-08-28 18:00:00,37.75500726093989
2016-08-28 19:00:00,37.38889723850216
2016-08-28 20:00:00,36.97767101957489
2016-08-28 21:00:00,37.0019989
2016-08-28 22:00:00,36.1230011
2016-08-28 23:00:00,34.80500031
2016-08-29 00:00:00,33.92599869
2016-08-29 01:00:00,33.04700089
2016-08-29 02:00:00,32.16799927
2016-08-29 03:00:00,31.72900009
2016-08-29 04:00:00,30.85000038
2016-08-29 05:00:00,30.40999985
2016-08-29 06:00:00,29.75099945
2016-08-29 07:00:00,29.75099945
2016-08-29 08:00:00,31.94849968
2016-08-29 09:00:00,35.0245018
2016-08-29 10:00:00,38.97949982
2016-08-29 11:00:00,42.71500015
2016-08-29 12:00:00,44.69250107
2016-08-29 13:00:00,46.01050186
2016-08-29 14:00:00,47.98799896
2016-08-29 15:00:00,49.5265007
2016-08-29 16:00:00,47.54850006
2016-08-29 17:00:00,45.35200119
2016-08-29 18:00:00,42.93450165
2016-08-29 19:00:00,40.73749924
2016-08-29 20:00:00,38.75999832
2016-08-29 21:00:00,36.7820015
2016-08-29 22:00:00,35.4640007
2016-08-29 23:00:00,34.36500168
2016-08-30 00:00:00,33.26649857
2016-08-30 01:00:00,32.16799927
2016-08-30 02:00:00,31.72900009
2016-08-30 03:00:00,30.85000038
2016-08-30 04:00:00,29.97100067
2016-08-30 05:00:00,29.31150055
2016-08-30 06:00:00,28.87199974
2016-08-30 07:00:00,29.09199905
2016-08-30 08:00:00,31.50900078
2016-08-30 09:00:00,34.58499908
2016-08-30 10:00:00,38.54000092
2016-08-30 11:00:00,41.17699814
2016-08-30 12:00:00,43.15399933
2016-08-30 13:00:00,44.91199875
2016-08-30 14:00:00,47.32899857
2016-08-30 15:00:00,47.98799896
2016-08-30 16:00:00,45.57099915
2016-08-30 17:00:00,43.37400055
2016-08-30 18:00:00,41.83549881
2016-08-30 19:00:00,40.29800034
2016-08-30 20:00:00,38.31999969
2016-08-30 21:00:00,36.34249878
2016-08-30 22:00:00,35.24399948
2016-08-30 23:00:00,33.92599869
2016-08-31 00:00:00,33.48600006
2016-08-31 01:00:00,33.48600006
2016-08-31 02:00:00,33.48600006
2016-08-31 03:00:00,32.25304002804995
2016-08-31 04:00:00,31.583276512754356
2016-08-31 05:00:00,30.935370673346355
2016-08-31 06:00:00,30.30975338849106
2016-08-31 07:00:00,29.70685553685358
2016-08-31 08:00:00,29.12710799709902
2016-08-31 09:00:00,28.570941647892493
2016-08-31 10:00:00,28.038787367899104
2016-08-31 11:00:00,27.53107603578396
2016-08-31 12:00:00,27.048238530212174
2016-08-31 13:00:00,26.59070572984885
2016-08-31 14:00:00,26.1589085133591
2016-08-31 15:00:00,25.75327775940803
2016-08-31 16:00:00,25.374244346660745
2016-08-31 17:00:00,25.022239153782355
2016-08-31 18:00:00,24.69769305943797
2016-08-31 19:00:00,24.401036942292702
2016-08-31 20:00:00,24.132701681011657
2016-08-31 21:00:00,23.893118154259934
2016-08-31 22:00:00,23.682717240702658
2016-08-31 23:00:00,23.50192981900493
2016-09-01 00:00:00,23.35118676783186
2016-09-01 01:00:00,23.230918965848538
2016-09-01 02:00:00,23.141557291720105
2016-09-01 03:00:00,23.08353262411164
2016-09-01 04:00:00,23.05727584168827
2016-09-01 05:00:00,23.063217823115092
2016-09-01 06:00:00,23.10178944705723
2016-09-01 07:00:00,23.17342159217976
2016-09-01 08:00:00,23.27854513714783
2016-09-01 09:00:00,23.41759096062652
2016-09-01 10:00:00,23.590989941280956
2016-09-01 11:00:00,23.799172957776236
2016-09-01 12:00:00,24.04257088877746
2016-09-01 13:00:00,24.321614612949737
2016-09-01 14:00:00,24.636735008958194
2016-09-01 15:00:00,24.988362955467913
2016-09-01 16:00:00,25.376929331144034
2016-09-01 17:00:00,25.80286501465165
2016-09-01 18:00:00,26.266600884655894
2016-09-01 19:00:00,26.768567819821847
2016-09-01 20:00:00,27.309196698814617
2016-09-01 21:00:00,27.888918400299325
2016-09-01 22:00:00,28.508163802941056
2016-09-01 23:00:00,29.167363785404934
2016-09-02 00:00:00,29.866949226356095
2016-09-02 01:00:00,30.607351004459595
2016-09-02 02:00:00,31.388999998380562
2016-09-02 03:00:00,32.212327086784114
2016-09-02 04:00:00,33.07776314833538
2016-09-02 05:00:00,34.80500031
2016-09-02 06:00:00,34.58499908
2016-09-02 07:00:00,34.36500168
2016-09-02 08:00:00,35.24449921
2016-09-02 09:00:00,36.7820015
2016-09-02 10:00:00,39.85850143
2016-09-02 11:00:00,43.37400055
2016-09-02 12:00:00,46.01050186
2016-09-02 13:00:00,48.20800018
2016-09-02 14:00:00,48.42750168
2016-09-02 15:00:00,49.30699921
2016-09-02 16:00:00,49.30649948
2016-09-02 17:00:00,47.54899979
2016-09-02 18:00:00,45.57149887
2016-09-02 19:00:00,43.81349945
2016-09-02 20:00:00,41.83599854
2016-09-02 21:00:00,40.29800034
2016-09-02 22:00:00,39.19900131
2016-09-02 23:00:00,38.31999969
2016-09-03 00:00:00,37.44100189
2016-09-03 01:00:00,36.56200027
2016-09-03 02:00:00,35.68399811
2016-09-03 03:00:00,35.24399948
2016-09-03 04:00:00,35.0245018
2016-09-03 05:00:00,34.36500168
2016-09-03 06:00:00,33.92599869
2016-09-03 07:00:00,33.92599869
2016-09-03 08:00:00,33.25779720717901
2016-09-03 09:00:00,32.860490039604564
2016-09-03 10:00:00,32.48832040544907
2016-09-03 11:00:00,32.14111885659367
2016-09-03 12:00:00,31.818715944919486
2016-09-03 13:00:00,31.520942222307646
2016-09-03 14:00:00,31.247628240639276
2016-09-03 15:00:00,30.998604551795506
2016-09-03 16:00:00,30.773701707657462
2016-09-03 17:00:00,30.572750260106275
2016-09-03 18:00:00,30.395580761023073
2016-09-03 19:00:00,30.24202376228898
2016-09-03 20:00:00,30.111909815785125
2016-09-03 21:00:00,30.005069473392638
2016-09-03 22:00:00,29.921333286992645
2016-09-03 23:00:00,29.86053180846628
2016-09-04 00:00:00,29.82249558969466
2016-09-04 01:00:00,29.807055182558923
2016-09-04 02:00:00,29.814041138940198
2016-09-04 03:00:00,29.843284010719604
2016-09-04 04:00:00,29.894614349778266
2016-09-04 05:00:00,29.967862707997323
2016-09-04 06:00:00,30.062859637257894
2016-09-04 07:00:00,30.17943568944112
2016-09-04 08:00:00,30.317421416428118
2016-09-04 09:00:00,30.47664737010002
2016-09-04 10:00:00,30.656944102337945
2016-09-04 11:00:00,30.85814216502304
2016-09-04 12:00:00,31.08007211003642
2016-09-04 13:00:00,31.322564489259193
2016-09-04 14:00:00,31.58544985457253
2016-09-04 15:00:00,31.86855875785755
2016-09-04 16:00:00,32.17172175099536
2016-09-04 17:00:00,32.4947693858671
2016-09-04 18:00:00,32.8375322143539
2016-09-04 19:00:00,33.19984078833685
2016-09-04 20:00:00,33.58152565969712
2016-09-04 21:00:00,33.98241738031584
2016-09-04 22:00:00,34.40234650207413
2016-09-04 23:00:00,34.841143576853085
2016-09-05 00:00:00,35.298639156533866
2016-09-05 01:00:00,35.774663792997615
2016-09-05 02:00:00,36.269048038125455
2016-09-05 03:00:00,36.78162244379847
2016-09-05 04:00:00,37.312217561897825
2016-09-05 05:00:00,37.86066394430465
2016-09-05 06:00:00,38.42679214290007
2016-09-05 07:00:00,39.01043270956518
2016-09-05 08:00:00,39.61141619618117
2016-09-05 09:00:00,40.229573154629094
2016-09-05 10:00:00,39.19900131
2016-09-05 11:00:00,42.27550125
2016-09-05 12:00:00,44.91199875
2016-09-05 13:00:00,45.13199997
2016-09-05 14:00:00,44.91249847
2016-09-05 15:00:00,45.57149887
2016-09-05 16:00:00,44.03300095
2016-09-05 17:00:00,44.03300095
2016-09-05 18:00:00,43.37400055
2016-09-05 19:00:00,42.27500153
2016-09-05 20:00:00,41.39599991
2016-09-05 21:00:00,40.07799911
2016-09-05 22:00:00,39.63899994
2016-09-05 23:00:00,38.75999832
2016-09-06 00:00:00,38.31999969
2016-09-06 01:00:00,38.31999969
2016-09-06 02:00:00,37.88100052
2016-09-06 03:00:00,37.2215004
2016-09-06 04:00:00,36.7820015
2016-09-06 05:00:00,35.9034996
2016-09-06 06:00:00,34.58499908
2016-09-06 07:00:00,33.48600006
2016-09-06 08:00:00,32.38800049
2016-09-06 09:00:00,31.72850037
2016-09-06 10:00:00,31.72850037
2016-09-06 11:00:00,31.94849968
2016-09-06 12:00:00,33.26649857
2016-09-06 13:00:00,33.70600128
2016-09-06 14:00:00,32.60749817
2016-09-06 15:00:00,31.72900009
2016-09-06 16:00:00,31.28899956
2016-09-06 17:00:00,31.28899956
2016-09-06 18:00:00,30.85000038
2016-09-06 19:00:00,29.97100067
2016-09-06 20:00:00,29.75099945
2016-09-06 21:00:00,29.53100014
2016-09-06 22:00:00,29.35176641509846
2016-09-06 23:00:00,29.161053090069483
2016-09-07 00:00:00,29.000215825372194
2016-09-07 01:00:00,28.868124855731214
2016-09-07 02:00:00,28.763650415871158
2016-09-07 03:00:00,28.685662740516644
2016-09-07 04:00:00,28.63303206439229
2016-09-07 05:00:00,28.60462862222271
2016-09-07 06:00:00,28.599322648732528
2016-09-07 07:00:00,28.61598437864636
2016-09-07 08:00:00,28.65348404668882
2016-09-07 09:00:00,28.710691887584534
2016-09-07 10:00:00,28.786478136058115
2016-09-07 11:00:00,28.87971302683418
2016-09-07 12:00:00,28.989266794637352
2016-09-07 13:00:00,29.114009674192246
2016-09-07 14:00:00,29.252811900223477
2016-09-07 15:00:00,29.404543707455666
2016-09-07 16:00:00,29.568075330613436
2016-09-07 17:00:00,29.7422770044214
2016-09-07 18:00:00,29.92601896360417
2016-09-07 19:00:00,30.11817144288638
2016-09-07 20:00:00,30.317604676992637
2016-09-07 21:00:00,30.52318890064757
2016-09-07 22:00:00,30.733794348575774
2016-09-07 23:00:00,30.948291255501886
2016-09-08 00:00:00,31.16554985615052
2016-09-08 01:00:00,31.3844403852463
2016-09-08 02:00:00,31.60383307751383
2016-09-08 03:00:00,31.822598167677743
2016-09-08 04:00:00,32.039605890462646
2016-09-08 05:00:00,32.25372648059316
2016-09-08 06:00:00,32.463830172793905
2016-09-08 07:00:00,32.668787201789485
2016-09-08 08:00:00,32.867467802304546
2016-09-08 09:00:00,33.05874220906368
2016-09-08 10:00:00,33.2414806567915
2016-09-08 11:00:00,33.41455338021266
2016-09-08 12:00:00,33.576830614051744
2016-09-08 13:00:00,33.727182593033376
2016-09-08 14:00:00,33.864479551882205
2016-09-08 15:00:00,33.98759172532283
2016-09-08 16:00:00,34.09538934807985
2016-09-08 17:00:00,34.18674265487789
2016-09-08 18:00:00,34.26052188044159
2016-09-08 19:00:00,34.31559725949555
2016-09-08 20:00:00,34.350839026764405
2016-09-08 21:00:00,34.365117416972716
2016-09-08 22:00:00,34.357302664845164
2016-09-08 23:00:00,34.32626500510634
2016-09-09 00:00:00,34.80500031
2016-09-09 01:00:00,34.36500168
2016-09-09 02:00:00,33.48600006
2016-09-09 03:00:00,32.82699966
2016-09-09 04:00:00,32.16799927
2016-09-09 05:00:00,31.72900009
2016-09-09 06:00:00,31.28899956
2016-09-09 07:00:00,31.28899956
2016-09-09 08:00:00,33.04700089
2016-09-09 09:00:00,35.4640007
2016-09-09 10:00:00,38.97949982
2016-09-09 11:00:00,41.61600113
2016-09-09 12:00:00,44.25299835
2016-09-09 13:00:00,45.57099915
2016-09-09 14:00:00,46.66949844
2016-09-09 15:00:00,46.88949966
2016-09-09 16:00:00,45.13199997
2016-09-09 17:00:00,43.15449905
2016-09-09 18:00:00,42.27500153
2016-09-09 19:00:00,40.95700073
2016-09-09 20:00:00,40.07799911
2016-09-09 21:00:00,39.63899994
2016-09-09 22:00:00,39.19900131
2016-09-09 23:00:00,38.75999832
2016-09-10 00:00:00,37.6609993
2016-09-10 01:00:00,37.44150162
2016-09-10 02:00:00,36.7820015
2016-09-10 03:00:00,36.56200027
2016-09-10 04:00:00,36.34249878
2016-09-10 05:00:00,35.68399811
2016-09-10 06:00:00,35.24399948
2016-09-10 07:00:00,35.0245018
2016-09-10 08:00:00,34.80450058
2016-09-10 09:00:00,34.80450058
2016-09-10 10:00:00,36.34249878
2016-09-10 11:00:00,37.44100189
2016-09-10 12:00:00,38.97949982
2016-09-10 13:00:00,41.39599991
2016-09-10 14:00:00,43.59400177
2016-09-10 15:00:00,45.57149887
2016-09-10 16:00:00,44.69250107
2016-09-10 17:00:00,42.27550125
2016-09-10 18:00:00,39.41899872
2016-09-10 19:00:00,37.88050079
2016-09-10 20:00:00,37.2215004
2016-09-10 21:00:00,36.5625
2016-09-10 22:00:00,36.34249878
2016-09-10 23:00:00,36.34249878
2016-09-11 00:00:00,36.34249878
2016-09-11 01:00:00,36.1230011
2016-09-11 02:00:00,35.9034996
2016-09-11 03:00:00,35.4640007
2016-09-11 04:00:00,35.24399948
2016-09-11 05:00:00,35.0245018
2016-09-11 06:00:00,34.58499908
2016-09-11 07:00:00,34.58499908
2016-09-11 08:00:00,34.36500168
2016-09-11 09:00:00,34.58499908
2016-09-11 10:00:00,34.80500031
2016-09-11 11:00:00,35.0245018
2016-09-11 12:00:00,35.4640007
2016-09-11 13:00:00,35.68349838
2016-09-11 14:00:00,35.68349838
2016-09-11 15:00:00,36.34249878
2016-09-11 16:00:00,35.9034996
2016-09-11 17:00:00,34.3655014
2016-09-11 18:00:00,33.70600128
2016-09-11 19:00:00,32.60699844
2016-09-11 20:00:00,31.94849968
2016-09-11 21:00:00,31.06949997
2016-09-11 22:00:00,31.06949997
2016-09-11 23:00:00,31.06949997
2016-09-12 00:00:00,30.622693760948387
2016-09-12 01:00:00,30.371740458164012
2016-09-12 02:00:00,30.156703129218894
2016-09-12 03:00:00,29.976180656173874
2016-09-12 04:00:00,29.8287719210898
2016-09-12 05:00:00,29.713075806027515
2016-09-12 06:00:00,29.627691193047863
2016-09-12 07:00:00,29.571216964211693
2016-09-12 08:00:00,29.54225200157985
2016-09-12 09:00:00,29.539395187213177
2016-09-12 10:00:00,29.561245403172517
2016-09-12 11:00:00,29.60640153151872
2016-09-12 12:00:00,29.67346245431262
2016-09-12 13:00:00,29.761027053615074
2016-09-12 14:00:00,29.867694211486924
2016-09-12 15:00:00,29.99206280998901
2016-09-12 16:00:00,30.132731731182183
2016-09-12 17:00:00,30.288299857127285
2016-09-12 18:00:00,30.457366069885154
2016-09-12 19:00:00,30.638529251516655
2016-09-12 20:00:00,30.830388284082616
2016-09-12 21:00:00,31.03154204964389
2016-09-12 22:00:00,31.24058943026131
2016-09-12 23:00:00,31.456129307995745
2016-09-13 00:00:00,31.67676056490802
2016-09-13 01:00:00,31.90108208305898
2016-09-13 02:00:00,32.12769274450948
2016-09-13 03:00:00,32.355191431320364
2016-09-13 04:00:00,32.58217702555246
2016-09-13 05:00:00,32.80724840926664
2016-09-13 06:00:00,33.02900446452372
2016-09-13 07:00:00,33.246044073384574
2016-09-13 08:00:00,33.456966117910035
2016-09-13 09:00:00,33.66036948016094
2016-09-13 10:00:00,33.85485304219815
2016-09-13 11:00:00,34.039015686082486
2016-09-13 12:00:00,34.21145629387479
2016-09-13 13:00:00,34.37077374763595
2016-09-13 14:00:00,34.51556692942679
2016-09-13 15:00:00,34.64443472130812
2016-09-13 16:00:00,34.755976005340834
2016-09-13 17:00:00,34.84878966358576
2016-09-13 18:00:00,34.92147457810377
2016-09-13 19:00:00,34.97262963095564
2016-09-13 20:00:00,35.00085370420228
2016-09-13 21:00:00,35.004745679904495
2016-09-13 22:00:00,34.982904440123164
2016-09-13 23:00:00,34.93392886691909
2016-09-14 00:00:00,34.85641784235316
2016-09-14 01:00:00,34.74897024848616
2016-09-14 02:00:00,35.24399948
2016-09-14 03:00:00,34.36500168
2016-09-14 04:00:00,33.48600006
2016-09-14 05:00:00,32.60699844
2016-09-14 06:00:00,32.16799927
2016-09-14 07:00:00,31.94849968
2016-09-14 08:00:00,32.60699844
2016-09-14 09:00:00,34.36500168
2016-09-14 10:00:00,34.80500031
2016-09-14 11:00:00,35.4640007
2016-09-14 12:00:00,36.56200027
2016-09-14 13:00:00,35.90299988
2016-09-14 14:00:00,35.9034996
2016-09-14 15:00:00,34.58499908
2016-09-14 16:00:00,34.36500168
2016-09-14 17:00:00,33.70600128
2016-09-14 18:00:00,33.04700089
2016-09-14 19:00:00,32.38750076
2016-09-14 20:00:00,32.16799927
2016-09-14 21:00:00,31.94849968
2016-09-14 22:00:00,31.94849968
2016-09-14 23:00:00,31.94849968
2016-09-15 00:00:00,31.72900009
2016-09-15 01:00:00,31.72900009
2016-09-15 02:00:00,31.50900078
2016-09-15 03:00:00,30.62999916
2016-09-15 04:00:00,29.09149933
2016-09-15 05:00:00,29.09149933
2016-09-15 06:00:00,29.53100014
2016-09-15 07:00:00,29.75099945
2016-09-15 08:00:00,30.19050026
2016-09-15 09:00:00,28.65200043
2016-09-15 10:00:00,27.55349922
2016-09-15 11:00:00,27.11450005
2016-09-15 12:00:00,27.11450005
2016-09-15 13:00:00,27.77300072
2016-09-15 14:00:00,27.99300003
2016-09-15 15:00:00,27.99300003
2016-09-15 16:00:00,27.99300003
2016-09-15 17:00:00,27.77350044
2016-09-15 18:00:00,27.77350044
2016-09-15 19:00:00,27.77350044
2016-09-15 20:00:00,27.33399963
2016-09-15 21:00:00,27.11450005
2016-09-15 22:00:00,26.89450073
2016-09-15 23:00:00,26.67499924
2016-09-16 00:00:00,26.67499924
2016-09-16 01:00:00,26.67499924
2016-09-16 02:00:00,25.57649994
2016-09-16 03:00:00,25.35650063
2016-09-16 04:00:00,24.91699982
2016-09-16 05:00:00,24.91699982
2016-09-16 06:00:00,24.381501182070455
2016-09-16 07:00:00,23.98461508361252
2016-09-16 08:00:00,23.5780611151402
2016-09-16 09:00:00,23.163799087096223
2016-09-16 10:00:00,22.743788809923313
2016-09-16 11:00:00,22.3199900940642
2016-09-16 12:00:00,21.89436274996161
2016-09-16 13:00:00,21.468866588058273
2016-09-16 14:00:00,21.045461418796915
2016-09-16 15:00:00,20.626107052620263
2016-09-16 16:00:00,20.212763299971044
2016-09-16 17:00:00,19.807389971291986
2016-09-16 18:00:00,19.41194687702582
2016-09-16 19:00:00,19.028393827615268
2016-09-16 20:00:00,18.658690633503056
2016-09-16 21:00:00,18.304797105131918
2016-09-16 22:00:00,17.96867305294458
2016-09-16 23:00:00,17.65227828738377
2016-09-17 00:00:00,17.357572618892213
2016-09-17 01:00:00,17.086515857912634
2016-09-17 02:00:00,16.841067814887765
2016-09-17 03:00:00,16.62318830026034
2016-09-17 04:00:00,16.434837124473063
2016-09-17 05:00:00,16.277974097968677
2016-09-17 06:00:00,16.15455903118991
2016-09-17 07:00:00,16.06655173457949
2016-09-17 08:00:00,16.015912018580142
2016-09-17 09:00:00,16.0045996936346
2016-09-17 10:00:00,16.034574570185576
2016-09-17 11:00:00,16.107796458675814
2016-09-17 12:00:00,16.226225169548037
2016-09-17 13:00:00,16.391820513244966
2016-09-17 14:00:00,16.60654230020933
2016-09-17 15:00:00,16.872350340883845
2016-09-17 16:00:00,17.191204445711232
2016-09-17 17:00:00,17.565064425134267
2016-09-17 18:00:00,17.995890089595648
2016-09-17 19:00:00,18.48564124953809
2016-09-17 20:00:00,19.036277715404335
2016-09-17 21:00:00,19.649759297637157
2016-09-17 22:00:00,20.328045806679217
2016-09-17 23:00:00,21.073097052973253
2016-09-18 00:00:00,21.88687284696199
2016-09-18 01:00:00,22.771332999088173
2016-09-18 02:00:00,23.728437319794505
2016-09-18 03:00:00,24.76014561952378
2016-09-18 04:00:00,25.868417708718624
2016-09-18 05:00:00,27.05521339782184
2016-09-18 06:00:00,28.32249249727612
2016-09-18 07:00:00,29.67221481752427
2016-09-18 08:00:00,29.97100067
2016-09-18 09:00:00,32.16799927
2016-09-18 10:00:00,35.68349838
2016-09-18 11:00:00,38.75999832
2016-09-18 12:00:00,41.17699814
2016-09-18 13:00:00,42.93450165
2016-09-18 14:00:00,44.69250107
2016-09-18 15:00:00,45.79100037
2016-09-18 16:00:00,44.03350067
2016-09-18 17:00:00,41.61600113
2016-09-18 18:00:00,38.97949982
2016-09-18 19:00:00,37.0019989
2016-09-18 20:00:00,35.68399811
2016-09-18 21:00:00,34.80500031
2016-09-18 22:00:00,33.92599869
2016-09-18 23:00:00,33.04700089
2016-09-19 00:00:00,32.16799927
2016-09-19 01:00:00,31.28899956
2016-09-19 02:00:00,30.40999985
2016-09-19 03:00:00,29.53100014
2016-09-19 04:00:00,28.65200043
2016-09-19 05:00:00,28.43250084
2016-09-19 06:00:00,28.21299934
2016-09-19 07:00:00,28.21299934
2016-09-19 08:00:00,29.31150055
2016-09-19 09:00:00,30.85000038
2016-09-19 10:00:00,33.92549896
2016-09-19 11:00:00,37.2215004
2016-09-19 12:00:00,38.97949982
2016-09-19 13:00:00,39.41899872
2016-09-19 14:00:00,40.51800156
2016-09-19 15:00:00,41.39599991
2016-09-19 16:00:00,40.51750183
2016-09-19 17:00:00,38.31999969
2016-09-19 18:00:00,36.1230011
2016-09-19 19:00:00,34.58499908
2016-09-19 20:00:00,33.48600006
2016-09-19 21:00:00,32.60699844
2016-09-19 22:00:00,31.72900009
2016-09-19 23:00:00,30.85000038
2016-09-20 00:00:00,29.75099945
2016-09-20 01:00:00,28.65200043
2016-09-20 02:00:00,27.77300072
2016-09-20 03:00:00,27.33399963
2016-09-20 04:00:00,26.23550034
2016-09-20 05:00:00,25.79599953
2016-09-20 06:00:00,25.35650063
2016-09-20 07:00:00,25.13699913
2016-09-20 08:00:00,27.33399963
2016-09-20 09:00:00,29.53100014
2016-09-20 10:00:00,33.70600128
2016-09-20 11:00:00,37.0019989
2016-09-20 12:00:00,39.63850021
2016-09-20 13:00:00,40.73749924
2016-09-20 14:00:00,41.83599854
2016-09-20 15:00:00,42.93450165
2016-09-20 16:00:00,41.17699814
2016-09-20 17:00:00,38.97949982
2016-09-20 18:00:00,36.34249878
2016-09-20 19:00:00,33.92599869
2016-09-20 20:00:00,32.16799927
2016-09-20 21:00:00,31.28899956
2016-09-20 22:00:00,30.62999916
2016-09-20 23:00:00,29.97100067
2016-09-21 00:00:00,29.53100014
2016-09-21 01:00:00,28.87199974
2016-09-21 02:00:00,28.21299934
2016-09-21 03:00:00,27.77300072
2016-09-21 04:00:00,27.55349922
2016-09-21 05:00:00,27.55349922
2016-09-21 06:00:00,27.33399963
2016-09-21 07:00:00,27.11450005
2016-09-21 08:00:00,27.55349922
2016-09-21 09:00:00,28.87199974
2016-09-21 10:00:00,30.62999916
2016-09-21 11:00:00,33.92549896
2016-09-21 12:00:00,35.68349838
2016-09-21 13:00:00,36.34249878
2016-09-21 14:00:00,36.1230011
2016-09-21 15:00:00,35.24399948
2016-09-21 16:00:00,34.36500168
2016-09-21 17:00:00,33.26649857
2016-09-21 18:00:00,32.60699844
2016-09-21 19:00:00,31.72900009
2016-09-21 20:00:00,31.06949997
2016-09-21 21:00:00,30.40999985
2016-09-21 22:00:00,29.97100067
2016-09-21 23:00:00,29.53100014
2016-09-22 00:00:00,28.87199974
2016-09-22 01:00:00,28.21299934
2016-09-22 02:00:00,27.77300072
2016-09-22 03:00:00,27.11450005
2016-09-22 04:00:00,26.67499924
2016-09-22 05:00:00,26.05356810455351
2016-09-22 06:00:00,25.488956480896714
2016-09-22 07:00:00,24.92864832484385
2016-09-22 08:00:00,24.374032743536684
2016-09-22 09:00:00,23.826498844117005
2016-09-22 10:00:00,23.287435733726586
2016-09-22 11:00:00,22.758232519507207
2016-09-22 12:00:00,22.240278308600644
2016-09-22 13:00:00,21.734962208148676
2016-09-22 14:00:00,21.243673325293084
2016-09-22 15:00:00,20.767800767175643
2016-09-22 16:00:00,20.308733640938133
2016-09-22 17:00:00,19.867861053722333
2016-09-22 18:00:00,19.44657211267002
2016-09-22 19:00:00,19.046255924922967
2016-09-22 20:00:00,18.66830159762296
2016-09-22 21:00:00,18.31409823791178
2016-09-22 22:00:00,17.985034952931198
2016-09-22 23:00:00,17.682500849822993
2016-09-23 00:00:00,17.40788503572895
2016-09-23 01:00:00,17.162576617790837
2016-09-23 02:00:00,16.947964703150443
2016-09-23 03:00:00,16.765438398949527
2016-09-23 04:00:00,16.61638681232989
2016-09-23 05:00:00,16.50219905043329
2016-09-23 06:00:00,16.424264220401525
2016-09-23 07:00:00,16.38397142937636
2016-09-23 08:00:00,16.38270978449959
2016-09-23 09:00:00,16.421868392912966
2016-09-23 10:00:00,16.50283636175829
2016-09-23 11:00:00,16.62700279817733
2016-09-23 12:00:00,16.795756809311868
2016-09-23 13:00:00,17.010487502303675
2016-09-23 14:00:00,17.272583984294517
2016-09-23 15:00:00,17.58343536242618
2016-09-23 16:00:00,17.94443074384047
2016-09-23 17:00:00,18.356959235679142
2016-09-23 18:00:00,18.82240994508398
2016-09-23 19:00:00,19.342171979196756
2016-09-23 20:00:00,19.917634445159294
2016-09-23 21:00:00,20.55018645011332
2016-09-23 22:00:00,21.241217101200615
2016-09-23 23:00:00,21.992115505562964
2016-09-24 00:00:00,22.804270770342143
2016-09-24 01:00:00,23.67907200267993
2016-09-24 02:00:00,24.617908309718153
2016-09-24 03:00:00,25.6221687985985
2016-09-24 04:00:00,26.693242576462808
2016-09-24 05:00:00,27.832518750452838
2016-09-24 06:00:00,29.041386427710425
2016-09-24 07:00:00,29.97100067
2016-09-24 08:00:00,31.28899956
2016-09-24 09:00:00,33.04700089
2016-09-24 10:00:00,35.4640007
2016-09-24 11:00:00,38.54000092
2016-09-24 12:00:00,40.95700073
2016-09-24 13:00:00,42.49499893
2016-09-24 14:00:00,43.81349945
2016-09-24 15:00:00,43.81349945
2016-09-24 16:00:00,42.71500015
2016-09-24 17:00:00,40.95700073
2016-09-24 18:00:00,39.63899994
2016-09-24 19:00:00,38.31999969
2016-09-24 20:00:00,37.44100189
2016-09-24 21:00:00,36.56200027
2016-09-24 22:00:00,36.34249878
2016-09-24 23:00:00,35.9034996
2016-09-25 00:00:00,35.68399811
2016-09-25 01:00:00,34.80500031
2016-09-25 02:00:00,34.14550018
2016-09-25 03:00:00,33.92599869
2016-09-25 04:00:00,33.48600006
2016-09-25 05:00:00,33.04700089
2016-09-25 06:00:00,32.60699844
2016-09-25 07:00:00,32.38750076
2016-09-25 08:00:00,32.60699844
2016-09-25 09:00:00,34.36500168
2016-09-25 10:00:00,36.56200027
2016-09-25 11:00:00,39.41899872
2016-09-25 12:00:00,41.83599854
2016-09-25 13:00:00,44.25299835
2016-09-25 14:00:00,44.91249847
2016-09-25 15:00:00,45.35150146
2016-09-25 16:00:00,43.59349823
2016-09-25 17:00:00,41.83549881
2016-09-25 18:00:00,40.29800034
2016-09-25 19:00:00,38.97949982
2016-09-25 20:00:00,37.88100052
2016-09-25 21:00:00,37.2215004
2016-09-25 22:00:00,36.56200027
2016-09-25 23:00:00,35.9034996
2016-09-26 00:00:00,35.24399948
2016-09-26 01:00:00,34.80500031
2016-09-26 02:00:00,34.36500168
2016-09-26 03:00:00,33.92599869
2016-09-26 04:00:00,33.48600006
2016-09-26 05:00:00,33.04700089
2016-09-26 06:00:00,32.60699844
2016-09-26 07:00:00,32.60699844
2016-09-26 08:00:00,33.26649857
2016-09-26 09:00:00,34.14550018
2016-09-26 10:00:00,37.6609993
2016-09-26 11:00:00,40.73699951
2016-09-26 12:00:00,43.37400055
2016-09-26 13:00:00,44.91199875
2016-09-26 14:00:00,46.45000076
2016-09-26 15:00:00,46.88949966
2016-09-26 16:00:00,44.91199875
2016-09-26 17:00:00,42.71450043
2016-09-26 18:00:00,40.29800034
2016-09-26 19:00:00,38.54000092
2016-09-26 20:00:00,37.2215004
2016-09-26 21:00:00,36.34249878
2016-09-26 22:00:00,35.9034996
2016-09-26 23:00:00,35.68399811
2016-09-27 00:00:00,35.4640007
2016-09-27 01:00:00,35.24399948
2016-09-27 02:00:00,34.80500031
2016-09-27 03:00:00,34.14550018
2016-09-27 04:00:00,33.48600006
2016-09-27 05:00:00,33.04700089
2016-09-27 06:00:00,32.60699844
2016-09-27 07:00:00,32.60699844
2016-09-27 08:00:00,33.48600006
2016-09-27 09:00:00,35.4640007
2016-09-27 10:00:00,37.6609993
2016-09-27 11:00:00,39.63850021
2016-09-27 12:00:00,41.61650085
2016-09-27 13:00:00,44.03350067
2016-09-27 14:00:00,44.91199875
2016-09-27 15:00:00,46.23049927
2016-09-27 16:00:00,45.35150146
2016-09-27 17:00:00,43.81349945
2016-09-27 18:00:00,42.27500153
2016-09-27 19:00:00,41.17649841
2016-09-27 20:00:00,39.85850143
2016-09-27 21:00:00,38.97949982
2016-09-27 22:00:00,38.1004982
2016-09-27 23:00:00,37.6609993
2016-09-28 00:00:00,37.0019989
2016-09-28 01:00:00,36.7820015
2016-09-28 02:00:00,35.9034996
2016-09-28 03:00:00,34.58499908
2016-09-28 04:00:00,34.36500168
2016-09-28 05:00:00,33.70600128
2016-09-28 06:00:00,33.26649857
2016-09-28 07:00:00,33.04700089
2016-09-28 08:00:00,32.82699966
2016-09-28 09:00:00,31.94849968
2016-09-28 10:00:00,31.50900078
2016-09-28 11:00:00,29.09199905
2016-09-28 12:00:00,27.77300072
2016-09-28 13:00:00,27.33399963
2016-09-28 14:00:00,27.55349922
2016-09-28 15:00:00,27.55349922
2016-09-28 16:00:00,27.55349922
2016-09-28 17:00:00,27.33399963
2016-09-28 18:00:00,26.67499924
2016-09-28 19:00:00,25.13699913
2016-09-28 20:00:00,24.6970005
2016-09-28 21:00:00,24.25799942
2016-09-28 22:00:00,24.25799942
2016-09-28 23:00:00,24.25799942
2016-09-29 00:00:00,23.81800079
2016-09-29 01:00:00,22.93899918
2016-09-29 02:00:00,22.06100082
2016-09-29 03:00:00,21.62100029
2016-09-29 04:00:00,21.62100029
2016-09-29 05:00:00,21.4015007
2016-09-29 06:00:00,20.96199989
2016-09-29 07:00:00,20.74200058
2016-09-29 08:00:00,20.52249908
2016-09-29 09:00:00,20.52249908
2016-09-29 10:00:00,20.96199989
2016-09-29 11:00:00,21.4015007
2016-09-29 12:00:00,21.4015007
2016-09-29 13:00:00,22.28050041
2016-09-29 14:00:00,22.28050041
2016-09-29 15:00:00,22.28050041
2016-09-29 16:00:00,22.28050041
2016-09-29 17:00:00,22.71949959
2016-09-29 18:00:00,22.71949959
2016-09-29 19:00:00,22.5
2016-09-29 20:00:00,22.5
2016-09-29 21:00:00,22.5
2016-09-29 22:00:00,22.28050041
2016-09-29 23:00:00,22.28050041
2016-09-30 00:00:00,22.06100082
2016-09-30 01:00:00,21.8409996
2016-09-30 02:00:00,21.8409996
2016-09-30 03:00:00,21.8409996
2016-09-30 04:00:00,21.4015007
2016-09-30 05:00:00,20.96199989
2016-09-30 06:00:00,20.52249908
2016-09-30 07:00:00,20.52249908
2016-09-30 08:00:00,21.18149948
2016-09-30 09:00:00,21.18149948
2016-09-30 10:00:00,21.62150002
2016-09-30 11:00:00,22.28050041
2016-09-30 12:00:00,22.71949959
2016-09-30 13:00:00,23.1590004
2016-09-30 14:00:00,23.5984993
2016-09-30 15:00:00,24.47750092
2016-09-30 16:00:00,25.13699913
2016-09-30 17:00:00,25.1364994
2016-09-30 18:00:00,25.1364994
2016-09-30 19:00:00,24.91699982
2016-09-30 20:00:00,25.1364994
2016-09-30 21:00:00,25.35650063
2016-09-30 22:00:00,25.13699913
2016-09-30 23:00:00,25.35650063
2016-10-01 00:00:00,25.79599953
2016-10-01 01:00:00,25.79599953
2016-10-01 02:00:00,25.79599953
2016-10-01 03:00:00,26.23550034
2016-10-01 04:00:00,26.23550034
2016-10-01 05:00:00,26.23550034
2016-10-01 06:00:00,25.79599953
2016-10-01 07:00:00,25.13699913
2016-10-01 08:00:00,24.91699982
2016-10-01 09:00:00,25.13699913
2016-10-01 10:00:00,25.79599953
2016-10-01 11:00:00,26.45499992
2016-10-01 12:00:00,27.33399963
2016-10-01 13:00:00,28.87199974
2016-10-01 14:00:00,31.28899956
2016-10-01 15:00:00,32.60699844
2016-10-01 16:00:00,32.38750076
2016-10-01 17:00:00,32.60699844
2016-10-01 18:00:00,32.38750076
2016-10-01 19:00:00,31.94849968
2016-10-01 20:00:00,31.28899956
2016-10-01 21:00:00,31.28899956
2016-10-01 22:00:00,30.85000038
2016-10-01 23:00:00,30.62999916
2016-10-02 00:00:00,30.40999985
2016-10-02 01:00:00,30.40999985
2016-10-02 02:00:00,29.97100067
2016-10-02 03:00:00,29.75099945
2016-10-02 04:00:00,29.75099945
2016-10-02 05:00:00,29.75099945
2016-10-02 06:00:00,29.75099945
2016-10-02 07:00:00,29.75099945
2016-10-02 08:00:00,29.75099945
2016-10-02 09:00:00,30.40999985
2016-10-02 10:00:00,31.06949997
2016-10-02 11:00:00,30.19050026
2016-10-02 12:00:00,29.53100014
2016-10-02 13:00:00,30.19050026
2016-10-02 14:00:00,30.40999985
2016-10-02 15:00:00,30.85000038
2016-10-02 16:00:00,30.62999916
2016-10-02 17:00:00,29.09149933
2016-10-02 18:00:00,27.77300072
2016-10-02 19:00:00,27.55349922
2016-10-02 20:00:00,27.77300072
2016-10-02 21:00:00,27.99300003
2016-10-02 22:00:00,28.21249962
2016-10-02 23:00:00,28.43250084
2016-10-03 00:00:00,28.43250084
2016-10-03 01:00:00,28.65200043
2016-10-03 02:00:00,28.65200043
2016-10-03 03:00:00,28.65200043
2016-10-03 04:00:00,28.65250015
2016-10-03 05:00:00,28.65250015
2016-10-03 06:00:00,28.87199974
2016-10-03 07:00:00,29.09199905
2016-10-03 08:00:00,29.53100014
2016-10-03 09:00:00,29.75099945
2016-10-03 10:00:00,29.97100067
2016-10-03 11:00:00,32.16799927
2016-10-03 12:00:00,35.9034996
2016-10-03 13:00:00,38.1004982
2016-10-03 14:00:00,40.73749924
2016-10-03 15:00:00,41.61600113
2016-10-03 16:00:00,40.73699951
2016-10-03 17:00:00,39.41899872
2016-10-03 18:00:00,37.0019989
2016-10-03 19:00:00,34.36500168
2016-10-03 20:00:00,32.60699844
2016-10-03 21:00:00,31.72900009
2016-10-03 22:00:00,30.85000038
2016-10-03 23:00:00,30.40999985
2016-10-04 00:00:00,29.53100014
2016-10-04 01:00:00,29.09199905
2016-10-04 02:00:00,29.09199905
2016-10-04 03:00:00,28.65200043
2016-10-04 04:00:00,28.21299934
2016-10-04 05:00:00,27.77300072
2016-10-04 06:00:00,27.77300072
2016-10-04 07:00:00,27.55349922
2016-10-04 08:00:00,28.65200043
2016-10-04 09:00:00,30.40999985
2016-10-04 10:00:00,32.38750076
2016-10-04 11:00:00,33.48600006
2016-10-04 12:00:00,34.14550018
2016-10-04 13:00:00,34.36500168
2016-10-04 14:00:00,34.36500168
2016-10-04 15:00:00,34.36500168
2016-10-04 16:00:00,33.70600128
2016-10-04 17:00:00,33.04700089
2016-10-04 18:00:00,32.16799927
2016-10-04 19:00:00,31.72900009
2016-10-04 20:00:00,31.50900078
2016-10-04 21:00:00,31.06949997
2016-10-04 22:00:00,30.62999916
2016-10-04 23:00:00,30.40999985
2016-10-05 00:00:00,30.40999985
2016-10-05 01:00:00,30.40999985
2016-10-05 02:00:00,30.19050026
2016-10-05 03:00:00,30.19050026
2016-10-05 04:00:00,29.97100067
2016-10-05 05:00:00,29.75099945
2016-10-05 06:00:00,29.53100014
2016-10-05 07:00:00,29.53100014
2016-10-05 08:00:00,30.40999985
2016-10-05 09:00:00,32.60699844
2016-10-05 10:00:00,36.34249878
2016-10-05 11:00:00,38.54000092
2016-10-05 12:00:00,37.44150162
2016-10-05 13:00:00,37.00149918
2016-10-05 14:00:00,37.2215004
2016-10-05 15:00:00,38.1004982
2016-10-05 16:00:00,38.1004982
2016-10-05 17:00:00,37.44100189
2016-10-05 18:00:00,36.1230011
2016-10-05 19:00:00,34.80500031
2016-10-05 20:00:00,33.48600006
2016-10-05 21:00:00,32.60699844
2016-10-05 22:00:00,32.16799927
2016-10-05 23:00:00,31.72900009
2016-10-06 00:00:00,31.72900009
2016-10-06 01:00:00,31.28899956
2016-10-06 02:00:00,30.85000038
2016-10-06 03:00:00,30.40999985
2016-10-06 04:00:00,29.97100067
2016-10-06 05:00:00,29.31150055
2016-10-06 06:00:00,28.87199974
2016-10-06 07:00:00,28.87199974
2016-10-06 08:00:00,29.31150055
2016-10-06 09:00:00,29.97050095
2016-10-06 10:00:00,31.06949997
2016-10-06 11:00:00,32.16799927
2016-10-06 12:00:00,33.04650116
2016-10-06 13:00:00,33.48649979
2016-10-06 14:00:00,33.48649979
2016-10-06 15:00:00,33.70600128
2016-10-06 16:00:00,33.70600128
2016-10-06 17:00:00,32.38750076
2016-10-06 18:00:00,31.06949997
2016-10-06 19:00:00,30.19050026
2016-10-06 20:00:00,29.75099945
2016-10-06 21:00:00,29.31150055
2016-10-06 22:00:00,29.31150055
2016-10-06 23:00:00,29.09199905
2016-10-07 00:00:00,28.65200043
2016-10-07 01:00:00,28.21299934
2016-10-07 02:00:00,25.57649994
2016-10-07 03:00:00,24.91699982
2016-10-07 04:00:00,25.13699913
2016-10-07 05:00:00,25.57600021
2016-10-07 06:00:00,25.79599953
2016-10-07 07:00:00,26.23550034
2016-10-07 08:00:00,26.67499924
2016-10-07 09:00:00,26.67499924
2016-10-07 10:00:00,26.01549911
2016-10-07 11:00:00,25.35650063
2016-10-07 12:00:00,23.81850052
2016-10-07 13:00:00,23.37849998
2016-10-07 14:00:00,23.37849998
2016-10-07 15:00:00,23.81850052
2016-10-07 16:00:00,24.47750092
2016-10-07 17:00:00,24.47750092
2016-10-07 18:00:00,24.47750092
2016-10-07 19:00:00,24.47750092
2016-10-07 20:00:00,24.47750092
2016-10-07 21:00:00,24.47750092
2016-10-07 22:00:00,25.13699913
2016-10-07 23:00:00,25.57600021
2016-10-08 00:00:00,26.01600075
2016-10-08 01:00:00,26.23550034
2016-10-08 02:00:00,26.45499992
2016-10-08 03:00:00,26.45499992
2016-10-08 04:00:00,26.45499992
2016-10-08 05:00:00,26.45499992
2016-10-08 06:00:00,26.01600075
2016-10-08 07:00:00,25.79599953
2016-10-08 08:00:00,26.23550034
2016-10-08 09:00:00,28.21299934
2016-10-08 10:00:00,31.06949997
2016-10-08 11:00:00,33.04650116
2016-10-08 12:00:00,31.28899956
2016-10-08 13:00:00,32.82699966
2016-10-08 14:00:00,34.80500031
2016-10-08 15:00:00,35.24399948
2016-10-08 16:00:00,34.3655014
2016-10-08 17:00:00,33.04700089
2016-10-08 18:00:00,31.28899956
2016-10-08 19:00:00,29.53100014
2016-10-08 20:00:00,28.21299934
2016-10-08 21:00:00,27.33399963
2016-10-08 22:00:00,26.89500046
2016-10-08 23:00:00,26.45499992
2016-10-09 00:00:00,25.57600021
2016-10-09 01:00:00,24.47750092
2016-10-09 02:00:00,23.5984993
2016-10-09 03:00:00,23.1590004
2016-10-09 04:00:00,23.1590004
2016-10-09 05:00:00,22.93899918
2016-10-09 06:00:00,22.28050041
2016-10-09 07:00:00,21.4015007
2016-10-09 08:00:00,22.5
2016-10-09 09:00:00,25.13699913
2016-10-09 10:00:00,27.55349922
2016-10-09 11:00:00,29.31150055
2016-10-09 12:00:00,30.41049957
2016-10-09 13:00:00,31.94799995
2016-10-09 14:00:00,32.60749817
2016-10-09 15:00:00,31.72850037
2016-10-09 16:00:00,30.41049957
2016-10-09 17:00:00,29.53149986
2016-10-09 18:00:00,28.43250084
2016-10-09 19:00:00,26.89500046
2016-10-09 20:00:00,26.01600075
2016-10-09 21:00:00,25.57600021
2016-10-09 22:00:00,24.91699982
2016-10-09 23:00:00,24.47750092
2016-10-10 00:00:00,24.47750092
2016-10-10 01:00:00,24.03800011
2016-10-10 02:00:00,23.5984993
2016-10-10 03:00:00,23.37899971
2016-10-10 04:00:00,22.93899918
2016-10-10 05:00:00,22.06100082
2016-10-10 06:00:00,21.62100029
2016-10-10 07:00:00,21.8409996
2016-10-10 08:00:00,23.1590004
2016-10-10 09:00:00,25.57600021
2016-10-10 10:00:00,28.65200043
2016-10-10 11:00:00,29.53100014
2016-10-10 12:00:00,30.62999916
2016-10-10 13:00:00,30.41049957
2016-10-10 14:00:00,31.94849968
2016-10-10 15:00:00,33.48649979
2016-10-10 16:00:00,32.16799927
2016-10-10 17:00:00,31.06949997
2016-10-10 18:00:00,29.75099945
2016-10-10 19:00:00,29.09199905
2016-10-10 20:00:00,28.65200043
2016-10-10 21:00:00,27.99300003
2016-10-10 22:00:00,27.55349922
2016-10-10 23:00:00,27.11450005
2016-10-11 00:00:00,26.67499924
2016-10-11 01:00:00,26.67499924
2016-10-11 02:00:00,26.23550034
2016-10-11 03:00:00,26.23550034
2016-10-11 04:00:00,26.23550034
2016-10-11 05:00:00,25.79599953
2016-10-11 06:00:00,25.57600021
2016-10-11 07:00:00,25.35650063
2016-10-11 08:00:00,25.79599953
2016-10-11 09:00:00,26.23550034
2016-10-11 10:00:00,27.11450005
2016-10-11 11:00:00,27.77350044
2016-10-11 12:00:00,28.21249962
2016-10-11 13:00:00,28.43250084
2016-10-11 14:00:00,28.43250084
2016-10-11 15:00:00,28.43250084
2016-10-11 16:00:00,28.21299934
2016-10-11 17:00:00,27.77300072
2016-10-11 18:00:00,27.77300072
2016-10-11 19:00:00,27.33399963
2016-10-11 20:00:00,27.33399963
2016-10-11 21:00:00,26.89500046
2016-10-11 22:00:00,26.45499992
2016-10-11 23:00:00,26.45499992
2016-10-12 00:00:00,25.35650063
2016-10-12 01:00:00,23.1590004
2016-10-12 02:00:00,22.71949959
2016-10-12 03:00:00,22.93899918
2016-10-12 04:00:00,22.71949959
2016-10-12 05:00:00,22.5
2016-10-12 06:00:00,21.8409996
2016-10-12 07:00:00,22.06100082
2016-10-12 08:00:00,22.71949959
2016-10-12 09:00:00,23.5984993
2016-10-12 10:00:00,25.13699913
2016-10-12 11:00:00,25.57600021
2016-10-12 12:00:00,26.01600075
2016-10-12 13:00:00,27.11450005
2016-10-12 14:00:00,27.99300003
2016-10-12 15:00:00,28.43250084
2016-10-12 16:00:00,28.43250084
2016-10-12 17:00:00,28.43250084
2016-10-12 18:00:00,27.99300003
2016-10-12 19:00:00,27.55349922
2016-10-12 20:00:00,27.11450005
2016-10-12 21:00:00,26.89500046
2016-10-12 22:00:00,26.67499924
2016-10-12 23:00:00,26.45499992
2016-10-13 00:00:00,26.45499992
2016-10-13 01:00:00,26.23550034
2016-10-13 02:00:00,26.23550034
2016-10-13 03:00:00,26.23550034
2016-10-13 04:00:00,26.23550034
2016-10-13 05:00:00,25.57600021
2016-10-13 06:00:00,25.57600021
2016-10-13 07:00:00,25.57600021
2016-10-13 08:00:00,25.35650063
2016-10-13 09:00:00,26.01600075
2016-10-13 10:00:00,26.23550034
2016-10-13 11:00:00,26.67499924
2016-10-13 12:00:00,27.11450005
2016-10-13 13:00:00,27.33399963
2016-10-13 14:00:00,27.33399963
2016-10-13 15:00:00,27.33399963
2016-10-13 16:00:00,27.11450005
2016-10-13 17:00:00,27.11450005
2016-10-13 18:00:00,26.89500046
2016-10-13 19:00:00,26.67499924
2016-10-13 20:00:00,25.57600021
2016-10-13 21:00:00,24.25799942
2016-10-13 22:00:00,24.25799942
2016-10-13 23:00:00,24.47750092
2016-10-14 00:00:00,24.47750092
2016-10-14 01:00:00,24.47750092
2016-10-14 02:00:00,24.47750092
2016-10-14 03:00:00,24.25799942
2016-10-14 04:00:00,22.71949959
2016-10-14 05:00:00,22.28050041
2016-10-14 06:00:00,22.06100082
2016-10-14 07:00:00,21.8409996
2016-10-14 08:00:00,22.71949959
2016-10-14 09:00:00,22.93899918
2016-10-14 10:00:00,23.37899971
2016-10-14 11:00:00,23.81800079
2016-10-14 12:00:00,23.5984993
2016-10-14 13:00:00,23.81800079
2016-10-14 14:00:00,24.47750092
2016-10-14 15:00:00,24.25799942
2016-10-14 16:00:00,24.47750092
2016-10-14 17:00:00,25.35650063
2016-10-14 18:00:00,25.79599953
2016-10-14 19:00:00,26.23550034
2016-10-14 20:00:00,26.23550034
2016-10-14 21:00:00,26.23550034
2016-10-14 22:00:00,26.01600075
2016-10-14 23:00:00,25.57600021
2016-10-15 00:00:00,25.57600021
2016-10-15 01:00:00,25.686775841763044
2016-10-15 02:00:00,25.661020180040715
2016-10-15 03:00:00,25.63093895294769
2016-10-15 04:00:00,25.59689672587262
2016-10-15 05:00:00,25.559258064204162
2016-10-15 06:00:00,25.518387533330962
2016-10-15 07:00:00,25.47464969864168
2016-10-15 08:00:00,25.428409125524972
2016-10-15 09:00:00,25.38003037936949
2016-10-15 10:00:00,25.329878025563886
2016-10-15 11:00:00,25.278316629496818
2016-10-15 12:00:00,25.22571075655694
2016-10-15 13:00:00,25.172424972132905
2016-10-15 14:00:00,25.118823841613366
2016-10-15 15:00:00,25.06527193038698
2016-10-15 16:00:00,25.0121338038424
2016-10-15 17:00:00,24.95977402736828
2016-10-15 18:00:00,24.908557166353273
2016-10-15 19:00:00,24.858847786186036
2016-10-15 20:00:00,24.81101045225522
2016-10-15 21:00:00,24.765409729949482
2016-10-15 22:00:00,24.722410184657477
2016-10-15 23:00:00,24.682376381767856
2016-10-16 00:00:00,24.645672886669274
2016-10-16 01:00:00,24.612664264750386
2016-10-16 02:00:00,24.58371508139985
2016-10-16 03:00:00,24.55918990200631
2016-10-16 04:00:00,24.53945329195843
2016-10-16 05:00:00,24.524869816644863
2016-10-16 06:00:00,24.51580404145426
2016-10-16 07:00:00,24.512620531775276
2016-10-16 08:00:00,24.515683852996567
2016-10-16 09:00:00,24.525358570506782
2016-10-16 10:00:00,24.54200924969458
2016-10-16 11:00:00,24.56600045594861
2016-10-16 12:00:00,24.597696754657537
2016-10-16 13:00:00,24.63746271121001
2016-10-16 14:00:00,24.685662890994678
2016-10-16 15:00:00,24.742661859400197
2016-10-16 16:00:00,24.808824181815233
2016-10-16 17:00:00,24.884514423628428
2016-10-16 18:00:00,24.970097150228437
2016-10-16 19:00:00,25.065936927003914
2016-10-16 20:00:00,25.172398319343518
2016-10-16 21:00:00,25.2898458926359
2016-10-16 22:00:00,25.41864421226972
2016-10-16 23:00:00,25.559157843633617
2016-10-17 00:00:00,25.711751352116263
2016-10-17 01:00:00,25.8767893031063
2016-10-17 02:00:00,26.0546362619924
2016-10-17 03:00:00,26.89500046
2016-10-17 04:00:00,26.23550034
2016-10-17 05:00:00,25.79599953
2016-10-17 06:00:00,25.79599953
2016-10-17 07:00:00,25.79599953
2016-10-17 08:00:00,26.23550034
2016-10-17 09:00:00,28.43250084
2016-10-17 10:00:00,29.31150055
2016-10-17 11:00:00,30.19050026
2016-10-17 12:00:00,31.94799995
2016-10-17 13:00:00,35.68349838
2016-10-17 14:00:00,36.5625
2016-10-17 15:00:00,35.24449921
2016-10-17 16:00:00,33.70600128
2016-10-17 17:00:00,32.38750076
2016-10-17 18:00:00,31.50900078
2016-10-17 19:00:00,30.85000038
2016-10-17 20:00:00,29.97100067
2016-10-17 21:00:00,29.53100014
2016-10-17 22:00:00,29.09199905
2016-10-17 23:00:00,28.87199974
2016-10-18 00:00:00,28.65200043
2016-10-18 01:00:00,28.65200043
2016-10-18 02:00:00,27.99300003
2016-10-18 03:00:00,27.99300003
2016-10-18 04:00:00,27.99300003
2016-10-18 05:00:00,27.77300072
2016-10-18 06:00:00,27.77300072
2016-10-18 07:00:00,27.55349922
2016-10-18 08:00:00,27.55349922
2016-10-18 09:00:00,28.43250084
2016-10-18 10:00:00,29.31150055
2016-10-18 11:00:00,30.84950066
2016-10-18 12:00:00,32.60749817
2016-10-18 13:00:00,33.70600128
2016-10-18 14:00:00,33.26649857
2016-10-18 15:00:00,33.26649857
2016-10-18 16:00:00,33.04650116
2016-10-18 17:00:00,32.60699844
2016-10-18 18:00:00,32.16799927
2016-10-18 19:00:00,31.94849968
2016-10-18 20:00:00,31.50900078
2016-10-18 21:00:00,31.06949997
2016-10-18 22:00:00,30.85000038
2016-10-18 23:00:00,30.62999916
2016-10-19 00:00:00,30.40999985
2016-10-19 01:00:00,30.40999985
2016-10-19 02:00:00,29.75099945
2016-10-19 03:00:00,29.53100014
2016-10-19 04:00:00,29.31150055
2016-10-19 05:00:00,29.31150055
2016-10-19 06:00:00,29.09199905
2016-10-19 07:00:00,28.87199974
2016-10-19 08:00:00,29.31150055
2016-10-19 09:00:00,29.75099945
2016-10-19 10:00:00,30.62999916
2016-10-19 11:00:00,31.06949997
2016-10-19 12:00:00,31.50900078
2016-10-19 13:00:00,31.50900078
2016-10-19 14:00:00,31.50900078
2016-10-19 15:00:00,31.50900078
2016-10-19 16:00:00,31.28899956
2016-10-19 17:00:00,31.06949997
2016-10-19 18:00:00,30.62999916
2016-10-19 19:00:00,30.40999985
2016-10-19 20:00:00,30.19050026
2016-10-19 21:00:00,29.97100067
2016-10-19 22:00:00,29.97100067
2016-10-19 23:00:00,29.97100067
2016-10-20 00:00:00,29.75099945
2016-10-20 01:00:00,29.75099945
2016-10-20 02:00:00,29.31150055
2016-10-20 03:00:00,28.43250084
2016-10-20 04:00:00,27.11450005
2016-10-20 05:00:00,26.45549965
2016-10-20 06:00:00,25.79599953
2016-10-20 07:00:00,25.79599953
2016-10-20 08:00:00,26.45499992
2016-10-20 09:00:00,27.33399963
2016-10-20 10:00:00,28.21299934
2016-10-20 11:00:00,27.55349922
2016-10-20 12:00:00,27.33399963
2016-10-20 13:00:00,26.89500046
2016-10-20 14:00:00,26.67499924
2016-10-20 15:00:00,26.45549965
2016-10-20 16:00:00,25.79599953
2016-10-20 17:00:00,25.57649994
2016-10-20 18:00:00,25.35650063
2016-10-20 19:00:00,25.1364994
2016-10-20 20:00:00,25.57649994
2016-10-20 21:00:00,26.23550034
2016-10-20 22:00:00,27.33399963
2016-10-20 23:00:00,27.77300072
2016-10-21 00:00:00,27.99300003
2016-10-21 01:00:00,28.21299934
2016-10-21 02:00:00,27.99300003
2016-10-21 03:00:00,26.67499924
2016-10-21 04:00:00,26.67499924
2016-10-21 05:00:00,26.23550034
2016-10-21 06:00:00,26.45499992
2016-10-21 07:00:00,26.67499924
2016-10-21 08:00:00,27.11450005
2016-10-21 09:00:00,27.55349922
2016-10-21 10:00:00,27.99300003
2016-10-21 11:00:00,26.67499924
2016-10-21 12:00:00,26.45549965
2016-10-21 13:00:00,26.67499924
2016-10-21 14:00:00,27.77300072
2016-10-21 15:00:00,28.65200043
2016-10-21 16:00:00,28.65200043
2016-10-21 17:00:00,27.77350044
2016-10-21 18:00:00,28.43250084
2016-10-21 19:00:00,29.31150055
2016-10-21 20:00:00,29.75099945
2016-10-21 21:00:00,28.43250084
2016-10-21 22:00:00,28.43250084
2016-10-21 23:00:00,28.43250084
2016-10-22 00:00:00,27.77300072
2016-10-22 01:00:00,27.33399963
2016-10-22 02:00:00,26.89500046
2016-10-22 03:00:00,26.67499924
2016-10-22 04:00:00,26.67499924
2016-10-22 05:00:00,26.45549965
2016-10-22 06:00:00,26.67499924
2016-10-22 07:00:00,26.45499992
2016-10-22 08:00:00,26.23550034
2016-10-22 09:00:00,26.01549911
2016-10-22 10:00:00,25.79599953
2016-10-22 11:00:00,25.79599953
2016-10-22 12:00:00,24.91699982
2016-10-22 13:00:00,24.91699982
2016-10-22 14:00:00,24.25749969
2016-10-22 15:00:00,23.81850052
2016-10-22 16:00:00,24.03800011
2016-10-22 17:00:00,24.25799942
2016-10-22 18:00:00,25.13699913
2016-10-22 19:00:00,26.01600075
2016-10-22 20:00:00,26.67499924
2016-10-22 21:00:00,26.67499924
2016-10-22 22:00:00,26.67499924
2016-10-22 23:00:00,25.35650063
2016-10-23 00:00:00,25.35650063
2016-10-23 01:00:00,25.79599953
2016-10-23 02:00:00,25.79599953
2016-10-23 03:00:00,25.35650063
2016-10-23 04:00:00,24.91699982
2016-10-23 05:00:00,24.47750092
2016-10-23 06:00:00,24.25799942
2016-10-23 07:00:00,24.25799942
2016-10-23 08:00:00,24.25799942
2016-10-23 09:00:00,24.25799942
2016-10-23 10:00:00,24.47750092
2016-10-23 11:00:00,25.13699913
2016-10-23 12:00:00,25.57600021
2016-10-23 13:00:00,25.13699913
2016-10-23 14:00:00,26.01600075
2016-10-23 15:00:00,26.23550034
2016-10-23 16:00:00,25.79599953
2016-10-23 17:00:00,25.13699913
2016-10-23 18:00:00,24.91699982
2016-10-23 19:00:00,24.6970005
2016-10-23 20:00:00,24.25799942
2016-10-23 21:00:00,24.25799942
2016-10-23 22:00:00,24.03800011
2016-10-23 23:00:00,23.81800079
2016-10-24 00:00:00,23.81800079
2016-10-24 01:00:00,23.81800079
2016-10-24 02:00:00,23.81800079
2016-10-24 03:00:00,24.25799942
2016-10-24 04:00:00,24.47750092
2016-10-24 05:00:00,24.47750092
2016-10-24 06:00:00,24.91699982
2016-10-24 07:00:00,24.91699982
2016-10-24 08:00:00,25.35650063
2016-10-24 09:00:00,25.79599953
2016-10-24 10:00:00,26.67499924
2016-10-24 11:00:00,27.11450005
2016-10-24 12:00:00,28.43250084
2016-10-24 13:00:00,29.09199905
2016-10-24 14:00:00,30.19050026
2016-10-24 15:00:00,30.40999985
2016-10-24 16:00:00,29.75099945
2016-10-24 17:00:00,29.09149933
2016-10-24 18:00:00,28.43250084
2016-10-24 19:00:00,27.99300003
2016-10-24 20:00:00,27.55349922
2016-10-24 21:00:00,27.33399963
2016-10-24 22:00:00,26.89500046
2016-10-24 23:00:00,26.67499924
2016-10-25 00:00:00,26.39859345470049
2016-10-25 01:00:00,26.10713341693083
2016-10-25 02:00:00,25.818091616653955
2016-10-25 03:00:00,25.531687271731027
2016-10-25 04:00:00,25.2481396000232
2016-10-25 05:00:00,24.96766781939164
2016-10-25 06:00:00,24.6904911476975
2016-10-25 07:00:00,24.416828802801938
2016-10-25 08:00:00,24.146900002566113
2016-10-25 09:00:00,23.88092396485119
2016-10-25 10:00:00,23.619119907518318
2016-10-25 11:00:00,23.361707048428663
2016-10-25 12:00:00,23.108904605443378
2016-10-25 13:00:00,22.86093179642363
2016-10-25 14:00:00,22.618007839230568
2016-10-25 15:00:00,22.380351951725356
2016-10-25 16:00:00,22.148183351769152
2016-10-25 17:00:00,21.921721257223115
2016-10-25 18:00:00,21.7011848859484
2016-10-25 19:00:00,21.486793455806172
2016-10-25 20:00:00,21.278766184657584
2016-10-25 21:00:00,21.0773222903638
2016-10-25 22:00:00,20.88268099078597
2016-10-25 23:00:00,20.69506150378526
2016-10-26 00:00:00,20.514683047222828
2016-10-26 01:00:00,20.341764838959833
2016-10-26 02:00:00,20.17652609685743
2016-10-26 03:00:00,20.01918603877678
2016-10-26 04:00:00,19.86996388257904
2016-10-26 05:00:00,19.729078846125372
2016-10-26 06:00:00,19.596750147276932
2016-10-26 07:00:00,19.47319700389488
2016-10-26 08:00:00,19.358638633840375
2016-10-26 09:00:00,19.25329425497457
2016-10-26 10:00:00,19.157383085158628
2016-10-26 11:00:00,19.07112434225371
2016-10-26 12:00:00,18.994737244120973
2016-10-26 13:00:00,18.928441008621576
2016-10-26 14:00:00,18.872454853616674
2016-10-26 15:00:00,18.826997996967435
2016-10-26 16:00:00,18.79228965653501
2016-10-26 17:00:00,18.76854905018056
2016-10-26 18:00:00,18.755995395765243
2016-10-26 19:00:00,18.754847911150215
2016-10-26 20:00:00,18.765325814196633
2016-10-26 21:00:00,18.78764832276567
2016-10-26 22:00:00,18.822034654718465
2016-10-26 23:00:00,18.868704027916188
2016-10-27 00:00:00,18.927875660219996
2016-10-27 01:00:00,18.999768769491055
2016-10-27 02:00:00,19.20400047
2016-10-27 03:00:00,18.76449966
2016-10-27 04:00:00,19.20400047
2016-10-27 05:00:00,19.86300087
2016-10-27 06:00:00,20.08300018
2016-10-27 07:00:00,20.3029995
2016-10-27 08:00:00,20.52249908
2016-10-27 09:00:00,19.42350006
2016-10-27 10:00:00,18.98450089
2016-10-27 11:00:00,18.98450089
2016-10-27 12:00:00,19.42350006
2016-10-27 13:00:00,19.64349937
2016-10-27 14:00:00,20.30249977
2016-10-27 15:00:00,21.4015007
2016-10-27 16:00:00,22.28050041
2016-10-27 17:00:00,22.93899918
2016-10-27 18:00:00,23.81800079
2016-10-27 19:00:00,24.03800011
2016-10-27 20:00:00,24.25799942
2016-10-27 21:00:00,24.47750092
2016-10-27 22:00:00,24.69750023
2016-10-27 23:00:00,24.91699982
2016-10-28 00:00:00,25.1364994
2016-10-28 01:00:00,25.1364994
2016-10-28 02:00:00,24.25749969
2016-10-28 03:00:00,23.37849998
2016-10-28 04:00:00,23.37849998
2016-10-28 05:00:00,22.28000069
2016-10-28 06:00:00,21.8409996
2016-10-28 07:00:00,21.62100029
2016-10-28 08:00:00,21.18199921
2016-10-28 09:00:00,20.74200058
2016-10-28 10:00:00,19.86300087
2016-10-28 11:00:00,19.64349937
2016-10-28 12:00:00,18.98399925
2016-10-28 13:00:00,18.76449966
2016-10-28 14:00:00,18.54500008
2016-10-28 15:00:00,18.32500076
2016-10-28 16:00:00,18.32500076
2016-10-28 17:00:00,18.98399925
2016-10-28 18:00:00,19.42399979
2016-10-28 19:00:00,19.86300087
2016-10-28 20:00:00,19.86300087
2016-10-28 21:00:00,19.42399979
2016-10-28 22:00:00,18.54500008
2016-10-28 23:00:00,18.10499954
2016-10-29 00:00:00,17.66600037
2016-10-29 01:00:00,17.66600037
2016-10-29 02:00:00,17.22699928
2016-10-29 03:00:00,16.78700066
2016-10-29 04:00:00,16.56749916
2016-10-29 05:00:00,15.90799999
2016-10-29 06:00:00,15.2489996
2016-10-29 07:00:00,15.02900028
2016-10-29 08:00:00,14.80949974
2016-10-29 09:00:00,14.59000015
2016-10-29 10:00:00,15.02950001
2016-10-29 11:00:00,15.6885004
2016-10-29 12:00:00,16.78700066
2016-10-29 13:00:00,17.66600037
2016-10-29 14:00:00,18.10499954
2016-10-29 15:00:00,17.66600037
2016-10-29 16:00:00,17.22699928
2016-10-29 17:00:00,17.22699928
2016-10-29 18:00:00,17.22699928
2016-10-29 19:00:00,17.44650078
2016-10-29 20:00:00,17.66600037
2016-10-29 21:00:00,17.66600037
2016-10-29 22:00:00,17.66600037
2016-10-29 23:00:00,17.66600037
2016-10-30 00:00:00,17.44650078
2016-10-30 01:00:00,17.44650078
2016-10-30 02:00:00,17.22699928
2016-10-30 03:00:00,17.00699997
2016-10-30 04:00:00,16.78700066
2016-10-30 05:00:00,16.56749916
2016-10-30 06:00:00,16.34799957
2016-10-30 07:00:00,16.12800026
2016-10-30 08:00:00,16.34799957
2016-10-30 09:00:00,18.10499954
2016-10-30 10:00:00,20.74200058
2016-10-30 11:00:00,22.5
2016-10-30 12:00:00,24.47750092
2016-10-30 13:00:00,26.23550034
2016-10-30 14:00:00,26.23550034
2016-10-30 15:00:00,26.45499992
2016-10-30 16:00:00,25.57600021
2016-10-30 17:00:00,24.47750092
2016-10-30 18:00:00,24.03800011
2016-10-30 19:00:00,22.5
2016-10-30 20:00:00,21.4015007
2016-10-30 21:00:00,20.52249908
2016-10-30 22:00:00,20.08300018
2016-10-30 23:00:00,20.08300018
2016-10-31 00:00:00,19.64349937
2016-10-31 01:00:00,19.64349937
2016-10-31 02:00:00,19.64349937
2016-10-31 03:00:00,19.64349937
2016-10-31 04:00:00,19.64349937
2016-10-31 05:00:00,19.64349937
2016-10-31 06:00:00,19.64349937
2016-10-31 07:00:00,19.64349937
2016-10-31 08:00:00,19.64349937
2016-10-31 09:00:00,19.64349937
2016-10-31 10:00:00,19.64349937
2016-10-31 11:00:00,19.64349937
2016-10-31 12:00:00,19.64349937
2016-10-31 13:00:00,19.64349937
2016-10-31 14:00:00,19.64349937
2016-10-31 15:00:00,19.64349937
2016-10-31 16:00:00,19.64349937
2016-10-31 17:00:00,19.64349937
2016-10-31 18:00:00,19.64349937
2016-10-31 19:00:00,19.64349937
2016-10-31 20:00:00,19.64349937
2016-10-31 21:00:00,19.64349937
2016-10-31 22:00:00,19.64349937
2016-10-31 23:00:00,19.64349937
2016-11-01 00:00:00,18.10499954
2016-11-01 01:00:00,18.10499954
2016-11-01 02:00:00,17.66600037
2016-11-01 03:00:00,17.22699928
2016-11-01 04:00:00,17.00699997
2016-11-01 05:00:00,16.78700066
2016-11-01 06:00:00,16.34799957
2016-11-01 07:00:00,16.12800026
2016-11-01 08:00:00,16.34799957
2016-11-01 09:00:00,17.00699997
2016-11-01 10:00:00,17.44650078
2016-11-01 11:00:00,17.88549995
2016-11-01 12:00:00,18.54450035
2016-11-01 13:00:00,19.64349937
2016-11-01 14:00:00,21.18199921
2016-11-01 15:00:00,22.5
2016-11-01 16:00:00,23.37899971
2016-11-01 17:00:00,22.28050041
2016-11-01 18:00:00,20.3029995
2016-11-01 19:00:00,18.10499954
2016-11-01 20:00:00,17.00699997
2016-11-01 21:00:00,17.00699997
2016-11-01 22:00:00,17.00699997
2016-11-01 23:00:00,17.00699997
2016-11-02 00:00:00,16.78700066
2016-11-02 01:00:00,16.78700066
2016-11-02 02:00:00,16.78700066
2016-11-02 03:00:00,16.56749916
2016-11-02 04:00:00,16.56749916
2016-11-02 05:00:00,16.56749916
2016-11-02 06:00:00,16.34749985
2016-11-02 07:00:00,16.12800026
2016-11-02 08:00:00,16.12800026
2016-11-02 09:00:00,16.56749916
2016-11-02 10:00:00,19.64349937
2016-11-02 11:00:00,23.81850052
2016-11-02 12:00:00,26.23550034
2016-11-02 13:00:00,28.87199974
2016-11-02 14:00:00,30.62999916
2016-11-02 15:00:00,30.40999985
2016-11-02 16:00:00,28.43300056
2016-11-02 17:00:00,25.7954998
2016-11-02 18:00:00,23.15950012
2016-11-02 19:00:00,20.08300018
2016-11-02 20:00:00,18.10549927
2016-11-02 21:00:00,16.78700066
2016-11-02 22:00:00,16.12800026
2016-11-02 23:00:00,15.46850014
2016-11-03 00:00:00,15.02950001
2016-11-03 01:00:00,14.59000015
2016-11-03 02:00:00,13.71100044
2016-11-03 03:00:00,13.27149963
2016-11-03 04:00:00,13.27149963
2016-11-03 05:00:00,12.83199978
2016-11-03 06:00:00,12.39249992
2016-11-03 07:00:00,12.39249992
2016-11-03 08:00:00,13.27149963
2016-11-03 09:00:00,16.34799957
2016-11-03 10:00:00,20.30249977
2016-11-03 11:00:00,24.91699982
2016-11-03 12:00:00,27.11400032
2016-11-03 13:00:00,29.09199905
2016-11-03 14:00:00,30.19050026
2016-11-03 15:00:00,30.40999985
2016-11-03 16:00:00,29.09149933
2016-11-03 17:00:00,27.11450005
2016-11-03 18:00:00,24.69750023
2016-11-03 19:00:00,22.06049919
2016-11-03 20:00:00,19.42399979
2016-11-03 21:00:00,17.44650078
2016-11-03 22:00:00,16.34749985
2016-11-03 23:00:00,15.90849972
2016-11-04 00:00:00,15.46850014
2016-11-04 01:00:00,15.46850014
2016-11-04 02:00:00,15.46850014
2016-11-04 03:00:00,15.2489996
2016-11-04 04:00:00,14.80949974
2016-11-04 05:00:00,14.59000015
2016-11-04 06:00:00,14.59000015
2016-11-04 07:00:00,14.37049961
2016-11-04 08:00:00,15.46850014
2016-11-04 09:00:00,18.32550049
2016-11-04 10:00:00,21.4015007
2016-11-04 11:00:00,25.35650063
2016-11-04 12:00:00,27.55400085
2016-11-04 13:00:00,30.19000053
2016-11-04 14:00:00,32.16799927
2016-11-04 15:00:00,32.82699966
2016-11-04 16:00:00,31.72850037
2016-11-04 17:00:00,29.97050095
2016-11-04 18:00:00,27.55349922
2016-11-04 19:00:00,24.91699982
2016-11-04 20:00:00,22.71949959
2016-11-04 21:00:00,21.84049988
2016-11-04 22:00:00,21.18149948
2016-11-04 23:00:00,20.52249908
2016-11-05 00:00:00,20.08300018
2016-11-05 01:00:00,19.42399979
2016-11-05 02:00:00,18.76449966
2016-11-05 03:00:00,18.32550049
2016-11-05 04:00:00,17.66600037
2016-11-05 05:00:00,17.22649956
2016-11-05 06:00:00,16.78700066
2016-11-05 07:00:00,16.34749985
2016-11-05 08:00:00,17.44599915
2016-11-05 09:00:00,20.96199989
2016-11-05 10:00:00,24.69750023
2016-11-05 11:00:00,28.21299934
2016-11-05 12:00:00,30.62999916
2016-11-05 13:00:00,33.48649979
2016-11-05 14:00:00,35.68349838
2016-11-05 15:00:00,36.34249878
2016-11-05 16:00:00,35.24399948
2016-11-05 17:00:00,33.04700089
2016-11-05 18:00:00,30.19050026
2016-11-05 19:00:00,27.11450005
2016-11-05 20:00:00,24.91699982
2016-11-05 21:00:00,23.5984993
2016-11-05 22:00:00,22.5
2016-11-05 23:00:00,21.84049988
2016-11-06 00:00:00,21.18149948
2016-11-06 01:00:00,20.52249908
2016-11-06 02:00:00,19.8635006
2016-11-06 03:00:00,19.42399979
2016-11-06 04:00:00,18.98450089
2016-11-06 05:00:00,18.54500008
2016-11-06 06:00:00,18.10549927
2016-11-06 07:00:00,17.66600037
2016-11-06 08:00:00,18.54500008
2016-11-06 09:00:00,22.28050041
2016-11-06 10:00:00,26.23500061
2016-11-06 11:00:00,29.75099945
2016-11-06 12:00:00,32.16799927
2016-11-06 13:00:00,34.3655014
2016-11-06 14:00:00,35.68349838
2016-11-06 15:00:00,35.46350098
2016-11-06 16:00:00,33.92599869
2016-11-06 17:00:00,32.16799927
2016-11-06 18:00:00,30.19050026
2016-11-06 19:00:00,28.65250015
2016-11-06 20:00:00,27.33399963
2016-11-06 21:00:00,26.45499992
2016-11-06 22:00:00,25.57600021
2016-11-06 23:00:00,25.35650063
2016-11-07 00:00:00,24.69750023
2016-11-07 01:00:00,24.69750023
2016-11-07 02:00:00,24.25749969
2016-11-07 03:00:00,24.03800011
2016-11-07 04:00:00,24.03800011
2016-11-07 05:00:00,24.03800011
2016-11-07 06:00:00,24.25749969
2016-11-07 07:00:00,24.69750023
2016-11-07 08:00:00,25.1364994
2016-11-07 09:00:00,25.35650063
2016-11-07 10:00:00,25.35650063
2016-11-07 11:00:00,25.57600021
2016-11-07 12:00:00,25.35650063
2016-11-07 13:00:00,23.81850052
2016-11-07 14:00:00,23.15950012
2016-11-07 15:00:00,22.71949959
2016-11-07 16:00:00,22.28050041
2016-11-07 17:00:00,22.16519435292039
2016-11-07 18:00:00,21.887843954373384
2016-11-07 19:00:00,21.633828752541316
2016-11-07 20:00:00,21.40223446445875
2016-11-07 21:00:00,21.192146807160253
2016-11-07 22:00:00,21.002651497680382
2016-11-07 23:00:00,20.832834253053708
2016-11-08 00:00:00,20.681780790314793
2016-11-08 01:00:00,20.548576826498202
2016-11-08 02:00:00,20.432308078638496
2016-11-08 03:00:00,20.33206026377024
2016-11-08 04:00:00,20.246919098928004
2016-11-08 05:00:00,20.175970301146343
2016-11-08 06:00:00,20.118299587459823
2016-11-08 07:00:00,20.072992674903013
2016-11-08 08:00:00,20.03913528051047
2016-11-08 09:00:00,20.015813121316768
2016-11-08 10:00:00,20.002111914356465
2016-11-08 11:00:00,19.997117376664118
2016-11-08 12:00:00,19.999915225274307
2016-11-08 13:00:00,20.009591177221587
2016-11-08 14:00:00,20.02523094954052
2016-11-08 15:00:00,20.045920259265674
2016-11-08 16:00:00,20.070744823431625
2016-11-08 17:00:00,20.098790359072915
2016-11-08 18:00:00,20.129142583224116
2016-11-08 19:00:00,20.160887212919796
2016-11-08 20:00:00,20.19310996519452
2016-11-08 21:00:00,20.224896557082843
2016-11-08 22:00:00,20.255332705619345
2016-11-08 23:00:00,20.283504127838572
2016-11-09 00:00:00,20.308496540775103
2016-11-09 01:00:00,20.329395661463494
2016-11-09 02:00:00,20.34528720693831
2016-11-09 03:00:00,20.355256894234124
2016-11-09 04:00:00,20.35839044038548
2016-11-09 05:00:00,20.353773562426944
2016-11-09 06:00:00,20.340491977393107
2016-11-09 07:00:00,20.31763140231852
2016-11-09 08:00:00,20.284277554237725
2016-11-09 09:00:00,20.239516150185317
2016-11-09 10:00:00,20.182432907195846
2016-11-09 11:00:00,20.112113542303895
2016-11-09 12:00:00,20.027643772543993
2016-11-09 13:00:00,19.92810931495074
2016-11-09 14:00:00,19.812595886558668
2016-11-09 15:00:00,19.680189204402367
2016-11-09 16:00:00,19.529974985516375
2016-11-09 17:00:00,19.361038946935288
2016-11-09 18:00:00,19.172466805693627
2016-11-09 19:00:00,18.98450089
2016-11-09 20:00:00,18.98450089
2016-11-09 21:00:00,18.32550049
2016-11-09 22:00:00,17.66600037
2016-11-09 23:00:00,17.66600037
2016-11-10 00:00:00,17.44650078
2016-11-10 01:00:00,17.22649956
2016-11-10 02:00:00,16.78700066
2016-11-10 03:00:00,16.34749985
2016-11-10 04:00:00,16.34749985
2016-11-10 05:00:00,16.34749985
2016-11-10 06:00:00,16.12800026
2016-11-10 07:00:00,15.46850014
2016-11-10 08:00:00,15.02950001
2016-11-10 09:00:00,15.2489996
2016-11-10 10:00:00,15.6885004
2016-11-10 11:00:00,15.471003864874728
2016-11-10 12:00:00,15.509099813208904
2016-11-10 13:00:00,15.573965924215901
2016-11-10 14:00:00,15.664419530408527
2016-11-10 15:00:00,15.779277964299588
2016-11-10 16:00:00,15.91735855840189
2016-11-10 17:00:00,16.07747864522824
2016-11-10 18:00:00,16.258455557291445
2016-11-10 19:00:00,16.459106627104312
2016-11-10 20:00:00,16.67824918717965
2016-11-10 21:00:00,16.91470057003026
2016-11-10 22:00:00,17.16727810816895
2016-11-10 23:00:00,17.434799134108534
2016-11-11 00:00:00,17.71608098036181
2016-11-11 01:00:00,18.009940979441588
2016-11-11 02:00:00,18.31519646386067
2016-11-11 03:00:00,18.630664766131872
2016-11-11 04:00:00,18.955163218767996
2016-11-11 05:00:00,19.287509154281846
2016-11-11 06:00:00,19.626519905186232
2016-11-11 07:00:00,19.971012803993965
2016-11-11 08:00:00,20.31980518321784
2016-11-11 09:00:00,20.671714375370673
2016-11-11 10:00:00,21.025557712965266
2016-11-11 11:00:00,21.38015252851443
2016-11-11 12:00:00,21.734316154530966
2016-11-11 13:00:00,22.08686592352769
2016-11-11 14:00:00,22.436619168017398
2016-11-11 15:00:00,22.78239322051291
2016-11-11 16:00:00,23.123005413527018
2016-11-11 17:00:00,23.457273079572552
2016-11-11 18:00:00,23.784013551162282
2016-11-11 19:00:00,24.10204416080903
2016-11-11 20:00:00,24.410182241025613
2016-11-11 21:00:00,24.707245124324835
2016-11-11 22:00:00,24.992050143219494
2016-11-11 23:00:00,25.263414630222407
2016-11-12 00:00:00,25.520155917846367
2016-11-12 01:00:00,25.761091338604224
2016-11-12 02:00:00,25.98503822500873
2016-11-12 03:00:00,26.190813909572714
2016-11-12 04:00:00,26.377235724808962
2016-11-12 05:00:00,26.543121003230326
2016-11-12 06:00:00,26.687287077349573
2016-11-12 07:00:00,26.808551279679524
2016-11-12 08:00:00,26.90573094273297
2016-11-12 09:00:00,26.97764339902274
2016-11-12 10:00:00,27.023105981061637
2016-11-12 11:00:00,27.040936021362487
2016-11-12 12:00:00,27.029950852438056
2016-11-12 13:00:00,25.79599953
2016-11-12 14:00:00,28.43300056
2016-11-12 15:00:00,28.21299934
2016-11-12 16:00:00,27.11450005
2016-11-12 17:00:00,26.23550034
2016-11-12 18:00:00,25.7954998
2016-11-12 19:00:00,24.91699982
2016-11-12 20:00:00,24.25749969
2016-11-12 21:00:00,23.37899971
2016-11-12 22:00:00,22.5
2016-11-12 23:00:00,22.28050041
2016-11-13 00:00:00,22.28050041
2016-11-13 01:00:00,22.28050041
2016-11-13 02:00:00,22.28050041
2016-11-13 03:00:00,22.06049919
2016-11-13 04:00:00,21.62100029
2016-11-13 05:00:00,21.62100029
2016-11-13 06:00:00,21.62100029
2016-11-13 07:00:00,21.84049988
2016-11-13 08:00:00,22.06049919
2016-11-13 09:00:00,22.28050041
2016-11-13 10:00:00,23.81850052
2016-11-13 11:00:00,26.01549911
2016-11-13 12:00:00,27.99300003
2016-11-13 13:00:00,28.65250015
2016-11-13 14:00:00,29.31150055
2016-11-13 15:00:00,29.97050095
2016-11-13 16:00:00,29.97050095
2016-11-13 17:00:00,28.87199974
2016-11-13 18:00:00,27.77350044
2016-11-13 19:00:00,27.11450005
2016-11-13 20:00:00,26.67449951
2016-11-13 21:00:00,26.23550034
2016-11-13 22:00:00,26.01549911
2016-11-13 23:00:00,25.57600021
2016-11-14 00:00:00,25.1364994
2016-11-14 01:00:00,24.69750023
2016-11-14 02:00:00,24.25749969
2016-11-14 03:00:00,23.81850052
2016-11-14 04:00:00,23.5984993
2016-11-14 05:00:00,23.37899971
2016-11-14 06:00:00,23.37899971
2016-11-14 07:00:00,22.93950081
2016-11-14 08:00:00,22.93950081
2016-11-14 09:00:00,23.81850052
2016-11-14 10:00:00,26.23500061
2016-11-14 11:00:00,28.65250015
2016-11-14 12:00:00,31.72850037
2016-11-14 13:00:00,33.26649857
2016-11-14 14:00:00,33.48649979
2016-11-14 15:00:00,32.38800049
2016-11-14 16:00:00,31.28899956
2016-11-14 17:00:00,30.40999985
2016-11-14 18:00:00,28.65250015
2016-11-14 19:00:00,27.99349976
2016-11-14 20:00:00,26.89450073
2016-11-14 21:00:00,25.57600021
2016-11-14 22:00:00,24.69750023
2016-11-14 23:00:00,24.47750092
2016-11-15 00:00:00,24.25749969
2016-11-15 01:00:00,24.03800011
2016-11-15 02:00:00,23.81850052
2016-11-15 03:00:00,23.37899971
2016-11-15 04:00:00,23.15950012
2016-11-15 05:00:00,22.93950081
2016-11-15 06:00:00,22.28050041
2016-11-15 07:00:00,22.06049919
2016-11-15 08:00:00,22.06049919
2016-11-15 09:00:00,22.5
2016-11-15 10:00:00,24.47750092
2016-11-15 11:00:00,26.67499924
2016-11-15 12:00:00,28.21299934
2016-11-15 13:00:00,30.19050026
2016-11-15 14:00:00,31.06900024
2016-11-15 15:00:00,30.40999985
2016-11-15 16:00:00,28.43250084
2016-11-15 17:00:00,26.67499924
2016-11-15 18:00:00,25.3560009
2016-11-15 19:00:00,24.25749969
2016-11-15 20:00:00,22.93950081
2016-11-15 21:00:00,22.5
2016-11-15 22:00:00,21.62100029
2016-11-15 23:00:00,21.18149948
2016-11-16 00:00:00,20.74250031
2016-11-16 01:00:00,20.74250031
2016-11-16 02:00:00,20.30249977
2016-11-16 03:00:00,19.8635006
2016-11-16 04:00:00,19.42399979
2016-11-16 05:00:00,19.42399979
2016-11-16 06:00:00,18.98450089
2016-11-16 07:00:00,18.54500008
2016-11-16 08:00:00,18.76499939
2016-11-16 09:00:00,19.6439991
2016-11-16 10:00:00,21.8409996
2016-11-16 11:00:00,24.6970005
2016-11-16 12:00:00,25.57600021
2016-11-16 13:00:00,25.35650063
2016-11-16 14:00:00,24.91699982
2016-11-16 15:00:00,24.47750092
2016-11-16 16:00:00,24.47750092
2016-11-16 17:00:00,24.69750023
2016-11-16 18:00:00,24.47750092
2016-11-16 19:00:00,24.25749969
2016-11-16 20:00:00,24.25749969
2016-11-16 21:00:00,22.5
2016-11-16 22:00:00,21.84049988
2016-11-16 23:00:00,21.62100029
2016-11-17 00:00:00,21.62100029
2016-11-17 01:00:00,21.84049988
2016-11-17 02:00:00,20.74250031
2016-11-17 03:00:00,20.08300018
2016-11-17 04:00:00,19.64349937
2016-11-17 05:00:00,19.42399979
2016-11-17 06:00:00,19.20400047
2016-11-17 07:00:00,19.20400047
2016-11-17 08:00:00,19.42399979
2016-11-17 09:00:00,20.30249977
2016-11-17 10:00:00,20.74250031
2016-11-17 11:00:00,21.62100029
2016-11-17 12:00:00,22.28050041
2016-11-17 13:00:00,22.71949959
2016-11-17 14:00:00,22.71949959
2016-11-17 15:00:00,22.93950081
2016-11-17 16:00:00,22.93950081
2016-11-17 17:00:00,22.93950081
2016-11-17 18:00:00,22.93950081
2016-11-17 19:00:00,22.93950081
2016-11-17 20:00:00,23.1590004
2016-11-17 21:00:00,23.37899971
2016-11-17 22:00:00,23.37899971
2016-11-17 23:00:00,23.37899971
2016-11-18 00:00:00,23.37899971
2016-11-18 01:00:00,23.37899971
2016-11-18 02:00:00,23.37899971
2016-11-18 03:00:00,23.37899971
2016-11-18 04:00:00,23.15950012
2016-11-18 05:00:00,23.15950012
2016-11-18 06:00:00,22.5
2016-11-18 07:00:00,21.40099907
2016-11-18 08:00:00,21.18149948
2016-11-18 09:00:00,21.4015007
2016-11-18 10:00:00,22.71949959
2016-11-18 11:00:00,23.81800079
2016-11-18 12:00:00,24.47750092
2016-11-18 13:00:00,24.91699982
2016-11-18 14:00:00,25.35650063
2016-11-18 15:00:00,25.57600021
2016-11-18 16:00:00,25.57600021
2016-11-18 17:00:00,25.7954998
2016-11-18 18:00:00,25.7954998
2016-11-18 19:00:00,25.7954998
2016-11-18 20:00:00,25.7954998
2016-11-18 21:00:00,25.7954998
2016-11-18 22:00:00,25.7954998
2016-11-18 23:00:00,25.7954998
2016-11-19 00:00:00,25.7954998
2016-11-19 01:00:00,25.7954998
2016-11-19 02:00:00,25.7954998
2016-11-19 03:00:00,25.7954998
2016-11-19 04:00:00,25.7954998
2016-11-19 05:00:00,25.7954998
2016-11-19 06:00:00,25.57600021
2016-11-19 07:00:00,25.57600021
2016-11-19 08:00:00,25.57600021
2016-11-19 09:00:00,25.57600021
2016-11-19 10:00:00,25.7954998
2016-11-19 11:00:00,26.23550034
2016-11-19 12:00:00,26.89450073
2016-11-19 13:00:00,26.89450073
2016-11-19 14:00:00,26.89450073
2016-11-19 15:00:00,27.11450005
2016-11-19 16:00:00,27.11450005
2016-11-19 17:00:00,26.89450073
2016-11-19 18:00:00,26.67449951
2016-11-19 19:00:00,26.67449951
2016-11-19 20:00:00,26.67449951
2016-11-19 21:00:00,26.837609250680025
2016-11-19 22:00:00,26.926664727252188
2016-11-19 23:00:00,27.02952460743516
2016-11-20 00:00:00,27.14495567071072
2016-11-20 01:00:00,27.271724696560643
2016-11-20 02:00:00,27.408598464466714
2016-11-20 03:00:00,27.554343753910715
2016-11-20 04:00:00,27.707727344374423
2016-11-20 05:00:00,27.867516015339618
2016-11-20 06:00:00,28.032476546288077
2016-11-20 07:00:00,28.201375716701584
2016-11-20 08:00:00,28.372980306061915
2016-11-20 09:00:00,28.54605709385085
2016-11-20 10:00:00,28.719372859550177
2016-11-20 11:00:00,28.891694382641667
2016-11-20 12:00:00,29.061788442607103
2016-11-20 13:00:00,29.228421818928265
2016-11-20 14:00:00,29.390361291086933
2016-11-20 15:00:00,29.546373638564884
2016-11-20 16:00:00,29.695225640843905
2016-11-20 17:00:00,29.83568407740577
2016-11-20 18:00:00,29.966515727732258
2016-11-20 19:00:00,30.086487371305154
2016-11-20 20:00:00,30.194365787606237
2016-11-20 21:00:00,30.288917756117286
2016-11-20 22:00:00,30.368910056320075
2016-11-20 23:00:00,30.433109467696394
2016-11-21 00:00:00,30.480282769728014
2016-11-21 01:00:00,30.509196741896716
2016-11-21 02:00:00,30.518618163684284
2016-11-21 03:00:00,30.507313814572495
2016-11-21 04:00:00,30.474050474043132
2016-11-21 05:00:00,30.417594921577976
2016-11-21 06:00:00,30.33671393665881
2016-11-21 07:00:00,30.23017429876742
2016-11-21 08:00:00,30.096742787385555
2016-11-21 09:00:00,29.935186181995007
2016-11-21 10:00:00,29.74427126207758
2016-11-21 11:00:00,29.52276480711503
2016-11-21 12:00:00,29.26943359658912
2016-11-21 13:00:00,28.983044409981666
2016-11-21 14:00:00,28.662364026774437
2016-11-21 15:00:00,28.306159226449225
2016-11-21 16:00:00,27.91319678848778
2016-11-21 17:00:00,27.482243492371918
2016-11-21 18:00:00,27.01206611758337
2016-11-21 19:00:00,26.50143144360397
2016-11-21 20:00:00,25.949106249915456
2016-11-21 21:00:00,25.353857315999637
2016-11-21 22:00:00,24.71445142133824
2016-11-21 23:00:00,23.5984993
2016-11-22 00:00:00,23.5984993
2016-11-22 01:00:00,23.15950012
2016-11-22 02:00:00,22.71949959
2016-11-22 03:00:00,20.96199989
2016-11-22 04:00:00,19.2045002
2016-11-22 05:00:00,17.88549995
2016-11-22 06:00:00,16.12800026
2016-11-22 07:00:00,14.80949974
2016-11-22 08:00:00,13.93050003
2016-11-22 09:00:00,13.05150032
2016-11-22 10:00:00,12.83199978
2016-11-22 11:00:00,11.73349953
2016-11-22 12:00:00,11.29399967
2016-11-22 13:00:00,10.63449955
2016-11-22 14:00:00,10.41499996
2016-11-22 15:00:00,10.19550037
2016-11-22 16:00:00,9.975500107
2016-11-22 17:00:00,9.536499977
2016-11-22 18:00:00,9.31649971
2016-11-22 19:00:00,8.876999855
2016-11-22 20:00:00,8.4375
2016-11-22 21:00:00,7.998000145
2016-11-22 22:00:00,7.77850008
2016-11-22 23:00:00,7.558499813
2016-11-23 00:00:00,6.899000168
2016-11-23 01:00:00,6.240499973
2016-11-23 02:00:00,6.240499973
2016-11-23 03:00:00,6.240499973
2016-11-23 04:00:00,5.361499786
2016-11-23 05:00:00,5.361499786
2016-11-23 06:00:00,5.142000198
2016-11-23 07:00:00,4.921999931
2016-11-23 08:00:00,4.921999931
2016-11-23 09:00:00,5.361499786
2016-11-23 10:00:00,5.580999851
2016-11-23 11:00:00,5.580999851
2016-11-23 12:00:00,5.580999851
2016-11-23 13:00:00,5.580999851
2016-11-23 14:00:00,5.800499916
2016-11-23 15:00:00,5.800499916
2016-11-23 16:00:00,5.580999851
2016-11-23 17:00:00,5.801000118
2016-11-23 18:00:00,6.020500183
2016-11-23 19:00:00,6.460000038
2016-11-23 20:00:00,6.460000038
2016-11-23 21:00:00,6.899000168
2016-11-23 22:00:00,6.899000168
2016-11-23 23:00:00,6.899000168
2016-11-24 00:00:00,6.679500103
2016-11-24 01:00:00,6.240499973
2016-11-24 02:00:00,5.800499916
2016-11-24 03:00:00,5.361499786
2016-11-24 04:00:00,4.921999931
2016-11-24 05:00:00,4.482500076
2016-11-24 06:00:00,4.263000011
2016-11-24 07:00:00,4.263000011
2016-11-24 08:00:00,4.702000141
2016-11-24 09:00:00,6.460000038
2016-11-24 10:00:00,8.4375
2016-11-24 11:00:00,10.85449982
2016-11-24 12:00:00,13.05200005
2016-11-24 13:00:00,14.37049961
2016-11-24 14:00:00,15.90799999
2016-11-24 15:00:00,14.59000015
2016-11-24 16:00:00,14.59000015
2016-11-24 17:00:00,13.05200005
2016-11-24 18:00:00,12.17300034
2016-11-24 19:00:00,11.7329998
2016-11-24 20:00:00,11.51350021
2016-11-24 21:00:00,11.658793161959295
2016-11-24 22:00:00,11.529828842594117
2016-11-24 23:00:00,11.418125742045522
2016-11-25 00:00:00,11.32294200006111
2016-11-25 01:00:00,11.243535756388487
2016-11-25 02:00:00,11.17916515077526
2016-11-25 03:00:00,11.129088322969032
2016-11-25 04:00:00,11.092563412717409
2016-11-25 05:00:00,11.068848559767995
2016-11-25 06:00:00,11.057201903868394
2016-11-25 07:00:00,11.056881584766211
2016-11-25 08:00:00,11.067145742209053
2016-11-25 09:00:00,11.08725251594452
2016-11-25 10:00:00,11.116460045720222
2016-11-25 11:00:00,11.154026471283762
2016-11-25 12:00:00,11.199209932382743
2016-11-25 13:00:00,11.251268568764772
2016-11-25 14:00:00,11.309460520177453
2016-11-25 15:00:00,11.373043926368386
2016-11-25 16:00:00,11.441276927085186
2016-11-25 17:00:00,11.513417662075451
2016-11-25 18:00:00,11.588724271086786
2016-11-25 19:00:00,11.666454893866796
2016-11-25 20:00:00,11.745867670163094
2016-11-25 21:00:00,11.826220739723272
2016-11-25 22:00:00,11.906772242294942
2016-11-25 23:00:00,11.986780317625707
2016-11-26 00:00:00,12.065503105463172
2016-11-26 01:00:00,12.142198745554936
2016-11-26 02:00:00,12.216125377648616
2016-11-26 03:00:00,12.286541141491803
2016-11-26 04:00:00,12.352704176832114
2016-11-26 05:00:00,12.413872623417149
2016-11-26 06:00:00,12.46930462099451
2016-11-26 07:00:00,12.518258309311815
2016-11-26 08:00:00,12.559991828116646
2016-11-26 09:00:00,12.593763317156611
2016-11-26 10:00:00,12.618830916179338
2016-11-26 11:00:00,12.634452764932416
2016-11-26 12:00:00,12.639887003163437
2016-11-26 13:00:00,12.634391770620027
2016-11-26 14:00:00,12.617225207049785
2016-11-26 15:00:00,12.587645452200327
2016-11-26 16:00:00,12.544910645819229
2016-11-26 17:00:00,12.488278927654125
2016-11-26 18:00:00,12.417008437452598
2016-11-26 19:00:00,12.33035731496227
2016-11-26 20:00:00,12.227583699930728
2016-11-26 21:00:00,12.107945732105597
2016-11-26 22:00:00,11.970701551234447
2016-11-26 23:00:00,12.17300034
2016-11-27 00:00:00,11.7329998
2016-11-27 01:00:00,11.07450008
2016-11-27 02:00:00,10.63449955
2016-11-27 03:00:00,9.975999832
2016-11-27 04:00:00,9.536000252
2016-11-27 05:00:00,9.097000122
2016-11-27 06:00:00,8.656999588
2016-11-27 07:00:00,8.4375
2016-11-27 08:00:00,8.656999588
2016-11-27 09:00:00,11.29399967
2016-11-27 10:00:00,15.02950001
2016-11-27 11:00:00,18.98450089
2016-11-27 12:00:00,21.84049988
2016-11-27 13:00:00,24.47750092
2016-11-27 14:00:00,26.45499992
2016-11-27 15:00:00,26.23500061
2016-11-27 16:00:00,24.91650009
2016-11-27 17:00:00,22.71999931
2016-11-27 18:00:00,19.8635006
2016-11-27 19:00:00,18.10549927
2016-11-27 20:00:00,16.78700066
2016-11-27 21:00:00,15.46850014
2016-11-27 22:00:00,14.59000015
2016-11-27 23:00:00,14.1505003
2016-11-28 00:00:00,13.27149963
2016-11-28 01:00:00,12.83199978
2016-11-28 02:00:00,11.95300007
2016-11-28 03:00:00,11.29399967
2016-11-28 04:00:00,10.85449982
2016-11-28 05:00:00,10.19550037
2016-11-28 06:00:00,9.975999832
2016-11-28 07:00:00,9.755999565
2016-11-28 08:00:00,9.975999832
2016-11-28 09:00:00,12.61200047
2016-11-28 10:00:00,15.90799999
2016-11-28 11:00:00,18.98450089
2016-11-28 12:00:00,20.96199989
2016-11-28 13:00:00,22.93950081
2016-11-28 14:00:00,24.91650009
2016-11-28 15:00:00,23.81850052
2016-11-28 16:00:00,23.15950012
2016-11-28 17:00:00,21.40099907
2016-11-28 18:00:00,19.42399979
2016-11-28 19:00:00,17.66600037
2016-11-28 20:00:00,16.78700066
2016-11-28 21:00:00,16.12800026
2016-11-28 22:00:00,15.46850014
2016-11-28 23:00:00,14.59000015
2016-11-29 00:00:00,14.59000015
2016-11-29 01:00:00,14.1505003
2016-11-29 02:00:00,14.1505003
2016-11-29 03:00:00,14.1505003
2016-11-29 04:00:00,14.1505003
2016-11-29 05:00:00,13.71100044
2016-11-29 06:00:00,13.27149963
2016-11-29 07:00:00,12.841971943500386
2016-11-29 08:00:00,12.429044451037658
2016-11-29 09:00:00,12.003122428621635
2016-11-29 10:00:00,11.566211000201614
2016-11-29 11:00:00,11.120315289726891
2016-11-29 12:00:00,10.667440421146761
2016-11-29 13:00:00,10.20959151841052
2016-11-29 14:00:00,9.74877370546746
2016-11-29 15:00:00,9.286992106266881
2016-11-29 16:00:00,8.826251844758076
2016-11-29 17:00:00,8.368558044890342
2016-11-29 18:00:00,7.915915830612974
2016-11-29 19:00:00,7.470330325875269
2016-11-29 20:00:00,7.03380665462652
2016-11-29 21:00:00,6.60834994081602
2016-11-29 22:00:00,6.19596530839307
2016-11-29 23:00:00,5.798657881306967
2016-11-30 00:00:00,5.418432783507001
2016-11-30 01:00:00,5.057295138942472
2016-11-30 02:00:00,4.717250071562669
2016-11-30 03:00:00,4.400302705316893
2016-11-30 04:00:00,4.108458164154442
2016-11-30 05:00:00,3.8437215720245974
2016-11-30 06:00:00,3.6080980528766653
2016-11-30 07:00:00,3.403592730659938
2016-11-30 08:00:00,3.2322107293237203
2016-11-30 09:00:00,3.095957172817296
2016-11-30 10:00:00,2.996837185089973
2016-11-30 11:00:00,2.9368558900910338
2016-11-30 12:00:00,2.9180184117697827
2016-11-30 13:00:00,2.942329874075515
2016-11-30 14:00:00,3.0117954009575207
2016-11-30 15:00:00,3.1284201163650964
2016-11-30 16:00:00,3.294209144247523
2016-11-30 17:00:00,3.511167608554094
2016-11-30 18:00:00,3.781300633234153
2016-11-30 19:00:00,4.106613342236967
2016-11-30 20:00:00,4.489110859511815
2016-11-30 21:00:00,4.930798309008006
2016-11-30 22:00:00,5.433680814674886
2016-11-30 23:00:00,5.9997635004616825
2016-12-01 00:00:00,6.631051490317701
2016-12-01 01:00:00,7.3295499081922335
2016-12-01 02:00:00,8.097263878034601
2016-12-01 03:00:00,8.936198523794063
2016-12-01 04:00:00,9.84835896941999
2016-12-01 05:00:00,10.835750338861574
2016-12-01 06:00:00,11.90037775606819
2016-12-01 07:00:00,13.044246344989084
2016-12-01 08:00:00,14.269361229573645
2016-12-01 09:00:00,13.71100044
2016-12-01 10:00:00,17.00699997
2016-12-01 11:00:00,20.96199989
2016-12-01 12:00:00,23.81850052
2016-12-01 13:00:00,25.7954998
2016-12-01 14:00:00,27.77350044
2016-12-01 15:00:00,27.33399963
2016-12-01 16:00:00,25.7954998
2016-12-01 17:00:00,23.59900093
2016-12-01 18:00:00,21.18149948
2016-12-01 19:00:00,19.8635006
2016-12-01 20:00:00,18.98450089
2016-12-01 21:00:00,18.32500076
2016-12-01 22:00:00,18.10549927
2016-12-01 23:00:00,17.66600037
2016-12-02 00:00:00,17.22649956
2016-12-02 01:00:00,16.78700066
2016-12-02 02:00:00,16.78700066
2016-12-02 03:00:00,16.34749985
2016-12-02 04:00:00,15.46850014
2016-12-02 05:00:00,14.59000015
2016-12-02 06:00:00,13.71100044
2016-12-02 07:00:00,13.05200005
2016-12-02 08:00:00,12.83199978
2016-12-02 09:00:00,15.46850014
2016-12-02 10:00:00,18.32500076
2016-12-02 11:00:00,21.40099907
2016-12-02 12:00:00,23.5984993
2016-12-02 13:00:00,25.13699913
2016-12-02 14:00:00,26.67449951
2016-12-02 15:00:00,26.23500061
2016-12-02 16:00:00,24.47750092
2016-12-02 17:00:00,22.5
2016-12-02 18:00:00,21.18149948
2016-12-02 19:00:00,19.8635006
2016-12-02 20:00:00,18.98450089
2016-12-02 21:00:00,18.10549927
2016-12-02 22:00:00,17.66600037
2016-12-02 23:00:00,17.22649956
2016-12-03 00:00:00,17.00699997
2016-12-03 01:00:00,16.12800026
2016-12-03 02:00:00,15.02950001
2016-12-03 03:00:00,14.1505003
2016-12-03 04:00:00,13.49100018
2016-12-03 05:00:00,13.05200005
2016-12-03 06:00:00,12.61200047
2016-12-03 07:00:00,12.17300034
2016-12-03 08:00:00,11.95300007
2016-12-03 09:00:00,14.59000015
2016-12-03 10:00:00,16.56749916
2016-12-03 11:00:00,19.20400047
2016-12-03 12:00:00,20.74250031
2016-12-03 13:00:00,21.8409996
2016-12-03 14:00:00,22.5
2016-12-03 15:00:00,23.1590004
2016-12-03 16:00:00,22.71949959
2016-12-03 17:00:00,21.84049988
2016-12-03 18:00:00,20.52249908
2016-12-03 19:00:00,18.98450089
2016-12-03 20:00:00,18.10549927
2016-12-03 21:00:00,17.66600037
2016-12-03 22:00:00,17.66600037
2016-12-03 23:00:00,17.66600037
2016-12-04 00:00:00,17.66600037
2016-12-04 01:00:00,17.66600037
2016-12-04 02:00:00,16.78700066
2016-12-04 03:00:00,16.34749985
2016-12-04 04:00:00,16.34749985
2016-12-04 05:00:00,16.12800026
2016-12-04 06:00:00,15.90849972
2016-12-04 07:00:00,16.12800026
2016-12-04 08:00:00,16.12800026
2016-12-04 09:00:00,17.88549995
2016-12-04 10:00:00,20.08300018
2016-12-04 11:00:00,22.5
2016-12-04 12:00:00,24.47750092
2016-12-04 13:00:00,26.23500061
2016-12-04 14:00:00,27.99349976
2016-12-04 15:00:00,27.55349922
2016-12-04 16:00:00,26.67499924
2016-12-04 17:00:00,25.1364994
2016-12-04 18:00:00,23.5984993
2016-12-04 19:00:00,22.28050041
2016-12-04 20:00:00,21.18149948
2016-12-04 21:00:00,20.74250031
2016-12-04 22:00:00,20.52249908
2016-12-04 23:00:00,19.8635006
2016-12-05 00:00:00,18.98450089
2016-12-05 01:00:00,18.10549927
2016-12-05 02:00:00,17.22649956
2016-12-05 03:00:00,16.34749985
2016-12-05 04:00:00,15.90849972
2016-12-05 05:00:00,15.02950001
2016-12-05 06:00:00,14.36999989
2016-12-05 07:00:00,13.71100044
2016-12-05 08:00:00,13.71100044
2016-12-05 09:00:00,16.34749985
2016-12-05 10:00:00,20.3029995
2016-12-05 11:00:00,23.81850052
2016-12-05 12:00:00,26.23500061
2016-12-05 13:00:00,28.21299934
2016-12-05 14:00:00,29.97050095
2016-12-05 15:00:00,29.75099945
2016-12-05 16:00:00,29.09199905
2016-12-05 17:00:00,26.45499992
2016-12-05 18:00:00,23.5984993
2016-12-05 19:00:00,21.18149948
2016-12-05 20:00:00,19.8635006
2016-12-05 21:00:00,19.2045002
2016-12-05 22:00:00,18.32550049
2016-12-05 23:00:00,17.44650078
2016-12-06 00:00:00,17.00650024
2016-12-06 01:00:00,16.12800026
2016-12-06 02:00:00,15.46850014
2016-12-06 03:00:00,14.59000015
2016-12-06 04:00:00,13.71100044
2016-12-06 05:00:00,12.83199978
2016-12-06 06:00:00,11.95300007
2016-12-06 07:00:00,11.51350021
2016-12-06 08:00:00,11.29399967
2016-12-06 09:00:00,13.05200005
2016-12-06 10:00:00,15.6885004
2016-12-06 11:00:00,18.32550049
2016-12-06 12:00:00,19.64349937
2016-12-06 13:00:00,19.793057518144302
2016-12-06 14:00:00,20.749259392216214
2016-12-06 15:00:00,21.683677357752284
2016-12-06 16:00:00,22.595592419957562
2016-12-06 17:00:00,23.484285584037092
2016-12-06 18:00:00,24.349037855195927
2016-12-06 19:00:00,25.189130238639112
2016-12-06 20:00:00,26.003843739571693
2016-12-06 21:00:00,26.79245936319872
2016-12-06 22:00:00,27.55425811472524
2016-12-06 23:00:00,28.288520999356304
2016-12-07 00:00:00,28.994529022296955
2016-12-07 01:00:00,29.67156318875225
2016-12-07 02:00:00,30.31890450392723
2016-12-07 03:00:00,30.935833973026945
2016-12-07 04:00:00,31.521632601256442
2016-12-07 05:00:00,32.07558139382077
2016-12-07 06:00:00,32.596961355924975
2016-12-07 07:00:00,33.08505349277411
2016-12-07 08:00:00,33.53913880957321
2016-12-07 09:00:00,33.958498311527336
2016-12-07 10:00:00,34.34241300384153
2016-12-07 11:00:00,34.69016389172086
2016-12-07 12:00:00,35.001031980370335
2016-12-07 13:00:00,35.27429827499503
2016-12-07 14:00:00,35.509243780799984
2016-12-07 15:00:00,35.70514950299025
2016-12-07 16:00:00,35.861296446770865
2016-12-07 17:00:00,35.976965617346906
2016-12-07 18:00:00,36.05143801992338
2016-12-07 19:00:00,36.08399465970537
2016-12-07 20:00:00,36.0739165418979
2016-12-07 21:00:00,36.02048467170603
2016-12-07 22:00:00,35.92298005433482
2016-12-07 23:00:00,35.780683694989314
2016-12-08 00:00:00,35.59287659887454
2016-12-08 01:00:00,35.35883977119557
2016-12-08 02:00:00,35.07785421715742
2016-12-08 03:00:00,34.749200941965164
2016-12-08 04:00:00,34.37216095082381
2016-12-08 05:00:00,33.94601524893845
2016-12-08 06:00:00,33.470044841514124
2016-12-08 07:00:00,32.943530733755864
2016-12-08 08:00:00,32.36575393086875
2016-12-08 09:00:00,31.735995438057806
2016-12-08 10:00:00,31.05353626052805
2016-12-08 11:00:00,30.317657403484596
2016-12-08 12:00:00,29.527639872132454
2016-12-08 13:00:00,28.682764671676672
2016-12-08 14:00:00,27.78231280732227
2016-12-08 15:00:00,26.89450073
2016-12-08 16:00:00,26.23550034
2016-12-08 17:00:00,24.69750023
2016-12-08 18:00:00,22.93950081
2016-12-08 19:00:00,21.18149948
2016-12-08 20:00:00,20.08300018
2016-12-08 21:00:00,18.98450089
2016-12-08 22:00:00,18.10549927
2016-12-08 23:00:00,17.22649956
2016-12-09 00:00:00,16.56749916
2016-12-09 01:00:00,15.90849972
2016-12-09 02:00:00,15.02950001
2016-12-09 03:00:00,14.59000015
2016-12-09 04:00:00,14.1505003
2016-12-09 05:00:00,14.59000015
2016-12-09 06:00:00,14.59000015
2016-12-09 07:00:00,14.1505003
2016-12-09 08:00:00,13.71100044
2016-12-09 09:00:00,15.02950001
2016-12-09 10:00:00,16.78700066
2016-12-09 11:00:00,18.98450089
2016-12-09 12:00:00,20.96199989
2016-12-09 13:00:00,22.71949959
2016-12-09 14:00:00,23.81850052
2016-12-09 15:00:00,23.37899971
2016-12-09 16:00:00,21.84049988
2016-12-09 17:00:00,20.3029995
2016-12-09 18:00:00,19.20400047
2016-12-09 19:00:00,18.32500076
2016-12-09 20:00:00,17.44599915
2016-12-09 21:00:00,16.56699944
2016-12-09 22:00:00,16.12800026
2016-12-09 23:00:00,15.46850014
2016-12-10 00:00:00,15.2489996
2016-12-10 01:00:00,15.02950001
2016-12-10 02:00:00,14.59000015
2016-12-10 03:00:00,14.1505003
2016-12-10 04:00:00,13.93099976
2016-12-10 05:00:00,13.71100044
2016-12-10 06:00:00,13.71100044
2016-12-10 07:00:00,13.27149963
2016-12-10 08:00:00,13.27149963
2016-12-10 09:00:00,13.93099976
2016-12-10 10:00:00,14.81000042
2016-12-10 11:00:00,15.2489996
2016-12-10 12:00:00,15.90799999
2016-12-10 13:00:00,16.12800026
2016-12-10 14:00:00,17.00699997
2016-12-10 15:00:00,17.44599915
2016-12-10 16:00:00,17.66600037
2016-12-10 17:00:00,17.44599915
2016-12-10 18:00:00,17.66600037
2016-12-10 19:00:00,17.88599968
2016-12-10 20:00:00,17.88599968
2016-12-10 21:00:00,17.66600037
2016-12-10 22:00:00,17.00699997
2016-12-10 23:00:00,16.34749985
2016-12-11 00:00:00,15.90849972
2016-12-11 01:00:00,15.46850014
2016-12-11 02:00:00,15.02950001
2016-12-11 03:00:00,14.81000042
2016-12-11 04:00:00,14.1505003
2016-12-11 05:00:00,13.71100044
2016-12-11 06:00:00,13.49100018
2016-12-11 07:00:00,13.49100018
2016-12-11 08:00:00,13.49100018
2016-12-11 09:00:00,13.49100018
2016-12-11 10:00:00,15.2489996
2016-12-11 11:00:00,16.56699944
2016-12-11 12:00:00,17.00650024
2016-12-11 13:00:00,17.66600037
2016-12-11 14:00:00,19.42399979
2016-12-11 15:00:00,19.8635006
2016-12-11 16:00:00,20.3029995
2016-12-11 17:00:00,19.42399979
2016-12-11 18:00:00,18.76499939
2016-12-11 19:00:00,18.54500008
2016-12-11 20:00:00,18.32550049
2016-12-11 21:00:00,17.88549995
2016-12-11 22:00:00,17.00650024
2016-12-11 23:00:00,16.56749916
2016-12-12 00:00:00,16.34799957
2016-12-12 01:00:00,16.34799957
2016-12-12 02:00:00,16.78700066
2016-12-12 03:00:00,16.78700066
2016-12-12 04:00:00,16.34749985
2016-12-12 05:00:00,16.34749985
2016-12-12 06:00:00,16.34749985
2016-12-12 07:00:00,15.90849972
2016-12-12 08:00:00,15.90849972
2016-12-12 09:00:00,16.34749985
2016-12-12 10:00:00,18.32500076
2016-12-12 11:00:00,20.52249908
2016-12-12 12:00:00,21.62100029
2016-12-12 13:00:00,22.5
2016-12-12 14:00:00,22.71999931
2016-12-12 15:00:00,22.71999931
2016-12-12 16:00:00,22.71999931
2016-12-12 17:00:00,22.71999931
2016-12-12 18:00:00,22.06049919
2016-12-12 19:00:00,21.62100029
2016-12-12 20:00:00,21.18149948
2016-12-12 21:00:00,20.96199989
2016-12-12 22:00:00,20.74250031
2016-12-12 23:00:00,20.30249977
2016-12-13 00:00:00,20.08300018
2016-12-13 01:00:00,19.42399979
2016-12-13 02:00:00,18.76499939
2016-12-13 03:00:00,18.10549927
2016-12-13 04:00:00,17.66600037
2016-12-13 05:00:00,17.22649956
2016-12-13 06:00:00,16.78700066
2016-12-13 07:00:00,16.34749985
2016-12-13 08:00:00,15.90799999
2016-12-13 09:00:00,15.6885004
2016-12-13 10:00:00,15.2489996
2016-12-13 11:00:00,15.2489996
2016-12-13 12:00:00,15.46899986
2016-12-13 13:00:00,15.90849972
2016-12-13 14:00:00,16.34749985
2016-12-13 15:00:00,16.12800026
2016-12-13 16:00:00,16.12800026
2016-12-13 17:00:00,16.12800026
2016-12-13 18:00:00,16.12800026
2016-12-13 19:00:00,16.56749916
2016-12-13 20:00:00,16.12800026
2016-12-13 21:00:00,15.6885004
2016-12-13 22:00:00,15.46899986
2016-12-13 23:00:00,14.80949974
2016-12-14 00:00:00,13.93050003
2016-12-14 01:00:00,13.05150032
2016-12-14 02:00:00,12.61250019
2016-12-14 03:00:00,12.61250019
2016-12-14 04:00:00,11.73349953
2016-12-14 05:00:00,10.85449982
2016-12-14 06:00:00,10.19550037
2016-12-14 07:00:00,10.19550037
2016-12-14 08:00:00,9.975500107
2016-12-14 09:00:00,10.19499969
2016-12-14 10:00:00,10.41499996
2016-12-14 11:00:00,10.85449982
2016-12-14 12:00:00,11.95300007
2016-12-14 13:00:00,13.27149963
2016-12-14 14:00:00,15.6885004
2016-12-14 15:00:00,16.12750053
2016-12-14 16:00:00,15.24950027
2016-12-14 17:00:00,13.49100018
2016-12-14 18:00:00,12.39249992
2016-12-14 19:00:00,11.51350021
2016-12-14 20:00:00,10.85449982
2016-12-14 21:00:00,10.41499996
2016-12-14 22:00:00,9.975999832
2016-12-14 23:00:00,9.31649971
2016-12-15 00:00:00,8.656999588
2016-12-15 01:00:00,7.998000145
2016-12-15 02:00:00,7.339000225
2016-12-15 03:00:00,6.899000168
2016-12-15 04:00:00,6.460000038
2016-12-15 05:00:00,5.733936295101017
2016-12-15 06:00:00,5.117388338336204
2016-12-15 07:00:00,4.498554288327829
2016-12-15 08:00:00,3.8791511396042613
2016-12-15 09:00:00,3.2608958866938718
2016-12-15 10:00:00,2.6455055241250314
2016-12-15 11:00:00,2.0346970464261096
2016-12-15 12:00:00,1.4301874481254773
2016-12-15 13:00:00,0.8336937237515046
2016-12-15 14:00:00,0.24693286783256285
2016-12-15 15:00:00,-0.32837812510297865
2016-12-15 16:00:00,-0.8905222605267482
2016-12-15 17:00:00,-1.4377825439103766
2016-12-15 18:00:00,-1.9684419807254923
2016-12-15 19:00:00,-2.48078357644373
2016-12-15 20:00:00,-2.973090336536713
2016-12-15 21:00:00,-3.4436452664760706
2016-12-15 22:00:00,-3.890731371733436
2016-12-15 23:00:00,-4.312631657780438
2016-12-16 00:00:00,-4.707629130088704
2016-12-16 01:00:00,-5.074006794129866
2016-12-16 02:00:00,-5.410047655375548
2016-12-16 03:00:00,-5.714034719297398
2016-12-16 04:00:00,-5.984250991367027
2016-12-16 05:00:00,-6.218979477056076
2016-12-16 06:00:00,-6.416503181836161
2016-12-16 07:00:00,-6.5751051111789245
2016-12-16 08:00:00,-6.693068270555981
2016-12-16 09:00:00,-6.768675665438982
2016-12-16 10:00:00,-6.800210301299538
2016-12-16 11:00:00,-6.785955183609286
2016-12-16 12:00:00,-6.724193317839856
2016-12-16 13:00:00,-6.613207709462879
2016-12-16 14:00:00,-6.45128136395
2016-12-16 15:00:00,-6.236697286772846
2016-12-16 16:00:00,-5.967738483403008
2016-12-16 17:00:00,-5.642687959312143
2016-12-16 18:00:00,-5.259828719971885
2016-12-16 19:00:00,-4.817443770853858
2016-12-16 20:00:00,-4.313816117429646
2016-12-16 21:00:00,-3.747228765170936
2016-12-16 22:00:00,-3.1159647195493516
2016-12-16 23:00:00,-2.418306986036523
2016-12-17 00:00:00,-1.652538570104067
2016-12-17 01:00:00,-0.816942477223634
2016-12-17 02:00:00,0.09019828713321232
2016-12-17 03:00:00,1.0706007174947452
2016-12-17 04:00:00,2.125981808389401
2016-12-17 05:00:00,3.258058554345517
2016-12-17 06:00:00,4.468547949891544
2016-12-17 07:00:00,6.240499973
2016-12-17 08:00:00,5.800499916
2016-12-17 09:00:00,7.77850008
2016-12-17 10:00:00,10.19550037
2016-12-17 11:00:00,13.71100044
2016-12-17 12:00:00,16.56749916
2016-12-17 13:00:00,18.98450089
2016-12-17 14:00:00,21.8409996
2016-12-17 15:00:00,22.06049919
2016-12-17 16:00:00,20.96199989
2016-12-17 17:00:00,18.98450089
2016-12-17 18:00:00,17.22649956
2016-12-17 19:00:00,16.12800026
2016-12-17 20:00:00,14.80949974
2016-12-17 21:00:00,13.71100044
2016-12-17 22:00:00,13.05150032
2016-12-17 23:00:00,12.83199978
2016-12-18 00:00:00,12.39249992
2016-12-18 01:00:00,12.17249966
2016-12-18 02:00:00,11.73349953
2016-12-18 03:00:00,11.51350021
2016-12-18 04:00:00,10.63449955
2016-12-18 05:00:00,9.755999565
2016-12-18 06:00:00,9.31649971
2016-12-18 07:00:00,8.876999855
2016-12-18 08:00:00,8.876999855
2016-12-18 09:00:00,10.63449955
2016-12-18 10:00:00,13.27149963
2016-12-18 11:00:00,15.2489996
2016-12-18 12:00:00,17.44599915
2016-12-18 13:00:00,19.6439991
2016-12-18 14:00:00,21.8409996
2016-12-18 15:00:00,22.06049919
2016-12-18 16:00:00,21.4015007
2016-12-18 17:00:00,20.52249908
2016-12-18 18:00:00,19.42399979
2016-12-18 19:00:00,18.54500008
2016-12-18 20:00:00,17.22649956
2016-12-18 21:00:00,15.90849972
2016-12-18 22:00:00,14.59000015
2016-12-18 23:00:00,14.1505003
2016-12-19 00:00:00,13.93099976
2016-12-19 01:00:00,13.71100044
2016-12-19 02:00:00,13.71100044
2016-12-19 03:00:00,13.71100044
2016-12-19 04:00:00,13.27149963
2016-12-19 05:00:00,12.83199978
2016-12-19 06:00:00,12.83199978
2016-12-19 07:00:00,12.83199978
2016-12-19 08:00:00,13.05200005
2016-12-19 09:00:00,15.02950001
2016-12-19 10:00:00,18.32500076
2016-12-19 11:00:00,21.8409996
2016-12-19 12:00:00,23.37899971
2016-12-19 13:00:00,24.91650009
2016-12-19 14:00:00,27.77350044
2016-12-19 15:00:00,27.55349922
2016-12-19 16:00:00,26.67499924
2016-12-19 17:00:00,25.57600021
2016-12-19 18:00:00,23.81850052
2016-12-19 19:00:00,22.93950081
2016-12-19 20:00:00,22.5
2016-12-19 21:00:00,22.28050041
2016-12-19 22:00:00,22.28050041
2016-12-19 23:00:00,22.28050041
2016-12-20 00:00:00,21.62100029
2016-12-20 01:00:00,19.8635006
2016-12-20 02:00:00,18.10549927
2016-12-20 03:00:00,17.22649956
2016-12-20 04:00:00,16.78700066
2016-12-20 05:00:00,15.90849972
2016-12-20 06:00:00,15.6885004
2016-12-20 07:00:00,15.6885004
2016-12-20 08:00:00,15.46850014
2016-12-20 09:00:00,15.46850014
2016-12-20 10:00:00,16.56749916
2016-12-20 11:00:00,17.22649956
2016-12-20 12:00:00,17.66600037
2016-12-20 13:00:00,18.10549927
2016-12-20 14:00:00,18.54500008
2016-12-20 15:00:00,18.54500008
2016-12-20 16:00:00,18.54500008
2016-12-20 17:00:00,18.76499939
2016-12-20 18:00:00,18.76499939
2016-12-20 19:00:00,18.98450089
2016-12-20 20:00:00,18.98450089
2016-12-20 21:00:00,18.10549927
2016-12-20 22:00:00,17.88599968
2016-12-20 23:00:00,17.66600037
2016-12-21 00:00:00,17.66600037
2016-12-21 01:00:00,17.66600037
2016-12-21 02:00:00,18.10549927
2016-12-21 03:00:00,18.10549927
2016-12-21 04:00:00,18.32550049
2016-12-21 05:00:00,18.76449966
2016-12-21 06:00:00,18.76449966
2016-12-21 07:00:00,18.10549927
2016-12-21 08:00:00,17.66600037
2016-12-21 09:00:00,18.10549927
2016-12-21 10:00:00,18.10549927
2016-12-21 11:00:00,17.88599968
2016-12-21 12:00:00,17.66600037
2016-12-21 13:00:00,16.56749916
2016-12-21 14:00:00,16.34749985
2016-12-21 15:00:00,16.34749985
2016-12-21 16:00:00,16.34749985
2016-12-21 17:00:00,16.34749985
2016-12-21 18:00:00,16.12800026
2016-12-21 19:00:00,16.12800026
2016-12-21 20:00:00,16.12800026
2016-12-21 21:00:00,15.90799999
2016-12-21 22:00:00,15.90799999
2016-12-21 23:00:00,16.12800026
2016-12-22 00:00:00,15.90799999
2016-12-22 01:00:00,15.24950027
2016-12-22 02:00:00,14.80949974
2016-12-22 03:00:00,14.59000015
2016-12-22 04:00:00,14.36999989
2016-12-22 05:00:00,14.36999989
2016-12-22 06:00:00,13.93099976
2016-12-22 07:00:00,13.93099976
2016-12-22 08:00:00,13.93099976
2016-12-22 09:00:00,14.36999989
2016-12-22 10:00:00,14.81000042
2016-12-22 11:00:00,16.12800026
2016-12-22 12:00:00,15.64054693365317
2016-12-22 13:00:00,15.795198517001804
2016-12-22 14:00:00,15.933831982075771
2016-12-22 15:00:00,16.05698953813155
2016-12-22 16:00:00,16.16521339442562
2016-12-22 17:00:00,16.25904576021446
2016-12-22 18:00:00,16.339028844754548
2016-12-22 19:00:00,16.40570485730236
2016-12-22 20:00:00,16.459616007114384
2016-12-22 21:00:00,16.50130450344709
2016-12-22 22:00:00,16.531312555556966
2016-12-22 23:00:00,16.550182372700483
2016-12-23 00:00:00,16.558456164134128
2016-12-23 01:00:00,16.556676139114373
2016-12-23 02:00:00,16.5453845068977
2016-12-23 03:00:00,16.52512347674059
2016-12-23 04:00:00,16.496435257899517
2016-12-23 05:00:00,16.459862059630964
2016-12-23 06:00:00,16.41594609119141
2016-12-23 07:00:00,16.36522956183733
2016-12-23 08:00:00,16.30825468082521
2016-12-23 09:00:00,16.245563657411527
2016-12-23 10:00:00,16.17769870085276
2016-12-23 11:00:00,16.105202020405375
2016-12-23 12:00:00,16.028615825325872
2016-12-23 13:00:00,15.94848232487072
2016-12-23 14:00:00,15.865343728296398
2016-12-23 15:00:00,15.779742244859385
2016-12-23 16:00:00,15.692220083816167
2016-12-23 17:00:00,15.603319454423213
2016-12-23 18:00:00,15.51358256593701
2016-12-23 19:00:00,15.42355162761403
2016-12-23 20:00:00,15.333768848710758
2016-12-23 21:00:00,15.24477643848367
2016-12-23 22:00:00,15.157116606189241
2016-12-23 23:00:00,15.071331561083966
2016-12-24 00:00:00,14.98796351242432
2016-12-24 01:00:00,14.907554669466764
2016-12-24 02:00:00,14.830647241467789
2016-12-24 03:00:00,14.757783437683882
2016-12-24 04:00:00,14.689505467371509
2016-12-24 05:00:00,14.626355539787154
2016-12-24 06:00:00,14.568875864187286
2016-12-24 07:00:00,14.517608649828409
2016-12-24 08:00:00,14.473096105966976
2016-12-24 09:00:00,14.435880441859481
2016-12-24 10:00:00,14.406503866762396
2016-12-24 11:00:00,14.385508589932213
2016-12-24 12:00:00,14.373436820625392
2016-12-24 13:00:00,14.370830768098438
2016-12-24 14:00:00,14.19900036
2016-12-24 15:00:00,14.63899994
2016-12-24 16:00:00,14.63899994
2016-12-24 17:00:00,14.41899967
2016-12-24 18:00:00,14.41899967
2016-12-24 19:00:00,14.41899967
2016-12-24 20:00:00,14.85849953
2016-12-24 21:00:00,14.85849953
2016-12-24 22:00:00,14.85849953
2016-12-24 23:00:00,14.85849953
2016-12-25 00:00:00,15.29800034
2016-12-25 01:00:00,15.29800034
2016-12-25 02:00:00,15.29800034
2016-12-25 03:00:00,15.29800034
2016-12-25 04:00:00,14.41899967
2016-12-25 05:00:00,13.32050037
2016-12-25 06:00:00,13.32050037
2016-12-25 07:00:00,12.88049984
2016-12-25 08:00:00,12.66100025
2016-12-25 09:00:00,13.32050037
2016-12-25 10:00:00,13.32050037
2016-12-25 11:00:00,13.53999996
2016-12-25 12:00:00,14.41899967
2016-12-25 13:00:00,14.85849953
2016-12-25 14:00:00,14.85849953
2016-12-25 15:00:00,15.07849979
2016-12-25 16:00:00,15.07849979
2016-12-25 17:00:00,15.29800034
2016-12-25 18:00:00,15.29800034
2016-12-25 19:00:00,15.73750019
2016-12-25 20:00:00,15.78864548544317
2016-12-25 21:00:00,15.92884396930798
2016-12-25 22:00:00,16.059858413805685
2016-12-25 23:00:00,16.181612617528085
2016-12-26 00:00:00,16.294030379066974
2016-12-26 01:00:00,16.39703549701415
2016-12-26 02:00:00,16.490551769961414
2016-12-26 03:00:00,16.57450299650056
2016-12-26 04:00:00,16.648812975223382
2016-12-26 05:00:00,16.71340550472168
2016-12-26 06:00:00,16.76820438358725
2016-12-26 07:00:00,16.813133410411886
2016-12-26 08:00:00,16.84811638378739
2016-12-26 09:00:00,16.873077102305555
2016-12-26 10:00:00,16.88793936455818
2016-12-26 11:00:00,16.89262696913706
2016-12-26 12:00:00,16.88706371463399
2016-12-26 13:00:00,16.871173399640767
2016-12-26 14:00:00,16.844879822749192
2016-12-26 15:00:00,16.80810678255106
2016-12-26 16:00:00,16.76077807763817
2016-12-26 17:00:00,16.702817506602315
2016-12-26 18:00:00,16.634148868035293
2016-12-26 19:00:00,16.554695960528903
2016-12-26 20:00:00,16.464382582674933
2016-12-26 21:00:00,16.363132533065194
2016-12-26 22:00:00,16.250869610291474
2016-12-26 23:00:00,16.127517612945564
2016-12-27 00:00:00,15.993000339619272
2016-12-27 01:00:00,15.847241588904392
2016-12-27 02:00:00,15.690165159392716
2016-12-27 03:00:00,15.521694849676042
2016-12-27 04:00:00,15.341754458346173
2016-12-27 05:00:00,15.150267783994902
2016-12-27 06:00:00,14.94715862521402
2016-12-27 07:00:00,14.73235078059533
2016-12-27 08:00:00,14.50576804873063
2016-12-27 09:00:00,14.267334228211718
2016-12-27 10:00:00,14.016973117630378
2016-12-27 11:00:00,13.754608515578413
2016-12-27 12:00:00,13.480164220647628
2016-12-27 13:00:00,13.193564031429824
2016-12-27 14:00:00,12.894731746516781
2016-12-27 15:00:00,12.583591164500305
2016-12-27 16:00:00,12.260066083972186
2016-12-27 17:00:00,11.924080303524244
2016-12-27 18:00:00,11.575557621748233
2016-12-27 19:00:00,11.214421837235966
2016-12-27 20:00:00,10.840596748579262
2016-12-27 21:00:00,10.454006154369901
2016-12-27 22:00:00,10.24450016
2016-12-27 23:00:00,9.585000038
2016-12-28 00:00:00,9.145500183
2016-12-28 01:00:00,8.706000328
2016-12-28 02:00:00,7.827000141
2016-12-28 03:00:00,6.947999954
2016-12-28 04:00:00,6.508999825
2016-12-28 05:00:00,6.069499969
2016-12-28 06:00:00,5.630000114
2016-12-28 07:00:00,5.409999847
2016-12-28 08:00:00,5.190499783
2016-12-28 09:00:00,7.387499809
2016-12-28 10:00:00,8.486000061
2016-12-28 11:00:00,9.585000038
2016-12-28 12:00:00,12.88049984
2016-12-28 13:00:00,15.51749992
2016-12-28 14:00:00,16.83600044
2016-12-28 15:00:00,16.83600044
2016-12-28 16:00:00,16.83600044
2016-12-28 17:00:00,15.07800007
2016-12-28 18:00:00,13.53999996
2016-12-28 19:00:00,12.66100025
2016-12-28 20:00:00,11.78199959
2016-12-28 21:00:00,10.9034996
2016-12-28 22:00:00,10.24450016
2016-12-28 23:00:00,9.804499626
2016-12-29 00:00:00,9.145500183
2016-12-29 01:00:00,8.486000061
2016-12-29 02:00:00,7.827000141
2016-12-29 03:00:00,7.387499809
2016-12-29 04:00:00,6.728499889
2016-12-29 05:00:00,6.069499969
2016-12-29 06:00:00,5.630000114
2016-12-29 07:00:00,5.630000114
2016-12-29 08:00:00,5.630000114
2016-12-29 09:00:00,7.168000221
2016-12-29 10:00:00,10.46399975
2016-12-29 11:00:00,14.19950008
2016-12-29 12:00:00,17.05550003
2016-12-29 13:00:00,18.15399933
2016-12-29 14:00:00,18.15449905
2016-12-29 15:00:00,17.93449974
2016-12-29 16:00:00,16.83600044
2016-12-29 17:00:00,15.51799965
2016-12-29 18:00:00,14.41899967
2016-12-29 19:00:00,13.10050011
2016-12-29 20:00:00,11.78199959
2016-12-29 21:00:00,10.9034996
2016-12-29 22:00:00,10.46399975
2016-12-29 23:00:00,10.02449989
2016-12-30 00:00:00,9.804499626
2016-12-30 01:00:00,9.585000038
2016-12-30 02:00:00,9.145500183
2016-12-30 03:00:00,8.486499786
2016-12-30 04:00:00,8.046500206
2016-12-30 05:00:00,7.827000141
2016-12-30 06:00:00,7.387499809
2016-12-30 07:00:00,6.947999954
2016-12-30 08:00:00,6.947999954
2016-12-30 09:00:00,8.486000061
2016-12-30 10:00:00,10.46399975
2016-12-30 11:00:00,11.34300041
2016-12-30 12:00:00,13.32050037
2016-12-30 13:00:00,15.51799965
2016-12-30 14:00:00,18.15399933
2016-12-30 15:00:00,18.59399986
2016-12-30 16:00:00,18.59399986
2016-12-30 17:00:00,17.49500084
2016-12-30 18:00:00,15.29800034
2016-12-30 19:00:00,13.53999996
2016-12-30 20:00:00,12.66100025
2016-12-30 21:00:00,12.00150013
2016-12-30 22:00:00,11.34300041
2016-12-30 23:00:00,10.9034996
2016-12-31 00:00:00,10.68350029
2016-12-31 01:00:00,10.68350029
2016-12-31 02:00:00,10.68350029
2016-12-31 03:00:00,10.68350029
2016-12-31 04:00:00,10.68350029
2016-12-31 05:00:00,10.68350029
2016-12-31 06:00:00,10.68350029
2016-12-31 07:00:00,10.68350029
2016-12-31 08:00:00,10.68350029
2016-12-31 09:00:00,10.68350029
2016-12-31 10:00:00,10.68350029
2016-12-31 11:00:00,10.68350029
2016-12-31 12:00:00,10.68350029
2016-12-31 13:00:00,10.68350029
2016-12-31 14:00:00,10.68350029
2016-12-31 15:00:00,10.68350029
2016-12-31 16:00:00,10.68350029
2016-12-31 17:00:00,10.68350029
2016-12-31 18:00:00,10.898931596477627
2016-12-31 19:00:00,11.053126054469143
2016-12-31 20:00:00,11.230046835868146
2016-12-31 21:00:00,11.428285226283553
2016-12-31 22:00:00,11.64643251132428
2016-12-31 23:00:00,11.883079976599245
2017-01-01 00:00:00,12.136818907717366
2017-01-01 01:00:00,12.40624059028756
2017-01-01 02:00:00,12.689936309918743
2017-01-01 03:00:00,12.986497352219832
2017-01-01 04:00:00,13.294515002799741
2017-01-01 05:00:00,13.612580547267392
2017-01-01 06:00:00,13.939285271231695
2017-01-01 07:00:00,14.273220460301573
2017-01-01 08:00:00,14.612977400085944
2017-01-01 09:00:00,14.95714737619372
2017-01-01 10:00:00,15.304321674233819
2017-01-01 11:00:00,15.653091579815161
2017-01-01 12:00:00,16.002048378546654
2017-01-01 13:00:00,16.34978335603723
2017-01-01 14:00:00,16.69488779789579
2017-01-01 15:00:00,17.035952989731264
2017-01-01 16:00:00,17.371570217152563
2017-01-01 17:00:00,17.700330765768612
2017-01-01 18:00:00,18.02082592118832
2017-01-01 19:00:00,18.3316469690206
2017-01-01 20:00:00,18.631385194874376
2017-01-01 21:00:00,18.91863188435856
2017-01-01 22:00:00,19.19197832308207
2017-01-01 23:00:00,19.450015796653823
2017-01-02 00:00:00,19.691335590682733
2017-01-02 01:00:00,19.914528990777725
2017-01-02 02:00:00,20.118187282547712
2017-01-02 03:00:00,20.300901751601618
2017-01-02 04:00:00,20.461263683548367
2017-01-02 05:00:00,20.59786436399684
2017-01-02 06:00:00,20.709295078555968
2017-01-02 07:00:00,20.794147112834693
2017-01-02 08:00:00,20.851011752441913
2017-01-02 09:00:00,20.878480282986516
2017-01-02 10:00:00,20.87514399007746
2017-01-02 11:00:00,20.839594159323664
2017-01-02 12:00:00,20.770422076334043
2017-01-02 13:00:00,20.66621902671748
2017-01-02 14:00:00,20.52557629608294
2017-01-02 15:00:00,20.347085170039286
2017-01-02 16:00:00,20.129336934195493
2017-01-02 17:00:00,19.870922874160424
2017-01-02 18:00:00,19.57043427554304
2017-01-02 19:00:00,19.226462423952192
2017-01-02 20:00:00,19.03350067
2017-01-02 21:00:00,18.37400055
2017-01-02 22:00:00,17.71450043
2017-01-02 23:00:00,17.27549934
2017-01-03 00:00:00,16.39649963
2017-01-03 01:00:00,15.51749992
2017-01-03 02:00:00,14.85849953
2017-01-03 03:00:00,13.97949982
2017-01-03 04:00:00,13.32050037
2017-01-03 05:00:00,12.66100025
2017-01-03 06:00:00,12.2215004
2017-01-03 07:00:00,11.78199959
2017-01-03 08:00:00,11.78199959
2017-01-03 09:00:00,12.66100025
2017-01-03 10:00:00,14.85849953
2017-01-03 11:00:00,18.37400055
2017-01-03 12:00:00,21.23049927
2017-01-03 13:00:00,23.4279995
2017-01-03 14:00:00,24.74600029
2017-01-03 15:00:00,24.5265007
2017-01-03 16:00:00,23.86700058
2017-01-03 17:00:00,22.76849937
2017-01-03 18:00:00,21.88949966
2017-01-03 19:00:00,21.01099968
2017-01-03 20:00:00,20.35149956
2017-01-03 21:00:00,19.91250038
2017-01-03 22:00:00,19.91250038
2017-01-03 23:00:00,19.91250038
2017-01-04 00:00:00,19.47249985
2017-01-04 01:00:00,19.47249985
2017-01-04 02:00:00,19.03350067
2017-01-04 03:00:00,18.59350014
2017-01-04 04:00:00,18.15449905
2017-01-04 05:00:00,18.15449905
2017-01-04 06:00:00,18.15449905
2017-01-04 07:00:00,18.15449905
2017-01-04 08:00:00,18.15449905
2017-01-04 09:00:00,18.37400055
2017-01-04 10:00:00,19.03350067
2017-01-04 11:00:00,19.47249985
2017-01-04 12:00:00,19.91250038
2017-01-04 13:00:00,20.13199997
2017-01-04 14:00:00,20.13199997
2017-01-04 15:00:00,19.03350067
2017-01-04 16:00:00,18.59350014
2017-01-04 17:00:00,18.59350014
2017-01-04 18:00:00,18.59350014
2017-01-04 19:00:00,18.15449905
2017-01-04 20:00:00,18.15449905
2017-01-04 21:00:00,17.93449974
2017-01-04 22:00:00,17.49500084
2017-01-04 23:00:00,17.49500084
2017-01-05 00:00:00,17.05550003
2017-01-05 01:00:00,16.61599922
2017-01-05 02:00:00,16.17700005
2017-01-05 03:00:00,15.95699978
2017-01-05 04:00:00,15.73750019
2017-01-05 05:00:00,15.51799965
2017-01-05 06:00:00,15.51799965
2017-01-05 07:00:00,15.73750019
2017-01-05 08:00:00,15.73750019
2017-01-05 09:00:00,15.29800034
2017-01-05 10:00:00,15.07849979
2017-01-05 11:00:00,14.85849953
2017-01-05 12:00:00,14.85849953
2017-01-05 13:00:00,15.29800034
2017-01-05 14:00:00,15.29800034
2017-01-05 15:00:00,15.29800034
2017-01-05 16:00:00,15.29800034
2017-01-05 17:00:00,15.29800034
2017-01-05 18:00:00,15.29800034
2017-01-05 19:00:00,15.07849979
2017-01-05 20:00:00,15.51749992
2017-01-05 21:00:00,15.29800034
2017-01-05 22:00:00,14.85849953
2017-01-05 23:00:00,14.85849953
2017-01-06 00:00:00,14.63850021
2017-01-06 01:00:00,14.63850021
2017-01-06 02:00:00,14.19950008
2017-01-06 03:00:00,13.75949955
2017-01-06 04:00:00,13.32050037
2017-01-06 05:00:00,13.10050011
2017-01-06 06:00:00,12.88049984
2017-01-06 07:00:00,12.66100025
2017-01-06 08:00:00,12.66100025
2017-01-06 09:00:00,12.88049984
2017-01-06 10:00:00,13.75949955
2017-01-06 11:00:00,13.75949955
2017-01-06 12:00:00,14.63850021
2017-01-06 13:00:00,14.63850021
2017-01-06 14:00:00,14.85849953
2017-01-06 15:00:00,14.85849953
2017-01-06 16:00:00,15.07849979
2017-01-06 17:00:00,15.07849979
2017-01-06 18:00:00,15.29800034
2017-01-06 19:00:00,15.51749992
2017-01-06 20:00:00,15.51749992
2017-01-06 21:00:00,15.73750019
2017-01-06 22:00:00,15.95750046
2017-01-06 23:00:00,16.17700005
2017-01-07 00:00:00,16.17700005
2017-01-07 01:00:00,16.17700005
2017-01-07 02:00:00,15.95699978
2017-01-07 03:00:00,15.51799965
2017-01-07 04:00:00,15.51799965
2017-01-07 05:00:00,15.73750019
2017-01-07 06:00:00,15.95750046
2017-01-07 07:00:00,16.17700005
2017-01-07 08:00:00,15.95750046
2017-01-07 09:00:00,15.29800034
2017-01-07 10:00:00,15.07800007
2017-01-07 11:00:00,14.85849953
2017-01-07 12:00:00,14.85849953
2017-01-07 13:00:00,14.41899967
2017-01-07 14:00:00,14.41899967
2017-01-07 15:00:00,14.41899967
2017-01-07 16:00:00,14.85849953
2017-01-07 17:00:00,14.85849953
2017-01-07 18:00:00,14.85849953
2017-01-07 19:00:00,14.85849953
2017-01-07 20:00:00,14.85849953
2017-01-07 21:00:00,14.85849953
2017-01-07 22:00:00,14.41899967
2017-01-07 23:00:00,14.19950008
2017-01-08 00:00:00,13.97949982
2017-01-08 01:00:00,13.97949982
2017-01-08 02:00:00,13.53999996
2017-01-08 03:00:00,13.31999969
2017-01-08 04:00:00,13.10050011
2017-01-08 05:00:00,12.88099957
2017-01-08 06:00:00,12.88099957
2017-01-08 07:00:00,12.88099957
2017-01-08 08:00:00,12.66100025
2017-01-08 09:00:00,12.66100025
2017-01-08 10:00:00,12.44099998
2017-01-08 11:00:00,12.2215004
2017-01-08 12:00:00,12.66100025
2017-01-08 13:00:00,12.88099957
2017-01-08 14:00:00,13.10050011
2017-01-08 15:00:00,13.31999969
2017-01-08 16:00:00,13.31999969
2017-01-08 17:00:00,13.31999969
2017-01-08 18:00:00,13.31999969
2017-01-08 19:00:00,13.76000023
2017-01-08 20:00:00,13.76000023
2017-01-08 21:00:00,13.76000023
2017-01-08 22:00:00,13.76000023
2017-01-08 23:00:00,13.97949982
2017-01-09 00:00:00,13.76000023
2017-01-09 01:00:00,13.53999996
2017-01-09 02:00:00,13.53999996
2017-01-09 03:00:00,13.31999969
2017-01-09 04:00:00,13.10050011
2017-01-09 05:00:00,12.88099957
2017-01-09 06:00:00,12.66100025
2017-01-09 07:00:00,12.2215004
2017-01-09 08:00:00,11.78199959
2017-01-09 09:00:00,12.2215004
2017-01-09 10:00:00,13.10050011
2017-01-09 11:00:00,13.97949982
2017-01-09 12:00:00,15.07800007
2017-01-09 13:00:00,15.73750019
2017-01-09 14:00:00,16.83600044
2017-01-09 15:00:00,16.83600044
2017-01-09 16:00:00,16.83600044
2017-01-09 17:00:00,15.73750019
2017-01-09 18:00:00,14.85849953
2017-01-09 19:00:00,13.97949982
2017-01-09 20:00:00,13.97949982
2017-01-09 21:00:00,13.53999996
2017-01-09 22:00:00,13.53999996
2017-01-09 23:00:00,13.53999996
2017-01-10 00:00:00,13.53999996
2017-01-10 01:00:00,13.32050037
2017-01-10 02:00:00,12.88049984
2017-01-10 03:00:00,12.66100025
2017-01-10 04:00:00,12.2215004
2017-01-10 05:00:00,12.2215004
2017-01-10 06:00:00,12.2215004
2017-01-10 07:00:00,12.2215004
2017-01-10 08:00:00,12.2215004
2017-01-10 09:00:00,12.2215004
2017-01-10 10:00:00,12.88049984
2017-01-10 11:00:00,13.53999996
2017-01-10 12:00:00,14.63850021
2017-01-10 13:00:00,15.73750019
2017-01-10 14:00:00,15.95699978
2017-01-10 15:00:00,15.95699978
2017-01-10 16:00:00,15.73750019
2017-01-10 17:00:00,15.51749992
2017-01-10 18:00:00,15.51749992
2017-01-10 19:00:00,15.51749992
2017-01-10 20:00:00,15.51749992
2017-01-10 21:00:00,15.07849979
2017-01-10 22:00:00,14.63850021
2017-01-10 23:00:00,14.63850021
2017-01-11 00:00:00,13.97949982
2017-01-11 01:00:00,13.97949982
2017-01-11 02:00:00,13.53999996
2017-01-11 03:00:00,13.32050037
2017-01-11 04:00:00,13.10050011
2017-01-11 05:00:00,12.88049984
2017-01-11 06:00:00,12.88049984
2017-01-11 07:00:00,12.66100025
2017-01-11 08:00:00,12.66100025
2017-01-11 09:00:00,13.10050011
2017-01-11 10:00:00,13.97949982
2017-01-11 11:00:00,15.73750019
2017-01-11 12:00:00,18.37400055
2017-01-11 13:00:00,19.69249916
2017-01-11 14:00:00,20.35149956
2017-01-11 15:00:00,19.03300095
2017-01-11 16:00:00,17.93449974
2017-01-11 17:00:00,17.49500084
2017-01-11 18:00:00,16.83550072
2017-01-11 19:00:00,16.39649963
2017-01-11 20:00:00,16.17700005
2017-01-11 21:00:00,15.95750046
2017-01-11 22:00:00,15.73750019
2017-01-11 23:00:00,15.73750019
2017-01-12 00:00:00,15.29800034
2017-01-12 01:00:00,15.07849979
2017-01-12 02:00:00,14.63850021
2017-01-12 03:00:00,14.41899967
2017-01-12 04:00:00,14.19950008
2017-01-12 05:00:00,13.97949982
2017-01-12 06:00:00,13.75949955
2017-01-12 07:00:00,13.75949955
2017-01-12 08:00:00,13.53999996
2017-01-12 09:00:00,13.53999996
2017-01-12 10:00:00,13.75949955
2017-01-12 11:00:00,14.63850021
2017-01-12 12:00:00,15.29800034
2017-01-12 13:00:00,16.39649963
2017-01-12 14:00:00,18.37400055
2017-01-12 15:00:00,18.81349945
2017-01-12 16:00:00,18.37400055
2017-01-12 17:00:00,16.83550072
2017-01-12 18:00:00,15.73750019
2017-01-12 19:00:00,16.606784964623664
2017-01-12 20:00:00,16.575584510457684
2017-01-12 21:00:00,16.5475067485319
2017-01-12 22:00:00,16.522226410676822
2017-01-12 23:00:00,16.499418228722945
2017-01-13 00:00:00,16.47875693450077
2017-01-13 01:00:00,16.4599172598408
2017-01-13 02:00:00,16.442573936573535
2017-01-13 03:00:00,16.426401696529478
2017-01-13 04:00:00,16.41107527153913
2017-01-13 05:00:00,16.39626939343299
2017-01-13 06:00:00,16.38165879404156
2017-01-13 07:00:00,16.36691820519534
2017-01-13 08:00:00,16.351722358724835
2017-01-13 09:00:00,16.335745986460545
2017-01-13 10:00:00,16.31866382023297
2017-01-13 11:00:00,16.30015059187261
2017-01-13 12:00:00,16.27988103320997
2017-01-13 13:00:00,16.25752987607555
2017-01-13 14:00:00,16.23277185229985
2017-01-13 15:00:00,16.205281693713374
2017-01-13 16:00:00,16.174734132146618
2017-01-13 17:00:00,16.14080389943009
2017-01-13 18:00:00,16.103165727394288
2017-01-13 19:00:00,16.06149434786971
2017-01-13 20:00:00,16.015464492686863
2017-01-13 21:00:00,15.964750893676246
2017-01-13 22:00:00,15.909028282668359
2017-01-13 23:00:00,15.847971391493704
2017-01-14 00:00:00,15.781254951982785
2017-01-14 01:00:00,15.708553695966097
2017-01-14 02:00:00,15.629542355274147
2017-01-14 03:00:00,15.543895661737434
2017-01-14 04:00:00,15.451288347186463
2017-01-14 05:00:00,15.351395143451734
2017-01-14 06:00:00,15.243890782363742
2017-01-14 07:00:00,15.128449995752991
2017-01-14 08:00:00,15.004747515449987
2017-01-14 09:00:00,14.872458073285227
2017-01-14 10:00:00,14.731256401089206
2017-01-14 11:00:00,14.580817230692436
2017-01-14 12:00:00,14.420815293925415
2017-01-14 13:00:00,14.250925322618647
2017-01-14 14:00:00,14.070822048602627
2017-01-14 15:00:00,13.880180203707864
2017-01-14 16:00:00,13.678674519764847
2017-01-14 17:00:00,13.465979728604093
2017-01-14 18:00:00,13.241770562056091
2017-01-14 19:00:00,13.00572175195135
2017-01-14 20:00:00,12.757508030120356
2017-01-14 21:00:00,12.44149971
2017-01-14 22:00:00,12.44149971
2017-01-14 23:00:00,12.00150013
2017-01-15 00:00:00,11.5625
2017-01-15 01:00:00,11.12349987
2017-01-15 02:00:00,10.68350029
2017-01-15 03:00:00,10.02449989
2017-01-15 04:00:00,9.36550045
2017-01-15 05:00:00,9.145500183
2017-01-15 06:00:00,8.706000328
2017-01-15 07:00:00,8.486499786
2017-01-15 08:00:00,8.266500473
2017-01-15 09:00:00,9.585000038
2017-01-15 10:00:00,11.34249973
2017-01-15 11:00:00,13.97949982
2017-01-15 12:00:00,16.83600044
2017-01-15 13:00:00,17.71500015
2017-01-15 14:00:00,19.03300095
2017-01-15 15:00:00,18.15449905
2017-01-15 16:00:00,16.61650085
2017-01-15 17:00:00,14.85849953
2017-01-15 18:00:00,13.53999996
2017-01-15 19:00:00,13.31999969
2017-01-15 20:00:00,12.88049984
2017-01-15 21:00:00,12.2215004
2017-01-15 22:00:00,11.5625
2017-01-15 23:00:00,11.34300041
2017-01-16 00:00:00,10.9034996
2017-01-16 01:00:00,10.46399975
2017-01-16 02:00:00,9.804499626
2017-01-16 03:00:00,9.145500183
2017-01-16 04:00:00,8.706000328
2017-01-16 05:00:00,8.469996267665657
2017-01-16 06:00:00,8.157968612595647
2017-01-16 07:00:00,7.88063178643648
2017-01-16 08:00:00,7.63680399700997
2017-01-16 09:00:00,7.425303452137935
2017-01-16 10:00:00,7.2449483596421915
2017-01-16 11:00:00,7.0945569273445575
2017-01-16 12:00:00,6.972947363066847
2017-01-16 13:00:00,6.87893787463088
2017-01-16 14:00:00,6.811346669858473
2017-01-16 15:00:00,6.768991956571446
2017-01-16 16:00:00,6.7506919425916125
2017-01-16 17:00:00,6.755264835740785
2017-01-16 18:00:00,6.781528843840786
2017-01-16 19:00:00,6.82830217471343
2017-01-16 20:00:00,6.894403036180535
2017-01-16 21:00:00,6.97864963606392
2017-01-16 22:00:00,7.079860182185399
2017-01-16 23:00:00,7.196852882366785
2017-01-17 00:00:00,7.3284459444299035
2017-01-17 01:00:00,7.473457576196569
2017-01-17 02:00:00,7.630705985488607
2017-01-17 03:00:00,7.799009380127823
2017-01-17 04:00:00,7.977185967936025
2017-01-17 05:00:00,8.16405395673505
2017-01-17 06:00:00,8.358431554346705
2017-01-17 07:00:00,8.559136968592798
2017-01-17 08:00:00,8.764988407295153
2017-01-17 09:00:00,8.974804078275586
2017-01-17 10:00:00,9.187402189355907
2017-01-17 11:00:00,9.401600948357947
2017-01-17 12:00:00,9.616218563103542
2017-01-17 13:00:00,9.830073241414487
2017-01-17 14:00:00,10.04198319111258
2017-01-17 15:00:00,10.250766620019634
2017-01-17 16:00:00,10.45524173595751
2017-01-17 17:00:00,10.65422674674799
2017-01-17 18:00:00,10.846539860212905
2017-01-17 19:00:00,11.030999284174074
2017-01-17 20:00:00,11.20642322645332
2017-01-17 21:00:00,11.371629894872457
2017-01-17 22:00:00,11.525437497253302
2017-01-17 23:00:00,11.666664241417651
2017-01-18 00:00:00,11.794128335187319
2017-01-18 01:00:00,11.90664798638417
2017-01-18 02:00:00,12.00304140282998
2017-01-18 03:00:00,12.082126792346532
2017-01-18 04:00:00,12.142722362755702
2017-01-18 05:00:00,12.183646321879294
2017-01-18 06:00:00,12.20371687753915
2017-01-18 07:00:00,12.66100025
2017-01-18 08:00:00,11.78199959
2017-01-18 09:00:00,11.5625
2017-01-18 10:00:00,11.5625
2017-01-18 11:00:00,11.78199959
2017-01-18 12:00:00,11.78199959
2017-01-18 13:00:00,11.78199959
2017-01-18 14:00:00,12.00150013
2017-01-18 15:00:00,12.00150013
2017-01-18 16:00:00,12.00150013
2017-01-18 17:00:00,11.78199959
2017-01-18 18:00:00,11.34300041
2017-01-18 19:00:00,11.34300041
2017-01-18 20:00:00,11.78199959
2017-01-18 21:00:00,12.2215004
2017-01-18 22:00:00,12.44149971
2017-01-18 23:00:00,12.66100025
2017-01-19 00:00:00,12.88049984
2017-01-19 01:00:00,12.88049984
2017-01-19 02:00:00,12.88049984
2017-01-19 03:00:00,12.88049984
2017-01-19 04:00:00,12.88049984
2017-01-19 05:00:00,12.66100025
2017-01-19 06:00:00,12.2215004
2017-01-19 07:00:00,12.2215004
2017-01-19 08:00:00,12.2215004
2017-01-19 09:00:00,12.2215004
2017-01-19 10:00:00,12.66100025
2017-01-19 11:00:00,13.10050011
2017-01-19 12:00:00,13.53999996
2017-01-19 13:00:00,13.97949982
2017-01-19 14:00:00,14.19900036
2017-01-19 15:00:00,14.41899967
2017-01-19 16:00:00,14.41899967
2017-01-19 17:00:00,13.97949982
2017-01-19 18:00:00,13.76000023
2017-01-19 19:00:00,13.76000023
2017-01-19 20:00:00,13.76000023
2017-01-19 21:00:00,13.76000023
2017-01-19 22:00:00,13.31999969
2017-01-19 23:00:00,12.44149971
2017-01-20 00:00:00,12.00150013
2017-01-20 01:00:00,11.34300041
2017-01-20 02:00:00,10.68350029
2017-01-20 03:00:00,10.24450016
2017-01-20 04:00:00,9.585000038
2017-01-20 05:00:00,8.925499916
2017-01-20 06:00:00,8.266500473
2017-01-20 07:00:00,7.827000141
2017-01-20 08:00:00,7.387499809
2017-01-20 09:00:00,8.486000061
2017-01-20 10:00:00,10.46399975
2017-01-20 11:00:00,12.66100025
2017-01-20 12:00:00,15.29749966
2017-01-20 13:00:00,15.73750019
2017-01-20 14:00:00,17.49550056
2017-01-20 15:00:00,17.27549934
2017-01-20 16:00:00,16.17650032
2017-01-20 17:00:00,14.19950008
2017-01-20 18:00:00,12.44099998
2017-01-20 19:00:00,10.46399975
2017-01-20 20:00:00,9.585000038
2017-01-20 21:00:00,8.706000328
2017-01-20 22:00:00,7.827000141
2017-01-20 23:00:00,7.387499809
2017-01-21 00:00:00,6.508999825
2017-01-21 01:00:00,6.069499969
2017-01-21 02:00:00,5.190499783
2017-01-21 03:00:00,4.531000137
2017-01-21 04:00:00,3.871999979
2017-01-21 05:00:00,3.213000059
2017-01-21 06:00:00,2.773499966
2017-01-21 07:00:00,2.553999901
2017-01-21 08:00:00,2.773499966
2017-01-21 09:00:00,4.750999928
2017-01-21 10:00:00,8.266500473
2017-01-21 11:00:00,11.12300014
2017-01-21 12:00:00,13.97949982
2017-01-21 13:00:00,15.51749992
2017-01-21 14:00:00,18.15449905
2017-01-21 15:00:00,17.93449974
2017-01-21 16:00:00,17.49500084
2017-01-21 17:00:00,16.17650032
2017-01-21 18:00:00,14.41899967
2017-01-21 19:00:00,13.10050011
2017-01-21 20:00:00,12.00150013
2017-01-21 21:00:00,10.9034996
2017-01-21 22:00:00,10.02449989
2017-01-21 23:00:00,9.145500183
2017-01-22 00:00:00,8.266500473
2017-01-22 01:00:00,7.827000141
2017-01-22 02:00:00,6.947999954
2017-01-22 03:00:00,6.069499969
2017-01-22 04:00:00,5.630000114
2017-01-22 05:00:00,4.750999928
2017-01-22 06:00:00,4.311500072
2017-01-22 07:00:00,3.871999979
2017-01-22 08:00:00,3.65199995
2017-01-22 09:00:00,5.409999847
2017-01-22 10:00:00,8.046999931
2017-01-22 11:00:00,11.5625
2017-01-22 12:00:00,15.29800034
2017-01-22 13:00:00,17.05599976
2017-01-22 14:00:00,19.69249916
2017-01-22 15:00:00,19.91200066
2017-01-22 16:00:00,19.25300026
2017-01-22 17:00:00,17.27499962
2017-01-22 18:00:00,15.07849979
2017-01-22 19:00:00,13.32050037
2017-01-22 20:00:00,11.78199959
2017-01-22 21:00:00,10.9034996
2017-01-22 22:00:00,10.46399975
2017-01-22 23:00:00,10.02449989
2017-01-23 00:00:00,9.804499626
2017-01-23 01:00:00,9.36550045
2017-01-23 02:00:00,9.145500183
2017-01-23 03:00:00,8.706000328
2017-01-23 04:00:00,8.266500473
2017-01-23 05:00:00,7.607500076
2017-01-23 06:00:00,7.167500019
2017-01-23 07:00:00,6.728499889
2017-01-23 08:00:00,6.508999825
2017-01-23 09:00:00,7.827000141
2017-01-23 10:00:00,10.02449989
2017-01-23 11:00:00,12.44099998
2017-01-23 12:00:00,15.07800007
2017-01-23 13:00:00,15.73700047
2017-01-23 14:00:00,18.59350014
2017-01-23 15:00:00,19.03300095
2017-01-23 16:00:00,18.59399986
2017-01-23 17:00:00,16.83600044
2017-01-23 18:00:00,14.63899994
2017-01-23 19:00:00,13.10050011
2017-01-23 20:00:00,12.2215004
2017-01-23 21:00:00,11.5625
2017-01-23 22:00:00,10.9034996
2017-01-23 23:00:00,10.46399975
2017-01-24 00:00:00,10.02449989
2017-01-24 01:00:00,10.02449989
2017-01-24 02:00:00,9.585000038
2017-01-24 03:00:00,9.145500183
2017-01-24 04:00:00,8.706000328
2017-01-24 05:00:00,8.266500473
2017-01-24 06:00:00,7.387499809
2017-01-24 07:00:00,7.167500019
2017-01-24 08:00:00,7.167500019
2017-01-24 09:00:00,8.486000061
2017-01-24 10:00:00,11.12300014
2017-01-24 11:00:00,13.97949982
2017-01-24 12:00:00,16.83600044
2017-01-24 13:00:00,17.27549934
2017-01-24 14:00:00,17.49500084
2017-01-24 15:00:00,17.71500015
2017-01-24 16:00:00,17.05550003
2017-01-24 17:00:00,15.95699978
2017-01-24 18:00:00,14.41899967
2017-01-24 19:00:00,13.53999996
2017-01-24 20:00:00,13.10050011
2017-01-24 21:00:00,12.88049984
2017-01-24 22:00:00,12.88049984
2017-01-24 23:00:00,12.88049984
2017-01-25 00:00:00,12.66100025
2017-01-25 01:00:00,12.66100025
2017-01-25 02:00:00,12.66100025
2017-01-25 03:00:00,12.2215004
2017-01-25 04:00:00,11.78199959
2017-01-25 05:00:00,11.5625
2017-01-25 06:00:00,11.5625
2017-01-25 07:00:00,11.5625
2017-01-25 08:00:00,11.34300041
2017-01-25 09:00:00,11.78199959
2017-01-25 10:00:00,12.66100025
2017-01-25 11:00:00,13.53999996
2017-01-25 12:00:00,15.07800007
2017-01-25 13:00:00,16.61599922
2017-01-25 14:00:00,18.59399986
2017-01-25 15:00:00,20.35199928
2017-01-25 16:00:00,21.01049995
2017-01-25 17:00:00,19.91200066
2017-01-25 18:00:00,17.93449974
2017-01-25 19:00:00,15.73750019
2017-01-25 20:00:00,14.19950008
2017-01-25 21:00:00,13.10050011
2017-01-25 22:00:00,13.215271886782446
2017-01-25 23:00:00,12.631351366751634
2017-01-26 00:00:00,12.083847816427998
2017-01-26 01:00:00,11.571866900978137
2017-01-26 02:00:00,11.094514285568643
2017-01-26 03:00:00,10.650895635366115
2017-01-26 04:00:00,10.24011661553715
2017-01-26 05:00:00,9.861282891248345
2017-01-26 06:00:00,9.513500127666294
2017-01-26 07:00:00,9.195873989957594
2017-01-26 08:00:00,8.907510143288839
2017-01-26 09:00:00,8.64751425282663
2017-01-26 10:00:00,8.414991983737556
2017-01-26 11:00:00,8.20904900118822
2017-01-26 12:00:00,8.028790970345216
2017-01-26 13:00:00,7.873323556375141
2017-01-26 14:00:00,7.741752424444589
2017-01-26 15:00:00,7.63318323972016
2017-01-26 16:00:00,7.546721667368438
2017-01-26 17:00:00,7.481473372556043
2017-01-26 18:00:00,7.4365440204495545
2017-01-26 19:00:00,7.411039276215573
2017-01-26 20:00:00,7.404064805020683
2017-01-26 21:00:00,7.414726272031513
2017-01-26 22:00:00,7.442129342414624
2017-01-26 23:00:00,7.485379681336629
2017-01-27 00:00:00,7.543582953964121
2017-01-27 01:00:00,7.615844825463704
2017-01-27 02:00:00,7.701270961001949
2017-01-27 03:00:00,7.798967025745487
2017-01-27 04:00:00,7.908038684860884
2017-01-27 05:00:00,8.027591603514761
2017-01-27 06:00:00,8.156731446873703
2017-01-27 07:00:00,8.294563880104299
2017-01-27 08:00:00,8.440194568373162
2017-01-27 09:00:00,8.592729176846863
2017-01-27 10:00:00,8.751273370691997
2017-01-27 11:00:00,8.914932815075204
2017-01-27 12:00:00,9.082813175163054
2017-01-27 13:00:00,9.254020116122131
2017-01-27 14:00:00,9.42765930311905
2017-01-27 15:00:00,9.602836401320406
2017-01-27 16:00:00,9.778657075892813
2017-01-27 17:00:00,9.954226992002809
2017-01-27 18:00:00,10.128651814817047
2017-01-27 19:00:00,10.301037209502098
2017-01-27 20:00:00,10.470488841224572
2017-01-27 21:00:00,10.636112375151036
2017-01-27 22:00:00,10.797013476448122
2017-01-27 23:00:00,10.952297810282388
2017-01-28 00:00:00,11.5625
2017-01-28 01:00:00,10.9034996
2017-01-28 02:00:00,10.9034996
2017-01-28 03:00:00,11.12349987
2017-01-28 04:00:00,11.12349987
2017-01-28 05:00:00,11.34300041
2017-01-28 06:00:00,11.34300041
2017-01-28 07:00:00,11.34300041
2017-01-28 08:00:00,11.78199959
2017-01-28 09:00:00,12.44149971
2017-01-28 10:00:00,13.53999996
2017-01-28 11:00:00,14.19950008
2017-01-28 12:00:00,15.73750019
2017-01-28 13:00:00,19.25300026
2017-01-28 14:00:00,22.98800087
2017-01-28 15:00:00,24.30649948
2017-01-28 16:00:00,24.30699921
2017-01-28 17:00:00,23.4279995
2017-01-28 18:00:00,21.66950035
2017-01-28 19:00:00,20.35149956
2017-01-28 20:00:00,19.03350067
2017-01-28 21:00:00,17.71450043
2017-01-28 22:00:00,16.83550072
2017-01-28 23:00:00,15.95750046
2017-01-29 00:00:00,15.51749992
2017-01-29 01:00:00,15.51749992
2017-01-29 02:00:00,15.51749992
2017-01-29 03:00:00,15.51749992
2017-01-29 04:00:00,15.51749992
2017-01-29 05:00:00,15.51749992
2017-01-29 06:00:00,15.07849979
2017-01-29 07:00:00,14.63850021
2017-01-29 08:00:00,14.63850021
2017-01-29 09:00:00,15.51749992
2017-01-29 10:00:00,16.61650085
2017-01-29 11:00:00,17.49500084
2017-01-29 12:00:00,16.61650085
2017-01-29 13:00:00,15.95699978
2017-01-29 14:00:00,15.07800007
2017-01-29 15:00:00,14.19900036
2017-01-29 16:00:00,13.53999996
2017-01-29 17:00:00,13.10050011
2017-01-29 18:00:00,12.00199986
2017-01-29 19:00:00,10.9034996
2017-01-29 20:00:00,10.24400043
2017-01-29 21:00:00,9.805000305
2017-01-29 22:00:00,10.02449989
2017-01-29 23:00:00,10.02449989
2017-01-30 00:00:00,10.02449989
2017-01-30 01:00:00,10.02449989
2017-01-30 02:00:00,10.02449989
2017-01-30 03:00:00,9.585000038
2017-01-30 04:00:00,9.36550045
2017-01-30 05:00:00,8.706000328
2017-01-30 06:00:00,7.607500076
2017-01-30 07:00:00,7.167500019
2017-01-30 08:00:00,6.728499889
2017-01-30 09:00:00,7.387499809
2017-01-30 10:00:00,9.36550045
2017-01-30 11:00:00,11.34249973
2017-01-30 12:00:00,13.53999996
2017-01-30 13:00:00,14.85849953
2017-01-30 14:00:00,16.61599922
2017-01-30 15:00:00,16.39649963
2017-01-30 16:00:00,15.07849979
2017-01-30 17:00:00,13.10050011
2017-01-30 18:00:00,10.9034996
2017-01-30 19:00:00,9.585000038
2017-01-30 20:00:00,8.706000328
2017-01-30 21:00:00,8.266500473
2017-01-30 22:00:00,7.607500076
2017-01-30 23:00:00,7.167500019
2017-01-31 00:00:00,6.947999954
2017-01-31 01:00:00,6.947999954
2017-01-31 02:00:00,6.947999954
2017-01-31 03:00:00,6.947999954
2017-01-31 04:00:00,6.947999954
2017-01-31 05:00:00,6.947999954
2017-01-31 06:00:00,6.947999954
2017-01-31 07:00:00,6.947999954
2017-01-31 08:00:00,6.947999954
2017-01-31 09:00:00,6.947999954
2017-01-31 10:00:00,6.947999954
2017-01-31 11:00:00,6.947999954
2017-01-31 12:00:00,6.947999954
2017-01-31 13:00:00,7.0666401598776645
2017-01-31 14:00:00,7.159176166162958
2017-01-31 15:00:00,7.267487356926422
2017-01-31 16:00:00,7.390693257659842
2017-01-31 17:00:00,7.527913393855
2017-01-31 18:00:00,7.678267291003681
2017-01-31 19:00:00,7.840874474597668
2017-01-31 20:00:00,8.014854470128746
2017-01-31 21:00:00,8.199326803088699
2017-01-31 22:00:00,8.39341099896931
2017-01-31 23:00:00,8.59622658326236
2017-02-01 00:00:00,8.80689308145964
2017-02-01 01:00:00,9.024530019052925
2017-02-01 02:00:00,9.248256921534004
2017-02-01 03:00:00,9.477193314394661
2017-02-01 04:00:00,9.71045872312668
2017-02-01 05:00:00,9.947172673221841
2017-02-01 06:00:00,10.186454690171933
2017-02-01 07:00:00,10.427424299468733
2017-02-01 08:00:00,10.669201026604036
2017-02-01 09:00:00,10.910904397069615
2017-02-01 10:00:00,11.15165393635726
2017-02-01 11:00:00,11.390569169958752
2017-02-01 12:00:00,11.626769623365881
2017-02-01 13:00:00,11.859374822070425
2017-02-01 14:00:00,12.087504291564166
2017-02-01 15:00:00,12.31027755733889
2017-02-01 16:00:00,12.526814144886384
2017-02-01 17:00:00,12.736233579698425
2017-02-01 18:00:00,12.937655387266805
2017-02-01 19:00:00,13.130199093083297
2017-02-01 20:00:00,13.312984222639697
2017-02-01 21:00:00,13.485130301427784
2017-02-01 22:00:00,13.645756854939343
2017-02-01 23:00:00,13.793983408666165
2017-02-02 00:00:00,13.92892948810001
2017-02-02 01:00:00,14.049714618732672
2017-02-02 02:00:00,14.155458326055953
2017-02-02 03:00:00,14.245280135561623
2017-02-02 04:00:00,14.31829957274145
2017-02-02 05:00:00,14.373636163087241
2017-02-02 06:00:00,14.410409432090779
2017-02-02 07:00:00,14.427738905243853
2017-02-02 08:00:00,14.424744108038219
2017-02-02 09:00:00,14.400544565965692
2017-02-02 10:00:00,14.354259804518026
2017-02-02 11:00:00,14.285009349187039
2017-02-02 12:00:00,14.191912725464482
2017-02-02 13:00:00,14.074089458842163
2017-02-02 14:00:00,13.930659074811828
2017-02-02 15:00:00,13.76000023
2017-02-02 16:00:00,13.76000023
2017-02-02 17:00:00,13.31999969
2017-02-02 18:00:00,12.66100025
2017-02-02 19:00:00,12.66100025
2017-02-02 20:00:00,12.2215004
2017-02-02 21:00:00,11.78199959
2017-02-02 22:00:00,11.34300041
2017-02-02 23:00:00,11.78199959
2017-02-03 00:00:00,11.34300041
2017-02-03 01:00:00,10.9034996
2017-02-03 02:00:00,10.68350029
2017-02-03 03:00:00,10.68350029
2017-02-03 04:00:00,10.46399975
2017-02-03 05:00:00,10.181752204771623
2017-02-03 06:00:00,9.950702480670882
2017-02-03 07:00:00,9.719164373214179
2017-02-03 08:00:00,9.487853672821936
2017-02-03 09:00:00,9.257486169914579
2017-02-03 10:00:00,9.02877765491253
2017-02-03 11:00:00,8.802443918236214
2017-02-03 12:00:00,8.579200750306057
2017-02-03 13:00:00,8.35976394154248
2017-02-03 14:00:00,8.14484928236591
2017-02-03 15:00:00,7.935172563196771
2017-02-03 16:00:00,7.731449574455486
2017-02-03 17:00:00,7.534396106562481
2017-02-03 18:00:00,7.344727949938179
2017-02-03 19:00:00,7.163160895003004
2017-02-03 20:00:00,6.99041073217738
2017-02-03 21:00:00,6.827193251881731
2017-02-03 22:00:00,6.674224244536481
2017-02-03 23:00:00,6.532219500562058
2017-02-04 00:00:00,6.4018948103788835
2017-02-04 01:00:00,6.28396596440738
2017-02-04 02:00:00,6.179148753067973
2017-02-04 03:00:00,6.088158966781087
2017-02-04 04:00:00,6.011712395967148
2017-02-04 05:00:00,5.950524831046576
2017-02-04 06:00:00,5.905312062439802
2017-02-04 07:00:00,5.876789880567241
2017-02-04 08:00:00,5.865674075849324
2017-02-04 09:00:00,5.872680438706471
2017-02-04 10:00:00,5.898524759559109
2017-02-04 11:00:00,5.943922828827658
2017-02-04 12:00:00,6.009590436932544
2017-02-04 13:00:00,6.096243374294203
2017-02-04 14:00:00,6.204597431333047
2017-02-04 15:00:00,6.335368398469496
2017-02-04 16:00:00,6.489272066123997
2017-02-04 17:00:00,6.667024224716954
2017-02-04 18:00:00,6.869340664668786
2017-02-04 19:00:00,7.096937176399923
2017-02-04 20:00:00,7.350529550330808
2017-02-04 21:00:00,7.630833576881843
2017-02-04 22:00:00,7.938565046473459
2017-02-04 23:00:00,8.274439749526065
2017-02-05 00:00:00,8.6391734764601
2017-02-05 01:00:00,9.033482017695995
2017-02-05 02:00:00,9.458081163654168
2017-02-05 03:00:00,9.913686704755044
2017-02-05 04:00:00,10.401014431419059
2017-02-05 05:00:00,10.920780134066591
2017-02-05 06:00:00,11.473699603118153
2017-02-05 07:00:00,12.2215004
2017-02-05 08:00:00,12.44149971
2017-02-05 09:00:00,13.10050011
2017-02-05 10:00:00,13.75949955
2017-02-05 11:00:00,14.19950008
2017-02-05 12:00:00,15.51749992
2017-02-05 13:00:00,18.37400055
2017-02-05 14:00:00,20.79100037
2017-02-05 15:00:00,22.10899925
2017-02-05 16:00:00,21.88949966
2017-02-05 17:00:00,19.91250038
2017-02-05 18:00:00,17.49500084
2017-02-05 19:00:00,15.95750046
2017-02-05 20:00:00,14.63850021
2017-02-05 21:00:00,13.53999996
2017-02-05 22:00:00,12.66100025
2017-02-05 23:00:00,12.2215004
2017-02-06 00:00:00,11.78199959
2017-02-06 01:00:00,11.34300041
2017-02-06 02:00:00,10.9034996
2017-02-06 03:00:00,10.24450016
2017-02-06 04:00:00,10.02449989
2017-02-06 05:00:00,10.02449989
2017-02-06 06:00:00,10.24450016
2017-02-06 07:00:00,10.24450016
2017-02-06 08:00:00,10.24450016
2017-02-06 09:00:00,10.68350029
2017-02-06 10:00:00,11.78199959
2017-02-06 11:00:00,13.31999969
2017-02-06 12:00:00,16.39649963
2017-02-06 13:00:00,17.93449974
2017-02-06 14:00:00,18.37400055
2017-02-06 15:00:00,20.13199997
2017-02-06 16:00:00,19.47249985
2017-02-06 17:00:00,17.27499962
2017-02-06 18:00:00,15.29800034
2017-02-06 19:00:00,14.41899967
2017-02-06 20:00:00,13.53999996
2017-02-06 21:00:00,13.10050011
2017-02-06 22:00:00,12.2215004
2017-02-06 23:00:00,11.78199959
2017-02-07 00:00:00,11.34300041
2017-02-07 01:00:00,10.9034996
2017-02-07 02:00:00,10.46399975
2017-02-07 03:00:00,9.585000038
2017-02-07 04:00:00,9.145500183
2017-02-07 05:00:00,8.706000328
2017-02-07 06:00:00,7.827000141
2017-02-07 07:00:00,7.606999874
2017-02-07 08:00:00,7.827000141
2017-02-07 09:00:00,9.145500183
2017-02-07 10:00:00,11.12300014
2017-02-07 11:00:00,13.53999996
2017-02-07 12:00:00,14.41899967
2017-02-07 13:00:00,13.97949982
2017-02-07 14:00:00,13.76000023
2017-02-07 15:00:00,13.53999996
2017-02-07 16:00:00,13.53999996
2017-02-07 17:00:00,13.10050011
2017-02-07 18:00:00,13.10050011
2017-02-07 19:00:00,13.10050011
2017-02-07 20:00:00,13.10050011
2017-02-07 21:00:00,12.88049984
2017-02-07 22:00:00,11.78199959
2017-02-07 23:00:00,11.12349987
2017-02-08 00:00:00,10.68350029
2017-02-08 01:00:00,10.24450016
2017-02-08 02:00:00,9.804499626
2017-02-08 03:00:00,9.36550045
2017-02-08 04:00:00,8.925499916
2017-02-08 05:00:00,8.486499786
2017-02-08 06:00:00,8.266500473
2017-02-08 07:00:00,8.046500206
2017-02-08 08:00:00,7.607500076
2017-02-08 09:00:00,7.167500019
2017-02-08 10:00:00,7.167500019
2017-02-08 11:00:00,7.167500019
2017-02-08 12:00:00,7.167500019
2017-02-08 13:00:00,7.607500076
2017-02-08 14:00:00,7.827000141
2017-02-08 15:00:00,8.046500206
2017-02-08 16:00:00,8.486499786
2017-02-08 17:00:00,8.486499786
2017-02-08 18:00:00,8.046500206
2017-02-08 19:00:00,7.607500076
2017-02-08 20:00:00,7.607500076
2017-02-08 21:00:00,7.827000141
2017-02-08 22:00:00,7.827000141
2017-02-08 23:00:00,8.046999931
2017-02-09 00:00:00,8.046999931
2017-02-09 01:00:00,7.827000141
2017-02-09 02:00:00,7.827000141
2017-02-09 03:00:00,7.827000141
2017-02-09 04:00:00,7.827000141
2017-02-09 05:00:00,7.387499809
2017-02-09 06:00:00,6.948500156
2017-02-09 07:00:00,6.948500156
2017-02-09 08:00:00,6.508500099
2017-02-09 09:00:00,6.948500156
2017-02-09 10:00:00,8.706000328
2017-02-09 11:00:00,11.5625
2017-02-09 12:00:00,15.07800007
2017-02-09 13:00:00,16.17650032
2017-02-09 14:00:00,17.93499947
2017-02-09 15:00:00,18.15399933
2017-02-09 16:00:00,17.05550003
2017-02-09 17:00:00,14.41899967
2017-02-09 18:00:00,12.66100025
2017-02-09 19:00:00,11.78250027
2017-02-09 20:00:00,11.34249973
2017-02-09 21:00:00,11.12300014
2017-02-09 22:00:00,10.9034996
2017-02-09 23:00:00,10.9034996
2017-02-10 00:00:00,10.68400002
2017-02-10 01:00:00,9.805000305
2017-02-10 02:00:00,9.145500183
2017-02-10 03:00:00,8.706000328
2017-02-10 04:00:00,8.266500473
2017-02-10 05:00:00,7.606999874
2017-02-10 06:00:00,6.947999954
2017-02-10 07:00:00,6.069499969
2017-02-10 08:00:00,5.630000114
2017-02-10 09:00:00,7.606999874
2017-02-10 10:00:00,10.68400002
2017-02-10 11:00:00,13.53999996
2017-02-10 12:00:00,16.61650085
2017-02-10 13:00:00,17.49500084
2017-02-10 14:00:00,19.69199944
2017-02-10 15:00:00,19.91250038
2017-02-10 16:00:00,18.15399933
2017-02-10 17:00:00,15.95699978
2017-02-10 18:00:00,14.19900036
2017-02-10 19:00:00,12.66100025
2017-02-10 20:00:00,11.34300041
2017-02-10 21:00:00,10.46399975
2017-02-10 22:00:00,9.585000038
2017-02-10 23:00:00,9.145500183
2017-02-11 00:00:00,8.266500473
2017-02-11 01:00:00,7.607500076
2017-02-11 02:00:00,6.947999954
2017-02-11 03:00:00,6.069499969
2017-02-11 04:00:00,5.190499783
2017-02-11 05:00:00,4.750999928
2017-02-11 06:00:00,3.871999979
2017-02-11 07:00:00,3.65199995
2017-02-11 08:00:00,3.432499886
2017-02-11 09:00:00,6.069499969
2017-02-11 10:00:00,10.68350029
2017-02-11 11:00:00,15.07800007
2017-02-11 12:00:00,18.81349945
2017-02-11 13:00:00,19.91200066
2017-02-11 14:00:00,21.67000008
2017-02-11 15:00:00,22.32900047
2017-02-11 16:00:00,21.45000076
2017-02-11 17:00:00,19.47249985
2017-02-11 18:00:00,17.05550003
2017-02-11 19:00:00,14.63850021
2017-02-11 20:00:00,12.44149971
2017-02-11 21:00:00,11.12349987
2017-02-11 22:00:00,10.02449989
2017-02-11 23:00:00,9.36550045
2017-02-12 00:00:00,8.706000328
2017-02-12 01:00:00,7.827000141
2017-02-12 02:00:00,7.167500019
2017-02-12 03:00:00,6.289500237
2017-02-12 04:00:00,5.630000114
2017-02-12 05:00:00,5.190499783
2017-02-12 06:00:00,4.531000137
2017-02-12 07:00:00,4.311500072
2017-02-12 08:00:00,4.311500072
2017-02-12 09:00:00,7.167500019
2017-02-12 10:00:00,11.34300041
2017-02-12 11:00:00,15.51799965
2017-02-12 12:00:00,19.91200066
2017-02-12 13:00:00,21.67000008
2017-02-12 14:00:00,24.74600029
2017-02-12 15:00:00,25.625
2017-02-12 16:00:00,24.74600029
2017-02-12 17:00:00,22.98800087
2017-02-12 18:00:00,20.79150009
2017-02-12 19:00:00,18.15449905
2017-02-12 20:00:00,15.95750046
2017-02-12 21:00:00,14.63850021
2017-02-12 22:00:00,13.32050037
2017-02-12 23:00:00,12.44149971
2017-02-13 00:00:00,12.44149971
2017-02-13 01:00:00,12.00150013
2017-02-13 02:00:00,11.5625
2017-02-13 03:00:00,10.68350029
2017-02-13 04:00:00,10.02449989
2017-02-13 05:00:00,9.145500183
2017-02-13 06:00:00,8.486499786
2017-02-13 07:00:00,7.827000141
2017-02-13 08:00:00,7.827000141
2017-02-13 09:00:00,10.24450016
2017-02-13 10:00:00,14.19900036
2017-02-13 11:00:00,18.59399986
2017-02-13 12:00:00,22.9885006
2017-02-13 13:00:00,25.40550041
2017-02-13 14:00:00,28.70100021
2017-02-13 15:00:00,30.01950073
2017-02-13 16:00:00,29.57999992
2017-02-13 17:00:00,27.60250092
2017-02-13 18:00:00,24.74650002
2017-02-13 19:00:00,21.88949966
2017-02-13 20:00:00,19.47249985
2017-02-13 21:00:00,17.71450043
2017-02-13 22:00:00,16.39649963
2017-02-13 23:00:00,15.07849979
2017-02-14 00:00:00,14.19950008
2017-02-14 01:00:00,13.32050037
2017-02-14 02:00:00,12.44149971
2017-02-14 03:00:00,11.78199959
2017-02-14 04:00:00,10.68350029
2017-02-14 05:00:00,10.02449989
2017-02-14 06:00:00,9.145500183
2017-02-14 07:00:00,8.706000328
2017-02-14 08:00:00,8.925499916
2017-02-14 09:00:00,12.00150013
2017-02-14 10:00:00,16.61599922
2017-02-14 11:00:00,20.13199997
2017-02-14 12:00:00,22.76849937
2017-02-14 13:00:00,24.74600029
2017-02-14 14:00:00,26.2840004
2017-02-14 15:00:00,26.50349998
2017-02-14 16:00:00,25.625
2017-02-14 17:00:00,24.08699989
2017-02-14 18:00:00,22.32900047
2017-02-14 19:00:00,21.01099968
2017-02-14 20:00:00,19.91250038
2017-02-14 21:00:00,18.81349945
2017-02-14 22:00:00,18.15449905
2017-02-14 23:00:00,17.49500084
2017-02-15 00:00:00,16.83600044
2017-02-15 01:00:00,16.39649963
2017-02-15 02:00:00,16.17700005
2017-02-15 03:00:00,15.95750046
2017-02-15 04:00:00,15.51749992
2017-02-15 05:00:00,14.63850021
2017-02-15 06:00:00,13.32050037
2017-02-15 07:00:00,12.44149971
2017-02-15 08:00:00,12.2215004
2017-02-15 09:00:00,14.19950008
2017-02-15 10:00:00,17.27499962
2017-02-15 11:00:00,20.35149956
2017-02-15 12:00:00,24.08699989
2017-02-15 13:00:00,26.06450081
2017-02-15 14:00:00,29.36050034
2017-02-15 15:00:00,30.67849922
2017-02-15 16:00:00,29.57999992
2017-02-15 17:00:00,28.48150063
2017-02-15 18:00:00,26.50349998
2017-02-15 19:00:00,23.86750031
2017-02-15 20:00:00,22.32900047
2017-02-15 21:00:00,21.23049927
2017-02-15 22:00:00,20.35199928
2017-02-15 23:00:00,20.13199997
2017-02-16 00:00:00,19.47299957
2017-02-16 01:00:00,19.03300095
2017-02-16 02:00:00,18.81349945
2017-02-16 03:00:00,18.15449905
2017-02-16 04:00:00,18.15449905
2017-02-16 05:00:00,17.93449974
2017-02-16 06:00:00,16.83550072
2017-02-16 07:00:00,16.17700005
2017-02-16 08:00:00,15.95750046
2017-02-16 09:00:00,16.39649963
2017-02-16 10:00:00,16.39649963
2017-02-16 11:00:00,18.59399986
2017-02-16 12:00:00,22.76849937
2017-02-16 13:00:00,25.40500069
2017-02-16 14:00:00,28.92099953
2017-02-16 15:00:00,30.45849991
2017-02-16 16:00:00,30.45899963
2017-02-16 17:00:00,29.58049965
2017-02-16 18:00:00,28.70149994
2017-02-16 19:00:00,27.60250092
2017-02-16 20:00:00,26.50349998
2017-02-16 21:00:00,25.18549919
2017-02-16 22:00:00,23.86750031
2017-02-16 23:00:00,22.54850006
2017-02-17 00:00:00,21.66950035
2017-02-17 01:00:00,20.79150009
2017-02-17 02:00:00,20.13199997
2017-02-17 03:00:00,19.47249985
2017-02-17 04:00:00,19.47249985
2017-02-17 05:00:00,19.47249985
2017-02-17 06:00:00,19.47249985
2017-02-17 07:00:00,18.37400055
2017-02-17 08:00:00,17.05550003
2017-02-17 09:00:00,16.39649963
2017-02-17 10:00:00,16.39649963
2017-02-17 11:00:00,16.39649963
2017-02-17 12:00:00,16.39649963
2017-02-17 13:00:00,16.83550072
2017-02-17 14:00:00,17.05550003
2017-02-17 15:00:00,15.95750046
2017-02-17 16:00:00,15.73750019
2017-02-17 17:00:00,15.73750019
2017-02-17 18:00:00,15.73750019
2017-02-17 19:00:00,15.73750019
2017-02-17 20:00:00,15.29800034
2017-02-17 21:00:00,15.07800007
2017-02-17 22:00:00,14.41899967
2017-02-17 23:00:00,14.41899967
2017-02-18 00:00:00,13.97949982
2017-02-18 01:00:00,13.53999996
2017-02-18 02:00:00,13.10050011
2017-02-18 03:00:00,13.278733775770187
2017-02-18 04:00:00,13.24980923956061
2017-02-18 05:00:00,13.266895619235926
2017-02-18 06:00:00,13.327596091292266
2017-02-18 07:00:00,13.42951383222576
2017-02-18 08:00:00,13.57025201853254
2017-02-18 09:00:00,13.74741382670874
2017-02-18 10:00:00,13.958602433250494
2017-02-18 11:00:00,14.201421014653931
2017-02-18 12:00:00,14.473472747415183
2017-02-18 13:00:00,14.772360808030381
2017-02-18 14:00:00,15.095688372995662
2017-02-18 15:00:00,15.441058618807148
2017-02-18 16:00:00,15.806074721960979
2017-02-18 17:00:00,16.18833985895329
2017-02-18 18:00:00,16.58545720628021
2017-02-18 19:00:00,16.995029940437867
2017-02-18 20:00:00,17.4146612379224
2017-02-18 21:00:00,17.841954275229924
2017-02-18 22:00:00,18.2745122288566
2017-02-18 23:00:00,18.70993827529854
2017-02-19 00:00:00,19.145835591051878
2017-02-19 01:00:00,19.579807352612747
2017-02-19 02:00:00,20.009456736477304
2017-02-19 03:00:00,20.432386919141646
2017-02-19 04:00:00,20.846201077101913
2017-02-19 05:00:00,21.24850238685425
2017-02-19 06:00:00,21.636894024894776
2017-02-19 07:00:00,22.008979167719616
2017-02-19 08:00:00,22.36236099182493
2017-02-19 09:00:00,22.694642673706817
2017-02-19 10:00:00,23.00342738986144
2017-02-19 11:00:00,23.286318316784914
2017-02-19 12:00:00,23.54091863097338
2017-02-19 13:00:00,23.76483150892299
2017-02-19 14:00:00,23.95566012712981
2017-02-19 15:00:00,24.111007662089996
2017-02-19 16:00:00,24.228477290299733
2017-02-19 17:00:00,24.305672188255116
2017-02-19 18:00:00,24.34019553245223
2017-02-19 19:00:00,24.32965049938728
2017-02-19 20:00:00,24.271640265556385
2017-02-19 21:00:00,24.163768007455694
2017-02-19 22:00:00,24.003636901581267
2017-02-19 23:00:00,23.788850124429317
2017-02-20 00:00:00,23.5170108524959
2017-02-20 01:00:00,23.18572226227723
2017-02-20 02:00:00,22.79258753026936
2017-02-20 03:00:00,22.335209832968488
2017-02-20 04:00:00,21.811192346870644
2017-02-20 05:00:00,21.45000076
2017-02-20 06:00:00,21.01099968
2017-02-20 07:00:00,19.25300026
2017-02-20 08:00:00,17.93449974
2017-02-20 09:00:00,17.27499962
2017-02-20 10:00:00,15.95699978
2017-02-20 11:00:00,14.85849953
2017-02-20 12:00:00,14.63850021
2017-02-20 13:00:00,14.63850021
2017-02-20 14:00:00,14.41899967
2017-02-20 15:00:00,13.97949982
2017-02-20 16:00:00,13.75949955
2017-02-20 17:00:00,13.10050011
2017-02-20 18:00:00,12.66100025
2017-02-20 19:00:00,12.2215004
2017-02-20 20:00:00,11.78199959
2017-02-20 21:00:00,11.34300041
2017-02-20 22:00:00,10.9034996
2017-02-20 23:00:00,10.46399975
2017-02-21 00:00:00,10.02449989
2017-02-21 01:00:00,9.585000038
2017-02-21 02:00:00,8.925999641
2017-02-21 03:00:00,8.266500473
2017-02-21 04:00:00,8.046999931
2017-02-21 05:00:00,7.827000141
2017-02-21 06:00:00,7.606999874
2017-02-21 07:00:00,7.606999874
2017-02-21 08:00:00,7.606999874
2017-02-21 09:00:00,8.266500473
2017-02-21 10:00:00,9.364999771
2017-02-21 11:00:00,10.9034996
2017-02-21 12:00:00,12.2215004
2017-02-21 13:00:00,12.88099957
2017-02-21 14:00:00,13.76000023
2017-02-21 15:00:00,14.63899994
2017-02-21 16:00:00,15.07800007
2017-02-21 17:00:00,14.63899994
2017-02-21 18:00:00,14.41899967
2017-02-21 19:00:00,14.41899967
2017-02-21 20:00:00,14.85849953
2017-02-21 21:00:00,13.31999969
2017-02-21 22:00:00,14.04974558753702
2017-02-21 23:00:00,14.058900190659338
2017-02-22 00:00:00,14.068788336647394
2017-02-22 01:00:00,14.079207116043001
2017-02-22 02:00:00,14.08995361938797
2017-02-22 03:00:00,14.100824937224115
2017-02-22 04:00:00,14.111618160093249
2017-02-22 05:00:00,14.122130378537184
2017-02-22 06:00:00,14.132158683097735
2017-02-22 07:00:00,14.141500164316714
2017-02-22 08:00:00,14.149951912735933
2017-02-22 09:00:00,14.157311018897206
2017-02-22 10:00:00,14.163374573342345
2017-02-22 11:00:00,14.167939666613163
2017-02-22 12:00:00,14.170803389251475
2017-02-22 13:00:00,14.171762831799091
2017-02-22 14:00:00,14.170615084797825
2017-02-22 15:00:00,14.167157238789493
2017-02-22 16:00:00,14.161186384315902
2017-02-22 17:00:00,14.15249961191887
2017-02-22 18:00:00,14.140894012140206
2017-02-22 19:00:00,14.126166675521727
2017-02-22 20:00:00,14.108114692605243
2017-02-22 21:00:00,14.086535153932568
2017-02-22 22:00:00,14.061225150045514
2017-02-22 23:00:00,14.031981771485896
2017-02-23 00:00:00,13.998602108795525
2017-02-23 01:00:00,13.960883252516215
2017-02-23 02:00:00,13.91862229318978
2017-02-23 03:00:00,13.87161632135803
2017-02-23 04:00:00,13.819662427562779
2017-02-23 05:00:00,13.762557702345841
2017-02-23 06:00:00,13.700099236249027
2017-02-23 07:00:00,13.63208411981415
2017-02-23 08:00:00,13.558309443583022
2017-02-23 09:00:00,13.478572298097465
2017-02-23 10:00:00,13.39266977389928
2017-02-23 11:00:00,13.300398961530291
2017-02-23 12:00:00,13.201556951532302
2017-02-23 13:00:00,13.095940834447125
2017-02-23 14:00:00,12.983347700816584
2017-02-23 15:00:00,12.863574641182481
2017-02-23 16:00:00,12.736418746086628
2017-02-23 17:00:00,12.601677106070847
2017-02-23 18:00:00,12.459146811676947
2017-02-23 19:00:00,12.308624953446735
2017-02-23 20:00:00,12.149908621922032
2017-02-23 21:00:00,11.98279490764465
2017-02-23 22:00:00,11.807080901156393
2017-02-23 23:00:00,11.62256369299909
2017-02-24 00:00:00,11.78199959
2017-02-24 01:00:00,11.34300041
2017-02-24 02:00:00,10.68350029
2017-02-24 03:00:00,10.02449989
2017-02-24 04:00:00,9.585000038
2017-02-24 05:00:00,9.145500183
2017-02-24 06:00:00,8.706000328
2017-02-24 07:00:00,7.827000141
2017-02-24 08:00:00,7.827000141
2017-02-24 09:00:00,9.804499626
2017-02-24 10:00:00,13.31999969
2017-02-24 11:00:00,17.05550003
2017-02-24 12:00:00,19.91200066
2017-02-24 13:00:00,20.79100037
2017-02-24 14:00:00,21.67000008
2017-02-24 15:00:00,22.76849937
2017-02-24 16:00:00,22.54850006
2017-02-24 17:00:00,21.23049927
2017-02-24 18:00:00,19.03350067
2017-02-24 19:00:00,17.49500084
2017-02-24 20:00:00,15.95750046
2017-02-24 21:00:00,15.07849979
2017-02-24 22:00:00,13.97949982
2017-02-24 23:00:00,13.53999996
2017-02-25 00:00:00,12.88049984
2017-02-25 01:00:00,12.44149971
2017-02-25 02:00:00,12.00150013
2017-02-25 03:00:00,11.34300041
2017-02-25 04:00:00,10.68350029
2017-02-25 05:00:00,10.02449989
2017-02-25 06:00:00,9.145500183
2017-02-25 07:00:00,8.925499916
2017-02-25 08:00:00,9.145500183
2017-02-25 09:00:00,11.34300041
2017-02-25 10:00:00,15.29800034
2017-02-25 11:00:00,19.69249916
2017-02-25 12:00:00,23.20800018
2017-02-25 13:00:00,24.74600029
2017-02-25 14:00:00,26.28450012
2017-02-25 15:00:00,26.94300079
2017-02-25 16:00:00,25.625
2017-02-25 17:00:00,23.4279995
2017-02-25 18:00:00,21.66950035
2017-02-25 19:00:00,19.69249916
2017-02-25 20:00:00,18.15449905
2017-02-25 21:00:00,17.27549934
2017-02-25 22:00:00,16.17700005
2017-02-25 23:00:00,15.73750019
2017-02-26 00:00:00,15.51749992
2017-02-26 01:00:00,15.29800034
2017-02-26 02:00:00,14.85849953
2017-02-26 03:00:00,14.19950008
2017-02-26 04:00:00,13.75949955
2017-02-26 05:00:00,13.53999996
2017-02-26 06:00:00,12.88049984
2017-02-26 07:00:00,12.44149971
2017-02-26 08:00:00,12.2215004
2017-02-26 09:00:00,14.19950008
2017-02-26 10:00:00,17.93449974
2017-02-26 11:00:00,21.67000008
2017-02-26 12:00:00,24.74600029
2017-02-26 13:00:00,26.72400093
2017-02-26 14:00:00,28.70149994
2017-02-26 15:00:00,29.14100075
2017-02-26 16:00:00,28.04199982
2017-02-26 17:00:00,25.84499931
2017-02-26 18:00:00,23.86750031
2017-02-26 19:00:00,21.66950035
2017-02-26 20:00:00,19.91250038
2017-02-26 21:00:00,18.59350014
2017-02-26 22:00:00,17.71450043
2017-02-26 23:00:00,16.83550072
2017-02-27 00:00:00,15.95750046
2017-02-27 01:00:00,15.29800034
2017-02-27 02:00:00,14.41899967
2017-02-27 03:00:00,13.97949982
2017-02-27 04:00:00,13.10050011
2017-02-27 05:00:00,11.78199959
2017-02-27 06:00:00,11.34300041
2017-02-27 07:00:00,10.9034996
2017-02-27 08:00:00,10.9034996
2017-02-27 09:00:00,12.88049984
2017-02-27 10:00:00,16.61599922
2017-02-27 11:00:00,19.91250038
2017-02-27 12:00:00,23.4279995
2017-02-27 13:00:00,25.625
2017-02-27 14:00:00,27.8220005
2017-02-27 15:00:00,28.92099953
2017-02-27 16:00:00,27.60250092
2017-02-27 17:00:00,25.84449959
2017-02-27 18:00:00,24.08699989
2017-02-27 19:00:00,22.10950089
2017-02-27 20:00:00,20.35149956
2017-02-27 21:00:00,19.69249916
2017-02-27 22:00:00,19.25300026
2017-02-27 23:00:00,18.81349945
2017-02-28 00:00:00,18.15399933
2017-02-28 01:00:00,17.71500015
2017-02-28 02:00:00,17.05550003
2017-02-28 03:00:00,16.61599922
2017-02-28 04:00:00,16.39649963
2017-02-28 05:00:00,16.17700005
2017-02-28 06:00:00,15.95750046
2017-02-28 07:00:00,15.07849979
2017-02-28 08:00:00,14.85849953
2017-02-28 09:00:00,16.83550072
2017-02-28 10:00:00,20.57150078
2017-02-28 11:00:00,23.64749908
2017-02-28 12:00:00,26.06450081
2017-02-28 13:00:00,26.94350052
2017-02-28 14:00:00,28.48150063
2017-02-28 15:00:00,29.14100075
2017-02-28 16:00:00,28.04199982
2017-02-28 17:00:00,26.50349998
2017-02-28 18:00:00,24.9659996
2017-02-28 19:00:00,23.86750031
2017-02-28 20:00:00,22.9885006
2017-02-28 21:00:00,22.10950089
2017-02-28 22:00:00,21.45000076
2017-02-28 23:00:00,21.01099968
2017-03-01 00:00:00,20.57150078
2017-03-01 01:00:00,19.91250038
2017-03-01 02:00:00,19.25300026
2017-03-01 03:00:00,18.81349945
2017-03-01 04:00:00,17.71450043
2017-03-01 05:00:00,17.27549934
2017-03-01 06:00:00,16.83550072
2017-03-01 07:00:00,16.83550072
2017-03-01 08:00:00,16.39649963
2017-03-01 09:00:00,16.83600044
2017-03-01 10:00:00,18.59399986
2017-03-01 11:00:00,17.77532846451139
2017-03-01 12:00:00,17.8731493854696
2017-03-01 13:00:00,17.98319137891596
2017-03-01 14:00:00,18.104782361068587
2017-03-01 15:00:00,18.23725024814559
2017-03-01 16:00:00,18.37992295636508
2017-03-01 17:00:00,18.532128401945165
2017-03-01 18:00:00,18.693194501103964
2017-03-01 19:00:00,18.862449170059584
2017-03-01 20:00:00,19.039220325030136
2017-03-01 21:00:00,19.222835882233735
2017-03-01 22:00:00,19.41262375788849
2017-03-01 23:00:00,19.60791186821251
2017-03-02 00:00:00,19.80802812942391
2017-03-02 01:00:00,20.0123004577408
2017-03-02 02:00:00,20.22005676938129
2017-03-02 03:00:00,20.430624980563497
2017-03-02 04:00:00,20.64333300750553
2017-03-02 05:00:00,20.857508766425493
2017-03-02 06:00:00,21.07248017354151
2017-03-02 07:00:00,21.287575145071685
2017-03-02 08:00:00,21.50212159723413
2017-03-02 09:00:00,21.715447446246955
2017-03-02 10:00:00,21.926880608328283
2017-03-02 11:00:00,22.13574899969621
2017-03-02 12:00:00,22.341380536568856
2017-03-02 13:00:00,22.54310313516433
2017-03-02 14:00:00,22.740244711700747
2017-03-02 15:00:00,22.93213318239621
2017-03-02 16:00:00,23.11809646346884
2017-03-02 17:00:00,23.297462471136743
2017-03-02 18:00:00,23.469559121618033
2017-03-02 19:00:00,23.63371433113082
2017-03-02 20:00:00,23.78925601589322
2017-03-02 21:00:00,23.935512092123346
2017-03-02 22:00:00,24.071810476039293
2017-03-02 23:00:00,24.19747908385918
2017-03-03 00:00:00,24.31184583180113
2017-03-03 01:00:00,24.414238636083248
2017-03-03 02:00:00,24.50398541292363
2017-03-03 03:00:00,24.580414078540407
2017-03-03 04:00:00,24.642852549151687
2017-03-03 05:00:00,24.69062874097559
2017-03-03 06:00:00,24.723070570230206
2017-03-03 07:00:00,24.739505953133666
2017-03-03 08:00:00,24.739262805904062
2017-03-03 09:00:00,24.72166904475953
2017-03-03 10:00:00,24.686052585918155
2017-03-03 11:00:00,24.631741345598073
2017-03-03 12:00:00,24.55806324001736
2017-03-03 13:00:00,23.86700058
2017-03-03 14:00:00,24.5265007
2017-03-03 15:00:00,24.9659996
2017-03-03 16:00:00,25.18549919
2017-03-03 17:00:00,25.40500069
2017-03-03 18:00:00,24.30649948
2017-03-03 19:00:00,22.9885006
2017-03-03 20:00:00,21.45000076
2017-03-03 21:00:00,20.57150078
2017-03-03 22:00:00,19.69249916
2017-03-03 23:00:00,19.25300026
2017-03-04 00:00:00,18.59350014
2017-03-04 01:00:00,17.27549934
2017-03-04 02:00:00,16.39649963
2017-03-04 03:00:00,15.51749992
2017-03-04 04:00:00,14.41899967
2017-03-04 05:00:00,13.75949955
2017-03-04 06:00:00,13.32050037
2017-03-04 07:00:00,12.88049984
2017-03-04 08:00:00,13.75949955
2017-03-04 09:00:00,16.17700005
2017-03-04 10:00:00,20.35199928
2017-03-04 11:00:00,24.74600029
2017-03-04 12:00:00,28.04199982
2017-03-04 13:00:00,28.92099953
2017-03-04 14:00:00,28.70149994
2017-03-04 15:00:00,27.8220005
2017-03-04 16:00:00,27.16300011
2017-03-04 17:00:00,26.7234993
2017-03-04 18:00:00,26.2840004
2017-03-04 19:00:00,24.9659996
2017-03-04 20:00:00,22.10899925
2017-03-04 21:00:00,20.13199997
2017-03-04 22:00:00,19.03300095
2017-03-04 23:00:00,18.15399933
2017-03-05 00:00:00,17.71500015
2017-03-05 01:00:00,17.49500084
2017-03-05 02:00:00,17.27549934
2017-03-05 03:00:00,16.83550072
2017-03-05 04:00:00,16.61599922
2017-03-05 05:00:00,16.39649963
2017-03-05 06:00:00,16.61599922
2017-03-05 07:00:00,16.61599922
2017-03-05 08:00:00,16.61599922
2017-03-05 09:00:00,17.05550003
2017-03-05 10:00:00,18.15399933
2017-03-05 11:00:00,20.79100037
2017-03-05 12:00:00,23.42749977
2017-03-05 13:00:00,24.5265007
2017-03-05 14:00:00,25.18549919
2017-03-05 15:00:00,25.40500069
2017-03-05 16:00:00,24.5265007
2017-03-05 17:00:00,24.08699989
2017-03-05 18:00:00,23.4279995
2017-03-05 19:00:00,22.76849937
2017-03-05 20:00:00,22.10950089
2017-03-05 21:00:00,21.45000076
2017-03-05 22:00:00,20.79150009
2017-03-05 23:00:00,20.35149956
2017-03-06 00:00:00,19.25300026
2017-03-06 01:00:00,17.93449974
2017-03-06 02:00:00,16.61599922
2017-03-06 03:00:00,15.73750019
2017-03-06 04:00:00,15.29800034
2017-03-06 05:00:00,14.85849953
2017-03-06 06:00:00,14.19950008
2017-03-06 07:00:00,13.32050037
2017-03-06 08:00:00,13.32050037
2017-03-06 09:00:00,14.63850021
2017-03-06 10:00:00,17.49500084
2017-03-06 11:00:00,20.57150078
2017-03-06 12:00:00,23.64699936
2017-03-06 13:00:00,24.9659996
2017-03-06 14:00:00,27.16300011
2017-03-06 15:00:00,28.04199982
2017-03-06 16:00:00,26.28450012
2017-03-06 17:00:00,24.5265007
2017-03-06 18:00:00,21.88949966
2017-03-06 19:00:00,19.69249916
2017-03-06 20:00:00,18.59350014
2017-03-06 21:00:00,17.27549934
2017-03-06 22:00:00,16.39649963
2017-03-06 23:00:00,15.51749992
2017-03-07 00:00:00,14.63850021
2017-03-07 01:00:00,13.75949955
2017-03-07 02:00:00,12.88049984
2017-03-07 03:00:00,12.2215004
2017-03-07 04:00:00,11.34300041
2017-03-07 05:00:00,10.68350029
2017-03-07 06:00:00,10.02449989
2017-03-07 07:00:00,9.585000038
2017-03-07 08:00:00,10.24450016
2017-03-07 09:00:00,13.10050011
2017-03-07 10:00:00,17.71500015
2017-03-07 11:00:00,21.88949966
2017-03-07 12:00:00,25.40500069
2017-03-07 13:00:00,26.72400093
2017-03-07 14:00:00,28.92099953
2017-03-07 15:00:00,29.57999992
2017-03-07 16:00:00,28.2614994
2017-03-07 17:00:00,26.28450012
2017-03-07 18:00:00,24.5265007
2017-03-07 19:00:00,22.10950089
2017-03-07 20:00:00,19.91250038
2017-03-07 21:00:00,18.59350014
2017-03-07 22:00:00,18.15449905
2017-03-07 23:00:00,17.71450043
2017-03-08 00:00:00,17.27549934
2017-03-08 01:00:00,16.83550072
2017-03-08 02:00:00,15.95750046
2017-03-08 03:00:00,14.63850021
2017-03-08 04:00:00,13.75949955
2017-03-08 05:00:00,12.66100025
2017-03-08 06:00:00,12.00150013
2017-03-08 07:00:00,11.5625
2017-03-08 08:00:00,11.78199959
2017-03-08 09:00:00,13.97949982
2017-03-08 10:00:00,18.15399933
2017-03-08 11:00:00,22.10950089
2017-03-08 12:00:00,25.18549919
2017-03-08 13:00:00,26.06450081
2017-03-08 14:00:00,28.2614994
2017-03-08 15:00:00,29.57999992
2017-03-08 16:00:00,27.60250092
2017-03-08 17:00:00,25.40550041
2017-03-08 18:00:00,23.64749908
2017-03-08 19:00:00,21.45000076
2017-03-08 20:00:00,19.47249985
2017-03-08 21:00:00,18.15449905
2017-03-08 22:00:00,17.27549934
2017-03-08 23:00:00,16.39649963
2017-03-09 00:00:00,15.51749992
2017-03-09 01:00:00,14.63850021
2017-03-09 02:00:00,13.53999996
2017-03-09 03:00:00,12.88049984
2017-03-09 04:00:00,12.44149971
2017-03-09 05:00:00,12.00150013
2017-03-09 06:00:00,11.5625
2017-03-09 07:00:00,11.12349987
2017-03-09 08:00:00,10.612574876584313
2017-03-09 09:00:00,10.211331806363328
2017-03-09 10:00:00,9.849408876965967
2017-03-09 11:00:00,9.526090019686643
2017-03-09 12:00:00,9.240659165819771
2017-03-09 13:00:00,8.992400246659765
2017-03-09 14:00:00,8.780597193501038
2017-03-09 15:00:00,8.604533937638006
2017-03-09 16:00:00,8.463494410365081
2017-03-09 17:00:00,8.35676254297668
2017-03-09 18:00:00,8.283622266767212
2017-03-09 19:00:00,8.243357513031098
2017-03-09 20:00:00,8.23525221306274
2017-03-09 21:00:00,8.258590298156562
2017-03-09 22:00:00,8.312655699606976
2017-03-09 23:00:00,8.396732348708394
2017-03-10 00:00:00,8.510104176755231
2017-03-10 01:00:00,8.652055115041904
2017-03-10 02:00:00,8.821869094862812
2017-03-10 03:00:00,9.018830047512397
2017-03-10 04:00:00,9.242221904285053
2017-03-10 05:00:00,9.4913285964752
2017-03-10 06:00:00,9.765434055377238
2017-03-10 07:00:00,10.063822212285615
2017-03-10 08:00:00,10.385776998494709
2017-03-10 09:00:00,10.73058234529895
2017-03-10 10:00:00,11.097522183992751
2017-03-10 11:00:00,11.485880445870533
2017-03-10 12:00:00,11.894941062226682
2017-03-10 13:00:00,12.32398796435565
2017-03-10 14:00:00,12.77230508355182
2017-03-10 15:00:00,13.239176351109633
2017-03-10 16:00:00,13.723885698323482
2017-03-10 17:00:00,14.22571705648778
2017-03-10 18:00:00,14.743954356896957
2017-03-10 19:00:00,15.277881530845404
2017-03-10 20:00:00,15.826782509627527
2017-03-10 21:00:00,16.389941224537793
2017-03-10 22:00:00,16.966641606870585
2017-03-10 23:00:00,17.556167587920314
2017-03-11 00:00:00,18.1578030989814
2017-03-11 01:00:00,18.77083207134826
2017-03-11 02:00:00,19.394538436315322
2017-03-11 03:00:00,20.028206125176943
2017-03-11 04:00:00,20.6711190692276
2017-03-11 05:00:00,21.322561199761687
2017-03-11 06:00:00,21.98181644807361
2017-03-11 07:00:00,22.648168745457767
2017-03-11 08:00:00,23.32090202320861
2017-03-11 09:00:00,23.99930021262052
2017-03-11 10:00:00,23.4279995
2017-03-11 11:00:00,25.625
2017-03-11 12:00:00,27.82250023
2017-03-11 13:00:00,28.92099953
2017-03-11 14:00:00,29.79999924
2017-03-11 15:00:00,30.89850044
2017-03-11 16:00:00,29.14049911
2017-03-11 17:00:00,27.60250092
2017-03-11 18:00:00,25.625
2017-03-11 19:00:00,24.30649948
2017-03-11 20:00:00,23.64749908
2017-03-11 21:00:00,22.9885006
2017-03-11 22:00:00,22.10950089
2017-03-11 23:00:00,21.66950035
2017-03-12 00:00:00,21.66950035
2017-03-12 01:00:00,21.23049927
2017-03-12 02:00:00,21.23049927
2017-03-12 03:00:00,21.23049927
2017-03-12 04:00:00,20.35149956
2017-03-12 05:00:00,20.35149956
2017-03-12 06:00:00,19.91250038
2017-03-12 07:00:00,19.91250038
2017-03-12 08:00:00,19.91250038
2017-03-12 09:00:00,21.01099968
2017-03-12 10:00:00,22.9885006
2017-03-12 11:00:00,23.86750031
2017-03-12 12:00:00,23.86750031
2017-03-12 13:00:00,23.42749977
2017-03-12 14:00:00,22.9885006
2017-03-12 15:00:00,22.10950089
2017-03-12 16:00:00,20.57150078
2017-03-12 17:00:00,19.25300026
2017-03-12 18:00:00,18.37400055
2017-03-12 19:00:00,18.37400055
2017-03-12 20:00:00,18.37400055
2017-03-12 21:00:00,18.15449905
2017-03-12 22:00:00,17.93449974
2017-03-12 23:00:00,17.71450043
2017-03-13 00:00:00,17.71450043
2017-03-13 01:00:00,17.71450043
2017-03-13 02:00:00,16.83550072
2017-03-13 03:00:00,16.61599922
2017-03-13 04:00:00,16.39649963
2017-03-13 05:00:00,16.39649963
2017-03-13 06:00:00,15.95750046
2017-03-13 07:00:00,15.29800034
2017-03-13 08:00:00,14.63850021
2017-03-13 09:00:00,14.41899967
2017-03-13 10:00:00,14.19950008
2017-03-13 11:00:00,13.75949955
2017-03-13 12:00:00,13.32050037
2017-03-13 13:00:00,0.0
2017-03-13 14:00:00,13.10050011
2017-03-13 15:00:00,12.66100025
2017-03-13 16:00:00,12.44149971
2017-03-13 17:00:00,12.44149971
2017-03-13 18:00:00,12.44149971
2017-03-13 19:00:00,13.32050037
2017-03-13 20:00:00,13.75949955
2017-03-13 21:00:00,13.75949955
2017-03-13 22:00:00,13.97949982
2017-03-13 23:00:00,14.19950008
2017-03-14 00:00:00,14.19950008
2017-03-14 01:00:00,13.97949982
2017-03-14 02:00:00,13.97949982
2017-03-14 03:00:00,13.32050037
2017-03-14 04:00:00,12.66100025
2017-03-14 05:00:00,11.5625
2017-03-14 06:00:00,10.68350029
2017-03-14 07:00:00,10.24450016
2017-03-14 08:00:00,11.34300041
2017-03-14 09:00:00,13.75949955
2017-03-14 10:00:00,17.93449974
2017-03-14 11:00:00,22.10950089
2017-03-14 12:00:00,24.52599907
2017-03-14 13:00:00,25.84499931
2017-03-14 14:00:00,28.26199913
2017-03-14 15:00:00,30.23900032
2017-03-14 16:00:00,28.48150063
2017-03-14 17:00:00,26.7234993
2017-03-14 18:00:00,24.5265007
2017-03-14 19:00:00,22.76849937
2017-03-14 20:00:00,21.66950035
2017-03-14 21:00:00,20.13199997
2017-03-14 22:00:00,18.37400055
2017-03-14 23:00:00,17.05550003
2017-03-15 00:00:00,15.95750046
2017-03-15 01:00:00,15.73750019
2017-03-15 02:00:00,15.51749992
2017-03-15 03:00:00,14.63850021
2017-03-15 04:00:00,13.53999996
2017-03-15 05:00:00,13.10050011
2017-03-15 06:00:00,12.66100025
2017-03-15 07:00:00,12.2215004
2017-03-15 08:00:00,13.10050011
2017-03-15 09:00:00,15.51749992
2017-03-15 10:00:00,18.81349945
2017-03-15 11:00:00,21.66950035
2017-03-15 12:00:00,23.86750031
2017-03-15 13:00:00,25.40550041
2017-03-15 14:00:00,26.043450707385272
2017-03-15 15:00:00,27.217334412662844
2017-03-15 16:00:00,28.304766455223962
2017-03-15 17:00:00,29.307944041911863
2017-03-15 18:00:00,30.229064379569785
2017-03-15 19:00:00,31.070324675040965
2017-03-15 20:00:00,31.833922135168628
2017-03-15 21:00:00,32.52205396679601
2017-03-15 22:00:00,33.13691737676634
2017-03-15 23:00:00,33.68070957192286
2017-03-16 00:00:00,34.15562775910882
2017-03-16 01:00:00,34.563869145167416
2017-03-16 02:00:00,34.90763093694192
2017-03-16 03:00:00,35.18911034127555
2017-03-16 04:00:00,35.410504565011536
2017-03-16 05:00:00,35.574010814993116
2017-03-16 06:00:00,35.68182629806353
2017-03-16 07:00:00,35.736148221066
2017-03-16 08:00:00,35.73917379084379
2017-03-16 09:00:00,35.69310021424009
2017-03-16 10:00:00,35.600124698098156
2017-03-16 11:00:00,35.46244444926123
2017-03-16 12:00:00,35.282256674572544
2017-03-16 13:00:00,35.06175858087529
2017-03-16 14:00:00,34.80314737501277
2017-03-16 15:00:00,34.508620263828185
2017-03-16 16:00:00,34.18037445416477
2017-03-16 17:00:00,33.82060715286574
2017-03-16 18:00:00,33.431515566774394
2017-03-16 19:00:00,33.01529690273388
2017-03-16 20:00:00,32.574148367587505
2017-03-16 21:00:00,32.110267168178446
2017-03-16 22:00:00,31.625850511349974
2017-03-16 23:00:00,31.12309560394533
2017-03-17 00:00:00,30.6041996528077
2017-03-17 01:00:00,30.07135986478039
2017-03-17 02:00:00,29.526773446706642
2017-03-17 03:00:00,28.972637605429576
2017-03-17 04:00:00,28.411149547792498
2017-03-17 05:00:00,27.844506480638657
2017-03-17 06:00:00,27.274905610811246
2017-03-17 07:00:00,26.70454414515352
2017-03-17 08:00:00,26.135619290508657
2017-03-17 09:00:00,25.570328253720035
2017-03-17 10:00:00,25.010868241630746
2017-03-17 11:00:00,24.45943646108408
2017-03-17 12:00:00,23.918230118923262
2017-03-17 13:00:00,23.38944642199158
2017-03-17 14:00:00,22.875282577132168
2017-03-17 15:00:00,22.377935791188378
2017-03-17 16:00:00,21.88949966
2017-03-17 17:00:00,21.45000076
2017-03-17 18:00:00,21.01099968
2017-03-17 19:00:00,20.35149956
2017-03-17 20:00:00,20.35149956
2017-03-17 21:00:00,20.13199997
2017-03-17 22:00:00,20.13199997
2017-03-17 23:00:00,20.13199997
2017-03-18 00:00:00,19.25300026
2017-03-18 01:00:00,18.15449905
2017-03-18 02:00:00,17.49500084
2017-03-18 03:00:00,17.05550003
2017-03-18 04:00:00,17.27549934
2017-03-18 05:00:00,17.27549934
2017-03-18 06:00:00,17.05550003
2017-03-18 07:00:00,17.05550003
2017-03-18 08:00:00,17.27549934
2017-03-18 09:00:00,17.71450043
2017-03-18 10:00:00,17.71450043
2017-03-18 11:00:00,18.37400055
2017-03-18 12:00:00,18.81349945
2017-03-18 13:00:00,19.25300026
2017-03-18 14:00:00,19.69249916
2017-03-18 15:00:00,20.13199997
2017-03-18 16:00:00,20.13199997
2017-03-18 17:00:00,20.13199997
2017-03-18 18:00:00,20.13199997
2017-03-18 19:00:00,20.13199997
2017-03-18 20:00:00,20.13199997
2017-03-18 21:00:00,20.13199997
2017-03-18 22:00:00,20.13199997
2017-03-18 23:00:00,19.91250038
2017-03-19 00:00:00,19.91250038
2017-03-19 01:00:00,19.47249985
2017-03-19 02:00:00,18.81349945
2017-03-19 03:00:00,18.59350014
2017-03-19 04:00:00,18.37400055
2017-03-19 05:00:00,18.15449905
2017-03-19 06:00:00,17.71450043
2017-03-19 07:00:00,17.49500084
2017-03-19 08:00:00,15.73750019
2017-03-19 09:00:00,15.73750019
2017-03-19 10:00:00,15.29800034
2017-03-19 11:00:00,15.29800034
2017-03-19 12:00:00,15.51749992
2017-03-19 13:00:00,15.73750019
2017-03-19 14:00:00,16.39649963
2017-03-19 15:00:00,16.83550072
2017-03-19 16:00:00,16.83550072
2017-03-19 17:00:00,16.83550072
2017-03-19 18:00:00,16.83550072
2017-03-19 19:00:00,17.27549934
2017-03-19 20:00:00,16.39649963
2017-03-19 21:00:00,15.07849979
2017-03-19 22:00:00,15.07849979
2017-03-19 23:00:00,15.95750046
2017-03-20 00:00:00,16.83550072
2017-03-20 01:00:00,16.83550072
2017-03-20 02:00:00,16.39649963
2017-03-20 03:00:00,16.62333878961869
2017-03-20 04:00:00,16.70056927018483
2017-03-20 05:00:00,16.7782437343868
2017-03-20 06:00:00,16.856106124430767
2017-03-20 07:00:00,16.9339003825229
2017-03-20 08:00:00,17.01137045086936
2017-03-20 09:00:00,17.08826027167632
2017-03-20 10:00:00,17.16431378714994
2017-03-20 11:00:00,17.23927493949639
2017-03-20 12:00:00,17.312887670921832
2017-03-20 13:00:00,17.384895923632435
2017-03-20 14:00:00,17.455043639834365
2017-03-20 15:00:00,17.52307476173379
2017-03-20 16:00:00,17.588733231536867
2017-03-20 17:00:00,17.651762991449775
2017-03-20 18:00:00,17.71190798367867
2017-03-20 19:00:00,17.768912150429724
2017-03-20 20:00:00,17.8225194339091
2017-03-20 21:00:00,17.872473776322966
2017-03-20 22:00:00,17.918519119877487
2017-03-20 23:00:00,17.96039940677883
2017-03-21 00:00:00,17.99785857923316
2017-03-21 01:00:00,18.030640579446644
2017-03-21 02:00:00,18.058489349625447
2017-03-21 03:00:00,18.08114883197574
2017-03-21 04:00:00,18.098362968703682
2017-03-21 05:00:00,18.109875702015444
2017-03-21 06:00:00,18.11543097411719
2017-03-21 07:00:00,18.114772727215083
2017-03-21 08:00:00,18.107644903515293
2017-03-21 09:00:00,18.09379144522399
2017-03-21 10:00:00,18.072956294547332
2017-03-21 11:00:00,18.04488339369149
2017-03-21 12:00:00,18.00931668486263
2017-03-21 13:00:00,17.96600011026692
2017-03-21 14:00:00,17.91467761211052
2017-03-21 15:00:00,17.8550931325996
2017-03-21 16:00:00,17.786990613940326
2017-03-21 17:00:00,17.710113998338862
2017-03-21 18:00:00,17.62420722800137
2017-03-21 19:00:00,17.529014245134025
2017-03-21 20:00:00,17.42427899194299
2017-03-21 21:00:00,17.309745410634434
2017-03-21 22:00:00,17.185157443414518
2017-03-21 23:00:00,17.05025903248941
2017-03-22 00:00:00,16.904794120065272
2017-03-22 01:00:00,16.748506648348283
2017-03-22 02:00:00,16.581140559544597
2017-03-22 03:00:00,16.402439795860385
2017-03-22 04:00:00,16.212148299501802
2017-03-22 05:00:00,16.61599922
2017-03-22 06:00:00,15.29800034
2017-03-22 07:00:00,14.63899994
2017-03-22 08:00:00,14.63899994
2017-03-22 09:00:00,14.85849953
2017-03-22 10:00:00,15.29800034
2017-03-22 11:00:00,15.51799965
2017-03-22 12:00:00,15.51799965
2017-03-22 13:00:00,14.85849953
2017-03-22 14:00:00,14.63899994
2017-03-22 15:00:00,13.76000023
2017-03-22 16:00:00,13.53999996
2017-03-22 17:00:00,13.10050011
2017-03-22 18:00:00,13.10050011
2017-03-22 19:00:00,13.10050011
2017-03-22 20:00:00,13.53999996
2017-03-22 21:00:00,13.97949982
2017-03-22 22:00:00,14.85849953
2017-03-22 23:00:00,15.51749992
2017-03-23 00:00:00,15.51749992
2017-03-23 01:00:00,15.51749992
2017-03-23 02:00:00,15.51749992
2017-03-23 03:00:00,15.29800034
2017-03-23 04:00:00,15.29800034
2017-03-23 05:00:00,15.29800034
2017-03-23 06:00:00,15.29800034
2017-03-23 07:00:00,15.29800034
2017-03-23 08:00:00,15.51749992
2017-03-23 09:00:00,15.95750046
2017-03-23 10:00:00,16.61599922
2017-03-23 11:00:00,17.05550003
2017-03-23 12:00:00,17.203883253427392
2017-03-23 13:00:00,17.525095544215823
2017-03-23 14:00:00,17.850904462444884
2017-03-23 15:00:00,18.18056241948773
2017-03-23 16:00:00,18.513321826717515
2017-03-23 17:00:00,18.848435095507384
2017-03-23 18:00:00,19.18515463723049
2017-03-23 19:00:00,19.522732863259986
2017-03-23 20:00:00,19.86042218496902
2017-03-23 21:00:00,20.197475013730745
2017-03-23 22:00:00,20.533143760918314
2017-03-23 23:00:00,20.866680837904873
2017-03-24 00:00:00,21.19733865606358
2017-03-24 01:00:00,21.52436962676758
2017-03-24 02:00:00,21.847026161390026
2017-03-24 03:00:00,22.16456067130407
2017-03-24 04:00:00,22.47622556788286
2017-03-24 05:00:00,22.78127326249955
2017-03-24 06:00:00,23.07895616652729
2017-03-24 07:00:00,23.368526691339234
2017-03-24 08:00:00,23.64923724830853
2017-03-24 09:00:00,23.92034024880833
2017-03-24 10:00:00,24.18108810421178
2017-03-24 11:00:00,24.43073322589204
2017-03-24 12:00:00,24.668528025222255
2017-03-24 13:00:00,24.893724913575575
2017-03-24 14:00:00,25.10557630232515
2017-03-24 15:00:00,25.30333460284414
2017-03-24 16:00:00,25.48625222650569
2017-03-24 17:00:00,25.653581584682954
2017-03-24 18:00:00,25.804575088749072
2017-03-24 19:00:00,25.938485150077216
2017-03-24 20:00:00,26.05456418004052
2017-03-24 21:00:00,26.15206459001214
2017-03-24 22:00:00,26.23023879136523
2017-03-24 23:00:00,26.28833919547294
2017-03-25 00:00:00,26.32561821370841
2017-03-25 01:00:00,26.341328257444804
2017-03-25 02:00:00,26.33472173805527
2017-03-25 03:00:00,26.305051066912956
2017-03-25 04:00:00,26.251568655391022
2017-03-25 05:00:00,26.173526914862613
2017-03-25 06:00:00,26.07017825670089
2017-03-25 07:00:00,25.940775092278987
2017-03-25 08:00:00,25.784569832970057
2017-03-25 09:00:00,25.600814890147262
2017-03-25 10:00:00,25.388762675183738
2017-03-25 11:00:00,25.147665599452687
2017-03-25 12:00:00,24.876776074327182
2017-03-25 13:00:00,24.57534651118041
2017-03-25 14:00:00,23.86750031
2017-03-25 15:00:00,24.30649948
2017-03-25 16:00:00,24.08699989
2017-03-25 17:00:00,22.98800087
2017-03-25 18:00:00,22.54899979
2017-03-25 19:00:00,21.88949966
2017-03-25 20:00:00,21.45000076
2017-03-25 21:00:00,20.79150009
2017-03-25 22:00:00,19.69249916
2017-03-25 23:00:00,18.81349945
2017-03-26 00:00:00,17.71450043
2017-03-26 01:00:00,17.05550003
2017-03-26 02:00:00,15.95750046
2017-03-26 03:00:00,15.07849979
2017-03-26 04:00:00,14.41899967
2017-03-26 05:00:00,13.53999996
2017-03-26 06:00:00,12.88049984
2017-03-26 07:00:00,12.66100025
2017-03-26 08:00:00,14.19900036
2017-03-26 09:00:00,16.61599922
2017-03-26 10:00:00,20.57150078
2017-03-26 11:00:00,24.74600029
2017-03-26 12:00:00,27.82250023
2017-03-26 13:00:00,29.36050034
2017-03-26 14:00:00,30.45899963
2017-03-26 15:00:00,30.89850044
2017-03-26 16:00:00,29.57999992
2017-03-26 17:00:00,27.16300011
2017-03-26 18:00:00,24.96549988
2017-03-26 19:00:00,22.98800087
2017-03-26 20:00:00,22.32900047
2017-03-26 21:00:00,21.66950035
2017-03-26 22:00:00,20.79150009
2017-03-26 23:00:00,19.47249985
2017-03-27 00:00:00,19.17626555285826
2017-03-27 01:00:00,18.562293600490197
2017-03-27 02:00:00,18.003360456773414
2017-03-27 03:00:00,17.497693192041137
2017-03-27 04:00:00,17.04351887662659
2017-03-27 05:00:00,16.639064580862993
2017-03-27 06:00:00,16.282557375083574
2017-03-27 07:00:00,15.97222432962155
2017-03-27 08:00:00,15.706292514810151
2017-03-27 09:00:00,15.482989000982595
2017-03-27 10:00:00,15.300540858472104
2017-03-27 11:00:00,15.157175157611913
2017-03-27 12:00:00,15.051118968735226
2017-03-27 13:00:00,14.980599362175274
2017-03-27 14:00:00,14.943843408265291
2017-03-27 15:00:00,14.939078177338482
2017-03-27 16:00:00,14.964530739728092
2017-03-27 17:00:00,15.018428165767325
2017-03-27 18:00:00,15.098997525789413
2017-03-27 19:00:00,15.20446589012757
2017-03-27 20:00:00,15.33306032911504
2017-03-27 21:00:00,15.483007913085034
2017-03-27 22:00:00,15.652535712370785
2017-03-27 23:00:00,15.839870797305483
2017-03-28 00:00:00,16.0432402382224
2017-03-28 01:00:00,16.260871105454733
2017-03-28 02:00:00,16.49099046933568
2017-03-28 03:00:00,16.731825400198503
2017-03-28 04:00:00,16.9816029683764
2017-03-28 05:00:00,17.23855024420262
2017-03-28 06:00:00,17.50089429801037
2017-03-28 07:00:00,17.766862200132856
2017-03-28 08:00:00,18.034681020903342
2017-03-28 09:00:00,18.302577830654993
2017-03-28 10:00:00,18.568779699721123
2017-03-28 11:00:00,18.831513698434883
2017-03-28 12:00:00,19.089006897129504
2017-03-28 13:00:00,19.339486366138217
2017-03-28 14:00:00,19.581179175794272
2017-03-28 15:00:00,19.812312396430855
2017-03-28 16:00:00,20.031113098381223
2017-03-28 17:00:00,20.235808351978527
2017-03-28 18:00:00,20.424625227556067
2017-03-28 19:00:00,20.59579079544706
2017-03-28 20:00:00,20.747532125984687
2017-03-28 21:00:00,20.878076289502225
2017-03-28 22:00:00,20.98565035633285
2017-03-28 23:00:00,21.0684813968098
2017-03-29 00:00:00,21.124796481266326
2017-03-29 01:00:00,21.152822680035605
2017-03-29 02:00:00,21.88949966
2017-03-29 03:00:00,21.01099968
2017-03-29 04:00:00,20.35149956
2017-03-29 05:00:00,19.47249985
2017-03-29 06:00:00,19.03350067
2017-03-29 07:00:00,19.03350067
2017-03-29 08:00:00,19.03350067
2017-03-29 09:00:00,19.47249985
2017-03-29 10:00:00,20.79150009
2017-03-29 11:00:00,22.54850006
2017-03-29 12:00:00,25.18549919
2017-03-29 13:00:00,28.70100021
2017-03-29 14:00:00,31.55750084
2017-03-29 15:00:00,33.75500107
2017-03-29 16:00:00,32.21699905
2017-03-29 17:00:00,29.36050034
2017-03-29 18:00:00,27.16300011
2017-03-29 19:00:00,25.40550041
2017-03-29 20:00:00,24.08699989
2017-03-29 21:00:00,23.20800018
2017-03-29 22:00:00,22.10950089
2017-03-29 23:00:00,21.88949966
2017-03-30 00:00:00,21.66950035
2017-03-30 01:00:00,21.66950035
2017-03-30 02:00:00,21.66950035
2017-03-30 03:00:00,21.23049927
2017-03-30 04:00:00,20.79150009
2017-03-30 05:00:00,20.35149956
2017-03-30 06:00:00,19.91250038
2017-03-30 07:00:00,19.69249916
2017-03-30 08:00:00,19.69249916
2017-03-30 09:00:00,19.34465741417239
2017-03-30 10:00:00,19.13051351325389
2017-03-30 11:00:00,18.934343723256227
2017-03-30 12:00:00,18.755947003190435
2017-03-30 13:00:00,18.59512231206756
2017-03-30 14:00:00,18.45166860889864
2017-03-30 15:00:00,18.325384852694718
2017-03-30 16:00:00,18.216070002466836
2017-03-30 17:00:00,18.12352301722603
2017-03-30 18:00:00,18.047542855983345
2017-03-30 19:00:00,17.98792847774982
2017-03-30 20:00:00,17.944478841536494
2017-03-30 21:00:00,17.916992906354412
2017-03-30 22:00:00,17.905269631214612
2017-03-30 23:00:00,17.909107975128137
2017-03-31 00:00:00,17.928306897106026
2017-03-31 01:00:00,17.962665356159324
2017-03-31 02:00:00,18.011982311299064
2017-03-31 03:00:00,18.07605672153629
2017-03-31 04:00:00,18.15468754588204
2017-03-31 05:00:00,18.247673743347367
2017-03-31 06:00:00,18.3548142729433
2017-03-31 07:00:00,18.47590809368088
2017-03-31 08:00:00,18.610754164571144
2017-03-31 09:00:00,18.759151444625147
2017-03-31 10:00:00,18.920898892853927
2017-03-31 11:00:00,19.095795468268523
2017-03-31 12:00:00,19.283640129879974
2017-03-31 13:00:00,19.484231836699315
2017-03-31 14:00:00,19.6973695477376
2017-03-31 15:00:00,19.922852222005865
2017-03-31 16:00:00,20.16047881851513
2017-03-31 17:00:00,20.410048296276464
2017-03-31 18:00:00,20.671359614300904
2017-03-31 19:00:00,20.944211731599474
2017-03-31 20:00:00,21.22840360718324
2017-03-31 21:00:00,21.523734200063217
2017-03-31 22:00:00,21.830002469250473
2017-03-31 23:00:00,22.14700737375603
2017-04-01 00:00:00,22.474547872590925
2017-04-01 01:00:00,22.812422924766206
2017-04-01 02:00:00,23.16043148929292
2017-04-01 03:00:00,23.51837252518209
2017-04-01 04:00:00,23.88604499144477
2017-04-01 05:00:00,24.263247847092025
2017-04-01 06:00:00,24.64978005113484
2017-04-01 07:00:00,25.045440562584293
2017-04-01 08:00:00,25.450028340451418
2017-04-01 09:00:00,25.863342343747263
2017-04-01 10:00:00,26.285181531482852
2017-04-01 11:00:00,25.18549919
2017-04-01 12:00:00,27.60250092
2017-04-01 13:00:00,29.36050034
2017-04-01 14:00:00,31.11800003
2017-04-01 15:00:00,31.77750015
2017-04-01 16:00:00,30.89850044
2017-04-01 17:00:00,29.57999992
2017-04-01 18:00:00,27.8220005
2017-04-01 19:00:00,25.40500069
2017-04-01 20:00:00,23.42749977
2017-04-01 21:00:00,21.66950035
2017-04-01 22:00:00,20.79150009
2017-04-01 23:00:00,20.30970860708434
2017-04-02 00:00:00,19.50769312819734
2017-04-02 01:00:00,18.7788340629558
2017-04-02 02:00:00,18.120881516741598
2017-04-02 03:00:00,17.53158559493662
2017-04-02 04:00:00,17.008696402922745
2017-04-02 05:00:00,16.549964046081854
2017-04-02 06:00:00,16.153138629795833
2017-04-02 07:00:00,15.815970259446559
2017-04-02 08:00:00,15.536209040415915
2017-04-02 09:00:00,15.311605078085776
2017-04-02 10:00:00,15.139908477838034
2017-04-02 11:00:00,15.018869345054568
2017-04-02 12:00:00,14.946237785117255
2017-04-02 13:00:00,14.919763903407972
2017-04-02 14:00:00,14.937197805308614
2017-04-02 15:00:00,14.996289596201063
2017-04-02 16:00:00,15.094789381467184
2017-04-02 17:00:00,15.230447266488863
2017-04-02 18:00:00,15.40101335664801
2017-04-02 19:00:00,15.604237757326462
2017-04-02 20:00:00,15.837870573906141
2017-04-02 21:00:00,16.099661911768894
2017-04-02 22:00:00,16.387361876296595
2017-04-02 23:00:00,16.698720572871178
2017-04-03 00:00:00,17.031488106874495
2017-04-03 01:00:00,17.38341458368842
2017-04-03 02:00:00,17.75225010869484
2017-04-03 03:00:00,18.135744787275662
2017-04-03 04:00:00,18.531648724812722
2017-04-03 05:00:00,18.937712026687947
2017-04-03 06:00:00,19.351684798283213
2017-04-03 07:00:00,19.771317144980316
2017-04-03 08:00:00,20.194359172161246
2017-04-03 09:00:00,20.61856098520782
2017-04-03 10:00:00,21.041672689501983
2017-04-03 11:00:00,21.461444390425555
2017-04-03 12:00:00,21.87562619336042
2017-04-03 13:00:00,22.281968203688493
2017-04-03 14:00:00,22.678220526791666
2017-04-03 15:00:00,23.06213326805176
2017-04-03 16:00:00,23.431456532850735
2017-04-03 17:00:00,23.783940426570403
2017-04-03 18:00:00,24.117335054592694
2017-04-03 19:00:00,24.429390522299443
2017-04-03 20:00:00,24.717856935072554
2017-04-03 21:00:00,24.980484398293974
2017-04-03 22:00:00,25.21502301734548
2017-04-03 23:00:00,25.419222897608968
2017-04-04 00:00:00,25.59083414446632
2017-04-04 01:00:00,26.2840004
2017-04-04 02:00:00,25.625
2017-04-04 03:00:00,25.18600082
2017-04-04 04:00:00,25.18600082
2017-04-04 05:00:00,24.9659996
2017-04-04 06:00:00,24.9659996
2017-04-04 07:00:00,25.18549919
2017-04-04 08:00:00,25.18549919
2017-04-04 09:00:00,25.625
2017-04-04 10:00:00,26.50349998
2017-04-04 11:00:00,27.82250023
2017-04-04 12:00:00,28.92099953
2017-04-04 13:00:00,30.89800072
2017-04-04 14:00:00,31.99699974
2017-04-04 15:00:00,31.77700043
2017-04-04 16:00:00,31.33799934
2017-04-04 17:00:00,30.67849922
2017-04-04 18:00:00,31.554989130883275
2017-04-04 19:00:00,31.76154348735244
2017-04-04 20:00:00,31.940780692756917
2017-04-04 21:00:00,32.09349736785442
2017-04-04 22:00:00,32.22049013340268
2017-04-04 23:00:00,32.32255561015941
2017-04-05 00:00:00,32.400490418882356
2017-04-05 01:00:00,32.455091180329234
2017-04-05 02:00:00,32.487154515257764
2017-04-05 03:00:00,32.49747704442568
2017-04-05 04:00:00,32.4868553885907
2017-04-05 05:00:00,32.45608616851055
2017-04-05 06:00:00,32.40596600494297
2017-04-05 07:00:00,32.337291518645664
2017-04-05 08:00:00,32.250859330376365
2017-04-05 09:00:00,32.1474660608928
2017-04-05 10:00:00,32.027908330952705
2017-04-05 11:00:00,31.89298276131379
2017-04-05 12:00:00,31.74348597273379
2017-04-05 13:00:00,31.580214585970424
2017-04-05 14:00:00,31.40396522178142
2017-04-05 15:00:00,31.215534500924505
2017-04-05 16:00:00,31.015719044157407
2017-04-05 17:00:00,30.805315472237837
2017-04-05 18:00:00,30.58512040592354
2017-04-05 19:00:00,30.355930465972236
2017-04-05 20:00:00,30.11854227314165
2017-04-05 21:00:00,29.8737524481895
2017-04-05 22:00:00,29.62235761187351
2017-04-05 23:00:00,29.36515438495141
2017-04-06 00:00:00,29.102939388180943
2017-04-06 01:00:00,28.836509242319806
2017-04-06 02:00:00,28.56666056812573
2017-04-06 03:00:00,28.294189986356464
2017-04-06 04:00:00,28.019894117769706
2017-04-06 05:00:00,27.744569583123177
2017-04-06 06:00:00,27.469013003174634
2017-04-06 07:00:00,27.194020998681783
2017-04-06 08:00:00,26.920390190402358
2017-04-06 09:00:00,26.648917199094083
2017-04-06 10:00:00,26.380398645514664
2017-04-06 11:00:00,26.115631150421873
2017-04-06 12:00:00,25.85541133457338
2017-04-06 13:00:00,25.60053581872692
2017-04-06 14:00:00,25.351801223640273
2017-04-06 15:00:00,25.1100041700711
2017-04-06 16:00:00,24.875941278777148
2017-04-06 17:00:00,24.650409170516166
2017-04-06 18:00:00,24.43420446604583
2017-04-06 19:00:00,24.228123786123906
2017-04-06 20:00:00,23.86750031
2017-04-06 21:00:00,23.86750031
2017-04-06 22:00:00,23.86750031
2017-04-06 23:00:00,23.86750031
2017-04-07 00:00:00,23.86750031
2017-04-07 01:00:00,23.86750031
2017-04-07 02:00:00,22.76849937
2017-04-07 03:00:00,22.54850006
2017-04-07 04:00:00,22.10950089
2017-04-07 05:00:00,22.10950089
2017-04-07 06:00:00,21.45000076
2017-04-07 07:00:00,21.23049927
2017-04-07 08:00:00,21.23049927
2017-04-07 09:00:00,20.79150009
2017-04-07 10:00:00,21.23049927
2017-04-07 11:00:00,21.23049927
2017-04-07 12:00:00,22.32900047
2017-04-07 13:00:00,23.20800018
2017-04-07 14:00:00,24.5265007
2017-04-07 15:00:00,25.625
2017-04-07 16:00:00,25.625
2017-04-07 17:00:00,25.40550041
2017-04-07 18:00:00,25.40550041
2017-04-07 19:00:00,25.18549919
2017-04-07 20:00:00,24.9659996
2017-04-07 21:00:00,24.30649948
2017-04-07 22:00:00,23.86750031
2017-04-07 23:00:00,22.9885006
2017-04-08 00:00:00,22.54850006
2017-04-08 01:00:00,22.54850006
2017-04-08 02:00:00,22.10950089
2017-04-08 03:00:00,21.66950035
2017-04-08 04:00:00,21.66950035
2017-04-08 05:00:00,21.66950035
2017-04-08 06:00:00,22.10950089
2017-04-08 07:00:00,22.54850006
2017-04-08 08:00:00,23.42749977
2017-04-08 09:00:00,23.86750031
2017-04-08 10:00:00,24.9659996
2017-04-08 11:00:00,26.94350052
2017-04-08 12:00:00,30.23950005
2017-04-08 13:00:00,33.31549835
2017-04-08 14:00:00,35.95199966
2017-04-08 15:00:00,36.83100128
2017-04-08 16:00:00,35.51250076
2017-04-08 17:00:00,33.97449875
2017-04-08 18:00:00,31.77750015
2017-04-08 19:00:00,30.23900032
2017-04-08 20:00:00,29.14049911
2017-04-08 21:00:00,28.2614994
2017-04-08 22:00:00,24.9659996
2017-04-08 23:00:00,23.20800018
2017-04-09 00:00:00,22.10950089
2017-04-09 01:00:00,19.69249916
2017-04-09 02:00:00,19.25300026
2017-04-09 03:00:00,18.81349945
2017-04-09 04:00:00,18.15449905
2017-04-09 05:00:00,17.71450043
2017-04-09 06:00:00,17.27549934
2017-04-09 07:00:00,17.27549934
2017-04-09 08:00:00,17.05550003
2017-04-09 09:00:00,17.71450043
2017-04-09 10:00:00,18.59350014
2017-04-09 11:00:00,19.25300026
2017-04-09 12:00:00,20.35149956
2017-04-09 13:00:00,21.01099968
2017-04-09 14:00:00,21.23049927
2017-04-09 15:00:00,21.23049927
2017-04-09 16:00:00,20.57150078
2017-04-09 17:00:00,20.35149956
2017-04-09 18:00:00,20.13199997
2017-04-09 19:00:00,19.91250038
2017-04-09 20:00:00,19.69249916
2017-04-09 21:00:00,19.69249916
2017-04-09 22:00:00,19.47249985
2017-04-09 23:00:00,17.49500084
2017-04-10 00:00:00,16.39649963
2017-04-10 01:00:00,15.51749992
2017-04-10 02:00:00,15.07849979
2017-04-10 03:00:00,14.63850021
2017-04-10 04:00:00,14.19950008
2017-04-10 05:00:00,14.41899967
2017-04-10 06:00:00,14.85849953
2017-04-10 07:00:00,15.29800034
2017-04-10 08:00:00,15.73750019
2017-04-10 09:00:00,16.17700005
2017-04-10 10:00:00,17.10449982
2017-04-10 11:00:00,17.54400063
2017-04-10 12:00:00,18.42300034
2017-04-10 13:00:00,18.64249992
2017-04-10 14:00:00,18.42300034
2017-04-10 15:00:00,15.56649971
2017-04-10 16:00:00,13.14949989
2017-04-10 17:00:00,11.17150021
2017-04-10 18:00:00,9.853500366
2017-04-10 19:00:00,9.194499969
2017-04-10 20:00:00,8.315500259
2017-04-10 21:00:00,7.875999928
2017-04-10 22:00:00,7.656499863
2017-04-10 23:00:00,7.436500072
2017-04-11 00:00:00,6.997000217
2017-04-11 01:00:00,6.997000217
2017-04-11 02:00:00,6.77699995
2017-04-11 03:00:00,6.557499886
2017-04-11 04:00:00,6.337500095
2017-04-11 05:00:00,6.118000031
2017-04-11 06:00:00,6.118000031
2017-04-11 07:00:00,6.118000031
2017-04-11 08:00:00,6.118000031
2017-04-11 09:00:00,6.777500153
2017-04-11 10:00:00,8.315500259
2017-04-11 11:00:00,10.95199966
2017-04-11 12:00:00,12.92949963
2017-04-11 13:00:00,14.24849987
2017-04-11 14:00:00,14.90699959
2017-04-11 15:00:00,14.90699959
2017-04-11 16:00:00,14.90699959
2017-04-11 17:00:00,14.0284996
2017-04-11 18:00:00,13.36950016
2017-04-11 19:00:00,12.49050045
2017-04-11 20:00:00,11.61149979
2017-04-11 21:00:00,11.17150021
2017-04-11 22:00:00,10.73250008
2017-04-11 23:00:00,10.51249981
2017-04-12 00:00:00,10.29249954
2017-04-12 01:00:00,9.853500366
2017-04-12 02:00:00,9.853500366
2017-04-12 03:00:00,9.414500237
2017-04-12 04:00:00,9.414500237
2017-04-12 05:00:00,8.974499702
2017-04-12 06:00:00,8.974499702
2017-04-12 07:00:00,8.974499702
2017-04-12 08:00:00,9.414500237
2017-04-12 09:00:00,11.17150021
2017-04-12 10:00:00,15.78600025
2017-04-12 11:00:00,15.78600025
2017-04-12 12:00:00,23.64749908
2017-04-12 13:00:00,25.18549919
2017-04-12 14:00:00,27.38249969
2017-04-12 15:00:00,28.2614994
2017-04-12 16:00:00,26.7234993
2017-04-12 17:00:00,24.9659996
2017-04-12 18:00:00,22.54850006
2017-04-12 19:00:00,20.35149956
2017-04-12 20:00:00,18.15399933
2017-04-12 21:00:00,16.39599991
2017-04-12 22:00:00,14.41899967
2017-04-12 23:00:00,12.66100025
2017-04-13 00:00:00,11.56200027
2017-04-13 01:00:00,10.68400002
2017-04-13 02:00:00,9.805000305
2017-04-13 03:00:00,8.925999641
2017-04-13 04:00:00,8.486000061
2017-04-13 05:00:00,7.827000141
2017-04-13 06:00:00,7.168000221
2017-04-13 07:00:00,7.168000221
2017-04-13 08:00:00,9.585000038
2017-04-13 09:00:00,13.32050037
2017-04-13 10:00:00,19.25300026
2017-04-13 11:00:00,24.30649948
2017-04-13 12:00:00,27.60250092
2017-04-13 13:00:00,30.01950073
2017-04-13 14:00:00,33.09600067
2017-04-13 15:00:00,33.97449875
2017-04-13 16:00:00,32.43650055
2017-04-13 17:00:00,30.01950073
2017-04-13 18:00:00,27.62700081
2017-04-13 19:00:00,25.64949989
2017-04-13 20:00:00,23.89150047
2017-04-13 21:00:00,22.79299927
2017-04-13 22:00:00,22.35350037
2017-04-13 23:00:00,22.13400078
2017-04-14 00:00:00,21.69400024
2017-04-14 01:00:00,21.69400024
2017-04-14 02:00:00,21.91399956
2017-04-14 03:00:00,22.35350037
2017-04-14 04:00:00,22.57299995
2017-04-14 05:00:00,22.57299995
2017-04-14 06:00:00,22.57299995
2017-04-14 07:00:00,23.23250008
2017-04-14 08:00:00,24.9904995
2017-04-14 09:00:00,27.1875
2017-04-14 10:00:00,30.04400063
2017-04-14 11:00:00,33.11999893
2017-04-14 12:00:00,35.53749847
2017-04-14 13:00:00,37.07550049
2017-04-14 14:00:00,39.0530014
2017-04-14 15:00:00,40.1515007
2017-04-14 16:00:00,38.83300018
2017-04-14 17:00:00,37.73450089
2017-04-14 18:00:00,39.81118315576777
2017-04-14 19:00:00,40.493229704386
2017-04-14 20:00:00,41.145383798727146
2017-04-14 21:00:00,41.76767403719565
2017-04-14 22:00:00,42.36012901819595
2017-04-14 23:00:00,42.92277734013249
2017-04-15 00:00:00,43.45564760140972
2017-04-15 01:00:00,43.95876840043208
2017-04-15 02:00:00,44.43216833560401
2017-04-15 03:00:00,44.87587600532996
2017-04-15 04:00:00,45.28992000801436
2017-04-15 05:00:00,45.67432894206166
2017-04-15 06:00:00,46.02913140587631
2017-04-15 07:00:00,46.354355997862754
2017-04-15 08:00:00,46.65003131642543
2017-04-15 09:00:00,46.91618595996877
2017-04-15 10:00:00,47.15284852689723
2017-04-15 11:00:00,47.36004761561525
2017-04-15 12:00:00,47.53781182452728
2017-04-15 13:00:00,47.68616975203774
2017-04-15 14:00:00,47.8051499965511
2017-04-15 15:00:00,47.89478115647179
2017-04-15 16:00:00,47.95509183020426
2017-04-15 17:00:00,47.986110616152935
2017-04-15 18:00:00,47.98786611272228
2017-04-15 19:00:00,47.96038691831673
2017-04-15 20:00:00,47.903701631340724
2017-04-15 21:00:00,47.817838850198704
2017-04-15 22:00:00,47.702827173295134
2017-04-15 23:00:00,47.55869519903442
2017-04-16 00:00:00,47.38547152582103
2017-04-16 01:00:00,47.183184752059404
2017-04-16 02:00:00,46.95186347615399
2017-04-16 03:00:00,46.69153629650923
2017-04-16 04:00:00,46.40223181152956
2017-04-16 05:00:00,46.08397861961943
2017-04-16 06:00:00,45.73680531918329
2017-04-16 07:00:00,45.360740508625554
2017-04-16 08:00:00,44.955812786350684
2017-04-16 09:00:00,44.522050750763114
2017-04-16 10:00:00,44.05948300026729
2017-04-16 11:00:00,43.56813813326767
2017-04-16 12:00:00,43.048044748168664
2017-04-16 13:00:00,42.49923144337477
2017-04-16 14:00:00,41.92172681729038
2017-04-16 15:00:00,41.31555946831993
2017-04-16 16:00:00,40.68075799486791
2017-04-16 17:00:00,40.01735099533875
2017-04-16 18:00:00,39.32536706813688
2017-04-16 19:00:00,38.604834811666734
2017-04-16 20:00:00,37.73450089
2017-04-16 21:00:00,37.07500076
2017-04-16 22:00:00,36.63600159
2017-04-16 23:00:00,35.31700134
2017-04-17 00:00:00,35.31700134
2017-04-17 01:00:00,34.65850067
2017-04-17 02:00:00,31.58200073
2017-04-17 03:00:00,31.36249924
2017-04-17 04:00:00,28.72550011
2017-04-17 05:00:00,26.0890007
2017-04-17 06:00:00,24.77050018
2017-04-17 07:00:00,24.9904995
2017-04-17 08:00:00,25.64949989
2017-04-17 09:00:00,26.74799919
2017-04-17 10:00:00,29.3845005
2017-04-17 11:00:00,31.80150032
2017-04-17 12:00:00,34.43849945
2017-04-17 13:00:00,36.19649887
2017-04-17 14:00:00,38.61299896
2017-04-17 15:00:00,41.0304985
2017-04-17 16:00:00,41.47000122
2017-04-17 17:00:00,41.47000122
2017-04-17 18:00:00,41.25
2017-04-17 19:00:00,41.25
2017-04-17 20:00:00,40.59049988
2017-04-17 21:00:00,40.37099838
2017-04-17 22:00:00,40.37099838
2017-04-17 23:00:00,40.37099838
2017-04-18 00:00:00,39.71149826
2017-04-18 01:00:00,38.83300018
2017-04-18 02:00:00,38.39350128
2017-04-18 03:00:00,37.73450089
2017-04-18 04:00:00,37.07550049
2017-04-18 05:00:00,36.19649887
2017-04-18 06:00:00,35.75650024
2017-04-18 07:00:00,35.75650024
2017-04-18 08:00:00,37.07550049
2017-04-18 09:00:00,38.83300018
2017-04-18 10:00:00,41.02999878
2017-04-18 11:00:00,42.7879982
2017-04-18 12:00:00,44.98550034
2017-04-18 13:00:00,46.74300003
2017-04-18 14:00:00,48.28099823
2017-04-18 15:00:00,48.94049835
2017-04-18 16:00:00,48.50099945
2017-04-18 17:00:00,47.62200165
2017-04-18 18:00:00,46.74349976
2017-04-18 19:00:00,45.86449814
2017-04-18 20:00:00,45.20500183
2017-04-18 21:00:00,43.88700104
2017-04-18 22:00:00,42.34899902
2017-04-18 23:00:00,40.8105011
2017-04-19 00:00:00,39.27249908
2017-04-19 01:00:00,38.39350128
2017-04-19 02:00:00,37.29499817
2017-04-19 03:00:00,36.63550186
2017-04-19 04:00:00,36.41600037
2017-04-19 05:00:00,35.97650146
2017-04-19 06:00:00,35.97650146
2017-04-19 07:00:00,36.41600037
2017-04-19 08:00:00,37.29499817
2017-04-19 09:00:00,37.73450089
2017-04-19 10:00:00,39.93149948
2017-04-19 11:00:00,41.4695015
2017-04-19 12:00:00,43.22750092
2017-04-19 13:00:00,43.88700104
2017-04-19 14:00:00,44.10649872
2017-04-19 15:00:00,44.32600021
2017-04-19 16:00:00,46.08399963
2017-04-19 17:00:00,45.86449814
2017-04-19 18:00:00,45.42449951
2017-04-19 19:00:00,44.76549911
2017-04-19 20:00:00,42.78850174
2017-04-19 21:00:00,40.59049988
2017-04-19 22:00:00,38.61299896
2017-04-19 23:00:00,34.43849945
2017-04-20 00:00:00,33.77899933
2017-04-20 01:00:00,33.34000015
2017-04-20 02:00:00,32.46099854
2017-04-20 03:00:00,31.58200073
2017-04-20 04:00:00,31.14249992
2017-04-20 05:00:00,30.48349953
2017-04-20 06:00:00,29.8239994
2017-04-20 07:00:00,28.50550079
2017-04-20 08:00:00,28.01433659658337
2017-04-20 09:00:00,27.360180759494355
2017-04-20 10:00:00,26.749115110949617
2017-04-20 11:00:00,26.180306095861933
2017-04-20 12:00:00,25.652920159144077
2017-04-20 13:00:00,25.166123745708823
2017-04-20 14:00:00,24.719083300468945
2017-04-20 15:00:00,24.310965268337224
2017-04-20 16:00:00,23.94093609422643
2017-04-20 17:00:00,23.60816222304934
2017-04-20 18:00:00,23.311810099718727
2017-04-20 19:00:00,23.051046169147373
2017-04-20 20:00:00,22.825036876248042
2017-04-20 21:00:00,22.632948665933515
2017-04-20 22:00:00,22.47394798311657
2017-04-20 23:00:00,22.34720127270998
2017-04-21 00:00:00,22.25187497962652
2017-04-21 01:00:00,22.18713554877897
2017-04-21 02:00:00,22.152149425080086
2017-04-21 03:00:00,22.14608305344268
2017-04-21 04:00:00,22.1681028787795
2017-04-21 05:00:00,22.21737534600333
2017-04-21 06:00:00,22.29306690002693
2017-04-21 07:00:00,22.394343985763115
2017-04-21 08:00:00,22.52037304812462
2017-04-21 09:00:00,22.670320532024235
2017-04-21 10:00:00,22.84335288237473
2017-04-21 11:00:00,23.038636544088895
2017-04-21 12:00:00,23.255337962079476
2017-04-21 13:00:00,23.492623581259288
2017-04-21 14:00:00,23.74965984654107
2017-04-21 15:00:00,24.025613202837626
2017-04-21 16:00:00,24.319650095061714
2017-04-21 17:00:00,24.630936968126107
2017-04-21 18:00:00,24.958640266943597
2017-04-21 19:00:00,25.301926436426932
2017-04-21 20:00:00,25.65996192148888
2017-04-21 21:00:00,26.031913167042276
2017-04-21 22:00:00,26.41694661799986
2017-04-21 23:00:00,26.814228719274396
2017-04-22 00:00:00,27.22292591577868
2017-04-22 01:00:00,27.642204652425484
2017-04-22 02:00:00,28.071231374127596
2017-04-22 03:00:00,28.509172525797737
2017-04-22 04:00:00,28.955194552348743
2017-04-22 05:00:00,29.40846389869337
2017-04-22 06:00:00,29.868147009744387
2017-04-22 07:00:00,30.33341033041455
2017-04-22 08:00:00,30.803420305616676
2017-04-22 09:00:00,31.277343380263503
2017-04-22 10:00:00,30.26350021
2017-04-22 11:00:00,33.34000015
2017-04-22 12:00:00,33.77899933
2017-04-22 13:00:00,35.31750107
2017-04-22 14:00:00,35.31750107
2017-04-22 15:00:00,37.07500076
2017-04-22 16:00:00,35.97650146
2017-04-22 17:00:00,33.55950165
2017-04-22 18:00:00,32.02149963
2017-04-22 19:00:00,30.04400063
2017-04-22 20:00:00,28.06649971
2017-04-22 21:00:00,26.52799988
2017-04-22 22:00:00,25.43000031
2017-04-22 23:00:00,24.77050018
2017-04-23 00:00:00,23.89150047
2017-04-23 01:00:00,23.092445086070263
2017-04-23 02:00:00,22.34224965286031
2017-04-23 03:00:00,21.65624459155579
2017-04-23 04:00:00,21.032690233850325
2017-04-23 05:00:00,20.469846911437532
2017-04-23 06:00:00,19.96597495601104
2017-04-23 07:00:00,19.51933469926446
2017-04-23 08:00:00,19.128186472891418
2017-04-23 09:00:00,18.790790608585535
2017-04-23 10:00:00,18.505407438040436
2017-04-23 11:00:00,18.27029729294973
2017-04-23 12:00:00,18.08372050500705
2017-04-23 13:00:00,17.943937405906006
2017-04-23 14:00:00,17.849208327340232
2017-04-23 15:00:00,17.797793601003324
2017-04-23 16:00:00,17.78795355858894
2017-04-23 17:00:00,17.817948531790677
2017-04-23 18:00:00,17.886038852302146
2017-04-23 19:00:00,17.990484851816994
2017-04-23 20:00:00,18.12954686202884
2017-04-23 21:00:00,18.301485214631285
2017-04-23 22:00:00,18.504560241317968
2017-04-23 23:00:00,18.737032273782493
2017-04-24 00:00:00,18.99716164371849
2017-04-24 01:00:00,19.283208682819588
2017-04-24 02:00:00,19.593433722779373
2017-04-24 03:00:00,19.9260970952915
2017-04-24 04:00:00,20.27945913204959
2017-04-24 05:00:00,20.651780164747244
2017-04-24 06:00:00,21.041320525078113
2017-04-24 07:00:00,21.446340544735826
2017-04-24 08:00:00,21.865100555413925
2017-04-24 09:00:00,22.29586088880609
2017-04-24 10:00:00,22.736881876605935
2017-04-24 11:00:00,23.186423850507115
2017-04-24 12:00:00,23.642747142203184
2017-04-24 13:00:00,24.104112083387836
2017-04-24 14:00:00,24.568779005754607
2017-04-24 15:00:00,25.035008240997197
2017-04-24 16:00:00,25.50106012080915
2017-04-24 17:00:00,25.965194976884153
2017-04-24 18:00:00,26.425673140915812
2017-04-24 19:00:00,26.880754944597765
2017-04-24 20:00:00,27.328700719623576
2017-04-24 21:00:00,27.76777079768691
2017-04-24 22:00:00,28.196225510481327
2017-04-24 23:00:00,28.612325189700538
2017-04-25 00:00:00,29.014330167038104
2017-04-25 01:00:00,29.400500774187698
2017-04-25 02:00:00,29.76909734284287
2017-04-25 03:00:00,30.48349953
2017-04-25 04:00:00,30.48349953
2017-04-25 05:00:00,30.26350021
2017-04-25 06:00:00,30.0435009
2017-04-25 07:00:00,29.8239994
2017-04-25 08:00:00,30.92300034
2017-04-25 09:00:00,32.46099854
2017-04-25 10:00:00,33.77899933
2017-04-25 11:00:00,34.21900177
2017-04-25 12:00:00,34.43849945
2017-04-25 13:00:00,34.87799835
2017-04-25 14:00:00,35.75699997
2017-04-25 15:00:00,35.31700134
2017-04-25 16:00:00,34.43849945
2017-04-25 17:00:00,33.55950165
2017-04-25 18:00:00,32.46099854
2017-04-25 19:00:00,31.14249992
2017-04-25 20:00:00,28.06649971
2017-04-25 21:00:00,26.96800041
2017-04-25 22:00:00,26.30850029
2017-04-25 23:00:00,25.86949921
2017-04-26 00:00:00,26.30850029
2017-04-26 01:00:00,25.64949989
2017-04-26 02:00:00,25.86899948
2017-04-26 03:00:00,24.98999977
2017-04-26 04:00:00,24.98999977
2017-04-26 05:00:00,24.98999977
2017-04-26 06:00:00,24.98999977
2017-04-26 07:00:00,24.98999977
2017-04-26 08:00:00,24.98999977
2017-04-26 09:00:00,25.43000031
2017-04-26 10:00:00,25.86899948
2017-04-26 11:00:00,27.1875
2017-04-26 12:00:00,28.94499969
2017-04-26 13:00:00,30.70299911
2017-04-26 14:00:00,31.14249992
2017-04-26 15:00:00,29.8239994
2017-04-26 16:00:00,29.8239994
2017-04-26 17:00:00,29.38500023
2017-04-26 18:00:00,28.50600052
2017-04-26 19:00:00,27.62700081
2017-04-26 20:00:00,27.1875
2017-04-26 21:00:00,26.74799919
2017-04-26 22:00:00,26.0890007
2017-04-26 23:00:00,25.64949989
2017-04-27 00:00:00,25.20999908
2017-04-27 01:00:00,24.33099937
2017-04-27 02:00:00,23.45199966
2017-04-27 03:00:00,22.79299927
2017-04-27 04:00:00,21.69400024
2017-04-27 05:00:00,21.25499916
2017-04-27 06:00:00,20.81550026
2017-04-27 07:00:00,20.81550026
2017-04-27 08:00:00,23.23250008
2017-04-27 09:00:00,26.96800041
2017-04-27 10:00:00,30.26350021
2017-04-27 11:00:00,34.21900177
2017-04-27 12:00:00,36.19649887
2017-04-27 13:00:00,37.29499817
2017-04-27 14:00:00,36.63550186
2017-04-27 15:00:00,38.39350128
2017-04-27 16:00:00,36.19599915
2017-04-27 17:00:00,34.43849945
2017-04-27 18:00:00,33.11999893
2017-04-27 19:00:00,30.92300034
2017-04-27 20:00:00,28.94499969
2017-04-27 21:00:00,27.1875
2017-04-27 22:00:00,25.86899948
2017-04-27 23:00:00,24.5510006
2017-04-28 00:00:00,23.67200089
2017-04-28 01:00:00,22.79299927
2017-04-28 02:00:00,21.69400024
2017-04-28 03:00:00,20.81550026
2017-04-28 04:00:00,20.15600014
2017-04-28 05:00:00,19.49699974
2017-04-28 06:00:00,19.05800056
2017-04-28 07:00:00,19.71699905
2017-04-28 08:00:00,22.35350037
2017-04-28 09:00:00,25.86899948
2017-04-28 10:00:00,29.3845005
2017-04-28 11:00:00,33.34000015
2017-04-28 12:00:00,34.87799835
2017-04-28 13:00:00,36.41600037
2017-04-28 14:00:00,39.05250168
2017-04-28 15:00:00,39.7120018
2017-04-28 16:00:00,38.17399979
2017-04-28 17:00:00,35.75650024
2017-04-28 18:00:00,33.99900055
2017-04-28 19:00:00,32.24150085
2017-04-28 20:00:00,30.92250061
2017-04-28 21:00:00,30.0435009
2017-04-28 22:00:00,29.16500092
2017-04-28 23:00:00,28.50600052
2017-04-29 00:00:00,27.62700081
2017-04-29 01:00:00,26.96750069
2017-04-29 02:00:00,26.30850029
2017-04-29 03:00:00,25.48513489095832
2017-04-29 04:00:00,24.75600826294838
2017-04-29 05:00:00,24.04631934908162
2017-04-29 06:00:00,23.356741502300814
2017-04-29 07:00:00,22.687948075548725
2017-04-29 08:00:00,22.04061242176812
2017-04-29 09:00:00,21.41540789390177
2017-04-29 10:00:00,20.813007844892436
2017-04-29 11:00:00,20.23408562768289
2017-04-29 12:00:00,19.679314595215903
2017-04-29 13:00:00,19.149368100434234
2017-04-29 14:00:00,18.644919496280657
2017-04-29 15:00:00,18.166642135697934
2017-04-29 16:00:00,17.715209371628838
2017-04-29 17:00:00,17.291294557016133
2017-04-29 18:00:00,16.89557104480259
2017-04-29 19:00:00,16.528712187930978
2017-04-29 20:00:00,16.19139133934406
2017-04-29 21:00:00,15.884281851984602
2017-04-29 22:00:00,15.60805707879538
2017-04-29 23:00:00,15.363390372719152
2017-04-30 00:00:00,15.150955086698694
2017-04-30 01:00:00,14.971424573676757
2017-04-30 02:00:00,14.825472186596135
2017-04-30 03:00:00,14.713771278399571
2017-04-30 04:00:00,14.636995202029848
2017-04-30 05:00:00,14.595817310429725
2017-04-30 06:00:00,14.590910956541983
2017-04-30 07:00:00,14.622949493309363
2017-04-30 08:00:00,14.692606273674663
2017-04-30 09:00:00,14.800554650580628
2017-04-30 10:00:00,14.94746797697004
2017-04-30 11:00:00,15.13401960578566
2017-04-30 12:00:00,15.360882889970238
2017-04-30 13:00:00,15.628731182466556
2017-04-30 14:00:00,15.938237836217393
2017-04-30 15:00:00,16.290076204165494
2017-04-30 16:00:00,16.684919639253653
2017-04-30 17:00:00,17.123441494424625
2017-04-30 18:00:00,17.606315122621204
2017-04-30 19:00:00,18.134213876786124
2017-04-30 20:00:00,18.707811109862156
2017-04-30 21:00:00,19.327780174792082
2017-04-30 22:00:00,19.994794424518638
2017-04-30 23:00:00,20.70952721198462
2017-05-01 00:00:00,21.472651890132823
2017-05-01 01:00:00,22.28484181190595
2017-05-01 02:00:00,23.146770330246795
2017-05-01 03:00:00,24.05911079809814
2017-05-01 04:00:00,25.022536568402764
2017-05-01 05:00:00,26.74799919
2017-05-01 06:00:00,26.30850029
2017-05-01 07:00:00,26.0890007
2017-05-01 08:00:00,28.50600052
2017-05-01 09:00:00,32.02149963
2017-05-01 10:00:00,35.53699875
2017-05-01 11:00:00,39.7120018
2017-05-01 12:00:00,38.61299896
2017-05-01 13:00:00,37.51449966
2017-05-01 14:00:00,36.85549927
2017-05-01 15:00:00,36.85549927
2017-05-01 16:00:00,35.75650024
2017-05-01 17:00:00,33.55950165
2017-05-01 18:00:00,30.92250061
2017-05-01 19:00:00,30.0435009
2017-05-01 20:00:00,28.06649971
2017-05-01 21:00:00,26.96750069
2017-05-01 22:00:00,26.30850029
2017-05-01 23:00:00,25.43000031
2017-05-02 00:00:00,24.77050018
2017-05-02 01:00:00,24.5510006
2017-05-02 02:00:00,24.98999977
2017-05-02 03:00:00,25.64949989
2017-05-02 04:00:00,25.86899948
2017-05-02 05:00:00,25.64949989
2017-05-02 06:00:00,24.11100006
2017-05-02 07:00:00,23.45199966
2017-05-02 08:00:00,22.13400078
2017-05-02 09:00:00,21.69400024
2017-05-02 10:00:00,21.69400024
2017-05-02 11:00:00,21.69400024
2017-05-02 12:00:00,22.13400078
2017-05-02 13:00:00,22.57299995
2017-05-02 14:00:00,23.01300049
2017-05-02 15:00:00,24.11100006
2017-05-02 16:00:00,24.5510006
2017-05-02 17:00:00,24.5510006
2017-05-02 18:00:00,24.33099937
2017-05-02 19:00:00,23.89150047
2017-05-02 20:00:00,22.79299927
2017-05-02 21:00:00,22.79299927
2017-05-02 22:00:00,22.79299927
2017-05-02 23:00:00,22.79299927
2017-05-03 00:00:00,23.23250008
2017-05-03 01:00:00,23.45199966
2017-05-03 02:00:00,23.45199966
2017-05-03 03:00:00,23.67200089
2017-05-03 04:00:00,23.89150047
2017-05-03 05:00:00,23.89150047
2017-05-03 06:00:00,24.33099937
2017-05-03 07:00:00,24.5510006
2017-05-03 08:00:00,25.20999908
2017-05-03 09:00:00,25.64949989
2017-05-03 10:00:00,25.86899948
2017-05-03 11:00:00,27.1875
2017-05-03 12:00:00,28.06649971
2017-05-03 13:00:00,29.16500092
2017-05-03 14:00:00,30.70299911
2017-05-03 15:00:00,31.36199951
2017-05-03 16:00:00,31.36199951
2017-05-03 17:00:00,30.4829998
2017-05-03 18:00:00,29.8239994
2017-05-03 19:00:00,29.16500092
2017-05-03 20:00:00,28.72550011
2017-05-03 21:00:00,28.2859993
2017-05-03 22:00:00,27.84700012
2017-05-03 23:00:00,27.62700081
2017-05-04 00:00:00,27.40749931
2017-05-04 01:00:00,25.86899948
2017-05-04 02:00:00,24.5510006
2017-05-04 03:00:00,24.11100006
2017-05-04 04:00:00,24.11100006
2017-05-04 05:00:00,24.55050087
2017-05-04 06:00:00,25.20999908
2017-05-04 07:00:00,24.9904995
2017-05-04 08:00:00,24.55050087
2017-05-04 09:00:00,24.33099937
2017-05-04 10:00:00,24.9904995
2017-05-04 11:00:00,25.42950058
2017-05-04 12:00:00,26.30850029
2017-05-04 13:00:00,26.96750069
2017-05-04 14:00:00,27.40749931
2017-05-04 15:00:00,27.8465004
2017-05-04 16:00:00,27.8465004
2017-05-04 17:00:00,27.8465004
2017-05-04 18:00:00,26.30850029
2017-05-04 19:00:00,25.64949989
2017-05-04 20:00:00,25.20999908
2017-05-04 21:00:00,25.64949989
2017-05-04 22:00:00,25.86949921
2017-05-04 23:00:00,25.86949921
2017-05-05 00:00:00,25.64949989
2017-05-05 01:00:00,25.64949989
2017-05-05 02:00:00,25.42950058
2017-05-05 03:00:00,25.42950058
2017-05-05 04:00:00,25.42950058
2017-05-05 05:00:00,25.20999908
2017-05-05 06:00:00,25.20999908
2017-05-05 07:00:00,25.42950058
2017-05-05 08:00:00,26.30850029
2017-05-05 09:00:00,27.62700081
2017-05-05 10:00:00,30.04400063
2017-05-05 11:00:00,34.21900177
2017-05-05 12:00:00,35.97650146
2017-05-05 13:00:00,36.303104987953475
2017-05-05 14:00:00,37.572702487801976
2017-05-05 15:00:00,38.780767378012854
2017-05-05 16:00:00,39.92801681929084
2017-05-05 17:00:00,41.01516797234066
2017-05-05 18:00:00,42.04293799786705
2017-05-05 19:00:00,43.01204405657473
2017-05-05 20:00:00,43.92320330916842
2017-05-05 21:00:00,44.77713291635287
2017-05-05 22:00:00,45.57455003883279
2017-05-05 23:00:00,46.31617183731292
2017-05-06 00:00:00,47.00271547249798
2017-05-06 01:00:00,47.63489810509272
2017-05-06 02:00:00,48.21343689580184
2017-05-06 03:00:00,48.73904900533009
2017-05-06 04:00:00,49.21245159438219
2017-05-06 05:00:00,49.634361823662864
2017-05-06 06:00:00,50.00549685387684
2017-05-06 07:00:00,50.32657384572887
2017-05-06 08:00:00,50.59830995992364
2017-05-06 09:00:00,50.821422357165915
2017-05-06 10:00:00,50.99662819816041
2017-05-06 11:00:00,51.12464464361187
2017-05-06 12:00:00,51.206188854224976
2017-05-06 13:00:00,51.24197799070451
2017-05-06 14:00:00,51.23272921375518
2017-05-06 15:00:00,51.17915968408171
2017-05-06 16:00:00,51.08198656238882
2017-05-06 17:00:00,50.94192700938129
2017-05-06 18:00:00,50.759698185763774
2017-05-06 19:00:00,50.53601725224106
2017-05-06 20:00:00,50.27160136951783
2017-05-06 21:00:00,49.967167698298844
2017-05-06 22:00:00,49.62343339928885
2017-05-06 23:00:00,49.24111563319253
2017-05-07 00:00:00,48.82093156071465
2017-05-07 01:00:00,48.36359834255995
2017-05-07 02:00:00,47.8698331394331
2017-05-07 03:00:00,47.340353112038855
2017-05-07 04:00:00,46.77587542108194
2017-05-07 05:00:00,46.17711722726709
2017-05-07 06:00:00,45.54479569129903
2017-05-07 07:00:00,44.87962797388246
2017-05-07 08:00:00,44.182331235722195
2017-05-07 09:00:00,43.453622637522884
2017-05-07 10:00:00,42.69421933998926
2017-05-07 11:00:00,41.904838503826085
2017-05-07 12:00:00,41.086197289738095
2017-05-07 13:00:00,40.23901285842997
2017-05-07 14:00:00,39.364002370606485
2017-05-07 15:00:00,39.05250168
2017-05-07 16:00:00,37.29499817
2017-05-07 17:00:00,35.75699997
2017-05-07 18:00:00,34.65800095
2017-05-07 19:00:00,33.55950165
2017-05-07 20:00:00,33.12049866
2017-05-07 21:00:00,32.90050125
2017-05-07 22:00:00,32.46099854
2017-05-07 23:00:00,32.02149963
2017-05-08 00:00:00,32.02149963
2017-05-08 01:00:00,30.26350021
2017-05-08 02:00:00,29.16500092
2017-05-08 03:00:00,29.16500092
2017-05-08 04:00:00,29.16500092
2017-05-08 05:00:00,28.72550011
2017-05-08 06:00:00,26.52799988
2017-05-08 07:00:00,26.0890007
2017-05-08 08:00:00,25.20999908
2017-05-08 09:00:00,25.20999908
2017-05-08 10:00:00,24.77050018
2017-05-08 11:00:00,24.55050087
2017-05-08 12:00:00,24.98999977
2017-05-08 13:00:00,24.98999977
2017-05-08 14:00:00,25.43000031
2017-05-08 15:00:00,25.64949989
2017-05-08 16:00:00,25.841397693646417
2017-05-08 17:00:00,26.168752027536357
2017-05-08 18:00:00,26.54582261769166
2017-05-08 19:00:00,26.9694415861987
2017-05-08 20:00:00,27.436441055143845
2017-05-08 21:00:00,27.943653146613475
2017-05-08 22:00:00,28.487909982693964
2017-05-08 23:00:00,29.066043685471683
2017-05-09 00:00:00,29.674886377033005
2017-05-09 01:00:00,30.311270179464305
2017-05-09 02:00:00,30.972027214851956
2017-05-09 03:00:00,31.653989605282327
2017-05-09 04:00:00,32.3539894728418
2017-05-09 05:00:00,33.068858939616746
2017-05-09 06:00:00,33.795430127693535
2017-05-09 07:00:00,34.53053515915853
2017-05-09 08:00:00,35.27100615609813
2017-05-09 09:00:00,36.013675240598694
2017-05-09 10:00:00,36.75537453474659
2017-05-09 11:00:00,37.4929361606282
2017-05-09 12:00:00,38.223192240329894
2017-05-09 13:00:00,38.942974895938036
2017-05-09 14:00:00,39.64911624953902
2017-05-09 15:00:00,40.33844842321921
2017-05-09 16:00:00,41.007803539064966
2017-05-09 17:00:00,41.65401371916267
2017-05-09 18:00:00,42.27391108559871
2017-05-09 19:00:00,42.864327760459446
2017-05-09 20:00:00,43.422095865831245
2017-05-09 21:00:00,43.94404752380049
2017-05-09 22:00:00,44.427014856453546
2017-05-09 23:00:00,44.86782998587681
2017-05-10 00:00:00,45.26332503415664
2017-05-10 01:00:00,45.61033212337939
2017-05-10 02:00:00,45.905683375631455
2017-05-10 03:00:00,46.14621091299921
2017-05-10 04:00:00,46.32874685756905
2017-05-10 05:00:00,46.45012333142729
2017-05-10 06:00:00,46.5071724566604
2017-05-10 07:00:00,46.49672635535457
2017-05-10 08:00:00,46.41561714959634
2017-05-10 09:00:00,46.26067696147201
2017-05-10 10:00:00,46.028737913068014
2017-05-10 11:00:00,45.71663212647067
2017-05-10 12:00:00,45.32119172376642
2017-05-10 13:00:00,44.83924882704157
2017-05-10 14:00:00,44.26763555838252
2017-05-10 15:00:00,43.603184039875615
2017-05-10 16:00:00,42.84272639360733
2017-05-10 17:00:00,41.98309474166388
2017-05-10 18:00:00,42.3484993
2017-05-10 19:00:00,39.49200058
2017-05-10 20:00:00,37.07550049
2017-05-10 21:00:00,35.31750107
2017-05-10 22:00:00,33.77899933
2017-05-10 23:00:00,33.34000015
2017-05-11 00:00:00,32.90050125
2017-05-11 01:00:00,32.02149963
2017-05-11 02:00:00,31.14249992
2017-05-11 03:00:00,30.4829998
2017-05-11 04:00:00,29.8239994
2017-05-11 05:00:00,29.60449982
2017-05-11 06:00:00,29.38500023
2017-05-11 07:00:00,29.38500023
2017-05-11 08:00:00,31.36199951
2017-05-11 09:00:00,34.43849945
2017-05-11 10:00:00,36.85549927
2017-05-11 11:00:00,40.1515007
2017-05-11 12:00:00,43.66699982
2017-05-11 13:00:00,45.64450073
2017-05-11 14:00:00,47.40250015
2017-05-11 15:00:00,46.74300003
2017-05-11 16:00:00,43.88700104
2017-05-11 17:00:00,41.47000122
2017-05-11 18:00:00,33.99900055
2017-05-11 19:00:00,32.46099854
2017-05-11 20:00:00,32.02149963
2017-05-11 21:00:00,30.70299911
2017-05-11 22:00:00,30.70299911
2017-05-11 23:00:00,30.0435009
2017-05-12 00:00:00,28.72550011
2017-05-12 01:00:00,28.06649971
2017-05-12 02:00:00,27.84700012
2017-05-12 03:00:00,27.1875
2017-05-12 04:00:00,25.43000031
2017-05-12 05:00:00,24.33099937
2017-05-12 06:00:00,23.45199966
2017-05-12 07:00:00,23.45199966
2017-05-12 08:00:00,24.11100006
2017-05-12 09:00:00,24.5510006
2017-05-12 10:00:00,24.77050018
2017-05-12 11:00:00,25.86899948
2017-05-12 12:00:00,29.82449913
2017-05-12 13:00:00,33.12049866
2017-05-12 14:00:00,37.29499817
2017-05-12 15:00:00,39.27249908
2017-05-12 16:00:00,37.73450089
2017-05-12 17:00:00,35.53699875
2017-05-12 18:00:00,33.99900055
2017-05-12 19:00:00,32.46099854
2017-05-12 20:00:00,30.92250061
2017-05-12 21:00:00,29.60449982
2017-05-12 22:00:00,28.94499969
2017-05-12 23:00:00,28.06649971
2017-05-13 00:00:00,27.62700081
2017-05-13 01:00:00,26.96800041
2017-05-13 02:00:00,26.30850029
2017-05-13 03:00:00,26.30850029
2017-05-13 04:00:00,25.86899948
2017-05-13 05:00:00,25.43000031
2017-05-13 06:00:00,24.98999977
2017-05-13 07:00:00,26.08849907
2017-05-13 08:00:00,28.06649971
2017-05-13 09:00:00,31.14249992
2017-05-13 10:00:00,34.43849945
2017-05-13 11:00:00,39.05250168
2017-05-13 12:00:00,40.8105011
2017-05-13 13:00:00,43.22750092
2017-05-13 14:00:00,45.86449814
2017-05-13 15:00:00,46.96300125
2017-05-13 16:00:00,45.20500183
2017-05-13 17:00:00,43.22800064
2017-05-13 18:00:00,41.6894989
2017-05-13 19:00:00,40.1515007
2017-05-13 20:00:00,37.73450089
2017-05-13 21:00:00,35.97650146
2017-05-13 22:00:00,34.65800095
2017-05-13 23:00:00,33.77899933
2017-05-14 00:00:00,33.34000015
2017-05-14 01:00:00,32.90050125
2017-05-14 02:00:00,32.46099854
2017-05-14 03:00:00,31.80200005
2017-05-14 04:00:00,30.92300034
2017-05-14 05:00:00,30.26350021
2017-05-14 06:00:00,29.38500023
2017-05-14 07:00:00,29.8239994
2017-05-14 08:00:00,31.58200073
2017-05-14 09:00:00,34.43799973
2017-05-14 10:00:00,36.85549927
2017-05-14 11:00:00,39.93149948
2017-05-14 12:00:00,41.9090004
2017-05-14 13:00:00,43.88650131
2017-05-14 14:00:00,45.64450073
2017-05-14 15:00:00,44.32600021
2017-05-14 16:00:00,42.3484993
2017-05-14 17:00:00,39.71149826
2017-05-14 18:00:00,37.07550049
2017-05-14 19:00:00,35.97650146
2017-05-14 20:00:00,34.65800095
2017-05-14 21:00:00,33.77899933
2017-05-14 22:00:00,33.34000015
2017-05-14 23:00:00,33.34000015
2017-05-15 00:00:00,33.34000015
2017-05-15 01:00:00,33.34000015
2017-05-15 02:00:00,33.34000015
2017-05-15 03:00:00,33.34000015
2017-05-15 04:00:00,33.34000015
2017-05-15 05:00:00,33.34000015
2017-05-15 06:00:00,28.50600052
2017-05-15 07:00:00,28.50600052
2017-05-15 08:00:00,29.38500023
2017-05-15 09:00:00,30.4829998
2017-05-15 10:00:00,31.80200005
2017-05-15 11:00:00,32.72949982
2017-05-15 12:00:00,32.72949982
2017-05-15 13:00:00,32.06999969
2017-05-15 14:00:00,31.63100052
2017-05-15 15:00:00,30.75200081
2017-05-15 16:00:00,30.75200081
2017-05-15 17:00:00,30.31200027
2017-05-15 18:00:00,29.87299919
2017-05-15 19:00:00,29.6534996
2017-05-15 20:00:00,29.43400002
2017-05-15 21:00:00,28.99399948
2017-05-15 22:00:00,28.88047352547491
2017-05-15 23:00:00,28.6757645666572
2017-05-16 00:00:00,28.48710746592957
2017-05-16 01:00:00,28.31408281144652
2017-05-16 02:00:00,28.156271191362563
2017-05-16 03:00:00,28.013253193832206
2017-05-16 04:00:00,27.884609407009957
2017-05-16 05:00:00,27.769920419050322
2017-05-16 06:00:00,27.66876681810781
2017-05-16 07:00:00,27.580729192336925
2017-05-16 08:00:00,27.50538812989218
2017-05-16 09:00:00,27.44232421892808
2017-05-16 10:00:00,27.39111804759913
2017-05-16 11:00:00,27.35135020405984
2017-05-16 12:00:00,27.32260127646472
2017-05-16 13:00:00,27.304451852968274
2017-05-16 14:00:00,27.29648252172501
2017-05-16 15:00:00,27.29827387088944
2017-05-16 16:00:00,27.309406488616062
2017-05-16 17:00:00,27.329460963059397
2017-05-16 18:00:00,27.358017882373943
2017-05-16 19:00:00,27.39465783471421
2017-05-16 20:00:00,27.438961408234704
2017-05-16 21:00:00,27.49050919108994
2017-05-16 22:00:00,27.548881771434417
2017-05-16 23:00:00,27.613659737422644
2017-05-17 00:00:00,27.684423677209132
2017-05-17 01:00:00,27.76075417894839
2017-05-17 02:00:00,27.842231830794915
2017-05-17 03:00:00,27.928437220903227
2017-05-17 04:00:00,28.018950937427824
2017-05-17 05:00:00,28.113353568523223
2017-05-17 06:00:00,28.211225702343924
2017-05-17 07:00:00,28.312147927044435
2017-05-17 08:00:00,28.415700830779272
2017-05-17 09:00:00,28.52146500170293
2017-05-17 10:00:00,28.629021027969912
2017-05-17 11:00:00,28.737949497734753
2017-05-17 12:00:00,28.847830999151945
2017-05-17 13:00:00,28.95824612037599
2017-05-17 14:00:00,29.0687754495614
2017-05-17 15:00:00,29.178999574862686
2017-05-17 16:00:00,29.288499084434363
2017-05-17 17:00:00,29.39685456643091
2017-05-17 18:00:00,29.503646609006864
2017-05-17 19:00:00,29.608455800316722
2017-05-17 20:00:00,29.710862728514993
2017-05-17 21:00:00,29.810447981756173
2017-05-17 22:00:00,29.90679214819479
2017-05-17 23:00:00,29.999475815985328
2017-05-18 00:00:00,30.53199959
2017-05-18 01:00:00,30.09250069
2017-05-18 02:00:00,30.09250069
2017-05-18 03:00:00,29.6534996
2017-05-18 04:00:00,29.2140007
2017-05-18 05:00:00,28.55450058
2017-05-18 06:00:00,28.33499908
2017-05-18 07:00:00,28.99449921
2017-05-18 08:00:00,30.09300041
2017-05-18 09:00:00,32.94900131
2017-05-18 10:00:00,35.58599854
2017-05-18 11:00:00,39.98049927
2017-05-18 12:00:00,42.17750168
2017-05-18 13:00:00,43.9355011
2017-05-18 14:00:00,46.35250092
2017-05-18 15:00:00,46.79199982
2017-05-18 16:00:00,44.8144989
2017-05-18 17:00:00,42.8370018
2017-05-18 18:00:00,41.51850128
2017-05-18 19:00:00,39.76050186
2017-05-18 20:00:00,38.22299957
2017-05-18 21:00:00,36.90399933
2017-05-18 22:00:00,36.02500153
2017-05-18 23:00:00,35.14599991
2017-05-19 00:00:00,34.48749924
2017-05-19 01:00:00,33.60850143
2017-05-19 02:00:00,33.16899872
2017-05-19 03:00:00,32.94900131
2017-05-19 04:00:00,32.50999832
2017-05-19 05:00:00,31.85050011
2017-05-19 06:00:00,31.19099998
2017-05-19 07:00:00,31.19099998
2017-05-19 08:00:00,30.9715004
2017-05-19 09:00:00,31.63100052
2017-05-19 10:00:00,32.94900131
2017-05-19 11:00:00,36.24499893
2017-05-19 12:00:00,37.12400055
2017-05-19 13:00:00,37.12400055
2017-05-19 14:00:00,38.88199997
2017-05-19 15:00:00,38.44250107
2017-05-19 16:00:00,38.22299957
2017-05-19 17:00:00,38.00299835
2017-05-19 18:00:00,37.34400177
2017-05-19 19:00:00,36.68450165
2017-05-19 20:00:00,35.58599854
2017-05-19 21:00:00,34.70700073
2017-05-19 22:00:00,33.82799911
2017-05-19 23:00:00,33.38899994
2017-05-20 00:00:00,32.72949982
2017-05-20 01:00:00,32.06999969
2017-05-20 02:00:00,31.19099998
2017-05-20 03:00:00,30.31200027
2017-05-20 04:00:00,29.87299919
2017-05-20 05:00:00,29.2140007
2017-05-20 06:00:00,28.99399948
2017-05-20 07:00:00,29.43400002
2017-05-20 08:00:00,30.75200081
2017-05-20 09:00:00,33.16899872
2017-05-20 10:00:00,36.90399933
2017-05-20 11:00:00,41.73799896
2017-05-20 12:00:00,43.9355011
2017-05-20 13:00:00,44.81399918
2017-05-20 14:00:00,46.35250092
2017-05-20 15:00:00,45.69350052
2017-05-20 16:00:00,43.9355011
2017-05-20 17:00:00,41.29850006
2017-05-20 18:00:00,40.41999817
2017-05-20 19:00:00,40.41999817
2017-05-20 20:00:00,40.41999817
2017-05-20 21:00:00,35.80550003
2017-05-20 22:00:00,34.70700073
2017-05-20 23:00:00,33.60850143
2017-05-21 00:00:00,32.72949982
2017-05-21 01:00:00,32.06999969
2017-05-21 02:00:00,31.19099998
2017-05-21 03:00:00,30.75200081
2017-05-21 04:00:00,30.09250069
2017-05-21 05:00:00,29.43400002
2017-05-21 06:00:00,29.2140007
2017-05-21 07:00:00,30.31200027
2017-05-21 08:00:00,32.29000092
2017-05-21 09:00:00,34.04800034
2017-05-21 10:00:00,35.36600113
2017-05-21 11:00:00,40.20000076
2017-05-21 12:00:00,42.8370018
2017-05-21 13:00:00,44.1554985
2017-05-21 14:00:00,44.8144989
2017-05-21 15:00:00,41.95800018
2017-05-21 16:00:00,41.29899979
2017-05-21 17:00:00,41.73799896
2017-05-21 18:00:00,41.07899857
2017-05-21 19:00:00,39.54100037
2017-05-21 20:00:00,38.00299835
2017-05-21 21:00:00,36.68450165
2017-05-21 22:00:00,35.58599854
2017-05-21 23:00:00,35.14599991
2017-05-22 00:00:00,34.70700073
2017-05-22 01:00:00,33.82799911
2017-05-22 02:00:00,33.38899994
2017-05-22 03:00:00,32.94900131
2017-05-22 04:00:00,32.07049942
2017-05-22 05:00:00,31.4109993
2017-05-22 06:00:00,31.4109993
2017-05-22 07:00:00,31.4109993
2017-05-22 08:00:00,32.50999832
2017-05-22 09:00:00,34.92699814
2017-05-22 10:00:00,37.34349823
2017-05-22 11:00:00,41.07899857
2017-05-22 12:00:00,42.8370018
2017-05-22 13:00:00,44.1554985
2017-05-22 14:00:00,45.17060283903292
2017-05-22 15:00:00,46.49500454922709
2017-05-22 16:00:00,47.755152856092806
2017-05-22 17:00:00,48.95139497845064
2017-05-22 18:00:00,50.084078135121175
2017-05-22 19:00:00,51.153549544925006
2017-05-22 20:00:00,52.16015642668271
2017-05-22 21:00:00,53.10424599921487
2017-05-22 22:00:00,53.98616548134207
2017-05-22 23:00:00,54.80626209188489
2017-05-23 00:00:00,55.564883049663926
2017-05-23 01:00:00,56.26237557349975
2017-05-23 02:00:00,56.89908688221296
2017-05-23 03:00:00,57.47536419462413
2017-05-23 04:00:00,57.99155472955384
2017-05-23 05:00:00,58.44800570582268
2017-05-23 06:00:00,58.845064342251234
2017-05-23 07:00:00,59.18307785766009
2017-05-23 08:00:00,59.46239347086984
2017-05-23 09:00:00,59.68335840070103
2017-05-23 10:00:00,59.84631986597428
2017-05-23 11:00:00,59.95162508551016
2017-05-23 12:00:00,59.99962127812928
2017-05-23 13:00:00,59.99065566265217
2017-05-23 14:00:00,59.92507545789947
2017-05-23 15:00:00,59.80322788269173
2017-05-23 16:00:00,59.62546015584955
2017-05-23 17:00:00,59.39211949619349
2017-05-23 18:00:00,59.103553122544184
2017-05-23 19:00:00,58.76010825372216
2017-05-23 20:00:00,58.362132108548046
2017-05-23 21:00:00,57.90997190584239
2017-05-23 22:00:00,57.4039748644258
2017-05-23 23:00:00,56.84448820311887
2017-05-24 00:00:00,56.231859140742166
2017-05-24 01:00:00,55.566434896116284
2017-05-24 02:00:00,54.84856268806183
2017-05-24 03:00:00,54.07858973539932
2017-05-24 04:00:00,53.25686325694937
2017-05-24 05:00:00,52.38373047153256
2017-05-24 06:00:00,51.45953859796947
2017-05-24 07:00:00,50.4846348550807
2017-05-24 08:00:00,49.4593664616868
2017-05-24 09:00:00,48.38408063660843
2017-05-24 10:00:00,47.259124598666105
2017-05-24 11:00:00,46.0848455666804
2017-05-24 12:00:00,44.86159075947195
2017-05-24 13:00:00,43.58970739586135
2017-05-24 14:00:00,42.26954269466913
2017-05-24 15:00:00,40.901443874715895
2017-05-24 16:00:00,40.41949844
2017-05-24 17:00:00,37.56349945
2017-05-24 18:00:00,35.36600113
2017-05-24 19:00:00,33.60850143
2017-05-24 20:00:00,32.29000092
2017-05-24 21:00:00,30.75200081
2017-05-24 22:00:00,29.43400002
2017-05-24 23:00:00,28.55500031
2017-05-25 00:00:00,28.11499977
2017-05-25 01:00:00,27.23600006
2017-05-25 02:00:00,26.35700035
2017-05-25 03:00:00,25.47900009
2017-05-25 04:00:00,25.03899956
2017-05-25 05:00:00,24.60000038
2017-05-25 06:00:00,24.15999985
2017-05-25 07:00:00,24.60000038
2017-05-25 08:00:00,26.35700035
2017-05-25 09:00:00,28.99449921
2017-05-25 10:00:00,32.29000092
2017-05-25 11:00:00,35.80550003
2017-05-25 12:00:00,38.66199875
2017-05-25 13:00:00,41.51850128
2017-05-25 14:00:00,44.81399918
2017-05-25 15:00:00,43.9355011
2017-05-25 16:00:00,43.49649811
2017-05-25 17:00:00,41.73849869
2017-05-25 18:00:00,40.20000076
2017-05-25 19:00:00,38.22249985
2017-05-25 20:00:00,36.24499893
2017-05-25 21:00:00,34.48749924
2017-05-25 22:00:00,33.16899872
2017-05-25 23:00:00,32.29000092
2017-05-26 00:00:00,31.4109993
2017-05-26 01:00:00,30.53199959
2017-05-26 02:00:00,29.43400002
2017-05-26 03:00:00,28.33499908
2017-05-26 04:00:00,27.6760006
2017-05-26 05:00:00,26.79700089
2017-05-26 06:00:00,26.35700035
2017-05-26 07:00:00,30.53199959
2017-05-26 08:00:00,30.53199959
2017-05-26 09:00:00,30.53199959
2017-05-26 10:00:00,30.53199959
2017-05-26 11:00:00,30.53199959
2017-05-26 12:00:00,30.53199959
2017-05-26 13:00:00,30.53199959
2017-05-26 14:00:00,30.53199959
2017-05-26 15:00:00,30.53199959
2017-05-26 16:00:00,47.89049911
2017-05-26 17:00:00,30.53199959
2017-05-26 18:00:00,30.53199959
2017-05-26 19:00:00,30.53199959
2017-05-26 20:00:00,30.53199959
2017-05-26 21:00:00,30.53199959
2017-05-26 22:00:00,30.53199959
2017-05-26 23:00:00,30.53199959
2017-05-27 00:00:00,30.53199959
2017-05-27 01:00:00,30.53199959
2017-05-27 02:00:00,30.53199959
2017-05-27 03:00:00,30.53199959
2017-05-27 04:00:00,30.53199959
2017-05-27 05:00:00,30.53199959
2017-05-27 06:00:00,30.53199959
2017-05-27 07:00:00,30.53199959
2017-05-27 08:00:00,30.53199959
2017-05-27 09:00:00,30.53199959
2017-05-27 10:00:00,38.88199997
2017-05-27 11:00:00,30.53199959
2017-05-27 12:00:00,30.53199959
2017-05-27 13:00:00,30.53199959
2017-05-27 14:00:00,30.53199959
2017-05-27 15:00:00,30.53199959
2017-05-27 16:00:00,30.53199959
2017-05-27 17:00:00,30.53199959
2017-05-27 18:00:00,45.0340004
2017-05-27 19:00:00,42.61750031
2017-05-27 20:00:00,40.63949966
2017-05-27 21:00:00,38.66199875
2017-05-27 22:00:00,37.12400055
2017-05-27 23:00:00,35.80550003
2017-05-28 00:00:00,34.92649841
2017-05-28 01:00:00,34.70700073
2017-05-28 02:00:00,34.04800034
2017-05-28 03:00:00,33.16899872
2017-05-28 04:00:00,32.29000092
2017-05-28 05:00:00,31.63100052
2017-05-28 06:00:00,31.19099998
2017-05-28 07:00:00,32.06999969
2017-05-28 08:00:00,34.48699951
2017-05-28 09:00:00,37.78350067
2017-05-28 10:00:00,40.63949966
2017-05-28 11:00:00,44.8144989
2017-05-28 12:00:00,47.01150131
2017-05-28 13:00:00,48.77000046
2017-05-28 14:00:00,50.30749893
2017-05-28 15:00:00,50.52750015
2017-05-28 16:00:00,47.89049911
2017-05-28 17:00:00,45.9129982
2017-05-28 18:00:00,44.59500122
2017-05-28 19:00:00,43.05649948
2017-05-28 20:00:00,41.29850006
2017-05-28 21:00:00,39.54100037
2017-05-28 22:00:00,38.44250107
2017-05-28 23:00:00,37.78350067
2017-05-29 00:00:00,36.90449905
2017-05-29 01:00:00,35.80550003
2017-05-29 02:00:00,34.92649841
2017-05-29 03:00:00,34.48749924
2017-05-29 04:00:00,33.60850143
2017-05-29 05:00:00,32.94950104
2017-05-29 06:00:00,32.72949982
2017-05-29 07:00:00,33.16899872
2017-05-29 08:00:00,34.70700073
2017-05-29 09:00:00,36.68450165
2017-05-29 10:00:00,39.54100037
2017-05-29 11:00:00,43.71549988
2017-05-29 12:00:00,45.4734993
2017-05-29 13:00:00,47.23149872
2017-05-29 14:00:00,49.64849854
2017-05-29 15:00:00,49.86849976
2017-05-29 16:00:00,47.45149994
2017-05-29 17:00:00,45.69300079
2017-05-29 18:00:00,44.375
2017-05-29 19:00:00,42.61700058
2017-05-29 20:00:00,41.29899979
2017-05-29 21:00:00,39.97999954
2017-05-29 22:00:00,39.10200119
2017-05-29 23:00:00,38.00299835
2017-05-30 00:00:00,36.90449905
2017-05-30 01:00:00,36.02550125
2017-05-30 02:00:00,35.58549881
2017-05-30 03:00:00,34.70700073
2017-05-30 04:00:00,34.26750183
2017-05-30 05:00:00,33.82849884
2017-05-30 06:00:00,33.38850021
2017-05-30 07:00:00,33.38850021
2017-05-30 08:00:00,34.48699951
2017-05-30 09:00:00,37.12400055
2017-05-30 10:00:00,38.22249985
2017-05-30 11:00:00,38.88199997
2017-05-30 12:00:00,38.88199997
2017-05-30 13:00:00,39.76050186
2017-05-30 14:00:00,40.41999817
2017-05-30 15:00:00,41.73799896
2017-05-30 16:00:00,42.61700058
2017-05-30 17:00:00,42.1780014
2017-05-30 18:00:00,41.07899857
2017-05-30 19:00:00,40.20000076
2017-05-30 20:00:00,39.10200119
2017-05-30 21:00:00,38.22299957
2017-05-30 22:00:00,37.34400177
2017-05-30 23:00:00,36.90399933
2017-05-31 00:00:00,36.68450165
2017-05-31 01:00:00,36.68450165
2017-05-31 02:00:00,36.68450165
2017-05-31 03:00:00,36.68450165
2017-05-31 04:00:00,36.68450165
2017-05-31 05:00:00,36.68450165
2017-05-31 06:00:00,36.68450165
2017-05-31 07:00:00,36.68450165
2017-05-31 08:00:00,36.68450165
2017-05-31 09:00:00,36.68450165
2017-05-31 10:00:00,36.68450165
2017-05-31 11:00:00,36.68450165
2017-05-31 12:00:00,36.68450165
2017-05-31 13:00:00,36.68450165
2017-05-31 14:00:00,36.68450165
2017-05-31 15:00:00,36.68450165
2017-05-31 16:00:00,36.68450165
2017-05-31 17:00:00,36.68450165
2017-05-31 18:00:00,36.68450165
2017-05-31 19:00:00,36.68450165
2017-05-31 20:00:00,36.68450165
2017-05-31 21:00:00,36.68450165
2017-05-31 22:00:00,36.68450165
2017-05-31 23:00:00,36.68450165
2017-06-01 00:00:00,38.44250107
2017-06-01 01:00:00,38.00299835
2017-06-01 02:00:00,37.12400055
2017-06-01 03:00:00,36.68450165
2017-06-01 04:00:00,36.24499893
2017-06-01 05:00:00,35.80550003
2017-06-01 06:00:00,35.80550003
2017-06-01 07:00:00,36.02500153
2017-06-01 08:00:00,37.34400177
2017-06-01 09:00:00,38.22299957
2017-06-01 10:00:00,40.20000076
2017-06-01 11:00:00,44.1554985
2017-06-01 12:00:00,46.35250092
2017-06-01 13:00:00,45.25400162
2017-06-01 14:00:00,45.0340004
2017-06-01 15:00:00,47.01200104
2017-06-01 16:00:00,47.01200104
2017-06-01 17:00:00,46.57249832
2017-06-01 18:00:00,45.69350052
2017-06-01 19:00:00,44.1554985
2017-06-01 20:00:00,43.2765007
2017-06-01 21:00:00,42.1780014
2017-06-01 22:00:00,36.46450043
2017-06-01 23:00:00,36.68450165
2017-06-02 00:00:00,36.68450165
2017-06-02 01:00:00,36.24499893
2017-06-02 02:00:00,35.80550003
2017-06-02 03:00:00,35.36600113
2017-06-02 04:00:00,34.92649841
2017-06-02 05:00:00,34.48749924
2017-06-02 06:00:00,34.04800034
2017-06-02 07:00:00,34.04800034
2017-06-02 08:00:00,34.26800156
2017-06-02 09:00:00,35.58599854
2017-06-02 10:00:00,38.00299835
2017-06-02 11:00:00,41.29899979
2017-06-02 12:00:00,42.61700058
2017-06-02 13:00:00,44.81399918
2017-06-02 14:00:00,46.13249969
2017-06-02 15:00:00,46.79199982
2017-06-02 16:00:00,45.9129982
2017-06-02 17:00:00,44.375
2017-06-02 18:00:00,43.05699921
2017-06-02 19:00:00,41.51850128
2017-06-02 20:00:00,40.41999817
2017-06-02 21:00:00,39.32149887
2017-06-02 22:00:00,38.44250107
2017-06-02 23:00:00,37.34349823
2017-06-03 00:00:00,36.46450043
2017-06-03 01:00:00,36.02550125
2017-06-03 02:00:00,35.36600113
2017-06-03 03:00:00,35.14599991
2017-06-03 04:00:00,34.48749924
2017-06-03 05:00:00,33.82849884
2017-06-03 06:00:00,33.60850143
2017-06-03 07:00:00,34.26800156
2017-06-03 08:00:00,35.36600113
2017-06-03 09:00:00,37.34349823
2017-06-03 10:00:00,39.76050186
2017-06-03 11:00:00,43.2765007
2017-06-03 12:00:00,45.25350189
2017-06-03 13:00:00,46.35250092
2017-06-03 14:00:00,47.45100021
2017-06-03 15:00:00,47.01150131
2017-06-03 16:00:00,45.25350189
2017-06-03 17:00:00,43.2765007
2017-06-03 18:00:00,42.39749908
2017-06-03 19:00:00,41.07899857
2017-06-03 20:00:00,39.97999954
2017-06-03 21:00:00,39.32149887
2017-06-03 22:00:00,38.22299957
2017-06-03 23:00:00,37.34400177
2017-06-04 00:00:00,36.24499893
2017-06-04 01:00:00,35.14599991
2017-06-04 02:00:00,34.26800156
2017-06-04 03:00:00,33.38899994
2017-06-04 04:00:00,32.50999832
2017-06-04 05:00:00,32.06999969
2017-06-04 06:00:00,31.19099998
2017-06-04 07:00:00,30.9715004
2017-06-04 08:00:00,31.63050079
2017-06-04 09:00:00,33.82799911
2017-06-04 10:00:00,36.24499893
2017-06-04 11:00:00,39.54100037
2017-06-04 12:00:00,39.98049927
2017-06-04 13:00:00,42.39749908
2017-06-04 14:00:00,42.8370018
2017-06-04 15:00:00,44.375
2017-06-04 16:00:00,42.39749908
2017-06-04 17:00:00,40.20000076
2017-06-04 18:00:00,38.66199875
2017-06-04 19:00:00,37.78300095
2017-06-04 20:00:00,37.12400055
2017-06-04 21:00:00,36.46500015
2017-06-04 22:00:00,35.36600113
2017-06-04 23:00:00,34.70700073
2017-06-05 00:00:00,33.82799911
2017-06-05 01:00:00,33.16899872
2017-06-05 02:00:00,32.50999832
2017-06-05 03:00:00,32.29000092
2017-06-05 04:00:00,31.63100052
2017-06-05 05:00:00,29.6534996
2017-06-05 06:00:00,29.87299919
2017-06-05 07:00:00,29.6534996
2017-06-05 08:00:00,30.31200027
2017-06-05 09:00:00,29.87299919
2017-06-05 10:00:00,28.77449989
2017-06-05 11:00:00,27.23649979
2017-06-05 12:00:00,25.03899956
2017-06-05 13:00:00,23.06150055
2017-06-05 14:00:00,22.18250084
2017-06-05 15:00:00,22.18250084
2017-06-05 16:00:00,22.18250084
2017-06-05 17:00:00,22.84199905
2017-06-05 18:00:00,23.72100067
2017-06-05 19:00:00,23.94050026
2017-06-05 20:00:00,23.28100014
2017-06-05 21:00:00,21.96299934
2017-06-05 22:00:00,22.40200043
2017-06-05 23:00:00,22.84199905
2017-06-06 00:00:00,23.50099945
2017-06-06 01:00:00,24.37999916
2017-06-06 02:00:00,24.81949997
2017-06-06 03:00:00,24.37999916
2017-06-06 04:00:00,24.60000038
2017-06-06 05:00:00,25.69849968
2017-06-06 06:00:00,26.35700035
2017-06-06 07:00:00,26.35700035
2017-06-06 08:00:00,25.91799927
2017-06-06 09:00:00,26.13750076
2017-06-06 10:00:00,27.45599937
2017-06-06 11:00:00,27.89550018
2017-06-06 12:00:00,28.33499908
2017-06-06 13:00:00,29.6534996
2017-06-06 14:00:00,31.4109993
2017-06-06 15:00:00,32.94950104
2017-06-06 16:00:00,32.94950104
2017-06-06 17:00:00,32.29000092
2017-06-06 18:00:00,31.63050079
2017-06-06 19:00:00,30.75149918
2017-06-06 20:00:00,29.87299919
2017-06-06 21:00:00,29.2140007
2017-06-06 22:00:00,28.99399948
2017-06-06 23:00:00,28.55500031
2017-06-07 00:00:00,28.11499977
2017-06-07 01:00:00,27.89550018
2017-06-07 02:00:00,27.6760006
2017-06-07 03:00:00,27.23600006
2017-06-07 04:00:00,27.23600006
2017-06-07 05:00:00,26.79700089
2017-06-07 06:00:00,26.57699966
2017-06-07 07:00:00,26.79700089
2017-06-07 08:00:00,28.33499908
2017-06-07 09:00:00,30.3125
2017-06-07 10:00:00,33.82849884
2017-06-07 11:00:00,37.56349945
2017-06-07 12:00:00,39.54100037
2017-06-07 13:00:00,40.85950089
2017-06-07 14:00:00,43.05699921
2017-06-07 15:00:00,42.1780014
2017-06-07 16:00:00,41.07899857
2017-06-07 17:00:00,40.20000076
2017-06-07 18:00:00,39.32149887
2017-06-07 19:00:00,38.00299835
2017-06-07 20:00:00,36.24499893
2017-06-07 21:00:00,34.92649841
2017-06-07 22:00:00,33.82799911
2017-06-07 23:00:00,32.94900131
2017-06-08 00:00:00,32.06999969
2017-06-08 01:00:00,31.4109993
2017-06-08 02:00:00,30.75200081
2017-06-08 03:00:00,30.31200027
2017-06-08 04:00:00,29.87299919
2017-06-08 05:00:00,29.43400002
2017-06-08 06:00:00,29.43400002
2017-06-08 07:00:00,28.79055353565814
2017-06-08 08:00:00,28.410691117850245
2017-06-08 09:00:00,28.055580173233384
2017-06-08 10:00:00,27.72458300559801
2017-06-08 11:00:00,27.417061918734568
2017-06-08 12:00:00,27.13237921643351
2017-06-08 13:00:00,26.869897202485287
2017-06-08 14:00:00,26.628978180680352
2017-06-08 15:00:00,26.40898445480915
2017-06-08 16:00:00,26.209278328662137
2017-06-08 17:00:00,26.029222106029756
2017-06-08 18:00:00,25.868178090702465
2017-06-08 19:00:00,25.725508586470703
2017-06-08 20:00:00,25.600575897124926
2017-06-08 21:00:00,25.492742326455588
2017-06-08 22:00:00,25.40137017825313
2017-06-08 23:00:00,25.32582175630801
2017-06-09 00:00:00,25.265459364410678
2017-06-09 01:00:00,25.219645306351573
2017-06-09 02:00:00,25.187741885921163
2017-06-09 03:00:00,25.169111406909884
2017-06-09 04:00:00,25.163116173108193
2017-06-09 05:00:00,25.169118488306534
2017-06-09 06:00:00,25.186480656295373
2017-06-09 07:00:00,25.21456498086514
2017-06-09 08:00:00,25.252733765806298
2017-06-09 09:00:00,25.300349314909287
2017-06-09 10:00:00,25.356773931964568
2017-06-09 11:00:00,25.421369920762572
2017-06-09 12:00:00,25.493499585093772
2017-06-09 13:00:00,25.572525228748603
2017-06-09 14:00:00,25.657809155517526
2017-06-09 15:00:00,25.748713669190984
2017-06-09 16:00:00,25.844601073559424
2017-06-09 17:00:00,25.94483367241331
2017-06-09 18:00:00,26.04877376954307
2017-06-09 19:00:00,26.155783668739158
2017-06-09 20:00:00,26.26522567379205
2017-06-09 21:00:00,26.376462088492175
2017-06-09 22:00:00,26.488855216629982
2017-06-09 23:00:00,26.60176736199593
2017-06-10 00:00:00,26.714560828380467
2017-06-10 01:00:00,26.826597919574056
2017-06-10 02:00:00,26.937240939367108
2017-06-10 03:00:00,27.045852191550114
2017-06-10 04:00:00,27.151793979913506
2017-06-10 05:00:00,27.25442860824774
2017-06-10 06:00:00,27.353118380343247
2017-06-10 07:00:00,27.447225599990507
2017-06-10 08:00:00,27.536112570979935
2017-06-10 09:00:00,27.6760006
2017-06-10 10:00:00,27.6760006
2017-06-10 11:00:00,27.89550018
2017-06-10 12:00:00,27.6760006
2017-06-10 13:00:00,27.6760006
2017-06-10 14:00:00,27.01650047
2017-06-10 15:00:00,27.6760006
2017-06-10 16:00:00,28.11499977
2017-06-10 17:00:00,28.55500031
2017-06-10 18:00:00,27.89550018
2017-06-10 19:00:00,28.55500031
2017-06-10 20:00:00,29.2140007
2017-06-10 21:00:00,29.43400002
2017-06-10 22:00:00,29.87299919
2017-06-10 23:00:00,30.31200027
2017-06-11 00:00:00,30.75200081
2017-06-11 01:00:00,30.75200081
2017-06-11 02:00:00,30.9715004
2017-06-11 03:00:00,30.9715004
2017-06-11 04:00:00,30.9715004
2017-06-11 05:00:00,30.9715004
2017-06-11 06:00:00,31.19099998
2017-06-11 07:00:00,29.87299919
2017-06-11 08:00:00,29.6534996
2017-06-11 09:00:00,31.4109993
2017-06-11 10:00:00,33.82799911
2017-06-11 11:00:00,37.12400055
2017-06-11 12:00:00,39.98049927
2017-06-11 13:00:00,41.51850128
2017-06-11 14:00:00,41.51850128
2017-06-11 15:00:00,42.1780014
2017-06-11 16:00:00,41.29899979
2017-06-11 17:00:00,39.76100159
2017-06-11 18:00:00,39.10150146
2017-06-11 19:00:00,38.00299835
2017-06-11 20:00:00,36.46450043
2017-06-11 21:00:00,35.14649963
2017-06-11 22:00:00,34.04800034
2017-06-11 23:00:00,33.38850021
2017-06-12 00:00:00,33.16899872
2017-06-12 01:00:00,32.94900131
2017-06-12 02:00:00,32.72949982
2017-06-12 03:00:00,32.50999832
2017-06-12 04:00:00,32.06999969
2017-06-12 05:00:00,31.63100052
2017-06-12 06:00:00,31.63100052
2017-06-12 07:00:00,31.63100052
2017-06-12 08:00:00,32.29000092
2017-06-12 09:00:00,32.72949982
2017-06-12 10:00:00,33.60850143
2017-06-12 11:00:00,34.48749924
2017-06-12 12:00:00,35.36600113
2017-06-12 13:00:00,35.80550003
2017-06-12 14:00:00,37.12400055
2017-06-12 15:00:00,36.90399933
2017-06-12 16:00:00,36.02500153
2017-06-12 17:00:00,35.14599991
2017-06-12 18:00:00,34.70700073
2017-06-12 19:00:00,34.04800034
2017-06-12 20:00:00,33.38899994
2017-06-12 21:00:00,33.16899872
2017-06-12 22:00:00,32.94900131
2017-06-12 23:00:00,32.72949982
2017-06-13 00:00:00,32.29000092
2017-06-13 01:00:00,32.06999969
2017-06-13 02:00:00,31.63100052
2017-06-13 03:00:00,31.63100052
2017-06-13 04:00:00,31.4109993
2017-06-13 05:00:00,31.19099998
2017-06-13 06:00:00,30.9715004
2017-06-13 07:00:00,30.75200081
2017-06-13 08:00:00,30.53199959
2017-06-13 09:00:00,30.53199959
2017-06-13 10:00:00,31.4109993
2017-06-13 11:00:00,31.85050011
2017-06-13 12:00:00,32.06999969
2017-06-13 13:00:00,32.29000092
2017-06-13 14:00:00,32.06999969
2017-06-13 15:00:00,31.85050011
2017-06-13 16:00:00,31.85050011
2017-06-13 17:00:00,31.4109993
2017-06-13 18:00:00,31.4109993
2017-06-13 19:00:00,31.19099998
2017-06-13 20:00:00,31.19099998
2017-06-13 21:00:00,30.9715004
2017-06-13 22:00:00,30.53199959
2017-06-13 23:00:00,30.31200027
2017-06-14 00:00:00,29.6534996
2017-06-14 01:00:00,29.43400002
2017-06-14 02:00:00,29.2140007
2017-06-14 03:00:00,29.2140007
2017-06-14 04:00:00,28.77449989
2017-06-14 05:00:00,28.33499908
2017-06-14 06:00:00,28.11499977
2017-06-14 07:00:00,28.77449989
2017-06-14 08:00:00,30.53199959
2017-06-14 09:00:00,32.72949982
2017-06-14 10:00:00,34.04800034
2017-06-14 11:00:00,34.26800156
2017-06-14 12:00:00,34.26800156
2017-06-14 13:00:00,35.14599991
2017-06-14 14:00:00,35.80550003
2017-06-14 15:00:00,35.58599854
2017-06-14 16:00:00,35.80550003
2017-06-14 17:00:00,35.36600113
2017-06-14 18:00:00,35.14599991
2017-06-14 19:00:00,34.26800156
2017-06-14 20:00:00,33.16899872
2017-06-14 21:00:00,32.06999969
2017-06-14 22:00:00,31.19099998
2017-06-14 23:00:00,30.75200081
2017-06-15 00:00:00,30.31200027
2017-06-15 01:00:00,29.87299919
2017-06-15 02:00:00,29.6534996
2017-06-15 03:00:00,29.2140007
2017-06-15 04:00:00,28.77449989
2017-06-15 05:00:00,28.33499908
2017-06-15 06:00:00,28.11499977
2017-06-15 07:00:00,28.11499977
2017-06-15 08:00:00,30.09250069
2017-06-15 09:00:00,33.38899994
2017-06-15 10:00:00,36.68450165
2017-06-15 11:00:00,39.98049927
2017-06-15 12:00:00,39.98049927
2017-06-15 13:00:00,40.85950089
2017-06-15 14:00:00,41.95800018
2017-06-15 15:00:00,40.41949844
2017-06-15 16:00:00,38.88199997
2017-06-15 17:00:00,37.78350067
2017-06-15 18:00:00,37.12400055
2017-06-15 19:00:00,36.46500015
2017-06-15 20:00:00,35.80550003
2017-06-15 21:00:00,34.70700073
2017-06-15 22:00:00,33.82799911
2017-06-15 23:00:00,32.94900131
2017-06-16 00:00:00,32.50999832
2017-06-16 01:00:00,32.06999969
2017-06-16 02:00:00,31.19099998
2017-06-16 03:00:00,30.31200027
2017-06-16 04:00:00,29.87299919
2017-06-16 05:00:00,29.2140007
2017-06-16 06:00:00,28.77449989
2017-06-16 07:00:00,29.43400002
2017-06-16 08:00:00,31.85050011
2017-06-16 09:00:00,33.82799911
2017-06-16 10:00:00,35.58599854
2017-06-16 11:00:00,37.56349945
2017-06-16 12:00:00,39.98049927
2017-06-16 13:00:00,42.17750168
2017-06-16 14:00:00,43.93600082
2017-06-16 15:00:00,44.59500122
2017-06-16 16:00:00,42.39749908
2017-06-16 17:00:00,40.41949844
2017-06-16 18:00:00,39.54100037
2017-06-16 19:00:00,38.44250107
2017-06-16 20:00:00,37.12400055
2017-06-16 21:00:00,36.02500153
2017-06-16 22:00:00,34.70700073
2017-06-16 23:00:00,33.82799911
2017-06-17 00:00:00,32.94900131
2017-06-17 01:00:00,32.50999832
2017-06-17 02:00:00,31.63100052
2017-06-17 03:00:00,31.19099998
2017-06-17 04:00:00,30.53199959
2017-06-17 05:00:00,30.09250069
2017-06-17 06:00:00,29.43400002
2017-06-17 07:00:00,29.87299919
2017-06-17 08:00:00,31.4109993
2017-06-17 09:00:00,33.38850021
2017-06-17 10:00:00,35.58599854
2017-06-17 11:00:00,38.88150024
2017-06-17 12:00:00,40.85900116
2017-06-17 13:00:00,42.39749908
2017-06-17 14:00:00,43.9355011
2017-06-17 15:00:00,44.15499878
2017-06-17 16:00:00,43.05649948
2017-06-17 17:00:00,41.29850006
2017-06-17 18:00:00,39.32149887
2017-06-17 19:00:00,37.78300095
2017-06-17 20:00:00,36.90399933
2017-06-17 21:00:00,36.02500153
2017-06-17 22:00:00,34.92649841
2017-06-17 23:00:00,34.48749924
2017-06-18 00:00:00,33.82849884
2017-06-18 01:00:00,33.60850143
2017-06-18 02:00:00,33.16899872
2017-06-18 03:00:00,32.94900131
2017-06-18 04:00:00,32.72949982
2017-06-18 05:00:00,32.50999832
2017-06-18 06:00:00,32.29000092
2017-06-18 07:00:00,32.29000092
2017-06-18 08:00:00,33.16899872
2017-06-18 09:00:00,34.26750183
2017-06-18 10:00:00,35.36600113
2017-06-18 11:00:00,37.34349823
2017-06-18 12:00:00,38.66199875
2017-06-18 13:00:00,39.32149887
2017-06-18 14:00:00,39.10150146
2017-06-18 15:00:00,39.32099915
2017-06-18 16:00:00,39.98049927
2017-06-18 17:00:00,39.32099915
2017-06-18 18:00:00,38.22249985
2017-06-18 19:00:00,37.12400055
2017-06-18 20:00:00,36.02550125
2017-06-18 21:00:00,34.92649841
2017-06-18 22:00:00,34.48749924
2017-06-18 23:00:00,33.60850143
2017-06-19 00:00:00,33.16899872
2017-06-19 01:00:00,33.16899872
2017-06-19 02:00:00,33.16899872
2017-06-19 03:00:00,32.94950104
2017-06-19 04:00:00,32.72949982
2017-06-19 05:00:00,32.72949982
2017-06-19 06:00:00,32.5094986
2017-06-19 07:00:00,32.07049942
2017-06-19 08:00:00,32.07049942
2017-06-19 09:00:00,32.5094986
2017-06-19 10:00:00,33.16899872
2017-06-19 11:00:00,33.38850021
2017-06-19 12:00:00,34.26750183
2017-06-19 13:00:00,36.02550125
2017-06-19 14:00:00,37.78350067
2017-06-19 15:00:00,36.90449905
2017-06-19 16:00:00,35.58549881
2017-06-19 17:00:00,34.70700073
2017-06-19 18:00:00,34.26750183
2017-06-19 19:00:00,33.82849884
2017-06-19 20:00:00,33.60850143
2017-06-19 21:00:00,33.16899872
2017-06-19 22:00:00,33.16899872
2017-06-19 23:00:00,33.16899872
2017-06-20 00:00:00,32.94900131
2017-06-20 01:00:00,32.72949982
2017-06-20 02:00:00,32.50999832
2017-06-20 03:00:00,32.06999969
2017-06-20 04:00:00,31.63100052
2017-06-20 05:00:00,31.4109993
2017-06-20 06:00:00,31.19099998
2017-06-20 07:00:00,31.63100052
2017-06-20 08:00:00,32.72949982
2017-06-20 09:00:00,34.92649841
2017-06-20 10:00:00,38.44250107
2017-06-20 11:00:00,42.1780014
2017-06-20 12:00:00,44.375
2017-06-20 13:00:00,43.05699921
2017-06-20 14:00:00,43.7159996
2017-06-20 15:00:00,43.9355011
2017-06-20 16:00:00,42.8370018
2017-06-20 17:00:00,42.39749908
2017-06-20 18:00:00,41.95800018
2017-06-20 19:00:00,40.63949966
2017-06-20 20:00:00,39.32149887
2017-06-20 21:00:00,38.00299835
2017-06-20 22:00:00,37.12400055
2017-06-20 23:00:00,36.46500015
2017-06-21 00:00:00,36.02500153
2017-06-21 01:00:00,35.80550003
2017-06-21 02:00:00,35.58599854
2017-06-21 03:00:00,35.14599991
2017-06-21 04:00:00,34.70700073
2017-06-21 05:00:00,34.26800156
2017-06-21 06:00:00,34.26800156
2017-06-21 07:00:00,34.26800156
2017-06-21 08:00:00,34.70700073
2017-06-21 09:00:00,34.70700073
2017-06-21 10:00:00,35.58599854
2017-06-21 11:00:00,36.46500015
2017-06-21 12:00:00,38.00299835
2017-06-21 13:00:00,40.41949844
2017-06-21 14:00:00,42.39749908
2017-06-21 15:00:00,41.29850006
2017-06-21 16:00:00,41.29850006
2017-06-21 17:00:00,39.98049927
2017-06-21 18:00:00,38.66249847
2017-06-21 19:00:00,37.12400055
2017-06-21 20:00:00,36.24499893
2017-06-21 21:00:00,35.80550003
2017-06-21 22:00:00,35.80550003
2017-06-21 23:00:00,35.80550003
2017-06-22 00:00:00,35.58599854
2017-06-22 01:00:00,35.58599854
2017-06-22 02:00:00,35.58599854
2017-06-22 03:00:00,35.14599991
2017-06-22 04:00:00,34.70700073
2017-06-22 05:00:00,34.70700073
2017-06-22 06:00:00,34.70700073
2017-06-22 07:00:00,34.70700073
2017-06-22 08:00:00,34.92649841
2017-06-22 09:00:00,34.70700073
2017-06-22 10:00:00,34.70700073
2017-06-22 11:00:00,36.24499893
2017-06-22 12:00:00,38.00299835
2017-06-22 13:00:00,38.66199875
2017-06-22 14:00:00,38.22299957
2017-06-22 15:00:00,36.90399933
2017-06-22 16:00:00,36.90399933
2017-06-22 17:00:00,37.78300095
2017-06-22 18:00:00,37.56349945
2017-06-22 19:00:00,36.68450165
2017-06-22 20:00:00,36.02500153
2017-06-22 21:00:00,35.14599991
2017-06-22 22:00:00,34.70700073
2017-06-22 23:00:00,34.48749924
2017-06-23 00:00:00,34.04800034
2017-06-23 01:00:00,34.04800034
2017-06-23 02:00:00,33.60850143
2017-06-23 03:00:00,33.60850143
2017-06-23 04:00:00,33.38899994
2017-06-23 05:00:00,33.38899994
2017-06-23 06:00:00,32.94950104
2017-06-23 07:00:00,33.16899872
2017-06-23 08:00:00,33.16899872
2017-06-23 09:00:00,33.16899872
2017-06-23 10:00:00,32.94950104
2017-06-23 11:00:00,32.29000092
2017-06-23 12:00:00,32.06999969
2017-06-23 13:00:00,34.04800034
2017-06-23 14:00:00,34.92649841
2017-06-23 15:00:00,36.90449905
2017-06-23 16:00:00,38.66199875
2017-06-23 17:00:00,38.22249985
2017-06-23 18:00:00,37.34349823
2017-06-23 19:00:00,36.46450043
2017-06-23 20:00:00,35.80550003
2017-06-23 21:00:00,35.14599991
2017-06-23 22:00:00,34.70700073
2017-06-23 23:00:00,34.48749924
2017-06-24 00:00:00,34.26800156
2017-06-24 01:00:00,33.82799911
2017-06-24 02:00:00,33.38899994
2017-06-24 03:00:00,32.72949982
2017-06-24 04:00:00,32.29000092
2017-06-24 05:00:00,32.06999969
2017-06-24 06:00:00,31.63100052
2017-06-24 07:00:00,32.50999832
2017-06-24 08:00:00,34.70700073
2017-06-24 09:00:00,37.12400055
2017-06-24 10:00:00,40.20000076
2017-06-24 11:00:00,42.1780014
2017-06-24 12:00:00,42.8370018
2017-06-24 13:00:00,42.61700058
2017-06-24 14:00:00,43.05699921
2017-06-24 15:00:00,43.93600082
2017-06-24 16:00:00,43.2765007
2017-06-24 17:00:00,42.39749908
2017-06-24 18:00:00,41.29850006
2017-06-24 19:00:00,40.20000076
2017-06-24 20:00:00,39.32149887
2017-06-24 21:00:00,38.88199997
2017-06-24 22:00:00,38.00299835
2017-06-24 23:00:00,37.56349945
2017-06-25 00:00:00,37.56349945
2017-06-25 01:00:00,37.12400055
2017-06-25 02:00:00,36.90399933
2017-06-25 03:00:00,36.68450165
2017-06-25 04:00:00,36.46500015
2017-06-25 05:00:00,36.02500153
2017-06-25 06:00:00,36.02500153
2017-06-25 07:00:00,36.02500153
2017-06-25 08:00:00,36.46450043
2017-06-25 09:00:00,37.12400055
2017-06-25 10:00:00,38.00299835
2017-06-25 11:00:00,38.88199997
2017-06-25 12:00:00,40.20000076
2017-06-25 13:00:00,41.51850128
2017-06-25 14:00:00,44.1554985
2017-06-25 15:00:00,45.69300079
2017-06-25 16:00:00,45.25350189
2017-06-25 17:00:00,43.2765007
2017-06-25 18:00:00,41.95800018
2017-06-25 19:00:00,41.07899857
2017-06-25 20:00:00,39.76050186
2017-06-25 21:00:00,38.66199875
2017-06-25 22:00:00,37.56349945
2017-06-25 23:00:00,37.12400055
2017-06-26 00:00:00,36.68450165
2017-06-26 01:00:00,36.24499893
2017-06-26 02:00:00,35.80550003
2017-06-26 03:00:00,35.36600113
2017-06-26 04:00:00,34.92649841
2017-06-26 05:00:00,34.48749924
2017-06-26 06:00:00,34.04800034
2017-06-26 07:00:00,34.48749924
2017-06-26 08:00:00,35.58599854
2017-06-26 09:00:00,37.12400055
2017-06-26 10:00:00,39.10200119
2017-06-26 11:00:00,41.73799896
2017-06-26 12:00:00,42.39749908
2017-06-26 13:00:00,42.1780014
2017-06-26 14:00:00,43.93600082
2017-06-26 15:00:00,44.81399918
2017-06-26 16:00:00,43.05649948
2017-06-26 17:00:00,41.29850006
2017-06-26 18:00:00,39.76050186
2017-06-26 19:00:00,38.44250107
2017-06-26 20:00:00,37.56349945
2017-06-26 21:00:00,36.46500015
2017-06-26 22:00:00,36.02500153
2017-06-26 23:00:00,35.80550003
2017-06-27 00:00:00,35.36600113
2017-06-27 01:00:00,34.92649841
2017-06-27 02:00:00,34.48749924
2017-06-27 03:00:00,34.04800034
2017-06-27 04:00:00,33.82799911
2017-06-27 05:00:00,33.38899994
2017-06-27 06:00:00,33.38899994
2017-06-27 07:00:00,33.38899994
2017-06-27 08:00:00,34.48749924
2017-06-27 09:00:00,35.58599854
2017-06-27 10:00:00,37.56349945
2017-06-27 11:00:00,40.85950089
2017-06-27 12:00:00,42.39749908
2017-06-27 13:00:00,44.5945015
2017-06-27 14:00:00,45.69350052
2017-06-27 15:00:00,46.79199982
2017-06-27 16:00:00,45.4734993
2017-06-27 17:00:00,42.8370018
2017-06-27 18:00:00,41.95800018
2017-06-27 19:00:00,40.85900116
2017-06-27 20:00:00,39.97999954
2017-06-27 21:00:00,38.66199875
2017-06-27 22:00:00,37.78300095
2017-06-27 23:00:00,37.12400055
2017-06-28 00:00:00,36.90399933
2017-06-28 01:00:00,36.46500015
2017-06-28 02:00:00,36.02500153
2017-06-28 03:00:00,35.58599854
2017-06-28 04:00:00,35.36600113
2017-06-28 05:00:00,35.14599991
2017-06-28 06:00:00,34.92649841
2017-06-28 07:00:00,34.70700073
2017-06-28 08:00:00,35.58599854
2017-06-28 09:00:00,36.46500015
2017-06-28 10:00:00,38.00299835
2017-06-28 11:00:00,39.10200119
2017-06-28 12:00:00,40.85900116
2017-06-28 13:00:00,41.51850128
2017-06-28 14:00:00,41.51850128
2017-06-28 15:00:00,42.17750168
2017-06-28 16:00:00,42.17750168
2017-06-28 17:00:00,41.29850006
2017-06-28 18:00:00,40.20000076
2017-06-28 19:00:00,39.54100037
2017-06-28 20:00:00,38.44250107
2017-06-28 21:00:00,37.56349945
2017-06-28 22:00:00,37.12400055
2017-06-28 23:00:00,36.90399933
2017-06-29 00:00:00,36.46500015
2017-06-29 01:00:00,35.80550003
2017-06-29 02:00:00,35.36600113
2017-06-29 03:00:00,34.92649841
2017-06-29 04:00:00,34.70700073
2017-06-29 05:00:00,34.48749924
2017-06-29 06:00:00,34.04800034
2017-06-29 07:00:00,34.04800034
2017-06-29 08:00:00,35.14649963
2017-06-29 09:00:00,37.12400055
2017-06-29 10:00:00,39.32099915
2017-06-29 11:00:00,41.51850128
2017-06-29 12:00:00,43.49649811
2017-06-29 13:00:00,44.59500122
2017-06-29 14:00:00,46.35250092
2017-06-29 15:00:00,46.35250092
2017-06-29 16:00:00,45.0340004
2017-06-29 17:00:00,43.9355011
2017-06-29 18:00:00,42.39749908
2017-06-29 19:00:00,41.29850006
2017-06-29 20:00:00,40.20000076
2017-06-29 21:00:00,39.32149887
2017-06-29 22:00:00,38.66249847
2017-06-29 23:00:00,38.44250107
2017-06-30 00:00:00,38.00299835
2017-06-30 01:00:00,37.34400177
2017-06-30 02:00:00,37.12400055
2017-06-30 03:00:00,36.90399933
2017-06-30 04:00:00,36.68450165
2017-06-30 05:00:00,36.24499893
2017-06-30 06:00:00,35.14599991
2017-06-30 07:00:00,34.92649841
2017-06-30 08:00:00,35.36600113
2017-06-30 09:00:00,36.24499893
2017-06-30 10:00:00,37.12400055
2017-06-30 11:00:00,37.12400055
2017-06-30 12:00:00,37.12400055
2017-06-30 13:00:00,34.70700073
2017-06-30 14:00:00,32.50999832
2017-06-30 15:00:00,30.53199959
2017-06-30 16:00:00,31.85050011
2017-06-30 17:00:00,32.94950104
2017-06-30 18:00:00,33.60850143
2017-06-30 19:00:00,33.60850143
2017-06-30 20:00:00,33.38899994
2017-06-30 21:00:00,32.94900131
2017-06-30 22:00:00,31.63050079
2017-06-30 23:00:00,31.19149971
2017-07-01 00:00:00,30.53199959
2017-07-01 01:00:00,31.63050079
2017-07-01 02:00:00,31.4109993
2017-07-01 03:00:00,30.53199959
2017-07-01 04:00:00,30.3125
2017-07-01 05:00:00,30.3125
2017-07-01 06:00:00,29.87299919
2017-07-01 07:00:00,30.3125
2017-07-01 08:00:00,31.19149971
2017-07-01 09:00:00,32.07049942
2017-07-01 10:00:00,30.9715004
2017-07-01 11:00:00,30.53199959
2017-07-01 12:00:00,29.87299919
2017-07-01 13:00:00,28.99449921
2017-07-01 14:00:00,29.2140007
2017-07-01 15:00:00,30.75149918
2017-07-01 16:00:00,30.9715004
2017-07-01 17:00:00,32.07049942
2017-07-01 18:00:00,32.29000092
2017-07-01 19:00:00,31.4109993
2017-07-01 20:00:00,31.85050011
2017-07-01 21:00:00,32.07049942
2017-07-01 22:00:00,32.29000092
2017-07-01 23:00:00,31.85050011
2017-07-02 00:00:00,31.19149971
2017-07-02 01:00:00,31.4109993
2017-07-02 02:00:00,32.07049942
2017-07-02 03:00:00,32.07049942
2017-07-02 04:00:00,29.43350029
2017-07-02 05:00:00,28.55450058
2017-07-02 06:00:00,28.55500031
2017-07-02 07:00:00,28.77449989
2017-07-02 08:00:00,28.33499908
2017-07-02 09:00:00,28.33499908
2017-07-02 10:00:00,27.89550018
2017-07-02 11:00:00,27.6760006
2017-07-02 12:00:00,29.43400002
2017-07-02 13:00:00,30.3125
2017-07-02 14:00:00,29.2140007
2017-07-02 15:00:00,28.33499908
2017-07-02 16:00:00,29.6534996
2017-07-02 17:00:00,30.75149918
2017-07-02 18:00:00,31.19149971
2017-07-02 19:00:00,31.63050079
2017-07-02 20:00:00,29.87299919
2017-07-02 21:00:00,29.2140007
2017-07-02 22:00:00,29.43350029
2017-07-02 23:00:00,30.3125
2017-07-03 00:00:00,30.9715004
2017-07-03 01:00:00,31.4109993
2017-07-03 02:00:00,31.4109993
2017-07-03 03:00:00,31.4109993
2017-07-03 04:00:00,31.19149971
2017-07-03 05:00:00,31.4109993
2017-07-03 06:00:00,31.63100052
2017-07-03 07:00:00,32.50999832
2017-07-03 08:00:00,34.04800034
2017-07-03 09:00:00,36.24499893
2017-07-03 10:00:00,38.44250107
2017-07-03 11:00:00,39.76050186
2017-07-03 12:00:00,39.32149887
2017-07-03 13:00:00,39.76050186
2017-07-03 14:00:00,40.63949966
2017-07-03 15:00:00,41.51850128
2017-07-03 16:00:00,41.51850128
2017-07-03 17:00:00,40.85950089
2017-07-03 18:00:00,40.20000076
2017-07-03 19:00:00,39.32149887
2017-07-03 20:00:00,38.44250107
2017-07-03 21:00:00,37.56349945
2017-07-03 22:00:00,37.34400177
2017-07-03 23:00:00,36.68450165
2017-07-04 00:00:00,36.24499893
2017-07-04 01:00:00,36.02500153
2017-07-04 02:00:00,35.80550003
2017-07-04 03:00:00,35.58599854
2017-07-04 04:00:00,35.36600113
2017-07-04 05:00:00,35.36600113
2017-07-04 06:00:00,35.36600113
2017-07-04 07:00:00,35.58599854
2017-07-04 08:00:00,37.56349945
2017-07-04 09:00:00,39.32149887
2017-07-04 10:00:00,40.20000076
2017-07-04 11:00:00,42.39749908
2017-07-04 12:00:00,43.93600082
2017-07-04 13:00:00,46.13249969
2017-07-04 14:00:00,47.45149994
2017-07-04 15:00:00,48.98949814
2017-07-04 16:00:00,47.67100143
2017-07-04 17:00:00,49.36835392748703
2017-07-04 18:00:00,50.15378781640499
2017-07-04 19:00:00,50.883666236542574
2017-07-04 20:00:00,51.55919462466818
2017-07-04 21:00:00,52.18157841755022
2017-07-04 22:00:00,52.7520230519571
2017-07-04 23:00:00,53.271733964657244
2017-07-05 00:00:00,53.74191659241904
2017-07-05 01:00:00,54.16377637201091
2017-07-05 02:00:00,54.538518740201255
2017-07-05 03:00:00,54.867349133758495
2017-07-05 04:00:00,55.15147298945103
2017-07-05 05:00:00,55.39209574404728
2017-07-05 06:00:00,55.59042283431564
2017-07-05 07:00:00,55.74765969702453
2017-07-05 08:00:00,55.86501176894235
2017-07-05 09:00:00,55.943684486837526
2017-07-05 10:00:00,55.984883287478446
2017-07-05 11:00:00,55.98981360763354
2017-07-05 12:00:00,55.95968088407119
2017-07-05 13:00:00,55.895690553559824
2017-07-05 14:00:00,55.799048052867846
2017-07-05 15:00:00,55.67095881876368
2017-07-05 16:00:00,55.51262828801569
2017-07-05 17:00:00,55.32526189739234
2017-07-05 18:00:00,55.110065083662
2017-07-05 19:00:00,54.8682432835931
2017-07-05 20:00:00,54.60100193395403
2017-07-05 21:00:00,54.309546471513244
2017-07-05 22:00:00,53.99508233303909
2017-07-05 23:00:00,53.65881495530003
2017-07-06 00:00:00,53.30194977506443
2017-07-06 01:00:00,52.925692229100726
2017-07-06 02:00:00,52.53124775417733
2017-07-06 03:00:00,52.11982178706263
2017-07-06 04:00:00,51.69261976452506
2017-07-06 05:00:00,51.25084712333305
2017-07-06 06:00:00,50.795709300254934
2017-07-06 07:00:00,50.32841173205916
2017-07-06 08:00:00,49.85015985551415
2017-07-06 09:00:00,49.36215910738829
2017-07-06 10:00:00,48.86561492444999
2017-07-06 11:00:00,48.36173274346764
2017-07-06 12:00:00,47.85171800120973
2017-07-06 13:00:00,47.33677613444459
2017-07-06 14:00:00,46.81811257994065
2017-07-06 15:00:00,46.29693277446633
2017-07-06 16:00:00,45.77444215479005
2017-07-06 17:00:00,45.25184615768018
2017-07-06 18:00:00,44.730350219905176
2017-07-06 19:00:00,44.375
2017-07-06 20:00:00,43.7159996
2017-07-06 21:00:00,42.8370018
2017-07-06 22:00:00,42.39749908
2017-07-06 23:00:00,41.95800018
2017-07-07 00:00:00,41.51850128
2017-07-07 01:00:00,41.07899857
2017-07-07 02:00:00,40.85950089
2017-07-07 03:00:00,40.63949966
2017-07-07 04:00:00,40.20000076
2017-07-07 05:00:00,39.76050186
2017-07-07 06:00:00,39.32149887
2017-07-07 07:00:00,39.76050186
2017-07-07 08:00:00,40.20000076
2017-07-07 09:00:00,40.63949966
2017-07-07 10:00:00,41.95800018
2017-07-07 11:00:00,42.17750168
2017-07-07 12:00:00,43.7159996
2017-07-07 13:00:00,43.93600082
2017-07-07 14:00:00,44.375
2017-07-07 15:00:00,44.1554985
2017-07-07 16:00:00,43.49599838
2017-07-07 17:00:00,42.61700058
2017-07-07 18:00:00,42.1780014
2017-07-07 19:00:00,41.29899979
2017-07-07 20:00:00,40.63949966
2017-07-07 21:00:00,40.41999817
2017-07-07 22:00:00,40.20000076
2017-07-07 23:00:00,39.97999954
2017-07-08 00:00:00,39.76050186
2017-07-08 01:00:00,39.54100037
2017-07-08 02:00:00,39.10200119
2017-07-08 03:00:00,38.88199997
2017-07-08 04:00:00,38.66199875
2017-07-08 05:00:00,37.78300095
2017-07-08 06:00:00,37.78300095
2017-07-08 07:00:00,37.78300095
2017-07-08 08:00:00,38.44250107
2017-07-08 09:00:00,39.32149887
2017-07-08 10:00:00,40.41999817
2017-07-08 11:00:00,41.51850128
2017-07-08 12:00:00,42.61700058
2017-07-08 13:00:00,43.7159996
2017-07-08 14:00:00,43.2765007
2017-07-08 15:00:00,42.8370018
2017-07-08 16:00:00,42.8370018
2017-07-08 17:00:00,42.39749908
2017-07-08 18:00:00,41.95800018
2017-07-08 19:00:00,41.51850128
2017-07-08 20:00:00,40.85900116
2017-07-08 21:00:00,40.63949966
2017-07-08 22:00:00,40.20000076
2017-07-08 23:00:00,39.76050186
2017-07-09 00:00:00,39.76050186
2017-07-09 01:00:00,39.76050186
2017-07-09 02:00:00,39.54100037
2017-07-09 03:00:00,39.32149887
2017-07-09 04:00:00,38.88199997
2017-07-09 05:00:00,38.44250107
2017-07-09 06:00:00,37.34400177
2017-07-09 07:00:00,37.78300095
2017-07-09 08:00:00,37.78300095
2017-07-09 09:00:00,38.00299835
2017-07-09 10:00:00,38.88199997
2017-07-09 11:00:00,39.32149887
2017-07-09 12:00:00,40.41949844
2017-07-09 13:00:00,40.85950089
2017-07-09 14:00:00,40.41949844
2017-07-09 15:00:00,40.41949844
2017-07-09 16:00:00,40.63949966
2017-07-09 17:00:00,39.10200119
2017-07-09 18:00:00,39.10200119
2017-07-09 19:00:00,37.56349945
2017-07-09 20:00:00,35.36600113
2017-07-09 21:00:00,34.70700073
2017-07-09 22:00:00,33.82849884
2017-07-09 23:00:00,33.16899872
2017-07-10 00:00:00,32.72949982
2017-07-10 01:00:00,32.72949982
2017-07-10 02:00:00,32.72949982
2017-07-10 03:00:00,33.60850143
2017-07-10 04:00:00,30.75149918
2017-07-10 05:00:00,29.6534996
2017-07-10 06:00:00,29.2140007
2017-07-10 07:00:00,29.43400002
2017-07-10 08:00:00,28.69937344004117
2017-07-10 09:00:00,28.246703133087696
2017-07-10 10:00:00,27.824848921499388
2017-07-10 11:00:00,27.43373094931838
2017-07-10 12:00:00,27.073269360586803
2017-07-10 13:00:00,26.743384299346786
2017-07-10 14:00:00,26.443995909640467
2017-07-10 15:00:00,26.175024335509974
2017-07-10 16:00:00,25.93638972099744
2017-07-10 17:00:00,25.728012210144996
2017-07-10 18:00:00,25.54981194699477
2017-07-10 19:00:00,25.4017090755889
2017-07-10 20:00:00,25.283623739969514
2017-07-10 21:00:00,25.195476084178743
2017-07-10 22:00:00,25.137186252258722
2017-07-10 23:00:00,25.108674388251583
2017-07-11 00:00:00,25.109860636199457
2017-07-11 01:00:00,25.140665140144478
2017-07-11 02:00:00,25.201008044128766
2017-07-11 03:00:00,25.290809492194477
2017-07-11 04:00:00,25.409989628383723
2017-07-11 05:00:00,25.558468596738646
2017-07-11 06:00:00,25.73616654130136
2017-07-11 07:00:00,25.943003606114026
2017-07-11 08:00:00,26.17889993521875
2017-07-11 09:00:00,26.44377567265768
2017-07-11 10:00:00,26.737550962472937
2017-07-11 11:00:00,27.06014594870667
2017-07-11 12:00:00,27.411480775400978
2017-07-11 13:00:00,27.791475586598033
2017-07-11 14:00:00,28.200050526339933
2017-07-11 15:00:00,28.63712573866883
2017-07-11 16:00:00,29.10262136762685
2017-07-11 17:00:00,29.59645755725611
2017-07-11 18:00:00,30.11855445159876
2017-07-11 19:00:00,30.668832194696925
2017-07-11 20:00:00,31.247210930592722
2017-07-11 21:00:00,31.853610803328323
2017-07-11 22:00:00,32.487951956945835
2017-07-11 23:00:00,33.1501545354874
2017-07-12 00:00:00,33.840138682995146
2017-07-12 01:00:00,34.557824543511195
2017-07-12 02:00:00,35.30313226107771
2017-07-12 03:00:00,36.07598197973676
2017-07-12 04:00:00,36.87629384353053
2017-07-12 05:00:00,37.70398799650117
2017-07-12 06:00:00,38.55898458269075
2017-07-12 07:00:00,39.44120374614142
2017-07-12 08:00:00,40.35056563089533
2017-07-12 09:00:00,41.286990380994624
2017-07-12 10:00:00,41.07899857
2017-07-12 11:00:00,42.8370018
2017-07-12 12:00:00,46.5719986
2017-07-12 13:00:00,48.33050156
2017-07-12 14:00:00,48.33050156
2017-07-12 15:00:00,49.86849976
2017-07-12 16:00:00,49.42850113
2017-07-12 17:00:00,47.89049911
2017-07-12 18:00:00,47.23149872
2017-07-12 19:00:00,46.35250092
2017-07-12 20:00:00,45.0340004
2017-07-12 21:00:00,43.7159996
2017-07-12 22:00:00,42.8370018
2017-07-12 23:00:00,42.61700058
2017-07-13 00:00:00,42.39749908
2017-07-13 01:00:00,42.1780014
2017-07-13 02:00:00,41.73799896
2017-07-13 03:00:00,41.29899979
2017-07-13 04:00:00,40.63949966
2017-07-13 05:00:00,40.20000076
2017-07-13 06:00:00,40.20000076
2017-07-13 07:00:00,40.20000076
2017-07-13 08:00:00,41.07899857
2017-07-13 09:00:00,41.51850128
2017-07-13 10:00:00,42.39749908
2017-07-13 11:00:00,43.9355011
2017-07-13 12:00:00,45.0340004
2017-07-13 13:00:00,45.4734993
2017-07-13 14:00:00,47.01150131
2017-07-13 15:00:00,47.29512735478358
2017-07-13 16:00:00,47.989504435277546
2017-07-13 17:00:00,48.66073924420834
2017-07-13 18:00:00,49.30863246023163
2017-07-13 19:00:00,49.93298476200309
2017-07-13 20:00:00,50.53359682817839
2017-07-13 21:00:00,51.1102693374132
2017-07-13 22:00:00,51.66280296836318
2017-07-13 23:00:00,52.190998399684
2017-07-14 00:00:00,52.69465631003133
2017-07-14 01:00:00,53.173577378060834
2017-07-14 02:00:00,53.62756228242819
2017-07-14 03:00:00,54.05641170178905
2017-07-14 04:00:00,54.459926314799105
2017-07-14 05:00:00,54.83790680011401
2017-07-14 06:00:00,55.190153836389435
2017-07-14 07:00:00,55.516468102281046
2017-07-14 08:00:00,55.816650276444506
2017-07-14 09:00:00,56.09050103753549
2017-07-14 10:00:00,56.33782106420966
2017-07-14 11:00:00,56.5584110351227
2017-07-14 12:00:00,56.75207162893027
2017-07-14 13:00:00,56.91860352428803
2017-07-14 14:00:00,57.057807399851654
2017-07-14 15:00:00,57.16948393427681
2017-07-14 16:00:00,57.25343380621917
2017-07-14 17:00:00,57.3094576943344
2017-07-14 18:00:00,57.33735627727816
2017-07-14 19:00:00,57.336930233706134
2017-07-14 20:00:00,57.30798024227397
2017-07-14 21:00:00,57.25030698163736
2017-07-14 22:00:00,57.16371113045195
2017-07-14 23:00:00,57.047993367373415
2017-07-15 00:00:00,56.90295437105743
2017-07-15 01:00:00,56.72839482015967
2017-07-15 02:00:00,56.52411539333577
2017-07-15 03:00:00,56.28991676924143
2017-07-15 04:00:00,56.02559962653234
2017-07-15 05:00:00,55.730964643864105
2017-07-15 06:00:00,55.40581249989248
2017-07-15 07:00:00,55.04994387327302
2017-07-15 08:00:00,54.66315944266148
2017-07-15 09:00:00,54.2452598867135
2017-07-15 10:00:00,53.796045884084734
2017-07-15 11:00:00,53.31531811343088
2017-07-15 12:00:00,52.802877253407544
2017-07-15 13:00:00,52.25852398267047
2017-07-15 14:00:00,51.68205897987531
2017-07-15 15:00:00,51.0732829236777
2017-07-15 16:00:00,50.43199649273333
2017-07-15 17:00:00,49.86800003
2017-07-15 18:00:00,49.20899963
2017-07-15 19:00:00,48.33050156
2017-07-15 20:00:00,47.01150131
2017-07-15 21:00:00,45.9129982
2017-07-15 22:00:00,45.0340004
2017-07-15 23:00:00,44.5945015
2017-07-16 00:00:00,44.1554985
2017-07-16 01:00:00,43.7159996
2017-07-16 02:00:00,42.8370018
2017-07-16 03:00:00,41.95800018
2017-07-16 04:00:00,41.07899857
2017-07-16 05:00:00,40.41999817
2017-07-16 06:00:00,39.97999954
2017-07-16 07:00:00,39.97999954
2017-07-16 08:00:00,41.73849869
2017-07-16 09:00:00,44.375
2017-07-16 10:00:00,46.5719986
2017-07-16 11:00:00,49.64849854
2017-07-16 12:00:00,51.18650055
2017-07-16 13:00:00,51.84550095
2017-07-16 14:00:00,53.38399887
2017-07-16 15:00:00,54.70249939
2017-07-16 16:00:00,53.38349915
2017-07-16 17:00:00,50.96699905
2017-07-16 18:00:00,49.86800003
2017-07-16 19:00:00,48.76950073
2017-07-16 20:00:00,47.23149872
2017-07-16 21:00:00,45.9129982
2017-07-16 22:00:00,45.0340004
2017-07-16 23:00:00,44.375
2017-07-17 00:00:00,43.93600082
2017-07-17 01:00:00,43.05699921
2017-07-17 02:00:00,42.39749908
2017-07-17 03:00:00,41.73799896
2017-07-17 04:00:00,41.29899979
2017-07-17 05:00:00,40.63949966
2017-07-17 06:00:00,40.20000076
2017-07-17 07:00:00,40.85900116
2017-07-17 08:00:00,42.39749908
2017-07-17 09:00:00,45.03450012
2017-07-17 10:00:00,47.45100021
2017-07-17 11:00:00,50.08800125
2017-07-17 12:00:00,51.40650177
2017-07-17 13:00:00,52.50500107
2017-07-17 14:00:00,55.14149857
2017-07-17 15:00:00,56.24000168
2017-07-17 16:00:00,54.70249939
2017-07-17 17:00:00,52.94449997
2017-07-17 18:00:00,51.84550095
2017-07-17 19:00:00,50.08750153
2017-07-17 20:00:00,48.54999924
2017-07-17 21:00:00,46.79199982
2017-07-17 22:00:00,46.13249969
2017-07-17 23:00:00,45.69350052
2017-07-18 00:00:00,45.0340004
2017-07-18 01:00:00,44.1554985
2017-07-18 02:00:00,43.49599838
2017-07-18 03:00:00,42.8370018
2017-07-18 04:00:00,42.39749908
2017-07-18 05:00:00,41.51850128
2017-07-18 06:00:00,41.07899857
2017-07-18 07:00:00,41.51850128
2017-07-18 08:00:00,42.39749908
2017-07-18 09:00:00,42.61750031
2017-07-18 10:00:00,44.59500122
2017-07-18 11:00:00,47.23149872
2017-07-18 12:00:00,48.77000046
2017-07-18 13:00:00,49.42850113
2017-07-18 14:00:00,51.40599823
2017-07-18 15:00:00,52.94449997
2017-07-18 16:00:00,51.40599823
2017-07-18 17:00:00,50.08750153
2017-07-18 18:00:00,49.42850113
2017-07-18 19:00:00,48.33050156
2017-07-18 20:00:00,46.79199982
2017-07-18 21:00:00,45.9129982
2017-07-18 22:00:00,45.0340004
2017-07-18 23:00:00,44.5945015
2017-07-19 00:00:00,44.1554985
2017-07-19 01:00:00,43.2765007
2017-07-19 02:00:00,42.39749908
2017-07-19 03:00:00,41.51850128
2017-07-19 04:00:00,40.85900116
2017-07-19 05:00:00,40.20000076
2017-07-19 06:00:00,39.76050186
2017-07-19 07:00:00,40.20000076
2017-07-19 08:00:00,41.95800018
2017-07-19 09:00:00,43.2765007
2017-07-19 10:00:00,44.8144989
2017-07-19 11:00:00,47.45100021
2017-07-19 12:00:00,48.76950073
2017-07-19 13:00:00,49.86800003
2017-07-19 14:00:00,52.06549835
2017-07-19 15:00:00,52.94449997
2017-07-19 16:00:00,52.28499985
2017-07-19 17:00:00,50.96649933
2017-07-19 18:00:00,49.42900085
2017-07-19 19:00:00,47.89049911
2017-07-19 20:00:00,46.57249832
2017-07-19 21:00:00,45.4734993
2017-07-19 22:00:00,44.5945015
2017-07-19 23:00:00,44.1554985
2017-07-20 00:00:00,43.7159996
2017-07-20 01:00:00,43.05699921
2017-07-20 02:00:00,42.39749908
2017-07-20 03:00:00,41.51850128
2017-07-20 04:00:00,41.07899857
2017-07-20 05:00:00,40.63949966
2017-07-20 06:00:00,40.20000076
2017-07-20 07:00:00,40.20000076
2017-07-20 08:00:00,41.51850128
2017-07-20 09:00:00,43.71549988
2017-07-20 10:00:00,45.25400162
2017-07-20 11:00:00,47.67100143
2017-07-20 12:00:00,49.42850113
2017-07-20 13:00:00,50.96649933
2017-07-20 14:00:00,52.94449997
2017-07-20 15:00:00,53.60350037
2017-07-20 16:00:00,52.72499847
2017-07-20 17:00:00,50.96649933
2017-07-20 18:00:00,50.08750153
2017-07-20 19:00:00,48.54999924
2017-07-20 20:00:00,47.01150131
2017-07-20 21:00:00,45.9129982
2017-07-20 22:00:00,45.0340004
2017-07-20 23:00:00,44.5945015
2017-07-21 00:00:00,43.93600082
2017-07-21 01:00:00,43.2765007
2017-07-21 02:00:00,42.61700058
2017-07-21 03:00:00,41.95800018
2017-07-21 04:00:00,41.51850128
2017-07-21 05:00:00,41.07899857
2017-07-21 06:00:00,40.63949966
2017-07-21 07:00:00,40.63949966
2017-07-21 08:00:00,42.39749908
2017-07-21 09:00:00,44.375
2017-07-21 10:00:00,46.5719986
2017-07-21 11:00:00,49.64849854
2017-07-21 12:00:00,51.40650177
2017-07-21 13:00:00,52.50500107
2017-07-21 14:00:00,54.26250076
2017-07-21 15:00:00,55.14149857
2017-07-21 16:00:00,53.82300186
2017-07-21 17:00:00,51.84550095
2017-07-21 18:00:00,50.52750015
2017-07-21 19:00:00,48.98949814
2017-07-21 20:00:00,47.67100143
2017-07-21 21:00:00,46.79199982
2017-07-21 22:00:00,45.9129982
2017-07-21 23:00:00,45.4734993
2017-07-22 00:00:00,45.0340004
2017-07-22 01:00:00,44.1554985
2017-07-22 02:00:00,43.05699921
2017-07-22 03:00:00,42.1780014
2017-07-22 04:00:00,41.51850128
2017-07-22 05:00:00,40.85900116
2017-07-22 06:00:00,40.41999817
2017-07-22 07:00:00,40.85900116
2017-07-22 08:00:00,42.61750031
2017-07-22 09:00:00,45.03450012
2017-07-22 10:00:00,47.45149994
2017-07-22 11:00:00,50.74700165
2017-07-22 12:00:00,52.50500107
2017-07-22 13:00:00,53.82350159
2017-07-22 14:00:00,56.24000168
2017-07-22 15:00:00,57.7784996
2017-07-22 16:00:00,58.92692776327919
2017-07-22 17:00:00,60.2718023757623
2017-07-22 18:00:00,61.537792392055486
2017-07-22 19:00:00,62.726112870791724
2017-07-22 20:00:00,63.83797887060399
2017-07-22 21:00:00,64.87460545012526
2017-07-22 22:00:00,65.8372076679885
2017-07-22 23:00:00,66.72700058282668
2017-07-23 00:00:00,67.54519925327278
2017-07-23 01:00:00,68.29301873795978
2017-07-23 02:00:00,68.97167409552067
2017-07-23 03:00:00,69.58238038458839
2017-07-23 04:00:00,70.12635266379594
2017-07-23 05:00:00,70.60480599177629
2017-07-23 06:00:00,71.0189554271624
2017-07-23 07:00:00,71.37001602858726
2017-07-23 08:00:00,71.65920285468384
2017-07-23 09:00:00,71.88773096408511
2017-07-23 10:00:00,72.05681541542407
2017-07-23 11:00:00,72.16767126733363
2017-07-23 12:00:00,72.22151357844682
2017-07-23 13:00:00,72.2195574073966
2017-07-23 14:00:00,72.16301781281595
2017-07-23 15:00:00,72.05310985333782
2017-07-23 16:00:00,71.89104858759521
2017-07-23 17:00:00,71.6780490742211
2017-07-23 18:00:00,71.41532637184844
2017-07-23 19:00:00,71.1040955391102
2017-07-23 20:00:00,70.74557163463942
2017-07-23 21:00:00,70.34096971706899
2017-07-23 22:00:00,69.89150484503193
2017-07-23 23:00:00,69.39839207716119
2017-07-24 00:00:00,68.86284647208976
2017-07-24 01:00:00,68.28608308845064
2017-07-24 02:00:00,67.66931698487676
2017-07-24 03:00:00,67.01376322000112
2017-07-24 04:00:00,66.32063685245674
2017-07-24 05:00:00,65.5911529408765
2017-07-24 06:00:00,64.82652654389341
2017-07-24 07:00:00,64.02797272014045
2017-07-24 08:00:00,63.19670652825059
2017-07-24 09:00:00,62.3339430268568
2017-07-24 10:00:00,61.44089727459202
2017-07-24 11:00:00,60.51878433008933
2017-07-24 12:00:00,59.56881925198161
2017-07-24 13:00:00,58.59221709890184
2017-07-24 14:00:00,57.59019292948304
2017-07-24 15:00:00,56.56396180235819
2017-07-24 16:00:00,55.514738776160215
2017-07-24 17:00:00,54.443738909522125
2017-07-24 18:00:00,53.82350159
2017-07-24 19:00:00,52.06549835
2017-07-24 20:00:00,50.52750015
2017-07-24 21:00:00,49.20899963
2017-07-24 22:00:00,48.11050034
2017-07-24 23:00:00,47.23149872
2017-07-25 00:00:00,46.35250092
2017-07-25 01:00:00,45.25400162
2017-07-25 02:00:00,44.375
2017-07-25 03:00:00,43.2765007
2017-07-25 04:00:00,42.61700058
2017-07-25 05:00:00,41.73799896
2017-07-25 06:00:00,41.07899857
2017-07-25 07:00:00,41.29899979
2017-07-25 08:00:00,43.2765007
2017-07-25 09:00:00,46.5719986
2017-07-25 10:00:00,49.86800003
2017-07-25 11:00:00,53.60350037
2017-07-25 12:00:00,55.58100128
2017-07-25 13:00:00,56.45999908
2017-07-25 14:00:00,55.36100006
2017-07-25 15:00:00,53.16450119
2017-07-25 16:00:00,54.04299927
2017-07-25 17:00:00,53.60350037
2017-07-25 18:00:00,52.72449875
2017-07-25 19:00:00,51.40650177
2017-07-25 20:00:00,49.86800003
2017-07-25 21:00:00,48.54999924
2017-07-25 22:00:00,47.89099884
2017-07-25 23:00:00,47.01200104
2017-07-26 00:00:00,46.5719986
2017-07-26 01:00:00,45.69300079
2017-07-26 02:00:00,45.25400162
2017-07-26 03:00:00,44.81399918
2017-07-26 04:00:00,44.375
2017-07-26 05:00:00,43.49599838
2017-07-26 06:00:00,43.05699921
2017-07-26 07:00:00,43.05699921
2017-07-26 08:00:00,42.42805389712627
2017-07-26 09:00:00,42.022291956450054
2017-07-26 10:00:00,41.63840924444928
2017-07-26 11:00:00,41.27650880780877
2017-07-26 12:00:00,40.936693693213364
2017-07-26 13:00:00,40.6190669473479
2017-07-26 14:00:00,40.32373161689721
2017-07-26 15:00:00,40.05079074854613
2017-07-26 16:00:00,39.800347388979475
2017-07-26 17:00:00,39.5725045848821
2017-07-26 18:00:00,39.36736538293882
2017-07-26 19:00:00,39.18503282983449
2017-07-26 20:00:00,39.025609972253925
2017-07-26 21:00:00,38.889199856881966
2017-07-26 22:00:00,38.77590553040345
2017-07-26 23:00:00,38.68583003950321
2017-07-27 00:00:00,38.61907643086607
2017-07-27 01:00:00,38.57574775117688
2017-07-27 02:00:00,38.55594704712045
2017-07-27 03:00:00,38.55977736538163
2017-07-27 04:00:00,38.587341752645244
2017-07-27 05:00:00,38.63874325559613
2017-07-27 06:00:00,38.71408492091913
2017-07-27 07:00:00,38.81346979529906
2017-07-27 08:00:00,38.93700092542078
2017-07-27 09:00:00,39.08478135796909
2017-07-27 10:00:00,39.25691413962886
2017-07-27 11:00:00,39.45350231708488
2017-07-27 12:00:00,39.67464893702203
2017-07-27 13:00:00,39.92045704612512
2017-07-27 14:00:00,40.19102969107897
2017-07-27 15:00:00,40.486469918568424
2017-07-27 16:00:00,40.80688077527834
2017-07-27 17:00:00,41.152365307893504
2017-07-27 18:00:00,41.52302656309881
2017-07-27 19:00:00,41.91896758757905
2017-07-27 20:00:00,42.34029142801904
2017-07-27 21:00:00,42.78710113110363
2017-07-27 22:00:00,43.25949974351768
2017-07-27 23:00:00,43.75759031194601
2017-07-28 00:00:00,44.28147588307343
2017-07-28 01:00:00,44.83125950358481
2017-07-28 02:00:00,45.40704422016496
2017-07-28 03:00:00,46.00893307949874
2017-07-28 04:00:00,46.63702912827094
2017-07-28 05:00:00,47.29143541316642
2017-07-28 06:00:00,47.97225498087002
2017-07-28 07:00:00,48.679590878066556
2017-07-28 08:00:00,49.41354615144087
2017-07-28 09:00:00,50.1742238476778
2017-07-28 10:00:00,49.20899963
2017-07-28 11:00:00,52.72499847
2017-07-28 12:00:00,54.48249817
2017-07-28 13:00:00,55.36149979
2017-07-28 14:00:00,57.9980011
2017-07-28 15:00:00,58.8769989
2017-07-28 16:00:00,56.67950058
2017-07-28 17:00:00,54.70199966
2017-07-28 18:00:00,53.16400146
2017-07-28 19:00:00,51.84600067
2017-07-28 20:00:00,50.52700043
2017-07-28 21:00:00,49.64799881
2017-07-28 22:00:00,48.98949814
2017-07-28 23:00:00,47.89099884
2017-07-29 00:00:00,47.67100143
2017-07-29 01:00:00,46.79199982
2017-07-29 02:00:00,46.35250092
2017-07-29 03:00:00,45.69300079
2017-07-29 04:00:00,45.0340004
2017-07-29 05:00:00,44.1554985
2017-07-29 06:00:00,43.2765007
2017-07-29 07:00:00,43.2765007
2017-07-29 08:00:00,43.7159996
2017-07-29 09:00:00,45.25350189
2017-07-29 10:00:00,47.23149872
2017-07-29 11:00:00,49.64799881
2017-07-29 12:00:00,50.74700165
2017-07-29 13:00:00,52.28549957
2017-07-29 14:00:00,53.60400009
2017-07-29 15:00:00,53.16450119
2017-07-29 16:00:00,52.50500107
2017-07-29 17:00:00,51.62599945
2017-07-29 18:00:00,50.74700165
2017-07-29 19:00:00,47.89099884
2017-07-29 20:00:00,45.9129982
2017-07-29 21:00:00,44.375
2017-07-29 22:00:00,43.49599838
2017-07-29 23:00:00,43.05699921
2017-07-30 00:00:00,42.61700058
2017-07-30 01:00:00,42.1780014
2017-07-30 02:00:00,41.73799896
2017-07-30 03:00:00,41.51850128
2017-07-30 04:00:00,41.29899979
2017-07-30 05:00:00,40.85900116
2017-07-30 06:00:00,40.41999817
2017-07-30 07:00:00,40.41999817
2017-07-30 08:00:00,41.29899979
2017-07-30 09:00:00,43.05649948
2017-07-30 10:00:00,44.375
2017-07-30 11:00:00,45.0340004
2017-07-30 12:00:00,43.05699921
2017-07-30 13:00:00,47.01150131
2017-07-30 14:00:00,48.33000183
2017-07-30 15:00:00,43.05699921
2017-07-30 16:00:00,43.49649811
2017-07-30 17:00:00,43.49649811
2017-07-30 18:00:00,40.41999817
2017-07-30 19:00:00,39.98049927
2017-07-30 20:00:00,39.98049927
2017-07-30 21:00:00,39.98049927
2017-07-30 22:00:00,39.97999954
2017-07-30 23:00:00,39.97999954
2017-07-31 00:00:00,39.97999954
2017-07-31 01:00:00,39.97999954
2017-07-31 02:00:00,39.97999954
2017-07-31 03:00:00,39.97999954
2017-07-31 04:00:00,39.97999954
2017-07-31 05:00:00,39.97999954
2017-07-31 06:00:00,39.97999954
2017-07-31 07:00:00,39.97999954
2017-07-31 08:00:00,39.97999954
2017-07-31 09:00:00,39.97999954
2017-07-31 10:00:00,39.97999954
2017-07-31 11:00:00,39.97999954
2017-07-31 12:00:00,39.97999954
2017-07-31 13:00:00,39.97999954
2017-07-31 14:00:00,39.97999954
2017-07-31 15:00:00,39.97999954
2017-07-31 16:00:00,39.97999954
2017-07-31 17:00:00,39.97999954
2017-07-31 18:00:00,39.97999954
2017-07-31 19:00:00,39.97999954
2017-07-31 20:00:00,39.97999954
2017-07-31 21:00:00,39.97999954
2017-07-31 22:00:00,39.97999954
2017-07-31 23:00:00,39.97999954
2017-08-01 00:00:00,41.73799896
2017-08-01 01:00:00,41.73799896
2017-08-01 02:00:00,41.29899979
2017-08-01 03:00:00,40.85900116
2017-08-01 04:00:00,40.41999817
2017-08-01 05:00:00,39.97999954
2017-08-01 06:00:00,39.54100037
2017-08-01 07:00:00,39.54100037
2017-08-01 08:00:00,39.76050186
2017-08-01 09:00:00,39.76050186
2017-08-01 10:00:00,39.76050186
2017-08-01 11:00:00,40.63949966
2017-08-01 12:00:00,41.51850128
2017-08-01 13:00:00,42.61750031
2017-08-01 14:00:00,42.61750031
2017-08-01 15:00:00,39.54100037
2017-08-01 16:00:00,38.00299835
2017-08-01 17:00:00,38.22249985
2017-08-01 18:00:00,38.66249847
2017-08-01 19:00:00,38.22249985
2017-08-01 20:00:00,37.78350067
2017-08-01 21:00:00,37.56349945
2017-08-01 22:00:00,37.34349823
2017-08-01 23:00:00,37.12400055
2017-08-02 00:00:00,37.12400055
2017-08-02 01:00:00,37.12400055
2017-08-02 02:00:00,33.82849884
2017-08-02 03:00:00,34.26750183
2017-08-02 04:00:00,34.92699814
2017-08-02 05:00:00,35.14649963
2017-08-02 06:00:00,34.26800156
2017-08-02 07:00:00,34.26750183
2017-08-02 08:00:00,32.72949982
2017-08-02 09:00:00,33.38850021
2017-08-02 10:00:00,32.50999832
2017-08-02 11:00:00,33.16899872
2017-08-02 12:00:00,35.58549881
2017-08-02 13:00:00,37.34349823
2017-08-02 14:00:00,37.34349823
2017-08-02 15:00:00,35.14649963
2017-08-02 16:00:00,35.36600113
2017-08-02 17:00:00,36.46450043
2017-08-02 18:00:00,37.34349823
2017-08-02 19:00:00,37.56349945
2017-08-02 20:00:00,37.78300095
2017-08-02 21:00:00,38.00299835
2017-08-02 22:00:00,38.00299835
2017-08-02 23:00:00,38.00299835
2017-08-03 00:00:00,38.00299835
2017-08-03 01:00:00,37.78300095
2017-08-03 02:00:00,37.12400055
2017-08-03 03:00:00,36.46500015
2017-08-03 04:00:00,36.02500153
2017-08-03 05:00:00,35.14599991
2017-08-03 06:00:00,35.80550003
2017-08-03 07:00:00,36.24499893
2017-08-03 08:00:00,37.12400055
2017-08-03 09:00:00,37.78350067
2017-08-03 10:00:00,39.32149887
2017-08-03 11:00:00,40.41949844
2017-08-03 12:00:00,41.95800018
2017-08-03 13:00:00,43.9355011
2017-08-03 14:00:00,45.69350052
2017-08-03 15:00:00,46.35250092
2017-08-03 16:00:00,45.9129982
2017-08-03 17:00:00,44.1554985
2017-08-03 18:00:00,43.2765007
2017-08-03 19:00:00,42.1780014
2017-08-03 20:00:00,41.51850128
2017-08-03 21:00:00,40.63949966
2017-08-03 22:00:00,40.20000076
2017-08-03 23:00:00,39.76050186
2017-08-04 00:00:00,39.32149887
2017-08-04 01:00:00,39.10200119
2017-08-04 02:00:00,39.10200119
2017-08-04 03:00:00,38.88199997
2017-08-04 04:00:00,38.44250107
2017-08-04 05:00:00,38.44250107
2017-08-04 06:00:00,38.22299957
2017-08-04 07:00:00,38.44250107
2017-08-04 08:00:00,39.76050186
2017-08-04 09:00:00,41.73849869
2017-08-04 10:00:00,44.1554985
2017-08-04 11:00:00,47.45100021
2017-08-04 12:00:00,49.20899963
2017-08-04 13:00:00,50.30749893
2017-08-04 14:00:00,51.40650177
2017-08-04 15:00:00,52.06549835
2017-08-04 16:00:00,51.62599945
2017-08-04 17:00:00,50.08800125
2017-08-04 18:00:00,48.98949814
2017-08-04 19:00:00,47.67100143
2017-08-04 20:00:00,46.35250092
2017-08-04 21:00:00,45.25400162
2017-08-04 22:00:00,44.375
2017-08-04 23:00:00,43.7159996
2017-08-05 00:00:00,43.05699921
2017-08-05 01:00:00,42.61700058
2017-08-05 02:00:00,41.95800018
2017-08-05 03:00:00,41.29899979
2017-08-05 04:00:00,40.63949966
2017-08-05 05:00:00,40.20000076
2017-08-05 06:00:00,39.97999954
2017-08-05 07:00:00,40.20000076
2017-08-05 08:00:00,41.07899857
2017-08-05 09:00:00,43.05649948
2017-08-05 10:00:00,45.69350052
2017-08-05 11:00:00,48.77000046
2017-08-05 12:00:00,49.64849854
2017-08-05 13:00:00,51.40599823
2017-08-05 14:00:00,53.38399887
2017-08-05 15:00:00,50.30749893
2017-08-05 16:00:00,50.08800125
2017-08-05 17:00:00,50.30749893
2017-08-05 18:00:00,49.42850113
2017-08-05 19:00:00,48.33000183
2017-08-05 20:00:00,47.01200104
2017-08-05 21:00:00,45.9129982
2017-08-05 22:00:00,44.81399918
2017-08-05 23:00:00,44.1554985
2017-08-06 00:00:00,43.7159996
2017-08-06 01:00:00,43.2765007
2017-08-06 02:00:00,42.39749908
2017-08-06 03:00:00,41.95800018
2017-08-06 04:00:00,41.51850128
2017-08-06 05:00:00,41.07899857
2017-08-06 06:00:00,40.63949966
2017-08-06 07:00:00,40.63949966
2017-08-06 08:00:00,41.51850128
2017-08-06 09:00:00,43.7159996
2017-08-06 10:00:00,45.25400162
2017-08-06 11:00:00,47.89099884
2017-08-06 12:00:00,50.30749893
2017-08-06 13:00:00,51.84550095
2017-08-06 14:00:00,54.70199966
2017-08-06 15:00:00,53.60350037
2017-08-06 16:00:00,52.94449997
2017-08-06 17:00:00,52.06549835
2017-08-06 18:00:00,50.74700165
2017-08-06 19:00:00,49.42850113
2017-08-06 20:00:00,47.89049911
2017-08-06 21:00:00,46.79199982
2017-08-06 22:00:00,45.9129982
2017-08-06 23:00:00,45.4734993
2017-08-07 00:00:00,44.81399918
2017-08-07 01:00:00,43.93600082
2017-08-07 02:00:00,43.7159996
2017-08-07 03:00:00,43.2765007
2017-08-07 04:00:00,42.8370018
2017-08-07 05:00:00,42.39749908
2017-08-07 06:00:00,41.95800018
2017-08-07 07:00:00,41.95800018
2017-08-07 08:00:00,42.61750031
2017-08-07 09:00:00,43.9355011
2017-08-07 10:00:00,46.13249969
2017-08-07 11:00:00,49.64799881
2017-08-07 12:00:00,51.62599945
2017-08-07 13:00:00,53.16400146
2017-08-07 14:00:00,55.36149979
2017-08-07 15:00:00,54.26250076
2017-08-07 16:00:00,51.84600067
2017-08-07 17:00:00,50.30749893
2017-08-07 18:00:00,48.77000046
2017-08-07 19:00:00,47.67100143
2017-08-07 20:00:00,46.13249969
2017-08-07 21:00:00,45.0340004
2017-08-07 22:00:00,44.5945015
2017-08-07 23:00:00,43.93600082
2017-08-08 00:00:00,37.78300095
2017-08-08 01:00:00,36.90399933
2017-08-08 02:00:00,36.90449905
2017-08-08 03:00:00,36.68450165
2017-08-08 04:00:00,36.68450165
2017-08-08 05:00:00,36.24499893
2017-08-08 06:00:00,36.46450043
2017-08-08 07:00:00,36.68450165
2017-08-08 08:00:00,36.24499893
2017-08-08 09:00:00,34.26750183
2017-08-08 10:00:00,31.4109993
2017-08-08 11:00:00,30.9715004
2017-08-08 12:00:00,30.31200027
2017-08-08 13:00:00,32.06999969
2017-08-08 14:00:00,31.63050079
2017-08-08 15:00:00,31.63100052
2017-08-08 16:00:00,31.4109993
2017-08-08 17:00:00,29.6534996
2017-08-08 18:00:00,29.87299919
2017-08-08 19:00:00,30.31200027
2017-08-08 20:00:00,31.4109993
2017-08-08 21:00:00,32.06999969
2017-08-08 22:00:00,32.72949982
2017-08-08 23:00:00,33.16899872
2017-08-09 00:00:00,33.60850143
2017-08-09 01:00:00,33.82799911
2017-08-09 02:00:00,34.04800034
2017-08-09 03:00:00,33.82799911
2017-08-09 04:00:00,32.50999832
2017-08-09 05:00:00,31.63050079
2017-08-09 06:00:00,30.3125
2017-08-09 07:00:00,30.31200027
2017-08-09 08:00:00,30.53199959
2017-08-09 09:00:00,30.9715004
2017-08-09 10:00:00,32.72949982
2017-08-09 11:00:00,35.80550003
2017-08-09 12:00:00,36.90449905
2017-08-09 13:00:00,38.44250107
2017-08-09 14:00:00,40.20000076
2017-08-09 15:00:00,40.41999817
2017-08-09 16:00:00,40.20000076
2017-08-09 17:00:00,39.76050186
2017-08-09 18:00:00,39.76050186
2017-08-09 19:00:00,38.88199997
2017-08-09 20:00:00,38.00299835
2017-08-09 21:00:00,37.12400055
2017-08-09 22:00:00,36.68450165
2017-08-09 23:00:00,36.24499893
2017-08-10 00:00:00,36.02500153
2017-08-10 01:00:00,35.58599854
2017-08-10 02:00:00,35.36600113
2017-08-10 03:00:00,35.14599991
2017-08-10 04:00:00,35.14599991
2017-08-10 05:00:00,35.14599991
2017-08-10 06:00:00,34.92649841
2017-08-10 07:00:00,34.92649841
2017-08-10 08:00:00,36.02500153
2017-08-10 09:00:00,37.78350067
2017-08-10 10:00:00,37.051922198049006
2017-08-10 11:00:00,37.23805065361249
2017-08-10 12:00:00,37.40007500287217
2017-08-10 13:00:00,37.53881196253061
2017-08-10 14:00:00,37.65507824929036
2017-08-10 15:00:00,37.74969057985399
2017-08-10 16:00:00,37.823465670924044
2017-08-10 17:00:00,37.877220239203076
2017-08-10 18:00:00,37.91177100139365
2017-08-10 19:00:00,37.927934674198326
2017-08-10 20:00:00,37.926527974319654
2017-08-10 21:00:00,37.9083676184602
2017-08-10 22:00:00,37.87427032332251
2017-08-10 23:00:00,37.825052805609154
2017-08-11 00:00:00,37.76153178202268
2017-08-11 01:00:00,37.68452396926564
2017-08-11 02:00:00,37.594846084040604
2017-08-11 03:00:00,37.493314843050115
2017-08-11 04:00:00,37.380746962996746
2017-08-11 05:00:00,37.257959160583034
2017-08-11 06:00:00,37.125768152511554
2017-08-11 07:00:00,36.98499065548486
2017-08-11 08:00:00,36.8364433862055
2017-08-11 09:00:00,36.68094306137603
2017-08-11 10:00:00,36.51930639769901
2017-08-11 11:00:00,36.35235011187701
2017-08-11 12:00:00,36.18089092061257
2017-08-11 13:00:00,36.005745540608245
2017-08-11 14:00:00,35.82773068856662
2017-08-11 15:00:00,35.64766308119022
2017-08-11 16:00:00,35.466359435181616
2017-08-11 17:00:00,35.28463646724336
2017-08-11 18:00:00,35.103310894078014
2017-08-11 19:00:00,34.92319943238813
2017-08-11 20:00:00,34.74511879887626
2017-08-11 21:00:00,34.56988571024499
2017-08-11 22:00:00,34.39831688319686
2017-08-11 23:00:00,34.231229034434406
2017-08-12 00:00:00,34.0694388806602
2017-08-12 01:00:00,33.91376313857681
2017-08-12 02:00:00,33.76501852488678
2017-08-12 03:00:00,33.62402175629266
2017-08-12 04:00:00,33.491589549497014
2017-08-12 05:00:00,33.36853862120242
2017-08-12 06:00:00,33.25568568811139
2017-08-12 07:00:00,33.15384746692652
2017-08-12 08:00:00,33.063840674350345
2017-08-12 09:00:00,32.986482027085444
2017-08-12 10:00:00,32.92258824183435
2017-08-12 11:00:00,32.87297603529966
2017-08-12 12:00:00,32.94950104
2017-08-12 13:00:00,32.5094986
2017-08-12 14:00:00,32.72949982
2017-08-12 15:00:00,33.38850021
2017-08-12 16:00:00,33.38850021
2017-08-12 17:00:00,32.72949982
2017-08-12 18:00:00,31.85050011
2017-08-12 19:00:00,31.85050011
2017-08-12 20:00:00,32.94950104
2017-08-12 21:00:00,33.82849884
2017-08-12 22:00:00,34.48749924
2017-08-12 23:00:00,35.14599991
2017-08-13 00:00:00,35.36600113
2017-08-13 01:00:00,35.58599854
2017-08-13 02:00:00,35.80550003
2017-08-13 03:00:00,35.80550003
2017-08-13 04:00:00,35.80550003
2017-08-13 05:00:00,35.36600113
2017-08-13 06:00:00,35.36600113
2017-08-13 07:00:00,35.36600113
2017-08-13 08:00:00,35.36600113
2017-08-13 09:00:00,35.36600113
2017-08-13 10:00:00,35.80550003
2017-08-13 11:00:00,34.48749924
2017-08-13 12:00:00,33.38899994
2017-08-13 13:00:00,35.36600113
2017-08-13 14:00:00,37.12400055
2017-08-13 15:00:00,39.10200119
2017-08-13 16:00:00,39.54100037
2017-08-13 17:00:00,37.78300095
2017-08-13 18:00:00,38.22299957
2017-08-13 19:00:00,38.22299957
2017-08-13 20:00:00,37.78300095
2017-08-13 21:00:00,36.46500015
2017-08-13 22:00:00,34.92649841
2017-08-13 23:00:00,33.82799911
2017-08-14 00:00:00,33.82849884
2017-08-14 01:00:00,34.04800034
2017-08-14 02:00:00,34.48749924
2017-08-14 03:00:00,34.48749924
2017-08-14 04:00:00,34.48749924
2017-08-14 05:00:00,34.48749924
2017-08-14 06:00:00,34.48749924
2017-08-14 07:00:00,34.70700073
2017-08-14 08:00:00,35.36600113
2017-08-14 09:00:00,36.46450043
2017-08-14 10:00:00,37.56349945
2017-08-14 11:00:00,39.32149887
2017-08-14 12:00:00,41.29850006
2017-08-14 13:00:00,41.95800018
2017-08-14 14:00:00,42.61700058
2017-08-14 15:00:00,41.73799896
2017-08-14 16:00:00,40.63949966
2017-08-14 17:00:00,39.32149887
2017-08-14 18:00:00,38.44250107
2017-08-14 19:00:00,37.12400055
2017-08-14 20:00:00,34.92649841
2017-08-14 21:00:00,35.14649963
2017-08-14 22:00:00,35.80550003
2017-08-14 23:00:00,35.80550003
2017-08-15 00:00:00,35.36600113
2017-08-15 01:00:00,35.36600113
2017-08-15 02:00:00,35.36600113
2017-08-15 03:00:00,35.14599991
2017-08-15 04:00:00,34.92649841
2017-08-15 05:00:00,34.48749924
2017-08-15 06:00:00,34.48749924
2017-08-15 07:00:00,34.48749924
2017-08-15 08:00:00,35.14599991
2017-08-15 09:00:00,36.46500015
2017-08-15 10:00:00,38.66199875
2017-08-15 11:00:00,41.07899857
2017-08-15 12:00:00,41.95800018
2017-08-15 13:00:00,42.8370018
2017-08-15 14:00:00,43.2765007
2017-08-15 15:00:00,46.13299942
2017-08-15 16:00:00,45.9129982
2017-08-15 17:00:00,44.375
2017-08-15 18:00:00,42.8370018
2017-08-15 19:00:00,41.51850128
2017-08-15 20:00:00,40.41999817
2017-08-15 21:00:00,39.54100037
2017-08-15 22:00:00,38.88199997
2017-08-15 23:00:00,38.66199875
2017-08-16 00:00:00,38.22299957
2017-08-16 01:00:00,38.00299835
2017-08-16 02:00:00,37.78300095
2017-08-16 03:00:00,37.34400177
2017-08-16 04:00:00,35.14599991
2017-08-16 05:00:00,33.60850143
2017-08-16 06:00:00,33.16899872
2017-08-16 07:00:00,31.85050011
2017-08-16 08:00:00,30.9715004
2017-08-16 09:00:00,30.53199959
2017-08-16 10:00:00,30.75200081
2017-08-16 11:00:00,32.94950104
2017-08-16 12:00:00,35.14649963
2017-08-16 13:00:00,35.80550003
2017-08-16 14:00:00,35.80550003
2017-08-16 15:00:00,37.12400055
2017-08-16 16:00:00,39.97999954
2017-08-16 17:00:00,40.85950089
2017-08-16 18:00:00,39.97999954
2017-08-16 19:00:00,38.22299957
2017-08-16 20:00:00,36.90399933
2017-08-16 21:00:00,35.80550003
2017-08-16 22:00:00,35.14599991
2017-08-16 23:00:00,34.70700073
2017-08-17 00:00:00,34.26800156
2017-08-17 01:00:00,33.82799911
2017-08-17 02:00:00,33.38899994
2017-08-17 03:00:00,33.38899994
2017-08-17 04:00:00,33.16899872
2017-08-17 05:00:00,32.94900131
2017-08-17 06:00:00,32.94900131
2017-08-17 07:00:00,33.38899994
2017-08-17 08:00:00,35.14599991
2017-08-17 09:00:00,36.90399933
2017-08-17 10:00:00,39.10150146
2017-08-17 11:00:00,41.51850128
2017-08-17 12:00:00,42.8370018
2017-08-17 13:00:00,44.8144989
2017-08-17 14:00:00,47.45149994
2017-08-17 15:00:00,47.45149994
2017-08-17 16:00:00,47.45149994
2017-08-17 17:00:00,45.9129982
2017-08-17 18:00:00,44.1554985
2017-08-17 19:00:00,42.8370018
2017-08-17 20:00:00,41.51850128
2017-08-17 21:00:00,40.41999817
2017-08-17 22:00:00,39.54100037
2017-08-17 23:00:00,39.32149887
2017-08-18 00:00:00,38.88199997
2017-08-18 01:00:00,38.00299835
2017-08-18 02:00:00,37.78350067
2017-08-18 03:00:00,37.12400055
2017-08-18 04:00:00,36.46500015
2017-08-18 05:00:00,36.02500153
2017-08-18 06:00:00,35.58599854
2017-08-18 07:00:00,35.58599854
2017-08-18 08:00:00,37.12400055
2017-08-18 09:00:00,39.10150146
2017-08-18 10:00:00,41.51850128
2017-08-18 11:00:00,45.0340004
2017-08-18 12:00:00,46.5719986
2017-08-18 13:00:00,47.67100143
2017-08-18 14:00:00,49.86800003
2017-08-18 15:00:00,50.52700043
2017-08-18 16:00:00,49.64849854
2017-08-18 17:00:00,47.67100143
2017-08-18 18:00:00,45.69300079
2017-08-18 19:00:00,44.1554985
2017-08-18 20:00:00,42.8370018
2017-08-18 21:00:00,41.95800018
2017-08-18 22:00:00,41.51850128
2017-08-18 23:00:00,41.29899979
2017-08-19 00:00:00,40.63949966
2017-08-19 01:00:00,40.20000076
2017-08-19 02:00:00,39.76050186
2017-08-19 03:00:00,39.32149887
2017-08-19 04:00:00,38.88199997
2017-08-19 05:00:00,38.44250107
2017-08-19 06:00:00,38.22299957
2017-08-19 07:00:00,38.00299835
2017-08-19 08:00:00,39.54100037
2017-08-19 09:00:00,41.73799896
2017-08-19 10:00:00,43.9355011
2017-08-19 11:00:00,46.13299942
2017-08-19 12:00:00,47.67100143
2017-08-19 13:00:00,48.54999924
2017-08-19 14:00:00,49.42900085
2017-08-19 15:00:00,49.64849854
2017-08-19 16:00:00,47.67100143
2017-08-19 17:00:00,45.9129982
2017-08-19 18:00:00,43.93600082
2017-08-19 19:00:00,40.63949966
2017-08-19 20:00:00,37.34400177
2017-08-19 21:00:00,34.92649841
2017-08-19 22:00:00,34.04800034
2017-08-19 23:00:00,33.16899872
2017-08-20 00:00:00,32.06999969
2017-08-20 01:00:00,31.4109993
2017-08-20 02:00:00,29.43400002
2017-08-20 03:00:00,29.6534996
2017-08-20 04:00:00,28.77449989
2017-08-20 05:00:00,28.33499908
2017-08-20 06:00:00,28.33499908
2017-08-20 07:00:00,29.6534996
2017-08-20 08:00:00,30.53199959
2017-08-20 09:00:00,32.29000092
2017-08-20 10:00:00,34.26750183
2017-08-20 11:00:00,36.90449905
2017-08-20 12:00:00,38.00299835
2017-08-20 13:00:00,40.41949844
2017-08-20 14:00:00,41.29899979
2017-08-20 15:00:00,41.51850128
2017-08-20 16:00:00,42.39749908
2017-08-20 17:00:00,40.20000076
2017-08-20 18:00:00,39.54100037
2017-08-20 19:00:00,38.66199875
2017-08-20 20:00:00,37.56349945
2017-08-20 21:00:00,36.90399933
2017-08-20 22:00:00,36.24499893
2017-08-20 23:00:00,35.58599854
2017-08-21 00:00:00,35.14599991
2017-08-21 01:00:00,34.92649841
2017-08-21 02:00:00,34.70700073
2017-08-21 03:00:00,34.26800156
2017-08-21 04:00:00,34.04800034
2017-08-21 05:00:00,33.82799911
2017-08-21 06:00:00,33.38899994
2017-08-21 07:00:00,33.60850143
2017-08-21 08:00:00,35.36600113
2017-08-21 09:00:00,38.22249985
2017-08-21 10:00:00,40.85900116
2017-08-21 11:00:00,42.39749908
2017-08-21 12:00:00,44.59500122
2017-08-21 13:00:00,45.0340004
2017-08-21 14:00:00,47.67100143
2017-08-21 15:00:00,48.11050034
2017-08-21 16:00:00,46.5719986
2017-08-21 17:00:00,45.69300079
2017-08-21 18:00:00,44.81399918
2017-08-21 19:00:00,43.05699921
2017-08-21 20:00:00,40.63949966
2017-08-21 21:00:00,39.10200119
2017-08-21 22:00:00,38.22299957
2017-08-21 23:00:00,37.78300095
2017-08-22 00:00:00,37.78300095
2017-08-22 01:00:00,37.78300095
2017-08-22 02:00:00,37.34400177
2017-08-22 03:00:00,37.34400177
2017-08-22 04:00:00,36.90399933
2017-08-22 05:00:00,36.46500015
2017-08-22 06:00:00,36.02500153
2017-08-22 07:00:00,36.02500153
2017-08-22 08:00:00,37.34400177
2017-08-22 09:00:00,38.88199997
2017-08-22 10:00:00,41.73849869
2017-08-22 11:00:00,44.5945015
2017-08-22 12:00:00,46.35250092
2017-08-22 13:00:00,46.79199982
2017-08-22 14:00:00,48.33000183
2017-08-22 15:00:00,49.42850113
2017-08-22 16:00:00,48.76950073
2017-08-22 17:00:00,47.45100021
2017-08-22 18:00:00,45.69300079
2017-08-22 19:00:00,44.375
2017-08-22 20:00:00,43.2765007
2017-08-22 21:00:00,42.39749908
2017-08-22 22:00:00,41.73799896
2017-08-22 23:00:00,41.29899979
2017-08-23 00:00:00,40.20000076
2017-08-23 01:00:00,39.76050186
2017-08-23 02:00:00,39.32149887
2017-08-23 03:00:00,39.10150146
2017-08-23 04:00:00,38.66249847
2017-08-23 05:00:00,38.44250107
2017-08-23 06:00:00,38.44250107
2017-08-23 07:00:00,38.00299835
2017-08-23 08:00:00,39.32099915
2017-08-23 09:00:00,40.63949966
2017-08-23 10:00:00,40.25975449298263
2017-08-23 11:00:00,40.607419082114696
2017-08-23 12:00:00,40.97782237136677
2017-08-23 13:00:00,41.368770809558946
2017-08-23 14:00:00,41.77807084551132
2017-08-23 15:00:00,42.203528928043994
2017-08-23 16:00:00,42.64295150597706
2017-08-23 17:00:00,43.09414502813061
2017-08-23 18:00:00,43.55491594332475
2017-08-23 19:00:00,44.02307070037957
2017-08-23 20:00:00,44.49641574811517
2017-08-23 21:00:00,44.97275753535164
2017-08-23 22:00:00,45.44990251090908
2017-08-23 23:00:00,45.92565712360758
2017-08-24 00:00:00,46.397827822267246
2017-08-24 01:00:00,46.86422105570817
2017-08-24 02:00:00,47.32264327275045
2017-08-24 03:00:00,47.77090092221418
2017-08-24 04:00:00,48.20680045291946
2017-08-24 05:00:00,48.62814831368639
2017-08-24 06:00:00,49.032750953335054
2017-08-24 07:00:00,49.41841482068555
2017-08-24 08:00:00,49.782946364557986
2017-08-24 09:00:00,50.12415203377246
2017-08-24 10:00:00,50.43983827714906
2017-08-24 11:00:00,50.727811543507876
2017-08-24 12:00:00,50.98587828166902
2017-08-24 13:00:00,51.211844940452565
2017-08-24 14:00:00,51.40351796867863
2017-08-24 15:00:00,51.5587038151673
2017-08-24 16:00:00,51.67520892873867
2017-08-24 17:00:00,51.75083975821285
2017-08-24 18:00:00,51.78340275240992
2017-08-24 19:00:00,51.77070436015
2017-08-24 20:00:00,51.71055103025319
2017-08-24 21:00:00,51.60074921153954
2017-08-24 22:00:00,51.43910535282916
2017-08-24 23:00:00,51.22342590294218
2017-08-25 00:00:00,50.95151731069868
2017-08-25 01:00:00,50.62118602491869
2017-08-25 02:00:00,50.230238494422395
2017-08-25 03:00:00,49.776481168029875
2017-08-25 04:00:00,49.257720494561234
2017-08-25 05:00:00,48.67176292283653
2017-08-25 06:00:00,48.0164149016759
2017-08-25 07:00:00,47.289482879899374
2017-08-25 08:00:00,46.48877330632715
2017-08-25 09:00:00,45.61209262977923
2017-08-25 10:00:00,44.65724729907577
2017-08-25 11:00:00,43.62204376303677
2017-08-25 12:00:00,44.1554985
2017-08-25 13:00:00,40.20000076
2017-08-25 14:00:00,36.46450043
2017-08-25 15:00:00,37.56349945
2017-08-25 16:00:00,39.76050186
2017-08-25 17:00:00,34.70700073
2017-08-25 18:00:00,32.50999832
2017-08-25 19:00:00,32.6046194309553
2017-08-25 20:00:00,31.709266599559115
2017-08-25 21:00:00,30.90767342900844
2017-08-25 22:00:00,30.196705947541993
2017-08-25 23:00:00,29.573230183398486
2017-08-26 00:00:00,29.03411216481664
2017-08-26 01:00:00,28.576217920035162
2017-08-26 02:00:00,28.196413477292772
2017-08-26 03:00:00,27.891564864828183
2017-08-26 04:00:00,27.65853811088011
2017-08-26 05:00:00,27.494199243687255
2017-08-26 06:00:00,27.395414291488354
2017-08-26 07:00:00,27.359049282522108
2017-08-26 08:00:00,27.381970245027233
2017-08-26 09:00:00,27.461043207242437
2017-08-26 10:00:00,27.593134197406446
2017-08-26 11:00:00,27.77510924375799
2017-08-26 12:00:00,28.00383437453574
2017-08-26 13:00:00,28.276175617978456
2017-08-26 14:00:00,28.588999002324826
2017-08-26 15:00:00,28.93917055581355
2017-08-26 16:00:00,29.323556306683344
2017-08-26 17:00:00,29.739022283172968
2017-08-26 18:00:00,30.182434513521066
2017-08-26 19:00:00,30.650659025966423
2017-08-26 20:00:00,31.140561848747737
2017-08-26 21:00:00,31.649009010103686
2017-08-26 22:00:00,32.17286653827302
2017-08-26 23:00:00,32.709000461494455
2017-08-27 00:00:00,33.25427680800667
2017-08-27 01:00:00,33.8055616060484
2017-08-27 02:00:00,34.35972088385839
2017-08-27 03:00:00,34.91362066967524
2017-08-27 04:00:00,35.46412699173784
2017-08-27 05:00:00,36.00810587828478
2017-08-27 06:00:00,36.54242335755478
2017-08-27 07:00:00,37.06394545778659
2017-08-27 08:00:00,37.569538207218955
2017-08-27 09:00:00,38.05606763409058
2017-08-27 10:00:00,38.5203997666401
2017-08-27 11:00:00,38.959400633106256
2017-08-27 12:00:00,39.369936261727794
2017-08-27 13:00:00,39.74887268074352
2017-08-27 14:00:00,40.093075918392
2017-08-27 15:00:00,40.39941200291187
2017-08-27 16:00:00,40.66474696254204
2017-08-27 17:00:00,40.885946825521245
2017-08-27 18:00:00,41.05987762008803
2017-08-27 19:00:00,41.183405374481225
2017-08-27 20:00:00,41.25339611693944
2017-08-27 21:00:00,41.73799896
2017-08-27 22:00:00,41.07899857
2017-08-27 23:00:00,40.63949966
2017-08-28 00:00:00,40.20000076
2017-08-28 01:00:00,39.98049927
2017-08-28 02:00:00,39.54100037
2017-08-28 03:00:00,39.10150146
2017-08-28 04:00:00,38.88199997
2017-08-28 05:00:00,38.44250107
2017-08-28 06:00:00,38.22299957
2017-08-28 07:00:00,38.00299835
2017-08-28 08:00:00,39.54100037
2017-08-28 09:00:00,41.95800018
2017-08-28 10:00:00,45.0340004
2017-08-28 11:00:00,47.89099884
2017-08-28 12:00:00,49.42900085
2017-08-28 13:00:00,50.52750015
2017-08-28 14:00:00,52.28549957
2017-08-28 15:00:00,52.50500107
2017-08-28 16:00:00,50.74700165
2017-08-28 17:00:00,49.64799881
2017-08-28 18:00:00,48.54999924
2017-08-28 19:00:00,47.01200104
2017-08-28 20:00:00,45.4734993
2017-08-28 21:00:00,44.375
2017-08-28 22:00:00,43.49599838
2017-08-28 23:00:00,43.05699921
2017-08-29 00:00:00,42.39749908
2017-08-29 01:00:00,41.51850128
2017-08-29 02:00:00,40.63949966
2017-08-29 03:00:00,39.76050186
2017-08-29 04:00:00,39.22729541493738
2017-08-29 05:00:00,38.593319857367156
2017-08-29 06:00:00,37.991780323019654
2017-08-29 07:00:00,37.42188960435013
2017-08-29 08:00:00,36.88286049381384
2017-08-29 09:00:00,36.37390578386602
2017-08-29 10:00:00,35.89423826696194
2017-08-29 11:00:00,35.443070735556844
2017-08-29 12:00:00,35.019615982105975
2017-08-29 13:00:00,34.62308679906459
2017-08-29 14:00:00,34.25269597888794
2017-08-29 15:00:00,33.90765631403128
2017-08-29 16:00:00,33.58718059694985
2017-08-29 17:00:00,33.2904816200989
2017-08-29 18:00:00,33.016772175933696
2017-08-29 19:00:00,32.76526505690948
2017-08-29 20:00:00,32.53517305548149
2017-08-29 21:00:00,32.325708964105004
2017-08-29 22:00:00,32.136085575235256
2017-08-29 23:00:00,31.96551568132749
2017-08-30 00:00:00,31.81321207483696
2017-08-30 01:00:00,31.678387548218932
2017-08-30 02:00:00,31.560254893928644
2017-08-30 03:00:00,31.458026904421345
2017-08-30 04:00:00,31.370916372152287
2017-08-30 05:00:00,31.298136089576733
2017-08-30 06:00:00,31.238898849149912
2017-08-30 07:00:00,31.19241744332708
2017-08-30 08:00:00,31.15790466456351
2017-08-30 09:00:00,31.13457330531443
2017-08-30 10:00:00,31.121636158035095
2017-08-30 11:00:00,31.11830601518076
2017-08-30 12:00:00,31.123795669206665
2017-08-30 13:00:00,31.137317912568086
2017-08-30 14:00:00,31.158085537720254
2017-08-30 15:00:00,31.185311337118414
2017-08-30 16:00:00,31.218208103217826
2017-08-30 17:00:00,31.25598862847375
2017-08-30 18:00:00,31.297865705341454
2017-08-30 19:00:00,31.343052126276135
2017-08-30 20:00:00,31.390760683733067
2017-08-30 21:00:00,31.440204170167508
2017-08-30 22:00:00,31.4905953780347
2017-08-30 23:00:00,31.541147099789924
2017-08-31 00:00:00,31.591072127888392
2017-08-31 01:00:00,31.63958325478537
2017-08-31 02:00:00,31.68589327293613
2017-08-31 03:00:00,31.72921497479589
2017-08-31 04:00:00,31.76876115281992
2017-08-31 05:00:00,31.803744599463457
2017-08-31 06:00:00,31.85050011
2017-08-31 07:00:00,31.85050011
2017-08-31 08:00:00,31.85050011
2017-08-31 09:00:00,31.85050011
2017-08-31 10:00:00,31.85050011
2017-08-31 11:00:00,31.85050011
2017-08-31 12:00:00,31.85050011
2017-08-31 13:00:00,31.85050011
2017-08-31 14:00:00,31.85050011
2017-08-31 15:00:00,31.85050011
2017-08-31 16:00:00,31.85050011
2017-08-31 17:00:00,31.85050011
2017-08-31 18:00:00,31.85050011
2017-08-31 19:00:00,31.85050011
2017-08-31 20:00:00,31.85050011
2017-08-31 21:00:00,31.85050011
2017-08-31 22:00:00,31.85050011
2017-08-31 23:00:00,31.85050011
2017-09-01 00:00:00,26.35700035
2017-09-01 01:00:00,25.25900078
2017-09-01 02:00:00,24.81949997
2017-09-01 03:00:00,24.37999916
2017-09-01 04:00:00,24.37999916
2017-09-01 05:00:00,24.37999916
2017-09-01 06:00:00,25.25900078
2017-09-01 07:00:00,25.91799927
2017-09-01 08:00:00,27.23600006
2017-09-01 09:00:00,28.55500031
2017-09-01 10:00:00,30.31200027
2017-09-01 11:00:00,32.29000092
2017-09-01 12:00:00,34.48699951
2017-09-01 13:00:00,37.56349945
2017-09-01 14:00:00,40.20000076
2017-09-01 15:00:00,40.63949966
2017-09-01 16:00:00,39.54100037
2017-09-01 17:00:00,39.10200119
2017-09-01 18:00:00,37.78300095
2017-09-01 19:00:00,36.90399933
2017-09-01 20:00:00,36.02500153
2017-09-01 21:00:00,35.14599991
2017-09-01 22:00:00,34.26800156
2017-09-01 23:00:00,33.82799911
2017-09-02 00:00:00,32.94900131
2017-09-02 01:00:00,32.50999832
2017-09-02 02:00:00,32.032900078617544
2017-09-02 03:00:00,31.524837700978516
2017-09-02 04:00:00,31.03735198434946
2017-09-02 05:00:00,30.57032118051535
2017-09-02 06:00:00,30.123623541261157
2017-09-02 07:00:00,29.69713731837185
2017-09-02 08:00:00,29.290740763632407
2017-09-02 09:00:00,28.904312128827794
2017-09-02 10:00:00,28.537729665742987
2017-09-02 11:00:00,28.19087162616296
2017-09-02 12:00:00,27.863616261872682
2017-09-02 13:00:00,27.55584182465713
2017-09-02 14:00:00,27.26742656630127
2017-09-02 15:00:00,26.998248738590085
2017-09-02 16:00:00,26.748186593308542
2017-09-02 17:00:00,26.517118382241613
2017-09-02 18:00:00,26.304922357174263
2017-09-02 19:00:00,26.111476769891475
2017-09-02 20:00:00,25.936659872178218
2017-09-02 21:00:00,25.780349915819464
2017-09-02 22:00:00,25.64242515260019
2017-09-02 23:00:00,25.522763834305362
2017-09-03 00:00:00,25.42124421271995
2017-09-03 01:00:00,25.337744539628936
2017-09-03 02:00:00,25.272143066817286
2017-09-03 03:00:00,25.22431804606998
2017-09-03 04:00:00,25.194147729171984
2017-09-03 05:00:00,25.181510367908267
2017-09-03 06:00:00,25.186284214063807
2017-09-03 07:00:00,25.208347519423576
2017-09-03 08:00:00,25.24757853577254
2017-09-03 09:00:00,25.303855514895687
2017-09-03 10:00:00,25.377056708577967
2017-09-03 11:00:00,25.46706036860438
2017-09-03 12:00:00,25.573744746759886
2017-09-03 13:00:00,25.69698809482944
2017-09-03 14:00:00,25.83666866459803
2017-09-03 15:00:00,25.99266470785065
2017-09-03 16:00:00,26.164854476372227
2017-09-03 17:00:00,26.353116221947776
2017-09-03 18:00:00,26.557328196362263
2017-09-03 19:00:00,26.77736865140064
2017-09-03 20:00:00,27.0131158388479
2017-09-03 21:00:00,27.26444801048896
2017-09-03 22:00:00,27.531243418108858
2017-09-03 23:00:00,27.813380313492566
2017-09-04 00:00:00,28.110736948425007
2017-09-04 01:00:00,28.42319157469118
2017-09-04 02:00:00,28.750622444076072
2017-09-04 03:00:00,29.092907808364636
2017-09-04 04:00:00,29.6534996
2017-09-04 05:00:00,29.87299919
2017-09-04 06:00:00,30.31200027
2017-09-04 07:00:00,29.43400002
2017-09-04 08:00:00,29.6534996
2017-09-04 09:00:00,30.75200081
2017-09-04 10:00:00,32.94900131
2017-09-04 11:00:00,34.04800034
2017-09-04 12:00:00,35.14599991
2017-09-04 13:00:00,35.80550003
2017-09-04 14:00:00,36.02500153
2017-09-04 15:00:00,35.80550003
2017-09-04 16:00:00,36.46450043
2017-09-04 17:00:00,36.46450043
2017-09-04 18:00:00,36.24499893
2017-09-04 19:00:00,35.58599854
2017-09-04 20:00:00,34.70700073
2017-09-04 21:00:00,34.26800156
2017-09-04 22:00:00,33.82799911
2017-09-04 23:00:00,33.60850143
2017-09-05 00:00:00,33.16899872
2017-09-05 01:00:00,32.94900131
2017-09-05 02:00:00,32.72949982
2017-09-05 03:00:00,32.50999832
2017-09-05 04:00:00,32.50999832
2017-09-05 05:00:00,32.06999969
2017-09-05 06:00:00,32.06999969
2017-09-05 07:00:00,32.06999969
2017-09-05 08:00:00,32.50999832
2017-09-05 09:00:00,33.16899872
2017-09-05 10:00:00,34.48749924
2017-09-05 11:00:00,35.80550003
2017-09-05 12:00:00,38.00299835
2017-09-05 13:00:00,39.54100037
2017-09-05 14:00:00,39.76050186
2017-09-05 15:00:00,40.41949844
2017-09-05 16:00:00,40.41949844
2017-09-05 17:00:00,39.54100037
2017-09-05 18:00:00,38.22299957
2017-09-05 19:00:00,37.56349945
2017-09-05 20:00:00,36.90399933
2017-09-05 21:00:00,36.46500015
2017-09-05 22:00:00,36.02500153
2017-09-05 23:00:00,36.02500153
2017-09-06 00:00:00,35.80550003
2017-09-06 01:00:00,35.58599854
2017-09-06 02:00:00,34.92649841
2017-09-06 03:00:00,34.26800156
2017-09-06 04:00:00,34.26800156
2017-09-06 05:00:00,33.82799911
2017-09-06 06:00:00,33.82799911
2017-09-06 07:00:00,33.82799911
2017-09-06 08:00:00,33.82799911
2017-09-06 09:00:00,34.48749924
2017-09-06 10:00:00,34.19740576456154
2017-09-06 11:00:00,34.252555618518045
2017-09-06 12:00:00,34.32404849993046
2017-09-06 13:00:00,34.411119783133216
2017-09-06 14:00:00,34.51300484246074
2017-09-06 15:00:00,34.62893905224747
2017-09-06 16:00:00,34.75815778682783
2017-09-06 17:00:00,34.89989642053625
2017-09-06 18:00:00,35.05339032770717
2017-09-06 19:00:00,35.21787488267501
2017-09-06 20:00:00,35.39258545977421
2017-09-06 21:00:00,35.576757433339196
2017-09-06 22:00:00,35.7696261777044
2017-09-06 23:00:00,35.970427067204255
2017-09-07 00:00:00,36.17839547617319
2017-09-07 01:00:00,36.39276677894564
2017-09-07 02:00:00,36.61277634985603
2017-09-07 03:00:00,36.83765956323879
2017-09-07 04:00:00,37.06665179342835
2017-09-07 05:00:00,37.29898841475915
2017-09-07 06:00:00,37.53390480156562
2017-09-07 07:00:00,37.770636328182185
2017-09-07 08:00:00,38.00841836894328
2017-09-07 09:00:00,38.24648629818334
2017-09-07 10:00:00,38.48407549023679
2017-09-07 11:00:00,38.72042131943806
2017-09-07 12:00:00,38.95475916012158
2017-09-07 13:00:00,39.18632438662179
2017-09-07 14:00:00,39.41435237327311
2017-09-07 15:00:00,39.63807849440998
2017-09-07 16:00:00,39.85673812436682
2017-09-07 17:00:00,40.069566637478076
2017-09-07 18:00:00,40.27579940807817
2017-09-07 19:00:00,40.47467181050153
2017-09-07 20:00:00,40.66541921908261
2017-09-07 21:00:00,40.8472770081558
2017-09-07 22:00:00,41.01948055205555
2017-09-07 23:00:00,41.181265225116306
2017-09-08 00:00:00,41.331866401672485
2017-09-08 01:00:00,41.470519456058504
2017-09-08 02:00:00,41.596459762608816
2017-09-08 03:00:00,41.708922695657854
2017-09-08 04:00:00,41.80714362954005
2017-09-08 05:00:00,41.89035793858981
2017-09-08 06:00:00,41.95780099714159
2017-09-08 07:00:00,42.008708179529805
2017-09-08 08:00:00,42.04231486008891
2017-09-08 09:00:00,42.0578564131533
2017-09-08 10:00:00,42.05456821305744
2017-09-08 11:00:00,42.03168563413573
2017-09-08 12:00:00,40.85900116
2017-09-08 13:00:00,43.05649948
2017-09-08 14:00:00,42.8370018
2017-09-08 15:00:00,43.05649948
2017-09-08 16:00:00,42.61750031
2017-09-08 17:00:00,41.51850128
2017-09-08 18:00:00,40.20000076
2017-09-08 19:00:00,38.88199997
2017-09-08 20:00:00,38.22299957
2017-09-08 21:00:00,37.12400055
2017-09-08 22:00:00,36.46450043
2017-09-08 23:00:00,36.24499893
2017-09-09 00:00:00,36.02500153
2017-09-09 01:00:00,35.58599854
2017-09-09 02:00:00,35.36600113
2017-09-09 03:00:00,35.14599991
2017-09-09 04:00:00,34.70700073
2017-09-09 05:00:00,34.04800034
2017-09-09 06:00:00,34.04800034
2017-09-09 07:00:00,34.26800156
2017-09-09 08:00:00,35.14599991
2017-09-09 09:00:00,36.46500015
2017-09-09 10:00:00,36.90399933
2017-09-09 11:00:00,37.56349945
2017-09-09 12:00:00,38.22299957
2017-09-09 13:00:00,39.76050186
2017-09-09 14:00:00,41.95800018
2017-09-09 15:00:00,42.17750168
2017-09-09 16:00:00,41.51850128
2017-09-09 17:00:00,40.20000076
2017-09-09 18:00:00,38.88199997
2017-09-09 19:00:00,37.34400177
2017-09-09 20:00:00,36.90399933
2017-09-09 21:00:00,36.46500015
2017-09-09 22:00:00,36.46500015
2017-09-09 23:00:00,36.02500153
2017-09-10 00:00:00,35.58599854
2017-09-10 01:00:00,35.58599854
2017-09-10 02:00:00,35.36600113
2017-09-10 03:00:00,35.14599991
2017-09-10 04:00:00,34.70700073
2017-09-10 05:00:00,34.70700073
2017-09-10 06:00:00,34.70700073
2017-09-10 07:00:00,34.70700073
2017-09-10 08:00:00,35.14599991
2017-09-10 09:00:00,36.02500153
2017-09-10 10:00:00,36.90399933
2017-09-10 11:00:00,37.56349945
2017-09-10 12:00:00,36.90399933
2017-09-10 13:00:00,41.29899979
2017-09-10 14:00:00,42.61750031
2017-09-10 15:00:00,43.7159996
2017-09-10 16:00:00,41.73849869
2017-09-10 17:00:00,43.38661145324061
2017-09-10 18:00:00,43.99508115966083
2017-09-10 19:00:00,44.56982640851683
2017-09-10 20:00:00,45.11108366470128
2017-09-10 21:00:00,45.61908939310685
2017-09-10 22:00:00,46.094080058626176
2017-09-10 23:00:00,46.536292126151935
2017-09-11 00:00:00,46.945962060576775
2017-09-11 01:00:00,47.323326326793364
2017-09-11 02:00:00,47.66862138969436
2017-09-11 03:00:00,47.982083714172425
2017-09-11 04:00:00,48.263949765120216
2017-09-11 05:00:00,48.5144560074304
2017-09-11 06:00:00,48.733838905995626
2017-09-11 07:00:00,48.92233492570856
2017-09-11 08:00:00,49.08018053146186
2017-09-11 09:00:00,49.20761218814819
2017-09-11 10:00:00,49.3048663606602
2017-09-11 11:00:00,49.37217951389057
2017-09-11 12:00:00,49.40978811273193
2017-09-11 13:00:00,49.417928622076964
2017-09-11 14:00:00,49.39683750681832
2017-09-11 15:00:00,49.34675123184868
2017-09-11 16:00:00,49.267906262060656
2017-09-11 17:00:00,49.160539062346956
2017-09-11 18:00:00,49.024886097600216
2017-09-11 19:00:00,48.8611838327131
2017-09-11 20:00:00,48.66966873257827
2017-09-11 21:00:00,48.4505772620884
2017-09-11 22:00:00,48.204145886136125
2017-09-11 23:00:00,47.93061106961412
2017-09-12 00:00:00,47.630209277415034
2017-09-12 01:00:00,47.30317697443154
2017-09-12 02:00:00,46.94975062555629
2017-09-12 03:00:00,46.57016669568194
2017-09-12 04:00:00,46.164661649701166
2017-09-12 05:00:00,45.73347195250663
2017-09-12 06:00:00,45.276834068990965
2017-09-12 07:00:00,44.794984464046834
2017-09-12 08:00:00,44.28815960256691
2017-09-12 09:00:00,43.75659594944384
2017-09-12 10:00:00,43.2005299695703
2017-09-12 11:00:00,42.62019812783892
2017-09-12 12:00:00,42.01583688914241
2017-09-12 13:00:00,41.3876827183734
2017-09-12 14:00:00,40.735972080424524
2017-09-12 15:00:00,40.060941440188486
2017-09-12 16:00:00,39.36282726255794
2017-09-12 17:00:00,38.64186601242553
2017-09-12 18:00:00,37.89829415468392
2017-09-12 19:00:00,37.78300095
2017-09-12 20:00:00,36.02500153
2017-09-12 21:00:00,34.70700073
2017-09-12 22:00:00,33.82799911
2017-09-12 23:00:00,32.94900131
2017-09-13 00:00:00,32.50999832
2017-09-13 01:00:00,31.85050011
2017-09-13 02:00:00,31.63100052
2017-09-13 03:00:00,31.19099998
2017-09-13 04:00:00,30.53199959
2017-09-13 05:00:00,29.87299919
2017-09-13 06:00:00,29.43400002
2017-09-13 07:00:00,29.43400002
2017-09-13 08:00:00,30.53199959
2017-09-13 09:00:00,32.29000092
2017-09-13 10:00:00,35.14599991
2017-09-13 11:00:00,38.00299835
2017-09-13 12:00:00,39.98049927
2017-09-13 13:00:00,41.51850128
2017-09-13 14:00:00,41.95800018
2017-09-13 15:00:00,41.95800018
2017-09-13 16:00:00,41.29850006
2017-09-13 17:00:00,40.41949844
2017-09-13 18:00:00,39.32149887
2017-09-13 19:00:00,37.56349945
2017-09-13 20:00:00,36.24499893
2017-09-13 21:00:00,35.14599991
2017-09-13 22:00:00,33.82799911
2017-09-13 23:00:00,33.16899872
2017-09-14 00:00:00,32.62824551981592
2017-09-14 01:00:00,31.93812993509613
2017-09-14 02:00:00,31.287590090684755
2017-09-14 03:00:00,30.675744166791848
2017-09-14 04:00:00,30.101710343627452
2017-09-14 05:00:00,29.564606801401617
2017-09-14 06:00:00,29.06355172032438
2017-09-14 07:00:00,28.5976632806058
2017-09-14 08:00:00,28.16605966245592
2017-09-14 09:00:00,27.767859046084777
2017-09-14 10:00:00,27.402179611702426
2017-09-14 11:00:00,27.06813953951891
2017-09-14 12:00:00,26.764857009744276
2017-09-14 13:00:00,26.491450202588567
2017-09-14 14:00:00,26.24703729826183
2017-09-14 15:00:00,26.030736476974113
2017-09-14 16:00:00,25.841665918935465
2017-09-14 17:00:00,25.67894380435594
2017-09-14 18:00:00,25.541688313445565
2017-09-14 19:00:00,25.429017626414392
2017-09-14 20:00:00,25.34004992347247
2017-09-14 21:00:00,25.273903384829833
2017-09-14 22:00:00,25.22969619069654
2017-09-14 23:00:00,25.20654652128264
2017-09-15 00:00:00,25.20357255679817
2017-09-15 01:00:00,25.219892477453186
2017-09-15 02:00:00,25.25462446345773
2017-09-15 03:00:00,25.30688669502186
2017-09-15 04:00:00,25.37579735235559
2017-09-15 05:00:00,25.460474615669
2017-09-15 06:00:00,25.560036665172113
2017-09-15 07:00:00,25.67360168107499
2017-09-15 08:00:00,25.800287843587668
2017-09-15 09:00:00,25.9392133329202
2017-09-15 10:00:00,26.08949632928262
2017-09-15 11:00:00,26.250255012885017
2017-09-15 12:00:00,26.420607563937388
2017-09-15 13:00:00,26.599672162649757
2017-09-15 14:00:00,26.78656698923224
2017-09-15 15:00:00,26.98041022389481
2017-09-15 16:00:00,27.18032004684759
2017-09-15 17:00:00,27.385414638300574
2017-09-15 18:00:00,27.59481217846383
2017-09-15 19:00:00,27.80763084754738
2017-09-15 20:00:00,28.022988825761324
2017-09-15 21:00:00,28.24000429331567
2017-09-15 22:00:00,28.457795430420443
2017-09-15 23:00:00,28.675480417285698
2017-09-16 00:00:00,28.89217743412153
2017-09-16 01:00:00,29.10700466113797
2017-09-16 02:00:00,30.31200027
2017-09-16 03:00:00,29.43400002
2017-09-16 04:00:00,28.55500031
2017-09-16 05:00:00,28.11499977
2017-09-16 06:00:00,27.45599937
2017-09-16 07:00:00,27.23600006
2017-09-16 08:00:00,29.43400002
2017-09-16 09:00:00,31.63100052
2017-09-16 10:00:00,36.02550125
2017-09-16 11:00:00,38.66199875
2017-09-16 12:00:00,41.51850128
2017-09-16 13:00:00,42.61700058
2017-09-16 14:00:00,43.49649811
2017-09-16 15:00:00,43.2765007
2017-09-16 16:00:00,41.51850128
2017-09-16 17:00:00,40.20000076
2017-09-16 18:00:00,38.66199875
2017-09-16 19:00:00,36.24499893
2017-09-16 20:00:00,34.26800156
2017-09-16 21:00:00,32.94900131
2017-09-16 22:00:00,32.06999969
2017-09-16 23:00:00,31.19099998
2017-09-17 00:00:00,30.75200081
2017-09-17 01:00:00,30.09250069
2017-09-17 02:00:00,29.43400002
2017-09-17 03:00:00,28.99399948
2017-09-17 04:00:00,28.99399948
2017-09-17 05:00:00,28.99399948
2017-09-17 06:00:00,28.77449989
2017-09-17 07:00:00,28.77449989
2017-09-17 08:00:00,30.31200027
2017-09-17 09:00:00,32.29000092
2017-09-17 10:00:00,36.24499893
2017-09-17 11:00:00,39.76050186
2017-09-17 12:00:00,42.39749908
2017-09-17 13:00:00,43.9355011
2017-09-17 14:00:00,45.69350052
2017-09-17 15:00:00,46.79199982
2017-09-17 16:00:00,45.4734993
2017-09-17 17:00:00,43.7159996
2017-09-17 18:00:00,41.29899979
2017-09-17 19:00:00,38.22299957
2017-09-17 20:00:00,36.46500015
2017-09-17 21:00:00,34.70700073
2017-09-17 22:00:00,33.82799911
2017-09-17 23:00:00,32.94900131
2017-09-18 00:00:00,32.06999969
2017-09-18 01:00:00,31.19099998
2017-09-18 02:00:00,30.75200081
2017-09-18 03:00:00,29.87299919
2017-09-18 04:00:00,29.43400002
2017-09-18 05:00:00,28.99399948
2017-09-18 06:00:00,28.55500031
2017-09-18 07:00:00,28.55500031
2017-09-18 08:00:00,30.09250069
2017-09-18 09:00:00,32.50999832
2017-09-18 10:00:00,36.46450043
2017-09-18 11:00:00,39.54100037
2017-09-18 12:00:00,41.73849869
2017-09-18 13:00:00,43.05649948
2017-09-18 14:00:00,44.8144989
2017-09-18 15:00:00,45.69350052
2017-09-18 16:00:00,44.5945015
2017-09-18 17:00:00,43.05699921
2017-09-18 18:00:00,41.07899857
2017-09-18 19:00:00,38.66199875
2017-09-18 20:00:00,36.90399933
2017-09-18 21:00:00,35.58599854
2017-09-18 22:00:00,34.92649841
2017-09-18 23:00:00,34.26800156
2017-09-19 00:00:00,34.26800156
2017-09-19 01:00:00,33.82799911
2017-09-19 02:00:00,33.38899994
2017-09-19 03:00:00,33.38899994
2017-09-19 04:00:00,32.94900131
2017-09-19 05:00:00,32.94900131
2017-09-19 06:00:00,32.29000092
2017-09-19 07:00:00,31.19099998
2017-09-19 08:00:00,32.06999969
2017-09-19 09:00:00,32.94900131
2017-09-19 10:00:00,34.26800156
2017-09-19 11:00:00,34.48749924
2017-09-19 12:00:00,35.36600113
2017-09-19 13:00:00,35.80550003
2017-09-19 14:00:00,36.24499893
2017-09-19 15:00:00,36.24499893
2017-09-19 16:00:00,35.14649963
2017-09-19 17:00:00,34.70700073
2017-09-19 18:00:00,32.94900131
2017-09-19 19:00:00,31.4109993
2017-09-19 20:00:00,30.9715004
2017-09-19 21:00:00,31.19149971
2017-09-19 22:00:00,31.4109993
2017-09-19 23:00:00,31.85050011
2017-09-20 00:00:00,31.85050011
2017-09-20 01:00:00,31.19099998
2017-09-20 02:00:00,30.9715004
2017-09-20 03:00:00,28.99449921
2017-09-20 04:00:00,27.89550018
2017-09-20 05:00:00,28.11499977
2017-09-20 06:00:00,28.33499908
2017-09-20 07:00:00,28.55450058
2017-09-20 08:00:00,29.2140007
2017-09-20 09:00:00,29.6534996
2017-09-20 10:00:00,29.87299919
2017-09-20 11:00:00,28.33499908
2017-09-20 12:00:00,28.11499977
2017-09-20 13:00:00,27.6760006
2017-09-20 14:00:00,28.33499908
2017-09-20 15:00:00,28.77449989
2017-09-20 16:00:00,29.6534996
2017-09-20 17:00:00,30.09250069
2017-09-20 18:00:00,30.09250069
2017-09-20 19:00:00,30.09250069
2017-09-20 20:00:00,30.09250069
2017-09-20 21:00:00,29.87299919
2017-09-20 22:00:00,29.87299919
2017-09-20 23:00:00,29.43400002
2017-09-21 00:00:00,28.99399948
2017-09-21 01:00:00,28.99399948
2017-09-21 02:00:00,28.55500031
2017-09-21 03:00:00,28.55500031
2017-09-21 04:00:00,28.55500031
2017-09-21 05:00:00,28.55500031
2017-09-21 06:00:00,28.55500031
2017-09-21 07:00:00,28.55500031
2017-09-21 08:00:00,28.99399948
2017-09-21 09:00:00,30.09250069
2017-09-21 10:00:00,31.63100052
2017-09-21 11:00:00,32.07049942
2017-09-21 12:00:00,31.85050011
2017-09-21 13:00:00,33.38899994
2017-09-21 14:00:00,33.16899872
2017-09-21 15:00:00,33.16899872
2017-09-21 16:00:00,33.16899872
2017-09-21 17:00:00,31.85050011
2017-09-21 18:00:00,29.87299919
2017-09-21 19:00:00,29.2140007
2017-09-21 20:00:00,29.2140007
2017-09-21 21:00:00,29.2140007
2017-09-21 22:00:00,28.99449921
2017-09-21 23:00:00,28.99449921
2017-09-22 00:00:00,29.43400002
2017-09-22 01:00:00,29.87299919
2017-09-22 02:00:00,29.87299919
2017-09-22 03:00:00,29.87299919
2017-09-22 04:00:00,29.43400002
2017-09-22 05:00:00,29.43400002
2017-09-22 06:00:00,29.43400002
2017-09-22 07:00:00,29.43400002
2017-09-22 08:00:00,29.87299919
2017-09-22 09:00:00,30.53199959
2017-09-22 10:00:00,31.19099998
2017-09-22 11:00:00,32.06999969
2017-09-22 12:00:00,32.94900131
2017-09-22 13:00:00,33.82799911
2017-09-22 14:00:00,34.04800034
2017-09-22 15:00:00,34.48749924
2017-09-22 16:00:00,34.48749924
2017-09-22 17:00:00,34.48749924
2017-09-22 18:00:00,33.82799911
2017-09-22 19:00:00,33.16899872
2017-09-22 20:00:00,32.50999832
2017-09-22 21:00:00,32.06999969
2017-09-22 22:00:00,31.85050011
2017-09-22 23:00:00,31.63100052
2017-09-23 00:00:00,31.19099998
2017-09-23 01:00:00,30.75200081
2017-09-23 02:00:00,30.09250069
2017-09-23 03:00:00,29.43400002
2017-09-23 04:00:00,28.99399948
2017-09-23 05:00:00,28.99399948
2017-09-23 06:00:00,28.11499977
2017-09-23 07:00:00,27.6760006
2017-09-23 08:00:00,26.79649925
2017-09-23 09:00:00,26.79700089
2017-09-23 10:00:00,27.45599937
2017-09-23 11:00:00,26.79649925
2017-09-23 12:00:00,27.23649979
2017-09-23 13:00:00,27.67550087
2017-09-23 14:00:00,29.2140007
2017-09-23 15:00:00,29.2140007
2017-09-23 16:00:00,29.2140007
2017-09-23 17:00:00,29.6534996
2017-09-23 18:00:00,29.6534996
2017-09-23 19:00:00,29.43400002
2017-09-23 20:00:00,29.43400002
2017-09-23 21:00:00,29.43400002
2017-09-23 22:00:00,27.6760006
2017-09-23 23:00:00,27.01650047
2017-09-24 00:00:00,26.79700089
2017-09-24 01:00:00,25.91799927
2017-09-24 02:00:00,24.81949997
2017-09-24 03:00:00,24.59950066
2017-09-24 04:00:00,23.94050026
2017-09-24 05:00:00,24.15999985
2017-09-24 06:00:00,25.03899956
2017-09-24 07:00:00,25.69849968
2017-09-24 08:00:00,26.13750076
2017-09-24 09:00:00,26.13750076
2017-09-24 10:00:00,26.35700035
2017-09-24 11:00:00,27.01650047
2017-09-24 12:00:00,27.23600006
2017-09-24 13:00:00,27.89550018
2017-09-24 14:00:00,27.89550018
2017-09-24 15:00:00,27.6760006
2017-09-24 16:00:00,27.89550018
2017-09-24 17:00:00,28.55500031
2017-09-24 18:00:00,28.55500031
2017-09-24 19:00:00,28.77449989
2017-09-24 20:00:00,29.2140007
2017-09-24 21:00:00,29.6534996
2017-09-24 22:00:00,30.09250069
2017-09-24 23:00:00,30.31200027
2017-09-25 00:00:00,30.31200027
2017-09-25 01:00:00,30.31200027
2017-09-25 02:00:00,30.31200027
2017-09-25 03:00:00,30.75200081
2017-09-25 04:00:00,30.75200081
2017-09-25 05:00:00,30.75200081
2017-09-25 06:00:00,29.6534996
2017-09-25 07:00:00,30.31200027
2017-09-25 08:00:00,30.75200081
2017-09-25 09:00:00,31.19099998
2017-09-25 10:00:00,30.3125
2017-09-25 11:00:00,31.19149971
2017-09-25 12:00:00,32.07049942
2017-09-25 13:00:00,33.60850143
2017-09-25 14:00:00,34.26800156
2017-09-25 15:00:00,34.26800156
2017-09-25 16:00:00,32.94900131
2017-09-25 17:00:00,33.38850021
2017-09-25 18:00:00,33.38850021
2017-09-25 19:00:00,33.60850143
2017-09-25 20:00:00,33.82799911
2017-09-25 21:00:00,33.82799911
2017-09-25 22:00:00,32.72949982
2017-09-25 23:00:00,32.72949982
2017-09-26 00:00:00,33.16899872
2017-09-26 01:00:00,33.38899994
2017-09-26 02:00:00,33.01424174464561
2017-09-26 03:00:00,32.86417399985082
2017-09-26 04:00:00,32.69227997545997
2017-09-26 05:00:00,32.49989069701027
2017-09-26 06:00:00,32.28833719003894
2017-09-26 07:00:00,32.058950480083176
2017-09-26 08:00:00,31.813061592680203
2017-09-26 09:00:00,31.55200155336723
2017-09-26 10:00:00,31.277101387681473
2017-09-26 11:00:00,30.98969212116014
2017-09-26 12:00:00,30.691104779340446
2017-09-26 13:00:00,30.3826703877596
2017-09-26 14:00:00,30.06571997195482
2017-09-26 15:00:00,29.741584557463316
2017-09-26 16:00:00,29.411595169822295
2017-09-26 17:00:00,29.077082834568976
2017-09-26 18:00:00,28.739378577240572
2017-09-26 19:00:00,28.39981342337429
2017-09-26 20:00:00,28.05971839850735
2017-09-26 21:00:00,27.72042452817695
2017-09-26 22:00:00,27.383262837920313
2017-09-26 23:00:00,27.049564353274654
2017-09-27 00:00:00,26.720660099777177
2017-09-27 01:00:00,26.397881102965094
2017-09-27 02:00:00,26.082558388375624
2017-09-27 03:00:00,25.776022981545978
2017-09-27 04:00:00,25.479605908013365
2017-09-27 05:00:00,25.194638193315
2017-09-27 06:00:00,24.9224508629881
2017-09-27 07:00:00,24.664374942569868
2017-09-27 08:00:00,24.421741457597527
2017-09-27 09:00:00,24.195881433608278
2017-09-27 10:00:00,23.988125896139337
2017-09-27 11:00:00,23.799805870727916
2017-09-27 12:00:00,23.632252382911215
2017-09-27 13:00:00,23.48679645822648
2017-09-27 14:00:00,23.36476912221091
2017-09-27 15:00:00,23.26750140040169
2017-09-27 16:00:00,23.19632431833606
2017-09-27 17:00:00,23.15256890155125
2017-09-27 18:00:00,23.137566175584436
2017-09-27 19:00:00,23.152647165972837
2017-09-27 20:00:00,23.199142898253655
2017-09-27 21:00:00,23.27838439796414
2017-09-27 22:00:00,23.39170269064146
2017-09-27 23:00:00,23.540428801822877
2017-09-28 00:00:00,23.725893757045547
2017-09-28 01:00:00,23.949428581846732
2017-09-28 02:00:00,24.21236430176361
2017-09-28 03:00:00,24.51603194233345
2017-09-28 04:00:00,25.25900078
2017-09-28 05:00:00,25.25900078
2017-09-28 06:00:00,25.47900009
2017-09-28 07:00:00,25.03899956
2017-09-28 08:00:00,24.81949997
2017-09-28 09:00:00,26.13750076
2017-09-28 10:00:00,27.45599937
2017-09-28 11:00:00,28.77449989
2017-09-28 12:00:00,32.29000092
2017-09-28 13:00:00,36.02550125
2017-09-28 14:00:00,38.88199997
2017-09-28 15:00:00,40.63949966
2017-09-28 16:00:00,39.32099915
2017-09-28 17:00:00,37.78350067
2017-09-28 18:00:00,34.92649841
2017-09-28 19:00:00,32.06999969
2017-09-28 20:00:00,30.31200027
2017-09-28 21:00:00,28.55500031
2017-09-28 22:00:00,27.89550018
2017-09-28 23:00:00,27.23600006
2017-09-29 00:00:00,26.310513157208227
2017-09-29 01:00:00,25.45259840416056
2017-09-29 02:00:00,24.647194532888562
2017-09-29 03:00:00,23.89333686837961
2017-09-29 04:00:00,23.19006073562107
2017-09-29 05:00:00,22.536401459600317
2017-09-29 06:00:00,21.93139436530472
2017-09-29 07:00:00,21.374074777721653
2017-09-29 08:00:00,20.86347802183849
2017-09-29 09:00:00,20.398639422642603
2017-09-29 10:00:00,19.978594305121366
2017-09-29 11:00:00,19.602377994262145
2017-09-29 12:00:00,19.269025815052323
2017-09-29 13:00:00,18.977573092479265
2017-09-29 14:00:00,18.72705515153035
2017-09-29 15:00:00,18.51650731719294
2017-09-29 16:00:00,18.344964914454415
2017-09-29 17:00:00,18.21146326830216
2017-09-29 18:00:00,18.115037703723534
2017-09-29 19:00:00,18.05472354570591
2017-09-29 20:00:00,18.02955611923666
2017-09-29 21:00:00,18.038570749303155
2017-09-29 22:00:00,18.080802760892755
2017-09-29 23:00:00,18.155287478992857
2017-09-30 00:00:00,18.26106022859083
2017-09-30 01:00:00,18.397156334674033
2017-09-30 02:00:00,18.562611122229836
2017-09-30 03:00:00,18.756459916245625
2017-09-30 04:00:00,18.977738041708758
2017-09-30 05:00:00,19.225480823606627
2017-09-30 06:00:00,19.498723586926587
2017-09-30 07:00:00,19.796501656656055
2017-09-30 08:00:00,20.117850357782363
2017-09-30 09:00:00,20.46180501529287
2017-09-30 10:00:00,20.82740095417496
2017-09-30 11:00:00,21.213673499416014
2017-09-30 12:00:00,21.619657976003385
2017-09-30 13:00:00,22.04438970892448
2017-09-30 14:00:00,22.486904023166648
2017-09-30 15:00:00,22.946236243717305
2017-09-30 16:00:00,23.421421695563755
2017-09-30 17:00:00,23.911495703693443
2017-09-30 18:00:00,24.41549359309366
2017-09-30 19:00:00,24.932450688751825
2017-09-30 20:00:00,25.461402315655338
2017-09-30 21:00:00,26.001383798791547
2017-09-30 22:00:00,26.5514304631478
2017-09-30 23:00:00,27.110577633711518
2017-10-01 00:00:00,27.677860635470058
2017-10-01 01:00:00,28.2523147934107
2017-10-01 02:00:00,29.2140007
2017-10-01 03:00:00,29.43400002
2017-10-01 04:00:00,29.6534996
2017-10-01 05:00:00,29.87299919
2017-10-01 06:00:00,29.87299919
2017-10-01 07:00:00,30.31200027
2017-10-01 08:00:00,31.19099998
2017-10-01 09:00:00,32.94900131
2017-10-01 10:00:00,35.80550003
2017-10-01 11:00:00,38.66249847
2017-10-01 12:00:00,41.07899857
2017-10-01 13:00:00,42.8370018
2017-10-01 14:00:00,43.05699921
2017-10-01 15:00:00,41.73799896
2017-10-01 16:00:00,40.63949966
2017-10-01 17:00:00,39.54100037
2017-10-01 18:00:00,38.22299957
2017-10-01 19:00:00,37.12400055
2017-10-01 20:00:00,36.24499893
2017-10-01 21:00:00,35.36600113
2017-10-01 22:00:00,34.48749924
2017-10-01 23:00:00,32.94900131
2017-10-02 00:00:00,32.94950104
2017-10-02 01:00:00,32.94950104
2017-10-02 02:00:00,32.06999969
2017-10-02 03:00:00,32.06999969
2017-10-02 04:00:00,30.75200081
2017-10-02 05:00:00,29.6534996
2017-10-02 06:00:00,28.99399948
2017-10-02 07:00:00,28.55500031
2017-10-02 08:00:00,28.11499977
2017-10-02 09:00:00,27.6760006
2017-10-02 10:00:00,27.45599937
2017-10-02 11:00:00,27.23600006
2017-10-02 12:00:00,27.45599937
2017-10-02 13:00:00,27.6760006
2017-10-02 14:00:00,27.89550018
2017-10-02 15:00:00,28.33499908
2017-10-02 16:00:00,28.11499977
2017-10-02 17:00:00,28.55500031
2017-10-02 18:00:00,28.33499908
2017-10-02 19:00:00,28.507489894145497
2017-10-02 20:00:00,28.61156406831357
2017-10-02 21:00:00,28.719701334807976
2017-10-02 22:00:00,28.831179064778638
2017-10-02 23:00:00,28.945274629375486
2017-10-03 00:00:00,29.061265399748443
2017-10-03 01:00:00,29.178428747047434
2017-10-03 02:00:00,29.296042042422386
2017-10-03 03:00:00,29.41338265702322
2017-10-03 04:00:00,29.529727961999868
2017-10-03 05:00:00,29.64435532850225
2017-10-03 06:00:00,29.756542127680298
2017-10-03 07:00:00,29.865565730683933
2017-10-03 08:00:00,29.97070350866308
2017-10-03 09:00:00,30.07123283276767
2017-10-03 10:00:00,30.16643107414762
2017-10-03 11:00:00,30.255575603952863
2017-10-03 12:00:00,30.337943793333324
2017-10-03 13:00:00,30.412813013438925
2017-10-03 14:00:00,30.479460635419592
2017-10-03 15:00:00,30.537164030425252
2017-10-03 16:00:00,30.58520056960583
2017-10-03 17:00:00,30.62284762411125
2017-10-03 18:00:00,30.649382565091443
2017-10-03 19:00:00,30.66408276369633
2017-10-03 20:00:00,30.66622559107584
2017-10-03 21:00:00,30.655088418379897
2017-10-03 22:00:00,30.629948616758426
2017-10-03 23:00:00,30.590083557361353
2017-10-04 00:00:00,30.534770611338605
2017-10-04 01:00:00,30.463287149840106
2017-10-04 02:00:00,30.374910544015783
2017-10-04 03:00:00,30.268918165015556
2017-10-04 04:00:00,30.14458738398935
2017-10-04 05:00:00,30.00119557208709
2017-10-04 06:00:00,29.838020100458728
2017-10-04 07:00:00,29.654338340254153
2017-10-04 08:00:00,29.449427662623325
2017-10-04 09:00:00,29.22256543871614
2017-10-04 10:00:00,28.973029039682523
2017-10-04 11:00:00,28.700095836672435
2017-10-04 12:00:00,28.403043200835768
2017-10-04 13:00:00,28.08114850332244
2017-10-04 14:00:00,27.73368911528241
2017-10-04 15:00:00,27.35994240786559
2017-10-04 16:00:00,26.959185752221885
2017-10-04 17:00:00,26.530696519501248
2017-10-04 18:00:00,26.0737520808536
2017-10-04 19:00:00,25.58762980742884
2017-10-04 20:00:00,25.071607070376942
2017-10-04 21:00:00,24.81949997
2017-10-04 22:00:00,23.94050026
2017-10-04 23:00:00,22.84199905
2017-10-05 00:00:00,22.40200043
2017-10-05 01:00:00,21.30349922
2017-10-05 02:00:00,20.86450005
2017-10-05 03:00:00,19.98550034
2017-10-05 04:00:00,19.54599953
2017-10-05 05:00:00,19.10650063
2017-10-05 06:00:00,18.4470005
2017-10-05 07:00:00,18.22750092
2017-10-05 08:00:00,18.4470005
2017-10-05 09:00:00,19.10650063
2017-10-05 10:00:00,19.98550034
2017-10-05 11:00:00,20.64500046
2017-10-05 12:00:00,20.86450005
2017-10-05 13:00:00,20.20499992
2017-10-05 14:00:00,19.98550034
2017-10-05 15:00:00,19.98550034
2017-10-05 16:00:00,19.98550034
2017-10-05 17:00:00,20.42499924
2017-10-05 18:00:00,21.08399963
2017-10-05 19:00:00,21.08399963
2017-10-05 20:00:00,21.52300072
2017-10-05 21:00:00,21.96299934
2017-10-05 22:00:00,21.96299934
2017-10-05 23:00:00,22.18250084
2017-10-06 00:00:00,22.40200043
2017-10-06 01:00:00,22.40200043
2017-10-06 02:00:00,22.40200043
2017-10-06 03:00:00,22.40200043
2017-10-06 04:00:00,22.62199974
2017-10-06 05:00:00,22.62199974
2017-10-06 06:00:00,22.84199905
2017-10-06 07:00:00,22.84199905
2017-10-06 08:00:00,23.06150055
2017-10-06 09:00:00,23.94050026
2017-10-06 10:00:00,24.81949997
2017-10-06 11:00:00,25.25900078
2017-10-06 12:00:00,26.13750076
2017-10-06 13:00:00,27.23600006
2017-10-06 14:00:00,28.55500031
2017-10-06 15:00:00,29.2140007
2017-10-06 16:00:00,29.2140007
2017-10-06 17:00:00,28.77449989
2017-10-06 18:00:00,28.11499977
2017-10-06 19:00:00,27.6760006
2017-10-06 20:00:00,27.23600006
2017-10-06 21:00:00,26.79700089
2017-10-06 22:00:00,26.35700035
2017-10-06 23:00:00,25.91799927
2017-10-07 00:00:00,25.47900009
2017-10-07 01:00:00,24.81949997
2017-10-07 02:00:00,24.37999916
2017-10-07 03:00:00,24.15999985
2017-10-07 04:00:00,23.72100067
2017-10-07 05:00:00,23.50099945
2017-10-07 06:00:00,23.28100014
2017-10-07 07:00:00,23.50099945
2017-10-07 08:00:00,24.60000038
2017-10-07 09:00:00,26.57699966
2017-10-07 10:00:00,29.87299919
2017-10-07 11:00:00,32.72949982
2017-10-07 12:00:00,35.36600113
2017-10-07 13:00:00,37.78350067
2017-10-07 14:00:00,39.10200119
2017-10-07 15:00:00,40.20000076
2017-10-07 16:00:00,38.88199997
2017-10-07 17:00:00,37.34349823
2017-10-07 18:00:00,35.58599854
2017-10-07 19:00:00,33.82799911
2017-10-07 20:00:00,32.72949982
2017-10-07 21:00:00,31.85050011
2017-10-07 22:00:00,31.19099998
2017-10-07 23:00:00,30.53199959
2017-10-08 00:00:00,30.31200027
2017-10-08 01:00:00,29.87299919
2017-10-08 02:00:00,29.6534996
2017-10-08 03:00:00,28.99399948
2017-10-08 04:00:00,28.55500031
2017-10-08 05:00:00,27.89550018
2017-10-08 06:00:00,27.45599937
2017-10-08 07:00:00,27.23600006
2017-10-08 08:00:00,28.11499977
2017-10-08 09:00:00,30.31200027
2017-10-08 10:00:00,33.38899994
2017-10-08 11:00:00,36.68450165
2017-10-08 12:00:00,39.10150146
2017-10-08 13:00:00,41.51850128
2017-10-08 14:00:00,42.61750031
2017-10-08 15:00:00,43.49649811
2017-10-08 16:00:00,41.95800018
2017-10-08 17:00:00,40.41949844
2017-10-08 18:00:00,38.44250107
2017-10-08 19:00:00,36.46500015
2017-10-08 20:00:00,35.14599991
2017-10-08 21:00:00,34.26800156
2017-10-08 22:00:00,33.82799911
2017-10-08 23:00:00,33.38899994
2017-10-09 00:00:00,32.94900131
2017-10-09 01:00:00,32.50999832
2017-10-09 02:00:00,31.85050011
2017-10-09 03:00:00,31.4109993
2017-10-09 04:00:00,30.53199959
2017-10-09 05:00:00,29.87299919
2017-10-09 06:00:00,29.6534996
2017-10-09 07:00:00,29.6534996
2017-10-09 08:00:00,30.31200027
2017-10-09 09:00:00,32.50999832
2017-10-09 10:00:00,35.58549881
2017-10-09 11:00:00,38.88150024
2017-10-09 12:00:00,41.73799896
2017-10-09 13:00:00,43.2765007
2017-10-09 14:00:00,44.81399918
2017-10-09 15:00:00,45.59178616299377
2017-10-09 16:00:00,46.685408122584334
2017-10-09 17:00:00,47.653671819255365
2017-10-09 18:00:00,48.50039545183473
2017-10-09 19:00:00,49.2293972191503
2017-10-09 20:00:00,49.844495320029964
2017-10-09 21:00:00,50.34950795330158
2017-10-09 22:00:00,50.748253317793036
2017-10-09 23:00:00,51.044549612332204
2017-10-10 00:00:00,51.24221503574695
2017-10-10 01:00:00,51.34506778686519
2017-10-10 02:00:00,51.35692606451473
2017-10-10 03:00:00,51.281608067523514
2017-10-10 04:00:00,51.12293199471938
2017-10-10 05:00:00,50.8847160449302
2017-10-10 06:00:00,50.57077841698386
2017-10-10 07:00:00,50.184937309708246
2017-10-10 08:00:00,49.731010921931215
2017-10-10 09:00:00,49.212817452480685
2017-10-10 10:00:00,48.63417510018444
2017-10-10 11:00:00,47.99890206387043
2017-10-10 12:00:00,47.31081654236651
2017-10-10 13:00:00,46.57373673450058
2017-10-10 14:00:00,45.79148083910042
2017-10-10 15:00:00,44.967867054994024
2017-10-10 16:00:00,44.10671358100921
2017-10-10 17:00:00,43.21183861597386
2017-10-10 18:00:00,42.287060358715834
2017-10-10 19:00:00,41.336197008063074
2017-10-10 20:00:00,40.36306676284336
2017-10-10 21:00:00,39.37148782188466
2017-10-10 22:00:00,38.36527838401476
2017-10-10 23:00:00,37.34825664806158
2017-10-11 00:00:00,36.324240812853006
2017-10-11 01:00:00,35.297049077216855
2017-10-11 02:00:00,34.27049963998111
2017-10-11 03:00:00,33.24841069997366
2017-10-11 04:00:00,32.23460045602221
2017-10-11 05:00:00,31.23288710695472
2017-10-11 06:00:00,30.24708885159913
2017-10-11 07:00:00,29.281023888783224
2017-10-11 08:00:00,28.338510417334902
2017-10-11 09:00:00,27.423366636081965
2017-10-11 10:00:00,26.5394107438525
2017-10-11 11:00:00,25.690460939474164
2017-10-11 12:00:00,24.88033542177496
2017-10-11 13:00:00,24.112852389582685
2017-10-11 14:00:00,23.391830041725328
2017-10-11 15:00:00,22.72108657703062
2017-10-11 16:00:00,22.104440194326614
2017-10-11 17:00:00,21.52300072
2017-10-11 18:00:00,21.08399963
2017-10-11 19:00:00,20.42499924
2017-10-11 20:00:00,20.20499992
2017-10-11 21:00:00,20.20499992
2017-10-11 22:00:00,20.20499992
2017-10-11 23:00:00,20.20499992
2017-10-12 00:00:00,20.20499992
2017-10-12 01:00:00,20.20499992
2017-10-12 02:00:00,19.76600075
2017-10-12 03:00:00,19.76600075
2017-10-12 04:00:00,19.32600021
2017-10-12 05:00:00,19.32600021
2017-10-12 06:00:00,18.88699913
2017-10-12 07:00:00,18.4470005
2017-10-12 08:00:00,18.4470005
2017-10-12 09:00:00,18.4470005
2017-10-12 10:00:00,18.66699982
2017-10-12 11:00:00,19.10650063
2017-10-12 12:00:00,19.54599953
2017-10-12 13:00:00,19.98550034
2017-10-12 14:00:00,20.20499992
2017-10-12 15:00:00,20.20499992
2017-10-12 16:00:00,20.20499992
2017-10-12 17:00:00,20.20499992
2017-10-12 18:00:00,20.20499992
2017-10-12 19:00:00,20.64500046
2017-10-12 20:00:00,20.86450005
2017-10-12 21:00:00,21.30349922
2017-10-12 22:00:00,21.52300072
2017-10-12 23:00:00,21.52300072
2017-10-13 00:00:00,21.52300072
2017-10-13 01:00:00,21.74300003
2017-10-13 02:00:00,21.74300003
2017-10-13 03:00:00,21.74300003
2017-10-13 04:00:00,21.52300072
2017-10-13 05:00:00,21.52300072
2017-10-13 06:00:00,21.30349922
2017-10-13 07:00:00,21.08399963
2017-10-13 08:00:00,21.74300003
2017-10-13 09:00:00,22.84199905
2017-10-13 10:00:00,24.15999985
2017-10-13 11:00:00,25.25900078
2017-10-13 12:00:00,26.57699966
2017-10-13 13:00:00,27.67550087
2017-10-13 14:00:00,28.77449989
2017-10-13 15:00:00,28.77449989
2017-10-13 16:00:00,28.77449989
2017-10-13 17:00:00,28.33499908
2017-10-13 18:00:00,27.45599937
2017-10-13 19:00:00,26.79700089
2017-10-13 20:00:00,26.35700035
2017-10-13 21:00:00,25.47900009
2017-10-13 22:00:00,24.37999916
2017-10-13 23:00:00,24.37999916
2017-10-14 00:00:00,24.15999985
2017-10-14 01:00:00,23.94050026
2017-10-14 02:00:00,22.62199974
2017-10-14 03:00:00,22.18250084
2017-10-14 04:00:00,21.96299934
2017-10-14 05:00:00,21.08399963
2017-10-14 06:00:00,21.08399963
2017-10-14 07:00:00,20.64500046
2017-10-14 08:00:00,21.08399963
2017-10-14 09:00:00,21.96299934
2017-10-14 10:00:00,23.06150055
2017-10-14 11:00:00,24.15999985
2017-10-14 12:00:00,25.03899956
2017-10-14 13:00:00,25.47900009
2017-10-14 14:00:00,25.25900078
2017-10-14 15:00:00,25.03899956
2017-10-14 16:00:00,25.03899956
2017-10-14 17:00:00,25.03899956
2017-10-14 18:00:00,25.03899956
2017-10-14 19:00:00,24.60000038
2017-10-14 20:00:00,24.37999916
2017-10-14 21:00:00,24.15999985
2017-10-14 22:00:00,23.72100067
2017-10-14 23:00:00,23.72100067
2017-10-15 00:00:00,23.94050026
2017-10-15 01:00:00,24.15999985
2017-10-15 02:00:00,24.15999985
2017-10-15 03:00:00,23.72100067
2017-10-15 04:00:00,22.84199905
2017-10-15 05:00:00,21.52300072
2017-10-15 06:00:00,21.30349922
2017-10-15 07:00:00,21.08399963
2017-10-15 08:00:00,20.42499924
2017-10-15 09:00:00,20.20499992
2017-10-15 10:00:00,21.08399963
2017-10-15 11:00:00,22.18250084
2017-10-15 12:00:00,23.28100014
2017-10-15 13:00:00,24.15999985
2017-10-15 14:00:00,25.25900078
2017-10-15 15:00:00,25.47900009
2017-10-15 16:00:00,25.91799927
2017-10-15 17:00:00,25.91799927
2017-10-15 18:00:00,25.47900009
2017-10-15 19:00:00,25.03899956
2017-10-15 20:00:00,25.03899956
2017-10-15 21:00:00,24.15999985
2017-10-15 22:00:00,23.50099945
2017-10-15 23:00:00,23.06150055
2017-10-16 00:00:00,23.28100014
2017-10-16 01:00:00,22.84199905
2017-10-16 02:00:00,23.28100014
2017-10-16 03:00:00,23.50099945
2017-10-16 04:00:00,22.84199905
2017-10-16 05:00:00,22.40200043
2017-10-16 06:00:00,21.74300003
2017-10-16 07:00:00,21.74300003
2017-10-16 08:00:00,22.18250084
2017-10-16 09:00:00,22.84199905
2017-10-16 10:00:00,23.50099945
2017-10-16 11:00:00,24.15999985
2017-10-16 12:00:00,24.81949997
2017-10-16 13:00:00,25.03899956
2017-10-16 14:00:00,23.50099945
2017-10-16 15:00:00,22.62199974
2017-10-16 16:00:00,22.18250084
2017-10-16 17:00:00,21.52300072
2017-10-16 18:00:00,21.08399963
2017-10-16 19:00:00,21.08399963
2017-10-16 20:00:00,21.08399963
2017-10-16 21:00:00,21.08399963
2017-10-16 22:00:00,21.08399963
2017-10-16 23:00:00,21.08399963
2017-10-17 00:00:00,21.08399963
2017-10-17 01:00:00,21.08399963
2017-10-17 02:00:00,21.52300072
2017-10-17 03:00:00,21.52300072
2017-10-17 04:00:00,21.52300072
2017-10-17 05:00:00,21.52300072
2017-10-17 06:00:00,21.52300072
2017-10-17 07:00:00,21.74300003
2017-10-17 08:00:00,22.18250084
2017-10-17 09:00:00,23.06150055
2017-10-17 10:00:00,24.37999916
2017-10-17 11:00:00,25.25900078
2017-10-17 12:00:00,25.91799927
2017-10-17 13:00:00,26.35700035
2017-10-17 14:00:00,26.35700035
2017-10-17 15:00:00,26.79700089
2017-10-17 16:00:00,26.79700089
2017-10-17 17:00:00,26.57699966
2017-10-17 18:00:00,26.35700035
2017-10-17 19:00:00,26.35700035
2017-10-17 20:00:00,25.91799927
2017-10-17 21:00:00,25.47900009
2017-10-17 22:00:00,25.25900078
2017-10-17 23:00:00,25.03899956
2017-10-18 00:00:00,25.03899956
2017-10-18 01:00:00,24.60000038
2017-10-18 02:00:00,24.15999985
2017-10-18 03:00:00,24.15999985
2017-10-18 04:00:00,23.94050026
2017-10-18 05:00:00,23.72100067
2017-10-18 06:00:00,23.72100067
2017-10-18 07:00:00,23.50099945
2017-10-18 08:00:00,23.50099945
2017-10-18 09:00:00,23.72100067
2017-10-18 10:00:00,23.94050026
2017-10-18 11:00:00,24.37999916
2017-10-18 12:00:00,25.03899956
2017-10-18 13:00:00,25.47900009
2017-10-18 14:00:00,25.91799927
2017-10-18 15:00:00,26.22991185147778
2017-10-18 16:00:00,26.646279395682356
2017-10-18 17:00:00,27.074042076470967
2017-10-18 18:00:00,27.51156955195036
2017-10-18 19:00:00,27.957231480227268
2017-10-18 20:00:00,28.409397519408436
2017-10-18 21:00:00,28.866437327600607
2017-10-18 22:00:00,29.326720562910523
2017-10-18 23:00:00,29.788616883444924
2017-10-19 00:00:00,30.25049594731055
2017-10-19 01:00:00,30.710727412614144
2017-10-19 02:00:00,31.167680937462446
2017-10-19 03:00:00,31.6197261799622
2017-10-19 04:00:00,32.065232798220144
2017-10-19 05:00:00,32.50257045034302
2017-10-19 06:00:00,32.93010879443757
2017-10-19 07:00:00,33.34621748861054
2017-10-19 08:00:00,33.74926619096867
2017-10-19 09:00:00,34.13762455961869
2017-10-19 10:00:00,34.50966225266736
2017-10-19 11:00:00,34.863748928221405
2017-10-19 12:00:00,35.19825424438757
2017-10-19 13:00:00,35.51154785927261
2017-10-19 14:00:00,35.80199943098326
2017-10-19 15:00:00,36.06797861762625
2017-10-19 16:00:00,36.30785507730833
2017-10-19 17:00:00,36.519998468136244
2017-10-19 18:00:00,36.70277844821672
2017-10-19 19:00:00,36.85456467565651
2017-10-19 20:00:00,36.97372680856236
2017-10-19 21:00:00,37.058634505041006
2017-10-19 22:00:00,37.107657423199186
2017-10-19 23:00:00,37.119165221143646
2017-10-20 00:00:00,37.09152755698114
2017-10-20 01:00:00,37.02311408881841
2017-10-20 02:00:00,36.91229447476216
2017-10-20 03:00:00,36.757438372919154
2017-10-20 04:00:00,36.55691544139614
2017-10-20 05:00:00,36.30909533829986
2017-10-20 06:00:00,36.012347721737015
2017-10-20 07:00:00,35.66504224981439
2017-10-20 08:00:00,35.26554858063872
2017-10-20 09:00:00,34.81223637231676
2017-10-20 10:00:00,34.303475282955226
2017-10-20 11:00:00,33.737634970660885
2017-10-20 12:00:00,33.11308509354042
2017-10-20 13:00:00,32.428195309700655
2017-10-20 14:00:00,31.681335277248262
2017-10-20 15:00:00,30.87087465429003
2017-10-20 16:00:00,29.995183098932625
2017-10-20 17:00:00,29.87299919
2017-10-20 18:00:00,27.89550018
2017-10-20 19:00:00,25.91799927
2017-10-20 20:00:00,24.15999985
2017-10-20 21:00:00,23.06150055
2017-10-20 22:00:00,22.18250084
2017-10-20 23:00:00,21.52300072
2017-10-21 00:00:00,20.86450005
2017-10-21 01:00:00,20.42499924
2017-10-21 02:00:00,19.76600075
2017-10-21 03:00:00,19.32600021
2017-10-21 04:00:00,18.88699913
2017-10-21 05:00:00,18.4470005
2017-10-21 06:00:00,18.00799942
2017-10-21 07:00:00,17.78800011
2017-10-21 08:00:00,18.66699982
2017-10-21 09:00:00,21.74300003
2017-10-21 10:00:00,25.69849968
2017-10-21 11:00:00,29.21349907
2017-10-21 12:00:00,31.4109993
2017-10-21 13:00:00,32.72949982
2017-10-21 14:00:00,33.82849884
2017-10-21 15:00:00,33.38850021
2017-10-21 16:00:00,32.29000092
2017-10-21 17:00:00,30.75200081
2017-10-21 18:00:00,28.55500031
2017-10-21 19:00:00,26.35700035
2017-10-21 20:00:00,24.60000038
2017-10-21 21:00:00,23.28100014
2017-10-21 22:00:00,22.18250084
2017-10-21 23:00:00,21.52300072
2017-10-22 00:00:00,21.08399963
2017-10-22 01:00:00,20.86450005
2017-10-22 02:00:00,20.42499924
2017-10-22 03:00:00,19.98550034
2017-10-22 04:00:00,19.54599953
2017-10-22 05:00:00,19.10650063
2017-10-22 06:00:00,18.66699982
2017-10-22 07:00:00,18.4470005
2017-10-22 08:00:00,19.32600021
2017-10-22 09:00:00,21.74300003
2017-10-22 10:00:00,25.03949928
2017-10-22 11:00:00,28.55450058
2017-10-22 12:00:00,31.19149971
2017-10-22 13:00:00,33.60800171
2017-10-22 14:00:00,34.48699951
2017-10-22 15:00:00,34.48749924
2017-10-22 16:00:00,33.16899872
2017-10-22 17:00:00,31.63050079
2017-10-22 18:00:00,29.6534996
2017-10-22 19:00:00,27.89550018
2017-10-22 20:00:00,26.35700035
2017-10-22 21:00:00,25.03899956
2017-10-22 22:00:00,24.15999985
2017-10-22 23:00:00,23.72100067
2017-10-23 00:00:00,23.28100014
2017-10-23 01:00:00,23.06150055
2017-10-23 02:00:00,22.84199905
2017-10-23 03:00:00,22.40200043
2017-10-23 04:00:00,22.18250084
2017-10-23 05:00:00,21.96299934
2017-10-23 06:00:00,21.96299934
2017-10-23 07:00:00,21.74300003
2017-10-23 08:00:00,21.96299934
2017-10-23 09:00:00,22.84199905
2017-10-23 10:00:00,24.81949997
2017-10-23 11:00:00,28.11499977
2017-10-23 12:00:00,29.65299988
2017-10-23 13:00:00,28.99449921
2017-10-23 14:00:00,28.99449921
2017-10-23 15:00:00,28.99449921
2017-10-23 16:00:00,29.2140007
2017-10-23 17:00:00,28.55450058
2017-10-23 18:00:00,26.57699966
2017-10-23 19:00:00,24.37999916
2017-10-23 20:00:00,22.84199905
2017-10-23 21:00:00,21.52300072
2017-10-23 22:00:00,20.64500046
2017-10-23 23:00:00,20.20499992
2017-10-24 00:00:00,19.54599953
2017-10-24 01:00:00,19.10650063
2017-10-24 02:00:00,18.4470005
2017-10-24 03:00:00,18.00799942
2017-10-24 04:00:00,17.56800079
2017-10-24 05:00:00,16.9090004
2017-10-24 06:00:00,16.46949959
2017-10-24 07:00:00,16.46949959
2017-10-24 08:00:00,17.3484993
2017-10-24 09:00:00,20.64500046
2017-10-24 10:00:00,24.60000038
2017-10-24 11:00:00,28.55450058
2017-10-24 12:00:00,31.19149971
2017-10-24 13:00:00,33.38850021
2017-10-24 14:00:00,34.70700073
2017-10-24 15:00:00,35.14649963
2017-10-24 16:00:00,33.16899872
2017-10-24 17:00:00,30.9715004
2017-10-24 18:00:00,28.11499977
2017-10-24 19:00:00,25.25900078
2017-10-24 20:00:00,23.28100014
2017-10-24 21:00:00,22.18250084
2017-10-24 22:00:00,21.52300072
2017-10-24 23:00:00,20.86450005
2017-10-25 00:00:00,19.98550034
2017-10-25 01:00:00,19.10650063
2017-10-25 02:00:00,18.66699982
2017-10-25 03:00:00,18.4470005
2017-10-25 04:00:00,18.66699982
2017-10-25 05:00:00,18.66699982
2017-10-25 06:00:00,18.66699982
2017-10-25 07:00:00,18.66699982
2017-10-25 08:00:00,19.76549911
2017-10-25 09:00:00,21.96299934
2017-10-25 10:00:00,25.25900078
2017-10-25 11:00:00,27.6760006
2017-10-25 12:00:00,29.21349907
2017-10-25 13:00:00,31.85050011
2017-10-25 14:00:00,33.60850143
2017-10-25 15:00:00,32.94950104
2017-10-25 16:00:00,31.4109993
2017-10-25 17:00:00,29.6534996
2017-10-25 18:00:00,27.89550018
2017-10-25 19:00:00,26.13750076
2017-10-25 20:00:00,24.60000038
2017-10-25 21:00:00,23.50099945
2017-10-25 22:00:00,22.84199905
2017-10-25 23:00:00,22.84199905
2017-10-26 00:00:00,23.06150055
2017-10-26 01:00:00,23.28100014
2017-10-26 02:00:00,23.06150055
2017-10-26 03:00:00,22.84199905
2017-10-26 04:00:00,22.84199905
2017-10-26 05:00:00,22.62199974
2017-10-26 06:00:00,22.62199974
2017-10-26 07:00:00,22.62199974
2017-10-26 08:00:00,23.50099945
2017-10-26 09:00:00,25.25900078
2017-10-26 10:00:00,27.6760006
2017-10-26 11:00:00,29.65299988
2017-10-26 12:00:00,32.5094986
2017-10-26 13:00:00,33.60850143
2017-10-26 14:00:00,33.82849884
2017-10-26 15:00:00,34.04800034
2017-10-26 16:00:00,33.16899872
2017-10-26 17:00:00,31.63050079
2017-10-26 18:00:00,33.13460328337181
2017-10-26 19:00:00,33.386889919611455
2017-10-26 20:00:00,33.62308364122645
2017-10-26 21:00:00,33.843114745867254
2017-10-26 22:00:00,34.04691353118431
2017-10-26 23:00:00,34.234410294828066
2017-10-27 00:00:00,34.40553533444898
2017-10-27 01:00:00,34.560218947697486
2017-10-27 02:00:00,34.69839143222405
2017-10-27 03:00:00,34.81998308567911
2017-10-27 04:00:00,34.924924205713126
2017-10-27 05:00:00,35.01314508997653
2017-10-27 06:00:00,35.08457603611979
2017-10-27 07:00:00,35.13914734179335
2017-10-27 08:00:00,35.176789304647656
2017-10-27 09:00:00,35.197432222333155
2017-10-27 10:00:00,35.201006392500304
2017-10-27 11:00:00,35.187442112799545
2017-10-27 12:00:00,35.156669680881336
2017-10-27 13:00:00,35.108619394396115
2017-10-27 14:00:00,35.04322155099434
2017-10-27 15:00:00,34.96040644832645
2017-10-27 16:00:00,34.86010438404292
2017-10-27 17:00:00,34.742245655794164
2017-10-27 18:00:00,34.60676056123066
2017-10-27 19:00:00,34.453579398002844
2017-10-27 20:00:00,34.28263246376117
2017-10-27 21:00:00,34.09385005615607
2017-10-27 22:00:00,33.88716247283803
2017-10-27 23:00:00,33.66250001145746
2017-10-28 00:00:00,33.41979296966484
2017-10-28 01:00:00,33.1589716451106
2017-10-28 02:00:00,32.87996633544519
2017-10-28 03:00:00,32.582707338319075
2017-10-28 04:00:00,32.2671249513827
2017-10-28 05:00:00,31.9331494722865
2017-10-28 06:00:00,31.58071119868095
2017-10-28 07:00:00,31.209740428216474
2017-10-28 08:00:00,30.82016745854353
2017-10-28 09:00:00,30.41192258731256
2017-10-28 10:00:00,29.984936112174022
2017-10-28 11:00:00,29.539138330778364
2017-10-28 12:00:00,29.07445954077603
2017-10-28 13:00:00,28.590830039817487
2017-10-28 14:00:00,28.088180125553166
2017-10-28 15:00:00,27.56644009563351
2017-10-28 16:00:00,27.025540247708992
2017-10-28 17:00:00,26.465410879430056
2017-10-28 18:00:00,25.88598228844714
2017-10-28 19:00:00,25.28718477241069
2017-10-28 20:00:00,25.03899956
2017-10-28 21:00:00,23.94050026
2017-10-28 22:00:00,22.84199905
2017-10-28 23:00:00,22.18250084
2017-10-29 00:00:00,21.52300072
2017-10-29 01:00:00,20.86450005
2017-10-29 02:00:00,19.98550034
2017-10-29 03:00:00,19.54599953
2017-10-29 04:00:00,18.88699913
2017-10-29 05:00:00,18.4470005
2017-10-29 06:00:00,18.22750092
2017-10-29 07:00:00,18.00799942
2017-10-29 08:00:00,18.66699982
2017-10-29 09:00:00,20.42499924
2017-10-29 10:00:00,22.18250084
2017-10-29 11:00:00,23.94050026
2017-10-29 12:00:00,25.91799927
2017-10-29 13:00:00,28.11499977
2017-10-29 14:00:00,29.6534996
2017-10-29 15:00:00,30.53199959
2017-10-29 16:00:00,29.65299988
2017-10-29 17:00:00,27.45599937
2017-10-29 18:00:00,25.69849968
2017-10-29 19:00:00,23.94050026
2017-10-29 20:00:00,22.62199974
2017-10-29 21:00:00,21.52300072
2017-10-29 22:00:00,20.42499924
2017-10-29 23:00:00,19.54599953
2017-10-30 00:00:00,19.10650063
2017-10-30 01:00:00,18.22750092
2017-10-30 02:00:00,17.3484993
2017-10-30 03:00:00,16.46949959
2017-10-30 04:00:00,15.81099987
2017-10-30 05:00:00,15.15149975
2017-10-30 06:00:00,14.71199989
2017-10-30 07:00:00,14.27250004
2017-10-30 08:00:00,14.93150043
2017-10-30 09:00:00,18.22750092
2017-10-30 10:00:00,21.52350044
2017-10-30 11:00:00,25.03899956
2017-10-30 12:00:00,27.01650047
2017-10-30 13:00:00,29.43350029
2017-10-30 14:00:00,30.53249931
2017-10-30 15:00:00,30.9715004
2017-10-30 16:00:00,28.99399948
2017-10-30 17:00:00,26.79649925
2017-10-30 18:00:00,23.28100014
2017-10-30 19:00:00,21.08399963
2017-10-30 20:00:00,19.32600021
2017-10-30 21:00:00,18.00799942
2017-10-30 22:00:00,17.12899971
2017-10-30 23:00:00,16.46949959
2017-10-31 00:00:00,16.25
2017-10-31 01:00:00,16.25
2017-10-31 02:00:00,16.25
2017-10-31 03:00:00,16.25
2017-10-31 04:00:00,16.25
2017-10-31 05:00:00,16.25
2017-10-31 06:00:00,16.25
2017-10-31 07:00:00,16.25
2017-10-31 08:00:00,16.25
2017-10-31 09:00:00,16.25
2017-10-31 10:00:00,16.25
2017-10-31 11:00:00,16.25
2017-10-31 12:00:00,16.25
2017-10-31 13:00:00,16.25
2017-10-31 14:00:00,16.25
2017-10-31 15:00:00,16.25
2017-10-31 16:00:00,16.25
2017-10-31 17:00:00,16.25
2017-10-31 18:00:00,16.25
2017-10-31 19:00:00,16.25
2017-10-31 20:00:00,16.25
2017-10-31 21:00:00,16.25
2017-10-31 22:00:00,16.25
2017-10-31 23:00:00,16.25
2017-11-01 00:00:00,18.4470005
2017-11-01 01:00:00,18.00799942
2017-11-01 02:00:00,17.78800011
2017-11-01 03:00:00,17.3484993
2017-11-01 04:00:00,16.9090004
2017-11-01 05:00:00,16.68899918
2017-11-01 06:00:00,16.25
2017-11-01 07:00:00,16.03050041
2017-11-01 08:00:00,16.129658048546855
2017-11-01 09:00:00,16.070252414175386
2017-11-01 10:00:00,16.033108594648123
2017-11-01 11:00:00,16.017590451613568
2017-11-01 12:00:00,16.023061846720218
2017-11-01 13:00:00,16.04888664161657
2017-11-01 14:00:00,16.094428697951127
2017-11-01 15:00:00,16.15905187737239
2017-11-01 16:00:00,16.24212004152886
2017-11-01 17:00:00,16.342997052069034
2017-11-01 18:00:00,16.46104677064141
2017-11-01 19:00:00,16.595633058894492
2017-11-01 20:00:00,16.74611977847677
2017-11-01 21:00:00,16.911870791036755
2017-11-01 22:00:00,17.092249958222943
2017-11-01 23:00:00,17.286621141683835
2017-11-02 00:00:00,17.494348203067926
2017-11-02 01:00:00,17.71479500402372
2017-11-02 02:00:00,17.947325406199713
2017-11-02 03:00:00,18.191303271244415
2017-11-02 04:00:00,18.446092460806316
2017-11-02 05:00:00,18.711056836533917
2017-11-02 06:00:00,18.985560260075715
2017-11-02 07:00:00,19.268966593080226
2017-11-02 08:00:00,19.56063969719593
2017-11-02 09:00:00,19.85994343407134
2017-11-02 10:00:00,20.166241665354946
2017-11-02 11:00:00,20.47889825269526
2017-11-02 12:00:00,20.79727705774076
2017-11-02 13:00:00,21.120741942139972
2017-11-02 14:00:00,21.448656767541372
2017-11-02 15:00:00,21.780385395593484
2017-11-02 16:00:00,22.11529168794479
2017-11-02 17:00:00,22.452739506243795
2017-11-02 18:00:00,22.792092712139006
2017-11-02 19:00:00,23.132715167278903
2017-11-02 20:00:00,23.473970733311987
2017-11-02 21:00:00,23.815223271886786
2017-11-02 22:00:00,24.155836644651785
2017-11-02 23:00:00,24.49517471325547
2017-11-03 00:00:00,24.83260133934636
2017-11-03 01:00:00,25.16748038457295
2017-11-03 02:00:00,25.499175710583753
2017-11-03 03:00:00,25.82705117902723
2017-11-03 04:00:00,26.150470651551913
2017-11-03 05:00:00,26.46879798980629
2017-11-03 06:00:00,26.781397055438873
2017-11-03 07:00:00,27.08763171009814
2017-11-03 08:00:00,27.386865815432614
2017-11-03 09:00:00,27.678463233090763
2017-11-03 10:00:00,25.91799927
2017-11-03 11:00:00,29.43350029
2017-11-03 12:00:00,31.4109993
2017-11-03 13:00:00,32.29000092
2017-11-03 14:00:00,30.9715004
2017-11-03 15:00:00,28.55500031
2017-11-03 16:00:00,26.79700089
2017-11-03 17:00:00,25.47900009
2017-11-03 18:00:00,24.81949997
2017-11-03 19:00:00,24.60000038
2017-11-03 20:00:00,24.15999985
2017-11-03 21:00:00,23.72100067
2017-11-03 22:00:00,22.84199905
2017-11-03 23:00:00,22.18250084
2017-11-04 00:00:00,21.52300072
2017-11-04 01:00:00,20.64500046
2017-11-04 02:00:00,19.32600021
2017-11-04 03:00:00,18.88699913
2017-11-04 04:00:00,18.00799942
2017-11-04 05:00:00,17.12899971
2017-11-04 06:00:00,16.25
2017-11-04 07:00:00,15.5909996
2017-11-04 08:00:00,16.46949959
2017-11-04 09:00:00,18.8864994
2017-11-04 10:00:00,21.52350044
2017-11-04 11:00:00,25.03899956
2017-11-04 12:00:00,26.79700089
2017-11-04 13:00:00,29.21349907
2017-11-04 14:00:00,30.75200081
2017-11-04 15:00:00,30.3125
2017-11-04 16:00:00,28.33499908
2017-11-04 17:00:00,25.91799927
2017-11-04 18:00:00,23.50099945
2017-11-04 19:00:00,21.08399963
2017-11-04 20:00:00,19.10650063
2017-11-04 21:00:00,17.78800011
2017-11-04 22:00:00,16.9090004
2017-11-04 23:00:00,16.46949959
2017-11-05 00:00:00,16.03050041
2017-11-05 01:00:00,16.03050041
2017-11-05 02:00:00,16.03050041
2017-11-05 03:00:00,16.03050041
2017-11-05 04:00:00,15.5909996
2017-11-05 05:00:00,15.5909996
2017-11-05 06:00:00,15.15149975
2017-11-05 07:00:00,15.15149975
2017-11-05 08:00:00,15.81050014
2017-11-05 09:00:00,18.44750023
2017-11-05 10:00:00,21.08399963
2017-11-05 11:00:00,23.50099945
2017-11-05 12:00:00,24.60000038
2017-11-05 13:00:00,26.57749939
2017-11-05 14:00:00,27.6760006
2017-11-05 15:00:00,27.67550087
2017-11-05 16:00:00,26.79649925
2017-11-05 17:00:00,25.03899956
2017-11-05 18:00:00,23.94050026
2017-11-05 19:00:00,22.84199905
2017-11-05 20:00:00,21.52300072
2017-11-05 21:00:00,21.08399963
2017-11-05 22:00:00,20.64500046
2017-11-05 23:00:00,20.20499992
2017-11-06 00:00:00,19.98550034
2017-11-06 01:00:00,19.54599953
2017-11-06 02:00:00,19.54599953
2017-11-06 03:00:00,19.32649994
2017-11-06 04:00:00,18.88699913
2017-11-06 05:00:00,18.00799942
2017-11-06 06:00:00,17.56800079
2017-11-06 07:00:00,17.12899971
2017-11-06 08:00:00,18.00749969
2017-11-06 09:00:00,20.64500046
2017-11-06 10:00:00,23.94050026
2017-11-06 11:00:00,27.23600006
2017-11-06 12:00:00,28.99399948
2017-11-06 13:00:00,30.75200081
2017-11-06 14:00:00,31.69169387568548
2017-11-06 15:00:00,33.08658177579166
2017-11-06 16:00:00,34.41520659231314
2017-11-06 17:00:00,35.6781925744383
2017-11-06 18:00:00,36.87616397135552
2017-11-06 19:00:00,38.00974503225317
2017-11-06 20:00:00,39.07956000631964
2017-11-06 21:00:00,40.086233142743296
2017-11-06 22:00:00,41.03038869071253
2017-11-06 23:00:00,41.912650899415695
2017-11-07 00:00:00,42.7336440180412
2017-11-07 01:00:00,43.49399229577739
2017-11-07 02:00:00,44.19431998181267
2017-11-07 03:00:00,44.8352513253354
2017-11-07 04:00:00,45.417410575533964
2017-11-07 05:00:00,45.94142198159674
2017-11-07 06:00:00,46.407909792712104
2017-11-07 07:00:00,46.817498258068426
2017-11-07 08:00:00,47.1708116268541
2017-11-07 09:00:00,47.46847414825747
2017-11-07 10:00:00,47.71111007146695
2017-11-07 11:00:00,47.899343645670896
2017-11-07 12:00:00,48.03379912005772
2017-11-07 13:00:00,48.11510074381573
2017-11-07 14:00:00,48.14387276613337
2017-11-07 15:00:00,48.12073943619899
2017-11-07 16:00:00,48.04632500320098
2017-11-07 17:00:00,47.92125371632768
2017-11-07 18:00:00,47.74614982476754
2017-11-07 19:00:00,47.52163757770886
2017-11-07 20:00:00,47.24834122434007
2017-11-07 21:00:00,46.926885013849514
2017-11-07 22:00:00,46.557893195425585
2017-11-07 23:00:00,46.141990018256685
2017-11-08 00:00:00,45.679799731531155
2017-11-08 01:00:00,45.1719465844374
2017-11-08 02:00:00,44.61905482616382
2017-11-08 03:00:00,44.0217487058987
2017-11-08 04:00:00,43.38065247283048
2017-11-08 05:00:00,42.69639037614751
2017-11-08 06:00:00,41.969586665038186
2017-11-08 07:00:00,41.20086558869088
2017-11-08 08:00:00,40.39085139629394
2017-11-08 09:00:00,39.54016833703584
2017-11-08 10:00:00,38.64944066010486
2017-11-08 11:00:00,37.71929261468938
2017-11-08 12:00:00,36.750348449977835
2017-11-08 13:00:00,35.7432324151586
2017-11-08 14:00:00,34.69856875942
2017-11-08 15:00:00,33.616981731950446
2017-11-08 16:00:00,32.94950104
2017-11-08 17:00:00,31.4109993
2017-11-08 18:00:00,29.43400002
2017-11-08 19:00:00,27.89550018
2017-11-08 20:00:00,26.79700089
2017-11-08 21:00:00,25.47900009
2017-11-08 22:00:00,24.81949997
2017-11-08 23:00:00,23.94050026
2017-11-09 00:00:00,23.50099945
2017-11-09 01:00:00,23.06150055
2017-11-09 02:00:00,22.18250084
2017-11-09 03:00:00,21.30349922
2017-11-09 04:00:00,20.20499992
2017-11-09 05:00:00,19.10650063
2017-11-09 06:00:00,18.22750092
2017-11-09 07:00:00,17.78800011
2017-11-09 08:00:00,18.8864994
2017-11-09 09:00:00,22.18250084
2017-11-09 10:00:00,24.81949997
2017-11-09 11:00:00,27.45599937
2017-11-09 12:00:00,28.99399948
2017-11-09 13:00:00,30.75200081
2017-11-09 14:00:00,32.50999832
2017-11-09 15:00:00,32.94950104
2017-11-09 16:00:00,32.07049942
2017-11-09 17:00:00,30.09250069
2017-11-09 18:00:00,28.11499977
2017-11-09 19:00:00,26.57699966
2017-11-09 20:00:00,25.69849968
2017-11-09 21:00:00,25.03899956
2017-11-09 22:00:00,24.60000038
2017-11-09 23:00:00,24.15999985
2017-11-10 00:00:00,24.15999985
2017-11-10 01:00:00,23.94050026
2017-11-10 02:00:00,23.50099945
2017-11-10 03:00:00,22.84149933
2017-11-10 04:00:00,21.96299934
2017-11-10 05:00:00,21.08399963
2017-11-10 06:00:00,20.42499924
2017-11-10 07:00:00,19.98550034
2017-11-10 08:00:00,20.42499924
2017-11-10 09:00:00,21.74300003
2017-11-10 10:00:00,23.06150055
2017-11-10 11:00:00,25.69799995
2017-11-10 12:00:00,28.33499908
2017-11-10 13:00:00,29.2140007
2017-11-10 14:00:00,29.43350029
2017-11-10 15:00:00,28.77449989
2017-11-10 16:00:00,27.89550018
2017-11-10 17:00:00,29.147544254159595
2017-11-10 18:00:00,29.49726111485949
2017-11-10 19:00:00,29.819527653843593
2017-11-10 20:00:00,30.114961372123794
2017-11-10 21:00:00,30.384179770711985
2017-11-10 22:00:00,30.62780035062006
2017-11-10 23:00:00,30.84644061285991
2017-11-11 00:00:00,31.040718058443435
2017-11-11 01:00:00,31.21125018838252
2017-11-11 02:00:00,31.358654503689063
2017-11-11 03:00:00,31.483548505374955
2017-11-11 04:00:00,31.586549694452085
2017-11-11 05:00:00,31.668275571932355
2017-11-11 06:00:00,31.729343638827658
2017-11-11 07:00:00,31.770371396149873
2017-11-11 08:00:00,31.791976344910907
2017-11-11 09:00:00,31.79477598612265
2017-11-11 10:00:00,31.77938782079699
2017-11-11 11:00:00,31.746429349945835
2017-11-11 12:00:00,31.696518074581057
2017-11-11 13:00:00,31.63027149571456
2017-11-11 14:00:00,31.548307114358238
2017-11-11 15:00:00,31.45124243152398
2017-11-11 16:00:00,31.33969494822368
2017-11-11 17:00:00,31.214282165469236
2017-11-11 18:00:00,31.075621584272533
2017-11-11 19:00:00,30.924330705645467
2017-11-11 20:00:00,30.76102703059993
2017-11-11 21:00:00,30.586328060147828
2017-11-11 22:00:00,30.400851295301035
2017-11-11 23:00:00,30.205214237071463
2017-11-12 00:00:00,30.000034386470986
2017-11-12 01:00:00,29.785929244511504
2017-11-12 02:00:00,29.56351631220489
2017-11-12 03:00:00,29.333413090563063
2017-11-12 04:00:00,29.09623708059793
2017-11-12 05:00:00,28.85260578332138
2017-11-12 06:00:00,28.603136699745278
2017-11-12 07:00:00,28.34844733088153
2017-11-12 08:00:00,28.08915517774204
2017-11-12 09:00:00,27.82587774133867
2017-11-12 10:00:00,27.559232522683327
2017-11-12 11:00:00,27.289837022787914
2017-11-12 12:00:00,27.01830874266435
2017-11-12 13:00:00,26.745265183324477
2017-11-12 14:00:00,26.4713238457802
2017-11-12 15:00:00,26.197102231043424
2017-11-12 16:00:00,25.92321784012608
2017-11-12 17:00:00,25.650288174039982
2017-11-12 18:00:00,25.378930733797084
2017-11-12 19:00:00,25.03899956
2017-11-12 20:00:00,25.03899956
2017-11-12 21:00:00,24.60000038
2017-11-12 22:00:00,24.15999985
2017-11-12 23:00:00,24.15999985
2017-11-13 00:00:00,23.50099945
2017-11-13 01:00:00,23.28100014
2017-11-13 02:00:00,23.28100014
2017-11-13 03:00:00,23.06150055
2017-11-13 04:00:00,22.84199905
2017-11-13 05:00:00,22.84199905
2017-11-13 06:00:00,22.40200043
2017-11-13 07:00:00,22.40200043
2017-11-13 08:00:00,22.40200043
2017-11-13 09:00:00,22.84199905
2017-11-13 10:00:00,23.72100067
2017-11-13 11:00:00,24.15999985
2017-11-13 12:00:00,24.81949997
2017-11-13 13:00:00,25.69849968
2017-11-13 14:00:00,25.69849968
2017-11-13 15:00:00,25.47900009
2017-11-13 16:00:00,24.81949997
2017-11-13 17:00:00,23.28100014
2017-11-13 18:00:00,23.28100014
2017-11-13 19:00:00,23.06150055
2017-11-13 20:00:00,22.84199905
2017-11-13 21:00:00,22.84199905
2017-11-13 22:00:00,22.84199905
2017-11-13 23:00:00,22.62199974
2017-11-14 00:00:00,22.62199974
2017-11-14 01:00:00,22.40200043
2017-11-14 02:00:00,22.40200043
2017-11-14 03:00:00,21.96299934
2017-11-14 04:00:00,21.96299934
2017-11-14 05:00:00,21.74300003
2017-11-14 06:00:00,21.52300072
2017-11-14 07:00:00,21.52300072
2017-11-14 08:00:00,21.52300072
2017-11-14 09:00:00,23.06150055
2017-11-14 10:00:00,24.37999916
2017-11-14 11:00:00,25.25900078
2017-11-14 12:00:00,25.69849968
2017-11-14 13:00:00,26.13750076
2017-11-14 14:00:00,26.57699966
2017-11-14 15:00:00,27.01650047
2017-11-14 16:00:00,26.35700035
2017-11-14 17:00:00,25.47900009
2017-11-14 18:00:00,24.60000038
2017-11-14 19:00:00,23.72100067
2017-11-14 20:00:00,23.28100014
2017-11-14 21:00:00,22.84199905
2017-11-14 22:00:00,22.40200043
2017-11-14 23:00:00,22.18250084
2017-11-15 00:00:00,21.96299934
2017-11-15 01:00:00,21.74300003
2017-11-15 02:00:00,21.74300003
2017-11-15 03:00:00,21.52300072
2017-11-15 04:00:00,20.86450005
2017-11-15 05:00:00,19.98550034
2017-11-15 06:00:00,19.32600021
2017-11-15 07:00:00,18.66699982
2017-11-15 08:00:00,18.66699982
2017-11-15 09:00:00,20.64450073
2017-11-15 10:00:00,23.28149986
2017-11-15 11:00:00,25.91799927
2017-11-15 12:00:00,28.33499908
2017-11-15 13:00:00,30.53249931
2017-11-15 14:00:00,31.85050011
2017-11-15 15:00:00,31.85050011
2017-11-15 16:00:00,30.9715004
2017-11-15 17:00:00,29.2140007
2017-11-15 18:00:00,26.79700089
2017-11-15 19:00:00,25.03899956
2017-11-15 20:00:00,23.50099945
2017-11-15 21:00:00,22.40200043
2017-11-15 22:00:00,21.96299934
2017-11-15 23:00:00,21.74300003
2017-11-16 00:00:00,21.30349922
2017-11-16 01:00:00,21.30349922
2017-11-16 02:00:00,20.86450005
2017-11-16 03:00:00,20.64500046
2017-11-16 04:00:00,20.64500046
2017-11-16 05:00:00,20.64500046
2017-11-16 06:00:00,20.86450005
2017-11-16 07:00:00,20.86450005
2017-11-16 08:00:00,21.08399963
2017-11-16 09:00:00,21.74300003
2017-11-16 10:00:00,22.18250084
2017-11-16 11:00:00,22.62199974
2017-11-16 12:00:00,23.06150055
2017-11-16 13:00:00,23.06150055
2017-11-16 14:00:00,23.28100014
2017-11-16 15:00:00,23.50099945
2017-11-16 16:00:00,23.50099945
2017-11-16 17:00:00,23.50099945
2017-11-16 18:00:00,23.50099945
2017-11-16 19:00:00,23.50099945
2017-11-16 20:00:00,23.28100014
2017-11-16 21:00:00,23.28100014
2017-11-16 22:00:00,23.50099945
2017-11-16 23:00:00,23.50099945
2017-11-17 00:00:00,23.28100014
2017-11-17 01:00:00,23.28100014
2017-11-17 02:00:00,23.28100014
2017-11-17 03:00:00,23.28100014
2017-11-17 04:00:00,23.28100014
2017-11-17 05:00:00,23.28100014
2017-11-17 06:00:00,23.28100014
2017-11-17 07:00:00,23.28100014
2017-11-17 08:00:00,22.84199905
2017-11-17 09:00:00,22.84199905
2017-11-17 10:00:00,22.84199905
2017-11-17 11:00:00,21.96299934
2017-11-17 12:00:00,21.74300003
2017-11-17 13:00:00,21.74300003
2017-11-17 14:00:00,21.74300003
2017-11-17 15:00:00,22.18250084
2017-11-17 16:00:00,22.62199974
2017-11-17 17:00:00,21.96299934
2017-11-17 18:00:00,21.52300072
2017-11-17 19:00:00,21.52300072
2017-11-17 20:00:00,22.18250084
2017-11-17 21:00:00,22.18250084
2017-11-17 22:00:00,20.64500046
2017-11-17 23:00:00,18.22750092
2017-11-18 00:00:00,16.68899918
2017-11-18 01:00:00,15.81099987
2017-11-18 02:00:00,15.37100029
2017-11-18 03:00:00,14.93200016
2017-11-18 04:00:00,14.49199963
2017-11-18 05:00:00,14.27250004
2017-11-18 06:00:00,14.27250004
2017-11-18 07:00:00,14.27250004
2017-11-18 08:00:00,14.49199963
2017-11-18 09:00:00,14.71199989
2017-11-18 10:00:00,14.93200016
2017-11-18 11:00:00,15.81099987
2017-11-18 12:00:00,16.68899918
2017-11-18 13:00:00,17.3484993
2017-11-18 14:00:00,17.78800011
2017-11-18 15:00:00,17.56800079
2017-11-18 16:00:00,16.68899918
2017-11-18 17:00:00,15.81099987
2017-11-18 18:00:00,15.15149975
2017-11-18 19:00:00,14.49250031
2017-11-18 20:00:00,13.83300018
2017-11-18 21:00:00,13.17350006
2017-11-18 22:00:00,12.51449966
2017-11-18 23:00:00,12.07499981
2017-11-19 00:00:00,11.19649982
2017-11-19 01:00:00,10.75699997
2017-11-19 02:00:00,10.31750011
2017-11-19 03:00:00,9.658499718
2017-11-19 04:00:00,9.218500137
2017-11-19 05:00:00,8.559499741
2017-11-19 06:00:00,8.119999886
2017-11-19 07:00:00,8.119999886
2017-11-19 08:00:00,8.998999596
2017-11-19 09:00:00,10.09749985
2017-11-19 10:00:00,11.85550022
2017-11-19 11:00:00,14.71199989
2017-11-19 12:00:00,16.46999931
2017-11-19 13:00:00,17.12849998
2017-11-19 14:00:00,18.22750092
2017-11-19 15:00:00,18.00749969
2017-11-19 16:00:00,17.12849998
2017-11-19 17:00:00,16.9090004
2017-11-19 18:00:00,16.46949959
2017-11-19 19:00:00,16.46949959
2017-11-19 20:00:00,16.25
2017-11-19 21:00:00,16.03050041
2017-11-19 22:00:00,16.03050041
2017-11-19 23:00:00,16.03050041
2017-11-20 00:00:00,15.37100029
2017-11-20 01:00:00,14.49199963
2017-11-20 02:00:00,13.83300018
2017-11-20 03:00:00,13.61299992
2017-11-20 04:00:00,13.61299992
2017-11-20 05:00:00,13.83300018
2017-11-20 06:00:00,13.83300018
2017-11-20 07:00:00,13.83300018
2017-11-20 08:00:00,13.83300018
2017-11-20 09:00:00,15.5909996
2017-11-20 10:00:00,18.44750023
2017-11-20 11:00:00,20.86400032
2017-11-20 12:00:00,20.20549965
2017-11-20 13:00:00,19.54599953
2017-11-20 14:00:00,19.10650063
2017-11-20 15:00:00,19.10650063
2017-11-20 16:00:00,19.54599953
2017-11-20 17:00:00,18.66699982
2017-11-20 18:00:00,17.12899971
2017-11-20 19:00:00,15.81099987
2017-11-20 20:00:00,14.71199989
2017-11-20 21:00:00,14.05300045
2017-11-20 22:00:00,13.83300018
2017-11-20 23:00:00,13.39350033
2017-11-21 00:00:00,12.95400047
2017-11-21 01:00:00,12.51449966
2017-11-21 02:00:00,12.07499981
2017-11-21 03:00:00,11.41600037
2017-11-21 04:00:00,10.97649956
2017-11-21 05:00:00,10.53750038
2017-11-21 06:00:00,10.75699997
2017-11-21 07:00:00,10.97649956
2017-11-21 08:00:00,11.63549995
2017-11-21 09:00:00,13.61349964
2017-11-21 10:00:00,15.37150002
2017-11-21 11:00:00,16.68950081
2017-11-21 12:00:00,17.12849998
2017-11-21 13:00:00,17.3484993
2017-11-21 14:00:00,17.56800079
2017-11-21 15:00:00,17.56800079
2017-11-21 16:00:00,17.3484993
2017-11-21 17:00:00,17.3484993
2017-11-21 18:00:00,16.9090004
2017-11-21 19:00:00,16.9090004
2017-11-21 20:00:00,16.9090004
2017-11-21 21:00:00,16.46949959
2017-11-21 22:00:00,16.25
2017-11-21 23:00:00,16.25
2017-11-22 00:00:00,16.25
2017-11-22 01:00:00,16.25
2017-11-22 02:00:00,16.25
2017-11-22 03:00:00,16.03050041
2017-11-22 04:00:00,15.81099987
2017-11-22 05:00:00,15.37100029
2017-11-22 06:00:00,14.93200016
2017-11-22 07:00:00,14.49199963
2017-11-22 08:00:00,14.49199963
2017-11-22 09:00:00,16.46949959
2017-11-22 10:00:00,19.10650063
2017-11-22 11:00:00,22.18300056
2017-11-22 12:00:00,24.37999916
2017-11-22 13:00:00,25.91799927
2017-11-22 14:00:00,26.79700089
2017-11-22 15:00:00,25.03899956
2017-11-22 16:00:00,23.94050026
2017-11-22 17:00:00,22.62199974
2017-11-22 18:00:00,21.52300072
2017-11-22 19:00:00,20.64500046
2017-11-22 20:00:00,19.98550034
2017-11-22 21:00:00,19.32600021
2017-11-22 22:00:00,18.88699913
2017-11-22 23:00:00,18.4470005
2017-11-23 00:00:00,18.00799942
2017-11-23 01:00:00,17.56800079
2017-11-23 02:00:00,17.12899971
2017-11-23 03:00:00,16.03050041
2017-11-23 04:00:00,14.71199989
2017-11-23 05:00:00,13.61299992
2017-11-23 06:00:00,12.73400021
2017-11-23 07:00:00,12.07499981
2017-11-23 08:00:00,12.07499981
2017-11-23 09:00:00,14.05249977
2017-11-23 10:00:00,17.56850052
2017-11-23 11:00:00,20.86450005
2017-11-23 12:00:00,22.40250015
2017-11-23 13:00:00,24.15999985
2017-11-23 14:00:00,25.69799995
2017-11-23 15:00:00,25.69799995
2017-11-23 16:00:00,24.15999985
2017-11-23 17:00:00,21.96249962
2017-11-23 18:00:00,19.76600075
2017-11-23 19:00:00,17.78800011
2017-11-23 20:00:00,16.25
2017-11-23 21:00:00,14.71199989
2017-11-23 22:00:00,13.61299992
2017-11-23 23:00:00,12.95400047
2017-11-24 00:00:00,12.29500008
2017-11-24 01:00:00,11.63549995
2017-11-24 02:00:00,10.75699997
2017-11-24 03:00:00,10.31750011
2017-11-24 04:00:00,9.878000259
2017-11-24 05:00:00,8.998999596
2017-11-24 06:00:00,8.559499741
2017-11-24 07:00:00,8.559499741
2017-11-24 08:00:00,8.779500008
2017-11-24 09:00:00,11.85550022
2017-11-24 10:00:00,15.81050014
2017-11-24 11:00:00,20.20499992
2017-11-24 12:00:00,23.28100014
2017-11-24 13:00:00,25.47850037
2017-11-24 14:00:00,25.91799927
2017-11-24 15:00:00,24.81949997
2017-11-24 16:00:00,23.72050095
2017-11-24 17:00:00,22.18250084
2017-11-24 18:00:00,20.42499924
2017-11-24 19:00:00,18.88699913
2017-11-24 20:00:00,17.78800011
2017-11-24 21:00:00,16.9090004
2017-11-24 22:00:00,16.03050041
2017-11-24 23:00:00,15.81099987
2017-11-25 00:00:00,15.5909996
2017-11-25 01:00:00,15.5909996
2017-11-25 02:00:00,15.5909996
2017-11-25 03:00:00,15.15149975
2017-11-25 04:00:00,14.71199989
2017-11-25 05:00:00,13.83300018
2017-11-25 06:00:00,12.95400047
2017-11-25 07:00:00,12.51449966
2017-11-25 08:00:00,12.51449966
2017-11-25 09:00:00,15.15149975
2017-11-25 10:00:00,18.66699982
2017-11-25 11:00:00,22.40200043
2017-11-25 12:00:00,24.60000038
2017-11-25 13:00:00,25.47850037
2017-11-25 14:00:00,26.35750008
2017-11-25 15:00:00,25.91799927
2017-11-25 16:00:00,24.81949997
2017-11-25 17:00:00,23.50099945
2017-11-25 18:00:00,21.74300003
2017-11-25 19:00:00,20.20499992
2017-11-25 20:00:00,18.88699913
2017-11-25 21:00:00,18.4470005
2017-11-25 22:00:00,18.22750092
2017-11-25 23:00:00,18.00799942
2017-11-26 00:00:00,18.00799942
2017-11-26 01:00:00,18.00799942
2017-11-26 02:00:00,17.12899971
2017-11-26 03:00:00,16.03050041
2017-11-26 04:00:00,14.93200016
2017-11-26 05:00:00,14.05300045
2017-11-26 06:00:00,13.61299992
2017-11-26 07:00:00,12.95400047
2017-11-26 08:00:00,12.95400047
2017-11-26 09:00:00,15.81050014
2017-11-26 10:00:00,19.54599953
2017-11-26 11:00:00,23.50099945
2017-11-26 12:00:00,26.13800049
2017-11-26 13:00:00,28.77449989
2017-11-26 14:00:00,30.53199959
2017-11-26 15:00:00,30.3125
2017-11-26 16:00:00,28.77449989
2017-11-26 17:00:00,26.13750076
2017-11-26 18:00:00,23.72100067
2017-11-26 19:00:00,21.96299934
2017-11-26 20:00:00,20.64500046
2017-11-26 21:00:00,19.76600075
2017-11-26 22:00:00,18.66699982
2017-11-26 23:00:00,18.22750092
2017-11-27 00:00:00,17.3484993
2017-11-27 01:00:00,16.9090004
2017-11-27 02:00:00,16.46949959
2017-11-27 03:00:00,16.03050041
2017-11-27 04:00:00,15.81099987
2017-11-27 05:00:00,15.37100029
2017-11-27 06:00:00,14.71199989
2017-11-27 07:00:00,14.27250004
2017-11-27 08:00:00,14.49250031
2017-11-27 09:00:00,16.25
2017-11-27 10:00:00,19.10650063
2017-11-27 11:00:00,21.96299934
2017-11-27 12:00:00,23.72100067
2017-11-27 13:00:00,25.25849915
2017-11-27 14:00:00,27.01650047
2017-11-27 15:00:00,26.57699966
2017-11-27 16:00:00,25.47850037
2017-11-27 17:00:00,23.94050026
2017-11-27 18:00:00,22.84199905
2017-11-27 19:00:00,21.96299934
2017-11-27 20:00:00,21.30349922
2017-11-27 21:00:00,20.86450005
2017-11-27 22:00:00,20.42499924
2017-11-27 23:00:00,19.98550034
2017-11-28 00:00:00,19.98550034
2017-11-28 01:00:00,19.76600075
2017-11-28 02:00:00,18.88699913
2017-11-28 03:00:00,18.4470005
2017-11-28 04:00:00,18.22750092
2017-11-28 05:00:00,18.00799942
2017-11-28 06:00:00,18.00799942
2017-11-28 07:00:00,18.00799942
2017-11-28 08:00:00,18.4470005
2017-11-28 09:00:00,19.32600021
2017-11-28 10:00:00,19.76600075
2017-11-28 11:00:00,20.20499992
2017-11-28 12:00:00,21.08399963
2017-11-28 13:00:00,22.18250084
2017-11-28 14:00:00,22.62199974
2017-11-28 15:00:00,23.28100014
2017-11-28 16:00:00,23.50099945
2017-11-28 17:00:00,23.72100067
2017-11-28 18:00:00,22.84199905
2017-11-28 19:00:00,21.96299934
2017-11-28 20:00:00,20.64500046
2017-11-28 21:00:00,20.20499992
2017-11-28 22:00:00,19.76600075
2017-11-28 23:00:00,19.54599953
2017-11-29 00:00:00,19.10650063
2017-11-29 01:00:00,19.10650063
2017-11-29 02:00:00,19.10650063
2017-11-29 03:00:00,18.88699913
2017-11-29 04:00:00,18.88699913
2017-11-29 05:00:00,18.4470005
2017-11-29 06:00:00,18.00799942
2017-11-29 07:00:00,17.56800079
2017-11-29 08:00:00,17.3484993
2017-11-29 09:00:00,17.3484993
2017-11-29 10:00:00,17.3484993
2017-11-29 11:00:00,17.78800011
2017-11-29 12:00:00,18.44750023
2017-11-29 13:00:00,19.32649994
2017-11-29 14:00:00,19.32649994
2017-11-29 15:00:00,19.10650063
2017-11-29 16:00:00,18.88699913
2017-11-29 17:00:00,18.66699982
2017-11-29 18:00:00,18.4470005
2017-11-29 19:00:00,18.22750092
2017-11-29 20:00:00,18.00799942
2017-11-29 21:00:00,17.78800011
2017-11-29 22:00:00,17.56800079
2017-11-29 23:00:00,16.9090004
2017-11-30 00:00:00,16.46949959
2017-11-30 01:00:00,16.25
2017-11-30 02:00:00,15.81099987
2017-11-30 03:00:00,14.93200016
2017-11-30 04:00:00,13.61299992
2017-11-30 05:00:00,13.17399979
2017-11-30 06:00:00,13.17399979
2017-11-30 07:00:00,13.61299992
2017-11-30 08:00:00,13.61299992
2017-11-30 09:00:00,13.61299992
2017-11-30 10:00:00,13.61299992
2017-11-30 11:00:00,13.61299992
2017-11-30 12:00:00,14.05300045
2017-11-30 13:00:00,14.93200016
2017-11-30 14:00:00,15.37100029
2017-11-30 15:00:00,15.5909996
2017-11-30 16:00:00,16.03050041
2017-11-30 17:00:00,16.03050041
2017-11-30 18:00:00,16.03050041
2017-11-30 19:00:00,16.03050041
2017-11-30 20:00:00,16.03050041
2017-11-30 21:00:00,15.81099987
2017-11-30 22:00:00,15.5909996
2017-11-30 23:00:00,15.37100029
2017-12-01 00:00:00,14.93200016
2017-12-01 01:00:00,14.49199963
2017-12-01 02:00:00,13.61299992
2017-12-01 03:00:00,12.73449993
2017-12-01 04:00:00,12.07499981
2017-12-01 05:00:00,11.19649982
2017-12-01 06:00:00,10.31750011
2017-12-01 07:00:00,9.878000259
2017-12-01 08:00:00,9.878000259
2017-12-01 09:00:00,11.41600037
2017-12-01 10:00:00,13.17350006
2017-12-01 11:00:00,15.15149975
2017-12-01 12:00:00,17.56800079
2017-12-01 13:00:00,18.44750023
2017-12-01 14:00:00,18.8864994
2017-12-01 15:00:00,19.76549911
2017-12-01 16:00:00,19.76600075
2017-12-01 17:00:00,18.44750023
2017-12-01 18:00:00,17.12849998
2017-12-01 19:00:00,15.5909996
2017-12-01 20:00:00,14.49199963
2017-12-01 21:00:00,13.39350033
2017-12-01 22:00:00,12.51449966
2017-12-01 23:00:00,12.07499981
2017-12-02 00:00:00,12.07499981
2017-12-02 01:00:00,12.07499981
2017-12-02 02:00:00,11.63549995
2017-12-02 03:00:00,10.75699997
2017-12-02 04:00:00,10.5369997
2017-12-02 05:00:00,10.75699997
2017-12-02 06:00:00,10.75699997
2017-12-02 07:00:00,11.19649982
2017-12-02 08:00:00,11.85499954
2017-12-02 09:00:00,12.51449966
2017-12-02 10:00:00,13.39350033
2017-12-02 11:00:00,14.49199963
2017-12-02 12:00:00,16.25
2017-12-02 13:00:00,17.78800011
2017-12-02 14:00:00,19.54599953
2017-12-02 15:00:00,19.76600075
2017-12-02 16:00:00,19.76600075
2017-12-02 17:00:00,18.88699913
2017-12-02 18:00:00,17.3484993
2017-12-02 19:00:00,16.46949959
2017-12-02 20:00:00,15.37100029
2017-12-02 21:00:00,14.27250004
2017-12-02 22:00:00,13.83300018
2017-12-02 23:00:00,13.39350033
2017-12-03 00:00:00,12.51449966
2017-12-03 01:00:00,12.07499981
2017-12-03 02:00:00,11.63549995
2017-12-03 03:00:00,11.19649982
2017-12-03 04:00:00,10.75699997
2017-12-03 05:00:00,10.5369997
2017-12-03 06:00:00,10.31750011
2017-12-03 07:00:00,9.878000259
2017-12-03 08:00:00,9.878000259
2017-12-03 09:00:00,12.51449966
2017-12-03 10:00:00,15.5909996
2017-12-03 11:00:00,14.676185308168261
2017-12-03 12:00:00,15.34965293005191
2017-12-03 13:00:00,16.018578120450872
2017-12-03 14:00:00,16.681864214035194
2017-12-03 15:00:00,17.338414545474922
2017-12-03 16:00:00,17.987132449440104
2017-12-03 17:00:00,18.62692126060079
2017-12-03 18:00:00,19.256684313627023
2017-12-03 19:00:00,19.875324943188854
2017-12-03 20:00:00,20.48174648395633
2017-12-03 21:00:00,21.074852270599497
2017-12-03 22:00:00,21.653545637788405
2017-12-03 23:00:00,22.216729920193103
2017-12-04 00:00:00,22.763308452483635
2017-12-04 01:00:00,23.292184569330054
2017-12-04 02:00:00,23.802261605402403
2017-12-04 03:00:00,24.292442895370726
2017-12-04 04:00:00,24.761631773905076
2017-12-04 05:00:00,25.208731575675504
2017-12-04 06:00:00,25.632645635352052
2017-12-04 07:00:00,26.032277287604767
2017-12-04 08:00:00,26.406529867103696
2017-12-04 09:00:00,26.754306708518904
2017-12-04 10:00:00,27.074511146520415
2017-12-04 11:00:00,27.366046515778294
2017-12-04 12:00:00,27.627816150962573
2017-12-04 13:00:00,27.85872338674331
2017-12-04 14:00:00,28.057671557790545
2017-12-04 15:00:00,28.223563998774342
2017-12-04 16:00:00,28.35530404436473
2017-12-04 17:00:00,28.451795029231764
2017-12-04 18:00:00,28.511940288045494
2017-12-04 19:00:00,28.53464315547597
2017-12-04 20:00:00,28.518806966193246
2017-12-04 21:00:00,28.46333505486737
2017-12-04 22:00:00,28.36713075616836
2017-12-04 23:00:00,28.229097404766293
2017-12-05 00:00:00,28.048138335331206
2017-12-05 01:00:00,27.823156882533148
2017-12-05 02:00:00,27.553056381042133
2017-12-05 03:00:00,27.236740165528253
2017-12-05 04:00:00,26.87311157066155
2017-12-05 05:00:00,26.461073931112068
2017-12-05 06:00:00,25.999530581549855
2017-12-05 07:00:00,25.48738485664496
2017-12-05 08:00:00,24.923540091067395
2017-12-05 09:00:00,24.30689961948727
2017-12-05 10:00:00,23.636366776574594
2017-12-05 11:00:00,22.91084489699943
2017-12-05 12:00:00,22.129237315431773
2017-12-05 13:00:00,20.64450073
2017-12-05 14:00:00,21.30400085
2017-12-05 15:00:00,20.42449951
2017-12-05 16:00:00,18.66699982
2017-12-05 17:00:00,16.9090004
2017-12-05 18:00:00,14.71199989
2017-12-05 19:00:00,13.39350033
2017-12-05 20:00:00,12.07499981
2017-12-05 21:00:00,10.75699997
2017-12-05 22:00:00,9.878000259
2017-12-05 23:00:00,9.438500404
2017-12-06 00:00:00,8.998999596
2017-12-06 01:00:00,8.339500427
2017-12-06 02:00:00,7.680500031
2017-12-06 03:00:00,7.021500111
2017-12-06 04:00:00,6.142499924
2017-12-06 05:00:00,5.922999859
2017-12-06 06:00:00,5.483500004
2017-12-06 07:00:00,5.483500004
2017-12-06 08:00:00,6.362500191
2017-12-06 09:00:00,8.779000282
2017-12-06 10:00:00,11.85550022
2017-12-06 11:00:00,15.37150002
2017-12-06 12:00:00,15.37100029
2017-12-06 13:00:00,15.5909996
2017-12-06 14:00:00,17.12899971
2017-12-06 15:00:00,18.22750092
2017-12-06 16:00:00,17.56800079
2017-12-06 17:00:00,16.9090004
2017-12-06 18:00:00,15.81099987
2017-12-06 19:00:00,14.71199989
2017-12-06 20:00:00,13.39350033
2017-12-06 21:00:00,12.07499981
2017-12-06 22:00:00,11.19649982
2017-12-06 23:00:00,10.31750011
2017-12-07 00:00:00,9.438500404
2017-12-07 01:00:00,8.559499741
2017-12-07 02:00:00,8.119999886
2017-12-07 03:00:00,8.119999886
2017-12-07 04:00:00,8.119999886
2017-12-07 05:00:00,8.119999886
2017-12-07 06:00:00,8.119999886
2017-12-07 07:00:00,8.559499741
2017-12-07 08:00:00,8.998999596
2017-12-07 09:00:00,10.31750011
2017-12-07 10:00:00,11.63549995
2017-12-07 11:00:00,12.95400047
2017-12-07 12:00:00,13.83300018
2017-12-07 13:00:00,14.27250004
2017-12-07 14:00:00,15.5909996
2017-12-07 15:00:00,16.68950081
2017-12-07 16:00:00,16.9090004
2017-12-07 17:00:00,16.25
2017-12-07 18:00:00,15.37150002
2017-12-07 19:00:00,14.27250004
2017-12-07 20:00:00,12.95400047
2017-12-07 21:00:00,12.07499981
2017-12-07 22:00:00,11.41600037
2017-12-07 23:00:00,10.75699997
2017-12-08 00:00:00,9.878000259
2017-12-08 01:00:00,8.998999596
2017-12-08 02:00:00,8.559499741
2017-12-08 03:00:00,7.900000095
2017-12-08 04:00:00,7.900000095
2017-12-08 05:00:00,7.680500031
2017-12-08 06:00:00,7.680500031
2017-12-08 07:00:00,7.241000175
2017-12-08 08:00:00,6.801499844
2017-12-08 09:00:00,9.438500404
2017-12-08 10:00:00,12.29450035
2017-12-08 11:00:00,15.5909996
2017-12-08 12:00:00,17.56850052
2017-12-08 13:00:00,19.1060009
2017-12-08 14:00:00,19.76549911
2017-12-08 15:00:00,18.8864994
2017-12-08 16:00:00,17.3484993
2017-12-08 17:00:00,15.15149975
2017-12-08 18:00:00,13.17350006
2017-12-08 19:00:00,11.41600037
2017-12-08 20:00:00,9.878000259
2017-12-08 21:00:00,8.559499741
2017-12-08 22:00:00,7.680500031
2017-12-08 23:00:00,6.801499844
2017-12-09 00:00:00,6.362500191
2017-12-09 01:00:00,6.142499924
2017-12-09 02:00:00,5.483500004
2017-12-09 03:00:00,5.044000149
2017-12-09 04:00:00,4.824500084
2017-12-09 05:00:00,4.604499817
2017-12-09 06:00:00,4.604499817
2017-12-09 07:00:00,4.164999962
2017-12-09 08:00:00,4.604499817
2017-12-09 09:00:00,6.143000126
2017-12-09 10:00:00,7.900000095
2017-12-09 11:00:00,11.41600037
2017-12-09 12:00:00,14.27250004
2017-12-09 13:00:00,15.81050014
2017-12-09 14:00:00,18.22750092
2017-12-09 15:00:00,18.66699982
2017-12-09 16:00:00,17.56850052
2017-12-09 17:00:00,16.25
2017-12-09 18:00:00,15.37100029
2017-12-09 19:00:00,14.49199963
2017-12-09 20:00:00,13.39350033
2017-12-09 21:00:00,12.07499981
2017-12-09 22:00:00,11.41600037
2017-12-09 23:00:00,10.75699997
2017-12-10 00:00:00,10.31750011
2017-12-10 01:00:00,9.878000259
2017-12-10 02:00:00,10.31750011
2017-12-10 03:00:00,10.97700024
2017-12-10 04:00:00,11.41600037
2017-12-10 05:00:00,11.63549995
2017-12-10 06:00:00,11.85499954
2017-12-10 07:00:00,11.85499954
2017-12-10 08:00:00,12.29450035
2017-12-10 09:00:00,13.39350033
2017-12-10 10:00:00,15.37100029
2017-12-10 11:00:00,18.88699913
2017-12-10 12:00:00,21.30349922
2017-12-10 13:00:00,22.84199905
2017-12-10 14:00:00,24.15999985
2017-12-10 15:00:00,23.50099945
2017-12-10 16:00:00,21.96299934
2017-12-10 17:00:00,19.98550034
2017-12-10 18:00:00,18.44750023
2017-12-10 19:00:00,17.12849998
2017-12-10 20:00:00,15.5909996
2017-12-10 21:00:00,14.05300045
2017-12-10 22:00:00,12.95400047
2017-12-10 23:00:00,11.63549995
2017-12-11 00:00:00,10.75699997
2017-12-11 01:00:00,9.878000259
2017-12-11 02:00:00,8.998999596
2017-12-11 03:00:00,8.119999886
2017-12-11 04:00:00,7.241000175
2017-12-11 05:00:00,6.362500191
2017-12-11 06:00:00,5.922999859
2017-12-11 07:00:00,5.263500214
2017-12-11 08:00:00,5.263500214
2017-12-11 09:00:00,7.680500031
2017-12-11 10:00:00,11.63599968
2017-12-11 11:00:00,16.25
2017-12-11 12:00:00,19.32600021
2017-12-11 13:00:00,21.96299934
2017-12-11 14:00:00,24.37949944
2017-12-11 15:00:00,24.15999985
2017-12-11 16:00:00,23.28100014
2017-12-11 17:00:00,20.42499924
2017-12-11 18:00:00,18.00799942
2017-12-11 19:00:00,15.81099987
2017-12-11 20:00:00,13.83300018
2017-12-11 21:00:00,14.419603625287067
2017-12-11 22:00:00,13.733382419379168
2017-12-11 23:00:00,13.098386396639773
2017-12-12 00:00:00,12.512958190947444
2017-12-12 01:00:00,11.975440436180744
2017-12-12 02:00:00,11.484175766218232
2017-12-12 03:00:00,11.037506814938475
2017-12-12 04:00:00,10.633776216220038
2017-12-12 05:00:00,10.271326603941478
2017-12-12 06:00:00,9.948500611981363
2017-12-12 07:00:00,9.663640874218247
2017-12-12 08:00:00,9.415090024530706
2017-12-12 09:00:00,9.201190696797287
2017-12-12 10:00:00,9.020285524896563
2017-12-12 11:00:00,8.870717142707097
2017-12-12 12:00:00,8.750828184107446
2017-12-12 13:00:00,8.658961282976176
2017-12-12 14:00:00,8.593459073191855
2017-12-12 15:00:00,8.552664188633027
2017-12-12 16:00:00,8.534919263178287
2017-12-12 17:00:00,8.538566930706171
2017-12-12 18:00:00,8.561949825095253
2017-12-12 19:00:00,8.603410580224082
2017-12-12 20:00:00,8.661291829971258
2017-12-12 21:00:00,8.733936208215304
2017-12-12 22:00:00,8.819686348834797
2017-12-12 23:00:00,8.9168848857083
2017-12-13 00:00:00,9.02387445271438
2017-12-13 01:00:00,9.138997683731578
2017-12-13 02:00:00,9.26059721263849
2017-12-13 03:00:00,9.387015673313645
2017-12-13 04:00:00,9.516595699635637
2017-12-13 05:00:00,9.647679925483015
2017-12-13 06:00:00,9.778610984734332
2017-12-13 07:00:00,9.907731511268182
2017-12-13 08:00:00,10.033384138963076
2017-12-13 09:00:00,10.153911501697582
2017-12-13 10:00:00,10.26765623335033
2017-12-13 11:00:00,10.372960967799838
2017-12-13 12:00:00,10.468168338924642
2017-12-13 13:00:00,10.55162098060335
2017-12-13 14:00:00,10.621661526714512
2017-12-13 15:00:00,10.676632611136721
2017-12-13 16:00:00,10.714876867748458
2017-12-13 17:00:00,10.734736930428372
2017-12-13 18:00:00,10.734555433054972
2017-12-13 19:00:00,10.712675009506846
2017-12-13 20:00:00,10.66743829366252
2017-12-13 21:00:00,10.59718791940061
2017-12-13 22:00:00,10.50026652059961
2017-12-13 23:00:00,10.75699997
2017-12-14 00:00:00,9.878000259
2017-12-14 01:00:00,9.658499718
2017-12-14 02:00:00,9.658499718
2017-12-14 03:00:00,9.218500137
2017-12-14 04:00:00,8.779500008
2017-12-14 05:00:00,8.779500008
2017-12-14 06:00:00,8.339500427
2017-12-14 07:00:00,7.900499821
2017-12-14 08:00:00,7.900499821
2017-12-14 09:00:00,7.900499821
2017-12-14 10:00:00,8.779500008
2017-12-14 11:00:00,9.218500137
2017-12-14 12:00:00,9.658499718
2017-12-14 13:00:00,10.53750038
2017-12-14 14:00:00,10.97649956
2017-12-14 15:00:00,10.97649956
2017-12-14 16:00:00,10.97649956
2017-12-14 17:00:00,10.97649956
2017-12-14 18:00:00,11.85550022
2017-12-14 19:00:00,11.85550022
2017-12-14 20:00:00,12.29450035
2017-12-14 21:00:00,12.51449966
2017-12-14 22:00:00,12.73449993
2017-12-14 23:00:00,13.17350006
2017-12-15 00:00:00,13.17350006
2017-12-15 01:00:00,13.17350006
2017-12-15 02:00:00,13.39350033
2017-12-15 03:00:00,13.39350033
2017-12-15 04:00:00,13.17399979
2017-12-15 05:00:00,12.95400047
2017-12-15 06:00:00,12.07499981
2017-12-15 07:00:00,11.63549995
2017-12-15 08:00:00,11.63549995
2017-12-15 09:00:00,11.63549995
2017-12-15 10:00:00,11.63549995
2017-12-15 11:00:00,11.85499954
2017-12-15 12:00:00,12.07499981
2017-12-15 13:00:00,12.51449966
2017-12-15 14:00:00,12.51449966
2017-12-15 15:00:00,12.51449966
2017-12-15 16:00:00,12.51449966
2017-12-15 17:00:00,12.51449966
2017-12-15 18:00:00,12.51449966
2017-12-15 19:00:00,12.51449966
2017-12-15 20:00:00,12.73400021
2017-12-15 21:00:00,12.73400021
2017-12-15 22:00:00,12.73400021
2017-12-15 23:00:00,13.17399979
2017-12-16 00:00:00,13.17399979
2017-12-16 01:00:00,13.17399979
2017-12-16 02:00:00,12.95400047
2017-12-16 03:00:00,12.29500008
2017-12-16 04:00:00,11.85499954
2017-12-16 05:00:00,11.85499954
2017-12-16 06:00:00,11.41600037
2017-12-16 07:00:00,11.41600037
2017-12-16 08:00:00,11.19649982
2017-12-16 09:00:00,11.19649982
2017-12-16 10:00:00,11.41600037
2017-12-16 11:00:00,12.07499981
2017-12-16 12:00:00,12.51449966
2017-12-16 13:00:00,12.29450035
2017-12-16 14:00:00,12.73449993
2017-12-16 15:00:00,12.73449993
2017-12-16 16:00:00,12.51449966
2017-12-16 17:00:00,12.51449966
2017-12-16 18:00:00,11.85550022
2017-12-16 19:00:00,11.19649982
2017-12-16 20:00:00,10.31750011
2017-12-16 21:00:00,9.438500404
2017-12-16 22:00:00,8.559499741
2017-12-16 23:00:00,8.119999886
2017-12-17 00:00:00,7.680500031
2017-12-17 01:00:00,7.021500111
2017-12-17 02:00:00,6.142499924
2017-12-17 03:00:00,5.263500214
2017-12-17 04:00:00,4.384500027
2017-12-17 05:00:00,3.725500107
2017-12-17 06:00:00,3.066499949
2017-12-17 07:00:00,2.627000093
2017-12-17 08:00:00,2.627000093
2017-12-17 09:00:00,5.263500214
2017-12-17 10:00:00,8.559499741
2017-12-17 11:00:00,12.51500034
2017-12-17 12:00:00,14.93150043
2017-12-17 13:00:00,16.25
2017-12-17 14:00:00,18.00799942
2017-12-17 15:00:00,17.56850052
2017-12-17 16:00:00,16.46999931
2017-12-17 17:00:00,14.05300045
2017-12-17 18:00:00,11.85550022
2017-12-17 19:00:00,9.878000259
2017-12-17 20:00:00,8.779500008
2017-12-17 21:00:00,7.900499821
2017-12-17 22:00:00,7.241000175
2017-12-17 23:00:00,6.581999779
2017-12-18 00:00:00,6.142499924
2017-12-18 01:00:00,5.483500004
2017-12-18 02:00:00,4.824500084
2017-12-18 03:00:00,4.384500027
2017-12-18 04:00:00,3.505500078
2017-12-18 05:00:00,3.066499949
2017-12-18 06:00:00,2.627000093
2017-12-18 07:00:00,2.627000093
2017-12-18 08:00:00,2.627000093
2017-12-18 09:00:00,5.263500214
2017-12-18 10:00:00,8.779500008
2017-12-18 11:00:00,12.51449966
2017-12-18 12:00:00,14.71199989
2017-12-18 13:00:00,16.25
2017-12-18 14:00:00,18.22750092
2017-12-18 15:00:00,18.66699982
2017-12-18 16:00:00,18.44750023
2017-12-18 17:00:00,16.68950081
2017-12-18 18:00:00,14.71199989
2017-12-18 19:00:00,12.95400047
2017-12-18 20:00:00,11.63549995
2017-12-18 21:00:00,10.75699997
2017-12-18 22:00:00,10.31750011
2017-12-18 23:00:00,9.878000259
2017-12-19 00:00:00,9.438500404
2017-12-19 01:00:00,8.779500008
2017-12-19 02:00:00,7.900499821
2017-12-19 03:00:00,7.460499763
2017-12-19 04:00:00,6.581999779
2017-12-19 05:00:00,6.142499924
2017-12-19 06:00:00,5.703499794
2017-12-19 07:00:00,5.044000149
2017-12-19 08:00:00,4.824500084
2017-12-19 09:00:00,7.021500111
2017-12-19 10:00:00,10.75699997
2017-12-19 11:00:00,14.71199989
2017-12-19 12:00:00,17.56850052
2017-12-19 13:00:00,17.50200376910091
2017-12-19 14:00:00,18.930952410687944
2017-12-19 15:00:00,20.298227832471255
2017-12-19 16:00:00,21.604269589223257
2017-12-19 17:00:00,22.849517235716366
2017-12-19 18:00:00,24.034410326722995
2017-12-19 19:00:00,25.159388417015553
2017-12-19 20:00:00,26.22489106136645
2017-12-19 21:00:00,27.231357814548105
2017-12-19 22:00:00,28.179228231332928
2017-12-19 23:00:00,29.068941866493336
2017-12-20 00:00:00,29.900938274801735
2017-12-20 01:00:00,30.67565701103055
2017-12-20 02:00:00,31.393537629952185
2017-12-20 03:00:00,32.05501968633906
2017-12-20 04:00:00,32.66054273496358
2017-12-20 05:00:00,33.210546330598156
2017-12-20 06:00:00,33.705470028015206
2017-12-20 07:00:00,34.14575338198716
2017-12-20 08:00:00,34.531835947286396
2017-12-20 09:00:00,34.86415727868534
2017-12-20 10:00:00,35.143156930956415
2017-12-20 11:00:00,35.36927445887205
2017-12-20 12:00:00,35.542949417204596
2017-12-20 13:00:00,35.66462136072653
2017-12-20 14:00:00,35.734729844210236
2017-12-20 15:00:00,35.753714422428146
2017-12-20 16:00:00,35.722014650152644
2017-12-20 17:00:00,35.64007008215619
2017-12-20 18:00:00,35.50832027321114
2017-12-20 19:00:00,35.32720477808995
2017-12-20 20:00:00,35.097163151565
2017-12-20 21:00:00,34.81863494840872
2017-12-20 22:00:00,34.492059723393545
2017-12-20 23:00:00,34.117877031291854
2017-12-21 00:00:00,33.69652642687608
2017-12-21 01:00:00,33.22844746491867
2017-12-21 02:00:00,32.71407970019195
2017-12-21 03:00:00,32.15386268746838
2017-12-21 04:00:00,31.548235981520357
2017-12-21 05:00:00,30.897639137120308
2017-12-21 06:00:00,30.202511709040643
2017-12-21 07:00:00,29.463293252053738
2017-12-21 08:00:00,28.680423320932107
2017-12-21 09:00:00,27.854341470448077
2017-12-21 10:00:00,26.985487255374053
2017-12-21 11:00:00,26.074300230482507
2017-12-21 12:00:00,25.121219950545836
2017-12-21 13:00:00,24.126685970336425
2017-12-21 14:00:00,23.0911378446267
2017-12-21 15:00:00,22.18250084
2017-12-21 16:00:00,21.30400085
2017-12-21 17:00:00,19.54599953
2017-12-21 18:00:00,17.78800011
2017-12-21 19:00:00,16.03050041
2017-12-21 20:00:00,14.27250004
2017-12-21 21:00:00,13.39350033
2017-12-21 22:00:00,13.17399979
2017-12-21 23:00:00,13.17399979
2017-12-22 00:00:00,13.17399979
2017-12-22 01:00:00,12.73400021
2017-12-22 02:00:00,11.63549995
2017-12-22 03:00:00,10.75699997
2017-12-22 04:00:00,9.878000259
2017-12-22 05:00:00,9.438500404
2017-12-22 06:00:00,9.438500404
2017-12-22 07:00:00,8.998999596
2017-12-22 08:00:00,8.559499741
2017-12-22 09:00:00,11.41600037
2017-12-22 10:00:00,14.49250031
2017-12-22 11:00:00,18.00799942
2017-12-22 12:00:00,21.52350044
2017-12-22 13:00:00,23.94050026
2017-12-22 14:00:00,26.57699966
2017-12-22 15:00:00,26.57749939
2017-12-22 16:00:00,26.35750008
2017-12-22 17:00:00,24.37999916
2017-12-22 18:00:00,21.74300003
2017-12-22 19:00:00,19.54599953
2017-12-22 20:00:00,18.00799942
2017-12-22 21:00:00,16.46949959
2017-12-22 22:00:00,15.5909996
2017-12-22 23:00:00,15.15149975
2017-12-23 00:00:00,15.15149975
2017-12-23 01:00:00,15.15149975
2017-12-23 02:00:00,15.15149975
2017-12-23 03:00:00,14.71199989
2017-12-23 04:00:00,14.49199963
2017-12-23 05:00:00,14.27250004
2017-12-23 06:00:00,13.83300018
2017-12-23 07:00:00,13.61299992
2017-12-23 08:00:00,13.39350033
2017-12-23 09:00:00,13.83300018
2017-12-23 10:00:00,16.03050041
2017-12-23 11:00:00,18.44750023
2017-12-23 12:00:00,20.20549965
2017-12-23 13:00:00,22.18250084
2017-12-23 14:00:00,23.72050095
2017-12-23 15:00:00,24.16049957
2017-12-23 16:00:00,23.50099945
2017-12-23 17:00:00,22.40200043
2017-12-23 18:00:00,21.52300072
2017-12-23 19:00:00,20.64500046
2017-12-23 20:00:00,20.20499992
2017-12-23 21:00:00,19.76600075
2017-12-23 22:00:00,19.32649994
2017-12-23 23:00:00,19.10650063
2017-12-24 00:00:00,18.44750023
2017-12-24 01:00:00,18.00749969
2017-12-24 02:00:00,17.56850052
2017-12-24 03:00:00,16.9090004
2017-12-24 04:00:00,16.03050041
2017-12-24 05:00:00,15.5909996
2017-12-24 06:00:00,14.71199989
2017-12-24 07:00:00,14.27250004
2017-12-24 08:00:00,13.83300018
2017-12-24 09:00:00,14.27250004
2017-12-24 10:00:00,15.37100029
2017-12-24 11:00:00,16.90950012
2017-12-24 12:00:00,18.66699982
2017-12-24 13:00:00,19.54599953
2017-12-24 14:00:00,19.76549911
2017-12-24 15:00:00,19.76549911
2017-12-24 16:00:00,19.32649994
2017-12-24 17:00:00,18.00799942
2017-12-24 18:00:00,16.68950081
2017-12-24 19:00:00,15.37150002
2017-12-24 20:00:00,14.05300045
2017-12-24 21:00:00,12.95400047
2017-12-24 22:00:00,12.07499981
2017-12-24 23:00:00,11.63549995
2017-12-25 00:00:00,10.75699997
2017-12-25 01:00:00,9.878000259
2017-12-25 02:00:00,8.779500008
2017-12-25 03:00:00,7.900499821
2017-12-25 04:00:00,7.241000175
2017-12-25 05:00:00,6.581999779
2017-12-25 06:00:00,5.922999859
2017-12-25 07:00:00,5.483500004
2017-12-25 08:00:00,5.263500214
2017-12-25 09:00:00,7.460499763
2017-12-25 10:00:00,11.63599968
2017-12-25 11:00:00,15.37100029
2017-12-25 12:00:00,18.22750092
2017-12-25 13:00:00,19.98550034
2017-12-25 14:00:00,21.96299934
2017-12-25 15:00:00,21.30349922
2017-12-25 16:00:00,19.32649994
2017-12-25 17:00:00,17.56800079
2017-12-25 18:00:00,15.5909996
2017-12-25 19:00:00,13.83300018
2017-12-25 20:00:00,12.51449966
2017-12-25 21:00:00,11.63549995
2017-12-25 22:00:00,10.75699997
2017-12-25 23:00:00,9.878000259
2017-12-26 00:00:00,9.218500137
2017-12-26 01:00:00,8.559499741
2017-12-26 02:00:00,8.559499741
2017-12-26 03:00:00,8.559499741
2017-12-26 04:00:00,7.900499821
2017-12-26 05:00:00,7.460499763
2017-12-26 06:00:00,7.021500111
2017-12-26 07:00:00,6.581999779
2017-12-26 08:00:00,6.142499924
2017-12-26 09:00:00,7.900499821
2017-12-26 10:00:00,11.1960001
2017-12-26 11:00:00,15.59049988
2017-12-26 12:00:00,19.32649994
2017-12-26 13:00:00,21.74349976
2017-12-26 14:00:00,23.50099945
2017-12-26 15:00:00,23.50099945
2017-12-26 16:00:00,22.84199905
2017-12-26 17:00:00,21.08399963
2017-12-26 18:00:00,19.10650063
2017-12-26 19:00:00,16.9090004
2017-12-26 20:00:00,15.81099987
2017-12-26 21:00:00,14.93200016
2017-12-26 22:00:00,14.27250004
2017-12-26 23:00:00,13.83300018
2017-12-27 00:00:00,13.39350033
2017-12-27 01:00:00,12.29450035
2017-12-27 02:00:00,11.41600037
2017-12-27 03:00:00,10.53750038
2017-12-27 04:00:00,10.31750011
2017-12-27 05:00:00,9.438500404
2017-12-27 06:00:00,8.779500008
2017-12-27 07:00:00,8.559499741
2017-12-27 08:00:00,8.779500008
2017-12-27 09:00:00,10.09749985
2017-12-27 10:00:00,12.29450035
2017-12-27 11:00:00,15.15149975
2017-12-27 12:00:00,17.56800079
2017-12-27 13:00:00,18.44750023
2017-12-27 14:00:00,18.66699982
2017-12-27 15:00:00,18.66699982
2017-12-27 16:00:00,18.22750092
2017-12-27 17:00:00,17.3484993
2017-12-27 18:00:00,16.9090004
2017-12-27 19:00:00,16.68950081
2017-12-27 20:00:00,16.46949959
2017-12-27 21:00:00,16.46949959
2017-12-27 22:00:00,16.46949959
2017-12-27 23:00:00,16.46949959
2017-12-28 00:00:00,16.25
2017-12-28 01:00:00,15.81099987
2017-12-28 02:00:00,15.81099987
2017-12-28 03:00:00,15.81099987
2017-12-28 04:00:00,15.5909996
2017-12-28 05:00:00,15.5909996
2017-12-28 06:00:00,15.5909996
2017-12-28 07:00:00,15.15149975
2017-12-28 08:00:00,15.15149975
2017-12-28 09:00:00,14.71199989
2017-12-28 10:00:00,14.27250004
2017-12-28 11:00:00,14.05300045
2017-12-28 12:00:00,13.83300018
2017-12-28 13:00:00,14.49199963
2017-12-28 14:00:00,14.71199989
2017-12-28 15:00:00,14.93200016
2017-12-28 16:00:00,15.15149975
2017-12-28 17:00:00,15.5909996
2017-12-28 18:00:00,15.81099987
2017-12-28 19:00:00,16.03050041
2017-12-28 20:00:00,16.25
2017-12-28 21:00:00,16.25
2017-12-28 22:00:00,16.25
2017-12-28 23:00:00,16.03050041
2017-12-29 00:00:00,16.03050041
2017-12-29 01:00:00,15.5909996
2017-12-29 02:00:00,15.15149975
2017-12-29 03:00:00,15.15149975
2017-12-29 04:00:00,14.93150043
2017-12-29 05:00:00,14.93150043
2017-12-29 06:00:00,14.93150043
2017-12-29 07:00:00,14.93150043
2017-12-29 08:00:00,15.15149975
2017-12-29 09:00:00,15.15149975
2017-12-29 10:00:00,16.03050041
2017-12-29 11:00:00,16.9090004
2017-12-29 12:00:00,18.00799942
2017-12-29 13:00:00,18.4470005
2017-12-29 14:00:00,18.66699982
2017-12-29 15:00:00,19.10650063
2017-12-29 16:00:00,19.10650063
2017-12-29 17:00:00,19.10650063
2017-12-29 18:00:00,19.10650063
2017-12-29 19:00:00,18.66699982
2017-12-29 20:00:00,18.4470005
2017-12-29 21:00:00,18.4470005
2017-12-29 22:00:00,18.22750092
2017-12-29 23:00:00,18.22750092
2017-12-30 00:00:00,18.22750092
2017-12-30 01:00:00,18.22750092
2017-12-30 02:00:00,18.00749969
2017-12-30 03:00:00,17.78800011
2017-12-30 04:00:00,17.12849998
2017-12-30 05:00:00,16.03000069
2017-12-30 06:00:00,16.03050041
2017-12-30 07:00:00,16.03050041
2017-12-30 08:00:00,16.03050041
2017-12-30 09:00:00,16.25
2017-12-30 10:00:00,16.46999931
2017-12-30 11:00:00,16.46999931
2017-12-30 12:00:00,16.03000069
2017-12-30 13:00:00,16.25
2017-12-30 14:00:00,16.25
2017-12-30 15:00:00,15.5909996
2017-12-30 16:00:00,15.15149975
2017-12-30 17:00:00,14.71199989
2017-12-30 18:00:00,14.27250004
2017-12-30 19:00:00,14.05249977
2017-12-30 20:00:00,13.83300018
2017-12-30 21:00:00,13.17399979
2017-12-30 22:00:00,12.51449966
2017-12-30 23:00:00,12.07499981
2017-12-31 00:00:00,11.63549995
2017-12-31 01:00:00,11.63549995
2017-12-31 02:00:00,11.63549995
2017-12-31 03:00:00,11.63549995
2017-12-31 04:00:00,11.63549995
2017-12-31 05:00:00,11.63549995
2017-12-31 06:00:00,11.63549995
2017-12-31 07:00:00,11.63549995
2017-12-31 08:00:00,11.63549995
2017-12-31 09:00:00,11.63549995
2017-12-31 10:00:00,11.63549995
2017-12-31 11:00:00,11.63549995
2017-12-31 12:00:00,11.63549995
2017-12-31 13:00:00,11.63549995
2017-12-31 14:00:00,11.63549995
2017-12-31 15:00:00,11.63549995
2017-12-31 16:00:00,11.63549995
2017-12-31 17:00:00,11.63549995
2017-12-31 18:00:00,11.63549995
2017-12-31 19:00:00,11.63549995
2017-12-31 20:00:00,11.63549995
2017-12-31 21:00:00,11.63549995
2017-12-31 22:00:00,11.63549995
2017-12-31 23:00:00,11.63549995
2018-01-01 00:00:00,9.878000259
2018-01-01 01:00:00,9.878000259
2018-01-01 02:00:00,9.438500404
2018-01-01 03:00:00,9.438500404
2018-01-01 04:00:00,8.998999596
2018-01-01 05:00:00,8.998999596
2018-01-01 06:00:00,8.779000282
2018-01-01 07:00:00,8.340000153
2018-01-01 08:00:00,8.340000153
2018-01-01 09:00:00,9.878000259
2018-01-01 10:00:00,12.29450035
2018-01-01 11:00:00,15.37100029
2018-01-01 12:00:00,18.00749969
2018-01-01 13:00:00,19.32649994
2018-01-01 14:00:00,21.30349922
2018-01-01 15:00:00,21.52350044
2018-01-01 16:00:00,20.64450073
2018-01-01 17:00:00,18.8864994
2018-01-01 18:00:00,20.63062612463164
2018-01-01 19:00:00,20.953208634391313
2018-01-01 20:00:00,21.233625712351152
2018-01-01 21:00:00,21.47300920171729
2018-01-01 22:00:00,21.672490945695866
2018-01-01 23:00:00,21.833202787493015
2018-01-02 00:00:00,21.95627657031487
2018-01-02 01:00:00,22.042844137367567
2018-01-02 02:00:00,22.09403733185724
2018-01-02 03:00:00,22.110987996990026
2018-01-02 04:00:00,22.094827975972066
2018-01-02 05:00:00,22.046689112009485
2018-01-02 06:00:00,21.967703248308432
2018-01-02 07:00:00,21.85900222807503
2018-01-02 08:00:00,21.72171789451542
2018-01-02 09:00:00,21.55698209083574
2018-01-02 10:00:00,21.365926660242117
2018-01-02 11:00:00,21.14968344594069
2018-01-02 12:00:00,20.909384291137606
2018-01-02 13:00:00,20.646161039038972
2018-01-02 14:00:00,20.361145532850944
2018-01-02 15:00:00,20.055469615779657
2018-01-02 16:00:00,19.730265131031253
2018-01-02 17:00:00,19.386663921811838
2018-01-02 18:00:00,19.02579783132758
2018-01-02 19:00:00,18.6487987027846
2018-01-02 20:00:00,18.256798379389036
2018-01-02 21:00:00,17.850928704347016
2018-01-02 22:00:00,17.4323215208647
2018-01-02 23:00:00,17.00210867214819
2018-01-03 00:00:00,16.561422001403653
2018-01-03 01:00:00,16.111393351837197
2018-01-03 02:00:00,15.653154566654973
2018-01-03 03:00:00,15.187837489063117
2018-01-03 04:00:00,14.716573962267748
2018-01-03 05:00:00,14.240495829475034
2018-01-03 06:00:00,13.760734933891111
2018-01-03 07:00:00,13.278423118722063
2018-01-03 08:00:00,12.794692227174057
2018-01-03 09:00:00,12.310674102453241
2018-01-03 10:00:00,11.827500587765726
2018-01-03 11:00:00,11.346303526317655
2018-01-03 12:00:00,10.868214761315137
2018-01-03 13:00:00,10.394366135964383
2018-01-03 14:00:00,9.925889493471452
2018-01-03 15:00:00,9.463916677042512
2018-01-03 16:00:00,9.009579529883688
2018-01-03 17:00:00,8.564009895201153
2018-01-03 18:00:00,8.12833961620099
2018-01-03 19:00:00,7.703700536089386
2018-01-03 20:00:00,7.241000175
2018-01-03 21:00:00,6.801499844
2018-01-03 22:00:00,6.801499844
2018-01-03 23:00:00,6.362500191
2018-01-04 00:00:00,5.703499794
2018-01-04 01:00:00,5.483500004
2018-01-04 02:00:00,5.044000149
2018-01-04 03:00:00,4.164999962
2018-01-04 04:00:00,3.945499897
2018-01-04 05:00:00,3.725500107
2018-01-04 06:00:00,3.725500107
2018-01-04 07:00:00,3.725500107
2018-01-04 08:00:00,3.945499897
2018-01-04 09:00:00,3.725500107
2018-01-04 10:00:00,4.164999962
2018-01-04 11:00:00,4.824500084
2018-01-04 12:00:00,5.483500004
2018-01-04 13:00:00,5.922999859
2018-01-04 14:00:00,6.581999779
2018-01-04 15:00:00,6.362500191
2018-01-04 16:00:00,6.362500191
2018-01-04 17:00:00,6.362500191
2018-01-04 18:00:00,6.362500191
2018-01-04 19:00:00,6.143000126
2018-01-04 20:00:00,5.922999859
2018-01-04 21:00:00,6.143000126
2018-01-04 22:00:00,6.362500191
2018-01-04 23:00:00,6.362500191
2018-01-05 00:00:00,6.143000126
2018-01-05 01:00:00,5.922999859
2018-01-05 02:00:00,5.922999859
2018-01-05 03:00:00,5.922999859
2018-01-05 04:00:00,5.922999859
2018-01-05 05:00:00,5.922999859
2018-01-05 06:00:00,6.143000126
2018-01-05 07:00:00,5.703000069
2018-01-05 08:00:00,5.483500004
2018-01-05 09:00:00,5.483500004
2018-01-05 10:00:00,6.143000126
2018-01-05 11:00:00,7.020999908
2018-01-05 12:00:00,7.460999966
2018-01-05 13:00:00,8.340000153
2018-01-05 14:00:00,9.657999992
2018-01-05 15:00:00,10.09799957
2018-01-05 16:00:00,10.31750011
2018-01-05 17:00:00,10.31750011
2018-01-05 18:00:00,10.09799957
2018-01-05 19:00:00,9.878000259
2018-01-05 20:00:00,9.218500137
2018-01-05 21:00:00,8.779500008
2018-01-05 22:00:00,8.119999886
2018-01-05 23:00:00,7.900499821
2018-01-06 00:00:00,7.900499821
2018-01-06 01:00:00,7.900499821
2018-01-06 02:00:00,7.680500031
2018-01-06 03:00:00,7.241000175
2018-01-06 04:00:00,6.581999779
2018-01-06 05:00:00,5.703499794
2018-01-06 06:00:00,5.263500214
2018-01-06 07:00:00,5.263500214
2018-01-06 08:00:00,5.703499794
2018-01-06 09:00:00,6.142499924
2018-01-06 10:00:00,7.241000175
2018-01-06 11:00:00,10.09749985
2018-01-06 12:00:00,12.07499981
2018-01-06 13:00:00,11.41600037
2018-01-06 14:00:00,10.75699997
2018-01-06 15:00:00,10.31750011
2018-01-06 16:00:00,9.878000259
2018-01-06 17:00:00,9.218500137
2018-01-06 18:00:00,8.779500008
2018-01-06 19:00:00,8.559499741
2018-01-06 20:00:00,8.340000153
2018-01-06 21:00:00,8.119999886
2018-01-06 22:00:00,8.119999886
2018-01-06 23:00:00,8.119999886
2018-01-07 00:00:00,8.119999886
2018-01-07 01:00:00,8.559499741
2018-01-07 02:00:00,8.779500008
2018-01-07 03:00:00,8.779500008
2018-01-07 04:00:00,8.779500008
2018-01-07 05:00:00,8.779500008
2018-01-07 06:00:00,8.779500008
2018-01-07 07:00:00,8.998999596
2018-01-07 08:00:00,8.779500008
2018-01-07 09:00:00,8.779500008
2018-01-07 10:00:00,8.559499741
2018-01-07 11:00:00,8.779000282
2018-01-07 12:00:00,9.658499718
2018-01-07 13:00:00,9.658499718
2018-01-07 14:00:00,9.218500137
2018-01-07 15:00:00,9.658499718
2018-01-07 16:00:00,9.658499718
2018-01-07 17:00:00,9.658499718
2018-01-07 18:00:00,9.218500137
2018-01-07 19:00:00,8.998999596
2018-01-07 20:00:00,8.998999596
2018-01-07 21:00:00,8.779500008
2018-01-07 22:00:00,8.779500008
2018-01-07 23:00:00,8.340000153
2018-01-08 00:00:00,8.340000153
2018-01-08 01:00:00,7.900499821
2018-01-08 02:00:00,7.680500031
2018-01-08 03:00:00,7.021500111
2018-01-08 04:00:00,6.581999779
2018-01-08 05:00:00,6.142499924
2018-01-08 06:00:00,5.922999859
2018-01-08 07:00:00,5.922999859
2018-01-08 08:00:00,5.703499794
2018-01-08 09:00:00,5.922999859
2018-01-08 10:00:00,7.241499901
2018-01-08 11:00:00,8.998999596
2018-01-08 12:00:00,9.878000259
2018-01-08 13:00:00,10.31700039
2018-01-08 14:00:00,12.07499981
2018-01-08 15:00:00,12.29500008
2018-01-08 16:00:00,11.41600037
2018-01-08 17:00:00,9.658499718
2018-01-08 18:00:00,7.900000095
2018-01-08 19:00:00,7.021500111
2018-01-08 20:00:00,6.802000046
2018-01-08 21:00:00,6.802000046
2018-01-08 22:00:00,6.802000046
2018-01-08 23:00:00,6.802000046
2018-01-09 00:00:00,7.021500111
2018-01-09 01:00:00,6.479096481655955
2018-01-09 02:00:00,6.251707148660403
2018-01-09 03:00:00,6.023689082842674
2018-01-09 04:00:00,5.795498455585641
2018-01-09 05:00:00,5.567591438272173
2018-01-09 06:00:00,5.340424202285144
2018-01-09 07:00:00,5.114452919007421
2018-01-09 08:00:00,4.890133759821878
2018-01-09 09:00:00,4.667922896111383
2018-01-09 10:00:00,4.448276499258809
2018-01-09 11:00:00,4.2316507406470265
2018-01-09 12:00:00,4.018501791658906
2018-01-09 13:00:00,3.809285823677319
2018-01-09 14:00:00,3.604459008085136
2018-01-09 15:00:00,3.4044775162652265
2018-01-09 16:00:00,3.209797519600463
2018-01-09 17:00:00,3.0208751894737174
2018-01-09 18:00:00,2.8381666972678583
2018-01-09 19:00:00,2.6621282143657576
2018-01-09 20:00:00,2.493215912150286
2018-01-09 21:00:00,2.331885962004315
2018-01-09 22:00:00,2.1785945353107157
2018-01-09 23:00:00,2.0337978034523547
2018-01-10 00:00:00,1.897951937812108
2018-01-10 01:00:00,1.771513109772843
2018-01-10 02:00:00,1.6549374907174341
2018-01-10 03:00:00,1.5486812520287492
2018-01-10 04:00:00,1.4532005650896629
2018-01-10 05:00:00,1.3689516012830407
2018-01-10 06:00:00,1.2963905319917584
2018-01-10 07:00:00,1.2359735285986844
2018-01-10 08:00:00,1.18815676248669
2018-01-10 09:00:00,1.1533964050386456
2018-01-10 10:00:00,1.1321486276374175
2018-01-10 11:00:00,1.124869601665878
2018-01-10 12:00:00,1.132015498506908
2018-01-10 13:00:00,1.1540424895433707
2018-01-10 14:00:00,1.1914067461581364
2018-01-10 15:00:00,1.2445644397340772
2018-01-10 16:00:00,1.3139717416540764
2018-01-10 17:00:00,1.4000848233009884
2018-01-10 18:00:00,1.5033598560576866
2018-01-10 19:00:00,1.6242530113070424
2018-01-10 20:00:00,1.763220460431929
2018-01-10 21:00:00,1.9207183748152121
2018-01-10 22:00:00,2.0972029258397797
2018-01-10 23:00:00,2.2931302848884774
2018-01-11 00:00:00,2.508956623344194
2018-01-11 01:00:00,2.745138112589791
2018-01-11 02:00:00,3.0021309240081604
2018-01-11 03:00:00,4.164999962
2018-01-11 04:00:00,3.505500078
2018-01-11 05:00:00,2.84649992
2018-01-11 06:00:00,2.407500029
2018-01-11 07:00:00,2.1875
2018-01-11 08:00:00,2.1875
2018-01-11 09:00:00,4.824500084
2018-01-11 10:00:00,8.340000153
2018-01-11 11:00:00,12.07549953
2018-01-11 12:00:00,15.15149975
2018-01-11 13:00:00,16.25
2018-01-11 14:00:00,18.22750092
2018-01-11 15:00:00,17.12899971
2018-01-11 16:00:00,16.03000069
2018-01-11 17:00:00,13.83300018
2018-01-11 18:00:00,12.07499981
2018-01-11 19:00:00,10.97649956
2018-01-11 20:00:00,9.878000259
2018-01-11 21:00:00,8.998999596
2018-01-11 22:00:00,8.339500427
2018-01-11 23:00:00,7.460499763
2018-01-12 00:00:00,6.581999779
2018-01-12 01:00:00,5.703499794
2018-01-12 02:00:00,4.604499817
2018-01-12 03:00:00,3.505500078
2018-01-12 04:00:00,2.627000093
2018-01-12 05:00:00,1.968000054
2018-01-12 06:00:00,1.308500051
2018-01-12 07:00:00,0.869499981
2018-01-12 08:00:00,0.649500012
2018-01-12 09:00:00,3.286000013
2018-01-12 10:00:00,6.361999989
2018-01-12 11:00:00,9.657999992
2018-01-12 12:00:00,13.17399979
2018-01-12 13:00:00,14.27200031
2018-01-12 14:00:00,16.68950081
2018-01-12 15:00:00,16.46999931
2018-01-12 16:00:00,15.5909996
2018-01-12 17:00:00,13.61299992
2018-01-12 18:00:00,10.97649956
2018-01-12 19:00:00,9.218500137
2018-01-12 20:00:00,8.339500427
2018-01-12 21:00:00,7.241000175
2018-01-12 22:00:00,6.581999779
2018-01-12 23:00:00,6.142499924
2018-01-13 00:00:00,5.263500214
2018-01-13 01:00:00,4.384500027
2018-01-13 02:00:00,3.505500078
2018-01-13 03:00:00,2.627000093
2018-01-13 04:00:00,2.1875
2018-01-13 05:00:00,1.74849999
2018-01-13 06:00:00,1.308500051
2018-01-13 07:00:00,0.869499981
2018-01-13 08:00:00,0.429500014
2018-01-13 09:00:00,3.286000013
2018-01-13 10:00:00,5.483500004
2018-01-13 11:00:00,8.339500427
2018-01-13 12:00:00,9.438500404
2018-01-13 13:00:00,10.75699997
2018-01-13 14:00:00,12.07499981
2018-01-13 15:00:00,12.51449966
2018-01-13 16:00:00,11.85499954
2018-01-13 17:00:00,11.63549995
2018-01-13 18:00:00,11.19649982
2018-01-13 19:00:00,10.53750038
2018-01-13 20:00:00,9.878000259
2018-01-13 21:00:00,9.657999992
2018-01-13 22:00:00,9.218999863
2018-01-13 23:00:00,9.438500404
2018-01-14 00:00:00,9.438500404
2018-01-14 01:00:00,9.878000259
2018-01-14 02:00:00,9.878000259
2018-01-14 03:00:00,9.878000259
2018-01-14 04:00:00,9.657999992
2018-01-14 05:00:00,8.998999596
2018-01-14 06:00:00,8.779000282
2018-01-14 07:00:00,8.559499741
2018-01-14 08:00:00,8.559499741
2018-01-14 09:00:00,9.218999863
2018-01-14 10:00:00,10.5369997
2018-01-14 11:00:00,11.85499954
2018-01-14 12:00:00,13.61299992
2018-01-14 13:00:00,15.5909996
2018-01-14 14:00:00,16.9090004
2018-01-14 15:00:00,18.44750023
2018-01-14 16:00:00,19.98550034
2018-01-14 17:00:00,19.76549911
2018-01-14 18:00:00,18.00749969
2018-01-14 19:00:00,16.03050041
2018-01-14 20:00:00,14.27250004
2018-01-14 21:00:00,12.95400047
2018-01-14 22:00:00,12.07499981
2018-01-14 23:00:00,11.19649982
2018-01-15 00:00:00,10.75699997
2018-01-15 01:00:00,9.878000259
2018-01-15 02:00:00,8.998999596
2018-01-15 03:00:00,8.119999886
2018-01-15 04:00:00,7.460499763
2018-01-15 05:00:00,6.581999779
2018-01-15 06:00:00,6.142499924
2018-01-15 07:00:00,5.703499794
2018-01-15 08:00:00,5.483500004
2018-01-15 09:00:00,7.900499821
2018-01-15 10:00:00,12.51449966
2018-01-15 11:00:00,17.78800011
2018-01-15 12:00:00,22.40250015
2018-01-15 13:00:00,24.15999985
2018-01-15 14:00:00,26.79700089
2018-01-15 15:00:00,27.23649979
2018-01-15 16:00:00,27.23649979
2018-01-15 17:00:00,25.25900078
2018-01-15 18:00:00,23.28149986
2018-01-15 19:00:00,21.30349922
2018-01-15 20:00:00,20.42499924
2018-01-15 21:00:00,19.76600075
2018-01-15 22:00:00,19.54599953
2018-01-15 23:00:00,19.32600021
2018-01-16 00:00:00,19.32600021
2018-01-16 01:00:00,18.88699913
2018-01-16 02:00:00,18.88699913
2018-01-16 03:00:00,18.4470005
2018-01-16 04:00:00,18.00799942
2018-01-16 05:00:00,17.3484993
2018-01-16 06:00:00,16.9090004
2018-01-16 07:00:00,16.46949959
2018-01-16 08:00:00,16.25
2018-01-16 09:00:00,15.5909996
2018-01-16 10:00:00,16.25
2018-01-16 11:00:00,16.9090004
2018-01-16 12:00:00,17.56850052
2018-01-16 13:00:00,17.78800011
2018-01-16 14:00:00,16.68950081
2018-01-16 15:00:00,15.37100029
2018-01-16 16:00:00,14.71199989
2018-01-16 17:00:00,14.27250004
2018-01-16 18:00:00,14.05249977
2018-01-16 19:00:00,13.83300018
2018-01-16 20:00:00,13.61349964
2018-01-16 21:00:00,13.83300018
2018-01-16 22:00:00,14.05300045
2018-01-16 23:00:00,14.27250004
2018-01-17 00:00:00,14.27250004
2018-01-17 01:00:00,14.27250004
2018-01-17 02:00:00,14.05249977
2018-01-17 03:00:00,13.61299992
2018-01-17 04:00:00,13.17399979
2018-01-17 05:00:00,12.73400021
2018-01-17 06:00:00,12.51449966
2018-01-17 07:00:00,12.51449966
2018-01-17 08:00:00,12.51449966
2018-01-17 09:00:00,12.73400021
2018-01-17 10:00:00,14.05300045
2018-01-17 11:00:00,16.68950081
2018-01-17 12:00:00,18.44750023
2018-01-17 13:00:00,19.32649994
2018-01-17 14:00:00,20.20549965
2018-01-17 15:00:00,19.98550034
2018-01-17 16:00:00,19.32600021
2018-01-17 17:00:00,18.4470005
2018-01-17 18:00:00,16.9090004
2018-01-17 19:00:00,15.5909996
2018-01-17 20:00:00,14.27250004
2018-01-17 21:00:00,13.39350033
2018-01-17 22:00:00,12.51449966
2018-01-17 23:00:00,12.07499981
2018-01-18 00:00:00,11.19649982
2018-01-18 01:00:00,10.75699997
2018-01-18 02:00:00,10.31750011
2018-01-18 03:00:00,9.878000259
2018-01-18 04:00:00,9.438500404
2018-01-18 05:00:00,9.218500137
2018-01-18 06:00:00,8.998999596
2018-01-18 07:00:00,8.998999596
2018-01-18 08:00:00,9.438500404
2018-01-18 09:00:00,10.97649956
2018-01-18 10:00:00,12.95400047
2018-01-18 11:00:00,13.83300018
2018-01-18 12:00:00,14.71199989
2018-01-18 13:00:00,15.5909996
2018-01-18 14:00:00,16.68950081
2018-01-18 15:00:00,17.12849998
2018-01-18 16:00:00,16.9090004
2018-01-18 17:00:00,16.46949959
2018-01-18 18:00:00,16.03050041
2018-01-18 19:00:00,16.03050041
2018-01-18 20:00:00,16.03050041
2018-01-18 21:00:00,16.03050041
2018-01-18 22:00:00,16.03050041
2018-01-18 23:00:00,15.81099987
2018-01-19 00:00:00,15.81099987
2018-01-19 01:00:00,15.5909996
2018-01-19 02:00:00,15.37100029
2018-01-19 03:00:00,15.15149975
2018-01-19 04:00:00,14.71199989
2018-01-19 05:00:00,14.27250004
2018-01-19 06:00:00,13.17399979
2018-01-19 07:00:00,12.51449966
2018-01-19 08:00:00,12.07499981
2018-01-19 09:00:00,12.07499981
2018-01-19 10:00:00,12.07499981
2018-01-19 11:00:00,12.51449966
2018-01-19 12:00:00,13.17350006
2018-01-19 13:00:00,13.83300018
2018-01-19 14:00:00,14.05300045
2018-01-19 15:00:00,14.49199963
2018-01-19 16:00:00,14.71199989
2018-01-19 17:00:00,14.93200016
2018-01-19 18:00:00,14.93200016
2018-01-19 19:00:00,14.93200016
2018-01-19 20:00:00,14.93200016
2018-01-19 21:00:00,14.71199989
2018-01-19 22:00:00,14.71199989
2018-01-19 23:00:00,14.27250004
2018-01-20 00:00:00,14.27250004
2018-01-20 01:00:00,13.83300018
2018-01-20 02:00:00,13.83300018
2018-01-20 03:00:00,12.95400047
2018-01-20 04:00:00,12.51449966
2018-01-20 05:00:00,12.07499981
2018-01-20 06:00:00,12.07499981
2018-01-20 07:00:00,11.63549995
2018-01-20 08:00:00,11.63549995
2018-01-20 09:00:00,12.07499981
2018-01-20 10:00:00,12.95400047
2018-01-20 11:00:00,14.49250031
2018-01-20 12:00:00,15.37150002
2018-01-20 13:00:00,15.81050014
2018-01-20 14:00:00,16.46949959
2018-01-20 15:00:00,16.68950081
2018-01-20 16:00:00,16.9090004
2018-01-20 17:00:00,16.9090004
2018-01-20 18:00:00,16.9090004
2018-01-20 19:00:00,16.46949959
2018-01-20 20:00:00,16.25
2018-01-20 21:00:00,16.03050041
2018-01-20 22:00:00,15.81099987
2018-01-20 23:00:00,15.37100029
2018-01-21 00:00:00,15.37100029
2018-01-21 01:00:00,14.71199989
2018-01-21 02:00:00,14.27250004
2018-01-21 03:00:00,13.83300018
2018-01-21 04:00:00,13.39350033
2018-01-21 05:00:00,13.39350033
2018-01-21 06:00:00,13.39350033
2018-01-21 07:00:00,13.39350033
2018-01-21 08:00:00,13.39350033
2018-01-21 09:00:00,13.83300018
2018-01-21 10:00:00,14.49250031
2018-01-21 11:00:00,15.37150002
2018-01-21 12:00:00,16.03000069
2018-01-21 13:00:00,16.25
2018-01-21 14:00:00,15.37100029
2018-01-21 15:00:00,14.49199963
2018-01-21 16:00:00,13.61299992
2018-01-21 17:00:00,12.95400047
2018-01-21 18:00:00,12.51449966
2018-01-21 19:00:00,12.07499981
2018-01-21 20:00:00,11.92276129954895
2018-01-21 21:00:00,11.630722091393876
2018-01-21 22:00:00,11.36165231222174
2018-01-21 23:00:00,11.11468567981557
2018-01-22 00:00:00,10.888955911958396
2018-01-22 01:00:00,10.683596726433244
2018-01-22 02:00:00,10.497741841023142
2018-01-22 03:00:00,10.330524973511121
2018-01-22 04:00:00,10.181079841680209
2018-01-22 05:00:00,10.048540163313433
2018-01-22 06:00:00,9.93203965619382
2018-01-22 07:00:00,9.830712038104403
2018-01-22 08:00:00,9.743691026828204
2018-01-22 09:00:00,9.670110340148256
2018-01-22 10:00:00,9.609103695847587
2018-01-22 11:00:00,9.559804811709224
2018-01-22 12:00:00,9.521347405516195
2018-01-22 13:00:00,9.49286519505153
2018-01-22 14:00:00,9.473491898098251
2018-01-22 15:00:00,9.4623612324394
2018-01-22 16:00:00,9.458606915857995
2018-01-22 17:00:00,9.461362666137067
2018-01-22 18:00:00,9.46976220105964
2018-01-22 19:00:00,9.482939238408758
2018-01-22 20:00:00,9.500027495967432
2018-01-22 21:00:00,9.520160691518694
2018-01-22 22:00:00,9.542472542845577
2018-01-22 23:00:00,9.566096767731109
2018-01-23 00:00:00,9.590167083958308
2018-01-23 01:00:00,9.613817209310222
2018-01-23 02:00:00,9.636180861569857
2018-01-23 03:00:00,9.65639175852026
2018-01-23 04:00:00,9.673583617944452
2018-01-23 05:00:00,9.686890157625458
2018-01-23 06:00:00,9.695445095346322
2018-01-23 07:00:00,9.698382148890044
2018-01-23 08:00:00,9.694835036039656
2018-01-23 09:00:00,9.68393747457822
2018-01-23 10:00:00,9.664823182288742
2018-01-23 11:00:00,9.636625876954236
2018-01-23 12:00:00,9.598479276357754
2018-01-23 13:00:00,9.54951709828232
2018-01-23 14:00:00,9.488873060510976
2018-01-23 15:00:00,9.415680880826706
2018-01-23 16:00:00,9.329074277012584
2018-01-23 17:00:00,9.228186966851611
2018-01-23 18:00:00,9.112152668126834
2018-01-23 19:00:00,8.980105098621257
2018-01-23 20:00:00,8.831177976117937
2018-01-23 21:00:00,8.664505018399863
2018-01-23 22:00:00,8.559499741
2018-01-23 23:00:00,8.339500427
2018-01-24 00:00:00,7.900499821
2018-01-24 01:00:00,7.460499763
2018-01-24 02:00:00,7.460499763
2018-01-24 03:00:00,7.021500111
2018-01-24 04:00:00,7.021500111
2018-01-24 05:00:00,6.581999779
2018-01-24 06:00:00,6.142499924
2018-01-24 07:00:00,5.703499794
2018-01-24 08:00:00,5.483500004
2018-01-24 09:00:00,5.263500214
2018-01-24 10:00:00,5.483500004
2018-01-24 11:00:00,5.922999859
2018-01-24 12:00:00,5.922999859
2018-01-24 13:00:00,6.142499924
2018-01-24 14:00:00,6.581999779
2018-01-24 15:00:00,6.802000046
2018-01-24 16:00:00,6.361999989
2018-01-24 17:00:00,5.922999859
2018-01-24 18:00:00,5.703499794
2018-01-24 19:00:00,5.703499794
2018-01-24 20:00:00,5.263500214
2018-01-24 21:00:00,4.824500084
2018-01-24 22:00:00,5.044000149
2018-01-24 23:00:00,4.824500084
2018-01-25 00:00:00,4.604499817
2018-01-25 01:00:00,3.945499897
2018-01-25 02:00:00,3.286000013
2018-01-25 03:00:00,2.846999884
2018-01-25 04:00:00,2.407000065
2018-01-25 05:00:00,2.1875
2018-01-25 06:00:00,2.1875
2018-01-25 07:00:00,2.1875
2018-01-25 08:00:00,1.528499961
2018-01-25 09:00:00,1.528499961
2018-01-25 10:00:00,1.528499961
2018-01-25 11:00:00,1.74849999
2018-01-25 12:00:00,1.74849999
2018-01-25 13:00:00,1.74849999
2018-01-25 14:00:00,1.74849999
2018-01-25 15:00:00,1.74849999
2018-01-25 16:00:00,2.1875
2018-01-25 17:00:00,2.1875
2018-01-25 18:00:00,2.1875
2018-01-25 19:00:00,2.1875
2018-01-25 20:00:00,2.1875
2018-01-25 21:00:00,2.627000093
2018-01-25 22:00:00,2.627000093
2018-01-25 23:00:00,3.066499949
2018-01-26 00:00:00,2.84649992
2018-01-26 01:00:00,2.407500029
2018-01-26 02:00:00,2.407500029
2018-01-26 03:00:00,2.187999964
2018-01-26 04:00:00,2.187999964
2018-01-26 05:00:00,2.187999964
2018-01-26 06:00:00,2.187999964
2018-01-26 07:00:00,2.187999964
2018-01-26 08:00:00,2.627000093
2018-01-26 09:00:00,3.286000013
2018-01-26 10:00:00,3.945499897
2018-01-26 11:00:00,4.385000229
2018-01-26 12:00:00,4.823999882
2018-01-26 13:00:00,5.044000149
2018-01-26 14:00:00,6.142499924
2018-01-26 15:00:00,7.021500111
2018-01-26 16:00:00,7.241000175
2018-01-26 17:00:00,6.581999779
2018-01-26 18:00:00,5.922999859
2018-01-26 19:00:00,5.703499794
2018-01-26 20:00:00,5.483500004
2018-01-26 21:00:00,5.263500214
2018-01-26 22:00:00,5.044000149
2018-01-26 23:00:00,4.824500084
2018-01-27 00:00:00,4.384500027
2018-01-27 01:00:00,4.384500027
2018-01-27 02:00:00,3.945499897
2018-01-27 03:00:00,3.945499897
2018-01-27 04:00:00,3.505500078
2018-01-27 05:00:00,3.505500078
2018-01-27 06:00:00,3.286000013
2018-01-27 07:00:00,1.968000054
2018-01-27 08:00:00,1.528499961
2018-01-27 09:00:00,0.649500012
2018-01-27 10:00:00,-0.229499996
2018-01-27 11:00:00,0.430000007
2018-01-27 12:00:00,0.869000018
2018-01-27 13:00:00,1.748000026
2018-01-27 14:00:00,2.1875
2018-01-27 15:00:00,2.846999884
2018-01-27 16:00:00,3.286000013
2018-01-27 17:00:00,3.286000013
2018-01-27 18:00:00,3.945499897
2018-01-27 19:00:00,3.945499897
2018-01-27 20:00:00,3.945499897
2018-01-27 21:00:00,3.945499897
2018-01-27 22:00:00,3.945499897
2018-01-27 23:00:00,4.384500027
2018-01-28 00:00:00,4.384500027
2018-01-28 01:00:00,4.164999962
2018-01-28 02:00:00,3.725500107
2018-01-28 03:00:00,3.505500078
2018-01-28 04:00:00,3.505500078
2018-01-28 05:00:00,3.286000013
2018-01-28 06:00:00,3.286000013
2018-01-28 07:00:00,3.286000013
2018-01-28 08:00:00,3.066499949
2018-01-28 09:00:00,2.84649992
2018-01-28 10:00:00,2.84649992
2018-01-28 11:00:00,3.286000013
2018-01-28 12:00:00,3.505500078
2018-01-28 13:00:00,3.725500107
2018-01-28 14:00:00,3.945499897
2018-01-28 15:00:00,4.384500027
2018-01-28 16:00:00,4.824500084
2018-01-28 17:00:00,5.263500214
2018-01-28 18:00:00,5.263500214
2018-01-28 19:00:00,5.263500214
2018-01-28 20:00:00,5.044000149
2018-01-28 21:00:00,4.824500084
2018-01-28 22:00:00,4.384500027
2018-01-28 23:00:00,4.164999962
2018-01-29 00:00:00,4.164999962
2018-01-29 01:00:00,3.945499897
2018-01-29 02:00:00,3.945499897
2018-01-29 03:00:00,3.725500107
2018-01-29 04:00:00,3.286000013
2018-01-29 05:00:00,2.846999884
2018-01-29 06:00:00,2.627000093
2018-01-29 07:00:00,2.407000065
2018-01-29 08:00:00,2.1875
2018-01-29 09:00:00,2.627000093
2018-01-29 10:00:00,3.945499897
2018-01-29 11:00:00,5.044000149
2018-01-29 12:00:00,6.142499924
2018-01-29 13:00:00,7.241000175
2018-01-29 14:00:00,8.339500427
2018-01-29 15:00:00,8.998999596
2018-01-29 16:00:00,8.779500008
2018-01-29 17:00:00,7.680500031
2018-01-29 18:00:00,6.581999779
2018-01-29 19:00:00,5.263999939
2018-01-29 20:00:00,4.164999962
2018-01-29 21:00:00,3.066499949
2018-01-29 22:00:00,2.1875
2018-01-29 23:00:00,1.74849999
2018-01-30 00:00:00,0.869499981
2018-01-30 01:00:00,0.429500014
2018-01-30 02:00:00,-0.0095
2018-01-30 03:00:00,-0.229499996
2018-01-30 04:00:00,-0.888499975
2018-01-30 05:00:00,-1.328500032
2018-01-30 06:00:00,-2.207000017
2018-01-30 07:00:00,-2.646500111
2018-01-30 08:00:00,-2.646500111
2018-01-30 09:00:00,-1.767500043
2018-01-30 10:00:00,1.088999987
2018-01-30 11:00:00,5.483500004
2018-01-30 12:00:00,9.657999992
2018-01-30 13:00:00,12.07499981
2018-01-30 14:00:00,13.61299992
2018-01-30 15:00:00,12.07499981
2018-01-30 16:00:00,10.5369997
2018-01-30 17:00:00,8.339500427
2018-01-30 18:00:00,7.020999908
2018-01-30 19:00:00,5.922999859
2018-01-30 20:00:00,5.044000149
2018-01-30 21:00:00,4.384500027
2018-01-30 22:00:00,3.945499897
2018-01-30 23:00:00,3.066499949
2018-01-31 00:00:00,3.066499949
2018-01-31 01:00:00,3.066499949
2018-01-31 02:00:00,3.066499949
2018-01-31 03:00:00,3.066499949
2018-01-31 04:00:00,3.066499949
2018-01-31 05:00:00,3.066499949
2018-01-31 06:00:00,3.066499949
2018-01-31 07:00:00,3.066499949
2018-01-31 08:00:00,3.066499949
2018-01-31 09:00:00,3.066499949
2018-01-31 10:00:00,3.066499949
2018-01-31 11:00:00,3.066499949
2018-01-31 12:00:00,3.066499949
2018-01-31 13:00:00,3.066499949
2018-01-31 14:00:00,3.066499949
2018-01-31 15:00:00,3.345308065942363
2018-01-31 16:00:00,3.546707870643544
2018-01-31 17:00:00,3.7781868632464852
2018-01-31 18:00:00,4.037842581963599
2018-01-31 19:00:00,4.323772565007296
2018-01-31 20:00:00,4.634074350589988
2018-01-31 21:00:00,4.966845476924089
2018-01-31 22:00:00,5.320183482222012
2018-01-31 23:00:00,5.692185904696165
2018-02-01 00:00:00,6.080950282558964
2018-02-01 01:00:00,6.484574154022817
2018-02-01 02:00:00,6.901155057300141
2018-02-01 03:00:00,7.328790530603339
2018-02-01 04:00:00,7.76557811214483
2018-02-01 05:00:00,8.209615340137029
2018-02-01 06:00:00,8.658999752792342
2018-02-01 07:00:00,9.111828888323181
2018-02-01 08:00:00,9.566200284941964
2018-02-01 09:00:00,10.02021148086109
2018-02-01 10:00:00,10.47196001429299
2018-02-01 11:00:00,10.919543423450062
2018-02-01 12:00:00,11.36105924654472
2018-02-01 13:00:00,11.79460502178938
2018-02-01 14:00:00,12.218278287396464
2018-02-01 15:00:00,12.630176581578366
2018-02-01 16:00:00,13.028397442547503
2018-02-01 17:00:00,13.41103840851629
2018-02-01 18:00:00,13.776197017697138
2018-02-01 19:00:00,14.121970808302452
2018-02-01 20:00:00,14.446457318544656
2018-02-01 21:00:00,14.747754086636148
2018-02-01 22:00:00,15.023958650789357
2018-02-01 23:00:00,15.273168549216686
2018-02-02 00:00:00,15.493481320130554
2018-02-02 01:00:00,15.682994501743385
2018-02-02 02:00:00,15.839805632267543
2018-02-02 03:00:00,15.962012249915459
2018-02-02 04:00:00,16.04771189289958
2018-02-02 05:00:00,16.095002099432296
2018-02-02 06:00:00,16.101980407725975
2018-02-02 07:00:00,16.066744355993087
2018-02-02 08:00:00,15.987391482446036
2018-02-02 09:00:00,15.862019325297249
2018-02-02 10:00:00,15.688725422759084
2018-02-02 11:00:00,15.465607313044014
2018-02-02 12:00:00,15.190762534364385
2018-02-02 13:00:00,14.862288624932681
2018-02-02 14:00:00,14.47828312296125
2018-02-02 15:00:00,14.036843566662554
2018-02-02 16:00:00,13.536067494248922
2018-02-02 17:00:00,13.61299992
2018-02-02 18:00:00,12.07499981
2018-02-02 19:00:00,10.75699997
2018-02-02 20:00:00,9.878000259
2018-02-02 21:00:00,9.438500404
2018-02-02 22:00:00,8.779500008
2018-02-02 23:00:00,8.119999886
2018-02-03 00:00:00,7.680500031
2018-02-03 01:00:00,7.021500111
2018-02-03 02:00:00,6.581999779
2018-02-03 03:00:00,5.703499794
2018-02-03 04:00:00,4.824500084
2018-02-03 05:00:00,3.945499897
2018-02-03 06:00:00,3.066499949
2018-02-03 07:00:00,2.1875
2018-02-03 08:00:00,2.1875
2018-02-03 09:00:00,3.945499897
2018-02-03 10:00:00,7.241000175
2018-02-03 11:00:00,10.5369997
2018-02-03 12:00:00,13.61349964
2018-02-03 13:00:00,13.61349964
2018-02-03 14:00:00,14.93150043
2018-02-03 15:00:00,12.95400047
2018-02-03 16:00:00,11.41600037
2018-02-03 17:00:00,9.657999992
2018-02-03 18:00:00,8.119999886
2018-02-03 19:00:00,7.241000175
2018-02-03 20:00:00,6.581999779
2018-02-03 21:00:00,5.703499794
2018-02-03 22:00:00,5.263500214
2018-02-03 23:00:00,4.384500027
2018-02-04 00:00:00,3.945499897
2018-02-04 01:00:00,2.846999884
2018-02-04 02:00:00,1.968000054
2018-02-04 03:00:00,1.308500051
2018-02-04 04:00:00,0.429500014
2018-02-04 05:00:00,-0.0095
2018-02-04 06:00:00,-0.449499995
2018-02-04 07:00:00,-0.888499975
2018-02-04 08:00:00,-1.108500004
2018-02-04 09:00:00,1.088999987
2018-02-04 10:00:00,5.044000149
2018-02-04 11:00:00,9.438500404
2018-02-04 12:00:00,12.07499981
2018-02-04 13:00:00,13.83300018
2018-02-04 14:00:00,14.71150017
2018-02-04 15:00:00,14.71199989
2018-02-04 16:00:00,14.05249977
2018-02-04 17:00:00,12.29500008
2018-02-04 18:00:00,10.09799957
2018-02-04 19:00:00,8.779500008
2018-02-04 20:00:00,8.119999886
2018-02-04 21:00:00,7.680500031
2018-02-04 22:00:00,7.241000175
2018-02-04 23:00:00,6.362500191
2018-02-05 00:00:00,5.703499794
2018-02-05 01:00:00,4.604499817
2018-02-05 02:00:00,3.725500107
2018-02-05 03:00:00,3.066499949
2018-02-05 04:00:00,2.389006813649019
2018-02-05 05:00:00,1.6923708282912866
2018-02-05 06:00:00,1.0140805357152178
2018-02-05 07:00:00,0.3547586378883135
2018-02-05 08:00:00,-0.2849721632219253
2018-02-05 09:00:00,-0.9044891656479979
2018-02-05 10:00:00,-1.5031696674224029
2018-02-05 11:00:00,-2.080390966577638
2018-02-05 12:00:00,-2.6355303611462046
2018-02-05 13:00:00,-3.1679651491606
2018-02-05 14:00:00,-3.6770726286533244
2018-02-05 15:00:00,-4.162230097656874
2018-02-05 16:00:00,-4.622814854203753
2018-02-05 17:00:00,-5.058204196326456
2018-02-05 18:00:00,-5.467775422057487
2018-02-05 19:00:00,-5.850905829429341
2018-02-05 20:00:00,-6.206972716474516
2018-02-05 21:00:00,-6.535353381225511
2018-02-05 22:00:00,-6.835425121714833
2018-02-05 23:00:00,-7.106565235974966
2018-02-06 00:00:00,-7.348151022038419
2018-02-06 01:00:00,-7.559559777937687
2018-02-06 02:00:00,-7.740168801705284
2018-02-06 03:00:00,-7.889355391373682
2018-02-06 04:00:00,-8.006496844975405
2018-02-06 05:00:00,-8.090970460542938
2018-02-06 06:00:00,-8.142153536108784
2018-02-06 07:00:00,-8.159423369705433
2018-02-06 08:00:00,-8.142157259365407
2018-02-06 09:00:00,-8.089732503121176
2018-02-06 10:00:00,-8.001526399005263
2018-02-06 11:00:00,-7.87691624505015
2018-02-06 12:00:00,-7.715279339288347
2018-02-06 13:00:00,-7.515992979752365
2018-02-06 14:00:00,-7.278434464474689
2018-02-06 15:00:00,-7.00198109148781
2018-02-06 16:00:00,-6.686010158824246
2018-02-06 17:00:00,-6.329898964516474
2018-02-06 18:00:00,-5.933024806597004
2018-02-06 19:00:00,-5.49476498309831
2018-02-06 20:00:00,-5.01449679205292
2018-02-06 21:00:00,-4.491597531493333
2018-02-06 22:00:00,-3.925444499452034
2018-02-06 23:00:00,-3.3154149939615465
2018-02-07 00:00:00,-2.6608863130543483
2018-02-07 01:00:00,-1.9612357547629102
2018-02-07 02:00:00,-1.2158406171197953
2018-02-07 03:00:00,-0.42407819815746706
2018-02-07 04:00:00,0.4146742040915683
2018-02-07 05:00:00,1.3010392915948472
2018-02-07 06:00:00,2.84649992
2018-02-07 07:00:00,2.627000093
2018-02-07 08:00:00,3.065999985
2018-02-07 09:00:00,4.385000229
2018-02-07 10:00:00,6.362500191
2018-02-07 11:00:00,8.998999596
2018-02-07 12:00:00,12.29500008
2018-02-07 13:00:00,13.39350033
2018-02-07 14:00:00,15.37150002
2018-02-07 15:00:00,15.5909996
2018-02-07 16:00:00,15.37150002
2018-02-07 17:00:00,14.27250004
2018-02-07 18:00:00,12.95400047
2018-02-07 19:00:00,11.63549995
2018-02-07 20:00:00,10.31750011
2018-02-07 21:00:00,9.438500404
2018-02-07 22:00:00,8.119999886
2018-02-07 23:00:00,7.241000175
2018-02-08 00:00:00,6.801499844
2018-02-08 01:00:00,6.362500191
2018-02-08 02:00:00,5.483500004
2018-02-08 03:00:00,5.044000149
2018-02-08 04:00:00,4.384500027
2018-02-08 05:00:00,3.725500107
2018-02-08 06:00:00,3.066499949
2018-02-08 07:00:00,2.407500029
2018-02-08 08:00:00,2.1875
2018-02-08 09:00:00,3.945499897
2018-02-08 10:00:00,7.021500111
2018-02-08 11:00:00,10.31750011
2018-02-08 12:00:00,13.83300018
2018-02-08 13:00:00,14.93150043
2018-02-08 14:00:00,17.12899971
2018-02-08 15:00:00,18.22750092
2018-02-08 16:00:00,18.00799942
2018-02-08 17:00:00,16.25
2018-02-08 18:00:00,14.49250031
2018-02-08 19:00:00,12.73449993
2018-02-08 20:00:00,11.19649982
2018-02-08 21:00:00,9.878000259
2018-02-08 22:00:00,9.218500137
2018-02-08 23:00:00,8.779500008
2018-02-09 00:00:00,8.339500427
2018-02-09 01:00:00,7.680500031
2018-02-09 02:00:00,7.241000175
2018-02-09 03:00:00,7.241000175
2018-02-09 04:00:00,7.241000175
2018-02-09 05:00:00,7.241000175
2018-02-09 06:00:00,7.241000175
2018-02-09 07:00:00,7.460499763
2018-02-09 08:00:00,7.680500031
2018-02-09 09:00:00,8.340000153
2018-02-09 10:00:00,9.438500404
2018-02-09 11:00:00,10.75699997
2018-02-09 12:00:00,12.51449966
2018-02-09 13:00:00,14.27250004
2018-02-09 14:00:00,16.68950081
2018-02-09 15:00:00,17.3484993
2018-02-09 16:00:00,17.56850052
2018-02-09 17:00:00,16.9090004
2018-02-09 18:00:00,16.46949959
2018-02-09 19:00:00,15.5909996
2018-02-09 20:00:00,14.93200016
2018-02-09 21:00:00,14.27250004
2018-02-09 22:00:00,13.83300018
2018-02-09 23:00:00,13.39350033
2018-02-10 00:00:00,12.95400047
2018-02-10 01:00:00,12.73400021
2018-02-10 02:00:00,12.51449966
2018-02-10 03:00:00,12.07499981
2018-02-10 04:00:00,11.63549995
2018-02-10 05:00:00,11.63549995
2018-02-10 06:00:00,11.41600037
2018-02-10 07:00:00,11.41600037
2018-02-10 08:00:00,10.97700024
2018-02-10 09:00:00,10.5369997
2018-02-10 10:00:00,10.75699997
2018-02-10 11:00:00,10.648138828110786
2018-02-10 12:00:00,10.621559175467386
2018-02-10 13:00:00,10.62416923396618
2018-02-10 14:00:00,10.654560851078335
2018-02-10 15:00:00,10.711325874275019
2018-02-10 16:00:00,10.7930561510274
2018-02-10 17:00:00,10.89834352880665
2018-02-10 18:00:00,11.025779855083938
2018-02-10 19:00:00,11.173956977330429
2018-02-10 20:00:00,11.341466743017293
2018-02-10 21:00:00,11.526900999615696
2018-02-10 22:00:00,11.728851594596811
2018-02-10 23:00:00,11.9459103754318
2018-02-11 00:00:00,12.176669189591838
2018-02-11 01:00:00,12.419719884548092
2018-02-11 02:00:00,12.673654307771729
2018-02-11 03:00:00,12.937064306733916
2018-02-11 04:00:00,13.208541728905827
2018-02-11 05:00:00,13.486678421758619
2018-02-11 06:00:00,13.77006623276348
2018-02-11 07:00:00,14.057297009391563
2018-02-11 08:00:00,14.34696259911404
2018-02-11 09:00:00,14.637654849402079
2018-02-11 10:00:00,14.927965607726865
2018-02-11 11:00:00,15.216486721559543
2018-02-11 12:00:00,15.50181003837129
2018-02-11 13:00:00,15.782527405633276
2018-02-11 14:00:00,16.057230670816672
2018-02-11 15:00:00,16.324511681392636
2018-02-11 16:00:00,16.58296228483235
2018-02-11 17:00:00,16.83117432860697
2018-02-11 18:00:00,17.067739660187677
2018-02-11 19:00:00,17.291250127045632
2018-02-11 20:00:00,17.500297576652006
2018-02-11 21:00:00,17.693473856477983
2018-02-11 22:00:00,17.869370813994692
2018-02-11 23:00:00,18.026580296673313
2018-02-12 00:00:00,18.163694151985048
2018-02-12 01:00:00,18.279304227401045
2018-02-12 02:00:00,18.372002370392444
2018-02-12 03:00:00,18.44038042843045
2018-02-12 04:00:00,18.483030248986232
2018-02-12 05:00:00,18.498543679530968
2018-02-12 06:00:00,18.48551256753578
2018-02-12 07:00:00,18.442528760471887
2018-02-12 08:00:00,18.36818410581041
2018-02-12 09:00:00,18.261070451022572
2018-02-12 10:00:00,18.119779643579488
2018-02-12 11:00:00,17.942903530952368
2018-02-12 12:00:00,17.729033960612316
2018-02-12 13:00:00,16.03050041
2018-02-12 14:00:00,18.44750023
2018-02-12 15:00:00,18.8864994
2018-02-12 16:00:00,18.22750092
2018-02-12 17:00:00,16.46949959
2018-02-12 18:00:00,14.49199963
2018-02-12 19:00:00,13.17350006
2018-02-12 20:00:00,12.07499981
2018-02-12 21:00:00,11.19649982
2018-02-12 22:00:00,10.31750011
2018-02-12 23:00:00,8.998999596
2018-02-13 00:00:00,8.119999886
2018-02-13 01:00:00,7.241000175
2018-02-13 02:00:00,6.362500191
2018-02-13 03:00:00,5.703499794
2018-02-13 04:00:00,5.044000149
2018-02-13 05:00:00,4.525419481324262
2018-02-13 06:00:00,4.026366447092329
2018-02-13 07:00:00,3.5863240065809747
2018-02-13 08:00:00,3.203352918284756
2018-02-13 09:00:00,2.875513940698232
2018-02-13 10:00:00,2.600867832315958
2018-02-13 11:00:00,2.3774753516324956
2018-02-13 12:00:00,2.2033972571424005
2018-02-13 13:00:00,2.0766943073402304
2018-02-13 14:00:00,1.9954272607205485
2018-02-13 15:00:00,1.9576568757779107
2018-02-13 16:00:00,1.9614439110068744
2018-02-13 17:00:00,2.004849124902001
2018-02-13 18:00:00,2.0859332759578386
2018-02-13 19:00:00,2.202757122668954
2018-02-13 20:00:00,2.353381423529891
2018-02-13 21:00:00,2.5358669370352356
2018-02-13 22:00:00,2.748274421679529
2018-02-13 23:00:00,2.988664635957326
2018-02-14 00:00:00,3.255098338363192
2018-02-14 01:00:00,3.5456362873916945
2018-02-14 02:00:00,3.8583392415373723
2018-02-14 03:00:00,4.191267959294791
2018-02-14 04:00:00,4.542483199158507
2018-02-14 05:00:00,4.910045719623081
2018-02-14 06:00:00,5.292016279183077
2018-02-14 07:00:00,5.686455636333054
2018-02-14 08:00:00,6.091424549567552
2018-02-14 09:00:00,6.504983777381156
2018-02-14 10:00:00,6.925194078268397
2018-02-14 11:00:00,7.350116210723886
2018-02-14 12:00:00,7.777810933242094
2018-02-14 13:00:00,8.206339004317623
2018-02-14 14:00:00,8.633761182445046
2018-02-14 15:00:00,9.058138226118913
2018-02-14 16:00:00,9.47753089383377
2018-02-14 17:00:00,9.889999944084202
2018-02-14 18:00:00,10.29360613536473
2018-02-14 19:00:00,10.686410226170004
2018-02-14 20:00:00,11.066472974994465
2018-02-14 21:00:00,11.431855140332722
2018-02-14 22:00:00,11.780617480679272
2018-02-14 23:00:00,12.110820754528788
2018-02-15 00:00:00,12.420525720375757
2018-02-15 01:00:00,12.707793136714749
2018-02-15 02:00:00,12.970683762040302
2018-02-15 03:00:00,13.207258354847
2018-02-15 04:00:00,13.415577673629421
2018-02-15 05:00:00,13.593702476882143
2018-02-15 06:00:00,13.739693523099632
2018-02-15 07:00:00,14.27250004
2018-02-15 08:00:00,13.61299992
2018-02-15 09:00:00,13.39350033
2018-02-15 10:00:00,13.39350033
2018-02-15 11:00:00,13.61349964
2018-02-15 12:00:00,13.83300018
2018-02-15 13:00:00,14.27250004
2018-02-15 14:00:00,14.49250031
2018-02-15 15:00:00,14.49250031
2018-02-15 16:00:00,14.27250004
2018-02-15 17:00:00,13.39350033
2018-02-15 18:00:00,12.51449966
2018-02-15 19:00:00,12.51449966
2018-02-15 20:00:00,12.29450035
2018-02-15 21:00:00,11.85550022
2018-02-15 22:00:00,11.63549995
2018-02-15 23:00:00,11.63549995
2018-02-16 00:00:00,11.63549995
2018-02-16 01:00:00,10.75699997
2018-02-16 02:00:00,10.75699997
2018-02-16 03:00:00,10.75699997
2018-02-16 04:00:00,10.75699997
2018-02-16 05:00:00,9.878000259
2018-02-16 06:00:00,9.878000259
2018-02-16 07:00:00,9.878000259
2018-02-16 08:00:00,10.09799957
2018-02-16 09:00:00,10.31750011
2018-02-16 10:00:00,10.75699997
2018-02-16 11:00:00,11.63549995
2018-02-16 12:00:00,12.07499981
2018-02-16 13:00:00,12.73400021
2018-02-16 14:00:00,13.17399979
2018-02-16 15:00:00,13.39350033
2018-02-16 16:00:00,14.05300045
2018-02-16 17:00:00,14.27250004
2018-02-16 18:00:00,14.27250004
2018-02-16 19:00:00,14.05300045
2018-02-16 20:00:00,13.61299992
2018-02-16 21:00:00,13.61299992
2018-02-16 22:00:00,13.61299992
2018-02-16 23:00:00,13.61299992
2018-02-17 00:00:00,13.61299992
2018-02-17 01:00:00,13.39350033
2018-02-17 02:00:00,12.73400021
2018-02-17 03:00:00,11.41600037
2018-02-17 04:00:00,10.5369997
2018-02-17 05:00:00,10.09799957
2018-02-17 06:00:00,9.878000259
2018-02-17 07:00:00,9.218999863
2018-02-17 08:00:00,9.218999863
2018-02-17 09:00:00,10.5369997
2018-02-17 10:00:00,12.51449966
2018-02-17 11:00:00,14.71199989
2018-02-17 12:00:00,16.9090004
2018-02-17 13:00:00,18.66699982
2018-02-17 14:00:00,21.08399963
2018-02-17 15:00:00,21.74300003
2018-02-17 16:00:00,20.64450073
2018-02-17 17:00:00,18.66699982
2018-02-17 18:00:00,16.46949959
2018-02-17 19:00:00,14.71199989
2018-02-17 20:00:00,13.83300018
2018-02-17 21:00:00,13.39350033
2018-02-17 22:00:00,13.39350033
2018-02-17 23:00:00,12.95400047
2018-02-18 00:00:00,12.95400047
2018-02-18 01:00:00,12.73400021
2018-02-18 02:00:00,12.51449966
2018-02-18 03:00:00,12.51449966
2018-02-18 04:00:00,12.51449966
2018-02-18 05:00:00,12.73400021
2018-02-18 06:00:00,12.73400021
2018-02-18 07:00:00,12.73400021
2018-02-18 08:00:00,12.73400021
2018-02-18 09:00:00,12.73400021
2018-02-18 10:00:00,13.17399979
2018-02-18 11:00:00,13.83300018
2018-02-18 12:00:00,14.27250004
2018-02-18 13:00:00,14.27250004
2018-02-18 14:00:00,14.05300045
2018-02-18 15:00:00,12.29500008
2018-02-18 16:00:00,11.41600037
2018-02-18 17:00:00,11.19649982
2018-02-18 18:00:00,10.75699997
2018-02-18 19:00:00,10.53750038
2018-02-18 20:00:00,10.53750038
2018-02-18 21:00:00,10.53750038
2018-02-18 22:00:00,10.53750038
2018-02-18 23:00:00,10.31750011
2018-02-19 00:00:00,10.31750011
2018-02-19 01:00:00,10.31750011
2018-02-19 02:00:00,10.31750011
2018-02-19 03:00:00,10.31750011
2018-02-19 04:00:00,10.31750011
2018-02-19 05:00:00,9.878000259
2018-02-19 06:00:00,9.878000259
2018-02-19 07:00:00,10.31750011
2018-02-19 08:00:00,10.31750011
2018-02-19 09:00:00,9.878000259
2018-02-19 10:00:00,9.438500404
2018-02-19 11:00:00,9.438500404
2018-02-19 12:00:00,9.438500404
2018-02-19 13:00:00,9.438500404
2018-02-19 14:00:00,9.878000259
2018-02-19 15:00:00,10.31750011
2018-02-19 16:00:00,10.75699997
2018-02-19 17:00:00,11.19649982
2018-02-19 18:00:00,11.41600037
2018-02-19 19:00:00,11.41600037
2018-02-19 20:00:00,11.41600037
2018-02-19 21:00:00,11.41600037
2018-02-19 22:00:00,11.63549995
2018-02-19 23:00:00,11.85499954
2018-02-20 00:00:00,12.07499981
2018-02-20 01:00:00,12.07499981
2018-02-20 02:00:00,12.07499981
2018-02-20 03:00:00,11.85499954
2018-02-20 04:00:00,11.85499954
2018-02-20 05:00:00,11.63549995
2018-02-20 06:00:00,11.41600037
2018-02-20 07:00:00,10.75699997
2018-02-20 08:00:00,10.75699997
2018-02-20 09:00:00,10.75699997
2018-02-20 10:00:00,10.75699997
2018-02-20 11:00:00,10.09749985
2018-02-20 12:00:00,10.09749985
2018-02-20 13:00:00,10.09749985
2018-02-20 14:00:00,10.273091179291832
2018-02-20 15:00:00,10.404861461210292
2018-02-20 16:00:00,10.579753423742341
2018-02-20 17:00:00,10.795224101659592
2018-02-20 18:00:00,11.048730529733659
2018-02-20 19:00:00,11.337729742736157
2018-02-20 20:00:00,11.6596787754387
2018-02-20 21:00:00,12.012034662612905
2018-02-20 22:00:00,12.392254439030381
2018-02-20 23:00:00,12.797795139462746
2018-02-21 00:00:00,13.22611379868161
2018-02-21 01:00:00,13.674667451458593
2018-02-21 02:00:00,14.140913132565299
2018-02-21 03:00:00,14.622307876773348
2018-02-21 04:00:00,15.11630871885436
2018-02-21 05:00:00,15.62037269357994
2018-02-21 06:00:00,16.131956835721702
2018-02-21 07:00:00,16.64851818005127
2018-02-21 08:00:00,17.16751376134024
2018-02-21 09:00:00,17.68640061436025
2018-02-21 10:00:00,18.202635773882896
2018-02-21 11:00:00,18.7136762746798
2018-02-21 12:00:00,19.216979151522573
2018-02-21 13:00:00,19.710001439182847
2018-02-21 14:00:00,20.19020017243221
2018-02-21 15:00:00,20.65503238604228
2018-02-21 16:00:00,21.101955114784683
2018-02-21 17:00:00,21.528425393431025
2018-02-21 18:00:00,21.93190025675291
2018-02-21 19:00:00,22.30983673952198
2018-02-21 20:00:00,22.659691876509818
2018-02-21 21:00:00,22.97892270248806
2018-02-21 22:00:00,23.26498625222831
2018-02-21 23:00:00,23.5153395605022
2018-02-22 00:00:00,23.727439662081352
2018-02-22 01:00:00,23.89874359173732
2018-02-22 02:00:00,24.02670838424173
2018-02-22 03:00:00,24.108791074366263
2018-02-22 04:00:00,24.14244869688249
2018-02-22 05:00:00,24.125138286561974
2018-02-22 06:00:00,24.0543168781764
2018-02-22 07:00:00,23.927441506497377
2018-02-22 08:00:00,23.741969206296538
2018-02-22 09:00:00,23.49535701234542
2018-02-22 10:00:00,23.18506195941572
2018-02-22 11:00:00,22.808541082278968
2018-02-22 12:00:00,22.363251415706877
2018-02-22 13:00:00,21.846649994470965
2018-02-22 14:00:00,21.25619385334292
2018-02-22 15:00:00,20.589340027094245
2018-02-22 16:00:00,20.42499924
2018-02-22 17:00:00,18.8864994
2018-02-22 18:00:00,17.56800079
2018-02-22 19:00:00,16.03050041
2018-02-22 20:00:00,14.71199989
2018-02-22 21:00:00,13.61299992
2018-02-22 22:00:00,12.73400021
2018-02-22 23:00:00,12.07499981
2018-02-23 00:00:00,11.63549995
2018-02-23 01:00:00,11.19649982
2018-02-23 02:00:00,10.75699997
2018-02-23 03:00:00,9.878000259
2018-02-23 04:00:00,9.438500404
2018-02-23 05:00:00,8.998999596
2018-02-23 06:00:00,8.559499741
2018-02-23 07:00:00,8.559499741
2018-02-23 08:00:00,8.779000282
2018-02-23 09:00:00,10.75699997
2018-02-23 10:00:00,14.27250004
2018-02-23 11:00:00,17.78800011
2018-02-23 12:00:00,20.64450073
2018-02-23 13:00:00,20.547300076880873
2018-02-23 14:00:00,21.868484833068308
2018-02-23 15:00:00,23.117495714795442
2018-02-23 16:00:00,24.29557424400649
2018-02-23 17:00:00,25.403961942645676
2018-02-23 18:00:00,26.443900332657215
2018-02-23 19:00:00,27.416630935985324
2018-02-23 20:00:00,28.32339527457422
2018-02-23 21:00:00,29.16543487036813
2018-02-23 22:00:00,29.94399124531127
2018-02-23 23:00:00,30.660305921347845
2018-02-24 00:00:00,31.315620420422086
2018-02-24 01:00:00,31.911176264478208
2018-02-24 02:00:00,32.44821497546043
2018-02-24 03:00:00,32.92797807531298
2018-02-24 04:00:00,33.351707085980046
2018-02-24 05:00:00,33.720643529405876
2018-02-24 06:00:00,34.03602892753469
2018-02-24 07:00:00,34.29910480231068
2018-02-24 08:00:00,34.511112675678106
2018-02-24 09:00:00,34.67329406958115
2018-02-24 10:00:00,34.78689050596405
2018-02-24 11:00:00,34.85314350677102
2018-02-24 12:00:00,34.873294593946255
2018-02-24 13:00:00,34.848585289434
2018-02-24 14:00:00,34.78025711517844
2018-02-24 15:00:00,34.66955159312387
2018-02-24 16:00:00,34.51771024521445
2018-02-24 17:00:00,34.32597459339438
2018-02-24 18:00:00,34.09558615960793
2018-02-24 19:00:00,33.82778646579929
2018-02-24 20:00:00,33.52381703391266
2018-02-24 21:00:00,33.18491938589228
2018-02-24 22:00:00,32.8123350436824
2018-02-24 23:00:00,32.407305529227195
2018-02-25 00:00:00,31.971072364470878
2018-02-25 01:00:00,31.504877071357647
2018-02-25 02:00:00,31.009961171831748
2018-02-25 03:00:00,30.487566187837523
2018-02-25 04:00:00,29.93893364131906
2018-02-25 05:00:00,29.365305054220556
2018-02-25 06:00:00,28.767921948486283
2018-02-25 07:00:00,28.14802584606042
2018-02-25 08:00:00,27.5068582688872
2018-02-25 09:00:00,26.84566073891081
2018-02-25 10:00:00,26.165674778075555
2018-02-25 11:00:00,25.468141908325578
2018-02-25 12:00:00,24.754303651605085
2018-02-25 13:00:00,24.025401529858385
2018-02-25 14:00:00,23.282677065029645
2018-02-25 15:00:00,21.96249962
2018-02-25 16:00:00,22.40200043
2018-02-25 17:00:00,21.74300003
2018-02-25 18:00:00,20.42499924
2018-02-25 19:00:00,19.54599953
2018-02-25 20:00:00,18.4470005
2018-02-25 21:00:00,17.12899971
2018-02-25 22:00:00,15.81099987
2018-02-25 23:00:00,14.71199989
2018-02-26 00:00:00,13.83300018
2018-02-26 01:00:00,12.95400047
2018-02-26 02:00:00,12.51449966
2018-02-26 03:00:00,12.07499981
2018-02-26 04:00:00,11.19649982
2018-02-26 05:00:00,10.75699997
2018-02-26 06:00:00,10.31750011
2018-02-26 07:00:00,10.09799957
2018-02-26 08:00:00,10.75699997
2018-02-26 09:00:00,12.95400047
2018-02-26 10:00:00,16.46999931
2018-02-26 11:00:00,19.32600021
2018-02-26 12:00:00,22.40250015
2018-02-26 13:00:00,24.37999916
2018-02-26 14:00:00,26.13750076
2018-02-26 15:00:00,27.89550018
2018-02-26 16:00:00,27.45599937
2018-02-26 17:00:00,25.91799927
2018-02-26 18:00:00,23.94050026
2018-02-26 19:00:00,22.18250084
2018-02-26 20:00:00,20.42499924
2018-02-26 21:00:00,19.32600021
2018-02-26 22:00:00,18.22750092
2018-02-26 23:00:00,17.3484993
2018-02-27 00:00:00,16.9090004
2018-02-27 01:00:00,16.9090004
2018-02-27 02:00:00,16.46949959
2018-02-27 03:00:00,16.03050041
2018-02-27 04:00:00,15.5909996
2018-02-27 05:00:00,14.93200016
2018-02-27 06:00:00,14.49199963
2018-02-27 07:00:00,14.05300045
2018-02-27 08:00:00,14.27250004
2018-02-27 09:00:00,16.46949959
2018-02-27 10:00:00,19.98550034
2018-02-27 11:00:00,23.94050026
2018-02-27 12:00:00,27.6760006
2018-02-27 13:00:00,28.99399948
2018-02-27 14:00:00,29.65299988
2018-02-27 15:00:00,27.6760006
2018-02-27 16:00:00,25.91799927
2018-02-27 17:00:00,25.03899956
2018-02-27 18:00:00,23.72100067
2018-02-27 19:00:00,20.86450005
2018-02-27 20:00:00,19.32600021
2018-02-27 21:00:00,18.00799942
2018-02-27 22:00:00,16.68899918
2018-02-27 23:00:00,16.46949959
2018-02-28 00:00:00,16.46949959
2018-02-28 01:00:00,16.25
2018-02-28 02:00:00,16.25
2018-02-28 03:00:00,15.81050014
2018-02-28 04:00:00,15.81050014
2018-02-28 05:00:00,15.81050014
2018-02-28 06:00:00,15.5909996
2018-02-28 07:00:00,15.15149975
2018-02-28 08:00:00,14.93150043
2018-02-28 09:00:00,14.93150043
2018-02-28 10:00:00,14.93150043
2018-02-28 11:00:00,15.5909996
2018-02-28 12:00:00,16.68899918
2018-02-28 13:00:00,16.9090004
2018-02-28 14:00:00,17.78800011
2018-02-28 15:00:00,18.22750092
2018-02-28 16:00:00,19.32649994
2018-02-28 17:00:00,19.54599953
2018-02-28 18:00:00,19.32600021
2018-02-28 19:00:00,18.4470005
2018-02-28 20:00:00,17.56800079
2018-02-28 21:00:00,16.68899918
2018-02-28 22:00:00,15.81099987
2018-02-28 23:00:00,15.5909996
2018-03-01 00:00:00,15.81099987
2018-03-01 01:00:00,16.25
2018-03-01 02:00:00,16.25
2018-03-01 03:00:00,16.25
2018-03-01 04:00:00,16.25
2018-03-01 05:00:00,15.37100029
2018-03-01 06:00:00,14.49199963
2018-03-01 07:00:00,14.05300045
2018-03-01 08:00:00,14.05300045
2018-03-01 09:00:00,16.25
2018-03-01 10:00:00,18.66699982
2018-03-01 11:00:00,19.54599953
2018-03-01 12:00:00,18.8864994
2018-03-01 13:00:00,18.8864994
2018-03-01 14:00:00,18.44750023
2018-03-01 15:00:00,17.78800011
2018-03-01 16:00:00,17.12849998
2018-03-01 17:00:00,16.68950081
2018-03-01 18:00:00,16.03050041
2018-03-01 19:00:00,15.5909996
2018-03-01 20:00:00,15.15149975
2018-03-01 21:00:00,14.71199989
2018-03-01 22:00:00,14.27250004
2018-03-01 23:00:00,14.27250004
2018-03-02 00:00:00,13.39350033
2018-03-02 01:00:00,12.51449966
2018-03-02 02:00:00,10.5369997
2018-03-02 03:00:00,9.878000259
2018-03-02 04:00:00,9.878000259
2018-03-02 05:00:00,9.878000259
2018-03-02 06:00:00,10.09799957
2018-03-02 07:00:00,10.09799957
2018-03-02 08:00:00,10.09799957
2018-03-02 09:00:00,10.5369997
2018-03-02 10:00:00,11.85499954
2018-03-02 11:00:00,12.95400047
2018-03-02 12:00:00,13.83300018
2018-03-02 13:00:00,14.71199989
2018-03-02 14:00:00,15.37150002
2018-03-02 15:00:00,16.46949959
2018-03-02 16:00:00,16.68950081
2018-03-02 17:00:00,16.46949959
2018-03-02 18:00:00,16.25
2018-03-02 19:00:00,16.25
2018-03-02 20:00:00,16.25
2018-03-02 21:00:00,16.25
2018-03-02 22:00:00,15.81099987
2018-03-02 23:00:00,15.5909996
2018-03-03 00:00:00,15.15149975
2018-03-03 01:00:00,13.17350006
2018-03-03 02:00:00,12.51449966
2018-03-03 03:00:00,12.95400047
2018-03-03 04:00:00,13.61299992
2018-03-03 05:00:00,14.05300045
2018-03-03 06:00:00,14.49199963
2018-03-03 07:00:00,14.71199989
2018-03-03 08:00:00,14.93150043
2018-03-03 09:00:00,15.15149975
2018-03-03 10:00:00,16.25
2018-03-03 11:00:00,18.44750023
2018-03-03 12:00:00,22.18250084
2018-03-03 13:00:00,25.03899956
2018-03-03 14:00:00,26.35700035
2018-03-03 15:00:00,28.33499908
2018-03-03 16:00:00,28.33499908
2018-03-03 17:00:00,27.23600006
2018-03-03 18:00:00,25.91799927
2018-03-03 19:00:00,24.59950066
2018-03-03 20:00:00,23.94050026
2018-03-03 21:00:00,23.28100014
2018-03-03 22:00:00,22.62199974
2018-03-03 23:00:00,22.18250084
2018-03-04 00:00:00,21.96299934
2018-03-04 01:00:00,21.52300072
2018-03-04 02:00:00,21.30349922
2018-03-04 03:00:00,20.86450005
2018-03-04 04:00:00,20.64500046
2018-03-04 05:00:00,20.64500046
2018-03-04 06:00:00,20.64500046
2018-03-04 07:00:00,20.42499924
2018-03-04 08:00:00,20.42499924
2018-03-04 09:00:00,21.52350044
2018-03-04 10:00:00,23.94050026
2018-03-04 11:00:00,27.89550018
2018-03-04 12:00:00,31.85050011
2018-03-04 13:00:00,34.92699814
2018-03-04 14:00:00,36.68450165
2018-03-04 15:00:00,34.70700073
2018-03-04 16:00:00,33.16899872
2018-03-04 17:00:00,31.63100052
2018-03-04 18:00:00,29.87299919
2018-03-04 19:00:00,27.23600006
2018-03-04 20:00:00,22.18250084
2018-03-04 21:00:00,18.66699982
2018-03-04 22:00:00,16.68899918
2018-03-04 23:00:00,15.81099987
2018-03-05 00:00:00,14.49199963
2018-03-05 01:00:00,13.17399979
2018-03-05 02:00:00,12.29500008
2018-03-05 03:00:00,12.07499981
2018-03-05 04:00:00,11.85499954
2018-03-05 05:00:00,11.63549995
2018-03-05 06:00:00,11.41600037
2018-03-05 07:00:00,10.75699997
2018-03-05 08:00:00,10.5369997
2018-03-05 09:00:00,10.5369997
2018-03-05 10:00:00,11.19649982
2018-03-05 11:00:00,12.51449966
2018-03-05 12:00:00,14.71199989
2018-03-05 13:00:00,17.56850052
2018-03-05 14:00:00,21.52350044
2018-03-05 15:00:00,24.60000038
2018-03-05 16:00:00,24.15999985
2018-03-05 17:00:00,22.62199974
2018-03-05 18:00:00,20.86450005
2018-03-05 19:00:00,18.88699913
2018-03-05 20:00:00,17.78800011
2018-03-05 21:00:00,16.68899918
2018-03-05 22:00:00,15.81099987
2018-03-05 23:00:00,14.93200016
2018-03-06 00:00:00,14.49199963
2018-03-06 01:00:00,13.61299992
2018-03-06 02:00:00,12.95400047
2018-03-06 03:00:00,12.29500008
2018-03-06 04:00:00,11.85499954
2018-03-06 05:00:00,11.41600037
2018-03-06 06:00:00,11.19649982
2018-03-06 07:00:00,10.75699997
2018-03-06 08:00:00,10.75699997
2018-03-06 09:00:00,11.41600037
2018-03-06 10:00:00,14.27250004
2018-03-06 11:00:00,17.12899971
2018-03-06 12:00:00,18.44750023
2018-03-06 13:00:00,18.00799942
2018-03-06 14:00:00,17.12849998
2018-03-06 15:00:00,18.43713537032321
2018-03-06 16:00:00,18.97480493029798
2018-03-06 17:00:00,19.486261330137513
2018-03-06 18:00:00,19.97173104243446
2018-03-06 19:00:00,20.431440539781484
2018-03-06 20:00:00,20.865616294771247
2018-03-06 21:00:00,21.274484779996403
2018-03-06 22:00:00,21.658272468049613
2018-03-06 23:00:00,22.017205831523537
2018-03-07 00:00:00,22.351511343010834
2018-03-07 01:00:00,22.661415475104164
2018-03-07 02:00:00,22.947144700396183
2018-03-07 03:00:00,23.208925491479558
2018-03-07 04:00:00,23.44698432094694
2018-03-07 05:00:00,23.66154766139099
2018-03-07 06:00:00,23.852841985404368
2018-03-07 07:00:00,24.021093765579735
2018-03-07 08:00:00,24.166529474509744
2018-03-07 09:00:00,24.289375584787066
2018-03-07 10:00:00,24.389858569004346
2018-03-07 11:00:00,24.468204899754248
2018-03-07 12:00:00,24.52464104962943
2018-03-07 13:00:00,24.559393491222565
2018-03-07 14:00:00,24.57268869712629
2018-03-07 15:00:00,24.56475313993328
2018-03-07 16:00:00,24.535813292236192
2018-03-07 17:00:00,24.48609562662768
2018-03-07 18:00:00,24.415826615700404
2018-03-07 19:00:00,24.325232732047034
2018-03-07 20:00:00,24.21454044826021
2018-03-07 21:00:00,24.08397623693261
2018-03-07 22:00:00,23.93376657065688
2018-03-07 23:00:00,23.764137922025682
2018-03-08 00:00:00,23.57531676363169
2018-03-08 01:00:00,23.367529568067546
2018-03-08 02:00:00,23.141002807925922
2018-03-08 03:00:00,22.895962955799483
2018-03-08 04:00:00,22.632636484280855
2018-03-08 05:00:00,22.351249865962718
2018-03-08 06:00:00,22.052029573437725
2018-03-08 07:00:00,21.73520207929854
2018-03-08 08:00:00,21.40099385613782
2018-03-08 09:00:00,21.049631376548213
2018-03-08 10:00:00,20.681341113122414
2018-03-08 11:00:00,20.296349538453047
2018-03-08 12:00:00,19.894883125132772
2018-03-08 13:00:00,19.47716834575427
2018-03-08 14:00:00,19.0434316729102
2018-03-08 15:00:00,18.5938995791932
2018-03-08 16:00:00,18.12879853719594
2018-03-08 17:00:00,17.56850052
2018-03-08 18:00:00,17.12849998
2018-03-08 19:00:00,16.68950081
2018-03-08 20:00:00,16.46949959
2018-03-08 21:00:00,15.81099987
2018-03-08 22:00:00,15.15149975
2018-03-08 23:00:00,14.71199989
2018-03-09 00:00:00,13.83300018
2018-03-09 01:00:00,12.73400021
2018-03-09 02:00:00,11.63549995
2018-03-09 03:00:00,11.19649982
2018-03-09 04:00:00,10.31750011
2018-03-09 05:00:00,9.438500404
2018-03-09 06:00:00,8.998999596
2018-03-09 07:00:00,8.559499741
2018-03-09 08:00:00,7.882439208957859
2018-03-09 09:00:00,7.325435745568788
2018-03-09 10:00:00,6.7944434978943145
2018-03-09 11:00:00,6.2900174996714915
2018-03-09 12:00:00,5.812712784637372
2018-03-09 13:00:00,5.36308438652901
2018-03-09 14:00:00,4.941687339083456
2018-03-09 15:00:00,4.549076676037766
2018-03-09 16:00:00,4.18580743112899
2018-03-09 17:00:00,3.852434638094182
2018-03-09 18:00:00,3.5495133306703943
2018-03-09 19:00:00,3.27759854259468
2018-03-09 20:00:00,3.0372453076040884
2018-03-09 21:00:00,2.8290086594356794
2018-03-09 22:00:00,2.653443631826494
2018-03-09 23:00:00,2.5111052585136022
2018-03-10 00:00:00,2.402548573234046
2018-03-10 01:00:00,2.328328609724874
2018-03-10 02:00:00,2.289000401723148
2018-03-10 03:00:00,2.2851189829659235
2018-03-10 04:00:00,2.317239387190238
2018-03-10 05:00:00,2.3859166481331577
2018-03-10 06:00:00,2.4917057995317293
2018-03-10 07:00:00,2.6351618751230035
2018-03-10 08:00:00,2.816839908644045
2018-03-10 09:00:00,3.0372949338318858
2018-03-10 10:00:00,3.2970819844235937
2018-03-10 11:00:00,3.596756094156227
2018-03-10 12:00:00,3.936872296766822
2018-03-10 13:00:00,4.317985625992444
2018-03-10 14:00:00,4.740651115570158
2018-03-10 15:00:00,5.205423799236966
2018-03-10 16:00:00,5.712858710729973
2018-03-10 17:00:00,6.263510883786198
2018-03-10 18:00:00,6.857935352142755
2018-03-10 19:00:00,7.496687149536616
2018-03-10 20:00:00,8.18032130970489
2018-03-10 21:00:00,8.909392866384607
2018-03-10 22:00:00,9.684456853312817
2018-03-10 23:00:00,10.50606830422657
2018-03-11 00:00:00,11.374782252862893
2018-03-11 01:00:00,12.291153732958925
2018-03-11 02:00:00,13.255737778251625
2018-03-11 03:00:00,14.269089422478096
2018-03-11 04:00:00,15.331763699375404
2018-03-11 05:00:00,16.44431564268052
2018-03-11 06:00:00,17.60730028613059
2018-03-11 07:00:00,18.821272663462686
2018-03-11 08:00:00,20.086787808413757
2018-03-11 09:00:00,21.404400754720925
2018-03-11 10:00:00,20.42499924
2018-03-11 11:00:00,24.81949997
2018-03-11 12:00:00,28.99399948
2018-03-11 13:00:00,30.97200012
2018-03-11 14:00:00,32.94950104
2018-03-11 15:00:00,34.04800034
2018-03-11 16:00:00,32.94900131
2018-03-11 17:00:00,31.63100052
2018-03-11 18:00:00,30.09250069
2018-03-11 19:00:00,27.23600006
2018-03-11 20:00:00,25.25900078
2018-03-11 21:00:00,23.72100067
2018-03-11 22:00:00,22.84199905
2018-03-11 23:00:00,22.84199905
2018-03-12 00:00:00,22.40200043
2018-03-12 01:00:00,21.96299934
2018-03-12 02:00:00,20.64500046
2018-03-12 03:00:00,19.32600021
2018-03-12 04:00:00,18.22750092
2018-03-12 05:00:00,17.3484993
2018-03-12 06:00:00,17.12899971
2018-03-12 07:00:00,17.12899971
2018-03-12 08:00:00,18.00799942
2018-03-12 09:00:00,20.20499992
2018-03-12 10:00:00,24.37999916
2018-03-12 11:00:00,22.849693413931153
2018-03-12 12:00:00,23.459452538842527
2018-03-12 13:00:00,24.038778092265016
2018-03-12 14:00:00,24.58829730029965
2018-03-12 15:00:00,25.108637389047463
2018-03-12 16:00:00,25.600425584609486
2018-03-12 17:00:00,26.06428911308675
2018-03-12 18:00:00,26.50085520058029
2018-03-12 19:00:00,26.910751073191136
2018-03-12 20:00:00,27.29460395702032
2018-03-12 21:00:00,27.65304107816888
2018-03-12 22:00:00,27.98668966273784
2018-03-12 23:00:00,28.296176936828232
2018-03-13 00:00:00,28.5821301265411
2018-03-13 01:00:00,28.84517645797746
2018-03-13 02:00:00,29.08594315723836
2018-03-13 03:00:00,29.305057450424822
2018-03-13 04:00:00,29.503146563637877
2018-03-13 05:00:00,29.680837722978566
2018-03-13 06:00:00,29.83875815454791
2018-03-13 07:00:00,29.97753508444695
2018-03-13 08:00:00,30.097795738776718
2018-03-13 09:00:00,30.200167343638245
2018-03-13 10:00:00,30.285277125132556
2018-03-13 11:00:00,30.353752309360694
2018-03-13 12:00:00,30.406220122423676
2018-03-13 13:00:00,30.443307790422555
2018-03-13 14:00:00,30.46564253945834
2018-03-13 15:00:00,30.47385159563209
2018-03-13 16:00:00,30.468562185044814
2018-03-13 17:00:00,30.45040153379756
2018-03-13 18:00:00,30.41999686799134
2018-03-13 19:00:00,30.377975413727206
2018-03-13 20:00:00,30.32496439710618
2018-03-13 21:00:00,30.261591044229313
2018-03-13 22:00:00,30.188482581197608
2018-03-13 23:00:00,30.10626623411211
2018-03-14 00:00:00,30.015569229073858
2018-03-14 01:00:00,29.917018792183868
2018-03-14 02:00:00,29.811242149543183
2018-03-14 03:00:00,29.698866527252836
2018-03-14 04:00:00,29.580519151413846
2018-03-14 05:00:00,29.456827248127254
2018-03-14 06:00:00,29.32841804349413
2018-03-14 07:00:00,29.19591876361543
2018-03-14 08:00:00,29.059956634592215
2018-03-14 09:00:00,28.92115888252555
2018-03-14 10:00:00,28.780152733516466
2018-03-14 11:00:00,28.637565413665968
2018-03-14 12:00:00,28.494024149075123
2018-03-14 13:00:00,27.45599937
2018-03-14 14:00:00,29.43350029
2018-03-14 15:00:00,28.99449921
2018-03-14 16:00:00,28.1154995
2018-03-14 17:00:00,27.45599937
2018-03-14 18:00:00,27.23649979
2018-03-14 19:00:00,27.01650047
2018-03-14 20:00:00,26.57699966
2018-03-14 21:00:00,26.35750008
2018-03-14 22:00:00,25.91799927
2018-03-14 23:00:00,25.69849968
2018-03-15 00:00:00,25.69849968
2018-03-15 01:00:00,25.47900009
2018-03-15 02:00:00,25.03899956
2018-03-15 03:00:00,24.81949997
2018-03-15 04:00:00,24.60000038
2018-03-15 05:00:00,24.15999985
2018-03-15 06:00:00,24.15999985
2018-03-15 07:00:00,24.15999985
2018-03-15 08:00:00,24.60000038
2018-03-15 09:00:00,25.25900078
2018-03-15 10:00:00,26.57699966
2018-03-15 11:00:00,28.55500031
2018-03-15 12:00:00,28.04177912789694
2018-03-15 13:00:00,28.47875563577213
2018-03-15 14:00:00,28.887388547295327
2018-03-15 15:00:00,29.268107394388586
2018-03-15 16:00:00,29.621341708973965
2018-03-15 17:00:00,29.947521022973525
2018-03-15 18:00:00,30.247074868309326
2018-03-15 19:00:00,30.520432776903426
2018-03-15 20:00:00,30.76802428067788
2018-03-15 21:00:00,30.990278911554746
2018-03-15 22:00:00,31.187626201456087
2018-03-15 23:00:00,31.36049568230396
2018-03-16 00:00:00,31.509316886020425
2018-03-16 01:00:00,31.634519344527536
2018-03-16 02:00:00,31.73653258974736
2018-03-16 03:00:00,31.815786153601948
2018-03-16 04:00:00,31.872709568013363
2018-03-16 05:00:00,31.907732364903662
2018-03-16 06:00:00,31.921284076194905
2018-03-16 07:00:00,31.913794233809142
2018-03-16 08:00:00,31.88569236966844
2018-03-16 09:00:00,31.837408015694855
2018-03-16 10:00:00,31.76937070381045
2018-03-16 11:00:00,31.682009965937276
2018-03-16 12:00:00,31.575755333997392
2018-03-16 13:00:00,31.451036339912868
2018-03-16 14:00:00,31.308282515605747
2018-03-16 15:00:00,31.147923392998102
2018-03-16 16:00:00,30.97038850401199
2018-03-16 17:00:00,30.77610738056945
2018-03-16 18:00:00,30.56550955459256
2018-03-16 19:00:00,30.339024558003384
2018-03-16 20:00:00,30.09708192272397
2018-03-16 21:00:00,29.840111180676367
2018-03-16 22:00:00,29.568541863782656
2018-03-16 23:00:00,29.282803503964864
2018-03-17 00:00:00,28.98332563314509
2018-03-17 01:00:00,28.670537783245358
2018-03-17 02:00:00,28.344869486187743
2018-03-17 03:00:00,28.00675027389429
2018-03-17 04:00:00,27.656609678287083
2018-03-17 05:00:00,27.29487723128817
2018-03-17 06:00:00,26.921982464819596
2018-03-17 07:00:00,26.538354910803424
2018-03-17 08:00:00,26.14442410116173
2018-03-17 09:00:00,25.74061956781655
2018-03-17 10:00:00,25.327370842689977
2018-03-17 11:00:00,24.90510745770402
2018-03-17 12:00:00,24.47425894478078
2018-03-17 13:00:00,24.03525483584228
2018-03-17 14:00:00,23.06150055
2018-03-17 15:00:00,23.72100067
2018-03-17 16:00:00,23.28100014
2018-03-17 17:00:00,22.84199905
2018-03-17 18:00:00,21.74300003
2018-03-17 19:00:00,20.42499924
2018-03-17 20:00:00,19.98550034
2018-03-17 21:00:00,19.54599953
2018-03-17 22:00:00,19.10650063
2018-03-17 23:00:00,19.10650063
2018-03-18 00:00:00,17.3484993
2018-03-18 01:00:00,16.46949959
2018-03-18 02:00:00,16.25
2018-03-18 03:00:00,16.9090004
2018-03-18 04:00:00,17.3484993
2018-03-18 05:00:00,16.9090004
2018-03-18 06:00:00,16.03050041
2018-03-18 07:00:00,16.03050041
2018-03-18 08:00:00,16.25
2018-03-18 09:00:00,16.46949959
2018-03-18 10:00:00,16.46949959
2018-03-18 11:00:00,16.9090004
2018-03-18 12:00:00,17.3484993
2018-03-18 13:00:00,17.78800011
2018-03-18 14:00:00,17.78800011
2018-03-18 15:00:00,17.78800011
2018-03-18 16:00:00,18.00799942
2018-03-18 17:00:00,17.56850052
2018-03-18 18:00:00,16.68950081
2018-03-18 19:00:00,16.9090004
2018-03-18 20:00:00,16.68899918
2018-03-18 21:00:00,16.25
2018-03-18 22:00:00,16.25
2018-03-18 23:00:00,16.46949959
2018-03-19 00:00:00,16.68950081
2018-03-19 01:00:00,16.46949959
2018-03-19 02:00:00,16.25
2018-03-19 03:00:00,15.81099987
2018-03-19 04:00:00,15.37100029
2018-03-19 05:00:00,14.93200016
2018-03-19 06:00:00,14.49199963
2018-03-19 07:00:00,14.27250004
2018-03-19 08:00:00,14.27250004
2018-03-19 09:00:00,14.71199989
2018-03-19 10:00:00,14.93150043
2018-03-19 11:00:00,15.15149975
2018-03-19 12:00:00,16.03050041
2018-03-19 13:00:00,16.46949959
2018-03-19 14:00:00,16.9090004
2018-03-19 15:00:00,17.12899971
2018-03-19 16:00:00,16.9090004
2018-03-19 17:00:00,16.68899918
2018-03-19 18:00:00,16.46949959
2018-03-19 19:00:00,16.25
2018-03-19 20:00:00,16.25
2018-03-19 21:00:00,15.37100029
2018-03-19 22:00:00,15.37100029
2018-03-19 23:00:00,15.5909996
2018-03-20 00:00:00,15.5909996
2018-03-20 01:00:00,14.49199963
2018-03-20 02:00:00,14.27250004
2018-03-20 03:00:00,13.83300018
2018-03-20 04:00:00,13.17350006
2018-03-20 05:00:00,12.51449966
2018-03-20 06:00:00,12.29500008
2018-03-20 07:00:00,11.85499954
2018-03-20 08:00:00,11.85499954
2018-03-20 09:00:00,12.07499981
2018-03-20 10:00:00,11.63549995
2018-03-20 11:00:00,11.63549995
2018-03-20 12:00:00,11.85499954
2018-03-20 13:00:00,12.29500008
2018-03-20 14:00:00,12.07499981
2018-03-20 15:00:00,11.85550022
2018-03-20 16:00:00,11.85550022
2018-03-20 17:00:00,11.63549995
2018-03-20 18:00:00,11.63549995
2018-03-20 19:00:00,11.41600037
2018-03-20 20:00:00,10.53750038
2018-03-20 21:00:00,10.09749985
2018-03-20 22:00:00,10.31750011
2018-03-20 23:00:00,10.31750011
2018-03-21 00:00:00,10.31750011
2018-03-21 01:00:00,10.53750038
2018-03-21 02:00:00,10.31750011
2018-03-21 03:00:00,9.878000259
2018-03-21 04:00:00,9.878000259
2018-03-21 05:00:00,10.09749985
2018-03-21 06:00:00,10.31750011
2018-03-21 07:00:00,10.31750011
2018-03-21 08:00:00,10.97649956
2018-03-21 09:00:00,11.85550022
2018-03-21 10:00:00,13.61349964
2018-03-21 11:00:00,14.27250004
2018-03-21 12:00:00,14.49199963
2018-03-21 13:00:00,16.03000069
2018-03-21 14:00:00,19.10650063
2018-03-21 15:00:00,20.64450073
2018-03-21 16:00:00,20.42499924
2018-03-21 17:00:00,20.42499924
2018-03-21 18:00:00,19.98550034
2018-03-21 19:00:00,18.66699982
2018-03-21 20:00:00,17.56800079
2018-03-21 21:00:00,16.25
2018-03-21 22:00:00,15.15149975
2018-03-21 23:00:00,14.27250004
2018-03-22 00:00:00,13.39350033
2018-03-22 01:00:00,12.51449966
2018-03-22 02:00:00,12.07499981
2018-03-22 03:00:00,11.41600037
2018-03-22 04:00:00,10.75699997
2018-03-22 05:00:00,10.31750011
2018-03-22 06:00:00,9.878000259
2018-03-22 07:00:00,9.878000259
2018-03-22 08:00:00,10.97700024
2018-03-22 09:00:00,13.61299992
2018-03-22 10:00:00,17.78800011
2018-03-22 11:00:00,21.52350044
2018-03-22 12:00:00,24.16049957
2018-03-22 13:00:00,26.13800049
2018-03-22 14:00:00,27.45599937
2018-03-22 15:00:00,27.45599937
2018-03-22 16:00:00,26.35700035
2018-03-22 17:00:00,25.03899956
2018-03-22 18:00:00,23.94050026
2018-03-22 19:00:00,22.40200043
2018-03-22 20:00:00,21.08399963
2018-03-22 21:00:00,20.20499992
2018-03-22 22:00:00,19.32600021
2018-03-22 23:00:00,18.88699913
2018-03-23 00:00:00,18.88699913
2018-03-23 01:00:00,18.00799942
2018-03-23 02:00:00,17.12899971
2018-03-23 03:00:00,16.25
2018-03-23 04:00:00,15.5909996
2018-03-23 05:00:00,14.93200016
2018-03-23 06:00:00,14.49199963
2018-03-23 07:00:00,14.27250004
2018-03-23 08:00:00,15.81099987
2018-03-23 09:00:00,18.4470005
2018-03-23 10:00:00,22.84199905
2018-03-23 11:00:00,27.23600006
2018-03-23 12:00:00,30.3125
2018-03-23 13:00:00,32.29000092
2018-03-23 14:00:00,34.70700073
2018-03-23 15:00:00,36.24499893
2018-03-23 16:00:00,35.14649963
2018-03-23 17:00:00,32.72949982
2018-03-23 18:00:00,30.09250069
2018-03-23 19:00:00,27.89550018
2018-03-23 20:00:00,25.91799927
2018-03-23 21:00:00,24.15999985
2018-03-23 22:00:00,22.84199905
2018-03-23 23:00:00,22.18250084
2018-03-24 00:00:00,21.96299934
2018-03-24 01:00:00,21.52300072
2018-03-24 02:00:00,20.64500046
2018-03-24 03:00:00,20.20499992
2018-03-24 04:00:00,19.98550034
2018-03-24 05:00:00,19.98550034
2018-03-24 06:00:00,19.76600075
2018-03-24 07:00:00,19.54599953
2018-03-24 08:00:00,20.86450005
2018-03-24 09:00:00,22.84199905
2018-03-24 10:00:00,24.37999916
2018-03-24 11:00:00,27.01650047
2018-03-24 12:00:00,29.87299919
2018-03-24 13:00:00,32.07049942
2018-03-24 14:00:00,34.70700073
2018-03-24 15:00:00,36.68450165
2018-03-24 16:00:00,36.02500153
2018-03-24 17:00:00,34.48749924
2018-03-24 18:00:00,32.72949982
2018-03-24 19:00:00,30.75200081
2018-03-24 20:00:00,28.77449989
2018-03-24 21:00:00,26.79700089
2018-03-24 22:00:00,25.47900009
2018-03-24 23:00:00,24.37999916
2018-03-25 00:00:00,23.72100067
2018-03-25 01:00:00,22.84199905
2018-03-25 02:00:00,21.96299934
2018-03-25 03:00:00,21.30349922
2018-03-25 04:00:00,20.64500046
2018-03-25 05:00:00,20.20499992
2018-03-25 06:00:00,19.76600075
2018-03-25 07:00:00,19.54599953
2018-03-25 08:00:00,20.86450005
2018-03-25 09:00:00,23.28100014
2018-03-25 10:00:00,26.57699966
2018-03-25 11:00:00,29.2140007
2018-03-25 12:00:00,30.75149918
2018-03-25 13:00:00,32.72949982
2018-03-25 14:00:00,34.70700073
2018-03-25 15:00:00,36.46500015
2018-03-25 16:00:00,35.80550003
2018-03-25 17:00:00,33.82799911
2018-03-25 18:00:00,31.85050011
2018-03-25 19:00:00,29.87299919
2018-03-25 20:00:00,28.11499977
2018-03-25 21:00:00,26.79700089
2018-03-25 22:00:00,25.47900009
2018-03-25 23:00:00,25.367576558501575
2018-03-26 00:00:00,24.700123821909784
2018-03-26 01:00:00,24.099997213845377
2018-03-26 02:00:00,23.564745782762962
2018-03-26 03:00:00,23.091918577117138
2018-03-26 04:00:00,22.67906464536251
2018-03-26 05:00:00,22.32373303595368
2018-03-26 06:00:00,22.023472797345256
2018-03-26 07:00:00,21.775832977991833
2018-03-26 08:00:00,21.578362626348017
2018-03-26 09:00:00,21.428610790868408
2018-03-26 10:00:00,21.324126520007617
2018-03-26 11:00:00,21.262458862220228
2018-03-26 12:00:00,21.241156865960864
2018-03-26 13:00:00,21.257769579684123
2018-03-26 14:00:00,21.309846051844602
2018-03-26 15:00:00,21.394935330896907
2018-03-26 16:00:00,21.510586465295646
2018-03-26 17:00:00,21.6543485034954
2018-03-26 18:00:00,21.823770493950814
2018-03-26 19:00:00,22.01640148511646
2018-03-26 20:00:00,22.229790525446944
2018-03-26 21:00:00,22.461486663396865
2018-03-26 22:00:00,22.709038947420865
2018-03-26 23:00:00,22.969996425973495
2018-03-27 00:00:00,23.241908147509378
2018-03-27 01:00:00,23.52232316048312
2018-03-27 02:00:00,23.80879051334933
2018-03-27 03:00:00,24.098859254562576
2018-03-27 04:00:00,24.39007843257751
2018-03-27 05:00:00,24.67999709584869
2018-03-27 06:00:00,24.96616429283076
2018-03-27 07:00:00,25.246129071978302
2018-03-27 08:00:00,25.517440481745915
2018-03-27 09:00:00,25.777647570588236
2018-03-27 10:00:00,26.024299386959797
2018-03-27 11:00:00,26.254944979315212
2018-03-27 12:00:00,26.46713339610917
2018-03-27 13:00:00,26.658413685796212
2018-03-27 14:00:00,26.826334896830907
2018-03-27 15:00:00,26.96844607766792
2018-03-27 16:00:00,27.082296276761845
2018-03-27 17:00:00,27.16543454256732
2018-03-27 18:00:00,27.21540992353883
2018-03-27 19:00:00,27.229771468131098
2018-03-27 20:00:00,27.20606822479865
2018-03-27 21:00:00,27.141849241996148
2018-03-27 22:00:00,27.034663568178118
2018-03-27 23:00:00,26.882060251799253
2018-03-28 00:00:00,26.68158834131404
2018-03-28 01:00:00,26.57699966
2018-03-28 02:00:00,26.13750076
2018-03-28 03:00:00,25.69849968
2018-03-28 04:00:00,25.03899956
2018-03-28 05:00:00,24.37999916
2018-03-28 06:00:00,23.72100067
2018-03-28 07:00:00,23.28100014
2018-03-28 08:00:00,22.926062225669597
2018-03-28 09:00:00,22.49137802754432
2018-03-28 10:00:00,22.066151813244648
2018-03-28 11:00:00,21.651024278630945
2018-03-28 12:00:00,21.246636119563586
2018-03-28 13:00:00,20.853628031902943
2018-03-28 14:00:00,20.47264071150938
2018-03-28 15:00:00,20.104314854243277
2018-03-28 16:00:00,19.749291155964997
2018-03-28 17:00:00,19.408210312534912
2018-03-28 18:00:00,19.081713019813396
2018-03-28 19:00:00,18.770439973660817
2018-03-28 20:00:00,18.47503186993755
2018-03-28 21:00:00,18.196129404503957
2018-03-28 22:00:00,17.934373273220412
2018-03-28 23:00:00,17.690404171947293
2018-03-29 00:00:00,17.464862796544967
2018-03-29 01:00:00,17.258389842873804
2018-03-29 02:00:00,17.071626006794176
2018-03-29 03:00:00,16.905211984166453
2018-03-29 04:00:00,16.759788470851
2018-03-29 05:00:00,16.635996162708192
2018-03-29 06:00:00,16.5344757555984
2018-03-29 07:00:00,16.455867945381993
2018-03-29 08:00:00,16.400813427919346
2018-03-29 09:00:00,16.36995289907083
2018-03-29 10:00:00,16.36392705469682
2018-03-29 11:00:00,16.383376590657672
2018-03-29 12:00:00,16.428942202813765
2018-03-29 13:00:00,16.501264587025464
2018-03-29 14:00:00,16.60098443915316
2018-03-29 15:00:00,16.7287424550572
2018-03-29 16:00:00,16.885179330597957
2018-03-29 17:00:00,17.070935761635816
2018-03-29 18:00:00,17.286652444031144
2018-03-29 19:00:00,17.5329700736443
2018-03-29 20:00:00,17.810529346335663
2018-03-29 21:00:00,18.119970957965606
2018-03-29 22:00:00,18.461935604394515
2018-03-29 23:00:00,18.837063981482743
2018-03-30 00:00:00,19.245996785090657
2018-03-30 01:00:00,19.689374711078635
2018-03-30 02:00:00,20.16783845530704
2018-03-30 03:00:00,20.682028713636257
2018-03-30 04:00:00,21.23258618192666
2018-03-30 05:00:00,21.820151556038564
2018-03-30 06:00:00,22.445365531832408
2018-03-30 07:00:00,23.10886880516854
2018-03-30 08:00:00,23.811302071907328
2018-03-30 09:00:00,24.553306027909162
2018-03-30 10:00:00,25.25900078
2018-03-30 11:00:00,25.69849968
2018-03-30 12:00:00,26.57699966
2018-03-30 13:00:00,27.89550018
2018-03-30 14:00:00,31.19099998
2018-03-30 15:00:00,34.04800034
2018-03-30 16:00:00,34.26750183
2018-03-30 17:00:00,33.60850143
2018-03-30 18:00:00,32.06999969
2018-03-30 19:00:00,30.53199959
2018-03-30 20:00:00,29.43400002
2018-03-30 21:00:00,28.33499908
2018-03-30 22:00:00,27.23600006
2018-03-30 23:00:00,26.57699966
2018-03-31 00:00:00,26.13750076
2018-03-31 01:00:00,26.13750076
2018-03-31 02:00:00,26.13750076
2018-03-31 03:00:00,26.13750076
2018-03-31 04:00:00,26.13750076
2018-03-31 05:00:00,26.13750076
2018-03-31 06:00:00,26.13750076
2018-03-31 07:00:00,26.13750076
2018-03-31 08:00:00,26.13750076
2018-03-31 09:00:00,26.13750076
2018-03-31 10:00:00,26.13750076
2018-03-31 11:00:00,26.13750076
2018-03-31 12:00:00,26.13750076
2018-03-31 13:00:00,26.13750076
2018-03-31 14:00:00,26.13750076
2018-03-31 15:00:00,26.13750076
2018-03-31 16:00:00,26.13750076
2018-03-31 17:00:00,26.13750076
2018-03-31 18:00:00,26.13750076
2018-03-31 19:00:00,26.13750076
2018-03-31 20:00:00,26.13750076
2018-03-31 21:00:00,26.13750076
2018-03-31 22:00:00,26.13750076
2018-03-31 23:00:00,26.13750076
2018-04-01 00:00:00,27.6760006
2018-04-01 01:00:00,27.01650047
2018-04-01 02:00:00,26.35700035
2018-04-01 03:00:00,25.69849968
2018-04-01 04:00:00,25.03899956
2018-04-01 05:00:00,24.60000038
2018-04-01 06:00:00,24.15999985
2018-04-01 07:00:00,24.15999985
2018-04-01 08:00:00,25.47900009
2018-04-01 09:00:00,28.33499908
2018-04-01 10:00:00,32.06999969
2018-04-01 11:00:00,36.02550125
2018-04-01 12:00:00,38.88150024
2018-04-01 13:00:00,40.20050049
2018-04-01 14:00:00,42.39749908
2018-04-01 15:00:00,42.8370018
2018-04-01 16:00:00,40.63949966
2018-04-01 17:00:00,39.97999954
2018-04-01 18:00:00,38.44250107
2018-04-01 19:00:00,36.68450165
2018-04-01 20:00:00,35.36600113
2018-04-01 21:00:00,34.04800034
2018-04-01 22:00:00,33.16899872
2018-04-01 23:00:00,32.72949982
2018-04-02 00:00:00,32.29000092
2018-04-02 01:00:00,31.85050011
2018-04-02 02:00:00,31.19099998
2018-04-02 03:00:00,30.75200081
2018-04-02 04:00:00,30.31200027
2018-04-02 05:00:00,29.87299919
2018-04-02 06:00:00,29.6534996
2018-04-02 07:00:00,29.6534996
2018-04-02 08:00:00,29.6534996
2018-04-02 09:00:00,30.53199959
2018-04-02 10:00:00,31.85050011
2018-04-02 11:00:00,34.48749924
2018-04-02 12:00:00,36.24499893
2018-04-02 13:00:00,37.56349945
2018-04-02 14:00:00,39.54100037
2018-04-02 15:00:00,40.63949966
2018-04-02 16:00:00,41.03601798279132
2018-04-02 17:00:00,41.77692927984666
2018-04-02 18:00:00,42.42008735608028
2018-04-02 19:00:00,42.968606606475845
2018-04-02 20:00:00,43.42560142601703
2018-04-02 21:00:00,43.794186209687524
2018-04-02 22:00:00,44.077475352470984
2018-04-02 23:00:00,44.27858324935109
2018-04-03 00:00:00,44.400624295311516
2018-04-03 01:00:00,44.44671288533595
2018-04-03 02:00:00,44.41996341440806
2018-04-03 03:00:00,44.32349027751152
2018-04-03 04:00:00,44.160407869630006
2018-04-03 05:00:00,43.93383058574721
2018-04-03 06:00:00,43.64687282084678
2018-04-03 07:00:00,43.3026489699124
2018-04-03 08:00:00,42.90427342792775
2018-04-03 09:00:00,42.4548605898765
2018-04-03 10:00:00,41.95752485074236
2018-04-03 11:00:00,41.41538060550894
2018-04-03 12:00:00,40.83154224915996
2018-04-03 13:00:00,40.20912417667906
2018-04-03 14:00:00,39.55124078304997
2018-04-03 15:00:00,38.861006463256295
2018-04-03 16:00:00,38.14153561228177
2018-04-03 17:00:00,37.39594262511006
2018-04-03 18:00:00,36.62734189672483
2018-04-03 19:00:00,35.83884782210974
2018-04-03 20:00:00,35.0335747962485
2018-04-03 21:00:00,34.21463721412475
2018-04-03 22:00:00,33.385149470722205
2018-04-03 23:00:00,32.54822596102449
2018-04-04 00:00:00,31.706981080015325
2018-04-04 01:00:00,30.86452922267835
2018-04-04 02:00:00,30.023984783997186
2018-04-04 03:00:00,29.188462158955666
2018-04-04 04:00:00,28.361075742537437
2018-04-04 05:00:00,27.544939929726027
2018-04-04 06:00:00,26.743169115505225
2018-04-04 07:00:00,25.958877694858728
2018-04-04 08:00:00,25.19518006277012
2018-04-04 09:00:00,24.45519061422307
2018-04-04 10:00:00,23.74202374420136
2018-04-04 11:00:00,23.058793847688634
2018-04-04 12:00:00,22.408615319668456
2018-04-04 13:00:00,21.794602555124698
2018-04-04 14:00:00,21.21986994904084
2018-04-04 15:00:00,20.687531896400785
2018-04-04 16:00:00,20.20070279218791
2018-04-04 17:00:00,19.762497031386175
2018-04-04 18:00:00,19.10650063
2018-04-04 19:00:00,19.10650063
2018-04-04 20:00:00,19.10650063
2018-04-04 21:00:00,19.10650063
2018-04-04 22:00:00,18.66699982
2018-04-04 23:00:00,18.66699982
2018-04-05 00:00:00,18.66699982
2018-04-05 01:00:00,18.66699982
2018-04-05 02:00:00,18.4470005
2018-04-05 03:00:00,18.22750092
2018-04-05 04:00:00,17.78800011
2018-04-05 05:00:00,17.56800079
2018-04-05 06:00:00,17.56800079
2018-04-05 07:00:00,17.3484993
2018-04-05 08:00:00,17.12899971
2018-04-05 09:00:00,16.46949959
2018-04-05 10:00:00,15.37100029
2018-04-05 11:00:00,14.05300045
2018-04-05 12:00:00,12.95400047
2018-04-05 13:00:00,12.95400047
2018-04-05 14:00:00,12.29500008
2018-04-05 15:00:00,12.07499981
2018-04-05 16:00:00,11.63549995
2018-04-05 17:00:00,11.19649982
2018-04-05 18:00:00,11.19649982
2018-04-05 19:00:00,11.19649982
2018-04-05 20:00:00,11.19649982
2018-04-05 21:00:00,11.19649982
2018-04-05 22:00:00,11.63549995
2018-04-05 23:00:00,11.63549995
2018-04-06 00:00:00,11.85550022
2018-04-06 01:00:00,11.85550022
2018-04-06 02:00:00,11.63599968
2018-04-06 03:00:00,12.29450035
2018-04-06 04:00:00,12.95400047
2018-04-06 05:00:00,12.95400047
2018-04-06 06:00:00,12.95400047
2018-04-06 07:00:00,13.17350006
2018-04-06 08:00:00,14.27250004
2018-04-06 09:00:00,16.46949959
2018-04-06 10:00:00,18.44750023
2018-04-06 11:00:00,21.08399963
2018-04-06 12:00:00,24.15999985
2018-04-06 13:00:00,25.91799927
2018-04-06 14:00:00,26.57699966
2018-04-06 15:00:00,25.69799995
2018-04-06 16:00:00,25.03949928
2018-04-06 17:00:00,24.37999916
2018-04-06 18:00:00,22.40250015
2018-04-06 19:00:00,20.64450073
2018-04-06 20:00:00,19.54599953
2018-04-06 21:00:00,18.66699982
2018-04-06 22:00:00,18.22750092
2018-04-06 23:00:00,17.78800011
2018-04-07 00:00:00,17.56850052
2018-04-07 01:00:00,16.68950081
2018-04-07 02:00:00,16.03050041
2018-04-07 03:00:00,15.37100029
2018-04-07 04:00:00,14.71199989
2018-04-07 05:00:00,14.05249977
2018-04-07 06:00:00,13.39350033
2018-04-07 07:00:00,13.39350033
2018-04-07 08:00:00,14.93200016
2018-04-07 09:00:00,16.68950081
2018-04-07 10:00:00,19.54599953
2018-04-07 11:00:00,22.40250015
2018-04-07 12:00:00,23.94050026
2018-04-07 13:00:00,25.25900078
2018-04-07 14:00:00,26.79700089
2018-04-07 15:00:00,27.6760006
2018-04-07 16:00:00,26.57699966
2018-04-07 17:00:00,25.25849915
2018-04-07 18:00:00,23.50099945
2018-04-07 19:00:00,21.52300072
2018-04-07 20:00:00,19.76600075
2018-04-07 21:00:00,18.22750092
2018-04-07 22:00:00,17.12899971
2018-04-07 23:00:00,16.25
2018-04-08 00:00:00,15.671894671834965
2018-04-08 01:00:00,14.931798432766886
2018-04-08 02:00:00,14.255565496124408
2018-04-08 03:00:00,13.641571160008224
2018-04-08 04:00:00,13.08819072251903
2018-04-08 05:00:00,12.59379948175752
2018-04-08 06:00:00,12.15677273582439
2018-04-08 07:00:00,11.77548578282034
2018-04-08 08:00:00,11.448313920846056
2018-04-08 09:00:00,11.17363244800224
2018-04-08 10:00:00,10.949816662389578
2018-04-08 11:00:00,10.775241862108778
2018-04-08 12:00:00,10.648283345260516
2018-04-08 13:00:00,10.567316409945503
2018-04-08 14:00:00,10.530716354264431
2018-04-08 15:00:00,10.536858476317992
2018-04-08 16:00:00,10.584118074206879
2018-04-08 17:00:00,10.670870446031795
2018-04-08 18:00:00,10.795490889893413
2018-04-08 19:00:00,10.956354703892469
2018-04-08 20:00:00,11.151837186129624
2018-04-08 21:00:00,11.380313634705587
2018-04-08 22:00:00,11.640159347721033
2018-04-08 23:00:00,11.929749623276706
2018-04-09 00:00:00,12.24745975947325
2018-04-09 01:00:00,12.591665054411376
2018-04-09 02:00:00,12.960740806191785
2018-04-09 03:00:00,13.353062312915178
2018-04-09 04:00:00,13.767004872682211
2018-04-09 05:00:00,14.200943783593637
2018-04-09 06:00:00,14.653254343750099
2018-04-09 07:00:00,15.122311851252334
2018-04-09 08:00:00,15.606491604201011
2018-04-09 09:00:00,16.10416890069682
2018-04-09 10:00:00,16.613719038840493
2018-04-09 11:00:00,17.133517316732664
2018-04-09 12:00:00,17.66193903247403
2018-04-09 13:00:00,18.197359484165368
2018-04-09 14:00:00,18.738153969907323
2018-04-09 15:00:00,19.282697787800572
2018-04-09 16:00:00,19.82936623594584
2018-04-09 17:00:00,20.37653461244382
2018-04-09 18:00:00,20.922578215395234
2018-04-09 19:00:00,21.46587234290068
2018-04-09 20:00:00,22.00479229306096
2018-04-09 21:00:00,22.537713363976714
2018-04-09 22:00:00,23.063010853748658
2018-04-09 23:00:00,23.57906006047744
2018-04-10 00:00:00,24.084236282263824
2018-04-10 01:00:00,24.576914817208433
2018-04-10 02:00:00,25.91799927
2018-04-10 03:00:00,25.47850037
2018-04-10 04:00:00,25.25900078
2018-04-10 05:00:00,24.81949997
2018-04-10 06:00:00,23.72100067
2018-04-10 07:00:00,23.50099945
2018-04-10 08:00:00,25.91799927
2018-04-10 09:00:00,28.99449921
2018-04-10 10:00:00,33.16899872
2018-04-10 11:00:00,36.46450043
2018-04-10 12:00:00,38.44200134
2018-04-10 13:00:00,39.76100159
2018-04-10 14:00:00,41.51850128
2018-04-10 15:00:00,42.39749908
2018-04-10 16:00:00,41.51850128
2018-04-10 17:00:00,39.97999954
2018-04-10 18:00:00,38.63750076
2018-04-10 19:00:00,36.87950134
2018-04-10 20:00:00,34.68249893
2018-04-10 21:00:00,32.92449951
2018-04-10 22:00:00,32.04550171
2018-04-10 23:00:00,31.16699982
2018-04-11 00:00:00,30.72750092
2018-04-11 01:00:00,30.50749969
2018-04-11 02:00:00,30.06850052
2018-04-11 03:00:00,28.96949959
2018-04-11 04:00:00,28.31049919
2018-04-11 05:00:00,27.6515007
2018-04-11 06:00:00,27.21199989
2018-04-11 07:00:00,26.77249908
2018-04-11 08:00:00,28.53050041
2018-04-11 09:00:00,31.16699982
2018-04-11 10:00:00,33.80350113
2018-04-11 11:00:00,36.00099945
2018-04-11 12:00:00,37.97850037
2018-04-11 13:00:00,39.51649857
2018-04-11 14:00:00,39.95600128
2018-04-11 15:00:00,39.29700089
2018-04-11 16:00:00,38.19800186
2018-04-11 17:00:00,35.78099823
2018-04-11 18:00:00,33.58399963
2018-04-11 19:00:00,32.04550171
2018-04-11 20:00:00,30.28800011
2018-04-11 21:00:00,28.96949959
2018-04-11 22:00:00,28.09049988
2018-04-11 23:00:00,27.87100029
2018-04-12 00:00:00,27.21199989
2018-04-12 01:00:00,26.77249908
2018-04-12 02:00:00,26.33300018
2018-04-12 03:00:00,25.89349937
2018-04-12 04:00:00,25.67399979
2018-04-12 05:00:00,25.67399979
2018-04-12 06:00:00,25.4545002
2018-04-12 07:00:00,25.01449966
2018-04-12 08:00:00,25.23450089
2018-04-12 09:00:00,25.4545002
2018-04-12 10:00:00,25.67399979
2018-04-12 11:00:00,23.47649956
2018-04-12 12:00:00,22.37800026
2018-04-12 13:00:00,25.67399979
2018-04-12 14:00:00,26.77249908
2018-04-12 15:00:00,26.77249908
2018-04-12 16:00:00,26.33300018
2018-04-12 17:00:00,25.89349937
2018-04-12 18:00:00,25.89349937
2018-04-12 19:00:00,25.23450089
2018-04-12 20:00:00,24.57550049
2018-04-12 21:00:00,24.13549995
2018-04-12 22:00:00,23.69650078
2018-04-12 23:00:00,23.69650078
2018-04-13 00:00:00,23.25650024
2018-04-13 01:00:00,23.25650024
2018-04-13 02:00:00,23.25650024
2018-04-13 03:00:00,23.03700066
2018-04-13 04:00:00,22.81749916
2018-04-13 05:00:00,22.59799957
2018-04-13 06:00:00,22.37800026
2018-04-13 07:00:00,19.96100044
2018-04-13 08:00:00,18.20299911
2018-04-13 09:00:00,17.3239994
2018-04-13 10:00:00,17.76399994
2018-04-13 11:00:00,20.40049934
2018-04-13 12:00:00,21.71850014
2018-04-13 13:00:00,23.03700066
2018-04-13 14:00:00,23.91600037
2018-04-13 15:00:00,24.35549927
2018-04-13 16:00:00,24.35549927
2018-04-13 17:00:00,24.35549927
2018-04-13 18:00:00,24.35549927
2018-04-13 19:00:00,23.03700066
2018-04-13 20:00:00,21.49900055
2018-04-13 21:00:00,20.62050056
2018-04-13 22:00:00,19.74150085
2018-04-13 23:00:00,19.96100044
2018-04-14 00:00:00,19.08200073
2018-04-14 01:00:00,19.08200073
2018-04-14 02:00:00,18.20299911
2018-04-14 03:00:00,17.76399994
2018-04-14 04:00:00,17.76399994
2018-04-14 05:00:00,17.76399994
2018-04-14 06:00:00,16.44549942
2018-04-14 07:00:00,16.44549942
2018-04-14 08:00:00,16.44549942
2018-04-14 09:00:00,16.22550011
2018-04-14 10:00:00,16.44549942
2018-04-14 11:00:00,16.8845005
2018-04-14 12:00:00,17.10449982
2018-04-14 13:00:00,17.54400063
2018-04-14 14:00:00,17.76350021
2018-04-14 15:00:00,20.18099976
2018-04-14 16:00:00,20.18099976
2018-04-14 17:00:00,18.86199951
2018-04-14 18:00:00,18.64249992
2018-04-14 19:00:00,18.64249992
2018-04-14 20:00:00,18.86249924
2018-04-14 21:00:00,18.86249924
2018-04-14 22:00:00,18.86249924
2018-04-14 23:00:00,18.42250061
2018-04-15 00:00:00,18.42250061
2018-04-15 01:00:00,17.98349953
2018-04-15 02:00:00,17.76399994
2018-04-15 03:00:00,17.3239994
2018-04-15 04:00:00,17.10449982
2018-04-15 05:00:00,16.44499969
2018-04-15 06:00:00,15.78649998
2018-04-15 07:00:00,15.56649971
2018-04-15 08:00:00,17.54400063
2018-04-15 09:00:00,20.40049934
2018-04-15 10:00:00,24.13549995
2018-04-15 11:00:00,27.87150002
2018-04-15 12:00:00,30.50799942
2018-04-15 13:00:00,32.48550034
2018-04-15 14:00:00,35.12200165
2018-04-15 15:00:00,36.00099945
2018-04-15 16:00:00,34.46250153
2018-04-15 17:00:00,32.04600143
2018-04-15 18:00:00,30.06800079
2018-04-15 19:00:00,27.87100029
2018-04-15 20:00:00,25.01449966
2018-04-15 21:00:00,22.81749916
2018-04-15 22:00:00,21.05949974
2018-04-15 23:00:00,19.74150085
2018-04-16 00:00:00,18.86249924
2018-04-16 01:00:00,17.98349953
2018-04-16 02:00:00,17.10449982
2018-04-16 03:00:00,16.66500092
2018-04-16 04:00:00,16.00600052
2018-04-16 05:00:00,15.56649971
2018-04-16 06:00:00,15.3465004
2018-04-16 07:00:00,15.78649998
2018-04-16 08:00:00,17.54400063
2018-04-16 09:00:00,19.96100044
2018-04-16 10:00:00,22.37800026
2018-04-16 11:00:00,24.57550049
2018-04-16 12:00:00,26.77249908
2018-04-16 13:00:00,27.43149948
2018-04-16 14:00:00,27.43149948
2018-04-16 15:00:00,29.18950081
2018-04-16 16:00:00,29.84900093
2018-04-16 17:00:00,29.40950012
2018-04-16 18:00:00,28.0909996
2018-04-16 19:00:00,26.1135006
2018-04-16 20:00:00,23.69650078
2018-04-16 21:00:00,21.93849945
2018-04-16 22:00:00,20.40049934
2018-04-16 23:00:00,19.96100044
2018-04-17 00:00:00,19.52149963
2018-04-17 01:00:00,19.52149963
2018-04-17 02:00:00,18.86249924
2018-04-17 03:00:00,18.20299911
2018-04-17 04:00:00,17.98349953
2018-04-17 05:00:00,17.01927172188803
2018-04-17 06:00:00,16.33385561921114
2018-04-17 07:00:00,15.645333580351
2018-04-17 08:00:00,14.95600031066201
2018-04-17 09:00:00,14.268150515498558
2018-04-17 10:00:00,13.584078900215044
2018-04-17 11:00:00,12.90608017016586
2018-04-17 12:00:00,12.2364490307054
2018-04-17 13:00:00,11.577480187188058
2018-04-17 14:00:00,10.931468344968234
2018-04-17 15:00:00,10.30070820940032
2018-04-17 16:00:00,9.68749448583871
2018-04-17 17:00:00,9.0941218796378
2018-04-17 18:00:00,8.522885096151985
2018-04-17 19:00:00,7.976078840735653
2018-04-17 20:00:00,7.4559978187432066
2018-04-17 21:00:00,6.964936735529043
2018-04-17 22:00:00,6.505190296447551
2018-04-17 23:00:00,6.0790532068531276
2018-04-18 00:00:00,5.688820172100168
2018-04-18 01:00:00,5.336785897543066
2018-04-18 02:00:00,5.025245088536224
2018-04-18 03:00:00,4.756492450434011
2018-04-18 04:00:00,4.532822688590848
2018-04-18 05:00:00,4.356530508361114
2018-04-18 06:00:00,4.229910615099222
2018-04-18 07:00:00,4.155257714159548
2018-04-18 08:00:00,4.13486651089651
2018-04-18 09:00:00,4.171031710664473
2018-04-18 10:00:00,4.266048018817857
2018-04-18 11:00:00,4.422210140711046
2018-04-18 12:00:00,4.641812781698437
2018-04-18 13:00:00,4.92715064713442
2018-04-18 14:00:00,5.280518442373369
2018-04-18 15:00:00,5.704210872769684
2018-04-18 16:00:00,6.20052264367781
2018-04-18 17:00:00,6.771748460452106
2018-04-18 18:00:00,7.420183028446963
2018-04-18 19:00:00,8.148121053016784
2018-04-18 20:00:00,8.957857239516024
2018-04-18 21:00:00,9.851686293298997
2018-04-18 22:00:00,10.831902919720102
2018-04-18 23:00:00,11.900801824133746
2018-04-19 00:00:00,13.06067771189433
2018-04-19 01:00:00,14.31382528835623
2018-04-19 02:00:00,15.662539258873922
2018-04-19 03:00:00,17.109114328801674
2018-04-19 04:00:00,18.655845203493968
2018-04-19 05:00:00,20.30502658830516
2018-04-19 06:00:00,22.05895318858974
2018-04-19 07:00:00,23.25650024
2018-04-19 08:00:00,25.45400047
2018-04-19 09:00:00,28.09049988
2018-04-19 10:00:00,31.82600021
2018-04-19 11:00:00,36.44049835
2018-04-19 12:00:00,38.63750076
2018-04-19 13:00:00,40.17549896
2018-04-19 14:00:00,42.8125
2018-04-19 15:00:00,43.9109993
2018-04-19 16:00:00,42.3730011
2018-04-19 17:00:00,40.83499908
2018-04-19 18:00:00,39.29700089
2018-04-19 19:00:00,37.09949875
2018-04-19 20:00:00,35.34149933
2018-04-19 21:00:00,33.80350113
2018-04-19 22:00:00,32.92449951
2018-04-19 23:00:00,32.26549911
2018-04-20 00:00:00,31.3864994
2018-04-20 01:00:00,30.72750092
2018-04-20 02:00:00,30.06850052
2018-04-20 03:00:00,29.62899971
2018-04-20 04:00:00,28.96949959
2018-04-20 05:00:00,28.31049919
2018-04-20 06:00:00,27.21199989
2018-04-20 07:00:00,27.21199989
2018-04-20 08:00:00,29.18950081
2018-04-20 09:00:00,31.16650009
2018-04-20 10:00:00,33.80350113
2018-04-20 11:00:00,36.88000107
2018-04-20 12:00:00,38.41799927
2018-04-20 13:00:00,39.51699829
2018-04-20 14:00:00,41.93349838
2018-04-20 15:00:00,41.49399948
2018-04-20 16:00:00,41.93349838
2018-04-20 17:00:00,41.49399948
2018-04-20 18:00:00,39.95600128
2018-04-20 19:00:00,38.41799927
2018-04-20 20:00:00,36.87950134
2018-04-20 21:00:00,35.78150177
2018-04-20 22:00:00,34.68299866
2018-04-20 23:00:00,33.80400085
2018-04-21 00:00:00,32.92499924
2018-04-21 01:00:00,32.48500061
2018-04-21 02:00:00,32.26549911
2018-04-21 03:00:00,31.6060009
2018-04-21 04:00:00,31.16699982
2018-04-21 05:00:00,30.50799942
2018-04-21 06:00:00,29.84900093
2018-04-21 07:00:00,29.84900093
2018-04-21 08:00:00,30.28800011
2018-04-21 09:00:00,30.94750023
2018-04-21 10:00:00,31.82600021
2018-04-21 11:00:00,33.36399841
2018-04-21 12:00:00,33.36399841
2018-04-21 13:00:00,34.46300125
2018-04-21 14:00:00,36.22050095
2018-04-21 15:00:00,34.24300003
2018-04-21 16:00:00,33.36399841
2018-04-21 17:00:00,32.92499924
2018-04-21 18:00:00,30.94750023
2018-04-21 19:00:00,30.50749969
2018-04-21 20:00:00,30.72750092
2018-04-21 21:00:00,30.94750023
2018-04-21 22:00:00,30.94750023
2018-04-21 23:00:00,30.72750092
2018-04-22 00:00:00,30.28800011
2018-04-22 01:00:00,29.62899971
2018-04-22 02:00:00,29.84900093
2018-04-22 03:00:00,30.06850052
2018-04-22 04:00:00,30.06850052
2018-04-22 05:00:00,28.09049988
2018-04-22 06:00:00,26.5529995
2018-04-22 07:00:00,26.11300087
2018-04-22 08:00:00,26.1135006
2018-04-22 09:00:00,27.21199989
2018-04-22 10:00:00,28.53000069
2018-04-22 11:00:00,30.50799942
2018-04-22 12:00:00,33.14450073
2018-04-22 13:00:00,33.80350113
2018-04-22 14:00:00,34.24349976
2018-04-22 15:00:00,35.56150055
2018-04-22 16:00:00,36.44049835
2018-04-22 17:00:00,36.44049835
2018-04-22 18:00:00,35.56150055
2018-04-22 19:00:00,34.46300125
2018-04-22 20:00:00,33.36449814
2018-04-22 21:00:00,32.92449951
2018-04-22 22:00:00,32.48550034
2018-04-22 23:00:00,31.60650063
2018-04-23 00:00:00,31.16699982
2018-04-23 01:00:00,30.50749969
2018-04-23 02:00:00,29.40950012
2018-04-23 03:00:00,28.75
2018-04-23 04:00:00,28.09049988
2018-04-23 05:00:00,27.6515007
2018-04-23 06:00:00,27.21199989
2018-04-23 07:00:00,26.99250031
2018-04-23 08:00:00,25.23450089
2018-04-23 09:00:00,23.91600037
2018-04-23 10:00:00,22.81749916
2018-04-23 11:00:00,21.93849945
2018-04-23 12:00:00,21.05949974
2018-04-23 13:00:00,20.62050056
2018-04-23 14:00:00,20.62050056
2018-04-23 15:00:00,20.62050056
2018-04-23 16:00:00,20.62050056
2018-04-23 17:00:00,21.05949974
2018-04-23 18:00:00,21.27949905
2018-04-23 19:00:00,21.49900055
2018-04-23 20:00:00,21.05949974
2018-04-23 21:00:00,21.05949974
2018-04-23 22:00:00,21.27949905
2018-04-23 23:00:00,21.49900055
2018-04-24 00:00:00,21.93849945
2018-04-24 01:00:00,21.93849945
2018-04-24 02:00:00,22.15800095
2018-04-24 03:00:00,21.71899986
2018-04-24 04:00:00,21.71899986
2018-04-24 05:00:00,21.93849945
2018-04-24 06:00:00,21.49900055
2018-04-24 07:00:00,21.05949974
2018-04-24 08:00:00,21.05949974
2018-04-24 09:00:00,21.93849945
2018-04-24 10:00:00,24.13549995
2018-04-24 11:00:00,25.89349937
2018-04-24 12:00:00,27.21199989
2018-04-24 13:00:00,27.6515007
2018-04-24 14:00:00,27.43199921
2018-04-24 15:00:00,27.43199921
2018-04-24 16:00:00,27.21199989
2018-04-24 17:00:00,26.99200058
2018-04-24 18:00:00,26.77249908
2018-04-24 19:00:00,25.4545002
2018-04-24 20:00:00,24.13549995
2018-04-24 21:00:00,23.25650024
2018-04-24 22:00:00,22.37800026
2018-04-24 23:00:00,21.93849945
2018-04-25 00:00:00,21.49900055
2018-04-25 01:00:00,21.05949974
2018-04-25 02:00:00,21.05949974
2018-04-25 03:00:00,21.05949974
2018-04-25 04:00:00,20.62050056
2018-04-25 05:00:00,20.18050003
2018-04-25 06:00:00,20.18050003
2018-04-25 07:00:00,20.62050056
2018-04-25 08:00:00,22.37800026
2018-04-25 09:00:00,25.23450089
2018-04-25 10:00:00,28.75
2018-04-25 11:00:00,33.14450073
2018-04-25 12:00:00,34.46250153
2018-04-25 13:00:00,34.46300125
2018-04-25 14:00:00,37.09949875
2018-04-25 15:00:00,38.63750076
2018-04-25 16:00:00,37.97850037
2018-04-25 17:00:00,36.22100067
2018-04-25 18:00:00,34.02349854
2018-04-25 19:00:00,32.04550171
2018-04-25 20:00:00,29.8484993
2018-04-25 21:00:00,28.09049988
2018-04-25 22:00:00,27.21199989
2018-04-25 23:00:00,26.77249908
2018-04-26 00:00:00,26.33300018
2018-04-26 01:00:00,25.89349937
2018-04-26 02:00:00,25.67399979
2018-04-26 03:00:00,25.4545002
2018-04-26 04:00:00,25.4545002
2018-04-26 05:00:00,25.23450089
2018-04-26 06:00:00,25.01449966
2018-04-26 07:00:00,25.01449966
2018-04-26 08:00:00,25.4545002
2018-04-26 09:00:00,26.55249977
2018-04-26 10:00:00,27.87100029
2018-04-26 11:00:00,29.8484993
2018-04-26 12:00:00,32.26549911
2018-04-26 13:00:00,35.12200165
2018-04-26 14:00:00,37.31949997
2018-04-26 15:00:00,37.31949997
2018-04-26 16:00:00,36.65999985
2018-04-26 17:00:00,35.56150055
2018-04-26 18:00:00,34.02349854
2018-04-26 19:00:00,32.70500183
2018-04-26 20:00:00,31.3864994
2018-04-26 21:00:00,30.06850052
2018-04-26 22:00:00,28.96949959
2018-04-26 23:00:00,28.09049988
2018-04-27 00:00:00,27.6515007
2018-04-27 01:00:00,26.77249908
2018-04-27 02:00:00,25.89349937
2018-04-27 03:00:00,25.01449966
2018-04-27 04:00:00,24.13549995
2018-04-27 05:00:00,23.69650078
2018-04-27 06:00:00,23.25650024
2018-04-27 07:00:00,23.25650024
2018-04-27 08:00:00,25.4545002
2018-04-27 09:00:00,28.96999931
2018-04-27 10:00:00,32.48550034
2018-04-27 11:00:00,36.66049957
2018-04-27 12:00:00,38.85749817
2018-04-27 13:00:00,40.6155014
2018-04-27 14:00:00,42.8125
2018-04-27 15:00:00,42.3730011
2018-04-27 16:00:00,41.71350098
2018-04-27 17:00:00,40.39550018
2018-04-27 18:00:00,38.63750076
2018-04-27 19:00:00,36.22050095
2018-04-27 20:00:00,33.80350113
2018-04-27 21:00:00,32.04550171
2018-04-27 22:00:00,30.72750092
2018-04-27 23:00:00,29.8484993
2018-04-28 00:00:00,28.96949959
2018-04-28 01:00:00,28.53050041
2018-04-28 02:00:00,28.09049988
2018-04-28 03:00:00,27.6515007
2018-04-28 04:00:00,26.99250031
2018-04-28 05:00:00,26.55249977
2018-04-28 06:00:00,25.67399979
2018-04-28 07:00:00,25.89349937
2018-04-28 08:00:00,27.65099907
2018-04-28 09:00:00,30.50799942
2018-04-28 10:00:00,33.36399841
2018-04-28 11:00:00,36.43999863
2018-04-28 12:00:00,38.19800186
2018-04-28 13:00:00,39.51649857
2018-04-28 14:00:00,42.1534996
2018-04-28 15:00:00,43.2519989
2018-04-28 16:00:00,42.3730011
2018-04-28 17:00:00,40.61500168
2018-04-28 18:00:00,42.75853554783443
2018-04-28 19:00:00,43.35687318310449
2018-04-28 20:00:00,43.91548086276739
2018-04-28 21:00:00,44.435030368325
2018-04-28 22:00:00,44.91619348127921
2018-04-28 23:00:00,45.35964198313189
2018-04-29 00:00:00,45.76604765538492
2018-04-29 01:00:00,46.13608227954017
2018-04-29 02:00:00,46.47041763709953
2018-04-29 03:00:00,46.76972550956487
2018-04-29 04:00:00,47.03467767843808
2018-04-29 05:00:00,47.265945925221025
2018-04-29 06:00:00,47.4642020314156
2018-04-29 07:00:00,47.630117778523676
2018-04-29 08:00:00,47.764364948047124
2018-04-29 09:00:00,47.86761532148783
2018-04-29 10:00:00,47.940540680347674
2018-04-29 11:00:00,47.983812806128526
2018-04-29 12:00:00,47.99810348033228
2018-04-29 13:00:00,47.98408448446079
2018-04-29 14:00:00,47.94242760001595
2018-04-29 15:00:00,47.87380460849963
2018-04-29 16:00:00,47.77888729141373
2018-04-29 17:00:00,47.65834743026009
2018-04-29 18:00:00,47.512856806540626
2018-04-29 19:00:00,47.3430872017572
2018-04-29 20:00:00,47.14971039741168
2018-04-29 21:00:00,46.933398175005955
2018-04-29 22:00:00,46.69482231604192
2018-04-29 23:00:00,46.434654602021425
2018-04-30 00:00:00,46.15356681444637
2018-04-30 01:00:00,45.85223073481862
2018-04-30 02:00:00,45.53131814464006
2018-04-30 03:00:00,45.191500825412575
2018-04-30 04:00:00,44.83345055863803
2018-04-30 05:00:00,44.45783912581832
2018-04-30 06:00:00,44.06533830845533
2018-04-30 07:00:00,43.6566198880509
2018-04-30 08:00:00,43.232355646106924
2018-04-30 09:00:00,42.79321736412529
2018-04-30 10:00:00,42.33987682360787
2018-04-30 11:00:00,41.87300580605654
2018-04-30 12:00:00,41.39327609297316
2018-04-30 13:00:00,40.90135946585967
2018-04-30 14:00:00,40.397927706217885
2018-04-30 15:00:00,39.883652595549705
2018-04-30 16:00:00,39.35920591535701
2018-04-30 17:00:00,38.8252594471417
2018-04-30 18:00:00,38.28248497240561
2018-04-30 19:00:00,37.73155427265066
2018-04-30 20:00:00,37.53900146
2018-04-30 21:00:00,36.44049835
2018-04-30 22:00:00,35.56150055
2018-04-30 23:00:00,34.90250015
2018-05-01 00:00:00,34.46300125
2018-05-01 01:00:00,34.02349854
2018-05-01 02:00:00,33.80350113
2018-05-01 03:00:00,33.36449814
2018-05-01 04:00:00,32.48550034
2018-05-01 05:00:00,32.04550171
2018-05-01 06:00:00,31.60650063
2018-05-01 07:00:00,31.82600021
2018-05-01 08:00:00,33.14450073
2018-05-01 09:00:00,34.02349854
2018-05-01 10:00:00,35.34149933
2018-05-01 11:00:00,36.65999985
2018-05-01 12:00:00,37.31949997
2018-05-01 13:00:00,38.19850159
2018-05-01 14:00:00,38.19850159
2018-05-01 15:00:00,39.73649979
2018-05-01 16:00:00,39.73649979
2018-05-01 17:00:00,38.63750076
2018-05-01 18:00:00,36.65999985
2018-05-01 19:00:00,33.36449814
2018-05-01 20:00:00,31.60650063
2018-05-01 21:00:00,31.3864994
2018-05-01 22:00:00,31.3864994
2018-05-01 23:00:00,30.50799942
2018-05-02 00:00:00,30.72750092
2018-05-02 01:00:00,30.72750092
2018-05-02 02:00:00,30.72750092
2018-05-02 03:00:00,30.28800011
2018-05-02 04:00:00,30.28800011
2018-05-02 05:00:00,30.28800011
2018-05-02 06:00:00,30.28800011
2018-05-02 07:00:00,30.06850052
2018-05-02 08:00:00,30.28800011
2018-05-02 09:00:00,30.72750092
2018-05-02 10:00:00,31.60650063
2018-05-02 11:00:00,33.58399963
2018-05-02 12:00:00,35.78150177
2018-05-02 13:00:00,36.88000107
2018-05-02 14:00:00,38.19800186
2018-05-02 15:00:00,38.19850159
2018-05-02 16:00:00,36.87950134
2018-05-02 17:00:00,35.78150177
2018-05-02 18:00:00,34.68249893
2018-05-02 19:00:00,33.14450073
2018-05-02 20:00:00,31.3864994
2018-05-02 21:00:00,30.50749969
2018-05-02 22:00:00,29.62899971
2018-05-02 23:00:00,28.53050041
2018-05-03 00:00:00,28.09049988
2018-05-03 01:00:00,26.77249908
2018-05-03 02:00:00,25.4545002
2018-05-03 03:00:00,24.35549927
2018-05-03 04:00:00,23.47649956
2018-05-03 05:00:00,22.59799957
2018-05-03 06:00:00,21.93849945
2018-05-03 07:00:00,22.59749985
2018-05-03 08:00:00,25.01499939
2018-05-03 09:00:00,27.87100029
2018-05-03 10:00:00,30.94750023
2018-05-03 11:00:00,34.90200043
2018-05-03 12:00:00,36.88000107
2018-05-03 13:00:00,38.19800186
2018-05-03 14:00:00,40.6155014
2018-05-03 15:00:00,41.2745018
2018-05-03 16:00:00,40.17549896
2018-05-03 17:00:00,38.19800186
2018-05-03 18:00:00,37.31949997
2018-05-03 19:00:00,35.34199905
2018-05-03 20:00:00,32.92449951
2018-05-03 21:00:00,30.72750092
2018-05-03 22:00:00,31.19654113316852
2018-05-03 23:00:00,30.44599712239828
2018-05-04 00:00:00,29.752087389131837
2018-05-04 01:00:00,29.11311744303369
2018-05-04 02:00:00,28.52739279376833
2018-05-04 03:00:00,27.993218951000244
2018-05-04 04:00:00,27.508901424393937
2018-05-04 05:00:00,27.0727457236139
2018-05-04 06:00:00,26.683057358324618
2018-05-04 07:00:00,26.338141838190595
2018-05-04 08:00:00,26.036304672876316
2018-05-04 09:00:00,25.775851372046283
2018-05-04 10:00:00,25.555087445364975
2018-05-04 11:00:00,25.372318402496894
2018-05-04 12:00:00,25.225849753106537
2018-05-04 13:00:00,25.113987006858395
2018-05-04 14:00:00,25.035035673416957
2018-05-04 15:00:00,24.98730126244672
2018-05-04 16:00:00,24.969089283612163
2018-05-04 17:00:00,24.978705246577817
2018-05-04 18:00:00,25.014454661008145
2018-05-04 19:00:00,25.07464303656765
2018-05-04 20:00:00,25.15757588292081
2018-05-04 21:00:00,25.26155870973216
2018-05-04 22:00:00,25.384897026666145
2018-05-04 23:00:00,25.525896343387284
2018-05-05 00:00:00,25.682862169560067
2018-05-05 01:00:00,25.854100014848992
2018-05-05 02:00:00,26.03791538891852
2018-05-05 03:00:00,26.232613801433192
2018-05-05 04:00:00,26.436500762057463
2018-05-05 05:00:00,26.647881780455855
2018-05-05 06:00:00,26.865062366292847
2018-05-05 07:00:00,27.08634802923293
2018-05-05 08:00:00,27.310044278940623
2018-05-05 09:00:00,27.534456625080363
2018-05-05 10:00:00,27.75789057731665
2018-05-05 11:00:00,27.97865164531406
2018-05-05 12:00:00,28.195045338737025
2018-05-05 13:00:00,28.40537716725002
2018-05-05 14:00:00,28.607952640517574
2018-05-05 15:00:00,28.801077268204182
2018-05-05 16:00:00,28.983056559974365
2018-05-05 17:00:00,29.15219602549252
2018-05-05 18:00:00,29.306801174423235
2018-05-05 19:00:00,29.44517751643096
2018-05-05 20:00:00,29.565630561180207
2018-05-05 21:00:00,29.666465818335425
2018-05-05 22:00:00,29.745988797561175
2018-05-05 23:00:00,29.80250500852187
2018-05-06 00:00:00,30.06800079
2018-05-06 01:00:00,29.62899971
2018-05-06 02:00:00,29.62899971
2018-05-06 03:00:00,29.84900093
2018-05-06 04:00:00,29.18950081
2018-05-06 05:00:00,28.75
2018-05-06 06:00:00,28.75
2018-05-06 07:00:00,29.62899971
2018-05-06 08:00:00,30.28800011
2018-05-06 09:00:00,30.28800011
2018-05-06 10:00:00,29.62899971
2018-05-06 11:00:00,29.62899971
2018-05-06 12:00:00,28.09049988
2018-05-06 13:00:00,27.43199921
2018-05-06 14:00:00,28.53050041
2018-05-06 15:00:00,28.75
2018-05-06 16:00:00,29.62899971
2018-05-06 17:00:00,30.06850052
2018-05-06 18:00:00,29.40950012
2018-05-06 19:00:00,29.62899971
2018-05-06 20:00:00,29.62899971
2018-05-06 21:00:00,29.18950081
2018-05-06 22:00:00,28.96949959
2018-05-06 23:00:00,28.53050041
2018-05-07 00:00:00,27.43149948
2018-05-07 01:00:00,26.55249977
2018-05-07 02:00:00,26.33300018
2018-05-07 03:00:00,25.89349937
2018-05-07 04:00:00,25.67399979
2018-05-07 05:00:00,25.4545002
2018-05-07 06:00:00,25.4545002
2018-05-07 07:00:00,25.4545002
2018-05-07 08:00:00,25.4545002
2018-05-07 09:00:00,25.23450089
2018-05-07 10:00:00,25.89349937
2018-05-07 11:00:00,26.1135006
2018-05-07 12:00:00,26.33300018
2018-05-07 13:00:00,27.21199989
2018-05-07 14:00:00,27.6515007
2018-05-07 15:00:00,27.6515007
2018-05-07 16:00:00,27.6515007
2018-05-07 17:00:00,27.87100029
2018-05-07 18:00:00,27.87100029
2018-05-07 19:00:00,27.6515007
2018-05-07 20:00:00,27.6515007
2018-05-07 21:00:00,27.21199989
2018-05-07 22:00:00,26.77249908
2018-05-07 23:00:00,26.77249908
2018-05-08 00:00:00,26.55249977
2018-05-08 01:00:00,26.33300018
2018-05-08 02:00:00,26.33300018
2018-05-08 03:00:00,26.33300018
2018-05-08 04:00:00,26.33300018
2018-05-08 05:00:00,26.33300018
2018-05-08 06:00:00,25.89349937
2018-05-08 07:00:00,25.89349937
2018-05-08 08:00:00,26.77249908
2018-05-08 09:00:00,28.53050041
2018-05-08 10:00:00,30.28800011
2018-05-08 11:00:00,33.36449814
2018-05-08 12:00:00,36.65999985
2018-05-08 13:00:00,37.53900146
2018-05-08 14:00:00,39.95600128
2018-05-08 15:00:00,42.15299988
2018-05-08 16:00:00,41.05450058
2018-05-08 17:00:00,38.85749817
2018-05-08 18:00:00,37.09949875
2018-05-08 19:00:00,35.12200165
2018-05-08 20:00:00,32.92449951
2018-05-08 21:00:00,30.94750023
2018-05-08 22:00:00,29.40950012
2018-05-08 23:00:00,28.31049919
2018-05-09 00:00:00,27.21199989
2018-05-09 01:00:00,26.33300018
2018-05-09 02:00:00,25.4545002
2018-05-09 03:00:00,24.57550049
2018-05-09 04:00:00,24.13549995
2018-05-09 05:00:00,23.25650024
2018-05-09 06:00:00,22.37800026
2018-05-09 07:00:00,22.59749985
2018-05-09 08:00:00,25.01499939
2018-05-09 09:00:00,28.53050041
2018-05-09 10:00:00,32.04550171
2018-05-09 11:00:00,36.22050095
2018-05-09 12:00:00,37.31949997
2018-05-09 13:00:00,39.51649857
2018-05-09 14:00:00,41.93349838
2018-05-09 15:00:00,42.3730011
2018-05-09 16:00:00,39.73649979
2018-05-09 17:00:00,37.09949875
2018-05-09 18:00:00,35.12200165
2018-05-09 19:00:00,33.36449814
2018-05-09 20:00:00,32.04550171
2018-05-09 21:00:00,30.50749969
2018-05-09 22:00:00,29.18950081
2018-05-09 23:00:00,28.31049919
2018-05-10 00:00:00,27.6515007
2018-05-10 01:00:00,27.21199989
2018-05-10 02:00:00,26.33300018
2018-05-10 03:00:00,25.89349937
2018-05-10 04:00:00,25.01449966
2018-05-10 05:00:00,24.57550049
2018-05-10 06:00:00,24.13549995
2018-05-10 07:00:00,24.13549995
2018-05-10 08:00:00,25.23450089
2018-05-10 09:00:00,26.5529995
2018-05-10 10:00:00,27.87100029
2018-05-10 11:00:00,30.72750092
2018-05-10 12:00:00,31.82600021
2018-05-10 13:00:00,32.26549911
2018-05-10 14:00:00,35.56150055
2018-05-10 15:00:00,37.75899887
2018-05-10 16:00:00,36.87950134
2018-05-10 17:00:00,34.90200043
2018-05-10 18:00:00,32.92449951
2018-05-10 19:00:00,31.16699982
2018-05-10 20:00:00,30.06850052
2018-05-10 21:00:00,29.40950012
2018-05-10 22:00:00,28.96949959
2018-05-10 23:00:00,28.53050041
2018-05-11 00:00:00,27.87100029
2018-05-11 01:00:00,27.43149948
2018-05-11 02:00:00,27.21199989
2018-05-11 03:00:00,26.77249908
2018-05-11 04:00:00,26.5529995
2018-05-11 05:00:00,26.1135006
2018-05-11 06:00:00,25.89349937
2018-05-11 07:00:00,26.1135006
2018-05-11 08:00:00,26.55249977
2018-05-11 09:00:00,28.31049919
2018-05-11 10:00:00,29.62899971
2018-05-11 11:00:00,30.06850052
2018-05-11 12:00:00,30.50749969
2018-05-11 13:00:00,31.82600021
2018-05-11 14:00:00,34.46300125
2018-05-11 15:00:00,36.00099945
2018-05-11 16:00:00,36.44049835
2018-05-11 17:00:00,36.00099945
2018-05-11 18:00:00,35.12200165
2018-05-11 19:00:00,34.46300125
2018-05-11 20:00:00,34.02349854
2018-05-11 21:00:00,33.58399963
2018-05-11 22:00:00,33.36449814
2018-05-11 23:00:00,32.92449951
2018-05-12 00:00:00,32.70500183
2018-05-12 01:00:00,32.26549911
2018-05-12 02:00:00,31.82600021
2018-05-12 03:00:00,31.3864994
2018-05-12 04:00:00,29.18950081
2018-05-12 05:00:00,28.09049988
2018-05-12 06:00:00,27.6515007
2018-05-12 07:00:00,27.6515007
2018-05-12 08:00:00,26.77249908
2018-05-12 09:00:00,26.5529995
2018-05-12 10:00:00,27.6515007
2018-05-12 11:00:00,29.18950081
2018-05-12 12:00:00,30.28800011
2018-05-12 13:00:00,30.94750023
2018-05-12 14:00:00,32.04550171
2018-05-12 15:00:00,32.04550171
2018-05-12 16:00:00,32.48550034
2018-05-12 17:00:00,32.26549911
2018-05-12 18:00:00,32.04600143
2018-05-12 19:00:00,31.82600021
2018-05-12 20:00:00,30.72750092
2018-05-12 21:00:00,30.06850052
2018-05-12 22:00:00,29.62899971
2018-05-12 23:00:00,28.96949959
2018-05-13 00:00:00,28.53050041
2018-05-13 01:00:00,28.31049919
2018-05-13 02:00:00,27.96668925551051
2018-05-13 03:00:00,27.63743944527591
2018-05-13 04:00:00,27.325508736521407
2018-05-13 05:00:00,27.031066868189853
2018-05-13 06:00:00,26.7542835792241
2018-05-13 07:00:00,26.495328608567004
2018-05-13 08:00:00,26.254371695161414
2018-05-13 09:00:00,26.031582577950186
2018-05-13 10:00:00,25.827130995876168
2018-05-13 11:00:00,25.641186687882218
2018-05-13 12:00:00,25.473919392911185
2018-05-13 13:00:00,25.325498849905923
2018-05-13 14:00:00,25.19609479780928
2018-05-13 15:00:00,25.085876975564116
2018-05-13 16:00:00,24.995015122113276
2018-05-13 17:00:00,24.923678976399618
2018-05-13 18:00:00,24.87203827736599
2018-05-13 19:00:00,24.840262763955252
2018-05-13 20:00:00,24.828522175110244
2018-05-13 21:00:00,24.836986249773837
2018-05-13 22:00:00,24.86582472688887
2018-05-13 23:00:00,24.9152073453982
2018-05-14 00:00:00,24.98530384424467
2018-05-14 01:00:00,25.07628396237115
2018-05-14 02:00:00,25.188317438720475
2018-05-14 03:00:00,25.32157401223551
2018-05-14 04:00:00,25.4762234218591
2018-05-14 05:00:00,25.65243540653411
2018-05-14 06:00:00,25.85037970520337
2018-05-14 07:00:00,26.07022605680976
2018-05-14 08:00:00,26.312144200296107
2018-05-14 09:00:00,26.576303874605284
2018-05-14 10:00:00,26.862874818680133
2018-05-14 11:00:00,27.1720267714635
2018-05-14 12:00:00,27.503929471898246
2018-05-14 13:00:00,27.858752658927223
2018-05-14 14:00:00,28.236666071493275
2018-05-14 15:00:00,28.63783944853927
2018-05-14 16:00:00,29.062442529008056
2018-05-14 17:00:00,29.510645051842495
2018-05-14 18:00:00,29.982616755985426
2018-05-14 19:00:00,30.478527380379703
2018-05-14 20:00:00,30.998546663968188
2018-05-14 21:00:00,31.54284434569371
2018-05-14 22:00:00,32.11159016449914
2018-05-14 23:00:00,32.70495385932735
2018-05-15 00:00:00,33.32310516912115
2018-05-15 01:00:00,33.966213832823414
2018-05-15 02:00:00,34.634449589377
2018-05-15 03:00:00,35.327982177724756
2018-05-15 04:00:00,36.88000107
2018-05-15 05:00:00,36.43999863
2018-05-15 06:00:00,36.22050095
2018-05-15 07:00:00,36.43999863
2018-05-15 08:00:00,37.97850037
2018-05-15 09:00:00,40.39550018
2018-05-15 10:00:00,42.8125
2018-05-15 11:00:00,46.10850143
2018-05-15 12:00:00,47.20700073
2018-05-15 13:00:00,47.20700073
2018-05-15 14:00:00,47.86650085
2018-05-15 15:00:00,48.30550003
2018-05-15 16:00:00,48.08599854
2018-05-15 17:00:00,47.64649963
2018-05-15 18:00:00,46.54800034
2018-05-15 19:00:00,45.44950104
2018-05-15 20:00:00,44.13100052
2018-05-15 21:00:00,43.0320015
2018-05-15 22:00:00,42.3730011
2018-05-15 23:00:00,41.93349838
2018-05-16 00:00:00,41.7140007
2018-05-16 01:00:00,41.27399826
2018-05-16 02:00:00,40.83499908
2018-05-16 03:00:00,40.6155014
2018-05-16 04:00:00,40.17549896
2018-05-16 05:00:00,39.95600128
2018-05-16 06:00:00,39.95600128
2018-05-16 07:00:00,39.95600128
2018-05-16 08:00:00,40.17549896
2018-05-16 09:00:00,42.3730011
2018-05-16 10:00:00,44.13100052
2018-05-16 11:00:00,47.20700073
2018-05-16 12:00:00,47.64649963
2018-05-16 13:00:00,49.18500137
2018-05-16 14:00:00,50.28300095
2018-05-16 15:00:00,50.50299835
2018-05-16 16:00:00,49.40449905
2018-05-16 17:00:00,48.30599976
2018-05-16 18:00:00,47.64649963
2018-05-16 19:00:00,46.54800034
2018-05-16 20:00:00,45.44950104
2018-05-16 21:00:00,44.13100052
2018-05-16 22:00:00,43.2519989
2018-05-16 23:00:00,42.3730011
2018-05-17 00:00:00,41.49399948
2018-05-17 01:00:00,40.6155014
2018-05-17 02:00:00,38.85749817
2018-05-17 03:00:00,37.53900146
2018-05-17 04:00:00,33.80350113
2018-05-17 05:00:00,33.14450073
2018-05-17 06:00:00,31.3864994
2018-05-17 07:00:00,30.50749969
2018-05-17 08:00:00,31.16699982
2018-05-17 09:00:00,29.4090004
2018-05-17 10:00:00,30.72750092
2018-05-17 11:00:00,34.46300125
2018-05-17 12:00:00,37.97850037
2018-05-17 13:00:00,41.05450058
2018-05-17 14:00:00,42.5929985
2018-05-17 15:00:00,43.69150162
2018-05-17 16:00:00,43.47200012
2018-05-17 17:00:00,42.1534996
2018-05-17 18:00:00,41.2745018
2018-05-17 19:00:00,40.6155014
2018-05-17 20:00:00,39.73649979
2018-05-17 21:00:00,38.85749817
2018-05-17 22:00:00,37.97850037
2018-05-17 23:00:00,37.53900146
2018-05-18 00:00:00,36.87950134
2018-05-18 01:00:00,36.44049835
2018-05-18 02:00:00,36.22050095
2018-05-18 03:00:00,35.78150177
2018-05-18 04:00:00,35.34149933
2018-05-18 05:00:00,35.12200165
2018-05-18 06:00:00,34.90250015
2018-05-18 07:00:00,35.56150055
2018-05-18 08:00:00,36.87950134
2018-05-18 09:00:00,38.19850159
2018-05-18 10:00:00,39.95600128
2018-05-18 11:00:00,42.1534996
2018-05-18 12:00:00,42.8125
2018-05-18 13:00:00,44.3504982
2018-05-18 14:00:00,45.22949982
2018-05-18 15:00:00,45.22949982
2018-05-18 16:00:00,43.4715004
2018-05-18 17:00:00,39.27249908
2018-05-18 18:00:00,32.46099854
2018-05-18 19:00:00,31.14249992
2018-05-18 20:00:00,30.26350021
2018-05-18 21:00:00,29.60449982
2018-05-18 22:00:00,30.26350021
2018-05-18 23:00:00,30.26350021
2018-05-19 00:00:00,30.70299911
2018-05-19 01:00:00,31.14249992
2018-05-19 02:00:00,31.36199951
2018-05-19 03:00:00,31.36199951
2018-05-19 04:00:00,30.70299911
2018-05-19 05:00:00,30.26350021
2018-05-19 06:00:00,30.142610524244656
2018-05-19 07:00:00,29.895156208636553
2018-05-19 08:00:00,29.642466730831085
2018-05-19 09:00:00,29.38528161296456
2018-05-19 10:00:00,29.124340377173297
2018-05-19 11:00:00,28.860382545593605
2018-05-19 12:00:00,28.594147640361793
2018-05-19 13:00:00,28.326375183614175
2018-05-19 14:00:00,28.057804697487065
2018-05-19 15:00:00,27.789175704116772
2018-05-19 16:00:00,27.521227725639612
2018-05-19 17:00:00,27.25470028419189
2018-05-19 18:00:00,26.990332901909927
2018-05-19 19:00:00,26.72886510093003
2018-05-19 20:00:00,26.47103640338851
2018-05-19 21:00:00,26.217586331421682
2018-05-19 22:00:00,25.96925440716586
2018-05-19 23:00:00,25.72678015275735
2018-05-20 00:00:00,25.49090309033247
2018-05-20 01:00:00,25.262362742027527
2018-05-20 02:00:00,25.041898629978835
2018-05-20 03:00:00,24.830250276322708
2018-05-20 04:00:00,24.628157203195453
2018-05-20 05:00:00,24.436358932733388
2018-05-20 06:00:00,24.255594987072822
2018-05-20 07:00:00,24.08660488835007
2018-05-20 08:00:00,23.93012815870144
2018-05-20 09:00:00,23.786904320263247
2018-05-20 10:00:00,23.657672895171803
2018-05-20 11:00:00,23.54317340556342
2018-05-20 12:00:00,23.444145373574408
2018-05-20 13:00:00,23.36132832134108
2018-05-20 14:00:00,23.29546177099975
2018-05-20 15:00:00,23.247285244686722
2018-05-20 16:00:00,23.21753826453831
2018-05-20 17:00:00,23.20696035269084
2018-05-20 18:00:00,23.216291031280615
2018-05-20 19:00:00,23.246269822443942
2018-05-20 20:00:00,23.297636248317136
2018-05-20 21:00:00,23.37112983103653
2018-05-20 22:00:00,23.46749009273841
2018-05-20 23:00:00,23.58745655555909
2018-05-21 00:00:00,23.731768741634884
2018-05-21 01:00:00,23.901166173102112
2018-05-21 02:00:00,24.096388372097074
2018-05-21 03:00:00,24.31817486075611
2018-05-21 04:00:00,24.56726516121549
2018-05-21 05:00:00,24.84439879561156
2018-05-21 06:00:00,25.150315286080613
2018-05-21 07:00:00,25.485754154758993
2018-05-21 08:00:00,25.64949989
2018-05-21 09:00:00,26.08849907
2018-05-21 10:00:00,26.96750069
2018-05-21 11:00:00,27.62700081
2018-05-21 12:00:00,28.28650093
2018-05-21 13:00:00,29.16500092
2018-05-21 14:00:00,29.8239994
2018-05-21 15:00:00,29.8239994
2018-05-21 16:00:00,29.60449982
2018-05-21 17:00:00,29.38500023
2018-05-21 18:00:00,28.06649971
2018-05-21 19:00:00,27.62700081
2018-05-21 20:00:00,28.50600052
2018-05-21 21:00:00,28.94499969
2018-05-21 22:00:00,28.94499969
2018-05-21 23:00:00,28.94499969
2018-05-22 00:00:00,29.16500092
2018-05-22 01:00:00,29.16500092
2018-05-22 02:00:00,29.16500092
2018-05-22 03:00:00,29.16500092
2018-05-22 04:00:00,29.16500092
2018-05-22 05:00:00,28.94549942
2018-05-22 06:00:00,29.16500092
2018-05-22 07:00:00,29.38500023
2018-05-22 08:00:00,28.94499969
2018-05-22 09:00:00,28.94499969
2018-05-22 10:00:00,28.94549942
2018-05-22 11:00:00,28.50600052
2018-05-22 12:00:00,27.62700081
2018-05-22 13:00:00,25.42950058
2018-05-22 14:00:00,24.9904995
2018-05-22 15:00:00,25.43000031
2018-05-22 16:00:00,26.0890007
2018-05-22 17:00:00,26.0890007
2018-05-22 18:00:00,25.86899948
2018-05-22 19:00:00,26.08849907
2018-05-22 20:00:00,26.5284996
2018-05-22 21:00:00,26.5284996
2018-05-22 22:00:00,26.96750069
2018-05-22 23:00:00,26.96750069
2018-05-23 00:00:00,26.96750069
2018-05-23 01:00:00,26.74799919
2018-05-23 02:00:00,26.74799919
2018-05-23 03:00:00,25.86899948
2018-05-23 04:00:00,25.43000031
2018-05-23 05:00:00,24.5510006
2018-05-23 06:00:00,24.33099937
2018-05-23 07:00:00,24.5510006
2018-05-23 08:00:00,26.74799919
2018-05-23 09:00:00,29.8239994
2018-05-23 10:00:00,33.11999893
2018-05-23 11:00:00,37.07550049
2018-05-23 12:00:00,38.83300018
2018-05-23 13:00:00,40.59049988
2018-05-23 14:00:00,42.12900162
2018-05-23 15:00:00,42.3484993
2018-05-23 16:00:00,40.37149811
2018-05-23 17:00:00,38.17399979
2018-05-23 18:00:00,36.63550186
2018-05-23 19:00:00,35.09749985
2018-05-23 20:00:00,35.805689453278426
2018-05-23 21:00:00,35.37162963951659
2018-05-23 22:00:00,34.95025963532233
2018-05-23 23:00:00,34.54143698908723
2018-05-24 00:00:00,34.14501924920286
2018-05-24 01:00:00,33.7608639640608
2018-05-24 02:00:00,33.38882868205263
2018-05-24 03:00:00,33.02877095156994
2018-05-24 04:00:00,32.68054832100429
2018-05-24 05:00:00,32.34401833874726
2018-05-24 06:00:00,32.01903855319044
2018-05-24 07:00:00,31.7054665127254
2018-05-24 08:00:00,31.40315976574372
2018-05-24 09:00:00,31.111975860636978
2018-05-24 10:00:00,30.831772345796754
2018-05-24 11:00:00,30.562406769614626
2018-05-24 12:00:00,30.30373668048217
2018-05-24 13:00:00,30.05561962679097
2018-05-24 14:00:00,29.817913156932597
2018-05-24 15:00:00,29.590474819298638
2018-05-24 16:00:00,29.373162162280664
2018-05-24 17:00:00,29.165832734270257
2018-05-24 18:00:00,28.96834408365899
2018-05-24 19:00:00,28.780553758838455
2018-05-24 20:00:00,28.602319308200215
2018-05-24 21:00:00,28.433498280135854
2018-05-24 22:00:00,28.273948223036953
2018-05-24 23:00:00,28.12352668529509
2018-05-25 00:00:00,27.982091215301836
2018-05-25 01:00:00,27.849499361448782
2018-05-25 02:00:00,27.725608672127493
2018-05-25 03:00:00,27.610276695729556
2018-05-25 04:00:00,27.503360980646548
2018-05-25 05:00:00,27.404719075270044
2018-05-25 06:00:00,27.314208527991624
2018-05-25 07:00:00,27.23168688720287
2018-05-25 08:00:00,27.157011701295346
2018-05-25 09:00:00,27.090040518660654
2018-05-25 10:00:00,27.030630887690357
2018-05-25 11:00:00,26.97864035677604
2018-05-25 12:00:00,26.93392647430928
2018-05-25 13:00:00,26.896346788681655
2018-05-25 14:00:00,26.86575884828475
2018-05-25 15:00:00,26.842020201510117
2018-05-25 16:00:00,26.82498839674936
2018-05-25 17:00:00,26.814520982394058
2018-05-25 18:00:00,26.81047550683578
2018-05-25 19:00:00,26.812709518466097
2018-05-25 20:00:00,26.821080565676603
2018-05-25 21:00:00,26.835446196858868
2018-05-25 22:00:00,27.1875
2018-05-25 23:00:00,26.52799988
2018-05-26 00:00:00,26.52799988
2018-05-26 01:00:00,26.74799919
2018-05-26 02:00:00,26.96750069
2018-05-26 03:00:00,27.1875
2018-05-26 04:00:00,27.1875
2018-05-26 05:00:00,27.1875
2018-05-26 06:00:00,27.1875
2018-05-26 07:00:00,27.40699959
2018-05-26 08:00:00,27.62700081
2018-05-26 09:00:00,28.50600052
2018-05-26 10:00:00,28.94499969
2018-05-26 11:00:00,29.38500023
2018-05-26 12:00:00,30.26350021
2018-05-26 13:00:00,31.58200073
2018-05-26 14:00:00,32.68050003
2018-05-26 15:00:00,33.34000015
2018-05-26 16:00:00,33.34000015
2018-05-26 17:00:00,33.34000015
2018-05-26 18:00:00,32.90050125
2018-05-26 19:00:00,32.46099854
2018-05-26 20:00:00,32.02149963
2018-05-26 21:00:00,31.80200005
2018-05-26 22:00:00,31.58200073
2018-05-26 23:00:00,31.58200073
2018-05-27 00:00:00,31.14249992
2018-05-27 01:00:00,30.70299911
2018-05-27 02:00:00,30.4829998
2018-05-27 03:00:00,30.26350021
2018-05-27 04:00:00,30.26350021
2018-05-27 05:00:00,30.04400063
2018-05-27 06:00:00,30.04400063
2018-05-27 07:00:00,30.04400063
2018-05-27 08:00:00,30.26350021
2018-05-27 09:00:00,29.60449982
2018-05-27 10:00:00,29.8239994
2018-05-27 11:00:00,31.14249992
2018-05-27 12:00:00,32.46099854
2018-05-27 13:00:00,34.21900177
2018-05-27 14:00:00,35.75650024
2018-05-27 15:00:00,38.17399979
2018-05-27 16:00:00,38.61299896
2018-05-27 17:00:00,39.0530014
2018-05-27 18:00:00,38.39350128
2018-05-27 19:00:00,37.07500076
2018-05-27 20:00:00,35.75699997
2018-05-27 21:00:00,34.65800095
2018-05-27 22:00:00,33.55950165
2018-05-27 23:00:00,32.68099976
2018-05-28 00:00:00,32.02149963
2018-05-28 01:00:00,31.58200073
2018-05-28 02:00:00,31.14249992
2018-05-28 03:00:00,30.70299911
2018-05-28 04:00:00,30.26350021
2018-05-28 05:00:00,30.26350021
2018-05-28 06:00:00,29.8239994
2018-05-28 07:00:00,30.26350021
2018-05-28 08:00:00,31.80200005
2018-05-28 09:00:00,33.55950165
2018-05-28 10:00:00,34.43849945
2018-05-28 11:00:00,35.53699875
2018-05-28 12:00:00,37.73450089
2018-05-28 13:00:00,38.39350128
2018-05-28 14:00:00,38.61299896
2018-05-28 15:00:00,39.0530014
2018-05-28 16:00:00,39.0530014
2018-05-28 17:00:00,39.0530014
2018-05-28 18:00:00,38.17399979
2018-05-28 19:00:00,37.07500076
2018-05-28 20:00:00,36.19599915
2018-05-28 21:00:00,35.53699875
2018-05-28 22:00:00,34.87799835
2018-05-28 23:00:00,34.43849945
2018-05-29 00:00:00,33.99900055
2018-05-29 01:00:00,33.77899933
2018-05-29 02:00:00,33.34000015
2018-05-29 03:00:00,32.90050125
2018-05-29 04:00:00,32.90050125
2018-05-29 05:00:00,32.46099854
2018-05-29 06:00:00,32.46099854
2018-05-29 07:00:00,32.46099854
2018-05-29 08:00:00,33.34000015
2018-05-29 09:00:00,34.65800095
2018-05-29 10:00:00,35.09749985
2018-05-29 11:00:00,35.31700134
2018-05-29 12:00:00,36.19599915
2018-05-29 13:00:00,36.63600159
2018-05-29 14:00:00,37.07500076
2018-05-29 15:00:00,37.73450089
2018-05-29 16:00:00,37.73450089
2018-05-29 17:00:00,37.29499817
2018-05-29 18:00:00,36.85549927
2018-05-29 19:00:00,36.19599915
2018-05-29 20:00:00,35.53699875
2018-05-29 21:00:00,34.65800095
2018-05-29 22:00:00,33.77899933
2018-05-29 23:00:00,33.77899933
2018-05-30 00:00:00,33.77899933
2018-05-30 01:00:00,33.34000015
2018-05-30 02:00:00,31.58200073
2018-05-30 03:00:00,31.80200005
2018-05-30 04:00:00,32.02149963
2018-05-30 05:00:00,32.02149963
2018-05-30 06:00:00,32.02149963
2018-05-30 07:00:00,32.46099854
2018-05-30 08:00:00,32.90050125
2018-05-30 09:00:00,33.77899933
2018-05-30 10:00:00,35.09749985
2018-05-30 11:00:00,36.19599915
2018-05-30 12:00:00,37.29499817
2018-05-30 13:00:00,38.17399979
2018-05-30 14:00:00,38.17399979
2018-05-30 15:00:00,38.83300018
2018-05-30 16:00:00,39.7120018
2018-05-30 17:00:00,39.7120018
2018-05-30 18:00:00,38.39350128
2018-05-30 19:00:00,37.29499817
2018-05-30 20:00:00,35.97650146
2018-05-30 21:00:00,35.31700134
2018-05-30 22:00:00,34.65800095
2018-05-30 23:00:00,33.99900055
2018-05-31 00:00:00,33.77899933
2018-05-31 01:00:00,33.77899933
2018-05-31 02:00:00,33.77899933
2018-05-31 03:00:00,33.77899933
2018-05-31 04:00:00,33.77899933
2018-05-31 05:00:00,33.77899933
2018-05-31 06:00:00,33.77899933
2018-05-31 07:00:00,33.77899933
2018-05-31 08:00:00,33.77899933
2018-05-31 09:00:00,33.77899933
2018-05-31 10:00:00,33.77899933
2018-05-31 11:00:00,33.77899933
2018-05-31 12:00:00,33.77899933
2018-05-31 13:00:00,33.77899933
2018-05-31 14:00:00,33.77899933
2018-05-31 15:00:00,33.77899933
2018-05-31 16:00:00,33.77899933
2018-05-31 17:00:00,33.77899933
2018-05-31 18:00:00,33.77899933
2018-05-31 19:00:00,33.77899933
2018-05-31 20:00:00,33.77899933
2018-05-31 21:00:00,33.77899933
2018-05-31 22:00:00,33.77899933
2018-05-31 23:00:00,33.77899933
2018-06-01 00:00:00,28.9204998
2018-06-01 01:00:00,28.48150063
2018-06-01 02:00:00,27.60250092
2018-06-01 03:00:00,27.16349983
2018-06-01 04:00:00,26.7234993
2018-06-01 05:00:00,26.28450012
2018-06-01 06:00:00,25.84449959
2018-06-01 07:00:00,26.28450012
2018-06-01 08:00:00,28.70100021
2018-06-01 09:00:00,32.21699905
2018-06-01 10:00:00,34.19449997
2018-06-01 11:00:00,37.27050018
2018-06-01 12:00:00,40.7859993
2018-06-01 13:00:00,42.32450104
2018-06-01 14:00:00,42.98350143
2018-06-01 15:00:00,42.98300171
2018-06-01 16:00:00,41.8844986
2018-06-01 17:00:00,40.76200104
2018-06-01 18:00:00,39.6629982
2018-06-01 19:00:00,37.9054985
2018-06-01 20:00:00,36.5870018
2018-06-01 21:00:00,35.04899979
2018-06-01 22:00:00,34.16999817
2018-06-01 23:00:00,33.95000076
2018-06-02 00:00:00,33.29100037
2018-06-02 01:00:00,32.85200119
2018-06-02 02:00:00,31.97299957
2018-06-02 03:00:00,31.31349945
2018-06-02 04:00:00,30.87400055
2018-06-02 05:00:00,30.43449974
2018-06-02 06:00:00,30.21500015
2018-06-02 07:00:00,30.21500015
2018-06-02 08:00:00,31.53350067
2018-06-02 09:00:00,33.51100159
2018-06-02 10:00:00,34.82899857
2018-06-02 11:00:00,36.80649948
2018-06-02 12:00:00,37.4659996
2018-06-02 13:00:00,39.00400162
2018-06-02 14:00:00,38.34500122
2018-06-02 15:00:00,38.5644989
2018-06-02 16:00:00,37.0265007
2018-06-02 17:00:00,37.0265007
2018-06-02 18:00:00,36.36750031
2018-06-02 19:00:00,35.48849869
2018-06-02 20:00:00,34.82899857
2018-06-02 21:00:00,34.16999817
2018-06-02 22:00:00,33.29100037
2018-06-02 23:00:00,32.85200119
2018-06-03 00:00:00,32.41199875
2018-06-03 01:00:00,32.19250107
2018-06-03 02:00:00,31.75300026
2018-06-03 03:00:00,31.53300095
2018-06-03 04:00:00,31.09399986
2018-06-03 05:00:00,30.65399933
2018-06-03 06:00:00,30.21500015
2018-06-03 07:00:00,30.65399933
2018-06-03 08:00:00,32.19250107
2018-06-03 09:00:00,33.29100037
2018-06-03 10:00:00,35.70800018
2018-06-03 11:00:00,39.44300079
2018-06-03 12:00:00,40.54199982
2018-06-03 13:00:00,42.29999924
2018-06-03 14:00:00,44.27750015
2018-06-03 15:00:00,44.93650055
2018-06-03 16:00:00,43.17900085
2018-06-03 17:00:00,40.54199982
2018-06-03 18:00:00,38.125
2018-06-03 19:00:00,36.36750031
2018-06-03 20:00:00,34.82899857
2018-06-03 21:00:00,33.95000076
2018-06-03 22:00:00,33.07149887
2018-06-03 23:00:00,32.19250107
2018-06-04 00:00:00,31.53300095
2018-06-04 01:00:00,31.09399986
2018-06-04 02:00:00,30.65399933
2018-06-04 03:00:00,30.21500015
2018-06-04 04:00:00,29.33600044
2018-06-04 05:00:00,28.45700073
2018-06-04 06:00:00,28.01799965
2018-06-04 07:00:00,28.45700073
2018-06-04 08:00:00,29.77499962
2018-06-04 09:00:00,32.19250107
2018-06-04 10:00:00,35.04899979
2018-06-04 11:00:00,39.44300079
2018-06-04 12:00:00,41.64099884
2018-06-04 13:00:00,43.39849854
2018-06-04 14:00:00,46.47499847
2018-06-04 15:00:00,46.91450119
2018-06-04 16:00:00,44.27750015
2018-06-04 17:00:00,41.64049911
2018-06-04 18:00:00,39.44300079
2018-06-04 19:00:00,37.4659996
2018-06-04 20:00:00,36.14749908
2018-06-04 21:00:00,35.48799896
2018-06-04 22:00:00,34.60900116
2018-06-04 23:00:00,33.72999954
2018-06-05 00:00:00,33.29100037
2018-06-05 01:00:00,32.85200119
2018-06-05 02:00:00,32.41199875
2018-06-05 03:00:00,31.97299957
2018-06-05 04:00:00,31.53300095
2018-06-05 05:00:00,31.53300095
2018-06-05 06:00:00,31.31349945
2018-06-05 07:00:00,31.97299957
2018-06-05 08:00:00,32.85200119
2018-06-05 09:00:00,33.95000076
2018-06-05 10:00:00,35.04899979
2018-06-05 11:00:00,36.5870018
2018-06-05 12:00:00,38.56399918
2018-06-05 13:00:00,38.7840004
2018-06-05 14:00:00,39.00400162
2018-06-05 15:00:00,39.2234993
2018-06-05 16:00:00,38.34500122
2018-06-05 17:00:00,37.24649811
2018-06-05 18:00:00,36.36750031
2018-06-05 19:00:00,35.26850128
2018-06-05 20:00:00,34.38949966
2018-06-05 21:00:00,33.51050186
2018-06-05 22:00:00,32.85200119
2018-06-05 23:00:00,31.97299957
2018-06-06 00:00:00,31.75300026
2018-06-06 01:00:00,31.53300095
2018-06-06 02:00:00,30.65399933
2018-06-06 03:00:00,30.21500015
2018-06-06 04:00:00,29.33600044
2018-06-06 05:00:00,28.89599991
2018-06-06 06:00:00,28.45700073
2018-06-06 07:00:00,29.33600044
2018-06-06 08:00:00,31.53350067
2018-06-06 09:00:00,34.38949966
2018-06-06 10:00:00,37.0265007
2018-06-06 11:00:00,40.76200104
2018-06-06 12:00:00,42.29999924
2018-06-06 13:00:00,43.39799881
2018-06-06 14:00:00,44.93650055
2018-06-06 15:00:00,45.15599823
2018-06-06 16:00:00,43.83800125
2018-06-06 17:00:00,42.73949814
2018-06-06 18:00:00,41.64099884
2018-06-06 19:00:00,40.32249832
2018-06-06 20:00:00,38.7840004
2018-06-06 21:00:00,37.68600082
2018-06-06 22:00:00,36.80699921
2018-06-06 23:00:00,36.14749908
2018-06-07 00:00:00,35.70800018
2018-06-07 01:00:00,35.04850006
2018-06-07 02:00:00,34.60950089
2018-06-07 03:00:00,34.60950089
2018-06-07 04:00:00,34.38949966
2018-06-07 05:00:00,33.95000076
2018-06-07 06:00:00,33.51050186
2018-06-07 07:00:00,33.72999954
2018-06-07 08:00:00,35.48849869
2018-06-07 09:00:00,37.46549988
2018-06-07 10:00:00,40.32249832
2018-06-07 11:00:00,43.39849854
2018-06-07 12:00:00,44.93650055
2018-06-07 13:00:00,46.47499847
2018-06-07 14:00:00,46.69449997
2018-06-07 15:00:00,46.47499847
2018-06-07 16:00:00,44.93650055
2018-06-07 17:00:00,43.83750153
2018-06-07 18:00:00,43.39849854
2018-06-07 19:00:00,42.29999924
2018-06-07 20:00:00,40.98149872
2018-06-07 21:00:00,40.10250092
2018-06-07 22:00:00,39.6629982
2018-06-07 23:00:00,39.44300079
2018-06-08 00:00:00,38.7840004
2018-06-08 01:00:00,37.9054985
2018-06-08 02:00:00,37.24599838
2018-06-08 03:00:00,36.80699921
2018-06-08 04:00:00,36.36700058
2018-06-08 05:00:00,35.48799896
2018-06-08 06:00:00,35.26850128
2018-06-08 07:00:00,34.82899857
2018-06-08 08:00:00,35.9280014
2018-06-08 09:00:00,37.24649811
2018-06-08 10:00:00,39.6629982
2018-06-08 11:00:00,39.88299942
2018-06-08 12:00:00,40.3219986
2018-06-08 13:00:00,41.42100143
2018-06-08 14:00:00,42.73899841
2018-06-08 15:00:00,44.71699905
2018-06-08 16:00:00,44.05749893
2018-06-08 17:00:00,42.08050156
2018-06-08 18:00:00,39.6629982
2018-06-08 19:00:00,37.4659996
2018-06-08 20:00:00,36.14749908
2018-06-08 21:00:00,35.48849869
2018-06-08 22:00:00,35.48849869
2018-06-08 23:00:00,35.48849869
2018-06-09 00:00:00,35.26850128
2018-06-09 01:00:00,34.60950089
2018-06-09 02:00:00,33.95000076
2018-06-09 03:00:00,33.51050186
2018-06-09 04:00:00,31.53300095
2018-06-09 05:00:00,32.19250107
2018-06-09 06:00:00,32.41199875
2018-06-09 07:00:00,32.85200119
2018-06-09 08:00:00,33.29100037
2018-06-09 09:00:00,33.72999954
2018-06-09 10:00:00,32.85200119
2018-06-09 11:00:00,30.43449974
2018-06-09 12:00:00,27.57799911
2018-06-09 13:00:00,26.6989994
2018-06-09 14:00:00,26.26000023
2018-06-09 15:00:00,26.91900063
2018-06-09 16:00:00,28.67650032
2018-06-09 17:00:00,29.55550003
2018-06-09 18:00:00,29.99500084
2018-06-09 19:00:00,29.99500084
2018-06-09 20:00:00,29.99500084
2018-06-09 21:00:00,29.99500084
2018-06-09 22:00:00,29.77499962
2018-06-09 23:00:00,29.77499962
2018-06-10 00:00:00,29.55550003
2018-06-10 01:00:00,29.33600044
2018-06-10 02:00:00,28.89599991
2018-06-10 03:00:00,28.89599991
2018-06-10 04:00:00,28.89599991
2018-06-10 05:00:00,28.45700073
2018-06-10 06:00:00,28.23749924
2018-06-10 07:00:00,28.45700073
2018-06-10 08:00:00,29.77499962
2018-06-10 09:00:00,31.75300026
2018-06-10 10:00:00,32.63199997
2018-06-10 11:00:00,33.51050186
2018-06-10 12:00:00,34.60950089
2018-06-10 13:00:00,36.5870018
2018-06-10 14:00:00,39.00350189
2018-06-10 15:00:00,39.6629982
2018-06-10 16:00:00,37.9054985
2018-06-10 17:00:00,37.68600082
2018-06-10 18:00:00,36.80699921
2018-06-10 19:00:00,35.70800018
2018-06-10 20:00:00,34.60900116
2018-06-10 21:00:00,33.29100037
2018-06-10 22:00:00,32.41199875
2018-06-10 23:00:00,31.53300095
2018-06-11 00:00:00,31.09399986
2018-06-11 01:00:00,30.43449974
2018-06-11 02:00:00,29.99500084
2018-06-11 03:00:00,29.33600044
2018-06-11 04:00:00,28.89599991
2018-06-11 05:00:00,28.67650032
2018-06-11 06:00:00,28.67650032
2018-06-11 07:00:00,29.33600044
2018-06-11 08:00:00,31.31349945
2018-06-11 09:00:00,34.16949844
2018-06-11 10:00:00,36.80699921
2018-06-11 11:00:00,40.54199982
2018-06-11 12:00:00,42.95899963
2018-06-11 13:00:00,44.93650055
2018-06-11 14:00:00,47.13399887
2018-06-11 15:00:00,47.35400009
2018-06-11 16:00:00,45.59550095
2018-06-11 17:00:00,44.05749893
2018-06-11 18:00:00,42.73949814
2018-06-11 19:00:00,40.98149872
2018-06-11 20:00:00,39.2234993
2018-06-11 21:00:00,38.3445015
2018-06-11 22:00:00,37.0265007
2018-06-11 23:00:00,36.14749908
2018-06-12 00:00:00,35.48799896
2018-06-12 01:00:00,34.82899857
2018-06-12 02:00:00,34.38949966
2018-06-12 03:00:00,33.95000076
2018-06-12 04:00:00,33.29100037
2018-06-12 05:00:00,32.85200119
2018-06-12 06:00:00,32.41199875
2018-06-12 07:00:00,33.29100037
2018-06-12 08:00:00,35.04850006
2018-06-12 09:00:00,37.46549988
2018-06-12 10:00:00,40.10250092
2018-06-12 11:00:00,43.83800125
2018-06-12 12:00:00,46.03549957
2018-06-12 13:00:00,48.01250076
2018-06-12 14:00:00,49.9905014
2018-06-12 15:00:00,50.42950058
2018-06-12 16:00:00,49.11149979
2018-06-12 17:00:00,47.35350037
2018-06-12 18:00:00,46.69449997
2018-06-12 19:00:00,44.71649933
2018-06-12 20:00:00,42.73949814
2018-06-12 21:00:00,40.54199982
2018-06-12 22:00:00,39.2234993
2018-06-12 23:00:00,38.125
2018-06-13 00:00:00,37.24599838
2018-06-13 01:00:00,36.14749908
2018-06-13 02:00:00,35.48799896
2018-06-13 03:00:00,34.60900116
2018-06-13 04:00:00,33.72999954
2018-06-13 05:00:00,32.85200119
2018-06-13 06:00:00,32.63199997
2018-06-13 07:00:00,33.29100037
2018-06-13 08:00:00,35.48849869
2018-06-13 09:00:00,38.3445015
2018-06-13 10:00:00,40.54199982
2018-06-13 11:00:00,44.49700165
2018-06-13 12:00:00,46.47449875
2018-06-13 13:00:00,48.89149857
2018-06-13 14:00:00,50.20999908
2018-06-13 15:00:00,49.11149979
2018-06-13 16:00:00,48.23249817
2018-06-13 17:00:00,46.91400146
2018-06-13 18:00:00,45.59550095
2018-06-13 19:00:00,44.27750015
2018-06-13 20:00:00,42.29999924
2018-06-13 21:00:00,40.54199982
2018-06-13 22:00:00,39.2234993
2018-06-13 23:00:00,38.56399918
2018-06-14 00:00:00,37.68600082
2018-06-14 01:00:00,36.80699921
2018-06-14 02:00:00,36.36700058
2018-06-14 03:00:00,35.48799896
2018-06-14 04:00:00,34.82899857
2018-06-14 05:00:00,34.16999817
2018-06-14 06:00:00,33.72999954
2018-06-14 07:00:00,34.16999817
2018-06-14 08:00:00,36.14749908
2018-06-14 09:00:00,38.7840004
2018-06-14 10:00:00,41.86050034
2018-06-14 11:00:00,45.59600067
2018-06-14 12:00:00,48.23249817
2018-06-14 13:00:00,49.9905014
2018-06-14 14:00:00,49.55099869
2018-06-14 15:00:00,49.11149979
2018-06-14 16:00:00,48.67150116
2018-06-14 17:00:00,46.47449875
2018-06-14 18:00:00,44.71649933
2018-06-14 19:00:00,42.95899963
2018-06-14 20:00:00,41.42100143
2018-06-14 21:00:00,40.10250092
2018-06-14 22:00:00,39.00400162
2018-06-14 23:00:00,38.7840004
2018-06-15 00:00:00,38.56399918
2018-06-15 01:00:00,37.9054985
2018-06-15 02:00:00,37.24599838
2018-06-15 03:00:00,36.14749908
2018-06-15 04:00:00,35.26850128
2018-06-15 05:00:00,34.60900116
2018-06-15 06:00:00,34.16999817
2018-06-15 07:00:00,34.60900116
2018-06-15 08:00:00,36.14749908
2018-06-15 09:00:00,38.5644989
2018-06-15 10:00:00,40.98149872
2018-06-15 11:00:00,44.27700043
2018-06-15 12:00:00,46.25500107
2018-06-15 13:00:00,46.91450119
2018-06-15 14:00:00,47.35400009
2018-06-15 15:00:00,48.01250076
2018-06-15 16:00:00,47.35350037
2018-06-15 17:00:00,46.25500107
2018-06-15 18:00:00,44.93650055
2018-06-15 19:00:00,43.61800003
2018-06-15 20:00:00,42.29999924
2018-06-15 21:00:00,40.76200104
2018-06-15 22:00:00,39.88299942
2018-06-15 23:00:00,39.00400162
2018-06-16 00:00:00,38.3445015
2018-06-16 01:00:00,37.9054985
2018-06-16 02:00:00,37.24599838
2018-06-16 03:00:00,36.36700058
2018-06-16 04:00:00,35.70800018
2018-06-16 05:00:00,35.04899979
2018-06-16 06:00:00,34.60900116
2018-06-16 07:00:00,34.60900116
2018-06-16 08:00:00,34.82899857
2018-06-16 09:00:00,36.14749908
2018-06-16 10:00:00,37.9054985
2018-06-16 11:00:00,39.88299942
2018-06-16 12:00:00,41.64099884
2018-06-16 13:00:00,42.51950073
2018-06-16 14:00:00,43.61800003
2018-06-16 15:00:00,43.39849854
2018-06-16 16:00:00,43.17850113
2018-06-16 17:00:00,42.52000046
2018-06-16 18:00:00,41.20100021
2018-06-16 19:00:00,39.44300079
2018-06-16 20:00:00,38.125
2018-06-16 21:00:00,37.0265007
2018-06-16 22:00:00,36.14749908
2018-06-16 23:00:00,35.70800018
2018-06-17 00:00:00,35.48799896
2018-06-17 01:00:00,35.04899979
2018-06-17 02:00:00,34.60900116
2018-06-17 03:00:00,34.16999817
2018-06-17 04:00:00,33.29100037
2018-06-17 05:00:00,32.85200119
2018-06-17 06:00:00,32.63199997
2018-06-17 07:00:00,32.41199875
2018-06-17 08:00:00,32.85200119
2018-06-17 09:00:00,34.16999817
2018-06-17 10:00:00,36.36700058
2018-06-17 11:00:00,40.32249832
2018-06-17 12:00:00,42.08000183
2018-06-17 13:00:00,43.83750153
2018-06-17 14:00:00,45.37599945
2018-06-17 15:00:00,46.25500107
2018-06-17 16:00:00,45.15650177
2018-06-17 17:00:00,43.61849976
2018-06-17 18:00:00,42.73899841
2018-06-17 19:00:00,41.42100143
2018-06-17 20:00:00,40.54199982
2018-06-17 21:00:00,39.6629982
2018-06-17 22:00:00,39.00400162
2018-06-17 23:00:00,38.3445015
2018-06-18 00:00:00,37.9054985
2018-06-18 01:00:00,37.4659996
2018-06-18 02:00:00,37.0265007
2018-06-18 03:00:00,36.14749908
2018-06-18 04:00:00,35.70800018
2018-06-18 05:00:00,35.04850006
2018-06-18 06:00:00,34.82899857
2018-06-18 07:00:00,34.82899857
2018-06-18 08:00:00,35.9280014
2018-06-18 09:00:00,37.9054985
2018-06-18 10:00:00,40.10250092
2018-06-18 11:00:00,44.05749893
2018-06-18 12:00:00,46.47499847
2018-06-18 13:00:00,47.13399887
2018-06-18 14:00:00,46.69449997
2018-06-18 15:00:00,48.23249817
2018-06-18 16:00:00,47.57300186
2018-06-18 17:00:00,46.03499985
2018-06-18 18:00:00,44.93650055
2018-06-18 19:00:00,43.83800125
2018-06-18 20:00:00,43.17850113
2018-06-18 21:00:00,42.29999924
2018-06-18 22:00:00,41.42100143
2018-06-18 23:00:00,40.76200104
2018-06-19 00:00:00,40.3219986
2018-06-19 01:00:00,39.88299942
2018-06-19 02:00:00,39.44300079
2018-06-19 03:00:00,39.2234993
2018-06-19 04:00:00,38.7840004
2018-06-19 05:00:00,37.9054985
2018-06-19 06:00:00,37.4659996
2018-06-19 07:00:00,37.4659996
2018-06-19 08:00:00,38.125
2018-06-19 09:00:00,39.88299942
2018-06-19 10:00:00,41.20100021
2018-06-19 11:00:00,41.64099884
2018-06-19 12:00:00,41.64099884
2018-06-19 13:00:00,41.64099884
2018-06-19 14:00:00,40.98149872
2018-06-19 15:00:00,36.80699921
2018-06-19 16:00:00,36.36700058
2018-06-19 17:00:00,34.16999817
2018-06-19 18:00:00,32.19250107
2018-06-19 19:00:00,30.43449974
2018-06-19 20:00:00,30.65399933
2018-06-19 21:00:00,31.09399986
2018-06-19 22:00:00,31.09399986
2018-06-19 23:00:00,31.31349945
2018-06-20 00:00:00,32.19250107
2018-06-20 01:00:00,31.97299957
2018-06-20 02:00:00,31.97299957
2018-06-20 03:00:00,31.75300026
2018-06-20 04:00:00,32.19250107
2018-06-20 05:00:00,32.19250107
2018-06-20 06:00:00,32.63199997
2018-06-20 07:00:00,32.63199997
2018-06-20 08:00:00,33.29100037
2018-06-20 09:00:00,34.16999817
2018-06-20 10:00:00,35.04899979
2018-06-20 11:00:00,35.48799896
2018-06-20 12:00:00,36.5870018
2018-06-20 13:00:00,38.5644989
2018-06-20 14:00:00,39.2234993
2018-06-20 15:00:00,39.88299942
2018-06-20 16:00:00,40.10250092
2018-06-20 17:00:00,39.44300079
2018-06-20 18:00:00,38.56399918
2018-06-20 19:00:00,37.68600082
2018-06-20 20:00:00,36.5870018
2018-06-20 21:00:00,36.14749908
2018-06-20 22:00:00,35.04899979
2018-06-20 23:00:00,34.16999817
2018-06-21 00:00:00,33.72999954
2018-06-21 01:00:00,33.29100037
2018-06-21 02:00:00,32.85200119
2018-06-21 03:00:00,32.41199875
2018-06-21 04:00:00,31.53300095
2018-06-21 05:00:00,30.87400055
2018-06-21 06:00:00,30.43449974
2018-06-21 07:00:00,30.65399933
2018-06-21 08:00:00,32.85200119
2018-06-21 09:00:00,34.38949966
2018-06-21 10:00:00,36.36700058
2018-06-21 11:00:00,38.3445015
2018-06-21 12:00:00,40.54199982
2018-06-21 13:00:00,40.98149872
2018-06-21 14:00:00,43.61800003
2018-06-21 15:00:00,44.27750015
2018-06-21 16:00:00,43.17900085
2018-06-21 17:00:00,41.86050034
2018-06-21 18:00:00,40.51750183
2018-06-21 19:00:00,39.41899872
2018-06-21 20:00:00,38.32049942
2018-06-21 21:00:00,37.66149902
2018-06-21 22:00:00,37.0019989
2018-06-21 23:00:00,36.78250122
2018-06-22 00:00:00,36.5625
2018-06-22 01:00:00,36.1230011
2018-06-22 02:00:00,35.24399948
2018-06-22 03:00:00,34.80450058
2018-06-22 04:00:00,34.58499908
2018-06-22 05:00:00,34.3655014
2018-06-22 06:00:00,33.70600128
2018-06-22 07:00:00,31.28899956
2018-06-22 08:00:00,30.62949944
2018-06-22 09:00:00,30.19050026
2018-06-22 10:00:00,29.53149986
2018-06-22 11:00:00,28.65250015
2018-06-22 12:00:00,29.31150055
2018-06-22 13:00:00,28.43300056
2018-06-22 14:00:00,27.55400085
2018-06-22 15:00:00,28.65250015
2018-06-22 16:00:00,28.21299934
2018-06-22 17:00:00,27.77350044
2018-06-22 18:00:00,27.11450005
2018-06-22 19:00:00,27.33399963
2018-06-22 20:00:00,28.21299934
2018-06-22 21:00:00,28.65250015
2018-06-22 22:00:00,27.99349976
2018-06-22 23:00:00,27.99349976
2018-06-23 00:00:00,27.99349976
2018-06-23 01:00:00,27.99349976
2018-06-23 02:00:00,27.99349976
2018-06-23 03:00:00,27.99349976
2018-06-23 04:00:00,28.21299934
2018-06-23 05:00:00,28.43250084
2018-06-23 06:00:00,28.43250084
2018-06-23 07:00:00,28.87199974
2018-06-23 08:00:00,29.31150055
2018-06-23 09:00:00,30.40999985
2018-06-23 10:00:00,32.38750076
2018-06-23 11:00:00,34.14550018
2018-06-23 12:00:00,36.78250122
2018-06-23 13:00:00,36.1230011
2018-06-23 14:00:00,37.44150162
2018-06-23 15:00:00,37.88100052
2018-06-23 16:00:00,37.0019989
2018-06-23 17:00:00,36.5625
2018-06-23 18:00:00,36.1230011
2018-06-23 19:00:00,35.68349838
2018-06-23 20:00:00,34.3655014
2018-06-23 21:00:00,33.92549896
2018-06-23 22:00:00,33.26649857
2018-06-23 23:00:00,32.82749939
2018-06-24 00:00:00,32.16799927
2018-06-24 01:00:00,31.72850037
2018-06-24 02:00:00,31.28899956
2018-06-24 03:00:00,30.84950066
2018-06-24 04:00:00,30.40999985
2018-06-24 05:00:00,30.19000053
2018-06-24 06:00:00,29.97050095
2018-06-24 07:00:00,30.62949944
2018-06-24 08:00:00,32.38800049
2018-06-24 09:00:00,34.36500168
2018-06-24 10:00:00,36.7820015
2018-06-24 11:00:00,39.63850021
2018-06-24 12:00:00,39.85800171
2018-06-24 13:00:00,39.85800171
2018-06-24 14:00:00,38.75999832
2018-06-24 15:00:00,38.32049942
2018-06-24 16:00:00,38.54000092
2018-06-24 17:00:00,38.7594986
2018-06-24 18:00:00,38.10100174
2018-06-24 19:00:00,37.6609993
2018-06-24 20:00:00,36.7820015
2018-06-24 21:00:00,36.3429985
2018-06-24 22:00:00,35.4640007
2018-06-24 23:00:00,35.4640007
2018-06-25 00:00:00,35.4640007
2018-06-25 01:00:00,35.4640007
2018-06-25 02:00:00,35.02399826
2018-06-25 03:00:00,34.58499908
2018-06-25 04:00:00,34.14550018
2018-06-25 05:00:00,34.14550018
2018-06-25 06:00:00,34.3655014
2018-06-25 07:00:00,35.02399826
2018-06-25 08:00:00,35.90299988
2018-06-25 09:00:00,38.1004982
2018-06-25 10:00:00,40.95700073
2018-06-25 11:00:00,44.47249985
2018-06-25 12:00:00,46.45050049
2018-06-25 13:00:00,48.64749908
2018-06-25 14:00:00,50.625
2018-06-25 15:00:00,50.625
2018-06-25 16:00:00,49.74599838
2018-06-25 17:00:00,48.86700058
2018-06-25 18:00:00,47.98849869
2018-06-25 19:00:00,46.45000076
2018-06-25 20:00:00,44.69200134
2018-06-25 21:00:00,43.81349945
2018-06-25 22:00:00,42.91049957
2018-06-25 23:00:00,42.47050095
2018-06-26 00:00:00,42.25099945
2018-06-26 01:00:00,41.81150055
2018-06-26 02:00:00,40.93249893
2018-06-26 03:00:00,40.49300003
2018-06-26 04:00:00,40.05350113
2018-06-26 05:00:00,39.61449814
2018-06-26 06:00:00,39.61449814
2018-06-26 07:00:00,39.61449814
2018-06-26 08:00:00,41.15250015
2018-06-26 09:00:00,42.69049835
2018-06-26 10:00:00,44.44800186
2018-06-26 11:00:00,46.64550018
2018-06-26 12:00:00,45.98649979
2018-06-26 13:00:00,46.8655014
2018-06-26 14:00:00,47.08499908
2018-06-26 15:00:00,47.08499908
2018-06-26 16:00:00,48.18349838
2018-06-26 17:00:00,48.18349838
2018-06-26 18:00:00,46.8655014
2018-06-26 19:00:00,45.98649979
