{
  "model": "visiontspp",
  "dataset": "Australia_Solar_H",
  "method": "BM",
  "ratio": 0.3,
  "term": "long",
  "imputation_method": "backward",
  "n_windows": 20,
  "period": 24,
  "summary": {
    "mean": {
      "trend_strength": 0.8947263379599748,
      "trend_linearity": -141.4901699332154,
      "seasonal_strength": 0.08736610417818116,
      "seasonal_correlation": 0.13992135909717457,
      "residual_autocorr_lag1": 0.884200188314973,
      "spectral_entropy": 8510.622537106863
    },
    "std": {
      "trend_strength": 0.20927986404510293,
      "trend_linearity": 237.49814356012948,
      "seasonal_strength": 0.12678160194635102,
      "seasonal_correlation": 0.05362869526412514,
      "residual_autocorr_lag1": 0.0884479138034249,
      "spectral_entropy": 633.1330718973799
    },
    "min": {
      "trend_strength": 0.0,
      "trend_linearity": -737.8183694045042,
      "seasonal_strength": 0.0,
      "seasonal_correlation": 0.04425332053983502,
      "residual_autocorr_lag1": 0.6353487501461038,
      "spectral_entropy": 7095.9513215372
    },
    "max": {
      "trend_strength": 0.9829165247341188,
      "trend_linearity": 218.91699185890124,
      "seasonal_strength": 0.37356977455490936,
      "seasonal_correlation": 0.23784748995550536,
      "residual_autocorr_lag1": 0.985362156441562,
      "spectral_entropy": 9677.73690808416
    }
  }
}