{
  "model": "visiontspp",
  "dataset": "Australia_Solar_H",
  "method": "BM",
  "ratio": 0.2,
  "term": "long",
  "imputation_method": "mean",
  "n_windows": 20,
  "period": 24,
  "summary": {
    "mean": {
      "trend_strength": 0.9118492035796845,
      "trend_linearity": -47.72062159051398,
      "seasonal_strength": 0.04742434603529532,
      "seasonal_correlation": 0.12411993802856788,
      "residual_autocorr_lag1": 0.9075742198717436,
      "spectral_entropy": 8489.521745266458
    },
    "std": {
      "trend_strength": 0.14476212457421628,
      "trend_linearity": 90.22033212382495,
      "seasonal_strength": 0.11573822861779502,
      "seasonal_correlation": 0.06159392200339457,
      "residual_autocorr_lag1": 0.07468119251095075,
      "spectral_entropy": 775.1297753695611
    },
    "min": {
      "trend_strength": 0.3389380621402096,
      "trend_linearity": -208.1182726093261,
      "seasonal_strength": 0.0,
      "seasonal_correlation": 0.01616653799023589,
      "residual_autocorr_lag1": 0.7245476468175498,
      "spectral_entropy": 6283.623548809964
    },
    "max": {
      "trend_strength": 0.9907788807212918,
      "trend_linearity": 100.03286635655572,
      "seasonal_strength": 0.5304890130531366,
      "seasonal_correlation": 0.24712538703922596,
      "residual_autocorr_lag1": 0.9848074150371167,
      "spectral_entropy": 9621.873264419566
    }
  }
}