{
  "model": "visiontspp",
  "dataset": "Australia_Solar_H",
  "method": "BM",
  "ratio": 0.1,
  "term": "long",
  "imputation_method": "linear",
  "n_windows": 20,
  "period": 24,
  "summary": {
    "mean": {
      "trend_strength": 0.9170377495797934,
      "trend_linearity": -90.40572369528243,
      "seasonal_strength": 0.05906718585388535,
      "seasonal_correlation": 0.1526651868015473,
      "residual_autocorr_lag1": 0.8975871190320831,
      "spectral_entropy": 9121.247997417555
    },
    "std": {
      "trend_strength": 0.08056608705067553,
      "trend_linearity": 128.46720111159038,
      "seasonal_strength": 0.09297051202150429,
      "seasonal_correlation": 0.06530331540217378,
      "residual_autocorr_lag1": 0.09055781147021082,
      "spectral_entropy": 365.7462865820675
    },
    "min": {
      "trend_strength": 0.6657420628307745,
      "trend_linearity": -422.0160702775299,
      "seasonal_strength": 0.0,
      "seasonal_correlation": 0.02711886422990198,
      "residual_autocorr_lag1": 0.6625210917443444,
      "spectral_entropy": 8014.2066503688475
    },
    "max": {
      "trend_strength": 0.9945332176998497,
      "trend_linearity": 109.66246105554214,
      "seasonal_strength": 0.30177503838043784,
      "seasonal_correlation": 0.3103447834258778,
      "residual_autocorr_lag1": 0.9862243749108512,
      "spectral_entropy": 9603.009504061964
    }
  }
}