window_idx,n_series,trend_strength,trend_linearity,seasonal_strength,seasonal_correlation,residual_autocorr_lag1,spectral_entropy
0,1,0.521407781191038,-0.0026961249070924396,0.9262926459751861,0.5460709408377757,0.7171132629885122,1481.0396110869488
1,1,0.9459168334951711,-0.06832306854574728,0.25672562658749376,0.9371507186494251,0.9985116168194931,2716.655364625113
