window_idx,n_series,trend_strength,trend_linearity,seasonal_strength,seasonal_correlation,residual_autocorr_lag1,spectral_entropy
0,1,0.11861877851302327,-0.002083251783985843,0.7928045336310635,0.7229613625076676,0.6276511766235282,1643.4642912668096
1,1,0.5824603094160508,-0.010875304120706523,0.22097171194817888,0.5645530890108662,0.988618926908644,2012.2061543190646
