{
  "model": "visiontspp",
  "dataset": "azure2019_U_5T",
  "method": "BM",
  "ratio": 0.3,
  "term": "long",
  "imputation_method": "forward",
  "n_windows": 2,
  "period": 288,
  "summary": {
    "mean": {
      "trend_strength": 0.767593702018058,
      "trend_linearity": -0.0282492431059776,
      "seasonal_strength": 0.6222674798332434,
      "seasonal_correlation": 0.4807872104780051,
      "residual_autocorr_lag1": 0.7916885034078842,
      "spectral_entropy": 1714.9194454258516
    },
    "std": {
      "trend_strength": 0.11239247039575673,
      "trend_linearity": 0.030548859348141433,
      "seasonal_strength": 0.2779018458267756,
      "seasonal_correlation": 0.306126808243089,
      "residual_autocorr_lag1": 0.20251416598352162,
      "spectral_entropy": 965.8031599930816
    },
    "min": {
      "trend_strength": 0.6552012316223013,
      "trend_linearity": -0.05879810245411903,
      "seasonal_strength": 0.3443656340064678,
      "seasonal_correlation": 0.17466040223491602,
      "residual_autocorr_lag1": 0.5891743374243626,
      "spectral_entropy": 749.1162854327699
    },
    "max": {
      "trend_strength": 0.8799861724138147,
      "trend_linearity": 0.0022996162421638354,
      "seasonal_strength": 0.900169325660019,
      "seasonal_correlation": 0.7869140187210941,
      "residual_autocorr_lag1": 0.9942026693914059,
      "spectral_entropy": 2680.722605418933
    }
  }
}