{
  "model": "visiontspp",
  "dataset": "Coastal_T_S_5T",
  "method": "BM",
  "ratio": 0.2,
  "term": "long",
  "imputation_method": "linear",
  "n_windows": 20,
  "period": 288,
  "summary": {
    "mean": {
      "trend_strength": 0.4967437485403954,
      "trend_linearity": -0.012212966336086541,
      "seasonal_strength": 0.7972939782626567,
      "seasonal_correlation": 0.6239011267280501,
      "residual_autocorr_lag1": 0.8569566190416988,
      "spectral_entropy": 75.81765122957896
    },
    "std": {
      "trend_strength": 0.43005907851969366,
      "trend_linearity": 0.02677785312493438,
      "seasonal_strength": 0.13825105953465716,
      "seasonal_correlation": 0.17824512300990636,
      "residual_autocorr_lag1": 0.1657278237773529,
      "spectral_entropy": 1387.7859069683159
    },
    "min": {
      "trend_strength": 0.0032618710665404116,
      "trend_linearity": -0.08611792549017115,
      "seasonal_strength": 0.49795541998332693,
      "seasonal_correlation": 0.24029450837823416,
      "residual_autocorr_lag1": 0.4345028290154444,
      "spectral_entropy": -2185.5430627098817
    },
    "max": {
      "trend_strength": 0.9843913184062075,
      "trend_linearity": 0.00206065796558092,
      "seasonal_strength": 0.9948496247319256,
      "seasonal_correlation": 0.9952365364229308,
      "residual_autocorr_lag1": 0.9987633431080245,
      "spectral_entropy": 3128.155378702955
    }
  }
}