{
  "model": "visiontspp",
  "dataset": "Coastal_T_S_20T",
  "method": "clean",
  "ratio": null,
  "term": "long",
  "imputation_method": null,
  "n_windows": 7,
  "period": 72,
  "summary": {
    "mean": {
      "trend_strength": 0.6203602397085192,
      "trend_linearity": -4.39025090893241e-05,
      "seasonal_strength": 0.004306168260223548,
      "seasonal_correlation": 0.27349231678370284,
      "residual_autocorr_lag1": 0.9479845920211426,
      "spectral_entropy": -386.1353982696285
    },
    "std": {
      "trend_strength": 0.3032869985892708,
      "trend_linearity": 0.0006083232885201192,
      "seasonal_strength": 0.009715786057512308,
      "seasonal_correlation": 0.16380483534816911,
      "residual_autocorr_lag1": 0.006098025548782715,
      "spectral_entropy": 375.79400889972595
    },
    "min": {
      "trend_strength": 0.0,
      "trend_linearity": -0.0013670231707175965,
      "seasonal_strength": 0.0,
      "seasonal_correlation": -0.007622692201252367,
      "residual_autocorr_lag1": 0.9385031093996397,
      "spectral_entropy": -1233.3618795323105
    },
    "max": {
      "trend_strength": 0.9553124869247112,
      "trend_linearity": 0.0005416018223366508,
      "seasonal_strength": 0.028038305958935195,
      "seasonal_correlation": 0.47036240724007167,
      "residual_autocorr_lag1": 0.953250984431922,
      "spectral_entropy": 7.31980953059832
    }
  }
}