window_idx,n_series,trend_strength,trend_linearity,seasonal_strength,seasonal_correlation,residual_autocorr_lag1,spectral_entropy
0,1,0.2670615567162441,-0.00017624883540446183,0.004308339693873786,0.107138265889982,0.9395906957945365,-923.8961430619215
1,1,0.7890526908904125,0.0004353767019634661,0.0,0.21600989185543612,0.9526136909302093,-113.23084432498203
2,1,0.8048679266532779,0.0007192501397588634,0.0,0.18614970755422203,0.9529566462648387,120.26793695126753
3,1,0.31854516353299966,0.00011123349544279573,0.0,0.6301525857826981,0.9534696229824028,-226.48988292901637
4,1,0.06631606229900633,-3.332677906231599e-05,0.0016121251938806536,0.09288090611671164,0.9520960550431237,-323.0572776857846
5,1,0.9536197762390107,-0.0013504827389144976,0.03912771880128585,0.43666831792989824,0.9491543800041722,-524.2405537117658
6,1,0.9720318106093587,0.0008362241141942586,0.0,0.15303658913787646,0.937249675395445,-142.43248062691362
