{
  "model": "visiontspp",
  "dataset": "Coastal_T_S_20T",
  "method": "BM",
  "ratio": 0.3,
  "term": "long",
  "imputation_method": "linear",
  "n_windows": 7,
  "period": 72,
  "summary": {
    "mean": {
      "trend_strength": 0.5959278552771872,
      "trend_linearity": 7.743229971115837e-05,
      "seasonal_strength": 0.006435454812720042,
      "seasonal_correlation": 0.26029089489526064,
      "residual_autocorr_lag1": 0.9481615380592469,
      "spectral_entropy": -304.72560648415947
    },
    "std": {
      "trend_strength": 0.34141171257110303,
      "trend_linearity": 0.0006795507888981109,
      "seasonal_strength": 0.013428294044533197,
      "seasonal_correlation": 0.18452630739683032,
      "residual_autocorr_lag1": 0.006324382933032453,
      "spectral_entropy": 312.0541753854128
    },
    "min": {
      "trend_strength": 0.06631606229900633,
      "trend_linearity": -0.0013504827389144976,
      "seasonal_strength": 0.0,
      "seasonal_correlation": 0.09288090611671164,
      "residual_autocorr_lag1": 0.937249675395445,
      "spectral_entropy": -923.8961430619215
    },
    "max": {
      "trend_strength": 0.9720318106093587,
      "trend_linearity": 0.0008362241141942586,
      "seasonal_strength": 0.03912771880128585,
      "seasonal_correlation": 0.6301525857826981,
      "residual_autocorr_lag1": 0.9534696229824028,
      "spectral_entropy": 120.26793695126753
    }
  }
}