{
  "model": "visiontspp",
  "dataset": "Coastal_T_S_5T",
  "method": "BM",
  "ratio": 0.1,
  "term": "long",
  "imputation_method": "forward",
  "n_windows": 20,
  "period": 288,
  "summary": {
    "mean": {
      "trend_strength": 0.5207656885334201,
      "trend_linearity": -0.016536620716204285,
      "seasonal_strength": 0.7407450506548195,
      "seasonal_correlation": 0.6263191288147046,
      "residual_autocorr_lag1": 0.886476459781043,
      "spectral_entropy": -95.86769733587244
    },
    "std": {
      "trend_strength": 0.3923951905568266,
      "trend_linearity": 0.040842202406311465,
      "seasonal_strength": 0.19493673705554235,
      "seasonal_correlation": 0.2169484064277343,
      "residual_autocorr_lag1": 0.15390162035954358,
      "spectral_entropy": 1689.5771875432117
    },
    "min": {
      "trend_strength": 0.0,
      "trend_linearity": -0.17156773494491517,
      "seasonal_strength": 0.2932974536415285,
      "seasonal_correlation": 0.02192667387096298,
      "residual_autocorr_lag1": 0.4352684924189228,
      "spectral_entropy": -2670.839735361302
    },
    "max": {
      "trend_strength": 0.9946953460311174,
      "trend_linearity": 0.0011874230186440416,
      "seasonal_strength": 0.9826002429361994,
      "seasonal_correlation": 0.9379566150355326,
      "residual_autocorr_lag1": 0.9973154985027943,
      "spectral_entropy": 3346.0139393636955
    }
  }
}