{
  "model": "visiontspp",
  "dataset": "Coastal_T_S_H",
  "method": "BM",
  "ratio": 0.1,
  "term": "long",
  "imputation_method": "mean",
  "n_windows": 8,
  "period": 24,
  "summary": {
    "mean": {
      "trend_strength": 0.9479852500601716,
      "trend_linearity": -0.006872919256084815,
      "seasonal_strength": 0.036164221144256034,
      "seasonal_correlation": 0.09944265069026004,
      "residual_autocorr_lag1": 0.9098706760421267,
      "spectral_entropy": 992.4236901049967
    },
    "std": {
      "trend_strength": 0.04465060741530768,
      "trend_linearity": 0.020964783135513875,
      "seasonal_strength": 0.08374370763025261,
      "seasonal_correlation": 0.04469153216184318,
      "residual_autocorr_lag1": 0.03369106063328341,
      "spectral_entropy": 1031.7385480477085
    },
    "min": {
      "trend_strength": 0.8770685193212083,
      "trend_linearity": -0.043134253439327176,
      "seasonal_strength": 0.0,
      "seasonal_correlation": 0.04092178492139814,
      "residual_autocorr_lag1": 0.8607646229443013,
      "spectral_entropy": -1101.544836972878
    },
    "max": {
      "trend_strength": 0.997626707892958,
      "trend_linearity": 0.026498592409249684,
      "seasonal_strength": 0.255830867418931,
      "seasonal_correlation": 0.19295819534189504,
      "residual_autocorr_lag1": 0.9525390487844554,
      "spectral_entropy": 2284.253960600882
    }
  }
}