{
  "model": "visiontspp",
  "dataset": "Coastal_T_S_H",
  "method": "BM",
  "ratio": 0.3,
  "term": "long",
  "imputation_method": "linear",
  "n_windows": 8,
  "period": 24,
  "summary": {
    "mean": {
      "trend_strength": 0.9044726285450637,
      "trend_linearity": -0.011367913380605128,
      "seasonal_strength": 0.10633154738945713,
      "seasonal_correlation": 0.11184286234726601,
      "residual_autocorr_lag1": 0.8176459074382647,
      "spectral_entropy": 1376.2480131847674
    },
    "std": {
      "trend_strength": 0.12295665076872102,
      "trend_linearity": 0.020057819230031193,
      "seasonal_strength": 0.22356078726454723,
      "seasonal_correlation": 0.08200079859767818,
      "residual_autocorr_lag1": 0.1631562208304252,
      "spectral_entropy": 621.2025165496163
    },
    "min": {
      "trend_strength": 0.6217010683748272,
      "trend_linearity": -0.05594409185125934,
      "seasonal_strength": 0.0,
      "seasonal_correlation": 0.002028016808216436,
      "residual_autocorr_lag1": 0.4943373614918106,
      "spectral_entropy": 683.4959074342158
    },
    "max": {
      "trend_strength": 0.9995318694528782,
      "trend_linearity": 0.004854655992152599,
      "seasonal_strength": 0.6902558515742263,
      "seasonal_correlation": 0.27908288099674816,
      "residual_autocorr_lag1": 0.961046590883195,
      "spectral_entropy": 2324.810894386583
    }
  }
}