window_idx,n_series,trend_strength,trend_linearity,seasonal_strength,seasonal_correlation,residual_autocorr_lag1,spectral_entropy
0,1,0.401160559284355,-0.00022936631957216783,0.0,0.07422723491816657,0.9373894507390352,-996.0047380749186
1,1,0.7714685369914442,0.00040007074243828954,0.0,0.3989618662390934,0.952986467955325,-136.38569497167447
2,1,0.75135891743891,0.0005371917650381386,0.0,0.29225128729123767,0.9529538258333915,-1.0932725654277533
3,1,0.6415020757531396,0.0003874781667729563,0.0,0.341768613434338,0.9525822727354836,-46.70804815205298
4,1,0.49109260133979926,0.00025282329939701375,0.009534880499821652,0.13575900262109747,0.95231949938421,-144.12459030114476
5,1,0.951337954195122,-0.0012492732521200817,0.01632580940914863,0.39491396208428914,0.9484024808064949,-584.2948198015843
6,1,0.8631564913242911,0.0003564145641772924,0.0,0.0701671886254486,0.9564237887154158,-371.9527447990901
