{
  "model": "visiontspp",
  "dataset": "Coastal_T_S_5T",
  "method": "BM",
  "ratio": 0.1,
  "term": "long",
  "imputation_method": "backward",
  "n_windows": 20,
  "period": 288,
  "summary": {
    "mean": {
      "trend_strength": 0.48610924143932366,
      "trend_linearity": -0.0161277673095512,
      "seasonal_strength": 0.732482733585593,
      "seasonal_correlation": 0.6532037368525508,
      "residual_autocorr_lag1": 0.9271467516756877,
      "spectral_entropy": -104.21501550769287
    },
    "std": {
      "trend_strength": 0.3961155349005881,
      "trend_linearity": 0.0410323923221637,
      "seasonal_strength": 0.18378752368209275,
      "seasonal_correlation": 0.2508185697768245,
      "residual_autocorr_lag1": 0.09540423271363183,
      "spectral_entropy": 1530.0804055225135
    },
    "min": {
      "trend_strength": 0.0,
      "trend_linearity": -0.17309968258409544,
      "seasonal_strength": 0.3087963006507024,
      "seasonal_correlation": -0.05537407683695209,
      "residual_autocorr_lag1": 0.5921901813144441,
      "spectral_entropy": -2382.362572187176
    },
    "max": {
      "trend_strength": 0.9827527416334472,
      "trend_linearity": 0.0008904853031780046,
      "seasonal_strength": 0.9558061097768891,
      "seasonal_correlation": 0.951546184002553,
      "residual_autocorr_lag1": 0.99866398528482,
      "spectral_entropy": 3357.815071150043
    }
  }
}