{
  "model": "visiontspp",
  "dataset": "Coastal_T_S_H",
  "method": "BM",
  "ratio": 0.2,
  "term": "long",
  "imputation_method": "mean",
  "n_windows": 8,
  "period": 24,
  "summary": {
    "mean": {
      "trend_strength": 0.9730397006906382,
      "trend_linearity": -0.008738380510757508,
      "seasonal_strength": 0.15836232370383374,
      "seasonal_correlation": 0.14536138317590208,
      "residual_autocorr_lag1": 0.8193388906317722,
      "spectral_entropy": 924.9702474396336
    },
    "std": {
      "trend_strength": 0.03685151560257474,
      "trend_linearity": 0.01702726171626338,
      "seasonal_strength": 0.21060528090834718,
      "seasonal_correlation": 0.0656208056910749,
      "residual_autocorr_lag1": 0.21086729157702475,
      "spectral_entropy": 705.3078339076231
    },
    "min": {
      "trend_strength": 0.8990458683720354,
      "trend_linearity": -0.04638468515474937,
      "seasonal_strength": 0.0,
      "seasonal_correlation": 0.0600866328522415,
      "residual_autocorr_lag1": 0.33716799910325906,
      "spectral_entropy": 7.028652054663951
    },
    "max": {
      "trend_strength": 0.9989161289328101,
      "trend_linearity": 0.004324034922827219,
      "seasonal_strength": 0.5337718527187236,
      "seasonal_correlation": 0.2846675633867964,
      "residual_autocorr_lag1": 0.9725839844156411,
      "spectral_entropy": 1974.696127772338
    }
  }
}