window_idx,n_series,trend_strength,trend_linearity,seasonal_strength,seasonal_correlation,residual_autocorr_lag1,spectral_entropy
0,1,0.6644835924566752,-0.000358029300062115,0.0,0.25445569872508206,0.938168092093691,-1274.342889994231
1,1,0.8326687839488841,0.00052280768941971,0.0,0.39451662985577635,0.9531223540289347,-75.26582061437011
2,1,0.7391230689427415,0.0005209366530406114,0.0,0.5596895774699504,0.9533724154473453,-0.6104861156149752
3,1,0.44635766260207466,0.0002102384922329144,0.00094669663099467,0.5577782972398406,0.9525755148554201,-147.47413887303225
4,1,0.08001889463556133,2.6497715200241008e-05,0.006453450906037772,0.1428992863619172,0.950910686276414,-242.3739026450291
5,1,0.9586431705963258,-0.0014048100861522239,0.07194583725393044,0.5548008534126653,0.9502985383716971,-477.7522615414732
6,1,0.8983195080973728,0.00042660887908770446,0.0,0.18114565419107415,0.9368193475759308,-342.9622165181126
