window_idx,n_series,trend_strength,trend_linearity,seasonal_strength,seasonal_correlation,residual_autocorr_lag1,spectral_entropy
0,1,0.9818012846679353,-0.0011382381604937571,0.0,0.02863897286557267,0.9869088632956542,675.18021662525
1,1,0.960006373835737,-0.0023724240135744278,0.020371716184922173,0.060328718188639066,0.9448835979564258,376.2905469927068
2,1,0.9742924450193632,-0.00424574856886181,0.0,0.17878414937206727,0.9263905331513131,-27.131881446785997
3,1,0.7737817692621718,-0.006541282550937216,0.012278168517499521,0.09561056773581765,0.7943915096340038,1232.0927130509317
4,1,0.9715273834269983,-0.08127460447151881,4.000238210455365e-06,0.09033939596103899,0.9525124431757074,2590.188021442994
5,1,0.9399404935658018,-0.03448520858968938,0.0,0.06855074701406481,0.9522579666285413,1514.251252053997
6,1,0.332840578364463,0.008372023713087427,0.09203462970800991,0.11226470648395254,0.899446973478948,1900.5341946024334
7,1,0.9931857631392047,0.005950557713591922,0.0,0.050227748286601925,0.9434257476732711,1981.8372619847705
