{
  "model": "visiontspp",
  "dataset": "Coastal_T_S_15T",
  "method": "BM",
  "ratio": 0.3,
  "term": "long",
  "imputation_method": "backward",
  "n_windows": 20,
  "period": 96,
  "summary": {
    "mean": {
      "trend_strength": 0.7912333991800253,
      "trend_linearity": -4.3380136156448524e-05,
      "seasonal_strength": 0.052097420761117744,
      "seasonal_correlation": 0.4825269070719532,
      "residual_autocorr_lag1": 0.9731635072835534,
      "spectral_entropy": -2885.7206624159344
    },
    "std": {
      "trend_strength": 0.22423672388628793,
      "trend_linearity": 4.796925146438309e-05,
      "seasonal_strength": 0.07748794603310204,
      "seasonal_correlation": 0.26908980224418794,
      "residual_autocorr_lag1": 0.022759338231615744,
      "spectral_entropy": 923.0027435349533
    },
    "min": {
      "trend_strength": 0.13428372653482967,
      "trend_linearity": -0.00018839841818979564,
      "seasonal_strength": 0.0,
      "seasonal_correlation": 0.044829783013451314,
      "residual_autocorr_lag1": 0.9204156943544989,
      "spectral_entropy": -5572.252308966219
    },
    "max": {
      "trend_strength": 0.9872992163507041,
      "trend_linearity": 1.9013752592730806e-05,
      "seasonal_strength": 0.26998845343192035,
      "seasonal_correlation": 0.9133242218422062,
      "residual_autocorr_lag1": 0.9986082887908305,
      "spectral_entropy": -1354.9833301358462
    }
  }
}