window_idx,n_series,trend_strength,trend_linearity,seasonal_strength,seasonal_correlation,residual_autocorr_lag1,spectral_entropy
0,1,0.9219776230025045,-0.0015200109134151025,0.0009154659430009593,0.11304611186881011,0.9464891449558988,408.0356434958213
1,1,0.9939105457362643,-0.0026037427377929396,0.0,0.19864316746147626,0.8386415070968056,498.4754147544345
2,1,0.9824485579336049,-0.00013441509064546155,0.004285990347776325,0.0600866328522415,0.9305636772629216,391.9613060661913
3,1,0.995880183771301,-0.0003131494408415575,0.01182558575674253,0.2846675633867964,0.9720761531937121,7.028652054663951
4,1,0.9943774190804775,-0.04638468515474937,0.21297491361286125,0.13626599973719147,0.6299544145921482,1974.696127772338
5,1,0.9989161289328101,-0.02712928686470726,0.029674299783408964,0.16096491205440575,0.9725839844156411,693.0520106486836
6,1,0.8990458683720354,0.004324034922827219,0.47345048146815627,0.11555556706398165,0.33716799910325906,1764.9185134330237
7,1,0.9977612786961074,0.0038542111932644034,0.5337718527187236,0.0936611109823135,0.927234244433792,1661.5943112919124
