window_idx,n_series,trend_strength,trend_linearity,seasonal_strength,seasonal_correlation,residual_autocorr_lag1,spectral_entropy
0,1,0.9946916545867087,-0.002614530995087089,0.0,0.059774001489844734,0.9842973106662708,371.72451450663334
1,1,0.991947949921956,-0.002772626735677614,0.006580054598783747,0.08360698590450188,0.9506083333411693,610.7799519690211
2,1,0.98482307471093,0.0014950957224506907,0.013318418626857897,0.11074729635383837,0.9827371186207436,185.98396454400444
3,1,0.9956972481635459,-0.0035640269207198433,0.0,0.045163983135048914,0.8296327450954494,1295.7489455842267
4,1,0.9750398433050942,-0.06045545003925793,0.12320365712148329,0.05610631782367602,0.7735002992595781,2275.6319189469195
5,1,0.9990783552991358,-0.017820085925719847,0.08254611698206915,0.15343399000390875,0.9473582822582345,-185.0556669769042
6,1,0.9500377229750856,0.0013933036949719932,0.0,0.09915545114810362,0.9156987488861746,1936.3701474946308
7,1,0.9961280802310911,0.01153985868338812,0.010813062065761825,0.2022011829179056,0.97211988678628,1790.7263914902837
