{
  "model": "visiontspp",
  "dataset": "Coastal_T_S_15T",
  "method": "BM",
  "ratio": 0.2,
  "term": "long",
  "imputation_method": "forward",
  "n_windows": 20,
  "period": 96,
  "summary": {
    "mean": {
      "trend_strength": 0.8329622489934367,
      "trend_linearity": -3.6009931103735116e-05,
      "seasonal_strength": 0.08455891444819383,
      "seasonal_correlation": 0.44698791769718094,
      "residual_autocorr_lag1": 0.9723422723340558,
      "spectral_entropy": -2741.1727708476437
    },
    "std": {
      "trend_strength": 0.2200147012064149,
      "trend_linearity": 4.648837920045391e-05,
      "seasonal_strength": 0.10860355383124713,
      "seasonal_correlation": 0.18945727034775772,
      "residual_autocorr_lag1": 0.01955914368572147,
      "spectral_entropy": 738.6651976052426
    },
    "min": {
      "trend_strength": 0.0,
      "trend_linearity": -0.00016946926418948466,
      "seasonal_strength": 0.0,
      "seasonal_correlation": 0.15760663446674844,
      "residual_autocorr_lag1": 0.9271932971919302,
      "spectral_entropy": -5182.432839761937
    },
    "max": {
      "trend_strength": 0.993275147658118,
      "trend_linearity": 4.251664498274462e-05,
      "seasonal_strength": 0.32957819680118083,
      "seasonal_correlation": 0.8193250604494542,
      "residual_autocorr_lag1": 0.9983093110986132,
      "spectral_entropy": -1614.243132228521
    }
  }
}