{
  "model": "visiontspp",
  "dataset": "Coastal_T_S_15T",
  "method": "BM",
  "ratio": 0.1,
  "term": "long",
  "imputation_method": "linear",
  "n_windows": 20,
  "period": 96,
  "summary": {
    "mean": {
      "trend_strength": 0.8020668357875506,
      "trend_linearity": -3.971988520354095e-05,
      "seasonal_strength": 0.05924631584002403,
      "seasonal_correlation": 0.549868580266591,
      "residual_autocorr_lag1": 0.9705928380425609,
      "spectral_entropy": -3019.287552071817
    },
    "std": {
      "trend_strength": 0.22729623498637133,
      "trend_linearity": 4.5410955846993394e-05,
      "seasonal_strength": 0.0829963679236978,
      "seasonal_correlation": 0.18248757960641246,
      "residual_autocorr_lag1": 0.015631681327548507,
      "spectral_entropy": 944.8537828011622
    },
    "min": {
      "trend_strength": 0.22719748925280947,
      "trend_linearity": -0.0001832212854655589,
      "seasonal_strength": 0.0,
      "seasonal_correlation": 0.1816410218325633,
      "residual_autocorr_lag1": 0.9482253838381881,
      "spectral_entropy": -5957.109367011644
    },
    "max": {
      "trend_strength": 0.9985166395772224,
      "trend_linearity": 4.355232495123704e-05,
      "seasonal_strength": 0.2631485570169112,
      "seasonal_correlation": 0.9281846117671714,
      "residual_autocorr_lag1": 0.9968089065028338,
      "spectral_entropy": -1484.9358463549006
    }
  }
}