{
  "model": "visiontspp",
  "dataset": "Coastal_T_S_15T",
  "method": "BM",
  "ratio": 0.1,
  "term": "long",
  "imputation_method": "backward",
  "n_windows": 20,
  "period": 96,
  "summary": {
    "mean": {
      "trend_strength": 0.8094222456529799,
      "trend_linearity": -3.9220733777968434e-05,
      "seasonal_strength": 0.08005889196690948,
      "seasonal_correlation": 0.5045042403454028,
      "residual_autocorr_lag1": 0.9735597693287975,
      "spectral_entropy": -2888.3271244034668
    },
    "std": {
      "trend_strength": 0.2315523169434876,
      "trend_linearity": 4.60375684989115e-05,
      "seasonal_strength": 0.11992327572345876,
      "seasonal_correlation": 0.17170355379606544,
      "residual_autocorr_lag1": 0.022499428922527077,
      "spectral_entropy": 814.3284149399298
    },
    "min": {
      "trend_strength": 0.23266748793206626,
      "trend_linearity": -0.0001804371907833672,
      "seasonal_strength": 0.0,
      "seasonal_correlation": 0.21053959300954986,
      "residual_autocorr_lag1": 0.9336730689639274,
      "spectral_entropy": -5375.659403043116
    },
    "max": {
      "trend_strength": 0.9977058649502334,
      "trend_linearity": 3.4810236353518246e-05,
      "seasonal_strength": 0.4683728903759474,
      "seasonal_correlation": 0.939124970176134,
      "residual_autocorr_lag1": 0.9987517569486938,
      "spectral_entropy": -1503.818837979452
    }
  }
}