window_idx,n_series,trend_strength,trend_linearity,seasonal_strength,seasonal_correlation,residual_autocorr_lag1,spectral_entropy
0,1,0.3603390522743527,-0.00019735776861115422,0.0,0.003793392805256336,0.9381072306335116,-962.6579565577769
1,1,0.7864930284053482,0.000419369809538155,0.0,0.3696500666891751,0.9530451279835157,-128.6303714081537
2,1,0.7542733622974827,0.0005739581379297895,0.0002324307619341326,0.21163357990475115,0.9529233387429028,38.06944794126747
3,1,0.2241163645134151,7.457094956204859e-05,0.0042281900513923,0.4392109642857532,0.9522609009596685,-232.5282764885037
4,1,0.4703538965190912,0.00024523846656013986,0.0,0.005987843925597118,0.9528449020506476,-142.8191728181159
5,1,0.9634214141167855,-0.0012746070443412478,0.0338868513985382,0.40943887782570565,0.9465808251091514,-493.48295025011845
6,1,0.8746530698767525,0.0003856598269588884,0.0,0.12722348709345216,0.9386715984558129,-387.8541231414404
