{
  "model": "visiontspp",
  "dataset": "current_velocity_20T",
  "method": "BM",
  "ratio": 0.3,
  "term": "long",
  "imputation_method": "backward",
  "n_windows": 14,
  "period": 72,
  "summary": {
    "mean": {
      "trend_strength": 0.8799915272807342,
      "trend_linearity": -0.0003657021912250766,
      "seasonal_strength": 0.011749233465141371,
      "seasonal_correlation": 0.36595528009755907,
      "residual_autocorr_lag1": 0.9884496980840847,
      "spectral_entropy": 899.9187226184414
    },
    "std": {
      "trend_strength": 0.11356442638782085,
      "trend_linearity": 0.007556550748272221,
      "seasonal_strength": 0.022104958960372505,
      "seasonal_correlation": 0.15815569505179944,
      "residual_autocorr_lag1": 0.017130110422102423,
      "spectral_entropy": 1153.0625085382533
    },
    "min": {
      "trend_strength": 0.6284935372392642,
      "trend_linearity": -0.014583227738092343,
      "seasonal_strength": 0.0,
      "seasonal_correlation": 0.13623221320449905,
      "residual_autocorr_lag1": 0.9350698047730391,
      "spectral_entropy": -1528.7809972739053
    },
    "max": {
      "trend_strength": 0.9868455602602025,
      "trend_linearity": 0.013147849445919083,
      "seasonal_strength": 0.07916035198531535,
      "seasonal_correlation": 0.7027193158541494,
      "residual_autocorr_lag1": 0.9983301088247113,
      "spectral_entropy": 2575.85104903822
    }
  }
}