{
  "model": "visiontspp",
  "dataset": "current_velocity_20T",
  "method": "BM",
  "ratio": 0.1,
  "term": "long",
  "imputation_method": "linear",
  "n_windows": 14,
  "period": 72,
  "summary": {
    "mean": {
      "trend_strength": 0.9130031106001135,
      "trend_linearity": 0.000677370331469409,
      "seasonal_strength": 0.02004429377816284,
      "seasonal_correlation": 0.4552533953215226,
      "residual_autocorr_lag1": 0.9811960183071565,
      "spectral_entropy": 1152.4454298937192
    },
    "std": {
      "trend_strength": 0.08945544726026335,
      "trend_linearity": 0.006367832177275775,
      "seasonal_strength": 0.04169504697780735,
      "seasonal_correlation": 0.13304787496185647,
      "residual_autocorr_lag1": 0.019670157797474812,
      "spectral_entropy": 1050.1085835743156
    },
    "min": {
      "trend_strength": 0.6369886715625361,
      "trend_linearity": -0.0071603821103754664,
      "seasonal_strength": 0.0,
      "seasonal_correlation": 0.2685463825864139,
      "residual_autocorr_lag1": 0.9334778776461474,
      "spectral_entropy": -1432.2530051552587
    },
    "max": {
      "trend_strength": 0.984085987740546,
      "trend_linearity": 0.014140336123910455,
      "seasonal_strength": 0.1614837980547248,
      "seasonal_correlation": 0.692223064645047,
      "residual_autocorr_lag1": 0.9983240944812415,
      "spectral_entropy": 2519.829155822561
    }
  }
}