window_idx,n_series,trend_strength,trend_linearity,seasonal_strength,seasonal_correlation,residual_autocorr_lag1,spectral_entropy
0,1,0.9821364798176981,-0.007684173964361203,0.0,0.21107619975725356,0.9723632946469225,1584.807005539587
1,1,0.9638699546075372,-0.0004972715706943558,0.0,0.3469411028528834,0.9872365459195036,335.1259355924608
2,1,0.9433013897759571,-0.0014392074829146873,0.0,0.13701948605322972,0.973598249894492,-323.25565416077393
3,1,0.9696212050852122,-0.00108699987610735,0.0,0.14319709530093236,0.6856002582915048,108.03943223937122
4,1,0.9678270075601567,-0.0057216274806190836,0.3199872533267649,0.06293121915320557,0.783943878408722,470.083722719605
