window_idx,n_series,trend_strength,trend_linearity,seasonal_strength,seasonal_correlation,residual_autocorr_lag1,spectral_entropy
0,1,0.8864631177059512,-0.0035861957651252487,0.0,0.31414762720396655,0.8583407413030818,1514.1389713019807
1,1,0.9605053604861649,-0.0013969392291860807,0.001632626137587967,0.18992685604511783,0.9718636329464712,512.9796335881706
2,1,0.9769131419184421,-0.0008916172047455036,0.05138117051252311,0.14987526049204236,0.9266188645194517,-125.30905552430175
3,1,0.9758711734968546,-0.0022863804303524028,0.029477526307819857,0.04847025175029196,0.8797114581803032,806.7537614104174
4,1,0.9846374578475595,-0.006289339048377795,0.37134029033019733,0.06068152140500544,0.8398210694496022,54.52554780151627
