{
  "model": "visiontspp",
  "dataset": "current_velocity_20T",
  "method": "BM",
  "ratio": 0.2,
  "term": "long",
  "imputation_method": "mean",
  "n_windows": 14,
  "period": 72,
  "summary": {
    "mean": {
      "trend_strength": 0.9127488937458323,
      "trend_linearity": 0.0001303516408288037,
      "seasonal_strength": 0.05185341798645972,
      "seasonal_correlation": 0.3304600513105903,
      "residual_autocorr_lag1": 0.9789810289966075,
      "spectral_entropy": 1032.6413683198737
    },
    "std": {
      "trend_strength": 0.07201562656232512,
      "trend_linearity": 0.005116474777623658,
      "seasonal_strength": 0.07297266744914398,
      "seasonal_correlation": 0.23188946772644872,
      "residual_autocorr_lag1": 0.01794779355876693,
      "spectral_entropy": 929.966307119768
    },
    "min": {
      "trend_strength": 0.7269847389566872,
      "trend_linearity": -0.006563945251786996,
      "seasonal_strength": 0.0,
      "seasonal_correlation": 0.015747663043029093,
      "residual_autocorr_lag1": 0.9498893776254305,
      "spectral_entropy": -812.7560595371021
    },
    "max": {
      "trend_strength": 0.9915388626113893,
      "trend_linearity": 0.0114105703909281,
      "seasonal_strength": 0.2525284320779222,
      "seasonal_correlation": 0.742584968109657,
      "residual_autocorr_lag1": 0.9979487811656785,
      "spectral_entropy": 2439.8442793524036
    }
  }
}