window_idx,n_series,trend_strength,trend_linearity,seasonal_strength,seasonal_correlation,residual_autocorr_lag1,spectral_entropy
0,1,0.9337171681016485,-0.0023656351719663774,0.0,0.24758377369066298,0.9855940249655093,1003.3737292274211
1,1,0.9619702423074746,-0.0014955005828726272,0.0,0.27928072081024097,0.9776630163229172,307.6844661793899
2,1,0.9822028648443055,-0.0025669794826626065,0.0,0.0741534454491424,0.886136910277671,689.2155473685597
3,1,0.9716501973102692,0.00710090741631567,0.0,0.22504431990143026,0.9807242466337105,908.8655147452207
4,1,0.8989699143241414,-0.009428565718123632,0.13646310178686016,0.027683593103803958,0.9322578658556896,427.9270203212908
