{
  "model": "visiontspp",
  "dataset": "current_velocity_H",
  "method": "BM",
  "ratio": 0.2,
  "term": "long",
  "imputation_method": "forward",
  "n_windows": 5,
  "period": 24,
  "summary": {
    "mean": {
      "trend_strength": 0.968501416571876,
      "trend_linearity": -0.003889074649477472,
      "seasonal_strength": 0.1115930014547212,
      "seasonal_correlation": 0.12138983433494895,
      "residual_autocorr_lag1": 0.8944753696616157,
      "spectral_entropy": 552.7335589178443
    },
    "std": {
      "trend_strength": 0.017558183811202926,
      "trend_linearity": 0.0019988255271060815,
      "seasonal_strength": 0.15982806924846787,
      "seasonal_correlation": 0.07055132657687434,
      "residual_autocorr_lag1": 0.09876620110114022,
      "spectral_entropy": 519.1470143778838
    },
    "min": {
      "trend_strength": 0.9387067730398486,
      "trend_linearity": -0.00671933645191555,
      "seasonal_strength": 0.0,
      "seasonal_correlation": 0.05343169296198926,
      "residual_autocorr_lag1": 0.7358120036882505,
      "spectral_entropy": -143.01356659220244
    },
    "max": {
      "trend_strength": 0.9907161289031711,
      "trend_linearity": -0.001474545121038394,
      "seasonal_strength": 0.40999314022008704,
      "seasonal_correlation": 0.2538265452587051,
      "residual_autocorr_lag1": 0.9825607313033046,
      "spectral_entropy": 1363.977007160187
    }
  }
}