window_idx,n_series,trend_strength,trend_linearity,seasonal_strength,seasonal_correlation,residual_autocorr_lag1,spectral_entropy
0,1,0.8869625849047332,-0.00526970276721855,0.0,0.08295368023511143,0.9454415585894156,1503.773361428601
1,1,0.9635040692434682,-0.004460409817732605,0.0,0.1086340459705793,0.9639456457627047,656.403143642176
2,1,0.9830122910280217,-0.0038435705019453036,0.059061366358951095,0.09436333953721428,0.8562368539014542,305.37477312928286
3,1,0.9710813670483618,0.001142467037543377,0.21953887771915093,0.10325698775795186,0.6953892532284426,93.13672897271744
4,1,0.9943173991053128,-0.007300586374558909,0.0020937944731922453,0.05925527644308764,0.9612680911823218,880.6800490556502
