window_idx,n_series,trend_strength,trend_linearity,seasonal_strength,seasonal_correlation,residual_autocorr_lag1,spectral_entropy
0,1,0.9629280447225502,-0.005740852137889681,0.0,0.2538265452587051,0.9825607313033046,1363.977007160187
1,1,0.9387067730398486,-0.001474545121038394,0.0,0.08987620060708527,0.9606187712377623,149.23756210606894
2,1,0.970459209891516,-0.0030163778050232336,0.14797186705351895,0.08048192454441772,0.8210093329148431,673.204773625808
3,1,0.979696926302294,-0.0024942617315205024,0.40999314022008704,0.12933280830254731,0.7358120036882505,720.2620182893603
4,1,0.9907161289031711,-0.00671933645191555,0.0,0.05343169296198926,0.9723760091639182,-143.01356659220244
