{
  "model": "visiontspp",
  "dataset": "current_velocity_20T",
  "method": "BM",
  "ratio": 0.2,
  "term": "long",
  "imputation_method": "forward",
  "n_windows": 14,
  "period": 72,
  "summary": {
    "mean": {
      "trend_strength": 0.8907168773347278,
      "trend_linearity": -0.0007268037179145984,
      "seasonal_strength": 0.04288753132628033,
      "seasonal_correlation": 0.30876006526676697,
      "residual_autocorr_lag1": 0.9847195767130674,
      "spectral_entropy": 1097.935060817537
    },
    "std": {
      "trend_strength": 0.10376244636299463,
      "trend_linearity": 0.006234180419479336,
      "seasonal_strength": 0.061206558992150016,
      "seasonal_correlation": 0.2478031061153963,
      "residual_autocorr_lag1": 0.017607095906299323,
      "spectral_entropy": 1107.7062081452173
    },
    "min": {
      "trend_strength": 0.6423230075078967,
      "trend_linearity": -0.01264285009155572,
      "seasonal_strength": 0.0,
      "seasonal_correlation": -0.021264374735369337,
      "residual_autocorr_lag1": 0.9443226285799569,
      "spectral_entropy": -1577.855963543888
    },
    "max": {
      "trend_strength": 0.9884179576619924,
      "trend_linearity": 0.01496515060582077,
      "seasonal_strength": 0.19163785571101077,
      "seasonal_correlation": 0.8150330680224739,
      "residual_autocorr_lag1": 0.9983877905070142,
      "spectral_entropy": 2459.7971585832192
    }
  }
}