{
  "model": "visiontspp",
  "dataset": "current_velocity_20T",
  "method": "clean",
  "ratio": null,
  "term": "long",
  "imputation_method": null,
  "n_windows": 14,
  "period": 72,
  "summary": {
    "mean": {
      "trend_strength": 0.9251348172118838,
      "trend_linearity": 0.001800208178392292,
      "seasonal_strength": 0.035043912827838586,
      "seasonal_correlation": 0.5583605744866152,
      "residual_autocorr_lag1": 0.9892363273198811,
      "spectral_entropy": 1671.0659654652595
    },
    "std": {
      "trend_strength": 0.0888862887889376,
      "trend_linearity": 0.007782762540708741,
      "seasonal_strength": 0.04596326783518871,
      "seasonal_correlation": 0.1208619242785576,
      "residual_autocorr_lag1": 0.0120138680638889,
      "spectral_entropy": 572.9530133949718
    },
    "min": {
      "trend_strength": 0.6251073005168963,
      "trend_linearity": -0.008992802900712683,
      "seasonal_strength": 0.0,
      "seasonal_correlation": 0.3529260953002067,
      "residual_autocorr_lag1": 0.961327491022445,
      "spectral_entropy": 572.8121708617672
    },
    "max": {
      "trend_strength": 0.9937568044861917,
      "trend_linearity": 0.01761589668696691,
      "seasonal_strength": 0.14436011473813715,
      "seasonal_correlation": 0.7489939475784141,
      "residual_autocorr_lag1": 0.9983081180296243,
      "spectral_entropy": 2536.3720308826514
    }
  }
}