{
  "model": "visiontspp",
  "dataset": "current_velocity_5T",
  "method": "BM",
  "ratio": 0.1,
  "term": "long",
  "imputation_method": "mean",
  "n_windows": 20,
  "period": 288,
  "summary": {
    "mean": {
      "trend_strength": 0.21274645195271424,
      "trend_linearity": -4.1868753643542395e-05,
      "seasonal_strength": 0.8390681847351071,
      "seasonal_correlation": 0.5380234892808721,
      "residual_autocorr_lag1": 0.8395536516292802,
      "spectral_entropy": -901.0383611393006
    },
    "std": {
      "trend_strength": 0.2115023561516326,
      "trend_linearity": 5.7857321730448284e-05,
      "seasonal_strength": 0.18816736878621454,
      "seasonal_correlation": 0.15786371396491483,
      "residual_autocorr_lag1": 0.17298812299071872,
      "spectral_entropy": 709.2567018975336
    },
    "min": {
      "trend_strength": 0.0,
      "trend_linearity": -0.00012302375677838878,
      "seasonal_strength": 0.14460681089774952,
      "seasonal_correlation": 0.162077562153832,
      "residual_autocorr_lag1": 0.41216293366348233,
      "spectral_entropy": -2256.2678069840745
    },
    "max": {
      "trend_strength": 0.7314274584715899,
      "trend_linearity": 0.00011408486534626685,
      "seasonal_strength": 0.9646733585075652,
      "seasonal_correlation": 0.705929148347133,
      "residual_autocorr_lag1": 0.9986151497069733,
      "spectral_entropy": -82.7147158752368
    }
  }
}