window_idx,n_series,trend_strength,trend_linearity,seasonal_strength,seasonal_correlation,residual_autocorr_lag1,spectral_entropy
0,1,0.9485847428929347,-0.00581173617154138,0.06632537754509216,0.17073324583732574,0.904374847544967,1496.0052236312322
1,1,0.970946869108281,-0.0020304682098413744,0.0,0.22227478339128087,0.9876957747485592,-172.03226275863713
2,1,0.9622582812155706,-0.000558027881980556,0.0,0.09212015546625234,0.9860787953904522,-1346.405183328231
3,1,0.9333414221600551,-0.0038655875674634458,0.4146586241342317,0.1669057117833431,0.6589366413221195,-44.920991031469896
4,1,0.9488017649278192,-0.007333500668304789,0.004731978393978209,0.294547248621227,0.9485590007917646,720.6530595777812
