{
  "model": "visiontspp",
  "dataset": "current_velocity_H",
  "method": "BM",
  "ratio": 0.2,
  "term": "long",
  "imputation_method": "backward",
  "n_windows": 5,
  "period": 24,
  "summary": {
    "mean": {
      "trend_strength": 0.9621568523890689,
      "trend_linearity": -0.0002619408836848925,
      "seasonal_strength": 0.024980633813554264,
      "seasonal_correlation": 0.1858146515558364,
      "residual_autocorr_lag1": 0.9309443989335758,
      "spectral_entropy": 512.9196590337998
    },
    "std": {
      "trend_strength": 0.022186848028338695,
      "trend_linearity": 0.003768866272572843,
      "seasonal_strength": 0.04996126762710853,
      "seasonal_correlation": 0.07137280212907703,
      "residual_autocorr_lag1": 0.04601933322616117,
      "spectral_entropy": 312.0025510132949
    },
    "min": {
      "trend_strength": 0.9186687075463208,
      "trend_linearity": -0.004013552337793885,
      "seasonal_strength": 0.0,
      "seasonal_correlation": 0.12163034043616128,
      "residual_autocorr_lag1": 0.8673036874117179,
      "spectral_entropy": -67.03112211054435
    },
    "max": {
      "trend_strength": 0.9771563283719586,
      "trend_linearity": 0.006931683505856196,
      "seasonal_strength": 0.12490316906777132,
      "seasonal_correlation": 0.3250823812234512,
      "residual_autocorr_lag1": 0.9775152830882343,
      "spectral_entropy": 861.2728573270442
    }
  }
}