{
  "model": "visiontspp",
  "dataset": "current_velocity_15T",
  "method": "BM",
  "ratio": 0.2,
  "term": "long",
  "imputation_method": "forward",
  "n_windows": 15,
  "period": 96,
  "summary": {
    "mean": {
      "trend_strength": 0.8362624812597347,
      "trend_linearity": -0.00024196135689978401,
      "seasonal_strength": 0.030637953928411822,
      "seasonal_correlation": 0.4312128898496927,
      "residual_autocorr_lag1": 0.9578019596444401,
      "spectral_entropy": -2400.8783809938636
    },
    "std": {
      "trend_strength": 0.12135406871306008,
      "trend_linearity": 0.0004235560615036835,
      "seasonal_strength": 0.053116453377687445,
      "seasonal_correlation": 0.1905278874126195,
      "residual_autocorr_lag1": 0.013588622556081734,
      "spectral_entropy": 1009.7763818417354
    },
    "min": {
      "trend_strength": 0.6207766075423147,
      "trend_linearity": -0.0016962740656365168,
      "seasonal_strength": 0.0,
      "seasonal_correlation": 0.03573140937739242,
      "residual_autocorr_lag1": 0.933382176425465,
      "spectral_entropy": -4654.610149124325
    },
    "max": {
      "trend_strength": 0.9839203636113671,
      "trend_linearity": 5.647852166261206e-05,
      "seasonal_strength": 0.18724074764020737,
      "seasonal_correlation": 0.8223173002967928,
      "residual_autocorr_lag1": 0.9930910469158887,
      "spectral_entropy": -196.97607743139804
    }
  }
}