window_idx,n_series,trend_strength,trend_linearity,seasonal_strength,seasonal_correlation,residual_autocorr_lag1,spectral_entropy
0,1,0.9174398079575442,-0.005312595545398414,0.0,0.22841816534612103,0.9765559633317623,1508.5400822457061
1,1,0.9595813307964198,-0.0025907396076636263,0.0036946809080832255,0.15055800324501561,0.9754204243926698,677.0963466083857
2,1,0.9842277986146216,-0.002869634378549298,0.012870940357966987,0.12536026159624358,0.9431608646195251,516.8344027225742
3,1,0.9392613652513185,0.001395382022587501,0.0,0.10480730224133368,0.9233392776243049,12.781371348992764
4,1,0.9634728385568465,-0.006343766971690687,0.0,0.1734139404897213,0.9219736444085556,636.9754770796563
