{
  "model": "visiontspp",
  "dataset": "electricity",
  "method": "BM",
  "ratio": 0.2,
  "term": "long",
  "imputation_method": "forward",
  "n_windows": 20,
  "period": 24,
  "summary": {
    "mean": {
      "trend_strength": 0.9535031439157038,
      "trend_linearity": -0.12235931556655273,
      "seasonal_strength": 0.06858904081903842,
      "seasonal_correlation": 0.09566656475497629,
      "residual_autocorr_lag1": 0.912468114825813,
      "spectral_entropy": 3672.1672502766755
    },
    "std": {
      "trend_strength": 0.034791357207709414,
      "trend_linearity": 0.21529071574507413,
      "seasonal_strength": 0.107285282834786,
      "seasonal_correlation": 0.05731451953997953,
      "residual_autocorr_lag1": 0.053436635668792754,
      "spectral_entropy": 569.9143369397453
    },
    "min": {
      "trend_strength": 0.8614079267716983,
      "trend_linearity": -0.7776296505165207,
      "seasonal_strength": 0.0,
      "seasonal_correlation": 0.01532836903908827,
      "residual_autocorr_lag1": 0.8031617483538793,
      "spectral_entropy": 2603.7809349482404
    },
    "max": {
      "trend_strength": 0.9973301632689444,
      "trend_linearity": 0.18563741197593595,
      "seasonal_strength": 0.3300607639650409,
      "seasonal_correlation": 0.2320376055126075,
      "residual_autocorr_lag1": 0.9773228036616496,
      "spectral_entropy": 4661.346674654026
    }
  }
}