{
  "model": "visiontspp",
  "dataset": "electricity",
  "method": "BM",
  "ratio": 0.2,
  "term": "long",
  "imputation_method": "mean",
  "n_windows": 20,
  "period": 24,
  "summary": {
    "mean": {
      "trend_strength": 0.9291167597168106,
      "trend_linearity": -0.08478367132405289,
      "seasonal_strength": 0.04076220256711785,
      "seasonal_correlation": 0.0957095506196054,
      "residual_autocorr_lag1": 0.9159669995239306,
      "spectral_entropy": 3683.2881794447057
    },
    "std": {
      "trend_strength": 0.11643434472057426,
      "trend_linearity": 0.15655713996452802,
      "seasonal_strength": 0.06762145181128339,
      "seasonal_correlation": 0.05202754880287579,
      "residual_autocorr_lag1": 0.08495068993931244,
      "spectral_entropy": 613.8233897145174
    },
    "min": {
      "trend_strength": 0.4290809361681406,
      "trend_linearity": -0.5566312238869091,
      "seasonal_strength": 0.0,
      "seasonal_correlation": 0.020190435615795702,
      "residual_autocorr_lag1": 0.6753367610780459,
      "spectral_entropy": 2682.076533237149
    },
    "max": {
      "trend_strength": 0.994765063408122,
      "trend_linearity": 0.10667559365612574,
      "seasonal_strength": 0.2576726269528381,
      "seasonal_correlation": 0.24646637525429704,
      "residual_autocorr_lag1": 0.9856333607837644,
      "spectral_entropy": 4701.503741771752
    }
  }
}