{
  "model": "visiontspp",
  "dataset": "ETTh2",
  "method": "BM",
  "ratio": 0.1,
  "term": "long",
  "imputation_method": "linear",
  "n_windows": 15,
  "period": 24,
  "summary": {
    "mean": {
      "trend_strength": 0.8596948111582596,
      "trend_linearity": -0.006076421351597067,
      "seasonal_strength": 0.0719517423394047,
      "seasonal_correlation": 0.11336276471297067,
      "residual_autocorr_lag1": 0.9412980891959886,
      "spectral_entropy": 1132.4725328530683
    },
    "std": {
      "trend_strength": 0.21691994211486074,
      "trend_linearity": 0.0053901519530230885,
      "seasonal_strength": 0.1474513196705838,
      "seasonal_correlation": 0.050424121547354005,
      "residual_autocorr_lag1": 0.037403219561474,
      "spectral_entropy": 481.7960454754343
    },
    "min": {
      "trend_strength": 0.25238174986505424,
      "trend_linearity": -0.01623994778425042,
      "seasonal_strength": 0.0,
      "seasonal_correlation": 0.050973583817880405,
      "residual_autocorr_lag1": 0.8202729658536155,
      "spectral_entropy": -80.40179477796607
    },
    "max": {
      "trend_strength": 0.9967338861697221,
      "trend_linearity": 0.0020104019336301157,
      "seasonal_strength": 0.47886512112903457,
      "seasonal_correlation": 0.23499955005892953,
      "residual_autocorr_lag1": 0.9858071961318082,
      "spectral_entropy": 1752.1042599080617
    }
  }
}