{
  "model": "visiontspp",
  "dataset": "ETTh2",
  "method": "BM",
  "ratio": 0.3,
  "term": "long",
  "imputation_method": "linear",
  "n_windows": 15,
  "period": 24,
  "summary": {
    "mean": {
      "trend_strength": 0.8087545522811508,
      "trend_linearity": -0.005696204319011622,
      "seasonal_strength": 0.04116602932829746,
      "seasonal_correlation": 0.10994054759408858,
      "residual_autocorr_lag1": 0.9175500374010197,
      "spectral_entropy": 926.6120150585758
    },
    "std": {
      "trend_strength": 0.24479647705330243,
      "trend_linearity": 0.003293706687944837,
      "seasonal_strength": 0.0655336318836616,
      "seasonal_correlation": 0.05133926878516704,
      "residual_autocorr_lag1": 0.0736388145183488,
      "spectral_entropy": 796.2191972435268
    },
    "min": {
      "trend_strength": 0.3432613876621343,
      "trend_linearity": -0.012410705641280925,
      "seasonal_strength": 0.0,
      "seasonal_correlation": 0.017070527256162243,
      "residual_autocorr_lag1": 0.7147234388373707,
      "spectral_entropy": -791.7091333511999
    },
    "max": {
      "trend_strength": 0.9965527208600962,
      "trend_linearity": -0.0012904807454246947,
      "seasonal_strength": 0.21978727114059393,
      "seasonal_correlation": 0.18904455489297722,
      "residual_autocorr_lag1": 0.98543016354872,
      "spectral_entropy": 2011.8494493882454
    }
  }
}