{
  "model": "visiontspp",
  "dataset": "ETTm1",
  "method": "clean",
  "ratio": null,
  "term": "long",
  "imputation_method": null,
  "n_windows": 20,
  "period": 96,
  "summary": {
    "mean": {
      "trend_strength": 0.9528012303501692,
      "trend_linearity": -0.001129397083896125,
      "seasonal_strength": 0.049934775816253954,
      "seasonal_correlation": 0.49889639888771187,
      "residual_autocorr_lag1": 0.9648068558549587,
      "spectral_entropy": 22.462112573625944
    },
    "std": {
      "trend_strength": 0.04410495088055637,
      "trend_linearity": 0.0031613177226810694,
      "seasonal_strength": 0.0705524079922004,
      "seasonal_correlation": 0.24819636086643465,
      "residual_autocorr_lag1": 0.025301827147208078,
      "spectral_entropy": 544.7029367988177
    },
    "min": {
      "trend_strength": 0.8159613343355159,
      "trend_linearity": -0.006298734666781576,
      "seasonal_strength": 0.0,
      "seasonal_correlation": 0.11201854874682911,
      "residual_autocorr_lag1": 0.9068874128815746,
      "spectral_entropy": -959.9973760274409
    },
    "max": {
      "trend_strength": 0.9934785849616061,
      "trend_linearity": 0.00600016995822514,
      "seasonal_strength": 0.24996141895274138,
      "seasonal_correlation": 0.8815307350614537,
      "residual_autocorr_lag1": 0.9986274905748084,
      "spectral_entropy": 810.1110538900815
    }
  }
}