{
  "model": "visiontspp",
  "dataset": "EWELD_Load_15T",
  "method": "BM",
  "ratio": 0.1,
  "term": "long",
  "imputation_method": "forward",
  "n_windows": 18,
  "period": 96,
  "summary": {
    "mean": {
      "trend_strength": 0.591756348437056,
      "trend_linearity": 0.0018717415952647731,
      "seasonal_strength": 0.290782913884022,
      "seasonal_correlation": 0.5796134939533376,
      "residual_autocorr_lag1": 0.9958066999112479,
      "spectral_entropy": 3042.407651637086
    },
    "std": {
      "trend_strength": 0.11834194825514655,
      "trend_linearity": 0.09233103131280186,
      "seasonal_strength": 0.09944770001575634,
      "seasonal_correlation": 0.16297495133459503,
      "residual_autocorr_lag1": 0.0035450999081400114,
      "spectral_entropy": 474.17616882700366
    },
    "min": {
      "trend_strength": 0.2425648447454004,
      "trend_linearity": -0.25009403638287764,
      "seasonal_strength": 0.004599392652717138,
      "seasonal_correlation": 0.2525557436493967,
      "residual_autocorr_lag1": 0.9831000133853095,
      "spectral_entropy": 2080.731998613738
    },
    "max": {
      "trend_strength": 0.6922343777968637,
      "trend_linearity": 0.12037419467505106,
      "seasonal_strength": 0.411772594108905,
      "seasonal_correlation": 0.8308969058934452,
      "residual_autocorr_lag1": 0.9988615527038404,
      "spectral_entropy": 3665.3942731200004
    }
  }
}