{
  "model": "visiontspp",
  "dataset": "EWELD_Load_15T",
  "method": "BM",
  "ratio": 0.3,
  "term": "long",
  "imputation_method": "mean",
  "n_windows": 18,
  "period": 96,
  "summary": {
    "mean": {
      "trend_strength": 0.6187112000106436,
      "trend_linearity": -0.011966549117726346,
      "seasonal_strength": 0.2956607497251593,
      "seasonal_correlation": 0.6055804990172677,
      "residual_autocorr_lag1": 0.9962119750172374,
      "spectral_entropy": 2798.5933223162638
    },
    "std": {
      "trend_strength": 0.08382452683087771,
      "trend_linearity": 0.06631972238021187,
      "seasonal_strength": 0.09082710033025652,
      "seasonal_correlation": 0.19105187641025742,
      "residual_autocorr_lag1": 0.0017009550147608994,
      "spectral_entropy": 579.8534864484087
    },
    "min": {
      "trend_strength": 0.3148802156436442,
      "trend_linearity": -0.13368875534649993,
      "seasonal_strength": 0.02095140078323876,
      "seasonal_correlation": 0.3239209201615748,
      "residual_autocorr_lag1": 0.99247296613468,
      "spectral_entropy": 1674.2701175218408
    },
    "max": {
      "trend_strength": 0.7265345504225782,
      "trend_linearity": 0.1276656174458539,
      "seasonal_strength": 0.39906686870825137,
      "seasonal_correlation": 0.8926635538717794,
      "residual_autocorr_lag1": 0.9987409748727006,
      "spectral_entropy": 3623.8873462082133
    }
  }
}