{
  "model": "visiontspp",
  "dataset": "exchange_rate",
  "method": "BM",
  "ratio": 0.1,
  "term": "long",
  "imputation_method": "linear",
  "n_windows": 11,
  "period": 7,
  "summary": {
    "mean": {
      "trend_strength": 0.9757202840195902,
      "trend_linearity": -2.048354407881336e-05,
      "seasonal_strength": 0.9182371536157009,
      "seasonal_correlation": 0.8337595595054949,
      "residual_autocorr_lag1": 0.3994592183222075,
      "spectral_entropy": -1441.129537553304
    },
    "std": {
      "trend_strength": 0.04804627324261852,
      "trend_linearity": 7.982138831485201e-05,
      "seasonal_strength": 0.14733775066604238,
      "seasonal_correlation": 0.13958183457872597,
      "residual_autocorr_lag1": 0.16380956616417583,
      "spectral_entropy": 162.49935891670634
    },
    "min": {
      "trend_strength": 0.8266367301939328,
      "trend_linearity": -0.00017461627152027796,
      "seasonal_strength": 0.4791280057204176,
      "seasonal_correlation": 0.44799936334862517,
      "residual_autocorr_lag1": 0.12094016236577487,
      "spectral_entropy": -1692.6796921455625
    },
    "max": {
      "trend_strength": 0.9994896533505041,
      "trend_linearity": 0.00013569859150946366,
      "seasonal_strength": 0.9997529232134857,
      "seasonal_correlation": 0.9953411081282632,
      "residual_autocorr_lag1": 0.6847839655849771,
      "spectral_entropy": -1186.2690213809924
    }
  }
}