{
  "model": "visiontspp",
  "dataset": "exchange_rate",
  "method": "BM",
  "ratio": 0.2,
  "term": "long",
  "imputation_method": "forward",
  "n_windows": 11,
  "period": 7,
  "summary": {
    "mean": {
      "trend_strength": 0.9766039053780463,
      "trend_linearity": 1.6573325103568644e-05,
      "seasonal_strength": 0.9336598815955678,
      "seasonal_correlation": 0.8837627865670202,
      "residual_autocorr_lag1": 0.37996326512506956,
      "spectral_entropy": -1336.585355885145
    },
    "std": {
      "trend_strength": 0.035768751474471595,
      "trend_linearity": 9.222822755752279e-05,
      "seasonal_strength": 0.09246826846865264,
      "seasonal_correlation": 0.08177675033764728,
      "residual_autocorr_lag1": 0.21375235185563898,
      "spectral_entropy": 121.40947940985882
    },
    "min": {
      "trend_strength": 0.8889380300731817,
      "trend_linearity": -0.00020291064872303907,
      "seasonal_strength": 0.7074457645397283,
      "seasonal_correlation": 0.7014032553779327,
      "residual_autocorr_lag1": -0.03943088378197207,
      "spectral_entropy": -1563.7055256821072
    },
    "max": {
      "trend_strength": 0.9998739985639981,
      "trend_linearity": 0.00017148295995850254,
      "seasonal_strength": 0.9996293657502753,
      "seasonal_correlation": 0.9906084736890169,
      "residual_autocorr_lag1": 0.7064042470291294,
      "spectral_entropy": -1140.0531756185317
    }
  }
}