{
  "model": "visiontspp",
  "dataset": "Finland_Traffic_15T",
  "method": "BM",
  "ratio": 0.3,
  "term": "long",
  "imputation_method": "forward",
  "n_windows": 20,
  "period": 96,
  "summary": {
    "mean": {
      "trend_strength": 0.611554236570645,
      "trend_linearity": -0.017586806380595944,
      "seasonal_strength": 0.2715520905309291,
      "seasonal_correlation": 0.6566916832714377,
      "residual_autocorr_lag1": 0.9952767710436788,
      "spectral_entropy": 2655.9200555128587
    },
    "std": {
      "trend_strength": 0.1526465888424888,
      "trend_linearity": 0.0391347983874186,
      "seasonal_strength": 0.10874531774418576,
      "seasonal_correlation": 0.23431419169416134,
      "residual_autocorr_lag1": 0.004575089064624638,
      "spectral_entropy": 538.3225345179656
    },
    "min": {
      "trend_strength": 0.2231542967993676,
      "trend_linearity": -0.10042385037255691,
      "seasonal_strength": 0.0,
      "seasonal_correlation": 0.11416603025646928,
      "residual_autocorr_lag1": 0.9767410428977259,
      "spectral_entropy": 1659.331241608977
    },
    "max": {
      "trend_strength": 0.7491916125364488,
      "trend_linearity": 0.040583023034637934,
      "seasonal_strength": 0.41322885351559435,
      "seasonal_correlation": 0.9305897318025967,
      "residual_autocorr_lag1": 0.9986757909378562,
      "spectral_entropy": 3795.899509183193
    }
  }
}