{
  "model": "visiontspp",
  "dataset": "Finland_Traffic_15T",
  "method": "BM",
  "ratio": 0.2,
  "term": "long",
  "imputation_method": "mean",
  "n_windows": 20,
  "period": 96,
  "summary": {
    "mean": {
      "trend_strength": 0.5818714688716977,
      "trend_linearity": -0.014553241443527598,
      "seasonal_strength": 0.28692367085325343,
      "seasonal_correlation": 0.5936124416314112,
      "residual_autocorr_lag1": 0.9958784032651498,
      "spectral_entropy": 2817.3689255221598
    },
    "std": {
      "trend_strength": 0.16674084162783995,
      "trend_linearity": 0.0704344814641148,
      "seasonal_strength": 0.10927916909751458,
      "seasonal_correlation": 0.20946740576340056,
      "residual_autocorr_lag1": 0.0016894768087195606,
      "spectral_entropy": 540.8955496535615
    },
    "min": {
      "trend_strength": 0.11889417225423282,
      "trend_linearity": -0.12007477915468819,
      "seasonal_strength": 0.02324627899042042,
      "seasonal_correlation": 0.2694922649540898,
      "residual_autocorr_lag1": 0.9907023412225908,
      "spectral_entropy": 1462.8923613297316
    },
    "max": {
      "trend_strength": 0.7643769971401406,
      "trend_linearity": 0.09499879454712895,
      "seasonal_strength": 0.39012884155030625,
      "seasonal_correlation": 0.8727950832855614,
      "residual_autocorr_lag1": 0.9981280122569524,
      "spectral_entropy": 3452.7237211873717
    }
  }
}