{
  "model": "visiontspp",
  "dataset": "NE_China_Wind_H",
  "method": "BM",
  "ratio": 0.1,
  "term": "long",
  "imputation_method": "forward",
  "n_windows": 8,
  "period": 24,
  "summary": {
    "mean": {
      "trend_strength": 0.9414294452210525,
      "trend_linearity": -0.00043779967025320624,
      "seasonal_strength": 0.014503115198824135,
      "seasonal_correlation": 0.08481710060494614,
      "residual_autocorr_lag1": 0.9247547515319781,
      "spectral_entropy": -511.56547026203896
    },
    "std": {
      "trend_strength": 0.055029101078727126,
      "trend_linearity": 0.0009737860727511751,
      "seasonal_strength": 0.037150744236281695,
      "seasonal_correlation": 0.035550128958908,
      "residual_autocorr_lag1": 0.05392607673626717,
      "spectral_entropy": 755.9750967873993
    },
    "min": {
      "trend_strength": 0.8426012306910017,
      "trend_linearity": -0.0025841269034903207,
      "seasonal_strength": 0.0,
      "seasonal_correlation": 0.030566316188505926,
      "residual_autocorr_lag1": 0.7988559799055366,
      "spectral_entropy": -2431.4490454139514
    },
    "max": {
      "trend_strength": 0.9970414632045269,
      "trend_linearity": 0.0005202910294930751,
      "seasonal_strength": 0.11277120433394949,
      "seasonal_correlation": 0.15439237955997873,
      "residual_autocorr_lag1": 0.9860960797120797,
      "spectral_entropy": 72.08689776583472
    }
  }
}