window_idx,n_series,trend_strength,trend_linearity,seasonal_strength,seasonal_correlation,residual_autocorr_lag1,spectral_entropy
0,1,0.989128614116179,0.0004300673428383415,0.0,0.06657921030525946,0.9660244551005566,-761.7416375990255
1,1,0.9593252823638508,-0.0004069876050202268,0.0,0.11145125419559698,0.8677237628293758,29.148227507374315
2,1,0.9985417179041581,-0.00013258972680309323,0.0,0.14557940112801496,0.836021016486502,-191.19998375954333
3,1,0.6276231049470168,-9.958365605513936e-05,0.03320394112322311,0.0575186638439774,0.9229602639021091,-390.3677826453368
4,1,0.9951122186161355,0.00030444897728400987,0.1815871184327773,0.18620855835161243,0.7068987818043142,-123.83535224443494
5,1,0.991486024608605,-0.001010245071197107,0.00020460614739148397,0.06277124227660427,0.9533076293889599,-72.39111050814103
6,1,0.9986146272621751,-0.0009759928251785319,0.0013778286690939723,0.1853215833668691,0.9854770933269477,374.2222615114203
7,1,0.993165603603328,-0.00023096381101131398,0.2985184423123972,0.12387719872640796,0.9852734087498403,-855.4974962151427
