{
  "model": "visiontspp",
  "dataset": "NE_China_Wind_H",
  "method": "BM",
  "ratio": 0.1,
  "term": "long",
  "imputation_method": "mean",
  "n_windows": 8,
  "period": 24,
  "summary": {
    "mean": {
      "trend_strength": 0.9591920277004148,
      "trend_linearity": -0.0006701442350241589,
      "seasonal_strength": 0.0014242566939947215,
      "seasonal_correlation": 0.11055230276901856,
      "residual_autocorr_lag1": 0.9631393902784724,
      "spectral_entropy": -386.39313504179233
    },
    "std": {
      "trend_strength": 0.05303354004590183,
      "trend_linearity": 0.0009437831220648782,
      "seasonal_strength": 0.0013547762680407572,
      "seasonal_correlation": 0.050033917594633236,
      "residual_autocorr_lag1": 0.015361278273500817,
      "spectral_entropy": 447.7075429072487
    },
    "min": {
      "trend_strength": 0.8338367043685422,
      "trend_linearity": -0.002294367695814546,
      "seasonal_strength": 0.0,
      "seasonal_correlation": 0.053483163210514176,
      "residual_autocorr_lag1": 0.9383554063955719,
      "spectral_entropy": -1409.3297000045043
    },
    "max": {
      "trend_strength": 0.9955044739678958,
      "trend_linearity": 0.00017882677883103963,
      "seasonal_strength": 0.0034836377465281565,
      "seasonal_correlation": 0.21388793393066075,
      "residual_autocorr_lag1": 0.9837801526149806,
      "spectral_entropy": 208.6542659958938
    }
  }
}