window_idx,n_series,trend_strength,trend_linearity,seasonal_strength,seasonal_correlation,residual_autocorr_lag1,spectral_entropy
0,1,0.9912674773669179,-0.0006269916697207253,0.0,0.1888870019429287,0.9566912293431078,-80.99914704413067
1,1,0.9856943063141281,-0.00046881494264430643,0.039730777499826675,0.007954240890154568,0.8547432254215929,229.90240045204558
2,1,0.9970489709643016,-0.00016667346380207842,0.12701730800927147,0.024162406384318016,0.9131298958766206,-207.7955737798165
3,1,0.9910718093808552,-2.68147531178769e-05,0.00016917129034632605,0.09653579623731826,0.9835974625404855,-669.6544635853705
4,1,0.9942764256494928,-0.00013290821507108976,7.111581274377166e-05,0.07716288309384382,0.9828339921054009,-2985.042770297528
5,1,0.9891724114851056,-0.0015749328424046855,0.0,0.0814945276533297,0.9380399110434116,10.57474529977685
6,1,0.9842868284065501,-0.0020566580877193967,0.0003741094188178806,0.10679997626950022,0.9611579999503085,-612.0996893151769
7,1,0.9802740827987841,-2.2042251928881944e-05,0.002197665207733235,0.18753324905066127,0.9732004733472763,-675.2448423233119
