window_idx,n_series,trend_strength,trend_linearity,seasonal_strength,seasonal_correlation,residual_autocorr_lag1,spectral_entropy
0,1,0.9917243593924895,-0.0006450739268925353,0.0,0.20370370472713523,0.9613724161649804,117.03314743518578
1,1,0.98514874783927,-0.0005219431311576689,0.0067460204474766305,0.13304761334773496,0.9469392649877393,90.396168306623
2,1,0.9991850453107093,-0.00012098711325076498,0.1852298398272978,0.027816144215944576,0.948595871549137,-335.57881061715545
3,1,0.9912538125427224,0.00012030391146876875,0.0,0.22918095641495004,0.9719911924783148,-752.1084818587756
4,1,0.8959901978737687,0.0001776317901172695,0.0018977921914301588,0.17582828038641007,0.9529838291009792,-1704.632477288505
5,1,0.9990822996116823,-0.0017051429715359814,0.0937093207040327,0.12192917717225986,0.8066883549423454,72.60258844179938
6,1,0.9987125352698828,-0.001790595744447092,0.0015415979677020353,0.1673450672901133,0.96063000134713,-419.17299767172614
7,1,0.8665565561339368,2.307492292148628e-06,0.0010333925701295765,0.09921043902390933,0.9611193288746213,-541.5236390582265
