window_idx,n_series,trend_strength,trend_linearity,seasonal_strength,seasonal_correlation,residual_autocorr_lag1,spectral_entropy
0,1,0.9273246336659027,0.0005864699121183414,0.0,0.08328774236360748,0.9388778566662498,-662.2622332065765
1,1,0.8361396339214173,-0.0006053062246341829,0.0,0.054779424287764125,0.9489420100004915,48.8155525996919
2,1,0.9884063705601775,-0.0002073924978558371,0.0,0.1269085060126754,0.8941812600284157,-317.6095950600742
3,1,0.8982571811315507,0.00017177355558226938,0.0,0.2852261995216212,0.9539686139223236,-523.8185393108856
4,1,0.938931332325802,-6.452727779488473e-05,0.00017377579497379614,0.12144521976042437,0.9484703061058776,-830.6594485867332
5,1,0.9519484032457556,-0.00153729165901989,0.0,0.06566244189907539,0.9506207238522052,-73.98528788121357
6,1,0.9781438826702054,-0.0008345317195295009,0.0,0.1265008823598733,0.9194538935094368,-1167.6333247476375
7,1,0.9163908647374133,-1.0441571041096228e-05,0.0,0.04531807031859157,0.9188385577690518,-729.1476315776711
