{
  "model": "visiontspp",
  "dataset": "OpenElectricity_NEM_5T",
  "method": "BM",
  "ratio": 0.2,
  "term": "long",
  "imputation_method": "backward",
  "n_windows": 20,
  "period": 288,
  "summary": {
    "mean": {
      "trend_strength": 0.330148618758042,
      "trend_linearity": -0.12135833265559655,
      "seasonal_strength": 0.8971092095561388,
      "seasonal_correlation": 0.6711518903818762,
      "residual_autocorr_lag1": 0.8855767315741854,
      "spectral_entropy": 3801.2878523642457
    },
    "std": {
      "trend_strength": 0.28078442834495104,
      "trend_linearity": 0.18167351380358374,
      "seasonal_strength": 0.1341153631715456,
      "seasonal_correlation": 0.37911030483812513,
      "residual_autocorr_lag1": 0.1629713807373942,
      "spectral_entropy": 757.444736046474
    },
    "min": {
      "trend_strength": 0.0,
      "trend_linearity": -0.6051805651923544,
      "seasonal_strength": 0.524398712585906,
      "seasonal_correlation": -0.3097604901560652,
      "residual_autocorr_lag1": 0.3680841768229165,
      "spectral_entropy": 2160.82406315349
    },
    "max": {
      "trend_strength": 0.8440966556421843,
      "trend_linearity": 0.2827390341614684,
      "seasonal_strength": 0.9952319584343023,
      "seasonal_correlation": 0.976089546148849,
      "residual_autocorr_lag1": 0.9985426998490561,
      "spectral_entropy": 5254.6127660692
    }
  }
}