{
  "model": "visiontspp",
  "dataset": "OpenElectricity_NEM_5T",
  "method": "BM",
  "ratio": 0.3,
  "term": "long",
  "imputation_method": "backward",
  "n_windows": 20,
  "period": 288,
  "summary": {
    "mean": {
      "trend_strength": 0.26696153198077666,
      "trend_linearity": -0.02995547340958559,
      "seasonal_strength": 0.9376381378462646,
      "seasonal_correlation": 0.7352914156017287,
      "residual_autocorr_lag1": 0.8716565023439934,
      "spectral_entropy": 3786.013534156458
    },
    "std": {
      "trend_strength": 0.2649510287728131,
      "trend_linearity": 0.202061737498692,
      "seasonal_strength": 0.06328976835948466,
      "seasonal_correlation": 0.40496595216838605,
      "residual_autocorr_lag1": 0.16406710549970865,
      "spectral_entropy": 699.6840584673657
    },
    "min": {
      "trend_strength": 0.0,
      "trend_linearity": -0.30427917434482693,
      "seasonal_strength": 0.7802767663644502,
      "seasonal_correlation": -0.42580256625883744,
      "residual_autocorr_lag1": 0.47581987868153175,
      "spectral_entropy": 2782.2575739337285
    },
    "max": {
      "trend_strength": 0.808660218531832,
      "trend_linearity": 0.6277935345598867,
      "seasonal_strength": 0.9970363845796137,
      "seasonal_correlation": 0.9828620836906973,
      "residual_autocorr_lag1": 0.9992929495917129,
      "spectral_entropy": 5160.241996031047
    }
  }
}