window_idx,n_series,trend_strength,trend_linearity,seasonal_strength,seasonal_correlation,residual_autocorr_lag1,spectral_entropy
0,1,0.995847197286103,-5.067895930336505,0.9979274908731538,0.9329949737370283,0.004420694675559858,3894.2699055976036
1,1,0.9416807360801763,-0.5888414909930161,0.9968492052320116,0.9781515289621876,0.16115170865167083,3617.3511561570367
2,1,0.8965590497548516,-0.7102589763696995,0.9871450416428703,0.9741249809393804,-0.03361984732166661,3261.832210115879
