{
  "model": "visiontspp",
  "dataset": "Port_Activity_D",
  "method": "BM",
  "ratio": 0.2,
  "term": "long",
  "imputation_method": "forward",
  "n_windows": 3,
  "period": 7,
  "summary": {
    "mean": {
      "trend_strength": 0.9612903965095834,
      "trend_linearity": -1.9362384254766065,
      "seasonal_strength": 0.9939888077081411,
      "seasonal_correlation": 0.9738657596860523,
      "residual_autocorr_lag1": 0.30929172622287976,
      "spectral_entropy": 3607.8615449777717
    },
    "std": {
      "trend_strength": 0.013625712299181098,
      "trend_linearity": 1.881721531366331,
      "seasonal_strength": 0.003244620686932867,
      "seasonal_correlation": 0.0070478653196309115,
      "residual_autocorr_lag1": 0.1537520581832114,
      "spectral_entropy": 212.71265791424958
    },
    "min": {
      "trend_strength": 0.9444393325306042,
      "trend_linearity": -4.407904758230839,
      "seasonal_strength": 0.9901754889938995,
      "seasonal_correlation": 0.9677319474186057,
      "residual_autocorr_lag1": 0.11116425849681494,
      "spectral_entropy": 3360.6507396955185
    },
    "max": {
      "trend_strength": 0.9778104504474245,
      "trend_linearity": 0.15368082383267279,
      "seasonal_strength": 0.9981057374991275,
      "seasonal_correlation": 0.983736405133291,
      "residual_autocorr_lag1": 0.4859355670251481,
      "spectral_entropy": 3879.909278404937
    }
  }
}