window_idx,n_series,trend_strength,trend_linearity,seasonal_strength,seasonal_correlation,residual_autocorr_lag1,spectral_entropy
0,1,0.8141359478200216,-0.9286066244712496,0.9917215452441038,0.9921481115396441,-0.24537144592198756,3642.395321967303
1,1,0.6050421790874614,-0.68844382459183,0.9938081239319158,0.9939135081936984,-0.11123320632589571,3735.4667935228035
2,1,0.8991909672131718,-0.9813502861789777,0.9906936535783938,0.8264905320036023,-0.07882894122983035,3238.9877914274375
