window_idx,n_series,trend_strength,trend_linearity,seasonal_strength,seasonal_correlation,residual_autocorr_lag1,spectral_entropy
0,1,0.9792052337087457,-2.3783427350567825,0.9964464796732516,0.9770983776430582,-0.15694574641684,3707.0049361297315
1,1,0.9466154672738253,-0.9129530979004401,0.9988106372531752,0.9947134584437287,0.18173620382329456,3642.076981102419
2,1,0.9028150674164217,-0.6897201821797407,0.9910589151408747,0.9704321947583889,-0.11018993857297477,3211.117685842591
