{
  "model": "visiontspp",
  "dataset": "Port_Activity_D",
  "method": "BM",
  "ratio": 0.1,
  "term": "long",
  "imputation_method": "mean",
  "n_windows": 3,
  "period": 7,
  "summary": {
    "mean": {
      "trend_strength": 0.8875944934357864,
      "trend_linearity": -1.1086059367627814,
      "seasonal_strength": 0.9926321974511038,
      "seasonal_correlation": 0.9803503693552752,
      "residual_autocorr_lag1": 0.04142614391382047,
      "spectral_entropy": 3539.138608516029
    },
    "std": {
      "trend_strength": 0.05361131150240696,
      "trend_linearity": 0.57149831933246,
      "seasonal_strength": 0.0038447058799836857,
      "seasonal_correlation": 0.014206706082708636,
      "residual_autocorr_lag1": 0.22724224973595197,
      "spectral_entropy": 229.139296132574
    },
    "min": {
      "trend_strength": 0.8171629887331291,
      "trend_linearity": -1.52552557677116,
      "seasonal_strength": 0.9871971378141081,
      "seasonal_correlation": 0.960423950553321,
      "residual_autocorr_lag1": -0.174462573647231,
      "spectral_entropy": 3224.683372008214
    },
    "max": {
      "trend_strength": 0.947116858889352,
      "trend_linearity": -0.3005220646799563,
      "seasonal_strength": 0.995482918906343,
      "seasonal_correlation": 0.9925382409502836,
      "residual_autocorr_lag1": 0.3555321051327454,
      "spectral_entropy": 3764.15747784858
    }
  }
}