{
  "model": "visiontspp",
  "dataset": "Port_Activity_D",
  "method": "BM",
  "ratio": 0.3,
  "term": "long",
  "imputation_method": "mean",
  "n_windows": 3,
  "period": 7,
  "summary": {
    "mean": {
      "trend_strength": 0.7407182385852883,
      "trend_linearity": -0.46146627735650075,
      "seasonal_strength": 0.9908183660198325,
      "seasonal_correlation": 0.9853990107493565,
      "residual_autocorr_lag1": -0.04755368144601501,
      "spectral_entropy": 3496.3849788459006
    },
    "std": {
      "trend_strength": 0.16309407781082905,
      "trend_linearity": 0.36832111302670417,
      "seasonal_strength": 0.008816037874859597,
      "seasonal_correlation": 0.011904573442445646,
      "residual_autocorr_lag1": 0.13424481633613697,
      "spectral_entropy": 261.92931314076276
    },
    "min": {
      "trend_strength": 0.5143973230363488,
      "trend_linearity": -0.777461762953804,
      "seasonal_strength": 0.9785640878400387,
      "seasonal_correlation": 0.9689198799162765,
      "residual_autocorr_lag1": -0.20645279098352246,
      "spectral_entropy": 3127.802355868911
    },
    "max": {
      "trend_strength": 0.8923968701776388,
      "trend_linearity": 0.05514100695413948,
      "seasonal_strength": 0.9989350491367897,
      "seasonal_correlation": 0.9966230339909541,
      "residual_autocorr_lag1": 0.12187259703962634,
      "spectral_entropy": 3712.622888794003
    }
  }
}