{
  "model": "visiontspp",
  "dataset": "Port_Activity_D",
  "method": "BM",
  "ratio": 0.3,
  "term": "long",
  "imputation_method": "backward",
  "n_windows": 3,
  "period": 7,
  "summary": {
    "mean": {
      "trend_strength": 0.9446956610403769,
      "trend_linearity": -2.122332132566407,
      "seasonal_strength": 0.9939739125826786,
      "seasonal_correlation": 0.9617571612128654,
      "residual_autocorr_lag1": 0.043984185335188025,
      "spectral_entropy": 3591.1510906235067
    },
    "std": {
      "trend_strength": 0.04059024011946403,
      "trend_linearity": 2.083417883589232,
      "seasonal_strength": 0.004848765046579154,
      "seasonal_correlation": 0.02040426170421911,
      "residual_autocorr_lag1": 0.08429291033433989,
      "spectral_entropy": 258.8554194166177
    },
    "min": {
      "trend_strength": 0.8965590497548516,
      "trend_linearity": -5.067895930336505,
      "seasonal_strength": 0.9871450416428703,
      "seasonal_correlation": 0.9329949737370283,
      "residual_autocorr_lag1": -0.03361984732166661,
      "spectral_entropy": 3261.832210115879
    },
    "max": {
      "trend_strength": 0.995847197286103,
      "trend_linearity": -0.5888414909930161,
      "seasonal_strength": 0.9979274908731538,
      "seasonal_correlation": 0.9781515289621876,
      "residual_autocorr_lag1": 0.16115170865167083,
      "spectral_entropy": 3894.2699055976036
    }
  }
}