window_idx,n_series,trend_strength,trend_linearity,seasonal_strength,seasonal_correlation,residual_autocorr_lag1,spectral_entropy
0,1,0.9444393325306042,-1.5544913420316533,0.9901754889938995,0.9677319474186057,0.11116425849681494,3583.0246168328595
1,1,0.9778104504474245,-4.407904758230839,0.9936851966313964,0.983736405133291,0.4859355670251481,3879.909278404937
2,1,0.9616214065507211,0.15368082383267279,0.9981057374991275,0.97012892650626,0.3307753531466763,3360.6507396955185
