window_idx,n_series,trend_strength,trend_linearity,seasonal_strength,seasonal_correlation,residual_autocorr_lag1,spectral_entropy
0,1,0.947116858889352,-1.4997701688372278,0.9952165356328599,0.9925382409502836,-0.174462573647231,3628.5749756912937
1,1,0.9631059660646815,-1.5261894891740275,0.9988307502270459,0.991081517635556,0.44631841614491286,3777.049094542645
2,1,0.8854874987901596,-0.4635629092855079,0.9894355724430093,0.9664883247047326,0.2865822532806164,3254.494708110358
