{
  "model": "visiontspp",
  "dataset": "Port_Activity_D",
  "method": "BM",
  "ratio": 0.3,
  "term": "long",
  "imputation_method": "linear",
  "n_windows": 3,
  "period": 7,
  "summary": {
    "mean": {
      "trend_strength": 0.9428785894663309,
      "trend_linearity": -1.3270053383789877,
      "seasonal_strength": 0.9954386773557672,
      "seasonal_correlation": 0.9807480102817253,
      "residual_autocorr_lag1": -0.028466493722173403,
      "spectral_entropy": 3520.0665343582473
    },
    "std": {
      "trend_strength": 0.0312978973559283,
      "trend_linearity": 0.7489730635589076,
      "seasonal_strength": 0.003243870944815492,
      "seasonal_correlation": 0.010243202797861232,
      "residual_autocorr_lag1": 0.1498563911067898,
      "spectral_entropy": 220.06204138131824
    },
    "min": {
      "trend_strength": 0.9028150674164217,
      "trend_linearity": -2.3783427350567825,
      "seasonal_strength": 0.9910589151408747,
      "seasonal_correlation": 0.9704321947583889,
      "residual_autocorr_lag1": -0.15694574641684,
      "spectral_entropy": 3211.117685842591
    },
    "max": {
      "trend_strength": 0.9792052337087457,
      "trend_linearity": -0.6897201821797407,
      "seasonal_strength": 0.9988106372531752,
      "seasonal_correlation": 0.9947134584437287,
      "residual_autocorr_lag1": 0.18173620382329456,
      "spectral_entropy": 3707.0049361297315
    }
  }
}