window_idx,n_series,trend_strength,trend_linearity,seasonal_strength,seasonal_correlation,residual_autocorr_lag1,spectral_entropy
0,1,0.947116858889352,-1.4997701688372278,0.9952165356328599,0.9925382409502836,-0.174462573647231,3628.5749756912937
1,1,0.9632869289439354,-2.276895788060392,0.9957562138710496,0.9843249983731072,0.41042983098030766,3841.8405855363953
2,1,0.9016105718938203,-0.400247503675284,0.991302535285751,0.9495972997189994,0.26857246911977306,3217.1637930244033
