window_idx,n_series,trend_strength,trend_linearity,seasonal_strength,seasonal_correlation,residual_autocorr_lag1,spectral_entropy
0,1,0.9790602347285046,-23.346068290902625,0.9994219684481958,0.9953095462650297,0.24014168693670546,4936.264019303726
1,1,0.9464660623615802,-2.9036404065633006,0.9991506102473979,0.9983860597819131,0.2075587048621203,5100.740459681101
2,1,0.7783666945864822,0.25641741761388837,0.9997482404327169,0.9995586343806673,0.30792300182240556,5107.397992038594
