window_idx,n_series,trend_strength,trend_linearity,seasonal_strength,seasonal_correlation,residual_autocorr_lag1,spectral_entropy
0,1,0.9882208385601081,-63.783857148985746,0.9993174815086984,0.9987353146139517,0.3473487495213996,5301.399149608248
1,1,0.9734611221343397,12.757165989732432,0.9988262433804692,0.9968431100986256,0.3685333740435035,5566.035666194007
2,1,0.980039924422155,-5.137245700135027,0.9993710474002488,0.9966776594716944,0.3602109092833381,5533.84936514711
