window_idx,n_series,trend_strength,trend_linearity,seasonal_strength,seasonal_correlation,residual_autocorr_lag1,spectral_entropy
0,1,0.987802145282408,-140.83253010766703,0.9980046658021458,0.9953138995589539,0.29787865268586333,5343.615070716618
1,1,0.9785157689438673,-27.517165115067577,0.9994806214215788,0.9984518753947208,0.43248973545067654,5503.429720560933
2,1,0.9538822737454321,-21.83294852835334,0.9996318603122549,0.9963460994703278,0.11981328049785146,5331.100575038103
