window_idx,n_series,trend_strength,trend_linearity,seasonal_strength,seasonal_correlation,residual_autocorr_lag1,spectral_entropy
0,1,0.9833948069560414,-58.43764889576693,0.9995613561028167,0.9985778814058199,0.30551118015304257,5310.166516843952
1,1,0.9901266352769996,-14.431393119204035,0.9996719761114722,0.9984391281746847,0.4650146480615318,5495.2369412919725
2,1,0.9028208478414697,-2.359007304560414,0.9991028591485444,0.998976047244817,0.3833245365129714,5276.355602538996
