window_idx,n_series,trend_strength,trend_linearity,seasonal_strength,seasonal_correlation,residual_autocorr_lag1,spectral_entropy
0,1,0.9828084628437261,-27.38856532476099,0.9991238767990338,0.9909437668724367,0.1966096526782524,4940.852165757277
1,1,0.9813733274664744,0.9419211275742521,0.9996188531653832,0.9973031987025562,0.18345874431435216,5207.658365472362
2,1,0.9844786530820859,1.0102143298220916,0.999735874509777,0.9982123191054524,0.2527683943308532,5199.848723625512
