window_idx,n_series,trend_strength,trend_linearity,seasonal_strength,seasonal_correlation,residual_autocorr_lag1,spectral_entropy
0,1,0.9789122288898575,-23.655142205387914,0.9994146374991304,0.9957166532957384,0.23859572906780757,4933.309292675915
1,1,0.9567000355754856,-28.717625139050988,0.9979770778048335,0.9945563417582062,0.6126988867659903,5220.961473037507
2,1,0.9837055521644122,2.7244811899434636,0.9994805664955185,0.9981513328975766,0.20254606459226435,5128.538918195622
