{
  "model": "visiontspp",
  "dataset": "Supply_Chain_Customer_D",
  "method": "BM",
  "ratio": 0.3,
  "term": "long",
  "imputation_method": "mean",
  "n_windows": 3,
  "period": 7,
  "summary": {
    "mean": {
      "trend_strength": 0.8639671205534589,
      "trend_linearity": 3.6545905049860843,
      "seasonal_strength": 0.9995114244167187,
      "seasonal_correlation": 0.9991714180795307,
      "residual_autocorr_lag1": 0.2524260291497989,
      "spectral_entropy": 5342.0210994363615
    },
    "std": {
      "trend_strength": 0.092925770272296,
      "trend_linearity": 7.74394235660081,
      "seasonal_strength": 0.0003167171965028588,
      "seasonal_correlation": 0.00015567520576781625,
      "residual_autocorr_lag1": 0.10037067249335968,
      "spectral_entropy": 78.59609945752464
    },
    "min": {
      "trend_strength": 0.7452313606168746,
      "trend_linearity": -3.4936320739760904,
      "seasonal_strength": 0.9990657337656047,
      "seasonal_correlation": 0.9989707079858862,
      "residual_autocorr_lag1": 0.1698154677666301,
      "spectral_entropy": 5264.24341829852
    },
    "max": {
      "trend_strength": 0.9721116614905039,
      "trend_linearity": 14.414114121170885,
      "seasonal_strength": 0.9997727996848289,
      "seasonal_correlation": 0.9993501232907955,
      "residual_autocorr_lag1": 0.39369644979588037,
      "spectral_entropy": 5449.677625094435
    }
  }
}