window_idx,n_series,trend_strength,trend_linearity,seasonal_strength,seasonal_correlation,residual_autocorr_lag1,spectral_entropy
0,1,0.9911367236318005,-42.27520797900356,0.9997365304831565,0.9994644100504365,0.238391096763868,5271.656349915295
1,1,0.9740548766744275,16.239020701412823,0.9990245135794131,0.9979345616456727,0.6198266906405255,5547.451160239645
2,1,0.9830265976641818,-3.5130448908434415,0.9996821964067676,0.9973653706256292,0.23744762954835288,5506.597954824381
