{
  "model": "visiontspp",
  "dataset": "traffic",
  "method": "BM",
  "ratio": 0.2,
  "term": "long",
  "imputation_method": "linear",
  "n_windows": 15,
  "period": 24,
  "summary": {
    "mean": {
      "trend_strength": 0.9446808688905527,
      "trend_linearity": -3.301113080663439e-06,
      "seasonal_strength": 0.008370498188299639,
      "seasonal_correlation": 0.14009219963648653,
      "residual_autocorr_lag1": 0.9209495314510021,
      "spectral_entropy": -3544.394888589949
    },
    "std": {
      "trend_strength": 0.028288720042186844,
      "trend_linearity": 3.465245603245474e-06,
      "seasonal_strength": 0.022227965674517354,
      "seasonal_correlation": 0.06144861318259687,
      "residual_autocorr_lag1": 0.060822767458232965,
      "spectral_entropy": 523.7718923918296
    },
    "min": {
      "trend_strength": 0.8758926131300693,
      "trend_linearity": -9.711461295459278e-06,
      "seasonal_strength": 0.0,
      "seasonal_correlation": 0.06608688106334333,
      "residual_autocorr_lag1": 0.7516066224688331,
      "spectral_entropy": -4886.354425049924
    },
    "max": {
      "trend_strength": 0.9762928884744547,
      "trend_linearity": 5.253140039568257e-06,
      "seasonal_strength": 0.08668748247806213,
      "seasonal_correlation": 0.2538034858033736,
      "residual_autocorr_lag1": 0.9845242641139001,
      "spectral_entropy": -2904.8578559146063
    }
  }
}