{
  "model": "visiontspp",
  "dataset": "Water_Quality_Darwin_15T",
  "method": "BM",
  "ratio": 0.1,
  "term": "long",
  "imputation_method": "backward",
  "n_windows": 16,
  "period": 96,
  "summary": {
    "mean": {
      "trend_strength": 0.5748273608992902,
      "trend_linearity": -0.003467158832859009,
      "seasonal_strength": 0.07523613662643298,
      "seasonal_correlation": 0.4427595941322235,
      "residual_autocorr_lag1": 0.9673006651388721,
      "spectral_entropy": 847.7242407136891
    },
    "std": {
      "trend_strength": 0.2502922201871033,
      "trend_linearity": 0.0043215042235122455,
      "seasonal_strength": 0.11099363363519943,
      "seasonal_correlation": 0.19146342655730914,
      "residual_autocorr_lag1": 0.018245805058329376,
      "spectral_entropy": 364.9519963921692
    },
    "min": {
      "trend_strength": 0.2471224444676403,
      "trend_linearity": -0.01744149134577532,
      "seasonal_strength": 0.0,
      "seasonal_correlation": 0.20632554852188825,
      "residual_autocorr_lag1": 0.9298662706723602,
      "spectral_entropy": 68.0913869825556
    },
    "max": {
      "trend_strength": 0.9940652577413913,
      "trend_linearity": 0.000529412669389104,
      "seasonal_strength": 0.3314308273978661,
      "seasonal_correlation": 0.8973425230719021,
      "residual_autocorr_lag1": 0.9955156055450752,
      "spectral_entropy": 1539.8618000573774
    }
  }
}