{
  "model": "visiontspp",
  "dataset": "Water_Quality_Darwin_15T",
  "method": "BM",
  "ratio": 0.3,
  "term": "long",
  "imputation_method": "forward",
  "n_windows": 16,
  "period": 96,
  "summary": {
    "mean": {
      "trend_strength": 0.6958756086770136,
      "trend_linearity": -0.0023746599363356725,
      "seasonal_strength": 0.07108438490493393,
      "seasonal_correlation": 0.40868082096433367,
      "residual_autocorr_lag1": 0.967699835133299,
      "spectral_entropy": 780.8508751536805
    },
    "std": {
      "trend_strength": 0.29885577838083094,
      "trend_linearity": 0.004195671900185066,
      "seasonal_strength": 0.08870834469445808,
      "seasonal_correlation": 0.21111797973198826,
      "residual_autocorr_lag1": 0.019112060773863196,
      "spectral_entropy": 420.70268164228753
    },
    "min": {
      "trend_strength": 0.0,
      "trend_linearity": -0.012195043877780726,
      "seasonal_strength": 0.0,
      "seasonal_correlation": 0.0680248679251887,
      "residual_autocorr_lag1": 0.9301574967154471,
      "spectral_entropy": -422.57260226150845
    },
    "max": {
      "trend_strength": 0.9973593080538972,
      "trend_linearity": 0.0036405879922968604,
      "seasonal_strength": 0.32036504207892924,
      "seasonal_correlation": 0.8076717289105114,
      "residual_autocorr_lag1": 0.9982793071263223,
      "spectral_entropy": 1397.1528178388573
    }
  }
}