{
  "model": "visiontspp",
  "dataset": "Water_Quality_Darwin_15T",
  "method": "BM",
  "ratio": 0.3,
  "term": "long",
  "imputation_method": "backward",
  "n_windows": 16,
  "period": 96,
  "summary": {
    "mean": {
      "trend_strength": 0.7118422030860297,
      "trend_linearity": -0.003399661698771425,
      "seasonal_strength": 0.05688835080549764,
      "seasonal_correlation": 0.41907224790075925,
      "residual_autocorr_lag1": 0.9640939492200064,
      "spectral_entropy": 827.2138911828588
    },
    "std": {
      "trend_strength": 0.2869960011310391,
      "trend_linearity": 0.0037625851632923047,
      "seasonal_strength": 0.10053270584685912,
      "seasonal_correlation": 0.27995931945735053,
      "residual_autocorr_lag1": 0.019574285834060817,
      "spectral_entropy": 439.3956164280278
    },
    "min": {
      "trend_strength": 0.05968386856005581,
      "trend_linearity": -0.01488239119963411,
      "seasonal_strength": 0.0,
      "seasonal_correlation": -0.06331856942559326,
      "residual_autocorr_lag1": 0.9396654762676032,
      "spectral_entropy": -616.5055881157318
    },
    "max": {
      "trend_strength": 0.9970295475022268,
      "trend_linearity": 0.0005367009887572457,
      "seasonal_strength": 0.41564388260583585,
      "seasonal_correlation": 0.75202869895194,
      "residual_autocorr_lag1": 0.9971364240982423,
      "spectral_entropy": 1483.6092944659545
    }
  }
}