{
  "model": "visiontspp",
  "dataset": "weather",
  "method": "BM",
  "ratio": 0.2,
  "term": "long",
  "imputation_method": "mean",
  "n_windows": 20,
  "period": 144,
  "summary": {
    "mean": {
      "trend_strength": 0.6529710900836176,
      "trend_linearity": -0.010109072146258129,
      "seasonal_strength": 0.28474403637886647,
      "seasonal_correlation": 0.37694160907549984,
      "residual_autocorr_lag1": 0.9775265002870069,
      "spectral_entropy": 1114.4390221454921
    },
    "std": {
      "trend_strength": 0.2931272170435353,
      "trend_linearity": 0.014444125815664127,
      "seasonal_strength": 0.24199930431722774,
      "seasonal_correlation": 0.20336459100581245,
      "residual_autocorr_lag1": 0.031471025081947004,
      "spectral_entropy": 840.1357593666307
    },
    "min": {
      "trend_strength": 0.03150741837676552,
      "trend_linearity": -0.056736899133941095,
      "seasonal_strength": 0.0,
      "seasonal_correlation": 0.019248693780166005,
      "residual_autocorr_lag1": 0.8698398993968549,
      "spectral_entropy": -1298.175966083913
    },
    "max": {
      "trend_strength": 0.9510367413919941,
      "trend_linearity": 0.004342395216160119,
      "seasonal_strength": 0.7927490706347506,
      "seasonal_correlation": 0.7443477452734074,
      "residual_autocorr_lag1": 0.9987975285762338,
      "spectral_entropy": 2543.4786127533307
    }
  }
}