{
  "model": "visiontspp",
  "dataset": "weather",
  "method": "BM",
  "ratio": 0.3,
  "term": "long",
  "imputation_method": "mean",
  "n_windows": 20,
  "period": 144,
  "summary": {
    "mean": {
      "trend_strength": 0.5923764297400467,
      "trend_linearity": -0.008297741783658944,
      "seasonal_strength": 0.3313834532044891,
      "seasonal_correlation": 0.42562004799985226,
      "residual_autocorr_lag1": 0.9853729354836356,
      "spectral_entropy": 849.5394904964294
    },
    "std": {
      "trend_strength": 0.24254275217496823,
      "trend_linearity": 0.016121128978674747,
      "seasonal_strength": 0.2951664037448427,
      "seasonal_correlation": 0.2729662703260851,
      "residual_autocorr_lag1": 0.018614456218213157,
      "spectral_entropy": 1064.9859072251243
    },
    "min": {
      "trend_strength": 0.14158246386903706,
      "trend_linearity": -0.06294413948152566,
      "seasonal_strength": 0.0,
      "seasonal_correlation": -0.10681352574812535,
      "residual_autocorr_lag1": 0.9231513907513028,
      "spectral_entropy": -1414.0513067046684
    },
    "max": {
      "trend_strength": 0.966309075078893,
      "trend_linearity": 0.01128308266594054,
      "seasonal_strength": 0.8264991055649281,
      "seasonal_correlation": 0.8818989848318713,
      "residual_autocorr_lag1": 0.9993393011491533,
      "spectral_entropy": 2537.3973603564173
    }
  }
}