{
  "model": "visiontspp",
  "dataset": "weather",
  "method": "BM",
  "ratio": 0.2,
  "term": "long",
  "imputation_method": "linear",
  "n_windows": 20,
  "period": 144,
  "summary": {
    "mean": {
      "trend_strength": 0.7002269940437524,
      "trend_linearity": -0.01397441552076765,
      "seasonal_strength": 0.25675445602665803,
      "seasonal_correlation": 0.39074741619201053,
      "residual_autocorr_lag1": 0.981045970253924,
      "spectral_entropy": 1369.4975052198993
    },
    "std": {
      "trend_strength": 0.2722029774987522,
      "trend_linearity": 0.02104583985659744,
      "seasonal_strength": 0.24639647081429425,
      "seasonal_correlation": 0.23511915968679184,
      "residual_autocorr_lag1": 0.03155365732265351,
      "spectral_entropy": 740.3413046617803
    },
    "min": {
      "trend_strength": 0.11319515811507108,
      "trend_linearity": -0.07438221202361757,
      "seasonal_strength": 0.0,
      "seasonal_correlation": -0.002215537344704721,
      "residual_autocorr_lag1": 0.8564696133801978,
      "spectral_entropy": 236.75861512538438
    },
    "max": {
      "trend_strength": 0.9908913363029505,
      "trend_linearity": 0.008190086963485298,
      "seasonal_strength": 0.7566235378202674,
      "seasonal_correlation": 0.9449327191624743,
      "residual_autocorr_lag1": 0.9990239135941495,
      "spectral_entropy": 2584.900017531011
    }
  }
}