metric,value
eval_data,datasets\Impute\MCAR_030\backward\ETTh2_MCAR_030_long.csv
clean_data,datasets\ori\ETTh2.csv
freq,H
term,long
prediction_length,720
windows,3
MSE[mean],55.22011357060185
MSE[0.5],55.67107204861111
MAE[0.5],5.831276674623843
MASE[0.5],1.912297710235245
MAPE[0.5],0.1835469987657335
sMAPE[0.5],0.20850550309065619
MSIS,19.76153833505748
RMSE[mean],7.431023722920137
NRMSE[mean],0.23182053623095553
ND[0.5],0.18191432782711503
mean_weighted_sum_quantile_loss,0.1511538489147107
