metric,value
eval_data,datasets\Impute\MCAR_030\backward\weather_MCAR_030_long.csv
clean_data,datasets\ori\weather.csv
freq,10T
term,long
prediction_length,720
windows,8
MSE[mean],188.57743055555557
MSE[0.5],182.61549479166666
MAE[0.5],10.488707817925347
MASE[0.5],0.3470858460349375
MAPE[0.5],0.02376366456349691
sMAPE[0.5],0.023675084187566572
MSIS,3.768896366965504
RMSE[mean],13.73234978274132
NRMSE[mean],0.03119725629877977
ND[0.5],0.023828325903122394
mean_weighted_sum_quantile_loss,0.019710803228109572
