metric,value
eval_data,datasets\Impute\MCAR_025\backward\ETTh1_MCAR_025_long.csv
clean_data,datasets\ori\ETTh1.csv
freq,H
term,long
prediction_length,720
windows,3
MSE[mean],6.953084309895833
MSE[0.5],6.649582248263889
MAE[0.5],1.9218883373119213
MASE[0.5],0.8742486002877632
MAPE[0.5],0.2713135332076566
sMAPE[0.5],0.229824362652637
MSIS,8.369267345905737
RMSE[mean],2.636870173121125
NRMSE[mean],0.28519551218975664
ND[0.5],0.20786534518019878
mean_weighted_sum_quantile_loss,0.16990728600081853
