metric,value
eval_data,datasets\Impute\MCAR_025\backward\ETTm2_MCAR_025_medium.csv
clean_data,datasets\ori\ETTm2.csv
freq,T
term,medium
prediction_length,480
windows,15
MSE[mean],29.932730034722223
MSE[0.5],30.149114583333333
MAE[0.5],4.21924560546875
MASE[0.5],0.7052616242552052
MAPE[0.5],0.13379979451497395
sMAPE[0.5],0.13114896127863165
MSIS,8.60449542237455
RMSE[mean],5.471081249142825
NRMSE[mean],0.16527464018292393
ND[0.5],0.12745822398387607
mean_weighted_sum_quantile_loss,0.10582654663093385
