{
  "success": true,
  "dir_info": {
    "dataset": "electricity",
    "method": "BM",
    "block_length": 50,
    "ratio": 0.1,
    "term": "short"
  },
  "imputation_method": "backward",
  "n_windows": 20,
  "period": 24,
  "summary": {
    "mean": {
      "trend_strength": 0.9130743203604472,
      "trend_linearity": 0.39189208551032906,
      "seasonal_strength": 0.9907419366260054,
      "seasonal_correlation": 0.8167732265716291,
      "residual_autocorr_lag1": 0.1333343925595444,
      "spectral_entropy": 243.03478505534923
    },
    "std": {
      "trend_strength": 0.1446342877823989,
      "trend_linearity": 6.7006455393412665,
      "seasonal_strength": 0.018245656649665168,
      "seasonal_correlation": 0.37750647961895384,
      "residual_autocorr_lag1": 0.19872949399088843,
      "spectral_entropy": 18.03355977737052
    },
    "min": {
      "trend_strength": 0.43976904238966374,
      "trend_linearity": -9.382176984127009,
      "seasonal_strength": 0.926060016981258,
      "seasonal_correlation": -0.17153808541633736,
      "residual_autocorr_lag1": -0.10678904428904427,
      "spectral_entropy": 204.52192156927853
    },
    "max": {
      "trend_strength": 1.0,
      "trend_linearity": 16.095385937500005,
      "seasonal_strength": 1.0,
      "seasonal_correlation": 0.9987762252836029,
      "residual_autocorr_lag1": 0.6546237475984455,
      "spectral_entropy": 284.1077234172654
    }
  },
  "window_results": [
    {
      "success": true,
      "window_idx": 0,
      "dataset": "electricity",
      "metrics": {
        "trend_strength": 0.9978415387634375,
        "trend_linearity": -7.8430595993141585,
        "seasonal_strength": 0.9978888351095879,
        "seasonal_correlation": 0.9386575926204882,
        "residual_autocorr_lag1": -0.02171985815604188,
        "spectral_entropy": 255.20926380156376
      },
      "n_series": 1
    },
    {
      "success": true,
      "window_idx": 1,
      "dataset": "electricity",
      "metrics": {
        "trend_strength": 0.844664282793926,
        "trend_linearity": 6.016424841891728,
        "seasonal_strength": 0.9787785166804752,
        "seasonal_correlation": 0.9813607264970344,
        "residual_autocorr_lag1": 0.6546237475984455,
        "spectral_entropy": 284.1077234172654
      },
      "n_series": 1
    },
    {
      "success": true,
      "window_idx": 10,
      "dataset": "electricity",
      "metrics": {
        "trend_strength": 1.0,
        "trend_linearity": -9.011332118055593,
        "seasonal_strength": 1.0,
        "seasonal_correlation": 0.949375131943768,
        "residual_autocorr_lag1": 0.15372168284789645,
        "spectral_entropy": 253.64705946386965
      },
      "n_series": 1
    },
    {
      "success": true,
      "window_idx": 11,
      "dataset": "electricity",
      "metrics": {
        "trend_strength": 1.0,
        "trend_linearity": 12.395608506944459,
        "seasonal_strength": 1.0,
        "seasonal_correlation": 0.06233117173268116,
        "residual_autocorr_lag1": 0.2932988895743368,
        "spectral_entropy": 246.90798664628593
      },
      "n_series": 1
    },
    {
      "success": true,
      "window_idx": 12,
      "dataset": "electricity",
      "metrics": {
        "trend_strength": 0.9589323903387705,
        "trend_linearity": -0.798193384388208,
        "seasonal_strength": 0.9999319314752209,
        "seasonal_correlation": 0.9987762252836029,
        "residual_autocorr_lag1": -0.02171985815583216,
        "spectral_entropy": 229.75968801577378
      },
      "n_series": 1
    },
    {
      "success": true,
      "window_idx": 13,
      "dataset": "electricity",
      "metrics": {
        "trend_strength": 1.0,
        "trend_linearity": -2.430973437500043,
        "seasonal_strength": 1.0,
        "seasonal_correlation": 0.9972242347304472,
        "residual_autocorr_lag1": -0.07568813329154916,
        "spectral_entropy": 244.9112407150828
      },
      "n_series": 1
    },
    {
      "success": true,
      "window_idx": 14,
      "dataset": "electricity",
      "metrics": {
        "trend_strength": 0.8838328438060207,
        "trend_linearity": -8.81905284132312,
        "seasonal_strength": 0.926060016981258,
        "seasonal_correlation": 0.9036929161367976,
        "residual_autocorr_lag1": 0.2787200093914989,
        "spectral_entropy": 253.06662054141486
      },
      "n_series": 1
    },
    {
      "success": true,
      "window_idx": 15,
      "dataset": "electricity",
      "metrics": {
        "trend_strength": 1.0,
        "trend_linearity": 4.840941666666673,
        "seasonal_strength": 1.0,
        "seasonal_correlation": 0.989160522639125,
        "residual_autocorr_lag1": -0.10678904428904427,
        "spectral_entropy": 262.0850137937727
      },
      "n_series": 1
    },
    {
      "success": true,
      "window_idx": 16,
      "dataset": "electricity",
      "metrics": {
        "trend_strength": 0.8169126841255605,
        "trend_linearity": 2.3401277844686734,
        "seasonal_strength": 0.9968011117228222,
        "seasonal_correlation": 0.9932423617593695,
        "residual_autocorr_lag1": -0.01827565930411732,
        "spectral_entropy": 256.7819256333358
      },
      "n_series": 1
    },
    {
      "success": true,
      "window_idx": 17,
      "dataset": "electricity",
      "metrics": {
        "trend_strength": 0.8197929677039734,
        "trend_linearity": -3.4493652065247047,
        "seasonal_strength": 0.9749861112288559,
        "seasonal_correlation": 0.9785615095258368,
        "residual_autocorr_lag1": -0.009791399782572891,
        "spectral_entropy": 213.73637712724974
      },
      "n_series": 1
    },
    {
      "success": true,
      "window_idx": 18,
      "dataset": "electricity",
      "metrics": {
        "trend_strength": 1.0,
        "trend_linearity": 3.098594444444447,
        "seasonal_strength": 1.0,
        "seasonal_correlation": -0.11555370661136603,
        "residual_autocorr_lag1": -0.0037366912366911887,
        "spectral_entropy": 204.52192156927853
      },
      "n_series": 1
    },
    {
      "success": true,
      "window_idx": 19,
      "dataset": "electricity",
      "metrics": {
        "trend_strength": 1.0,
        "trend_linearity": 6.815729513888867,
        "seasonal_strength": 1.0,
        "seasonal_correlation": 0.9804069409170245,
        "residual_autocorr_lag1": 0.2181122448979592,
        "spectral_entropy": 247.05808503260073
      },
      "n_series": 1
    },
    {
      "success": true,
      "window_idx": 2,
      "dataset": "electricity",
      "metrics": {
        "trend_strength": 1.0,
        "trend_linearity": 1.5328118055555475,
        "seasonal_strength": 1.0,
        "seasonal_correlation": 0.9950875483023054,
        "residual_autocorr_lag1": 0.05133572567783094,
        "spectral_entropy": 251.26310556975594
      },
      "n_series": 1
    },
    {
      "success": true,
      "window_idx": 3,
      "dataset": "electricity",
      "metrics": {
        "trend_strength": 0.8621286208820835,
        "trend_linearity": -9.382176984127009,
        "seasonal_strength": 0.9610795281858607,
        "seasonal_correlation": 0.9206325932019208,
        "residual_autocorr_lag1": -0.0030828236678605314,
        "spectral_entropy": 240.56614170454458
      },
      "n_series": 1
    },
    {
      "success": true,
      "window_idx": 4,
      "dataset": "electricity",
      "metrics": {
        "trend_strength": 1.0,
        "trend_linearity": 16.095385937500005,
        "seasonal_strength": 1.0,
        "seasonal_correlation": -0.17153808541633736,
        "residual_autocorr_lag1": 0.42034081581107546,
        "spectral_entropy": 248.96501105443414
      },
      "n_series": 1
    },
    {
      "success": true,
      "window_idx": 5,
      "dataset": "electricity",
      "metrics": {
        "trend_strength": 1.0,
        "trend_linearity": 2.3627767361110967,
        "seasonal_strength": 1.0,