{
  "success": true,
  "dir_info": {
    "dataset": "electricity",
    "method": "BM",
    "block_length": 50,
    "ratio": 0.3,
    "term": "long"
  },
  "imputation_method": "backward",
  "n_windows": 20,
  "period": 24,
  "summary": {
    "mean": {
      "trend_strength": 0.7055839256619854,
      "trend_linearity": -0.00972012357784411,
      "seasonal_strength": 0.48570039041884516,
      "seasonal_correlation": 0.8182766266791855,
      "residual_autocorr_lag1": 0.903757527085622,
      "spectral_entropy": 4604.329766325356
    },
    "std": {
      "trend_strength": 0.2268005920724244,
      "trend_linearity": 0.42168641835870035,
      "seasonal_strength": 0.2648929461679128,
      "seasonal_correlation": 0.23700497973257278,
      "residual_autocorr_lag1": 0.05731070216810249,
      "spectral_entropy": 339.4759060811795
    },
    "min": {
      "trend_strength": 0.31425649531372124,
      "trend_linearity": -1.118513364089852,
      "seasonal_strength": 0.0,
      "seasonal_correlation": 0.17932096290789226,
      "residual_autocorr_lag1": 0.7422871187394324,
      "spectral_entropy": 3598.1889505602603
    },
    "max": {
      "trend_strength": 0.998413827130373,
      "trend_linearity": 0.9332839491277647,
      "seasonal_strength": 0.9610681884196675,
      "seasonal_correlation": 0.99552736780167,
      "residual_autocorr_lag1": 0.9824838591330852,
      "spectral_entropy": 5195.564550562205
    }
  },
  "window_results": [
    {
      "success": true,
      "window_idx": 0,
      "dataset": "electricity",
      "metrics": {
        "trend_strength": 0.6788791743585666,
        "trend_linearity": 0.3881366201088518,
        "seasonal_strength": 0.6629189826977065,
        "seasonal_correlation": 0.9450007335123931,
        "residual_autocorr_lag1": 0.9509336421364634,
        "spectral_entropy": 4860.067756916175
      },
      "n_series": 1
    },
    {
      "success": true,
      "window_idx": 1,
      "dataset": "electricity",
      "metrics": {
        "trend_strength": 0.5971012427288716,
        "trend_linearity": 0.9332839491277647,
        "seasonal_strength": 0.704307825452603,
        "seasonal_correlation": 0.9860159959392301,
        "residual_autocorr_lag1": 0.9824838591330852,
        "spectral_entropy": 5195.564550562205
      },
      "n_series": 1
    },
    {
      "success": true,
      "window_idx": 10,
      "dataset": "electricity",
      "metrics": {
        "trend_strength": 0.729606324971438,
        "trend_linearity": -0.45601643614045406,
        "seasonal_strength": 0.4059714462795051,
        "seasonal_correlation": 0.9467662690054068,
        "residual_autocorr_lag1": 0.9054792951615029,
        "spectral_entropy": 4926.114599533341
      },
      "n_series": 1
    },
    {
      "success": true,
      "window_idx": 11,
      "dataset": "electricity",
      "metrics": {
        "trend_strength": 0.4654342646529198,
        "trend_linearity": 0.11904459298133302,
        "seasonal_strength": 0.5633240041170929,
        "seasonal_correlation": 0.8722786923604229,
        "residual_autocorr_lag1": 0.8371438911501935,
        "spectral_entropy": 4563.717753257447
      },
      "n_series": 1
    },
    {
      "success": true,
      "window_idx": 12,
      "dataset": "electricity",
      "metrics": {
        "trend_strength": 0.31425649531372124,
        "trend_linearity": -0.26602836981915884,
        "seasonal_strength": 0.7524359676069009,
        "seasonal_correlation": 0.9917518098635582,
        "residual_autocorr_lag1": 0.9609112501743724,
        "spectral_entropy": 4589.301395767801
      },
      "n_series": 1
    },
    {
      "success": true,
      "window_idx": 13,
      "dataset": "electricity",
      "metrics": {
        "trend_strength": 0.9844785446340392,
        "trend_linearity": -0.40406742358112685,
        "seasonal_strength": 0.9610681884196675,
        "seasonal_correlation": 0.99552736780167,
        "residual_autocorr_lag1": 0.9452592882747043,
        "spectral_entropy": 4853.7346516554
      },
      "n_series": 1
    },
    {
      "success": true,
      "window_idx": 14,
      "dataset": "electricity",
      "metrics": {
        "trend_strength": 0.989619167621024,
        "trend_linearity": 0.27996631164101454,
        "seasonal_strength": 0.6234431749016558,
        "seasonal_correlation": 0.8598580441650172,
        "residual_autocorr_lag1": 0.8306312725505727,
        "spectral_entropy": 4174.268692801673
      },
      "n_series": 1
    },
    {
      "success": true,
      "window_idx": 15,
      "dataset": "electricity",
      "metrics": {
        "trend_strength": 0.9949717170047784,
        "trend_linearity": -0.3531564346568822,
        "seasonal_strength": 0.31734259660699793,
        "seasonal_correlation": 0.6014478450766972,
        "residual_autocorr_lag1": 0.7422871187394324,
        "spectral_entropy": 3598.1889505602603
      },
      "n_series": 1
    },
    {
      "success": true,
      "window_idx": 16,
      "dataset": "electricity",
      "metrics": {
        "trend_strength": 0.998413827130373,
        "trend_linearity": -1.118513364089852,
        "seasonal_strength": 0.0,
        "seasonal_correlation": 0.17932096290789226,
        "residual_autocorr_lag1": 0.8373115050738403,
        "spectral_entropy": 4899.232152307035
      },
      "n_series": 1
    },
    {
      "success": true,
      "window_idx": 17,
      "dataset": "electricity",
      "metrics": {
        "trend_strength": 0.9705704257157929,
        "trend_linearity": 0.37962837795073007,
        "seasonal_strength": 0.04992876417257164,
        "seasonal_correlation": 0.3570749506032552,
        "residual_autocorr_lag1": 0.9642267656049965,
        "spectral_entropy": 4629.646613058161
      },
      "n_series": 1
    },
    {
      "success": true,
      "window_idx": 18,
      "dataset": "electricity",
      "metrics": {
        "trend_strength": 0.9960617121569887,
        "trend_linearity": 0.46644129145604235,
        "seasonal_strength": 0.07361351805355443,
        "seasonal_correlation": 0.6935658063583977,
        "residual_autocorr_lag1": 0.8576881204306348,
        "spectral_entropy": 4782.223109025081
      },
      "n_series": 1
    },
    {
      "success": true,
      "window_idx": 19,
      "dataset": "electricity",
      "metrics": {
        "trend_strength": 0.997247227781721,
        "trend_linearity": 0.193743306088491,
        "seasonal_strength": 0.0,
        "seasonal_correlation": 0.39720902257188306,
        "residual_autocorr_lag1": 0.9074721457864499,
        "spectral_entropy": 4706.115392172468
      },
      "n_series": 1
    },
    {
      "success": true,
      "window_idx": 2,
      "dataset": "electricity",
      "metrics": {
        "trend_strength": 0.6104314028650353,
        "trend_linearity": -0.36824434840978315,
        "seasonal_strength": 0.6102646268988898,
        "seasonal_correlation": 0.9937191614849877,
        "residual_autocorr_lag1": 0.9636131622328189,
        "spectral_entropy": 4779.616951814231
      },
      "n_series": 1
    },
    {
      "success": true,
      "window_idx": 3,
      "dataset": "electricity",
      "metrics": {
        "trend_strength": 0.4781387676829444,
        "trend_linearity": -0.20127521261181952,
        "seasonal_strength": 0.6144713176316804,
        "seasonal_correlation": 0.9417354678428611,
        "residual_autocorr_lag1": 0.9323070815325324,
        "spectral_entropy": 4743.122163186106
      },
      "n_series": 1
    },
    {
      "success": true,
      "window_idx": 4,
      "dataset": "electricity",
      "metrics": {
        "trend_strength": 0.5421582976427685,
        "trend_linearity": -0.0632633903956129,
        "seasonal_strength": 0.6080638543516168,
        "seasonal_correlation": 0.9265179656279159,
        "residual_autocorr_lag1": 0.9264364137103404,
        "spectral_entropy": 4721.669960598401
      },
      "n_series": 1
    },
    {
      "success": true,