{
  "success": true,
  "dir_info": {
    "dataset": "electricity",
    "method": "BM",
    "block_length": 50,
    "ratio": 0.3,
    "term": "medium"
  },
  "imputation_method": "backward",
  "n_windows": 20,
  "period": 24,
  "summary": {
    "mean": {
      "trend_strength": 0.6344190715116772,
      "trend_linearity": 0.12479204829674398,
      "seasonal_strength": 0.520772083376124,
      "seasonal_correlation": 0.8588369426119163,
      "residual_autocorr_lag1": 0.9013953474103558,
      "spectral_entropy": 2772.0942412669
    },
    "std": {
      "trend_strength": 0.27375118332816933,
      "trend_linearity": 0.41871263517225704,
      "seasonal_strength": 0.23758950724428204,
      "seasonal_correlation": 0.17596865054217573,
      "residual_autocorr_lag1": 0.06771298358967089,
      "spectral_entropy": 231.46961664155748
    },
    "min": {
      "trend_strength": 0.29486777761829674,
      "trend_linearity": -0.7541712834223067,
      "seasonal_strength": 0.07352714078709688,
      "seasonal_correlation": 0.3557925842644298,
      "residual_autocorr_lag1": 0.7353081684857768,
      "spectral_entropy": 2036.3253538897382
    },
    "max": {
      "trend_strength": 0.9985803676007855,
      "trend_linearity": 1.017484226519307,
      "seasonal_strength": 0.8356047800164843,
      "seasonal_correlation": 0.9925454869391019,
      "residual_autocorr_lag1": 0.9704315930642863,
      "spectral_entropy": 3081.9021639060625
    }
  },
  "window_results": [
    {
      "success": true,
      "window_idx": 0,
      "dataset": "electricity",
      "metrics": {
        "trend_strength": 0.39363196825767577,
        "trend_linearity": 0.7209070554693499,
        "seasonal_strength": 0.35308365871639813,
        "seasonal_correlation": 0.9377636155028417,
        "residual_autocorr_lag1": 0.9344512345522966,
        "spectral_entropy": 2847.362691507913
      },
      "n_series": 1
    },
    {
      "success": true,
      "window_idx": 1,
      "dataset": "electricity",
      "metrics": {
        "trend_strength": 0.7058296774426018,
        "trend_linearity": -0.7541712834223067,
        "seasonal_strength": 0.6449286556860152,
        "seasonal_correlation": 0.8507814921528268,
        "residual_autocorr_lag1": 0.9626755171714068,
        "spectral_entropy": 2965.224594619798
      },
      "n_series": 1
    },
    {
      "success": true,
      "window_idx": 10,
      "dataset": "electricity",
      "metrics": {
        "trend_strength": 0.33895578916549707,
        "trend_linearity": -0.10006797052370138,
        "seasonal_strength": 0.7898189802321997,
        "seasonal_correlation": 0.9806614054978854,
        "residual_autocorr_lag1": 0.9173343356059761,
        "spectral_entropy": 2896.9591373530366
      },
      "n_series": 1
    },
    {
      "success": true,
      "window_idx": 11,
      "dataset": "electricity",
      "metrics": {
        "trend_strength": 0.39679235957777326,
        "trend_linearity": 0.407446377583845,
        "seasonal_strength": 0.7427235647403354,
        "seasonal_correlation": 0.9539229020479868,
        "residual_autocorr_lag1": 0.9053306302634161,
        "spectral_entropy": 2883.2443086195926
      },
      "n_series": 1
    },
    {
      "success": true,
      "window_idx": 12,
      "dataset": "electricity",
      "metrics": {
        "trend_strength": 0.5698029620024994,
        "trend_linearity": -0.25902055098765,
        "seasonal_strength": 0.8190807488274275,
        "seasonal_correlation": 0.9469452780708693,
        "residual_autocorr_lag1": 0.9443813074705968,
        "spectral_entropy": 2854.589350896541
      },
      "n_series": 1
    },
    {
      "success": true,
      "window_idx": 13,
      "dataset": "electricity",
      "metrics": {
        "trend_strength": 0.9525108277619094,
        "trend_linearity": 0.19676717105723218,
        "seasonal_strength": 0.7999536154194189,
        "seasonal_correlation": 0.9616575720471027,
        "residual_autocorr_lag1": 0.7546485858990177,
        "spectral_entropy": 2475.7559219114178
      },
      "n_series": 1
    },
    {
      "success": true,
      "window_idx": 14,
      "dataset": "electricity",
      "metrics": {
        "trend_strength": 0.9947284842440429,
        "trend_linearity": 0.10898085144157946,
        "seasonal_strength": 0.4644518244808209,
        "seasonal_correlation": 0.87227177348731,
        "residual_autocorr_lag1": 0.9254034452917361,
        "spectral_entropy": 2847.232630231778
      },
      "n_series": 1
    },
    {
      "success": true,
      "window_idx": 15,
      "dataset": "electricity",
      "metrics": {
        "trend_strength": 0.9927265807180765,
        "trend_linearity": -0.1463991023495023,
        "seasonal_strength": 0.6689181380570685,
        "seasonal_correlation": 0.9134335165402175,
        "residual_autocorr_lag1": 0.7353081684857768,
        "spectral_entropy": 2036.3253538897382
      },
      "n_series": 1
    },
    {
      "success": true,
      "window_idx": 16,
      "dataset": "electricity",
      "metrics": {
        "trend_strength": 0.9909600838400174,
        "trend_linearity": 0.2961147817417414,
        "seasonal_strength": 0.2273083719941582,
        "seasonal_correlation": 0.6813856477710426,
        "residual_autocorr_lag1": 0.8891194665189539,
        "spectral_entropy": 2641.6535655938214
      },
      "n_series": 1
    },
    {
      "success": true,
      "window_idx": 17,
      "dataset": "electricity",
      "metrics": {
        "trend_strength": 0.9916500106806454,
        "trend_linearity": 0.015481792706654094,
        "seasonal_strength": 0.1684382667095108,
        "seasonal_correlation": 0.3557925842644298,
        "residual_autocorr_lag1": 0.7835263072429642,
        "spectral_entropy": 2462.998760485066
      },
      "n_series": 1
    },
    {
      "success": true,
      "window_idx": 18,
      "dataset": "electricity",
      "metrics": {
        "trend_strength": 0.9985803676007855,
        "trend_linearity": 1.017484226519307,
        "seasonal_strength": 0.14862630057474224,
        "seasonal_correlation": 0.5425329414472951,
        "residual_autocorr_lag1": 0.8752809081210329,
        "spectral_entropy": 2886.4551390903353
      },
      "n_series": 1
    },
    {
      "success": true,
      "window_idx": 19,
      "dataset": "electricity",
      "metrics": {
        "trend_strength": 0.9976159108362525,
        "trend_linearity": 0.5462012729840698,
        "seasonal_strength": 0.07352714078709688,
        "seasonal_correlation": 0.5466609787892064,
        "residual_autocorr_lag1": 0.9180446012205934,
        "spectral_entropy": 2945.992822546246
      },
      "n_series": 1
    },
    {
      "success": true,
      "window_idx": 2,
      "dataset": "electricity",
      "metrics": {
        "trend_strength": 0.44826829356580433,
        "trend_linearity": -0.22808164083661334,
        "seasonal_strength": 0.4712009392819365,
        "seasonal_correlation": 0.9437131342895922,
        "residual_autocorr_lag1": 0.9440728435830152,
        "spectral_entropy": 2761.740034371253
      },
      "n_series": 1
    },
    {
      "success": true,
      "window_idx": 3,
      "dataset": "electricity",
      "metrics": {
        "trend_strength": 0.29486777761829674,
        "trend_linearity": 0.4533693116528034,
        "seasonal_strength": 0.35378368984809383,
        "seasonal_correlation": 0.9002835550383274,
        "residual_autocorr_lag1": 0.8770644805705684,
        "spectral_entropy": 2692.3575221712854
      },
      "n_series": 1
    },
    {
      "success": true,
      "window_idx": 4,
      "dataset": "electricity",
      "metrics": {
        "trend_strength": 0.5443193103139021,
        "trend_linearity": 0.3778248499273886,
        "seasonal_strength": 0.5262593384427838,
        "seasonal_correlation": 0.8807107064675544,
        "residual_autocorr_lag1": 0.8685427688260187,
        "spectral_entropy": 2638.14111140638
      },