{
  "success": true,
  "dir_info": {
    "dataset": "ETTh2",
    "method": "BM",
    "block_length": 50,
    "ratio": 0.3,
    "term": "long"
  },
  "imputation_method": "linear",
  "n_windows": 15,
  "period": 24,
  "summary": {
    "mean": {
      "trend_strength": 0.9714564050192731,
      "trend_linearity": -0.0015724232122509758,
      "seasonal_strength": 0.7569151569873943,
      "seasonal_correlation": 0.8618228376834742,
      "residual_autocorr_lag1": 0.7686191437779154,
      "spectral_entropy": 1235.614425233611
    },
    "std": {
      "trend_strength": 0.024139501295575527,
      "trend_linearity": 0.005584570687416532,
      "seasonal_strength": 0.3925948628478547,
      "seasonal_correlation": 0.24996276950861726,
      "residual_autocorr_lag1": 0.07133343739777746,
      "spectral_entropy": 298.2871118128125
    },
    "min": {
      "trend_strength": 0.9193757095297425,
      "trend_linearity": -0.011208325486630573,
      "seasonal_strength": 0.0,
      "seasonal_correlation": 0.24948138740212517,
      "residual_autocorr_lag1": 0.6113886684409308,
      "spectral_entropy": 686.8781158490104
    },
    "max": {
      "trend_strength": 0.9987338439032448,
      "trend_linearity": 0.008680826679604027,
      "seasonal_strength": 0.9989135731026226,
      "seasonal_correlation": 0.9994653602599521,
      "residual_autocorr_lag1": 0.8726764849961871,
      "spectral_entropy": 1677.5127989217408
    }
  },
  "window_results": [
    {
      "success": true,
      "window_idx": 0,
      "dataset": "ETTh2",
      "metrics": {
        "trend_strength": 0.9563989396039876,
        "trend_linearity": -0.0037904231794965064,
        "seasonal_strength": 0.9935513212729331,
        "seasonal_correlation": 0.998722877121902,
        "residual_autocorr_lag1": 0.8437659957836428,
        "spectral_entropy": 1541.4856850812735
      },
      "n_series": 1
    },
    {
      "success": true,
      "window_idx": 1,
      "dataset": "ETTh2",
      "metrics": {
        "trend_strength": 0.9193757095297425,
        "trend_linearity": 0.001448395130676481,
        "seasonal_strength": 0.9944972180834961,
        "seasonal_correlation": 0.9989545373143865,
        "residual_autocorr_lag1": 0.8726764849961871,
        "spectral_entropy": 1039.8031563221466
      },
      "n_series": 1
    },
    {
      "success": true,
      "window_idx": 10,
      "dataset": "ETTh2",
      "metrics": {
        "trend_strength": 0.9986813222700511,
        "trend_linearity": 0.008680826679604027,
        "seasonal_strength": 0.9546079393977727,
        "seasonal_correlation": 0.9832797827022244,
        "residual_autocorr_lag1": 0.7389567838603263,
        "spectral_entropy": 1423.8680434720095
      },
      "n_series": 1
    },
    {
      "success": true,
      "window_idx": 11,
      "dataset": "ETTh2",
      "metrics": {
        "trend_strength": 0.9979694959817825,
        "trend_linearity": -0.009768701568763766,
        "seasonal_strength": 0.260484021789831,
        "seasonal_correlation": 0.7941819191994228,
        "residual_autocorr_lag1": 0.8372270565324106,
        "spectral_entropy": 1677.5127989217408
      },
      "n_series": 1
    },
    {
      "success": true,
      "window_idx": 12,
      "dataset": "ETTh2",
      "metrics": {
        "trend_strength": 0.998203175038155,
        "trend_linearity": -0.011208325486630573,
        "seasonal_strength": 0.0,
        "seasonal_correlation": 0.5837284672474533,
        "residual_autocorr_lag1": 0.7761194819180738,
        "spectral_entropy": 1629.0019745328732
      },
      "n_series": 1
    },
    {
      "success": true,
      "window_idx": 13,
      "dataset": "ETTh2",
      "metrics": {
        "trend_strength": 0.9987338439032448,
        "trend_linearity": -0.011083956852367608,
        "seasonal_strength": 0.02944671382844455,
        "seasonal_correlation": 0.24948138740212517,
        "residual_autocorr_lag1": 0.7863380744120678,
        "spectral_entropy": 1434.5888479781586
      },
      "n_series": 1
    },
    {
      "success": true,
      "window_idx": 14,
      "dataset": "ETTh2",
      "metrics": {
        "trend_strength": 0.9972756714289053,
        "trend_linearity": -0.004809998732303166,
        "seasonal_strength": 0.15912931501486716,
        "seasonal_correlation": 0.3333814876740817,
        "residual_autocorr_lag1": 0.6113886684409308,
        "spectral_entropy": 1125.827451739601
      },
      "n_series": 1
    },
    {
      "success": true,
      "window_idx": 2,
      "dataset": "ETTh2",
      "metrics": {
        "trend_strength": 0.9569037905123802,
        "trend_linearity": -0.0017648198906217013,
        "seasonal_strength": 0.9963381619909772,
        "seasonal_correlation": 0.9986549745432808,
        "residual_autocorr_lag1": 0.8114088288422381,
        "spectral_entropy": 1370.8733272366312
      },
      "n_series": 1
    },
    {
      "success": true,
      "window_idx": 3,
      "dataset": "ETTh2",
      "metrics": {
        "trend_strength": 0.9656356145513284,
        "trend_linearity": 0.002844087877080749,
        "seasonal_strength": 0.9933346609873249,
        "seasonal_correlation": 0.9982619141391045,
        "residual_autocorr_lag1": 0.7632125999724463,
        "spectral_entropy": 1170.0100134941167
      },
      "n_series": 1
    },
    {
      "success": true,
      "window_idx": 4,
      "dataset": "ETTh2",
      "metrics": {
        "trend_strength": 0.9796705726446665,
        "trend_linearity": 0.004218917279938956,
        "seasonal_strength": 0.9959708114222247,
        "seasonal_correlation": 0.9978985648648038,
        "residual_autocorr_lag1": 0.7750001856381418,
        "spectral_entropy": 1198.1705442007499
      },
      "n_series": 1
    },
    {
      "success": true,
      "window_idx": 5,
      "dataset": "ETTh2",
      "metrics": {
        "trend_strength": 0.9318071888371322,
        "trend_linearity": 0.0016970112103640576,
        "seasonal_strength": 0.9916858663240713,
        "seasonal_correlation": 0.9971458982624806,
        "residual_autocorr_lag1": 0.8182947003979768,
        "spectral_entropy": 1493.0905915666754
      },
      "n_series": 1
    },
    {
      "success": true,
      "window_idx": 6,
      "dataset": "ETTh2",
      "metrics": {
        "trend_strength": 0.967661773349853,
        "trend_linearity": 0.001279674776728077,
        "seasonal_strength": 0.99764224664633,
        "seasonal_correlation": 0.9988172102218617,
        "residual_autocorr_lag1": 0.7837776490486911,
        "spectral_entropy": 1111.783302590014
      },
      "n_series": 1
    },
    {
      "success": true,
      "window_idx": 7,
      "dataset": "ETTh2",
      "metrics": {
        "trend_strength": 0.959723740016275,
        "trend_linearity": 0.002145728003541059,
        "seasonal_strength": 0.9985735732040323,
        "seasonal_correlation": 0.9994653602599521,
        "residual_autocorr_lag1": 0.6862415634156338,
        "spectral_entropy": 871.138475380978
      },
      "n_series": 1
    },
    {
      "success": true,
      "window_idx": 8,
      "dataset": "ETTh2",
      "metrics": {
        "trend_strength": 0.9817448180332902,
        "trend_linearity": -0.0027047854485783254,
        "seasonal_strength": 0.9989135731026226,
        "seasonal_correlation": 0.9984328726350442,
        "residual_autocorr_lag1": 0.6366877674428523,
        "spectral_entropy": 686.8781158490104
      },
      "n_series": 1
    },
    {
      "success": true,
      "window_idx": 9,
      "dataset": "ETTh2",
      "metrics": {
        "trend_strength": 0.9620604195883022,
        "trend_linearity": -0.0007699779829364017,
        "seasonal_strength": 0.9895519317459858,
        "seasonal_correlation": 0.9969353116639881,
        "residual_autocorr_lag1": 0.788191315967114,
        "spectral_entropy": 760.1840501381869
      },
      "n_series": 1
    }
  ]
}