{
  "success": true,
  "dir_info": {
    "dataset": "ETTh2",
    "method": "BM",
    "block_length": 50,
    "ratio": 0.3,
    "term": "short"
  },
  "imputation_method": "forward",
  "n_windows": 20,
  "period": 24,
  "summary": {
    "mean": {
      "trend_strength": 0.9171132176232527,
      "trend_linearity": 0.0028847588426717855,
      "seasonal_strength": 0.9900879509991414,
      "seasonal_correlation": 0.8723346490435391,
      "residual_autocorr_lag1": 0.1498720028291949,
      "spectral_entropy": 16.56151801209516
    },
    "std": {
      "trend_strength": 0.1609365197488727,
      "trend_linearity": 0.0473997540112333,
      "seasonal_strength": 0.016093553349970945,
      "seasonal_correlation": 0.15710869435570604,
      "residual_autocorr_lag1": 0.28076607088656247,
      "spectral_entropy": 40.30082524765308
    },
    "min": {
      "trend_strength": 0.5646157586732992,
      "trend_linearity": -0.11154898245614132,
      "seasonal_strength": 0.9341050396866922,
      "seasonal_correlation": 0.43428523854511,
      "residual_autocorr_lag1": -0.32971014492753614,
      "spectral_entropy": -54.84499065900642
    },
    "max": {
      "trend_strength": 1.0,
      "trend_linearity": 0.09917630902777798,
      "seasonal_strength": 1.0,
      "seasonal_correlation": 0.9981367746768919,
      "residual_autocorr_lag1": 0.7323697756864349,
      "spectral_entropy": 76.65869133661542
    }
  },
  "window_results": [
    {
      "success": true,
      "window_idx": 0,
      "dataset": "ETTh2",
      "metrics": {
        "trend_strength": 0.6267304900711055,
        "trend_linearity": 0.01978888938957427,
        "seasonal_strength": 0.9813755205277604,
        "seasonal_correlation": 0.9981367746768919,
        "residual_autocorr_lag1": 0.7323697756864349,
        "spectral_entropy": 41.69492041635138
      },
      "n_series": 1
    },
    {
      "success": true,
      "window_idx": 1,
      "dataset": "ETTh2",
      "metrics": {
        "trend_strength": 0.98572750600694,
        "trend_linearity": 0.029391186594208297,
        "seasonal_strength": 0.9990684726435982,
        "seasonal_correlation": 0.9934343888969724,
        "residual_autocorr_lag1": -0.021719858156019695,
        "spectral_entropy": 37.83693453046121
      },
      "n_series": 1
    },
    {
      "success": true,
      "window_idx": 10,
      "dataset": "ETTh2",
      "metrics": {
        "trend_strength": 1.0,
        "trend_linearity": -0.005737407986111056,
        "seasonal_strength": 1.0,
        "seasonal_correlation": 0.8875290654291844,
        "residual_autocorr_lag1": -0.17735397784491444,
        "spectral_entropy": -54.84499065900642
      },
      "n_series": 1
    },
    {
      "success": true,
      "window_idx": 11,
      "dataset": "ETTh2",
      "metrics": {
        "trend_strength": 0.9897977448565041,
        "trend_linearity": -0.037674788043478506,
        "seasonal_strength": 0.9858690971700007,
        "seasonal_correlation": 0.7607700199097812,
        "residual_autocorr_lag1": -0.021719858156023123,
        "spectral_entropy": 23.637844855137423
      },
      "n_series": 1
    },
    {
      "success": true,
      "window_idx": 12,
      "dataset": "ETTh2",
      "metrics": {
        "trend_strength": 0.9951823814198557,
        "trend_linearity": 0.05406714598010663,
        "seasonal_strength": 0.9785005478881892,
        "seasonal_correlation": 0.7818935892566491,
        "residual_autocorr_lag1": -0.02427516719689006,
        "spectral_entropy": 46.34764831777636
      },
      "n_series": 1
    },
    {
      "success": true,
      "window_idx": 13,
      "dataset": "ETTh2",
      "metrics": {
        "trend_strength": 1.0,
        "trend_linearity": 0.00796803819444434,
        "seasonal_strength": 1.0,
        "seasonal_correlation": 0.9529510996816125,
        "residual_autocorr_lag1": -0.32971014492753614,
        "spectral_entropy": -15.956605165567163
      },
      "n_series": 1
    },
    {
      "success": true,
      "window_idx": 14,
      "dataset": "ETTh2",
      "metrics": {
        "trend_strength": 1.0,
        "trend_linearity": 0.010938225694443941,
        "seasonal_strength": 1.0,
        "seasonal_correlation": 0.8684919747371591,
        "residual_autocorr_lag1": 0.2754975124378109,
        "spectral_entropy": -18.883090304239094
      },
      "n_series": 1
    },
    {
      "success": true,
      "window_idx": 15,
      "dataset": "ETTh2",
      "metrics": {
        "trend_strength": 1.0,
        "trend_linearity": -0.0005924027777784035,
        "seasonal_strength": 1.0,
        "seasonal_correlation": 0.885267139213734,
        "residual_autocorr_lag1": 0.5931931768796175,
        "spectral_entropy": -40.16341612703669
      },
      "n_series": 1
    },
    {
      "success": true,
      "window_idx": 16,
      "dataset": "ETTh2",
      "metrics": {
        "trend_strength": 1.0,
        "trend_linearity": -0.08871848090277765,
        "seasonal_strength": 1.0,
        "seasonal_correlation": 0.48861015390715307,
        "residual_autocorr_lag1": 0.2650130842808158,
        "spectral_entropy": 71.0806472413699
      },
      "n_series": 1
    },
    {
      "success": true,
      "window_idx": 17,
      "dataset": "ETTh2",
      "metrics": {
        "trend_strength": 1.0,
        "trend_linearity": -0.011987100694445049,
        "seasonal_strength": 1.0,
        "seasonal_correlation": 0.7813887596777015,
        "residual_autocorr_lag1": 0.5392047335319431,
        "spectral_entropy": -52.223715556688546
      },
      "n_series": 1
    },
    {
      "success": true,
      "window_idx": 18,
      "dataset": "ETTh2",
      "metrics": {
        "trend_strength": 1.0,
        "trend_linearity": 0.09917630902777798,
        "seasonal_strength": 1.0,
        "seasonal_correlation": 0.43428523854511,
        "residual_autocorr_lag1": 0.24386728262426588,
        "spectral_entropy": 76.65869133661542
      },
      "n_series": 1
    },
    {
      "success": true,
      "window_idx": 19,
      "dataset": "ETTh2",
      "metrics": {
        "trend_strength": 0.9973540861228396,
        "trend_linearity": 0.061421815237470596,
        "seasonal_strength": 0.9341050396866922,
        "seasonal_correlation": 0.8222127489249801,
        "residual_autocorr_lag1": 0.057197621904252594,
        "spectral_entropy": 44.54753207675882
      },
      "n_series": 1
    },
    {
      "success": true,
      "window_idx": 2,
      "dataset": "ETTh2",
      "metrics": {
        "trend_strength": 0.629676222985637,
        "trend_linearity": 0.01636350793650858,
        "seasonal_strength": 0.9863012786865967,
        "seasonal_correlation": 0.9877838889045437,
        "residual_autocorr_lag1": -0.027751174334706377,
        "spectral_entropy": 40.441920548720546
      },
      "n_series": 1
    },
    {
      "success": true,
      "window_idx": 3,
      "dataset": "ETTh2",
      "metrics": {
        "trend_strength": 0.565286131918857,
        "trend_linearity": -0.010707861023052687,
        "seasonal_strength": 0.9842860737037428,
        "seasonal_correlation": 0.9950209002375547,
        "residual_autocorr_lag1": 0.5682097349425265,
        "spectral_entropy": 19.446453165550725
      },
      "n_series": 1
    },
    {
      "success": true,
      "window_idx": 4,
      "dataset": "ETTh2",
      "metrics": {
        "trend_strength": 0.5646157586732992,
        "trend_linearity": -0.007683132573249081,
        "seasonal_strength": 0.9940843789014105,
        "seasonal_correlation": 0.9887485303834623,
        "residual_autocorr_lag1": -0.007188356210070425,
        "spectral_entropy": -22.816541705610867
      },
      "n_series": 1
    },
    {
      "success": true,
      "window_idx": 5,
      "dataset": "ETTh2",
      "metrics": {
        "trend_strength": 0.9944088074052366,
        "trend_linearity": 0.047605511904485774,
        "seasonal_strength": 0.9941249158279408,