{
  "success": true,
  "dir_info": {
    "dataset": "ETTh2",
    "method": "BM",
    "block_length": 50,
    "ratio": 0.1,
    "term": "short"
  },
  "imputation_method": "forward",
  "n_windows": 20,
  "period": 24,
  "summary": {
    "mean": {
      "trend_strength": 0.9288984149390608,
      "trend_linearity": 0.008776103265223266,
      "seasonal_strength": 0.9933642268881904,
      "seasonal_correlation": 0.9850601921191473,
      "residual_autocorr_lag1": 0.2151034968003343,
      "spectral_entropy": 38.437929124725926
    },
    "std": {
      "trend_strength": 0.15878403950880338,
      "trend_linearity": 0.049834136502255814,
      "seasonal_strength": 0.01786284333306419,
      "seasonal_correlation": 0.025205548418984477,
      "residual_autocorr_lag1": 0.22372441281383135,
      "spectral_entropy": 30.81378933665678
    },
    "min": {
      "trend_strength": 0.34856549431868566,
      "trend_linearity": -0.09948666840277746,
      "seasonal_strength": 0.9323704504980569,
      "seasonal_correlation": 0.8977662690700131,
      "residual_autocorr_lag1": -0.039887729285262456,
      "spectral_entropy": -14.490315931912647
    },
    "max": {
      "trend_strength": 1.0,
      "trend_linearity": 0.0838637599206353,
      "seasonal_strength": 1.0,
      "seasonal_correlation": 0.9994923655105764,
      "residual_autocorr_lag1": 0.624486301369863,
      "spectral_entropy": 83.95613822508493
    }
  },
  "window_results": [
    {
      "success": true,
      "window_idx": 0,
      "dataset": "ETTh2",
      "metrics": {
        "trend_strength": 1.0,
        "trend_linearity": -0.030063562500000005,
        "seasonal_strength": 1.0,
        "seasonal_correlation": 0.9977800791362186,
        "residual_autocorr_lag1": 0.4235861759425494,
        "spectral_entropy": 45.72006076664764
      },
      "n_series": 1
    },
    {
      "success": true,
      "window_idx": 1,
      "dataset": "ETTh2",
      "metrics": {
        "trend_strength": 0.9765484683112127,
        "trend_linearity": 0.05321383333332208,
        "seasonal_strength": 0.9982403084070263,
        "seasonal_correlation": 0.9916216054997488,
        "residual_autocorr_lag1": -0.01716823220030758,
        "spectral_entropy": 61.811632488623204
      },
      "n_series": 1
    },
    {
      "success": true,
      "window_idx": 10,
      "dataset": "ETTh2",
      "metrics": {
        "trend_strength": 1.0,
        "trend_linearity": -0.03538441319444446,
        "seasonal_strength": 1.0,
        "seasonal_correlation": 0.9972825876317268,
        "residual_autocorr_lag1": 0.34102449223416964,
        "spectral_entropy": 48.387699258771725
      },
      "n_series": 1
    },
    {
      "success": true,
      "window_idx": 11,
      "dataset": "ETTh2",
      "metrics": {
        "trend_strength": 1.0,
        "trend_linearity": -0.003609789930555563,
        "seasonal_strength": 1.0,
        "seasonal_correlation": 0.9994923655105764,
        "residual_autocorr_lag1": 0.24487704918032788,
        "spectral_entropy": -11.577496371849826
      },
      "n_series": 1
    },
    {
      "success": true,
      "window_idx": 12,
      "dataset": "ETTh2",
      "metrics": {
        "trend_strength": 0.9977833001819343,
        "trend_linearity": 0.07482746195652189,
        "seasonal_strength": 0.9988424320017779,
        "seasonal_correlation": 0.9874802161809736,
        "residual_autocorr_lag1": -0.02171985815607396,
        "spectral_entropy": 67.52346798797109
      },
      "n_series": 1
    },
    {
      "success": true,
      "window_idx": 13,
      "dataset": "ETTh2",
      "metrics": {
        "trend_strength": 1.0,
        "trend_linearity": -0.05371950694444467,
        "seasonal_strength": 1.0,
        "seasonal_correlation": 0.9508941134070544,
        "residual_autocorr_lag1": 0.12598964677222899,
        "spectral_entropy": 76.16751703461213
      },
      "n_series": 1
    },
    {
      "success": true,
      "window_idx": 14,
      "dataset": "ETTh2",
      "metrics": {
        "trend_strength": 1.0,
        "trend_linearity": -0.09948666840277746,
        "seasonal_strength": 1.0,
        "seasonal_correlation": 0.9927979464370762,
        "residual_autocorr_lag1": 0.4966216216216216,
        "spectral_entropy": 61.577643939246414
      },
      "n_series": 1
    },
    {
      "success": true,
      "window_idx": 15,
      "dataset": "ETTh2",
      "metrics": {
        "trend_strength": 1.0,
        "trend_linearity": -0.01281521354166674,
        "seasonal_strength": 1.0,
        "seasonal_correlation": 0.9866669148069915,
        "residual_autocorr_lag1": 0.08977663230240544,
        "spectral_entropy": -14.490315931912647
      },
      "n_series": 1
    },
    {
      "success": true,
      "window_idx": 16,
      "dataset": "ETTh2",
      "metrics": {
        "trend_strength": 1.0,
        "trend_linearity": 0.018682102430555163,
        "seasonal_strength": 1.0,
        "seasonal_correlation": 0.9940742354721505,
        "residual_autocorr_lag1": -0.039887729285262456,
        "spectral_entropy": 8.96996882668985
      },
      "n_series": 1
    },
    {
      "success": true,
      "window_idx": 17,
      "dataset": "ETTh2",
      "metrics": {
        "trend_strength": 1.0,
        "trend_linearity": -0.031272347222222274,
        "seasonal_strength": 1.0,
        "seasonal_correlation": 0.9982354081991521,
        "residual_autocorr_lag1": 0.3255952380952381,
        "spectral_entropy": 23.55749874107492
      },
      "n_series": 1
    },
    {
      "success": true,
      "window_idx": 18,
      "dataset": "ETTh2",
      "metrics": {
        "trend_strength": 0.8861884720396311,
        "trend_linearity": 0.0838637599206353,
        "seasonal_strength": 0.9485243897749186,
        "seasonal_correlation": 0.9398651682284823,
        "residual_autocorr_lag1": -0.004999152782827735,
        "spectral_entropy": 83.95613822508493
      },
      "n_series": 1
    },
    {
      "success": true,
      "window_idx": 19,
      "dataset": "ETTh2",
      "metrics": {
        "trend_strength": 0.9542587195195072,
        "trend_linearity": 0.07666078968307222,
        "seasonal_strength": 0.9323704504980569,
        "seasonal_correlation": 0.8977662690700131,
        "residual_autocorr_lag1": 0.48077539224246774,
        "spectral_entropy": 66.12154264988136
      },
      "n_series": 1
    },
    {
      "success": true,
      "window_idx": 2,
      "dataset": "ETTh2",
      "metrics": {
        "trend_strength": 0.9987012959198204,
        "trend_linearity": 0.0754777644927536,
        "seasonal_strength": 0.9998176148317374,
        "seasonal_correlation": 0.998278431919755,
        "residual_autocorr_lag1": -0.02171985815600142,
        "spectral_entropy": 70.474831983728
      },
      "n_series": 1
    },
    {
      "success": true,
      "window_idx": 3,
      "dataset": "ETTh2",
      "metrics": {
        "trend_strength": 0.7888046268750566,
        "trend_linearity": 0.01563682862429071,
        "seasonal_strength": 0.998642241399658,
        "seasonal_correlation": 0.9980162921635573,
        "residual_autocorr_lag1": 0.47056528580783535,
        "spectral_entropy": 26.360924262074004
      },
      "n_series": 1
    },
    {
      "success": true,
      "window_idx": 4,
      "dataset": "ETTh2",
      "metrics": {
        "trend_strength": 0.9736578453146809,
        "trend_linearity": 0.08167730978260855,
        "seasonal_strength": 0.9952375855953234,
        "seasonal_correlation": 0.9917496804309452,
        "residual_autocorr_lag1": -0.0004432624113459488,
        "spectral_entropy": 79.98044767735995
      },
      "n_series": 1
    },
    {
      "success": true,
      "window_idx": 5,
      "dataset": "ETTh2",
      "metrics": {
        "trend_strength": 0.34856549431868566,
        "trend_linearity": 0.006576053691258185,
        "seasonal_strength": 0.9975160529930718,
        "seasonal_correlation": 0.9966205889604669,