{
  "success": true,
  "dir_info": {
    "dataset": "ETTh2",
    "method": "BM",
    "block_length": 50,
    "ratio": 0.3,
    "term": "short"
  },
  "imputation_method": "backward",
  "n_windows": 20,
  "period": 24,
  "summary": {
    "mean": {
      "trend_strength": 0.986082648741667,
      "trend_linearity": 0.0029668353558320306,
      "seasonal_strength": 0.9937985143885179,
      "seasonal_correlation": 0.7842135335313738,
      "residual_autocorr_lag1": 0.15014938542233391,
      "spectral_entropy": 19.635201684045484
    },
    "std": {
      "trend_strength": 0.0397979394355864,
      "trend_linearity": 0.05158496236710009,
      "seasonal_strength": 0.019064387410080572,
      "seasonal_correlation": 0.3526661765793236,
      "residual_autocorr_lag1": 0.14107109561764475,
      "spectral_entropy": 36.29947332447005
    },
    "min": {
      "trend_strength": 0.817337044542028,
      "trend_linearity": -0.10534152604166698,
      "seasonal_strength": 0.9132275885336132,
      "seasonal_correlation": -0.4475662597649074,
      "residual_autocorr_lag1": -0.04762448953053367,
      "spectral_entropy": -47.08744875932095
    },
    "max": {
      "trend_strength": 1.0,
      "trend_linearity": 0.10788397743055544,
      "seasonal_strength": 1.0,
      "seasonal_correlation": 0.9913611521908582,
      "residual_autocorr_lag1": 0.4505208333333334,
      "spectral_entropy": 71.45108759047801
    }
  },
  "window_results": [
    {
      "success": true,
      "window_idx": 0,
      "dataset": "ETTh2",
      "metrics": {
        "trend_strength": 0.9943714624033532,
        "trend_linearity": 0.043681803571428486,
        "seasonal_strength": 0.999592520370619,
        "seasonal_correlation": 0.9794859173506463,
        "residual_autocorr_lag1": -0.03884359754130245,
        "spectral_entropy": 57.14461088862355
      },
      "n_series": 1
    },
    {
      "success": true,
      "window_idx": 1,
      "dataset": "ETTh2",
      "metrics": {
        "trend_strength": 0.969522784111394,
        "trend_linearity": 0.029736664944949937,
        "seasonal_strength": 0.9949364533899818,
        "seasonal_correlation": 0.9913611521908582,
        "residual_autocorr_lag1": 0.284436777335624,
        "spectral_entropy": 37.04519610764252
      },
      "n_series": 1
    },
    {
      "success": true,
      "window_idx": 10,
      "dataset": "ETTh2",
      "metrics": {
        "trend_strength": 1.0,
        "trend_linearity": -0.038793980902778184,
        "seasonal_strength": 1.0,
        "seasonal_correlation": 0.9393938081844431,
        "residual_autocorr_lag1": 0.1,
        "spectral_entropy": 25.32399862780434
      },
      "n_series": 1
    },
    {
      "success": true,
      "window_idx": 11,
      "dataset": "ETTh2",
      "metrics": {
        "trend_strength": 1.0,
        "trend_linearity": 0.06758932812499968,
        "seasonal_strength": 1.0,
        "seasonal_correlation": 0.5297563784038504,
        "residual_autocorr_lag1": 0.09690248710949351,
        "spectral_entropy": 57.810083148933785
      },
      "n_series": 1
    },
    {
      "success": true,
      "window_idx": 12,
      "dataset": "ETTh2",
      "metrics": {
        "trend_strength": 1.0,
        "trend_linearity": 0.012299967013888448,
        "seasonal_strength": 1.0,
        "seasonal_correlation": 0.939777992898089,
        "residual_autocorr_lag1": 0.38804644808743166,
        "spectral_entropy": -8.56346601607904
      },
      "n_series": 1
    },
    {
      "success": true,
      "window_idx": 13,
      "dataset": "ETTh2",
      "metrics": {
        "trend_strength": 1.0,
        "trend_linearity": 0.01863817361111124,
        "seasonal_strength": 1.0,
        "seasonal_correlation": 0.7755036643340669,
        "residual_autocorr_lag1": 0.061065301437718954,
        "spectral_entropy": 7.380402157919305
      },
      "n_series": 1
    },
    {
      "success": true,
      "window_idx": 14,
      "dataset": "ETTh2",
      "metrics": {
        "trend_strength": 1.0,
        "trend_linearity": 0.017768282986111047,
        "seasonal_strength": 1.0,
        "seasonal_correlation": 0.7799961613445481,
        "residual_autocorr_lag1": 0.06802721088435375,
        "spectral_entropy": 4.158706329596466
      },
      "n_series": 1
    },
    {
      "success": true,
      "window_idx": 15,
      "dataset": "ETTh2",
      "metrics": {
        "trend_strength": 1.0,
        "trend_linearity": -0.06874114236111133,
        "seasonal_strength": 1.0,
        "seasonal_correlation": 0.7617543540502113,
        "residual_autocorr_lag1": 0.055,
        "spectral_entropy": 52.450253060831194
      },
      "n_series": 1
    },
    {
      "success": true,
      "window_idx": 16,
      "dataset": "ETTh2",
      "metrics": {
        "trend_strength": 1.0,
        "trend_linearity": -0.023953446180556056,
        "seasonal_strength": 1.0,
        "seasonal_correlation": 0.719102683411435,
        "residual_autocorr_lag1": 0.08297808513325754,
        "spectral_entropy": -23.26152583803818
      },
      "n_series": 1
    },
    {
      "success": true,
      "window_idx": 17,
      "dataset": "ETTh2",
      "metrics": {
        "trend_strength": 1.0,
        "trend_linearity": 0.10788397743055544,
        "seasonal_strength": 1.0,
        "seasonal_correlation": -0.4475662597649074,
        "residual_autocorr_lag1": 0.1460231426803892,
        "spectral_entropy": 71.45108759047801
      },
      "n_series": 1
    },
    {
      "success": true,
      "window_idx": 18,
      "dataset": "ETTh2",
      "metrics": {
        "trend_strength": 1.0,
        "trend_linearity": -0.02158272222222201,
        "seasonal_strength": 1.0,
        "seasonal_correlation": 0.08532781695168713,
        "residual_autocorr_lag1": 0.4505208333333334,
        "spectral_entropy": -6.634255019543291
      },
      "n_series": 1
    },
    {
      "success": true,
      "window_idx": 19,
      "dataset": "ETTh2",
      "metrics": {
        "trend_strength": 1.0,
        "trend_linearity": -0.0009641736111115317,
        "seasonal_strength": 1.0,
        "seasonal_correlation": 0.9021781763915853,
        "residual_autocorr_lag1": -0.032153179190751446,
        "spectral_entropy": -47.08744875932095
      },
      "n_series": 1
    },
    {
      "success": true,
      "window_idx": 2,
      "dataset": "ETTh2",
      "metrics": {
        "trend_strength": 1.0,
        "trend_linearity": -0.0831471909722226,
        "seasonal_strength": 1.0,
        "seasonal_correlation": 0.9614123672112648,
        "residual_autocorr_lag1": 0.22054904051172708,
        "spectral_entropy": 60.081812541373
      },
      "n_series": 1
    },
    {
      "success": true,
      "window_idx": 3,
      "dataset": "ETTh2",
      "metrics": {
        "trend_strength": 0.9830016327902471,
        "trend_linearity": 0.023821678605053402,
        "seasonal_strength": 0.9988652407698584,
        "seasonal_correlation": 0.9812721987854343,
        "residual_autocorr_lag1": -0.031978089402869864,
        "spectral_entropy": -23.83919880099951
      },
      "n_series": 1
    },
    {
      "success": true,
      "window_idx": 4,
      "dataset": "ETTh2",
      "metrics": {
        "trend_strength": 0.9825574954468054,
        "trend_linearity": 0.0792497959218903,
        "seasonal_strength": 0.9822366704877166,
        "seasonal_correlation": 0.9872899881604436,
        "residual_autocorr_lag1": 0.30862873757868114,
        "spectral_entropy": 70.26332645424732
      },
      "n_series": 1
    },
    {
      "success": true,
      "window_idx": 5,
      "dataset": "ETTh2",
      "metrics": {
        "trend_strength": 0.817337044542028,
        "trend_linearity": 0.020885199016565752,
        "seasonal_strength": 0.9132275885336132,
        "seasonal_correlation": 0.9637060354653645,
        "residual_autocorr_lag1": 0.2403860160449786,
        "spectral_entropy": 25.65262752791804
      },