{
  "success": true,
  "dir_info": {
    "dataset": "ETTh2",
    "method": "BM",
    "block_length": 50,
    "ratio": 0.1,
    "term": "short"
  },
  "imputation_method": "backward",
  "n_windows": 20,
  "period": 24,
  "summary": {
    "mean": {
      "trend_strength": 0.9194046942462426,
      "trend_linearity": 0.0032241835385775916,
      "seasonal_strength": 0.9991220479938507,
      "seasonal_correlation": 0.9868852028304609,
      "residual_autocorr_lag1": 0.12547127471186986,
      "spectral_entropy": 34.683559130241136
    },
    "std": {
      "trend_strength": 0.21909043530114064,
      "trend_linearity": 0.04403794790869624,
      "seasonal_strength": 0.0014440961892455326,
      "seasonal_correlation": 0.022183415562146865,
      "residual_autocorr_lag1": 0.16848016250784167,
      "spectral_entropy": 28.051399528926492
    },
    "min": {
      "trend_strength": 0.20120286729997972,
      "trend_linearity": -0.08483621701388941,
      "seasonal_strength": 0.9952561276015467,
      "seasonal_correlation": 0.9085450280171422,
      "residual_autocorr_lag1": -0.10829231808531166,
      "spectral_entropy": -12.884772506003657
    },
    "max": {
      "trend_strength": 1.0,
      "trend_linearity": 0.08757031249999965,
      "seasonal_strength": 1.0,
      "seasonal_correlation": 0.9991836785900914,
      "residual_autocorr_lag1": 0.41742872761961136,
      "spectral_entropy": 83.6833156961004
    }
  },
  "window_results": [
    {
      "success": true,
      "window_idx": 0,
      "dataset": "ETTh2",
      "metrics": {
        "trend_strength": 0.9624163465792198,
        "trend_linearity": -0.03358436623280277,
        "seasonal_strength": 0.9994085949994852,
        "seasonal_correlation": 0.9983795324250955,
        "residual_autocorr_lag1": -0.00816780003030111,
        "spectral_entropy": 49.465178192640344
      },
      "n_series": 1
    },
    {
      "success": true,
      "window_idx": 1,
      "dataset": "ETTh2",
      "metrics": {
        "trend_strength": 0.9441270132388694,
        "trend_linearity": 0.039899839583329585,
        "seasonal_strength": 0.9974636678103747,
        "seasonal_correlation": 0.996603466425989,
        "residual_autocorr_lag1": -0.07221564166209928,
        "spectral_entropy": 50.233065311443454
      },
      "n_series": 1
    },
    {
      "success": true,
      "window_idx": 10,
      "dataset": "ETTh2",
      "metrics": {
        "trend_strength": 1.0,
        "trend_linearity": -0.030735758680555662,
        "seasonal_strength": 1.0,
        "seasonal_correlation": 0.9985332097122759,
        "residual_autocorr_lag1": 0.09811308603812471,
        "spectral_entropy": 50.55212640953652
      },
      "n_series": 1
    },
    {
      "success": true,
      "window_idx": 11,
      "dataset": "ETTh2",
      "metrics": {
        "trend_strength": 1.0,
        "trend_linearity": -0.01302846354166736,
        "seasonal_strength": 1.0,
        "seasonal_correlation": 0.9991836785900914,
        "residual_autocorr_lag1": 0.30876729788783686,
        "spectral_entropy": -0.018199557054541238
      },
      "n_series": 1
    },
    {
      "success": true,
      "window_idx": 12,
      "dataset": "ETTh2",
      "metrics": {
        "trend_strength": 1.0,
        "trend_linearity": -0.017138291666666836,
        "seasonal_strength": 1.0,
        "seasonal_correlation": 0.9913454525133881,
        "residual_autocorr_lag1": -0.06299086240749133,
        "spectral_entropy": -12.884772506003657
      },
      "n_series": 1
    },
    {
      "success": true,
      "window_idx": 13,
      "dataset": "ETTh2",
      "metrics": {
        "trend_strength": 1.0,
        "trend_linearity": -0.08483621701388941,
        "seasonal_strength": 1.0,
        "seasonal_correlation": 0.9839068817307497,
        "residual_autocorr_lag1": 0.19935495118549512,
        "spectral_entropy": 83.6833156961004
      },
      "n_series": 1
    },
    {
      "success": true,
      "window_idx": 14,
      "dataset": "ETTh2",
      "metrics": {
        "trend_strength": 1.0,
        "trend_linearity": -0.039026446180555736,
        "seasonal_strength": 1.0,
        "seasonal_correlation": 0.9969561810104822,
        "residual_autocorr_lag1": 0.16986953455571227,
        "spectral_entropy": 25.80232893384325
      },
      "n_series": 1
    },
    {
      "success": true,
      "window_idx": 15,
      "dataset": "ETTh2",
      "metrics": {
        "trend_strength": 1.0,
        "trend_linearity": 0.018800128472222195,
        "seasonal_strength": 1.0,
        "seasonal_correlation": 0.9930655796593174,
        "residual_autocorr_lag1": -0.10829231808531166,
        "spectral_entropy": 20.63310210900218
      },
      "n_series": 1
    },
    {
      "success": true,
      "window_idx": 16,
      "dataset": "ETTh2",
      "metrics": {
        "trend_strength": 1.0,
        "trend_linearity": 0.015708543402777744,
        "seasonal_strength": 1.0,
        "seasonal_correlation": 0.9871936738399745,
        "residual_autocorr_lag1": 0.162591575091575,
        "spectral_entropy": 25.626116191570592
      },
      "n_series": 1
    },
    {
      "success": true,
      "window_idx": 17,
      "dataset": "ETTh2",
      "metrics": {
        "trend_strength": 1.0,
        "trend_linearity": 0.08757031249999965,
        "seasonal_strength": 1.0,
        "seasonal_correlation": 0.9085450280171422,
        "residual_autocorr_lag1": -0.031205378391242267,
        "spectral_entropy": 75.5672865297451
      },
      "n_series": 1
    },
    {
      "success": true,
      "window_idx": 18,
      "dataset": "ETTh2",
      "metrics": {
        "trend_strength": 1.0,
        "trend_linearity": 0.0030697378472219258,
        "seasonal_strength": 1.0,
        "seasonal_correlation": 0.9382250361920283,
        "residual_autocorr_lag1": 0.1741099990860068,
        "spectral_entropy": 1.1439394775489227
      },
      "n_series": 1
    },
    {
      "success": true,
      "window_idx": 19,
      "dataset": "ETTh2",
      "metrics": {
        "trend_strength": 1.0,
        "trend_linearity": -0.03770087673611085,
        "seasonal_strength": 1.0,
        "seasonal_correlation": 0.9953959792707944,
        "residual_autocorr_lag1": 0.28621393812999657,
        "spectral_entropy": 21.836451096017203
      },
      "n_series": 1
    },
    {
      "success": true,
      "window_idx": 2,
      "dataset": "ETTh2",
      "metrics": {
        "trend_strength": 0.9862853145563797,
        "trend_linearity": 0.07865463095371036,
        "seasonal_strength": 0.9979192618261239,
        "seasonal_correlation": 0.9978315699888767,
        "residual_autocorr_lag1": -0.02141366930155092,
        "spectral_entropy": 69.45009042617633
      },
      "n_series": 1
    },
    {
      "success": true,
      "window_idx": 3,
      "dataset": "ETTh2",
      "metrics": {
        "trend_strength": 0.20120286729997972,
        "trend_linearity": 0.00548109790783012,
        "seasonal_strength": 0.9952561276015467,
        "seasonal_correlation": 0.9965641149173922,
        "residual_autocorr_lag1": 0.41742872761961136,
        "spectral_entropy": 14.164265731981736
      },
      "n_series": 1
    },
    {
      "success": true,
      "window_idx": 4,
      "dataset": "ETTh2",
      "metrics": {
        "trend_strength": 0.9763987824089078,
        "trend_linearity": 0.07843153409095416,
        "seasonal_strength": 0.9962666670275849,
        "seasonal_correlation": 0.9815192441836785,
        "residual_autocorr_lag1": -0.03719868696417273,
        "spectral_entropy": 80.12336032190301
      },
      "n_series": 1
    },
    {
      "success": true,
      "window_idx": 5,
      "dataset": "ETTh2",
      "metrics": {
        "trend_strength": 0.33182671909875894,
        "trend_linearity": -0.012969434691817161,
        "seasonal_strength": 0.9969808812595742,
        "seasonal_correlation": 0.9933418267434981,
        "residual_autocorr_lag1": 0.3874161246645966,