{
  "success": true,
  "dir_info": {
    "dataset": "exchange_rate",
    "method": "BM",
    "block_length": 50,
    "ratio": 0.3,
    "term": "long"
  },
  "imputation_method": "forward",
  "n_windows": 11,
  "period": 7,
  "summary": {
    "mean": {
      "trend_strength": 0.9996412405493292,
      "trend_linearity": -8.330063693106482e-05,
      "seasonal_strength": 0.13274954879846385,
      "seasonal_correlation": 0.12341564637924309,
      "residual_autocorr_lag1": 0.2799504358428538,
      "spectral_entropy": -1248.3515622275102
    },
    "std": {
      "trend_strength": 0.00047398614871335107,
      "trend_linearity": 0.00022792864932240516,
      "seasonal_strength": 0.052894237501034086,
      "seasonal_correlation": 0.07146638686873237,
      "residual_autocorr_lag1": 0.07091676723362486,
      "spectral_entropy": 405.40564761422223
    },
    "min": {
      "trend_strength": 0.9983214013391614,
      "trend_linearity": -0.0005452551134432597,
      "seasonal_strength": 0.052840208107125974,
      "seasonal_correlation": 0.016784289590607418,
      "residual_autocorr_lag1": 0.13502148715721032,
      "spectral_entropy": -2061.7873393078958
    },
    "max": {
      "trend_strength": 0.999980277818814,
      "trend_linearity": 0.00024292178523178693,
      "seasonal_strength": 0.2585938108209881,
      "seasonal_correlation": 0.2702566060202731,
      "residual_autocorr_lag1": 0.4086986634762959,
      "spectral_entropy": -644.3496031879715
    }
  },
  "window_results": [
    {
      "success": true,
      "window_idx": 0,
      "dataset": "exchange_rate",
      "metrics": {
        "trend_strength": 0.9998937064104892,
        "trend_linearity": 0.00024292178523178693,
        "seasonal_strength": 0.12161801988279874,
        "seasonal_correlation": 0.054671083272467266,
        "residual_autocorr_lag1": 0.22043101620407637,
        "spectral_entropy": -978.5519567213435
      },
      "n_series": 1
    },
    {
      "success": true,
      "window_idx": 1,
      "dataset": "exchange_rate",
      "metrics": {
        "trend_strength": 0.9998358870345189,
        "trend_linearity": 0.00013741146828117704,
        "seasonal_strength": 0.11652034287173951,
        "seasonal_correlation": 0.1936173779343428,
        "residual_autocorr_lag1": 0.13502148715721032,
        "spectral_entropy": -1277.2198939852442
      },
      "n_series": 1
    },
    {
      "success": true,
      "window_idx": 10,
      "dataset": "exchange_rate",
      "metrics": {
        "trend_strength": 0.9996300175456555,
        "trend_linearity": 9.221649744355609e-05,
        "seasonal_strength": 0.15722129586106548,
        "seasonal_correlation": 0.06627088801258,
        "residual_autocorr_lag1": 0.32200235255431625,
        "spectral_entropy": -1293.46020568241
      },
      "n_series": 1
    },
    {
      "success": true,
      "window_idx": 2,
      "dataset": "exchange_rate",
      "metrics": {
        "trend_strength": 0.9998531012191578,
        "trend_linearity": -2.0139142825793206e-05,
        "seasonal_strength": 0.2585938108209881,
        "seasonal_correlation": 0.016784289590607418,
        "residual_autocorr_lag1": 0.32217281703972067,
        "spectral_entropy": -2061.7873393078958
      },
      "n_series": 1
    },
    {
      "success": true,
      "window_idx": 3,
      "dataset": "exchange_rate",
      "metrics": {
        "trend_strength": 0.9997432602856722,
        "trend_linearity": -0.00012360863693012874,
        "seasonal_strength": 0.12341801006466036,
        "seasonal_correlation": 0.18455719059578124,
        "residual_autocorr_lag1": 0.24089241810405926,
        "spectral_entropy": -1222.231908544797
      },
      "n_series": 1
    },
    {
      "success": true,
      "window_idx": 4,
      "dataset": "exchange_rate",
      "metrics": {
        "trend_strength": 0.999980277818814,
        "trend_linearity": -0.0005452551134432597,
        "seasonal_strength": 0.13695157788543688,
        "seasonal_correlation": 0.10925086862876005,
        "residual_autocorr_lag1": 0.21976145887723064,
        "spectral_entropy": -644.3496031879715
      },
      "n_series": 1
    },
    {
      "success": true,
      "window_idx": 5,
      "dataset": "exchange_rate",
      "metrics": {
        "trend_strength": 0.9991345889004682,
        "trend_linearity": 9.94852536028752e-05,
        "seasonal_strength": 0.18555085543132244,
        "seasonal_correlation": 0.05944448081906772,
        "residual_autocorr_lag1": 0.29166241049899255,
        "spectral_entropy": -1401.8363109788306
      },
      "n_series": 1
    },
    {
      "success": true,
      "window_idx": 6,
      "dataset": "exchange_rate",
      "metrics": {
        "trend_strength": 0.9983214013391614,
        "trend_linearity": -4.695094345225995e-05,
        "seasonal_strength": 0.052840208107125974,
        "seasonal_correlation": 0.14799712257755054,
        "residual_autocorr_lag1": 0.34363879258751934,
        "spectral_entropy": -1890.168674764634
      },
      "n_series": 1
    },
    {
      "success": true,
      "window_idx": 7,
      "dataset": "exchange_rate",
      "metrics": {
        "trend_strength": 0.9997799736545441,
        "trend_linearity": -0.00014382403181835098,
        "seasonal_strength": 0.13622839783349205,
        "seasonal_correlation": 0.2702566060202731,
        "residual_autocorr_lag1": 0.4086986634762959,
        "spectral_entropy": -1119.0076488581553
      },
      "n_series": 1
    },
    {
      "success": true,
      "window_idx": 8,
      "dataset": "exchange_rate",
      "metrics": {
        "trend_strength": 0.9999090078781067,
        "trend_linearity": -0.0001808958989536109,
        "seasonal_strength": 0.07502003960807857,
        "seasonal_correlation": 0.15619798947161428,
        "residual_autocorr_lag1": 0.3119655967407386,
        "spectral_entropy": -1061.8730901328786
      },
      "n_series": 1
    },
    {
      "success": true,
      "window_idx": 9,
      "dataset": "exchange_rate",
      "metrics": {
        "trend_strength": 0.9999724239560349,
        "trend_linearity": -0.00042766824337770473,
        "seasonal_strength": 0.09628247841639437,
        "seasonal_correlation": 0.09852421324862945,
        "residual_autocorr_lag1": 0.2632077810312316,
        "spectral_entropy": -781.3805523384518
      },
      "n_series": 1
    }
  ]
}