{
  "success": true,
  "dir_info": {
    "dataset": "exchange_rate",
    "method": "BM",
    "block_length": 50,
    "ratio": 0.3,
    "term": "medium"
  },
  "imputation_method": "mean",
  "n_windows": 16,
  "period": 7,
  "summary": {
    "mean": {
      "trend_strength": 0.9887975097832333,
      "trend_linearity": 2.6089962478054986e-05,
      "seasonal_strength": 0.11379170312740061,
      "seasonal_correlation": 0.1739347947705053,
      "residual_autocorr_lag1": 0.4357250734067235,
      "spectral_entropy": -971.0246952942282
    },
    "std": {
      "trend_strength": 0.018444417785009565,
      "trend_linearity": 0.00023264519847190904,
      "seasonal_strength": 0.10266312394595965,
      "seasonal_correlation": 0.10031085109552039,
      "residual_autocorr_lag1": 0.20305754992523128,
      "spectral_entropy": 266.1207319207113
    },
    "min": {
      "trend_strength": 0.9419663961650243,
      "trend_linearity": -0.0005506534521518418,
      "seasonal_strength": 0.0,
      "seasonal_correlation": 0.02837780829383731,
      "residual_autocorr_lag1": 0.0475485766073819,
      "spectral_entropy": -1490.6497959894937
    },
    "max": {
      "trend_strength": 0.9999448076634443,
      "trend_linearity": 0.0003227856313196703,
      "seasonal_strength": 0.3633941729245793,
      "seasonal_correlation": 0.4051240254214513,
      "residual_autocorr_lag1": 0.8621799246328227,
      "spectral_entropy": -532.9957137070949
    }
  },
  "window_results": [
    {
      "success": true,
      "window_idx": 0,
      "dataset": "exchange_rate",
      "metrics": {
        "trend_strength": 0.9999006685653252,
        "trend_linearity": 0.0003227856313196703,
        "seasonal_strength": 0.07714920195100661,
        "seasonal_correlation": 0.0820211269807234,
        "residual_autocorr_lag1": 0.33297369901315294,
        "spectral_entropy": -706.5953422356281
      },
      "n_series": 1
    },
    {
      "success": true,
      "window_idx": 1,
      "dataset": "exchange_rate",
      "metrics": {
        "trend_strength": 0.9999040178097196,
        "trend_linearity": 0.0002599151689805693,
        "seasonal_strength": 0.12080278021178725,
        "seasonal_correlation": 0.4051240254214513,
        "residual_autocorr_lag1": 0.29007591684426726,
        "spectral_entropy": -758.7270632906144
      },
      "n_series": 1
    },
    {
      "success": true,
      "window_idx": 10,
      "dataset": "exchange_rate",
      "metrics": {
        "trend_strength": 0.9993619756626272,
        "trend_linearity": 0.00018934984181333693,
        "seasonal_strength": 0.14011027465615922,
        "seasonal_correlation": 0.02837780829383731,
        "residual_autocorr_lag1": 0.4535987889656014,
        "spectral_entropy": -861.5383489542326
      },
      "n_series": 1
    },
    {
      "success": true,
      "window_idx": 11,
      "dataset": "exchange_rate",
      "metrics": {
        "trend_strength": 0.999144366745325,
        "trend_linearity": 0.00016803732283304958,
        "seasonal_strength": 0.08120333731686513,
        "seasonal_correlation": 0.3061740904633529,
        "residual_autocorr_lag1": 0.3568828026332875,
        "spectral_entropy": -849.217123005124
      },
      "n_series": 1
    },
    {
      "success": true,
      "window_idx": 12,
      "dataset": "exchange_rate",
      "metrics": {
        "trend_strength": 0.99856933293376,
        "trend_linearity": 0.0002940340246375292,
        "seasonal_strength": 0.01070236878312758,
        "seasonal_correlation": 0.23398638107253789,
        "residual_autocorr_lag1": 0.7293555368023883,
        "spectral_entropy": -788.1912643946828
      },
      "n_series": 1
    },
    {
      "success": true,
      "window_idx": 13,
      "dataset": "exchange_rate",
      "metrics": {
        "trend_strength": 0.957250621600442,
        "trend_linearity": 0.0001283071616621589,
        "seasonal_strength": 0.0,
        "seasonal_correlation": 0.06375862663009262,
        "residual_autocorr_lag1": 0.8621799246328227,
        "spectral_entropy": -966.5433539356153
      },
      "n_series": 1
    },
    {
      "success": true,
      "window_idx": 14,
      "dataset": "exchange_rate",
      "metrics": {
        "trend_strength": 0.9687451685613129,
        "trend_linearity": 0.00010061494711271682,
        "seasonal_strength": 0.0,
        "seasonal_correlation": 0.06619797402748867,
        "residual_autocorr_lag1": 0.7096525282452436,
        "spectral_entropy": -994.6328969867693
      },
      "n_series": 1
    },
    {
      "success": true,
      "window_idx": 15,
      "dataset": "exchange_rate",
      "metrics": {
        "trend_strength": 0.964543455792875,
        "trend_linearity": 4.159205726347194e-05,
        "seasonal_strength": 0.1056197702404309,
        "seasonal_correlation": 0.10438533740429821,
        "residual_autocorr_lag1": 0.20081298384714075,
        "spectral_entropy": -1227.798413185522
      },
      "n_series": 1
    },
    {
      "success": true,
      "window_idx": 2,
      "dataset": "exchange_rate",
      "metrics": {
        "trend_strength": 0.9988079525870425,
        "trend_linearity": -6.349276707039179e-05,
        "seasonal_strength": 0.3521180506360708,
        "seasonal_correlation": 0.217638464382002,
        "residual_autocorr_lag1": 0.5179884059685679,
        "spectral_entropy": -1300.942586946043
      },
      "n_series": 1
    },
    {
      "success": true,
      "window_idx": 3,
      "dataset": "exchange_rate",
      "metrics": {
        "trend_strength": 0.9995161363436318,
        "trend_linearity": -6.194994284826081e-05,
        "seasonal_strength": 0.1573554692754292,
        "seasonal_correlation": 0.2897006047680749,
        "residual_autocorr_lag1": 0.0475485766073819,
        "spectral_entropy": -964.289631722467
      },
      "n_series": 1
    },
    {
      "success": true,
      "window_idx": 4,
      "dataset": "exchange_rate",
      "metrics": {
        "trend_strength": 0.998605707851138,
        "trend_linearity": -8.975760973827177e-05,
        "seasonal_strength": 0.08543392890245505,
        "seasonal_correlation": 0.19863023129732,
        "residual_autocorr_lag1": 0.3372197330290279,
        "spectral_entropy": -1084.4214975258967
      },
      "n_series": 1
    },
    {
      "success": true,
      "window_idx": 5,
      "dataset": "exchange_rate",
      "metrics": {
        "trend_strength": 0.9999374401183809,
        "trend_linearity": -0.0004425494391615407,
        "seasonal_strength": 0.3633941729245793,
        "seasonal_correlation": 0.12864658487479885,
        "residual_autocorr_lag1": 0.3162286178176304,
        "spectral_entropy": -597.9052405807968
      },
      "n_series": 1
    },
    {
      "success": true,
      "window_idx": 6,
      "dataset": "exchange_rate",
      "metrics": {
        "trend_strength": 0.9999448076634443,
        "trend_linearity": -0.0005506534521518418,
        "seasonal_strength": 0.046815967717175666,
        "seasonal_correlation": 0.12058023037421473,
        "residual_autocorr_lag1": 0.5335287104968127,
        "spectral_entropy": -532.9957137070949
      },
      "n_series": 1
    },
    {
      "success": true,
      "window_idx": 7,
      "dataset": "exchange_rate",
      "metrics": {
        "trend_strength": 0.9419663961650243,
        "trend_linearity": -2.970419546116672e-06,
        "seasonal_strength": 0.08841499767340355,
        "seasonal_correlation": 0.23126796861721827,
        "residual_autocorr_lag1": 0.4224992257087171,
        "spectral_entropy": -1490.6497959894937
      },
      "n_series": 1
    },
    {
      "success": true,
      "window_idx": 8,
      "dataset": "exchange_rate",
      "metrics": {
        "trend_strength": 0.9971373664163353,
        "trend_linearity": 0.00010421722424550351,
        "seasonal_strength": 0.12142336354104,
        "seasonal_correlation": 0.1936860092662262,
        "residual_autocorr_lag1": 0.3042685599843987,