{
  "success": true,
  "dir_info": {
    "dataset": "traffic",
    "method": "BM",
    "block_length": 50,
    "ratio": 0.1,
    "term": "long"
  },
  "imputation_method": "linear",
  "n_windows": 15,
  "period": 24,
  "summary": {
    "mean": {
      "trend_strength": 0.37859473014776374,
      "trend_linearity": 7.352270086504583e-07,
      "seasonal_strength": 0.9531010879855718,
      "seasonal_correlation": 0.9919124937179602,
      "residual_autocorr_lag1": 0.8562819285881985,
      "spectral_entropy": -2882.1490159021387
    },
    "std": {
      "trend_strength": 0.22305053363141972,
      "trend_linearity": 6.554929647456431e-06,
      "seasonal_strength": 0.011189541857493006,
      "seasonal_correlation": 0.010138163018894822,
      "residual_autocorr_lag1": 0.06674038946480537,
      "spectral_entropy": 153.17623516115472
    },
    "min": {
      "trend_strength": 0.1801861641096416,
      "trend_linearity": -7.583522553100499e-06,
      "seasonal_strength": 0.933304714491809,
      "seasonal_correlation": 0.9558701733381352,
      "residual_autocorr_lag1": 0.7075731138500823,
      "spectral_entropy": -3040.1900892288677
    },
    "max": {
      "trend_strength": 0.9977097270748465,
      "trend_linearity": 2.2360910014717203e-05,
      "seasonal_strength": 0.9768927472840575,
      "seasonal_correlation": 0.9983859881458984,
      "residual_autocorr_lag1": 0.9464812154580078,
      "spectral_entropy": -2461.290656413326
    }
  },
  "window_results": [
    {
      "success": true,
      "window_idx": 0,
      "dataset": "traffic",
      "metrics": {
        "trend_strength": 0.3403575081246214,
        "trend_linearity": 1.044928073719743e-06,
        "seasonal_strength": 0.9549146089121613,
        "seasonal_correlation": 0.9911551731696217,
        "residual_autocorr_lag1": 0.8385980393041577,
        "spectral_entropy": -2976.6527914243825
      },
      "n_series": 1
    },
    {
      "success": true,
      "window_idx": 1,
      "dataset": "traffic",
      "metrics": {
        "trend_strength": 0.36128366412416146,
        "trend_linearity": 2.525000956404211e-06,
        "seasonal_strength": 0.9625708683498608,
        "seasonal_correlation": 0.9931428469080719,
        "residual_autocorr_lag1": 0.750319285484804,
        "spectral_entropy": -2992.9243659903805
      },
      "n_series": 1
    },
    {
      "success": true,
      "window_idx": 10,
      "dataset": "traffic",
      "metrics": {
        "trend_strength": 0.21740452996269732,
        "trend_linearity": -8.296824595829372e-07,
        "seasonal_strength": 0.9430836379188462,
        "seasonal_correlation": 0.9983859881458984,
        "residual_autocorr_lag1": 0.9187944382357286,
        "spectral_entropy": -2871.103113144889
      },
      "n_series": 1
    },
    {
      "success": true,
      "window_idx": 11,
      "dataset": "traffic",
      "metrics": {
        "trend_strength": 0.3042802668877729,
        "trend_linearity": -7.583522553100499e-06,
        "seasonal_strength": 0.933304714491809,
        "seasonal_correlation": 0.9860569931864598,
        "residual_autocorr_lag1": 0.9030292990382471,
        "spectral_entropy": -2831.8018578503325
      },
      "n_series": 1
    },
    {
      "success": true,
      "window_idx": 12,
      "dataset": "traffic",
      "metrics": {
        "trend_strength": 0.26652137507237683,
        "trend_linearity": 1.6122256016624812e-07,
        "seasonal_strength": 0.9448653007823774,
        "seasonal_correlation": 0.9975242536989404,
        "residual_autocorr_lag1": 0.8997178434662967,
        "spectral_entropy": -2798.300096003403
      },
      "n_series": 1
    },
    {
      "success": true,
      "window_idx": 13,
      "dataset": "traffic",
      "metrics": {
        "trend_strength": 0.783339299156077,
        "trend_linearity": 5.721364883200469e-06,
        "seasonal_strength": 0.9768927472840575,
        "seasonal_correlation": 0.9946553162078225,
        "residual_autocorr_lag1": 0.9464812154580078,
        "spectral_entropy": -2461.290656413326
      },
      "n_series": 1
    },
    {
      "success": true,
      "window_idx": 14,
      "dataset": "traffic",
      "metrics": {
        "trend_strength": 0.9977097270748465,
        "trend_linearity": 2.2360910014717203e-05,
        "seasonal_strength": 0.939496017540605,
        "seasonal_correlation": 0.9558701733381352,
        "residual_autocorr_lag1": 0.7075731138500823,
        "spectral_entropy": -2854.7159741994938
      },
      "n_series": 1
    },
    {
      "success": true,
      "window_idx": 2,
      "dataset": "traffic",
      "metrics": {
        "trend_strength": 0.32498505956127,
        "trend_linearity": -2.5472719930514984e-06,
        "seasonal_strength": 0.9607917027274319,
        "seasonal_correlation": 0.9961881042464924,
        "residual_autocorr_lag1": 0.8549717850451795,
        "spectral_entropy": -3040.1900892288677
      },
      "n_series": 1
    },
    {
      "success": true,
      "window_idx": 3,
      "dataset": "traffic",
      "metrics": {
        "trend_strength": 0.1801861641096416,
        "trend_linearity": 4.631726520481995e-07,
        "seasonal_strength": 0.9612528148413495,
        "seasonal_correlation": 0.9956134979795397,
        "residual_autocorr_lag1": 0.8655958850868751,
        "spectral_entropy": -2964.8762551642376
      },
      "n_series": 1
    },
    {
      "success": true,
      "window_idx": 4,
      "dataset": "traffic",
      "metrics": {
        "trend_strength": 0.5822553635651784,
        "trend_linearity": -6.669254505668735e-06,
        "seasonal_strength": 0.9644490003327008,
        "seasonal_correlation": 0.9914722976664235,
        "residual_autocorr_lag1": 0.9265428202945699,
        "spectral_entropy": -3035.4742168247903
      },
      "n_series": 1
    },
    {
      "success": true,
      "window_idx": 5,
      "dataset": "traffic",
      "metrics": {
        "trend_strength": 0.28378107846447265,
        "trend_linearity": -8.481635706223011e-07,
        "seasonal_strength": 0.9496763499196357,
        "seasonal_correlation": 0.997096495658343,
        "residual_autocorr_lag1": 0.8385776474121744,
        "spectral_entropy": -2966.2965719724193
      },
      "n_series": 1
    },
    {
      "success": true,
      "window_idx": 6,
      "dataset": "traffic",
      "metrics": {
        "trend_strength": 0.2246700159824594,
        "trend_linearity": -7.409774582195056e-07,
        "seasonal_strength": 0.9501433895299848,
        "seasonal_correlation": 0.9980502526760618,
        "residual_autocorr_lag1": 0.8720461787620605,
        "spectral_entropy": -3026.2886546749405
      },
      "n_series": 1
    },
    {
      "success": true,
      "window_idx": 7,
      "dataset": "traffic",
      "metrics": {
        "trend_strength": 0.24137270923810705,
        "trend_linearity": -9.466050893085807e-07,
        "seasonal_strength": 0.9439199393289442,
        "seasonal_correlation": 0.9940854801848809,
        "residual_autocorr_lag1": 0.8235754508468838,
        "spectral_entropy": -2753.456408980732
      },
      "n_series": 1
    },
    {
      "success": true,
      "window_idx": 8,
      "dataset": "traffic",
      "metrics": {
        "trend_strength": 0.2664242029293994,
        "trend_linearity": -8.922267139861575e-07,
        "seasonal_strength": 0.9484187303122235,
        "seasonal_correlation": 0.992638131395783,
        "residual_autocorr_lag1": 0.777486819801067,
        "spectral_entropy": -2691.8202342641953
      },
      "n_series": 1
    },
    {
      "success": true,
      "window_idx": 9,
      "dataset": "traffic",
      "metrics": {
        "trend_strength": 0.3043499879633734,
        "trend_linearity": -1.9048966695897766e-07,
        "seasonal_strength": 0.9627364975115901,
        "seasonal_correlation": 0.9967524013069293,
        "residual_autocorr_lag1": 0.920919106736843,
        "spectral_entropy": -2967.043952395687
      },