{
  "success": true,
  "dir_info": {
    "dataset": "traffic",
    "method": "BM",
    "block_length": 50,
    "ratio": 0.2,
    "term": "short"
  },
  "imputation_method": "backward",
  "n_windows": 20,
  "period": 24,
  "summary": {
    "mean": {
      "trend_strength": 0.875971495226419,
      "trend_linearity": -6.768278671320238e-05,
      "seasonal_strength": 0.9291752716064391,
      "seasonal_correlation": 0.9015536419838053,
      "residual_autocorr_lag1": 0.25564197394961574,
      "spectral_entropy": -198.24021283025118
    },
    "std": {
      "trend_strength": 0.24120608161087684,
      "trend_linearity": 0.0003602544955672375,
      "seasonal_strength": 0.22164842211076916,
      "seasonal_correlation": 0.16503295147981223,
      "residual_autocorr_lag1": 0.2538728733141802,
      "spectral_entropy": 37.0237218415409
    },
    "min": {
      "trend_strength": 0.033118474656004815,
      "trend_linearity": -0.0010763695826875776,
      "seasonal_strength": 0.0,
      "seasonal_correlation": 0.4123522410586429,
      "residual_autocorr_lag1": -0.20109489554048846,
      "spectral_entropy": -258.47007905451875
    },
    "max": {
      "trend_strength": 1.0,
      "trend_linearity": 0.000364805705615942,
      "seasonal_strength": 1.0,
      "seasonal_correlation": 0.9997760162142454,
      "residual_autocorr_lag1": 0.8137810221441141,
      "spectral_entropy": -118.43147910018872
    }
  },
  "window_results": [
    {
      "success": true,
      "window_idx": 0,
      "dataset": "traffic",
      "metrics": {
        "trend_strength": 0.40040923963436803,
        "trend_linearity": 1.459585020290626e-05,
        "seasonal_strength": 0.9998337802351915,
        "seasonal_correlation": 0.9997760162142454,
        "residual_autocorr_lag1": 0.19568222248807507,
        "spectral_entropy": -224.86025968846266
      },
      "n_series": 1
    },
    {
      "success": true,
      "window_idx": 1,
      "dataset": "traffic",
      "metrics": {
        "trend_strength": 0.6632413448069014,
        "trend_linearity": 2.752321250027335e-05,
        "seasonal_strength": 0.9999138610699315,
        "seasonal_correlation": 0.997603513796913,
        "residual_autocorr_lag1": -0.011641912743066769,
        "spectral_entropy": -215.09163200502184
      },
      "n_series": 1
    },
    {
      "success": true,
      "window_idx": 10,
      "dataset": "traffic",
      "metrics": {
        "trend_strength": 0.979906061371224,
        "trend_linearity": 0.0003083634924242424,
        "seasonal_strength": 0.9987113042294614,
        "seasonal_correlation": 0.9862958239022352,
        "residual_autocorr_lag1": 0.4747615435309054,
        "spectral_entropy": -218.01229918269868
      },
      "n_series": 1
    },
    {
      "success": true,
      "window_idx": 11,
      "dataset": "traffic",
      "metrics": {
        "trend_strength": 0.9924467442202843,
        "trend_linearity": 0.00025119437655983946,
        "seasonal_strength": 0.9988303727600106,
        "seasonal_correlation": 0.9983700234564139,
        "residual_autocorr_lag1": 0.1824201132731952,
        "spectral_entropy": -202.33608446490229
      },
      "n_series": 1
    },
    {
      "success": true,
      "window_idx": 12,
      "dataset": "traffic",
      "metrics": {
        "trend_strength": 1.0,
        "trend_linearity": 0.00022131469791666642,
        "seasonal_strength": 1.0,
        "seasonal_correlation": 0.9714881306197372,
        "residual_autocorr_lag1": 0.21610737337271635,
        "spectral_entropy": -232.91128156914485
      },
      "n_series": 1
    },
    {
      "success": true,
      "window_idx": 13,
      "dataset": "traffic",
      "metrics": {
        "trend_strength": 1.0,
        "trend_linearity": -0.00017943502951388944,
        "seasonal_strength": 1.0,
        "seasonal_correlation": 0.5162127884795071,
        "residual_autocorr_lag1": 0.27935206045245453,
        "spectral_entropy": -169.57413168241632
      },
      "n_series": 1
    },
    {
      "success": true,
      "window_idx": 14,
      "dataset": "traffic",
      "metrics": {
        "trend_strength": 0.8457544895799674,
        "trend_linearity": -0.0002689738176690405,
        "seasonal_strength": 0.7265498936771955,
        "seasonal_correlation": 0.6582330279584993,
        "residual_autocorr_lag1": 0.4647302939325793,
        "spectral_entropy": -172.169096045067
      },
      "n_series": 1
    },
    {
      "success": true,
      "window_idx": 15,
      "dataset": "traffic",
      "metrics": {
        "trend_strength": 0.8564236885014473,
        "trend_linearity": -0.0010763695826875776,
        "seasonal_strength": 0.0,
        "seasonal_correlation": 0.9595283513822328,
        "residual_autocorr_lag1": 0.8137810221441141,
        "spectral_entropy": -118.43147910018872
      },
      "n_series": 1
    },
    {
      "success": true,
      "window_idx": 16,
      "dataset": "traffic",
      "metrics": {
        "trend_strength": 1.0,
        "trend_linearity": -7.256031250000054e-05,
        "seasonal_strength": 1.0,
        "seasonal_correlation": 0.9865502899806314,
        "residual_autocorr_lag1": 0.34168138987043584,
        "spectral_entropy": -258.47007905451875
      },
      "n_series": 1
    },
    {
      "success": true,
      "window_idx": 17,
      "dataset": "traffic",
      "metrics": {
        "trend_strength": 0.9761568117909918,
        "trend_linearity": 0.00013432726208291443,
        "seasonal_strength": 0.9959217581424098,
        "seasonal_correlation": 0.9797903225954461,
        "residual_autocorr_lag1": 0.5785235720326772,
        "spectral_entropy": -245.0424694511917
      },
      "n_series": 1
    },
    {
      "success": true,
      "window_idx": 18,
      "dataset": "traffic",
      "metrics": {
        "trend_strength": 1.0,
        "trend_linearity": 0.00023639307465277742,
        "seasonal_strength": 1.0,
        "seasonal_correlation": 0.9725499922497342,
        "residual_autocorr_lag1": 0.029468587697891246,
        "spectral_entropy": -198.09765895811745
      },
      "n_series": 1
    },
    {
      "success": true,
      "window_idx": 19,
      "dataset": "traffic",
      "metrics": {
        "trend_strength": 0.9999317767854793,
        "trend_linearity": 0.000364805705615942,
        "seasonal_strength": 0.9995144395859775,
        "seasonal_correlation": 0.8713699180305076,
        "residual_autocorr_lag1": -0.021719858156013343,
        "spectral_entropy": -196.40745384568154
      },
      "n_series": 1
    },
    {
      "success": true,
      "window_idx": 2,
      "dataset": "traffic",
      "metrics": {
        "trend_strength": 1.0,
        "trend_linearity": -0.0003220410546875009,
        "seasonal_strength": 1.0,
        "seasonal_correlation": 0.9657139310124532,
        "residual_autocorr_lag1": 0.6372549019607843,
        "spectral_entropy": -159.95460244846953
      },
      "n_series": 1
    },
    {
      "success": true,
      "window_idx": 3,
      "dataset": "traffic",
      "metrics": {
        "trend_strength": 0.9562267190868915,
        "trend_linearity": 9.221576312499917e-05,
        "seasonal_strength": 0.9998620480531067,
        "seasonal_correlation": 0.999362135570677,
        "residual_autocorr_lag1": 0.4052015244568663,
        "spectral_entropy": -236.8913935544865
      },
      "n_series": 1
    },
    {
      "success": true,
      "window_idx": 4,
      "dataset": "traffic",
      "metrics": {
        "trend_strength": 1.0,
        "trend_linearity": -0.00043814540625,
        "seasonal_strength": 1.0,
        "seasonal_correlation": 0.8799808954414241,
        "residual_autocorr_lag1": -0.20109489554048846,
        "spectral_entropy": -158.9290307060606
      },
      "n_series": 1
    },
    {
      "success": true,
      "window_idx": 5,
      "dataset": "traffic",
      "metrics": {
        "trend_strength": 0.033118474656004815,
        "trend_linearity": 7.379095087829815e-06,