{
  "success": true,
  "dir_info": {
    "dataset": "traffic",
    "method": "BM",
    "block_length": 50,
    "ratio": 0.1,
    "term": "long"
  },
  "imputation_method": "forward",
  "n_windows": 15,
  "period": 24,
  "summary": {
    "mean": {
      "trend_strength": 0.3708299888197299,
      "trend_linearity": 7.691037906444094e-07,
      "seasonal_strength": 0.953604200920892,
      "seasonal_correlation": 0.994577968783912,
      "residual_autocorr_lag1": 0.8636226658355021,
      "spectral_entropy": -2970.5407850201887
    },
    "std": {
      "trend_strength": 0.23296091909652156,
      "trend_linearity": 7.870490321725895e-06,
      "seasonal_strength": 0.014564197122962481,
      "seasonal_correlation": 0.003281213776468651,
      "residual_autocorr_lag1": 0.05919555443916099,
      "spectral_entropy": 242.47259043743347
    },
    "min": {
      "trend_strength": 0.18224565565964446,
      "trend_linearity": -6.040567833155716e-06,
      "seasonal_strength": 0.930218554369252,
      "seasonal_correlation": 0.9855242078441205,
      "residual_autocorr_lag1": 0.7268212002094551,
      "spectral_entropy": -3803.8909118134598
    },
    "max": {
      "trend_strength": 0.9838771555530836,
      "trend_linearity": 2.9036019460791954e-05,
      "seasonal_strength": 0.9864075997496883,
      "seasonal_correlation": 0.9986556559767154,
      "residual_autocorr_lag1": 0.9626236266072948,
      "spectral_entropy": -2723.3998095531197
    }
  },
  "window_results": [
    {
      "success": true,
      "window_idx": 0,
      "dataset": "traffic",
      "metrics": {
        "trend_strength": 0.34757792736744797,
        "trend_linearity": 8.215903506116366e-07,
        "seasonal_strength": 0.955614349076907,
        "seasonal_correlation": 0.9910296455535603,
        "residual_autocorr_lag1": 0.8446388074253594,
        "spectral_entropy": -2963.802740986401
      },
      "n_series": 1
    },
    {
      "success": true,
      "window_idx": 1,
      "dataset": "traffic",
      "metrics": {
        "trend_strength": 0.34601750662614994,
        "trend_linearity": 2.990397105451471e-06,
        "seasonal_strength": 0.9624373920488414,
        "seasonal_correlation": 0.9943524602923465,
        "residual_autocorr_lag1": 0.7842672328468805,
        "spectral_entropy": -3012.1247730816212
      },
      "n_series": 1
    },
    {
      "success": true,
      "window_idx": 10,
      "dataset": "traffic",
      "metrics": {
        "trend_strength": 0.19992435507975992,
        "trend_linearity": -2.9389034798484627e-06,
        "seasonal_strength": 0.9324897299402278,
        "seasonal_correlation": 0.9986556559767154,
        "residual_autocorr_lag1": 0.9150166664491446,
        "spectral_entropy": -2862.063974787584
      },
      "n_series": 1
    },
    {
      "success": true,
      "window_idx": 11,
      "dataset": "traffic",
      "metrics": {
        "trend_strength": 0.2945558065016052,
        "trend_linearity": -5.071713072690611e-06,
        "seasonal_strength": 0.930218554369252,
        "seasonal_correlation": 0.9855242078441205,
        "residual_autocorr_lag1": 0.9000619655136737,
        "spectral_entropy": -2810.758726727109
      },
      "n_series": 1
    },
    {
      "success": true,
      "window_idx": 12,
      "dataset": "traffic",
      "metrics": {
        "trend_strength": 0.2572027774094111,
        "trend_linearity": -8.905812961363574e-07,
        "seasonal_strength": 0.9434716497441857,
        "seasonal_correlation": 0.9973094994083638,
        "residual_autocorr_lag1": 0.8937337236434207,
        "spectral_entropy": -2787.712445745915
      },
      "n_series": 1
    },
    {
      "success": true,
      "window_idx": 13,
      "dataset": "traffic",
      "metrics": {
        "trend_strength": 0.8529698589619655,
        "trend_linearity": 2.9036019460791954e-05,
        "seasonal_strength": 0.9499743136002171,
        "seasonal_correlation": 0.9923876134127246,
        "residual_autocorr_lag1": 0.9626236266072948,
        "spectral_entropy": -2967.4217041646916
      },
      "n_series": 1
    },
    {
      "success": true,
      "window_idx": 14,
      "dataset": "traffic",
      "metrics": {
        "trend_strength": 0.9838771555530836,
        "trend_linearity": -1.4075776177138763e-06,
        "seasonal_strength": 0.9864075997496883,
        "seasonal_correlation": 0.9936479191436907,
        "residual_autocorr_lag1": 0.7268212002094551,
        "spectral_entropy": -3803.8909118134598
      },
      "n_series": 1
    },
    {
      "success": true,
      "window_idx": 2,
      "dataset": "traffic",
      "metrics": {
        "trend_strength": 0.32666613484753704,
        "trend_linearity": -2.7213134480157927e-06,
        "seasonal_strength": 0.9588050357661664,
        "seasonal_correlation": 0.9970029769368649,
        "residual_autocorr_lag1": 0.8558678903946292,
        "spectral_entropy": -3026.656500566852
      },
      "n_series": 1
    },
    {
      "success": true,
      "window_idx": 3,
      "dataset": "traffic",
      "metrics": {
        "trend_strength": 0.18224565565964446,
        "trend_linearity": 1.197538171983184e-06,
        "seasonal_strength": 0.9630463759451849,
        "seasonal_correlation": 0.9944081451404979,
        "residual_autocorr_lag1": 0.8682784138417116,
        "spectral_entropy": -2961.7227093701194
      },
      "n_series": 1
    },
    {
      "success": true,
      "window_idx": 4,
      "dataset": "traffic",
      "metrics": {
        "trend_strength": 0.5526112405794595,
        "trend_linearity": -6.040567833155716e-06,
        "seasonal_strength": 0.9763631911257136,
        "seasonal_correlation": 0.9942455086129581,
        "residual_autocorr_lag1": 0.9090864086932139,
        "spectral_entropy": -2995.87347970053
      },
      "n_series": 1
    },
    {
      "success": true,
      "window_idx": 5,
      "dataset": "traffic",
      "metrics": {
        "trend_strength": 0.2150517159470977,
        "trend_linearity": -6.790050255092894e-07,
        "seasonal_strength": 0.9449837173795518,
        "seasonal_correlation": 0.998118271727306,
        "residual_autocorr_lag1": 0.8706966329668419,
        "spectral_entropy": -2899.245056877745
      },
      "n_series": 1
    },
    {
      "success": true,
      "window_idx": 6,
      "dataset": "traffic",
      "metrics": {
        "trend_strength": 0.20835360484224497,
        "trend_linearity": -1.0383423600475698e-06,
        "seasonal_strength": 0.9475509308369321,
        "seasonal_correlation": 0.9979116641459206,
        "residual_autocorr_lag1": 0.8773367795321657,
        "spectral_entropy": -3010.507009548197
      },
      "n_series": 1
    },
    {
      "success": true,
      "window_idx": 7,
      "dataset": "traffic",
      "metrics": {
        "trend_strength": 0.23176922651742005,
        "trend_linearity": -6.431263194943971e-07,
        "seasonal_strength": 0.9439219229401087,
        "seasonal_correlation": 0.9943689102398484,
        "residual_autocorr_lag1": 0.8261736386440686,
        "spectral_entropy": -2762.4871611155395
      },
      "n_series": 1
    },
    {
      "success": true,
      "window_idx": 8,
      "dataset": "traffic",
      "metrics": {
        "trend_strength": 0.2701502170525927,
        "trend_linearity": -9.503425529252241e-07,
        "seasonal_strength": 0.9482676028030259,
        "seasonal_correlation": 0.9929470766226998,
        "residual_autocorr_lag1": 0.793933453040122,
        "spectral_entropy": -2723.3998095531197
      },
      "n_series": 1
    },
    {
      "success": true,
      "window_idx": 9,
      "dataset": "traffic",
      "metrics": {
        "trend_strength": 0.293476649350528,
        "trend_linearity": -1.2751522363480599e-07,
        "seasonal_strength": 0.9605106484873775,
        "seasonal_correlation": 0.9967599767010634,
        "residual_autocorr_lag1": 0.9258035477245476,
        "spectral_entropy": -2970.444771263939
      },