{
  "success": true,
  "dir_info": {
    "dataset": "traffic",
    "method": "BM",
    "block_length": 50,
    "ratio": 0.3,
    "term": "long"
  },
  "imputation_method": "mean",
  "n_windows": 15,
  "period": 24,
  "summary": {
    "mean": {
      "trend_strength": 0.4139779661495098,
      "trend_linearity": -1.3672600086396477e-06,
      "seasonal_strength": 0.8405595656320822,
      "seasonal_correlation": 0.89285177859616,
      "residual_autocorr_lag1": 0.6518994918115749,
      "spectral_entropy": -3312.1152280523224
    },
    "std": {
      "trend_strength": 0.18823492278742757,
      "trend_linearity": 3.4894169874842986e-06,
      "seasonal_strength": 0.2327548720939257,
      "seasonal_correlation": 0.20614658491552645,
      "residual_autocorr_lag1": 0.30739185280505643,
      "spectral_entropy": 600.7789324828427
    },
    "min": {
      "trend_strength": 0.19641487030115612,
      "trend_linearity": -1.0595641718559853e-05,
      "seasonal_strength": 0.3165915038814823,
      "seasonal_correlation": 0.3827344614394878,
      "residual_autocorr_lag1": -0.01591851051790702,
      "spectral_entropy": -4476.7594585055
    },
    "max": {
      "trend_strength": 0.7808432430492945,
      "trend_linearity": 3.0064043454267463e-06,
      "seasonal_strength": 0.986257528071884,
      "seasonal_correlation": 0.9981919029703796,
      "residual_autocorr_lag1": 0.88400896991987,
      "spectral_entropy": -2621.1870683924208
    }
  },
  "window_results": [
    {
      "success": true,
      "window_idx": 0,
      "dataset": "traffic",
      "metrics": {
        "trend_strength": 0.33993169411575463,
        "trend_linearity": 2.3071865071718586e-07,
        "seasonal_strength": 0.9556807490548611,
        "seasonal_correlation": 0.9909208620146156,
        "residual_autocorr_lag1": 0.8312806037453297,
        "spectral_entropy": -2969.832563416914
      },
      "n_series": 1
    },
    {
      "success": true,
      "window_idx": 1,
      "dataset": "traffic",
      "metrics": {
        "trend_strength": 0.37977502037884125,
        "trend_linearity": 3.0064043454267463e-06,
        "seasonal_strength": 0.9643363874206203,
        "seasonal_correlation": 0.9938460365969596,
        "residual_autocorr_lag1": 0.8018604923733047,
        "spectral_entropy": -3012.577298762507
      },
      "n_series": 1
    },
    {
      "success": true,
      "window_idx": 10,
      "dataset": "traffic",
      "metrics": {
        "trend_strength": 0.7377114339649097,
        "trend_linearity": 2.9803276300335435e-06,
        "seasonal_strength": 0.986257528071884,
        "seasonal_correlation": 0.9911400836175313,
        "residual_autocorr_lag1": 0.6293034048277012,
        "spectral_entropy": -3417.255500031248
      },
      "n_series": 1
    },
    {
      "success": true,
      "window_idx": 11,
      "dataset": "traffic",
      "metrics": {
        "trend_strength": 0.7616396145051002,
        "trend_linearity": 1.5008885501467792e-06,
        "seasonal_strength": 0.9054401569074708,
        "seasonal_correlation": 0.9493851197636107,
        "residual_autocorr_lag1": 0.41176666554803554,
        "spectral_entropy": -3896.1244356878697
      },
      "n_series": 1
    },
    {
      "success": true,
      "window_idx": 12,
      "dataset": "traffic",
      "metrics": {
        "trend_strength": 0.49478004859216174,
        "trend_linearity": 2.816297298218473e-07,
        "seasonal_strength": 0.5055757947487803,
        "seasonal_correlation": 0.7178280490631391,
        "residual_autocorr_lag1": 0.20614938817617653,
        "spectral_entropy": -4216.073896267819
      },
      "n_series": 1
    },
    {
      "success": true,
      "window_idx": 13,
      "dataset": "traffic",
      "metrics": {
        "trend_strength": 0.3340952399662038,
        "trend_linearity": -1.2683336437256263e-07,
        "seasonal_strength": 0.3165915038814823,
        "seasonal_correlation": 0.3827344614394878,
        "residual_autocorr_lag1": 0.08243485111943348,
        "spectral_entropy": -4411.0262694684225
      },
      "n_series": 1
    },
    {
      "success": true,
      "window_idx": 14,
      "dataset": "traffic",
      "metrics": {
        "trend_strength": 0.34423665797213054,
        "trend_linearity": -1.136512025640569e-07,
        "seasonal_strength": 0.32661844335527035,
        "seasonal_correlation": 0.4118215244965235,
        "residual_autocorr_lag1": -0.01591851051790702,
        "spectral_entropy": -4476.7594585055
      },
      "n_series": 1
    },
    {
      "success": true,
      "window_idx": 2,
      "dataset": "traffic",
      "metrics": {
        "trend_strength": 0.3752521451808343,
        "trend_linearity": -1.8993290449942798e-06,
        "seasonal_strength": 0.960243614142792,
        "seasonal_correlation": 0.9947918202976604,
        "residual_autocorr_lag1": 0.8593679718985359,
        "spectral_entropy": -3085.33036003261
      },
      "n_series": 1
    },
    {
      "success": true,
      "window_idx": 3,
      "dataset": "traffic",
      "metrics": {
        "trend_strength": 0.24122575083363218,
        "trend_linearity": -4.4612711190520636e-07,
        "seasonal_strength": 0.9695095269016398,
        "seasonal_correlation": 0.9946492142202156,
        "residual_autocorr_lag1": 0.8630147156560549,
        "spectral_entropy": -3072.1204030536987
      },
      "n_series": 1
    },
    {
      "success": true,
      "window_idx": 4,
      "dataset": "traffic",
      "metrics": {
        "trend_strength": 0.41277311951321516,
        "trend_linearity": -5.075979991028706e-06,
        "seasonal_strength": 0.9580811479813125,
        "seasonal_correlation": 0.9901568853966108,
        "residual_autocorr_lag1": 0.88400896991987,
        "spectral_entropy": -2904.32041906479
      },
      "n_series": 1
    },
    {
      "success": true,
      "window_idx": 5,
      "dataset": "traffic",
      "metrics": {
        "trend_strength": 0.22476063581525751,
        "trend_linearity": -1.506431756985117e-06,
        "seasonal_strength": 0.9460605240139978,
        "seasonal_correlation": 0.9981919029703796,
        "residual_autocorr_lag1": 0.8689940558637056,
        "spectral_entropy": -2889.0994315853904
      },
      "n_series": 1
    },
    {
      "success": true,
      "window_idx": 6,
      "dataset": "traffic",
      "metrics": {
        "trend_strength": 0.19641487030115612,
        "trend_linearity": -8.810165826807833e-07,
        "seasonal_strength": 0.9473604965096183,
        "seasonal_correlation": 0.9979946097863339,
        "residual_autocorr_lag1": 0.8690538127354647,
        "spectral_entropy": -2978.969265066623
      },
      "n_series": 1
    },
    {
      "success": true,
      "window_idx": 7,
      "dataset": "traffic",
      "metrics": {
        "trend_strength": 0.33248400859705685,
        "trend_linearity": -6.628323935863323e-06,
        "seasonal_strength": 0.9410590870494377,
        "seasonal_correlation": 0.9933015454910802,
        "residual_autocorr_lag1": 0.8313621511344345,
        "spectral_entropy": -2621.1870683924208
      },
      "n_series": 1
    },
    {
      "success": true,
      "window_idx": 8,
      "dataset": "traffic",
      "metrics": {
        "trend_strength": 0.25374600945709913,
        "trend_linearity": -1.2355343267869316e-06,
        "seasonal_strength": 0.9479835350825198,
        "seasonal_correlation": 0.9919123371784885,
        "residual_autocorr_lag1": 0.774971662743739,
        "spectral_entropy": -2738.3142377458685
      },
      "n_series": 1
    },
    {
      "success": true,
      "window_idx": 9,
      "dataset": "traffic",
      "metrics": {
        "trend_strength": 0.7808432430492945,
        "trend_linearity": -1.0595641718559853e-05,
        "seasonal_strength": 0.9775949893595447,
        "seasonal_correlation": 0.9941022266097629,
        "residual_autocorr_lag1": 0.880842141949744,
        "spectral_entropy": -2992.737813703151
      },