{
  "success": true,
  "dir_info": {
    "dataset": "weather",
    "method": "BM",
    "block_length": 50,
    "ratio": 0.3,
    "term": "long"
  },
  "imputation_method": "linear",
  "n_windows": 20,
  "period": 144,
  "summary": {
    "mean": {
      "trend_strength": 0.4073765697567997,
      "trend_linearity": 0.0028764168815013664,
      "seasonal_strength": 0.6966116262875423,
      "seasonal_correlation": 0.9328278771674787,
      "residual_autocorr_lag1": 0.9880962278770878,
      "spectral_entropy": 1721.0700498735096
    },
    "std": {
      "trend_strength": 0.26696157910120627,
      "trend_linearity": 0.016487817244019792,
      "seasonal_strength": 0.28196883122201344,
      "seasonal_correlation": 0.1046189730244675,
      "residual_autocorr_lag1": 0.008356815368135834,
      "spectral_entropy": 496.90729550326313
    },
    "min": {
      "trend_strength": 0.012779641561010857,
      "trend_linearity": -0.02684726843275013,
      "seasonal_strength": 0.13687588630544312,
      "seasonal_correlation": 0.6041740602829366,
      "residual_autocorr_lag1": 0.967601786025849,
      "spectral_entropy": 795.9140443776979
    },
    "max": {
      "trend_strength": 0.9382085218528212,
      "trend_linearity": 0.05348962160065967,
      "seasonal_strength": 0.9903362015125855,
      "seasonal_correlation": 0.9984510601155716,
      "residual_autocorr_lag1": 0.9968789302110695,
      "spectral_entropy": 2648.1959790908904
    }
  },
  "window_results": [
    {
      "success": true,
      "window_idx": 0,
      "dataset": "weather",
      "metrics": {
        "trend_strength": 0.31226980118135694,
        "trend_linearity": 0.00501017326688946,
        "seasonal_strength": 0.9903362015125855,
        "seasonal_correlation": 0.9984510601155716,
        "residual_autocorr_lag1": 0.9683023989824834,
        "spectral_entropy": 1953.1430201906476
      },
      "n_series": 1
    },
    {
      "success": true,
      "window_idx": 1,
      "dataset": "weather",
      "metrics": {
        "trend_strength": 0.07243259794190648,
        "trend_linearity": 0.010711507396464363,
        "seasonal_strength": 0.9527975009270748,
        "seasonal_correlation": 0.9959835522123459,
        "residual_autocorr_lag1": 0.9939378139224789,
        "spectral_entropy": 1673.252934637053
      },
      "n_series": 1
    },
    {
      "success": true,
      "window_idx": 10,
      "dataset": "weather",
      "metrics": {
        "trend_strength": 0.5314631169064674,
        "trend_linearity": -0.02684726843275013,
        "seasonal_strength": 0.49491928239754746,
        "seasonal_correlation": 0.9726707240984893,
        "residual_autocorr_lag1": 0.996725018551965,
        "spectral_entropy": 2363.8305683157196
      },
      "n_series": 1
    },
    {
      "success": true,
      "window_idx": 11,
      "dataset": "weather",
      "metrics": {
        "trend_strength": 0.8976093202910682,
        "trend_linearity": 0.05348962160065967,
        "seasonal_strength": 0.7135633591702852,
        "seasonal_correlation": 0.9576969801599612,
        "residual_autocorr_lag1": 0.9958238923604926,
        "spectral_entropy": 2648.1959790908904
      },
      "n_series": 1
    },
    {
      "success": true,
      "window_idx": 12,
      "dataset": "weather",
      "metrics": {
        "trend_strength": 0.2207009573013513,
        "trend_linearity": 0.014783285464727238,
        "seasonal_strength": 0.516800020066055,
        "seasonal_correlation": 0.9747784988813573,
        "residual_autocorr_lag1": 0.9888663770790662,
        "spectral_entropy": 2179.8907195782726
      },
      "n_series": 1
    },
    {
      "success": true,
      "window_idx": 13,
      "dataset": "weather",
      "metrics": {
        "trend_strength": 0.36455748898858864,
        "trend_linearity": -0.002357525848879915,
        "seasonal_strength": 0.8074299567946082,
        "seasonal_correlation": 0.9875089383618638,
        "residual_autocorr_lag1": 0.9936003783470296,
        "spectral_entropy": 1684.9688796719513
      },
      "n_series": 1
    },
    {
      "success": true,
      "window_idx": 14,
      "dataset": "weather",
      "metrics": {
        "trend_strength": 0.7706587557670345,
        "trend_linearity": -0.0015555741990673222,
        "seasonal_strength": 0.932787829064102,
        "seasonal_correlation": 0.9966331352884034,
        "residual_autocorr_lag1": 0.9777449252701103,
        "spectral_entropy": 1569.2595731893382
      },
      "n_series": 1
    },
    {
      "success": true,
      "window_idx": 15,
      "dataset": "weather",
      "metrics": {
        "trend_strength": 0.9382085218528212,
        "trend_linearity": -0.026665671250053757,
        "seasonal_strength": 0.6126017433806423,
        "seasonal_correlation": 0.6041740602829366,
        "residual_autocorr_lag1": 0.991392491965474,
        "spectral_entropy": 2424.757971566749
      },
      "n_series": 1
    },
    {
      "success": true,
      "window_idx": 16,
      "dataset": "weather",
      "metrics": {
        "trend_strength": 0.29622045234438454,
        "trend_linearity": 0.0037041837058552816,
        "seasonal_strength": 0.2733408948689786,
        "seasonal_correlation": 0.8235898696027893,
        "residual_autocorr_lag1": 0.983866264398205,
        "spectral_entropy": 795.9140443776979
      },
      "n_series": 1
    },
    {
      "success": true,
      "window_idx": 17,
      "dataset": "weather",
      "metrics": {
        "trend_strength": 0.586632945443428,
        "trend_linearity": 0.0022612280504575874,
        "seasonal_strength": 0.4239443169795263,
        "seasonal_correlation": 0.8053874031454361,
        "residual_autocorr_lag1": 0.9915643627506484,
        "spectral_entropy": 1057.1308784475063
      },
      "n_series": 1
    },
    {
      "success": true,
      "window_idx": 18,
      "dataset": "weather",
      "metrics": {
        "trend_strength": 0.22755992941375736,
        "trend_linearity": 0.006982162321088982,
        "seasonal_strength": 0.16885936739168594,
        "seasonal_correlation": 0.7702729691552828,
        "residual_autocorr_lag1": 0.9952725701646888,
        "spectral_entropy": 1385.5105708992323
      },
      "n_series": 1
    },
    {
      "success": true,
      "window_idx": 19,
      "dataset": "weather",
      "metrics": {
        "trend_strength": 0.7451024002780453,
        "trend_linearity": 0.011462493995220814,
        "seasonal_strength": 0.13687588630544312,
        "seasonal_correlation": 0.8369777790938286,
        "residual_autocorr_lag1": 0.9968789302110695,
        "spectral_entropy": 1504.7530536362076
      },
      "n_series": 1
    },
    {
      "success": true,
      "window_idx": 2,
      "dataset": "weather",
      "metrics": {
        "trend_strength": 0.18128632458820515,
        "trend_linearity": 0.003308476857804186,
        "seasonal_strength": 0.9466503783340903,
        "seasonal_correlation": 0.9964343705387748,
        "residual_autocorr_lag1": 0.9912086753473864,
        "spectral_entropy": 2064.131488590457
      },
      "n_series": 1
    },
    {
      "success": true,
      "window_idx": 3,
      "dataset": "weather",
      "metrics": {
        "trend_strength": 0.4075641100319385,
        "trend_linearity": 0.013355880594833685,
        "seasonal_strength": 0.954568210299597,
        "seasonal_correlation": 0.9926634228345863,
        "residual_autocorr_lag1": 0.9888664422998267,
        "spectral_entropy": 1849.3792661725658
      },
      "n_series": 1
    },
    {
      "success": true,
      "window_idx": 4,
      "dataset": "weather",
      "metrics": {
        "trend_strength": 0.14887744353273313,
        "trend_linearity": -0.004308982525608385,
        "seasonal_strength": 0.9813236981843219,
        "seasonal_correlation": 0.9983522539307316,
        "residual_autocorr_lag1": 0.967601786025849,
        "spectral_entropy": 1744.2399744236213
      },