{
  "success": true,
  "dir_info": {
    "dataset": "weather",
    "method": "BM",
    "block_length": 50,
    "ratio": 0.3,
    "term": "medium"
  },
  "imputation_method": "forward",
  "n_windows": 20,
  "period": 144,
  "summary": {
    "mean": {
      "trend_strength": 0.46885875726771814,
      "trend_linearity": 0.0038917334778921482,
      "seasonal_strength": 0.5152177265035687,
      "seasonal_correlation": 0.8752749331987468,
      "residual_autocorr_lag1": 0.9746187145948314,
      "spectral_entropy": 1147.7536638406596
    },
    "std": {
      "trend_strength": 0.3121342770611404,
      "trend_linearity": 0.01566858734551501,
      "seasonal_strength": 0.34487337940017765,
      "seasonal_correlation": 0.13587330299411007,
      "residual_autocorr_lag1": 0.02742048618132736,
      "spectral_entropy": 374.4766570851602
    },
    "min": {
      "trend_strength": 0.0,
      "trend_linearity": -0.024267006411357164,
      "seasonal_strength": 0.0,
      "seasonal_correlation": 0.5670970891020752,
      "residual_autocorr_lag1": 0.8877124153988912,
      "spectral_entropy": 463.3703410877561
    },
    "max": {
      "trend_strength": 0.9393916880148113,
      "trend_linearity": 0.027178435734497523,
      "seasonal_strength": 0.9771159117508226,
      "seasonal_correlation": 0.9959720979152036,
      "residual_autocorr_lag1": 0.9988611804484464,
      "spectral_entropy": 1804.3723770746822
    }
  },
  "window_results": [
    {
      "success": true,
      "window_idx": 0,
      "dataset": "weather",
      "metrics": {
        "trend_strength": 0.7475536252138419,
        "trend_linearity": -0.023474081011657835,
        "seasonal_strength": 0.9644477729194223,
        "seasonal_correlation": 0.9959720979152036,
        "residual_autocorr_lag1": 0.8877124153988912,
        "spectral_entropy": 1804.3723770746822
      },
      "n_series": 1
    },
    {
      "success": true,
      "window_idx": 1,
      "dataset": "weather",
      "metrics": {
        "trend_strength": 0.3085858528384613,
        "trend_linearity": 0.012347191227144215,
        "seasonal_strength": 0.7024240097041659,
        "seasonal_correlation": 0.9802501494856593,
        "residual_autocorr_lag1": 0.9727590276234922,
        "spectral_entropy": 1173.4316008812038
      },
      "n_series": 1
    },
    {
      "success": true,
      "window_idx": 10,
      "dataset": "weather",
      "metrics": {
        "trend_strength": 0.819149115669052,
        "trend_linearity": -0.018839582103445097,
        "seasonal_strength": 0.9592170628746846,
        "seasonal_correlation": 0.9922026945132009,
        "residual_autocorr_lag1": 0.9891284338884684,
        "spectral_entropy": 1165.8881075681684
      },
      "n_series": 1
    },
    {
      "success": true,
      "window_idx": 11,
      "dataset": "weather",
      "metrics": {
        "trend_strength": 0.7276443362379632,
        "trend_linearity": -0.014469710354960117,
        "seasonal_strength": 0.9478831899994791,
        "seasonal_correlation": 0.9907590764180855,
        "residual_autocorr_lag1": 0.9930340249151471,
        "spectral_entropy": 749.9742276636539
      },
      "n_series": 1
    },
    {
      "success": true,
      "window_idx": 12,
      "dataset": "weather",
      "metrics": {
        "trend_strength": 0.05464639965172613,
        "trend_linearity": -0.001992125806090705,
        "seasonal_strength": 0.19868655975896166,
        "seasonal_correlation": 0.8015318237963514,
        "residual_autocorr_lag1": 0.987125947395571,
        "spectral_entropy": 1146.2675129776726
      },
      "n_series": 1
    },
    {
      "success": true,
      "window_idx": 13,
      "dataset": "weather",
      "metrics": {
        "trend_strength": 0.47965477556596514,
        "trend_linearity": 0.023188365452139755,
        "seasonal_strength": 0.00597865212058768,
        "seasonal_correlation": 0.5781852640670054,
        "residual_autocorr_lag1": 0.9913377115901427,
        "spectral_entropy": 935.4572794331102
      },
      "n_series": 1
    },
    {
      "success": true,
      "window_idx": 14,
      "dataset": "weather",
      "metrics": {
        "trend_strength": 0.67344411276544,
        "trend_linearity": 0.011791487917405776,
        "seasonal_strength": 0.22621936774663232,
        "seasonal_correlation": 0.9111581047109926,
        "residual_autocorr_lag1": 0.9756732492773132,
        "spectral_entropy": 1285.8171236286917
      },
      "n_series": 1
    },
    {
      "success": true,
      "window_idx": 15,
      "dataset": "weather",
      "metrics": {
        "trend_strength": 0.558884362264247,
        "trend_linearity": 0.013377441602971192,
        "seasonal_strength": 0.05784458422033978,
        "seasonal_correlation": 0.9233690424537252,
        "residual_autocorr_lag1": 0.9988611804484464,
        "spectral_entropy": 1114.4636934986765
      },
      "n_series": 1
    },
    {
      "success": true,
      "window_idx": 16,
      "dataset": "weather",
      "metrics": {
        "trend_strength": 0.0,
        "trend_linearity": -0.0001520192543152149,
        "seasonal_strength": 0.08453393906963236,
        "seasonal_correlation": 0.8410719841570639,
        "residual_autocorr_lag1": 0.9224464649619508,
        "spectral_entropy": 1401.2869643595504
      },
      "n_series": 1
    },
    {
      "success": true,
      "window_idx": 17,
      "dataset": "weather",
      "metrics": {
        "trend_strength": 0.6933364204948338,
        "trend_linearity": 0.01634105843051368,
        "seasonal_strength": 0.19012994044440323,
        "seasonal_correlation": 0.6165534154451728,
        "residual_autocorr_lag1": 0.9829642728113531,
        "spectral_entropy": 1265.4549486895976
      },
      "n_series": 1
    },
    {
      "success": true,
      "window_idx": 18,
      "dataset": "weather",
      "metrics": {
        "trend_strength": 0.906858974918062,
        "trend_linearity": 0.027178435734497523,
        "seasonal_strength": 0.0,
        "seasonal_correlation": 0.86544549051457,
        "residual_autocorr_lag1": 0.9942082531240705,
        "spectral_entropy": 1205.3981279748937
      },
      "n_series": 1
    },
    {
      "success": true,
      "window_idx": 19,
      "dataset": "weather",
      "metrics": {
        "trend_strength": 0.9393916880148113,
        "trend_linearity": 0.012126293576608238,
        "seasonal_strength": 0.3751503448056508,
        "seasonal_correlation": 0.5670970891020752,
        "residual_autocorr_lag1": 0.9473047871431713,
        "spectral_entropy": 643.4572264086759
      },
      "n_series": 1
    },
    {
      "success": true,
      "window_idx": 2,
      "dataset": "weather",
      "metrics": {
        "trend_strength": 0.15873341338422808,
        "trend_linearity": 0.008849969357787976,
        "seasonal_strength": 0.5333643072941154,
        "seasonal_correlation": 0.90673849252417,
        "residual_autocorr_lag1": 0.9896546277218964,
        "spectral_entropy": 1311.4594860580141
      },
      "n_series": 1
    },
    {
      "success": true,
      "window_idx": 3,
      "dataset": "weather",
      "metrics": {
        "trend_strength": 0.003071384004467159,
        "trend_linearity": -0.012251535812959029,
        "seasonal_strength": 0.4220210432112971,
        "seasonal_correlation": 0.9112126817680949,
        "residual_autocorr_lag1": 0.9666057391382248,
        "spectral_entropy": 1749.3298157713189
      },
      "n_series": 1
    },
    {
      "success": true,
      "window_idx": 4,
      "dataset": "weather",
      "metrics": {
        "trend_strength": 0.8290834608471983,
        "trend_linearity": -0.024267006411357164,
        "seasonal_strength": 0.946011853889719,
        "seasonal_correlation": 0.9810108572520854,
        "residual_autocorr_lag1": 0.9560043440526724,
        "spectral_entropy": 502.51033987577114
      },
      "n_series": 1
    },
    {
      "success": true,
      "window_idx": 5,
      "dataset": "weather",